ISO-10303-21;
HEADER;
FILE_DESCRIPTION(('Open CASCADE Model'),'2;1');
FILE_NAME('Open CASCADE Shape Model','1980-01-01T00:00:00',('Author'),(
    'Open CASCADE'),'Open CASCADE STEP processor 7.9','Open CASCADE 7.9'
  ,'Unknown');
FILE_SCHEMA(('AUTOMOTIVE_DESIGN { 1 0 10303 214 1 1 1 1 }'));
ENDSEC;
DATA;
#1 = APPLICATION_PROTOCOL_DEFINITION('international standard',
  'automotive_design',2000,#2);
#2 = APPLICATION_CONTEXT(
  'core data for automotive mechanical design processes');
#3 = SHAPE_DEFINITION_REPRESENTATION(#4,#10);
#4 = PRODUCT_DEFINITION_SHAPE('','',#5);
#5 = PRODUCT_DEFINITION('design','',#6,#9);
#6 = PRODUCT_DEFINITION_FORMATION('','',#7);
#7 = PRODUCT('Open CASCADE STEP translator 7.9 87',
  'Open CASCADE STEP translator 7.9 87','',(#8));
#8 = PRODUCT_CONTEXT('',#2,'mechanical');
#9 = PRODUCT_DEFINITION_CONTEXT('part definition',#2,'design');
#10 = ADVANCED_BREP_SHAPE_REPRESENTATION('',(#11,#15),#5137);
#11 = AXIS2_PLACEMENT_3D('',#12,#13,#14);
#12 = CARTESIAN_POINT('',(0.,0.,0.));
#13 = DIRECTION('',(0.,0.,1.));
#14 = DIRECTION('',(1.,0.,-0.));
#15 = BREP_WITH_VOIDS('',#16,(#3799));
#16 = CLOSED_SHELL('',(#17,#199,#388,#471,#554,#733,#788,#843,#875,#1035
    ,#1086,#1309,#1340,#1510,#1566,#1647,#1674,#1816,#1867,#1929,#1933,
    #1937,#1970,#2020,#2120,#2227,#2281,#2331,#2386,#2419,#2490,#2540,
    #2640,#2740,#2794,#2821,#2827,#3028,#3122,#3176,#3226,#3280,#3286,
    #3482,#3536,#3564,#3613,#3640,#3647,#3702,#3757,#3785,#3791,#3795));
#17 = ADVANCED_FACE('',(#18,#137,#168),#32,.F.);
#18 = FACE_BOUND('',#19,.F.);
#19 = EDGE_LOOP('',(#20,#55,#83,#111));
#20 = ORIENTED_EDGE('',*,*,#21,.F.);
#21 = EDGE_CURVE('',#22,#24,#26,.T.);
#22 = VERTEX_POINT('',#23);
#23 = CARTESIAN_POINT('',(-153.,-14.8,259.17937536036));
#24 = VERTEX_POINT('',#25);
#25 = CARTESIAN_POINT('',(-153.,-14.8,274.77937536036));
#26 = SURFACE_CURVE('',#27,(#31,#43),.PCURVE_S1.);
#27 = LINE('',#28,#29);
#28 = CARTESIAN_POINT('',(-153.,-14.8,256.97937536036));
#29 = VECTOR('',#30,1.);
#30 = DIRECTION('',(0.,0.,1.));
#31 = PCURVE('',#32,#37);
#32 = PLANE('',#33);
#33 = AXIS2_PLACEMENT_3D('',#34,#35,#36);
#34 = CARTESIAN_POINT('',(-153.,-17.,256.97937536036));
#35 = DIRECTION('',(1.,0.,0.));
#36 = DIRECTION('',(0.,0.,1.));
#37 = DEFINITIONAL_REPRESENTATION('',(#38),#42);
#38 = LINE('',#39,#40);
#39 = CARTESIAN_POINT('',(0.,-2.2));
#40 = VECTOR('',#41,1.);
#41 = DIRECTION('',(1.,0.));
#42 = ( GEOMETRIC_REPRESENTATION_CONTEXT(2)
PARAMETRIC_REPRESENTATION_CONTEXT() REPRESENTATION_CONTEXT('2D SPACE',''
  ) );
#43 = PCURVE('',#44,#49);
#44 = CYLINDRICAL_SURFACE('',#45,2.2);
#45 = AXIS2_PLACEMENT_3D('',#46,#47,#48);
#46 = CARTESIAN_POINT('',(-150.8,-14.8,256.97937536036));
#47 = DIRECTION('',(0.,0.,1.));
#48 = DIRECTION('',(-1.,-0.,0.));
#49 = DEFINITIONAL_REPRESENTATION('',(#50),#54);
#50 = LINE('',#51,#52);
#51 = CARTESIAN_POINT('',(0.,0.));
#52 = VECTOR('',#53,1.);
#53 = DIRECTION('',(0.,1.));
#54 = ( GEOMETRIC_REPRESENTATION_CONTEXT(2)
PARAMETRIC_REPRESENTATION_CONTEXT() REPRESENTATION_CONTEXT('2D SPACE',''
  ) );
#55 = ORIENTED_EDGE('',*,*,#56,.T.);
#56 = EDGE_CURVE('',#22,#57,#59,.T.);
#57 = VERTEX_POINT('',#58);
#58 = CARTESIAN_POINT('',(-153.,14.8,259.17937536036));
#59 = SURFACE_CURVE('',#60,(#64,#71),.PCURVE_S1.);
#60 = LINE('',#61,#62);
#61 = CARTESIAN_POINT('',(-153.,-17.,259.17937536036));
#62 = VECTOR('',#63,1.);
#63 = DIRECTION('',(0.,1.,0.));
#64 = PCURVE('',#32,#65);
#65 = DEFINITIONAL_REPRESENTATION('',(#66),#70);
#66 = LINE('',#67,#68);
#67 = CARTESIAN_POINT('',(2.2,0.));
#68 = VECTOR('',#69,1.);
#69 = DIRECTION('',(0.,-1.));
#70 = ( GEOMETRIC_REPRESENTATION_CONTEXT(2)
PARAMETRIC_REPRESENTATION_CONTEXT() REPRESENTATION_CONTEXT('2D SPACE',''
  ) );
#71 = PCURVE('',#72,#77);
#72 = CYLINDRICAL_SURFACE('',#73,2.2);
#73 = AXIS2_PLACEMENT_3D('',#74,#75,#76);
#74 = CARTESIAN_POINT('',(-150.8,-17.,259.17937536036));
#75 = DIRECTION('',(0.,1.,0.));
#76 = DIRECTION('',(-1.,0.,0.));
#77 = DEFINITIONAL_REPRESENTATION('',(#78),#82);
#78 = LINE('',#79,#80);
#79 = CARTESIAN_POINT('',(-0.,0.));
#80 = VECTOR('',#81,1.);
#81 = DIRECTION('',(-0.,1.));
#82 = ( GEOMETRIC_REPRESENTATION_CONTEXT(2)
PARAMETRIC_REPRESENTATION_CONTEXT() REPRESENTATION_CONTEXT('2D SPACE',''
  ) );
#83 = ORIENTED_EDGE('',*,*,#84,.T.);
#84 = EDGE_CURVE('',#57,#85,#87,.T.);
#85 = VERTEX_POINT('',#86);
#86 = CARTESIAN_POINT('',(-153.,14.8,274.77937536036));
#87 = SURFACE_CURVE('',#88,(#92,#99),.PCURVE_S1.);
#88 = LINE('',#89,#90);
#89 = CARTESIAN_POINT('',(-153.,14.8,256.97937536036));
#90 = VECTOR('',#91,1.);
#91 = DIRECTION('',(0.,0.,1.));
#92 = PCURVE('',#32,#93);
#93 = DEFINITIONAL_REPRESENTATION('',(#94),#98);
#94 = LINE('',#95,#96);
#95 = CARTESIAN_POINT('',(0.,-31.8));
#96 = VECTOR('',#97,1.);
#97 = DIRECTION('',(1.,0.));
#98 = ( GEOMETRIC_REPRESENTATION_CONTEXT(2)
PARAMETRIC_REPRESENTATION_CONTEXT() REPRESENTATION_CONTEXT('2D SPACE',''
  ) );
#99 = PCURVE('',#100,#105);
#100 = CYLINDRICAL_SURFACE('',#101,2.2);
#101 = AXIS2_PLACEMENT_3D('',#102,#103,#104);
#102 = CARTESIAN_POINT('',(-150.8,14.8,256.97937536036));
#103 = DIRECTION('',(0.,0.,1.));
#104 = DIRECTION('',(-1.,-0.,0.));
#105 = DEFINITIONAL_REPRESENTATION('',(#106),#110);
#106 = LINE('',#107,#108);
#107 = CARTESIAN_POINT('',(-0.,0.));
#108 = VECTOR('',#109,1.);
#109 = DIRECTION('',(-0.,1.));
#110 = ( GEOMETRIC_REPRESENTATION_CONTEXT(2)
PARAMETRIC_REPRESENTATION_CONTEXT() REPRESENTATION_CONTEXT('2D SPACE',''
  ) );
#111 = ORIENTED_EDGE('',*,*,#112,.F.);
#112 = EDGE_CURVE('',#24,#85,#113,.T.);
#113 = SURFACE_CURVE('',#114,(#118,#125),.PCURVE_S1.);
#114 = LINE('',#115,#116);
#115 = CARTESIAN_POINT('',(-153.,-17.,274.77937536036));
#116 = VECTOR('',#117,1.);
#117 = DIRECTION('',(0.,1.,0.));
#118 = PCURVE('',#32,#119);
#119 = DEFINITIONAL_REPRESENTATION('',(#120),#124);
#120 = LINE('',#121,#122);
#121 = CARTESIAN_POINT('',(17.8,0.));
#122 = VECTOR('',#123,1.);
#123 = DIRECTION('',(0.,-1.));
#124 = ( GEOMETRIC_REPRESENTATION_CONTEXT(2)
PARAMETRIC_REPRESENTATION_CONTEXT() REPRESENTATION_CONTEXT('2D SPACE',''
  ) );
#125 = PCURVE('',#126,#131);
#126 = CYLINDRICAL_SURFACE('',#127,2.2);
#127 = AXIS2_PLACEMENT_3D('',#128,#129,#130);
#128 = CARTESIAN_POINT('',(-150.8,-17.,274.77937536036));
#129 = DIRECTION('',(0.,1.,0.));
#130 = DIRECTION('',(-1.,0.,0.));
#131 = DEFINITIONAL_REPRESENTATION('',(#132),#136);
#132 = LINE('',#133,#134);
#133 = CARTESIAN_POINT('',(0.,0.));
#134 = VECTOR('',#135,1.);
#135 = DIRECTION('',(0.,1.));
#136 = ( GEOMETRIC_REPRESENTATION_CONTEXT(2)
PARAMETRIC_REPRESENTATION_CONTEXT() REPRESENTATION_CONTEXT('2D SPACE',''
  ) );
#137 = FACE_BOUND('',#138,.F.);
#138 = EDGE_LOOP('',(#139));
#139 = ORIENTED_EDGE('',*,*,#140,.F.);
#140 = EDGE_CURVE('',#141,#141,#143,.T.);
#141 = VERTEX_POINT('',#142);
#142 = CARTESIAN_POINT('',(-153.,9.,269.15437536036));
#143 = SURFACE_CURVE('',#144,(#149,#156),.PCURVE_S1.);
#144 = CIRCLE('',#145,2.175);
#145 = AXIS2_PLACEMENT_3D('',#146,#147,#148);
#146 = CARTESIAN_POINT('',(-153.,9.,266.97937536036));
#147 = DIRECTION('',(1.,0.,0.));
#148 = DIRECTION('',(-0.,0.,1.));
#149 = PCURVE('',#32,#150);
#150 = DEFINITIONAL_REPRESENTATION('',(#151),#155);
#151 = CIRCLE('',#152,2.175);
#152 = AXIS2_PLACEMENT_2D('',#153,#154);
#153 = CARTESIAN_POINT('',(10.,-26.));
#154 = DIRECTION('',(1.,0.));
#155 = ( GEOMETRIC_REPRESENTATION_CONTEXT(2)
PARAMETRIC_REPRESENTATION_CONTEXT() REPRESENTATION_CONTEXT('2D SPACE',''
  ) );
#156 = PCURVE('',#157,#162);
#157 = CYLINDRICAL_SURFACE('',#158,2.175);
#158 = AXIS2_PLACEMENT_3D('',#159,#160,#161);
#159 = CARTESIAN_POINT('',(-155.,9.,266.97937536036));
#160 = DIRECTION('',(1.,0.,0.));
#161 = DIRECTION('',(-0.,0.,1.));
#162 = DEFINITIONAL_REPRESENTATION('',(#163),#167);
#163 = LINE('',#164,#165);
#164 = CARTESIAN_POINT('',(0.,2.));
#165 = VECTOR('',#166,1.);
#166 = DIRECTION('',(1.,0.));
#167 = ( GEOMETRIC_REPRESENTATION_CONTEXT(2)
PARAMETRIC_REPRESENTATION_CONTEXT() REPRESENTATION_CONTEXT('2D SPACE',''
  ) );
#168 = FACE_BOUND('',#169,.F.);
#169 = EDGE_LOOP('',(#170));
#170 = ORIENTED_EDGE('',*,*,#171,.F.);
#171 = EDGE_CURVE('',#172,#172,#174,.T.);
#172 = VERTEX_POINT('',#173);
#173 = CARTESIAN_POINT('',(-153.,-9.,269.15437536036));
#174 = SURFACE_CURVE('',#175,(#180,#187),.PCURVE_S1.);
#175 = CIRCLE('',#176,2.175);
#176 = AXIS2_PLACEMENT_3D('',#177,#178,#179);
#177 = CARTESIAN_POINT('',(-153.,-9.,266.97937536036));
#178 = DIRECTION('',(1.,0.,0.));
#179 = DIRECTION('',(-0.,0.,1.));
#180 = PCURVE('',#32,#181);
#181 = DEFINITIONAL_REPRESENTATION('',(#182),#186);
#182 = CIRCLE('',#183,2.175);
#183 = AXIS2_PLACEMENT_2D('',#184,#185);
#184 = CARTESIAN_POINT('',(10.,-8.));
#185 = DIRECTION('',(1.,0.));
#186 = ( GEOMETRIC_REPRESENTATION_CONTEXT(2)
PARAMETRIC_REPRESENTATION_CONTEXT() REPRESENTATION_CONTEXT('2D SPACE',''
  ) );
#187 = PCURVE('',#188,#193);
#188 = CYLINDRICAL_SURFACE('',#189,2.175);
#189 = AXIS2_PLACEMENT_3D('',#190,#191,#192);
#190 = CARTESIAN_POINT('',(-155.,-9.,266.97937536036));
#191 = DIRECTION('',(1.,0.,0.));
#192 = DIRECTION('',(-0.,0.,1.));
#193 = DEFINITIONAL_REPRESENTATION('',(#194),#198);
#194 = LINE('',#195,#196);
#195 = CARTESIAN_POINT('',(0.,2.));
#196 = VECTOR('',#197,1.);
#197 = DIRECTION('',(1.,0.));
#198 = ( GEOMETRIC_REPRESENTATION_CONTEXT(2)
PARAMETRIC_REPRESENTATION_CONTEXT() REPRESENTATION_CONTEXT('2D SPACE',''
  ) );
#199 = ADVANCED_FACE('',(#200),#44,.T.);
#200 = FACE_BOUND('',#201,.T.);
#201 = EDGE_LOOP('',(#202,#203,#232,#260,#333,#361));
#202 = ORIENTED_EDGE('',*,*,#21,.F.);
#203 = ORIENTED_EDGE('',*,*,#204,.T.);
#204 = EDGE_CURVE('',#22,#205,#207,.T.);
#205 = VERTEX_POINT('',#206);
#206 = CARTESIAN_POINT('',(-151.2829268292,-16.94634146341,
    259.17937536036));
#207 = SURFACE_CURVE('',#208,(#213,#220),.PCURVE_S1.);
#208 = CIRCLE('',#209,2.2);
#209 = AXIS2_PLACEMENT_3D('',#210,#211,#212);
#210 = CARTESIAN_POINT('',(-150.8,-14.8,259.17937536036));
#211 = DIRECTION('',(0.,0.,1.));
#212 = DIRECTION('',(-1.,0.,0.));
#213 = PCURVE('',#44,#214);
#214 = DEFINITIONAL_REPRESENTATION('',(#215),#219);
#215 = LINE('',#216,#217);
#216 = CARTESIAN_POINT('',(0.,2.2));
#217 = VECTOR('',#218,1.);
#218 = DIRECTION('',(1.,0.));
#219 = ( GEOMETRIC_REPRESENTATION_CONTEXT(2)
PARAMETRIC_REPRESENTATION_CONTEXT() REPRESENTATION_CONTEXT('2D SPACE',''
  ) );
#220 = PCURVE('',#221,#226);
#221 = SPHERICAL_SURFACE('',#222,2.2);
#222 = AXIS2_PLACEMENT_3D('',#223,#224,#225);
#223 = CARTESIAN_POINT('',(-150.8,-14.8,259.17937536036));
#224 = DIRECTION('',(0.,0.,1.));
#225 = DIRECTION('',(-1.,0.,0.));
#226 = DEFINITIONAL_REPRESENTATION('',(#227),#231);
#227 = LINE('',#228,#229);
#228 = CARTESIAN_POINT('',(0.,0.));
#229 = VECTOR('',#230,1.);
#230 = DIRECTION('',(1.,0.));
#231 = ( GEOMETRIC_REPRESENTATION_CONTEXT(2)
PARAMETRIC_REPRESENTATION_CONTEXT() REPRESENTATION_CONTEXT('2D SPACE',''
  ) );
#232 = ORIENTED_EDGE('',*,*,#233,.T.);
#233 = EDGE_CURVE('',#205,#234,#236,.T.);
#234 = VERTEX_POINT('',#235);
#235 = CARTESIAN_POINT('',(-151.2829268292,-16.94634146341,
    269.97937536036));
#236 = SURFACE_CURVE('',#237,(#241,#248),.PCURVE_S1.);
#237 = LINE('',#238,#239);
#238 = CARTESIAN_POINT('',(-151.2829268292,-16.94634146341,
    256.97937536036));
#239 = VECTOR('',#240,1.);
#240 = DIRECTION('',(0.,0.,1.));
#241 = PCURVE('',#44,#242);
#242 = DEFINITIONAL_REPRESENTATION('',(#243),#247);
#243 = LINE('',#244,#245);
#244 = CARTESIAN_POINT('',(1.349481884447,0.));
#245 = VECTOR('',#246,1.);
#246 = DIRECTION('',(0.,1.));
#247 = ( GEOMETRIC_REPRESENTATION_CONTEXT(2)
PARAMETRIC_REPRESENTATION_CONTEXT() REPRESENTATION_CONTEXT('2D SPACE',''
  ) );
#248 = PCURVE('',#249,#254);
#249 = CYLINDRICAL_SURFACE('',#250,3.);
#250 = AXIS2_PLACEMENT_3D('',#251,#252,#253);
#251 = CARTESIAN_POINT('',(-149.,-15.,224.97937536036));
#252 = DIRECTION('',(0.,0.,1.));
#253 = DIRECTION('',(-1.,-0.,0.));
#254 = DEFINITIONAL_REPRESENTATION('',(#255),#259);
#255 = LINE('',#256,#257);
#256 = CARTESIAN_POINT('',(0.705980775654,32.));
#257 = VECTOR('',#258,1.);
#258 = DIRECTION('',(0.,1.));
#259 = ( GEOMETRIC_REPRESENTATION_CONTEXT(2)
PARAMETRIC_REPRESENTATION_CONTEXT() REPRESENTATION_CONTEXT('2D SPACE',''
  ) );
#260 = ORIENTED_EDGE('',*,*,#261,.F.);
#261 = EDGE_CURVE('',#262,#234,#264,.T.);
#262 = VERTEX_POINT('',#263);
#263 = CARTESIAN_POINT('',(-150.8,-17.,271.30602527651));
#264 = SURFACE_CURVE('',#265,(#284,#306),.PCURVE_S1.);
#265 = B_SPLINE_CURVE_WITH_KNOTS('',5,(#266,#267,#268,#269,#270,#271,
    #272,#273,#274,#275,#276,#277,#278,#279,#280,#281,#282,#283),
  .UNSPECIFIED.,.F.,.F.,(6,4,4,4,6),(0.,0.230140497522,0.443005505137,
    0.658805242473,1.),.UNSPECIFIED.);
#266 = CARTESIAN_POINT('',(-150.8,-17.,271.30602527651));
#267 = CARTESIAN_POINT('',(-150.840927135,-17.,271.25049529668));
#268 = CARTESIAN_POINT('',(-150.8801875228,-16.99904804085,
    271.1941781505));
#269 = CARTESIAN_POINT('',(-150.9176628503,-16.99730006473,
    271.13709185272));
#270 = CARTESIAN_POINT('',(-150.953236055,-16.99491522465,
    271.07925923779));
#271 = CARTESIAN_POINT('',(-151.0178277701,-16.98941118064,
    270.96655183195));
#272 = CARTESIAN_POINT('',(-151.0471377163,-16.9863603371,
    270.91178143688));
#273 = CARTESIAN_POINT('',(-151.0746299434,-16.98303077458,
    270.85641930811));
#274 = CARTESIAN_POINT('',(-151.1002135724,-16.97955055267,
    270.80049511923));
#275 = CARTESIAN_POINT('',(-151.1477184096,-16.97248164557,
    270.68682228069));
#276 = CARTESIAN_POINT('',(-151.1695842249,-16.96889212393,
    270.62905919178));
#277 = CARTESIAN_POINT('',(-151.1893118467,-16.96539725626,
    270.57079984038));
#278 = CARTESIAN_POINT('',(-151.2068180375,-16.96211458011,
    270.51209632114));
#279 = CARTESIAN_POINT('',(-151.2460916885,-16.95443799799,
    270.35960054041));
#280 = CARTESIAN_POINT('',(-151.2644259347,-16.95050607269,
    270.2652340465));
#281 = CARTESIAN_POINT('',(-151.2767603525,-16.94772832298,
    270.17018733092));
#282 = CARTESIAN_POINT('',(-151.2829268292,-16.94634146341,
    270.07477784893));
#283 = CARTESIAN_POINT('',(-151.2829268292,-16.94634146341,
    269.97937536036));
#284 = PCURVE('',#44,#285);
#285 = DEFINITIONAL_REPRESENTATION('',(#286),#305);
#286 = B_SPLINE_CURVE_WITH_KNOTS('',5,(#287,#288,#289,#290,#291,#292,
    #293,#294,#295,#296,#297,#298,#299,#300,#301,#302,#303,#304),
  .UNSPECIFIED.,.F.,.F.,(6,4,4,4,6),(0.,0.230140497522,0.443005505137,
    0.658805242473,1.),.UNSPECIFIED.);
#287 = CARTESIAN_POINT('',(1.570796326795,14.326649916142));
#288 = CARTESIAN_POINT('',(1.552193083594,14.27111993632));
#289 = CARTESIAN_POINT('',(1.534347392389,14.214802790133));
#290 = CARTESIAN_POINT('',(1.517299852633,14.157716492351));
#291 = CARTESIAN_POINT('',(1.501096505662,14.099883877426));
#292 = CARTESIAN_POINT('',(1.471630233603,13.98717647158));
#293 = CARTESIAN_POINT('',(1.458237899567,13.932406076518));
#294 = CARTESIAN_POINT('',(1.445652132386,13.877043947747));
#295 = CARTESIAN_POINT('',(1.433917023561,13.821119758861));
#296 = CARTESIAN_POINT('',(1.412086160747,13.707446920321));
#297 = CARTESIAN_POINT('',(1.40201525431,13.649683831418));
#298 = CARTESIAN_POINT('',(1.39290922763,13.591424480015));
#299 = CARTESIAN_POINT('',(1.384813415687,13.532720960775));
#300 = CARTESIAN_POINT('',(1.366623931091,13.380225180044));
#301 = CARTESIAN_POINT('',(1.358102058364,13.285858686138));
#302 = CARTESIAN_POINT('',(1.352354765022,13.190811970554));
#303 = CARTESIAN_POINT('',(1.349481884447,13.095402488567));
#304 = CARTESIAN_POINT('',(1.349481884447,13.));
#305 = ( GEOMETRIC_REPRESENTATION_CONTEXT(2)
PARAMETRIC_REPRESENTATION_CONTEXT() REPRESENTATION_CONTEXT('2D SPACE',''
  ) );
#306 = PCURVE('',#307,#312);
#307 = SPHERICAL_SURFACE('',#308,3.);
#308 = AXIS2_PLACEMENT_3D('',#309,#310,#311);
#309 = CARTESIAN_POINT('',(-149.,-15.,269.97937536036));
#310 = DIRECTION('',(-0.,-0.,-1.));
#311 = DIRECTION('',(-1.,0.,0.));
#312 = DEFINITIONAL_REPRESENTATION('',(#313),#332);
#313 = B_SPLINE_CURVE_WITH_KNOTS('',5,(#314,#315,#316,#317,#318,#319,
    #320,#321,#322,#323,#324,#325,#326,#327,#328,#329,#330,#331),
  .UNSPECIFIED.,.F.,.F.,(6,4,4,4,6),(0.,0.230140497522,0.443005505137,
    0.658805242473,1.),.UNSPECIFIED.);
#314 = CARTESIAN_POINT('',(-0.837981225008,-0.458068593865));
#315 = CARTESIAN_POINT('',(-0.826675386599,-0.437431039393));
#316 = CARTESIAN_POINT('',(-0.815880888328,-0.416763388942));
#317 = CARTESIAN_POINT('',(-0.805610958363,-0.39605571264));
#318 = CARTESIAN_POINT('',(-0.795883541554,-0.375299700621));
#319 = CARTESIAN_POINT('',(-0.778246820768,-0.33523980538));
#320 = CARTESIAN_POINT('',(-0.770255831531,-0.315944038195));
#321 = CARTESIAN_POINT('',(-0.762765915763,-0.296596189422));
#322 = CARTESIAN_POINT('',(-0.7557977671,-0.277193275213));
#323 = CARTESIAN_POINT('',(-0.742858863983,-0.238008034243));
#324 = CARTESIAN_POINT('',(-0.736903194472,-0.218224193195));
#325 = CARTESIAN_POINT('',(-0.731527745791,-0.198383002318));
#326 = CARTESIAN_POINT('',(-0.726755273907,-0.178487137512));
#327 = CARTESIAN_POINT('',(-0.716043811326,-0.127009598891));
#328 = CARTESIAN_POINT('',(-0.711037919501,-9.535329875621E-02));
#329 = CARTESIAN_POINT('',(-0.707666206395,-6.360396770211E-02));
#330 = CARTESIAN_POINT('',(-0.705980775654,-3.180082952233E-02));
#331 = CARTESIAN_POINT('',(-0.705980775654,0.));
#332 = ( GEOMETRIC_REPRESENTATION_CONTEXT(2)
PARAMETRIC_REPRESENTATION_CONTEXT() REPRESENTATION_CONTEXT('2D SPACE',''
  ) );
#333 = ORIENTED_EDGE('',*,*,#334,.T.);
#334 = EDGE_CURVE('',#262,#335,#337,.T.);
#335 = VERTEX_POINT('',#336);
#336 = CARTESIAN_POINT('',(-150.8,-17.,274.77937536036));
#337 = SURFACE_CURVE('',#338,(#342,#349),.PCURVE_S1.);
#338 = LINE('',#339,#340);
#339 = CARTESIAN_POINT('',(-150.8,-17.,256.97937536036));
#340 = VECTOR('',#341,1.);
#341 = DIRECTION('',(0.,0.,1.));
#342 = PCURVE('',#44,#343);
#343 = DEFINITIONAL_REPRESENTATION('',(#344),#348);
#344 = LINE('',#345,#346);
#345 = CARTESIAN_POINT('',(1.570796326795,0.));
#346 = VECTOR('',#347,1.);
#347 = DIRECTION('',(0.,1.));
#348 = ( GEOMETRIC_REPRESENTATION_CONTEXT(2)
PARAMETRIC_REPRESENTATION_CONTEXT() REPRESENTATION_CONTEXT('2D SPACE',''
  ) );
#349 = PCURVE('',#350,#355);
#350 = PLANE('',#351);
#351 = AXIS2_PLACEMENT_3D('',#352,#353,#354);
#352 = CARTESIAN_POINT('',(-153.,-17.,256.97937536036));
#353 = DIRECTION('',(0.,1.,0.));
#354 = DIRECTION('',(0.,0.,1.));
#355 = DEFINITIONAL_REPRESENTATION('',(#356),#360);
#356 = LINE('',#357,#358);
#357 = CARTESIAN_POINT('',(0.,2.2));
#358 = VECTOR('',#359,1.);
#359 = DIRECTION('',(1.,0.));
#360 = ( GEOMETRIC_REPRESENTATION_CONTEXT(2)
PARAMETRIC_REPRESENTATION_CONTEXT() REPRESENTATION_CONTEXT('2D SPACE',''
  ) );
#361 = ORIENTED_EDGE('',*,*,#362,.F.);
#362 = EDGE_CURVE('',#24,#335,#363,.T.);
#363 = SURFACE_CURVE('',#364,(#369,#376),.PCURVE_S1.);
#364 = CIRCLE('',#365,2.2);
#365 = AXIS2_PLACEMENT_3D('',#366,#367,#368);
#366 = CARTESIAN_POINT('',(-150.8,-14.8,274.77937536036));
#367 = DIRECTION('',(0.,0.,1.));
#368 = DIRECTION('',(-1.,0.,0.));
#369 = PCURVE('',#44,#370);
#370 = DEFINITIONAL_REPRESENTATION('',(#371),#375);
#371 = LINE('',#372,#373);
#372 = CARTESIAN_POINT('',(0.,17.8));
#373 = VECTOR('',#374,1.);
#374 = DIRECTION('',(1.,0.));
#375 = ( GEOMETRIC_REPRESENTATION_CONTEXT(2)
PARAMETRIC_REPRESENTATION_CONTEXT() REPRESENTATION_CONTEXT('2D SPACE',''
  ) );
#376 = PCURVE('',#377,#382);
#377 = SPHERICAL_SURFACE('',#378,2.2);
#378 = AXIS2_PLACEMENT_3D('',#379,#380,#381);
#379 = CARTESIAN_POINT('',(-150.8,-14.8,274.77937536036));
#380 = DIRECTION('',(-0.,-0.,-1.));
#381 = DIRECTION('',(-1.,0.,0.));
#382 = DEFINITIONAL_REPRESENTATION('',(#383),#387);
#383 = LINE('',#384,#385);
#384 = CARTESIAN_POINT('',(-0.,0.));
#385 = VECTOR('',#386,1.);
#386 = DIRECTION('',(-1.,0.));
#387 = ( GEOMETRIC_REPRESENTATION_CONTEXT(2)
PARAMETRIC_REPRESENTATION_CONTEXT() REPRESENTATION_CONTEXT('2D SPACE',''
  ) );
#388 = ADVANCED_FACE('',(#389),#72,.T.);
#389 = FACE_BOUND('',#390,.F.);
#390 = EDGE_LOOP('',(#391,#415,#443,#470));
#391 = ORIENTED_EDGE('',*,*,#392,.F.);
#392 = EDGE_CURVE('',#393,#22,#395,.T.);
#393 = VERTEX_POINT('',#394);
#394 = CARTESIAN_POINT('',(-152.,-14.8,257.33546646891));
#395 = SURFACE_CURVE('',#396,(#401,#408),.PCURVE_S1.);
#396 = CIRCLE('',#397,2.2);
#397 = AXIS2_PLACEMENT_3D('',#398,#399,#400);
#398 = CARTESIAN_POINT('',(-150.8,-14.8,259.17937536036));
#399 = DIRECTION('',(0.,1.,-0.));
#400 = DIRECTION('',(-1.,0.,0.));
#401 = PCURVE('',#72,#402);
#402 = DEFINITIONAL_REPRESENTATION('',(#403),#407);
#403 = LINE('',#404,#405);
#404 = CARTESIAN_POINT('',(-6.28318530718,2.2));
#405 = VECTOR('',#406,1.);
#406 = DIRECTION('',(1.,-0.));
#407 = ( GEOMETRIC_REPRESENTATION_CONTEXT(2)
PARAMETRIC_REPRESENTATION_CONTEXT() REPRESENTATION_CONTEXT('2D SPACE',''
  ) );
#408 = PCURVE('',#221,#409);
#409 = DEFINITIONAL_REPRESENTATION('',(#410),#414);
#410 = LINE('',#411,#412);
#411 = CARTESIAN_POINT('',(0.,-6.28318530718));
#412 = VECTOR('',#413,1.);
#413 = DIRECTION('',(0.,1.));
#414 = ( GEOMETRIC_REPRESENTATION_CONTEXT(2)
PARAMETRIC_REPRESENTATION_CONTEXT() REPRESENTATION_CONTEXT('2D SPACE',''
  ) );
#415 = ORIENTED_EDGE('',*,*,#416,.T.);
#416 = EDGE_CURVE('',#393,#417,#419,.T.);
#417 = VERTEX_POINT('',#418);
#418 = CARTESIAN_POINT('',(-152.,14.8,257.33546646891));
#419 = SURFACE_CURVE('',#420,(#424,#431),.PCURVE_S1.);
#420 = LINE('',#421,#422);
#421 = CARTESIAN_POINT('',(-152.,-17.,257.33546646891));
#422 = VECTOR('',#423,1.);
#423 = DIRECTION('',(0.,1.,0.));
#424 = PCURVE('',#72,#425);
#425 = DEFINITIONAL_REPRESENTATION('',(#426),#430);
#426 = LINE('',#427,#428);
#427 = CARTESIAN_POINT('',(-0.993864981558,0.));
#428 = VECTOR('',#429,1.);
#429 = DIRECTION('',(-0.,1.));
#430 = ( GEOMETRIC_REPRESENTATION_CONTEXT(2)
PARAMETRIC_REPRESENTATION_CONTEXT() REPRESENTATION_CONTEXT('2D SPACE',''
  ) );
#431 = PCURVE('',#432,#437);
#432 = PLANE('',#433);
#433 = AXIS2_PLACEMENT_3D('',#434,#435,#436);
#434 = CARTESIAN_POINT('',(-152.,-18.,224.97937536036));
#435 = DIRECTION('',(1.,0.,0.));
#436 = DIRECTION('',(0.,0.,1.));
#437 = DEFINITIONAL_REPRESENTATION('',(#438),#442);
#438 = LINE('',#439,#440);
#439 = CARTESIAN_POINT('',(32.356091108541,-1.));
#440 = VECTOR('',#441,1.);
#441 = DIRECTION('',(0.,-1.));
#442 = ( GEOMETRIC_REPRESENTATION_CONTEXT(2)
PARAMETRIC_REPRESENTATION_CONTEXT() REPRESENTATION_CONTEXT('2D SPACE',''
  ) );
#443 = ORIENTED_EDGE('',*,*,#444,.T.);
#444 = EDGE_CURVE('',#417,#57,#445,.T.);
#445 = SURFACE_CURVE('',#446,(#451,#458),.PCURVE_S1.);
#446 = CIRCLE('',#447,2.2);
#447 = AXIS2_PLACEMENT_3D('',#448,#449,#450);
#448 = CARTESIAN_POINT('',(-150.8,14.8,259.17937536036));
#449 = DIRECTION('',(0.,1.,-0.));
#450 = DIRECTION('',(-1.,0.,0.));
#451 = PCURVE('',#72,#452);
#452 = DEFINITIONAL_REPRESENTATION('',(#453),#457);
#453 = LINE('',#454,#455);
#454 = CARTESIAN_POINT('',(-6.28318530718,31.8));
#455 = VECTOR('',#456,1.);
#456 = DIRECTION('',(1.,-0.));
#457 = ( GEOMETRIC_REPRESENTATION_CONTEXT(2)
PARAMETRIC_REPRESENTATION_CONTEXT() REPRESENTATION_CONTEXT('2D SPACE',''
  ) );
#458 = PCURVE('',#459,#464);
#459 = SPHERICAL_SURFACE('',#460,2.2);
#460 = AXIS2_PLACEMENT_3D('',#461,#462,#463);
#461 = CARTESIAN_POINT('',(-150.8,14.8,259.17937536036));
#462 = DIRECTION('',(0.,0.,1.));
#463 = DIRECTION('',(-1.,0.,0.));
#464 = DEFINITIONAL_REPRESENTATION('',(#465),#469);
#465 = LINE('',#466,#467);
#466 = CARTESIAN_POINT('',(-0.,-6.28318530718));
#467 = VECTOR('',#468,1.);
#468 = DIRECTION('',(-0.,1.));
#469 = ( GEOMETRIC_REPRESENTATION_CONTEXT(2)
PARAMETRIC_REPRESENTATION_CONTEXT() REPRESENTATION_CONTEXT('2D SPACE',''
  ) );
#470 = ORIENTED_EDGE('',*,*,#56,.F.);
#471 = ADVANCED_FACE('',(#472),#126,.T.);
#472 = FACE_BOUND('',#473,.T.);
#473 = EDGE_LOOP('',(#474,#498,#526,#553));
#474 = ORIENTED_EDGE('',*,*,#475,.F.);
#475 = EDGE_CURVE('',#476,#24,#478,.T.);
#476 = VERTEX_POINT('',#477);
#477 = CARTESIAN_POINT('',(-150.8,-14.8,276.97937536036));
#478 = SURFACE_CURVE('',#479,(#484,#491),.PCURVE_S1.);
#479 = CIRCLE('',#480,2.2);
#480 = AXIS2_PLACEMENT_3D('',#481,#482,#483);
#481 = CARTESIAN_POINT('',(-150.8,-14.8,274.77937536036));
#482 = DIRECTION('',(0.,-1.,0.));
#483 = DIRECTION('',(-1.,0.,0.));
#484 = PCURVE('',#126,#485);
#485 = DEFINITIONAL_REPRESENTATION('',(#486),#490);
#486 = LINE('',#487,#488);
#487 = CARTESIAN_POINT('',(6.28318530718,2.2));
#488 = VECTOR('',#489,1.);
#489 = DIRECTION('',(-1.,-0.));
#490 = ( GEOMETRIC_REPRESENTATION_CONTEXT(2)
PARAMETRIC_REPRESENTATION_CONTEXT() REPRESENTATION_CONTEXT('2D SPACE',''
  ) );
#491 = PCURVE('',#377,#492);
#492 = DEFINITIONAL_REPRESENTATION('',(#493),#497);
#493 = LINE('',#494,#495);
#494 = CARTESIAN_POINT('',(-0.,-6.28318530718));
#495 = VECTOR('',#496,1.);
#496 = DIRECTION('',(-0.,1.));
#497 = ( GEOMETRIC_REPRESENTATION_CONTEXT(2)
PARAMETRIC_REPRESENTATION_CONTEXT() REPRESENTATION_CONTEXT('2D SPACE',''
  ) );
#498 = ORIENTED_EDGE('',*,*,#499,.T.);
#499 = EDGE_CURVE('',#476,#500,#502,.T.);
#500 = VERTEX_POINT('',#501);
#501 = CARTESIAN_POINT('',(-150.8,14.8,276.97937536036));
#502 = SURFACE_CURVE('',#503,(#507,#514),.PCURVE_S1.);
#503 = LINE('',#504,#505);
#504 = CARTESIAN_POINT('',(-150.8,-17.,276.97937536036));
#505 = VECTOR('',#506,1.);
#506 = DIRECTION('',(0.,1.,0.));
#507 = PCURVE('',#126,#508);
#508 = DEFINITIONAL_REPRESENTATION('',(#509),#513);
#509 = LINE('',#510,#511);
#510 = CARTESIAN_POINT('',(1.570796326795,0.));
#511 = VECTOR('',#512,1.);
#512 = DIRECTION('',(0.,1.));
#513 = ( GEOMETRIC_REPRESENTATION_CONTEXT(2)
PARAMETRIC_REPRESENTATION_CONTEXT() REPRESENTATION_CONTEXT('2D SPACE',''
  ) );
#514 = PCURVE('',#515,#520);
#515 = PLANE('',#516);
#516 = AXIS2_PLACEMENT_3D('',#517,#518,#519);
#517 = CARTESIAN_POINT('',(-153.,-17.,276.97937536036));
#518 = DIRECTION('',(0.,0.,1.));
#519 = DIRECTION('',(1.,0.,0.));
#520 = DEFINITIONAL_REPRESENTATION('',(#521),#525);
#521 = LINE('',#522,#523);
#522 = CARTESIAN_POINT('',(2.2,0.));
#523 = VECTOR('',#524,1.);
#524 = DIRECTION('',(0.,1.));
#525 = ( GEOMETRIC_REPRESENTATION_CONTEXT(2)
PARAMETRIC_REPRESENTATION_CONTEXT() REPRESENTATION_CONTEXT('2D SPACE',''
  ) );
#526 = ORIENTED_EDGE('',*,*,#527,.F.);
#527 = EDGE_CURVE('',#85,#500,#528,.T.);
#528 = SURFACE_CURVE('',#529,(#534,#541),.PCURVE_S1.);
#529 = CIRCLE('',#530,2.2);
#530 = AXIS2_PLACEMENT_3D('',#531,#532,#533);
#531 = CARTESIAN_POINT('',(-150.8,14.8,274.77937536036));
#532 = DIRECTION('',(0.,1.,0.));
#533 = DIRECTION('',(-1.,0.,0.));
#534 = PCURVE('',#126,#535);
#535 = DEFINITIONAL_REPRESENTATION('',(#536),#540);
#536 = LINE('',#537,#538);
#537 = CARTESIAN_POINT('',(0.,31.8));
#538 = VECTOR('',#539,1.);
#539 = DIRECTION('',(1.,0.));
#540 = ( GEOMETRIC_REPRESENTATION_CONTEXT(2)
PARAMETRIC_REPRESENTATION_CONTEXT() REPRESENTATION_CONTEXT('2D SPACE',''
  ) );
#541 = PCURVE('',#542,#547);
#542 = SPHERICAL_SURFACE('',#543,2.2);
#543 = AXIS2_PLACEMENT_3D('',#544,#545,#546);
#544 = CARTESIAN_POINT('',(-150.8,14.8,274.77937536036));
#545 = DIRECTION('',(-0.,-1.,-0.));
#546 = DIRECTION('',(-1.,0.,0.));
#547 = DEFINITIONAL_REPRESENTATION('',(#548),#552);
#548 = LINE('',#549,#550);
#549 = CARTESIAN_POINT('',(-0.,0.));
#550 = VECTOR('',#551,1.);
#551 = DIRECTION('',(-1.,0.));
#552 = ( GEOMETRIC_REPRESENTATION_CONTEXT(2)
PARAMETRIC_REPRESENTATION_CONTEXT() REPRESENTATION_CONTEXT('2D SPACE',''
  ) );
#553 = ORIENTED_EDGE('',*,*,#112,.F.);
#554 = ADVANCED_FACE('',(#555),#100,.T.);
#555 = FACE_BOUND('',#556,.F.);
#556 = EDGE_LOOP('',(#557,#558,#582,#610,#683,#711));
#557 = ORIENTED_EDGE('',*,*,#84,.F.);
#558 = ORIENTED_EDGE('',*,*,#559,.T.);
#559 = EDGE_CURVE('',#57,#560,#562,.T.);
#560 = VERTEX_POINT('',#561);
#561 = CARTESIAN_POINT('',(-151.2829268292,16.946341463415,
    259.17937536036));
#562 = SURFACE_CURVE('',#563,(#568,#575),.PCURVE_S1.);
#563 = CIRCLE('',#564,2.2);
#564 = AXIS2_PLACEMENT_3D('',#565,#566,#567);
#565 = CARTESIAN_POINT('',(-150.8,14.8,259.17937536036));
#566 = DIRECTION('',(-0.,0.,-1.));
#567 = DIRECTION('',(-1.,0.,0.));
#568 = PCURVE('',#100,#569);
#569 = DEFINITIONAL_REPRESENTATION('',(#570),#574);
#570 = LINE('',#571,#572);
#571 = CARTESIAN_POINT('',(-0.,2.2));
#572 = VECTOR('',#573,1.);
#573 = DIRECTION('',(-1.,0.));
#574 = ( GEOMETRIC_REPRESENTATION_CONTEXT(2)
PARAMETRIC_REPRESENTATION_CONTEXT() REPRESENTATION_CONTEXT('2D SPACE',''
  ) );
#575 = PCURVE('',#459,#576);
#576 = DEFINITIONAL_REPRESENTATION('',(#577),#581);
#577 = LINE('',#578,#579);
#578 = CARTESIAN_POINT('',(-0.,0.));
#579 = VECTOR('',#580,1.);
#580 = DIRECTION('',(-1.,0.));
#581 = ( GEOMETRIC_REPRESENTATION_CONTEXT(2)
PARAMETRIC_REPRESENTATION_CONTEXT() REPRESENTATION_CONTEXT('2D SPACE',''
  ) );
#582 = ORIENTED_EDGE('',*,*,#583,.T.);
#583 = EDGE_CURVE('',#560,#584,#586,.T.);
#584 = VERTEX_POINT('',#585);
#585 = CARTESIAN_POINT('',(-151.2829268292,16.946341463415,
    269.97937536036));
#586 = SURFACE_CURVE('',#587,(#591,#598),.PCURVE_S1.);
#587 = LINE('',#588,#589);
#588 = CARTESIAN_POINT('',(-151.2829268292,16.946341463415,
    256.97937536036));
#589 = VECTOR('',#590,1.);
#590 = DIRECTION('',(0.,0.,1.));
#591 = PCURVE('',#100,#592);
#592 = DEFINITIONAL_REPRESENTATION('',(#593),#597);
#593 = LINE('',#594,#595);
#594 = CARTESIAN_POINT('',(-1.349481884447,0.));
#595 = VECTOR('',#596,1.);
#596 = DIRECTION('',(-0.,1.));
#597 = ( GEOMETRIC_REPRESENTATION_CONTEXT(2)
PARAMETRIC_REPRESENTATION_CONTEXT() REPRESENTATION_CONTEXT('2D SPACE',''
  ) );
#598 = PCURVE('',#599,#604);
#599 = CYLINDRICAL_SURFACE('',#600,3.);
#600 = AXIS2_PLACEMENT_3D('',#601,#602,#603);
#601 = CARTESIAN_POINT('',(-149.,15.,224.97937536036));
#602 = DIRECTION('',(0.,0.,1.));
#603 = DIRECTION('',(-1.,-0.,0.));
#604 = DEFINITIONAL_REPRESENTATION('',(#605),#609);
#605 = LINE('',#606,#607);
#606 = CARTESIAN_POINT('',(-0.705980775654,32.));
#607 = VECTOR('',#608,1.);
#608 = DIRECTION('',(-0.,1.));
#609 = ( GEOMETRIC_REPRESENTATION_CONTEXT(2)
PARAMETRIC_REPRESENTATION_CONTEXT() REPRESENTATION_CONTEXT('2D SPACE',''
  ) );
#610 = ORIENTED_EDGE('',*,*,#611,.F.);
#611 = EDGE_CURVE('',#612,#584,#614,.T.);
#612 = VERTEX_POINT('',#613);
#613 = CARTESIAN_POINT('',(-150.8,17.,271.30602527651));
#614 = SURFACE_CURVE('',#615,(#634,#656),.PCURVE_S1.);
#615 = B_SPLINE_CURVE_WITH_KNOTS('',5,(#616,#617,#618,#619,#620,#621,
    #622,#623,#624,#625,#626,#627,#628,#629,#630,#631,#632,#633),
  .UNSPECIFIED.,.F.,.F.,(6,4,4,4,6),(0.,0.230523465868,0.443554599544,
    0.659278605054,1.),.UNSPECIFIED.);
#616 = CARTESIAN_POINT('',(-150.8,17.,271.30602527651));
#617 = CARTESIAN_POINT('',(-150.8409201866,17.,271.25050472427));
#618 = CARTESIAN_POINT('',(-150.8801730728,16.99904844216,
    271.19419888283));
#619 = CARTESIAN_POINT('',(-150.9176459115,16.997300974156,
    271.13711827612));
#620 = CARTESIAN_POINT('',(-150.9532241291,16.994916240892,
    271.0792800475));
#621 = CARTESIAN_POINT('',(-151.0178114117,16.989412574588,
    270.96658037599));
#622 = CARTESIAN_POINT('',(-151.0471139894,16.986362945009,
    270.91182666123));
#623 = CARTESIAN_POINT('',(-151.074607826,16.983033698086,
    270.85646623176));
#624 = CARTESIAN_POINT('',(-151.1002002056,16.979552541713,
    270.80052710429));
#625 = CARTESIAN_POINT('',(-151.1477049099,16.972483654388,
    270.68685458377));
#626 = CARTESIAN_POINT('',(-151.1695665762,16.968895131095,
    270.62910756824));
#627 = CARTESIAN_POINT('',(-151.189297092,16.965399996611,
    270.57084744549));
#628 = CARTESIAN_POINT('',(-151.2068100854,16.96211613448,
    270.51212719862));
#629 = CARTESIAN_POINT('',(-151.2460793056,16.954440418412,
    270.35964862218));
#630 = CARTESIAN_POINT('',(-151.2644158619,16.95050839254,
    270.26529720981));
#631 = CARTESIAN_POINT('',(-151.2767571141,16.947729036536,
    270.1702382504));
#632 = CARTESIAN_POINT('',(-151.2829268292,16.946341463415,
    270.07480344395));
#633 = CARTESIAN_POINT('',(-151.2829268292,16.946341463415,
    269.97937536036));
#634 = PCURVE('',#100,#635);
#635 = DEFINITIONAL_REPRESENTATION('',(#636),#655);
#636 = B_SPLINE_CURVE_WITH_KNOTS('',5,(#637,#638,#639,#640,#641,#642,
    #643,#644,#645,#646,#647,#648,#649,#650,#651,#652,#653,#654),
  .UNSPECIFIED.,.F.,.F.,(6,4,4,4,6),(0.,0.230523465868,0.443554599544,
    0.659278605054,1.),.UNSPECIFIED.);
#637 = CARTESIAN_POINT('',(-1.570796326795,14.326649916142));
#638 = CARTESIAN_POINT('',(-1.552196241954,14.271129363906));
#639 = CARTESIAN_POINT('',(-1.534353960068,14.214823522469));
#640 = CARTESIAN_POINT('',(-1.517307561383,14.157742915751));
#641 = CARTESIAN_POINT('',(-1.501101946162,14.09990468714));
#642 = CARTESIAN_POINT('',(-1.47163769617,13.987205015627));
#643 = CARTESIAN_POINT('',(-1.458248746155,13.932451300867));
#644 = CARTESIAN_POINT('',(-1.445662271787,13.87709087139));
#645 = CARTESIAN_POINT('',(-1.433923166292,13.821151743928));
#646 = CARTESIAN_POINT('',(-1.412092364553,13.707479223407));
#647 = CARTESIAN_POINT('',(-1.402023390394,13.649732207878));
#648 = CARTESIAN_POINT('',(-1.392916048796,13.591472085125));
#649 = CARTESIAN_POINT('',(-1.38481709871,13.532751838254));
#650 = CARTESIAN_POINT('',(-1.366629666218,13.380273261814));
#651 = CARTESIAN_POINT('',(-1.358106754929,13.285921849442));
#652 = CARTESIAN_POINT('',(-1.352356273099,13.190862890032));
#653 = CARTESIAN_POINT('',(-1.349481884447,13.095428083588));
#654 = CARTESIAN_POINT('',(-1.349481884447,13.));
#655 = ( GEOMETRIC_REPRESENTATION_CONTEXT(2)
PARAMETRIC_REPRESENTATION_CONTEXT() REPRESENTATION_CONTEXT('2D SPACE',''
  ) );
#656 = PCURVE('',#657,#662);
#657 = SPHERICAL_SURFACE('',#658,3.);
#658 = AXIS2_PLACEMENT_3D('',#659,#660,#661);
#659 = CARTESIAN_POINT('',(-149.,15.,269.97937536036));
#660 = DIRECTION('',(-0.,-1.,-0.));
#661 = DIRECTION('',(-1.,0.,0.));
#662 = DEFINITIONAL_REPRESENTATION('',(#663),#682);
#663 = B_SPLINE_CURVE_WITH_KNOTS('',5,(#664,#665,#666,#667,#668,#669,
    #670,#671,#672,#673,#674,#675,#676,#677,#678,#679,#680,#681),
  .UNSPECIFIED.,.F.,.F.,(6,4,4,4,6),(0.,0.230523465868,0.443554599544,
    0.659278605054,1.),.UNSPECIFIED.);
#664 = CARTESIAN_POINT('',(-0.635147031655,-0.729727656227));
#665 = CARTESIAN_POINT('',(-0.604302280413,-0.729727656227));
#666 = CARTESIAN_POINT('',(-0.573617209995,-0.729301997982));
#667 = CARTESIAN_POINT('',(-0.543123120849,-0.728520735502));
#668 = CARTESIAN_POINT('',(-0.512837300983,-0.727455711845));
#669 = CARTESIAN_POINT('',(-0.454970814528,-0.725002166165));
#670 = CARTESIAN_POINT('',(-0.427359519636,-0.723644172387));
#671 = CARTESIAN_POINT('',(-0.39993199894,-0.722164024565));
#672 = CARTESIAN_POINT('',(-0.372682505233,-0.72061918107));
#673 = CARTESIAN_POINT('',(-0.318172359909,-0.717487570992));
#674 = CARTESIAN_POINT('',(-0.290915978481,-0.715900521772));
#675 = CARTESIAN_POINT('',(-0.263816971195,-0.714357648286));
#676 = CARTESIAN_POINT('',(-0.236856365056,-0.712910409786));
#677 = CARTESIAN_POINT('',(-0.167614208782,-0.709531943241));
#678 = CARTESIAN_POINT('',(-0.125504359912,-0.707805896909));
#679 = CARTESIAN_POINT('',(-8.360437342736E-02,-0.706588620955));
#680 = CARTESIAN_POINT('',(-4.180076311027E-02,-0.705980775654));
#681 = CARTESIAN_POINT('',(0.,-0.705980775654));
#682 = ( GEOMETRIC_REPRESENTATION_CONTEXT(2)
PARAMETRIC_REPRESENTATION_CONTEXT() REPRESENTATION_CONTEXT('2D SPACE',''
  ) );
#683 = ORIENTED_EDGE('',*,*,#684,.T.);
#684 = EDGE_CURVE('',#612,#685,#687,.T.);
#685 = VERTEX_POINT('',#686);
#686 = CARTESIAN_POINT('',(-150.8,17.,274.77937536036));
#687 = SURFACE_CURVE('',#688,(#692,#699),.PCURVE_S1.);
#688 = LINE('',#689,#690);
#689 = CARTESIAN_POINT('',(-150.8,17.,256.97937536036));
#690 = VECTOR('',#691,1.);
#691 = DIRECTION('',(0.,0.,1.));
#692 = PCURVE('',#100,#693);
#693 = DEFINITIONAL_REPRESENTATION('',(#694),#698);
#694 = LINE('',#695,#696);
#695 = CARTESIAN_POINT('',(-1.570796326795,0.));
#696 = VECTOR('',#697,1.);
#697 = DIRECTION('',(-0.,1.));
#698 = ( GEOMETRIC_REPRESENTATION_CONTEXT(2)
PARAMETRIC_REPRESENTATION_CONTEXT() REPRESENTATION_CONTEXT('2D SPACE',''
  ) );
#699 = PCURVE('',#700,#705);
#700 = PLANE('',#701);
#701 = AXIS2_PLACEMENT_3D('',#702,#703,#704);
#702 = CARTESIAN_POINT('',(-153.,17.,256.97937536036));
#703 = DIRECTION('',(0.,1.,0.));
#704 = DIRECTION('',(0.,0.,1.));
#705 = DEFINITIONAL_REPRESENTATION('',(#706),#710);
#706 = LINE('',#707,#708);
#707 = CARTESIAN_POINT('',(0.,2.2));
#708 = VECTOR('',#709,1.);
#709 = DIRECTION('',(1.,0.));
#710 = ( GEOMETRIC_REPRESENTATION_CONTEXT(2)
PARAMETRIC_REPRESENTATION_CONTEXT() REPRESENTATION_CONTEXT('2D SPACE',''
  ) );
#711 = ORIENTED_EDGE('',*,*,#712,.T.);
#712 = EDGE_CURVE('',#685,#85,#713,.T.);
#713 = SURFACE_CURVE('',#714,(#719,#726),.PCURVE_S1.);
#714 = CIRCLE('',#715,2.2);
#715 = AXIS2_PLACEMENT_3D('',#716,#717,#718);
#716 = CARTESIAN_POINT('',(-150.8,14.8,274.77937536036));
#717 = DIRECTION('',(0.,0.,1.));
#718 = DIRECTION('',(-1.,0.,0.));
#719 = PCURVE('',#100,#720);
#720 = DEFINITIONAL_REPRESENTATION('',(#721),#725);
#721 = LINE('',#722,#723);
#722 = CARTESIAN_POINT('',(-6.28318530718,17.8));
#723 = VECTOR('',#724,1.);
#724 = DIRECTION('',(1.,-0.));
#725 = ( GEOMETRIC_REPRESENTATION_CONTEXT(2)
PARAMETRIC_REPRESENTATION_CONTEXT() REPRESENTATION_CONTEXT('2D SPACE',''
  ) );
#726 = PCURVE('',#542,#727);
#727 = DEFINITIONAL_REPRESENTATION('',(#728),#732);
#728 = LINE('',#729,#730);
#729 = CARTESIAN_POINT('',(-0.,-6.28318530718));
#730 = VECTOR('',#731,1.);
#731 = DIRECTION('',(-0.,1.));
#732 = ( GEOMETRIC_REPRESENTATION_CONTEXT(2)
PARAMETRIC_REPRESENTATION_CONTEXT() REPRESENTATION_CONTEXT('2D SPACE',''
  ) );
#733 = ADVANCED_FACE('',(#734),#157,.F.);
#734 = FACE_BOUND('',#735,.F.);
#735 = EDGE_LOOP('',(#736,#765,#786,#787));
#736 = ORIENTED_EDGE('',*,*,#737,.F.);
#737 = EDGE_CURVE('',#738,#738,#740,.T.);
#738 = VERTEX_POINT('',#739);
#739 = CARTESIAN_POINT('',(-152.,9.,269.15437536036));
#740 = SURFACE_CURVE('',#741,(#746,#753),.PCURVE_S1.);
#741 = CIRCLE('',#742,2.175);
#742 = AXIS2_PLACEMENT_3D('',#743,#744,#745);
#743 = CARTESIAN_POINT('',(-152.,9.,266.97937536036));
#744 = DIRECTION('',(1.,0.,0.));
#745 = DIRECTION('',(-0.,0.,1.));
#746 = PCURVE('',#157,#747);
#747 = DEFINITIONAL_REPRESENTATION('',(#748),#752);
#748 = LINE('',#749,#750);
#749 = CARTESIAN_POINT('',(0.,3.));
#750 = VECTOR('',#751,1.);
#751 = DIRECTION('',(1.,0.));
#752 = ( GEOMETRIC_REPRESENTATION_CONTEXT(2)
PARAMETRIC_REPRESENTATION_CONTEXT() REPRESENTATION_CONTEXT('2D SPACE',''
  ) );
#753 = PCURVE('',#754,#759);
#754 = PLANE('',#755);
#755 = AXIS2_PLACEMENT_3D('',#756,#757,#758);
#756 = CARTESIAN_POINT('',(-152.,-18.,224.97937536036));
#757 = DIRECTION('',(1.,0.,0.));
#758 = DIRECTION('',(0.,0.,1.));
#759 = DEFINITIONAL_REPRESENTATION('',(#760),#764);
#760 = CIRCLE('',#761,2.175);
#761 = AXIS2_PLACEMENT_2D('',#762,#763);
#762 = CARTESIAN_POINT('',(42.,-27.));
#763 = DIRECTION('',(1.,0.));
#764 = ( GEOMETRIC_REPRESENTATION_CONTEXT(2)
PARAMETRIC_REPRESENTATION_CONTEXT() REPRESENTATION_CONTEXT('2D SPACE',''
  ) );
#765 = ORIENTED_EDGE('',*,*,#766,.F.);
#766 = EDGE_CURVE('',#141,#738,#767,.T.);
#767 = SEAM_CURVE('',#768,(#772,#779),.PCURVE_S1.);
#768 = LINE('',#769,#770);
#769 = CARTESIAN_POINT('',(-155.,9.,269.15437536036));
#770 = VECTOR('',#771,1.);
#771 = DIRECTION('',(1.,0.,0.));
#772 = PCURVE('',#157,#773);
#773 = DEFINITIONAL_REPRESENTATION('',(#774),#778);
#774 = LINE('',#775,#776);
#775 = CARTESIAN_POINT('',(6.28318530718,-0.));
#776 = VECTOR('',#777,1.);
#777 = DIRECTION('',(0.,1.));
#778 = ( GEOMETRIC_REPRESENTATION_CONTEXT(2)
PARAMETRIC_REPRESENTATION_CONTEXT() REPRESENTATION_CONTEXT('2D SPACE',''
  ) );
#779 = PCURVE('',#157,#780);
#780 = DEFINITIONAL_REPRESENTATION('',(#781),#785);
#781 = LINE('',#782,#783);
#782 = CARTESIAN_POINT('',(0.,-0.));
#783 = VECTOR('',#784,1.);
#784 = DIRECTION('',(0.,1.));
#785 = ( GEOMETRIC_REPRESENTATION_CONTEXT(2)
PARAMETRIC_REPRESENTATION_CONTEXT() REPRESENTATION_CONTEXT('2D SPACE',''
  ) );
#786 = ORIENTED_EDGE('',*,*,#140,.T.);
#787 = ORIENTED_EDGE('',*,*,#766,.T.);
#788 = ADVANCED_FACE('',(#789),#188,.F.);
#789 = FACE_BOUND('',#790,.F.);
#790 = EDGE_LOOP('',(#791,#820,#841,#842));
#791 = ORIENTED_EDGE('',*,*,#792,.F.);
#792 = EDGE_CURVE('',#793,#793,#795,.T.);
#793 = VERTEX_POINT('',#794);
#794 = CARTESIAN_POINT('',(-152.,-9.,269.15437536036));
#795 = SURFACE_CURVE('',#796,(#801,#808),.PCURVE_S1.);
#796 = CIRCLE('',#797,2.175);
#797 = AXIS2_PLACEMENT_3D('',#798,#799,#800);
#798 = CARTESIAN_POINT('',(-152.,-9.,266.97937536036));
#799 = DIRECTION('',(1.,0.,0.));
#800 = DIRECTION('',(-0.,0.,1.));
#801 = PCURVE('',#188,#802);
#802 = DEFINITIONAL_REPRESENTATION('',(#803),#807);
#803 = LINE('',#804,#805);
#804 = CARTESIAN_POINT('',(0.,3.));
#805 = VECTOR('',#806,1.);
#806 = DIRECTION('',(1.,0.));
#807 = ( GEOMETRIC_REPRESENTATION_CONTEXT(2)
PARAMETRIC_REPRESENTATION_CONTEXT() REPRESENTATION_CONTEXT('2D SPACE',''
  ) );
#808 = PCURVE('',#809,#814);
#809 = PLANE('',#810);
#810 = AXIS2_PLACEMENT_3D('',#811,#812,#813);
#811 = CARTESIAN_POINT('',(-152.,-18.,224.97937536036));
#812 = DIRECTION('',(1.,0.,0.));
#813 = DIRECTION('',(0.,0.,1.));
#814 = DEFINITIONAL_REPRESENTATION('',(#815),#819);
#815 = CIRCLE('',#816,2.175);
#816 = AXIS2_PLACEMENT_2D('',#817,#818);
#817 = CARTESIAN_POINT('',(42.,-9.));
#818 = DIRECTION('',(1.,0.));
#819 = ( GEOMETRIC_REPRESENTATION_CONTEXT(2)
PARAMETRIC_REPRESENTATION_CONTEXT() REPRESENTATION_CONTEXT('2D SPACE',''
  ) );
#820 = ORIENTED_EDGE('',*,*,#821,.F.);
#821 = EDGE_CURVE('',#172,#793,#822,.T.);
#822 = SEAM_CURVE('',#823,(#827,#834),.PCURVE_S1.);
#823 = LINE('',#824,#825);
#824 = CARTESIAN_POINT('',(-155.,-9.,269.15437536036));
#825 = VECTOR('',#826,1.);
#826 = DIRECTION('',(1.,0.,0.));
#827 = PCURVE('',#188,#828);
#828 = DEFINITIONAL_REPRESENTATION('',(#829),#833);
#829 = LINE('',#830,#831);
#830 = CARTESIAN_POINT('',(6.28318530718,-0.));
#831 = VECTOR('',#832,1.);
#832 = DIRECTION('',(0.,1.));
#833 = ( GEOMETRIC_REPRESENTATION_CONTEXT(2)
PARAMETRIC_REPRESENTATION_CONTEXT() REPRESENTATION_CONTEXT('2D SPACE',''
  ) );
#834 = PCURVE('',#188,#835);
#835 = DEFINITIONAL_REPRESENTATION('',(#836),#840);
#836 = LINE('',#837,#838);
#837 = CARTESIAN_POINT('',(0.,-0.));
#838 = VECTOR('',#839,1.);
#839 = DIRECTION('',(0.,1.));
#840 = ( GEOMETRIC_REPRESENTATION_CONTEXT(2)
PARAMETRIC_REPRESENTATION_CONTEXT() REPRESENTATION_CONTEXT('2D SPACE',''
  ) );
#841 = ORIENTED_EDGE('',*,*,#171,.T.);
#842 = ORIENTED_EDGE('',*,*,#821,.T.);
#843 = ADVANCED_FACE('',(#844),#377,.T.);
#844 = FACE_BOUND('',#845,.F.);
#845 = EDGE_LOOP('',(#846,#847,#874));
#846 = ORIENTED_EDGE('',*,*,#475,.F.);
#847 = ORIENTED_EDGE('',*,*,#848,.T.);
#848 = EDGE_CURVE('',#476,#335,#849,.T.);
#849 = SURFACE_CURVE('',#850,(#855,#862),.PCURVE_S1.);
#850 = CIRCLE('',#851,2.2);
#851 = AXIS2_PLACEMENT_3D('',#852,#853,#854);
#852 = CARTESIAN_POINT('',(-150.8,-14.8,274.77937536036));
#853 = DIRECTION('',(1.,-6.123233995737E-17,0.));
#854 = DIRECTION('',(-6.123233995737E-17,-1.,0.));
#855 = PCURVE('',#377,#856);
#856 = DEFINITIONAL_REPRESENTATION('',(#857),#861);
#857 = LINE('',#858,#859);
#858 = CARTESIAN_POINT('',(-1.570796326795,-6.28318530718));
#859 = VECTOR('',#860,1.);
#860 = DIRECTION('',(-0.,1.));
#861 = ( GEOMETRIC_REPRESENTATION_CONTEXT(2)
PARAMETRIC_REPRESENTATION_CONTEXT() REPRESENTATION_CONTEXT('2D SPACE',''
  ) );
#862 = PCURVE('',#863,#868);
#863 = CYLINDRICAL_SURFACE('',#864,2.2);
#864 = AXIS2_PLACEMENT_3D('',#865,#866,#867);
#865 = CARTESIAN_POINT('',(-153.,-14.8,274.77937536036));
#866 = DIRECTION('',(1.,0.,0.));
#867 = DIRECTION('',(0.,-1.,0.));
#868 = DEFINITIONAL_REPRESENTATION('',(#869),#873);
#869 = LINE('',#870,#871);
#870 = CARTESIAN_POINT('',(-6.28318530718,2.2));
#871 = VECTOR('',#872,1.);
#872 = DIRECTION('',(1.,-0.));
#873 = ( GEOMETRIC_REPRESENTATION_CONTEXT(2)
PARAMETRIC_REPRESENTATION_CONTEXT() REPRESENTATION_CONTEXT('2D SPACE',''
  ) );
#874 = ORIENTED_EDGE('',*,*,#362,.F.);
#875 = ADVANCED_FACE('',(#876),#350,.F.);
#876 = FACE_BOUND('',#877,.F.);
#877 = EDGE_LOOP('',(#878,#915,#916,#939,#967,#1009));
#878 = ORIENTED_EDGE('',*,*,#879,.F.);
#879 = EDGE_CURVE('',#262,#880,#882,.T.);
#880 = VERTEX_POINT('',#881);
#881 = CARTESIAN_POINT('',(-149.,-17.,272.21544333786));
#882 = SURFACE_CURVE('',#883,(#888,#895),.PCURVE_S1.);
#883 = CIRCLE('',#884,2.2360679775);
#884 = AXIS2_PLACEMENT_3D('',#885,#886,#887);
#885 = CARTESIAN_POINT('',(-149.,-17.,269.97937536036));
#886 = DIRECTION('',(0.,1.,0.));
#887 = DIRECTION('',(0.,-0.,1.));
#888 = PCURVE('',#350,#889);
#889 = DEFINITIONAL_REPRESENTATION('',(#890),#894);
#890 = CIRCLE('',#891,2.2360679775);
#891 = AXIS2_PLACEMENT_2D('',#892,#893);
#892 = CARTESIAN_POINT('',(13.,4.));
#893 = DIRECTION('',(1.,0.));
#894 = ( GEOMETRIC_REPRESENTATION_CONTEXT(2)
PARAMETRIC_REPRESENTATION_CONTEXT() REPRESENTATION_CONTEXT('2D SPACE',''
  ) );
#895 = PCURVE('',#307,#896);
#896 = DEFINITIONAL_REPRESENTATION('',(#897),#914);
#897 = B_SPLINE_CURVE_WITH_KNOTS('',8,(#898,#899,#900,#901,#902,#903,
    #904,#905,#906,#907,#908,#909,#910,#911,#912,#913),.UNSPECIFIED.,.F.
  ,.F.,(9,7,9),(5.34753601204,5.81536065961,6.28318530718),
  .UNSPECIFIED.);
#898 = CARTESIAN_POINT('',(-0.837981225008,-0.458068593865));
#899 = CARTESIAN_POINT('',(-0.859412147987,-0.497188367591));
#900 = CARTESIAN_POINT('',(-0.883731100893,-0.535243514024));
#901 = CARTESIAN_POINT('',(-0.91116975249,-0.57203945718));
#902 = CARTESIAN_POINT('',(-0.941984572425,-0.607350363843));
#903 = CARTESIAN_POINT('',(-0.976449751794,-0.640914382633));
#904 = CARTESIAN_POINT('',(-1.014825119665,-0.67242401713));
#905 = CARTESIAN_POINT('',(-1.057287775918,-0.701527045657));
#906 = CARTESIAN_POINT('',(-1.150344545674,-0.754179754936));
#907 = CARTESIAN_POINT('',(-1.200938644905,-0.77772948511));
#908 = CARTESIAN_POINT('',(-1.25557939949,-0.798132438354));
#909 = CARTESIAN_POINT('',(-1.31404591391,-0.815002230782));
#910 = CARTESIAN_POINT('',(-1.3758465728,-0.827960368549));
#911 = CARTESIAN_POINT('',(-1.440035494927,-0.836699118337));
#912 = CARTESIAN_POINT('',(-1.5054158447,-0.841068670568));
#913 = CARTESIAN_POINT('',(-1.570796326795,-0.841068670568));
#914 = ( GEOMETRIC_REPRESENTATION_CONTEXT(2)
PARAMETRIC_REPRESENTATION_CONTEXT() REPRESENTATION_CONTEXT('2D SPACE',''
  ) );
#915 = ORIENTED_EDGE('',*,*,#334,.T.);
#916 = ORIENTED_EDGE('',*,*,#917,.T.);
#917 = EDGE_CURVE('',#335,#918,#920,.T.);
#918 = VERTEX_POINT('',#919);
#919 = CARTESIAN_POINT('',(-141.2,-17.,274.77937536036));
#920 = SURFACE_CURVE('',#921,(#925,#932),.PCURVE_S1.);
#921 = LINE('',#922,#923);
#922 = CARTESIAN_POINT('',(-153.,-17.,274.77937536036));
#923 = VECTOR('',#924,1.);
#924 = DIRECTION('',(1.,0.,0.));
#925 = PCURVE('',#350,#926);
#926 = DEFINITIONAL_REPRESENTATION('',(#927),#931);
#927 = LINE('',#928,#929);
#928 = CARTESIAN_POINT('',(17.8,0.));
#929 = VECTOR('',#930,1.);
#930 = DIRECTION('',(0.,1.));
#931 = ( GEOMETRIC_REPRESENTATION_CONTEXT(2)
PARAMETRIC_REPRESENTATION_CONTEXT() REPRESENTATION_CONTEXT('2D SPACE',''
  ) );
#932 = PCURVE('',#863,#933);
#933 = DEFINITIONAL_REPRESENTATION('',(#934),#938);
#934 = LINE('',#935,#936);
#935 = CARTESIAN_POINT('',(-0.,0.));
#936 = VECTOR('',#937,1.);
#937 = DIRECTION('',(-0.,1.));
#938 = ( GEOMETRIC_REPRESENTATION_CONTEXT(2)
PARAMETRIC_REPRESENTATION_CONTEXT() REPRESENTATION_CONTEXT('2D SPACE',''
  ) );
#939 = ORIENTED_EDGE('',*,*,#940,.F.);
#940 = EDGE_CURVE('',#941,#918,#943,.T.);
#941 = VERTEX_POINT('',#942);
#942 = CARTESIAN_POINT('',(-141.2,-17.,271.30602527651));
#943 = SURFACE_CURVE('',#944,(#948,#955),.PCURVE_S1.);
#944 = LINE('',#945,#946);
#945 = CARTESIAN_POINT('',(-141.2,-17.,256.97937536036));
#946 = VECTOR('',#947,1.);
#947 = DIRECTION('',(0.,0.,1.));
#948 = PCURVE('',#350,#949);
#949 = DEFINITIONAL_REPRESENTATION('',(#950),#954);
#950 = LINE('',#951,#952);
#951 = CARTESIAN_POINT('',(0.,11.8));
#952 = VECTOR('',#953,1.);
#953 = DIRECTION('',(1.,0.));
#954 = ( GEOMETRIC_REPRESENTATION_CONTEXT(2)
PARAMETRIC_REPRESENTATION_CONTEXT() REPRESENTATION_CONTEXT('2D SPACE',''
  ) );
#955 = PCURVE('',#956,#961);
#956 = CYLINDRICAL_SURFACE('',#957,2.2);
#957 = AXIS2_PLACEMENT_3D('',#958,#959,#960);
#958 = CARTESIAN_POINT('',(-141.2,-14.8,256.97937536036));
#959 = DIRECTION('',(0.,0.,1.));
#960 = DIRECTION('',(1.,0.,-0.));
#961 = DEFINITIONAL_REPRESENTATION('',(#962),#966);
#962 = LINE('',#963,#964);
#963 = CARTESIAN_POINT('',(-1.570796326795,0.));
#964 = VECTOR('',#965,1.);
#965 = DIRECTION('',(-0.,1.));
#966 = ( GEOMETRIC_REPRESENTATION_CONTEXT(2)
PARAMETRIC_REPRESENTATION_CONTEXT() REPRESENTATION_CONTEXT('2D SPACE',''
  ) );
#967 = ORIENTED_EDGE('',*,*,#968,.F.);
#968 = EDGE_CURVE('',#969,#941,#971,.T.);
#969 = VERTEX_POINT('',#970);
#970 = CARTESIAN_POINT('',(-143.,-17.,272.21544333786));
#971 = SURFACE_CURVE('',#972,(#977,#984),.PCURVE_S1.);
#972 = CIRCLE('',#973,2.2360679775);
#973 = AXIS2_PLACEMENT_3D('',#974,#975,#976);
#974 = CARTESIAN_POINT('',(-143.,-17.,269.97937536036));
#975 = DIRECTION('',(0.,1.,0.));
#976 = DIRECTION('',(0.,-0.,1.));
#977 = PCURVE('',#350,#978);
#978 = DEFINITIONAL_REPRESENTATION('',(#979),#983);
#979 = CIRCLE('',#980,2.2360679775);
#980 = AXIS2_PLACEMENT_2D('',#981,#982);
#981 = CARTESIAN_POINT('',(13.,10.));
#982 = DIRECTION('',(1.,0.));
#983 = ( GEOMETRIC_REPRESENTATION_CONTEXT(2)
PARAMETRIC_REPRESENTATION_CONTEXT() REPRESENTATION_CONTEXT('2D SPACE',''
  ) );
#984 = PCURVE('',#985,#990);
#985 = SPHERICAL_SURFACE('',#986,3.);
#986 = AXIS2_PLACEMENT_3D('',#987,#988,#989);
#987 = CARTESIAN_POINT('',(-143.,-15.,269.97937536036));
#988 = DIRECTION('',(-0.,-0.,-1.));
#989 = DIRECTION('',(1.,0.,0.));
#990 = DEFINITIONAL_REPRESENTATION('',(#991),#1008);
#991 = B_SPLINE_CURVE_WITH_KNOTS('',8,(#992,#993,#994,#995,#996,#997,
    #998,#999,#1000,#1001,#1002,#1003,#1004,#1005,#1006,#1007),
  .UNSPECIFIED.,.F.,.F.,(9,7,9),(0.,0.46782464757,0.93564929514),
  .UNSPECIFIED.);
#992 = CARTESIAN_POINT('',(1.570796326795,-0.841068670568));
#993 = CARTESIAN_POINT('',(1.5054158447,-0.841068670568));
#994 = CARTESIAN_POINT('',(1.440035494927,-0.836699118337));
#995 = CARTESIAN_POINT('',(1.3758465728,-0.827960368547));
#996 = CARTESIAN_POINT('',(1.314045913912,-0.815002230783));
#997 = CARTESIAN_POINT('',(1.255579399487,-0.798132438354));
#998 = CARTESIAN_POINT('',(1.200938644905,-0.77772948511));
#999 = CARTESIAN_POINT('',(1.150344545674,-0.754179754936));
#1000 = CARTESIAN_POINT('',(1.057287775918,-0.701527045657));
#1001 = CARTESIAN_POINT('',(1.014825119664,-0.67242401713));
#1002 = CARTESIAN_POINT('',(0.976449751794,-0.640914382633));
#1003 = CARTESIAN_POINT('',(0.941984572425,-0.607350363843));
#1004 = CARTESIAN_POINT('',(0.91116975249,-0.57203945718));
#1005 = CARTESIAN_POINT('',(0.883731100893,-0.535243514024));
#1006 = CARTESIAN_POINT('',(0.859412147987,-0.497188367591));
#1007 = CARTESIAN_POINT('',(0.837981225008,-0.458068593865));
#1008 = ( GEOMETRIC_REPRESENTATION_CONTEXT(2)
PARAMETRIC_REPRESENTATION_CONTEXT() REPRESENTATION_CONTEXT('2D SPACE',''
  ) );
#1009 = ORIENTED_EDGE('',*,*,#1010,.F.);
#1010 = EDGE_CURVE('',#880,#969,#1011,.T.);
#1011 = SURFACE_CURVE('',#1012,(#1016,#1023),.PCURVE_S1.);
#1012 = LINE('',#1013,#1014);
#1013 = CARTESIAN_POINT('',(-152.,-17.,272.21544333786));
#1014 = VECTOR('',#1015,1.);
#1015 = DIRECTION('',(1.,0.,0.));
#1016 = PCURVE('',#350,#1017);
#1017 = DEFINITIONAL_REPRESENTATION('',(#1018),#1022);
#1018 = LINE('',#1019,#1020);
#1019 = CARTESIAN_POINT('',(15.2360679775,1.));
#1020 = VECTOR('',#1021,1.);
#1021 = DIRECTION('',(0.,1.));
#1022 = ( GEOMETRIC_REPRESENTATION_CONTEXT(2)
PARAMETRIC_REPRESENTATION_CONTEXT() REPRESENTATION_CONTEXT('2D SPACE',''
  ) );
#1023 = PCURVE('',#1024,#1029);
#1024 = CYLINDRICAL_SURFACE('',#1025,3.);
#1025 = AXIS2_PLACEMENT_3D('',#1026,#1027,#1028);
#1026 = CARTESIAN_POINT('',(-152.,-15.,269.97937536036));
#1027 = DIRECTION('',(1.,0.,0.));
#1028 = DIRECTION('',(0.,-1.,0.));
#1029 = DEFINITIONAL_REPRESENTATION('',(#1030),#1034);
#1030 = LINE('',#1031,#1032);
#1031 = CARTESIAN_POINT('',(-0.841068670568,0.));
#1032 = VECTOR('',#1033,1.);
#1033 = DIRECTION('',(-0.,1.));
#1034 = ( GEOMETRIC_REPRESENTATION_CONTEXT(2)
PARAMETRIC_REPRESENTATION_CONTEXT() REPRESENTATION_CONTEXT('2D SPACE',''
  ) );
#1035 = ADVANCED_FACE('',(#1036),#307,.T.);
#1036 = FACE_BOUND('',#1037,.F.);
#1037 = EDGE_LOOP('',(#1038,#1039,#1063,#1085));
#1038 = ORIENTED_EDGE('',*,*,#879,.T.);
#1039 = ORIENTED_EDGE('',*,*,#1040,.T.);
#1040 = EDGE_CURVE('',#880,#1041,#1043,.T.);
#1041 = VERTEX_POINT('',#1042);
#1042 = CARTESIAN_POINT('',(-149.,-18.,269.97937536036));
#1043 = SURFACE_CURVE('',#1044,(#1049,#1056),.PCURVE_S1.);
#1044 = CIRCLE('',#1045,3.);
#1045 = AXIS2_PLACEMENT_3D('',#1046,#1047,#1048);
#1046 = CARTESIAN_POINT('',(-149.,-15.,269.97937536036));
#1047 = DIRECTION('',(1.,-6.123233995737E-17,0.));
#1048 = DIRECTION('',(-6.123233995737E-17,-1.,0.));
#1049 = PCURVE('',#307,#1050);
#1050 = DEFINITIONAL_REPRESENTATION('',(#1051),#1055);
#1051 = LINE('',#1052,#1053);
#1052 = CARTESIAN_POINT('',(-1.570796326795,-6.28318530718));
#1053 = VECTOR('',#1054,1.);
#1054 = DIRECTION('',(-0.,1.));
#1055 = ( GEOMETRIC_REPRESENTATION_CONTEXT(2)
PARAMETRIC_REPRESENTATION_CONTEXT() REPRESENTATION_CONTEXT('2D SPACE',''
  ) );
#1056 = PCURVE('',#1024,#1057);
#1057 = DEFINITIONAL_REPRESENTATION('',(#1058),#1062);
#1058 = LINE('',#1059,#1060);
#1059 = CARTESIAN_POINT('',(-6.28318530718,3.));
#1060 = VECTOR('',#1061,1.);
#1061 = DIRECTION('',(1.,-0.));
#1062 = ( GEOMETRIC_REPRESENTATION_CONTEXT(2)
PARAMETRIC_REPRESENTATION_CONTEXT() REPRESENTATION_CONTEXT('2D SPACE',''
  ) );
#1063 = ORIENTED_EDGE('',*,*,#1064,.F.);
#1064 = EDGE_CURVE('',#234,#1041,#1065,.T.);
#1065 = SURFACE_CURVE('',#1066,(#1071,#1078),.PCURVE_S1.);
#1066 = CIRCLE('',#1067,3.);
#1067 = AXIS2_PLACEMENT_3D('',#1068,#1069,#1070);
#1068 = CARTESIAN_POINT('',(-149.,-15.,269.97937536036));
#1069 = DIRECTION('',(0.,0.,1.));
#1070 = DIRECTION('',(-1.,0.,0.));
#1071 = PCURVE('',#307,#1072);
#1072 = DEFINITIONAL_REPRESENTATION('',(#1073),#1077);
#1073 = LINE('',#1074,#1075);
#1074 = CARTESIAN_POINT('',(-0.,0.));
#1075 = VECTOR('',#1076,1.);
#1076 = DIRECTION('',(-1.,0.));
#1077 = ( GEOMETRIC_REPRESENTATION_CONTEXT(2)
PARAMETRIC_REPRESENTATION_CONTEXT() REPRESENTATION_CONTEXT('2D SPACE',''
  ) );
#1078 = PCURVE('',#249,#1079);
#1079 = DEFINITIONAL_REPRESENTATION('',(#1080),#1084);
#1080 = LINE('',#1081,#1082);
#1081 = CARTESIAN_POINT('',(0.,45.));
#1082 = VECTOR('',#1083,1.);
#1083 = DIRECTION('',(1.,0.));
#1084 = ( GEOMETRIC_REPRESENTATION_CONTEXT(2)
PARAMETRIC_REPRESENTATION_CONTEXT() REPRESENTATION_CONTEXT('2D SPACE',''
  ) );
#1085 = ORIENTED_EDGE('',*,*,#261,.F.);
#1086 = ADVANCED_FACE('',(#1087),#249,.T.);
#1087 = FACE_BOUND('',#1088,.T.);
#1088 = EDGE_LOOP('',(#1089,#1114,#1143,#1169,#1170,#1171));
#1089 = ORIENTED_EDGE('',*,*,#1090,.F.);
#1090 = EDGE_CURVE('',#1091,#1093,#1095,.T.);
#1091 = VERTEX_POINT('',#1092);
#1092 = CARTESIAN_POINT('',(-152.,-15.,227.97937536036));
#1093 = VERTEX_POINT('',#1094);
#1094 = CARTESIAN_POINT('',(-152.,-15.,257.34634508238));
#1095 = SURFACE_CURVE('',#1096,(#1100,#1107),.PCURVE_S1.);
#1096 = LINE('',#1097,#1098);
#1097 = CARTESIAN_POINT('',(-152.,-15.,224.97937536036));
#1098 = VECTOR('',#1099,1.);
#1099 = DIRECTION('',(0.,0.,1.));
#1100 = PCURVE('',#249,#1101);
#1101 = DEFINITIONAL_REPRESENTATION('',(#1102),#1106);
#1102 = LINE('',#1103,#1104);
#1103 = CARTESIAN_POINT('',(0.,0.));
#1104 = VECTOR('',#1105,1.);
#1105 = DIRECTION('',(0.,1.));
#1106 = ( GEOMETRIC_REPRESENTATION_CONTEXT(2)
PARAMETRIC_REPRESENTATION_CONTEXT() REPRESENTATION_CONTEXT('2D SPACE',''
  ) );
#1107 = PCURVE('',#432,#1108);
#1108 = DEFINITIONAL_REPRESENTATION('',(#1109),#1113);
#1109 = LINE('',#1110,#1111);
#1110 = CARTESIAN_POINT('',(0.,-3.));
#1111 = VECTOR('',#1112,1.);
#1112 = DIRECTION('',(1.,0.));
#1113 = ( GEOMETRIC_REPRESENTATION_CONTEXT(2)
PARAMETRIC_REPRESENTATION_CONTEXT() REPRESENTATION_CONTEXT('2D SPACE',''
  ) );
#1114 = ORIENTED_EDGE('',*,*,#1115,.T.);
#1115 = EDGE_CURVE('',#1091,#1116,#1118,.T.);
#1116 = VERTEX_POINT('',#1117);
#1117 = CARTESIAN_POINT('',(-149.,-18.,227.97937536036));
#1118 = SURFACE_CURVE('',#1119,(#1124,#1131),.PCURVE_S1.);
#1119 = CIRCLE('',#1120,3.);
#1120 = AXIS2_PLACEMENT_3D('',#1121,#1122,#1123);
#1121 = CARTESIAN_POINT('',(-149.,-15.,227.97937536036));
#1122 = DIRECTION('',(0.,0.,1.));
#1123 = DIRECTION('',(-1.,0.,0.));
#1124 = PCURVE('',#249,#1125);
#1125 = DEFINITIONAL_REPRESENTATION('',(#1126),#1130);
#1126 = LINE('',#1127,#1128);
#1127 = CARTESIAN_POINT('',(0.,3.));
#1128 = VECTOR('',#1129,1.);
#1129 = DIRECTION('',(1.,0.));
#1130 = ( GEOMETRIC_REPRESENTATION_CONTEXT(2)
PARAMETRIC_REPRESENTATION_CONTEXT() REPRESENTATION_CONTEXT('2D SPACE',''
  ) );
#1131 = PCURVE('',#1132,#1137);
#1132 = SPHERICAL_SURFACE('',#1133,3.);
#1133 = AXIS2_PLACEMENT_3D('',#1134,#1135,#1136);
#1134 = CARTESIAN_POINT('',(-149.,-15.,227.97937536036));
#1135 = DIRECTION('',(0.,0.,1.));
#1136 = DIRECTION('',(-1.,0.,0.));
#1137 = DEFINITIONAL_REPRESENTATION('',(#1138),#1142);
#1138 = LINE('',#1139,#1140);
#1139 = CARTESIAN_POINT('',(0.,0.));
#1140 = VECTOR('',#1141,1.);
#1141 = DIRECTION('',(1.,0.));
#1142 = ( GEOMETRIC_REPRESENTATION_CONTEXT(2)
PARAMETRIC_REPRESENTATION_CONTEXT() REPRESENTATION_CONTEXT('2D SPACE',''
  ) );
#1143 = ORIENTED_EDGE('',*,*,#1144,.T.);
#1144 = EDGE_CURVE('',#1116,#1041,#1145,.T.);
#1145 = SURFACE_CURVE('',#1146,(#1150,#1157),.PCURVE_S1.);
#1146 = LINE('',#1147,#1148);
#1147 = CARTESIAN_POINT('',(-149.,-18.,224.97937536036));
#1148 = VECTOR('',#1149,1.);
#1149 = DIRECTION('',(0.,0.,1.));
#1150 = PCURVE('',#249,#1151);
#1151 = DEFINITIONAL_REPRESENTATION('',(#1152),#1156);
#1152 = LINE('',#1153,#1154);
#1153 = CARTESIAN_POINT('',(1.570796326795,0.));
#1154 = VECTOR('',#1155,1.);
#1155 = DIRECTION('',(0.,1.));
#1156 = ( GEOMETRIC_REPRESENTATION_CONTEXT(2)
PARAMETRIC_REPRESENTATION_CONTEXT() REPRESENTATION_CONTEXT('2D SPACE',''
  ) );
#1157 = PCURVE('',#1158,#1163);
#1158 = PLANE('',#1159);
#1159 = AXIS2_PLACEMENT_3D('',#1160,#1161,#1162);
#1160 = CARTESIAN_POINT('',(-152.,-18.,224.97937536036));
#1161 = DIRECTION('',(0.,1.,0.));
#1162 = DIRECTION('',(0.,0.,1.));
#1163 = DEFINITIONAL_REPRESENTATION('',(#1164),#1168);
#1164 = LINE('',#1165,#1166);
#1165 = CARTESIAN_POINT('',(0.,3.));
#1166 = VECTOR('',#1167,1.);
#1167 = DIRECTION('',(1.,0.));
#1168 = ( GEOMETRIC_REPRESENTATION_CONTEXT(2)
PARAMETRIC_REPRESENTATION_CONTEXT() REPRESENTATION_CONTEXT('2D SPACE',''
  ) );
#1169 = ORIENTED_EDGE('',*,*,#1064,.F.);
#1170 = ORIENTED_EDGE('',*,*,#233,.F.);
#1171 = ORIENTED_EDGE('',*,*,#1172,.F.);
#1172 = EDGE_CURVE('',#1093,#205,#1173,.T.);
#1173 = SURFACE_CURVE('',#1174,(#1217,#1263),.PCURVE_S1.);
#1174 = B_SPLINE_CURVE_WITH_KNOTS('',6,(#1175,#1176,#1177,#1178,#1179,
    #1180,#1181,#1182,#1183,#1184,#1185,#1186,#1187,#1188,#1189,#1190,
    #1191,#1192,#1193,#1194,#1195,#1196,#1197,#1198,#1199,#1200,#1201,
    #1202,#1203,#1204,#1205,#1206,#1207,#1208,#1209,#1210,#1211,#1212,
    #1213,#1214,#1215,#1216),.UNSPECIFIED.,.F.,.F.,(7,5,5,5,5,5,5,5,7),(
    0.,7.454038599151E-02,0.217822257137,0.309124679503,0.405644138086,
    0.478207768226,0.63808553939,0.815882739041,1.),.UNSPECIFIED.);
#1175 = CARTESIAN_POINT('',(-152.,-15.,257.34634508238));
#1176 = CARTESIAN_POINT('',(-152.,-15.03803488786,257.35049502887));
#1177 = CARTESIAN_POINT('',(-151.9994215086,-15.07611296439,
    257.35522905773));
#1178 = CARTESIAN_POINT('',(-151.9982615541,-15.11422478535,
    257.36055492267));
#1179 = CARTESIAN_POINT('',(-151.9965181236,-15.15235642874,
    257.36648062248));
#1180 = CARTESIAN_POINT('',(-151.9941901627,-15.19048949483,
    257.37301440107));
#1181 = CARTESIAN_POINT('',(-151.9856789873,-15.30185941969,
    257.3939091759));
#1182 = CARTESIAN_POINT('',(-151.9779206731,-15.37504349812,
    257.40993219022));
#1183 = CARTESIAN_POINT('',(-151.9680051782,-15.44797992712,
    257.42828950664));
#1184 = CARTESIAN_POINT('',(-151.9559634572,-15.5204422686,
    257.44902978674));
#1185 = CARTESIAN_POINT('',(-151.9418691902,-15.59216545758,
    257.47218006919));
#1186 = CARTESIAN_POINT('',(-151.9156472862,-15.70790847426,
    257.51401295647));
#1187 = CARTESIAN_POINT('',(-151.90466054,-15.75254146967,
    257.53127039447));
#1188 = CARTESIAN_POINT('',(-151.8929258192,-15.79668632662,
    257.5495020445));
#1189 = CARTESIAN_POINT('',(-151.8804839143,-15.84027124672,
    257.56870242084));
#1190 = CARTESIAN_POINT('',(-151.8673827806,-15.88322695283,
    257.58886202686));
#1191 = CARTESIAN_POINT('',(-151.8391878035,-15.97016415874,
    257.63227865259));
#1192 = CARTESIAN_POINT('',(-151.8240226588,-16.0140646497,
    257.65564715351));
#1193 = CARTESIAN_POINT('',(-151.8082454829,-16.05711289216,
    257.6800572563));
#1194 = CARTESIAN_POINT('',(-151.7919274671,-16.09923944583,
    257.70548967154));
#1195 = CARTESIAN_POINT('',(-151.7751452303,-16.14038241924,
    257.73192206573));
#1196 = CARTESIAN_POINT('',(-151.7450735518,-16.21063902504,
    257.77993484766));
#1197 = CARTESIAN_POINT('',(-151.7319509034,-16.24020389026,
    257.80109130336));
#1198 = CARTESIAN_POINT('',(-151.7186454401,-16.26915957196,
    257.82278860261));
#1199 = CARTESIAN_POINT('',(-151.7051921808,-16.29748572032,
    257.84501574954));
#1200 = CARTESIAN_POINT('',(-151.6916268803,-16.32516438774,
    257.86776121839));
#1201 = CARTESIAN_POINT('',(-151.6479314547,-16.41170296759,
    257.94224296485));
#1202 = CARTESIAN_POINT('',(-151.6175104109,-16.46800582527,
    257.99592958057));
#1203 = CARTESIAN_POINT('',(-151.5871095981,-16.52092404083,
    258.05194674121));
#1204 = CARTESIAN_POINT('',(-151.5571256351,-16.57034154054,
    258.1101566008));
#1205 = CARTESIAN_POINT('',(-151.527949334,-16.61617995031,
    258.17041169616));
#1206 = CARTESIAN_POINT('',(-151.4688123908,-16.70532640871,
    258.30166792218));
#1207 = CARTESIAN_POINT('',(-151.4391312713,-16.74777366028,
    258.37311467329));
#1208 = CARTESIAN_POINT('',(-151.4114151047,-16.785658006,
    258.44668253069));
#1209 = CARTESIAN_POINT('',(-151.3861452318,-16.8189412693,
    258.52213412531));
#1210 = CARTESIAN_POINT('',(-151.3637470392,-16.84760538351,
    258.59920748503));
#1211 = CARTESIAN_POINT('',(-151.3246932756,-16.89652717402,
    258.75880751175));
#1212 = CARTESIAN_POINT('',(-151.3082691878,-16.91645107639,
    258.84143446701));
#1213 = CARTESIAN_POINT('',(-151.2956702674,-16.93139442595,
    258.92516381711));
#1214 = CARTESIAN_POINT('',(-151.287174476,-16.94135921579,
    259.00964557123));
#1215 = CARTESIAN_POINT('',(-151.2829268292,-16.94634146341,
    259.09451162095));
#1216 = CARTESIAN_POINT('',(-151.2829268292,-16.94634146341,
    259.17937536036));
#1217 = PCURVE('',#249,#1218);
#1218 = DEFINITIONAL_REPRESENTATION('',(#1219),#1262);
#1219 = B_SPLINE_CURVE_WITH_KNOTS('',6,(#1220,#1221,#1222,#1223,#1224,
    #1225,#1226,#1227,#1228,#1229,#1230,#1231,#1232,#1233,#1234,#1235,
    #1236,#1237,#1238,#1239,#1240,#1241,#1242,#1243,#1244,#1245,#1246,
    #1247,#1248,#1249,#1250,#1251,#1252,#1253,#1254,#1255,#1256,#1257,
    #1258,#1259,#1260,#1261),.UNSPECIFIED.,.F.,.F.,(7,5,5,5,5,5,5,5,7),(
    0.,7.454038599151E-02,0.217822257137,0.309124679503,0.405644138086,
    0.478207768226,0.63808553939,0.815882739041,1.),.UNSPECIFIED.);
#1220 = CARTESIAN_POINT('',(0.,32.366969722018));
#1221 = CARTESIAN_POINT('',(1.267829595395E-02,32.37111966851));
#1222 = CARTESIAN_POINT('',(2.537098304588E-02,32.37585369737));
#1223 = CARTESIAN_POINT('',(3.807859489996E-02,32.381179562306));
#1224 = CARTESIAN_POINT('',(5.08001977824E-02,32.38710526212));
#1225 = CARTESIAN_POINT('',(6.353339060143E-02,32.393639040708));
#1226 = CARTESIAN_POINT('',(0.100764948705,32.414533815536));
#1227 = CARTESIAN_POINT('',(0.125285810126,32.430556829852));
#1228 = CARTESIAN_POINT('',(0.149805464397,32.44891414628));
#1229 = CARTESIAN_POINT('',(0.174274971143,32.469654426373));
#1230 = CARTESIAN_POINT('',(0.198629827822,32.492804708821));
#1231 = CARTESIAN_POINT('',(0.238188552327,32.534637596106));
#1232 = CARTESIAN_POINT('',(0.253507692005,32.551895034109));
#1233 = CARTESIAN_POINT('',(0.268729802356,32.570126684133));
#1234 = CARTESIAN_POINT('',(0.283834770427,32.589327060472));
#1235 = CARTESIAN_POINT('',(0.298802176535,32.609486666491));
#1236 = CARTESIAN_POINT('',(0.32926715552,32.652903292227));
#1237 = CARTESIAN_POINT('',(0.344746372294,32.676271793149));
#1238 = CARTESIAN_POINT('',(0.360025216586,32.700681895935));
#1239 = CARTESIAN_POINT('',(0.375080451384,32.726114311175));
#1240 = CARTESIAN_POINT('',(0.389889641515,32.752546705362));
#1241 = CARTESIAN_POINT('',(0.415363585738,32.800559487293));
#1242 = CARTESIAN_POINT('',(0.426144737223,32.821715942994));
#1243 = CARTESIAN_POINT('',(0.436765550515,32.84341324225));
#1244 = CARTESIAN_POINT('',(0.447217209333,32.865640389175));
#1245 = CARTESIAN_POINT('',(0.457491183171,32.888385858021));
#1246 = CARTESIAN_POINT('',(0.489805982023,32.962867604483));
#1247 = CARTESIAN_POINT('',(0.511129603054,33.01655422021));
#1248 = CARTESIAN_POINT('',(0.5314630109,33.072571380843));
#1249 = CARTESIAN_POINT('',(0.550723366404,33.130781240432));
#1250 = CARTESIAN_POINT('',(0.568832227978,33.191036335799));
#1251 = CARTESIAN_POINT('',(0.604491524877,33.322292561819));
#1252 = CARTESIAN_POINT('',(0.621751360976,33.39373931293));
#1253 = CARTESIAN_POINT('',(0.637393722441,33.46730717033));
#1254 = CARTESIAN_POINT('',(0.651321236982,33.542758764945));
#1255 = CARTESIAN_POINT('',(0.663446385465,33.619832124661));
#1256 = CARTESIAN_POINT('',(0.684312461171,33.779432151388));
#1257 = CARTESIAN_POINT('',(0.692918319996,33.86205910665));
#1258 = CARTESIAN_POINT('',(0.699433413831,33.945788456743));
#1259 = CARTESIAN_POINT('',(0.703798395582,34.030270210867));
#1260 = CARTESIAN_POINT('',(0.705980775654,34.115136260581));
#1261 = CARTESIAN_POINT('',(0.705980775654,34.2));
#1262 = ( GEOMETRIC_REPRESENTATION_CONTEXT(2)
PARAMETRIC_REPRESENTATION_CONTEXT() REPRESENTATION_CONTEXT('2D SPACE',''
  ) );
#1263 = PCURVE('',#221,#1264);
#1264 = DEFINITIONAL_REPRESENTATION('',(#1265),#1308);
#1265 = B_SPLINE_CURVE_WITH_KNOTS('',6,(#1266,#1267,#1268,#1269,#1270,
    #1271,#1272,#1273,#1274,#1275,#1276,#1277,#1278,#1279,#1280,#1281,
    #1282,#1283,#1284,#1285,#1286,#1287,#1288,#1289,#1290,#1291,#1292,
    #1293,#1294,#1295,#1296,#1297,#1298,#1299,#1300,#1301,#1302,#1303,
    #1304,#1305,#1306,#1307),.UNSPECIFIED.,.F.,.F.,(7,5,5,5,5,5,5,5,7),(
    0.,7.454038599151E-02,0.217822257137,0.309124679503,0.405644138086,
    0.478207768226,0.63808553939,0.815882739041,1.),.UNSPECIFIED.);
#1266 = CARTESIAN_POINT('',(0.165148677415,-0.984861626603));
#1267 = CARTESIAN_POINT('',(0.195987775681,-0.981450391599));
#1268 = CARTESIAN_POINT('',(0.226559904075,-0.977579992392));
#1269 = CARTESIAN_POINT('',(0.256821898013,-0.973254871323));
#1270 = CARTESIAN_POINT('',(0.286733779799,-0.968480950709));
#1271 = CARTESIAN_POINT('',(0.316258758632,-0.963265632847));
#1272 = CARTESIAN_POINT('',(0.401307979843,-0.946761509879));
#1273 = CARTESIAN_POINT('',(0.455704379447,-0.934306431608));
#1274 = CARTESIAN_POINT('',(0.508305077214,-0.920317212514));
#1275 = CARTESIAN_POINT('',(0.558937265247,-0.904880154342));
#1276 = CARTESIAN_POINT('',(0.607492800515,-0.888098037302));
#1277 = CARTESIAN_POINT('',(0.683501711289,-0.858606597077));
#1278 = CARTESIAN_POINT('',(0.712221452192,-0.846627833989));
#1279 = CARTESIAN_POINT('',(0.740064242822,-0.834177672515));
#1280 = CARTESIAN_POINT('',(0.767027494755,-0.821285593438));
#1281 = CARTESIAN_POINT('',(0.793116203899,-0.807980803671));
#1282 = CARTESIAN_POINT('',(0.84500471369,-0.77981998566));
#1283 = CARTESIAN_POINT('',(0.870703177125,-0.764918557524));
#1284 = CARTESIAN_POINT('',(0.895446897874,-0.749620432282));
#1285 = CARTESIAN_POINT('',(0.91925418922,-0.733956776314));
#1286 = CARTESIAN_POINT('',(0.942146909019,-0.717956394159));
#1287 = CARTESIAN_POINT('',(0.980687403762,-0.689382774708));
#1288 = CARTESIAN_POINT('',(0.996723120395,-0.676944551472));
#1289 = CARTESIAN_POINT('',(1.012264414224,-0.664341782417));
#1290 = CARTESIAN_POINT('',(1.027321093016,-0.651584654476));
#1291 = CARTESIAN_POINT('',(1.041902888569,-0.638682507094));
#1292 = CARTESIAN_POINT('',(1.087122165416,-0.59691602089));
#1293 = CARTESIAN_POINT('',(1.115965231558,-0.567526151428));
#1294 = CARTESIAN_POINT('',(1.142652439641,-0.537563968143));
#1295 = CARTESIAN_POINT('',(1.16727288805,-0.507101967541));
#1296 = CARTESIAN_POINT('',(1.189899148209,-0.476199150956));
#1297 = CARTESIAN_POINT('',(1.233590259442,-0.410102865783));
#1298 = CARTESIAN_POINT('',(1.254195431557,-0.374817634388));
#1299 = CARTESIAN_POINT('',(1.272476282682,-0.339117384855));
#1300 = CARTESIAN_POINT('',(1.288479532363,-0.303060802414));
#1301 = CARTESIAN_POINT('',(1.302231558059,-0.266702478327));
#1302 = CARTESIAN_POINT('',(1.325671115854,-0.192193242478));
#1303 = CARTESIAN_POINT('',(1.335197360108,-0.154022751132));
#1304 = CARTESIAN_POINT('',(1.34233931988,-0.115654036243));
#1305 = CARTESIAN_POINT('',(1.347101103043,-7.714989891372E-02));
#1306 = CARTESIAN_POINT('',(1.349481884447,-3.857442700876E-02));
#1307 = CARTESIAN_POINT('',(1.349481884447,1.665334536938E-15));
#1308 = ( GEOMETRIC_REPRESENTATION_CONTEXT(2)
PARAMETRIC_REPRESENTATION_CONTEXT() REPRESENTATION_CONTEXT('2D SPACE',''
  ) );
#1309 = ADVANCED_FACE('',(#1310),#221,.T.);
#1310 = FACE_BOUND('',#1311,.T.);
#1311 = EDGE_LOOP('',(#1312,#1313,#1338,#1339));
#1312 = ORIENTED_EDGE('',*,*,#392,.F.);
#1313 = ORIENTED_EDGE('',*,*,#1314,.F.);
#1314 = EDGE_CURVE('',#1093,#393,#1315,.T.);
#1315 = SURFACE_CURVE('',#1316,(#1321,#1331),.PCURVE_S1.);
#1316 = CIRCLE('',#1317,1.843908891459);
#1317 = AXIS2_PLACEMENT_3D('',#1318,#1319,#1320);
#1318 = CARTESIAN_POINT('',(-152.,-14.8,259.17937536036));
#1319 = DIRECTION('',(1.,0.,0.));
#1320 = DIRECTION('',(-0.,0.,1.));
#1321 = PCURVE('',#221,#1322);
#1322 = DEFINITIONAL_REPRESENTATION('',(#1323),#1330);
#1323 = B_SPLINE_CURVE_WITH_KNOTS('',5,(#1324,#1325,#1326,#1327,#1328,
    #1329),.UNSPECIFIED.,.F.,.F.,(6,6),(3.032913613876,3.14159265359),
  .PIECEWISE_BEZIER_KNOTS.);
#1324 = CARTESIAN_POINT('',(0.165148677415,-0.984861626603));
#1325 = CARTESIAN_POINT('',(0.13284403357,-0.988434971417));
#1326 = CARTESIAN_POINT('',(0.100008855337,-0.991142569563));
#1327 = CARTESIAN_POINT('',(6.679813259751E-02,-0.992957559583));
#1328 = CARTESIAN_POINT('',(3.33990412739E-02,-0.993864981558));
#1329 = CARTESIAN_POINT('',(0.,-0.993864981558));
#1330 = ( GEOMETRIC_REPRESENTATION_CONTEXT(2)
PARAMETRIC_REPRESENTATION_CONTEXT() REPRESENTATION_CONTEXT('2D SPACE',''
  ) );
#1331 = PCURVE('',#432,#1332);
#1332 = DEFINITIONAL_REPRESENTATION('',(#1333),#1337);
#1333 = CIRCLE('',#1334,1.843908891459);
#1334 = AXIS2_PLACEMENT_2D('',#1335,#1336);
#1335 = CARTESIAN_POINT('',(34.2,-3.2));
#1336 = DIRECTION('',(1.,0.));
#1337 = ( GEOMETRIC_REPRESENTATION_CONTEXT(2)
PARAMETRIC_REPRESENTATION_CONTEXT() REPRESENTATION_CONTEXT('2D SPACE',''
  ) );
#1338 = ORIENTED_EDGE('',*,*,#1172,.T.);
#1339 = ORIENTED_EDGE('',*,*,#204,.F.);
#1340 = ADVANCED_FACE('',(#1341),#459,.T.);
#1341 = FACE_BOUND('',#1342,.F.);
#1342 = EDGE_LOOP('',(#1343,#1344,#1371,#1509));
#1343 = ORIENTED_EDGE('',*,*,#444,.F.);
#1344 = ORIENTED_EDGE('',*,*,#1345,.T.);
#1345 = EDGE_CURVE('',#417,#1346,#1348,.T.);
#1346 = VERTEX_POINT('',#1347);
#1347 = CARTESIAN_POINT('',(-152.,15.,257.34634508238));
#1348 = SURFACE_CURVE('',#1349,(#1354,#1364),.PCURVE_S1.);
#1349 = CIRCLE('',#1350,1.843908891459);
#1350 = AXIS2_PLACEMENT_3D('',#1351,#1352,#1353);
#1351 = CARTESIAN_POINT('',(-152.,14.8,259.17937536036));
#1352 = DIRECTION('',(1.,0.,0.));
#1353 = DIRECTION('',(-0.,0.,1.));
#1354 = PCURVE('',#459,#1355);
#1355 = DEFINITIONAL_REPRESENTATION('',(#1356),#1363);
#1356 = B_SPLINE_CURVE_WITH_KNOTS('',5,(#1357,#1358,#1359,#1360,#1361,
    #1362),.UNSPECIFIED.,.F.,.F.,(6,6),(3.14159265359,3.250271693304),
  .PIECEWISE_BEZIER_KNOTS.);
#1357 = CARTESIAN_POINT('',(0.,-0.993864981558));
#1358 = CARTESIAN_POINT('',(-3.33990412739E-02,-0.993864981558));
#1359 = CARTESIAN_POINT('',(-6.679813259751E-02,-0.992957559583));
#1360 = CARTESIAN_POINT('',(-0.100008855337,-0.991142569563));
#1361 = CARTESIAN_POINT('',(-0.13284403357,-0.988434971417));
#1362 = CARTESIAN_POINT('',(-0.165148677415,-0.984861626603));
#1363 = ( GEOMETRIC_REPRESENTATION_CONTEXT(2)
PARAMETRIC_REPRESENTATION_CONTEXT() REPRESENTATION_CONTEXT('2D SPACE',''
  ) );
#1364 = PCURVE('',#432,#1365);
#1365 = DEFINITIONAL_REPRESENTATION('',(#1366),#1370);
#1366 = CIRCLE('',#1367,1.843908891459);
#1367 = AXIS2_PLACEMENT_2D('',#1368,#1369);
#1368 = CARTESIAN_POINT('',(34.2,-32.8));
#1369 = DIRECTION('',(1.,0.));
#1370 = ( GEOMETRIC_REPRESENTATION_CONTEXT(2)
PARAMETRIC_REPRESENTATION_CONTEXT() REPRESENTATION_CONTEXT('2D SPACE',''
  ) );
#1371 = ORIENTED_EDGE('',*,*,#1372,.T.);
#1372 = EDGE_CURVE('',#1346,#560,#1373,.T.);
#1373 = SURFACE_CURVE('',#1374,(#1417,#1463),.PCURVE_S1.);
#1374 = B_SPLINE_CURVE_WITH_KNOTS('',6,(#1375,#1376,#1377,#1378,#1379,
    #1380,#1381,#1382,#1383,#1384,#1385,#1386,#1387,#1388,#1389,#1390,
    #1391,#1392,#1393,#1394,#1395,#1396,#1397,#1398,#1399,#1400,#1401,
    #1402,#1403,#1404,#1405,#1406,#1407,#1408,#1409,#1410,#1411,#1412,
    #1413,#1414,#1415,#1416),.UNSPECIFIED.,.F.,.F.,(7,5,5,5,5,5,5,5,7),(
    0.,7.454038599146E-02,0.217822257136,0.309124679503,0.405644138086,
    0.478207768226,0.63808553939,0.815882739041,1.),.UNSPECIFIED.);
#1375 = CARTESIAN_POINT('',(-152.,15.,257.34634508238));
#1376 = CARTESIAN_POINT('',(-152.,15.038034887862,257.35049502887));
#1377 = CARTESIAN_POINT('',(-151.9994215086,15.076112964391,
    257.35522905773));
#1378 = CARTESIAN_POINT('',(-151.9982615541,15.114224785351,
    257.36055492267));
#1379 = CARTESIAN_POINT('',(-151.9965181236,15.152356428749,
    257.36648062248));
#1380 = CARTESIAN_POINT('',(-151.9941901627,15.190489494832,
    257.37301440107));
#1381 = CARTESIAN_POINT('',(-151.9856789873,15.301859419691,
    257.3939091759));
#1382 = CARTESIAN_POINT('',(-151.9779206731,15.375043498123,
    257.40993219022));
#1383 = CARTESIAN_POINT('',(-151.9680051782,15.447979927125,
    257.42828950664));
#1384 = CARTESIAN_POINT('',(-151.9559634572,15.520442268604,
    257.44902978674));
#1385 = CARTESIAN_POINT('',(-151.9418691902,15.59216545758,
    257.47218006919));
#1386 = CARTESIAN_POINT('',(-151.9156472862,15.707908474263,
    257.51401295647));
#1387 = CARTESIAN_POINT('',(-151.90466054,15.752541469678,
    257.53127039447));
#1388 = CARTESIAN_POINT('',(-151.8929258192,15.79668632662,
    257.5495020445));
#1389 = CARTESIAN_POINT('',(-151.8804839143,15.840271246729,
    257.56870242084));
#1390 = CARTESIAN_POINT('',(-151.8673827806,15.883226952832,
    257.58886202686));
#1391 = CARTESIAN_POINT('',(-151.8391878035,15.970164158742,
    257.63227865259));
#1392 = CARTESIAN_POINT('',(-151.8240226588,16.014064649704,
    257.65564715351));
#1393 = CARTESIAN_POINT('',(-151.8082454829,16.057112892169,
    257.6800572563));
#1394 = CARTESIAN_POINT('',(-151.7919274671,16.099239445839,
    257.70548967154));
#1395 = CARTESIAN_POINT('',(-151.7751452303,16.140382419248,
    257.73192206573));
#1396 = CARTESIAN_POINT('',(-151.7450735518,16.210639025043,
    257.77993484766));
#1397 = CARTESIAN_POINT('',(-151.7319509034,16.24020389026,
    257.80109130336));
#1398 = CARTESIAN_POINT('',(-151.7186454401,16.269159571968,
    257.82278860261));
#1399 = CARTESIAN_POINT('',(-151.7051921808,16.29748572032,
    257.84501574954));
#1400 = CARTESIAN_POINT('',(-151.6916268803,16.325164387746,
    257.86776121839));
#1401 = CARTESIAN_POINT('',(-151.6479314547,16.41170296759,
    257.94224296485));
#1402 = CARTESIAN_POINT('',(-151.6175104109,16.468005825275,
    257.99592958057));
#1403 = CARTESIAN_POINT('',(-151.5871095981,16.520924040832,
    258.05194674121));
#1404 = CARTESIAN_POINT('',(-151.5571256351,16.57034154054,
    258.1101566008));
#1405 = CARTESIAN_POINT('',(-151.527949334,16.616179950317,
    258.17041169616));
#1406 = CARTESIAN_POINT('',(-151.4688123908,16.705326408716,
    258.30166792218));
#1407 = CARTESIAN_POINT('',(-151.4391312713,16.747773660285,
    258.37311467329));
#1408 = CARTESIAN_POINT('',(-151.4114151047,16.785658006,258.44668253069
    ));
#1409 = CARTESIAN_POINT('',(-151.3861452318,16.818941269306,
    258.52213412531));
#1410 = CARTESIAN_POINT('',(-151.3637470392,16.847605383511,
    258.59920748503));
#1411 = CARTESIAN_POINT('',(-151.3246932756,16.89652717402,
    258.75880751175));
#1412 = CARTESIAN_POINT('',(-151.3082691878,16.916451076394,
    258.84143446701));
#1413 = CARTESIAN_POINT('',(-151.2956702674,16.931394425958,
    258.92516381711));
#1414 = CARTESIAN_POINT('',(-151.287174476,16.941359215791,
    259.00964557123));
#1415 = CARTESIAN_POINT('',(-151.2829268292,16.946341463415,
    259.09451162095));
#1416 = CARTESIAN_POINT('',(-151.2829268292,16.946341463415,
    259.17937536036));
#1417 = PCURVE('',#459,#1418);
#1418 = DEFINITIONAL_REPRESENTATION('',(#1419),#1462);
#1419 = B_SPLINE_CURVE_WITH_KNOTS('',6,(#1420,#1421,#1422,#1423,#1424,
    #1425,#1426,#1427,#1428,#1429,#1430,#1431,#1432,#1433,#1434,#1435,
    #1436,#1437,#1438,#1439,#1440,#1441,#1442,#1443,#1444,#1445,#1446,
    #1447,#1448,#1449,#1450,#1451,#1452,#1453,#1454,#1455,#1456,#1457,
    #1458,#1459,#1460,#1461),.UNSPECIFIED.,.F.,.F.,(7,5,5,5,5,5,5,5,7),(
    0.,7.454038599146E-02,0.217822257136,0.309124679503,0.405644138086,
    0.478207768226,0.63808553939,0.815882739041,1.),.UNSPECIFIED.);
#1420 = CARTESIAN_POINT('',(-0.165148677415,-0.984861626603));
#1421 = CARTESIAN_POINT('',(-0.195987775681,-0.981450391599));
#1422 = CARTESIAN_POINT('',(-0.226559904075,-0.977579992392));
#1423 = CARTESIAN_POINT('',(-0.256821898013,-0.973254871323));
#1424 = CARTESIAN_POINT('',(-0.286733779799,-0.968480950709));
#1425 = CARTESIAN_POINT('',(-0.316258758632,-0.963265632847));
#1426 = CARTESIAN_POINT('',(-0.401307979843,-0.946761509879));
#1427 = CARTESIAN_POINT('',(-0.455704379447,-0.934306431608));
#1428 = CARTESIAN_POINT('',(-0.508305077214,-0.920317212514));
#1429 = CARTESIAN_POINT('',(-0.558937265247,-0.904880154342));
#1430 = CARTESIAN_POINT('',(-0.607492800515,-0.888098037302));
#1431 = CARTESIAN_POINT('',(-0.683501711289,-0.858606597077));
#1432 = CARTESIAN_POINT('',(-0.712221452192,-0.846627833989));
#1433 = CARTESIAN_POINT('',(-0.740064242822,-0.834177672515));
#1434 = CARTESIAN_POINT('',(-0.767027494755,-0.821285593438));
#1435 = CARTESIAN_POINT('',(-0.793116203899,-0.807980803671));
#1436 = CARTESIAN_POINT('',(-0.84500471369,-0.77981998566));
#1437 = CARTESIAN_POINT('',(-0.870703177125,-0.764918557524));
#1438 = CARTESIAN_POINT('',(-0.895446897874,-0.749620432282));
#1439 = CARTESIAN_POINT('',(-0.91925418922,-0.733956776314));
#1440 = CARTESIAN_POINT('',(-0.942146909019,-0.717956394159));
#1441 = CARTESIAN_POINT('',(-0.980687403762,-0.689382774708));
#1442 = CARTESIAN_POINT('',(-0.996723120395,-0.676944551472));
#1443 = CARTESIAN_POINT('',(-1.012264414224,-0.664341782417));
#1444 = CARTESIAN_POINT('',(-1.027321093016,-0.651584654476));
#1445 = CARTESIAN_POINT('',(-1.041902888569,-0.638682507094));
#1446 = CARTESIAN_POINT('',(-1.087122165416,-0.59691602089));
#1447 = CARTESIAN_POINT('',(-1.115965231558,-0.567526151428));
#1448 = CARTESIAN_POINT('',(-1.142652439641,-0.537563968143));
#1449 = CARTESIAN_POINT('',(-1.16727288805,-0.507101967541));
#1450 = CARTESIAN_POINT('',(-1.189899148209,-0.476199150956));
#1451 = CARTESIAN_POINT('',(-1.233590259442,-0.410102865783));
#1452 = CARTESIAN_POINT('',(-1.254195431557,-0.374817634388));
#1453 = CARTESIAN_POINT('',(-1.272476282682,-0.339117384855));
#1454 = CARTESIAN_POINT('',(-1.288479532363,-0.303060802414));
#1455 = CARTESIAN_POINT('',(-1.302231558059,-0.266702478327));
#1456 = CARTESIAN_POINT('',(-1.325671115854,-0.192193242478));
#1457 = CARTESIAN_POINT('',(-1.335197360108,-0.154022751132));
#1458 = CARTESIAN_POINT('',(-1.34233931988,-0.115654036243));
#1459 = CARTESIAN_POINT('',(-1.347101103043,-7.714989891381E-02));
#1460 = CARTESIAN_POINT('',(-1.349481884447,-3.857442700872E-02));
#1461 = CARTESIAN_POINT('',(-1.349481884447,1.665334536938E-15));
#1462 = ( GEOMETRIC_REPRESENTATION_CONTEXT(2)
PARAMETRIC_REPRESENTATION_CONTEXT() REPRESENTATION_CONTEXT('2D SPACE',''
  ) );
#1463 = PCURVE('',#599,#1464);
#1464 = DEFINITIONAL_REPRESENTATION('',(#1465),#1508);
#1465 = B_SPLINE_CURVE_WITH_KNOTS('',6,(#1466,#1467,#1468,#1469,#1470,
    #1471,#1472,#1473,#1474,#1475,#1476,#1477,#1478,#1479,#1480,#1481,
    #1482,#1483,#1484,#1485,#1486,#1487,#1488,#1489,#1490,#1491,#1492,
    #1493,#1494,#1495,#1496,#1497,#1498,#1499,#1500,#1501,#1502,#1503,
    #1504,#1505,#1506,#1507),.UNSPECIFIED.,.F.,.F.,(7,5,5,5,5,5,5,5,7),(
    0.,7.454038599146E-02,0.217822257136,0.309124679503,0.405644138086,
    0.478207768226,0.63808553939,0.815882739041,1.),.UNSPECIFIED.);
#1466 = CARTESIAN_POINT('',(0.,32.366969722018));
#1467 = CARTESIAN_POINT('',(-1.267829595395E-02,32.37111966851));
#1468 = CARTESIAN_POINT('',(-2.537098304588E-02,32.37585369737));
#1469 = CARTESIAN_POINT('',(-3.807859489996E-02,32.381179562306));
#1470 = CARTESIAN_POINT('',(-5.08001977824E-02,32.38710526212));
#1471 = CARTESIAN_POINT('',(-6.353339060143E-02,32.393639040708));
#1472 = CARTESIAN_POINT('',(-0.100764948705,32.414533815536));
#1473 = CARTESIAN_POINT('',(-0.125285810126,32.430556829852));
#1474 = CARTESIAN_POINT('',(-0.149805464397,32.44891414628));
#1475 = CARTESIAN_POINT('',(-0.174274971143,32.469654426373));
#1476 = CARTESIAN_POINT('',(-0.198629827822,32.492804708821));
#1477 = CARTESIAN_POINT('',(-0.238188552327,32.534637596106));
#1478 = CARTESIAN_POINT('',(-0.253507692005,32.551895034109));
#1479 = CARTESIAN_POINT('',(-0.268729802356,32.570126684133));
#1480 = CARTESIAN_POINT('',(-0.283834770427,32.589327060472));
#1481 = CARTESIAN_POINT('',(-0.298802176535,32.60948666649));
#1482 = CARTESIAN_POINT('',(-0.32926715552,32.652903292227));
#1483 = CARTESIAN_POINT('',(-0.344746372294,32.676271793149));
#1484 = CARTESIAN_POINT('',(-0.360025216586,32.700681895935));
#1485 = CARTESIAN_POINT('',(-0.375080451384,32.726114311175));
#1486 = CARTESIAN_POINT('',(-0.389889641515,32.752546705362));
#1487 = CARTESIAN_POINT('',(-0.415363585738,32.800559487293));
#1488 = CARTESIAN_POINT('',(-0.426144737223,32.821715942994));
#1489 = CARTESIAN_POINT('',(-0.436765550515,32.84341324225));
#1490 = CARTESIAN_POINT('',(-0.447217209333,32.865640389175));
#1491 = CARTESIAN_POINT('',(-0.457491183171,32.888385858021));
#1492 = CARTESIAN_POINT('',(-0.489805982023,32.962867604483));
#1493 = CARTESIAN_POINT('',(-0.511129603054,33.01655422021));
#1494 = CARTESIAN_POINT('',(-0.5314630109,33.072571380843));
#1495 = CARTESIAN_POINT('',(-0.550723366404,33.130781240432));
#1496 = CARTESIAN_POINT('',(-0.568832227978,33.191036335799));
#1497 = CARTESIAN_POINT('',(-0.604491524877,33.322292561819));
#1498 = CARTESIAN_POINT('',(-0.621751360976,33.39373931293));
#1499 = CARTESIAN_POINT('',(-0.637393722441,33.46730717033));
#1500 = CARTESIAN_POINT('',(-0.651321236982,33.542758764945));
#1501 = CARTESIAN_POINT('',(-0.663446385465,33.619832124661));
#1502 = CARTESIAN_POINT('',(-0.684312461171,33.779432151388));
#1503 = CARTESIAN_POINT('',(-0.692918319996,33.86205910665));
#1504 = CARTESIAN_POINT('',(-0.699433413831,33.945788456743));
#1505 = CARTESIAN_POINT('',(-0.703798395582,34.030270210867));
#1506 = CARTESIAN_POINT('',(-0.705980775654,34.115136260581));
#1507 = CARTESIAN_POINT('',(-0.705980775654,34.2));
#1508 = ( GEOMETRIC_REPRESENTATION_CONTEXT(2)
PARAMETRIC_REPRESENTATION_CONTEXT() REPRESENTATION_CONTEXT('2D SPACE',''
  ) );
#1509 = ORIENTED_EDGE('',*,*,#559,.F.);
#1510 = ADVANCED_FACE('',(#1511),#432,.F.);
#1511 = FACE_BOUND('',#1512,.F.);
#1512 = EDGE_LOOP('',(#1513,#1514,#1542,#1563,#1564,#1565));
#1513 = ORIENTED_EDGE('',*,*,#1090,.F.);
#1514 = ORIENTED_EDGE('',*,*,#1515,.T.);
#1515 = EDGE_CURVE('',#1091,#1516,#1518,.T.);
#1516 = VERTEX_POINT('',#1517);
#1517 = CARTESIAN_POINT('',(-152.,15.,227.97937536036));
#1518 = SURFACE_CURVE('',#1519,(#1523,#1530),.PCURVE_S1.);
#1519 = LINE('',#1520,#1521);
#1520 = CARTESIAN_POINT('',(-152.,-18.,227.97937536036));
#1521 = VECTOR('',#1522,1.);
#1522 = DIRECTION('',(0.,1.,0.));
#1523 = PCURVE('',#432,#1524);
#1524 = DEFINITIONAL_REPRESENTATION('',(#1525),#1529);
#1525 = LINE('',#1526,#1527);
#1526 = CARTESIAN_POINT('',(3.,0.));
#1527 = VECTOR('',#1528,1.);
#1528 = DIRECTION('',(0.,-1.));
#1529 = ( GEOMETRIC_REPRESENTATION_CONTEXT(2)
PARAMETRIC_REPRESENTATION_CONTEXT() REPRESENTATION_CONTEXT('2D SPACE',''
  ) );
#1530 = PCURVE('',#1531,#1536);
#1531 = CYLINDRICAL_SURFACE('',#1532,3.);
#1532 = AXIS2_PLACEMENT_3D('',#1533,#1534,#1535);
#1533 = CARTESIAN_POINT('',(-149.,-18.,227.97937536036));
#1534 = DIRECTION('',(0.,1.,0.));
#1535 = DIRECTION('',(-1.,0.,0.));
#1536 = DEFINITIONAL_REPRESENTATION('',(#1537),#1541);
#1537 = LINE('',#1538,#1539);
#1538 = CARTESIAN_POINT('',(-0.,0.));
#1539 = VECTOR('',#1540,1.);
#1540 = DIRECTION('',(-0.,1.));
#1541 = ( GEOMETRIC_REPRESENTATION_CONTEXT(2)
PARAMETRIC_REPRESENTATION_CONTEXT() REPRESENTATION_CONTEXT('2D SPACE',''
  ) );
#1542 = ORIENTED_EDGE('',*,*,#1543,.T.);
#1543 = EDGE_CURVE('',#1516,#1346,#1544,.T.);
#1544 = SURFACE_CURVE('',#1545,(#1549,#1556),.PCURVE_S1.);
#1545 = LINE('',#1546,#1547);
#1546 = CARTESIAN_POINT('',(-152.,15.,224.97937536036));
#1547 = VECTOR('',#1548,1.);
#1548 = DIRECTION('',(0.,0.,1.));
#1549 = PCURVE('',#432,#1550);
#1550 = DEFINITIONAL_REPRESENTATION('',(#1551),#1555);
#1551 = LINE('',#1552,#1553);
#1552 = CARTESIAN_POINT('',(0.,-33.));
#1553 = VECTOR('',#1554,1.);
#1554 = DIRECTION('',(1.,0.));
#1555 = ( GEOMETRIC_REPRESENTATION_CONTEXT(2)
PARAMETRIC_REPRESENTATION_CONTEXT() REPRESENTATION_CONTEXT('2D SPACE',''
  ) );
#1556 = PCURVE('',#599,#1557);
#1557 = DEFINITIONAL_REPRESENTATION('',(#1558),#1562);
#1558 = LINE('',#1559,#1560);
#1559 = CARTESIAN_POINT('',(-0.,0.));
#1560 = VECTOR('',#1561,1.);
#1561 = DIRECTION('',(-0.,1.));
#1562 = ( GEOMETRIC_REPRESENTATION_CONTEXT(2)
PARAMETRIC_REPRESENTATION_CONTEXT() REPRESENTATION_CONTEXT('2D SPACE',''
  ) );
#1563 = ORIENTED_EDGE('',*,*,#1345,.F.);
#1564 = ORIENTED_EDGE('',*,*,#416,.F.);
#1565 = ORIENTED_EDGE('',*,*,#1314,.F.);
#1566 = ADVANCED_FACE('',(#1567),#515,.T.);
#1567 = FACE_BOUND('',#1568,.T.);
#1568 = EDGE_LOOP('',(#1569,#1570,#1593,#1621));
#1569 = ORIENTED_EDGE('',*,*,#499,.F.);
#1570 = ORIENTED_EDGE('',*,*,#1571,.T.);
#1571 = EDGE_CURVE('',#476,#1572,#1574,.T.);
#1572 = VERTEX_POINT('',#1573);
#1573 = CARTESIAN_POINT('',(-141.2,-14.8,276.97937536036));
#1574 = SURFACE_CURVE('',#1575,(#1579,#1586),.PCURVE_S1.);
#1575 = LINE('',#1576,#1577);
#1576 = CARTESIAN_POINT('',(-153.,-14.8,276.97937536036));
#1577 = VECTOR('',#1578,1.);
#1578 = DIRECTION('',(1.,0.,0.));
#1579 = PCURVE('',#515,#1580);
#1580 = DEFINITIONAL_REPRESENTATION('',(#1581),#1585);
#1581 = LINE('',#1582,#1583);
#1582 = CARTESIAN_POINT('',(0.,2.2));
#1583 = VECTOR('',#1584,1.);
#1584 = DIRECTION('',(1.,0.));
#1585 = ( GEOMETRIC_REPRESENTATION_CONTEXT(2)
PARAMETRIC_REPRESENTATION_CONTEXT() REPRESENTATION_CONTEXT('2D SPACE',''
  ) );
#1586 = PCURVE('',#863,#1587);
#1587 = DEFINITIONAL_REPRESENTATION('',(#1588),#1592);
#1588 = LINE('',#1589,#1590);
#1589 = CARTESIAN_POINT('',(-1.570796326795,0.));
#1590 = VECTOR('',#1591,1.);
#1591 = DIRECTION('',(-0.,1.));
#1592 = ( GEOMETRIC_REPRESENTATION_CONTEXT(2)
PARAMETRIC_REPRESENTATION_CONTEXT() REPRESENTATION_CONTEXT('2D SPACE',''
  ) );
#1593 = ORIENTED_EDGE('',*,*,#1594,.T.);
#1594 = EDGE_CURVE('',#1572,#1595,#1597,.T.);
#1595 = VERTEX_POINT('',#1596);
#1596 = CARTESIAN_POINT('',(-141.2,14.8,276.97937536036));
#1597 = SURFACE_CURVE('',#1598,(#1602,#1609),.PCURVE_S1.);
#1598 = LINE('',#1599,#1600);
#1599 = CARTESIAN_POINT('',(-141.2,-17.,276.97937536036));
#1600 = VECTOR('',#1601,1.);
#1601 = DIRECTION('',(0.,1.,0.));
#1602 = PCURVE('',#515,#1603);
#1603 = DEFINITIONAL_REPRESENTATION('',(#1604),#1608);
#1604 = LINE('',#1605,#1606);
#1605 = CARTESIAN_POINT('',(11.8,0.));
#1606 = VECTOR('',#1607,1.);
#1607 = DIRECTION('',(0.,1.));
#1608 = ( GEOMETRIC_REPRESENTATION_CONTEXT(2)
PARAMETRIC_REPRESENTATION_CONTEXT() REPRESENTATION_CONTEXT('2D SPACE',''
  ) );
#1609 = PCURVE('',#1610,#1615);
#1610 = CYLINDRICAL_SURFACE('',#1611,2.2);
#1611 = AXIS2_PLACEMENT_3D('',#1612,#1613,#1614);
#1612 = CARTESIAN_POINT('',(-141.2,-17.,274.77937536036));
#1613 = DIRECTION('',(0.,1.,0.));
#1614 = DIRECTION('',(1.,0.,-0.));
#1615 = DEFINITIONAL_REPRESENTATION('',(#1616),#1620);
#1616 = LINE('',#1617,#1618);
#1617 = CARTESIAN_POINT('',(-1.570796326795,0.));
#1618 = VECTOR('',#1619,1.);
#1619 = DIRECTION('',(-0.,1.));
#1620 = ( GEOMETRIC_REPRESENTATION_CONTEXT(2)
PARAMETRIC_REPRESENTATION_CONTEXT() REPRESENTATION_CONTEXT('2D SPACE',''
  ) );
#1621 = ORIENTED_EDGE('',*,*,#1622,.F.);
#1622 = EDGE_CURVE('',#500,#1595,#1623,.T.);
#1623 = SURFACE_CURVE('',#1624,(#1628,#1635),.PCURVE_S1.);
#1624 = LINE('',#1625,#1626);
#1625 = CARTESIAN_POINT('',(-153.,14.8,276.97937536036));
#1626 = VECTOR('',#1627,1.);
#1627 = DIRECTION('',(1.,0.,0.));
#1628 = PCURVE('',#515,#1629);
#1629 = DEFINITIONAL_REPRESENTATION('',(#1630),#1634);
#1630 = LINE('',#1631,#1632);
#1631 = CARTESIAN_POINT('',(0.,31.8));
#1632 = VECTOR('',#1633,1.);
#1633 = DIRECTION('',(1.,0.));
#1634 = ( GEOMETRIC_REPRESENTATION_CONTEXT(2)
PARAMETRIC_REPRESENTATION_CONTEXT() REPRESENTATION_CONTEXT('2D SPACE',''
  ) );
#1635 = PCURVE('',#1636,#1641);
#1636 = CYLINDRICAL_SURFACE('',#1637,2.2);
#1637 = AXIS2_PLACEMENT_3D('',#1638,#1639,#1640);
#1638 = CARTESIAN_POINT('',(-153.,14.8,274.77937536036));
#1639 = DIRECTION('',(1.,0.,0.));
#1640 = DIRECTION('',(-0.,1.,0.));
#1641 = DEFINITIONAL_REPRESENTATION('',(#1642),#1646);
#1642 = LINE('',#1643,#1644);
#1643 = CARTESIAN_POINT('',(1.570796326795,0.));
#1644 = VECTOR('',#1645,1.);
#1645 = DIRECTION('',(0.,1.));
#1646 = ( GEOMETRIC_REPRESENTATION_CONTEXT(2)
PARAMETRIC_REPRESENTATION_CONTEXT() REPRESENTATION_CONTEXT('2D SPACE',''
  ) );
#1647 = ADVANCED_FACE('',(#1648),#542,.T.);
#1648 = FACE_BOUND('',#1649,.F.);
#1649 = EDGE_LOOP('',(#1650,#1651,#1673));
#1650 = ORIENTED_EDGE('',*,*,#712,.F.);
#1651 = ORIENTED_EDGE('',*,*,#1652,.T.);
#1652 = EDGE_CURVE('',#685,#500,#1653,.T.);
#1653 = SURFACE_CURVE('',#1654,(#1659,#1666),.PCURVE_S1.);
#1654 = CIRCLE('',#1655,2.2);
#1655 = AXIS2_PLACEMENT_3D('',#1656,#1657,#1658);
#1656 = CARTESIAN_POINT('',(-150.8,14.8,274.77937536036));
#1657 = DIRECTION('',(1.,0.,6.123233995737E-17));
#1658 = DIRECTION('',(-6.123233995737E-17,0.,1.));
#1659 = PCURVE('',#542,#1660);
#1660 = DEFINITIONAL_REPRESENTATION('',(#1661),#1665);
#1661 = LINE('',#1662,#1663);
#1662 = CARTESIAN_POINT('',(-1.570796326795,-6.28318530718));
#1663 = VECTOR('',#1664,1.);
#1664 = DIRECTION('',(-0.,1.));
#1665 = ( GEOMETRIC_REPRESENTATION_CONTEXT(2)
PARAMETRIC_REPRESENTATION_CONTEXT() REPRESENTATION_CONTEXT('2D SPACE',''
  ) );
#1666 = PCURVE('',#1636,#1667);
#1667 = DEFINITIONAL_REPRESENTATION('',(#1668),#1672);
#1668 = LINE('',#1669,#1670);
#1669 = CARTESIAN_POINT('',(-4.712388980385,2.2));
#1670 = VECTOR('',#1671,1.);
#1671 = DIRECTION('',(1.,0.));
#1672 = ( GEOMETRIC_REPRESENTATION_CONTEXT(2)
PARAMETRIC_REPRESENTATION_CONTEXT() REPRESENTATION_CONTEXT('2D SPACE',''
  ) );
#1673 = ORIENTED_EDGE('',*,*,#527,.F.);
#1674 = ADVANCED_FACE('',(#1675),#700,.T.);
#1675 = FACE_BOUND('',#1676,.T.);
#1676 = EDGE_LOOP('',(#1677,#1705,#1706,#1729,#1757,#1790));
#1677 = ORIENTED_EDGE('',*,*,#1678,.T.);
#1678 = EDGE_CURVE('',#1679,#612,#1681,.T.);
#1679 = VERTEX_POINT('',#1680);
#1680 = CARTESIAN_POINT('',(-149.,17.,272.21544333786));
#1681 = SURFACE_CURVE('',#1682,(#1687,#1698),.PCURVE_S1.);
#1682 = CIRCLE('',#1683,2.2360679775);
#1683 = AXIS2_PLACEMENT_3D('',#1684,#1685,#1686);
#1684 = CARTESIAN_POINT('',(-149.,17.,269.97937536036));
#1685 = DIRECTION('',(-0.,-1.,-0.));
#1686 = DIRECTION('',(-1.,0.,0.));
#1687 = PCURVE('',#700,#1688);
#1688 = DEFINITIONAL_REPRESENTATION('',(#1689),#1697);
#1689 = ( BOUNDED_CURVE() B_SPLINE_CURVE(2,(#1690,#1691,#1692,#1693,
#1694,#1695,#1696),.UNSPECIFIED.,.T.,.F.) B_SPLINE_CURVE_WITH_KNOTS((1,2
    ,2,2,2,1),(-2.094395102393,0.,2.094395102393,4.188790204786,
6.28318530718,8.377580409573),.UNSPECIFIED.) CURVE()
GEOMETRIC_REPRESENTATION_ITEM() RATIONAL_B_SPLINE_CURVE((1.,0.5,1.,0.5,
1.,0.5,1.)) REPRESENTATION_ITEM('') );
#1690 = CARTESIAN_POINT('',(13.,1.7639320225));
#1691 = CARTESIAN_POINT('',(9.127016653793,1.7639320225));
#1692 = CARTESIAN_POINT('',(11.063508326896,5.11803398875));
#1693 = CARTESIAN_POINT('',(13.,8.472135955));
#1694 = CARTESIAN_POINT('',(14.936491673104,5.11803398875));
#1695 = CARTESIAN_POINT('',(16.872983346207,1.7639320225));
#1696 = CARTESIAN_POINT('',(13.,1.7639320225));
#1697 = ( GEOMETRIC_REPRESENTATION_CONTEXT(2)
PARAMETRIC_REPRESENTATION_CONTEXT() REPRESENTATION_CONTEXT('2D SPACE',''
  ) );
#1698 = PCURVE('',#657,#1699);
#1699 = DEFINITIONAL_REPRESENTATION('',(#1700),#1704);
#1700 = LINE('',#1701,#1702);
#1701 = CARTESIAN_POINT('',(-6.28318530718,-0.729727656227));
#1702 = VECTOR('',#1703,1.);
#1703 = DIRECTION('',(1.,-0.));
#1704 = ( GEOMETRIC_REPRESENTATION_CONTEXT(2)
PARAMETRIC_REPRESENTATION_CONTEXT() REPRESENTATION_CONTEXT('2D SPACE',''
  ) );
#1705 = ORIENTED_EDGE('',*,*,#684,.T.);
#1706 = ORIENTED_EDGE('',*,*,#1707,.T.);
#1707 = EDGE_CURVE('',#685,#1708,#1710,.T.);
#1708 = VERTEX_POINT('',#1709);
#1709 = CARTESIAN_POINT('',(-141.2,17.,274.77937536036));
#1710 = SURFACE_CURVE('',#1711,(#1715,#1722),.PCURVE_S1.);
#1711 = LINE('',#1712,#1713);
#1712 = CARTESIAN_POINT('',(-153.,17.,274.77937536036));
#1713 = VECTOR('',#1714,1.);
#1714 = DIRECTION('',(1.,0.,0.));
#1715 = PCURVE('',#700,#1716);
#1716 = DEFINITIONAL_REPRESENTATION('',(#1717),#1721);
#1717 = LINE('',#1718,#1719);
#1718 = CARTESIAN_POINT('',(17.8,0.));
#1719 = VECTOR('',#1720,1.);
#1720 = DIRECTION('',(0.,1.));
#1721 = ( GEOMETRIC_REPRESENTATION_CONTEXT(2)
PARAMETRIC_REPRESENTATION_CONTEXT() REPRESENTATION_CONTEXT('2D SPACE',''
  ) );
#1722 = PCURVE('',#1636,#1723);
#1723 = DEFINITIONAL_REPRESENTATION('',(#1724),#1728);
#1724 = LINE('',#1725,#1726);
#1725 = CARTESIAN_POINT('',(0.,0.));
#1726 = VECTOR('',#1727,1.);
#1727 = DIRECTION('',(0.,1.));
#1728 = ( GEOMETRIC_REPRESENTATION_CONTEXT(2)
PARAMETRIC_REPRESENTATION_CONTEXT() REPRESENTATION_CONTEXT('2D SPACE',''
  ) );
#1729 = ORIENTED_EDGE('',*,*,#1730,.F.);
#1730 = EDGE_CURVE('',#1731,#1708,#1733,.T.);
#1731 = VERTEX_POINT('',#1732);
#1732 = CARTESIAN_POINT('',(-141.2,17.,271.30602527651));
#1733 = SURFACE_CURVE('',#1734,(#1738,#1745),.PCURVE_S1.);
#1734 = LINE('',#1735,#1736);
#1735 = CARTESIAN_POINT('',(-141.2,17.,256.97937536036));
#1736 = VECTOR('',#1737,1.);
#1737 = DIRECTION('',(0.,0.,1.));
#1738 = PCURVE('',#700,#1739);
#1739 = DEFINITIONAL_REPRESENTATION('',(#1740),#1744);
#1740 = LINE('',#1741,#1742);
#1741 = CARTESIAN_POINT('',(0.,11.8));
#1742 = VECTOR('',#1743,1.);
#1743 = DIRECTION('',(1.,0.));
#1744 = ( GEOMETRIC_REPRESENTATION_CONTEXT(2)
PARAMETRIC_REPRESENTATION_CONTEXT() REPRESENTATION_CONTEXT('2D SPACE',''
  ) );
#1745 = PCURVE('',#1746,#1751);
#1746 = CYLINDRICAL_SURFACE('',#1747,2.2);
#1747 = AXIS2_PLACEMENT_3D('',#1748,#1749,#1750);
#1748 = CARTESIAN_POINT('',(-141.2,14.8,256.97937536036));
#1749 = DIRECTION('',(0.,0.,1.));
#1750 = DIRECTION('',(1.,0.,-0.));
#1751 = DEFINITIONAL_REPRESENTATION('',(#1752),#1756);
#1752 = LINE('',#1753,#1754);
#1753 = CARTESIAN_POINT('',(1.570796326795,0.));
#1754 = VECTOR('',#1755,1.);
#1755 = DIRECTION('',(0.,1.));
#1756 = ( GEOMETRIC_REPRESENTATION_CONTEXT(2)
PARAMETRIC_REPRESENTATION_CONTEXT() REPRESENTATION_CONTEXT('2D SPACE',''
  ) );
#1757 = ORIENTED_EDGE('',*,*,#1758,.T.);
#1758 = EDGE_CURVE('',#1731,#1759,#1761,.T.);
#1759 = VERTEX_POINT('',#1760);
#1760 = CARTESIAN_POINT('',(-143.,17.,272.21544333786));
#1761 = SURFACE_CURVE('',#1762,(#1767,#1778),.PCURVE_S1.);
#1762 = CIRCLE('',#1763,2.2360679775);
#1763 = AXIS2_PLACEMENT_3D('',#1764,#1765,#1766);
#1764 = CARTESIAN_POINT('',(-143.,17.,269.97937536036));
#1765 = DIRECTION('',(-0.,-1.,0.));
#1766 = DIRECTION('',(1.,-0.,0.));
#1767 = PCURVE('',#700,#1768);
#1768 = DEFINITIONAL_REPRESENTATION('',(#1769),#1777);
#1769 = ( BOUNDED_CURVE() B_SPLINE_CURVE(2,(#1770,#1771,#1772,#1773,
#1774,#1775,#1776),.UNSPECIFIED.,.T.,.F.) B_SPLINE_CURVE_WITH_KNOTS((1,2
    ,2,2,2,1),(-2.094395102393,0.,2.094395102393,4.188790204786,
6.28318530718,8.377580409573),.UNSPECIFIED.) CURVE()
GEOMETRIC_REPRESENTATION_ITEM() RATIONAL_B_SPLINE_CURVE((1.,0.5,1.,0.5,
1.,0.5,1.)) REPRESENTATION_ITEM('') );
#1770 = CARTESIAN_POINT('',(13.,12.2360679775));
#1771 = CARTESIAN_POINT('',(16.872983346207,12.2360679775));
#1772 = CARTESIAN_POINT('',(14.936491673104,8.88196601125));
#1773 = CARTESIAN_POINT('',(13.,5.527864045));
#1774 = CARTESIAN_POINT('',(11.063508326896,8.88196601125));
#1775 = CARTESIAN_POINT('',(9.127016653793,12.2360679775));
#1776 = CARTESIAN_POINT('',(13.,12.2360679775));
#1777 = ( GEOMETRIC_REPRESENTATION_CONTEXT(2)
PARAMETRIC_REPRESENTATION_CONTEXT() REPRESENTATION_CONTEXT('2D SPACE',''
  ) );
#1778 = PCURVE('',#1779,#1784);
#1779 = SPHERICAL_SURFACE('',#1780,3.);
#1780 = AXIS2_PLACEMENT_3D('',#1781,#1782,#1783);
#1781 = CARTESIAN_POINT('',(-143.,15.,269.97937536036));
#1782 = DIRECTION('',(-0.,-1.,-0.));
#1783 = DIRECTION('',(1.,-0.,0.));
#1784 = DEFINITIONAL_REPRESENTATION('',(#1785),#1789);
#1785 = LINE('',#1786,#1787);
#1786 = CARTESIAN_POINT('',(0.,-0.729727656227));
#1787 = VECTOR('',#1788,1.);
#1788 = DIRECTION('',(1.,0.));
#1789 = ( GEOMETRIC_REPRESENTATION_CONTEXT(2)
PARAMETRIC_REPRESENTATION_CONTEXT() REPRESENTATION_CONTEXT('2D SPACE',''
  ) );
#1790 = ORIENTED_EDGE('',*,*,#1791,.F.);
#1791 = EDGE_CURVE('',#1679,#1759,#1792,.T.);
#1792 = SURFACE_CURVE('',#1793,(#1797,#1804),.PCURVE_S1.);
#1793 = LINE('',#1794,#1795);
#1794 = CARTESIAN_POINT('',(-152.,17.,272.21544333786));
#1795 = VECTOR('',#1796,1.);
#1796 = DIRECTION('',(1.,0.,0.));
#1797 = PCURVE('',#700,#1798);
#1798 = DEFINITIONAL_REPRESENTATION('',(#1799),#1803);
#1799 = LINE('',#1800,#1801);
#1800 = CARTESIAN_POINT('',(15.2360679775,1.));
#1801 = VECTOR('',#1802,1.);
#1802 = DIRECTION('',(0.,1.));
#1803 = ( GEOMETRIC_REPRESENTATION_CONTEXT(2)
PARAMETRIC_REPRESENTATION_CONTEXT() REPRESENTATION_CONTEXT('2D SPACE',''
  ) );
#1804 = PCURVE('',#1805,#1810);
#1805 = CYLINDRICAL_SURFACE('',#1806,3.);
#1806 = AXIS2_PLACEMENT_3D('',#1807,#1808,#1809);
#1807 = CARTESIAN_POINT('',(-152.,15.,269.97937536036));
#1808 = DIRECTION('',(1.,0.,0.));
#1809 = DIRECTION('',(-0.,1.,0.));
#1810 = DEFINITIONAL_REPRESENTATION('',(#1811),#1815);
#1811 = LINE('',#1812,#1813);
#1812 = CARTESIAN_POINT('',(0.841068670568,0.));
#1813 = VECTOR('',#1814,1.);
#1814 = DIRECTION('',(0.,1.));
#1815 = ( GEOMETRIC_REPRESENTATION_CONTEXT(2)
PARAMETRIC_REPRESENTATION_CONTEXT() REPRESENTATION_CONTEXT('2D SPACE',''
  ) );
#1816 = ADVANCED_FACE('',(#1817),#657,.T.);
#1817 = FACE_BOUND('',#1818,.F.);
#1818 = EDGE_LOOP('',(#1819,#1843,#1865,#1866));
#1819 = ORIENTED_EDGE('',*,*,#1820,.F.);
#1820 = EDGE_CURVE('',#1821,#584,#1823,.T.);
#1821 = VERTEX_POINT('',#1822);
#1822 = CARTESIAN_POINT('',(-149.,18.,269.97937536036));
#1823 = SURFACE_CURVE('',#1824,(#1829,#1836),.PCURVE_S1.);
#1824 = CIRCLE('',#1825,3.);
#1825 = AXIS2_PLACEMENT_3D('',#1826,#1827,#1828);
#1826 = CARTESIAN_POINT('',(-149.,15.,269.97937536036));
#1827 = DIRECTION('',(0.,0.,1.));
#1828 = DIRECTION('',(-1.,0.,0.));
#1829 = PCURVE('',#657,#1830);
#1830 = DEFINITIONAL_REPRESENTATION('',(#1831),#1835);
#1831 = LINE('',#1832,#1833);
#1832 = CARTESIAN_POINT('',(-0.,-6.28318530718));
#1833 = VECTOR('',#1834,1.);
#1834 = DIRECTION('',(-0.,1.));
#1835 = ( GEOMETRIC_REPRESENTATION_CONTEXT(2)
PARAMETRIC_REPRESENTATION_CONTEXT() REPRESENTATION_CONTEXT('2D SPACE',''
  ) );
#1836 = PCURVE('',#599,#1837);
#1837 = DEFINITIONAL_REPRESENTATION('',(#1838),#1842);
#1838 = LINE('',#1839,#1840);
#1839 = CARTESIAN_POINT('',(-6.28318530718,45.));
#1840 = VECTOR('',#1841,1.);
#1841 = DIRECTION('',(1.,-0.));
#1842 = ( GEOMETRIC_REPRESENTATION_CONTEXT(2)
PARAMETRIC_REPRESENTATION_CONTEXT() REPRESENTATION_CONTEXT('2D SPACE',''
  ) );
#1843 = ORIENTED_EDGE('',*,*,#1844,.T.);
#1844 = EDGE_CURVE('',#1821,#1679,#1845,.T.);
#1845 = SURFACE_CURVE('',#1846,(#1851,#1858),.PCURVE_S1.);
#1846 = CIRCLE('',#1847,3.);
#1847 = AXIS2_PLACEMENT_3D('',#1848,#1849,#1850);
#1848 = CARTESIAN_POINT('',(-149.,15.,269.97937536036));
#1849 = DIRECTION('',(1.,0.,6.123233995737E-17));
#1850 = DIRECTION('',(-6.123233995737E-17,0.,1.));
#1851 = PCURVE('',#657,#1852);
#1852 = DEFINITIONAL_REPRESENTATION('',(#1853),#1857);
#1853 = LINE('',#1854,#1855);
#1854 = CARTESIAN_POINT('',(-1.570796326795,-6.28318530718));
#1855 = VECTOR('',#1856,1.);
#1856 = DIRECTION('',(-0.,1.));
#1857 = ( GEOMETRIC_REPRESENTATION_CONTEXT(2)
PARAMETRIC_REPRESENTATION_CONTEXT() REPRESENTATION_CONTEXT('2D SPACE',''
  ) );
#1858 = PCURVE('',#1805,#1859);
#1859 = DEFINITIONAL_REPRESENTATION('',(#1860),#1864);
#1860 = LINE('',#1861,#1862);
#1861 = CARTESIAN_POINT('',(-4.712388980385,3.));
#1862 = VECTOR('',#1863,1.);
#1863 = DIRECTION('',(1.,0.));
#1864 = ( GEOMETRIC_REPRESENTATION_CONTEXT(2)
PARAMETRIC_REPRESENTATION_CONTEXT() REPRESENTATION_CONTEXT('2D SPACE',''
  ) );
#1865 = ORIENTED_EDGE('',*,*,#1678,.T.);
#1866 = ORIENTED_EDGE('',*,*,#611,.T.);
#1867 = ADVANCED_FACE('',(#1868),#599,.T.);
#1868 = FACE_BOUND('',#1869,.F.);
#1869 = EDGE_LOOP('',(#1870,#1871,#1900,#1926,#1927,#1928));
#1870 = ORIENTED_EDGE('',*,*,#1543,.F.);
#1871 = ORIENTED_EDGE('',*,*,#1872,.T.);
#1872 = EDGE_CURVE('',#1516,#1873,#1875,.T.);
#1873 = VERTEX_POINT('',#1874);
#1874 = CARTESIAN_POINT('',(-149.,18.,227.97937536036));
#1875 = SURFACE_CURVE('',#1876,(#1881,#1888),.PCURVE_S1.);
#1876 = CIRCLE('',#1877,3.);
#1877 = AXIS2_PLACEMENT_3D('',#1878,#1879,#1880);
#1878 = CARTESIAN_POINT('',(-149.,15.,227.97937536036));
#1879 = DIRECTION('',(-0.,0.,-1.));
#1880 = DIRECTION('',(-1.,0.,0.));
#1881 = PCURVE('',#599,#1882);
#1882 = DEFINITIONAL_REPRESENTATION('',(#1883),#1887);
#1883 = LINE('',#1884,#1885);
#1884 = CARTESIAN_POINT('',(-0.,3.));
#1885 = VECTOR('',#1886,1.);
#1886 = DIRECTION('',(-1.,0.));
#1887 = ( GEOMETRIC_REPRESENTATION_CONTEXT(2)
PARAMETRIC_REPRESENTATION_CONTEXT() REPRESENTATION_CONTEXT('2D SPACE',''
  ) );
#1888 = PCURVE('',#1889,#1894);
#1889 = SPHERICAL_SURFACE('',#1890,3.);
#1890 = AXIS2_PLACEMENT_3D('',#1891,#1892,#1893);
#1891 = CARTESIAN_POINT('',(-149.,15.,227.97937536036));
#1892 = DIRECTION('',(0.,0.,1.));
#1893 = DIRECTION('',(-1.,0.,0.));
#1894 = DEFINITIONAL_REPRESENTATION('',(#1895),#1899);
#1895 = LINE('',#1896,#1897);
#1896 = CARTESIAN_POINT('',(-0.,0.));
#1897 = VECTOR('',#1898,1.);
#1898 = DIRECTION('',(-1.,0.));
#1899 = ( GEOMETRIC_REPRESENTATION_CONTEXT(2)
PARAMETRIC_REPRESENTATION_CONTEXT() REPRESENTATION_CONTEXT('2D SPACE',''
  ) );
#1900 = ORIENTED_EDGE('',*,*,#1901,.T.);
#1901 = EDGE_CURVE('',#1873,#1821,#1902,.T.);
#1902 = SURFACE_CURVE('',#1903,(#1907,#1914),.PCURVE_S1.);
#1903 = LINE('',#1904,#1905);
#1904 = CARTESIAN_POINT('',(-149.,18.,224.97937536036));
#1905 = VECTOR('',#1906,1.);
#1906 = DIRECTION('',(0.,0.,1.));
#1907 = PCURVE('',#599,#1908);
#1908 = DEFINITIONAL_REPRESENTATION('',(#1909),#1913);
#1909 = LINE('',#1910,#1911);
#1910 = CARTESIAN_POINT('',(-1.570796326795,0.));
#1911 = VECTOR('',#1912,1.);
#1912 = DIRECTION('',(-0.,1.));
#1913 = ( GEOMETRIC_REPRESENTATION_CONTEXT(2)
PARAMETRIC_REPRESENTATION_CONTEXT() REPRESENTATION_CONTEXT('2D SPACE',''
  ) );
#1914 = PCURVE('',#1915,#1920);
#1915 = PLANE('',#1916);
#1916 = AXIS2_PLACEMENT_3D('',#1917,#1918,#1919);
#1917 = CARTESIAN_POINT('',(-152.,18.,224.97937536036));
#1918 = DIRECTION('',(0.,1.,0.));
#1919 = DIRECTION('',(0.,0.,1.));
#1920 = DEFINITIONAL_REPRESENTATION('',(#1921),#1925);
#1921 = LINE('',#1922,#1923);
#1922 = CARTESIAN_POINT('',(0.,3.));
#1923 = VECTOR('',#1924,1.);
#1924 = DIRECTION('',(1.,0.));
#1925 = ( GEOMETRIC_REPRESENTATION_CONTEXT(2)
PARAMETRIC_REPRESENTATION_CONTEXT() REPRESENTATION_CONTEXT('2D SPACE',''
  ) );
#1926 = ORIENTED_EDGE('',*,*,#1820,.T.);
#1927 = ORIENTED_EDGE('',*,*,#583,.F.);
#1928 = ORIENTED_EDGE('',*,*,#1372,.F.);
#1929 = ADVANCED_FACE('',(#1930),#754,.F.);
#1930 = FACE_BOUND('',#1931,.F.);
#1931 = EDGE_LOOP('',(#1932));
#1932 = ORIENTED_EDGE('',*,*,#737,.T.);
#1933 = ADVANCED_FACE('',(#1934),#809,.F.);
#1934 = FACE_BOUND('',#1935,.F.);
#1935 = EDGE_LOOP('',(#1936));
#1936 = ORIENTED_EDGE('',*,*,#792,.T.);
#1937 = ADVANCED_FACE('',(#1938),#863,.T.);
#1938 = FACE_BOUND('',#1939,.F.);
#1939 = EDGE_LOOP('',(#1940,#1941,#1942,#1969));
#1940 = ORIENTED_EDGE('',*,*,#848,.F.);
#1941 = ORIENTED_EDGE('',*,*,#1571,.T.);
#1942 = ORIENTED_EDGE('',*,*,#1943,.T.);
#1943 = EDGE_CURVE('',#1572,#918,#1944,.T.);
#1944 = SURFACE_CURVE('',#1945,(#1950,#1957),.PCURVE_S1.);
#1945 = CIRCLE('',#1946,2.2);
#1946 = AXIS2_PLACEMENT_3D('',#1947,#1948,#1949);
#1947 = CARTESIAN_POINT('',(-141.2,-14.8,274.77937536036));
#1948 = DIRECTION('',(1.,6.123233995737E-17,0.));
#1949 = DIRECTION('',(6.123233995737E-17,-1.,0.));
#1950 = PCURVE('',#863,#1951);
#1951 = DEFINITIONAL_REPRESENTATION('',(#1952),#1956);
#1952 = LINE('',#1953,#1954);
#1953 = CARTESIAN_POINT('',(-6.28318530718,11.8));
#1954 = VECTOR('',#1955,1.);
#1955 = DIRECTION('',(1.,-0.));
#1956 = ( GEOMETRIC_REPRESENTATION_CONTEXT(2)
PARAMETRIC_REPRESENTATION_CONTEXT() REPRESENTATION_CONTEXT('2D SPACE',''
  ) );
#1957 = PCURVE('',#1958,#1963);
#1958 = SPHERICAL_SURFACE('',#1959,2.2);
#1959 = AXIS2_PLACEMENT_3D('',#1960,#1961,#1962);
#1960 = CARTESIAN_POINT('',(-141.2,-14.8,274.77937536036));
#1961 = DIRECTION('',(-0.,-0.,-1.));
#1962 = DIRECTION('',(1.,0.,0.));
#1963 = DEFINITIONAL_REPRESENTATION('',(#1964),#1968);
#1964 = LINE('',#1965,#1966);
#1965 = CARTESIAN_POINT('',(1.570796326795,-6.28318530718));
#1966 = VECTOR('',#1967,1.);
#1967 = DIRECTION('',(0.,1.));
#1968 = ( GEOMETRIC_REPRESENTATION_CONTEXT(2)
PARAMETRIC_REPRESENTATION_CONTEXT() REPRESENTATION_CONTEXT('2D SPACE',''
  ) );
#1969 = ORIENTED_EDGE('',*,*,#917,.F.);
#1970 = ADVANCED_FACE('',(#1971),#1024,.T.);
#1971 = FACE_BOUND('',#1972,.F.);
#1972 = EDGE_LOOP('',(#1973,#1974,#1975,#1999));
#1973 = ORIENTED_EDGE('',*,*,#1040,.F.);
#1974 = ORIENTED_EDGE('',*,*,#1010,.T.);
#1975 = ORIENTED_EDGE('',*,*,#1976,.T.);
#1976 = EDGE_CURVE('',#969,#1977,#1979,.T.);
#1977 = VERTEX_POINT('',#1978);
#1978 = CARTESIAN_POINT('',(-143.,-18.,269.97937536036));
#1979 = SURFACE_CURVE('',#1980,(#1985,#1992),.PCURVE_S1.);
#1980 = CIRCLE('',#1981,3.);
#1981 = AXIS2_PLACEMENT_3D('',#1982,#1983,#1984);
#1982 = CARTESIAN_POINT('',(-143.,-15.,269.97937536036));
#1983 = DIRECTION('',(1.,6.123233995737E-17,0.));
#1984 = DIRECTION('',(6.123233995737E-17,-1.,0.));
#1985 = PCURVE('',#1024,#1986);
#1986 = DEFINITIONAL_REPRESENTATION('',(#1987),#1991);
#1987 = LINE('',#1988,#1989);
#1988 = CARTESIAN_POINT('',(-6.28318530718,9.));
#1989 = VECTOR('',#1990,1.);
#1990 = DIRECTION('',(1.,-0.));
#1991 = ( GEOMETRIC_REPRESENTATION_CONTEXT(2)
PARAMETRIC_REPRESENTATION_CONTEXT() REPRESENTATION_CONTEXT('2D SPACE',''
  ) );
#1992 = PCURVE('',#985,#1993);
#1993 = DEFINITIONAL_REPRESENTATION('',(#1994),#1998);
#1994 = LINE('',#1995,#1996);
#1995 = CARTESIAN_POINT('',(1.570796326795,-6.28318530718));
#1996 = VECTOR('',#1997,1.);
#1997 = DIRECTION('',(0.,1.));
#1998 = ( GEOMETRIC_REPRESENTATION_CONTEXT(2)
PARAMETRIC_REPRESENTATION_CONTEXT() REPRESENTATION_CONTEXT('2D SPACE',''
  ) );
#1999 = ORIENTED_EDGE('',*,*,#2000,.F.);
#2000 = EDGE_CURVE('',#1041,#1977,#2001,.T.);
#2001 = SURFACE_CURVE('',#2002,(#2006,#2013),.PCURVE_S1.);
#2002 = LINE('',#2003,#2004);
#2003 = CARTESIAN_POINT('',(-152.,-18.,269.97937536036));
#2004 = VECTOR('',#2005,1.);
#2005 = DIRECTION('',(1.,0.,0.));
#2006 = PCURVE('',#1024,#2007);
#2007 = DEFINITIONAL_REPRESENTATION('',(#2008),#2012);
#2008 = LINE('',#2009,#2010);
#2009 = CARTESIAN_POINT('',(-0.,0.));
#2010 = VECTOR('',#2011,1.);
#2011 = DIRECTION('',(-0.,1.));
#2012 = ( GEOMETRIC_REPRESENTATION_CONTEXT(2)
PARAMETRIC_REPRESENTATION_CONTEXT() REPRESENTATION_CONTEXT('2D SPACE',''
  ) );
#2013 = PCURVE('',#1158,#2014);
#2014 = DEFINITIONAL_REPRESENTATION('',(#2015),#2019);
#2015 = LINE('',#2016,#2017);
#2016 = CARTESIAN_POINT('',(45.,0.));
#2017 = VECTOR('',#2018,1.);
#2018 = DIRECTION('',(0.,1.));
#2019 = ( GEOMETRIC_REPRESENTATION_CONTEXT(2)
PARAMETRIC_REPRESENTATION_CONTEXT() REPRESENTATION_CONTEXT('2D SPACE',''
  ) );
#2020 = ADVANCED_FACE('',(#2021),#985,.T.);
#2021 = FACE_BOUND('',#2022,.T.);
#2022 = EDGE_LOOP('',(#2023,#2024,#2025,#2054));
#2023 = ORIENTED_EDGE('',*,*,#968,.F.);
#2024 = ORIENTED_EDGE('',*,*,#1976,.T.);
#2025 = ORIENTED_EDGE('',*,*,#2026,.F.);
#2026 = EDGE_CURVE('',#2027,#1977,#2029,.T.);
#2027 = VERTEX_POINT('',#2028);
#2028 = CARTESIAN_POINT('',(-140.7170731707,-16.94634146341,
    269.97937536036));
#2029 = SURFACE_CURVE('',#2030,(#2035,#2042),.PCURVE_S1.);
#2030 = CIRCLE('',#2031,3.);
#2031 = AXIS2_PLACEMENT_3D('',#2032,#2033,#2034);
#2032 = CARTESIAN_POINT('',(-143.,-15.,269.97937536036));
#2033 = DIRECTION('',(0.,0.,-1.));
#2034 = DIRECTION('',(1.,0.,0.));
#2035 = PCURVE('',#985,#2036);
#2036 = DEFINITIONAL_REPRESENTATION('',(#2037),#2041);
#2037 = LINE('',#2038,#2039);
#2038 = CARTESIAN_POINT('',(0.,0.));
#2039 = VECTOR('',#2040,1.);
#2040 = DIRECTION('',(1.,0.));
#2041 = ( GEOMETRIC_REPRESENTATION_CONTEXT(2)
PARAMETRIC_REPRESENTATION_CONTEXT() REPRESENTATION_CONTEXT('2D SPACE',''
  ) );
#2042 = PCURVE('',#2043,#2048);
#2043 = CYLINDRICAL_SURFACE('',#2044,3.);
#2044 = AXIS2_PLACEMENT_3D('',#2045,#2046,#2047);
#2045 = CARTESIAN_POINT('',(-143.,-15.,224.97937536036));
#2046 = DIRECTION('',(0.,0.,1.));
#2047 = DIRECTION('',(1.,0.,-0.));
#2048 = DEFINITIONAL_REPRESENTATION('',(#2049),#2053);
#2049 = LINE('',#2050,#2051);
#2050 = CARTESIAN_POINT('',(-0.,45.));
#2051 = VECTOR('',#2052,1.);
#2052 = DIRECTION('',(-1.,0.));
#2053 = ( GEOMETRIC_REPRESENTATION_CONTEXT(2)
PARAMETRIC_REPRESENTATION_CONTEXT() REPRESENTATION_CONTEXT('2D SPACE',''
  ) );
#2054 = ORIENTED_EDGE('',*,*,#2055,.F.);
#2055 = EDGE_CURVE('',#941,#2027,#2056,.T.);
#2056 = SURFACE_CURVE('',#2057,(#2076,#2098),.PCURVE_S1.);
#2057 = B_SPLINE_CURVE_WITH_KNOTS('',5,(#2058,#2059,#2060,#2061,#2062,
    #2063,#2064,#2065,#2066,#2067,#2068,#2069,#2070,#2071,#2072,#2073,
    #2074,#2075),.UNSPECIFIED.,.F.,.F.,(6,4,4,4,6),(0.,0.230140497525,
    0.443005505129,0.658805242459,1.),.UNSPECIFIED.);
#2058 = CARTESIAN_POINT('',(-141.2,-17.,271.30602527651));
#2059 = CARTESIAN_POINT('',(-141.1590728649,-17.,271.25049529668));
#2060 = CARTESIAN_POINT('',(-141.1198124771,-16.99904804085,
    271.1941781505));
#2061 = CARTESIAN_POINT('',(-141.0823371496,-16.99730006473,
    271.13709185271));
#2062 = CARTESIAN_POINT('',(-141.0467639449,-16.99491522465,
    271.07925923779));
#2063 = CARTESIAN_POINT('',(-140.9821722298,-16.98941118064,
    270.96655183194));
#2064 = CARTESIAN_POINT('',(-140.9528622836,-16.9863603371,
    270.91178143688));
#2065 = CARTESIAN_POINT('',(-140.9253700565,-16.98303077458,
    270.85641930812));
#2066 = CARTESIAN_POINT('',(-140.8997864275,-16.97955055267,
    270.80049511923));
#2067 = CARTESIAN_POINT('',(-140.8522815903,-16.97248164557,
    270.6868222807));
#2068 = CARTESIAN_POINT('',(-140.830415775,-16.96889212393,
    270.6290591918));
#2069 = CARTESIAN_POINT('',(-140.8106881532,-16.96539725626,
    270.5707998404));
#2070 = CARTESIAN_POINT('',(-140.7931819624,-16.96211458012,
    270.51209632116));
#2071 = CARTESIAN_POINT('',(-140.7539083114,-16.95443799799,
    270.35960054042));
#2072 = CARTESIAN_POINT('',(-140.7355740652,-16.95050607269,
    270.26523404651));
#2073 = CARTESIAN_POINT('',(-140.7232396474,-16.94772832298,
    270.17018733093));
#2074 = CARTESIAN_POINT('',(-140.7170731707,-16.94634146341,
    270.07477784894));
#2075 = CARTESIAN_POINT('',(-140.7170731707,-16.94634146341,
    269.97937536036));
#2076 = PCURVE('',#985,#2077);
#2077 = DEFINITIONAL_REPRESENTATION('',(#2078),#2097);
#2078 = B_SPLINE_CURVE_WITH_KNOTS('',5,(#2079,#2080,#2081,#2082,#2083,
    #2084,#2085,#2086,#2087,#2088,#2089,#2090,#2091,#2092,#2093,#2094,
    #2095,#2096),.UNSPECIFIED.,.F.,.F.,(6,4,4,4,6),(0.,0.230140497525,
    0.443005505129,0.658805242459,1.),.UNSPECIFIED.);
#2079 = CARTESIAN_POINT('',(0.837981225008,-0.458068593865));
#2080 = CARTESIAN_POINT('',(0.826675386599,-0.437431039393));
#2081 = CARTESIAN_POINT('',(0.815880888328,-0.416763388942));
#2082 = CARTESIAN_POINT('',(0.805610958363,-0.396055712639));
#2083 = CARTESIAN_POINT('',(0.795883541554,-0.37529970062));
#2084 = CARTESIAN_POINT('',(0.778246820768,-0.33523980538));
#2085 = CARTESIAN_POINT('',(0.770255831531,-0.315944038196));
#2086 = CARTESIAN_POINT('',(0.762765915763,-0.296596189423));
#2087 = CARTESIAN_POINT('',(0.755797767101,-0.277193275216));
#2088 = CARTESIAN_POINT('',(0.742858863985,-0.238008034248));
#2089 = CARTESIAN_POINT('',(0.736903194474,-0.2182241932));
#2090 = CARTESIAN_POINT('',(0.731527745792,-0.198383002323));
#2091 = CARTESIAN_POINT('',(0.726755273908,-0.178487137518));
#2092 = CARTESIAN_POINT('',(0.716043811327,-0.127009598896));
#2093 = CARTESIAN_POINT('',(0.711037919502,-9.535329876009E-02));
#2094 = CARTESIAN_POINT('',(0.707666206395,-6.360396770469E-02));
#2095 = CARTESIAN_POINT('',(0.705980775654,-3.180082952363E-02));
#2096 = CARTESIAN_POINT('',(0.705980775654,0.));
#2097 = ( GEOMETRIC_REPRESENTATION_CONTEXT(2)
PARAMETRIC_REPRESENTATION_CONTEXT() REPRESENTATION_CONTEXT('2D SPACE',''
  ) );
#2098 = PCURVE('',#956,#2099);
#2099 = DEFINITIONAL_REPRESENTATION('',(#2100),#2119);
#2100 = B_SPLINE_CURVE_WITH_KNOTS('',5,(#2101,#2102,#2103,#2104,#2105,
    #2106,#2107,#2108,#2109,#2110,#2111,#2112,#2113,#2114,#2115,#2116,
    #2117,#2118),.UNSPECIFIED.,.F.,.F.,(6,4,4,4,6),(0.,0.230140497525,
    0.443005505129,0.658805242459,1.),.UNSPECIFIED.);
#2101 = CARTESIAN_POINT('',(-1.570796326795,14.326649916142));
#2102 = CARTESIAN_POINT('',(-1.552193083594,14.271119936319));
#2103 = CARTESIAN_POINT('',(-1.534347392388,14.214802790132));
#2104 = CARTESIAN_POINT('',(-1.517299852633,14.157716492349));
#2105 = CARTESIAN_POINT('',(-1.501096505661,14.099883877423));
#2106 = CARTESIAN_POINT('',(-1.471630233602,13.987176471579));
#2107 = CARTESIAN_POINT('',(-1.458237899568,13.93240607652));
#2108 = CARTESIAN_POINT('',(-1.445652132387,13.877043947752));
#2109 = CARTESIAN_POINT('',(-1.433917023563,13.821119758869));
#2110 = CARTESIAN_POINT('',(-1.41208616075,13.707446920333));
#2111 = CARTESIAN_POINT('',(-1.402015254312,13.649683831433));
#2112 = CARTESIAN_POINT('',(-1.392909227632,13.591424480031));
#2113 = CARTESIAN_POINT('',(-1.384813415689,13.532720960792));
#2114 = CARTESIAN_POINT('',(-1.366623931092,13.38022518006));
#2115 = CARTESIAN_POINT('',(-1.358102058365,13.28585868615));
#2116 = CARTESIAN_POINT('',(-1.352354765022,13.190811970562));
#2117 = CARTESIAN_POINT('',(-1.349481884447,13.095402488571));
#2118 = CARTESIAN_POINT('',(-1.349481884447,13.));
#2119 = ( GEOMETRIC_REPRESENTATION_CONTEXT(2)
PARAMETRIC_REPRESENTATION_CONTEXT() REPRESENTATION_CONTEXT('2D SPACE',''
  ) );
#2120 = ADVANCED_FACE('',(#2121),#956,.T.);
#2121 = FACE_BOUND('',#2122,.F.);
#2122 = EDGE_LOOP('',(#2123,#2153,#2182,#2203,#2204,#2205));
#2123 = ORIENTED_EDGE('',*,*,#2124,.F.);
#2124 = EDGE_CURVE('',#2125,#2127,#2129,.T.);
#2125 = VERTEX_POINT('',#2126);
#2126 = CARTESIAN_POINT('',(-139.,-14.8,259.17937536036));
#2127 = VERTEX_POINT('',#2128);
#2128 = CARTESIAN_POINT('',(-139.,-14.8,274.77937536036));
#2129 = SURFACE_CURVE('',#2130,(#2134,#2141),.PCURVE_S1.);
#2130 = LINE('',#2131,#2132);
#2131 = CARTESIAN_POINT('',(-139.,-14.8,256.97937536036));
#2132 = VECTOR('',#2133,1.);
#2133 = DIRECTION('',(0.,0.,1.));
#2134 = PCURVE('',#956,#2135);
#2135 = DEFINITIONAL_REPRESENTATION('',(#2136),#2140);
#2136 = LINE('',#2137,#2138);
#2137 = CARTESIAN_POINT('',(-0.,0.));
#2138 = VECTOR('',#2139,1.);
#2139 = DIRECTION('',(-0.,1.));
#2140 = ( GEOMETRIC_REPRESENTATION_CONTEXT(2)
PARAMETRIC_REPRESENTATION_CONTEXT() REPRESENTATION_CONTEXT('2D SPACE',''
  ) );
#2141 = PCURVE('',#2142,#2147);
#2142 = PLANE('',#2143);
#2143 = AXIS2_PLACEMENT_3D('',#2144,#2145,#2146);
#2144 = CARTESIAN_POINT('',(-139.,-17.,256.97937536036));
#2145 = DIRECTION('',(1.,0.,0.));
#2146 = DIRECTION('',(0.,0.,1.));
#2147 = DEFINITIONAL_REPRESENTATION('',(#2148),#2152);
#2148 = LINE('',#2149,#2150);
#2149 = CARTESIAN_POINT('',(0.,-2.2));
#2150 = VECTOR('',#2151,1.);
#2151 = DIRECTION('',(1.,0.));
#2152 = ( GEOMETRIC_REPRESENTATION_CONTEXT(2)
PARAMETRIC_REPRESENTATION_CONTEXT() REPRESENTATION_CONTEXT('2D SPACE',''
  ) );
#2153 = ORIENTED_EDGE('',*,*,#2154,.T.);
#2154 = EDGE_CURVE('',#2125,#2155,#2157,.T.);
#2155 = VERTEX_POINT('',#2156);
#2156 = CARTESIAN_POINT('',(-140.7170731707,-16.94634146341,
    259.17937536036));
#2157 = SURFACE_CURVE('',#2158,(#2163,#2170),.PCURVE_S1.);
#2158 = CIRCLE('',#2159,2.2);
#2159 = AXIS2_PLACEMENT_3D('',#2160,#2161,#2162);
#2160 = CARTESIAN_POINT('',(-141.2,-14.8,259.17937536036));
#2161 = DIRECTION('',(0.,-0.,-1.));
#2162 = DIRECTION('',(1.,0.,-0.));
#2163 = PCURVE('',#956,#2164);
#2164 = DEFINITIONAL_REPRESENTATION('',(#2165),#2169);
#2165 = LINE('',#2166,#2167);
#2166 = CARTESIAN_POINT('',(-0.,2.2));
#2167 = VECTOR('',#2168,1.);
#2168 = DIRECTION('',(-1.,0.));
#2169 = ( GEOMETRIC_REPRESENTATION_CONTEXT(2)
PARAMETRIC_REPRESENTATION_CONTEXT() REPRESENTATION_CONTEXT('2D SPACE',''
  ) );
#2170 = PCURVE('',#2171,#2176);
#2171 = SPHERICAL_SURFACE('',#2172,2.2);
#2172 = AXIS2_PLACEMENT_3D('',#2173,#2174,#2175);
#2173 = CARTESIAN_POINT('',(-141.2,-14.8,259.17937536036));
#2174 = DIRECTION('',(0.,0.,1.));
#2175 = DIRECTION('',(1.,0.,-0.));
#2176 = DEFINITIONAL_REPRESENTATION('',(#2177),#2181);
#2177 = LINE('',#2178,#2179);
#2178 = CARTESIAN_POINT('',(-0.,0.));
#2179 = VECTOR('',#2180,1.);
#2180 = DIRECTION('',(-1.,0.));
#2181 = ( GEOMETRIC_REPRESENTATION_CONTEXT(2)
PARAMETRIC_REPRESENTATION_CONTEXT() REPRESENTATION_CONTEXT('2D SPACE',''
  ) );
#2182 = ORIENTED_EDGE('',*,*,#2183,.T.);
#2183 = EDGE_CURVE('',#2155,#2027,#2184,.T.);
#2184 = SURFACE_CURVE('',#2185,(#2189,#2196),.PCURVE_S1.);
#2185 = LINE('',#2186,#2187);
#2186 = CARTESIAN_POINT('',(-140.7170731707,-16.94634146341,
    256.97937536036));
#2187 = VECTOR('',#2188,1.);
#2188 = DIRECTION('',(0.,0.,1.));
#2189 = PCURVE('',#956,#2190);
#2190 = DEFINITIONAL_REPRESENTATION('',(#2191),#2195);
#2191 = LINE('',#2192,#2193);
#2192 = CARTESIAN_POINT('',(-1.349481884447,0.));
#2193 = VECTOR('',#2194,1.);
#2194 = DIRECTION('',(-0.,1.));
#2195 = ( GEOMETRIC_REPRESENTATION_CONTEXT(2)
PARAMETRIC_REPRESENTATION_CONTEXT() REPRESENTATION_CONTEXT('2D SPACE',''
  ) );
#2196 = PCURVE('',#2043,#2197);
#2197 = DEFINITIONAL_REPRESENTATION('',(#2198),#2202);
#2198 = LINE('',#2199,#2200);
#2199 = CARTESIAN_POINT('',(-0.705980775654,32.));
#2200 = VECTOR('',#2201,1.);
#2201 = DIRECTION('',(-0.,1.));
#2202 = ( GEOMETRIC_REPRESENTATION_CONTEXT(2)
PARAMETRIC_REPRESENTATION_CONTEXT() REPRESENTATION_CONTEXT('2D SPACE',''
  ) );
#2203 = ORIENTED_EDGE('',*,*,#2055,.F.);
#2204 = ORIENTED_EDGE('',*,*,#940,.T.);
#2205 = ORIENTED_EDGE('',*,*,#2206,.F.);
#2206 = EDGE_CURVE('',#2127,#918,#2207,.T.);
#2207 = SURFACE_CURVE('',#2208,(#2213,#2220),.PCURVE_S1.);
#2208 = CIRCLE('',#2209,2.2);
#2209 = AXIS2_PLACEMENT_3D('',#2210,#2211,#2212);
#2210 = CARTESIAN_POINT('',(-141.2,-14.8,274.77937536036));
#2211 = DIRECTION('',(0.,0.,-1.));
#2212 = DIRECTION('',(1.,0.,0.));
#2213 = PCURVE('',#956,#2214);
#2214 = DEFINITIONAL_REPRESENTATION('',(#2215),#2219);
#2215 = LINE('',#2216,#2217);
#2216 = CARTESIAN_POINT('',(-0.,17.8));
#2217 = VECTOR('',#2218,1.);
#2218 = DIRECTION('',(-1.,0.));
#2219 = ( GEOMETRIC_REPRESENTATION_CONTEXT(2)
PARAMETRIC_REPRESENTATION_CONTEXT() REPRESENTATION_CONTEXT('2D SPACE',''
  ) );
#2220 = PCURVE('',#1958,#2221);
#2221 = DEFINITIONAL_REPRESENTATION('',(#2222),#2226);
#2222 = LINE('',#2223,#2224);
#2223 = CARTESIAN_POINT('',(0.,0.));
#2224 = VECTOR('',#2225,1.);
#2225 = DIRECTION('',(1.,0.));
#2226 = ( GEOMETRIC_REPRESENTATION_CONTEXT(2)
PARAMETRIC_REPRESENTATION_CONTEXT() REPRESENTATION_CONTEXT('2D SPACE',''
  ) );
#2227 = ADVANCED_FACE('',(#2228),#1158,.F.);
#2228 = FACE_BOUND('',#2229,.F.);
#2229 = EDGE_LOOP('',(#2230,#2231,#2232,#2255));
#2230 = ORIENTED_EDGE('',*,*,#1144,.T.);
#2231 = ORIENTED_EDGE('',*,*,#2000,.T.);
#2232 = ORIENTED_EDGE('',*,*,#2233,.F.);
#2233 = EDGE_CURVE('',#2234,#1977,#2236,.T.);
#2234 = VERTEX_POINT('',#2235);
#2235 = CARTESIAN_POINT('',(-143.,-18.,227.97937536036));
#2236 = SURFACE_CURVE('',#2237,(#2241,#2248),.PCURVE_S1.);
#2237 = LINE('',#2238,#2239);
#2238 = CARTESIAN_POINT('',(-143.,-18.,224.97937536036));
#2239 = VECTOR('',#2240,1.);
#2240 = DIRECTION('',(0.,0.,1.));
#2241 = PCURVE('',#1158,#2242);
#2242 = DEFINITIONAL_REPRESENTATION('',(#2243),#2247);
#2243 = LINE('',#2244,#2245);
#2244 = CARTESIAN_POINT('',(0.,9.));
#2245 = VECTOR('',#2246,1.);
#2246 = DIRECTION('',(1.,0.));
#2247 = ( GEOMETRIC_REPRESENTATION_CONTEXT(2)
PARAMETRIC_REPRESENTATION_CONTEXT() REPRESENTATION_CONTEXT('2D SPACE',''
  ) );
#2248 = PCURVE('',#2043,#2249);
#2249 = DEFINITIONAL_REPRESENTATION('',(#2250),#2254);
#2250 = LINE('',#2251,#2252);
#2251 = CARTESIAN_POINT('',(-1.570796326795,0.));
#2252 = VECTOR('',#2253,1.);
#2253 = DIRECTION('',(-0.,1.));
#2254 = ( GEOMETRIC_REPRESENTATION_CONTEXT(2)
PARAMETRIC_REPRESENTATION_CONTEXT() REPRESENTATION_CONTEXT('2D SPACE',''
  ) );
#2255 = ORIENTED_EDGE('',*,*,#2256,.F.);
#2256 = EDGE_CURVE('',#1116,#2234,#2257,.T.);
#2257 = SURFACE_CURVE('',#2258,(#2262,#2269),.PCURVE_S1.);
#2258 = LINE('',#2259,#2260);
#2259 = CARTESIAN_POINT('',(-152.,-18.,227.97937536036));
#2260 = VECTOR('',#2261,1.);
#2261 = DIRECTION('',(1.,0.,0.));
#2262 = PCURVE('',#1158,#2263);
#2263 = DEFINITIONAL_REPRESENTATION('',(#2264),#2268);
#2264 = LINE('',#2265,#2266);
#2265 = CARTESIAN_POINT('',(3.,0.));
#2266 = VECTOR('',#2267,1.);
#2267 = DIRECTION('',(0.,1.));
#2268 = ( GEOMETRIC_REPRESENTATION_CONTEXT(2)
PARAMETRIC_REPRESENTATION_CONTEXT() REPRESENTATION_CONTEXT('2D SPACE',''
  ) );
#2269 = PCURVE('',#2270,#2275);
#2270 = CYLINDRICAL_SURFACE('',#2271,3.);
#2271 = AXIS2_PLACEMENT_3D('',#2272,#2273,#2274);
#2272 = CARTESIAN_POINT('',(-152.,-15.,227.97937536036));
#2273 = DIRECTION('',(1.,0.,0.));
#2274 = DIRECTION('',(0.,-1.,0.));
#2275 = DEFINITIONAL_REPRESENTATION('',(#2276),#2280);
#2276 = LINE('',#2277,#2278);
#2277 = CARTESIAN_POINT('',(0.,0.));
#2278 = VECTOR('',#2279,1.);
#2279 = DIRECTION('',(0.,1.));
#2280 = ( GEOMETRIC_REPRESENTATION_CONTEXT(2)
PARAMETRIC_REPRESENTATION_CONTEXT() REPRESENTATION_CONTEXT('2D SPACE',''
  ) );
#2281 = ADVANCED_FACE('',(#2282),#1132,.T.);
#2282 = FACE_BOUND('',#2283,.T.);
#2283 = EDGE_LOOP('',(#2284,#2308,#2330));
#2284 = ORIENTED_EDGE('',*,*,#2285,.F.);
#2285 = EDGE_CURVE('',#2286,#1091,#2288,.T.);
#2286 = VERTEX_POINT('',#2287);
#2287 = CARTESIAN_POINT('',(-149.,-15.,224.97937536036));
#2288 = SURFACE_CURVE('',#2289,(#2294,#2301),.PCURVE_S1.);
#2289 = CIRCLE('',#2290,3.);
#2290 = AXIS2_PLACEMENT_3D('',#2291,#2292,#2293);
#2291 = CARTESIAN_POINT('',(-149.,-15.,227.97937536036));
#2292 = DIRECTION('',(0.,1.,-0.));
#2293 = DIRECTION('',(-1.,0.,0.));
#2294 = PCURVE('',#1132,#2295);
#2295 = DEFINITIONAL_REPRESENTATION('',(#2296),#2300);
#2296 = LINE('',#2297,#2298);
#2297 = CARTESIAN_POINT('',(0.,-6.28318530718));
#2298 = VECTOR('',#2299,1.);
#2299 = DIRECTION('',(0.,1.));
#2300 = ( GEOMETRIC_REPRESENTATION_CONTEXT(2)
PARAMETRIC_REPRESENTATION_CONTEXT() REPRESENTATION_CONTEXT('2D SPACE',''
  ) );
#2301 = PCURVE('',#1531,#2302);
#2302 = DEFINITIONAL_REPRESENTATION('',(#2303),#2307);
#2303 = LINE('',#2304,#2305);
#2304 = CARTESIAN_POINT('',(-6.28318530718,3.));
#2305 = VECTOR('',#2306,1.);
#2306 = DIRECTION('',(1.,-0.));
#2307 = ( GEOMETRIC_REPRESENTATION_CONTEXT(2)
PARAMETRIC_REPRESENTATION_CONTEXT() REPRESENTATION_CONTEXT('2D SPACE',''
  ) );
#2308 = ORIENTED_EDGE('',*,*,#2309,.T.);
#2309 = EDGE_CURVE('',#2286,#1116,#2310,.T.);
#2310 = SURFACE_CURVE('',#2311,(#2316,#2323),.PCURVE_S1.);
#2311 = CIRCLE('',#2312,3.);
#2312 = AXIS2_PLACEMENT_3D('',#2313,#2314,#2315);
#2313 = CARTESIAN_POINT('',(-149.,-15.,227.97937536036));
#2314 = DIRECTION('',(-1.,6.123233995737E-17,0.));
#2315 = DIRECTION('',(-6.123233995737E-17,-1.,0.));
#2316 = PCURVE('',#1132,#2317);
#2317 = DEFINITIONAL_REPRESENTATION('',(#2318),#2322);
#2318 = LINE('',#2319,#2320);
#2319 = CARTESIAN_POINT('',(1.570796326795,-6.28318530718));
#2320 = VECTOR('',#2321,1.);
#2321 = DIRECTION('',(0.,1.));
#2322 = ( GEOMETRIC_REPRESENTATION_CONTEXT(2)
PARAMETRIC_REPRESENTATION_CONTEXT() REPRESENTATION_CONTEXT('2D SPACE',''
  ) );
#2323 = PCURVE('',#2270,#2324);
#2324 = DEFINITIONAL_REPRESENTATION('',(#2325),#2329);
#2325 = LINE('',#2326,#2327);
#2326 = CARTESIAN_POINT('',(6.28318530718,3.));
#2327 = VECTOR('',#2328,1.);
#2328 = DIRECTION('',(-1.,-0.));
#2329 = ( GEOMETRIC_REPRESENTATION_CONTEXT(2)
PARAMETRIC_REPRESENTATION_CONTEXT() REPRESENTATION_CONTEXT('2D SPACE',''
  ) );
#2330 = ORIENTED_EDGE('',*,*,#1115,.F.);
#2331 = ADVANCED_FACE('',(#2332),#1531,.T.);
#2332 = FACE_BOUND('',#2333,.F.);
#2333 = EDGE_LOOP('',(#2334,#2335,#2363,#2385));
#2334 = ORIENTED_EDGE('',*,*,#2285,.F.);
#2335 = ORIENTED_EDGE('',*,*,#2336,.T.);
#2336 = EDGE_CURVE('',#2286,#2337,#2339,.T.);
#2337 = VERTEX_POINT('',#2338);
#2338 = CARTESIAN_POINT('',(-149.,15.,224.97937536036));
#2339 = SURFACE_CURVE('',#2340,(#2344,#2351),.PCURVE_S1.);
#2340 = LINE('',#2341,#2342);
#2341 = CARTESIAN_POINT('',(-149.,-18.,224.97937536036));
#2342 = VECTOR('',#2343,1.);
#2343 = DIRECTION('',(0.,1.,0.));
#2344 = PCURVE('',#1531,#2345);
#2345 = DEFINITIONAL_REPRESENTATION('',(#2346),#2350);
#2346 = LINE('',#2347,#2348);
#2347 = CARTESIAN_POINT('',(-1.570796326795,0.));
#2348 = VECTOR('',#2349,1.);
#2349 = DIRECTION('',(-0.,1.));
#2350 = ( GEOMETRIC_REPRESENTATION_CONTEXT(2)
PARAMETRIC_REPRESENTATION_CONTEXT() REPRESENTATION_CONTEXT('2D SPACE',''
  ) );
#2351 = PCURVE('',#2352,#2357);
#2352 = PLANE('',#2353);
#2353 = AXIS2_PLACEMENT_3D('',#2354,#2355,#2356);
#2354 = CARTESIAN_POINT('',(-152.,-18.,224.97937536036));
#2355 = DIRECTION('',(0.,0.,1.));
#2356 = DIRECTION('',(1.,0.,0.));
#2357 = DEFINITIONAL_REPRESENTATION('',(#2358),#2362);
#2358 = LINE('',#2359,#2360);
#2359 = CARTESIAN_POINT('',(3.,0.));
#2360 = VECTOR('',#2361,1.);
#2361 = DIRECTION('',(0.,1.));
#2362 = ( GEOMETRIC_REPRESENTATION_CONTEXT(2)
PARAMETRIC_REPRESENTATION_CONTEXT() REPRESENTATION_CONTEXT('2D SPACE',''
  ) );
#2363 = ORIENTED_EDGE('',*,*,#2364,.T.);
#2364 = EDGE_CURVE('',#2337,#1516,#2365,.T.);
#2365 = SURFACE_CURVE('',#2366,(#2371,#2378),.PCURVE_S1.);
#2366 = CIRCLE('',#2367,3.);
#2367 = AXIS2_PLACEMENT_3D('',#2368,#2369,#2370);
#2368 = CARTESIAN_POINT('',(-149.,15.,227.97937536036));
#2369 = DIRECTION('',(0.,1.,-0.));
#2370 = DIRECTION('',(-1.,0.,0.));
#2371 = PCURVE('',#1531,#2372);
#2372 = DEFINITIONAL_REPRESENTATION('',(#2373),#2377);
#2373 = LINE('',#2374,#2375);
#2374 = CARTESIAN_POINT('',(-6.28318530718,33.));
#2375 = VECTOR('',#2376,1.);
#2376 = DIRECTION('',(1.,-0.));
#2377 = ( GEOMETRIC_REPRESENTATION_CONTEXT(2)
PARAMETRIC_REPRESENTATION_CONTEXT() REPRESENTATION_CONTEXT('2D SPACE',''
  ) );
#2378 = PCURVE('',#1889,#2379);
#2379 = DEFINITIONAL_REPRESENTATION('',(#2380),#2384);
#2380 = LINE('',#2381,#2382);
#2381 = CARTESIAN_POINT('',(-0.,-6.28318530718));
#2382 = VECTOR('',#2383,1.);
#2383 = DIRECTION('',(-0.,1.));
#2384 = ( GEOMETRIC_REPRESENTATION_CONTEXT(2)
PARAMETRIC_REPRESENTATION_CONTEXT() REPRESENTATION_CONTEXT('2D SPACE',''
  ) );
#2385 = ORIENTED_EDGE('',*,*,#1515,.F.);
#2386 = ADVANCED_FACE('',(#2387),#1636,.T.);
#2387 = FACE_BOUND('',#2388,.T.);
#2388 = EDGE_LOOP('',(#2389,#2390,#2391,#2418));
#2389 = ORIENTED_EDGE('',*,*,#1652,.T.);
#2390 = ORIENTED_EDGE('',*,*,#1622,.T.);
#2391 = ORIENTED_EDGE('',*,*,#2392,.F.);
#2392 = EDGE_CURVE('',#1708,#1595,#2393,.T.);
#2393 = SURFACE_CURVE('',#2394,(#2399,#2406),.PCURVE_S1.);
#2394 = CIRCLE('',#2395,2.2);
#2395 = AXIS2_PLACEMENT_3D('',#2396,#2397,#2398);
#2396 = CARTESIAN_POINT('',(-141.2,14.8,274.77937536036));
#2397 = DIRECTION('',(1.,0.,-6.123233995737E-17));
#2398 = DIRECTION('',(6.123233995737E-17,0.,1.));
#2399 = PCURVE('',#1636,#2400);
#2400 = DEFINITIONAL_REPRESENTATION('',(#2401),#2405);
#2401 = LINE('',#2402,#2403);
#2402 = CARTESIAN_POINT('',(-4.712388980385,11.8));
#2403 = VECTOR('',#2404,1.);
#2404 = DIRECTION('',(1.,0.));
#2405 = ( GEOMETRIC_REPRESENTATION_CONTEXT(2)
PARAMETRIC_REPRESENTATION_CONTEXT() REPRESENTATION_CONTEXT('2D SPACE',''
  ) );
#2406 = PCURVE('',#2407,#2412);
#2407 = SPHERICAL_SURFACE('',#2408,2.2);
#2408 = AXIS2_PLACEMENT_3D('',#2409,#2410,#2411);
#2409 = CARTESIAN_POINT('',(-141.2,14.8,274.77937536036));
#2410 = DIRECTION('',(-0.,-1.,-0.));
#2411 = DIRECTION('',(1.,-0.,0.));
#2412 = DEFINITIONAL_REPRESENTATION('',(#2413),#2417);
#2413 = LINE('',#2414,#2415);
#2414 = CARTESIAN_POINT('',(1.570796326795,-6.28318530718));
#2415 = VECTOR('',#2416,1.);
#2416 = DIRECTION('',(0.,1.));
#2417 = ( GEOMETRIC_REPRESENTATION_CONTEXT(2)
PARAMETRIC_REPRESENTATION_CONTEXT() REPRESENTATION_CONTEXT('2D SPACE',''
  ) );
#2418 = ORIENTED_EDGE('',*,*,#1707,.F.);
#2419 = ADVANCED_FACE('',(#2420),#1610,.T.);
#2420 = FACE_BOUND('',#2421,.F.);
#2421 = EDGE_LOOP('',(#2422,#2444,#2445,#2469));
#2422 = ORIENTED_EDGE('',*,*,#2423,.F.);
#2423 = EDGE_CURVE('',#1572,#2127,#2424,.T.);
#2424 = SURFACE_CURVE('',#2425,(#2430,#2437),.PCURVE_S1.);
#2425 = CIRCLE('',#2426,2.2);
#2426 = AXIS2_PLACEMENT_3D('',#2427,#2428,#2429);
#2427 = CARTESIAN_POINT('',(-141.2,-14.8,274.77937536036));
#2428 = DIRECTION('',(-0.,1.,0.));
#2429 = DIRECTION('',(1.,0.,0.));
#2430 = PCURVE('',#1610,#2431);
#2431 = DEFINITIONAL_REPRESENTATION('',(#2432),#2436);
#2432 = LINE('',#2433,#2434);
#2433 = CARTESIAN_POINT('',(-6.28318530718,2.2));
#2434 = VECTOR('',#2435,1.);
#2435 = DIRECTION('',(1.,-0.));
#2436 = ( GEOMETRIC_REPRESENTATION_CONTEXT(2)
PARAMETRIC_REPRESENTATION_CONTEXT() REPRESENTATION_CONTEXT('2D SPACE',''
  ) );
#2437 = PCURVE('',#1958,#2438);
#2438 = DEFINITIONAL_REPRESENTATION('',(#2439),#2443);
#2439 = LINE('',#2440,#2441);
#2440 = CARTESIAN_POINT('',(0.,-6.28318530718));
#2441 = VECTOR('',#2442,1.);
#2442 = DIRECTION('',(0.,1.));
#2443 = ( GEOMETRIC_REPRESENTATION_CONTEXT(2)
PARAMETRIC_REPRESENTATION_CONTEXT() REPRESENTATION_CONTEXT('2D SPACE',''
  ) );
#2444 = ORIENTED_EDGE('',*,*,#1594,.T.);
#2445 = ORIENTED_EDGE('',*,*,#2446,.F.);
#2446 = EDGE_CURVE('',#2447,#1595,#2449,.T.);
#2447 = VERTEX_POINT('',#2448);
#2448 = CARTESIAN_POINT('',(-139.,14.8,274.77937536036));
#2449 = SURFACE_CURVE('',#2450,(#2455,#2462),.PCURVE_S1.);
#2450 = CIRCLE('',#2451,2.2);
#2451 = AXIS2_PLACEMENT_3D('',#2452,#2453,#2454);
#2452 = CARTESIAN_POINT('',(-141.2,14.8,274.77937536036));
#2453 = DIRECTION('',(-0.,-1.,0.));
#2454 = DIRECTION('',(1.,-0.,0.));
#2455 = PCURVE('',#1610,#2456);
#2456 = DEFINITIONAL_REPRESENTATION('',(#2457),#2461);
#2457 = LINE('',#2458,#2459);
#2458 = CARTESIAN_POINT('',(-0.,31.8));
#2459 = VECTOR('',#2460,1.);
#2460 = DIRECTION('',(-1.,0.));
#2461 = ( GEOMETRIC_REPRESENTATION_CONTEXT(2)
PARAMETRIC_REPRESENTATION_CONTEXT() REPRESENTATION_CONTEXT('2D SPACE',''
  ) );
#2462 = PCURVE('',#2407,#2463);
#2463 = DEFINITIONAL_REPRESENTATION('',(#2464),#2468);
#2464 = LINE('',#2465,#2466);
#2465 = CARTESIAN_POINT('',(0.,0.));
#2466 = VECTOR('',#2467,1.);
#2467 = DIRECTION('',(1.,0.));
#2468 = ( GEOMETRIC_REPRESENTATION_CONTEXT(2)
PARAMETRIC_REPRESENTATION_CONTEXT() REPRESENTATION_CONTEXT('2D SPACE',''
  ) );
#2469 = ORIENTED_EDGE('',*,*,#2470,.F.);
#2470 = EDGE_CURVE('',#2127,#2447,#2471,.T.);
#2471 = SURFACE_CURVE('',#2472,(#2476,#2483),.PCURVE_S1.);
#2472 = LINE('',#2473,#2474);
#2473 = CARTESIAN_POINT('',(-139.,-17.,274.77937536036));
#2474 = VECTOR('',#2475,1.);
#2475 = DIRECTION('',(0.,1.,0.));
#2476 = PCURVE('',#1610,#2477);
#2477 = DEFINITIONAL_REPRESENTATION('',(#2478),#2482);
#2478 = LINE('',#2479,#2480);
#2479 = CARTESIAN_POINT('',(-0.,0.));
#2480 = VECTOR('',#2481,1.);
#2481 = DIRECTION('',(-0.,1.));
#2482 = ( GEOMETRIC_REPRESENTATION_CONTEXT(2)
PARAMETRIC_REPRESENTATION_CONTEXT() REPRESENTATION_CONTEXT('2D SPACE',''
  ) );
#2483 = PCURVE('',#2142,#2484);
#2484 = DEFINITIONAL_REPRESENTATION('',(#2485),#2489);
#2485 = LINE('',#2486,#2487);
#2486 = CARTESIAN_POINT('',(17.8,0.));
#2487 = VECTOR('',#2488,1.);
#2488 = DIRECTION('',(0.,-1.));
#2489 = ( GEOMETRIC_REPRESENTATION_CONTEXT(2)
PARAMETRIC_REPRESENTATION_CONTEXT() REPRESENTATION_CONTEXT('2D SPACE',''
  ) );
#2490 = ADVANCED_FACE('',(#2491),#1805,.T.);
#2491 = FACE_BOUND('',#2492,.T.);
#2492 = EDGE_LOOP('',(#2493,#2516,#2517,#2518));
#2493 = ORIENTED_EDGE('',*,*,#2494,.F.);
#2494 = EDGE_CURVE('',#1821,#2495,#2497,.T.);
#2495 = VERTEX_POINT('',#2496);
#2496 = CARTESIAN_POINT('',(-143.,18.,269.97937536036));
#2497 = SURFACE_CURVE('',#2498,(#2502,#2509),.PCURVE_S1.);
#2498 = LINE('',#2499,#2500);
#2499 = CARTESIAN_POINT('',(-152.,18.,269.97937536036));
#2500 = VECTOR('',#2501,1.);
#2501 = DIRECTION('',(1.,0.,0.));
#2502 = PCURVE('',#1805,#2503);
#2503 = DEFINITIONAL_REPRESENTATION('',(#2504),#2508);
#2504 = LINE('',#2505,#2506);
#2505 = CARTESIAN_POINT('',(0.,0.));
#2506 = VECTOR('',#2507,1.);
#2507 = DIRECTION('',(0.,1.));
#2508 = ( GEOMETRIC_REPRESENTATION_CONTEXT(2)
PARAMETRIC_REPRESENTATION_CONTEXT() REPRESENTATION_CONTEXT('2D SPACE',''
  ) );
#2509 = PCURVE('',#1915,#2510);
#2510 = DEFINITIONAL_REPRESENTATION('',(#2511),#2515);
#2511 = LINE('',#2512,#2513);
#2512 = CARTESIAN_POINT('',(45.,0.));
#2513 = VECTOR('',#2514,1.);
#2514 = DIRECTION('',(0.,1.));
#2515 = ( GEOMETRIC_REPRESENTATION_CONTEXT(2)
PARAMETRIC_REPRESENTATION_CONTEXT() REPRESENTATION_CONTEXT('2D SPACE',''
  ) );
#2516 = ORIENTED_EDGE('',*,*,#1844,.T.);
#2517 = ORIENTED_EDGE('',*,*,#1791,.T.);
#2518 = ORIENTED_EDGE('',*,*,#2519,.F.);
#2519 = EDGE_CURVE('',#2495,#1759,#2520,.T.);
#2520 = SURFACE_CURVE('',#2521,(#2526,#2533),.PCURVE_S1.);
#2521 = CIRCLE('',#2522,3.);
#2522 = AXIS2_PLACEMENT_3D('',#2523,#2524,#2525);
#2523 = CARTESIAN_POINT('',(-143.,15.,269.97937536036));
#2524 = DIRECTION('',(1.,0.,-6.123233995737E-17));
#2525 = DIRECTION('',(6.123233995737E-17,0.,1.));
#2526 = PCURVE('',#1805,#2527);
#2527 = DEFINITIONAL_REPRESENTATION('',(#2528),#2532);
#2528 = LINE('',#2529,#2530);
#2529 = CARTESIAN_POINT('',(-4.712388980385,9.));
#2530 = VECTOR('',#2531,1.);
#2531 = DIRECTION('',(1.,0.));
#2532 = ( GEOMETRIC_REPRESENTATION_CONTEXT(2)
PARAMETRIC_REPRESENTATION_CONTEXT() REPRESENTATION_CONTEXT('2D SPACE',''
  ) );
#2533 = PCURVE('',#1779,#2534);
#2534 = DEFINITIONAL_REPRESENTATION('',(#2535),#2539);
#2535 = LINE('',#2536,#2537);
#2536 = CARTESIAN_POINT('',(1.570796326795,-6.28318530718));
#2537 = VECTOR('',#2538,1.);
#2538 = DIRECTION('',(0.,1.));
#2539 = ( GEOMETRIC_REPRESENTATION_CONTEXT(2)
PARAMETRIC_REPRESENTATION_CONTEXT() REPRESENTATION_CONTEXT('2D SPACE',''
  ) );
#2540 = ADVANCED_FACE('',(#2541),#1779,.T.);
#2541 = FACE_BOUND('',#2542,.T.);
#2542 = EDGE_LOOP('',(#2543,#2572,#2573,#2574));
#2543 = ORIENTED_EDGE('',*,*,#2544,.F.);
#2544 = EDGE_CURVE('',#2495,#2545,#2547,.T.);
#2545 = VERTEX_POINT('',#2546);
#2546 = CARTESIAN_POINT('',(-140.7170731707,16.946341463415,
    269.97937536036));
#2547 = SURFACE_CURVE('',#2548,(#2553,#2560),.PCURVE_S1.);
#2548 = CIRCLE('',#2549,3.);
#2549 = AXIS2_PLACEMENT_3D('',#2550,#2551,#2552);
#2550 = CARTESIAN_POINT('',(-143.,15.,269.97937536036));
#2551 = DIRECTION('',(0.,0.,-1.));
#2552 = DIRECTION('',(1.,0.,0.));
#2553 = PCURVE('',#1779,#2554);
#2554 = DEFINITIONAL_REPRESENTATION('',(#2555),#2559);
#2555 = LINE('',#2556,#2557);
#2556 = CARTESIAN_POINT('',(0.,-6.28318530718));
#2557 = VECTOR('',#2558,1.);
#2558 = DIRECTION('',(0.,1.));
#2559 = ( GEOMETRIC_REPRESENTATION_CONTEXT(2)
PARAMETRIC_REPRESENTATION_CONTEXT() REPRESENTATION_CONTEXT('2D SPACE',''
  ) );
#2560 = PCURVE('',#2561,#2566);
#2561 = CYLINDRICAL_SURFACE('',#2562,3.);
#2562 = AXIS2_PLACEMENT_3D('',#2563,#2564,#2565);
#2563 = CARTESIAN_POINT('',(-143.,15.,224.97937536036));
#2564 = DIRECTION('',(0.,0.,1.));
#2565 = DIRECTION('',(1.,0.,-0.));
#2566 = DEFINITIONAL_REPRESENTATION('',(#2567),#2571);
#2567 = LINE('',#2568,#2569);
#2568 = CARTESIAN_POINT('',(6.28318530718,45.));
#2569 = VECTOR('',#2570,1.);
#2570 = DIRECTION('',(-1.,-0.));
#2571 = ( GEOMETRIC_REPRESENTATION_CONTEXT(2)
PARAMETRIC_REPRESENTATION_CONTEXT() REPRESENTATION_CONTEXT('2D SPACE',''
  ) );
#2572 = ORIENTED_EDGE('',*,*,#2519,.T.);
#2573 = ORIENTED_EDGE('',*,*,#1758,.F.);
#2574 = ORIENTED_EDGE('',*,*,#2575,.T.);
#2575 = EDGE_CURVE('',#1731,#2545,#2576,.T.);
#2576 = SURFACE_CURVE('',#2577,(#2596,#2618),.PCURVE_S1.);
#2577 = B_SPLINE_CURVE_WITH_KNOTS('',5,(#2578,#2579,#2580,#2581,#2582,
    #2583,#2584,#2585,#2586,#2587,#2588,#2589,#2590,#2591,#2592,#2593,
    #2594,#2595),.UNSPECIFIED.,.F.,.F.,(6,4,4,4,6),(0.,0.230523465871,
    0.443554599536,0.65927860504,1.),.UNSPECIFIED.);
#2578 = CARTESIAN_POINT('',(-141.2,17.,271.30602527651));
#2579 = CARTESIAN_POINT('',(-141.1590798133,17.,271.25050472427));
#2580 = CARTESIAN_POINT('',(-141.1198269271,16.99904844216,
    271.19419888283));
#2581 = CARTESIAN_POINT('',(-141.0823540884,16.997300974156,
    271.13711827611));
#2582 = CARTESIAN_POINT('',(-141.0467758708,16.994916240892,
    271.0792800475));
#2583 = CARTESIAN_POINT('',(-140.9821885882,16.989412574588,
    270.96658037599));
#2584 = CARTESIAN_POINT('',(-140.9528860105,16.986362945009,
    270.91182666123));
#2585 = CARTESIAN_POINT('',(-140.9253921739,16.983033698086,
    270.85646623176));
#2586 = CARTESIAN_POINT('',(-140.8997997943,16.979552541714,
    270.8005271043));
#2587 = CARTESIAN_POINT('',(-140.85229509,16.972483654389,
    270.68685458378));
#2588 = CARTESIAN_POINT('',(-140.8304334237,16.968895131096,
    270.62910756826));
#2589 = CARTESIAN_POINT('',(-140.8107029079,16.965399996612,
    270.57084744551));
#2590 = CARTESIAN_POINT('',(-140.7931899145,16.962116134481,
    270.51212719864));
#2591 = CARTESIAN_POINT('',(-140.7539206943,16.954440418413,
    270.35964862219));
#2592 = CARTESIAN_POINT('',(-140.735584138,16.95050839254,
    270.26529720982));
#2593 = CARTESIAN_POINT('',(-140.7232428858,16.947729036536,
    270.1702382504));
#2594 = CARTESIAN_POINT('',(-140.7170731707,16.946341463415,
    270.07480344396));
#2595 = CARTESIAN_POINT('',(-140.7170731707,16.946341463415,
    269.97937536036));
#2596 = PCURVE('',#1779,#2597);
#2597 = DEFINITIONAL_REPRESENTATION('',(#2598),#2617);
#2598 = B_SPLINE_CURVE_WITH_KNOTS('',5,(#2599,#2600,#2601,#2602,#2603,
    #2604,#2605,#2606,#2607,#2608,#2609,#2610,#2611,#2612,#2613,#2614,
    #2615,#2616),.UNSPECIFIED.,.F.,.F.,(6,4,4,4,6),(0.,0.230523465871,
    0.443554599536,0.65927860504,1.),.UNSPECIFIED.);
#2599 = CARTESIAN_POINT('',(0.635147031655,-0.729727656227));
#2600 = CARTESIAN_POINT('',(0.604302280412,-0.729727656227));
#2601 = CARTESIAN_POINT('',(0.573617209994,-0.729301997982));
#2602 = CARTESIAN_POINT('',(0.543123120848,-0.728520735501));
#2603 = CARTESIAN_POINT('',(0.512837300981,-0.727455711845));
#2604 = CARTESIAN_POINT('',(0.454970814528,-0.725002166165));
#2605 = CARTESIAN_POINT('',(0.427359519637,-0.723644172387));
#2606 = CARTESIAN_POINT('',(0.399931998942,-0.722164024565));
#2607 = CARTESIAN_POINT('',(0.372682505237,-0.72061918107));
#2608 = CARTESIAN_POINT('',(0.318172359915,-0.717487570992));
#2609 = CARTESIAN_POINT('',(0.290915978487,-0.715900521773));
#2610 = CARTESIAN_POINT('',(0.263816971202,-0.714357648286));
#2611 = CARTESIAN_POINT('',(0.236856365064,-0.712910409786));
#2612 = CARTESIAN_POINT('',(0.167614208789,-0.709531943242));
#2613 = CARTESIAN_POINT('',(0.125504359917,-0.707805896909));
#2614 = CARTESIAN_POINT('',(8.360437343075E-02,-0.706588620955));
#2615 = CARTESIAN_POINT('',(4.180076311197E-02,-0.705980775654));
#2616 = CARTESIAN_POINT('',(0.,-0.705980775654));
#2617 = ( GEOMETRIC_REPRESENTATION_CONTEXT(2)
PARAMETRIC_REPRESENTATION_CONTEXT() REPRESENTATION_CONTEXT('2D SPACE',''
  ) );
#2618 = PCURVE('',#1746,#2619);
#2619 = DEFINITIONAL_REPRESENTATION('',(#2620),#2639);
#2620 = B_SPLINE_CURVE_WITH_KNOTS('',5,(#2621,#2622,#2623,#2624,#2625,
    #2626,#2627,#2628,#2629,#2630,#2631,#2632,#2633,#2634,#2635,#2636,
    #2637,#2638),.UNSPECIFIED.,.F.,.F.,(6,4,4,4,6),(0.,0.230523465871,
    0.443554599536,0.65927860504,1.),.UNSPECIFIED.);
#2621 = CARTESIAN_POINT('',(1.570796326795,14.326649916142));
#2622 = CARTESIAN_POINT('',(1.552196241954,14.271129363905));
#2623 = CARTESIAN_POINT('',(1.534353960068,14.214823522468));
#2624 = CARTESIAN_POINT('',(1.517307561382,14.157742915748));
#2625 = CARTESIAN_POINT('',(1.501101946161,14.099904687137));
#2626 = CARTESIAN_POINT('',(1.47163769617,13.987205015626));
#2627 = CARTESIAN_POINT('',(1.458248746155,13.932451300869));
#2628 = CARTESIAN_POINT('',(1.445662271788,13.877090871395));
#2629 = CARTESIAN_POINT('',(1.433923166294,13.821151743936));
#2630 = CARTESIAN_POINT('',(1.412092364556,13.70747922342));
#2631 = CARTESIAN_POINT('',(1.402023390396,13.649732207892));
#2632 = CARTESIAN_POINT('',(1.392916048798,13.591472085141));
#2633 = CARTESIAN_POINT('',(1.384817098712,13.532751838271));
#2634 = CARTESIAN_POINT('',(1.366629666219,13.380273261829));
#2635 = CARTESIAN_POINT('',(1.35810675493,13.285921849453));
#2636 = CARTESIAN_POINT('',(1.352356273099,13.19086289004));
#2637 = CARTESIAN_POINT('',(1.349481884447,13.095428083592));
#2638 = CARTESIAN_POINT('',(1.349481884447,13.));
#2639 = ( GEOMETRIC_REPRESENTATION_CONTEXT(2)
PARAMETRIC_REPRESENTATION_CONTEXT() REPRESENTATION_CONTEXT('2D SPACE',''
  ) );
#2640 = ADVANCED_FACE('',(#2641),#1746,.T.);
#2641 = FACE_BOUND('',#2642,.T.);
#2642 = EDGE_LOOP('',(#2643,#2666,#2695,#2716,#2717,#2718));
#2643 = ORIENTED_EDGE('',*,*,#2644,.F.);
#2644 = EDGE_CURVE('',#2645,#2447,#2647,.T.);
#2645 = VERTEX_POINT('',#2646);
#2646 = CARTESIAN_POINT('',(-139.,14.8,259.17937536036));
#2647 = SURFACE_CURVE('',#2648,(#2652,#2659),.PCURVE_S1.);
#2648 = LINE('',#2649,#2650);
#2649 = CARTESIAN_POINT('',(-139.,14.8,256.97937536036));
#2650 = VECTOR('',#2651,1.);
#2651 = DIRECTION('',(0.,0.,1.));
#2652 = PCURVE('',#1746,#2653);
#2653 = DEFINITIONAL_REPRESENTATION('',(#2654),#2658);
#2654 = LINE('',#2655,#2656);
#2655 = CARTESIAN_POINT('',(0.,0.));
#2656 = VECTOR('',#2657,1.);
#2657 = DIRECTION('',(0.,1.));
#2658 = ( GEOMETRIC_REPRESENTATION_CONTEXT(2)
PARAMETRIC_REPRESENTATION_CONTEXT() REPRESENTATION_CONTEXT('2D SPACE',''
  ) );
#2659 = PCURVE('',#2142,#2660);
#2660 = DEFINITIONAL_REPRESENTATION('',(#2661),#2665);
#2661 = LINE('',#2662,#2663);
#2662 = CARTESIAN_POINT('',(0.,-31.8));
#2663 = VECTOR('',#2664,1.);
#2664 = DIRECTION('',(1.,0.));
#2665 = ( GEOMETRIC_REPRESENTATION_CONTEXT(2)
PARAMETRIC_REPRESENTATION_CONTEXT() REPRESENTATION_CONTEXT('2D SPACE',''
  ) );
#2666 = ORIENTED_EDGE('',*,*,#2667,.T.);
#2667 = EDGE_CURVE('',#2645,#2668,#2670,.T.);
#2668 = VERTEX_POINT('',#2669);
#2669 = CARTESIAN_POINT('',(-140.7170731707,16.946341463415,
    259.17937536036));
#2670 = SURFACE_CURVE('',#2671,(#2676,#2683),.PCURVE_S1.);
#2671 = CIRCLE('',#2672,2.2);
#2672 = AXIS2_PLACEMENT_3D('',#2673,#2674,#2675);
#2673 = CARTESIAN_POINT('',(-141.2,14.8,259.17937536036));
#2674 = DIRECTION('',(0.,0.,1.));
#2675 = DIRECTION('',(1.,0.,-0.));
#2676 = PCURVE('',#1746,#2677);
#2677 = DEFINITIONAL_REPRESENTATION('',(#2678),#2682);
#2678 = LINE('',#2679,#2680);
#2679 = CARTESIAN_POINT('',(0.,2.2));
#2680 = VECTOR('',#2681,1.);
#2681 = DIRECTION('',(1.,0.));
#2682 = ( GEOMETRIC_REPRESENTATION_CONTEXT(2)
PARAMETRIC_REPRESENTATION_CONTEXT() REPRESENTATION_CONTEXT('2D SPACE',''
  ) );
#2683 = PCURVE('',#2684,#2689);
#2684 = SPHERICAL_SURFACE('',#2685,2.2);
#2685 = AXIS2_PLACEMENT_3D('',#2686,#2687,#2688);
#2686 = CARTESIAN_POINT('',(-141.2,14.8,259.17937536036));
#2687 = DIRECTION('',(0.,0.,1.));
#2688 = DIRECTION('',(1.,0.,-0.));
#2689 = DEFINITIONAL_REPRESENTATION('',(#2690),#2694);
#2690 = LINE('',#2691,#2692);
#2691 = CARTESIAN_POINT('',(0.,0.));
#2692 = VECTOR('',#2693,1.);
#2693 = DIRECTION('',(1.,0.));
#2694 = ( GEOMETRIC_REPRESENTATION_CONTEXT(2)
PARAMETRIC_REPRESENTATION_CONTEXT() REPRESENTATION_CONTEXT('2D SPACE',''
  ) );
#2695 = ORIENTED_EDGE('',*,*,#2696,.T.);
#2696 = EDGE_CURVE('',#2668,#2545,#2697,.T.);
#2697 = SURFACE_CURVE('',#2698,(#2702,#2709),.PCURVE_S1.);
#2698 = LINE('',#2699,#2700);
#2699 = CARTESIAN_POINT('',(-140.7170731707,16.946341463415,
    256.97937536036));
#2700 = VECTOR('',#2701,1.);
#2701 = DIRECTION('',(0.,0.,1.));
#2702 = PCURVE('',#1746,#2703);
#2703 = DEFINITIONAL_REPRESENTATION('',(#2704),#2708);
#2704 = LINE('',#2705,#2706);
#2705 = CARTESIAN_POINT('',(1.349481884447,0.));
#2706 = VECTOR('',#2707,1.);
#2707 = DIRECTION('',(0.,1.));
#2708 = ( GEOMETRIC_REPRESENTATION_CONTEXT(2)
PARAMETRIC_REPRESENTATION_CONTEXT() REPRESENTATION_CONTEXT('2D SPACE',''
  ) );
#2709 = PCURVE('',#2561,#2710);
#2710 = DEFINITIONAL_REPRESENTATION('',(#2711),#2715);
#2711 = LINE('',#2712,#2713);
#2712 = CARTESIAN_POINT('',(0.705980775654,32.));
#2713 = VECTOR('',#2714,1.);
#2714 = DIRECTION('',(0.,1.));
#2715 = ( GEOMETRIC_REPRESENTATION_CONTEXT(2)
PARAMETRIC_REPRESENTATION_CONTEXT() REPRESENTATION_CONTEXT('2D SPACE',''
  ) );
#2716 = ORIENTED_EDGE('',*,*,#2575,.F.);
#2717 = ORIENTED_EDGE('',*,*,#1730,.T.);
#2718 = ORIENTED_EDGE('',*,*,#2719,.T.);
#2719 = EDGE_CURVE('',#1708,#2447,#2720,.T.);
#2720 = SURFACE_CURVE('',#2721,(#2726,#2733),.PCURVE_S1.);
#2721 = CIRCLE('',#2722,2.2);
#2722 = AXIS2_PLACEMENT_3D('',#2723,#2724,#2725);
#2723 = CARTESIAN_POINT('',(-141.2,14.8,274.77937536036));
#2724 = DIRECTION('',(0.,0.,-1.));
#2725 = DIRECTION('',(1.,0.,0.));
#2726 = PCURVE('',#1746,#2727);
#2727 = DEFINITIONAL_REPRESENTATION('',(#2728),#2732);
#2728 = LINE('',#2729,#2730);
#2729 = CARTESIAN_POINT('',(6.28318530718,17.8));
#2730 = VECTOR('',#2731,1.);
#2731 = DIRECTION('',(-1.,-0.));
#2732 = ( GEOMETRIC_REPRESENTATION_CONTEXT(2)
PARAMETRIC_REPRESENTATION_CONTEXT() REPRESENTATION_CONTEXT('2D SPACE',''
  ) );
#2733 = PCURVE('',#2407,#2734);
#2734 = DEFINITIONAL_REPRESENTATION('',(#2735),#2739);
#2735 = LINE('',#2736,#2737);
#2736 = CARTESIAN_POINT('',(0.,-6.28318530718));
#2737 = VECTOR('',#2738,1.);
#2738 = DIRECTION('',(0.,1.));
#2739 = ( GEOMETRIC_REPRESENTATION_CONTEXT(2)
PARAMETRIC_REPRESENTATION_CONTEXT() REPRESENTATION_CONTEXT('2D SPACE',''
  ) );
#2740 = ADVANCED_FACE('',(#2741),#1915,.T.);
#2741 = FACE_BOUND('',#2742,.T.);
#2742 = EDGE_LOOP('',(#2743,#2744,#2745,#2768));
#2743 = ORIENTED_EDGE('',*,*,#1901,.T.);
#2744 = ORIENTED_EDGE('',*,*,#2494,.T.);
#2745 = ORIENTED_EDGE('',*,*,#2746,.F.);
#2746 = EDGE_CURVE('',#2747,#2495,#2749,.T.);
#2747 = VERTEX_POINT('',#2748);
#2748 = CARTESIAN_POINT('',(-143.,18.,227.97937536036));
#2749 = SURFACE_CURVE('',#2750,(#2754,#2761),.PCURVE_S1.);
#2750 = LINE('',#2751,#2752);
#2751 = CARTESIAN_POINT('',(-143.,18.,224.97937536036));
#2752 = VECTOR('',#2753,1.);
#2753 = DIRECTION('',(0.,0.,1.));
#2754 = PCURVE('',#1915,#2755);
#2755 = DEFINITIONAL_REPRESENTATION('',(#2756),#2760);
#2756 = LINE('',#2757,#2758);
#2757 = CARTESIAN_POINT('',(0.,9.));
#2758 = VECTOR('',#2759,1.);
#2759 = DIRECTION('',(1.,0.));
#2760 = ( GEOMETRIC_REPRESENTATION_CONTEXT(2)
PARAMETRIC_REPRESENTATION_CONTEXT() REPRESENTATION_CONTEXT('2D SPACE',''
  ) );
#2761 = PCURVE('',#2561,#2762);
#2762 = DEFINITIONAL_REPRESENTATION('',(#2763),#2767);
#2763 = LINE('',#2764,#2765);
#2764 = CARTESIAN_POINT('',(1.570796326795,0.));
#2765 = VECTOR('',#2766,1.);
#2766 = DIRECTION('',(0.,1.));
#2767 = ( GEOMETRIC_REPRESENTATION_CONTEXT(2)
PARAMETRIC_REPRESENTATION_CONTEXT() REPRESENTATION_CONTEXT('2D SPACE',''
  ) );
#2768 = ORIENTED_EDGE('',*,*,#2769,.F.);
#2769 = EDGE_CURVE('',#1873,#2747,#2770,.T.);
#2770 = SURFACE_CURVE('',#2771,(#2775,#2782),.PCURVE_S1.);
#2771 = LINE('',#2772,#2773);
#2772 = CARTESIAN_POINT('',(-152.,18.,227.97937536036));
#2773 = VECTOR('',#2774,1.);
#2774 = DIRECTION('',(1.,0.,0.));
#2775 = PCURVE('',#1915,#2776);
#2776 = DEFINITIONAL_REPRESENTATION('',(#2777),#2781);
#2777 = LINE('',#2778,#2779);
#2778 = CARTESIAN_POINT('',(3.,0.));
#2779 = VECTOR('',#2780,1.);
#2780 = DIRECTION('',(0.,1.));
#2781 = ( GEOMETRIC_REPRESENTATION_CONTEXT(2)
PARAMETRIC_REPRESENTATION_CONTEXT() REPRESENTATION_CONTEXT('2D SPACE',''
  ) );
#2782 = PCURVE('',#2783,#2788);
#2783 = CYLINDRICAL_SURFACE('',#2784,3.);
#2784 = AXIS2_PLACEMENT_3D('',#2785,#2786,#2787);
#2785 = CARTESIAN_POINT('',(-152.,15.,227.97937536036));
#2786 = DIRECTION('',(1.,0.,0.));
#2787 = DIRECTION('',(-0.,1.,0.));
#2788 = DEFINITIONAL_REPRESENTATION('',(#2789),#2793);
#2789 = LINE('',#2790,#2791);
#2790 = CARTESIAN_POINT('',(-0.,0.));
#2791 = VECTOR('',#2792,1.);
#2792 = DIRECTION('',(-0.,1.));
#2793 = ( GEOMETRIC_REPRESENTATION_CONTEXT(2)
PARAMETRIC_REPRESENTATION_CONTEXT() REPRESENTATION_CONTEXT('2D SPACE',''
  ) );
#2794 = ADVANCED_FACE('',(#2795),#1889,.T.);
#2795 = FACE_BOUND('',#2796,.F.);
#2796 = EDGE_LOOP('',(#2797,#2798,#2820));
#2797 = ORIENTED_EDGE('',*,*,#2364,.F.);
#2798 = ORIENTED_EDGE('',*,*,#2799,.T.);
#2799 = EDGE_CURVE('',#2337,#1873,#2800,.T.);
#2800 = SURFACE_CURVE('',#2801,(#2806,#2813),.PCURVE_S1.);
#2801 = CIRCLE('',#2802,3.);
#2802 = AXIS2_PLACEMENT_3D('',#2803,#2804,#2805);
#2803 = CARTESIAN_POINT('',(-149.,15.,227.97937536036));
#2804 = DIRECTION('',(1.,6.123233995737E-17,-0.));
#2805 = DIRECTION('',(-6.123233995737E-17,1.,0.));
#2806 = PCURVE('',#1889,#2807);
#2807 = DEFINITIONAL_REPRESENTATION('',(#2808),#2812);
#2808 = LINE('',#2809,#2810);
#2809 = CARTESIAN_POINT('',(-1.570796326795,-6.28318530718));
#2810 = VECTOR('',#2811,1.);
#2811 = DIRECTION('',(-0.,1.));
#2812 = ( GEOMETRIC_REPRESENTATION_CONTEXT(2)
PARAMETRIC_REPRESENTATION_CONTEXT() REPRESENTATION_CONTEXT('2D SPACE',''
  ) );
#2813 = PCURVE('',#2783,#2814);
#2814 = DEFINITIONAL_REPRESENTATION('',(#2815),#2819);
#2815 = LINE('',#2816,#2817);
#2816 = CARTESIAN_POINT('',(-6.28318530718,3.));
#2817 = VECTOR('',#2818,1.);
#2818 = DIRECTION('',(1.,-0.));
#2819 = ( GEOMETRIC_REPRESENTATION_CONTEXT(2)
PARAMETRIC_REPRESENTATION_CONTEXT() REPRESENTATION_CONTEXT('2D SPACE',''
  ) );
#2820 = ORIENTED_EDGE('',*,*,#1872,.F.);
#2821 = ADVANCED_FACE('',(#2822),#1958,.T.);
#2822 = FACE_BOUND('',#2823,.T.);
#2823 = EDGE_LOOP('',(#2824,#2825,#2826));
#2824 = ORIENTED_EDGE('',*,*,#2423,.F.);
#2825 = ORIENTED_EDGE('',*,*,#1943,.T.);
#2826 = ORIENTED_EDGE('',*,*,#2206,.F.);
#2827 = ADVANCED_FACE('',(#2828),#2043,.T.);
#2828 = FACE_BOUND('',#2829,.F.);
#2829 = EDGE_LOOP('',(#2830,#2860,#2887,#2888,#2889,#2890));
#2830 = ORIENTED_EDGE('',*,*,#2831,.F.);
#2831 = EDGE_CURVE('',#2832,#2834,#2836,.T.);
#2832 = VERTEX_POINT('',#2833);
#2833 = CARTESIAN_POINT('',(-140.,-15.,227.97937536036));
#2834 = VERTEX_POINT('',#2835);
#2835 = CARTESIAN_POINT('',(-140.,-15.,257.34634508238));
#2836 = SURFACE_CURVE('',#2837,(#2841,#2848),.PCURVE_S1.);
#2837 = LINE('',#2838,#2839);
#2838 = CARTESIAN_POINT('',(-140.,-15.,224.97937536036));
#2839 = VECTOR('',#2840,1.);
#2840 = DIRECTION('',(0.,0.,1.));
#2841 = PCURVE('',#2043,#2842);
#2842 = DEFINITIONAL_REPRESENTATION('',(#2843),#2847);
#2843 = LINE('',#2844,#2845);
#2844 = CARTESIAN_POINT('',(-0.,0.));
#2845 = VECTOR('',#2846,1.);
#2846 = DIRECTION('',(-0.,1.));
#2847 = ( GEOMETRIC_REPRESENTATION_CONTEXT(2)
PARAMETRIC_REPRESENTATION_CONTEXT() REPRESENTATION_CONTEXT('2D SPACE',''
  ) );
#2848 = PCURVE('',#2849,#2854);
#2849 = PLANE('',#2850);
#2850 = AXIS2_PLACEMENT_3D('',#2851,#2852,#2853);
#2851 = CARTESIAN_POINT('',(-140.,-18.,224.97937536036));
#2852 = DIRECTION('',(1.,0.,0.));
#2853 = DIRECTION('',(0.,0.,1.));
#2854 = DEFINITIONAL_REPRESENTATION('',(#2855),#2859);
#2855 = LINE('',#2856,#2857);
#2856 = CARTESIAN_POINT('',(0.,-3.));
#2857 = VECTOR('',#2858,1.);
#2858 = DIRECTION('',(1.,0.));
#2859 = ( GEOMETRIC_REPRESENTATION_CONTEXT(2)
PARAMETRIC_REPRESENTATION_CONTEXT() REPRESENTATION_CONTEXT('2D SPACE',''
  ) );
#2860 = ORIENTED_EDGE('',*,*,#2861,.T.);
#2861 = EDGE_CURVE('',#2832,#2234,#2862,.T.);
#2862 = SURFACE_CURVE('',#2863,(#2868,#2875),.PCURVE_S1.);
#2863 = CIRCLE('',#2864,3.);
#2864 = AXIS2_PLACEMENT_3D('',#2865,#2866,#2867);
#2865 = CARTESIAN_POINT('',(-143.,-15.,227.97937536036));
#2866 = DIRECTION('',(0.,-0.,-1.));
#2867 = DIRECTION('',(1.,0.,-0.));
#2868 = PCURVE('',#2043,#2869);
#2869 = DEFINITIONAL_REPRESENTATION('',(#2870),#2874);
#2870 = LINE('',#2871,#2872);
#2871 = CARTESIAN_POINT('',(-0.,3.));
#2872 = VECTOR('',#2873,1.);
#2873 = DIRECTION('',(-1.,0.));
#2874 = ( GEOMETRIC_REPRESENTATION_CONTEXT(2)
PARAMETRIC_REPRESENTATION_CONTEXT() REPRESENTATION_CONTEXT('2D SPACE',''
  ) );
#2875 = PCURVE('',#2876,#2881);
#2876 = SPHERICAL_SURFACE('',#2877,3.);
#2877 = AXIS2_PLACEMENT_3D('',#2878,#2879,#2880);
#2878 = CARTESIAN_POINT('',(-143.,-15.,227.97937536036));
#2879 = DIRECTION('',(0.,0.,1.));
#2880 = DIRECTION('',(1.,0.,-0.));
#2881 = DEFINITIONAL_REPRESENTATION('',(#2882),#2886);
#2882 = LINE('',#2883,#2884);
#2883 = CARTESIAN_POINT('',(-0.,0.));
#2884 = VECTOR('',#2885,1.);
#2885 = DIRECTION('',(-1.,0.));
#2886 = ( GEOMETRIC_REPRESENTATION_CONTEXT(2)
PARAMETRIC_REPRESENTATION_CONTEXT() REPRESENTATION_CONTEXT('2D SPACE',''
  ) );
#2887 = ORIENTED_EDGE('',*,*,#2233,.T.);
#2888 = ORIENTED_EDGE('',*,*,#2026,.F.);
#2889 = ORIENTED_EDGE('',*,*,#2183,.F.);
#2890 = ORIENTED_EDGE('',*,*,#2891,.F.);
#2891 = EDGE_CURVE('',#2834,#2155,#2892,.T.);
#2892 = SURFACE_CURVE('',#2893,(#2936,#2982),.PCURVE_S1.);
#2893 = B_SPLINE_CURVE_WITH_KNOTS('',6,(#2894,#2895,#2896,#2897,#2898,
    #2899,#2900,#2901,#2902,#2903,#2904,#2905,#2906,#2907,#2908,#2909,
    #2910,#2911,#2912,#2913,#2914,#2915,#2916,#2917,#2918,#2919,#2920,
    #2921,#2922,#2923,#2924,#2925,#2926,#2927,#2928,#2929,#2930,#2931,
    #2932,#2933,#2934,#2935),.UNSPECIFIED.,.F.,.F.,(7,5,5,5,5,5,5,5,7),(
    0.,7.454038599087E-02,0.217822257135,0.309124679501,0.405644138083,
    0.478207768222,0.638085539384,0.815882739034,1.),.UNSPECIFIED.);
#2894 = CARTESIAN_POINT('',(-140.,-15.,257.34634508238));
#2895 = CARTESIAN_POINT('',(-140.,-15.03803488786,257.35049502887));
#2896 = CARTESIAN_POINT('',(-140.0005784913,-15.07611296439,
    257.35522905773));
#2897 = CARTESIAN_POINT('',(-140.0017384458,-15.11422478535,
    257.36055492267));
#2898 = CARTESIAN_POINT('',(-140.0034818763,-15.15235642874,
    257.36648062248));
#2899 = CARTESIAN_POINT('',(-140.0058098372,-15.19048949483,
    257.37301440107));
#2900 = CARTESIAN_POINT('',(-140.0143210126,-15.30185941969,
    257.3939091759));
#2901 = CARTESIAN_POINT('',(-140.0220793268,-15.37504349812,
    257.40993219022));
#2902 = CARTESIAN_POINT('',(-140.0319948217,-15.44797992712,
    257.42828950664));
#2903 = CARTESIAN_POINT('',(-140.0440365427,-15.5204422686,
    257.44902978674));
#2904 = CARTESIAN_POINT('',(-140.0581308097,-15.59216545758,
    257.47218006919));
#2905 = CARTESIAN_POINT('',(-140.0843527137,-15.70790847426,
    257.51401295647));
#2906 = CARTESIAN_POINT('',(-140.0953394599,-15.75254146967,
    257.53127039447));
#2907 = CARTESIAN_POINT('',(-140.1070741807,-15.79668632662,
    257.5495020445));
#2908 = CARTESIAN_POINT('',(-140.1195160856,-15.84027124672,
    257.56870242084));
#2909 = CARTESIAN_POINT('',(-140.1326172193,-15.88322695283,
    257.58886202686));
#2910 = CARTESIAN_POINT('',(-140.1608121964,-15.97016415874,
    257.63227865259));
#2911 = CARTESIAN_POINT('',(-140.1759773411,-16.0140646497,
    257.65564715351));
#2912 = CARTESIAN_POINT('',(-140.191754517,-16.05711289216,
    257.6800572563));
#2913 = CARTESIAN_POINT('',(-140.2080725328,-16.09923944583,
    257.70548967154));
#2914 = CARTESIAN_POINT('',(-140.2248547696,-16.14038241924,
    257.73192206573));
#2915 = CARTESIAN_POINT('',(-140.2549264481,-16.21063902504,
    257.77993484766));
#2916 = CARTESIAN_POINT('',(-140.2680490965,-16.24020389026,
    257.80109130336));
#2917 = CARTESIAN_POINT('',(-140.2813545598,-16.26915957196,
    257.82278860261));
#2918 = CARTESIAN_POINT('',(-140.2948078191,-16.29748572032,
    257.84501574954));
#2919 = CARTESIAN_POINT('',(-140.3083731196,-16.32516438774,
    257.86776121839));
#2920 = CARTESIAN_POINT('',(-140.3520685452,-16.41170296759,
    257.94224296485));
#2921 = CARTESIAN_POINT('',(-140.382489589,-16.46800582527,
    257.99592958057));
#2922 = CARTESIAN_POINT('',(-140.4128904018,-16.52092404083,
    258.05194674121));
#2923 = CARTESIAN_POINT('',(-140.4428743649,-16.57034154054,
    258.1101566008));
#2924 = CARTESIAN_POINT('',(-140.4720506659,-16.61617995031,
    258.17041169616));
#2925 = CARTESIAN_POINT('',(-140.5311876091,-16.70532640871,
    258.30166792218));
#2926 = CARTESIAN_POINT('',(-140.5608687286,-16.74777366028,
    258.37311467329));
#2927 = CARTESIAN_POINT('',(-140.5885848952,-16.785658006,
    258.44668253069));
#2928 = CARTESIAN_POINT('',(-140.6138547681,-16.8189412693,
    258.52213412531));
#2929 = CARTESIAN_POINT('',(-140.6362529607,-16.84760538351,
    258.59920748503));
#2930 = CARTESIAN_POINT('',(-140.6753067243,-16.89652717402,
    258.75880751176));
#2931 = CARTESIAN_POINT('',(-140.6917308121,-16.91645107639,
    258.84143446702));
#2932 = CARTESIAN_POINT('',(-140.7043297325,-16.93139442595,
    258.92516381711));
#2933 = CARTESIAN_POINT('',(-140.7128255239,-16.94135921579,
    259.00964557124));
#2934 = CARTESIAN_POINT('',(-140.7170731707,-16.94634146341,
    259.09451162096));
#2935 = CARTESIAN_POINT('',(-140.7170731707,-16.94634146341,
    259.17937536036));
#2936 = PCURVE('',#2043,#2937);
#2937 = DEFINITIONAL_REPRESENTATION('',(#2938),#2981);
#2938 = B_SPLINE_CURVE_WITH_KNOTS('',6,(#2939,#2940,#2941,#2942,#2943,
    #2944,#2945,#2946,#2947,#2948,#2949,#2950,#2951,#2952,#2953,#2954,
    #2955,#2956,#2957,#2958,#2959,#2960,#2961,#2962,#2963,#2964,#2965,
    #2966,#2967,#2968,#2969,#2970,#2971,#2972,#2973,#2974,#2975,#2976,
    #2977,#2978,#2979,#2980),.UNSPECIFIED.,.F.,.F.,(7,5,5,5,5,5,5,5,7),(
    0.,7.454038599087E-02,0.217822257135,0.309124679501,0.405644138083,
    0.478207768222,0.638085539384,0.815882739034,1.),.UNSPECIFIED.);
#2939 = CARTESIAN_POINT('',(0.,32.366969722018));
#2940 = CARTESIAN_POINT('',(-1.267829595395E-02,32.37111966851));
#2941 = CARTESIAN_POINT('',(-2.537098304588E-02,32.37585369737));
#2942 = CARTESIAN_POINT('',(-3.807859489996E-02,32.381179562306));
#2943 = CARTESIAN_POINT('',(-5.08001977824E-02,32.38710526212));
#2944 = CARTESIAN_POINT('',(-6.353339060143E-02,32.393639040708));
#2945 = CARTESIAN_POINT('',(-0.100764948705,32.414533815536));
#2946 = CARTESIAN_POINT('',(-0.125285810126,32.430556829851));
#2947 = CARTESIAN_POINT('',(-0.149805464397,32.44891414628));
#2948 = CARTESIAN_POINT('',(-0.174274971143,32.469654426373));
#2949 = CARTESIAN_POINT('',(-0.198629827822,32.492804708821));
#2950 = CARTESIAN_POINT('',(-0.238188552327,32.534637596105));
#2951 = CARTESIAN_POINT('',(-0.253507692005,32.551895034109));
#2952 = CARTESIAN_POINT('',(-0.268729802356,32.570126684133));
#2953 = CARTESIAN_POINT('',(-0.283834770427,32.589327060471));
#2954 = CARTESIAN_POINT('',(-0.298802176535,32.60948666649));
#2955 = CARTESIAN_POINT('',(-0.32926715552,32.652903292226));
#2956 = CARTESIAN_POINT('',(-0.344746372294,32.676271793149));
#2957 = CARTESIAN_POINT('',(-0.360025216586,32.700681895935));
#2958 = CARTESIAN_POINT('',(-0.375080451384,32.726114311175));
#2959 = CARTESIAN_POINT('',(-0.389889641515,32.752546705362));
#2960 = CARTESIAN_POINT('',(-0.415363585738,32.800559487293));
#2961 = CARTESIAN_POINT('',(-0.426144737223,32.821715942994));
#2962 = CARTESIAN_POINT('',(-0.436765550515,32.84341324225));
#2963 = CARTESIAN_POINT('',(-0.447217209333,32.865640389175));
#2964 = CARTESIAN_POINT('',(-0.457491183171,32.888385858021));
#2965 = CARTESIAN_POINT('',(-0.489805982023,32.962867604482));
#2966 = CARTESIAN_POINT('',(-0.511129603054,33.01655422021));
#2967 = CARTESIAN_POINT('',(-0.5314630109,33.072571380843));
#2968 = CARTESIAN_POINT('',(-0.550723366404,33.130781240432));
#2969 = CARTESIAN_POINT('',(-0.568832227978,33.191036335799));
#2970 = CARTESIAN_POINT('',(-0.604491524877,33.322292561819));
#2971 = CARTESIAN_POINT('',(-0.621751360976,33.393739312929));
#2972 = CARTESIAN_POINT('',(-0.63739372244,33.467307170329));
#2973 = CARTESIAN_POINT('',(-0.651321236982,33.542758764944));
#2974 = CARTESIAN_POINT('',(-0.663446385465,33.61983212466));
#2975 = CARTESIAN_POINT('',(-0.684312461172,33.779432151391));
#2976 = CARTESIAN_POINT('',(-0.692918319997,33.862059106652));
#2977 = CARTESIAN_POINT('',(-0.699433413832,33.945788456747));
#2978 = CARTESIAN_POINT('',(-0.703798395583,34.030270210879));
#2979 = CARTESIAN_POINT('',(-0.705980775654,34.115136260598));
#2980 = CARTESIAN_POINT('',(-0.705980775654,34.2));
#2981 = ( GEOMETRIC_REPRESENTATION_CONTEXT(2)
PARAMETRIC_REPRESENTATION_CONTEXT() REPRESENTATION_CONTEXT('2D SPACE',''
  ) );
#2982 = PCURVE('',#2171,#2983);
#2983 = DEFINITIONAL_REPRESENTATION('',(#2984),#3027);
#2984 = B_SPLINE_CURVE_WITH_KNOTS('',6,(#2985,#2986,#2987,#2988,#2989,
    #2990,#2991,#2992,#2993,#2994,#2995,#2996,#2997,#2998,#2999,#3000,
    #3001,#3002,#3003,#3004,#3005,#3006,#3007,#3008,#3009,#3010,#3011,
    #3012,#3013,#3014,#3015,#3016,#3017,#3018,#3019,#3020,#3021,#3022,
    #3023,#3024,#3025,#3026),.UNSPECIFIED.,.F.,.F.,(7,5,5,5,5,5,5,5,7),(
    0.,7.454038599087E-02,0.217822257135,0.309124679501,0.405644138083,
    0.478207768222,0.638085539384,0.815882739034,1.),.UNSPECIFIED.);
#2985 = CARTESIAN_POINT('',(-0.165148677415,-0.984861626603));
#2986 = CARTESIAN_POINT('',(-0.195987775681,-0.981450391599));
#2987 = CARTESIAN_POINT('',(-0.226559904075,-0.977579992392));
#2988 = CARTESIAN_POINT('',(-0.256821898013,-0.973254871323));
#2989 = CARTESIAN_POINT('',(-0.286733779799,-0.968480950709));
#2990 = CARTESIAN_POINT('',(-0.316258758632,-0.963265632847));
#2991 = CARTESIAN_POINT('',(-0.401307979843,-0.946761509879));
#2992 = CARTESIAN_POINT('',(-0.455704379447,-0.934306431608));
#2993 = CARTESIAN_POINT('',(-0.508305077214,-0.920317212514));
#2994 = CARTESIAN_POINT('',(-0.558937265247,-0.904880154342));
#2995 = CARTESIAN_POINT('',(-0.607492800515,-0.888098037302));
#2996 = CARTESIAN_POINT('',(-0.683501711289,-0.858606597077));
#2997 = CARTESIAN_POINT('',(-0.712221452192,-0.84662783399));
#2998 = CARTESIAN_POINT('',(-0.740064242822,-0.834177672516));
#2999 = CARTESIAN_POINT('',(-0.767027494755,-0.821285593438));
#3000 = CARTESIAN_POINT('',(-0.793116203899,-0.807980803672));
#3001 = CARTESIAN_POINT('',(-0.84500471369,-0.77981998566));
#3002 = CARTESIAN_POINT('',(-0.870703177125,-0.764918557524));
#3003 = CARTESIAN_POINT('',(-0.895446897874,-0.749620432282));
#3004 = CARTESIAN_POINT('',(-0.91925418922,-0.733956776314));
#3005 = CARTESIAN_POINT('',(-0.942146909019,-0.717956394159));
#3006 = CARTESIAN_POINT('',(-0.980687403762,-0.689382774708));
#3007 = CARTESIAN_POINT('',(-0.996723120395,-0.676944551472));
#3008 = CARTESIAN_POINT('',(-1.012264414224,-0.664341782417));
#3009 = CARTESIAN_POINT('',(-1.027321093016,-0.651584654476));
#3010 = CARTESIAN_POINT('',(-1.041902888569,-0.638682507094));
#3011 = CARTESIAN_POINT('',(-1.087122165416,-0.59691602089));
#3012 = CARTESIAN_POINT('',(-1.115965231558,-0.567526151428));
#3013 = CARTESIAN_POINT('',(-1.142652439641,-0.537563968143));
#3014 = CARTESIAN_POINT('',(-1.16727288805,-0.507101967541));
#3015 = CARTESIAN_POINT('',(-1.189899148209,-0.476199150956));
#3016 = CARTESIAN_POINT('',(-1.233590259442,-0.410102865783));
#3017 = CARTESIAN_POINT('',(-1.254195431557,-0.374817634388));
#3018 = CARTESIAN_POINT('',(-1.272476282682,-0.339117384855));
#3019 = CARTESIAN_POINT('',(-1.288479532363,-0.303060802414));
#3020 = CARTESIAN_POINT('',(-1.302231558059,-0.266702478327));
#3021 = CARTESIAN_POINT('',(-1.325671115855,-0.192193242477));
#3022 = CARTESIAN_POINT('',(-1.335197360108,-0.154022751131));
#3023 = CARTESIAN_POINT('',(-1.34233931988,-0.115654036241));
#3024 = CARTESIAN_POINT('',(-1.347101103044,-7.714989890817E-02));
#3025 = CARTESIAN_POINT('',(-1.349481884447,-3.857442700099E-02));
#3026 = CARTESIAN_POINT('',(-1.349481884447,1.665334536938E-15));
#3027 = ( GEOMETRIC_REPRESENTATION_CONTEXT(2)
PARAMETRIC_REPRESENTATION_CONTEXT() REPRESENTATION_CONTEXT('2D SPACE',''
  ) );
#3028 = ADVANCED_FACE('',(#3029,#3060,#3091),#2142,.T.);
#3029 = FACE_BOUND('',#3030,.T.);
#3030 = EDGE_LOOP('',(#3031,#3032,#3058,#3059));
#3031 = ORIENTED_EDGE('',*,*,#2124,.F.);
#3032 = ORIENTED_EDGE('',*,*,#3033,.T.);
#3033 = EDGE_CURVE('',#2125,#2645,#3034,.T.);
#3034 = SURFACE_CURVE('',#3035,(#3039,#3046),.PCURVE_S1.);
#3035 = LINE('',#3036,#3037);
#3036 = CARTESIAN_POINT('',(-139.,-17.,259.17937536036));
#3037 = VECTOR('',#3038,1.);
#3038 = DIRECTION('',(0.,1.,0.));
#3039 = PCURVE('',#2142,#3040);
#3040 = DEFINITIONAL_REPRESENTATION('',(#3041),#3045);
#3041 = LINE('',#3042,#3043);
#3042 = CARTESIAN_POINT('',(2.2,0.));
#3043 = VECTOR('',#3044,1.);
#3044 = DIRECTION('',(0.,-1.));
#3045 = ( GEOMETRIC_REPRESENTATION_CONTEXT(2)
PARAMETRIC_REPRESENTATION_CONTEXT() REPRESENTATION_CONTEXT('2D SPACE',''
  ) );
#3046 = PCURVE('',#3047,#3052);
#3047 = CYLINDRICAL_SURFACE('',#3048,2.2);
#3048 = AXIS2_PLACEMENT_3D('',#3049,#3050,#3051);
#3049 = CARTESIAN_POINT('',(-141.2,-17.,259.17937536036));
#3050 = DIRECTION('',(0.,1.,0.));
#3051 = DIRECTION('',(1.,0.,-0.));
#3052 = DEFINITIONAL_REPRESENTATION('',(#3053),#3057);
#3053 = LINE('',#3054,#3055);
#3054 = CARTESIAN_POINT('',(0.,0.));
#3055 = VECTOR('',#3056,1.);
#3056 = DIRECTION('',(0.,1.));
#3057 = ( GEOMETRIC_REPRESENTATION_CONTEXT(2)
PARAMETRIC_REPRESENTATION_CONTEXT() REPRESENTATION_CONTEXT('2D SPACE',''
  ) );
#3058 = ORIENTED_EDGE('',*,*,#2644,.T.);
#3059 = ORIENTED_EDGE('',*,*,#2470,.F.);
#3060 = FACE_BOUND('',#3061,.T.);
#3061 = EDGE_LOOP('',(#3062));
#3062 = ORIENTED_EDGE('',*,*,#3063,.F.);
#3063 = EDGE_CURVE('',#3064,#3064,#3066,.T.);
#3064 = VERTEX_POINT('',#3065);
#3065 = CARTESIAN_POINT('',(-139.,9.,269.15437536036));
#3066 = SURFACE_CURVE('',#3067,(#3072,#3079),.PCURVE_S1.);
#3067 = CIRCLE('',#3068,2.175);
#3068 = AXIS2_PLACEMENT_3D('',#3069,#3070,#3071);
#3069 = CARTESIAN_POINT('',(-139.,9.,266.97937536036));
#3070 = DIRECTION('',(1.,0.,0.));
#3071 = DIRECTION('',(-0.,0.,1.));
#3072 = PCURVE('',#2142,#3073);
#3073 = DEFINITIONAL_REPRESENTATION('',(#3074),#3078);
#3074 = CIRCLE('',#3075,2.175);
#3075 = AXIS2_PLACEMENT_2D('',#3076,#3077);
#3076 = CARTESIAN_POINT('',(10.,-26.));
#3077 = DIRECTION('',(1.,0.));
#3078 = ( GEOMETRIC_REPRESENTATION_CONTEXT(2)
PARAMETRIC_REPRESENTATION_CONTEXT() REPRESENTATION_CONTEXT('2D SPACE',''
  ) );
#3079 = PCURVE('',#3080,#3085);
#3080 = CYLINDRICAL_SURFACE('',#3081,2.175);
#3081 = AXIS2_PLACEMENT_3D('',#3082,#3083,#3084);
#3082 = CARTESIAN_POINT('',(-155.,9.,266.97937536036));
#3083 = DIRECTION('',(1.,0.,0.));
#3084 = DIRECTION('',(-0.,0.,1.));
#3085 = DEFINITIONAL_REPRESENTATION('',(#3086),#3090);
#3086 = LINE('',#3087,#3088);
#3087 = CARTESIAN_POINT('',(0.,16.));
#3088 = VECTOR('',#3089,1.);
#3089 = DIRECTION('',(1.,0.));
#3090 = ( GEOMETRIC_REPRESENTATION_CONTEXT(2)
PARAMETRIC_REPRESENTATION_CONTEXT() REPRESENTATION_CONTEXT('2D SPACE',''
  ) );
#3091 = FACE_BOUND('',#3092,.T.);
#3092 = EDGE_LOOP('',(#3093));
#3093 = ORIENTED_EDGE('',*,*,#3094,.F.);
#3094 = EDGE_CURVE('',#3095,#3095,#3097,.T.);
#3095 = VERTEX_POINT('',#3096);
#3096 = CARTESIAN_POINT('',(-139.,-9.,269.15437536036));
#3097 = SURFACE_CURVE('',#3098,(#3103,#3110),.PCURVE_S1.);
#3098 = CIRCLE('',#3099,2.175);
#3099 = AXIS2_PLACEMENT_3D('',#3100,#3101,#3102);
#3100 = CARTESIAN_POINT('',(-139.,-9.,266.97937536036));
#3101 = DIRECTION('',(1.,0.,0.));
#3102 = DIRECTION('',(-0.,0.,1.));
#3103 = PCURVE('',#2142,#3104);
#3104 = DEFINITIONAL_REPRESENTATION('',(#3105),#3109);
#3105 = CIRCLE('',#3106,2.175);
#3106 = AXIS2_PLACEMENT_2D('',#3107,#3108);
#3107 = CARTESIAN_POINT('',(10.,-8.));
#3108 = DIRECTION('',(1.,0.));
#3109 = ( GEOMETRIC_REPRESENTATION_CONTEXT(2)
PARAMETRIC_REPRESENTATION_CONTEXT() REPRESENTATION_CONTEXT('2D SPACE',''
  ) );
#3110 = PCURVE('',#3111,#3116);
#3111 = CYLINDRICAL_SURFACE('',#3112,2.175);
#3112 = AXIS2_PLACEMENT_3D('',#3113,#3114,#3115);
#3113 = CARTESIAN_POINT('',(-155.,-9.,266.97937536036));
#3114 = DIRECTION('',(1.,0.,0.));
#3115 = DIRECTION('',(-0.,0.,1.));
#3116 = DEFINITIONAL_REPRESENTATION('',(#3117),#3121);
#3117 = LINE('',#3118,#3119);
#3118 = CARTESIAN_POINT('',(0.,16.));
#3119 = VECTOR('',#3120,1.);
#3120 = DIRECTION('',(1.,0.));
#3121 = ( GEOMETRIC_REPRESENTATION_CONTEXT(2)
PARAMETRIC_REPRESENTATION_CONTEXT() REPRESENTATION_CONTEXT('2D SPACE',''
  ) );
#3122 = ADVANCED_FACE('',(#3123),#2171,.T.);
#3123 = FACE_BOUND('',#3124,.F.);
#3124 = EDGE_LOOP('',(#3125,#3149,#3174,#3175));
#3125 = ORIENTED_EDGE('',*,*,#3126,.F.);
#3126 = EDGE_CURVE('',#3127,#2125,#3129,.T.);
#3127 = VERTEX_POINT('',#3128);
#3128 = CARTESIAN_POINT('',(-140.,-14.8,257.33546646891));
#3129 = SURFACE_CURVE('',#3130,(#3135,#3142),.PCURVE_S1.);
#3130 = CIRCLE('',#3131,2.2);
#3131 = AXIS2_PLACEMENT_3D('',#3132,#3133,#3134);
#3132 = CARTESIAN_POINT('',(-141.2,-14.8,259.17937536036));
#3133 = DIRECTION('',(0.,-1.,0.));
#3134 = DIRECTION('',(1.,0.,0.));
#3135 = PCURVE('',#2171,#3136);
#3136 = DEFINITIONAL_REPRESENTATION('',(#3137),#3141);
#3137 = LINE('',#3138,#3139);
#3138 = CARTESIAN_POINT('',(-0.,-6.28318530718));
#3139 = VECTOR('',#3140,1.);
#3140 = DIRECTION('',(-0.,1.));
#3141 = ( GEOMETRIC_REPRESENTATION_CONTEXT(2)
PARAMETRIC_REPRESENTATION_CONTEXT() REPRESENTATION_CONTEXT('2D SPACE',''
  ) );
#3142 = PCURVE('',#3047,#3143);
#3143 = DEFINITIONAL_REPRESENTATION('',(#3144),#3148);
#3144 = LINE('',#3145,#3146);
#3145 = CARTESIAN_POINT('',(6.28318530718,2.2));
#3146 = VECTOR('',#3147,1.);
#3147 = DIRECTION('',(-1.,-0.));
#3148 = ( GEOMETRIC_REPRESENTATION_CONTEXT(2)
PARAMETRIC_REPRESENTATION_CONTEXT() REPRESENTATION_CONTEXT('2D SPACE',''
  ) );
#3149 = ORIENTED_EDGE('',*,*,#3150,.F.);
#3150 = EDGE_CURVE('',#2834,#3127,#3151,.T.);
#3151 = SURFACE_CURVE('',#3152,(#3157,#3167),.PCURVE_S1.);
#3152 = CIRCLE('',#3153,1.843908891459);
#3153 = AXIS2_PLACEMENT_3D('',#3154,#3155,#3156);
#3154 = CARTESIAN_POINT('',(-140.,-14.8,259.17937536036));
#3155 = DIRECTION('',(1.,0.,0.));
#3156 = DIRECTION('',(-0.,0.,1.));
#3157 = PCURVE('',#2171,#3158);
#3158 = DEFINITIONAL_REPRESENTATION('',(#3159),#3166);
#3159 = B_SPLINE_CURVE_WITH_KNOTS('',5,(#3160,#3161,#3162,#3163,#3164,
    #3165),.UNSPECIFIED.,.F.,.F.,(6,6),(3.032913613876,3.14159265359),
  .PIECEWISE_BEZIER_KNOTS.);
#3160 = CARTESIAN_POINT('',(-0.165148677415,-0.984861626603));
#3161 = CARTESIAN_POINT('',(-0.13284403357,-0.988434971417));
#3162 = CARTESIAN_POINT('',(-0.100008855337,-0.991142569563));
#3163 = CARTESIAN_POINT('',(-6.679813259751E-02,-0.992957559583));
#3164 = CARTESIAN_POINT('',(-3.33990412739E-02,-0.993864981558));
#3165 = CARTESIAN_POINT('',(0.,-0.993864981558));
#3166 = ( GEOMETRIC_REPRESENTATION_CONTEXT(2)
PARAMETRIC_REPRESENTATION_CONTEXT() REPRESENTATION_CONTEXT('2D SPACE',''
  ) );
#3167 = PCURVE('',#2849,#3168);
#3168 = DEFINITIONAL_REPRESENTATION('',(#3169),#3173);
#3169 = CIRCLE('',#3170,1.843908891459);
#3170 = AXIS2_PLACEMENT_2D('',#3171,#3172);
#3171 = CARTESIAN_POINT('',(34.2,-3.2));
#3172 = DIRECTION('',(1.,0.));
#3173 = ( GEOMETRIC_REPRESENTATION_CONTEXT(2)
PARAMETRIC_REPRESENTATION_CONTEXT() REPRESENTATION_CONTEXT('2D SPACE',''
  ) );
#3174 = ORIENTED_EDGE('',*,*,#2891,.T.);
#3175 = ORIENTED_EDGE('',*,*,#2154,.F.);
#3176 = ADVANCED_FACE('',(#3177),#2270,.T.);
#3177 = FACE_BOUND('',#3178,.T.);
#3178 = EDGE_LOOP('',(#3179,#3180,#3203,#3225));
#3179 = ORIENTED_EDGE('',*,*,#2309,.F.);
#3180 = ORIENTED_EDGE('',*,*,#3181,.T.);
#3181 = EDGE_CURVE('',#2286,#3182,#3184,.T.);
#3182 = VERTEX_POINT('',#3183);
#3183 = CARTESIAN_POINT('',(-143.,-15.,224.97937536036));
#3184 = SURFACE_CURVE('',#3185,(#3189,#3196),.PCURVE_S1.);
#3185 = LINE('',#3186,#3187);
#3186 = CARTESIAN_POINT('',(-152.,-15.,224.97937536036));
#3187 = VECTOR('',#3188,1.);
#3188 = DIRECTION('',(1.,0.,0.));
#3189 = PCURVE('',#2270,#3190);
#3190 = DEFINITIONAL_REPRESENTATION('',(#3191),#3195);
#3191 = LINE('',#3192,#3193);
#3192 = CARTESIAN_POINT('',(1.570796326795,0.));
#3193 = VECTOR('',#3194,1.);
#3194 = DIRECTION('',(0.,1.));
#3195 = ( GEOMETRIC_REPRESENTATION_CONTEXT(2)
PARAMETRIC_REPRESENTATION_CONTEXT() REPRESENTATION_CONTEXT('2D SPACE',''
  ) );
#3196 = PCURVE('',#2352,#3197);
#3197 = DEFINITIONAL_REPRESENTATION('',(#3198),#3202);
#3198 = LINE('',#3199,#3200);
#3199 = CARTESIAN_POINT('',(0.,3.));
#3200 = VECTOR('',#3201,1.);
#3201 = DIRECTION('',(1.,0.));
#3202 = ( GEOMETRIC_REPRESENTATION_CONTEXT(2)
PARAMETRIC_REPRESENTATION_CONTEXT() REPRESENTATION_CONTEXT('2D SPACE',''
  ) );
#3203 = ORIENTED_EDGE('',*,*,#3204,.T.);
#3204 = EDGE_CURVE('',#3182,#2234,#3205,.T.);
#3205 = SURFACE_CURVE('',#3206,(#3211,#3218),.PCURVE_S1.);
#3206 = CIRCLE('',#3207,3.);
#3207 = AXIS2_PLACEMENT_3D('',#3208,#3209,#3210);
#3208 = CARTESIAN_POINT('',(-143.,-15.,227.97937536036));
#3209 = DIRECTION('',(-1.,-6.123233995737E-17,0.));
#3210 = DIRECTION('',(6.123233995737E-17,-1.,-0.));
#3211 = PCURVE('',#2270,#3212);
#3212 = DEFINITIONAL_REPRESENTATION('',(#3213),#3217);
#3213 = LINE('',#3214,#3215);
#3214 = CARTESIAN_POINT('',(6.28318530718,9.));
#3215 = VECTOR('',#3216,1.);
#3216 = DIRECTION('',(-1.,-0.));
#3217 = ( GEOMETRIC_REPRESENTATION_CONTEXT(2)
PARAMETRIC_REPRESENTATION_CONTEXT() REPRESENTATION_CONTEXT('2D SPACE',''
  ) );
#3218 = PCURVE('',#2876,#3219);
#3219 = DEFINITIONAL_REPRESENTATION('',(#3220),#3224);
#3220 = LINE('',#3221,#3222);
#3221 = CARTESIAN_POINT('',(-1.570796326795,-6.28318530718));
#3222 = VECTOR('',#3223,1.);
#3223 = DIRECTION('',(-0.,1.));
#3224 = ( GEOMETRIC_REPRESENTATION_CONTEXT(2)
PARAMETRIC_REPRESENTATION_CONTEXT() REPRESENTATION_CONTEXT('2D SPACE',''
  ) );
#3225 = ORIENTED_EDGE('',*,*,#2256,.F.);
#3226 = ADVANCED_FACE('',(#3227),#2352,.F.);
#3227 = FACE_BOUND('',#3228,.F.);
#3228 = EDGE_LOOP('',(#3229,#3230,#3231,#3259));
#3229 = ORIENTED_EDGE('',*,*,#2336,.F.);
#3230 = ORIENTED_EDGE('',*,*,#3181,.T.);
#3231 = ORIENTED_EDGE('',*,*,#3232,.T.);
#3232 = EDGE_CURVE('',#3182,#3233,#3235,.T.);
#3233 = VERTEX_POINT('',#3234);
#3234 = CARTESIAN_POINT('',(-143.,15.,224.97937536036));
#3235 = SURFACE_CURVE('',#3236,(#3240,#3247),.PCURVE_S1.);
#3236 = LINE('',#3237,#3238);
#3237 = CARTESIAN_POINT('',(-143.,-18.,224.97937536036));
#3238 = VECTOR('',#3239,1.);
#3239 = DIRECTION('',(0.,1.,0.));
#3240 = PCURVE('',#2352,#3241);
#3241 = DEFINITIONAL_REPRESENTATION('',(#3242),#3246);
#3242 = LINE('',#3243,#3244);
#3243 = CARTESIAN_POINT('',(9.,0.));
#3244 = VECTOR('',#3245,1.);
#3245 = DIRECTION('',(0.,1.));
#3246 = ( GEOMETRIC_REPRESENTATION_CONTEXT(2)
PARAMETRIC_REPRESENTATION_CONTEXT() REPRESENTATION_CONTEXT('2D SPACE',''
  ) );
#3247 = PCURVE('',#3248,#3253);
#3248 = CYLINDRICAL_SURFACE('',#3249,3.);
#3249 = AXIS2_PLACEMENT_3D('',#3250,#3251,#3252);
#3250 = CARTESIAN_POINT('',(-143.,-18.,227.97937536036));
#3251 = DIRECTION('',(0.,1.,0.));
#3252 = DIRECTION('',(1.,0.,-0.));
#3253 = DEFINITIONAL_REPRESENTATION('',(#3254),#3258);
#3254 = LINE('',#3255,#3256);
#3255 = CARTESIAN_POINT('',(1.570796326795,0.));
#3256 = VECTOR('',#3257,1.);
#3257 = DIRECTION('',(0.,1.));
#3258 = ( GEOMETRIC_REPRESENTATION_CONTEXT(2)
PARAMETRIC_REPRESENTATION_CONTEXT() REPRESENTATION_CONTEXT('2D SPACE',''
  ) );
#3259 = ORIENTED_EDGE('',*,*,#3260,.F.);
#3260 = EDGE_CURVE('',#2337,#3233,#3261,.T.);
#3261 = SURFACE_CURVE('',#3262,(#3266,#3273),.PCURVE_S1.);
#3262 = LINE('',#3263,#3264);
#3263 = CARTESIAN_POINT('',(-152.,15.,224.97937536036));
#3264 = VECTOR('',#3265,1.);
#3265 = DIRECTION('',(1.,0.,0.));
#3266 = PCURVE('',#2352,#3267);
#3267 = DEFINITIONAL_REPRESENTATION('',(#3268),#3272);
#3268 = LINE('',#3269,#3270);
#3269 = CARTESIAN_POINT('',(0.,33.));
#3270 = VECTOR('',#3271,1.);
#3271 = DIRECTION('',(1.,0.));
#3272 = ( GEOMETRIC_REPRESENTATION_CONTEXT(2)
PARAMETRIC_REPRESENTATION_CONTEXT() REPRESENTATION_CONTEXT('2D SPACE',''
  ) );
#3273 = PCURVE('',#2783,#3274);
#3274 = DEFINITIONAL_REPRESENTATION('',(#3275),#3279);
#3275 = LINE('',#3276,#3277);
#3276 = CARTESIAN_POINT('',(-1.570796326795,0.));
#3277 = VECTOR('',#3278,1.);
#3278 = DIRECTION('',(-0.,1.));
#3279 = ( GEOMETRIC_REPRESENTATION_CONTEXT(2)
PARAMETRIC_REPRESENTATION_CONTEXT() REPRESENTATION_CONTEXT('2D SPACE',''
  ) );
#3280 = ADVANCED_FACE('',(#3281),#2407,.T.);
#3281 = FACE_BOUND('',#3282,.T.);
#3282 = EDGE_LOOP('',(#3283,#3284,#3285));
#3283 = ORIENTED_EDGE('',*,*,#2719,.F.);
#3284 = ORIENTED_EDGE('',*,*,#2392,.T.);
#3285 = ORIENTED_EDGE('',*,*,#2446,.F.);
#3286 = ADVANCED_FACE('',(#3287),#2561,.T.);
#3287 = FACE_BOUND('',#3288,.T.);
#3288 = EDGE_LOOP('',(#3289,#3314,#3341,#3342,#3343,#3344));
#3289 = ORIENTED_EDGE('',*,*,#3290,.F.);
#3290 = EDGE_CURVE('',#3291,#3293,#3295,.T.);
#3291 = VERTEX_POINT('',#3292);
#3292 = CARTESIAN_POINT('',(-140.,15.,227.97937536036));
#3293 = VERTEX_POINT('',#3294);
#3294 = CARTESIAN_POINT('',(-140.,15.,257.34634508238));
#3295 = SURFACE_CURVE('',#3296,(#3300,#3307),.PCURVE_S1.);
#3296 = LINE('',#3297,#3298);
#3297 = CARTESIAN_POINT('',(-140.,15.,224.97937536036));
#3298 = VECTOR('',#3299,1.);
#3299 = DIRECTION('',(0.,0.,1.));
#3300 = PCURVE('',#2561,#3301);
#3301 = DEFINITIONAL_REPRESENTATION('',(#3302),#3306);
#3302 = LINE('',#3303,#3304);
#3303 = CARTESIAN_POINT('',(0.,0.));
#3304 = VECTOR('',#3305,1.);
#3305 = DIRECTION('',(0.,1.));
#3306 = ( GEOMETRIC_REPRESENTATION_CONTEXT(2)
PARAMETRIC_REPRESENTATION_CONTEXT() REPRESENTATION_CONTEXT('2D SPACE',''
  ) );
#3307 = PCURVE('',#2849,#3308);
#3308 = DEFINITIONAL_REPRESENTATION('',(#3309),#3313);
#3309 = LINE('',#3310,#3311);
#3310 = CARTESIAN_POINT('',(0.,-33.));
#3311 = VECTOR('',#3312,1.);
#3312 = DIRECTION('',(1.,0.));
#3313 = ( GEOMETRIC_REPRESENTATION_CONTEXT(2)
PARAMETRIC_REPRESENTATION_CONTEXT() REPRESENTATION_CONTEXT('2D SPACE',''
  ) );
#3314 = ORIENTED_EDGE('',*,*,#3315,.T.);
#3315 = EDGE_CURVE('',#3291,#2747,#3316,.T.);
#3316 = SURFACE_CURVE('',#3317,(#3322,#3329),.PCURVE_S1.);
#3317 = CIRCLE('',#3318,3.);
#3318 = AXIS2_PLACEMENT_3D('',#3319,#3320,#3321);
#3319 = CARTESIAN_POINT('',(-143.,15.,227.97937536036));
#3320 = DIRECTION('',(0.,0.,1.));
#3321 = DIRECTION('',(1.,0.,-0.));
#3322 = PCURVE('',#2561,#3323);
#3323 = DEFINITIONAL_REPRESENTATION('',(#3324),#3328);
#3324 = LINE('',#3325,#3326);
#3325 = CARTESIAN_POINT('',(0.,3.));
#3326 = VECTOR('',#3327,1.);
#3327 = DIRECTION('',(1.,0.));
#3328 = ( GEOMETRIC_REPRESENTATION_CONTEXT(2)
PARAMETRIC_REPRESENTATION_CONTEXT() REPRESENTATION_CONTEXT('2D SPACE',''
  ) );
#3329 = PCURVE('',#3330,#3335);
#3330 = SPHERICAL_SURFACE('',#3331,3.);
#3331 = AXIS2_PLACEMENT_3D('',#3332,#3333,#3334);
#3332 = CARTESIAN_POINT('',(-143.,15.,227.97937536036));
#3333 = DIRECTION('',(0.,0.,1.));
#3334 = DIRECTION('',(1.,0.,-0.));
#3335 = DEFINITIONAL_REPRESENTATION('',(#3336),#3340);
#3336 = LINE('',#3337,#3338);
#3337 = CARTESIAN_POINT('',(0.,0.));
#3338 = VECTOR('',#3339,1.);
#3339 = DIRECTION('',(1.,0.));
#3340 = ( GEOMETRIC_REPRESENTATION_CONTEXT(2)
PARAMETRIC_REPRESENTATION_CONTEXT() REPRESENTATION_CONTEXT('2D SPACE',''
  ) );
#3341 = ORIENTED_EDGE('',*,*,#2746,.T.);
#3342 = ORIENTED_EDGE('',*,*,#2544,.T.);
#3343 = ORIENTED_EDGE('',*,*,#2696,.F.);
#3344 = ORIENTED_EDGE('',*,*,#3345,.F.);
#3345 = EDGE_CURVE('',#3293,#2668,#3346,.T.);
#3346 = SURFACE_CURVE('',#3347,(#3390,#3436),.PCURVE_S1.);
#3347 = B_SPLINE_CURVE_WITH_KNOTS('',6,(#3348,#3349,#3350,#3351,#3352,
    #3353,#3354,#3355,#3356,#3357,#3358,#3359,#3360,#3361,#3362,#3363,
    #3364,#3365,#3366,#3367,#3368,#3369,#3370,#3371,#3372,#3373,#3374,
    #3375,#3376,#3377,#3378,#3379,#3380,#3381,#3382,#3383,#3384,#3385,
    #3386,#3387,#3388,#3389),.UNSPECIFIED.,.F.,.F.,(7,5,5,5,5,5,5,5,7),(
    0.,7.454038599085E-02,0.217822257135,0.309124679501,0.405644138082,
    0.478207768222,0.638085539384,0.815882739034,1.),.UNSPECIFIED.);
#3348 = CARTESIAN_POINT('',(-140.,15.,257.34634508238));
#3349 = CARTESIAN_POINT('',(-140.,15.038034887862,257.35049502887));
#3350 = CARTESIAN_POINT('',(-140.0005784913,15.076112964391,
    257.35522905773));
#3351 = CARTESIAN_POINT('',(-140.0017384458,15.114224785351,
    257.36055492267));
#3352 = CARTESIAN_POINT('',(-140.0034818763,15.152356428749,
    257.36648062248));
#3353 = CARTESIAN_POINT('',(-140.0058098372,15.190489494832,
    257.37301440107));
#3354 = CARTESIAN_POINT('',(-140.0143210126,15.301859419691,
    257.3939091759));
#3355 = CARTESIAN_POINT('',(-140.0220793268,15.375043498123,
    257.40993219022));
#3356 = CARTESIAN_POINT('',(-140.0319948217,15.447979927125,
    257.42828950664));
#3357 = CARTESIAN_POINT('',(-140.0440365427,15.520442268604,
    257.44902978674));
#3358 = CARTESIAN_POINT('',(-140.0581308097,15.59216545758,
    257.47218006919));
#3359 = CARTESIAN_POINT('',(-140.0843527137,15.707908474263,
    257.51401295647));
#3360 = CARTESIAN_POINT('',(-140.0953394599,15.752541469678,
    257.53127039447));
#3361 = CARTESIAN_POINT('',(-140.1070741807,15.79668632662,
    257.5495020445));
#3362 = CARTESIAN_POINT('',(-140.1195160856,15.840271246729,
    257.56870242084));
#3363 = CARTESIAN_POINT('',(-140.1326172193,15.883226952832,
    257.58886202686));
#3364 = CARTESIAN_POINT('',(-140.1608121964,15.970164158742,
    257.63227865259));
#3365 = CARTESIAN_POINT('',(-140.1759773411,16.014064649704,
    257.65564715351));
#3366 = CARTESIAN_POINT('',(-140.191754517,16.057112892169,
    257.6800572563));
#3367 = CARTESIAN_POINT('',(-140.2080725328,16.099239445839,
    257.70548967154));
#3368 = CARTESIAN_POINT('',(-140.2248547696,16.140382419248,
    257.73192206573));
#3369 = CARTESIAN_POINT('',(-140.2549264481,16.210639025042,
    257.77993484766));
#3370 = CARTESIAN_POINT('',(-140.2680490965,16.24020389026,
    257.80109130336));
#3371 = CARTESIAN_POINT('',(-140.2813545598,16.269159571968,
    257.82278860261));
#3372 = CARTESIAN_POINT('',(-140.2948078191,16.29748572032,
    257.84501574954));
#3373 = CARTESIAN_POINT('',(-140.3083731196,16.325164387746,
    257.86776121839));
#3374 = CARTESIAN_POINT('',(-140.3520685452,16.41170296759,
    257.94224296485));
#3375 = CARTESIAN_POINT('',(-140.382489589,16.468005825275,
    257.99592958057));
#3376 = CARTESIAN_POINT('',(-140.4128904018,16.520924040832,
    258.05194674121));
#3377 = CARTESIAN_POINT('',(-140.4428743649,16.57034154054,
    258.1101566008));
#3378 = CARTESIAN_POINT('',(-140.4720506659,16.616179950317,
    258.17041169616));
#3379 = CARTESIAN_POINT('',(-140.5311876091,16.705326408716,
    258.30166792218));
#3380 = CARTESIAN_POINT('',(-140.5608687286,16.747773660285,
    258.37311467329));
#3381 = CARTESIAN_POINT('',(-140.5885848952,16.785658006,258.44668253069
    ));
#3382 = CARTESIAN_POINT('',(-140.6138547681,16.818941269306,
    258.52213412531));
#3383 = CARTESIAN_POINT('',(-140.6362529607,16.847605383511,
    258.59920748503));
#3384 = CARTESIAN_POINT('',(-140.6753067243,16.896527174022,
    258.75880751176));
#3385 = CARTESIAN_POINT('',(-140.6917308121,16.916451076394,
    258.84143446702));
#3386 = CARTESIAN_POINT('',(-140.7043297325,16.931394425959,
    258.92516381711));
#3387 = CARTESIAN_POINT('',(-140.7128255239,16.941359215793,
    259.00964557124));
#3388 = CARTESIAN_POINT('',(-140.7170731707,16.946341463415,
    259.09451162096));
#3389 = CARTESIAN_POINT('',(-140.7170731707,16.946341463415,
    259.17937536036));
#3390 = PCURVE('',#2561,#3391);
#3391 = DEFINITIONAL_REPRESENTATION('',(#3392),#3435);
#3392 = B_SPLINE_CURVE_WITH_KNOTS('',6,(#3393,#3394,#3395,#3396,#3397,
    #3398,#3399,#3400,#3401,#3402,#3403,#3404,#3405,#3406,#3407,#3408,
    #3409,#3410,#3411,#3412,#3413,#3414,#3415,#3416,#3417,#3418,#3419,
    #3420,#3421,#3422,#3423,#3424,#3425,#3426,#3427,#3428,#3429,#3430,
    #3431,#3432,#3433,#3434),.UNSPECIFIED.,.F.,.F.,(7,5,5,5,5,5,5,5,7),(
    0.,7.454038599085E-02,0.217822257135,0.309124679501,0.405644138082,
    0.478207768222,0.638085539384,0.815882739034,1.),.UNSPECIFIED.);
#3393 = CARTESIAN_POINT('',(0.,32.366969722018));
#3394 = CARTESIAN_POINT('',(1.267829595395E-02,32.37111966851));
#3395 = CARTESIAN_POINT('',(2.537098304588E-02,32.37585369737));
#3396 = CARTESIAN_POINT('',(3.807859489996E-02,32.381179562306));
#3397 = CARTESIAN_POINT('',(5.08001977824E-02,32.38710526212));
#3398 = CARTESIAN_POINT('',(6.353339060143E-02,32.393639040708));
#3399 = CARTESIAN_POINT('',(0.100764948705,32.414533815536));
#3400 = CARTESIAN_POINT('',(0.125285810126,32.430556829851));
#3401 = CARTESIAN_POINT('',(0.149805464397,32.44891414628));
#3402 = CARTESIAN_POINT('',(0.174274971143,32.469654426373));
#3403 = CARTESIAN_POINT('',(0.198629827822,32.492804708821));
#3404 = CARTESIAN_POINT('',(0.238188552327,32.534637596105));
#3405 = CARTESIAN_POINT('',(0.253507692005,32.551895034109));
#3406 = CARTESIAN_POINT('',(0.268729802356,32.570126684133));
#3407 = CARTESIAN_POINT('',(0.283834770427,32.589327060471));
#3408 = CARTESIAN_POINT('',(0.298802176535,32.60948666649));
#3409 = CARTESIAN_POINT('',(0.32926715552,32.652903292226));
#3410 = CARTESIAN_POINT('',(0.344746372294,32.676271793149));
#3411 = CARTESIAN_POINT('',(0.360025216586,32.700681895935));
#3412 = CARTESIAN_POINT('',(0.375080451384,32.726114311175));
#3413 = CARTESIAN_POINT('',(0.389889641515,32.752546705362));
#3414 = CARTESIAN_POINT('',(0.415363585738,32.800559487293));
#3415 = CARTESIAN_POINT('',(0.426144737223,32.821715942994));
#3416 = CARTESIAN_POINT('',(0.436765550515,32.84341324225));
#3417 = CARTESIAN_POINT('',(0.447217209333,32.865640389175));
#3418 = CARTESIAN_POINT('',(0.457491183171,32.888385858021));
#3419 = CARTESIAN_POINT('',(0.489805982023,32.962867604482));
#3420 = CARTESIAN_POINT('',(0.511129603054,33.01655422021));
#3421 = CARTESIAN_POINT('',(0.5314630109,33.072571380843));
#3422 = CARTESIAN_POINT('',(0.550723366404,33.130781240432));
#3423 = CARTESIAN_POINT('',(0.568832227978,33.191036335799));
#3424 = CARTESIAN_POINT('',(0.604491524877,33.322292561819));
#3425 = CARTESIAN_POINT('',(0.621751360976,33.393739312929));
#3426 = CARTESIAN_POINT('',(0.63739372244,33.467307170329));
#3427 = CARTESIAN_POINT('',(0.651321236982,33.542758764944));
#3428 = CARTESIAN_POINT('',(0.663446385465,33.619832124661));
#3429 = CARTESIAN_POINT('',(0.684312461172,33.779432151392));
#3430 = CARTESIAN_POINT('',(0.692918319997,33.862059106652));
#3431 = CARTESIAN_POINT('',(0.699433413832,33.945788456748));
#3432 = CARTESIAN_POINT('',(0.703798395583,34.030270210879));
#3433 = CARTESIAN_POINT('',(0.705980775654,34.115136260598));
#3434 = CARTESIAN_POINT('',(0.705980775654,34.2));
#3435 = ( GEOMETRIC_REPRESENTATION_CONTEXT(2)
PARAMETRIC_REPRESENTATION_CONTEXT() REPRESENTATION_CONTEXT('2D SPACE',''
  ) );
#3436 = PCURVE('',#2684,#3437);
#3437 = DEFINITIONAL_REPRESENTATION('',(#3438),#3481);
#3438 = B_SPLINE_CURVE_WITH_KNOTS('',6,(#3439,#3440,#3441,#3442,#3443,
    #3444,#3445,#3446,#3447,#3448,#3449,#3450,#3451,#3452,#3453,#3454,
    #3455,#3456,#3457,#3458,#3459,#3460,#3461,#3462,#3463,#3464,#3465,
    #3466,#3467,#3468,#3469,#3470,#3471,#3472,#3473,#3474,#3475,#3476,
    #3477,#3478,#3479,#3480),.UNSPECIFIED.,.F.,.F.,(7,5,5,5,5,5,5,5,7),(
    0.,7.454038599085E-02,0.217822257135,0.309124679501,0.405644138082,
    0.478207768222,0.638085539384,0.815882739034,1.),.UNSPECIFIED.);
#3439 = CARTESIAN_POINT('',(0.165148677415,-0.984861626603));
#3440 = CARTESIAN_POINT('',(0.195987775681,-0.981450391599));
#3441 = CARTESIAN_POINT('',(0.226559904075,-0.977579992392));
#3442 = CARTESIAN_POINT('',(0.256821898013,-0.973254871323));
#3443 = CARTESIAN_POINT('',(0.286733779799,-0.968480950709));
#3444 = CARTESIAN_POINT('',(0.316258758632,-0.963265632847));
#3445 = CARTESIAN_POINT('',(0.401307979843,-0.946761509879));
#3446 = CARTESIAN_POINT('',(0.455704379447,-0.934306431608));
#3447 = CARTESIAN_POINT('',(0.508305077214,-0.920317212514));
#3448 = CARTESIAN_POINT('',(0.558937265247,-0.904880154342));
#3449 = CARTESIAN_POINT('',(0.607492800515,-0.888098037302));
#3450 = CARTESIAN_POINT('',(0.683501711289,-0.858606597077));
#3451 = CARTESIAN_POINT('',(0.712221452192,-0.84662783399));
#3452 = CARTESIAN_POINT('',(0.740064242822,-0.834177672516));
#3453 = CARTESIAN_POINT('',(0.767027494755,-0.821285593438));
#3454 = CARTESIAN_POINT('',(0.793116203899,-0.807980803672));
#3455 = CARTESIAN_POINT('',(0.84500471369,-0.77981998566));
#3456 = CARTESIAN_POINT('',(0.870703177125,-0.764918557524));
#3457 = CARTESIAN_POINT('',(0.895446897874,-0.749620432282));
#3458 = CARTESIAN_POINT('',(0.91925418922,-0.733956776314));
#3459 = CARTESIAN_POINT('',(0.942146909019,-0.717956394159));
#3460 = CARTESIAN_POINT('',(0.980687403762,-0.689382774708));
#3461 = CARTESIAN_POINT('',(0.996723120395,-0.676944551472));
#3462 = CARTESIAN_POINT('',(1.012264414224,-0.664341782417));
#3463 = CARTESIAN_POINT('',(1.027321093016,-0.651584654476));
#3464 = CARTESIAN_POINT('',(1.041902888569,-0.638682507094));
#3465 = CARTESIAN_POINT('',(1.087122165416,-0.59691602089));
#3466 = CARTESIAN_POINT('',(1.115965231558,-0.567526151428));
#3467 = CARTESIAN_POINT('',(1.142652439641,-0.537563968143));
#3468 = CARTESIAN_POINT('',(1.16727288805,-0.507101967541));
#3469 = CARTESIAN_POINT('',(1.189899148209,-0.476199150956));
#3470 = CARTESIAN_POINT('',(1.233590259442,-0.410102865783));
#3471 = CARTESIAN_POINT('',(1.254195431557,-0.374817634388));
#3472 = CARTESIAN_POINT('',(1.272476282682,-0.339117384855));
#3473 = CARTESIAN_POINT('',(1.288479532363,-0.303060802414));
#3474 = CARTESIAN_POINT('',(1.302231558059,-0.266702478327));
#3475 = CARTESIAN_POINT('',(1.325671115855,-0.192193242477));
#3476 = CARTESIAN_POINT('',(1.335197360108,-0.154022751131));
#3477 = CARTESIAN_POINT('',(1.34233931988,-0.115654036241));
#3478 = CARTESIAN_POINT('',(1.347101103044,-7.714989890828E-02));
#3479 = CARTESIAN_POINT('',(1.349481884447,-3.857442700095E-02));
#3480 = CARTESIAN_POINT('',(1.349481884447,1.665334536938E-15));
#3481 = ( GEOMETRIC_REPRESENTATION_CONTEXT(2)
PARAMETRIC_REPRESENTATION_CONTEXT() REPRESENTATION_CONTEXT('2D SPACE',''
  ) );
#3482 = ADVANCED_FACE('',(#3483),#2684,.T.);
#3483 = FACE_BOUND('',#3484,.T.);
#3484 = EDGE_LOOP('',(#3485,#3509,#3534,#3535));
#3485 = ORIENTED_EDGE('',*,*,#3486,.F.);
#3486 = EDGE_CURVE('',#3487,#2645,#3489,.T.);
#3487 = VERTEX_POINT('',#3488);
#3488 = CARTESIAN_POINT('',(-140.,14.8,257.33546646891));
#3489 = SURFACE_CURVE('',#3490,(#3495,#3502),.PCURVE_S1.);
#3490 = CIRCLE('',#3491,2.2);
#3491 = AXIS2_PLACEMENT_3D('',#3492,#3493,#3494);
#3492 = CARTESIAN_POINT('',(-141.2,14.8,259.17937536036));
#3493 = DIRECTION('',(0.,-1.,0.));
#3494 = DIRECTION('',(1.,0.,0.));
#3495 = PCURVE('',#2684,#3496);
#3496 = DEFINITIONAL_REPRESENTATION('',(#3497),#3501);
#3497 = LINE('',#3498,#3499);
#3498 = CARTESIAN_POINT('',(0.,-6.28318530718));
#3499 = VECTOR('',#3500,1.);
#3500 = DIRECTION('',(0.,1.));
#3501 = ( GEOMETRIC_REPRESENTATION_CONTEXT(2)
PARAMETRIC_REPRESENTATION_CONTEXT() REPRESENTATION_CONTEXT('2D SPACE',''
  ) );
#3502 = PCURVE('',#3047,#3503);
#3503 = DEFINITIONAL_REPRESENTATION('',(#3504),#3508);
#3504 = LINE('',#3505,#3506);
#3505 = CARTESIAN_POINT('',(6.28318530718,31.8));
#3506 = VECTOR('',#3507,1.);
#3507 = DIRECTION('',(-1.,-0.));
#3508 = ( GEOMETRIC_REPRESENTATION_CONTEXT(2)
PARAMETRIC_REPRESENTATION_CONTEXT() REPRESENTATION_CONTEXT('2D SPACE',''
  ) );
#3509 = ORIENTED_EDGE('',*,*,#3510,.T.);
#3510 = EDGE_CURVE('',#3487,#3293,#3511,.T.);
#3511 = SURFACE_CURVE('',#3512,(#3517,#3527),.PCURVE_S1.);
#3512 = CIRCLE('',#3513,1.843908891459);
#3513 = AXIS2_PLACEMENT_3D('',#3514,#3515,#3516);
#3514 = CARTESIAN_POINT('',(-140.,14.8,259.17937536036));
#3515 = DIRECTION('',(1.,0.,0.));
#3516 = DIRECTION('',(-0.,0.,1.));
#3517 = PCURVE('',#2684,#3518);
#3518 = DEFINITIONAL_REPRESENTATION('',(#3519),#3526);
#3519 = B_SPLINE_CURVE_WITH_KNOTS('',5,(#3520,#3521,#3522,#3523,#3524,
    #3525),.UNSPECIFIED.,.F.,.F.,(6,6),(3.14159265359,3.250271693304),
  .PIECEWISE_BEZIER_KNOTS.);
#3520 = CARTESIAN_POINT('',(0.,-0.993864981558));
#3521 = CARTESIAN_POINT('',(3.33990412739E-02,-0.993864981558));
#3522 = CARTESIAN_POINT('',(6.67981325975E-02,-0.992957559583));
#3523 = CARTESIAN_POINT('',(0.100008855337,-0.991142569563));
#3524 = CARTESIAN_POINT('',(0.13284403357,-0.988434971417));
#3525 = CARTESIAN_POINT('',(0.165148677415,-0.984861626603));
#3526 = ( GEOMETRIC_REPRESENTATION_CONTEXT(2)
PARAMETRIC_REPRESENTATION_CONTEXT() REPRESENTATION_CONTEXT('2D SPACE',''
  ) );
#3527 = PCURVE('',#2849,#3528);
#3528 = DEFINITIONAL_REPRESENTATION('',(#3529),#3533);
#3529 = CIRCLE('',#3530,1.843908891459);
#3530 = AXIS2_PLACEMENT_2D('',#3531,#3532);
#3531 = CARTESIAN_POINT('',(34.2,-32.8));
#3532 = DIRECTION('',(1.,0.));
#3533 = ( GEOMETRIC_REPRESENTATION_CONTEXT(2)
PARAMETRIC_REPRESENTATION_CONTEXT() REPRESENTATION_CONTEXT('2D SPACE',''
  ) );
#3534 = ORIENTED_EDGE('',*,*,#3345,.T.);
#3535 = ORIENTED_EDGE('',*,*,#2667,.F.);
#3536 = ADVANCED_FACE('',(#3537),#2783,.T.);
#3537 = FACE_BOUND('',#3538,.F.);
#3538 = EDGE_LOOP('',(#3539,#3540,#3541,#3563));
#3539 = ORIENTED_EDGE('',*,*,#2799,.F.);
#3540 = ORIENTED_EDGE('',*,*,#3260,.T.);
#3541 = ORIENTED_EDGE('',*,*,#3542,.T.);
#3542 = EDGE_CURVE('',#3233,#2747,#3543,.T.);
#3543 = SURFACE_CURVE('',#3544,(#3549,#3556),.PCURVE_S1.);
#3544 = CIRCLE('',#3545,3.);
#3545 = AXIS2_PLACEMENT_3D('',#3546,#3547,#3548);
#3546 = CARTESIAN_POINT('',(-143.,15.,227.97937536036));
#3547 = DIRECTION('',(1.,-6.123233995737E-17,0.));
#3548 = DIRECTION('',(6.123233995737E-17,1.,0.));
#3549 = PCURVE('',#2783,#3550);
#3550 = DEFINITIONAL_REPRESENTATION('',(#3551),#3555);
#3551 = LINE('',#3552,#3553);
#3552 = CARTESIAN_POINT('',(-6.28318530718,9.));
#3553 = VECTOR('',#3554,1.);
#3554 = DIRECTION('',(1.,-0.));
#3555 = ( GEOMETRIC_REPRESENTATION_CONTEXT(2)
PARAMETRIC_REPRESENTATION_CONTEXT() REPRESENTATION_CONTEXT('2D SPACE',''
  ) );
#3556 = PCURVE('',#3330,#3557);
#3557 = DEFINITIONAL_REPRESENTATION('',(#3558),#3562);
#3558 = LINE('',#3559,#3560);
#3559 = CARTESIAN_POINT('',(1.570796326795,-6.28318530718));
#3560 = VECTOR('',#3561,1.);
#3561 = DIRECTION('',(0.,1.));
#3562 = ( GEOMETRIC_REPRESENTATION_CONTEXT(2)
PARAMETRIC_REPRESENTATION_CONTEXT() REPRESENTATION_CONTEXT('2D SPACE',''
  ) );
#3563 = ORIENTED_EDGE('',*,*,#2769,.F.);
#3564 = ADVANCED_FACE('',(#3565),#2849,.T.);
#3565 = FACE_BOUND('',#3566,.T.);
#3566 = EDGE_LOOP('',(#3567,#3568,#3589,#3590,#3591,#3612));
#3567 = ORIENTED_EDGE('',*,*,#2831,.F.);
#3568 = ORIENTED_EDGE('',*,*,#3569,.T.);
#3569 = EDGE_CURVE('',#2832,#3291,#3570,.T.);
#3570 = SURFACE_CURVE('',#3571,(#3575,#3582),.PCURVE_S1.);
#3571 = LINE('',#3572,#3573);
#3572 = CARTESIAN_POINT('',(-140.,-18.,227.97937536036));
#3573 = VECTOR('',#3574,1.);
#3574 = DIRECTION('',(0.,1.,0.));
#3575 = PCURVE('',#2849,#3576);
#3576 = DEFINITIONAL_REPRESENTATION('',(#3577),#3581);
#3577 = LINE('',#3578,#3579);
#3578 = CARTESIAN_POINT('',(3.,0.));
#3579 = VECTOR('',#3580,1.);
#3580 = DIRECTION('',(0.,-1.));
#3581 = ( GEOMETRIC_REPRESENTATION_CONTEXT(2)
PARAMETRIC_REPRESENTATION_CONTEXT() REPRESENTATION_CONTEXT('2D SPACE',''
  ) );
#3582 = PCURVE('',#3248,#3583);
#3583 = DEFINITIONAL_REPRESENTATION('',(#3584),#3588);
#3584 = LINE('',#3585,#3586);
#3585 = CARTESIAN_POINT('',(0.,0.));
#3586 = VECTOR('',#3587,1.);
#3587 = DIRECTION('',(0.,1.));
#3588 = ( GEOMETRIC_REPRESENTATION_CONTEXT(2)
PARAMETRIC_REPRESENTATION_CONTEXT() REPRESENTATION_CONTEXT('2D SPACE',''
  ) );
#3589 = ORIENTED_EDGE('',*,*,#3290,.T.);
#3590 = ORIENTED_EDGE('',*,*,#3510,.F.);
#3591 = ORIENTED_EDGE('',*,*,#3592,.F.);
#3592 = EDGE_CURVE('',#3127,#3487,#3593,.T.);
#3593 = SURFACE_CURVE('',#3594,(#3598,#3605),.PCURVE_S1.);
#3594 = LINE('',#3595,#3596);
#3595 = CARTESIAN_POINT('',(-140.,-17.,257.33546646891));
#3596 = VECTOR('',#3597,1.);
#3597 = DIRECTION('',(0.,1.,0.));
#3598 = PCURVE('',#2849,#3599);
#3599 = DEFINITIONAL_REPRESENTATION('',(#3600),#3604);
#3600 = LINE('',#3601,#3602);
#3601 = CARTESIAN_POINT('',(32.356091108541,-1.));
#3602 = VECTOR('',#3603,1.);
#3603 = DIRECTION('',(0.,-1.));
#3604 = ( GEOMETRIC_REPRESENTATION_CONTEXT(2)
PARAMETRIC_REPRESENTATION_CONTEXT() REPRESENTATION_CONTEXT('2D SPACE',''
  ) );
#3605 = PCURVE('',#3047,#3606);
#3606 = DEFINITIONAL_REPRESENTATION('',(#3607),#3611);
#3607 = LINE('',#3608,#3609);
#3608 = CARTESIAN_POINT('',(0.993864981558,0.));
#3609 = VECTOR('',#3610,1.);
#3610 = DIRECTION('',(0.,1.));
#3611 = ( GEOMETRIC_REPRESENTATION_CONTEXT(2)
PARAMETRIC_REPRESENTATION_CONTEXT() REPRESENTATION_CONTEXT('2D SPACE',''
  ) );
#3612 = ORIENTED_EDGE('',*,*,#3150,.F.);
#3613 = ADVANCED_FACE('',(#3614),#2876,.T.);
#3614 = FACE_BOUND('',#3615,.F.);
#3615 = EDGE_LOOP('',(#3616,#3638,#3639));
#3616 = ORIENTED_EDGE('',*,*,#3617,.F.);
#3617 = EDGE_CURVE('',#3182,#2832,#3618,.T.);
#3618 = SURFACE_CURVE('',#3619,(#3624,#3631),.PCURVE_S1.);
#3619 = CIRCLE('',#3620,3.);
#3620 = AXIS2_PLACEMENT_3D('',#3621,#3622,#3623);
#3621 = CARTESIAN_POINT('',(-143.,-15.,227.97937536036));
#3622 = DIRECTION('',(0.,-1.,0.));
#3623 = DIRECTION('',(1.,0.,0.));
#3624 = PCURVE('',#2876,#3625);
#3625 = DEFINITIONAL_REPRESENTATION('',(#3626),#3630);
#3626 = LINE('',#3627,#3628);
#3627 = CARTESIAN_POINT('',(-0.,-6.28318530718));
#3628 = VECTOR('',#3629,1.);
#3629 = DIRECTION('',(-0.,1.));
#3630 = ( GEOMETRIC_REPRESENTATION_CONTEXT(2)
PARAMETRIC_REPRESENTATION_CONTEXT() REPRESENTATION_CONTEXT('2D SPACE',''
  ) );
#3631 = PCURVE('',#3248,#3632);
#3632 = DEFINITIONAL_REPRESENTATION('',(#3633),#3637);
#3633 = LINE('',#3634,#3635);
#3634 = CARTESIAN_POINT('',(6.28318530718,3.));
#3635 = VECTOR('',#3636,1.);
#3636 = DIRECTION('',(-1.,-0.));
#3637 = ( GEOMETRIC_REPRESENTATION_CONTEXT(2)
PARAMETRIC_REPRESENTATION_CONTEXT() REPRESENTATION_CONTEXT('2D SPACE',''
  ) );
#3638 = ORIENTED_EDGE('',*,*,#3204,.T.);
#3639 = ORIENTED_EDGE('',*,*,#2861,.F.);
#3640 = ADVANCED_FACE('',(#3641),#3047,.T.);
#3641 = FACE_BOUND('',#3642,.T.);
#3642 = EDGE_LOOP('',(#3643,#3644,#3645,#3646));
#3643 = ORIENTED_EDGE('',*,*,#3126,.F.);
#3644 = ORIENTED_EDGE('',*,*,#3592,.T.);
#3645 = ORIENTED_EDGE('',*,*,#3486,.T.);
#3646 = ORIENTED_EDGE('',*,*,#3033,.F.);
#3647 = ADVANCED_FACE('',(#3648),#3080,.F.);
#3648 = FACE_BOUND('',#3649,.F.);
#3649 = EDGE_LOOP('',(#3650,#3673,#3674,#3675));
#3650 = ORIENTED_EDGE('',*,*,#3651,.T.);
#3651 = EDGE_CURVE('',#3652,#3064,#3654,.T.);
#3652 = VERTEX_POINT('',#3653);
#3653 = CARTESIAN_POINT('',(-140.,9.,269.15437536036));
#3654 = SEAM_CURVE('',#3655,(#3659,#3666),.PCURVE_S1.);
#3655 = LINE('',#3656,#3657);
#3656 = CARTESIAN_POINT('',(-155.,9.,269.15437536036));
#3657 = VECTOR('',#3658,1.);
#3658 = DIRECTION('',(1.,0.,0.));
#3659 = PCURVE('',#3080,#3660);
#3660 = DEFINITIONAL_REPRESENTATION('',(#3661),#3665);
#3661 = LINE('',#3662,#3663);
#3662 = CARTESIAN_POINT('',(6.28318530718,-0.));
#3663 = VECTOR('',#3664,1.);
#3664 = DIRECTION('',(0.,1.));
#3665 = ( GEOMETRIC_REPRESENTATION_CONTEXT(2)
PARAMETRIC_REPRESENTATION_CONTEXT() REPRESENTATION_CONTEXT('2D SPACE',''
  ) );
#3666 = PCURVE('',#3080,#3667);
#3667 = DEFINITIONAL_REPRESENTATION('',(#3668),#3672);
#3668 = LINE('',#3669,#3670);
#3669 = CARTESIAN_POINT('',(0.,-0.));
#3670 = VECTOR('',#3671,1.);
#3671 = DIRECTION('',(0.,1.));
#3672 = ( GEOMETRIC_REPRESENTATION_CONTEXT(2)
PARAMETRIC_REPRESENTATION_CONTEXT() REPRESENTATION_CONTEXT('2D SPACE',''
  ) );
#3673 = ORIENTED_EDGE('',*,*,#3063,.F.);
#3674 = ORIENTED_EDGE('',*,*,#3651,.F.);
#3675 = ORIENTED_EDGE('',*,*,#3676,.T.);
#3676 = EDGE_CURVE('',#3652,#3652,#3677,.T.);
#3677 = SURFACE_CURVE('',#3678,(#3683,#3690),.PCURVE_S1.);
#3678 = CIRCLE('',#3679,2.175);
#3679 = AXIS2_PLACEMENT_3D('',#3680,#3681,#3682);
#3680 = CARTESIAN_POINT('',(-140.,9.,266.97937536036));
#3681 = DIRECTION('',(1.,0.,0.));
#3682 = DIRECTION('',(-0.,0.,1.));
#3683 = PCURVE('',#3080,#3684);
#3684 = DEFINITIONAL_REPRESENTATION('',(#3685),#3689);
#3685 = LINE('',#3686,#3687);
#3686 = CARTESIAN_POINT('',(0.,15.));
#3687 = VECTOR('',#3688,1.);
#3688 = DIRECTION('',(1.,0.));
#3689 = ( GEOMETRIC_REPRESENTATION_CONTEXT(2)
PARAMETRIC_REPRESENTATION_CONTEXT() REPRESENTATION_CONTEXT('2D SPACE',''
  ) );
#3690 = PCURVE('',#3691,#3696);
#3691 = PLANE('',#3692);
#3692 = AXIS2_PLACEMENT_3D('',#3693,#3694,#3695);
#3693 = CARTESIAN_POINT('',(-140.,-18.,224.97937536036));
#3694 = DIRECTION('',(1.,0.,0.));
#3695 = DIRECTION('',(0.,0.,1.));
#3696 = DEFINITIONAL_REPRESENTATION('',(#3697),#3701);
#3697 = CIRCLE('',#3698,2.175);
#3698 = AXIS2_PLACEMENT_2D('',#3699,#3700);
#3699 = CARTESIAN_POINT('',(42.,-27.));
#3700 = DIRECTION('',(1.,0.));
#3701 = ( GEOMETRIC_REPRESENTATION_CONTEXT(2)
PARAMETRIC_REPRESENTATION_CONTEXT() REPRESENTATION_CONTEXT('2D SPACE',''
  ) );
#3702 = ADVANCED_FACE('',(#3703),#3111,.F.);
#3703 = FACE_BOUND('',#3704,.F.);
#3704 = EDGE_LOOP('',(#3705,#3728,#3729,#3730));
#3705 = ORIENTED_EDGE('',*,*,#3706,.T.);
#3706 = EDGE_CURVE('',#3707,#3095,#3709,.T.);
#3707 = VERTEX_POINT('',#3708);
#3708 = CARTESIAN_POINT('',(-140.,-9.,269.15437536036));
#3709 = SEAM_CURVE('',#3710,(#3714,#3721),.PCURVE_S1.);
#3710 = LINE('',#3711,#3712);
#3711 = CARTESIAN_POINT('',(-155.,-9.,269.15437536036));
#3712 = VECTOR('',#3713,1.);
#3713 = DIRECTION('',(1.,0.,0.));
#3714 = PCURVE('',#3111,#3715);
#3715 = DEFINITIONAL_REPRESENTATION('',(#3716),#3720);
#3716 = LINE('',#3717,#3718);
#3717 = CARTESIAN_POINT('',(6.28318530718,-0.));
#3718 = VECTOR('',#3719,1.);
#3719 = DIRECTION('',(0.,1.));
#3720 = ( GEOMETRIC_REPRESENTATION_CONTEXT(2)
PARAMETRIC_REPRESENTATION_CONTEXT() REPRESENTATION_CONTEXT('2D SPACE',''
  ) );
#3721 = PCURVE('',#3111,#3722);
#3722 = DEFINITIONAL_REPRESENTATION('',(#3723),#3727);
#3723 = LINE('',#3724,#3725);
#3724 = CARTESIAN_POINT('',(0.,-0.));
#3725 = VECTOR('',#3726,1.);
#3726 = DIRECTION('',(0.,1.));
#3727 = ( GEOMETRIC_REPRESENTATION_CONTEXT(2)
PARAMETRIC_REPRESENTATION_CONTEXT() REPRESENTATION_CONTEXT('2D SPACE',''
  ) );
#3728 = ORIENTED_EDGE('',*,*,#3094,.F.);
#3729 = ORIENTED_EDGE('',*,*,#3706,.F.);
#3730 = ORIENTED_EDGE('',*,*,#3731,.T.);
#3731 = EDGE_CURVE('',#3707,#3707,#3732,.T.);
#3732 = SURFACE_CURVE('',#3733,(#3738,#3745),.PCURVE_S1.);
#3733 = CIRCLE('',#3734,2.175);
#3734 = AXIS2_PLACEMENT_3D('',#3735,#3736,#3737);
#3735 = CARTESIAN_POINT('',(-140.,-9.,266.97937536036));
#3736 = DIRECTION('',(1.,0.,0.));
#3737 = DIRECTION('',(-0.,0.,1.));
#3738 = PCURVE('',#3111,#3739);
#3739 = DEFINITIONAL_REPRESENTATION('',(#3740),#3744);
#3740 = LINE('',#3741,#3742);
#3741 = CARTESIAN_POINT('',(0.,15.));
#3742 = VECTOR('',#3743,1.);
#3743 = DIRECTION('',(1.,0.));
#3744 = ( GEOMETRIC_REPRESENTATION_CONTEXT(2)
PARAMETRIC_REPRESENTATION_CONTEXT() REPRESENTATION_CONTEXT('2D SPACE',''
  ) );
#3745 = PCURVE('',#3746,#3751);
#3746 = PLANE('',#3747);
#3747 = AXIS2_PLACEMENT_3D('',#3748,#3749,#3750);
#3748 = CARTESIAN_POINT('',(-140.,-18.,224.97937536036));
#3749 = DIRECTION('',(1.,0.,0.));
#3750 = DIRECTION('',(0.,0.,1.));
#3751 = DEFINITIONAL_REPRESENTATION('',(#3752),#3756);
#3752 = CIRCLE('',#3753,2.175);
#3753 = AXIS2_PLACEMENT_2D('',#3754,#3755);
#3754 = CARTESIAN_POINT('',(42.,-9.));
#3755 = DIRECTION('',(1.,0.));
#3756 = ( GEOMETRIC_REPRESENTATION_CONTEXT(2)
PARAMETRIC_REPRESENTATION_CONTEXT() REPRESENTATION_CONTEXT('2D SPACE',''
  ) );
#3757 = ADVANCED_FACE('',(#3758),#3248,.T.);
#3758 = FACE_BOUND('',#3759,.T.);
#3759 = EDGE_LOOP('',(#3760,#3761,#3762,#3784));
#3760 = ORIENTED_EDGE('',*,*,#3617,.F.);
#3761 = ORIENTED_EDGE('',*,*,#3232,.T.);
#3762 = ORIENTED_EDGE('',*,*,#3763,.T.);
#3763 = EDGE_CURVE('',#3233,#3291,#3764,.T.);
#3764 = SURFACE_CURVE('',#3765,(#3770,#3777),.PCURVE_S1.);
#3765 = CIRCLE('',#3766,3.);
#3766 = AXIS2_PLACEMENT_3D('',#3767,#3768,#3769);
#3767 = CARTESIAN_POINT('',(-143.,15.,227.97937536036));
#3768 = DIRECTION('',(0.,-1.,0.));
#3769 = DIRECTION('',(1.,0.,0.));
#3770 = PCURVE('',#3248,#3771);
#3771 = DEFINITIONAL_REPRESENTATION('',(#3772),#3776);
#3772 = LINE('',#3773,#3774);
#3773 = CARTESIAN_POINT('',(6.28318530718,33.));
#3774 = VECTOR('',#3775,1.);
#3775 = DIRECTION('',(-1.,-0.));
#3776 = ( GEOMETRIC_REPRESENTATION_CONTEXT(2)
PARAMETRIC_REPRESENTATION_CONTEXT() REPRESENTATION_CONTEXT('2D SPACE',''
  ) );
#3777 = PCURVE('',#3330,#3778);
#3778 = DEFINITIONAL_REPRESENTATION('',(#3779),#3783);
#3779 = LINE('',#3780,#3781);
#3780 = CARTESIAN_POINT('',(0.,-6.28318530718));
#3781 = VECTOR('',#3782,1.);
#3782 = DIRECTION('',(0.,1.));
#3783 = ( GEOMETRIC_REPRESENTATION_CONTEXT(2)
PARAMETRIC_REPRESENTATION_CONTEXT() REPRESENTATION_CONTEXT('2D SPACE',''
  ) );
#3784 = ORIENTED_EDGE('',*,*,#3569,.F.);
#3785 = ADVANCED_FACE('',(#3786),#3330,.T.);
#3786 = FACE_BOUND('',#3787,.T.);
#3787 = EDGE_LOOP('',(#3788,#3789,#3790));
#3788 = ORIENTED_EDGE('',*,*,#3763,.F.);
#3789 = ORIENTED_EDGE('',*,*,#3542,.T.);
#3790 = ORIENTED_EDGE('',*,*,#3315,.F.);
#3791 = ADVANCED_FACE('',(#3792),#3691,.T.);
#3792 = FACE_BOUND('',#3793,.T.);
#3793 = EDGE_LOOP('',(#3794));
#3794 = ORIENTED_EDGE('',*,*,#3676,.T.);
#3795 = ADVANCED_FACE('',(#3796),#3746,.T.);
#3796 = FACE_BOUND('',#3797,.T.);
#3797 = EDGE_LOOP('',(#3798));
#3798 = ORIENTED_EDGE('',*,*,#3731,.T.);
#3799 = ORIENTED_CLOSED_SHELL('',*,#3800,.F.);
#3800 = CLOSED_SHELL('',(#3801,#3921,#4009,#4092,#4175,#4253,#4285,#4317
    ,#4393,#4474,#4501,#4582,#4609,#4685,#4718,#4751,#4829,#4862,#4933,
    #4966,#5037,#5106,#5112,#5118,#5125,#5131));
#3801 = ADVANCED_FACE('',(#3802),#3816,.F.);
#3802 = FACE_BOUND('',#3803,.F.);
#3803 = EDGE_LOOP('',(#3804,#3839,#3867,#3895));
#3804 = ORIENTED_EDGE('',*,*,#3805,.F.);
#3805 = EDGE_CURVE('',#3806,#3808,#3810,.T.);
#3806 = VERTEX_POINT('',#3807);
#3807 = CARTESIAN_POINT('',(-149.,-10.,234.47937536036));
#3808 = VERTEX_POINT('',#3809);
#3809 = CARTESIAN_POINT('',(-149.,-10.,249.47937536036));
#3810 = SURFACE_CURVE('',#3811,(#3815,#3827),.PCURVE_S1.);
#3811 = LINE('',#3812,#3813);
#3812 = CARTESIAN_POINT('',(-149.,-10.,232.47937536036));
#3813 = VECTOR('',#3814,1.);
#3814 = DIRECTION('',(0.,0.,1.));
#3815 = PCURVE('',#3816,#3821);
#3816 = PLANE('',#3817);
#3817 = AXIS2_PLACEMENT_3D('',#3818,#3819,#3820);
#3818 = CARTESIAN_POINT('',(-149.,-12.,232.47937536036));
#3819 = DIRECTION('',(1.,0.,0.));
#3820 = DIRECTION('',(0.,0.,1.));
#3821 = DEFINITIONAL_REPRESENTATION('',(#3822),#3826);
#3822 = LINE('',#3823,#3824);
#3823 = CARTESIAN_POINT('',(0.,-2.));
#3824 = VECTOR('',#3825,1.);
#3825 = DIRECTION('',(1.,0.));
#3826 = ( GEOMETRIC_REPRESENTATION_CONTEXT(2)
PARAMETRIC_REPRESENTATION_CONTEXT() REPRESENTATION_CONTEXT('2D SPACE',''
  ) );
#3827 = PCURVE('',#3828,#3833);
#3828 = CYLINDRICAL_SURFACE('',#3829,2.);
#3829 = AXIS2_PLACEMENT_3D('',#3830,#3831,#3832);
#3830 = CARTESIAN_POINT('',(-147.,-10.,232.47937536036));
#3831 = DIRECTION('',(0.,0.,1.));
#3832 = DIRECTION('',(-1.,-0.,0.));
#3833 = DEFINITIONAL_REPRESENTATION('',(#3834),#3838);
#3834 = LINE('',#3835,#3836);
#3835 = CARTESIAN_POINT('',(0.,0.));
#3836 = VECTOR('',#3837,1.);
#3837 = DIRECTION('',(0.,1.));
#3838 = ( GEOMETRIC_REPRESENTATION_CONTEXT(2)
PARAMETRIC_REPRESENTATION_CONTEXT() REPRESENTATION_CONTEXT('2D SPACE',''
  ) );
#3839 = ORIENTED_EDGE('',*,*,#3840,.T.);
#3840 = EDGE_CURVE('',#3806,#3841,#3843,.T.);
#3841 = VERTEX_POINT('',#3842);
#3842 = CARTESIAN_POINT('',(-149.,10.,234.47937536036));
#3843 = SURFACE_CURVE('',#3844,(#3848,#3855),.PCURVE_S1.);
#3844 = LINE('',#3845,#3846);
#3845 = CARTESIAN_POINT('',(-149.,-12.,234.47937536036));
#3846 = VECTOR('',#3847,1.);
#3847 = DIRECTION('',(0.,1.,0.));
#3848 = PCURVE('',#3816,#3849);
#3849 = DEFINITIONAL_REPRESENTATION('',(#3850),#3854);
#3850 = LINE('',#3851,#3852);
#3851 = CARTESIAN_POINT('',(2.,0.));
#3852 = VECTOR('',#3853,1.);
#3853 = DIRECTION('',(0.,-1.));
#3854 = ( GEOMETRIC_REPRESENTATION_CONTEXT(2)
PARAMETRIC_REPRESENTATION_CONTEXT() REPRESENTATION_CONTEXT('2D SPACE',''
  ) );
#3855 = PCURVE('',#3856,#3861);
#3856 = CYLINDRICAL_SURFACE('',#3857,2.);
#3857 = AXIS2_PLACEMENT_3D('',#3858,#3859,#3860);
#3858 = CARTESIAN_POINT('',(-147.,-12.,234.47937536036));
#3859 = DIRECTION('',(0.,1.,0.));
#3860 = DIRECTION('',(-1.,0.,0.));
#3861 = DEFINITIONAL_REPRESENTATION('',(#3862),#3866);
#3862 = LINE('',#3863,#3864);
#3863 = CARTESIAN_POINT('',(-0.,0.));
#3864 = VECTOR('',#3865,1.);
#3865 = DIRECTION('',(-0.,1.));
#3866 = ( GEOMETRIC_REPRESENTATION_CONTEXT(2)
PARAMETRIC_REPRESENTATION_CONTEXT() REPRESENTATION_CONTEXT('2D SPACE',''
  ) );
#3867 = ORIENTED_EDGE('',*,*,#3868,.T.);
#3868 = EDGE_CURVE('',#3841,#3869,#3871,.T.);
#3869 = VERTEX_POINT('',#3870);
#3870 = CARTESIAN_POINT('',(-149.,10.,249.47937536036));
#3871 = SURFACE_CURVE('',#3872,(#3876,#3883),.PCURVE_S1.);
#3872 = LINE('',#3873,#3874);
#3873 = CARTESIAN_POINT('',(-149.,10.,232.47937536036));
#3874 = VECTOR('',#3875,1.);
#3875 = DIRECTION('',(0.,0.,1.));
#3876 = PCURVE('',#3816,#3877);
#3877 = DEFINITIONAL_REPRESENTATION('',(#3878),#3882);
#3878 = LINE('',#3879,#3880);
#3879 = CARTESIAN_POINT('',(0.,-22.));
#3880 = VECTOR('',#3881,1.);
#3881 = DIRECTION('',(1.,0.));
#3882 = ( GEOMETRIC_REPRESENTATION_CONTEXT(2)
PARAMETRIC_REPRESENTATION_CONTEXT() REPRESENTATION_CONTEXT('2D SPACE',''
  ) );
#3883 = PCURVE('',#3884,#3889);
#3884 = CYLINDRICAL_SURFACE('',#3885,2.);
#3885 = AXIS2_PLACEMENT_3D('',#3886,#3887,#3888);
#3886 = CARTESIAN_POINT('',(-147.,10.,232.47937536036));
#3887 = DIRECTION('',(0.,0.,1.));
#3888 = DIRECTION('',(-1.,-0.,0.));
#3889 = DEFINITIONAL_REPRESENTATION('',(#3890),#3894);
#3890 = LINE('',#3891,#3892);
#3891 = CARTESIAN_POINT('',(-0.,0.));
#3892 = VECTOR('',#3893,1.);
#3893 = DIRECTION('',(-0.,1.));
#3894 = ( GEOMETRIC_REPRESENTATION_CONTEXT(2)
PARAMETRIC_REPRESENTATION_CONTEXT() REPRESENTATION_CONTEXT('2D SPACE',''
  ) );
#3895 = ORIENTED_EDGE('',*,*,#3896,.F.);
#3896 = EDGE_CURVE('',#3808,#3869,#3897,.T.);
#3897 = SURFACE_CURVE('',#3898,(#3902,#3909),.PCURVE_S1.);
#3898 = LINE('',#3899,#3900);
#3899 = CARTESIAN_POINT('',(-149.,-12.,249.47937536036));
#3900 = VECTOR('',#3901,1.);
#3901 = DIRECTION('',(0.,1.,0.));
#3902 = PCURVE('',#3816,#3903);
#3903 = DEFINITIONAL_REPRESENTATION('',(#3904),#3908);
#3904 = LINE('',#3905,#3906);
#3905 = CARTESIAN_POINT('',(17.,0.));
#3906 = VECTOR('',#3907,1.);
#3907 = DIRECTION('',(0.,-1.));
#3908 = ( GEOMETRIC_REPRESENTATION_CONTEXT(2)
PARAMETRIC_REPRESENTATION_CONTEXT() REPRESENTATION_CONTEXT('2D SPACE',''
  ) );
#3909 = PCURVE('',#3910,#3915);
#3910 = CYLINDRICAL_SURFACE('',#3911,2.);
#3911 = AXIS2_PLACEMENT_3D('',#3912,#3913,#3914);
#3912 = CARTESIAN_POINT('',(-147.,-12.,249.47937536036));
#3913 = DIRECTION('',(0.,1.,0.));
#3914 = DIRECTION('',(-1.,0.,0.));
#3915 = DEFINITIONAL_REPRESENTATION('',(#3916),#3920);
#3916 = LINE('',#3917,#3918);
#3917 = CARTESIAN_POINT('',(0.,0.));
#3918 = VECTOR('',#3919,1.);
#3919 = DIRECTION('',(0.,1.));
#3920 = ( GEOMETRIC_REPRESENTATION_CONTEXT(2)
PARAMETRIC_REPRESENTATION_CONTEXT() REPRESENTATION_CONTEXT('2D SPACE',''
  ) );
#3921 = ADVANCED_FACE('',(#3922),#3828,.T.);
#3922 = FACE_BOUND('',#3923,.T.);
#3923 = EDGE_LOOP('',(#3924,#3925,#3954,#3982));
#3924 = ORIENTED_EDGE('',*,*,#3805,.F.);
#3925 = ORIENTED_EDGE('',*,*,#3926,.T.);
#3926 = EDGE_CURVE('',#3806,#3927,#3929,.T.);
#3927 = VERTEX_POINT('',#3928);
#3928 = CARTESIAN_POINT('',(-147.,-12.,234.47937536036));
#3929 = SURFACE_CURVE('',#3930,(#3935,#3942),.PCURVE_S1.);
#3930 = CIRCLE('',#3931,2.);
#3931 = AXIS2_PLACEMENT_3D('',#3932,#3933,#3934);
#3932 = CARTESIAN_POINT('',(-147.,-10.,234.47937536036));
#3933 = DIRECTION('',(0.,0.,1.));
#3934 = DIRECTION('',(-1.,0.,0.));
#3935 = PCURVE('',#3828,#3936);
#3936 = DEFINITIONAL_REPRESENTATION('',(#3937),#3941);
#3937 = LINE('',#3938,#3939);
#3938 = CARTESIAN_POINT('',(0.,2.));
#3939 = VECTOR('',#3940,1.);
#3940 = DIRECTION('',(1.,0.));
#3941 = ( GEOMETRIC_REPRESENTATION_CONTEXT(2)
PARAMETRIC_REPRESENTATION_CONTEXT() REPRESENTATION_CONTEXT('2D SPACE',''
  ) );
#3942 = PCURVE('',#3943,#3948);
#3943 = SPHERICAL_SURFACE('',#3944,2.);
#3944 = AXIS2_PLACEMENT_3D('',#3945,#3946,#3947);
#3945 = CARTESIAN_POINT('',(-147.,-10.,234.47937536036));
#3946 = DIRECTION('',(0.,0.,1.));
#3947 = DIRECTION('',(-1.,0.,0.));
#3948 = DEFINITIONAL_REPRESENTATION('',(#3949),#3953);
#3949 = LINE('',#3950,#3951);
#3950 = CARTESIAN_POINT('',(0.,0.));
#3951 = VECTOR('',#3952,1.);
#3952 = DIRECTION('',(1.,0.));
#3953 = ( GEOMETRIC_REPRESENTATION_CONTEXT(2)
PARAMETRIC_REPRESENTATION_CONTEXT() REPRESENTATION_CONTEXT('2D SPACE',''
  ) );
#3954 = ORIENTED_EDGE('',*,*,#3955,.T.);
#3955 = EDGE_CURVE('',#3927,#3956,#3958,.T.);
#3956 = VERTEX_POINT('',#3957);
#3957 = CARTESIAN_POINT('',(-147.,-12.,249.47937536036));
#3958 = SURFACE_CURVE('',#3959,(#3963,#3970),.PCURVE_S1.);
#3959 = LINE('',#3960,#3961);
#3960 = CARTESIAN_POINT('',(-147.,-12.,232.47937536036));
#3961 = VECTOR('',#3962,1.);
#3962 = DIRECTION('',(0.,0.,1.));
#3963 = PCURVE('',#3828,#3964);
#3964 = DEFINITIONAL_REPRESENTATION('',(#3965),#3969);
#3965 = LINE('',#3966,#3967);
#3966 = CARTESIAN_POINT('',(1.570796326795,0.));
#3967 = VECTOR('',#3968,1.);
#3968 = DIRECTION('',(0.,1.));
#3969 = ( GEOMETRIC_REPRESENTATION_CONTEXT(2)
PARAMETRIC_REPRESENTATION_CONTEXT() REPRESENTATION_CONTEXT('2D SPACE',''
  ) );
#3970 = PCURVE('',#3971,#3976);
#3971 = PLANE('',#3972);
#3972 = AXIS2_PLACEMENT_3D('',#3973,#3974,#3975);
#3973 = CARTESIAN_POINT('',(-149.,-12.,232.47937536036));
#3974 = DIRECTION('',(0.,1.,0.));
#3975 = DIRECTION('',(0.,0.,1.));
#3976 = DEFINITIONAL_REPRESENTATION('',(#3977),#3981);
#3977 = LINE('',#3978,#3979);
#3978 = CARTESIAN_POINT('',(0.,2.));
#3979 = VECTOR('',#3980,1.);
#3980 = DIRECTION('',(1.,0.));
#3981 = ( GEOMETRIC_REPRESENTATION_CONTEXT(2)
PARAMETRIC_REPRESENTATION_CONTEXT() REPRESENTATION_CONTEXT('2D SPACE',''
  ) );
#3982 = ORIENTED_EDGE('',*,*,#3983,.F.);
#3983 = EDGE_CURVE('',#3808,#3956,#3984,.T.);
#3984 = SURFACE_CURVE('',#3985,(#3990,#3997),.PCURVE_S1.);
#3985 = CIRCLE('',#3986,2.);
#3986 = AXIS2_PLACEMENT_3D('',#3987,#3988,#3989);
#3987 = CARTESIAN_POINT('',(-147.,-10.,249.47937536036));
#3988 = DIRECTION('',(0.,0.,1.));
#3989 = DIRECTION('',(-1.,0.,0.));
#3990 = PCURVE('',#3828,#3991);
#3991 = DEFINITIONAL_REPRESENTATION('',(#3992),#3996);
#3992 = LINE('',#3993,#3994);
#3993 = CARTESIAN_POINT('',(0.,17.));
#3994 = VECTOR('',#3995,1.);
#3995 = DIRECTION('',(1.,0.));
#3996 = ( GEOMETRIC_REPRESENTATION_CONTEXT(2)
PARAMETRIC_REPRESENTATION_CONTEXT() REPRESENTATION_CONTEXT('2D SPACE',''
  ) );
#3997 = PCURVE('',#3998,#4003);
#3998 = SPHERICAL_SURFACE('',#3999,2.);
#3999 = AXIS2_PLACEMENT_3D('',#4000,#4001,#4002);
#4000 = CARTESIAN_POINT('',(-147.,-10.,249.47937536036));
#4001 = DIRECTION('',(-0.,-0.,-1.));
#4002 = DIRECTION('',(-1.,0.,0.));
#4003 = DEFINITIONAL_REPRESENTATION('',(#4004),#4008);
#4004 = LINE('',#4005,#4006);
#4005 = CARTESIAN_POINT('',(-0.,0.));
#4006 = VECTOR('',#4007,1.);
#4007 = DIRECTION('',(-1.,0.));
#4008 = ( GEOMETRIC_REPRESENTATION_CONTEXT(2)
PARAMETRIC_REPRESENTATION_CONTEXT() REPRESENTATION_CONTEXT('2D SPACE',''
  ) );
#4009 = ADVANCED_FACE('',(#4010),#3856,.T.);
#4010 = FACE_BOUND('',#4011,.F.);
#4011 = EDGE_LOOP('',(#4012,#4036,#4064,#4091));
#4012 = ORIENTED_EDGE('',*,*,#4013,.F.);
#4013 = EDGE_CURVE('',#4014,#3806,#4016,.T.);
#4014 = VERTEX_POINT('',#4015);
#4015 = CARTESIAN_POINT('',(-147.,-10.,232.47937536036));
#4016 = SURFACE_CURVE('',#4017,(#4022,#4029),.PCURVE_S1.);
#4017 = CIRCLE('',#4018,2.);
#4018 = AXIS2_PLACEMENT_3D('',#4019,#4020,#4021);
#4019 = CARTESIAN_POINT('',(-147.,-10.,234.47937536036));
#4020 = DIRECTION('',(0.,1.,-0.));
#4021 = DIRECTION('',(-1.,0.,0.));
#4022 = PCURVE('',#3856,#4023);
#4023 = DEFINITIONAL_REPRESENTATION('',(#4024),#4028);
#4024 = LINE('',#4025,#4026);
#4025 = CARTESIAN_POINT('',(-6.28318530718,2.));
#4026 = VECTOR('',#4027,1.);
#4027 = DIRECTION('',(1.,-0.));
#4028 = ( GEOMETRIC_REPRESENTATION_CONTEXT(2)
PARAMETRIC_REPRESENTATION_CONTEXT() REPRESENTATION_CONTEXT('2D SPACE',''
  ) );
#4029 = PCURVE('',#3943,#4030);
#4030 = DEFINITIONAL_REPRESENTATION('',(#4031),#4035);
#4031 = LINE('',#4032,#4033);
#4032 = CARTESIAN_POINT('',(0.,-6.28318530718));
#4033 = VECTOR('',#4034,1.);
#4034 = DIRECTION('',(0.,1.));
#4035 = ( GEOMETRIC_REPRESENTATION_CONTEXT(2)
PARAMETRIC_REPRESENTATION_CONTEXT() REPRESENTATION_CONTEXT('2D SPACE',''
  ) );
#4036 = ORIENTED_EDGE('',*,*,#4037,.T.);
#4037 = EDGE_CURVE('',#4014,#4038,#4040,.T.);
#4038 = VERTEX_POINT('',#4039);
#4039 = CARTESIAN_POINT('',(-147.,10.,232.47937536036));
#4040 = SURFACE_CURVE('',#4041,(#4045,#4052),.PCURVE_S1.);
#4041 = LINE('',#4042,#4043);
#4042 = CARTESIAN_POINT('',(-147.,-12.,232.47937536036));
#4043 = VECTOR('',#4044,1.);
#4044 = DIRECTION('',(0.,1.,0.));
#4045 = PCURVE('',#3856,#4046);
#4046 = DEFINITIONAL_REPRESENTATION('',(#4047),#4051);
#4047 = LINE('',#4048,#4049);
#4048 = CARTESIAN_POINT('',(-1.570796326795,0.));
#4049 = VECTOR('',#4050,1.);
#4050 = DIRECTION('',(-0.,1.));
#4051 = ( GEOMETRIC_REPRESENTATION_CONTEXT(2)
PARAMETRIC_REPRESENTATION_CONTEXT() REPRESENTATION_CONTEXT('2D SPACE',''
  ) );
#4052 = PCURVE('',#4053,#4058);
#4053 = PLANE('',#4054);
#4054 = AXIS2_PLACEMENT_3D('',#4055,#4056,#4057);
#4055 = CARTESIAN_POINT('',(-149.,-12.,232.47937536036));
#4056 = DIRECTION('',(0.,0.,1.));
#4057 = DIRECTION('',(1.,0.,0.));
#4058 = DEFINITIONAL_REPRESENTATION('',(#4059),#4063);
#4059 = LINE('',#4060,#4061);
#4060 = CARTESIAN_POINT('',(2.,0.));
#4061 = VECTOR('',#4062,1.);
#4062 = DIRECTION('',(0.,1.));
#4063 = ( GEOMETRIC_REPRESENTATION_CONTEXT(2)
PARAMETRIC_REPRESENTATION_CONTEXT() REPRESENTATION_CONTEXT('2D SPACE',''
  ) );
#4064 = ORIENTED_EDGE('',*,*,#4065,.T.);
#4065 = EDGE_CURVE('',#4038,#3841,#4066,.T.);
#4066 = SURFACE_CURVE('',#4067,(#4072,#4079),.PCURVE_S1.);
#4067 = CIRCLE('',#4068,2.);
#4068 = AXIS2_PLACEMENT_3D('',#4069,#4070,#4071);
#4069 = CARTESIAN_POINT('',(-147.,10.,234.47937536036));
#4070 = DIRECTION('',(0.,1.,-0.));
#4071 = DIRECTION('',(-1.,0.,0.));
#4072 = PCURVE('',#3856,#4073);
#4073 = DEFINITIONAL_REPRESENTATION('',(#4074),#4078);
#4074 = LINE('',#4075,#4076);
#4075 = CARTESIAN_POINT('',(-6.28318530718,22.));
#4076 = VECTOR('',#4077,1.);
#4077 = DIRECTION('',(1.,-0.));
#4078 = ( GEOMETRIC_REPRESENTATION_CONTEXT(2)
PARAMETRIC_REPRESENTATION_CONTEXT() REPRESENTATION_CONTEXT('2D SPACE',''
  ) );
#4079 = PCURVE('',#4080,#4085);
#4080 = SPHERICAL_SURFACE('',#4081,2.);
#4081 = AXIS2_PLACEMENT_3D('',#4082,#4083,#4084);
#4082 = CARTESIAN_POINT('',(-147.,10.,234.47937536036));
#4083 = DIRECTION('',(0.,0.,1.));
#4084 = DIRECTION('',(-1.,0.,0.));
#4085 = DEFINITIONAL_REPRESENTATION('',(#4086),#4090);
#4086 = LINE('',#4087,#4088);
#4087 = CARTESIAN_POINT('',(-0.,-6.28318530718));
#4088 = VECTOR('',#4089,1.);
#4089 = DIRECTION('',(-0.,1.));
#4090 = ( GEOMETRIC_REPRESENTATION_CONTEXT(2)
PARAMETRIC_REPRESENTATION_CONTEXT() REPRESENTATION_CONTEXT('2D SPACE',''
  ) );
#4091 = ORIENTED_EDGE('',*,*,#3840,.F.);
#4092 = ADVANCED_FACE('',(#4093),#3910,.T.);
#4093 = FACE_BOUND('',#4094,.T.);
#4094 = EDGE_LOOP('',(#4095,#4119,#4147,#4174));
#4095 = ORIENTED_EDGE('',*,*,#4096,.F.);
#4096 = EDGE_CURVE('',#4097,#3808,#4099,.T.);
#4097 = VERTEX_POINT('',#4098);
#4098 = CARTESIAN_POINT('',(-147.,-10.,251.47937536036));
#4099 = SURFACE_CURVE('',#4100,(#4105,#4112),.PCURVE_S1.);
#4100 = CIRCLE('',#4101,2.);
#4101 = AXIS2_PLACEMENT_3D('',#4102,#4103,#4104);
#4102 = CARTESIAN_POINT('',(-147.,-10.,249.47937536036));
#4103 = DIRECTION('',(0.,-1.,0.));
#4104 = DIRECTION('',(-1.,0.,0.));
#4105 = PCURVE('',#3910,#4106);
#4106 = DEFINITIONAL_REPRESENTATION('',(#4107),#4111);
#4107 = LINE('',#4108,#4109);
#4108 = CARTESIAN_POINT('',(6.28318530718,2.));
#4109 = VECTOR('',#4110,1.);
#4110 = DIRECTION('',(-1.,-0.));
#4111 = ( GEOMETRIC_REPRESENTATION_CONTEXT(2)
PARAMETRIC_REPRESENTATION_CONTEXT() REPRESENTATION_CONTEXT('2D SPACE',''
  ) );
#4112 = PCURVE('',#3998,#4113);
#4113 = DEFINITIONAL_REPRESENTATION('',(#4114),#4118);
#4114 = LINE('',#4115,#4116);
#4115 = CARTESIAN_POINT('',(-0.,-6.28318530718));
#4116 = VECTOR('',#4117,1.);
#4117 = DIRECTION('',(-0.,1.));
#4118 = ( GEOMETRIC_REPRESENTATION_CONTEXT(2)
PARAMETRIC_REPRESENTATION_CONTEXT() REPRESENTATION_CONTEXT('2D SPACE',''
  ) );
#4119 = ORIENTED_EDGE('',*,*,#4120,.T.);
#4120 = EDGE_CURVE('',#4097,#4121,#4123,.T.);
#4121 = VERTEX_POINT('',#4122);
#4122 = CARTESIAN_POINT('',(-147.,10.,251.47937536036));
#4123 = SURFACE_CURVE('',#4124,(#4128,#4135),.PCURVE_S1.);
#4124 = LINE('',#4125,#4126);
#4125 = CARTESIAN_POINT('',(-147.,-12.,251.47937536036));
#4126 = VECTOR('',#4127,1.);
#4127 = DIRECTION('',(0.,1.,0.));
#4128 = PCURVE('',#3910,#4129);
#4129 = DEFINITIONAL_REPRESENTATION('',(#4130),#4134);
#4130 = LINE('',#4131,#4132);
#4131 = CARTESIAN_POINT('',(1.570796326795,0.));
#4132 = VECTOR('',#4133,1.);
#4133 = DIRECTION('',(0.,1.));
#4134 = ( GEOMETRIC_REPRESENTATION_CONTEXT(2)
PARAMETRIC_REPRESENTATION_CONTEXT() REPRESENTATION_CONTEXT('2D SPACE',''
  ) );
#4135 = PCURVE('',#4136,#4141);
#4136 = PLANE('',#4137);
#4137 = AXIS2_PLACEMENT_3D('',#4138,#4139,#4140);
#4138 = CARTESIAN_POINT('',(-149.,-12.,251.47937536036));
#4139 = DIRECTION('',(0.,0.,1.));
#4140 = DIRECTION('',(1.,0.,0.));
#4141 = DEFINITIONAL_REPRESENTATION('',(#4142),#4146);
#4142 = LINE('',#4143,#4144);
#4143 = CARTESIAN_POINT('',(2.,0.));
#4144 = VECTOR('',#4145,1.);
#4145 = DIRECTION('',(0.,1.));
#4146 = ( GEOMETRIC_REPRESENTATION_CONTEXT(2)
PARAMETRIC_REPRESENTATION_CONTEXT() REPRESENTATION_CONTEXT('2D SPACE',''
  ) );
#4147 = ORIENTED_EDGE('',*,*,#4148,.F.);
#4148 = EDGE_CURVE('',#3869,#4121,#4149,.T.);
#4149 = SURFACE_CURVE('',#4150,(#4155,#4162),.PCURVE_S1.);
#4150 = CIRCLE('',#4151,2.);
#4151 = AXIS2_PLACEMENT_3D('',#4152,#4153,#4154);
#4152 = CARTESIAN_POINT('',(-147.,10.,249.47937536036));
#4153 = DIRECTION('',(0.,1.,0.));
#4154 = DIRECTION('',(-1.,0.,0.));
#4155 = PCURVE('',#3910,#4156);
#4156 = DEFINITIONAL_REPRESENTATION('',(#4157),#4161);
#4157 = LINE('',#4158,#4159);
#4158 = CARTESIAN_POINT('',(0.,22.));
#4159 = VECTOR('',#4160,1.);
#4160 = DIRECTION('',(1.,0.));
#4161 = ( GEOMETRIC_REPRESENTATION_CONTEXT(2)
PARAMETRIC_REPRESENTATION_CONTEXT() REPRESENTATION_CONTEXT('2D SPACE',''
  ) );
#4162 = PCURVE('',#4163,#4168);
#4163 = SPHERICAL_SURFACE('',#4164,2.);
#4164 = AXIS2_PLACEMENT_3D('',#4165,#4166,#4167);
#4165 = CARTESIAN_POINT('',(-147.,10.,249.47937536036));
#4166 = DIRECTION('',(-0.,-1.,-0.));
#4167 = DIRECTION('',(-1.,0.,0.));
#4168 = DEFINITIONAL_REPRESENTATION('',(#4169),#4173);
#4169 = LINE('',#4170,#4171);
#4170 = CARTESIAN_POINT('',(-0.,0.));
#4171 = VECTOR('',#4172,1.);
#4172 = DIRECTION('',(-1.,0.));
#4173 = ( GEOMETRIC_REPRESENTATION_CONTEXT(2)
PARAMETRIC_REPRESENTATION_CONTEXT() REPRESENTATION_CONTEXT('2D SPACE',''
  ) );
#4174 = ORIENTED_EDGE('',*,*,#3896,.F.);
#4175 = ADVANCED_FACE('',(#4176),#3884,.T.);
#4176 = FACE_BOUND('',#4177,.F.);
#4177 = EDGE_LOOP('',(#4178,#4179,#4203,#4231));
#4178 = ORIENTED_EDGE('',*,*,#3868,.F.);
#4179 = ORIENTED_EDGE('',*,*,#4180,.T.);
#4180 = EDGE_CURVE('',#3841,#4181,#4183,.T.);
#4181 = VERTEX_POINT('',#4182);
#4182 = CARTESIAN_POINT('',(-147.,12.,234.47937536036));
#4183 = SURFACE_CURVE('',#4184,(#4189,#4196),.PCURVE_S1.);
#4184 = CIRCLE('',#4185,2.);
#4185 = AXIS2_PLACEMENT_3D('',#4186,#4187,#4188);
#4186 = CARTESIAN_POINT('',(-147.,10.,234.47937536036));
#4187 = DIRECTION('',(-0.,0.,-1.));
#4188 = DIRECTION('',(-1.,0.,0.));
#4189 = PCURVE('',#3884,#4190);
#4190 = DEFINITIONAL_REPRESENTATION('',(#4191),#4195);
#4191 = LINE('',#4192,#4193);
#4192 = CARTESIAN_POINT('',(-0.,2.));
#4193 = VECTOR('',#4194,1.);
#4194 = DIRECTION('',(-1.,0.));
#4195 = ( GEOMETRIC_REPRESENTATION_CONTEXT(2)
PARAMETRIC_REPRESENTATION_CONTEXT() REPRESENTATION_CONTEXT('2D SPACE',''
  ) );
#4196 = PCURVE('',#4080,#4197);
#4197 = DEFINITIONAL_REPRESENTATION('',(#4198),#4202);
#4198 = LINE('',#4199,#4200);
#4199 = CARTESIAN_POINT('',(-0.,0.));
#4200 = VECTOR('',#4201,1.);
#4201 = DIRECTION('',(-1.,0.));
#4202 = ( GEOMETRIC_REPRESENTATION_CONTEXT(2)
PARAMETRIC_REPRESENTATION_CONTEXT() REPRESENTATION_CONTEXT('2D SPACE',''
  ) );
#4203 = ORIENTED_EDGE('',*,*,#4204,.T.);
#4204 = EDGE_CURVE('',#4181,#4205,#4207,.T.);
#4205 = VERTEX_POINT('',#4206);
#4206 = CARTESIAN_POINT('',(-147.,12.,249.47937536036));
#4207 = SURFACE_CURVE('',#4208,(#4212,#4219),.PCURVE_S1.);
#4208 = LINE('',#4209,#4210);
#4209 = CARTESIAN_POINT('',(-147.,12.,232.47937536036));
#4210 = VECTOR('',#4211,1.);
#4211 = DIRECTION('',(0.,0.,1.));
#4212 = PCURVE('',#3884,#4213);
#4213 = DEFINITIONAL_REPRESENTATION('',(#4214),#4218);
#4214 = LINE('',#4215,#4216);
#4215 = CARTESIAN_POINT('',(-1.570796326795,0.));
#4216 = VECTOR('',#4217,1.);
#4217 = DIRECTION('',(-0.,1.));
#4218 = ( GEOMETRIC_REPRESENTATION_CONTEXT(2)
PARAMETRIC_REPRESENTATION_CONTEXT() REPRESENTATION_CONTEXT('2D SPACE',''
  ) );
#4219 = PCURVE('',#4220,#4225);
#4220 = PLANE('',#4221);
#4221 = AXIS2_PLACEMENT_3D('',#4222,#4223,#4224);
#4222 = CARTESIAN_POINT('',(-149.,12.,232.47937536036));
#4223 = DIRECTION('',(0.,1.,0.));
#4224 = DIRECTION('',(0.,0.,1.));
#4225 = DEFINITIONAL_REPRESENTATION('',(#4226),#4230);
#4226 = LINE('',#4227,#4228);
#4227 = CARTESIAN_POINT('',(0.,2.));
#4228 = VECTOR('',#4229,1.);
#4229 = DIRECTION('',(1.,0.));
#4230 = ( GEOMETRIC_REPRESENTATION_CONTEXT(2)
PARAMETRIC_REPRESENTATION_CONTEXT() REPRESENTATION_CONTEXT('2D SPACE',''
  ) );
#4231 = ORIENTED_EDGE('',*,*,#4232,.T.);
#4232 = EDGE_CURVE('',#4205,#3869,#4233,.T.);
#4233 = SURFACE_CURVE('',#4234,(#4239,#4246),.PCURVE_S1.);
#4234 = CIRCLE('',#4235,2.);
#4235 = AXIS2_PLACEMENT_3D('',#4236,#4237,#4238);
#4236 = CARTESIAN_POINT('',(-147.,10.,249.47937536036));
#4237 = DIRECTION('',(0.,0.,1.));
#4238 = DIRECTION('',(-1.,0.,0.));
#4239 = PCURVE('',#3884,#4240);
#4240 = DEFINITIONAL_REPRESENTATION('',(#4241),#4245);
#4241 = LINE('',#4242,#4243);
#4242 = CARTESIAN_POINT('',(-6.28318530718,17.));
#4243 = VECTOR('',#4244,1.);
#4244 = DIRECTION('',(1.,-0.));
#4245 = ( GEOMETRIC_REPRESENTATION_CONTEXT(2)
PARAMETRIC_REPRESENTATION_CONTEXT() REPRESENTATION_CONTEXT('2D SPACE',''
  ) );
#4246 = PCURVE('',#4163,#4247);
#4247 = DEFINITIONAL_REPRESENTATION('',(#4248),#4252);
#4248 = LINE('',#4249,#4250);
#4249 = CARTESIAN_POINT('',(-0.,-6.28318530718));
#4250 = VECTOR('',#4251,1.);
#4251 = DIRECTION('',(-0.,1.));
#4252 = ( GEOMETRIC_REPRESENTATION_CONTEXT(2)
PARAMETRIC_REPRESENTATION_CONTEXT() REPRESENTATION_CONTEXT('2D SPACE',''
  ) );
#4253 = ADVANCED_FACE('',(#4254),#3943,.T.);
#4254 = FACE_BOUND('',#4255,.T.);
#4255 = EDGE_LOOP('',(#4256,#4257,#4284));
#4256 = ORIENTED_EDGE('',*,*,#4013,.F.);
#4257 = ORIENTED_EDGE('',*,*,#4258,.T.);
#4258 = EDGE_CURVE('',#4014,#3927,#4259,.T.);
#4259 = SURFACE_CURVE('',#4260,(#4265,#4272),.PCURVE_S1.);
#4260 = CIRCLE('',#4261,2.);
#4261 = AXIS2_PLACEMENT_3D('',#4262,#4263,#4264);
#4262 = CARTESIAN_POINT('',(-147.,-10.,234.47937536036));
#4263 = DIRECTION('',(-1.,6.123233995737E-17,0.));
#4264 = DIRECTION('',(-6.123233995737E-17,-1.,0.));
#4265 = PCURVE('',#3943,#4266);
#4266 = DEFINITIONAL_REPRESENTATION('',(#4267),#4271);
#4267 = LINE('',#4268,#4269);
#4268 = CARTESIAN_POINT('',(1.570796326795,-6.28318530718));
#4269 = VECTOR('',#4270,1.);
#4270 = DIRECTION('',(0.,1.));
#4271 = ( GEOMETRIC_REPRESENTATION_CONTEXT(2)
PARAMETRIC_REPRESENTATION_CONTEXT() REPRESENTATION_CONTEXT('2D SPACE',''
  ) );
#4272 = PCURVE('',#4273,#4278);
#4273 = CYLINDRICAL_SURFACE('',#4274,2.);
#4274 = AXIS2_PLACEMENT_3D('',#4275,#4276,#4277);
#4275 = CARTESIAN_POINT('',(-149.,-10.,234.47937536036));
#4276 = DIRECTION('',(1.,0.,0.));
#4277 = DIRECTION('',(0.,-1.,0.));
#4278 = DEFINITIONAL_REPRESENTATION('',(#4279),#4283);
#4279 = LINE('',#4280,#4281);
#4280 = CARTESIAN_POINT('',(6.28318530718,2.));
#4281 = VECTOR('',#4282,1.);
#4282 = DIRECTION('',(-1.,-0.));
#4283 = ( GEOMETRIC_REPRESENTATION_CONTEXT(2)
PARAMETRIC_REPRESENTATION_CONTEXT() REPRESENTATION_CONTEXT('2D SPACE',''
  ) );
#4284 = ORIENTED_EDGE('',*,*,#3926,.F.);
#4285 = ADVANCED_FACE('',(#4286),#3998,.T.);
#4286 = FACE_BOUND('',#4287,.F.);
#4287 = EDGE_LOOP('',(#4288,#4289,#4316));
#4288 = ORIENTED_EDGE('',*,*,#4096,.F.);
#4289 = ORIENTED_EDGE('',*,*,#4290,.T.);
#4290 = EDGE_CURVE('',#4097,#3956,#4291,.T.);
#4291 = SURFACE_CURVE('',#4292,(#4297,#4304),.PCURVE_S1.);
#4292 = CIRCLE('',#4293,2.);
#4293 = AXIS2_PLACEMENT_3D('',#4294,#4295,#4296);
#4294 = CARTESIAN_POINT('',(-147.,-10.,249.47937536036));
#4295 = DIRECTION('',(1.,-6.123233995737E-17,0.));
#4296 = DIRECTION('',(-6.123233995737E-17,-1.,0.));
#4297 = PCURVE('',#3998,#4298);
#4298 = DEFINITIONAL_REPRESENTATION('',(#4299),#4303);
#4299 = LINE('',#4300,#4301);
#4300 = CARTESIAN_POINT('',(-1.570796326795,-6.28318530718));
#4301 = VECTOR('',#4302,1.);
#4302 = DIRECTION('',(-0.,1.));
#4303 = ( GEOMETRIC_REPRESENTATION_CONTEXT(2)
PARAMETRIC_REPRESENTATION_CONTEXT() REPRESENTATION_CONTEXT('2D SPACE',''
  ) );
#4304 = PCURVE('',#4305,#4310);
#4305 = CYLINDRICAL_SURFACE('',#4306,2.);
#4306 = AXIS2_PLACEMENT_3D('',#4307,#4308,#4309);
#4307 = CARTESIAN_POINT('',(-149.,-10.,249.47937536036));
#4308 = DIRECTION('',(1.,0.,0.));
#4309 = DIRECTION('',(0.,-1.,0.));
#4310 = DEFINITIONAL_REPRESENTATION('',(#4311),#4315);
#4311 = LINE('',#4312,#4313);
#4312 = CARTESIAN_POINT('',(-6.28318530718,2.));
#4313 = VECTOR('',#4314,1.);
#4314 = DIRECTION('',(1.,-0.));
#4315 = ( GEOMETRIC_REPRESENTATION_CONTEXT(2)
PARAMETRIC_REPRESENTATION_CONTEXT() REPRESENTATION_CONTEXT('2D SPACE',''
  ) );
#4316 = ORIENTED_EDGE('',*,*,#3983,.F.);
#4317 = ADVANCED_FACE('',(#4318),#3971,.F.);
#4318 = FACE_BOUND('',#4319,.F.);
#4319 = EDGE_LOOP('',(#4320,#4321,#4344,#4372));
#4320 = ORIENTED_EDGE('',*,*,#3955,.T.);
#4321 = ORIENTED_EDGE('',*,*,#4322,.T.);
#4322 = EDGE_CURVE('',#3956,#4323,#4325,.T.);
#4323 = VERTEX_POINT('',#4324);
#4324 = CARTESIAN_POINT('',(-145.,-12.,249.47937536036));
#4325 = SURFACE_CURVE('',#4326,(#4330,#4337),.PCURVE_S1.);
#4326 = LINE('',#4327,#4328);
#4327 = CARTESIAN_POINT('',(-149.,-12.,249.47937536036));
#4328 = VECTOR('',#4329,1.);
#4329 = DIRECTION('',(1.,0.,0.));
#4330 = PCURVE('',#3971,#4331);
#4331 = DEFINITIONAL_REPRESENTATION('',(#4332),#4336);
#4332 = LINE('',#4333,#4334);
#4333 = CARTESIAN_POINT('',(17.,0.));
#4334 = VECTOR('',#4335,1.);
#4335 = DIRECTION('',(0.,1.));
#4336 = ( GEOMETRIC_REPRESENTATION_CONTEXT(2)
PARAMETRIC_REPRESENTATION_CONTEXT() REPRESENTATION_CONTEXT('2D SPACE',''
  ) );
#4337 = PCURVE('',#4305,#4338);
#4338 = DEFINITIONAL_REPRESENTATION('',(#4339),#4343);
#4339 = LINE('',#4340,#4341);
#4340 = CARTESIAN_POINT('',(-0.,0.));
#4341 = VECTOR('',#4342,1.);
#4342 = DIRECTION('',(-0.,1.));
#4343 = ( GEOMETRIC_REPRESENTATION_CONTEXT(2)
PARAMETRIC_REPRESENTATION_CONTEXT() REPRESENTATION_CONTEXT('2D SPACE',''
  ) );
#4344 = ORIENTED_EDGE('',*,*,#4345,.F.);
#4345 = EDGE_CURVE('',#4346,#4323,#4348,.T.);
#4346 = VERTEX_POINT('',#4347);
#4347 = CARTESIAN_POINT('',(-145.,-12.,234.47937536036));
#4348 = SURFACE_CURVE('',#4349,(#4353,#4360),.PCURVE_S1.);
#4349 = LINE('',#4350,#4351);
#4350 = CARTESIAN_POINT('',(-145.,-12.,232.47937536036));
#4351 = VECTOR('',#4352,1.);
#4352 = DIRECTION('',(0.,0.,1.));
#4353 = PCURVE('',#3971,#4354);
#4354 = DEFINITIONAL_REPRESENTATION('',(#4355),#4359);
#4355 = LINE('',#4356,#4357);
#4356 = CARTESIAN_POINT('',(0.,4.));
#4357 = VECTOR('',#4358,1.);
#4358 = DIRECTION('',(1.,0.));
#4359 = ( GEOMETRIC_REPRESENTATION_CONTEXT(2)
PARAMETRIC_REPRESENTATION_CONTEXT() REPRESENTATION_CONTEXT('2D SPACE',''
  ) );
#4360 = PCURVE('',#4361,#4366);
#4361 = CYLINDRICAL_SURFACE('',#4362,2.);
#4362 = AXIS2_PLACEMENT_3D('',#4363,#4364,#4365);
#4363 = CARTESIAN_POINT('',(-145.,-10.,232.47937536036));
#4364 = DIRECTION('',(0.,0.,1.));
#4365 = DIRECTION('',(1.,0.,-0.));
#4366 = DEFINITIONAL_REPRESENTATION('',(#4367),#4371);
#4367 = LINE('',#4368,#4369);
#4368 = CARTESIAN_POINT('',(-1.570796326795,0.));
#4369 = VECTOR('',#4370,1.);
#4370 = DIRECTION('',(-0.,1.));
#4371 = ( GEOMETRIC_REPRESENTATION_CONTEXT(2)
PARAMETRIC_REPRESENTATION_CONTEXT() REPRESENTATION_CONTEXT('2D SPACE',''
  ) );
#4372 = ORIENTED_EDGE('',*,*,#4373,.F.);
#4373 = EDGE_CURVE('',#3927,#4346,#4374,.T.);
#4374 = SURFACE_CURVE('',#4375,(#4379,#4386),.PCURVE_S1.);
#4375 = LINE('',#4376,#4377);
#4376 = CARTESIAN_POINT('',(-149.,-12.,234.47937536036));
#4377 = VECTOR('',#4378,1.);
#4378 = DIRECTION('',(1.,0.,0.));
#4379 = PCURVE('',#3971,#4380);
#4380 = DEFINITIONAL_REPRESENTATION('',(#4381),#4385);
#4381 = LINE('',#4382,#4383);
#4382 = CARTESIAN_POINT('',(2.,0.));
#4383 = VECTOR('',#4384,1.);
#4384 = DIRECTION('',(0.,1.));
#4385 = ( GEOMETRIC_REPRESENTATION_CONTEXT(2)
PARAMETRIC_REPRESENTATION_CONTEXT() REPRESENTATION_CONTEXT('2D SPACE',''
  ) );
#4386 = PCURVE('',#4273,#4387);
#4387 = DEFINITIONAL_REPRESENTATION('',(#4388),#4392);
#4388 = LINE('',#4389,#4390);
#4389 = CARTESIAN_POINT('',(0.,0.));
#4390 = VECTOR('',#4391,1.);
#4391 = DIRECTION('',(0.,1.));
#4392 = ( GEOMETRIC_REPRESENTATION_CONTEXT(2)
PARAMETRIC_REPRESENTATION_CONTEXT() REPRESENTATION_CONTEXT('2D SPACE',''
  ) );
#4393 = ADVANCED_FACE('',(#4394),#4053,.F.);
#4394 = FACE_BOUND('',#4395,.F.);
#4395 = EDGE_LOOP('',(#4396,#4397,#4420,#4448));
#4396 = ORIENTED_EDGE('',*,*,#4037,.F.);
#4397 = ORIENTED_EDGE('',*,*,#4398,.T.);
#4398 = EDGE_CURVE('',#4014,#4399,#4401,.T.);
#4399 = VERTEX_POINT('',#4400);
#4400 = CARTESIAN_POINT('',(-145.,-10.,232.47937536036));
#4401 = SURFACE_CURVE('',#4402,(#4406,#4413),.PCURVE_S1.);
#4402 = LINE('',#4403,#4404);
#4403 = CARTESIAN_POINT('',(-149.,-10.,232.47937536036));
#4404 = VECTOR('',#4405,1.);
#4405 = DIRECTION('',(1.,0.,0.));
#4406 = PCURVE('',#4053,#4407);
#4407 = DEFINITIONAL_REPRESENTATION('',(#4408),#4412);
#4408 = LINE('',#4409,#4410);
#4409 = CARTESIAN_POINT('',(0.,2.));
#4410 = VECTOR('',#4411,1.);
#4411 = DIRECTION('',(1.,0.));
#4412 = ( GEOMETRIC_REPRESENTATION_CONTEXT(2)
PARAMETRIC_REPRESENTATION_CONTEXT() REPRESENTATION_CONTEXT('2D SPACE',''
  ) );
#4413 = PCURVE('',#4273,#4414);
#4414 = DEFINITIONAL_REPRESENTATION('',(#4415),#4419);
#4415 = LINE('',#4416,#4417);
#4416 = CARTESIAN_POINT('',(1.570796326795,0.));
#4417 = VECTOR('',#4418,1.);
#4418 = DIRECTION('',(0.,1.));
#4419 = ( GEOMETRIC_REPRESENTATION_CONTEXT(2)
PARAMETRIC_REPRESENTATION_CONTEXT() REPRESENTATION_CONTEXT('2D SPACE',''
  ) );
#4420 = ORIENTED_EDGE('',*,*,#4421,.T.);
#4421 = EDGE_CURVE('',#4399,#4422,#4424,.T.);
#4422 = VERTEX_POINT('',#4423);
#4423 = CARTESIAN_POINT('',(-145.,10.,232.47937536036));
#4424 = SURFACE_CURVE('',#4425,(#4429,#4436),.PCURVE_S1.);
#4425 = LINE('',#4426,#4427);
#4426 = CARTESIAN_POINT('',(-145.,-12.,232.47937536036));
#4427 = VECTOR('',#4428,1.);
#4428 = DIRECTION('',(0.,1.,0.));
#4429 = PCURVE('',#4053,#4430);
#4430 = DEFINITIONAL_REPRESENTATION('',(#4431),#4435);
#4431 = LINE('',#4432,#4433);
#4432 = CARTESIAN_POINT('',(4.,0.));
#4433 = VECTOR('',#4434,1.);
#4434 = DIRECTION('',(0.,1.));
#4435 = ( GEOMETRIC_REPRESENTATION_CONTEXT(2)
PARAMETRIC_REPRESENTATION_CONTEXT() REPRESENTATION_CONTEXT('2D SPACE',''
  ) );
#4436 = PCURVE('',#4437,#4442);
#4437 = CYLINDRICAL_SURFACE('',#4438,2.);
#4438 = AXIS2_PLACEMENT_3D('',#4439,#4440,#4441);
#4439 = CARTESIAN_POINT('',(-145.,-12.,234.47937536036));
#4440 = DIRECTION('',(0.,1.,0.));
#4441 = DIRECTION('',(1.,0.,-0.));
#4442 = DEFINITIONAL_REPRESENTATION('',(#4443),#4447);
#4443 = LINE('',#4444,#4445);
#4444 = CARTESIAN_POINT('',(1.570796326795,0.));
#4445 = VECTOR('',#4446,1.);
#4446 = DIRECTION('',(0.,1.));
#4447 = ( GEOMETRIC_REPRESENTATION_CONTEXT(2)
PARAMETRIC_REPRESENTATION_CONTEXT() REPRESENTATION_CONTEXT('2D SPACE',''
  ) );
#4448 = ORIENTED_EDGE('',*,*,#4449,.F.);
#4449 = EDGE_CURVE('',#4038,#4422,#4450,.T.);
#4450 = SURFACE_CURVE('',#4451,(#4455,#4462),.PCURVE_S1.);
#4451 = LINE('',#4452,#4453);
#4452 = CARTESIAN_POINT('',(-149.,10.,232.47937536036));
#4453 = VECTOR('',#4454,1.);
#4454 = DIRECTION('',(1.,0.,0.));
#4455 = PCURVE('',#4053,#4456);
#4456 = DEFINITIONAL_REPRESENTATION('',(#4457),#4461);
#4457 = LINE('',#4458,#4459);
#4458 = CARTESIAN_POINT('',(0.,22.));
#4459 = VECTOR('',#4460,1.);
#4460 = DIRECTION('',(1.,0.));
#4461 = ( GEOMETRIC_REPRESENTATION_CONTEXT(2)
PARAMETRIC_REPRESENTATION_CONTEXT() REPRESENTATION_CONTEXT('2D SPACE',''
  ) );
#4462 = PCURVE('',#4463,#4468);
#4463 = CYLINDRICAL_SURFACE('',#4464,2.);
#4464 = AXIS2_PLACEMENT_3D('',#4465,#4466,#4467);
#4465 = CARTESIAN_POINT('',(-149.,10.,234.47937536036));
#4466 = DIRECTION('',(1.,0.,0.));
#4467 = DIRECTION('',(-0.,1.,0.));
#4468 = DEFINITIONAL_REPRESENTATION('',(#4469),#4473);
#4469 = LINE('',#4470,#4471);
#4470 = CARTESIAN_POINT('',(-1.570796326795,0.));
#4471 = VECTOR('',#4472,1.);
#4472 = DIRECTION('',(-0.,1.));
#4473 = ( GEOMETRIC_REPRESENTATION_CONTEXT(2)
PARAMETRIC_REPRESENTATION_CONTEXT() REPRESENTATION_CONTEXT('2D SPACE',''
  ) );
#4474 = ADVANCED_FACE('',(#4475),#4080,.T.);
#4475 = FACE_BOUND('',#4476,.F.);
#4476 = EDGE_LOOP('',(#4477,#4478,#4500));
#4477 = ORIENTED_EDGE('',*,*,#4065,.F.);
#4478 = ORIENTED_EDGE('',*,*,#4479,.T.);
#4479 = EDGE_CURVE('',#4038,#4181,#4480,.T.);
#4480 = SURFACE_CURVE('',#4481,(#4486,#4493),.PCURVE_S1.);
#4481 = CIRCLE('',#4482,2.);
#4482 = AXIS2_PLACEMENT_3D('',#4483,#4484,#4485);
#4483 = CARTESIAN_POINT('',(-147.,10.,234.47937536036));
#4484 = DIRECTION('',(1.,6.123233995737E-17,-0.));
#4485 = DIRECTION('',(-6.123233995737E-17,1.,0.));
#4486 = PCURVE('',#4080,#4487);
#4487 = DEFINITIONAL_REPRESENTATION('',(#4488),#4492);
#4488 = LINE('',#4489,#4490);
#4489 = CARTESIAN_POINT('',(-1.570796326795,-6.28318530718));
#4490 = VECTOR('',#4491,1.);
#4491 = DIRECTION('',(-0.,1.));
#4492 = ( GEOMETRIC_REPRESENTATION_CONTEXT(2)
PARAMETRIC_REPRESENTATION_CONTEXT() REPRESENTATION_CONTEXT('2D SPACE',''
  ) );
#4493 = PCURVE('',#4463,#4494);
#4494 = DEFINITIONAL_REPRESENTATION('',(#4495),#4499);
#4495 = LINE('',#4496,#4497);
#4496 = CARTESIAN_POINT('',(-6.28318530718,2.));
#4497 = VECTOR('',#4498,1.);
#4498 = DIRECTION('',(1.,-0.));
#4499 = ( GEOMETRIC_REPRESENTATION_CONTEXT(2)
PARAMETRIC_REPRESENTATION_CONTEXT() REPRESENTATION_CONTEXT('2D SPACE',''
  ) );
#4500 = ORIENTED_EDGE('',*,*,#4180,.F.);
#4501 = ADVANCED_FACE('',(#4502),#4136,.T.);
#4502 = FACE_BOUND('',#4503,.T.);
#4503 = EDGE_LOOP('',(#4504,#4505,#4528,#4556));
#4504 = ORIENTED_EDGE('',*,*,#4120,.F.);
#4505 = ORIENTED_EDGE('',*,*,#4506,.T.);
#4506 = EDGE_CURVE('',#4097,#4507,#4509,.T.);
#4507 = VERTEX_POINT('',#4508);
#4508 = CARTESIAN_POINT('',(-145.,-10.,251.47937536036));
#4509 = SURFACE_CURVE('',#4510,(#4514,#4521),.PCURVE_S1.);
#4510 = LINE('',#4511,#4512);
#4511 = CARTESIAN_POINT('',(-149.,-10.,251.47937536036));
#4512 = VECTOR('',#4513,1.);
#4513 = DIRECTION('',(1.,0.,0.));
#4514 = PCURVE('',#4136,#4515);
#4515 = DEFINITIONAL_REPRESENTATION('',(#4516),#4520);
#4516 = LINE('',#4517,#4518);
#4517 = CARTESIAN_POINT('',(0.,2.));
#4518 = VECTOR('',#4519,1.);
#4519 = DIRECTION('',(1.,0.));
#4520 = ( GEOMETRIC_REPRESENTATION_CONTEXT(2)
PARAMETRIC_REPRESENTATION_CONTEXT() REPRESENTATION_CONTEXT('2D SPACE',''
  ) );
#4521 = PCURVE('',#4305,#4522);
#4522 = DEFINITIONAL_REPRESENTATION('',(#4523),#4527);
#4523 = LINE('',#4524,#4525);
#4524 = CARTESIAN_POINT('',(-1.570796326795,0.));
#4525 = VECTOR('',#4526,1.);
#4526 = DIRECTION('',(-0.,1.));
#4527 = ( GEOMETRIC_REPRESENTATION_CONTEXT(2)
PARAMETRIC_REPRESENTATION_CONTEXT() REPRESENTATION_CONTEXT('2D SPACE',''
  ) );
#4528 = ORIENTED_EDGE('',*,*,#4529,.T.);
#4529 = EDGE_CURVE('',#4507,#4530,#4532,.T.);
#4530 = VERTEX_POINT('',#4531);
#4531 = CARTESIAN_POINT('',(-145.,10.,251.47937536036));
#4532 = SURFACE_CURVE('',#4533,(#4537,#4544),.PCURVE_S1.);
#4533 = LINE('',#4534,#4535);
#4534 = CARTESIAN_POINT('',(-145.,-12.,251.47937536036));
#4535 = VECTOR('',#4536,1.);
#4536 = DIRECTION('',(0.,1.,0.));
#4537 = PCURVE('',#4136,#4538);
#4538 = DEFINITIONAL_REPRESENTATION('',(#4539),#4543);
#4539 = LINE('',#4540,#4541);
#4540 = CARTESIAN_POINT('',(4.,0.));
#4541 = VECTOR('',#4542,1.);
#4542 = DIRECTION('',(0.,1.));
#4543 = ( GEOMETRIC_REPRESENTATION_CONTEXT(2)
PARAMETRIC_REPRESENTATION_CONTEXT() REPRESENTATION_CONTEXT('2D SPACE',''
  ) );
#4544 = PCURVE('',#4545,#4550);
#4545 = CYLINDRICAL_SURFACE('',#4546,2.);
#4546 = AXIS2_PLACEMENT_3D('',#4547,#4548,#4549);
#4547 = CARTESIAN_POINT('',(-145.,-12.,249.47937536036));
#4548 = DIRECTION('',(0.,1.,0.));
#4549 = DIRECTION('',(1.,0.,-0.));
#4550 = DEFINITIONAL_REPRESENTATION('',(#4551),#4555);
#4551 = LINE('',#4552,#4553);
#4552 = CARTESIAN_POINT('',(-1.570796326795,0.));
#4553 = VECTOR('',#4554,1.);
#4554 = DIRECTION('',(-0.,1.));
#4555 = ( GEOMETRIC_REPRESENTATION_CONTEXT(2)
PARAMETRIC_REPRESENTATION_CONTEXT() REPRESENTATION_CONTEXT('2D SPACE',''
  ) );
#4556 = ORIENTED_EDGE('',*,*,#4557,.F.);
#4557 = EDGE_CURVE('',#4121,#4530,#4558,.T.);
#4558 = SURFACE_CURVE('',#4559,(#4563,#4570),.PCURVE_S1.);
#4559 = LINE('',#4560,#4561);
#4560 = CARTESIAN_POINT('',(-149.,10.,251.47937536036));
#4561 = VECTOR('',#4562,1.);
#4562 = DIRECTION('',(1.,0.,0.));
#4563 = PCURVE('',#4136,#4564);
#4564 = DEFINITIONAL_REPRESENTATION('',(#4565),#4569);
#4565 = LINE('',#4566,#4567);
#4566 = CARTESIAN_POINT('',(0.,22.));
#4567 = VECTOR('',#4568,1.);
#4568 = DIRECTION('',(1.,0.));
#4569 = ( GEOMETRIC_REPRESENTATION_CONTEXT(2)
PARAMETRIC_REPRESENTATION_CONTEXT() REPRESENTATION_CONTEXT('2D SPACE',''
  ) );
#4570 = PCURVE('',#4571,#4576);
#4571 = CYLINDRICAL_SURFACE('',#4572,2.);
#4572 = AXIS2_PLACEMENT_3D('',#4573,#4574,#4575);
#4573 = CARTESIAN_POINT('',(-149.,10.,249.47937536036));
#4574 = DIRECTION('',(1.,0.,0.));
#4575 = DIRECTION('',(-0.,1.,0.));
#4576 = DEFINITIONAL_REPRESENTATION('',(#4577),#4581);
#4577 = LINE('',#4578,#4579);
#4578 = CARTESIAN_POINT('',(1.570796326795,0.));
#4579 = VECTOR('',#4580,1.);
#4580 = DIRECTION('',(0.,1.));
#4581 = ( GEOMETRIC_REPRESENTATION_CONTEXT(2)
PARAMETRIC_REPRESENTATION_CONTEXT() REPRESENTATION_CONTEXT('2D SPACE',''
  ) );
#4582 = ADVANCED_FACE('',(#4583),#4163,.T.);
#4583 = FACE_BOUND('',#4584,.F.);
#4584 = EDGE_LOOP('',(#4585,#4586,#4608));
#4585 = ORIENTED_EDGE('',*,*,#4232,.F.);
#4586 = ORIENTED_EDGE('',*,*,#4587,.T.);
#4587 = EDGE_CURVE('',#4205,#4121,#4588,.T.);
#4588 = SURFACE_CURVE('',#4589,(#4594,#4601),.PCURVE_S1.);
#4589 = CIRCLE('',#4590,2.);
#4590 = AXIS2_PLACEMENT_3D('',#4591,#4592,#4593);
#4591 = CARTESIAN_POINT('',(-147.,10.,249.47937536036));
#4592 = DIRECTION('',(1.,0.,6.123233995737E-17));
#4593 = DIRECTION('',(-6.123233995737E-17,0.,1.));
#4594 = PCURVE('',#4163,#4595);
#4595 = DEFINITIONAL_REPRESENTATION('',(#4596),#4600);
#4596 = LINE('',#4597,#4598);
#4597 = CARTESIAN_POINT('',(-1.570796326795,-6.28318530718));
#4598 = VECTOR('',#4599,1.);
#4599 = DIRECTION('',(-0.,1.));
#4600 = ( GEOMETRIC_REPRESENTATION_CONTEXT(2)
PARAMETRIC_REPRESENTATION_CONTEXT() REPRESENTATION_CONTEXT('2D SPACE',''
  ) );
#4601 = PCURVE('',#4571,#4602);
#4602 = DEFINITIONAL_REPRESENTATION('',(#4603),#4607);
#4603 = LINE('',#4604,#4605);
#4604 = CARTESIAN_POINT('',(-4.712388980385,2.));
#4605 = VECTOR('',#4606,1.);
#4606 = DIRECTION('',(1.,0.));
#4607 = ( GEOMETRIC_REPRESENTATION_CONTEXT(2)
PARAMETRIC_REPRESENTATION_CONTEXT() REPRESENTATION_CONTEXT('2D SPACE',''
  ) );
#4608 = ORIENTED_EDGE('',*,*,#4148,.F.);
#4609 = ADVANCED_FACE('',(#4610),#4220,.T.);
#4610 = FACE_BOUND('',#4611,.T.);
#4611 = EDGE_LOOP('',(#4612,#4613,#4636,#4664));
#4612 = ORIENTED_EDGE('',*,*,#4204,.T.);
#4613 = ORIENTED_EDGE('',*,*,#4614,.T.);
#4614 = EDGE_CURVE('',#4205,#4615,#4617,.T.);
#4615 = VERTEX_POINT('',#4616);
#4616 = CARTESIAN_POINT('',(-145.,12.,249.47937536036));
#4617 = SURFACE_CURVE('',#4618,(#4622,#4629),.PCURVE_S1.);
#4618 = LINE('',#4619,#4620);
#4619 = CARTESIAN_POINT('',(-149.,12.,249.47937536036));
#4620 = VECTOR('',#4621,1.);
#4621 = DIRECTION('',(1.,0.,0.));
#4622 = PCURVE('',#4220,#4623);
#4623 = DEFINITIONAL_REPRESENTATION('',(#4624),#4628);
#4624 = LINE('',#4625,#4626);
#4625 = CARTESIAN_POINT('',(17.,0.));
#4626 = VECTOR('',#4627,1.);
#4627 = DIRECTION('',(0.,1.));
#4628 = ( GEOMETRIC_REPRESENTATION_CONTEXT(2)
PARAMETRIC_REPRESENTATION_CONTEXT() REPRESENTATION_CONTEXT('2D SPACE',''
  ) );
#4629 = PCURVE('',#4571,#4630);
#4630 = DEFINITIONAL_REPRESENTATION('',(#4631),#4635);
#4631 = LINE('',#4632,#4633);
#4632 = CARTESIAN_POINT('',(0.,0.));
#4633 = VECTOR('',#4634,1.);
#4634 = DIRECTION('',(0.,1.));
#4635 = ( GEOMETRIC_REPRESENTATION_CONTEXT(2)
PARAMETRIC_REPRESENTATION_CONTEXT() REPRESENTATION_CONTEXT('2D SPACE',''
  ) );
#4636 = ORIENTED_EDGE('',*,*,#4637,.F.);
#4637 = EDGE_CURVE('',#4638,#4615,#4640,.T.);
#4638 = VERTEX_POINT('',#4639);
#4639 = CARTESIAN_POINT('',(-145.,12.,234.47937536036));
#4640 = SURFACE_CURVE('',#4641,(#4645,#4652),.PCURVE_S1.);
#4641 = LINE('',#4642,#4643);
#4642 = CARTESIAN_POINT('',(-145.,12.,232.47937536036));
#4643 = VECTOR('',#4644,1.);
#4644 = DIRECTION('',(0.,0.,1.));
#4645 = PCURVE('',#4220,#4646);
#4646 = DEFINITIONAL_REPRESENTATION('',(#4647),#4651);
#4647 = LINE('',#4648,#4649);
#4648 = CARTESIAN_POINT('',(0.,4.));
#4649 = VECTOR('',#4650,1.);
#4650 = DIRECTION('',(1.,0.));
#4651 = ( GEOMETRIC_REPRESENTATION_CONTEXT(2)
PARAMETRIC_REPRESENTATION_CONTEXT() REPRESENTATION_CONTEXT('2D SPACE',''
  ) );
#4652 = PCURVE('',#4653,#4658);
#4653 = CYLINDRICAL_SURFACE('',#4654,2.);
#4654 = AXIS2_PLACEMENT_3D('',#4655,#4656,#4657);
#4655 = CARTESIAN_POINT('',(-145.,10.,232.47937536036));
#4656 = DIRECTION('',(0.,0.,1.));
#4657 = DIRECTION('',(1.,0.,-0.));
#4658 = DEFINITIONAL_REPRESENTATION('',(#4659),#4663);
#4659 = LINE('',#4660,#4661);
#4660 = CARTESIAN_POINT('',(1.570796326795,0.));
#4661 = VECTOR('',#4662,1.);
#4662 = DIRECTION('',(0.,1.));
#4663 = ( GEOMETRIC_REPRESENTATION_CONTEXT(2)
PARAMETRIC_REPRESENTATION_CONTEXT() REPRESENTATION_CONTEXT('2D SPACE',''
  ) );
#4664 = ORIENTED_EDGE('',*,*,#4665,.F.);
#4665 = EDGE_CURVE('',#4181,#4638,#4666,.T.);
#4666 = SURFACE_CURVE('',#4667,(#4671,#4678),.PCURVE_S1.);
#4667 = LINE('',#4668,#4669);
#4668 = CARTESIAN_POINT('',(-149.,12.,234.47937536036));
#4669 = VECTOR('',#4670,1.);
#4670 = DIRECTION('',(1.,0.,0.));
#4671 = PCURVE('',#4220,#4672);
#4672 = DEFINITIONAL_REPRESENTATION('',(#4673),#4677);
#4673 = LINE('',#4674,#4675);
#4674 = CARTESIAN_POINT('',(2.,0.));
#4675 = VECTOR('',#4676,1.);
#4676 = DIRECTION('',(0.,1.));
#4677 = ( GEOMETRIC_REPRESENTATION_CONTEXT(2)
PARAMETRIC_REPRESENTATION_CONTEXT() REPRESENTATION_CONTEXT('2D SPACE',''
  ) );
#4678 = PCURVE('',#4463,#4679);
#4679 = DEFINITIONAL_REPRESENTATION('',(#4680),#4684);
#4680 = LINE('',#4681,#4682);
#4681 = CARTESIAN_POINT('',(-0.,0.));
#4682 = VECTOR('',#4683,1.);
#4683 = DIRECTION('',(-0.,1.));
#4684 = ( GEOMETRIC_REPRESENTATION_CONTEXT(2)
PARAMETRIC_REPRESENTATION_CONTEXT() REPRESENTATION_CONTEXT('2D SPACE',''
  ) );
#4685 = ADVANCED_FACE('',(#4686),#4273,.T.);
#4686 = FACE_BOUND('',#4687,.T.);
#4687 = EDGE_LOOP('',(#4688,#4689,#4690,#4717));
#4688 = ORIENTED_EDGE('',*,*,#4258,.F.);
#4689 = ORIENTED_EDGE('',*,*,#4398,.T.);
#4690 = ORIENTED_EDGE('',*,*,#4691,.T.);
#4691 = EDGE_CURVE('',#4399,#4346,#4692,.T.);
#4692 = SURFACE_CURVE('',#4693,(#4698,#4705),.PCURVE_S1.);
#4693 = CIRCLE('',#4694,2.);
#4694 = AXIS2_PLACEMENT_3D('',#4695,#4696,#4697);
#4695 = CARTESIAN_POINT('',(-145.,-10.,234.47937536036));
#4696 = DIRECTION('',(-1.,-6.123233995737E-17,0.));
#4697 = DIRECTION('',(6.123233995737E-17,-1.,-0.));
#4698 = PCURVE('',#4273,#4699);
#4699 = DEFINITIONAL_REPRESENTATION('',(#4700),#4704);
#4700 = LINE('',#4701,#4702);
#4701 = CARTESIAN_POINT('',(6.28318530718,4.));
#4702 = VECTOR('',#4703,1.);
#4703 = DIRECTION('',(-1.,-0.));
#4704 = ( GEOMETRIC_REPRESENTATION_CONTEXT(2)
PARAMETRIC_REPRESENTATION_CONTEXT() REPRESENTATION_CONTEXT('2D SPACE',''
  ) );
#4705 = PCURVE('',#4706,#4711);
#4706 = SPHERICAL_SURFACE('',#4707,2.);
#4707 = AXIS2_PLACEMENT_3D('',#4708,#4709,#4710);
#4708 = CARTESIAN_POINT('',(-145.,-10.,234.47937536036));
#4709 = DIRECTION('',(0.,0.,1.));
#4710 = DIRECTION('',(1.,0.,-0.));
#4711 = DEFINITIONAL_REPRESENTATION('',(#4712),#4716);
#4712 = LINE('',#4713,#4714);
#4713 = CARTESIAN_POINT('',(-1.570796326795,-6.28318530718));
#4714 = VECTOR('',#4715,1.);
#4715 = DIRECTION('',(-0.,1.));
#4716 = ( GEOMETRIC_REPRESENTATION_CONTEXT(2)
PARAMETRIC_REPRESENTATION_CONTEXT() REPRESENTATION_CONTEXT('2D SPACE',''
  ) );
#4717 = ORIENTED_EDGE('',*,*,#4373,.F.);
#4718 = ADVANCED_FACE('',(#4719),#4305,.T.);
#4719 = FACE_BOUND('',#4720,.F.);
#4720 = EDGE_LOOP('',(#4721,#4722,#4723,#4750));
#4721 = ORIENTED_EDGE('',*,*,#4290,.F.);
#4722 = ORIENTED_EDGE('',*,*,#4506,.T.);
#4723 = ORIENTED_EDGE('',*,*,#4724,.T.);
#4724 = EDGE_CURVE('',#4507,#4323,#4725,.T.);
#4725 = SURFACE_CURVE('',#4726,(#4731,#4738),.PCURVE_S1.);
#4726 = CIRCLE('',#4727,2.);
#4727 = AXIS2_PLACEMENT_3D('',#4728,#4729,#4730);
#4728 = CARTESIAN_POINT('',(-145.,-10.,249.47937536036));
#4729 = DIRECTION('',(1.,6.123233995737E-17,0.));
#4730 = DIRECTION('',(6.123233995737E-17,-1.,0.));
#4731 = PCURVE('',#4305,#4732);
#4732 = DEFINITIONAL_REPRESENTATION('',(#4733),#4737);
#4733 = LINE('',#4734,#4735);
#4734 = CARTESIAN_POINT('',(-6.28318530718,4.));
#4735 = VECTOR('',#4736,1.);
#4736 = DIRECTION('',(1.,-0.));
#4737 = ( GEOMETRIC_REPRESENTATION_CONTEXT(2)
PARAMETRIC_REPRESENTATION_CONTEXT() REPRESENTATION_CONTEXT('2D SPACE',''
  ) );
#4738 = PCURVE('',#4739,#4744);
#4739 = SPHERICAL_SURFACE('',#4740,2.);
#4740 = AXIS2_PLACEMENT_3D('',#4741,#4742,#4743);
#4741 = CARTESIAN_POINT('',(-145.,-10.,249.47937536036));
#4742 = DIRECTION('',(-0.,-0.,-1.));
#4743 = DIRECTION('',(1.,0.,0.));
#4744 = DEFINITIONAL_REPRESENTATION('',(#4745),#4749);
#4745 = LINE('',#4746,#4747);
#4746 = CARTESIAN_POINT('',(1.570796326795,-6.28318530718));
#4747 = VECTOR('',#4748,1.);
#4748 = DIRECTION('',(0.,1.));
#4749 = ( GEOMETRIC_REPRESENTATION_CONTEXT(2)
PARAMETRIC_REPRESENTATION_CONTEXT() REPRESENTATION_CONTEXT('2D SPACE',''
  ) );
#4750 = ORIENTED_EDGE('',*,*,#4322,.F.);
#4751 = ADVANCED_FACE('',(#4752),#4361,.T.);
#4752 = FACE_BOUND('',#4753,.F.);
#4753 = EDGE_LOOP('',(#4754,#4784,#4806,#4807));
#4754 = ORIENTED_EDGE('',*,*,#4755,.F.);
#4755 = EDGE_CURVE('',#4756,#4758,#4760,.T.);
#4756 = VERTEX_POINT('',#4757);
#4757 = CARTESIAN_POINT('',(-143.,-10.,234.47937536036));
#4758 = VERTEX_POINT('',#4759);
#4759 = CARTESIAN_POINT('',(-143.,-10.,249.47937536036));
#4760 = SURFACE_CURVE('',#4761,(#4765,#4772),.PCURVE_S1.);
#4761 = LINE('',#4762,#4763);
#4762 = CARTESIAN_POINT('',(-143.,-10.,232.47937536036));
#4763 = VECTOR('',#4764,1.);
#4764 = DIRECTION('',(0.,0.,1.));
#4765 = PCURVE('',#4361,#4766);
#4766 = DEFINITIONAL_REPRESENTATION('',(#4767),#4771);
#4767 = LINE('',#4768,#4769);
#4768 = CARTESIAN_POINT('',(-0.,0.));
#4769 = VECTOR('',#4770,1.);
#4770 = DIRECTION('',(-0.,1.));
#4771 = ( GEOMETRIC_REPRESENTATION_CONTEXT(2)
PARAMETRIC_REPRESENTATION_CONTEXT() REPRESENTATION_CONTEXT('2D SPACE',''
  ) );
#4772 = PCURVE('',#4773,#4778);
#4773 = PLANE('',#4774);
#4774 = AXIS2_PLACEMENT_3D('',#4775,#4776,#4777);
#4775 = CARTESIAN_POINT('',(-143.,-12.,232.47937536036));
#4776 = DIRECTION('',(1.,0.,0.));
#4777 = DIRECTION('',(0.,0.,1.));
#4778 = DEFINITIONAL_REPRESENTATION('',(#4779),#4783);
#4779 = LINE('',#4780,#4781);
#4780 = CARTESIAN_POINT('',(0.,-2.));
#4781 = VECTOR('',#4782,1.);
#4782 = DIRECTION('',(1.,0.));
#4783 = ( GEOMETRIC_REPRESENTATION_CONTEXT(2)
PARAMETRIC_REPRESENTATION_CONTEXT() REPRESENTATION_CONTEXT('2D SPACE',''
  ) );
#4784 = ORIENTED_EDGE('',*,*,#4785,.T.);
#4785 = EDGE_CURVE('',#4756,#4346,#4786,.T.);
#4786 = SURFACE_CURVE('',#4787,(#4792,#4799),.PCURVE_S1.);
#4787 = CIRCLE('',#4788,2.);
#4788 = AXIS2_PLACEMENT_3D('',#4789,#4790,#4791);
#4789 = CARTESIAN_POINT('',(-145.,-10.,234.47937536036));
#4790 = DIRECTION('',(0.,-0.,-1.));
#4791 = DIRECTION('',(1.,0.,-0.));
#4792 = PCURVE('',#4361,#4793);
#4793 = DEFINITIONAL_REPRESENTATION('',(#4794),#4798);
#4794 = LINE('',#4795,#4796);
#4795 = CARTESIAN_POINT('',(-0.,2.));
#4796 = VECTOR('',#4797,1.);
#4797 = DIRECTION('',(-1.,0.));
#4798 = ( GEOMETRIC_REPRESENTATION_CONTEXT(2)
PARAMETRIC_REPRESENTATION_CONTEXT() REPRESENTATION_CONTEXT('2D SPACE',''
  ) );
#4799 = PCURVE('',#4706,#4800);
#4800 = DEFINITIONAL_REPRESENTATION('',(#4801),#4805);
#4801 = LINE('',#4802,#4803);
#4802 = CARTESIAN_POINT('',(-0.,0.));
#4803 = VECTOR('',#4804,1.);
#4804 = DIRECTION('',(-1.,0.));
#4805 = ( GEOMETRIC_REPRESENTATION_CONTEXT(2)
PARAMETRIC_REPRESENTATION_CONTEXT() REPRESENTATION_CONTEXT('2D SPACE',''
  ) );
#4806 = ORIENTED_EDGE('',*,*,#4345,.T.);
#4807 = ORIENTED_EDGE('',*,*,#4808,.F.);
#4808 = EDGE_CURVE('',#4758,#4323,#4809,.T.);
#4809 = SURFACE_CURVE('',#4810,(#4815,#4822),.PCURVE_S1.);
#4810 = CIRCLE('',#4811,2.);
#4811 = AXIS2_PLACEMENT_3D('',#4812,#4813,#4814);
#4812 = CARTESIAN_POINT('',(-145.,-10.,249.47937536036));
#4813 = DIRECTION('',(0.,0.,-1.));
#4814 = DIRECTION('',(1.,0.,0.));
#4815 = PCURVE('',#4361,#4816);
#4816 = DEFINITIONAL_REPRESENTATION('',(#4817),#4821);
#4817 = LINE('',#4818,#4819);
#4818 = CARTESIAN_POINT('',(-0.,17.));
#4819 = VECTOR('',#4820,1.);
#4820 = DIRECTION('',(-1.,0.));
#4821 = ( GEOMETRIC_REPRESENTATION_CONTEXT(2)
PARAMETRIC_REPRESENTATION_CONTEXT() REPRESENTATION_CONTEXT('2D SPACE',''
  ) );
#4822 = PCURVE('',#4739,#4823);
#4823 = DEFINITIONAL_REPRESENTATION('',(#4824),#4828);
#4824 = LINE('',#4825,#4826);
#4825 = CARTESIAN_POINT('',(0.,0.));
#4826 = VECTOR('',#4827,1.);
#4827 = DIRECTION('',(1.,0.));
#4828 = ( GEOMETRIC_REPRESENTATION_CONTEXT(2)
PARAMETRIC_REPRESENTATION_CONTEXT() REPRESENTATION_CONTEXT('2D SPACE',''
  ) );
#4829 = ADVANCED_FACE('',(#4830),#4463,.T.);
#4830 = FACE_BOUND('',#4831,.F.);
#4831 = EDGE_LOOP('',(#4832,#4833,#4834,#4861));
#4832 = ORIENTED_EDGE('',*,*,#4479,.F.);
#4833 = ORIENTED_EDGE('',*,*,#4449,.T.);
#4834 = ORIENTED_EDGE('',*,*,#4835,.T.);
#4835 = EDGE_CURVE('',#4422,#4638,#4836,.T.);
#4836 = SURFACE_CURVE('',#4837,(#4842,#4849),.PCURVE_S1.);
#4837 = CIRCLE('',#4838,2.);
#4838 = AXIS2_PLACEMENT_3D('',#4839,#4840,#4841);
#4839 = CARTESIAN_POINT('',(-145.,10.,234.47937536036));
#4840 = DIRECTION('',(1.,-6.123233995737E-17,0.));
#4841 = DIRECTION('',(6.123233995737E-17,1.,0.));
#4842 = PCURVE('',#4463,#4843);
#4843 = DEFINITIONAL_REPRESENTATION('',(#4844),#4848);
#4844 = LINE('',#4845,#4846);
#4845 = CARTESIAN_POINT('',(-6.28318530718,4.));
#4846 = VECTOR('',#4847,1.);
#4847 = DIRECTION('',(1.,-0.));
#4848 = ( GEOMETRIC_REPRESENTATION_CONTEXT(2)
PARAMETRIC_REPRESENTATION_CONTEXT() REPRESENTATION_CONTEXT('2D SPACE',''
  ) );
#4849 = PCURVE('',#4850,#4855);
#4850 = SPHERICAL_SURFACE('',#4851,2.);
#4851 = AXIS2_PLACEMENT_3D('',#4852,#4853,#4854);
#4852 = CARTESIAN_POINT('',(-145.,10.,234.47937536036));
#4853 = DIRECTION('',(0.,0.,1.));
#4854 = DIRECTION('',(1.,0.,-0.));
#4855 = DEFINITIONAL_REPRESENTATION('',(#4856),#4860);
#4856 = LINE('',#4857,#4858);
#4857 = CARTESIAN_POINT('',(1.570796326795,-6.28318530718));
#4858 = VECTOR('',#4859,1.);
#4859 = DIRECTION('',(0.,1.));
#4860 = ( GEOMETRIC_REPRESENTATION_CONTEXT(2)
PARAMETRIC_REPRESENTATION_CONTEXT() REPRESENTATION_CONTEXT('2D SPACE',''
  ) );
#4861 = ORIENTED_EDGE('',*,*,#4665,.F.);
#4862 = ADVANCED_FACE('',(#4863),#4437,.T.);
#4863 = FACE_BOUND('',#4864,.T.);
#4864 = EDGE_LOOP('',(#4865,#4887,#4888,#4912));
#4865 = ORIENTED_EDGE('',*,*,#4866,.F.);
#4866 = EDGE_CURVE('',#4399,#4756,#4867,.T.);
#4867 = SURFACE_CURVE('',#4868,(#4873,#4880),.PCURVE_S1.);
#4868 = CIRCLE('',#4869,2.);
#4869 = AXIS2_PLACEMENT_3D('',#4870,#4871,#4872);
#4870 = CARTESIAN_POINT('',(-145.,-10.,234.47937536036));
#4871 = DIRECTION('',(0.,-1.,0.));
#4872 = DIRECTION('',(1.,0.,0.));
#4873 = PCURVE('',#4437,#4874);
#4874 = DEFINITIONAL_REPRESENTATION('',(#4875),#4879);
#4875 = LINE('',#4876,#4877);
#4876 = CARTESIAN_POINT('',(6.28318530718,2.));
#4877 = VECTOR('',#4878,1.);
#4878 = DIRECTION('',(-1.,-0.));
#4879 = ( GEOMETRIC_REPRESENTATION_CONTEXT(2)
PARAMETRIC_REPRESENTATION_CONTEXT() REPRESENTATION_CONTEXT('2D SPACE',''
  ) );
#4880 = PCURVE('',#4706,#4881);
#4881 = DEFINITIONAL_REPRESENTATION('',(#4882),#4886);
#4882 = LINE('',#4883,#4884);
#4883 = CARTESIAN_POINT('',(-0.,-6.28318530718));
#4884 = VECTOR('',#4885,1.);
#4885 = DIRECTION('',(-0.,1.));
#4886 = ( GEOMETRIC_REPRESENTATION_CONTEXT(2)
PARAMETRIC_REPRESENTATION_CONTEXT() REPRESENTATION_CONTEXT('2D SPACE',''
  ) );
#4887 = ORIENTED_EDGE('',*,*,#4421,.T.);
#4888 = ORIENTED_EDGE('',*,*,#4889,.T.);
#4889 = EDGE_CURVE('',#4422,#4890,#4892,.T.);
#4890 = VERTEX_POINT('',#4891);
#4891 = CARTESIAN_POINT('',(-143.,10.,234.47937536036));
#4892 = SURFACE_CURVE('',#4893,(#4898,#4905),.PCURVE_S1.);
#4893 = CIRCLE('',#4894,2.);
#4894 = AXIS2_PLACEMENT_3D('',#4895,#4896,#4897);
#4895 = CARTESIAN_POINT('',(-145.,10.,234.47937536036));
#4896 = DIRECTION('',(0.,-1.,0.));
#4897 = DIRECTION('',(1.,0.,0.));
#4898 = PCURVE('',#4437,#4899);
#4899 = DEFINITIONAL_REPRESENTATION('',(#4900),#4904);
#4900 = LINE('',#4901,#4902);
#4901 = CARTESIAN_POINT('',(6.28318530718,22.));
#4902 = VECTOR('',#4903,1.);
#4903 = DIRECTION('',(-1.,-0.));
#4904 = ( GEOMETRIC_REPRESENTATION_CONTEXT(2)
PARAMETRIC_REPRESENTATION_CONTEXT() REPRESENTATION_CONTEXT('2D SPACE',''
  ) );
#4905 = PCURVE('',#4850,#4906);
#4906 = DEFINITIONAL_REPRESENTATION('',(#4907),#4911);
#4907 = LINE('',#4908,#4909);
#4908 = CARTESIAN_POINT('',(0.,-6.28318530718));
#4909 = VECTOR('',#4910,1.);
#4910 = DIRECTION('',(0.,1.));
#4911 = ( GEOMETRIC_REPRESENTATION_CONTEXT(2)
PARAMETRIC_REPRESENTATION_CONTEXT() REPRESENTATION_CONTEXT('2D SPACE',''
  ) );
#4912 = ORIENTED_EDGE('',*,*,#4913,.F.);
#4913 = EDGE_CURVE('',#4756,#4890,#4914,.T.);
#4914 = SURFACE_CURVE('',#4915,(#4919,#4926),.PCURVE_S1.);
#4915 = LINE('',#4916,#4917);
#4916 = CARTESIAN_POINT('',(-143.,-12.,234.47937536036));
#4917 = VECTOR('',#4918,1.);
#4918 = DIRECTION('',(0.,1.,0.));
#4919 = PCURVE('',#4437,#4920);
#4920 = DEFINITIONAL_REPRESENTATION('',(#4921),#4925);
#4921 = LINE('',#4922,#4923);
#4922 = CARTESIAN_POINT('',(0.,0.));
#4923 = VECTOR('',#4924,1.);
#4924 = DIRECTION('',(0.,1.));
#4925 = ( GEOMETRIC_REPRESENTATION_CONTEXT(2)
PARAMETRIC_REPRESENTATION_CONTEXT() REPRESENTATION_CONTEXT('2D SPACE',''
  ) );
#4926 = PCURVE('',#4773,#4927);
#4927 = DEFINITIONAL_REPRESENTATION('',(#4928),#4932);
#4928 = LINE('',#4929,#4930);
#4929 = CARTESIAN_POINT('',(2.,0.));
#4930 = VECTOR('',#4931,1.);
#4931 = DIRECTION('',(0.,-1.));
#4932 = ( GEOMETRIC_REPRESENTATION_CONTEXT(2)
PARAMETRIC_REPRESENTATION_CONTEXT() REPRESENTATION_CONTEXT('2D SPACE',''
  ) );
#4933 = ADVANCED_FACE('',(#4934),#4571,.T.);
#4934 = FACE_BOUND('',#4935,.T.);
#4935 = EDGE_LOOP('',(#4936,#4937,#4938,#4965));
#4936 = ORIENTED_EDGE('',*,*,#4587,.T.);
#4937 = ORIENTED_EDGE('',*,*,#4557,.T.);
#4938 = ORIENTED_EDGE('',*,*,#4939,.F.);
#4939 = EDGE_CURVE('',#4615,#4530,#4940,.T.);
#4940 = SURFACE_CURVE('',#4941,(#4946,#4953),.PCURVE_S1.);
#4941 = CIRCLE('',#4942,2.);
#4942 = AXIS2_PLACEMENT_3D('',#4943,#4944,#4945);
#4943 = CARTESIAN_POINT('',(-145.,10.,249.47937536036));
#4944 = DIRECTION('',(1.,0.,-6.123233995737E-17));
#4945 = DIRECTION('',(6.123233995737E-17,0.,1.));
#4946 = PCURVE('',#4571,#4947);
#4947 = DEFINITIONAL_REPRESENTATION('',(#4948),#4952);
#4948 = LINE('',#4949,#4950);
#4949 = CARTESIAN_POINT('',(-4.712388980385,4.));
#4950 = VECTOR('',#4951,1.);
#4951 = DIRECTION('',(1.,0.));
#4952 = ( GEOMETRIC_REPRESENTATION_CONTEXT(2)
PARAMETRIC_REPRESENTATION_CONTEXT() REPRESENTATION_CONTEXT('2D SPACE',''
  ) );
#4953 = PCURVE('',#4954,#4959);
#4954 = SPHERICAL_SURFACE('',#4955,2.);
#4955 = AXIS2_PLACEMENT_3D('',#4956,#4957,#4958);
#4956 = CARTESIAN_POINT('',(-145.,10.,249.47937536036));
#4957 = DIRECTION('',(-0.,-1.,-0.));
#4958 = DIRECTION('',(1.,-0.,0.));
#4959 = DEFINITIONAL_REPRESENTATION('',(#4960),#4964);
#4960 = LINE('',#4961,#4962);
#4961 = CARTESIAN_POINT('',(1.570796326795,-6.28318530718));
#4962 = VECTOR('',#4963,1.);
#4963 = DIRECTION('',(0.,1.));
#4964 = ( GEOMETRIC_REPRESENTATION_CONTEXT(2)
PARAMETRIC_REPRESENTATION_CONTEXT() REPRESENTATION_CONTEXT('2D SPACE',''
  ) );
#4965 = ORIENTED_EDGE('',*,*,#4614,.F.);
#4966 = ADVANCED_FACE('',(#4967),#4545,.T.);
#4967 = FACE_BOUND('',#4968,.F.);
#4968 = EDGE_LOOP('',(#4969,#4991,#4992,#5016));
#4969 = ORIENTED_EDGE('',*,*,#4970,.F.);
#4970 = EDGE_CURVE('',#4507,#4758,#4971,.T.);
#4971 = SURFACE_CURVE('',#4972,(#4977,#4984),.PCURVE_S1.);
#4972 = CIRCLE('',#4973,2.);
#4973 = AXIS2_PLACEMENT_3D('',#4974,#4975,#4976);
#4974 = CARTESIAN_POINT('',(-145.,-10.,249.47937536036));
#4975 = DIRECTION('',(-0.,1.,0.));
#4976 = DIRECTION('',(1.,0.,0.));
#4977 = PCURVE('',#4545,#4978);
#4978 = DEFINITIONAL_REPRESENTATION('',(#4979),#4983);
#4979 = LINE('',#4980,#4981);
#4980 = CARTESIAN_POINT('',(-6.28318530718,2.));
#4981 = VECTOR('',#4982,1.);
#4982 = DIRECTION('',(1.,-0.));
#4983 = ( GEOMETRIC_REPRESENTATION_CONTEXT(2)
PARAMETRIC_REPRESENTATION_CONTEXT() REPRESENTATION_CONTEXT('2D SPACE',''
  ) );
#4984 = PCURVE('',#4739,#4985);
#4985 = DEFINITIONAL_REPRESENTATION('',(#4986),#4990);
#4986 = LINE('',#4987,#4988);
#4987 = CARTESIAN_POINT('',(0.,-6.28318530718));
#4988 = VECTOR('',#4989,1.);
#4989 = DIRECTION('',(0.,1.));
#4990 = ( GEOMETRIC_REPRESENTATION_CONTEXT(2)
PARAMETRIC_REPRESENTATION_CONTEXT() REPRESENTATION_CONTEXT('2D SPACE',''
  ) );
#4991 = ORIENTED_EDGE('',*,*,#4529,.T.);
#4992 = ORIENTED_EDGE('',*,*,#4993,.F.);
#4993 = EDGE_CURVE('',#4994,#4530,#4996,.T.);
#4994 = VERTEX_POINT('',#4995);
#4995 = CARTESIAN_POINT('',(-143.,10.,249.47937536036));
#4996 = SURFACE_CURVE('',#4997,(#5002,#5009),.PCURVE_S1.);
#4997 = CIRCLE('',#4998,2.);
#4998 = AXIS2_PLACEMENT_3D('',#4999,#5000,#5001);
#4999 = CARTESIAN_POINT('',(-145.,10.,249.47937536036));
#5000 = DIRECTION('',(-0.,-1.,0.));
#5001 = DIRECTION('',(1.,-0.,0.));
#5002 = PCURVE('',#4545,#5003);
#5003 = DEFINITIONAL_REPRESENTATION('',(#5004),#5008);
#5004 = LINE('',#5005,#5006);
#5005 = CARTESIAN_POINT('',(-0.,22.));
#5006 = VECTOR('',#5007,1.);
#5007 = DIRECTION('',(-1.,0.));
#5008 = ( GEOMETRIC_REPRESENTATION_CONTEXT(2)
PARAMETRIC_REPRESENTATION_CONTEXT() REPRESENTATION_CONTEXT('2D SPACE',''
  ) );
#5009 = PCURVE('',#4954,#5010);
#5010 = DEFINITIONAL_REPRESENTATION('',(#5011),#5015);
#5011 = LINE('',#5012,#5013);
#5012 = CARTESIAN_POINT('',(0.,0.));
#5013 = VECTOR('',#5014,1.);
#5014 = DIRECTION('',(1.,0.));
#5015 = ( GEOMETRIC_REPRESENTATION_CONTEXT(2)
PARAMETRIC_REPRESENTATION_CONTEXT() REPRESENTATION_CONTEXT('2D SPACE',''
  ) );
#5016 = ORIENTED_EDGE('',*,*,#5017,.F.);
#5017 = EDGE_CURVE('',#4758,#4994,#5018,.T.);
#5018 = SURFACE_CURVE('',#5019,(#5023,#5030),.PCURVE_S1.);
#5019 = LINE('',#5020,#5021);
#5020 = CARTESIAN_POINT('',(-143.,-12.,249.47937536036));
#5021 = VECTOR('',#5022,1.);
#5022 = DIRECTION('',(0.,1.,0.));
#5023 = PCURVE('',#4545,#5024);
#5024 = DEFINITIONAL_REPRESENTATION('',(#5025),#5029);
#5025 = LINE('',#5026,#5027);
#5026 = CARTESIAN_POINT('',(-0.,0.));
#5027 = VECTOR('',#5028,1.);
#5028 = DIRECTION('',(-0.,1.));
#5029 = ( GEOMETRIC_REPRESENTATION_CONTEXT(2)
PARAMETRIC_REPRESENTATION_CONTEXT() REPRESENTATION_CONTEXT('2D SPACE',''
  ) );
#5030 = PCURVE('',#4773,#5031);
#5031 = DEFINITIONAL_REPRESENTATION('',(#5032),#5036);
#5032 = LINE('',#5033,#5034);
#5033 = CARTESIAN_POINT('',(17.,0.));
#5034 = VECTOR('',#5035,1.);
#5035 = DIRECTION('',(0.,-1.));
#5036 = ( GEOMETRIC_REPRESENTATION_CONTEXT(2)
PARAMETRIC_REPRESENTATION_CONTEXT() REPRESENTATION_CONTEXT('2D SPACE',''
  ) );
#5037 = ADVANCED_FACE('',(#5038),#4653,.T.);
#5038 = FACE_BOUND('',#5039,.T.);
#5039 = EDGE_LOOP('',(#5040,#5061,#5083,#5084));
#5040 = ORIENTED_EDGE('',*,*,#5041,.F.);
#5041 = EDGE_CURVE('',#4890,#4994,#5042,.T.);
#5042 = SURFACE_CURVE('',#5043,(#5047,#5054),.PCURVE_S1.);
#5043 = LINE('',#5044,#5045);
#5044 = CARTESIAN_POINT('',(-143.,10.,232.47937536036));
#5045 = VECTOR('',#5046,1.);
#5046 = DIRECTION('',(0.,0.,1.));
#5047 = PCURVE('',#4653,#5048);
#5048 = DEFINITIONAL_REPRESENTATION('',(#5049),#5053);
#5049 = LINE('',#5050,#5051);
#5050 = CARTESIAN_POINT('',(0.,0.));
#5051 = VECTOR('',#5052,1.);
#5052 = DIRECTION('',(0.,1.));
#5053 = ( GEOMETRIC_REPRESENTATION_CONTEXT(2)
PARAMETRIC_REPRESENTATION_CONTEXT() REPRESENTATION_CONTEXT('2D SPACE',''
  ) );
#5054 = PCURVE('',#4773,#5055);
#5055 = DEFINITIONAL_REPRESENTATION('',(#5056),#5060);
#5056 = LINE('',#5057,#5058);
#5057 = CARTESIAN_POINT('',(0.,-22.));
#5058 = VECTOR('',#5059,1.);
#5059 = DIRECTION('',(1.,0.));
#5060 = ( GEOMETRIC_REPRESENTATION_CONTEXT(2)
PARAMETRIC_REPRESENTATION_CONTEXT() REPRESENTATION_CONTEXT('2D SPACE',''
  ) );
#5061 = ORIENTED_EDGE('',*,*,#5062,.T.);
#5062 = EDGE_CURVE('',#4890,#4638,#5063,.T.);
#5063 = SURFACE_CURVE('',#5064,(#5069,#5076),.PCURVE_S1.);
#5064 = CIRCLE('',#5065,2.);
#5065 = AXIS2_PLACEMENT_3D('',#5066,#5067,#5068);
#5066 = CARTESIAN_POINT('',(-145.,10.,234.47937536036));
#5067 = DIRECTION('',(0.,0.,1.));
#5068 = DIRECTION('',(1.,0.,-0.));
#5069 = PCURVE('',#4653,#5070);
#5070 = DEFINITIONAL_REPRESENTATION('',(#5071),#5075);
#5071 = LINE('',#5072,#5073);
#5072 = CARTESIAN_POINT('',(0.,2.));
#5073 = VECTOR('',#5074,1.);
#5074 = DIRECTION('',(1.,0.));
#5075 = ( GEOMETRIC_REPRESENTATION_CONTEXT(2)
PARAMETRIC_REPRESENTATION_CONTEXT() REPRESENTATION_CONTEXT('2D SPACE',''
  ) );
#5076 = PCURVE('',#4850,#5077);
#5077 = DEFINITIONAL_REPRESENTATION('',(#5078),#5082);
#5078 = LINE('',#5079,#5080);
#5079 = CARTESIAN_POINT('',(0.,0.));
#5080 = VECTOR('',#5081,1.);
#5081 = DIRECTION('',(1.,0.));
#5082 = ( GEOMETRIC_REPRESENTATION_CONTEXT(2)
PARAMETRIC_REPRESENTATION_CONTEXT() REPRESENTATION_CONTEXT('2D SPACE',''
  ) );
#5083 = ORIENTED_EDGE('',*,*,#4637,.T.);
#5084 = ORIENTED_EDGE('',*,*,#5085,.T.);
#5085 = EDGE_CURVE('',#4615,#4994,#5086,.T.);
#5086 = SURFACE_CURVE('',#5087,(#5092,#5099),.PCURVE_S1.);
#5087 = CIRCLE('',#5088,2.);
#5088 = AXIS2_PLACEMENT_3D('',#5089,#5090,#5091);
#5089 = CARTESIAN_POINT('',(-145.,10.,249.47937536036));
#5090 = DIRECTION('',(0.,0.,-1.));
#5091 = DIRECTION('',(1.,0.,0.));
#5092 = PCURVE('',#4653,#5093);
#5093 = DEFINITIONAL_REPRESENTATION('',(#5094),#5098);
#5094 = LINE('',#5095,#5096);
#5095 = CARTESIAN_POINT('',(6.28318530718,17.));
#5096 = VECTOR('',#5097,1.);
#5097 = DIRECTION('',(-1.,-0.));
#5098 = ( GEOMETRIC_REPRESENTATION_CONTEXT(2)
PARAMETRIC_REPRESENTATION_CONTEXT() REPRESENTATION_CONTEXT('2D SPACE',''
  ) );
#5099 = PCURVE('',#4954,#5100);
#5100 = DEFINITIONAL_REPRESENTATION('',(#5101),#5105);
#5101 = LINE('',#5102,#5103);
#5102 = CARTESIAN_POINT('',(0.,-6.28318530718));
#5103 = VECTOR('',#5104,1.);
#5104 = DIRECTION('',(0.,1.));
#5105 = ( GEOMETRIC_REPRESENTATION_CONTEXT(2)
PARAMETRIC_REPRESENTATION_CONTEXT() REPRESENTATION_CONTEXT('2D SPACE',''
  ) );
#5106 = ADVANCED_FACE('',(#5107),#4706,.T.);
#5107 = FACE_BOUND('',#5108,.F.);
#5108 = EDGE_LOOP('',(#5109,#5110,#5111));
#5109 = ORIENTED_EDGE('',*,*,#4866,.F.);
#5110 = ORIENTED_EDGE('',*,*,#4691,.T.);
#5111 = ORIENTED_EDGE('',*,*,#4785,.F.);
#5112 = ADVANCED_FACE('',(#5113),#4739,.T.);
#5113 = FACE_BOUND('',#5114,.T.);
#5114 = EDGE_LOOP('',(#5115,#5116,#5117));
#5115 = ORIENTED_EDGE('',*,*,#4970,.F.);
#5116 = ORIENTED_EDGE('',*,*,#4724,.T.);
#5117 = ORIENTED_EDGE('',*,*,#4808,.F.);
#5118 = ADVANCED_FACE('',(#5119),#4773,.T.);
#5119 = FACE_BOUND('',#5120,.T.);
#5120 = EDGE_LOOP('',(#5121,#5122,#5123,#5124));
#5121 = ORIENTED_EDGE('',*,*,#4755,.F.);
#5122 = ORIENTED_EDGE('',*,*,#4913,.T.);
#5123 = ORIENTED_EDGE('',*,*,#5041,.T.);
#5124 = ORIENTED_EDGE('',*,*,#5017,.F.);
#5125 = ADVANCED_FACE('',(#5126),#4850,.T.);
#5126 = FACE_BOUND('',#5127,.T.);
#5127 = EDGE_LOOP('',(#5128,#5129,#5130));
#5128 = ORIENTED_EDGE('',*,*,#4889,.F.);
#5129 = ORIENTED_EDGE('',*,*,#4835,.T.);
#5130 = ORIENTED_EDGE('',*,*,#5062,.F.);
#5131 = ADVANCED_FACE('',(#5132),#4954,.T.);
#5132 = FACE_BOUND('',#5133,.T.);
#5133 = EDGE_LOOP('',(#5134,#5135,#5136));
#5134 = ORIENTED_EDGE('',*,*,#5085,.F.);
#5135 = ORIENTED_EDGE('',*,*,#4939,.T.);
#5136 = ORIENTED_EDGE('',*,*,#4993,.F.);
#5137 = ( GEOMETRIC_REPRESENTATION_CONTEXT(3)
GLOBAL_UNCERTAINTY_ASSIGNED_CONTEXT((#5141))
GLOBAL_UNIT_ASSIGNED_CONTEXT((#5138,#5139,#5140)) REPRESENTATION_CONTEXT
('Context #1','3D Context with UNIT and UNCERTAINTY') );
#5138 = ( LENGTH_UNIT() NAMED_UNIT(*) SI_UNIT(.MILLI.,.METRE.) );
#5139 = ( NAMED_UNIT(*) PLANE_ANGLE_UNIT() SI_UNIT($,.RADIAN.) );
#5140 = ( NAMED_UNIT(*) SI_UNIT($,.STERADIAN.) SOLID_ANGLE_UNIT() );
#5141 = UNCERTAINTY_MEASURE_WITH_UNIT(LENGTH_MEASURE(1.E-07),#5138,
  'distance_accuracy_value','confusion accuracy');
#5142 = PRODUCT_RELATED_PRODUCT_CATEGORY('part',$,(#7));
ENDSEC;
END-ISO-10303-21;
