
project_button_watchdog.elf:     file format elf32-littlearm

Sections:
Idx Name          Size      VMA       LMA       File off  Algn
  0 .boot2        00000100  10000000  10000000  00001000  2**0
                  CONTENTS, ALLOC, LOAD, READONLY, CODE
  1 .text         000019bc  10000100  10000100  00001100  2**3
                  CONTENTS, ALLOC, LOAD, READONLY, CODE
  2 .rodata       0000013c  10001abc  10001abc  00002abc  2**0
                  CONTENTS, ALLOC, LOAD, READONLY, DATA
  3 .binary_info  00000024  10001bf8  10001bf8  00002bf8  2**2
                  CONTENTS, ALLOC, LOAD, READONLY, DATA
  4 .xip_ram      00000000  15000000  15000000  00003218  2**0
                  CONTENTS
  5 .ram_vector_table 000000c0  20000000  20000000  00004000  2**2
                  ALLOC
  6 .uninitialized_data 00000000  200000c0  200000c0  00003218  2**0
                  CONTENTS
  7 .data         00000158  200000c0  10001c1c  000030c0  2**4
                  CONTENTS, ALLOC, LOAD, READONLY, CODE
  8 .tdata        00000000  20000218  20000218  00003218  2**0
                  CONTENTS, ALLOC, LOAD, DATA, THREAD_LOCAL
  9 .tbss         00000000  20000218  20000218  00000000  2**0
                  ALLOC, THREAD_LOCAL
 10 .tbss_space   00000000  20000218  20000218  00003218  2**0
                  CONTENTS
 11 .bss          000003d4  20000218  10001d74  00003218  2**3
                  ALLOC
 12 .tls0         00000000  200005ec  200005ec  00003218  2**0
                  CONTENTS
 13 .tls1         00000000  200005ec  200005ec  00003218  2**0
                  CONTENTS
 14 .persistent_data 00000000  200005ec  200005ec  00003218  2**0
                  CONTENTS
 15 .dummy_pre_heap 00000000  200005ec  200005ec  00003218  2**0
                  CONTENTS
 16 .heap         00000800  200005ec  200005ec  00004000  2**2
                  ALLOC, READONLY
 17 .scratch_x    00000000  20040000  20040000  00003218  2**0
                  CONTENTS
 18 .scratch_y    00000000  20041000  20041000  00003218  2**0
                  CONTENTS
 19 .stack_dummy  00000800  20041000  20041000  00004000  2**5
                  ALLOC, READONLY
 20 .debug_info   0001463d  00000000  00000000  00003218  2**0
                  CONTENTS, READONLY, DEBUGGING, OCTETS
 21 .debug_abbrev 00004c4a  00000000  00000000  00017855  2**0
                  CONTENTS, READONLY, DEBUGGING, OCTETS
 22 .debug_loclists 00008594  00000000  00000000  0001c49f  2**0
                  CONTENTS, READONLY, DEBUGGING, OCTETS
 23 .debug_aranges 00000f60  00000000  00000000  00024a38  2**3
                  CONTENTS, READONLY, DEBUGGING, OCTETS
 24 .debug_rnglists 000017db  00000000  00000000  00025998  2**0
                  CONTENTS, READONLY, DEBUGGING, OCTETS
 25 .debug_line   0000eeaf  00000000  00000000  00027173  2**0
                  CONTENTS, READONLY, DEBUGGING, OCTETS
 26 .debug_str    000046ee  00000000  00000000  00036022  2**0
                  CONTENTS, READONLY, DEBUGGING, OCTETS
 27 .comment      00000046  00000000  00000000  0003a710  2**0
                  CONTENTS, READONLY
 28 .ARM.attributes 0000002a  00000000  00000000  0003a756  2**0
                  CONTENTS, READONLY
 29 .debug_frame  00001a7c  00000000  00000000  0003a780  2**2
                  CONTENTS, READONLY, DEBUGGING, OCTETS
 30 .debug_line_str 0000024c  00000000  00000000  0003c1fc  2**0
                  CONTENTS, READONLY, DEBUGGING, OCTETS

project_button_watchdog.elf:     file format elf32-littlearm


Disassembly of section .boot2:

10000000 <__boot2_start__>:
10000000:	4b32b500 	.word	0x4b32b500
10000004:	60582021 	.word	0x60582021
10000008:	21026898 	.word	0x21026898
1000000c:	60984388 	.word	0x60984388
10000010:	611860d8 	.word	0x611860d8
10000014:	4b2e6158 	.word	0x4b2e6158
10000018:	60992100 	.word	0x60992100
1000001c:	61592102 	.word	0x61592102
10000020:	22f02101 	.word	0x22f02101
10000024:	492b5099 	.word	0x492b5099
10000028:	21016019 	.word	0x21016019
1000002c:	20356099 	.word	0x20356099
10000030:	f844f000 	.word	0xf844f000
10000034:	42902202 	.word	0x42902202
10000038:	2106d014 	.word	0x2106d014
1000003c:	f0006619 	.word	0xf0006619
10000040:	6e19f834 	.word	0x6e19f834
10000044:	66192101 	.word	0x66192101
10000048:	66182000 	.word	0x66182000
1000004c:	f000661a 	.word	0xf000661a
10000050:	6e19f82c 	.word	0x6e19f82c
10000054:	6e196e19 	.word	0x6e196e19
10000058:	f0002005 	.word	0xf0002005
1000005c:	2101f82f 	.word	0x2101f82f
10000060:	d1f94208 	.word	0xd1f94208
10000064:	60992100 	.word	0x60992100
10000068:	6019491b 	.word	0x6019491b
1000006c:	60592100 	.word	0x60592100
10000070:	481b491a 	.word	0x481b491a
10000074:	21016001 	.word	0x21016001
10000078:	21eb6099 	.word	0x21eb6099
1000007c:	21a06619 	.word	0x21a06619
10000080:	f0006619 	.word	0xf0006619
10000084:	2100f812 	.word	0x2100f812
10000088:	49166099 	.word	0x49166099
1000008c:	60014814 	.word	0x60014814
10000090:	60992101 	.word	0x60992101
10000094:	2800bc01 	.word	0x2800bc01
10000098:	4700d000 	.word	0x4700d000
1000009c:	49134812 	.word	0x49134812
100000a0:	c8036008 	.word	0xc8036008
100000a4:	8808f380 	.word	0x8808f380
100000a8:	b5034708 	.word	0xb5034708
100000ac:	20046a99 	.word	0x20046a99
100000b0:	d0fb4201 	.word	0xd0fb4201
100000b4:	42012001 	.word	0x42012001
100000b8:	bd03d1f8 	.word	0xbd03d1f8
100000bc:	6618b502 	.word	0x6618b502
100000c0:	f7ff6618 	.word	0xf7ff6618
100000c4:	6e18fff2 	.word	0x6e18fff2
100000c8:	bd026e18 	.word	0xbd026e18
100000cc:	40020000 	.word	0x40020000
100000d0:	18000000 	.word	0x18000000
100000d4:	00070000 	.word	0x00070000
100000d8:	005f0300 	.word	0x005f0300
100000dc:	00002221 	.word	0x00002221
100000e0:	180000f4 	.word	0x180000f4
100000e4:	a0002022 	.word	0xa0002022
100000e8:	10000100 	.word	0x10000100
100000ec:	e000ed08 	.word	0xe000ed08
	...
100000fc:	7a4eb274 	.word	0x7a4eb274

Disassembly of section .text:

10000100 <__VECTOR_TABLE>:
10000100:	20042000 	.word	0x20042000
10000104:	100001f7 	.word	0x100001f7
10000108:	100001cb 	.word	0x100001cb
1000010c:	100001cd 	.word	0x100001cd
10000110:	100001c9 	.word	0x100001c9
10000114:	100001c9 	.word	0x100001c9
10000118:	100001c9 	.word	0x100001c9
1000011c:	100001c9 	.word	0x100001c9
10000120:	100001c9 	.word	0x100001c9
10000124:	100001c9 	.word	0x100001c9
10000128:	100001c9 	.word	0x100001c9
1000012c:	100001cf 	.word	0x100001cf
10000130:	100001c9 	.word	0x100001c9
10000134:	100001c9 	.word	0x100001c9
10000138:	100001d1 	.word	0x100001d1
1000013c:	100001d3 	.word	0x100001d3
10000140:	100001c1 	.word	0x100001c1
10000144:	100001c1 	.word	0x100001c1
10000148:	100001c1 	.word	0x100001c1
1000014c:	100001c1 	.word	0x100001c1
10000150:	100001c1 	.word	0x100001c1
10000154:	100001c1 	.word	0x100001c1
10000158:	100001c1 	.word	0x100001c1
1000015c:	100001c1 	.word	0x100001c1
10000160:	100001c1 	.word	0x100001c1
10000164:	100001c1 	.word	0x100001c1
10000168:	100001c1 	.word	0x100001c1
1000016c:	100001c1 	.word	0x100001c1
10000170:	100001c1 	.word	0x100001c1
10000174:	100001c1 	.word	0x100001c1
10000178:	100001c1 	.word	0x100001c1
1000017c:	100001c1 	.word	0x100001c1
10000180:	100001c1 	.word	0x100001c1
10000184:	100001c1 	.word	0x100001c1
10000188:	100001c1 	.word	0x100001c1
1000018c:	100001c1 	.word	0x100001c1
10000190:	100001c1 	.word	0x100001c1
10000194:	100001c1 	.word	0x100001c1
10000198:	100001c1 	.word	0x100001c1
1000019c:	100001c1 	.word	0x100001c1
100001a0:	100001c1 	.word	0x100001c1
100001a4:	100001c1 	.word	0x100001c1
100001a8:	100001c1 	.word	0x100001c1
100001ac:	100001c1 	.word	0x100001c1
100001b0:	100001c1 	.word	0x100001c1
100001b4:	100001c1 	.word	0x100001c1
100001b8:	100001c1 	.word	0x100001c1
100001bc:	100001c1 	.word	0x100001c1

100001c0 <__unhandled_user_irq>:
100001c0:	f3ef 8005 	mrs	r0, IPSR
100001c4:	3810      	subs	r0, #16

100001c6 <unhandled_user_irq_num_in_r0>:
100001c6:	be00      	bkpt	0x0000

100001c8 <isr_invalid>:
100001c8:	be00      	bkpt	0x0000

100001ca <isr_nmi>:
100001ca:	be00      	bkpt	0x0000

100001cc <isr_hardfault>:
100001cc:	be00      	bkpt	0x0000

100001ce <isr_svcall>:
100001ce:	be00      	bkpt	0x0000

100001d0 <isr_pendsv>:
100001d0:	be00      	bkpt	0x0000

100001d2 <isr_systick>:
100001d2:	be00      	bkpt	0x0000

100001d4 <__default_isrs_end>:
100001d4:	7188ebf2 	.word	0x7188ebf2
100001d8:	10001bf8 	.word	0x10001bf8
100001dc:	10001c1c 	.word	0x10001c1c
100001e0:	10000238 	.word	0x10000238
100001e4:	e71aa390 	.word	0xe71aa390

100001e8 <_entry_point>:
100001e8:	2000      	movs	r0, #0

100001ea <_enter_vtable_in_r0>:
100001ea:	491e      	ldr	r1, [pc, #120]	@ (10000264 <data_cpy_table+0x2c>)
100001ec:	6008      	str	r0, [r1, #0]
100001ee:	c806      	ldmia	r0!, {r1, r2}
100001f0:	f381 8808 	msr	MSP, r1
100001f4:	4710      	bx	r2

100001f6 <_reset_handler>:
100001f6:	481c      	ldr	r0, [pc, #112]	@ (10000268 <data_cpy_table+0x30>)
100001f8:	6800      	ldr	r0, [r0, #0]
100001fa:	2800      	cmp	r0, #0
100001fc:	d001      	beq.n	10000202 <hold_non_core0_in_bootrom+0x4>

100001fe <hold_non_core0_in_bootrom>:
100001fe:	2000      	movs	r0, #0
10000200:	e7f3      	b.n	100001ea <_enter_vtable_in_r0>
10000202:	a40d      	add	r4, pc, #52	@ (adr r4, 10000238 <data_cpy_table>)
10000204:	cc0e      	ldmia	r4!, {r1, r2, r3}
10000206:	2900      	cmp	r1, #0
10000208:	d002      	beq.n	10000210 <hold_non_core0_in_bootrom+0x12>
1000020a:	f000 f812 	bl	10000232 <data_cpy>
1000020e:	e7f9      	b.n	10000204 <hold_non_core0_in_bootrom+0x6>
10000210:	4916      	ldr	r1, [pc, #88]	@ (1000026c <data_cpy_table+0x34>)
10000212:	4a17      	ldr	r2, [pc, #92]	@ (10000270 <data_cpy_table+0x38>)
10000214:	2000      	movs	r0, #0
10000216:	e000      	b.n	1000021a <bss_fill_test>

10000218 <bss_fill_loop>:
10000218:	c101      	stmia	r1!, {r0}

1000021a <bss_fill_test>:
1000021a:	4291      	cmp	r1, r2
1000021c:	d1fc      	bne.n	10000218 <bss_fill_loop>

1000021e <platform_entry>:
1000021e:	4915      	ldr	r1, [pc, #84]	@ (10000274 <data_cpy_table+0x3c>)
10000220:	4788      	blx	r1
10000222:	4915      	ldr	r1, [pc, #84]	@ (10000278 <data_cpy_table+0x40>)
10000224:	4788      	blx	r1
10000226:	4915      	ldr	r1, [pc, #84]	@ (1000027c <data_cpy_table+0x44>)
10000228:	4788      	blx	r1
1000022a:	be00      	bkpt	0x0000
1000022c:	e7fd      	b.n	1000022a <platform_entry+0xc>

1000022e <data_cpy_loop>:
1000022e:	c901      	ldmia	r1!, {r0}
10000230:	c201      	stmia	r2!, {r0}

10000232 <data_cpy>:
10000232:	429a      	cmp	r2, r3
10000234:	d3fb      	bcc.n	1000022e <data_cpy_loop>

10000236 <data_cpy_done>:
10000236:	4770      	bx	lr

10000238 <data_cpy_table>:
10000238:	10001c1c 	.word	0x10001c1c
1000023c:	200000c0 	.word	0x200000c0
10000240:	20000218 	.word	0x20000218
10000244:	10001d74 	.word	0x10001d74
10000248:	20040000 	.word	0x20040000
1000024c:	20040000 	.word	0x20040000
10000250:	10001d74 	.word	0x10001d74
10000254:	20041000 	.word	0x20041000
10000258:	20041000 	.word	0x20041000
1000025c:	00000000 	.word	0x00000000
10000260:	4770      	bx	lr
10000262:	0000      	.short	0x0000
10000264:	e000ed08 	.word	0xe000ed08
10000268:	d0000000 	.word	0xd0000000
1000026c:	20000218 	.word	0x20000218
10000270:	200005ec 	.word	0x200005ec
10000274:	10001825 	.word	0x10001825
10000278:	100002cf 	.word	0x100002cf
1000027c:	1000181f 	.word	0x1000181f

10000280 <initialize_drive_off>:
10000280:	b570      	push	{r4, r5, r6, lr}
10000282:	0004      	movs	r4, r0
10000284:	2501      	movs	r5, #1
10000286:	26d0      	movs	r6, #208	@ 0xd0
10000288:	40a5      	lsls	r5, r4
1000028a:	0636      	lsls	r6, r6, #24
1000028c:	f000 f972 	bl	10000574 <gpio_init>
10000290:	61b5      	str	r5, [r6, #24]
10000292:	0020      	movs	r0, r4
10000294:	2100      	movs	r1, #0
10000296:	f000 f95d 	bl	10000554 <gpio_set_drive_strength>
1000029a:	2100      	movs	r1, #0
1000029c:	0020      	movs	r0, r4
1000029e:	f000 f949 	bl	10000534 <gpio_set_slew_rate>
100002a2:	6275      	str	r5, [r6, #36]	@ 0x24
100002a4:	bd70      	pop	{r4, r5, r6, pc}

100002a6 <initialize_input>:
100002a6:	b570      	push	{r4, r5, r6, lr}
100002a8:	2501      	movs	r5, #1
100002aa:	0004      	movs	r4, r0
100002ac:	f000 f962 	bl	10000574 <gpio_init>
100002b0:	002a      	movs	r2, r5
100002b2:	23d0      	movs	r3, #208	@ 0xd0
100002b4:	40a2      	lsls	r2, r4
100002b6:	061b      	lsls	r3, r3, #24
100002b8:	629a      	str	r2, [r3, #40]	@ 0x28
100002ba:	2200      	movs	r2, #0
100002bc:	0020      	movs	r0, r4
100002be:	0011      	movs	r1, r2
100002c0:	f000 f918 	bl	100004f4 <gpio_set_pulls>
100002c4:	0029      	movs	r1, r5
100002c6:	0020      	movs	r0, r4
100002c8:	f000 f926 	bl	10000518 <gpio_set_input_hysteresis_enabled>
100002cc:	bd70      	pop	{r4, r5, r6, pc}

100002ce <main>:
100002ce:	b530      	push	{r4, r5, lr}
100002d0:	24d0      	movs	r4, #208	@ 0xd0
100002d2:	b08d      	sub	sp, #52	@ 0x34
100002d4:	2003      	movs	r0, #3
100002d6:	f7ff ffd3 	bl	10000280 <initialize_drive_off>
100002da:	2004      	movs	r0, #4
100002dc:	f7ff ffd0 	bl	10000280 <initialize_drive_off>
100002e0:	2218      	movs	r2, #24
100002e2:	0624      	lsls	r4, r4, #24
100002e4:	6923      	ldr	r3, [r4, #16]
100002e6:	2002      	movs	r0, #2
100002e8:	4013      	ands	r3, r2
100002ea:	61e3      	str	r3, [r4, #28]
100002ec:	f7ff ffdb 	bl	100002a6 <initialize_input>
100002f0:	2006      	movs	r0, #6
100002f2:	f7ff ffd8 	bl	100002a6 <initialize_input>
100002f6:	2007      	movs	r0, #7
100002f8:	f7ff ffd5 	bl	100002a6 <initialize_input>
100002fc:	f000 fd38 	bl	10000d70 <time_us_64>
10000300:	2900      	cmp	r1, #0
10000302:	d040      	beq.n	10000386 <main+0xb8>
10000304:	22fa      	movs	r2, #250	@ 0xfa
10000306:	2300      	movs	r3, #0
10000308:	0092      	lsls	r2, r2, #2
1000030a:	f000 ffcb 	bl	100012a4 <__wrap___aeabi_uldivmod>
1000030e:	6862      	ldr	r2, [r4, #4]
10000310:	0001      	movs	r1, r0
10000312:	0752      	lsls	r2, r2, #29
10000314:	a806      	add	r0, sp, #24
10000316:	0fd2      	lsrs	r2, r2, #31
10000318:	f000 f83f 	bl	1000039a <pb_wd_init>
1000031c:	2100      	movs	r1, #0
1000031e:	2064      	movs	r0, #100	@ 0x64
10000320:	f000 fe4c 	bl	10000fbc <watchdog_enable>
10000324:	f000 fd24 	bl	10000d70 <time_us_64>
10000328:	2900      	cmp	r1, #0
1000032a:	d031      	beq.n	10000390 <main+0xc2>
1000032c:	22fa      	movs	r2, #250	@ 0xfa
1000032e:	2300      	movs	r3, #0
10000330:	0092      	lsls	r2, r2, #2
10000332:	f000 ffb7 	bl	100012a4 <__wrap___aeabi_uldivmod>
10000336:	24d0      	movs	r4, #208	@ 0xd0
10000338:	9001      	str	r0, [sp, #4]
1000033a:	0624      	lsls	r4, r4, #24
1000033c:	6863      	ldr	r3, [r4, #4]
1000033e:	a901      	add	r1, sp, #4
10000340:	075b      	lsls	r3, r3, #29
10000342:	0fdb      	lsrs	r3, r3, #31
10000344:	710b      	strb	r3, [r1, #4]
10000346:	6863      	ldr	r3, [r4, #4]
10000348:	ad03      	add	r5, sp, #12
1000034a:	065b      	lsls	r3, r3, #25
1000034c:	0fdb      	lsrs	r3, r3, #31
1000034e:	714b      	strb	r3, [r1, #5]
10000350:	6863      	ldr	r3, [r4, #4]
10000352:	0002      	movs	r2, r0
10000354:	061b      	lsls	r3, r3, #24
10000356:	0fdb      	lsrs	r3, r3, #31
10000358:	718b      	strb	r3, [r1, #6]
1000035a:	0028      	movs	r0, r5
1000035c:	9b02      	ldr	r3, [sp, #8]
1000035e:	a906      	add	r1, sp, #24
10000360:	f000 f828 	bl	100003b4 <pb_wd_step>
10000364:	782b      	ldrb	r3, [r5, #0]
10000366:	786a      	ldrb	r2, [r5, #1]
10000368:	00db      	lsls	r3, r3, #3
1000036a:	0112      	lsls	r2, r2, #4
1000036c:	4313      	orrs	r3, r2
1000036e:	2218      	movs	r2, #24
10000370:	6921      	ldr	r1, [r4, #16]
10000372:	404b      	eors	r3, r1
10000374:	4013      	ands	r3, r2
10000376:	61e3      	str	r3, [r4, #28]
10000378:	f000 fde4 	bl	10000f44 <watchdog_update>
1000037c:	20fa      	movs	r0, #250	@ 0xfa
1000037e:	0080      	lsls	r0, r0, #2
10000380:	f000 fd16 	bl	10000db0 <busy_wait_us_32>
10000384:	e7ce      	b.n	10000324 <main+0x56>
10000386:	21fa      	movs	r1, #250	@ 0xfa
10000388:	0089      	lsls	r1, r1, #2
1000038a:	f000 ff4d 	bl	10001228 <__wrap___aeabi_uidiv>
1000038e:	e7be      	b.n	1000030e <main+0x40>
10000390:	21fa      	movs	r1, #250	@ 0xfa
10000392:	0089      	lsls	r1, r1, #2
10000394:	f000 ff48 	bl	10001228 <__wrap___aeabi_uidiv>
10000398:	e7cd      	b.n	10000336 <main+0x68>

1000039a <pb_wd_init>:
1000039a:	2800      	cmp	r0, #0
1000039c:	d009      	beq.n	100003b2 <pb_wd_init+0x18>
1000039e:	2301      	movs	r3, #1
100003a0:	7003      	strb	r3, [r0, #0]
100003a2:	2300      	movs	r3, #0
100003a4:	7042      	strb	r2, [r0, #1]
100003a6:	7083      	strb	r3, [r0, #2]
100003a8:	6041      	str	r1, [r0, #4]
100003aa:	6083      	str	r3, [r0, #8]
100003ac:	8183      	strh	r3, [r0, #12]
100003ae:	6101      	str	r1, [r0, #16]
100003b0:	7503      	strb	r3, [r0, #20]
100003b2:	4770      	bx	lr

100003b4 <pb_wd_step>:
100003b4:	b5f0      	push	{r4, r5, r6, r7, lr}
100003b6:	b085      	sub	sp, #20
100003b8:	af02      	add	r7, sp, #8
100003ba:	0005      	movs	r5, r0
100003bc:	1e0c      	subs	r4, r1, #0
100003be:	9202      	str	r2, [sp, #8]
100003c0:	607b      	str	r3, [r7, #4]
100003c2:	d105      	bne.n	100003d0 <pb_wd_step+0x1c>
100003c4:	220c      	movs	r2, #12
100003c6:	f001 f9fb 	bl	100017c0 <__wrap_memset>
100003ca:	0028      	movs	r0, r5
100003cc:	b005      	add	sp, #20
100003ce:	bdf0      	pop	{r4, r5, r6, r7, pc}
100003d0:	793b      	ldrb	r3, [r7, #4]
100003d2:	9e02      	ldr	r6, [sp, #8]
100003d4:	9301      	str	r3, [sp, #4]
100003d6:	780b      	ldrb	r3, [r1, #0]
100003d8:	2b00      	cmp	r3, #0
100003da:	d104      	bne.n	100003e6 <pb_wd_step+0x32>
100003dc:	0031      	movs	r1, r6
100003de:	0020      	movs	r0, r4
100003e0:	9a01      	ldr	r2, [sp, #4]
100003e2:	f7ff ffda 	bl	1000039a <pb_wd_init>
100003e6:	6923      	ldr	r3, [r4, #16]
100003e8:	1af3      	subs	r3, r6, r3
100003ea:	2b18      	cmp	r3, #24
100003ec:	d921      	bls.n	10000432 <pb_wd_step+0x7e>
100003ee:	2301      	movs	r3, #1
100003f0:	7b21      	ldrb	r1, [r4, #12]
100003f2:	797a      	ldrb	r2, [r7, #5]
100003f4:	404b      	eors	r3, r1
100003f6:	429a      	cmp	r2, r3
100003f8:	d00a      	beq.n	10000410 <pb_wd_step+0x5c>
100003fa:	7d23      	ldrb	r3, [r4, #20]
100003fc:	2b00      	cmp	r3, #0
100003fe:	d101      	bne.n	10000404 <pb_wd_step+0x50>
10000400:	3302      	adds	r3, #2
10000402:	7523      	strb	r3, [r4, #20]
10000404:	89a3      	ldrh	r3, [r4, #12]
10000406:	2b00      	cmp	r3, #0
10000408:	d002      	beq.n	10000410 <pb_wd_step+0x5c>
1000040a:	2300      	movs	r3, #0
1000040c:	6126      	str	r6, [r4, #16]
1000040e:	81a3      	strh	r3, [r4, #12]
10000410:	2301      	movs	r3, #1
10000412:	7b61      	ldrb	r1, [r4, #13]
10000414:	79ba      	ldrb	r2, [r7, #6]
10000416:	404b      	eors	r3, r1
10000418:	429a      	cmp	r2, r3
1000041a:	d00a      	beq.n	10000432 <pb_wd_step+0x7e>
1000041c:	7d23      	ldrb	r3, [r4, #20]
1000041e:	2b00      	cmp	r3, #0
10000420:	d101      	bne.n	10000426 <pb_wd_step+0x72>
10000422:	3303      	adds	r3, #3
10000424:	7523      	strb	r3, [r4, #20]
10000426:	89a3      	ldrh	r3, [r4, #12]
10000428:	2b00      	cmp	r3, #0
1000042a:	d002      	beq.n	10000432 <pb_wd_step+0x7e>
1000042c:	2300      	movs	r3, #0
1000042e:	6126      	str	r6, [r4, #16]
10000430:	81a3      	strh	r3, [r4, #12]
10000432:	7863      	ldrb	r3, [r4, #1]
10000434:	9a01      	ldr	r2, [sp, #4]
10000436:	4293      	cmp	r3, r2
10000438:	d013      	beq.n	10000462 <pb_wd_step+0xae>
1000043a:	78a3      	ldrb	r3, [r4, #2]
1000043c:	2b00      	cmp	r3, #0
1000043e:	d039      	beq.n	100004b4 <pb_wd_step+0x100>
10000440:	6863      	ldr	r3, [r4, #4]
10000442:	1af3      	subs	r3, r6, r3
10000444:	2b13      	cmp	r3, #19
10000446:	d835      	bhi.n	100004b4 <pb_wd_step+0x100>
10000448:	7d23      	ldrb	r3, [r4, #20]
1000044a:	2b00      	cmp	r3, #0
1000044c:	d101      	bne.n	10000452 <pb_wd_step+0x9e>
1000044e:	3301      	adds	r3, #1
10000450:	7523      	strb	r3, [r4, #20]
10000452:	89a3      	ldrh	r3, [r4, #12]
10000454:	2b00      	cmp	r3, #0
10000456:	d002      	beq.n	1000045e <pb_wd_step+0xaa>
10000458:	2300      	movs	r3, #0
1000045a:	6126      	str	r6, [r4, #16]
1000045c:	81a3      	strh	r3, [r4, #12]
1000045e:	9b01      	ldr	r3, [sp, #4]
10000460:	7063      	strb	r3, [r4, #1]
10000462:	78a2      	ldrb	r2, [r4, #2]
10000464:	2a00      	cmp	r2, #0
10000466:	d005      	beq.n	10000474 <pb_wd_step+0xc0>
10000468:	2196      	movs	r1, #150	@ 0x96
1000046a:	6863      	ldr	r3, [r4, #4]
1000046c:	0049      	lsls	r1, r1, #1
1000046e:	1af3      	subs	r3, r6, r3
10000470:	428b      	cmp	r3, r1
10000472:	d301      	bcc.n	10000478 <pb_wd_step+0xc4>
10000474:	2200      	movs	r2, #0
10000476:	60a2      	str	r2, [r4, #8]
10000478:	2300      	movs	r3, #0
1000047a:	7d21      	ldrb	r1, [r4, #20]
1000047c:	68a0      	ldr	r0, [r4, #8]
1000047e:	4299      	cmp	r1, r3
10000480:	d105      	bne.n	1000048e <pb_wd_step+0xda>
10000482:	429a      	cmp	r2, r3
10000484:	d003      	beq.n	1000048e <pb_wd_step+0xda>
10000486:	3302      	adds	r3, #2
10000488:	4283      	cmp	r3, r0
1000048a:	419b      	sbcs	r3, r3
1000048c:	425b      	negs	r3, r3
1000048e:	7b27      	ldrb	r7, [r4, #12]
10000490:	429f      	cmp	r7, r3
10000492:	d102      	bne.n	1000049a <pb_wd_step+0xe6>
10000494:	7b67      	ldrb	r7, [r4, #13]
10000496:	429f      	cmp	r7, r3
10000498:	d002      	beq.n	100004a0 <pb_wd_step+0xec>
1000049a:	7323      	strb	r3, [r4, #12]
1000049c:	7363      	strb	r3, [r4, #13]
1000049e:	6126      	str	r6, [r4, #16]
100004a0:	702b      	strb	r3, [r5, #0]
100004a2:	706b      	strb	r3, [r5, #1]
100004a4:	000b      	movs	r3, r1
100004a6:	70aa      	strb	r2, [r5, #2]
100004a8:	1e5a      	subs	r2, r3, #1
100004aa:	4193      	sbcs	r3, r2
100004ac:	7129      	strb	r1, [r5, #4]
100004ae:	70eb      	strb	r3, [r5, #3]
100004b0:	60a8      	str	r0, [r5, #8]
100004b2:	e78a      	b.n	100003ca <pb_wd_step+0x16>
100004b4:	2301      	movs	r3, #1
100004b6:	70a3      	strb	r3, [r4, #2]
100004b8:	68a3      	ldr	r3, [r4, #8]
100004ba:	6066      	str	r6, [r4, #4]
100004bc:	3301      	adds	r3, #1
100004be:	60a3      	str	r3, [r4, #8]
100004c0:	e7cd      	b.n	1000045e <pb_wd_step+0xaa>
	...

100004c4 <gpio_set_function>:
100004c4:	4b08      	ldr	r3, [pc, #32]	@ (100004e8 <gpio_set_function+0x24>)
100004c6:	0082      	lsls	r2, r0, #2
100004c8:	18d3      	adds	r3, r2, r3
100004ca:	b510      	push	{r4, lr}
100004cc:	681c      	ldr	r4, [r3, #0]
100004ce:	2340      	movs	r3, #64	@ 0x40
100004d0:	4063      	eors	r3, r4
100004d2:	24c0      	movs	r4, #192	@ 0xc0
100004d4:	4023      	ands	r3, r4
100004d6:	4c05      	ldr	r4, [pc, #20]	@ (100004ec <gpio_set_function+0x28>)
100004d8:	00c0      	lsls	r0, r0, #3
100004da:	1912      	adds	r2, r2, r4
100004dc:	6013      	str	r3, [r2, #0]
100004de:	4b04      	ldr	r3, [pc, #16]	@ (100004f0 <gpio_set_function+0x2c>)
100004e0:	18c0      	adds	r0, r0, r3
100004e2:	6041      	str	r1, [r0, #4]
100004e4:	bd10      	pop	{r4, pc}
100004e6:	46c0      	nop			@ (mov r8, r8)
100004e8:	4001c004 	.word	0x4001c004
100004ec:	4001d004 	.word	0x4001d004
100004f0:	40014000 	.word	0x40014000

100004f4 <gpio_set_pulls>:
100004f4:	4b06      	ldr	r3, [pc, #24]	@ (10000510 <gpio_set_pulls+0x1c>)
100004f6:	0080      	lsls	r0, r0, #2
100004f8:	18c3      	adds	r3, r0, r3
100004fa:	681b      	ldr	r3, [r3, #0]
100004fc:	00c9      	lsls	r1, r1, #3
100004fe:	0092      	lsls	r2, r2, #2
10000500:	430a      	orrs	r2, r1
10000502:	405a      	eors	r2, r3
10000504:	230c      	movs	r3, #12
10000506:	401a      	ands	r2, r3
10000508:	4b02      	ldr	r3, [pc, #8]	@ (10000514 <gpio_set_pulls+0x20>)
1000050a:	18c0      	adds	r0, r0, r3
1000050c:	6002      	str	r2, [r0, #0]
1000050e:	4770      	bx	lr
10000510:	4001c004 	.word	0x4001c004
10000514:	4001d004 	.word	0x4001d004

10000518 <gpio_set_input_hysteresis_enabled>:
10000518:	2302      	movs	r3, #2
1000051a:	0080      	lsls	r0, r0, #2
1000051c:	2900      	cmp	r1, #0
1000051e:	d003      	beq.n	10000528 <gpio_set_input_hysteresis_enabled+0x10>
10000520:	4a02      	ldr	r2, [pc, #8]	@ (1000052c <gpio_set_input_hysteresis_enabled+0x14>)
10000522:	1880      	adds	r0, r0, r2
10000524:	6003      	str	r3, [r0, #0]
10000526:	4770      	bx	lr
10000528:	4a01      	ldr	r2, [pc, #4]	@ (10000530 <gpio_set_input_hysteresis_enabled+0x18>)
1000052a:	e7fa      	b.n	10000522 <gpio_set_input_hysteresis_enabled+0xa>
1000052c:	4001e004 	.word	0x4001e004
10000530:	4001f004 	.word	0x4001f004

10000534 <gpio_set_slew_rate>:
10000534:	4b05      	ldr	r3, [pc, #20]	@ (1000054c <gpio_set_slew_rate+0x18>)
10000536:	0080      	lsls	r0, r0, #2
10000538:	18c3      	adds	r3, r0, r3
1000053a:	681b      	ldr	r3, [r3, #0]
1000053c:	4059      	eors	r1, r3
1000053e:	2301      	movs	r3, #1
10000540:	4019      	ands	r1, r3
10000542:	4b03      	ldr	r3, [pc, #12]	@ (10000550 <gpio_set_slew_rate+0x1c>)
10000544:	18c0      	adds	r0, r0, r3
10000546:	6001      	str	r1, [r0, #0]
10000548:	4770      	bx	lr
1000054a:	46c0      	nop			@ (mov r8, r8)
1000054c:	4001c004 	.word	0x4001c004
10000550:	4001d004 	.word	0x4001d004

10000554 <gpio_set_drive_strength>:
10000554:	4b05      	ldr	r3, [pc, #20]	@ (1000056c <gpio_set_drive_strength+0x18>)
10000556:	0080      	lsls	r0, r0, #2
10000558:	18c3      	adds	r3, r0, r3
1000055a:	681b      	ldr	r3, [r3, #0]
1000055c:	0109      	lsls	r1, r1, #4
1000055e:	4059      	eors	r1, r3
10000560:	2330      	movs	r3, #48	@ 0x30
10000562:	4019      	ands	r1, r3
10000564:	4b02      	ldr	r3, [pc, #8]	@ (10000570 <gpio_set_drive_strength+0x1c>)
10000566:	18c0      	adds	r0, r0, r3
10000568:	6001      	str	r1, [r0, #0]
1000056a:	4770      	bx	lr
1000056c:	4001c004 	.word	0x4001c004
10000570:	4001d004 	.word	0x4001d004

10000574 <gpio_init>:
10000574:	2301      	movs	r3, #1
10000576:	22d0      	movs	r2, #208	@ 0xd0
10000578:	4083      	lsls	r3, r0
1000057a:	b510      	push	{r4, lr}
1000057c:	0612      	lsls	r2, r2, #24
1000057e:	6293      	str	r3, [r2, #40]	@ 0x28
10000580:	2105      	movs	r1, #5
10000582:	6193      	str	r3, [r2, #24]
10000584:	f7ff ff9e 	bl	100004c4 <gpio_set_function>
10000588:	bd10      	pop	{r4, pc}
	...

1000058c <panic>:
1000058c:	b40f      	push	{r0, r1, r2, r3}
1000058e:	b507      	push	{r0, r1, r2, lr}
10000590:	4808      	ldr	r0, [pc, #32]	@ (100005b4 <panic+0x28>)
10000592:	f001 fa17 	bl	100019c4 <__wrap_puts>
10000596:	9b04      	ldr	r3, [sp, #16]
10000598:	2b00      	cmp	r3, #0
1000059a:	d007      	beq.n	100005ac <panic+0x20>
1000059c:	a905      	add	r1, sp, #20
1000059e:	0018      	movs	r0, r3
100005a0:	9101      	str	r1, [sp, #4]
100005a2:	f001 f91f 	bl	100017e4 <weak_raw_vprintf>
100005a6:	4804      	ldr	r0, [pc, #16]	@ (100005b8 <panic+0x2c>)
100005a8:	f001 fa0c 	bl	100019c4 <__wrap_puts>
100005ac:	2001      	movs	r0, #1
100005ae:	f001 f933 	bl	10001818 <_exit>
100005b2:	46c0      	nop			@ (mov r8, r8)
100005b4:	10001abc 	.word	0x10001abc
100005b8:	10001acb 	.word	0x10001acb

100005bc <hw_claim_lock>:
100005bc:	f3ef 8010 	mrs	r0, PRIMASK
100005c0:	b672      	cpsid	i
100005c2:	4a03      	ldr	r2, [pc, #12]	@ (100005d0 <hw_claim_lock+0x14>)
100005c4:	6813      	ldr	r3, [r2, #0]
100005c6:	2b00      	cmp	r3, #0
100005c8:	d0fc      	beq.n	100005c4 <hw_claim_lock+0x8>
100005ca:	f3bf 8f5f 	dmb	sy
100005ce:	4770      	bx	lr
100005d0:	d000012c 	.word	0xd000012c

100005d4 <hw_claim_unlock>:
100005d4:	f3bf 8f5f 	dmb	sy
100005d8:	2200      	movs	r2, #0
100005da:	4b02      	ldr	r3, [pc, #8]	@ (100005e4 <hw_claim_unlock+0x10>)
100005dc:	601a      	str	r2, [r3, #0]
100005de:	f380 8810 	msr	PRIMASK, r0
100005e2:	4770      	bx	lr
100005e4:	d000012c 	.word	0xd000012c

100005e8 <hw_is_claimed>:
100005e8:	2207      	movs	r2, #7
100005ea:	08cb      	lsrs	r3, r1, #3
100005ec:	5cc3      	ldrb	r3, [r0, r3]
100005ee:	2001      	movs	r0, #1
100005f0:	4011      	ands	r1, r2
100005f2:	4088      	lsls	r0, r1
100005f4:	4018      	ands	r0, r3
100005f6:	1e43      	subs	r3, r0, #1
100005f8:	4198      	sbcs	r0, r3
100005fa:	b2c0      	uxtb	r0, r0
100005fc:	4770      	bx	lr

100005fe <hw_claim_or_assert>:
100005fe:	b5f8      	push	{r3, r4, r5, r6, r7, lr}
10000600:	0005      	movs	r5, r0
10000602:	000c      	movs	r4, r1
10000604:	0017      	movs	r7, r2
10000606:	f7ff ffd9 	bl	100005bc <hw_claim_lock>
1000060a:	0021      	movs	r1, r4
1000060c:	0006      	movs	r6, r0
1000060e:	0028      	movs	r0, r5
10000610:	f7ff ffea 	bl	100005e8 <hw_is_claimed>
10000614:	2800      	cmp	r0, #0
10000616:	d003      	beq.n	10000620 <hw_claim_or_assert+0x22>
10000618:	0021      	movs	r1, r4
1000061a:	0038      	movs	r0, r7
1000061c:	f7ff ffb6 	bl	1000058c <panic>
10000620:	2307      	movs	r3, #7
10000622:	08e2      	lsrs	r2, r4, #3
10000624:	401c      	ands	r4, r3
10000626:	3b06      	subs	r3, #6
10000628:	40a3      	lsls	r3, r4
1000062a:	5ca9      	ldrb	r1, [r5, r2]
1000062c:	0030      	movs	r0, r6
1000062e:	430b      	orrs	r3, r1
10000630:	54ab      	strb	r3, [r5, r2]
10000632:	f7ff ffcf 	bl	100005d4 <hw_claim_unlock>
10000636:	bdf8      	pop	{r3, r4, r5, r6, r7, pc}

10000638 <next_striped_spin_lock_num>:
10000638:	4a04      	ldr	r2, [pc, #16]	@ (1000064c <next_striped_spin_lock_num+0x14>)
1000063a:	7810      	ldrb	r0, [r2, #0]
1000063c:	1c43      	adds	r3, r0, #1
1000063e:	b2db      	uxtb	r3, r3
10000640:	2b17      	cmp	r3, #23
10000642:	d900      	bls.n	10000646 <next_striped_spin_lock_num+0xe>
10000644:	2310      	movs	r3, #16
10000646:	7013      	strb	r3, [r2, #0]
10000648:	4770      	bx	lr
1000064a:	46c0      	nop			@ (mov r8, r8)
1000064c:	200001c8 	.word	0x200001c8

10000650 <spin_locks_reset>:
10000650:	2100      	movs	r1, #0
10000652:	4b04      	ldr	r3, [pc, #16]	@ (10000664 <spin_locks_reset+0x14>)
10000654:	4a04      	ldr	r2, [pc, #16]	@ (10000668 <spin_locks_reset+0x18>)
10000656:	f3bf 8f5f 	dmb	sy
1000065a:	c302      	stmia	r3!, {r1}
1000065c:	4293      	cmp	r3, r2
1000065e:	d1fa      	bne.n	10000656 <spin_locks_reset+0x6>
10000660:	4770      	bx	lr
10000662:	46c0      	nop			@ (mov r8, r8)
10000664:	d0000100 	.word	0xd0000100
10000668:	d0000180 	.word	0xd0000180

1000066c <set_raw_irq_handler_and_unlock>:
1000066c:	4b07      	ldr	r3, [pc, #28]	@ (1000068c <set_raw_irq_handler_and_unlock+0x20>)
1000066e:	3010      	adds	r0, #16
10000670:	689b      	ldr	r3, [r3, #8]
10000672:	0080      	lsls	r0, r0, #2
10000674:	50c1      	str	r1, [r0, r3]
10000676:	f3bf 8f5f 	dmb	sy
1000067a:	f3bf 8f5f 	dmb	sy
1000067e:	2100      	movs	r1, #0
10000680:	4b03      	ldr	r3, [pc, #12]	@ (10000690 <set_raw_irq_handler_and_unlock+0x24>)
10000682:	6019      	str	r1, [r3, #0]
10000684:	f382 8810 	msr	PRIMASK, r2
10000688:	4770      	bx	lr
1000068a:	46c0      	nop			@ (mov r8, r8)
1000068c:	e000ed00 	.word	0xe000ed00
10000690:	d0000124 	.word	0xd0000124

10000694 <runtime_init_per_core_irq_priorities>:
10000694:	4b05      	ldr	r3, [pc, #20]	@ (100006ac <runtime_init_per_core_irq_priorities+0x18>)
10000696:	4a06      	ldr	r2, [pc, #24]	@ (100006b0 <runtime_init_per_core_irq_priorities+0x1c>)
10000698:	6013      	str	r3, [r2, #0]
1000069a:	4a06      	ldr	r2, [pc, #24]	@ (100006b4 <runtime_init_per_core_irq_priorities+0x20>)
1000069c:	6013      	str	r3, [r2, #0]
1000069e:	6053      	str	r3, [r2, #4]
100006a0:	6093      	str	r3, [r2, #8]
100006a2:	60d3      	str	r3, [r2, #12]
100006a4:	6113      	str	r3, [r2, #16]
100006a6:	6153      	str	r3, [r2, #20]
100006a8:	6193      	str	r3, [r2, #24]
100006aa:	4770      	bx	lr
100006ac:	80808080 	.word	0x80808080
100006b0:	e000e400 	.word	0xe000e400
100006b4:	e000e404 	.word	0xe000e404

100006b8 <irq_set_enabled>:
100006b8:	231f      	movs	r3, #31
100006ba:	4018      	ands	r0, r3
100006bc:	3b1e      	subs	r3, #30
100006be:	4083      	lsls	r3, r0
100006c0:	2900      	cmp	r1, #0
100006c2:	d005      	beq.n	100006d0 <irq_set_enabled+0x18>
100006c4:	21c0      	movs	r1, #192	@ 0xc0
100006c6:	4a04      	ldr	r2, [pc, #16]	@ (100006d8 <irq_set_enabled+0x20>)
100006c8:	0049      	lsls	r1, r1, #1
100006ca:	5053      	str	r3, [r2, r1]
100006cc:	6013      	str	r3, [r2, #0]
100006ce:	4770      	bx	lr
100006d0:	4a02      	ldr	r2, [pc, #8]	@ (100006dc <irq_set_enabled+0x24>)
100006d2:	67d3      	str	r3, [r2, #124]	@ 0x7c
100006d4:	e7fb      	b.n	100006ce <irq_set_enabled+0x16>
100006d6:	46c0      	nop			@ (mov r8, r8)
100006d8:	e000e100 	.word	0xe000e100
100006dc:	e000e104 	.word	0xe000e104

100006e0 <irq_get_vtable_handler>:
100006e0:	4b02      	ldr	r3, [pc, #8]	@ (100006ec <irq_get_vtable_handler+0xc>)
100006e2:	3010      	adds	r0, #16
100006e4:	689b      	ldr	r3, [r3, #8]
100006e6:	0080      	lsls	r0, r0, #2
100006e8:	58c0      	ldr	r0, [r0, r3]
100006ea:	4770      	bx	lr
100006ec:	e000ed00 	.word	0xe000ed00

100006f0 <irq_set_exclusive_handler>:
100006f0:	b570      	push	{r4, r5, r6, lr}
100006f2:	0004      	movs	r4, r0
100006f4:	000d      	movs	r5, r1
100006f6:	f3ef 8610 	mrs	r6, PRIMASK
100006fa:	b672      	cpsid	i
100006fc:	4a0a      	ldr	r2, [pc, #40]	@ (10000728 <irq_set_exclusive_handler+0x38>)
100006fe:	6813      	ldr	r3, [r2, #0]
10000700:	2b00      	cmp	r3, #0
10000702:	d0fc      	beq.n	100006fe <irq_set_exclusive_handler+0xe>
10000704:	f3bf 8f5f 	dmb	sy
10000708:	0020      	movs	r0, r4
1000070a:	f7ff ffe9 	bl	100006e0 <irq_get_vtable_handler>
1000070e:	4b07      	ldr	r3, [pc, #28]	@ (1000072c <irq_set_exclusive_handler+0x3c>)
10000710:	4298      	cmp	r0, r3
10000712:	d001      	beq.n	10000718 <irq_set_exclusive_handler+0x28>
10000714:	42a8      	cmp	r0, r5
10000716:	d105      	bne.n	10000724 <irq_set_exclusive_handler+0x34>
10000718:	0032      	movs	r2, r6
1000071a:	0029      	movs	r1, r5
1000071c:	0020      	movs	r0, r4
1000071e:	f7ff ffa5 	bl	1000066c <set_raw_irq_handler_and_unlock>
10000722:	bd70      	pop	{r4, r5, r6, pc}
10000724:	f000 fc96 	bl	10001054 <hard_assertion_failure>
10000728:	d0000124 	.word	0xd0000124
1000072c:	100001c1 	.word	0x100001c1

10000730 <lock_init>:
10000730:	4b02      	ldr	r3, [pc, #8]	@ (1000073c <lock_init+0xc>)
10000732:	18c9      	adds	r1, r1, r3
10000734:	0089      	lsls	r1, r1, #2
10000736:	6001      	str	r1, [r0, #0]
10000738:	4770      	bx	lr
1000073a:	46c0      	nop			@ (mov r8, r8)
1000073c:	34000040 	.word	0x34000040

10000740 <mutex_init>:
10000740:	b510      	push	{r4, lr}
10000742:	0004      	movs	r4, r0
10000744:	f7ff ff78 	bl	10000638 <next_striped_spin_lock_num>
10000748:	0001      	movs	r1, r0
1000074a:	0020      	movs	r0, r4
1000074c:	f7ff fff0 	bl	10000730 <lock_init>
10000750:	23ff      	movs	r3, #255	@ 0xff
10000752:	7123      	strb	r3, [r4, #4]
10000754:	f3bf 8f5f 	dmb	sy
10000758:	bd10      	pop	{r4, pc}

1000075a <recursive_mutex_init>:
1000075a:	b510      	push	{r4, lr}
1000075c:	0004      	movs	r4, r0
1000075e:	f7ff ff6b 	bl	10000638 <next_striped_spin_lock_num>
10000762:	0001      	movs	r1, r0
10000764:	0020      	movs	r0, r4
10000766:	f7ff ffe3 	bl	10000730 <lock_init>
1000076a:	23ff      	movs	r3, #255	@ 0xff
1000076c:	80a3      	strh	r3, [r4, #4]
1000076e:	f3bf 8f5f 	dmb	sy
10000772:	bd10      	pop	{r4, pc}

10000774 <runtime_init_mutex>:
10000774:	b510      	push	{r4, lr}
10000776:	4808      	ldr	r0, [pc, #32]	@ (10000798 <runtime_init_mutex+0x24>)
10000778:	4b08      	ldr	r3, [pc, #32]	@ (1000079c <runtime_init_mutex+0x28>)
1000077a:	4298      	cmp	r0, r3
1000077c:	d300      	bcc.n	10000780 <runtime_init_mutex+0xc>
1000077e:	bd10      	pop	{r4, pc}
10000780:	0004      	movs	r4, r0
10000782:	6803      	ldr	r3, [r0, #0]
10000784:	3408      	adds	r4, #8
10000786:	2b00      	cmp	r3, #0
10000788:	d003      	beq.n	10000792 <runtime_init_mutex+0x1e>
1000078a:	f7ff ffe6 	bl	1000075a <recursive_mutex_init>
1000078e:	0020      	movs	r0, r4
10000790:	e7f2      	b.n	10000778 <runtime_init_mutex+0x4>
10000792:	f7ff ffd5 	bl	10000740 <mutex_init>
10000796:	e7fa      	b.n	1000078e <runtime_init_mutex+0x1a>
10000798:	20000210 	.word	0x20000210
1000079c:	20000218 	.word	0x20000218

100007a0 <sleep_until_callback>:
100007a0:	4b0a      	ldr	r3, [pc, #40]	@ (100007cc <sleep_until_callback+0x2c>)
100007a2:	6818      	ldr	r0, [r3, #0]
100007a4:	f3ef 8210 	mrs	r2, PRIMASK
100007a8:	b672      	cpsid	i
100007aa:	6801      	ldr	r1, [r0, #0]
100007ac:	2900      	cmp	r1, #0
100007ae:	d0fc      	beq.n	100007aa <sleep_until_callback+0xa>
100007b0:	f3bf 8f5f 	dmb	sy
100007b4:	681b      	ldr	r3, [r3, #0]
100007b6:	f3bf 8f5f 	dmb	sy
100007ba:	2100      	movs	r1, #0
100007bc:	6019      	str	r1, [r3, #0]
100007be:	f382 8810 	msr	PRIMASK, r2
100007c2:	bf40      	sev
100007c4:	2000      	movs	r0, #0
100007c6:	2100      	movs	r1, #0
100007c8:	4770      	bx	lr
100007ca:	46c0      	nop			@ (mov r8, r8)
100007cc:	200005e4 	.word	0x200005e4

100007d0 <alarm_pool_post_alloc_init>:
100007d0:	b5f8      	push	{r3, r4, r5, r6, r7, lr}
100007d2:	60c1      	str	r1, [r0, #12]
100007d4:	0004      	movs	r4, r0
100007d6:	0016      	movs	r6, r2
100007d8:	001f      	movs	r7, r3
100007da:	000d      	movs	r5, r1
100007dc:	f7ff ff2c 	bl	10000638 <next_striped_spin_lock_num>
100007e0:	22d0      	movs	r2, #208	@ 0xd0
100007e2:	7026      	strb	r6, [r4, #0]
100007e4:	0612      	lsls	r2, r2, #24
100007e6:	6812      	ldr	r2, [r2, #0]
100007e8:	4b14      	ldr	r3, [pc, #80]	@ (1000083c <alarm_pool_post_alloc_init+0x6c>)
100007ea:	7062      	strb	r2, [r4, #1]
100007ec:	2201      	movs	r2, #1
100007ee:	18c0      	adds	r0, r0, r3
100007f0:	4252      	negs	r2, r2
100007f2:	b2bb      	uxth	r3, r7
100007f4:	8163      	strh	r3, [r4, #10]
100007f6:	189b      	adds	r3, r3, r2
100007f8:	8063      	strh	r3, [r4, #2]
100007fa:	2300      	movs	r3, #0
100007fc:	0080      	lsls	r0, r0, #2
100007fe:	6120      	str	r0, [r4, #16]
10000800:	8122      	strh	r2, [r4, #8]
10000802:	80a2      	strh	r2, [r4, #4]
10000804:	42bb      	cmp	r3, r7
10000806:	d112      	bne.n	1000082e <alarm_pool_post_alloc_init+0x5e>
10000808:	2701      	movs	r7, #1
1000080a:	4b0d      	ldr	r3, [pc, #52]	@ (10000840 <alarm_pool_post_alloc_init+0x70>)
1000080c:	00b2      	lsls	r2, r6, #2
1000080e:	50d4      	str	r4, [r2, r3]
10000810:	003c      	movs	r4, r7
10000812:	40b4      	lsls	r4, r6
10000814:	0030      	movs	r0, r6
10000816:	622c      	str	r4, [r5, #32]
10000818:	490a      	ldr	r1, [pc, #40]	@ (10000844 <alarm_pool_post_alloc_init+0x74>)
1000081a:	f7ff ff69 	bl	100006f0 <irq_set_exclusive_handler>
1000081e:	0039      	movs	r1, r7
10000820:	0030      	movs	r0, r6
10000822:	f7ff ff49 	bl	100006b8 <irq_set_enabled>
10000826:	4b08      	ldr	r3, [pc, #32]	@ (10000848 <alarm_pool_post_alloc_init+0x78>)
10000828:	18ed      	adds	r5, r5, r3
1000082a:	602c      	str	r4, [r5, #0]
1000082c:	bdf8      	pop	{r3, r4, r5, r6, r7, pc}
1000082e:	2018      	movs	r0, #24
10000830:	4358      	muls	r0, r3
10000832:	6961      	ldr	r1, [r4, #20]
10000834:	1e5a      	subs	r2, r3, #1
10000836:	5242      	strh	r2, [r0, r1]
10000838:	3301      	adds	r3, #1
1000083a:	e7e3      	b.n	10000804 <alarm_pool_post_alloc_init+0x34>
1000083c:	34000040 	.word	0x34000040
10000840:	200003d0 	.word	0x200003d0
10000844:	100008a5 	.word	0x100008a5
10000848:	00002038 	.word	0x00002038

1000084c <runtime_init_default_alarm_pool>:
1000084c:	b510      	push	{r4, lr}
1000084e:	4c09      	ldr	r4, [pc, #36]	@ (10000874 <runtime_init_default_alarm_pool+0x28>)
10000850:	6923      	ldr	r3, [r4, #16]
10000852:	2b00      	cmp	r3, #0
10000854:	d109      	bne.n	1000086a <runtime_init_default_alarm_pool+0x1e>
10000856:	2103      	movs	r1, #3
10000858:	4807      	ldr	r0, [pc, #28]	@ (10000878 <runtime_init_default_alarm_pool+0x2c>)
1000085a:	f000 fa53 	bl	10000d04 <timer_hardware_alarm_claim>
1000085e:	2310      	movs	r3, #16
10000860:	2203      	movs	r2, #3
10000862:	0020      	movs	r0, r4
10000864:	4904      	ldr	r1, [pc, #16]	@ (10000878 <runtime_init_default_alarm_pool+0x2c>)
10000866:	f7ff ffb3 	bl	100007d0 <alarm_pool_post_alloc_init>
1000086a:	210a      	movs	r1, #10
1000086c:	4803      	ldr	r0, [pc, #12]	@ (1000087c <runtime_init_default_alarm_pool+0x30>)
1000086e:	f7ff ff5f 	bl	10000730 <lock_init>
10000872:	bd10      	pop	{r4, pc}
10000874:	200001d8 	.word	0x200001d8
10000878:	40054000 	.word	0x40054000
1000087c:	200005e4 	.word	0x200005e4

10000880 <time_reached>:
10000880:	b510      	push	{r4, lr}
10000882:	4c07      	ldr	r4, [pc, #28]	@ (100008a0 <time_reached+0x20>)
10000884:	0003      	movs	r3, r0
10000886:	6a62      	ldr	r2, [r4, #36]	@ 0x24
10000888:	2000      	movs	r0, #0
1000088a:	4291      	cmp	r1, r2
1000088c:	d806      	bhi.n	1000089c <time_reached+0x1c>
1000088e:	6aa4      	ldr	r4, [r4, #40]	@ 0x28
10000890:	3001      	adds	r0, #1
10000892:	429c      	cmp	r4, r3
10000894:	d202      	bcs.n	1000089c <time_reached+0x1c>
10000896:	1a88      	subs	r0, r1, r2
10000898:	1e43      	subs	r3, r0, #1
1000089a:	4198      	sbcs	r0, r3
1000089c:	bd10      	pop	{r4, pc}
1000089e:	46c0      	nop			@ (mov r8, r8)
100008a0:	40054000 	.word	0x40054000

100008a4 <alarm_pool_irq_handler>:
100008a4:	b5f0      	push	{r4, r5, r6, r7, lr}
100008a6:	b089      	sub	sp, #36	@ 0x24
100008a8:	f3ef 8205 	mrs	r2, IPSR
100008ac:	2303      	movs	r3, #3
100008ae:	401a      	ands	r2, r3
100008b0:	4b95      	ldr	r3, [pc, #596]	@ (10000b08 <alarm_pool_irq_handler+0x264>)
100008b2:	9205      	str	r2, [sp, #20]
100008b4:	0092      	lsls	r2, r2, #2
100008b6:	58d4      	ldr	r4, [r2, r3]
100008b8:	2301      	movs	r3, #1
100008ba:	9a05      	ldr	r2, [sp, #20]
100008bc:	4093      	lsls	r3, r2
100008be:	9306      	str	r3, [sp, #24]
100008c0:	9a06      	ldr	r2, [sp, #24]
100008c2:	4b92      	ldr	r3, [pc, #584]	@ (10000b0c <alarm_pool_irq_handler+0x268>)
100008c4:	601a      	str	r2, [r3, #0]
100008c6:	4b92      	ldr	r3, [pc, #584]	@ (10000b10 <alarm_pool_irq_handler+0x26c>)
100008c8:	9a06      	ldr	r2, [sp, #24]
100008ca:	635a      	str	r2, [r3, #52]	@ 0x34
100008cc:	2208      	movs	r2, #8
100008ce:	5ea3      	ldrsh	r3, [r4, r2]
100008d0:	9303      	str	r3, [sp, #12]
100008d2:	2b00      	cmp	r3, #0
100008d4:	db54      	blt.n	10000980 <alarm_pool_irq_handler+0xdc>
100008d6:	2318      	movs	r3, #24
100008d8:	9a03      	ldr	r2, [sp, #12]
100008da:	6965      	ldr	r5, [r4, #20]
100008dc:	4353      	muls	r3, r2
100008de:	488c      	ldr	r0, [pc, #560]	@ (10000b10 <alarm_pool_irq_handler+0x26c>)
100008e0:	18ed      	adds	r5, r5, r3
100008e2:	68ae      	ldr	r6, [r5, #8]
100008e4:	68ef      	ldr	r7, [r5, #12]
100008e6:	f000 fa17 	bl	10000d18 <timer_time_us_64>
100008ea:	428f      	cmp	r7, r1
100008ec:	dc48      	bgt.n	10000980 <alarm_pool_irq_handler+0xdc>
100008ee:	d101      	bne.n	100008f4 <alarm_pool_irq_handler+0x50>
100008f0:	4286      	cmp	r6, r0
100008f2:	d845      	bhi.n	10000980 <alarm_pool_irq_handler+0xdc>
100008f4:	2f00      	cmp	r7, #0
100008f6:	da00      	bge.n	100008fa <alarm_pool_irq_handler+0x56>
100008f8:	e06e      	b.n	100009d8 <alarm_pool_irq_handler+0x134>
100008fa:	696a      	ldr	r2, [r5, #20]
100008fc:	692b      	ldr	r3, [r5, #16]
100008fe:	9204      	str	r2, [sp, #16]
10000900:	4a84      	ldr	r2, [pc, #528]	@ (10000b14 <alarm_pool_irq_handler+0x270>)
10000902:	4293      	cmp	r3, r2
10000904:	d156      	bne.n	100009b4 <alarm_pool_irq_handler+0x110>
10000906:	9b04      	ldr	r3, [sp, #16]
10000908:	9804      	ldr	r0, [sp, #16]
1000090a:	691b      	ldr	r3, [r3, #16]
1000090c:	4798      	blx	r3
1000090e:	2800      	cmp	r0, #0
10000910:	d100      	bne.n	10000914 <alarm_pool_irq_handler+0x70>
10000912:	e061      	b.n	100009d8 <alarm_pool_irq_handler+0x134>
10000914:	9b04      	ldr	r3, [sp, #16]
10000916:	681a      	ldr	r2, [r3, #0]
10000918:	685b      	ldr	r3, [r3, #4]
1000091a:	9200      	str	r2, [sp, #0]
1000091c:	9301      	str	r3, [sp, #4]
1000091e:	9b00      	ldr	r3, [sp, #0]
10000920:	9a01      	ldr	r2, [sp, #4]
10000922:	4313      	orrs	r3, r2
10000924:	d058      	beq.n	100009d8 <alarm_pool_irq_handler+0x134>
10000926:	2a00      	cmp	r2, #0
10000928:	da4e      	bge.n	100009c8 <alarm_pool_irq_handler+0x124>
1000092a:	9a00      	ldr	r2, [sp, #0]
1000092c:	9b01      	ldr	r3, [sp, #4]
1000092e:	1ab6      	subs	r6, r6, r2
10000930:	419f      	sbcs	r7, r3
10000932:	2200      	movs	r2, #0
10000934:	5eab      	ldrsh	r3, [r5, r2]
10000936:	60ae      	str	r6, [r5, #8]
10000938:	60ef      	str	r7, [r5, #12]
1000093a:	2b00      	cmp	r3, #0
1000093c:	db20      	blt.n	10000980 <alarm_pool_irq_handler+0xdc>
1000093e:	6962      	ldr	r2, [r4, #20]
10000940:	4694      	mov	ip, r2
10000942:	2218      	movs	r2, #24
10000944:	435a      	muls	r2, r3
10000946:	4462      	add	r2, ip
10000948:	68d1      	ldr	r1, [r2, #12]
1000094a:	42b9      	cmp	r1, r7
1000094c:	dc18      	bgt.n	10000980 <alarm_pool_irq_handler+0xdc>
1000094e:	d102      	bne.n	10000956 <alarm_pool_irq_handler+0xb2>
10000950:	6892      	ldr	r2, [r2, #8]
10000952:	42b2      	cmp	r2, r6
10000954:	d814      	bhi.n	10000980 <alarm_pool_irq_handler+0xdc>
10000956:	0021      	movs	r1, r4
10000958:	8123      	strh	r3, [r4, #8]
1000095a:	3108      	adds	r1, #8
1000095c:	2218      	movs	r2, #24
1000095e:	435a      	muls	r2, r3
10000960:	4462      	add	r2, ip
10000962:	68d0      	ldr	r0, [r2, #12]
10000964:	42b8      	cmp	r0, r7
10000966:	dc08      	bgt.n	1000097a <alarm_pool_irq_handler+0xd6>
10000968:	d102      	bne.n	10000970 <alarm_pool_irq_handler+0xcc>
1000096a:	6890      	ldr	r0, [r2, #8]
1000096c:	42b0      	cmp	r0, r6
1000096e:	d804      	bhi.n	1000097a <alarm_pool_irq_handler+0xd6>
10000970:	0011      	movs	r1, r2
10000972:	2200      	movs	r2, #0
10000974:	5e8b      	ldrsh	r3, [r1, r2]
10000976:	2b00      	cmp	r3, #0
10000978:	daf0      	bge.n	1000095c <alarm_pool_irq_handler+0xb8>
1000097a:	802b      	strh	r3, [r5, #0]
1000097c:	9b03      	ldr	r3, [sp, #12]
1000097e:	800b      	strh	r3, [r1, #0]
10000980:	88a3      	ldrh	r3, [r4, #4]
10000982:	b21b      	sxth	r3, r3
10000984:	2b00      	cmp	r3, #0
10000986:	da3e      	bge.n	10000a06 <alarm_pool_irq_handler+0x162>
10000988:	79a3      	ldrb	r3, [r4, #6]
1000098a:	2b00      	cmp	r3, #0
1000098c:	d00a      	beq.n	100009a4 <alarm_pool_irq_handler+0x100>
1000098e:	2300      	movs	r3, #0
10000990:	71a3      	strb	r3, [r4, #6]
10000992:	0020      	movs	r0, r4
10000994:	3008      	adds	r0, #8
10000996:	0007      	movs	r7, r0
10000998:	2518      	movs	r5, #24
1000099a:	2208      	movs	r2, #8
1000099c:	5ea3      	ldrsh	r3, [r4, r2]
1000099e:	1c5a      	adds	r2, r3, #1
100009a0:	d000      	beq.n	100009a4 <alarm_pool_irq_handler+0x100>
100009a2:	e070      	b.n	10000a86 <alarm_pool_irq_handler+0x1e2>
100009a4:	2308      	movs	r3, #8
100009a6:	5ee1      	ldrsh	r1, [r4, r3]
100009a8:	2900      	cmp	r1, #0
100009aa:	db00      	blt.n	100009ae <alarm_pool_irq_handler+0x10a>
100009ac:	e085      	b.n	10000aba <alarm_pool_irq_handler+0x216>
100009ae:	bf40      	sev
100009b0:	b009      	add	sp, #36	@ 0x24
100009b2:	bdf0      	pop	{r4, r5, r6, r7, pc}
100009b4:	2108      	movs	r1, #8
100009b6:	5e60      	ldrsh	r0, [r4, r1]
100009b8:	886a      	ldrh	r2, [r5, #2]
100009ba:	0400      	lsls	r0, r0, #16
100009bc:	9904      	ldr	r1, [sp, #16]
100009be:	4310      	orrs	r0, r2
100009c0:	4798      	blx	r3
100009c2:	9000      	str	r0, [sp, #0]
100009c4:	9101      	str	r1, [sp, #4]
100009c6:	e7aa      	b.n	1000091e <alarm_pool_irq_handler+0x7a>
100009c8:	4851      	ldr	r0, [pc, #324]	@ (10000b10 <alarm_pool_irq_handler+0x26c>)
100009ca:	f000 f9a5 	bl	10000d18 <timer_time_us_64>
100009ce:	9e00      	ldr	r6, [sp, #0]
100009d0:	9f01      	ldr	r7, [sp, #4]
100009d2:	1836      	adds	r6, r6, r0
100009d4:	414f      	adcs	r7, r1
100009d6:	e7ac      	b.n	10000932 <alarm_pool_irq_handler+0x8e>
100009d8:	882b      	ldrh	r3, [r5, #0]
100009da:	6921      	ldr	r1, [r4, #16]
100009dc:	8123      	strh	r3, [r4, #8]
100009de:	f3ef 8310 	mrs	r3, PRIMASK
100009e2:	b672      	cpsid	i
100009e4:	680a      	ldr	r2, [r1, #0]
100009e6:	2a00      	cmp	r2, #0
100009e8:	d0fc      	beq.n	100009e4 <alarm_pool_irq_handler+0x140>
100009ea:	f3bf 8f5f 	dmb	sy
100009ee:	8862      	ldrh	r2, [r4, #2]
100009f0:	802a      	strh	r2, [r5, #0]
100009f2:	9a03      	ldr	r2, [sp, #12]
100009f4:	8062      	strh	r2, [r4, #2]
100009f6:	6922      	ldr	r2, [r4, #16]
100009f8:	f3bf 8f5f 	dmb	sy
100009fc:	2100      	movs	r1, #0
100009fe:	6011      	str	r1, [r2, #0]
10000a00:	f383 8810 	msr	PRIMASK, r3
10000a04:	e7bc      	b.n	10000980 <alarm_pool_irq_handler+0xdc>
10000a06:	6921      	ldr	r1, [r4, #16]
10000a08:	f3ef 8310 	mrs	r3, PRIMASK
10000a0c:	b672      	cpsid	i
10000a0e:	680a      	ldr	r2, [r1, #0]
10000a10:	2a00      	cmp	r2, #0
10000a12:	d0fc      	beq.n	10000a0e <alarm_pool_irq_handler+0x16a>
10000a14:	f3bf 8f5f 	dmb	sy
10000a18:	2101      	movs	r1, #1
10000a1a:	88a2      	ldrh	r2, [r4, #4]
10000a1c:	4249      	negs	r1, r1
10000a1e:	80a1      	strh	r1, [r4, #4]
10000a20:	b212      	sxth	r2, r2
10000a22:	6921      	ldr	r1, [r4, #16]
10000a24:	f3bf 8f5f 	dmb	sy
10000a28:	2000      	movs	r0, #0
10000a2a:	6008      	str	r0, [r1, #0]
10000a2c:	f383 8810 	msr	PRIMASK, r3
10000a30:	0023      	movs	r3, r4
10000a32:	3308      	adds	r3, #8
10000a34:	9307      	str	r3, [sp, #28]
10000a36:	2a00      	cmp	r2, #0
10000a38:	da00      	bge.n	10000a3c <alarm_pool_irq_handler+0x198>
10000a3a:	e7a5      	b.n	10000988 <alarm_pool_irq_handler+0xe4>
10000a3c:	2118      	movs	r1, #24
10000a3e:	4351      	muls	r1, r2
10000a40:	6963      	ldr	r3, [r4, #20]
10000a42:	9807      	ldr	r0, [sp, #28]
10000a44:	1859      	adds	r1, r3, r1
10000a46:	9303      	str	r3, [sp, #12]
10000a48:	688b      	ldr	r3, [r1, #8]
10000a4a:	68cf      	ldr	r7, [r1, #12]
10000a4c:	9304      	str	r3, [sp, #16]
10000a4e:	2308      	movs	r3, #8
10000a50:	5ee5      	ldrsh	r5, [r4, r3]
10000a52:	2d00      	cmp	r5, #0
10000a54:	db0e      	blt.n	10000a74 <alarm_pool_irq_handler+0x1d0>
10000a56:	2600      	movs	r6, #0
10000a58:	5f83      	ldrsh	r3, [r0, r6]
10000a5a:	2618      	movs	r6, #24
10000a5c:	4373      	muls	r3, r6
10000a5e:	9e03      	ldr	r6, [sp, #12]
10000a60:	18f3      	adds	r3, r6, r3
10000a62:	68de      	ldr	r6, [r3, #12]
10000a64:	42be      	cmp	r6, r7
10000a66:	dc05      	bgt.n	10000a74 <alarm_pool_irq_handler+0x1d0>
10000a68:	d109      	bne.n	10000a7e <alarm_pool_irq_handler+0x1da>
10000a6a:	689e      	ldr	r6, [r3, #8]
10000a6c:	46b4      	mov	ip, r6
10000a6e:	9e04      	ldr	r6, [sp, #16]
10000a70:	45b4      	cmp	ip, r6
10000a72:	d904      	bls.n	10000a7e <alarm_pool_irq_handler+0x1da>
10000a74:	8002      	strh	r2, [r0, #0]
10000a76:	2300      	movs	r3, #0
10000a78:	5eca      	ldrsh	r2, [r1, r3]
10000a7a:	800d      	strh	r5, [r1, #0]
10000a7c:	e7db      	b.n	10000a36 <alarm_pool_irq_handler+0x192>
10000a7e:	0018      	movs	r0, r3
10000a80:	2300      	movs	r3, #0
10000a82:	5ec5      	ldrsh	r5, [r0, r3]
10000a84:	e7e5      	b.n	10000a52 <alarm_pool_irq_handler+0x1ae>
10000a86:	0029      	movs	r1, r5
10000a88:	4359      	muls	r1, r3
10000a8a:	6966      	ldr	r6, [r4, #20]
10000a8c:	1872      	adds	r2, r6, r1
10000a8e:	5e76      	ldrsh	r6, [r6, r1]
10000a90:	8851      	ldrh	r1, [r2, #2]
10000a92:	b209      	sxth	r1, r1
10000a94:	2900      	cmp	r1, #0
10000a96:	da0e      	bge.n	10000ab6 <alarm_pool_irq_handler+0x212>
10000a98:	2001      	movs	r0, #1
10000a9a:	4240      	negs	r0, r0
10000a9c:	17c1      	asrs	r1, r0, #31
10000a9e:	6090      	str	r0, [r2, #8]
10000aa0:	60d1      	str	r1, [r2, #12]
10000aa2:	2008      	movs	r0, #8
10000aa4:	5e21      	ldrsh	r1, [r4, r0]
10000aa6:	4299      	cmp	r1, r3
10000aa8:	d003      	beq.n	10000ab2 <alarm_pool_irq_handler+0x20e>
10000aaa:	803e      	strh	r6, [r7, #0]
10000aac:	8921      	ldrh	r1, [r4, #8]
10000aae:	8011      	strh	r1, [r2, #0]
10000ab0:	8123      	strh	r3, [r4, #8]
10000ab2:	0033      	movs	r3, r6
10000ab4:	e773      	b.n	1000099e <alarm_pool_irq_handler+0xfa>
10000ab6:	0017      	movs	r7, r2
10000ab8:	e7fb      	b.n	10000ab2 <alarm_pool_irq_handler+0x20e>
10000aba:	2218      	movs	r2, #24
10000abc:	434a      	muls	r2, r1
10000abe:	6963      	ldr	r3, [r4, #20]
10000ac0:	189b      	adds	r3, r3, r2
10000ac2:	689d      	ldr	r5, [r3, #8]
10000ac4:	68de      	ldr	r6, [r3, #12]
10000ac6:	1c6b      	adds	r3, r5, #1
10000ac8:	d101      	bne.n	10000ace <alarm_pool_irq_handler+0x22a>
10000aca:	1c73      	adds	r3, r6, #1
10000acc:	d010      	beq.n	10000af0 <alarm_pool_irq_handler+0x24c>
10000ace:	9b05      	ldr	r3, [sp, #20]
10000ad0:	4f0f      	ldr	r7, [pc, #60]	@ (10000b10 <alarm_pool_irq_handler+0x26c>)
10000ad2:	009b      	lsls	r3, r3, #2
10000ad4:	19db      	adds	r3, r3, r7
10000ad6:	6ab9      	ldr	r1, [r7, #40]	@ 0x28
10000ad8:	691a      	ldr	r2, [r3, #16]
10000ada:	1a68      	subs	r0, r5, r1
10000adc:	1a52      	subs	r2, r2, r1
10000ade:	4290      	cmp	r0, r2
10000ae0:	d305      	bcc.n	10000aee <alarm_pool_irq_handler+0x24a>
10000ae2:	2201      	movs	r2, #1
10000ae4:	9805      	ldr	r0, [sp, #20]
10000ae6:	6a39      	ldr	r1, [r7, #32]
10000ae8:	4082      	lsls	r2, r0
10000aea:	4211      	tst	r1, r2
10000aec:	d100      	bne.n	10000af0 <alarm_pool_irq_handler+0x24c>
10000aee:	611d      	str	r5, [r3, #16]
10000af0:	4807      	ldr	r0, [pc, #28]	@ (10000b10 <alarm_pool_irq_handler+0x26c>)
10000af2:	f000 f911 	bl	10000d18 <timer_time_us_64>
10000af6:	428e      	cmp	r6, r1
10000af8:	dd00      	ble.n	10000afc <alarm_pool_irq_handler+0x258>
10000afa:	e758      	b.n	100009ae <alarm_pool_irq_handler+0x10a>
10000afc:	d000      	beq.n	10000b00 <alarm_pool_irq_handler+0x25c>
10000afe:	e6e2      	b.n	100008c6 <alarm_pool_irq_handler+0x22>
10000b00:	4285      	cmp	r5, r0
10000b02:	d800      	bhi.n	10000b06 <alarm_pool_irq_handler+0x262>
10000b04:	e6df      	b.n	100008c6 <alarm_pool_irq_handler+0x22>
10000b06:	e752      	b.n	100009ae <alarm_pool_irq_handler+0x10a>
10000b08:	200003d0 	.word	0x200003d0
10000b0c:	4005703c 	.word	0x4005703c
10000b10:	40054000 	.word	0x40054000
10000b14:	100008a5 	.word	0x100008a5

10000b18 <alarm_pool_add_alarm_at_force_in_context>:
10000b18:	b5f0      	push	{r4, r5, r6, r7, lr}
10000b1a:	0001      	movs	r1, r0
10000b1c:	6904      	ldr	r4, [r0, #16]
10000b1e:	f3ef 8610 	mrs	r6, PRIMASK
10000b22:	b672      	cpsid	i
10000b24:	6820      	ldr	r0, [r4, #0]
10000b26:	2800      	cmp	r0, #0
10000b28:	d0fc      	beq.n	10000b24 <alarm_pool_add_alarm_at_force_in_context+0xc>
10000b2a:	f3bf 8f5f 	dmb	sy
10000b2e:	2002      	movs	r0, #2
10000b30:	5e0d      	ldrsh	r5, [r1, r0]
10000b32:	2018      	movs	r0, #24
10000b34:	4368      	muls	r0, r5
10000b36:	694c      	ldr	r4, [r1, #20]
10000b38:	1824      	adds	r4, r4, r0
10000b3a:	2d00      	cmp	r5, #0
10000b3c:	db01      	blt.n	10000b42 <alarm_pool_add_alarm_at_force_in_context+0x2a>
10000b3e:	8820      	ldrh	r0, [r4, #0]
10000b40:	8048      	strh	r0, [r1, #2]
10000b42:	6908      	ldr	r0, [r1, #16]
10000b44:	f3bf 8f5f 	dmb	sy
10000b48:	2700      	movs	r7, #0
10000b4a:	6007      	str	r7, [r0, #0]
10000b4c:	f386 8810 	msr	PRIMASK, r6
10000b50:	42bd      	cmp	r5, r7
10000b52:	db2c      	blt.n	10000bae <alarm_pool_add_alarm_at_force_in_context+0x96>
10000b54:	60e3      	str	r3, [r4, #12]
10000b56:	8863      	ldrh	r3, [r4, #2]
10000b58:	9805      	ldr	r0, [sp, #20]
10000b5a:	3301      	adds	r3, #1
10000b5c:	6120      	str	r0, [r4, #16]
10000b5e:	045b      	lsls	r3, r3, #17
10000b60:	9806      	ldr	r0, [sp, #24]
10000b62:	0c5b      	lsrs	r3, r3, #17
10000b64:	60a2      	str	r2, [r4, #8]
10000b66:	6160      	str	r0, [r4, #20]
10000b68:	1c1a      	adds	r2, r3, #0
10000b6a:	42bb      	cmp	r3, r7
10000b6c:	d100      	bne.n	10000b70 <alarm_pool_add_alarm_at_force_in_context+0x58>
10000b6e:	2201      	movs	r2, #1
10000b70:	b293      	uxth	r3, r2
10000b72:	0428      	lsls	r0, r5, #16
10000b74:	8062      	strh	r2, [r4, #2]
10000b76:	4318      	orrs	r0, r3
10000b78:	690e      	ldr	r6, [r1, #16]
10000b7a:	f3ef 8310 	mrs	r3, PRIMASK
10000b7e:	b672      	cpsid	i
10000b80:	6832      	ldr	r2, [r6, #0]
10000b82:	2a00      	cmp	r2, #0
10000b84:	d0fc      	beq.n	10000b80 <alarm_pool_add_alarm_at_force_in_context+0x68>
10000b86:	f3bf 8f5f 	dmb	sy
10000b8a:	888a      	ldrh	r2, [r1, #4]
10000b8c:	8022      	strh	r2, [r4, #0]
10000b8e:	808d      	strh	r5, [r1, #4]
10000b90:	690a      	ldr	r2, [r1, #16]
10000b92:	f3bf 8f5f 	dmb	sy
10000b96:	2400      	movs	r4, #0
10000b98:	6014      	str	r4, [r2, #0]
10000b9a:	f383 8810 	msr	PRIMASK, r3
10000b9e:	2201      	movs	r2, #1
10000ba0:	780b      	ldrb	r3, [r1, #0]
10000ba2:	409a      	lsls	r2, r3
10000ba4:	68cb      	ldr	r3, [r1, #12]
10000ba6:	4903      	ldr	r1, [pc, #12]	@ (10000bb4 <alarm_pool_add_alarm_at_force_in_context+0x9c>)
10000ba8:	185b      	adds	r3, r3, r1
10000baa:	601a      	str	r2, [r3, #0]
10000bac:	bdf0      	pop	{r4, r5, r6, r7, pc}
10000bae:	2001      	movs	r0, #1
10000bb0:	4240      	negs	r0, r0
10000bb2:	e7fb      	b.n	10000bac <alarm_pool_add_alarm_at_force_in_context+0x94>
10000bb4:	0000203c 	.word	0x0000203c

10000bb8 <alarm_pool_add_alarm_at>:
10000bb8:	b5f7      	push	{r0, r1, r2, r4, r5, r6, r7, lr}
10000bba:	001f      	movs	r7, r3
10000bbc:	ab0a      	add	r3, sp, #40	@ 0x28
10000bbe:	781c      	ldrb	r4, [r3, #0]
10000bc0:	0005      	movs	r5, r0
10000bc2:	0016      	movs	r6, r2
10000bc4:	2c00      	cmp	r4, #0
10000bc6:	d009      	beq.n	10000bdc <alarm_pool_add_alarm_at+0x24>
10000bc8:	9b09      	ldr	r3, [sp, #36]	@ 0x24
10000bca:	0032      	movs	r2, r6
10000bcc:	9301      	str	r3, [sp, #4]
10000bce:	9b08      	ldr	r3, [sp, #32]
10000bd0:	0028      	movs	r0, r5
10000bd2:	9300      	str	r3, [sp, #0]
10000bd4:	003b      	movs	r3, r7
10000bd6:	f7ff ff9f 	bl	10000b18 <alarm_pool_add_alarm_at_force_in_context>
10000bda:	bdfe      	pop	{r1, r2, r3, r4, r5, r6, r7, pc}
10000bdc:	f000 f8c8 	bl	10000d70 <time_us_64>
10000be0:	0032      	movs	r2, r6
10000be2:	003b      	movs	r3, r7
10000be4:	1a12      	subs	r2, r2, r0
10000be6:	418b      	sbcs	r3, r1
10000be8:	2b00      	cmp	r3, #0
10000bea:	daed      	bge.n	10000bc8 <alarm_pool_add_alarm_at+0x10>
10000bec:	0020      	movs	r0, r4
10000bee:	e7f4      	b.n	10000bda <alarm_pool_add_alarm_at+0x22>

10000bf0 <alarm_pool_cancel_alarm>:
10000bf0:	b570      	push	{r4, r5, r6, lr}
10000bf2:	0003      	movs	r3, r0
10000bf4:	8940      	ldrh	r0, [r0, #10]
10000bf6:	140a      	asrs	r2, r1, #16
10000bf8:	4290      	cmp	r0, r2
10000bfa:	dc01      	bgt.n	10000c00 <alarm_pool_cancel_alarm+0x10>
10000bfc:	2000      	movs	r0, #0
10000bfe:	bd70      	pop	{r4, r5, r6, pc}
10000c00:	2018      	movs	r0, #24
10000c02:	4350      	muls	r0, r2
10000c04:	695a      	ldr	r2, [r3, #20]
10000c06:	691c      	ldr	r4, [r3, #16]
10000c08:	1812      	adds	r2, r2, r0
10000c0a:	f3ef 8510 	mrs	r5, PRIMASK
10000c0e:	b672      	cpsid	i
10000c10:	6820      	ldr	r0, [r4, #0]
10000c12:	2800      	cmp	r0, #0
10000c14:	d0fc      	beq.n	10000c10 <alarm_pool_cancel_alarm+0x20>
10000c16:	f3bf 8f5f 	dmb	sy
10000c1a:	8856      	ldrh	r6, [r2, #2]
10000c1c:	b289      	uxth	r1, r1
10000c1e:	2000      	movs	r0, #0
10000c20:	b2b4      	uxth	r4, r6
10000c22:	428e      	cmp	r6, r1
10000c24:	d105      	bne.n	10000c32 <alarm_pool_cancel_alarm+0x42>
10000c26:	2180      	movs	r1, #128	@ 0x80
10000c28:	0209      	lsls	r1, r1, #8
10000c2a:	430c      	orrs	r4, r1
10000c2c:	8054      	strh	r4, [r2, #2]
10000c2e:	3001      	adds	r0, #1
10000c30:	7198      	strb	r0, [r3, #6]
10000c32:	691a      	ldr	r2, [r3, #16]
10000c34:	f3bf 8f5f 	dmb	sy
10000c38:	2100      	movs	r1, #0
10000c3a:	6011      	str	r1, [r2, #0]
10000c3c:	f385 8810 	msr	PRIMASK, r5
10000c40:	4288      	cmp	r0, r1
10000c42:	d0db      	beq.n	10000bfc <alarm_pool_cancel_alarm+0xc>
10000c44:	2201      	movs	r2, #1
10000c46:	7819      	ldrb	r1, [r3, #0]
10000c48:	68db      	ldr	r3, [r3, #12]
10000c4a:	408a      	lsls	r2, r1
10000c4c:	4901      	ldr	r1, [pc, #4]	@ (10000c54 <alarm_pool_cancel_alarm+0x64>)
10000c4e:	185b      	adds	r3, r3, r1
10000c50:	601a      	str	r2, [r3, #0]
10000c52:	e7d4      	b.n	10000bfe <alarm_pool_cancel_alarm+0xe>
10000c54:	0000203c 	.word	0x0000203c

10000c58 <best_effort_wfe_or_timeout>:
10000c58:	b5f0      	push	{r4, r5, r6, r7, lr}
10000c5a:	0006      	movs	r6, r0
10000c5c:	000f      	movs	r7, r1
10000c5e:	b089      	sub	sp, #36	@ 0x24
10000c60:	f3ef 8305 	mrs	r3, IPSR
10000c64:	2b00      	cmp	r3, #0
10000c66:	d005      	beq.n	10000c74 <best_effort_wfe_or_timeout+0x1c>
10000c68:	0030      	movs	r0, r6
10000c6a:	0039      	movs	r1, r7
10000c6c:	f7ff fe08 	bl	10000880 <time_reached>
10000c70:	b009      	add	sp, #36	@ 0x24
10000c72:	bdf0      	pop	{r4, r5, r6, r7, pc}
10000c74:	4d20      	ldr	r5, [pc, #128]	@ (10000cf8 <best_effort_wfe_or_timeout+0xa0>)
10000c76:	682b      	ldr	r3, [r5, #0]
10000c78:	4283      	cmp	r3, r0
10000c7a:	d104      	bne.n	10000c86 <best_effort_wfe_or_timeout+0x2e>
10000c7c:	686b      	ldr	r3, [r5, #4]
10000c7e:	428b      	cmp	r3, r1
10000c80:	d101      	bne.n	10000c86 <best_effort_wfe_or_timeout+0x2e>
10000c82:	bf20      	wfe
10000c84:	e7f0      	b.n	10000c68 <best_effort_wfe_or_timeout+0x10>
10000c86:	4b1d      	ldr	r3, [pc, #116]	@ (10000cfc <best_effort_wfe_or_timeout+0xa4>)
10000c88:	9306      	str	r3, [sp, #24]
10000c8a:	68db      	ldr	r3, [r3, #12]
10000c8c:	9307      	str	r3, [sp, #28]
10000c8e:	9b06      	ldr	r3, [sp, #24]
10000c90:	9807      	ldr	r0, [sp, #28]
10000c92:	781c      	ldrb	r4, [r3, #0]
10000c94:	f000 f840 	bl	10000d18 <timer_time_us_64>
10000c98:	3404      	adds	r4, #4
10000c9a:	9b07      	ldr	r3, [sp, #28]
10000c9c:	00a4      	lsls	r4, r4, #2
10000c9e:	58e4      	ldr	r4, [r4, r3]
10000ca0:	2300      	movs	r3, #0
10000ca2:	9004      	str	r0, [sp, #16]
10000ca4:	469c      	mov	ip, r3
10000ca6:	9105      	str	r1, [sp, #20]
10000ca8:	1a24      	subs	r4, r4, r0
10000caa:	0039      	movs	r1, r7
10000cac:	9a04      	ldr	r2, [sp, #16]
10000cae:	9b05      	ldr	r3, [sp, #20]
10000cb0:	0030      	movs	r0, r6
10000cb2:	1a80      	subs	r0, r0, r2
10000cb4:	4199      	sbcs	r1, r3
10000cb6:	4662      	mov	r2, ip
10000cb8:	428a      	cmp	r2, r1
10000cba:	dc02      	bgt.n	10000cc2 <best_effort_wfe_or_timeout+0x6a>
10000cbc:	d1e1      	bne.n	10000c82 <best_effort_wfe_or_timeout+0x2a>
10000cbe:	4284      	cmp	r4, r0
10000cc0:	d9df      	bls.n	10000c82 <best_effort_wfe_or_timeout+0x2a>
10000cc2:	4663      	mov	r3, ip
10000cc4:	9302      	str	r3, [sp, #8]
10000cc6:	9301      	str	r3, [sp, #4]
10000cc8:	4b0d      	ldr	r3, [pc, #52]	@ (10000d00 <best_effort_wfe_or_timeout+0xa8>)
10000cca:	0032      	movs	r2, r6
10000ccc:	9300      	str	r3, [sp, #0]
10000cce:	9806      	ldr	r0, [sp, #24]
10000cd0:	003b      	movs	r3, r7
10000cd2:	f7ff ff71 	bl	10000bb8 <alarm_pool_add_alarm_at>
10000cd6:	1e04      	subs	r4, r0, #0
10000cd8:	ddc6      	ble.n	10000c68 <best_effort_wfe_or_timeout+0x10>
10000cda:	0030      	movs	r0, r6
10000cdc:	0039      	movs	r1, r7
10000cde:	602e      	str	r6, [r5, #0]
10000ce0:	606f      	str	r7, [r5, #4]
10000ce2:	f7ff fdcd 	bl	10000880 <time_reached>
10000ce6:	2800      	cmp	r0, #0
10000ce8:	d100      	bne.n	10000cec <best_effort_wfe_or_timeout+0x94>
10000cea:	bf20      	wfe
10000cec:	0021      	movs	r1, r4
10000cee:	9806      	ldr	r0, [sp, #24]
10000cf0:	f7ff ff7e 	bl	10000bf0 <alarm_pool_cancel_alarm>
10000cf4:	e7b8      	b.n	10000c68 <best_effort_wfe_or_timeout+0x10>
10000cf6:	46c0      	nop			@ (mov r8, r8)
10000cf8:	200001d0 	.word	0x200001d0
10000cfc:	200001d8 	.word	0x200001d8
10000d00:	100007a1 	.word	0x100007a1

10000d04 <timer_hardware_alarm_claim>:
10000d04:	b510      	push	{r4, lr}
10000d06:	4a02      	ldr	r2, [pc, #8]	@ (10000d10 <timer_hardware_alarm_claim+0xc>)
10000d08:	4802      	ldr	r0, [pc, #8]	@ (10000d14 <timer_hardware_alarm_claim+0x10>)
10000d0a:	f7ff fc78 	bl	100005fe <hw_claim_or_assert>
10000d0e:	bd10      	pop	{r4, pc}
10000d10:	10001acc 	.word	0x10001acc
10000d14:	200005e8 	.word	0x200005e8

10000d18 <timer_time_us_64>:
10000d18:	0003      	movs	r3, r0
10000d1a:	6a41      	ldr	r1, [r0, #36]	@ 0x24
10000d1c:	000a      	movs	r2, r1
10000d1e:	6a98      	ldr	r0, [r3, #40]	@ 0x28
10000d20:	6a59      	ldr	r1, [r3, #36]	@ 0x24
10000d22:	428a      	cmp	r2, r1
10000d24:	d1fa      	bne.n	10000d1c <timer_time_us_64+0x4>
10000d26:	4770      	bx	lr

10000d28 <timer_busy_wait_until>:
10000d28:	6a41      	ldr	r1, [r0, #36]	@ 0x24
10000d2a:	4299      	cmp	r1, r3
10000d2c:	d3fc      	bcc.n	10000d28 <timer_busy_wait_until>
10000d2e:	4299      	cmp	r1, r3
10000d30:	d102      	bne.n	10000d38 <timer_busy_wait_until+0x10>
10000d32:	6a81      	ldr	r1, [r0, #40]	@ 0x28
10000d34:	4291      	cmp	r1, r2
10000d36:	d300      	bcc.n	10000d3a <timer_busy_wait_until+0x12>
10000d38:	4770      	bx	lr
10000d3a:	6a41      	ldr	r1, [r0, #36]	@ 0x24
10000d3c:	e7f7      	b.n	10000d2e <timer_busy_wait_until+0x6>

10000d3e <timer_busy_wait_us>:
10000d3e:	b5f7      	push	{r0, r1, r2, r4, r5, r6, r7, lr}
10000d40:	0014      	movs	r4, r2
10000d42:	001d      	movs	r5, r3
10000d44:	9001      	str	r0, [sp, #4]
10000d46:	f7ff ffe7 	bl	10000d18 <timer_time_us_64>
10000d4a:	0022      	movs	r2, r4
10000d4c:	0006      	movs	r6, r0
10000d4e:	000f      	movs	r7, r1
10000d50:	002b      	movs	r3, r5
10000d52:	1992      	adds	r2, r2, r6
10000d54:	417b      	adcs	r3, r7
10000d56:	4299      	cmp	r1, r3
10000d58:	d802      	bhi.n	10000d60 <timer_busy_wait_us+0x22>
10000d5a:	d104      	bne.n	10000d66 <timer_busy_wait_us+0x28>
10000d5c:	4290      	cmp	r0, r2
10000d5e:	d902      	bls.n	10000d66 <timer_busy_wait_us+0x28>
10000d60:	2201      	movs	r2, #1
10000d62:	4252      	negs	r2, r2
10000d64:	17d3      	asrs	r3, r2, #31
10000d66:	9801      	ldr	r0, [sp, #4]
10000d68:	f7ff ffde 	bl	10000d28 <timer_busy_wait_until>
10000d6c:	bdf7      	pop	{r0, r1, r2, r4, r5, r6, r7, pc}
	...

10000d70 <time_us_64>:
10000d70:	b510      	push	{r4, lr}
10000d72:	4802      	ldr	r0, [pc, #8]	@ (10000d7c <time_us_64+0xc>)
10000d74:	f7ff ffd0 	bl	10000d18 <timer_time_us_64>
10000d78:	bd10      	pop	{r4, pc}
10000d7a:	46c0      	nop			@ (mov r8, r8)
10000d7c:	40054000 	.word	0x40054000

10000d80 <busy_wait_us>:
10000d80:	b510      	push	{r4, lr}
10000d82:	0002      	movs	r2, r0
10000d84:	000b      	movs	r3, r1
10000d86:	4802      	ldr	r0, [pc, #8]	@ (10000d90 <busy_wait_us+0x10>)
10000d88:	f7ff ffd9 	bl	10000d3e <timer_busy_wait_us>
10000d8c:	bd10      	pop	{r4, pc}
10000d8e:	46c0      	nop			@ (mov r8, r8)
10000d90:	40054000 	.word	0x40054000

10000d94 <timer_busy_wait_us_32>:
10000d94:	0003      	movs	r3, r0
10000d96:	b510      	push	{r4, lr}
10000d98:	1e08      	subs	r0, r1, #0
10000d9a:	db05      	blt.n	10000da8 <timer_busy_wait_us_32+0x14>
10000d9c:	6a99      	ldr	r1, [r3, #40]	@ 0x28
10000d9e:	6a9a      	ldr	r2, [r3, #40]	@ 0x28
10000da0:	1a52      	subs	r2, r2, r1
10000da2:	4282      	cmp	r2, r0
10000da4:	d3fb      	bcc.n	10000d9e <timer_busy_wait_us_32+0xa>
10000da6:	bd10      	pop	{r4, pc}
10000da8:	2100      	movs	r1, #0
10000daa:	f7ff ffe9 	bl	10000d80 <busy_wait_us>
10000dae:	e7fa      	b.n	10000da6 <timer_busy_wait_us_32+0x12>

10000db0 <busy_wait_us_32>:
10000db0:	b510      	push	{r4, lr}
10000db2:	0001      	movs	r1, r0
10000db4:	4801      	ldr	r0, [pc, #4]	@ (10000dbc <busy_wait_us_32+0xc>)
10000db6:	f7ff ffed 	bl	10000d94 <timer_busy_wait_us_32>
10000dba:	bd10      	pop	{r4, pc}
10000dbc:	40054000 	.word	0x40054000

10000dc0 <clock_configure_internal>:
10000dc0:	b5f7      	push	{r0, r1, r2, r4, r5, r6, r7, lr}
10000dc2:	240c      	movs	r4, #12
10000dc4:	4344      	muls	r4, r0
10000dc6:	9301      	str	r3, [sp, #4]
10000dc8:	4b25      	ldr	r3, [pc, #148]	@ (10000e60 <clock_configure_internal+0xa0>)
10000dca:	9200      	str	r2, [sp, #0]
10000dcc:	18e4      	adds	r4, r4, r3
10000dce:	6863      	ldr	r3, [r4, #4]
10000dd0:	9a08      	ldr	r2, [sp, #32]
10000dd2:	0005      	movs	r5, r0
10000dd4:	000e      	movs	r6, r1
10000dd6:	4293      	cmp	r3, r2
10000dd8:	d200      	bcs.n	10000ddc <clock_configure_internal+0x1c>
10000dda:	6062      	str	r2, [r4, #4]
10000ddc:	23c0      	movs	r3, #192	@ 0xc0
10000dde:	1f2f      	subs	r7, r5, #4
10000de0:	019b      	lsls	r3, r3, #6
10000de2:	b2ff      	uxtb	r7, r7
10000de4:	18e3      	adds	r3, r4, r3
10000de6:	2f01      	cmp	r7, #1
10000de8:	d829      	bhi.n	10000e3e <clock_configure_internal+0x7e>
10000dea:	2e01      	cmp	r6, #1
10000dec:	d127      	bne.n	10000e3e <clock_configure_internal+0x7e>
10000dee:	2203      	movs	r2, #3
10000df0:	601a      	str	r2, [r3, #0]
10000df2:	68a3      	ldr	r3, [r4, #8]
10000df4:	4233      	tst	r3, r6
10000df6:	d0fc      	beq.n	10000df2 <clock_configure_internal+0x32>
10000df8:	9b00      	ldr	r3, [sp, #0]
10000dfa:	6822      	ldr	r2, [r4, #0]
10000dfc:	015b      	lsls	r3, r3, #5
10000dfe:	4053      	eors	r3, r2
10000e00:	22e0      	movs	r2, #224	@ 0xe0
10000e02:	4013      	ands	r3, r2
10000e04:	2280      	movs	r2, #128	@ 0x80
10000e06:	0152      	lsls	r2, r2, #5
10000e08:	18a2      	adds	r2, r4, r2
10000e0a:	6013      	str	r3, [r2, #0]
10000e0c:	2f01      	cmp	r7, #1
10000e0e:	d809      	bhi.n	10000e24 <clock_configure_internal+0x64>
10000e10:	2103      	movs	r1, #3
10000e12:	6823      	ldr	r3, [r4, #0]
10000e14:	4073      	eors	r3, r6
10000e16:	400b      	ands	r3, r1
10000e18:	6013      	str	r3, [r2, #0]
10000e1a:	2301      	movs	r3, #1
10000e1c:	40b3      	lsls	r3, r6
10000e1e:	68a2      	ldr	r2, [r4, #8]
10000e20:	4213      	tst	r3, r2
10000e22:	d0fc      	beq.n	10000e1e <clock_configure_internal+0x5e>
10000e24:	2380      	movs	r3, #128	@ 0x80
10000e26:	2280      	movs	r2, #128	@ 0x80
10000e28:	019b      	lsls	r3, r3, #6
10000e2a:	18e3      	adds	r3, r4, r3
10000e2c:	0112      	lsls	r2, r2, #4
10000e2e:	601a      	str	r2, [r3, #0]
10000e30:	9b08      	ldr	r3, [sp, #32]
10000e32:	9a01      	ldr	r2, [sp, #4]
10000e34:	6063      	str	r3, [r4, #4]
10000e36:	4b0b      	ldr	r3, [pc, #44]	@ (10000e64 <clock_configure_internal+0xa4>)
10000e38:	00ad      	lsls	r5, r5, #2
10000e3a:	50ea      	str	r2, [r5, r3]
10000e3c:	bdf7      	pop	{r0, r1, r2, r4, r5, r6, r7, pc}
10000e3e:	2280      	movs	r2, #128	@ 0x80
10000e40:	0112      	lsls	r2, r2, #4
10000e42:	601a      	str	r2, [r3, #0]
10000e44:	4b07      	ldr	r3, [pc, #28]	@ (10000e64 <clock_configure_internal+0xa4>)
10000e46:	00aa      	lsls	r2, r5, #2
10000e48:	58d1      	ldr	r1, [r2, r3]
10000e4a:	2900      	cmp	r1, #0
10000e4c:	d0d4      	beq.n	10000df8 <clock_configure_internal+0x38>
10000e4e:	6958      	ldr	r0, [r3, #20]
10000e50:	f000 f9ea 	bl	10001228 <__wrap___aeabi_uidiv>
10000e54:	1c43      	adds	r3, r0, #1
10000e56:	2003      	movs	r0, #3
10000e58:	4358      	muls	r0, r3
10000e5a:	3803      	subs	r0, #3
10000e5c:	d2fd      	bcs.n	10000e5a <clock_configure_internal+0x9a>
10000e5e:	e7cb      	b.n	10000df8 <clock_configure_internal+0x38>
10000e60:	40008000 	.word	0x40008000
10000e64:	20000398 	.word	0x20000398

10000e68 <clock_configure_int_divider>:
10000e68:	b5f7      	push	{r0, r1, r2, r4, r5, r6, r7, lr}
10000e6a:	0005      	movs	r5, r0
10000e6c:	000e      	movs	r6, r1
10000e6e:	0018      	movs	r0, r3
10000e70:	9908      	ldr	r1, [sp, #32]
10000e72:	0017      	movs	r7, r2
10000e74:	f000 f9d8 	bl	10001228 <__wrap___aeabi_uidiv>
10000e78:	9a08      	ldr	r2, [sp, #32]
10000e7a:	0003      	movs	r3, r0
10000e7c:	0214      	lsls	r4, r2, #8
10000e7e:	0031      	movs	r1, r6
10000e80:	003a      	movs	r2, r7
10000e82:	0028      	movs	r0, r5
10000e84:	9400      	str	r4, [sp, #0]
10000e86:	f7ff ff9b 	bl	10000dc0 <clock_configure_internal>
10000e8a:	bdf7      	pop	{r0, r1, r2, r4, r5, r6, r7, pc}

10000e8c <clock_configure_undivided>:
10000e8c:	b513      	push	{r0, r1, r4, lr}
10000e8e:	2480      	movs	r4, #128	@ 0x80
10000e90:	0064      	lsls	r4, r4, #1
10000e92:	9400      	str	r4, [sp, #0]
10000e94:	f7ff ff94 	bl	10000dc0 <clock_configure_internal>
10000e98:	bd13      	pop	{r0, r1, r4, pc}
	...

10000e9c <clock_get_hz>:
10000e9c:	4b01      	ldr	r3, [pc, #4]	@ (10000ea4 <clock_get_hz+0x8>)
10000e9e:	0080      	lsls	r0, r0, #2
10000ea0:	58c0      	ldr	r0, [r0, r3]
10000ea2:	4770      	bx	lr
10000ea4:	20000398 	.word	0x20000398

10000ea8 <pll_init>:
10000ea8:	b5f8      	push	{r3, r4, r5, r6, r7, lr}
10000eaa:	0004      	movs	r4, r0
10000eac:	481f      	ldr	r0, [pc, #124]	@ (10000f2c <pll_init+0x84>)
10000eae:	0017      	movs	r7, r2
10000eb0:	001e      	movs	r6, r3
10000eb2:	000d      	movs	r5, r1
10000eb4:	f000 f9b8 	bl	10001228 <__wrap___aeabi_uidiv>
10000eb8:	0001      	movs	r1, r0
10000eba:	0038      	movs	r0, r7
10000ebc:	f000 f9b4 	bl	10001228 <__wrap___aeabi_uidiv>
10000ec0:	9a06      	ldr	r2, [sp, #24]
10000ec2:	0433      	lsls	r3, r6, #16
10000ec4:	0312      	lsls	r2, r2, #12
10000ec6:	4313      	orrs	r3, r2
10000ec8:	6822      	ldr	r2, [r4, #0]
10000eca:	2a00      	cmp	r2, #0
10000ecc:	da0f      	bge.n	10000eee <pll_init+0x46>
10000ece:	213f      	movs	r1, #63	@ 0x3f
10000ed0:	6822      	ldr	r2, [r4, #0]
10000ed2:	400a      	ands	r2, r1
10000ed4:	42aa      	cmp	r2, r5
10000ed6:	d10a      	bne.n	10000eee <pll_init+0x46>
10000ed8:	68a2      	ldr	r2, [r4, #8]
10000eda:	0512      	lsls	r2, r2, #20
10000edc:	0d12      	lsrs	r2, r2, #20
10000ede:	4282      	cmp	r2, r0
10000ee0:	d105      	bne.n	10000eee <pll_init+0x46>
10000ee2:	21ee      	movs	r1, #238	@ 0xee
10000ee4:	68e2      	ldr	r2, [r4, #12]
10000ee6:	02c9      	lsls	r1, r1, #11
10000ee8:	400a      	ands	r2, r1
10000eea:	429a      	cmp	r2, r3
10000eec:	d01c      	beq.n	10000f28 <pll_init+0x80>
10000eee:	4a10      	ldr	r2, [pc, #64]	@ (10000f30 <pll_init+0x88>)
10000ef0:	4e10      	ldr	r6, [pc, #64]	@ (10000f34 <pll_init+0x8c>)
10000ef2:	18a1      	adds	r1, r4, r2
10000ef4:	424a      	negs	r2, r1
10000ef6:	4151      	adcs	r1, r2
10000ef8:	2201      	movs	r2, #1
10000efa:	310c      	adds	r1, #12
10000efc:	408a      	lsls	r2, r1
10000efe:	490e      	ldr	r1, [pc, #56]	@ (10000f38 <pll_init+0x90>)
10000f00:	600a      	str	r2, [r1, #0]
10000f02:	490e      	ldr	r1, [pc, #56]	@ (10000f3c <pll_init+0x94>)
10000f04:	600a      	str	r2, [r1, #0]
10000f06:	0017      	movs	r7, r2
10000f08:	6831      	ldr	r1, [r6, #0]
10000f0a:	438f      	bics	r7, r1
10000f0c:	1e39      	subs	r1, r7, #0
10000f0e:	d1fa      	bne.n	10000f06 <pll_init+0x5e>
10000f10:	4a0b      	ldr	r2, [pc, #44]	@ (10000f40 <pll_init+0x98>)
10000f12:	3121      	adds	r1, #33	@ 0x21
10000f14:	18a2      	adds	r2, r4, r2
10000f16:	6025      	str	r5, [r4, #0]
10000f18:	60a0      	str	r0, [r4, #8]
10000f1a:	6011      	str	r1, [r2, #0]
10000f1c:	6821      	ldr	r1, [r4, #0]
10000f1e:	2900      	cmp	r1, #0
10000f20:	dafc      	bge.n	10000f1c <pll_init+0x74>
10000f22:	60e3      	str	r3, [r4, #12]
10000f24:	2308      	movs	r3, #8
10000f26:	6013      	str	r3, [r2, #0]
10000f28:	bdf8      	pop	{r3, r4, r5, r6, r7, pc}
10000f2a:	46c0      	nop			@ (mov r8, r8)
10000f2c:	00b71b00 	.word	0x00b71b00
10000f30:	bffd4000 	.word	0xbffd4000
10000f34:	4000c008 	.word	0x4000c008
10000f38:	4000e000 	.word	0x4000e000
10000f3c:	4000f000 	.word	0x4000f000
10000f40:	00003004 	.word	0x00003004

10000f44 <watchdog_update>:
10000f44:	4b02      	ldr	r3, [pc, #8]	@ (10000f50 <watchdog_update+0xc>)
10000f46:	681a      	ldr	r2, [r3, #0]
10000f48:	4b02      	ldr	r3, [pc, #8]	@ (10000f54 <watchdog_update+0x10>)
10000f4a:	605a      	str	r2, [r3, #4]
10000f4c:	4770      	bx	lr
10000f4e:	46c0      	nop			@ (mov r8, r8)
10000f50:	200003cc 	.word	0x200003cc
10000f54:	40058000 	.word	0x40058000

10000f58 <_watchdog_enable>:
10000f58:	0003      	movs	r3, r0
10000f5a:	2080      	movs	r0, #128	@ 0x80
10000f5c:	4a11      	ldr	r2, [pc, #68]	@ (10000fa4 <_watchdog_enable+0x4c>)
10000f5e:	05c0      	lsls	r0, r0, #23
10000f60:	b510      	push	{r4, lr}
10000f62:	4c11      	ldr	r4, [pc, #68]	@ (10000fa8 <_watchdog_enable+0x50>)
10000f64:	6010      	str	r0, [r2, #0]
10000f66:	4811      	ldr	r0, [pc, #68]	@ (10000fac <_watchdog_enable+0x54>)
10000f68:	6004      	str	r4, [r0, #0]
10000f6a:	20e0      	movs	r0, #224	@ 0xe0
10000f6c:	4c10      	ldr	r4, [pc, #64]	@ (10000fb0 <_watchdog_enable+0x58>)
10000f6e:	04c0      	lsls	r0, r0, #19
10000f70:	2900      	cmp	r1, #0
10000f72:	d006      	beq.n	10000f82 <_watchdog_enable+0x2a>
10000f74:	6020      	str	r0, [r4, #0]
10000f76:	2b00      	cmp	r3, #0
10000f78:	d105      	bne.n	10000f86 <_watchdog_enable+0x2e>
10000f7a:	2380      	movs	r3, #128	@ 0x80
10000f7c:	061b      	lsls	r3, r3, #24
10000f7e:	6023      	str	r3, [r4, #0]
10000f80:	bd10      	pop	{r4, pc}
10000f82:	6010      	str	r0, [r2, #0]
10000f84:	e7f7      	b.n	10000f76 <_watchdog_enable+0x1e>
10000f86:	20fa      	movs	r0, #250	@ 0xfa
10000f88:	00c0      	lsls	r0, r0, #3
10000f8a:	4358      	muls	r0, r3
10000f8c:	2380      	movs	r3, #128	@ 0x80
10000f8e:	4a09      	ldr	r2, [pc, #36]	@ (10000fb4 <_watchdog_enable+0x5c>)
10000f90:	045b      	lsls	r3, r3, #17
10000f92:	4298      	cmp	r0, r3
10000f94:	d300      	bcc.n	10000f98 <_watchdog_enable+0x40>
10000f96:	4808      	ldr	r0, [pc, #32]	@ (10000fb8 <_watchdog_enable+0x60>)
10000f98:	6010      	str	r0, [r2, #0]
10000f9a:	f7ff ffd3 	bl	10000f44 <watchdog_update>
10000f9e:	2380      	movs	r3, #128	@ 0x80
10000fa0:	05db      	lsls	r3, r3, #23
10000fa2:	e7ec      	b.n	10000f7e <_watchdog_enable+0x26>
10000fa4:	4005b000 	.word	0x4005b000
10000fa8:	0001fffc 	.word	0x0001fffc
10000fac:	40012008 	.word	0x40012008
10000fb0:	4005a000 	.word	0x4005a000
10000fb4:	200003cc 	.word	0x200003cc
10000fb8:	00ffffff 	.word	0x00ffffff

10000fbc <watchdog_enable>:
10000fbc:	b510      	push	{r4, lr}
10000fbe:	4b03      	ldr	r3, [pc, #12]	@ (10000fcc <watchdog_enable+0x10>)
10000fc0:	4a03      	ldr	r2, [pc, #12]	@ (10000fd0 <watchdog_enable+0x14>)
10000fc2:	61da      	str	r2, [r3, #28]
10000fc4:	f7ff ffc8 	bl	10000f58 <_watchdog_enable>
10000fc8:	bd10      	pop	{r4, pc}
10000fca:	46c0      	nop			@ (mov r8, r8)
10000fcc:	40058000 	.word	0x40058000
10000fd0:	6ab73121 	.word	0x6ab73121

10000fd4 <tick_start>:
10000fd4:	2380      	movs	r3, #128	@ 0x80
10000fd6:	4a02      	ldr	r2, [pc, #8]	@ (10000fe0 <tick_start+0xc>)
10000fd8:	009b      	lsls	r3, r3, #2
10000fda:	430b      	orrs	r3, r1
10000fdc:	62d3      	str	r3, [r2, #44]	@ 0x2c
10000fde:	4770      	bx	lr
10000fe0:	40058000 	.word	0x40058000

10000fe4 <rom_func_lookup>:
10000fe4:	2314      	movs	r3, #20
10000fe6:	b510      	push	{r4, lr}
10000fe8:	0001      	movs	r1, r0
10000fea:	8818      	ldrh	r0, [r3, #0]
10000fec:	3304      	adds	r3, #4
10000fee:	881b      	ldrh	r3, [r3, #0]
10000ff0:	4798      	blx	r3
10000ff2:	bd10      	pop	{r4, pc}

10000ff4 <rom_data_lookup>:
10000ff4:	2316      	movs	r3, #22
10000ff6:	b510      	push	{r4, lr}
10000ff8:	0001      	movs	r1, r0
10000ffa:	8818      	ldrh	r0, [r3, #0]
10000ffc:	3302      	adds	r3, #2
10000ffe:	881b      	ldrh	r3, [r3, #0]
10001000:	4798      	blx	r3
10001002:	bd10      	pop	{r4, pc}

10001004 <rom_funcs_lookup>:
10001004:	b5f8      	push	{r3, r4, r5, r6, r7, lr}
10001006:	000e      	movs	r6, r1
10001008:	0004      	movs	r4, r0
1000100a:	2700      	movs	r7, #0
1000100c:	2501      	movs	r5, #1
1000100e:	42b7      	cmp	r7, r6
10001010:	d101      	bne.n	10001016 <rom_funcs_lookup+0x12>
10001012:	0028      	movs	r0, r5
10001014:	bdf8      	pop	{r3, r4, r5, r6, r7, pc}
10001016:	6820      	ldr	r0, [r4, #0]
10001018:	f7ff ffe4 	bl	10000fe4 <rom_func_lookup>
1000101c:	c401      	stmia	r4!, {r0}
1000101e:	1e43      	subs	r3, r0, #1
10001020:	4198      	sbcs	r0, r3
10001022:	3701      	adds	r7, #1
10001024:	4005      	ands	r5, r0
10001026:	e7f2      	b.n	1000100e <rom_funcs_lookup+0xa>

10001028 <xosc_init>:
10001028:	22aa      	movs	r2, #170	@ 0xaa
1000102a:	4b06      	ldr	r3, [pc, #24]	@ (10001044 <xosc_init+0x1c>)
1000102c:	0112      	lsls	r2, r2, #4
1000102e:	601a      	str	r2, [r3, #0]
10001030:	228d      	movs	r2, #141	@ 0x8d
10001032:	0052      	lsls	r2, r2, #1
10001034:	60da      	str	r2, [r3, #12]
10001036:	4904      	ldr	r1, [pc, #16]	@ (10001048 <xosc_init+0x20>)
10001038:	4a04      	ldr	r2, [pc, #16]	@ (1000104c <xosc_init+0x24>)
1000103a:	6011      	str	r1, [r2, #0]
1000103c:	685a      	ldr	r2, [r3, #4]
1000103e:	2a00      	cmp	r2, #0
10001040:	dafc      	bge.n	1000103c <xosc_init+0x14>
10001042:	4770      	bx	lr
10001044:	40024000 	.word	0x40024000
10001048:	00fab000 	.word	0x00fab000
1000104c:	40026000 	.word	0x40026000

10001050 <first_per_core_initializer>:
10001050:	4770      	bx	lr
	...

10001054 <hard_assertion_failure>:
10001054:	b510      	push	{r4, lr}
10001056:	4801      	ldr	r0, [pc, #4]	@ (1000105c <hard_assertion_failure+0x8>)
10001058:	f7ff fa98 	bl	1000058c <panic>
1000105c:	10001aee 	.word	0x10001aee

10001060 <runtime_run_initializers>:
10001060:	b510      	push	{r4, lr}
10001062:	4c04      	ldr	r4, [pc, #16]	@ (10001074 <runtime_run_initializers+0x14>)
10001064:	4b04      	ldr	r3, [pc, #16]	@ (10001078 <runtime_run_initializers+0x18>)
10001066:	429c      	cmp	r4, r3
10001068:	d300      	bcc.n	1000106c <runtime_run_initializers+0xc>
1000106a:	bd10      	pop	{r4, pc}
1000106c:	cc08      	ldmia	r4!, {r3}
1000106e:	4798      	blx	r3
10001070:	e7f8      	b.n	10001064 <runtime_run_initializers+0x4>
10001072:	46c0      	nop			@ (mov r8, r8)
10001074:	10001a80 	.word	0x10001a80
10001078:	10001abc 	.word	0x10001abc

1000107c <runtime_init_early_resets>:
1000107c:	4b05      	ldr	r3, [pc, #20]	@ (10001094 <runtime_init_early_resets+0x18>)
1000107e:	4a06      	ldr	r2, [pc, #24]	@ (10001098 <runtime_init_early_resets+0x1c>)
10001080:	4906      	ldr	r1, [pc, #24]	@ (1000109c <runtime_init_early_resets+0x20>)
10001082:	601a      	str	r2, [r3, #0]
10001084:	4b06      	ldr	r3, [pc, #24]	@ (100010a0 <runtime_init_early_resets+0x24>)
10001086:	4a07      	ldr	r2, [pc, #28]	@ (100010a4 <runtime_init_early_resets+0x28>)
10001088:	6013      	str	r3, [r2, #0]
1000108a:	0018      	movs	r0, r3
1000108c:	680a      	ldr	r2, [r1, #0]
1000108e:	4390      	bics	r0, r2
10001090:	d1fb      	bne.n	1000108a <runtime_init_early_resets+0xe>
10001092:	4770      	bx	lr
10001094:	4000e000 	.word	0x4000e000
10001098:	fefbcdbf 	.word	0xfefbcdbf
1000109c:	4000c008 	.word	0x4000c008
100010a0:	003c7ffe 	.word	0x003c7ffe
100010a4:	4000f000 	.word	0x4000f000

100010a8 <runtime_init_usb_power_down>:
100010a8:	4b04      	ldr	r3, [pc, #16]	@ (100010bc <runtime_init_usb_power_down+0x14>)
100010aa:	6cdb      	ldr	r3, [r3, #76]	@ 0x4c
100010ac:	2b00      	cmp	r3, #0
100010ae:	d103      	bne.n	100010b8 <runtime_init_usb_power_down+0x10>
100010b0:	2280      	movs	r2, #128	@ 0x80
100010b2:	4b03      	ldr	r3, [pc, #12]	@ (100010c0 <runtime_init_usb_power_down+0x18>)
100010b4:	02d2      	lsls	r2, r2, #11
100010b6:	601a      	str	r2, [r3, #0]
100010b8:	4770      	bx	lr
100010ba:	46c0      	nop			@ (mov r8, r8)
100010bc:	50110000 	.word	0x50110000
100010c0:	5011204c 	.word	0x5011204c

100010c4 <runtime_init_post_clock_resets>:
100010c4:	4a04      	ldr	r2, [pc, #16]	@ (100010d8 <runtime_init_post_clock_resets+0x14>)
100010c6:	4b05      	ldr	r3, [pc, #20]	@ (100010dc <runtime_init_post_clock_resets+0x18>)
100010c8:	601a      	str	r2, [r3, #0]
100010ca:	4a05      	ldr	r2, [pc, #20]	@ (100010e0 <runtime_init_post_clock_resets+0x1c>)
100010cc:	6813      	ldr	r3, [r2, #0]
100010ce:	01db      	lsls	r3, r3, #7
100010d0:	3380      	adds	r3, #128	@ 0x80
100010d2:	d1fb      	bne.n	100010cc <runtime_init_post_clock_resets+0x8>
100010d4:	4770      	bx	lr
100010d6:	46c0      	nop			@ (mov r8, r8)
100010d8:	01ffffff 	.word	0x01ffffff
100010dc:	4000f000 	.word	0x4000f000
100010e0:	4000c008 	.word	0x4000c008

100010e4 <runtime_init_rp2040_gpio_ie_disable>:
100010e4:	2240      	movs	r2, #64	@ 0x40
100010e6:	4b03      	ldr	r3, [pc, #12]	@ (100010f4 <runtime_init_rp2040_gpio_ie_disable+0x10>)
100010e8:	679a      	str	r2, [r3, #120]	@ 0x78
100010ea:	675a      	str	r2, [r3, #116]	@ 0x74
100010ec:	671a      	str	r2, [r3, #112]	@ 0x70
100010ee:	66da      	str	r2, [r3, #108]	@ 0x6c
100010f0:	4770      	bx	lr
100010f2:	46c0      	nop			@ (mov r8, r8)
100010f4:	4001f000 	.word	0x4001f000

100010f8 <runtime_init_spin_locks_reset>:
100010f8:	b510      	push	{r4, lr}
100010fa:	f7ff faa9 	bl	10000650 <spin_locks_reset>
100010fe:	bd10      	pop	{r4, pc}

10001100 <runtime_init_install_ram_vector_table>:
10001100:	b570      	push	{r4, r5, r6, lr}
10001102:	490b      	ldr	r1, [pc, #44]	@ (10001130 <runtime_init_install_ram_vector_table+0x30>)
10001104:	4c0b      	ldr	r4, [pc, #44]	@ (10001134 <runtime_init_install_ram_vector_table+0x34>)
10001106:	4d0c      	ldr	r5, [pc, #48]	@ (10001138 <runtime_init_install_ram_vector_table+0x38>)
10001108:	1a64      	subs	r4, r4, r1
1000110a:	08a4      	lsrs	r4, r4, #2
1000110c:	0022      	movs	r2, r4
1000110e:	2c30      	cmp	r4, #48	@ 0x30
10001110:	d900      	bls.n	10001114 <runtime_init_install_ram_vector_table+0x14>
10001112:	2230      	movs	r2, #48	@ 0x30
10001114:	0028      	movs	r0, r5
10001116:	0092      	lsls	r2, r2, #2
10001118:	f000 fb58 	bl	100017cc <__wrap___aeabi_memcpy>
1000111c:	4b07      	ldr	r3, [pc, #28]	@ (1000113c <runtime_init_install_ram_vector_table+0x3c>)
1000111e:	2c2f      	cmp	r4, #47	@ 0x2f
10001120:	d902      	bls.n	10001128 <runtime_init_install_ram_vector_table+0x28>
10001122:	4b07      	ldr	r3, [pc, #28]	@ (10001140 <runtime_init_install_ram_vector_table+0x40>)
10001124:	609d      	str	r5, [r3, #8]
10001126:	bd70      	pop	{r4, r5, r6, pc}
10001128:	00a2      	lsls	r2, r4, #2
1000112a:	50ab      	str	r3, [r5, r2]
1000112c:	3401      	adds	r4, #1
1000112e:	e7f6      	b.n	1000111e <runtime_init_install_ram_vector_table+0x1e>
10001130:	10000100 	.word	0x10000100
10001134:	100001c0 	.word	0x100001c0
10001138:	20000000 	.word	0x20000000
1000113c:	100001c1 	.word	0x100001c1
10001140:	e000ed00 	.word	0xe000ed00

10001144 <runtime_init_clocks>:
10001144:	2300      	movs	r3, #0
10001146:	b573      	push	{r0, r1, r4, r5, r6, lr}
10001148:	4d28      	ldr	r5, [pc, #160]	@ (100011ec <runtime_init_clocks+0xa8>)
1000114a:	67ab      	str	r3, [r5, #120]	@ 0x78
1000114c:	f7ff ff6c 	bl	10001028 <xosc_init>
10001150:	2201      	movs	r2, #1
10001152:	4b27      	ldr	r3, [pc, #156]	@ (100011f0 <runtime_init_clocks+0xac>)
10001154:	601a      	str	r2, [r3, #0]
10001156:	6c6b      	ldr	r3, [r5, #68]	@ 0x44
10001158:	2b01      	cmp	r3, #1
1000115a:	d1fc      	bne.n	10001156 <runtime_init_clocks+0x12>
1000115c:	2203      	movs	r2, #3
1000115e:	4b25      	ldr	r3, [pc, #148]	@ (100011f4 <runtime_init_clocks+0xb0>)
10001160:	601a      	str	r2, [r3, #0]
10001162:	6bac      	ldr	r4, [r5, #56]	@ 0x38
10001164:	2c01      	cmp	r4, #1
10001166:	d1fc      	bne.n	10001162 <runtime_init_clocks+0x1e>
10001168:	2602      	movs	r6, #2
1000116a:	2505      	movs	r5, #5
1000116c:	0021      	movs	r1, r4
1000116e:	9600      	str	r6, [sp, #0]
10001170:	2306      	movs	r3, #6
10001172:	4a21      	ldr	r2, [pc, #132]	@ (100011f8 <runtime_init_clocks+0xb4>)
10001174:	4821      	ldr	r0, [pc, #132]	@ (100011fc <runtime_init_clocks+0xb8>)
10001176:	f7ff fe97 	bl	10000ea8 <pll_init>
1000117a:	002b      	movs	r3, r5
1000117c:	0021      	movs	r1, r4
1000117e:	9500      	str	r5, [sp, #0]
10001180:	4a1f      	ldr	r2, [pc, #124]	@ (10001200 <runtime_init_clocks+0xbc>)
10001182:	4820      	ldr	r0, [pc, #128]	@ (10001204 <runtime_init_clocks+0xc0>)
10001184:	f7ff fe90 	bl	10000ea8 <pll_init>
10001188:	0031      	movs	r1, r6
1000118a:	2200      	movs	r2, #0
1000118c:	2004      	movs	r0, #4
1000118e:	4b1e      	ldr	r3, [pc, #120]	@ (10001208 <runtime_init_clocks+0xc4>)
10001190:	f7ff fe7c 	bl	10000e8c <clock_configure_undivided>
10001194:	0028      	movs	r0, r5
10001196:	0021      	movs	r1, r4
10001198:	2200      	movs	r2, #0
1000119a:	4b1c      	ldr	r3, [pc, #112]	@ (1000120c <runtime_init_clocks+0xc8>)
1000119c:	f7ff fe76 	bl	10000e8c <clock_configure_undivided>
100011a0:	2200      	movs	r2, #0
100011a2:	2007      	movs	r0, #7
100011a4:	0011      	movs	r1, r2
100011a6:	4b1a      	ldr	r3, [pc, #104]	@ (10001210 <runtime_init_clocks+0xcc>)
100011a8:	f7ff fe70 	bl	10000e8c <clock_configure_undivided>
100011ac:	2200      	movs	r2, #0
100011ae:	2008      	movs	r0, #8
100011b0:	0011      	movs	r1, r2
100011b2:	4b17      	ldr	r3, [pc, #92]	@ (10001210 <runtime_init_clocks+0xcc>)
100011b4:	f7ff fe6a 	bl	10000e8c <clock_configure_undivided>
100011b8:	2380      	movs	r3, #128	@ 0x80
100011ba:	2200      	movs	r2, #0
100011bc:	00db      	lsls	r3, r3, #3
100011be:	0011      	movs	r1, r2
100011c0:	9300      	str	r3, [sp, #0]
100011c2:	2009      	movs	r0, #9
100011c4:	4b12      	ldr	r3, [pc, #72]	@ (10001210 <runtime_init_clocks+0xcc>)
100011c6:	f7ff fe4f 	bl	10000e68 <clock_configure_int_divider>
100011ca:	2200      	movs	r2, #0
100011cc:	4b0f      	ldr	r3, [pc, #60]	@ (1000120c <runtime_init_clocks+0xc8>)
100011ce:	0011      	movs	r1, r2
100011d0:	2006      	movs	r0, #6
100011d2:	f7ff fe5b 	bl	10000e8c <clock_configure_undivided>
100011d6:	2004      	movs	r0, #4
100011d8:	f7ff fe60 	bl	10000e9c <clock_get_hz>
100011dc:	490d      	ldr	r1, [pc, #52]	@ (10001214 <runtime_init_clocks+0xd0>)
100011de:	f000 f823 	bl	10001228 <__wrap___aeabi_uidiv>
100011e2:	0001      	movs	r1, r0
100011e4:	2000      	movs	r0, #0
100011e6:	f7ff fef5 	bl	10000fd4 <tick_start>
100011ea:	bd73      	pop	{r0, r1, r4, r5, r6, pc}
100011ec:	40008000 	.word	0x40008000
100011f0:	4000b03c 	.word	0x4000b03c
100011f4:	4000b030 	.word	0x4000b030
100011f8:	59682f00 	.word	0x59682f00
100011fc:	40028000 	.word	0x40028000
10001200:	47868c00 	.word	0x47868c00
10001204:	4002c000 	.word	0x4002c000
10001208:	00b71b00 	.word	0x00b71b00
1000120c:	07735940 	.word	0x07735940
10001210:	02dc6c00 	.word	0x02dc6c00
10001214:	000f4240 	.word	0x000f4240

10001218 <__aeabi_bits_init>:
10001218:	4801      	ldr	r0, [pc, #4]	@ (10001220 <__aeabi_bits_init+0x8>)
1000121a:	2104      	movs	r1, #4
1000121c:	4b01      	ldr	r3, [pc, #4]	@ (10001224 <__aeabi_bits_init+0xc>)
1000121e:	4718      	bx	r3
10001220:	200001f0 	.word	0x200001f0
10001224:	10001005 	.word	0x10001005

10001228 <__wrap___aeabi_uidiv>:
10001228:	4a11      	ldr	r2, [pc, #68]	@ (10001270 <divmod_u32u32_savestate+0x18>)
1000122a:	6f93      	ldr	r3, [r2, #120]	@ 0x78
1000122c:	089b      	lsrs	r3, r3, #2
1000122e:	d213      	bcs.n	10001258 <divmod_u32u32_savestate>

10001230 <divmod_u32u32_core>:
10001230:	6610      	str	r0, [r2, #96]	@ 0x60
10001232:	6651      	str	r1, [r2, #100]	@ 0x64
10001234:	2900      	cmp	r1, #0
10001236:	d005      	beq.n	10001244 <divmod_u32u32_core+0x14>
10001238:	e7ff      	b.n	1000123a <divmod_u32u32_core+0xa>
1000123a:	e7ff      	b.n	1000123c <divmod_u32u32_core+0xc>
1000123c:	e7ff      	b.n	1000123e <divmod_u32u32_core+0xe>
1000123e:	6f51      	ldr	r1, [r2, #116]	@ 0x74
10001240:	6f10      	ldr	r0, [r2, #112]	@ 0x70
10001242:	4770      	bx	lr
10001244:	b504      	push	{r2, lr}
10001246:	2800      	cmp	r0, #0
10001248:	d001      	beq.n	1000124e <divmod_u32u32_core+0x1e>
1000124a:	2000      	movs	r0, #0
1000124c:	43c0      	mvns	r0, r0
1000124e:	f000 fc07 	bl	10001a60 <____aeabi_idiv0_veneer>
10001252:	2100      	movs	r1, #0
10001254:	bd04      	pop	{r2, pc}
10001256:	46c0      	nop			@ (mov r8, r8)

10001258 <divmod_u32u32_savestate>:
10001258:	b5f0      	push	{r4, r5, r6, r7, lr}
1000125a:	6e14      	ldr	r4, [r2, #96]	@ 0x60
1000125c:	6e55      	ldr	r5, [r2, #100]	@ 0x64
1000125e:	6f57      	ldr	r7, [r2, #116]	@ 0x74
10001260:	6f16      	ldr	r6, [r2, #112]	@ 0x70
10001262:	f7ff ffe5 	bl	10001230 <divmod_u32u32_core>
10001266:	6614      	str	r4, [r2, #96]	@ 0x60
10001268:	6655      	str	r5, [r2, #100]	@ 0x64
1000126a:	6757      	str	r7, [r2, #116]	@ 0x74
1000126c:	6716      	str	r6, [r2, #112]	@ 0x70
1000126e:	bdf0      	pop	{r4, r5, r6, r7, pc}
10001270:	d0000000 	.word	0xd0000000

10001274 <__wrap___aeabi_ldivmod>:
10001274:	4694      	mov	ip, r2
10001276:	4a4a      	ldr	r2, [pc, #296]	@ (100013a0 <udiv0+0x1a>)
10001278:	6f92      	ldr	r2, [r2, #120]	@ 0x78
1000127a:	0892      	lsrs	r2, r2, #2
1000127c:	4662      	mov	r2, ip
1000127e:	d201      	bcs.n	10001284 <divmod_s64s64_savestate>
10001280:	e028      	b.n	100012d4 <divmod_s64s64_unsafe>
10001282:	46c0      	nop			@ (mov r8, r8)

10001284 <divmod_s64s64_savestate>:
10001284:	b5f0      	push	{r4, r5, r6, r7, lr}
10001286:	4e46      	ldr	r6, [pc, #280]	@ (100013a0 <udiv0+0x1a>)
10001288:	6e34      	ldr	r4, [r6, #96]	@ 0x60
1000128a:	6e75      	ldr	r5, [r6, #100]	@ 0x64
1000128c:	6f77      	ldr	r7, [r6, #116]	@ 0x74
1000128e:	6f36      	ldr	r6, [r6, #112]	@ 0x70
10001290:	f000 f820 	bl	100012d4 <divmod_s64s64_unsafe>
10001294:	4694      	mov	ip, r2
10001296:	4a42      	ldr	r2, [pc, #264]	@ (100013a0 <udiv0+0x1a>)
10001298:	6614      	str	r4, [r2, #96]	@ 0x60
1000129a:	6655      	str	r5, [r2, #100]	@ 0x64
1000129c:	6757      	str	r7, [r2, #116]	@ 0x74
1000129e:	6716      	str	r6, [r2, #112]	@ 0x70
100012a0:	4662      	mov	r2, ip
100012a2:	bdf0      	pop	{r4, r5, r6, r7, pc}

100012a4 <__wrap___aeabi_uldivmod>:
100012a4:	4694      	mov	ip, r2
100012a6:	4a3e      	ldr	r2, [pc, #248]	@ (100013a0 <udiv0+0x1a>)
100012a8:	6f92      	ldr	r2, [r2, #120]	@ 0x78
100012aa:	0892      	lsrs	r2, r2, #2
100012ac:	4662      	mov	r2, ip
100012ae:	d201      	bcs.n	100012b4 <divmod_u64u64_savestate>
100012b0:	e054      	b.n	1000135c <divmod_u64u64_unsafe>
100012b2:	46c0      	nop			@ (mov r8, r8)

100012b4 <divmod_u64u64_savestate>:
100012b4:	b5f0      	push	{r4, r5, r6, r7, lr}
100012b6:	4e3a      	ldr	r6, [pc, #232]	@ (100013a0 <udiv0+0x1a>)
100012b8:	6e34      	ldr	r4, [r6, #96]	@ 0x60
100012ba:	6e75      	ldr	r5, [r6, #100]	@ 0x64
100012bc:	6f77      	ldr	r7, [r6, #116]	@ 0x74
100012be:	6f36      	ldr	r6, [r6, #112]	@ 0x70
100012c0:	f000 f84c 	bl	1000135c <divmod_u64u64_unsafe>
100012c4:	4694      	mov	ip, r2
100012c6:	4a36      	ldr	r2, [pc, #216]	@ (100013a0 <udiv0+0x1a>)
100012c8:	6614      	str	r4, [r2, #96]	@ 0x60
100012ca:	6655      	str	r5, [r2, #100]	@ 0x64
100012cc:	6757      	str	r7, [r2, #116]	@ 0x74
100012ce:	6716      	str	r6, [r2, #112]	@ 0x70
100012d0:	4662      	mov	r2, ip
100012d2:	bdf0      	pop	{r4, r5, r6, r7, pc}

100012d4 <divmod_s64s64_unsafe>:
100012d4:	2b00      	cmp	r3, #0
100012d6:	db24      	blt.n	10001322 <l46_1+0x26>
100012d8:	d011      	beq.n	100012fe <l46_1+0x2>
100012da:	2900      	cmp	r1, #0
100012dc:	da3e      	bge.n	1000135c <divmod_u64u64_unsafe>
100012de:	b500      	push	{lr}
100012e0:	43c9      	mvns	r1, r1
100012e2:	4240      	negs	r0, r0
100012e4:	d100      	bne.n	100012e8 <l44_1>
100012e6:	3101      	adds	r1, #1

100012e8 <l44_1>:
100012e8:	f000 f838 	bl	1000135c <divmod_u64u64_unsafe>
100012ec:	43c9      	mvns	r1, r1
100012ee:	4240      	negs	r0, r0
100012f0:	d100      	bne.n	100012f4 <l45_1>
100012f2:	3101      	adds	r1, #1

100012f4 <l45_1>:
100012f4:	43db      	mvns	r3, r3
100012f6:	4252      	negs	r2, r2
100012f8:	d100      	bne.n	100012fc <l46_1>
100012fa:	3301      	adds	r3, #1

100012fc <l46_1>:
100012fc:	bd00      	pop	{pc}
100012fe:	2a00      	cmp	r2, #0
10001300:	d1eb      	bne.n	100012da <divmod_s64s64_unsafe+0x6>
10001302:	2800      	cmp	r0, #0
10001304:	d101      	bne.n	1000130a <l46_1+0xe>
10001306:	2900      	cmp	r1, #0
10001308:	d005      	beq.n	10001316 <l46_1+0x1a>
1000130a:	2000      	movs	r0, #0
1000130c:	0fc9      	lsrs	r1, r1, #31
1000130e:	07c9      	lsls	r1, r1, #31
10001310:	d101      	bne.n	10001316 <l46_1+0x1a>
10001312:	43c0      	mvns	r0, r0
10001314:	0841      	lsrs	r1, r0, #1
10001316:	b500      	push	{lr}
10001318:	f000 fbaa 	bl	10001a70 <____aeabi_ldiv0_veneer>
1000131c:	2200      	movs	r2, #0
1000131e:	2300      	movs	r3, #0
10001320:	bd00      	pop	{pc}
10001322:	b500      	push	{lr}
10001324:	2900      	cmp	r1, #0
10001326:	db0a      	blt.n	1000133e <l48_1+0x2>
10001328:	43db      	mvns	r3, r3
1000132a:	4252      	negs	r2, r2
1000132c:	d100      	bne.n	10001330 <l47_1>
1000132e:	3301      	adds	r3, #1

10001330 <l47_1>:
10001330:	f000 f814 	bl	1000135c <divmod_u64u64_unsafe>
10001334:	43c9      	mvns	r1, r1
10001336:	4240      	negs	r0, r0
10001338:	d100      	bne.n	1000133c <l48_1>
1000133a:	3101      	adds	r1, #1

1000133c <l48_1>:
1000133c:	bd00      	pop	{pc}
1000133e:	43c9      	mvns	r1, r1
10001340:	4240      	negs	r0, r0
10001342:	d100      	bne.n	10001346 <l49_1>
10001344:	3101      	adds	r1, #1

10001346 <l49_1>:
10001346:	43db      	mvns	r3, r3
10001348:	4252      	negs	r2, r2
1000134a:	d100      	bne.n	1000134e <l50_1>
1000134c:	3301      	adds	r3, #1

1000134e <l50_1>:
1000134e:	f000 f805 	bl	1000135c <divmod_u64u64_unsafe>
10001352:	43db      	mvns	r3, r3
10001354:	4252      	negs	r2, r2
10001356:	d100      	bne.n	1000135a <l51_1>
10001358:	3301      	adds	r3, #1

1000135a <l51_1>:
1000135a:	bd00      	pop	{pc}

1000135c <divmod_u64u64_unsafe>:
1000135c:	2900      	cmp	r1, #0
1000135e:	d123      	bne.n	100013a8 <y64>
10001360:	2b00      	cmp	r3, #0
10001362:	d118      	bne.n	10001396 <udiv0+0x10>
10001364:	2a00      	cmp	r2, #0
10001366:	d00c      	beq.n	10001382 <divmod_u64u64_unsafe+0x26>
10001368:	46bc      	mov	ip, r7
1000136a:	4f0d      	ldr	r7, [pc, #52]	@ (100013a0 <udiv0+0x1a>)
1000136c:	6638      	str	r0, [r7, #96]	@ 0x60
1000136e:	667a      	str	r2, [r7, #100]	@ 0x64
10001370:	2100      	movs	r1, #0
10001372:	2300      	movs	r3, #0
10001374:	e7ff      	b.n	10001376 <divmod_u64u64_unsafe+0x1a>
10001376:	e7ff      	b.n	10001378 <divmod_u64u64_unsafe+0x1c>
10001378:	e7ff      	b.n	1000137a <divmod_u64u64_unsafe+0x1e>
1000137a:	6f7a      	ldr	r2, [r7, #116]	@ 0x74
1000137c:	6f38      	ldr	r0, [r7, #112]	@ 0x70
1000137e:	4667      	mov	r7, ip
10001380:	4770      	bx	lr
10001382:	2800      	cmp	r0, #0
10001384:	d001      	beq.n	1000138a <udiv0+0x4>

10001386 <udiv0>:
10001386:	4807      	ldr	r0, [pc, #28]	@ (100013a4 <udiv0+0x1e>)
10001388:	0001      	movs	r1, r0
1000138a:	b500      	push	{lr}
1000138c:	f000 fb70 	bl	10001a70 <____aeabi_ldiv0_veneer>
10001390:	2200      	movs	r2, #0
10001392:	2300      	movs	r3, #0
10001394:	bd00      	pop	{pc}
10001396:	0002      	movs	r2, r0
10001398:	000b      	movs	r3, r1
1000139a:	2000      	movs	r0, #0
1000139c:	2100      	movs	r1, #0
1000139e:	4770      	bx	lr
100013a0:	d0000000 	.word	0xd0000000
100013a4:	ffffffff 	.word	0xffffffff

100013a8 <y64>:
100013a8:	2b00      	cmp	r3, #0
100013aa:	d000      	beq.n	100013ae <y64+0x6>
100013ac:	e0bf      	b.n	1000152e <y64_x48>
100013ae:	0c13      	lsrs	r3, r2, #16
100013b0:	d128      	bne.n	10001404 <y64_x32>
100013b2:	2a00      	cmp	r2, #0
100013b4:	d0e7      	beq.n	10001386 <udiv0>
100013b6:	b480      	push	{r7}
100013b8:	4f11      	ldr	r7, [pc, #68]	@ (10001400 <y64+0x58>)
100013ba:	6639      	str	r1, [r7, #96]	@ 0x60
100013bc:	667a      	str	r2, [r7, #100]	@ 0x64
100013be:	e7ff      	b.n	100013c0 <y64+0x18>
100013c0:	e7ff      	b.n	100013c2 <y64+0x1a>
100013c2:	b430      	push	{r4, r5}
100013c4:	0c04      	lsrs	r4, r0, #16
100013c6:	6f7b      	ldr	r3, [r7, #116]	@ 0x74
100013c8:	6f39      	ldr	r1, [r7, #112]	@ 0x70
100013ca:	041b      	lsls	r3, r3, #16
100013cc:	4323      	orrs	r3, r4
100013ce:	663b      	str	r3, [r7, #96]	@ 0x60
100013d0:	667a      	str	r2, [r7, #100]	@ 0x64
100013d2:	e7ff      	b.n	100013d4 <y64+0x2c>
100013d4:	e7ff      	b.n	100013d6 <y64+0x2e>
100013d6:	e7ff      	b.n	100013d8 <y64+0x30>
100013d8:	46c0      	nop			@ (mov r8, r8)
100013da:	b284      	uxth	r4, r0
100013dc:	6f7b      	ldr	r3, [r7, #116]	@ 0x74
100013de:	6f3d      	ldr	r5, [r7, #112]	@ 0x70
100013e0:	041b      	lsls	r3, r3, #16
100013e2:	4323      	orrs	r3, r4
100013e4:	663b      	str	r3, [r7, #96]	@ 0x60
100013e6:	667a      	str	r2, [r7, #100]	@ 0x64
100013e8:	e7ff      	b.n	100013ea <y64+0x42>
100013ea:	e7ff      	b.n	100013ec <y64+0x44>
100013ec:	46c0      	nop			@ (mov r8, r8)
100013ee:	2300      	movs	r3, #0
100013f0:	042c      	lsls	r4, r5, #16
100013f2:	0c2d      	lsrs	r5, r5, #16
100013f4:	6f7a      	ldr	r2, [r7, #116]	@ 0x74
100013f6:	6f38      	ldr	r0, [r7, #112]	@ 0x70
100013f8:	1900      	adds	r0, r0, r4
100013fa:	4169      	adcs	r1, r5
100013fc:	bcb0      	pop	{r4, r5, r7}
100013fe:	4770      	bx	lr
10001400:	d0000000 	.word	0xd0000000

10001404 <y64_x32>:
10001404:	b5f0      	push	{r4, r5, r6, r7, lr}
10001406:	4694      	mov	ip, r2
10001408:	2500      	movs	r5, #0
1000140a:	0e14      	lsrs	r4, r2, #24
1000140c:	d101      	bne.n	10001412 <y64_x32+0xe>
1000140e:	0212      	lsls	r2, r2, #8
10001410:	3508      	adds	r5, #8
10001412:	0f14      	lsrs	r4, r2, #28
10001414:	d101      	bne.n	1000141a <y64_x32+0x16>
10001416:	0112      	lsls	r2, r2, #4
10001418:	3504      	adds	r5, #4
1000141a:	0f94      	lsrs	r4, r2, #30
1000141c:	d101      	bne.n	10001422 <y64_x32+0x1e>
1000141e:	0092      	lsls	r2, r2, #2
10001420:	3502      	adds	r5, #2
10001422:	0fd4      	lsrs	r4, r2, #31
10001424:	d101      	bne.n	1000142a <y64_x32+0x26>
10001426:	0052      	lsls	r2, r2, #1
10001428:	3501      	adds	r5, #1
1000142a:	0bd4      	lsrs	r4, r2, #15
1000142c:	3401      	adds	r4, #1
1000142e:	4f25      	ldr	r7, [pc, #148]	@ (100014c4 <y64_x32+0xc0>)
10001430:	667c      	str	r4, [r7, #100]	@ 0x64
10001432:	4c25      	ldr	r4, [pc, #148]	@ (100014c8 <y64_x32+0xc4>)
10001434:	663c      	str	r4, [r7, #96]	@ 0x60
10001436:	0c0e      	lsrs	r6, r1, #16
10001438:	b293      	uxth	r3, r2
1000143a:	e7ff      	b.n	1000143c <y64_x32+0x38>
1000143c:	e7ff      	b.n	1000143e <y64_x32+0x3a>
1000143e:	e7ff      	b.n	10001440 <y64_x32+0x3c>
10001440:	6f3c      	ldr	r4, [r7, #112]	@ 0x70
10001442:	4366      	muls	r6, r4
10001444:	0c36      	lsrs	r6, r6, #16
10001446:	0377      	lsls	r7, r6, #13
10001448:	46be      	mov	lr, r7
1000144a:	4373      	muls	r3, r6
1000144c:	0bdf      	lsrs	r7, r3, #15
1000144e:	045b      	lsls	r3, r3, #17
10001450:	1ac0      	subs	r0, r0, r3
10001452:	41b9      	sbcs	r1, r7
10001454:	0c13      	lsrs	r3, r2, #16
10001456:	4373      	muls	r3, r6
10001458:	18db      	adds	r3, r3, r3
1000145a:	1ac9      	subs	r1, r1, r3
1000145c:	08ce      	lsrs	r6, r1, #3
1000145e:	4366      	muls	r6, r4
10001460:	0c36      	lsrs	r6, r6, #16
10001462:	44b6      	add	lr, r6
10001464:	b293      	uxth	r3, r2
10001466:	4373      	muls	r3, r6
10001468:	0f1f      	lsrs	r7, r3, #28
1000146a:	011b      	lsls	r3, r3, #4
1000146c:	1ac0      	subs	r0, r0, r3
1000146e:	41b9      	sbcs	r1, r7
10001470:	0c13      	lsrs	r3, r2, #16
10001472:	4373      	muls	r3, r6
10001474:	0b1f      	lsrs	r7, r3, #12
10001476:	051b      	lsls	r3, r3, #20
10001478:	1ac0      	subs	r0, r0, r3
1000147a:	41b9      	sbcs	r1, r7
1000147c:	0d86      	lsrs	r6, r0, #22
1000147e:	028f      	lsls	r7, r1, #10
10001480:	433e      	orrs	r6, r7
10001482:	4366      	muls	r6, r4
10001484:	0c36      	lsrs	r6, r6, #16
10001486:	2d09      	cmp	r5, #9
10001488:	db24      	blt.n	100014d4 <last0>
1000148a:	0a52      	lsrs	r2, r2, #9
1000148c:	4372      	muls	r2, r6
1000148e:	1a80      	subs	r0, r0, r2
10001490:	0377      	lsls	r7, r6, #13
10001492:	0a46      	lsrs	r6, r0, #9
10001494:	4366      	muls	r6, r4
10001496:	0c36      	lsrs	r6, r6, #16
10001498:	2316      	movs	r3, #22
1000149a:	1b5b      	subs	r3, r3, r5
1000149c:	40de      	lsrs	r6, r3
1000149e:	40df      	lsrs	r7, r3
100014a0:	19bf      	adds	r7, r7, r6
100014a2:	4664      	mov	r4, ip
100014a4:	4366      	muls	r6, r4
100014a6:	1b82      	subs	r2, r0, r6
100014a8:	4670      	mov	r0, lr
100014aa:	3504      	adds	r5, #4
100014ac:	3306      	adds	r3, #6
100014ae:	0001      	movs	r1, r0
100014b0:	40d9      	lsrs	r1, r3
100014b2:	40a8      	lsls	r0, r5
100014b4:	19c0      	adds	r0, r0, r7
100014b6:	d300      	bcc.n	100014ba <y64_x32+0xb6>
100014b8:	3101      	adds	r1, #1
100014ba:	42a2      	cmp	r2, r4
100014bc:	d206      	bcs.n	100014cc <y64_x32+0xc8>
100014be:	2300      	movs	r3, #0
100014c0:	bdf0      	pop	{r4, r5, r6, r7, pc}
100014c2:	0000      	.short	0x0000
100014c4:	d0000000 	.word	0xd0000000
100014c8:	ffffffff 	.word	0xffffffff
100014cc:	1b12      	subs	r2, r2, r4
100014ce:	3001      	adds	r0, #1
100014d0:	d3f3      	bcc.n	100014ba <y64_x32+0xb6>
100014d2:	e7f1      	b.n	100014b8 <y64_x32+0xb4>

100014d4 <last0>:
100014d4:	2709      	movs	r7, #9
100014d6:	1b7f      	subs	r7, r7, r5
100014d8:	40fe      	lsrs	r6, r7
100014da:	4664      	mov	r4, ip
100014dc:	b2a2      	uxth	r2, r4
100014de:	4372      	muls	r2, r6
100014e0:	1a80      	subs	r0, r0, r2
100014e2:	d200      	bcs.n	100014e6 <last0+0x12>
100014e4:	3901      	subs	r1, #1
100014e6:	0c22      	lsrs	r2, r4, #16
100014e8:	4372      	muls	r2, r6
100014ea:	0c13      	lsrs	r3, r2, #16
100014ec:	0412      	lsls	r2, r2, #16
100014ee:	1a82      	subs	r2, r0, r2
100014f0:	4199      	sbcs	r1, r3
100014f2:	000b      	movs	r3, r1
100014f4:	4670      	mov	r0, lr
100014f6:	3504      	adds	r5, #4
100014f8:	3713      	adds	r7, #19
100014fa:	0001      	movs	r1, r0
100014fc:	40f9      	lsrs	r1, r7
100014fe:	40a8      	lsls	r0, r5
10001500:	1980      	adds	r0, r0, r6
10001502:	d300      	bcc.n	10001506 <last0+0x32>
10001504:	3101      	adds	r1, #1
10001506:	2b00      	cmp	r3, #0
10001508:	d102      	bne.n	10001510 <last0+0x3c>
1000150a:	42a2      	cmp	r2, r4
1000150c:	d20a      	bcs.n	10001524 <last0+0x50>
1000150e:	bdf0      	pop	{r4, r5, r6, r7, pc}
10001510:	3001      	adds	r0, #1
10001512:	d300      	bcc.n	10001516 <last0+0x42>
10001514:	3101      	adds	r1, #1
10001516:	1b12      	subs	r2, r2, r4
10001518:	d2fa      	bcs.n	10001510 <last0+0x3c>
1000151a:	3b01      	subs	r3, #1
1000151c:	d1f8      	bne.n	10001510 <last0+0x3c>
1000151e:	42a2      	cmp	r2, r4
10001520:	d200      	bcs.n	10001524 <last0+0x50>
10001522:	bdf0      	pop	{r4, r5, r6, r7, pc}
10001524:	3001      	adds	r0, #1
10001526:	d300      	bcc.n	1000152a <last0+0x56>
10001528:	3101      	adds	r1, #1
1000152a:	1b12      	subs	r2, r2, r4
1000152c:	e7f7      	b.n	1000151e <last0+0x4a>

1000152e <y64_x48>:
1000152e:	b5f0      	push	{r4, r5, r6, r7, lr}
10001530:	0c1c      	lsrs	r4, r3, #16
10001532:	d000      	beq.n	10001536 <y64_x48+0x8>
10001534:	e080      	b.n	10001638 <y64_x64>
10001536:	b40c      	push	{r2, r3}
10001538:	2500      	movs	r5, #0
1000153a:	0a1c      	lsrs	r4, r3, #8
1000153c:	d104      	bne.n	10001548 <y64_x48+0x1a>
1000153e:	021b      	lsls	r3, r3, #8
10001540:	0e16      	lsrs	r6, r2, #24
10001542:	4333      	orrs	r3, r6
10001544:	0212      	lsls	r2, r2, #8
10001546:	3508      	adds	r5, #8
10001548:	0b1c      	lsrs	r4, r3, #12
1000154a:	d104      	bne.n	10001556 <y64_x48+0x28>
1000154c:	011b      	lsls	r3, r3, #4
1000154e:	0f16      	lsrs	r6, r2, #28
10001550:	4333      	orrs	r3, r6
10001552:	0112      	lsls	r2, r2, #4
10001554:	3504      	adds	r5, #4
10001556:	0b9c      	lsrs	r4, r3, #14
10001558:	d104      	bne.n	10001564 <y64_x48+0x36>
1000155a:	009b      	lsls	r3, r3, #2
1000155c:	0f96      	lsrs	r6, r2, #30
1000155e:	4333      	orrs	r3, r6
10001560:	0092      	lsls	r2, r2, #2
10001562:	3502      	adds	r5, #2
10001564:	0bdc      	lsrs	r4, r3, #15
10001566:	d102      	bne.n	1000156e <y64_x48+0x40>
10001568:	1892      	adds	r2, r2, r2
1000156a:	415b      	adcs	r3, r3
1000156c:	3501      	adds	r5, #1
1000156e:	001c      	movs	r4, r3
10001570:	1897      	adds	r7, r2, r2
10001572:	4164      	adcs	r4, r4
10001574:	3401      	adds	r4, #1
10001576:	4f46      	ldr	r7, [pc, #280]	@ (10001690 <y64_x64+0x58>)
10001578:	667c      	str	r4, [r7, #100]	@ 0x64
1000157a:	4c46      	ldr	r4, [pc, #280]	@ (10001694 <y64_x64+0x5c>)
1000157c:	663c      	str	r4, [r7, #96]	@ 0x60
1000157e:	0c0e      	lsrs	r6, r1, #16
10001580:	e7ff      	b.n	10001582 <y64_x48+0x54>
10001582:	e7ff      	b.n	10001584 <y64_x48+0x56>
10001584:	e7ff      	b.n	10001586 <y64_x48+0x58>
10001586:	46c0      	nop			@ (mov r8, r8)
10001588:	6f3c      	ldr	r4, [r7, #112]	@ 0x70
1000158a:	4366      	muls	r6, r4
1000158c:	0c36      	lsrs	r6, r6, #16
1000158e:	0377      	lsls	r7, r6, #13
10001590:	46be      	mov	lr, r7
10001592:	b297      	uxth	r7, r2
10001594:	4377      	muls	r7, r6
10001596:	1bc0      	subs	r0, r0, r7
10001598:	d200      	bcs.n	1000159c <y64_x48+0x6e>
1000159a:	3901      	subs	r1, #1
1000159c:	1bc0      	subs	r0, r0, r7
1000159e:	d200      	bcs.n	100015a2 <y64_x48+0x74>
100015a0:	3901      	subs	r1, #1
100015a2:	b29f      	uxth	r7, r3
100015a4:	4377      	muls	r7, r6
100015a6:	1bc9      	subs	r1, r1, r7
100015a8:	1bc9      	subs	r1, r1, r7
100015aa:	0c17      	lsrs	r7, r2, #16
100015ac:	4377      	muls	r7, r6
100015ae:	047e      	lsls	r6, r7, #17
100015b0:	0bff      	lsrs	r7, r7, #15
100015b2:	1b80      	subs	r0, r0, r6
100015b4:	41b9      	sbcs	r1, r7
100015b6:	08ce      	lsrs	r6, r1, #3
100015b8:	4366      	muls	r6, r4
100015ba:	0c36      	lsrs	r6, r6, #16
100015bc:	2d0c      	cmp	r5, #12
100015be:	db33      	blt.n	10001628 <last1>
100015c0:	44b6      	add	lr, r6
100015c2:	0b12      	lsrs	r2, r2, #12
100015c4:	051f      	lsls	r7, r3, #20
100015c6:	433a      	orrs	r2, r7
100015c8:	0b1b      	lsrs	r3, r3, #12
100015ca:	b297      	uxth	r7, r2
100015cc:	4377      	muls	r7, r6
100015ce:	1bc0      	subs	r0, r0, r7
100015d0:	d200      	bcs.n	100015d4 <y64_x48+0xa6>
100015d2:	3901      	subs	r1, #1
100015d4:	b29f      	uxth	r7, r3
100015d6:	4377      	muls	r7, r6
100015d8:	1bc9      	subs	r1, r1, r7
100015da:	0c17      	lsrs	r7, r2, #16
100015dc:	4377      	muls	r7, r6
100015de:	043e      	lsls	r6, r7, #16
100015e0:	0c3f      	lsrs	r7, r7, #16
100015e2:	1b80      	subs	r0, r0, r6
100015e4:	41b9      	sbcs	r1, r7
100015e6:	0d86      	lsrs	r6, r0, #22
100015e8:	028f      	lsls	r7, r1, #10
100015ea:	433e      	orrs	r6, r7
100015ec:	4366      	muls	r6, r4
100015ee:	2729      	movs	r7, #41	@ 0x29
100015f0:	1b7f      	subs	r7, r7, r5
100015f2:	40fe      	lsrs	r6, r7
100015f4:	3d0c      	subs	r5, #12
100015f6:	4677      	mov	r7, lr
100015f8:	40af      	lsls	r7, r5
100015fa:	19bf      	adds	r7, r7, r6
100015fc:	bc30      	pop	{r4, r5}
100015fe:	b2a2      	uxth	r2, r4
10001600:	b2ab      	uxth	r3, r5
10001602:	4372      	muls	r2, r6
10001604:	4373      	muls	r3, r6
10001606:	1a80      	subs	r0, r0, r2
10001608:	4199      	sbcs	r1, r3
1000160a:	0c22      	lsrs	r2, r4, #16
1000160c:	4372      	muls	r2, r6
1000160e:	0c13      	lsrs	r3, r2, #16
10001610:	0412      	lsls	r2, r2, #16
10001612:	1a80      	subs	r0, r0, r2
10001614:	4199      	sbcs	r1, r3
10001616:	0002      	movs	r2, r0
10001618:	000b      	movs	r3, r1
1000161a:	3701      	adds	r7, #1
1000161c:	1b00      	subs	r0, r0, r4
1000161e:	41a9      	sbcs	r1, r5
10001620:	d2f9      	bcs.n	10001616 <y64_x48+0xe8>
10001622:	1e78      	subs	r0, r7, #1
10001624:	2100      	movs	r1, #0
10001626:	bdf0      	pop	{r4, r5, r6, r7, pc}

10001628 <last1>:
10001628:	270c      	movs	r7, #12
1000162a:	1b7f      	subs	r7, r7, r5
1000162c:	40fe      	lsrs	r6, r7
1000162e:	4677      	mov	r7, lr
10001630:	0b7f      	lsrs	r7, r7, #13
10001632:	40af      	lsls	r7, r5
10001634:	19ff      	adds	r7, r7, r7
10001636:	e7e0      	b.n	100015fa <y64_x48+0xcc>

10001638 <y64_x64>:
10001638:	2400      	movs	r4, #0
1000163a:	1c5d      	adds	r5, r3, #1
1000163c:	d007      	beq.n	1000164e <y64_x64+0x16>
1000163e:	4f14      	ldr	r7, [pc, #80]	@ (10001690 <y64_x64+0x58>)
10001640:	667d      	str	r5, [r7, #100]	@ 0x64
10001642:	6639      	str	r1, [r7, #96]	@ 0x60
10001644:	e7ff      	b.n	10001646 <y64_x64+0xe>
10001646:	e7ff      	b.n	10001648 <y64_x64+0x10>
10001648:	e7ff      	b.n	1000164a <y64_x64+0x12>
1000164a:	e7ff      	b.n	1000164c <y64_x64+0x14>
1000164c:	6f3c      	ldr	r4, [r7, #112]	@ 0x70
1000164e:	b295      	uxth	r5, r2
10001650:	b29e      	uxth	r6, r3
10001652:	4365      	muls	r5, r4
10001654:	4366      	muls	r6, r4
10001656:	1b40      	subs	r0, r0, r5
10001658:	41b1      	sbcs	r1, r6
1000165a:	0c15      	lsrs	r5, r2, #16
1000165c:	0c1e      	lsrs	r6, r3, #16
1000165e:	4365      	muls	r5, r4
10001660:	4366      	muls	r6, r4
10001662:	0436      	lsls	r6, r6, #16
10001664:	0c2f      	lsrs	r7, r5, #16
10001666:	433e      	orrs	r6, r7
10001668:	042d      	lsls	r5, r5, #16
1000166a:	1b40      	subs	r0, r0, r5
1000166c:	41b1      	sbcs	r1, r6
1000166e:	4299      	cmp	r1, r3
10001670:	d204      	bcs.n	1000167c <y64_x64+0x44>
10001672:	0002      	movs	r2, r0
10001674:	000b      	movs	r3, r1
10001676:	0020      	movs	r0, r4
10001678:	2100      	movs	r1, #0
1000167a:	bdf0      	pop	{r4, r5, r6, r7, pc}
1000167c:	d101      	bne.n	10001682 <y64_x64+0x4a>
1000167e:	4290      	cmp	r0, r2
10001680:	d3f7      	bcc.n	10001672 <y64_x64+0x3a>
10001682:	1a80      	subs	r0, r0, r2
10001684:	4199      	sbcs	r1, r3
10001686:	3401      	adds	r4, #1
10001688:	4299      	cmp	r1, r3
1000168a:	d3f2      	bcc.n	10001672 <y64_x64+0x3a>
1000168c:	e7f6      	b.n	1000167c <y64_x64+0x44>
1000168e:	0000      	.short	0x0000
10001690:	d0000000 	.word	0xd0000000
10001694:	ffffffff 	.word	0xffffffff

10001698 <__aeabi_double_init>:
10001698:	2313      	movs	r3, #19
1000169a:	b570      	push	{r4, r5, r6, lr}
1000169c:	781c      	ldrb	r4, [r3, #0]
1000169e:	4d11      	ldr	r5, [pc, #68]	@ (100016e4 <__aeabi_double_init+0x4c>)
100016a0:	2c01      	cmp	r4, #1
100016a2:	d10e      	bne.n	100016c2 <__aeabi_double_init+0x2a>
100016a4:	2300      	movs	r3, #0
100016a6:	4910      	ldr	r1, [pc, #64]	@ (100016e8 <__aeabi_double_init+0x50>)
100016a8:	009a      	lsls	r2, r3, #2
100016aa:	3301      	adds	r3, #1
100016ac:	50a9      	str	r1, [r5, r2]
100016ae:	2b20      	cmp	r3, #32
100016b0:	d1fa      	bne.n	100016a8 <__aeabi_double_init+0x10>
100016b2:	4b0d      	ldr	r3, [pc, #52]	@ (100016e8 <__aeabi_double_init+0x50>)
100016b4:	64ab      	str	r3, [r5, #72]	@ 0x48
100016b6:	480d      	ldr	r0, [pc, #52]	@ (100016ec <__aeabi_double_init+0x54>)
100016b8:	f7ff fc94 	bl	10000fe4 <rom_func_lookup>
100016bc:	4b0c      	ldr	r3, [pc, #48]	@ (100016f0 <__aeabi_double_init+0x58>)
100016be:	6018      	str	r0, [r3, #0]
100016c0:	bd70      	pop	{r4, r5, r6, pc}
100016c2:	2c01      	cmp	r4, #1
100016c4:	ddf5      	ble.n	100016b2 <__aeabi_double_init+0x1a>
100016c6:	480b      	ldr	r0, [pc, #44]	@ (100016f4 <__aeabi_double_init+0x5c>)
100016c8:	f7ff fc94 	bl	10000ff4 <rom_data_lookup>
100016cc:	0006      	movs	r6, r0
100016ce:	480a      	ldr	r0, [pc, #40]	@ (100016f8 <__aeabi_double_init+0x60>)
100016d0:	f7ff fc90 	bl	10000ff4 <rom_data_lookup>
100016d4:	2280      	movs	r2, #128	@ 0x80
100016d6:	0031      	movs	r1, r6
100016d8:	0028      	movs	r0, r5
100016da:	f000 f877 	bl	100017cc <__wrap___aeabi_memcpy>
100016de:	2c02      	cmp	r4, #2
100016e0:	d1e9      	bne.n	100016b6 <__aeabi_double_init+0x1e>
100016e2:	e7e6      	b.n	100016b2 <__aeabi_double_init+0x1a>
100016e4:	200003e0 	.word	0x200003e0
100016e8:	100016fd 	.word	0x100016fd
100016ec:	0000334c 	.word	0x0000334c
100016f0:	200004e0 	.word	0x200004e0
100016f4:	00004453 	.word	0x00004453
100016f8:	00004653 	.word	0x00004653

100016fc <double_table_shim_on_use_helper>:
100016fc:	b507      	push	{r0, r1, r2, lr}
100016fe:	4660      	mov	r0, ip
10001700:	8801      	ldrh	r1, [r0, #0]
10001702:	0a0a      	lsrs	r2, r1, #8
10001704:	3002      	adds	r0, #2
10001706:	2adf      	cmp	r2, #223	@ 0xdf
10001708:	d1fa      	bne.n	10001700 <double_table_shim_on_use_helper+0x4>
1000170a:	b2c9      	uxtb	r1, r1
1000170c:	0882      	lsrs	r2, r0, #2
1000170e:	d304      	bcc.n	1000171a <double_table_shim_on_use_helper+0x1e>
10001710:	8802      	ldrh	r2, [r0, #0]
10001712:	8840      	ldrh	r0, [r0, #2]
10001714:	0400      	lsls	r0, r0, #16
10001716:	4310      	orrs	r0, r2
10001718:	e000      	b.n	1000171c <double_table_shim_on_use_helper+0x20>
1000171a:	6800      	ldr	r0, [r0, #0]
1000171c:	4a01      	ldr	r2, [pc, #4]	@ (10001724 <double_table_shim_on_use_helper+0x28>)
1000171e:	5050      	str	r0, [r2, r1]
10001720:	9003      	str	r0, [sp, #12]
10001722:	bd07      	pop	{r0, r1, r2, pc}
10001724:	200003e0 	.word	0x200003e0

10001728 <__aeabi_float_init>:
10001728:	2313      	movs	r3, #19
1000172a:	b510      	push	{r4, lr}
1000172c:	4810      	ldr	r0, [pc, #64]	@ (10001770 <__aeabi_float_init+0x48>)
1000172e:	781c      	ldrb	r4, [r3, #0]
10001730:	f7ff fc60 	bl	10000ff4 <rom_data_lookup>
10001734:	0001      	movs	r1, r0
10001736:	2c01      	cmp	r4, #1
10001738:	d113      	bne.n	10001762 <__aeabi_float_init+0x3a>
1000173a:	4c0e      	ldr	r4, [pc, #56]	@ (10001774 <__aeabi_float_init+0x4c>)
1000173c:	2254      	movs	r2, #84	@ 0x54
1000173e:	0020      	movs	r0, r4
10001740:	f000 f844 	bl	100017cc <__wrap___aeabi_memcpy>
10001744:	2315      	movs	r3, #21
10001746:	4a0c      	ldr	r2, [pc, #48]	@ (10001778 <__aeabi_float_init+0x50>)
10001748:	0099      	lsls	r1, r3, #2
1000174a:	3301      	adds	r3, #1
1000174c:	5062      	str	r2, [r4, r1]
1000174e:	2b20      	cmp	r3, #32
10001750:	d1fa      	bne.n	10001748 <__aeabi_float_init+0x20>
10001752:	6222      	str	r2, [r4, #32]
10001754:	61e2      	str	r2, [r4, #28]
10001756:	4809      	ldr	r0, [pc, #36]	@ (1000177c <__aeabi_float_init+0x54>)
10001758:	f7ff fc44 	bl	10000fe4 <rom_func_lookup>
1000175c:	4b08      	ldr	r3, [pc, #32]	@ (10001780 <__aeabi_float_init+0x58>)
1000175e:	6018      	str	r0, [r3, #0]
10001760:	bd10      	pop	{r4, pc}
10001762:	2c01      	cmp	r4, #1
10001764:	ddf7      	ble.n	10001756 <__aeabi_float_init+0x2e>
10001766:	2280      	movs	r2, #128	@ 0x80
10001768:	4802      	ldr	r0, [pc, #8]	@ (10001774 <__aeabi_float_init+0x4c>)
1000176a:	f000 f82f 	bl	100017cc <__wrap___aeabi_memcpy>
1000176e:	e7f2      	b.n	10001756 <__aeabi_float_init+0x2e>
10001770:	00004653 	.word	0x00004653
10001774:	200004e4 	.word	0x200004e4
10001778:	10001785 	.word	0x10001785
1000177c:	0000334c 	.word	0x0000334c
10001780:	200004e0 	.word	0x200004e0

10001784 <float_table_shim_on_use_helper>:
10001784:	b507      	push	{r0, r1, r2, lr}
10001786:	4660      	mov	r0, ip
10001788:	8801      	ldrh	r1, [r0, #0]
1000178a:	0a0a      	lsrs	r2, r1, #8
1000178c:	3002      	adds	r0, #2
1000178e:	2adf      	cmp	r2, #223	@ 0xdf
10001790:	d1fa      	bne.n	10001788 <float_table_shim_on_use_helper+0x4>
10001792:	b2c9      	uxtb	r1, r1
10001794:	0882      	lsrs	r2, r0, #2
10001796:	d304      	bcc.n	100017a2 <float_table_shim_on_use_helper+0x1e>
10001798:	8802      	ldrh	r2, [r0, #0]
1000179a:	8840      	ldrh	r0, [r0, #2]
1000179c:	0400      	lsls	r0, r0, #16
1000179e:	4310      	orrs	r0, r2
100017a0:	e000      	b.n	100017a4 <float_table_shim_on_use_helper+0x20>
100017a2:	6800      	ldr	r0, [r0, #0]
100017a4:	4a01      	ldr	r2, [pc, #4]	@ (100017ac <float_table_shim_on_use_helper+0x28>)
100017a6:	5050      	str	r0, [r2, r1]
100017a8:	9003      	str	r0, [sp, #12]
100017aa:	bd07      	pop	{r0, r1, r2, pc}
100017ac:	200004e4 	.word	0x200004e4

100017b0 <__aeabi_mem_init>:
100017b0:	4801      	ldr	r0, [pc, #4]	@ (100017b8 <__aeabi_mem_init+0x8>)
100017b2:	2104      	movs	r1, #4
100017b4:	4b01      	ldr	r3, [pc, #4]	@ (100017bc <__aeabi_mem_init+0xc>)
100017b6:	4718      	bx	r3
100017b8:	20000200 	.word	0x20000200
100017bc:	10001005 	.word	0x10001005

100017c0 <__wrap_memset>:
100017c0:	4b01      	ldr	r3, [pc, #4]	@ (100017c8 <__wrap_memset+0x8>)
100017c2:	681b      	ldr	r3, [r3, #0]
100017c4:	4718      	bx	r3
100017c6:	0000      	.short	0x0000
100017c8:	20000200 	.word	0x20000200

100017cc <__wrap___aeabi_memcpy>:
100017cc:	4b01      	ldr	r3, [pc, #4]	@ (100017d4 <__wrap___aeabi_memcpy+0x8>)
100017ce:	685b      	ldr	r3, [r3, #4]
100017d0:	4718      	bx	r3
100017d2:	0000      	.short	0x0000
100017d4:	20000200 	.word	0x20000200

100017d8 <_out_char>:
100017d8:	b510      	push	{r4, lr}
100017da:	2800      	cmp	r0, #0
100017dc:	d001      	beq.n	100017e2 <_out_char+0xa>
100017de:	f000 f8e5 	bl	100019ac <__wrap_putchar>
100017e2:	bd10      	pop	{r4, pc}

100017e4 <weak_raw_vprintf>:
100017e4:	b530      	push	{r4, r5, lr}
100017e6:	4b0a      	ldr	r3, [pc, #40]	@ (10001810 <weak_raw_vprintf+0x2c>)
100017e8:	b085      	sub	sp, #20
100017ea:	681c      	ldr	r4, [r3, #0]
100017ec:	2c00      	cmp	r4, #0
100017ee:	d00a      	beq.n	10001806 <weak_raw_vprintf+0x22>
100017f0:	2201      	movs	r2, #1
100017f2:	4d08      	ldr	r5, [pc, #32]	@ (10001814 <weak_raw_vprintf+0x30>)
100017f4:	0003      	movs	r3, r0
100017f6:	9100      	str	r1, [sp, #0]
100017f8:	0028      	movs	r0, r5
100017fa:	4252      	negs	r2, r2
100017fc:	a903      	add	r1, sp, #12
100017fe:	47a0      	blx	r4
10001800:	2001      	movs	r0, #1
10001802:	b005      	add	sp, #20
10001804:	bd30      	pop	{r4, r5, pc}
10001806:	f000 f8dd 	bl	100019c4 <__wrap_puts>
1000180a:	0020      	movs	r0, r4
1000180c:	e7f9      	b.n	10001802 <weak_raw_vprintf+0x1e>
1000180e:	46c0      	nop			@ (mov r8, r8)
10001810:	200003c8 	.word	0x200003c8
10001814:	100017d9 	.word	0x100017d9

10001818 <_exit>:
10001818:	be00      	bkpt	0x0000
1000181a:	e7fd      	b.n	10001818 <_exit>

1000181c <_fini>:
1000181c:	4770      	bx	lr

1000181e <exit>:
1000181e:	b510      	push	{r4, lr}
10001820:	f7ff fffa 	bl	10001818 <_exit>

10001824 <runtime_init>:
10001824:	b510      	push	{r4, lr}
10001826:	f7ff fc1b 	bl	10001060 <runtime_run_initializers>
1000182a:	4c04      	ldr	r4, [pc, #16]	@ (1000183c <runtime_init+0x18>)
1000182c:	4b04      	ldr	r3, [pc, #16]	@ (10001840 <runtime_init+0x1c>)
1000182e:	429c      	cmp	r4, r3
10001830:	d300      	bcc.n	10001834 <runtime_init+0x10>
10001832:	bd10      	pop	{r4, pc}
10001834:	cc08      	ldmia	r4!, {r3}
10001836:	4798      	blx	r3
10001838:	e7f8      	b.n	1000182c <runtime_init+0x8>
1000183a:	46c0      	nop			@ (mov r8, r8)
1000183c:	10001abc 	.word	0x10001abc
10001840:	10001abc 	.word	0x10001abc

10001844 <stdio_out_chars_no_crlf>:
10001844:	0003      	movs	r3, r0
10001846:	b510      	push	{r4, lr}
10001848:	0008      	movs	r0, r1
1000184a:	0011      	movs	r1, r2
1000184c:	681b      	ldr	r3, [r3, #0]
1000184e:	4798      	blx	r3
10001850:	bd10      	pop	{r4, pc}
	...

10001854 <stdio_out_chars_crlf>:
10001854:	b5f8      	push	{r3, r4, r5, r6, r7, lr}
10001856:	000c      	movs	r4, r1
10001858:	2100      	movs	r1, #0
1000185a:	7d43      	ldrb	r3, [r0, #21]
1000185c:	0005      	movs	r5, r0
1000185e:	0016      	movs	r6, r2
10001860:	0008      	movs	r0, r1
10001862:	428b      	cmp	r3, r1
10001864:	d11e      	bne.n	100018a4 <stdio_out_chars_crlf+0x50>
10001866:	0011      	movs	r1, r2
10001868:	0020      	movs	r0, r4
1000186a:	682b      	ldr	r3, [r5, #0]
1000186c:	4798      	blx	r3
1000186e:	bdf8      	pop	{r3, r4, r5, r6, r7, pc}
10001870:	2900      	cmp	r1, #0
10001872:	d027      	beq.n	100018c4 <stdio_out_chars_crlf+0x70>
10001874:	1e63      	subs	r3, r4, #1
10001876:	5c5b      	ldrb	r3, [r3, r1]
10001878:	3b0d      	subs	r3, #13
1000187a:	425a      	negs	r2, r3
1000187c:	4153      	adcs	r3, r2
1000187e:	b2db      	uxtb	r3, r3
10001880:	5c62      	ldrb	r2, [r4, r1]
10001882:	1c4f      	adds	r7, r1, #1
10001884:	2a0a      	cmp	r2, #10
10001886:	d10c      	bne.n	100018a2 <stdio_out_chars_crlf+0x4e>
10001888:	2b00      	cmp	r3, #0
1000188a:	d10a      	bne.n	100018a2 <stdio_out_chars_crlf+0x4e>
1000188c:	4281      	cmp	r1, r0
1000188e:	dd03      	ble.n	10001898 <stdio_out_chars_crlf+0x44>
10001890:	1a09      	subs	r1, r1, r0
10001892:	682b      	ldr	r3, [r5, #0]
10001894:	1820      	adds	r0, r4, r0
10001896:	4798      	blx	r3
10001898:	480d      	ldr	r0, [pc, #52]	@ (100018d0 <stdio_out_chars_crlf+0x7c>)
1000189a:	2102      	movs	r1, #2
1000189c:	682b      	ldr	r3, [r5, #0]
1000189e:	4798      	blx	r3
100018a0:	0038      	movs	r0, r7
100018a2:	0039      	movs	r1, r7
100018a4:	428e      	cmp	r6, r1
100018a6:	dce3      	bgt.n	10001870 <stdio_out_chars_crlf+0x1c>
100018a8:	4286      	cmp	r6, r0
100018aa:	dd0d      	ble.n	100018c8 <stdio_out_chars_crlf+0x74>
100018ac:	1a31      	subs	r1, r6, r0
100018ae:	682b      	ldr	r3, [r5, #0]
100018b0:	1820      	adds	r0, r4, r0
100018b2:	4798      	blx	r3
100018b4:	19a4      	adds	r4, r4, r6
100018b6:	3c01      	subs	r4, #1
100018b8:	7823      	ldrb	r3, [r4, #0]
100018ba:	3b0d      	subs	r3, #13
100018bc:	425a      	negs	r2, r3
100018be:	4153      	adcs	r3, r2
100018c0:	752b      	strb	r3, [r5, #20]
100018c2:	e7d4      	b.n	1000186e <stdio_out_chars_crlf+0x1a>
100018c4:	7d2b      	ldrb	r3, [r5, #20]
100018c6:	e7db      	b.n	10001880 <stdio_out_chars_crlf+0x2c>
100018c8:	2e00      	cmp	r6, #0
100018ca:	ddd0      	ble.n	1000186e <stdio_out_chars_crlf+0x1a>
100018cc:	e7f2      	b.n	100018b4 <stdio_out_chars_crlf+0x60>
100018ce:	46c0      	nop			@ (mov r8, r8)
100018d0:	10001bf3 	.word	0x10001bf3

100018d4 <stdout_serialize_begin>:
100018d4:	b510      	push	{r4, lr}
100018d6:	f7ff fa4b 	bl	10000d70 <time_us_64>
100018da:	2300      	movs	r3, #0
100018dc:	4a05      	ldr	r2, [pc, #20]	@ (100018f4 <stdout_serialize_begin+0x20>)
100018de:	1812      	adds	r2, r2, r0
100018e0:	414b      	adcs	r3, r1
100018e2:	2b00      	cmp	r3, #0
100018e4:	da02      	bge.n	100018ec <stdout_serialize_begin+0x18>
100018e6:	2201      	movs	r2, #1
100018e8:	4b03      	ldr	r3, [pc, #12]	@ (100018f8 <stdout_serialize_begin+0x24>)
100018ea:	4252      	negs	r2, r2
100018ec:	4803      	ldr	r0, [pc, #12]	@ (100018fc <stdout_serialize_begin+0x28>)
100018ee:	f000 f8af 	bl	10001a50 <__mutex_try_enter_block_until_veneer>
100018f2:	bd10      	pop	{r4, pc}
100018f4:	000f4240 	.word	0x000f4240
100018f8:	7fffffff 	.word	0x7fffffff
100018fc:	20000210 	.word	0x20000210

10001900 <stdout_serialize_end>:
10001900:	b510      	push	{r4, lr}
10001902:	4802      	ldr	r0, [pc, #8]	@ (1000190c <stdout_serialize_end+0xc>)
10001904:	f000 f89c 	bl	10001a40 <__mutex_exit_veneer>
10001908:	bd10      	pop	{r4, pc}
1000190a:	46c0      	nop			@ (mov r8, r8)
1000190c:	20000210 	.word	0x20000210

10001910 <stdio_put_string>:
10001910:	b5f0      	push	{r4, r5, r6, r7, lr}
10001912:	b085      	sub	sp, #20
10001914:	0006      	movs	r6, r0
10001916:	000c      	movs	r4, r1
10001918:	001d      	movs	r5, r3
1000191a:	9200      	str	r2, [sp, #0]
1000191c:	f7ff ffda 	bl	100018d4 <stdout_serialize_begin>
10001920:	9001      	str	r0, [sp, #4]
10001922:	1c63      	adds	r3, r4, #1
10001924:	d103      	bne.n	1000192e <stdio_put_string+0x1e>
10001926:	0030      	movs	r0, r6
10001928:	f000 f85c 	bl	100019e4 <strlen>
1000192c:	0004      	movs	r4, r0
1000192e:	4f14      	ldr	r7, [pc, #80]	@ (10001980 <stdio_put_string+0x70>)
10001930:	2d00      	cmp	r5, #0
10001932:	d000      	beq.n	10001936 <stdio_put_string+0x26>
10001934:	4f13      	ldr	r7, [pc, #76]	@ (10001984 <stdio_put_string+0x74>)
10001936:	4b14      	ldr	r3, [pc, #80]	@ (10001988 <stdio_put_string+0x78>)
10001938:	681d      	ldr	r5, [r3, #0]
1000193a:	2d00      	cmp	r5, #0
1000193c:	d107      	bne.n	1000194e <stdio_put_string+0x3e>
1000193e:	9b01      	ldr	r3, [sp, #4]
10001940:	2b00      	cmp	r3, #0
10001942:	d001      	beq.n	10001948 <stdio_put_string+0x38>
10001944:	f7ff ffdc 	bl	10001900 <stdout_serialize_end>
10001948:	0020      	movs	r0, r4
1000194a:	b005      	add	sp, #20
1000194c:	bdf0      	pop	{r4, r5, r6, r7, pc}
1000194e:	682b      	ldr	r3, [r5, #0]
10001950:	2b00      	cmp	r3, #0
10001952:	d013      	beq.n	1000197c <stdio_put_string+0x6c>
10001954:	4b0d      	ldr	r3, [pc, #52]	@ (1000198c <stdio_put_string+0x7c>)
10001956:	681b      	ldr	r3, [r3, #0]
10001958:	2b00      	cmp	r3, #0
1000195a:	d001      	beq.n	10001960 <stdio_put_string+0x50>
1000195c:	42ab      	cmp	r3, r5
1000195e:	d10d      	bne.n	1000197c <stdio_put_string+0x6c>
10001960:	0022      	movs	r2, r4
10001962:	0031      	movs	r1, r6
10001964:	0028      	movs	r0, r5
10001966:	47b8      	blx	r7
10001968:	9b00      	ldr	r3, [sp, #0]
1000196a:	2b00      	cmp	r3, #0
1000196c:	d006      	beq.n	1000197c <stdio_put_string+0x6c>
1000196e:	220a      	movs	r2, #10
10001970:	ab02      	add	r3, sp, #8
10001972:	71da      	strb	r2, [r3, #7]
10001974:	0028      	movs	r0, r5
10001976:	3a09      	subs	r2, #9
10001978:	1dd9      	adds	r1, r3, #7
1000197a:	47b8      	blx	r7
1000197c:	692d      	ldr	r5, [r5, #16]
1000197e:	e7dc      	b.n	1000193a <stdio_put_string+0x2a>
10001980:	10001845 	.word	0x10001845
10001984:	10001855 	.word	0x10001855
10001988:	200003c0 	.word	0x200003c0
1000198c:	200003c4 	.word	0x200003c4

10001990 <stdio_flush>:
10001990:	4b05      	ldr	r3, [pc, #20]	@ (100019a8 <stdio_flush+0x18>)
10001992:	b510      	push	{r4, lr}
10001994:	681c      	ldr	r4, [r3, #0]
10001996:	2c00      	cmp	r4, #0
10001998:	d100      	bne.n	1000199c <stdio_flush+0xc>
1000199a:	bd10      	pop	{r4, pc}
1000199c:	6863      	ldr	r3, [r4, #4]
1000199e:	2b00      	cmp	r3, #0
100019a0:	d000      	beq.n	100019a4 <stdio_flush+0x14>
100019a2:	4798      	blx	r3
100019a4:	6924      	ldr	r4, [r4, #16]
100019a6:	e7f6      	b.n	10001996 <stdio_flush+0x6>
100019a8:	200003c0 	.word	0x200003c0

100019ac <__wrap_putchar>:
100019ac:	b513      	push	{r0, r1, r4, lr}
100019ae:	466b      	mov	r3, sp
100019b0:	0004      	movs	r4, r0
100019b2:	1dd8      	adds	r0, r3, #7
100019b4:	2301      	movs	r3, #1
100019b6:	2200      	movs	r2, #0
100019b8:	0019      	movs	r1, r3
100019ba:	7004      	strb	r4, [r0, #0]
100019bc:	f7ff ffa8 	bl	10001910 <stdio_put_string>
100019c0:	0020      	movs	r0, r4
100019c2:	bd16      	pop	{r1, r2, r4, pc}

100019c4 <__wrap_puts>:
100019c4:	b570      	push	{r4, r5, r6, lr}
100019c6:	0005      	movs	r5, r0
100019c8:	f000 f80c 	bl	100019e4 <strlen>
100019cc:	2301      	movs	r3, #1
100019ce:	0004      	movs	r4, r0
100019d0:	0001      	movs	r1, r0
100019d2:	001a      	movs	r2, r3
100019d4:	0028      	movs	r0, r5
100019d6:	f7ff ff9b 	bl	10001910 <stdio_put_string>
100019da:	f7ff ffd9 	bl	10001990 <stdio_flush>
100019de:	0020      	movs	r0, r4
100019e0:	bd70      	pop	{r4, r5, r6, pc}
	...

100019e4 <strlen>:
100019e4:	b510      	push	{r4, lr}
100019e6:	0783      	lsls	r3, r0, #30
100019e8:	d00a      	beq.n	10001a00 <strlen+0x1c>
100019ea:	0003      	movs	r3, r0
100019ec:	2103      	movs	r1, #3
100019ee:	e002      	b.n	100019f6 <strlen+0x12>
100019f0:	3301      	adds	r3, #1
100019f2:	420b      	tst	r3, r1
100019f4:	d005      	beq.n	10001a02 <strlen+0x1e>
100019f6:	781a      	ldrb	r2, [r3, #0]
100019f8:	2a00      	cmp	r2, #0
100019fa:	d1f9      	bne.n	100019f0 <strlen+0xc>
100019fc:	1a18      	subs	r0, r3, r0
100019fe:	bd10      	pop	{r4, pc}
10001a00:	0003      	movs	r3, r0
10001a02:	6819      	ldr	r1, [r3, #0]
10001a04:	4a0c      	ldr	r2, [pc, #48]	@ (10001a38 <strlen+0x54>)
10001a06:	4c0d      	ldr	r4, [pc, #52]	@ (10001a3c <strlen+0x58>)
10001a08:	188a      	adds	r2, r1, r2
10001a0a:	438a      	bics	r2, r1
10001a0c:	4222      	tst	r2, r4
10001a0e:	d10f      	bne.n	10001a30 <strlen+0x4c>
10001a10:	6859      	ldr	r1, [r3, #4]
10001a12:	4a09      	ldr	r2, [pc, #36]	@ (10001a38 <strlen+0x54>)
10001a14:	3304      	adds	r3, #4
10001a16:	188a      	adds	r2, r1, r2
10001a18:	438a      	bics	r2, r1
10001a1a:	4222      	tst	r2, r4
10001a1c:	d108      	bne.n	10001a30 <strlen+0x4c>
10001a1e:	6859      	ldr	r1, [r3, #4]
10001a20:	4a05      	ldr	r2, [pc, #20]	@ (10001a38 <strlen+0x54>)
10001a22:	3304      	adds	r3, #4
10001a24:	188a      	adds	r2, r1, r2
10001a26:	438a      	bics	r2, r1
10001a28:	4222      	tst	r2, r4
10001a2a:	d0f1      	beq.n	10001a10 <strlen+0x2c>
10001a2c:	e000      	b.n	10001a30 <strlen+0x4c>
10001a2e:	3301      	adds	r3, #1
10001a30:	781a      	ldrb	r2, [r3, #0]
10001a32:	2a00      	cmp	r2, #0
10001a34:	d1fb      	bne.n	10001a2e <strlen+0x4a>
10001a36:	e7e1      	b.n	100019fc <strlen+0x18>
10001a38:	fefefeff 	.word	0xfefefeff
10001a3c:	80808080 	.word	0x80808080

10001a40 <__mutex_exit_veneer>:
10001a40:	b401      	push	{r0}
10001a42:	4802      	ldr	r0, [pc, #8]	@ (10001a4c <__mutex_exit_veneer+0xc>)
10001a44:	4684      	mov	ip, r0
10001a46:	bc01      	pop	{r0}
10001a48:	4760      	bx	ip
10001a4a:	bf00      	nop
10001a4c:	20000187 	.word	0x20000187

10001a50 <__mutex_try_enter_block_until_veneer>:
10001a50:	b401      	push	{r0}
10001a52:	4802      	ldr	r0, [pc, #8]	@ (10001a5c <__mutex_try_enter_block_until_veneer+0xc>)
10001a54:	4684      	mov	ip, r0
10001a56:	bc01      	pop	{r0}
10001a58:	4760      	bx	ip
10001a5a:	bf00      	nop
10001a5c:	20000159 	.word	0x20000159

10001a60 <____aeabi_idiv0_veneer>:
10001a60:	b401      	push	{r0}
10001a62:	4802      	ldr	r0, [pc, #8]	@ (10001a6c <____aeabi_idiv0_veneer+0xc>)
10001a64:	4684      	mov	ip, r0
10001a66:	bc01      	pop	{r0}
10001a68:	4760      	bx	ip
10001a6a:	bf00      	nop
10001a6c:	200001b1 	.word	0x200001b1

10001a70 <____aeabi_ldiv0_veneer>:
10001a70:	b401      	push	{r0}
10001a72:	4802      	ldr	r0, [pc, #8]	@ (10001a7c <____aeabi_ldiv0_veneer+0xc>)
10001a74:	4684      	mov	ip, r0
10001a76:	bc01      	pop	{r0}
10001a78:	4760      	bx	ip
10001a7a:	bf00      	nop
10001a7c:	200001b1 	.word	0x200001b1

10001a80 <__pre_init_runtime_init_early_resets>:
10001a80:	1000107d                                }...

10001a84 <__pre_init_runtime_init_usb_power_down>:
10001a84:	100010a9 10001219 100017b1 10001699     ................
10001a94:	10001729                                )...

10001a98 <__pre_init_runtime_init_clocks>:
10001a98:	10001145                                E...

10001a9c <__pre_init_runtime_init_post_clock_resets>:
10001a9c:	100010c5                                ....

10001aa0 <__pre_init_runtime_init_rp2040_gpio_ie_disable>:
10001aa0:	100010e5                                ....

10001aa4 <__pre_init_runtime_init_spin_locks_reset>:
10001aa4:	100010f9                                ....

10001aa8 <__pre_init_runtime_init_mutex>:
10001aa8:	10000775                                u...

10001aac <__pre_init_runtime_init_install_ram_vector_table>:
10001aac:	10001101                                ....

10001ab0 <__pre_init_runtime_init_default_alarm_pool>:
10001ab0:	1000084d                                M...

10001ab4 <__pre_init_first_per_core_initializer>:
10001ab4:	10001051                                Q...

10001ab8 <__pre_init_runtime_init_per_core_irq_priorities>:
10001ab8:	10000695                                ....

Disassembly of section .data:

200000c0 <mutex_try_enter>:
200000c0:	0003      	movs	r3, r0
200000c2:	b510      	push	{r4, lr}
200000c4:	6800      	ldr	r0, [r0, #0]
200000c6:	f3ef 8410 	mrs	r4, PRIMASK
200000ca:	b672      	cpsid	i
200000cc:	6802      	ldr	r2, [r0, #0]
200000ce:	2a00      	cmp	r2, #0
200000d0:	d0fc      	beq.n	200000cc <mutex_try_enter+0xc>
200000d2:	f3bf 8f5f 	dmb	sy
200000d6:	2204      	movs	r2, #4
200000d8:	569a      	ldrsb	r2, [r3, r2]
200000da:	2a00      	cmp	r2, #0
200000dc:	da0c      	bge.n	200000f8 <mutex_try_enter+0x38>
200000de:	22d0      	movs	r2, #208	@ 0xd0
200000e0:	2001      	movs	r0, #1
200000e2:	0612      	lsls	r2, r2, #24
200000e4:	6812      	ldr	r2, [r2, #0]
200000e6:	711a      	strb	r2, [r3, #4]
200000e8:	681b      	ldr	r3, [r3, #0]
200000ea:	f3bf 8f5f 	dmb	sy
200000ee:	2200      	movs	r2, #0
200000f0:	601a      	str	r2, [r3, #0]
200000f2:	f384 8810 	msr	PRIMASK, r4
200000f6:	bd10      	pop	{r4, pc}
200000f8:	2900      	cmp	r1, #0
200000fa:	d101      	bne.n	20000100 <mutex_try_enter+0x40>
200000fc:	2000      	movs	r0, #0
200000fe:	e7f3      	b.n	200000e8 <mutex_try_enter+0x28>
20000100:	600a      	str	r2, [r1, #0]
20000102:	e7fb      	b.n	200000fc <mutex_try_enter+0x3c>

20000104 <mutex_enter_block_until>:
20000104:	b5f7      	push	{r0, r1, r2, r4, r5, r6, r7, lr}
20000106:	9301      	str	r3, [sp, #4]
20000108:	23d0      	movs	r3, #208	@ 0xd0
2000010a:	0005      	movs	r5, r0
2000010c:	0016      	movs	r6, r2
2000010e:	061b      	lsls	r3, r3, #24
20000110:	681f      	ldr	r7, [r3, #0]
20000112:	6829      	ldr	r1, [r5, #0]
20000114:	f3ef 8310 	mrs	r3, PRIMASK
20000118:	b672      	cpsid	i
2000011a:	680a      	ldr	r2, [r1, #0]
2000011c:	2a00      	cmp	r2, #0
2000011e:	d0fc      	beq.n	2000011a <mutex_enter_block_until+0x16>
20000120:	f3bf 8f5f 	dmb	sy
20000124:	7929      	ldrb	r1, [r5, #4]
20000126:	2400      	movs	r4, #0
20000128:	682a      	ldr	r2, [r5, #0]
2000012a:	297f      	cmp	r1, #127	@ 0x7f
2000012c:	d907      	bls.n	2000013e <mutex_enter_block_until+0x3a>
2000012e:	712f      	strb	r7, [r5, #4]
20000130:	f3bf 8f5f 	dmb	sy
20000134:	6014      	str	r4, [r2, #0]
20000136:	f383 8810 	msr	PRIMASK, r3
2000013a:	2001      	movs	r0, #1
2000013c:	bdfe      	pop	{r1, r2, r3, r4, r5, r6, r7, pc}
2000013e:	f3bf 8f5f 	dmb	sy
20000142:	6014      	str	r4, [r2, #0]
20000144:	f383 8810 	msr	PRIMASK, r3
20000148:	0030      	movs	r0, r6
2000014a:	9901      	ldr	r1, [sp, #4]
2000014c:	f000 f834 	bl	200001b8 <__best_effort_wfe_or_timeout_veneer>
20000150:	2800      	cmp	r0, #0
20000152:	d0de      	beq.n	20000112 <mutex_enter_block_until+0xe>
20000154:	0020      	movs	r0, r4
20000156:	e7f1      	b.n	2000013c <mutex_enter_block_until+0x38>

20000158 <mutex_try_enter_block_until>:
20000158:	b573      	push	{r0, r1, r4, r5, r6, lr}
2000015a:	a901      	add	r1, sp, #4
2000015c:	0004      	movs	r4, r0
2000015e:	0016      	movs	r6, r2
20000160:	001d      	movs	r5, r3
20000162:	f7ff ffad 	bl	200000c0 <mutex_try_enter>
20000166:	2800      	cmp	r0, #0
20000168:	d10c      	bne.n	20000184 <mutex_try_enter_block_until+0x2c>
2000016a:	22d0      	movs	r2, #208	@ 0xd0
2000016c:	0612      	lsls	r2, r2, #24
2000016e:	9b01      	ldr	r3, [sp, #4]
20000170:	7812      	ldrb	r2, [r2, #0]
20000172:	b25b      	sxtb	r3, r3
20000174:	b252      	sxtb	r2, r2
20000176:	4293      	cmp	r3, r2
20000178:	d004      	beq.n	20000184 <mutex_try_enter_block_until+0x2c>
2000017a:	0032      	movs	r2, r6
2000017c:	002b      	movs	r3, r5
2000017e:	0020      	movs	r0, r4
20000180:	f7ff ffc0 	bl	20000104 <mutex_enter_block_until>
20000184:	bd76      	pop	{r1, r2, r4, r5, r6, pc}

20000186 <mutex_exit>:
20000186:	6801      	ldr	r1, [r0, #0]
20000188:	f3ef 8310 	mrs	r3, PRIMASK
2000018c:	b672      	cpsid	i
2000018e:	680a      	ldr	r2, [r1, #0]
20000190:	2a00      	cmp	r2, #0
20000192:	d0fc      	beq.n	2000018e <mutex_exit+0x8>
20000194:	f3bf 8f5f 	dmb	sy
20000198:	22ff      	movs	r2, #255	@ 0xff
2000019a:	7102      	strb	r2, [r0, #4]
2000019c:	6802      	ldr	r2, [r0, #0]
2000019e:	f3bf 8f5f 	dmb	sy
200001a2:	2100      	movs	r1, #0
200001a4:	6011      	str	r1, [r2, #0]
200001a6:	f383 8810 	msr	PRIMASK, r3
200001aa:	bf40      	sev
200001ac:	4770      	bx	lr
	...

200001b0 <__aeabi_idiv0>:
200001b0:	4770      	bx	lr
200001b2:	46c0      	nop			@ (mov r8, r8)
200001b4:	0000      	movs	r0, r0
	...

200001b8 <__best_effort_wfe_or_timeout_veneer>:
200001b8:	b401      	push	{r0}
200001ba:	4802      	ldr	r0, [pc, #8]	@ (200001c4 <__best_effort_wfe_or_timeout_veneer+0xc>)
200001bc:	4684      	mov	ip, r0
200001be:	bc01      	pop	{r0}
200001c0:	4760      	bx	ip
200001c2:	bf00      	nop
200001c4:	10000c59 	.word	0x10000c59

200001c8 <striped_spin_lock_num>:
200001c8:	00000010 00000000                       ........

200001d0 <last_added.0>:
200001d0:	ffffffff 7fffffff                       ........

200001d8 <default_alarm_pool>:
	...
200001ec:	20000218                                ...

200001f0 <aeabi_bits_funcs>:
200001f0:	00003350 	.word	0x00003350
200001f4:	0000334c 	.word	0x0000334c
200001f8:	00003354 	.word	0x00003354
200001fc:	00003352 	.word	0x00003352

20000200 <aeabi_bits_funcs_end>:
20000200:	0000534d 	.word	0x0000534d
20000204:	0000434d 	.word	0x0000434d
20000208:	00003453 	.word	0x00003453
2000020c:	00003443 	.word	0x00003443

20000210 <print_mutex>:
	...
