sequence_id,time_s,support_mode,active_floor_contacts,maximum_rotary_tracking_error_deg,maximum_gripper_tracking_error_mm,left_normal_force_n,right_normal_force_n,unexpected_contact_pairs,minimum_contact_distance_m,fixture_generalized_force_norm_n,fixture_generalized_moment_norm_nm,controller,warning
WS-L01,0.000,DOUBLE,L+R,0.241853,0.000087,187.274959,185.808852,NONE,0.000169062,97.535031,2.527118,50 HZ CONTACT-ENABLED INVERSE FEEDFORWARD + FROZEN BASELINE PD GAINS,"PRELIMINARY - NUMERICAL HIP-REDUCTION SUCCESSOR ONLY - NOT APPROVED FOR CONNECTION, POWERED TESTING, MOTION, WALKING, OR ENERGIZATION"
WS-L01,0.020,DOUBLE,L+R,0.262302,0.000166,180.313236,188.037432,NONE,0.000169443,97.993789,3.044704,50 HZ CONTACT-ENABLED INVERSE FEEDFORWARD + FROZEN BASELINE PD GAINS,"PRELIMINARY - NUMERICAL HIP-REDUCTION SUCCESSOR ONLY - NOT APPROVED FOR CONNECTION, POWERED TESTING, MOTION, WALKING, OR ENERGIZATION"
WS-L01,0.040,DOUBLE,L+R,0.227490,0.000324,185.239807,189.342745,NONE,0.000169805,103.281450,6.059859,50 HZ CONTACT-ENABLED INVERSE FEEDFORWARD + FROZEN BASELINE PD GAINS,"PRELIMINARY - NUMERICAL HIP-REDUCTION SUCCESSOR ONLY - NOT APPROVED FOR CONNECTION, POWERED TESTING, MOTION, WALKING, OR ENERGIZATION"
WS-L01,0.060,DOUBLE,L+R,0.232045,0.000202,186.367206,188.284282,NONE,0.000170442,96.761611,2.491549,50 HZ CONTACT-ENABLED INVERSE FEEDFORWARD + FROZEN BASELINE PD GAINS,"PRELIMINARY - NUMERICAL HIP-REDUCTION SUCCESSOR ONLY - NOT APPROVED FOR CONNECTION, POWERED TESTING, MOTION, WALKING, OR ENERGIZATION"
WS-L01,0.080,DOUBLE,L+R,0.240415,0.000030,187.653532,188.392501,NONE,0.000176161,97.786982,0.232138,50 HZ CONTACT-ENABLED INVERSE FEEDFORWARD + FROZEN BASELINE PD GAINS,"PRELIMINARY - NUMERICAL HIP-REDUCTION SUCCESSOR ONLY - NOT APPROVED FOR CONNECTION, POWERED TESTING, MOTION, WALKING, OR ENERGIZATION"
WS-L01,0.100,DOUBLE,L+R,0.245516,0.000034,184.596569,185.362326,NONE,0.000172739,104.311243,6.295326,50 HZ CONTACT-ENABLED INVERSE FEEDFORWARD + FROZEN BASELINE PD GAINS,"PRELIMINARY - NUMERICAL HIP-REDUCTION SUCCESSOR ONLY - NOT APPROVED FOR CONNECTION, POWERED TESTING, MOTION, WALKING, OR ENERGIZATION"
WS-L01,0.120,DOUBLE,L+R,0.248277,0.000065,187.362881,188.099141,NONE,0.000181100,98.177157,0.124232,50 HZ CONTACT-ENABLED INVERSE FEEDFORWARD + FROZEN BASELINE PD GAINS,"PRELIMINARY - NUMERICAL HIP-REDUCTION SUCCESSOR ONLY - NOT APPROVED FOR CONNECTION, POWERED TESTING, MOTION, WALKING, OR ENERGIZATION"
WS-L01,0.140,DOUBLE,L+R,0.234013,0.000060,185.766342,186.541872,NONE,0.000185000,118.002727,11.537679,50 HZ CONTACT-ENABLED INVERSE FEEDFORWARD + FROZEN BASELINE PD GAINS,"PRELIMINARY - NUMERICAL HIP-REDUCTION SUCCESSOR ONLY - NOT APPROVED FOR CONNECTION, POWERED TESTING, MOTION, WALKING, OR ENERGIZATION"
WS-L01,0.160,DOUBLE,L+R,0.293508,0.000059,177.936726,178.672924,NONE,0.000190582,116.019670,8.259017,50 HZ CONTACT-ENABLED INVERSE FEEDFORWARD + FROZEN BASELINE PD GAINS,"PRELIMINARY - NUMERICAL HIP-REDUCTION SUCCESSOR ONLY - NOT APPROVED FOR CONNECTION, POWERED TESTING, MOTION, WALKING, OR ENERGIZATION"
WS-L01,0.180,DOUBLE,L+R,0.326643,0.000036,180.663647,181.403807,NONE,0.000202453,110.725979,7.989753,50 HZ CONTACT-ENABLED INVERSE FEEDFORWARD + FROZEN BASELINE PD GAINS,"PRELIMINARY - NUMERICAL HIP-REDUCTION SUCCESSOR ONLY - NOT APPROVED FOR CONNECTION, POWERED TESTING, MOTION, WALKING, OR ENERGIZATION"
WS-L01,0.200,DOUBLE,L+R,0.352318,0.000037,180.401380,181.141271,NONE,0.000196001,111.101279,8.073981,50 HZ CONTACT-ENABLED INVERSE FEEDFORWARD + FROZEN BASELINE PD GAINS,"PRELIMINARY - NUMERICAL HIP-REDUCTION SUCCESSOR ONLY - NOT APPROVED FOR CONNECTION, POWERED TESTING, MOTION, WALKING, OR ENERGIZATION"
WS-L01,0.220,DOUBLE,L+R,0.391858,0.000035,179.419572,180.158183,NONE,0.000192918,111.331764,8.159368,50 HZ CONTACT-ENABLED INVERSE FEEDFORWARD + FROZEN BASELINE PD GAINS,"PRELIMINARY - NUMERICAL HIP-REDUCTION SUCCESSOR ONLY - NOT APPROVED FOR CONNECTION, POWERED TESTING, MOTION, WALKING, OR ENERGIZATION"
WS-L01,0.240,DOUBLE,L+R,0.426504,0.000039,177.838557,178.574476,NONE,0.000191077,111.476638,8.248276,50 HZ CONTACT-ENABLED INVERSE FEEDFORWARD + FROZEN BASELINE PD GAINS,"PRELIMINARY - NUMERICAL HIP-REDUCTION SUCCESSOR ONLY - NOT APPROVED FOR CONNECTION, POWERED TESTING, MOTION, WALKING, OR ENERGIZATION"
WS-L01,0.260,DOUBLE,L+R,0.452409,0.000046,175.699123,176.430955,NONE,0.000189564,111.572594,8.343605,50 HZ CONTACT-ENABLED INVERSE FEEDFORWARD + FROZEN BASELINE PD GAINS,"PRELIMINARY - NUMERICAL HIP-REDUCTION SUCCESSOR ONLY - NOT APPROVED FOR CONNECTION, POWERED TESTING, MOTION, WALKING, OR ENERGIZATION"
WS-L01,0.280,DOUBLE,L+R,0.472472,0.000055,173.021125,173.747496,NONE,0.000188067,111.634256,8.445831,50 HZ CONTACT-ENABLED INVERSE FEEDFORWARD + FROZEN BASELINE PD GAINS,"PRELIMINARY - NUMERICAL HIP-REDUCTION SUCCESSOR ONLY - NOT APPROVED FOR CONNECTION, POWERED TESTING, MOTION, WALKING, OR ENERGIZATION"
WS-L01,0.300,DOUBLE,L+R,0.488648,0.000064,169.815569,170.535100,NONE,0.000186500,111.664387,8.553975,50 HZ CONTACT-ENABLED INVERSE FEEDFORWARD + FROZEN BASELINE PD GAINS,"PRELIMINARY - NUMERICAL HIP-REDUCTION SUCCESSOR ONLY - NOT APPROVED FOR CONNECTION, POWERED TESTING, MOTION, WALKING, OR ENERGIZATION"
WS-L01,0.320,DOUBLE,L+R,0.502225,0.000076,166.086601,166.797896,NONE,0.000184854,111.660731,8.666498,50 HZ CONTACT-ENABLED INVERSE FEEDFORWARD + FROZEN BASELINE PD GAINS,"PRELIMINARY - NUMERICAL HIP-REDUCTION SUCCESSOR ONLY - NOT APPROVED FOR CONNECTION, POWERED TESTING, MOTION, WALKING, OR ENERGIZATION"
WS-L01,0.340,DOUBLE,L+R,0.514025,0.000088,161.835080,162.536723,NONE,0.000183143,111.618948,8.781681,50 HZ CONTACT-ENABLED INVERSE FEEDFORWARD + FROZEN BASELINE PD GAINS,"PRELIMINARY - NUMERICAL HIP-REDUCTION SUCCESSOR ONLY - NOT APPROVED FOR CONNECTION, POWERED TESTING, MOTION, WALKING, OR ENERGIZATION"
WS-L01,0.360,DOUBLE,L+R,0.524549,0.000102,157.059274,157.749824,NONE,0.000181389,111.533689,8.897681,50 HZ CONTACT-ENABLED INVERSE FEEDFORWARD + FROZEN BASELINE PD GAINS,"PRELIMINARY - NUMERICAL HIP-REDUCTION SUCCESSOR ONLY - NOT APPROVED FOR CONNECTION, POWERED TESTING, MOTION, WALKING, OR ENERGIZATION"
WS-L01,0.380,DOUBLE,L+R,0.534074,0.000118,151.761098,152.439104,NONE,0.000179618,111.398788,9.012524,50 HZ CONTACT-ENABLED INVERSE FEEDFORWARD + FROZEN BASELINE PD GAINS,"PRELIMINARY - NUMERICAL HIP-REDUCTION SUCCESSOR ONLY - NOT APPROVED FOR CONNECTION, POWERED TESTING, MOTION, WALKING, OR ENERGIZATION"
WS-L01,0.400,DOUBLE,L+R,0.542718,0.000135,145.944443,146.608456,NONE,0.000177859,111.208175,9.124211,50 HZ CONTACT-ENABLED INVERSE FEEDFORWARD + FROZEN BASELINE PD GAINS,"PRELIMINARY - NUMERICAL HIP-REDUCTION SUCCESSOR ONLY - NOT APPROVED FOR CONNECTION, POWERED TESTING, MOTION, WALKING, OR ENERGIZATION"
WS-L01,0.420,DOUBLE,L+R,0.550491,0.000153,139.619333,140.267930,NONE,0.000176142,110.955430,9.230620,50 HZ CONTACT-ENABLED INVERSE FEEDFORWARD + FROZEN BASELINE PD GAINS,"PRELIMINARY - NUMERICAL HIP-REDUCTION SUCCESSOR ONLY - NOT APPROVED FOR CONNECTION, POWERED TESTING, MOTION, WALKING, OR ENERGIZATION"
WS-L01,0.440,DOUBLE,L+R,0.557324,0.000173,132.803004,133.434823,NONE,0.000174503,110.634341,9.329576,50 HZ CONTACT-ENABLED INVERSE FEEDFORWARD + FROZEN BASELINE PD GAINS,"PRELIMINARY - NUMERICAL HIP-REDUCTION SUCCESSOR ONLY - NOT APPROVED FOR CONNECTION, POWERED TESTING, MOTION, WALKING, OR ENERGIZATION"
WS-L01,0.460,DOUBLE,L+R,0.563097,0.000193,125.520889,126.134657,NONE,0.000172980,110.239177,9.418908,50 HZ CONTACT-ENABLED INVERSE FEEDFORWARD + FROZEN BASELINE PD GAINS,"PRELIMINARY - NUMERICAL HIP-REDUCTION SUCCESSOR ONLY - NOT APPROVED FOR CONNECTION, POWERED TESTING, MOTION, WALKING, OR ENERGIZATION"
WS-L01,0.480,DOUBLE,L+R,0.567654,0.000215,117.807115,118.401687,NONE,0.000171614,109.764967,9.496501,50 HZ CONTACT-ENABLED INVERSE FEEDFORWARD + FROZEN BASELINE PD GAINS,"PRELIMINARY - NUMERICAL HIP-REDUCTION SUCCESSOR ONLY - NOT APPROVED FOR CONNECTION, POWERED TESTING, MOTION, WALKING, OR ENERGIZATION"
WS-L01,0.500,DOUBLE,L+R,0.570822,0.000239,109.704437,110.278836,NONE,0.000170450,109.207781,9.560351,50 HZ CONTACT-ENABLED INVERSE FEEDFORWARD + FROZEN BASELINE PD GAINS,"PRELIMINARY - NUMERICAL HIP-REDUCTION SUCCESSOR ONLY - NOT APPROVED FOR CONNECTION, POWERED TESTING, MOTION, WALKING, OR ENERGIZATION"
WS-L01,0.520,DOUBLE,L+R,0.572423,0.000262,101.265840,101.819290,NONE,0.000169536,108.564842,9.608588,50 HZ CONTACT-ENABLED INVERSE FEEDFORWARD + FROZEN BASELINE PD GAINS,"PRELIMINARY - NUMERICAL HIP-REDUCTION SUCCESSOR ONLY - NOT APPROVED FOR CONNECTION, POWERED TESTING, MOTION, WALKING, OR ENERGIZATION"
WS-L01,0.540,DOUBLE,L+R,0.572282,0.000287,92.552208,93.084164,NONE,0.000168923,107.835177,9.639625,50 HZ CONTACT-ENABLED INVERSE FEEDFORWARD + FROZEN BASELINE PD GAINS,"PRELIMINARY - NUMERICAL HIP-REDUCTION SUCCESSOR ONLY - NOT APPROVED FOR CONNECTION, POWERED TESTING, MOTION, WALKING, OR ENERGIZATION"
WS-L01,0.560,DOUBLE,L+R,0.570244,0.000312,83.632250,84.142422,NONE,0.000168659,107.019544,9.652158,50 HZ CONTACT-ENABLED INVERSE FEEDFORWARD + FROZEN BASELINE PD GAINS,"PRELIMINARY - NUMERICAL HIP-REDUCTION SUCCESSOR ONLY - NOT APPROVED FOR CONNECTION, POWERED TESTING, MOTION, WALKING, OR ENERGIZATION"
WS-L01,0.580,DOUBLE,L+R,0.566179,0.000337,74.580811,75.069181,NONE,0.000168795,106.120788,9.645264,50 HZ CONTACT-ENABLED INVERSE FEEDFORWARD + FROZEN BASELINE PD GAINS,"PRELIMINARY - NUMERICAL HIP-REDUCTION SUCCESSOR ONLY - NOT APPROVED FOR CONNECTION, POWERED TESTING, MOTION, WALKING, OR ENERGIZATION"
WS-L01,0.600,DOUBLE,L+R,0.559992,0.000362,65.476971,65.943796,NONE,0.000169375,105.143839,9.618419,50 HZ CONTACT-ENABLED INVERSE FEEDFORWARD + FROZEN BASELINE PD GAINS,"PRELIMINARY - NUMERICAL HIP-REDUCTION SUCCESSOR ONLY - NOT APPROVED FOR CONNECTION, POWERED TESTING, MOTION, WALKING, OR ENERGIZATION"
WS-L01,0.620,DOUBLE,L+R,0.551629,0.000387,56.401858,56.847658,NONE,0.000170439,104.095797,9.571558,50 HZ CONTACT-ENABLED INVERSE FEEDFORWARD + FROZEN BASELINE PD GAINS,"PRELIMINARY - NUMERICAL HIP-REDUCTION SUCCESSOR ONLY - NOT APPROVED FOR CONNECTION, POWERED TESTING, MOTION, WALKING, OR ENERGIZATION"
WS-L01,0.640,DOUBLE,L+R,0.541082,0.000412,47.436215,47.861762,NONE,0.000172019,102.985711,9.505055,50 HZ CONTACT-ENABLED INVERSE FEEDFORWARD + FROZEN BASELINE PD GAINS,"PRELIMINARY - NUMERICAL HIP-REDUCTION SUCCESSOR ONLY - NOT APPROVED FOR CONNECTION, POWERED TESTING, MOTION, WALKING, OR ENERGIZATION"
WS-L01,0.660,DOUBLE,L+R,0.528419,0.000442,39.428280,39.795009,NONE,0.000174283,101.903520,9.415879,50 HZ CONTACT-ENABLED INVERSE FEEDFORWARD + FROZEN BASELINE PD GAINS,"PRELIMINARY - NUMERICAL HIP-REDUCTION SUCCESSOR ONLY - NOT APPROVED FOR CONNECTION, POWERED TESTING, MOTION, WALKING, OR ENERGIZATION"
WS-L01,0.680,DOUBLE,L+R,0.513808,0.000466,33.236448,33.476615,NONE,0.000178501,100.970129,9.331501,50 HZ CONTACT-ENABLED INVERSE FEEDFORWARD + FROZEN BASELINE PD GAINS,"PRELIMINARY - NUMERICAL HIP-REDUCTION SUCCESSOR ONLY - NOT APPROVED FOR CONNECTION, POWERED TESTING, MOTION, WALKING, OR ENERGIZATION"
WS-L01,0.700,DOUBLE,L+R,0.497705,0.000487,30.188420,30.415022,NONE,0.000187323,100.393920,9.301834,50 HZ CONTACT-ENABLED INVERSE FEEDFORWARD + FROZEN BASELINE PD GAINS,"PRELIMINARY - NUMERICAL HIP-REDUCTION SUCCESSOR ONLY - NOT APPROVED FOR CONNECTION, POWERED TESTING, MOTION, WALKING, OR ENERGIZATION"
WS-L01,0.720,DOUBLE,L+R,0.480230,0.000491,29.086028,29.256478,NONE,0.000201197,100.117130,9.328474,50 HZ CONTACT-ENABLED INVERSE FEEDFORWARD + FROZEN BASELINE PD GAINS,"PRELIMINARY - NUMERICAL HIP-REDUCTION SUCCESSOR ONLY - NOT APPROVED FOR CONNECTION, POWERED TESTING, MOTION, WALKING, OR ENERGIZATION"
WS-L01,0.740,DOUBLE,L+R,0.461719,0.000495,28.992782,29.157859,NONE,0.000200515,99.966818,9.378754,50 HZ CONTACT-ENABLED INVERSE FEEDFORWARD + FROZEN BASELINE PD GAINS,"PRELIMINARY - NUMERICAL HIP-REDUCTION SUCCESSOR ONLY - NOT APPROVED FOR CONNECTION, POWERED TESTING, MOTION, WALKING, OR ENERGIZATION"
WS-L01,0.760,DOUBLE,L+R,0.442151,0.000504,29.124198,29.284833,NONE,0.000191405,99.851495,9.416810,50 HZ CONTACT-ENABLED INVERSE FEEDFORWARD + FROZEN BASELINE PD GAINS,"PRELIMINARY - NUMERICAL HIP-REDUCTION SUCCESSOR ONLY - NOT APPROVED FOR CONNECTION, POWERED TESTING, MOTION, WALKING, OR ENERGIZATION"
WS-L01,0.780,DOUBLE,L+R,0.421538,0.000522,29.386599,29.545055,NONE,0.000182065,99.765927,9.448028,50 HZ CONTACT-ENABLED INVERSE FEEDFORWARD + FROZEN BASELINE PD GAINS,"PRELIMINARY - NUMERICAL HIP-REDUCTION SUCCESSOR ONLY - NOT APPROVED FOR CONNECTION, POWERED TESTING, MOTION, WALKING, OR ENERGIZATION"
WS-L01,0.800,DOUBLE,L+R,0.399980,0.000539,29.727084,29.884410,NONE,0.000172873,99.704153,9.474086,50 HZ CONTACT-ENABLED INVERSE FEEDFORWARD + FROZEN BASELINE PD GAINS,"PRELIMINARY - NUMERICAL HIP-REDUCTION SUCCESSOR ONLY - NOT APPROVED FOR CONNECTION, POWERED TESTING, MOTION, WALKING, OR ENERGIZATION"
WS-L01,0.820,DOUBLE,L+R,0.377620,0.000553,30.123749,30.280437,NONE,0.000163972,99.664569,9.495677,50 HZ CONTACT-ENABLED INVERSE FEEDFORWARD + FROZEN BASELINE PD GAINS,"PRELIMINARY - NUMERICAL HIP-REDUCTION SUCCESSOR ONLY - NOT APPROVED FOR CONNECTION, POWERED TESTING, MOTION, WALKING, OR ENERGIZATION"
WS-L01,0.840,DOUBLE,L+R,0.354626,0.000565,30.566257,30.722565,NONE,0.000155421,99.645830,9.513158,50 HZ CONTACT-ENABLED INVERSE FEEDFORWARD + FROZEN BASELINE PD GAINS,"PRELIMINARY - NUMERICAL HIP-REDUCTION SUCCESSOR ONLY - NOT APPROVED FOR CONNECTION, POWERED TESTING, MOTION, WALKING, OR ENERGIZATION"
WS-L01,0.860,DOUBLE,L+R,0.347402,0.000574,31.047550,31.203628,NONE,0.000147243,99.646261,9.526790,50 HZ CONTACT-ENABLED INVERSE FEEDFORWARD + FROZEN BASELINE PD GAINS,"PRELIMINARY - NUMERICAL HIP-REDUCTION SUCCESSOR ONLY - NOT APPROVED FOR CONNECTION, POWERED TESTING, MOTION, WALKING, OR ENERGIZATION"
WS-L01,0.880,DOUBLE,L+R,0.340907,0.000581,31.562222,31.718167,NONE,0.000139449,99.663411,9.536749,50 HZ CONTACT-ENABLED INVERSE FEEDFORWARD + FROZEN BASELINE PD GAINS,"PRELIMINARY - NUMERICAL HIP-REDUCTION SUCCESSOR ONLY - NOT APPROVED FOR CONNECTION, POWERED TESTING, MOTION, WALKING, OR ENERGIZATION"
WS-L01,0.900,DOUBLE,L+R,0.334480,0.000588,32.105396,32.261276,NONE,0.000132038,99.694444,9.543171,50 HZ CONTACT-ENABLED INVERSE FEEDFORWARD + FROZEN BASELINE PD GAINS,"PRELIMINARY - NUMERICAL HIP-REDUCTION SUCCESSOR ONLY - NOT APPROVED FOR CONNECTION, POWERED TESTING, MOTION, WALKING, OR ENERGIZATION"
WS-L01,0.920,DOUBLE,L+R,0.328182,0.000593,32.673001,32.828862,NONE,0.000125003,99.736003,9.546142,50 HZ CONTACT-ENABLED INVERSE FEEDFORWARD + FROZEN BASELINE PD GAINS,"PRELIMINARY - NUMERICAL HIP-REDUCTION SUCCESSOR ONLY - NOT APPROVED FOR CONNECTION, POWERED TESTING, MOTION, WALKING, OR ENERGIZATION"
WS-L01,0.940,DOUBLE,L+R,0.322065,0.000598,33.260790,33.416664,NONE,0.000118332,99.784832,9.545753,50 HZ CONTACT-ENABLED INVERSE FEEDFORWARD + FROZEN BASELINE PD GAINS,"PRELIMINARY - NUMERICAL HIP-REDUCTION SUCCESSOR ONLY - NOT APPROVED FOR CONNECTION, POWERED TESTING, MOTION, WALKING, OR ENERGIZATION"
WS-L01,0.960,DOUBLE,L+R,0.316177,0.000601,33.865716,34.021625,NONE,0.000112012,99.837305,9.542036,50 HZ CONTACT-ENABLED INVERSE FEEDFORWARD + FROZEN BASELINE PD GAINS,"PRELIMINARY - NUMERICAL HIP-REDUCTION SUCCESSOR ONLY - NOT APPROVED FOR CONNECTION, POWERED TESTING, MOTION, WALKING, OR ENERGIZATION"
WS-L01,0.980,DOUBLE,L+R,0.310557,0.000605,34.484727,34.640685,NONE,0.000106023,99.890052,9.535032,50 HZ CONTACT-ENABLED INVERSE FEEDFORWARD + FROZEN BASELINE PD GAINS,"PRELIMINARY - NUMERICAL HIP-REDUCTION SUCCESSOR ONLY - NOT APPROVED FOR CONNECTION, POWERED TESTING, MOTION, WALKING, OR ENERGIZATION"
WS-L01,1.000,DOUBLE,L+R,0.305234,0.000608,35.114865,35.270881,NONE,0.000100346,99.939906,9.524794,50 HZ CONTACT-ENABLED INVERSE FEEDFORWARD + FROZEN BASELINE PD GAINS,"PRELIMINARY - NUMERICAL HIP-REDUCTION SUCCESSOR ONLY - NOT APPROVED FOR CONNECTION, POWERED TESTING, MOTION, WALKING, OR ENERGIZATION"
WS-L01,1.020,DOUBLE,L+R,0.300234,0.000610,35.753942,35.910023,NONE,0.000094961,99.983830,9.511357,50 HZ CONTACT-ENABLED INVERSE FEEDFORWARD + FROZEN BASELINE PD GAINS,"PRELIMINARY - NUMERICAL HIP-REDUCTION SUCCESSOR ONLY - NOT APPROVED FOR CONNECTION, POWERED TESTING, MOTION, WALKING, OR ENERGIZATION"
WS-L01,1.040,DOUBLE,L+R,0.295574,0.000612,36.399632,36.555783,NONE,0.000089847,100.019217,9.494782,50 HZ CONTACT-ENABLED INVERSE FEEDFORWARD + FROZEN BASELINE PD GAINS,"PRELIMINARY - NUMERICAL HIP-REDUCTION SUCCESSOR ONLY - NOT APPROVED FOR CONNECTION, POWERED TESTING, MOTION, WALKING, OR ENERGIZATION"
WS-L01,1.060,DOUBLE,L+R,0.291265,0.000614,37.049096,37.205744,NONE,0.000084985,100.042319,9.475073,50 HZ CONTACT-ENABLED INVERSE FEEDFORWARD + FROZEN BASELINE PD GAINS,"PRELIMINARY - NUMERICAL HIP-REDUCTION SUCCESSOR ONLY - NOT APPROVED FOR CONNECTION, POWERED TESTING, MOTION, WALKING, OR ENERGIZATION"
WS-L01,1.080,DOUBLE,L+R,0.287291,0.000617,37.695327,37.852884,NONE,0.000080341,100.044795,9.451991,50 HZ CONTACT-ENABLED INVERSE FEEDFORWARD + FROZEN BASELINE PD GAINS,"PRELIMINARY - NUMERICAL HIP-REDUCTION SUCCESSOR ONLY - NOT APPROVED FOR CONNECTION, POWERED TESTING, MOTION, WALKING, OR ENERGIZATION"
WS-L01,1.100,DOUBLE,L+R,0.283643,0.000618,38.339717,38.497667,NONE,0.000075875,100.027896,9.425759,50 HZ CONTACT-ENABLED INVERSE FEEDFORWARD + FROZEN BASELINE PD GAINS,"PRELIMINARY - NUMERICAL HIP-REDUCTION SUCCESSOR ONLY - NOT APPROVED FOR CONNECTION, POWERED TESTING, MOTION, WALKING, OR ENERGIZATION"
WS-L01,1.120,DOUBLE,L+R,0.280239,0.000620,39.060334,39.233654,NONE,0.000071584,99.981004,9.392711,50 HZ CONTACT-ENABLED INVERSE FEEDFORWARD + FROZEN BASELINE PD GAINS,"PRELIMINARY - NUMERICAL HIP-REDUCTION SUCCESSOR ONLY - NOT APPROVED FOR CONNECTION, POWERED TESTING, MOTION, WALKING, OR ENERGIZATION"
WS-L01,1.140,DOUBLE,L+R,0.275598,0.000619,40.138800,40.312794,NONE,0.000067607,99.916691,9.330083,50 HZ CONTACT-ENABLED INVERSE FEEDFORWARD + FROZEN BASELINE PD GAINS,"PRELIMINARY - NUMERICAL HIP-REDUCTION SUCCESSOR ONLY - NOT APPROVED FOR CONNECTION, POWERED TESTING, MOTION, WALKING, OR ENERGIZATION"
WS-L01,1.160,DOUBLE,L+R,0.269914,0.000617,41.118707,41.292577,NONE,0.000063944,99.873543,9.270333,50 HZ CONTACT-ENABLED INVERSE FEEDFORWARD + FROZEN BASELINE PD GAINS,"PRELIMINARY - NUMERICAL HIP-REDUCTION SUCCESSOR ONLY - NOT APPROVED FOR CONNECTION, POWERED TESTING, MOTION, WALKING, OR ENERGIZATION"
WS-L01,1.180,DOUBLE,L+R,0.264039,0.000614,41.999743,42.173456,NONE,0.000060627,99.834632,9.217987,50 HZ CONTACT-ENABLED INVERSE FEEDFORWARD + FROZEN BASELINE PD GAINS,"PRELIMINARY - NUMERICAL HIP-REDUCTION SUCCESSOR ONLY - NOT APPROVED FOR CONNECTION, POWERED TESTING, MOTION, WALKING, OR ENERGIZATION"
WS-L01,1.200,DOUBLE,L+R,0.258515,0.000612,42.804402,42.977948,NONE,0.000057617,99.787936,9.169959,50 HZ CONTACT-ENABLED INVERSE FEEDFORWARD + FROZEN BASELINE PD GAINS,"PRELIMINARY - NUMERICAL HIP-REDUCTION SUCCESSOR ONLY - NOT APPROVED FOR CONNECTION, POWERED TESTING, MOTION, WALKING, OR ENERGIZATION"
WS-L01,1.220,DOUBLE,L+R,0.253632,0.000610,43.543953,43.717345,NONE,0.000054831,99.729394,9.124632,50 HZ CONTACT-ENABLED INVERSE FEEDFORWARD + FROZEN BASELINE PD GAINS,"PRELIMINARY - NUMERICAL HIP-REDUCTION SUCCESSOR ONLY - NOT APPROVED FOR CONNECTION, POWERED TESTING, MOTION, WALKING, OR ENERGIZATION"
WS-L01,1.240,DOUBLE,L+R,0.249808,0.000615,44.121880,44.320200,NONE,0.000052211,99.490397,9.041424,50 HZ CONTACT-ENABLED INVERSE FEEDFORWARD + FROZEN BASELINE PD GAINS,"PRELIMINARY - NUMERICAL HIP-REDUCTION SUCCESSOR ONLY - NOT APPROVED FOR CONNECTION, POWERED TESTING, MOTION, WALKING, OR ENERGIZATION"
WS-L01,1.260,DOUBLE,L+R,0.248707,0.000605,44.640154,44.516870,NONE,0.000049832,99.256445,8.987782,50 HZ CONTACT-ENABLED INVERSE FEEDFORWARD + FROZEN BASELINE PD GAINS,"PRELIMINARY - NUMERICAL HIP-REDUCTION SUCCESSOR ONLY - NOT APPROVED FOR CONNECTION, POWERED TESTING, MOTION, WALKING, OR ENERGIZATION"
WS-L01,1.280,DOUBLE,L+R,0.251335,0.000627,44.648436,45.229470,NONE,0.000047623,98.756528,8.880118,50 HZ CONTACT-ENABLED INVERSE FEEDFORWARD + FROZEN BASELINE PD GAINS,"PRELIMINARY - NUMERICAL HIP-REDUCTION SUCCESSOR ONLY - NOT APPROVED FOR CONNECTION, POWERED TESTING, MOTION, WALKING, OR ENERGIZATION"
WS-L01,1.300,DOUBLE,L+R,0.254326,0.000626,45.164751,45.316164,NONE,0.000045459,98.446520,8.822826,50 HZ CONTACT-ENABLED INVERSE FEEDFORWARD + FROZEN BASELINE PD GAINS,"PRELIMINARY - NUMERICAL HIP-REDUCTION SUCCESSOR ONLY - NOT APPROVED FOR CONNECTION, POWERED TESTING, MOTION, WALKING, OR ENERGIZATION"
WS-L01,1.320,DOUBLE,L+R,0.258998,0.001392,46.318334,48.711590,NONE,0.000044175,95.415592,7.983035,50 HZ CONTACT-ENABLED INVERSE FEEDFORWARD + FROZEN BASELINE PD GAINS,"PRELIMINARY - NUMERICAL HIP-REDUCTION SUCCESSOR ONLY - NOT APPROVED FOR CONNECTION, POWERED TESTING, MOTION, WALKING, OR ENERGIZATION"
WS-L01,1.340,DOUBLE,L+R,0.277244,0.008052,53.892965,129.444104,NONE,0.000049104,89.787115,4.703851,50 HZ CONTACT-ENABLED INVERSE FEEDFORWARD + FROZEN BASELINE PD GAINS,"PRELIMINARY - NUMERICAL HIP-REDUCTION SUCCESSOR ONLY - NOT APPROVED FOR CONNECTION, POWERED TESTING, MOTION, WALKING, OR ENERGIZATION"
WS-L01,1.360,DOUBLE,L+R,0.300469,0.005177,135.474954,201.389120,NONE,0.000075786,96.060596,1.844542,50 HZ CONTACT-ENABLED INVERSE FEEDFORWARD + FROZEN BASELINE PD GAINS,"PRELIMINARY - NUMERICAL HIP-REDUCTION SUCCESSOR ONLY - NOT APPROVED FOR CONNECTION, POWERED TESTING, MOTION, WALKING, OR ENERGIZATION"
WS-L01,1.380,DOUBLE,L+R,0.316007,0.003414,174.993506,198.277986,NONE,0.000096159,96.738307,0.618495,50 HZ CONTACT-ENABLED INVERSE FEEDFORWARD + FROZEN BASELINE PD GAINS,"PRELIMINARY - NUMERICAL HIP-REDUCTION SUCCESSOR ONLY - NOT APPROVED FOR CONNECTION, POWERED TESTING, MOTION, WALKING, OR ENERGIZATION"
WS-L01,1.400,DOUBLE,L+R,0.326144,0.000091,186.754430,194.366799,NONE,0.000105875,96.539379,0.240818,50 HZ CONTACT-ENABLED INVERSE FEEDFORWARD + FROZEN BASELINE PD GAINS,"PRELIMINARY - NUMERICAL HIP-REDUCTION SUCCESSOR ONLY - NOT APPROVED FOR CONNECTION, POWERED TESTING, MOTION, WALKING, OR ENERGIZATION"
WS-L01,1.420,DOUBLE,L+R,0.332769,0.000876,190.696360,193.508137,NONE,0.000109247,96.468394,0.131941,50 HZ CONTACT-ENABLED INVERSE FEEDFORWARD + FROZEN BASELINE PD GAINS,"PRELIMINARY - NUMERICAL HIP-REDUCTION SUCCESSOR ONLY - NOT APPROVED FOR CONNECTION, POWERED TESTING, MOTION, WALKING, OR ENERGIZATION"
WS-L01,1.440,DOUBLE,L+R,0.336656,0.000802,192.303947,193.701404,NONE,0.000109708,96.449837,0.101550,50 HZ CONTACT-ENABLED INVERSE FEEDFORWARD + FROZEN BASELINE PD GAINS,"PRELIMINARY - NUMERICAL HIP-REDUCTION SUCCESSOR ONLY - NOT APPROVED FOR CONNECTION, POWERED TESTING, MOTION, WALKING, OR ENERGIZATION"
WS-L01,1.460,DOUBLE,L+R,0.338040,0.000563,193.072911,194.045827,NONE,0.000109242,96.440748,0.093180,50 HZ CONTACT-ENABLED INVERSE FEEDFORWARD + FROZEN BASELINE PD GAINS,"PRELIMINARY - NUMERICAL HIP-REDUCTION SUCCESSOR ONLY - NOT APPROVED FOR CONNECTION, POWERED TESTING, MOTION, WALKING, OR ENERGIZATION"
WS-L01,1.480,DOUBLE,L+R,0.337807,0.000365,193.428450,194.272465,NONE,0.000108927,96.431959,0.090857,50 HZ CONTACT-ENABLED INVERSE FEEDFORWARD + FROZEN BASELINE PD GAINS,"PRELIMINARY - NUMERICAL HIP-REDUCTION SUCCESSOR ONLY - NOT APPROVED FOR CONNECTION, POWERED TESTING, MOTION, WALKING, OR ENERGIZATION"
WS-L01,1.500,DOUBLE,L+R,0.336471,0.000254,193.450480,194.343600,NONE,0.000108983,96.422063,0.089942,50 HZ CONTACT-ENABLED INVERSE FEEDFORWARD + FROZEN BASELINE PD GAINS,"PRELIMINARY - NUMERICAL HIP-REDUCTION SUCCESSOR ONLY - NOT APPROVED FOR CONNECTION, POWERED TESTING, MOTION, WALKING, OR ENERGIZATION"
WS-L01,1.520,DOUBLE,L+R,0.334566,0.000185,193.487459,194.288711,NONE,0.000109417,96.413038,0.090650,50 HZ CONTACT-ENABLED INVERSE FEEDFORWARD + FROZEN BASELINE PD GAINS,"PRELIMINARY - NUMERICAL HIP-REDUCTION SUCCESSOR ONLY - NOT APPROVED FOR CONNECTION, POWERED TESTING, MOTION, WALKING, OR ENERGIZATION"
WS-L01,1.540,DOUBLE,L+R,0.332388,0.000168,193.527624,194.261215,NONE,0.000110086,96.409482,0.090248,50 HZ CONTACT-ENABLED INVERSE FEEDFORWARD + FROZEN BASELINE PD GAINS,"PRELIMINARY - NUMERICAL HIP-REDUCTION SUCCESSOR ONLY - NOT APPROVED FOR CONNECTION, POWERED TESTING, MOTION, WALKING, OR ENERGIZATION"
WS-L01,1.560,DOUBLE,L+R,0.330067,0.000355,193.565860,194.222076,NONE,0.000110844,96.409095,0.089971,50 HZ CONTACT-ENABLED INVERSE FEEDFORWARD + FROZEN BASELINE PD GAINS,"PRELIMINARY - NUMERICAL HIP-REDUCTION SUCCESSOR ONLY - NOT APPROVED FOR CONNECTION, POWERED TESTING, MOTION, WALKING, OR ENERGIZATION"
WS-L01,1.580,DOUBLE,L+R,0.327675,0.000654,193.611097,194.173954,NONE,0.000111637,96.409557,0.089784,50 HZ CONTACT-ENABLED INVERSE FEEDFORWARD + FROZEN BASELINE PD GAINS,"PRELIMINARY - NUMERICAL HIP-REDUCTION SUCCESSOR ONLY - NOT APPROVED FOR CONNECTION, POWERED TESTING, MOTION, WALKING, OR ENERGIZATION"
WS-L01,1.600,DOUBLE,L+R,0.325256,0.000990,193.665448,194.120866,NONE,0.000112439,96.410169,0.089583,50 HZ CONTACT-ENABLED INVERSE FEEDFORWARD + FROZEN BASELINE PD GAINS,"PRELIMINARY - NUMERICAL HIP-REDUCTION SUCCESSOR ONLY - NOT APPROVED FOR CONNECTION, POWERED TESTING, MOTION, WALKING, OR ENERGIZATION"
WS-L01,1.620,DOUBLE,L+R,0.322834,0.001351,193.729502,194.064684,NONE,0.000113045,96.410803,0.089351,50 HZ CONTACT-ENABLED INVERSE FEEDFORWARD + FROZEN BASELINE PD GAINS,"PRELIMINARY - NUMERICAL HIP-REDUCTION SUCCESSOR ONLY - NOT APPROVED FOR CONNECTION, POWERED TESTING, MOTION, WALKING, OR ENERGIZATION"
WS-L01,1.640,DOUBLE,L+R,0.320425,0.001730,193.803932,194.007294,NONE,0.000113625,96.411398,0.089083,50 HZ CONTACT-ENABLED INVERSE FEEDFORWARD + FROZEN BASELINE PD GAINS,"PRELIMINARY - NUMERICAL HIP-REDUCTION SUCCESSOR ONLY - NOT APPROVED FOR CONNECTION, POWERED TESTING, MOTION, WALKING, OR ENERGIZATION"
WS-L01,1.660,DOUBLE,L+R,0.318038,0.002121,193.887560,193.949990,NONE,0.000114178,96.411982,0.088767,50 HZ CONTACT-ENABLED INVERSE FEEDFORWARD + FROZEN BASELINE PD GAINS,"PRELIMINARY - NUMERICAL HIP-REDUCTION SUCCESSOR ONLY - NOT APPROVED FOR CONNECTION, POWERED TESTING, MOTION, WALKING, OR ENERGIZATION"
WS-L01,1.680,DOUBLE,L+R,0.315677,0.002525,193.980018,193.893568,NONE,0.000114590,96.412543,0.088404,50 HZ CONTACT-ENABLED INVERSE FEEDFORWARD + FROZEN BASELINE PD GAINS,"PRELIMINARY - NUMERICAL HIP-REDUCTION SUCCESSOR ONLY - NOT APPROVED FOR CONNECTION, POWERED TESTING, MOTION, WALKING, OR ENERGIZATION"
WS-L01,1.700,DOUBLE,L+R,0.313348,0.002940,194.082334,193.837741,NONE,0.000114898,96.413066,0.087995,50 HZ CONTACT-ENABLED INVERSE FEEDFORWARD + FROZEN BASELINE PD GAINS,"PRELIMINARY - NUMERICAL HIP-REDUCTION SUCCESSOR ONLY - NOT APPROVED FOR CONNECTION, POWERED TESTING, MOTION, WALKING, OR ENERGIZATION"
WS-L01,1.720,DOUBLE,L+R,0.311051,0.003367,194.192636,193.783849,NONE,0.000115168,96.413572,0.087513,50 HZ CONTACT-ENABLED INVERSE FEEDFORWARD + FROZEN BASELINE PD GAINS,"PRELIMINARY - NUMERICAL HIP-REDUCTION SUCCESSOR ONLY - NOT APPROVED FOR CONNECTION, POWERED TESTING, MOTION, WALKING, OR ENERGIZATION"
WS-L01,1.740,DOUBLE,L+R,0.308788,0.003807,194.309129,193.732662,NONE,0.000115402,96.414070,0.086955,50 HZ CONTACT-ENABLED INVERSE FEEDFORWARD + FROZEN BASELINE PD GAINS,"PRELIMINARY - NUMERICAL HIP-REDUCTION SUCCESSOR ONLY - NOT APPROVED FOR CONNECTION, POWERED TESTING, MOTION, WALKING, OR ENERGIZATION"
WS-L01,1.760,DOUBLE,L+R,0.306558,0.004261,194.431798,193.684181,NONE,0.000115603,96.414538,0.086331,50 HZ CONTACT-ENABLED INVERSE FEEDFORWARD + FROZEN BASELINE PD GAINS,"PRELIMINARY - NUMERICAL HIP-REDUCTION SUCCESSOR ONLY - NOT APPROVED FOR CONNECTION, POWERED TESTING, MOTION, WALKING, OR ENERGIZATION"
WS-L01,1.780,DOUBLE,L+R,0.304364,0.004732,194.560676,193.638609,NONE,0.000115773,96.414965,0.085630,50 HZ CONTACT-ENABLED INVERSE FEEDFORWARD + FROZEN BASELINE PD GAINS,"PRELIMINARY - NUMERICAL HIP-REDUCTION SUCCESSOR ONLY - NOT APPROVED FOR CONNECTION, POWERED TESTING, MOTION, WALKING, OR ENERGIZATION"
WS-L01,1.800,DOUBLE,L+R,0.302203,0.005221,194.694171,193.595902,NONE,0.000115914,96.415395,0.084837,50 HZ CONTACT-ENABLED INVERSE FEEDFORWARD + FROZEN BASELINE PD GAINS,"PRELIMINARY - NUMERICAL HIP-REDUCTION SUCCESSOR ONLY - NOT APPROVED FOR CONNECTION, POWERED TESTING, MOTION, WALKING, OR ENERGIZATION"
WS-L01,1.820,DOUBLE,L+R,0.300077,0.005730,194.830677,193.557829,NONE,0.000116029,96.415788,0.083944,50 HZ CONTACT-ENABLED INVERSE FEEDFORWARD + FROZEN BASELINE PD GAINS,"PRELIMINARY - NUMERICAL HIP-REDUCTION SUCCESSOR ONLY - NOT APPROVED FOR CONNECTION, POWERED TESTING, MOTION, WALKING, OR ENERGIZATION"
WS-L01,1.840,DOUBLE,L+R,0.297985,0.006261,194.970678,193.523304,NONE,0.000116120,96.416158,0.082966,50 HZ CONTACT-ENABLED INVERSE FEEDFORWARD + FROZEN BASELINE PD GAINS,"PRELIMINARY - NUMERICAL HIP-REDUCTION SUCCESSOR ONLY - NOT APPROVED FOR CONNECTION, POWERED TESTING, MOTION, WALKING, OR ENERGIZATION"
WS-L01,1.860,DOUBLE,L+R,0.295926,0.006815,195.113098,193.492630,NONE,0.000116189,96.416509,0.081884,50 HZ CONTACT-ENABLED INVERSE FEEDFORWARD + FROZEN BASELINE PD GAINS,"PRELIMINARY - NUMERICAL HIP-REDUCTION SUCCESSOR ONLY - NOT APPROVED FOR CONNECTION, POWERED TESTING, MOTION, WALKING, OR ENERGIZATION"
WS-L01,1.880,DOUBLE,L+R,0.293901,0.007395,195.255928,193.467356,NONE,0.000116238,96.416833,0.080684,50 HZ CONTACT-ENABLED INVERSE FEEDFORWARD + FROZEN BASELINE PD GAINS,"PRELIMINARY - NUMERICAL HIP-REDUCTION SUCCESSOR ONLY - NOT APPROVED FOR CONNECTION, POWERED TESTING, MOTION, WALKING, OR ENERGIZATION"
WS-L01,1.900,DOUBLE,L+R,0.291908,0.008002,195.399735,193.446062,NONE,0.000116271,96.417138,0.079387,50 HZ CONTACT-ENABLED INVERSE FEEDFORWARD + FROZEN BASELINE PD GAINS,"PRELIMINARY - NUMERICAL HIP-REDUCTION SUCCESSOR ONLY - NOT APPROVED FOR CONNECTION, POWERED TESTING, MOTION, WALKING, OR ENERGIZATION"
WS-L01,1.920,DOUBLE,L+R,0.289948,0.008637,195.543448,193.429725,NONE,0.000116289,96.417408,0.077970,50 HZ CONTACT-ENABLED INVERSE FEEDFORWARD + FROZEN BASELINE PD GAINS,"PRELIMINARY - NUMERICAL HIP-REDUCTION SUCCESSOR ONLY - NOT APPROVED FOR CONNECTION, POWERED TESTING, MOTION, WALKING, OR ENERGIZATION"
WS-L01,1.940,DOUBLE,L+R,0.288020,0.009303,195.685309,193.418598,NONE,0.000116294,96.417672,0.076428,50 HZ CONTACT-ENABLED INVERSE FEEDFORWARD + FROZEN BASELINE PD GAINS,"PRELIMINARY - NUMERICAL HIP-REDUCTION SUCCESSOR ONLY - NOT APPROVED FOR CONNECTION, POWERED TESTING, MOTION, WALKING, OR ENERGIZATION"
WS-L01,1.960,DOUBLE,L+R,0.286124,0.010000,195.826661,193.412304,NONE,0.000116289,96.417880,0.074774,50 HZ CONTACT-ENABLED INVERSE FEEDFORWARD + FROZEN BASELINE PD GAINS,"PRELIMINARY - NUMERICAL HIP-REDUCTION SUCCESSOR ONLY - NOT APPROVED FOR CONNECTION, POWERED TESTING, MOTION, WALKING, OR ENERGIZATION"
WS-L01,1.980,DOUBLE,L+R,0.284259,0.010731,195.965117,193.411621,NONE,0.000116274,96.418083,0.072982,50 HZ CONTACT-ENABLED INVERSE FEEDFORWARD + FROZEN BASELINE PD GAINS,"PRELIMINARY - NUMERICAL HIP-REDUCTION SUCCESSOR ONLY - NOT APPROVED FOR CONNECTION, POWERED TESTING, MOTION, WALKING, OR ENERGIZATION"
WS-L01,2.000,DOUBLE,L+R,0.282476,0.011496,196.100316,193.416204,NONE,0.000116253,96.418267,0.071063,50 HZ CONTACT-ENABLED INVERSE FEEDFORWARD + FROZEN BASELINE PD GAINS,"PRELIMINARY - NUMERICAL HIP-REDUCTION SUCCESSOR ONLY - NOT APPROVED FOR CONNECTION, POWERED TESTING, MOTION, WALKING, OR ENERGIZATION"
WS-L01,2.020,DOUBLE,L+R,0.280843,0.012297,196.232138,193.426396,NONE,0.000116226,96.418405,0.069013,50 HZ CONTACT-ENABLED INVERSE FEEDFORWARD + FROZEN BASELINE PD GAINS,"PRELIMINARY - NUMERICAL HIP-REDUCTION SUCCESSOR ONLY - NOT APPROVED FOR CONNECTION, POWERED TESTING, MOTION, WALKING, OR ENERGIZATION"
WS-L01,2.040,DOUBLE,L+R,0.279231,0.013135,196.358816,193.442570,NONE,0.000116197,96.418535,0.066821,50 HZ CONTACT-ENABLED INVERSE FEEDFORWARD + FROZEN BASELINE PD GAINS,"PRELIMINARY - NUMERICAL HIP-REDUCTION SUCCESSOR ONLY - NOT APPROVED FOR CONNECTION, POWERED TESTING, MOTION, WALKING, OR ENERGIZATION"
WS-L01,2.060,DOUBLE,L+R,0.277640,0.014012,196.481405,193.463878,NONE,0.000116167,96.418625,0.064500,50 HZ CONTACT-ENABLED INVERSE FEEDFORWARD + FROZEN BASELINE PD GAINS,"PRELIMINARY - NUMERICAL HIP-REDUCTION SUCCESSOR ONLY - NOT APPROVED FOR CONNECTION, POWERED TESTING, MOTION, WALKING, OR ENERGIZATION"
WS-L01,2.080,DOUBLE,L+R,0.276068,0.014928,196.597985,193.491563,NONE,0.000116137,96.418690,0.062025,50 HZ CONTACT-ENABLED INVERSE FEEDFORWARD + FROZEN BASELINE PD GAINS,"PRELIMINARY - NUMERICAL HIP-REDUCTION SUCCESSOR ONLY - NOT APPROVED FOR CONNECTION, POWERED TESTING, MOTION, WALKING, OR ENERGIZATION"
WS-L01,2.100,DOUBLE,L+R,0.274514,0.015885,196.708048,193.525296,NONE,0.000116109,96.418735,0.059409,50 HZ CONTACT-ENABLED INVERSE FEEDFORWARD + FROZEN BASELINE PD GAINS,"PRELIMINARY - NUMERICAL HIP-REDUCTION SUCCESSOR ONLY - NOT APPROVED FOR CONNECTION, POWERED TESTING, MOTION, WALKING, OR ENERGIZATION"
WS-L01,2.120,DOUBLE,L+R,0.272977,0.016883,196.811626,193.564044,NONE,0.000116085,96.418763,0.056654,50 HZ CONTACT-ENABLED INVERSE FEEDFORWARD + FROZEN BASELINE PD GAINS,"PRELIMINARY - NUMERICAL HIP-REDUCTION SUCCESSOR ONLY - NOT APPROVED FOR CONNECTION, POWERED TESTING, MOTION, WALKING, OR ENERGIZATION"
WS-L01,2.140,DOUBLE,L+R,0.271456,0.017923,196.907625,193.610032,NONE,0.000116066,96.418729,0.053738,50 HZ CONTACT-ENABLED INVERSE FEEDFORWARD + FROZEN BASELINE PD GAINS,"PRELIMINARY - NUMERICAL HIP-REDUCTION SUCCESSOR ONLY - NOT APPROVED FOR CONNECTION, POWERED TESTING, MOTION, WALKING, OR ENERGIZATION"
WS-L01,2.160,DOUBLE,L+R,0.269950,0.019007,196.995880,193.661059,NONE,0.000116055,96.418707,0.050683,50 HZ CONTACT-ENABLED INVERSE FEEDFORWARD + FROZEN BASELINE PD GAINS,"PRELIMINARY - NUMERICAL HIP-REDUCTION SUCCESSOR ONLY - NOT APPROVED FOR CONNECTION, POWERED TESTING, MOTION, WALKING, OR ENERGIZATION"
WS-L01,2.180,DOUBLE,L+R,0.268458,0.020136,197.076058,193.718655,NONE,0.000116051,96.418626,0.047472,50 HZ CONTACT-ENABLED INVERSE FEEDFORWARD + FROZEN BASELINE PD GAINS,"PRELIMINARY - NUMERICAL HIP-REDUCTION SUCCESSOR ONLY - NOT APPROVED FOR CONNECTION, POWERED TESTING, MOTION, WALKING, OR ENERGIZATION"
WS-L01,2.200,DOUBLE,L+R,0.266980,0.021308,197.146222,193.782714,NONE,0.000116058,96.418546,0.044102,50 HZ CONTACT-ENABLED INVERSE FEEDFORWARD + FROZEN BASELINE PD GAINS,"PRELIMINARY - NUMERICAL HIP-REDUCTION SUCCESSOR ONLY - NOT APPROVED FOR CONNECTION, POWERED TESTING, MOTION, WALKING, OR ENERGIZATION"
WS-L01,2.220,DOUBLE,L+R,0.265514,0.022527,197.207711,193.852366,NONE,0.000116077,96.418422,0.040593,50 HZ CONTACT-ENABLED INVERSE FEEDFORWARD + FROZEN BASELINE PD GAINS,"PRELIMINARY - NUMERICAL HIP-REDUCTION SUCCESSOR ONLY - NOT APPROVED FOR CONNECTION, POWERED TESTING, MOTION, WALKING, OR ENERGIZATION"
WS-L01,2.240,DOUBLE,L+R,0.264059,0.023792,197.259272,193.928330,NONE,0.000116108,96.418269,0.036923,50 HZ CONTACT-ENABLED INVERSE FEEDFORWARD + FROZEN BASELINE PD GAINS,"PRELIMINARY - NUMERICAL HIP-REDUCTION SUCCESSOR ONLY - NOT APPROVED FOR CONNECTION, POWERED TESTING, MOTION, WALKING, OR ENERGIZATION"
WS-L01,2.260,DOUBLE,L+R,0.262615,0.025104,197.299876,194.010552,NONE,0.000116154,96.418104,0.033100,50 HZ CONTACT-ENABLED INVERSE FEEDFORWARD + FROZEN BASELINE PD GAINS,"PRELIMINARY - NUMERICAL HIP-REDUCTION SUCCESSOR ONLY - NOT APPROVED FOR CONNECTION, POWERED TESTING, MOTION, WALKING, OR ENERGIZATION"
WS-L01,2.280,DOUBLE,L+R,0.261182,0.026463,197.330185,194.099118,NONE,0.000116215,96.417887,0.029136,50 HZ CONTACT-ENABLED INVERSE FEEDFORWARD + FROZEN BASELINE PD GAINS,"PRELIMINARY - NUMERICAL HIP-REDUCTION SUCCESSOR ONLY - NOT APPROVED FOR CONNECTION, POWERED TESTING, MOTION, WALKING, OR ENERGIZATION"
WS-L01,2.300,DOUBLE,L+R,0.259758,0.027870,197.349199,194.193425,NONE,0.000116292,96.417666,0.025030,50 HZ CONTACT-ENABLED INVERSE FEEDFORWARD + FROZEN BASELINE PD GAINS,"PRELIMINARY - NUMERICAL HIP-REDUCTION SUCCESSOR ONLY - NOT APPROVED FOR CONNECTION, POWERED TESTING, MOTION, WALKING, OR ENERGIZATION"
WS-L01,2.320,DOUBLE,L+R,0.258342,0.029325,197.355806,194.294431,NONE,0.000116388,96.417413,0.020794,50 HZ CONTACT-ENABLED INVERSE FEEDFORWARD + FROZEN BASELINE PD GAINS,"PRELIMINARY - NUMERICAL HIP-REDUCTION SUCCESSOR ONLY - NOT APPROVED FOR CONNECTION, POWERED TESTING, MOTION, WALKING, OR ENERGIZATION"
WS-L01,2.340,DOUBLE,L+R,0.256934,0.030828,197.351058,194.401318,NONE,0.000116503,96.417118,0.016478,50 HZ CONTACT-ENABLED INVERSE FEEDFORWARD + FROZEN BASELINE PD GAINS,"PRELIMINARY - NUMERICAL HIP-REDUCTION SUCCESSOR ONLY - NOT APPROVED FOR CONNECTION, POWERED TESTING, MOTION, WALKING, OR ENERGIZATION"
WS-L01,2.360,DOUBLE,L+R,0.255533,0.032381,197.333873,194.514374,NONE,0.000116638,96.416803,0.012159,50 HZ CONTACT-ENABLED INVERSE FEEDFORWARD + FROZEN BASELINE PD GAINS,"PRELIMINARY - NUMERICAL HIP-REDUCTION SUCCESSOR ONLY - NOT APPROVED FOR CONNECTION, POWERED TESTING, MOTION, WALKING, OR ENERGIZATION"
WS-L01,2.380,DOUBLE,L+R,0.254139,0.033983,197.303295,194.633397,NONE,0.000116795,96.416476,0.008144,50 HZ CONTACT-ENABLED INVERSE FEEDFORWARD + FROZEN BASELINE PD GAINS,"PRELIMINARY - NUMERICAL HIP-REDUCTION SUCCESSOR ONLY - NOT APPROVED FOR CONNECTION, POWERED TESTING, MOTION, WALKING, OR ENERGIZATION"
WS-L01,2.400,DOUBLE,L+R,0.252751,0.035634,197.259983,194.758582,NONE,0.000116974,96.416094,0.005671,50 HZ CONTACT-ENABLED INVERSE FEEDFORWARD + FROZEN BASELINE PD GAINS,"PRELIMINARY - NUMERICAL HIP-REDUCTION SUCCESSOR ONLY - NOT APPROVED FOR CONNECTION, POWERED TESTING, MOTION, WALKING, OR ENERGIZATION"
WS-L01,2.420,DOUBLE,L+R,0.251369,0.037335,197.202879,194.890033,NONE,0.000117176,96.415692,0.007125,50 HZ CONTACT-ENABLED INVERSE FEEDFORWARD + FROZEN BASELINE PD GAINS,"PRELIMINARY - NUMERICAL HIP-REDUCTION SUCCESSOR ONLY - NOT APPROVED FOR CONNECTION, POWERED TESTING, MOTION, WALKING, OR ENERGIZATION"
WS-L01,2.440,DOUBLE,L+R,0.249991,0.039085,197.132889,195.026600,NONE,0.000117403,96.415259,0.011316,50 HZ CONTACT-ENABLED INVERSE FEEDFORWARD + FROZEN BASELINE PD GAINS,"PRELIMINARY - NUMERICAL HIP-REDUCTION SUCCESSOR ONLY - NOT APPROVED FOR CONNECTION, POWERED TESTING, MOTION, WALKING, OR ENERGIZATION"
WS-L01,2.460,DOUBLE,L+R,0.248618,0.040886,197.048968,195.168435,NONE,0.000117656,96.414802,0.016459,50 HZ CONTACT-ENABLED INVERSE FEEDFORWARD + FROZEN BASELINE PD GAINS,"PRELIMINARY - NUMERICAL HIP-REDUCTION SUCCESSOR ONLY - NOT APPROVED FOR CONNECTION, POWERED TESTING, MOTION, WALKING, OR ENERGIZATION"
WS-L01,2.480,DOUBLE,L+R,0.247248,0.042735,196.951033,195.316289,NONE,0.000117935,96.414287,0.022079,50 HZ CONTACT-ENABLED INVERSE FEEDFORWARD + FROZEN BASELINE PD GAINS,"PRELIMINARY - NUMERICAL HIP-REDUCTION SUCCESSOR ONLY - NOT APPROVED FOR CONNECTION, POWERED TESTING, MOTION, WALKING, OR ENERGIZATION"
WS-L01,2.500,DOUBLE,L+R,0.245882,0.044635,196.840600,195.467748,NONE,0.000118241,96.413743,0.028061,50 HZ CONTACT-ENABLED INVERSE FEEDFORWARD + FROZEN BASELINE PD GAINS,"PRELIMINARY - NUMERICAL HIP-REDUCTION SUCCESSOR ONLY - NOT APPROVED FOR CONNECTION, POWERED TESTING, MOTION, WALKING, OR ENERGIZATION"
WS-L01,2.520,DOUBLE,L+R,0.244543,0.046584,196.718081,195.622317,NONE,0.000118575,96.413146,0.034434,50 HZ CONTACT-ENABLED INVERSE FEEDFORWARD + FROZEN BASELINE PD GAINS,"PRELIMINARY - NUMERICAL HIP-REDUCTION SUCCESSOR ONLY - NOT APPROVED FOR CONNECTION, POWERED TESTING, MOTION, WALKING, OR ENERGIZATION"
WS-L01,2.540,DOUBLE,L+R,0.243418,0.048583,196.585340,195.777343,NONE,0.000118937,96.412495,0.041293,50 HZ CONTACT-ENABLED INVERSE FEEDFORWARD + FROZEN BASELINE PD GAINS,"PRELIMINARY - NUMERICAL HIP-REDUCTION SUCCESSOR ONLY - NOT APPROVED FOR CONNECTION, POWERED TESTING, MOTION, WALKING, OR ENERGIZATION"
WS-L01,2.560,DOUBLE,L+R,0.242313,0.050631,196.446923,195.928244,NONE,0.000119329,96.411755,0.048848,50 HZ CONTACT-ENABLED INVERSE FEEDFORWARD + FROZEN BASELINE PD GAINS,"PRELIMINARY - NUMERICAL HIP-REDUCTION SUCCESSOR ONLY - NOT APPROVED FOR CONNECTION, POWERED TESTING, MOTION, WALKING, OR ENERGIZATION"
WS-L01,2.580,DOUBLE,L+R,0.241228,0.052728,196.311155,196.066483,NONE,0.000119752,96.410893,0.057549,50 HZ CONTACT-ENABLED INVERSE FEEDFORWARD + FROZEN BASELINE PD GAINS,"PRELIMINARY - NUMERICAL HIP-REDUCTION SUCCESSOR ONLY - NOT APPROVED FOR CONNECTION, POWERED TESTING, MOTION, WALKING, OR ENERGIZATION"
WS-L01,2.600,DOUBLE,L+R,0.240161,0.054875,196.196936,196.173014,NONE,0.000120205,96.409839,0.068328,50 HZ CONTACT-ENABLED INVERSE FEEDFORWARD + FROZEN BASELINE PD GAINS,"PRELIMINARY - NUMERICAL HIP-REDUCTION SUCCESSOR ONLY - NOT APPROVED FOR CONNECTION, POWERED TESTING, MOTION, WALKING, OR ENERGIZATION"
WS-L01,2.620,DOUBLE,L+R,0.239109,0.057071,196.143021,196.208168,NONE,0.000120690,96.408467,0.083290,50 HZ CONTACT-ENABLED INVERSE FEEDFORWARD + FROZEN BASELINE PD GAINS,"PRELIMINARY - NUMERICAL HIP-REDUCTION SUCCESSOR ONLY - NOT APPROVED FOR CONNECTION, POWERED TESTING, MOTION, WALKING, OR ENERGIZATION"
WS-L01,2.640,DOUBLE,L+R,0.238067,0.059318,196.244907,196.077874,NONE,0.000120341,96.406451,0.107357,50 HZ CONTACT-ENABLED INVERSE FEEDFORWARD + FROZEN BASELINE PD GAINS,"PRELIMINARY - NUMERICAL HIP-REDUCTION SUCCESSOR ONLY - NOT APPROVED FOR CONNECTION, POWERED TESTING, MOTION, WALKING, OR ENERGIZATION"
WS-L01,2.660,DOUBLE,L+R,0.237019,0.061620,196.736648,195.548611,NONE,0.000119948,96.403231,0.152916,50 HZ CONTACT-ENABLED INVERSE FEEDFORWARD + FROZEN BASELINE PD GAINS,"PRELIMINARY - NUMERICAL HIP-REDUCTION SUCCESSOR ONLY - NOT APPROVED FOR CONNECTION, POWERED TESTING, MOTION, WALKING, OR ENERGIZATION"
WS-L01,2.680,DOUBLE,L+R,0.235930,0.063984,198.238938,194.007316,NONE,0.000119529,96.397683,0.252955,50 HZ CONTACT-ENABLED INVERSE FEEDFORWARD + FROZEN BASELINE PD GAINS,"PRELIMINARY - NUMERICAL HIP-REDUCTION SUCCESSOR ONLY - NOT APPROVED FOR CONNECTION, POWERED TESTING, MOTION, WALKING, OR ENERGIZATION"
WS-L01,2.700,DOUBLE,L+R,0.234695,0.066437,202.513840,189.717417,NONE,0.000119068,96.389882,0.500936,50 HZ CONTACT-ENABLED INVERSE FEEDFORWARD + FROZEN BASELINE PD GAINS,"PRELIMINARY - NUMERICAL HIP-REDUCTION SUCCESSOR ONLY - NOT APPROVED FOR CONNECTION, POWERED TESTING, MOTION, WALKING, OR ENERGIZATION"
WS-L01,2.720,DOUBLE,L+R,0.232998,0.069060,214.940627,177.395303,NONE,0.000118521,96.403847,1.180973,50 HZ CONTACT-ENABLED INVERSE FEEDFORWARD + FROZEN BASELINE PD GAINS,"PRELIMINARY - NUMERICAL HIP-REDUCTION SUCCESSOR ONLY - NOT APPROVED FOR CONNECTION, POWERED TESTING, MOTION, WALKING, OR ENERGIZATION"
WS-L01,2.740,DOUBLE,L+R,0.232999,0.072119,253.217168,139.726530,NONE,0.000117753,96.737567,3.224991,50 HZ CONTACT-ENABLED INVERSE FEEDFORWARD + FROZEN BASELINE PD GAINS,"PRELIMINARY - NUMERICAL HIP-REDUCTION SUCCESSOR ONLY - NOT APPROVED FOR CONNECTION, POWERED TESTING, MOTION, WALKING, OR ENERGIZATION"
WS-L01,2.760,DOUBLE,L+R,0.237721,0.076002,374.760105,47.663284,NONE,0.000117345,101.571197,8.833483,50 HZ CONTACT-ENABLED INVERSE FEEDFORWARD + FROZEN BASELINE PD GAINS,"PRELIMINARY - NUMERICAL HIP-REDUCTION SUCCESSOR ONLY - NOT APPROVED FOR CONNECTION, POWERED TESTING, MOTION, WALKING, OR ENERGIZATION"
WS-L01,2.780,DOUBLE,L+R,0.237819,0.079724,430.250871,36.431907,NONE,0.000109285,100.519373,10.818140,50 HZ CONTACT-ENABLED INVERSE FEEDFORWARD + FROZEN BASELINE PD GAINS,"PRELIMINARY - NUMERICAL HIP-REDUCTION SUCCESSOR ONLY - NOT APPROVED FOR CONNECTION, POWERED TESTING, MOTION, WALKING, OR ENERGIZATION"
WS-L01,2.800,DOUBLE,L+R,0.239692,0.082343,422.597845,38.813312,NONE,0.000099430,100.771700,10.603458,50 HZ CONTACT-ENABLED INVERSE FEEDFORWARD + FROZEN BASELINE PD GAINS,"PRELIMINARY - NUMERICAL HIP-REDUCTION SUCCESSOR ONLY - NOT APPROVED FOR CONNECTION, POWERED TESTING, MOTION, WALKING, OR ENERGIZATION"
WS-L01,2.820,DOUBLE,L+R,0.243685,0.084362,419.113907,39.955106,NONE,0.000094076,100.862846,10.510001,50 HZ CONTACT-ENABLED INVERSE FEEDFORWARD + FROZEN BASELINE PD GAINS,"PRELIMINARY - NUMERICAL HIP-REDUCTION SUCCESSOR ONLY - NOT APPROVED FOR CONNECTION, POWERED TESTING, MOTION, WALKING, OR ENERGIZATION"
WS-L01,2.840,DOUBLE,L+R,0.248710,0.086876,416.922624,40.540830,NONE,0.000091566,100.808216,10.466280,50 HZ CONTACT-ENABLED INVERSE FEEDFORWARD + FROZEN BASELINE PD GAINS,"PRELIMINARY - NUMERICAL HIP-REDUCTION SUCCESSOR ONLY - NOT APPROVED FOR CONNECTION, POWERED TESTING, MOTION, WALKING, OR ENERGIZATION"
WS-L01,2.860,DOUBLE,L+R,0.254234,0.089592,414.946911,40.970874,NONE,0.000090336,100.725627,10.433296,50 HZ CONTACT-ENABLED INVERSE FEEDFORWARD + FROZEN BASELINE PD GAINS,"PRELIMINARY - NUMERICAL HIP-REDUCTION SUCCESSOR ONLY - NOT APPROVED FOR CONNECTION, POWERED TESTING, MOTION, WALKING, OR ENERGIZATION"
WS-L01,2.880,DOUBLE,L+R,0.259999,0.092374,412.972252,41.352826,NONE,0.000089637,100.639725,10.401786,50 HZ CONTACT-ENABLED INVERSE FEEDFORWARD + FROZEN BASELINE PD GAINS,"PRELIMINARY - NUMERICAL HIP-REDUCTION SUCCESSOR ONLY - NOT APPROVED FOR CONNECTION, POWERED TESTING, MOTION, WALKING, OR ENERGIZATION"
WS-L01,2.900,DOUBLE,L+R,0.265873,0.095190,410.957695,41.716076,NONE,0.000089170,100.553389,10.369707,50 HZ CONTACT-ENABLED INVERSE FEEDFORWARD + FROZEN BASELINE PD GAINS,"PRELIMINARY - NUMERICAL HIP-REDUCTION SUCCESSOR ONLY - NOT APPROVED FOR CONNECTION, POWERED TESTING, MOTION, WALKING, OR ENERGIZATION"
WS-L01,2.920,DOUBLE,L+R,0.271793,0.098035,408.892806,42.069815,NONE,0.000088823,100.466527,10.336559,50 HZ CONTACT-ENABLED INVERSE FEEDFORWARD + FROZEN BASELINE PD GAINS,"PRELIMINARY - NUMERICAL HIP-REDUCTION SUCCESSOR ONLY - NOT APPROVED FOR CONNECTION, POWERED TESTING, MOTION, WALKING, OR ENERGIZATION"
WS-L01,2.940,DOUBLE,L+R,0.277722,0.100913,406.774015,42.416922,NONE,0.000088555,100.378969,10.302182,50 HZ CONTACT-ENABLED INVERSE FEEDFORWARD + FROZEN BASELINE PD GAINS,"PRELIMINARY - NUMERICAL HIP-REDUCTION SUCCESSOR ONLY - NOT APPROVED FOR CONNECTION, POWERED TESTING, MOTION, WALKING, OR ENERGIZATION"
WS-L01,2.960,DOUBLE,L+R,0.283639,0.103825,404.599449,42.758892,NONE,0.000088349,100.290568,10.266562,50 HZ CONTACT-ENABLED INVERSE FEEDFORWARD + FROZEN BASELINE PD GAINS,"PRELIMINARY - NUMERICAL HIP-REDUCTION SUCCESSOR ONLY - NOT APPROVED FOR CONNECTION, POWERED TESTING, MOTION, WALKING, OR ENERGIZATION"
WS-L01,2.980,DOUBLE,L+R,0.289531,0.106770,402.367903,43.096294,NONE,0.000088199,100.201325,10.229681,50 HZ CONTACT-ENABLED INVERSE FEEDFORWARD + FROZEN BASELINE PD GAINS,"PRELIMINARY - NUMERICAL HIP-REDUCTION SUCCESSOR ONLY - NOT APPROVED FOR CONNECTION, POWERED TESTING, MOTION, WALKING, OR ENERGIZATION"
WS-L01,3.000,DOUBLE,L+R,0.295390,0.109750,400.079042,43.429500,NONE,0.000088099,100.111186,10.191525,50 HZ CONTACT-ENABLED INVERSE FEEDFORWARD + FROZEN BASELINE PD GAINS,"PRELIMINARY - NUMERICAL HIP-REDUCTION SUCCESSOR ONLY - NOT APPROVED FOR CONNECTION, POWERED TESTING, MOTION, WALKING, OR ENERGIZATION"
WS-L01,3.020,DOUBLE,L+R,0.301210,0.112762,397.732739,43.758746,NONE,0.000088049,100.020190,10.152112,50 HZ CONTACT-ENABLED INVERSE FEEDFORWARD + FROZEN BASELINE PD GAINS,"PRELIMINARY - NUMERICAL HIP-REDUCTION SUCCESSOR ONLY - NOT APPROVED FOR CONNECTION, POWERED TESTING, MOTION, WALKING, OR ENERGIZATION"
WS-L01,3.040,DOUBLE,L+R,0.306987,0.115808,395.329188,44.084133,NONE,0.000088045,99.928399,10.111409,50 HZ CONTACT-ENABLED INVERSE FEEDFORWARD + FROZEN BASELINE PD GAINS,"PRELIMINARY - NUMERICAL HIP-REDUCTION SUCCESSOR ONLY - NOT APPROVED FOR CONNECTION, POWERED TESTING, MOTION, WALKING, OR ENERGIZATION"
WS-L01,3.060,DOUBLE,L+R,0.312717,0.118885,392.868165,44.406365,NONE,0.000088087,99.835796,10.069420,50 HZ CONTACT-ENABLED INVERSE FEEDFORWARD + FROZEN BASELINE PD GAINS,"PRELIMINARY - NUMERICAL HIP-REDUCTION SUCCESSOR ONLY - NOT APPROVED FOR CONNECTION, POWERED TESTING, MOTION, WALKING, OR ENERGIZATION"
WS-L01,3.080,DOUBLE,L+R,0.318398,0.121993,390.350197,44.725493,NONE,0.000088173,99.742498,10.026146,50 HZ CONTACT-ENABLED INVERSE FEEDFORWARD + FROZEN BASELINE PD GAINS,"PRELIMINARY - NUMERICAL HIP-REDUCTION SUCCESSOR ONLY - NOT APPROVED FOR CONNECTION, POWERED TESTING, MOTION, WALKING, OR ENERGIZATION"
WS-L01,3.100,DOUBLE,L+R,0.324028,0.125131,387.776439,45.041305,NONE,0.000088300,99.648611,9.981544,50 HZ CONTACT-ENABLED INVERSE FEEDFORWARD + FROZEN BASELINE PD GAINS,"PRELIMINARY - NUMERICAL HIP-REDUCTION SUCCESSOR ONLY - NOT APPROVED FOR CONNECTION, POWERED TESTING, MOTION, WALKING, OR ENERGIZATION"
WS-L01,3.120,DOUBLE,L+R,0.329603,0.128297,385.146906,45.354492,NONE,0.000088470,99.554180,9.935623,50 HZ CONTACT-ENABLED INVERSE FEEDFORWARD + FROZEN BASELINE PD GAINS,"PRELIMINARY - NUMERICAL HIP-REDUCTION SUCCESSOR ONLY - NOT APPROVED FOR CONNECTION, POWERED TESTING, MOTION, WALKING, OR ENERGIZATION"
WS-L01,3.140,DOUBLE,L+R,0.335123,0.131491,382.462380,45.665423,NONE,0.000088679,99.459319,9.888363,50 HZ CONTACT-ENABLED INVERSE FEEDFORWARD + FROZEN BASELINE PD GAINS,"PRELIMINARY - NUMERICAL HIP-REDUCTION SUCCESSOR ONLY - NOT APPROVED FOR CONNECTION, POWERED TESTING, MOTION, WALKING, OR ENERGIZATION"
WS-L01,3.160,DOUBLE,L+R,0.340586,0.134711,379.724402,45.973872,NONE,0.000088928,99.364187,9.839743,50 HZ CONTACT-ENABLED INVERSE FEEDFORWARD + FROZEN BASELINE PD GAINS,"PRELIMINARY - NUMERICAL HIP-REDUCTION SUCCESSOR ONLY - NOT APPROVED FOR CONNECTION, POWERED TESTING, MOTION, WALKING, OR ENERGIZATION"
WS-L01,3.180,DOUBLE,L+R,0.345967,0.137983,376.941591,46.553845,NONE,0.000089234,99.277845,9.790621,50 HZ CONTACT-ENABLED INVERSE FEEDFORWARD + FROZEN BASELINE PD GAINS,"PRELIMINARY - NUMERICAL HIP-REDUCTION SUCCESSOR ONLY - NOT APPROVED FOR CONNECTION, POWERED TESTING, MOTION, WALKING, OR ENERGIZATION"
WS-L01,3.200,DOUBLE,L+R,0.351142,0.141315,374.112453,47.250332,NONE,0.000089703,99.187044,9.744312,50 HZ CONTACT-ENABLED INVERSE FEEDFORWARD + FROZEN BASELINE PD GAINS,"PRELIMINARY - NUMERICAL HIP-REDUCTION SUCCESSOR ONLY - NOT APPROVED FOR CONNECTION, POWERED TESTING, MOTION, WALKING, OR ENERGIZATION"
WS-L01,3.220,DOUBLE,L+R,0.356108,0.144621,371.223421,48.098208,NONE,0.000090334,99.096725,9.700407,50 HZ CONTACT-ENABLED INVERSE FEEDFORWARD + FROZEN BASELINE PD GAINS,"PRELIMINARY - NUMERICAL HIP-REDUCTION SUCCESSOR ONLY - NOT APPROVED FOR CONNECTION, POWERED TESTING, MOTION, WALKING, OR ENERGIZATION"
WS-L01,3.240,DOUBLE,L+R,0.360873,0.147956,368.292680,49.292413,NONE,0.000090977,99.021378,9.650491,50 HZ CONTACT-ENABLED INVERSE FEEDFORWARD + FROZEN BASELINE PD GAINS,"PRELIMINARY - NUMERICAL HIP-REDUCTION SUCCESSOR ONLY - NOT APPROVED FOR CONNECTION, POWERED TESTING, MOTION, WALKING, OR ENERGIZATION"
WS-L01,3.260,DOUBLE,L+R,0.365924,0.151317,365.313585,50.519907,NONE,0.000091411,98.943254,9.601362,50 HZ CONTACT-ENABLED INVERSE FEEDFORWARD + FROZEN BASELINE PD GAINS,"PRELIMINARY - NUMERICAL HIP-REDUCTION SUCCESSOR ONLY - NOT APPROVED FOR CONNECTION, POWERED TESTING, MOTION, WALKING, OR ENERGIZATION"
WS-L01,3.280,DOUBLE,L+R,0.371847,0.154651,362.287580,51.769438,NONE,0.000091807,98.868648,9.549604,50 HZ CONTACT-ENABLED INVERSE FEEDFORWARD + FROZEN BASELINE PD GAINS,"PRELIMINARY - NUMERICAL HIP-REDUCTION SUCCESSOR ONLY - NOT APPROVED FOR CONNECTION, POWERED TESTING, MOTION, WALKING, OR ENERGIZATION"
WS-L01,3.300,DOUBLE,L+R,0.377702,0.157996,359.212205,53.031110,NONE,0.000087649,98.795757,9.495696,50 HZ CONTACT-ENABLED INVERSE FEEDFORWARD + FROZEN BASELINE PD GAINS,"PRELIMINARY - NUMERICAL HIP-REDUCTION SUCCESSOR ONLY - NOT APPROVED FOR CONNECTION, POWERED TESTING, MOTION, WALKING, OR ENERGIZATION"
WS-L01,3.320,DOUBLE,L+R,0.383486,0.161367,356.087303,54.298841,NONE,0.000081597,98.723783,9.439942,50 HZ CONTACT-ENABLED INVERSE FEEDFORWARD + FROZEN BASELINE PD GAINS,"PRELIMINARY - NUMERICAL HIP-REDUCTION SUCCESSOR ONLY - NOT APPROVED FOR CONNECTION, POWERED TESTING, MOTION, WALKING, OR ENERGIZATION"
WS-L01,3.340,DOUBLE,L+R,0.389196,0.164764,352.913658,55.569894,NONE,0.000075647,98.652571,9.382504,50 HZ CONTACT-ENABLED INVERSE FEEDFORWARD + FROZEN BASELINE PD GAINS,"PRELIMINARY - NUMERICAL HIP-REDUCTION SUCCESSOR ONLY - NOT APPROVED FOR CONNECTION, POWERED TESTING, MOTION, WALKING, OR ENERGIZATION"
WS-L01,3.360,DOUBLE,L+R,0.394823,0.168228,349.761485,57.281625,NONE,0.000069956,98.605117,9.315845,50 HZ CONTACT-ENABLED INVERSE FEEDFORWARD + FROZEN BASELINE PD GAINS,"PRELIMINARY - NUMERICAL HIP-REDUCTION SUCCESSOR ONLY - NOT APPROVED FOR CONNECTION, POWERED TESTING, MOTION, WALKING, OR ENERGIZATION"
WS-L01,3.380,DOUBLE,L+R,0.400291,0.171747,346.772040,59.224424,NONE,0.000065114,98.545185,9.250054,50 HZ CONTACT-ENABLED INVERSE FEEDFORWARD + FROZEN BASELINE PD GAINS,"PRELIMINARY - NUMERICAL HIP-REDUCTION SUCCESSOR ONLY - NOT APPROVED FOR CONNECTION, POWERED TESTING, MOTION, WALKING, OR ENERGIZATION"
WS-L01,3.400,DOUBLE,L+R,0.405566,0.175242,343.732404,61.395943,NONE,0.000060865,98.492465,9.181886,50 HZ CONTACT-ENABLED INVERSE FEEDFORWARD + FROZEN BASELINE PD GAINS,"PRELIMINARY - NUMERICAL HIP-REDUCTION SUCCESSOR ONLY - NOT APPROVED FOR CONNECTION, POWERED TESTING, MOTION, WALKING, OR ENERGIZATION"
WS-L01,3.420,DOUBLE,L+R,0.410633,0.178720,340.665384,63.658509,NONE,0.000056950,98.442090,9.110914,50 HZ CONTACT-ENABLED INVERSE FEEDFORWARD + FROZEN BASELINE PD GAINS,"PRELIMINARY - NUMERICAL HIP-REDUCTION SUCCESSOR ONLY - NOT APPROVED FOR CONNECTION, POWERED TESTING, MOTION, WALKING, OR ENERGIZATION"
WS-L01,3.440,DOUBLE,L+R,0.415534,0.182173,337.639812,66.085719,NONE,0.000053277,98.392845,9.034318,50 HZ CONTACT-ENABLED INVERSE FEEDFORWARD + FROZEN BASELINE PD GAINS,"PRELIMINARY - NUMERICAL HIP-REDUCTION SUCCESSOR ONLY - NOT APPROVED FOR CONNECTION, POWERED TESTING, MOTION, WALKING, OR ENERGIZATION"
WS-L01,3.460,DOUBLE,L+R,0.420241,0.185607,334.677926,68.580052,NONE,0.000049833,98.333341,8.954812,50 HZ CONTACT-ENABLED INVERSE FEEDFORWARD + FROZEN BASELINE PD GAINS,"PRELIMINARY - NUMERICAL HIP-REDUCTION SUCCESSOR ONLY - NOT APPROVED FOR CONNECTION, POWERED TESTING, MOTION, WALKING, OR ENERGIZATION"
WS-L01,3.480,DOUBLE,L+R,0.424735,0.189082,331.617984,71.127111,NONE,0.000046483,98.273213,8.872889,50 HZ CONTACT-ENABLED INVERSE FEEDFORWARD + FROZEN BASELINE PD GAINS,"PRELIMINARY - NUMERICAL HIP-REDUCTION SUCCESSOR ONLY - NOT APPROVED FOR CONNECTION, POWERED TESTING, MOTION, WALKING, OR ENERGIZATION"
WS-L01,3.500,DOUBLE,L+R,0.429018,0.192589,328.472937,73.720742,NONE,0.000043171,98.213198,8.789040,50 HZ CONTACT-ENABLED INVERSE FEEDFORWARD + FROZEN BASELINE PD GAINS,"PRELIMINARY - NUMERICAL HIP-REDUCTION SUCCESSOR ONLY - NOT APPROVED FOR CONNECTION, POWERED TESTING, MOTION, WALKING, OR ENERGIZATION"
WS-L01,3.520,DOUBLE,L+R,0.433089,0.196105,325.255067,76.357484,NONE,0.000039883,98.153263,8.703421,50 HZ CONTACT-ENABLED INVERSE FEEDFORWARD + FROZEN BASELINE PD GAINS,"PRELIMINARY - NUMERICAL HIP-REDUCTION SUCCESSOR ONLY - NOT APPROVED FOR CONNECTION, POWERED TESTING, MOTION, WALKING, OR ENERGIZATION"
WS-L01,3.540,DOUBLE,L+R,0.436946,0.199713,321.969445,79.036647,NONE,0.000036615,98.093514,8.616103,50 HZ CONTACT-ENABLED INVERSE FEEDFORWARD + FROZEN BASELINE PD GAINS,"PRELIMINARY - NUMERICAL HIP-REDUCTION SUCCESSOR ONLY - NOT APPROVED FOR CONNECTION, POWERED TESTING, MOTION, WALKING, OR ENERGIZATION"
WS-L01,3.560,DOUBLE,L+R,0.440587,0.203601,318.619526,81.756168,NONE,0.000033367,98.034183,8.527149,50 HZ CONTACT-ENABLED INVERSE FEEDFORWARD + FROZEN BASELINE PD GAINS,"PRELIMINARY - NUMERICAL HIP-REDUCTION SUCCESSOR ONLY - NOT APPROVED FOR CONNECTION, POWERED TESTING, MOTION, WALKING, OR ENERGIZATION"
WS-L01,3.580,DOUBLE,L+R,0.444008,0.207493,315.208016,84.513685,NONE,0.000030142,97.975484,8.436606,50 HZ CONTACT-ENABLED INVERSE FEEDFORWARD + FROZEN BASELINE PD GAINS,"PRELIMINARY - NUMERICAL HIP-REDUCTION SUCCESSOR ONLY - NOT APPROVED FOR CONNECTION, POWERED TESTING, MOTION, WALKING, OR ENERGIZATION"
WS-L01,3.600,DOUBLE,L+R,0.447208,0.211387,311.737762,87.307715,NONE,0.000026943,97.917594,8.344534,50 HZ CONTACT-ENABLED INVERSE FEEDFORWARD + FROZEN BASELINE PD GAINS,"PRELIMINARY - NUMERICAL HIP-REDUCTION SUCCESSOR ONLY - NOT APPROVED FOR CONNECTION, POWERED TESTING, MOTION, WALKING, OR ENERGIZATION"
WS-L01,3.620,DOUBLE,L+R,0.450184,0.215282,308.211193,90.136653,NONE,0.000023777,97.860713,8.251011,50 HZ CONTACT-ENABLED INVERSE FEEDFORWARD + FROZEN BASELINE PD GAINS,"PRELIMINARY - NUMERICAL HIP-REDUCTION SUCCESSOR ONLY - NOT APPROVED FOR CONNECTION, POWERED TESTING, MOTION, WALKING, OR ENERGIZATION"
WS-L01,3.640,DOUBLE,L+R,0.452913,0.219208,304.816042,92.998373,NONE,0.000020642,97.795219,8.157161,50 HZ CONTACT-ENABLED INVERSE FEEDFORWARD + FROZEN BASELINE PD GAINS,"PRELIMINARY - NUMERICAL HIP-REDUCTION SUCCESSOR ONLY - NOT APPROVED FOR CONNECTION, POWERED TESTING, MOTION, WALKING, OR ENERGIZATION"
WS-L01,3.660,DOUBLE,L+R,0.455410,0.223152,301.473647,95.892354,NONE,0.000017536,97.720623,8.061605,50 HZ CONTACT-ENABLED INVERSE FEEDFORWARD + FROZEN BASELINE PD GAINS,"PRELIMINARY - NUMERICAL HIP-REDUCTION SUCCESSOR ONLY - NOT APPROVED FOR CONNECTION, POWERED TESTING, MOTION, WALKING, OR ENERGIZATION"
WS-L01,3.680,DOUBLE,L+R,0.457694,0.227043,298.088360,98.814132,NONE,0.000014464,97.647979,7.964617,50 HZ CONTACT-ENABLED INVERSE FEEDFORWARD + FROZEN BASELINE PD GAINS,"PRELIMINARY - NUMERICAL HIP-REDUCTION SUCCESSOR ONLY - NOT APPROVED FOR CONNECTION, POWERED TESTING, MOTION, WALKING, OR ENERGIZATION"
WS-L01,3.700,DOUBLE,L+R,0.459795,0.230931,294.727532,101.765348,NONE,0.000011431,97.573099,7.865356,50 HZ CONTACT-ENABLED INVERSE FEEDFORWARD + FROZEN BASELINE PD GAINS,"PRELIMINARY - NUMERICAL HIP-REDUCTION SUCCESSOR ONLY - NOT APPROVED FOR CONNECTION, POWERED TESTING, MOTION, WALKING, OR ENERGIZATION"
WS-L01,3.720,DOUBLE,L+R,0.461763,0.234808,291.345281,104.741864,NONE,0.000008438,97.498511,7.764463,50 HZ CONTACT-ENABLED INVERSE FEEDFORWARD + FROZEN BASELINE PD GAINS,"PRELIMINARY - NUMERICAL HIP-REDUCTION SUCCESSOR ONLY - NOT APPROVED FOR CONNECTION, POWERED TESTING, MOTION, WALKING, OR ENERGIZATION"
WS-L01,3.740,DOUBLE,L+R,0.463626,0.238680,287.969822,107.739439,NONE,0.000005490,97.422285,7.662115,50 HZ CONTACT-ENABLED INVERSE FEEDFORWARD + FROZEN BASELINE PD GAINS,"PRELIMINARY - NUMERICAL HIP-REDUCTION SUCCESSOR ONLY - NOT APPROVED FOR CONNECTION, POWERED TESTING, MOTION, WALKING, OR ENERGIZATION"
WS-L01,3.760,DOUBLE,L+R,0.465408,0.242538,284.566614,110.756430,NONE,0.000002594,97.347593,7.558521,50 HZ CONTACT-ENABLED INVERSE FEEDFORWARD + FROZEN BASELINE PD GAINS,"PRELIMINARY - NUMERICAL HIP-REDUCTION SUCCESSOR ONLY - NOT APPROVED FOR CONNECTION, POWERED TESTING, MOTION, WALKING, OR ENERGIZATION"
WS-L01,3.780,DOUBLE,L+R,0.467110,0.246382,281.140185,113.788805,NONE,-0.000000243,97.275048,7.453928,50 HZ CONTACT-ENABLED INVERSE FEEDFORWARD + FROZEN BASELINE PD GAINS,"PRELIMINARY - NUMERICAL HIP-REDUCTION SUCCESSOR ONLY - NOT APPROVED FOR CONNECTION, POWERED TESTING, MOTION, WALKING, OR ENERGIZATION"
WS-L01,3.800,DOUBLE,L+R,0.468730,0.250215,277.698099,116.834479,NONE,-0.000003014,97.204692,7.348480,50 HZ CONTACT-ENABLED INVERSE FEEDFORWARD + FROZEN BASELINE PD GAINS,"PRELIMINARY - NUMERICAL HIP-REDUCTION SUCCESSOR ONLY - NOT APPROVED FOR CONNECTION, POWERED TESTING, MOTION, WALKING, OR ENERGIZATION"
WS-L01,3.820,DOUBLE,L+R,0.470265,0.254038,274.244048,119.891408,NONE,-0.000005716,97.136678,7.242347,50 HZ CONTACT-ENABLED INVERSE FEEDFORWARD + FROZEN BASELINE PD GAINS,"PRELIMINARY - NUMERICAL HIP-REDUCTION SUCCESSOR ONLY - NOT APPROVED FOR CONNECTION, POWERED TESTING, MOTION, WALKING, OR ENERGIZATION"
WS-L01,3.840,DOUBLE,L+R,0.471712,0.257848,270.783038,122.957032,NONE,-0.000008342,97.071004,7.135667,50 HZ CONTACT-ENABLED INVERSE FEEDFORWARD + FROZEN BASELINE PD GAINS,"PRELIMINARY - NUMERICAL HIP-REDUCTION SUCCESSOR ONLY - NOT APPROVED FOR CONNECTION, POWERED TESTING, MOTION, WALKING, OR ENERGIZATION"
WS-L01,3.860,DOUBLE,L+R,0.473071,0.261643,267.318658,126.029019,NONE,-0.000010887,97.007780,7.028603,50 HZ CONTACT-ENABLED INVERSE FEEDFORWARD + FROZEN BASELINE PD GAINS,"PRELIMINARY - NUMERICAL HIP-REDUCTION SUCCESSOR ONLY - NOT APPROVED FOR CONNECTION, POWERED TESTING, MOTION, WALKING, OR ENERGIZATION"
WS-L01,3.880,DOUBLE,L+R,0.474338,0.265420,263.855358,129.104634,NONE,-0.000013349,96.947089,6.921292,50 HZ CONTACT-ENABLED INVERSE FEEDFORWARD + FROZEN BASELINE PD GAINS,"PRELIMINARY - NUMERICAL HIP-REDUCTION SUCCESSOR ONLY - NOT APPROVED FOR CONNECTION, POWERED TESTING, MOTION, WALKING, OR ENERGIZATION"
WS-L01,3.900,DOUBLE,L+R,0.475513,0.269178,260.396976,132.180409,NONE,-0.000015726,96.889025,6.813875,50 HZ CONTACT-ENABLED INVERSE FEEDFORWARD + FROZEN BASELINE PD GAINS,"PRELIMINARY - NUMERICAL HIP-REDUCTION SUCCESSOR ONLY - NOT APPROVED FOR CONNECTION, POWERED TESTING, MOTION, WALKING, OR ENERGIZATION"
WS-L01,3.920,DOUBLE,L+R,0.476595,0.272915,256.946973,135.255091,NONE,-0.000018016,96.833619,6.706507,50 HZ CONTACT-ENABLED INVERSE FEEDFORWARD + FROZEN BASELINE PD GAINS,"PRELIMINARY - NUMERICAL HIP-REDUCTION SUCCESSOR ONLY - NOT APPROVED FOR CONNECTION, POWERED TESTING, MOTION, WALKING, OR ENERGIZATION"
WS-L01,3.940,DOUBLE,L+R,0.477582,0.276628,253.509562,138.324237,NONE,-0.000020222,96.780956,6.599315,50 HZ CONTACT-ENABLED INVERSE FEEDFORWARD + FROZEN BASELINE PD GAINS,"PRELIMINARY - NUMERICAL HIP-REDUCTION SUCCESSOR ONLY - NOT APPROVED FOR CONNECTION, POWERED TESTING, MOTION, WALKING, OR ENERGIZATION"
WS-L01,3.960,DOUBLE,L+R,0.478476,0.280317,250.088919,141.386686,NONE,-0.000022342,96.731015,6.492451,50 HZ CONTACT-ENABLED INVERSE FEEDFORWARD + FROZEN BASELINE PD GAINS,"PRELIMINARY - NUMERICAL HIP-REDUCTION SUCCESSOR ONLY - NOT APPROVED FOR CONNECTION, POWERED TESTING, MOTION, WALKING, OR ENERGIZATION"
WS-L01,3.980,DOUBLE,L+R,0.479275,0.283981,246.688257,144.438465,NONE,-0.000024377,96.683907,6.386082,50 HZ CONTACT-ENABLED INVERSE FEEDFORWARD + FROZEN BASELINE PD GAINS,"PRELIMINARY - NUMERICAL HIP-REDUCTION SUCCESSOR ONLY - NOT APPROVED FOR CONNECTION, POWERED TESTING, MOTION, WALKING, OR ENERGIZATION"
WS-L01,4.000,DOUBLE,L+R,0.479980,0.287616,243.312183,147.476817,NONE,-0.000026328,96.639578,6.280320,50 HZ CONTACT-ENABLED INVERSE FEEDFORWARD + FROZEN BASELINE PD GAINS,"PRELIMINARY - NUMERICAL HIP-REDUCTION SUCCESSOR ONLY - NOT APPROVED FOR CONNECTION, POWERED TESTING, MOTION, WALKING, OR ENERGIZATION"
WS-L01,4.020,DOUBLE,L+R,0.480592,0.291223,239.964027,150.499053,NONE,-0.000028196,96.598066,6.175328,50 HZ CONTACT-ENABLED INVERSE FEEDFORWARD + FROZEN BASELINE PD GAINS,"PRELIMINARY - NUMERICAL HIP-REDUCTION SUCCESSOR ONLY - NOT APPROVED FOR CONNECTION, POWERED TESTING, MOTION, WALKING, OR ENERGIZATION"
WS-L01,4.040,DOUBLE,L+R,0.481111,0.294800,236.646532,153.504107,NONE,-0.000029981,96.559346,6.071250,50 HZ CONTACT-ENABLED INVERSE FEEDFORWARD + FROZEN BASELINE PD GAINS,"PRELIMINARY - NUMERICAL HIP-REDUCTION SUCCESSOR ONLY - NOT APPROVED FOR CONNECTION, POWERED TESTING, MOTION, WALKING, OR ENERGIZATION"
WS-L01,4.060,DOUBLE,L+R,0.481538,0.298345,233.364321,156.486679,NONE,-0.000031686,96.523427,5.968204,50 HZ CONTACT-ENABLED INVERSE FEEDFORWARD + FROZEN BASELINE PD GAINS,"PRELIMINARY - NUMERICAL HIP-REDUCTION SUCCESSOR ONLY - NOT APPROVED FOR CONNECTION, POWERED TESTING, MOTION, WALKING, OR ENERGIZATION"
WS-L01,4.080,DOUBLE,L+R,0.481874,0.301857,230.120537,159.445332,NONE,-0.000033311,96.490242,5.866330,50 HZ CONTACT-ENABLED INVERSE FEEDFORWARD + FROZEN BASELINE PD GAINS,"PRELIMINARY - NUMERICAL HIP-REDUCTION SUCCESSOR ONLY - NOT APPROVED FOR CONNECTION, POWERED TESTING, MOTION, WALKING, OR ENERGIZATION"
WS-L01,4.100,DOUBLE,L+R,0.482122,0.305336,226.917653,162.378228,NONE,-0.000034858,96.459787,5.765763,50 HZ CONTACT-ENABLED INVERSE FEEDFORWARD + FROZEN BASELINE PD GAINS,"PRELIMINARY - NUMERICAL HIP-REDUCTION SUCCESSOR ONLY - NOT APPROVED FOR CONNECTION, POWERED TESTING, MOTION, WALKING, OR ENERGIZATION"
WS-L01,4.120,DOUBLE,L+R,0.482281,0.308779,223.759529,165.282611,NONE,-0.000036328,96.431992,5.666614,50 HZ CONTACT-ENABLED INVERSE FEEDFORWARD + FROZEN BASELINE PD GAINS,"PRELIMINARY - NUMERICAL HIP-REDUCTION SUCCESSOR ONLY - NOT APPROVED FOR CONNECTION, POWERED TESTING, MOTION, WALKING, OR ENERGIZATION"
WS-L01,4.140,DOUBLE,L+R,0.482356,0.312186,220.648823,168.156576,NONE,-0.000037723,96.406774,5.569028,50 HZ CONTACT-ENABLED INVERSE FEEDFORWARD + FROZEN BASELINE PD GAINS,"PRELIMINARY - NUMERICAL HIP-REDUCTION SUCCESSOR ONLY - NOT APPROVED FOR CONNECTION, POWERED TESTING, MOTION, WALKING, OR ENERGIZATION"
WS-L01,4.160,DOUBLE,L+R,0.482347,0.315555,217.588188,170.997092,NONE,-0.000039045,96.384081,5.473102,50 HZ CONTACT-ENABLED INVERSE FEEDFORWARD + FROZEN BASELINE PD GAINS,"PRELIMINARY - NUMERICAL HIP-REDUCTION SUCCESSOR ONLY - NOT APPROVED FOR CONNECTION, POWERED TESTING, MOTION, WALKING, OR ENERGIZATION"
WS-L01,4.180,DOUBLE,L+R,0.482256,0.318885,214.580140,173.802900,NONE,-0.000040293,96.363811,5.378941,50 HZ CONTACT-ENABLED INVERSE FEEDFORWARD + FROZEN BASELINE PD GAINS,"PRELIMINARY - NUMERICAL HIP-REDUCTION SUCCESSOR ONLY - NOT APPROVED FOR CONNECTION, POWERED TESTING, MOTION, WALKING, OR ENERGIZATION"
WS-L01,4.200,DOUBLE,L+R,0.482087,0.322175,211.626607,176.572388,NONE,-0.000041471,96.345907,5.286646,50 HZ CONTACT-ENABLED INVERSE FEEDFORWARD + FROZEN BASELINE PD GAINS,"PRELIMINARY - NUMERICAL HIP-REDUCTION SUCCESSOR ONLY - NOT APPROVED FOR CONNECTION, POWERED TESTING, MOTION, WALKING, OR ENERGIZATION"
WS-L01,4.220,DOUBLE,L+R,0.481841,0.325424,208.730863,179.301937,NONE,-0.000042582,96.330286,5.196295,50 HZ CONTACT-ENABLED INVERSE FEEDFORWARD + FROZEN BASELINE PD GAINS,"PRELIMINARY - NUMERICAL HIP-REDUCTION SUCCESSOR ONLY - NOT APPROVED FOR CONNECTION, POWERED TESTING, MOTION, WALKING, OR ENERGIZATION"
WS-L01,4.240,DOUBLE,L+R,0.481522,0.328631,205.894697,181.990011,NONE,-0.000043626,96.316855,5.107985,50 HZ CONTACT-ENABLED INVERSE FEEDFORWARD + FROZEN BASELINE PD GAINS,"PRELIMINARY - NUMERICAL HIP-REDUCTION SUCCESSOR ONLY - NOT APPROVED FOR CONNECTION, POWERED TESTING, MOTION, WALKING, OR ENERGIZATION"
WS-L01,4.260,DOUBLE,L+R,0.481132,0.331794,203.119337,184.635544,NONE,-0.000044605,96.305520,5.021797,50 HZ CONTACT-ENABLED INVERSE FEEDFORWARD + FROZEN BASELINE PD GAINS,"PRELIMINARY - NUMERICAL HIP-REDUCTION SUCCESSOR ONLY - NOT APPROVED FOR CONNECTION, POWERED TESTING, MOTION, WALKING, OR ENERGIZATION"
WS-L01,4.280,DOUBLE,L+R,0.480675,0.334914,200.406582,187.236584,NONE,-0.000045522,96.296176,4.937785,50 HZ CONTACT-ENABLED INVERSE FEEDFORWARD + FROZEN BASELINE PD GAINS,"PRELIMINARY - NUMERICAL HIP-REDUCTION SUCCESSOR ONLY - NOT APPROVED FOR CONNECTION, POWERED TESTING, MOTION, WALKING, OR ENERGIZATION"
WS-L01,4.300,DOUBLE,L+R,0.480153,0.337989,197.758184,189.791748,NONE,-0.000046379,96.288712,4.856015,50 HZ CONTACT-ENABLED INVERSE FEEDFORWARD + FROZEN BASELINE PD GAINS,"PRELIMINARY - NUMERICAL HIP-REDUCTION SUCCESSOR ONLY - NOT APPROVED FOR CONNECTION, POWERED TESTING, MOTION, WALKING, OR ENERGIZATION"
WS-L01,4.320,DOUBLE,L+R,0.479569,0.341017,195.175417,192.298182,NONE,-0.000047178,96.283057,4.776545,50 HZ CONTACT-ENABLED INVERSE FEEDFORWARD + FROZEN BASELINE PD GAINS,"PRELIMINARY - NUMERICAL HIP-REDUCTION SUCCESSOR ONLY - NOT APPROVED FOR CONNECTION, POWERED TESTING, MOTION, WALKING, OR ENERGIZATION"
WS-L01,4.340,DOUBLE,L+R,0.478928,0.343998,192.659188,194.756174,NONE,-0.000047919,96.279053,4.699417,50 HZ CONTACT-ENABLED INVERSE FEEDFORWARD + FROZEN BASELINE PD GAINS,"PRELIMINARY - NUMERICAL HIP-REDUCTION SUCCESSOR ONLY - NOT APPROVED FOR CONNECTION, POWERED TESTING, MOTION, WALKING, OR ENERGIZATION"
WS-L01,4.360,DOUBLE,L+R,0.478231,0.346931,190.210414,197.163233,NONE,-0.000048606,96.276637,4.624667,50 HZ CONTACT-ENABLED INVERSE FEEDFORWARD + FROZEN BASELINE PD GAINS,"PRELIMINARY - NUMERICAL HIP-REDUCTION SUCCESSOR ONLY - NOT APPROVED FOR CONNECTION, POWERED TESTING, MOTION, WALKING, OR ENERGIZATION"
WS-L01,4.380,DOUBLE,L+R,0.477483,0.349815,187.830711,199.518741,NONE,-0.000049240,96.275652,4.552315,50 HZ CONTACT-ENABLED INVERSE FEEDFORWARD + FROZEN BASELINE PD GAINS,"PRELIMINARY - NUMERICAL HIP-REDUCTION SUCCESSOR ONLY - NOT APPROVED FOR CONNECTION, POWERED TESTING, MOTION, WALKING, OR ENERGIZATION"
WS-L01,4.400,DOUBLE,L+R,0.476687,0.352649,185.519449,201.822151,NONE,-0.000049822,96.276042,4.482415,50 HZ CONTACT-ENABLED INVERSE FEEDFORWARD + FROZEN BASELINE PD GAINS,"PRELIMINARY - NUMERICAL HIP-REDUCTION SUCCESSOR ONLY - NOT APPROVED FOR CONNECTION, POWERED TESTING, MOTION, WALKING, OR ENERGIZATION"
WS-L01,4.420,DOUBLE,L+R,0.475847,0.355433,183.277153,204.071989,NONE,-0.000050355,96.277679,4.414944,50 HZ CONTACT-ENABLED INVERSE FEEDFORWARD + FROZEN BASELINE PD GAINS,"PRELIMINARY - NUMERICAL HIP-REDUCTION SUCCESSOR ONLY - NOT APPROVED FOR CONNECTION, POWERED TESTING, MOTION, WALKING, OR ENERGIZATION"
WS-L01,4.440,DOUBLE,L+R,0.474965,0.358166,181.105362,206.267600,NONE,-0.000050841,96.280420,4.349916,50 HZ CONTACT-ENABLED INVERSE FEEDFORWARD + FROZEN BASELINE PD GAINS,"PRELIMINARY - NUMERICAL HIP-REDUCTION SUCCESSOR ONLY - NOT APPROVED FOR CONNECTION, POWERED TESTING, MOTION, WALKING, OR ENERGIZATION"
WS-L01,4.460,DOUBLE,L+R,0.474046,0.360846,179.003599,208.407597,NONE,-0.000051280,96.284227,4.287347,50 HZ CONTACT-ENABLED INVERSE FEEDFORWARD + FROZEN BASELINE PD GAINS,"PRELIMINARY - NUMERICAL HIP-REDUCTION SUCCESSOR ONLY - NOT APPROVED FOR CONNECTION, POWERED TESTING, MOTION, WALKING, OR ENERGIZATION"
WS-L01,4.480,DOUBLE,L+R,0.473092,0.363474,176.971482,210.492896,NONE,-0.000051673,96.288951,4.227223,50 HZ CONTACT-ENABLED INVERSE FEEDFORWARD + FROZEN BASELINE PD GAINS,"PRELIMINARY - NUMERICAL HIP-REDUCTION SUCCESSOR ONLY - NOT APPROVED FOR CONNECTION, POWERED TESTING, MOTION, WALKING, OR ENERGIZATION"
WS-L01,4.500,DOUBLE,L+R,0.472108,0.366049,175.009059,212.522136,NONE,-0.000052024,96.294518,4.169526,50 HZ CONTACT-ENABLED INVERSE FEEDFORWARD + FROZEN BASELINE PD GAINS,"PRELIMINARY - NUMERICAL HIP-REDUCTION SUCCESSOR ONLY - NOT APPROVED FOR CONNECTION, POWERED TESTING, MOTION, WALKING, OR ENERGIZATION"
WS-L01,4.520,DOUBLE,L+R,0.471096,0.368569,173.116801,214.494456,NONE,-0.000052333,96.300818,4.114229,50 HZ CONTACT-ENABLED INVERSE FEEDFORWARD + FROZEN BASELINE PD GAINS,"PRELIMINARY - NUMERICAL HIP-REDUCTION SUCCESSOR ONLY - NOT APPROVED FOR CONNECTION, POWERED TESTING, MOTION, WALKING, OR ENERGIZATION"
WS-L01,4.540,DOUBLE,L+R,0.470060,0.371035,171.293527,216.410387,NONE,-0.000052602,96.307776,4.061323,50 HZ CONTACT-ENABLED INVERSE FEEDFORWARD + FROZEN BASELINE PD GAINS,"PRELIMINARY - NUMERICAL HIP-REDUCTION SUCCESSOR ONLY - NOT APPROVED FOR CONNECTION, POWERED TESTING, MOTION, WALKING, OR ENERGIZATION"
WS-L01,4.560,DOUBLE,L+R,0.469003,0.373446,169.539261,218.269326,NONE,-0.000052830,96.315288,4.010761,50 HZ CONTACT-ENABLED INVERSE FEEDFORWARD + FROZEN BASELINE PD GAINS,"PRELIMINARY - NUMERICAL HIP-REDUCTION SUCCESSOR ONLY - NOT APPROVED FOR CONNECTION, POWERED TESTING, MOTION, WALKING, OR ENERGIZATION"
WS-L01,4.580,DOUBLE,L+R,0.467928,0.375802,167.853355,220.071639,NONE,-0.000053021,96.323279,3.962511,50 HZ CONTACT-ENABLED INVERSE FEEDFORWARD + FROZEN BASELINE PD GAINS,"PRELIMINARY - NUMERICAL HIP-REDUCTION SUCCESSOR ONLY - NOT APPROVED FOR CONNECTION, POWERED TESTING, MOTION, WALKING, OR ENERGIZATION"
WS-L01,4.600,DOUBLE,L+R,0.466839,0.378101,166.235460,221.816757,NONE,-0.000053174,96.331671,3.916531,50 HZ CONTACT-ENABLED INVERSE FEEDFORWARD + FROZEN BASELINE PD GAINS,"PRELIMINARY - NUMERICAL HIP-REDUCTION SUCCESSOR ONLY - NOT APPROVED FOR CONNECTION, POWERED TESTING, MOTION, WALKING, OR ENERGIZATION"
WS-L01,4.620,DOUBLE,L+R,0.465738,0.380344,164.684572,223.504721,NONE,-0.000053292,96.340402,3.872777,50 HZ CONTACT-ENABLED INVERSE FEEDFORWARD + FROZEN BASELINE PD GAINS,"PRELIMINARY - NUMERICAL HIP-REDUCTION SUCCESSOR ONLY - NOT APPROVED FOR CONNECTION, POWERED TESTING, MOTION, WALKING, OR ENERGIZATION"
WS-L01,4.640,DOUBLE,L+R,0.464629,0.382530,163.199452,225.137128,NONE,-0.000053375,96.349371,3.831198,50 HZ CONTACT-ENABLED INVERSE FEEDFORWARD + FROZEN BASELINE PD GAINS,"PRELIMINARY - NUMERICAL HIP-REDUCTION SUCCESSOR ONLY - NOT APPROVED FOR CONNECTION, POWERED TESTING, MOTION, WALKING, OR ENERGIZATION"
WS-L01,4.660,DOUBLE,L+R,0.463514,0.384660,161.780156,226.711767,NONE,-0.000053425,96.358552,3.791734,50 HZ CONTACT-ENABLED INVERSE FEEDFORWARD + FROZEN BASELINE PD GAINS,"PRELIMINARY - NUMERICAL HIP-REDUCTION SUCCESSOR ONLY - NOT APPROVED FOR CONNECTION, POWERED TESTING, MOTION, WALKING, OR ENERGIZATION"
WS-L01,4.680,DOUBLE,L+R,0.462397,0.386731,160.425692,228.230440,NONE,-0.000053441,96.367841,3.754336,50 HZ CONTACT-ENABLED INVERSE FEEDFORWARD + FROZEN BASELINE PD GAINS,"PRELIMINARY - NUMERICAL HIP-REDUCTION SUCCESSOR ONLY - NOT APPROVED FOR CONNECTION, POWERED TESTING, MOTION, WALKING, OR ENERGIZATION"
WS-L01,4.700,DOUBLE,L+R,0.461279,0.388745,159.134139,229.693478,NONE,-0.000053426,96.377226,3.718948,50 HZ CONTACT-ENABLED INVERSE FEEDFORWARD + FROZEN BASELINE PD GAINS,"PRELIMINARY - NUMERICAL HIP-REDUCTION SUCCESSOR ONLY - NOT APPROVED FOR CONNECTION, POWERED TESTING, MOTION, WALKING, OR ENERGIZATION"
WS-L01,4.720,DOUBLE,L+R,0.463210,0.390702,157.905449,231.101177,NONE,-0.000054026,96.386609,3.685495,50 HZ CONTACT-ENABLED INVERSE FEEDFORWARD + FROZEN BASELINE PD GAINS,"PRELIMINARY - NUMERICAL HIP-REDUCTION SUCCESSOR ONLY - NOT APPROVED FOR CONNECTION, POWERED TESTING, MOTION, WALKING, OR ENERGIZATION"
WS-L01,4.740,DOUBLE,L+R,0.468497,0.392601,156.738172,232.453888,NONE,-0.000055202,96.395980,3.653930,50 HZ CONTACT-ENABLED INVERSE FEEDFORWARD + FROZEN BASELINE PD GAINS,"PRELIMINARY - NUMERICAL HIP-REDUCTION SUCCESSOR ONLY - NOT APPROVED FOR CONNECTION, POWERED TESTING, MOTION, WALKING, OR ENERGIZATION"
WS-L01,4.760,DOUBLE,L+R,0.473722,0.394441,155.631392,233.751519,NONE,-0.000056354,96.405283,3.624185,50 HZ CONTACT-ENABLED INVERSE FEEDFORWARD + FROZEN BASELINE PD GAINS,"PRELIMINARY - NUMERICAL HIP-REDUCTION SUCCESSOR ONLY - NOT APPROVED FOR CONNECTION, POWERED TESTING, MOTION, WALKING, OR ENERGIZATION"
WS-L01,4.780,DOUBLE,L+R,0.478882,0.396224,154.583782,234.995178,NONE,-0.000057480,96.414472,3.596188,50 HZ CONTACT-ENABLED INVERSE FEEDFORWARD + FROZEN BASELINE PD GAINS,"PRELIMINARY - NUMERICAL HIP-REDUCTION SUCCESSOR ONLY - NOT APPROVED FOR CONNECTION, POWERED TESTING, MOTION, WALKING, OR ENERGIZATION"
WS-L01,4.800,DOUBLE,L+R,0.483974,0.397948,153.593888,236.186251,NONE,-0.000058581,96.423501,3.569886,50 HZ CONTACT-ENABLED INVERSE FEEDFORWARD + FROZEN BASELINE PD GAINS,"PRELIMINARY - NUMERICAL HIP-REDUCTION SUCCESSOR ONLY - NOT APPROVED FOR CONNECTION, POWERED TESTING, MOTION, WALKING, OR ENERGIZATION"
WS-L01,4.820,DOUBLE,L+R,0.488997,0.399615,152.661093,237.323615,NONE,-0.000059657,96.432370,3.545199,50 HZ CONTACT-ENABLED INVERSE FEEDFORWARD + FROZEN BASELINE PD GAINS,"PRELIMINARY - NUMERICAL HIP-REDUCTION SUCCESSOR ONLY - NOT APPROVED FOR CONNECTION, POWERED TESTING, MOTION, WALKING, OR ENERGIZATION"
WS-L01,4.840,DOUBLE,L+R,0.493946,0.401224,151.784147,238.409758,NONE,-0.000060708,96.441000,3.522071,50 HZ CONTACT-ENABLED INVERSE FEEDFORWARD + FROZEN BASELINE PD GAINS,"PRELIMINARY - NUMERICAL HIP-REDUCTION SUCCESSOR ONLY - NOT APPROVED FOR CONNECTION, POWERED TESTING, MOTION, WALKING, OR ENERGIZATION"
WS-L01,4.860,DOUBLE,L+R,0.498820,0.402775,150.961063,239.444025,NONE,-0.000061734,96.449435,3.500442,50 HZ CONTACT-ENABLED INVERSE FEEDFORWARD + FROZEN BASELINE PD GAINS,"PRELIMINARY - NUMERICAL HIP-REDUCTION SUCCESSOR ONLY - NOT APPROVED FOR CONNECTION, POWERED TESTING, MOTION, WALKING, OR ENERGIZATION"
WS-L01,4.880,DOUBLE,L+R,0.503616,0.404269,150.191655,240.427945,NONE,-0.000062734,96.457571,3.480232,50 HZ CONTACT-ENABLED INVERSE FEEDFORWARD + FROZEN BASELINE PD GAINS,"PRELIMINARY - NUMERICAL HIP-REDUCTION SUCCESSOR ONLY - NOT APPROVED FOR CONNECTION, POWERED TESTING, MOTION, WALKING, OR ENERGIZATION"
WS-L01,4.900,DOUBLE,L+R,0.508332,0.405705,149.474175,241.361375,NONE,-0.000063709,96.465457,3.461395,50 HZ CONTACT-ENABLED INVERSE FEEDFORWARD + FROZEN BASELINE PD GAINS,"PRELIMINARY - NUMERICAL HIP-REDUCTION SUCCESSOR ONLY - NOT APPROVED FOR CONNECTION, POWERED TESTING, MOTION, WALKING, OR ENERGIZATION"
WS-L01,4.920,DOUBLE,L+R,0.512966,0.407086,148.806709,242.246844,NONE,-0.000064657,96.473032,3.443865,50 HZ CONTACT-ENABLED INVERSE FEEDFORWARD + FROZEN BASELINE PD GAINS,"PRELIMINARY - NUMERICAL HIP-REDUCTION SUCCESSOR ONLY - NOT APPROVED FOR CONNECTION, POWERED TESTING, MOTION, WALKING, OR ENERGIZATION"
WS-L01,4.940,DOUBLE,L+R,0.517517,0.408409,148.189002,243.082978,NONE,-0.000065580,96.480306,3.427575,50 HZ CONTACT-ENABLED INVERSE FEEDFORWARD + FROZEN BASELINE PD GAINS,"PRELIMINARY - NUMERICAL HIP-REDUCTION SUCCESSOR ONLY - NOT APPROVED FOR CONNECTION, POWERED TESTING, MOTION, WALKING, OR ENERGIZATION"
WS-L01,4.960,DOUBLE,L+R,0.521983,0.409676,147.619337,243.871789,NONE,-0.000066475,96.487255,3.412466,50 HZ CONTACT-ENABLED INVERSE FEEDFORWARD + FROZEN BASELINE PD GAINS,"PRELIMINARY - NUMERICAL HIP-REDUCTION SUCCESSOR ONLY - NOT APPROVED FOR CONNECTION, POWERED TESTING, MOTION, WALKING, OR ENERGIZATION"
WS-L01,4.980,DOUBLE,L+R,0.526362,0.410888,147.096230,244.614762,NONE,-0.000067343,96.493859,3.398489,50 HZ CONTACT-ENABLED INVERSE FEEDFORWARD + FROZEN BASELINE PD GAINS,"PRELIMINARY - NUMERICAL HIP-REDUCTION SUCCESSOR ONLY - NOT APPROVED FOR CONNECTION, POWERED TESTING, MOTION, WALKING, OR ENERGIZATION"
WS-L01,5.000,DOUBLE,L+R,0.530681,0.411830,142.973641,248.041349,NONE,-0.000062215,96.342706,3.297272,50 HZ CONTACT-ENABLED INVERSE FEEDFORWARD + FROZEN BASELINE PD GAINS,"PRELIMINARY - NUMERICAL HIP-REDUCTION SUCCESSOR ONLY - NOT APPROVED FOR CONNECTION, POWERED TESTING, MOTION, WALKING, OR ENERGIZATION"
WS-L01,5.020,DOUBLE,L+R,0.534939,0.413408,148.479249,248.091673,NONE,-0.000061579,96.752520,3.172378,50 HZ CONTACT-ENABLED INVERSE FEEDFORWARD + FROZEN BASELINE PD GAINS,"PRELIMINARY - NUMERICAL HIP-REDUCTION SUCCESSOR ONLY - NOT APPROVED FOR CONNECTION, POWERED TESTING, MOTION, WALKING, OR ENERGIZATION"
WS-L01,5.040,DOUBLE,L+R,0.539022,0.414423,144.593554,250.016158,NONE,-0.000060880,97.400306,3.184342,50 HZ CONTACT-ENABLED INVERSE FEEDFORWARD + FROZEN BASELINE PD GAINS,"PRELIMINARY - NUMERICAL HIP-REDUCTION SUCCESSOR ONLY - NOT APPROVED FOR CONNECTION, POWERED TESTING, MOTION, WALKING, OR ENERGIZATION"
WS-L01,5.060,DOUBLE,L+R,0.542577,0.415093,148.080930,248.403842,NONE,-0.000058109,96.955421,3.525719,50 HZ CONTACT-ENABLED INVERSE FEEDFORWARD + FROZEN BASELINE PD GAINS,"PRELIMINARY - NUMERICAL HIP-REDUCTION SUCCESSOR ONLY - NOT APPROVED FOR CONNECTION, POWERED TESTING, MOTION, WALKING, OR ENERGIZATION"
WS-L01,5.080,DOUBLE,L+R,0.546120,0.415914,151.677842,248.723979,NONE,-0.000054661,104.037115,6.189740,50 HZ CONTACT-ENABLED INVERSE FEEDFORWARD + FROZEN BASELINE PD GAINS,"PRELIMINARY - NUMERICAL HIP-REDUCTION SUCCESSOR ONLY - NOT APPROVED FOR CONNECTION, POWERED TESTING, MOTION, WALKING, OR ENERGIZATION"
WS-L01,5.100,DOUBLE,L+R,0.549842,0.416807,148.711422,250.831044,NONE,-0.000055026,97.006943,2.655500,50 HZ CONTACT-ENABLED INVERSE FEEDFORWARD + FROZEN BASELINE PD GAINS,"PRELIMINARY - NUMERICAL HIP-REDUCTION SUCCESSOR ONLY - NOT APPROVED FOR CONNECTION, POWERED TESTING, MOTION, WALKING, OR ENERGIZATION"
WS-L01,5.120,DOUBLE,L+R,0.553238,0.417615,151.800034,244.346417,NONE,-0.000051762,98.920470,4.268810,50 HZ CONTACT-ENABLED INVERSE FEEDFORWARD + FROZEN BASELINE PD GAINS,"PRELIMINARY - NUMERICAL HIP-REDUCTION SUCCESSOR ONLY - NOT APPROVED FOR CONNECTION, POWERED TESTING, MOTION, WALKING, OR ENERGIZATION"
WS-L01,5.140,DOUBLE,L+R,0.557019,0.418692,149.358994,248.903994,NONE,-0.000051707,96.727165,3.112306,50 HZ CONTACT-ENABLED INVERSE FEEDFORWARD + FROZEN BASELINE PD GAINS,"PRELIMINARY - NUMERICAL HIP-REDUCTION SUCCESSOR ONLY - NOT APPROVED FOR CONNECTION, POWERED TESTING, MOTION, WALKING, OR ENERGIZATION"
WS-L01,5.160,DOUBLE,L+R,0.560579,0.419530,149.893999,250.795981,NONE,-0.000052161,105.037874,6.406221,50 HZ CONTACT-ENABLED INVERSE FEEDFORWARD + FROZEN BASELINE PD GAINS,"PRELIMINARY - NUMERICAL HIP-REDUCTION SUCCESSOR ONLY - NOT APPROVED FOR CONNECTION, POWERED TESTING, MOTION, WALKING, OR ENERGIZATION"
WS-L01,5.180,DOUBLE,L+R,0.563838,0.420132,150.123575,250.883497,NONE,-0.000050264,105.059841,6.411621,50 HZ CONTACT-ENABLED INVERSE FEEDFORWARD + FROZEN BASELINE PD GAINS,"PRELIMINARY - NUMERICAL HIP-REDUCTION SUCCESSOR ONLY - NOT APPROVED FOR CONNECTION, POWERED TESTING, MOTION, WALKING, OR ENERGIZATION"
WS-L01,5.200,DOUBLE,L+R,0.566990,0.420773,150.223799,250.892784,NONE,-0.000049406,105.007740,6.382468,50 HZ CONTACT-ENABLED INVERSE FEEDFORWARD + FROZEN BASELINE PD GAINS,"PRELIMINARY - NUMERICAL HIP-REDUCTION SUCCESSOR ONLY - NOT APPROVED FOR CONNECTION, POWERED TESTING, MOTION, WALKING, OR ENERGIZATION"
WS-L01,5.220,DOUBLE,L+R,0.570071,0.421392,150.248227,250.870099,NONE,-0.000049317,104.902178,6.328652,50 HZ CONTACT-ENABLED INVERSE FEEDFORWARD + FROZEN BASELINE PD GAINS,"PRELIMINARY - NUMERICAL HIP-REDUCTION SUCCESSOR ONLY - NOT APPROVED FOR CONNECTION, POWERED TESTING, MOTION, WALKING, OR ENERGIZATION"
WS-L01,5.240,DOUBLE,L+R,0.573081,0.421964,150.224698,250.836135,NONE,-0.000049694,104.701502,6.222961,50 HZ CONTACT-ENABLED INVERSE FEEDFORWARD + FROZEN BASELINE PD GAINS,"PRELIMINARY - NUMERICAL HIP-REDUCTION SUCCESSOR ONLY - NOT APPROVED FOR CONNECTION, POWERED TESTING, MOTION, WALKING, OR ENERGIZATION"
WS-L01,5.260,DOUBLE,L+R,0.575722,0.422262,152.048044,245.534700,NONE,-0.000045547,104.834858,5.825294,50 HZ CONTACT-ENABLED INVERSE FEEDFORWARD + FROZEN BASELINE PD GAINS,"PRELIMINARY - NUMERICAL HIP-REDUCTION SUCCESSOR ONLY - NOT APPROVED FOR CONNECTION, POWERED TESTING, MOTION, WALKING, OR ENERGIZATION"
WS-L01,5.280,DOUBLE,L+R,0.578622,0.422763,154.062491,251.272842,NONE,-0.000047813,97.715565,1.678300,50 HZ CONTACT-ENABLED INVERSE FEEDFORWARD + FROZEN BASELINE PD GAINS,"PRELIMINARY - NUMERICAL HIP-REDUCTION SUCCESSOR ONLY - NOT APPROVED FOR CONNECTION, POWERED TESTING, MOTION, WALKING, OR ENERGIZATION"
WS-L01,5.300,DOUBLE,L+R,0.581239,0.422967,150.589866,249.731823,NONE,-0.000044056,96.631741,3.685557,50 HZ CONTACT-ENABLED INVERSE FEEDFORWARD + FROZEN BASELINE PD GAINS,"PRELIMINARY - NUMERICAL HIP-REDUCTION SUCCESSOR ONLY - NOT APPROVED FOR CONNECTION, POWERED TESTING, MOTION, WALKING, OR ENERGIZATION"
WS-L01,5.320,DOUBLE,L+R,0.584095,0.423931,146.837479,248.389406,NONE,-0.000044539,96.224841,3.906217,50 HZ CONTACT-ENABLED INVERSE FEEDFORWARD + FROZEN BASELINE PD GAINS,"PRELIMINARY - NUMERICAL HIP-REDUCTION SUCCESSOR ONLY - NOT APPROVED FOR CONNECTION, POWERED TESTING, MOTION, WALKING, OR ENERGIZATION"
WS-L01,5.340,DOUBLE,L+R,0.586607,0.423908,155.850370,250.919922,NONE,-0.000045565,97.451899,1.096438,50 HZ CONTACT-ENABLED INVERSE FEEDFORWARD + FROZEN BASELINE PD GAINS,"PRELIMINARY - NUMERICAL HIP-REDUCTION SUCCESSOR ONLY - NOT APPROVED FOR CONNECTION, POWERED TESTING, MOTION, WALKING, OR ENERGIZATION"
WS-L01,5.360,DOUBLE,L+R,0.589091,0.424353,152.958655,244.315190,NONE,-0.000042479,106.464195,6.278019,50 HZ CONTACT-ENABLED INVERSE FEEDFORWARD + FROZEN BASELINE PD GAINS,"PRELIMINARY - NUMERICAL HIP-REDUCTION SUCCESSOR ONLY - NOT APPROVED FOR CONNECTION, POWERED TESTING, MOTION, WALKING, OR ENERGIZATION"
WS-L01,5.380,DOUBLE,L+R,0.591770,0.424869,146.133713,248.985956,NONE,-0.000043940,95.918371,3.819940,50 HZ CONTACT-ENABLED INVERSE FEEDFORWARD + FROZEN BASELINE PD GAINS,"PRELIMINARY - NUMERICAL HIP-REDUCTION SUCCESSOR ONLY - NOT APPROVED FOR CONNECTION, POWERED TESTING, MOTION, WALKING, OR ENERGIZATION"
WS-L01,5.400,DOUBLE,L+R,0.593942,0.425064,155.280142,249.963188,NONE,-0.000043512,96.635443,1.982630,50 HZ CONTACT-ENABLED INVERSE FEEDFORWARD + FROZEN BASELINE PD GAINS,"PRELIMINARY - NUMERICAL HIP-REDUCTION SUCCESSOR ONLY - NOT APPROVED FOR CONNECTION, POWERED TESTING, MOTION, WALKING, OR ENERGIZATION"
WS-L01,5.420,DOUBLE,L+R,0.595933,0.425107,156.623177,248.630723,NONE,-0.000043575,98.059214,3.231094,50 HZ CONTACT-ENABLED INVERSE FEEDFORWARD + FROZEN BASELINE PD GAINS,"PRELIMINARY - NUMERICAL HIP-REDUCTION SUCCESSOR ONLY - NOT APPROVED FOR CONNECTION, POWERED TESTING, MOTION, WALKING, OR ENERGIZATION"
WS-L01,5.440,DOUBLE,L+R,0.598359,0.425363,155.732028,250.398443,NONE,-0.000043792,98.928579,2.553860,50 HZ CONTACT-ENABLED INVERSE FEEDFORWARD + FROZEN BASELINE PD GAINS,"PRELIMINARY - NUMERICAL HIP-REDUCTION SUCCESSOR ONLY - NOT APPROVED FOR CONNECTION, POWERED TESTING, MOTION, WALKING, OR ENERGIZATION"
WS-L01,5.460,DOUBLE,L+R,0.600620,0.425858,147.054384,247.332804,NONE,-0.000042465,95.987857,3.543433,50 HZ CONTACT-ENABLED INVERSE FEEDFORWARD + FROZEN BASELINE PD GAINS,"PRELIMINARY - NUMERICAL HIP-REDUCTION SUCCESSOR ONLY - NOT APPROVED FOR CONNECTION, POWERED TESTING, MOTION, WALKING, OR ENERGIZATION"
WS-L01,5.480,DOUBLE,L+R,0.602799,0.426000,154.338769,248.035723,NONE,-0.000042718,96.612749,3.682394,50 HZ CONTACT-ENABLED INVERSE FEEDFORWARD + FROZEN BASELINE PD GAINS,"PRELIMINARY - NUMERICAL HIP-REDUCTION SUCCESSOR ONLY - NOT APPROVED FOR CONNECTION, POWERED TESTING, MOTION, WALKING, OR ENERGIZATION"
WS-L01,5.500,DOUBLE,L+R,0.604661,0.426061,156.543137,250.111007,NONE,-0.000042021,99.058912,2.831452,50 HZ CONTACT-ENABLED INVERSE FEEDFORWARD + FROZEN BASELINE PD GAINS,"PRELIMINARY - NUMERICAL HIP-REDUCTION SUCCESSOR ONLY - NOT APPROVED FOR CONNECTION, POWERED TESTING, MOTION, WALKING, OR ENERGIZATION"
WS-L01,5.520,DOUBLE,L+R,0.606585,0.426091,156.623817,250.642368,NONE,-0.000045580,97.436548,1.133414,50 HZ CONTACT-ENABLED INVERSE FEEDFORWARD + FROZEN BASELINE PD GAINS,"PRELIMINARY - NUMERICAL HIP-REDUCTION SUCCESSOR ONLY - NOT APPROVED FOR CONNECTION, POWERED TESTING, MOTION, WALKING, OR ENERGIZATION"
WS-L01,5.540,DOUBLE,L+R,0.608764,0.426482,146.911689,249.083704,NONE,-0.000044089,99.451529,4.995777,50 HZ CONTACT-ENABLED INVERSE FEEDFORWARD + FROZEN BASELINE PD GAINS,"PRELIMINARY - NUMERICAL HIP-REDUCTION SUCCESSOR ONLY - NOT APPROVED FOR CONNECTION, POWERED TESTING, MOTION, WALKING, OR ENERGIZATION"
WS-L01,5.560,DOUBLE,L+R,0.610090,0.426026,157.904700,243.075638,NONE,-0.000040717,100.274220,4.058042,50 HZ CONTACT-ENABLED INVERSE FEEDFORWARD + FROZEN BASELINE PD GAINS,"PRELIMINARY - NUMERICAL HIP-REDUCTION SUCCESSOR ONLY - NOT APPROVED FOR CONNECTION, POWERED TESTING, MOTION, WALKING, OR ENERGIZATION"
WS-L01,5.580,DOUBLE,L+R,0.612009,0.426162,157.098658,247.720710,NONE,-0.000042166,103.486403,5.302498,50 HZ CONTACT-ENABLED INVERSE FEEDFORWARD + FROZEN BASELINE PD GAINS,"PRELIMINARY - NUMERICAL HIP-REDUCTION SUCCESSOR ONLY - NOT APPROVED FOR CONNECTION, POWERED TESTING, MOTION, WALKING, OR ENERGIZATION"
WS-L01,5.600,R SINGLE,L+R,0.613882,0.426798,148.760213,247.770726,NONE,-0.000041713,105.682266,6.351594,50 HZ CONTACT-ENABLED INVERSE FEEDFORWARD + FROZEN BASELINE PD GAINS,"PRELIMINARY - NUMERICAL HIP-REDUCTION SUCCESSOR ONLY - NOT APPROVED FOR CONNECTION, POWERED TESTING, MOTION, WALKING, OR ENERGIZATION"
WS-L01,5.620,R SINGLE,L+R,0.615369,0.426636,148.196414,246.282133,NONE,-0.000041378,109.169560,7.347946,50 HZ CONTACT-ENABLED INVERSE FEEDFORWARD + FROZEN BASELINE PD GAINS,"PRELIMINARY - NUMERICAL HIP-REDUCTION SUCCESSOR ONLY - NOT APPROVED FOR CONNECTION, POWERED TESTING, MOTION, WALKING, OR ENERGIZATION"
WS-L01,5.640,R SINGLE,L+R,0.616825,0.426328,157.366498,248.628920,NONE,-0.000041232,100.562850,4.959796,50 HZ CONTACT-ENABLED INVERSE FEEDFORWARD + FROZEN BASELINE PD GAINS,"PRELIMINARY - NUMERICAL HIP-REDUCTION SUCCESSOR ONLY - NOT APPROVED FOR CONNECTION, POWERED TESTING, MOTION, WALKING, OR ENERGIZATION"
WS-L01,5.660,R SINGLE,L+R,0.618074,0.426334,157.615029,248.658649,NONE,-0.000039629,99.000486,2.813139,50 HZ CONTACT-ENABLED INVERSE FEEDFORWARD + FROZEN BASELINE PD GAINS,"PRELIMINARY - NUMERICAL HIP-REDUCTION SUCCESSOR ONLY - NOT APPROVED FOR CONNECTION, POWERED TESTING, MOTION, WALKING, OR ENERGIZATION"
WS-L01,5.680,R SINGLE,L+R,0.619373,0.426379,157.773891,243.076589,NONE,-0.000037247,97.718227,2.780606,50 HZ CONTACT-ENABLED INVERSE FEEDFORWARD + FROZEN BASELINE PD GAINS,"PRELIMINARY - NUMERICAL HIP-REDUCTION SUCCESSOR ONLY - NOT APPROVED FOR CONNECTION, POWERED TESTING, MOTION, WALKING, OR ENERGIZATION"
WS-L01,5.700,R SINGLE,L+R,0.620668,0.426355,154.737878,247.888131,NONE,-0.000038647,96.877279,2.662479,50 HZ CONTACT-ENABLED INVERSE FEEDFORWARD + FROZEN BASELINE PD GAINS,"PRELIMINARY - NUMERICAL HIP-REDUCTION SUCCESSOR ONLY - NOT APPROVED FOR CONNECTION, POWERED TESTING, MOTION, WALKING, OR ENERGIZATION"
WS-L01,5.720,R SINGLE,L+R,0.621966,0.426670,156.428424,247.989264,NONE,-0.000037907,105.665814,6.747092,50 HZ CONTACT-ENABLED INVERSE FEEDFORWARD + FROZEN BASELINE PD GAINS,"PRELIMINARY - NUMERICAL HIP-REDUCTION SUCCESSOR ONLY - NOT APPROVED FOR CONNECTION, POWERED TESTING, MOTION, WALKING, OR ENERGIZATION"
WS-L01,5.740,R SINGLE,L+R,0.622519,0.426108,155.333471,242.098516,NONE,-0.000035783,96.349618,3.626711,50 HZ CONTACT-ENABLED INVERSE FEEDFORWARD + FROZEN BASELINE PD GAINS,"PRELIMINARY - NUMERICAL HIP-REDUCTION SUCCESSOR ONLY - NOT APPROVED FOR CONNECTION, POWERED TESTING, MOTION, WALKING, OR ENERGIZATION"
WS-L01,5.760,R SINGLE,L+R,0.623426,0.426455,156.314265,246.582646,NONE,-0.000035003,111.380535,9.077877,50 HZ CONTACT-ENABLED INVERSE FEEDFORWARD + FROZEN BASELINE PD GAINS,"PRELIMINARY - NUMERICAL HIP-REDUCTION SUCCESSOR ONLY - NOT APPROVED FOR CONNECTION, POWERED TESTING, MOTION, WALKING, OR ENERGIZATION"
WS-L01,5.780,R SINGLE,L+R,0.624604,0.426619,157.895199,247.396670,NONE,-0.000035649,103.762839,5.166012,50 HZ CONTACT-ENABLED INVERSE FEEDFORWARD + FROZEN BASELINE PD GAINS,"PRELIMINARY - NUMERICAL HIP-REDUCTION SUCCESSOR ONLY - NOT APPROVED FOR CONNECTION, POWERED TESTING, MOTION, WALKING, OR ENERGIZATION"
WS-L01,5.800,R SINGLE,L+R,0.625407,0.426432,159.935277,241.443406,NONE,-0.000034138,96.600161,3.858291,50 HZ CONTACT-ENABLED INVERSE FEEDFORWARD + FROZEN BASELINE PD GAINS,"PRELIMINARY - NUMERICAL HIP-REDUCTION SUCCESSOR ONLY - NOT APPROVED FOR CONNECTION, POWERED TESTING, MOTION, WALKING, OR ENERGIZATION"
WS-L01,5.820,R SINGLE,L+R,0.626071,0.426378,163.077318,246.029685,NONE,-0.000033421,113.243649,9.594670,50 HZ CONTACT-ENABLED INVERSE FEEDFORWARD + FROZEN BASELINE PD GAINS,"PRELIMINARY - NUMERICAL HIP-REDUCTION SUCCESSOR ONLY - NOT APPROVED FOR CONNECTION, POWERED TESTING, MOTION, WALKING, OR ENERGIZATION"
WS-L01,5.840,R SINGLE,L+R,0.626345,0.426346,166.713136,246.043944,NONE,-0.000032822,99.216769,4.433231,50 HZ CONTACT-ENABLED INVERSE FEEDFORWARD + FROZEN BASELINE PD GAINS,"PRELIMINARY - NUMERICAL HIP-REDUCTION SUCCESSOR ONLY - NOT APPROVED FOR CONNECTION, POWERED TESTING, MOTION, WALKING, OR ENERGIZATION"
WS-L01,5.860,R SINGLE,L+R,0.625961,0.426035,170.464695,240.354212,NONE,-0.000030876,97.264945,4.227788,50 HZ CONTACT-ENABLED INVERSE FEEDFORWARD + FROZEN BASELINE PD GAINS,"PRELIMINARY - NUMERICAL HIP-REDUCTION SUCCESSOR ONLY - NOT APPROVED FOR CONNECTION, POWERED TESTING, MOTION, WALKING, OR ENERGIZATION"
WS-L01,5.880,R SINGLE,L+R,0.624968,0.425847,175.331012,245.227321,NONE,-0.000030396,116.305650,10.361769,50 HZ CONTACT-ENABLED INVERSE FEEDFORWARD + FROZEN BASELINE PD GAINS,"PRELIMINARY - NUMERICAL HIP-REDUCTION SUCCESSOR ONLY - NOT APPROVED FOR CONNECTION, POWERED TESTING, MOTION, WALKING, OR ENERGIZATION"
WS-L01,5.900,R SINGLE,L+R,0.623058,0.425709,180.892900,245.403546,NONE,-0.000029212,100.429453,4.871940,50 HZ CONTACT-ENABLED INVERSE FEEDFORWARD + FROZEN BASELINE PD GAINS,"PRELIMINARY - NUMERICAL HIP-REDUCTION SUCCESSOR ONLY - NOT APPROVED FOR CONNECTION, POWERED TESTING, MOTION, WALKING, OR ENERGIZATION"
WS-L01,5.920,R SINGLE,L+R,0.620039,0.425565,186.428638,245.810445,NONE,-0.000027260,107.408711,7.423283,50 HZ CONTACT-ENABLED INVERSE FEEDFORWARD + FROZEN BASELINE PD GAINS,"PRELIMINARY - NUMERICAL HIP-REDUCTION SUCCESSOR ONLY - NOT APPROVED FOR CONNECTION, POWERED TESTING, MOTION, WALKING, OR ENERGIZATION"
WS-L01,5.940,R SINGLE,L+R,0.615617,0.425301,192.219954,246.365300,NONE,-0.000024391,107.145193,6.653810,50 HZ CONTACT-ENABLED INVERSE FEEDFORWARD + FROZEN BASELINE PD GAINS,"PRELIMINARY - NUMERICAL HIP-REDUCTION SUCCESSOR ONLY - NOT APPROVED FOR CONNECTION, POWERED TESTING, MOTION, WALKING, OR ENERGIZATION"
WS-L01,5.960,R SINGLE,L+R,0.609385,0.424848,199.752998,244.718830,NONE,-0.000019602,109.444199,6.684805,50 HZ CONTACT-ENABLED INVERSE FEEDFORWARD + FROZEN BASELINE PD GAINS,"PRELIMINARY - NUMERICAL HIP-REDUCTION SUCCESSOR ONLY - NOT APPROVED FOR CONNECTION, POWERED TESTING, MOTION, WALKING, OR ENERGIZATION"
WS-L01,5.980,R SINGLE,L+R,0.600987,0.424235,207.685828,237.260239,NONE,-0.000012741,100.712466,5.603343,50 HZ CONTACT-ENABLED INVERSE FEEDFORWARD + FROZEN BASELINE PD GAINS,"PRELIMINARY - NUMERICAL HIP-REDUCTION SUCCESSOR ONLY - NOT APPROVED FOR CONNECTION, POWERED TESTING, MOTION, WALKING, OR ENERGIZATION"
WS-L01,6.000,R SINGLE,L+R,0.608513,0.423641,216.860125,240.442800,NONE,-0.000006202,125.101539,12.143208,50 HZ CONTACT-ENABLED INVERSE FEEDFORWARD + FROZEN BASELINE PD GAINS,"PRELIMINARY - NUMERICAL HIP-REDUCTION SUCCESSOR ONLY - NOT APPROVED FOR CONNECTION, POWERED TESTING, MOTION, WALKING, OR ENERGIZATION"
WS-L01,6.020,R SINGLE,L+R,0.638674,0.423174,226.263088,238.629852,NONE,0.000001175,104.627472,6.484540,50 HZ CONTACT-ENABLED INVERSE FEEDFORWARD + FROZEN BASELINE PD GAINS,"PRELIMINARY - NUMERICAL HIP-REDUCTION SUCCESSOR ONLY - NOT APPROVED FOR CONNECTION, POWERED TESTING, MOTION, WALKING, OR ENERGIZATION"
WS-L01,6.040,R SINGLE,L+R,0.667604,0.423298,237.304613,237.233778,NONE,0.000013664,127.768521,12.693619,50 HZ CONTACT-ENABLED INVERSE FEEDFORWARD + FROZEN BASELINE PD GAINS,"PRELIMINARY - NUMERICAL HIP-REDUCTION SUCCESSOR ONLY - NOT APPROVED FOR CONNECTION, POWERED TESTING, MOTION, WALKING, OR ENERGIZATION"
WS-L01,6.060,R SINGLE,L+R,0.687431,0.423894,245.819209,233.915820,NONE,0.000024094,105.587083,6.848900,50 HZ CONTACT-ENABLED INVERSE FEEDFORWARD + FROZEN BASELINE PD GAINS,"PRELIMINARY - NUMERICAL HIP-REDUCTION SUCCESSOR ONLY - NOT APPROVED FOR CONNECTION, POWERED TESTING, MOTION, WALKING, OR ENERGIZATION"
WS-L01,6.080,R SINGLE,L+R,0.629602,0.422879,250.390721,233.264394,NONE,0.000034413,117.552130,10.044240,50 HZ CONTACT-ENABLED INVERSE FEEDFORWARD + FROZEN BASELINE PD GAINS,"PRELIMINARY - NUMERICAL HIP-REDUCTION SUCCESSOR ONLY - NOT APPROVED FOR CONNECTION, POWERED TESTING, MOTION, WALKING, OR ENERGIZATION"
WS-L01,6.100,R SINGLE,L+R,0.524504,0.421780,253.940536,226.972054,NONE,0.000050538,104.802321,6.775910,50 HZ CONTACT-ENABLED INVERSE FEEDFORWARD + FROZEN BASELINE PD GAINS,"PRELIMINARY - NUMERICAL HIP-REDUCTION SUCCESSOR ONLY - NOT APPROVED FOR CONNECTION, POWERED TESTING, MOTION, WALKING, OR ENERGIZATION"
WS-L01,6.120,R SINGLE,L+R,0.510889,0.421411,254.240542,226.017295,NONE,0.000060622,116.060021,9.852789,50 HZ CONTACT-ENABLED INVERSE FEEDFORWARD + FROZEN BASELINE PD GAINS,"PRELIMINARY - NUMERICAL HIP-REDUCTION SUCCESSOR ONLY - NOT APPROVED FOR CONNECTION, POWERED TESTING, MOTION, WALKING, OR ENERGIZATION"
WS-L01,6.140,R SINGLE,L+R,0.493852,0.421106,252.030714,223.243945,NONE,0.000070737,112.427214,7.896601,50 HZ CONTACT-ENABLED INVERSE FEEDFORWARD + FROZEN BASELINE PD GAINS,"PRELIMINARY - NUMERICAL HIP-REDUCTION SUCCESSOR ONLY - NOT APPROVED FOR CONNECTION, POWERED TESTING, MOTION, WALKING, OR ENERGIZATION"
WS-L01,6.160,R SINGLE,L+R,0.454241,0.422114,241.337733,215.507190,NONE,0.000077808,100.474644,6.127511,50 HZ CONTACT-ENABLED INVERSE FEEDFORWARD + FROZEN BASELINE PD GAINS,"PRELIMINARY - NUMERICAL HIP-REDUCTION SUCCESSOR ONLY - NOT APPROVED FOR CONNECTION, POWERED TESTING, MOTION, WALKING, OR ENERGIZATION"
WS-L01,6.180,R SINGLE,L+R,0.438974,0.416592,162.126586,213.906687,NONE,0.000084299,118.520665,11.543707,50 HZ CONTACT-ENABLED INVERSE FEEDFORWARD + FROZEN BASELINE PD GAINS,"PRELIMINARY - NUMERICAL HIP-REDUCTION SUCCESSOR ONLY - NOT APPROVED FOR CONNECTION, POWERED TESTING, MOTION, WALKING, OR ENERGIZATION"
WS-L01,6.200,R SINGLE,L+R,0.537096,0.416558,159.307945,211.840361,NONE,0.000092579,104.518663,7.782673,50 HZ CONTACT-ENABLED INVERSE FEEDFORWARD + FROZEN BASELINE PD GAINS,"PRELIMINARY - NUMERICAL HIP-REDUCTION SUCCESSOR ONLY - NOT APPROVED FOR CONNECTION, POWERED TESTING, MOTION, WALKING, OR ENERGIZATION"
WS-L01,6.220,R SINGLE,L+R,0.520052,0.420384,24.496647,204.299977,NONE,0.000093655,104.705737,7.728996,50 HZ CONTACT-ENABLED INVERSE FEEDFORWARD + FROZEN BASELINE PD GAINS,"PRELIMINARY - NUMERICAL HIP-REDUCTION SUCCESSOR ONLY - NOT APPROVED FOR CONNECTION, POWERED TESTING, MOTION, WALKING, OR ENERGIZATION"
WS-L01,6.240,R SINGLE,R,0.490887,0.415657,0.000000,202.748726,NONE,0.000103002,86.857461,2.300567,50 HZ CONTACT-ENABLED INVERSE FEEDFORWARD + FROZEN BASELINE PD GAINS,"PRELIMINARY - NUMERICAL HIP-REDUCTION SUCCESSOR ONLY - NOT APPROVED FOR CONNECTION, POWERED TESTING, MOTION, WALKING, OR ENERGIZATION"
WS-L01,6.260,R SINGLE,R,0.433430,0.427933,0.000000,204.819043,NONE,0.000107997,90.360487,2.558513,50 HZ CONTACT-ENABLED INVERSE FEEDFORWARD + FROZEN BASELINE PD GAINS,"PRELIMINARY - NUMERICAL HIP-REDUCTION SUCCESSOR ONLY - NOT APPROVED FOR CONNECTION, POWERED TESTING, MOTION, WALKING, OR ENERGIZATION"
WS-L01,6.280,R SINGLE,R,0.358311,0.429200,0.000000,207.343495,NONE,0.000109754,89.089336,1.721384,50 HZ CONTACT-ENABLED INVERSE FEEDFORWARD + FROZEN BASELINE PD GAINS,"PRELIMINARY - NUMERICAL HIP-REDUCTION SUCCESSOR ONLY - NOT APPROVED FOR CONNECTION, POWERED TESTING, MOTION, WALKING, OR ENERGIZATION"
WS-L01,6.300,R SINGLE,R,0.193066,0.425302,0.000000,206.805227,NONE,0.000109549,89.738621,1.723621,50 HZ CONTACT-ENABLED INVERSE FEEDFORWARD + FROZEN BASELINE PD GAINS,"PRELIMINARY - NUMERICAL HIP-REDUCTION SUCCESSOR ONLY - NOT APPROVED FOR CONNECTION, POWERED TESTING, MOTION, WALKING, OR ENERGIZATION"
WS-L01,6.320,R SINGLE,R,0.468979,0.421663,0.000000,200.399604,NONE,0.000107237,84.600213,3.501864,50 HZ CONTACT-ENABLED INVERSE FEEDFORWARD + FROZEN BASELINE PD GAINS,"PRELIMINARY - NUMERICAL HIP-REDUCTION SUCCESSOR ONLY - NOT APPROVED FOR CONNECTION, POWERED TESTING, MOTION, WALKING, OR ENERGIZATION"
WS-L01,6.340,R SINGLE,R,0.641577,0.420013,0.000000,206.401401,NONE,0.000106059,100.891793,6.818503,50 HZ CONTACT-ENABLED INVERSE FEEDFORWARD + FROZEN BASELINE PD GAINS,"PRELIMINARY - NUMERICAL HIP-REDUCTION SUCCESSOR ONLY - NOT APPROVED FOR CONNECTION, POWERED TESTING, MOTION, WALKING, OR ENERGIZATION"
WS-L01,6.360,R SINGLE,R,0.772548,0.418353,0.000000,206.537114,NONE,0.000105989,83.585495,2.739025,50 HZ CONTACT-ENABLED INVERSE FEEDFORWARD + FROZEN BASELINE PD GAINS,"PRELIMINARY - NUMERICAL HIP-REDUCTION SUCCESSOR ONLY - NOT APPROVED FOR CONNECTION, POWERED TESTING, MOTION, WALKING, OR ENERGIZATION"
WS-L01,6.380,R SINGLE,R,0.846139,0.417244,0.000000,210.203487,NONE,0.000106395,90.463201,3.647585,50 HZ CONTACT-ENABLED INVERSE FEEDFORWARD + FROZEN BASELINE PD GAINS,"PRELIMINARY - NUMERICAL HIP-REDUCTION SUCCESSOR ONLY - NOT APPROVED FOR CONNECTION, POWERED TESTING, MOTION, WALKING, OR ENERGIZATION"
WS-L01,6.400,R SINGLE,R,0.901905,0.416538,0.000000,211.307710,NONE,0.000106468,87.346036,1.809853,50 HZ CONTACT-ENABLED INVERSE FEEDFORWARD + FROZEN BASELINE PD GAINS,"PRELIMINARY - NUMERICAL HIP-REDUCTION SUCCESSOR ONLY - NOT APPROVED FOR CONNECTION, POWERED TESTING, MOTION, WALKING, OR ENERGIZATION"
WS-L01,6.420,R SINGLE,R,0.936459,0.416046,0.000000,205.285082,NONE,0.000105197,81.187930,3.442879,50 HZ CONTACT-ENABLED INVERSE FEEDFORWARD + FROZEN BASELINE PD GAINS,"PRELIMINARY - NUMERICAL HIP-REDUCTION SUCCESSOR ONLY - NOT APPROVED FOR CONNECTION, POWERED TESTING, MOTION, WALKING, OR ENERGIZATION"
WS-L01,6.440,R SINGLE,R,0.964516,0.416181,0.000000,211.046137,NONE,0.000105800,96.279796,6.149664,50 HZ CONTACT-ENABLED INVERSE FEEDFORWARD + FROZEN BASELINE PD GAINS,"PRELIMINARY - NUMERICAL HIP-REDUCTION SUCCESSOR ONLY - NOT APPROVED FOR CONNECTION, POWERED TESTING, MOTION, WALKING, OR ENERGIZATION"
WS-L01,6.460,R SINGLE,R,0.974518,0.416264,0.000000,212.862112,NONE,0.000106897,83.835063,2.236732,50 HZ CONTACT-ENABLED INVERSE FEEDFORWARD + FROZEN BASELINE PD GAINS,"PRELIMINARY - NUMERICAL HIP-REDUCTION SUCCESSOR ONLY - NOT APPROVED FOR CONNECTION, POWERED TESTING, MOTION, WALKING, OR ENERGIZATION"
WS-L01,6.480,R SINGLE,R,0.988780,0.416453,0.000000,212.909074,NONE,0.000100172,93.743291,5.624071,50 HZ CONTACT-ENABLED INVERSE FEEDFORWARD + FROZEN BASELINE PD GAINS,"PRELIMINARY - NUMERICAL HIP-REDUCTION SUCCESSOR ONLY - NOT APPROVED FOR CONNECTION, POWERED TESTING, MOTION, WALKING, OR ENERGIZATION"
WS-L01,6.500,R SINGLE,R,0.982202,0.416350,0.000000,213.574763,NONE,0.000102536,78.935625,2.049503,50 HZ CONTACT-ENABLED INVERSE FEEDFORWARD + FROZEN BASELINE PD GAINS,"PRELIMINARY - NUMERICAL HIP-REDUCTION SUCCESSOR ONLY - NOT APPROVED FOR CONNECTION, POWERED TESTING, MOTION, WALKING, OR ENERGIZATION"
WS-L01,6.520,R SINGLE,R,0.988690,0.416336,0.000000,215.102175,NONE,0.000104467,83.317318,2.463049,50 HZ CONTACT-ENABLED INVERSE FEEDFORWARD + FROZEN BASELINE PD GAINS,"PRELIMINARY - NUMERICAL HIP-REDUCTION SUCCESSOR ONLY - NOT APPROVED FOR CONNECTION, POWERED TESTING, MOTION, WALKING, OR ENERGIZATION"
WS-L01,6.540,R SINGLE,R,0.997505,0.416385,0.000000,217.119862,NONE,0.000105530,83.247145,1.682441,50 HZ CONTACT-ENABLED INVERSE FEEDFORWARD + FROZEN BASELINE PD GAINS,"PRELIMINARY - NUMERICAL HIP-REDUCTION SUCCESSOR ONLY - NOT APPROVED FOR CONNECTION, POWERED TESTING, MOTION, WALKING, OR ENERGIZATION"
WS-L01,6.560,R SINGLE,R,0.990354,0.416554,0.000000,216.714728,NONE,0.000104770,83.519022,1.518831,50 HZ CONTACT-ENABLED INVERSE FEEDFORWARD + FROZEN BASELINE PD GAINS,"PRELIMINARY - NUMERICAL HIP-REDUCTION SUCCESSOR ONLY - NOT APPROVED FOR CONNECTION, POWERED TESTING, MOTION, WALKING, OR ENERGIZATION"
WS-L01,6.580,R SINGLE,R,0.980331,0.416805,0.000000,210.335946,NONE,0.000102561,75.957825,3.608395,50 HZ CONTACT-ENABLED INVERSE FEEDFORWARD + FROZEN BASELINE PD GAINS,"PRELIMINARY - NUMERICAL HIP-REDUCTION SUCCESSOR ONLY - NOT APPROVED FOR CONNECTION, POWERED TESTING, MOTION, WALKING, OR ENERGIZATION"
WS-L01,6.600,R SINGLE,R,0.977163,0.416865,0.000000,215.659823,NONE,0.000102115,93.769916,6.393872,50 HZ CONTACT-ENABLED INVERSE FEEDFORWARD + FROZEN BASELINE PD GAINS,"PRELIMINARY - NUMERICAL HIP-REDUCTION SUCCESSOR ONLY - NOT APPROVED FOR CONNECTION, POWERED TESTING, MOTION, WALKING, OR ENERGIZATION"
WS-L01,6.620,R SINGLE,R,0.982484,0.416873,0.000000,215.720755,NONE,0.000102619,76.754352,2.756968,50 HZ CONTACT-ENABLED INVERSE FEEDFORWARD + FROZEN BASELINE PD GAINS,"PRELIMINARY - NUMERICAL HIP-REDUCTION SUCCESSOR ONLY - NOT APPROVED FOR CONNECTION, POWERED TESTING, MOTION, WALKING, OR ENERGIZATION"
WS-L01,6.640,R SINGLE,R,0.969369,0.416923,0.000000,219.055787,NONE,0.000103380,83.438626,3.441978,50 HZ CONTACT-ENABLED INVERSE FEEDFORWARD + FROZEN BASELINE PD GAINS,"PRELIMINARY - NUMERICAL HIP-REDUCTION SUCCESSOR ONLY - NOT APPROVED FOR CONNECTION, POWERED TESTING, MOTION, WALKING, OR ENERGIZATION"
WS-L01,6.660,R SINGLE,R,0.973529,0.417017,0.000000,219.764894,NONE,0.000103709,81.192499,1.572090,50 HZ CONTACT-ENABLED INVERSE FEEDFORWARD + FROZEN BASELINE PD GAINS,"PRELIMINARY - NUMERICAL HIP-REDUCTION SUCCESSOR ONLY - NOT APPROVED FOR CONNECTION, POWERED TESTING, MOTION, WALKING, OR ENERGIZATION"
WS-L01,6.680,R SINGLE,R,0.964634,0.417278,0.000000,220.352992,NONE,0.000100819,82.547098,3.595717,50 HZ CONTACT-ENABLED INVERSE FEEDFORWARD + FROZEN BASELINE PD GAINS,"PRELIMINARY - NUMERICAL HIP-REDUCTION SUCCESSOR ONLY - NOT APPROVED FOR CONNECTION, POWERED TESTING, MOTION, WALKING, OR ENERGIZATION"
WS-L01,6.700,R SINGLE,R,0.965650,0.417041,0.000000,220.826562,NONE,0.000098080,80.839991,1.578716,50 HZ CONTACT-ENABLED INVERSE FEEDFORWARD + FROZEN BASELINE PD GAINS,"PRELIMINARY - NUMERICAL HIP-REDUCTION SUCCESSOR ONLY - NOT APPROVED FOR CONNECTION, POWERED TESTING, MOTION, WALKING, OR ENERGIZATION"
WS-L01,6.720,R SINGLE,R,0.954221,0.417152,0.000000,215.290474,NONE,0.000098647,72.838699,3.385364,50 HZ CONTACT-ENABLED INVERSE FEEDFORWARD + FROZEN BASELINE PD GAINS,"PRELIMINARY - NUMERICAL HIP-REDUCTION SUCCESSOR ONLY - NOT APPROVED FOR CONNECTION, POWERED TESTING, MOTION, WALKING, OR ENERGIZATION"
WS-L01,6.740,R SINGLE,R,0.954831,0.417128,0.000000,220.356854,NONE,0.000100238,89.092155,5.711920,50 HZ CONTACT-ENABLED INVERSE FEEDFORWARD + FROZEN BASELINE PD GAINS,"PRELIMINARY - NUMERICAL HIP-REDUCTION SUCCESSOR ONLY - NOT APPROVED FOR CONNECTION, POWERED TESTING, MOTION, WALKING, OR ENERGIZATION"
WS-L01,6.760,R SINGLE,R,0.941614,0.417102,0.000000,221.089449,NONE,0.000102010,72.927556,2.115036,50 HZ CONTACT-ENABLED INVERSE FEEDFORWARD + FROZEN BASELINE PD GAINS,"PRELIMINARY - NUMERICAL HIP-REDUCTION SUCCESSOR ONLY - NOT APPROVED FOR CONNECTION, POWERED TESTING, MOTION, WALKING, OR ENERGIZATION"
WS-L01,6.780,R SINGLE,R,0.946467,0.416980,0.000000,222.335771,NONE,0.000103382,78.481934,2.420956,50 HZ CONTACT-ENABLED INVERSE FEEDFORWARD + FROZEN BASELINE PD GAINS,"PRELIMINARY - NUMERICAL HIP-REDUCTION SUCCESSOR ONLY - NOT APPROVED FOR CONNECTION, POWERED TESTING, MOTION, WALKING, OR ENERGIZATION"
WS-L01,6.800,R SINGLE,R,0.945154,0.416989,0.000000,224.140266,NONE,0.000104485,76.821896,1.599302,50 HZ CONTACT-ENABLED INVERSE FEEDFORWARD + FROZEN BASELINE PD GAINS,"PRELIMINARY - NUMERICAL HIP-REDUCTION SUCCESSOR ONLY - NOT APPROVED FOR CONNECTION, POWERED TESTING, MOTION, WALKING, OR ENERGIZATION"
WS-L01,6.820,R SINGLE,R,0.943864,0.417088,0.000000,223.495238,NONE,0.000104162,78.688710,1.370263,50 HZ CONTACT-ENABLED INVERSE FEEDFORWARD + FROZEN BASELINE PD GAINS,"PRELIMINARY - NUMERICAL HIP-REDUCTION SUCCESSOR ONLY - NOT APPROVED FOR CONNECTION, POWERED TESTING, MOTION, WALKING, OR ENERGIZATION"
WS-L01,6.840,R SINGLE,R,0.935023,0.417224,0.000000,225.092513,NONE,0.000098908,76.282599,1.653199,50 HZ CONTACT-ENABLED INVERSE FEEDFORWARD + FROZEN BASELINE PD GAINS,"PRELIMINARY - NUMERICAL HIP-REDUCTION SUCCESSOR ONLY - NOT APPROVED FOR CONNECTION, POWERED TESTING, MOTION, WALKING, OR ENERGIZATION"
WS-L01,6.860,R SINGLE,R,0.934542,0.417068,0.000000,224.292029,NONE,0.000098742,78.310603,1.406637,50 HZ CONTACT-ENABLED INVERSE FEEDFORWARD + FROZEN BASELINE PD GAINS,"PRELIMINARY - NUMERICAL HIP-REDUCTION SUCCESSOR ONLY - NOT APPROVED FOR CONNECTION, POWERED TESTING, MOTION, WALKING, OR ENERGIZATION"
WS-L01,6.880,R SINGLE,R,0.928333,0.417325,0.000000,217.912351,NONE,0.000097610,71.247708,3.599161,50 HZ CONTACT-ENABLED INVERSE FEEDFORWARD + FROZEN BASELINE PD GAINS,"PRELIMINARY - NUMERICAL HIP-REDUCTION SUCCESSOR ONLY - NOT APPROVED FOR CONNECTION, POWERED TESTING, MOTION, WALKING, OR ENERGIZATION"
WS-L01,6.900,R SINGLE,R,0.929410,0.417395,0.000000,222.864231,NONE,0.000096594,89.938496,6.302378,50 HZ CONTACT-ENABLED INVERSE FEEDFORWARD + FROZEN BASELINE PD GAINS,"PRELIMINARY - NUMERICAL HIP-REDUCTION SUCCESSOR ONLY - NOT APPROVED FOR CONNECTION, POWERED TESTING, MOTION, WALKING, OR ENERGIZATION"
WS-L01,6.920,R SINGLE,R,0.928424,0.417434,0.000000,222.884874,NONE,0.000096194,70.903562,2.819216,50 HZ CONTACT-ENABLED INVERSE FEEDFORWARD + FROZEN BASELINE PD GAINS,"PRELIMINARY - NUMERICAL HIP-REDUCTION SUCCESSOR ONLY - NOT APPROVED FOR CONNECTION, POWERED TESTING, MOTION, WALKING, OR ENERGIZATION"
WS-L01,6.940,R SINGLE,R,0.935988,0.417422,0.000000,225.716194,NONE,0.000095896,81.181780,3.404991,50 HZ CONTACT-ENABLED INVERSE FEEDFORWARD + FROZEN BASELINE PD GAINS,"PRELIMINARY - NUMERICAL HIP-REDUCTION SUCCESSOR ONLY - NOT APPROVED FOR CONNECTION, POWERED TESTING, MOTION, WALKING, OR ENERGIZATION"
WS-L01,6.960,R SINGLE,R,0.921864,0.417536,0.000000,226.380838,NONE,0.000095090,76.857962,1.554130,50 HZ CONTACT-ENABLED INVERSE FEEDFORWARD + FROZEN BASELINE PD GAINS,"PRELIMINARY - NUMERICAL HIP-REDUCTION SUCCESSOR ONLY - NOT APPROVED FOR CONNECTION, POWERED TESTING, MOTION, WALKING, OR ENERGIZATION"
WS-L01,6.980,R SINGLE,R,0.920801,0.417636,0.000000,220.122514,NONE,0.000092951,72.152311,3.475653,50 HZ CONTACT-ENABLED INVERSE FEEDFORWARD + FROZEN BASELINE PD GAINS,"PRELIMINARY - NUMERICAL HIP-REDUCTION SUCCESSOR ONLY - NOT APPROVED FOR CONNECTION, POWERED TESTING, MOTION, WALKING, OR ENERGIZATION"
WS-L01,7.000,R SINGLE,R,0.924303,0.417636,0.000000,225.919887,NONE,0.000091983,73.334363,1.428448,50 HZ CONTACT-ENABLED INVERSE FEEDFORWARD + FROZEN BASELINE PD GAINS,"PRELIMINARY - NUMERICAL HIP-REDUCTION SUCCESSOR ONLY - NOT APPROVED FOR CONNECTION, POWERED TESTING, MOTION, WALKING, OR ENERGIZATION"
WS-L01,7.020,R SINGLE,R,0.930032,0.417639,0.000000,221.315031,NONE,0.000084908,72.486183,3.319065,50 HZ CONTACT-ENABLED INVERSE FEEDFORWARD + FROZEN BASELINE PD GAINS,"PRELIMINARY - NUMERICAL HIP-REDUCTION SUCCESSOR ONLY - NOT APPROVED FOR CONNECTION, POWERED TESTING, MOTION, WALKING, OR ENERGIZATION"
WS-L01,7.040,R SINGLE,R,0.920875,0.417535,0.000000,226.340382,NONE,0.000085938,86.223452,5.659992,50 HZ CONTACT-ENABLED INVERSE FEEDFORWARD + FROZEN BASELINE PD GAINS,"PRELIMINARY - NUMERICAL HIP-REDUCTION SUCCESSOR ONLY - NOT APPROVED FOR CONNECTION, POWERED TESTING, MOTION, WALKING, OR ENERGIZATION"
WS-L01,7.060,R SINGLE,R,0.925137,0.417443,0.000000,226.650812,NONE,0.000087363,72.873839,2.033525,50 HZ CONTACT-ENABLED INVERSE FEEDFORWARD + FROZEN BASELINE PD GAINS,"PRELIMINARY - NUMERICAL HIP-REDUCTION SUCCESSOR ONLY - NOT APPROVED FOR CONNECTION, POWERED TESTING, MOTION, WALKING, OR ENERGIZATION"
WS-L01,7.080,R SINGLE,R,0.915827,0.417388,0.000000,227.901161,NONE,0.000085069,76.388417,2.350273,50 HZ CONTACT-ENABLED INVERSE FEEDFORWARD + FROZEN BASELINE PD GAINS,"PRELIMINARY - NUMERICAL HIP-REDUCTION SUCCESSOR ONLY - NOT APPROVED FOR CONNECTION, POWERED TESTING, MOTION, WALKING, OR ENERGIZATION"
WS-L01,7.100,R SINGLE,R,0.923530,0.416610,0.000000,229.262029,NONE,0.000082427,77.364566,1.513501,50 HZ CONTACT-ENABLED INVERSE FEEDFORWARD + FROZEN BASELINE PD GAINS,"PRELIMINARY - NUMERICAL HIP-REDUCTION SUCCESSOR ONLY - NOT APPROVED FOR CONNECTION, POWERED TESTING, MOTION, WALKING, OR ENERGIZATION"
WS-L01,7.120,R SINGLE,R,0.917567,0.414839,0.000000,228.659073,NONE,0.000080933,77.299608,1.370020,50 HZ CONTACT-ENABLED INVERSE FEEDFORWARD + FROZEN BASELINE PD GAINS,"PRELIMINARY - NUMERICAL HIP-REDUCTION SUCCESSOR ONLY - NOT APPROVED FOR CONNECTION, POWERED TESTING, MOTION, WALKING, OR ENERGIZATION"
WS-L01,7.140,R SINGLE,R,0.921387,0.412271,0.000000,222.368399,NONE,0.000080488,71.820970,3.589698,50 HZ CONTACT-ENABLED INVERSE FEEDFORWARD + FROZEN BASELINE PD GAINS,"PRELIMINARY - NUMERICAL HIP-REDUCTION SUCCESSOR ONLY - NOT APPROVED FOR CONNECTION, POWERED TESTING, MOTION, WALKING, OR ENERGIZATION"
WS-L01,7.160,R SINGLE,R,0.925069,0.409170,0.000000,229.134818,NONE,0.000079467,78.216075,1.396585,50 HZ CONTACT-ENABLED INVERSE FEEDFORWARD + FROZEN BASELINE PD GAINS,"PRELIMINARY - NUMERICAL HIP-REDUCTION SUCCESSOR ONLY - NOT APPROVED FOR CONNECTION, POWERED TESTING, MOTION, WALKING, OR ENERGIZATION"
WS-L01,7.180,R SINGLE,R,0.915279,0.405596,0.000000,222.779357,NONE,0.000076722,70.752201,3.602426,50 HZ CONTACT-ENABLED INVERSE FEEDFORWARD + FROZEN BASELINE PD GAINS,"PRELIMINARY - NUMERICAL HIP-REDUCTION SUCCESSOR ONLY - NOT APPROVED FOR CONNECTION, POWERED TESTING, MOTION, WALKING, OR ENERGIZATION"
WS-L01,7.200,R SINGLE,R,0.916640,0.402104,0.000000,227.473586,NONE,0.000076929,89.401921,6.249071,50 HZ CONTACT-ENABLED INVERSE FEEDFORWARD + FROZEN BASELINE PD GAINS,"PRELIMINARY - NUMERICAL HIP-REDUCTION SUCCESSOR ONLY - NOT APPROVED FOR CONNECTION, POWERED TESTING, MOTION, WALKING, OR ENERGIZATION"
WS-L01,7.220,R SINGLE,R,0.918739,0.398575,0.000000,227.427893,NONE,0.000075666,71.040043,2.819494,50 HZ CONTACT-ENABLED INVERSE FEEDFORWARD + FROZEN BASELINE PD GAINS,"PRELIMINARY - NUMERICAL HIP-REDUCTION SUCCESSOR ONLY - NOT APPROVED FOR CONNECTION, POWERED TESTING, MOTION, WALKING, OR ENERGIZATION"
WS-L01,7.240,R SINGLE,R,0.927038,0.394995,0.000000,230.040890,NONE,0.000073278,80.804912,3.360979,50 HZ CONTACT-ENABLED INVERSE FEEDFORWARD + FROZEN BASELINE PD GAINS,"PRELIMINARY - NUMERICAL HIP-REDUCTION SUCCESSOR ONLY - NOT APPROVED FOR CONNECTION, POWERED TESTING, MOTION, WALKING, OR ENERGIZATION"
WS-L01,7.260,R SINGLE,R,0.913714,0.391509,0.000000,230.610057,NONE,0.000071432,76.469154,1.510661,50 HZ CONTACT-ENABLED INVERSE FEEDFORWARD + FROZEN BASELINE PD GAINS,"PRELIMINARY - NUMERICAL HIP-REDUCTION SUCCESSOR ONLY - NOT APPROVED FOR CONNECTION, POWERED TESTING, MOTION, WALKING, OR ENERGIZATION"
WS-L01,7.280,R SINGLE,R,0.913384,0.388094,0.000000,230.856235,NONE,0.000071880,80.025938,3.453501,50 HZ CONTACT-ENABLED INVERSE FEEDFORWARD + FROZEN BASELINE PD GAINS,"PRELIMINARY - NUMERICAL HIP-REDUCTION SUCCESSOR ONLY - NOT APPROVED FOR CONNECTION, POWERED TESTING, MOTION, WALKING, OR ENERGIZATION"
WS-L01,7.300,R SINGLE,R,0.910476,0.384252,0.000000,231.131267,NONE,0.000070291,76.426502,1.529136,50 HZ CONTACT-ENABLED INVERSE FEEDFORWARD + FROZEN BASELINE PD GAINS,"PRELIMINARY - NUMERICAL HIP-REDUCTION SUCCESSOR ONLY - NOT APPROVED FOR CONNECTION, POWERED TESTING, MOTION, WALKING, OR ENERGIZATION"
WS-L01,7.320,R SINGLE,R,0.910255,0.380574,0.000000,225.322595,NONE,0.000070083,71.693779,3.389662,50 HZ CONTACT-ENABLED INVERSE FEEDFORWARD + FROZEN BASELINE PD GAINS,"PRELIMINARY - NUMERICAL HIP-REDUCTION SUCCESSOR ONLY - NOT APPROVED FOR CONNECTION, POWERED TESTING, MOTION, WALKING, OR ENERGIZATION"
WS-L01,7.340,R SINGLE,R,0.912810,0.376785,0.000000,230.086762,NONE,0.000067679,86.051265,5.607508,50 HZ CONTACT-ENABLED INVERSE FEEDFORWARD + FROZEN BASELINE PD GAINS,"PRELIMINARY - NUMERICAL HIP-REDUCTION SUCCESSOR ONLY - NOT APPROVED FOR CONNECTION, POWERED TESTING, MOTION, WALKING, OR ENERGIZATION"
WS-L01,7.360,R SINGLE,R,0.917018,0.372804,0.000000,230.456125,NONE,0.000065048,72.235000,2.087635,50 HZ CONTACT-ENABLED INVERSE FEEDFORWARD + FROZEN BASELINE PD GAINS,"PRELIMINARY - NUMERICAL HIP-REDUCTION SUCCESSOR ONLY - NOT APPROVED FOR CONNECTION, POWERED TESTING, MOTION, WALKING, OR ENERGIZATION"
WS-L01,7.380,R SINGLE,R,0.907383,0.368700,0.000000,231.622326,NONE,0.000062693,75.536228,2.328830,50 HZ CONTACT-ENABLED INVERSE FEEDFORWARD + FROZEN BASELINE PD GAINS,"PRELIMINARY - NUMERICAL HIP-REDUCTION SUCCESSOR ONLY - NOT APPROVED FOR CONNECTION, POWERED TESTING, MOTION, WALKING, OR ENERGIZATION"
WS-L01,7.400,R SINGLE,R,0.915153,0.364484,0.000000,232.819992,NONE,0.000060513,76.530840,1.459239,50 HZ CONTACT-ENABLED INVERSE FEEDFORWARD + FROZEN BASELINE PD GAINS,"PRELIMINARY - NUMERICAL HIP-REDUCTION SUCCESSOR ONLY - NOT APPROVED FOR CONNECTION, POWERED TESTING, MOTION, WALKING, OR ENERGIZATION"
WS-L01,7.420,R SINGLE,R,0.908821,0.360281,0.000000,232.173936,NONE,0.000059385,76.391379,1.302673,50 HZ CONTACT-ENABLED INVERSE FEEDFORWARD + FROZEN BASELINE PD GAINS,"PRELIMINARY - NUMERICAL HIP-REDUCTION SUCCESSOR ONLY - NOT APPROVED FOR CONNECTION, POWERED TESTING, MOTION, WALKING, OR ENERGIZATION"
WS-L01,7.440,R SINGLE,R,0.904898,0.355919,0.000000,233.511906,NONE,0.000061560,74.136411,1.574689,50 HZ CONTACT-ENABLED INVERSE FEEDFORWARD + FROZEN BASELINE PD GAINS,"PRELIMINARY - NUMERICAL HIP-REDUCTION SUCCESSOR ONLY - NOT APPROVED FOR CONNECTION, POWERED TESTING, MOTION, WALKING, OR ENERGIZATION"
WS-L01,7.460,R SINGLE,R,0.905665,0.351031,0.000000,232.529833,NONE,0.000060180,76.290716,1.310387,50 HZ CONTACT-ENABLED INVERSE FEEDFORWARD + FROZEN BASELINE PD GAINS,"PRELIMINARY - NUMERICAL HIP-REDUCTION SUCCESSOR ONLY - NOT APPROVED FOR CONNECTION, POWERED TESTING, MOTION, WALKING, OR ENERGIZATION"
WS-L01,7.480,R SINGLE,R,0.899896,0.346350,0.000000,226.195073,NONE,0.000059583,69.374510,3.631583,50 HZ CONTACT-ENABLED INVERSE FEEDFORWARD + FROZEN BASELINE PD GAINS,"PRELIMINARY - NUMERICAL HIP-REDUCTION SUCCESSOR ONLY - NOT APPROVED FOR CONNECTION, POWERED TESTING, MOTION, WALKING, OR ENERGIZATION"
WS-L01,7.500,R SINGLE,R,0.900046,0.341299,0.000000,230.703988,NONE,0.000058023,87.519712,6.163866,50 HZ CONTACT-ENABLED INVERSE FEEDFORWARD + FROZEN BASELINE PD GAINS,"PRELIMINARY - NUMERICAL HIP-REDUCTION SUCCESSOR ONLY - NOT APPROVED FOR CONNECTION, POWERED TESTING, MOTION, WALKING, OR ENERGIZATION"
WS-L01,7.520,R SINGLE,R,0.905173,0.335975,0.000000,230.616502,NONE,0.000056206,70.303301,2.799949,50 HZ CONTACT-ENABLED INVERSE FEEDFORWARD + FROZEN BASELINE PD GAINS,"PRELIMINARY - NUMERICAL HIP-REDUCTION SUCCESSOR ONLY - NOT APPROVED FOR CONNECTION, POWERED TESTING, MOTION, WALKING, OR ENERGIZATION"
WS-L01,7.540,R SINGLE,R,0.898858,0.330458,0.000000,233.242699,NONE,0.000054302,77.217270,3.238626,50 HZ CONTACT-ENABLED INVERSE FEEDFORWARD + FROZEN BASELINE PD GAINS,"PRELIMINARY - NUMERICAL HIP-REDUCTION SUCCESSOR ONLY - NOT APPROVED FOR CONNECTION, POWERED TESTING, MOTION, WALKING, OR ENERGIZATION"
WS-L01,7.560,R SINGLE,R,0.906445,0.325042,0.000000,230.666965,NONE,0.000056341,70.771746,2.804752,50 HZ CONTACT-ENABLED INVERSE FEEDFORWARD + FROZEN BASELINE PD GAINS,"PRELIMINARY - NUMERICAL HIP-REDUCTION SUCCESSOR ONLY - NOT APPROVED FOR CONNECTION, POWERED TESTING, MOTION, WALKING, OR ENERGIZATION"
WS-L01,7.580,R SINGLE,R,0.893330,0.318698,0.000000,233.791655,NONE,0.000055633,76.801089,3.258564,50 HZ CONTACT-ENABLED INVERSE FEEDFORWARD + FROZEN BASELINE PD GAINS,"PRELIMINARY - NUMERICAL HIP-REDUCTION SUCCESSOR ONLY - NOT APPROVED FOR CONNECTION, POWERED TESTING, MOTION, WALKING, OR ENERGIZATION"
WS-L01,7.600,R SINGLE,R,0.899577,0.312558,0.000000,233.985127,NONE,0.000053294,75.251741,1.378790,50 HZ CONTACT-ENABLED INVERSE FEEDFORWARD + FROZEN BASELINE PD GAINS,"PRELIMINARY - NUMERICAL HIP-REDUCTION SUCCESSOR ONLY - NOT APPROVED FOR CONNECTION, POWERED TESTING, MOTION, WALKING, OR ENERGIZATION"
WS-L01,7.620,R SINGLE,R,0.889523,0.306323,0.000000,228.345595,NONE,0.000052369,67.640103,3.429233,50 HZ CONTACT-ENABLED INVERSE FEEDFORWARD + FROZEN BASELINE PD GAINS,"PRELIMINARY - NUMERICAL HIP-REDUCTION SUCCESSOR ONLY - NOT APPROVED FOR CONNECTION, POWERED TESTING, MOTION, WALKING, OR ENERGIZATION"
WS-L01,7.640,R SINGLE,R,0.890522,0.299644,0.000000,232.797222,NONE,0.000050486,83.923717,5.577898,50 HZ CONTACT-ENABLED INVERSE FEEDFORWARD + FROZEN BASELINE PD GAINS,"PRELIMINARY - NUMERICAL HIP-REDUCTION SUCCESSOR ONLY - NOT APPROVED FOR CONNECTION, POWERED TESTING, MOTION, WALKING, OR ENERGIZATION"
WS-L01,7.660,R SINGLE,R,0.878444,0.292805,0.000000,233.457140,NONE,0.000048333,67.307986,2.168776,50 HZ CONTACT-ENABLED INVERSE FEEDFORWARD + FROZEN BASELINE PD GAINS,"PRELIMINARY - NUMERICAL HIP-REDUCTION SUCCESSOR ONLY - NOT APPROVED FOR CONNECTION, POWERED TESTING, MOTION, WALKING, OR ENERGIZATION"
WS-L01,7.680,R SINGLE,R,0.887093,0.285689,0.000000,234.251320,NONE,0.000046246,73.922461,2.228052,50 HZ CONTACT-ENABLED INVERSE FEEDFORWARD + FROZEN BASELINE PD GAINS,"PRELIMINARY - NUMERICAL HIP-REDUCTION SUCCESSOR ONLY - NOT APPROVED FOR CONNECTION, POWERED TESTING, MOTION, WALKING, OR ENERGIZATION"
WS-L01,7.700,R SINGLE,R,0.876538,0.278578,0.000000,235.713968,NONE,0.000044322,70.749356,1.373424,50 HZ CONTACT-ENABLED INVERSE FEEDFORWARD + FROZEN BASELINE PD GAINS,"PRELIMINARY - NUMERICAL HIP-REDUCTION SUCCESSOR ONLY - NOT APPROVED FOR CONNECTION, POWERED TESTING, MOTION, WALKING, OR ENERGIZATION"
WS-L01,7.720,R SINGLE,R,0.882558,0.271435,0.000000,234.541130,NONE,0.000047745,73.425830,2.133943,50 HZ CONTACT-ENABLED INVERSE FEEDFORWARD + FROZEN BASELINE PD GAINS,"PRELIMINARY - NUMERICAL HIP-REDUCTION SUCCESSOR ONLY - NOT APPROVED FOR CONNECTION, POWERED TESTING, MOTION, WALKING, OR ENERGIZATION"
WS-L01,7.740,R SINGLE,R,0.869816,0.263816,0.000000,236.109229,NONE,0.000045283,70.062841,1.382216,50 HZ CONTACT-ENABLED INVERSE FEEDFORWARD + FROZEN BASELINE PD GAINS,"PRELIMINARY - NUMERICAL HIP-REDUCTION SUCCESSOR ONLY - NOT APPROVED FOR CONNECTION, POWERED TESTING, MOTION, WALKING, OR ENERGIZATION"
WS-L01,7.760,R SINGLE,R,0.870423,0.256459,0.000000,235.176223,NONE,0.000043856,72.411053,1.133522,50 HZ CONTACT-ENABLED INVERSE FEEDFORWARD + FROZEN BASELINE PD GAINS,"PRELIMINARY - NUMERICAL HIP-REDUCTION SUCCESSOR ONLY - NOT APPROVED FOR CONNECTION, POWERED TESTING, MOTION, WALKING, OR ENERGIZATION"
WS-L01,7.780,R SINGLE,R,0.862141,0.249006,0.000000,228.896035,NONE,0.000043853,65.857377,3.627477,50 HZ CONTACT-ENABLED INVERSE FEEDFORWARD + FROZEN BASELINE PD GAINS,"PRELIMINARY - NUMERICAL HIP-REDUCTION SUCCESSOR ONLY - NOT APPROVED FOR CONNECTION, POWERED TESTING, MOTION, WALKING, OR ENERGIZATION"
WS-L01,7.800,R SINGLE,R,0.864018,0.241281,0.000000,233.022658,NONE,0.000042636,83.515772,6.021525,50 HZ CONTACT-ENABLED INVERSE FEEDFORWARD + FROZEN BASELINE PD GAINS,"PRELIMINARY - NUMERICAL HIP-REDUCTION SUCCESSOR ONLY - NOT APPROVED FOR CONNECTION, POWERED TESTING, MOTION, WALKING, OR ENERGIZATION"
WS-L01,7.820,R SINGLE,R,0.857685,0.233843,0.000000,228.936164,NONE,0.000045162,65.329713,3.644615,50 HZ CONTACT-ENABLED INVERSE FEEDFORWARD + FROZEN BASELINE PD GAINS,"PRELIMINARY - NUMERICAL HIP-REDUCTION SUCCESSOR ONLY - NOT APPROVED FOR CONNECTION, POWERED TESTING, MOTION, WALKING, OR ENERGIZATION"
WS-L01,7.840,R SINGLE,R,0.858068,0.225584,0.000000,233.619264,NONE,0.000044310,82.808234,6.031237,50 HZ CONTACT-ENABLED INVERSE FEEDFORWARD + FROZEN BASELINE PD GAINS,"PRELIMINARY - NUMERICAL HIP-REDUCTION SUCCESSOR ONLY - NOT APPROVED FOR CONNECTION, POWERED TESTING, MOTION, WALKING, OR ENERGIZATION"
WS-L01,7.860,R SINGLE,R,0.851703,0.217728,0.000000,233.524653,NONE,0.000042079,64.049158,2.825186,50 HZ CONTACT-ENABLED INVERSE FEEDFORWARD + FROZEN BASELINE PD GAINS,"PRELIMINARY - NUMERICAL HIP-REDUCTION SUCCESSOR ONLY - NOT APPROVED FOR CONNECTION, POWERED TESTING, MOTION, WALKING, OR ENERGIZATION"
WS-L01,7.880,R SINGLE,R,0.860057,0.209797,0.000000,235.858964,NONE,0.000040036,73.969434,3.096299,50 HZ CONTACT-ENABLED INVERSE FEEDFORWARD + FROZEN BASELINE PD GAINS,"PRELIMINARY - NUMERICAL HIP-REDUCTION SUCCESSOR ONLY - NOT APPROVED FOR CONNECTION, POWERED TESTING, MOTION, WALKING, OR ENERGIZATION"
WS-L01,7.900,R SINGLE,R,0.844574,0.202069,0.000000,236.504309,NONE,0.000038702,68.497910,1.236785,50 HZ CONTACT-ENABLED INVERSE FEEDFORWARD + FROZEN BASELINE PD GAINS,"PRELIMINARY - NUMERICAL HIP-REDUCTION SUCCESSOR ONLY - NOT APPROVED FOR CONNECTION, POWERED TESTING, MOTION, WALKING, OR ENERGIZATION"
WS-L01,7.920,R SINGLE,R,0.842710,0.194203,0.000000,230.031720,NONE,0.000038497,66.034327,3.516174,50 HZ CONTACT-ENABLED INVERSE FEEDFORWARD + FROZEN BASELINE PD GAINS,"PRELIMINARY - NUMERICAL HIP-REDUCTION SUCCESSOR ONLY - NOT APPROVED FOR CONNECTION, POWERED TESTING, MOTION, WALKING, OR ENERGIZATION"
WS-L01,7.940,R SINGLE,R,0.840756,0.186343,0.000000,235.695657,NONE,0.000037436,64.426556,1.250576,50 HZ CONTACT-ENABLED INVERSE FEEDFORWARD + FROZEN BASELINE PD GAINS,"PRELIMINARY - NUMERICAL HIP-REDUCTION SUCCESSOR ONLY - NOT APPROVED FOR CONNECTION, POWERED TESTING, MOTION, WALKING, OR ENERGIZATION"
WS-L01,7.960,R SINGLE,R,0.835833,0.178554,0.000000,230.811496,NONE,0.000040366,64.921237,3.419890,50 HZ CONTACT-ENABLED INVERSE FEEDFORWARD + FROZEN BASELINE PD GAINS,"PRELIMINARY - NUMERICAL HIP-REDUCTION SUCCESSOR ONLY - NOT APPROVED FOR CONNECTION, POWERED TESTING, MOTION, WALKING, OR ENERGIZATION"
WS-L01,7.980,R SINGLE,R,0.839145,0.170644,0.000000,235.394186,NONE,0.000037989,78.150001,5.359271,50 HZ CONTACT-ENABLED INVERSE FEEDFORWARD + FROZEN BASELINE PD GAINS,"PRELIMINARY - NUMERICAL HIP-REDUCTION SUCCESSOR ONLY - NOT APPROVED FOR CONNECTION, POWERED TESTING, MOTION, WALKING, OR ENERGIZATION"
WS-L01,8.000,R SINGLE,R,0.828188,0.163016,0.000000,235.996993,NONE,0.000035544,62.319770,2.112833,50 HZ CONTACT-ENABLED INVERSE FEEDFORWARD + FROZEN BASELINE PD GAINS,"PRELIMINARY - NUMERICAL HIP-REDUCTION SUCCESSOR ONLY - NOT APPROVED FOR CONNECTION, POWERED TESTING, MOTION, WALKING, OR ENERGIZATION"
WS-L01,8.020,R SINGLE,R,0.829360,0.155365,0.000000,236.800093,NONE,0.000033478,66.995365,2.021186,50 HZ CONTACT-ENABLED INVERSE FEEDFORWARD + FROZEN BASELINE PD GAINS,"PRELIMINARY - NUMERICAL HIP-REDUCTION SUCCESSOR ONLY - NOT APPROVED FOR CONNECTION, POWERED TESTING, MOTION, WALKING, OR ENERGIZATION"
WS-L01,8.040,R SINGLE,R,0.836642,0.147913,0.000000,237.854747,NONE,0.000031729,68.513164,1.120564,50 HZ CONTACT-ENABLED INVERSE FEEDFORWARD + FROZEN BASELINE PD GAINS,"PRELIMINARY - NUMERICAL HIP-REDUCTION SUCCESSOR ONLY - NOT APPROVED FOR CONNECTION, POWERED TESTING, MOTION, WALKING, OR ENERGIZATION"
WS-L01,8.060,R SINGLE,R,0.823147,0.140853,0.000000,237.007786,NONE,0.000035323,66.496143,1.924534,50 HZ CONTACT-ENABLED INVERSE FEEDFORWARD + FROZEN BASELINE PD GAINS,"PRELIMINARY - NUMERICAL HIP-REDUCTION SUCCESSOR ONLY - NOT APPROVED FOR CONNECTION, POWERED TESTING, MOTION, WALKING, OR ENERGIZATION"
WS-L01,8.080,R SINGLE,R,0.828989,0.133470,0.000000,238.198409,NONE,0.000033149,67.436693,1.123172,50 HZ CONTACT-ENABLED INVERSE FEEDFORWARD + FROZEN BASELINE PD GAINS,"PRELIMINARY - NUMERICAL HIP-REDUCTION SUCCESSOR ONLY - NOT APPROVED FOR CONNECTION, POWERED TESTING, MOTION, WALKING, OR ENERGIZATION"
WS-L01,8.100,R SINGLE,R,0.818255,0.126800,0.000000,237.628354,NONE,0.000032006,65.746727,1.035276,50 HZ CONTACT-ENABLED INVERSE FEEDFORWARD + FROZEN BASELINE PD GAINS,"PRELIMINARY - NUMERICAL HIP-REDUCTION SUCCESSOR ONLY - NOT APPROVED FOR CONNECTION, POWERED TESTING, MOTION, WALKING, OR ENERGIZATION"
WS-L01,8.120,R SINGLE,R,0.818999,0.120143,0.000000,230.835135,NONE,0.000032210,64.916090,3.629636,50 HZ CONTACT-ENABLED INVERSE FEEDFORWARD + FROZEN BASELINE PD GAINS,"PRELIMINARY - NUMERICAL HIP-REDUCTION SUCCESSOR ONLY - NOT APPROVED FOR CONNECTION, POWERED TESTING, MOTION, WALKING, OR ENERGIZATION"
WS-L01,8.140,R SINGLE,R,0.808908,0.113662,0.000000,235.416210,NONE,0.000031250,77.161997,5.943495,50 HZ CONTACT-ENABLED INVERSE FEEDFORWARD + FROZEN BASELINE PD GAINS,"PRELIMINARY - NUMERICAL HIP-REDUCTION SUCCESSOR ONLY - NOT APPROVED FOR CONNECTION, POWERED TESTING, MOTION, WALKING, OR ENERGIZATION"
WS-L01,8.160,R SINGLE,R,0.814400,0.107215,0.000000,235.198756,NONE,0.000029869,63.740787,2.837785,50 HZ CONTACT-ENABLED INVERSE FEEDFORWARD + FROZEN BASELINE PD GAINS,"PRELIMINARY - NUMERICAL HIP-REDUCTION SUCCESSOR ONLY - NOT APPROVED FOR CONNECTION, POWERED TESTING, MOTION, WALKING, OR ENERGIZATION"
WS-L01,8.180,R SINGLE,R,0.803268,0.101488,0.000000,235.825763,NONE,0.000032752,77.311841,5.876076,50 HZ CONTACT-ENABLED INVERSE FEEDFORWARD + FROZEN BASELINE PD GAINS,"PRELIMINARY - NUMERICAL HIP-REDUCTION SUCCESSOR ONLY - NOT APPROVED FOR CONNECTION, POWERED TESTING, MOTION, WALKING, OR ENERGIZATION"
WS-L01,8.200,R SINGLE,R,0.810732,0.095066,0.000000,235.302598,NONE,0.000032054,63.655793,2.815570,50 HZ CONTACT-ENABLED INVERSE FEEDFORWARD + FROZEN BASELINE PD GAINS,"PRELIMINARY - NUMERICAL HIP-REDUCTION SUCCESSOR ONLY - NOT APPROVED FOR CONNECTION, POWERED TESTING, MOTION, WALKING, OR ENERGIZATION"
WS-L01,8.220,R SINGLE,R,0.799340,0.089344,0.000000,237.970832,NONE,0.000029778,67.445431,2.914888,50 HZ CONTACT-ENABLED INVERSE FEEDFORWARD + FROZEN BASELINE PD GAINS,"PRELIMINARY - NUMERICAL HIP-REDUCTION SUCCESSOR ONLY - NOT APPROVED FOR CONNECTION, POWERED TESTING, MOTION, WALKING, OR ENERGIZATION"
WS-L01,8.240,R SINGLE,R,0.804357,0.083995,0.000000,238.294062,NONE,0.000028268,66.100259,1.022240,50 HZ CONTACT-ENABLED INVERSE FEEDFORWARD + FROZEN BASELINE PD GAINS,"PRELIMINARY - NUMERICAL HIP-REDUCTION SUCCESSOR ONLY - NOT APPROVED FOR CONNECTION, POWERED TESTING, MOTION, WALKING, OR ENERGIZATION"
WS-L01,8.260,R SINGLE,R,0.798183,0.078897,0.000000,238.603010,NONE,0.000029304,66.789306,3.126742,50 HZ CONTACT-ENABLED INVERSE FEEDFORWARD + FROZEN BASELINE PD GAINS,"PRELIMINARY - NUMERICAL HIP-REDUCTION SUCCESSOR ONLY - NOT APPROVED FOR CONNECTION, POWERED TESTING, MOTION, WALKING, OR ENERGIZATION"
WS-L01,8.280,R SINGLE,R,0.800839,0.073615,0.000000,238.472089,NONE,0.000030105,66.271312,1.021546,50 HZ CONTACT-ENABLED INVERSE FEEDFORWARD + FROZEN BASELINE PD GAINS,"PRELIMINARY - NUMERICAL HIP-REDUCTION SUCCESSOR ONLY - NOT APPROVED FOR CONNECTION, POWERED TESTING, MOTION, WALKING, OR ENERGIZATION"
WS-L01,8.300,R SINGLE,R,0.793040,0.068777,0.000000,232.633604,NONE,0.000029114,60.883260,3.483722,50 HZ CONTACT-ENABLED INVERSE FEEDFORWARD + FROZEN BASELINE PD GAINS,"PRELIMINARY - NUMERICAL HIP-REDUCTION SUCCESSOR ONLY - NOT APPROVED FOR CONNECTION, POWERED TESTING, MOTION, WALKING, OR ENERGIZATION"
WS-L01,8.320,R SINGLE,R,0.794653,0.064056,0.000000,236.919472,NONE,0.000027246,75.231017,5.419652,50 HZ CONTACT-ENABLED INVERSE FEEDFORWARD + FROZEN BASELINE PD GAINS,"PRELIMINARY - NUMERICAL HIP-REDUCTION SUCCESSOR ONLY - NOT APPROVED FOR CONNECTION, POWERED TESTING, MOTION, WALKING, OR ENERGIZATION"
WS-L01,8.340,R SINGLE,R,0.785887,0.059549,0.000000,237.671609,NONE,0.000025248,59.578282,2.258750,50 HZ CONTACT-ENABLED INVERSE FEEDFORWARD + FROZEN BASELINE PD GAINS,"PRELIMINARY - NUMERICAL HIP-REDUCTION SUCCESSOR ONLY - NOT APPROVED FOR CONNECTION, POWERED TESTING, MOTION, WALKING, OR ENERGIZATION"
WS-L01,8.360,R SINGLE,R,0.791170,0.055101,0.000000,239.093955,NONE,0.000023392,63.229597,1.090211,50 HZ CONTACT-ENABLED INVERSE FEEDFORWARD + FROZEN BASELINE PD GAINS,"PRELIMINARY - NUMERICAL HIP-REDUCTION SUCCESSOR ONLY - NOT APPROVED FOR CONNECTION, POWERED TESTING, MOTION, WALKING, OR ENERGIZATION"
WS-L01,8.380,R SINGLE,R,0.787297,0.051209,0.000000,237.787696,NONE,0.000027558,59.485317,2.059472,50 HZ CONTACT-ENABLED INVERSE FEEDFORWARD + FROZEN BASELINE PD GAINS,"PRELIMINARY - NUMERICAL HIP-REDUCTION SUCCESSOR ONLY - NOT APPROVED FOR CONNECTION, POWERED TESTING, MOTION, WALKING, OR ENERGIZATION"
WS-L01,8.400,R SINGLE,R,0.794139,0.046886,0.000000,238.436873,NONE,0.000025213,65.308202,1.845282,50 HZ CONTACT-ENABLED INVERSE FEEDFORWARD + FROZEN BASELINE PD GAINS,"PRELIMINARY - NUMERICAL HIP-REDUCTION SUCCESSOR ONLY - NOT APPROVED FOR CONNECTION, POWERED TESTING, MOTION, WALKING, OR ENERGIZATION"
WS-L01,8.420,R SINGLE,R,0.786682,0.043069,0.000000,239.839585,NONE,0.000023149,62.380709,1.093159,50 HZ CONTACT-ENABLED INVERSE FEEDFORWARD + FROZEN BASELINE PD GAINS,"PRELIMINARY - NUMERICAL HIP-REDUCTION SUCCESSOR ONLY - NOT APPROVED FOR CONNECTION, POWERED TESTING, MOTION, WALKING, OR ENERGIZATION"
WS-L01,8.440,R SINGLE,R,0.787565,0.039490,0.000000,238.922534,NONE,0.000022451,64.976244,0.888739,50 HZ CONTACT-ENABLED INVERSE FEEDFORWARD + FROZEN BASELINE PD GAINS,"PRELIMINARY - NUMERICAL HIP-REDUCTION SUCCESSOR ONLY - NOT APPROVED FOR CONNECTION, POWERED TESTING, MOTION, WALKING, OR ENERGIZATION"
WS-L01,8.460,R SINGLE,R,0.782716,0.035928,0.000000,232.575525,NONE,0.000022933,61.006184,3.680751,50 HZ CONTACT-ENABLED INVERSE FEEDFORWARD + FROZEN BASELINE PD GAINS,"PRELIMINARY - NUMERICAL HIP-REDUCTION SUCCESSOR ONLY - NOT APPROVED FOR CONNECTION, POWERED TESTING, MOTION, WALKING, OR ENERGIZATION"
WS-L01,8.480,R SINGLE,R,0.784791,0.032426,0.000000,239.113376,NONE,0.000024620,64.844314,0.928352,50 HZ CONTACT-ENABLED INVERSE FEEDFORWARD + FROZEN BASELINE PD GAINS,"PRELIMINARY - NUMERICAL HIP-REDUCTION SUCCESSOR ONLY - NOT APPROVED FOR CONNECTION, POWERED TESTING, MOTION, WALKING, OR ENERGIZATION"
WS-L01,8.500,R SINGLE,R,0.781683,0.028558,0.000000,232.538573,NONE,0.000025137,60.973997,3.675278,50 HZ CONTACT-ENABLED INVERSE FEEDFORWARD + FROZEN BASELINE PD GAINS,"PRELIMINARY - NUMERICAL HIP-REDUCTION SUCCESSOR ONLY - NOT APPROVED FOR CONNECTION, POWERED TESTING, MOTION, WALKING, OR ENERGIZATION"
WS-L01,8.520,R SINGLE,R,0.782787,0.024896,0.000000,236.832142,NONE,0.000023700,75.985580,5.798580,50 HZ CONTACT-ENABLED INVERSE FEEDFORWARD + FROZEN BASELINE PD GAINS,"PRELIMINARY - NUMERICAL HIP-REDUCTION SUCCESSOR ONLY - NOT APPROVED FOR CONNECTION, POWERED TESTING, MOTION, WALKING, OR ENERGIZATION"
WS-L01,8.540,R SINGLE,R,0.785818,0.021139,0.000000,236.714772,NONE,0.000022176,60.788157,2.900238,50 HZ CONTACT-ENABLED INVERSE FEEDFORWARD + FROZEN BASELINE PD GAINS,"PRELIMINARY - NUMERICAL HIP-REDUCTION SUCCESSOR ONLY - NOT APPROVED FOR CONNECTION, POWERED TESTING, MOTION, WALKING, OR ENERGIZATION"
WS-L01,8.560,R SINGLE,R,0.784474,0.017643,0.000000,237.324115,NONE,0.000024900,75.185642,5.871314,50 HZ CONTACT-ENABLED INVERSE FEEDFORWARD + FROZEN BASELINE PD GAINS,"PRELIMINARY - NUMERICAL HIP-REDUCTION SUCCESSOR ONLY - NOT APPROVED FOR CONNECTION, POWERED TESTING, MOTION, WALKING, OR ENERGIZATION"
WS-L01,8.580,R SINGLE,R,0.786007,0.013107,0.000000,236.668779,NONE,0.000024329,61.244934,2.901549,50 HZ CONTACT-ENABLED INVERSE FEEDFORWARD + FROZEN BASELINE PD GAINS,"PRELIMINARY - NUMERICAL HIP-REDUCTION SUCCESSOR ONLY - NOT APPROVED FOR CONNECTION, POWERED TESTING, MOTION, WALKING, OR ENERGIZATION"
WS-L01,8.600,R SINGLE,R,0.783591,0.009774,0.000000,239.310187,NONE,0.000022165,65.808119,2.872550,50 HZ CONTACT-ENABLED INVERSE FEEDFORWARD + FROZEN BASELINE PD GAINS,"PRELIMINARY - NUMERICAL HIP-REDUCTION SUCCESSOR ONLY - NOT APPROVED FOR CONNECTION, POWERED TESTING, MOTION, WALKING, OR ENERGIZATION"
WS-L01,8.620,R SINGLE,R,0.786524,0.008089,0.000000,239.502322,NONE,0.000020774,65.124827,0.975899,50 HZ CONTACT-ENABLED INVERSE FEEDFORWARD + FROZEN BASELINE PD GAINS,"PRELIMINARY - NUMERICAL HIP-REDUCTION SUCCESSOR ONLY - NOT APPROVED FOR CONNECTION, POWERED TESTING, MOTION, WALKING, OR ENERGIZATION"
WS-L01,8.640,R SINGLE,R,0.782704,0.007533,0.000000,233.304871,NONE,0.000020680,60.875934,3.586344,50 HZ CONTACT-ENABLED INVERSE FEEDFORWARD + FROZEN BASELINE PD GAINS,"PRELIMINARY - NUMERICAL HIP-REDUCTION SUCCESSOR ONLY - NOT APPROVED FOR CONNECTION, POWERED TESTING, MOTION, WALKING, OR ENERGIZATION"
WS-L01,8.660,R SINGLE,R,0.785658,0.007598,0.000000,238.503966,NONE,0.000019838,61.995392,1.138911,50 HZ CONTACT-ENABLED INVERSE FEEDFORWARD + FROZEN BASELINE PD GAINS,"PRELIMINARY - NUMERICAL HIP-REDUCTION SUCCESSOR ONLY - NOT APPROVED FOR CONNECTION, POWERED TESTING, MOTION, WALKING, OR ENERGIZATION"
WS-L01,8.680,R SINGLE,R,0.782484,0.008220,0.000000,233.814921,NONE,0.000022973,60.692801,3.496863,50 HZ CONTACT-ENABLED INVERSE FEEDFORWARD + FROZEN BASELINE PD GAINS,"PRELIMINARY - NUMERICAL HIP-REDUCTION SUCCESSOR ONLY - NOT APPROVED FOR CONNECTION, POWERED TESTING, MOTION, WALKING, OR ENERGIZATION"
WS-L01,8.700,R SINGLE,R,0.786748,0.008924,0.000000,238.101048,NONE,0.000020849,74.325975,5.236894,50 HZ CONTACT-ENABLED INVERSE FEEDFORWARD + FROZEN BASELINE PD GAINS,"PRELIMINARY - NUMERICAL HIP-REDUCTION SUCCESSOR ONLY - NOT APPROVED FOR CONNECTION, POWERED TESTING, MOTION, WALKING, OR ENERGIZATION"
WS-L01,8.720,R SINGLE,R,0.779511,0.010009,0.000000,238.640962,NONE,0.000018572,59.416062,2.200115,50 HZ CONTACT-ENABLED INVERSE FEEDFORWARD + FROZEN BASELINE PD GAINS,"PRELIMINARY - NUMERICAL HIP-REDUCTION SUCCESSOR ONLY - NOT APPROVED FOR CONNECTION, POWERED TESTING, MOTION, WALKING, OR ENERGIZATION"
WS-L01,8.740,R SINGLE,R,0.785118,0.011112,0.000000,239.313376,NONE,0.000016630,63.980018,1.905808,50 HZ CONTACT-ENABLED INVERSE FEEDFORWARD + FROZEN BASELINE PD GAINS,"PRELIMINARY - NUMERICAL HIP-REDUCTION SUCCESSOR ONLY - NOT APPROVED FOR CONNECTION, POWERED TESTING, MOTION, WALKING, OR ENERGIZATION"
WS-L01,8.760,R SINGLE,R,0.790922,0.012398,0.000000,240.461703,NONE,0.000014941,63.924440,1.045637,50 HZ CONTACT-ENABLED INVERSE FEEDFORWARD + FROZEN BASELINE PD GAINS,"PRELIMINARY - NUMERICAL HIP-REDUCTION SUCCESSOR ONLY - NOT APPROVED FOR CONNECTION, POWERED TESTING, MOTION, WALKING, OR ENERGIZATION"
WS-L01,8.780,R SINGLE,R,0.786236,0.014022,0.000000,239.439050,NONE,0.000018774,63.191586,1.910022,50 HZ CONTACT-ENABLED INVERSE FEEDFORWARD + FROZEN BASELINE PD GAINS,"PRELIMINARY - NUMERICAL HIP-REDUCTION SUCCESSOR ONLY - NOT APPROVED FOR CONNECTION, POWERED TESTING, MOTION, WALKING, OR ENERGIZATION"
WS-L01,8.800,R SINGLE,R,0.794615,0.015194,0.000000,240.526450,NONE,0.000016657,64.725423,1.033484,50 HZ CONTACT-ENABLED INVERSE FEEDFORWARD + FROZEN BASELINE PD GAINS,"PRELIMINARY - NUMERICAL HIP-REDUCTION SUCCESSOR ONLY - NOT APPROVED FOR CONNECTION, POWERED TESTING, MOTION, WALKING, OR ENERGIZATION"
WS-L01,8.820,R SINGLE,R,0.791762,0.017006,0.000000,239.829016,NONE,0.000015450,64.323135,0.933436,50 HZ CONTACT-ENABLED INVERSE FEEDFORWARD + FROZEN BASELINE PD GAINS,"PRELIMINARY - NUMERICAL HIP-REDUCTION SUCCESSOR ONLY - NOT APPROVED FOR CONNECTION, POWERED TESTING, MOTION, WALKING, OR ENERGIZATION"
WS-L01,8.840,R SINGLE,R,0.797496,0.018761,0.000000,233.051166,NONE,0.000015523,63.418869,3.694214,50 HZ CONTACT-ENABLED INVERSE FEEDFORWARD + FROZEN BASELINE PD GAINS,"PRELIMINARY - NUMERICAL HIP-REDUCTION SUCCESSOR ONLY - NOT APPROVED FOR CONNECTION, POWERED TESTING, MOTION, WALKING, OR ENERGIZATION"
WS-L01,8.860,R SINGLE,R,0.797113,0.020704,0.000000,239.935733,NONE,0.000016897,64.095085,0.982721,50 HZ CONTACT-ENABLED INVERSE FEEDFORWARD + FROZEN BASELINE PD GAINS,"PRELIMINARY - NUMERICAL HIP-REDUCTION SUCCESSOR ONLY - NOT APPROVED FOR CONNECTION, POWERED TESTING, MOTION, WALKING, OR ENERGIZATION"
WS-L01,8.880,R SINGLE,R,0.799626,0.022267,0.000000,232.892948,NONE,0.000017137,63.523556,3.712308,50 HZ CONTACT-ENABLED INVERSE FEEDFORWARD + FROZEN BASELINE PD GAINS,"PRELIMINARY - NUMERICAL HIP-REDUCTION SUCCESSOR ONLY - NOT APPROVED FOR CONNECTION, POWERED TESTING, MOTION, WALKING, OR ENERGIZATION"
WS-L01,8.900,R SINGLE,R,0.798553,0.024266,0.000000,237.422503,NONE,0.000015379,76.073511,5.881492,50 HZ CONTACT-ENABLED INVERSE FEEDFORWARD + FROZEN BASELINE PD GAINS,"PRELIMINARY - NUMERICAL HIP-REDUCTION SUCCESSOR ONLY - NOT APPROVED FOR CONNECTION, POWERED TESTING, MOTION, WALKING, OR ENERGIZATION"
WS-L01,8.920,R SINGLE,R,0.802120,0.026633,0.000000,232.711896,NONE,0.000017587,63.432177,3.733936,50 HZ CONTACT-ENABLED INVERSE FEEDFORWARD + FROZEN BASELINE PD GAINS,"PRELIMINARY - NUMERICAL HIP-REDUCTION SUCCESSOR ONLY - NOT APPROVED FOR CONNECTION, POWERED TESTING, MOTION, WALKING, OR ENERGIZATION"
WS-L01,8.940,R SINGLE,R,0.803504,0.028451,0.000000,237.623653,NONE,0.000016675,76.772540,5.938249,50 HZ CONTACT-ENABLED INVERSE FEEDFORWARD + FROZEN BASELINE PD GAINS,"PRELIMINARY - NUMERICAL HIP-REDUCTION SUCCESSOR ONLY - NOT APPROVED FOR CONNECTION, POWERED TESTING, MOTION, WALKING, OR ENERGIZATION"
WS-L01,8.960,R SINGLE,R,0.808887,0.030714,0.000000,237.033799,NONE,0.000014438,62.454520,2.926567,50 HZ CONTACT-ENABLED INVERSE FEEDFORWARD + FROZEN BASELINE PD GAINS,"PRELIMINARY - NUMERICAL HIP-REDUCTION SUCCESSOR ONLY - NOT APPROVED FOR CONNECTION, POWERED TESTING, MOTION, WALKING, OR ENERGIZATION"
WS-L01,8.980,R SINGLE,R,0.807499,0.033116,0.000000,239.495664,NONE,0.000012318,68.811272,2.959899,50 HZ CONTACT-ENABLED INVERSE FEEDFORWARD + FROZEN BASELINE PD GAINS,"PRELIMINARY - NUMERICAL HIP-REDUCTION SUCCESSOR ONLY - NOT APPROVED FOR CONNECTION, POWERED TESTING, MOTION, WALKING, OR ENERGIZATION"
WS-L01,9.000,R SINGLE,R,0.806652,0.036081,0.000000,236.729258,NONE,0.000014595,61.349112,3.023961,50 HZ CONTACT-ENABLED INVERSE FEEDFORWARD + FROZEN BASELINE PD GAINS,"PRELIMINARY - NUMERICAL HIP-REDUCTION SUCCESSOR ONLY - NOT APPROVED FOR CONNECTION, POWERED TESTING, MOTION, WALKING, OR ENERGIZATION"
WS-L01,9.020,R SINGLE,R,0.817102,0.038300,0.000000,239.644728,NONE,0.000013948,69.534410,3.018317,50 HZ CONTACT-ENABLED INVERSE FEEDFORWARD + FROZEN BASELINE PD GAINS,"PRELIMINARY - NUMERICAL HIP-REDUCTION SUCCESSOR ONLY - NOT APPROVED FOR CONNECTION, POWERED TESTING, MOTION, WALKING, OR ENERGIZATION"
WS-L01,9.040,R SINGLE,R,0.814136,0.041268,0.000000,240.051478,NONE,0.000011794,65.478089,1.067201,50 HZ CONTACT-ENABLED INVERSE FEEDFORWARD + FROZEN BASELINE PD GAINS,"PRELIMINARY - NUMERICAL HIP-REDUCTION SUCCESSOR ONLY - NOT APPROVED FOR CONNECTION, POWERED TESTING, MOTION, WALKING, OR ENERGIZATION"
WS-L01,9.060,R SINGLE,R,0.816024,0.044410,0.000000,239.960515,NONE,0.000012329,69.396316,3.244887,50 HZ CONTACT-ENABLED INVERSE FEEDFORWARD + FROZEN BASELINE PD GAINS,"PRELIMINARY - NUMERICAL HIP-REDUCTION SUCCESSOR ONLY - NOT APPROVED FOR CONNECTION, POWERED TESTING, MOTION, WALKING, OR ENERGIZATION"
WS-L01,9.080,R SINGLE,R,0.822144,0.047373,0.000000,240.041497,NONE,0.000012645,66.362690,1.094293,50 HZ CONTACT-ENABLED INVERSE FEEDFORWARD + FROZEN BASELINE PD GAINS,"PRELIMINARY - NUMERICAL HIP-REDUCTION SUCCESSOR ONLY - NOT APPROVED FOR CONNECTION, POWERED TESTING, MOTION, WALKING, OR ENERGIZATION"
WS-L01,9.100,R SINGLE,R,0.822446,0.050647,0.000000,233.060168,NONE,0.000011423,63.790553,3.711032,50 HZ CONTACT-ENABLED INVERSE FEEDFORWARD + FROZEN BASELINE PD GAINS,"PRELIMINARY - NUMERICAL HIP-REDUCTION SUCCESSOR ONLY - NOT APPROVED FOR CONNECTION, POWERED TESTING, MOTION, WALKING, OR ENERGIZATION"
WS-L01,9.120,R SINGLE,R,0.828550,0.054085,0.000000,238.646713,NONE,0.000009639,63.945050,1.218814,50 HZ CONTACT-ENABLED INVERSE FEEDFORWARD + FROZEN BASELINE PD GAINS,"PRELIMINARY - NUMERICAL HIP-REDUCTION SUCCESSOR ONLY - NOT APPROVED FOR CONNECTION, POWERED TESTING, MOTION, WALKING, OR ENERGIZATION"
WS-L01,9.140,R SINGLE,R,0.835600,0.057704,0.000000,233.200489,NONE,0.000012223,64.270803,3.664174,50 HZ CONTACT-ENABLED INVERSE FEEDFORWARD + FROZEN BASELINE PD GAINS,"PRELIMINARY - NUMERICAL HIP-REDUCTION SUCCESSOR ONLY - NOT APPROVED FOR CONNECTION, POWERED TESTING, MOTION, WALKING, OR ENERGIZATION"
WS-L01,9.160,R SINGLE,R,0.839451,0.061273,0.000000,238.016825,NONE,0.000009527,79.582473,5.999119,50 HZ CONTACT-ENABLED INVERSE FEEDFORWARD + FROZEN BASELINE PD GAINS,"PRELIMINARY - NUMERICAL HIP-REDUCTION SUCCESSOR ONLY - NOT APPROVED FOR CONNECTION, POWERED TESTING, MOTION, WALKING, OR ENERGIZATION"
WS-L01,9.180,R SINGLE,R,0.845602,0.065097,0.000000,239.241631,NONE,0.000006729,66.555832,1.608651,50 HZ CONTACT-ENABLED INVERSE FEEDFORWARD + FROZEN BASELINE PD GAINS,"PRELIMINARY - NUMERICAL HIP-REDUCTION SUCCESSOR ONLY - NOT APPROVED FOR CONNECTION, POWERED TESTING, MOTION, WALKING, OR ENERGIZATION"
WS-L01,9.200,R SINGLE,R,0.849593,0.069304,0.000000,238.133310,NONE,0.000010117,79.963277,5.963841,50 HZ CONTACT-ENABLED INVERSE FEEDFORWARD + FROZEN BASELINE PD GAINS,"PRELIMINARY - NUMERICAL HIP-REDUCTION SUCCESSOR ONLY - NOT APPROVED FOR CONNECTION, POWERED TESTING, MOTION, WALKING, OR ENERGIZATION"
WS-L01,9.220,R SINGLE,R,0.858003,0.073242,0.000000,239.183062,NONE,0.000006992,67.792653,1.613458,50 HZ CONTACT-ENABLED INVERSE FEEDFORWARD + FROZEN BASELINE PD GAINS,"PRELIMINARY - NUMERICAL HIP-REDUCTION SUCCESSOR ONLY - NOT APPROVED FOR CONNECTION, POWERED TESTING, MOTION, WALKING, OR ENERGIZATION"
WS-L01,9.240,R SINGLE,R,0.863156,0.077797,0.000000,238.213498,NONE,0.000009842,80.524267,5.968467,50 HZ CONTACT-ENABLED INVERSE FEEDFORWARD + FROZEN BASELINE PD GAINS,"PRELIMINARY - NUMERICAL HIP-REDUCTION SUCCESSOR ONLY - NOT APPROVED FOR CONNECTION, POWERED TESTING, MOTION, WALKING, OR ENERGIZATION"
WS-L01,9.260,R SINGLE,R,0.868853,0.082055,0.000000,239.163691,NONE,0.000006460,68.425030,1.636357,50 HZ CONTACT-ENABLED INVERSE FEEDFORWARD + FROZEN BASELINE PD GAINS,"PRELIMINARY - NUMERICAL HIP-REDUCTION SUCCESSOR ONLY - NOT APPROVED FOR CONNECTION, POWERED TESTING, MOTION, WALKING, OR ENERGIZATION"
WS-L01,9.280,R SINGLE,R,0.877972,0.086894,0.000000,238.122170,NONE,0.000009139,82.045574,5.992233,50 HZ CONTACT-ENABLED INVERSE FEEDFORWARD + FROZEN BASELINE PD GAINS,"PRELIMINARY - NUMERICAL HIP-REDUCTION SUCCESSOR ONLY - NOT APPROVED FOR CONNECTION, POWERED TESTING, MOTION, WALKING, OR ENERGIZATION"
WS-L01,9.300,R SINGLE,R,0.877642,0.091458,0.000000,238.288091,NONE,0.000005444,65.518850,2.492876,50 HZ CONTACT-ENABLED INVERSE FEEDFORWARD + FROZEN BASELINE PD GAINS,"PRELIMINARY - NUMERICAL HIP-REDUCTION SUCCESSOR ONLY - NOT APPROVED FOR CONNECTION, POWERED TESTING, MOTION, WALKING, OR ENERGIZATION"
WS-L01,9.320,R SINGLE,R,0.881888,0.096260,0.000000,240.088376,NONE,0.000001940,69.431715,1.266907,50 HZ CONTACT-ENABLED INVERSE FEEDFORWARD + FROZEN BASELINE PD GAINS,"PRELIMINARY - NUMERICAL HIP-REDUCTION SUCCESSOR ONLY - NOT APPROVED FOR CONNECTION, POWERED TESTING, MOTION, WALKING, OR ENERGIZATION"
WS-L01,9.340,R SINGLE,R,0.888572,0.101582,0.000000,238.130177,NONE,0.000005827,66.472364,2.480130,50 HZ CONTACT-ENABLED INVERSE FEEDFORWARD + FROZEN BASELINE PD GAINS,"PRELIMINARY - NUMERICAL HIP-REDUCTION SUCCESSOR ONLY - NOT APPROVED FOR CONNECTION, POWERED TESTING, MOTION, WALKING, OR ENERGIZATION"
WS-L01,9.360,R SINGLE,R,0.894466,0.106402,0.000000,240.053607,NONE,0.000002235,70.375745,1.338967,50 HZ CONTACT-ENABLED INVERSE FEEDFORWARD + FROZEN BASELINE PD GAINS,"PRELIMINARY - NUMERICAL HIP-REDUCTION SUCCESSOR ONLY - NOT APPROVED FOR CONNECTION, POWERED TESTING, MOTION, WALKING, OR ENERGIZATION"
WS-L01,9.380,R SINGLE,R,0.899549,0.111995,0.000000,238.055931,NONE,0.000005665,67.408466,2.451878,50 HZ CONTACT-ENABLED INVERSE FEEDFORWARD + FROZEN BASELINE PD GAINS,"PRELIMINARY - NUMERICAL HIP-REDUCTION SUCCESSOR ONLY - NOT APPROVED FOR CONNECTION, POWERED TESTING, MOTION, WALKING, OR ENERGIZATION"
WS-L01,9.400,R SINGLE,R,0.905226,0.117057,0.000000,239.979990,NONE,0.000001837,71.505684,1.337324,50 HZ CONTACT-ENABLED INVERSE FEEDFORWARD + FROZEN BASELINE PD GAINS,"PRELIMINARY - NUMERICAL HIP-REDUCTION SUCCESSOR ONLY - NOT APPROVED FOR CONNECTION, POWERED TESTING, MOTION, WALKING, OR ENERGIZATION"
WS-L01,9.420,R SINGLE,R,0.912078,0.122906,0.000000,237.941810,NONE,0.000005109,68.465739,2.463539,50 HZ CONTACT-ENABLED INVERSE FEEDFORWARD + FROZEN BASELINE PD GAINS,"PRELIMINARY - NUMERICAL HIP-REDUCTION SUCCESSOR ONLY - NOT APPROVED FOR CONNECTION, POWERED TESTING, MOTION, WALKING, OR ENERGIZATION"
WS-L01,9.440,R SINGLE,R,0.917771,0.128192,0.000000,239.913432,NONE,0.000001190,72.687507,1.367694,50 HZ CONTACT-ENABLED INVERSE FEEDFORWARD + FROZEN BASELINE PD GAINS,"PRELIMINARY - NUMERICAL HIP-REDUCTION SUCCESSOR ONLY - NOT APPROVED FOR CONNECTION, POWERED TESTING, MOTION, WALKING, OR ENERGIZATION"
WS-L01,9.460,R SINGLE,R,0.926721,0.134247,0.000000,237.805434,NONE,0.000004447,69.606407,2.504499,50 HZ CONTACT-ENABLED INVERSE FEEDFORWARD + FROZEN BASELINE PD GAINS,"PRELIMINARY - NUMERICAL HIP-REDUCTION SUCCESSOR ONLY - NOT APPROVED FOR CONNECTION, POWERED TESTING, MOTION, WALKING, OR ENERGIZATION"
WS-L01,9.480,R SINGLE,R,0.933883,0.139726,0.000000,239.853917,NONE,0.000000453,73.928036,1.416136,50 HZ CONTACT-ENABLED INVERSE FEEDFORWARD + FROZEN BASELINE PD GAINS,"PRELIMINARY - NUMERICAL HIP-REDUCTION SUCCESSOR ONLY - NOT APPROVED FOR CONNECTION, POWERED TESTING, MOTION, WALKING, OR ENERGIZATION"
WS-L01,9.500,R SINGLE,R,0.938223,0.145975,0.000000,237.699846,NONE,0.000003770,70.657933,2.521204,50 HZ CONTACT-ENABLED INVERSE FEEDFORWARD + FROZEN BASELINE PD GAINS,"PRELIMINARY - NUMERICAL HIP-REDUCTION SUCCESSOR ONLY - NOT APPROVED FOR CONNECTION, POWERED TESTING, MOTION, WALKING, OR ENERGIZATION"
WS-L01,9.520,R SINGLE,R,0.943721,0.151579,0.000000,239.796347,NONE,-0.000000308,75.221428,1.462576,50 HZ CONTACT-ENABLED INVERSE FEEDFORWARD + FROZEN BASELINE PD GAINS,"PRELIMINARY - NUMERICAL HIP-REDUCTION SUCCESSOR ONLY - NOT APPROVED FOR CONNECTION, POWERED TESTING, MOTION, WALKING, OR ENERGIZATION"
WS-L01,9.540,R SINGLE,R,0.952709,0.157995,0.000000,237.522700,NONE,0.000003088,71.950504,2.614266,50 HZ CONTACT-ENABLED INVERSE FEEDFORWARD + FROZEN BASELINE PD GAINS,"PRELIMINARY - NUMERICAL HIP-REDUCTION SUCCESSOR ONLY - NOT APPROVED FOR CONNECTION, POWERED TESTING, MOTION, WALKING, OR ENERGIZATION"
WS-L01,9.560,R SINGLE,R,0.959927,0.163759,0.000000,239.701479,NONE,-0.000001081,76.600901,1.482342,50 HZ CONTACT-ENABLED INVERSE FEEDFORWARD + FROZEN BASELINE PD GAINS,"PRELIMINARY - NUMERICAL HIP-REDUCTION SUCCESSOR ONLY - NOT APPROVED FOR CONNECTION, POWERED TESTING, MOTION, WALKING, OR ENERGIZATION"
WS-L01,9.580,R SINGLE,R,0.966389,0.170295,0.000000,237.373347,NONE,0.000002462,73.118316,2.664641,50 HZ CONTACT-ENABLED INVERSE FEEDFORWARD + FROZEN BASELINE PD GAINS,"PRELIMINARY - NUMERICAL HIP-REDUCTION SUCCESSOR ONLY - NOT APPROVED FOR CONNECTION, POWERED TESTING, MOTION, WALKING, OR ENERGIZATION"
WS-L01,9.600,R SINGLE,R,0.972474,0.176129,0.000000,239.560948,NONE,-0.000001751,77.947637,1.529306,50 HZ CONTACT-ENABLED INVERSE FEEDFORWARD + FROZEN BASELINE PD GAINS,"PRELIMINARY - NUMERICAL HIP-REDUCTION SUCCESSOR ONLY - NOT APPROVED FOR CONNECTION, POWERED TESTING, MOTION, WALKING, OR ENERGIZATION"
WS-L01,9.620,R SINGLE,R,0.977192,0.182785,0.000000,237.154779,NONE,0.000002033,74.352219,2.735844,50 HZ CONTACT-ENABLED INVERSE FEEDFORWARD + FROZEN BASELINE PD GAINS,"PRELIMINARY - NUMERICAL HIP-REDUCTION SUCCESSOR ONLY - NOT APPROVED FOR CONNECTION, POWERED TESTING, MOTION, WALKING, OR ENERGIZATION"
WS-L01,9.640,R SINGLE,R,0.982261,0.188674,0.000000,239.359669,NONE,-0.000002179,79.357024,1.580907,50 HZ CONTACT-ENABLED INVERSE FEEDFORWARD + FROZEN BASELINE PD GAINS,"PRELIMINARY - NUMERICAL HIP-REDUCTION SUCCESSOR ONLY - NOT APPROVED FOR CONNECTION, POWERED TESTING, MOTION, WALKING, OR ENERGIZATION"
WS-L01,9.660,R SINGLE,R,0.983428,0.195413,0.000000,236.882724,NONE,0.000001888,75.610242,2.814763,50 HZ CONTACT-ENABLED INVERSE FEEDFORWARD + FROZEN BASELINE PD GAINS,"PRELIMINARY - NUMERICAL HIP-REDUCTION SUCCESSOR ONLY - NOT APPROVED FOR CONNECTION, POWERED TESTING, MOTION, WALKING, OR ENERGIZATION"
WS-L01,9.680,R SINGLE,R,0.985342,0.201318,0.000000,239.103168,NONE,-0.000002331,80.781966,1.609387,50 HZ CONTACT-ENABLED INVERSE FEEDFORWARD + FROZEN BASELINE PD GAINS,"PRELIMINARY - NUMERICAL HIP-REDUCTION SUCCESSOR ONLY - NOT APPROVED FOR CONNECTION, POWERED TESTING, MOTION, WALKING, OR ENERGIZATION"
WS-L01,9.700,R SINGLE,R,0.985880,0.208102,0.000000,236.542023,NONE,0.000002025,76.922887,2.915290,50 HZ CONTACT-ENABLED INVERSE FEEDFORWARD + FROZEN BASELINE PD GAINS,"PRELIMINARY - NUMERICAL HIP-REDUCTION SUCCESSOR ONLY - NOT APPROVED FOR CONNECTION, POWERED TESTING, MOTION, WALKING, OR ENERGIZATION"
WS-L01,9.720,R SINGLE,R,0.989316,0.214000,0.000000,238.806345,NONE,-0.000002194,82.217097,1.659548,50 HZ CONTACT-ENABLED INVERSE FEEDFORWARD + FROZEN BASELINE PD GAINS,"PRELIMINARY - NUMERICAL HIP-REDUCTION SUCCESSOR ONLY - NOT APPROVED FOR CONNECTION, POWERED TESTING, MOTION, WALKING, OR ENERGIZATION"
WS-L01,9.740,R SINGLE,R,0.984209,0.220810,0.000000,236.193402,NONE,0.000002456,78.192701,2.996320,50 HZ CONTACT-ENABLED INVERSE FEEDFORWARD + FROZEN BASELINE PD GAINS,"PRELIMINARY - NUMERICAL HIP-REDUCTION SUCCESSOR ONLY - NOT APPROVED FOR CONNECTION, POWERED TESTING, MOTION, WALKING, OR ENERGIZATION"
WS-L01,9.760,R SINGLE,R,0.973530,0.227118,0.000000,237.538155,NONE,0.000002847,89.302462,3.979482,50 HZ CONTACT-ENABLED INVERSE FEEDFORWARD + FROZEN BASELINE PD GAINS,"PRELIMINARY - NUMERICAL HIP-REDUCTION SUCCESSOR ONLY - NOT APPROVED FOR CONNECTION, POWERED TESTING, MOTION, WALKING, OR ENERGIZATION"
WS-L01,9.780,R SINGLE,R,0.956577,0.233557,0.000000,236.706708,NONE,0.000000566,86.497465,1.545710,50 HZ CONTACT-ENABLED INVERSE FEEDFORWARD + FROZEN BASELINE PD GAINS,"PRELIMINARY - NUMERICAL HIP-REDUCTION SUCCESSOR ONLY - NOT APPROVED FOR CONNECTION, POWERED TESTING, MOTION, WALKING, OR ENERGIZATION"
WS-L01,9.800,R SINGLE,R,0.928488,0.240206,0.000000,237.347850,NONE,0.000002303,92.678247,4.800600,50 HZ CONTACT-ENABLED INVERSE FEEDFORWARD + FROZEN BASELINE PD GAINS,"PRELIMINARY - NUMERICAL HIP-REDUCTION SUCCESSOR ONLY - NOT APPROVED FOR CONNECTION, POWERED TESTING, MOTION, WALKING, OR ENERGIZATION"
WS-L01,9.820,R SINGLE,R,0.886727,0.246131,0.000000,236.300466,NONE,0.000003118,87.801739,1.567672,50 HZ CONTACT-ENABLED INVERSE FEEDFORWARD + FROZEN BASELINE PD GAINS,"PRELIMINARY - NUMERICAL HIP-REDUCTION SUCCESSOR ONLY - NOT APPROVED FOR CONNECTION, POWERED TESTING, MOTION, WALKING, OR ENERGIZATION"
WS-L01,9.840,R SINGLE,R,0.832412,0.252014,0.000000,227.757079,NONE,0.000004050,81.785575,4.636338,50 HZ CONTACT-ENABLED INVERSE FEEDFORWARD + FROZEN BASELINE PD GAINS,"PRELIMINARY - NUMERICAL HIP-REDUCTION SUCCESSOR ONLY - NOT APPROVED FOR CONNECTION, POWERED TESTING, MOTION, WALKING, OR ENERGIZATION"
WS-L01,9.860,R SINGLE,R,0.765740,0.258181,0.000000,232.816174,NONE,0.000002185,105.975935,7.858620,50 HZ CONTACT-ENABLED INVERSE FEEDFORWARD + FROZEN BASELINE PD GAINS,"PRELIMINARY - NUMERICAL HIP-REDUCTION SUCCESSOR ONLY - NOT APPROVED FOR CONNECTION, POWERED TESTING, MOTION, WALKING, OR ENERGIZATION"
WS-L01,9.880,R SINGLE,R,0.639166,0.264399,0.000000,227.129131,NONE,0.000007552,82.408955,4.630798,50 HZ CONTACT-ENABLED INVERSE FEEDFORWARD + FROZEN BASELINE PD GAINS,"PRELIMINARY - NUMERICAL HIP-REDUCTION SUCCESSOR ONLY - NOT APPROVED FOR CONNECTION, POWERED TESTING, MOTION, WALKING, OR ENERGIZATION"
WS-L01,9.900,R SINGLE,R,0.509962,0.270652,0.000000,232.673047,NONE,0.000006278,107.315375,7.929937,50 HZ CONTACT-ENABLED INVERSE FEEDFORWARD + FROZEN BASELINE PD GAINS,"PRELIMINARY - NUMERICAL HIP-REDUCTION SUCCESSOR ONLY - NOT APPROVED FOR CONNECTION, POWERED TESTING, MOTION, WALKING, OR ENERGIZATION"
WS-L01,9.920,R SINGLE,R,0.362648,0.276398,0.000000,227.235177,NONE,0.000008842,83.647155,4.701525,50 HZ CONTACT-ENABLED INVERSE FEEDFORWARD + FROZEN BASELINE PD GAINS,"PRELIMINARY - NUMERICAL HIP-REDUCTION SUCCESSOR ONLY - NOT APPROVED FOR CONNECTION, POWERED TESTING, MOTION, WALKING, OR ENERGIZATION"
WS-L01,9.940,R SINGLE,R,0.270145,0.281790,0.000000,234.168155,NONE,0.000008309,83.955760,2.885873,50 HZ CONTACT-ENABLED INVERSE FEEDFORWARD + FROZEN BASELINE PD GAINS,"PRELIMINARY - NUMERICAL HIP-REDUCTION SUCCESSOR ONLY - NOT APPROVED FOR CONNECTION, POWERED TESTING, MOTION, WALKING, OR ENERGIZATION"
WS-L01,9.960,R SINGLE,R,0.330302,0.287244,0.000000,235.582311,NONE,0.000005563,92.297220,3.197807,50 HZ CONTACT-ENABLED INVERSE FEEDFORWARD + FROZEN BASELINE PD GAINS,"PRELIMINARY - NUMERICAL HIP-REDUCTION SUCCESSOR ONLY - NOT APPROVED FOR CONNECTION, POWERED TESTING, MOTION, WALKING, OR ENERGIZATION"
WS-L01,9.980,R SINGLE,R,0.448603,0.293783,0.000000,234.654471,NONE,0.000008255,92.446541,1.743530,50 HZ CONTACT-ENABLED INVERSE FEEDFORWARD + FROZEN BASELINE PD GAINS,"PRELIMINARY - NUMERICAL HIP-REDUCTION SUCCESSOR ONLY - NOT APPROVED FOR CONNECTION, POWERED TESTING, MOTION, WALKING, OR ENERGIZATION"
WS-L01,10.000,R SINGLE,R,0.427170,0.300521,0.000000,225.677134,NONE,0.000010087,85.440619,4.819089,50 HZ CONTACT-ENABLED INVERSE FEEDFORWARD + FROZEN BASELINE PD GAINS,"PRELIMINARY - NUMERICAL HIP-REDUCTION SUCCESSOR ONLY - NOT APPROVED FOR CONNECTION, POWERED TESTING, MOTION, WALKING, OR ENERGIZATION"
WS-L01,10.020,R SINGLE,L+R,0.543602,0.303184,6.110410,231.333900,NONE,0.000010618,112.006967,9.040951,50 HZ CONTACT-ENABLED INVERSE FEEDFORWARD + FROZEN BASELINE PD GAINS,"PRELIMINARY - NUMERICAL HIP-REDUCTION SUCCESSOR ONLY - NOT APPROVED FOR CONNECTION, POWERED TESTING, MOTION, WALKING, OR ENERGIZATION"
WS-L01,10.040,R SINGLE,R,0.450183,0.306970,0.000000,227.405305,NONE,0.000009714,93.589933,2.813838,50 HZ CONTACT-ENABLED INVERSE FEEDFORWARD + FROZEN BASELINE PD GAINS,"PRELIMINARY - NUMERICAL HIP-REDUCTION SUCCESSOR ONLY - NOT APPROVED FOR CONNECTION, POWERED TESTING, MOTION, WALKING, OR ENERGIZATION"
WS-L01,10.060,R SINGLE,L+R,0.366352,0.322210,53.030709,237.465628,NONE,0.000010591,100.892938,8.183854,50 HZ CONTACT-ENABLED INVERSE FEEDFORWARD + FROZEN BASELINE PD GAINS,"PRELIMINARY - NUMERICAL HIP-REDUCTION SUCCESSOR ONLY - NOT APPROVED FOR CONNECTION, POWERED TESTING, MOTION, WALKING, OR ENERGIZATION"
WS-L01,10.080,R SINGLE,L+R,0.275567,0.331020,131.188107,235.852030,NONE,0.000004379,90.630232,5.565915,50 HZ CONTACT-ENABLED INVERSE FEEDFORWARD + FROZEN BASELINE PD GAINS,"PRELIMINARY - NUMERICAL HIP-REDUCTION SUCCESSOR ONLY - NOT APPROVED FOR CONNECTION, POWERED TESTING, MOTION, WALKING, OR ENERGIZATION"
WS-L01,10.100,R SINGLE,L+R,0.390063,0.325916,184.221029,251.826192,NONE,-0.000015599,133.928872,14.761739,50 HZ CONTACT-ENABLED INVERSE FEEDFORWARD + FROZEN BASELINE PD GAINS,"PRELIMINARY - NUMERICAL HIP-REDUCTION SUCCESSOR ONLY - NOT APPROVED FOR CONNECTION, POWERED TESTING, MOTION, WALKING, OR ENERGIZATION"
WS-L01,10.120,R SINGLE,L+R,0.486704,0.330444,173.314038,253.475413,NONE,-0.000040197,96.234432,5.685441,50 HZ CONTACT-ENABLED INVERSE FEEDFORWARD + FROZEN BASELINE PD GAINS,"PRELIMINARY - NUMERICAL HIP-REDUCTION SUCCESSOR ONLY - NOT APPROVED FOR CONNECTION, POWERED TESTING, MOTION, WALKING, OR ENERGIZATION"
WS-L01,10.140,R SINGLE,L+R,0.570542,0.335187,165.171704,259.419396,NONE,-0.000064586,106.451847,6.946439,50 HZ CONTACT-ENABLED INVERSE FEEDFORWARD + FROZEN BASELINE PD GAINS,"PRELIMINARY - NUMERICAL HIP-REDUCTION SUCCESSOR ONLY - NOT APPROVED FOR CONNECTION, POWERED TESTING, MOTION, WALKING, OR ENERGIZATION"
WS-L01,10.160,R SINGLE,L+R,0.629087,0.339506,160.195088,259.188726,NONE,-0.000081856,107.824545,6.332950,50 HZ CONTACT-ENABLED INVERSE FEEDFORWARD + FROZEN BASELINE PD GAINS,"PRELIMINARY - NUMERICAL HIP-REDUCTION SUCCESSOR ONLY - NOT APPROVED FOR CONNECTION, POWERED TESTING, MOTION, WALKING, OR ENERGIZATION"
WS-L01,10.180,R SINGLE,L+R,0.671656,0.342113,153.042876,253.044147,NONE,-0.000094804,95.276318,5.291104,50 HZ CONTACT-ENABLED INVERSE FEEDFORWARD + FROZEN BASELINE PD GAINS,"PRELIMINARY - NUMERICAL HIP-REDUCTION SUCCESSOR ONLY - NOT APPROVED FOR CONNECTION, POWERED TESTING, MOTION, WALKING, OR ENERGIZATION"
WS-L01,10.200,R SINGLE,L+R,0.694210,0.346422,146.223444,259.490889,NONE,-0.000107091,126.412418,12.507015,50 HZ CONTACT-ENABLED INVERSE FEEDFORWARD + FROZEN BASELINE PD GAINS,"PRELIMINARY - NUMERICAL HIP-REDUCTION SUCCESSOR ONLY - NOT APPROVED FOR CONNECTION, POWERED TESTING, MOTION, WALKING, OR ENERGIZATION"
WS-L01,10.220,R SINGLE,L+R,0.704169,0.352008,142.003507,262.182959,NONE,-0.000118979,95.915903,4.296143,50 HZ CONTACT-ENABLED INVERSE FEEDFORWARD + FROZEN BASELINE PD GAINS,"PRELIMINARY - NUMERICAL HIP-REDUCTION SUCCESSOR ONLY - NOT APPROVED FOR CONNECTION, POWERED TESTING, MOTION, WALKING, OR ENERGIZATION"
WS-L01,10.240,R SINGLE,L+R,0.704744,0.357344,137.392240,265.434713,NONE,-0.000130096,108.610778,7.711680,50 HZ CONTACT-ENABLED INVERSE FEEDFORWARD + FROZEN BASELINE PD GAINS,"PRELIMINARY - NUMERICAL HIP-REDUCTION SUCCESSOR ONLY - NOT APPROVED FOR CONNECTION, POWERED TESTING, MOTION, WALKING, OR ENERGIZATION"
WS-L01,10.260,R SINGLE,L+R,0.698039,0.361299,136.068753,266.305557,NONE,-0.000140012,103.288348,4.472718,50 HZ CONTACT-ENABLED INVERSE FEEDFORWARD + FROZEN BASELINE PD GAINS,"PRELIMINARY - NUMERICAL HIP-REDUCTION SUCCESSOR ONLY - NOT APPROVED FOR CONNECTION, POWERED TESTING, MOTION, WALKING, OR ENERGIZATION"
WS-L01,10.280,R SINGLE,L+R,0.691030,0.364794,134.706059,259.497315,NONE,-0.000147703,96.019969,4.377923,50 HZ CONTACT-ENABLED INVERSE FEEDFORWARD + FROZEN BASELINE PD GAINS,"PRELIMINARY - NUMERICAL HIP-REDUCTION SUCCESSOR ONLY - NOT APPROVED FOR CONNECTION, POWERED TESTING, MOTION, WALKING, OR ENERGIZATION"
WS-L01,10.300,R SINGLE,L+R,0.677188,0.368509,134.131164,260.816937,NONE,-0.000159249,96.443347,4.385301,50 HZ CONTACT-ENABLED INVERSE FEEDFORWARD + FROZEN BASELINE PD GAINS,"PRELIMINARY - NUMERICAL HIP-REDUCTION SUCCESSOR ONLY - NOT APPROVED FOR CONNECTION, POWERED TESTING, MOTION, WALKING, OR ENERGIZATION"
WS-L01,10.320,R SINGLE,L+R,0.664734,0.371454,133.926103,266.104273,NONE,-0.000165079,118.357144,10.660455,50 HZ CONTACT-ENABLED INVERSE FEEDFORWARD + FROZEN BASELINE PD GAINS,"PRELIMINARY - NUMERICAL HIP-REDUCTION SUCCESSOR ONLY - NOT APPROVED FOR CONNECTION, POWERED TESTING, MOTION, WALKING, OR ENERGIZATION"
WS-L01,10.340,R SINGLE,L+R,0.653103,0.374847,135.303086,267.818596,NONE,-0.000169365,95.099386,3.325391,50 HZ CONTACT-ENABLED INVERSE FEEDFORWARD + FROZEN BASELINE PD GAINS,"PRELIMINARY - NUMERICAL HIP-REDUCTION SUCCESSOR ONLY - NOT APPROVED FOR CONNECTION, POWERED TESTING, MOTION, WALKING, OR ENERGIZATION"
WS-L01,10.360,R SINGLE,L+R,0.638799,0.378489,136.089626,271.261756,NONE,-0.000177230,100.947798,5.025089,50 HZ CONTACT-ENABLED INVERSE FEEDFORWARD + FROZEN BASELINE PD GAINS,"PRELIMINARY - NUMERICAL HIP-REDUCTION SUCCESSOR ONLY - NOT APPROVED FOR CONNECTION, POWERED TESTING, MOTION, WALKING, OR ENERGIZATION"
WS-L01,10.380,R SINGLE,L+R,0.627307,0.381501,136.730758,269.194206,NONE,-0.000178987,103.908782,5.983082,50 HZ CONTACT-ENABLED INVERSE FEEDFORWARD + FROZEN BASELINE PD GAINS,"PRELIMINARY - NUMERICAL HIP-REDUCTION SUCCESSOR ONLY - NOT APPROVED FOR CONNECTION, POWERED TESTING, MOTION, WALKING, OR ENERGIZATION"
WS-L01,10.400,R SINGLE,L+R,0.615794,0.384039,138.532116,269.232995,NONE,-0.000179921,99.579648,2.691854,50 HZ CONTACT-ENABLED INVERSE FEEDFORWARD + FROZEN BASELINE PD GAINS,"PRELIMINARY - NUMERICAL HIP-REDUCTION SUCCESSOR ONLY - NOT APPROVED FOR CONNECTION, POWERED TESTING, MOTION, WALKING, OR ENERGIZATION"
WS-L01,10.420,R SINGLE,L+R,0.608461,0.387084,139.912094,261.622490,NONE,-0.000177423,97.323328,4.408759,50 HZ CONTACT-ENABLED INVERSE FEEDFORWARD + FROZEN BASELINE PD GAINS,"PRELIMINARY - NUMERICAL HIP-REDUCTION SUCCESSOR ONLY - NOT APPROVED FOR CONNECTION, POWERED TESTING, MOTION, WALKING, OR ENERGIZATION"
WS-L01,10.440,R SINGLE,L+R,0.597402,0.390382,141.288748,261.632455,NONE,-0.000179135,97.690653,4.540262,50 HZ CONTACT-ENABLED INVERSE FEEDFORWARD + FROZEN BASELINE PD GAINS,"PRELIMINARY - NUMERICAL HIP-REDUCTION SUCCESSOR ONLY - NOT APPROVED FOR CONNECTION, POWERED TESTING, MOTION, WALKING, OR ENERGIZATION"
WS-L01,10.460,R SINGLE,L+R,0.589946,0.392729,142.079397,266.454601,NONE,-0.000176025,115.594707,10.021234,50 HZ CONTACT-ENABLED INVERSE FEEDFORWARD + FROZEN BASELINE PD GAINS,"PRELIMINARY - NUMERICAL HIP-REDUCTION SUCCESSOR ONLY - NOT APPROVED FOR CONNECTION, POWERED TESTING, MOTION, WALKING, OR ENERGIZATION"
WS-L01,10.480,R SINGLE,L+R,0.582350,0.395480,144.276020,269.024925,NONE,-0.000177061,94.775846,2.764242,50 HZ CONTACT-ENABLED INVERSE FEEDFORWARD + FROZEN BASELINE PD GAINS,"PRELIMINARY - NUMERICAL HIP-REDUCTION SUCCESSOR ONLY - NOT APPROVED FOR CONNECTION, POWERED TESTING, MOTION, WALKING, OR ENERGIZATION"
WS-L01,10.500,R SINGLE,L+R,0.576535,0.398030,145.330451,266.592035,NONE,-0.000174553,95.347937,3.430899,50 HZ CONTACT-ENABLED INVERSE FEEDFORWARD + FROZEN BASELINE PD GAINS,"PRELIMINARY - NUMERICAL HIP-REDUCTION SUCCESSOR ONLY - NOT APPROVED FOR CONNECTION, POWERED TESTING, MOTION, WALKING, OR ENERGIZATION"
WS-L01,10.520,R SINGLE,L+R,0.573293,0.399879,146.164534,267.946345,NONE,-0.000170904,102.239588,5.404529,50 HZ CONTACT-ENABLED INVERSE FEEDFORWARD + FROZEN BASELINE PD GAINS,"PRELIMINARY - NUMERICAL HIP-REDUCTION SUCCESSOR ONLY - NOT APPROVED FOR CONNECTION, POWERED TESTING, MOTION, WALKING, OR ENERGIZATION"
WS-L01,10.540,R SINGLE,L+R,0.568746,0.401810,147.150478,266.881765,NONE,-0.000165511,99.139342,2.519483,50 HZ CONTACT-ENABLED INVERSE FEEDFORWARD + FROZEN BASELINE PD GAINS,"PRELIMINARY - NUMERICAL HIP-REDUCTION SUCCESSOR ONLY - NOT APPROVED FOR CONNECTION, POWERED TESTING, MOTION, WALKING, OR ENERGIZATION"
WS-L01,10.560,R SINGLE,L+R,0.561350,0.404460,149.730415,265.996756,NONE,-0.000164947,97.340678,2.286636,50 HZ CONTACT-ENABLED INVERSE FEEDFORWARD + FROZEN BASELINE PD GAINS,"PRELIMINARY - NUMERICAL HIP-REDUCTION SUCCESSOR ONLY - NOT APPROVED FOR CONNECTION, POWERED TESTING, MOTION, WALKING, OR ENERGIZATION"
WS-L01,10.580,R SINGLE,L+R,0.543095,0.406101,151.454323,258.057478,NONE,-0.000157614,101.837920,5.921473,50 HZ CONTACT-ENABLED INVERSE FEEDFORWARD + FROZEN BASELINE PD GAINS,"PRELIMINARY - NUMERICAL HIP-REDUCTION SUCCESSOR ONLY - NOT APPROVED FOR CONNECTION, POWERED TESTING, MOTION, WALKING, OR ENERGIZATION"
WS-L01,10.600,R SINGLE,L+R,0.526382,0.407673,151.958415,264.434080,NONE,-0.000154796,109.622071,7.781613,50 HZ CONTACT-ENABLED INVERSE FEEDFORWARD + FROZEN BASELINE PD GAINS,"PRELIMINARY - NUMERICAL HIP-REDUCTION SUCCESSOR ONLY - NOT APPROVED FOR CONNECTION, POWERED TESTING, MOTION, WALKING, OR ENERGIZATION"
WS-L01,10.620,R SINGLE,L+R,0.511659,0.409669,152.703047,261.977205,NONE,-0.000151756,110.731343,7.897009,50 HZ CONTACT-ENABLED INVERSE FEEDFORWARD + FROZEN BASELINE PD GAINS,"PRELIMINARY - NUMERICAL HIP-REDUCTION SUCCESSOR ONLY - NOT APPROVED FOR CONNECTION, POWERED TESTING, MOTION, WALKING, OR ENERGIZATION"
WS-L01,10.640,R SINGLE,L+R,0.496783,0.411228,152.176754,263.475877,NONE,-0.000146703,94.405216,3.077680,50 HZ CONTACT-ENABLED INVERSE FEEDFORWARD + FROZEN BASELINE PD GAINS,"PRELIMINARY - NUMERICAL HIP-REDUCTION SUCCESSOR ONLY - NOT APPROVED FOR CONNECTION, POWERED TESTING, MOTION, WALKING, OR ENERGIZATION"
WS-L01,10.660,R SINGLE,L+R,0.488536,0.413365,152.647088,265.931695,NONE,-0.000145754,100.313593,5.327873,50 HZ CONTACT-ENABLED INVERSE FEEDFORWARD + FROZEN BASELINE PD GAINS,"PRELIMINARY - NUMERICAL HIP-REDUCTION SUCCESSOR ONLY - NOT APPROVED FOR CONNECTION, POWERED TESTING, MOTION, WALKING, OR ENERGIZATION"
WS-L01,10.680,R SINGLE,L+R,0.483084,0.414850,153.188374,263.372593,NONE,-0.000140116,103.712681,6.471940,50 HZ CONTACT-ENABLED INVERSE FEEDFORWARD + FROZEN BASELINE PD GAINS,"PRELIMINARY - NUMERICAL HIP-REDUCTION SUCCESSOR ONLY - NOT APPROVED FOR CONNECTION, POWERED TESTING, MOTION, WALKING, OR ENERGIZATION"
WS-L01,10.700,R SINGLE,L+R,0.487725,0.415837,155.230153,262.716043,NONE,-0.000135219,98.052535,1.659323,50 HZ CONTACT-ENABLED INVERSE FEEDFORWARD + FROZEN BASELINE PD GAINS,"PRELIMINARY - NUMERICAL HIP-REDUCTION SUCCESSOR ONLY - NOT APPROVED FOR CONNECTION, POWERED TESTING, MOTION, WALKING, OR ENERGIZATION"
WS-L01,10.720,DOUBLE,L+R,0.484353,0.418100,155.902473,261.965588,NONE,-0.000134113,97.687562,1.257095,50 HZ CONTACT-ENABLED INVERSE FEEDFORWARD + FROZEN BASELINE PD GAINS,"PRELIMINARY - NUMERICAL HIP-REDUCTION SUCCESSOR ONLY - NOT APPROVED FOR CONNECTION, POWERED TESTING, MOTION, WALKING, OR ENERGIZATION"
WS-R01,0.000,DOUBLE,L+R,0.241853,0.000087,187.274959,185.808852,NONE,0.000169062,97.535031,2.527118,50 HZ CONTACT-ENABLED INVERSE FEEDFORWARD + FROZEN BASELINE PD GAINS,"PRELIMINARY - NUMERICAL HIP-REDUCTION SUCCESSOR ONLY - NOT APPROVED FOR CONNECTION, POWERED TESTING, MOTION, WALKING, OR ENERGIZATION"
WS-R01,0.020,DOUBLE,L+R,0.262302,0.000166,180.313236,188.037432,NONE,0.000169443,97.993789,3.044704,50 HZ CONTACT-ENABLED INVERSE FEEDFORWARD + FROZEN BASELINE PD GAINS,"PRELIMINARY - NUMERICAL HIP-REDUCTION SUCCESSOR ONLY - NOT APPROVED FOR CONNECTION, POWERED TESTING, MOTION, WALKING, OR ENERGIZATION"
WS-R01,0.040,DOUBLE,L+R,0.227490,0.000324,185.239807,189.342745,NONE,0.000169805,103.281450,6.059859,50 HZ CONTACT-ENABLED INVERSE FEEDFORWARD + FROZEN BASELINE PD GAINS,"PRELIMINARY - NUMERICAL HIP-REDUCTION SUCCESSOR ONLY - NOT APPROVED FOR CONNECTION, POWERED TESTING, MOTION, WALKING, OR ENERGIZATION"
WS-R01,0.060,DOUBLE,L+R,0.232045,0.000202,186.367206,188.284282,NONE,0.000170442,96.761611,2.491549,50 HZ CONTACT-ENABLED INVERSE FEEDFORWARD + FROZEN BASELINE PD GAINS,"PRELIMINARY - NUMERICAL HIP-REDUCTION SUCCESSOR ONLY - NOT APPROVED FOR CONNECTION, POWERED TESTING, MOTION, WALKING, OR ENERGIZATION"
WS-R01,0.080,DOUBLE,L+R,0.240415,0.000030,187.653532,188.392501,NONE,0.000176161,97.786982,0.232138,50 HZ CONTACT-ENABLED INVERSE FEEDFORWARD + FROZEN BASELINE PD GAINS,"PRELIMINARY - NUMERICAL HIP-REDUCTION SUCCESSOR ONLY - NOT APPROVED FOR CONNECTION, POWERED TESTING, MOTION, WALKING, OR ENERGIZATION"
WS-R01,0.100,DOUBLE,L+R,0.245516,0.000034,184.596569,185.362326,NONE,0.000172739,104.311243,6.295326,50 HZ CONTACT-ENABLED INVERSE FEEDFORWARD + FROZEN BASELINE PD GAINS,"PRELIMINARY - NUMERICAL HIP-REDUCTION SUCCESSOR ONLY - NOT APPROVED FOR CONNECTION, POWERED TESTING, MOTION, WALKING, OR ENERGIZATION"
WS-R01,0.120,DOUBLE,L+R,0.248277,0.000065,187.362881,188.099141,NONE,0.000181100,98.177157,0.124232,50 HZ CONTACT-ENABLED INVERSE FEEDFORWARD + FROZEN BASELINE PD GAINS,"PRELIMINARY - NUMERICAL HIP-REDUCTION SUCCESSOR ONLY - NOT APPROVED FOR CONNECTION, POWERED TESTING, MOTION, WALKING, OR ENERGIZATION"
WS-R01,0.140,DOUBLE,L+R,0.234013,0.000060,185.766342,186.541872,NONE,0.000185000,118.002727,11.537679,50 HZ CONTACT-ENABLED INVERSE FEEDFORWARD + FROZEN BASELINE PD GAINS,"PRELIMINARY - NUMERICAL HIP-REDUCTION SUCCESSOR ONLY - NOT APPROVED FOR CONNECTION, POWERED TESTING, MOTION, WALKING, OR ENERGIZATION"
WS-R01,0.160,DOUBLE,L+R,0.293508,0.000059,177.936726,178.672924,NONE,0.000190582,116.019670,8.259017,50 HZ CONTACT-ENABLED INVERSE FEEDFORWARD + FROZEN BASELINE PD GAINS,"PRELIMINARY - NUMERICAL HIP-REDUCTION SUCCESSOR ONLY - NOT APPROVED FOR CONNECTION, POWERED TESTING, MOTION, WALKING, OR ENERGIZATION"
WS-R01,0.180,DOUBLE,L+R,0.326643,0.000036,180.663647,181.403807,NONE,0.000202453,110.725979,7.989753,50 HZ CONTACT-ENABLED INVERSE FEEDFORWARD + FROZEN BASELINE PD GAINS,"PRELIMINARY - NUMERICAL HIP-REDUCTION SUCCESSOR ONLY - NOT APPROVED FOR CONNECTION, POWERED TESTING, MOTION, WALKING, OR ENERGIZATION"
WS-R01,0.200,DOUBLE,L+R,0.352318,0.000037,180.401380,181.141271,NONE,0.000196001,111.101279,8.073981,50 HZ CONTACT-ENABLED INVERSE FEEDFORWARD + FROZEN BASELINE PD GAINS,"PRELIMINARY - NUMERICAL HIP-REDUCTION SUCCESSOR ONLY - NOT APPROVED FOR CONNECTION, POWERED TESTING, MOTION, WALKING, OR ENERGIZATION"
WS-R01,0.220,DOUBLE,L+R,0.391858,0.000035,179.419572,180.158183,NONE,0.000192918,111.331764,8.159368,50 HZ CONTACT-ENABLED INVERSE FEEDFORWARD + FROZEN BASELINE PD GAINS,"PRELIMINARY - NUMERICAL HIP-REDUCTION SUCCESSOR ONLY - NOT APPROVED FOR CONNECTION, POWERED TESTING, MOTION, WALKING, OR ENERGIZATION"
WS-R01,0.240,DOUBLE,L+R,0.426504,0.000039,177.838557,178.574476,NONE,0.000191077,111.476638,8.248276,50 HZ CONTACT-ENABLED INVERSE FEEDFORWARD + FROZEN BASELINE PD GAINS,"PRELIMINARY - NUMERICAL HIP-REDUCTION SUCCESSOR ONLY - NOT APPROVED FOR CONNECTION, POWERED TESTING, MOTION, WALKING, OR ENERGIZATION"
WS-R01,0.260,DOUBLE,L+R,0.452409,0.000046,175.699123,176.430955,NONE,0.000189564,111.572594,8.343605,50 HZ CONTACT-ENABLED INVERSE FEEDFORWARD + FROZEN BASELINE PD GAINS,"PRELIMINARY - NUMERICAL HIP-REDUCTION SUCCESSOR ONLY - NOT APPROVED FOR CONNECTION, POWERED TESTING, MOTION, WALKING, OR ENERGIZATION"
WS-R01,0.280,DOUBLE,L+R,0.472472,0.000055,173.021125,173.747496,NONE,0.000188067,111.634256,8.445831,50 HZ CONTACT-ENABLED INVERSE FEEDFORWARD + FROZEN BASELINE PD GAINS,"PRELIMINARY - NUMERICAL HIP-REDUCTION SUCCESSOR ONLY - NOT APPROVED FOR CONNECTION, POWERED TESTING, MOTION, WALKING, OR ENERGIZATION"
WS-R01,0.300,DOUBLE,L+R,0.488648,0.000064,169.815569,170.535100,NONE,0.000186500,111.664387,8.553975,50 HZ CONTACT-ENABLED INVERSE FEEDFORWARD + FROZEN BASELINE PD GAINS,"PRELIMINARY - NUMERICAL HIP-REDUCTION SUCCESSOR ONLY - NOT APPROVED FOR CONNECTION, POWERED TESTING, MOTION, WALKING, OR ENERGIZATION"
WS-R01,0.320,DOUBLE,L+R,0.502225,0.000076,166.086601,166.797896,NONE,0.000184854,111.660731,8.666498,50 HZ CONTACT-ENABLED INVERSE FEEDFORWARD + FROZEN BASELINE PD GAINS,"PRELIMINARY - NUMERICAL HIP-REDUCTION SUCCESSOR ONLY - NOT APPROVED FOR CONNECTION, POWERED TESTING, MOTION, WALKING, OR ENERGIZATION"
WS-R01,0.340,DOUBLE,L+R,0.514025,0.000088,161.835080,162.536723,NONE,0.000183143,111.618948,8.781681,50 HZ CONTACT-ENABLED INVERSE FEEDFORWARD + FROZEN BASELINE PD GAINS,"PRELIMINARY - NUMERICAL HIP-REDUCTION SUCCESSOR ONLY - NOT APPROVED FOR CONNECTION, POWERED TESTING, MOTION, WALKING, OR ENERGIZATION"
WS-R01,0.360,DOUBLE,L+R,0.524549,0.000102,157.059274,157.749824,NONE,0.000181389,111.533689,8.897681,50 HZ CONTACT-ENABLED INVERSE FEEDFORWARD + FROZEN BASELINE PD GAINS,"PRELIMINARY - NUMERICAL HIP-REDUCTION SUCCESSOR ONLY - NOT APPROVED FOR CONNECTION, POWERED TESTING, MOTION, WALKING, OR ENERGIZATION"
WS-R01,0.380,DOUBLE,L+R,0.534074,0.000118,151.761098,152.439104,NONE,0.000179618,111.398788,9.012524,50 HZ CONTACT-ENABLED INVERSE FEEDFORWARD + FROZEN BASELINE PD GAINS,"PRELIMINARY - NUMERICAL HIP-REDUCTION SUCCESSOR ONLY - NOT APPROVED FOR CONNECTION, POWERED TESTING, MOTION, WALKING, OR ENERGIZATION"
WS-R01,0.400,DOUBLE,L+R,0.542718,0.000135,145.944443,146.608456,NONE,0.000177859,111.208175,9.124211,50 HZ CONTACT-ENABLED INVERSE FEEDFORWARD + FROZEN BASELINE PD GAINS,"PRELIMINARY - NUMERICAL HIP-REDUCTION SUCCESSOR ONLY - NOT APPROVED FOR CONNECTION, POWERED TESTING, MOTION, WALKING, OR ENERGIZATION"
WS-R01,0.420,DOUBLE,L+R,0.550491,0.000153,139.619333,140.267930,NONE,0.000176142,110.955430,9.230620,50 HZ CONTACT-ENABLED INVERSE FEEDFORWARD + FROZEN BASELINE PD GAINS,"PRELIMINARY - NUMERICAL HIP-REDUCTION SUCCESSOR ONLY - NOT APPROVED FOR CONNECTION, POWERED TESTING, MOTION, WALKING, OR ENERGIZATION"
WS-R01,0.440,DOUBLE,L+R,0.557324,0.000173,132.803004,133.434823,NONE,0.000174503,110.634341,9.329576,50 HZ CONTACT-ENABLED INVERSE FEEDFORWARD + FROZEN BASELINE PD GAINS,"PRELIMINARY - NUMERICAL HIP-REDUCTION SUCCESSOR ONLY - NOT APPROVED FOR CONNECTION, POWERED TESTING, MOTION, WALKING, OR ENERGIZATION"
WS-R01,0.460,DOUBLE,L+R,0.563097,0.000193,125.520889,126.134657,NONE,0.000172980,110.239177,9.418908,50 HZ CONTACT-ENABLED INVERSE FEEDFORWARD + FROZEN BASELINE PD GAINS,"PRELIMINARY - NUMERICAL HIP-REDUCTION SUCCESSOR ONLY - NOT APPROVED FOR CONNECTION, POWERED TESTING, MOTION, WALKING, OR ENERGIZATION"
WS-R01,0.480,DOUBLE,L+R,0.567654,0.000215,117.807115,118.401687,NONE,0.000171614,109.764967,9.496501,50 HZ CONTACT-ENABLED INVERSE FEEDFORWARD + FROZEN BASELINE PD GAINS,"PRELIMINARY - NUMERICAL HIP-REDUCTION SUCCESSOR ONLY - NOT APPROVED FOR CONNECTION, POWERED TESTING, MOTION, WALKING, OR ENERGIZATION"
WS-R01,0.500,DOUBLE,L+R,0.570822,0.000239,109.704437,110.278836,NONE,0.000170450,109.207781,9.560351,50 HZ CONTACT-ENABLED INVERSE FEEDFORWARD + FROZEN BASELINE PD GAINS,"PRELIMINARY - NUMERICAL HIP-REDUCTION SUCCESSOR ONLY - NOT APPROVED FOR CONNECTION, POWERED TESTING, MOTION, WALKING, OR ENERGIZATION"
WS-R01,0.520,DOUBLE,L+R,0.572423,0.000262,101.265840,101.819290,NONE,0.000169536,108.564842,9.608588,50 HZ CONTACT-ENABLED INVERSE FEEDFORWARD + FROZEN BASELINE PD GAINS,"PRELIMINARY - NUMERICAL HIP-REDUCTION SUCCESSOR ONLY - NOT APPROVED FOR CONNECTION, POWERED TESTING, MOTION, WALKING, OR ENERGIZATION"
WS-R01,0.540,DOUBLE,L+R,0.572282,0.000287,92.552208,93.084164,NONE,0.000168923,107.835177,9.639625,50 HZ CONTACT-ENABLED INVERSE FEEDFORWARD + FROZEN BASELINE PD GAINS,"PRELIMINARY - NUMERICAL HIP-REDUCTION SUCCESSOR ONLY - NOT APPROVED FOR CONNECTION, POWERED TESTING, MOTION, WALKING, OR ENERGIZATION"
WS-R01,0.560,DOUBLE,L+R,0.570244,0.000312,83.632250,84.142422,NONE,0.000168659,107.019544,9.652158,50 HZ CONTACT-ENABLED INVERSE FEEDFORWARD + FROZEN BASELINE PD GAINS,"PRELIMINARY - NUMERICAL HIP-REDUCTION SUCCESSOR ONLY - NOT APPROVED FOR CONNECTION, POWERED TESTING, MOTION, WALKING, OR ENERGIZATION"
WS-R01,0.580,DOUBLE,L+R,0.566179,0.000337,74.580811,75.069181,NONE,0.000168795,106.120788,9.645264,50 HZ CONTACT-ENABLED INVERSE FEEDFORWARD + FROZEN BASELINE PD GAINS,"PRELIMINARY - NUMERICAL HIP-REDUCTION SUCCESSOR ONLY - NOT APPROVED FOR CONNECTION, POWERED TESTING, MOTION, WALKING, OR ENERGIZATION"
WS-R01,0.600,DOUBLE,L+R,0.559992,0.000362,65.476971,65.943796,NONE,0.000169375,105.143839,9.618419,50 HZ CONTACT-ENABLED INVERSE FEEDFORWARD + FROZEN BASELINE PD GAINS,"PRELIMINARY - NUMERICAL HIP-REDUCTION SUCCESSOR ONLY - NOT APPROVED FOR CONNECTION, POWERED TESTING, MOTION, WALKING, OR ENERGIZATION"
WS-R01,0.620,DOUBLE,L+R,0.551629,0.000387,56.401858,56.847658,NONE,0.000170439,104.095797,9.571558,50 HZ CONTACT-ENABLED INVERSE FEEDFORWARD + FROZEN BASELINE PD GAINS,"PRELIMINARY - NUMERICAL HIP-REDUCTION SUCCESSOR ONLY - NOT APPROVED FOR CONNECTION, POWERED TESTING, MOTION, WALKING, OR ENERGIZATION"
WS-R01,0.640,DOUBLE,L+R,0.541082,0.000412,47.436215,47.861762,NONE,0.000172019,102.985711,9.505055,50 HZ CONTACT-ENABLED INVERSE FEEDFORWARD + FROZEN BASELINE PD GAINS,"PRELIMINARY - NUMERICAL HIP-REDUCTION SUCCESSOR ONLY - NOT APPROVED FOR CONNECTION, POWERED TESTING, MOTION, WALKING, OR ENERGIZATION"
WS-R01,0.660,DOUBLE,L+R,0.528419,0.000442,39.428280,39.795009,NONE,0.000174283,101.903520,9.415879,50 HZ CONTACT-ENABLED INVERSE FEEDFORWARD + FROZEN BASELINE PD GAINS,"PRELIMINARY - NUMERICAL HIP-REDUCTION SUCCESSOR ONLY - NOT APPROVED FOR CONNECTION, POWERED TESTING, MOTION, WALKING, OR ENERGIZATION"
WS-R01,0.680,DOUBLE,L+R,0.513808,0.000466,33.236448,33.476615,NONE,0.000178501,100.970129,9.331501,50 HZ CONTACT-ENABLED INVERSE FEEDFORWARD + FROZEN BASELINE PD GAINS,"PRELIMINARY - NUMERICAL HIP-REDUCTION SUCCESSOR ONLY - NOT APPROVED FOR CONNECTION, POWERED TESTING, MOTION, WALKING, OR ENERGIZATION"
WS-R01,0.700,DOUBLE,L+R,0.497705,0.000487,30.188420,30.415022,NONE,0.000187323,100.393920,9.301834,50 HZ CONTACT-ENABLED INVERSE FEEDFORWARD + FROZEN BASELINE PD GAINS,"PRELIMINARY - NUMERICAL HIP-REDUCTION SUCCESSOR ONLY - NOT APPROVED FOR CONNECTION, POWERED TESTING, MOTION, WALKING, OR ENERGIZATION"
WS-R01,0.720,DOUBLE,L+R,0.480230,0.000491,29.086028,29.256478,NONE,0.000201197,100.117130,9.328474,50 HZ CONTACT-ENABLED INVERSE FEEDFORWARD + FROZEN BASELINE PD GAINS,"PRELIMINARY - NUMERICAL HIP-REDUCTION SUCCESSOR ONLY - NOT APPROVED FOR CONNECTION, POWERED TESTING, MOTION, WALKING, OR ENERGIZATION"
WS-R01,0.740,DOUBLE,L+R,0.461719,0.000495,28.992782,29.157859,NONE,0.000200515,99.966818,9.378754,50 HZ CONTACT-ENABLED INVERSE FEEDFORWARD + FROZEN BASELINE PD GAINS,"PRELIMINARY - NUMERICAL HIP-REDUCTION SUCCESSOR ONLY - NOT APPROVED FOR CONNECTION, POWERED TESTING, MOTION, WALKING, OR ENERGIZATION"
WS-R01,0.760,DOUBLE,L+R,0.442151,0.000504,29.124198,29.284833,NONE,0.000191405,99.851495,9.416810,50 HZ CONTACT-ENABLED INVERSE FEEDFORWARD + FROZEN BASELINE PD GAINS,"PRELIMINARY - NUMERICAL HIP-REDUCTION SUCCESSOR ONLY - NOT APPROVED FOR CONNECTION, POWERED TESTING, MOTION, WALKING, OR ENERGIZATION"
WS-R01,0.780,DOUBLE,L+R,0.421538,0.000522,29.386599,29.545055,NONE,0.000182065,99.765927,9.448028,50 HZ CONTACT-ENABLED INVERSE FEEDFORWARD + FROZEN BASELINE PD GAINS,"PRELIMINARY - NUMERICAL HIP-REDUCTION SUCCESSOR ONLY - NOT APPROVED FOR CONNECTION, POWERED TESTING, MOTION, WALKING, OR ENERGIZATION"
WS-R01,0.800,DOUBLE,L+R,0.399980,0.000539,29.727084,29.884410,NONE,0.000172873,99.704153,9.474086,50 HZ CONTACT-ENABLED INVERSE FEEDFORWARD + FROZEN BASELINE PD GAINS,"PRELIMINARY - NUMERICAL HIP-REDUCTION SUCCESSOR ONLY - NOT APPROVED FOR CONNECTION, POWERED TESTING, MOTION, WALKING, OR ENERGIZATION"
WS-R01,0.820,DOUBLE,L+R,0.377620,0.000553,30.123749,30.280437,NONE,0.000163972,99.664569,9.495677,50 HZ CONTACT-ENABLED INVERSE FEEDFORWARD + FROZEN BASELINE PD GAINS,"PRELIMINARY - NUMERICAL HIP-REDUCTION SUCCESSOR ONLY - NOT APPROVED FOR CONNECTION, POWERED TESTING, MOTION, WALKING, OR ENERGIZATION"
WS-R01,0.840,DOUBLE,L+R,0.354626,0.000565,30.566257,30.722565,NONE,0.000155421,99.645830,9.513158,50 HZ CONTACT-ENABLED INVERSE FEEDFORWARD + FROZEN BASELINE PD GAINS,"PRELIMINARY - NUMERICAL HIP-REDUCTION SUCCESSOR ONLY - NOT APPROVED FOR CONNECTION, POWERED TESTING, MOTION, WALKING, OR ENERGIZATION"
WS-R01,0.860,DOUBLE,L+R,0.347402,0.000574,31.047550,31.203628,NONE,0.000147243,99.646261,9.526790,50 HZ CONTACT-ENABLED INVERSE FEEDFORWARD + FROZEN BASELINE PD GAINS,"PRELIMINARY - NUMERICAL HIP-REDUCTION SUCCESSOR ONLY - NOT APPROVED FOR CONNECTION, POWERED TESTING, MOTION, WALKING, OR ENERGIZATION"
WS-R01,0.880,DOUBLE,L+R,0.340907,0.000581,31.562222,31.718167,NONE,0.000139449,99.663411,9.536749,50 HZ CONTACT-ENABLED INVERSE FEEDFORWARD + FROZEN BASELINE PD GAINS,"PRELIMINARY - NUMERICAL HIP-REDUCTION SUCCESSOR ONLY - NOT APPROVED FOR CONNECTION, POWERED TESTING, MOTION, WALKING, OR ENERGIZATION"
WS-R01,0.900,DOUBLE,L+R,0.334480,0.000588,32.105396,32.261276,NONE,0.000132038,99.694444,9.543171,50 HZ CONTACT-ENABLED INVERSE FEEDFORWARD + FROZEN BASELINE PD GAINS,"PRELIMINARY - NUMERICAL HIP-REDUCTION SUCCESSOR ONLY - NOT APPROVED FOR CONNECTION, POWERED TESTING, MOTION, WALKING, OR ENERGIZATION"
WS-R01,0.920,DOUBLE,L+R,0.328182,0.000593,32.673001,32.828862,NONE,0.000125003,99.736003,9.546142,50 HZ CONTACT-ENABLED INVERSE FEEDFORWARD + FROZEN BASELINE PD GAINS,"PRELIMINARY - NUMERICAL HIP-REDUCTION SUCCESSOR ONLY - NOT APPROVED FOR CONNECTION, POWERED TESTING, MOTION, WALKING, OR ENERGIZATION"
WS-R01,0.940,DOUBLE,L+R,0.322065,0.000598,33.260790,33.416664,NONE,0.000118332,99.784832,9.545753,50 HZ CONTACT-ENABLED INVERSE FEEDFORWARD + FROZEN BASELINE PD GAINS,"PRELIMINARY - NUMERICAL HIP-REDUCTION SUCCESSOR ONLY - NOT APPROVED FOR CONNECTION, POWERED TESTING, MOTION, WALKING, OR ENERGIZATION"
WS-R01,0.960,DOUBLE,L+R,0.316177,0.000601,33.865716,34.021625,NONE,0.000112012,99.837305,9.542036,50 HZ CONTACT-ENABLED INVERSE FEEDFORWARD + FROZEN BASELINE PD GAINS,"PRELIMINARY - NUMERICAL HIP-REDUCTION SUCCESSOR ONLY - NOT APPROVED FOR CONNECTION, POWERED TESTING, MOTION, WALKING, OR ENERGIZATION"
WS-R01,0.980,DOUBLE,L+R,0.310557,0.000605,34.484727,34.640685,NONE,0.000106023,99.890052,9.535032,50 HZ CONTACT-ENABLED INVERSE FEEDFORWARD + FROZEN BASELINE PD GAINS,"PRELIMINARY - NUMERICAL HIP-REDUCTION SUCCESSOR ONLY - NOT APPROVED FOR CONNECTION, POWERED TESTING, MOTION, WALKING, OR ENERGIZATION"
WS-R01,1.000,DOUBLE,L+R,0.305234,0.000608,35.114865,35.270881,NONE,0.000100346,99.939906,9.524794,50 HZ CONTACT-ENABLED INVERSE FEEDFORWARD + FROZEN BASELINE PD GAINS,"PRELIMINARY - NUMERICAL HIP-REDUCTION SUCCESSOR ONLY - NOT APPROVED FOR CONNECTION, POWERED TESTING, MOTION, WALKING, OR ENERGIZATION"
WS-R01,1.020,DOUBLE,L+R,0.300234,0.000610,35.753942,35.910023,NONE,0.000094961,99.983830,9.511357,50 HZ CONTACT-ENABLED INVERSE FEEDFORWARD + FROZEN BASELINE PD GAINS,"PRELIMINARY - NUMERICAL HIP-REDUCTION SUCCESSOR ONLY - NOT APPROVED FOR CONNECTION, POWERED TESTING, MOTION, WALKING, OR ENERGIZATION"
WS-R01,1.040,DOUBLE,L+R,0.295574,0.000612,36.399632,36.555783,NONE,0.000089847,100.019217,9.494782,50 HZ CONTACT-ENABLED INVERSE FEEDFORWARD + FROZEN BASELINE PD GAINS,"PRELIMINARY - NUMERICAL HIP-REDUCTION SUCCESSOR ONLY - NOT APPROVED FOR CONNECTION, POWERED TESTING, MOTION, WALKING, OR ENERGIZATION"
WS-R01,1.060,DOUBLE,L+R,0.291265,0.000614,37.049096,37.205744,NONE,0.000084985,100.042319,9.475073,50 HZ CONTACT-ENABLED INVERSE FEEDFORWARD + FROZEN BASELINE PD GAINS,"PRELIMINARY - NUMERICAL HIP-REDUCTION SUCCESSOR ONLY - NOT APPROVED FOR CONNECTION, POWERED TESTING, MOTION, WALKING, OR ENERGIZATION"
WS-R01,1.080,DOUBLE,L+R,0.287291,0.000617,37.695327,37.852884,NONE,0.000080341,100.044795,9.451991,50 HZ CONTACT-ENABLED INVERSE FEEDFORWARD + FROZEN BASELINE PD GAINS,"PRELIMINARY - NUMERICAL HIP-REDUCTION SUCCESSOR ONLY - NOT APPROVED FOR CONNECTION, POWERED TESTING, MOTION, WALKING, OR ENERGIZATION"
WS-R01,1.100,DOUBLE,L+R,0.283643,0.000618,38.339717,38.497667,NONE,0.000075875,100.027896,9.425759,50 HZ CONTACT-ENABLED INVERSE FEEDFORWARD + FROZEN BASELINE PD GAINS,"PRELIMINARY - NUMERICAL HIP-REDUCTION SUCCESSOR ONLY - NOT APPROVED FOR CONNECTION, POWERED TESTING, MOTION, WALKING, OR ENERGIZATION"
WS-R01,1.120,DOUBLE,L+R,0.280239,0.000620,39.060334,39.233654,NONE,0.000071584,99.981004,9.392711,50 HZ CONTACT-ENABLED INVERSE FEEDFORWARD + FROZEN BASELINE PD GAINS,"PRELIMINARY - NUMERICAL HIP-REDUCTION SUCCESSOR ONLY - NOT APPROVED FOR CONNECTION, POWERED TESTING, MOTION, WALKING, OR ENERGIZATION"
WS-R01,1.140,DOUBLE,L+R,0.275598,0.000619,40.138800,40.312794,NONE,0.000067607,99.916691,9.330083,50 HZ CONTACT-ENABLED INVERSE FEEDFORWARD + FROZEN BASELINE PD GAINS,"PRELIMINARY - NUMERICAL HIP-REDUCTION SUCCESSOR ONLY - NOT APPROVED FOR CONNECTION, POWERED TESTING, MOTION, WALKING, OR ENERGIZATION"
WS-R01,1.160,DOUBLE,L+R,0.269914,0.000617,41.118707,41.292577,NONE,0.000063944,99.873543,9.270333,50 HZ CONTACT-ENABLED INVERSE FEEDFORWARD + FROZEN BASELINE PD GAINS,"PRELIMINARY - NUMERICAL HIP-REDUCTION SUCCESSOR ONLY - NOT APPROVED FOR CONNECTION, POWERED TESTING, MOTION, WALKING, OR ENERGIZATION"
WS-R01,1.180,DOUBLE,L+R,0.264039,0.000614,41.999743,42.173456,NONE,0.000060627,99.834632,9.217987,50 HZ CONTACT-ENABLED INVERSE FEEDFORWARD + FROZEN BASELINE PD GAINS,"PRELIMINARY - NUMERICAL HIP-REDUCTION SUCCESSOR ONLY - NOT APPROVED FOR CONNECTION, POWERED TESTING, MOTION, WALKING, OR ENERGIZATION"
WS-R01,1.200,DOUBLE,L+R,0.258515,0.000612,42.804402,42.977948,NONE,0.000057617,99.787936,9.169959,50 HZ CONTACT-ENABLED INVERSE FEEDFORWARD + FROZEN BASELINE PD GAINS,"PRELIMINARY - NUMERICAL HIP-REDUCTION SUCCESSOR ONLY - NOT APPROVED FOR CONNECTION, POWERED TESTING, MOTION, WALKING, OR ENERGIZATION"
WS-R01,1.220,DOUBLE,L+R,0.253632,0.000610,43.543953,43.717345,NONE,0.000054831,99.729394,9.124632,50 HZ CONTACT-ENABLED INVERSE FEEDFORWARD + FROZEN BASELINE PD GAINS,"PRELIMINARY - NUMERICAL HIP-REDUCTION SUCCESSOR ONLY - NOT APPROVED FOR CONNECTION, POWERED TESTING, MOTION, WALKING, OR ENERGIZATION"
WS-R01,1.240,DOUBLE,L+R,0.249808,0.000615,44.121880,44.320200,NONE,0.000052211,99.490397,9.041424,50 HZ CONTACT-ENABLED INVERSE FEEDFORWARD + FROZEN BASELINE PD GAINS,"PRELIMINARY - NUMERICAL HIP-REDUCTION SUCCESSOR ONLY - NOT APPROVED FOR CONNECTION, POWERED TESTING, MOTION, WALKING, OR ENERGIZATION"
WS-R01,1.260,DOUBLE,L+R,0.248707,0.000605,44.640154,44.516870,NONE,0.000049832,99.256445,8.987782,50 HZ CONTACT-ENABLED INVERSE FEEDFORWARD + FROZEN BASELINE PD GAINS,"PRELIMINARY - NUMERICAL HIP-REDUCTION SUCCESSOR ONLY - NOT APPROVED FOR CONNECTION, POWERED TESTING, MOTION, WALKING, OR ENERGIZATION"
WS-R01,1.280,DOUBLE,L+R,0.251335,0.000627,44.648436,45.229470,NONE,0.000047623,98.756528,8.880118,50 HZ CONTACT-ENABLED INVERSE FEEDFORWARD + FROZEN BASELINE PD GAINS,"PRELIMINARY - NUMERICAL HIP-REDUCTION SUCCESSOR ONLY - NOT APPROVED FOR CONNECTION, POWERED TESTING, MOTION, WALKING, OR ENERGIZATION"
WS-R01,1.300,DOUBLE,L+R,0.254326,0.000626,45.164751,45.316164,NONE,0.000045459,98.446520,8.822826,50 HZ CONTACT-ENABLED INVERSE FEEDFORWARD + FROZEN BASELINE PD GAINS,"PRELIMINARY - NUMERICAL HIP-REDUCTION SUCCESSOR ONLY - NOT APPROVED FOR CONNECTION, POWERED TESTING, MOTION, WALKING, OR ENERGIZATION"
WS-R01,1.320,DOUBLE,L+R,0.258998,0.001392,46.318334,48.711590,NONE,0.000044175,95.415592,7.983035,50 HZ CONTACT-ENABLED INVERSE FEEDFORWARD + FROZEN BASELINE PD GAINS,"PRELIMINARY - NUMERICAL HIP-REDUCTION SUCCESSOR ONLY - NOT APPROVED FOR CONNECTION, POWERED TESTING, MOTION, WALKING, OR ENERGIZATION"
WS-R01,1.340,DOUBLE,L+R,0.277244,0.008052,53.892965,129.444104,NONE,0.000049104,89.787115,4.703851,50 HZ CONTACT-ENABLED INVERSE FEEDFORWARD + FROZEN BASELINE PD GAINS,"PRELIMINARY - NUMERICAL HIP-REDUCTION SUCCESSOR ONLY - NOT APPROVED FOR CONNECTION, POWERED TESTING, MOTION, WALKING, OR ENERGIZATION"
WS-R01,1.360,DOUBLE,L+R,0.300469,0.005177,135.474954,201.389120,NONE,0.000075786,96.060596,1.844542,50 HZ CONTACT-ENABLED INVERSE FEEDFORWARD + FROZEN BASELINE PD GAINS,"PRELIMINARY - NUMERICAL HIP-REDUCTION SUCCESSOR ONLY - NOT APPROVED FOR CONNECTION, POWERED TESTING, MOTION, WALKING, OR ENERGIZATION"
WS-R01,1.380,DOUBLE,L+R,0.316007,0.003414,174.993506,198.277986,NONE,0.000096159,96.738307,0.618495,50 HZ CONTACT-ENABLED INVERSE FEEDFORWARD + FROZEN BASELINE PD GAINS,"PRELIMINARY - NUMERICAL HIP-REDUCTION SUCCESSOR ONLY - NOT APPROVED FOR CONNECTION, POWERED TESTING, MOTION, WALKING, OR ENERGIZATION"
WS-R01,1.400,DOUBLE,L+R,0.326144,0.000091,186.754430,194.366799,NONE,0.000105875,96.539379,0.240818,50 HZ CONTACT-ENABLED INVERSE FEEDFORWARD + FROZEN BASELINE PD GAINS,"PRELIMINARY - NUMERICAL HIP-REDUCTION SUCCESSOR ONLY - NOT APPROVED FOR CONNECTION, POWERED TESTING, MOTION, WALKING, OR ENERGIZATION"
WS-R01,1.420,DOUBLE,L+R,0.332769,0.000876,190.696360,193.508137,NONE,0.000109247,96.468394,0.131941,50 HZ CONTACT-ENABLED INVERSE FEEDFORWARD + FROZEN BASELINE PD GAINS,"PRELIMINARY - NUMERICAL HIP-REDUCTION SUCCESSOR ONLY - NOT APPROVED FOR CONNECTION, POWERED TESTING, MOTION, WALKING, OR ENERGIZATION"
WS-R01,1.440,DOUBLE,L+R,0.336656,0.000802,192.303947,193.701404,NONE,0.000109708,96.449837,0.101550,50 HZ CONTACT-ENABLED INVERSE FEEDFORWARD + FROZEN BASELINE PD GAINS,"PRELIMINARY - NUMERICAL HIP-REDUCTION SUCCESSOR ONLY - NOT APPROVED FOR CONNECTION, POWERED TESTING, MOTION, WALKING, OR ENERGIZATION"
WS-R01,1.460,DOUBLE,L+R,0.338040,0.000563,193.072911,194.045827,NONE,0.000109242,96.440748,0.093180,50 HZ CONTACT-ENABLED INVERSE FEEDFORWARD + FROZEN BASELINE PD GAINS,"PRELIMINARY - NUMERICAL HIP-REDUCTION SUCCESSOR ONLY - NOT APPROVED FOR CONNECTION, POWERED TESTING, MOTION, WALKING, OR ENERGIZATION"
WS-R01,1.480,DOUBLE,L+R,0.337805,0.000362,193.437692,194.263214,NONE,0.000108930,96.431964,0.090921,50 HZ CONTACT-ENABLED INVERSE FEEDFORWARD + FROZEN BASELINE PD GAINS,"PRELIMINARY - NUMERICAL HIP-REDUCTION SUCCESSOR ONLY - NOT APPROVED FOR CONNECTION, POWERED TESTING, MOTION, WALKING, OR ENERGIZATION"
WS-R01,1.500,DOUBLE,L+R,0.336452,0.000214,193.561303,194.232678,NONE,0.000109030,96.422119,0.090606,50 HZ CONTACT-ENABLED INVERSE FEEDFORWARD + FROZEN BASELINE PD GAINS,"PRELIMINARY - NUMERICAL HIP-REDUCTION SUCCESSOR ONLY - NOT APPROVED FOR CONNECTION, POWERED TESTING, MOTION, WALKING, OR ENERGIZATION"
WS-R01,1.520,DOUBLE,L+R,0.334536,0.000189,193.530577,194.245556,NONE,0.000109531,96.412974,0.089750,50 HZ CONTACT-ENABLED INVERSE FEEDFORWARD + FROZEN BASELINE PD GAINS,"PRELIMINARY - NUMERICAL HIP-REDUCTION SUCCESSOR ONLY - NOT APPROVED FOR CONNECTION, POWERED TESTING, MOTION, WALKING, OR ENERGIZATION"
WS-R01,1.540,DOUBLE,L+R,0.332362,0.000305,193.516168,194.272734,NONE,0.000110142,96.409450,0.090086,50 HZ CONTACT-ENABLED INVERSE FEEDFORWARD + FROZEN BASELINE PD GAINS,"PRELIMINARY - NUMERICAL HIP-REDUCTION SUCCESSOR ONLY - NOT APPROVED FOR CONNECTION, POWERED TESTING, MOTION, WALKING, OR ENERGIZATION"
WS-R01,1.560,DOUBLE,L+R,0.330061,0.000502,193.485018,194.303051,NONE,0.000110746,96.409080,0.090365,50 HZ CONTACT-ENABLED INVERSE FEEDFORWARD + FROZEN BASELINE PD GAINS,"PRELIMINARY - NUMERICAL HIP-REDUCTION SUCCESSOR ONLY - NOT APPROVED FOR CONNECTION, POWERED TESTING, MOTION, WALKING, OR ENERGIZATION"
WS-R01,1.580,DOUBLE,L+R,0.327706,0.000768,193.442097,194.343171,NONE,0.000111315,96.409545,0.090582,50 HZ CONTACT-ENABLED INVERSE FEEDFORWARD + FROZEN BASELINE PD GAINS,"PRELIMINARY - NUMERICAL HIP-REDUCTION SUCCESSOR ONLY - NOT APPROVED FOR CONNECTION, POWERED TESTING, MOTION, WALKING, OR ENERGIZATION"
WS-R01,1.600,DOUBLE,L+R,0.325340,0.001084,193.392517,194.394124,NONE,0.000111839,96.410159,0.090819,50 HZ CONTACT-ENABLED INVERSE FEEDFORWARD + FROZEN BASELINE PD GAINS,"PRELIMINARY - NUMERICAL HIP-REDUCTION SUCCESSOR ONLY - NOT APPROVED FOR CONNECTION, POWERED TESTING, MOTION, WALKING, OR ENERGIZATION"
WS-R01,1.620,DOUBLE,L+R,0.322987,0.001435,193.338760,194.455895,NONE,0.000112317,96.410796,0.091090,50 HZ CONTACT-ENABLED INVERSE FEEDFORWARD + FROZEN BASELINE PD GAINS,"PRELIMINARY - NUMERICAL HIP-REDUCTION SUCCESSOR ONLY - NOT APPROVED FOR CONNECTION, POWERED TESTING, MOTION, WALKING, OR ENERGIZATION"
WS-R01,1.640,DOUBLE,L+R,0.320661,0.001808,193.283087,194.528783,NONE,0.000112749,96.411394,0.091401,50 HZ CONTACT-ENABLED INVERSE FEEDFORWARD + FROZEN BASELINE PD GAINS,"PRELIMINARY - NUMERICAL HIP-REDUCTION SUCCESSOR ONLY - NOT APPROVED FOR CONNECTION, POWERED TESTING, MOTION, WALKING, OR ENERGIZATION"
WS-R01,1.660,DOUBLE,L+R,0.318370,0.002196,193.227032,194.611376,NONE,0.000113135,96.411982,0.091757,50 HZ CONTACT-ENABLED INVERSE FEEDFORWARD + FROZEN BASELINE PD GAINS,"PRELIMINARY - NUMERICAL HIP-REDUCTION SUCCESSOR ONLY - NOT APPROVED FOR CONNECTION, POWERED TESTING, MOTION, WALKING, OR ENERGIZATION"
WS-R01,1.680,DOUBLE,L+R,0.316118,0.002598,193.171547,194.703150,NONE,0.000113479,96.412545,0.092160,50 HZ CONTACT-ENABLED INVERSE FEEDFORWARD + FROZEN BASELINE PD GAINS,"PRELIMINARY - NUMERICAL HIP-REDUCTION SUCCESSOR ONLY - NOT APPROVED FOR CONNECTION, POWERED TESTING, MOTION, WALKING, OR ENERGIZATION"
WS-R01,1.700,DOUBLE,L+R,0.313908,0.003012,193.116451,194.805035,NONE,0.000113783,96.413070,0.092606,50 HZ CONTACT-ENABLED INVERSE FEEDFORWARD + FROZEN BASELINE PD GAINS,"PRELIMINARY - NUMERICAL HIP-REDUCTION SUCCESSOR ONLY - NOT APPROVED FOR CONNECTION, POWERED TESTING, MOTION, WALKING, OR ENERGIZATION"
WS-R01,1.720,DOUBLE,L+R,0.311740,0.003439,193.063154,194.915091,NONE,0.000114047,96.413578,0.093123,50 HZ CONTACT-ENABLED INVERSE FEEDFORWARD + FROZEN BASELINE PD GAINS,"PRELIMINARY - NUMERICAL HIP-REDUCTION SUCCESSOR ONLY - NOT APPROVED FOR CONNECTION, POWERED TESTING, MOTION, WALKING, OR ENERGIZATION"
WS-R01,1.740,DOUBLE,L+R,0.309613,0.003878,193.012469,195.031479,NONE,0.000114275,96.414080,0.093711,50 HZ CONTACT-ENABLED INVERSE FEEDFORWARD + FROZEN BASELINE PD GAINS,"PRELIMINARY - NUMERICAL HIP-REDUCTION SUCCESSOR ONLY - NOT APPROVED FOR CONNECTION, POWERED TESTING, MOTION, WALKING, OR ENERGIZATION"
WS-R01,1.760,DOUBLE,L+R,0.307528,0.004332,192.964429,195.154156,NONE,0.000114470,96.414550,0.094361,50 HZ CONTACT-ENABLED INVERSE FEEDFORWARD + FROZEN BASELINE PD GAINS,"PRELIMINARY - NUMERICAL HIP-REDUCTION SUCCESSOR ONLY - NOT APPROVED FOR CONNECTION, POWERED TESTING, MOTION, WALKING, OR ENERGIZATION"
WS-R01,1.780,DOUBLE,L+R,0.305482,0.004803,192.919262,195.283135,NONE,0.000114633,96.414980,0.095083,50 HZ CONTACT-ENABLED INVERSE FEEDFORWARD + FROZEN BASELINE PD GAINS,"PRELIMINARY - NUMERICAL HIP-REDUCTION SUCCESSOR ONLY - NOT APPROVED FOR CONNECTION, POWERED TESTING, MOTION, WALKING, OR ENERGIZATION"
WS-R01,1.800,DOUBLE,L+R,0.303476,0.005292,192.876937,195.416814,NONE,0.000114767,96.415411,0.095891,50 HZ CONTACT-ENABLED INVERSE FEEDFORWARD + FROZEN BASELINE PD GAINS,"PRELIMINARY - NUMERICAL HIP-REDUCTION SUCCESSOR ONLY - NOT APPROVED FOR CONNECTION, POWERED TESTING, MOTION, WALKING, OR ENERGIZATION"
WS-R01,1.820,DOUBLE,L+R,0.301507,0.005801,192.839233,195.553576,NONE,0.000114875,96.415808,0.096795,50 HZ CONTACT-ENABLED INVERSE FEEDFORWARD + FROZEN BASELINE PD GAINS,"PRELIMINARY - NUMERICAL HIP-REDUCTION SUCCESSOR ONLY - NOT APPROVED FOR CONNECTION, POWERED TESTING, MOTION, WALKING, OR ENERGIZATION"
WS-R01,1.840,DOUBLE,L+R,0.299573,0.006332,192.805071,195.693901,NONE,0.000114959,96.416179,0.097776,50 HZ CONTACT-ENABLED INVERSE FEEDFORWARD + FROZEN BASELINE PD GAINS,"PRELIMINARY - NUMERICAL HIP-REDUCTION SUCCESSOR ONLY - NOT APPROVED FOR CONNECTION, POWERED TESTING, MOTION, WALKING, OR ENERGIZATION"
WS-R01,1.860,DOUBLE,L+R,0.297675,0.006886,192.774762,195.836711,NONE,0.000115021,96.416532,0.098856,50 HZ CONTACT-ENABLED INVERSE FEEDFORWARD + FROZEN BASELINE PD GAINS,"PRELIMINARY - NUMERICAL HIP-REDUCTION SUCCESSOR ONLY - NOT APPROVED FOR CONNECTION, POWERED TESTING, MOTION, WALKING, OR ENERGIZATION"
WS-R01,1.880,DOUBLE,L+R,0.295809,0.007466,192.749855,195.979992,NONE,0.000115063,96.416859,0.100048,50 HZ CONTACT-ENABLED INVERSE FEEDFORWARD + FROZEN BASELINE PD GAINS,"PRELIMINARY - NUMERICAL HIP-REDUCTION SUCCESSOR ONLY - NOT APPROVED FOR CONNECTION, POWERED TESTING, MOTION, WALKING, OR ENERGIZATION"
WS-R01,1.900,DOUBLE,L+R,0.293974,0.008072,192.728938,196.124311,NONE,0.000115089,96.417166,0.101330,50 HZ CONTACT-ENABLED INVERSE FEEDFORWARD + FROZEN BASELINE PD GAINS,"PRELIMINARY - NUMERICAL HIP-REDUCTION SUCCESSOR ONLY - NOT APPROVED FOR CONNECTION, POWERED TESTING, MOTION, WALKING, OR ENERGIZATION"
WS-R01,1.920,DOUBLE,L+R,0.292170,0.008708,192.712988,196.268597,NONE,0.000115100,96.417437,0.102727,50 HZ CONTACT-ENABLED INVERSE FEEDFORWARD + FROZEN BASELINE PD GAINS,"PRELIMINARY - NUMERICAL HIP-REDUCTION SUCCESSOR ONLY - NOT APPROVED FOR CONNECTION, POWERED TESTING, MOTION, WALKING, OR ENERGIZATION"
WS-R01,1.940,DOUBLE,L+R,0.290394,0.009373,192.702259,196.411090,NONE,0.000115097,96.417704,0.104243,50 HZ CONTACT-ENABLED INVERSE FEEDFORWARD + FROZEN BASELINE PD GAINS,"PRELIMINARY - NUMERICAL HIP-REDUCTION SUCCESSOR ONLY - NOT APPROVED FOR CONNECTION, POWERED TESTING, MOTION, WALKING, OR ENERGIZATION"
WS-R01,1.960,DOUBLE,L+R,0.288645,0.010070,192.696379,196.553134,NONE,0.000115085,96.417913,0.105864,50 HZ CONTACT-ENABLED INVERSE FEEDFORWARD + FROZEN BASELINE PD GAINS,"PRELIMINARY - NUMERICAL HIP-REDUCTION SUCCESSOR ONLY - NOT APPROVED FOR CONNECTION, POWERED TESTING, MOTION, WALKING, OR ENERGIZATION"
WS-R01,1.980,DOUBLE,L+R,0.286923,0.010801,192.696124,196.692342,NONE,0.000115062,96.418119,0.107618,50 HZ CONTACT-ENABLED INVERSE FEEDFORWARD + FROZEN BASELINE PD GAINS,"PRELIMINARY - NUMERICAL HIP-REDUCTION SUCCESSOR ONLY - NOT APPROVED FOR CONNECTION, POWERED TESTING, MOTION, WALKING, OR ENERGIZATION"
WS-R01,2.000,DOUBLE,L+R,0.285225,0.011566,192.701154,196.828353,NONE,0.000115034,96.418304,0.109493,50 HZ CONTACT-ENABLED INVERSE FEEDFORWARD + FROZEN BASELINE PD GAINS,"PRELIMINARY - NUMERICAL HIP-REDUCTION SUCCESSOR ONLY - NOT APPROVED FOR CONNECTION, POWERED TESTING, MOTION, WALKING, OR ENERGIZATION"
WS-R01,2.020,DOUBLE,L+R,0.283551,0.012367,192.711810,196.961046,NONE,0.000115000,96.418444,0.111495,50 HZ CONTACT-ENABLED INVERSE FEEDFORWARD + FROZEN BASELINE PD GAINS,"PRELIMINARY - NUMERICAL HIP-REDUCTION SUCCESSOR ONLY - NOT APPROVED FOR CONNECTION, POWERED TESTING, MOTION, WALKING, OR ENERGIZATION"
WS-R01,2.040,DOUBLE,L+R,0.281898,0.013205,192.728467,197.088655,NONE,0.000114963,96.418576,0.113635,50 HZ CONTACT-ENABLED INVERSE FEEDFORWARD + FROZEN BASELINE PD GAINS,"PRELIMINARY - NUMERICAL HIP-REDUCTION SUCCESSOR ONLY - NOT APPROVED FOR CONNECTION, POWERED TESTING, MOTION, WALKING, OR ENERGIZATION"
WS-R01,2.060,DOUBLE,L+R,0.280267,0.014082,192.750279,197.212237,NONE,0.000114925,96.418668,0.115899,50 HZ CONTACT-ENABLED INVERSE FEEDFORWARD + FROZEN BASELINE PD GAINS,"PRELIMINARY - NUMERICAL HIP-REDUCTION SUCCESSOR ONLY - NOT APPROVED FOR CONNECTION, POWERED TESTING, MOTION, WALKING, OR ENERGIZATION"
WS-R01,2.080,DOUBLE,L+R,0.278656,0.014998,192.778487,197.329870,NONE,0.000114887,96.418735,0.118313,50 HZ CONTACT-ENABLED INVERSE FEEDFORWARD + FROZEN BASELINE PD GAINS,"PRELIMINARY - NUMERICAL HIP-REDUCTION SUCCESSOR ONLY - NOT APPROVED FOR CONNECTION, POWERED TESTING, MOTION, WALKING, OR ENERGIZATION"
WS-R01,2.100,DOUBLE,L+R,0.277064,0.015954,192.812766,197.441046,NONE,0.000114852,96.418782,0.120867,50 HZ CONTACT-ENABLED INVERSE FEEDFORWARD + FROZEN BASELINE PD GAINS,"PRELIMINARY - NUMERICAL HIP-REDUCTION SUCCESSOR ONLY - NOT APPROVED FOR CONNECTION, POWERED TESTING, MOTION, WALKING, OR ENERGIZATION"
WS-R01,2.120,DOUBLE,L+R,0.275489,0.016952,192.852081,197.545800,NONE,0.000114820,96.418812,0.123557,50 HZ CONTACT-ENABLED INVERSE FEEDFORWARD + FROZEN BASELINE PD GAINS,"PRELIMINARY - NUMERICAL HIP-REDUCTION SUCCESSOR ONLY - NOT APPROVED FOR CONNECTION, POWERED TESTING, MOTION, WALKING, OR ENERGIZATION"
WS-R01,2.140,DOUBLE,L+R,0.273931,0.017993,192.898659,197.643035,NONE,0.000114794,96.418781,0.126406,50 HZ CONTACT-ENABLED INVERSE FEEDFORWARD + FROZEN BASELINE PD GAINS,"PRELIMINARY - NUMERICAL HIP-REDUCTION SUCCESSOR ONLY - NOT APPROVED FOR CONNECTION, POWERED TESTING, MOTION, WALKING, OR ENERGIZATION"
WS-R01,2.160,DOUBLE,L+R,0.272389,0.019076,192.950300,197.732588,NONE,0.000114775,96.418760,0.129395,50 HZ CONTACT-ENABLED INVERSE FEEDFORWARD + FROZEN BASELINE PD GAINS,"PRELIMINARY - NUMERICAL HIP-REDUCTION SUCCESSOR ONLY - NOT APPROVED FOR CONNECTION, POWERED TESTING, MOTION, WALKING, OR ENERGIZATION"
WS-R01,2.180,DOUBLE,L+R,0.270862,0.020205,193.008532,197.814128,NONE,0.000114764,96.418681,0.132541,50 HZ CONTACT-ENABLED INVERSE FEEDFORWARD + FROZEN BASELINE PD GAINS,"PRELIMINARY - NUMERICAL HIP-REDUCTION SUCCESSOR ONLY - NOT APPROVED FOR CONNECTION, POWERED TESTING, MOTION, WALKING, OR ENERGIZATION"
WS-R01,2.200,DOUBLE,L+R,0.269349,0.021377,193.073250,197.885713,NONE,0.000114763,96.418604,0.135848,50 HZ CONTACT-ENABLED INVERSE FEEDFORWARD + FROZEN BASELINE PD GAINS,"PRELIMINARY - NUMERICAL HIP-REDUCTION SUCCESSOR ONLY - NOT APPROVED FOR CONNECTION, POWERED TESTING, MOTION, WALKING, OR ENERGIZATION"
WS-R01,2.220,DOUBLE,L+R,0.267848,0.022596,193.143586,197.948687,NONE,0.000114774,96.418482,0.139299,50 HZ CONTACT-ENABLED INVERSE FEEDFORWARD + FROZEN BASELINE PD GAINS,"PRELIMINARY - NUMERICAL HIP-REDUCTION SUCCESSOR ONLY - NOT APPROVED FOR CONNECTION, POWERED TESTING, MOTION, WALKING, OR ENERGIZATION"
WS-R01,2.240,DOUBLE,L+R,0.266360,0.023861,193.220257,198.001797,NONE,0.000114797,96.418332,0.142916,50 HZ CONTACT-ENABLED INVERSE FEEDFORWARD + FROZEN BASELINE PD GAINS,"PRELIMINARY - NUMERICAL HIP-REDUCTION SUCCESSOR ONLY - NOT APPROVED FOR CONNECTION, POWERED TESTING, MOTION, WALKING, OR ENERGIZATION"
WS-R01,2.260,DOUBLE,L+R,0.264884,0.025172,193.303208,198.044013,NONE,0.000114835,96.418171,0.146697,50 HZ CONTACT-ENABLED INVERSE FEEDFORWARD + FROZEN BASELINE PD GAINS,"PRELIMINARY - NUMERICAL HIP-REDUCTION SUCCESSOR ONLY - NOT APPROVED FOR CONNECTION, POWERED TESTING, MOTION, WALKING, OR ENERGIZATION"
WS-R01,2.280,DOUBLE,L+R,0.263418,0.026531,193.392526,198.075997,NONE,0.000114889,96.417957,0.150636,50 HZ CONTACT-ENABLED INVERSE FEEDFORWARD + FROZEN BASELINE PD GAINS,"PRELIMINARY - NUMERICAL HIP-REDUCTION SUCCESSOR ONLY - NOT APPROVED FOR CONNECTION, POWERED TESTING, MOTION, WALKING, OR ENERGIZATION"
WS-R01,2.300,DOUBLE,L+R,0.261961,0.027938,193.487606,198.096750,NONE,0.000114959,96.417739,0.154741,50 HZ CONTACT-ENABLED INVERSE FEEDFORWARD + FROZEN BASELINE PD GAINS,"PRELIMINARY - NUMERICAL HIP-REDUCTION SUCCESSOR ONLY - NOT APPROVED FOR CONNECTION, POWERED TESTING, MOTION, WALKING, OR ENERGIZATION"
WS-R01,2.320,DOUBLE,L+R,0.260514,0.029393,193.589404,198.105163,NONE,0.000115047,96.417492,0.159021,50 HZ CONTACT-ENABLED INVERSE FEEDFORWARD + FROZEN BASELINE PD GAINS,"PRELIMINARY - NUMERICAL HIP-REDUCTION SUCCESSOR ONLY - NOT APPROVED FOR CONNECTION, POWERED TESTING, MOTION, WALKING, OR ENERGIZATION"
WS-R01,2.340,DOUBLE,L+R,0.259075,0.030897,193.697101,198.102286,NONE,0.000115154,96.417202,0.163461,50 HZ CONTACT-ENABLED INVERSE FEEDFORWARD + FROZEN BASELINE PD GAINS,"PRELIMINARY - NUMERICAL HIP-REDUCTION SUCCESSOR ONLY - NOT APPROVED FOR CONNECTION, POWERED TESTING, MOTION, WALKING, OR ENERGIZATION"
WS-R01,2.360,DOUBLE,L+R,0.257645,0.032449,193.810981,198.087041,NONE,0.000115282,96.416893,0.168078,50 HZ CONTACT-ENABLED INVERSE FEEDFORWARD + FROZEN BASELINE PD GAINS,"PRELIMINARY - NUMERICAL HIP-REDUCTION SUCCESSOR ONLY - NOT APPROVED FOR CONNECTION, POWERED TESTING, MOTION, WALKING, OR ENERGIZATION"
WS-R01,2.380,DOUBLE,L+R,0.256221,0.034051,193.930836,198.058474,NONE,0.000115430,96.416574,0.172875,50 HZ CONTACT-ENABLED INVERSE FEEDFORWARD + FROZEN BASELINE PD GAINS,"PRELIMINARY - NUMERICAL HIP-REDUCTION SUCCESSOR ONLY - NOT APPROVED FOR CONNECTION, POWERED TESTING, MOTION, WALKING, OR ENERGIZATION"
WS-R01,2.400,DOUBLE,L+R,0.254803,0.035702,194.056852,198.017249,NONE,0.000115602,96.416201,0.177850,50 HZ CONTACT-ENABLED INVERSE FEEDFORWARD + FROZEN BASELINE PD GAINS,"PRELIMINARY - NUMERICAL HIP-REDUCTION SUCCESSOR ONLY - NOT APPROVED FOR CONNECTION, POWERED TESTING, MOTION, WALKING, OR ENERGIZATION"
WS-R01,2.420,DOUBLE,L+R,0.253392,0.037402,194.189123,197.962314,NONE,0.000115797,96.415812,0.183018,50 HZ CONTACT-ENABLED INVERSE FEEDFORWARD + FROZEN BASELINE PD GAINS,"PRELIMINARY - NUMERICAL HIP-REDUCTION SUCCESSOR ONLY - NOT APPROVED FOR CONNECTION, POWERED TESTING, MOTION, WALKING, OR ENERGIZATION"
WS-R01,2.440,DOUBLE,L+R,0.251986,0.039153,194.326481,197.894585,NONE,0.000116017,96.415393,0.188377,50 HZ CONTACT-ENABLED INVERSE FEEDFORWARD + FROZEN BASELINE PD GAINS,"PRELIMINARY - NUMERICAL HIP-REDUCTION SUCCESSOR ONLY - NOT APPROVED FOR CONNECTION, POWERED TESTING, MOTION, WALKING, OR ENERGIZATION"
WS-R01,2.460,DOUBLE,L+R,0.250584,0.040953,194.469048,197.813035,NONE,0.000116262,96.414957,0.193959,50 HZ CONTACT-ENABLED INVERSE FEEDFORWARD + FROZEN BASELINE PD GAINS,"PRELIMINARY - NUMERICAL HIP-REDUCTION SUCCESSOR ONLY - NOT APPROVED FOR CONNECTION, POWERED TESTING, MOTION, WALKING, OR ENERGIZATION"
WS-R01,2.480,DOUBLE,L+R,0.249187,0.042802,194.617528,197.717607,NONE,0.000116533,96.414471,0.199786,50 HZ CONTACT-ENABLED INVERSE FEEDFORWARD + FROZEN BASELINE PD GAINS,"PRELIMINARY - NUMERICAL HIP-REDUCTION SUCCESSOR ONLY - NOT APPROVED FOR CONNECTION, POWERED TESTING, MOTION, WALKING, OR ENERGIZATION"
WS-R01,2.500,DOUBLE,L+R,0.247794,0.044702,194.769428,197.609863,NONE,0.000116832,96.413967,0.205885,50 HZ CONTACT-ENABLED INVERSE FEEDFORWARD + FROZEN BASELINE PD GAINS,"PRELIMINARY - NUMERICAL HIP-REDUCTION SUCCESSOR ONLY - NOT APPROVED FOR CONNECTION, POWERED TESTING, MOTION, WALKING, OR ENERGIZATION"
WS-R01,2.520,DOUBLE,L+R,0.246405,0.046651,194.924119,197.490296,NONE,0.000117158,96.413430,0.212348,50 HZ CONTACT-ENABLED INVERSE FEEDFORWARD + FROZEN BASELINE PD GAINS,"PRELIMINARY - NUMERICAL HIP-REDUCTION SUCCESSOR ONLY - NOT APPROVED FOR CONNECTION, POWERED TESTING, MOTION, WALKING, OR ENERGIZATION"
WS-R01,2.540,DOUBLE,L+R,0.245018,0.048650,195.078701,197.360916,NONE,0.000117513,96.412872,0.219305,50 HZ CONTACT-ENABLED INVERSE FEEDFORWARD + FROZEN BASELINE PD GAINS,"PRELIMINARY - NUMERICAL HIP-REDUCTION SUCCESSOR ONLY - NOT APPROVED FOR CONNECTION, POWERED TESTING, MOTION, WALKING, OR ENERGIZATION"
WS-R01,2.560,DOUBLE,L+R,0.243634,0.050698,195.228131,197.226547,NONE,0.000117898,96.412283,0.227002,50 HZ CONTACT-ENABLED INVERSE FEEDFORWARD + FROZEN BASELINE PD GAINS,"PRELIMINARY - NUMERICAL HIP-REDUCTION SUCCESSOR ONLY - NOT APPROVED FOR CONNECTION, POWERED TESTING, MOTION, WALKING, OR ENERGIZATION"
WS-R01,2.580,DOUBLE,L+R,0.242254,0.052795,195.362962,197.096057,NONE,0.000118314,96.411679,0.235941,50 HZ CONTACT-ENABLED INVERSE FEEDFORWARD + FROZEN BASELINE PD GAINS,"PRELIMINARY - NUMERICAL HIP-REDUCTION SUCCESSOR ONLY - NOT APPROVED FOR CONNECTION, POWERED TESTING, MOTION, WALKING, OR ENERGIZATION"
WS-R01,2.600,DOUBLE,L+R,0.240878,0.054942,195.462261,196.989485,NONE,0.000118760,96.411091,0.247148,50 HZ CONTACT-ENABLED INVERSE FEEDFORWARD + FROZEN BASELINE PD GAINS,"PRELIMINARY - NUMERICAL HIP-REDUCTION SUCCESSOR ONLY - NOT APPROVED FOR CONNECTION, POWERED TESTING, MOTION, WALKING, OR ENERGIZATION"
WS-R01,2.620,DOUBLE,L+R,0.239508,0.057138,195.482225,196.948077,NONE,0.000119238,96.410623,0.262909,50 HZ CONTACT-ENABLED INVERSE FEEDFORWARD + FROZEN BASELINE PD GAINS,"PRELIMINARY - NUMERICAL HIP-REDUCTION SUCCESSOR ONLY - NOT APPROVED FOR CONNECTION, POWERED TESTING, MOTION, WALKING, OR ENERGIZATION"
WS-R01,2.640,DOUBLE,L+R,0.238149,0.059385,195.319174,197.073127,NONE,0.000119750,96.410470,0.288519,50 HZ CONTACT-ENABLED INVERSE FEEDFORWARD + FROZEN BASELINE PD GAINS,"PRELIMINARY - NUMERICAL HIP-REDUCTION SUCCESSOR ONLY - NOT APPROVED FOR CONNECTION, POWERED TESTING, MOTION, WALKING, OR ENERGIZATION"
WS-R01,2.660,DOUBLE,L+R,0.236817,0.061687,194.715855,197.613025,NONE,0.000120298,96.411388,0.337231,50 HZ CONTACT-ENABLED INVERSE FEEDFORWARD + FROZEN BASELINE PD GAINS,"PRELIMINARY - NUMERICAL HIP-REDUCTION SUCCESSOR ONLY - NOT APPROVED FOR CONNECTION, POWERED TESTING, MOTION, WALKING, OR ENERGIZATION"
WS-R01,2.680,DOUBLE,L+R,0.235550,0.064052,192.996616,199.226289,NONE,0.000119979,96.415808,0.444416,50 HZ CONTACT-ENABLED INVERSE FEEDFORWARD + FROZEN BASELINE PD GAINS,"PRELIMINARY - NUMERICAL HIP-REDUCTION SUCCESSOR ONLY - NOT APPROVED FOR CONNECTION, POWERED TESTING, MOTION, WALKING, OR ENERGIZATION"
WS-R01,2.700,DOUBLE,L+R,0.234460,0.066508,188.248169,203.781859,NONE,0.000119517,96.434346,0.710942,50 HZ CONTACT-ENABLED INVERSE FEEDFORWARD + FROZEN BASELINE PD GAINS,"PRELIMINARY - NUMERICAL HIP-REDUCTION SUCCESSOR ONLY - NOT APPROVED FOR CONNECTION, POWERED TESTING, MOTION, WALKING, OR ENERGIZATION"
WS-R01,2.720,DOUBLE,L+R,0.233889,0.069138,174.651159,216.983344,NONE,0.000118961,96.526972,1.444170,50 HZ CONTACT-ENABLED INVERSE FEEDFORWARD + FROZEN BASELINE PD GAINS,"PRELIMINARY - NUMERICAL HIP-REDUCTION SUCCESSOR ONLY - NOT APPROVED FOR CONNECTION, POWERED TESTING, MOTION, WALKING, OR ENERGIZATION"
WS-R01,2.740,DOUBLE,L+R,0.234959,0.072217,133.143075,257.589402,NONE,0.000118165,97.144219,3.651087,50 HZ CONTACT-ENABLED INVERSE FEEDFORWARD + FROZEN BASELINE PD GAINS,"PRELIMINARY - NUMERICAL HIP-REDUCTION SUCCESSOR ONLY - NOT APPROVED FOR CONNECTION, POWERED TESTING, MOTION, WALKING, OR ENERGIZATION"
WS-R01,2.760,DOUBLE,L+R,0.239811,0.076209,46.011961,386.338990,NONE,0.000117897,103.775204,9.403254,50 HZ CONTACT-ENABLED INVERSE FEEDFORWARD + FROZEN BASELINE PD GAINS,"PRELIMINARY - NUMERICAL HIP-REDUCTION SUCCESSOR ONLY - NOT APPROVED FOR CONNECTION, POWERED TESTING, MOTION, WALKING, OR ENERGIZATION"
WS-R01,2.780,DOUBLE,L+R,0.239698,0.079500,36.517081,431.209997,NONE,0.000108439,102.038966,10.985642,50 HZ CONTACT-ENABLED INVERSE FEEDFORWARD + FROZEN BASELINE PD GAINS,"PRELIMINARY - NUMERICAL HIP-REDUCTION SUCCESSOR ONLY - NOT APPROVED FOR CONNECTION, POWERED TESTING, MOTION, WALKING, OR ENERGIZATION"
WS-R01,2.800,DOUBLE,L+R,0.241996,0.081875,38.870010,423.651103,NONE,0.000098983,102.265967,10.765976,50 HZ CONTACT-ENABLED INVERSE FEEDFORWARD + FROZEN BASELINE PD GAINS,"PRELIMINARY - NUMERICAL HIP-REDUCTION SUCCESSOR ONLY - NOT APPROVED FOR CONNECTION, POWERED TESTING, MOTION, WALKING, OR ENERGIZATION"
WS-R01,2.820,DOUBLE,L+R,0.246168,0.084234,39.929872,420.153219,NONE,0.000094002,102.320724,10.679374,50 HZ CONTACT-ENABLED INVERSE FEEDFORWARD + FROZEN BASELINE PD GAINS,"PRELIMINARY - NUMERICAL HIP-REDUCTION SUCCESSOR ONLY - NOT APPROVED FOR CONNECTION, POWERED TESTING, MOTION, WALKING, OR ENERGIZATION"
WS-R01,2.840,DOUBLE,L+R,0.251268,0.086865,40.488478,417.938300,NONE,0.000091677,102.251151,10.637716,50 HZ CONTACT-ENABLED INVERSE FEEDFORWARD + FROZEN BASELINE PD GAINS,"PRELIMINARY - NUMERICAL HIP-REDUCTION SUCCESSOR ONLY - NOT APPROVED FOR CONNECTION, POWERED TESTING, MOTION, WALKING, OR ENERGIZATION"
WS-R01,2.860,DOUBLE,L+R,0.256821,0.089594,40.910021,415.949179,NONE,0.000090533,102.159820,10.605104,50 HZ CONTACT-ENABLED INVERSE FEEDFORWARD + FROZEN BASELINE PD GAINS,"PRELIMINARY - NUMERICAL HIP-REDUCTION SUCCESSOR ONLY - NOT APPROVED FOR CONNECTION, POWERED TESTING, MOTION, WALKING, OR ENERGIZATION"
WS-R01,2.880,DOUBLE,L+R,0.262592,0.092366,41.288634,413.966225,NONE,0.000089879,102.066496,10.573563,50 HZ CONTACT-ENABLED INVERSE FEEDFORWARD + FROZEN BASELINE PD GAINS,"PRELIMINARY - NUMERICAL HIP-REDUCTION SUCCESSOR ONLY - NOT APPROVED FOR CONNECTION, POWERED TESTING, MOTION, WALKING, OR ENERGIZATION"
WS-R01,2.900,DOUBLE,L+R,0.268460,0.095171,41.650002,411.945448,NONE,0.000089442,101.972970,10.541377,50 HZ CONTACT-ENABLED INVERSE FEEDFORWARD + FROZEN BASELINE PD GAINS,"PRELIMINARY - NUMERICAL HIP-REDUCTION SUCCESSOR ONLY - NOT APPROVED FOR CONNECTION, POWERED TESTING, MOTION, WALKING, OR ENERGIZATION"
WS-R01,2.920,DOUBLE,L+R,0.274366,0.098010,42.002309,409.875398,NONE,0.000089119,101.878903,10.508113,50 HZ CONTACT-ENABLED INVERSE FEEDFORWARD + FROZEN BASELINE PD GAINS,"PRELIMINARY - NUMERICAL HIP-REDUCTION SUCCESSOR ONLY - NOT APPROVED FOR CONNECTION, POWERED TESTING, MOTION, WALKING, OR ENERGIZATION"
WS-R01,2.940,DOUBLE,L+R,0.280276,0.100884,42.348142,407.752107,NONE,0.000088870,101.784046,10.473624,50 HZ CONTACT-ENABLED INVERSE FEEDFORWARD + FROZEN BASELINE PD GAINS,"PRELIMINARY - NUMERICAL HIP-REDUCTION SUCCESSOR ONLY - NOT APPROVED FOR CONNECTION, POWERED TESTING, MOTION, WALKING, OR ENERGIZATION"
WS-R01,2.960,DOUBLE,L+R,0.286171,0.103793,42.688901,405.573473,NONE,0.000088683,101.688222,10.437896,50 HZ CONTACT-ENABLED INVERSE FEEDFORWARD + FROZEN BASELINE PD GAINS,"PRELIMINARY - NUMERICAL HIP-REDUCTION SUCCESSOR ONLY - NOT APPROVED FOR CONNECTION, POWERED TESTING, MOTION, WALKING, OR ENERGIZATION"
WS-R01,2.980,DOUBLE,L+R,0.292040,0.106737,43.025123,403.338133,NONE,0.000088549,101.591410,10.400912,50 HZ CONTACT-ENABLED INVERSE FEEDFORWARD + FROZEN BASELINE PD GAINS,"PRELIMINARY - NUMERICAL HIP-REDUCTION SUCCESSOR ONLY - NOT APPROVED FOR CONNECTION, POWERED TESTING, MOTION, WALKING, OR ENERGIZATION"
WS-R01,3.000,DOUBLE,L+R,0.297874,0.109715,43.357168,401.045645,NONE,0.000088465,101.493541,10.362657,50 HZ CONTACT-ENABLED INVERSE FEEDFORWARD + FROZEN BASELINE PD GAINS,"PRELIMINARY - NUMERICAL HIP-REDUCTION SUCCESSOR ONLY - NOT APPROVED FOR CONNECTION, POWERED TESTING, MOTION, WALKING, OR ENERGIZATION"
WS-R01,3.020,DOUBLE,L+R,0.303668,0.112727,43.685268,398.695804,NONE,0.000088429,101.394646,10.323148,50 HZ CONTACT-ENABLED INVERSE FEEDFORWARD + FROZEN BASELINE PD GAINS,"PRELIMINARY - NUMERICAL HIP-REDUCTION SUCCESSOR ONLY - NOT APPROVED FOR CONNECTION, POWERED TESTING, MOTION, WALKING, OR ENERGIZATION"
WS-R01,3.040,DOUBLE,L+R,0.309418,0.115773,44.009519,396.288746,NONE,0.000088439,101.294778,10.282349,50 HZ CONTACT-ENABLED INVERSE FEEDFORWARD + FROZEN BASELINE PD GAINS,"PRELIMINARY - NUMERICAL HIP-REDUCTION SUCCESSOR ONLY - NOT APPROVED FOR CONNECTION, POWERED TESTING, MOTION, WALKING, OR ENERGIZATION"
WS-R01,3.060,DOUBLE,L+R,0.315122,0.118850,44.330626,393.824204,NONE,0.000088494,101.193913,10.240267,50 HZ CONTACT-ENABLED INVERSE FEEDFORWARD + FROZEN BASELINE PD GAINS,"PRELIMINARY - NUMERICAL HIP-REDUCTION SUCCESSOR ONLY - NOT APPROVED FOR CONNECTION, POWERED TESTING, MOTION, WALKING, OR ENERGIZATION"
WS-R01,3.080,DOUBLE,L+R,0.320776,0.121958,44.648638,391.302676,NONE,0.000088592,101.092164,10.196901,50 HZ CONTACT-ENABLED INVERSE FEEDFORWARD + FROZEN BASELINE PD GAINS,"PRELIMINARY - NUMERICAL HIP-REDUCTION SUCCESSOR ONLY - NOT APPROVED FOR CONNECTION, POWERED TESTING, MOTION, WALKING, OR ENERGIZATION"
WS-R01,3.100,DOUBLE,L+R,0.326378,0.125096,44.963342,388.725296,NONE,0.000088732,100.989629,10.152209,50 HZ CONTACT-ENABLED INVERSE FEEDFORWARD + FROZEN BASELINE PD GAINS,"PRELIMINARY - NUMERICAL HIP-REDUCTION SUCCESSOR ONLY - NOT APPROVED FOR CONNECTION, POWERED TESTING, MOTION, WALKING, OR ENERGIZATION"
WS-R01,3.120,DOUBLE,L+R,0.331926,0.128263,45.275428,386.092058,NONE,0.000088913,100.886353,10.106198,50 HZ CONTACT-ENABLED INVERSE FEEDFORWARD + FROZEN BASELINE PD GAINS,"PRELIMINARY - NUMERICAL HIP-REDUCTION SUCCESSOR ONLY - NOT APPROVED FOR CONNECTION, POWERED TESTING, MOTION, WALKING, OR ENERGIZATION"
WS-R01,3.140,DOUBLE,L+R,0.337419,0.131457,45.585265,383.403731,NONE,0.000089133,100.782443,10.058851,50 HZ CONTACT-ENABLED INVERSE FEEDFORWARD + FROZEN BASELINE PD GAINS,"PRELIMINARY - NUMERICAL HIP-REDUCTION SUCCESSOR ONLY - NOT APPROVED FOR CONNECTION, POWERED TESTING, MOTION, WALKING, OR ENERGIZATION"
WS-R01,3.160,DOUBLE,L+R,0.342854,0.134677,45.892625,380.661847,NONE,0.000089392,100.678054,10.010144,50 HZ CONTACT-ENABLED INVERSE FEEDFORWARD + FROZEN BASELINE PD GAINS,"PRELIMINARY - NUMERICAL HIP-REDUCTION SUCCESSOR ONLY - NOT APPROVED FOR CONNECTION, POWERED TESTING, MOTION, WALKING, OR ENERGIZATION"
WS-R01,3.180,DOUBLE,L+R,0.348217,0.137939,46.423119,377.873591,NONE,0.000089699,100.581503,9.960450,50 HZ CONTACT-ENABLED INVERSE FEEDFORWARD + FROZEN BASELINE PD GAINS,"PRELIMINARY - NUMERICAL HIP-REDUCTION SUCCESSOR ONLY - NOT APPROVED FOR CONNECTION, POWERED TESTING, MOTION, WALKING, OR ENERGIZATION"
WS-R01,3.200,DOUBLE,L+R,0.353388,0.141277,47.099789,375.039801,NONE,0.000090159,100.481377,9.913082,50 HZ CONTACT-ENABLED INVERSE FEEDFORWARD + FROZEN BASELINE PD GAINS,"PRELIMINARY - NUMERICAL HIP-REDUCTION SUCCESSOR ONLY - NOT APPROVED FOR CONNECTION, POWERED TESTING, MOTION, WALKING, OR ENERGIZATION"
WS-R01,3.220,DOUBLE,L+R,0.358344,0.144588,47.930562,372.149072,NONE,0.000090790,100.381441,9.869344,50 HZ CONTACT-ENABLED INVERSE FEEDFORWARD + FROZEN BASELINE PD GAINS,"PRELIMINARY - NUMERICAL HIP-REDUCTION SUCCESSOR ONLY - NOT APPROVED FOR CONNECTION, POWERED TESTING, MOTION, WALKING, OR ENERGIZATION"
WS-R01,3.240,DOUBLE,L+R,0.363100,0.147920,49.089428,369.213817,NONE,0.000091460,100.295084,9.819563,50 HZ CONTACT-ENABLED INVERSE FEEDFORWARD + FROZEN BASELINE PD GAINS,"PRELIMINARY - NUMERICAL HIP-REDUCTION SUCCESSOR ONLY - NOT APPROVED FOR CONNECTION, POWERED TESTING, MOTION, WALKING, OR ENERGIZATION"
WS-R01,3.260,DOUBLE,L+R,0.367588,0.151286,50.312903,366.231027,NONE,0.000091913,100.206567,9.770535,50 HZ CONTACT-ENABLED INVERSE FEEDFORWARD + FROZEN BASELINE PD GAINS,"PRELIMINARY - NUMERICAL HIP-REDUCTION SUCCESSOR ONLY - NOT APPROVED FOR CONNECTION, POWERED TESTING, MOTION, WALKING, OR ENERGIZATION"
WS-R01,3.280,DOUBLE,L+R,0.371813,0.154624,51.559661,363.201407,NONE,0.000092308,100.121421,9.718858,50 HZ CONTACT-ENABLED INVERSE FEEDFORWARD + FROZEN BASELINE PD GAINS,"PRELIMINARY - NUMERICAL HIP-REDUCTION SUCCESSOR ONLY - NOT APPROVED FOR CONNECTION, POWERED TESTING, MOTION, WALKING, OR ENERGIZATION"
WS-R01,3.300,DOUBLE,L+R,0.375998,0.157968,52.819490,360.122551,NONE,0.000089430,100.037858,9.664974,50 HZ CONTACT-ENABLED INVERSE FEEDFORWARD + FROZEN BASELINE PD GAINS,"PRELIMINARY - NUMERICAL HIP-REDUCTION SUCCESSOR ONLY - NOT APPROVED FOR CONNECTION, POWERED TESTING, MOTION, WALKING, OR ENERGIZATION"
WS-R01,3.320,DOUBLE,L+R,0.381797,0.161338,54.085873,356.994141,NONE,0.000083363,99.955007,9.609215,50 HZ CONTACT-ENABLED INVERSE FEEDFORWARD + FROZEN BASELINE PD GAINS,"PRELIMINARY - NUMERICAL HIP-REDUCTION SUCCESSOR ONLY - NOT APPROVED FOR CONNECTION, POWERED TESTING, MOTION, WALKING, OR ENERGIZATION"
WS-R01,3.340,DOUBLE,L+R,0.387523,0.164734,55.355885,353.816862,NONE,0.000077399,99.872692,9.551759,50 HZ CONTACT-ENABLED INVERSE FEEDFORWARD + FROZEN BASELINE PD GAINS,"PRELIMINARY - NUMERICAL HIP-REDUCTION SUCCESSOR ONLY - NOT APPROVED FOR CONNECTION, POWERED TESTING, MOTION, WALKING, OR ENERGIZATION"
WS-R01,3.360,DOUBLE,L+R,0.393162,0.168188,57.033260,350.679735,NONE,0.000071666,99.811708,9.485228,50 HZ CONTACT-ENABLED INVERSE FEEDFORWARD + FROZEN BASELINE PD GAINS,"PRELIMINARY - NUMERICAL HIP-REDUCTION SUCCESSOR ONLY - NOT APPROVED FOR CONNECTION, POWERED TESTING, MOTION, WALKING, OR ENERGIZATION"
WS-R01,3.380,DOUBLE,L+R,0.398640,0.171710,58.974412,347.685912,NONE,0.000066772,99.739837,9.419098,50 HZ CONTACT-ENABLED INVERSE FEEDFORWARD + FROZEN BASELINE PD GAINS,"PRELIMINARY - NUMERICAL HIP-REDUCTION SUCCESSOR ONLY - NOT APPROVED FOR CONNECTION, POWERED TESTING, MOTION, WALKING, OR ENERGIZATION"
WS-R01,3.400,DOUBLE,L+R,0.403925,0.175210,61.122869,344.636830,NONE,0.000062483,99.674620,9.350792,50 HZ CONTACT-ENABLED INVERSE FEEDFORWARD + FROZEN BASELINE PD GAINS,"PRELIMINARY - NUMERICAL HIP-REDUCTION SUCCESSOR ONLY - NOT APPROVED FOR CONNECTION, POWERED TESTING, MOTION, WALKING, OR ENERGIZATION"
WS-R01,3.420,DOUBLE,L+R,0.409002,0.178693,63.381043,341.565711,NONE,0.000058539,99.611689,9.279705,50 HZ CONTACT-ENABLED INVERSE FEEDFORWARD + FROZEN BASELINE PD GAINS,"PRELIMINARY - NUMERICAL HIP-REDUCTION SUCCESSOR ONLY - NOT APPROVED FOR CONNECTION, POWERED TESTING, MOTION, WALKING, OR ENERGIZATION"
WS-R01,3.440,DOUBLE,L+R,0.413908,0.182141,65.807543,338.571192,NONE,0.000054843,99.548103,9.202864,50 HZ CONTACT-ENABLED INVERSE FEEDFORWARD + FROZEN BASELINE PD GAINS,"PRELIMINARY - NUMERICAL HIP-REDUCTION SUCCESSOR ONLY - NOT APPROVED FOR CONNECTION, POWERED TESTING, MOTION, WALKING, OR ENERGIZATION"
WS-R01,3.460,DOUBLE,L+R,0.418607,0.185577,68.300862,335.603530,NONE,0.000051381,99.474952,9.123082,50 HZ CONTACT-ENABLED INVERSE FEEDFORWARD + FROZEN BASELINE PD GAINS,"PRELIMINARY - NUMERICAL HIP-REDUCTION SUCCESSOR ONLY - NOT APPROVED FOR CONNECTION, POWERED TESTING, MOTION, WALKING, OR ENERGIZATION"
WS-R01,3.480,DOUBLE,L+R,0.423093,0.189059,70.846755,332.534700,NONE,0.000048018,99.401376,9.040949,50 HZ CONTACT-ENABLED INVERSE FEEDFORWARD + FROZEN BASELINE PD GAINS,"PRELIMINARY - NUMERICAL HIP-REDUCTION SUCCESSOR ONLY - NOT APPROVED FOR CONNECTION, POWERED TESTING, MOTION, WALKING, OR ENERGIZATION"
WS-R01,3.500,DOUBLE,L+R,0.427367,0.192567,73.439336,329.383273,NONE,0.000044696,99.327548,8.956887,50 HZ CONTACT-ENABLED INVERSE FEEDFORWARD + FROZEN BASELINE PD GAINS,"PRELIMINARY - NUMERICAL HIP-REDUCTION SUCCESSOR ONLY - NOT APPROVED FOR CONNECTION, POWERED TESTING, MOTION, WALKING, OR ENERGIZATION"
WS-R01,3.520,DOUBLE,L+R,0.431430,0.196083,76.075107,326.159773,NONE,0.000041399,99.253462,8.871044,50 HZ CONTACT-ENABLED INVERSE FEEDFORWARD + FROZEN BASELINE PD GAINS,"PRELIMINARY - NUMERICAL HIP-REDUCTION SUCCESSOR ONLY - NOT APPROVED FOR CONNECTION, POWERED TESTING, MOTION, WALKING, OR ENERGIZATION"
WS-R01,3.540,DOUBLE,L+R,0.435278,0.199602,78.753334,322.868568,NONE,0.000038123,99.179239,8.783487,50 HZ CONTACT-ENABLED INVERSE FEEDFORWARD + FROZEN BASELINE PD GAINS,"PRELIMINARY - NUMERICAL HIP-REDUCTION SUCCESSOR ONLY - NOT APPROVED FOR CONNECTION, POWERED TESTING, MOTION, WALKING, OR ENERGIZATION"
WS-R01,3.560,DOUBLE,L+R,0.438911,0.203438,81.471931,319.512898,NONE,0.000034867,99.105116,8.694280,50 HZ CONTACT-ENABLED INVERSE FEEDFORWARD + FROZEN BASELINE PD GAINS,"PRELIMINARY - NUMERICAL HIP-REDUCTION SUCCESSOR ONLY - NOT APPROVED FOR CONNECTION, POWERED TESTING, MOTION, WALKING, OR ENERGIZATION"
WS-R01,3.580,DOUBLE,L+R,0.442324,0.207332,84.228528,316.095406,NONE,0.000031633,99.031310,8.603468,50 HZ CONTACT-ENABLED INVERSE FEEDFORWARD + FROZEN BASELINE PD GAINS,"PRELIMINARY - NUMERICAL HIP-REDUCTION SUCCESSOR ONLY - NOT APPROVED FOR CONNECTION, POWERED TESTING, MOTION, WALKING, OR ENERGIZATION"
WS-R01,3.600,DOUBLE,L+R,0.445516,0.211228,87.021633,312.618919,NONE,0.000028426,98.958006,8.511112,50 HZ CONTACT-ENABLED INVERSE FEEDFORWARD + FROZEN BASELINE PD GAINS,"PRELIMINARY - NUMERICAL HIP-REDUCTION SUCCESSOR ONLY - NOT APPROVED FOR CONNECTION, POWERED TESTING, MOTION, WALKING, OR ENERGIZATION"
WS-R01,3.620,DOUBLE,L+R,0.448484,0.215124,89.849640,309.085860,NONE,0.000025251,98.885412,8.417286,50 HZ CONTACT-ENABLED INVERSE FEEDFORWARD + FROZEN BASELINE PD GAINS,"PRELIMINARY - NUMERICAL HIP-REDUCTION SUCCESSOR ONLY - NOT APPROVED FOR CONNECTION, POWERED TESTING, MOTION, WALKING, OR ENERGIZATION"
WS-R01,3.640,DOUBLE,L+R,0.451198,0.219069,92.710443,305.759027,NONE,0.000022105,98.798751,8.323302,50 HZ CONTACT-ENABLED INVERSE FEEDFORWARD + FROZEN BASELINE PD GAINS,"PRELIMINARY - NUMERICAL HIP-REDUCTION SUCCESSOR ONLY - NOT APPROVED FOR CONNECTION, POWERED TESTING, MOTION, WALKING, OR ENERGIZATION"
WS-R01,3.660,DOUBLE,L+R,0.453692,0.223001,95.603531,302.410849,NONE,0.000018986,98.707443,8.227299,50 HZ CONTACT-ENABLED INVERSE FEEDFORWARD + FROZEN BASELINE PD GAINS,"PRELIMINARY - NUMERICAL HIP-REDUCTION SUCCESSOR ONLY - NOT APPROVED FOR CONNECTION, POWERED TESTING, MOTION, WALKING, OR ENERGIZATION"
WS-R01,3.680,DOUBLE,L+R,0.455973,0.226888,98.524395,299.030960,NONE,0.000015904,98.617705,8.129833,50 HZ CONTACT-ENABLED INVERSE FEEDFORWARD + FROZEN BASELINE PD GAINS,"PRELIMINARY - NUMERICAL HIP-REDUCTION SUCCESSOR ONLY - NOT APPROVED FOR CONNECTION, POWERED TESTING, MOTION, WALKING, OR ENERGIZATION"
WS-R01,3.700,DOUBLE,L+R,0.458082,0.230778,101.474678,295.669925,NONE,0.000012860,98.525097,8.029946,50 HZ CONTACT-ENABLED INVERSE FEEDFORWARD + FROZEN BASELINE PD GAINS,"PRELIMINARY - NUMERICAL HIP-REDUCTION SUCCESSOR ONLY - NOT APPROVED FOR CONNECTION, POWERED TESTING, MOTION, WALKING, OR ENERGIZATION"
WS-R01,3.720,DOUBLE,L+R,0.460063,0.234657,104.450059,292.294998,NONE,0.000009855,98.432206,7.928537,50 HZ CONTACT-ENABLED INVERSE FEEDFORWARD + FROZEN BASELINE PD GAINS,"PRELIMINARY - NUMERICAL HIP-REDUCTION SUCCESSOR ONLY - NOT APPROVED FOR CONNECTION, POWERED TESTING, MOTION, WALKING, OR ENERGIZATION"
WS-R01,3.740,DOUBLE,L+R,0.461947,0.238532,107.446691,288.917719,NONE,0.000006896,98.337798,7.825582,50 HZ CONTACT-ENABLED INVERSE FEEDFORWARD + FROZEN BASELINE PD GAINS,"PRELIMINARY - NUMERICAL HIP-REDUCTION SUCCESSOR ONLY - NOT APPROVED FOR CONNECTION, POWERED TESTING, MOTION, WALKING, OR ENERGIZATION"
WS-R01,3.760,DOUBLE,L+R,0.463751,0.242389,110.462364,285.511179,NONE,0.000003990,98.244921,7.721400,50 HZ CONTACT-ENABLED INVERSE FEEDFORWARD + FROZEN BASELINE PD GAINS,"PRELIMINARY - NUMERICAL HIP-REDUCTION SUCCESSOR ONLY - NOT APPROVED FOR CONNECTION, POWERED TESTING, MOTION, WALKING, OR ENERGIZATION"
WS-R01,3.780,DOUBLE,L+R,0.465476,0.246235,113.493405,282.081740,NONE,0.000001143,98.153947,7.616198,50 HZ CONTACT-ENABLED INVERSE FEEDFORWARD + FROZEN BASELINE PD GAINS,"PRELIMINARY - NUMERICAL HIP-REDUCTION SUCCESSOR ONLY - NOT APPROVED FOR CONNECTION, POWERED TESTING, MOTION, WALKING, OR ENERGIZATION"
WS-R01,3.800,DOUBLE,L+R,0.467119,0.250071,116.537597,278.636558,NONE,-0.000001639,98.064933,7.510111,50 HZ CONTACT-ENABLED INVERSE FEEDFORWARD + FROZEN BASELINE PD GAINS,"PRELIMINARY - NUMERICAL HIP-REDUCTION SUCCESSOR ONLY - NOT APPROVED FOR CONNECTION, POWERED TESTING, MOTION, WALKING, OR ENERGIZATION"
WS-R01,3.820,DOUBLE,L+R,0.468677,0.253896,119.592965,275.179119,NONE,-0.000004352,97.978078,7.403302,50 HZ CONTACT-ENABLED INVERSE FEEDFORWARD + FROZEN BASELINE PD GAINS,"PRELIMINARY - NUMERICAL HIP-REDUCTION SUCCESSOR ONLY - NOT APPROVED FOR CONNECTION, POWERED TESTING, MOTION, WALKING, OR ENERGIZATION"
WS-R01,3.840,DOUBLE,L+R,0.470148,0.257709,122.656938,271.714365,NONE,-0.000006991,97.893411,7.295900,50 HZ CONTACT-ENABLED INVERSE FEEDFORWARD + FROZEN BASELINE PD GAINS,"PRELIMINARY - NUMERICAL HIP-REDUCTION SUCCESSOR ONLY - NOT APPROVED FOR CONNECTION, POWERED TESTING, MOTION, WALKING, OR ENERGIZATION"
WS-R01,3.860,DOUBLE,L+R,0.471529,0.261505,125.727224,268.245882,NONE,-0.000009551,97.811036,7.188079,50 HZ CONTACT-ENABLED INVERSE FEEDFORWARD + FROZEN BASELINE PD GAINS,"PRELIMINARY - NUMERICAL HIP-REDUCTION SUCCESSOR ONLY - NOT APPROVED FOR CONNECTION, POWERED TESTING, MOTION, WALKING, OR ENERGIZATION"
WS-R01,3.880,DOUBLE,L+R,0.472819,0.265284,128.801117,264.778136,NONE,-0.000012029,97.731052,7.079974,50 HZ CONTACT-ENABLED INVERSE FEEDFORWARD + FROZEN BASELINE PD GAINS,"PRELIMINARY - NUMERICAL HIP-REDUCTION SUCCESSOR ONLY - NOT APPROVED FOR CONNECTION, POWERED TESTING, MOTION, WALKING, OR ENERGIZATION"
WS-R01,3.900,DOUBLE,L+R,0.474017,0.269043,131.875168,261.314985,NONE,-0.000014422,97.653578,6.971726,50 HZ CONTACT-ENABLED INVERSE FEEDFORWARD + FROZEN BASELINE PD GAINS,"PRELIMINARY - NUMERICAL HIP-REDUCTION SUCCESSOR ONLY - NOT APPROVED FOR CONNECTION, POWERED TESTING, MOTION, WALKING, OR ENERGIZATION"
WS-R01,3.920,DOUBLE,L+R,0.475121,0.272782,134.948133,257.859907,NONE,-0.000016730,97.578666,6.863488,50 HZ CONTACT-ENABLED INVERSE FEEDFORWARD + FROZEN BASELINE PD GAINS,"PRELIMINARY - NUMERICAL HIP-REDUCTION SUCCESSOR ONLY - NOT APPROVED FOR CONNECTION, POWERED TESTING, MOTION, WALKING, OR ENERGIZATION"
WS-R01,3.940,DOUBLE,L+R,0.476131,0.276497,138.015577,254.417135,NONE,-0.000018953,97.506422,6.755383,50 HZ CONTACT-ENABLED INVERSE FEEDFORWARD + FROZEN BASELINE PD GAINS,"PRELIMINARY - NUMERICAL HIP-REDUCTION SUCCESSOR ONLY - NOT APPROVED FOR CONNECTION, POWERED TESTING, MOTION, WALKING, OR ENERGIZATION"
WS-R01,3.960,DOUBLE,L+R,0.477048,0.280187,141.076343,250.990862,NONE,-0.000021090,97.436849,6.647565,50 HZ CONTACT-ENABLED INVERSE FEEDFORWARD + FROZEN BASELINE PD GAINS,"PRELIMINARY - NUMERICAL HIP-REDUCTION SUCCESSOR ONLY - NOT APPROVED FOR CONNECTION, POWERED TESTING, MOTION, WALKING, OR ENERGIZATION"
WS-R01,3.980,DOUBLE,L+R,0.477869,0.283852,144.126464,247.584322,NONE,-0.000023143,97.370082,6.540196,50 HZ CONTACT-ENABLED INVERSE FEEDFORWARD + FROZEN BASELINE PD GAINS,"PRELIMINARY - NUMERICAL HIP-REDUCTION SUCCESSOR ONLY - NOT APPROVED FOR CONNECTION, POWERED TESTING, MOTION, WALKING, OR ENERGIZATION"
WS-R01,4.000,DOUBLE,L+R,0.478597,0.287489,147.163186,244.202140,NONE,-0.000025113,97.306086,6.433390,50 HZ CONTACT-ENABLED INVERSE FEEDFORWARD + FROZEN BASELINE PD GAINS,"PRELIMINARY - NUMERICAL HIP-REDUCTION SUCCESSOR ONLY - NOT APPROVED FOR CONNECTION, POWERED TESTING, MOTION, WALKING, OR ENERGIZATION"
WS-R01,4.020,DOUBLE,L+R,0.479230,0.291097,150.183827,240.847665,NONE,-0.000026998,97.244925,6.327306,50 HZ CONTACT-ENABLED INVERSE FEEDFORWARD + FROZEN BASELINE PD GAINS,"PRELIMINARY - NUMERICAL HIP-REDUCTION SUCCESSOR ONLY - NOT APPROVED FOR CONNECTION, POWERED TESTING, MOTION, WALKING, OR ENERGIZATION"
WS-R01,4.040,DOUBLE,L+R,0.479771,0.294676,153.187323,237.523659,NONE,-0.000028801,97.186596,6.222088,50 HZ CONTACT-ENABLED INVERSE FEEDFORWARD + FROZEN BASELINE PD GAINS,"PRELIMINARY - NUMERICAL HIP-REDUCTION SUCCESSOR ONLY - NOT APPROVED FOR CONNECTION, POWERED TESTING, MOTION, WALKING, OR ENERGIZATION"
WS-R01,4.060,DOUBLE,L+R,0.480219,0.298223,156.168378,234.234767,NONE,-0.000030525,97.131128,6.117854,50 HZ CONTACT-ENABLED INVERSE FEEDFORWARD + FROZEN BASELINE PD GAINS,"PRELIMINARY - NUMERICAL HIP-REDUCTION SUCCESSOR ONLY - NOT APPROVED FOR CONNECTION, POWERED TESTING, MOTION, WALKING, OR ENERGIZATION"
WS-R01,4.080,DOUBLE,L+R,0.480577,0.301737,159.125563,230.984151,NONE,-0.000032169,97.078477,6.014740,50 HZ CONTACT-ENABLED INVERSE FEEDFORWARD + FROZEN BASELINE PD GAINS,"PRELIMINARY - NUMERICAL HIP-REDUCTION SUCCESSOR ONLY - NOT APPROVED FOR CONNECTION, POWERED TESTING, MOTION, WALKING, OR ENERGIZATION"
WS-R01,4.100,DOUBLE,L+R,0.480845,0.305217,162.056893,227.774296,NONE,-0.000033735,97.028655,5.912883,50 HZ CONTACT-ENABLED INVERSE FEEDFORWARD + FROZEN BASELINE PD GAINS,"PRELIMINARY - NUMERICAL HIP-REDUCTION SUCCESSOR ONLY - NOT APPROVED FOR CONNECTION, POWERED TESTING, MOTION, WALKING, OR ENERGIZATION"
WS-R01,4.120,DOUBLE,L+R,0.481025,0.308662,164.959454,224.609076,NONE,-0.000035225,96.981625,5.812389,50 HZ CONTACT-ENABLED INVERSE FEEDFORWARD + FROZEN BASELINE PD GAINS,"PRELIMINARY - NUMERICAL HIP-REDUCTION SUCCESSOR ONLY - NOT APPROVED FOR CONNECTION, POWERED TESTING, MOTION, WALKING, OR ENERGIZATION"
WS-R01,4.140,DOUBLE,L+R,0.481119,0.312070,167.831512,221.491166,NONE,-0.000036639,96.937346,5.713400,50 HZ CONTACT-ENABLED INVERSE FEEDFORWARD + FROZEN BASELINE PD GAINS,"PRELIMINARY - NUMERICAL HIP-REDUCTION SUCCESSOR ONLY - NOT APPROVED FOR CONNECTION, POWERED TESTING, MOTION, WALKING, OR ENERGIZATION"
WS-R01,4.160,DOUBLE,L+R,0.481130,0.315440,170.670122,218.423239,NONE,-0.000037981,96.895756,5.616016,50 HZ CONTACT-ENABLED INVERSE FEEDFORWARD + FROZEN BASELINE PD GAINS,"PRELIMINARY - NUMERICAL HIP-REDUCTION SUCCESSOR ONLY - NOT APPROVED FOR CONNECTION, POWERED TESTING, MOTION, WALKING, OR ENERGIZATION"
WS-R01,4.180,DOUBLE,L+R,0.481058,0.318771,173.474059,215.407835,NONE,-0.000039249,96.856770,5.520345,50 HZ CONTACT-ENABLED INVERSE FEEDFORWARD + FROZEN BASELINE PD GAINS,"PRELIMINARY - NUMERICAL HIP-REDUCTION SUCCESSOR ONLY - NOT APPROVED FOR CONNECTION, POWERED TESTING, MOTION, WALKING, OR ENERGIZATION"
WS-R01,4.200,DOUBLE,L+R,0.480908,0.322063,176.241732,212.446908,NONE,-0.000040448,96.820354,5.426487,50 HZ CONTACT-ENABLED INVERSE FEEDFORWARD + FROZEN BASELINE PD GAINS,"PRELIMINARY - NUMERICAL HIP-REDUCTION SUCCESSOR ONLY - NOT APPROVED FOR CONNECTION, POWERED TESTING, MOTION, WALKING, OR ENERGIZATION"
WS-R01,4.220,DOUBLE,L+R,0.480680,0.325314,178.969528,209.543752,NONE,-0.000041579,96.786438,5.334519,50 HZ CONTACT-ENABLED INVERSE FEEDFORWARD + FROZEN BASELINE PD GAINS,"PRELIMINARY - NUMERICAL HIP-REDUCTION SUCCESSOR ONLY - NOT APPROVED FOR CONNECTION, POWERED TESTING, MOTION, WALKING, OR ENERGIZATION"
WS-R01,4.240,DOUBLE,L+R,0.480379,0.328522,181.655921,206.700176,NONE,-0.000042643,96.754951,5.244537,50 HZ CONTACT-ENABLED INVERSE FEEDFORWARD + FROZEN BASELINE PD GAINS,"PRELIMINARY - NUMERICAL HIP-REDUCTION SUCCESSOR ONLY - NOT APPROVED FOR CONNECTION, POWERED TESTING, MOTION, WALKING, OR ENERGIZATION"
WS-R01,4.260,DOUBLE,L+R,0.480007,0.331687,184.299848,203.917421,NONE,-0.000043642,96.725813,5.156625,50 HZ CONTACT-ENABLED INVERSE FEEDFORWARD + FROZEN BASELINE PD GAINS,"PRELIMINARY - NUMERICAL HIP-REDUCTION SUCCESSOR ONLY - NOT APPROVED FOR CONNECTION, POWERED TESTING, MOTION, WALKING, OR ENERGIZATION"
WS-R01,4.280,DOUBLE,L+R,0.479566,0.334808,186.899360,201.197306,NONE,-0.000044579,96.698932,5.070835,50 HZ CONTACT-ENABLED INVERSE FEEDFORWARD + FROZEN BASELINE PD GAINS,"PRELIMINARY - NUMERICAL HIP-REDUCTION SUCCESSOR ONLY - NOT APPROVED FOR CONNECTION, POWERED TESTING, MOTION, WALKING, OR ENERGIZATION"
WS-R01,4.300,DOUBLE,L+R,0.479061,0.337884,189.453077,198.541596,NONE,-0.000045456,96.674212,4.987236,50 HZ CONTACT-ENABLED INVERSE FEEDFORWARD + FROZEN BASELINE PD GAINS,"PRELIMINARY - NUMERICAL HIP-REDUCTION SUCCESSOR ONLY - NOT APPROVED FOR CONNECTION, POWERED TESTING, MOTION, WALKING, OR ENERGIZATION"
WS-R01,4.320,DOUBLE,L+R,0.478493,0.340914,191.958148,195.951582,NONE,-0.000046274,96.651595,4.905884,50 HZ CONTACT-ENABLED INVERSE FEEDFORWARD + FROZEN BASELINE PD GAINS,"PRELIMINARY - NUMERICAL HIP-REDUCTION SUCCESSOR ONLY - NOT APPROVED FOR CONNECTION, POWERED TESTING, MOTION, WALKING, OR ENERGIZATION"
WS-R01,4.340,DOUBLE,L+R,0.477867,0.343896,194.414863,193.428181,NONE,-0.000047036,96.630935,4.826827,50 HZ CONTACT-ENABLED INVERSE FEEDFORWARD + FROZEN BASELINE PD GAINS,"PRELIMINARY - NUMERICAL HIP-REDUCTION SUCCESSOR ONLY - NOT APPROVED FOR CONNECTION, POWERED TESTING, MOTION, WALKING, OR ENERGIZATION"
WS-R01,4.360,DOUBLE,L+R,0.477186,0.346830,196.820730,190.972324,NONE,-0.000047743,96.612179,4.750099,50 HZ CONTACT-ENABLED INVERSE FEEDFORWARD + FROZEN BASELINE PD GAINS,"PRELIMINARY - NUMERICAL HIP-REDUCTION SUCCESSOR ONLY - NOT APPROVED FOR CONNECTION, POWERED TESTING, MOTION, WALKING, OR ENERGIZATION"
WS-R01,4.380,DOUBLE,L+R,0.476452,0.349715,199.175133,188.585641,NONE,-0.000048396,96.595178,4.675725,50 HZ CONTACT-ENABLED INVERSE FEEDFORWARD + FROZEN BASELINE PD GAINS,"PRELIMINARY - NUMERICAL HIP-REDUCTION SUCCESSOR ONLY - NOT APPROVED FOR CONNECTION, POWERED TESTING, MOTION, WALKING, OR ENERGIZATION"
WS-R01,4.400,DOUBLE,L+R,0.475671,0.352551,201.477526,186.267510,NONE,-0.000048998,96.579892,4.603759,50 HZ CONTACT-ENABLED INVERSE FEEDFORWARD + FROZEN BASELINE PD GAINS,"PRELIMINARY - NUMERICAL HIP-REDUCTION SUCCESSOR ONLY - NOT APPROVED FOR CONNECTION, POWERED TESTING, MOTION, WALKING, OR ENERGIZATION"
WS-R01,4.420,DOUBLE,L+R,0.474844,0.355336,203.726435,184.018464,NONE,-0.000049551,96.566193,4.534182,50 HZ CONTACT-ENABLED INVERSE FEEDFORWARD + FROZEN BASELINE PD GAINS,"PRELIMINARY - NUMERICAL HIP-REDUCTION SUCCESSOR ONLY - NOT APPROVED FOR CONNECTION, POWERED TESTING, MOTION, WALKING, OR ENERGIZATION"
WS-R01,4.440,DOUBLE,L+R,0.473976,0.358070,205.921202,181.840054,NONE,-0.000050055,96.553946,4.467010,50 HZ CONTACT-ENABLED INVERSE FEEDFORWARD + FROZEN BASELINE PD GAINS,"PRELIMINARY - NUMERICAL HIP-REDUCTION SUCCESSOR ONLY - NOT APPROVED FOR CONNECTION, POWERED TESTING, MOTION, WALKING, OR ENERGIZATION"
WS-R01,4.460,DOUBLE,L+R,0.473069,0.360751,208.060443,179.731810,NONE,-0.000050513,96.543124,4.402263,50 HZ CONTACT-ENABLED INVERSE FEEDFORWARD + FROZEN BASELINE PD GAINS,"PRELIMINARY - NUMERICAL HIP-REDUCTION SUCCESSOR ONLY - NOT APPROVED FOR CONNECTION, POWERED TESTING, MOTION, WALKING, OR ENERGIZATION"
WS-R01,4.480,DOUBLE,L+R,0.472128,0.363380,210.145069,177.693357,NONE,-0.000050926,96.533581,4.339930,50 HZ CONTACT-ENABLED INVERSE FEEDFORWARD + FROZEN BASELINE PD GAINS,"PRELIMINARY - NUMERICAL HIP-REDUCTION SUCCESSOR ONLY - NOT APPROVED FOR CONNECTION, POWERED TESTING, MOTION, WALKING, OR ENERGIZATION"
WS-R01,4.500,DOUBLE,L+R,0.471156,0.365956,212.173721,175.724748,NONE,-0.000051296,96.525246,4.279998,50 HZ CONTACT-ENABLED INVERSE FEEDFORWARD + FROZEN BASELINE PD GAINS,"PRELIMINARY - NUMERICAL HIP-REDUCTION SUCCESSOR ONLY - NOT APPROVED FOR CONNECTION, POWERED TESTING, MOTION, WALKING, OR ENERGIZATION"
WS-R01,4.520,DOUBLE,L+R,0.470155,0.368478,214.145535,173.826461,NONE,-0.000051624,96.518012,4.222443,50 HZ CONTACT-ENABLED INVERSE FEEDFORWARD + FROZEN BASELINE PD GAINS,"PRELIMINARY - NUMERICAL HIP-REDUCTION SUCCESSOR ONLY - NOT APPROVED FOR CONNECTION, POWERED TESTING, MOTION, WALKING, OR ENERGIZATION"
WS-R01,4.540,DOUBLE,L+R,0.469131,0.370945,216.061039,171.997319,NONE,-0.000051910,96.511809,4.167262,50 HZ CONTACT-ENABLED INVERSE FEEDFORWARD + FROZEN BASELINE PD GAINS,"PRELIMINARY - NUMERICAL HIP-REDUCTION SUCCESSOR ONLY - NOT APPROVED FOR CONNECTION, POWERED TESTING, MOTION, WALKING, OR ENERGIZATION"
WS-R01,4.560,DOUBLE,L+R,0.468085,0.373357,217.919629,170.237350,NONE,-0.000052157,96.506534,4.114409,50 HZ CONTACT-ENABLED INVERSE FEEDFORWARD + FROZEN BASELINE PD GAINS,"PRELIMINARY - NUMERICAL HIP-REDUCTION SUCCESSOR ONLY - NOT APPROVED FOR CONNECTION, POWERED TESTING, MOTION, WALKING, OR ENERGIZATION"
WS-R01,4.580,DOUBLE,L+R,0.467021,0.375713,219.721667,168.545907,NONE,-0.000052365,96.502113,4.063860,50 HZ CONTACT-ENABLED INVERSE FEEDFORWARD + FROZEN BASELINE PD GAINS,"PRELIMINARY - NUMERICAL HIP-REDUCTION SUCCESSOR ONLY - NOT APPROVED FOR CONNECTION, POWERED TESTING, MOTION, WALKING, OR ENERGIZATION"
WS-R01,4.600,DOUBLE,L+R,0.465942,0.378013,221.466583,166.922647,NONE,-0.000052537,96.498470,4.015576,50 HZ CONTACT-ENABLED INVERSE FEEDFORWARD + FROZEN BASELINE PD GAINS,"PRELIMINARY - NUMERICAL HIP-REDUCTION SUCCESSOR ONLY - NOT APPROVED FOR CONNECTION, POWERED TESTING, MOTION, WALKING, OR ENERGIZATION"
WS-R01,4.620,DOUBLE,L+R,0.464851,0.380257,223.154413,165.366565,NONE,-0.000052672,96.495541,3.969519,50 HZ CONTACT-ENABLED INVERSE FEEDFORWARD + FROZEN BASELINE PD GAINS,"PRELIMINARY - NUMERICAL HIP-REDUCTION SUCCESSOR ONLY - NOT APPROVED FOR CONNECTION, POWERED TESTING, MOTION, WALKING, OR ENERGIZATION"
WS-R01,4.640,DOUBLE,L+R,0.463752,0.382445,224.786753,163.876422,NONE,-0.000052772,96.493228,3.925643,50 HZ CONTACT-ENABLED INVERSE FEEDFORWARD + FROZEN BASELINE PD GAINS,"PRELIMINARY - NUMERICAL HIP-REDUCTION SUCCESSOR ONLY - NOT APPROVED FOR CONNECTION, POWERED TESTING, MOTION, WALKING, OR ENERGIZATION"
WS-R01,4.660,DOUBLE,L+R,0.462646,0.384575,226.361389,162.452278,NONE,-0.000052839,96.491498,3.883891,50 HZ CONTACT-ENABLED INVERSE FEEDFORWARD + FROZEN BASELINE PD GAINS,"PRELIMINARY - NUMERICAL HIP-REDUCTION SUCCESSOR ONLY - NOT APPROVED FOR CONNECTION, POWERED TESTING, MOTION, WALKING, OR ENERGIZATION"
WS-R01,4.680,DOUBLE,L+R,0.461538,0.386647,227.880119,161.093141,NONE,-0.000052872,96.490249,3.844220,50 HZ CONTACT-ENABLED INVERSE FEEDFORWARD + FROZEN BASELINE PD GAINS,"PRELIMINARY - NUMERICAL HIP-REDUCTION SUCCESSOR ONLY - NOT APPROVED FOR CONNECTION, POWERED TESTING, MOTION, WALKING, OR ENERGIZATION"
WS-R01,4.700,DOUBLE,L+R,0.460429,0.388662,229.343271,159.797086,NONE,-0.000052873,96.489469,3.806580,50 HZ CONTACT-ENABLED INVERSE FEEDFORWARD + FROZEN BASELINE PD GAINS,"PRELIMINARY - NUMERICAL HIP-REDUCTION SUCCESSOR ONLY - NOT APPROVED FOR CONNECTION, POWERED TESTING, MOTION, WALKING, OR ENERGIZATION"
WS-R01,4.720,DOUBLE,L+R,0.460367,0.390620,230.751137,158.564067,NONE,-0.000052842,96.489053,3.770900,50 HZ CONTACT-ENABLED INVERSE FEEDFORWARD + FROZEN BASELINE PD GAINS,"PRELIMINARY - NUMERICAL HIP-REDUCTION SUCCESSOR ONLY - NOT APPROVED FOR CONNECTION, POWERED TESTING, MOTION, WALKING, OR ENERGIZATION"
WS-R01,4.740,DOUBLE,L+R,0.465640,0.392519,232.104066,157.392632,NONE,-0.000053804,96.488991,3.737136,50 HZ CONTACT-ENABLED INVERSE FEEDFORWARD + FROZEN BASELINE PD GAINS,"PRELIMINARY - NUMERICAL HIP-REDUCTION SUCCESSOR ONLY - NOT APPROVED FOR CONNECTION, POWERED TESTING, MOTION, WALKING, OR ENERGIZATION"
WS-R01,4.760,DOUBLE,L+R,0.470853,0.394360,233.401961,156.281864,NONE,-0.000054966,96.489221,3.705227,50 HZ CONTACT-ENABLED INVERSE FEEDFORWARD + FROZEN BASELINE PD GAINS,"PRELIMINARY - NUMERICAL HIP-REDUCTION SUCCESSOR ONLY - NOT APPROVED FOR CONNECTION, POWERED TESTING, MOTION, WALKING, OR ENERGIZATION"
WS-R01,4.780,DOUBLE,L+R,0.476000,0.396143,234.645930,155.230433,NONE,-0.000056103,96.489696,3.675104,50 HZ CONTACT-ENABLED INVERSE FEEDFORWARD + FROZEN BASELINE PD GAINS,"PRELIMINARY - NUMERICAL HIP-REDUCTION SUCCESSOR ONLY - NOT APPROVED FOR CONNECTION, POWERED TESTING, MOTION, WALKING, OR ENERGIZATION"
WS-R01,4.800,DOUBLE,L+R,0.481080,0.397869,235.837352,154.236883,NONE,-0.000057214,96.490365,3.646719,50 HZ CONTACT-ENABLED INVERSE FEEDFORWARD + FROZEN BASELINE PD GAINS,"PRELIMINARY - NUMERICAL HIP-REDUCTION SUCCESSOR ONLY - NOT APPROVED FOR CONNECTION, POWERED TESTING, MOTION, WALKING, OR ENERGIZATION"
WS-R01,4.820,DOUBLE,L+R,0.486091,0.399536,236.975102,153.300595,NONE,-0.000058300,96.491221,3.619995,50 HZ CONTACT-ENABLED INVERSE FEEDFORWARD + FROZEN BASELINE PD GAINS,"PRELIMINARY - NUMERICAL HIP-REDUCTION SUCCESSOR ONLY - NOT APPROVED FOR CONNECTION, POWERED TESTING, MOTION, WALKING, OR ENERGIZATION"
WS-R01,4.840,DOUBLE,L+R,0.491028,0.401145,238.061666,152.420318,NONE,-0.000059361,96.492184,3.594880,50 HZ CONTACT-ENABLED INVERSE FEEDFORWARD + FROZEN BASELINE PD GAINS,"PRELIMINARY - NUMERICAL HIP-REDUCTION SUCCESSOR ONLY - NOT APPROVED FOR CONNECTION, POWERED TESTING, MOTION, WALKING, OR ENERGIZATION"
WS-R01,4.860,DOUBLE,L+R,0.495890,0.402697,239.096386,151.594059,NONE,-0.000060396,96.493293,3.571317,50 HZ CONTACT-ENABLED INVERSE FEEDFORWARD + FROZEN BASELINE PD GAINS,"PRELIMINARY - NUMERICAL HIP-REDUCTION SUCCESSOR ONLY - NOT APPROVED FOR CONNECTION, POWERED TESTING, MOTION, WALKING, OR ENERGIZATION"
WS-R01,4.880,DOUBLE,L+R,0.500676,0.404192,240.080787,150.821631,NONE,-0.000061406,96.494436,3.549230,50 HZ CONTACT-ENABLED INVERSE FEEDFORWARD + FROZEN BASELINE PD GAINS,"PRELIMINARY - NUMERICAL HIP-REDUCTION SUCCESSOR ONLY - NOT APPROVED FOR CONNECTION, POWERED TESTING, MOTION, WALKING, OR ENERGIZATION"
WS-R01,4.900,DOUBLE,L+R,0.505381,0.405629,241.014725,150.101284,NONE,-0.000062389,96.495659,3.528575,50 HZ CONTACT-ENABLED INVERSE FEEDFORWARD + FROZEN BASELINE PD GAINS,"PRELIMINARY - NUMERICAL HIP-REDUCTION SUCCESSOR ONLY - NOT APPROVED FOR CONNECTION, POWERED TESTING, MOTION, WALKING, OR ENERGIZATION"
WS-R01,4.920,DOUBLE,L+R,0.510004,0.407009,241.900724,149.431098,NONE,-0.000063347,96.496896,3.509289,50 HZ CONTACT-ENABLED INVERSE FEEDFORWARD + FROZEN BASELINE PD GAINS,"PRELIMINARY - NUMERICAL HIP-REDUCTION SUCCESSOR ONLY - NOT APPROVED FOR CONNECTION, POWERED TESTING, MOTION, WALKING, OR ENERGIZATION"
WS-R01,4.940,DOUBLE,L+R,0.514545,0.408333,242.737409,148.810816,NONE,-0.000064278,96.498148,3.491306,50 HZ CONTACT-ENABLED INVERSE FEEDFORWARD + FROZEN BASELINE PD GAINS,"PRELIMINARY - NUMERICAL HIP-REDUCTION SUCCESSOR ONLY - NOT APPROVED FOR CONNECTION, POWERED TESTING, MOTION, WALKING, OR ENERGIZATION"
WS-R01,4.960,DOUBLE,L+R,0.519001,0.409601,243.526789,148.238719,NONE,-0.000065181,96.499388,3.474571,50 HZ CONTACT-ENABLED INVERSE FEEDFORWARD + FROZEN BASELINE PD GAINS,"PRELIMINARY - NUMERICAL HIP-REDUCTION SUCCESSOR ONLY - NOT APPROVED FOR CONNECTION, POWERED TESTING, MOTION, WALKING, OR ENERGIZATION"
WS-R01,4.980,DOUBLE,L+R,0.523371,0.410813,244.270346,147.713316,NONE,-0.000066057,96.500589,3.459036,50 HZ CONTACT-ENABLED INVERSE FEEDFORWARD + FROZEN BASELINE PD GAINS,"PRELIMINARY - NUMERICAL HIP-REDUCTION SUCCESSOR ONLY - NOT APPROVED FOR CONNECTION, POWERED TESTING, MOTION, WALKING, OR ENERGIZATION"
WS-R01,5.000,DOUBLE,L+R,0.527679,0.411753,247.683219,143.582981,NONE,-0.000060927,96.324272,3.347332,50 HZ CONTACT-ENABLED INVERSE FEEDFORWARD + FROZEN BASELINE PD GAINS,"PRELIMINARY - NUMERICAL HIP-REDUCTION SUCCESSOR ONLY - NOT APPROVED FOR CONNECTION, POWERED TESTING, MOTION, WALKING, OR ENERGIZATION"
WS-R01,5.020,DOUBLE,L+R,0.531925,0.413327,247.745598,149.092069,NONE,-0.000060295,96.751248,3.233045,50 HZ CONTACT-ENABLED INVERSE FEEDFORWARD + FROZEN BASELINE PD GAINS,"PRELIMINARY - NUMERICAL HIP-REDUCTION SUCCESSOR ONLY - NOT APPROVED FOR CONNECTION, POWERED TESTING, MOTION, WALKING, OR ENERGIZATION"
WS-R01,5.040,DOUBLE,L+R,0.535677,0.414064,248.626113,145.004238,NONE,-0.000056016,96.446923,3.916548,50 HZ CONTACT-ENABLED INVERSE FEEDFORWARD + FROZEN BASELINE PD GAINS,"PRELIMINARY - NUMERICAL HIP-REDUCTION SUCCESSOR ONLY - NOT APPROVED FOR CONNECTION, POWERED TESTING, MOTION, WALKING, OR ENERGIZATION"
WS-R01,5.060,DOUBLE,L+R,0.539284,0.414845,243.275460,148.489707,NONE,-0.000053936,96.302041,3.720980,50 HZ CONTACT-ENABLED INVERSE FEEDFORWARD + FROZEN BASELINE PD GAINS,"PRELIMINARY - NUMERICAL HIP-REDUCTION SUCCESSOR ONLY - NOT APPROVED FOR CONNECTION, POWERED TESTING, MOTION, WALKING, OR ENERGIZATION"
WS-R01,5.080,DOUBLE,L+R,0.543159,0.415882,248.204477,152.246747,NONE,-0.000054383,104.028146,6.217444,50 HZ CONTACT-ENABLED INVERSE FEEDFORWARD + FROZEN BASELINE PD GAINS,"PRELIMINARY - NUMERICAL HIP-REDUCTION SUCCESSOR ONLY - NOT APPROVED FOR CONNECTION, POWERED TESTING, MOTION, WALKING, OR ENERGIZATION"
WS-R01,5.100,DOUBLE,L+R,0.547163,0.417217,250.042213,143.014855,NONE,-0.000053714,98.007645,3.547184,50 HZ CONTACT-ENABLED INVERSE FEEDFORWARD + FROZEN BASELINE PD GAINS,"PRELIMINARY - NUMERICAL HIP-REDUCTION SUCCESSOR ONLY - NOT APPROVED FOR CONNECTION, POWERED TESTING, MOTION, WALKING, OR ENERGIZATION"
WS-R01,5.120,DOUBLE,L+R,0.550176,0.417460,243.975420,152.373322,NONE,-0.000050946,98.971292,4.331705,50 HZ CONTACT-ENABLED INVERSE FEEDFORWARD + FROZEN BASELINE PD GAINS,"PRELIMINARY - NUMERICAL HIP-REDUCTION SUCCESSOR ONLY - NOT APPROVED FOR CONNECTION, POWERED TESTING, MOTION, WALKING, OR ENERGIZATION"
WS-R01,5.140,DOUBLE,L+R,0.553867,0.418561,248.698009,150.045372,NONE,-0.000050746,97.385084,4.513378,50 HZ CONTACT-ENABLED INVERSE FEEDFORWARD + FROZEN BASELINE PD GAINS,"PRELIMINARY - NUMERICAL HIP-REDUCTION SUCCESSOR ONLY - NOT APPROVED FOR CONNECTION, POWERED TESTING, MOTION, WALKING, OR ENERGIZATION"
WS-R01,5.160,DOUBLE,L+R,0.557574,0.419490,250.460313,150.555374,NONE,-0.000051052,105.027515,6.439616,50 HZ CONTACT-ENABLED INVERSE FEEDFORWARD + FROZEN BASELINE PD GAINS,"PRELIMINARY - NUMERICAL HIP-REDUCTION SUCCESSOR ONLY - NOT APPROVED FOR CONNECTION, POWERED TESTING, MOTION, WALKING, OR ENERGIZATION"
WS-R01,5.180,DOUBLE,L+R,0.560786,0.420031,250.546385,150.762995,NONE,-0.000049088,105.014258,6.427096,50 HZ CONTACT-ENABLED INVERSE FEEDFORWARD + FROZEN BASELINE PD GAINS,"PRELIMINARY - NUMERICAL HIP-REDUCTION SUCCESSOR ONLY - NOT APPROVED FOR CONNECTION, POWERED TESTING, MOTION, WALKING, OR ENERGIZATION"
WS-R01,5.200,DOUBLE,L+R,0.563916,0.420692,250.557938,150.853452,NONE,-0.000048188,104.963258,6.399760,50 HZ CONTACT-ENABLED INVERSE FEEDFORWARD + FROZEN BASELINE PD GAINS,"PRELIMINARY - NUMERICAL HIP-REDUCTION SUCCESSOR ONLY - NOT APPROVED FOR CONNECTION, POWERED TESTING, MOTION, WALKING, OR ENERGIZATION"
WS-R01,5.220,DOUBLE,L+R,0.566987,0.421319,250.537315,150.870113,NONE,-0.000048079,104.860766,6.348538,50 HZ CONTACT-ENABLED INVERSE FEEDFORWARD + FROZEN BASELINE PD GAINS,"PRELIMINARY - NUMERICAL HIP-REDUCTION SUCCESSOR ONLY - NOT APPROVED FOR CONNECTION, POWERED TESTING, MOTION, WALKING, OR ENERGIZATION"
WS-R01,5.240,DOUBLE,L+R,0.569991,0.421894,250.505150,150.840997,NONE,-0.000048455,104.662304,6.245033,50 HZ CONTACT-ENABLED INVERSE FEEDFORWARD + FROZEN BASELINE PD GAINS,"PRELIMINARY - NUMERICAL HIP-REDUCTION SUCCESSOR ONLY - NOT APPROVED FOR CONNECTION, POWERED TESTING, MOTION, WALKING, OR ENERGIZATION"
WS-R01,5.260,DOUBLE,L+R,0.572624,0.422191,245.176238,152.637497,NONE,-0.000044302,104.828298,5.848428,50 HZ CONTACT-ENABLED INVERSE FEEDFORWARD + FROZEN BASELINE PD GAINS,"PRELIMINARY - NUMERICAL HIP-REDUCTION SUCCESSOR ONLY - NOT APPROVED FOR CONNECTION, POWERED TESTING, MOTION, WALKING, OR ENERGIZATION"
WS-R01,5.280,DOUBLE,L+R,0.575526,0.422682,250.941437,154.644188,NONE,-0.000046592,97.731429,1.816345,50 HZ CONTACT-ENABLED INVERSE FEEDFORWARD + FROZEN BASELINE PD GAINS,"PRELIMINARY - NUMERICAL HIP-REDUCTION SUCCESSOR ONLY - NOT APPROVED FOR CONNECTION, POWERED TESTING, MOTION, WALKING, OR ENERGIZATION"
WS-R01,5.300,DOUBLE,L+R,0.578137,0.422892,249.395904,151.204168,NONE,-0.000042838,96.660564,3.763160,50 HZ CONTACT-ENABLED INVERSE FEEDFORWARD + FROZEN BASELINE PD GAINS,"PRELIMINARY - NUMERICAL HIP-REDUCTION SUCCESSOR ONLY - NOT APPROVED FOR CONNECTION, POWERED TESTING, MOTION, WALKING, OR ENERGIZATION"
WS-R01,5.320,DOUBLE,L+R,0.580991,0.423850,248.053151,147.413922,NONE,-0.000043340,96.221861,3.960405,50 HZ CONTACT-ENABLED INVERSE FEEDFORWARD + FROZEN BASELINE PD GAINS,"PRELIMINARY - NUMERICAL HIP-REDUCTION SUCCESSOR ONLY - NOT APPROVED FOR CONNECTION, POWERED TESTING, MOTION, WALKING, OR ENERGIZATION"
WS-R01,5.340,DOUBLE,L+R,0.583499,0.423837,250.591478,156.433114,NONE,-0.000044372,97.449502,1.275342,50 HZ CONTACT-ENABLED INVERSE FEEDFORWARD + FROZEN BASELINE PD GAINS,"PRELIMINARY - NUMERICAL HIP-REDUCTION SUCCESSOR ONLY - NOT APPROVED FOR CONNECTION, POWERED TESTING, MOTION, WALKING, OR ENERGIZATION"
WS-R01,5.360,DOUBLE,L+R,0.585977,0.424284,243.994507,153.548818,NONE,-0.000041302,106.456084,6.305668,50 HZ CONTACT-ENABLED INVERSE FEEDFORWARD + FROZEN BASELINE PD GAINS,"PRELIMINARY - NUMERICAL HIP-REDUCTION SUCCESSOR ONLY - NOT APPROVED FOR CONNECTION, POWERED TESTING, MOTION, WALKING, OR ENERGIZATION"
WS-R01,5.380,DOUBLE,L+R,0.588649,0.424790,248.648194,146.778118,NONE,-0.000042741,95.899244,3.879514,50 HZ CONTACT-ENABLED INVERSE FEEDFORWARD + FROZEN BASELINE PD GAINS,"PRELIMINARY - NUMERICAL HIP-REDUCTION SUCCESSOR ONLY - NOT APPROVED FOR CONNECTION, POWERED TESTING, MOTION, WALKING, OR ENERGIZATION"
WS-R01,5.400,DOUBLE,L+R,0.590821,0.424984,249.639785,155.865021,NONE,-0.000042335,96.641516,2.092946,50 HZ CONTACT-ENABLED INVERSE FEEDFORWARD + FROZEN BASELINE PD GAINS,"PRELIMINARY - NUMERICAL HIP-REDUCTION SUCCESSOR ONLY - NOT APPROVED FOR CONNECTION, POWERED TESTING, MOTION, WALKING, OR ENERGIZATION"
WS-R01,5.420,DOUBLE,L+R,0.592808,0.425030,248.298264,157.202231,NONE,-0.000042411,98.086647,3.309789,50 HZ CONTACT-ENABLED INVERSE FEEDFORWARD + FROZEN BASELINE PD GAINS,"PRELIMINARY - NUMERICAL HIP-REDUCTION SUCCESSOR ONLY - NOT APPROVED FOR CONNECTION, POWERED TESTING, MOTION, WALKING, OR ENERGIZATION"
WS-R01,5.440,DOUBLE,L+R,0.595233,0.425283,250.061029,156.315538,NONE,-0.000042641,98.940831,2.643123,50 HZ CONTACT-ENABLED INVERSE FEEDFORWARD + FROZEN BASELINE PD GAINS,"PRELIMINARY - NUMERICAL HIP-REDUCTION SUCCESSOR ONLY - NOT APPROVED FOR CONNECTION, POWERED TESTING, MOTION, WALKING, OR ENERGIZATION"
WS-R01,5.460,DOUBLE,L+R,0.597490,0.425785,249.692177,147.836777,NONE,-0.000041335,98.621337,4.571406,50 HZ CONTACT-ENABLED INVERSE FEEDFORWARD + FROZEN BASELINE PD GAINS,"PRELIMINARY - NUMERICAL HIP-REDUCTION SUCCESSOR ONLY - NOT APPROVED FOR CONNECTION, POWERED TESTING, MOTION, WALKING, OR ENERGIZATION"
WS-R01,5.480,DOUBLE,L+R,0.599913,0.426139,249.619324,155.146162,NONE,-0.000044135,101.845938,4.933680,50 HZ CONTACT-ENABLED INVERSE FEEDFORWARD + FROZEN BASELINE PD GAINS,"PRELIMINARY - NUMERICAL HIP-REDUCTION SUCCESSOR ONLY - NOT APPROVED FOR CONNECTION, POWERED TESTING, MOTION, WALKING, OR ENERGIZATION"
WS-R01,5.500,DOUBLE,L+R,0.601602,0.425989,243.186448,156.763436,NONE,-0.000041777,99.260017,4.337066,50 HZ CONTACT-ENABLED INVERSE FEEDFORWARD + FROZEN BASELINE PD GAINS,"PRELIMINARY - NUMERICAL HIP-REDUCTION SUCCESSOR ONLY - NOT APPROVED FOR CONNECTION, POWERED TESTING, MOTION, WALKING, OR ENERGIZATION"
WS-R01,5.520,DOUBLE,L+R,0.603060,0.425698,247.427625,157.036960,NONE,-0.000040096,104.315481,5.543956,50 HZ CONTACT-ENABLED INVERSE FEEDFORWARD + FROZEN BASELINE PD GAINS,"PRELIMINARY - NUMERICAL HIP-REDUCTION SUCCESSOR ONLY - NOT APPROVED FOR CONNECTION, POWERED TESTING, MOTION, WALKING, OR ENERGIZATION"
WS-R01,5.540,DOUBLE,L+R,0.605544,0.426467,248.724547,147.601724,NONE,-0.000041667,99.234825,4.995711,50 HZ CONTACT-ENABLED INVERSE FEEDFORWARD + FROZEN BASELINE PD GAINS,"PRELIMINARY - NUMERICAL HIP-REDUCTION SUCCESSOR ONLY - NOT APPROVED FOR CONNECTION, POWERED TESTING, MOTION, WALKING, OR ENERGIZATION"
WS-R01,5.560,DOUBLE,L+R,0.606957,0.426002,242.685076,156.542058,NONE,-0.000039409,97.786227,3.016417,50 HZ CONTACT-ENABLED INVERSE FEEDFORWARD + FROZEN BASELINE PD GAINS,"PRELIMINARY - NUMERICAL HIP-REDUCTION SUCCESSOR ONLY - NOT APPROVED FOR CONNECTION, POWERED TESTING, MOTION, WALKING, OR ENERGIZATION"
WS-R01,5.580,DOUBLE,L+R,0.609035,0.426791,249.793245,158.013908,NONE,-0.000041534,97.487796,1.343628,50 HZ CONTACT-ENABLED INVERSE FEEDFORWARD + FROZEN BASELINE PD GAINS,"PRELIMINARY - NUMERICAL HIP-REDUCTION SUCCESSOR ONLY - NOT APPROVED FOR CONNECTION, POWERED TESTING, MOTION, WALKING, OR ENERGIZATION"
WS-R01,5.600,L SINGLE,L+R,0.610903,0.426862,248.249110,149.958874,NONE,-0.000040412,98.518960,4.610534,50 HZ CONTACT-ENABLED INVERSE FEEDFORWARD + FROZEN BASELINE PD GAINS,"PRELIMINARY - NUMERICAL HIP-REDUCTION SUCCESSOR ONLY - NOT APPROVED FOR CONNECTION, POWERED TESTING, MOTION, WALKING, OR ENERGIZATION"
WS-R01,5.620,L SINGLE,L+R,0.612308,0.426622,248.290701,151.085265,NONE,-0.000040308,98.426066,3.605152,50 HZ CONTACT-ENABLED INVERSE FEEDFORWARD + FROZEN BASELINE PD GAINS,"PRELIMINARY - NUMERICAL HIP-REDUCTION SUCCESSOR ONLY - NOT APPROVED FOR CONNECTION, POWERED TESTING, MOTION, WALKING, OR ENERGIZATION"
WS-R01,5.640,L SINGLE,L+R,0.614000,0.426929,249.238089,156.804946,NONE,-0.000040542,101.588980,5.692736,50 HZ CONTACT-ENABLED INVERSE FEEDFORWARD + FROZEN BASELINE PD GAINS,"PRELIMINARY - NUMERICAL HIP-REDUCTION SUCCESSOR ONLY - NOT APPROVED FOR CONNECTION, POWERED TESTING, MOTION, WALKING, OR ENERGIZATION"
WS-R01,5.660,L SINGLE,L+R,0.615049,0.426407,248.141421,158.238028,NONE,-0.000038616,98.876197,2.674579,50 HZ CONTACT-ENABLED INVERSE FEEDFORWARD + FROZEN BASELINE PD GAINS,"PRELIMINARY - NUMERICAL HIP-REDUCTION SUCCESSOR ONLY - NOT APPROVED FOR CONNECTION, POWERED TESTING, MOTION, WALKING, OR ENERGIZATION"
WS-R01,5.680,L SINGLE,L+R,0.616490,0.426595,248.136636,158.661788,NONE,-0.000038259,98.572763,3.738454,50 HZ CONTACT-ENABLED INVERSE FEEDFORWARD + FROZEN BASELINE PD GAINS,"PRELIMINARY - NUMERICAL HIP-REDUCTION SUCCESSOR ONLY - NOT APPROVED FOR CONNECTION, POWERED TESTING, MOTION, WALKING, OR ENERGIZATION"
WS-R01,5.700,L SINGLE,L+R,0.617637,0.426426,248.614111,155.407635,NONE,-0.000038327,98.133953,3.746720,50 HZ CONTACT-ENABLED INVERSE FEEDFORWARD + FROZEN BASELINE PD GAINS,"PRELIMINARY - NUMERICAL HIP-REDUCTION SUCCESSOR ONLY - NOT APPROVED FOR CONNECTION, POWERED TESTING, MOTION, WALKING, OR ENERGIZATION"
WS-R01,5.720,L SINGLE,L+R,0.618856,0.426777,247.480592,157.011853,NONE,-0.000036307,105.467449,6.607347,50 HZ CONTACT-ENABLED INVERSE FEEDFORWARD + FROZEN BASELINE PD GAINS,"PRELIMINARY - NUMERICAL HIP-REDUCTION SUCCESSOR ONLY - NOT APPROVED FOR CONNECTION, POWERED TESTING, MOTION, WALKING, OR ENERGIZATION"
WS-R01,5.740,L SINGLE,L+R,0.619487,0.426024,241.233683,155.917760,NONE,-0.000035950,96.357467,3.721239,50 HZ CONTACT-ENABLED INVERSE FEEDFORWARD + FROZEN BASELINE PD GAINS,"PRELIMINARY - NUMERICAL HIP-REDUCTION SUCCESSOR ONLY - NOT APPROVED FOR CONNECTION, POWERED TESTING, MOTION, WALKING, OR ENERGIZATION"
WS-R01,5.760,L SINGLE,L+R,0.620386,0.426331,245.811660,156.899983,NONE,-0.000035356,112.895958,9.593222,50 HZ CONTACT-ENABLED INVERSE FEEDFORWARD + FROZEN BASELINE PD GAINS,"PRELIMINARY - NUMERICAL HIP-REDUCTION SUCCESSOR ONLY - NOT APPROVED FOR CONNECTION, POWERED TESTING, MOTION, WALKING, OR ENERGIZATION"
WS-R01,5.780,L SINGLE,L+R,0.621468,0.426559,246.070835,158.496214,NONE,-0.000035034,98.189509,4.066492,50 HZ CONTACT-ENABLED INVERSE FEEDFORWARD + FROZEN BASELINE PD GAINS,"PRELIMINARY - NUMERICAL HIP-REDUCTION SUCCESSOR ONLY - NOT APPROVED FOR CONNECTION, POWERED TESTING, MOTION, WALKING, OR ENERGIZATION"
WS-R01,5.800,L SINGLE,L+R,0.622434,0.426640,246.812044,160.810722,NONE,-0.000034432,103.644390,6.369816,50 HZ CONTACT-ENABLED INVERSE FEEDFORWARD + FROZEN BASELINE PD GAINS,"PRELIMINARY - NUMERICAL HIP-REDUCTION SUCCESSOR ONLY - NOT APPROVED FOR CONNECTION, POWERED TESTING, MOTION, WALKING, OR ENERGIZATION"
WS-R01,5.820,L SINGLE,L+R,0.622963,0.426315,245.243718,163.678814,NONE,-0.000032449,115.679855,10.370592,50 HZ CONTACT-ENABLED INVERSE FEEDFORWARD + FROZEN BASELINE PD GAINS,"PRELIMINARY - NUMERICAL HIP-REDUCTION SUCCESSOR ONLY - NOT APPROVED FOR CONNECTION, POWERED TESTING, MOTION, WALKING, OR ENERGIZATION"
WS-R01,5.840,L SINGLE,L+R,0.623297,0.426242,245.746628,167.359371,NONE,-0.000033083,98.903953,4.356924,50 HZ CONTACT-ENABLED INVERSE FEEDFORWARD + FROZEN BASELINE PD GAINS,"PRELIMINARY - NUMERICAL HIP-REDUCTION SUCCESSOR ONLY - NOT APPROVED FOR CONNECTION, POWERED TESTING, MOTION, WALKING, OR ENERGIZATION"
WS-R01,5.860,L SINGLE,L+R,0.623035,0.426190,246.400964,171.357059,NONE,-0.000032435,105.266285,6.869391,50 HZ CONTACT-ENABLED INVERSE FEEDFORWARD + FROZEN BASELINE PD GAINS,"PRELIMINARY - NUMERICAL HIP-REDUCTION SUCCESSOR ONLY - NOT APPROVED FOR CONNECTION, POWERED TESTING, MOTION, WALKING, OR ENERGIZATION"
WS-R01,5.880,L SINGLE,L+R,0.622028,0.426058,247.248089,175.696934,NONE,-0.000031082,104.742691,5.995381,50 HZ CONTACT-ENABLED INVERSE FEEDFORWARD + FROZEN BASELINE PD GAINS,"PRELIMINARY - NUMERICAL HIP-REDUCTION SUCCESSOR ONLY - NOT APPROVED FOR CONNECTION, POWERED TESTING, MOTION, WALKING, OR ENERGIZATION"
WS-R01,5.900,L SINGLE,L+R,0.619994,0.425769,245.984950,181.087674,NONE,-0.000028135,106.666138,5.945008,50 HZ CONTACT-ENABLED INVERSE FEEDFORWARD + FROZEN BASELINE PD GAINS,"PRELIMINARY - NUMERICAL HIP-REDUCTION SUCCESSOR ONLY - NOT APPROVED FOR CONNECTION, POWERED TESTING, MOTION, WALKING, OR ENERGIZATION"
WS-R01,5.920,L SINGLE,L+R,0.616692,0.425334,239.027508,186.830908,NONE,-0.000023519,98.717289,4.828283,50 HZ CONTACT-ENABLED INVERSE FEEDFORWARD + FROZEN BASELINE PD GAINS,"PRELIMINARY - NUMERICAL HIP-REDUCTION SUCCESSOR ONLY - NOT APPROVED FOR CONNECTION, POWERED TESTING, MOTION, WALKING, OR ENERGIZATION"
WS-R01,5.940,L SINGLE,L+R,0.612138,0.424949,243.146810,193.745039,NONE,-0.000019680,121.056328,11.334047,50 HZ CONTACT-ENABLED INVERSE FEEDFORWARD + FROZEN BASELINE PD GAINS,"PRELIMINARY - NUMERICAL HIP-REDUCTION SUCCESSOR ONLY - NOT APPROVED FOR CONNECTION, POWERED TESTING, MOTION, WALKING, OR ENERGIZATION"
WS-R01,5.960,L SINGLE,L+R,0.605941,0.424560,241.837519,200.909527,NONE,-0.000015540,101.534429,5.455238,50 HZ CONTACT-ENABLED INVERSE FEEDFORWARD + FROZEN BASELINE PD GAINS,"PRELIMINARY - NUMERICAL HIP-REDUCTION SUCCESSOR ONLY - NOT APPROVED FOR CONNECTION, POWERED TESTING, MOTION, WALKING, OR ENERGIZATION"
WS-R01,5.980,L SINGLE,L+R,0.597763,0.424111,243.675170,208.138350,NONE,-0.000010742,113.862032,9.222875,50 HZ CONTACT-ENABLED INVERSE FEEDFORWARD + FROZEN BASELINE PD GAINS,"PRELIMINARY - NUMERICAL HIP-REDUCTION SUCCESSOR ONLY - NOT APPROVED FOR CONNECTION, POWERED TESTING, MOTION, WALKING, OR ENERGIZATION"
WS-R01,6.000,L SINGLE,L+R,0.608581,0.423520,242.551960,217.310096,NONE,-0.000004456,112.761915,7.738885,50 HZ CONTACT-ENABLED INVERSE FEEDFORWARD + FROZEN BASELINE PD GAINS,"PRELIMINARY - NUMERICAL HIP-REDUCTION SUCCESSOR ONLY - NOT APPROVED FOR CONNECTION, POWERED TESTING, MOTION, WALKING, OR ENERGIZATION"
WS-R01,6.020,L SINGLE,L+R,0.638115,0.422926,235.240655,226.927702,NONE,0.000004134,103.403763,6.526827,50 HZ CONTACT-ENABLED INVERSE FEEDFORWARD + FROZEN BASELINE PD GAINS,"PRELIMINARY - NUMERICAL HIP-REDUCTION SUCCESSOR ONLY - NOT APPROVED FOR CONNECTION, POWERED TESTING, MOTION, WALKING, OR ENERGIZATION"
WS-R01,6.040,L SINGLE,L+R,0.666786,0.423370,237.705576,238.392342,NONE,0.000012798,125.245717,12.172563,50 HZ CONTACT-ENABLED INVERSE FEEDFORWARD + FROZEN BASELINE PD GAINS,"PRELIMINARY - NUMERICAL HIP-REDUCTION SUCCESSOR ONLY - NOT APPROVED FOR CONNECTION, POWERED TESTING, MOTION, WALKING, OR ENERGIZATION"
WS-R01,6.060,L SINGLE,L+R,0.689038,0.423774,235.071117,246.576710,NONE,0.000022323,107.685157,7.245012,50 HZ CONTACT-ENABLED INVERSE FEEDFORWARD + FROZEN BASELINE PD GAINS,"PRELIMINARY - NUMERICAL HIP-REDUCTION SUCCESSOR ONLY - NOT APPROVED FOR CONNECTION, POWERED TESTING, MOTION, WALKING, OR ENERGIZATION"
WS-R01,6.080,L SINGLE,L+R,0.631165,0.422848,233.285846,251.148438,NONE,0.000033205,112.663933,8.542047,50 HZ CONTACT-ENABLED INVERSE FEEDFORWARD + FROZEN BASELINE PD GAINS,"PRELIMINARY - NUMERICAL HIP-REDUCTION SUCCESSOR ONLY - NOT APPROVED FOR CONNECTION, POWERED TESTING, MOTION, WALKING, OR ENERGIZATION"
WS-R01,6.100,L SINGLE,L+R,0.521450,0.421979,228.171967,254.748852,NONE,0.000051025,107.193567,7.218638,50 HZ CONTACT-ENABLED INVERSE FEEDFORWARD + FROZEN BASELINE PD GAINS,"PRELIMINARY - NUMERICAL HIP-REDUCTION SUCCESSOR ONLY - NOT APPROVED FOR CONNECTION, POWERED TESTING, MOTION, WALKING, OR ENERGIZATION"
WS-R01,6.120,L SINGLE,L+R,0.507967,0.421457,225.236818,255.090174,NONE,0.000064026,113.120935,9.024316,50 HZ CONTACT-ENABLED INVERSE FEEDFORWARD + FROZEN BASELINE PD GAINS,"PRELIMINARY - NUMERICAL HIP-REDUCTION SUCCESSOR ONLY - NOT APPROVED FOR CONNECTION, POWERED TESTING, MOTION, WALKING, OR ENERGIZATION"
WS-R01,6.140,L SINGLE,L+R,0.491118,0.421232,223.674217,252.113115,NONE,0.000075302,111.166828,8.047373,50 HZ CONTACT-ENABLED INVERSE FEEDFORWARD + FROZEN BASELINE PD GAINS,"PRELIMINARY - NUMERICAL HIP-REDUCTION SUCCESSOR ONLY - NOT APPROVED FOR CONNECTION, POWERED TESTING, MOTION, WALKING, OR ENERGIZATION"
WS-R01,6.160,L SINGLE,L+R,0.452076,0.422237,221.332395,242.702510,NONE,0.000082443,110.946149,7.430866,50 HZ CONTACT-ENABLED INVERSE FEEDFORWARD + FROZEN BASELINE PD GAINS,"PRELIMINARY - NUMERICAL HIP-REDUCTION SUCCESSOR ONLY - NOT APPROVED FOR CONNECTION, POWERED TESTING, MOTION, WALKING, OR ENERGIZATION"
WS-R01,6.180,L SINGLE,L+R,0.446831,0.416563,207.928769,162.315683,NONE,0.000086150,95.669656,5.664920,50 HZ CONTACT-ENABLED INVERSE FEEDFORWARD + FROZEN BASELINE PD GAINS,"PRELIMINARY - NUMERICAL HIP-REDUCTION SUCCESSOR ONLY - NOT APPROVED FOR CONNECTION, POWERED TESTING, MOTION, WALKING, OR ENERGIZATION"
WS-R01,6.200,L SINGLE,L+R,0.545946,0.416423,212.270001,160.236709,NONE,0.000090094,106.621579,7.091679,50 HZ CONTACT-ENABLED INVERSE FEEDFORWARD + FROZEN BASELINE PD GAINS,"PRELIMINARY - NUMERICAL HIP-REDUCTION SUCCESSOR ONLY - NOT APPROVED FOR CONNECTION, POWERED TESTING, MOTION, WALKING, OR ENERGIZATION"
WS-R01,6.220,L SINGLE,L+R,0.521179,0.420435,197.588956,24.458665,NONE,0.000095573,86.511936,3.178853,50 HZ CONTACT-ENABLED INVERSE FEEDFORWARD + FROZEN BASELINE PD GAINS,"PRELIMINARY - NUMERICAL HIP-REDUCTION SUCCESSOR ONLY - NOT APPROVED FOR CONNECTION, POWERED TESTING, MOTION, WALKING, OR ENERGIZATION"
WS-R01,6.240,L SINGLE,L,0.472626,0.416829,201.214095,0.000000,NONE,0.000102680,102.559617,6.363840,50 HZ CONTACT-ENABLED INVERSE FEEDFORWARD + FROZEN BASELINE PD GAINS,"PRELIMINARY - NUMERICAL HIP-REDUCTION SUCCESSOR ONLY - NOT APPROVED FOR CONNECTION, POWERED TESTING, MOTION, WALKING, OR ENERGIZATION"
WS-R01,6.260,L SINGLE,L,0.396556,0.427240,201.794831,0.000000,NONE,0.000106946,85.188082,2.960089,50 HZ CONTACT-ENABLED INVERSE FEEDFORWARD + FROZEN BASELINE PD GAINS,"PRELIMINARY - NUMERICAL HIP-REDUCTION SUCCESSOR ONLY - NOT APPROVED FOR CONNECTION, POWERED TESTING, MOTION, WALKING, OR ENERGIZATION"
WS-R01,6.280,L SINGLE,L,0.306063,0.428554,205.551290,0.000000,NONE,0.000108755,92.393838,3.539577,50 HZ CONTACT-ENABLED INVERSE FEEDFORWARD + FROZEN BASELINE PD GAINS,"PRELIMINARY - NUMERICAL HIP-REDUCTION SUCCESSOR ONLY - NOT APPROVED FOR CONNECTION, POWERED TESTING, MOTION, WALKING, OR ENERGIZATION"
WS-R01,6.300,L SINGLE,L,0.214648,0.424190,206.654053,0.000000,NONE,0.000109796,89.852428,1.821560,50 HZ CONTACT-ENABLED INVERSE FEEDFORWARD + FROZEN BASELINE PD GAINS,"PRELIMINARY - NUMERICAL HIP-REDUCTION SUCCESSOR ONLY - NOT APPROVED FOR CONNECTION, POWERED TESTING, MOTION, WALKING, OR ENERGIZATION"
WS-R01,6.320,L SINGLE,L,0.477977,0.421772,200.726452,0.000000,NONE,0.000108344,84.237070,3.406609,50 HZ CONTACT-ENABLED INVERSE FEEDFORWARD + FROZEN BASELINE PD GAINS,"PRELIMINARY - NUMERICAL HIP-REDUCTION SUCCESSOR ONLY - NOT APPROVED FOR CONNECTION, POWERED TESTING, MOTION, WALKING, OR ENERGIZATION"
WS-R01,6.340,L SINGLE,L,0.659441,0.419898,206.736294,0.000000,NONE,0.000108388,98.718746,6.309553,50 HZ CONTACT-ENABLED INVERSE FEEDFORWARD + FROZEN BASELINE PD GAINS,"PRELIMINARY - NUMERICAL HIP-REDUCTION SUCCESSOR ONLY - NOT APPROVED FOR CONNECTION, POWERED TESTING, MOTION, WALKING, OR ENERGIZATION"
WS-R01,6.360,L SINGLE,L,0.780862,0.418262,207.733910,0.000000,NONE,0.000109478,83.796287,2.219679,50 HZ CONTACT-ENABLED INVERSE FEEDFORWARD + FROZEN BASELINE PD GAINS,"PRELIMINARY - NUMERICAL HIP-REDUCTION SUCCESSOR ONLY - NOT APPROVED FOR CONNECTION, POWERED TESTING, MOTION, WALKING, OR ENERGIZATION"
WS-R01,6.380,L SINGLE,L,0.852353,0.417286,210.213244,0.000000,NONE,0.000110539,85.891923,1.922339,50 HZ CONTACT-ENABLED INVERSE FEEDFORWARD + FROZEN BASELINE PD GAINS,"PRELIMINARY - NUMERICAL HIP-REDUCTION SUCCESSOR ONLY - NOT APPROVED FOR CONNECTION, POWERED TESTING, MOTION, WALKING, OR ENERGIZATION"
WS-R01,6.400,L SINGLE,L,0.910535,0.416494,209.278383,0.000000,NONE,0.000103476,82.900971,2.034316,50 HZ CONTACT-ENABLED INVERSE FEEDFORWARD + FROZEN BASELINE PD GAINS,"PRELIMINARY - NUMERICAL HIP-REDUCTION SUCCESSOR ONLY - NOT APPROVED FOR CONNECTION, POWERED TESTING, MOTION, WALKING, OR ENERGIZATION"
WS-R01,6.420,L SINGLE,L,0.936775,0.416327,211.057418,0.000000,NONE,0.000105422,85.955172,2.538209,50 HZ CONTACT-ENABLED INVERSE FEEDFORWARD + FROZEN BASELINE PD GAINS,"PRELIMINARY - NUMERICAL HIP-REDUCTION SUCCESSOR ONLY - NOT APPROVED FOR CONNECTION, POWERED TESTING, MOTION, WALKING, OR ENERGIZATION"
WS-R01,6.440,L SINGLE,L,0.967413,0.416098,213.253269,0.000000,NONE,0.000107080,85.737971,1.777333,50 HZ CONTACT-ENABLED INVERSE FEEDFORWARD + FROZEN BASELINE PD GAINS,"PRELIMINARY - NUMERICAL HIP-REDUCTION SUCCESSOR ONLY - NOT APPROVED FOR CONNECTION, POWERED TESTING, MOTION, WALKING, OR ENERGIZATION"
WS-R01,6.460,L SINGLE,L,0.977511,0.416224,212.903912,0.000000,NONE,0.000106514,86.018325,1.629292,50 HZ CONTACT-ENABLED INVERSE FEEDFORWARD + FROZEN BASELINE PD GAINS,"PRELIMINARY - NUMERICAL HIP-REDUCTION SUCCESSOR ONLY - NOT APPROVED FOR CONNECTION, POWERED TESTING, MOTION, WALKING, OR ENERGIZATION"
WS-R01,6.480,L SINGLE,L,0.978826,0.416558,206.437643,0.000000,NONE,0.000104258,78.825541,3.636603,50 HZ CONTACT-ENABLED INVERSE FEEDFORWARD + FROZEN BASELINE PD GAINS,"PRELIMINARY - NUMERICAL HIP-REDUCTION SUCCESSOR ONLY - NOT APPROVED FOR CONNECTION, POWERED TESTING, MOTION, WALKING, OR ENERGIZATION"
WS-R01,6.500,L SINGLE,L,0.985184,0.416669,212.093602,0.000000,NONE,0.000103679,96.165698,6.477762,50 HZ CONTACT-ENABLED INVERSE FEEDFORWARD + FROZEN BASELINE PD GAINS,"PRELIMINARY - NUMERICAL HIP-REDUCTION SUCCESSOR ONLY - NOT APPROVED FOR CONNECTION, POWERED TESTING, MOTION, WALKING, OR ENERGIZATION"
WS-R01,6.520,L SINGLE,L,0.989395,0.416734,212.172195,0.000000,NONE,0.000104023,77.912077,2.844097,50 HZ CONTACT-ENABLED INVERSE FEEDFORWARD + FROZEN BASELINE PD GAINS,"PRELIMINARY - NUMERICAL HIP-REDUCTION SUCCESSOR ONLY - NOT APPROVED FOR CONNECTION, POWERED TESTING, MOTION, WALKING, OR ENERGIZATION"
WS-R01,6.540,L SINGLE,L,0.996494,0.416786,215.589093,0.000000,NONE,0.000104619,86.460653,3.557665,50 HZ CONTACT-ENABLED INVERSE FEEDFORWARD + FROZEN BASELINE PD GAINS,"PRELIMINARY - NUMERICAL HIP-REDUCTION SUCCESSOR ONLY - NOT APPROVED FOR CONNECTION, POWERED TESTING, MOTION, WALKING, OR ENERGIZATION"
WS-R01,6.560,L SINGLE,L,0.982781,0.416912,216.541775,0.000000,NONE,0.000104772,82.535190,1.691546,50 HZ CONTACT-ENABLED INVERSE FEEDFORWARD + FROZEN BASELINE PD GAINS,"PRELIMINARY - NUMERICAL HIP-REDUCTION SUCCESSOR ONLY - NOT APPROVED FOR CONNECTION, POWERED TESTING, MOTION, WALKING, OR ENERGIZATION"
WS-R01,6.580,L SINGLE,L,0.978992,0.417036,210.588962,0.000000,NONE,0.000103636,76.918624,3.456781,50 HZ CONTACT-ENABLED INVERSE FEEDFORWARD + FROZEN BASELINE PD GAINS,"PRELIMINARY - NUMERICAL HIP-REDUCTION SUCCESSOR ONLY - NOT APPROVED FOR CONNECTION, POWERED TESTING, MOTION, WALKING, OR ENERGIZATION"
WS-R01,6.600,L SINGLE,L,0.982825,0.416992,216.042747,0.000000,NONE,0.000104287,92.006806,5.992500,50 HZ CONTACT-ENABLED INVERSE FEEDFORWARD + FROZEN BASELINE PD GAINS,"PRELIMINARY - NUMERICAL HIP-REDUCTION SUCCESSOR ONLY - NOT APPROVED FOR CONNECTION, POWERED TESTING, MOTION, WALKING, OR ENERGIZATION"
WS-R01,6.620,L SINGLE,L,0.970377,0.416945,217.012847,0.000000,NONE,0.000105724,75.514695,2.231676,50 HZ CONTACT-ENABLED INVERSE FEEDFORWARD + FROZEN BASELINE PD GAINS,"PRELIMINARY - NUMERICAL HIP-REDUCTION SUCCESSOR ONLY - NOT APPROVED FOR CONNECTION, POWERED TESTING, MOTION, WALKING, OR ENERGIZATION"
WS-R01,6.640,L SINGLE,L,0.971005,0.416828,219.156462,0.000000,NONE,0.000107096,78.690406,1.698486,50 HZ CONTACT-ENABLED INVERSE FEEDFORWARD + FROZEN BASELINE PD GAINS,"PRELIMINARY - NUMERICAL HIP-REDUCTION SUCCESSOR ONLY - NOT APPROVED FOR CONNECTION, POWERED TESTING, MOTION, WALKING, OR ENERGIZATION"
WS-R01,6.660,L SINGLE,L,0.972326,0.417031,217.983620,0.000000,NONE,0.000099968,76.207547,1.985763,50 HZ CONTACT-ENABLED INVERSE FEEDFORWARD + FROZEN BASELINE PD GAINS,"PRELIMINARY - NUMERICAL HIP-REDUCTION SUCCESSOR ONLY - NOT APPROVED FOR CONNECTION, POWERED TESTING, MOTION, WALKING, OR ENERGIZATION"
WS-R01,6.680,L SINGLE,L,0.959846,0.416800,219.530057,0.000000,NONE,0.000102086,79.180875,2.378189,50 HZ CONTACT-ENABLED INVERSE FEEDFORWARD + FROZEN BASELINE PD GAINS,"PRELIMINARY - NUMERICAL HIP-REDUCTION SUCCESSOR ONLY - NOT APPROVED FOR CONNECTION, POWERED TESTING, MOTION, WALKING, OR ENERGIZATION"
WS-R01,6.700,L SINGLE,L,0.965074,0.416840,221.296285,0.000000,NONE,0.000103985,79.794665,1.592313,50 HZ CONTACT-ENABLED INVERSE FEEDFORWARD + FROZEN BASELINE PD GAINS,"PRELIMINARY - NUMERICAL HIP-REDUCTION SUCCESSOR ONLY - NOT APPROVED FOR CONNECTION, POWERED TESTING, MOTION, WALKING, OR ENERGIZATION"
WS-R01,6.720,L SINGLE,L,0.956528,0.417027,220.804387,0.000000,NONE,0.000103755,79.850324,1.444818,50 HZ CONTACT-ENABLED INVERSE FEEDFORWARD + FROZEN BASELINE PD GAINS,"PRELIMINARY - NUMERICAL HIP-REDUCTION SUCCESSOR ONLY - NOT APPROVED FOR CONNECTION, POWERED TESTING, MOTION, WALKING, OR ENERGIZATION"
WS-R01,6.740,L SINGLE,L,0.948902,0.417261,214.431599,0.000000,NONE,0.000101900,72.911205,3.629181,50 HZ CONTACT-ENABLED INVERSE FEEDFORWARD + FROZEN BASELINE PD GAINS,"PRELIMINARY - NUMERICAL HIP-REDUCTION SUCCESSOR ONLY - NOT APPROVED FOR CONNECTION, POWERED TESTING, MOTION, WALKING, OR ENERGIZATION"
WS-R01,6.760,L SINGLE,L,0.945850,0.417299,219.464883,0.000000,NONE,0.000101692,90.842282,6.329113,50 HZ CONTACT-ENABLED INVERSE FEEDFORWARD + FROZEN BASELINE PD GAINS,"PRELIMINARY - NUMERICAL HIP-REDUCTION SUCCESSOR ONLY - NOT APPROVED FOR CONNECTION, POWERED TESTING, MOTION, WALKING, OR ENERGIZATION"
WS-R01,6.780,L SINGLE,L,0.952894,0.417288,219.481479,0.000000,NONE,0.000102402,74.381003,2.770273,50 HZ CONTACT-ENABLED INVERSE FEEDFORWARD + FROZEN BASELINE PD GAINS,"PRELIMINARY - NUMERICAL HIP-REDUCTION SUCCESSOR ONLY - NOT APPROVED FOR CONNECTION, POWERED TESTING, MOTION, WALKING, OR ENERGIZATION"
WS-R01,6.800,L SINGLE,L,0.939401,0.417337,222.621403,0.000000,NONE,0.000103363,80.713739,3.385709,50 HZ CONTACT-ENABLED INVERSE FEEDFORWARD + FROZEN BASELINE PD GAINS,"PRELIMINARY - NUMERICAL HIP-REDUCTION SUCCESSOR ONLY - NOT APPROVED FOR CONNECTION, POWERED TESTING, MOTION, WALKING, OR ENERGIZATION"
WS-R01,6.820,L SINGLE,L,0.946768,0.417713,220.113022,0.000000,NONE,0.000098675,73.817201,2.796528,50 HZ CONTACT-ENABLED INVERSE FEEDFORWARD + FROZEN BASELINE PD GAINS,"PRELIMINARY - NUMERICAL HIP-REDUCTION SUCCESSOR ONLY - NOT APPROVED FOR CONNECTION, POWERED TESTING, MOTION, WALKING, OR ENERGIZATION"
WS-R01,6.840,L SINGLE,L,0.934240,0.417352,223.670044,0.000000,NONE,0.000097482,80.453179,3.431188,50 HZ CONTACT-ENABLED INVERSE FEEDFORWARD + FROZEN BASELINE PD GAINS,"PRELIMINARY - NUMERICAL HIP-REDUCTION SUCCESSOR ONLY - NOT APPROVED FOR CONNECTION, POWERED TESTING, MOTION, WALKING, OR ENERGIZATION"
WS-R01,6.860,L SINGLE,L,0.938546,0.417415,224.100996,0.000000,NONE,0.000099038,78.327941,1.549345,50 HZ CONTACT-ENABLED INVERSE FEEDFORWARD + FROZEN BASELINE PD GAINS,"PRELIMINARY - NUMERICAL HIP-REDUCTION SUCCESSOR ONLY - NOT APPROVED FOR CONNECTION, POWERED TESTING, MOTION, WALKING, OR ENERGIZATION"
WS-R01,6.880,L SINGLE,L,0.934809,0.417589,218.472560,0.000000,NONE,0.000097646,71.227001,3.411461,50 HZ CONTACT-ENABLED INVERSE FEEDFORWARD + FROZEN BASELINE PD GAINS,"PRELIMINARY - NUMERICAL HIP-REDUCTION SUCCESSOR ONLY - NOT APPROVED FOR CONNECTION, POWERED TESTING, MOTION, WALKING, OR ENERGIZATION"
WS-R01,6.900,L SINGLE,L,0.936228,0.417512,223.358843,0.000000,NONE,0.000097400,87.716459,5.717958,50 HZ CONTACT-ENABLED INVERSE FEEDFORWARD + FROZEN BASELINE PD GAINS,"PRELIMINARY - NUMERICAL HIP-REDUCTION SUCCESSOR ONLY - NOT APPROVED FOR CONNECTION, POWERED TESTING, MOTION, WALKING, OR ENERGIZATION"
WS-R01,6.920,L SINGLE,L,0.922273,0.417470,224.057188,0.000000,NONE,0.000097711,71.495139,2.125624,50 HZ CONTACT-ENABLED INVERSE FEEDFORWARD + FROZEN BASELINE PD GAINS,"PRELIMINARY - NUMERICAL HIP-REDUCTION SUCCESSOR ONLY - NOT APPROVED FOR CONNECTION, POWERED TESTING, MOTION, WALKING, OR ENERGIZATION"
WS-R01,6.940,L SINGLE,L,0.924682,0.417345,225.250084,0.000000,NONE,0.000097771,76.581971,2.392388,50 HZ CONTACT-ENABLED INVERSE FEEDFORWARD + FROZEN BASELINE PD GAINS,"PRELIMINARY - NUMERICAL HIP-REDUCTION SUCCESSOR ONLY - NOT APPROVED FOR CONNECTION, POWERED TESTING, MOTION, WALKING, OR ENERGIZATION"
WS-R01,6.960,L SINGLE,L,0.930537,0.417308,226.708515,0.000000,NONE,0.000094860,77.393057,1.520206,50 HZ CONTACT-ENABLED INVERSE FEEDFORWARD + FROZEN BASELINE PD GAINS,"PRELIMINARY - NUMERICAL HIP-REDUCTION SUCCESSOR ONLY - NOT APPROVED FOR CONNECTION, POWERED TESTING, MOTION, WALKING, OR ENERGIZATION"
WS-R01,6.980,L SINGLE,L,0.923747,0.417428,226.182584,0.000000,NONE,0.000092995,77.225221,1.357352,50 HZ CONTACT-ENABLED INVERSE FEEDFORWARD + FROZEN BASELINE PD GAINS,"PRELIMINARY - NUMERICAL HIP-REDUCTION SUCCESSOR ONLY - NOT APPROVED FOR CONNECTION, POWERED TESTING, MOTION, WALKING, OR ENERGIZATION"
WS-R01,7.000,L SINGLE,L,0.928199,0.417549,227.539908,0.000000,NONE,0.000089558,76.519777,1.570013,50 HZ CONTACT-ENABLED INVERSE FEEDFORWARD + FROZEN BASELINE PD GAINS,"PRELIMINARY - NUMERICAL HIP-REDUCTION SUCCESSOR ONLY - NOT APPROVED FOR CONNECTION, POWERED TESTING, MOTION, WALKING, OR ENERGIZATION"
WS-R01,7.020,L SINGLE,L,0.922459,0.417426,226.879568,0.000000,NONE,0.000088312,76.533138,1.462810,50 HZ CONTACT-ENABLED INVERSE FEEDFORWARD + FROZEN BASELINE PD GAINS,"PRELIMINARY - NUMERICAL HIP-REDUCTION SUCCESSOR ONLY - NOT APPROVED FOR CONNECTION, POWERED TESTING, MOTION, WALKING, OR ENERGIZATION"
WS-R01,7.040,L SINGLE,L,0.925581,0.417603,220.250045,0.000000,NONE,0.000086563,73.107260,3.584720,50 HZ CONTACT-ENABLED INVERSE FEEDFORWARD + FROZEN BASELINE PD GAINS,"PRELIMINARY - NUMERICAL HIP-REDUCTION SUCCESSOR ONLY - NOT APPROVED FOR CONNECTION, POWERED TESTING, MOTION, WALKING, OR ENERGIZATION"
WS-R01,7.060,L SINGLE,L,0.915858,0.417738,225.215757,0.000000,NONE,0.000085971,88.974300,6.328456,50 HZ CONTACT-ENABLED INVERSE FEEDFORWARD + FROZEN BASELINE PD GAINS,"PRELIMINARY - NUMERICAL HIP-REDUCTION SUCCESSOR ONLY - NOT APPROVED FOR CONNECTION, POWERED TESTING, MOTION, WALKING, OR ENERGIZATION"
WS-R01,7.080,L SINGLE,L,0.924956,0.417691,225.040986,0.000000,NONE,0.000085903,73.165563,2.765121,50 HZ CONTACT-ENABLED INVERSE FEEDFORWARD + FROZEN BASELINE PD GAINS,"PRELIMINARY - NUMERICAL HIP-REDUCTION SUCCESSOR ONLY - NOT APPROVED FOR CONNECTION, POWERED TESTING, MOTION, WALKING, OR ENERGIZATION"
WS-R01,7.100,L SINGLE,L,0.913814,0.417000,227.953128,0.000000,NONE,0.000083917,79.448156,3.336162,50 HZ CONTACT-ENABLED INVERSE FEEDFORWARD + FROZEN BASELINE PD GAINS,"PRELIMINARY - NUMERICAL HIP-REDUCTION SUCCESSOR ONLY - NOT APPROVED FOR CONNECTION, POWERED TESTING, MOTION, WALKING, OR ENERGIZATION"
WS-R01,7.120,L SINGLE,L,0.919381,0.415467,225.424512,0.000000,NONE,0.000080279,72.443820,2.816508,50 HZ CONTACT-ENABLED INVERSE FEEDFORWARD + FROZEN BASELINE PD GAINS,"PRELIMINARY - NUMERICAL HIP-REDUCTION SUCCESSOR ONLY - NOT APPROVED FOR CONNECTION, POWERED TESTING, MOTION, WALKING, OR ENERGIZATION"
WS-R01,7.140,L SINGLE,L,0.913937,0.412340,228.641141,0.000000,NONE,0.000078045,80.115923,3.388973,50 HZ CONTACT-ENABLED INVERSE FEEDFORWARD + FROZEN BASELINE PD GAINS,"PRELIMINARY - NUMERICAL HIP-REDUCTION SUCCESSOR ONLY - NOT APPROVED FOR CONNECTION, POWERED TESTING, MOTION, WALKING, OR ENERGIZATION"
WS-R01,7.160,L SINGLE,L,0.911208,0.409199,229.040307,0.000000,NONE,0.000078888,76.853040,1.512063,50 HZ CONTACT-ENABLED INVERSE FEEDFORWARD + FROZEN BASELINE PD GAINS,"PRELIMINARY - NUMERICAL HIP-REDUCTION SUCCESSOR ONLY - NOT APPROVED FOR CONNECTION, POWERED TESTING, MOTION, WALKING, OR ENERGIZATION"
WS-R01,7.180,L SINGLE,L,0.910583,0.405888,223.263783,0.000000,NONE,0.000077959,71.943683,3.406493,50 HZ CONTACT-ENABLED INVERSE FEEDFORWARD + FROZEN BASELINE PD GAINS,"PRELIMINARY - NUMERICAL HIP-REDUCTION SUCCESSOR ONLY - NOT APPROVED FOR CONNECTION, POWERED TESTING, MOTION, WALKING, OR ENERGIZATION"
WS-R01,7.200,L SINGLE,L,0.919542,0.402278,228.012382,0.000000,NONE,0.000077273,87.155971,5.645851,50 HZ CONTACT-ENABLED INVERSE FEEDFORWARD + FROZEN BASELINE PD GAINS,"PRELIMINARY - NUMERICAL HIP-REDUCTION SUCCESSOR ONLY - NOT APPROVED FOR CONNECTION, POWERED TESTING, MOTION, WALKING, OR ENERGIZATION"
WS-R01,7.220,L SINGLE,L,0.908525,0.398640,228.598197,0.000000,NONE,0.000074659,71.162901,2.129424,50 HZ CONTACT-ENABLED INVERSE FEEDFORWARD + FROZEN BASELINE PD GAINS,"PRELIMINARY - NUMERICAL HIP-REDUCTION SUCCESSOR ONLY - NOT APPROVED FOR CONNECTION, POWERED TESTING, MOTION, WALKING, OR ENERGIZATION"
WS-R01,7.240,L SINGLE,L,0.916002,0.394906,229.607210,0.000000,NONE,0.000072127,76.929277,2.353820,50 HZ CONTACT-ENABLED INVERSE FEEDFORWARD + FROZEN BASELINE PD GAINS,"PRELIMINARY - NUMERICAL HIP-REDUCTION SUCCESSOR ONLY - NOT APPROVED FOR CONNECTION, POWERED TESTING, MOTION, WALKING, OR ENERGIZATION"
WS-R01,7.260,L SINGLE,L,0.915894,0.391318,231.103869,0.000000,NONE,0.000069786,75.251722,1.544335,50 HZ CONTACT-ENABLED INVERSE FEEDFORWARD + FROZEN BASELINE PD GAINS,"PRELIMINARY - NUMERICAL HIP-REDUCTION SUCCESSOR ONLY - NOT APPROVED FOR CONNECTION, POWERED TESTING, MOTION, WALKING, OR ENERGIZATION"
WS-R01,7.280,L SINGLE,L,0.917715,0.387788,230.259888,0.000000,NONE,0.000068473,77.469261,1.308538,50 HZ CONTACT-ENABLED INVERSE FEEDFORWARD + FROZEN BASELINE PD GAINS,"PRELIMINARY - NUMERICAL HIP-REDUCTION SUCCESSOR ONLY - NOT APPROVED FOR CONNECTION, POWERED TESTING, MOTION, WALKING, OR ENERGIZATION"
WS-R01,7.300,L SINGLE,L,0.910712,0.384283,231.673656,0.000000,NONE,0.000070426,75.067113,1.581889,50 HZ CONTACT-ENABLED INVERSE FEEDFORWARD + FROZEN BASELINE PD GAINS,"PRELIMINARY - NUMERICAL HIP-REDUCTION SUCCESSOR ONLY - NOT APPROVED FOR CONNECTION, POWERED TESTING, MOTION, WALKING, OR ENERGIZATION"
WS-R01,7.320,L SINGLE,L,0.911917,0.380403,230.712335,0.000000,NONE,0.000068863,77.148358,1.338532,50 HZ CONTACT-ENABLED INVERSE FEEDFORWARD + FROZEN BASELINE PD GAINS,"PRELIMINARY - NUMERICAL HIP-REDUCTION SUCCESSOR ONLY - NOT APPROVED FOR CONNECTION, POWERED TESTING, MOTION, WALKING, OR ENERGIZATION"
WS-R01,7.340,L SINGLE,L,0.907582,0.376850,224.366575,0.000000,NONE,0.000068108,70.528550,3.643536,50 HZ CONTACT-ENABLED INVERSE FEEDFORWARD + FROZEN BASELINE PD GAINS,"PRELIMINARY - NUMERICAL HIP-REDUCTION SUCCESSOR ONLY - NOT APPROVED FOR CONNECTION, POWERED TESTING, MOTION, WALKING, OR ENERGIZATION"
WS-R01,7.360,L SINGLE,L,0.908548,0.373024,228.952146,0.000000,NONE,0.000066389,88.618593,6.212875,50 HZ CONTACT-ENABLED INVERSE FEEDFORWARD + FROZEN BASELINE PD GAINS,"PRELIMINARY - NUMERICAL HIP-REDUCTION SUCCESSOR ONLY - NOT APPROVED FOR CONNECTION, POWERED TESTING, MOTION, WALKING, OR ENERGIZATION"
WS-R01,7.380,L SINGLE,L,0.914633,0.369011,228.856187,0.000000,NONE,0.000064413,71.534553,2.809727,50 HZ CONTACT-ENABLED INVERSE FEEDFORWARD + FROZEN BASELINE PD GAINS,"PRELIMINARY - NUMERICAL HIP-REDUCTION SUCCESSOR ONLY - NOT APPROVED FOR CONNECTION, POWERED TESTING, MOTION, WALKING, OR ENERGIZATION"
WS-R01,7.400,L SINGLE,L,0.909157,0.364883,231.566387,0.000000,NONE,0.000062343,78.447260,3.284283,50 HZ CONTACT-ENABLED INVERSE FEEDFORWARD + FROZEN BASELINE PD GAINS,"PRELIMINARY - NUMERICAL HIP-REDUCTION SUCCESSOR ONLY - NOT APPROVED FOR CONNECTION, POWERED TESTING, MOTION, WALKING, OR ENERGIZATION"
WS-R01,7.420,L SINGLE,L,0.913475,0.360621,231.857274,0.000000,NONE,0.000060680,76.962719,1.387324,50 HZ CONTACT-ENABLED INVERSE FEEDFORWARD + FROZEN BASELINE PD GAINS,"PRELIMINARY - NUMERICAL HIP-REDUCTION SUCCESSOR ONLY - NOT APPROVED FOR CONNECTION, POWERED TESTING, MOTION, WALKING, OR ENERGIZATION"
WS-R01,7.440,L SINGLE,L,0.905037,0.356347,232.370704,0.000000,NONE,0.000061368,78.358567,3.553247,50 HZ CONTACT-ENABLED INVERSE FEEDFORWARD + FROZEN BASELINE PD GAINS,"PRELIMINARY - NUMERICAL HIP-REDUCTION SUCCESSOR ONLY - NOT APPROVED FOR CONNECTION, POWERED TESTING, MOTION, WALKING, OR ENERGIZATION"
WS-R01,7.460,L SINGLE,L,0.907360,0.351407,232.321601,0.000000,NONE,0.000061592,76.564046,1.406588,50 HZ CONTACT-ENABLED INVERSE FEEDFORWARD + FROZEN BASELINE PD GAINS,"PRELIMINARY - NUMERICAL HIP-REDUCTION SUCCESSOR ONLY - NOT APPROVED FOR CONNECTION, POWERED TESTING, MOTION, WALKING, OR ENERGIZATION"
WS-R01,7.480,L SINGLE,L,0.901117,0.346559,226.565245,0.000000,NONE,0.000060057,69.388643,3.482880,50 HZ CONTACT-ENABLED INVERSE FEEDFORWARD + FROZEN BASELINE PD GAINS,"PRELIMINARY - NUMERICAL HIP-REDUCTION SUCCESSOR ONLY - NOT APPROVED FOR CONNECTION, POWERED TESTING, MOTION, WALKING, OR ENERGIZATION"
WS-R01,7.500,L SINGLE,L,0.904196,0.341403,231.083567,0.000000,NONE,0.000057620,86.187565,5.799811,50 HZ CONTACT-ENABLED INVERSE FEEDFORWARD + FROZEN BASELINE PD GAINS,"PRELIMINARY - NUMERICAL HIP-REDUCTION SUCCESSOR ONLY - NOT APPROVED FOR CONNECTION, POWERED TESTING, MOTION, WALKING, OR ENERGIZATION"
WS-R01,7.520,L SINGLE,L,0.892268,0.336040,231.875528,0.000000,NONE,0.000055035,69.118671,2.247848,50 HZ CONTACT-ENABLED INVERSE FEEDFORWARD + FROZEN BASELINE PD GAINS,"PRELIMINARY - NUMERICAL HIP-REDUCTION SUCCESSOR ONLY - NOT APPROVED FOR CONNECTION, POWERED TESTING, MOTION, WALKING, OR ENERGIZATION"
WS-R01,7.540,L SINGLE,L,0.898898,0.330355,233.509921,0.000000,NONE,0.000052607,73.323790,1.464203,50 HZ CONTACT-ENABLED INVERSE FEEDFORWARD + FROZEN BASELINE PD GAINS,"PRELIMINARY - NUMERICAL HIP-REDUCTION SUCCESSOR ONLY - NOT APPROVED FOR CONNECTION, POWERED TESTING, MOTION, WALKING, OR ENERGIZATION"
WS-R01,7.560,L SINGLE,L,0.892926,0.324841,232.217598,0.000000,NONE,0.000056167,68.794258,2.042572,50 HZ CONTACT-ENABLED INVERSE FEEDFORWARD + FROZEN BASELINE PD GAINS,"PRELIMINARY - NUMERICAL HIP-REDUCTION SUCCESSOR ONLY - NOT APPROVED FOR CONNECTION, POWERED TESTING, MOTION, WALKING, OR ENERGIZATION"
WS-R01,7.580,L SINGLE,L,0.899675,0.318530,233.115266,0.000000,NONE,0.000053283,74.728822,2.197766,50 HZ CONTACT-ENABLED INVERSE FEEDFORWARD + FROZEN BASELINE PD GAINS,"PRELIMINARY - NUMERICAL HIP-REDUCTION SUCCESSOR ONLY - NOT APPROVED FOR CONNECTION, POWERED TESTING, MOTION, WALKING, OR ENERGIZATION"
WS-R01,7.600,L SINGLE,L,0.891500,0.312408,234.560472,0.000000,NONE,0.000050717,72.491271,1.391602,50 HZ CONTACT-ENABLED INVERSE FEEDFORWARD + FROZEN BASELINE PD GAINS,"PRELIMINARY - NUMERICAL HIP-REDUCTION SUCCESSOR ONLY - NOT APPROVED FOR CONNECTION, POWERED TESTING, MOTION, WALKING, OR ENERGIZATION"
WS-R01,7.620,L SINGLE,L,0.890261,0.306186,233.684502,0.000000,NONE,0.000049574,74.238402,1.187068,50 HZ CONTACT-ENABLED INVERSE FEEDFORWARD + FROZEN BASELINE PD GAINS,"PRELIMINARY - NUMERICAL HIP-REDUCTION SUCCESSOR ONLY - NOT APPROVED FOR CONNECTION, POWERED TESTING, MOTION, WALKING, OR ENERGIZATION"
WS-R01,7.640,L SINGLE,L,0.883405,0.299756,227.429176,0.000000,NONE,0.000049654,67.863809,3.646628,50 HZ CONTACT-ENABLED INVERSE FEEDFORWARD + FROZEN BASELINE PD GAINS,"PRELIMINARY - NUMERICAL HIP-REDUCTION SUCCESSOR ONLY - NOT APPROVED FOR CONNECTION, POWERED TESTING, MOTION, WALKING, OR ENERGIZATION"
WS-R01,7.660,L SINGLE,L,0.883489,0.292985,231.562849,0.000000,NONE,0.000048390,85.409315,6.074966,50 HZ CONTACT-ENABLED INVERSE FEEDFORWARD + FROZEN BASELINE PD GAINS,"PRELIMINARY - NUMERICAL HIP-REDUCTION SUCCESSOR ONLY - NOT APPROVED FOR CONNECTION, POWERED TESTING, MOTION, WALKING, OR ENERGIZATION"
WS-R01,7.680,L SINGLE,L,0.882185,0.286389,227.502586,0.000000,NONE,0.000050892,67.616294,3.660241,50 HZ CONTACT-ENABLED INVERSE FEEDFORWARD + FROZEN BASELINE PD GAINS,"PRELIMINARY - NUMERICAL HIP-REDUCTION SUCCESSOR ONLY - NOT APPROVED FOR CONNECTION, POWERED TESTING, MOTION, WALKING, OR ENERGIZATION"
WS-R01,7.700,L SINGLE,L,0.879867,0.278878,232.206949,0.000000,NONE,0.000049937,84.803023,6.095866,50 HZ CONTACT-ENABLED INVERSE FEEDFORWARD + FROZEN BASELINE PD GAINS,"PRELIMINARY - NUMERICAL HIP-REDUCTION SUCCESSOR ONLY - NOT APPROVED FOR CONNECTION, POWERED TESTING, MOTION, WALKING, OR ENERGIZATION"
WS-R01,7.720,L SINGLE,L,0.880693,0.271607,232.031069,0.000000,NONE,0.000047575,67.384047,2.822613,50 HZ CONTACT-ENABLED INVERSE FEEDFORWARD + FROZEN BASELINE PD GAINS,"PRELIMINARY - NUMERICAL HIP-REDUCTION SUCCESSOR ONLY - NOT APPROVED FOR CONNECTION, POWERED TESTING, MOTION, WALKING, OR ENERGIZATION"
WS-R01,7.740,L SINGLE,L,0.880045,0.264251,234.652198,0.000000,NONE,0.000045431,74.417094,3.151235,50 HZ CONTACT-ENABLED INVERSE FEEDFORWARD + FROZEN BASELINE PD GAINS,"PRELIMINARY - NUMERICAL HIP-REDUCTION SUCCESSOR ONLY - NOT APPROVED FOR CONNECTION, POWERED TESTING, MOTION, WALKING, OR ENERGIZATION"
WS-R01,7.760,L SINGLE,L,0.880923,0.256841,234.984018,0.000000,NONE,0.000043946,72.270130,1.230422,50 HZ CONTACT-ENABLED INVERSE FEEDFORWARD + FROZEN BASELINE PD GAINS,"PRELIMINARY - NUMERICAL HIP-REDUCTION SUCCESSOR ONLY - NOT APPROVED FOR CONNECTION, POWERED TESTING, MOTION, WALKING, OR ENERGIZATION"
WS-R01,7.780,L SINGLE,L,0.873656,0.249376,235.370489,0.000000,NONE,0.000044830,73.370003,3.313962,50 HZ CONTACT-ENABLED INVERSE FEEDFORWARD + FROZEN BASELINE PD GAINS,"PRELIMINARY - NUMERICAL HIP-REDUCTION SUCCESSOR ONLY - NOT APPROVED FOR CONNECTION, POWERED TESTING, MOTION, WALKING, OR ENERGIZATION"
WS-R01,7.800,L SINGLE,L,0.873949,0.241443,235.284953,0.000000,NONE,0.000045339,72.414617,1.212643,50 HZ CONTACT-ENABLED INVERSE FEEDFORWARD + FROZEN BASELINE PD GAINS,"PRELIMINARY - NUMERICAL HIP-REDUCTION SUCCESSOR ONLY - NOT APPROVED FOR CONNECTION, POWERED TESTING, MOTION, WALKING, OR ENERGIZATION"
WS-R01,7.820,L SINGLE,L,0.861931,0.233661,229.595554,0.000000,NONE,0.000044094,65.287770,3.448427,50 HZ CONTACT-ENABLED INVERSE FEEDFORWARD + FROZEN BASELINE PD GAINS,"PRELIMINARY - NUMERICAL HIP-REDUCTION SUCCESSOR ONLY - NOT APPROVED FOR CONNECTION, POWERED TESTING, MOTION, WALKING, OR ENERGIZATION"
WS-R01,7.840,L SINGLE,L,0.861855,0.225746,233.996687,0.000000,NONE,0.000041971,80.930529,5.530234,50 HZ CONTACT-ENABLED INVERSE FEEDFORWARD + FROZEN BASELINE PD GAINS,"PRELIMINARY - NUMERICAL HIP-REDUCTION SUCCESSOR ONLY - NOT APPROVED FOR CONNECTION, POWERED TESTING, MOTION, WALKING, OR ENERGIZATION"
WS-R01,7.860,L SINGLE,L,0.848939,0.217810,234.706221,0.000000,NONE,0.000039746,64.410897,2.173875,50 HZ CONTACT-ENABLED INVERSE FEEDFORWARD + FROZEN BASELINE PD GAINS,"PRELIMINARY - NUMERICAL HIP-REDUCTION SUCCESSOR ONLY - NOT APPROVED FOR CONNECTION, POWERED TESTING, MOTION, WALKING, OR ENERGIZATION"
WS-R01,7.880,L SINGLE,L,0.855840,0.209740,236.162490,0.000000,NONE,0.000037672,69.168508,1.231512,50 HZ CONTACT-ENABLED INVERSE FEEDFORWARD + FROZEN BASELINE PD GAINS,"PRELIMINARY - NUMERICAL HIP-REDUCTION SUCCESSOR ONLY - NOT APPROVED FOR CONNECTION, POWERED TESTING, MOTION, WALKING, OR ENERGIZATION"
WS-R01,7.900,L SINGLE,L,0.841417,0.202089,234.985186,0.000000,NONE,0.000041407,63.850964,1.959844,50 HZ CONTACT-ENABLED INVERSE FEEDFORWARD + FROZEN BASELINE PD GAINS,"PRELIMINARY - NUMERICAL HIP-REDUCTION SUCCESSOR ONLY - NOT APPROVED FOR CONNECTION, POWERED TESTING, MOTION, WALKING, OR ENERGIZATION"
WS-R01,7.920,L SINGLE,L,0.841475,0.193873,235.908123,0.000000,NONE,0.000038843,67.860918,1.974218,50 HZ CONTACT-ENABLED INVERSE FEEDFORWARD + FROZEN BASELINE PD GAINS,"PRELIMINARY - NUMERICAL HIP-REDUCTION SUCCESSOR ONLY - NOT APPROVED FOR CONNECTION, POWERED TESTING, MOTION, WALKING, OR ENERGIZATION"
WS-R01,7.940,L SINGLE,L,0.847815,0.186024,236.985527,0.000000,NONE,0.000036599,69.740706,1.136516,50 HZ CONTACT-ENABLED INVERSE FEEDFORWARD + FROZEN BASELINE PD GAINS,"PRELIMINARY - NUMERICAL HIP-REDUCTION SUCCESSOR ONLY - NOT APPROVED FOR CONNECTION, POWERED TESTING, MOTION, WALKING, OR ENERGIZATION"
WS-R01,7.960,L SINGLE,L,0.838420,0.178460,236.338909,0.000000,NONE,0.000035785,68.998049,0.982051,50 HZ CONTACT-ENABLED INVERSE FEEDFORWARD + FROZEN BASELINE PD GAINS,"PRELIMINARY - NUMERICAL HIP-REDUCTION SUCCESSOR ONLY - NOT APPROVED FOR CONNECTION, POWERED TESTING, MOTION, WALKING, OR ENERGIZATION"
WS-R01,7.980,L SINGLE,L,0.832339,0.170875,229.951267,0.000000,NONE,0.000036169,63.664813,3.630568,50 HZ CONTACT-ENABLED INVERSE FEEDFORWARD + FROZEN BASELINE PD GAINS,"PRELIMINARY - NUMERICAL HIP-REDUCTION SUCCESSOR ONLY - NOT APPROVED FOR CONNECTION, POWERED TESTING, MOTION, WALKING, OR ENERGIZATION"
WS-R01,8.000,L SINGLE,L,0.832060,0.163234,234.118192,0.000000,NONE,0.000035203,80.084861,5.928122,50 HZ CONTACT-ENABLED INVERSE FEEDFORWARD + FROZEN BASELINE PD GAINS,"PRELIMINARY - NUMERICAL HIP-REDUCTION SUCCESSOR ONLY - NOT APPROVED FOR CONNECTION, POWERED TESTING, MOTION, WALKING, OR ENERGIZATION"
WS-R01,8.020,L SINGLE,L,0.828146,0.156053,229.934783,0.000000,NONE,0.000037864,63.336186,3.666206,50 HZ CONTACT-ENABLED INVERSE FEEDFORWARD + FROZEN BASELINE PD GAINS,"PRELIMINARY - NUMERICAL HIP-REDUCTION SUCCESSOR ONLY - NOT APPROVED FOR CONNECTION, POWERED TESTING, MOTION, WALKING, OR ENERGIZATION"
WS-R01,8.040,L SINGLE,L,0.824780,0.148273,234.678328,0.000000,NONE,0.000037161,79.195679,5.928796,50 HZ CONTACT-ENABLED INVERSE FEEDFORWARD + FROZEN BASELINE PD GAINS,"PRELIMINARY - NUMERICAL HIP-REDUCTION SUCCESSOR ONLY - NOT APPROVED FOR CONNECTION, POWERED TESTING, MOTION, WALKING, OR ENERGIZATION"
WS-R01,8.060,L SINGLE,L,0.828915,0.140996,234.286585,0.000000,NONE,0.000035056,64.242314,2.810855,50 HZ CONTACT-ENABLED INVERSE FEEDFORWARD + FROZEN BASELINE PD GAINS,"PRELIMINARY - NUMERICAL HIP-REDUCTION SUCCESSOR ONLY - NOT APPROVED FOR CONNECTION, POWERED TESTING, MOTION, WALKING, OR ENERGIZATION"
WS-R01,8.080,L SINGLE,L,0.819702,0.133933,236.914465,0.000000,NONE,0.000033176,69.558226,2.947208,50 HZ CONTACT-ENABLED INVERSE FEEDFORWARD + FROZEN BASELINE PD GAINS,"PRELIMINARY - NUMERICAL HIP-REDUCTION SUCCESSOR ONLY - NOT APPROVED FOR CONNECTION, POWERED TESTING, MOTION, WALKING, OR ENERGIZATION"
WS-R01,8.100,L SINGLE,L,0.815130,0.127172,237.453212,0.000000,NONE,0.000031946,65.567542,1.071363,50 HZ CONTACT-ENABLED INVERSE FEEDFORWARD + FROZEN BASELINE PD GAINS,"PRELIMINARY - NUMERICAL HIP-REDUCTION SUCCESSOR ONLY - NOT APPROVED FOR CONNECTION, POWERED TESTING, MOTION, WALKING, OR ENERGIZATION"
WS-R01,8.120,L SINGLE,L,0.812504,0.120429,230.903722,0.000000,NONE,0.000031858,64.231246,3.540806,50 HZ CONTACT-ENABLED INVERSE FEEDFORWARD + FROZEN BASELINE PD GAINS,"PRELIMINARY - NUMERICAL HIP-REDUCTION SUCCESSOR ONLY - NOT APPROVED FOR CONNECTION, POWERED TESTING, MOTION, WALKING, OR ENERGIZATION"
WS-R01,8.140,L SINGLE,L,0.812731,0.113838,236.503034,0.000000,NONE,0.000030899,62.735126,1.127962,50 HZ CONTACT-ENABLED INVERSE FEEDFORWARD + FROZEN BASELINE PD GAINS,"PRELIMINARY - NUMERICAL HIP-REDUCTION SUCCESSOR ONLY - NOT APPROVED FOR CONNECTION, POWERED TESTING, MOTION, WALKING, OR ENERGIZATION"
WS-R01,8.160,L SINGLE,L,0.817812,0.107476,231.527775,0.000000,NONE,0.000033944,64.869174,3.398538,50 HZ CONTACT-ENABLED INVERSE FEEDFORWARD + FROZEN BASELINE PD GAINS,"PRELIMINARY - NUMERICAL HIP-REDUCTION SUCCESSOR ONLY - NOT APPROVED FOR CONNECTION, POWERED TESTING, MOTION, WALKING, OR ENERGIZATION"
WS-R01,8.180,L SINGLE,L,0.805358,0.101191,236.326067,0.000000,NONE,0.000031697,74.366990,5.385990,50 HZ CONTACT-ENABLED INVERSE FEEDFORWARD + FROZEN BASELINE PD GAINS,"PRELIMINARY - NUMERICAL HIP-REDUCTION SUCCESSOR ONLY - NOT APPROVED FOR CONNECTION, POWERED TESTING, MOTION, WALKING, OR ENERGIZATION"
WS-R01,8.200,L SINGLE,L,0.808741,0.095136,236.560496,0.000000,NONE,0.000029246,62.877296,2.124242,50 HZ CONTACT-ENABLED INVERSE FEEDFORWARD + FROZEN BASELINE PD GAINS,"PRELIMINARY - NUMERICAL HIP-REDUCTION SUCCESSOR ONLY - NOT APPROVED FOR CONNECTION, POWERED TESTING, MOTION, WALKING, OR ENERGIZATION"
WS-R01,8.220,L SINGLE,L,0.798604,0.089350,237.574801,0.000000,NONE,0.000027258,64.314707,1.921541,50 HZ CONTACT-ENABLED INVERSE FEEDFORWARD + FROZEN BASELINE PD GAINS,"PRELIMINARY - NUMERICAL HIP-REDUCTION SUCCESSOR ONLY - NOT APPROVED FOR CONNECTION, POWERED TESTING, MOTION, WALKING, OR ENERGIZATION"
WS-R01,8.240,L SINGLE,L,0.803080,0.083766,238.590520,0.000000,NONE,0.000025525,65.815763,0.964635,50 HZ CONTACT-ENABLED INVERSE FEEDFORWARD + FROZEN BASELINE PD GAINS,"PRELIMINARY - NUMERICAL HIP-REDUCTION SUCCESSOR ONLY - NOT APPROVED FOR CONNECTION, POWERED TESTING, MOTION, WALKING, OR ENERGIZATION"
WS-R01,8.260,L SINGLE,L,0.793449,0.078689,237.765173,0.000000,NONE,0.000029354,63.817224,1.864641,50 HZ CONTACT-ENABLED INVERSE FEEDFORWARD + FROZEN BASELINE PD GAINS,"PRELIMINARY - NUMERICAL HIP-REDUCTION SUCCESSOR ONLY - NOT APPROVED FOR CONNECTION, POWERED TESTING, MOTION, WALKING, OR ENERGIZATION"
WS-R01,8.280,L SINGLE,L,0.799217,0.073310,238.822677,0.000000,NONE,0.000027246,65.651439,0.967735,50 HZ CONTACT-ENABLED INVERSE FEEDFORWARD + FROZEN BASELINE PD GAINS,"PRELIMINARY - NUMERICAL HIP-REDUCTION SUCCESSOR ONLY - NOT APPROVED FOR CONNECTION, POWERED TESTING, MOTION, WALKING, OR ENERGIZATION"
WS-R01,8.300,L SINGLE,L,0.793039,0.068710,238.211565,0.000000,NONE,0.000026111,64.770532,0.849318,50 HZ CONTACT-ENABLED INVERSE FEEDFORWARD + FROZEN BASELINE PD GAINS,"PRELIMINARY - NUMERICAL HIP-REDUCTION SUCCESSOR ONLY - NOT APPROVED FOR CONNECTION, POWERED TESTING, MOTION, WALKING, OR ENERGIZATION"
WS-R01,8.320,L SINGLE,L,0.796869,0.064154,231.566965,0.000000,NONE,0.000026329,63.466289,3.648104,50 HZ CONTACT-ENABLED INVERSE FEEDFORWARD + FROZEN BASELINE PD GAINS,"PRELIMINARY - NUMERICAL HIP-REDUCTION SUCCESSOR ONLY - NOT APPROVED FOR CONNECTION, POWERED TESTING, MOTION, WALKING, OR ENERGIZATION"
WS-R01,8.340,L SINGLE,L,0.796045,0.059898,238.403298,0.000000,NONE,0.000027694,64.502603,0.884681,50 HZ CONTACT-ENABLED INVERSE FEEDFORWARD + FROZEN BASELINE PD GAINS,"PRELIMINARY - NUMERICAL HIP-REDUCTION SUCCESSOR ONLY - NOT APPROVED FOR CONNECTION, POWERED TESTING, MOTION, WALKING, OR ENERGIZATION"
WS-R01,8.360,L SINGLE,L,0.801121,0.055330,231.485399,0.000000,NONE,0.000028073,64.513656,3.630791,50 HZ CONTACT-ENABLED INVERSE FEEDFORWARD + FROZEN BASELINE PD GAINS,"PRELIMINARY - NUMERICAL HIP-REDUCTION SUCCESSOR ONLY - NOT APPROVED FOR CONNECTION, POWERED TESTING, MOTION, WALKING, OR ENERGIZATION"
WS-R01,8.380,L SINGLE,L,0.788671,0.051316,236.280431,0.000000,NONE,0.000026601,75.355832,5.877170,50 HZ CONTACT-ENABLED INVERSE FEEDFORWARD + FROZEN BASELINE PD GAINS,"PRELIMINARY - NUMERICAL HIP-REDUCTION SUCCESSOR ONLY - NOT APPROVED FOR CONNECTION, POWERED TESTING, MOTION, WALKING, OR ENERGIZATION"
WS-R01,8.400,L SINGLE,L,0.794714,0.047299,235.837011,0.000000,NONE,0.000025031,62.755068,2.843651,50 HZ CONTACT-ENABLED INVERSE FEEDFORWARD + FROZEN BASELINE PD GAINS,"PRELIMINARY - NUMERICAL HIP-REDUCTION SUCCESSOR ONLY - NOT APPROVED FOR CONNECTION, POWERED TESTING, MOTION, WALKING, OR ENERGIZATION"
WS-R01,8.420,L SINGLE,L,0.785309,0.043453,238.326446,0.000000,NONE,0.000023519,66.498393,2.836329,50 HZ CONTACT-ENABLED INVERSE FEEDFORWARD + FROZEN BASELINE PD GAINS,"PRELIMINARY - NUMERICAL HIP-REDUCTION SUCCESSOR ONLY - NOT APPROVED FOR CONNECTION, POWERED TESTING, MOTION, WALKING, OR ENERGIZATION"
WS-R01,8.440,L SINGLE,L,0.790287,0.040073,235.740673,0.000000,NONE,0.000026128,61.697211,2.900929,50 HZ CONTACT-ENABLED INVERSE FEEDFORWARD + FROZEN BASELINE PD GAINS,"PRELIMINARY - NUMERICAL HIP-REDUCTION SUCCESSOR ONLY - NOT APPROVED FOR CONNECTION, POWERED TESTING, MOTION, WALKING, OR ENERGIZATION"
WS-R01,8.460,L SINGLE,L,0.785413,0.035978,238.655189,0.000000,NONE,0.000025969,66.213735,2.872524,50 HZ CONTACT-ENABLED INVERSE FEEDFORWARD + FROZEN BASELINE PD GAINS,"PRELIMINARY - NUMERICAL HIP-REDUCTION SUCCESSOR ONLY - NOT APPROVED FOR CONNECTION, POWERED TESTING, MOTION, WALKING, OR ENERGIZATION"
WS-R01,8.480,L SINGLE,L,0.792733,0.032408,238.818080,0.000000,NONE,0.000024150,65.969086,0.904626,50 HZ CONTACT-ENABLED INVERSE FEEDFORWARD + FROZEN BASELINE PD GAINS,"PRELIMINARY - NUMERICAL HIP-REDUCTION SUCCESSOR ONLY - NOT APPROVED FOR CONNECTION, POWERED TESTING, MOTION, WALKING, OR ENERGIZATION"
WS-R01,8.500,L SINGLE,L,0.785213,0.028866,232.811178,0.000000,NONE,0.000023724,61.264041,3.532682,50 HZ CONTACT-ENABLED INVERSE FEEDFORWARD + FROZEN BASELINE PD GAINS,"PRELIMINARY - NUMERICAL HIP-REDUCTION SUCCESSOR ONLY - NOT APPROVED FOR CONNECTION, POWERED TESTING, MOTION, WALKING, OR ENERGIZATION"
WS-R01,8.520,L SINGLE,L,0.787664,0.025086,237.128900,0.000000,NONE,0.000022282,75.288270,5.524390,50 HZ CONTACT-ENABLED INVERSE FEEDFORWARD + FROZEN BASELINE PD GAINS,"PRELIMINARY - NUMERICAL HIP-REDUCTION SUCCESSOR ONLY - NOT APPROVED FOR CONNECTION, POWERED TESTING, MOTION, WALKING, OR ENERGIZATION"
WS-R01,8.540,L SINGLE,L,0.778400,0.021249,238.625058,0.000000,NONE,0.000020684,61.986770,1.433213,50 HZ CONTACT-ENABLED INVERSE FEEDFORWARD + FROZEN BASELINE PD GAINS,"PRELIMINARY - NUMERICAL HIP-REDUCTION SUCCESSOR ONLY - NOT APPROVED FOR CONNECTION, POWERED TESTING, MOTION, WALKING, OR ENERGIZATION"
WS-R01,8.560,L SINGLE,L,0.785074,0.017416,237.600054,0.000000,NONE,0.000024570,73.842582,5.170136,50 HZ CONTACT-ENABLED INVERSE FEEDFORWARD + FROZEN BASELINE PD GAINS,"PRELIMINARY - NUMERICAL HIP-REDUCTION SUCCESSOR ONLY - NOT APPROVED FOR CONNECTION, POWERED TESTING, MOTION, WALKING, OR ENERGIZATION"
WS-R01,8.580,L SINGLE,L,0.778393,0.013145,238.102298,0.000000,NONE,0.000022105,59.417548,2.104427,50 HZ CONTACT-ENABLED INVERSE FEEDFORWARD + FROZEN BASELINE PD GAINS,"PRELIMINARY - NUMERICAL HIP-REDUCTION SUCCESSOR ONLY - NOT APPROVED FOR CONNECTION, POWERED TESTING, MOTION, WALKING, OR ENERGIZATION"
WS-R01,8.600,L SINGLE,L,0.779722,0.009741,238.853161,0.000000,NONE,0.000019888,63.179201,1.842729,50 HZ CONTACT-ENABLED INVERSE FEEDFORWARD + FROZEN BASELINE PD GAINS,"PRELIMINARY - NUMERICAL HIP-REDUCTION SUCCESSOR ONLY - NOT APPROVED FOR CONNECTION, POWERED TESTING, MOTION, WALKING, OR ENERGIZATION"
WS-R01,8.620,L SINGLE,L,0.786748,0.007853,239.817762,0.000000,NONE,0.000018165,64.926357,0.920143,50 HZ CONTACT-ENABLED INVERSE FEEDFORWARD + FROZEN BASELINE PD GAINS,"PRELIMINARY - NUMERICAL HIP-REDUCTION SUCCESSOR ONLY - NOT APPROVED FOR CONNECTION, POWERED TESTING, MOTION, WALKING, OR ENERGIZATION"
WS-R01,8.640,L SINGLE,L,0.780540,0.007405,238.888449,0.000000,NONE,0.000021852,63.375296,1.759884,50 HZ CONTACT-ENABLED INVERSE FEEDFORWARD + FROZEN BASELINE PD GAINS,"PRELIMINARY - NUMERICAL HIP-REDUCTION SUCCESSOR ONLY - NOT APPROVED FOR CONNECTION, POWERED TESTING, MOTION, WALKING, OR ENERGIZATION"
WS-R01,8.660,L SINGLE,L,0.789286,0.007230,239.955078,0.000000,NONE,0.000019821,65.158706,0.933080,50 HZ CONTACT-ENABLED INVERSE FEEDFORWARD + FROZEN BASELINE PD GAINS,"PRELIMINARY - NUMERICAL HIP-REDUCTION SUCCESSOR ONLY - NOT APPROVED FOR CONNECTION, POWERED TESTING, MOTION, WALKING, OR ENERGIZATION"
WS-R01,8.680,L SINGLE,L,0.784655,0.008084,239.244955,0.000000,NONE,0.000018780,64.853341,0.806652,50 HZ CONTACT-ENABLED INVERSE FEEDFORWARD + FROZEN BASELINE PD GAINS,"PRELIMINARY - NUMERICAL HIP-REDUCTION SUCCESSOR ONLY - NOT APPROVED FOR CONNECTION, POWERED TESTING, MOTION, WALKING, OR ENERGIZATION"
WS-R01,8.700,L SINGLE,L,0.781806,0.009123,232.705025,0.000000,NONE,0.000019106,61.354435,3.697822,50 HZ CONTACT-ENABLED INVERSE FEEDFORWARD + FROZEN BASELINE PD GAINS,"PRELIMINARY - NUMERICAL HIP-REDUCTION SUCCESSOR ONLY - NOT APPROVED FOR CONNECTION, POWERED TESTING, MOTION, WALKING, OR ENERGIZATION"
WS-R01,8.720,L SINGLE,L,0.783168,0.010227,236.817372,0.000000,NONE,0.000018182,75.877224,5.782834,50 HZ CONTACT-ENABLED INVERSE FEEDFORWARD + FROZEN BASELINE PD GAINS,"PRELIMINARY - NUMERICAL HIP-REDUCTION SUCCESSOR ONLY - NOT APPROVED FOR CONNECTION, POWERED TESTING, MOTION, WALKING, OR ENERGIZATION"
WS-R01,8.740,L SINGLE,L,0.788847,0.011762,232.398572,0.000000,NONE,0.000020997,63.172876,3.695254,50 HZ CONTACT-ENABLED INVERSE FEEDFORWARD + FROZEN BASELINE PD GAINS,"PRELIMINARY - NUMERICAL HIP-REDUCTION SUCCESSOR ONLY - NOT APPROVED FOR CONNECTION, POWERED TESTING, MOTION, WALKING, OR ENERGIZATION"
WS-R01,8.760,L SINGLE,L,0.789873,0.012741,237.155512,0.000000,NONE,0.000020420,75.875430,5.838992,50 HZ CONTACT-ENABLED INVERSE FEEDFORWARD + FROZEN BASELINE PD GAINS,"PRELIMINARY - NUMERICAL HIP-REDUCTION SUCCESSOR ONLY - NOT APPROVED FOR CONNECTION, POWERED TESTING, MOTION, WALKING, OR ENERGIZATION"
WS-R01,8.780,L SINGLE,L,0.796546,0.014133,236.659795,0.000000,NONE,0.000018398,62.530437,2.868931,50 HZ CONTACT-ENABLED INVERSE FEEDFORWARD + FROZEN BASELINE PD GAINS,"PRELIMINARY - NUMERICAL HIP-REDUCTION SUCCESSOR ONLY - NOT APPROVED FOR CONNECTION, POWERED TESTING, MOTION, WALKING, OR ENERGIZATION"
WS-R01,8.800,L SINGLE,L,0.789458,0.015643,239.170814,0.000000,NONE,0.000016521,66.984079,2.846919,50 HZ CONTACT-ENABLED INVERSE FEEDFORWARD + FROZEN BASELINE PD GAINS,"PRELIMINARY - NUMERICAL HIP-REDUCTION SUCCESSOR ONLY - NOT APPROVED FOR CONNECTION, POWERED TESTING, MOTION, WALKING, OR ENERGIZATION"
WS-R01,8.820,L SINGLE,L,0.789944,0.017619,236.639688,0.000000,NONE,0.000018831,59.994665,2.950648,50 HZ CONTACT-ENABLED INVERSE FEEDFORWARD + FROZEN BASELINE PD GAINS,"PRELIMINARY - NUMERICAL HIP-REDUCTION SUCCESSOR ONLY - NOT APPROVED FOR CONNECTION, POWERED TESTING, MOTION, WALKING, OR ENERGIZATION"
WS-R01,8.840,L SINGLE,L,0.798226,0.018827,239.262578,0.000000,NONE,0.000018418,68.541833,2.919218,50 HZ CONTACT-ENABLED INVERSE FEEDFORWARD + FROZEN BASELINE PD GAINS,"PRELIMINARY - NUMERICAL HIP-REDUCTION SUCCESSOR ONLY - NOT APPROVED FOR CONNECTION, POWERED TESTING, MOTION, WALKING, OR ENERGIZATION"
WS-R01,8.860,L SINGLE,L,0.790820,0.020713,239.750745,0.000000,NONE,0.000016493,63.852233,0.966176,50 HZ CONTACT-ENABLED INVERSE FEEDFORWARD + FROZEN BASELINE PD GAINS,"PRELIMINARY - NUMERICAL HIP-REDUCTION SUCCESSOR ONLY - NOT APPROVED FOR CONNECTION, POWERED TESTING, MOTION, WALKING, OR ENERGIZATION"
WS-R01,8.880,L SINGLE,L,0.791066,0.022600,233.134626,0.000000,NONE,0.000015926,62.776741,3.586949,50 HZ CONTACT-ENABLED INVERSE FEEDFORWARD + FROZEN BASELINE PD GAINS,"PRELIMINARY - NUMERICAL HIP-REDUCTION SUCCESSOR ONLY - NOT APPROVED FOR CONNECTION, POWERED TESTING, MOTION, WALKING, OR ENERGIZATION"
WS-R01,8.900,L SINGLE,L,0.796191,0.024512,238.425677,0.000000,NONE,0.000014758,62.345207,1.089149,50 HZ CONTACT-ENABLED INVERSE FEEDFORWARD + FROZEN BASELINE PD GAINS,"PRELIMINARY - NUMERICAL HIP-REDUCTION SUCCESSOR ONLY - NOT APPROVED FOR CONNECTION, POWERED TESTING, MOTION, WALKING, OR ENERGIZATION"
WS-R01,8.920,L SINGLE,L,0.796458,0.026603,233.620426,0.000000,NONE,0.000017520,61.542957,3.505299,50 HZ CONTACT-ENABLED INVERSE FEEDFORWARD + FROZEN BASELINE PD GAINS,"PRELIMINARY - NUMERICAL HIP-REDUCTION SUCCESSOR ONLY - NOT APPROVED FOR CONNECTION, POWERED TESTING, MOTION, WALKING, OR ENERGIZATION"
WS-R01,8.940,L SINGLE,L,0.800922,0.028562,238.037998,0.000000,NONE,0.000015249,75.327361,5.379674,50 HZ CONTACT-ENABLED INVERSE FEEDFORWARD + FROZEN BASELINE PD GAINS,"PRELIMINARY - NUMERICAL HIP-REDUCTION SUCCESSOR ONLY - NOT APPROVED FOR CONNECTION, POWERED TESTING, MOTION, WALKING, OR ENERGIZATION"
WS-R01,8.960,L SINGLE,L,0.797503,0.030809,238.427751,0.000000,NONE,0.000012765,60.580422,2.232261,50 HZ CONTACT-ENABLED INVERSE FEEDFORWARD + FROZEN BASELINE PD GAINS,"PRELIMINARY - NUMERICAL HIP-REDUCTION SUCCESSOR ONLY - NOT APPROVED FOR CONNECTION, POWERED TESTING, MOTION, WALKING, OR ENERGIZATION"
WS-R01,8.980,L SINGLE,L,0.799607,0.033095,239.946043,0.000000,NONE,0.000010514,63.224055,1.098483,50 HZ CONTACT-ENABLED INVERSE FEEDFORWARD + FROZEN BASELINE PD GAINS,"PRELIMINARY - NUMERICAL HIP-REDUCTION SUCCESSOR ONLY - NOT APPROVED FOR CONNECTION, POWERED TESTING, MOTION, WALKING, OR ENERGIZATION"
WS-R01,9.000,L SINGLE,L,0.806108,0.035827,238.327828,0.000000,NONE,0.000014283,61.327922,2.118635,50 HZ CONTACT-ENABLED INVERSE FEEDFORWARD + FROZEN BASELINE PD GAINS,"PRELIMINARY - NUMERICAL HIP-REDUCTION SUCCESSOR ONLY - NOT APPROVED FOR CONNECTION, POWERED TESTING, MOTION, WALKING, OR ENERGIZATION"
WS-R01,9.020,L SINGLE,L,0.815935,0.038197,239.062902,0.000000,NONE,0.000011647,66.640721,1.926886,50 HZ CONTACT-ENABLED INVERSE FEEDFORWARD + FROZEN BASELINE PD GAINS,"PRELIMINARY - NUMERICAL HIP-REDUCTION SUCCESSOR ONLY - NOT APPROVED FOR CONNECTION, POWERED TESTING, MOTION, WALKING, OR ENERGIZATION"
WS-R01,9.040,L SINGLE,L,0.815048,0.041037,240.443034,0.000000,NONE,0.000009103,64.827119,1.034360,50 HZ CONTACT-ENABLED INVERSE FEEDFORWARD + FROZEN BASELINE PD GAINS,"PRELIMINARY - NUMERICAL HIP-REDUCTION SUCCESSOR ONLY - NOT APPROVED FOR CONNECTION, POWERED TESTING, MOTION, WALKING, OR ENERGIZATION"
WS-R01,9.060,L SINGLE,L,0.825299,0.044176,239.001908,0.000000,NONE,0.000012253,67.422825,1.920747,50 HZ CONTACT-ENABLED INVERSE FEEDFORWARD + FROZEN BASELINE PD GAINS,"PRELIMINARY - NUMERICAL HIP-REDUCTION SUCCESSOR ONLY - NOT APPROVED FOR CONNECTION, POWERED TESTING, MOTION, WALKING, OR ENERGIZATION"
WS-R01,9.080,L SINGLE,L,0.823067,0.047064,240.482341,0.000000,NONE,0.000009646,65.276675,1.057905,50 HZ CONTACT-ENABLED INVERSE FEEDFORWARD + FROZEN BASELINE PD GAINS,"PRELIMINARY - NUMERICAL HIP-REDUCTION SUCCESSOR ONLY - NOT APPROVED FOR CONNECTION, POWERED TESTING, MOTION, WALKING, OR ENERGIZATION"
WS-R01,9.100,L SINGLE,L,0.826779,0.050564,239.506644,0.000000,NONE,0.000007958,67.070965,0.851388,50 HZ CONTACT-ENABLED INVERSE FEEDFORWARD + FROZEN BASELINE PD GAINS,"PRELIMINARY - NUMERICAL HIP-REDUCTION SUCCESSOR ONLY - NOT APPROVED FOR CONNECTION, POWERED TESTING, MOTION, WALKING, OR ENERGIZATION"
WS-R01,9.120,L SINGLE,L,0.830802,0.054035,240.548016,0.000000,NONE,0.000010166,65.740879,1.102526,50 HZ CONTACT-ENABLED INVERSE FEEDFORWARD + FROZEN BASELINE PD GAINS,"PRELIMINARY - NUMERICAL HIP-REDUCTION SUCCESSOR ONLY - NOT APPROVED FOR CONNECTION, POWERED TESTING, MOTION, WALKING, OR ENERGIZATION"
WS-R01,9.140,L SINGLE,L,0.834444,0.057522,239.485278,0.000000,NONE,0.000008729,67.719087,0.883062,50 HZ CONTACT-ENABLED INVERSE FEEDFORWARD + FROZEN BASELINE PD GAINS,"PRELIMINARY - NUMERICAL HIP-REDUCTION SUCCESSOR ONLY - NOT APPROVED FOR CONNECTION, POWERED TESTING, MOTION, WALKING, OR ENERGIZATION"
WS-R01,9.160,L SINGLE,L,0.838070,0.061361,232.441887,0.000000,NONE,0.000007962,64.535798,3.859046,50 HZ CONTACT-ENABLED INVERSE FEEDFORWARD + FROZEN BASELINE PD GAINS,"PRELIMINARY - NUMERICAL HIP-REDUCTION SUCCESSOR ONLY - NOT APPROVED FOR CONNECTION, POWERED TESTING, MOTION, WALKING, OR ENERGIZATION"
WS-R01,9.180,L SINGLE,L,0.841707,0.065508,239.535323,0.000000,NONE,0.000008856,67.901085,0.941988,50 HZ CONTACT-ENABLED INVERSE FEEDFORWARD + FROZEN BASELINE PD GAINS,"PRELIMINARY - NUMERICAL HIP-REDUCTION SUCCESSOR ONLY - NOT APPROVED FOR CONNECTION, POWERED TESTING, MOTION, WALKING, OR ENERGIZATION"
WS-R01,9.200,L SINGLE,L,0.850426,0.069230,232.114772,0.000000,NONE,0.000008537,66.537848,3.888362,50 HZ CONTACT-ENABLED INVERSE FEEDFORWARD + FROZEN BASELINE PD GAINS,"PRELIMINARY - NUMERICAL HIP-REDUCTION SUCCESSOR ONLY - NOT APPROVED FOR CONNECTION, POWERED TESTING, MOTION, WALKING, OR ENERGIZATION"
WS-R01,9.220,L SINGLE,L,0.856405,0.073687,239.469292,0.000000,NONE,0.000008770,68.954737,0.973715,50 HZ CONTACT-ENABLED INVERSE FEEDFORWARD + FROZEN BASELINE PD GAINS,"PRELIMINARY - NUMERICAL HIP-REDUCTION SUCCESSOR ONLY - NOT APPROVED FOR CONNECTION, POWERED TESTING, MOTION, WALKING, OR ENERGIZATION"
WS-R01,9.240,L SINGLE,L,0.863231,0.077750,231.957089,0.000000,NONE,0.000008150,66.949338,3.924665,50 HZ CONTACT-ENABLED INVERSE FEEDFORWARD + FROZEN BASELINE PD GAINS,"PRELIMINARY - NUMERICAL HIP-REDUCTION SUCCESSOR ONLY - NOT APPROVED FOR CONNECTION, POWERED TESTING, MOTION, WALKING, OR ENERGIZATION"
WS-R01,9.260,L SINGLE,L,0.870504,0.082505,239.370215,0.000000,NONE,0.000008130,70.226954,0.994638,50 HZ CONTACT-ENABLED INVERSE FEEDFORWARD + FROZEN BASELINE PD GAINS,"PRELIMINARY - NUMERICAL HIP-REDUCTION SUCCESSOR ONLY - NOT APPROVED FOR CONNECTION, POWERED TESTING, MOTION, WALKING, OR ENERGIZATION"
WS-R01,9.280,L SINGLE,L,0.874562,0.086877,231.887407,0.000000,NONE,0.000007426,66.603437,3.964541,50 HZ CONTACT-ENABLED INVERSE FEEDFORWARD + FROZEN BASELINE PD GAINS,"PRELIMINARY - NUMERICAL HIP-REDUCTION SUCCESSOR ONLY - NOT APPROVED FOR CONNECTION, POWERED TESTING, MOTION, WALKING, OR ENERGIZATION"
WS-R01,9.300,L SINGLE,L,0.874642,0.091711,236.516528,0.000000,NONE,0.000004726,84.182360,6.455507,50 HZ CONTACT-ENABLED INVERSE FEEDFORWARD + FROZEN BASELINE PD GAINS,"PRELIMINARY - NUMERICAL HIP-REDUCTION SUCCESSOR ONLY - NOT APPROVED FOR CONNECTION, POWERED TESTING, MOTION, WALKING, OR ENERGIZATION"
WS-R01,9.320,L SINGLE,L,0.886554,0.097030,231.619429,0.000000,NONE,0.000006928,68.576250,3.983232,50 HZ CONTACT-ENABLED INVERSE FEEDFORWARD + FROZEN BASELINE PD GAINS,"PRELIMINARY - NUMERICAL HIP-REDUCTION SUCCESSOR ONLY - NOT APPROVED FOR CONNECTION, POWERED TESTING, MOTION, WALKING, OR ENERGIZATION"
WS-R01,9.340,L SINGLE,L,0.888085,0.101630,236.519522,0.000000,NONE,0.000005252,85.565472,6.590550,50 HZ CONTACT-ENABLED INVERSE FEEDFORWARD + FROZEN BASELINE PD GAINS,"PRELIMINARY - NUMERICAL HIP-REDUCTION SUCCESSOR ONLY - NOT APPROVED FOR CONNECTION, POWERED TESTING, MOTION, WALKING, OR ENERGIZATION"
WS-R01,9.360,L SINGLE,L,0.897241,0.107206,231.445262,0.000000,NONE,0.000006955,68.494666,4.050808,50 HZ CONTACT-ENABLED INVERSE FEEDFORWARD + FROZEN BASELINE PD GAINS,"PRELIMINARY - NUMERICAL HIP-REDUCTION SUCCESSOR ONLY - NOT APPROVED FOR CONNECTION, POWERED TESTING, MOTION, WALKING, OR ENERGIZATION"
WS-R01,9.380,L SINGLE,L,0.898295,0.112063,236.470846,0.000000,NONE,0.000004975,86.928332,6.675277,50 HZ CONTACT-ENABLED INVERSE FEEDFORWARD + FROZEN BASELINE PD GAINS,"PRELIMINARY - NUMERICAL HIP-REDUCTION SUCCESSOR ONLY - NOT APPROVED FOR CONNECTION, POWERED TESTING, MOTION, WALKING, OR ENERGIZATION"
WS-R01,9.400,L SINGLE,L,0.910175,0.117892,231.169153,0.000000,NONE,0.000006473,69.987052,4.087085,50 HZ CONTACT-ENABLED INVERSE FEEDFORWARD + FROZEN BASELINE PD GAINS,"PRELIMINARY - NUMERICAL HIP-REDUCTION SUCCESSOR ONLY - NOT APPROVED FOR CONNECTION, POWERED TESTING, MOTION, WALKING, OR ENERGIZATION"
WS-R01,9.420,L SINGLE,L,0.915053,0.122980,236.367428,0.000000,NONE,0.000004375,88.365027,6.777104,50 HZ CONTACT-ENABLED INVERSE FEEDFORWARD + FROZEN BASELINE PD GAINS,"PRELIMINARY - NUMERICAL HIP-REDUCTION SUCCESSOR ONLY - NOT APPROVED FOR CONNECTION, POWERED TESTING, MOTION, WALKING, OR ENERGIZATION"
WS-R01,9.440,L SINGLE,L,0.923050,0.129066,230.990634,0.000000,NONE,0.000005836,70.341400,4.150514,50 HZ CONTACT-ENABLED INVERSE FEEDFORWARD + FROZEN BASELINE PD GAINS,"PRELIMINARY - NUMERICAL HIP-REDUCTION SUCCESSOR ONLY - NOT APPROVED FOR CONNECTION, POWERED TESTING, MOTION, WALKING, OR ENERGIZATION"
WS-R01,9.460,L SINGLE,L,0.925045,0.134329,236.238958,0.000000,NONE,0.000003673,89.846679,6.866591,50 HZ CONTACT-ENABLED INVERSE FEEDFORWARD + FROZEN BASELINE PD GAINS,"PRELIMINARY - NUMERICAL HIP-REDUCTION SUCCESSOR ONLY - NOT APPROVED FOR CONNECTION, POWERED TESTING, MOTION, WALKING, OR ENERGIZATION"
WS-R01,9.480,L SINGLE,L,0.934212,0.140609,230.789445,0.000000,NONE,0.000005135,71.186756,4.204918,50 HZ CONTACT-ENABLED INVERSE FEEDFORWARD + FROZEN BASELINE PD GAINS,"PRELIMINARY - NUMERICAL HIP-REDUCTION SUCCESSOR ONLY - NOT APPROVED FOR CONNECTION, POWERED TESTING, MOTION, WALKING, OR ENERGIZATION"
WS-R01,9.500,L SINGLE,L,0.934863,0.146051,236.063336,0.000000,NONE,0.000002914,91.331653,6.934865,50 HZ CONTACT-ENABLED INVERSE FEEDFORWARD + FROZEN BASELINE PD GAINS,"PRELIMINARY - NUMERICAL HIP-REDUCTION SUCCESSOR ONLY - NOT APPROVED FOR CONNECTION, POWERED TESTING, MOTION, WALKING, OR ENERGIZATION"
WS-R01,9.520,L SINGLE,L,0.944343,0.152510,230.530380,0.000000,NONE,0.000004426,72.832603,4.247228,50 HZ CONTACT-ENABLED INVERSE FEEDFORWARD + FROZEN BASELINE PD GAINS,"PRELIMINARY - NUMERICAL HIP-REDUCTION SUCCESSOR ONLY - NOT APPROVED FOR CONNECTION, POWERED TESTING, MOTION, WALKING, OR ENERGIZATION"
WS-R01,9.540,L SINGLE,L,0.951140,0.158063,235.881958,0.000000,NONE,0.000002135,92.988646,7.084689,50 HZ CONTACT-ENABLED INVERSE FEEDFORWARD + FROZEN BASELINE PD GAINS,"PRELIMINARY - NUMERICAL HIP-REDUCTION SUCCESSOR ONLY - NOT APPROVED FOR CONNECTION, POWERED TESTING, MOTION, WALKING, OR ENERGIZATION"
WS-R01,9.560,L SINGLE,L,0.961603,0.164708,230.345882,0.000000,NONE,0.000003721,73.745943,4.293284,50 HZ CONTACT-ENABLED INVERSE FEEDFORWARD + FROZEN BASELINE PD GAINS,"PRELIMINARY - NUMERICAL HIP-REDUCTION SUCCESSOR ONLY - NOT APPROVED FOR CONNECTION, POWERED TESTING, MOTION, WALKING, OR ENERGIZATION"
WS-R01,9.580,L SINGLE,L,0.964666,0.170351,235.665599,0.000000,NONE,0.000001375,94.597819,7.184365,50 HZ CONTACT-ENABLED INVERSE FEEDFORWARD + FROZEN BASELINE PD GAINS,"PRELIMINARY - NUMERICAL HIP-REDUCTION SUCCESSOR ONLY - NOT APPROVED FOR CONNECTION, POWERED TESTING, MOTION, WALKING, OR ENERGIZATION"
WS-R01,9.600,L SINGLE,L,0.973279,0.177111,230.139650,0.000000,NONE,0.000003061,74.856005,4.350354,50 HZ CONTACT-ENABLED INVERSE FEEDFORWARD + FROZEN BASELINE PD GAINS,"PRELIMINARY - NUMERICAL HIP-REDUCTION SUCCESSOR ONLY - NOT APPROVED FOR CONNECTION, POWERED TESTING, MOTION, WALKING, OR ENERGIZATION"
WS-R01,9.620,L SINGLE,L,0.975912,0.182824,235.384958,0.000000,NONE,0.000000674,96.196794,7.264296,50 HZ CONTACT-ENABLED INVERSE FEEDFORWARD + FROZEN BASELINE PD GAINS,"PRELIMINARY - NUMERICAL HIP-REDUCTION SUCCESSOR ONLY - NOT APPROVED FOR CONNECTION, POWERED TESTING, MOTION, WALKING, OR ENERGIZATION"
WS-R01,9.640,L SINGLE,L,0.981439,0.189704,229.913030,0.000000,NONE,0.000002557,75.804119,4.412428,50 HZ CONTACT-ENABLED INVERSE FEEDFORWARD + FROZEN BASELINE PD GAINS,"PRELIMINARY - NUMERICAL HIP-REDUCTION SUCCESSOR ONLY - NOT APPROVED FOR CONNECTION, POWERED TESTING, MOTION, WALKING, OR ENERGIZATION"
WS-R01,9.660,L SINGLE,L,0.980023,0.195443,235.031387,0.000000,NONE,0.000000191,97.797844,7.342908,50 HZ CONTACT-ENABLED INVERSE FEEDFORWARD + FROZEN BASELINE PD GAINS,"PRELIMINARY - NUMERICAL HIP-REDUCTION SUCCESSOR ONLY - NOT APPROVED FOR CONNECTION, POWERED TESTING, MOTION, WALKING, OR ENERGIZATION"
WS-R01,9.680,L SINGLE,L,0.981871,0.202388,229.630252,0.000000,NONE,0.000002324,76.985069,4.459595,50 HZ CONTACT-ENABLED INVERSE FEEDFORWARD + FROZEN BASELINE PD GAINS,"PRELIMINARY - NUMERICAL HIP-REDUCTION SUCCESSOR ONLY - NOT APPROVED FOR CONNECTION, POWERED TESTING, MOTION, WALKING, OR ENERGIZATION"
WS-R01,9.700,L SINGLE,L,0.986716,0.208100,234.601618,0.000000,NONE,-0.000000010,99.443062,7.436079,50 HZ CONTACT-ENABLED INVERSE FEEDFORWARD + FROZEN BASELINE PD GAINS,"PRELIMINARY - NUMERICAL HIP-REDUCTION SUCCESSOR ONLY - NOT APPROVED FOR CONNECTION, POWERED TESTING, MOTION, WALKING, OR ENERGIZATION"
WS-R01,9.720,L SINGLE,L,0.987313,0.215135,229.314024,0.000000,NONE,0.000002410,78.203475,4.502788,50 HZ CONTACT-ENABLED INVERSE FEEDFORWARD + FROZEN BASELINE PD GAINS,"PRELIMINARY - NUMERICAL HIP-REDUCTION SUCCESSOR ONLY - NOT APPROVED FOR CONNECTION, POWERED TESTING, MOTION, WALKING, OR ENERGIZATION"
WS-R01,9.740,L SINGLE,L,0.986005,0.220917,236.110377,0.000000,NONE,0.000001723,78.436355,2.642671,50 HZ CONTACT-ENABLED INVERSE FEEDFORWARD + FROZEN BASELINE PD GAINS,"PRELIMINARY - NUMERICAL HIP-REDUCTION SUCCESSOR ONLY - NOT APPROVED FOR CONNECTION, POWERED TESTING, MOTION, WALKING, OR ENERGIZATION"
WS-R01,9.760,L SINGLE,L,0.979200,0.226786,237.490048,0.000000,NONE,-0.000001199,85.950538,2.889635,50 HZ CONTACT-ENABLED INVERSE FEEDFORWARD + FROZEN BASELINE PD GAINS,"PRELIMINARY - NUMERICAL HIP-REDUCTION SUCCESSOR ONLY - NOT APPROVED FOR CONNECTION, POWERED TESTING, MOTION, WALKING, OR ENERGIZATION"
WS-R01,9.780,L SINGLE,L,0.963600,0.233147,237.482363,0.000000,NONE,-0.000004115,85.084048,1.643086,50 HZ CONTACT-ENABLED INVERSE FEEDFORWARD + FROZEN BASELINE PD GAINS,"PRELIMINARY - NUMERICAL HIP-REDUCTION SUCCESSOR ONLY - NOT APPROVED FOR CONNECTION, POWERED TESTING, MOTION, WALKING, OR ENERGIZATION"
WS-R01,9.800,L SINGLE,L,0.933692,0.239770,237.221432,0.000000,NONE,0.000001056,87.489735,3.034453,50 HZ CONTACT-ENABLED INVERSE FEEDFORWARD + FROZEN BASELINE PD GAINS,"PRELIMINARY - NUMERICAL HIP-REDUCTION SUCCESSOR ONLY - NOT APPROVED FOR CONNECTION, POWERED TESTING, MOTION, WALKING, OR ENERGIZATION"
WS-R01,9.820,L SINGLE,L,0.891206,0.246299,236.353492,0.000000,NONE,0.000002777,87.983294,1.704545,50 HZ CONTACT-ENABLED INVERSE FEEDFORWARD + FROZEN BASELINE PD GAINS,"PRELIMINARY - NUMERICAL HIP-REDUCTION SUCCESSOR ONLY - NOT APPROVED FOR CONNECTION, POWERED TESTING, MOTION, WALKING, OR ENERGIZATION"
WS-R01,9.840,L SINGLE,L,0.838917,0.252374,227.548212,0.000000,NONE,0.000002177,81.922797,4.644002,50 HZ CONTACT-ENABLED INVERSE FEEDFORWARD + FROZEN BASELINE PD GAINS,"PRELIMINARY - NUMERICAL HIP-REDUCTION SUCCESSOR ONLY - NOT APPROVED FOR CONNECTION, POWERED TESTING, MOTION, WALKING, OR ENERGIZATION"
WS-R01,9.860,L SINGLE,L,0.765709,0.257888,236.583227,0.000000,NONE,-0.000001459,82.629714,1.773191,50 HZ CONTACT-ENABLED INVERSE FEEDFORWARD + FROZEN BASELINE PD GAINS,"PRELIMINARY - NUMERICAL HIP-REDUCTION SUCCESSOR ONLY - NOT APPROVED FOR CONNECTION, POWERED TESTING, MOTION, WALKING, OR ENERGIZATION"
WS-R01,9.880,L SINGLE,L,0.750830,0.265893,226.582731,0.000000,NONE,0.000002162,83.164775,4.717517,50 HZ CONTACT-ENABLED INVERSE FEEDFORWARD + FROZEN BASELINE PD GAINS,"PRELIMINARY - NUMERICAL HIP-REDUCTION SUCCESSOR ONLY - NOT APPROVED FOR CONNECTION, POWERED TESTING, MOTION, WALKING, OR ENERGIZATION"
WS-R01,9.900,L SINGLE,L,0.713360,0.271499,232.850934,0.000000,NONE,0.000004079,107.602054,8.083121,50 HZ CONTACT-ENABLED INVERSE FEEDFORWARD + FROZEN BASELINE PD GAINS,"PRELIMINARY - NUMERICAL HIP-REDUCTION SUCCESSOR ONLY - NOT APPROVED FOR CONNECTION, POWERED TESTING, MOTION, WALKING, OR ENERGIZATION"
WS-R01,9.920,L SINGLE,L,0.615235,0.273978,231.300477,0.000000,NONE,0.000002725,80.918679,3.675483,50 HZ CONTACT-ENABLED INVERSE FEEDFORWARD + FROZEN BASELINE PD GAINS,"PRELIMINARY - NUMERICAL HIP-REDUCTION SUCCESSOR ONLY - NOT APPROVED FOR CONNECTION, POWERED TESTING, MOTION, WALKING, OR ENERGIZATION"
WS-R01,9.940,L SINGLE,L,0.548349,0.284180,233.129076,0.000000,NONE,0.000007672,108.242586,8.016178,50 HZ CONTACT-ENABLED INVERSE FEEDFORWARD + FROZEN BASELINE PD GAINS,"PRELIMINARY - NUMERICAL HIP-REDUCTION SUCCESSOR ONLY - NOT APPROVED FOR CONNECTION, POWERED TESTING, MOTION, WALKING, OR ENERGIZATION"
WS-R01,9.960,L SINGLE,L,0.487393,0.287531,235.779851,0.000000,NONE,0.000006034,92.186010,3.093335,50 HZ CONTACT-ENABLED INVERSE FEEDFORWARD + FROZEN BASELINE PD GAINS,"PRELIMINARY - NUMERICAL HIP-REDUCTION SUCCESSOR ONLY - NOT APPROVED FOR CONNECTION, POWERED TESTING, MOTION, WALKING, OR ENERGIZATION"
WS-R01,9.980,L SINGLE,L,0.389959,0.292688,235.082072,0.000000,NONE,0.000004095,91.265081,1.858717,50 HZ CONTACT-ENABLED INVERSE FEEDFORWARD + FROZEN BASELINE PD GAINS,"PRELIMINARY - NUMERICAL HIP-REDUCTION SUCCESSOR ONLY - NOT APPROVED FOR CONNECTION, POWERED TESTING, MOTION, WALKING, OR ENERGIZATION"
WS-R01,10.000,L SINGLE,L,0.257726,0.299376,226.134992,0.000000,NONE,0.000009034,85.841505,4.706892,50 HZ CONTACT-ENABLED INVERSE FEEDFORWARD + FROZEN BASELINE PD GAINS,"PRELIMINARY - NUMERICAL HIP-REDUCTION SUCCESSOR ONLY - NOT APPROVED FOR CONNECTION, POWERED TESTING, MOTION, WALKING, OR ENERGIZATION"
WS-R01,10.020,L SINGLE,L,0.151792,0.303534,231.820070,0.000000,NONE,0.000008275,111.939061,8.937142,50 HZ CONTACT-ENABLED INVERSE FEEDFORWARD + FROZEN BASELINE PD GAINS,"PRELIMINARY - NUMERICAL HIP-REDUCTION SUCCESSOR ONLY - NOT APPROVED FOR CONNECTION, POWERED TESTING, MOTION, WALKING, OR ENERGIZATION"
WS-R01,10.040,L SINGLE,L,0.111772,0.309358,229.785425,0.000000,NONE,0.000008531,85.592258,4.256166,50 HZ CONTACT-ENABLED INVERSE FEEDFORWARD + FROZEN BASELINE PD GAINS,"PRELIMINARY - NUMERICAL HIP-REDUCTION SUCCESSOR ONLY - NOT APPROVED FOR CONNECTION, POWERED TESTING, MOTION, WALKING, OR ENERGIZATION"
WS-R01,10.060,L SINGLE,L+R,0.138658,0.319065,236.481824,2.214481,NONE,0.000006835,90.900968,3.644785,50 HZ CONTACT-ENABLED INVERSE FEEDFORWARD + FROZEN BASELINE PD GAINS,"PRELIMINARY - NUMERICAL HIP-REDUCTION SUCCESSOR ONLY - NOT APPROVED FOR CONNECTION, POWERED TESTING, MOTION, WALKING, OR ENERGIZATION"
WS-R01,10.080,L SINGLE,L+R,0.321126,0.330160,236.170066,0.704227,NONE,-0.000000884,91.206002,3.643966,50 HZ CONTACT-ENABLED INVERSE FEEDFORWARD + FROZEN BASELINE PD GAINS,"PRELIMINARY - NUMERICAL HIP-REDUCTION SUCCESSOR ONLY - NOT APPROVED FOR CONNECTION, POWERED TESTING, MOTION, WALKING, OR ENERGIZATION"
WS-R01,10.100,L SINGLE,L+R,0.495643,0.325523,240.820935,154.536993,NONE,-0.000015361,95.943443,6.396647,50 HZ CONTACT-ENABLED INVERSE FEEDFORWARD + FROZEN BASELINE PD GAINS,"PRELIMINARY - NUMERICAL HIP-REDUCTION SUCCESSOR ONLY - NOT APPROVED FOR CONNECTION, POWERED TESTING, MOTION, WALKING, OR ENERGIZATION"
WS-R01,10.120,L SINGLE,L+R,0.600132,0.328354,251.324380,119.142543,NONE,-0.000034911,92.104681,3.649854,50 HZ CONTACT-ENABLED INVERSE FEEDFORWARD + FROZEN BASELINE PD GAINS,"PRELIMINARY - NUMERICAL HIP-REDUCTION SUCCESSOR ONLY - NOT APPROVED FOR CONNECTION, POWERED TESTING, MOTION, WALKING, OR ENERGIZATION"
WS-R01,10.140,L SINGLE,L+R,0.662197,0.331906,257.354118,151.127306,NONE,-0.000057557,106.369347,7.452587,50 HZ CONTACT-ENABLED INVERSE FEEDFORWARD + FROZEN BASELINE PD GAINS,"PRELIMINARY - NUMERICAL HIP-REDUCTION SUCCESSOR ONLY - NOT APPROVED FOR CONNECTION, POWERED TESTING, MOTION, WALKING, OR ENERGIZATION"
WS-R01,10.160,L SINGLE,L+R,0.679489,0.337304,258.280684,153.803578,NONE,-0.000073354,107.790392,6.393079,50 HZ CONTACT-ENABLED INVERSE FEEDFORWARD + FROZEN BASELINE PD GAINS,"PRELIMINARY - NUMERICAL HIP-REDUCTION SUCCESSOR ONLY - NOT APPROVED FOR CONNECTION, POWERED TESTING, MOTION, WALKING, OR ENERGIZATION"
WS-R01,10.180,L SINGLE,L+R,0.687840,0.342142,251.367831,148.015187,NONE,-0.000088135,94.791384,5.294331,50 HZ CONTACT-ENABLED INVERSE FEEDFORWARD + FROZEN BASELINE PD GAINS,"PRELIMINARY - NUMERICAL HIP-REDUCTION SUCCESSOR ONLY - NOT APPROVED FOR CONNECTION, POWERED TESTING, MOTION, WALKING, OR ENERGIZATION"
WS-R01,10.200,L SINGLE,L+R,0.679553,0.345705,259.939503,141.022059,NONE,-0.000102060,126.102488,12.677346,50 HZ CONTACT-ENABLED INVERSE FEEDFORWARD + FROZEN BASELINE PD GAINS,"PRELIMINARY - NUMERICAL HIP-REDUCTION SUCCESSOR ONLY - NOT APPROVED FOR CONNECTION, POWERED TESTING, MOTION, WALKING, OR ENERGIZATION"
WS-R01,10.220,L SINGLE,L+R,0.655820,0.350391,262.774701,136.886871,NONE,-0.000115167,96.368853,4.360652,50 HZ CONTACT-ENABLED INVERSE FEEDFORWARD + FROZEN BASELINE PD GAINS,"PRELIMINARY - NUMERICAL HIP-REDUCTION SUCCESSOR ONLY - NOT APPROVED FOR CONNECTION, POWERED TESTING, MOTION, WALKING, OR ENERGIZATION"
WS-R01,10.240,L SINGLE,L+R,0.622670,0.355429,266.098026,132.674641,NONE,-0.000126459,105.368042,6.907725,50 HZ CONTACT-ENABLED INVERSE FEEDFORWARD + FROZEN BASELINE PD GAINS,"PRELIMINARY - NUMERICAL HIP-REDUCTION SUCCESSOR ONLY - NOT APPROVED FOR CONNECTION, POWERED TESTING, MOTION, WALKING, OR ENERGIZATION"
WS-R01,10.260,L SINGLE,L+R,0.584665,0.360627,265.109576,129.788165,NONE,-0.000136261,108.073326,7.483919,50 HZ CONTACT-ENABLED INVERSE FEEDFORWARD + FROZEN BASELINE PD GAINS,"PRELIMINARY - NUMERICAL HIP-REDUCTION SUCCESSOR ONLY - NOT APPROVED FOR CONNECTION, POWERED TESTING, MOTION, WALKING, OR ENERGIZATION"
WS-R01,10.280,L SINGLE,L+R,0.540146,0.364399,266.115491,130.423696,NONE,-0.000146012,102.660482,4.227621,50 HZ CONTACT-ENABLED INVERSE FEEDFORWARD + FROZEN BASELINE PD GAINS,"PRELIMINARY - NUMERICAL HIP-REDUCTION SUCCESSOR ONLY - NOT APPROVED FOR CONNECTION, POWERED TESTING, MOTION, WALKING, OR ENERGIZATION"
WS-R01,10.300,L SINGLE,L+R,0.526937,0.367946,259.160837,130.462495,NONE,-0.000152088,96.228123,4.461539,50 HZ CONTACT-ENABLED INVERSE FEEDFORWARD + FROZEN BASELINE PD GAINS,"PRELIMINARY - NUMERICAL HIP-REDUCTION SUCCESSOR ONLY - NOT APPROVED FOR CONNECTION, POWERED TESTING, MOTION, WALKING, OR ENERGIZATION"
WS-R01,10.320,L SINGLE,L+R,0.514716,0.371651,260.232228,130.900807,NONE,-0.000161956,96.656989,4.501724,50 HZ CONTACT-ENABLED INVERSE FEEDFORWARD + FROZEN BASELINE PD GAINS,"PRELIMINARY - NUMERICAL HIP-REDUCTION SUCCESSOR ONLY - NOT APPROVED FOR CONNECTION, POWERED TESTING, MOTION, WALKING, OR ENERGIZATION"
WS-R01,10.340,L SINGLE,L+R,0.504565,0.374523,265.701667,131.415242,NONE,-0.000166116,118.301029,10.657823,50 HZ CONTACT-ENABLED INVERSE FEEDFORWARD + FROZEN BASELINE PD GAINS,"PRELIMINARY - NUMERICAL HIP-REDUCTION SUCCESSOR ONLY - NOT APPROVED FOR CONNECTION, POWERED TESTING, MOTION, WALKING, OR ENERGIZATION"
WS-R01,10.360,L SINGLE,L+R,0.493530,0.377910,268.899392,133.815767,NONE,-0.000173346,94.906427,3.037955,50 HZ CONTACT-ENABLED INVERSE FEEDFORWARD + FROZEN BASELINE PD GAINS,"PRELIMINARY - NUMERICAL HIP-REDUCTION SUCCESSOR ONLY - NOT APPROVED FOR CONNECTION, POWERED TESTING, MOTION, WALKING, OR ENERGIZATION"
WS-R01,10.380,L SINGLE,L+R,0.484621,0.381229,270.600753,134.682290,NONE,-0.000175763,100.715951,4.930440,50 HZ CONTACT-ENABLED INVERSE FEEDFORWARD + FROZEN BASELINE PD GAINS,"PRELIMINARY - NUMERICAL HIP-REDUCTION SUCCESSOR ONLY - NOT APPROVED FOR CONNECTION, POWERED TESTING, MOTION, WALKING, OR ENERGIZATION"
WS-R01,10.400,L SINGLE,L+R,0.476181,0.384246,268.632432,135.791860,NONE,-0.000175954,103.391134,5.777614,50 HZ CONTACT-ENABLED INVERSE FEEDFORWARD + FROZEN BASELINE PD GAINS,"PRELIMINARY - NUMERICAL HIP-REDUCTION SUCCESSOR ONLY - NOT APPROVED FOR CONNECTION, POWERED TESTING, MOTION, WALKING, OR ENERGIZATION"
WS-R01,10.420,L SINGLE,L+R,0.467700,0.386669,268.252649,137.720992,NONE,-0.000176019,99.761589,2.858232,50 HZ CONTACT-ENABLED INVERSE FEEDFORWARD + FROZEN BASELINE PD GAINS,"PRELIMINARY - NUMERICAL HIP-REDUCTION SUCCESSOR ONLY - NOT APPROVED FOR CONNECTION, POWERED TESTING, MOTION, WALKING, OR ENERGIZATION"
WS-R01,10.440,L SINGLE,L+R,0.458835,0.389937,267.833835,139.223806,NONE,-0.000178867,99.138914,2.424374,50 HZ CONTACT-ENABLED INVERSE FEEDFORWARD + FROZEN BASELINE PD GAINS,"PRELIMINARY - NUMERICAL HIP-REDUCTION SUCCESSOR ONLY - NOT APPROVED FOR CONNECTION, POWERED TESTING, MOTION, WALKING, OR ENERGIZATION"
WS-R01,10.460,L SINGLE,L+R,0.456533,0.392407,259.993694,140.714728,NONE,-0.000174166,97.663541,4.634601,50 HZ CONTACT-ENABLED INVERSE FEEDFORWARD + FROZEN BASELINE PD GAINS,"PRELIMINARY - NUMERICAL HIP-REDUCTION SUCCESSOR ONLY - NOT APPROVED FOR CONNECTION, POWERED TESTING, MOTION, WALKING, OR ENERGIZATION"
WS-R01,10.480,L SINGLE,L+R,0.451645,0.394807,266.353136,141.587426,NONE,-0.000173375,115.075015,10.069473,50 HZ CONTACT-ENABLED INVERSE FEEDFORWARD + FROZEN BASELINE PD GAINS,"PRELIMINARY - NUMERICAL HIP-REDUCTION SUCCESSOR ONLY - NOT APPROVED FOR CONNECTION, POWERED TESTING, MOTION, WALKING, OR ENERGIZATION"
WS-R01,10.500,L SINGLE,L+R,0.445899,0.397513,264.013774,142.774090,NONE,-0.000172355,115.260376,9.850822,50 HZ CONTACT-ENABLED INVERSE FEEDFORWARD + FROZEN BASELINE PD GAINS,"PRELIMINARY - NUMERICAL HIP-REDUCTION SUCCESSOR ONLY - NOT APPROVED FOR CONNECTION, POWERED TESTING, MOTION, WALKING, OR ENERGIZATION"
WS-R01,10.520,L SINGLE,L+R,0.444854,0.399599,265.660112,144.931598,NONE,-0.000168615,95.084098,3.412035,50 HZ CONTACT-ENABLED INVERSE FEEDFORWARD + FROZEN BASELINE PD GAINS,"PRELIMINARY - NUMERICAL HIP-REDUCTION SUCCESSOR ONLY - NOT APPROVED FOR CONNECTION, POWERED TESTING, MOTION, WALKING, OR ENERGIZATION"
WS-R01,10.540,L SINGLE,L+R,0.448935,0.402282,268.002717,146.454703,NONE,-0.000168699,97.953749,1.898141,50 HZ CONTACT-ENABLED INVERSE FEEDFORWARD + FROZEN BASELINE PD GAINS,"PRELIMINARY - NUMERICAL HIP-REDUCTION SUCCESSOR ONLY - NOT APPROVED FOR CONNECTION, POWERED TESTING, MOTION, WALKING, OR ENERGIZATION"
WS-R01,10.560,L SINGLE,L+R,0.457343,0.404128,265.538748,147.644892,NONE,-0.000163818,99.010364,2.874721,50 HZ CONTACT-ENABLED INVERSE FEEDFORWARD + FROZEN BASELINE PD GAINS,"PRELIMINARY - NUMERICAL HIP-REDUCTION SUCCESSOR ONLY - NOT APPROVED FOR CONNECTION, POWERED TESTING, MOTION, WALKING, OR ENERGIZATION"
WS-R01,10.580,L SINGLE,L+R,0.464756,0.405350,265.013777,148.990625,NONE,-0.000159241,97.326468,2.194311,50 HZ CONTACT-ENABLED INVERSE FEEDFORWARD + FROZEN BASELINE PD GAINS,"PRELIMINARY - NUMERICAL HIP-REDUCTION SUCCESSOR ONLY - NOT APPROVED FOR CONNECTION, POWERED TESTING, MOTION, WALKING, OR ENERGIZATION"
WS-R01,10.600,L SINGLE,L+R,0.471988,0.407659,264.497008,151.117944,NONE,-0.000158338,97.334124,1.155042,50 HZ CONTACT-ENABLED INVERSE FEEDFORWARD + FROZEN BASELINE PD GAINS,"PRELIMINARY - NUMERICAL HIP-REDUCTION SUCCESSOR ONLY - NOT APPROVED FOR CONNECTION, POWERED TESTING, MOTION, WALKING, OR ENERGIZATION"
WS-R01,10.620,L SINGLE,L+R,0.478001,0.409188,256.303355,147.643533,NONE,-0.000150618,112.124669,7.731597,50 HZ CONTACT-ENABLED INVERSE FEEDFORWARD + FROZEN BASELINE PD GAINS,"PRELIMINARY - NUMERICAL HIP-REDUCTION SUCCESSOR ONLY - NOT APPROVED FOR CONNECTION, POWERED TESTING, MOTION, WALKING, OR ENERGIZATION"
WS-R01,10.640,L SINGLE,L+R,0.483737,0.410728,262.663725,152.523095,NONE,-0.000147181,112.031590,9.334867,50 HZ CONTACT-ENABLED INVERSE FEEDFORWARD + FROZEN BASELINE PD GAINS,"PRELIMINARY - NUMERICAL HIP-REDUCTION SUCCESSOR ONLY - NOT APPROVED FOR CONNECTION, POWERED TESTING, MOTION, WALKING, OR ENERGIZATION"
WS-R01,10.660,L SINGLE,L+R,0.489338,0.412848,260.267814,151.679791,NONE,-0.000144241,115.749526,10.203900,50 HZ CONTACT-ENABLED INVERSE FEEDFORWARD + FROZEN BASELINE PD GAINS,"PRELIMINARY - NUMERICAL HIP-REDUCTION SUCCESSOR ONLY - NOT APPROVED FOR CONNECTION, POWERED TESTING, MOTION, WALKING, OR ENERGIZATION"
WS-R01,10.680,L SINGLE,L+R,0.494089,0.414174,261.647190,155.390516,NONE,-0.000138895,97.832918,4.762424,50 HZ CONTACT-ENABLED INVERSE FEEDFORWARD + FROZEN BASELINE PD GAINS,"PRELIMINARY - NUMERICAL HIP-REDUCTION SUCCESSOR ONLY - NOT APPROVED FOR CONNECTION, POWERED TESTING, MOTION, WALKING, OR ENERGIZATION"
WS-R01,10.700,L SINGLE,L+R,0.499164,0.416430,264.025715,152.298508,NONE,-0.000137824,98.043636,1.981512,50 HZ CONTACT-ENABLED INVERSE FEEDFORWARD + FROZEN BASELINE PD GAINS,"PRELIMINARY - NUMERICAL HIP-REDUCTION SUCCESSOR ONLY - NOT APPROVED FOR CONNECTION, POWERED TESTING, MOTION, WALKING, OR ENERGIZATION"
WS-R01,10.720,DOUBLE,L+R,0.503185,0.417818,261.743977,155.479873,NONE,-0.000132292,100.420888,4.291137,50 HZ CONTACT-ENABLED INVERSE FEEDFORWARD + FROZEN BASELINE PD GAINS,"PRELIMINARY - NUMERICAL HIP-REDUCTION SUCCESSOR ONLY - NOT APPROVED FOR CONNECTION, POWERED TESTING, MOTION, WALKING, OR ENERGIZATION"
