ISO-10303-21;
HEADER;
FILE_DESCRIPTION(('Open CASCADE Model'),'2;1');
FILE_NAME('Open CASCADE Shape Model','1980-01-01T00:00:00',('Author'),(
    'Open CASCADE'),'Open CASCADE STEP processor 7.9','Open CASCADE 7.9'
  ,'Unknown');
FILE_SCHEMA(('AUTOMOTIVE_DESIGN { 1 0 10303 214 1 1 1 1 }'));
ENDSEC;
DATA;
#1 = APPLICATION_PROTOCOL_DEFINITION('international standard',
  'automotive_design',2000,#2);
#2 = APPLICATION_CONTEXT(
  'core data for automotive mechanical design processes');
#3 = SHAPE_DEFINITION_REPRESENTATION(#4,#10);
#4 = PRODUCT_DEFINITION_SHAPE('','',#5);
#5 = PRODUCT_DEFINITION('design','',#6,#9);
#6 = PRODUCT_DEFINITION_FORMATION('','',#7);
#7 = PRODUCT('Open CASCADE STEP translator 7.9 42',
  'Open CASCADE STEP translator 7.9 42','',(#8));
#8 = PRODUCT_CONTEXT('',#2,'mechanical');
#9 = PRODUCT_DEFINITION_CONTEXT('part definition',#2,'design');
#10 = ADVANCED_BREP_SHAPE_REPRESENTATION('',(#11,#15),#2389);
#11 = AXIS2_PLACEMENT_3D('',#12,#13,#14);
#12 = CARTESIAN_POINT('',(0.,0.,0.));
#13 = DIRECTION('',(0.,0.,1.));
#14 = DIRECTION('',(1.,0.,-0.));
#15 = MANIFOLD_SOLID_BREP('',#16);
#16 = CLOSED_SHELL('',(#17,#143,#219,#297,#373,#451,#527,#604,#1270,
    #1320,#1370,#1442,#1491,#1540,#1567,#1638,#1687,#1737,#1764,#1814,
    #1864,#1935,#1985,#2034,#2061,#2132,#2186,#2235,#2262,#2312,#2339));
#17 = ADVANCED_FACE('',(#18),#33,.T.);
#18 = FACE_BOUND('',#19,.T.);
#19 = EDGE_LOOP('',(#20,#56,#84,#117));
#20 = ORIENTED_EDGE('',*,*,#21,.T.);
#21 = EDGE_CURVE('',#22,#24,#26,.T.);
#22 = VERTEX_POINT('',#23);
#23 = CARTESIAN_POINT('',(1.5,18.45,-8.641387835561));
#24 = VERTEX_POINT('',#25);
#25 = CARTESIAN_POINT('',(1.5,11.641387835561,-15.45));
#26 = SURFACE_CURVE('',#27,(#32,#44),.PCURVE_S1.);
#27 = CIRCLE('',#28,5.);
#28 = AXIS2_PLACEMENT_3D('',#29,#30,#31);
#29 = CARTESIAN_POINT('',(1.5,16.,-13.));
#30 = DIRECTION('',(-1.,0.,0.));
#31 = DIRECTION('',(0.,0.49,0.871722432888));
#32 = PCURVE('',#33,#38);
#33 = CYLINDRICAL_SURFACE('',#34,5.);
#34 = AXIS2_PLACEMENT_3D('',#35,#36,#37);
#35 = CARTESIAN_POINT('',(1.5,16.,-13.));
#36 = DIRECTION('',(-1.,0.,0.));
#37 = DIRECTION('',(0.,0.,-1.));
#38 = DEFINITIONAL_REPRESENTATION('',(#39),#43);
#39 = LINE('',#40,#41);
#40 = CARTESIAN_POINT('',(3.653682406524,0.));
#41 = VECTOR('',#42,1.);
#42 = DIRECTION('',(1.,0.));
#43 = ( GEOMETRIC_REPRESENTATION_CONTEXT(2)
PARAMETRIC_REPRESENTATION_CONTEXT() REPRESENTATION_CONTEXT('2D SPACE',''
  ) );
#44 = PCURVE('',#45,#50);
#45 = PLANE('',#46);
#46 = AXIS2_PLACEMENT_3D('',#47,#48,#49);
#47 = CARTESIAN_POINT('',(1.5,16.,-13.));
#48 = DIRECTION('',(-1.,0.,0.));
#49 = DIRECTION('',(0.,0.,-1.));
#50 = DEFINITIONAL_REPRESENTATION('',(#51),#55);
#51 = CIRCLE('',#52,5.);
#52 = AXIS2_PLACEMENT_2D('',#53,#54);
#53 = CARTESIAN_POINT('',(0.,0.));
#54 = DIRECTION('',(-0.871722432888,-0.49));
#55 = ( GEOMETRIC_REPRESENTATION_CONTEXT(2)
PARAMETRIC_REPRESENTATION_CONTEXT() REPRESENTATION_CONTEXT('2D SPACE',''
  ) );
#56 = ORIENTED_EDGE('',*,*,#57,.T.);
#57 = EDGE_CURVE('',#24,#58,#60,.T.);
#58 = VERTEX_POINT('',#59);
#59 = CARTESIAN_POINT('',(-1.5,11.641387835561,-15.45));
#60 = SURFACE_CURVE('',#61,(#65,#72),.PCURVE_S1.);
#61 = LINE('',#62,#63);
#62 = CARTESIAN_POINT('',(1.5,11.64138783556,-15.45));
#63 = VECTOR('',#64,1.);
#64 = DIRECTION('',(-1.,0.,0.));
#65 = PCURVE('',#33,#66);
#66 = DEFINITIONAL_REPRESENTATION('',(#67),#71);
#67 = LINE('',#68,#69);
#68 = CARTESIAN_POINT('',(7.34189188104,0.));
#69 = VECTOR('',#70,1.);
#70 = DIRECTION('',(0.,1.));
#71 = ( GEOMETRIC_REPRESENTATION_CONTEXT(2)
PARAMETRIC_REPRESENTATION_CONTEXT() REPRESENTATION_CONTEXT('2D SPACE',''
  ) );
#72 = PCURVE('',#73,#78);
#73 = PLANE('',#74);
#74 = AXIS2_PLACEMENT_3D('',#75,#76,#77);
#75 = CARTESIAN_POINT('',(2.84217094304E-14,-16.,-15.45));
#76 = DIRECTION('',(0.,0.,-1.));
#77 = DIRECTION('',(0.,1.,0.));
#78 = DEFINITIONAL_REPRESENTATION('',(#79),#83);
#79 = LINE('',#80,#81);
#80 = CARTESIAN_POINT('',(27.64138783556,1.5));
#81 = VECTOR('',#82,1.);
#82 = DIRECTION('',(0.,-1.));
#83 = ( GEOMETRIC_REPRESENTATION_CONTEXT(2)
PARAMETRIC_REPRESENTATION_CONTEXT() REPRESENTATION_CONTEXT('2D SPACE',''
  ) );
#84 = ORIENTED_EDGE('',*,*,#85,.T.);
#85 = EDGE_CURVE('',#58,#86,#88,.T.);
#86 = VERTEX_POINT('',#87);
#87 = CARTESIAN_POINT('',(-1.5,18.45,-8.641387835561));
#88 = SURFACE_CURVE('',#89,(#94,#101),.PCURVE_S1.);
#89 = CIRCLE('',#90,5.);
#90 = AXIS2_PLACEMENT_3D('',#91,#92,#93);
#91 = CARTESIAN_POINT('',(-1.5,16.,-13.));
#92 = DIRECTION('',(1.,0.,0.));
#93 = DIRECTION('',(0.,-0.871722432888,-0.49));
#94 = PCURVE('',#33,#95);
#95 = DEFINITIONAL_REPRESENTATION('',(#96),#100);
#96 = LINE('',#97,#98);
#97 = CARTESIAN_POINT('',(7.34189188104,3.));
#98 = VECTOR('',#99,1.);
#99 = DIRECTION('',(-1.,-0.));
#100 = ( GEOMETRIC_REPRESENTATION_CONTEXT(2)
PARAMETRIC_REPRESENTATION_CONTEXT() REPRESENTATION_CONTEXT('2D SPACE',''
  ) );
#101 = PCURVE('',#102,#107);
#102 = PLANE('',#103);
#103 = AXIS2_PLACEMENT_3D('',#104,#105,#106);
#104 = CARTESIAN_POINT('',(-1.5,16.,-13.));
#105 = DIRECTION('',(-1.,0.,0.));
#106 = DIRECTION('',(0.,0.,-1.));
#107 = DEFINITIONAL_REPRESENTATION('',(#108),#116);
#108 = ( BOUNDED_CURVE() B_SPLINE_CURVE(2,(#109,#110,#111,#112,#113,#114
,#115),.UNSPECIFIED.,.T.,.F.) B_SPLINE_CURVE_WITH_KNOTS((1,2,2,2,2,1),(
    -2.094395102393,0.,2.094395102393,4.188790204786,6.28318530718,
8.377580409573),.UNSPECIFIED.) CURVE() GEOMETRIC_REPRESENTATION_ITEM()
RATIONAL_B_SPLINE_CURVE((1.,0.5,1.,0.5,1.,0.5,1.)) REPRESENTATION_ITEM(
  '') );
#109 = CARTESIAN_POINT('',(2.45,4.358612164439));
#110 = CARTESIAN_POINT('',(9.999337719297,0.115087685896));
#111 = CARTESIAN_POINT('',(2.549668859648,-4.301068321492));
#112 = CARTESIAN_POINT('',(-4.9,-8.717224328879));
#113 = CARTESIAN_POINT('',(-4.999668859648,-5.754384294785E-02));
#114 = CARTESIAN_POINT('',(-5.099337719297,8.602136642983));
#115 = CARTESIAN_POINT('',(2.45,4.358612164439));
#116 = ( GEOMETRIC_REPRESENTATION_CONTEXT(2)
PARAMETRIC_REPRESENTATION_CONTEXT() REPRESENTATION_CONTEXT('2D SPACE',''
  ) );
#117 = ORIENTED_EDGE('',*,*,#118,.F.);
#118 = EDGE_CURVE('',#22,#86,#119,.T.);
#119 = SURFACE_CURVE('',#120,(#124,#131),.PCURVE_S1.);
#120 = LINE('',#121,#122);
#121 = CARTESIAN_POINT('',(1.5,18.45,-8.641387835561));
#122 = VECTOR('',#123,1.);
#123 = DIRECTION('',(-1.,0.,0.));
#124 = PCURVE('',#33,#125);
#125 = DEFINITIONAL_REPRESENTATION('',(#126),#130);
#126 = LINE('',#127,#128);
#127 = CARTESIAN_POINT('',(3.653682406524,0.));
#128 = VECTOR('',#129,1.);
#129 = DIRECTION('',(0.,1.));
#130 = ( GEOMETRIC_REPRESENTATION_CONTEXT(2)
PARAMETRIC_REPRESENTATION_CONTEXT() REPRESENTATION_CONTEXT('2D SPACE',''
  ) );
#131 = PCURVE('',#132,#137);
#132 = PLANE('',#133);
#133 = AXIS2_PLACEMENT_3D('',#134,#135,#136);
#134 = CARTESIAN_POINT('',(2.84217094304E-14,18.45,-13.));
#135 = DIRECTION('',(0.,1.,-0.));
#136 = DIRECTION('',(0.,0.,1.));
#137 = DEFINITIONAL_REPRESENTATION('',(#138),#142);
#138 = LINE('',#139,#140);
#139 = CARTESIAN_POINT('',(4.35861216444,1.5));
#140 = VECTOR('',#141,1.);
#141 = DIRECTION('',(0.,-1.));
#142 = ( GEOMETRIC_REPRESENTATION_CONTEXT(2)
PARAMETRIC_REPRESENTATION_CONTEXT() REPRESENTATION_CONTEXT('2D SPACE',''
  ) );
#143 = ADVANCED_FACE('',(#144),#132,.T.);
#144 = FACE_BOUND('',#145,.T.);
#145 = EDGE_LOOP('',(#146,#147,#170,#198));
#146 = ORIENTED_EDGE('',*,*,#118,.T.);
#147 = ORIENTED_EDGE('',*,*,#148,.T.);
#148 = EDGE_CURVE('',#86,#149,#151,.T.);
#149 = VERTEX_POINT('',#150);
#150 = CARTESIAN_POINT('',(-1.5,18.45,8.641387835561));
#151 = SURFACE_CURVE('',#152,(#156,#163),.PCURVE_S1.);
#152 = LINE('',#153,#154);
#153 = CARTESIAN_POINT('',(-1.5,18.45,-13.));
#154 = VECTOR('',#155,1.);
#155 = DIRECTION('',(0.,0.,1.));
#156 = PCURVE('',#132,#157);
#157 = DEFINITIONAL_REPRESENTATION('',(#158),#162);
#158 = LINE('',#159,#160);
#159 = CARTESIAN_POINT('',(0.,-1.5));
#160 = VECTOR('',#161,1.);
#161 = DIRECTION('',(1.,0.));
#162 = ( GEOMETRIC_REPRESENTATION_CONTEXT(2)
PARAMETRIC_REPRESENTATION_CONTEXT() REPRESENTATION_CONTEXT('2D SPACE',''
  ) );
#163 = PCURVE('',#102,#164);
#164 = DEFINITIONAL_REPRESENTATION('',(#165),#169);
#165 = LINE('',#166,#167);
#166 = CARTESIAN_POINT('',(0.,-2.45));
#167 = VECTOR('',#168,1.);
#168 = DIRECTION('',(-1.,-0.));
#169 = ( GEOMETRIC_REPRESENTATION_CONTEXT(2)
PARAMETRIC_REPRESENTATION_CONTEXT() REPRESENTATION_CONTEXT('2D SPACE',''
  ) );
#170 = ORIENTED_EDGE('',*,*,#171,.F.);
#171 = EDGE_CURVE('',#172,#149,#174,.T.);
#172 = VERTEX_POINT('',#173);
#173 = CARTESIAN_POINT('',(1.5,18.45,8.641387835561));
#174 = SURFACE_CURVE('',#175,(#179,#186),.PCURVE_S1.);
#175 = LINE('',#176,#177);
#176 = CARTESIAN_POINT('',(1.5,18.45,8.64138783556));
#177 = VECTOR('',#178,1.);
#178 = DIRECTION('',(-1.,0.,0.));
#179 = PCURVE('',#132,#180);
#180 = DEFINITIONAL_REPRESENTATION('',(#181),#185);
#181 = LINE('',#182,#183);
#182 = CARTESIAN_POINT('',(21.641387835561,1.5));
#183 = VECTOR('',#184,1.);
#184 = DIRECTION('',(0.,-1.));
#185 = ( GEOMETRIC_REPRESENTATION_CONTEXT(2)
PARAMETRIC_REPRESENTATION_CONTEXT() REPRESENTATION_CONTEXT('2D SPACE',''
  ) );
#186 = PCURVE('',#187,#192);
#187 = CYLINDRICAL_SURFACE('',#188,5.);
#188 = AXIS2_PLACEMENT_3D('',#189,#190,#191);
#189 = CARTESIAN_POINT('',(1.5,16.,13.));
#190 = DIRECTION('',(-1.,0.,0.));
#191 = DIRECTION('',(0.,0.,-1.));
#192 = DEFINITIONAL_REPRESENTATION('',(#193),#197);
#193 = LINE('',#194,#195);
#194 = CARTESIAN_POINT('',(5.771095554245,0.));
#195 = VECTOR('',#196,1.);
#196 = DIRECTION('',(0.,1.));
#197 = ( GEOMETRIC_REPRESENTATION_CONTEXT(2)
PARAMETRIC_REPRESENTATION_CONTEXT() REPRESENTATION_CONTEXT('2D SPACE',''
  ) );
#198 = ORIENTED_EDGE('',*,*,#199,.F.);
#199 = EDGE_CURVE('',#22,#172,#200,.T.);
#200 = SURFACE_CURVE('',#201,(#205,#212),.PCURVE_S1.);
#201 = LINE('',#202,#203);
#202 = CARTESIAN_POINT('',(1.5,18.45,-13.));
#203 = VECTOR('',#204,1.);
#204 = DIRECTION('',(0.,0.,1.));
#205 = PCURVE('',#132,#206);
#206 = DEFINITIONAL_REPRESENTATION('',(#207),#211);
#207 = LINE('',#208,#209);
#208 = CARTESIAN_POINT('',(0.,1.5));
#209 = VECTOR('',#210,1.);
#210 = DIRECTION('',(1.,0.));
#211 = ( GEOMETRIC_REPRESENTATION_CONTEXT(2)
PARAMETRIC_REPRESENTATION_CONTEXT() REPRESENTATION_CONTEXT('2D SPACE',''
  ) );
#212 = PCURVE('',#45,#213);
#213 = DEFINITIONAL_REPRESENTATION('',(#214),#218);
#214 = LINE('',#215,#216);
#215 = CARTESIAN_POINT('',(0.,-2.45));
#216 = VECTOR('',#217,1.);
#217 = DIRECTION('',(-1.,-0.));
#218 = ( GEOMETRIC_REPRESENTATION_CONTEXT(2)
PARAMETRIC_REPRESENTATION_CONTEXT() REPRESENTATION_CONTEXT('2D SPACE',''
  ) );
#219 = ADVANCED_FACE('',(#220),#187,.T.);
#220 = FACE_BOUND('',#221,.T.);
#221 = EDGE_LOOP('',(#222,#246,#247,#271));
#222 = ORIENTED_EDGE('',*,*,#223,.T.);
#223 = EDGE_CURVE('',#224,#172,#226,.T.);
#224 = VERTEX_POINT('',#225);
#225 = CARTESIAN_POINT('',(1.5,11.641387835561,15.45));
#226 = SURFACE_CURVE('',#227,(#232,#239),.PCURVE_S1.);
#227 = CIRCLE('',#228,5.);
#228 = AXIS2_PLACEMENT_3D('',#229,#230,#231);
#229 = CARTESIAN_POINT('',(1.5,16.,13.));
#230 = DIRECTION('',(-1.,0.,0.));
#231 = DIRECTION('',(0.,0.,-1.));
#232 = PCURVE('',#187,#233);
#233 = DEFINITIONAL_REPRESENTATION('',(#234),#238);
#234 = LINE('',#235,#236);
#235 = CARTESIAN_POINT('',(0.,0.));
#236 = VECTOR('',#237,1.);
#237 = DIRECTION('',(1.,0.));
#238 = ( GEOMETRIC_REPRESENTATION_CONTEXT(2)
PARAMETRIC_REPRESENTATION_CONTEXT() REPRESENTATION_CONTEXT('2D SPACE',''
  ) );
#239 = PCURVE('',#45,#240);
#240 = DEFINITIONAL_REPRESENTATION('',(#241),#245);
#241 = CIRCLE('',#242,5.);
#242 = AXIS2_PLACEMENT_2D('',#243,#244);
#243 = CARTESIAN_POINT('',(-26.,0.));
#244 = DIRECTION('',(1.,0.));
#245 = ( GEOMETRIC_REPRESENTATION_CONTEXT(2)
PARAMETRIC_REPRESENTATION_CONTEXT() REPRESENTATION_CONTEXT('2D SPACE',''
  ) );
#246 = ORIENTED_EDGE('',*,*,#171,.T.);
#247 = ORIENTED_EDGE('',*,*,#248,.F.);
#248 = EDGE_CURVE('',#249,#149,#251,.T.);
#249 = VERTEX_POINT('',#250);
#250 = CARTESIAN_POINT('',(-1.5,11.641387835561,15.45));
#251 = SURFACE_CURVE('',#252,(#257,#264),.PCURVE_S1.);
#252 = CIRCLE('',#253,5.);
#253 = AXIS2_PLACEMENT_3D('',#254,#255,#256);
#254 = CARTESIAN_POINT('',(-1.5,16.,13.));
#255 = DIRECTION('',(-1.,0.,0.));
#256 = DIRECTION('',(0.,0.,-1.));
#257 = PCURVE('',#187,#258);
#258 = DEFINITIONAL_REPRESENTATION('',(#259),#263);
#259 = LINE('',#260,#261);
#260 = CARTESIAN_POINT('',(0.,3.));
#261 = VECTOR('',#262,1.);
#262 = DIRECTION('',(1.,0.));
#263 = ( GEOMETRIC_REPRESENTATION_CONTEXT(2)
PARAMETRIC_REPRESENTATION_CONTEXT() REPRESENTATION_CONTEXT('2D SPACE',''
  ) );
#264 = PCURVE('',#102,#265);
#265 = DEFINITIONAL_REPRESENTATION('',(#266),#270);
#266 = CIRCLE('',#267,5.);
#267 = AXIS2_PLACEMENT_2D('',#268,#269);
#268 = CARTESIAN_POINT('',(-26.,0.));
#269 = DIRECTION('',(1.,0.));
#270 = ( GEOMETRIC_REPRESENTATION_CONTEXT(2)
PARAMETRIC_REPRESENTATION_CONTEXT() REPRESENTATION_CONTEXT('2D SPACE',''
  ) );
#271 = ORIENTED_EDGE('',*,*,#272,.F.);
#272 = EDGE_CURVE('',#224,#249,#273,.T.);
#273 = SURFACE_CURVE('',#274,(#278,#285),.PCURVE_S1.);
#274 = LINE('',#275,#276);
#275 = CARTESIAN_POINT('',(1.5,11.64138783556,15.45));
#276 = VECTOR('',#277,1.);
#277 = DIRECTION('',(-1.,0.,0.));
#278 = PCURVE('',#187,#279);
#279 = DEFINITIONAL_REPRESENTATION('',(#280),#284);
#280 = LINE('',#281,#282);
#281 = CARTESIAN_POINT('',(2.082886079729,0.));
#282 = VECTOR('',#283,1.);
#283 = DIRECTION('',(0.,1.));
#284 = ( GEOMETRIC_REPRESENTATION_CONTEXT(2)
PARAMETRIC_REPRESENTATION_CONTEXT() REPRESENTATION_CONTEXT('2D SPACE',''
  ) );
#285 = PCURVE('',#286,#291);
#286 = PLANE('',#287);
#287 = AXIS2_PLACEMENT_3D('',#288,#289,#290);
#288 = CARTESIAN_POINT('',(2.84217094304E-14,16.,15.45));
#289 = DIRECTION('',(0.,0.,1.));
#290 = DIRECTION('',(0.,-1.,0.));
#291 = DEFINITIONAL_REPRESENTATION('',(#292),#296);
#292 = LINE('',#293,#294);
#293 = CARTESIAN_POINT('',(4.35861216444,1.5));
#294 = VECTOR('',#295,1.);
#295 = DIRECTION('',(0.,-1.));
#296 = ( GEOMETRIC_REPRESENTATION_CONTEXT(2)
PARAMETRIC_REPRESENTATION_CONTEXT() REPRESENTATION_CONTEXT('2D SPACE',''
  ) );
#297 = ADVANCED_FACE('',(#298),#286,.T.);
#298 = FACE_BOUND('',#299,.T.);
#299 = EDGE_LOOP('',(#300,#301,#324,#352));
#300 = ORIENTED_EDGE('',*,*,#272,.T.);
#301 = ORIENTED_EDGE('',*,*,#302,.T.);
#302 = EDGE_CURVE('',#249,#303,#305,.T.);
#303 = VERTEX_POINT('',#304);
#304 = CARTESIAN_POINT('',(-1.5,-11.64138783556,15.45));
#305 = SURFACE_CURVE('',#306,(#310,#317),.PCURVE_S1.);
#306 = LINE('',#307,#308);
#307 = CARTESIAN_POINT('',(-1.5,16.,15.45));
#308 = VECTOR('',#309,1.);
#309 = DIRECTION('',(0.,-1.,0.));
#310 = PCURVE('',#286,#311);
#311 = DEFINITIONAL_REPRESENTATION('',(#312),#316);
#312 = LINE('',#313,#314);
#313 = CARTESIAN_POINT('',(0.,-1.5));
#314 = VECTOR('',#315,1.);
#315 = DIRECTION('',(1.,0.));
#316 = ( GEOMETRIC_REPRESENTATION_CONTEXT(2)
PARAMETRIC_REPRESENTATION_CONTEXT() REPRESENTATION_CONTEXT('2D SPACE',''
  ) );
#317 = PCURVE('',#102,#318);
#318 = DEFINITIONAL_REPRESENTATION('',(#319),#323);
#319 = LINE('',#320,#321);
#320 = CARTESIAN_POINT('',(-28.45,-0.));
#321 = VECTOR('',#322,1.);
#322 = DIRECTION('',(0.,1.));
#323 = ( GEOMETRIC_REPRESENTATION_CONTEXT(2)
PARAMETRIC_REPRESENTATION_CONTEXT() REPRESENTATION_CONTEXT('2D SPACE',''
  ) );
#324 = ORIENTED_EDGE('',*,*,#325,.F.);
#325 = EDGE_CURVE('',#326,#303,#328,.T.);
#326 = VERTEX_POINT('',#327);
#327 = CARTESIAN_POINT('',(1.5,-11.64138783556,15.45));
#328 = SURFACE_CURVE('',#329,(#333,#340),.PCURVE_S1.);
#329 = LINE('',#330,#331);
#330 = CARTESIAN_POINT('',(1.5,-11.64138783556,15.45));
#331 = VECTOR('',#332,1.);
#332 = DIRECTION('',(-1.,0.,0.));
#333 = PCURVE('',#286,#334);
#334 = DEFINITIONAL_REPRESENTATION('',(#335),#339);
#335 = LINE('',#336,#337);
#336 = CARTESIAN_POINT('',(27.64138783556,1.5));
#337 = VECTOR('',#338,1.);
#338 = DIRECTION('',(0.,-1.));
#339 = ( GEOMETRIC_REPRESENTATION_CONTEXT(2)
PARAMETRIC_REPRESENTATION_CONTEXT() REPRESENTATION_CONTEXT('2D SPACE',''
  ) );
#340 = PCURVE('',#341,#346);
#341 = CYLINDRICAL_SURFACE('',#342,5.);
#342 = AXIS2_PLACEMENT_3D('',#343,#344,#345);
#343 = CARTESIAN_POINT('',(1.5,-16.,13.));
#344 = DIRECTION('',(-1.,0.,0.));
#345 = DIRECTION('',(0.,0.,-1.));
#346 = DEFINITIONAL_REPRESENTATION('',(#347),#351);
#347 = LINE('',#348,#349);
#348 = CARTESIAN_POINT('',(4.200299227451,0.));
#349 = VECTOR('',#350,1.);
#350 = DIRECTION('',(0.,1.));
#351 = ( GEOMETRIC_REPRESENTATION_CONTEXT(2)
PARAMETRIC_REPRESENTATION_CONTEXT() REPRESENTATION_CONTEXT('2D SPACE',''
  ) );
#352 = ORIENTED_EDGE('',*,*,#353,.F.);
#353 = EDGE_CURVE('',#224,#326,#354,.T.);
#354 = SURFACE_CURVE('',#355,(#359,#366),.PCURVE_S1.);
#355 = LINE('',#356,#357);
#356 = CARTESIAN_POINT('',(1.5,16.,15.45));
#357 = VECTOR('',#358,1.);
#358 = DIRECTION('',(0.,-1.,0.));
#359 = PCURVE('',#286,#360);
#360 = DEFINITIONAL_REPRESENTATION('',(#361),#365);
#361 = LINE('',#362,#363);
#362 = CARTESIAN_POINT('',(0.,1.5));
#363 = VECTOR('',#364,1.);
#364 = DIRECTION('',(1.,0.));
#365 = ( GEOMETRIC_REPRESENTATION_CONTEXT(2)
PARAMETRIC_REPRESENTATION_CONTEXT() REPRESENTATION_CONTEXT('2D SPACE',''
  ) );
#366 = PCURVE('',#45,#367);
#367 = DEFINITIONAL_REPRESENTATION('',(#368),#372);
#368 = LINE('',#369,#370);
#369 = CARTESIAN_POINT('',(-28.45,-0.));
#370 = VECTOR('',#371,1.);
#371 = DIRECTION('',(0.,1.));
#372 = ( GEOMETRIC_REPRESENTATION_CONTEXT(2)
PARAMETRIC_REPRESENTATION_CONTEXT() REPRESENTATION_CONTEXT('2D SPACE',''
  ) );
#373 = ADVANCED_FACE('',(#374),#341,.T.);
#374 = FACE_BOUND('',#375,.T.);
#375 = EDGE_LOOP('',(#376,#400,#428,#450));
#376 = ORIENTED_EDGE('',*,*,#377,.F.);
#377 = EDGE_CURVE('',#378,#303,#380,.T.);
#378 = VERTEX_POINT('',#379);
#379 = CARTESIAN_POINT('',(-1.5,-18.45,8.64138783556));
#380 = SURFACE_CURVE('',#381,(#386,#393),.PCURVE_S1.);
#381 = CIRCLE('',#382,5.);
#382 = AXIS2_PLACEMENT_3D('',#383,#384,#385);
#383 = CARTESIAN_POINT('',(-1.5,-16.,13.));
#384 = DIRECTION('',(-1.,0.,0.));
#385 = DIRECTION('',(0.,0.,-1.));
#386 = PCURVE('',#341,#387);
#387 = DEFINITIONAL_REPRESENTATION('',(#388),#392);
#388 = LINE('',#389,#390);
#389 = CARTESIAN_POINT('',(0.,3.));
#390 = VECTOR('',#391,1.);
#391 = DIRECTION('',(1.,0.));
#392 = ( GEOMETRIC_REPRESENTATION_CONTEXT(2)
PARAMETRIC_REPRESENTATION_CONTEXT() REPRESENTATION_CONTEXT('2D SPACE',''
  ) );
#393 = PCURVE('',#102,#394);
#394 = DEFINITIONAL_REPRESENTATION('',(#395),#399);
#395 = CIRCLE('',#396,5.);
#396 = AXIS2_PLACEMENT_2D('',#397,#398);
#397 = CARTESIAN_POINT('',(-26.,32.));
#398 = DIRECTION('',(1.,0.));
#399 = ( GEOMETRIC_REPRESENTATION_CONTEXT(2)
PARAMETRIC_REPRESENTATION_CONTEXT() REPRESENTATION_CONTEXT('2D SPACE',''
  ) );
#400 = ORIENTED_EDGE('',*,*,#401,.F.);
#401 = EDGE_CURVE('',#402,#378,#404,.T.);
#402 = VERTEX_POINT('',#403);
#403 = CARTESIAN_POINT('',(1.5,-18.45,8.64138783556));
#404 = SURFACE_CURVE('',#405,(#409,#416),.PCURVE_S1.);
#405 = LINE('',#406,#407);
#406 = CARTESIAN_POINT('',(1.5,-18.45,8.64138783556));
#407 = VECTOR('',#408,1.);
#408 = DIRECTION('',(-1.,0.,0.));
#409 = PCURVE('',#341,#410);
#410 = DEFINITIONAL_REPRESENTATION('',(#411),#415);
#411 = LINE('',#412,#413);
#412 = CARTESIAN_POINT('',(0.512089752934,0.));
#413 = VECTOR('',#414,1.);
#414 = DIRECTION('',(0.,1.));
#415 = ( GEOMETRIC_REPRESENTATION_CONTEXT(2)
PARAMETRIC_REPRESENTATION_CONTEXT() REPRESENTATION_CONTEXT('2D SPACE',''
  ) );
#416 = PCURVE('',#417,#422);
#417 = PLANE('',#418);
#418 = AXIS2_PLACEMENT_3D('',#419,#420,#421);
#419 = CARTESIAN_POINT('',(2.84217094304E-14,-18.45,13.));
#420 = DIRECTION('',(-0.,-1.,-0.));
#421 = DIRECTION('',(0.,0.,-1.));
#422 = DEFINITIONAL_REPRESENTATION('',(#423),#427);
#423 = LINE('',#424,#425);
#424 = CARTESIAN_POINT('',(4.358612164439,1.5));
#425 = VECTOR('',#426,1.);
#426 = DIRECTION('',(0.,-1.));
#427 = ( GEOMETRIC_REPRESENTATION_CONTEXT(2)
PARAMETRIC_REPRESENTATION_CONTEXT() REPRESENTATION_CONTEXT('2D SPACE',''
  ) );
#428 = ORIENTED_EDGE('',*,*,#429,.T.);
#429 = EDGE_CURVE('',#402,#326,#430,.T.);
#430 = SURFACE_CURVE('',#431,(#436,#443),.PCURVE_S1.);
#431 = CIRCLE('',#432,5.);
#432 = AXIS2_PLACEMENT_3D('',#433,#434,#435);
#433 = CARTESIAN_POINT('',(1.5,-16.,13.));
#434 = DIRECTION('',(-1.,0.,0.));
#435 = DIRECTION('',(0.,0.,-1.));
#436 = PCURVE('',#341,#437);
#437 = DEFINITIONAL_REPRESENTATION('',(#438),#442);
#438 = LINE('',#439,#440);
#439 = CARTESIAN_POINT('',(0.,0.));
#440 = VECTOR('',#441,1.);
#441 = DIRECTION('',(1.,0.));
#442 = ( GEOMETRIC_REPRESENTATION_CONTEXT(2)
PARAMETRIC_REPRESENTATION_CONTEXT() REPRESENTATION_CONTEXT('2D SPACE',''
  ) );
#443 = PCURVE('',#45,#444);
#444 = DEFINITIONAL_REPRESENTATION('',(#445),#449);
#445 = CIRCLE('',#446,5.);
#446 = AXIS2_PLACEMENT_2D('',#447,#448);
#447 = CARTESIAN_POINT('',(-26.,32.));
#448 = DIRECTION('',(1.,0.));
#449 = ( GEOMETRIC_REPRESENTATION_CONTEXT(2)
PARAMETRIC_REPRESENTATION_CONTEXT() REPRESENTATION_CONTEXT('2D SPACE',''
  ) );
#450 = ORIENTED_EDGE('',*,*,#325,.T.);
#451 = ADVANCED_FACE('',(#452),#417,.T.);
#452 = FACE_BOUND('',#453,.T.);
#453 = EDGE_LOOP('',(#454,#455,#478,#506));
#454 = ORIENTED_EDGE('',*,*,#401,.T.);
#455 = ORIENTED_EDGE('',*,*,#456,.T.);
#456 = EDGE_CURVE('',#378,#457,#459,.T.);
#457 = VERTEX_POINT('',#458);
#458 = CARTESIAN_POINT('',(-1.5,-18.45,-8.641387835561));
#459 = SURFACE_CURVE('',#460,(#464,#471),.PCURVE_S1.);
#460 = LINE('',#461,#462);
#461 = CARTESIAN_POINT('',(-1.5,-18.45,13.));
#462 = VECTOR('',#463,1.);
#463 = DIRECTION('',(0.,0.,-1.));
#464 = PCURVE('',#417,#465);
#465 = DEFINITIONAL_REPRESENTATION('',(#466),#470);
#466 = LINE('',#467,#468);
#467 = CARTESIAN_POINT('',(0.,-1.5));
#468 = VECTOR('',#469,1.);
#469 = DIRECTION('',(1.,0.));
#470 = ( GEOMETRIC_REPRESENTATION_CONTEXT(2)
PARAMETRIC_REPRESENTATION_CONTEXT() REPRESENTATION_CONTEXT('2D SPACE',''
  ) );
#471 = PCURVE('',#102,#472);
#472 = DEFINITIONAL_REPRESENTATION('',(#473),#477);
#473 = LINE('',#474,#475);
#474 = CARTESIAN_POINT('',(-26.,34.45));
#475 = VECTOR('',#476,1.);
#476 = DIRECTION('',(1.,0.));
#477 = ( GEOMETRIC_REPRESENTATION_CONTEXT(2)
PARAMETRIC_REPRESENTATION_CONTEXT() REPRESENTATION_CONTEXT('2D SPACE',''
  ) );
#478 = ORIENTED_EDGE('',*,*,#479,.F.);
#479 = EDGE_CURVE('',#480,#457,#482,.T.);
#480 = VERTEX_POINT('',#481);
#481 = CARTESIAN_POINT('',(1.5,-18.45,-8.641387835561));
#482 = SURFACE_CURVE('',#483,(#487,#494),.PCURVE_S1.);
#483 = LINE('',#484,#485);
#484 = CARTESIAN_POINT('',(1.5,-18.45,-8.641387835561));
#485 = VECTOR('',#486,1.);
#486 = DIRECTION('',(-1.,0.,0.));
#487 = PCURVE('',#417,#488);
#488 = DEFINITIONAL_REPRESENTATION('',(#489),#493);
#489 = LINE('',#490,#491);
#490 = CARTESIAN_POINT('',(21.64138783556,1.5));
#491 = VECTOR('',#492,1.);
#492 = DIRECTION('',(0.,-1.));
#493 = ( GEOMETRIC_REPRESENTATION_CONTEXT(2)
PARAMETRIC_REPRESENTATION_CONTEXT() REPRESENTATION_CONTEXT('2D SPACE',''
  ) );
#494 = PCURVE('',#495,#500);
#495 = CYLINDRICAL_SURFACE('',#496,5.);
#496 = AXIS2_PLACEMENT_3D('',#497,#498,#499);
#497 = CARTESIAN_POINT('',(1.5,-16.,-13.));
#498 = DIRECTION('',(-1.,0.,0.));
#499 = DIRECTION('',(0.,0.,-1.));
#500 = DEFINITIONAL_REPRESENTATION('',(#501),#505);
#501 = LINE('',#502,#503);
#502 = CARTESIAN_POINT('',(8.912688207835,0.));
#503 = VECTOR('',#504,1.);
#504 = DIRECTION('',(0.,1.));
#505 = ( GEOMETRIC_REPRESENTATION_CONTEXT(2)
PARAMETRIC_REPRESENTATION_CONTEXT() REPRESENTATION_CONTEXT('2D SPACE',''
  ) );
#506 = ORIENTED_EDGE('',*,*,#507,.F.);
#507 = EDGE_CURVE('',#402,#480,#508,.T.);
#508 = SURFACE_CURVE('',#509,(#513,#520),.PCURVE_S1.);
#509 = LINE('',#510,#511);
#510 = CARTESIAN_POINT('',(1.5,-18.45,13.));
#511 = VECTOR('',#512,1.);
#512 = DIRECTION('',(0.,0.,-1.));
#513 = PCURVE('',#417,#514);
#514 = DEFINITIONAL_REPRESENTATION('',(#515),#519);
#515 = LINE('',#516,#517);
#516 = CARTESIAN_POINT('',(0.,1.5));
#517 = VECTOR('',#518,1.);
#518 = DIRECTION('',(1.,0.));
#519 = ( GEOMETRIC_REPRESENTATION_CONTEXT(2)
PARAMETRIC_REPRESENTATION_CONTEXT() REPRESENTATION_CONTEXT('2D SPACE',''
  ) );
#520 = PCURVE('',#45,#521);
#521 = DEFINITIONAL_REPRESENTATION('',(#522),#526);
#522 = LINE('',#523,#524);
#523 = CARTESIAN_POINT('',(-26.,34.45));
#524 = VECTOR('',#525,1.);
#525 = DIRECTION('',(1.,0.));
#526 = ( GEOMETRIC_REPRESENTATION_CONTEXT(2)
PARAMETRIC_REPRESENTATION_CONTEXT() REPRESENTATION_CONTEXT('2D SPACE',''
  ) );
#527 = ADVANCED_FACE('',(#528),#495,.T.);
#528 = FACE_BOUND('',#529,.T.);
#529 = EDGE_LOOP('',(#530,#558,#559,#583));
#530 = ORIENTED_EDGE('',*,*,#531,.F.);
#531 = EDGE_CURVE('',#480,#532,#534,.T.);
#532 = VERTEX_POINT('',#533);
#533 = CARTESIAN_POINT('',(1.5,-11.64138783556,-15.45));
#534 = SURFACE_CURVE('',#535,(#540,#547),.PCURVE_S1.);
#535 = CIRCLE('',#536,5.);
#536 = AXIS2_PLACEMENT_3D('',#537,#538,#539);
#537 = CARTESIAN_POINT('',(1.5,-16.,-13.));
#538 = DIRECTION('',(1.,0.,0.));
#539 = DIRECTION('',(0.,-0.49,0.871722432888));
#540 = PCURVE('',#495,#541);
#541 = DEFINITIONAL_REPRESENTATION('',(#542),#546);
#542 = LINE('',#543,#544);
#543 = CARTESIAN_POINT('',(8.912688207835,0.));
#544 = VECTOR('',#545,1.);
#545 = DIRECTION('',(-1.,-0.));
#546 = ( GEOMETRIC_REPRESENTATION_CONTEXT(2)
PARAMETRIC_REPRESENTATION_CONTEXT() REPRESENTATION_CONTEXT('2D SPACE',''
  ) );
#547 = PCURVE('',#45,#548);
#548 = DEFINITIONAL_REPRESENTATION('',(#549),#557);
#549 = ( BOUNDED_CURVE() B_SPLINE_CURVE(2,(#550,#551,#552,#553,#554,#555
,#556),.UNSPECIFIED.,.T.,.F.) B_SPLINE_CURVE_WITH_KNOTS((1,2,2,2,2,1),(
    -2.094395102393,0.,2.094395102393,4.188790204786,6.28318530718,
8.377580409573),.UNSPECIFIED.) CURVE() GEOMETRIC_REPRESENTATION_ITEM()
RATIONAL_B_SPLINE_CURVE((1.,0.5,1.,0.5,1.,0.5,1.)) REPRESENTATION_ITEM(
  '') );
#550 = CARTESIAN_POINT('',(-4.358612164439,34.45));
#551 = CARTESIAN_POINT('',(-0.115087685896,41.999337719297));
#552 = CARTESIAN_POINT('',(4.301068321492,34.549668859648));
#553 = CARTESIAN_POINT('',(8.717224328879,27.1));
#554 = CARTESIAN_POINT('',(5.754384294784E-02,27.000331140352));
#555 = CARTESIAN_POINT('',(-8.602136642983,26.900662280703));
#556 = CARTESIAN_POINT('',(-4.358612164439,34.45));
#557 = ( GEOMETRIC_REPRESENTATION_CONTEXT(2)
PARAMETRIC_REPRESENTATION_CONTEXT() REPRESENTATION_CONTEXT('2D SPACE',''
  ) );
#558 = ORIENTED_EDGE('',*,*,#479,.T.);
#559 = ORIENTED_EDGE('',*,*,#560,.F.);
#560 = EDGE_CURVE('',#561,#457,#563,.T.);
#561 = VERTEX_POINT('',#562);
#562 = CARTESIAN_POINT('',(-1.5,-11.64138783556,-15.45));
#563 = SURFACE_CURVE('',#564,(#569,#576),.PCURVE_S1.);
#564 = CIRCLE('',#565,5.);
#565 = AXIS2_PLACEMENT_3D('',#566,#567,#568);
#566 = CARTESIAN_POINT('',(-1.5,-16.,-13.));
#567 = DIRECTION('',(-1.,0.,0.));
#568 = DIRECTION('',(0.,0.871722432888,-0.49));
#569 = PCURVE('',#495,#570);
#570 = DEFINITIONAL_REPRESENTATION('',(#571),#575);
#571 = LINE('',#572,#573);
#572 = CARTESIAN_POINT('',(5.224478733319,3.));
#573 = VECTOR('',#574,1.);
#574 = DIRECTION('',(1.,0.));
#575 = ( GEOMETRIC_REPRESENTATION_CONTEXT(2)
PARAMETRIC_REPRESENTATION_CONTEXT() REPRESENTATION_CONTEXT('2D SPACE',''
  ) );
#576 = PCURVE('',#102,#577);
#577 = DEFINITIONAL_REPRESENTATION('',(#578),#582);
#578 = CIRCLE('',#579,5.);
#579 = AXIS2_PLACEMENT_2D('',#580,#581);
#580 = CARTESIAN_POINT('',(0.,32.));
#581 = DIRECTION('',(0.49,-0.871722432888));
#582 = ( GEOMETRIC_REPRESENTATION_CONTEXT(2)
PARAMETRIC_REPRESENTATION_CONTEXT() REPRESENTATION_CONTEXT('2D SPACE',''
  ) );
#583 = ORIENTED_EDGE('',*,*,#584,.F.);
#584 = EDGE_CURVE('',#532,#561,#585,.T.);
#585 = SURFACE_CURVE('',#586,(#590,#597),.PCURVE_S1.);
#586 = LINE('',#587,#588);
#587 = CARTESIAN_POINT('',(1.5,-11.64138783556,-15.45));
#588 = VECTOR('',#589,1.);
#589 = DIRECTION('',(-1.,0.,0.));
#590 = PCURVE('',#495,#591);
#591 = DEFINITIONAL_REPRESENTATION('',(#592),#596);
#592 = LINE('',#593,#594);
#593 = CARTESIAN_POINT('',(5.224478733319,0.));
#594 = VECTOR('',#595,1.);
#595 = DIRECTION('',(0.,1.));
#596 = ( GEOMETRIC_REPRESENTATION_CONTEXT(2)
PARAMETRIC_REPRESENTATION_CONTEXT() REPRESENTATION_CONTEXT('2D SPACE',''
  ) );
#597 = PCURVE('',#73,#598);
#598 = DEFINITIONAL_REPRESENTATION('',(#599),#603);
#599 = LINE('',#600,#601);
#600 = CARTESIAN_POINT('',(4.35861216444,1.5));
#601 = VECTOR('',#602,1.);
#602 = DIRECTION('',(0.,-1.));
#603 = ( GEOMETRIC_REPRESENTATION_CONTEXT(2)
PARAMETRIC_REPRESENTATION_CONTEXT() REPRESENTATION_CONTEXT('2D SPACE',''
  ) );
#604 = ADVANCED_FACE('',(#605,#640,#670,#785,#900,#935,#970,#1085,#1200,
    #1235),#102,.T.);
#605 = FACE_BOUND('',#606,.T.);
#606 = EDGE_LOOP('',(#607));
#607 = ORIENTED_EDGE('',*,*,#608,.T.);
#608 = EDGE_CURVE('',#609,#609,#611,.T.);
#609 = VERTEX_POINT('',#610);
#610 = CARTESIAN_POINT('',(-1.5,16.,-14.7));
#611 = SURFACE_CURVE('',#612,(#617,#628),.PCURVE_S1.);
#612 = CIRCLE('',#613,1.7);
#613 = AXIS2_PLACEMENT_3D('',#614,#615,#616);
#614 = CARTESIAN_POINT('',(-1.5,16.,-13.));
#615 = DIRECTION('',(1.,0.,0.));
#616 = DIRECTION('',(0.,0.,-1.));
#617 = PCURVE('',#102,#618);
#618 = DEFINITIONAL_REPRESENTATION('',(#619),#627);
#619 = ( BOUNDED_CURVE() B_SPLINE_CURVE(2,(#620,#621,#622,#623,#624,#625
,#626),.UNSPECIFIED.,.T.,.F.) B_SPLINE_CURVE_WITH_KNOTS((1,2,2,2,2,1),(
    -2.094395102393,0.,2.094395102393,4.188790204786,6.28318530718,
8.377580409573),.UNSPECIFIED.) CURVE() GEOMETRIC_REPRESENTATION_ITEM()
RATIONAL_B_SPLINE_CURVE((1.,0.5,1.,0.5,1.,0.5,1.)) REPRESENTATION_ITEM(
  '') );
#620 = CARTESIAN_POINT('',(1.7,0.));
#621 = CARTESIAN_POINT('',(1.7,-2.944486372867));
#622 = CARTESIAN_POINT('',(-0.85,-1.472243186434));
#623 = CARTESIAN_POINT('',(-3.4,-4.163799117101E-16));
#624 = CARTESIAN_POINT('',(-0.85,1.472243186434));
#625 = CARTESIAN_POINT('',(1.7,2.944486372867));
#626 = CARTESIAN_POINT('',(1.7,0.));
#627 = ( GEOMETRIC_REPRESENTATION_CONTEXT(2)
PARAMETRIC_REPRESENTATION_CONTEXT() REPRESENTATION_CONTEXT('2D SPACE',''
  ) );
#628 = PCURVE('',#629,#634);
#629 = CYLINDRICAL_SURFACE('',#630,1.7);
#630 = AXIS2_PLACEMENT_3D('',#631,#632,#633);
#631 = CARTESIAN_POINT('',(2.5,16.,-13.));
#632 = DIRECTION('',(-1.,0.,0.));
#633 = DIRECTION('',(0.,0.,-1.));
#634 = DEFINITIONAL_REPRESENTATION('',(#635),#639);
#635 = LINE('',#636,#637);
#636 = CARTESIAN_POINT('',(6.28318530718,4.));
#637 = VECTOR('',#638,1.);
#638 = DIRECTION('',(-1.,-0.));
#639 = ( GEOMETRIC_REPRESENTATION_CONTEXT(2)
PARAMETRIC_REPRESENTATION_CONTEXT() REPRESENTATION_CONTEXT('2D SPACE',''
  ) );
#640 = FACE_BOUND('',#641,.T.);
#641 = EDGE_LOOP('',(#642,#643,#664,#665,#666,#667,#668,#669));
#642 = ORIENTED_EDGE('',*,*,#85,.F.);
#643 = ORIENTED_EDGE('',*,*,#644,.F.);
#644 = EDGE_CURVE('',#561,#58,#645,.T.);
#645 = SURFACE_CURVE('',#646,(#650,#657),.PCURVE_S1.);
#646 = LINE('',#647,#648);
#647 = CARTESIAN_POINT('',(-1.5,-16.,-15.45));
#648 = VECTOR('',#649,1.);
#649 = DIRECTION('',(0.,1.,0.));
#650 = PCURVE('',#102,#651);
#651 = DEFINITIONAL_REPRESENTATION('',(#652),#656);
#652 = LINE('',#653,#654);
#653 = CARTESIAN_POINT('',(2.45,32.));
#654 = VECTOR('',#655,1.);
#655 = DIRECTION('',(0.,-1.));
#656 = ( GEOMETRIC_REPRESENTATION_CONTEXT(2)
PARAMETRIC_REPRESENTATION_CONTEXT() REPRESENTATION_CONTEXT('2D SPACE',''
  ) );
#657 = PCURVE('',#73,#658);
#658 = DEFINITIONAL_REPRESENTATION('',(#659),#663);
#659 = LINE('',#660,#661);
#660 = CARTESIAN_POINT('',(0.,-1.5));
#661 = VECTOR('',#662,1.);
#662 = DIRECTION('',(1.,0.));
#663 = ( GEOMETRIC_REPRESENTATION_CONTEXT(2)
PARAMETRIC_REPRESENTATION_CONTEXT() REPRESENTATION_CONTEXT('2D SPACE',''
  ) );
#664 = ORIENTED_EDGE('',*,*,#560,.T.);
#665 = ORIENTED_EDGE('',*,*,#456,.F.);
#666 = ORIENTED_EDGE('',*,*,#377,.T.);
#667 = ORIENTED_EDGE('',*,*,#302,.F.);
#668 = ORIENTED_EDGE('',*,*,#248,.T.);
#669 = ORIENTED_EDGE('',*,*,#148,.F.);
#670 = FACE_BOUND('',#671,.T.);
#671 = EDGE_LOOP('',(#672,#702,#730,#759));
#672 = ORIENTED_EDGE('',*,*,#673,.F.);
#673 = EDGE_CURVE('',#674,#676,#678,.T.);
#674 = VERTEX_POINT('',#675);
#675 = CARTESIAN_POINT('',(-1.5,9.099381237399,-10.55));
#676 = VERTEX_POINT('',#677);
#677 = CARTESIAN_POINT('',(-1.5,-9.099381237399,-10.55));
#678 = SURFACE_CURVE('',#679,(#683,#690),.PCURVE_S1.);
#679 = LINE('',#680,#681);
#680 = CARTESIAN_POINT('',(-1.5,16.,-10.55));
#681 = VECTOR('',#682,1.);
#682 = DIRECTION('',(0.,-1.,0.));
#683 = PCURVE('',#102,#684);
#684 = DEFINITIONAL_REPRESENTATION('',(#685),#689);
#685 = LINE('',#686,#687);
#686 = CARTESIAN_POINT('',(-2.45,-0.));
#687 = VECTOR('',#688,1.);
#688 = DIRECTION('',(0.,1.));
#689 = ( GEOMETRIC_REPRESENTATION_CONTEXT(2)
PARAMETRIC_REPRESENTATION_CONTEXT() REPRESENTATION_CONTEXT('2D SPACE',''
  ) );
#690 = PCURVE('',#691,#696);
#691 = PLANE('',#692);
#692 = AXIS2_PLACEMENT_3D('',#693,#694,#695);
#693 = CARTESIAN_POINT('',(2.84217094304E-14,16.,-10.55));
#694 = DIRECTION('',(0.,0.,1.));
#695 = DIRECTION('',(0.,-1.,0.));
#696 = DEFINITIONAL_REPRESENTATION('',(#697),#701);
#697 = LINE('',#698,#699);
#698 = CARTESIAN_POINT('',(0.,-1.5));
#699 = VECTOR('',#700,1.);
#700 = DIRECTION('',(1.,0.));
#701 = ( GEOMETRIC_REPRESENTATION_CONTEXT(2)
PARAMETRIC_REPRESENTATION_CONTEXT() REPRESENTATION_CONTEXT('2D SPACE',''
  ) );
#702 = ORIENTED_EDGE('',*,*,#703,.F.);
#703 = EDGE_CURVE('',#704,#674,#706,.T.);
#704 = VERTEX_POINT('',#705);
#705 = CARTESIAN_POINT('',(-1.5,1.837827990417,-4.649987986828));
#706 = SURFACE_CURVE('',#707,(#711,#718),.PCURVE_S1.);
#707 = LINE('',#708,#709);
#708 = CARTESIAN_POINT('',(-1.5,-1.544951931481,-1.901479300285));
#709 = VECTOR('',#710,1.);
#710 = DIRECTION('',(0.,0.776114000116,-0.630592625094));
#711 = PCURVE('',#102,#712);
#712 = DEFINITIONAL_REPRESENTATION('',(#713),#717);
#713 = LINE('',#714,#715);
#714 = CARTESIAN_POINT('',(-11.09852069971,17.544951931481));
#715 = VECTOR('',#716,1.);
#716 = DIRECTION('',(0.630592625094,-0.776114000116));
#717 = ( GEOMETRIC_REPRESENTATION_CONTEXT(2)
PARAMETRIC_REPRESENTATION_CONTEXT() REPRESENTATION_CONTEXT('2D SPACE',''
  ) );
#718 = PCURVE('',#719,#724);
#719 = PLANE('',#720);
#720 = AXIS2_PLACEMENT_3D('',#721,#722,#723);
#721 = CARTESIAN_POINT('',(2.84217094304E-14,-1.544951931481,
    -1.901479300285));
#722 = DIRECTION('',(-0.,-0.630592625094,-0.776114000116));
#723 = DIRECTION('',(0.,0.776114000116,-0.630592625094));
#724 = DEFINITIONAL_REPRESENTATION('',(#725),#729);
#725 = LINE('',#726,#727);
#726 = CARTESIAN_POINT('',(0.,-1.5));
#727 = VECTOR('',#728,1.);
#728 = DIRECTION('',(1.,0.));
#729 = ( GEOMETRIC_REPRESENTATION_CONTEXT(2)
PARAMETRIC_REPRESENTATION_CONTEXT() REPRESENTATION_CONTEXT('2D SPACE',''
  ) );
#730 = ORIENTED_EDGE('',*,*,#731,.T.);
#731 = EDGE_CURVE('',#704,#732,#734,.T.);
#732 = VERTEX_POINT('',#733);
#733 = CARTESIAN_POINT('',(-1.5,-1.837827990417,-4.649987986827));
#734 = SURFACE_CURVE('',#735,(#740,#747),.PCURVE_S1.);
#735 = CIRCLE('',#736,5.);
#736 = AXIS2_PLACEMENT_3D('',#737,#738,#739);
#737 = CARTESIAN_POINT('',(-1.5,6.809421121779E-15,-5.684341886081E-14)
  );
#738 = DIRECTION('',(-1.,0.,0.));
#739 = DIRECTION('',(0.,0.367565598083,-0.929997597365));
#740 = PCURVE('',#102,#741);
#741 = DEFINITIONAL_REPRESENTATION('',(#742),#746);
#742 = CIRCLE('',#743,5.);
#743 = AXIS2_PLACEMENT_2D('',#744,#745);
#744 = CARTESIAN_POINT('',(-13.,16.));
#745 = DIRECTION('',(0.929997597365,-0.367565598083));
#746 = ( GEOMETRIC_REPRESENTATION_CONTEXT(2)
PARAMETRIC_REPRESENTATION_CONTEXT() REPRESENTATION_CONTEXT('2D SPACE',''
  ) );
#747 = PCURVE('',#748,#753);
#748 = CYLINDRICAL_SURFACE('',#749,5.);
#749 = AXIS2_PLACEMENT_3D('',#750,#751,#752);
#750 = CARTESIAN_POINT('',(1.5,6.809421121779E-15,-5.684341886081E-14));
#751 = DIRECTION('',(-1.,0.,0.));
#752 = DIRECTION('',(0.,0.,-1.));
#753 = DEFINITIONAL_REPRESENTATION('',(#754),#758);
#754 = LINE('',#755,#756);
#755 = CARTESIAN_POINT('',(5.906795288194,3.));
#756 = VECTOR('',#757,1.);
#757 = DIRECTION('',(1.,0.));
#758 = ( GEOMETRIC_REPRESENTATION_CONTEXT(2)
PARAMETRIC_REPRESENTATION_CONTEXT() REPRESENTATION_CONTEXT('2D SPACE',''
  ) );
#759 = ORIENTED_EDGE('',*,*,#760,.F.);
#760 = EDGE_CURVE('',#676,#732,#761,.T.);
#761 = SURFACE_CURVE('',#762,(#766,#773),.PCURVE_S1.);
#762 = LINE('',#763,#764);
#763 = CARTESIAN_POINT('',(-1.5,-14.45504806851,-14.90147930028));
#764 = VECTOR('',#765,1.);
#765 = DIRECTION('',(0.,0.776114000116,0.630592625094));
#766 = PCURVE('',#102,#767);
#767 = DEFINITIONAL_REPRESENTATION('',(#768),#772);
#768 = LINE('',#769,#770);
#769 = CARTESIAN_POINT('',(1.901479300285,30.455048068519));
#770 = VECTOR('',#771,1.);
#771 = DIRECTION('',(-0.630592625094,-0.776114000116));
#772 = ( GEOMETRIC_REPRESENTATION_CONTEXT(2)
PARAMETRIC_REPRESENTATION_CONTEXT() REPRESENTATION_CONTEXT('2D SPACE',''
  ) );
#773 = PCURVE('',#774,#779);
#774 = PLANE('',#775);
#775 = AXIS2_PLACEMENT_3D('',#776,#777,#778);
#776 = CARTESIAN_POINT('',(2.84217094304E-14,-14.45504806851,
    -14.90147930028));
#777 = DIRECTION('',(0.,0.630592625094,-0.776114000116));
#778 = DIRECTION('',(0.,0.776114000116,0.630592625094));
#779 = DEFINITIONAL_REPRESENTATION('',(#780),#784);
#780 = LINE('',#781,#782);
#781 = CARTESIAN_POINT('',(0.,-1.5));
#782 = VECTOR('',#783,1.);
#783 = DIRECTION('',(1.,0.));
#784 = ( GEOMETRIC_REPRESENTATION_CONTEXT(2)
PARAMETRIC_REPRESENTATION_CONTEXT() REPRESENTATION_CONTEXT('2D SPACE',''
  ) );
#785 = FACE_BOUND('',#786,.T.);
#786 = EDGE_LOOP('',(#787,#817,#845,#874));
#787 = ORIENTED_EDGE('',*,*,#788,.F.);
#788 = EDGE_CURVE('',#789,#791,#793,.T.);
#789 = VERTEX_POINT('',#790);
#790 = CARTESIAN_POINT('',(-1.5,13.55,7.852622255386));
#791 = VERTEX_POINT('',#792);
#792 = CARTESIAN_POINT('',(-1.5,13.55,-7.852622255387));
#793 = SURFACE_CURVE('',#794,(#798,#805),.PCURVE_S1.);
#794 = LINE('',#795,#796);
#795 = CARTESIAN_POINT('',(-1.5,13.55,13.));
#796 = VECTOR('',#797,1.);
#797 = DIRECTION('',(0.,0.,-1.));
#798 = PCURVE('',#102,#799);
#799 = DEFINITIONAL_REPRESENTATION('',(#800),#804);
#800 = LINE('',#801,#802);
#801 = CARTESIAN_POINT('',(-26.,2.45));
#802 = VECTOR('',#803,1.);
#803 = DIRECTION('',(1.,0.));
#804 = ( GEOMETRIC_REPRESENTATION_CONTEXT(2)
PARAMETRIC_REPRESENTATION_CONTEXT() REPRESENTATION_CONTEXT('2D SPACE',''
  ) );
#805 = PCURVE('',#806,#811);
#806 = PLANE('',#807);
#807 = AXIS2_PLACEMENT_3D('',#808,#809,#810);
#808 = CARTESIAN_POINT('',(2.84217094304E-14,13.55,13.));
#809 = DIRECTION('',(-0.,-1.,-0.));
#810 = DIRECTION('',(0.,0.,-1.));
#811 = DEFINITIONAL_REPRESENTATION('',(#812),#816);
#812 = LINE('',#813,#814);
#813 = CARTESIAN_POINT('',(0.,-1.5));
#814 = VECTOR('',#815,1.);
#815 = DIRECTION('',(1.,0.));
#816 = ( GEOMETRIC_REPRESENTATION_CONTEXT(2)
PARAMETRIC_REPRESENTATION_CONTEXT() REPRESENTATION_CONTEXT('2D SPACE',''
  ) );
#817 = ORIENTED_EDGE('',*,*,#818,.F.);
#818 = EDGE_CURVE('',#819,#789,#821,.T.);
#819 = VERTEX_POINT('',#820);
#820 = CARTESIAN_POINT('',(-1.5,4.92773185338,0.847029386258));
#821 = SURFACE_CURVE('',#822,(#826,#833),.PCURVE_S1.);
#822 = LINE('',#823,#824);
#823 = CARTESIAN_POINT('',(-1.5,1.544951931481,-1.901479300285));
#824 = VECTOR('',#825,1.);
#825 = DIRECTION('',(0.,0.776114000116,0.630592625094));
#826 = PCURVE('',#102,#827);
#827 = DEFINITIONAL_REPRESENTATION('',(#828),#832);
#828 = LINE('',#829,#830);
#829 = CARTESIAN_POINT('',(-11.09852069971,14.455048068519));
#830 = VECTOR('',#831,1.);
#831 = DIRECTION('',(-0.630592625094,-0.776114000116));
#832 = ( GEOMETRIC_REPRESENTATION_CONTEXT(2)
PARAMETRIC_REPRESENTATION_CONTEXT() REPRESENTATION_CONTEXT('2D SPACE',''
  ) );
#833 = PCURVE('',#834,#839);
#834 = PLANE('',#835);
#835 = AXIS2_PLACEMENT_3D('',#836,#837,#838);
#836 = CARTESIAN_POINT('',(2.84217094304E-14,1.544951931481,
    -1.901479300285));
#837 = DIRECTION('',(0.,0.630592625094,-0.776114000116));
#838 = DIRECTION('',(0.,0.776114000116,0.630592625094));
#839 = DEFINITIONAL_REPRESENTATION('',(#840),#844);
#840 = LINE('',#841,#842);
#841 = CARTESIAN_POINT('',(0.,-1.5));
#842 = VECTOR('',#843,1.);
#843 = DIRECTION('',(1.,0.));
#844 = ( GEOMETRIC_REPRESENTATION_CONTEXT(2)
PARAMETRIC_REPRESENTATION_CONTEXT() REPRESENTATION_CONTEXT('2D SPACE',''
  ) );
#845 = ORIENTED_EDGE('',*,*,#846,.T.);
#846 = EDGE_CURVE('',#819,#847,#849,.T.);
#847 = VERTEX_POINT('',#848);
#848 = CARTESIAN_POINT('',(-1.5,4.92773185338,-0.847029386258));
#849 = SURFACE_CURVE('',#850,(#855,#862),.PCURVE_S1.);
#850 = CIRCLE('',#851,5.);
#851 = AXIS2_PLACEMENT_3D('',#852,#853,#854);
#852 = CARTESIAN_POINT('',(-1.5,6.809421121779E-15,-5.684341886081E-14)
  );
#853 = DIRECTION('',(-1.,0.,0.));
#854 = DIRECTION('',(0.,0.,-1.));
#855 = PCURVE('',#102,#856);
#856 = DEFINITIONAL_REPRESENTATION('',(#857),#861);
#857 = CIRCLE('',#858,5.);
#858 = AXIS2_PLACEMENT_2D('',#859,#860);
#859 = CARTESIAN_POINT('',(-13.,16.));
#860 = DIRECTION('',(1.,0.));
#861 = ( GEOMETRIC_REPRESENTATION_CONTEXT(2)
PARAMETRIC_REPRESENTATION_CONTEXT() REPRESENTATION_CONTEXT('2D SPACE',''
  ) );
#862 = PCURVE('',#863,#868);
#863 = CYLINDRICAL_SURFACE('',#864,5.);
#864 = AXIS2_PLACEMENT_3D('',#865,#866,#867);
#865 = CARTESIAN_POINT('',(1.5,6.809421121779E-15,-5.684341886081E-14));
#866 = DIRECTION('',(-1.,0.,0.));
#867 = DIRECTION('',(0.,0.,-1.));
#868 = DEFINITIONAL_REPRESENTATION('',(#869),#873);
#869 = LINE('',#870,#871);
#870 = CARTESIAN_POINT('',(0.,3.));
#871 = VECTOR('',#872,1.);
#872 = DIRECTION('',(1.,0.));
#873 = ( GEOMETRIC_REPRESENTATION_CONTEXT(2)
PARAMETRIC_REPRESENTATION_CONTEXT() REPRESENTATION_CONTEXT('2D SPACE',''
  ) );
#874 = ORIENTED_EDGE('',*,*,#875,.F.);
#875 = EDGE_CURVE('',#791,#847,#876,.T.);
#876 = SURFACE_CURVE('',#877,(#881,#888),.PCURVE_S1.);
#877 = LINE('',#878,#879);
#878 = CARTESIAN_POINT('',(-1.5,17.544951931481,-11.09852069971));
#879 = VECTOR('',#880,1.);
#880 = DIRECTION('',(0.,-0.776114000116,0.630592625094));
#881 = PCURVE('',#102,#882);
#882 = DEFINITIONAL_REPRESENTATION('',(#883),#887);
#883 = LINE('',#884,#885);
#884 = CARTESIAN_POINT('',(-1.901479300285,-1.544951931481));
#885 = VECTOR('',#886,1.);
#886 = DIRECTION('',(-0.630592625094,0.776114000116));
#887 = ( GEOMETRIC_REPRESENTATION_CONTEXT(2)
PARAMETRIC_REPRESENTATION_CONTEXT() REPRESENTATION_CONTEXT('2D SPACE',''
  ) );
#888 = PCURVE('',#889,#894);
#889 = PLANE('',#890);
#890 = AXIS2_PLACEMENT_3D('',#891,#892,#893);
#891 = CARTESIAN_POINT('',(2.84217094304E-14,17.544951931481,
    -11.09852069971));
#892 = DIRECTION('',(0.,0.630592625094,0.776114000116));
#893 = DIRECTION('',(0.,-0.776114000116,0.630592625094));
#894 = DEFINITIONAL_REPRESENTATION('',(#895),#899);
#895 = LINE('',#896,#897);
#896 = CARTESIAN_POINT('',(0.,-1.5));
#897 = VECTOR('',#898,1.);
#898 = DIRECTION('',(1.,0.));
#899 = ( GEOMETRIC_REPRESENTATION_CONTEXT(2)
PARAMETRIC_REPRESENTATION_CONTEXT() REPRESENTATION_CONTEXT('2D SPACE',''
  ) );
#900 = FACE_BOUND('',#901,.T.);
#901 = EDGE_LOOP('',(#902));
#902 = ORIENTED_EDGE('',*,*,#903,.T.);
#903 = EDGE_CURVE('',#904,#904,#906,.T.);
#904 = VERTEX_POINT('',#905);
#905 = CARTESIAN_POINT('',(-1.5,-16.,-14.7));
#906 = SURFACE_CURVE('',#907,(#912,#923),.PCURVE_S1.);
#907 = CIRCLE('',#908,1.7);
#908 = AXIS2_PLACEMENT_3D('',#909,#910,#911);
#909 = CARTESIAN_POINT('',(-1.5,-16.,-13.));
#910 = DIRECTION('',(1.,0.,0.));
#911 = DIRECTION('',(0.,-5.642545254566E-14,-1.));
#912 = PCURVE('',#102,#913);
#913 = DEFINITIONAL_REPRESENTATION('',(#914),#922);
#914 = ( BOUNDED_CURVE() B_SPLINE_CURVE(2,(#915,#916,#917,#918,#919,#920
,#921),.UNSPECIFIED.,.T.,.F.) B_SPLINE_CURVE_WITH_KNOTS((1,2,2,2,2,1),(
    -2.094395102393,0.,2.094395102393,4.188790204786,6.28318530718,
8.377580409573),.UNSPECIFIED.) CURVE() GEOMETRIC_REPRESENTATION_ITEM()
RATIONAL_B_SPLINE_CURVE((1.,0.5,1.,0.5,1.,0.5,1.)) REPRESENTATION_ITEM(
  '') );
#915 = CARTESIAN_POINT('',(1.7,32.));
#916 = CARTESIAN_POINT('',(1.7,29.055513627133));
#917 = CARTESIAN_POINT('',(-0.85,30.527756813567));
#918 = CARTESIAN_POINT('',(-3.399999999999,32.));
#919 = CARTESIAN_POINT('',(-0.85,33.472243186433));
#920 = CARTESIAN_POINT('',(1.7,34.944486372867));
#921 = CARTESIAN_POINT('',(1.7,32.));
#922 = ( GEOMETRIC_REPRESENTATION_CONTEXT(2)
PARAMETRIC_REPRESENTATION_CONTEXT() REPRESENTATION_CONTEXT('2D SPACE',''
  ) );
#923 = PCURVE('',#924,#929);
#924 = CYLINDRICAL_SURFACE('',#925,1.7);
#925 = AXIS2_PLACEMENT_3D('',#926,#927,#928);
#926 = CARTESIAN_POINT('',(2.5,-16.,-13.));
#927 = DIRECTION('',(-1.,0.,0.));
#928 = DIRECTION('',(0.,0.,-1.));
#929 = DEFINITIONAL_REPRESENTATION('',(#930),#934);
#930 = LINE('',#931,#932);
#931 = CARTESIAN_POINT('',(6.28318530718,4.));
#932 = VECTOR('',#933,1.);
#933 = DIRECTION('',(-1.,-0.));
#934 = ( GEOMETRIC_REPRESENTATION_CONTEXT(2)
PARAMETRIC_REPRESENTATION_CONTEXT() REPRESENTATION_CONTEXT('2D SPACE',''
  ) );
#935 = FACE_BOUND('',#936,.T.);
#936 = EDGE_LOOP('',(#937));
#937 = ORIENTED_EDGE('',*,*,#938,.T.);
#938 = EDGE_CURVE('',#939,#939,#941,.T.);
#939 = VERTEX_POINT('',#940);
#940 = CARTESIAN_POINT('',(-1.5,16.,11.3));
#941 = SURFACE_CURVE('',#942,(#947,#958),.PCURVE_S1.);
#942 = CIRCLE('',#943,1.7);
#943 = AXIS2_PLACEMENT_3D('',#944,#945,#946);
#944 = CARTESIAN_POINT('',(-1.5,16.,13.));
#945 = DIRECTION('',(1.,0.,0.));
#946 = DIRECTION('',(0.,-5.015595781837E-14,-1.));
#947 = PCURVE('',#102,#948);
#948 = DEFINITIONAL_REPRESENTATION('',(#949),#957);
#949 = ( BOUNDED_CURVE() B_SPLINE_CURVE(2,(#950,#951,#952,#953,#954,#955
,#956),.UNSPECIFIED.,.T.,.F.) B_SPLINE_CURVE_WITH_KNOTS((1,2,2,2,2,1),(
    -2.094395102393,0.,2.094395102393,4.188790204786,6.28318530718,
8.377580409573),.UNSPECIFIED.) CURVE() GEOMETRIC_REPRESENTATION_ITEM()
RATIONAL_B_SPLINE_CURVE((1.,0.5,1.,0.5,1.,0.5,1.)) REPRESENTATION_ITEM(
  '') );
#950 = CARTESIAN_POINT('',(-24.3,0.));
#951 = CARTESIAN_POINT('',(-24.3,-2.944486372867));
#952 = CARTESIAN_POINT('',(-26.85,-1.472243186433));
#953 = CARTESIAN_POINT('',(-29.39999999999,-2.562117647853E-13));
#954 = CARTESIAN_POINT('',(-26.85,1.472243186433));
#955 = CARTESIAN_POINT('',(-24.3,2.944486372867));
#956 = CARTESIAN_POINT('',(-24.3,0.));
#957 = ( GEOMETRIC_REPRESENTATION_CONTEXT(2)
PARAMETRIC_REPRESENTATION_CONTEXT() REPRESENTATION_CONTEXT('2D SPACE',''
  ) );
#958 = PCURVE('',#959,#964);
#959 = CYLINDRICAL_SURFACE('',#960,1.7);
#960 = AXIS2_PLACEMENT_3D('',#961,#962,#963);
#961 = CARTESIAN_POINT('',(2.5,16.,13.));
#962 = DIRECTION('',(-1.,0.,0.));
#963 = DIRECTION('',(0.,0.,-1.));
#964 = DEFINITIONAL_REPRESENTATION('',(#965),#969);
#965 = LINE('',#966,#967);
#966 = CARTESIAN_POINT('',(6.28318530718,4.));
#967 = VECTOR('',#968,1.);
#968 = DIRECTION('',(-1.,-0.));
#969 = ( GEOMETRIC_REPRESENTATION_CONTEXT(2)
PARAMETRIC_REPRESENTATION_CONTEXT() REPRESENTATION_CONTEXT('2D SPACE',''
  ) );
#970 = FACE_BOUND('',#971,.T.);
#971 = EDGE_LOOP('',(#972,#1002,#1031,#1059));
#972 = ORIENTED_EDGE('',*,*,#973,.F.);
#973 = EDGE_CURVE('',#974,#976,#978,.T.);
#974 = VERTEX_POINT('',#975);
#975 = CARTESIAN_POINT('',(-1.5,-4.92773185338,-0.847029386258));
#976 = VERTEX_POINT('',#977);
#977 = CARTESIAN_POINT('',(-1.5,-13.55,-7.852622255387));
#978 = SURFACE_CURVE('',#979,(#983,#990),.PCURVE_S1.);
#979 = LINE('',#980,#981);
#980 = CARTESIAN_POINT('',(-1.5,-1.544951931481,1.901479300285));
#981 = VECTOR('',#982,1.);
#982 = DIRECTION('',(0.,-0.776114000116,-0.630592625094));
#983 = PCURVE('',#102,#984);
#984 = DEFINITIONAL_REPRESENTATION('',(#985),#989);
#985 = LINE('',#986,#987);
#986 = CARTESIAN_POINT('',(-14.90147930028,17.544951931481));
#987 = VECTOR('',#988,1.);
#988 = DIRECTION('',(0.630592625094,0.776114000116));
#989 = ( GEOMETRIC_REPRESENTATION_CONTEXT(2)
PARAMETRIC_REPRESENTATION_CONTEXT() REPRESENTATION_CONTEXT('2D SPACE',''
  ) );
#990 = PCURVE('',#991,#996);
#991 = PLANE('',#992);
#992 = AXIS2_PLACEMENT_3D('',#993,#994,#995);
#993 = CARTESIAN_POINT('',(2.84217094304E-14,-1.544951931481,
    1.901479300285));
#994 = DIRECTION('',(0.,-0.630592625094,0.776114000116));
#995 = DIRECTION('',(0.,-0.776114000116,-0.630592625094));
#996 = DEFINITIONAL_REPRESENTATION('',(#997),#1001);
#997 = LINE('',#998,#999);
#998 = CARTESIAN_POINT('',(-0.,-1.5));
#999 = VECTOR('',#1000,1.);
#1000 = DIRECTION('',(1.,0.));
#1001 = ( GEOMETRIC_REPRESENTATION_CONTEXT(2)
PARAMETRIC_REPRESENTATION_CONTEXT() REPRESENTATION_CONTEXT('2D SPACE',''
  ) );
#1002 = ORIENTED_EDGE('',*,*,#1003,.T.);
#1003 = EDGE_CURVE('',#974,#1004,#1006,.T.);
#1004 = VERTEX_POINT('',#1005);
#1005 = CARTESIAN_POINT('',(-1.5,-4.92773185338,0.847029386258));
#1006 = SURFACE_CURVE('',#1007,(#1012,#1019),.PCURVE_S1.);
#1007 = CIRCLE('',#1008,5.);
#1008 = AXIS2_PLACEMENT_3D('',#1009,#1010,#1011);
#1009 = CARTESIAN_POINT('',(-1.5,6.809421121779E-15,-5.684341886081E-14)
  );
#1010 = DIRECTION('',(-1.,0.,0.));
#1011 = DIRECTION('',(0.,0.,-1.));
#1012 = PCURVE('',#102,#1013);
#1013 = DEFINITIONAL_REPRESENTATION('',(#1014),#1018);
#1014 = CIRCLE('',#1015,5.);
#1015 = AXIS2_PLACEMENT_2D('',#1016,#1017);
#1016 = CARTESIAN_POINT('',(-13.,16.));
#1017 = DIRECTION('',(1.,0.));
#1018 = ( GEOMETRIC_REPRESENTATION_CONTEXT(2)
PARAMETRIC_REPRESENTATION_CONTEXT() REPRESENTATION_CONTEXT('2D SPACE',''
  ) );
#1019 = PCURVE('',#1020,#1025);
#1020 = CYLINDRICAL_SURFACE('',#1021,5.);
#1021 = AXIS2_PLACEMENT_3D('',#1022,#1023,#1024);
#1022 = CARTESIAN_POINT('',(1.5,6.809421121779E-15,-5.684341886081E-14)
  );
#1023 = DIRECTION('',(-1.,0.,0.));
#1024 = DIRECTION('',(0.,0.,-1.));
#1025 = DEFINITIONAL_REPRESENTATION('',(#1026),#1030);
#1026 = LINE('',#1027,#1028);
#1027 = CARTESIAN_POINT('',(0.,3.));
#1028 = VECTOR('',#1029,1.);
#1029 = DIRECTION('',(1.,0.));
#1030 = ( GEOMETRIC_REPRESENTATION_CONTEXT(2)
PARAMETRIC_REPRESENTATION_CONTEXT() REPRESENTATION_CONTEXT('2D SPACE',''
  ) );
#1031 = ORIENTED_EDGE('',*,*,#1032,.F.);
#1032 = EDGE_CURVE('',#1033,#1004,#1035,.T.);
#1033 = VERTEX_POINT('',#1034);
#1034 = CARTESIAN_POINT('',(-1.5,-13.55,7.852622255386));
#1035 = SURFACE_CURVE('',#1036,(#1040,#1047),.PCURVE_S1.);
#1036 = LINE('',#1037,#1038);
#1037 = CARTESIAN_POINT('',(-1.5,-17.54495193148,11.098520699715));
#1038 = VECTOR('',#1039,1.);
#1039 = DIRECTION('',(0.,0.776114000116,-0.630592625094));
#1040 = PCURVE('',#102,#1041);
#1041 = DEFINITIONAL_REPRESENTATION('',(#1042),#1046);
#1042 = LINE('',#1043,#1044);
#1043 = CARTESIAN_POINT('',(-24.09852069971,33.544951931481));
#1044 = VECTOR('',#1045,1.);
#1045 = DIRECTION('',(0.630592625094,-0.776114000116));
#1046 = ( GEOMETRIC_REPRESENTATION_CONTEXT(2)
PARAMETRIC_REPRESENTATION_CONTEXT() REPRESENTATION_CONTEXT('2D SPACE',''
  ) );
#1047 = PCURVE('',#1048,#1053);
#1048 = PLANE('',#1049);
#1049 = AXIS2_PLACEMENT_3D('',#1050,#1051,#1052);
#1050 = CARTESIAN_POINT('',(2.84217094304E-14,-17.54495193148,
    11.098520699715));
#1051 = DIRECTION('',(-0.,-0.630592625094,-0.776114000116));
#1052 = DIRECTION('',(0.,0.776114000116,-0.630592625094));
#1053 = DEFINITIONAL_REPRESENTATION('',(#1054),#1058);
#1054 = LINE('',#1055,#1056);
#1055 = CARTESIAN_POINT('',(0.,-1.5));
#1056 = VECTOR('',#1057,1.);
#1057 = DIRECTION('',(1.,0.));
#1058 = ( GEOMETRIC_REPRESENTATION_CONTEXT(2)
PARAMETRIC_REPRESENTATION_CONTEXT() REPRESENTATION_CONTEXT('2D SPACE',''
  ) );
#1059 = ORIENTED_EDGE('',*,*,#1060,.F.);
#1060 = EDGE_CURVE('',#976,#1033,#1061,.T.);
#1061 = SURFACE_CURVE('',#1062,(#1066,#1073),.PCURVE_S1.);
#1062 = LINE('',#1063,#1064);
#1063 = CARTESIAN_POINT('',(-1.5,-13.55,-13.));
#1064 = VECTOR('',#1065,1.);
#1065 = DIRECTION('',(0.,0.,1.));
#1066 = PCURVE('',#102,#1067);
#1067 = DEFINITIONAL_REPRESENTATION('',(#1068),#1072);
#1068 = LINE('',#1069,#1070);
#1069 = CARTESIAN_POINT('',(0.,29.55));
#1070 = VECTOR('',#1071,1.);
#1071 = DIRECTION('',(-1.,-0.));
#1072 = ( GEOMETRIC_REPRESENTATION_CONTEXT(2)
PARAMETRIC_REPRESENTATION_CONTEXT() REPRESENTATION_CONTEXT('2D SPACE',''
  ) );
#1073 = PCURVE('',#1074,#1079);
#1074 = PLANE('',#1075);
#1075 = AXIS2_PLACEMENT_3D('',#1076,#1077,#1078);
#1076 = CARTESIAN_POINT('',(2.84217094304E-14,-13.55,-13.));
#1077 = DIRECTION('',(0.,1.,-0.));
#1078 = DIRECTION('',(0.,0.,1.));
#1079 = DEFINITIONAL_REPRESENTATION('',(#1080),#1084);
#1080 = LINE('',#1081,#1082);
#1081 = CARTESIAN_POINT('',(0.,-1.5));
#1082 = VECTOR('',#1083,1.);
#1083 = DIRECTION('',(1.,0.));
#1084 = ( GEOMETRIC_REPRESENTATION_CONTEXT(2)
PARAMETRIC_REPRESENTATION_CONTEXT() REPRESENTATION_CONTEXT('2D SPACE',''
  ) );
#1085 = FACE_BOUND('',#1086,.T.);
#1086 = EDGE_LOOP('',(#1087,#1117,#1145,#1173));
#1087 = ORIENTED_EDGE('',*,*,#1088,.F.);
#1088 = EDGE_CURVE('',#1089,#1091,#1093,.T.);
#1089 = VERTEX_POINT('',#1090);
#1090 = CARTESIAN_POINT('',(-1.5,9.099381237399,10.55));
#1091 = VERTEX_POINT('',#1092);
#1092 = CARTESIAN_POINT('',(-1.5,1.837827990417,4.649987986827));
#1093 = SURFACE_CURVE('',#1094,(#1098,#1105),.PCURVE_S1.);
#1094 = LINE('',#1095,#1096);
#1095 = CARTESIAN_POINT('',(-1.5,14.455048068519,14.901479300285));
#1096 = VECTOR('',#1097,1.);
#1097 = DIRECTION('',(0.,-0.776114000116,-0.630592625094));
#1098 = PCURVE('',#102,#1099);
#1099 = DEFINITIONAL_REPRESENTATION('',(#1100),#1104);
#1100 = LINE('',#1101,#1102);
#1101 = CARTESIAN_POINT('',(-27.90147930028,1.544951931481));
#1102 = VECTOR('',#1103,1.);
#1103 = DIRECTION('',(0.630592625094,0.776114000116));
#1104 = ( GEOMETRIC_REPRESENTATION_CONTEXT(2)
PARAMETRIC_REPRESENTATION_CONTEXT() REPRESENTATION_CONTEXT('2D SPACE',''
  ) );
#1105 = PCURVE('',#1106,#1111);
#1106 = PLANE('',#1107);
#1107 = AXIS2_PLACEMENT_3D('',#1108,#1109,#1110);
#1108 = CARTESIAN_POINT('',(2.84217094304E-14,14.455048068519,
    14.901479300285));
#1109 = DIRECTION('',(0.,-0.630592625094,0.776114000116));
#1110 = DIRECTION('',(0.,-0.776114000116,-0.630592625094));
#1111 = DEFINITIONAL_REPRESENTATION('',(#1112),#1116);
#1112 = LINE('',#1113,#1114);
#1113 = CARTESIAN_POINT('',(-0.,-1.5));
#1114 = VECTOR('',#1115,1.);
#1115 = DIRECTION('',(1.,0.));
#1116 = ( GEOMETRIC_REPRESENTATION_CONTEXT(2)
PARAMETRIC_REPRESENTATION_CONTEXT() REPRESENTATION_CONTEXT('2D SPACE',''
  ) );
#1117 = ORIENTED_EDGE('',*,*,#1118,.F.);
#1118 = EDGE_CURVE('',#1119,#1089,#1121,.T.);
#1119 = VERTEX_POINT('',#1120);
#1120 = CARTESIAN_POINT('',(-1.5,-9.099381237399,10.55));
#1121 = SURFACE_CURVE('',#1122,(#1126,#1133),.PCURVE_S1.);
#1122 = LINE('',#1123,#1124);
#1123 = CARTESIAN_POINT('',(-1.5,-16.,10.55));
#1124 = VECTOR('',#1125,1.);
#1125 = DIRECTION('',(0.,1.,0.));
#1126 = PCURVE('',#102,#1127);
#1127 = DEFINITIONAL_REPRESENTATION('',(#1128),#1132);
#1128 = LINE('',#1129,#1130);
#1129 = CARTESIAN_POINT('',(-23.55,32.));
#1130 = VECTOR('',#1131,1.);
#1131 = DIRECTION('',(0.,-1.));
#1132 = ( GEOMETRIC_REPRESENTATION_CONTEXT(2)
PARAMETRIC_REPRESENTATION_CONTEXT() REPRESENTATION_CONTEXT('2D SPACE',''
  ) );
#1133 = PCURVE('',#1134,#1139);
#1134 = PLANE('',#1135);
#1135 = AXIS2_PLACEMENT_3D('',#1136,#1137,#1138);
#1136 = CARTESIAN_POINT('',(2.84217094304E-14,-16.,10.55));
#1137 = DIRECTION('',(0.,0.,-1.));
#1138 = DIRECTION('',(0.,1.,0.));
#1139 = DEFINITIONAL_REPRESENTATION('',(#1140),#1144);
#1140 = LINE('',#1141,#1142);
#1141 = CARTESIAN_POINT('',(0.,-1.5));
#1142 = VECTOR('',#1143,1.);
#1143 = DIRECTION('',(1.,0.));
#1144 = ( GEOMETRIC_REPRESENTATION_CONTEXT(2)
PARAMETRIC_REPRESENTATION_CONTEXT() REPRESENTATION_CONTEXT('2D SPACE',''
  ) );
#1145 = ORIENTED_EDGE('',*,*,#1146,.F.);
#1146 = EDGE_CURVE('',#1147,#1119,#1149,.T.);
#1147 = VERTEX_POINT('',#1148);
#1148 = CARTESIAN_POINT('',(-1.5,-1.837827990417,4.649987986827));
#1149 = SURFACE_CURVE('',#1150,(#1154,#1161),.PCURVE_S1.);
#1150 = LINE('',#1151,#1152);
#1151 = CARTESIAN_POINT('',(-1.5,1.544951931481,1.901479300285));
#1152 = VECTOR('',#1153,1.);
#1153 = DIRECTION('',(0.,-0.776114000116,0.630592625094));
#1154 = PCURVE('',#102,#1155);
#1155 = DEFINITIONAL_REPRESENTATION('',(#1156),#1160);
#1156 = LINE('',#1157,#1158);
#1157 = CARTESIAN_POINT('',(-14.90147930028,14.455048068519));
#1158 = VECTOR('',#1159,1.);
#1159 = DIRECTION('',(-0.630592625094,0.776114000116));
#1160 = ( GEOMETRIC_REPRESENTATION_CONTEXT(2)
PARAMETRIC_REPRESENTATION_CONTEXT() REPRESENTATION_CONTEXT('2D SPACE',''
  ) );
#1161 = PCURVE('',#1162,#1167);
#1162 = PLANE('',#1163);
#1163 = AXIS2_PLACEMENT_3D('',#1164,#1165,#1166);
#1164 = CARTESIAN_POINT('',(2.84217094304E-14,1.544951931481,
    1.901479300285));
#1165 = DIRECTION('',(0.,0.630592625094,0.776114000116));
#1166 = DIRECTION('',(0.,-0.776114000116,0.630592625094));
#1167 = DEFINITIONAL_REPRESENTATION('',(#1168),#1172);
#1168 = LINE('',#1169,#1170);
#1169 = CARTESIAN_POINT('',(0.,-1.5));
#1170 = VECTOR('',#1171,1.);
#1171 = DIRECTION('',(1.,0.));
#1172 = ( GEOMETRIC_REPRESENTATION_CONTEXT(2)
PARAMETRIC_REPRESENTATION_CONTEXT() REPRESENTATION_CONTEXT('2D SPACE',''
  ) );
#1173 = ORIENTED_EDGE('',*,*,#1174,.T.);
#1174 = EDGE_CURVE('',#1147,#1091,#1175,.T.);
#1175 = SURFACE_CURVE('',#1176,(#1181,#1188),.PCURVE_S1.);
#1176 = CIRCLE('',#1177,5.);
#1177 = AXIS2_PLACEMENT_3D('',#1178,#1179,#1180);
#1178 = CARTESIAN_POINT('',(-1.5,6.809421121779E-15,-5.684341886081E-14)
  );
#1179 = DIRECTION('',(-1.,0.,0.));
#1180 = DIRECTION('',(0.,0.,-1.));
#1181 = PCURVE('',#102,#1182);
#1182 = DEFINITIONAL_REPRESENTATION('',(#1183),#1187);
#1183 = CIRCLE('',#1184,5.);
#1184 = AXIS2_PLACEMENT_2D('',#1185,#1186);
#1185 = CARTESIAN_POINT('',(-13.,16.));
#1186 = DIRECTION('',(1.,0.));
#1187 = ( GEOMETRIC_REPRESENTATION_CONTEXT(2)
PARAMETRIC_REPRESENTATION_CONTEXT() REPRESENTATION_CONTEXT('2D SPACE',''
  ) );
#1188 = PCURVE('',#1189,#1194);
#1189 = CYLINDRICAL_SURFACE('',#1190,5.);
#1190 = AXIS2_PLACEMENT_3D('',#1191,#1192,#1193);
#1191 = CARTESIAN_POINT('',(1.5,6.809421121779E-15,-5.684341886081E-14)
  );
#1192 = DIRECTION('',(-1.,0.,0.));
#1193 = DIRECTION('',(0.,0.,-1.));
#1194 = DEFINITIONAL_REPRESENTATION('',(#1195),#1199);
#1195 = LINE('',#1196,#1197);
#1196 = CARTESIAN_POINT('',(0.,3.));
#1197 = VECTOR('',#1198,1.);
#1198 = DIRECTION('',(1.,0.));
#1199 = ( GEOMETRIC_REPRESENTATION_CONTEXT(2)
PARAMETRIC_REPRESENTATION_CONTEXT() REPRESENTATION_CONTEXT('2D SPACE',''
  ) );
#1200 = FACE_BOUND('',#1201,.T.);
#1201 = EDGE_LOOP('',(#1202));
#1202 = ORIENTED_EDGE('',*,*,#1203,.T.);
#1203 = EDGE_CURVE('',#1204,#1204,#1206,.T.);
#1204 = VERTEX_POINT('',#1205);
#1205 = CARTESIAN_POINT('',(-1.5,7.495223329301E-15,-2.8));
#1206 = SURFACE_CURVE('',#1207,(#1212,#1223),.PCURVE_S1.);
#1207 = CIRCLE('',#1208,2.800000000003);
#1208 = AXIS2_PLACEMENT_3D('',#1209,#1210,#1211);
#1209 = CARTESIAN_POINT('',(-1.5,-2.763529613089E-13,2.444267011015E-12)
  );
#1210 = DIRECTION('',(1.,0.,0.));
#1211 = DIRECTION('',(0.,1.013743516564E-13,-1.));
#1212 = PCURVE('',#102,#1213);
#1213 = DEFINITIONAL_REPRESENTATION('',(#1214),#1222);
#1214 = ( BOUNDED_CURVE() B_SPLINE_CURVE(2,(#1215,#1216,#1217,#1218,
#1219,#1220,#1221),.UNSPECIFIED.,.T.,.F.) B_SPLINE_CURVE_WITH_KNOTS((1,2
    ,2,2,2,1),(-2.094395102393,0.,2.094395102393,4.188790204786,
6.28318530718,8.377580409573),.UNSPECIFIED.) CURVE()
GEOMETRIC_REPRESENTATION_ITEM() RATIONAL_B_SPLINE_CURVE((1.,0.5,1.,0.5,
1.,0.5,1.)) REPRESENTATION_ITEM('') );
#1215 = CARTESIAN_POINT('',(-10.2,16.));
#1216 = CARTESIAN_POINT('',(-10.2,11.150257738803));
#1217 = CARTESIAN_POINT('',(-14.4,13.575128869402));
#1218 = CARTESIAN_POINT('',(-18.6,16.000000000001));
#1219 = CARTESIAN_POINT('',(-14.4,18.424871130599));
#1220 = CARTESIAN_POINT('',(-10.2,20.849742261197));
#1221 = CARTESIAN_POINT('',(-10.2,16.));
#1222 = ( GEOMETRIC_REPRESENTATION_CONTEXT(2)
PARAMETRIC_REPRESENTATION_CONTEXT() REPRESENTATION_CONTEXT('2D SPACE',''
  ) );
#1223 = PCURVE('',#1224,#1229);
#1224 = CYLINDRICAL_SURFACE('',#1225,2.8);
#1225 = AXIS2_PLACEMENT_3D('',#1226,#1227,#1228);
#1226 = CARTESIAN_POINT('',(2.5,6.809421121779E-15,-5.684341886081E-14)
  );
#1227 = DIRECTION('',(-1.,0.,0.));
#1228 = DIRECTION('',(0.,0.,-1.));
#1229 = DEFINITIONAL_REPRESENTATION('',(#1230),#1234);
#1230 = LINE('',#1231,#1232);
#1231 = CARTESIAN_POINT('',(6.28318530718,4.));
#1232 = VECTOR('',#1233,1.);
#1233 = DIRECTION('',(-1.,-0.));
#1234 = ( GEOMETRIC_REPRESENTATION_CONTEXT(2)
PARAMETRIC_REPRESENTATION_CONTEXT() REPRESENTATION_CONTEXT('2D SPACE',''
  ) );
#1235 = FACE_BOUND('',#1236,.T.);
#1236 = EDGE_LOOP('',(#1237));
#1237 = ORIENTED_EDGE('',*,*,#1238,.T.);
#1238 = EDGE_CURVE('',#1239,#1239,#1241,.T.);
#1239 = VERTEX_POINT('',#1240);
#1240 = CARTESIAN_POINT('',(-1.5,-16.,11.3));
#1241 = SURFACE_CURVE('',#1242,(#1247,#1258),.PCURVE_S1.);
#1242 = CIRCLE('',#1243,1.7);
#1243 = AXIS2_PLACEMENT_3D('',#1244,#1245,#1246);
#1244 = CARTESIAN_POINT('',(-1.5,-16.,13.));
#1245 = DIRECTION('',(1.,0.,0.));
#1246 = DIRECTION('',(0.,8.35932630306E-15,-1.));
#1247 = PCURVE('',#102,#1248);
#1248 = DEFINITIONAL_REPRESENTATION('',(#1249),#1257);
#1249 = ( BOUNDED_CURVE() B_SPLINE_CURVE(2,(#1250,#1251,#1252,#1253,
#1254,#1255,#1256),.UNSPECIFIED.,.T.,.F.) B_SPLINE_CURVE_WITH_KNOTS((1,2
    ,2,2,2,1),(-2.094395102393,0.,2.094395102393,4.188790204786,
6.28318530718,8.377580409573),.UNSPECIFIED.) CURVE()
GEOMETRIC_REPRESENTATION_ITEM() RATIONAL_B_SPLINE_CURVE((1.,0.5,1.,0.5,
1.,0.5,1.)) REPRESENTATION_ITEM('') );
#1250 = CARTESIAN_POINT('',(-24.3,32.));
#1251 = CARTESIAN_POINT('',(-24.3,29.055513627133));
#1252 = CARTESIAN_POINT('',(-26.85,30.527756813566));
#1253 = CARTESIAN_POINT('',(-29.4,32.));
#1254 = CARTESIAN_POINT('',(-26.85,33.472243186434));
#1255 = CARTESIAN_POINT('',(-24.3,34.944486372867));
#1256 = CARTESIAN_POINT('',(-24.3,32.));
#1257 = ( GEOMETRIC_REPRESENTATION_CONTEXT(2)
PARAMETRIC_REPRESENTATION_CONTEXT() REPRESENTATION_CONTEXT('2D SPACE',''
  ) );
#1258 = PCURVE('',#1259,#1264);
#1259 = CYLINDRICAL_SURFACE('',#1260,1.7);
#1260 = AXIS2_PLACEMENT_3D('',#1261,#1262,#1263);
#1261 = CARTESIAN_POINT('',(2.5,-16.,13.));
#1262 = DIRECTION('',(-1.,0.,0.));
#1263 = DIRECTION('',(0.,0.,-1.));
#1264 = DEFINITIONAL_REPRESENTATION('',(#1265),#1269);
#1265 = LINE('',#1266,#1267);
#1266 = CARTESIAN_POINT('',(6.28318530718,4.));
#1267 = VECTOR('',#1268,1.);
#1268 = DIRECTION('',(-1.,-0.));
#1269 = ( GEOMETRIC_REPRESENTATION_CONTEXT(2)
PARAMETRIC_REPRESENTATION_CONTEXT() REPRESENTATION_CONTEXT('2D SPACE',''
  ) );
#1270 = ADVANCED_FACE('',(#1271),#1259,.F.);
#1271 = FACE_BOUND('',#1272,.F.);
#1272 = EDGE_LOOP('',(#1273,#1274,#1297,#1319));
#1273 = ORIENTED_EDGE('',*,*,#1238,.T.);
#1274 = ORIENTED_EDGE('',*,*,#1275,.F.);
#1275 = EDGE_CURVE('',#1276,#1239,#1278,.T.);
#1276 = VERTEX_POINT('',#1277);
#1277 = CARTESIAN_POINT('',(1.5,-16.,11.3));
#1278 = SEAM_CURVE('',#1279,(#1283,#1290),.PCURVE_S1.);
#1279 = LINE('',#1280,#1281);
#1280 = CARTESIAN_POINT('',(2.5,-16.,11.3));
#1281 = VECTOR('',#1282,1.);
#1282 = DIRECTION('',(-1.,0.,0.));
#1283 = PCURVE('',#1259,#1284);
#1284 = DEFINITIONAL_REPRESENTATION('',(#1285),#1289);
#1285 = LINE('',#1286,#1287);
#1286 = CARTESIAN_POINT('',(0.,-0.));
#1287 = VECTOR('',#1288,1.);
#1288 = DIRECTION('',(0.,1.));
#1289 = ( GEOMETRIC_REPRESENTATION_CONTEXT(2)
PARAMETRIC_REPRESENTATION_CONTEXT() REPRESENTATION_CONTEXT('2D SPACE',''
  ) );
#1290 = PCURVE('',#1259,#1291);
#1291 = DEFINITIONAL_REPRESENTATION('',(#1292),#1296);
#1292 = LINE('',#1293,#1294);
#1293 = CARTESIAN_POINT('',(6.28318530718,-0.));
#1294 = VECTOR('',#1295,1.);
#1295 = DIRECTION('',(0.,1.));
#1296 = ( GEOMETRIC_REPRESENTATION_CONTEXT(2)
PARAMETRIC_REPRESENTATION_CONTEXT() REPRESENTATION_CONTEXT('2D SPACE',''
  ) );
#1297 = ORIENTED_EDGE('',*,*,#1298,.T.);
#1298 = EDGE_CURVE('',#1276,#1276,#1299,.T.);
#1299 = SURFACE_CURVE('',#1300,(#1305,#1312),.PCURVE_S1.);
#1300 = CIRCLE('',#1301,1.7);
#1301 = AXIS2_PLACEMENT_3D('',#1302,#1303,#1304);
#1302 = CARTESIAN_POINT('',(1.5,-16.,13.));
#1303 = DIRECTION('',(-1.,0.,0.));
#1304 = DIRECTION('',(0.,0.,-1.));
#1305 = PCURVE('',#1259,#1306);
#1306 = DEFINITIONAL_REPRESENTATION('',(#1307),#1311);
#1307 = LINE('',#1308,#1309);
#1308 = CARTESIAN_POINT('',(0.,1.));
#1309 = VECTOR('',#1310,1.);
#1310 = DIRECTION('',(1.,0.));
#1311 = ( GEOMETRIC_REPRESENTATION_CONTEXT(2)
PARAMETRIC_REPRESENTATION_CONTEXT() REPRESENTATION_CONTEXT('2D SPACE',''
  ) );
#1312 = PCURVE('',#45,#1313);
#1313 = DEFINITIONAL_REPRESENTATION('',(#1314),#1318);
#1314 = CIRCLE('',#1315,1.7);
#1315 = AXIS2_PLACEMENT_2D('',#1316,#1317);
#1316 = CARTESIAN_POINT('',(-26.,32.));
#1317 = DIRECTION('',(1.,0.));
#1318 = ( GEOMETRIC_REPRESENTATION_CONTEXT(2)
PARAMETRIC_REPRESENTATION_CONTEXT() REPRESENTATION_CONTEXT('2D SPACE',''
  ) );
#1319 = ORIENTED_EDGE('',*,*,#1275,.T.);
#1320 = ADVANCED_FACE('',(#1321),#1224,.F.);
#1321 = FACE_BOUND('',#1322,.F.);
#1322 = EDGE_LOOP('',(#1323,#1324,#1347,#1369));
#1323 = ORIENTED_EDGE('',*,*,#1203,.T.);
#1324 = ORIENTED_EDGE('',*,*,#1325,.F.);
#1325 = EDGE_CURVE('',#1326,#1204,#1328,.T.);
#1326 = VERTEX_POINT('',#1327);
#1327 = CARTESIAN_POINT('',(1.5,7.495223329301E-15,-2.8));
#1328 = SEAM_CURVE('',#1329,(#1333,#1340),.PCURVE_S1.);
#1329 = LINE('',#1330,#1331);
#1330 = CARTESIAN_POINT('',(2.5,7.495223329301E-15,-2.8));
#1331 = VECTOR('',#1332,1.);
#1332 = DIRECTION('',(-1.,0.,0.));
#1333 = PCURVE('',#1224,#1334);
#1334 = DEFINITIONAL_REPRESENTATION('',(#1335),#1339);
#1335 = LINE('',#1336,#1337);
#1336 = CARTESIAN_POINT('',(0.,-0.));
#1337 = VECTOR('',#1338,1.);
#1338 = DIRECTION('',(0.,1.));
#1339 = ( GEOMETRIC_REPRESENTATION_CONTEXT(2)
PARAMETRIC_REPRESENTATION_CONTEXT() REPRESENTATION_CONTEXT('2D SPACE',''
  ) );
#1340 = PCURVE('',#1224,#1341);
#1341 = DEFINITIONAL_REPRESENTATION('',(#1342),#1346);
#1342 = LINE('',#1343,#1344);
#1343 = CARTESIAN_POINT('',(6.28318530718,-0.));
#1344 = VECTOR('',#1345,1.);
#1345 = DIRECTION('',(0.,1.));
#1346 = ( GEOMETRIC_REPRESENTATION_CONTEXT(2)
PARAMETRIC_REPRESENTATION_CONTEXT() REPRESENTATION_CONTEXT('2D SPACE',''
  ) );
#1347 = ORIENTED_EDGE('',*,*,#1348,.T.);
#1348 = EDGE_CURVE('',#1326,#1326,#1349,.T.);
#1349 = SURFACE_CURVE('',#1350,(#1355,#1362),.PCURVE_S1.);
#1350 = CIRCLE('',#1351,2.8);
#1351 = AXIS2_PLACEMENT_3D('',#1352,#1353,#1354);
#1352 = CARTESIAN_POINT('',(1.5,6.809421121779E-15,-5.684341886081E-14)
  );
#1353 = DIRECTION('',(-1.,0.,0.));
#1354 = DIRECTION('',(0.,0.,-1.));
#1355 = PCURVE('',#1224,#1356);
#1356 = DEFINITIONAL_REPRESENTATION('',(#1357),#1361);
#1357 = LINE('',#1358,#1359);
#1358 = CARTESIAN_POINT('',(0.,1.));
#1359 = VECTOR('',#1360,1.);
#1360 = DIRECTION('',(1.,0.));
#1361 = ( GEOMETRIC_REPRESENTATION_CONTEXT(2)
PARAMETRIC_REPRESENTATION_CONTEXT() REPRESENTATION_CONTEXT('2D SPACE',''
  ) );
#1362 = PCURVE('',#45,#1363);
#1363 = DEFINITIONAL_REPRESENTATION('',(#1364),#1368);
#1364 = CIRCLE('',#1365,2.8);
#1365 = AXIS2_PLACEMENT_2D('',#1366,#1367);
#1366 = CARTESIAN_POINT('',(-13.,16.));
#1367 = DIRECTION('',(1.,0.));
#1368 = ( GEOMETRIC_REPRESENTATION_CONTEXT(2)
PARAMETRIC_REPRESENTATION_CONTEXT() REPRESENTATION_CONTEXT('2D SPACE',''
  ) );
#1369 = ORIENTED_EDGE('',*,*,#1325,.T.);
#1370 = ADVANCED_FACE('',(#1371),#1189,.T.);
#1371 = FACE_BOUND('',#1372,.T.);
#1372 = EDGE_LOOP('',(#1373,#1374,#1397,#1421));
#1373 = ORIENTED_EDGE('',*,*,#1174,.F.);
#1374 = ORIENTED_EDGE('',*,*,#1375,.F.);
#1375 = EDGE_CURVE('',#1376,#1147,#1378,.T.);
#1376 = VERTEX_POINT('',#1377);
#1377 = CARTESIAN_POINT('',(1.5,-1.837827990417,4.649987986827));
#1378 = SURFACE_CURVE('',#1379,(#1383,#1390),.PCURVE_S1.);
#1379 = LINE('',#1380,#1381);
#1380 = CARTESIAN_POINT('',(1.5,-1.837827990417,4.649987986827));
#1381 = VECTOR('',#1382,1.);
#1382 = DIRECTION('',(-1.,0.,0.));
#1383 = PCURVE('',#1189,#1384);
#1384 = DEFINITIONAL_REPRESENTATION('',(#1385),#1389);
#1385 = LINE('',#1386,#1387);
#1386 = CARTESIAN_POINT('',(2.765202634604,0.));
#1387 = VECTOR('',#1388,1.);
#1388 = DIRECTION('',(0.,1.));
#1389 = ( GEOMETRIC_REPRESENTATION_CONTEXT(2)
PARAMETRIC_REPRESENTATION_CONTEXT() REPRESENTATION_CONTEXT('2D SPACE',''
  ) );
#1390 = PCURVE('',#1162,#1391);
#1391 = DEFINITIONAL_REPRESENTATION('',(#1392),#1396);
#1392 = LINE('',#1393,#1394);
#1393 = CARTESIAN_POINT('',(4.35861216444,1.5));
#1394 = VECTOR('',#1395,1.);
#1395 = DIRECTION('',(0.,-1.));
#1396 = ( GEOMETRIC_REPRESENTATION_CONTEXT(2)
PARAMETRIC_REPRESENTATION_CONTEXT() REPRESENTATION_CONTEXT('2D SPACE',''
  ) );
#1397 = ORIENTED_EDGE('',*,*,#1398,.T.);
#1398 = EDGE_CURVE('',#1376,#1399,#1401,.T.);
#1399 = VERTEX_POINT('',#1400);
#1400 = CARTESIAN_POINT('',(1.5,1.837827990417,4.649987986827));
#1401 = SURFACE_CURVE('',#1402,(#1407,#1414),.PCURVE_S1.);
#1402 = CIRCLE('',#1403,5.);
#1403 = AXIS2_PLACEMENT_3D('',#1404,#1405,#1406);
#1404 = CARTESIAN_POINT('',(1.5,6.809421121779E-15,-5.684341886081E-14)
  );
#1405 = DIRECTION('',(-1.,0.,0.));
#1406 = DIRECTION('',(0.,0.,-1.));
#1407 = PCURVE('',#1189,#1408);
#1408 = DEFINITIONAL_REPRESENTATION('',(#1409),#1413);
#1409 = LINE('',#1410,#1411);
#1410 = CARTESIAN_POINT('',(0.,0.));
#1411 = VECTOR('',#1412,1.);
#1412 = DIRECTION('',(1.,0.));
#1413 = ( GEOMETRIC_REPRESENTATION_CONTEXT(2)
PARAMETRIC_REPRESENTATION_CONTEXT() REPRESENTATION_CONTEXT('2D SPACE',''
  ) );
#1414 = PCURVE('',#45,#1415);
#1415 = DEFINITIONAL_REPRESENTATION('',(#1416),#1420);
#1416 = CIRCLE('',#1417,5.);
#1417 = AXIS2_PLACEMENT_2D('',#1418,#1419);
#1418 = CARTESIAN_POINT('',(-13.,16.));
#1419 = DIRECTION('',(1.,0.));
#1420 = ( GEOMETRIC_REPRESENTATION_CONTEXT(2)
PARAMETRIC_REPRESENTATION_CONTEXT() REPRESENTATION_CONTEXT('2D SPACE',''
  ) );
#1421 = ORIENTED_EDGE('',*,*,#1422,.T.);
#1422 = EDGE_CURVE('',#1399,#1091,#1423,.T.);
#1423 = SURFACE_CURVE('',#1424,(#1428,#1435),.PCURVE_S1.);
#1424 = LINE('',#1425,#1426);
#1425 = CARTESIAN_POINT('',(1.5,1.837827990417,4.649987986827));
#1426 = VECTOR('',#1427,1.);
#1427 = DIRECTION('',(-1.,0.,0.));
#1428 = PCURVE('',#1189,#1429);
#1429 = DEFINITIONAL_REPRESENTATION('',(#1430),#1434);
#1430 = LINE('',#1431,#1432);
#1431 = CARTESIAN_POINT('',(3.517982672576,0.));
#1432 = VECTOR('',#1433,1.);
#1433 = DIRECTION('',(0.,1.));
#1434 = ( GEOMETRIC_REPRESENTATION_CONTEXT(2)
PARAMETRIC_REPRESENTATION_CONTEXT() REPRESENTATION_CONTEXT('2D SPACE',''
  ) );
#1435 = PCURVE('',#1106,#1436);
#1436 = DEFINITIONAL_REPRESENTATION('',(#1437),#1441);
#1437 = LINE('',#1438,#1439);
#1438 = CARTESIAN_POINT('',(16.256915963649,1.5));
#1439 = VECTOR('',#1440,1.);
#1440 = DIRECTION('',(-0.,-1.));
#1441 = ( GEOMETRIC_REPRESENTATION_CONTEXT(2)
PARAMETRIC_REPRESENTATION_CONTEXT() REPRESENTATION_CONTEXT('2D SPACE',''
  ) );
#1442 = ADVANCED_FACE('',(#1443),#1162,.T.);
#1443 = FACE_BOUND('',#1444,.T.);
#1444 = EDGE_LOOP('',(#1445,#1468,#1469,#1470));
#1445 = ORIENTED_EDGE('',*,*,#1446,.F.);
#1446 = EDGE_CURVE('',#1376,#1447,#1449,.T.);
#1447 = VERTEX_POINT('',#1448);
#1448 = CARTESIAN_POINT('',(1.5,-9.099381237399,10.55));
#1449 = SURFACE_CURVE('',#1450,(#1454,#1461),.PCURVE_S1.);
#1450 = LINE('',#1451,#1452);
#1451 = CARTESIAN_POINT('',(1.5,1.544951931481,1.901479300285));
#1452 = VECTOR('',#1453,1.);
#1453 = DIRECTION('',(0.,-0.776114000116,0.630592625094));
#1454 = PCURVE('',#1162,#1455);
#1455 = DEFINITIONAL_REPRESENTATION('',(#1456),#1460);
#1456 = LINE('',#1457,#1458);
#1457 = CARTESIAN_POINT('',(0.,1.5));
#1458 = VECTOR('',#1459,1.);
#1459 = DIRECTION('',(1.,0.));
#1460 = ( GEOMETRIC_REPRESENTATION_CONTEXT(2)
PARAMETRIC_REPRESENTATION_CONTEXT() REPRESENTATION_CONTEXT('2D SPACE',''
  ) );
#1461 = PCURVE('',#45,#1462);
#1462 = DEFINITIONAL_REPRESENTATION('',(#1463),#1467);
#1463 = LINE('',#1464,#1465);
#1464 = CARTESIAN_POINT('',(-14.90147930028,14.455048068519));
#1465 = VECTOR('',#1466,1.);
#1466 = DIRECTION('',(-0.630592625094,0.776114000116));
#1467 = ( GEOMETRIC_REPRESENTATION_CONTEXT(2)
PARAMETRIC_REPRESENTATION_CONTEXT() REPRESENTATION_CONTEXT('2D SPACE',''
  ) );
#1468 = ORIENTED_EDGE('',*,*,#1375,.T.);
#1469 = ORIENTED_EDGE('',*,*,#1146,.T.);
#1470 = ORIENTED_EDGE('',*,*,#1471,.F.);
#1471 = EDGE_CURVE('',#1447,#1119,#1472,.T.);
#1472 = SURFACE_CURVE('',#1473,(#1477,#1484),.PCURVE_S1.);
#1473 = LINE('',#1474,#1475);
#1474 = CARTESIAN_POINT('',(2.84217094304E-14,-9.099381237399,10.55));
#1475 = VECTOR('',#1476,1.);
#1476 = DIRECTION('',(-1.,0.,0.));
#1477 = PCURVE('',#1162,#1478);
#1478 = DEFINITIONAL_REPRESENTATION('',(#1479),#1483);
#1479 = LINE('',#1480,#1481);
#1480 = CARTESIAN_POINT('',(13.714909365487,0.));
#1481 = VECTOR('',#1482,1.);
#1482 = DIRECTION('',(0.,-1.));
#1483 = ( GEOMETRIC_REPRESENTATION_CONTEXT(2)
PARAMETRIC_REPRESENTATION_CONTEXT() REPRESENTATION_CONTEXT('2D SPACE',''
  ) );
#1484 = PCURVE('',#1134,#1485);
#1485 = DEFINITIONAL_REPRESENTATION('',(#1486),#1490);
#1486 = LINE('',#1487,#1488);
#1487 = CARTESIAN_POINT('',(6.900618762601,0.));
#1488 = VECTOR('',#1489,1.);
#1489 = DIRECTION('',(0.,-1.));
#1490 = ( GEOMETRIC_REPRESENTATION_CONTEXT(2)
PARAMETRIC_REPRESENTATION_CONTEXT() REPRESENTATION_CONTEXT('2D SPACE',''
  ) );
#1491 = ADVANCED_FACE('',(#1492),#1134,.T.);
#1492 = FACE_BOUND('',#1493,.T.);
#1493 = EDGE_LOOP('',(#1494,#1495,#1496,#1519));
#1494 = ORIENTED_EDGE('',*,*,#1471,.T.);
#1495 = ORIENTED_EDGE('',*,*,#1118,.T.);
#1496 = ORIENTED_EDGE('',*,*,#1497,.T.);
#1497 = EDGE_CURVE('',#1089,#1498,#1500,.T.);
#1498 = VERTEX_POINT('',#1499);
#1499 = CARTESIAN_POINT('',(1.5,9.099381237399,10.55));
#1500 = SURFACE_CURVE('',#1501,(#1505,#1512),.PCURVE_S1.);
#1501 = LINE('',#1502,#1503);
#1502 = CARTESIAN_POINT('',(2.84217094304E-14,9.099381237399,10.55));
#1503 = VECTOR('',#1504,1.);
#1504 = DIRECTION('',(1.,0.,0.));
#1505 = PCURVE('',#1134,#1506);
#1506 = DEFINITIONAL_REPRESENTATION('',(#1507),#1511);
#1507 = LINE('',#1508,#1509);
#1508 = CARTESIAN_POINT('',(25.099381237399,0.));
#1509 = VECTOR('',#1510,1.);
#1510 = DIRECTION('',(0.,1.));
#1511 = ( GEOMETRIC_REPRESENTATION_CONTEXT(2)
PARAMETRIC_REPRESENTATION_CONTEXT() REPRESENTATION_CONTEXT('2D SPACE',''
  ) );
#1512 = PCURVE('',#1106,#1513);
#1513 = DEFINITIONAL_REPRESENTATION('',(#1514),#1518);
#1514 = LINE('',#1515,#1516);
#1515 = CARTESIAN_POINT('',(6.900618762601,0.));
#1516 = VECTOR('',#1517,1.);
#1517 = DIRECTION('',(0.,1.));
#1518 = ( GEOMETRIC_REPRESENTATION_CONTEXT(2)
PARAMETRIC_REPRESENTATION_CONTEXT() REPRESENTATION_CONTEXT('2D SPACE',''
  ) );
#1519 = ORIENTED_EDGE('',*,*,#1520,.F.);
#1520 = EDGE_CURVE('',#1447,#1498,#1521,.T.);
#1521 = SURFACE_CURVE('',#1522,(#1526,#1533),.PCURVE_S1.);
#1522 = LINE('',#1523,#1524);
#1523 = CARTESIAN_POINT('',(1.5,-16.,10.55));
#1524 = VECTOR('',#1525,1.);
#1525 = DIRECTION('',(0.,1.,0.));
#1526 = PCURVE('',#1134,#1527);
#1527 = DEFINITIONAL_REPRESENTATION('',(#1528),#1532);
#1528 = LINE('',#1529,#1530);
#1529 = CARTESIAN_POINT('',(0.,1.5));
#1530 = VECTOR('',#1531,1.);
#1531 = DIRECTION('',(1.,0.));
#1532 = ( GEOMETRIC_REPRESENTATION_CONTEXT(2)
PARAMETRIC_REPRESENTATION_CONTEXT() REPRESENTATION_CONTEXT('2D SPACE',''
  ) );
#1533 = PCURVE('',#45,#1534);
#1534 = DEFINITIONAL_REPRESENTATION('',(#1535),#1539);
#1535 = LINE('',#1536,#1537);
#1536 = CARTESIAN_POINT('',(-23.55,32.));
#1537 = VECTOR('',#1538,1.);
#1538 = DIRECTION('',(0.,-1.));
#1539 = ( GEOMETRIC_REPRESENTATION_CONTEXT(2)
PARAMETRIC_REPRESENTATION_CONTEXT() REPRESENTATION_CONTEXT('2D SPACE',''
  ) );
#1540 = ADVANCED_FACE('',(#1541),#1106,.T.);
#1541 = FACE_BOUND('',#1542,.T.);
#1542 = EDGE_LOOP('',(#1543,#1564,#1565,#1566));
#1543 = ORIENTED_EDGE('',*,*,#1544,.F.);
#1544 = EDGE_CURVE('',#1498,#1399,#1545,.T.);
#1545 = SURFACE_CURVE('',#1546,(#1550,#1557),.PCURVE_S1.);
#1546 = LINE('',#1547,#1548);
#1547 = CARTESIAN_POINT('',(1.5,14.455048068519,14.901479300285));
#1548 = VECTOR('',#1549,1.);
#1549 = DIRECTION('',(0.,-0.776114000116,-0.630592625094));
#1550 = PCURVE('',#1106,#1551);
#1551 = DEFINITIONAL_REPRESENTATION('',(#1552),#1556);
#1552 = LINE('',#1553,#1554);
#1553 = CARTESIAN_POINT('',(0.,1.5));
#1554 = VECTOR('',#1555,1.);
#1555 = DIRECTION('',(1.,0.));
#1556 = ( GEOMETRIC_REPRESENTATION_CONTEXT(2)
PARAMETRIC_REPRESENTATION_CONTEXT() REPRESENTATION_CONTEXT('2D SPACE',''
  ) );
#1557 = PCURVE('',#45,#1558);
#1558 = DEFINITIONAL_REPRESENTATION('',(#1559),#1563);
#1559 = LINE('',#1560,#1561);
#1560 = CARTESIAN_POINT('',(-27.90147930028,1.544951931481));
#1561 = VECTOR('',#1562,1.);
#1562 = DIRECTION('',(0.630592625094,0.776114000116));
#1563 = ( GEOMETRIC_REPRESENTATION_CONTEXT(2)
PARAMETRIC_REPRESENTATION_CONTEXT() REPRESENTATION_CONTEXT('2D SPACE',''
  ) );
#1564 = ORIENTED_EDGE('',*,*,#1497,.F.);
#1565 = ORIENTED_EDGE('',*,*,#1088,.T.);
#1566 = ORIENTED_EDGE('',*,*,#1422,.F.);
#1567 = ADVANCED_FACE('',(#1568),#1074,.T.);
#1568 = FACE_BOUND('',#1569,.T.);
#1569 = EDGE_LOOP('',(#1570,#1593,#1594,#1617));
#1570 = ORIENTED_EDGE('',*,*,#1571,.T.);
#1571 = EDGE_CURVE('',#1572,#976,#1574,.T.);
#1572 = VERTEX_POINT('',#1573);
#1573 = CARTESIAN_POINT('',(1.5,-13.55,-7.852622255387));
#1574 = SURFACE_CURVE('',#1575,(#1579,#1586),.PCURVE_S1.);
#1575 = LINE('',#1576,#1577);
#1576 = CARTESIAN_POINT('',(2.84217094304E-14,-13.55,-7.852622255387));
#1577 = VECTOR('',#1578,1.);
#1578 = DIRECTION('',(-1.,0.,0.));
#1579 = PCURVE('',#1074,#1580);
#1580 = DEFINITIONAL_REPRESENTATION('',(#1581),#1585);
#1581 = LINE('',#1582,#1583);
#1582 = CARTESIAN_POINT('',(5.147377744614,0.));
#1583 = VECTOR('',#1584,1.);
#1584 = DIRECTION('',(0.,-1.));
#1585 = ( GEOMETRIC_REPRESENTATION_CONTEXT(2)
PARAMETRIC_REPRESENTATION_CONTEXT() REPRESENTATION_CONTEXT('2D SPACE',''
  ) );
#1586 = PCURVE('',#991,#1587);
#1587 = DEFINITIONAL_REPRESENTATION('',(#1588),#1592);
#1588 = LINE('',#1589,#1590);
#1589 = CARTESIAN_POINT('',(15.468150383475,0.));
#1590 = VECTOR('',#1591,1.);
#1591 = DIRECTION('',(-0.,-1.));
#1592 = ( GEOMETRIC_REPRESENTATION_CONTEXT(2)
PARAMETRIC_REPRESENTATION_CONTEXT() REPRESENTATION_CONTEXT('2D SPACE',''
  ) );
#1593 = ORIENTED_EDGE('',*,*,#1060,.T.);
#1594 = ORIENTED_EDGE('',*,*,#1595,.T.);
#1595 = EDGE_CURVE('',#1033,#1596,#1598,.T.);
#1596 = VERTEX_POINT('',#1597);
#1597 = CARTESIAN_POINT('',(1.5,-13.55,7.852622255386));
#1598 = SURFACE_CURVE('',#1599,(#1603,#1610),.PCURVE_S1.);
#1599 = LINE('',#1600,#1601);
#1600 = CARTESIAN_POINT('',(2.84217094304E-14,-13.55,7.852622255386));
#1601 = VECTOR('',#1602,1.);
#1602 = DIRECTION('',(1.,-0.,0.));
#1603 = PCURVE('',#1074,#1604);
#1604 = DEFINITIONAL_REPRESENTATION('',(#1605),#1609);
#1605 = LINE('',#1606,#1607);
#1606 = CARTESIAN_POINT('',(20.852622255387,0.));
#1607 = VECTOR('',#1608,1.);
#1608 = DIRECTION('',(0.,1.));
#1609 = ( GEOMETRIC_REPRESENTATION_CONTEXT(2)
PARAMETRIC_REPRESENTATION_CONTEXT() REPRESENTATION_CONTEXT('2D SPACE',''
  ) );
#1610 = PCURVE('',#1048,#1611);
#1611 = DEFINITIONAL_REPRESENTATION('',(#1612),#1616);
#1612 = LINE('',#1613,#1614);
#1613 = CARTESIAN_POINT('',(5.147377744614,0.));
#1614 = VECTOR('',#1615,1.);
#1615 = DIRECTION('',(0.,1.));
#1616 = ( GEOMETRIC_REPRESENTATION_CONTEXT(2)
PARAMETRIC_REPRESENTATION_CONTEXT() REPRESENTATION_CONTEXT('2D SPACE',''
  ) );
#1617 = ORIENTED_EDGE('',*,*,#1618,.F.);
#1618 = EDGE_CURVE('',#1572,#1596,#1619,.T.);
#1619 = SURFACE_CURVE('',#1620,(#1624,#1631),.PCURVE_S1.);
#1620 = LINE('',#1621,#1622);
#1621 = CARTESIAN_POINT('',(1.5,-13.55,-13.));
#1622 = VECTOR('',#1623,1.);
#1623 = DIRECTION('',(0.,0.,1.));
#1624 = PCURVE('',#1074,#1625);
#1625 = DEFINITIONAL_REPRESENTATION('',(#1626),#1630);
#1626 = LINE('',#1627,#1628);
#1627 = CARTESIAN_POINT('',(0.,1.5));
#1628 = VECTOR('',#1629,1.);
#1629 = DIRECTION('',(1.,0.));
#1630 = ( GEOMETRIC_REPRESENTATION_CONTEXT(2)
PARAMETRIC_REPRESENTATION_CONTEXT() REPRESENTATION_CONTEXT('2D SPACE',''
  ) );
#1631 = PCURVE('',#45,#1632);
#1632 = DEFINITIONAL_REPRESENTATION('',(#1633),#1637);
#1633 = LINE('',#1634,#1635);
#1634 = CARTESIAN_POINT('',(0.,29.55));
#1635 = VECTOR('',#1636,1.);
#1636 = DIRECTION('',(-1.,-0.));
#1637 = ( GEOMETRIC_REPRESENTATION_CONTEXT(2)
PARAMETRIC_REPRESENTATION_CONTEXT() REPRESENTATION_CONTEXT('2D SPACE',''
  ) );
#1638 = ADVANCED_FACE('',(#1639),#1048,.T.);
#1639 = FACE_BOUND('',#1640,.T.);
#1640 = EDGE_LOOP('',(#1641,#1664,#1665,#1666));
#1641 = ORIENTED_EDGE('',*,*,#1642,.F.);
#1642 = EDGE_CURVE('',#1596,#1643,#1645,.T.);
#1643 = VERTEX_POINT('',#1644);
#1644 = CARTESIAN_POINT('',(1.5,-4.92773185338,0.847029386258));
#1645 = SURFACE_CURVE('',#1646,(#1650,#1657),.PCURVE_S1.);
#1646 = LINE('',#1647,#1648);
#1647 = CARTESIAN_POINT('',(1.5,-17.54495193148,11.098520699715));
#1648 = VECTOR('',#1649,1.);
#1649 = DIRECTION('',(0.,0.776114000116,-0.630592625094));
#1650 = PCURVE('',#1048,#1651);
#1651 = DEFINITIONAL_REPRESENTATION('',(#1652),#1656);
#1652 = LINE('',#1653,#1654);
#1653 = CARTESIAN_POINT('',(0.,1.5));
#1654 = VECTOR('',#1655,1.);
#1655 = DIRECTION('',(1.,0.));
#1656 = ( GEOMETRIC_REPRESENTATION_CONTEXT(2)
PARAMETRIC_REPRESENTATION_CONTEXT() REPRESENTATION_CONTEXT('2D SPACE',''
  ) );
#1657 = PCURVE('',#45,#1658);
#1658 = DEFINITIONAL_REPRESENTATION('',(#1659),#1663);
#1659 = LINE('',#1660,#1661);
#1660 = CARTESIAN_POINT('',(-24.09852069971,33.544951931481));
#1661 = VECTOR('',#1662,1.);
#1662 = DIRECTION('',(0.630592625094,-0.776114000116));
#1663 = ( GEOMETRIC_REPRESENTATION_CONTEXT(2)
PARAMETRIC_REPRESENTATION_CONTEXT() REPRESENTATION_CONTEXT('2D SPACE',''
  ) );
#1664 = ORIENTED_EDGE('',*,*,#1595,.F.);
#1665 = ORIENTED_EDGE('',*,*,#1032,.T.);
#1666 = ORIENTED_EDGE('',*,*,#1667,.F.);
#1667 = EDGE_CURVE('',#1643,#1004,#1668,.T.);
#1668 = SURFACE_CURVE('',#1669,(#1673,#1680),.PCURVE_S1.);
#1669 = LINE('',#1670,#1671);
#1670 = CARTESIAN_POINT('',(1.5,-4.92773185338,0.847029386258));
#1671 = VECTOR('',#1672,1.);
#1672 = DIRECTION('',(-1.,0.,0.));
#1673 = PCURVE('',#1048,#1674);
#1674 = DEFINITIONAL_REPRESENTATION('',(#1675),#1679);
#1675 = LINE('',#1676,#1677);
#1676 = CARTESIAN_POINT('',(16.256915963649,1.5));
#1677 = VECTOR('',#1678,1.);
#1678 = DIRECTION('',(0.,-1.));
#1679 = ( GEOMETRIC_REPRESENTATION_CONTEXT(2)
PARAMETRIC_REPRESENTATION_CONTEXT() REPRESENTATION_CONTEXT('2D SPACE',''
  ) );
#1680 = PCURVE('',#1020,#1681);
#1681 = DEFINITIONAL_REPRESENTATION('',(#1682),#1686);
#1682 = LINE('',#1683,#1684);
#1683 = CARTESIAN_POINT('',(1.741023128736,0.));
#1684 = VECTOR('',#1685,1.);
#1685 = DIRECTION('',(0.,1.));
#1686 = ( GEOMETRIC_REPRESENTATION_CONTEXT(2)
PARAMETRIC_REPRESENTATION_CONTEXT() REPRESENTATION_CONTEXT('2D SPACE',''
  ) );
#1687 = ADVANCED_FACE('',(#1688),#1020,.T.);
#1688 = FACE_BOUND('',#1689,.T.);
#1689 = EDGE_LOOP('',(#1690,#1691,#1714,#1736));
#1690 = ORIENTED_EDGE('',*,*,#1003,.F.);
#1691 = ORIENTED_EDGE('',*,*,#1692,.F.);
#1692 = EDGE_CURVE('',#1693,#974,#1695,.T.);
#1693 = VERTEX_POINT('',#1694);
#1694 = CARTESIAN_POINT('',(1.5,-4.92773185338,-0.847029386258));
#1695 = SURFACE_CURVE('',#1696,(#1700,#1707),.PCURVE_S1.);
#1696 = LINE('',#1697,#1698);
#1697 = CARTESIAN_POINT('',(1.5,-4.92773185338,-0.847029386258));
#1698 = VECTOR('',#1699,1.);
#1699 = DIRECTION('',(-1.,0.,0.));
#1700 = PCURVE('',#1020,#1701);
#1701 = DEFINITIONAL_REPRESENTATION('',(#1702),#1706);
#1702 = LINE('',#1703,#1704);
#1703 = CARTESIAN_POINT('',(1.400569524854,0.));
#1704 = VECTOR('',#1705,1.);
#1705 = DIRECTION('',(0.,1.));
#1706 = ( GEOMETRIC_REPRESENTATION_CONTEXT(2)
PARAMETRIC_REPRESENTATION_CONTEXT() REPRESENTATION_CONTEXT('2D SPACE',''
  ) );
#1707 = PCURVE('',#991,#1708);
#1708 = DEFINITIONAL_REPRESENTATION('',(#1709),#1713);
#1709 = LINE('',#1710,#1711);
#1710 = CARTESIAN_POINT('',(4.35861216444,1.5));
#1711 = VECTOR('',#1712,1.);
#1712 = DIRECTION('',(-0.,-1.));
#1713 = ( GEOMETRIC_REPRESENTATION_CONTEXT(2)
PARAMETRIC_REPRESENTATION_CONTEXT() REPRESENTATION_CONTEXT('2D SPACE',''
  ) );
#1714 = ORIENTED_EDGE('',*,*,#1715,.T.);
#1715 = EDGE_CURVE('',#1693,#1643,#1716,.T.);
#1716 = SURFACE_CURVE('',#1717,(#1722,#1729),.PCURVE_S1.);
#1717 = CIRCLE('',#1718,5.);
#1718 = AXIS2_PLACEMENT_3D('',#1719,#1720,#1721);
#1719 = CARTESIAN_POINT('',(1.5,6.809421121779E-15,-5.684341886081E-14)
  );
#1720 = DIRECTION('',(-1.,0.,0.));
#1721 = DIRECTION('',(0.,0.,-1.));
#1722 = PCURVE('',#1020,#1723);
#1723 = DEFINITIONAL_REPRESENTATION('',(#1724),#1728);
#1724 = LINE('',#1725,#1726);
#1725 = CARTESIAN_POINT('',(0.,0.));
#1726 = VECTOR('',#1727,1.);
#1727 = DIRECTION('',(1.,0.));
#1728 = ( GEOMETRIC_REPRESENTATION_CONTEXT(2)
PARAMETRIC_REPRESENTATION_CONTEXT() REPRESENTATION_CONTEXT('2D SPACE',''
  ) );
#1729 = PCURVE('',#45,#1730);
#1730 = DEFINITIONAL_REPRESENTATION('',(#1731),#1735);
#1731 = CIRCLE('',#1732,5.);
#1732 = AXIS2_PLACEMENT_2D('',#1733,#1734);
#1733 = CARTESIAN_POINT('',(-13.,16.));
#1734 = DIRECTION('',(1.,0.));
#1735 = ( GEOMETRIC_REPRESENTATION_CONTEXT(2)
PARAMETRIC_REPRESENTATION_CONTEXT() REPRESENTATION_CONTEXT('2D SPACE',''
  ) );
#1736 = ORIENTED_EDGE('',*,*,#1667,.T.);
#1737 = ADVANCED_FACE('',(#1738),#991,.T.);
#1738 = FACE_BOUND('',#1739,.T.);
#1739 = EDGE_LOOP('',(#1740,#1761,#1762,#1763));
#1740 = ORIENTED_EDGE('',*,*,#1741,.F.);
#1741 = EDGE_CURVE('',#1693,#1572,#1742,.T.);
#1742 = SURFACE_CURVE('',#1743,(#1747,#1754),.PCURVE_S1.);
#1743 = LINE('',#1744,#1745);
#1744 = CARTESIAN_POINT('',(1.5,-1.544951931481,1.901479300285));
#1745 = VECTOR('',#1746,1.);
#1746 = DIRECTION('',(0.,-0.776114000116,-0.630592625094));
#1747 = PCURVE('',#991,#1748);
#1748 = DEFINITIONAL_REPRESENTATION('',(#1749),#1753);
#1749 = LINE('',#1750,#1751);
#1750 = CARTESIAN_POINT('',(0.,1.5));
#1751 = VECTOR('',#1752,1.);
#1752 = DIRECTION('',(1.,0.));
#1753 = ( GEOMETRIC_REPRESENTATION_CONTEXT(2)
PARAMETRIC_REPRESENTATION_CONTEXT() REPRESENTATION_CONTEXT('2D SPACE',''
  ) );
#1754 = PCURVE('',#45,#1755);
#1755 = DEFINITIONAL_REPRESENTATION('',(#1756),#1760);
#1756 = LINE('',#1757,#1758);
#1757 = CARTESIAN_POINT('',(-14.90147930028,17.544951931481));
#1758 = VECTOR('',#1759,1.);
#1759 = DIRECTION('',(0.630592625094,0.776114000116));
#1760 = ( GEOMETRIC_REPRESENTATION_CONTEXT(2)
PARAMETRIC_REPRESENTATION_CONTEXT() REPRESENTATION_CONTEXT('2D SPACE',''
  ) );
#1761 = ORIENTED_EDGE('',*,*,#1692,.T.);
#1762 = ORIENTED_EDGE('',*,*,#973,.T.);
#1763 = ORIENTED_EDGE('',*,*,#1571,.F.);
#1764 = ADVANCED_FACE('',(#1765),#959,.F.);
#1765 = FACE_BOUND('',#1766,.F.);
#1766 = EDGE_LOOP('',(#1767,#1768,#1791,#1813));
#1767 = ORIENTED_EDGE('',*,*,#938,.T.);
#1768 = ORIENTED_EDGE('',*,*,#1769,.F.);
#1769 = EDGE_CURVE('',#1770,#939,#1772,.T.);
#1770 = VERTEX_POINT('',#1771);
#1771 = CARTESIAN_POINT('',(1.5,16.,11.3));
#1772 = SEAM_CURVE('',#1773,(#1777,#1784),.PCURVE_S1.);
#1773 = LINE('',#1774,#1775);
#1774 = CARTESIAN_POINT('',(2.5,16.,11.3));
#1775 = VECTOR('',#1776,1.);
#1776 = DIRECTION('',(-1.,0.,0.));
#1777 = PCURVE('',#959,#1778);
#1778 = DEFINITIONAL_REPRESENTATION('',(#1779),#1783);
#1779 = LINE('',#1780,#1781);
#1780 = CARTESIAN_POINT('',(0.,-0.));
#1781 = VECTOR('',#1782,1.);
#1782 = DIRECTION('',(0.,1.));
#1783 = ( GEOMETRIC_REPRESENTATION_CONTEXT(2)
PARAMETRIC_REPRESENTATION_CONTEXT() REPRESENTATION_CONTEXT('2D SPACE',''
  ) );
#1784 = PCURVE('',#959,#1785);
#1785 = DEFINITIONAL_REPRESENTATION('',(#1786),#1790);
#1786 = LINE('',#1787,#1788);
#1787 = CARTESIAN_POINT('',(6.28318530718,-0.));
#1788 = VECTOR('',#1789,1.);
#1789 = DIRECTION('',(0.,1.));
#1790 = ( GEOMETRIC_REPRESENTATION_CONTEXT(2)
PARAMETRIC_REPRESENTATION_CONTEXT() REPRESENTATION_CONTEXT('2D SPACE',''
  ) );
#1791 = ORIENTED_EDGE('',*,*,#1792,.T.);
#1792 = EDGE_CURVE('',#1770,#1770,#1793,.T.);
#1793 = SURFACE_CURVE('',#1794,(#1799,#1806),.PCURVE_S1.);
#1794 = CIRCLE('',#1795,1.7);
#1795 = AXIS2_PLACEMENT_3D('',#1796,#1797,#1798);
#1796 = CARTESIAN_POINT('',(1.5,16.,13.));
#1797 = DIRECTION('',(-1.,0.,0.));
#1798 = DIRECTION('',(0.,0.,-1.));
#1799 = PCURVE('',#959,#1800);
#1800 = DEFINITIONAL_REPRESENTATION('',(#1801),#1805);
#1801 = LINE('',#1802,#1803);
#1802 = CARTESIAN_POINT('',(0.,1.));
#1803 = VECTOR('',#1804,1.);
#1804 = DIRECTION('',(1.,0.));
#1805 = ( GEOMETRIC_REPRESENTATION_CONTEXT(2)
PARAMETRIC_REPRESENTATION_CONTEXT() REPRESENTATION_CONTEXT('2D SPACE',''
  ) );
#1806 = PCURVE('',#45,#1807);
#1807 = DEFINITIONAL_REPRESENTATION('',(#1808),#1812);
#1808 = CIRCLE('',#1809,1.7);
#1809 = AXIS2_PLACEMENT_2D('',#1810,#1811);
#1810 = CARTESIAN_POINT('',(-26.,0.));
#1811 = DIRECTION('',(1.,0.));
#1812 = ( GEOMETRIC_REPRESENTATION_CONTEXT(2)
PARAMETRIC_REPRESENTATION_CONTEXT() REPRESENTATION_CONTEXT('2D SPACE',''
  ) );
#1813 = ORIENTED_EDGE('',*,*,#1769,.T.);
#1814 = ADVANCED_FACE('',(#1815),#924,.F.);
#1815 = FACE_BOUND('',#1816,.F.);
#1816 = EDGE_LOOP('',(#1817,#1818,#1841,#1863));
#1817 = ORIENTED_EDGE('',*,*,#903,.T.);
#1818 = ORIENTED_EDGE('',*,*,#1819,.F.);
#1819 = EDGE_CURVE('',#1820,#904,#1822,.T.);
#1820 = VERTEX_POINT('',#1821);
#1821 = CARTESIAN_POINT('',(1.5,-16.,-14.7));
#1822 = SEAM_CURVE('',#1823,(#1827,#1834),.PCURVE_S1.);
#1823 = LINE('',#1824,#1825);
#1824 = CARTESIAN_POINT('',(2.5,-16.,-14.7));
#1825 = VECTOR('',#1826,1.);
#1826 = DIRECTION('',(-1.,0.,0.));
#1827 = PCURVE('',#924,#1828);
#1828 = DEFINITIONAL_REPRESENTATION('',(#1829),#1833);
#1829 = LINE('',#1830,#1831);
#1830 = CARTESIAN_POINT('',(0.,-0.));
#1831 = VECTOR('',#1832,1.);
#1832 = DIRECTION('',(0.,1.));
#1833 = ( GEOMETRIC_REPRESENTATION_CONTEXT(2)
PARAMETRIC_REPRESENTATION_CONTEXT() REPRESENTATION_CONTEXT('2D SPACE',''
  ) );
#1834 = PCURVE('',#924,#1835);
#1835 = DEFINITIONAL_REPRESENTATION('',(#1836),#1840);
#1836 = LINE('',#1837,#1838);
#1837 = CARTESIAN_POINT('',(6.28318530718,-0.));
#1838 = VECTOR('',#1839,1.);
#1839 = DIRECTION('',(0.,1.));
#1840 = ( GEOMETRIC_REPRESENTATION_CONTEXT(2)
PARAMETRIC_REPRESENTATION_CONTEXT() REPRESENTATION_CONTEXT('2D SPACE',''
  ) );
#1841 = ORIENTED_EDGE('',*,*,#1842,.T.);
#1842 = EDGE_CURVE('',#1820,#1820,#1843,.T.);
#1843 = SURFACE_CURVE('',#1844,(#1849,#1856),.PCURVE_S1.);
#1844 = CIRCLE('',#1845,1.7);
#1845 = AXIS2_PLACEMENT_3D('',#1846,#1847,#1848);
#1846 = CARTESIAN_POINT('',(1.5,-16.,-13.));
#1847 = DIRECTION('',(-1.,0.,0.));
#1848 = DIRECTION('',(0.,0.,-1.));
#1849 = PCURVE('',#924,#1850);
#1850 = DEFINITIONAL_REPRESENTATION('',(#1851),#1855);
#1851 = LINE('',#1852,#1853);
#1852 = CARTESIAN_POINT('',(0.,1.));
#1853 = VECTOR('',#1854,1.);
#1854 = DIRECTION('',(1.,0.));
#1855 = ( GEOMETRIC_REPRESENTATION_CONTEXT(2)
PARAMETRIC_REPRESENTATION_CONTEXT() REPRESENTATION_CONTEXT('2D SPACE',''
  ) );
#1856 = PCURVE('',#45,#1857);
#1857 = DEFINITIONAL_REPRESENTATION('',(#1858),#1862);
#1858 = CIRCLE('',#1859,1.7);
#1859 = AXIS2_PLACEMENT_2D('',#1860,#1861);
#1860 = CARTESIAN_POINT('',(0.,32.));
#1861 = DIRECTION('',(1.,0.));
#1862 = ( GEOMETRIC_REPRESENTATION_CONTEXT(2)
PARAMETRIC_REPRESENTATION_CONTEXT() REPRESENTATION_CONTEXT('2D SPACE',''
  ) );
#1863 = ORIENTED_EDGE('',*,*,#1819,.T.);
#1864 = ADVANCED_FACE('',(#1865),#889,.T.);
#1865 = FACE_BOUND('',#1866,.T.);
#1866 = EDGE_LOOP('',(#1867,#1892,#1913,#1914));
#1867 = ORIENTED_EDGE('',*,*,#1868,.F.);
#1868 = EDGE_CURVE('',#1869,#1871,#1873,.T.);
#1869 = VERTEX_POINT('',#1870);
#1870 = CARTESIAN_POINT('',(1.5,13.55,-7.852622255387));
#1871 = VERTEX_POINT('',#1872);
#1872 = CARTESIAN_POINT('',(1.5,4.92773185338,-0.847029386258));
#1873 = SURFACE_CURVE('',#1874,(#1878,#1885),.PCURVE_S1.);
#1874 = LINE('',#1875,#1876);
#1875 = CARTESIAN_POINT('',(1.5,17.544951931481,-11.09852069971));
#1876 = VECTOR('',#1877,1.);
#1877 = DIRECTION('',(0.,-0.776114000116,0.630592625094));
#1878 = PCURVE('',#889,#1879);
#1879 = DEFINITIONAL_REPRESENTATION('',(#1880),#1884);
#1880 = LINE('',#1881,#1882);
#1881 = CARTESIAN_POINT('',(0.,1.5));
#1882 = VECTOR('',#1883,1.);
#1883 = DIRECTION('',(1.,0.));
#1884 = ( GEOMETRIC_REPRESENTATION_CONTEXT(2)
PARAMETRIC_REPRESENTATION_CONTEXT() REPRESENTATION_CONTEXT('2D SPACE',''
  ) );
#1885 = PCURVE('',#45,#1886);
#1886 = DEFINITIONAL_REPRESENTATION('',(#1887),#1891);
#1887 = LINE('',#1888,#1889);
#1888 = CARTESIAN_POINT('',(-1.901479300285,-1.544951931481));
#1889 = VECTOR('',#1890,1.);
#1890 = DIRECTION('',(-0.630592625094,0.776114000116));
#1891 = ( GEOMETRIC_REPRESENTATION_CONTEXT(2)
PARAMETRIC_REPRESENTATION_CONTEXT() REPRESENTATION_CONTEXT('2D SPACE',''
  ) );
#1892 = ORIENTED_EDGE('',*,*,#1893,.F.);
#1893 = EDGE_CURVE('',#791,#1869,#1894,.T.);
#1894 = SURFACE_CURVE('',#1895,(#1899,#1906),.PCURVE_S1.);
#1895 = LINE('',#1896,#1897);
#1896 = CARTESIAN_POINT('',(2.84217094304E-14,13.55,-7.852622255387));
#1897 = VECTOR('',#1898,1.);
#1898 = DIRECTION('',(1.,0.,0.));
#1899 = PCURVE('',#889,#1900);
#1900 = DEFINITIONAL_REPRESENTATION('',(#1901),#1905);
#1901 = LINE('',#1902,#1903);
#1902 = CARTESIAN_POINT('',(5.147377744614,0.));
#1903 = VECTOR('',#1904,1.);
#1904 = DIRECTION('',(0.,1.));
#1905 = ( GEOMETRIC_REPRESENTATION_CONTEXT(2)
PARAMETRIC_REPRESENTATION_CONTEXT() REPRESENTATION_CONTEXT('2D SPACE',''
  ) );
#1906 = PCURVE('',#806,#1907);
#1907 = DEFINITIONAL_REPRESENTATION('',(#1908),#1912);
#1908 = LINE('',#1909,#1910);
#1909 = CARTESIAN_POINT('',(20.852622255387,0.));
#1910 = VECTOR('',#1911,1.);
#1911 = DIRECTION('',(0.,1.));
#1912 = ( GEOMETRIC_REPRESENTATION_CONTEXT(2)
PARAMETRIC_REPRESENTATION_CONTEXT() REPRESENTATION_CONTEXT('2D SPACE',''
  ) );
#1913 = ORIENTED_EDGE('',*,*,#875,.T.);
#1914 = ORIENTED_EDGE('',*,*,#1915,.F.);
#1915 = EDGE_CURVE('',#1871,#847,#1916,.T.);
#1916 = SURFACE_CURVE('',#1917,(#1921,#1928),.PCURVE_S1.);
#1917 = LINE('',#1918,#1919);
#1918 = CARTESIAN_POINT('',(1.5,4.92773185338,-0.847029386258));
#1919 = VECTOR('',#1920,1.);
#1920 = DIRECTION('',(-1.,0.,0.));
#1921 = PCURVE('',#889,#1922);
#1922 = DEFINITIONAL_REPRESENTATION('',(#1923),#1927);
#1923 = LINE('',#1924,#1925);
#1924 = CARTESIAN_POINT('',(16.256915963649,1.5));
#1925 = VECTOR('',#1926,1.);
#1926 = DIRECTION('',(0.,-1.));
#1927 = ( GEOMETRIC_REPRESENTATION_CONTEXT(2)
PARAMETRIC_REPRESENTATION_CONTEXT() REPRESENTATION_CONTEXT('2D SPACE',''
  ) );
#1928 = PCURVE('',#863,#1929);
#1929 = DEFINITIONAL_REPRESENTATION('',(#1930),#1934);
#1930 = LINE('',#1931,#1932);
#1931 = CARTESIAN_POINT('',(4.882615782325,0.));
#1932 = VECTOR('',#1933,1.);
#1933 = DIRECTION('',(0.,1.));
#1934 = ( GEOMETRIC_REPRESENTATION_CONTEXT(2)
PARAMETRIC_REPRESENTATION_CONTEXT() REPRESENTATION_CONTEXT('2D SPACE',''
  ) );
#1935 = ADVANCED_FACE('',(#1936),#863,.T.);
#1936 = FACE_BOUND('',#1937,.T.);
#1937 = EDGE_LOOP('',(#1938,#1939,#1940,#1963));
#1938 = ORIENTED_EDGE('',*,*,#1915,.T.);
#1939 = ORIENTED_EDGE('',*,*,#846,.F.);
#1940 = ORIENTED_EDGE('',*,*,#1941,.F.);
#1941 = EDGE_CURVE('',#1942,#819,#1944,.T.);
#1942 = VERTEX_POINT('',#1943);
#1943 = CARTESIAN_POINT('',(1.5,4.92773185338,0.847029386258));
#1944 = SURFACE_CURVE('',#1945,(#1949,#1956),.PCURVE_S1.);
#1945 = LINE('',#1946,#1947);
#1946 = CARTESIAN_POINT('',(1.5,4.92773185338,0.847029386258));
#1947 = VECTOR('',#1948,1.);
#1948 = DIRECTION('',(-1.,0.,0.));
#1949 = PCURVE('',#863,#1950);
#1950 = DEFINITIONAL_REPRESENTATION('',(#1951),#1955);
#1951 = LINE('',#1952,#1953);
#1952 = CARTESIAN_POINT('',(4.542162178444,0.));
#1953 = VECTOR('',#1954,1.);
#1954 = DIRECTION('',(0.,1.));
#1955 = ( GEOMETRIC_REPRESENTATION_CONTEXT(2)
PARAMETRIC_REPRESENTATION_CONTEXT() REPRESENTATION_CONTEXT('2D SPACE',''
  ) );
#1956 = PCURVE('',#834,#1957);
#1957 = DEFINITIONAL_REPRESENTATION('',(#1958),#1962);
#1958 = LINE('',#1959,#1960);
#1959 = CARTESIAN_POINT('',(4.358612164439,1.5));
#1960 = VECTOR('',#1961,1.);
#1961 = DIRECTION('',(0.,-1.));
#1962 = ( GEOMETRIC_REPRESENTATION_CONTEXT(2)
PARAMETRIC_REPRESENTATION_CONTEXT() REPRESENTATION_CONTEXT('2D SPACE',''
  ) );
#1963 = ORIENTED_EDGE('',*,*,#1964,.T.);
#1964 = EDGE_CURVE('',#1942,#1871,#1965,.T.);
#1965 = SURFACE_CURVE('',#1966,(#1971,#1978),.PCURVE_S1.);
#1966 = CIRCLE('',#1967,5.);
#1967 = AXIS2_PLACEMENT_3D('',#1968,#1969,#1970);
#1968 = CARTESIAN_POINT('',(1.5,6.809421121779E-15,-5.684341886081E-14)
  );
#1969 = DIRECTION('',(-1.,0.,0.));
#1970 = DIRECTION('',(0.,0.,-1.));
#1971 = PCURVE('',#863,#1972);
#1972 = DEFINITIONAL_REPRESENTATION('',(#1973),#1977);
#1973 = LINE('',#1974,#1975);
#1974 = CARTESIAN_POINT('',(0.,0.));
#1975 = VECTOR('',#1976,1.);
#1976 = DIRECTION('',(1.,0.));
#1977 = ( GEOMETRIC_REPRESENTATION_CONTEXT(2)
PARAMETRIC_REPRESENTATION_CONTEXT() REPRESENTATION_CONTEXT('2D SPACE',''
  ) );
#1978 = PCURVE('',#45,#1979);
#1979 = DEFINITIONAL_REPRESENTATION('',(#1980),#1984);
#1980 = CIRCLE('',#1981,5.);
#1981 = AXIS2_PLACEMENT_2D('',#1982,#1983);
#1982 = CARTESIAN_POINT('',(-13.,16.));
#1983 = DIRECTION('',(1.,0.));
#1984 = ( GEOMETRIC_REPRESENTATION_CONTEXT(2)
PARAMETRIC_REPRESENTATION_CONTEXT() REPRESENTATION_CONTEXT('2D SPACE',''
  ) );
#1985 = ADVANCED_FACE('',(#1986),#834,.T.);
#1986 = FACE_BOUND('',#1987,.T.);
#1987 = EDGE_LOOP('',(#1988,#2011,#2012,#2013));
#1988 = ORIENTED_EDGE('',*,*,#1989,.F.);
#1989 = EDGE_CURVE('',#1942,#1990,#1992,.T.);
#1990 = VERTEX_POINT('',#1991);
#1991 = CARTESIAN_POINT('',(1.5,13.55,7.852622255386));
#1992 = SURFACE_CURVE('',#1993,(#1997,#2004),.PCURVE_S1.);
#1993 = LINE('',#1994,#1995);
#1994 = CARTESIAN_POINT('',(1.5,1.544951931481,-1.901479300285));
#1995 = VECTOR('',#1996,1.);
#1996 = DIRECTION('',(0.,0.776114000116,0.630592625094));
#1997 = PCURVE('',#834,#1998);
#1998 = DEFINITIONAL_REPRESENTATION('',(#1999),#2003);
#1999 = LINE('',#2000,#2001);
#2000 = CARTESIAN_POINT('',(0.,1.5));
#2001 = VECTOR('',#2002,1.);
#2002 = DIRECTION('',(1.,0.));
#2003 = ( GEOMETRIC_REPRESENTATION_CONTEXT(2)
PARAMETRIC_REPRESENTATION_CONTEXT() REPRESENTATION_CONTEXT('2D SPACE',''
  ) );
#2004 = PCURVE('',#45,#2005);
#2005 = DEFINITIONAL_REPRESENTATION('',(#2006),#2010);
#2006 = LINE('',#2007,#2008);
#2007 = CARTESIAN_POINT('',(-11.09852069971,14.455048068519));
#2008 = VECTOR('',#2009,1.);
#2009 = DIRECTION('',(-0.630592625094,-0.776114000116));
#2010 = ( GEOMETRIC_REPRESENTATION_CONTEXT(2)
PARAMETRIC_REPRESENTATION_CONTEXT() REPRESENTATION_CONTEXT('2D SPACE',''
  ) );
#2011 = ORIENTED_EDGE('',*,*,#1941,.T.);
#2012 = ORIENTED_EDGE('',*,*,#818,.T.);
#2013 = ORIENTED_EDGE('',*,*,#2014,.F.);
#2014 = EDGE_CURVE('',#1990,#789,#2015,.T.);
#2015 = SURFACE_CURVE('',#2016,(#2020,#2027),.PCURVE_S1.);
#2016 = LINE('',#2017,#2018);
#2017 = CARTESIAN_POINT('',(2.84217094304E-14,13.55,7.852622255386));
#2018 = VECTOR('',#2019,1.);
#2019 = DIRECTION('',(-1.,0.,0.));
#2020 = PCURVE('',#834,#2021);
#2021 = DEFINITIONAL_REPRESENTATION('',(#2022),#2026);
#2022 = LINE('',#2023,#2024);
#2023 = CARTESIAN_POINT('',(15.468150383475,0.));
#2024 = VECTOR('',#2025,1.);
#2025 = DIRECTION('',(0.,-1.));
#2026 = ( GEOMETRIC_REPRESENTATION_CONTEXT(2)
PARAMETRIC_REPRESENTATION_CONTEXT() REPRESENTATION_CONTEXT('2D SPACE',''
  ) );
#2027 = PCURVE('',#806,#2028);
#2028 = DEFINITIONAL_REPRESENTATION('',(#2029),#2033);
#2029 = LINE('',#2030,#2031);
#2030 = CARTESIAN_POINT('',(5.147377744613,0.));
#2031 = VECTOR('',#2032,1.);
#2032 = DIRECTION('',(0.,-1.));
#2033 = ( GEOMETRIC_REPRESENTATION_CONTEXT(2)
PARAMETRIC_REPRESENTATION_CONTEXT() REPRESENTATION_CONTEXT('2D SPACE',''
  ) );
#2034 = ADVANCED_FACE('',(#2035),#806,.T.);
#2035 = FACE_BOUND('',#2036,.T.);
#2036 = EDGE_LOOP('',(#2037,#2038,#2039,#2040));
#2037 = ORIENTED_EDGE('',*,*,#2014,.T.);
#2038 = ORIENTED_EDGE('',*,*,#788,.T.);
#2039 = ORIENTED_EDGE('',*,*,#1893,.T.);
#2040 = ORIENTED_EDGE('',*,*,#2041,.F.);
#2041 = EDGE_CURVE('',#1990,#1869,#2042,.T.);
#2042 = SURFACE_CURVE('',#2043,(#2047,#2054),.PCURVE_S1.);
#2043 = LINE('',#2044,#2045);
#2044 = CARTESIAN_POINT('',(1.5,13.55,13.));
#2045 = VECTOR('',#2046,1.);
#2046 = DIRECTION('',(0.,0.,-1.));
#2047 = PCURVE('',#806,#2048);
#2048 = DEFINITIONAL_REPRESENTATION('',(#2049),#2053);
#2049 = LINE('',#2050,#2051);
#2050 = CARTESIAN_POINT('',(0.,1.5));
#2051 = VECTOR('',#2052,1.);
#2052 = DIRECTION('',(1.,0.));
#2053 = ( GEOMETRIC_REPRESENTATION_CONTEXT(2)
PARAMETRIC_REPRESENTATION_CONTEXT() REPRESENTATION_CONTEXT('2D SPACE',''
  ) );
#2054 = PCURVE('',#45,#2055);
#2055 = DEFINITIONAL_REPRESENTATION('',(#2056),#2060);
#2056 = LINE('',#2057,#2058);
#2057 = CARTESIAN_POINT('',(-26.,2.45));
#2058 = VECTOR('',#2059,1.);
#2059 = DIRECTION('',(1.,0.));
#2060 = ( GEOMETRIC_REPRESENTATION_CONTEXT(2)
PARAMETRIC_REPRESENTATION_CONTEXT() REPRESENTATION_CONTEXT('2D SPACE',''
  ) );
#2061 = ADVANCED_FACE('',(#2062),#774,.T.);
#2062 = FACE_BOUND('',#2063,.T.);
#2063 = EDGE_LOOP('',(#2064,#2089,#2110,#2111));
#2064 = ORIENTED_EDGE('',*,*,#2065,.F.);
#2065 = EDGE_CURVE('',#2066,#2068,#2070,.T.);
#2066 = VERTEX_POINT('',#2067);
#2067 = CARTESIAN_POINT('',(1.5,-9.099381237399,-10.55));
#2068 = VERTEX_POINT('',#2069);
#2069 = CARTESIAN_POINT('',(1.5,-1.837827990417,-4.649987986827));
#2070 = SURFACE_CURVE('',#2071,(#2075,#2082),.PCURVE_S1.);
#2071 = LINE('',#2072,#2073);
#2072 = CARTESIAN_POINT('',(1.5,-14.45504806851,-14.90147930028));
#2073 = VECTOR('',#2074,1.);
#2074 = DIRECTION('',(0.,0.776114000116,0.630592625094));
#2075 = PCURVE('',#774,#2076);
#2076 = DEFINITIONAL_REPRESENTATION('',(#2077),#2081);
#2077 = LINE('',#2078,#2079);
#2078 = CARTESIAN_POINT('',(0.,1.5));
#2079 = VECTOR('',#2080,1.);
#2080 = DIRECTION('',(1.,0.));
#2081 = ( GEOMETRIC_REPRESENTATION_CONTEXT(2)
PARAMETRIC_REPRESENTATION_CONTEXT() REPRESENTATION_CONTEXT('2D SPACE',''
  ) );
#2082 = PCURVE('',#45,#2083);
#2083 = DEFINITIONAL_REPRESENTATION('',(#2084),#2088);
#2084 = LINE('',#2085,#2086);
#2085 = CARTESIAN_POINT('',(1.901479300285,30.455048068519));
#2086 = VECTOR('',#2087,1.);
#2087 = DIRECTION('',(-0.630592625094,-0.776114000116));
#2088 = ( GEOMETRIC_REPRESENTATION_CONTEXT(2)
PARAMETRIC_REPRESENTATION_CONTEXT() REPRESENTATION_CONTEXT('2D SPACE',''
  ) );
#2089 = ORIENTED_EDGE('',*,*,#2090,.F.);
#2090 = EDGE_CURVE('',#676,#2066,#2091,.T.);
#2091 = SURFACE_CURVE('',#2092,(#2096,#2103),.PCURVE_S1.);
#2092 = LINE('',#2093,#2094);
#2093 = CARTESIAN_POINT('',(2.84217094304E-14,-9.099381237399,-10.55));
#2094 = VECTOR('',#2095,1.);
#2095 = DIRECTION('',(1.,-0.,0.));
#2096 = PCURVE('',#774,#2097);
#2097 = DEFINITIONAL_REPRESENTATION('',(#2098),#2102);
#2098 = LINE('',#2099,#2100);
#2099 = CARTESIAN_POINT('',(6.900618762601,0.));
#2100 = VECTOR('',#2101,1.);
#2101 = DIRECTION('',(0.,1.));
#2102 = ( GEOMETRIC_REPRESENTATION_CONTEXT(2)
PARAMETRIC_REPRESENTATION_CONTEXT() REPRESENTATION_CONTEXT('2D SPACE',''
  ) );
#2103 = PCURVE('',#691,#2104);
#2104 = DEFINITIONAL_REPRESENTATION('',(#2105),#2109);
#2105 = LINE('',#2106,#2107);
#2106 = CARTESIAN_POINT('',(25.099381237399,0.));
#2107 = VECTOR('',#2108,1.);
#2108 = DIRECTION('',(0.,1.));
#2109 = ( GEOMETRIC_REPRESENTATION_CONTEXT(2)
PARAMETRIC_REPRESENTATION_CONTEXT() REPRESENTATION_CONTEXT('2D SPACE',''
  ) );
#2110 = ORIENTED_EDGE('',*,*,#760,.T.);
#2111 = ORIENTED_EDGE('',*,*,#2112,.F.);
#2112 = EDGE_CURVE('',#2068,#732,#2113,.T.);
#2113 = SURFACE_CURVE('',#2114,(#2118,#2125),.PCURVE_S1.);
#2114 = LINE('',#2115,#2116);
#2115 = CARTESIAN_POINT('',(1.5,-1.837827990417,-4.649987986828));
#2116 = VECTOR('',#2117,1.);
#2117 = DIRECTION('',(-1.,0.,0.));
#2118 = PCURVE('',#774,#2119);
#2119 = DEFINITIONAL_REPRESENTATION('',(#2120),#2124);
#2120 = LINE('',#2121,#2122);
#2121 = CARTESIAN_POINT('',(16.256915963649,1.5));
#2122 = VECTOR('',#2123,1.);
#2123 = DIRECTION('',(0.,-1.));
#2124 = ( GEOMETRIC_REPRESENTATION_CONTEXT(2)
PARAMETRIC_REPRESENTATION_CONTEXT() REPRESENTATION_CONTEXT('2D SPACE',''
  ) );
#2125 = PCURVE('',#748,#2126);
#2126 = DEFINITIONAL_REPRESENTATION('',(#2127),#2131);
#2127 = LINE('',#2128,#2129);
#2128 = CARTESIAN_POINT('',(6.659575326166,0.));
#2129 = VECTOR('',#2130,1.);
#2130 = DIRECTION('',(0.,1.));
#2131 = ( GEOMETRIC_REPRESENTATION_CONTEXT(2)
PARAMETRIC_REPRESENTATION_CONTEXT() REPRESENTATION_CONTEXT('2D SPACE',''
  ) );
#2132 = ADVANCED_FACE('',(#2133),#748,.T.);
#2133 = FACE_BOUND('',#2134,.T.);
#2134 = EDGE_LOOP('',(#2135,#2163,#2164,#2165));
#2135 = ORIENTED_EDGE('',*,*,#2136,.F.);
#2136 = EDGE_CURVE('',#2068,#2137,#2139,.T.);
#2137 = VERTEX_POINT('',#2138);
#2138 = CARTESIAN_POINT('',(1.5,1.837827990417,-4.649987986828));
#2139 = SURFACE_CURVE('',#2140,(#2145,#2152),.PCURVE_S1.);
#2140 = CIRCLE('',#2141,5.);
#2141 = AXIS2_PLACEMENT_3D('',#2142,#2143,#2144);
#2142 = CARTESIAN_POINT('',(1.5,6.809421121779E-15,-5.684341886081E-14)
  );
#2143 = DIRECTION('',(1.,0.,0.));
#2144 = DIRECTION('',(0.,-0.367565598083,-0.929997597365));
#2145 = PCURVE('',#748,#2146);
#2146 = DEFINITIONAL_REPRESENTATION('',(#2147),#2151);
#2147 = LINE('',#2148,#2149);
#2148 = CARTESIAN_POINT('',(6.659575326166,0.));
#2149 = VECTOR('',#2150,1.);
#2150 = DIRECTION('',(-1.,-0.));
#2151 = ( GEOMETRIC_REPRESENTATION_CONTEXT(2)
PARAMETRIC_REPRESENTATION_CONTEXT() REPRESENTATION_CONTEXT('2D SPACE',''
  ) );
#2152 = PCURVE('',#45,#2153);
#2153 = DEFINITIONAL_REPRESENTATION('',(#2154),#2162);
#2154 = ( BOUNDED_CURVE() B_SPLINE_CURVE(2,(#2155,#2156,#2157,#2158,
#2159,#2160,#2161),.UNSPECIFIED.,.T.,.F.) B_SPLINE_CURVE_WITH_KNOTS((1,2
    ,2,2,2,1),(-2.094395102393,0.,2.094395102393,4.188790204786,
6.28318530718,8.377580409573),.UNSPECIFIED.) CURVE()
GEOMETRIC_REPRESENTATION_ITEM() RATIONAL_B_SPLINE_CURVE((1.,0.5,1.,0.5,
1.,0.5,1.)) REPRESENTATION_ITEM('') );
#2155 = CARTESIAN_POINT('',(-8.350012013173,17.837827990417));
#2156 = CARTESIAN_POINT('',(-5.166800558198,9.783812542647));
#2157 = CARTESIAN_POINT('',(-13.73338826592,11.054078280906));
#2158 = CARTESIAN_POINT('',(-22.29997597365,12.324344019166));
#2159 = CARTESIAN_POINT('',(-16.9165997209,19.108093728676));
#2160 = CARTESIAN_POINT('',(-11.53322346814,25.891843438187));
#2161 = CARTESIAN_POINT('',(-8.350012013173,17.837827990417));
#2162 = ( GEOMETRIC_REPRESENTATION_CONTEXT(2)
PARAMETRIC_REPRESENTATION_CONTEXT() REPRESENTATION_CONTEXT('2D SPACE',''
  ) );
#2163 = ORIENTED_EDGE('',*,*,#2112,.T.);
#2164 = ORIENTED_EDGE('',*,*,#731,.F.);
#2165 = ORIENTED_EDGE('',*,*,#2166,.F.);
#2166 = EDGE_CURVE('',#2137,#704,#2167,.T.);
#2167 = SURFACE_CURVE('',#2168,(#2172,#2179),.PCURVE_S1.);
#2168 = LINE('',#2169,#2170);
#2169 = CARTESIAN_POINT('',(1.5,1.837827990417,-4.649987986828));
#2170 = VECTOR('',#2171,1.);
#2171 = DIRECTION('',(-1.,0.,0.));
#2172 = PCURVE('',#748,#2173);
#2173 = DEFINITIONAL_REPRESENTATION('',(#2174),#2178);
#2174 = LINE('',#2175,#2176);
#2175 = CARTESIAN_POINT('',(5.906795288194,0.));
#2176 = VECTOR('',#2177,1.);
#2177 = DIRECTION('',(0.,1.));
#2178 = ( GEOMETRIC_REPRESENTATION_CONTEXT(2)
PARAMETRIC_REPRESENTATION_CONTEXT() REPRESENTATION_CONTEXT('2D SPACE',''
  ) );
#2179 = PCURVE('',#719,#2180);
#2180 = DEFINITIONAL_REPRESENTATION('',(#2181),#2185);
#2181 = LINE('',#2182,#2183);
#2182 = CARTESIAN_POINT('',(4.35861216444,1.5));
#2183 = VECTOR('',#2184,1.);
#2184 = DIRECTION('',(0.,-1.));
#2185 = ( GEOMETRIC_REPRESENTATION_CONTEXT(2)
PARAMETRIC_REPRESENTATION_CONTEXT() REPRESENTATION_CONTEXT('2D SPACE',''
  ) );
#2186 = ADVANCED_FACE('',(#2187),#719,.T.);
#2187 = FACE_BOUND('',#2188,.T.);
#2188 = EDGE_LOOP('',(#2189,#2212,#2213,#2214));
#2189 = ORIENTED_EDGE('',*,*,#2190,.F.);
#2190 = EDGE_CURVE('',#2137,#2191,#2193,.T.);
#2191 = VERTEX_POINT('',#2192);
#2192 = CARTESIAN_POINT('',(1.5,9.099381237399,-10.55));
#2193 = SURFACE_CURVE('',#2194,(#2198,#2205),.PCURVE_S1.);
#2194 = LINE('',#2195,#2196);
#2195 = CARTESIAN_POINT('',(1.5,-1.544951931481,-1.901479300285));
#2196 = VECTOR('',#2197,1.);
#2197 = DIRECTION('',(0.,0.776114000116,-0.630592625094));
#2198 = PCURVE('',#719,#2199);
#2199 = DEFINITIONAL_REPRESENTATION('',(#2200),#2204);
#2200 = LINE('',#2201,#2202);
#2201 = CARTESIAN_POINT('',(0.,1.5));
#2202 = VECTOR('',#2203,1.);
#2203 = DIRECTION('',(1.,0.));
#2204 = ( GEOMETRIC_REPRESENTATION_CONTEXT(2)
PARAMETRIC_REPRESENTATION_CONTEXT() REPRESENTATION_CONTEXT('2D SPACE',''
  ) );
#2205 = PCURVE('',#45,#2206);
#2206 = DEFINITIONAL_REPRESENTATION('',(#2207),#2211);
#2207 = LINE('',#2208,#2209);
#2208 = CARTESIAN_POINT('',(-11.09852069971,17.544951931481));
#2209 = VECTOR('',#2210,1.);
#2210 = DIRECTION('',(0.630592625094,-0.776114000116));
#2211 = ( GEOMETRIC_REPRESENTATION_CONTEXT(2)
PARAMETRIC_REPRESENTATION_CONTEXT() REPRESENTATION_CONTEXT('2D SPACE',''
  ) );
#2212 = ORIENTED_EDGE('',*,*,#2166,.T.);
#2213 = ORIENTED_EDGE('',*,*,#703,.T.);
#2214 = ORIENTED_EDGE('',*,*,#2215,.F.);
#2215 = EDGE_CURVE('',#2191,#674,#2216,.T.);
#2216 = SURFACE_CURVE('',#2217,(#2221,#2228),.PCURVE_S1.);
#2217 = LINE('',#2218,#2219);
#2218 = CARTESIAN_POINT('',(2.84217094304E-14,9.099381237399,-10.55));
#2219 = VECTOR('',#2220,1.);
#2220 = DIRECTION('',(-1.,0.,0.));
#2221 = PCURVE('',#719,#2222);
#2222 = DEFINITIONAL_REPRESENTATION('',(#2223),#2227);
#2223 = LINE('',#2224,#2225);
#2224 = CARTESIAN_POINT('',(13.714909365487,0.));
#2225 = VECTOR('',#2226,1.);
#2226 = DIRECTION('',(0.,-1.));
#2227 = ( GEOMETRIC_REPRESENTATION_CONTEXT(2)
PARAMETRIC_REPRESENTATION_CONTEXT() REPRESENTATION_CONTEXT('2D SPACE',''
  ) );
#2228 = PCURVE('',#691,#2229);
#2229 = DEFINITIONAL_REPRESENTATION('',(#2230),#2234);
#2230 = LINE('',#2231,#2232);
#2231 = CARTESIAN_POINT('',(6.900618762601,0.));
#2232 = VECTOR('',#2233,1.);
#2233 = DIRECTION('',(0.,-1.));
#2234 = ( GEOMETRIC_REPRESENTATION_CONTEXT(2)
PARAMETRIC_REPRESENTATION_CONTEXT() REPRESENTATION_CONTEXT('2D SPACE',''
  ) );
#2235 = ADVANCED_FACE('',(#2236),#691,.T.);
#2236 = FACE_BOUND('',#2237,.T.);
#2237 = EDGE_LOOP('',(#2238,#2239,#2240,#2241));
#2238 = ORIENTED_EDGE('',*,*,#2215,.T.);
#2239 = ORIENTED_EDGE('',*,*,#673,.T.);
#2240 = ORIENTED_EDGE('',*,*,#2090,.T.);
#2241 = ORIENTED_EDGE('',*,*,#2242,.F.);
#2242 = EDGE_CURVE('',#2191,#2066,#2243,.T.);
#2243 = SURFACE_CURVE('',#2244,(#2248,#2255),.PCURVE_S1.);
#2244 = LINE('',#2245,#2246);
#2245 = CARTESIAN_POINT('',(1.5,16.,-10.55));
#2246 = VECTOR('',#2247,1.);
#2247 = DIRECTION('',(0.,-1.,0.));
#2248 = PCURVE('',#691,#2249);
#2249 = DEFINITIONAL_REPRESENTATION('',(#2250),#2254);
#2250 = LINE('',#2251,#2252);
#2251 = CARTESIAN_POINT('',(0.,1.5));
#2252 = VECTOR('',#2253,1.);
#2253 = DIRECTION('',(1.,0.));
#2254 = ( GEOMETRIC_REPRESENTATION_CONTEXT(2)
PARAMETRIC_REPRESENTATION_CONTEXT() REPRESENTATION_CONTEXT('2D SPACE',''
  ) );
#2255 = PCURVE('',#45,#2256);
#2256 = DEFINITIONAL_REPRESENTATION('',(#2257),#2261);
#2257 = LINE('',#2258,#2259);
#2258 = CARTESIAN_POINT('',(-2.45,-0.));
#2259 = VECTOR('',#2260,1.);
#2260 = DIRECTION('',(0.,1.));
#2261 = ( GEOMETRIC_REPRESENTATION_CONTEXT(2)
PARAMETRIC_REPRESENTATION_CONTEXT() REPRESENTATION_CONTEXT('2D SPACE',''
  ) );
#2262 = ADVANCED_FACE('',(#2263),#629,.F.);
#2263 = FACE_BOUND('',#2264,.F.);
#2264 = EDGE_LOOP('',(#2265,#2266,#2289,#2311));
#2265 = ORIENTED_EDGE('',*,*,#608,.T.);
#2266 = ORIENTED_EDGE('',*,*,#2267,.F.);
#2267 = EDGE_CURVE('',#2268,#609,#2270,.T.);
#2268 = VERTEX_POINT('',#2269);
#2269 = CARTESIAN_POINT('',(1.5,16.,-14.7));
#2270 = SEAM_CURVE('',#2271,(#2275,#2282),.PCURVE_S1.);
#2271 = LINE('',#2272,#2273);
#2272 = CARTESIAN_POINT('',(2.5,16.,-14.7));
#2273 = VECTOR('',#2274,1.);
#2274 = DIRECTION('',(-1.,0.,0.));
#2275 = PCURVE('',#629,#2276);
#2276 = DEFINITIONAL_REPRESENTATION('',(#2277),#2281);
#2277 = LINE('',#2278,#2279);
#2278 = CARTESIAN_POINT('',(0.,-0.));
#2279 = VECTOR('',#2280,1.);
#2280 = DIRECTION('',(0.,1.));
#2281 = ( GEOMETRIC_REPRESENTATION_CONTEXT(2)
PARAMETRIC_REPRESENTATION_CONTEXT() REPRESENTATION_CONTEXT('2D SPACE',''
  ) );
#2282 = PCURVE('',#629,#2283);
#2283 = DEFINITIONAL_REPRESENTATION('',(#2284),#2288);
#2284 = LINE('',#2285,#2286);
#2285 = CARTESIAN_POINT('',(6.28318530718,-0.));
#2286 = VECTOR('',#2287,1.);
#2287 = DIRECTION('',(0.,1.));
#2288 = ( GEOMETRIC_REPRESENTATION_CONTEXT(2)
PARAMETRIC_REPRESENTATION_CONTEXT() REPRESENTATION_CONTEXT('2D SPACE',''
  ) );
#2289 = ORIENTED_EDGE('',*,*,#2290,.T.);
#2290 = EDGE_CURVE('',#2268,#2268,#2291,.T.);
#2291 = SURFACE_CURVE('',#2292,(#2297,#2304),.PCURVE_S1.);
#2292 = CIRCLE('',#2293,1.7);
#2293 = AXIS2_PLACEMENT_3D('',#2294,#2295,#2296);
#2294 = CARTESIAN_POINT('',(1.5,16.,-13.));
#2295 = DIRECTION('',(-1.,0.,0.));
#2296 = DIRECTION('',(0.,0.,-1.));
#2297 = PCURVE('',#629,#2298);
#2298 = DEFINITIONAL_REPRESENTATION('',(#2299),#2303);
#2299 = LINE('',#2300,#2301);
#2300 = CARTESIAN_POINT('',(0.,1.));
#2301 = VECTOR('',#2302,1.);
#2302 = DIRECTION('',(1.,0.));
#2303 = ( GEOMETRIC_REPRESENTATION_CONTEXT(2)
PARAMETRIC_REPRESENTATION_CONTEXT() REPRESENTATION_CONTEXT('2D SPACE',''
  ) );
#2304 = PCURVE('',#45,#2305);
#2305 = DEFINITIONAL_REPRESENTATION('',(#2306),#2310);
#2306 = CIRCLE('',#2307,1.7);
#2307 = AXIS2_PLACEMENT_2D('',#2308,#2309);
#2308 = CARTESIAN_POINT('',(0.,0.));
#2309 = DIRECTION('',(1.,0.));
#2310 = ( GEOMETRIC_REPRESENTATION_CONTEXT(2)
PARAMETRIC_REPRESENTATION_CONTEXT() REPRESENTATION_CONTEXT('2D SPACE',''
  ) );
#2311 = ORIENTED_EDGE('',*,*,#2267,.T.);
#2312 = ADVANCED_FACE('',(#2313),#73,.T.);
#2313 = FACE_BOUND('',#2314,.T.);
#2314 = EDGE_LOOP('',(#2315,#2316,#2317,#2318));
#2315 = ORIENTED_EDGE('',*,*,#584,.T.);
#2316 = ORIENTED_EDGE('',*,*,#644,.T.);
#2317 = ORIENTED_EDGE('',*,*,#57,.F.);
#2318 = ORIENTED_EDGE('',*,*,#2319,.F.);
#2319 = EDGE_CURVE('',#532,#24,#2320,.T.);
#2320 = SURFACE_CURVE('',#2321,(#2325,#2332),.PCURVE_S1.);
#2321 = LINE('',#2322,#2323);
#2322 = CARTESIAN_POINT('',(1.5,-16.,-15.45));
#2323 = VECTOR('',#2324,1.);
#2324 = DIRECTION('',(0.,1.,0.));
#2325 = PCURVE('',#73,#2326);
#2326 = DEFINITIONAL_REPRESENTATION('',(#2327),#2331);
#2327 = LINE('',#2328,#2329);
#2328 = CARTESIAN_POINT('',(0.,1.5));
#2329 = VECTOR('',#2330,1.);
#2330 = DIRECTION('',(1.,0.));
#2331 = ( GEOMETRIC_REPRESENTATION_CONTEXT(2)
PARAMETRIC_REPRESENTATION_CONTEXT() REPRESENTATION_CONTEXT('2D SPACE',''
  ) );
#2332 = PCURVE('',#45,#2333);
#2333 = DEFINITIONAL_REPRESENTATION('',(#2334),#2338);
#2334 = LINE('',#2335,#2336);
#2335 = CARTESIAN_POINT('',(2.45,32.));
#2336 = VECTOR('',#2337,1.);
#2337 = DIRECTION('',(0.,-1.));
#2338 = ( GEOMETRIC_REPRESENTATION_CONTEXT(2)
PARAMETRIC_REPRESENTATION_CONTEXT() REPRESENTATION_CONTEXT('2D SPACE',''
  ) );
#2339 = ADVANCED_FACE('',(#2340,#2343,#2353,#2359,#2365,#2368,#2371,
    #2377,#2383,#2386),#45,.F.);
#2340 = FACE_BOUND('',#2341,.F.);
#2341 = EDGE_LOOP('',(#2342));
#2342 = ORIENTED_EDGE('',*,*,#2290,.F.);
#2343 = FACE_BOUND('',#2344,.F.);
#2344 = EDGE_LOOP('',(#2345,#2346,#2347,#2348,#2349,#2350,#2351,#2352));
#2345 = ORIENTED_EDGE('',*,*,#2319,.F.);
#2346 = ORIENTED_EDGE('',*,*,#531,.F.);
#2347 = ORIENTED_EDGE('',*,*,#507,.F.);
#2348 = ORIENTED_EDGE('',*,*,#429,.T.);
#2349 = ORIENTED_EDGE('',*,*,#353,.F.);
#2350 = ORIENTED_EDGE('',*,*,#223,.T.);
#2351 = ORIENTED_EDGE('',*,*,#199,.F.);
#2352 = ORIENTED_EDGE('',*,*,#21,.T.);
#2353 = FACE_BOUND('',#2354,.F.);
#2354 = EDGE_LOOP('',(#2355,#2356,#2357,#2358));
#2355 = ORIENTED_EDGE('',*,*,#2242,.F.);
#2356 = ORIENTED_EDGE('',*,*,#2190,.F.);
#2357 = ORIENTED_EDGE('',*,*,#2136,.F.);
#2358 = ORIENTED_EDGE('',*,*,#2065,.F.);
#2359 = FACE_BOUND('',#2360,.F.);
#2360 = EDGE_LOOP('',(#2361,#2362,#2363,#2364));
#2361 = ORIENTED_EDGE('',*,*,#2041,.F.);
#2362 = ORIENTED_EDGE('',*,*,#1989,.F.);
#2363 = ORIENTED_EDGE('',*,*,#1964,.T.);
#2364 = ORIENTED_EDGE('',*,*,#1868,.F.);
#2365 = FACE_BOUND('',#2366,.F.);
#2366 = EDGE_LOOP('',(#2367));
#2367 = ORIENTED_EDGE('',*,*,#1842,.F.);
#2368 = FACE_BOUND('',#2369,.F.);
#2369 = EDGE_LOOP('',(#2370));
#2370 = ORIENTED_EDGE('',*,*,#1792,.F.);
#2371 = FACE_BOUND('',#2372,.F.);
#2372 = EDGE_LOOP('',(#2373,#2374,#2375,#2376));
#2373 = ORIENTED_EDGE('',*,*,#1741,.F.);
#2374 = ORIENTED_EDGE('',*,*,#1715,.T.);
#2375 = ORIENTED_EDGE('',*,*,#1642,.F.);
#2376 = ORIENTED_EDGE('',*,*,#1618,.F.);
#2377 = FACE_BOUND('',#2378,.F.);
#2378 = EDGE_LOOP('',(#2379,#2380,#2381,#2382));
#2379 = ORIENTED_EDGE('',*,*,#1544,.F.);
#2380 = ORIENTED_EDGE('',*,*,#1520,.F.);
#2381 = ORIENTED_EDGE('',*,*,#1446,.F.);
#2382 = ORIENTED_EDGE('',*,*,#1398,.T.);
#2383 = FACE_BOUND('',#2384,.F.);
#2384 = EDGE_LOOP('',(#2385));
#2385 = ORIENTED_EDGE('',*,*,#1348,.F.);
#2386 = FACE_BOUND('',#2387,.F.);
#2387 = EDGE_LOOP('',(#2388));
#2388 = ORIENTED_EDGE('',*,*,#1298,.F.);
#2389 = ( GEOMETRIC_REPRESENTATION_CONTEXT(3)
GLOBAL_UNCERTAINTY_ASSIGNED_CONTEXT((#2393))
GLOBAL_UNIT_ASSIGNED_CONTEXT((#2390,#2391,#2392)) REPRESENTATION_CONTEXT
('Context #1','3D Context with UNIT and UNCERTAINTY') );
#2390 = ( LENGTH_UNIT() NAMED_UNIT(*) SI_UNIT(.MILLI.,.METRE.) );
#2391 = ( NAMED_UNIT(*) PLANE_ANGLE_UNIT() SI_UNIT($,.RADIAN.) );
#2392 = ( NAMED_UNIT(*) SI_UNIT($,.STERADIAN.) SOLID_ANGLE_UNIT() );
#2393 = UNCERTAINTY_MEASURE_WITH_UNIT(LENGTH_MEASURE(1.E-07),#2390,
  'distance_accuracy_value','confusion accuracy');
#2394 = PRODUCT_RELATED_PRODUCT_CATEGORY('part',$,(#7));
ENDSEC;
END-ISO-10303-21;
