part_id,module,characteristic_id,nominal_or_basis,acceptance_requirement,inspection_method,result,authority,warning
T01_TORSO_RAIL_R,T01,DATUM_SCHEME,A primary mounting face/section; B longitudinal centerplane; C orthogonal centerplane,datum simulators and precedence SELECTION REQUIRED,SELECTION REQUIRED,NOT EXECUTED,NO FABRICATION OR ACCEPTANCE AUTHORITY,"PRELIMINARY - CONFIGURATION AND PACKAGING CAD ONLY - NOT APPROVED FOR PROCUREMENT, FABRICATION, ASSEMBLY, POWERED TESTING, MOTION, OR ENERGIZATION"
T01_TORSO_RAIL_R,T01,OVERALL_X,18.000 mm nominal CAD envelope,size tolerance SELECTION REQUIRED,SELECTION REQUIRED,NOT EXECUTED,NO FABRICATION OR ACCEPTANCE AUTHORITY,"PRELIMINARY - CONFIGURATION AND PACKAGING CAD ONLY - NOT APPROVED FOR PROCUREMENT, FABRICATION, ASSEMBLY, POWERED TESTING, MOTION, OR ENERGIZATION"
T01_TORSO_RAIL_R,T01,OVERALL_Y,18.000 mm nominal CAD envelope,size tolerance SELECTION REQUIRED,SELECTION REQUIRED,NOT EXECUTED,NO FABRICATION OR ACCEPTANCE AUTHORITY,"PRELIMINARY - CONFIGURATION AND PACKAGING CAD ONLY - NOT APPROVED FOR PROCUREMENT, FABRICATION, ASSEMBLY, POWERED TESTING, MOTION, OR ENERGIZATION"
T01_TORSO_RAIL_R,T01,OVERALL_Z,146.000 mm nominal CAD envelope,size tolerance SELECTION REQUIRED,SELECTION REQUIRED,NOT EXECUTED,NO FABRICATION OR ACCEPTANCE AUTHORITY,"PRELIMINARY - CONFIGURATION AND PACKAGING CAD ONLY - NOT APPROVED FOR PROCUREMENT, FABRICATION, ASSEMBLY, POWERED TESTING, MOTION, OR ENERGIZATION"
T01_TORSO_RAIL_R,T01,PROFILE_OR_SURFACE,nominal native STEP geometry,"profile tolerance, inspection method and sampling SELECTION REQUIRED",SELECTION REQUIRED,NOT EXECUTED,NO FABRICATION OR ACCEPTANCE AUTHORITY,"PRELIMINARY - CONFIGURATION AND PACKAGING CAD ONLY - NOT APPROVED FOR PROCUREMENT, FABRICATION, ASSEMBLY, POWERED TESTING, MOTION, OR ENERGIZATION"
T01_TORSO_RAIL_L,T01,DATUM_SCHEME,A primary mounting face/section; B longitudinal centerplane; C orthogonal centerplane,datum simulators and precedence SELECTION REQUIRED,SELECTION REQUIRED,NOT EXECUTED,NO FABRICATION OR ACCEPTANCE AUTHORITY,"PRELIMINARY - CONFIGURATION AND PACKAGING CAD ONLY - NOT APPROVED FOR PROCUREMENT, FABRICATION, ASSEMBLY, POWERED TESTING, MOTION, OR ENERGIZATION"
T01_TORSO_RAIL_L,T01,OVERALL_X,18.000 mm nominal CAD envelope,size tolerance SELECTION REQUIRED,SELECTION REQUIRED,NOT EXECUTED,NO FABRICATION OR ACCEPTANCE AUTHORITY,"PRELIMINARY - CONFIGURATION AND PACKAGING CAD ONLY - NOT APPROVED FOR PROCUREMENT, FABRICATION, ASSEMBLY, POWERED TESTING, MOTION, OR ENERGIZATION"
T01_TORSO_RAIL_L,T01,OVERALL_Y,18.000 mm nominal CAD envelope,size tolerance SELECTION REQUIRED,SELECTION REQUIRED,NOT EXECUTED,NO FABRICATION OR ACCEPTANCE AUTHORITY,"PRELIMINARY - CONFIGURATION AND PACKAGING CAD ONLY - NOT APPROVED FOR PROCUREMENT, FABRICATION, ASSEMBLY, POWERED TESTING, MOTION, OR ENERGIZATION"
T01_TORSO_RAIL_L,T01,OVERALL_Z,146.000 mm nominal CAD envelope,size tolerance SELECTION REQUIRED,SELECTION REQUIRED,NOT EXECUTED,NO FABRICATION OR ACCEPTANCE AUTHORITY,"PRELIMINARY - CONFIGURATION AND PACKAGING CAD ONLY - NOT APPROVED FOR PROCUREMENT, FABRICATION, ASSEMBLY, POWERED TESTING, MOTION, OR ENERGIZATION"
T01_TORSO_RAIL_L,T01,PROFILE_OR_SURFACE,nominal native STEP geometry,"profile tolerance, inspection method and sampling SELECTION REQUIRED",SELECTION REQUIRED,NOT EXECUTED,NO FABRICATION OR ACCEPTANCE AUTHORITY,"PRELIMINARY - CONFIGURATION AND PACKAGING CAD ONLY - NOT APPROVED FOR PROCUREMENT, FABRICATION, ASSEMBLY, POWERED TESTING, MOTION, OR ENERGIZATION"
T01_SHOULDER_CROSS_TUBE,T01,DATUM_SCHEME,A primary mounting face/section; B longitudinal centerplane; C orthogonal centerplane,datum simulators and precedence SELECTION REQUIRED,SELECTION REQUIRED,NOT EXECUTED,NO FABRICATION OR ACCEPTANCE AUTHORITY,"PRELIMINARY - CONFIGURATION AND PACKAGING CAD ONLY - NOT APPROVED FOR PROCUREMENT, FABRICATION, ASSEMBLY, POWERED TESTING, MOTION, OR ENERGIZATION"
T01_SHOULDER_CROSS_TUBE,T01,OVERALL_X,174.000 mm nominal CAD envelope,size tolerance SELECTION REQUIRED,SELECTION REQUIRED,NOT EXECUTED,NO FABRICATION OR ACCEPTANCE AUTHORITY,"PRELIMINARY - CONFIGURATION AND PACKAGING CAD ONLY - NOT APPROVED FOR PROCUREMENT, FABRICATION, ASSEMBLY, POWERED TESTING, MOTION, OR ENERGIZATION"
T01_SHOULDER_CROSS_TUBE,T01,OVERALL_Y,28.000 mm nominal CAD envelope,size tolerance SELECTION REQUIRED,SELECTION REQUIRED,NOT EXECUTED,NO FABRICATION OR ACCEPTANCE AUTHORITY,"PRELIMINARY - CONFIGURATION AND PACKAGING CAD ONLY - NOT APPROVED FOR PROCUREMENT, FABRICATION, ASSEMBLY, POWERED TESTING, MOTION, OR ENERGIZATION"
T01_SHOULDER_CROSS_TUBE,T01,OVERALL_Z,24.000 mm nominal CAD envelope,size tolerance SELECTION REQUIRED,SELECTION REQUIRED,NOT EXECUTED,NO FABRICATION OR ACCEPTANCE AUTHORITY,"PRELIMINARY - CONFIGURATION AND PACKAGING CAD ONLY - NOT APPROVED FOR PROCUREMENT, FABRICATION, ASSEMBLY, POWERED TESTING, MOTION, OR ENERGIZATION"
T01_SHOULDER_CROSS_TUBE,T01,PROFILE_OR_SURFACE,nominal native STEP geometry,"profile tolerance, inspection method and sampling SELECTION REQUIRED",SELECTION REQUIRED,NOT EXECUTED,NO FABRICATION OR ACCEPTANCE AUTHORITY,"PRELIMINARY - CONFIGURATION AND PACKAGING CAD ONLY - NOT APPROVED FOR PROCUREMENT, FABRICATION, ASSEMBLY, POWERED TESTING, MOTION, OR ENERGIZATION"
P01_PELVIS_PLATE_FRONT,P01,DATUM_SCHEME,A largest planar face; B longest profile edge/centerline; C orthogonal profile edge/centerline,datum simulators and precedence SELECTION REQUIRED,SELECTION REQUIRED,NOT EXECUTED,NO FABRICATION OR ACCEPTANCE AUTHORITY,"PRELIMINARY - CONFIGURATION AND PACKAGING CAD ONLY - NOT APPROVED FOR PROCUREMENT, FABRICATION, ASSEMBLY, POWERED TESTING, MOTION, OR ENERGIZATION"
P01_PELVIS_PLATE_FRONT,P01,OVERALL_X,136.000 mm nominal CAD envelope,size tolerance SELECTION REQUIRED,SELECTION REQUIRED,NOT EXECUTED,NO FABRICATION OR ACCEPTANCE AUTHORITY,"PRELIMINARY - CONFIGURATION AND PACKAGING CAD ONLY - NOT APPROVED FOR PROCUREMENT, FABRICATION, ASSEMBLY, POWERED TESTING, MOTION, OR ENERGIZATION"
P01_PELVIS_PLATE_FRONT,P01,OVERALL_Y,5.000 mm nominal CAD envelope,size tolerance SELECTION REQUIRED,SELECTION REQUIRED,NOT EXECUTED,NO FABRICATION OR ACCEPTANCE AUTHORITY,"PRELIMINARY - CONFIGURATION AND PACKAGING CAD ONLY - NOT APPROVED FOR PROCUREMENT, FABRICATION, ASSEMBLY, POWERED TESTING, MOTION, OR ENERGIZATION"
P01_PELVIS_PLATE_FRONT,P01,OVERALL_Z,62.000 mm nominal CAD envelope,size tolerance SELECTION REQUIRED,SELECTION REQUIRED,NOT EXECUTED,NO FABRICATION OR ACCEPTANCE AUTHORITY,"PRELIMINARY - CONFIGURATION AND PACKAGING CAD ONLY - NOT APPROVED FOR PROCUREMENT, FABRICATION, ASSEMBLY, POWERED TESTING, MOTION, OR ENERGIZATION"
P01_PELVIS_PLATE_FRONT,P01,PROFILE_OR_SURFACE,nominal native STEP geometry,"profile tolerance, inspection method and sampling SELECTION REQUIRED",SELECTION REQUIRED,NOT EXECUTED,NO FABRICATION OR ACCEPTANCE AUTHORITY,"PRELIMINARY - CONFIGURATION AND PACKAGING CAD ONLY - NOT APPROVED FOR PROCUREMENT, FABRICATION, ASSEMBLY, POWERED TESTING, MOTION, OR ENERGIZATION"
P01_PELVIS_PLATE_REAR,P01,DATUM_SCHEME,A largest planar face; B longest profile edge/centerline; C orthogonal profile edge/centerline,datum simulators and precedence SELECTION REQUIRED,SELECTION REQUIRED,NOT EXECUTED,NO FABRICATION OR ACCEPTANCE AUTHORITY,"PRELIMINARY - CONFIGURATION AND PACKAGING CAD ONLY - NOT APPROVED FOR PROCUREMENT, FABRICATION, ASSEMBLY, POWERED TESTING, MOTION, OR ENERGIZATION"
P01_PELVIS_PLATE_REAR,P01,OVERALL_X,136.000 mm nominal CAD envelope,size tolerance SELECTION REQUIRED,SELECTION REQUIRED,NOT EXECUTED,NO FABRICATION OR ACCEPTANCE AUTHORITY,"PRELIMINARY - CONFIGURATION AND PACKAGING CAD ONLY - NOT APPROVED FOR PROCUREMENT, FABRICATION, ASSEMBLY, POWERED TESTING, MOTION, OR ENERGIZATION"
P01_PELVIS_PLATE_REAR,P01,OVERALL_Y,5.000 mm nominal CAD envelope,size tolerance SELECTION REQUIRED,SELECTION REQUIRED,NOT EXECUTED,NO FABRICATION OR ACCEPTANCE AUTHORITY,"PRELIMINARY - CONFIGURATION AND PACKAGING CAD ONLY - NOT APPROVED FOR PROCUREMENT, FABRICATION, ASSEMBLY, POWERED TESTING, MOTION, OR ENERGIZATION"
P01_PELVIS_PLATE_REAR,P01,OVERALL_Z,62.000 mm nominal CAD envelope,size tolerance SELECTION REQUIRED,SELECTION REQUIRED,NOT EXECUTED,NO FABRICATION OR ACCEPTANCE AUTHORITY,"PRELIMINARY - CONFIGURATION AND PACKAGING CAD ONLY - NOT APPROVED FOR PROCUREMENT, FABRICATION, ASSEMBLY, POWERED TESTING, MOTION, OR ENERGIZATION"
P01_PELVIS_PLATE_REAR,P01,PROFILE_OR_SURFACE,nominal native STEP geometry,"profile tolerance, inspection method and sampling SELECTION REQUIRED",SELECTION REQUIRED,NOT EXECUTED,NO FABRICATION OR ACCEPTANCE AUTHORITY,"PRELIMINARY - CONFIGURATION AND PACKAGING CAD ONLY - NOT APPROVED FOR PROCUREMENT, FABRICATION, ASSEMBLY, POWERED TESTING, MOTION, OR ENERGIZATION"
P01_WAIST_BRIDGE,P01,DATUM_SCHEME,A largest planar face; B longest profile edge/centerline; C orthogonal profile edge/centerline,datum simulators and precedence SELECTION REQUIRED,SELECTION REQUIRED,NOT EXECUTED,NO FABRICATION OR ACCEPTANCE AUTHORITY,"PRELIMINARY - CONFIGURATION AND PACKAGING CAD ONLY - NOT APPROVED FOR PROCUREMENT, FABRICATION, ASSEMBLY, POWERED TESTING, MOTION, OR ENERGIZATION"
P01_WAIST_BRIDGE,P01,OVERALL_X,112.000 mm nominal CAD envelope,size tolerance SELECTION REQUIRED,SELECTION REQUIRED,NOT EXECUTED,NO FABRICATION OR ACCEPTANCE AUTHORITY,"PRELIMINARY - CONFIGURATION AND PACKAGING CAD ONLY - NOT APPROVED FOR PROCUREMENT, FABRICATION, ASSEMBLY, POWERED TESTING, MOTION, OR ENERGIZATION"
P01_WAIST_BRIDGE,P01,OVERALL_Y,62.000 mm nominal CAD envelope,size tolerance SELECTION REQUIRED,SELECTION REQUIRED,NOT EXECUTED,NO FABRICATION OR ACCEPTANCE AUTHORITY,"PRELIMINARY - CONFIGURATION AND PACKAGING CAD ONLY - NOT APPROVED FOR PROCUREMENT, FABRICATION, ASSEMBLY, POWERED TESTING, MOTION, OR ENERGIZATION"
P01_WAIST_BRIDGE,P01,OVERALL_Z,8.000 mm nominal CAD envelope,size tolerance SELECTION REQUIRED,SELECTION REQUIRED,NOT EXECUTED,NO FABRICATION OR ACCEPTANCE AUTHORITY,"PRELIMINARY - CONFIGURATION AND PACKAGING CAD ONLY - NOT APPROVED FOR PROCUREMENT, FABRICATION, ASSEMBLY, POWERED TESTING, MOTION, OR ENERGIZATION"
P01_WAIST_BRIDGE,P01,PROFILE_OR_SURFACE,nominal native STEP geometry,"profile tolerance, inspection method and sampling SELECTION REQUIRED",SELECTION REQUIRED,NOT EXECUTED,NO FABRICATION OR ACCEPTANCE AUTHORITY,"PRELIMINARY - CONFIGURATION AND PACKAGING CAD ONLY - NOT APPROVED FOR PROCUREMENT, FABRICATION, ASSEMBLY, POWERED TESTING, MOTION, OR ENERGIZATION"
N01_NECK_TUBE,N01,DATUM_SCHEME,A primary mounting face/section; B longitudinal centerplane; C orthogonal centerplane,datum simulators and precedence SELECTION REQUIRED,SELECTION REQUIRED,NOT EXECUTED,NO FABRICATION OR ACCEPTANCE AUTHORITY,"PRELIMINARY - CONFIGURATION AND PACKAGING CAD ONLY - NOT APPROVED FOR PROCUREMENT, FABRICATION, ASSEMBLY, POWERED TESTING, MOTION, OR ENERGIZATION"
N01_NECK_TUBE,N01,OVERALL_X,38.000 mm nominal CAD envelope,size tolerance SELECTION REQUIRED,SELECTION REQUIRED,NOT EXECUTED,NO FABRICATION OR ACCEPTANCE AUTHORITY,"PRELIMINARY - CONFIGURATION AND PACKAGING CAD ONLY - NOT APPROVED FOR PROCUREMENT, FABRICATION, ASSEMBLY, POWERED TESTING, MOTION, OR ENERGIZATION"
N01_NECK_TUBE,N01,OVERALL_Y,38.000 mm nominal CAD envelope,size tolerance SELECTION REQUIRED,SELECTION REQUIRED,NOT EXECUTED,NO FABRICATION OR ACCEPTANCE AUTHORITY,"PRELIMINARY - CONFIGURATION AND PACKAGING CAD ONLY - NOT APPROVED FOR PROCUREMENT, FABRICATION, ASSEMBLY, POWERED TESTING, MOTION, OR ENERGIZATION"
N01_NECK_TUBE,N01,OVERALL_Z,58.000 mm nominal CAD envelope,size tolerance SELECTION REQUIRED,SELECTION REQUIRED,NOT EXECUTED,NO FABRICATION OR ACCEPTANCE AUTHORITY,"PRELIMINARY - CONFIGURATION AND PACKAGING CAD ONLY - NOT APPROVED FOR PROCUREMENT, FABRICATION, ASSEMBLY, POWERED TESTING, MOTION, OR ENERGIZATION"
N01_NECK_TUBE,N01,PROFILE_OR_SURFACE,nominal native STEP geometry,"profile tolerance, inspection method and sampling SELECTION REQUIRED",SELECTION REQUIRED,NOT EXECUTED,NO FABRICATION OR ACCEPTANCE AUTHORITY,"PRELIMINARY - CONFIGURATION AND PACKAGING CAD ONLY - NOT APPROVED FOR PROCUREMENT, FABRICATION, ASSEMBLY, POWERED TESTING, MOTION, OR ENERGIZATION"
P01_RESTRAINT_BRIDGE,P01,DATUM_SCHEME,A primary mounting face/section; B longitudinal centerplane; C orthogonal centerplane,datum simulators and precedence SELECTION REQUIRED,SELECTION REQUIRED,NOT EXECUTED,NO FABRICATION OR ACCEPTANCE AUTHORITY,"PRELIMINARY - CONFIGURATION AND PACKAGING CAD ONLY - NOT APPROVED FOR PROCUREMENT, FABRICATION, ASSEMBLY, POWERED TESTING, MOTION, OR ENERGIZATION"
P01_RESTRAINT_BRIDGE,P01,OVERALL_X,84.000 mm nominal CAD envelope,size tolerance SELECTION REQUIRED,SELECTION REQUIRED,NOT EXECUTED,NO FABRICATION OR ACCEPTANCE AUTHORITY,"PRELIMINARY - CONFIGURATION AND PACKAGING CAD ONLY - NOT APPROVED FOR PROCUREMENT, FABRICATION, ASSEMBLY, POWERED TESTING, MOTION, OR ENERGIZATION"
P01_RESTRAINT_BRIDGE,P01,OVERALL_Y,14.000 mm nominal CAD envelope,size tolerance SELECTION REQUIRED,SELECTION REQUIRED,NOT EXECUTED,NO FABRICATION OR ACCEPTANCE AUTHORITY,"PRELIMINARY - CONFIGURATION AND PACKAGING CAD ONLY - NOT APPROVED FOR PROCUREMENT, FABRICATION, ASSEMBLY, POWERED TESTING, MOTION, OR ENERGIZATION"
P01_RESTRAINT_BRIDGE,P01,OVERALL_Z,12.000 mm nominal CAD envelope,size tolerance SELECTION REQUIRED,SELECTION REQUIRED,NOT EXECUTED,NO FABRICATION OR ACCEPTANCE AUTHORITY,"PRELIMINARY - CONFIGURATION AND PACKAGING CAD ONLY - NOT APPROVED FOR PROCUREMENT, FABRICATION, ASSEMBLY, POWERED TESTING, MOTION, OR ENERGIZATION"
P01_RESTRAINT_BRIDGE,P01,PROFILE_OR_SURFACE,nominal native STEP geometry,"profile tolerance, inspection method and sampling SELECTION REQUIRED",SELECTION REQUIRED,NOT EXECUTED,NO FABRICATION OR ACCEPTANCE AUTHORITY,"PRELIMINARY - CONFIGURATION AND PACKAGING CAD ONLY - NOT APPROVED FOR PROCUREMENT, FABRICATION, ASSEMBLY, POWERED TESTING, MOTION, OR ENERGIZATION"
L01_SHIN_SIDE_FRONT,L01,DATUM_SCHEME,A largest planar face; B longest profile edge/centerline; C orthogonal profile edge/centerline,datum simulators and precedence SELECTION REQUIRED,SELECTION REQUIRED,NOT EXECUTED,NO FABRICATION OR ACCEPTANCE AUTHORITY,"PRELIMINARY - CONFIGURATION AND PACKAGING CAD ONLY - NOT APPROVED FOR PROCUREMENT, FABRICATION, ASSEMBLY, POWERED TESTING, MOTION, OR ENERGIZATION"
L01_SHIN_SIDE_FRONT,L01,OVERALL_X,50.000 mm nominal CAD envelope,size tolerance SELECTION REQUIRED,SELECTION REQUIRED,NOT EXECUTED,NO FABRICATION OR ACCEPTANCE AUTHORITY,"PRELIMINARY - CONFIGURATION AND PACKAGING CAD ONLY - NOT APPROVED FOR PROCUREMENT, FABRICATION, ASSEMBLY, POWERED TESTING, MOTION, OR ENERGIZATION"
L01_SHIN_SIDE_FRONT,L01,OVERALL_Y,3.000 mm nominal CAD envelope,size tolerance SELECTION REQUIRED,SELECTION REQUIRED,NOT EXECUTED,NO FABRICATION OR ACCEPTANCE AUTHORITY,"PRELIMINARY - CONFIGURATION AND PACKAGING CAD ONLY - NOT APPROVED FOR PROCUREMENT, FABRICATION, ASSEMBLY, POWERED TESTING, MOTION, OR ENERGIZATION"
L01_SHIN_SIDE_FRONT,L01,OVERALL_Z,136.000 mm nominal CAD envelope,size tolerance SELECTION REQUIRED,SELECTION REQUIRED,NOT EXECUTED,NO FABRICATION OR ACCEPTANCE AUTHORITY,"PRELIMINARY - CONFIGURATION AND PACKAGING CAD ONLY - NOT APPROVED FOR PROCUREMENT, FABRICATION, ASSEMBLY, POWERED TESTING, MOTION, OR ENERGIZATION"
L01_SHIN_SIDE_FRONT,L01,PROFILE_OR_SURFACE,nominal native STEP geometry,"profile tolerance, inspection method and sampling SELECTION REQUIRED",SELECTION REQUIRED,NOT EXECUTED,NO FABRICATION OR ACCEPTANCE AUTHORITY,"PRELIMINARY - CONFIGURATION AND PACKAGING CAD ONLY - NOT APPROVED FOR PROCUREMENT, FABRICATION, ASSEMBLY, POWERED TESTING, MOTION, OR ENERGIZATION"
L01_THIGH_SIDE_FRONT,L01,DATUM_SCHEME,A largest planar face; B longest profile edge/centerline; C orthogonal profile edge/centerline,datum simulators and precedence SELECTION REQUIRED,SELECTION REQUIRED,NOT EXECUTED,NO FABRICATION OR ACCEPTANCE AUTHORITY,"PRELIMINARY - CONFIGURATION AND PACKAGING CAD ONLY - NOT APPROVED FOR PROCUREMENT, FABRICATION, ASSEMBLY, POWERED TESTING, MOTION, OR ENERGIZATION"
L01_THIGH_SIDE_FRONT,L01,OVERALL_X,56.000 mm nominal CAD envelope,size tolerance SELECTION REQUIRED,SELECTION REQUIRED,NOT EXECUTED,NO FABRICATION OR ACCEPTANCE AUTHORITY,"PRELIMINARY - CONFIGURATION AND PACKAGING CAD ONLY - NOT APPROVED FOR PROCUREMENT, FABRICATION, ASSEMBLY, POWERED TESTING, MOTION, OR ENERGIZATION"
L01_THIGH_SIDE_FRONT,L01,OVERALL_Y,3.000 mm nominal CAD envelope,size tolerance SELECTION REQUIRED,SELECTION REQUIRED,NOT EXECUTED,NO FABRICATION OR ACCEPTANCE AUTHORITY,"PRELIMINARY - CONFIGURATION AND PACKAGING CAD ONLY - NOT APPROVED FOR PROCUREMENT, FABRICATION, ASSEMBLY, POWERED TESTING, MOTION, OR ENERGIZATION"
L01_THIGH_SIDE_FRONT,L01,OVERALL_Z,142.000 mm nominal CAD envelope,size tolerance SELECTION REQUIRED,SELECTION REQUIRED,NOT EXECUTED,NO FABRICATION OR ACCEPTANCE AUTHORITY,"PRELIMINARY - CONFIGURATION AND PACKAGING CAD ONLY - NOT APPROVED FOR PROCUREMENT, FABRICATION, ASSEMBLY, POWERED TESTING, MOTION, OR ENERGIZATION"
L01_THIGH_SIDE_FRONT,L01,PROFILE_OR_SURFACE,nominal native STEP geometry,"profile tolerance, inspection method and sampling SELECTION REQUIRED",SELECTION REQUIRED,NOT EXECUTED,NO FABRICATION OR ACCEPTANCE AUTHORITY,"PRELIMINARY - CONFIGURATION AND PACKAGING CAD ONLY - NOT APPROVED FOR PROCUREMENT, FABRICATION, ASSEMBLY, POWERED TESTING, MOTION, OR ENERGIZATION"
L01_SHIN_SIDE_REAR,L01,DATUM_SCHEME,A largest planar face; B longest profile edge/centerline; C orthogonal profile edge/centerline,datum simulators and precedence SELECTION REQUIRED,SELECTION REQUIRED,NOT EXECUTED,NO FABRICATION OR ACCEPTANCE AUTHORITY,"PRELIMINARY - CONFIGURATION AND PACKAGING CAD ONLY - NOT APPROVED FOR PROCUREMENT, FABRICATION, ASSEMBLY, POWERED TESTING, MOTION, OR ENERGIZATION"
L01_SHIN_SIDE_REAR,L01,OVERALL_X,50.000 mm nominal CAD envelope,size tolerance SELECTION REQUIRED,SELECTION REQUIRED,NOT EXECUTED,NO FABRICATION OR ACCEPTANCE AUTHORITY,"PRELIMINARY - CONFIGURATION AND PACKAGING CAD ONLY - NOT APPROVED FOR PROCUREMENT, FABRICATION, ASSEMBLY, POWERED TESTING, MOTION, OR ENERGIZATION"
L01_SHIN_SIDE_REAR,L01,OVERALL_Y,3.000 mm nominal CAD envelope,size tolerance SELECTION REQUIRED,SELECTION REQUIRED,NOT EXECUTED,NO FABRICATION OR ACCEPTANCE AUTHORITY,"PRELIMINARY - CONFIGURATION AND PACKAGING CAD ONLY - NOT APPROVED FOR PROCUREMENT, FABRICATION, ASSEMBLY, POWERED TESTING, MOTION, OR ENERGIZATION"
L01_SHIN_SIDE_REAR,L01,OVERALL_Z,136.000 mm nominal CAD envelope,size tolerance SELECTION REQUIRED,SELECTION REQUIRED,NOT EXECUTED,NO FABRICATION OR ACCEPTANCE AUTHORITY,"PRELIMINARY - CONFIGURATION AND PACKAGING CAD ONLY - NOT APPROVED FOR PROCUREMENT, FABRICATION, ASSEMBLY, POWERED TESTING, MOTION, OR ENERGIZATION"
L01_SHIN_SIDE_REAR,L01,PROFILE_OR_SURFACE,nominal native STEP geometry,"profile tolerance, inspection method and sampling SELECTION REQUIRED",SELECTION REQUIRED,NOT EXECUTED,NO FABRICATION OR ACCEPTANCE AUTHORITY,"PRELIMINARY - CONFIGURATION AND PACKAGING CAD ONLY - NOT APPROVED FOR PROCUREMENT, FABRICATION, ASSEMBLY, POWERED TESTING, MOTION, OR ENERGIZATION"
L01_THIGH_SIDE_REAR,L01,DATUM_SCHEME,A largest planar face; B longest profile edge/centerline; C orthogonal profile edge/centerline,datum simulators and precedence SELECTION REQUIRED,SELECTION REQUIRED,NOT EXECUTED,NO FABRICATION OR ACCEPTANCE AUTHORITY,"PRELIMINARY - CONFIGURATION AND PACKAGING CAD ONLY - NOT APPROVED FOR PROCUREMENT, FABRICATION, ASSEMBLY, POWERED TESTING, MOTION, OR ENERGIZATION"
L01_THIGH_SIDE_REAR,L01,OVERALL_X,56.000 mm nominal CAD envelope,size tolerance SELECTION REQUIRED,SELECTION REQUIRED,NOT EXECUTED,NO FABRICATION OR ACCEPTANCE AUTHORITY,"PRELIMINARY - CONFIGURATION AND PACKAGING CAD ONLY - NOT APPROVED FOR PROCUREMENT, FABRICATION, ASSEMBLY, POWERED TESTING, MOTION, OR ENERGIZATION"
L01_THIGH_SIDE_REAR,L01,OVERALL_Y,3.000 mm nominal CAD envelope,size tolerance SELECTION REQUIRED,SELECTION REQUIRED,NOT EXECUTED,NO FABRICATION OR ACCEPTANCE AUTHORITY,"PRELIMINARY - CONFIGURATION AND PACKAGING CAD ONLY - NOT APPROVED FOR PROCUREMENT, FABRICATION, ASSEMBLY, POWERED TESTING, MOTION, OR ENERGIZATION"
L01_THIGH_SIDE_REAR,L01,OVERALL_Z,142.000 mm nominal CAD envelope,size tolerance SELECTION REQUIRED,SELECTION REQUIRED,NOT EXECUTED,NO FABRICATION OR ACCEPTANCE AUTHORITY,"PRELIMINARY - CONFIGURATION AND PACKAGING CAD ONLY - NOT APPROVED FOR PROCUREMENT, FABRICATION, ASSEMBLY, POWERED TESTING, MOTION, OR ENERGIZATION"
L01_THIGH_SIDE_REAR,L01,PROFILE_OR_SURFACE,nominal native STEP geometry,"profile tolerance, inspection method and sampling SELECTION REQUIRED",SELECTION REQUIRED,NOT EXECUTED,NO FABRICATION OR ACCEPTANCE AUTHORITY,"PRELIMINARY - CONFIGURATION AND PACKAGING CAD ONLY - NOT APPROVED FOR PROCUREMENT, FABRICATION, ASSEMBLY, POWERED TESTING, MOTION, OR ENERGIZATION"
L01_SHIN_TIE_Z72,L01,DATUM_SCHEME,A largest planar face; B longest profile edge/centerline; C orthogonal profile edge/centerline,datum simulators and precedence SELECTION REQUIRED,SELECTION REQUIRED,NOT EXECUTED,NO FABRICATION OR ACCEPTANCE AUTHORITY,"PRELIMINARY - CONFIGURATION AND PACKAGING CAD ONLY - NOT APPROVED FOR PROCUREMENT, FABRICATION, ASSEMBLY, POWERED TESTING, MOTION, OR ENERGIZATION"
L01_SHIN_TIE_Z72,L01,OVERALL_X,42.000 mm nominal CAD envelope,size tolerance SELECTION REQUIRED,SELECTION REQUIRED,NOT EXECUTED,NO FABRICATION OR ACCEPTANCE AUTHORITY,"PRELIMINARY - CONFIGURATION AND PACKAGING CAD ONLY - NOT APPROVED FOR PROCUREMENT, FABRICATION, ASSEMBLY, POWERED TESTING, MOTION, OR ENERGIZATION"
L01_SHIN_TIE_Z72,L01,OVERALL_Y,40.000 mm nominal CAD envelope,size tolerance SELECTION REQUIRED,SELECTION REQUIRED,NOT EXECUTED,NO FABRICATION OR ACCEPTANCE AUTHORITY,"PRELIMINARY - CONFIGURATION AND PACKAGING CAD ONLY - NOT APPROVED FOR PROCUREMENT, FABRICATION, ASSEMBLY, POWERED TESTING, MOTION, OR ENERGIZATION"
L01_SHIN_TIE_Z72,L01,OVERALL_Z,3.000 mm nominal CAD envelope,size tolerance SELECTION REQUIRED,SELECTION REQUIRED,NOT EXECUTED,NO FABRICATION OR ACCEPTANCE AUTHORITY,"PRELIMINARY - CONFIGURATION AND PACKAGING CAD ONLY - NOT APPROVED FOR PROCUREMENT, FABRICATION, ASSEMBLY, POWERED TESTING, MOTION, OR ENERGIZATION"
L01_SHIN_TIE_Z72,L01,PROFILE_OR_SURFACE,nominal native STEP geometry,"profile tolerance, inspection method and sampling SELECTION REQUIRED",SELECTION REQUIRED,NOT EXECUTED,NO FABRICATION OR ACCEPTANCE AUTHORITY,"PRELIMINARY - CONFIGURATION AND PACKAGING CAD ONLY - NOT APPROVED FOR PROCUREMENT, FABRICATION, ASSEMBLY, POWERED TESTING, MOTION, OR ENERGIZATION"
L01_SHIN_TIE_Z135,L01,DATUM_SCHEME,A largest planar face; B longest profile edge/centerline; C orthogonal profile edge/centerline,datum simulators and precedence SELECTION REQUIRED,SELECTION REQUIRED,NOT EXECUTED,NO FABRICATION OR ACCEPTANCE AUTHORITY,"PRELIMINARY - CONFIGURATION AND PACKAGING CAD ONLY - NOT APPROVED FOR PROCUREMENT, FABRICATION, ASSEMBLY, POWERED TESTING, MOTION, OR ENERGIZATION"
L01_SHIN_TIE_Z135,L01,OVERALL_X,42.000 mm nominal CAD envelope,size tolerance SELECTION REQUIRED,SELECTION REQUIRED,NOT EXECUTED,NO FABRICATION OR ACCEPTANCE AUTHORITY,"PRELIMINARY - CONFIGURATION AND PACKAGING CAD ONLY - NOT APPROVED FOR PROCUREMENT, FABRICATION, ASSEMBLY, POWERED TESTING, MOTION, OR ENERGIZATION"
L01_SHIN_TIE_Z135,L01,OVERALL_Y,40.000 mm nominal CAD envelope,size tolerance SELECTION REQUIRED,SELECTION REQUIRED,NOT EXECUTED,NO FABRICATION OR ACCEPTANCE AUTHORITY,"PRELIMINARY - CONFIGURATION AND PACKAGING CAD ONLY - NOT APPROVED FOR PROCUREMENT, FABRICATION, ASSEMBLY, POWERED TESTING, MOTION, OR ENERGIZATION"
L01_SHIN_TIE_Z135,L01,OVERALL_Z,3.000 mm nominal CAD envelope,size tolerance SELECTION REQUIRED,SELECTION REQUIRED,NOT EXECUTED,NO FABRICATION OR ACCEPTANCE AUTHORITY,"PRELIMINARY - CONFIGURATION AND PACKAGING CAD ONLY - NOT APPROVED FOR PROCUREMENT, FABRICATION, ASSEMBLY, POWERED TESTING, MOTION, OR ENERGIZATION"
L01_SHIN_TIE_Z135,L01,PROFILE_OR_SURFACE,nominal native STEP geometry,"profile tolerance, inspection method and sampling SELECTION REQUIRED",SELECTION REQUIRED,NOT EXECUTED,NO FABRICATION OR ACCEPTANCE AUTHORITY,"PRELIMINARY - CONFIGURATION AND PACKAGING CAD ONLY - NOT APPROVED FOR PROCUREMENT, FABRICATION, ASSEMBLY, POWERED TESTING, MOTION, OR ENERGIZATION"
L01_SHIN_TIE_Z183,L01,DATUM_SCHEME,A largest planar face; B longest profile edge/centerline; C orthogonal profile edge/centerline,datum simulators and precedence SELECTION REQUIRED,SELECTION REQUIRED,NOT EXECUTED,NO FABRICATION OR ACCEPTANCE AUTHORITY,"PRELIMINARY - CONFIGURATION AND PACKAGING CAD ONLY - NOT APPROVED FOR PROCUREMENT, FABRICATION, ASSEMBLY, POWERED TESTING, MOTION, OR ENERGIZATION"
L01_SHIN_TIE_Z183,L01,OVERALL_X,42.000 mm nominal CAD envelope,size tolerance SELECTION REQUIRED,SELECTION REQUIRED,NOT EXECUTED,NO FABRICATION OR ACCEPTANCE AUTHORITY,"PRELIMINARY - CONFIGURATION AND PACKAGING CAD ONLY - NOT APPROVED FOR PROCUREMENT, FABRICATION, ASSEMBLY, POWERED TESTING, MOTION, OR ENERGIZATION"
L01_SHIN_TIE_Z183,L01,OVERALL_Y,40.000 mm nominal CAD envelope,size tolerance SELECTION REQUIRED,SELECTION REQUIRED,NOT EXECUTED,NO FABRICATION OR ACCEPTANCE AUTHORITY,"PRELIMINARY - CONFIGURATION AND PACKAGING CAD ONLY - NOT APPROVED FOR PROCUREMENT, FABRICATION, ASSEMBLY, POWERED TESTING, MOTION, OR ENERGIZATION"
L01_SHIN_TIE_Z183,L01,OVERALL_Z,3.000 mm nominal CAD envelope,size tolerance SELECTION REQUIRED,SELECTION REQUIRED,NOT EXECUTED,NO FABRICATION OR ACCEPTANCE AUTHORITY,"PRELIMINARY - CONFIGURATION AND PACKAGING CAD ONLY - NOT APPROVED FOR PROCUREMENT, FABRICATION, ASSEMBLY, POWERED TESTING, MOTION, OR ENERGIZATION"
L01_SHIN_TIE_Z183,L01,PROFILE_OR_SURFACE,nominal native STEP geometry,"profile tolerance, inspection method and sampling SELECTION REQUIRED",SELECTION REQUIRED,NOT EXECUTED,NO FABRICATION OR ACCEPTANCE AUTHORITY,"PRELIMINARY - CONFIGURATION AND PACKAGING CAD ONLY - NOT APPROVED FOR PROCUREMENT, FABRICATION, ASSEMBLY, POWERED TESTING, MOTION, OR ENERGIZATION"
L01_THIGH_TIE_Z235,L01,DATUM_SCHEME,A largest planar face; B longest profile edge/centerline; C orthogonal profile edge/centerline,datum simulators and precedence SELECTION REQUIRED,SELECTION REQUIRED,NOT EXECUTED,NO FABRICATION OR ACCEPTANCE AUTHORITY,"PRELIMINARY - CONFIGURATION AND PACKAGING CAD ONLY - NOT APPROVED FOR PROCUREMENT, FABRICATION, ASSEMBLY, POWERED TESTING, MOTION, OR ENERGIZATION"
L01_THIGH_TIE_Z235,L01,OVERALL_X,46.000 mm nominal CAD envelope,size tolerance SELECTION REQUIRED,SELECTION REQUIRED,NOT EXECUTED,NO FABRICATION OR ACCEPTANCE AUTHORITY,"PRELIMINARY - CONFIGURATION AND PACKAGING CAD ONLY - NOT APPROVED FOR PROCUREMENT, FABRICATION, ASSEMBLY, POWERED TESTING, MOTION, OR ENERGIZATION"
L01_THIGH_TIE_Z235,L01,OVERALL_Y,40.000 mm nominal CAD envelope,size tolerance SELECTION REQUIRED,SELECTION REQUIRED,NOT EXECUTED,NO FABRICATION OR ACCEPTANCE AUTHORITY,"PRELIMINARY - CONFIGURATION AND PACKAGING CAD ONLY - NOT APPROVED FOR PROCUREMENT, FABRICATION, ASSEMBLY, POWERED TESTING, MOTION, OR ENERGIZATION"
L01_THIGH_TIE_Z235,L01,OVERALL_Z,3.000 mm nominal CAD envelope,size tolerance SELECTION REQUIRED,SELECTION REQUIRED,NOT EXECUTED,NO FABRICATION OR ACCEPTANCE AUTHORITY,"PRELIMINARY - CONFIGURATION AND PACKAGING CAD ONLY - NOT APPROVED FOR PROCUREMENT, FABRICATION, ASSEMBLY, POWERED TESTING, MOTION, OR ENERGIZATION"
L01_THIGH_TIE_Z235,L01,PROFILE_OR_SURFACE,nominal native STEP geometry,"profile tolerance, inspection method and sampling SELECTION REQUIRED",SELECTION REQUIRED,NOT EXECUTED,NO FABRICATION OR ACCEPTANCE AUTHORITY,"PRELIMINARY - CONFIGURATION AND PACKAGING CAD ONLY - NOT APPROVED FOR PROCUREMENT, FABRICATION, ASSEMBLY, POWERED TESTING, MOTION, OR ENERGIZATION"
L01_THIGH_TIE_Z300,L01,DATUM_SCHEME,A largest planar face; B longest profile edge/centerline; C orthogonal profile edge/centerline,datum simulators and precedence SELECTION REQUIRED,SELECTION REQUIRED,NOT EXECUTED,NO FABRICATION OR ACCEPTANCE AUTHORITY,"PRELIMINARY - CONFIGURATION AND PACKAGING CAD ONLY - NOT APPROVED FOR PROCUREMENT, FABRICATION, ASSEMBLY, POWERED TESTING, MOTION, OR ENERGIZATION"
L01_THIGH_TIE_Z300,L01,OVERALL_X,46.000 mm nominal CAD envelope,size tolerance SELECTION REQUIRED,SELECTION REQUIRED,NOT EXECUTED,NO FABRICATION OR ACCEPTANCE AUTHORITY,"PRELIMINARY - CONFIGURATION AND PACKAGING CAD ONLY - NOT APPROVED FOR PROCUREMENT, FABRICATION, ASSEMBLY, POWERED TESTING, MOTION, OR ENERGIZATION"
L01_THIGH_TIE_Z300,L01,OVERALL_Y,40.000 mm nominal CAD envelope,size tolerance SELECTION REQUIRED,SELECTION REQUIRED,NOT EXECUTED,NO FABRICATION OR ACCEPTANCE AUTHORITY,"PRELIMINARY - CONFIGURATION AND PACKAGING CAD ONLY - NOT APPROVED FOR PROCUREMENT, FABRICATION, ASSEMBLY, POWERED TESTING, MOTION, OR ENERGIZATION"
L01_THIGH_TIE_Z300,L01,OVERALL_Z,3.000 mm nominal CAD envelope,size tolerance SELECTION REQUIRED,SELECTION REQUIRED,NOT EXECUTED,NO FABRICATION OR ACCEPTANCE AUTHORITY,"PRELIMINARY - CONFIGURATION AND PACKAGING CAD ONLY - NOT APPROVED FOR PROCUREMENT, FABRICATION, ASSEMBLY, POWERED TESTING, MOTION, OR ENERGIZATION"
L01_THIGH_TIE_Z300,L01,PROFILE_OR_SURFACE,nominal native STEP geometry,"profile tolerance, inspection method and sampling SELECTION REQUIRED",SELECTION REQUIRED,NOT EXECUTED,NO FABRICATION OR ACCEPTANCE AUTHORITY,"PRELIMINARY - CONFIGURATION AND PACKAGING CAD ONLY - NOT APPROVED FOR PROCUREMENT, FABRICATION, ASSEMBLY, POWERED TESTING, MOTION, OR ENERGIZATION"
L01_THIGH_TIE_Z355,L01,DATUM_SCHEME,A largest planar face; B longest profile edge/centerline; C orthogonal profile edge/centerline,datum simulators and precedence SELECTION REQUIRED,SELECTION REQUIRED,NOT EXECUTED,NO FABRICATION OR ACCEPTANCE AUTHORITY,"PRELIMINARY - CONFIGURATION AND PACKAGING CAD ONLY - NOT APPROVED FOR PROCUREMENT, FABRICATION, ASSEMBLY, POWERED TESTING, MOTION, OR ENERGIZATION"
L01_THIGH_TIE_Z355,L01,OVERALL_X,46.000 mm nominal CAD envelope,size tolerance SELECTION REQUIRED,SELECTION REQUIRED,NOT EXECUTED,NO FABRICATION OR ACCEPTANCE AUTHORITY,"PRELIMINARY - CONFIGURATION AND PACKAGING CAD ONLY - NOT APPROVED FOR PROCUREMENT, FABRICATION, ASSEMBLY, POWERED TESTING, MOTION, OR ENERGIZATION"
L01_THIGH_TIE_Z355,L01,OVERALL_Y,40.000 mm nominal CAD envelope,size tolerance SELECTION REQUIRED,SELECTION REQUIRED,NOT EXECUTED,NO FABRICATION OR ACCEPTANCE AUTHORITY,"PRELIMINARY - CONFIGURATION AND PACKAGING CAD ONLY - NOT APPROVED FOR PROCUREMENT, FABRICATION, ASSEMBLY, POWERED TESTING, MOTION, OR ENERGIZATION"
L01_THIGH_TIE_Z355,L01,OVERALL_Z,3.000 mm nominal CAD envelope,size tolerance SELECTION REQUIRED,SELECTION REQUIRED,NOT EXECUTED,NO FABRICATION OR ACCEPTANCE AUTHORITY,"PRELIMINARY - CONFIGURATION AND PACKAGING CAD ONLY - NOT APPROVED FOR PROCUREMENT, FABRICATION, ASSEMBLY, POWERED TESTING, MOTION, OR ENERGIZATION"
L01_THIGH_TIE_Z355,L01,PROFILE_OR_SURFACE,nominal native STEP geometry,"profile tolerance, inspection method and sampling SELECTION REQUIRED",SELECTION REQUIRED,NOT EXECUTED,NO FABRICATION OR ACCEPTANCE AUTHORITY,"PRELIMINARY - CONFIGURATION AND PACKAGING CAD ONLY - NOT APPROVED FOR PROCUREMENT, FABRICATION, ASSEMBLY, POWERED TESTING, MOTION, OR ENERGIZATION"
F01_SOLE_CARRIER,F01,DATUM_SCHEME,A largest planar face; B longest profile edge/centerline; C orthogonal profile edge/centerline,datum simulators and precedence SELECTION REQUIRED,SELECTION REQUIRED,NOT EXECUTED,NO FABRICATION OR ACCEPTANCE AUTHORITY,"PRELIMINARY - CONFIGURATION AND PACKAGING CAD ONLY - NOT APPROVED FOR PROCUREMENT, FABRICATION, ASSEMBLY, POWERED TESTING, MOTION, OR ENERGIZATION"
F01_SOLE_CARRIER,F01,OVERALL_X,86.000 mm nominal CAD envelope,size tolerance SELECTION REQUIRED,SELECTION REQUIRED,NOT EXECUTED,NO FABRICATION OR ACCEPTANCE AUTHORITY,"PRELIMINARY - CONFIGURATION AND PACKAGING CAD ONLY - NOT APPROVED FOR PROCUREMENT, FABRICATION, ASSEMBLY, POWERED TESTING, MOTION, OR ENERGIZATION"
F01_SOLE_CARRIER,F01,OVERALL_Y,138.000 mm nominal CAD envelope,size tolerance SELECTION REQUIRED,SELECTION REQUIRED,NOT EXECUTED,NO FABRICATION OR ACCEPTANCE AUTHORITY,"PRELIMINARY - CONFIGURATION AND PACKAGING CAD ONLY - NOT APPROVED FOR PROCUREMENT, FABRICATION, ASSEMBLY, POWERED TESTING, MOTION, OR ENERGIZATION"
F01_SOLE_CARRIER,F01,OVERALL_Z,4.000 mm nominal CAD envelope,size tolerance SELECTION REQUIRED,SELECTION REQUIRED,NOT EXECUTED,NO FABRICATION OR ACCEPTANCE AUTHORITY,"PRELIMINARY - CONFIGURATION AND PACKAGING CAD ONLY - NOT APPROVED FOR PROCUREMENT, FABRICATION, ASSEMBLY, POWERED TESTING, MOTION, OR ENERGIZATION"
F01_SOLE_CARRIER,F01,PROFILE_OR_SURFACE,nominal native STEP geometry,"profile tolerance, inspection method and sampling SELECTION REQUIRED",SELECTION REQUIRED,NOT EXECUTED,NO FABRICATION OR ACCEPTANCE AUTHORITY,"PRELIMINARY - CONFIGURATION AND PACKAGING CAD ONLY - NOT APPROVED FOR PROCUREMENT, FABRICATION, ASSEMBLY, POWERED TESTING, MOTION, OR ENERGIZATION"
F01_TOP_BRIDGE,F01,DATUM_SCHEME,A largest planar face; B longest profile edge/centerline; C orthogonal profile edge/centerline,datum simulators and precedence SELECTION REQUIRED,SELECTION REQUIRED,NOT EXECUTED,NO FABRICATION OR ACCEPTANCE AUTHORITY,"PRELIMINARY - CONFIGURATION AND PACKAGING CAD ONLY - NOT APPROVED FOR PROCUREMENT, FABRICATION, ASSEMBLY, POWERED TESTING, MOTION, OR ENERGIZATION"
F01_TOP_BRIDGE,F01,OVERALL_X,68.000 mm nominal CAD envelope,size tolerance SELECTION REQUIRED,SELECTION REQUIRED,NOT EXECUTED,NO FABRICATION OR ACCEPTANCE AUTHORITY,"PRELIMINARY - CONFIGURATION AND PACKAGING CAD ONLY - NOT APPROVED FOR PROCUREMENT, FABRICATION, ASSEMBLY, POWERED TESTING, MOTION, OR ENERGIZATION"
F01_TOP_BRIDGE,F01,OVERALL_Y,86.000 mm nominal CAD envelope,size tolerance SELECTION REQUIRED,SELECTION REQUIRED,NOT EXECUTED,NO FABRICATION OR ACCEPTANCE AUTHORITY,"PRELIMINARY - CONFIGURATION AND PACKAGING CAD ONLY - NOT APPROVED FOR PROCUREMENT, FABRICATION, ASSEMBLY, POWERED TESTING, MOTION, OR ENERGIZATION"
F01_TOP_BRIDGE,F01,OVERALL_Z,3.000 mm nominal CAD envelope,size tolerance SELECTION REQUIRED,SELECTION REQUIRED,NOT EXECUTED,NO FABRICATION OR ACCEPTANCE AUTHORITY,"PRELIMINARY - CONFIGURATION AND PACKAGING CAD ONLY - NOT APPROVED FOR PROCUREMENT, FABRICATION, ASSEMBLY, POWERED TESTING, MOTION, OR ENERGIZATION"
F01_TOP_BRIDGE,F01,PROFILE_OR_SURFACE,nominal native STEP geometry,"profile tolerance, inspection method and sampling SELECTION REQUIRED",SELECTION REQUIRED,NOT EXECUTED,NO FABRICATION OR ACCEPTANCE AUTHORITY,"PRELIMINARY - CONFIGURATION AND PACKAGING CAD ONLY - NOT APPROVED FOR PROCUREMENT, FABRICATION, ASSEMBLY, POWERED TESTING, MOTION, OR ENERGIZATION"
A01_UPPER_ARM_LINK_FRONT,A01,DATUM_SCHEME,A largest planar face; B longest profile edge/centerline; C orthogonal profile edge/centerline,datum simulators and precedence SELECTION REQUIRED,SELECTION REQUIRED,NOT EXECUTED,NO FABRICATION OR ACCEPTANCE AUTHORITY,"PRELIMINARY - CONFIGURATION AND PACKAGING CAD ONLY - NOT APPROVED FOR PROCUREMENT, FABRICATION, ASSEMBLY, POWERED TESTING, MOTION, OR ENERGIZATION"
A01_UPPER_ARM_LINK_FRONT,A01,OVERALL_X,41.870 mm nominal CAD envelope,size tolerance SELECTION REQUIRED,SELECTION REQUIRED,NOT EXECUTED,NO FABRICATION OR ACCEPTANCE AUTHORITY,"PRELIMINARY - CONFIGURATION AND PACKAGING CAD ONLY - NOT APPROVED FOR PROCUREMENT, FABRICATION, ASSEMBLY, POWERED TESTING, MOTION, OR ENERGIZATION"
A01_UPPER_ARM_LINK_FRONT,A01,OVERALL_Y,28.000 mm nominal CAD envelope,size tolerance SELECTION REQUIRED,SELECTION REQUIRED,NOT EXECUTED,NO FABRICATION OR ACCEPTANCE AUTHORITY,"PRELIMINARY - CONFIGURATION AND PACKAGING CAD ONLY - NOT APPROVED FOR PROCUREMENT, FABRICATION, ASSEMBLY, POWERED TESTING, MOTION, OR ENERGIZATION"
A01_UPPER_ARM_LINK_FRONT,A01,OVERALL_Z,146.120 mm nominal CAD envelope,size tolerance SELECTION REQUIRED,SELECTION REQUIRED,NOT EXECUTED,NO FABRICATION OR ACCEPTANCE AUTHORITY,"PRELIMINARY - CONFIGURATION AND PACKAGING CAD ONLY - NOT APPROVED FOR PROCUREMENT, FABRICATION, ASSEMBLY, POWERED TESTING, MOTION, OR ENERGIZATION"
A01_UPPER_ARM_LINK_FRONT,A01,PROFILE_OR_SURFACE,nominal native STEP geometry,"profile tolerance, inspection method and sampling SELECTION REQUIRED",SELECTION REQUIRED,NOT EXECUTED,NO FABRICATION OR ACCEPTANCE AUTHORITY,"PRELIMINARY - CONFIGURATION AND PACKAGING CAD ONLY - NOT APPROVED FOR PROCUREMENT, FABRICATION, ASSEMBLY, POWERED TESTING, MOTION, OR ENERGIZATION"
A01_FOREARM_LINK_FRONT,A01,DATUM_SCHEME,A largest planar face; B longest profile edge/centerline; C orthogonal profile edge/centerline,datum simulators and precedence SELECTION REQUIRED,SELECTION REQUIRED,NOT EXECUTED,NO FABRICATION OR ACCEPTANCE AUTHORITY,"PRELIMINARY - CONFIGURATION AND PACKAGING CAD ONLY - NOT APPROVED FOR PROCUREMENT, FABRICATION, ASSEMBLY, POWERED TESTING, MOTION, OR ENERGIZATION"
A01_FOREARM_LINK_FRONT,A01,OVERALL_X,8.998 mm nominal CAD envelope,size tolerance SELECTION REQUIRED,SELECTION REQUIRED,NOT EXECUTED,NO FABRICATION OR ACCEPTANCE AUTHORITY,"PRELIMINARY - CONFIGURATION AND PACKAGING CAD ONLY - NOT APPROVED FOR PROCUREMENT, FABRICATION, ASSEMBLY, POWERED TESTING, MOTION, OR ENERGIZATION"
A01_FOREARM_LINK_FRONT,A01,OVERALL_Y,26.000 mm nominal CAD envelope,size tolerance SELECTION REQUIRED,SELECTION REQUIRED,NOT EXECUTED,NO FABRICATION OR ACCEPTANCE AUTHORITY,"PRELIMINARY - CONFIGURATION AND PACKAGING CAD ONLY - NOT APPROVED FOR PROCUREMENT, FABRICATION, ASSEMBLY, POWERED TESTING, MOTION, OR ENERGIZATION"
A01_FOREARM_LINK_FRONT,A01,OVERALL_Z,145.052 mm nominal CAD envelope,size tolerance SELECTION REQUIRED,SELECTION REQUIRED,NOT EXECUTED,NO FABRICATION OR ACCEPTANCE AUTHORITY,"PRELIMINARY - CONFIGURATION AND PACKAGING CAD ONLY - NOT APPROVED FOR PROCUREMENT, FABRICATION, ASSEMBLY, POWERED TESTING, MOTION, OR ENERGIZATION"
A01_FOREARM_LINK_FRONT,A01,PROFILE_OR_SURFACE,nominal native STEP geometry,"profile tolerance, inspection method and sampling SELECTION REQUIRED",SELECTION REQUIRED,NOT EXECUTED,NO FABRICATION OR ACCEPTANCE AUTHORITY,"PRELIMINARY - CONFIGURATION AND PACKAGING CAD ONLY - NOT APPROVED FOR PROCUREMENT, FABRICATION, ASSEMBLY, POWERED TESTING, MOTION, OR ENERGIZATION"
A01_UPPER_ARM_LINK_REAR,A01,DATUM_SCHEME,A largest planar face; B longest profile edge/centerline; C orthogonal profile edge/centerline,datum simulators and precedence SELECTION REQUIRED,SELECTION REQUIRED,NOT EXECUTED,NO FABRICATION OR ACCEPTANCE AUTHORITY,"PRELIMINARY - CONFIGURATION AND PACKAGING CAD ONLY - NOT APPROVED FOR PROCUREMENT, FABRICATION, ASSEMBLY, POWERED TESTING, MOTION, OR ENERGIZATION"
A01_UPPER_ARM_LINK_REAR,A01,OVERALL_X,41.870 mm nominal CAD envelope,size tolerance SELECTION REQUIRED,SELECTION REQUIRED,NOT EXECUTED,NO FABRICATION OR ACCEPTANCE AUTHORITY,"PRELIMINARY - CONFIGURATION AND PACKAGING CAD ONLY - NOT APPROVED FOR PROCUREMENT, FABRICATION, ASSEMBLY, POWERED TESTING, MOTION, OR ENERGIZATION"
A01_UPPER_ARM_LINK_REAR,A01,OVERALL_Y,28.000 mm nominal CAD envelope,size tolerance SELECTION REQUIRED,SELECTION REQUIRED,NOT EXECUTED,NO FABRICATION OR ACCEPTANCE AUTHORITY,"PRELIMINARY - CONFIGURATION AND PACKAGING CAD ONLY - NOT APPROVED FOR PROCUREMENT, FABRICATION, ASSEMBLY, POWERED TESTING, MOTION, OR ENERGIZATION"
A01_UPPER_ARM_LINK_REAR,A01,OVERALL_Z,146.120 mm nominal CAD envelope,size tolerance SELECTION REQUIRED,SELECTION REQUIRED,NOT EXECUTED,NO FABRICATION OR ACCEPTANCE AUTHORITY,"PRELIMINARY - CONFIGURATION AND PACKAGING CAD ONLY - NOT APPROVED FOR PROCUREMENT, FABRICATION, ASSEMBLY, POWERED TESTING, MOTION, OR ENERGIZATION"
A01_UPPER_ARM_LINK_REAR,A01,PROFILE_OR_SURFACE,nominal native STEP geometry,"profile tolerance, inspection method and sampling SELECTION REQUIRED",SELECTION REQUIRED,NOT EXECUTED,NO FABRICATION OR ACCEPTANCE AUTHORITY,"PRELIMINARY - CONFIGURATION AND PACKAGING CAD ONLY - NOT APPROVED FOR PROCUREMENT, FABRICATION, ASSEMBLY, POWERED TESTING, MOTION, OR ENERGIZATION"
A01_FOREARM_LINK_REAR,A01,DATUM_SCHEME,A largest planar face; B longest profile edge/centerline; C orthogonal profile edge/centerline,datum simulators and precedence SELECTION REQUIRED,SELECTION REQUIRED,NOT EXECUTED,NO FABRICATION OR ACCEPTANCE AUTHORITY,"PRELIMINARY - CONFIGURATION AND PACKAGING CAD ONLY - NOT APPROVED FOR PROCUREMENT, FABRICATION, ASSEMBLY, POWERED TESTING, MOTION, OR ENERGIZATION"
A01_FOREARM_LINK_REAR,A01,OVERALL_X,8.998 mm nominal CAD envelope,size tolerance SELECTION REQUIRED,SELECTION REQUIRED,NOT EXECUTED,NO FABRICATION OR ACCEPTANCE AUTHORITY,"PRELIMINARY - CONFIGURATION AND PACKAGING CAD ONLY - NOT APPROVED FOR PROCUREMENT, FABRICATION, ASSEMBLY, POWERED TESTING, MOTION, OR ENERGIZATION"
A01_FOREARM_LINK_REAR,A01,OVERALL_Y,26.000 mm nominal CAD envelope,size tolerance SELECTION REQUIRED,SELECTION REQUIRED,NOT EXECUTED,NO FABRICATION OR ACCEPTANCE AUTHORITY,"PRELIMINARY - CONFIGURATION AND PACKAGING CAD ONLY - NOT APPROVED FOR PROCUREMENT, FABRICATION, ASSEMBLY, POWERED TESTING, MOTION, OR ENERGIZATION"
A01_FOREARM_LINK_REAR,A01,OVERALL_Z,145.052 mm nominal CAD envelope,size tolerance SELECTION REQUIRED,SELECTION REQUIRED,NOT EXECUTED,NO FABRICATION OR ACCEPTANCE AUTHORITY,"PRELIMINARY - CONFIGURATION AND PACKAGING CAD ONLY - NOT APPROVED FOR PROCUREMENT, FABRICATION, ASSEMBLY, POWERED TESTING, MOTION, OR ENERGIZATION"
A01_FOREARM_LINK_REAR,A01,PROFILE_OR_SURFACE,nominal native STEP geometry,"profile tolerance, inspection method and sampling SELECTION REQUIRED",SELECTION REQUIRED,NOT EXECUTED,NO FABRICATION OR ACCEPTANCE AUTHORITY,"PRELIMINARY - CONFIGURATION AND PACKAGING CAD ONLY - NOT APPROVED FOR PROCUREMENT, FABRICATION, ASSEMBLY, POWERED TESTING, MOTION, OR ENERGIZATION"
L01_SHIN_FRONT_COVER,L01,DATUM_SCHEME,A mounting/seam surface; B longest edge/centerplane; C orthogonal edge/centerplane,datum simulators and precedence SELECTION REQUIRED,SELECTION REQUIRED,NOT EXECUTED,NO FABRICATION OR ACCEPTANCE AUTHORITY,"PRELIMINARY - CONFIGURATION AND PACKAGING CAD ONLY - NOT APPROVED FOR PROCUREMENT, FABRICATION, ASSEMBLY, POWERED TESTING, MOTION, OR ENERGIZATION"
L01_SHIN_FRONT_COVER,L01,OVERALL_X,60.002 mm nominal CAD envelope,size tolerance SELECTION REQUIRED,SELECTION REQUIRED,NOT EXECUTED,NO FABRICATION OR ACCEPTANCE AUTHORITY,"PRELIMINARY - CONFIGURATION AND PACKAGING CAD ONLY - NOT APPROVED FOR PROCUREMENT, FABRICATION, ASSEMBLY, POWERED TESTING, MOTION, OR ENERGIZATION"
L01_SHIN_FRONT_COVER,L01,OVERALL_Y,1.202 mm nominal CAD envelope,size tolerance SELECTION REQUIRED,SELECTION REQUIRED,NOT EXECUTED,NO FABRICATION OR ACCEPTANCE AUTHORITY,"PRELIMINARY - CONFIGURATION AND PACKAGING CAD ONLY - NOT APPROVED FOR PROCUREMENT, FABRICATION, ASSEMBLY, POWERED TESTING, MOTION, OR ENERGIZATION"
L01_SHIN_FRONT_COVER,L01,OVERALL_Z,132.002 mm nominal CAD envelope,size tolerance SELECTION REQUIRED,SELECTION REQUIRED,NOT EXECUTED,NO FABRICATION OR ACCEPTANCE AUTHORITY,"PRELIMINARY - CONFIGURATION AND PACKAGING CAD ONLY - NOT APPROVED FOR PROCUREMENT, FABRICATION, ASSEMBLY, POWERED TESTING, MOTION, OR ENERGIZATION"
L01_SHIN_FRONT_COVER,L01,PROFILE_OR_SURFACE,nominal native STEP geometry,"profile tolerance, inspection method and sampling SELECTION REQUIRED",SELECTION REQUIRED,NOT EXECUTED,NO FABRICATION OR ACCEPTANCE AUTHORITY,"PRELIMINARY - CONFIGURATION AND PACKAGING CAD ONLY - NOT APPROVED FOR PROCUREMENT, FABRICATION, ASSEMBLY, POWERED TESTING, MOTION, OR ENERGIZATION"
L01_SHIN_REAR_COVER,L01,DATUM_SCHEME,A mounting/seam surface; B longest edge/centerplane; C orthogonal edge/centerplane,datum simulators and precedence SELECTION REQUIRED,SELECTION REQUIRED,NOT EXECUTED,NO FABRICATION OR ACCEPTANCE AUTHORITY,"PRELIMINARY - CONFIGURATION AND PACKAGING CAD ONLY - NOT APPROVED FOR PROCUREMENT, FABRICATION, ASSEMBLY, POWERED TESTING, MOTION, OR ENERGIZATION"
L01_SHIN_REAR_COVER,L01,OVERALL_X,60.002 mm nominal CAD envelope,size tolerance SELECTION REQUIRED,SELECTION REQUIRED,NOT EXECUTED,NO FABRICATION OR ACCEPTANCE AUTHORITY,"PRELIMINARY - CONFIGURATION AND PACKAGING CAD ONLY - NOT APPROVED FOR PROCUREMENT, FABRICATION, ASSEMBLY, POWERED TESTING, MOTION, OR ENERGIZATION"
L01_SHIN_REAR_COVER,L01,OVERALL_Y,1.202 mm nominal CAD envelope,size tolerance SELECTION REQUIRED,SELECTION REQUIRED,NOT EXECUTED,NO FABRICATION OR ACCEPTANCE AUTHORITY,"PRELIMINARY - CONFIGURATION AND PACKAGING CAD ONLY - NOT APPROVED FOR PROCUREMENT, FABRICATION, ASSEMBLY, POWERED TESTING, MOTION, OR ENERGIZATION"
L01_SHIN_REAR_COVER,L01,OVERALL_Z,132.002 mm nominal CAD envelope,size tolerance SELECTION REQUIRED,SELECTION REQUIRED,NOT EXECUTED,NO FABRICATION OR ACCEPTANCE AUTHORITY,"PRELIMINARY - CONFIGURATION AND PACKAGING CAD ONLY - NOT APPROVED FOR PROCUREMENT, FABRICATION, ASSEMBLY, POWERED TESTING, MOTION, OR ENERGIZATION"
L01_SHIN_REAR_COVER,L01,PROFILE_OR_SURFACE,nominal native STEP geometry,"profile tolerance, inspection method and sampling SELECTION REQUIRED",SELECTION REQUIRED,NOT EXECUTED,NO FABRICATION OR ACCEPTANCE AUTHORITY,"PRELIMINARY - CONFIGURATION AND PACKAGING CAD ONLY - NOT APPROVED FOR PROCUREMENT, FABRICATION, ASSEMBLY, POWERED TESTING, MOTION, OR ENERGIZATION"
L01_THIGH_FRONT_COVER,L01,DATUM_SCHEME,A mounting/seam surface; B longest edge/centerplane; C orthogonal edge/centerplane,datum simulators and precedence SELECTION REQUIRED,SELECTION REQUIRED,NOT EXECUTED,NO FABRICATION OR ACCEPTANCE AUTHORITY,"PRELIMINARY - CONFIGURATION AND PACKAGING CAD ONLY - NOT APPROVED FOR PROCUREMENT, FABRICATION, ASSEMBLY, POWERED TESTING, MOTION, OR ENERGIZATION"
L01_THIGH_FRONT_COVER,L01,OVERALL_X,66.002 mm nominal CAD envelope,size tolerance SELECTION REQUIRED,SELECTION REQUIRED,NOT EXECUTED,NO FABRICATION OR ACCEPTANCE AUTHORITY,"PRELIMINARY - CONFIGURATION AND PACKAGING CAD ONLY - NOT APPROVED FOR PROCUREMENT, FABRICATION, ASSEMBLY, POWERED TESTING, MOTION, OR ENERGIZATION"
L01_THIGH_FRONT_COVER,L01,OVERALL_Y,1.202 mm nominal CAD envelope,size tolerance SELECTION REQUIRED,SELECTION REQUIRED,NOT EXECUTED,NO FABRICATION OR ACCEPTANCE AUTHORITY,"PRELIMINARY - CONFIGURATION AND PACKAGING CAD ONLY - NOT APPROVED FOR PROCUREMENT, FABRICATION, ASSEMBLY, POWERED TESTING, MOTION, OR ENERGIZATION"
L01_THIGH_FRONT_COVER,L01,OVERALL_Z,138.002 mm nominal CAD envelope,size tolerance SELECTION REQUIRED,SELECTION REQUIRED,NOT EXECUTED,NO FABRICATION OR ACCEPTANCE AUTHORITY,"PRELIMINARY - CONFIGURATION AND PACKAGING CAD ONLY - NOT APPROVED FOR PROCUREMENT, FABRICATION, ASSEMBLY, POWERED TESTING, MOTION, OR ENERGIZATION"
L01_THIGH_FRONT_COVER,L01,PROFILE_OR_SURFACE,nominal native STEP geometry,"profile tolerance, inspection method and sampling SELECTION REQUIRED",SELECTION REQUIRED,NOT EXECUTED,NO FABRICATION OR ACCEPTANCE AUTHORITY,"PRELIMINARY - CONFIGURATION AND PACKAGING CAD ONLY - NOT APPROVED FOR PROCUREMENT, FABRICATION, ASSEMBLY, POWERED TESTING, MOTION, OR ENERGIZATION"
L01_THIGH_REAR_COVER,L01,DATUM_SCHEME,A mounting/seam surface; B longest edge/centerplane; C orthogonal edge/centerplane,datum simulators and precedence SELECTION REQUIRED,SELECTION REQUIRED,NOT EXECUTED,NO FABRICATION OR ACCEPTANCE AUTHORITY,"PRELIMINARY - CONFIGURATION AND PACKAGING CAD ONLY - NOT APPROVED FOR PROCUREMENT, FABRICATION, ASSEMBLY, POWERED TESTING, MOTION, OR ENERGIZATION"
L01_THIGH_REAR_COVER,L01,OVERALL_X,66.002 mm nominal CAD envelope,size tolerance SELECTION REQUIRED,SELECTION REQUIRED,NOT EXECUTED,NO FABRICATION OR ACCEPTANCE AUTHORITY,"PRELIMINARY - CONFIGURATION AND PACKAGING CAD ONLY - NOT APPROVED FOR PROCUREMENT, FABRICATION, ASSEMBLY, POWERED TESTING, MOTION, OR ENERGIZATION"
L01_THIGH_REAR_COVER,L01,OVERALL_Y,1.202 mm nominal CAD envelope,size tolerance SELECTION REQUIRED,SELECTION REQUIRED,NOT EXECUTED,NO FABRICATION OR ACCEPTANCE AUTHORITY,"PRELIMINARY - CONFIGURATION AND PACKAGING CAD ONLY - NOT APPROVED FOR PROCUREMENT, FABRICATION, ASSEMBLY, POWERED TESTING, MOTION, OR ENERGIZATION"
L01_THIGH_REAR_COVER,L01,OVERALL_Z,138.002 mm nominal CAD envelope,size tolerance SELECTION REQUIRED,SELECTION REQUIRED,NOT EXECUTED,NO FABRICATION OR ACCEPTANCE AUTHORITY,"PRELIMINARY - CONFIGURATION AND PACKAGING CAD ONLY - NOT APPROVED FOR PROCUREMENT, FABRICATION, ASSEMBLY, POWERED TESTING, MOTION, OR ENERGIZATION"
L01_THIGH_REAR_COVER,L01,PROFILE_OR_SURFACE,nominal native STEP geometry,"profile tolerance, inspection method and sampling SELECTION REQUIRED",SELECTION REQUIRED,NOT EXECUTED,NO FABRICATION OR ACCEPTANCE AUTHORITY,"PRELIMINARY - CONFIGURATION AND PACKAGING CAD ONLY - NOT APPROVED FOR PROCUREMENT, FABRICATION, ASSEMBLY, POWERED TESTING, MOTION, OR ENERGIZATION"
F01_TOP_COVER,F01,DATUM_SCHEME,A mounting/seam surface; B longest edge/centerplane; C orthogonal edge/centerplane,datum simulators and precedence SELECTION REQUIRED,SELECTION REQUIRED,NOT EXECUTED,NO FABRICATION OR ACCEPTANCE AUTHORITY,"PRELIMINARY - CONFIGURATION AND PACKAGING CAD ONLY - NOT APPROVED FOR PROCUREMENT, FABRICATION, ASSEMBLY, POWERED TESTING, MOTION, OR ENERGIZATION"
F01_TOP_COVER,F01,OVERALL_X,82.002 mm nominal CAD envelope,size tolerance SELECTION REQUIRED,SELECTION REQUIRED,NOT EXECUTED,NO FABRICATION OR ACCEPTANCE AUTHORITY,"PRELIMINARY - CONFIGURATION AND PACKAGING CAD ONLY - NOT APPROVED FOR PROCUREMENT, FABRICATION, ASSEMBLY, POWERED TESTING, MOTION, OR ENERGIZATION"
F01_TOP_COVER,F01,OVERALL_Y,118.002 mm nominal CAD envelope,size tolerance SELECTION REQUIRED,SELECTION REQUIRED,NOT EXECUTED,NO FABRICATION OR ACCEPTANCE AUTHORITY,"PRELIMINARY - CONFIGURATION AND PACKAGING CAD ONLY - NOT APPROVED FOR PROCUREMENT, FABRICATION, ASSEMBLY, POWERED TESTING, MOTION, OR ENERGIZATION"
F01_TOP_COVER,F01,OVERALL_Z,1.202 mm nominal CAD envelope,size tolerance SELECTION REQUIRED,SELECTION REQUIRED,NOT EXECUTED,NO FABRICATION OR ACCEPTANCE AUTHORITY,"PRELIMINARY - CONFIGURATION AND PACKAGING CAD ONLY - NOT APPROVED FOR PROCUREMENT, FABRICATION, ASSEMBLY, POWERED TESTING, MOTION, OR ENERGIZATION"
F01_TOP_COVER,F01,PROFILE_OR_SURFACE,nominal native STEP geometry,"profile tolerance, inspection method and sampling SELECTION REQUIRED",SELECTION REQUIRED,NOT EXECUTED,NO FABRICATION OR ACCEPTANCE AUTHORITY,"PRELIMINARY - CONFIGURATION AND PACKAGING CAD ONLY - NOT APPROVED FOR PROCUREMENT, FABRICATION, ASSEMBLY, POWERED TESTING, MOTION, OR ENERGIZATION"
A01_UPPER_ARM_FRONT_COVER,A01,DATUM_SCHEME,A mounting/seam surface; B longest edge/centerplane; C orthogonal edge/centerplane,datum simulators and precedence SELECTION REQUIRED,SELECTION REQUIRED,NOT EXECUTED,NO FABRICATION OR ACCEPTANCE AUTHORITY,"PRELIMINARY - CONFIGURATION AND PACKAGING CAD ONLY - NOT APPROVED FOR PROCUREMENT, FABRICATION, ASSEMBLY, POWERED TESTING, MOTION, OR ENERGIZATION"
A01_UPPER_ARM_FRONT_COVER,A01,OVERALL_X,39.161 mm nominal CAD envelope,size tolerance SELECTION REQUIRED,SELECTION REQUIRED,NOT EXECUTED,NO FABRICATION OR ACCEPTANCE AUTHORITY,"PRELIMINARY - CONFIGURATION AND PACKAGING CAD ONLY - NOT APPROVED FOR PROCUREMENT, FABRICATION, ASSEMBLY, POWERED TESTING, MOTION, OR ENERGIZATION"
A01_UPPER_ARM_FRONT_COVER,A01,OVERALL_Y,46.000 mm nominal CAD envelope,size tolerance SELECTION REQUIRED,SELECTION REQUIRED,NOT EXECUTED,NO FABRICATION OR ACCEPTANCE AUTHORITY,"PRELIMINARY - CONFIGURATION AND PACKAGING CAD ONLY - NOT APPROVED FOR PROCUREMENT, FABRICATION, ASSEMBLY, POWERED TESTING, MOTION, OR ENERGIZATION"
A01_UPPER_ARM_FRONT_COVER,A01,OVERALL_Z,145.411 mm nominal CAD envelope,size tolerance SELECTION REQUIRED,SELECTION REQUIRED,NOT EXECUTED,NO FABRICATION OR ACCEPTANCE AUTHORITY,"PRELIMINARY - CONFIGURATION AND PACKAGING CAD ONLY - NOT APPROVED FOR PROCUREMENT, FABRICATION, ASSEMBLY, POWERED TESTING, MOTION, OR ENERGIZATION"
A01_UPPER_ARM_FRONT_COVER,A01,PROFILE_OR_SURFACE,nominal native STEP geometry,"profile tolerance, inspection method and sampling SELECTION REQUIRED",SELECTION REQUIRED,NOT EXECUTED,NO FABRICATION OR ACCEPTANCE AUTHORITY,"PRELIMINARY - CONFIGURATION AND PACKAGING CAD ONLY - NOT APPROVED FOR PROCUREMENT, FABRICATION, ASSEMBLY, POWERED TESTING, MOTION, OR ENERGIZATION"
A01_UPPER_ARM_REAR_COVER,A01,DATUM_SCHEME,A mounting/seam surface; B longest edge/centerplane; C orthogonal edge/centerplane,datum simulators and precedence SELECTION REQUIRED,SELECTION REQUIRED,NOT EXECUTED,NO FABRICATION OR ACCEPTANCE AUTHORITY,"PRELIMINARY - CONFIGURATION AND PACKAGING CAD ONLY - NOT APPROVED FOR PROCUREMENT, FABRICATION, ASSEMBLY, POWERED TESTING, MOTION, OR ENERGIZATION"
A01_UPPER_ARM_REAR_COVER,A01,OVERALL_X,39.161 mm nominal CAD envelope,size tolerance SELECTION REQUIRED,SELECTION REQUIRED,NOT EXECUTED,NO FABRICATION OR ACCEPTANCE AUTHORITY,"PRELIMINARY - CONFIGURATION AND PACKAGING CAD ONLY - NOT APPROVED FOR PROCUREMENT, FABRICATION, ASSEMBLY, POWERED TESTING, MOTION, OR ENERGIZATION"
A01_UPPER_ARM_REAR_COVER,A01,OVERALL_Y,46.000 mm nominal CAD envelope,size tolerance SELECTION REQUIRED,SELECTION REQUIRED,NOT EXECUTED,NO FABRICATION OR ACCEPTANCE AUTHORITY,"PRELIMINARY - CONFIGURATION AND PACKAGING CAD ONLY - NOT APPROVED FOR PROCUREMENT, FABRICATION, ASSEMBLY, POWERED TESTING, MOTION, OR ENERGIZATION"
A01_UPPER_ARM_REAR_COVER,A01,OVERALL_Z,145.411 mm nominal CAD envelope,size tolerance SELECTION REQUIRED,SELECTION REQUIRED,NOT EXECUTED,NO FABRICATION OR ACCEPTANCE AUTHORITY,"PRELIMINARY - CONFIGURATION AND PACKAGING CAD ONLY - NOT APPROVED FOR PROCUREMENT, FABRICATION, ASSEMBLY, POWERED TESTING, MOTION, OR ENERGIZATION"
A01_UPPER_ARM_REAR_COVER,A01,PROFILE_OR_SURFACE,nominal native STEP geometry,"profile tolerance, inspection method and sampling SELECTION REQUIRED",SELECTION REQUIRED,NOT EXECUTED,NO FABRICATION OR ACCEPTANCE AUTHORITY,"PRELIMINARY - CONFIGURATION AND PACKAGING CAD ONLY - NOT APPROVED FOR PROCUREMENT, FABRICATION, ASSEMBLY, POWERED TESTING, MOTION, OR ENERGIZATION"
A01_FOREARM_FRONT_COVER,A01,DATUM_SCHEME,A mounting/seam surface; B longest edge/centerplane; C orthogonal edge/centerplane,datum simulators and precedence SELECTION REQUIRED,SELECTION REQUIRED,NOT EXECUTED,NO FABRICATION OR ACCEPTANCE AUTHORITY,"PRELIMINARY - CONFIGURATION AND PACKAGING CAD ONLY - NOT APPROVED FOR PROCUREMENT, FABRICATION, ASSEMBLY, POWERED TESTING, MOTION, OR ENERGIZATION"
A01_FOREARM_FRONT_COVER,A01,OVERALL_X,6.199 mm nominal CAD envelope,size tolerance SELECTION REQUIRED,SELECTION REQUIRED,NOT EXECUTED,NO FABRICATION OR ACCEPTANCE AUTHORITY,"PRELIMINARY - CONFIGURATION AND PACKAGING CAD ONLY - NOT APPROVED FOR PROCUREMENT, FABRICATION, ASSEMBLY, POWERED TESTING, MOTION, OR ENERGIZATION"
A01_FOREARM_FRONT_COVER,A01,OVERALL_Y,44.000 mm nominal CAD envelope,size tolerance SELECTION REQUIRED,SELECTION REQUIRED,NOT EXECUTED,NO FABRICATION OR ACCEPTANCE AUTHORITY,"PRELIMINARY - CONFIGURATION AND PACKAGING CAD ONLY - NOT APPROVED FOR PROCUREMENT, FABRICATION, ASSEMBLY, POWERED TESTING, MOTION, OR ENERGIZATION"
A01_FOREARM_FRONT_COVER,A01,OVERALL_Z,144.955 mm nominal CAD envelope,size tolerance SELECTION REQUIRED,SELECTION REQUIRED,NOT EXECUTED,NO FABRICATION OR ACCEPTANCE AUTHORITY,"PRELIMINARY - CONFIGURATION AND PACKAGING CAD ONLY - NOT APPROVED FOR PROCUREMENT, FABRICATION, ASSEMBLY, POWERED TESTING, MOTION, OR ENERGIZATION"
A01_FOREARM_FRONT_COVER,A01,PROFILE_OR_SURFACE,nominal native STEP geometry,"profile tolerance, inspection method and sampling SELECTION REQUIRED",SELECTION REQUIRED,NOT EXECUTED,NO FABRICATION OR ACCEPTANCE AUTHORITY,"PRELIMINARY - CONFIGURATION AND PACKAGING CAD ONLY - NOT APPROVED FOR PROCUREMENT, FABRICATION, ASSEMBLY, POWERED TESTING, MOTION, OR ENERGIZATION"
A01_FOREARM_REAR_COVER,A01,DATUM_SCHEME,A mounting/seam surface; B longest edge/centerplane; C orthogonal edge/centerplane,datum simulators and precedence SELECTION REQUIRED,SELECTION REQUIRED,NOT EXECUTED,NO FABRICATION OR ACCEPTANCE AUTHORITY,"PRELIMINARY - CONFIGURATION AND PACKAGING CAD ONLY - NOT APPROVED FOR PROCUREMENT, FABRICATION, ASSEMBLY, POWERED TESTING, MOTION, OR ENERGIZATION"
A01_FOREARM_REAR_COVER,A01,OVERALL_X,6.199 mm nominal CAD envelope,size tolerance SELECTION REQUIRED,SELECTION REQUIRED,NOT EXECUTED,NO FABRICATION OR ACCEPTANCE AUTHORITY,"PRELIMINARY - CONFIGURATION AND PACKAGING CAD ONLY - NOT APPROVED FOR PROCUREMENT, FABRICATION, ASSEMBLY, POWERED TESTING, MOTION, OR ENERGIZATION"
A01_FOREARM_REAR_COVER,A01,OVERALL_Y,44.000 mm nominal CAD envelope,size tolerance SELECTION REQUIRED,SELECTION REQUIRED,NOT EXECUTED,NO FABRICATION OR ACCEPTANCE AUTHORITY,"PRELIMINARY - CONFIGURATION AND PACKAGING CAD ONLY - NOT APPROVED FOR PROCUREMENT, FABRICATION, ASSEMBLY, POWERED TESTING, MOTION, OR ENERGIZATION"
A01_FOREARM_REAR_COVER,A01,OVERALL_Z,144.955 mm nominal CAD envelope,size tolerance SELECTION REQUIRED,SELECTION REQUIRED,NOT EXECUTED,NO FABRICATION OR ACCEPTANCE AUTHORITY,"PRELIMINARY - CONFIGURATION AND PACKAGING CAD ONLY - NOT APPROVED FOR PROCUREMENT, FABRICATION, ASSEMBLY, POWERED TESTING, MOTION, OR ENERGIZATION"
A01_FOREARM_REAR_COVER,A01,PROFILE_OR_SURFACE,nominal native STEP geometry,"profile tolerance, inspection method and sampling SELECTION REQUIRED",SELECTION REQUIRED,NOT EXECUTED,NO FABRICATION OR ACCEPTANCE AUTHORITY,"PRELIMINARY - CONFIGURATION AND PACKAGING CAD ONLY - NOT APPROVED FOR PROCUREMENT, FABRICATION, ASSEMBLY, POWERED TESTING, MOTION, OR ENERGIZATION"
G01_PALM_FRONT_PLATE,G01,DATUM_SCHEME,A largest planar face; B longest profile edge/centerline; C orthogonal profile edge/centerline,datum simulators and precedence SELECTION REQUIRED,SELECTION REQUIRED,NOT EXECUTED,NO FABRICATION OR ACCEPTANCE AUTHORITY,"PRELIMINARY - CONFIGURATION AND PACKAGING CAD ONLY - NOT APPROVED FOR PROCUREMENT, FABRICATION, ASSEMBLY, POWERED TESTING, MOTION, OR ENERGIZATION"
G01_PALM_FRONT_PLATE,G01,OVERALL_X,50.000 mm nominal CAD envelope,size tolerance SELECTION REQUIRED,SELECTION REQUIRED,NOT EXECUTED,NO FABRICATION OR ACCEPTANCE AUTHORITY,"PRELIMINARY - CONFIGURATION AND PACKAGING CAD ONLY - NOT APPROVED FOR PROCUREMENT, FABRICATION, ASSEMBLY, POWERED TESTING, MOTION, OR ENERGIZATION"
G01_PALM_FRONT_PLATE,G01,OVERALL_Y,3.000 mm nominal CAD envelope,size tolerance SELECTION REQUIRED,SELECTION REQUIRED,NOT EXECUTED,NO FABRICATION OR ACCEPTANCE AUTHORITY,"PRELIMINARY - CONFIGURATION AND PACKAGING CAD ONLY - NOT APPROVED FOR PROCUREMENT, FABRICATION, ASSEMBLY, POWERED TESTING, MOTION, OR ENERGIZATION"
G01_PALM_FRONT_PLATE,G01,OVERALL_Z,36.000 mm nominal CAD envelope,size tolerance SELECTION REQUIRED,SELECTION REQUIRED,NOT EXECUTED,NO FABRICATION OR ACCEPTANCE AUTHORITY,"PRELIMINARY - CONFIGURATION AND PACKAGING CAD ONLY - NOT APPROVED FOR PROCUREMENT, FABRICATION, ASSEMBLY, POWERED TESTING, MOTION, OR ENERGIZATION"
G01_PALM_FRONT_PLATE,G01,PROFILE_OR_SURFACE,nominal native STEP geometry,"profile tolerance, inspection method and sampling SELECTION REQUIRED",SELECTION REQUIRED,NOT EXECUTED,NO FABRICATION OR ACCEPTANCE AUTHORITY,"PRELIMINARY - CONFIGURATION AND PACKAGING CAD ONLY - NOT APPROVED FOR PROCUREMENT, FABRICATION, ASSEMBLY, POWERED TESTING, MOTION, OR ENERGIZATION"
G01_PALM_REAR_PLATE,G01,DATUM_SCHEME,A largest planar face; B longest profile edge/centerline; C orthogonal profile edge/centerline,datum simulators and precedence SELECTION REQUIRED,SELECTION REQUIRED,NOT EXECUTED,NO FABRICATION OR ACCEPTANCE AUTHORITY,"PRELIMINARY - CONFIGURATION AND PACKAGING CAD ONLY - NOT APPROVED FOR PROCUREMENT, FABRICATION, ASSEMBLY, POWERED TESTING, MOTION, OR ENERGIZATION"
G01_PALM_REAR_PLATE,G01,OVERALL_X,50.000 mm nominal CAD envelope,size tolerance SELECTION REQUIRED,SELECTION REQUIRED,NOT EXECUTED,NO FABRICATION OR ACCEPTANCE AUTHORITY,"PRELIMINARY - CONFIGURATION AND PACKAGING CAD ONLY - NOT APPROVED FOR PROCUREMENT, FABRICATION, ASSEMBLY, POWERED TESTING, MOTION, OR ENERGIZATION"
G01_PALM_REAR_PLATE,G01,OVERALL_Y,3.000 mm nominal CAD envelope,size tolerance SELECTION REQUIRED,SELECTION REQUIRED,NOT EXECUTED,NO FABRICATION OR ACCEPTANCE AUTHORITY,"PRELIMINARY - CONFIGURATION AND PACKAGING CAD ONLY - NOT APPROVED FOR PROCUREMENT, FABRICATION, ASSEMBLY, POWERED TESTING, MOTION, OR ENERGIZATION"
G01_PALM_REAR_PLATE,G01,OVERALL_Z,36.000 mm nominal CAD envelope,size tolerance SELECTION REQUIRED,SELECTION REQUIRED,NOT EXECUTED,NO FABRICATION OR ACCEPTANCE AUTHORITY,"PRELIMINARY - CONFIGURATION AND PACKAGING CAD ONLY - NOT APPROVED FOR PROCUREMENT, FABRICATION, ASSEMBLY, POWERED TESTING, MOTION, OR ENERGIZATION"
G01_PALM_REAR_PLATE,G01,PROFILE_OR_SURFACE,nominal native STEP geometry,"profile tolerance, inspection method and sampling SELECTION REQUIRED",SELECTION REQUIRED,NOT EXECUTED,NO FABRICATION OR ACCEPTANCE AUTHORITY,"PRELIMINARY - CONFIGURATION AND PACKAGING CAD ONLY - NOT APPROVED FOR PROCUREMENT, FABRICATION, ASSEMBLY, POWERED TESTING, MOTION, OR ENERGIZATION"
G01_PALM_TOP_BRIDGE,G01,DATUM_SCHEME,A largest planar face; B longest profile edge/centerline; C orthogonal profile edge/centerline,datum simulators and precedence SELECTION REQUIRED,SELECTION REQUIRED,NOT EXECUTED,NO FABRICATION OR ACCEPTANCE AUTHORITY,"PRELIMINARY - CONFIGURATION AND PACKAGING CAD ONLY - NOT APPROVED FOR PROCUREMENT, FABRICATION, ASSEMBLY, POWERED TESTING, MOTION, OR ENERGIZATION"
G01_PALM_TOP_BRIDGE,G01,OVERALL_X,46.000 mm nominal CAD envelope,size tolerance SELECTION REQUIRED,SELECTION REQUIRED,NOT EXECUTED,NO FABRICATION OR ACCEPTANCE AUTHORITY,"PRELIMINARY - CONFIGURATION AND PACKAGING CAD ONLY - NOT APPROVED FOR PROCUREMENT, FABRICATION, ASSEMBLY, POWERED TESTING, MOTION, OR ENERGIZATION"
G01_PALM_TOP_BRIDGE,G01,OVERALL_Y,50.000 mm nominal CAD envelope,size tolerance SELECTION REQUIRED,SELECTION REQUIRED,NOT EXECUTED,NO FABRICATION OR ACCEPTANCE AUTHORITY,"PRELIMINARY - CONFIGURATION AND PACKAGING CAD ONLY - NOT APPROVED FOR PROCUREMENT, FABRICATION, ASSEMBLY, POWERED TESTING, MOTION, OR ENERGIZATION"
G01_PALM_TOP_BRIDGE,G01,OVERALL_Z,4.000 mm nominal CAD envelope,size tolerance SELECTION REQUIRED,SELECTION REQUIRED,NOT EXECUTED,NO FABRICATION OR ACCEPTANCE AUTHORITY,"PRELIMINARY - CONFIGURATION AND PACKAGING CAD ONLY - NOT APPROVED FOR PROCUREMENT, FABRICATION, ASSEMBLY, POWERED TESTING, MOTION, OR ENERGIZATION"
G01_PALM_TOP_BRIDGE,G01,PROFILE_OR_SURFACE,nominal native STEP geometry,"profile tolerance, inspection method and sampling SELECTION REQUIRED",SELECTION REQUIRED,NOT EXECUTED,NO FABRICATION OR ACCEPTANCE AUTHORITY,"PRELIMINARY - CONFIGURATION AND PACKAGING CAD ONLY - NOT APPROVED FOR PROCUREMENT, FABRICATION, ASSEMBLY, POWERED TESTING, MOTION, OR ENERGIZATION"
G01_PALM_BOTTOM_BRIDGE,G01,DATUM_SCHEME,A largest planar face; B longest profile edge/centerline; C orthogonal profile edge/centerline,datum simulators and precedence SELECTION REQUIRED,SELECTION REQUIRED,NOT EXECUTED,NO FABRICATION OR ACCEPTANCE AUTHORITY,"PRELIMINARY - CONFIGURATION AND PACKAGING CAD ONLY - NOT APPROVED FOR PROCUREMENT, FABRICATION, ASSEMBLY, POWERED TESTING, MOTION, OR ENERGIZATION"
G01_PALM_BOTTOM_BRIDGE,G01,OVERALL_X,46.000 mm nominal CAD envelope,size tolerance SELECTION REQUIRED,SELECTION REQUIRED,NOT EXECUTED,NO FABRICATION OR ACCEPTANCE AUTHORITY,"PRELIMINARY - CONFIGURATION AND PACKAGING CAD ONLY - NOT APPROVED FOR PROCUREMENT, FABRICATION, ASSEMBLY, POWERED TESTING, MOTION, OR ENERGIZATION"
G01_PALM_BOTTOM_BRIDGE,G01,OVERALL_Y,50.000 mm nominal CAD envelope,size tolerance SELECTION REQUIRED,SELECTION REQUIRED,NOT EXECUTED,NO FABRICATION OR ACCEPTANCE AUTHORITY,"PRELIMINARY - CONFIGURATION AND PACKAGING CAD ONLY - NOT APPROVED FOR PROCUREMENT, FABRICATION, ASSEMBLY, POWERED TESTING, MOTION, OR ENERGIZATION"
G01_PALM_BOTTOM_BRIDGE,G01,OVERALL_Z,4.000 mm nominal CAD envelope,size tolerance SELECTION REQUIRED,SELECTION REQUIRED,NOT EXECUTED,NO FABRICATION OR ACCEPTANCE AUTHORITY,"PRELIMINARY - CONFIGURATION AND PACKAGING CAD ONLY - NOT APPROVED FOR PROCUREMENT, FABRICATION, ASSEMBLY, POWERED TESTING, MOTION, OR ENERGIZATION"
G01_PALM_BOTTOM_BRIDGE,G01,PROFILE_OR_SURFACE,nominal native STEP geometry,"profile tolerance, inspection method and sampling SELECTION REQUIRED",SELECTION REQUIRED,NOT EXECUTED,NO FABRICATION OR ACCEPTANCE AUTHORITY,"PRELIMINARY - CONFIGURATION AND PACKAGING CAD ONLY - NOT APPROVED FOR PROCUREMENT, FABRICATION, ASSEMBLY, POWERED TESTING, MOTION, OR ENERGIZATION"
G01_WRIST_MOUNT_PLATE,G01,DATUM_SCHEME,A largest planar face; B longest profile edge/centerline; C orthogonal profile edge/centerline,datum simulators and precedence SELECTION REQUIRED,SELECTION REQUIRED,NOT EXECUTED,NO FABRICATION OR ACCEPTANCE AUTHORITY,"PRELIMINARY - CONFIGURATION AND PACKAGING CAD ONLY - NOT APPROVED FOR PROCUREMENT, FABRICATION, ASSEMBLY, POWERED TESTING, MOTION, OR ENERGIZATION"
G01_WRIST_MOUNT_PLATE,G01,OVERALL_X,38.000 mm nominal CAD envelope,size tolerance SELECTION REQUIRED,SELECTION REQUIRED,NOT EXECUTED,NO FABRICATION OR ACCEPTANCE AUTHORITY,"PRELIMINARY - CONFIGURATION AND PACKAGING CAD ONLY - NOT APPROVED FOR PROCUREMENT, FABRICATION, ASSEMBLY, POWERED TESTING, MOTION, OR ENERGIZATION"
G01_WRIST_MOUNT_PLATE,G01,OVERALL_Y,36.000 mm nominal CAD envelope,size tolerance SELECTION REQUIRED,SELECTION REQUIRED,NOT EXECUTED,NO FABRICATION OR ACCEPTANCE AUTHORITY,"PRELIMINARY - CONFIGURATION AND PACKAGING CAD ONLY - NOT APPROVED FOR PROCUREMENT, FABRICATION, ASSEMBLY, POWERED TESTING, MOTION, OR ENERGIZATION"
G01_WRIST_MOUNT_PLATE,G01,OVERALL_Z,3.000 mm nominal CAD envelope,size tolerance SELECTION REQUIRED,SELECTION REQUIRED,NOT EXECUTED,NO FABRICATION OR ACCEPTANCE AUTHORITY,"PRELIMINARY - CONFIGURATION AND PACKAGING CAD ONLY - NOT APPROVED FOR PROCUREMENT, FABRICATION, ASSEMBLY, POWERED TESTING, MOTION, OR ENERGIZATION"
G01_WRIST_MOUNT_PLATE,G01,PROFILE_OR_SURFACE,nominal native STEP geometry,"profile tolerance, inspection method and sampling SELECTION REQUIRED",SELECTION REQUIRED,NOT EXECUTED,NO FABRICATION OR ACCEPTANCE AUTHORITY,"PRELIMINARY - CONFIGURATION AND PACKAGING CAD ONLY - NOT APPROVED FOR PROCUREMENT, FABRICATION, ASSEMBLY, POWERED TESTING, MOTION, OR ENERGIZATION"
G01_GUIDE_ROD_FRONT,G01,DATUM_SCHEME,A primary mounting face/section; B longitudinal centerplane; C orthogonal centerplane,datum simulators and precedence SELECTION REQUIRED,SELECTION REQUIRED,NOT EXECUTED,NO FABRICATION OR ACCEPTANCE AUTHORITY,"PRELIMINARY - CONFIGURATION AND PACKAGING CAD ONLY - NOT APPROVED FOR PROCUREMENT, FABRICATION, ASSEMBLY, POWERED TESTING, MOTION, OR ENERGIZATION"
G01_GUIDE_ROD_FRONT,G01,OVERALL_X,64.000 mm nominal CAD envelope,size tolerance SELECTION REQUIRED,SELECTION REQUIRED,NOT EXECUTED,NO FABRICATION OR ACCEPTANCE AUTHORITY,"PRELIMINARY - CONFIGURATION AND PACKAGING CAD ONLY - NOT APPROVED FOR PROCUREMENT, FABRICATION, ASSEMBLY, POWERED TESTING, MOTION, OR ENERGIZATION"
G01_GUIDE_ROD_FRONT,G01,OVERALL_Y,4.000 mm nominal CAD envelope,size tolerance SELECTION REQUIRED,SELECTION REQUIRED,NOT EXECUTED,NO FABRICATION OR ACCEPTANCE AUTHORITY,"PRELIMINARY - CONFIGURATION AND PACKAGING CAD ONLY - NOT APPROVED FOR PROCUREMENT, FABRICATION, ASSEMBLY, POWERED TESTING, MOTION, OR ENERGIZATION"
G01_GUIDE_ROD_FRONT,G01,OVERALL_Z,4.000 mm nominal CAD envelope,size tolerance SELECTION REQUIRED,SELECTION REQUIRED,NOT EXECUTED,NO FABRICATION OR ACCEPTANCE AUTHORITY,"PRELIMINARY - CONFIGURATION AND PACKAGING CAD ONLY - NOT APPROVED FOR PROCUREMENT, FABRICATION, ASSEMBLY, POWERED TESTING, MOTION, OR ENERGIZATION"
G01_GUIDE_ROD_FRONT,G01,PROFILE_OR_SURFACE,nominal native STEP geometry,"profile tolerance, inspection method and sampling SELECTION REQUIRED",SELECTION REQUIRED,NOT EXECUTED,NO FABRICATION OR ACCEPTANCE AUTHORITY,"PRELIMINARY - CONFIGURATION AND PACKAGING CAD ONLY - NOT APPROVED FOR PROCUREMENT, FABRICATION, ASSEMBLY, POWERED TESTING, MOTION, OR ENERGIZATION"
G01_GUIDE_ROD_REAR,G01,DATUM_SCHEME,A primary mounting face/section; B longitudinal centerplane; C orthogonal centerplane,datum simulators and precedence SELECTION REQUIRED,SELECTION REQUIRED,NOT EXECUTED,NO FABRICATION OR ACCEPTANCE AUTHORITY,"PRELIMINARY - CONFIGURATION AND PACKAGING CAD ONLY - NOT APPROVED FOR PROCUREMENT, FABRICATION, ASSEMBLY, POWERED TESTING, MOTION, OR ENERGIZATION"
G01_GUIDE_ROD_REAR,G01,OVERALL_X,64.000 mm nominal CAD envelope,size tolerance SELECTION REQUIRED,SELECTION REQUIRED,NOT EXECUTED,NO FABRICATION OR ACCEPTANCE AUTHORITY,"PRELIMINARY - CONFIGURATION AND PACKAGING CAD ONLY - NOT APPROVED FOR PROCUREMENT, FABRICATION, ASSEMBLY, POWERED TESTING, MOTION, OR ENERGIZATION"
G01_GUIDE_ROD_REAR,G01,OVERALL_Y,4.000 mm nominal CAD envelope,size tolerance SELECTION REQUIRED,SELECTION REQUIRED,NOT EXECUTED,NO FABRICATION OR ACCEPTANCE AUTHORITY,"PRELIMINARY - CONFIGURATION AND PACKAGING CAD ONLY - NOT APPROVED FOR PROCUREMENT, FABRICATION, ASSEMBLY, POWERED TESTING, MOTION, OR ENERGIZATION"
G01_GUIDE_ROD_REAR,G01,OVERALL_Z,4.000 mm nominal CAD envelope,size tolerance SELECTION REQUIRED,SELECTION REQUIRED,NOT EXECUTED,NO FABRICATION OR ACCEPTANCE AUTHORITY,"PRELIMINARY - CONFIGURATION AND PACKAGING CAD ONLY - NOT APPROVED FOR PROCUREMENT, FABRICATION, ASSEMBLY, POWERED TESTING, MOTION, OR ENERGIZATION"
G01_GUIDE_ROD_REAR,G01,PROFILE_OR_SURFACE,nominal native STEP geometry,"profile tolerance, inspection method and sampling SELECTION REQUIRED",SELECTION REQUIRED,NOT EXECUTED,NO FABRICATION OR ACCEPTANCE AUTHORITY,"PRELIMINARY - CONFIGURATION AND PACKAGING CAD ONLY - NOT APPROVED FOR PROCUREMENT, FABRICATION, ASSEMBLY, POWERED TESTING, MOTION, OR ENERGIZATION"
G01_PINION,G01,DATUM_SCHEME,A primary mounting face/section; B longitudinal centerplane; C orthogonal centerplane,datum simulators and precedence SELECTION REQUIRED,SELECTION REQUIRED,NOT EXECUTED,NO FABRICATION OR ACCEPTANCE AUTHORITY,"PRELIMINARY - CONFIGURATION AND PACKAGING CAD ONLY - NOT APPROVED FOR PROCUREMENT, FABRICATION, ASSEMBLY, POWERED TESTING, MOTION, OR ENERGIZATION"
G01_PINION,G01,OVERALL_X,10.996 mm nominal CAD envelope,size tolerance SELECTION REQUIRED,SELECTION REQUIRED,NOT EXECUTED,NO FABRICATION OR ACCEPTANCE AUTHORITY,"PRELIMINARY - CONFIGURATION AND PACKAGING CAD ONLY - NOT APPROVED FOR PROCUREMENT, FABRICATION, ASSEMBLY, POWERED TESTING, MOTION, OR ENERGIZATION"
G01_PINION,G01,OVERALL_Y,6.000 mm nominal CAD envelope,size tolerance SELECTION REQUIRED,SELECTION REQUIRED,NOT EXECUTED,NO FABRICATION OR ACCEPTANCE AUTHORITY,"PRELIMINARY - CONFIGURATION AND PACKAGING CAD ONLY - NOT APPROVED FOR PROCUREMENT, FABRICATION, ASSEMBLY, POWERED TESTING, MOTION, OR ENERGIZATION"
G01_PINION,G01,OVERALL_Z,10.996 mm nominal CAD envelope,size tolerance SELECTION REQUIRED,SELECTION REQUIRED,NOT EXECUTED,NO FABRICATION OR ACCEPTANCE AUTHORITY,"PRELIMINARY - CONFIGURATION AND PACKAGING CAD ONLY - NOT APPROVED FOR PROCUREMENT, FABRICATION, ASSEMBLY, POWERED TESTING, MOTION, OR ENERGIZATION"
G01_PINION,G01,PROFILE_OR_SURFACE,nominal native STEP geometry,"profile tolerance, inspection method and sampling SELECTION REQUIRED",SELECTION REQUIRED,NOT EXECUTED,NO FABRICATION OR ACCEPTANCE AUTHORITY,"PRELIMINARY - CONFIGURATION AND PACKAGING CAD ONLY - NOT APPROVED FOR PROCUREMENT, FABRICATION, ASSEMBLY, POWERED TESTING, MOTION, OR ENERGIZATION"
G01_RACK_POSITIVE,G01,DATUM_SCHEME,A primary mounting face/section; B longitudinal centerplane; C orthogonal centerplane,datum simulators and precedence SELECTION REQUIRED,SELECTION REQUIRED,NOT EXECUTED,NO FABRICATION OR ACCEPTANCE AUTHORITY,"PRELIMINARY - CONFIGURATION AND PACKAGING CAD ONLY - NOT APPROVED FOR PROCUREMENT, FABRICATION, ASSEMBLY, POWERED TESTING, MOTION, OR ENERGIZATION"
G01_RACK_POSITIVE,G01,OVERALL_X,32.952 mm nominal CAD envelope,size tolerance SELECTION REQUIRED,SELECTION REQUIRED,NOT EXECUTED,NO FABRICATION OR ACCEPTANCE AUTHORITY,"PRELIMINARY - CONFIGURATION AND PACKAGING CAD ONLY - NOT APPROVED FOR PROCUREMENT, FABRICATION, ASSEMBLY, POWERED TESTING, MOTION, OR ENERGIZATION"
G01_RACK_POSITIVE,G01,OVERALL_Y,6.000 mm nominal CAD envelope,size tolerance SELECTION REQUIRED,SELECTION REQUIRED,NOT EXECUTED,NO FABRICATION OR ACCEPTANCE AUTHORITY,"PRELIMINARY - CONFIGURATION AND PACKAGING CAD ONLY - NOT APPROVED FOR PROCUREMENT, FABRICATION, ASSEMBLY, POWERED TESTING, MOTION, OR ENERGIZATION"
G01_RACK_POSITIVE,G01,OVERALL_Z,3.250 mm nominal CAD envelope,size tolerance SELECTION REQUIRED,SELECTION REQUIRED,NOT EXECUTED,NO FABRICATION OR ACCEPTANCE AUTHORITY,"PRELIMINARY - CONFIGURATION AND PACKAGING CAD ONLY - NOT APPROVED FOR PROCUREMENT, FABRICATION, ASSEMBLY, POWERED TESTING, MOTION, OR ENERGIZATION"
G01_RACK_POSITIVE,G01,PROFILE_OR_SURFACE,nominal native STEP geometry,"profile tolerance, inspection method and sampling SELECTION REQUIRED",SELECTION REQUIRED,NOT EXECUTED,NO FABRICATION OR ACCEPTANCE AUTHORITY,"PRELIMINARY - CONFIGURATION AND PACKAGING CAD ONLY - NOT APPROVED FOR PROCUREMENT, FABRICATION, ASSEMBLY, POWERED TESTING, MOTION, OR ENERGIZATION"
G01_RACK_NEGATIVE,G01,DATUM_SCHEME,A primary mounting face/section; B longitudinal centerplane; C orthogonal centerplane,datum simulators and precedence SELECTION REQUIRED,SELECTION REQUIRED,NOT EXECUTED,NO FABRICATION OR ACCEPTANCE AUTHORITY,"PRELIMINARY - CONFIGURATION AND PACKAGING CAD ONLY - NOT APPROVED FOR PROCUREMENT, FABRICATION, ASSEMBLY, POWERED TESTING, MOTION, OR ENERGIZATION"
G01_RACK_NEGATIVE,G01,OVERALL_X,32.952 mm nominal CAD envelope,size tolerance SELECTION REQUIRED,SELECTION REQUIRED,NOT EXECUTED,NO FABRICATION OR ACCEPTANCE AUTHORITY,"PRELIMINARY - CONFIGURATION AND PACKAGING CAD ONLY - NOT APPROVED FOR PROCUREMENT, FABRICATION, ASSEMBLY, POWERED TESTING, MOTION, OR ENERGIZATION"
G01_RACK_NEGATIVE,G01,OVERALL_Y,6.000 mm nominal CAD envelope,size tolerance SELECTION REQUIRED,SELECTION REQUIRED,NOT EXECUTED,NO FABRICATION OR ACCEPTANCE AUTHORITY,"PRELIMINARY - CONFIGURATION AND PACKAGING CAD ONLY - NOT APPROVED FOR PROCUREMENT, FABRICATION, ASSEMBLY, POWERED TESTING, MOTION, OR ENERGIZATION"
G01_RACK_NEGATIVE,G01,OVERALL_Z,3.250 mm nominal CAD envelope,size tolerance SELECTION REQUIRED,SELECTION REQUIRED,NOT EXECUTED,NO FABRICATION OR ACCEPTANCE AUTHORITY,"PRELIMINARY - CONFIGURATION AND PACKAGING CAD ONLY - NOT APPROVED FOR PROCUREMENT, FABRICATION, ASSEMBLY, POWERED TESTING, MOTION, OR ENERGIZATION"
G01_RACK_NEGATIVE,G01,PROFILE_OR_SURFACE,nominal native STEP geometry,"profile tolerance, inspection method and sampling SELECTION REQUIRED",SELECTION REQUIRED,NOT EXECUTED,NO FABRICATION OR ACCEPTANCE AUTHORITY,"PRELIMINARY - CONFIGURATION AND PACKAGING CAD ONLY - NOT APPROVED FOR PROCUREMENT, FABRICATION, ASSEMBLY, POWERED TESTING, MOTION, OR ENERGIZATION"
G01_FINGER_POSITIVE,G01,DATUM_SCHEME,A primary mounting face/section; B longitudinal centerplane; C orthogonal centerplane,datum simulators and precedence SELECTION REQUIRED,SELECTION REQUIRED,NOT EXECUTED,NO FABRICATION OR ACCEPTANCE AUTHORITY,"PRELIMINARY - CONFIGURATION AND PACKAGING CAD ONLY - NOT APPROVED FOR PROCUREMENT, FABRICATION, ASSEMBLY, POWERED TESTING, MOTION, OR ENERGIZATION"
G01_FINGER_POSITIVE,G01,OVERALL_X,14.000 mm nominal CAD envelope,size tolerance SELECTION REQUIRED,SELECTION REQUIRED,NOT EXECUTED,NO FABRICATION OR ACCEPTANCE AUTHORITY,"PRELIMINARY - CONFIGURATION AND PACKAGING CAD ONLY - NOT APPROVED FOR PROCUREMENT, FABRICATION, ASSEMBLY, POWERED TESTING, MOTION, OR ENERGIZATION"
G01_FINGER_POSITIVE,G01,OVERALL_Y,36.000 mm nominal CAD envelope,size tolerance SELECTION REQUIRED,SELECTION REQUIRED,NOT EXECUTED,NO FABRICATION OR ACCEPTANCE AUTHORITY,"PRELIMINARY - CONFIGURATION AND PACKAGING CAD ONLY - NOT APPROVED FOR PROCUREMENT, FABRICATION, ASSEMBLY, POWERED TESTING, MOTION, OR ENERGIZATION"
G01_FINGER_POSITIVE,G01,OVERALL_Z,52.000 mm nominal CAD envelope,size tolerance SELECTION REQUIRED,SELECTION REQUIRED,NOT EXECUTED,NO FABRICATION OR ACCEPTANCE AUTHORITY,"PRELIMINARY - CONFIGURATION AND PACKAGING CAD ONLY - NOT APPROVED FOR PROCUREMENT, FABRICATION, ASSEMBLY, POWERED TESTING, MOTION, OR ENERGIZATION"
G01_FINGER_POSITIVE,G01,PROFILE_OR_SURFACE,nominal native STEP geometry,"profile tolerance, inspection method and sampling SELECTION REQUIRED",SELECTION REQUIRED,NOT EXECUTED,NO FABRICATION OR ACCEPTANCE AUTHORITY,"PRELIMINARY - CONFIGURATION AND PACKAGING CAD ONLY - NOT APPROVED FOR PROCUREMENT, FABRICATION, ASSEMBLY, POWERED TESTING, MOTION, OR ENERGIZATION"
G01_FINGER_NEGATIVE,G01,DATUM_SCHEME,A primary mounting face/section; B longitudinal centerplane; C orthogonal centerplane,datum simulators and precedence SELECTION REQUIRED,SELECTION REQUIRED,NOT EXECUTED,NO FABRICATION OR ACCEPTANCE AUTHORITY,"PRELIMINARY - CONFIGURATION AND PACKAGING CAD ONLY - NOT APPROVED FOR PROCUREMENT, FABRICATION, ASSEMBLY, POWERED TESTING, MOTION, OR ENERGIZATION"
G01_FINGER_NEGATIVE,G01,OVERALL_X,14.000 mm nominal CAD envelope,size tolerance SELECTION REQUIRED,SELECTION REQUIRED,NOT EXECUTED,NO FABRICATION OR ACCEPTANCE AUTHORITY,"PRELIMINARY - CONFIGURATION AND PACKAGING CAD ONLY - NOT APPROVED FOR PROCUREMENT, FABRICATION, ASSEMBLY, POWERED TESTING, MOTION, OR ENERGIZATION"
G01_FINGER_NEGATIVE,G01,OVERALL_Y,36.000 mm nominal CAD envelope,size tolerance SELECTION REQUIRED,SELECTION REQUIRED,NOT EXECUTED,NO FABRICATION OR ACCEPTANCE AUTHORITY,"PRELIMINARY - CONFIGURATION AND PACKAGING CAD ONLY - NOT APPROVED FOR PROCUREMENT, FABRICATION, ASSEMBLY, POWERED TESTING, MOTION, OR ENERGIZATION"
G01_FINGER_NEGATIVE,G01,OVERALL_Z,52.000 mm nominal CAD envelope,size tolerance SELECTION REQUIRED,SELECTION REQUIRED,NOT EXECUTED,NO FABRICATION OR ACCEPTANCE AUTHORITY,"PRELIMINARY - CONFIGURATION AND PACKAGING CAD ONLY - NOT APPROVED FOR PROCUREMENT, FABRICATION, ASSEMBLY, POWERED TESTING, MOTION, OR ENERGIZATION"
G01_FINGER_NEGATIVE,G01,PROFILE_OR_SURFACE,nominal native STEP geometry,"profile tolerance, inspection method and sampling SELECTION REQUIRED",SELECTION REQUIRED,NOT EXECUTED,NO FABRICATION OR ACCEPTANCE AUTHORITY,"PRELIMINARY - CONFIGURATION AND PACKAGING CAD ONLY - NOT APPROVED FOR PROCUREMENT, FABRICATION, ASSEMBLY, POWERED TESTING, MOTION, OR ENERGIZATION"
G01_PAD_POSITIVE,G01,DATUM_SCHEME,A primary mounting face/section; B longitudinal centerplane; C orthogonal centerplane,datum simulators and precedence SELECTION REQUIRED,SELECTION REQUIRED,NOT EXECUTED,NO FABRICATION OR ACCEPTANCE AUTHORITY,"PRELIMINARY - CONFIGURATION AND PACKAGING CAD ONLY - NOT APPROVED FOR PROCUREMENT, FABRICATION, ASSEMBLY, POWERED TESTING, MOTION, OR ENERGIZATION"
G01_PAD_POSITIVE,G01,OVERALL_X,3.000 mm nominal CAD envelope,size tolerance SELECTION REQUIRED,SELECTION REQUIRED,NOT EXECUTED,NO FABRICATION OR ACCEPTANCE AUTHORITY,"PRELIMINARY - CONFIGURATION AND PACKAGING CAD ONLY - NOT APPROVED FOR PROCUREMENT, FABRICATION, ASSEMBLY, POWERED TESTING, MOTION, OR ENERGIZATION"
G01_PAD_POSITIVE,G01,OVERALL_Y,30.000 mm nominal CAD envelope,size tolerance SELECTION REQUIRED,SELECTION REQUIRED,NOT EXECUTED,NO FABRICATION OR ACCEPTANCE AUTHORITY,"PRELIMINARY - CONFIGURATION AND PACKAGING CAD ONLY - NOT APPROVED FOR PROCUREMENT, FABRICATION, ASSEMBLY, POWERED TESTING, MOTION, OR ENERGIZATION"
G01_PAD_POSITIVE,G01,OVERALL_Z,30.000 mm nominal CAD envelope,size tolerance SELECTION REQUIRED,SELECTION REQUIRED,NOT EXECUTED,NO FABRICATION OR ACCEPTANCE AUTHORITY,"PRELIMINARY - CONFIGURATION AND PACKAGING CAD ONLY - NOT APPROVED FOR PROCUREMENT, FABRICATION, ASSEMBLY, POWERED TESTING, MOTION, OR ENERGIZATION"
G01_PAD_POSITIVE,G01,PROFILE_OR_SURFACE,nominal native STEP geometry,"profile tolerance, inspection method and sampling SELECTION REQUIRED",SELECTION REQUIRED,NOT EXECUTED,NO FABRICATION OR ACCEPTANCE AUTHORITY,"PRELIMINARY - CONFIGURATION AND PACKAGING CAD ONLY - NOT APPROVED FOR PROCUREMENT, FABRICATION, ASSEMBLY, POWERED TESTING, MOTION, OR ENERGIZATION"
G01_PAD_NEGATIVE,G01,DATUM_SCHEME,A primary mounting face/section; B longitudinal centerplane; C orthogonal centerplane,datum simulators and precedence SELECTION REQUIRED,SELECTION REQUIRED,NOT EXECUTED,NO FABRICATION OR ACCEPTANCE AUTHORITY,"PRELIMINARY - CONFIGURATION AND PACKAGING CAD ONLY - NOT APPROVED FOR PROCUREMENT, FABRICATION, ASSEMBLY, POWERED TESTING, MOTION, OR ENERGIZATION"
G01_PAD_NEGATIVE,G01,OVERALL_X,3.000 mm nominal CAD envelope,size tolerance SELECTION REQUIRED,SELECTION REQUIRED,NOT EXECUTED,NO FABRICATION OR ACCEPTANCE AUTHORITY,"PRELIMINARY - CONFIGURATION AND PACKAGING CAD ONLY - NOT APPROVED FOR PROCUREMENT, FABRICATION, ASSEMBLY, POWERED TESTING, MOTION, OR ENERGIZATION"
G01_PAD_NEGATIVE,G01,OVERALL_Y,30.000 mm nominal CAD envelope,size tolerance SELECTION REQUIRED,SELECTION REQUIRED,NOT EXECUTED,NO FABRICATION OR ACCEPTANCE AUTHORITY,"PRELIMINARY - CONFIGURATION AND PACKAGING CAD ONLY - NOT APPROVED FOR PROCUREMENT, FABRICATION, ASSEMBLY, POWERED TESTING, MOTION, OR ENERGIZATION"
G01_PAD_NEGATIVE,G01,OVERALL_Z,30.000 mm nominal CAD envelope,size tolerance SELECTION REQUIRED,SELECTION REQUIRED,NOT EXECUTED,NO FABRICATION OR ACCEPTANCE AUTHORITY,"PRELIMINARY - CONFIGURATION AND PACKAGING CAD ONLY - NOT APPROVED FOR PROCUREMENT, FABRICATION, ASSEMBLY, POWERED TESTING, MOTION, OR ENERGIZATION"
G01_PAD_NEGATIVE,G01,PROFILE_OR_SURFACE,nominal native STEP geometry,"profile tolerance, inspection method and sampling SELECTION REQUIRED",SELECTION REQUIRED,NOT EXECUTED,NO FABRICATION OR ACCEPTANCE AUTHORITY,"PRELIMINARY - CONFIGURATION AND PACKAGING CAD ONLY - NOT APPROVED FOR PROCUREMENT, FABRICATION, ASSEMBLY, POWERED TESTING, MOTION, OR ENERGIZATION"
G01_STOP_POSITIVE,G01,DATUM_SCHEME,A primary mounting face/section; B longitudinal centerplane; C orthogonal centerplane,datum simulators and precedence SELECTION REQUIRED,SELECTION REQUIRED,NOT EXECUTED,NO FABRICATION OR ACCEPTANCE AUTHORITY,"PRELIMINARY - CONFIGURATION AND PACKAGING CAD ONLY - NOT APPROVED FOR PROCUREMENT, FABRICATION, ASSEMBLY, POWERED TESTING, MOTION, OR ENERGIZATION"
G01_STOP_POSITIVE,G01,OVERALL_X,4.000 mm nominal CAD envelope,size tolerance SELECTION REQUIRED,SELECTION REQUIRED,NOT EXECUTED,NO FABRICATION OR ACCEPTANCE AUTHORITY,"PRELIMINARY - CONFIGURATION AND PACKAGING CAD ONLY - NOT APPROVED FOR PROCUREMENT, FABRICATION, ASSEMBLY, POWERED TESTING, MOTION, OR ENERGIZATION"
G01_STOP_POSITIVE,G01,OVERALL_Y,24.000 mm nominal CAD envelope,size tolerance SELECTION REQUIRED,SELECTION REQUIRED,NOT EXECUTED,NO FABRICATION OR ACCEPTANCE AUTHORITY,"PRELIMINARY - CONFIGURATION AND PACKAGING CAD ONLY - NOT APPROVED FOR PROCUREMENT, FABRICATION, ASSEMBLY, POWERED TESTING, MOTION, OR ENERGIZATION"
G01_STOP_POSITIVE,G01,OVERALL_Z,9.000 mm nominal CAD envelope,size tolerance SELECTION REQUIRED,SELECTION REQUIRED,NOT EXECUTED,NO FABRICATION OR ACCEPTANCE AUTHORITY,"PRELIMINARY - CONFIGURATION AND PACKAGING CAD ONLY - NOT APPROVED FOR PROCUREMENT, FABRICATION, ASSEMBLY, POWERED TESTING, MOTION, OR ENERGIZATION"
G01_STOP_POSITIVE,G01,PROFILE_OR_SURFACE,nominal native STEP geometry,"profile tolerance, inspection method and sampling SELECTION REQUIRED",SELECTION REQUIRED,NOT EXECUTED,NO FABRICATION OR ACCEPTANCE AUTHORITY,"PRELIMINARY - CONFIGURATION AND PACKAGING CAD ONLY - NOT APPROVED FOR PROCUREMENT, FABRICATION, ASSEMBLY, POWERED TESTING, MOTION, OR ENERGIZATION"
G01_STOP_NEGATIVE,G01,DATUM_SCHEME,A primary mounting face/section; B longitudinal centerplane; C orthogonal centerplane,datum simulators and precedence SELECTION REQUIRED,SELECTION REQUIRED,NOT EXECUTED,NO FABRICATION OR ACCEPTANCE AUTHORITY,"PRELIMINARY - CONFIGURATION AND PACKAGING CAD ONLY - NOT APPROVED FOR PROCUREMENT, FABRICATION, ASSEMBLY, POWERED TESTING, MOTION, OR ENERGIZATION"
G01_STOP_NEGATIVE,G01,OVERALL_X,4.000 mm nominal CAD envelope,size tolerance SELECTION REQUIRED,SELECTION REQUIRED,NOT EXECUTED,NO FABRICATION OR ACCEPTANCE AUTHORITY,"PRELIMINARY - CONFIGURATION AND PACKAGING CAD ONLY - NOT APPROVED FOR PROCUREMENT, FABRICATION, ASSEMBLY, POWERED TESTING, MOTION, OR ENERGIZATION"
G01_STOP_NEGATIVE,G01,OVERALL_Y,24.000 mm nominal CAD envelope,size tolerance SELECTION REQUIRED,SELECTION REQUIRED,NOT EXECUTED,NO FABRICATION OR ACCEPTANCE AUTHORITY,"PRELIMINARY - CONFIGURATION AND PACKAGING CAD ONLY - NOT APPROVED FOR PROCUREMENT, FABRICATION, ASSEMBLY, POWERED TESTING, MOTION, OR ENERGIZATION"
G01_STOP_NEGATIVE,G01,OVERALL_Z,9.000 mm nominal CAD envelope,size tolerance SELECTION REQUIRED,SELECTION REQUIRED,NOT EXECUTED,NO FABRICATION OR ACCEPTANCE AUTHORITY,"PRELIMINARY - CONFIGURATION AND PACKAGING CAD ONLY - NOT APPROVED FOR PROCUREMENT, FABRICATION, ASSEMBLY, POWERED TESTING, MOTION, OR ENERGIZATION"
G01_STOP_NEGATIVE,G01,PROFILE_OR_SURFACE,nominal native STEP geometry,"profile tolerance, inspection method and sampling SELECTION REQUIRED",SELECTION REQUIRED,NOT EXECUTED,NO FABRICATION OR ACCEPTANCE AUTHORITY,"PRELIMINARY - CONFIGURATION AND PACKAGING CAD ONLY - NOT APPROVED FOR PROCUREMENT, FABRICATION, ASSEMBLY, POWERED TESTING, MOTION, OR ENERGIZATION"
G01_MANUAL_RELEASE_HUB,G01,DATUM_SCHEME,A primary mounting face/section; B longitudinal centerplane; C orthogonal centerplane,datum simulators and precedence SELECTION REQUIRED,SELECTION REQUIRED,NOT EXECUTED,NO FABRICATION OR ACCEPTANCE AUTHORITY,"PRELIMINARY - CONFIGURATION AND PACKAGING CAD ONLY - NOT APPROVED FOR PROCUREMENT, FABRICATION, ASSEMBLY, POWERED TESTING, MOTION, OR ENERGIZATION"
G01_MANUAL_RELEASE_HUB,G01,OVERALL_X,8.000 mm nominal CAD envelope,size tolerance SELECTION REQUIRED,SELECTION REQUIRED,NOT EXECUTED,NO FABRICATION OR ACCEPTANCE AUTHORITY,"PRELIMINARY - CONFIGURATION AND PACKAGING CAD ONLY - NOT APPROVED FOR PROCUREMENT, FABRICATION, ASSEMBLY, POWERED TESTING, MOTION, OR ENERGIZATION"
G01_MANUAL_RELEASE_HUB,G01,OVERALL_Y,4.000 mm nominal CAD envelope,size tolerance SELECTION REQUIRED,SELECTION REQUIRED,NOT EXECUTED,NO FABRICATION OR ACCEPTANCE AUTHORITY,"PRELIMINARY - CONFIGURATION AND PACKAGING CAD ONLY - NOT APPROVED FOR PROCUREMENT, FABRICATION, ASSEMBLY, POWERED TESTING, MOTION, OR ENERGIZATION"
G01_MANUAL_RELEASE_HUB,G01,OVERALL_Z,8.000 mm nominal CAD envelope,size tolerance SELECTION REQUIRED,SELECTION REQUIRED,NOT EXECUTED,NO FABRICATION OR ACCEPTANCE AUTHORITY,"PRELIMINARY - CONFIGURATION AND PACKAGING CAD ONLY - NOT APPROVED FOR PROCUREMENT, FABRICATION, ASSEMBLY, POWERED TESTING, MOTION, OR ENERGIZATION"
G01_MANUAL_RELEASE_HUB,G01,PROFILE_OR_SURFACE,nominal native STEP geometry,"profile tolerance, inspection method and sampling SELECTION REQUIRED",SELECTION REQUIRED,NOT EXECUTED,NO FABRICATION OR ACCEPTANCE AUTHORITY,"PRELIMINARY - CONFIGURATION AND PACKAGING CAD ONLY - NOT APPROVED FOR PROCUREMENT, FABRICATION, ASSEMBLY, POWERED TESTING, MOTION, OR ENERGIZATION"
L02_SHIN_SIDE_FRONT,L02,DATUM_SCHEME,A largest planar face; B longest profile edge/centerline; C orthogonal profile edge/centerline,datum simulators and precedence SELECTION REQUIRED,SELECTION REQUIRED,NOT EXECUTED,NO FABRICATION OR ACCEPTANCE AUTHORITY,"PRELIMINARY - CONFIGURATION AND PACKAGING CAD ONLY - NOT APPROVED FOR PROCUREMENT, FABRICATION, ASSEMBLY, POWERED TESTING, MOTION, OR ENERGIZATION"
L02_SHIN_SIDE_FRONT,L02,OVERALL_X,50.000 mm nominal CAD envelope,size tolerance SELECTION REQUIRED,SELECTION REQUIRED,NOT EXECUTED,NO FABRICATION OR ACCEPTANCE AUTHORITY,"PRELIMINARY - CONFIGURATION AND PACKAGING CAD ONLY - NOT APPROVED FOR PROCUREMENT, FABRICATION, ASSEMBLY, POWERED TESTING, MOTION, OR ENERGIZATION"
L02_SHIN_SIDE_FRONT,L02,OVERALL_Y,3.000 mm nominal CAD envelope,size tolerance SELECTION REQUIRED,SELECTION REQUIRED,NOT EXECUTED,NO FABRICATION OR ACCEPTANCE AUTHORITY,"PRELIMINARY - CONFIGURATION AND PACKAGING CAD ONLY - NOT APPROVED FOR PROCUREMENT, FABRICATION, ASSEMBLY, POWERED TESTING, MOTION, OR ENERGIZATION"
L02_SHIN_SIDE_FRONT,L02,OVERALL_Z,136.000 mm nominal CAD envelope,size tolerance SELECTION REQUIRED,SELECTION REQUIRED,NOT EXECUTED,NO FABRICATION OR ACCEPTANCE AUTHORITY,"PRELIMINARY - CONFIGURATION AND PACKAGING CAD ONLY - NOT APPROVED FOR PROCUREMENT, FABRICATION, ASSEMBLY, POWERED TESTING, MOTION, OR ENERGIZATION"
L02_SHIN_SIDE_FRONT,L02,PROFILE_OR_SURFACE,nominal native STEP geometry,"profile tolerance, inspection method and sampling SELECTION REQUIRED",SELECTION REQUIRED,NOT EXECUTED,NO FABRICATION OR ACCEPTANCE AUTHORITY,"PRELIMINARY - CONFIGURATION AND PACKAGING CAD ONLY - NOT APPROVED FOR PROCUREMENT, FABRICATION, ASSEMBLY, POWERED TESTING, MOTION, OR ENERGIZATION"
L02_THIGH_SIDE_FRONT,L02,DATUM_SCHEME,A largest planar face; B longest profile edge/centerline; C orthogonal profile edge/centerline,datum simulators and precedence SELECTION REQUIRED,SELECTION REQUIRED,NOT EXECUTED,NO FABRICATION OR ACCEPTANCE AUTHORITY,"PRELIMINARY - CONFIGURATION AND PACKAGING CAD ONLY - NOT APPROVED FOR PROCUREMENT, FABRICATION, ASSEMBLY, POWERED TESTING, MOTION, OR ENERGIZATION"
L02_THIGH_SIDE_FRONT,L02,OVERALL_X,56.000 mm nominal CAD envelope,size tolerance SELECTION REQUIRED,SELECTION REQUIRED,NOT EXECUTED,NO FABRICATION OR ACCEPTANCE AUTHORITY,"PRELIMINARY - CONFIGURATION AND PACKAGING CAD ONLY - NOT APPROVED FOR PROCUREMENT, FABRICATION, ASSEMBLY, POWERED TESTING, MOTION, OR ENERGIZATION"
L02_THIGH_SIDE_FRONT,L02,OVERALL_Y,3.000 mm nominal CAD envelope,size tolerance SELECTION REQUIRED,SELECTION REQUIRED,NOT EXECUTED,NO FABRICATION OR ACCEPTANCE AUTHORITY,"PRELIMINARY - CONFIGURATION AND PACKAGING CAD ONLY - NOT APPROVED FOR PROCUREMENT, FABRICATION, ASSEMBLY, POWERED TESTING, MOTION, OR ENERGIZATION"
L02_THIGH_SIDE_FRONT,L02,OVERALL_Z,142.000 mm nominal CAD envelope,size tolerance SELECTION REQUIRED,SELECTION REQUIRED,NOT EXECUTED,NO FABRICATION OR ACCEPTANCE AUTHORITY,"PRELIMINARY - CONFIGURATION AND PACKAGING CAD ONLY - NOT APPROVED FOR PROCUREMENT, FABRICATION, ASSEMBLY, POWERED TESTING, MOTION, OR ENERGIZATION"
L02_THIGH_SIDE_FRONT,L02,PROFILE_OR_SURFACE,nominal native STEP geometry,"profile tolerance, inspection method and sampling SELECTION REQUIRED",SELECTION REQUIRED,NOT EXECUTED,NO FABRICATION OR ACCEPTANCE AUTHORITY,"PRELIMINARY - CONFIGURATION AND PACKAGING CAD ONLY - NOT APPROVED FOR PROCUREMENT, FABRICATION, ASSEMBLY, POWERED TESTING, MOTION, OR ENERGIZATION"
L02_SHIN_SIDE_REAR,L02,DATUM_SCHEME,A largest planar face; B longest profile edge/centerline; C orthogonal profile edge/centerline,datum simulators and precedence SELECTION REQUIRED,SELECTION REQUIRED,NOT EXECUTED,NO FABRICATION OR ACCEPTANCE AUTHORITY,"PRELIMINARY - CONFIGURATION AND PACKAGING CAD ONLY - NOT APPROVED FOR PROCUREMENT, FABRICATION, ASSEMBLY, POWERED TESTING, MOTION, OR ENERGIZATION"
L02_SHIN_SIDE_REAR,L02,OVERALL_X,50.000 mm nominal CAD envelope,size tolerance SELECTION REQUIRED,SELECTION REQUIRED,NOT EXECUTED,NO FABRICATION OR ACCEPTANCE AUTHORITY,"PRELIMINARY - CONFIGURATION AND PACKAGING CAD ONLY - NOT APPROVED FOR PROCUREMENT, FABRICATION, ASSEMBLY, POWERED TESTING, MOTION, OR ENERGIZATION"
L02_SHIN_SIDE_REAR,L02,OVERALL_Y,3.000 mm nominal CAD envelope,size tolerance SELECTION REQUIRED,SELECTION REQUIRED,NOT EXECUTED,NO FABRICATION OR ACCEPTANCE AUTHORITY,"PRELIMINARY - CONFIGURATION AND PACKAGING CAD ONLY - NOT APPROVED FOR PROCUREMENT, FABRICATION, ASSEMBLY, POWERED TESTING, MOTION, OR ENERGIZATION"
L02_SHIN_SIDE_REAR,L02,OVERALL_Z,136.000 mm nominal CAD envelope,size tolerance SELECTION REQUIRED,SELECTION REQUIRED,NOT EXECUTED,NO FABRICATION OR ACCEPTANCE AUTHORITY,"PRELIMINARY - CONFIGURATION AND PACKAGING CAD ONLY - NOT APPROVED FOR PROCUREMENT, FABRICATION, ASSEMBLY, POWERED TESTING, MOTION, OR ENERGIZATION"
L02_SHIN_SIDE_REAR,L02,PROFILE_OR_SURFACE,nominal native STEP geometry,"profile tolerance, inspection method and sampling SELECTION REQUIRED",SELECTION REQUIRED,NOT EXECUTED,NO FABRICATION OR ACCEPTANCE AUTHORITY,"PRELIMINARY - CONFIGURATION AND PACKAGING CAD ONLY - NOT APPROVED FOR PROCUREMENT, FABRICATION, ASSEMBLY, POWERED TESTING, MOTION, OR ENERGIZATION"
L02_THIGH_SIDE_REAR,L02,DATUM_SCHEME,A largest planar face; B longest profile edge/centerline; C orthogonal profile edge/centerline,datum simulators and precedence SELECTION REQUIRED,SELECTION REQUIRED,NOT EXECUTED,NO FABRICATION OR ACCEPTANCE AUTHORITY,"PRELIMINARY - CONFIGURATION AND PACKAGING CAD ONLY - NOT APPROVED FOR PROCUREMENT, FABRICATION, ASSEMBLY, POWERED TESTING, MOTION, OR ENERGIZATION"
L02_THIGH_SIDE_REAR,L02,OVERALL_X,56.000 mm nominal CAD envelope,size tolerance SELECTION REQUIRED,SELECTION REQUIRED,NOT EXECUTED,NO FABRICATION OR ACCEPTANCE AUTHORITY,"PRELIMINARY - CONFIGURATION AND PACKAGING CAD ONLY - NOT APPROVED FOR PROCUREMENT, FABRICATION, ASSEMBLY, POWERED TESTING, MOTION, OR ENERGIZATION"
L02_THIGH_SIDE_REAR,L02,OVERALL_Y,3.000 mm nominal CAD envelope,size tolerance SELECTION REQUIRED,SELECTION REQUIRED,NOT EXECUTED,NO FABRICATION OR ACCEPTANCE AUTHORITY,"PRELIMINARY - CONFIGURATION AND PACKAGING CAD ONLY - NOT APPROVED FOR PROCUREMENT, FABRICATION, ASSEMBLY, POWERED TESTING, MOTION, OR ENERGIZATION"
L02_THIGH_SIDE_REAR,L02,OVERALL_Z,142.000 mm nominal CAD envelope,size tolerance SELECTION REQUIRED,SELECTION REQUIRED,NOT EXECUTED,NO FABRICATION OR ACCEPTANCE AUTHORITY,"PRELIMINARY - CONFIGURATION AND PACKAGING CAD ONLY - NOT APPROVED FOR PROCUREMENT, FABRICATION, ASSEMBLY, POWERED TESTING, MOTION, OR ENERGIZATION"
L02_THIGH_SIDE_REAR,L02,PROFILE_OR_SURFACE,nominal native STEP geometry,"profile tolerance, inspection method and sampling SELECTION REQUIRED",SELECTION REQUIRED,NOT EXECUTED,NO FABRICATION OR ACCEPTANCE AUTHORITY,"PRELIMINARY - CONFIGURATION AND PACKAGING CAD ONLY - NOT APPROVED FOR PROCUREMENT, FABRICATION, ASSEMBLY, POWERED TESTING, MOTION, OR ENERGIZATION"
L02_SHIN_TIE_Z72,L02,DATUM_SCHEME,A largest planar face; B longest profile edge/centerline; C orthogonal profile edge/centerline,datum simulators and precedence SELECTION REQUIRED,SELECTION REQUIRED,NOT EXECUTED,NO FABRICATION OR ACCEPTANCE AUTHORITY,"PRELIMINARY - CONFIGURATION AND PACKAGING CAD ONLY - NOT APPROVED FOR PROCUREMENT, FABRICATION, ASSEMBLY, POWERED TESTING, MOTION, OR ENERGIZATION"
L02_SHIN_TIE_Z72,L02,OVERALL_X,42.000 mm nominal CAD envelope,size tolerance SELECTION REQUIRED,SELECTION REQUIRED,NOT EXECUTED,NO FABRICATION OR ACCEPTANCE AUTHORITY,"PRELIMINARY - CONFIGURATION AND PACKAGING CAD ONLY - NOT APPROVED FOR PROCUREMENT, FABRICATION, ASSEMBLY, POWERED TESTING, MOTION, OR ENERGIZATION"
L02_SHIN_TIE_Z72,L02,OVERALL_Y,40.000 mm nominal CAD envelope,size tolerance SELECTION REQUIRED,SELECTION REQUIRED,NOT EXECUTED,NO FABRICATION OR ACCEPTANCE AUTHORITY,"PRELIMINARY - CONFIGURATION AND PACKAGING CAD ONLY - NOT APPROVED FOR PROCUREMENT, FABRICATION, ASSEMBLY, POWERED TESTING, MOTION, OR ENERGIZATION"
L02_SHIN_TIE_Z72,L02,OVERALL_Z,3.000 mm nominal CAD envelope,size tolerance SELECTION REQUIRED,SELECTION REQUIRED,NOT EXECUTED,NO FABRICATION OR ACCEPTANCE AUTHORITY,"PRELIMINARY - CONFIGURATION AND PACKAGING CAD ONLY - NOT APPROVED FOR PROCUREMENT, FABRICATION, ASSEMBLY, POWERED TESTING, MOTION, OR ENERGIZATION"
L02_SHIN_TIE_Z72,L02,PROFILE_OR_SURFACE,nominal native STEP geometry,"profile tolerance, inspection method and sampling SELECTION REQUIRED",SELECTION REQUIRED,NOT EXECUTED,NO FABRICATION OR ACCEPTANCE AUTHORITY,"PRELIMINARY - CONFIGURATION AND PACKAGING CAD ONLY - NOT APPROVED FOR PROCUREMENT, FABRICATION, ASSEMBLY, POWERED TESTING, MOTION, OR ENERGIZATION"
L02_SHIN_TIE_Z135,L02,DATUM_SCHEME,A largest planar face; B longest profile edge/centerline; C orthogonal profile edge/centerline,datum simulators and precedence SELECTION REQUIRED,SELECTION REQUIRED,NOT EXECUTED,NO FABRICATION OR ACCEPTANCE AUTHORITY,"PRELIMINARY - CONFIGURATION AND PACKAGING CAD ONLY - NOT APPROVED FOR PROCUREMENT, FABRICATION, ASSEMBLY, POWERED TESTING, MOTION, OR ENERGIZATION"
L02_SHIN_TIE_Z135,L02,OVERALL_X,42.000 mm nominal CAD envelope,size tolerance SELECTION REQUIRED,SELECTION REQUIRED,NOT EXECUTED,NO FABRICATION OR ACCEPTANCE AUTHORITY,"PRELIMINARY - CONFIGURATION AND PACKAGING CAD ONLY - NOT APPROVED FOR PROCUREMENT, FABRICATION, ASSEMBLY, POWERED TESTING, MOTION, OR ENERGIZATION"
L02_SHIN_TIE_Z135,L02,OVERALL_Y,40.000 mm nominal CAD envelope,size tolerance SELECTION REQUIRED,SELECTION REQUIRED,NOT EXECUTED,NO FABRICATION OR ACCEPTANCE AUTHORITY,"PRELIMINARY - CONFIGURATION AND PACKAGING CAD ONLY - NOT APPROVED FOR PROCUREMENT, FABRICATION, ASSEMBLY, POWERED TESTING, MOTION, OR ENERGIZATION"
L02_SHIN_TIE_Z135,L02,OVERALL_Z,3.000 mm nominal CAD envelope,size tolerance SELECTION REQUIRED,SELECTION REQUIRED,NOT EXECUTED,NO FABRICATION OR ACCEPTANCE AUTHORITY,"PRELIMINARY - CONFIGURATION AND PACKAGING CAD ONLY - NOT APPROVED FOR PROCUREMENT, FABRICATION, ASSEMBLY, POWERED TESTING, MOTION, OR ENERGIZATION"
L02_SHIN_TIE_Z135,L02,PROFILE_OR_SURFACE,nominal native STEP geometry,"profile tolerance, inspection method and sampling SELECTION REQUIRED",SELECTION REQUIRED,NOT EXECUTED,NO FABRICATION OR ACCEPTANCE AUTHORITY,"PRELIMINARY - CONFIGURATION AND PACKAGING CAD ONLY - NOT APPROVED FOR PROCUREMENT, FABRICATION, ASSEMBLY, POWERED TESTING, MOTION, OR ENERGIZATION"
L02_SHIN_TIE_Z183,L02,DATUM_SCHEME,A largest planar face; B longest profile edge/centerline; C orthogonal profile edge/centerline,datum simulators and precedence SELECTION REQUIRED,SELECTION REQUIRED,NOT EXECUTED,NO FABRICATION OR ACCEPTANCE AUTHORITY,"PRELIMINARY - CONFIGURATION AND PACKAGING CAD ONLY - NOT APPROVED FOR PROCUREMENT, FABRICATION, ASSEMBLY, POWERED TESTING, MOTION, OR ENERGIZATION"
L02_SHIN_TIE_Z183,L02,OVERALL_X,42.000 mm nominal CAD envelope,size tolerance SELECTION REQUIRED,SELECTION REQUIRED,NOT EXECUTED,NO FABRICATION OR ACCEPTANCE AUTHORITY,"PRELIMINARY - CONFIGURATION AND PACKAGING CAD ONLY - NOT APPROVED FOR PROCUREMENT, FABRICATION, ASSEMBLY, POWERED TESTING, MOTION, OR ENERGIZATION"
L02_SHIN_TIE_Z183,L02,OVERALL_Y,40.000 mm nominal CAD envelope,size tolerance SELECTION REQUIRED,SELECTION REQUIRED,NOT EXECUTED,NO FABRICATION OR ACCEPTANCE AUTHORITY,"PRELIMINARY - CONFIGURATION AND PACKAGING CAD ONLY - NOT APPROVED FOR PROCUREMENT, FABRICATION, ASSEMBLY, POWERED TESTING, MOTION, OR ENERGIZATION"
L02_SHIN_TIE_Z183,L02,OVERALL_Z,3.000 mm nominal CAD envelope,size tolerance SELECTION REQUIRED,SELECTION REQUIRED,NOT EXECUTED,NO FABRICATION OR ACCEPTANCE AUTHORITY,"PRELIMINARY - CONFIGURATION AND PACKAGING CAD ONLY - NOT APPROVED FOR PROCUREMENT, FABRICATION, ASSEMBLY, POWERED TESTING, MOTION, OR ENERGIZATION"
L02_SHIN_TIE_Z183,L02,PROFILE_OR_SURFACE,nominal native STEP geometry,"profile tolerance, inspection method and sampling SELECTION REQUIRED",SELECTION REQUIRED,NOT EXECUTED,NO FABRICATION OR ACCEPTANCE AUTHORITY,"PRELIMINARY - CONFIGURATION AND PACKAGING CAD ONLY - NOT APPROVED FOR PROCUREMENT, FABRICATION, ASSEMBLY, POWERED TESTING, MOTION, OR ENERGIZATION"
L02_THIGH_TIE_Z235,L02,DATUM_SCHEME,A largest planar face; B longest profile edge/centerline; C orthogonal profile edge/centerline,datum simulators and precedence SELECTION REQUIRED,SELECTION REQUIRED,NOT EXECUTED,NO FABRICATION OR ACCEPTANCE AUTHORITY,"PRELIMINARY - CONFIGURATION AND PACKAGING CAD ONLY - NOT APPROVED FOR PROCUREMENT, FABRICATION, ASSEMBLY, POWERED TESTING, MOTION, OR ENERGIZATION"
L02_THIGH_TIE_Z235,L02,OVERALL_X,46.000 mm nominal CAD envelope,size tolerance SELECTION REQUIRED,SELECTION REQUIRED,NOT EXECUTED,NO FABRICATION OR ACCEPTANCE AUTHORITY,"PRELIMINARY - CONFIGURATION AND PACKAGING CAD ONLY - NOT APPROVED FOR PROCUREMENT, FABRICATION, ASSEMBLY, POWERED TESTING, MOTION, OR ENERGIZATION"
L02_THIGH_TIE_Z235,L02,OVERALL_Y,40.000 mm nominal CAD envelope,size tolerance SELECTION REQUIRED,SELECTION REQUIRED,NOT EXECUTED,NO FABRICATION OR ACCEPTANCE AUTHORITY,"PRELIMINARY - CONFIGURATION AND PACKAGING CAD ONLY - NOT APPROVED FOR PROCUREMENT, FABRICATION, ASSEMBLY, POWERED TESTING, MOTION, OR ENERGIZATION"
L02_THIGH_TIE_Z235,L02,OVERALL_Z,3.000 mm nominal CAD envelope,size tolerance SELECTION REQUIRED,SELECTION REQUIRED,NOT EXECUTED,NO FABRICATION OR ACCEPTANCE AUTHORITY,"PRELIMINARY - CONFIGURATION AND PACKAGING CAD ONLY - NOT APPROVED FOR PROCUREMENT, FABRICATION, ASSEMBLY, POWERED TESTING, MOTION, OR ENERGIZATION"
L02_THIGH_TIE_Z235,L02,PROFILE_OR_SURFACE,nominal native STEP geometry,"profile tolerance, inspection method and sampling SELECTION REQUIRED",SELECTION REQUIRED,NOT EXECUTED,NO FABRICATION OR ACCEPTANCE AUTHORITY,"PRELIMINARY - CONFIGURATION AND PACKAGING CAD ONLY - NOT APPROVED FOR PROCUREMENT, FABRICATION, ASSEMBLY, POWERED TESTING, MOTION, OR ENERGIZATION"
L02_THIGH_TIE_Z300,L02,DATUM_SCHEME,A largest planar face; B longest profile edge/centerline; C orthogonal profile edge/centerline,datum simulators and precedence SELECTION REQUIRED,SELECTION REQUIRED,NOT EXECUTED,NO FABRICATION OR ACCEPTANCE AUTHORITY,"PRELIMINARY - CONFIGURATION AND PACKAGING CAD ONLY - NOT APPROVED FOR PROCUREMENT, FABRICATION, ASSEMBLY, POWERED TESTING, MOTION, OR ENERGIZATION"
L02_THIGH_TIE_Z300,L02,OVERALL_X,46.000 mm nominal CAD envelope,size tolerance SELECTION REQUIRED,SELECTION REQUIRED,NOT EXECUTED,NO FABRICATION OR ACCEPTANCE AUTHORITY,"PRELIMINARY - CONFIGURATION AND PACKAGING CAD ONLY - NOT APPROVED FOR PROCUREMENT, FABRICATION, ASSEMBLY, POWERED TESTING, MOTION, OR ENERGIZATION"
L02_THIGH_TIE_Z300,L02,OVERALL_Y,40.000 mm nominal CAD envelope,size tolerance SELECTION REQUIRED,SELECTION REQUIRED,NOT EXECUTED,NO FABRICATION OR ACCEPTANCE AUTHORITY,"PRELIMINARY - CONFIGURATION AND PACKAGING CAD ONLY - NOT APPROVED FOR PROCUREMENT, FABRICATION, ASSEMBLY, POWERED TESTING, MOTION, OR ENERGIZATION"
L02_THIGH_TIE_Z300,L02,OVERALL_Z,3.000 mm nominal CAD envelope,size tolerance SELECTION REQUIRED,SELECTION REQUIRED,NOT EXECUTED,NO FABRICATION OR ACCEPTANCE AUTHORITY,"PRELIMINARY - CONFIGURATION AND PACKAGING CAD ONLY - NOT APPROVED FOR PROCUREMENT, FABRICATION, ASSEMBLY, POWERED TESTING, MOTION, OR ENERGIZATION"
L02_THIGH_TIE_Z300,L02,PROFILE_OR_SURFACE,nominal native STEP geometry,"profile tolerance, inspection method and sampling SELECTION REQUIRED",SELECTION REQUIRED,NOT EXECUTED,NO FABRICATION OR ACCEPTANCE AUTHORITY,"PRELIMINARY - CONFIGURATION AND PACKAGING CAD ONLY - NOT APPROVED FOR PROCUREMENT, FABRICATION, ASSEMBLY, POWERED TESTING, MOTION, OR ENERGIZATION"
L02_THIGH_TIE_Z355,L02,DATUM_SCHEME,A largest planar face; B longest profile edge/centerline; C orthogonal profile edge/centerline,datum simulators and precedence SELECTION REQUIRED,SELECTION REQUIRED,NOT EXECUTED,NO FABRICATION OR ACCEPTANCE AUTHORITY,"PRELIMINARY - CONFIGURATION AND PACKAGING CAD ONLY - NOT APPROVED FOR PROCUREMENT, FABRICATION, ASSEMBLY, POWERED TESTING, MOTION, OR ENERGIZATION"
L02_THIGH_TIE_Z355,L02,OVERALL_X,46.000 mm nominal CAD envelope,size tolerance SELECTION REQUIRED,SELECTION REQUIRED,NOT EXECUTED,NO FABRICATION OR ACCEPTANCE AUTHORITY,"PRELIMINARY - CONFIGURATION AND PACKAGING CAD ONLY - NOT APPROVED FOR PROCUREMENT, FABRICATION, ASSEMBLY, POWERED TESTING, MOTION, OR ENERGIZATION"
L02_THIGH_TIE_Z355,L02,OVERALL_Y,40.000 mm nominal CAD envelope,size tolerance SELECTION REQUIRED,SELECTION REQUIRED,NOT EXECUTED,NO FABRICATION OR ACCEPTANCE AUTHORITY,"PRELIMINARY - CONFIGURATION AND PACKAGING CAD ONLY - NOT APPROVED FOR PROCUREMENT, FABRICATION, ASSEMBLY, POWERED TESTING, MOTION, OR ENERGIZATION"
L02_THIGH_TIE_Z355,L02,OVERALL_Z,3.000 mm nominal CAD envelope,size tolerance SELECTION REQUIRED,SELECTION REQUIRED,NOT EXECUTED,NO FABRICATION OR ACCEPTANCE AUTHORITY,"PRELIMINARY - CONFIGURATION AND PACKAGING CAD ONLY - NOT APPROVED FOR PROCUREMENT, FABRICATION, ASSEMBLY, POWERED TESTING, MOTION, OR ENERGIZATION"
L02_THIGH_TIE_Z355,L02,PROFILE_OR_SURFACE,nominal native STEP geometry,"profile tolerance, inspection method and sampling SELECTION REQUIRED",SELECTION REQUIRED,NOT EXECUTED,NO FABRICATION OR ACCEPTANCE AUTHORITY,"PRELIMINARY - CONFIGURATION AND PACKAGING CAD ONLY - NOT APPROVED FOR PROCUREMENT, FABRICATION, ASSEMBLY, POWERED TESTING, MOTION, OR ENERGIZATION"
F02_SOLE_CARRIER,F02,DATUM_SCHEME,A largest planar face; B longest profile edge/centerline; C orthogonal profile edge/centerline,datum simulators and precedence SELECTION REQUIRED,SELECTION REQUIRED,NOT EXECUTED,NO FABRICATION OR ACCEPTANCE AUTHORITY,"PRELIMINARY - CONFIGURATION AND PACKAGING CAD ONLY - NOT APPROVED FOR PROCUREMENT, FABRICATION, ASSEMBLY, POWERED TESTING, MOTION, OR ENERGIZATION"
F02_SOLE_CARRIER,F02,OVERALL_X,86.000 mm nominal CAD envelope,size tolerance SELECTION REQUIRED,SELECTION REQUIRED,NOT EXECUTED,NO FABRICATION OR ACCEPTANCE AUTHORITY,"PRELIMINARY - CONFIGURATION AND PACKAGING CAD ONLY - NOT APPROVED FOR PROCUREMENT, FABRICATION, ASSEMBLY, POWERED TESTING, MOTION, OR ENERGIZATION"
F02_SOLE_CARRIER,F02,OVERALL_Y,138.000 mm nominal CAD envelope,size tolerance SELECTION REQUIRED,SELECTION REQUIRED,NOT EXECUTED,NO FABRICATION OR ACCEPTANCE AUTHORITY,"PRELIMINARY - CONFIGURATION AND PACKAGING CAD ONLY - NOT APPROVED FOR PROCUREMENT, FABRICATION, ASSEMBLY, POWERED TESTING, MOTION, OR ENERGIZATION"
F02_SOLE_CARRIER,F02,OVERALL_Z,4.000 mm nominal CAD envelope,size tolerance SELECTION REQUIRED,SELECTION REQUIRED,NOT EXECUTED,NO FABRICATION OR ACCEPTANCE AUTHORITY,"PRELIMINARY - CONFIGURATION AND PACKAGING CAD ONLY - NOT APPROVED FOR PROCUREMENT, FABRICATION, ASSEMBLY, POWERED TESTING, MOTION, OR ENERGIZATION"
F02_SOLE_CARRIER,F02,PROFILE_OR_SURFACE,nominal native STEP geometry,"profile tolerance, inspection method and sampling SELECTION REQUIRED",SELECTION REQUIRED,NOT EXECUTED,NO FABRICATION OR ACCEPTANCE AUTHORITY,"PRELIMINARY - CONFIGURATION AND PACKAGING CAD ONLY - NOT APPROVED FOR PROCUREMENT, FABRICATION, ASSEMBLY, POWERED TESTING, MOTION, OR ENERGIZATION"
F02_TOP_BRIDGE,F02,DATUM_SCHEME,A largest planar face; B longest profile edge/centerline; C orthogonal profile edge/centerline,datum simulators and precedence SELECTION REQUIRED,SELECTION REQUIRED,NOT EXECUTED,NO FABRICATION OR ACCEPTANCE AUTHORITY,"PRELIMINARY - CONFIGURATION AND PACKAGING CAD ONLY - NOT APPROVED FOR PROCUREMENT, FABRICATION, ASSEMBLY, POWERED TESTING, MOTION, OR ENERGIZATION"
F02_TOP_BRIDGE,F02,OVERALL_X,68.000 mm nominal CAD envelope,size tolerance SELECTION REQUIRED,SELECTION REQUIRED,NOT EXECUTED,NO FABRICATION OR ACCEPTANCE AUTHORITY,"PRELIMINARY - CONFIGURATION AND PACKAGING CAD ONLY - NOT APPROVED FOR PROCUREMENT, FABRICATION, ASSEMBLY, POWERED TESTING, MOTION, OR ENERGIZATION"
F02_TOP_BRIDGE,F02,OVERALL_Y,86.000 mm nominal CAD envelope,size tolerance SELECTION REQUIRED,SELECTION REQUIRED,NOT EXECUTED,NO FABRICATION OR ACCEPTANCE AUTHORITY,"PRELIMINARY - CONFIGURATION AND PACKAGING CAD ONLY - NOT APPROVED FOR PROCUREMENT, FABRICATION, ASSEMBLY, POWERED TESTING, MOTION, OR ENERGIZATION"
F02_TOP_BRIDGE,F02,OVERALL_Z,3.000 mm nominal CAD envelope,size tolerance SELECTION REQUIRED,SELECTION REQUIRED,NOT EXECUTED,NO FABRICATION OR ACCEPTANCE AUTHORITY,"PRELIMINARY - CONFIGURATION AND PACKAGING CAD ONLY - NOT APPROVED FOR PROCUREMENT, FABRICATION, ASSEMBLY, POWERED TESTING, MOTION, OR ENERGIZATION"
F02_TOP_BRIDGE,F02,PROFILE_OR_SURFACE,nominal native STEP geometry,"profile tolerance, inspection method and sampling SELECTION REQUIRED",SELECTION REQUIRED,NOT EXECUTED,NO FABRICATION OR ACCEPTANCE AUTHORITY,"PRELIMINARY - CONFIGURATION AND PACKAGING CAD ONLY - NOT APPROVED FOR PROCUREMENT, FABRICATION, ASSEMBLY, POWERED TESTING, MOTION, OR ENERGIZATION"
A02_UPPER_ARM_LINK_FRONT,A02,DATUM_SCHEME,A largest planar face; B longest profile edge/centerline; C orthogonal profile edge/centerline,datum simulators and precedence SELECTION REQUIRED,SELECTION REQUIRED,NOT EXECUTED,NO FABRICATION OR ACCEPTANCE AUTHORITY,"PRELIMINARY - CONFIGURATION AND PACKAGING CAD ONLY - NOT APPROVED FOR PROCUREMENT, FABRICATION, ASSEMBLY, POWERED TESTING, MOTION, OR ENERGIZATION"
A02_UPPER_ARM_LINK_FRONT,A02,OVERALL_X,41.870 mm nominal CAD envelope,size tolerance SELECTION REQUIRED,SELECTION REQUIRED,NOT EXECUTED,NO FABRICATION OR ACCEPTANCE AUTHORITY,"PRELIMINARY - CONFIGURATION AND PACKAGING CAD ONLY - NOT APPROVED FOR PROCUREMENT, FABRICATION, ASSEMBLY, POWERED TESTING, MOTION, OR ENERGIZATION"
A02_UPPER_ARM_LINK_FRONT,A02,OVERALL_Y,28.000 mm nominal CAD envelope,size tolerance SELECTION REQUIRED,SELECTION REQUIRED,NOT EXECUTED,NO FABRICATION OR ACCEPTANCE AUTHORITY,"PRELIMINARY - CONFIGURATION AND PACKAGING CAD ONLY - NOT APPROVED FOR PROCUREMENT, FABRICATION, ASSEMBLY, POWERED TESTING, MOTION, OR ENERGIZATION"
A02_UPPER_ARM_LINK_FRONT,A02,OVERALL_Z,146.120 mm nominal CAD envelope,size tolerance SELECTION REQUIRED,SELECTION REQUIRED,NOT EXECUTED,NO FABRICATION OR ACCEPTANCE AUTHORITY,"PRELIMINARY - CONFIGURATION AND PACKAGING CAD ONLY - NOT APPROVED FOR PROCUREMENT, FABRICATION, ASSEMBLY, POWERED TESTING, MOTION, OR ENERGIZATION"
A02_UPPER_ARM_LINK_FRONT,A02,PROFILE_OR_SURFACE,nominal native STEP geometry,"profile tolerance, inspection method and sampling SELECTION REQUIRED",SELECTION REQUIRED,NOT EXECUTED,NO FABRICATION OR ACCEPTANCE AUTHORITY,"PRELIMINARY - CONFIGURATION AND PACKAGING CAD ONLY - NOT APPROVED FOR PROCUREMENT, FABRICATION, ASSEMBLY, POWERED TESTING, MOTION, OR ENERGIZATION"
A02_FOREARM_LINK_FRONT,A02,DATUM_SCHEME,A largest planar face; B longest profile edge/centerline; C orthogonal profile edge/centerline,datum simulators and precedence SELECTION REQUIRED,SELECTION REQUIRED,NOT EXECUTED,NO FABRICATION OR ACCEPTANCE AUTHORITY,"PRELIMINARY - CONFIGURATION AND PACKAGING CAD ONLY - NOT APPROVED FOR PROCUREMENT, FABRICATION, ASSEMBLY, POWERED TESTING, MOTION, OR ENERGIZATION"
A02_FOREARM_LINK_FRONT,A02,OVERALL_X,8.998 mm nominal CAD envelope,size tolerance SELECTION REQUIRED,SELECTION REQUIRED,NOT EXECUTED,NO FABRICATION OR ACCEPTANCE AUTHORITY,"PRELIMINARY - CONFIGURATION AND PACKAGING CAD ONLY - NOT APPROVED FOR PROCUREMENT, FABRICATION, ASSEMBLY, POWERED TESTING, MOTION, OR ENERGIZATION"
A02_FOREARM_LINK_FRONT,A02,OVERALL_Y,26.000 mm nominal CAD envelope,size tolerance SELECTION REQUIRED,SELECTION REQUIRED,NOT EXECUTED,NO FABRICATION OR ACCEPTANCE AUTHORITY,"PRELIMINARY - CONFIGURATION AND PACKAGING CAD ONLY - NOT APPROVED FOR PROCUREMENT, FABRICATION, ASSEMBLY, POWERED TESTING, MOTION, OR ENERGIZATION"
A02_FOREARM_LINK_FRONT,A02,OVERALL_Z,145.052 mm nominal CAD envelope,size tolerance SELECTION REQUIRED,SELECTION REQUIRED,NOT EXECUTED,NO FABRICATION OR ACCEPTANCE AUTHORITY,"PRELIMINARY - CONFIGURATION AND PACKAGING CAD ONLY - NOT APPROVED FOR PROCUREMENT, FABRICATION, ASSEMBLY, POWERED TESTING, MOTION, OR ENERGIZATION"
A02_FOREARM_LINK_FRONT,A02,PROFILE_OR_SURFACE,nominal native STEP geometry,"profile tolerance, inspection method and sampling SELECTION REQUIRED",SELECTION REQUIRED,NOT EXECUTED,NO FABRICATION OR ACCEPTANCE AUTHORITY,"PRELIMINARY - CONFIGURATION AND PACKAGING CAD ONLY - NOT APPROVED FOR PROCUREMENT, FABRICATION, ASSEMBLY, POWERED TESTING, MOTION, OR ENERGIZATION"
A02_UPPER_ARM_LINK_REAR,A02,DATUM_SCHEME,A largest planar face; B longest profile edge/centerline; C orthogonal profile edge/centerline,datum simulators and precedence SELECTION REQUIRED,SELECTION REQUIRED,NOT EXECUTED,NO FABRICATION OR ACCEPTANCE AUTHORITY,"PRELIMINARY - CONFIGURATION AND PACKAGING CAD ONLY - NOT APPROVED FOR PROCUREMENT, FABRICATION, ASSEMBLY, POWERED TESTING, MOTION, OR ENERGIZATION"
A02_UPPER_ARM_LINK_REAR,A02,OVERALL_X,41.870 mm nominal CAD envelope,size tolerance SELECTION REQUIRED,SELECTION REQUIRED,NOT EXECUTED,NO FABRICATION OR ACCEPTANCE AUTHORITY,"PRELIMINARY - CONFIGURATION AND PACKAGING CAD ONLY - NOT APPROVED FOR PROCUREMENT, FABRICATION, ASSEMBLY, POWERED TESTING, MOTION, OR ENERGIZATION"
A02_UPPER_ARM_LINK_REAR,A02,OVERALL_Y,28.000 mm nominal CAD envelope,size tolerance SELECTION REQUIRED,SELECTION REQUIRED,NOT EXECUTED,NO FABRICATION OR ACCEPTANCE AUTHORITY,"PRELIMINARY - CONFIGURATION AND PACKAGING CAD ONLY - NOT APPROVED FOR PROCUREMENT, FABRICATION, ASSEMBLY, POWERED TESTING, MOTION, OR ENERGIZATION"
A02_UPPER_ARM_LINK_REAR,A02,OVERALL_Z,146.120 mm nominal CAD envelope,size tolerance SELECTION REQUIRED,SELECTION REQUIRED,NOT EXECUTED,NO FABRICATION OR ACCEPTANCE AUTHORITY,"PRELIMINARY - CONFIGURATION AND PACKAGING CAD ONLY - NOT APPROVED FOR PROCUREMENT, FABRICATION, ASSEMBLY, POWERED TESTING, MOTION, OR ENERGIZATION"
A02_UPPER_ARM_LINK_REAR,A02,PROFILE_OR_SURFACE,nominal native STEP geometry,"profile tolerance, inspection method and sampling SELECTION REQUIRED",SELECTION REQUIRED,NOT EXECUTED,NO FABRICATION OR ACCEPTANCE AUTHORITY,"PRELIMINARY - CONFIGURATION AND PACKAGING CAD ONLY - NOT APPROVED FOR PROCUREMENT, FABRICATION, ASSEMBLY, POWERED TESTING, MOTION, OR ENERGIZATION"
A02_FOREARM_LINK_REAR,A02,DATUM_SCHEME,A largest planar face; B longest profile edge/centerline; C orthogonal profile edge/centerline,datum simulators and precedence SELECTION REQUIRED,SELECTION REQUIRED,NOT EXECUTED,NO FABRICATION OR ACCEPTANCE AUTHORITY,"PRELIMINARY - CONFIGURATION AND PACKAGING CAD ONLY - NOT APPROVED FOR PROCUREMENT, FABRICATION, ASSEMBLY, POWERED TESTING, MOTION, OR ENERGIZATION"
A02_FOREARM_LINK_REAR,A02,OVERALL_X,8.998 mm nominal CAD envelope,size tolerance SELECTION REQUIRED,SELECTION REQUIRED,NOT EXECUTED,NO FABRICATION OR ACCEPTANCE AUTHORITY,"PRELIMINARY - CONFIGURATION AND PACKAGING CAD ONLY - NOT APPROVED FOR PROCUREMENT, FABRICATION, ASSEMBLY, POWERED TESTING, MOTION, OR ENERGIZATION"
A02_FOREARM_LINK_REAR,A02,OVERALL_Y,26.000 mm nominal CAD envelope,size tolerance SELECTION REQUIRED,SELECTION REQUIRED,NOT EXECUTED,NO FABRICATION OR ACCEPTANCE AUTHORITY,"PRELIMINARY - CONFIGURATION AND PACKAGING CAD ONLY - NOT APPROVED FOR PROCUREMENT, FABRICATION, ASSEMBLY, POWERED TESTING, MOTION, OR ENERGIZATION"
A02_FOREARM_LINK_REAR,A02,OVERALL_Z,145.052 mm nominal CAD envelope,size tolerance SELECTION REQUIRED,SELECTION REQUIRED,NOT EXECUTED,NO FABRICATION OR ACCEPTANCE AUTHORITY,"PRELIMINARY - CONFIGURATION AND PACKAGING CAD ONLY - NOT APPROVED FOR PROCUREMENT, FABRICATION, ASSEMBLY, POWERED TESTING, MOTION, OR ENERGIZATION"
A02_FOREARM_LINK_REAR,A02,PROFILE_OR_SURFACE,nominal native STEP geometry,"profile tolerance, inspection method and sampling SELECTION REQUIRED",SELECTION REQUIRED,NOT EXECUTED,NO FABRICATION OR ACCEPTANCE AUTHORITY,"PRELIMINARY - CONFIGURATION AND PACKAGING CAD ONLY - NOT APPROVED FOR PROCUREMENT, FABRICATION, ASSEMBLY, POWERED TESTING, MOTION, OR ENERGIZATION"
L02_SHIN_FRONT_COVER,L02,DATUM_SCHEME,A mounting/seam surface; B longest edge/centerplane; C orthogonal edge/centerplane,datum simulators and precedence SELECTION REQUIRED,SELECTION REQUIRED,NOT EXECUTED,NO FABRICATION OR ACCEPTANCE AUTHORITY,"PRELIMINARY - CONFIGURATION AND PACKAGING CAD ONLY - NOT APPROVED FOR PROCUREMENT, FABRICATION, ASSEMBLY, POWERED TESTING, MOTION, OR ENERGIZATION"
L02_SHIN_FRONT_COVER,L02,OVERALL_X,60.002 mm nominal CAD envelope,size tolerance SELECTION REQUIRED,SELECTION REQUIRED,NOT EXECUTED,NO FABRICATION OR ACCEPTANCE AUTHORITY,"PRELIMINARY - CONFIGURATION AND PACKAGING CAD ONLY - NOT APPROVED FOR PROCUREMENT, FABRICATION, ASSEMBLY, POWERED TESTING, MOTION, OR ENERGIZATION"
L02_SHIN_FRONT_COVER,L02,OVERALL_Y,1.202 mm nominal CAD envelope,size tolerance SELECTION REQUIRED,SELECTION REQUIRED,NOT EXECUTED,NO FABRICATION OR ACCEPTANCE AUTHORITY,"PRELIMINARY - CONFIGURATION AND PACKAGING CAD ONLY - NOT APPROVED FOR PROCUREMENT, FABRICATION, ASSEMBLY, POWERED TESTING, MOTION, OR ENERGIZATION"
L02_SHIN_FRONT_COVER,L02,OVERALL_Z,132.002 mm nominal CAD envelope,size tolerance SELECTION REQUIRED,SELECTION REQUIRED,NOT EXECUTED,NO FABRICATION OR ACCEPTANCE AUTHORITY,"PRELIMINARY - CONFIGURATION AND PACKAGING CAD ONLY - NOT APPROVED FOR PROCUREMENT, FABRICATION, ASSEMBLY, POWERED TESTING, MOTION, OR ENERGIZATION"
L02_SHIN_FRONT_COVER,L02,PROFILE_OR_SURFACE,nominal native STEP geometry,"profile tolerance, inspection method and sampling SELECTION REQUIRED",SELECTION REQUIRED,NOT EXECUTED,NO FABRICATION OR ACCEPTANCE AUTHORITY,"PRELIMINARY - CONFIGURATION AND PACKAGING CAD ONLY - NOT APPROVED FOR PROCUREMENT, FABRICATION, ASSEMBLY, POWERED TESTING, MOTION, OR ENERGIZATION"
L02_SHIN_REAR_COVER,L02,DATUM_SCHEME,A mounting/seam surface; B longest edge/centerplane; C orthogonal edge/centerplane,datum simulators and precedence SELECTION REQUIRED,SELECTION REQUIRED,NOT EXECUTED,NO FABRICATION OR ACCEPTANCE AUTHORITY,"PRELIMINARY - CONFIGURATION AND PACKAGING CAD ONLY - NOT APPROVED FOR PROCUREMENT, FABRICATION, ASSEMBLY, POWERED TESTING, MOTION, OR ENERGIZATION"
L02_SHIN_REAR_COVER,L02,OVERALL_X,60.002 mm nominal CAD envelope,size tolerance SELECTION REQUIRED,SELECTION REQUIRED,NOT EXECUTED,NO FABRICATION OR ACCEPTANCE AUTHORITY,"PRELIMINARY - CONFIGURATION AND PACKAGING CAD ONLY - NOT APPROVED FOR PROCUREMENT, FABRICATION, ASSEMBLY, POWERED TESTING, MOTION, OR ENERGIZATION"
L02_SHIN_REAR_COVER,L02,OVERALL_Y,1.202 mm nominal CAD envelope,size tolerance SELECTION REQUIRED,SELECTION REQUIRED,NOT EXECUTED,NO FABRICATION OR ACCEPTANCE AUTHORITY,"PRELIMINARY - CONFIGURATION AND PACKAGING CAD ONLY - NOT APPROVED FOR PROCUREMENT, FABRICATION, ASSEMBLY, POWERED TESTING, MOTION, OR ENERGIZATION"
L02_SHIN_REAR_COVER,L02,OVERALL_Z,132.002 mm nominal CAD envelope,size tolerance SELECTION REQUIRED,SELECTION REQUIRED,NOT EXECUTED,NO FABRICATION OR ACCEPTANCE AUTHORITY,"PRELIMINARY - CONFIGURATION AND PACKAGING CAD ONLY - NOT APPROVED FOR PROCUREMENT, FABRICATION, ASSEMBLY, POWERED TESTING, MOTION, OR ENERGIZATION"
L02_SHIN_REAR_COVER,L02,PROFILE_OR_SURFACE,nominal native STEP geometry,"profile tolerance, inspection method and sampling SELECTION REQUIRED",SELECTION REQUIRED,NOT EXECUTED,NO FABRICATION OR ACCEPTANCE AUTHORITY,"PRELIMINARY - CONFIGURATION AND PACKAGING CAD ONLY - NOT APPROVED FOR PROCUREMENT, FABRICATION, ASSEMBLY, POWERED TESTING, MOTION, OR ENERGIZATION"
L02_THIGH_FRONT_COVER,L02,DATUM_SCHEME,A mounting/seam surface; B longest edge/centerplane; C orthogonal edge/centerplane,datum simulators and precedence SELECTION REQUIRED,SELECTION REQUIRED,NOT EXECUTED,NO FABRICATION OR ACCEPTANCE AUTHORITY,"PRELIMINARY - CONFIGURATION AND PACKAGING CAD ONLY - NOT APPROVED FOR PROCUREMENT, FABRICATION, ASSEMBLY, POWERED TESTING, MOTION, OR ENERGIZATION"
L02_THIGH_FRONT_COVER,L02,OVERALL_X,66.002 mm nominal CAD envelope,size tolerance SELECTION REQUIRED,SELECTION REQUIRED,NOT EXECUTED,NO FABRICATION OR ACCEPTANCE AUTHORITY,"PRELIMINARY - CONFIGURATION AND PACKAGING CAD ONLY - NOT APPROVED FOR PROCUREMENT, FABRICATION, ASSEMBLY, POWERED TESTING, MOTION, OR ENERGIZATION"
L02_THIGH_FRONT_COVER,L02,OVERALL_Y,1.202 mm nominal CAD envelope,size tolerance SELECTION REQUIRED,SELECTION REQUIRED,NOT EXECUTED,NO FABRICATION OR ACCEPTANCE AUTHORITY,"PRELIMINARY - CONFIGURATION AND PACKAGING CAD ONLY - NOT APPROVED FOR PROCUREMENT, FABRICATION, ASSEMBLY, POWERED TESTING, MOTION, OR ENERGIZATION"
L02_THIGH_FRONT_COVER,L02,OVERALL_Z,138.002 mm nominal CAD envelope,size tolerance SELECTION REQUIRED,SELECTION REQUIRED,NOT EXECUTED,NO FABRICATION OR ACCEPTANCE AUTHORITY,"PRELIMINARY - CONFIGURATION AND PACKAGING CAD ONLY - NOT APPROVED FOR PROCUREMENT, FABRICATION, ASSEMBLY, POWERED TESTING, MOTION, OR ENERGIZATION"
L02_THIGH_FRONT_COVER,L02,PROFILE_OR_SURFACE,nominal native STEP geometry,"profile tolerance, inspection method and sampling SELECTION REQUIRED",SELECTION REQUIRED,NOT EXECUTED,NO FABRICATION OR ACCEPTANCE AUTHORITY,"PRELIMINARY - CONFIGURATION AND PACKAGING CAD ONLY - NOT APPROVED FOR PROCUREMENT, FABRICATION, ASSEMBLY, POWERED TESTING, MOTION, OR ENERGIZATION"
L02_THIGH_REAR_COVER,L02,DATUM_SCHEME,A mounting/seam surface; B longest edge/centerplane; C orthogonal edge/centerplane,datum simulators and precedence SELECTION REQUIRED,SELECTION REQUIRED,NOT EXECUTED,NO FABRICATION OR ACCEPTANCE AUTHORITY,"PRELIMINARY - CONFIGURATION AND PACKAGING CAD ONLY - NOT APPROVED FOR PROCUREMENT, FABRICATION, ASSEMBLY, POWERED TESTING, MOTION, OR ENERGIZATION"
L02_THIGH_REAR_COVER,L02,OVERALL_X,66.002 mm nominal CAD envelope,size tolerance SELECTION REQUIRED,SELECTION REQUIRED,NOT EXECUTED,NO FABRICATION OR ACCEPTANCE AUTHORITY,"PRELIMINARY - CONFIGURATION AND PACKAGING CAD ONLY - NOT APPROVED FOR PROCUREMENT, FABRICATION, ASSEMBLY, POWERED TESTING, MOTION, OR ENERGIZATION"
L02_THIGH_REAR_COVER,L02,OVERALL_Y,1.202 mm nominal CAD envelope,size tolerance SELECTION REQUIRED,SELECTION REQUIRED,NOT EXECUTED,NO FABRICATION OR ACCEPTANCE AUTHORITY,"PRELIMINARY - CONFIGURATION AND PACKAGING CAD ONLY - NOT APPROVED FOR PROCUREMENT, FABRICATION, ASSEMBLY, POWERED TESTING, MOTION, OR ENERGIZATION"
L02_THIGH_REAR_COVER,L02,OVERALL_Z,138.002 mm nominal CAD envelope,size tolerance SELECTION REQUIRED,SELECTION REQUIRED,NOT EXECUTED,NO FABRICATION OR ACCEPTANCE AUTHORITY,"PRELIMINARY - CONFIGURATION AND PACKAGING CAD ONLY - NOT APPROVED FOR PROCUREMENT, FABRICATION, ASSEMBLY, POWERED TESTING, MOTION, OR ENERGIZATION"
L02_THIGH_REAR_COVER,L02,PROFILE_OR_SURFACE,nominal native STEP geometry,"profile tolerance, inspection method and sampling SELECTION REQUIRED",SELECTION REQUIRED,NOT EXECUTED,NO FABRICATION OR ACCEPTANCE AUTHORITY,"PRELIMINARY - CONFIGURATION AND PACKAGING CAD ONLY - NOT APPROVED FOR PROCUREMENT, FABRICATION, ASSEMBLY, POWERED TESTING, MOTION, OR ENERGIZATION"
F02_TOP_COVER,F02,DATUM_SCHEME,A mounting/seam surface; B longest edge/centerplane; C orthogonal edge/centerplane,datum simulators and precedence SELECTION REQUIRED,SELECTION REQUIRED,NOT EXECUTED,NO FABRICATION OR ACCEPTANCE AUTHORITY,"PRELIMINARY - CONFIGURATION AND PACKAGING CAD ONLY - NOT APPROVED FOR PROCUREMENT, FABRICATION, ASSEMBLY, POWERED TESTING, MOTION, OR ENERGIZATION"
F02_TOP_COVER,F02,OVERALL_X,82.002 mm nominal CAD envelope,size tolerance SELECTION REQUIRED,SELECTION REQUIRED,NOT EXECUTED,NO FABRICATION OR ACCEPTANCE AUTHORITY,"PRELIMINARY - CONFIGURATION AND PACKAGING CAD ONLY - NOT APPROVED FOR PROCUREMENT, FABRICATION, ASSEMBLY, POWERED TESTING, MOTION, OR ENERGIZATION"
F02_TOP_COVER,F02,OVERALL_Y,118.002 mm nominal CAD envelope,size tolerance SELECTION REQUIRED,SELECTION REQUIRED,NOT EXECUTED,NO FABRICATION OR ACCEPTANCE AUTHORITY,"PRELIMINARY - CONFIGURATION AND PACKAGING CAD ONLY - NOT APPROVED FOR PROCUREMENT, FABRICATION, ASSEMBLY, POWERED TESTING, MOTION, OR ENERGIZATION"
F02_TOP_COVER,F02,OVERALL_Z,1.202 mm nominal CAD envelope,size tolerance SELECTION REQUIRED,SELECTION REQUIRED,NOT EXECUTED,NO FABRICATION OR ACCEPTANCE AUTHORITY,"PRELIMINARY - CONFIGURATION AND PACKAGING CAD ONLY - NOT APPROVED FOR PROCUREMENT, FABRICATION, ASSEMBLY, POWERED TESTING, MOTION, OR ENERGIZATION"
F02_TOP_COVER,F02,PROFILE_OR_SURFACE,nominal native STEP geometry,"profile tolerance, inspection method and sampling SELECTION REQUIRED",SELECTION REQUIRED,NOT EXECUTED,NO FABRICATION OR ACCEPTANCE AUTHORITY,"PRELIMINARY - CONFIGURATION AND PACKAGING CAD ONLY - NOT APPROVED FOR PROCUREMENT, FABRICATION, ASSEMBLY, POWERED TESTING, MOTION, OR ENERGIZATION"
A02_UPPER_ARM_FRONT_COVER,A02,DATUM_SCHEME,A mounting/seam surface; B longest edge/centerplane; C orthogonal edge/centerplane,datum simulators and precedence SELECTION REQUIRED,SELECTION REQUIRED,NOT EXECUTED,NO FABRICATION OR ACCEPTANCE AUTHORITY,"PRELIMINARY - CONFIGURATION AND PACKAGING CAD ONLY - NOT APPROVED FOR PROCUREMENT, FABRICATION, ASSEMBLY, POWERED TESTING, MOTION, OR ENERGIZATION"
A02_UPPER_ARM_FRONT_COVER,A02,OVERALL_X,39.161 mm nominal CAD envelope,size tolerance SELECTION REQUIRED,SELECTION REQUIRED,NOT EXECUTED,NO FABRICATION OR ACCEPTANCE AUTHORITY,"PRELIMINARY - CONFIGURATION AND PACKAGING CAD ONLY - NOT APPROVED FOR PROCUREMENT, FABRICATION, ASSEMBLY, POWERED TESTING, MOTION, OR ENERGIZATION"
A02_UPPER_ARM_FRONT_COVER,A02,OVERALL_Y,46.000 mm nominal CAD envelope,size tolerance SELECTION REQUIRED,SELECTION REQUIRED,NOT EXECUTED,NO FABRICATION OR ACCEPTANCE AUTHORITY,"PRELIMINARY - CONFIGURATION AND PACKAGING CAD ONLY - NOT APPROVED FOR PROCUREMENT, FABRICATION, ASSEMBLY, POWERED TESTING, MOTION, OR ENERGIZATION"
A02_UPPER_ARM_FRONT_COVER,A02,OVERALL_Z,145.411 mm nominal CAD envelope,size tolerance SELECTION REQUIRED,SELECTION REQUIRED,NOT EXECUTED,NO FABRICATION OR ACCEPTANCE AUTHORITY,"PRELIMINARY - CONFIGURATION AND PACKAGING CAD ONLY - NOT APPROVED FOR PROCUREMENT, FABRICATION, ASSEMBLY, POWERED TESTING, MOTION, OR ENERGIZATION"
A02_UPPER_ARM_FRONT_COVER,A02,PROFILE_OR_SURFACE,nominal native STEP geometry,"profile tolerance, inspection method and sampling SELECTION REQUIRED",SELECTION REQUIRED,NOT EXECUTED,NO FABRICATION OR ACCEPTANCE AUTHORITY,"PRELIMINARY - CONFIGURATION AND PACKAGING CAD ONLY - NOT APPROVED FOR PROCUREMENT, FABRICATION, ASSEMBLY, POWERED TESTING, MOTION, OR ENERGIZATION"
A02_UPPER_ARM_REAR_COVER,A02,DATUM_SCHEME,A mounting/seam surface; B longest edge/centerplane; C orthogonal edge/centerplane,datum simulators and precedence SELECTION REQUIRED,SELECTION REQUIRED,NOT EXECUTED,NO FABRICATION OR ACCEPTANCE AUTHORITY,"PRELIMINARY - CONFIGURATION AND PACKAGING CAD ONLY - NOT APPROVED FOR PROCUREMENT, FABRICATION, ASSEMBLY, POWERED TESTING, MOTION, OR ENERGIZATION"
A02_UPPER_ARM_REAR_COVER,A02,OVERALL_X,39.161 mm nominal CAD envelope,size tolerance SELECTION REQUIRED,SELECTION REQUIRED,NOT EXECUTED,NO FABRICATION OR ACCEPTANCE AUTHORITY,"PRELIMINARY - CONFIGURATION AND PACKAGING CAD ONLY - NOT APPROVED FOR PROCUREMENT, FABRICATION, ASSEMBLY, POWERED TESTING, MOTION, OR ENERGIZATION"
A02_UPPER_ARM_REAR_COVER,A02,OVERALL_Y,46.000 mm nominal CAD envelope,size tolerance SELECTION REQUIRED,SELECTION REQUIRED,NOT EXECUTED,NO FABRICATION OR ACCEPTANCE AUTHORITY,"PRELIMINARY - CONFIGURATION AND PACKAGING CAD ONLY - NOT APPROVED FOR PROCUREMENT, FABRICATION, ASSEMBLY, POWERED TESTING, MOTION, OR ENERGIZATION"
A02_UPPER_ARM_REAR_COVER,A02,OVERALL_Z,145.411 mm nominal CAD envelope,size tolerance SELECTION REQUIRED,SELECTION REQUIRED,NOT EXECUTED,NO FABRICATION OR ACCEPTANCE AUTHORITY,"PRELIMINARY - CONFIGURATION AND PACKAGING CAD ONLY - NOT APPROVED FOR PROCUREMENT, FABRICATION, ASSEMBLY, POWERED TESTING, MOTION, OR ENERGIZATION"
A02_UPPER_ARM_REAR_COVER,A02,PROFILE_OR_SURFACE,nominal native STEP geometry,"profile tolerance, inspection method and sampling SELECTION REQUIRED",SELECTION REQUIRED,NOT EXECUTED,NO FABRICATION OR ACCEPTANCE AUTHORITY,"PRELIMINARY - CONFIGURATION AND PACKAGING CAD ONLY - NOT APPROVED FOR PROCUREMENT, FABRICATION, ASSEMBLY, POWERED TESTING, MOTION, OR ENERGIZATION"
A02_FOREARM_FRONT_COVER,A02,DATUM_SCHEME,A mounting/seam surface; B longest edge/centerplane; C orthogonal edge/centerplane,datum simulators and precedence SELECTION REQUIRED,SELECTION REQUIRED,NOT EXECUTED,NO FABRICATION OR ACCEPTANCE AUTHORITY,"PRELIMINARY - CONFIGURATION AND PACKAGING CAD ONLY - NOT APPROVED FOR PROCUREMENT, FABRICATION, ASSEMBLY, POWERED TESTING, MOTION, OR ENERGIZATION"
A02_FOREARM_FRONT_COVER,A02,OVERALL_X,6.199 mm nominal CAD envelope,size tolerance SELECTION REQUIRED,SELECTION REQUIRED,NOT EXECUTED,NO FABRICATION OR ACCEPTANCE AUTHORITY,"PRELIMINARY - CONFIGURATION AND PACKAGING CAD ONLY - NOT APPROVED FOR PROCUREMENT, FABRICATION, ASSEMBLY, POWERED TESTING, MOTION, OR ENERGIZATION"
A02_FOREARM_FRONT_COVER,A02,OVERALL_Y,44.000 mm nominal CAD envelope,size tolerance SELECTION REQUIRED,SELECTION REQUIRED,NOT EXECUTED,NO FABRICATION OR ACCEPTANCE AUTHORITY,"PRELIMINARY - CONFIGURATION AND PACKAGING CAD ONLY - NOT APPROVED FOR PROCUREMENT, FABRICATION, ASSEMBLY, POWERED TESTING, MOTION, OR ENERGIZATION"
A02_FOREARM_FRONT_COVER,A02,OVERALL_Z,144.955 mm nominal CAD envelope,size tolerance SELECTION REQUIRED,SELECTION REQUIRED,NOT EXECUTED,NO FABRICATION OR ACCEPTANCE AUTHORITY,"PRELIMINARY - CONFIGURATION AND PACKAGING CAD ONLY - NOT APPROVED FOR PROCUREMENT, FABRICATION, ASSEMBLY, POWERED TESTING, MOTION, OR ENERGIZATION"
A02_FOREARM_FRONT_COVER,A02,PROFILE_OR_SURFACE,nominal native STEP geometry,"profile tolerance, inspection method and sampling SELECTION REQUIRED",SELECTION REQUIRED,NOT EXECUTED,NO FABRICATION OR ACCEPTANCE AUTHORITY,"PRELIMINARY - CONFIGURATION AND PACKAGING CAD ONLY - NOT APPROVED FOR PROCUREMENT, FABRICATION, ASSEMBLY, POWERED TESTING, MOTION, OR ENERGIZATION"
A02_FOREARM_REAR_COVER,A02,DATUM_SCHEME,A mounting/seam surface; B longest edge/centerplane; C orthogonal edge/centerplane,datum simulators and precedence SELECTION REQUIRED,SELECTION REQUIRED,NOT EXECUTED,NO FABRICATION OR ACCEPTANCE AUTHORITY,"PRELIMINARY - CONFIGURATION AND PACKAGING CAD ONLY - NOT APPROVED FOR PROCUREMENT, FABRICATION, ASSEMBLY, POWERED TESTING, MOTION, OR ENERGIZATION"
A02_FOREARM_REAR_COVER,A02,OVERALL_X,6.199 mm nominal CAD envelope,size tolerance SELECTION REQUIRED,SELECTION REQUIRED,NOT EXECUTED,NO FABRICATION OR ACCEPTANCE AUTHORITY,"PRELIMINARY - CONFIGURATION AND PACKAGING CAD ONLY - NOT APPROVED FOR PROCUREMENT, FABRICATION, ASSEMBLY, POWERED TESTING, MOTION, OR ENERGIZATION"
A02_FOREARM_REAR_COVER,A02,OVERALL_Y,44.000 mm nominal CAD envelope,size tolerance SELECTION REQUIRED,SELECTION REQUIRED,NOT EXECUTED,NO FABRICATION OR ACCEPTANCE AUTHORITY,"PRELIMINARY - CONFIGURATION AND PACKAGING CAD ONLY - NOT APPROVED FOR PROCUREMENT, FABRICATION, ASSEMBLY, POWERED TESTING, MOTION, OR ENERGIZATION"
A02_FOREARM_REAR_COVER,A02,OVERALL_Z,144.955 mm nominal CAD envelope,size tolerance SELECTION REQUIRED,SELECTION REQUIRED,NOT EXECUTED,NO FABRICATION OR ACCEPTANCE AUTHORITY,"PRELIMINARY - CONFIGURATION AND PACKAGING CAD ONLY - NOT APPROVED FOR PROCUREMENT, FABRICATION, ASSEMBLY, POWERED TESTING, MOTION, OR ENERGIZATION"
A02_FOREARM_REAR_COVER,A02,PROFILE_OR_SURFACE,nominal native STEP geometry,"profile tolerance, inspection method and sampling SELECTION REQUIRED",SELECTION REQUIRED,NOT EXECUTED,NO FABRICATION OR ACCEPTANCE AUTHORITY,"PRELIMINARY - CONFIGURATION AND PACKAGING CAD ONLY - NOT APPROVED FOR PROCUREMENT, FABRICATION, ASSEMBLY, POWERED TESTING, MOTION, OR ENERGIZATION"
G02_PALM_FRONT_PLATE,G02,DATUM_SCHEME,A largest planar face; B longest profile edge/centerline; C orthogonal profile edge/centerline,datum simulators and precedence SELECTION REQUIRED,SELECTION REQUIRED,NOT EXECUTED,NO FABRICATION OR ACCEPTANCE AUTHORITY,"PRELIMINARY - CONFIGURATION AND PACKAGING CAD ONLY - NOT APPROVED FOR PROCUREMENT, FABRICATION, ASSEMBLY, POWERED TESTING, MOTION, OR ENERGIZATION"
G02_PALM_FRONT_PLATE,G02,OVERALL_X,50.000 mm nominal CAD envelope,size tolerance SELECTION REQUIRED,SELECTION REQUIRED,NOT EXECUTED,NO FABRICATION OR ACCEPTANCE AUTHORITY,"PRELIMINARY - CONFIGURATION AND PACKAGING CAD ONLY - NOT APPROVED FOR PROCUREMENT, FABRICATION, ASSEMBLY, POWERED TESTING, MOTION, OR ENERGIZATION"
G02_PALM_FRONT_PLATE,G02,OVERALL_Y,3.000 mm nominal CAD envelope,size tolerance SELECTION REQUIRED,SELECTION REQUIRED,NOT EXECUTED,NO FABRICATION OR ACCEPTANCE AUTHORITY,"PRELIMINARY - CONFIGURATION AND PACKAGING CAD ONLY - NOT APPROVED FOR PROCUREMENT, FABRICATION, ASSEMBLY, POWERED TESTING, MOTION, OR ENERGIZATION"
G02_PALM_FRONT_PLATE,G02,OVERALL_Z,36.000 mm nominal CAD envelope,size tolerance SELECTION REQUIRED,SELECTION REQUIRED,NOT EXECUTED,NO FABRICATION OR ACCEPTANCE AUTHORITY,"PRELIMINARY - CONFIGURATION AND PACKAGING CAD ONLY - NOT APPROVED FOR PROCUREMENT, FABRICATION, ASSEMBLY, POWERED TESTING, MOTION, OR ENERGIZATION"
G02_PALM_FRONT_PLATE,G02,PROFILE_OR_SURFACE,nominal native STEP geometry,"profile tolerance, inspection method and sampling SELECTION REQUIRED",SELECTION REQUIRED,NOT EXECUTED,NO FABRICATION OR ACCEPTANCE AUTHORITY,"PRELIMINARY - CONFIGURATION AND PACKAGING CAD ONLY - NOT APPROVED FOR PROCUREMENT, FABRICATION, ASSEMBLY, POWERED TESTING, MOTION, OR ENERGIZATION"
G02_PALM_REAR_PLATE,G02,DATUM_SCHEME,A largest planar face; B longest profile edge/centerline; C orthogonal profile edge/centerline,datum simulators and precedence SELECTION REQUIRED,SELECTION REQUIRED,NOT EXECUTED,NO FABRICATION OR ACCEPTANCE AUTHORITY,"PRELIMINARY - CONFIGURATION AND PACKAGING CAD ONLY - NOT APPROVED FOR PROCUREMENT, FABRICATION, ASSEMBLY, POWERED TESTING, MOTION, OR ENERGIZATION"
G02_PALM_REAR_PLATE,G02,OVERALL_X,50.000 mm nominal CAD envelope,size tolerance SELECTION REQUIRED,SELECTION REQUIRED,NOT EXECUTED,NO FABRICATION OR ACCEPTANCE AUTHORITY,"PRELIMINARY - CONFIGURATION AND PACKAGING CAD ONLY - NOT APPROVED FOR PROCUREMENT, FABRICATION, ASSEMBLY, POWERED TESTING, MOTION, OR ENERGIZATION"
G02_PALM_REAR_PLATE,G02,OVERALL_Y,3.000 mm nominal CAD envelope,size tolerance SELECTION REQUIRED,SELECTION REQUIRED,NOT EXECUTED,NO FABRICATION OR ACCEPTANCE AUTHORITY,"PRELIMINARY - CONFIGURATION AND PACKAGING CAD ONLY - NOT APPROVED FOR PROCUREMENT, FABRICATION, ASSEMBLY, POWERED TESTING, MOTION, OR ENERGIZATION"
G02_PALM_REAR_PLATE,G02,OVERALL_Z,36.000 mm nominal CAD envelope,size tolerance SELECTION REQUIRED,SELECTION REQUIRED,NOT EXECUTED,NO FABRICATION OR ACCEPTANCE AUTHORITY,"PRELIMINARY - CONFIGURATION AND PACKAGING CAD ONLY - NOT APPROVED FOR PROCUREMENT, FABRICATION, ASSEMBLY, POWERED TESTING, MOTION, OR ENERGIZATION"
G02_PALM_REAR_PLATE,G02,PROFILE_OR_SURFACE,nominal native STEP geometry,"profile tolerance, inspection method and sampling SELECTION REQUIRED",SELECTION REQUIRED,NOT EXECUTED,NO FABRICATION OR ACCEPTANCE AUTHORITY,"PRELIMINARY - CONFIGURATION AND PACKAGING CAD ONLY - NOT APPROVED FOR PROCUREMENT, FABRICATION, ASSEMBLY, POWERED TESTING, MOTION, OR ENERGIZATION"
G02_PALM_TOP_BRIDGE,G02,DATUM_SCHEME,A largest planar face; B longest profile edge/centerline; C orthogonal profile edge/centerline,datum simulators and precedence SELECTION REQUIRED,SELECTION REQUIRED,NOT EXECUTED,NO FABRICATION OR ACCEPTANCE AUTHORITY,"PRELIMINARY - CONFIGURATION AND PACKAGING CAD ONLY - NOT APPROVED FOR PROCUREMENT, FABRICATION, ASSEMBLY, POWERED TESTING, MOTION, OR ENERGIZATION"
G02_PALM_TOP_BRIDGE,G02,OVERALL_X,46.000 mm nominal CAD envelope,size tolerance SELECTION REQUIRED,SELECTION REQUIRED,NOT EXECUTED,NO FABRICATION OR ACCEPTANCE AUTHORITY,"PRELIMINARY - CONFIGURATION AND PACKAGING CAD ONLY - NOT APPROVED FOR PROCUREMENT, FABRICATION, ASSEMBLY, POWERED TESTING, MOTION, OR ENERGIZATION"
G02_PALM_TOP_BRIDGE,G02,OVERALL_Y,50.000 mm nominal CAD envelope,size tolerance SELECTION REQUIRED,SELECTION REQUIRED,NOT EXECUTED,NO FABRICATION OR ACCEPTANCE AUTHORITY,"PRELIMINARY - CONFIGURATION AND PACKAGING CAD ONLY - NOT APPROVED FOR PROCUREMENT, FABRICATION, ASSEMBLY, POWERED TESTING, MOTION, OR ENERGIZATION"
G02_PALM_TOP_BRIDGE,G02,OVERALL_Z,4.000 mm nominal CAD envelope,size tolerance SELECTION REQUIRED,SELECTION REQUIRED,NOT EXECUTED,NO FABRICATION OR ACCEPTANCE AUTHORITY,"PRELIMINARY - CONFIGURATION AND PACKAGING CAD ONLY - NOT APPROVED FOR PROCUREMENT, FABRICATION, ASSEMBLY, POWERED TESTING, MOTION, OR ENERGIZATION"
G02_PALM_TOP_BRIDGE,G02,PROFILE_OR_SURFACE,nominal native STEP geometry,"profile tolerance, inspection method and sampling SELECTION REQUIRED",SELECTION REQUIRED,NOT EXECUTED,NO FABRICATION OR ACCEPTANCE AUTHORITY,"PRELIMINARY - CONFIGURATION AND PACKAGING CAD ONLY - NOT APPROVED FOR PROCUREMENT, FABRICATION, ASSEMBLY, POWERED TESTING, MOTION, OR ENERGIZATION"
G02_PALM_BOTTOM_BRIDGE,G02,DATUM_SCHEME,A largest planar face; B longest profile edge/centerline; C orthogonal profile edge/centerline,datum simulators and precedence SELECTION REQUIRED,SELECTION REQUIRED,NOT EXECUTED,NO FABRICATION OR ACCEPTANCE AUTHORITY,"PRELIMINARY - CONFIGURATION AND PACKAGING CAD ONLY - NOT APPROVED FOR PROCUREMENT, FABRICATION, ASSEMBLY, POWERED TESTING, MOTION, OR ENERGIZATION"
G02_PALM_BOTTOM_BRIDGE,G02,OVERALL_X,46.000 mm nominal CAD envelope,size tolerance SELECTION REQUIRED,SELECTION REQUIRED,NOT EXECUTED,NO FABRICATION OR ACCEPTANCE AUTHORITY,"PRELIMINARY - CONFIGURATION AND PACKAGING CAD ONLY - NOT APPROVED FOR PROCUREMENT, FABRICATION, ASSEMBLY, POWERED TESTING, MOTION, OR ENERGIZATION"
G02_PALM_BOTTOM_BRIDGE,G02,OVERALL_Y,50.000 mm nominal CAD envelope,size tolerance SELECTION REQUIRED,SELECTION REQUIRED,NOT EXECUTED,NO FABRICATION OR ACCEPTANCE AUTHORITY,"PRELIMINARY - CONFIGURATION AND PACKAGING CAD ONLY - NOT APPROVED FOR PROCUREMENT, FABRICATION, ASSEMBLY, POWERED TESTING, MOTION, OR ENERGIZATION"
G02_PALM_BOTTOM_BRIDGE,G02,OVERALL_Z,4.000 mm nominal CAD envelope,size tolerance SELECTION REQUIRED,SELECTION REQUIRED,NOT EXECUTED,NO FABRICATION OR ACCEPTANCE AUTHORITY,"PRELIMINARY - CONFIGURATION AND PACKAGING CAD ONLY - NOT APPROVED FOR PROCUREMENT, FABRICATION, ASSEMBLY, POWERED TESTING, MOTION, OR ENERGIZATION"
G02_PALM_BOTTOM_BRIDGE,G02,PROFILE_OR_SURFACE,nominal native STEP geometry,"profile tolerance, inspection method and sampling SELECTION REQUIRED",SELECTION REQUIRED,NOT EXECUTED,NO FABRICATION OR ACCEPTANCE AUTHORITY,"PRELIMINARY - CONFIGURATION AND PACKAGING CAD ONLY - NOT APPROVED FOR PROCUREMENT, FABRICATION, ASSEMBLY, POWERED TESTING, MOTION, OR ENERGIZATION"
G02_WRIST_MOUNT_PLATE,G02,DATUM_SCHEME,A largest planar face; B longest profile edge/centerline; C orthogonal profile edge/centerline,datum simulators and precedence SELECTION REQUIRED,SELECTION REQUIRED,NOT EXECUTED,NO FABRICATION OR ACCEPTANCE AUTHORITY,"PRELIMINARY - CONFIGURATION AND PACKAGING CAD ONLY - NOT APPROVED FOR PROCUREMENT, FABRICATION, ASSEMBLY, POWERED TESTING, MOTION, OR ENERGIZATION"
G02_WRIST_MOUNT_PLATE,G02,OVERALL_X,38.000 mm nominal CAD envelope,size tolerance SELECTION REQUIRED,SELECTION REQUIRED,NOT EXECUTED,NO FABRICATION OR ACCEPTANCE AUTHORITY,"PRELIMINARY - CONFIGURATION AND PACKAGING CAD ONLY - NOT APPROVED FOR PROCUREMENT, FABRICATION, ASSEMBLY, POWERED TESTING, MOTION, OR ENERGIZATION"
G02_WRIST_MOUNT_PLATE,G02,OVERALL_Y,36.000 mm nominal CAD envelope,size tolerance SELECTION REQUIRED,SELECTION REQUIRED,NOT EXECUTED,NO FABRICATION OR ACCEPTANCE AUTHORITY,"PRELIMINARY - CONFIGURATION AND PACKAGING CAD ONLY - NOT APPROVED FOR PROCUREMENT, FABRICATION, ASSEMBLY, POWERED TESTING, MOTION, OR ENERGIZATION"
G02_WRIST_MOUNT_PLATE,G02,OVERALL_Z,3.000 mm nominal CAD envelope,size tolerance SELECTION REQUIRED,SELECTION REQUIRED,NOT EXECUTED,NO FABRICATION OR ACCEPTANCE AUTHORITY,"PRELIMINARY - CONFIGURATION AND PACKAGING CAD ONLY - NOT APPROVED FOR PROCUREMENT, FABRICATION, ASSEMBLY, POWERED TESTING, MOTION, OR ENERGIZATION"
G02_WRIST_MOUNT_PLATE,G02,PROFILE_OR_SURFACE,nominal native STEP geometry,"profile tolerance, inspection method and sampling SELECTION REQUIRED",SELECTION REQUIRED,NOT EXECUTED,NO FABRICATION OR ACCEPTANCE AUTHORITY,"PRELIMINARY - CONFIGURATION AND PACKAGING CAD ONLY - NOT APPROVED FOR PROCUREMENT, FABRICATION, ASSEMBLY, POWERED TESTING, MOTION, OR ENERGIZATION"
G02_GUIDE_ROD_FRONT,G02,DATUM_SCHEME,A primary mounting face/section; B longitudinal centerplane; C orthogonal centerplane,datum simulators and precedence SELECTION REQUIRED,SELECTION REQUIRED,NOT EXECUTED,NO FABRICATION OR ACCEPTANCE AUTHORITY,"PRELIMINARY - CONFIGURATION AND PACKAGING CAD ONLY - NOT APPROVED FOR PROCUREMENT, FABRICATION, ASSEMBLY, POWERED TESTING, MOTION, OR ENERGIZATION"
G02_GUIDE_ROD_FRONT,G02,OVERALL_X,64.000 mm nominal CAD envelope,size tolerance SELECTION REQUIRED,SELECTION REQUIRED,NOT EXECUTED,NO FABRICATION OR ACCEPTANCE AUTHORITY,"PRELIMINARY - CONFIGURATION AND PACKAGING CAD ONLY - NOT APPROVED FOR PROCUREMENT, FABRICATION, ASSEMBLY, POWERED TESTING, MOTION, OR ENERGIZATION"
G02_GUIDE_ROD_FRONT,G02,OVERALL_Y,4.000 mm nominal CAD envelope,size tolerance SELECTION REQUIRED,SELECTION REQUIRED,NOT EXECUTED,NO FABRICATION OR ACCEPTANCE AUTHORITY,"PRELIMINARY - CONFIGURATION AND PACKAGING CAD ONLY - NOT APPROVED FOR PROCUREMENT, FABRICATION, ASSEMBLY, POWERED TESTING, MOTION, OR ENERGIZATION"
G02_GUIDE_ROD_FRONT,G02,OVERALL_Z,4.000 mm nominal CAD envelope,size tolerance SELECTION REQUIRED,SELECTION REQUIRED,NOT EXECUTED,NO FABRICATION OR ACCEPTANCE AUTHORITY,"PRELIMINARY - CONFIGURATION AND PACKAGING CAD ONLY - NOT APPROVED FOR PROCUREMENT, FABRICATION, ASSEMBLY, POWERED TESTING, MOTION, OR ENERGIZATION"
G02_GUIDE_ROD_FRONT,G02,PROFILE_OR_SURFACE,nominal native STEP geometry,"profile tolerance, inspection method and sampling SELECTION REQUIRED",SELECTION REQUIRED,NOT EXECUTED,NO FABRICATION OR ACCEPTANCE AUTHORITY,"PRELIMINARY - CONFIGURATION AND PACKAGING CAD ONLY - NOT APPROVED FOR PROCUREMENT, FABRICATION, ASSEMBLY, POWERED TESTING, MOTION, OR ENERGIZATION"
G02_GUIDE_ROD_REAR,G02,DATUM_SCHEME,A primary mounting face/section; B longitudinal centerplane; C orthogonal centerplane,datum simulators and precedence SELECTION REQUIRED,SELECTION REQUIRED,NOT EXECUTED,NO FABRICATION OR ACCEPTANCE AUTHORITY,"PRELIMINARY - CONFIGURATION AND PACKAGING CAD ONLY - NOT APPROVED FOR PROCUREMENT, FABRICATION, ASSEMBLY, POWERED TESTING, MOTION, OR ENERGIZATION"
G02_GUIDE_ROD_REAR,G02,OVERALL_X,64.000 mm nominal CAD envelope,size tolerance SELECTION REQUIRED,SELECTION REQUIRED,NOT EXECUTED,NO FABRICATION OR ACCEPTANCE AUTHORITY,"PRELIMINARY - CONFIGURATION AND PACKAGING CAD ONLY - NOT APPROVED FOR PROCUREMENT, FABRICATION, ASSEMBLY, POWERED TESTING, MOTION, OR ENERGIZATION"
G02_GUIDE_ROD_REAR,G02,OVERALL_Y,4.000 mm nominal CAD envelope,size tolerance SELECTION REQUIRED,SELECTION REQUIRED,NOT EXECUTED,NO FABRICATION OR ACCEPTANCE AUTHORITY,"PRELIMINARY - CONFIGURATION AND PACKAGING CAD ONLY - NOT APPROVED FOR PROCUREMENT, FABRICATION, ASSEMBLY, POWERED TESTING, MOTION, OR ENERGIZATION"
G02_GUIDE_ROD_REAR,G02,OVERALL_Z,4.000 mm nominal CAD envelope,size tolerance SELECTION REQUIRED,SELECTION REQUIRED,NOT EXECUTED,NO FABRICATION OR ACCEPTANCE AUTHORITY,"PRELIMINARY - CONFIGURATION AND PACKAGING CAD ONLY - NOT APPROVED FOR PROCUREMENT, FABRICATION, ASSEMBLY, POWERED TESTING, MOTION, OR ENERGIZATION"
G02_GUIDE_ROD_REAR,G02,PROFILE_OR_SURFACE,nominal native STEP geometry,"profile tolerance, inspection method and sampling SELECTION REQUIRED",SELECTION REQUIRED,NOT EXECUTED,NO FABRICATION OR ACCEPTANCE AUTHORITY,"PRELIMINARY - CONFIGURATION AND PACKAGING CAD ONLY - NOT APPROVED FOR PROCUREMENT, FABRICATION, ASSEMBLY, POWERED TESTING, MOTION, OR ENERGIZATION"
G02_PINION,G02,DATUM_SCHEME,A primary mounting face/section; B longitudinal centerplane; C orthogonal centerplane,datum simulators and precedence SELECTION REQUIRED,SELECTION REQUIRED,NOT EXECUTED,NO FABRICATION OR ACCEPTANCE AUTHORITY,"PRELIMINARY - CONFIGURATION AND PACKAGING CAD ONLY - NOT APPROVED FOR PROCUREMENT, FABRICATION, ASSEMBLY, POWERED TESTING, MOTION, OR ENERGIZATION"
G02_PINION,G02,OVERALL_X,10.996 mm nominal CAD envelope,size tolerance SELECTION REQUIRED,SELECTION REQUIRED,NOT EXECUTED,NO FABRICATION OR ACCEPTANCE AUTHORITY,"PRELIMINARY - CONFIGURATION AND PACKAGING CAD ONLY - NOT APPROVED FOR PROCUREMENT, FABRICATION, ASSEMBLY, POWERED TESTING, MOTION, OR ENERGIZATION"
G02_PINION,G02,OVERALL_Y,6.000 mm nominal CAD envelope,size tolerance SELECTION REQUIRED,SELECTION REQUIRED,NOT EXECUTED,NO FABRICATION OR ACCEPTANCE AUTHORITY,"PRELIMINARY - CONFIGURATION AND PACKAGING CAD ONLY - NOT APPROVED FOR PROCUREMENT, FABRICATION, ASSEMBLY, POWERED TESTING, MOTION, OR ENERGIZATION"
G02_PINION,G02,OVERALL_Z,10.996 mm nominal CAD envelope,size tolerance SELECTION REQUIRED,SELECTION REQUIRED,NOT EXECUTED,NO FABRICATION OR ACCEPTANCE AUTHORITY,"PRELIMINARY - CONFIGURATION AND PACKAGING CAD ONLY - NOT APPROVED FOR PROCUREMENT, FABRICATION, ASSEMBLY, POWERED TESTING, MOTION, OR ENERGIZATION"
G02_PINION,G02,PROFILE_OR_SURFACE,nominal native STEP geometry,"profile tolerance, inspection method and sampling SELECTION REQUIRED",SELECTION REQUIRED,NOT EXECUTED,NO FABRICATION OR ACCEPTANCE AUTHORITY,"PRELIMINARY - CONFIGURATION AND PACKAGING CAD ONLY - NOT APPROVED FOR PROCUREMENT, FABRICATION, ASSEMBLY, POWERED TESTING, MOTION, OR ENERGIZATION"
G02_RACK_POSITIVE,G02,DATUM_SCHEME,A primary mounting face/section; B longitudinal centerplane; C orthogonal centerplane,datum simulators and precedence SELECTION REQUIRED,SELECTION REQUIRED,NOT EXECUTED,NO FABRICATION OR ACCEPTANCE AUTHORITY,"PRELIMINARY - CONFIGURATION AND PACKAGING CAD ONLY - NOT APPROVED FOR PROCUREMENT, FABRICATION, ASSEMBLY, POWERED TESTING, MOTION, OR ENERGIZATION"
G02_RACK_POSITIVE,G02,OVERALL_X,32.952 mm nominal CAD envelope,size tolerance SELECTION REQUIRED,SELECTION REQUIRED,NOT EXECUTED,NO FABRICATION OR ACCEPTANCE AUTHORITY,"PRELIMINARY - CONFIGURATION AND PACKAGING CAD ONLY - NOT APPROVED FOR PROCUREMENT, FABRICATION, ASSEMBLY, POWERED TESTING, MOTION, OR ENERGIZATION"
G02_RACK_POSITIVE,G02,OVERALL_Y,6.000 mm nominal CAD envelope,size tolerance SELECTION REQUIRED,SELECTION REQUIRED,NOT EXECUTED,NO FABRICATION OR ACCEPTANCE AUTHORITY,"PRELIMINARY - CONFIGURATION AND PACKAGING CAD ONLY - NOT APPROVED FOR PROCUREMENT, FABRICATION, ASSEMBLY, POWERED TESTING, MOTION, OR ENERGIZATION"
G02_RACK_POSITIVE,G02,OVERALL_Z,3.250 mm nominal CAD envelope,size tolerance SELECTION REQUIRED,SELECTION REQUIRED,NOT EXECUTED,NO FABRICATION OR ACCEPTANCE AUTHORITY,"PRELIMINARY - CONFIGURATION AND PACKAGING CAD ONLY - NOT APPROVED FOR PROCUREMENT, FABRICATION, ASSEMBLY, POWERED TESTING, MOTION, OR ENERGIZATION"
G02_RACK_POSITIVE,G02,PROFILE_OR_SURFACE,nominal native STEP geometry,"profile tolerance, inspection method and sampling SELECTION REQUIRED",SELECTION REQUIRED,NOT EXECUTED,NO FABRICATION OR ACCEPTANCE AUTHORITY,"PRELIMINARY - CONFIGURATION AND PACKAGING CAD ONLY - NOT APPROVED FOR PROCUREMENT, FABRICATION, ASSEMBLY, POWERED TESTING, MOTION, OR ENERGIZATION"
G02_RACK_NEGATIVE,G02,DATUM_SCHEME,A primary mounting face/section; B longitudinal centerplane; C orthogonal centerplane,datum simulators and precedence SELECTION REQUIRED,SELECTION REQUIRED,NOT EXECUTED,NO FABRICATION OR ACCEPTANCE AUTHORITY,"PRELIMINARY - CONFIGURATION AND PACKAGING CAD ONLY - NOT APPROVED FOR PROCUREMENT, FABRICATION, ASSEMBLY, POWERED TESTING, MOTION, OR ENERGIZATION"
G02_RACK_NEGATIVE,G02,OVERALL_X,32.952 mm nominal CAD envelope,size tolerance SELECTION REQUIRED,SELECTION REQUIRED,NOT EXECUTED,NO FABRICATION OR ACCEPTANCE AUTHORITY,"PRELIMINARY - CONFIGURATION AND PACKAGING CAD ONLY - NOT APPROVED FOR PROCUREMENT, FABRICATION, ASSEMBLY, POWERED TESTING, MOTION, OR ENERGIZATION"
G02_RACK_NEGATIVE,G02,OVERALL_Y,6.000 mm nominal CAD envelope,size tolerance SELECTION REQUIRED,SELECTION REQUIRED,NOT EXECUTED,NO FABRICATION OR ACCEPTANCE AUTHORITY,"PRELIMINARY - CONFIGURATION AND PACKAGING CAD ONLY - NOT APPROVED FOR PROCUREMENT, FABRICATION, ASSEMBLY, POWERED TESTING, MOTION, OR ENERGIZATION"
G02_RACK_NEGATIVE,G02,OVERALL_Z,3.250 mm nominal CAD envelope,size tolerance SELECTION REQUIRED,SELECTION REQUIRED,NOT EXECUTED,NO FABRICATION OR ACCEPTANCE AUTHORITY,"PRELIMINARY - CONFIGURATION AND PACKAGING CAD ONLY - NOT APPROVED FOR PROCUREMENT, FABRICATION, ASSEMBLY, POWERED TESTING, MOTION, OR ENERGIZATION"
G02_RACK_NEGATIVE,G02,PROFILE_OR_SURFACE,nominal native STEP geometry,"profile tolerance, inspection method and sampling SELECTION REQUIRED",SELECTION REQUIRED,NOT EXECUTED,NO FABRICATION OR ACCEPTANCE AUTHORITY,"PRELIMINARY - CONFIGURATION AND PACKAGING CAD ONLY - NOT APPROVED FOR PROCUREMENT, FABRICATION, ASSEMBLY, POWERED TESTING, MOTION, OR ENERGIZATION"
G02_FINGER_POSITIVE,G02,DATUM_SCHEME,A primary mounting face/section; B longitudinal centerplane; C orthogonal centerplane,datum simulators and precedence SELECTION REQUIRED,SELECTION REQUIRED,NOT EXECUTED,NO FABRICATION OR ACCEPTANCE AUTHORITY,"PRELIMINARY - CONFIGURATION AND PACKAGING CAD ONLY - NOT APPROVED FOR PROCUREMENT, FABRICATION, ASSEMBLY, POWERED TESTING, MOTION, OR ENERGIZATION"
G02_FINGER_POSITIVE,G02,OVERALL_X,14.000 mm nominal CAD envelope,size tolerance SELECTION REQUIRED,SELECTION REQUIRED,NOT EXECUTED,NO FABRICATION OR ACCEPTANCE AUTHORITY,"PRELIMINARY - CONFIGURATION AND PACKAGING CAD ONLY - NOT APPROVED FOR PROCUREMENT, FABRICATION, ASSEMBLY, POWERED TESTING, MOTION, OR ENERGIZATION"
G02_FINGER_POSITIVE,G02,OVERALL_Y,36.000 mm nominal CAD envelope,size tolerance SELECTION REQUIRED,SELECTION REQUIRED,NOT EXECUTED,NO FABRICATION OR ACCEPTANCE AUTHORITY,"PRELIMINARY - CONFIGURATION AND PACKAGING CAD ONLY - NOT APPROVED FOR PROCUREMENT, FABRICATION, ASSEMBLY, POWERED TESTING, MOTION, OR ENERGIZATION"
G02_FINGER_POSITIVE,G02,OVERALL_Z,52.000 mm nominal CAD envelope,size tolerance SELECTION REQUIRED,SELECTION REQUIRED,NOT EXECUTED,NO FABRICATION OR ACCEPTANCE AUTHORITY,"PRELIMINARY - CONFIGURATION AND PACKAGING CAD ONLY - NOT APPROVED FOR PROCUREMENT, FABRICATION, ASSEMBLY, POWERED TESTING, MOTION, OR ENERGIZATION"
G02_FINGER_POSITIVE,G02,PROFILE_OR_SURFACE,nominal native STEP geometry,"profile tolerance, inspection method and sampling SELECTION REQUIRED",SELECTION REQUIRED,NOT EXECUTED,NO FABRICATION OR ACCEPTANCE AUTHORITY,"PRELIMINARY - CONFIGURATION AND PACKAGING CAD ONLY - NOT APPROVED FOR PROCUREMENT, FABRICATION, ASSEMBLY, POWERED TESTING, MOTION, OR ENERGIZATION"
G02_FINGER_NEGATIVE,G02,DATUM_SCHEME,A primary mounting face/section; B longitudinal centerplane; C orthogonal centerplane,datum simulators and precedence SELECTION REQUIRED,SELECTION REQUIRED,NOT EXECUTED,NO FABRICATION OR ACCEPTANCE AUTHORITY,"PRELIMINARY - CONFIGURATION AND PACKAGING CAD ONLY - NOT APPROVED FOR PROCUREMENT, FABRICATION, ASSEMBLY, POWERED TESTING, MOTION, OR ENERGIZATION"
G02_FINGER_NEGATIVE,G02,OVERALL_X,14.000 mm nominal CAD envelope,size tolerance SELECTION REQUIRED,SELECTION REQUIRED,NOT EXECUTED,NO FABRICATION OR ACCEPTANCE AUTHORITY,"PRELIMINARY - CONFIGURATION AND PACKAGING CAD ONLY - NOT APPROVED FOR PROCUREMENT, FABRICATION, ASSEMBLY, POWERED TESTING, MOTION, OR ENERGIZATION"
G02_FINGER_NEGATIVE,G02,OVERALL_Y,36.000 mm nominal CAD envelope,size tolerance SELECTION REQUIRED,SELECTION REQUIRED,NOT EXECUTED,NO FABRICATION OR ACCEPTANCE AUTHORITY,"PRELIMINARY - CONFIGURATION AND PACKAGING CAD ONLY - NOT APPROVED FOR PROCUREMENT, FABRICATION, ASSEMBLY, POWERED TESTING, MOTION, OR ENERGIZATION"
G02_FINGER_NEGATIVE,G02,OVERALL_Z,52.000 mm nominal CAD envelope,size tolerance SELECTION REQUIRED,SELECTION REQUIRED,NOT EXECUTED,NO FABRICATION OR ACCEPTANCE AUTHORITY,"PRELIMINARY - CONFIGURATION AND PACKAGING CAD ONLY - NOT APPROVED FOR PROCUREMENT, FABRICATION, ASSEMBLY, POWERED TESTING, MOTION, OR ENERGIZATION"
G02_FINGER_NEGATIVE,G02,PROFILE_OR_SURFACE,nominal native STEP geometry,"profile tolerance, inspection method and sampling SELECTION REQUIRED",SELECTION REQUIRED,NOT EXECUTED,NO FABRICATION OR ACCEPTANCE AUTHORITY,"PRELIMINARY - CONFIGURATION AND PACKAGING CAD ONLY - NOT APPROVED FOR PROCUREMENT, FABRICATION, ASSEMBLY, POWERED TESTING, MOTION, OR ENERGIZATION"
G02_PAD_POSITIVE,G02,DATUM_SCHEME,A primary mounting face/section; B longitudinal centerplane; C orthogonal centerplane,datum simulators and precedence SELECTION REQUIRED,SELECTION REQUIRED,NOT EXECUTED,NO FABRICATION OR ACCEPTANCE AUTHORITY,"PRELIMINARY - CONFIGURATION AND PACKAGING CAD ONLY - NOT APPROVED FOR PROCUREMENT, FABRICATION, ASSEMBLY, POWERED TESTING, MOTION, OR ENERGIZATION"
G02_PAD_POSITIVE,G02,OVERALL_X,3.000 mm nominal CAD envelope,size tolerance SELECTION REQUIRED,SELECTION REQUIRED,NOT EXECUTED,NO FABRICATION OR ACCEPTANCE AUTHORITY,"PRELIMINARY - CONFIGURATION AND PACKAGING CAD ONLY - NOT APPROVED FOR PROCUREMENT, FABRICATION, ASSEMBLY, POWERED TESTING, MOTION, OR ENERGIZATION"
G02_PAD_POSITIVE,G02,OVERALL_Y,30.000 mm nominal CAD envelope,size tolerance SELECTION REQUIRED,SELECTION REQUIRED,NOT EXECUTED,NO FABRICATION OR ACCEPTANCE AUTHORITY,"PRELIMINARY - CONFIGURATION AND PACKAGING CAD ONLY - NOT APPROVED FOR PROCUREMENT, FABRICATION, ASSEMBLY, POWERED TESTING, MOTION, OR ENERGIZATION"
G02_PAD_POSITIVE,G02,OVERALL_Z,30.000 mm nominal CAD envelope,size tolerance SELECTION REQUIRED,SELECTION REQUIRED,NOT EXECUTED,NO FABRICATION OR ACCEPTANCE AUTHORITY,"PRELIMINARY - CONFIGURATION AND PACKAGING CAD ONLY - NOT APPROVED FOR PROCUREMENT, FABRICATION, ASSEMBLY, POWERED TESTING, MOTION, OR ENERGIZATION"
G02_PAD_POSITIVE,G02,PROFILE_OR_SURFACE,nominal native STEP geometry,"profile tolerance, inspection method and sampling SELECTION REQUIRED",SELECTION REQUIRED,NOT EXECUTED,NO FABRICATION OR ACCEPTANCE AUTHORITY,"PRELIMINARY - CONFIGURATION AND PACKAGING CAD ONLY - NOT APPROVED FOR PROCUREMENT, FABRICATION, ASSEMBLY, POWERED TESTING, MOTION, OR ENERGIZATION"
G02_PAD_NEGATIVE,G02,DATUM_SCHEME,A primary mounting face/section; B longitudinal centerplane; C orthogonal centerplane,datum simulators and precedence SELECTION REQUIRED,SELECTION REQUIRED,NOT EXECUTED,NO FABRICATION OR ACCEPTANCE AUTHORITY,"PRELIMINARY - CONFIGURATION AND PACKAGING CAD ONLY - NOT APPROVED FOR PROCUREMENT, FABRICATION, ASSEMBLY, POWERED TESTING, MOTION, OR ENERGIZATION"
G02_PAD_NEGATIVE,G02,OVERALL_X,3.000 mm nominal CAD envelope,size tolerance SELECTION REQUIRED,SELECTION REQUIRED,NOT EXECUTED,NO FABRICATION OR ACCEPTANCE AUTHORITY,"PRELIMINARY - CONFIGURATION AND PACKAGING CAD ONLY - NOT APPROVED FOR PROCUREMENT, FABRICATION, ASSEMBLY, POWERED TESTING, MOTION, OR ENERGIZATION"
G02_PAD_NEGATIVE,G02,OVERALL_Y,30.000 mm nominal CAD envelope,size tolerance SELECTION REQUIRED,SELECTION REQUIRED,NOT EXECUTED,NO FABRICATION OR ACCEPTANCE AUTHORITY,"PRELIMINARY - CONFIGURATION AND PACKAGING CAD ONLY - NOT APPROVED FOR PROCUREMENT, FABRICATION, ASSEMBLY, POWERED TESTING, MOTION, OR ENERGIZATION"
G02_PAD_NEGATIVE,G02,OVERALL_Z,30.000 mm nominal CAD envelope,size tolerance SELECTION REQUIRED,SELECTION REQUIRED,NOT EXECUTED,NO FABRICATION OR ACCEPTANCE AUTHORITY,"PRELIMINARY - CONFIGURATION AND PACKAGING CAD ONLY - NOT APPROVED FOR PROCUREMENT, FABRICATION, ASSEMBLY, POWERED TESTING, MOTION, OR ENERGIZATION"
G02_PAD_NEGATIVE,G02,PROFILE_OR_SURFACE,nominal native STEP geometry,"profile tolerance, inspection method and sampling SELECTION REQUIRED",SELECTION REQUIRED,NOT EXECUTED,NO FABRICATION OR ACCEPTANCE AUTHORITY,"PRELIMINARY - CONFIGURATION AND PACKAGING CAD ONLY - NOT APPROVED FOR PROCUREMENT, FABRICATION, ASSEMBLY, POWERED TESTING, MOTION, OR ENERGIZATION"
G02_STOP_POSITIVE,G02,DATUM_SCHEME,A primary mounting face/section; B longitudinal centerplane; C orthogonal centerplane,datum simulators and precedence SELECTION REQUIRED,SELECTION REQUIRED,NOT EXECUTED,NO FABRICATION OR ACCEPTANCE AUTHORITY,"PRELIMINARY - CONFIGURATION AND PACKAGING CAD ONLY - NOT APPROVED FOR PROCUREMENT, FABRICATION, ASSEMBLY, POWERED TESTING, MOTION, OR ENERGIZATION"
G02_STOP_POSITIVE,G02,OVERALL_X,4.000 mm nominal CAD envelope,size tolerance SELECTION REQUIRED,SELECTION REQUIRED,NOT EXECUTED,NO FABRICATION OR ACCEPTANCE AUTHORITY,"PRELIMINARY - CONFIGURATION AND PACKAGING CAD ONLY - NOT APPROVED FOR PROCUREMENT, FABRICATION, ASSEMBLY, POWERED TESTING, MOTION, OR ENERGIZATION"
G02_STOP_POSITIVE,G02,OVERALL_Y,24.000 mm nominal CAD envelope,size tolerance SELECTION REQUIRED,SELECTION REQUIRED,NOT EXECUTED,NO FABRICATION OR ACCEPTANCE AUTHORITY,"PRELIMINARY - CONFIGURATION AND PACKAGING CAD ONLY - NOT APPROVED FOR PROCUREMENT, FABRICATION, ASSEMBLY, POWERED TESTING, MOTION, OR ENERGIZATION"
G02_STOP_POSITIVE,G02,OVERALL_Z,9.000 mm nominal CAD envelope,size tolerance SELECTION REQUIRED,SELECTION REQUIRED,NOT EXECUTED,NO FABRICATION OR ACCEPTANCE AUTHORITY,"PRELIMINARY - CONFIGURATION AND PACKAGING CAD ONLY - NOT APPROVED FOR PROCUREMENT, FABRICATION, ASSEMBLY, POWERED TESTING, MOTION, OR ENERGIZATION"
G02_STOP_POSITIVE,G02,PROFILE_OR_SURFACE,nominal native STEP geometry,"profile tolerance, inspection method and sampling SELECTION REQUIRED",SELECTION REQUIRED,NOT EXECUTED,NO FABRICATION OR ACCEPTANCE AUTHORITY,"PRELIMINARY - CONFIGURATION AND PACKAGING CAD ONLY - NOT APPROVED FOR PROCUREMENT, FABRICATION, ASSEMBLY, POWERED TESTING, MOTION, OR ENERGIZATION"
G02_STOP_NEGATIVE,G02,DATUM_SCHEME,A primary mounting face/section; B longitudinal centerplane; C orthogonal centerplane,datum simulators and precedence SELECTION REQUIRED,SELECTION REQUIRED,NOT EXECUTED,NO FABRICATION OR ACCEPTANCE AUTHORITY,"PRELIMINARY - CONFIGURATION AND PACKAGING CAD ONLY - NOT APPROVED FOR PROCUREMENT, FABRICATION, ASSEMBLY, POWERED TESTING, MOTION, OR ENERGIZATION"
G02_STOP_NEGATIVE,G02,OVERALL_X,4.000 mm nominal CAD envelope,size tolerance SELECTION REQUIRED,SELECTION REQUIRED,NOT EXECUTED,NO FABRICATION OR ACCEPTANCE AUTHORITY,"PRELIMINARY - CONFIGURATION AND PACKAGING CAD ONLY - NOT APPROVED FOR PROCUREMENT, FABRICATION, ASSEMBLY, POWERED TESTING, MOTION, OR ENERGIZATION"
G02_STOP_NEGATIVE,G02,OVERALL_Y,24.000 mm nominal CAD envelope,size tolerance SELECTION REQUIRED,SELECTION REQUIRED,NOT EXECUTED,NO FABRICATION OR ACCEPTANCE AUTHORITY,"PRELIMINARY - CONFIGURATION AND PACKAGING CAD ONLY - NOT APPROVED FOR PROCUREMENT, FABRICATION, ASSEMBLY, POWERED TESTING, MOTION, OR ENERGIZATION"
G02_STOP_NEGATIVE,G02,OVERALL_Z,9.000 mm nominal CAD envelope,size tolerance SELECTION REQUIRED,SELECTION REQUIRED,NOT EXECUTED,NO FABRICATION OR ACCEPTANCE AUTHORITY,"PRELIMINARY - CONFIGURATION AND PACKAGING CAD ONLY - NOT APPROVED FOR PROCUREMENT, FABRICATION, ASSEMBLY, POWERED TESTING, MOTION, OR ENERGIZATION"
G02_STOP_NEGATIVE,G02,PROFILE_OR_SURFACE,nominal native STEP geometry,"profile tolerance, inspection method and sampling SELECTION REQUIRED",SELECTION REQUIRED,NOT EXECUTED,NO FABRICATION OR ACCEPTANCE AUTHORITY,"PRELIMINARY - CONFIGURATION AND PACKAGING CAD ONLY - NOT APPROVED FOR PROCUREMENT, FABRICATION, ASSEMBLY, POWERED TESTING, MOTION, OR ENERGIZATION"
G02_MANUAL_RELEASE_HUB,G02,DATUM_SCHEME,A primary mounting face/section; B longitudinal centerplane; C orthogonal centerplane,datum simulators and precedence SELECTION REQUIRED,SELECTION REQUIRED,NOT EXECUTED,NO FABRICATION OR ACCEPTANCE AUTHORITY,"PRELIMINARY - CONFIGURATION AND PACKAGING CAD ONLY - NOT APPROVED FOR PROCUREMENT, FABRICATION, ASSEMBLY, POWERED TESTING, MOTION, OR ENERGIZATION"
G02_MANUAL_RELEASE_HUB,G02,OVERALL_X,8.000 mm nominal CAD envelope,size tolerance SELECTION REQUIRED,SELECTION REQUIRED,NOT EXECUTED,NO FABRICATION OR ACCEPTANCE AUTHORITY,"PRELIMINARY - CONFIGURATION AND PACKAGING CAD ONLY - NOT APPROVED FOR PROCUREMENT, FABRICATION, ASSEMBLY, POWERED TESTING, MOTION, OR ENERGIZATION"
G02_MANUAL_RELEASE_HUB,G02,OVERALL_Y,4.000 mm nominal CAD envelope,size tolerance SELECTION REQUIRED,SELECTION REQUIRED,NOT EXECUTED,NO FABRICATION OR ACCEPTANCE AUTHORITY,"PRELIMINARY - CONFIGURATION AND PACKAGING CAD ONLY - NOT APPROVED FOR PROCUREMENT, FABRICATION, ASSEMBLY, POWERED TESTING, MOTION, OR ENERGIZATION"
G02_MANUAL_RELEASE_HUB,G02,OVERALL_Z,8.000 mm nominal CAD envelope,size tolerance SELECTION REQUIRED,SELECTION REQUIRED,NOT EXECUTED,NO FABRICATION OR ACCEPTANCE AUTHORITY,"PRELIMINARY - CONFIGURATION AND PACKAGING CAD ONLY - NOT APPROVED FOR PROCUREMENT, FABRICATION, ASSEMBLY, POWERED TESTING, MOTION, OR ENERGIZATION"
G02_MANUAL_RELEASE_HUB,G02,PROFILE_OR_SURFACE,nominal native STEP geometry,"profile tolerance, inspection method and sampling SELECTION REQUIRED",SELECTION REQUIRED,NOT EXECUTED,NO FABRICATION OR ACCEPTANCE AUTHORITY,"PRELIMINARY - CONFIGURATION AND PACKAGING CAD ONLY - NOT APPROVED FOR PROCUREMENT, FABRICATION, ASSEMBLY, POWERED TESTING, MOTION, OR ENERGIZATION"
T01_TORSO_FRONT_COVER,T01,DATUM_SCHEME,A mounting/seam surface; B longest edge/centerplane; C orthogonal edge/centerplane,datum simulators and precedence SELECTION REQUIRED,SELECTION REQUIRED,NOT EXECUTED,NO FABRICATION OR ACCEPTANCE AUTHORITY,"PRELIMINARY - CONFIGURATION AND PACKAGING CAD ONLY - NOT APPROVED FOR PROCUREMENT, FABRICATION, ASSEMBLY, POWERED TESTING, MOTION, OR ENERGIZATION"
T01_TORSO_FRONT_COVER,T01,OVERALL_X,209.000 mm nominal CAD envelope,size tolerance SELECTION REQUIRED,SELECTION REQUIRED,NOT EXECUTED,NO FABRICATION OR ACCEPTANCE AUTHORITY,"PRELIMINARY - CONFIGURATION AND PACKAGING CAD ONLY - NOT APPROVED FOR PROCUREMENT, FABRICATION, ASSEMBLY, POWERED TESTING, MOTION, OR ENERGIZATION"
T01_TORSO_FRONT_COVER,T01,OVERALL_Y,66.500 mm nominal CAD envelope,size tolerance SELECTION REQUIRED,SELECTION REQUIRED,NOT EXECUTED,NO FABRICATION OR ACCEPTANCE AUTHORITY,"PRELIMINARY - CONFIGURATION AND PACKAGING CAD ONLY - NOT APPROVED FOR PROCUREMENT, FABRICATION, ASSEMBLY, POWERED TESTING, MOTION, OR ENERGIZATION"
T01_TORSO_FRONT_COVER,T01,OVERALL_Z,164.000 mm nominal CAD envelope,size tolerance SELECTION REQUIRED,SELECTION REQUIRED,NOT EXECUTED,NO FABRICATION OR ACCEPTANCE AUTHORITY,"PRELIMINARY - CONFIGURATION AND PACKAGING CAD ONLY - NOT APPROVED FOR PROCUREMENT, FABRICATION, ASSEMBLY, POWERED TESTING, MOTION, OR ENERGIZATION"
T01_TORSO_FRONT_COVER,T01,PROFILE_OR_SURFACE,nominal native STEP geometry,"profile tolerance, inspection method and sampling SELECTION REQUIRED",SELECTION REQUIRED,NOT EXECUTED,NO FABRICATION OR ACCEPTANCE AUTHORITY,"PRELIMINARY - CONFIGURATION AND PACKAGING CAD ONLY - NOT APPROVED FOR PROCUREMENT, FABRICATION, ASSEMBLY, POWERED TESTING, MOTION, OR ENERGIZATION"
T01_TORSO_REAR_COVER,T01,DATUM_SCHEME,A mounting/seam surface; B longest edge/centerplane; C orthogonal edge/centerplane,datum simulators and precedence SELECTION REQUIRED,SELECTION REQUIRED,NOT EXECUTED,NO FABRICATION OR ACCEPTANCE AUTHORITY,"PRELIMINARY - CONFIGURATION AND PACKAGING CAD ONLY - NOT APPROVED FOR PROCUREMENT, FABRICATION, ASSEMBLY, POWERED TESTING, MOTION, OR ENERGIZATION"
T01_TORSO_REAR_COVER,T01,OVERALL_X,209.000 mm nominal CAD envelope,size tolerance SELECTION REQUIRED,SELECTION REQUIRED,NOT EXECUTED,NO FABRICATION OR ACCEPTANCE AUTHORITY,"PRELIMINARY - CONFIGURATION AND PACKAGING CAD ONLY - NOT APPROVED FOR PROCUREMENT, FABRICATION, ASSEMBLY, POWERED TESTING, MOTION, OR ENERGIZATION"
T01_TORSO_REAR_COVER,T01,OVERALL_Y,66.500 mm nominal CAD envelope,size tolerance SELECTION REQUIRED,SELECTION REQUIRED,NOT EXECUTED,NO FABRICATION OR ACCEPTANCE AUTHORITY,"PRELIMINARY - CONFIGURATION AND PACKAGING CAD ONLY - NOT APPROVED FOR PROCUREMENT, FABRICATION, ASSEMBLY, POWERED TESTING, MOTION, OR ENERGIZATION"
T01_TORSO_REAR_COVER,T01,OVERALL_Z,164.000 mm nominal CAD envelope,size tolerance SELECTION REQUIRED,SELECTION REQUIRED,NOT EXECUTED,NO FABRICATION OR ACCEPTANCE AUTHORITY,"PRELIMINARY - CONFIGURATION AND PACKAGING CAD ONLY - NOT APPROVED FOR PROCUREMENT, FABRICATION, ASSEMBLY, POWERED TESTING, MOTION, OR ENERGIZATION"
T01_TORSO_REAR_COVER,T01,PROFILE_OR_SURFACE,nominal native STEP geometry,"profile tolerance, inspection method and sampling SELECTION REQUIRED",SELECTION REQUIRED,NOT EXECUTED,NO FABRICATION OR ACCEPTANCE AUTHORITY,"PRELIMINARY - CONFIGURATION AND PACKAGING CAD ONLY - NOT APPROVED FOR PROCUREMENT, FABRICATION, ASSEMBLY, POWERED TESTING, MOTION, OR ENERGIZATION"
P01_PELVIS_FRONT_COVER,P01,DATUM_SCHEME,A mounting/seam surface; B longest edge/centerplane; C orthogonal edge/centerplane,datum simulators and precedence SELECTION REQUIRED,SELECTION REQUIRED,NOT EXECUTED,NO FABRICATION OR ACCEPTANCE AUTHORITY,"PRELIMINARY - CONFIGURATION AND PACKAGING CAD ONLY - NOT APPROVED FOR PROCUREMENT, FABRICATION, ASSEMBLY, POWERED TESTING, MOTION, OR ENERGIZATION"
P01_PELVIS_FRONT_COVER,P01,OVERALL_X,161.500 mm nominal CAD envelope,size tolerance SELECTION REQUIRED,SELECTION REQUIRED,NOT EXECUTED,NO FABRICATION OR ACCEPTANCE AUTHORITY,"PRELIMINARY - CONFIGURATION AND PACKAGING CAD ONLY - NOT APPROVED FOR PROCUREMENT, FABRICATION, ASSEMBLY, POWERED TESTING, MOTION, OR ENERGIZATION"
P01_PELVIS_FRONT_COVER,P01,OVERALL_Y,56.875 mm nominal CAD envelope,size tolerance SELECTION REQUIRED,SELECTION REQUIRED,NOT EXECUTED,NO FABRICATION OR ACCEPTANCE AUTHORITY,"PRELIMINARY - CONFIGURATION AND PACKAGING CAD ONLY - NOT APPROVED FOR PROCUREMENT, FABRICATION, ASSEMBLY, POWERED TESTING, MOTION, OR ENERGIZATION"
P01_PELVIS_FRONT_COVER,P01,OVERALL_Z,71.500 mm nominal CAD envelope,size tolerance SELECTION REQUIRED,SELECTION REQUIRED,NOT EXECUTED,NO FABRICATION OR ACCEPTANCE AUTHORITY,"PRELIMINARY - CONFIGURATION AND PACKAGING CAD ONLY - NOT APPROVED FOR PROCUREMENT, FABRICATION, ASSEMBLY, POWERED TESTING, MOTION, OR ENERGIZATION"
P01_PELVIS_FRONT_COVER,P01,PROFILE_OR_SURFACE,nominal native STEP geometry,"profile tolerance, inspection method and sampling SELECTION REQUIRED",SELECTION REQUIRED,NOT EXECUTED,NO FABRICATION OR ACCEPTANCE AUTHORITY,"PRELIMINARY - CONFIGURATION AND PACKAGING CAD ONLY - NOT APPROVED FOR PROCUREMENT, FABRICATION, ASSEMBLY, POWERED TESTING, MOTION, OR ENERGIZATION"
P01_PELVIS_REAR_COVER,P01,DATUM_SCHEME,A mounting/seam surface; B longest edge/centerplane; C orthogonal edge/centerplane,datum simulators and precedence SELECTION REQUIRED,SELECTION REQUIRED,NOT EXECUTED,NO FABRICATION OR ACCEPTANCE AUTHORITY,"PRELIMINARY - CONFIGURATION AND PACKAGING CAD ONLY - NOT APPROVED FOR PROCUREMENT, FABRICATION, ASSEMBLY, POWERED TESTING, MOTION, OR ENERGIZATION"
P01_PELVIS_REAR_COVER,P01,OVERALL_X,161.500 mm nominal CAD envelope,size tolerance SELECTION REQUIRED,SELECTION REQUIRED,NOT EXECUTED,NO FABRICATION OR ACCEPTANCE AUTHORITY,"PRELIMINARY - CONFIGURATION AND PACKAGING CAD ONLY - NOT APPROVED FOR PROCUREMENT, FABRICATION, ASSEMBLY, POWERED TESTING, MOTION, OR ENERGIZATION"
P01_PELVIS_REAR_COVER,P01,OVERALL_Y,56.875 mm nominal CAD envelope,size tolerance SELECTION REQUIRED,SELECTION REQUIRED,NOT EXECUTED,NO FABRICATION OR ACCEPTANCE AUTHORITY,"PRELIMINARY - CONFIGURATION AND PACKAGING CAD ONLY - NOT APPROVED FOR PROCUREMENT, FABRICATION, ASSEMBLY, POWERED TESTING, MOTION, OR ENERGIZATION"
P01_PELVIS_REAR_COVER,P01,OVERALL_Z,71.500 mm nominal CAD envelope,size tolerance SELECTION REQUIRED,SELECTION REQUIRED,NOT EXECUTED,NO FABRICATION OR ACCEPTANCE AUTHORITY,"PRELIMINARY - CONFIGURATION AND PACKAGING CAD ONLY - NOT APPROVED FOR PROCUREMENT, FABRICATION, ASSEMBLY, POWERED TESTING, MOTION, OR ENERGIZATION"
P01_PELVIS_REAR_COVER,P01,PROFILE_OR_SURFACE,nominal native STEP geometry,"profile tolerance, inspection method and sampling SELECTION REQUIRED",SELECTION REQUIRED,NOT EXECUTED,NO FABRICATION OR ACCEPTANCE AUTHORITY,"PRELIMINARY - CONFIGURATION AND PACKAGING CAD ONLY - NOT APPROVED FOR PROCUREMENT, FABRICATION, ASSEMBLY, POWERED TESTING, MOTION, OR ENERGIZATION"
H01_HEAD_FRONT_BEZEL,H01,DATUM_SCHEME,A mounting/seam surface; B longest edge/centerplane; C orthogonal edge/centerplane,datum simulators and precedence SELECTION REQUIRED,SELECTION REQUIRED,NOT EXECUTED,NO FABRICATION OR ACCEPTANCE AUTHORITY,"PRELIMINARY - CONFIGURATION AND PACKAGING CAD ONLY - NOT APPROVED FOR PROCUREMENT, FABRICATION, ASSEMBLY, POWERED TESTING, MOTION, OR ENERGIZATION"
H01_HEAD_FRONT_BEZEL,H01,OVERALL_X,150.056 mm nominal CAD envelope,size tolerance SELECTION REQUIRED,SELECTION REQUIRED,NOT EXECUTED,NO FABRICATION OR ACCEPTANCE AUTHORITY,"PRELIMINARY - CONFIGURATION AND PACKAGING CAD ONLY - NOT APPROVED FOR PROCUREMENT, FABRICATION, ASSEMBLY, POWERED TESTING, MOTION, OR ENERGIZATION"
H01_HEAD_FRONT_BEZEL,H01,OVERALL_Y,55.036 mm nominal CAD envelope,size tolerance SELECTION REQUIRED,SELECTION REQUIRED,NOT EXECUTED,NO FABRICATION OR ACCEPTANCE AUTHORITY,"PRELIMINARY - CONFIGURATION AND PACKAGING CAD ONLY - NOT APPROVED FOR PROCUREMENT, FABRICATION, ASSEMBLY, POWERED TESTING, MOTION, OR ENERGIZATION"
H01_HEAD_FRONT_BEZEL,H01,OVERALL_Z,99.806 mm nominal CAD envelope,size tolerance SELECTION REQUIRED,SELECTION REQUIRED,NOT EXECUTED,NO FABRICATION OR ACCEPTANCE AUTHORITY,"PRELIMINARY - CONFIGURATION AND PACKAGING CAD ONLY - NOT APPROVED FOR PROCUREMENT, FABRICATION, ASSEMBLY, POWERED TESTING, MOTION, OR ENERGIZATION"
H01_HEAD_FRONT_BEZEL,H01,PROFILE_OR_SURFACE,nominal native STEP geometry,"profile tolerance, inspection method and sampling SELECTION REQUIRED",SELECTION REQUIRED,NOT EXECUTED,NO FABRICATION OR ACCEPTANCE AUTHORITY,"PRELIMINARY - CONFIGURATION AND PACKAGING CAD ONLY - NOT APPROVED FOR PROCUREMENT, FABRICATION, ASSEMBLY, POWERED TESTING, MOTION, OR ENERGIZATION"
H01_HEAD_REAR_COVER,H01,DATUM_SCHEME,A mounting/seam surface; B longest edge/centerplane; C orthogonal edge/centerplane,datum simulators and precedence SELECTION REQUIRED,SELECTION REQUIRED,NOT EXECUTED,NO FABRICATION OR ACCEPTANCE AUTHORITY,"PRELIMINARY - CONFIGURATION AND PACKAGING CAD ONLY - NOT APPROVED FOR PROCUREMENT, FABRICATION, ASSEMBLY, POWERED TESTING, MOTION, OR ENERGIZATION"
H01_HEAD_REAR_COVER,H01,OVERALL_X,150.073 mm nominal CAD envelope,size tolerance SELECTION REQUIRED,SELECTION REQUIRED,NOT EXECUTED,NO FABRICATION OR ACCEPTANCE AUTHORITY,"PRELIMINARY - CONFIGURATION AND PACKAGING CAD ONLY - NOT APPROVED FOR PROCUREMENT, FABRICATION, ASSEMBLY, POWERED TESTING, MOTION, OR ENERGIZATION"
H01_HEAD_REAR_COVER,H01,OVERALL_Y,55.044 mm nominal CAD envelope,size tolerance SELECTION REQUIRED,SELECTION REQUIRED,NOT EXECUTED,NO FABRICATION OR ACCEPTANCE AUTHORITY,"PRELIMINARY - CONFIGURATION AND PACKAGING CAD ONLY - NOT APPROVED FOR PROCUREMENT, FABRICATION, ASSEMBLY, POWERED TESTING, MOTION, OR ENERGIZATION"
H01_HEAD_REAR_COVER,H01,OVERALL_Z,99.814 mm nominal CAD envelope,size tolerance SELECTION REQUIRED,SELECTION REQUIRED,NOT EXECUTED,NO FABRICATION OR ACCEPTANCE AUTHORITY,"PRELIMINARY - CONFIGURATION AND PACKAGING CAD ONLY - NOT APPROVED FOR PROCUREMENT, FABRICATION, ASSEMBLY, POWERED TESTING, MOTION, OR ENERGIZATION"
H01_HEAD_REAR_COVER,H01,PROFILE_OR_SURFACE,nominal native STEP geometry,"profile tolerance, inspection method and sampling SELECTION REQUIRED",SELECTION REQUIRED,NOT EXECUTED,NO FABRICATION OR ACCEPTANCE AUTHORITY,"PRELIMINARY - CONFIGURATION AND PACKAGING CAD ONLY - NOT APPROVED FOR PROCUREMENT, FABRICATION, ASSEMBLY, POWERED TESTING, MOTION, OR ENERGIZATION"
