pose_id,link_a,link_b,clearance_mm,common_volume_mm3,interference,planning_clearance_state,model_boundary,authority
P00_NEUTRAL_STAND,L_ankle_pitch_link,L_forearm,209.445124,0.000000,NO,PASS,NOMINAL RIGID LINK ENVELOPES; TOLERANCE/COVERS/CABLES/TRACKING ERROR OPEN,NO MOTION OR SAFETY CREDIT
P00_NEUTRAL_STAND,L_ankle_pitch_link,L_gripper,129.155913,0.000000,NO,PASS,NOMINAL RIGID LINK ENVELOPES; TOLERANCE/COVERS/CABLES/TRACKING ERROR OPEN,NO MOTION OR SAFETY CREDIT
P00_NEUTRAL_STAND,L_ankle_pitch_link,L_hand,162.324140,0.000000,NO,PASS,NOMINAL RIGID LINK ENVELOPES; TOLERANCE/COVERS/CABLES/TRACKING ERROR OPEN,NO MOTION OR SAFETY CREDIT
P00_NEUTRAL_STAND,L_ankle_pitch_link,L_hip_roll_link,297.000000,0.000000,NO,PASS,NOMINAL RIGID LINK ENVELOPES; TOLERANCE/COVERS/CABLES/TRACKING ERROR OPEN,NO MOTION OR SAFETY CREDIT
P00_NEUTRAL_STAND,L_ankle_pitch_link,L_hip_yaw_link,306.000000,0.000000,NO,PASS,NOMINAL RIGID LINK ENVELOPES; TOLERANCE/COVERS/CABLES/TRACKING ERROR OPEN,NO MOTION OR SAFETY CREDIT
P00_NEUTRAL_STAND,L_ankle_pitch_link,L_shoulder_pitch_link,480.887000,0.000000,NO,PASS,NOMINAL RIGID LINK ENVELOPES; TOLERANCE/COVERS/CABLES/TRACKING ERROR OPEN,NO MOTION OR SAFETY CREDIT
P00_NEUTRAL_STAND,L_ankle_pitch_link,L_thigh,169.554000,0.000000,NO,PASS,NOMINAL RIGID LINK ENVELOPES; TOLERANCE/COVERS/CABLES/TRACKING ERROR OPEN,NO MOTION OR SAFETY CREDIT
P00_NEUTRAL_STAND,L_ankle_pitch_link,L_upper_arm,355.931000,0.000000,NO,PASS,NOMINAL RIGID LINK ENVELOPES; TOLERANCE/COVERS/CABLES/TRACKING ERROR OPEN,NO MOTION OR SAFETY CREDIT
P00_NEUTRAL_STAND,L_ankle_pitch_link,R_ankle_pitch_link,59.000000,0.000000,NO,PASS,NOMINAL RIGID LINK ENVELOPES; TOLERANCE/COVERS/CABLES/TRACKING ERROR OPEN,NO MOTION OR SAFETY CREDIT
P00_NEUTRAL_STAND,L_ankle_pitch_link,R_foot,47.000000,0.000000,NO,PASS,NOMINAL RIGID LINK ENVELOPES; TOLERANCE/COVERS/CABLES/TRACKING ERROR OPEN,NO MOTION OR SAFETY CREDIT
P00_NEUTRAL_STAND,L_ankle_pitch_link,R_forearm,254.204510,0.000000,NO,PASS,NOMINAL RIGID LINK ENVELOPES; TOLERANCE/COVERS/CABLES/TRACKING ERROR OPEN,NO MOTION OR SAFETY CREDIT
P00_NEUTRAL_STAND,L_ankle_pitch_link,R_gripper,201.075234,0.000000,NO,PASS,NOMINAL RIGID LINK ENVELOPES; TOLERANCE/COVERS/CABLES/TRACKING ERROR OPEN,NO MOTION OR SAFETY CREDIT
P00_NEUTRAL_STAND,L_ankle_pitch_link,R_hand,218.441567,0.000000,NO,PASS,NOMINAL RIGID LINK ENVELOPES; TOLERANCE/COVERS/CABLES/TRACKING ERROR OPEN,NO MOTION OR SAFETY CREDIT
P00_NEUTRAL_STAND,L_ankle_pitch_link,R_hip_roll_link,303.402373,0.000000,NO,PASS,NOMINAL RIGID LINK ENVELOPES; TOLERANCE/COVERS/CABLES/TRACKING ERROR OPEN,NO MOTION OR SAFETY CREDIT
P00_NEUTRAL_STAND,L_ankle_pitch_link,R_hip_yaw_link,312.217872,0.000000,NO,PASS,NOMINAL RIGID LINK ENVELOPES; TOLERANCE/COVERS/CABLES/TRACKING ERROR OPEN,NO MOTION OR SAFETY CREDIT
P00_NEUTRAL_STAND,L_ankle_pitch_link,R_shin,57.955000,0.000000,NO,PASS,NOMINAL RIGID LINK ENVELOPES; TOLERANCE/COVERS/CABLES/TRACKING ERROR OPEN,NO MOTION OR SAFETY CREDIT
P00_NEUTRAL_STAND,L_ankle_pitch_link,R_shoulder_pitch_link,494.234914,0.000000,NO,PASS,NOMINAL RIGID LINK ENVELOPES; TOLERANCE/COVERS/CABLES/TRACKING ERROR OPEN,NO MOTION OR SAFETY CREDIT
P00_NEUTRAL_STAND,L_ankle_pitch_link,R_thigh,178.693380,0.000000,NO,PASS,NOMINAL RIGID LINK ENVELOPES; TOLERANCE/COVERS/CABLES/TRACKING ERROR OPEN,NO MOTION OR SAFETY CREDIT
P00_NEUTRAL_STAND,L_ankle_pitch_link,R_upper_arm,372.976303,0.000000,NO,PASS,NOMINAL RIGID LINK ENVELOPES; TOLERANCE/COVERS/CABLES/TRACKING ERROR OPEN,NO MOTION OR SAFETY CREDIT
P00_NEUTRAL_STAND,L_ankle_pitch_link,base_link,283.703000,0.000000,NO,PASS,NOMINAL RIGID LINK ENVELOPES; TOLERANCE/COVERS/CABLES/TRACKING ERROR OPEN,NO MOTION OR SAFETY CREDIT
P00_NEUTRAL_STAND,L_ankle_pitch_link,head,574.929000,0.000000,NO,PASS,NOMINAL RIGID LINK ENVELOPES; TOLERANCE/COVERS/CABLES/TRACKING ERROR OPEN,NO MOTION OR SAFETY CREDIT
P00_NEUTRAL_STAND,L_ankle_pitch_link,neck_pan_link,526.573610,0.000000,NO,PASS,NOMINAL RIGID LINK ENVELOPES; TOLERANCE/COVERS/CABLES/TRACKING ERROR OPEN,NO MOTION OR SAFETY CREDIT
P00_NEUTRAL_STAND,L_ankle_pitch_link,torso,376.791000,0.000000,NO,PASS,NOMINAL RIGID LINK ENVELOPES; TOLERANCE/COVERS/CABLES/TRACKING ERROR OPEN,NO MOTION OR SAFETY CREDIT
P00_NEUTRAL_STAND,L_foot,L_forearm,250.893847,0.000000,NO,PASS,NOMINAL RIGID LINK ENVELOPES; TOLERANCE/COVERS/CABLES/TRACKING ERROR OPEN,NO MOTION OR SAFETY CREDIT
P00_NEUTRAL_STAND,L_foot,L_gripper,168.266432,0.000000,NO,PASS,NOMINAL RIGID LINK ENVELOPES; TOLERANCE/COVERS/CABLES/TRACKING ERROR OPEN,NO MOTION OR SAFETY CREDIT
P00_NEUTRAL_STAND,L_foot,L_hand,203.000514,0.000000,NO,PASS,NOMINAL RIGID LINK ENVELOPES; TOLERANCE/COVERS/CABLES/TRACKING ERROR OPEN,NO MOTION OR SAFETY CREDIT
P00_NEUTRAL_STAND,L_foot,L_hip_roll_link,339.013000,0.000000,NO,PASS,NOMINAL RIGID LINK ENVELOPES; TOLERANCE/COVERS/CABLES/TRACKING ERROR OPEN,NO MOTION OR SAFETY CREDIT
P00_NEUTRAL_STAND,L_foot,L_hip_yaw_link,348.013000,0.000000,NO,PASS,NOMINAL RIGID LINK ENVELOPES; TOLERANCE/COVERS/CABLES/TRACKING ERROR OPEN,NO MOTION OR SAFETY CREDIT
P00_NEUTRAL_STAND,L_foot,L_shoulder_pitch_link,522.900000,0.000000,NO,PASS,NOMINAL RIGID LINK ENVELOPES; TOLERANCE/COVERS/CABLES/TRACKING ERROR OPEN,NO MOTION OR SAFETY CREDIT
P00_NEUTRAL_STAND,L_foot,L_thigh,211.567000,0.000000,NO,PASS,NOMINAL RIGID LINK ENVELOPES; TOLERANCE/COVERS/CABLES/TRACKING ERROR OPEN,NO MOTION OR SAFETY CREDIT
P00_NEUTRAL_STAND,L_foot,L_upper_arm,397.944000,0.000000,NO,PASS,NOMINAL RIGID LINK ENVELOPES; TOLERANCE/COVERS/CABLES/TRACKING ERROR OPEN,NO MOTION OR SAFETY CREDIT
P00_NEUTRAL_STAND,L_foot,R_ankle_pitch_link,47.000000,0.000000,NO,PASS,NOMINAL RIGID LINK ENVELOPES; TOLERANCE/COVERS/CABLES/TRACKING ERROR OPEN,NO MOTION OR SAFETY CREDIT
P00_NEUTRAL_STAND,L_foot,R_foot,35.000000,0.000000,NO,PASS,NOMINAL RIGID LINK ENVELOPES; TOLERANCE/COVERS/CABLES/TRACKING ERROR OPEN,NO MOTION OR SAFETY CREDIT
P00_NEUTRAL_STAND,L_foot,R_forearm,283.901650,0.000000,NO,PASS,NOMINAL RIGID LINK ENVELOPES; TOLERANCE/COVERS/CABLES/TRACKING ERROR OPEN,NO MOTION OR SAFETY CREDIT
P00_NEUTRAL_STAND,L_foot,R_gripper,221.503029,0.000000,NO,PASS,NOMINAL RIGID LINK ENVELOPES; TOLERANCE/COVERS/CABLES/TRACKING ERROR OPEN,NO MOTION OR SAFETY CREDIT
P00_NEUTRAL_STAND,L_foot,R_hand,244.083495,0.000000,NO,PASS,NOMINAL RIGID LINK ENVELOPES; TOLERANCE/COVERS/CABLES/TRACKING ERROR OPEN,NO MOTION OR SAFETY CREDIT
P00_NEUTRAL_STAND,L_foot,R_hip_roll_link,342.680338,0.000000,NO,PASS,NOMINAL RIGID LINK ENVELOPES; TOLERANCE/COVERS/CABLES/TRACKING ERROR OPEN,NO MOTION OR SAFETY CREDIT
P00_NEUTRAL_STAND,L_foot,R_hip_yaw_link,351.586473,0.000000,NO,PASS,NOMINAL RIGID LINK ENVELOPES; TOLERANCE/COVERS/CABLES/TRACKING ERROR OPEN,NO MOTION OR SAFETY CREDIT
P00_NEUTRAL_STAND,L_foot,R_shin,45.955000,0.000000,NO,PASS,NOMINAL RIGID LINK ENVELOPES; TOLERANCE/COVERS/CABLES/TRACKING ERROR OPEN,NO MOTION OR SAFETY CREDIT
P00_NEUTRAL_STAND,L_foot,R_shoulder_pitch_link,532.772151,0.000000,NO,PASS,NOMINAL RIGID LINK ENVELOPES; TOLERANCE/COVERS/CABLES/TRACKING ERROR OPEN,NO MOTION OR SAFETY CREDIT
P00_NEUTRAL_STAND,L_foot,R_thigh,216.179038,0.000000,NO,PASS,NOMINAL RIGID LINK ENVELOPES; TOLERANCE/COVERS/CABLES/TRACKING ERROR OPEN,NO MOTION OR SAFETY CREDIT
P00_NEUTRAL_STAND,L_foot,R_upper_arm,410.186193,0.000000,NO,PASS,NOMINAL RIGID LINK ENVELOPES; TOLERANCE/COVERS/CABLES/TRACKING ERROR OPEN,NO MOTION OR SAFETY CREDIT
P00_NEUTRAL_STAND,L_foot,base_link,325.716000,0.000000,NO,PASS,NOMINAL RIGID LINK ENVELOPES; TOLERANCE/COVERS/CABLES/TRACKING ERROR OPEN,NO MOTION OR SAFETY CREDIT
P00_NEUTRAL_STAND,L_foot,head,616.942000,0.000000,NO,PASS,NOMINAL RIGID LINK ENVELOPES; TOLERANCE/COVERS/CABLES/TRACKING ERROR OPEN,NO MOTION OR SAFETY CREDIT
P00_NEUTRAL_STAND,L_foot,neck_pan_link,568.573000,0.000000,NO,PASS,NOMINAL RIGID LINK ENVELOPES; TOLERANCE/COVERS/CABLES/TRACKING ERROR OPEN,NO MOTION OR SAFETY CREDIT
P00_NEUTRAL_STAND,L_foot,torso,418.804000,0.000000,NO,PASS,NOMINAL RIGID LINK ENVELOPES; TOLERANCE/COVERS/CABLES/TRACKING ERROR OPEN,NO MOTION OR SAFETY CREDIT
P00_NEUTRAL_STAND,L_forearm,L_gripper,24.853000,0.000000,NO,PASS,NOMINAL RIGID LINK ENVELOPES; TOLERANCE/COVERS/CABLES/TRACKING ERROR OPEN,NO MOTION OR SAFETY CREDIT
P00_NEUTRAL_STAND,L_forearm,L_hip_roll_link,18.738000,0.000000,NO,PASS,NOMINAL RIGID LINK ENVELOPES; TOLERANCE/COVERS/CABLES/TRACKING ERROR OPEN,NO MOTION OR SAFETY CREDIT
P00_NEUTRAL_STAND,L_forearm,L_hip_yaw_link,18.738000,0.000000,NO,PASS,NOMINAL RIGID LINK ENVELOPES; TOLERANCE/COVERS/CABLES/TRACKING ERROR OPEN,NO MOTION OR SAFETY CREDIT
P00_NEUTRAL_STAND,L_forearm,L_shin,131.855198,0.000000,NO,PASS,NOMINAL RIGID LINK ENVELOPES; TOLERANCE/COVERS/CABLES/TRACKING ERROR OPEN,NO MOTION OR SAFETY CREDIT
P00_NEUTRAL_STAND,L_forearm,L_shoulder_pitch_link,127.034000,0.000000,NO,PASS,NOMINAL RIGID LINK ENVELOPES; TOLERANCE/COVERS/CABLES/TRACKING ERROR OPEN,NO MOTION OR SAFETY CREDIT
P00_NEUTRAL_STAND,L_forearm,L_thigh,13.154000,0.000000,NO,PASS,NOMINAL RIGID LINK ENVELOPES; TOLERANCE/COVERS/CABLES/TRACKING ERROR OPEN,NO MOTION OR SAFETY CREDIT
P00_NEUTRAL_STAND,L_forearm,R_ankle_pitch_link,251.846700,0.000000,NO,PASS,NOMINAL RIGID LINK ENVELOPES; TOLERANCE/COVERS/CABLES/TRACKING ERROR OPEN,NO MOTION OR SAFETY CREDIT
P00_NEUTRAL_STAND,L_forearm,R_foot,281.970251,0.000000,NO,PASS,NOMINAL RIGID LINK ENVELOPES; TOLERANCE/COVERS/CABLES/TRACKING ERROR OPEN,NO MOTION OR SAFETY CREDIT
P00_NEUTRAL_STAND,L_forearm,R_forearm,226.653000,0.000000,NO,PASS,NOMINAL RIGID LINK ENVELOPES; TOLERANCE/COVERS/CABLES/TRACKING ERROR OPEN,NO MOTION OR SAFETY CREDIT
P00_NEUTRAL_STAND,L_forearm,R_gripper,240.525450,0.000000,NO,PASS,NOMINAL RIGID LINK ENVELOPES; TOLERANCE/COVERS/CABLES/TRACKING ERROR OPEN,NO MOTION OR SAFETY CREDIT
P00_NEUTRAL_STAND,L_forearm,R_hand,229.708000,0.000000,NO,PASS,NOMINAL RIGID LINK ENVELOPES; TOLERANCE/COVERS/CABLES/TRACKING ERROR OPEN,NO MOTION OR SAFETY CREDIT
P00_NEUTRAL_STAND,L_forearm,R_hip_roll_link,143.738000,0.000000,NO,PASS,NOMINAL RIGID LINK ENVELOPES; TOLERANCE/COVERS/CABLES/TRACKING ERROR OPEN,NO MOTION OR SAFETY CREDIT
P00_NEUTRAL_STAND,L_forearm,R_hip_yaw_link,143.738000,0.000000,NO,PASS,NOMINAL RIGID LINK ENVELOPES; TOLERANCE/COVERS/CABLES/TRACKING ERROR OPEN,NO MOTION OR SAFETY CREDIT
P00_NEUTRAL_STAND,L_forearm,R_shin,191.530789,0.000000,NO,PASS,NOMINAL RIGID LINK ENVELOPES; TOLERANCE/COVERS/CABLES/TRACKING ERROR OPEN,NO MOTION OR SAFETY CREDIT
P00_NEUTRAL_STAND,L_forearm,R_shoulder_pitch_link,233.420367,0.000000,NO,PASS,NOMINAL RIGID LINK ENVELOPES; TOLERANCE/COVERS/CABLES/TRACKING ERROR OPEN,NO MOTION OR SAFETY CREDIT
P00_NEUTRAL_STAND,L_forearm,R_thigh,138.154000,0.000000,NO,PASS,NOMINAL RIGID LINK ENVELOPES; TOLERANCE/COVERS/CABLES/TRACKING ERROR OPEN,NO MOTION OR SAFETY CREDIT
P00_NEUTRAL_STAND,L_forearm,R_upper_arm,193.214174,0.000000,NO,PASS,NOMINAL RIGID LINK ENVELOPES; TOLERANCE/COVERS/CABLES/TRACKING ERROR OPEN,NO MOTION OR SAFETY CREDIT
P00_NEUTRAL_STAND,L_forearm,base_link,36.518000,0.000000,NO,PASS,NOMINAL RIGID LINK ENVELOPES; TOLERANCE/COVERS/CABLES/TRACKING ERROR OPEN,NO MOTION OR SAFETY CREDIT
P00_NEUTRAL_STAND,L_forearm,head,224.378654,0.000000,NO,PASS,NOMINAL RIGID LINK ENVELOPES; TOLERANCE/COVERS/CABLES/TRACKING ERROR OPEN,NO MOTION OR SAFETY CREDIT
P00_NEUTRAL_STAND,L_forearm,neck_pan_link,192.722760,0.000000,NO,PASS,NOMINAL RIGID LINK ENVELOPES; TOLERANCE/COVERS/CABLES/TRACKING ERROR OPEN,NO MOTION OR SAFETY CREDIT
P00_NEUTRAL_STAND,L_forearm,torso,33.108712,0.000000,NO,PASS,NOMINAL RIGID LINK ENVELOPES; TOLERANCE/COVERS/CABLES/TRACKING ERROR OPEN,NO MOTION OR SAFETY CREDIT
P00_NEUTRAL_STAND,L_gripper,L_hip_roll_link,118.445135,0.000000,NO,PASS,NOMINAL RIGID LINK ENVELOPES; TOLERANCE/COVERS/CABLES/TRACKING ERROR OPEN,NO MOTION OR SAFETY CREDIT
P00_NEUTRAL_STAND,L_gripper,L_hip_yaw_link,127.060025,0.000000,NO,PASS,NOMINAL RIGID LINK ENVELOPES; TOLERANCE/COVERS/CABLES/TRACKING ERROR OPEN,NO MOTION OR SAFETY CREDIT
P00_NEUTRAL_STAND,L_gripper,L_shin,56.705059,0.000000,NO,PASS,NOMINAL RIGID LINK ENVELOPES; TOLERANCE/COVERS/CABLES/TRACKING ERROR OPEN,NO MOTION OR SAFETY CREDIT
P00_NEUTRAL_STAND,L_gripper,L_shoulder_pitch_link,296.898271,0.000000,NO,PASS,NOMINAL RIGID LINK ENVELOPES; TOLERANCE/COVERS/CABLES/TRACKING ERROR OPEN,NO MOTION OR SAFETY CREDIT
P00_NEUTRAL_STAND,L_gripper,L_thigh,29.916000,0.000000,NO,PASS,NOMINAL RIGID LINK ENVELOPES; TOLERANCE/COVERS/CABLES/TRACKING ERROR OPEN,NO MOTION OR SAFETY CREDIT
P00_NEUTRAL_STAND,L_gripper,L_upper_arm,171.931000,0.000000,NO,PASS,NOMINAL RIGID LINK ENVELOPES; TOLERANCE/COVERS/CABLES/TRACKING ERROR OPEN,NO MOTION OR SAFETY CREDIT
P00_NEUTRAL_STAND,L_gripper,R_ankle_pitch_link,201.075234,0.000000,NO,PASS,NOMINAL RIGID LINK ENVELOPES; TOLERANCE/COVERS/CABLES/TRACKING ERROR OPEN,NO MOTION OR SAFETY CREDIT
P00_NEUTRAL_STAND,L_gripper,R_foot,221.503029,0.000000,NO,PASS,NOMINAL RIGID LINK ENVELOPES; TOLERANCE/COVERS/CABLES/TRACKING ERROR OPEN,NO MOTION OR SAFETY CREDIT
P00_NEUTRAL_STAND,L_gripper,R_forearm,244.680473,0.000000,NO,PASS,NOMINAL RIGID LINK ENVELOPES; TOLERANCE/COVERS/CABLES/TRACKING ERROR OPEN,NO MOTION OR SAFETY CREDIT
P00_NEUTRAL_STAND,L_gripper,R_gripper,256.000000,0.000000,NO,PASS,NOMINAL RIGID LINK ENVELOPES; TOLERANCE/COVERS/CABLES/TRACKING ERROR OPEN,NO MOTION OR SAFETY CREDIT
P00_NEUTRAL_STAND,L_gripper,R_hand,246.470000,0.000000,NO,PASS,NOMINAL RIGID LINK ENVELOPES; TOLERANCE/COVERS/CABLES/TRACKING ERROR OPEN,NO MOTION OR SAFETY CREDIT
P00_NEUTRAL_STAND,L_gripper,R_hip_roll_link,196.288690,0.000000,NO,PASS,NOMINAL RIGID LINK ENVELOPES; TOLERANCE/COVERS/CABLES/TRACKING ERROR OPEN,NO MOTION OR SAFETY CREDIT
P00_NEUTRAL_STAND,L_gripper,R_hip_yaw_link,201.604191,0.000000,NO,PASS,NOMINAL RIGID LINK ENVELOPES; TOLERANCE/COVERS/CABLES/TRACKING ERROR OPEN,NO MOTION OR SAFETY CREDIT
P00_NEUTRAL_STAND,L_gripper,R_shin,163.414240,0.000000,NO,PASS,NOMINAL RIGID LINK ENVELOPES; TOLERANCE/COVERS/CABLES/TRACKING ERROR OPEN,NO MOTION OR SAFETY CREDIT
P00_NEUTRAL_STAND,L_gripper,R_shoulder_pitch_link,365.150822,0.000000,NO,PASS,NOMINAL RIGID LINK ENVELOPES; TOLERANCE/COVERS/CABLES/TRACKING ERROR OPEN,NO MOTION OR SAFETY CREDIT
P00_NEUTRAL_STAND,L_gripper,R_thigh,154.916000,0.000000,NO,PASS,NOMINAL RIGID LINK ENVELOPES; TOLERANCE/COVERS/CABLES/TRACKING ERROR OPEN,NO MOTION OR SAFETY CREDIT
P00_NEUTRAL_STAND,L_gripper,R_upper_arm,271.377173,0.000000,NO,PASS,NOMINAL RIGID LINK ENVELOPES; TOLERANCE/COVERS/CABLES/TRACKING ERROR OPEN,NO MOTION OR SAFETY CREDIT
P00_NEUTRAL_STAND,L_gripper,base_link,113.046214,0.000000,NO,PASS,NOMINAL RIGID LINK ENVELOPES; TOLERANCE/COVERS/CABLES/TRACKING ERROR OPEN,NO MOTION OR SAFETY CREDIT
P00_NEUTRAL_STAND,L_gripper,head,394.795487,0.000000,NO,PASS,NOMINAL RIGID LINK ENVELOPES; TOLERANCE/COVERS/CABLES/TRACKING ERROR OPEN,NO MOTION OR SAFETY CREDIT
P00_NEUTRAL_STAND,L_gripper,neck_pan_link,357.504936,0.000000,NO,PASS,NOMINAL RIGID LINK ENVELOPES; TOLERANCE/COVERS/CABLES/TRACKING ERROR OPEN,NO MOTION OR SAFETY CREDIT
P00_NEUTRAL_STAND,L_gripper,torso,195.644899,0.000000,NO,PASS,NOMINAL RIGID LINK ENVELOPES; TOLERANCE/COVERS/CABLES/TRACKING ERROR OPEN,NO MOTION OR SAFETY CREDIT
P00_NEUTRAL_STAND,L_hand,L_hip_roll_link,90.130907,0.000000,NO,PASS,NOMINAL RIGID LINK ENVELOPES; TOLERANCE/COVERS/CABLES/TRACKING ERROR OPEN,NO MOTION OR SAFETY CREDIT
P00_NEUTRAL_STAND,L_hand,L_hip_yaw_link,98.783311,0.000000,NO,PASS,NOMINAL RIGID LINK ENVELOPES; TOLERANCE/COVERS/CABLES/TRACKING ERROR OPEN,NO MOTION OR SAFETY CREDIT
P00_NEUTRAL_STAND,L_hand,L_shin,85.722729,0.000000,NO,PASS,NOMINAL RIGID LINK ENVELOPES; TOLERANCE/COVERS/CABLES/TRACKING ERROR OPEN,NO MOTION OR SAFETY CREDIT
P00_NEUTRAL_STAND,L_hand,L_shoulder_pitch_link,270.196000,0.000000,NO,PASS,NOMINAL RIGID LINK ENVELOPES; TOLERANCE/COVERS/CABLES/TRACKING ERROR OPEN,NO MOTION OR SAFETY CREDIT
P00_NEUTRAL_STAND,L_hand,L_thigh,20.384000,0.000000,NO,PASS,NOMINAL RIGID LINK ENVELOPES; TOLERANCE/COVERS/CABLES/TRACKING ERROR OPEN,NO MOTION OR SAFETY CREDIT
P00_NEUTRAL_STAND,L_hand,L_upper_arm,145.240000,0.000000,NO,PASS,NOMINAL RIGID LINK ENVELOPES; TOLERANCE/COVERS/CABLES/TRACKING ERROR OPEN,NO MOTION OR SAFETY CREDIT
P00_NEUTRAL_STAND,L_hand,R_ankle_pitch_link,218.440212,0.000000,NO,PASS,NOMINAL RIGID LINK ENVELOPES; TOLERANCE/COVERS/CABLES/TRACKING ERROR OPEN,NO MOTION OR SAFETY CREDIT
P00_NEUTRAL_STAND,L_hand,R_foot,244.082381,0.000000,NO,PASS,NOMINAL RIGID LINK ENVELOPES; TOLERANCE/COVERS/CABLES/TRACKING ERROR OPEN,NO MOTION OR SAFETY CREDIT
P00_NEUTRAL_STAND,L_hand,R_forearm,233.883000,0.000000,NO,PASS,NOMINAL RIGID LINK ENVELOPES; TOLERANCE/COVERS/CABLES/TRACKING ERROR OPEN,NO MOTION OR SAFETY CREDIT
P00_NEUTRAL_STAND,L_hand,R_gripper,246.468000,0.000000,NO,PASS,NOMINAL RIGID LINK ENVELOPES; TOLERANCE/COVERS/CABLES/TRACKING ERROR OPEN,NO MOTION OR SAFETY CREDIT
P00_NEUTRAL_STAND,L_hand,R_hand,236.938000,0.000000,NO,PASS,NOMINAL RIGID LINK ENVELOPES; TOLERANCE/COVERS/CABLES/TRACKING ERROR OPEN,NO MOTION OR SAFETY CREDIT
P00_NEUTRAL_STAND,L_hand,R_hip_roll_link,173.898190,0.000000,NO,PASS,NOMINAL RIGID LINK ENVELOPES; TOLERANCE/COVERS/CABLES/TRACKING ERROR OPEN,NO MOTION OR SAFETY CREDIT
P00_NEUTRAL_STAND,L_hand,R_hip_yaw_link,178.536110,0.000000,NO,PASS,NOMINAL RIGID LINK ENVELOPES; TOLERANCE/COVERS/CABLES/TRACKING ERROR OPEN,NO MOTION OR SAFETY CREDIT
P00_NEUTRAL_STAND,L_hand,R_shin,168.683539,0.000000,NO,PASS,NOMINAL RIGID LINK ENVELOPES; TOLERANCE/COVERS/CABLES/TRACKING ERROR OPEN,NO MOTION OR SAFETY CREDIT
P00_NEUTRAL_STAND,L_hand,R_shoulder_pitch_link,337.989957,0.000000,NO,PASS,NOMINAL RIGID LINK ENVELOPES; TOLERANCE/COVERS/CABLES/TRACKING ERROR OPEN,NO MOTION OR SAFETY CREDIT
P00_NEUTRAL_STAND,L_hand,R_thigh,145.384000,0.000000,NO,PASS,NOMINAL RIGID LINK ENVELOPES; TOLERANCE/COVERS/CABLES/TRACKING ERROR OPEN,NO MOTION OR SAFETY CREDIT
P00_NEUTRAL_STAND,L_hand,R_upper_arm,247.523827,0.000000,NO,PASS,NOMINAL RIGID LINK ENVELOPES; TOLERANCE/COVERS/CABLES/TRACKING ERROR OPEN,NO MOTION OR SAFETY CREDIT
P00_NEUTRAL_STAND,L_hand,base_link,85.115449,0.000000,NO,PASS,NOMINAL RIGID LINK ENVELOPES; TOLERANCE/COVERS/CABLES/TRACKING ERROR OPEN,NO MOTION OR SAFETY CREDIT
P00_NEUTRAL_STAND,L_hand,head,367.079561,0.000000,NO,PASS,NOMINAL RIGID LINK ENVELOPES; TOLERANCE/COVERS/CABLES/TRACKING ERROR OPEN,NO MOTION OR SAFETY CREDIT
P00_NEUTRAL_STAND,L_hand,neck_pan_link,329.205907,0.000000,NO,PASS,NOMINAL RIGID LINK ENVELOPES; TOLERANCE/COVERS/CABLES/TRACKING ERROR OPEN,NO MOTION OR SAFETY CREDIT
P00_NEUTRAL_STAND,L_hand,torso,167.791210,0.000000,NO,PASS,NOMINAL RIGID LINK ENVELOPES; TOLERANCE/COVERS/CABLES/TRACKING ERROR OPEN,NO MOTION OR SAFETY CREDIT
P00_NEUTRAL_STAND,L_hip_roll_link,L_shin,219.181000,0.000000,NO,PASS,NOMINAL RIGID LINK ENVELOPES; TOLERANCE/COVERS/CABLES/TRACKING ERROR OPEN,NO MOTION OR SAFETY CREDIT
P00_NEUTRAL_STAND,L_hip_roll_link,L_shoulder_pitch_link,143.887000,0.000000,NO,PASS,NOMINAL RIGID LINK ENVELOPES; TOLERANCE/COVERS/CABLES/TRACKING ERROR OPEN,NO MOTION OR SAFETY CREDIT
P00_NEUTRAL_STAND,L_hip_roll_link,L_upper_arm,18.953486,0.000000,NO,PASS,NOMINAL RIGID LINK ENVELOPES; TOLERANCE/COVERS/CABLES/TRACKING ERROR OPEN,NO MOTION OR SAFETY CREDIT
P00_NEUTRAL_STAND,L_hip_roll_link,R_ankle_pitch_link,303.402373,0.000000,NO,PASS,NOMINAL RIGID LINK ENVELOPES; TOLERANCE/COVERS/CABLES/TRACKING ERROR OPEN,NO MOTION OR SAFETY CREDIT
P00_NEUTRAL_STAND,L_hip_roll_link,R_foot,342.680338,0.000000,NO,PASS,NOMINAL RIGID LINK ENVELOPES; TOLERANCE/COVERS/CABLES/TRACKING ERROR OPEN,NO MOTION OR SAFETY CREDIT
P00_NEUTRAL_STAND,L_hip_roll_link,R_forearm,147.915000,0.000000,NO,PASS,NOMINAL RIGID LINK ENVELOPES; TOLERANCE/COVERS/CABLES/TRACKING ERROR OPEN,NO MOTION OR SAFETY CREDIT
P00_NEUTRAL_STAND,L_hip_roll_link,R_gripper,196.288690,0.000000,NO,PASS,NOMINAL RIGID LINK ENVELOPES; TOLERANCE/COVERS/CABLES/TRACKING ERROR OPEN,NO MOTION OR SAFETY CREDIT
P00_NEUTRAL_STAND,L_hip_roll_link,R_hand,173.899926,0.000000,NO,PASS,NOMINAL RIGID LINK ENVELOPES; TOLERANCE/COVERS/CABLES/TRACKING ERROR OPEN,NO MOTION OR SAFETY CREDIT
P00_NEUTRAL_STAND,L_hip_roll_link,R_hip_roll_link,65.000000,0.000000,NO,PASS,NOMINAL RIGID LINK ENVELOPES; TOLERANCE/COVERS/CABLES/TRACKING ERROR OPEN,NO MOTION OR SAFETY CREDIT
P00_NEUTRAL_STAND,L_hip_roll_link,R_hip_yaw_link,65.000000,0.000000,NO,PASS,NOMINAL RIGID LINK ENVELOPES; TOLERANCE/COVERS/CABLES/TRACKING ERROR OPEN,NO MOTION OR SAFETY CREDIT
P00_NEUTRAL_STAND,L_hip_roll_link,R_shin,227.499061,0.000000,NO,PASS,NOMINAL RIGID LINK ENVELOPES; TOLERANCE/COVERS/CABLES/TRACKING ERROR OPEN,NO MOTION OR SAFETY CREDIT
P00_NEUTRAL_STAND,L_hip_roll_link,R_shoulder_pitch_link,185.506965,0.000000,NO,PASS,NOMINAL RIGID LINK ENVELOPES; TOLERANCE/COVERS/CABLES/TRACKING ERROR OPEN,NO MOTION OR SAFETY CREDIT
P00_NEUTRAL_STAND,L_hip_roll_link,R_thigh,59.416000,0.000000,NO,PASS,NOMINAL RIGID LINK ENVELOPES; TOLERANCE/COVERS/CABLES/TRACKING ERROR OPEN,NO MOTION OR SAFETY CREDIT
P00_NEUTRAL_STAND,L_hip_roll_link,R_upper_arm,116.019907,0.000000,NO,PASS,NOMINAL RIGID LINK ENVELOPES; TOLERANCE/COVERS/CABLES/TRACKING ERROR OPEN,NO MOTION OR SAFETY CREDIT
P00_NEUTRAL_STAND,L_hip_roll_link,head,237.929000,0.000000,NO,PASS,NOMINAL RIGID LINK ENVELOPES; TOLERANCE/COVERS/CABLES/TRACKING ERROR OPEN,NO MOTION OR SAFETY CREDIT
P00_NEUTRAL_STAND,L_hip_roll_link,neck_pan_link,189.681426,0.000000,NO,PASS,NOMINAL RIGID LINK ENVELOPES; TOLERANCE/COVERS/CABLES/TRACKING ERROR OPEN,NO MOTION OR SAFETY CREDIT
P00_NEUTRAL_STAND,L_hip_roll_link,torso,39.791000,0.000000,NO,PASS,NOMINAL RIGID LINK ENVELOPES; TOLERANCE/COVERS/CABLES/TRACKING ERROR OPEN,NO MOTION OR SAFETY CREDIT
P00_NEUTRAL_STAND,L_hip_yaw_link,L_shin,228.181000,0.000000,NO,PASS,NOMINAL RIGID LINK ENVELOPES; TOLERANCE/COVERS/CABLES/TRACKING ERROR OPEN,NO MOTION OR SAFETY CREDIT
P00_NEUTRAL_STAND,L_hip_yaw_link,L_shoulder_pitch_link,134.887000,0.000000,NO,PASS,NOMINAL RIGID LINK ENVELOPES; TOLERANCE/COVERS/CABLES/TRACKING ERROR OPEN,NO MOTION OR SAFETY CREDIT
P00_NEUTRAL_STAND,L_hip_yaw_link,L_upper_arm,9.964049,0.000000,NO,PASS,NOMINAL RIGID LINK ENVELOPES; TOLERANCE/COVERS/CABLES/TRACKING ERROR OPEN,NO MOTION OR SAFETY CREDIT
P00_NEUTRAL_STAND,L_hip_yaw_link,R_ankle_pitch_link,312.217872,0.000000,NO,PASS,NOMINAL RIGID LINK ENVELOPES; TOLERANCE/COVERS/CABLES/TRACKING ERROR OPEN,NO MOTION OR SAFETY CREDIT
P00_NEUTRAL_STAND,L_hip_yaw_link,R_foot,351.586473,0.000000,NO,PASS,NOMINAL RIGID LINK ENVELOPES; TOLERANCE/COVERS/CABLES/TRACKING ERROR OPEN,NO MOTION OR SAFETY CREDIT
P00_NEUTRAL_STAND,L_hip_yaw_link,R_forearm,147.915000,0.000000,NO,PASS,NOMINAL RIGID LINK ENVELOPES; TOLERANCE/COVERS/CABLES/TRACKING ERROR OPEN,NO MOTION OR SAFETY CREDIT
P00_NEUTRAL_STAND,L_hip_yaw_link,R_gripper,201.604191,0.000000,NO,PASS,NOMINAL RIGID LINK ENVELOPES; TOLERANCE/COVERS/CABLES/TRACKING ERROR OPEN,NO MOTION OR SAFETY CREDIT
P00_NEUTRAL_STAND,L_hip_yaw_link,R_hand,178.537801,0.000000,NO,PASS,NOMINAL RIGID LINK ENVELOPES; TOLERANCE/COVERS/CABLES/TRACKING ERROR OPEN,NO MOTION OR SAFETY CREDIT
P00_NEUTRAL_STAND,L_hip_yaw_link,R_hip_roll_link,65.000000,0.000000,NO,PASS,NOMINAL RIGID LINK ENVELOPES; TOLERANCE/COVERS/CABLES/TRACKING ERROR OPEN,NO MOTION OR SAFETY CREDIT
P00_NEUTRAL_STAND,L_hip_yaw_link,R_hip_yaw_link,65.000000,0.000000,NO,PASS,NOMINAL RIGID LINK ENVELOPES; TOLERANCE/COVERS/CABLES/TRACKING ERROR OPEN,NO MOTION OR SAFETY CREDIT
P00_NEUTRAL_STAND,L_hip_yaw_link,R_shin,236.182304,0.000000,NO,PASS,NOMINAL RIGID LINK ENVELOPES; TOLERANCE/COVERS/CABLES/TRACKING ERROR OPEN,NO MOTION OR SAFETY CREDIT
P00_NEUTRAL_STAND,L_hip_yaw_link,R_shoulder_pitch_link,178.616540,0.000000,NO,PASS,NOMINAL RIGID LINK ENVELOPES; TOLERANCE/COVERS/CABLES/TRACKING ERROR OPEN,NO MOTION OR SAFETY CREDIT
P00_NEUTRAL_STAND,L_hip_yaw_link,R_thigh,59.416000,0.000000,NO,PASS,NOMINAL RIGID LINK ENVELOPES; TOLERANCE/COVERS/CABLES/TRACKING ERROR OPEN,NO MOTION OR SAFETY CREDIT
P00_NEUTRAL_STAND,L_hip_yaw_link,R_upper_arm,114.895000,0.000000,NO,PASS,NOMINAL RIGID LINK ENVELOPES; TOLERANCE/COVERS/CABLES/TRACKING ERROR OPEN,NO MOTION OR SAFETY CREDIT
P00_NEUTRAL_STAND,L_hip_yaw_link,head,228.929000,0.000000,NO,PASS,NOMINAL RIGID LINK ENVELOPES; TOLERANCE/COVERS/CABLES/TRACKING ERROR OPEN,NO MOTION OR SAFETY CREDIT
P00_NEUTRAL_STAND,L_hip_yaw_link,neck_pan_link,180.687474,0.000000,NO,PASS,NOMINAL RIGID LINK ENVELOPES; TOLERANCE/COVERS/CABLES/TRACKING ERROR OPEN,NO MOTION OR SAFETY CREDIT
P00_NEUTRAL_STAND,L_hip_yaw_link,torso,30.791000,0.000000,NO,PASS,NOMINAL RIGID LINK ENVELOPES; TOLERANCE/COVERS/CABLES/TRACKING ERROR OPEN,NO MOTION OR SAFETY CREDIT
P00_NEUTRAL_STAND,L_shin,L_shoulder_pitch_link,403.068000,0.000000,NO,PASS,NOMINAL RIGID LINK ENVELOPES; TOLERANCE/COVERS/CABLES/TRACKING ERROR OPEN,NO MOTION OR SAFETY CREDIT
P00_NEUTRAL_STAND,L_shin,L_upper_arm,278.112000,0.000000,NO,PASS,NOMINAL RIGID LINK ENVELOPES; TOLERANCE/COVERS/CABLES/TRACKING ERROR OPEN,NO MOTION OR SAFETY CREDIT
P00_NEUTRAL_STAND,L_shin,R_ankle_pitch_link,58.045000,0.000000,NO,PASS,NOMINAL RIGID LINK ENVELOPES; TOLERANCE/COVERS/CABLES/TRACKING ERROR OPEN,NO MOTION OR SAFETY CREDIT
P00_NEUTRAL_STAND,L_shin,R_foot,46.045000,0.000000,NO,PASS,NOMINAL RIGID LINK ENVELOPES; TOLERANCE/COVERS/CABLES/TRACKING ERROR OPEN,NO MOTION OR SAFETY CREDIT
P00_NEUTRAL_STAND,L_shin,R_forearm,194.664816,0.000000,NO,PASS,NOMINAL RIGID LINK ENVELOPES; TOLERANCE/COVERS/CABLES/TRACKING ERROR OPEN,NO MOTION OR SAFETY CREDIT
P00_NEUTRAL_STAND,L_shin,R_gripper,163.500409,0.000000,NO,PASS,NOMINAL RIGID LINK ENVELOPES; TOLERANCE/COVERS/CABLES/TRACKING ERROR OPEN,NO MOTION OR SAFETY CREDIT
P00_NEUTRAL_STAND,L_shin,R_hand,168.763677,0.000000,NO,PASS,NOMINAL RIGID LINK ENVELOPES; TOLERANCE/COVERS/CABLES/TRACKING ERROR OPEN,NO MOTION OR SAFETY CREDIT
P00_NEUTRAL_STAND,L_shin,R_hip_roll_link,227.523192,0.000000,NO,PASS,NOMINAL RIGID LINK ENVELOPES; TOLERANCE/COVERS/CABLES/TRACKING ERROR OPEN,NO MOTION OR SAFETY CREDIT
P00_NEUTRAL_STAND,L_shin,R_hip_yaw_link,236.205548,0.000000,NO,PASS,NOMINAL RIGID LINK ENVELOPES; TOLERANCE/COVERS/CABLES/TRACKING ERROR OPEN,NO MOTION OR SAFETY CREDIT
P00_NEUTRAL_STAND,L_shin,R_shin,57.000000,0.000000,NO,PASS,NOMINAL RIGID LINK ENVELOPES; TOLERANCE/COVERS/CABLES/TRACKING ERROR OPEN,NO MOTION OR SAFETY CREDIT
P00_NEUTRAL_STAND,L_shin,R_shoulder_pitch_link,418.643837,0.000000,NO,PASS,NOMINAL RIGID LINK ENVELOPES; TOLERANCE/COVERS/CABLES/TRACKING ERROR OPEN,NO MOTION OR SAFETY CREDIT
P00_NEUTRAL_STAND,L_shin,R_thigh,107.197167,0.000000,NO,PASS,NOMINAL RIGID LINK ENVELOPES; TOLERANCE/COVERS/CABLES/TRACKING ERROR OPEN,NO MOTION OR SAFETY CREDIT
P00_NEUTRAL_STAND,L_shin,R_upper_arm,299.263671,0.000000,NO,PASS,NOMINAL RIGID LINK ENVELOPES; TOLERANCE/COVERS/CABLES/TRACKING ERROR OPEN,NO MOTION OR SAFETY CREDIT
P00_NEUTRAL_STAND,L_shin,base_link,205.884000,0.000000,NO,PASS,NOMINAL RIGID LINK ENVELOPES; TOLERANCE/COVERS/CABLES/TRACKING ERROR OPEN,NO MOTION OR SAFETY CREDIT
P00_NEUTRAL_STAND,L_shin,head,497.110000,0.000000,NO,PASS,NOMINAL RIGID LINK ENVELOPES; TOLERANCE/COVERS/CABLES/TRACKING ERROR OPEN,NO MOTION OR SAFETY CREDIT
P00_NEUTRAL_STAND,L_shin,neck_pan_link,448.749930,0.000000,NO,PASS,NOMINAL RIGID LINK ENVELOPES; TOLERANCE/COVERS/CABLES/TRACKING ERROR OPEN,NO MOTION OR SAFETY CREDIT
P00_NEUTRAL_STAND,L_shin,torso,298.972000,0.000000,NO,PASS,NOMINAL RIGID LINK ENVELOPES; TOLERANCE/COVERS/CABLES/TRACKING ERROR OPEN,NO MOTION OR SAFETY CREDIT
P00_NEUTRAL_STAND,L_shoulder_pitch_link,L_thigh,171.333000,0.000000,NO,PASS,NOMINAL RIGID LINK ENVELOPES; TOLERANCE/COVERS/CABLES/TRACKING ERROR OPEN,NO MOTION OR SAFETY CREDIT
P00_NEUTRAL_STAND,L_shoulder_pitch_link,R_ankle_pitch_link,494.426237,0.000000,NO,PASS,NOMINAL RIGID LINK ENVELOPES; TOLERANCE/COVERS/CABLES/TRACKING ERROR OPEN,NO MOTION OR SAFETY CREDIT
P00_NEUTRAL_STAND,L_shoulder_pitch_link,R_foot,532.931042,0.000000,NO,PASS,NOMINAL RIGID LINK ENVELOPES; TOLERANCE/COVERS/CABLES/TRACKING ERROR OPEN,NO MOTION OR SAFETY CREDIT
P00_NEUTRAL_STAND,L_shoulder_pitch_link,R_forearm,237.633168,0.000000,NO,PASS,NOMINAL RIGID LINK ENVELOPES; TOLERANCE/COVERS/CABLES/TRACKING ERROR OPEN,NO MOTION OR SAFETY CREDIT
P00_NEUTRAL_STAND,L_shoulder_pitch_link,R_gripper,365.632328,0.000000,NO,PASS,NOMINAL RIGID LINK ENVELOPES; TOLERANCE/COVERS/CABLES/TRACKING ERROR OPEN,NO MOTION OR SAFETY CREDIT
P00_NEUTRAL_STAND,L_shoulder_pitch_link,R_hand,338.488044,0.000000,NO,PASS,NOMINAL RIGID LINK ENVELOPES; TOLERANCE/COVERS/CABLES/TRACKING ERROR OPEN,NO MOTION OR SAFETY CREDIT
P00_NEUTRAL_STAND,L_shoulder_pitch_link,R_hip_roll_link,186.029418,0.000000,NO,PASS,NOMINAL RIGID LINK ENVELOPES; TOLERANCE/COVERS/CABLES/TRACKING ERROR OPEN,NO MOTION OR SAFETY CREDIT
P00_NEUTRAL_STAND,L_shoulder_pitch_link,R_hip_yaw_link,179.159086,0.000000,NO,PASS,NOMINAL RIGID LINK ENVELOPES; TOLERANCE/COVERS/CABLES/TRACKING ERROR OPEN,NO MOTION OR SAFETY CREDIT
P00_NEUTRAL_STAND,L_shoulder_pitch_link,R_shin,418.843329,0.000000,NO,PASS,NOMINAL RIGID LINK ENVELOPES; TOLERANCE/COVERS/CABLES/TRACKING ERROR OPEN,NO MOTION OR SAFETY CREDIT
P00_NEUTRAL_STAND,L_shoulder_pitch_link,R_shoulder_pitch_link,170.000000,0.000000,NO,PASS,NOMINAL RIGID LINK ENVELOPES; TOLERANCE/COVERS/CABLES/TRACKING ERROR OPEN,NO MOTION OR SAFETY CREDIT
P00_NEUTRAL_STAND,L_shoulder_pitch_link,R_thigh,204.872646,0.000000,NO,PASS,NOMINAL RIGID LINK ENVELOPES; TOLERANCE/COVERS/CABLES/TRACKING ERROR OPEN,NO MOTION OR SAFETY CREDIT
P00_NEUTRAL_STAND,L_shoulder_pitch_link,R_upper_arm,167.378000,0.000000,NO,PASS,NOMINAL RIGID LINK ENVELOPES; TOLERANCE/COVERS/CABLES/TRACKING ERROR OPEN,NO MOTION OR SAFETY CREDIT
P00_NEUTRAL_STAND,L_shoulder_pitch_link,base_link,127.632715,0.000000,NO,PASS,NOMINAL RIGID LINK ENVELOPES; TOLERANCE/COVERS/CABLES/TRACKING ERROR OPEN,NO MOTION OR SAFETY CREDIT
P00_NEUTRAL_STAND,L_shoulder_pitch_link,head,41.599028,0.000000,NO,PASS,NOMINAL RIGID LINK ENVELOPES; TOLERANCE/COVERS/CABLES/TRACKING ERROR OPEN,NO MOTION OR SAFETY CREDIT
P00_NEUTRAL_STAND,L_shoulder_pitch_link,neck_pan_link,59.699000,0.000000,NO,PASS,NOMINAL RIGID LINK ENVELOPES; TOLERANCE/COVERS/CABLES/TRACKING ERROR OPEN,NO MOTION OR SAFETY CREDIT
P00_NEUTRAL_STAND,L_thigh,L_upper_arm,46.377000,0.000000,NO,PASS,NOMINAL RIGID LINK ENVELOPES; TOLERANCE/COVERS/CABLES/TRACKING ERROR OPEN,NO MOTION OR SAFETY CREDIT
P00_NEUTRAL_STAND,L_thigh,R_ankle_pitch_link,177.819582,0.000000,NO,PASS,NOMINAL RIGID LINK ENVELOPES; TOLERANCE/COVERS/CABLES/TRACKING ERROR OPEN,NO MOTION OR SAFETY CREDIT
P00_NEUTRAL_STAND,L_thigh,R_foot,215.614991,0.000000,NO,PASS,NOMINAL RIGID LINK ENVELOPES; TOLERANCE/COVERS/CABLES/TRACKING ERROR OPEN,NO MOTION OR SAFETY CREDIT
P00_NEUTRAL_STAND,L_thigh,R_forearm,139.499000,0.000000,NO,PASS,NOMINAL RIGID LINK ENVELOPES; TOLERANCE/COVERS/CABLES/TRACKING ERROR OPEN,NO MOTION OR SAFETY CREDIT
P00_NEUTRAL_STAND,L_thigh,R_gripper,152.084000,0.000000,NO,PASS,NOMINAL RIGID LINK ENVELOPES; TOLERANCE/COVERS/CABLES/TRACKING ERROR OPEN,NO MOTION OR SAFETY CREDIT
P00_NEUTRAL_STAND,L_thigh,R_hand,142.554000,0.000000,NO,PASS,NOMINAL RIGID LINK ENVELOPES; TOLERANCE/COVERS/CABLES/TRACKING ERROR OPEN,NO MOTION OR SAFETY CREDIT
P00_NEUTRAL_STAND,L_thigh,R_hip_roll_link,56.584000,0.000000,NO,PASS,NOMINAL RIGID LINK ENVELOPES; TOLERANCE/COVERS/CABLES/TRACKING ERROR OPEN,NO MOTION OR SAFETY CREDIT
P00_NEUTRAL_STAND,L_thigh,R_hip_yaw_link,56.584000,0.000000,NO,PASS,NOMINAL RIGID LINK ENVELOPES; TOLERANCE/COVERS/CABLES/TRACKING ERROR OPEN,NO MOTION OR SAFETY CREDIT
P00_NEUTRAL_STAND,L_thigh,R_shin,105.714979,0.000000,NO,PASS,NOMINAL RIGID LINK ENVELOPES; TOLERANCE/COVERS/CABLES/TRACKING ERROR OPEN,NO MOTION OR SAFETY CREDIT
P00_NEUTRAL_STAND,L_thigh,R_shoulder_pitch_link,202.890076,0.000000,NO,PASS,NOMINAL RIGID LINK ENVELOPES; TOLERANCE/COVERS/CABLES/TRACKING ERROR OPEN,NO MOTION OR SAFETY CREDIT
P00_NEUTRAL_STAND,L_thigh,R_thigh,51.000000,0.000000,NO,PASS,NOMINAL RIGID LINK ENVELOPES; TOLERANCE/COVERS/CABLES/TRACKING ERROR OPEN,NO MOTION OR SAFETY CREDIT
P00_NEUTRAL_STAND,L_thigh,R_upper_arm,115.746345,0.000000,NO,PASS,NOMINAL RIGID LINK ENVELOPES; TOLERANCE/COVERS/CABLES/TRACKING ERROR OPEN,NO MOTION OR SAFETY CREDIT
P00_NEUTRAL_STAND,L_thigh,head,265.375000,0.000000,NO,PASS,NOMINAL RIGID LINK ENVELOPES; TOLERANCE/COVERS/CABLES/TRACKING ERROR OPEN,NO MOTION OR SAFETY CREDIT
P00_NEUTRAL_STAND,L_thigh,neck_pan_link,217.006000,0.000000,NO,PASS,NOMINAL RIGID LINK ENVELOPES; TOLERANCE/COVERS/CABLES/TRACKING ERROR OPEN,NO MOTION OR SAFETY CREDIT
P00_NEUTRAL_STAND,L_thigh,torso,67.237000,0.000000,NO,PASS,NOMINAL RIGID LINK ENVELOPES; TOLERANCE/COVERS/CABLES/TRACKING ERROR OPEN,NO MOTION OR SAFETY CREDIT
P00_NEUTRAL_STAND,L_upper_arm,R_ankle_pitch_link,373.718854,0.000000,NO,PASS,NOMINAL RIGID LINK ENVELOPES; TOLERANCE/COVERS/CABLES/TRACKING ERROR OPEN,NO MOTION OR SAFETY CREDIT
P00_NEUTRAL_STAND,L_upper_arm,R_foot,410.789645,0.000000,NO,PASS,NOMINAL RIGID LINK ENVELOPES; TOLERANCE/COVERS/CABLES/TRACKING ERROR OPEN,NO MOTION OR SAFETY CREDIT
P00_NEUTRAL_STAND,L_upper_arm,R_forearm,199.850803,0.000000,NO,PASS,NOMINAL RIGID LINK ENVELOPES; TOLERANCE/COVERS/CABLES/TRACKING ERROR OPEN,NO MOTION OR SAFETY CREDIT
P00_NEUTRAL_STAND,L_upper_arm,R_gripper,273.284923,0.000000,NO,PASS,NOMINAL RIGID LINK ENVELOPES; TOLERANCE/COVERS/CABLES/TRACKING ERROR OPEN,NO MOTION OR SAFETY CREDIT
P00_NEUTRAL_STAND,L_upper_arm,R_hand,249.521619,0.000000,NO,PASS,NOMINAL RIGID LINK ENVELOPES; TOLERANCE/COVERS/CABLES/TRACKING ERROR OPEN,NO MOTION OR SAFETY CREDIT
P00_NEUTRAL_STAND,L_upper_arm,R_hip_roll_link,118.447619,0.000000,NO,PASS,NOMINAL RIGID LINK ENVELOPES; TOLERANCE/COVERS/CABLES/TRACKING ERROR OPEN,NO MOTION OR SAFETY CREDIT
P00_NEUTRAL_STAND,L_upper_arm,R_hip_yaw_link,117.345986,0.000000,NO,PASS,NOMINAL RIGID LINK ENVELOPES; TOLERANCE/COVERS/CABLES/TRACKING ERROR OPEN,NO MOTION OR SAFETY CREDIT
P00_NEUTRAL_STAND,L_upper_arm,R_shin,300.146929,0.000000,NO,PASS,NOMINAL RIGID LINK ENVELOPES; TOLERANCE/COVERS/CABLES/TRACKING ERROR OPEN,NO MOTION OR SAFETY CREDIT
P00_NEUTRAL_STAND,L_upper_arm,R_shoulder_pitch_link,169.012000,0.000000,NO,PASS,NOMINAL RIGID LINK ENVELOPES; TOLERANCE/COVERS/CABLES/TRACKING ERROR OPEN,NO MOTION OR SAFETY CREDIT
P00_NEUTRAL_STAND,L_upper_arm,R_thigh,120.613616,0.000000,NO,PASS,NOMINAL RIGID LINK ENVELOPES; TOLERANCE/COVERS/CABLES/TRACKING ERROR OPEN,NO MOTION OR SAFETY CREDIT
P00_NEUTRAL_STAND,L_upper_arm,R_upper_arm,166.390000,0.000000,NO,PASS,NOMINAL RIGID LINK ENVELOPES; TOLERANCE/COVERS/CABLES/TRACKING ERROR OPEN,NO MOTION OR SAFETY CREDIT
P00_NEUTRAL_STAND,L_upper_arm,base_link,14.029682,0.000000,NO,PASS,NOMINAL RIGID LINK ENVELOPES; TOLERANCE/COVERS/CABLES/TRACKING ERROR OPEN,NO MOTION OR SAFETY CREDIT
P00_NEUTRAL_STAND,L_upper_arm,head,69.956878,0.000000,NO,PASS,NOMINAL RIGID LINK ENVELOPES; TOLERANCE/COVERS/CABLES/TRACKING ERROR OPEN,NO MOTION OR SAFETY CREDIT
P00_NEUTRAL_STAND,L_upper_arm,neck_pan_link,62.229713,0.000000,NO,PASS,NOMINAL RIGID LINK ENVELOPES; TOLERANCE/COVERS/CABLES/TRACKING ERROR OPEN,NO MOTION OR SAFETY CREDIT
P00_NEUTRAL_STAND,R_ankle_pitch_link,R_forearm,209.800340,0.000000,NO,PASS,NOMINAL RIGID LINK ENVELOPES; TOLERANCE/COVERS/CABLES/TRACKING ERROR OPEN,NO MOTION OR SAFETY CREDIT
P00_NEUTRAL_STAND,R_ankle_pitch_link,R_gripper,129.155913,0.000000,NO,PASS,NOMINAL RIGID LINK ENVELOPES; TOLERANCE/COVERS/CABLES/TRACKING ERROR OPEN,NO MOTION OR SAFETY CREDIT
P00_NEUTRAL_STAND,R_ankle_pitch_link,R_hand,162.324423,0.000000,NO,PASS,NOMINAL RIGID LINK ENVELOPES; TOLERANCE/COVERS/CABLES/TRACKING ERROR OPEN,NO MOTION OR SAFETY CREDIT
P00_NEUTRAL_STAND,R_ankle_pitch_link,R_hip_roll_link,297.000000,0.000000,NO,PASS,NOMINAL RIGID LINK ENVELOPES; TOLERANCE/COVERS/CABLES/TRACKING ERROR OPEN,NO MOTION OR SAFETY CREDIT
P00_NEUTRAL_STAND,R_ankle_pitch_link,R_hip_yaw_link,306.000000,0.000000,NO,PASS,NOMINAL RIGID LINK ENVELOPES; TOLERANCE/COVERS/CABLES/TRACKING ERROR OPEN,NO MOTION OR SAFETY CREDIT
P00_NEUTRAL_STAND,R_ankle_pitch_link,R_shoulder_pitch_link,480.887000,0.000000,NO,PASS,NOMINAL RIGID LINK ENVELOPES; TOLERANCE/COVERS/CABLES/TRACKING ERROR OPEN,NO MOTION OR SAFETY CREDIT
P00_NEUTRAL_STAND,R_ankle_pitch_link,R_thigh,169.554000,0.000000,NO,PASS,NOMINAL RIGID LINK ENVELOPES; TOLERANCE/COVERS/CABLES/TRACKING ERROR OPEN,NO MOTION OR SAFETY CREDIT
P00_NEUTRAL_STAND,R_ankle_pitch_link,R_upper_arm,355.931000,0.000000,NO,PASS,NOMINAL RIGID LINK ENVELOPES; TOLERANCE/COVERS/CABLES/TRACKING ERROR OPEN,NO MOTION OR SAFETY CREDIT
P00_NEUTRAL_STAND,R_ankle_pitch_link,base_link,283.703000,0.000000,NO,PASS,NOMINAL RIGID LINK ENVELOPES; TOLERANCE/COVERS/CABLES/TRACKING ERROR OPEN,NO MOTION OR SAFETY CREDIT
P00_NEUTRAL_STAND,R_ankle_pitch_link,head,574.929000,0.000000,NO,PASS,NOMINAL RIGID LINK ENVELOPES; TOLERANCE/COVERS/CABLES/TRACKING ERROR OPEN,NO MOTION OR SAFETY CREDIT
P00_NEUTRAL_STAND,R_ankle_pitch_link,neck_pan_link,526.561399,0.000000,NO,PASS,NOMINAL RIGID LINK ENVELOPES; TOLERANCE/COVERS/CABLES/TRACKING ERROR OPEN,NO MOTION OR SAFETY CREDIT
P00_NEUTRAL_STAND,R_ankle_pitch_link,torso,376.791000,0.000000,NO,PASS,NOMINAL RIGID LINK ENVELOPES; TOLERANCE/COVERS/CABLES/TRACKING ERROR OPEN,NO MOTION OR SAFETY CREDIT
P00_NEUTRAL_STAND,R_foot,R_forearm,250.990831,0.000000,NO,PASS,NOMINAL RIGID LINK ENVELOPES; TOLERANCE/COVERS/CABLES/TRACKING ERROR OPEN,NO MOTION OR SAFETY CREDIT
P00_NEUTRAL_STAND,R_foot,R_gripper,168.266432,0.000000,NO,PASS,NOMINAL RIGID LINK ENVELOPES; TOLERANCE/COVERS/CABLES/TRACKING ERROR OPEN,NO MOTION OR SAFETY CREDIT
P00_NEUTRAL_STAND,R_foot,R_hand,203.000622,0.000000,NO,PASS,NOMINAL RIGID LINK ENVELOPES; TOLERANCE/COVERS/CABLES/TRACKING ERROR OPEN,NO MOTION OR SAFETY CREDIT
P00_NEUTRAL_STAND,R_foot,R_hip_roll_link,339.013000,0.000000,NO,PASS,NOMINAL RIGID LINK ENVELOPES; TOLERANCE/COVERS/CABLES/TRACKING ERROR OPEN,NO MOTION OR SAFETY CREDIT
P00_NEUTRAL_STAND,R_foot,R_hip_yaw_link,348.013000,0.000000,NO,PASS,NOMINAL RIGID LINK ENVELOPES; TOLERANCE/COVERS/CABLES/TRACKING ERROR OPEN,NO MOTION OR SAFETY CREDIT
P00_NEUTRAL_STAND,R_foot,R_shoulder_pitch_link,522.900000,0.000000,NO,PASS,NOMINAL RIGID LINK ENVELOPES; TOLERANCE/COVERS/CABLES/TRACKING ERROR OPEN,NO MOTION OR SAFETY CREDIT
P00_NEUTRAL_STAND,R_foot,R_thigh,211.567000,0.000000,NO,PASS,NOMINAL RIGID LINK ENVELOPES; TOLERANCE/COVERS/CABLES/TRACKING ERROR OPEN,NO MOTION OR SAFETY CREDIT
P00_NEUTRAL_STAND,R_foot,R_upper_arm,397.944000,0.000000,NO,PASS,NOMINAL RIGID LINK ENVELOPES; TOLERANCE/COVERS/CABLES/TRACKING ERROR OPEN,NO MOTION OR SAFETY CREDIT
P00_NEUTRAL_STAND,R_foot,base_link,325.716000,0.000000,NO,PASS,NOMINAL RIGID LINK ENVELOPES; TOLERANCE/COVERS/CABLES/TRACKING ERROR OPEN,NO MOTION OR SAFETY CREDIT
P00_NEUTRAL_STAND,R_foot,head,616.942000,0.000000,NO,PASS,NOMINAL RIGID LINK ENVELOPES; TOLERANCE/COVERS/CABLES/TRACKING ERROR OPEN,NO MOTION OR SAFETY CREDIT
P00_NEUTRAL_STAND,R_foot,neck_pan_link,568.573000,0.000000,NO,PASS,NOMINAL RIGID LINK ENVELOPES; TOLERANCE/COVERS/CABLES/TRACKING ERROR OPEN,NO MOTION OR SAFETY CREDIT
P00_NEUTRAL_STAND,R_foot,torso,418.804000,0.000000,NO,PASS,NOMINAL RIGID LINK ENVELOPES; TOLERANCE/COVERS/CABLES/TRACKING ERROR OPEN,NO MOTION OR SAFETY CREDIT
P00_NEUTRAL_STAND,R_forearm,R_gripper,24.853000,0.000000,NO,PASS,NOMINAL RIGID LINK ENVELOPES; TOLERANCE/COVERS/CABLES/TRACKING ERROR OPEN,NO MOTION OR SAFETY CREDIT
P00_NEUTRAL_STAND,R_forearm,R_hip_roll_link,22.915000,0.000000,NO,PASS,NOMINAL RIGID LINK ENVELOPES; TOLERANCE/COVERS/CABLES/TRACKING ERROR OPEN,NO MOTION OR SAFETY CREDIT
P00_NEUTRAL_STAND,R_forearm,R_hip_yaw_link,22.915000,0.000000,NO,PASS,NOMINAL RIGID LINK ENVELOPES; TOLERANCE/COVERS/CABLES/TRACKING ERROR OPEN,NO MOTION OR SAFETY CREDIT
P00_NEUTRAL_STAND,R_forearm,R_shin,132.398605,0.000000,NO,PASS,NOMINAL RIGID LINK ENVELOPES; TOLERANCE/COVERS/CABLES/TRACKING ERROR OPEN,NO MOTION OR SAFETY CREDIT
P00_NEUTRAL_STAND,R_forearm,R_shoulder_pitch_link,127.034000,0.000000,NO,PASS,NOMINAL RIGID LINK ENVELOPES; TOLERANCE/COVERS/CABLES/TRACKING ERROR OPEN,NO MOTION OR SAFETY CREDIT
P00_NEUTRAL_STAND,R_forearm,R_thigh,14.499000,0.000000,NO,PASS,NOMINAL RIGID LINK ENVELOPES; TOLERANCE/COVERS/CABLES/TRACKING ERROR OPEN,NO MOTION OR SAFETY CREDIT
P00_NEUTRAL_STAND,R_forearm,base_link,35.135000,0.000000,NO,PASS,NOMINAL RIGID LINK ENVELOPES; TOLERANCE/COVERS/CABLES/TRACKING ERROR OPEN,NO MOTION OR SAFETY CREDIT
P00_NEUTRAL_STAND,R_forearm,head,224.368576,0.000000,NO,PASS,NOMINAL RIGID LINK ENVELOPES; TOLERANCE/COVERS/CABLES/TRACKING ERROR OPEN,NO MOTION OR SAFETY CREDIT
P00_NEUTRAL_STAND,R_forearm,neck_pan_link,193.440354,0.000000,NO,PASS,NOMINAL RIGID LINK ENVELOPES; TOLERANCE/COVERS/CABLES/TRACKING ERROR OPEN,NO MOTION OR SAFETY CREDIT
P00_NEUTRAL_STAND,R_forearm,torso,35.459016,0.000000,NO,PASS,NOMINAL RIGID LINK ENVELOPES; TOLERANCE/COVERS/CABLES/TRACKING ERROR OPEN,NO MOTION OR SAFETY CREDIT
P00_NEUTRAL_STAND,R_gripper,R_hip_roll_link,118.445135,0.000000,NO,PASS,NOMINAL RIGID LINK ENVELOPES; TOLERANCE/COVERS/CABLES/TRACKING ERROR OPEN,NO MOTION OR SAFETY CREDIT
P00_NEUTRAL_STAND,R_gripper,R_hip_yaw_link,127.060025,0.000000,NO,PASS,NOMINAL RIGID LINK ENVELOPES; TOLERANCE/COVERS/CABLES/TRACKING ERROR OPEN,NO MOTION OR SAFETY CREDIT
P00_NEUTRAL_STAND,R_gripper,R_shin,56.755033,0.000000,NO,PASS,NOMINAL RIGID LINK ENVELOPES; TOLERANCE/COVERS/CABLES/TRACKING ERROR OPEN,NO MOTION OR SAFETY CREDIT
P00_NEUTRAL_STAND,R_gripper,R_shoulder_pitch_link,296.906617,0.000000,NO,PASS,NOMINAL RIGID LINK ENVELOPES; TOLERANCE/COVERS/CABLES/TRACKING ERROR OPEN,NO MOTION OR SAFETY CREDIT
P00_NEUTRAL_STAND,R_gripper,R_thigh,27.084000,0.000000,NO,PASS,NOMINAL RIGID LINK ENVELOPES; TOLERANCE/COVERS/CABLES/TRACKING ERROR OPEN,NO MOTION OR SAFETY CREDIT
P00_NEUTRAL_STAND,R_gripper,R_upper_arm,171.931000,0.000000,NO,PASS,NOMINAL RIGID LINK ENVELOPES; TOLERANCE/COVERS/CABLES/TRACKING ERROR OPEN,NO MOTION OR SAFETY CREDIT
P00_NEUTRAL_STAND,R_gripper,base_link,110.534549,0.000000,NO,PASS,NOMINAL RIGID LINK ENVELOPES; TOLERANCE/COVERS/CABLES/TRACKING ERROR OPEN,NO MOTION OR SAFETY CREDIT
P00_NEUTRAL_STAND,R_gripper,head,394.226408,0.000000,NO,PASS,NOMINAL RIGID LINK ENVELOPES; TOLERANCE/COVERS/CABLES/TRACKING ERROR OPEN,NO MOTION OR SAFETY CREDIT
P00_NEUTRAL_STAND,R_gripper,neck_pan_link,356.777571,0.000000,NO,PASS,NOMINAL RIGID LINK ENVELOPES; TOLERANCE/COVERS/CABLES/TRACKING ERROR OPEN,NO MOTION OR SAFETY CREDIT
P00_NEUTRAL_STAND,R_gripper,torso,195.545357,0.000000,NO,PASS,NOMINAL RIGID LINK ENVELOPES; TOLERANCE/COVERS/CABLES/TRACKING ERROR OPEN,NO MOTION OR SAFETY CREDIT
P00_NEUTRAL_STAND,R_hand,R_hip_roll_link,90.131484,0.000000,NO,PASS,NOMINAL RIGID LINK ENVELOPES; TOLERANCE/COVERS/CABLES/TRACKING ERROR OPEN,NO MOTION OR SAFETY CREDIT
P00_NEUTRAL_STAND,R_hand,R_hip_yaw_link,98.783836,0.000000,NO,PASS,NOMINAL RIGID LINK ENVELOPES; TOLERANCE/COVERS/CABLES/TRACKING ERROR OPEN,NO MOTION OR SAFETY CREDIT
P00_NEUTRAL_STAND,R_hand,R_shin,85.746304,0.000000,NO,PASS,NOMINAL RIGID LINK ENVELOPES; TOLERANCE/COVERS/CABLES/TRACKING ERROR OPEN,NO MOTION OR SAFETY CREDIT
P00_NEUTRAL_STAND,R_hand,R_shoulder_pitch_link,270.196000,0.000000,NO,PASS,NOMINAL RIGID LINK ENVELOPES; TOLERANCE/COVERS/CABLES/TRACKING ERROR OPEN,NO MOTION OR SAFETY CREDIT
P00_NEUTRAL_STAND,R_hand,R_thigh,17.554000,0.000000,NO,PASS,NOMINAL RIGID LINK ENVELOPES; TOLERANCE/COVERS/CABLES/TRACKING ERROR OPEN,NO MOTION OR SAFETY CREDIT
P00_NEUTRAL_STAND,R_hand,R_upper_arm,145.240000,0.000000,NO,PASS,NOMINAL RIGID LINK ENVELOPES; TOLERANCE/COVERS/CABLES/TRACKING ERROR OPEN,NO MOTION OR SAFETY CREDIT
P00_NEUTRAL_STAND,R_hand,base_link,82.396773,0.000000,NO,PASS,NOMINAL RIGID LINK ENVELOPES; TOLERANCE/COVERS/CABLES/TRACKING ERROR OPEN,NO MOTION OR SAFETY CREDIT
P00_NEUTRAL_STAND,R_hand,head,366.577834,0.000000,NO,PASS,NOMINAL RIGID LINK ENVELOPES; TOLERANCE/COVERS/CABLES/TRACKING ERROR OPEN,NO MOTION OR SAFETY CREDIT
P00_NEUTRAL_STAND,R_hand,neck_pan_link,328.491064,0.000000,NO,PASS,NOMINAL RIGID LINK ENVELOPES; TOLERANCE/COVERS/CABLES/TRACKING ERROR OPEN,NO MOTION OR SAFETY CREDIT
P00_NEUTRAL_STAND,R_hand,torso,167.708946,0.000000,NO,PASS,NOMINAL RIGID LINK ENVELOPES; TOLERANCE/COVERS/CABLES/TRACKING ERROR OPEN,NO MOTION OR SAFETY CREDIT
P00_NEUTRAL_STAND,R_hip_roll_link,R_shin,219.181000,0.000000,NO,PASS,NOMINAL RIGID LINK ENVELOPES; TOLERANCE/COVERS/CABLES/TRACKING ERROR OPEN,NO MOTION OR SAFETY CREDIT
P00_NEUTRAL_STAND,R_hip_roll_link,R_shoulder_pitch_link,143.887000,0.000000,NO,PASS,NOMINAL RIGID LINK ENVELOPES; TOLERANCE/COVERS/CABLES/TRACKING ERROR OPEN,NO MOTION OR SAFETY CREDIT
P00_NEUTRAL_STAND,R_hip_roll_link,R_upper_arm,18.931000,0.000000,NO,PASS,NOMINAL RIGID LINK ENVELOPES; TOLERANCE/COVERS/CABLES/TRACKING ERROR OPEN,NO MOTION OR SAFETY CREDIT
P00_NEUTRAL_STAND,R_hip_roll_link,head,237.929000,0.000000,NO,PASS,NOMINAL RIGID LINK ENVELOPES; TOLERANCE/COVERS/CABLES/TRACKING ERROR OPEN,NO MOTION OR SAFETY CREDIT
P00_NEUTRAL_STAND,R_hip_roll_link,neck_pan_link,189.606834,0.000000,NO,PASS,NOMINAL RIGID LINK ENVELOPES; TOLERANCE/COVERS/CABLES/TRACKING ERROR OPEN,NO MOTION OR SAFETY CREDIT
P00_NEUTRAL_STAND,R_hip_roll_link,torso,39.791000,0.000000,NO,PASS,NOMINAL RIGID LINK ENVELOPES; TOLERANCE/COVERS/CABLES/TRACKING ERROR OPEN,NO MOTION OR SAFETY CREDIT
P00_NEUTRAL_STAND,R_hip_yaw_link,R_shin,228.181000,0.000000,NO,PASS,NOMINAL RIGID LINK ENVELOPES; TOLERANCE/COVERS/CABLES/TRACKING ERROR OPEN,NO MOTION OR SAFETY CREDIT
P00_NEUTRAL_STAND,R_hip_yaw_link,R_shoulder_pitch_link,134.887000,0.000000,NO,PASS,NOMINAL RIGID LINK ENVELOPES; TOLERANCE/COVERS/CABLES/TRACKING ERROR OPEN,NO MOTION OR SAFETY CREDIT
P00_NEUTRAL_STAND,R_hip_yaw_link,R_upper_arm,9.931000,0.000000,NO,PASS,NOMINAL RIGID LINK ENVELOPES; TOLERANCE/COVERS/CABLES/TRACKING ERROR OPEN,NO MOTION OR SAFETY CREDIT
P00_NEUTRAL_STAND,R_hip_yaw_link,head,228.929000,0.000000,NO,PASS,NOMINAL RIGID LINK ENVELOPES; TOLERANCE/COVERS/CABLES/TRACKING ERROR OPEN,NO MOTION OR SAFETY CREDIT
P00_NEUTRAL_STAND,R_hip_yaw_link,neck_pan_link,180.609167,0.000000,NO,PASS,NOMINAL RIGID LINK ENVELOPES; TOLERANCE/COVERS/CABLES/TRACKING ERROR OPEN,NO MOTION OR SAFETY CREDIT
P00_NEUTRAL_STAND,R_hip_yaw_link,torso,30.791000,0.000000,NO,PASS,NOMINAL RIGID LINK ENVELOPES; TOLERANCE/COVERS/CABLES/TRACKING ERROR OPEN,NO MOTION OR SAFETY CREDIT
P00_NEUTRAL_STAND,R_shin,R_shoulder_pitch_link,403.068000,0.000000,NO,PASS,NOMINAL RIGID LINK ENVELOPES; TOLERANCE/COVERS/CABLES/TRACKING ERROR OPEN,NO MOTION OR SAFETY CREDIT
P00_NEUTRAL_STAND,R_shin,R_upper_arm,278.112000,0.000000,NO,PASS,NOMINAL RIGID LINK ENVELOPES; TOLERANCE/COVERS/CABLES/TRACKING ERROR OPEN,NO MOTION OR SAFETY CREDIT
P00_NEUTRAL_STAND,R_shin,base_link,205.884000,0.000000,NO,PASS,NOMINAL RIGID LINK ENVELOPES; TOLERANCE/COVERS/CABLES/TRACKING ERROR OPEN,NO MOTION OR SAFETY CREDIT
P00_NEUTRAL_STAND,R_shin,head,497.110000,0.000000,NO,PASS,NOMINAL RIGID LINK ENVELOPES; TOLERANCE/COVERS/CABLES/TRACKING ERROR OPEN,NO MOTION OR SAFETY CREDIT
P00_NEUTRAL_STAND,R_shin,neck_pan_link,448.741032,0.000000,NO,PASS,NOMINAL RIGID LINK ENVELOPES; TOLERANCE/COVERS/CABLES/TRACKING ERROR OPEN,NO MOTION OR SAFETY CREDIT
P00_NEUTRAL_STAND,R_shin,torso,298.972000,0.000000,NO,PASS,NOMINAL RIGID LINK ENVELOPES; TOLERANCE/COVERS/CABLES/TRACKING ERROR OPEN,NO MOTION OR SAFETY CREDIT
P00_NEUTRAL_STAND,R_shoulder_pitch_link,R_thigh,171.333000,0.000000,NO,PASS,NOMINAL RIGID LINK ENVELOPES; TOLERANCE/COVERS/CABLES/TRACKING ERROR OPEN,NO MOTION OR SAFETY CREDIT
P00_NEUTRAL_STAND,R_shoulder_pitch_link,base_link,127.256906,0.000000,NO,PASS,NOMINAL RIGID LINK ENVELOPES; TOLERANCE/COVERS/CABLES/TRACKING ERROR OPEN,NO MOTION OR SAFETY CREDIT
P00_NEUTRAL_STAND,R_shoulder_pitch_link,head,39.537647,0.000000,NO,PASS,NOMINAL RIGID LINK ENVELOPES; TOLERANCE/COVERS/CABLES/TRACKING ERROR OPEN,NO MOTION OR SAFETY CREDIT
P00_NEUTRAL_STAND,R_shoulder_pitch_link,neck_pan_link,56.301000,0.000000,NO,PASS,NOMINAL RIGID LINK ENVELOPES; TOLERANCE/COVERS/CABLES/TRACKING ERROR OPEN,NO MOTION OR SAFETY CREDIT
P00_NEUTRAL_STAND,R_thigh,R_upper_arm,46.377000,0.000000,NO,PASS,NOMINAL RIGID LINK ENVELOPES; TOLERANCE/COVERS/CABLES/TRACKING ERROR OPEN,NO MOTION OR SAFETY CREDIT
P00_NEUTRAL_STAND,R_thigh,head,265.375000,0.000000,NO,PASS,NOMINAL RIGID LINK ENVELOPES; TOLERANCE/COVERS/CABLES/TRACKING ERROR OPEN,NO MOTION OR SAFETY CREDIT
P00_NEUTRAL_STAND,R_thigh,neck_pan_link,217.006000,0.000000,NO,PASS,NOMINAL RIGID LINK ENVELOPES; TOLERANCE/COVERS/CABLES/TRACKING ERROR OPEN,NO MOTION OR SAFETY CREDIT
P00_NEUTRAL_STAND,R_thigh,torso,67.237000,0.000000,NO,PASS,NOMINAL RIGID LINK ENVELOPES; TOLERANCE/COVERS/CABLES/TRACKING ERROR OPEN,NO MOTION OR SAFETY CREDIT
P00_NEUTRAL_STAND,R_upper_arm,base_link,7.823996,0.000000,NO,PASS,NOMINAL RIGID LINK ENVELOPES; TOLERANCE/COVERS/CABLES/TRACKING ERROR OPEN,NO MOTION OR SAFETY CREDIT
P00_NEUTRAL_STAND,R_upper_arm,head,69.168037,0.000000,NO,PASS,NOMINAL RIGID LINK ENVELOPES; TOLERANCE/COVERS/CABLES/TRACKING ERROR OPEN,NO MOTION OR SAFETY CREDIT
P00_NEUTRAL_STAND,R_upper_arm,neck_pan_link,57.506440,0.000000,NO,PASS,NOMINAL RIGID LINK ENVELOPES; TOLERANCE/COVERS/CABLES/TRACKING ERROR OPEN,NO MOTION OR SAFETY CREDIT
P00_NEUTRAL_STAND,base_link,head,221.226000,0.000000,NO,PASS,NOMINAL RIGID LINK ENVELOPES; TOLERANCE/COVERS/CABLES/TRACKING ERROR OPEN,NO MOTION OR SAFETY CREDIT
P00_NEUTRAL_STAND,base_link,neck_pan_link,172.857000,0.000000,NO,PASS,NOMINAL RIGID LINK ENVELOPES; TOLERANCE/COVERS/CABLES/TRACKING ERROR OPEN,NO MOTION OR SAFETY CREDIT
P00_NEUTRAL_STAND,head,torso,43.138000,0.000000,NO,PASS,NOMINAL RIGID LINK ENVELOPES; TOLERANCE/COVERS/CABLES/TRACKING ERROR OPEN,NO MOTION OR SAFETY CREDIT
P01_CROUCHED_STAND,L_ankle_pitch_link,L_forearm,206.194290,0.000000,NO,PASS,NOMINAL RIGID LINK ENVELOPES; TOLERANCE/COVERS/CABLES/TRACKING ERROR OPEN,NO MOTION OR SAFETY CREDIT
P01_CROUCHED_STAND,L_ankle_pitch_link,L_gripper,126.003292,0.000000,NO,PASS,NOMINAL RIGID LINK ENVELOPES; TOLERANCE/COVERS/CABLES/TRACKING ERROR OPEN,NO MOTION OR SAFETY CREDIT
P01_CROUCHED_STAND,L_ankle_pitch_link,L_hand,159.097413,0.000000,NO,PASS,NOMINAL RIGID LINK ENVELOPES; TOLERANCE/COVERS/CABLES/TRACKING ERROR OPEN,NO MOTION OR SAFETY CREDIT
P01_CROUCHED_STAND,L_ankle_pitch_link,L_hip_roll_link,293.739803,0.000000,NO,PASS,NOMINAL RIGID LINK ENVELOPES; TOLERANCE/COVERS/CABLES/TRACKING ERROR OPEN,NO MOTION OR SAFETY CREDIT
P01_CROUCHED_STAND,L_ankle_pitch_link,L_hip_yaw_link,302.739803,0.000000,NO,PASS,NOMINAL RIGID LINK ENVELOPES; TOLERANCE/COVERS/CABLES/TRACKING ERROR OPEN,NO MOTION OR SAFETY CREDIT
P01_CROUCHED_STAND,L_ankle_pitch_link,L_shoulder_pitch_link,477.626803,0.000000,NO,PASS,NOMINAL RIGID LINK ENVELOPES; TOLERANCE/COVERS/CABLES/TRACKING ERROR OPEN,NO MOTION OR SAFETY CREDIT
P01_CROUCHED_STAND,L_ankle_pitch_link,L_thigh,163.258511,0.000000,NO,PASS,NOMINAL RIGID LINK ENVELOPES; TOLERANCE/COVERS/CABLES/TRACKING ERROR OPEN,NO MOTION OR SAFETY CREDIT
P01_CROUCHED_STAND,L_ankle_pitch_link,L_upper_arm,352.670803,0.000000,NO,PASS,NOMINAL RIGID LINK ENVELOPES; TOLERANCE/COVERS/CABLES/TRACKING ERROR OPEN,NO MOTION OR SAFETY CREDIT
P01_CROUCHED_STAND,L_ankle_pitch_link,R_ankle_pitch_link,59.000000,0.000000,NO,PASS,NOMINAL RIGID LINK ENVELOPES; TOLERANCE/COVERS/CABLES/TRACKING ERROR OPEN,NO MOTION OR SAFETY CREDIT
P01_CROUCHED_STAND,L_ankle_pitch_link,R_foot,47.000000,0.000000,NO,PASS,NOMINAL RIGID LINK ENVELOPES; TOLERANCE/COVERS/CABLES/TRACKING ERROR OPEN,NO MOTION OR SAFETY CREDIT
P01_CROUCHED_STAND,L_ankle_pitch_link,R_forearm,251.532816,0.000000,NO,PASS,NOMINAL RIGID LINK ENVELOPES; TOLERANCE/COVERS/CABLES/TRACKING ERROR OPEN,NO MOTION OR SAFETY CREDIT
P01_CROUCHED_STAND,L_ankle_pitch_link,R_gripper,199.064888,0.000000,NO,PASS,NOMINAL RIGID LINK ENVELOPES; TOLERANCE/COVERS/CABLES/TRACKING ERROR OPEN,NO MOTION OR SAFETY CREDIT
P01_CROUCHED_STAND,L_ankle_pitch_link,R_hand,216.054573,0.000000,NO,PASS,NOMINAL RIGID LINK ENVELOPES; TOLERANCE/COVERS/CABLES/TRACKING ERROR OPEN,NO MOTION OR SAFETY CREDIT
P01_CROUCHED_STAND,L_ankle_pitch_link,R_hip_roll_link,300.211712,0.000000,NO,PASS,NOMINAL RIGID LINK ENVELOPES; TOLERANCE/COVERS/CABLES/TRACKING ERROR OPEN,NO MOTION OR SAFETY CREDIT
P01_CROUCHED_STAND,L_ankle_pitch_link,R_hip_yaw_link,309.023281,0.000000,NO,PASS,NOMINAL RIGID LINK ENVELOPES; TOLERANCE/COVERS/CABLES/TRACKING ERROR OPEN,NO MOTION OR SAFETY CREDIT
P01_CROUCHED_STAND,L_ankle_pitch_link,R_shin,57.955000,0.000000,NO,PASS,NOMINAL RIGID LINK ENVELOPES; TOLERANCE/COVERS/CABLES/TRACKING ERROR OPEN,NO MOTION OR SAFETY CREDIT
P01_CROUCHED_STAND,L_ankle_pitch_link,R_shoulder_pitch_link,491.063342,0.000000,NO,PASS,NOMINAL RIGID LINK ENVELOPES; TOLERANCE/COVERS/CABLES/TRACKING ERROR OPEN,NO MOTION OR SAFETY CREDIT
P01_CROUCHED_STAND,L_ankle_pitch_link,R_thigh,172.731313,0.000000,NO,PASS,NOMINAL RIGID LINK ENVELOPES; TOLERANCE/COVERS/CABLES/TRACKING ERROR OPEN,NO MOTION OR SAFETY CREDIT
P01_CROUCHED_STAND,L_ankle_pitch_link,R_upper_arm,369.866383,0.000000,NO,PASS,NOMINAL RIGID LINK ENVELOPES; TOLERANCE/COVERS/CABLES/TRACKING ERROR OPEN,NO MOTION OR SAFETY CREDIT
P01_CROUCHED_STAND,L_ankle_pitch_link,base_link,280.442803,0.000000,NO,PASS,NOMINAL RIGID LINK ENVELOPES; TOLERANCE/COVERS/CABLES/TRACKING ERROR OPEN,NO MOTION OR SAFETY CREDIT
P01_CROUCHED_STAND,L_ankle_pitch_link,head,571.668803,0.000000,NO,PASS,NOMINAL RIGID LINK ENVELOPES; TOLERANCE/COVERS/CABLES/TRACKING ERROR OPEN,NO MOTION OR SAFETY CREDIT
P01_CROUCHED_STAND,L_ankle_pitch_link,neck_pan_link,523.313498,0.000000,NO,PASS,NOMINAL RIGID LINK ENVELOPES; TOLERANCE/COVERS/CABLES/TRACKING ERROR OPEN,NO MOTION OR SAFETY CREDIT
P01_CROUCHED_STAND,L_ankle_pitch_link,torso,373.530803,0.000000,NO,PASS,NOMINAL RIGID LINK ENVELOPES; TOLERANCE/COVERS/CABLES/TRACKING ERROR OPEN,NO MOTION OR SAFETY CREDIT
P01_CROUCHED_STAND,L_foot,L_forearm,247.634017,0.000000,NO,PASS,NOMINAL RIGID LINK ENVELOPES; TOLERANCE/COVERS/CABLES/TRACKING ERROR OPEN,NO MOTION OR SAFETY CREDIT
P01_CROUCHED_STAND,L_foot,L_gripper,165.030998,0.000000,NO,PASS,NOMINAL RIGID LINK ENVELOPES; TOLERANCE/COVERS/CABLES/TRACKING ERROR OPEN,NO MOTION OR SAFETY CREDIT
P01_CROUCHED_STAND,L_foot,L_hand,199.745156,0.000000,NO,PASS,NOMINAL RIGID LINK ENVELOPES; TOLERANCE/COVERS/CABLES/TRACKING ERROR OPEN,NO MOTION OR SAFETY CREDIT
P01_CROUCHED_STAND,L_foot,L_hip_roll_link,335.752803,0.000000,NO,PASS,NOMINAL RIGID LINK ENVELOPES; TOLERANCE/COVERS/CABLES/TRACKING ERROR OPEN,NO MOTION OR SAFETY CREDIT
P01_CROUCHED_STAND,L_foot,L_hip_yaw_link,344.752803,0.000000,NO,PASS,NOMINAL RIGID LINK ENVELOPES; TOLERANCE/COVERS/CABLES/TRACKING ERROR OPEN,NO MOTION OR SAFETY CREDIT
P01_CROUCHED_STAND,L_foot,L_shoulder_pitch_link,519.639803,0.000000,NO,PASS,NOMINAL RIGID LINK ENVELOPES; TOLERANCE/COVERS/CABLES/TRACKING ERROR OPEN,NO MOTION OR SAFETY CREDIT
P01_CROUCHED_STAND,L_foot,L_thigh,205.271511,0.000000,NO,PASS,NOMINAL RIGID LINK ENVELOPES; TOLERANCE/COVERS/CABLES/TRACKING ERROR OPEN,NO MOTION OR SAFETY CREDIT
P01_CROUCHED_STAND,L_foot,L_upper_arm,394.683803,0.000000,NO,PASS,NOMINAL RIGID LINK ENVELOPES; TOLERANCE/COVERS/CABLES/TRACKING ERROR OPEN,NO MOTION OR SAFETY CREDIT
P01_CROUCHED_STAND,L_foot,R_ankle_pitch_link,47.000000,0.000000,NO,PASS,NOMINAL RIGID LINK ENVELOPES; TOLERANCE/COVERS/CABLES/TRACKING ERROR OPEN,NO MOTION OR SAFETY CREDIT
P01_CROUCHED_STAND,L_foot,R_foot,35.000000,0.000000,NO,PASS,NOMINAL RIGID LINK ENVELOPES; TOLERANCE/COVERS/CABLES/TRACKING ERROR OPEN,NO MOTION OR SAFETY CREDIT
P01_CROUCHED_STAND,L_foot,R_forearm,281.024965,0.000000,NO,PASS,NOMINAL RIGID LINK ENVELOPES; TOLERANCE/COVERS/CABLES/TRACKING ERROR OPEN,NO MOTION OR SAFETY CREDIT
P01_CROUCHED_STAND,L_foot,R_gripper,219.055314,0.000000,NO,PASS,NOMINAL RIGID LINK ENVELOPES; TOLERANCE/COVERS/CABLES/TRACKING ERROR OPEN,NO MOTION OR SAFETY CREDIT
P01_CROUCHED_STAND,L_foot,R_hand,241.382831,0.000000,NO,PASS,NOMINAL RIGID LINK ENVELOPES; TOLERANCE/COVERS/CABLES/TRACKING ERROR OPEN,NO MOTION OR SAFETY CREDIT
P01_CROUCHED_STAND,L_foot,R_hip_roll_link,339.455365,0.000000,NO,PASS,NOMINAL RIGID LINK ENVELOPES; TOLERANCE/COVERS/CABLES/TRACKING ERROR OPEN,NO MOTION OR SAFETY CREDIT
P01_CROUCHED_STAND,L_foot,R_hip_yaw_link,348.359721,0.000000,NO,PASS,NOMINAL RIGID LINK ENVELOPES; TOLERANCE/COVERS/CABLES/TRACKING ERROR OPEN,NO MOTION OR SAFETY CREDIT
P01_CROUCHED_STAND,L_foot,R_shin,45.955000,0.000000,NO,PASS,NOMINAL RIGID LINK ENVELOPES; TOLERANCE/COVERS/CABLES/TRACKING ERROR OPEN,NO MOTION OR SAFETY CREDIT
P01_CROUCHED_STAND,L_foot,R_shoulder_pitch_link,529.572734,0.000000,NO,PASS,NOMINAL RIGID LINK ENVELOPES; TOLERANCE/COVERS/CABLES/TRACKING ERROR OPEN,NO MOTION OR SAFETY CREDIT
P01_CROUCHED_STAND,L_foot,R_thigh,210.021842,0.000000,NO,PASS,NOMINAL RIGID LINK ENVELOPES; TOLERANCE/COVERS/CABLES/TRACKING ERROR OPEN,NO MOTION OR SAFETY CREDIT
P01_CROUCHED_STAND,L_foot,R_upper_arm,407.024066,0.000000,NO,PASS,NOMINAL RIGID LINK ENVELOPES; TOLERANCE/COVERS/CABLES/TRACKING ERROR OPEN,NO MOTION OR SAFETY CREDIT
P01_CROUCHED_STAND,L_foot,base_link,322.455803,0.000000,NO,PASS,NOMINAL RIGID LINK ENVELOPES; TOLERANCE/COVERS/CABLES/TRACKING ERROR OPEN,NO MOTION OR SAFETY CREDIT
P01_CROUCHED_STAND,L_foot,head,613.681803,0.000000,NO,PASS,NOMINAL RIGID LINK ENVELOPES; TOLERANCE/COVERS/CABLES/TRACKING ERROR OPEN,NO MOTION OR SAFETY CREDIT
P01_CROUCHED_STAND,L_foot,neck_pan_link,565.312803,0.000000,NO,PASS,NOMINAL RIGID LINK ENVELOPES; TOLERANCE/COVERS/CABLES/TRACKING ERROR OPEN,NO MOTION OR SAFETY CREDIT
P01_CROUCHED_STAND,L_foot,torso,415.543803,0.000000,NO,PASS,NOMINAL RIGID LINK ENVELOPES; TOLERANCE/COVERS/CABLES/TRACKING ERROR OPEN,NO MOTION OR SAFETY CREDIT
P01_CROUCHED_STAND,L_forearm,L_gripper,24.853000,0.000000,NO,PASS,NOMINAL RIGID LINK ENVELOPES; TOLERANCE/COVERS/CABLES/TRACKING ERROR OPEN,NO MOTION OR SAFETY CREDIT
P01_CROUCHED_STAND,L_forearm,L_hip_roll_link,18.738000,0.000000,NO,PASS,NOMINAL RIGID LINK ENVELOPES; TOLERANCE/COVERS/CABLES/TRACKING ERROR OPEN,NO MOTION OR SAFETY CREDIT
P01_CROUCHED_STAND,L_forearm,L_hip_yaw_link,18.738000,0.000000,NO,PASS,NOMINAL RIGID LINK ENVELOPES; TOLERANCE/COVERS/CABLES/TRACKING ERROR OPEN,NO MOTION OR SAFETY CREDIT
P01_CROUCHED_STAND,L_forearm,L_shin,125.510857,0.000000,NO,PASS,NOMINAL RIGID LINK ENVELOPES; TOLERANCE/COVERS/CABLES/TRACKING ERROR OPEN,NO MOTION OR SAFETY CREDIT
P01_CROUCHED_STAND,L_forearm,L_shoulder_pitch_link,127.034000,0.000000,NO,PASS,NOMINAL RIGID LINK ENVELOPES; TOLERANCE/COVERS/CABLES/TRACKING ERROR OPEN,NO MOTION OR SAFETY CREDIT
P01_CROUCHED_STAND,L_forearm,L_thigh,13.154000,0.000000,NO,PASS,NOMINAL RIGID LINK ENVELOPES; TOLERANCE/COVERS/CABLES/TRACKING ERROR OPEN,NO MOTION OR SAFETY CREDIT
P01_CROUCHED_STAND,L_forearm,R_ankle_pitch_link,249.149724,0.000000,NO,PASS,NOMINAL RIGID LINK ENVELOPES; TOLERANCE/COVERS/CABLES/TRACKING ERROR OPEN,NO MOTION OR SAFETY CREDIT
P01_CROUCHED_STAND,L_forearm,R_foot,279.073657,0.000000,NO,PASS,NOMINAL RIGID LINK ENVELOPES; TOLERANCE/COVERS/CABLES/TRACKING ERROR OPEN,NO MOTION OR SAFETY CREDIT
P01_CROUCHED_STAND,L_forearm,R_forearm,226.653000,0.000000,NO,PASS,NOMINAL RIGID LINK ENVELOPES; TOLERANCE/COVERS/CABLES/TRACKING ERROR OPEN,NO MOTION OR SAFETY CREDIT
P01_CROUCHED_STAND,L_forearm,R_gripper,240.525450,0.000000,NO,PASS,NOMINAL RIGID LINK ENVELOPES; TOLERANCE/COVERS/CABLES/TRACKING ERROR OPEN,NO MOTION OR SAFETY CREDIT
P01_CROUCHED_STAND,L_forearm,R_hand,229.708000,0.000000,NO,PASS,NOMINAL RIGID LINK ENVELOPES; TOLERANCE/COVERS/CABLES/TRACKING ERROR OPEN,NO MOTION OR SAFETY CREDIT
P01_CROUCHED_STAND,L_forearm,R_hip_roll_link,143.738000,0.000000,NO,PASS,NOMINAL RIGID LINK ENVELOPES; TOLERANCE/COVERS/CABLES/TRACKING ERROR OPEN,NO MOTION OR SAFETY CREDIT
P01_CROUCHED_STAND,L_forearm,R_hip_yaw_link,143.738000,0.000000,NO,PASS,NOMINAL RIGID LINK ENVELOPES; TOLERANCE/COVERS/CABLES/TRACKING ERROR OPEN,NO MOTION OR SAFETY CREDIT
P01_CROUCHED_STAND,L_forearm,R_shin,187.219724,0.000000,NO,PASS,NOMINAL RIGID LINK ENVELOPES; TOLERANCE/COVERS/CABLES/TRACKING ERROR OPEN,NO MOTION OR SAFETY CREDIT
P01_CROUCHED_STAND,L_forearm,R_shoulder_pitch_link,233.420367,0.000000,NO,PASS,NOMINAL RIGID LINK ENVELOPES; TOLERANCE/COVERS/CABLES/TRACKING ERROR OPEN,NO MOTION OR SAFETY CREDIT
P01_CROUCHED_STAND,L_forearm,R_thigh,138.154000,0.000000,NO,PASS,NOMINAL RIGID LINK ENVELOPES; TOLERANCE/COVERS/CABLES/TRACKING ERROR OPEN,NO MOTION OR SAFETY CREDIT
P01_CROUCHED_STAND,L_forearm,R_upper_arm,193.214174,0.000000,NO,PASS,NOMINAL RIGID LINK ENVELOPES; TOLERANCE/COVERS/CABLES/TRACKING ERROR OPEN,NO MOTION OR SAFETY CREDIT
P01_CROUCHED_STAND,L_forearm,base_link,36.518000,0.000000,NO,PASS,NOMINAL RIGID LINK ENVELOPES; TOLERANCE/COVERS/CABLES/TRACKING ERROR OPEN,NO MOTION OR SAFETY CREDIT
P01_CROUCHED_STAND,L_forearm,head,224.378654,0.000000,NO,PASS,NOMINAL RIGID LINK ENVELOPES; TOLERANCE/COVERS/CABLES/TRACKING ERROR OPEN,NO MOTION OR SAFETY CREDIT
P01_CROUCHED_STAND,L_forearm,neck_pan_link,192.722760,0.000000,NO,PASS,NOMINAL RIGID LINK ENVELOPES; TOLERANCE/COVERS/CABLES/TRACKING ERROR OPEN,NO MOTION OR SAFETY CREDIT
P01_CROUCHED_STAND,L_forearm,torso,33.108712,0.000000,NO,PASS,NOMINAL RIGID LINK ENVELOPES; TOLERANCE/COVERS/CABLES/TRACKING ERROR OPEN,NO MOTION OR SAFETY CREDIT
P01_CROUCHED_STAND,L_gripper,L_hip_roll_link,118.445135,0.000000,NO,PASS,NOMINAL RIGID LINK ENVELOPES; TOLERANCE/COVERS/CABLES/TRACKING ERROR OPEN,NO MOTION OR SAFETY CREDIT
P01_CROUCHED_STAND,L_gripper,L_hip_yaw_link,127.060025,0.000000,NO,PASS,NOMINAL RIGID LINK ENVELOPES; TOLERANCE/COVERS/CABLES/TRACKING ERROR OPEN,NO MOTION OR SAFETY CREDIT
P01_CROUCHED_STAND,L_gripper,L_shin,51.513476,0.000000,NO,PASS,NOMINAL RIGID LINK ENVELOPES; TOLERANCE/COVERS/CABLES/TRACKING ERROR OPEN,NO MOTION OR SAFETY CREDIT
P01_CROUCHED_STAND,L_gripper,L_shoulder_pitch_link,296.898271,0.000000,NO,PASS,NOMINAL RIGID LINK ENVELOPES; TOLERANCE/COVERS/CABLES/TRACKING ERROR OPEN,NO MOTION OR SAFETY CREDIT
P01_CROUCHED_STAND,L_gripper,L_thigh,29.916000,0.000000,NO,PASS,NOMINAL RIGID LINK ENVELOPES; TOLERANCE/COVERS/CABLES/TRACKING ERROR OPEN,NO MOTION OR SAFETY CREDIT
P01_CROUCHED_STAND,L_gripper,L_upper_arm,171.931000,0.000000,NO,PASS,NOMINAL RIGID LINK ENVELOPES; TOLERANCE/COVERS/CABLES/TRACKING ERROR OPEN,NO MOTION OR SAFETY CREDIT
P01_CROUCHED_STAND,L_gripper,R_ankle_pitch_link,199.064888,0.000000,NO,PASS,NOMINAL RIGID LINK ENVELOPES; TOLERANCE/COVERS/CABLES/TRACKING ERROR OPEN,NO MOTION OR SAFETY CREDIT
P01_CROUCHED_STAND,L_gripper,R_foot,219.055314,0.000000,NO,PASS,NOMINAL RIGID LINK ENVELOPES; TOLERANCE/COVERS/CABLES/TRACKING ERROR OPEN,NO MOTION OR SAFETY CREDIT
P01_CROUCHED_STAND,L_gripper,R_forearm,244.680473,0.000000,NO,PASS,NOMINAL RIGID LINK ENVELOPES; TOLERANCE/COVERS/CABLES/TRACKING ERROR OPEN,NO MOTION OR SAFETY CREDIT
P01_CROUCHED_STAND,L_gripper,R_gripper,256.000000,0.000000,NO,PASS,NOMINAL RIGID LINK ENVELOPES; TOLERANCE/COVERS/CABLES/TRACKING ERROR OPEN,NO MOTION OR SAFETY CREDIT
P01_CROUCHED_STAND,L_gripper,R_hand,246.470000,0.000000,NO,PASS,NOMINAL RIGID LINK ENVELOPES; TOLERANCE/COVERS/CABLES/TRACKING ERROR OPEN,NO MOTION OR SAFETY CREDIT
P01_CROUCHED_STAND,L_gripper,R_hip_roll_link,196.288690,0.000000,NO,PASS,NOMINAL RIGID LINK ENVELOPES; TOLERANCE/COVERS/CABLES/TRACKING ERROR OPEN,NO MOTION OR SAFETY CREDIT
P01_CROUCHED_STAND,L_gripper,R_hip_yaw_link,201.604191,0.000000,NO,PASS,NOMINAL RIGID LINK ENVELOPES; TOLERANCE/COVERS/CABLES/TRACKING ERROR OPEN,NO MOTION OR SAFETY CREDIT
P01_CROUCHED_STAND,L_gripper,R_shin,161.686079,0.000000,NO,PASS,NOMINAL RIGID LINK ENVELOPES; TOLERANCE/COVERS/CABLES/TRACKING ERROR OPEN,NO MOTION OR SAFETY CREDIT
P01_CROUCHED_STAND,L_gripper,R_shoulder_pitch_link,365.150822,0.000000,NO,PASS,NOMINAL RIGID LINK ENVELOPES; TOLERANCE/COVERS/CABLES/TRACKING ERROR OPEN,NO MOTION OR SAFETY CREDIT
P01_CROUCHED_STAND,L_gripper,R_thigh,154.916000,0.000000,NO,PASS,NOMINAL RIGID LINK ENVELOPES; TOLERANCE/COVERS/CABLES/TRACKING ERROR OPEN,NO MOTION OR SAFETY CREDIT
P01_CROUCHED_STAND,L_gripper,R_upper_arm,271.377173,0.000000,NO,PASS,NOMINAL RIGID LINK ENVELOPES; TOLERANCE/COVERS/CABLES/TRACKING ERROR OPEN,NO MOTION OR SAFETY CREDIT
P01_CROUCHED_STAND,L_gripper,base_link,113.046214,0.000000,NO,PASS,NOMINAL RIGID LINK ENVELOPES; TOLERANCE/COVERS/CABLES/TRACKING ERROR OPEN,NO MOTION OR SAFETY CREDIT
P01_CROUCHED_STAND,L_gripper,head,394.795487,0.000000,NO,PASS,NOMINAL RIGID LINK ENVELOPES; TOLERANCE/COVERS/CABLES/TRACKING ERROR OPEN,NO MOTION OR SAFETY CREDIT
P01_CROUCHED_STAND,L_gripper,neck_pan_link,357.504936,0.000000,NO,PASS,NOMINAL RIGID LINK ENVELOPES; TOLERANCE/COVERS/CABLES/TRACKING ERROR OPEN,NO MOTION OR SAFETY CREDIT
P01_CROUCHED_STAND,L_gripper,torso,195.644899,0.000000,NO,PASS,NOMINAL RIGID LINK ENVELOPES; TOLERANCE/COVERS/CABLES/TRACKING ERROR OPEN,NO MOTION OR SAFETY CREDIT
P01_CROUCHED_STAND,L_hand,L_hip_roll_link,90.130907,0.000000,NO,PASS,NOMINAL RIGID LINK ENVELOPES; TOLERANCE/COVERS/CABLES/TRACKING ERROR OPEN,NO MOTION OR SAFETY CREDIT
P01_CROUCHED_STAND,L_hand,L_hip_yaw_link,98.783311,0.000000,NO,PASS,NOMINAL RIGID LINK ENVELOPES; TOLERANCE/COVERS/CABLES/TRACKING ERROR OPEN,NO MOTION OR SAFETY CREDIT
P01_CROUCHED_STAND,L_hand,L_shin,79.565733,0.000000,NO,PASS,NOMINAL RIGID LINK ENVELOPES; TOLERANCE/COVERS/CABLES/TRACKING ERROR OPEN,NO MOTION OR SAFETY CREDIT
P01_CROUCHED_STAND,L_hand,L_shoulder_pitch_link,270.196000,0.000000,NO,PASS,NOMINAL RIGID LINK ENVELOPES; TOLERANCE/COVERS/CABLES/TRACKING ERROR OPEN,NO MOTION OR SAFETY CREDIT
P01_CROUCHED_STAND,L_hand,L_thigh,20.384000,0.000000,NO,PASS,NOMINAL RIGID LINK ENVELOPES; TOLERANCE/COVERS/CABLES/TRACKING ERROR OPEN,NO MOTION OR SAFETY CREDIT
P01_CROUCHED_STAND,L_hand,L_upper_arm,145.240000,0.000000,NO,PASS,NOMINAL RIGID LINK ENVELOPES; TOLERANCE/COVERS/CABLES/TRACKING ERROR OPEN,NO MOTION OR SAFETY CREDIT
P01_CROUCHED_STAND,L_hand,R_ankle_pitch_link,216.053203,0.000000,NO,PASS,NOMINAL RIGID LINK ENVELOPES; TOLERANCE/COVERS/CABLES/TRACKING ERROR OPEN,NO MOTION OR SAFETY CREDIT
P01_CROUCHED_STAND,L_hand,R_foot,241.381705,0.000000,NO,PASS,NOMINAL RIGID LINK ENVELOPES; TOLERANCE/COVERS/CABLES/TRACKING ERROR OPEN,NO MOTION OR SAFETY CREDIT
P01_CROUCHED_STAND,L_hand,R_forearm,233.883000,0.000000,NO,PASS,NOMINAL RIGID LINK ENVELOPES; TOLERANCE/COVERS/CABLES/TRACKING ERROR OPEN,NO MOTION OR SAFETY CREDIT
P01_CROUCHED_STAND,L_hand,R_gripper,246.468000,0.000000,NO,PASS,NOMINAL RIGID LINK ENVELOPES; TOLERANCE/COVERS/CABLES/TRACKING ERROR OPEN,NO MOTION OR SAFETY CREDIT
P01_CROUCHED_STAND,L_hand,R_hand,236.938000,0.000000,NO,PASS,NOMINAL RIGID LINK ENVELOPES; TOLERANCE/COVERS/CABLES/TRACKING ERROR OPEN,NO MOTION OR SAFETY CREDIT
P01_CROUCHED_STAND,L_hand,R_hip_roll_link,173.898190,0.000000,NO,PASS,NOMINAL RIGID LINK ENVELOPES; TOLERANCE/COVERS/CABLES/TRACKING ERROR OPEN,NO MOTION OR SAFETY CREDIT
P01_CROUCHED_STAND,L_hand,R_hip_yaw_link,178.536110,0.000000,NO,PASS,NOMINAL RIGID LINK ENVELOPES; TOLERANCE/COVERS/CABLES/TRACKING ERROR OPEN,NO MOTION OR SAFETY CREDIT
P01_CROUCHED_STAND,L_hand,R_shin,165.639536,0.000000,NO,PASS,NOMINAL RIGID LINK ENVELOPES; TOLERANCE/COVERS/CABLES/TRACKING ERROR OPEN,NO MOTION OR SAFETY CREDIT
P01_CROUCHED_STAND,L_hand,R_shoulder_pitch_link,337.989957,0.000000,NO,PASS,NOMINAL RIGID LINK ENVELOPES; TOLERANCE/COVERS/CABLES/TRACKING ERROR OPEN,NO MOTION OR SAFETY CREDIT
P01_CROUCHED_STAND,L_hand,R_thigh,145.384000,0.000000,NO,PASS,NOMINAL RIGID LINK ENVELOPES; TOLERANCE/COVERS/CABLES/TRACKING ERROR OPEN,NO MOTION OR SAFETY CREDIT
P01_CROUCHED_STAND,L_hand,R_upper_arm,247.523827,0.000000,NO,PASS,NOMINAL RIGID LINK ENVELOPES; TOLERANCE/COVERS/CABLES/TRACKING ERROR OPEN,NO MOTION OR SAFETY CREDIT
P01_CROUCHED_STAND,L_hand,base_link,85.115449,0.000000,NO,PASS,NOMINAL RIGID LINK ENVELOPES; TOLERANCE/COVERS/CABLES/TRACKING ERROR OPEN,NO MOTION OR SAFETY CREDIT
P01_CROUCHED_STAND,L_hand,head,367.079561,0.000000,NO,PASS,NOMINAL RIGID LINK ENVELOPES; TOLERANCE/COVERS/CABLES/TRACKING ERROR OPEN,NO MOTION OR SAFETY CREDIT
P01_CROUCHED_STAND,L_hand,neck_pan_link,329.205907,0.000000,NO,PASS,NOMINAL RIGID LINK ENVELOPES; TOLERANCE/COVERS/CABLES/TRACKING ERROR OPEN,NO MOTION OR SAFETY CREDIT
P01_CROUCHED_STAND,L_hand,torso,167.791210,0.000000,NO,PASS,NOMINAL RIGID LINK ENVELOPES; TOLERANCE/COVERS/CABLES/TRACKING ERROR OPEN,NO MOTION OR SAFETY CREDIT
P01_CROUCHED_STAND,L_hip_roll_link,L_shin,212.794868,0.000000,NO,PASS,NOMINAL RIGID LINK ENVELOPES; TOLERANCE/COVERS/CABLES/TRACKING ERROR OPEN,NO MOTION OR SAFETY CREDIT
P01_CROUCHED_STAND,L_hip_roll_link,L_shoulder_pitch_link,143.887000,0.000000,NO,PASS,NOMINAL RIGID LINK ENVELOPES; TOLERANCE/COVERS/CABLES/TRACKING ERROR OPEN,NO MOTION OR SAFETY CREDIT
P01_CROUCHED_STAND,L_hip_roll_link,L_upper_arm,18.953486,0.000000,NO,PASS,NOMINAL RIGID LINK ENVELOPES; TOLERANCE/COVERS/CABLES/TRACKING ERROR OPEN,NO MOTION OR SAFETY CREDIT
P01_CROUCHED_STAND,L_hip_roll_link,R_ankle_pitch_link,300.211712,0.000000,NO,PASS,NOMINAL RIGID LINK ENVELOPES; TOLERANCE/COVERS/CABLES/TRACKING ERROR OPEN,NO MOTION OR SAFETY CREDIT
P01_CROUCHED_STAND,L_hip_roll_link,R_foot,339.455365,0.000000,NO,PASS,NOMINAL RIGID LINK ENVELOPES; TOLERANCE/COVERS/CABLES/TRACKING ERROR OPEN,NO MOTION OR SAFETY CREDIT
P01_CROUCHED_STAND,L_hip_roll_link,R_forearm,147.915000,0.000000,NO,PASS,NOMINAL RIGID LINK ENVELOPES; TOLERANCE/COVERS/CABLES/TRACKING ERROR OPEN,NO MOTION OR SAFETY CREDIT
P01_CROUCHED_STAND,L_hip_roll_link,R_gripper,196.288690,0.000000,NO,PASS,NOMINAL RIGID LINK ENVELOPES; TOLERANCE/COVERS/CABLES/TRACKING ERROR OPEN,NO MOTION OR SAFETY CREDIT
P01_CROUCHED_STAND,L_hip_roll_link,R_hand,173.899926,0.000000,NO,PASS,NOMINAL RIGID LINK ENVELOPES; TOLERANCE/COVERS/CABLES/TRACKING ERROR OPEN,NO MOTION OR SAFETY CREDIT
P01_CROUCHED_STAND,L_hip_roll_link,R_hip_roll_link,65.000000,0.000000,NO,PASS,NOMINAL RIGID LINK ENVELOPES; TOLERANCE/COVERS/CABLES/TRACKING ERROR OPEN,NO MOTION OR SAFETY CREDIT
P01_CROUCHED_STAND,L_hip_roll_link,R_hip_yaw_link,65.000000,0.000000,NO,PASS,NOMINAL RIGID LINK ENVELOPES; TOLERANCE/COVERS/CABLES/TRACKING ERROR OPEN,NO MOTION OR SAFETY CREDIT
P01_CROUCHED_STAND,L_hip_roll_link,R_shin,221.353039,0.000000,NO,PASS,NOMINAL RIGID LINK ENVELOPES; TOLERANCE/COVERS/CABLES/TRACKING ERROR OPEN,NO MOTION OR SAFETY CREDIT
P01_CROUCHED_STAND,L_hip_roll_link,R_shoulder_pitch_link,185.506965,0.000000,NO,PASS,NOMINAL RIGID LINK ENVELOPES; TOLERANCE/COVERS/CABLES/TRACKING ERROR OPEN,NO MOTION OR SAFETY CREDIT
P01_CROUCHED_STAND,L_hip_roll_link,R_thigh,59.416000,0.000000,NO,PASS,NOMINAL RIGID LINK ENVELOPES; TOLERANCE/COVERS/CABLES/TRACKING ERROR OPEN,NO MOTION OR SAFETY CREDIT
P01_CROUCHED_STAND,L_hip_roll_link,R_upper_arm,116.019907,0.000000,NO,PASS,NOMINAL RIGID LINK ENVELOPES; TOLERANCE/COVERS/CABLES/TRACKING ERROR OPEN,NO MOTION OR SAFETY CREDIT
P01_CROUCHED_STAND,L_hip_roll_link,head,237.929000,0.000000,NO,PASS,NOMINAL RIGID LINK ENVELOPES; TOLERANCE/COVERS/CABLES/TRACKING ERROR OPEN,NO MOTION OR SAFETY CREDIT
P01_CROUCHED_STAND,L_hip_roll_link,neck_pan_link,189.681426,0.000000,NO,PASS,NOMINAL RIGID LINK ENVELOPES; TOLERANCE/COVERS/CABLES/TRACKING ERROR OPEN,NO MOTION OR SAFETY CREDIT
P01_CROUCHED_STAND,L_hip_roll_link,torso,39.791000,0.000000,NO,PASS,NOMINAL RIGID LINK ENVELOPES; TOLERANCE/COVERS/CABLES/TRACKING ERROR OPEN,NO MOTION OR SAFETY CREDIT
P01_CROUCHED_STAND,L_hip_yaw_link,L_shin,221.794868,0.000000,NO,PASS,NOMINAL RIGID LINK ENVELOPES; TOLERANCE/COVERS/CABLES/TRACKING ERROR OPEN,NO MOTION OR SAFETY CREDIT
P01_CROUCHED_STAND,L_hip_yaw_link,L_shoulder_pitch_link,134.887000,0.000000,NO,PASS,NOMINAL RIGID LINK ENVELOPES; TOLERANCE/COVERS/CABLES/TRACKING ERROR OPEN,NO MOTION OR SAFETY CREDIT
P01_CROUCHED_STAND,L_hip_yaw_link,L_upper_arm,9.964049,0.000000,NO,PASS,NOMINAL RIGID LINK ENVELOPES; TOLERANCE/COVERS/CABLES/TRACKING ERROR OPEN,NO MOTION OR SAFETY CREDIT
P01_CROUCHED_STAND,L_hip_yaw_link,R_ankle_pitch_link,309.023281,0.000000,NO,PASS,NOMINAL RIGID LINK ENVELOPES; TOLERANCE/COVERS/CABLES/TRACKING ERROR OPEN,NO MOTION OR SAFETY CREDIT
P01_CROUCHED_STAND,L_hip_yaw_link,R_foot,348.359721,0.000000,NO,PASS,NOMINAL RIGID LINK ENVELOPES; TOLERANCE/COVERS/CABLES/TRACKING ERROR OPEN,NO MOTION OR SAFETY CREDIT
P01_CROUCHED_STAND,L_hip_yaw_link,R_forearm,147.915000,0.000000,NO,PASS,NOMINAL RIGID LINK ENVELOPES; TOLERANCE/COVERS/CABLES/TRACKING ERROR OPEN,NO MOTION OR SAFETY CREDIT
P01_CROUCHED_STAND,L_hip_yaw_link,R_gripper,201.604191,0.000000,NO,PASS,NOMINAL RIGID LINK ENVELOPES; TOLERANCE/COVERS/CABLES/TRACKING ERROR OPEN,NO MOTION OR SAFETY CREDIT
P01_CROUCHED_STAND,L_hip_yaw_link,R_hand,178.537801,0.000000,NO,PASS,NOMINAL RIGID LINK ENVELOPES; TOLERANCE/COVERS/CABLES/TRACKING ERROR OPEN,NO MOTION OR SAFETY CREDIT
P01_CROUCHED_STAND,L_hip_yaw_link,R_hip_roll_link,65.000000,0.000000,NO,PASS,NOMINAL RIGID LINK ENVELOPES; TOLERANCE/COVERS/CABLES/TRACKING ERROR OPEN,NO MOTION OR SAFETY CREDIT
P01_CROUCHED_STAND,L_hip_yaw_link,R_hip_yaw_link,65.000000,0.000000,NO,PASS,NOMINAL RIGID LINK ENVELOPES; TOLERANCE/COVERS/CABLES/TRACKING ERROR OPEN,NO MOTION OR SAFETY CREDIT
P01_CROUCHED_STAND,L_hip_yaw_link,R_shin,230.018424,0.000000,NO,PASS,NOMINAL RIGID LINK ENVELOPES; TOLERANCE/COVERS/CABLES/TRACKING ERROR OPEN,NO MOTION OR SAFETY CREDIT
P01_CROUCHED_STAND,L_hip_yaw_link,R_shoulder_pitch_link,178.616540,0.000000,NO,PASS,NOMINAL RIGID LINK ENVELOPES; TOLERANCE/COVERS/CABLES/TRACKING ERROR OPEN,NO MOTION OR SAFETY CREDIT
P01_CROUCHED_STAND,L_hip_yaw_link,R_thigh,59.416000,0.000000,NO,PASS,NOMINAL RIGID LINK ENVELOPES; TOLERANCE/COVERS/CABLES/TRACKING ERROR OPEN,NO MOTION OR SAFETY CREDIT
P01_CROUCHED_STAND,L_hip_yaw_link,R_upper_arm,114.895000,0.000000,NO,PASS,NOMINAL RIGID LINK ENVELOPES; TOLERANCE/COVERS/CABLES/TRACKING ERROR OPEN,NO MOTION OR SAFETY CREDIT
P01_CROUCHED_STAND,L_hip_yaw_link,head,228.929000,0.000000,NO,PASS,NOMINAL RIGID LINK ENVELOPES; TOLERANCE/COVERS/CABLES/TRACKING ERROR OPEN,NO MOTION OR SAFETY CREDIT
P01_CROUCHED_STAND,L_hip_yaw_link,neck_pan_link,180.687474,0.000000,NO,PASS,NOMINAL RIGID LINK ENVELOPES; TOLERANCE/COVERS/CABLES/TRACKING ERROR OPEN,NO MOTION OR SAFETY CREDIT
P01_CROUCHED_STAND,L_hip_yaw_link,torso,30.791000,0.000000,NO,PASS,NOMINAL RIGID LINK ENVELOPES; TOLERANCE/COVERS/CABLES/TRACKING ERROR OPEN,NO MOTION OR SAFETY CREDIT
P01_CROUCHED_STAND,L_shin,L_shoulder_pitch_link,396.681868,0.000000,NO,PASS,NOMINAL RIGID LINK ENVELOPES; TOLERANCE/COVERS/CABLES/TRACKING ERROR OPEN,NO MOTION OR SAFETY CREDIT
P01_CROUCHED_STAND,L_shin,L_upper_arm,271.725868,0.000000,NO,PASS,NOMINAL RIGID LINK ENVELOPES; TOLERANCE/COVERS/CABLES/TRACKING ERROR OPEN,NO MOTION OR SAFETY CREDIT
P01_CROUCHED_STAND,L_shin,R_ankle_pitch_link,58.045000,0.000000,NO,PASS,NOMINAL RIGID LINK ENVELOPES; TOLERANCE/COVERS/CABLES/TRACKING ERROR OPEN,NO MOTION OR SAFETY CREDIT
P01_CROUCHED_STAND,L_shin,R_foot,46.045000,0.000000,NO,PASS,NOMINAL RIGID LINK ENVELOPES; TOLERANCE/COVERS/CABLES/TRACKING ERROR OPEN,NO MOTION OR SAFETY CREDIT
P01_CROUCHED_STAND,L_shin,R_forearm,190.424716,0.000000,NO,PASS,NOMINAL RIGID LINK ENVELOPES; TOLERANCE/COVERS/CABLES/TRACKING ERROR OPEN,NO MOTION OR SAFETY CREDIT
P01_CROUCHED_STAND,L_shin,R_gripper,161.773169,0.000000,NO,PASS,NOMINAL RIGID LINK ENVELOPES; TOLERANCE/COVERS/CABLES/TRACKING ERROR OPEN,NO MOTION OR SAFETY CREDIT
P01_CROUCHED_STAND,L_shin,R_hand,165.721146,0.000000,NO,PASS,NOMINAL RIGID LINK ENVELOPES; TOLERANCE/COVERS/CABLES/TRACKING ERROR OPEN,NO MOTION OR SAFETY CREDIT
P01_CROUCHED_STAND,L_shin,R_hip_roll_link,221.377839,0.000000,NO,PASS,NOMINAL RIGID LINK ENVELOPES; TOLERANCE/COVERS/CABLES/TRACKING ERROR OPEN,NO MOTION OR SAFETY CREDIT
P01_CROUCHED_STAND,L_shin,R_hip_yaw_link,230.042290,0.000000,NO,PASS,NOMINAL RIGID LINK ENVELOPES; TOLERANCE/COVERS/CABLES/TRACKING ERROR OPEN,NO MOTION OR SAFETY CREDIT
P01_CROUCHED_STAND,L_shin,R_shin,57.000000,0.000000,NO,PASS,NOMINAL RIGID LINK ENVELOPES; TOLERANCE/COVERS/CABLES/TRACKING ERROR OPEN,NO MOTION OR SAFETY CREDIT
P01_CROUCHED_STAND,L_shin,R_shoulder_pitch_link,412.498913,0.000000,NO,PASS,NOMINAL RIGID LINK ENVELOPES; TOLERANCE/COVERS/CABLES/TRACKING ERROR OPEN,NO MOTION OR SAFETY CREDIT
P01_CROUCHED_STAND,L_shin,R_thigh,99.254457,0.000000,NO,PASS,NOMINAL RIGID LINK ENVELOPES; TOLERANCE/COVERS/CABLES/TRACKING ERROR OPEN,NO MOTION OR SAFETY CREDIT
P01_CROUCHED_STAND,L_shin,R_upper_arm,293.338384,0.000000,NO,PASS,NOMINAL RIGID LINK ENVELOPES; TOLERANCE/COVERS/CABLES/TRACKING ERROR OPEN,NO MOTION OR SAFETY CREDIT
P01_CROUCHED_STAND,L_shin,base_link,199.497868,0.000000,NO,PASS,NOMINAL RIGID LINK ENVELOPES; TOLERANCE/COVERS/CABLES/TRACKING ERROR OPEN,NO MOTION OR SAFETY CREDIT
P01_CROUCHED_STAND,L_shin,head,490.723868,0.000000,NO,PASS,NOMINAL RIGID LINK ENVELOPES; TOLERANCE/COVERS/CABLES/TRACKING ERROR OPEN,NO MOTION OR SAFETY CREDIT
P01_CROUCHED_STAND,L_shin,neck_pan_link,442.363927,0.000000,NO,PASS,NOMINAL RIGID LINK ENVELOPES; TOLERANCE/COVERS/CABLES/TRACKING ERROR OPEN,NO MOTION OR SAFETY CREDIT
P01_CROUCHED_STAND,L_shin,torso,292.585868,0.000000,NO,PASS,NOMINAL RIGID LINK ENVELOPES; TOLERANCE/COVERS/CABLES/TRACKING ERROR OPEN,NO MOTION OR SAFETY CREDIT
P01_CROUCHED_STAND,L_shoulder_pitch_link,L_thigh,166.965783,0.000000,NO,PASS,NOMINAL RIGID LINK ENVELOPES; TOLERANCE/COVERS/CABLES/TRACKING ERROR OPEN,NO MOTION OR SAFETY CREDIT
P01_CROUCHED_STAND,L_shoulder_pitch_link,R_ankle_pitch_link,491.255901,0.000000,NO,PASS,NOMINAL RIGID LINK ENVELOPES; TOLERANCE/COVERS/CABLES/TRACKING ERROR OPEN,NO MOTION OR SAFETY CREDIT
P01_CROUCHED_STAND,L_shoulder_pitch_link,R_foot,529.732584,0.000000,NO,PASS,NOMINAL RIGID LINK ENVELOPES; TOLERANCE/COVERS/CABLES/TRACKING ERROR OPEN,NO MOTION OR SAFETY CREDIT
P01_CROUCHED_STAND,L_shoulder_pitch_link,R_forearm,237.633168,0.000000,NO,PASS,NOMINAL RIGID LINK ENVELOPES; TOLERANCE/COVERS/CABLES/TRACKING ERROR OPEN,NO MOTION OR SAFETY CREDIT
P01_CROUCHED_STAND,L_shoulder_pitch_link,R_gripper,365.632328,0.000000,NO,PASS,NOMINAL RIGID LINK ENVELOPES; TOLERANCE/COVERS/CABLES/TRACKING ERROR OPEN,NO MOTION OR SAFETY CREDIT
P01_CROUCHED_STAND,L_shoulder_pitch_link,R_hand,338.488044,0.000000,NO,PASS,NOMINAL RIGID LINK ENVELOPES; TOLERANCE/COVERS/CABLES/TRACKING ERROR OPEN,NO MOTION OR SAFETY CREDIT
P01_CROUCHED_STAND,L_shoulder_pitch_link,R_hip_roll_link,186.029418,0.000000,NO,PASS,NOMINAL RIGID LINK ENVELOPES; TOLERANCE/COVERS/CABLES/TRACKING ERROR OPEN,NO MOTION OR SAFETY CREDIT
P01_CROUCHED_STAND,L_shoulder_pitch_link,R_hip_yaw_link,179.159086,0.000000,NO,PASS,NOMINAL RIGID LINK ENVELOPES; TOLERANCE/COVERS/CABLES/TRACKING ERROR OPEN,NO MOTION OR SAFETY CREDIT
P01_CROUCHED_STAND,L_shoulder_pitch_link,R_shin,412.701376,0.000000,NO,PASS,NOMINAL RIGID LINK ENVELOPES; TOLERANCE/COVERS/CABLES/TRACKING ERROR OPEN,NO MOTION OR SAFETY CREDIT
P01_CROUCHED_STAND,L_shoulder_pitch_link,R_shoulder_pitch_link,170.000000,0.000000,NO,PASS,NOMINAL RIGID LINK ENVELOPES; TOLERANCE/COVERS/CABLES/TRACKING ERROR OPEN,NO MOTION OR SAFETY CREDIT
P01_CROUCHED_STAND,L_shoulder_pitch_link,R_thigh,201.234631,0.000000,NO,PASS,NOMINAL RIGID LINK ENVELOPES; TOLERANCE/COVERS/CABLES/TRACKING ERROR OPEN,NO MOTION OR SAFETY CREDIT
P01_CROUCHED_STAND,L_shoulder_pitch_link,R_upper_arm,167.378000,0.000000,NO,PASS,NOMINAL RIGID LINK ENVELOPES; TOLERANCE/COVERS/CABLES/TRACKING ERROR OPEN,NO MOTION OR SAFETY CREDIT
P01_CROUCHED_STAND,L_shoulder_pitch_link,base_link,127.632715,0.000000,NO,PASS,NOMINAL RIGID LINK ENVELOPES; TOLERANCE/COVERS/CABLES/TRACKING ERROR OPEN,NO MOTION OR SAFETY CREDIT
P01_CROUCHED_STAND,L_shoulder_pitch_link,head,41.599028,0.000000,NO,PASS,NOMINAL RIGID LINK ENVELOPES; TOLERANCE/COVERS/CABLES/TRACKING ERROR OPEN,NO MOTION OR SAFETY CREDIT
P01_CROUCHED_STAND,L_shoulder_pitch_link,neck_pan_link,59.699000,0.000000,NO,PASS,NOMINAL RIGID LINK ENVELOPES; TOLERANCE/COVERS/CABLES/TRACKING ERROR OPEN,NO MOTION OR SAFETY CREDIT
P01_CROUCHED_STAND,L_thigh,L_upper_arm,42.009783,0.000000,NO,PASS,NOMINAL RIGID LINK ENVELOPES; TOLERANCE/COVERS/CABLES/TRACKING ERROR OPEN,NO MOTION OR SAFETY CREDIT
P01_CROUCHED_STAND,L_thigh,R_ankle_pitch_link,171.827199,0.000000,NO,PASS,NOMINAL RIGID LINK ENVELOPES; TOLERANCE/COVERS/CABLES/TRACKING ERROR OPEN,NO MOTION OR SAFETY CREDIT
P01_CROUCHED_STAND,L_thigh,R_foot,209.441214,0.000000,NO,PASS,NOMINAL RIGID LINK ENVELOPES; TOLERANCE/COVERS/CABLES/TRACKING ERROR OPEN,NO MOTION OR SAFETY CREDIT
P01_CROUCHED_STAND,L_thigh,R_forearm,139.499000,0.000000,NO,PASS,NOMINAL RIGID LINK ENVELOPES; TOLERANCE/COVERS/CABLES/TRACKING ERROR OPEN,NO MOTION OR SAFETY CREDIT
P01_CROUCHED_STAND,L_thigh,R_gripper,152.084000,0.000000,NO,PASS,NOMINAL RIGID LINK ENVELOPES; TOLERANCE/COVERS/CABLES/TRACKING ERROR OPEN,NO MOTION OR SAFETY CREDIT
P01_CROUCHED_STAND,L_thigh,R_hand,142.554000,0.000000,NO,PASS,NOMINAL RIGID LINK ENVELOPES; TOLERANCE/COVERS/CABLES/TRACKING ERROR OPEN,NO MOTION OR SAFETY CREDIT
P01_CROUCHED_STAND,L_thigh,R_hip_roll_link,56.584000,0.000000,NO,PASS,NOMINAL RIGID LINK ENVELOPES; TOLERANCE/COVERS/CABLES/TRACKING ERROR OPEN,NO MOTION OR SAFETY CREDIT
P01_CROUCHED_STAND,L_thigh,R_hip_yaw_link,56.584000,0.000000,NO,PASS,NOMINAL RIGID LINK ENVELOPES; TOLERANCE/COVERS/CABLES/TRACKING ERROR OPEN,NO MOTION OR SAFETY CREDIT
P01_CROUCHED_STAND,L_thigh,R_shin,97.651786,0.000000,NO,PASS,NOMINAL RIGID LINK ENVELOPES; TOLERANCE/COVERS/CABLES/TRACKING ERROR OPEN,NO MOTION OR SAFETY CREDIT
P01_CROUCHED_STAND,L_thigh,R_shoulder_pitch_link,199.215860,0.000000,NO,PASS,NOMINAL RIGID LINK ENVELOPES; TOLERANCE/COVERS/CABLES/TRACKING ERROR OPEN,NO MOTION OR SAFETY CREDIT
P01_CROUCHED_STAND,L_thigh,R_thigh,51.000000,0.000000,NO,PASS,NOMINAL RIGID LINK ENVELOPES; TOLERANCE/COVERS/CABLES/TRACKING ERROR OPEN,NO MOTION OR SAFETY CREDIT
P01_CROUCHED_STAND,L_thigh,R_upper_arm,114.066701,0.000000,NO,PASS,NOMINAL RIGID LINK ENVELOPES; TOLERANCE/COVERS/CABLES/TRACKING ERROR OPEN,NO MOTION OR SAFETY CREDIT
P01_CROUCHED_STAND,L_thigh,head,261.007783,0.000000,NO,PASS,NOMINAL RIGID LINK ENVELOPES; TOLERANCE/COVERS/CABLES/TRACKING ERROR OPEN,NO MOTION OR SAFETY CREDIT
P01_CROUCHED_STAND,L_thigh,neck_pan_link,212.638783,0.000000,NO,PASS,NOMINAL RIGID LINK ENVELOPES; TOLERANCE/COVERS/CABLES/TRACKING ERROR OPEN,NO MOTION OR SAFETY CREDIT
P01_CROUCHED_STAND,L_thigh,torso,62.869783,0.000000,NO,PASS,NOMINAL RIGID LINK ENVELOPES; TOLERANCE/COVERS/CABLES/TRACKING ERROR OPEN,NO MOTION OR SAFETY CREDIT
P01_CROUCHED_STAND,L_upper_arm,R_ankle_pitch_link,370.615165,0.000000,NO,PASS,NOMINAL RIGID LINK ENVELOPES; TOLERANCE/COVERS/CABLES/TRACKING ERROR OPEN,NO MOTION OR SAFETY CREDIT
P01_CROUCHED_STAND,L_upper_arm,R_foot,407.632199,0.000000,NO,PASS,NOMINAL RIGID LINK ENVELOPES; TOLERANCE/COVERS/CABLES/TRACKING ERROR OPEN,NO MOTION OR SAFETY CREDIT
P01_CROUCHED_STAND,L_upper_arm,R_forearm,199.850803,0.000000,NO,PASS,NOMINAL RIGID LINK ENVELOPES; TOLERANCE/COVERS/CABLES/TRACKING ERROR OPEN,NO MOTION OR SAFETY CREDIT
P01_CROUCHED_STAND,L_upper_arm,R_gripper,273.284923,0.000000,NO,PASS,NOMINAL RIGID LINK ENVELOPES; TOLERANCE/COVERS/CABLES/TRACKING ERROR OPEN,NO MOTION OR SAFETY CREDIT
P01_CROUCHED_STAND,L_upper_arm,R_hand,249.521619,0.000000,NO,PASS,NOMINAL RIGID LINK ENVELOPES; TOLERANCE/COVERS/CABLES/TRACKING ERROR OPEN,NO MOTION OR SAFETY CREDIT
P01_CROUCHED_STAND,L_upper_arm,R_hip_roll_link,118.447619,0.000000,NO,PASS,NOMINAL RIGID LINK ENVELOPES; TOLERANCE/COVERS/CABLES/TRACKING ERROR OPEN,NO MOTION OR SAFETY CREDIT
P01_CROUCHED_STAND,L_upper_arm,R_hip_yaw_link,117.345986,0.000000,NO,PASS,NOMINAL RIGID LINK ENVELOPES; TOLERANCE/COVERS/CABLES/TRACKING ERROR OPEN,NO MOTION OR SAFETY CREDIT
P01_CROUCHED_STAND,L_upper_arm,R_shin,294.239429,0.000000,NO,PASS,NOMINAL RIGID LINK ENVELOPES; TOLERANCE/COVERS/CABLES/TRACKING ERROR OPEN,NO MOTION OR SAFETY CREDIT
P01_CROUCHED_STAND,L_upper_arm,R_shoulder_pitch_link,169.012000,0.000000,NO,PASS,NOMINAL RIGID LINK ENVELOPES; TOLERANCE/COVERS/CABLES/TRACKING ERROR OPEN,NO MOTION OR SAFETY CREDIT
P01_CROUCHED_STAND,L_upper_arm,R_thigh,119.002689,0.000000,NO,PASS,NOMINAL RIGID LINK ENVELOPES; TOLERANCE/COVERS/CABLES/TRACKING ERROR OPEN,NO MOTION OR SAFETY CREDIT
P01_CROUCHED_STAND,L_upper_arm,R_upper_arm,166.390000,0.000000,NO,PASS,NOMINAL RIGID LINK ENVELOPES; TOLERANCE/COVERS/CABLES/TRACKING ERROR OPEN,NO MOTION OR SAFETY CREDIT
P01_CROUCHED_STAND,L_upper_arm,base_link,14.029682,0.000000,NO,PASS,NOMINAL RIGID LINK ENVELOPES; TOLERANCE/COVERS/CABLES/TRACKING ERROR OPEN,NO MOTION OR SAFETY CREDIT
P01_CROUCHED_STAND,L_upper_arm,head,69.956878,0.000000,NO,PASS,NOMINAL RIGID LINK ENVELOPES; TOLERANCE/COVERS/CABLES/TRACKING ERROR OPEN,NO MOTION OR SAFETY CREDIT
P01_CROUCHED_STAND,L_upper_arm,neck_pan_link,62.229713,0.000000,NO,PASS,NOMINAL RIGID LINK ENVELOPES; TOLERANCE/COVERS/CABLES/TRACKING ERROR OPEN,NO MOTION OR SAFETY CREDIT
P01_CROUCHED_STAND,R_ankle_pitch_link,R_forearm,206.555096,0.000000,NO,PASS,NOMINAL RIGID LINK ENVELOPES; TOLERANCE/COVERS/CABLES/TRACKING ERROR OPEN,NO MOTION OR SAFETY CREDIT
P01_CROUCHED_STAND,R_ankle_pitch_link,R_gripper,126.003292,0.000000,NO,PASS,NOMINAL RIGID LINK ENVELOPES; TOLERANCE/COVERS/CABLES/TRACKING ERROR OPEN,NO MOTION OR SAFETY CREDIT
P01_CROUCHED_STAND,R_ankle_pitch_link,R_hand,159.097701,0.000000,NO,PASS,NOMINAL RIGID LINK ENVELOPES; TOLERANCE/COVERS/CABLES/TRACKING ERROR OPEN,NO MOTION OR SAFETY CREDIT
P01_CROUCHED_STAND,R_ankle_pitch_link,R_hip_roll_link,293.739803,0.000000,NO,PASS,NOMINAL RIGID LINK ENVELOPES; TOLERANCE/COVERS/CABLES/TRACKING ERROR OPEN,NO MOTION OR SAFETY CREDIT
P01_CROUCHED_STAND,R_ankle_pitch_link,R_hip_yaw_link,302.739803,0.000000,NO,PASS,NOMINAL RIGID LINK ENVELOPES; TOLERANCE/COVERS/CABLES/TRACKING ERROR OPEN,NO MOTION OR SAFETY CREDIT
P01_CROUCHED_STAND,R_ankle_pitch_link,R_shoulder_pitch_link,477.626803,0.000000,NO,PASS,NOMINAL RIGID LINK ENVELOPES; TOLERANCE/COVERS/CABLES/TRACKING ERROR OPEN,NO MOTION OR SAFETY CREDIT
P01_CROUCHED_STAND,R_ankle_pitch_link,R_thigh,163.258511,0.000000,NO,PASS,NOMINAL RIGID LINK ENVELOPES; TOLERANCE/COVERS/CABLES/TRACKING ERROR OPEN,NO MOTION OR SAFETY CREDIT
P01_CROUCHED_STAND,R_ankle_pitch_link,R_upper_arm,352.670803,0.000000,NO,PASS,NOMINAL RIGID LINK ENVELOPES; TOLERANCE/COVERS/CABLES/TRACKING ERROR OPEN,NO MOTION OR SAFETY CREDIT
P01_CROUCHED_STAND,R_ankle_pitch_link,base_link,280.442803,0.000000,NO,PASS,NOMINAL RIGID LINK ENVELOPES; TOLERANCE/COVERS/CABLES/TRACKING ERROR OPEN,NO MOTION OR SAFETY CREDIT
P01_CROUCHED_STAND,R_ankle_pitch_link,head,571.668803,0.000000,NO,PASS,NOMINAL RIGID LINK ENVELOPES; TOLERANCE/COVERS/CABLES/TRACKING ERROR OPEN,NO MOTION OR SAFETY CREDIT
P01_CROUCHED_STAND,R_ankle_pitch_link,neck_pan_link,523.301211,0.000000,NO,PASS,NOMINAL RIGID LINK ENVELOPES; TOLERANCE/COVERS/CABLES/TRACKING ERROR OPEN,NO MOTION OR SAFETY CREDIT
P01_CROUCHED_STAND,R_ankle_pitch_link,torso,373.530803,0.000000,NO,PASS,NOMINAL RIGID LINK ENVELOPES; TOLERANCE/COVERS/CABLES/TRACKING ERROR OPEN,NO MOTION OR SAFETY CREDIT
P01_CROUCHED_STAND,R_foot,R_forearm,247.732276,0.000000,NO,PASS,NOMINAL RIGID LINK ENVELOPES; TOLERANCE/COVERS/CABLES/TRACKING ERROR OPEN,NO MOTION OR SAFETY CREDIT
P01_CROUCHED_STAND,R_foot,R_gripper,165.030998,0.000000,NO,PASS,NOMINAL RIGID LINK ENVELOPES; TOLERANCE/COVERS/CABLES/TRACKING ERROR OPEN,NO MOTION OR SAFETY CREDIT
P01_CROUCHED_STAND,R_foot,R_hand,199.745266,0.000000,NO,PASS,NOMINAL RIGID LINK ENVELOPES; TOLERANCE/COVERS/CABLES/TRACKING ERROR OPEN,NO MOTION OR SAFETY CREDIT
P01_CROUCHED_STAND,R_foot,R_hip_roll_link,335.752803,0.000000,NO,PASS,NOMINAL RIGID LINK ENVELOPES; TOLERANCE/COVERS/CABLES/TRACKING ERROR OPEN,NO MOTION OR SAFETY CREDIT
P01_CROUCHED_STAND,R_foot,R_hip_yaw_link,344.752803,0.000000,NO,PASS,NOMINAL RIGID LINK ENVELOPES; TOLERANCE/COVERS/CABLES/TRACKING ERROR OPEN,NO MOTION OR SAFETY CREDIT
P01_CROUCHED_STAND,R_foot,R_shoulder_pitch_link,519.639803,0.000000,NO,PASS,NOMINAL RIGID LINK ENVELOPES; TOLERANCE/COVERS/CABLES/TRACKING ERROR OPEN,NO MOTION OR SAFETY CREDIT
P01_CROUCHED_STAND,R_foot,R_thigh,205.271511,0.000000,NO,PASS,NOMINAL RIGID LINK ENVELOPES; TOLERANCE/COVERS/CABLES/TRACKING ERROR OPEN,NO MOTION OR SAFETY CREDIT
P01_CROUCHED_STAND,R_foot,R_upper_arm,394.683803,0.000000,NO,PASS,NOMINAL RIGID LINK ENVELOPES; TOLERANCE/COVERS/CABLES/TRACKING ERROR OPEN,NO MOTION OR SAFETY CREDIT
P01_CROUCHED_STAND,R_foot,base_link,322.455803,0.000000,NO,PASS,NOMINAL RIGID LINK ENVELOPES; TOLERANCE/COVERS/CABLES/TRACKING ERROR OPEN,NO MOTION OR SAFETY CREDIT
P01_CROUCHED_STAND,R_foot,head,613.681803,0.000000,NO,PASS,NOMINAL RIGID LINK ENVELOPES; TOLERANCE/COVERS/CABLES/TRACKING ERROR OPEN,NO MOTION OR SAFETY CREDIT
P01_CROUCHED_STAND,R_foot,neck_pan_link,565.312803,0.000000,NO,PASS,NOMINAL RIGID LINK ENVELOPES; TOLERANCE/COVERS/CABLES/TRACKING ERROR OPEN,NO MOTION OR SAFETY CREDIT
P01_CROUCHED_STAND,R_foot,torso,415.543803,0.000000,NO,PASS,NOMINAL RIGID LINK ENVELOPES; TOLERANCE/COVERS/CABLES/TRACKING ERROR OPEN,NO MOTION OR SAFETY CREDIT
P01_CROUCHED_STAND,R_forearm,R_gripper,24.853000,0.000000,NO,PASS,NOMINAL RIGID LINK ENVELOPES; TOLERANCE/COVERS/CABLES/TRACKING ERROR OPEN,NO MOTION OR SAFETY CREDIT
P01_CROUCHED_STAND,R_forearm,R_hip_roll_link,22.915000,0.000000,NO,PASS,NOMINAL RIGID LINK ENVELOPES; TOLERANCE/COVERS/CABLES/TRACKING ERROR OPEN,NO MOTION OR SAFETY CREDIT
P01_CROUCHED_STAND,R_forearm,R_hip_yaw_link,22.915000,0.000000,NO,PASS,NOMINAL RIGID LINK ENVELOPES; TOLERANCE/COVERS/CABLES/TRACKING ERROR OPEN,NO MOTION OR SAFETY CREDIT
P01_CROUCHED_STAND,R_forearm,R_shin,126.081611,0.000000,NO,PASS,NOMINAL RIGID LINK ENVELOPES; TOLERANCE/COVERS/CABLES/TRACKING ERROR OPEN,NO MOTION OR SAFETY CREDIT
P01_CROUCHED_STAND,R_forearm,R_shoulder_pitch_link,127.034000,0.000000,NO,PASS,NOMINAL RIGID LINK ENVELOPES; TOLERANCE/COVERS/CABLES/TRACKING ERROR OPEN,NO MOTION OR SAFETY CREDIT
P01_CROUCHED_STAND,R_forearm,R_thigh,14.499000,0.000000,NO,PASS,NOMINAL RIGID LINK ENVELOPES; TOLERANCE/COVERS/CABLES/TRACKING ERROR OPEN,NO MOTION OR SAFETY CREDIT
P01_CROUCHED_STAND,R_forearm,base_link,35.135000,0.000000,NO,PASS,NOMINAL RIGID LINK ENVELOPES; TOLERANCE/COVERS/CABLES/TRACKING ERROR OPEN,NO MOTION OR SAFETY CREDIT
P01_CROUCHED_STAND,R_forearm,head,224.368576,0.000000,NO,PASS,NOMINAL RIGID LINK ENVELOPES; TOLERANCE/COVERS/CABLES/TRACKING ERROR OPEN,NO MOTION OR SAFETY CREDIT
P01_CROUCHED_STAND,R_forearm,neck_pan_link,193.440354,0.000000,NO,PASS,NOMINAL RIGID LINK ENVELOPES; TOLERANCE/COVERS/CABLES/TRACKING ERROR OPEN,NO MOTION OR SAFETY CREDIT
P01_CROUCHED_STAND,R_forearm,torso,35.459016,0.000000,NO,PASS,NOMINAL RIGID LINK ENVELOPES; TOLERANCE/COVERS/CABLES/TRACKING ERROR OPEN,NO MOTION OR SAFETY CREDIT
P01_CROUCHED_STAND,R_gripper,R_hip_roll_link,118.445135,0.000000,NO,PASS,NOMINAL RIGID LINK ENVELOPES; TOLERANCE/COVERS/CABLES/TRACKING ERROR OPEN,NO MOTION OR SAFETY CREDIT
P01_CROUCHED_STAND,R_gripper,R_hip_yaw_link,127.060025,0.000000,NO,PASS,NOMINAL RIGID LINK ENVELOPES; TOLERANCE/COVERS/CABLES/TRACKING ERROR OPEN,NO MOTION OR SAFETY CREDIT
P01_CROUCHED_STAND,R_gripper,R_shin,51.568481,0.000000,NO,PASS,NOMINAL RIGID LINK ENVELOPES; TOLERANCE/COVERS/CABLES/TRACKING ERROR OPEN,NO MOTION OR SAFETY CREDIT
P01_CROUCHED_STAND,R_gripper,R_shoulder_pitch_link,296.906617,0.000000,NO,PASS,NOMINAL RIGID LINK ENVELOPES; TOLERANCE/COVERS/CABLES/TRACKING ERROR OPEN,NO MOTION OR SAFETY CREDIT
P01_CROUCHED_STAND,R_gripper,R_thigh,27.084000,0.000000,NO,PASS,NOMINAL RIGID LINK ENVELOPES; TOLERANCE/COVERS/CABLES/TRACKING ERROR OPEN,NO MOTION OR SAFETY CREDIT
P01_CROUCHED_STAND,R_gripper,R_upper_arm,171.931000,0.000000,NO,PASS,NOMINAL RIGID LINK ENVELOPES; TOLERANCE/COVERS/CABLES/TRACKING ERROR OPEN,NO MOTION OR SAFETY CREDIT
P01_CROUCHED_STAND,R_gripper,base_link,110.534549,0.000000,NO,PASS,NOMINAL RIGID LINK ENVELOPES; TOLERANCE/COVERS/CABLES/TRACKING ERROR OPEN,NO MOTION OR SAFETY CREDIT
P01_CROUCHED_STAND,R_gripper,head,394.226408,0.000000,NO,PASS,NOMINAL RIGID LINK ENVELOPES; TOLERANCE/COVERS/CABLES/TRACKING ERROR OPEN,NO MOTION OR SAFETY CREDIT
P01_CROUCHED_STAND,R_gripper,neck_pan_link,356.777571,0.000000,NO,PASS,NOMINAL RIGID LINK ENVELOPES; TOLERANCE/COVERS/CABLES/TRACKING ERROR OPEN,NO MOTION OR SAFETY CREDIT
P01_CROUCHED_STAND,R_gripper,torso,195.545357,0.000000,NO,PASS,NOMINAL RIGID LINK ENVELOPES; TOLERANCE/COVERS/CABLES/TRACKING ERROR OPEN,NO MOTION OR SAFETY CREDIT
P01_CROUCHED_STAND,R_hand,R_hip_roll_link,90.131484,0.000000,NO,PASS,NOMINAL RIGID LINK ENVELOPES; TOLERANCE/COVERS/CABLES/TRACKING ERROR OPEN,NO MOTION OR SAFETY CREDIT
P01_CROUCHED_STAND,R_hand,R_hip_yaw_link,98.783836,0.000000,NO,PASS,NOMINAL RIGID LINK ENVELOPES; TOLERANCE/COVERS/CABLES/TRACKING ERROR OPEN,NO MOTION OR SAFETY CREDIT
P01_CROUCHED_STAND,R_hand,R_shin,79.591131,0.000000,NO,PASS,NOMINAL RIGID LINK ENVELOPES; TOLERANCE/COVERS/CABLES/TRACKING ERROR OPEN,NO MOTION OR SAFETY CREDIT
P01_CROUCHED_STAND,R_hand,R_shoulder_pitch_link,270.196000,0.000000,NO,PASS,NOMINAL RIGID LINK ENVELOPES; TOLERANCE/COVERS/CABLES/TRACKING ERROR OPEN,NO MOTION OR SAFETY CREDIT
P01_CROUCHED_STAND,R_hand,R_thigh,17.554000,0.000000,NO,PASS,NOMINAL RIGID LINK ENVELOPES; TOLERANCE/COVERS/CABLES/TRACKING ERROR OPEN,NO MOTION OR SAFETY CREDIT
P01_CROUCHED_STAND,R_hand,R_upper_arm,145.240000,0.000000,NO,PASS,NOMINAL RIGID LINK ENVELOPES; TOLERANCE/COVERS/CABLES/TRACKING ERROR OPEN,NO MOTION OR SAFETY CREDIT
P01_CROUCHED_STAND,R_hand,base_link,82.396773,0.000000,NO,PASS,NOMINAL RIGID LINK ENVELOPES; TOLERANCE/COVERS/CABLES/TRACKING ERROR OPEN,NO MOTION OR SAFETY CREDIT
P01_CROUCHED_STAND,R_hand,head,366.577834,0.000000,NO,PASS,NOMINAL RIGID LINK ENVELOPES; TOLERANCE/COVERS/CABLES/TRACKING ERROR OPEN,NO MOTION OR SAFETY CREDIT
P01_CROUCHED_STAND,R_hand,neck_pan_link,328.491064,0.000000,NO,PASS,NOMINAL RIGID LINK ENVELOPES; TOLERANCE/COVERS/CABLES/TRACKING ERROR OPEN,NO MOTION OR SAFETY CREDIT
P01_CROUCHED_STAND,R_hand,torso,167.708946,0.000000,NO,PASS,NOMINAL RIGID LINK ENVELOPES; TOLERANCE/COVERS/CABLES/TRACKING ERROR OPEN,NO MOTION OR SAFETY CREDIT
P01_CROUCHED_STAND,R_hip_roll_link,R_shin,212.794868,0.000000,NO,PASS,NOMINAL RIGID LINK ENVELOPES; TOLERANCE/COVERS/CABLES/TRACKING ERROR OPEN,NO MOTION OR SAFETY CREDIT
P01_CROUCHED_STAND,R_hip_roll_link,R_shoulder_pitch_link,143.887000,0.000000,NO,PASS,NOMINAL RIGID LINK ENVELOPES; TOLERANCE/COVERS/CABLES/TRACKING ERROR OPEN,NO MOTION OR SAFETY CREDIT
P01_CROUCHED_STAND,R_hip_roll_link,R_upper_arm,18.931000,0.000000,NO,PASS,NOMINAL RIGID LINK ENVELOPES; TOLERANCE/COVERS/CABLES/TRACKING ERROR OPEN,NO MOTION OR SAFETY CREDIT
P01_CROUCHED_STAND,R_hip_roll_link,head,237.929000,0.000000,NO,PASS,NOMINAL RIGID LINK ENVELOPES; TOLERANCE/COVERS/CABLES/TRACKING ERROR OPEN,NO MOTION OR SAFETY CREDIT
P01_CROUCHED_STAND,R_hip_roll_link,neck_pan_link,189.606834,0.000000,NO,PASS,NOMINAL RIGID LINK ENVELOPES; TOLERANCE/COVERS/CABLES/TRACKING ERROR OPEN,NO MOTION OR SAFETY CREDIT
P01_CROUCHED_STAND,R_hip_roll_link,torso,39.791000,0.000000,NO,PASS,NOMINAL RIGID LINK ENVELOPES; TOLERANCE/COVERS/CABLES/TRACKING ERROR OPEN,NO MOTION OR SAFETY CREDIT
P01_CROUCHED_STAND,R_hip_yaw_link,R_shin,221.794868,0.000000,NO,PASS,NOMINAL RIGID LINK ENVELOPES; TOLERANCE/COVERS/CABLES/TRACKING ERROR OPEN,NO MOTION OR SAFETY CREDIT
P01_CROUCHED_STAND,R_hip_yaw_link,R_shoulder_pitch_link,134.887000,0.000000,NO,PASS,NOMINAL RIGID LINK ENVELOPES; TOLERANCE/COVERS/CABLES/TRACKING ERROR OPEN,NO MOTION OR SAFETY CREDIT
P01_CROUCHED_STAND,R_hip_yaw_link,R_upper_arm,9.931000,0.000000,NO,PASS,NOMINAL RIGID LINK ENVELOPES; TOLERANCE/COVERS/CABLES/TRACKING ERROR OPEN,NO MOTION OR SAFETY CREDIT
P01_CROUCHED_STAND,R_hip_yaw_link,head,228.929000,0.000000,NO,PASS,NOMINAL RIGID LINK ENVELOPES; TOLERANCE/COVERS/CABLES/TRACKING ERROR OPEN,NO MOTION OR SAFETY CREDIT
P01_CROUCHED_STAND,R_hip_yaw_link,neck_pan_link,180.609167,0.000000,NO,PASS,NOMINAL RIGID LINK ENVELOPES; TOLERANCE/COVERS/CABLES/TRACKING ERROR OPEN,NO MOTION OR SAFETY CREDIT
P01_CROUCHED_STAND,R_hip_yaw_link,torso,30.791000,0.000000,NO,PASS,NOMINAL RIGID LINK ENVELOPES; TOLERANCE/COVERS/CABLES/TRACKING ERROR OPEN,NO MOTION OR SAFETY CREDIT
P01_CROUCHED_STAND,R_shin,R_shoulder_pitch_link,396.681868,0.000000,NO,PASS,NOMINAL RIGID LINK ENVELOPES; TOLERANCE/COVERS/CABLES/TRACKING ERROR OPEN,NO MOTION OR SAFETY CREDIT
P01_CROUCHED_STAND,R_shin,R_upper_arm,271.725868,0.000000,NO,PASS,NOMINAL RIGID LINK ENVELOPES; TOLERANCE/COVERS/CABLES/TRACKING ERROR OPEN,NO MOTION OR SAFETY CREDIT
P01_CROUCHED_STAND,R_shin,base_link,199.497868,0.000000,NO,PASS,NOMINAL RIGID LINK ENVELOPES; TOLERANCE/COVERS/CABLES/TRACKING ERROR OPEN,NO MOTION OR SAFETY CREDIT
P01_CROUCHED_STAND,R_shin,head,490.723868,0.000000,NO,PASS,NOMINAL RIGID LINK ENVELOPES; TOLERANCE/COVERS/CABLES/TRACKING ERROR OPEN,NO MOTION OR SAFETY CREDIT
P01_CROUCHED_STAND,R_shin,neck_pan_link,442.354900,0.000000,NO,PASS,NOMINAL RIGID LINK ENVELOPES; TOLERANCE/COVERS/CABLES/TRACKING ERROR OPEN,NO MOTION OR SAFETY CREDIT
P01_CROUCHED_STAND,R_shin,torso,292.585868,0.000000,NO,PASS,NOMINAL RIGID LINK ENVELOPES; TOLERANCE/COVERS/CABLES/TRACKING ERROR OPEN,NO MOTION OR SAFETY CREDIT
P01_CROUCHED_STAND,R_shoulder_pitch_link,R_thigh,166.965783,0.000000,NO,PASS,NOMINAL RIGID LINK ENVELOPES; TOLERANCE/COVERS/CABLES/TRACKING ERROR OPEN,NO MOTION OR SAFETY CREDIT
P01_CROUCHED_STAND,R_shoulder_pitch_link,base_link,127.256906,0.000000,NO,PASS,NOMINAL RIGID LINK ENVELOPES; TOLERANCE/COVERS/CABLES/TRACKING ERROR OPEN,NO MOTION OR SAFETY CREDIT
P01_CROUCHED_STAND,R_shoulder_pitch_link,head,39.537647,0.000000,NO,PASS,NOMINAL RIGID LINK ENVELOPES; TOLERANCE/COVERS/CABLES/TRACKING ERROR OPEN,NO MOTION OR SAFETY CREDIT
P01_CROUCHED_STAND,R_shoulder_pitch_link,neck_pan_link,56.301000,0.000000,NO,PASS,NOMINAL RIGID LINK ENVELOPES; TOLERANCE/COVERS/CABLES/TRACKING ERROR OPEN,NO MOTION OR SAFETY CREDIT
P01_CROUCHED_STAND,R_thigh,R_upper_arm,42.009783,0.000000,NO,PASS,NOMINAL RIGID LINK ENVELOPES; TOLERANCE/COVERS/CABLES/TRACKING ERROR OPEN,NO MOTION OR SAFETY CREDIT
P01_CROUCHED_STAND,R_thigh,head,261.007783,0.000000,NO,PASS,NOMINAL RIGID LINK ENVELOPES; TOLERANCE/COVERS/CABLES/TRACKING ERROR OPEN,NO MOTION OR SAFETY CREDIT
P01_CROUCHED_STAND,R_thigh,neck_pan_link,212.638783,0.000000,NO,PASS,NOMINAL RIGID LINK ENVELOPES; TOLERANCE/COVERS/CABLES/TRACKING ERROR OPEN,NO MOTION OR SAFETY CREDIT
P01_CROUCHED_STAND,R_thigh,torso,62.869783,0.000000,NO,PASS,NOMINAL RIGID LINK ENVELOPES; TOLERANCE/COVERS/CABLES/TRACKING ERROR OPEN,NO MOTION OR SAFETY CREDIT
P01_CROUCHED_STAND,R_upper_arm,base_link,7.823996,0.000000,NO,PASS,NOMINAL RIGID LINK ENVELOPES; TOLERANCE/COVERS/CABLES/TRACKING ERROR OPEN,NO MOTION OR SAFETY CREDIT
P01_CROUCHED_STAND,R_upper_arm,head,69.168037,0.000000,NO,PASS,NOMINAL RIGID LINK ENVELOPES; TOLERANCE/COVERS/CABLES/TRACKING ERROR OPEN,NO MOTION OR SAFETY CREDIT
P01_CROUCHED_STAND,R_upper_arm,neck_pan_link,57.506440,0.000000,NO,PASS,NOMINAL RIGID LINK ENVELOPES; TOLERANCE/COVERS/CABLES/TRACKING ERROR OPEN,NO MOTION OR SAFETY CREDIT
P01_CROUCHED_STAND,base_link,head,221.226000,0.000000,NO,PASS,NOMINAL RIGID LINK ENVELOPES; TOLERANCE/COVERS/CABLES/TRACKING ERROR OPEN,NO MOTION OR SAFETY CREDIT
P01_CROUCHED_STAND,base_link,neck_pan_link,172.857000,0.000000,NO,PASS,NOMINAL RIGID LINK ENVELOPES; TOLERANCE/COVERS/CABLES/TRACKING ERROR OPEN,NO MOTION OR SAFETY CREDIT
P01_CROUCHED_STAND,head,torso,43.138000,0.000000,NO,PASS,NOMINAL RIGID LINK ENVELOPES; TOLERANCE/COVERS/CABLES/TRACKING ERROR OPEN,NO MOTION OR SAFETY CREDIT
P02_LEFT_WEIGHT_TRANSFER,L_ankle_pitch_link,L_forearm,232.269221,0.000000,NO,PASS,NOMINAL RIGID LINK ENVELOPES; TOLERANCE/COVERS/CABLES/TRACKING ERROR OPEN,NO MOTION OR SAFETY CREDIT
P02_LEFT_WEIGHT_TRANSFER,L_ankle_pitch_link,L_gripper,199.769921,0.000000,NO,PASS,NOMINAL RIGID LINK ENVELOPES; TOLERANCE/COVERS/CABLES/TRACKING ERROR OPEN,NO MOTION OR SAFETY CREDIT
P02_LEFT_WEIGHT_TRANSFER,L_ankle_pitch_link,L_hand,213.286063,0.000000,NO,PASS,NOMINAL RIGID LINK ENVELOPES; TOLERANCE/COVERS/CABLES/TRACKING ERROR OPEN,NO MOTION OR SAFETY CREDIT
P02_LEFT_WEIGHT_TRANSFER,L_ankle_pitch_link,L_hip_roll_link,285.684511,0.000000,NO,PASS,NOMINAL RIGID LINK ENVELOPES; TOLERANCE/COVERS/CABLES/TRACKING ERROR OPEN,NO MOTION OR SAFETY CREDIT
P02_LEFT_WEIGHT_TRANSFER,L_ankle_pitch_link,L_hip_yaw_link,298.351809,0.000000,NO,PASS,NOMINAL RIGID LINK ENVELOPES; TOLERANCE/COVERS/CABLES/TRACKING ERROR OPEN,NO MOTION OR SAFETY CREDIT
P02_LEFT_WEIGHT_TRANSFER,L_ankle_pitch_link,L_shoulder_pitch_link,474.749438,0.000000,NO,PASS,NOMINAL RIGID LINK ENVELOPES; TOLERANCE/COVERS/CABLES/TRACKING ERROR OPEN,NO MOTION OR SAFETY CREDIT
P02_LEFT_WEIGHT_TRANSFER,L_ankle_pitch_link,L_thigh,159.223503,0.000000,NO,PASS,NOMINAL RIGID LINK ENVELOPES; TOLERANCE/COVERS/CABLES/TRACKING ERROR OPEN,NO MOTION OR SAFETY CREDIT
P02_LEFT_WEIGHT_TRANSFER,L_ankle_pitch_link,L_upper_arm,350.937914,0.000000,NO,PASS,NOMINAL RIGID LINK ENVELOPES; TOLERANCE/COVERS/CABLES/TRACKING ERROR OPEN,NO MOTION OR SAFETY CREDIT
P02_LEFT_WEIGHT_TRANSFER,L_ankle_pitch_link,R_ankle_pitch_link,53.461846,0.000000,NO,PASS,NOMINAL RIGID LINK ENVELOPES; TOLERANCE/COVERS/CABLES/TRACKING ERROR OPEN,NO MOTION OR SAFETY CREDIT
P02_LEFT_WEIGHT_TRANSFER,L_ankle_pitch_link,R_foot,45.413398,0.000000,NO,PASS,NOMINAL RIGID LINK ENVELOPES; TOLERANCE/COVERS/CABLES/TRACKING ERROR OPEN,NO MOTION OR SAFETY CREDIT
P02_LEFT_WEIGHT_TRANSFER,L_ankle_pitch_link,R_forearm,246.074403,0.000000,NO,PASS,NOMINAL RIGID LINK ENVELOPES; TOLERANCE/COVERS/CABLES/TRACKING ERROR OPEN,NO MOTION OR SAFETY CREDIT
P02_LEFT_WEIGHT_TRANSFER,L_ankle_pitch_link,R_gripper,218.093165,0.000000,NO,PASS,NOMINAL RIGID LINK ENVELOPES; TOLERANCE/COVERS/CABLES/TRACKING ERROR OPEN,NO MOTION OR SAFETY CREDIT
P02_LEFT_WEIGHT_TRANSFER,L_ankle_pitch_link,R_hand,229.022905,0.000000,NO,PASS,NOMINAL RIGID LINK ENVELOPES; TOLERANCE/COVERS/CABLES/TRACKING ERROR OPEN,NO MOTION OR SAFETY CREDIT
P02_LEFT_WEIGHT_TRANSFER,L_ankle_pitch_link,R_hip_roll_link,285.757380,0.000000,NO,PASS,NOMINAL RIGID LINK ENVELOPES; TOLERANCE/COVERS/CABLES/TRACKING ERROR OPEN,NO MOTION OR SAFETY CREDIT
P02_LEFT_WEIGHT_TRANSFER,L_ankle_pitch_link,R_hip_yaw_link,298.473788,0.000000,NO,PASS,NOMINAL RIGID LINK ENVELOPES; TOLERANCE/COVERS/CABLES/TRACKING ERROR OPEN,NO MOTION OR SAFETY CREDIT
P02_LEFT_WEIGHT_TRANSFER,L_ankle_pitch_link,R_shin,41.144865,0.000000,NO,PASS,NOMINAL RIGID LINK ENVELOPES; TOLERANCE/COVERS/CABLES/TRACKING ERROR OPEN,NO MOTION OR SAFETY CREDIT
P02_LEFT_WEIGHT_TRANSFER,L_ankle_pitch_link,R_shoulder_pitch_link,477.105512,0.000000,NO,PASS,NOMINAL RIGID LINK ENVELOPES; TOLERANCE/COVERS/CABLES/TRACKING ERROR OPEN,NO MOTION OR SAFETY CREDIT
P02_LEFT_WEIGHT_TRANSFER,L_ankle_pitch_link,R_thigh,159.314962,0.000000,NO,PASS,NOMINAL RIGID LINK ENVELOPES; TOLERANCE/COVERS/CABLES/TRACKING ERROR OPEN,NO MOTION OR SAFETY CREDIT
P02_LEFT_WEIGHT_TRANSFER,L_ankle_pitch_link,R_upper_arm,353.536543,0.000000,NO,PASS,NOMINAL RIGID LINK ENVELOPES; TOLERANCE/COVERS/CABLES/TRACKING ERROR OPEN,NO MOTION OR SAFETY CREDIT
P02_LEFT_WEIGHT_TRANSFER,L_ankle_pitch_link,base_link,276.054809,0.000000,NO,PASS,NOMINAL RIGID LINK ENVELOPES; TOLERANCE/COVERS/CABLES/TRACKING ERROR OPEN,NO MOTION OR SAFETY CREDIT
P02_LEFT_WEIGHT_TRANSFER,L_ankle_pitch_link,head,567.280809,0.000000,NO,PASS,NOMINAL RIGID LINK ENVELOPES; TOLERANCE/COVERS/CABLES/TRACKING ERROR OPEN,NO MOTION OR SAFETY CREDIT
P02_LEFT_WEIGHT_TRANSFER,L_ankle_pitch_link,neck_pan_link,518.911809,0.000000,NO,PASS,NOMINAL RIGID LINK ENVELOPES; TOLERANCE/COVERS/CABLES/TRACKING ERROR OPEN,NO MOTION OR SAFETY CREDIT
P02_LEFT_WEIGHT_TRANSFER,L_ankle_pitch_link,torso,369.142809,0.000000,NO,PASS,NOMINAL RIGID LINK ENVELOPES; TOLERANCE/COVERS/CABLES/TRACKING ERROR OPEN,NO MOTION OR SAFETY CREDIT
P02_LEFT_WEIGHT_TRANSFER,L_foot,L_forearm,271.623296,0.000000,NO,PASS,NOMINAL RIGID LINK ENVELOPES; TOLERANCE/COVERS/CABLES/TRACKING ERROR OPEN,NO MOTION OR SAFETY CREDIT
P02_LEFT_WEIGHT_TRANSFER,L_foot,L_gripper,227.367235,0.000000,NO,PASS,NOMINAL RIGID LINK ENVELOPES; TOLERANCE/COVERS/CABLES/TRACKING ERROR OPEN,NO MOTION OR SAFETY CREDIT
P02_LEFT_WEIGHT_TRANSFER,L_foot,L_hand,246.069381,0.000000,NO,PASS,NOMINAL RIGID LINK ENVELOPES; TOLERANCE/COVERS/CABLES/TRACKING ERROR OPEN,NO MOTION OR SAFETY CREDIT
P02_LEFT_WEIGHT_TRANSFER,L_foot,L_hip_roll_link,331.490269,0.000000,NO,PASS,NOMINAL RIGID LINK ENVELOPES; TOLERANCE/COVERS/CABLES/TRACKING ERROR OPEN,NO MOTION OR SAFETY CREDIT
P02_LEFT_WEIGHT_TRANSFER,L_foot,L_hip_yaw_link,344.157568,0.000000,NO,PASS,NOMINAL RIGID LINK ENVELOPES; TOLERANCE/COVERS/CABLES/TRACKING ERROR OPEN,NO MOTION OR SAFETY CREDIT
P02_LEFT_WEIGHT_TRANSFER,L_foot,L_shoulder_pitch_link,519.898982,0.000000,NO,PASS,NOMINAL RIGID LINK ENVELOPES; TOLERANCE/COVERS/CABLES/TRACKING ERROR OPEN,NO MOTION OR SAFETY CREDIT
P02_LEFT_WEIGHT_TRANSFER,L_foot,L_thigh,205.029262,0.000000,NO,PASS,NOMINAL RIGID LINK ENVELOPES; TOLERANCE/COVERS/CABLES/TRACKING ERROR OPEN,NO MOTION OR SAFETY CREDIT
P02_LEFT_WEIGHT_TRANSFER,L_foot,L_upper_arm,395.715151,0.000000,NO,PASS,NOMINAL RIGID LINK ENVELOPES; TOLERANCE/COVERS/CABLES/TRACKING ERROR OPEN,NO MOTION OR SAFETY CREDIT
P02_LEFT_WEIGHT_TRANSFER,L_foot,R_ankle_pitch_link,43.048448,0.000000,NO,PASS,NOMINAL RIGID LINK ENVELOPES; TOLERANCE/COVERS/CABLES/TRACKING ERROR OPEN,NO MOTION OR SAFETY CREDIT
P02_LEFT_WEIGHT_TRANSFER,L_foot,R_foot,35.000000,0.000000,NO,PASS,NOMINAL RIGID LINK ENVELOPES; TOLERANCE/COVERS/CABLES/TRACKING ERROR OPEN,NO MOTION OR SAFETY CREDIT
P02_LEFT_WEIGHT_TRANSFER,L_foot,R_forearm,281.890214,0.000000,NO,PASS,NOMINAL RIGID LINK ENVELOPES; TOLERANCE/COVERS/CABLES/TRACKING ERROR OPEN,NO MOTION OR SAFETY CREDIT
P02_LEFT_WEIGHT_TRANSFER,L_foot,R_gripper,241.232668,0.000000,NO,PASS,NOMINAL RIGID LINK ENVELOPES; TOLERANCE/COVERS/CABLES/TRACKING ERROR OPEN,NO MOTION OR SAFETY CREDIT
P02_LEFT_WEIGHT_TRANSFER,L_foot,R_hand,257.723180,0.000000,NO,PASS,NOMINAL RIGID LINK ENVELOPES; TOLERANCE/COVERS/CABLES/TRACKING ERROR OPEN,NO MOTION OR SAFETY CREDIT
P02_LEFT_WEIGHT_TRANSFER,L_foot,R_hip_roll_link,331.490269,0.000000,NO,PASS,NOMINAL RIGID LINK ENVELOPES; TOLERANCE/COVERS/CABLES/TRACKING ERROR OPEN,NO MOTION OR SAFETY CREDIT
P02_LEFT_WEIGHT_TRANSFER,L_foot,R_hip_yaw_link,344.157568,0.000000,NO,PASS,NOMINAL RIGID LINK ENVELOPES; TOLERANCE/COVERS/CABLES/TRACKING ERROR OPEN,NO MOTION OR SAFETY CREDIT
P02_LEFT_WEIGHT_TRANSFER,L_foot,R_shin,46.739554,0.000000,NO,PASS,NOMINAL RIGID LINK ENVELOPES; TOLERANCE/COVERS/CABLES/TRACKING ERROR OPEN,NO MOTION OR SAFETY CREDIT
P02_LEFT_WEIGHT_TRANSFER,L_foot,R_shoulder_pitch_link,521.467061,0.000000,NO,PASS,NOMINAL RIGID LINK ENVELOPES; TOLERANCE/COVERS/CABLES/TRACKING ERROR OPEN,NO MOTION OR SAFETY CREDIT
P02_LEFT_WEIGHT_TRANSFER,L_foot,R_thigh,205.029262,0.000000,NO,PASS,NOMINAL RIGID LINK ENVELOPES; TOLERANCE/COVERS/CABLES/TRACKING ERROR OPEN,NO MOTION OR SAFETY CREDIT
P02_LEFT_WEIGHT_TRANSFER,L_foot,R_upper_arm,397.218612,0.000000,NO,PASS,NOMINAL RIGID LINK ENVELOPES; TOLERANCE/COVERS/CABLES/TRACKING ERROR OPEN,NO MOTION OR SAFETY CREDIT
P02_LEFT_WEIGHT_TRANSFER,L_foot,base_link,321.860568,0.000000,NO,PASS,NOMINAL RIGID LINK ENVELOPES; TOLERANCE/COVERS/CABLES/TRACKING ERROR OPEN,NO MOTION OR SAFETY CREDIT
P02_LEFT_WEIGHT_TRANSFER,L_foot,head,613.086568,0.000000,NO,PASS,NOMINAL RIGID LINK ENVELOPES; TOLERANCE/COVERS/CABLES/TRACKING ERROR OPEN,NO MOTION OR SAFETY CREDIT
P02_LEFT_WEIGHT_TRANSFER,L_foot,neck_pan_link,564.717568,0.000000,NO,PASS,NOMINAL RIGID LINK ENVELOPES; TOLERANCE/COVERS/CABLES/TRACKING ERROR OPEN,NO MOTION OR SAFETY CREDIT
P02_LEFT_WEIGHT_TRANSFER,L_foot,torso,414.948568,0.000000,NO,PASS,NOMINAL RIGID LINK ENVELOPES; TOLERANCE/COVERS/CABLES/TRACKING ERROR OPEN,NO MOTION OR SAFETY CREDIT
P02_LEFT_WEIGHT_TRANSFER,L_forearm,L_gripper,24.853000,0.000000,NO,PASS,NOMINAL RIGID LINK ENVELOPES; TOLERANCE/COVERS/CABLES/TRACKING ERROR OPEN,NO MOTION OR SAFETY CREDIT
P02_LEFT_WEIGHT_TRANSFER,L_forearm,L_hip_roll_link,51.788610,0.000000,NO,PASS,NOMINAL RIGID LINK ENVELOPES; TOLERANCE/COVERS/CABLES/TRACKING ERROR OPEN,NO MOTION OR SAFETY CREDIT
P02_LEFT_WEIGHT_TRANSFER,L_forearm,L_hip_yaw_link,53.867973,0.000000,NO,PASS,NOMINAL RIGID LINK ENVELOPES; TOLERANCE/COVERS/CABLES/TRACKING ERROR OPEN,NO MOTION OR SAFETY CREDIT
P02_LEFT_WEIGHT_TRANSFER,L_forearm,L_shin,158.914821,0.000000,NO,PASS,NOMINAL RIGID LINK ENVELOPES; TOLERANCE/COVERS/CABLES/TRACKING ERROR OPEN,NO MOTION OR SAFETY CREDIT
P02_LEFT_WEIGHT_TRANSFER,L_forearm,L_shoulder_pitch_link,114.595113,0.000000,NO,PASS,NOMINAL RIGID LINK ENVELOPES; TOLERANCE/COVERS/CABLES/TRACKING ERROR OPEN,NO MOTION OR SAFETY CREDIT
P02_LEFT_WEIGHT_TRANSFER,L_forearm,L_thigh,50.733198,0.000000,NO,PASS,NOMINAL RIGID LINK ENVELOPES; TOLERANCE/COVERS/CABLES/TRACKING ERROR OPEN,NO MOTION OR SAFETY CREDIT
P02_LEFT_WEIGHT_TRANSFER,L_forearm,R_ankle_pitch_link,307.039691,0.000000,NO,PASS,NOMINAL RIGID LINK ENVELOPES; TOLERANCE/COVERS/CABLES/TRACKING ERROR OPEN,NO MOTION OR SAFETY CREDIT
P02_LEFT_WEIGHT_TRANSFER,L_forearm,R_foot,334.800663,0.000000,NO,PASS,NOMINAL RIGID LINK ENVELOPES; TOLERANCE/COVERS/CABLES/TRACKING ERROR OPEN,NO MOTION OR SAFETY CREDIT
P02_LEFT_WEIGHT_TRANSFER,L_forearm,R_forearm,296.821669,0.000000,NO,PASS,NOMINAL RIGID LINK ENVELOPES; TOLERANCE/COVERS/CABLES/TRACKING ERROR OPEN,NO MOTION OR SAFETY CREDIT
P02_LEFT_WEIGHT_TRANSFER,L_forearm,R_gripper,344.596083,0.000000,NO,PASS,NOMINAL RIGID LINK ENVELOPES; TOLERANCE/COVERS/CABLES/TRACKING ERROR OPEN,NO MOTION OR SAFETY CREDIT
P02_LEFT_WEIGHT_TRANSFER,L_forearm,R_hand,329.574963,0.000000,NO,PASS,NOMINAL RIGID LINK ENVELOPES; TOLERANCE/COVERS/CABLES/TRACKING ERROR OPEN,NO MOTION OR SAFETY CREDIT
P02_LEFT_WEIGHT_TRANSFER,L_forearm,R_hip_roll_link,176.788610,0.000000,NO,PASS,NOMINAL RIGID LINK ENVELOPES; TOLERANCE/COVERS/CABLES/TRACKING ERROR OPEN,NO MOTION OR SAFETY CREDIT
P02_LEFT_WEIGHT_TRANSFER,L_forearm,R_hip_yaw_link,178.867973,0.000000,NO,PASS,NOMINAL RIGID LINK ENVELOPES; TOLERANCE/COVERS/CABLES/TRACKING ERROR OPEN,NO MOTION OR SAFETY CREDIT
P02_LEFT_WEIGHT_TRANSFER,L_forearm,R_shin,249.998112,0.000000,NO,PASS,NOMINAL RIGID LINK ENVELOPES; TOLERANCE/COVERS/CABLES/TRACKING ERROR OPEN,NO MOTION OR SAFETY CREDIT
P02_LEFT_WEIGHT_TRANSFER,L_forearm,R_shoulder_pitch_link,256.969120,0.000000,NO,PASS,NOMINAL RIGID LINK ENVELOPES; TOLERANCE/COVERS/CABLES/TRACKING ERROR OPEN,NO MOTION OR SAFETY CREDIT
P02_LEFT_WEIGHT_TRANSFER,L_forearm,R_thigh,175.733198,0.000000,NO,PASS,NOMINAL RIGID LINK ENVELOPES; TOLERANCE/COVERS/CABLES/TRACKING ERROR OPEN,NO MOTION OR SAFETY CREDIT
P02_LEFT_WEIGHT_TRANSFER,L_forearm,R_upper_arm,232.521049,0.000000,NO,PASS,NOMINAL RIGID LINK ENVELOPES; TOLERANCE/COVERS/CABLES/TRACKING ERROR OPEN,NO MOTION OR SAFETY CREDIT
P02_LEFT_WEIGHT_TRANSFER,L_forearm,base_link,71.647973,0.000000,NO,PASS,NOMINAL RIGID LINK ENVELOPES; TOLERANCE/COVERS/CABLES/TRACKING ERROR OPEN,NO MOTION OR SAFETY CREDIT
P02_LEFT_WEIGHT_TRANSFER,L_forearm,head,219.378905,0.000000,NO,PASS,NOMINAL RIGID LINK ENVELOPES; TOLERANCE/COVERS/CABLES/TRACKING ERROR OPEN,NO MOTION OR SAFETY CREDIT
P02_LEFT_WEIGHT_TRANSFER,L_forearm,neck_pan_link,199.066920,0.000000,NO,PASS,NOMINAL RIGID LINK ENVELOPES; TOLERANCE/COVERS/CABLES/TRACKING ERROR OPEN,NO MOTION OR SAFETY CREDIT
P02_LEFT_WEIGHT_TRANSFER,L_forearm,torso,52.368450,0.000000,NO,PASS,NOMINAL RIGID LINK ENVELOPES; TOLERANCE/COVERS/CABLES/TRACKING ERROR OPEN,NO MOTION OR SAFETY CREDIT
P02_LEFT_WEIGHT_TRANSFER,L_gripper,L_hip_roll_link,136.353340,0.000000,NO,PASS,NOMINAL RIGID LINK ENVELOPES; TOLERANCE/COVERS/CABLES/TRACKING ERROR OPEN,NO MOTION OR SAFETY CREDIT
P02_LEFT_WEIGHT_TRANSFER,L_gripper,L_hip_yaw_link,146.421447,0.000000,NO,PASS,NOMINAL RIGID LINK ENVELOPES; TOLERANCE/COVERS/CABLES/TRACKING ERROR OPEN,NO MOTION OR SAFETY CREDIT
P02_LEFT_WEIGHT_TRANSFER,L_gripper,L_shin,148.482775,0.000000,NO,PASS,NOMINAL RIGID LINK ENVELOPES; TOLERANCE/COVERS/CABLES/TRACKING ERROR OPEN,NO MOTION OR SAFETY CREDIT
P02_LEFT_WEIGHT_TRANSFER,L_gripper,L_shoulder_pitch_link,285.817051,0.000000,NO,PASS,NOMINAL RIGID LINK ENVELOPES; TOLERANCE/COVERS/CABLES/TRACKING ERROR OPEN,NO MOTION OR SAFETY CREDIT
P02_LEFT_WEIGHT_TRANSFER,L_gripper,L_thigh,102.331697,0.000000,NO,PASS,NOMINAL RIGID LINK ENVELOPES; TOLERANCE/COVERS/CABLES/TRACKING ERROR OPEN,NO MOTION OR SAFETY CREDIT
P02_LEFT_WEIGHT_TRANSFER,L_gripper,L_upper_arm,154.553342,0.000000,NO,PASS,NOMINAL RIGID LINK ENVELOPES; TOLERANCE/COVERS/CABLES/TRACKING ERROR OPEN,NO MOTION OR SAFETY CREDIT
P02_LEFT_WEIGHT_TRANSFER,L_gripper,R_ankle_pitch_link,305.175404,0.000000,NO,PASS,NOMINAL RIGID LINK ENVELOPES; TOLERANCE/COVERS/CABLES/TRACKING ERROR OPEN,NO MOTION OR SAFETY CREDIT
P02_LEFT_WEIGHT_TRANSFER,L_gripper,R_foot,320.792384,0.000000,NO,PASS,NOMINAL RIGID LINK ENVELOPES; TOLERANCE/COVERS/CABLES/TRACKING ERROR OPEN,NO MOTION OR SAFETY CREDIT
P02_LEFT_WEIGHT_TRANSFER,L_gripper,R_forearm,348.713259,0.000000,NO,PASS,NOMINAL RIGID LINK ENVELOPES; TOLERANCE/COVERS/CABLES/TRACKING ERROR OPEN,NO MOTION OR SAFETY CREDIT
P02_LEFT_WEIGHT_TRANSFER,L_gripper,R_gripper,395.932944,0.000000,NO,PASS,NOMINAL RIGID LINK ENVELOPES; TOLERANCE/COVERS/CABLES/TRACKING ERROR OPEN,NO MOTION OR SAFETY CREDIT
P02_LEFT_WEIGHT_TRANSFER,L_gripper,R_hand,381.173462,0.000000,NO,PASS,NOMINAL RIGID LINK ENVELOPES; TOLERANCE/COVERS/CABLES/TRACKING ERROR OPEN,NO MOTION OR SAFETY CREDIT
P02_LEFT_WEIGHT_TRANSFER,L_gripper,R_hip_roll_link,245.079600,0.000000,NO,PASS,NOMINAL RIGID LINK ENVELOPES; TOLERANCE/COVERS/CABLES/TRACKING ERROR OPEN,NO MOTION OR SAFETY CREDIT
P02_LEFT_WEIGHT_TRANSFER,L_gripper,R_hip_yaw_link,251.854835,0.000000,NO,PASS,NOMINAL RIGID LINK ENVELOPES; TOLERANCE/COVERS/CABLES/TRACKING ERROR OPEN,NO MOTION OR SAFETY CREDIT
P02_LEFT_WEIGHT_TRANSFER,L_gripper,R_shin,268.685494,0.000000,NO,PASS,NOMINAL RIGID LINK ENVELOPES; TOLERANCE/COVERS/CABLES/TRACKING ERROR OPEN,NO MOTION OR SAFETY CREDIT
P02_LEFT_WEIGHT_TRANSFER,L_gripper,R_shoulder_pitch_link,395.302219,0.000000,NO,PASS,NOMINAL RIGID LINK ENVELOPES; TOLERANCE/COVERS/CABLES/TRACKING ERROR OPEN,NO MOTION OR SAFETY CREDIT
P02_LEFT_WEIGHT_TRANSFER,L_gripper,R_thigh,227.331697,0.000000,NO,PASS,NOMINAL RIGID LINK ENVELOPES; TOLERANCE/COVERS/CABLES/TRACKING ERROR OPEN,NO MOTION OR SAFETY CREDIT
P02_LEFT_WEIGHT_TRANSFER,L_gripper,R_upper_arm,321.865931,0.000000,NO,PASS,NOMINAL RIGID LINK ENVELOPES; TOLERANCE/COVERS/CABLES/TRACKING ERROR OPEN,NO MOTION OR SAFETY CREDIT
P02_LEFT_WEIGHT_TRANSFER,L_gripper,base_link,146.538691,0.000000,NO,PASS,NOMINAL RIGID LINK ENVELOPES; TOLERANCE/COVERS/CABLES/TRACKING ERROR OPEN,NO MOTION OR SAFETY CREDIT
P02_LEFT_WEIGHT_TRANSFER,L_gripper,head,391.042414,0.000000,NO,PASS,NOMINAL RIGID LINK ENVELOPES; TOLERANCE/COVERS/CABLES/TRACKING ERROR OPEN,NO MOTION OR SAFETY CREDIT
P02_LEFT_WEIGHT_TRANSFER,L_gripper,neck_pan_link,365.290813,0.000000,NO,PASS,NOMINAL RIGID LINK ENVELOPES; TOLERANCE/COVERS/CABLES/TRACKING ERROR OPEN,NO MOTION OR SAFETY CREDIT
P02_LEFT_WEIGHT_TRANSFER,L_gripper,torso,200.924276,0.000000,NO,PASS,NOMINAL RIGID LINK ENVELOPES; TOLERANCE/COVERS/CABLES/TRACKING ERROR OPEN,NO MOTION OR SAFETY CREDIT
P02_LEFT_WEIGHT_TRANSFER,L_hand,L_hip_roll_link,109.107413,0.000000,NO,PASS,NOMINAL RIGID LINK ENVELOPES; TOLERANCE/COVERS/CABLES/TRACKING ERROR OPEN,NO MOTION OR SAFETY CREDIT
P02_LEFT_WEIGHT_TRANSFER,L_hand,L_hip_yaw_link,118.532904,0.000000,NO,PASS,NOMINAL RIGID LINK ENVELOPES; TOLERANCE/COVERS/CABLES/TRACKING ERROR OPEN,NO MOTION OR SAFETY CREDIT
P02_LEFT_WEIGHT_TRANSFER,L_hand,L_shin,151.332258,0.000000,NO,PASS,NOMINAL RIGID LINK ENVELOPES; TOLERANCE/COVERS/CABLES/TRACKING ERROR OPEN,NO MOTION OR SAFETY CREDIT
P02_LEFT_WEIGHT_TRANSFER,L_hand,L_shoulder_pitch_link,257.755652,0.000000,NO,PASS,NOMINAL RIGID LINK ENVELOPES; TOLERANCE/COVERS/CABLES/TRACKING ERROR OPEN,NO MOTION OR SAFETY CREDIT
P02_LEFT_WEIGHT_TRANSFER,L_hand,L_thigh,87.570259,0.000000,NO,PASS,NOMINAL RIGID LINK ENVELOPES; TOLERANCE/COVERS/CABLES/TRACKING ERROR OPEN,NO MOTION OR SAFETY CREDIT
P02_LEFT_WEIGHT_TRANSFER,L_hand,L_upper_arm,127.322272,0.000000,NO,PASS,NOMINAL RIGID LINK ENVELOPES; TOLERANCE/COVERS/CABLES/TRACKING ERROR OPEN,NO MOTION OR SAFETY CREDIT
P02_LEFT_WEIGHT_TRANSFER,L_hand,R_ankle_pitch_link,308.260589,0.000000,NO,PASS,NOMINAL RIGID LINK ENVELOPES; TOLERANCE/COVERS/CABLES/TRACKING ERROR OPEN,NO MOTION OR SAFETY CREDIT
P02_LEFT_WEIGHT_TRANSFER,L_hand,R_foot,328.742566,0.000000,NO,PASS,NOMINAL RIGID LINK ENVELOPES; TOLERANCE/COVERS/CABLES/TRACKING ERROR OPEN,NO MOTION OR SAFETY CREDIT
P02_LEFT_WEIGHT_TRANSFER,L_hand,R_forearm,333.658729,0.000000,NO,PASS,NOMINAL RIGID LINK ENVELOPES; TOLERANCE/COVERS/CABLES/TRACKING ERROR OPEN,NO MOTION OR SAFETY CREDIT
P02_LEFT_WEIGHT_TRANSFER,L_hand,R_gripper,381.171506,0.000000,NO,PASS,NOMINAL RIGID LINK ENVELOPES; TOLERANCE/COVERS/CABLES/TRACKING ERROR OPEN,NO MOTION OR SAFETY CREDIT
P02_LEFT_WEIGHT_TRANSFER,L_hand,R_hand,366.412024,0.000000,NO,PASS,NOMINAL RIGID LINK ENVELOPES; TOLERANCE/COVERS/CABLES/TRACKING ERROR OPEN,NO MOTION OR SAFETY CREDIT
P02_LEFT_WEIGHT_TRANSFER,L_hand,R_hip_roll_link,222.903220,0.000000,NO,PASS,NOMINAL RIGID LINK ENVELOPES; TOLERANCE/COVERS/CABLES/TRACKING ERROR OPEN,NO MOTION OR SAFETY CREDIT
P02_LEFT_WEIGHT_TRANSFER,L_hand,R_hip_yaw_link,228.804082,0.000000,NO,PASS,NOMINAL RIGID LINK ENVELOPES; TOLERANCE/COVERS/CABLES/TRACKING ERROR OPEN,NO MOTION OR SAFETY CREDIT
P02_LEFT_WEIGHT_TRANSFER,L_hand,R_shin,263.354994,0.000000,NO,PASS,NOMINAL RIGID LINK ENVELOPES; TOLERANCE/COVERS/CABLES/TRACKING ERROR OPEN,NO MOTION OR SAFETY CREDIT
P02_LEFT_WEIGHT_TRANSFER,L_hand,R_shoulder_pitch_link,367.165671,0.000000,NO,PASS,NOMINAL RIGID LINK ENVELOPES; TOLERANCE/COVERS/CABLES/TRACKING ERROR OPEN,NO MOTION OR SAFETY CREDIT
P02_LEFT_WEIGHT_TRANSFER,L_hand,R_thigh,212.570259,0.000000,NO,PASS,NOMINAL RIGID LINK ENVELOPES; TOLERANCE/COVERS/CABLES/TRACKING ERROR OPEN,NO MOTION OR SAFETY CREDIT
P02_LEFT_WEIGHT_TRANSFER,L_hand,R_upper_arm,297.362563,0.000000,NO,PASS,NOMINAL RIGID LINK ENVELOPES; TOLERANCE/COVERS/CABLES/TRACKING ERROR OPEN,NO MOTION OR SAFETY CREDIT
P02_LEFT_WEIGHT_TRANSFER,L_hand,base_link,121.185821,0.000000,NO,PASS,NOMINAL RIGID LINK ENVELOPES; TOLERANCE/COVERS/CABLES/TRACKING ERROR OPEN,NO MOTION OR SAFETY CREDIT
P02_LEFT_WEIGHT_TRANSFER,L_hand,head,362.434215,0.000000,NO,PASS,NOMINAL RIGID LINK ENVELOPES; TOLERANCE/COVERS/CABLES/TRACKING ERROR OPEN,NO MOTION OR SAFETY CREDIT
P02_LEFT_WEIGHT_TRANSFER,L_hand,neck_pan_link,336.055063,0.000000,NO,PASS,NOMINAL RIGID LINK ENVELOPES; TOLERANCE/COVERS/CABLES/TRACKING ERROR OPEN,NO MOTION OR SAFETY CREDIT
P02_LEFT_WEIGHT_TRANSFER,L_hand,torso,171.667881,0.000000,NO,PASS,NOMINAL RIGID LINK ENVELOPES; TOLERANCE/COVERS/CABLES/TRACKING ERROR OPEN,NO MOTION OR SAFETY CREDIT
P02_LEFT_WEIGHT_TRANSFER,L_hip_roll_link,L_shin,208.798048,0.000000,NO,PASS,NOMINAL RIGID LINK ENVELOPES; TOLERANCE/COVERS/CABLES/TRACKING ERROR OPEN,NO MOTION OR SAFETY CREDIT
P02_LEFT_WEIGHT_TRANSFER,L_hip_roll_link,L_shoulder_pitch_link,140.219701,0.000000,NO,PASS,NOMINAL RIGID LINK ENVELOPES; TOLERANCE/COVERS/CABLES/TRACKING ERROR OPEN,NO MOTION OR SAFETY CREDIT
P02_LEFT_WEIGHT_TRANSFER,L_hip_roll_link,L_upper_arm,36.484542,0.000000,NO,PASS,NOMINAL RIGID LINK ENVELOPES; TOLERANCE/COVERS/CABLES/TRACKING ERROR OPEN,NO MOTION OR SAFETY CREDIT
P02_LEFT_WEIGHT_TRANSFER,L_hip_roll_link,R_ankle_pitch_link,305.364213,0.000000,NO,PASS,NOMINAL RIGID LINK ENVELOPES; TOLERANCE/COVERS/CABLES/TRACKING ERROR OPEN,NO MOTION OR SAFETY CREDIT
P02_LEFT_WEIGHT_TRANSFER,L_hip_roll_link,R_foot,346.188079,0.000000,NO,PASS,NOMINAL RIGID LINK ENVELOPES; TOLERANCE/COVERS/CABLES/TRACKING ERROR OPEN,NO MOTION OR SAFETY CREDIT
P02_LEFT_WEIGHT_TRANSFER,L_hip_roll_link,R_forearm,180.874332,0.000000,NO,PASS,NOMINAL RIGID LINK ENVELOPES; TOLERANCE/COVERS/CABLES/TRACKING ERROR OPEN,NO MOTION OR SAFETY CREDIT
P02_LEFT_WEIGHT_TRANSFER,L_hip_roll_link,R_gripper,245.079600,0.000000,NO,PASS,NOMINAL RIGID LINK ENVELOPES; TOLERANCE/COVERS/CABLES/TRACKING ERROR OPEN,NO MOTION OR SAFETY CREDIT
P02_LEFT_WEIGHT_TRANSFER,L_hip_roll_link,R_hand,222.904976,0.000000,NO,PASS,NOMINAL RIGID LINK ENVELOPES; TOLERANCE/COVERS/CABLES/TRACKING ERROR OPEN,NO MOTION OR SAFETY CREDIT
P02_LEFT_WEIGHT_TRANSFER,L_hip_roll_link,R_hip_roll_link,60.841274,0.000000,NO,PASS,NOMINAL RIGID LINK ENVELOPES; TOLERANCE/COVERS/CABLES/TRACKING ERROR OPEN,NO MOTION OR SAFETY CREDIT
P02_LEFT_WEIGHT_TRANSFER,L_hip_roll_link,R_hip_yaw_link,62.920637,0.000000,NO,PASS,NOMINAL RIGID LINK ENVELOPES; TOLERANCE/COVERS/CABLES/TRACKING ERROR OPEN,NO MOTION OR SAFETY CREDIT
P02_LEFT_WEIGHT_TRANSFER,L_hip_roll_link,R_shin,229.615370,0.000000,NO,PASS,NOMINAL RIGID LINK ENVELOPES; TOLERANCE/COVERS/CABLES/TRACKING ERROR OPEN,NO MOTION OR SAFETY CREDIT
P02_LEFT_WEIGHT_TRANSFER,L_hip_roll_link,R_shoulder_pitch_link,181.351375,0.000000,NO,PASS,NOMINAL RIGID LINK ENVELOPES; TOLERANCE/COVERS/CABLES/TRACKING ERROR OPEN,NO MOTION OR SAFETY CREDIT
P02_LEFT_WEIGHT_TRANSFER,L_hip_roll_link,R_thigh,59.785862,0.000000,NO,PASS,NOMINAL RIGID LINK ENVELOPES; TOLERANCE/COVERS/CABLES/TRACKING ERROR OPEN,NO MOTION OR SAFETY CREDIT
P02_LEFT_WEIGHT_TRANSFER,L_hip_roll_link,R_upper_arm,117.535497,0.000000,NO,PASS,NOMINAL RIGID LINK ENVELOPES; TOLERANCE/COVERS/CABLES/TRACKING ERROR OPEN,NO MOTION OR SAFETY CREDIT
P02_LEFT_WEIGHT_TRANSFER,L_hip_roll_link,head,234.261701,0.000000,NO,PASS,NOMINAL RIGID LINK ENVELOPES; TOLERANCE/COVERS/CABLES/TRACKING ERROR OPEN,NO MOTION OR SAFETY CREDIT
P02_LEFT_WEIGHT_TRANSFER,L_hip_roll_link,neck_pan_link,185.952276,0.000000,NO,PASS,NOMINAL RIGID LINK ENVELOPES; TOLERANCE/COVERS/CABLES/TRACKING ERROR OPEN,NO MOTION OR SAFETY CREDIT
P02_LEFT_WEIGHT_TRANSFER,L_hip_roll_link,torso,36.123701,0.000000,NO,PASS,NOMINAL RIGID LINK ENVELOPES; TOLERANCE/COVERS/CABLES/TRACKING ERROR OPEN,NO MOTION OR SAFETY CREDIT
P02_LEFT_WEIGHT_TRANSFER,L_hip_yaw_link,L_shin,221.465346,0.000000,NO,PASS,NOMINAL RIGID LINK ENVELOPES; TOLERANCE/COVERS/CABLES/TRACKING ERROR OPEN,NO MOTION OR SAFETY CREDIT
P02_LEFT_WEIGHT_TRANSFER,L_hip_yaw_link,L_shoulder_pitch_link,134.887000,0.000000,NO,PASS,NOMINAL RIGID LINK ENVELOPES; TOLERANCE/COVERS/CABLES/TRACKING ERROR OPEN,NO MOTION OR SAFETY CREDIT
P02_LEFT_WEIGHT_TRANSFER,L_hip_yaw_link,L_upper_arm,30.184319,0.000000,NO,PASS,NOMINAL RIGID LINK ENVELOPES; TOLERANCE/COVERS/CABLES/TRACKING ERROR OPEN,NO MOTION OR SAFETY CREDIT
P02_LEFT_WEIGHT_TRANSFER,L_hip_yaw_link,R_ankle_pitch_link,317.959602,0.000000,NO,PASS,NOMINAL RIGID LINK ENVELOPES; TOLERANCE/COVERS/CABLES/TRACKING ERROR OPEN,NO MOTION OR SAFETY CREDIT
P02_LEFT_WEIGHT_TRANSFER,L_hip_yaw_link,R_foot,358.920870,0.000000,NO,PASS,NOMINAL RIGID LINK ENVELOPES; TOLERANCE/COVERS/CABLES/TRACKING ERROR OPEN,NO MOTION OR SAFETY CREDIT
P02_LEFT_WEIGHT_TRANSFER,L_hip_yaw_link,R_forearm,182.953696,0.000000,NO,PASS,NOMINAL RIGID LINK ENVELOPES; TOLERANCE/COVERS/CABLES/TRACKING ERROR OPEN,NO MOTION OR SAFETY CREDIT
P02_LEFT_WEIGHT_TRANSFER,L_hip_yaw_link,R_gripper,251.854835,0.000000,NO,PASS,NOMINAL RIGID LINK ENVELOPES; TOLERANCE/COVERS/CABLES/TRACKING ERROR OPEN,NO MOTION OR SAFETY CREDIT
P02_LEFT_WEIGHT_TRANSFER,L_hip_yaw_link,R_hand,228.805787,0.000000,NO,PASS,NOMINAL RIGID LINK ENVELOPES; TOLERANCE/COVERS/CABLES/TRACKING ERROR OPEN,NO MOTION OR SAFETY CREDIT
P02_LEFT_WEIGHT_TRANSFER,L_hip_yaw_link,R_hip_roll_link,62.920637,0.000000,NO,PASS,NOMINAL RIGID LINK ENVELOPES; TOLERANCE/COVERS/CABLES/TRACKING ERROR OPEN,NO MOTION OR SAFETY CREDIT
P02_LEFT_WEIGHT_TRANSFER,L_hip_yaw_link,R_hip_yaw_link,65.000000,0.000000,NO,PASS,NOMINAL RIGID LINK ENVELOPES; TOLERANCE/COVERS/CABLES/TRACKING ERROR OPEN,NO MOTION OR SAFETY CREDIT
P02_LEFT_WEIGHT_TRANSFER,L_hip_yaw_link,R_shin,242.022960,0.000000,NO,PASS,NOMINAL RIGID LINK ENVELOPES; TOLERANCE/COVERS/CABLES/TRACKING ERROR OPEN,NO MOTION OR SAFETY CREDIT
P02_LEFT_WEIGHT_TRANSFER,L_hip_yaw_link,R_shoulder_pitch_link,178.616540,0.000000,NO,PASS,NOMINAL RIGID LINK ENVELOPES; TOLERANCE/COVERS/CABLES/TRACKING ERROR OPEN,NO MOTION OR SAFETY CREDIT
P02_LEFT_WEIGHT_TRANSFER,L_hip_yaw_link,R_thigh,61.865225,0.000000,NO,PASS,NOMINAL RIGID LINK ENVELOPES; TOLERANCE/COVERS/CABLES/TRACKING ERROR OPEN,NO MOTION OR SAFETY CREDIT
P02_LEFT_WEIGHT_TRANSFER,L_hip_yaw_link,R_upper_arm,119.046687,0.000000,NO,PASS,NOMINAL RIGID LINK ENVELOPES; TOLERANCE/COVERS/CABLES/TRACKING ERROR OPEN,NO MOTION OR SAFETY CREDIT
P02_LEFT_WEIGHT_TRANSFER,L_hip_yaw_link,head,228.929000,0.000000,NO,PASS,NOMINAL RIGID LINK ENVELOPES; TOLERANCE/COVERS/CABLES/TRACKING ERROR OPEN,NO MOTION OR SAFETY CREDIT
P02_LEFT_WEIGHT_TRANSFER,L_hip_yaw_link,neck_pan_link,180.687474,0.000000,NO,PASS,NOMINAL RIGID LINK ENVELOPES; TOLERANCE/COVERS/CABLES/TRACKING ERROR OPEN,NO MOTION OR SAFETY CREDIT
P02_LEFT_WEIGHT_TRANSFER,L_hip_yaw_link,torso,30.791000,0.000000,NO,PASS,NOMINAL RIGID LINK ENVELOPES; TOLERANCE/COVERS/CABLES/TRACKING ERROR OPEN,NO MOTION OR SAFETY CREDIT
P02_LEFT_WEIGHT_TRANSFER,L_shin,L_shoulder_pitch_link,397.173435,0.000000,NO,PASS,NOMINAL RIGID LINK ENVELOPES; TOLERANCE/COVERS/CABLES/TRACKING ERROR OPEN,NO MOTION OR SAFETY CREDIT
P02_LEFT_WEIGHT_TRANSFER,L_shin,L_upper_arm,273.158451,0.000000,NO,PASS,NOMINAL RIGID LINK ENVELOPES; TOLERANCE/COVERS/CABLES/TRACKING ERROR OPEN,NO MOTION OR SAFETY CREDIT
P02_LEFT_WEIGHT_TRANSFER,L_shin,R_ankle_pitch_link,50.492362,0.000000,NO,PASS,NOMINAL RIGID LINK ENVELOPES; TOLERANCE/COVERS/CABLES/TRACKING ERROR OPEN,NO MOTION OR SAFETY CREDIT
P02_LEFT_WEIGHT_TRANSFER,L_shin,R_foot,42.443914,0.000000,NO,PASS,NOMINAL RIGID LINK ENVELOPES; TOLERANCE/COVERS/CABLES/TRACKING ERROR OPEN,NO MOTION OR SAFETY CREDIT
P02_LEFT_WEIGHT_TRANSFER,L_shin,R_forearm,182.383348,0.000000,NO,PASS,NOMINAL RIGID LINK ENVELOPES; TOLERANCE/COVERS/CABLES/TRACKING ERROR OPEN,NO MOTION OR SAFETY CREDIT
P02_LEFT_WEIGHT_TRANSFER,L_shin,R_gripper,179.533641,0.000000,NO,PASS,NOMINAL RIGID LINK ENVELOPES; TOLERANCE/COVERS/CABLES/TRACKING ERROR OPEN,NO MOTION OR SAFETY CREDIT
P02_LEFT_WEIGHT_TRANSFER,L_shin,R_hand,179.205314,0.000000,NO,PASS,NOMINAL RIGID LINK ENVELOPES; TOLERANCE/COVERS/CABLES/TRACKING ERROR OPEN,NO MOTION OR SAFETY CREDIT
P02_LEFT_WEIGHT_TRANSFER,L_shin,R_hip_roll_link,208.827104,0.000000,NO,PASS,NOMINAL RIGID LINK ENVELOPES; TOLERANCE/COVERS/CABLES/TRACKING ERROR OPEN,NO MOTION OR SAFETY CREDIT
P02_LEFT_WEIGHT_TRANSFER,L_shin,R_hip_yaw_link,221.535199,0.000000,NO,PASS,NOMINAL RIGID LINK ENVELOPES; TOLERANCE/COVERS/CABLES/TRACKING ERROR OPEN,NO MOTION OR SAFETY CREDIT
P02_LEFT_WEIGHT_TRANSFER,L_shin,R_shin,55.626983,0.000000,NO,PASS,NOMINAL RIGID LINK ENVELOPES; TOLERANCE/COVERS/CABLES/TRACKING ERROR OPEN,NO MOTION OR SAFETY CREDIT
P02_LEFT_WEIGHT_TRANSFER,L_shin,R_shoulder_pitch_link,400.523012,0.000000,NO,PASS,NOMINAL RIGID LINK ENVELOPES; TOLERANCE/COVERS/CABLES/TRACKING ERROR OPEN,NO MOTION OR SAFETY CREDIT
P02_LEFT_WEIGHT_TRANSFER,L_shin,R_thigh,82.372833,0.000000,NO,PASS,NOMINAL RIGID LINK ENVELOPES; TOLERANCE/COVERS/CABLES/TRACKING ERROR OPEN,NO MOTION OR SAFETY CREDIT
P02_LEFT_WEIGHT_TRANSFER,L_shin,R_upper_arm,277.529039,0.000000,NO,PASS,NOMINAL RIGID LINK ENVELOPES; TOLERANCE/COVERS/CABLES/TRACKING ERROR OPEN,NO MOTION OR SAFETY CREDIT
P02_LEFT_WEIGHT_TRANSFER,L_shin,base_link,199.168346,0.000000,NO,PASS,NOMINAL RIGID LINK ENVELOPES; TOLERANCE/COVERS/CABLES/TRACKING ERROR OPEN,NO MOTION OR SAFETY CREDIT
P02_LEFT_WEIGHT_TRANSFER,L_shin,head,490.394346,0.000000,NO,PASS,NOMINAL RIGID LINK ENVELOPES; TOLERANCE/COVERS/CABLES/TRACKING ERROR OPEN,NO MOTION OR SAFETY CREDIT
P02_LEFT_WEIGHT_TRANSFER,L_shin,neck_pan_link,442.025346,0.000000,NO,PASS,NOMINAL RIGID LINK ENVELOPES; TOLERANCE/COVERS/CABLES/TRACKING ERROR OPEN,NO MOTION OR SAFETY CREDIT
P02_LEFT_WEIGHT_TRANSFER,L_shin,torso,292.256346,0.000000,NO,PASS,NOMINAL RIGID LINK ENVELOPES; TOLERANCE/COVERS/CABLES/TRACKING ERROR OPEN,NO MOTION OR SAFETY CREDIT
P02_LEFT_WEIGHT_TRANSFER,L_shoulder_pitch_link,L_thigh,166.530743,0.000000,NO,PASS,NOMINAL RIGID LINK ENVELOPES; TOLERANCE/COVERS/CABLES/TRACKING ERROR OPEN,NO MOTION OR SAFETY CREDIT
P02_LEFT_WEIGHT_TRANSFER,L_shoulder_pitch_link,R_ankle_pitch_link,500.472444,0.000000,NO,PASS,NOMINAL RIGID LINK ENVELOPES; TOLERANCE/COVERS/CABLES/TRACKING ERROR OPEN,NO MOTION OR SAFETY CREDIT
P02_LEFT_WEIGHT_TRANSFER,L_shoulder_pitch_link,R_foot,541.635004,0.000000,NO,PASS,NOMINAL RIGID LINK ENVELOPES; TOLERANCE/COVERS/CABLES/TRACKING ERROR OPEN,NO MOTION OR SAFETY CREDIT
P02_LEFT_WEIGHT_TRANSFER,L_shoulder_pitch_link,R_forearm,261.019344,0.000000,NO,PASS,NOMINAL RIGID LINK ENVELOPES; TOLERANCE/COVERS/CABLES/TRACKING ERROR OPEN,NO MOTION OR SAFETY CREDIT
P02_LEFT_WEIGHT_TRANSFER,L_shoulder_pitch_link,R_gripper,395.893048,0.000000,NO,PASS,NOMINAL RIGID LINK ENVELOPES; TOLERANCE/COVERS/CABLES/TRACKING ERROR OPEN,NO MOTION OR SAFETY CREDIT
P02_LEFT_WEIGHT_TRANSFER,L_shoulder_pitch_link,R_hand,367.769693,0.000000,NO,PASS,NOMINAL RIGID LINK ENVELOPES; TOLERANCE/COVERS/CABLES/TRACKING ERROR OPEN,NO MOTION OR SAFETY CREDIT
P02_LEFT_WEIGHT_TRANSFER,L_shoulder_pitch_link,R_hip_roll_link,181.876321,0.000000,NO,PASS,NOMINAL RIGID LINK ENVELOPES; TOLERANCE/COVERS/CABLES/TRACKING ERROR OPEN,NO MOTION OR SAFETY CREDIT
P02_LEFT_WEIGHT_TRANSFER,L_shoulder_pitch_link,R_hip_yaw_link,179.159086,0.000000,NO,PASS,NOMINAL RIGID LINK ENVELOPES; TOLERANCE/COVERS/CABLES/TRACKING ERROR OPEN,NO MOTION OR SAFETY CREDIT
P02_LEFT_WEIGHT_TRANSFER,L_shoulder_pitch_link,R_shin,423.973029,0.000000,NO,PASS,NOMINAL RIGID LINK ENVELOPES; TOLERANCE/COVERS/CABLES/TRACKING ERROR OPEN,NO MOTION OR SAFETY CREDIT
P02_LEFT_WEIGHT_TRANSFER,L_shoulder_pitch_link,R_shoulder_pitch_link,170.000000,0.000000,NO,PASS,NOMINAL RIGID LINK ENVELOPES; TOLERANCE/COVERS/CABLES/TRACKING ERROR OPEN,NO MOTION OR SAFETY CREDIT
P02_LEFT_WEIGHT_TRANSFER,L_shoulder_pitch_link,R_thigh,202.253626,0.000000,NO,PASS,NOMINAL RIGID LINK ENVELOPES; TOLERANCE/COVERS/CABLES/TRACKING ERROR OPEN,NO MOTION OR SAFETY CREDIT
P02_LEFT_WEIGHT_TRANSFER,L_shoulder_pitch_link,R_upper_arm,171.566076,0.000000,NO,PASS,NOMINAL RIGID LINK ENVELOPES; TOLERANCE/COVERS/CABLES/TRACKING ERROR OPEN,NO MOTION OR SAFETY CREDIT
P02_LEFT_WEIGHT_TRANSFER,L_shoulder_pitch_link,base_link,127.632715,0.000000,NO,PASS,NOMINAL RIGID LINK ENVELOPES; TOLERANCE/COVERS/CABLES/TRACKING ERROR OPEN,NO MOTION OR SAFETY CREDIT
P02_LEFT_WEIGHT_TRANSFER,L_shoulder_pitch_link,head,41.599028,0.000000,NO,PASS,NOMINAL RIGID LINK ENVELOPES; TOLERANCE/COVERS/CABLES/TRACKING ERROR OPEN,NO MOTION OR SAFETY CREDIT
P02_LEFT_WEIGHT_TRANSFER,L_shoulder_pitch_link,neck_pan_link,59.699000,0.000000,NO,PASS,NOMINAL RIGID LINK ENVELOPES; TOLERANCE/COVERS/CABLES/TRACKING ERROR OPEN,NO MOTION OR SAFETY CREDIT
P02_LEFT_WEIGHT_TRANSFER,L_thigh,L_upper_arm,41.827917,0.000000,NO,PASS,NOMINAL RIGID LINK ENVELOPES; TOLERANCE/COVERS/CABLES/TRACKING ERROR OPEN,NO MOTION OR SAFETY CREDIT
P02_LEFT_WEIGHT_TRANSFER,L_thigh,R_ankle_pitch_link,178.687534,0.000000,NO,PASS,NOMINAL RIGID LINK ENVELOPES; TOLERANCE/COVERS/CABLES/TRACKING ERROR OPEN,NO MOTION OR SAFETY CREDIT
P02_LEFT_WEIGHT_TRANSFER,L_thigh,R_foot,217.654400,0.000000,NO,PASS,NOMINAL RIGID LINK ENVELOPES; TOLERANCE/COVERS/CABLES/TRACKING ERROR OPEN,NO MOTION OR SAFETY CREDIT
P02_LEFT_WEIGHT_TRANSFER,L_thigh,R_forearm,154.123533,0.000000,NO,PASS,NOMINAL RIGID LINK ENVELOPES; TOLERANCE/COVERS/CABLES/TRACKING ERROR OPEN,NO MOTION OR SAFETY CREDIT
P02_LEFT_WEIGHT_TRANSFER,L_thigh,R_gripper,201.636309,0.000000,NO,PASS,NOMINAL RIGID LINK ENVELOPES; TOLERANCE/COVERS/CABLES/TRACKING ERROR OPEN,NO MOTION OR SAFETY CREDIT
P02_LEFT_WEIGHT_TRANSFER,L_thigh,R_hand,186.876827,0.000000,NO,PASS,NOMINAL RIGID LINK ENVELOPES; TOLERANCE/COVERS/CABLES/TRACKING ERROR OPEN,NO MOTION OR SAFETY CREDIT
P02_LEFT_WEIGHT_TRANSFER,L_thigh,R_hip_roll_link,55.210983,0.000000,NO,PASS,NOMINAL RIGID LINK ENVELOPES; TOLERANCE/COVERS/CABLES/TRACKING ERROR OPEN,NO MOTION OR SAFETY CREDIT
P02_LEFT_WEIGHT_TRANSFER,L_thigh,R_hip_yaw_link,54.461905,0.000000,NO,PASS,NOMINAL RIGID LINK ENVELOPES; TOLERANCE/COVERS/CABLES/TRACKING ERROR OPEN,NO MOTION OR SAFETY CREDIT
P02_LEFT_WEIGHT_TRANSFER,L_thigh,R_shin,107.286568,0.000000,NO,PASS,NOMINAL RIGID LINK ENVELOPES; TOLERANCE/COVERS/CABLES/TRACKING ERROR OPEN,NO MOTION OR SAFETY CREDIT
P02_LEFT_WEIGHT_TRANSFER,L_thigh,R_shoulder_pitch_link,188.472166,0.000000,NO,PASS,NOMINAL RIGID LINK ENVELOPES; TOLERANCE/COVERS/CABLES/TRACKING ERROR OPEN,NO MOTION OR SAFETY CREDIT
P02_LEFT_WEIGHT_TRANSFER,L_thigh,R_thigh,49.626983,0.000000,NO,PASS,NOMINAL RIGID LINK ENVELOPES; TOLERANCE/COVERS/CABLES/TRACKING ERROR OPEN,NO MOTION OR SAFETY CREDIT
P02_LEFT_WEIGHT_TRANSFER,L_thigh,R_upper_arm,98.869637,0.000000,NO,PASS,NOMINAL RIGID LINK ENVELOPES; TOLERANCE/COVERS/CABLES/TRACKING ERROR OPEN,NO MOTION OR SAFETY CREDIT
P02_LEFT_WEIGHT_TRANSFER,L_thigh,head,260.572743,0.000000,NO,PASS,NOMINAL RIGID LINK ENVELOPES; TOLERANCE/COVERS/CABLES/TRACKING ERROR OPEN,NO MOTION OR SAFETY CREDIT
P02_LEFT_WEIGHT_TRANSFER,L_thigh,neck_pan_link,212.203743,0.000000,NO,PASS,NOMINAL RIGID LINK ENVELOPES; TOLERANCE/COVERS/CABLES/TRACKING ERROR OPEN,NO MOTION OR SAFETY CREDIT
P02_LEFT_WEIGHT_TRANSFER,L_thigh,torso,62.434743,0.000000,NO,PASS,NOMINAL RIGID LINK ENVELOPES; TOLERANCE/COVERS/CABLES/TRACKING ERROR OPEN,NO MOTION OR SAFETY CREDIT
P02_LEFT_WEIGHT_TRANSFER,L_upper_arm,R_ankle_pitch_link,386.043569,0.000000,NO,PASS,NOMINAL RIGID LINK ENVELOPES; TOLERANCE/COVERS/CABLES/TRACKING ERROR OPEN,NO MOTION OR SAFETY CREDIT
P02_LEFT_WEIGHT_TRANSFER,L_upper_arm,R_foot,424.794758,0.000000,NO,PASS,NOMINAL RIGID LINK ENVELOPES; TOLERANCE/COVERS/CABLES/TRACKING ERROR OPEN,NO MOTION OR SAFETY CREDIT
P02_LEFT_WEIGHT_TRANSFER,L_upper_arm,R_forearm,239.013015,0.000000,NO,PASS,NOMINAL RIGID LINK ENVELOPES; TOLERANCE/COVERS/CABLES/TRACKING ERROR OPEN,NO MOTION OR SAFETY CREDIT
P02_LEFT_WEIGHT_TRANSFER,L_upper_arm,R_gripper,324.231027,0.000000,NO,PASS,NOMINAL RIGID LINK ENVELOPES; TOLERANCE/COVERS/CABLES/TRACKING ERROR OPEN,NO MOTION OR SAFETY CREDIT
P02_LEFT_WEIGHT_TRANSFER,L_upper_arm,R_hand,299.760993,0.000000,NO,PASS,NOMINAL RIGID LINK ENVELOPES; TOLERANCE/COVERS/CABLES/TRACKING ERROR OPEN,NO MOTION OR SAFETY CREDIT
P02_LEFT_WEIGHT_TRANSFER,L_upper_arm,R_hip_roll_link,119.987513,0.000000,NO,PASS,NOMINAL RIGID LINK ENVELOPES; TOLERANCE/COVERS/CABLES/TRACKING ERROR OPEN,NO MOTION OR SAFETY CREDIT
P02_LEFT_WEIGHT_TRANSFER,L_upper_arm,R_hip_yaw_link,121.486938,0.000000,NO,PASS,NOMINAL RIGID LINK ENVELOPES; TOLERANCE/COVERS/CABLES/TRACKING ERROR OPEN,NO MOTION OR SAFETY CREDIT
P02_LEFT_WEIGHT_TRANSFER,L_upper_arm,R_shin,312.103366,0.000000,NO,PASS,NOMINAL RIGID LINK ENVELOPES; TOLERANCE/COVERS/CABLES/TRACKING ERROR OPEN,NO MOTION OR SAFETY CREDIT
P02_LEFT_WEIGHT_TRANSFER,L_upper_arm,R_shoulder_pitch_link,173.146319,0.000000,NO,PASS,NOMINAL RIGID LINK ENVELOPES; TOLERANCE/COVERS/CABLES/TRACKING ERROR OPEN,NO MOTION OR SAFETY CREDIT
P02_LEFT_WEIGHT_TRANSFER,L_upper_arm,R_thigh,125.123031,0.000000,NO,PASS,NOMINAL RIGID LINK ENVELOPES; TOLERANCE/COVERS/CABLES/TRACKING ERROR OPEN,NO MOTION OR SAFETY CREDIT
P02_LEFT_WEIGHT_TRANSFER,L_upper_arm,R_upper_arm,174.712395,0.000000,NO,PASS,NOMINAL RIGID LINK ENVELOPES; TOLERANCE/COVERS/CABLES/TRACKING ERROR OPEN,NO MOTION OR SAFETY CREDIT
P02_LEFT_WEIGHT_TRANSFER,L_upper_arm,base_link,44.787349,0.000000,NO,PASS,NOMINAL RIGID LINK ENVELOPES; TOLERANCE/COVERS/CABLES/TRACKING ERROR OPEN,NO MOTION OR SAFETY CREDIT
P02_LEFT_WEIGHT_TRANSFER,L_upper_arm,head,65.063298,0.000000,NO,PASS,NOMINAL RIGID LINK ENVELOPES; TOLERANCE/COVERS/CABLES/TRACKING ERROR OPEN,NO MOTION OR SAFETY CREDIT
P02_LEFT_WEIGHT_TRANSFER,L_upper_arm,neck_pan_link,64.559295,0.000000,NO,PASS,NOMINAL RIGID LINK ENVELOPES; TOLERANCE/COVERS/CABLES/TRACKING ERROR OPEN,NO MOTION OR SAFETY CREDIT
P02_LEFT_WEIGHT_TRANSFER,R_ankle_pitch_link,R_forearm,211.083193,0.000000,NO,PASS,NOMINAL RIGID LINK ENVELOPES; TOLERANCE/COVERS/CABLES/TRACKING ERROR OPEN,NO MOTION OR SAFETY CREDIT
P02_LEFT_WEIGHT_TRANSFER,R_ankle_pitch_link,R_gripper,140.320835,0.000000,NO,PASS,NOMINAL RIGID LINK ENVELOPES; TOLERANCE/COVERS/CABLES/TRACKING ERROR OPEN,NO MOTION OR SAFETY CREDIT
P02_LEFT_WEIGHT_TRANSFER,R_ankle_pitch_link,R_hand,168.126945,0.000000,NO,PASS,NOMINAL RIGID LINK ENVELOPES; TOLERANCE/COVERS/CABLES/TRACKING ERROR OPEN,NO MOTION OR SAFETY CREDIT
P02_LEFT_WEIGHT_TRANSFER,R_ankle_pitch_link,R_hip_roll_link,285.684511,0.000000,NO,PASS,NOMINAL RIGID LINK ENVELOPES; TOLERANCE/COVERS/CABLES/TRACKING ERROR OPEN,NO MOTION OR SAFETY CREDIT
P02_LEFT_WEIGHT_TRANSFER,R_ankle_pitch_link,R_hip_yaw_link,298.351809,0.000000,NO,PASS,NOMINAL RIGID LINK ENVELOPES; TOLERANCE/COVERS/CABLES/TRACKING ERROR OPEN,NO MOTION OR SAFETY CREDIT
P02_LEFT_WEIGHT_TRANSFER,R_ankle_pitch_link,R_shoulder_pitch_link,473.238809,0.000000,NO,PASS,NOMINAL RIGID LINK ENVELOPES; TOLERANCE/COVERS/CABLES/TRACKING ERROR OPEN,NO MOTION OR SAFETY CREDIT
P02_LEFT_WEIGHT_TRANSFER,R_ankle_pitch_link,R_thigh,159.223503,0.000000,NO,PASS,NOMINAL RIGID LINK ENVELOPES; TOLERANCE/COVERS/CABLES/TRACKING ERROR OPEN,NO MOTION OR SAFETY CREDIT
P02_LEFT_WEIGHT_TRANSFER,R_ankle_pitch_link,R_upper_arm,348.024521,0.000000,NO,PASS,NOMINAL RIGID LINK ENVELOPES; TOLERANCE/COVERS/CABLES/TRACKING ERROR OPEN,NO MOTION OR SAFETY CREDIT
P02_LEFT_WEIGHT_TRANSFER,R_ankle_pitch_link,base_link,276.054809,0.000000,NO,PASS,NOMINAL RIGID LINK ENVELOPES; TOLERANCE/COVERS/CABLES/TRACKING ERROR OPEN,NO MOTION OR SAFETY CREDIT
P02_LEFT_WEIGHT_TRANSFER,R_ankle_pitch_link,head,567.280895,0.000000,NO,PASS,NOMINAL RIGID LINK ENVELOPES; TOLERANCE/COVERS/CABLES/TRACKING ERROR OPEN,NO MOTION OR SAFETY CREDIT
P02_LEFT_WEIGHT_TRANSFER,R_ankle_pitch_link,neck_pan_link,521.233685,0.000000,NO,PASS,NOMINAL RIGID LINK ENVELOPES; TOLERANCE/COVERS/CABLES/TRACKING ERROR OPEN,NO MOTION OR SAFETY CREDIT
P02_LEFT_WEIGHT_TRANSFER,R_ankle_pitch_link,torso,369.142809,0.000000,NO,PASS,NOMINAL RIGID LINK ENVELOPES; TOLERANCE/COVERS/CABLES/TRACKING ERROR OPEN,NO MOTION OR SAFETY CREDIT
P02_LEFT_WEIGHT_TRANSFER,R_foot,R_forearm,256.883721,0.000000,NO,PASS,NOMINAL RIGID LINK ENVELOPES; TOLERANCE/COVERS/CABLES/TRACKING ERROR OPEN,NO MOTION OR SAFETY CREDIT
P02_LEFT_WEIGHT_TRANSFER,R_foot,R_gripper,181.443815,0.000000,NO,PASS,NOMINAL RIGID LINK ENVELOPES; TOLERANCE/COVERS/CABLES/TRACKING ERROR OPEN,NO MOTION OR SAFETY CREDIT
P02_LEFT_WEIGHT_TRANSFER,R_foot,R_hand,211.754022,0.000000,NO,PASS,NOMINAL RIGID LINK ENVELOPES; TOLERANCE/COVERS/CABLES/TRACKING ERROR OPEN,NO MOTION OR SAFETY CREDIT
P02_LEFT_WEIGHT_TRANSFER,R_foot,R_hip_roll_link,331.490269,0.000000,NO,PASS,NOMINAL RIGID LINK ENVELOPES; TOLERANCE/COVERS/CABLES/TRACKING ERROR OPEN,NO MOTION OR SAFETY CREDIT
P02_LEFT_WEIGHT_TRANSFER,R_foot,R_hip_yaw_link,344.157568,0.000000,NO,PASS,NOMINAL RIGID LINK ENVELOPES; TOLERANCE/COVERS/CABLES/TRACKING ERROR OPEN,NO MOTION OR SAFETY CREDIT
P02_LEFT_WEIGHT_TRANSFER,R_foot,R_shoulder_pitch_link,519.044568,0.000000,NO,PASS,NOMINAL RIGID LINK ENVELOPES; TOLERANCE/COVERS/CABLES/TRACKING ERROR OPEN,NO MOTION OR SAFETY CREDIT
P02_LEFT_WEIGHT_TRANSFER,R_foot,R_thigh,205.029262,0.000000,NO,PASS,NOMINAL RIGID LINK ENVELOPES; TOLERANCE/COVERS/CABLES/TRACKING ERROR OPEN,NO MOTION OR SAFETY CREDIT
P02_LEFT_WEIGHT_TRANSFER,R_foot,R_upper_arm,393.830279,0.000000,NO,PASS,NOMINAL RIGID LINK ENVELOPES; TOLERANCE/COVERS/CABLES/TRACKING ERROR OPEN,NO MOTION OR SAFETY CREDIT
P02_LEFT_WEIGHT_TRANSFER,R_foot,base_link,321.860568,0.000000,NO,PASS,NOMINAL RIGID LINK ENVELOPES; TOLERANCE/COVERS/CABLES/TRACKING ERROR OPEN,NO MOTION OR SAFETY CREDIT
P02_LEFT_WEIGHT_TRANSFER,R_foot,head,613.086568,0.000000,NO,PASS,NOMINAL RIGID LINK ENVELOPES; TOLERANCE/COVERS/CABLES/TRACKING ERROR OPEN,NO MOTION OR SAFETY CREDIT
P02_LEFT_WEIGHT_TRANSFER,R_foot,neck_pan_link,566.210861,0.000000,NO,PASS,NOMINAL RIGID LINK ENVELOPES; TOLERANCE/COVERS/CABLES/TRACKING ERROR OPEN,NO MOTION OR SAFETY CREDIT
P02_LEFT_WEIGHT_TRANSFER,R_foot,torso,414.948568,0.000000,NO,PASS,NOMINAL RIGID LINK ENVELOPES; TOLERANCE/COVERS/CABLES/TRACKING ERROR OPEN,NO MOTION OR SAFETY CREDIT
P02_LEFT_WEIGHT_TRANSFER,R_forearm,R_gripper,24.853000,0.000000,NO,PASS,NOMINAL RIGID LINK ENVELOPES; TOLERANCE/COVERS/CABLES/TRACKING ERROR OPEN,NO MOTION OR SAFETY CREDIT
P02_LEFT_WEIGHT_TRANSFER,R_forearm,R_hip_roll_link,55.874332,0.000000,NO,PASS,NOMINAL RIGID LINK ENVELOPES; TOLERANCE/COVERS/CABLES/TRACKING ERROR OPEN,NO MOTION OR SAFETY CREDIT
P02_LEFT_WEIGHT_TRANSFER,R_forearm,R_hip_yaw_link,57.953696,0.000000,NO,PASS,NOMINAL RIGID LINK ENVELOPES; TOLERANCE/COVERS/CABLES/TRACKING ERROR OPEN,NO MOTION OR SAFETY CREDIT
P02_LEFT_WEIGHT_TRANSFER,R_forearm,R_shin,134.191499,0.000000,NO,PASS,NOMINAL RIGID LINK ENVELOPES; TOLERANCE/COVERS/CABLES/TRACKING ERROR OPEN,NO MOTION OR SAFETY CREDIT
P02_LEFT_WEIGHT_TRANSFER,R_forearm,R_shoulder_pitch_link,114.747923,0.000000,NO,PASS,NOMINAL RIGID LINK ENVELOPES; TOLERANCE/COVERS/CABLES/TRACKING ERROR OPEN,NO MOTION OR SAFETY CREDIT
P02_LEFT_WEIGHT_TRANSFER,R_forearm,R_thigh,56.508939,0.000000,NO,PASS,NOMINAL RIGID LINK ENVELOPES; TOLERANCE/COVERS/CABLES/TRACKING ERROR OPEN,NO MOTION OR SAFETY CREDIT
P02_LEFT_WEIGHT_TRANSFER,R_forearm,base_link,70.173696,0.000000,NO,PASS,NOMINAL RIGID LINK ENVELOPES; TOLERANCE/COVERS/CABLES/TRACKING ERROR OPEN,NO MOTION OR SAFETY CREDIT
P02_LEFT_WEIGHT_TRANSFER,R_forearm,head,218.510342,0.000000,NO,PASS,NOMINAL RIGID LINK ENVELOPES; TOLERANCE/COVERS/CABLES/TRACKING ERROR OPEN,NO MOTION OR SAFETY CREDIT
P02_LEFT_WEIGHT_TRANSFER,R_forearm,neck_pan_link,199.301141,0.000000,NO,PASS,NOMINAL RIGID LINK ENVELOPES; TOLERANCE/COVERS/CABLES/TRACKING ERROR OPEN,NO MOTION OR SAFETY CREDIT
P02_LEFT_WEIGHT_TRANSFER,R_forearm,torso,55.693338,0.000000,NO,PASS,NOMINAL RIGID LINK ENVELOPES; TOLERANCE/COVERS/CABLES/TRACKING ERROR OPEN,NO MOTION OR SAFETY CREDIT
P02_LEFT_WEIGHT_TRANSFER,R_gripper,R_hip_roll_link,136.353340,0.000000,NO,PASS,NOMINAL RIGID LINK ENVELOPES; TOLERANCE/COVERS/CABLES/TRACKING ERROR OPEN,NO MOTION OR SAFETY CREDIT
P02_LEFT_WEIGHT_TRANSFER,R_gripper,R_hip_yaw_link,146.421447,0.000000,NO,PASS,NOMINAL RIGID LINK ENVELOPES; TOLERANCE/COVERS/CABLES/TRACKING ERROR OPEN,NO MOTION OR SAFETY CREDIT
P02_LEFT_WEIGHT_TRANSFER,R_gripper,R_shin,71.414337,0.000000,NO,PASS,NOMINAL RIGID LINK ENVELOPES; TOLERANCE/COVERS/CABLES/TRACKING ERROR OPEN,NO MOTION OR SAFETY CREDIT
P02_LEFT_WEIGHT_TRANSFER,R_gripper,R_shoulder_pitch_link,286.027843,0.000000,NO,PASS,NOMINAL RIGID LINK ENVELOPES; TOLERANCE/COVERS/CABLES/TRACKING ERROR OPEN,NO MOTION OR SAFETY CREDIT
P02_LEFT_WEIGHT_TRANSFER,R_gripper,R_thigh,76.636309,0.000000,NO,PASS,NOMINAL RIGID LINK ENVELOPES; TOLERANCE/COVERS/CABLES/TRACKING ERROR OPEN,NO MOTION OR SAFETY CREDIT
P02_LEFT_WEIGHT_TRANSFER,R_gripper,R_upper_arm,154.526768,0.000000,NO,PASS,NOMINAL RIGID LINK ENVELOPES; TOLERANCE/COVERS/CABLES/TRACKING ERROR OPEN,NO MOTION OR SAFETY CREDIT
P02_LEFT_WEIGHT_TRANSFER,R_gripper,base_link,141.894330,0.000000,NO,PASS,NOMINAL RIGID LINK ENVELOPES; TOLERANCE/COVERS/CABLES/TRACKING ERROR OPEN,NO MOTION OR SAFETY CREDIT
P02_LEFT_WEIGHT_TRANSFER,R_gripper,head,389.708093,0.000000,NO,PASS,NOMINAL RIGID LINK ENVELOPES; TOLERANCE/COVERS/CABLES/TRACKING ERROR OPEN,NO MOTION OR SAFETY CREDIT
P02_LEFT_WEIGHT_TRANSFER,R_gripper,neck_pan_link,364.085053,0.000000,NO,PASS,NOMINAL RIGID LINK ENVELOPES; TOLERANCE/COVERS/CABLES/TRACKING ERROR OPEN,NO MOTION OR SAFETY CREDIT
P02_LEFT_WEIGHT_TRANSFER,R_gripper,torso,200.621694,0.000000,NO,PASS,NOMINAL RIGID LINK ENVELOPES; TOLERANCE/COVERS/CABLES/TRACKING ERROR OPEN,NO MOTION OR SAFETY CREDIT
P02_LEFT_WEIGHT_TRANSFER,R_hand,R_hip_roll_link,109.108760,0.000000,NO,PASS,NOMINAL RIGID LINK ENVELOPES; TOLERANCE/COVERS/CABLES/TRACKING ERROR OPEN,NO MOTION OR SAFETY CREDIT
P02_LEFT_WEIGHT_TRANSFER,R_hand,R_hip_yaw_link,118.534133,0.000000,NO,PASS,NOMINAL RIGID LINK ENVELOPES; TOLERANCE/COVERS/CABLES/TRACKING ERROR OPEN,NO MOTION OR SAFETY CREDIT
P02_LEFT_WEIGHT_TRANSFER,R_hand,R_shin,93.124081,0.000000,NO,PASS,NOMINAL RIGID LINK ENVELOPES; TOLERANCE/COVERS/CABLES/TRACKING ERROR OPEN,NO MOTION OR SAFETY CREDIT
P02_LEFT_WEIGHT_TRANSFER,R_hand,R_shoulder_pitch_link,257.942147,0.000000,NO,PASS,NOMINAL RIGID LINK ENVELOPES; TOLERANCE/COVERS/CABLES/TRACKING ERROR OPEN,NO MOTION OR SAFETY CREDIT
P02_LEFT_WEIGHT_TRANSFER,R_hand,R_thigh,61.876827,0.000000,NO,PASS,NOMINAL RIGID LINK ENVELOPES; TOLERANCE/COVERS/CABLES/TRACKING ERROR OPEN,NO MOTION OR SAFETY CREDIT
P02_LEFT_WEIGHT_TRANSFER,R_hand,R_upper_arm,127.112197,0.000000,NO,PASS,NOMINAL RIGID LINK ENVELOPES; TOLERANCE/COVERS/CABLES/TRACKING ERROR OPEN,NO MOTION OR SAFETY CREDIT
P02_LEFT_WEIGHT_TRANSFER,R_hand,base_link,116.236488,0.000000,NO,PASS,NOMINAL RIGID LINK ENVELOPES; TOLERANCE/COVERS/CABLES/TRACKING ERROR OPEN,NO MOTION OR SAFETY CREDIT
P02_LEFT_WEIGHT_TRANSFER,R_hand,head,361.167517,0.000000,NO,PASS,NOMINAL RIGID LINK ENVELOPES; TOLERANCE/COVERS/CABLES/TRACKING ERROR OPEN,NO MOTION OR SAFETY CREDIT
P02_LEFT_WEIGHT_TRANSFER,R_hand,neck_pan_link,334.857949,0.000000,NO,PASS,NOMINAL RIGID LINK ENVELOPES; TOLERANCE/COVERS/CABLES/TRACKING ERROR OPEN,NO MOTION OR SAFETY CREDIT
P02_LEFT_WEIGHT_TRANSFER,R_hand,torso,171.365111,0.000000,NO,PASS,NOMINAL RIGID LINK ENVELOPES; TOLERANCE/COVERS/CABLES/TRACKING ERROR OPEN,NO MOTION OR SAFETY CREDIT
P02_LEFT_WEIGHT_TRANSFER,R_hip_roll_link,R_shin,208.798048,0.000000,NO,PASS,NOMINAL RIGID LINK ENVELOPES; TOLERANCE/COVERS/CABLES/TRACKING ERROR OPEN,NO MOTION OR SAFETY CREDIT
P02_LEFT_WEIGHT_TRANSFER,R_hip_roll_link,R_shoulder_pitch_link,140.219701,0.000000,NO,PASS,NOMINAL RIGID LINK ENVELOPES; TOLERANCE/COVERS/CABLES/TRACKING ERROR OPEN,NO MOTION OR SAFETY CREDIT
P02_LEFT_WEIGHT_TRANSFER,R_hip_roll_link,R_upper_arm,32.967414,0.000000,NO,PASS,NOMINAL RIGID LINK ENVELOPES; TOLERANCE/COVERS/CABLES/TRACKING ERROR OPEN,NO MOTION OR SAFETY CREDIT
P02_LEFT_WEIGHT_TRANSFER,R_hip_roll_link,head,234.261701,0.000000,NO,PASS,NOMINAL RIGID LINK ENVELOPES; TOLERANCE/COVERS/CABLES/TRACKING ERROR OPEN,NO MOTION OR SAFETY CREDIT
P02_LEFT_WEIGHT_TRANSFER,R_hip_roll_link,neck_pan_link,185.904957,0.000000,NO,PASS,NOMINAL RIGID LINK ENVELOPES; TOLERANCE/COVERS/CABLES/TRACKING ERROR OPEN,NO MOTION OR SAFETY CREDIT
P02_LEFT_WEIGHT_TRANSFER,R_hip_roll_link,torso,36.123701,0.000000,NO,PASS,NOMINAL RIGID LINK ENVELOPES; TOLERANCE/COVERS/CABLES/TRACKING ERROR OPEN,NO MOTION OR SAFETY CREDIT
P02_LEFT_WEIGHT_TRANSFER,R_hip_yaw_link,R_shin,221.465346,0.000000,NO,PASS,NOMINAL RIGID LINK ENVELOPES; TOLERANCE/COVERS/CABLES/TRACKING ERROR OPEN,NO MOTION OR SAFETY CREDIT
P02_LEFT_WEIGHT_TRANSFER,R_hip_yaw_link,R_shoulder_pitch_link,134.887000,0.000000,NO,PASS,NOMINAL RIGID LINK ENVELOPES; TOLERANCE/COVERS/CABLES/TRACKING ERROR OPEN,NO MOTION OR SAFETY CREDIT
P02_LEFT_WEIGHT_TRANSFER,R_hip_yaw_link,R_upper_arm,27.845341,0.000000,NO,PASS,NOMINAL RIGID LINK ENVELOPES; TOLERANCE/COVERS/CABLES/TRACKING ERROR OPEN,NO MOTION OR SAFETY CREDIT
P02_LEFT_WEIGHT_TRANSFER,R_hip_yaw_link,head,228.929000,0.000000,NO,PASS,NOMINAL RIGID LINK ENVELOPES; TOLERANCE/COVERS/CABLES/TRACKING ERROR OPEN,NO MOTION OR SAFETY CREDIT
P02_LEFT_WEIGHT_TRANSFER,R_hip_yaw_link,neck_pan_link,180.609167,0.000000,NO,PASS,NOMINAL RIGID LINK ENVELOPES; TOLERANCE/COVERS/CABLES/TRACKING ERROR OPEN,NO MOTION OR SAFETY CREDIT
P02_LEFT_WEIGHT_TRANSFER,R_hip_yaw_link,torso,30.791000,0.000000,NO,PASS,NOMINAL RIGID LINK ENVELOPES; TOLERANCE/COVERS/CABLES/TRACKING ERROR OPEN,NO MOTION OR SAFETY CREDIT
P02_LEFT_WEIGHT_TRANSFER,R_shin,R_shoulder_pitch_link,396.352346,0.000000,NO,PASS,NOMINAL RIGID LINK ENVELOPES; TOLERANCE/COVERS/CABLES/TRACKING ERROR OPEN,NO MOTION OR SAFETY CREDIT
P02_LEFT_WEIGHT_TRANSFER,R_shin,R_upper_arm,271.138058,0.000000,NO,PASS,NOMINAL RIGID LINK ENVELOPES; TOLERANCE/COVERS/CABLES/TRACKING ERROR OPEN,NO MOTION OR SAFETY CREDIT
P02_LEFT_WEIGHT_TRANSFER,R_shin,base_link,199.168346,0.000000,NO,PASS,NOMINAL RIGID LINK ENVELOPES; TOLERANCE/COVERS/CABLES/TRACKING ERROR OPEN,NO MOTION OR SAFETY CREDIT
P02_LEFT_WEIGHT_TRANSFER,R_shin,head,490.394346,0.000000,NO,PASS,NOMINAL RIGID LINK ENVELOPES; TOLERANCE/COVERS/CABLES/TRACKING ERROR OPEN,NO MOTION OR SAFETY CREDIT
P02_LEFT_WEIGHT_TRANSFER,R_shin,neck_pan_link,443.556764,0.000000,NO,PASS,NOMINAL RIGID LINK ENVELOPES; TOLERANCE/COVERS/CABLES/TRACKING ERROR OPEN,NO MOTION OR SAFETY CREDIT
P02_LEFT_WEIGHT_TRANSFER,R_shin,torso,292.256346,0.000000,NO,PASS,NOMINAL RIGID LINK ENVELOPES; TOLERANCE/COVERS/CABLES/TRACKING ERROR OPEN,NO MOTION OR SAFETY CREDIT
P02_LEFT_WEIGHT_TRANSFER,R_shoulder_pitch_link,R_thigh,166.530743,0.000000,NO,PASS,NOMINAL RIGID LINK ENVELOPES; TOLERANCE/COVERS/CABLES/TRACKING ERROR OPEN,NO MOTION OR SAFETY CREDIT
P02_LEFT_WEIGHT_TRANSFER,R_shoulder_pitch_link,base_link,127.256906,0.000000,NO,PASS,NOMINAL RIGID LINK ENVELOPES; TOLERANCE/COVERS/CABLES/TRACKING ERROR OPEN,NO MOTION OR SAFETY CREDIT
P02_LEFT_WEIGHT_TRANSFER,R_shoulder_pitch_link,head,39.537647,0.000000,NO,PASS,NOMINAL RIGID LINK ENVELOPES; TOLERANCE/COVERS/CABLES/TRACKING ERROR OPEN,NO MOTION OR SAFETY CREDIT
P02_LEFT_WEIGHT_TRANSFER,R_shoulder_pitch_link,neck_pan_link,56.301000,0.000000,NO,PASS,NOMINAL RIGID LINK ENVELOPES; TOLERANCE/COVERS/CABLES/TRACKING ERROR OPEN,NO MOTION OR SAFETY CREDIT
P02_LEFT_WEIGHT_TRANSFER,R_thigh,R_upper_arm,41.316454,0.000000,NO,PASS,NOMINAL RIGID LINK ENVELOPES; TOLERANCE/COVERS/CABLES/TRACKING ERROR OPEN,NO MOTION OR SAFETY CREDIT
P02_LEFT_WEIGHT_TRANSFER,R_thigh,head,260.572743,0.000000,NO,PASS,NOMINAL RIGID LINK ENVELOPES; TOLERANCE/COVERS/CABLES/TRACKING ERROR OPEN,NO MOTION OR SAFETY CREDIT
P02_LEFT_WEIGHT_TRANSFER,R_thigh,neck_pan_link,212.206487,0.000000,NO,PASS,NOMINAL RIGID LINK ENVELOPES; TOLERANCE/COVERS/CABLES/TRACKING ERROR OPEN,NO MOTION OR SAFETY CREDIT
P02_LEFT_WEIGHT_TRANSFER,R_thigh,torso,62.434743,0.000000,NO,PASS,NOMINAL RIGID LINK ENVELOPES; TOLERANCE/COVERS/CABLES/TRACKING ERROR OPEN,NO MOTION OR SAFETY CREDIT
P02_LEFT_WEIGHT_TRANSFER,R_upper_arm,base_link,36.982922,0.000000,NO,PASS,NOMINAL RIGID LINK ENVELOPES; TOLERANCE/COVERS/CABLES/TRACKING ERROR OPEN,NO MOTION OR SAFETY CREDIT
P02_LEFT_WEIGHT_TRANSFER,R_upper_arm,head,64.295743,0.000000,NO,PASS,NOMINAL RIGID LINK ENVELOPES; TOLERANCE/COVERS/CABLES/TRACKING ERROR OPEN,NO MOTION OR SAFETY CREDIT
P02_LEFT_WEIGHT_TRANSFER,R_upper_arm,neck_pan_link,59.852691,0.000000,NO,PASS,NOMINAL RIGID LINK ENVELOPES; TOLERANCE/COVERS/CABLES/TRACKING ERROR OPEN,NO MOTION OR SAFETY CREDIT
P02_LEFT_WEIGHT_TRANSFER,base_link,head,221.226000,0.000000,NO,PASS,NOMINAL RIGID LINK ENVELOPES; TOLERANCE/COVERS/CABLES/TRACKING ERROR OPEN,NO MOTION OR SAFETY CREDIT
P02_LEFT_WEIGHT_TRANSFER,base_link,neck_pan_link,172.857000,0.000000,NO,PASS,NOMINAL RIGID LINK ENVELOPES; TOLERANCE/COVERS/CABLES/TRACKING ERROR OPEN,NO MOTION OR SAFETY CREDIT
P02_LEFT_WEIGHT_TRANSFER,head,torso,43.138000,0.000000,NO,PASS,NOMINAL RIGID LINK ENVELOPES; TOLERANCE/COVERS/CABLES/TRACKING ERROR OPEN,NO MOTION OR SAFETY CREDIT
P03_RIGHT_FOOT_LIFT,L_ankle_pitch_link,L_forearm,232.269221,0.000000,NO,PASS,NOMINAL RIGID LINK ENVELOPES; TOLERANCE/COVERS/CABLES/TRACKING ERROR OPEN,NO MOTION OR SAFETY CREDIT
P03_RIGHT_FOOT_LIFT,L_ankle_pitch_link,L_gripper,199.769921,0.000000,NO,PASS,NOMINAL RIGID LINK ENVELOPES; TOLERANCE/COVERS/CABLES/TRACKING ERROR OPEN,NO MOTION OR SAFETY CREDIT
P03_RIGHT_FOOT_LIFT,L_ankle_pitch_link,L_hand,213.286063,0.000000,NO,PASS,NOMINAL RIGID LINK ENVELOPES; TOLERANCE/COVERS/CABLES/TRACKING ERROR OPEN,NO MOTION OR SAFETY CREDIT
P03_RIGHT_FOOT_LIFT,L_ankle_pitch_link,L_hip_roll_link,285.684511,0.000000,NO,PASS,NOMINAL RIGID LINK ENVELOPES; TOLERANCE/COVERS/CABLES/TRACKING ERROR OPEN,NO MOTION OR SAFETY CREDIT
P03_RIGHT_FOOT_LIFT,L_ankle_pitch_link,L_hip_yaw_link,298.351809,0.000000,NO,PASS,NOMINAL RIGID LINK ENVELOPES; TOLERANCE/COVERS/CABLES/TRACKING ERROR OPEN,NO MOTION OR SAFETY CREDIT
P03_RIGHT_FOOT_LIFT,L_ankle_pitch_link,L_shoulder_pitch_link,474.749438,0.000000,NO,PASS,NOMINAL RIGID LINK ENVELOPES; TOLERANCE/COVERS/CABLES/TRACKING ERROR OPEN,NO MOTION OR SAFETY CREDIT
P03_RIGHT_FOOT_LIFT,L_ankle_pitch_link,L_thigh,159.223503,0.000000,NO,PASS,NOMINAL RIGID LINK ENVELOPES; TOLERANCE/COVERS/CABLES/TRACKING ERROR OPEN,NO MOTION OR SAFETY CREDIT
P03_RIGHT_FOOT_LIFT,L_ankle_pitch_link,L_upper_arm,350.937914,0.000000,NO,PASS,NOMINAL RIGID LINK ENVELOPES; TOLERANCE/COVERS/CABLES/TRACKING ERROR OPEN,NO MOTION OR SAFETY CREDIT
P03_RIGHT_FOOT_LIFT,L_ankle_pitch_link,R_ankle_pitch_link,52.379800,0.000000,NO,PASS,NOMINAL RIGID LINK ENVELOPES; TOLERANCE/COVERS/CABLES/TRACKING ERROR OPEN,NO MOTION OR SAFETY CREDIT
P03_RIGHT_FOOT_LIFT,L_ankle_pitch_link,R_foot,44.331352,0.000000,NO,PASS,NOMINAL RIGID LINK ENVELOPES; TOLERANCE/COVERS/CABLES/TRACKING ERROR OPEN,NO MOTION OR SAFETY CREDIT
P03_RIGHT_FOOT_LIFT,L_ankle_pitch_link,R_forearm,246.074403,0.000000,NO,PASS,NOMINAL RIGID LINK ENVELOPES; TOLERANCE/COVERS/CABLES/TRACKING ERROR OPEN,NO MOTION OR SAFETY CREDIT
P03_RIGHT_FOOT_LIFT,L_ankle_pitch_link,R_gripper,218.093165,0.000000,NO,PASS,NOMINAL RIGID LINK ENVELOPES; TOLERANCE/COVERS/CABLES/TRACKING ERROR OPEN,NO MOTION OR SAFETY CREDIT
P03_RIGHT_FOOT_LIFT,L_ankle_pitch_link,R_hand,229.022905,0.000000,NO,PASS,NOMINAL RIGID LINK ENVELOPES; TOLERANCE/COVERS/CABLES/TRACKING ERROR OPEN,NO MOTION OR SAFETY CREDIT
P03_RIGHT_FOOT_LIFT,L_ankle_pitch_link,R_hip_roll_link,285.757380,0.000000,NO,PASS,NOMINAL RIGID LINK ENVELOPES; TOLERANCE/COVERS/CABLES/TRACKING ERROR OPEN,NO MOTION OR SAFETY CREDIT
P03_RIGHT_FOOT_LIFT,L_ankle_pitch_link,R_hip_yaw_link,298.473788,0.000000,NO,PASS,NOMINAL RIGID LINK ENVELOPES; TOLERANCE/COVERS/CABLES/TRACKING ERROR OPEN,NO MOTION OR SAFETY CREDIT
P03_RIGHT_FOOT_LIFT,L_ankle_pitch_link,R_shin,56.581983,0.000000,NO,PASS,NOMINAL RIGID LINK ENVELOPES; TOLERANCE/COVERS/CABLES/TRACKING ERROR OPEN,NO MOTION OR SAFETY CREDIT
P03_RIGHT_FOOT_LIFT,L_ankle_pitch_link,R_shoulder_pitch_link,477.105512,0.000000,NO,PASS,NOMINAL RIGID LINK ENVELOPES; TOLERANCE/COVERS/CABLES/TRACKING ERROR OPEN,NO MOTION OR SAFETY CREDIT
P03_RIGHT_FOOT_LIFT,L_ankle_pitch_link,R_thigh,155.759811,0.000000,NO,PASS,NOMINAL RIGID LINK ENVELOPES; TOLERANCE/COVERS/CABLES/TRACKING ERROR OPEN,NO MOTION OR SAFETY CREDIT
P03_RIGHT_FOOT_LIFT,L_ankle_pitch_link,R_upper_arm,353.536543,0.000000,NO,PASS,NOMINAL RIGID LINK ENVELOPES; TOLERANCE/COVERS/CABLES/TRACKING ERROR OPEN,NO MOTION OR SAFETY CREDIT
P03_RIGHT_FOOT_LIFT,L_ankle_pitch_link,base_link,276.054809,0.000000,NO,PASS,NOMINAL RIGID LINK ENVELOPES; TOLERANCE/COVERS/CABLES/TRACKING ERROR OPEN,NO MOTION OR SAFETY CREDIT
P03_RIGHT_FOOT_LIFT,L_ankle_pitch_link,head,567.280809,0.000000,NO,PASS,NOMINAL RIGID LINK ENVELOPES; TOLERANCE/COVERS/CABLES/TRACKING ERROR OPEN,NO MOTION OR SAFETY CREDIT
P03_RIGHT_FOOT_LIFT,L_ankle_pitch_link,neck_pan_link,518.911809,0.000000,NO,PASS,NOMINAL RIGID LINK ENVELOPES; TOLERANCE/COVERS/CABLES/TRACKING ERROR OPEN,NO MOTION OR SAFETY CREDIT
P03_RIGHT_FOOT_LIFT,L_ankle_pitch_link,torso,369.142809,0.000000,NO,PASS,NOMINAL RIGID LINK ENVELOPES; TOLERANCE/COVERS/CABLES/TRACKING ERROR OPEN,NO MOTION OR SAFETY CREDIT
P03_RIGHT_FOOT_LIFT,L_foot,L_forearm,271.623296,0.000000,NO,PASS,NOMINAL RIGID LINK ENVELOPES; TOLERANCE/COVERS/CABLES/TRACKING ERROR OPEN,NO MOTION OR SAFETY CREDIT
P03_RIGHT_FOOT_LIFT,L_foot,L_gripper,227.367235,0.000000,NO,PASS,NOMINAL RIGID LINK ENVELOPES; TOLERANCE/COVERS/CABLES/TRACKING ERROR OPEN,NO MOTION OR SAFETY CREDIT
P03_RIGHT_FOOT_LIFT,L_foot,L_hand,246.069381,0.000000,NO,PASS,NOMINAL RIGID LINK ENVELOPES; TOLERANCE/COVERS/CABLES/TRACKING ERROR OPEN,NO MOTION OR SAFETY CREDIT
P03_RIGHT_FOOT_LIFT,L_foot,L_hip_roll_link,331.490269,0.000000,NO,PASS,NOMINAL RIGID LINK ENVELOPES; TOLERANCE/COVERS/CABLES/TRACKING ERROR OPEN,NO MOTION OR SAFETY CREDIT
P03_RIGHT_FOOT_LIFT,L_foot,L_hip_yaw_link,344.157568,0.000000,NO,PASS,NOMINAL RIGID LINK ENVELOPES; TOLERANCE/COVERS/CABLES/TRACKING ERROR OPEN,NO MOTION OR SAFETY CREDIT
P03_RIGHT_FOOT_LIFT,L_foot,L_shoulder_pitch_link,519.898982,0.000000,NO,PASS,NOMINAL RIGID LINK ENVELOPES; TOLERANCE/COVERS/CABLES/TRACKING ERROR OPEN,NO MOTION OR SAFETY CREDIT
P03_RIGHT_FOOT_LIFT,L_foot,L_thigh,205.029262,0.000000,NO,PASS,NOMINAL RIGID LINK ENVELOPES; TOLERANCE/COVERS/CABLES/TRACKING ERROR OPEN,NO MOTION OR SAFETY CREDIT
P03_RIGHT_FOOT_LIFT,L_foot,L_upper_arm,395.715151,0.000000,NO,PASS,NOMINAL RIGID LINK ENVELOPES; TOLERANCE/COVERS/CABLES/TRACKING ERROR OPEN,NO MOTION OR SAFETY CREDIT
P03_RIGHT_FOOT_LIFT,L_foot,R_ankle_pitch_link,41.966401,0.000000,NO,PASS,NOMINAL RIGID LINK ENVELOPES; TOLERANCE/COVERS/CABLES/TRACKING ERROR OPEN,NO MOTION OR SAFETY CREDIT
P03_RIGHT_FOOT_LIFT,L_foot,R_foot,33.917953,0.000000,NO,PASS,NOMINAL RIGID LINK ENVELOPES; TOLERANCE/COVERS/CABLES/TRACKING ERROR OPEN,NO MOTION OR SAFETY CREDIT
P03_RIGHT_FOOT_LIFT,L_foot,R_forearm,281.890214,0.000000,NO,PASS,NOMINAL RIGID LINK ENVELOPES; TOLERANCE/COVERS/CABLES/TRACKING ERROR OPEN,NO MOTION OR SAFETY CREDIT
P03_RIGHT_FOOT_LIFT,L_foot,R_gripper,241.232668,0.000000,NO,PASS,NOMINAL RIGID LINK ENVELOPES; TOLERANCE/COVERS/CABLES/TRACKING ERROR OPEN,NO MOTION OR SAFETY CREDIT
P03_RIGHT_FOOT_LIFT,L_foot,R_hand,257.723180,0.000000,NO,PASS,NOMINAL RIGID LINK ENVELOPES; TOLERANCE/COVERS/CABLES/TRACKING ERROR OPEN,NO MOTION OR SAFETY CREDIT
P03_RIGHT_FOOT_LIFT,L_foot,R_hip_roll_link,331.490269,0.000000,NO,PASS,NOMINAL RIGID LINK ENVELOPES; TOLERANCE/COVERS/CABLES/TRACKING ERROR OPEN,NO MOTION OR SAFETY CREDIT
P03_RIGHT_FOOT_LIFT,L_foot,R_hip_yaw_link,344.157568,0.000000,NO,PASS,NOMINAL RIGID LINK ENVELOPES; TOLERANCE/COVERS/CABLES/TRACKING ERROR OPEN,NO MOTION OR SAFETY CREDIT
P03_RIGHT_FOOT_LIFT,L_foot,R_shin,46.739554,0.000000,NO,PASS,NOMINAL RIGID LINK ENVELOPES; TOLERANCE/COVERS/CABLES/TRACKING ERROR OPEN,NO MOTION OR SAFETY CREDIT
P03_RIGHT_FOOT_LIFT,L_foot,R_shoulder_pitch_link,521.467061,0.000000,NO,PASS,NOMINAL RIGID LINK ENVELOPES; TOLERANCE/COVERS/CABLES/TRACKING ERROR OPEN,NO MOTION OR SAFETY CREDIT
P03_RIGHT_FOOT_LIFT,L_foot,R_thigh,201.502667,0.000000,NO,PASS,NOMINAL RIGID LINK ENVELOPES; TOLERANCE/COVERS/CABLES/TRACKING ERROR OPEN,NO MOTION OR SAFETY CREDIT
P03_RIGHT_FOOT_LIFT,L_foot,R_upper_arm,397.218612,0.000000,NO,PASS,NOMINAL RIGID LINK ENVELOPES; TOLERANCE/COVERS/CABLES/TRACKING ERROR OPEN,NO MOTION OR SAFETY CREDIT
P03_RIGHT_FOOT_LIFT,L_foot,base_link,321.860568,0.000000,NO,PASS,NOMINAL RIGID LINK ENVELOPES; TOLERANCE/COVERS/CABLES/TRACKING ERROR OPEN,NO MOTION OR SAFETY CREDIT
P03_RIGHT_FOOT_LIFT,L_foot,head,613.086568,0.000000,NO,PASS,NOMINAL RIGID LINK ENVELOPES; TOLERANCE/COVERS/CABLES/TRACKING ERROR OPEN,NO MOTION OR SAFETY CREDIT
P03_RIGHT_FOOT_LIFT,L_foot,neck_pan_link,564.717568,0.000000,NO,PASS,NOMINAL RIGID LINK ENVELOPES; TOLERANCE/COVERS/CABLES/TRACKING ERROR OPEN,NO MOTION OR SAFETY CREDIT
P03_RIGHT_FOOT_LIFT,L_foot,torso,414.948568,0.000000,NO,PASS,NOMINAL RIGID LINK ENVELOPES; TOLERANCE/COVERS/CABLES/TRACKING ERROR OPEN,NO MOTION OR SAFETY CREDIT
P03_RIGHT_FOOT_LIFT,L_forearm,L_gripper,24.853000,0.000000,NO,PASS,NOMINAL RIGID LINK ENVELOPES; TOLERANCE/COVERS/CABLES/TRACKING ERROR OPEN,NO MOTION OR SAFETY CREDIT
P03_RIGHT_FOOT_LIFT,L_forearm,L_hip_roll_link,51.788610,0.000000,NO,PASS,NOMINAL RIGID LINK ENVELOPES; TOLERANCE/COVERS/CABLES/TRACKING ERROR OPEN,NO MOTION OR SAFETY CREDIT
P03_RIGHT_FOOT_LIFT,L_forearm,L_hip_yaw_link,53.867973,0.000000,NO,PASS,NOMINAL RIGID LINK ENVELOPES; TOLERANCE/COVERS/CABLES/TRACKING ERROR OPEN,NO MOTION OR SAFETY CREDIT
P03_RIGHT_FOOT_LIFT,L_forearm,L_shin,158.914821,0.000000,NO,PASS,NOMINAL RIGID LINK ENVELOPES; TOLERANCE/COVERS/CABLES/TRACKING ERROR OPEN,NO MOTION OR SAFETY CREDIT
P03_RIGHT_FOOT_LIFT,L_forearm,L_shoulder_pitch_link,114.595113,0.000000,NO,PASS,NOMINAL RIGID LINK ENVELOPES; TOLERANCE/COVERS/CABLES/TRACKING ERROR OPEN,NO MOTION OR SAFETY CREDIT
P03_RIGHT_FOOT_LIFT,L_forearm,L_thigh,50.733198,0.000000,NO,PASS,NOMINAL RIGID LINK ENVELOPES; TOLERANCE/COVERS/CABLES/TRACKING ERROR OPEN,NO MOTION OR SAFETY CREDIT
P03_RIGHT_FOOT_LIFT,L_forearm,R_ankle_pitch_link,301.328309,0.000000,NO,PASS,NOMINAL RIGID LINK ENVELOPES; TOLERANCE/COVERS/CABLES/TRACKING ERROR OPEN,NO MOTION OR SAFETY CREDIT
P03_RIGHT_FOOT_LIFT,L_forearm,R_foot,328.589408,0.000000,NO,PASS,NOMINAL RIGID LINK ENVELOPES; TOLERANCE/COVERS/CABLES/TRACKING ERROR OPEN,NO MOTION OR SAFETY CREDIT
P03_RIGHT_FOOT_LIFT,L_forearm,R_forearm,296.821669,0.000000,NO,PASS,NOMINAL RIGID LINK ENVELOPES; TOLERANCE/COVERS/CABLES/TRACKING ERROR OPEN,NO MOTION OR SAFETY CREDIT
P03_RIGHT_FOOT_LIFT,L_forearm,R_gripper,344.596083,0.000000,NO,PASS,NOMINAL RIGID LINK ENVELOPES; TOLERANCE/COVERS/CABLES/TRACKING ERROR OPEN,NO MOTION OR SAFETY CREDIT
P03_RIGHT_FOOT_LIFT,L_forearm,R_hand,329.574963,0.000000,NO,PASS,NOMINAL RIGID LINK ENVELOPES; TOLERANCE/COVERS/CABLES/TRACKING ERROR OPEN,NO MOTION OR SAFETY CREDIT
P03_RIGHT_FOOT_LIFT,L_forearm,R_hip_roll_link,176.788610,0.000000,NO,PASS,NOMINAL RIGID LINK ENVELOPES; TOLERANCE/COVERS/CABLES/TRACKING ERROR OPEN,NO MOTION OR SAFETY CREDIT
P03_RIGHT_FOOT_LIFT,L_forearm,R_hip_yaw_link,178.867973,0.000000,NO,PASS,NOMINAL RIGID LINK ENVELOPES; TOLERANCE/COVERS/CABLES/TRACKING ERROR OPEN,NO MOTION OR SAFETY CREDIT
P03_RIGHT_FOOT_LIFT,L_forearm,R_shin,242.788205,0.000000,NO,PASS,NOMINAL RIGID LINK ENVELOPES; TOLERANCE/COVERS/CABLES/TRACKING ERROR OPEN,NO MOTION OR SAFETY CREDIT
P03_RIGHT_FOOT_LIFT,L_forearm,R_shoulder_pitch_link,256.969120,0.000000,NO,PASS,NOMINAL RIGID LINK ENVELOPES; TOLERANCE/COVERS/CABLES/TRACKING ERROR OPEN,NO MOTION OR SAFETY CREDIT
P03_RIGHT_FOOT_LIFT,L_forearm,R_thigh,174.761889,0.000000,NO,PASS,NOMINAL RIGID LINK ENVELOPES; TOLERANCE/COVERS/CABLES/TRACKING ERROR OPEN,NO MOTION OR SAFETY CREDIT
P03_RIGHT_FOOT_LIFT,L_forearm,R_upper_arm,232.521049,0.000000,NO,PASS,NOMINAL RIGID LINK ENVELOPES; TOLERANCE/COVERS/CABLES/TRACKING ERROR OPEN,NO MOTION OR SAFETY CREDIT
P03_RIGHT_FOOT_LIFT,L_forearm,base_link,71.647973,0.000000,NO,PASS,NOMINAL RIGID LINK ENVELOPES; TOLERANCE/COVERS/CABLES/TRACKING ERROR OPEN,NO MOTION OR SAFETY CREDIT
P03_RIGHT_FOOT_LIFT,L_forearm,head,219.378905,0.000000,NO,PASS,NOMINAL RIGID LINK ENVELOPES; TOLERANCE/COVERS/CABLES/TRACKING ERROR OPEN,NO MOTION OR SAFETY CREDIT
P03_RIGHT_FOOT_LIFT,L_forearm,neck_pan_link,199.066920,0.000000,NO,PASS,NOMINAL RIGID LINK ENVELOPES; TOLERANCE/COVERS/CABLES/TRACKING ERROR OPEN,NO MOTION OR SAFETY CREDIT
P03_RIGHT_FOOT_LIFT,L_forearm,torso,52.368450,0.000000,NO,PASS,NOMINAL RIGID LINK ENVELOPES; TOLERANCE/COVERS/CABLES/TRACKING ERROR OPEN,NO MOTION OR SAFETY CREDIT
P03_RIGHT_FOOT_LIFT,L_gripper,L_hip_roll_link,136.353340,0.000000,NO,PASS,NOMINAL RIGID LINK ENVELOPES; TOLERANCE/COVERS/CABLES/TRACKING ERROR OPEN,NO MOTION OR SAFETY CREDIT
P03_RIGHT_FOOT_LIFT,L_gripper,L_hip_yaw_link,146.421447,0.000000,NO,PASS,NOMINAL RIGID LINK ENVELOPES; TOLERANCE/COVERS/CABLES/TRACKING ERROR OPEN,NO MOTION OR SAFETY CREDIT
P03_RIGHT_FOOT_LIFT,L_gripper,L_shin,148.482775,0.000000,NO,PASS,NOMINAL RIGID LINK ENVELOPES; TOLERANCE/COVERS/CABLES/TRACKING ERROR OPEN,NO MOTION OR SAFETY CREDIT
P03_RIGHT_FOOT_LIFT,L_gripper,L_shoulder_pitch_link,285.817051,0.000000,NO,PASS,NOMINAL RIGID LINK ENVELOPES; TOLERANCE/COVERS/CABLES/TRACKING ERROR OPEN,NO MOTION OR SAFETY CREDIT
P03_RIGHT_FOOT_LIFT,L_gripper,L_thigh,102.331697,0.000000,NO,PASS,NOMINAL RIGID LINK ENVELOPES; TOLERANCE/COVERS/CABLES/TRACKING ERROR OPEN,NO MOTION OR SAFETY CREDIT
P03_RIGHT_FOOT_LIFT,L_gripper,L_upper_arm,154.553342,0.000000,NO,PASS,NOMINAL RIGID LINK ENVELOPES; TOLERANCE/COVERS/CABLES/TRACKING ERROR OPEN,NO MOTION OR SAFETY CREDIT
P03_RIGHT_FOOT_LIFT,L_gripper,R_ankle_pitch_link,301.140586,0.000000,NO,PASS,NOMINAL RIGID LINK ENVELOPES; TOLERANCE/COVERS/CABLES/TRACKING ERROR OPEN,NO MOTION OR SAFETY CREDIT
P03_RIGHT_FOOT_LIFT,L_gripper,R_foot,315.935937,0.000000,NO,PASS,NOMINAL RIGID LINK ENVELOPES; TOLERANCE/COVERS/CABLES/TRACKING ERROR OPEN,NO MOTION OR SAFETY CREDIT
P03_RIGHT_FOOT_LIFT,L_gripper,R_forearm,348.713259,0.000000,NO,PASS,NOMINAL RIGID LINK ENVELOPES; TOLERANCE/COVERS/CABLES/TRACKING ERROR OPEN,NO MOTION OR SAFETY CREDIT
P03_RIGHT_FOOT_LIFT,L_gripper,R_gripper,395.932944,0.000000,NO,PASS,NOMINAL RIGID LINK ENVELOPES; TOLERANCE/COVERS/CABLES/TRACKING ERROR OPEN,NO MOTION OR SAFETY CREDIT
P03_RIGHT_FOOT_LIFT,L_gripper,R_hand,381.173462,0.000000,NO,PASS,NOMINAL RIGID LINK ENVELOPES; TOLERANCE/COVERS/CABLES/TRACKING ERROR OPEN,NO MOTION OR SAFETY CREDIT
P03_RIGHT_FOOT_LIFT,L_gripper,R_hip_roll_link,245.079600,0.000000,NO,PASS,NOMINAL RIGID LINK ENVELOPES; TOLERANCE/COVERS/CABLES/TRACKING ERROR OPEN,NO MOTION OR SAFETY CREDIT
P03_RIGHT_FOOT_LIFT,L_gripper,R_hip_yaw_link,251.854835,0.000000,NO,PASS,NOMINAL RIGID LINK ENVELOPES; TOLERANCE/COVERS/CABLES/TRACKING ERROR OPEN,NO MOTION OR SAFETY CREDIT
P03_RIGHT_FOOT_LIFT,L_gripper,R_shin,264.997098,0.000000,NO,PASS,NOMINAL RIGID LINK ENVELOPES; TOLERANCE/COVERS/CABLES/TRACKING ERROR OPEN,NO MOTION OR SAFETY CREDIT
P03_RIGHT_FOOT_LIFT,L_gripper,R_shoulder_pitch_link,395.302219,0.000000,NO,PASS,NOMINAL RIGID LINK ENVELOPES; TOLERANCE/COVERS/CABLES/TRACKING ERROR OPEN,NO MOTION OR SAFETY CREDIT
P03_RIGHT_FOOT_LIFT,L_gripper,R_thigh,226.360388,0.000000,NO,PASS,NOMINAL RIGID LINK ENVELOPES; TOLERANCE/COVERS/CABLES/TRACKING ERROR OPEN,NO MOTION OR SAFETY CREDIT
P03_RIGHT_FOOT_LIFT,L_gripper,R_upper_arm,321.865931,0.000000,NO,PASS,NOMINAL RIGID LINK ENVELOPES; TOLERANCE/COVERS/CABLES/TRACKING ERROR OPEN,NO MOTION OR SAFETY CREDIT
P03_RIGHT_FOOT_LIFT,L_gripper,base_link,146.538691,0.000000,NO,PASS,NOMINAL RIGID LINK ENVELOPES; TOLERANCE/COVERS/CABLES/TRACKING ERROR OPEN,NO MOTION OR SAFETY CREDIT
P03_RIGHT_FOOT_LIFT,L_gripper,head,391.042414,0.000000,NO,PASS,NOMINAL RIGID LINK ENVELOPES; TOLERANCE/COVERS/CABLES/TRACKING ERROR OPEN,NO MOTION OR SAFETY CREDIT
P03_RIGHT_FOOT_LIFT,L_gripper,neck_pan_link,365.290813,0.000000,NO,PASS,NOMINAL RIGID LINK ENVELOPES; TOLERANCE/COVERS/CABLES/TRACKING ERROR OPEN,NO MOTION OR SAFETY CREDIT
P03_RIGHT_FOOT_LIFT,L_gripper,torso,200.924276,0.000000,NO,PASS,NOMINAL RIGID LINK ENVELOPES; TOLERANCE/COVERS/CABLES/TRACKING ERROR OPEN,NO MOTION OR SAFETY CREDIT
P03_RIGHT_FOOT_LIFT,L_hand,L_hip_roll_link,109.107413,0.000000,NO,PASS,NOMINAL RIGID LINK ENVELOPES; TOLERANCE/COVERS/CABLES/TRACKING ERROR OPEN,NO MOTION OR SAFETY CREDIT
P03_RIGHT_FOOT_LIFT,L_hand,L_hip_yaw_link,118.532904,0.000000,NO,PASS,NOMINAL RIGID LINK ENVELOPES; TOLERANCE/COVERS/CABLES/TRACKING ERROR OPEN,NO MOTION OR SAFETY CREDIT
P03_RIGHT_FOOT_LIFT,L_hand,L_shin,151.332258,0.000000,NO,PASS,NOMINAL RIGID LINK ENVELOPES; TOLERANCE/COVERS/CABLES/TRACKING ERROR OPEN,NO MOTION OR SAFETY CREDIT
P03_RIGHT_FOOT_LIFT,L_hand,L_shoulder_pitch_link,257.755652,0.000000,NO,PASS,NOMINAL RIGID LINK ENVELOPES; TOLERANCE/COVERS/CABLES/TRACKING ERROR OPEN,NO MOTION OR SAFETY CREDIT
P03_RIGHT_FOOT_LIFT,L_hand,L_thigh,87.570259,0.000000,NO,PASS,NOMINAL RIGID LINK ENVELOPES; TOLERANCE/COVERS/CABLES/TRACKING ERROR OPEN,NO MOTION OR SAFETY CREDIT
P03_RIGHT_FOOT_LIFT,L_hand,L_upper_arm,127.322272,0.000000,NO,PASS,NOMINAL RIGID LINK ENVELOPES; TOLERANCE/COVERS/CABLES/TRACKING ERROR OPEN,NO MOTION OR SAFETY CREDIT
P03_RIGHT_FOOT_LIFT,L_hand,R_ankle_pitch_link,303.530299,0.000000,NO,PASS,NOMINAL RIGID LINK ENVELOPES; TOLERANCE/COVERS/CABLES/TRACKING ERROR OPEN,NO MOTION OR SAFETY CREDIT
P03_RIGHT_FOOT_LIFT,L_hand,R_foot,323.313877,0.000000,NO,PASS,NOMINAL RIGID LINK ENVELOPES; TOLERANCE/COVERS/CABLES/TRACKING ERROR OPEN,NO MOTION OR SAFETY CREDIT
P03_RIGHT_FOOT_LIFT,L_hand,R_forearm,333.658729,0.000000,NO,PASS,NOMINAL RIGID LINK ENVELOPES; TOLERANCE/COVERS/CABLES/TRACKING ERROR OPEN,NO MOTION OR SAFETY CREDIT
P03_RIGHT_FOOT_LIFT,L_hand,R_gripper,381.171506,0.000000,NO,PASS,NOMINAL RIGID LINK ENVELOPES; TOLERANCE/COVERS/CABLES/TRACKING ERROR OPEN,NO MOTION OR SAFETY CREDIT
P03_RIGHT_FOOT_LIFT,L_hand,R_hand,366.412024,0.000000,NO,PASS,NOMINAL RIGID LINK ENVELOPES; TOLERANCE/COVERS/CABLES/TRACKING ERROR OPEN,NO MOTION OR SAFETY CREDIT
P03_RIGHT_FOOT_LIFT,L_hand,R_hip_roll_link,222.903220,0.000000,NO,PASS,NOMINAL RIGID LINK ENVELOPES; TOLERANCE/COVERS/CABLES/TRACKING ERROR OPEN,NO MOTION OR SAFETY CREDIT
P03_RIGHT_FOOT_LIFT,L_hand,R_hip_yaw_link,228.804082,0.000000,NO,PASS,NOMINAL RIGID LINK ENVELOPES; TOLERANCE/COVERS/CABLES/TRACKING ERROR OPEN,NO MOTION OR SAFETY CREDIT
P03_RIGHT_FOOT_LIFT,L_hand,R_shin,258.259011,0.000000,NO,PASS,NOMINAL RIGID LINK ENVELOPES; TOLERANCE/COVERS/CABLES/TRACKING ERROR OPEN,NO MOTION OR SAFETY CREDIT
P03_RIGHT_FOOT_LIFT,L_hand,R_shoulder_pitch_link,367.165671,0.000000,NO,PASS,NOMINAL RIGID LINK ENVELOPES; TOLERANCE/COVERS/CABLES/TRACKING ERROR OPEN,NO MOTION OR SAFETY CREDIT
P03_RIGHT_FOOT_LIFT,L_hand,R_thigh,211.598950,0.000000,NO,PASS,NOMINAL RIGID LINK ENVELOPES; TOLERANCE/COVERS/CABLES/TRACKING ERROR OPEN,NO MOTION OR SAFETY CREDIT
P03_RIGHT_FOOT_LIFT,L_hand,R_upper_arm,297.362563,0.000000,NO,PASS,NOMINAL RIGID LINK ENVELOPES; TOLERANCE/COVERS/CABLES/TRACKING ERROR OPEN,NO MOTION OR SAFETY CREDIT
P03_RIGHT_FOOT_LIFT,L_hand,base_link,121.185821,0.000000,NO,PASS,NOMINAL RIGID LINK ENVELOPES; TOLERANCE/COVERS/CABLES/TRACKING ERROR OPEN,NO MOTION OR SAFETY CREDIT
P03_RIGHT_FOOT_LIFT,L_hand,head,362.434215,0.000000,NO,PASS,NOMINAL RIGID LINK ENVELOPES; TOLERANCE/COVERS/CABLES/TRACKING ERROR OPEN,NO MOTION OR SAFETY CREDIT
P03_RIGHT_FOOT_LIFT,L_hand,neck_pan_link,336.055063,0.000000,NO,PASS,NOMINAL RIGID LINK ENVELOPES; TOLERANCE/COVERS/CABLES/TRACKING ERROR OPEN,NO MOTION OR SAFETY CREDIT
P03_RIGHT_FOOT_LIFT,L_hand,torso,171.667881,0.000000,NO,PASS,NOMINAL RIGID LINK ENVELOPES; TOLERANCE/COVERS/CABLES/TRACKING ERROR OPEN,NO MOTION OR SAFETY CREDIT
P03_RIGHT_FOOT_LIFT,L_hip_roll_link,L_shin,208.798048,0.000000,NO,PASS,NOMINAL RIGID LINK ENVELOPES; TOLERANCE/COVERS/CABLES/TRACKING ERROR OPEN,NO MOTION OR SAFETY CREDIT
P03_RIGHT_FOOT_LIFT,L_hip_roll_link,L_shoulder_pitch_link,140.219701,0.000000,NO,PASS,NOMINAL RIGID LINK ENVELOPES; TOLERANCE/COVERS/CABLES/TRACKING ERROR OPEN,NO MOTION OR SAFETY CREDIT
P03_RIGHT_FOOT_LIFT,L_hip_roll_link,L_upper_arm,36.484542,0.000000,NO,PASS,NOMINAL RIGID LINK ENVELOPES; TOLERANCE/COVERS/CABLES/TRACKING ERROR OPEN,NO MOTION OR SAFETY CREDIT
P03_RIGHT_FOOT_LIFT,L_hip_roll_link,R_ankle_pitch_link,298.212511,0.000000,NO,PASS,NOMINAL RIGID LINK ENVELOPES; TOLERANCE/COVERS/CABLES/TRACKING ERROR OPEN,NO MOTION OR SAFETY CREDIT
P03_RIGHT_FOOT_LIFT,L_hip_roll_link,R_foot,338.945013,0.000000,NO,PASS,NOMINAL RIGID LINK ENVELOPES; TOLERANCE/COVERS/CABLES/TRACKING ERROR OPEN,NO MOTION OR SAFETY CREDIT
P03_RIGHT_FOOT_LIFT,L_hip_roll_link,R_forearm,180.874332,0.000000,NO,PASS,NOMINAL RIGID LINK ENVELOPES; TOLERANCE/COVERS/CABLES/TRACKING ERROR OPEN,NO MOTION OR SAFETY CREDIT
P03_RIGHT_FOOT_LIFT,L_hip_roll_link,R_gripper,245.079600,0.000000,NO,PASS,NOMINAL RIGID LINK ENVELOPES; TOLERANCE/COVERS/CABLES/TRACKING ERROR OPEN,NO MOTION OR SAFETY CREDIT
P03_RIGHT_FOOT_LIFT,L_hip_roll_link,R_hand,222.904976,0.000000,NO,PASS,NOMINAL RIGID LINK ENVELOPES; TOLERANCE/COVERS/CABLES/TRACKING ERROR OPEN,NO MOTION OR SAFETY CREDIT
P03_RIGHT_FOOT_LIFT,L_hip_roll_link,R_hip_roll_link,60.841274,0.000000,NO,PASS,NOMINAL RIGID LINK ENVELOPES; TOLERANCE/COVERS/CABLES/TRACKING ERROR OPEN,NO MOTION OR SAFETY CREDIT
P03_RIGHT_FOOT_LIFT,L_hip_roll_link,R_hip_yaw_link,62.920637,0.000000,NO,PASS,NOMINAL RIGID LINK ENVELOPES; TOLERANCE/COVERS/CABLES/TRACKING ERROR OPEN,NO MOTION OR SAFETY CREDIT
P03_RIGHT_FOOT_LIFT,L_hip_roll_link,R_shin,218.798540,0.000000,NO,PASS,NOMINAL RIGID LINK ENVELOPES; TOLERANCE/COVERS/CABLES/TRACKING ERROR OPEN,NO MOTION OR SAFETY CREDIT
P03_RIGHT_FOOT_LIFT,L_hip_roll_link,R_shoulder_pitch_link,181.351375,0.000000,NO,PASS,NOMINAL RIGID LINK ENVELOPES; TOLERANCE/COVERS/CABLES/TRACKING ERROR OPEN,NO MOTION OR SAFETY CREDIT
P03_RIGHT_FOOT_LIFT,L_hip_roll_link,R_thigh,58.814553,0.000000,NO,PASS,NOMINAL RIGID LINK ENVELOPES; TOLERANCE/COVERS/CABLES/TRACKING ERROR OPEN,NO MOTION OR SAFETY CREDIT
P03_RIGHT_FOOT_LIFT,L_hip_roll_link,R_upper_arm,117.535497,0.000000,NO,PASS,NOMINAL RIGID LINK ENVELOPES; TOLERANCE/COVERS/CABLES/TRACKING ERROR OPEN,NO MOTION OR SAFETY CREDIT
P03_RIGHT_FOOT_LIFT,L_hip_roll_link,head,234.261701,0.000000,NO,PASS,NOMINAL RIGID LINK ENVELOPES; TOLERANCE/COVERS/CABLES/TRACKING ERROR OPEN,NO MOTION OR SAFETY CREDIT
P03_RIGHT_FOOT_LIFT,L_hip_roll_link,neck_pan_link,185.952276,0.000000,NO,PASS,NOMINAL RIGID LINK ENVELOPES; TOLERANCE/COVERS/CABLES/TRACKING ERROR OPEN,NO MOTION OR SAFETY CREDIT
P03_RIGHT_FOOT_LIFT,L_hip_roll_link,torso,36.123701,0.000000,NO,PASS,NOMINAL RIGID LINK ENVELOPES; TOLERANCE/COVERS/CABLES/TRACKING ERROR OPEN,NO MOTION OR SAFETY CREDIT
P03_RIGHT_FOOT_LIFT,L_hip_yaw_link,L_shin,221.465346,0.000000,NO,PASS,NOMINAL RIGID LINK ENVELOPES; TOLERANCE/COVERS/CABLES/TRACKING ERROR OPEN,NO MOTION OR SAFETY CREDIT
P03_RIGHT_FOOT_LIFT,L_hip_yaw_link,L_shoulder_pitch_link,134.887000,0.000000,NO,PASS,NOMINAL RIGID LINK ENVELOPES; TOLERANCE/COVERS/CABLES/TRACKING ERROR OPEN,NO MOTION OR SAFETY CREDIT
P03_RIGHT_FOOT_LIFT,L_hip_yaw_link,L_upper_arm,30.184319,0.000000,NO,PASS,NOMINAL RIGID LINK ENVELOPES; TOLERANCE/COVERS/CABLES/TRACKING ERROR OPEN,NO MOTION OR SAFETY CREDIT
P03_RIGHT_FOOT_LIFT,L_hip_yaw_link,R_ankle_pitch_link,310.795401,0.000000,NO,PASS,NOMINAL RIGID LINK ENVELOPES; TOLERANCE/COVERS/CABLES/TRACKING ERROR OPEN,NO MOTION OR SAFETY CREDIT
P03_RIGHT_FOOT_LIFT,L_hip_yaw_link,R_foot,351.672860,0.000000,NO,PASS,NOMINAL RIGID LINK ENVELOPES; TOLERANCE/COVERS/CABLES/TRACKING ERROR OPEN,NO MOTION OR SAFETY CREDIT
P03_RIGHT_FOOT_LIFT,L_hip_yaw_link,R_forearm,182.953696,0.000000,NO,PASS,NOMINAL RIGID LINK ENVELOPES; TOLERANCE/COVERS/CABLES/TRACKING ERROR OPEN,NO MOTION OR SAFETY CREDIT
P03_RIGHT_FOOT_LIFT,L_hip_yaw_link,R_gripper,251.854835,0.000000,NO,PASS,NOMINAL RIGID LINK ENVELOPES; TOLERANCE/COVERS/CABLES/TRACKING ERROR OPEN,NO MOTION OR SAFETY CREDIT
P03_RIGHT_FOOT_LIFT,L_hip_yaw_link,R_hand,228.805787,0.000000,NO,PASS,NOMINAL RIGID LINK ENVELOPES; TOLERANCE/COVERS/CABLES/TRACKING ERROR OPEN,NO MOTION OR SAFETY CREDIT
P03_RIGHT_FOOT_LIFT,L_hip_yaw_link,R_hip_roll_link,62.920637,0.000000,NO,PASS,NOMINAL RIGID LINK ENVELOPES; TOLERANCE/COVERS/CABLES/TRACKING ERROR OPEN,NO MOTION OR SAFETY CREDIT
P03_RIGHT_FOOT_LIFT,L_hip_yaw_link,R_hip_yaw_link,65.000000,0.000000,NO,PASS,NOMINAL RIGID LINK ENVELOPES; TOLERANCE/COVERS/CABLES/TRACKING ERROR OPEN,NO MOTION OR SAFETY CREDIT
P03_RIGHT_FOOT_LIFT,L_hip_yaw_link,R_shin,231.160347,0.000000,NO,PASS,NOMINAL RIGID LINK ENVELOPES; TOLERANCE/COVERS/CABLES/TRACKING ERROR OPEN,NO MOTION OR SAFETY CREDIT
P03_RIGHT_FOOT_LIFT,L_hip_yaw_link,R_shoulder_pitch_link,178.616540,0.000000,NO,PASS,NOMINAL RIGID LINK ENVELOPES; TOLERANCE/COVERS/CABLES/TRACKING ERROR OPEN,NO MOTION OR SAFETY CREDIT
P03_RIGHT_FOOT_LIFT,L_hip_yaw_link,R_thigh,60.893916,0.000000,NO,PASS,NOMINAL RIGID LINK ENVELOPES; TOLERANCE/COVERS/CABLES/TRACKING ERROR OPEN,NO MOTION OR SAFETY CREDIT
P03_RIGHT_FOOT_LIFT,L_hip_yaw_link,R_upper_arm,119.046687,0.000000,NO,PASS,NOMINAL RIGID LINK ENVELOPES; TOLERANCE/COVERS/CABLES/TRACKING ERROR OPEN,NO MOTION OR SAFETY CREDIT
P03_RIGHT_FOOT_LIFT,L_hip_yaw_link,head,228.929000,0.000000,NO,PASS,NOMINAL RIGID LINK ENVELOPES; TOLERANCE/COVERS/CABLES/TRACKING ERROR OPEN,NO MOTION OR SAFETY CREDIT
P03_RIGHT_FOOT_LIFT,L_hip_yaw_link,neck_pan_link,180.687474,0.000000,NO,PASS,NOMINAL RIGID LINK ENVELOPES; TOLERANCE/COVERS/CABLES/TRACKING ERROR OPEN,NO MOTION OR SAFETY CREDIT
P03_RIGHT_FOOT_LIFT,L_hip_yaw_link,torso,30.791000,0.000000,NO,PASS,NOMINAL RIGID LINK ENVELOPES; TOLERANCE/COVERS/CABLES/TRACKING ERROR OPEN,NO MOTION OR SAFETY CREDIT
P03_RIGHT_FOOT_LIFT,L_shin,L_shoulder_pitch_link,397.173435,0.000000,NO,PASS,NOMINAL RIGID LINK ENVELOPES; TOLERANCE/COVERS/CABLES/TRACKING ERROR OPEN,NO MOTION OR SAFETY CREDIT
P03_RIGHT_FOOT_LIFT,L_shin,L_upper_arm,273.158451,0.000000,NO,PASS,NOMINAL RIGID LINK ENVELOPES; TOLERANCE/COVERS/CABLES/TRACKING ERROR OPEN,NO MOTION OR SAFETY CREDIT
P03_RIGHT_FOOT_LIFT,L_shin,R_ankle_pitch_link,49.410315,0.000000,NO,PASS,NOMINAL RIGID LINK ENVELOPES; TOLERANCE/COVERS/CABLES/TRACKING ERROR OPEN,NO MOTION OR SAFETY CREDIT
P03_RIGHT_FOOT_LIFT,L_shin,R_foot,41.361867,0.000000,NO,PASS,NOMINAL RIGID LINK ENVELOPES; TOLERANCE/COVERS/CABLES/TRACKING ERROR OPEN,NO MOTION OR SAFETY CREDIT
P03_RIGHT_FOOT_LIFT,L_shin,R_forearm,182.383348,0.000000,NO,PASS,NOMINAL RIGID LINK ENVELOPES; TOLERANCE/COVERS/CABLES/TRACKING ERROR OPEN,NO MOTION OR SAFETY CREDIT
P03_RIGHT_FOOT_LIFT,L_shin,R_gripper,179.533641,0.000000,NO,PASS,NOMINAL RIGID LINK ENVELOPES; TOLERANCE/COVERS/CABLES/TRACKING ERROR OPEN,NO MOTION OR SAFETY CREDIT
P03_RIGHT_FOOT_LIFT,L_shin,R_hand,179.205314,0.000000,NO,PASS,NOMINAL RIGID LINK ENVELOPES; TOLERANCE/COVERS/CABLES/TRACKING ERROR OPEN,NO MOTION OR SAFETY CREDIT
P03_RIGHT_FOOT_LIFT,L_shin,R_hip_roll_link,208.827104,0.000000,NO,PASS,NOMINAL RIGID LINK ENVELOPES; TOLERANCE/COVERS/CABLES/TRACKING ERROR OPEN,NO MOTION OR SAFETY CREDIT
P03_RIGHT_FOOT_LIFT,L_shin,R_hip_yaw_link,221.535199,0.000000,NO,PASS,NOMINAL RIGID LINK ENVELOPES; TOLERANCE/COVERS/CABLES/TRACKING ERROR OPEN,NO MOTION OR SAFETY CREDIT
P03_RIGHT_FOOT_LIFT,L_shin,R_shin,55.626983,0.000000,NO,PASS,NOMINAL RIGID LINK ENVELOPES; TOLERANCE/COVERS/CABLES/TRACKING ERROR OPEN,NO MOTION OR SAFETY CREDIT
P03_RIGHT_FOOT_LIFT,L_shin,R_shoulder_pitch_link,400.523012,0.000000,NO,PASS,NOMINAL RIGID LINK ENVELOPES; TOLERANCE/COVERS/CABLES/TRACKING ERROR OPEN,NO MOTION OR SAFETY CREDIT
P03_RIGHT_FOOT_LIFT,L_shin,R_thigh,78.823908,0.000000,NO,PASS,NOMINAL RIGID LINK ENVELOPES; TOLERANCE/COVERS/CABLES/TRACKING ERROR OPEN,NO MOTION OR SAFETY CREDIT
P03_RIGHT_FOOT_LIFT,L_shin,R_upper_arm,277.529039,0.000000,NO,PASS,NOMINAL RIGID LINK ENVELOPES; TOLERANCE/COVERS/CABLES/TRACKING ERROR OPEN,NO MOTION OR SAFETY CREDIT
P03_RIGHT_FOOT_LIFT,L_shin,base_link,199.168346,0.000000,NO,PASS,NOMINAL RIGID LINK ENVELOPES; TOLERANCE/COVERS/CABLES/TRACKING ERROR OPEN,NO MOTION OR SAFETY CREDIT
P03_RIGHT_FOOT_LIFT,L_shin,head,490.394346,0.000000,NO,PASS,NOMINAL RIGID LINK ENVELOPES; TOLERANCE/COVERS/CABLES/TRACKING ERROR OPEN,NO MOTION OR SAFETY CREDIT
P03_RIGHT_FOOT_LIFT,L_shin,neck_pan_link,442.025346,0.000000,NO,PASS,NOMINAL RIGID LINK ENVELOPES; TOLERANCE/COVERS/CABLES/TRACKING ERROR OPEN,NO MOTION OR SAFETY CREDIT
P03_RIGHT_FOOT_LIFT,L_shin,torso,292.256346,0.000000,NO,PASS,NOMINAL RIGID LINK ENVELOPES; TOLERANCE/COVERS/CABLES/TRACKING ERROR OPEN,NO MOTION OR SAFETY CREDIT
P03_RIGHT_FOOT_LIFT,L_shoulder_pitch_link,L_thigh,166.530743,0.000000,NO,PASS,NOMINAL RIGID LINK ENVELOPES; TOLERANCE/COVERS/CABLES/TRACKING ERROR OPEN,NO MOTION OR SAFETY CREDIT
P03_RIGHT_FOOT_LIFT,L_shoulder_pitch_link,R_ankle_pitch_link,493.276005,0.000000,NO,PASS,NOMINAL RIGID LINK ENVELOPES; TOLERANCE/COVERS/CABLES/TRACKING ERROR OPEN,NO MOTION OR SAFETY CREDIT
P03_RIGHT_FOOT_LIFT,L_shoulder_pitch_link,R_foot,534.388590,0.000000,NO,PASS,NOMINAL RIGID LINK ENVELOPES; TOLERANCE/COVERS/CABLES/TRACKING ERROR OPEN,NO MOTION OR SAFETY CREDIT
P03_RIGHT_FOOT_LIFT,L_shoulder_pitch_link,R_forearm,261.019344,0.000000,NO,PASS,NOMINAL RIGID LINK ENVELOPES; TOLERANCE/COVERS/CABLES/TRACKING ERROR OPEN,NO MOTION OR SAFETY CREDIT
P03_RIGHT_FOOT_LIFT,L_shoulder_pitch_link,R_gripper,395.893048,0.000000,NO,PASS,NOMINAL RIGID LINK ENVELOPES; TOLERANCE/COVERS/CABLES/TRACKING ERROR OPEN,NO MOTION OR SAFETY CREDIT
P03_RIGHT_FOOT_LIFT,L_shoulder_pitch_link,R_hand,367.769693,0.000000,NO,PASS,NOMINAL RIGID LINK ENVELOPES; TOLERANCE/COVERS/CABLES/TRACKING ERROR OPEN,NO MOTION OR SAFETY CREDIT
P03_RIGHT_FOOT_LIFT,L_shoulder_pitch_link,R_hip_roll_link,181.876321,0.000000,NO,PASS,NOMINAL RIGID LINK ENVELOPES; TOLERANCE/COVERS/CABLES/TRACKING ERROR OPEN,NO MOTION OR SAFETY CREDIT
P03_RIGHT_FOOT_LIFT,L_shoulder_pitch_link,R_hip_yaw_link,179.159086,0.000000,NO,PASS,NOMINAL RIGID LINK ENVELOPES; TOLERANCE/COVERS/CABLES/TRACKING ERROR OPEN,NO MOTION OR SAFETY CREDIT
P03_RIGHT_FOOT_LIFT,L_shoulder_pitch_link,R_shin,412.957946,0.000000,NO,PASS,NOMINAL RIGID LINK ENVELOPES; TOLERANCE/COVERS/CABLES/TRACKING ERROR OPEN,NO MOTION OR SAFETY CREDIT
P03_RIGHT_FOOT_LIFT,L_shoulder_pitch_link,R_shoulder_pitch_link,170.000000,0.000000,NO,PASS,NOMINAL RIGID LINK ENVELOPES; TOLERANCE/COVERS/CABLES/TRACKING ERROR OPEN,NO MOTION OR SAFETY CREDIT
P03_RIGHT_FOOT_LIFT,L_shoulder_pitch_link,R_thigh,196.372389,0.000000,NO,PASS,NOMINAL RIGID LINK ENVELOPES; TOLERANCE/COVERS/CABLES/TRACKING ERROR OPEN,NO MOTION OR SAFETY CREDIT
P03_RIGHT_FOOT_LIFT,L_shoulder_pitch_link,R_upper_arm,171.566076,0.000000,NO,PASS,NOMINAL RIGID LINK ENVELOPES; TOLERANCE/COVERS/CABLES/TRACKING ERROR OPEN,NO MOTION OR SAFETY CREDIT
P03_RIGHT_FOOT_LIFT,L_shoulder_pitch_link,base_link,127.632715,0.000000,NO,PASS,NOMINAL RIGID LINK ENVELOPES; TOLERANCE/COVERS/CABLES/TRACKING ERROR OPEN,NO MOTION OR SAFETY CREDIT
P03_RIGHT_FOOT_LIFT,L_shoulder_pitch_link,head,41.599028,0.000000,NO,PASS,NOMINAL RIGID LINK ENVELOPES; TOLERANCE/COVERS/CABLES/TRACKING ERROR OPEN,NO MOTION OR SAFETY CREDIT
P03_RIGHT_FOOT_LIFT,L_shoulder_pitch_link,neck_pan_link,59.699000,0.000000,NO,PASS,NOMINAL RIGID LINK ENVELOPES; TOLERANCE/COVERS/CABLES/TRACKING ERROR OPEN,NO MOTION OR SAFETY CREDIT
P03_RIGHT_FOOT_LIFT,L_thigh,L_upper_arm,41.827917,0.000000,NO,PASS,NOMINAL RIGID LINK ENVELOPES; TOLERANCE/COVERS/CABLES/TRACKING ERROR OPEN,NO MOTION OR SAFETY CREDIT
P03_RIGHT_FOOT_LIFT,L_thigh,R_ankle_pitch_link,171.760637,0.000000,NO,PASS,NOMINAL RIGID LINK ENVELOPES; TOLERANCE/COVERS/CABLES/TRACKING ERROR OPEN,NO MOTION OR SAFETY CREDIT
P03_RIGHT_FOOT_LIFT,L_thigh,R_foot,210.475787,0.000000,NO,PASS,NOMINAL RIGID LINK ENVELOPES; TOLERANCE/COVERS/CABLES/TRACKING ERROR OPEN,NO MOTION OR SAFETY CREDIT
P03_RIGHT_FOOT_LIFT,L_thigh,R_forearm,154.123533,0.000000,NO,PASS,NOMINAL RIGID LINK ENVELOPES; TOLERANCE/COVERS/CABLES/TRACKING ERROR OPEN,NO MOTION OR SAFETY CREDIT
P03_RIGHT_FOOT_LIFT,L_thigh,R_gripper,201.636309,0.000000,NO,PASS,NOMINAL RIGID LINK ENVELOPES; TOLERANCE/COVERS/CABLES/TRACKING ERROR OPEN,NO MOTION OR SAFETY CREDIT
P03_RIGHT_FOOT_LIFT,L_thigh,R_hand,186.876827,0.000000,NO,PASS,NOMINAL RIGID LINK ENVELOPES; TOLERANCE/COVERS/CABLES/TRACKING ERROR OPEN,NO MOTION OR SAFETY CREDIT
P03_RIGHT_FOOT_LIFT,L_thigh,R_hip_roll_link,55.210983,0.000000,NO,PASS,NOMINAL RIGID LINK ENVELOPES; TOLERANCE/COVERS/CABLES/TRACKING ERROR OPEN,NO MOTION OR SAFETY CREDIT
P03_RIGHT_FOOT_LIFT,L_thigh,R_hip_yaw_link,54.461905,0.000000,NO,PASS,NOMINAL RIGID LINK ENVELOPES; TOLERANCE/COVERS/CABLES/TRACKING ERROR OPEN,NO MOTION OR SAFETY CREDIT
P03_RIGHT_FOOT_LIFT,L_thigh,R_shin,97.831648,0.000000,NO,PASS,NOMINAL RIGID LINK ENVELOPES; TOLERANCE/COVERS/CABLES/TRACKING ERROR OPEN,NO MOTION OR SAFETY CREDIT
P03_RIGHT_FOOT_LIFT,L_thigh,R_shoulder_pitch_link,188.472166,0.000000,NO,PASS,NOMINAL RIGID LINK ENVELOPES; TOLERANCE/COVERS/CABLES/TRACKING ERROR OPEN,NO MOTION OR SAFETY CREDIT
P03_RIGHT_FOOT_LIFT,L_thigh,R_thigh,49.626983,0.000000,NO,PASS,NOMINAL RIGID LINK ENVELOPES; TOLERANCE/COVERS/CABLES/TRACKING ERROR OPEN,NO MOTION OR SAFETY CREDIT
P03_RIGHT_FOOT_LIFT,L_thigh,R_upper_arm,98.869637,0.000000,NO,PASS,NOMINAL RIGID LINK ENVELOPES; TOLERANCE/COVERS/CABLES/TRACKING ERROR OPEN,NO MOTION OR SAFETY CREDIT
P03_RIGHT_FOOT_LIFT,L_thigh,head,260.572743,0.000000,NO,PASS,NOMINAL RIGID LINK ENVELOPES; TOLERANCE/COVERS/CABLES/TRACKING ERROR OPEN,NO MOTION OR SAFETY CREDIT
P03_RIGHT_FOOT_LIFT,L_thigh,neck_pan_link,212.203743,0.000000,NO,PASS,NOMINAL RIGID LINK ENVELOPES; TOLERANCE/COVERS/CABLES/TRACKING ERROR OPEN,NO MOTION OR SAFETY CREDIT
P03_RIGHT_FOOT_LIFT,L_thigh,torso,62.434743,0.000000,NO,PASS,NOMINAL RIGID LINK ENVELOPES; TOLERANCE/COVERS/CABLES/TRACKING ERROR OPEN,NO MOTION OR SAFETY CREDIT
P03_RIGHT_FOOT_LIFT,L_upper_arm,R_ankle_pitch_link,379.047636,0.000000,NO,PASS,NOMINAL RIGID LINK ENVELOPES; TOLERANCE/COVERS/CABLES/TRACKING ERROR OPEN,NO MOTION OR SAFETY CREDIT
P03_RIGHT_FOOT_LIFT,L_upper_arm,R_foot,417.674751,0.000000,NO,PASS,NOMINAL RIGID LINK ENVELOPES; TOLERANCE/COVERS/CABLES/TRACKING ERROR OPEN,NO MOTION OR SAFETY CREDIT
P03_RIGHT_FOOT_LIFT,L_upper_arm,R_forearm,239.013015,0.000000,NO,PASS,NOMINAL RIGID LINK ENVELOPES; TOLERANCE/COVERS/CABLES/TRACKING ERROR OPEN,NO MOTION OR SAFETY CREDIT
P03_RIGHT_FOOT_LIFT,L_upper_arm,R_gripper,324.231027,0.000000,NO,PASS,NOMINAL RIGID LINK ENVELOPES; TOLERANCE/COVERS/CABLES/TRACKING ERROR OPEN,NO MOTION OR SAFETY CREDIT
P03_RIGHT_FOOT_LIFT,L_upper_arm,R_hand,299.760993,0.000000,NO,PASS,NOMINAL RIGID LINK ENVELOPES; TOLERANCE/COVERS/CABLES/TRACKING ERROR OPEN,NO MOTION OR SAFETY CREDIT
P03_RIGHT_FOOT_LIFT,L_upper_arm,R_hip_roll_link,119.987513,0.000000,NO,PASS,NOMINAL RIGID LINK ENVELOPES; TOLERANCE/COVERS/CABLES/TRACKING ERROR OPEN,NO MOTION OR SAFETY CREDIT
P03_RIGHT_FOOT_LIFT,L_upper_arm,R_hip_yaw_link,121.486938,0.000000,NO,PASS,NOMINAL RIGID LINK ENVELOPES; TOLERANCE/COVERS/CABLES/TRACKING ERROR OPEN,NO MOTION OR SAFETY CREDIT
P03_RIGHT_FOOT_LIFT,L_upper_arm,R_shin,301.598664,0.000000,NO,PASS,NOMINAL RIGID LINK ENVELOPES; TOLERANCE/COVERS/CABLES/TRACKING ERROR OPEN,NO MOTION OR SAFETY CREDIT
P03_RIGHT_FOOT_LIFT,L_upper_arm,R_shoulder_pitch_link,173.146319,0.000000,NO,PASS,NOMINAL RIGID LINK ENVELOPES; TOLERANCE/COVERS/CABLES/TRACKING ERROR OPEN,NO MOTION OR SAFETY CREDIT
P03_RIGHT_FOOT_LIFT,L_upper_arm,R_thigh,122.172742,0.000000,NO,PASS,NOMINAL RIGID LINK ENVELOPES; TOLERANCE/COVERS/CABLES/TRACKING ERROR OPEN,NO MOTION OR SAFETY CREDIT
P03_RIGHT_FOOT_LIFT,L_upper_arm,R_upper_arm,174.712395,0.000000,NO,PASS,NOMINAL RIGID LINK ENVELOPES; TOLERANCE/COVERS/CABLES/TRACKING ERROR OPEN,NO MOTION OR SAFETY CREDIT
P03_RIGHT_FOOT_LIFT,L_upper_arm,base_link,44.787349,0.000000,NO,PASS,NOMINAL RIGID LINK ENVELOPES; TOLERANCE/COVERS/CABLES/TRACKING ERROR OPEN,NO MOTION OR SAFETY CREDIT
P03_RIGHT_FOOT_LIFT,L_upper_arm,head,65.063298,0.000000,NO,PASS,NOMINAL RIGID LINK ENVELOPES; TOLERANCE/COVERS/CABLES/TRACKING ERROR OPEN,NO MOTION OR SAFETY CREDIT
P03_RIGHT_FOOT_LIFT,L_upper_arm,neck_pan_link,64.559295,0.000000,NO,PASS,NOMINAL RIGID LINK ENVELOPES; TOLERANCE/COVERS/CABLES/TRACKING ERROR OPEN,NO MOTION OR SAFETY CREDIT
P03_RIGHT_FOOT_LIFT,R_ankle_pitch_link,R_forearm,203.853994,0.000000,NO,PASS,NOMINAL RIGID LINK ENVELOPES; TOLERANCE/COVERS/CABLES/TRACKING ERROR OPEN,NO MOTION OR SAFETY CREDIT
P03_RIGHT_FOOT_LIFT,R_ankle_pitch_link,R_gripper,133.961125,0.000000,NO,PASS,NOMINAL RIGID LINK ENVELOPES; TOLERANCE/COVERS/CABLES/TRACKING ERROR OPEN,NO MOTION OR SAFETY CREDIT
P03_RIGHT_FOOT_LIFT,R_ankle_pitch_link,R_hand,161.278796,0.000000,NO,PASS,NOMINAL RIGID LINK ENVELOPES; TOLERANCE/COVERS/CABLES/TRACKING ERROR OPEN,NO MOTION OR SAFETY CREDIT
P03_RIGHT_FOOT_LIFT,R_ankle_pitch_link,R_hip_roll_link,278.444367,0.000000,NO,PASS,NOMINAL RIGID LINK ENVELOPES; TOLERANCE/COVERS/CABLES/TRACKING ERROR OPEN,NO MOTION OR SAFETY CREDIT
P03_RIGHT_FOOT_LIFT,R_ankle_pitch_link,R_hip_yaw_link,291.111666,0.000000,NO,PASS,NOMINAL RIGID LINK ENVELOPES; TOLERANCE/COVERS/CABLES/TRACKING ERROR OPEN,NO MOTION OR SAFETY CREDIT
P03_RIGHT_FOOT_LIFT,R_ankle_pitch_link,R_shoulder_pitch_link,465.998666,0.000000,NO,PASS,NOMINAL RIGID LINK ENVELOPES; TOLERANCE/COVERS/CABLES/TRACKING ERROR OPEN,NO MOTION OR SAFETY CREDIT
P03_RIGHT_FOOT_LIFT,R_ankle_pitch_link,R_thigh,148.456765,0.000000,NO,PASS,NOMINAL RIGID LINK ENVELOPES; TOLERANCE/COVERS/CABLES/TRACKING ERROR OPEN,NO MOTION OR SAFETY CREDIT
P03_RIGHT_FOOT_LIFT,R_ankle_pitch_link,R_upper_arm,340.784377,0.000000,NO,PASS,NOMINAL RIGID LINK ENVELOPES; TOLERANCE/COVERS/CABLES/TRACKING ERROR OPEN,NO MOTION OR SAFETY CREDIT
P03_RIGHT_FOOT_LIFT,R_ankle_pitch_link,base_link,268.814666,0.000000,NO,PASS,NOMINAL RIGID LINK ENVELOPES; TOLERANCE/COVERS/CABLES/TRACKING ERROR OPEN,NO MOTION OR SAFETY CREDIT
P03_RIGHT_FOOT_LIFT,R_ankle_pitch_link,head,560.040666,0.000000,NO,PASS,NOMINAL RIGID LINK ENVELOPES; TOLERANCE/COVERS/CABLES/TRACKING ERROR OPEN,NO MOTION OR SAFETY CREDIT
P03_RIGHT_FOOT_LIFT,R_ankle_pitch_link,neck_pan_link,513.923926,0.000000,NO,PASS,NOMINAL RIGID LINK ENVELOPES; TOLERANCE/COVERS/CABLES/TRACKING ERROR OPEN,NO MOTION OR SAFETY CREDIT
P03_RIGHT_FOOT_LIFT,R_ankle_pitch_link,torso,361.902666,0.000000,NO,PASS,NOMINAL RIGID LINK ENVELOPES; TOLERANCE/COVERS/CABLES/TRACKING ERROR OPEN,NO MOTION OR SAFETY CREDIT
P03_RIGHT_FOOT_LIFT,R_foot,R_forearm,249.643577,0.000000,NO,PASS,NOMINAL RIGID LINK ENVELOPES; TOLERANCE/COVERS/CABLES/TRACKING ERROR OPEN,NO MOTION OR SAFETY CREDIT
P03_RIGHT_FOOT_LIFT,R_foot,R_gripper,174.618694,0.000000,NO,PASS,NOMINAL RIGID LINK ENVELOPES; TOLERANCE/COVERS/CABLES/TRACKING ERROR OPEN,NO MOTION OR SAFETY CREDIT
P03_RIGHT_FOOT_LIFT,R_foot,R_hand,204.690327,0.000000,NO,PASS,NOMINAL RIGID LINK ENVELOPES; TOLERANCE/COVERS/CABLES/TRACKING ERROR OPEN,NO MOTION OR SAFETY CREDIT
P03_RIGHT_FOOT_LIFT,R_foot,R_hip_roll_link,324.250126,0.000000,NO,PASS,NOMINAL RIGID LINK ENVELOPES; TOLERANCE/COVERS/CABLES/TRACKING ERROR OPEN,NO MOTION OR SAFETY CREDIT
P03_RIGHT_FOOT_LIFT,R_foot,R_hip_yaw_link,336.917424,0.000000,NO,PASS,NOMINAL RIGID LINK ENVELOPES; TOLERANCE/COVERS/CABLES/TRACKING ERROR OPEN,NO MOTION OR SAFETY CREDIT
P03_RIGHT_FOOT_LIFT,R_foot,R_shoulder_pitch_link,511.804424,0.000000,NO,PASS,NOMINAL RIGID LINK ENVELOPES; TOLERANCE/COVERS/CABLES/TRACKING ERROR OPEN,NO MOTION OR SAFETY CREDIT
P03_RIGHT_FOOT_LIFT,R_foot,R_thigh,194.262523,0.000000,NO,PASS,NOMINAL RIGID LINK ENVELOPES; TOLERANCE/COVERS/CABLES/TRACKING ERROR OPEN,NO MOTION OR SAFETY CREDIT
P03_RIGHT_FOOT_LIFT,R_foot,R_upper_arm,386.590135,0.000000,NO,PASS,NOMINAL RIGID LINK ENVELOPES; TOLERANCE/COVERS/CABLES/TRACKING ERROR OPEN,NO MOTION OR SAFETY CREDIT
P03_RIGHT_FOOT_LIFT,R_foot,base_link,314.620424,0.000000,NO,PASS,NOMINAL RIGID LINK ENVELOPES; TOLERANCE/COVERS/CABLES/TRACKING ERROR OPEN,NO MOTION OR SAFETY CREDIT
P03_RIGHT_FOOT_LIFT,R_foot,head,605.846424,0.000000,NO,PASS,NOMINAL RIGID LINK ENVELOPES; TOLERANCE/COVERS/CABLES/TRACKING ERROR OPEN,NO MOTION OR SAFETY CREDIT
P03_RIGHT_FOOT_LIFT,R_foot,neck_pan_link,558.911552,0.000000,NO,PASS,NOMINAL RIGID LINK ENVELOPES; TOLERANCE/COVERS/CABLES/TRACKING ERROR OPEN,NO MOTION OR SAFETY CREDIT
P03_RIGHT_FOOT_LIFT,R_foot,torso,407.708424,0.000000,NO,PASS,NOMINAL RIGID LINK ENVELOPES; TOLERANCE/COVERS/CABLES/TRACKING ERROR OPEN,NO MOTION OR SAFETY CREDIT
P03_RIGHT_FOOT_LIFT,R_forearm,R_gripper,24.853000,0.000000,NO,PASS,NOMINAL RIGID LINK ENVELOPES; TOLERANCE/COVERS/CABLES/TRACKING ERROR OPEN,NO MOTION OR SAFETY CREDIT
P03_RIGHT_FOOT_LIFT,R_forearm,R_hip_roll_link,55.874332,0.000000,NO,PASS,NOMINAL RIGID LINK ENVELOPES; TOLERANCE/COVERS/CABLES/TRACKING ERROR OPEN,NO MOTION OR SAFETY CREDIT
P03_RIGHT_FOOT_LIFT,R_forearm,R_hip_yaw_link,57.953696,0.000000,NO,PASS,NOMINAL RIGID LINK ENVELOPES; TOLERANCE/COVERS/CABLES/TRACKING ERROR OPEN,NO MOTION OR SAFETY CREDIT
P03_RIGHT_FOOT_LIFT,R_forearm,R_shin,123.034576,0.000000,NO,PASS,NOMINAL RIGID LINK ENVELOPES; TOLERANCE/COVERS/CABLES/TRACKING ERROR OPEN,NO MOTION OR SAFETY CREDIT
P03_RIGHT_FOOT_LIFT,R_forearm,R_shoulder_pitch_link,114.747923,0.000000,NO,PASS,NOMINAL RIGID LINK ENVELOPES; TOLERANCE/COVERS/CABLES/TRACKING ERROR OPEN,NO MOTION OR SAFETY CREDIT
P03_RIGHT_FOOT_LIFT,R_forearm,R_thigh,56.252459,0.000000,NO,PASS,NOMINAL RIGID LINK ENVELOPES; TOLERANCE/COVERS/CABLES/TRACKING ERROR OPEN,NO MOTION OR SAFETY CREDIT
P03_RIGHT_FOOT_LIFT,R_forearm,base_link,70.173696,0.000000,NO,PASS,NOMINAL RIGID LINK ENVELOPES; TOLERANCE/COVERS/CABLES/TRACKING ERROR OPEN,NO MOTION OR SAFETY CREDIT
P03_RIGHT_FOOT_LIFT,R_forearm,head,218.510342,0.000000,NO,PASS,NOMINAL RIGID LINK ENVELOPES; TOLERANCE/COVERS/CABLES/TRACKING ERROR OPEN,NO MOTION OR SAFETY CREDIT
P03_RIGHT_FOOT_LIFT,R_forearm,neck_pan_link,199.301141,0.000000,NO,PASS,NOMINAL RIGID LINK ENVELOPES; TOLERANCE/COVERS/CABLES/TRACKING ERROR OPEN,NO MOTION OR SAFETY CREDIT
P03_RIGHT_FOOT_LIFT,R_forearm,torso,55.693338,0.000000,NO,PASS,NOMINAL RIGID LINK ENVELOPES; TOLERANCE/COVERS/CABLES/TRACKING ERROR OPEN,NO MOTION OR SAFETY CREDIT
P03_RIGHT_FOOT_LIFT,R_gripper,R_hip_roll_link,136.353340,0.000000,NO,PASS,NOMINAL RIGID LINK ENVELOPES; TOLERANCE/COVERS/CABLES/TRACKING ERROR OPEN,NO MOTION OR SAFETY CREDIT
P03_RIGHT_FOOT_LIFT,R_gripper,R_hip_yaw_link,146.421447,0.000000,NO,PASS,NOMINAL RIGID LINK ENVELOPES; TOLERANCE/COVERS/CABLES/TRACKING ERROR OPEN,NO MOTION OR SAFETY CREDIT
P03_RIGHT_FOOT_LIFT,R_gripper,R_shin,63.510302,0.000000,NO,PASS,NOMINAL RIGID LINK ENVELOPES; TOLERANCE/COVERS/CABLES/TRACKING ERROR OPEN,NO MOTION OR SAFETY CREDIT
P03_RIGHT_FOOT_LIFT,R_gripper,R_shoulder_pitch_link,286.027843,0.000000,NO,PASS,NOMINAL RIGID LINK ENVELOPES; TOLERANCE/COVERS/CABLES/TRACKING ERROR OPEN,NO MOTION OR SAFETY CREDIT
P03_RIGHT_FOOT_LIFT,R_gripper,R_thigh,76.109256,0.000000,NO,PASS,NOMINAL RIGID LINK ENVELOPES; TOLERANCE/COVERS/CABLES/TRACKING ERROR OPEN,NO MOTION OR SAFETY CREDIT
P03_RIGHT_FOOT_LIFT,R_gripper,R_upper_arm,154.526768,0.000000,NO,PASS,NOMINAL RIGID LINK ENVELOPES; TOLERANCE/COVERS/CABLES/TRACKING ERROR OPEN,NO MOTION OR SAFETY CREDIT
P03_RIGHT_FOOT_LIFT,R_gripper,base_link,141.894330,0.000000,NO,PASS,NOMINAL RIGID LINK ENVELOPES; TOLERANCE/COVERS/CABLES/TRACKING ERROR OPEN,NO MOTION OR SAFETY CREDIT
P03_RIGHT_FOOT_LIFT,R_gripper,head,389.708093,0.000000,NO,PASS,NOMINAL RIGID LINK ENVELOPES; TOLERANCE/COVERS/CABLES/TRACKING ERROR OPEN,NO MOTION OR SAFETY CREDIT
P03_RIGHT_FOOT_LIFT,R_gripper,neck_pan_link,364.085053,0.000000,NO,PASS,NOMINAL RIGID LINK ENVELOPES; TOLERANCE/COVERS/CABLES/TRACKING ERROR OPEN,NO MOTION OR SAFETY CREDIT
P03_RIGHT_FOOT_LIFT,R_gripper,torso,200.621694,0.000000,NO,PASS,NOMINAL RIGID LINK ENVELOPES; TOLERANCE/COVERS/CABLES/TRACKING ERROR OPEN,NO MOTION OR SAFETY CREDIT
P03_RIGHT_FOOT_LIFT,R_hand,R_hip_roll_link,109.108760,0.000000,NO,PASS,NOMINAL RIGID LINK ENVELOPES; TOLERANCE/COVERS/CABLES/TRACKING ERROR OPEN,NO MOTION OR SAFETY CREDIT
P03_RIGHT_FOOT_LIFT,R_hand,R_hip_yaw_link,118.534133,0.000000,NO,PASS,NOMINAL RIGID LINK ENVELOPES; TOLERANCE/COVERS/CABLES/TRACKING ERROR OPEN,NO MOTION OR SAFETY CREDIT
P03_RIGHT_FOOT_LIFT,R_hand,R_shin,82.812652,0.000000,NO,PASS,NOMINAL RIGID LINK ENVELOPES; TOLERANCE/COVERS/CABLES/TRACKING ERROR OPEN,NO MOTION OR SAFETY CREDIT
P03_RIGHT_FOOT_LIFT,R_hand,R_shoulder_pitch_link,257.942147,0.000000,NO,PASS,NOMINAL RIGID LINK ENVELOPES; TOLERANCE/COVERS/CABLES/TRACKING ERROR OPEN,NO MOTION OR SAFETY CREDIT
P03_RIGHT_FOOT_LIFT,R_hand,R_thigh,61.349774,0.000000,NO,PASS,NOMINAL RIGID LINK ENVELOPES; TOLERANCE/COVERS/CABLES/TRACKING ERROR OPEN,NO MOTION OR SAFETY CREDIT
P03_RIGHT_FOOT_LIFT,R_hand,R_upper_arm,127.112197,0.000000,NO,PASS,NOMINAL RIGID LINK ENVELOPES; TOLERANCE/COVERS/CABLES/TRACKING ERROR OPEN,NO MOTION OR SAFETY CREDIT
P03_RIGHT_FOOT_LIFT,R_hand,base_link,116.236488,0.000000,NO,PASS,NOMINAL RIGID LINK ENVELOPES; TOLERANCE/COVERS/CABLES/TRACKING ERROR OPEN,NO MOTION OR SAFETY CREDIT
P03_RIGHT_FOOT_LIFT,R_hand,head,361.167517,0.000000,NO,PASS,NOMINAL RIGID LINK ENVELOPES; TOLERANCE/COVERS/CABLES/TRACKING ERROR OPEN,NO MOTION OR SAFETY CREDIT
P03_RIGHT_FOOT_LIFT,R_hand,neck_pan_link,334.857949,0.000000,NO,PASS,NOMINAL RIGID LINK ENVELOPES; TOLERANCE/COVERS/CABLES/TRACKING ERROR OPEN,NO MOTION OR SAFETY CREDIT
P03_RIGHT_FOOT_LIFT,R_hand,torso,171.365111,0.000000,NO,PASS,NOMINAL RIGID LINK ENVELOPES; TOLERANCE/COVERS/CABLES/TRACKING ERROR OPEN,NO MOTION OR SAFETY CREDIT
P03_RIGHT_FOOT_LIFT,R_hip_roll_link,R_shin,197.641125,0.000000,NO,PASS,NOMINAL RIGID LINK ENVELOPES; TOLERANCE/COVERS/CABLES/TRACKING ERROR OPEN,NO MOTION OR SAFETY CREDIT
P03_RIGHT_FOOT_LIFT,R_hip_roll_link,R_shoulder_pitch_link,140.219701,0.000000,NO,PASS,NOMINAL RIGID LINK ENVELOPES; TOLERANCE/COVERS/CABLES/TRACKING ERROR OPEN,NO MOTION OR SAFETY CREDIT
P03_RIGHT_FOOT_LIFT,R_hip_roll_link,R_upper_arm,32.967414,0.000000,NO,PASS,NOMINAL RIGID LINK ENVELOPES; TOLERANCE/COVERS/CABLES/TRACKING ERROR OPEN,NO MOTION OR SAFETY CREDIT
P03_RIGHT_FOOT_LIFT,R_hip_roll_link,head,234.261701,0.000000,NO,PASS,NOMINAL RIGID LINK ENVELOPES; TOLERANCE/COVERS/CABLES/TRACKING ERROR OPEN,NO MOTION OR SAFETY CREDIT
P03_RIGHT_FOOT_LIFT,R_hip_roll_link,neck_pan_link,185.904957,0.000000,NO,PASS,NOMINAL RIGID LINK ENVELOPES; TOLERANCE/COVERS/CABLES/TRACKING ERROR OPEN,NO MOTION OR SAFETY CREDIT
P03_RIGHT_FOOT_LIFT,R_hip_roll_link,torso,36.123701,0.000000,NO,PASS,NOMINAL RIGID LINK ENVELOPES; TOLERANCE/COVERS/CABLES/TRACKING ERROR OPEN,NO MOTION OR SAFETY CREDIT
P03_RIGHT_FOOT_LIFT,R_hip_yaw_link,R_shin,210.308423,0.000000,NO,PASS,NOMINAL RIGID LINK ENVELOPES; TOLERANCE/COVERS/CABLES/TRACKING ERROR OPEN,NO MOTION OR SAFETY CREDIT
P03_RIGHT_FOOT_LIFT,R_hip_yaw_link,R_shoulder_pitch_link,134.887000,0.000000,NO,PASS,NOMINAL RIGID LINK ENVELOPES; TOLERANCE/COVERS/CABLES/TRACKING ERROR OPEN,NO MOTION OR SAFETY CREDIT
P03_RIGHT_FOOT_LIFT,R_hip_yaw_link,R_upper_arm,27.845341,0.000000,NO,PASS,NOMINAL RIGID LINK ENVELOPES; TOLERANCE/COVERS/CABLES/TRACKING ERROR OPEN,NO MOTION OR SAFETY CREDIT
P03_RIGHT_FOOT_LIFT,R_hip_yaw_link,head,228.929000,0.000000,NO,PASS,NOMINAL RIGID LINK ENVELOPES; TOLERANCE/COVERS/CABLES/TRACKING ERROR OPEN,NO MOTION OR SAFETY CREDIT
P03_RIGHT_FOOT_LIFT,R_hip_yaw_link,neck_pan_link,180.609167,0.000000,NO,PASS,NOMINAL RIGID LINK ENVELOPES; TOLERANCE/COVERS/CABLES/TRACKING ERROR OPEN,NO MOTION OR SAFETY CREDIT
P03_RIGHT_FOOT_LIFT,R_hip_yaw_link,torso,30.791000,0.000000,NO,PASS,NOMINAL RIGID LINK ENVELOPES; TOLERANCE/COVERS/CABLES/TRACKING ERROR OPEN,NO MOTION OR SAFETY CREDIT
P03_RIGHT_FOOT_LIFT,R_shin,R_shoulder_pitch_link,385.195423,0.000000,NO,PASS,NOMINAL RIGID LINK ENVELOPES; TOLERANCE/COVERS/CABLES/TRACKING ERROR OPEN,NO MOTION OR SAFETY CREDIT
P03_RIGHT_FOOT_LIFT,R_shin,R_upper_arm,259.981135,0.000000,NO,PASS,NOMINAL RIGID LINK ENVELOPES; TOLERANCE/COVERS/CABLES/TRACKING ERROR OPEN,NO MOTION OR SAFETY CREDIT
P03_RIGHT_FOOT_LIFT,R_shin,base_link,188.011423,0.000000,NO,PASS,NOMINAL RIGID LINK ENVELOPES; TOLERANCE/COVERS/CABLES/TRACKING ERROR OPEN,NO MOTION OR SAFETY CREDIT
P03_RIGHT_FOOT_LIFT,R_shin,head,479.237423,0.000000,NO,PASS,NOMINAL RIGID LINK ENVELOPES; TOLERANCE/COVERS/CABLES/TRACKING ERROR OPEN,NO MOTION OR SAFETY CREDIT
P03_RIGHT_FOOT_LIFT,R_shin,neck_pan_link,432.300549,0.000000,NO,PASS,NOMINAL RIGID LINK ENVELOPES; TOLERANCE/COVERS/CABLES/TRACKING ERROR OPEN,NO MOTION OR SAFETY CREDIT
P03_RIGHT_FOOT_LIFT,R_shin,torso,281.099423,0.000000,NO,PASS,NOMINAL RIGID LINK ENVELOPES; TOLERANCE/COVERS/CABLES/TRACKING ERROR OPEN,NO MOTION OR SAFETY CREDIT
P03_RIGHT_FOOT_LIFT,R_shoulder_pitch_link,R_thigh,160.031562,0.000000,NO,PASS,NOMINAL RIGID LINK ENVELOPES; TOLERANCE/COVERS/CABLES/TRACKING ERROR OPEN,NO MOTION OR SAFETY CREDIT
P03_RIGHT_FOOT_LIFT,R_shoulder_pitch_link,base_link,127.256906,0.000000,NO,PASS,NOMINAL RIGID LINK ENVELOPES; TOLERANCE/COVERS/CABLES/TRACKING ERROR OPEN,NO MOTION OR SAFETY CREDIT
P03_RIGHT_FOOT_LIFT,R_shoulder_pitch_link,head,39.537647,0.000000,NO,PASS,NOMINAL RIGID LINK ENVELOPES; TOLERANCE/COVERS/CABLES/TRACKING ERROR OPEN,NO MOTION OR SAFETY CREDIT
P03_RIGHT_FOOT_LIFT,R_shoulder_pitch_link,neck_pan_link,56.301000,0.000000,NO,PASS,NOMINAL RIGID LINK ENVELOPES; TOLERANCE/COVERS/CABLES/TRACKING ERROR OPEN,NO MOTION OR SAFETY CREDIT
P03_RIGHT_FOOT_LIFT,R_thigh,R_upper_arm,42.417913,0.000000,NO,PASS,NOMINAL RIGID LINK ENVELOPES; TOLERANCE/COVERS/CABLES/TRACKING ERROR OPEN,NO MOTION OR SAFETY CREDIT
P03_RIGHT_FOOT_LIFT,R_thigh,head,254.073562,0.000000,NO,PASS,NOMINAL RIGID LINK ENVELOPES; TOLERANCE/COVERS/CABLES/TRACKING ERROR OPEN,NO MOTION OR SAFETY CREDIT
P03_RIGHT_FOOT_LIFT,R_thigh,neck_pan_link,205.704590,0.000000,NO,PASS,NOMINAL RIGID LINK ENVELOPES; TOLERANCE/COVERS/CABLES/TRACKING ERROR OPEN,NO MOTION OR SAFETY CREDIT
P03_RIGHT_FOOT_LIFT,R_thigh,torso,55.935562,0.000000,NO,PASS,NOMINAL RIGID LINK ENVELOPES; TOLERANCE/COVERS/CABLES/TRACKING ERROR OPEN,NO MOTION OR SAFETY CREDIT
P03_RIGHT_FOOT_LIFT,R_upper_arm,base_link,36.982922,0.000000,NO,PASS,NOMINAL RIGID LINK ENVELOPES; TOLERANCE/COVERS/CABLES/TRACKING ERROR OPEN,NO MOTION OR SAFETY CREDIT
P03_RIGHT_FOOT_LIFT,R_upper_arm,head,64.295743,0.000000,NO,PASS,NOMINAL RIGID LINK ENVELOPES; TOLERANCE/COVERS/CABLES/TRACKING ERROR OPEN,NO MOTION OR SAFETY CREDIT
P03_RIGHT_FOOT_LIFT,R_upper_arm,neck_pan_link,59.852691,0.000000,NO,PASS,NOMINAL RIGID LINK ENVELOPES; TOLERANCE/COVERS/CABLES/TRACKING ERROR OPEN,NO MOTION OR SAFETY CREDIT
P03_RIGHT_FOOT_LIFT,base_link,head,221.226000,0.000000,NO,PASS,NOMINAL RIGID LINK ENVELOPES; TOLERANCE/COVERS/CABLES/TRACKING ERROR OPEN,NO MOTION OR SAFETY CREDIT
P03_RIGHT_FOOT_LIFT,base_link,neck_pan_link,172.857000,0.000000,NO,PASS,NOMINAL RIGID LINK ENVELOPES; TOLERANCE/COVERS/CABLES/TRACKING ERROR OPEN,NO MOTION OR SAFETY CREDIT
P03_RIGHT_FOOT_LIFT,head,torso,43.138000,0.000000,NO,PASS,NOMINAL RIGID LINK ENVELOPES; TOLERANCE/COVERS/CABLES/TRACKING ERROR OPEN,NO MOTION OR SAFETY CREDIT
P04_RIGHT_CAPTURE_STEP,L_ankle_pitch_link,L_forearm,213.368926,0.000000,NO,PASS,NOMINAL RIGID LINK ENVELOPES; TOLERANCE/COVERS/CABLES/TRACKING ERROR OPEN,NO MOTION OR SAFETY CREDIT
P04_RIGHT_CAPTURE_STEP,L_ankle_pitch_link,L_gripper,144.604954,0.000000,NO,PASS,NOMINAL RIGID LINK ENVELOPES; TOLERANCE/COVERS/CABLES/TRACKING ERROR OPEN,NO MOTION OR SAFETY CREDIT
P04_RIGHT_CAPTURE_STEP,L_ankle_pitch_link,L_hand,170.468184,0.000000,NO,PASS,NOMINAL RIGID LINK ENVELOPES; TOLERANCE/COVERS/CABLES/TRACKING ERROR OPEN,NO MOTION OR SAFETY CREDIT
P04_RIGHT_CAPTURE_STEP,L_ankle_pitch_link,L_hip_roll_link,285.684511,0.000000,NO,PASS,NOMINAL RIGID LINK ENVELOPES; TOLERANCE/COVERS/CABLES/TRACKING ERROR OPEN,NO MOTION OR SAFETY CREDIT
P04_RIGHT_CAPTURE_STEP,L_ankle_pitch_link,L_hip_yaw_link,298.351809,0.000000,NO,PASS,NOMINAL RIGID LINK ENVELOPES; TOLERANCE/COVERS/CABLES/TRACKING ERROR OPEN,NO MOTION OR SAFETY CREDIT
P04_RIGHT_CAPTURE_STEP,L_ankle_pitch_link,L_shoulder_pitch_link,463.759055,0.000000,NO,PASS,NOMINAL RIGID LINK ENVELOPES; TOLERANCE/COVERS/CABLES/TRACKING ERROR OPEN,NO MOTION OR SAFETY CREDIT
P04_RIGHT_CAPTURE_STEP,L_ankle_pitch_link,L_thigh,159.223503,0.000000,NO,PASS,NOMINAL RIGID LINK ENVELOPES; TOLERANCE/COVERS/CABLES/TRACKING ERROR OPEN,NO MOTION OR SAFETY CREDIT
P04_RIGHT_CAPTURE_STEP,L_ankle_pitch_link,L_upper_arm,349.343173,0.000000,NO,PASS,NOMINAL RIGID LINK ENVELOPES; TOLERANCE/COVERS/CABLES/TRACKING ERROR OPEN,NO MOTION OR SAFETY CREDIT
P04_RIGHT_CAPTURE_STEP,L_ankle_pitch_link,R_ankle_pitch_link,50.737069,0.000000,NO,PASS,NOMINAL RIGID LINK ENVELOPES; TOLERANCE/COVERS/CABLES/TRACKING ERROR OPEN,NO MOTION OR SAFETY CREDIT
P04_RIGHT_CAPTURE_STEP,L_ankle_pitch_link,R_foot,42.688621,0.000000,NO,PASS,NOMINAL RIGID LINK ENVELOPES; TOLERANCE/COVERS/CABLES/TRACKING ERROR OPEN,NO MOTION OR SAFETY CREDIT
P04_RIGHT_CAPTURE_STEP,L_ankle_pitch_link,R_forearm,231.169554,0.000000,NO,PASS,NOMINAL RIGID LINK ENVELOPES; TOLERANCE/COVERS/CABLES/TRACKING ERROR OPEN,NO MOTION OR SAFETY CREDIT
P04_RIGHT_CAPTURE_STEP,L_ankle_pitch_link,R_gripper,185.538770,0.000000,NO,PASS,NOMINAL RIGID LINK ENVELOPES; TOLERANCE/COVERS/CABLES/TRACKING ERROR OPEN,NO MOTION OR SAFETY CREDIT
P04_RIGHT_CAPTURE_STEP,L_ankle_pitch_link,R_hand,194.485221,0.000000,NO,PASS,NOMINAL RIGID LINK ENVELOPES; TOLERANCE/COVERS/CABLES/TRACKING ERROR OPEN,NO MOTION OR SAFETY CREDIT
P04_RIGHT_CAPTURE_STEP,L_ankle_pitch_link,R_hip_roll_link,285.757380,0.000000,NO,PASS,NOMINAL RIGID LINK ENVELOPES; TOLERANCE/COVERS/CABLES/TRACKING ERROR OPEN,NO MOTION OR SAFETY CREDIT
P04_RIGHT_CAPTURE_STEP,L_ankle_pitch_link,R_hip_yaw_link,298.473788,0.000000,NO,PASS,NOMINAL RIGID LINK ENVELOPES; TOLERANCE/COVERS/CABLES/TRACKING ERROR OPEN,NO MOTION OR SAFETY CREDIT
P04_RIGHT_CAPTURE_STEP,L_ankle_pitch_link,R_shin,56.581983,0.000000,NO,PASS,NOMINAL RIGID LINK ENVELOPES; TOLERANCE/COVERS/CABLES/TRACKING ERROR OPEN,NO MOTION OR SAFETY CREDIT
P04_RIGHT_CAPTURE_STEP,L_ankle_pitch_link,R_shoulder_pitch_link,476.322773,0.000000,NO,PASS,NOMINAL RIGID LINK ENVELOPES; TOLERANCE/COVERS/CABLES/TRACKING ERROR OPEN,NO MOTION OR SAFETY CREDIT
P04_RIGHT_CAPTURE_STEP,L_ankle_pitch_link,R_thigh,158.545373,0.000000,NO,PASS,NOMINAL RIGID LINK ENVELOPES; TOLERANCE/COVERS/CABLES/TRACKING ERROR OPEN,NO MOTION OR SAFETY CREDIT
P04_RIGHT_CAPTURE_STEP,L_ankle_pitch_link,R_upper_arm,352.230061,0.000000,NO,PASS,NOMINAL RIGID LINK ENVELOPES; TOLERANCE/COVERS/CABLES/TRACKING ERROR OPEN,NO MOTION OR SAFETY CREDIT
P04_RIGHT_CAPTURE_STEP,L_ankle_pitch_link,base_link,276.054809,0.000000,NO,PASS,NOMINAL RIGID LINK ENVELOPES; TOLERANCE/COVERS/CABLES/TRACKING ERROR OPEN,NO MOTION OR SAFETY CREDIT
P04_RIGHT_CAPTURE_STEP,L_ankle_pitch_link,head,567.280809,0.000000,NO,PASS,NOMINAL RIGID LINK ENVELOPES; TOLERANCE/COVERS/CABLES/TRACKING ERROR OPEN,NO MOTION OR SAFETY CREDIT
P04_RIGHT_CAPTURE_STEP,L_ankle_pitch_link,neck_pan_link,518.911809,0.000000,NO,PASS,NOMINAL RIGID LINK ENVELOPES; TOLERANCE/COVERS/CABLES/TRACKING ERROR OPEN,NO MOTION OR SAFETY CREDIT
P04_RIGHT_CAPTURE_STEP,L_ankle_pitch_link,torso,369.142809,0.000000,NO,PASS,NOMINAL RIGID LINK ENVELOPES; TOLERANCE/COVERS/CABLES/TRACKING ERROR OPEN,NO MOTION OR SAFETY CREDIT
P04_RIGHT_CAPTURE_STEP,L_foot,L_forearm,255.579632,0.000000,NO,PASS,NOMINAL RIGID LINK ENVELOPES; TOLERANCE/COVERS/CABLES/TRACKING ERROR OPEN,NO MOTION OR SAFETY CREDIT
P04_RIGHT_CAPTURE_STEP,L_foot,L_gripper,181.074990,0.000000,NO,PASS,NOMINAL RIGID LINK ENVELOPES; TOLERANCE/COVERS/CABLES/TRACKING ERROR OPEN,NO MOTION OR SAFETY CREDIT
P04_RIGHT_CAPTURE_STEP,L_foot,L_hand,210.435851,0.000000,NO,PASS,NOMINAL RIGID LINK ENVELOPES; TOLERANCE/COVERS/CABLES/TRACKING ERROR OPEN,NO MOTION OR SAFETY CREDIT
P04_RIGHT_CAPTURE_STEP,L_foot,L_hip_roll_link,331.490269,0.000000,NO,PASS,NOMINAL RIGID LINK ENVELOPES; TOLERANCE/COVERS/CABLES/TRACKING ERROR OPEN,NO MOTION OR SAFETY CREDIT
P04_RIGHT_CAPTURE_STEP,L_foot,L_hip_yaw_link,344.157568,0.000000,NO,PASS,NOMINAL RIGID LINK ENVELOPES; TOLERANCE/COVERS/CABLES/TRACKING ERROR OPEN,NO MOTION OR SAFETY CREDIT
P04_RIGHT_CAPTURE_STEP,L_foot,L_shoulder_pitch_link,508.891195,0.000000,NO,PASS,NOMINAL RIGID LINK ENVELOPES; TOLERANCE/COVERS/CABLES/TRACKING ERROR OPEN,NO MOTION OR SAFETY CREDIT
P04_RIGHT_CAPTURE_STEP,L_foot,L_thigh,205.029262,0.000000,NO,PASS,NOMINAL RIGID LINK ENVELOPES; TOLERANCE/COVERS/CABLES/TRACKING ERROR OPEN,NO MOTION OR SAFETY CREDIT
P04_RIGHT_CAPTURE_STEP,L_foot,L_upper_arm,394.253242,0.000000,NO,PASS,NOMINAL RIGID LINK ENVELOPES; TOLERANCE/COVERS/CABLES/TRACKING ERROR OPEN,NO MOTION OR SAFETY CREDIT
P04_RIGHT_CAPTURE_STEP,L_foot,R_ankle_pitch_link,40.549797,0.000000,NO,PASS,NOMINAL RIGID LINK ENVELOPES; TOLERANCE/COVERS/CABLES/TRACKING ERROR OPEN,NO MOTION OR SAFETY CREDIT
P04_RIGHT_CAPTURE_STEP,L_foot,R_foot,32.275223,0.000000,NO,PASS,NOMINAL RIGID LINK ENVELOPES; TOLERANCE/COVERS/CABLES/TRACKING ERROR OPEN,NO MOTION OR SAFETY CREDIT
P04_RIGHT_CAPTURE_STEP,L_foot,R_forearm,270.539681,0.000000,NO,PASS,NOMINAL RIGID LINK ENVELOPES; TOLERANCE/COVERS/CABLES/TRACKING ERROR OPEN,NO MOTION OR SAFETY CREDIT
P04_RIGHT_CAPTURE_STEP,L_foot,R_gripper,208.079239,0.000000,NO,PASS,NOMINAL RIGID LINK ENVELOPES; TOLERANCE/COVERS/CABLES/TRACKING ERROR OPEN,NO MOTION OR SAFETY CREDIT
P04_RIGHT_CAPTURE_STEP,L_foot,R_hand,226.799332,0.000000,NO,PASS,NOMINAL RIGID LINK ENVELOPES; TOLERANCE/COVERS/CABLES/TRACKING ERROR OPEN,NO MOTION OR SAFETY CREDIT
P04_RIGHT_CAPTURE_STEP,L_foot,R_hip_roll_link,331.490269,0.000000,NO,PASS,NOMINAL RIGID LINK ENVELOPES; TOLERANCE/COVERS/CABLES/TRACKING ERROR OPEN,NO MOTION OR SAFETY CREDIT
P04_RIGHT_CAPTURE_STEP,L_foot,R_hip_yaw_link,344.157568,0.000000,NO,PASS,NOMINAL RIGID LINK ENVELOPES; TOLERANCE/COVERS/CABLES/TRACKING ERROR OPEN,NO MOTION OR SAFETY CREDIT
P04_RIGHT_CAPTURE_STEP,L_foot,R_shin,46.739554,0.000000,NO,PASS,NOMINAL RIGID LINK ENVELOPES; TOLERANCE/COVERS/CABLES/TRACKING ERROR OPEN,NO MOTION OR SAFETY CREDIT
P04_RIGHT_CAPTURE_STEP,L_foot,R_shoulder_pitch_link,520.681587,0.000000,NO,PASS,NOMINAL RIGID LINK ENVELOPES; TOLERANCE/COVERS/CABLES/TRACKING ERROR OPEN,NO MOTION OR SAFETY CREDIT
P04_RIGHT_CAPTURE_STEP,L_foot,R_thigh,204.315179,0.000000,NO,PASS,NOMINAL RIGID LINK ENVELOPES; TOLERANCE/COVERS/CABLES/TRACKING ERROR OPEN,NO MOTION OR SAFETY CREDIT
P04_RIGHT_CAPTURE_STEP,L_foot,R_upper_arm,396.096729,0.000000,NO,PASS,NOMINAL RIGID LINK ENVELOPES; TOLERANCE/COVERS/CABLES/TRACKING ERROR OPEN,NO MOTION OR SAFETY CREDIT
P04_RIGHT_CAPTURE_STEP,L_foot,base_link,321.860568,0.000000,NO,PASS,NOMINAL RIGID LINK ENVELOPES; TOLERANCE/COVERS/CABLES/TRACKING ERROR OPEN,NO MOTION OR SAFETY CREDIT
P04_RIGHT_CAPTURE_STEP,L_foot,head,613.086568,0.000000,NO,PASS,NOMINAL RIGID LINK ENVELOPES; TOLERANCE/COVERS/CABLES/TRACKING ERROR OPEN,NO MOTION OR SAFETY CREDIT
P04_RIGHT_CAPTURE_STEP,L_foot,neck_pan_link,564.717568,0.000000,NO,PASS,NOMINAL RIGID LINK ENVELOPES; TOLERANCE/COVERS/CABLES/TRACKING ERROR OPEN,NO MOTION OR SAFETY CREDIT
P04_RIGHT_CAPTURE_STEP,L_foot,torso,414.948568,0.000000,NO,PASS,NOMINAL RIGID LINK ENVELOPES; TOLERANCE/COVERS/CABLES/TRACKING ERROR OPEN,NO MOTION OR SAFETY CREDIT
P04_RIGHT_CAPTURE_STEP,L_forearm,L_gripper,24.853000,0.000000,NO,PASS,NOMINAL RIGID LINK ENVELOPES; TOLERANCE/COVERS/CABLES/TRACKING ERROR OPEN,NO MOTION OR SAFETY CREDIT
P04_RIGHT_CAPTURE_STEP,L_forearm,L_hip_roll_link,16.658637,0.000000,NO,PASS,NOMINAL RIGID LINK ENVELOPES; TOLERANCE/COVERS/CABLES/TRACKING ERROR OPEN,NO MOTION OR SAFETY CREDIT
P04_RIGHT_CAPTURE_STEP,L_forearm,L_hip_yaw_link,18.738000,0.000000,NO,PASS,NOMINAL RIGID LINK ENVELOPES; TOLERANCE/COVERS/CABLES/TRACKING ERROR OPEN,NO MOTION OR SAFETY CREDIT
P04_RIGHT_CAPTURE_STEP,L_forearm,L_shin,136.768102,0.000000,NO,PASS,NOMINAL RIGID LINK ENVELOPES; TOLERANCE/COVERS/CABLES/TRACKING ERROR OPEN,NO MOTION OR SAFETY CREDIT
P04_RIGHT_CAPTURE_STEP,L_forearm,L_shoulder_pitch_link,111.655509,0.000000,NO,PASS,NOMINAL RIGID LINK ENVELOPES; TOLERANCE/COVERS/CABLES/TRACKING ERROR OPEN,NO MOTION OR SAFETY CREDIT
P04_RIGHT_CAPTURE_STEP,L_forearm,L_thigh,15.603225,0.000000,NO,PASS,NOMINAL RIGID LINK ENVELOPES; TOLERANCE/COVERS/CABLES/TRACKING ERROR OPEN,NO MOTION OR SAFETY CREDIT
P04_RIGHT_CAPTURE_STEP,L_forearm,R_ankle_pitch_link,262.591039,0.000000,NO,PASS,NOMINAL RIGID LINK ENVELOPES; TOLERANCE/COVERS/CABLES/TRACKING ERROR OPEN,NO MOTION OR SAFETY CREDIT
P04_RIGHT_CAPTURE_STEP,L_forearm,R_foot,291.736524,0.000000,NO,PASS,NOMINAL RIGID LINK ENVELOPES; TOLERANCE/COVERS/CABLES/TRACKING ERROR OPEN,NO MOTION OR SAFETY CREDIT
P04_RIGHT_CAPTURE_STEP,L_forearm,R_forearm,227.189741,0.000000,NO,PASS,NOMINAL RIGID LINK ENVELOPES; TOLERANCE/COVERS/CABLES/TRACKING ERROR OPEN,NO MOTION OR SAFETY CREDIT
P04_RIGHT_CAPTURE_STEP,L_forearm,R_gripper,256.824809,0.000000,NO,PASS,NOMINAL RIGID LINK ENVELOPES; TOLERANCE/COVERS/CABLES/TRACKING ERROR OPEN,NO MOTION OR SAFETY CREDIT
P04_RIGHT_CAPTURE_STEP,L_forearm,R_hand,240.617231,0.000000,NO,PASS,NOMINAL RIGID LINK ENVELOPES; TOLERANCE/COVERS/CABLES/TRACKING ERROR OPEN,NO MOTION OR SAFETY CREDIT
P04_RIGHT_CAPTURE_STEP,L_forearm,R_hip_roll_link,141.658637,0.000000,NO,PASS,NOMINAL RIGID LINK ENVELOPES; TOLERANCE/COVERS/CABLES/TRACKING ERROR OPEN,NO MOTION OR SAFETY CREDIT
P04_RIGHT_CAPTURE_STEP,L_forearm,R_hip_yaw_link,143.738000,0.000000,NO,PASS,NOMINAL RIGID LINK ENVELOPES; TOLERANCE/COVERS/CABLES/TRACKING ERROR OPEN,NO MOTION OR SAFETY CREDIT
P04_RIGHT_CAPTURE_STEP,L_forearm,R_shin,202.432528,0.000000,NO,PASS,NOMINAL RIGID LINK ENVELOPES; TOLERANCE/COVERS/CABLES/TRACKING ERROR OPEN,NO MOTION OR SAFETY CREDIT
P04_RIGHT_CAPTURE_STEP,L_forearm,R_shoulder_pitch_link,230.662637,0.000000,NO,PASS,NOMINAL RIGID LINK ENVELOPES; TOLERANCE/COVERS/CABLES/TRACKING ERROR OPEN,NO MOTION OR SAFETY CREDIT
P04_RIGHT_CAPTURE_STEP,L_forearm,R_thigh,138.581917,0.000000,NO,PASS,NOMINAL RIGID LINK ENVELOPES; TOLERANCE/COVERS/CABLES/TRACKING ERROR OPEN,NO MOTION OR SAFETY CREDIT
P04_RIGHT_CAPTURE_STEP,L_forearm,R_upper_arm,193.203000,0.000000,NO,PASS,NOMINAL RIGID LINK ENVELOPES; TOLERANCE/COVERS/CABLES/TRACKING ERROR OPEN,NO MOTION OR SAFETY CREDIT
P04_RIGHT_CAPTURE_STEP,L_forearm,base_link,36.518000,0.000000,NO,PASS,NOMINAL RIGID LINK ENVELOPES; TOLERANCE/COVERS/CABLES/TRACKING ERROR OPEN,NO MOTION OR SAFETY CREDIT
P04_RIGHT_CAPTURE_STEP,L_forearm,head,220.091782,0.000000,NO,PASS,NOMINAL RIGID LINK ENVELOPES; TOLERANCE/COVERS/CABLES/TRACKING ERROR OPEN,NO MOTION OR SAFETY CREDIT
P04_RIGHT_CAPTURE_STEP,L_forearm,neck_pan_link,188.832456,0.000000,NO,PASS,NOMINAL RIGID LINK ENVELOPES; TOLERANCE/COVERS/CABLES/TRACKING ERROR OPEN,NO MOTION OR SAFETY CREDIT
P04_RIGHT_CAPTURE_STEP,L_forearm,torso,30.692949,0.000000,NO,PASS,NOMINAL RIGID LINK ENVELOPES; TOLERANCE/COVERS/CABLES/TRACKING ERROR OPEN,NO MOTION OR SAFETY CREDIT
P04_RIGHT_CAPTURE_STEP,L_gripper,L_hip_roll_link,109.970838,0.000000,NO,PASS,NOMINAL RIGID LINK ENVELOPES; TOLERANCE/COVERS/CABLES/TRACKING ERROR OPEN,NO MOTION OR SAFETY CREDIT
P04_RIGHT_CAPTURE_STEP,L_gripper,L_hip_yaw_link,122.685164,0.000000,NO,PASS,NOMINAL RIGID LINK ENVELOPES; TOLERANCE/COVERS/CABLES/TRACKING ERROR OPEN,NO MOTION OR SAFETY CREDIT
P04_RIGHT_CAPTURE_STEP,L_gripper,L_shin,80.703738,0.000000,NO,PASS,NOMINAL RIGID LINK ENVELOPES; TOLERANCE/COVERS/CABLES/TRACKING ERROR OPEN,NO MOTION OR SAFETY CREDIT
P04_RIGHT_CAPTURE_STEP,L_gripper,L_shoulder_pitch_link,281.309384,0.000000,NO,PASS,NOMINAL RIGID LINK ENVELOPES; TOLERANCE/COVERS/CABLES/TRACKING ERROR OPEN,NO MOTION OR SAFETY CREDIT
P04_RIGHT_CAPTURE_STEP,L_gripper,L_thigh,48.782736,0.000000,NO,PASS,NOMINAL RIGID LINK ENVELOPES; TOLERANCE/COVERS/CABLES/TRACKING ERROR OPEN,NO MOTION OR SAFETY CREDIT
P04_RIGHT_CAPTURE_STEP,L_gripper,L_upper_arm,166.478696,0.000000,NO,PASS,NOMINAL RIGID LINK ENVELOPES; TOLERANCE/COVERS/CABLES/TRACKING ERROR OPEN,NO MOTION OR SAFETY CREDIT
P04_RIGHT_CAPTURE_STEP,L_gripper,R_ankle_pitch_link,226.894957,0.000000,NO,PASS,NOMINAL RIGID LINK ENVELOPES; TOLERANCE/COVERS/CABLES/TRACKING ERROR OPEN,NO MOTION OR SAFETY CREDIT
P04_RIGHT_CAPTURE_STEP,L_gripper,R_foot,244.377528,0.000000,NO,PASS,NOMINAL RIGID LINK ENVELOPES; TOLERANCE/COVERS/CABLES/TRACKING ERROR OPEN,NO MOTION OR SAFETY CREDIT
P04_RIGHT_CAPTURE_STEP,L_gripper,R_forearm,245.768709,0.000000,NO,PASS,NOMINAL RIGID LINK ENVELOPES; TOLERANCE/COVERS/CABLES/TRACKING ERROR OPEN,NO MOTION OR SAFETY CREDIT
P04_RIGHT_CAPTURE_STEP,L_gripper,R_gripper,271.580191,0.000000,NO,PASS,NOMINAL RIGID LINK ENVELOPES; TOLERANCE/COVERS/CABLES/TRACKING ERROR OPEN,NO MOTION OR SAFETY CREDIT
P04_RIGHT_CAPTURE_STEP,L_gripper,R_hand,255.916601,0.000000,NO,PASS,NOMINAL RIGID LINK ENVELOPES; TOLERANCE/COVERS/CABLES/TRACKING ERROR OPEN,NO MOTION OR SAFETY CREDIT
P04_RIGHT_CAPTURE_STEP,L_gripper,R_hip_roll_link,189.930893,0.000000,NO,PASS,NOMINAL RIGID LINK ENVELOPES; TOLERANCE/COVERS/CABLES/TRACKING ERROR OPEN,NO MOTION OR SAFETY CREDIT
P04_RIGHT_CAPTURE_STEP,L_gripper,R_hip_yaw_link,198.875965,0.000000,NO,PASS,NOMINAL RIGID LINK ENVELOPES; TOLERANCE/COVERS/CABLES/TRACKING ERROR OPEN,NO MOTION OR SAFETY CREDIT
P04_RIGHT_CAPTURE_STEP,L_gripper,R_shin,191.067440,0.000000,NO,PASS,NOMINAL RIGID LINK ENVELOPES; TOLERANCE/COVERS/CABLES/TRACKING ERROR OPEN,NO MOTION OR SAFETY CREDIT
P04_RIGHT_CAPTURE_STEP,L_gripper,R_shoulder_pitch_link,360.812529,0.000000,NO,PASS,NOMINAL RIGID LINK ENVELOPES; TOLERANCE/COVERS/CABLES/TRACKING ERROR OPEN,NO MOTION OR SAFETY CREDIT
P04_RIGHT_CAPTURE_STEP,L_gripper,R_thigh,155.343917,0.000000,NO,PASS,NOMINAL RIGID LINK ENVELOPES; TOLERANCE/COVERS/CABLES/TRACKING ERROR OPEN,NO MOTION OR SAFETY CREDIT
P04_RIGHT_CAPTURE_STEP,L_gripper,R_upper_arm,267.973901,0.000000,NO,PASS,NOMINAL RIGID LINK ENVELOPES; TOLERANCE/COVERS/CABLES/TRACKING ERROR OPEN,NO MOTION OR SAFETY CREDIT
P04_RIGHT_CAPTURE_STEP,L_gripper,base_link,109.042826,0.000000,NO,PASS,NOMINAL RIGID LINK ENVELOPES; TOLERANCE/COVERS/CABLES/TRACKING ERROR OPEN,NO MOTION OR SAFETY CREDIT
P04_RIGHT_CAPTURE_STEP,L_gripper,head,390.277487,0.000000,NO,PASS,NOMINAL RIGID LINK ENVELOPES; TOLERANCE/COVERS/CABLES/TRACKING ERROR OPEN,NO MOTION OR SAFETY CREDIT
P04_RIGHT_CAPTURE_STEP,L_gripper,neck_pan_link,353.134897,0.000000,NO,PASS,NOMINAL RIGID LINK ENVELOPES; TOLERANCE/COVERS/CABLES/TRACKING ERROR OPEN,NO MOTION OR SAFETY CREDIT
P04_RIGHT_CAPTURE_STEP,L_gripper,torso,191.149830,0.000000,NO,PASS,NOMINAL RIGID LINK ENVELOPES; TOLERANCE/COVERS/CABLES/TRACKING ERROR OPEN,NO MOTION OR SAFETY CREDIT
P04_RIGHT_CAPTURE_STEP,L_hand,L_hip_roll_link,81.768922,0.000000,NO,PASS,NOMINAL RIGID LINK ENVELOPES; TOLERANCE/COVERS/CABLES/TRACKING ERROR OPEN,NO MOTION OR SAFETY CREDIT
P04_RIGHT_CAPTURE_STEP,L_hand,L_hip_yaw_link,94.506577,0.000000,NO,PASS,NOMINAL RIGID LINK ENVELOPES; TOLERANCE/COVERS/CABLES/TRACKING ERROR OPEN,NO MOTION OR SAFETY CREDIT
P04_RIGHT_CAPTURE_STEP,L_hand,L_shin,97.659659,0.000000,NO,PASS,NOMINAL RIGID LINK ENVELOPES; TOLERANCE/COVERS/CABLES/TRACKING ERROR OPEN,NO MOTION OR SAFETY CREDIT
P04_RIGHT_CAPTURE_STEP,L_hand,L_shoulder_pitch_link,254.729593,0.000000,NO,PASS,NOMINAL RIGID LINK ENVELOPES; TOLERANCE/COVERS/CABLES/TRACKING ERROR OPEN,NO MOTION OR SAFETY CREDIT
P04_RIGHT_CAPTURE_STEP,L_hand,L_thigh,35.510548,0.000000,NO,PASS,NOMINAL RIGID LINK ENVELOPES; TOLERANCE/COVERS/CABLES/TRACKING ERROR OPEN,NO MOTION OR SAFETY CREDIT
P04_RIGHT_CAPTURE_STEP,L_hand,L_upper_arm,139.910802,0.000000,NO,PASS,NOMINAL RIGID LINK ENVELOPES; TOLERANCE/COVERS/CABLES/TRACKING ERROR OPEN,NO MOTION OR SAFETY CREDIT
P04_RIGHT_CAPTURE_STEP,L_hand,R_ankle_pitch_link,236.702843,0.000000,NO,PASS,NOMINAL RIGID LINK ENVELOPES; TOLERANCE/COVERS/CABLES/TRACKING ERROR OPEN,NO MOTION OR SAFETY CREDIT
P04_RIGHT_CAPTURE_STEP,L_hand,R_foot,260.026108,0.000000,NO,PASS,NOMINAL RIGID LINK ENVELOPES; TOLERANCE/COVERS/CABLES/TRACKING ERROR OPEN,NO MOTION OR SAFETY CREDIT
P04_RIGHT_CAPTURE_STEP,L_hand,R_forearm,234.423129,0.000000,NO,PASS,NOMINAL RIGID LINK ENVELOPES; TOLERANCE/COVERS/CABLES/TRACKING ERROR OPEN,NO MOTION OR SAFETY CREDIT
P04_RIGHT_CAPTURE_STEP,L_hand,R_gripper,263.412132,0.000000,NO,PASS,NOMINAL RIGID LINK ENVELOPES; TOLERANCE/COVERS/CABLES/TRACKING ERROR OPEN,NO MOTION OR SAFETY CREDIT
P04_RIGHT_CAPTURE_STEP,L_hand,R_hand,247.397667,0.000000,NO,PASS,NOMINAL RIGID LINK ENVELOPES; TOLERANCE/COVERS/CABLES/TRACKING ERROR OPEN,NO MOTION OR SAFETY CREDIT
P04_RIGHT_CAPTURE_STEP,L_hand,R_hip_roll_link,168.176442,0.000000,NO,PASS,NOMINAL RIGID LINK ENVELOPES; TOLERANCE/COVERS/CABLES/TRACKING ERROR OPEN,NO MOTION OR SAFETY CREDIT
P04_RIGHT_CAPTURE_STEP,L_hand,R_hip_yaw_link,176.205826,0.000000,NO,PASS,NOMINAL RIGID LINK ENVELOPES; TOLERANCE/COVERS/CABLES/TRACKING ERROR OPEN,NO MOTION OR SAFETY CREDIT
P04_RIGHT_CAPTURE_STEP,L_hand,R_shin,188.920254,0.000000,NO,PASS,NOMINAL RIGID LINK ENVELOPES; TOLERANCE/COVERS/CABLES/TRACKING ERROR OPEN,NO MOTION OR SAFETY CREDIT
P04_RIGHT_CAPTURE_STEP,L_hand,R_shoulder_pitch_link,333.824372,0.000000,NO,PASS,NOMINAL RIGID LINK ENVELOPES; TOLERANCE/COVERS/CABLES/TRACKING ERROR OPEN,NO MOTION OR SAFETY CREDIT
P04_RIGHT_CAPTURE_STEP,L_hand,R_thigh,145.811917,0.000000,NO,PASS,NOMINAL RIGID LINK ENVELOPES; TOLERANCE/COVERS/CABLES/TRACKING ERROR OPEN,NO MOTION OR SAFETY CREDIT
P04_RIGHT_CAPTURE_STEP,L_hand,R_upper_arm,244.451323,0.000000,NO,PASS,NOMINAL RIGID LINK ENVELOPES; TOLERANCE/COVERS/CABLES/TRACKING ERROR OPEN,NO MOTION OR SAFETY CREDIT
P04_RIGHT_CAPTURE_STEP,L_hand,base_link,81.338750,0.000000,NO,PASS,NOMINAL RIGID LINK ENVELOPES; TOLERANCE/COVERS/CABLES/TRACKING ERROR OPEN,NO MOTION OR SAFETY CREDIT
P04_RIGHT_CAPTURE_STEP,L_hand,head,362.674245,0.000000,NO,PASS,NOMINAL RIGID LINK ENVELOPES; TOLERANCE/COVERS/CABLES/TRACKING ERROR OPEN,NO MOTION OR SAFETY CREDIT
P04_RIGHT_CAPTURE_STEP,L_hand,neck_pan_link,324.948089,0.000000,NO,PASS,NOMINAL RIGID LINK ENVELOPES; TOLERANCE/COVERS/CABLES/TRACKING ERROR OPEN,NO MOTION OR SAFETY CREDIT
P04_RIGHT_CAPTURE_STEP,L_hand,torso,163.397068,0.000000,NO,PASS,NOMINAL RIGID LINK ENVELOPES; TOLERANCE/COVERS/CABLES/TRACKING ERROR OPEN,NO MOTION OR SAFETY CREDIT
P04_RIGHT_CAPTURE_STEP,L_hip_roll_link,L_shin,208.798048,0.000000,NO,PASS,NOMINAL RIGID LINK ENVELOPES; TOLERANCE/COVERS/CABLES/TRACKING ERROR OPEN,NO MOTION OR SAFETY CREDIT
P04_RIGHT_CAPTURE_STEP,L_hip_roll_link,L_shoulder_pitch_link,129.193400,0.000000,NO,PASS,NOMINAL RIGID LINK ENVELOPES; TOLERANCE/COVERS/CABLES/TRACKING ERROR OPEN,NO MOTION OR SAFETY CREDIT
P04_RIGHT_CAPTURE_STEP,L_hip_roll_link,L_upper_arm,21.576263,0.000000,NO,PASS,NOMINAL RIGID LINK ENVELOPES; TOLERANCE/COVERS/CABLES/TRACKING ERROR OPEN,NO MOTION OR SAFETY CREDIT
P04_RIGHT_CAPTURE_STEP,L_hip_roll_link,R_ankle_pitch_link,287.371267,0.000000,NO,PASS,NOMINAL RIGID LINK ENVELOPES; TOLERANCE/COVERS/CABLES/TRACKING ERROR OPEN,NO MOTION OR SAFETY CREDIT
P04_RIGHT_CAPTURE_STEP,L_hip_roll_link,R_foot,327.955387,0.000000,NO,PASS,NOMINAL RIGID LINK ENVELOPES; TOLERANCE/COVERS/CABLES/TRACKING ERROR OPEN,NO MOTION OR SAFETY CREDIT
P04_RIGHT_CAPTURE_STEP,L_hip_roll_link,R_forearm,145.835637,0.000000,NO,PASS,NOMINAL RIGID LINK ENVELOPES; TOLERANCE/COVERS/CABLES/TRACKING ERROR OPEN,NO MOTION OR SAFETY CREDIT
P04_RIGHT_CAPTURE_STEP,L_hip_roll_link,R_gripper,185.979924,0.000000,NO,PASS,NOMINAL RIGID LINK ENVELOPES; TOLERANCE/COVERS/CABLES/TRACKING ERROR OPEN,NO MOTION OR SAFETY CREDIT
P04_RIGHT_CAPTURE_STEP,L_hip_roll_link,R_hand,162.811316,0.000000,NO,PASS,NOMINAL RIGID LINK ENVELOPES; TOLERANCE/COVERS/CABLES/TRACKING ERROR OPEN,NO MOTION OR SAFETY CREDIT
P04_RIGHT_CAPTURE_STEP,L_hip_roll_link,R_hip_roll_link,60.841274,0.000000,NO,PASS,NOMINAL RIGID LINK ENVELOPES; TOLERANCE/COVERS/CABLES/TRACKING ERROR OPEN,NO MOTION OR SAFETY CREDIT
P04_RIGHT_CAPTURE_STEP,L_hip_roll_link,R_hip_yaw_link,62.920637,0.000000,NO,PASS,NOMINAL RIGID LINK ENVELOPES; TOLERANCE/COVERS/CABLES/TRACKING ERROR OPEN,NO MOTION OR SAFETY CREDIT
P04_RIGHT_CAPTURE_STEP,L_hip_roll_link,R_shin,208.528879,0.000000,NO,PASS,NOMINAL RIGID LINK ENVELOPES; TOLERANCE/COVERS/CABLES/TRACKING ERROR OPEN,NO MOTION OR SAFETY CREDIT
P04_RIGHT_CAPTURE_STEP,L_hip_roll_link,R_shoulder_pitch_link,180.741906,0.000000,NO,PASS,NOMINAL RIGID LINK ENVELOPES; TOLERANCE/COVERS/CABLES/TRACKING ERROR OPEN,NO MOTION OR SAFETY CREDIT
P04_RIGHT_CAPTURE_STEP,L_hip_roll_link,R_thigh,57.764554,0.000000,NO,PASS,NOMINAL RIGID LINK ENVELOPES; TOLERANCE/COVERS/CABLES/TRACKING ERROR OPEN,NO MOTION OR SAFETY CREDIT
P04_RIGHT_CAPTURE_STEP,L_hip_roll_link,R_upper_arm,113.304838,0.000000,NO,PASS,NOMINAL RIGID LINK ENVELOPES; TOLERANCE/COVERS/CABLES/TRACKING ERROR OPEN,NO MOTION OR SAFETY CREDIT
P04_RIGHT_CAPTURE_STEP,L_hip_roll_link,head,234.261701,0.000000,NO,PASS,NOMINAL RIGID LINK ENVELOPES; TOLERANCE/COVERS/CABLES/TRACKING ERROR OPEN,NO MOTION OR SAFETY CREDIT
P04_RIGHT_CAPTURE_STEP,L_hip_roll_link,neck_pan_link,185.952276,0.000000,NO,PASS,NOMINAL RIGID LINK ENVELOPES; TOLERANCE/COVERS/CABLES/TRACKING ERROR OPEN,NO MOTION OR SAFETY CREDIT
P04_RIGHT_CAPTURE_STEP,L_hip_roll_link,torso,36.123701,0.000000,NO,PASS,NOMINAL RIGID LINK ENVELOPES; TOLERANCE/COVERS/CABLES/TRACKING ERROR OPEN,NO MOTION OR SAFETY CREDIT
P04_RIGHT_CAPTURE_STEP,L_hip_yaw_link,L_shin,221.465346,0.000000,NO,PASS,NOMINAL RIGID LINK ENVELOPES; TOLERANCE/COVERS/CABLES/TRACKING ERROR OPEN,NO MOTION OR SAFETY CREDIT
P04_RIGHT_CAPTURE_STEP,L_hip_yaw_link,L_shoulder_pitch_link,123.860699,0.000000,NO,PASS,NOMINAL RIGID LINK ENVELOPES; TOLERANCE/COVERS/CABLES/TRACKING ERROR OPEN,NO MOTION OR SAFETY CREDIT
P04_RIGHT_CAPTURE_STEP,L_hip_yaw_link,L_upper_arm,9.076564,0.000000,NO,PASS,NOMINAL RIGID LINK ENVELOPES; TOLERANCE/COVERS/CABLES/TRACKING ERROR OPEN,NO MOTION OR SAFETY CREDIT
P04_RIGHT_CAPTURE_STEP,L_hip_yaw_link,R_ankle_pitch_link,299.933361,0.000000,NO,PASS,NOMINAL RIGID LINK ENVELOPES; TOLERANCE/COVERS/CABLES/TRACKING ERROR OPEN,NO MOTION OR SAFETY CREDIT
P04_RIGHT_CAPTURE_STEP,L_hip_yaw_link,R_foot,340.675081,0.000000,NO,PASS,NOMINAL RIGID LINK ENVELOPES; TOLERANCE/COVERS/CABLES/TRACKING ERROR OPEN,NO MOTION OR SAFETY CREDIT
P04_RIGHT_CAPTURE_STEP,L_hip_yaw_link,R_forearm,147.915000,0.000000,NO,PASS,NOMINAL RIGID LINK ENVELOPES; TOLERANCE/COVERS/CABLES/TRACKING ERROR OPEN,NO MOTION OR SAFETY CREDIT
P04_RIGHT_CAPTURE_STEP,L_hip_yaw_link,R_gripper,193.262974,0.000000,NO,PASS,NOMINAL RIGID LINK ENVELOPES; TOLERANCE/COVERS/CABLES/TRACKING ERROR OPEN,NO MOTION OR SAFETY CREDIT
P04_RIGHT_CAPTURE_STEP,L_hip_yaw_link,R_hand,169.248258,0.000000,NO,PASS,NOMINAL RIGID LINK ENVELOPES; TOLERANCE/COVERS/CABLES/TRACKING ERROR OPEN,NO MOTION OR SAFETY CREDIT
P04_RIGHT_CAPTURE_STEP,L_hip_yaw_link,R_hip_roll_link,62.920637,0.000000,NO,PASS,NOMINAL RIGID LINK ENVELOPES; TOLERANCE/COVERS/CABLES/TRACKING ERROR OPEN,NO MOTION OR SAFETY CREDIT
P04_RIGHT_CAPTURE_STEP,L_hip_yaw_link,R_hip_yaw_link,65.000000,0.000000,NO,PASS,NOMINAL RIGID LINK ENVELOPES; TOLERANCE/COVERS/CABLES/TRACKING ERROR OPEN,NO MOTION OR SAFETY CREDIT
P04_RIGHT_CAPTURE_STEP,L_hip_yaw_link,R_shin,220.840281,0.000000,NO,PASS,NOMINAL RIGID LINK ENVELOPES; TOLERANCE/COVERS/CABLES/TRACKING ERROR OPEN,NO MOTION OR SAFETY CREDIT
P04_RIGHT_CAPTURE_STEP,L_hip_yaw_link,R_shoulder_pitch_link,178.021347,0.000000,NO,PASS,NOMINAL RIGID LINK ENVELOPES; TOLERANCE/COVERS/CABLES/TRACKING ERROR OPEN,NO MOTION OR SAFETY CREDIT
P04_RIGHT_CAPTURE_STEP,L_hip_yaw_link,R_thigh,59.843917,0.000000,NO,PASS,NOMINAL RIGID LINK ENVELOPES; TOLERANCE/COVERS/CABLES/TRACKING ERROR OPEN,NO MOTION OR SAFETY CREDIT
P04_RIGHT_CAPTURE_STEP,L_hip_yaw_link,R_upper_arm,114.823830,0.000000,NO,PASS,NOMINAL RIGID LINK ENVELOPES; TOLERANCE/COVERS/CABLES/TRACKING ERROR OPEN,NO MOTION OR SAFETY CREDIT
P04_RIGHT_CAPTURE_STEP,L_hip_yaw_link,head,228.929000,0.000000,NO,PASS,NOMINAL RIGID LINK ENVELOPES; TOLERANCE/COVERS/CABLES/TRACKING ERROR OPEN,NO MOTION OR SAFETY CREDIT
P04_RIGHT_CAPTURE_STEP,L_hip_yaw_link,neck_pan_link,180.687474,0.000000,NO,PASS,NOMINAL RIGID LINK ENVELOPES; TOLERANCE/COVERS/CABLES/TRACKING ERROR OPEN,NO MOTION OR SAFETY CREDIT
P04_RIGHT_CAPTURE_STEP,L_hip_yaw_link,torso,30.791000,0.000000,NO,PASS,NOMINAL RIGID LINK ENVELOPES; TOLERANCE/COVERS/CABLES/TRACKING ERROR OPEN,NO MOTION OR SAFETY CREDIT
P04_RIGHT_CAPTURE_STEP,L_shin,L_shoulder_pitch_link,386.170579,0.000000,NO,PASS,NOMINAL RIGID LINK ENVELOPES; TOLERANCE/COVERS/CABLES/TRACKING ERROR OPEN,NO MOTION OR SAFETY CREDIT
P04_RIGHT_CAPTURE_STEP,L_shin,L_upper_arm,271.617869,0.000000,NO,PASS,NOMINAL RIGID LINK ENVELOPES; TOLERANCE/COVERS/CABLES/TRACKING ERROR OPEN,NO MOTION OR SAFETY CREDIT
P04_RIGHT_CAPTURE_STEP,L_shin,R_ankle_pitch_link,47.767585,0.000000,NO,PASS,NOMINAL RIGID LINK ENVELOPES; TOLERANCE/COVERS/CABLES/TRACKING ERROR OPEN,NO MOTION OR SAFETY CREDIT
P04_RIGHT_CAPTURE_STEP,L_shin,R_foot,39.725476,0.000000,NO,PASS,NOMINAL RIGID LINK ENVELOPES; TOLERANCE/COVERS/CABLES/TRACKING ERROR OPEN,NO MOTION OR SAFETY CREDIT
P04_RIGHT_CAPTURE_STEP,L_shin,R_forearm,161.767224,0.000000,NO,PASS,NOMINAL RIGID LINK ENVELOPES; TOLERANCE/COVERS/CABLES/TRACKING ERROR OPEN,NO MOTION OR SAFETY CREDIT
P04_RIGHT_CAPTURE_STEP,L_shin,R_gripper,133.065645,0.000000,NO,PASS,NOMINAL RIGID LINK ENVELOPES; TOLERANCE/COVERS/CABLES/TRACKING ERROR OPEN,NO MOTION OR SAFETY CREDIT
P04_RIGHT_CAPTURE_STEP,L_shin,R_hand,132.354461,0.000000,NO,PASS,NOMINAL RIGID LINK ENVELOPES; TOLERANCE/COVERS/CABLES/TRACKING ERROR OPEN,NO MOTION OR SAFETY CREDIT
P04_RIGHT_CAPTURE_STEP,L_shin,R_hip_roll_link,208.827104,0.000000,NO,PASS,NOMINAL RIGID LINK ENVELOPES; TOLERANCE/COVERS/CABLES/TRACKING ERROR OPEN,NO MOTION OR SAFETY CREDIT
P04_RIGHT_CAPTURE_STEP,L_shin,R_hip_yaw_link,221.535199,0.000000,NO,PASS,NOMINAL RIGID LINK ENVELOPES; TOLERANCE/COVERS/CABLES/TRACKING ERROR OPEN,NO MOTION OR SAFETY CREDIT
P04_RIGHT_CAPTURE_STEP,L_shin,R_shin,55.626983,0.000000,NO,PASS,NOMINAL RIGID LINK ENVELOPES; TOLERANCE/COVERS/CABLES/TRACKING ERROR OPEN,NO MOTION OR SAFETY CREDIT
P04_RIGHT_CAPTURE_STEP,L_shin,R_shoulder_pitch_link,399.742100,0.000000,NO,PASS,NOMINAL RIGID LINK ENVELOPES; TOLERANCE/COVERS/CABLES/TRACKING ERROR OPEN,NO MOTION OR SAFETY CREDIT
P04_RIGHT_CAPTURE_STEP,L_shin,R_thigh,81.623971,0.000000,NO,PASS,NOMINAL RIGID LINK ENVELOPES; TOLERANCE/COVERS/CABLES/TRACKING ERROR OPEN,NO MOTION OR SAFETY CREDIT
P04_RIGHT_CAPTURE_STEP,L_shin,R_upper_arm,276.075638,0.000000,NO,PASS,NOMINAL RIGID LINK ENVELOPES; TOLERANCE/COVERS/CABLES/TRACKING ERROR OPEN,NO MOTION OR SAFETY CREDIT
P04_RIGHT_CAPTURE_STEP,L_shin,base_link,199.168346,0.000000,NO,PASS,NOMINAL RIGID LINK ENVELOPES; TOLERANCE/COVERS/CABLES/TRACKING ERROR OPEN,NO MOTION OR SAFETY CREDIT
P04_RIGHT_CAPTURE_STEP,L_shin,head,490.394346,0.000000,NO,PASS,NOMINAL RIGID LINK ENVELOPES; TOLERANCE/COVERS/CABLES/TRACKING ERROR OPEN,NO MOTION OR SAFETY CREDIT
P04_RIGHT_CAPTURE_STEP,L_shin,neck_pan_link,442.025346,0.000000,NO,PASS,NOMINAL RIGID LINK ENVELOPES; TOLERANCE/COVERS/CABLES/TRACKING ERROR OPEN,NO MOTION OR SAFETY CREDIT
P04_RIGHT_CAPTURE_STEP,L_shin,torso,292.256346,0.000000,NO,PASS,NOMINAL RIGID LINK ENVELOPES; TOLERANCE/COVERS/CABLES/TRACKING ERROR OPEN,NO MOTION OR SAFETY CREDIT
P04_RIGHT_CAPTURE_STEP,L_shoulder_pitch_link,L_thigh,155.504441,0.000000,NO,PASS,NOMINAL RIGID LINK ENVELOPES; TOLERANCE/COVERS/CABLES/TRACKING ERROR OPEN,NO MOTION OR SAFETY CREDIT
P04_RIGHT_CAPTURE_STEP,L_shoulder_pitch_link,R_ankle_pitch_link,471.970838,0.000000,NO,PASS,NOMINAL RIGID LINK ENVELOPES; TOLERANCE/COVERS/CABLES/TRACKING ERROR OPEN,NO MOTION OR SAFETY CREDIT
P04_RIGHT_CAPTURE_STEP,L_shoulder_pitch_link,R_foot,512.850616,0.000000,NO,PASS,NOMINAL RIGID LINK ENVELOPES; TOLERANCE/COVERS/CABLES/TRACKING ERROR OPEN,NO MOTION OR SAFETY CREDIT
P04_RIGHT_CAPTURE_STEP,L_shoulder_pitch_link,R_forearm,224.999617,0.000000,NO,PASS,NOMINAL RIGID LINK ENVELOPES; TOLERANCE/COVERS/CABLES/TRACKING ERROR OPEN,NO MOTION OR SAFETY CREDIT
P04_RIGHT_CAPTURE_STEP,L_shoulder_pitch_link,R_gripper,332.624883,0.000000,NO,PASS,NOMINAL RIGID LINK ENVELOPES; TOLERANCE/COVERS/CABLES/TRACKING ERROR OPEN,NO MOTION OR SAFETY CREDIT
P04_RIGHT_CAPTURE_STEP,L_shoulder_pitch_link,R_hand,307.512300,0.000000,NO,PASS,NOMINAL RIGID LINK ENVELOPES; TOLERANCE/COVERS/CABLES/TRACKING ERROR OPEN,NO MOTION OR SAFETY CREDIT
P04_RIGHT_CAPTURE_STEP,L_shoulder_pitch_link,R_hip_roll_link,173.517625,0.000000,NO,PASS,NOMINAL RIGID LINK ENVELOPES; TOLERANCE/COVERS/CABLES/TRACKING ERROR OPEN,NO MOTION OR SAFETY CREDIT
P04_RIGHT_CAPTURE_STEP,L_shoulder_pitch_link,R_hip_yaw_link,171.011544,0.000000,NO,PASS,NOMINAL RIGID LINK ENVELOPES; TOLERANCE/COVERS/CABLES/TRACKING ERROR OPEN,NO MOTION OR SAFETY CREDIT
P04_RIGHT_CAPTURE_STEP,L_shoulder_pitch_link,R_shin,392.226260,0.000000,NO,PASS,NOMINAL RIGID LINK ENVELOPES; TOLERANCE/COVERS/CABLES/TRACKING ERROR OPEN,NO MOTION OR SAFETY CREDIT
P04_RIGHT_CAPTURE_STEP,L_shoulder_pitch_link,R_shoulder_pitch_link,170.000000,0.000000,NO,PASS,NOMINAL RIGID LINK ENVELOPES; TOLERANCE/COVERS/CABLES/TRACKING ERROR OPEN,NO MOTION OR SAFETY CREDIT
P04_RIGHT_CAPTURE_STEP,L_shoulder_pitch_link,R_thigh,181.307239,0.000000,NO,PASS,NOMINAL RIGID LINK ENVELOPES; TOLERANCE/COVERS/CABLES/TRACKING ERROR OPEN,NO MOTION OR SAFETY CREDIT
P04_RIGHT_CAPTURE_STEP,L_shoulder_pitch_link,R_upper_arm,167.378000,0.000000,NO,PASS,NOMINAL RIGID LINK ENVELOPES; TOLERANCE/COVERS/CABLES/TRACKING ERROR OPEN,NO MOTION OR SAFETY CREDIT
P04_RIGHT_CAPTURE_STEP,L_shoulder_pitch_link,base_link,116.648837,0.000000,NO,PASS,NOMINAL RIGID LINK ENVELOPES; TOLERANCE/COVERS/CABLES/TRACKING ERROR OPEN,NO MOTION OR SAFETY CREDIT
P04_RIGHT_CAPTURE_STEP,L_shoulder_pitch_link,head,40.539789,0.000000,NO,PASS,NOMINAL RIGID LINK ENVELOPES; TOLERANCE/COVERS/CABLES/TRACKING ERROR OPEN,NO MOTION OR SAFETY CREDIT
P04_RIGHT_CAPTURE_STEP,L_shoulder_pitch_link,neck_pan_link,59.699000,0.000000,NO,PASS,NOMINAL RIGID LINK ENVELOPES; TOLERANCE/COVERS/CABLES/TRACKING ERROR OPEN,NO MOTION OR SAFETY CREDIT
P04_RIGHT_CAPTURE_STEP,L_thigh,L_upper_arm,40.685650,0.000000,NO,PASS,NOMINAL RIGID LINK ENVELOPES; TOLERANCE/COVERS/CABLES/TRACKING ERROR OPEN,NO MOTION OR SAFETY CREDIT
P04_RIGHT_CAPTURE_STEP,L_thigh,R_ankle_pitch_link,161.310907,0.000000,NO,PASS,NOMINAL RIGID LINK ENVELOPES; TOLERANCE/COVERS/CABLES/TRACKING ERROR OPEN,NO MOTION OR SAFETY CREDIT
P04_RIGHT_CAPTURE_STEP,L_thigh,R_foot,199.597143,0.000000,NO,PASS,NOMINAL RIGID LINK ENVELOPES; TOLERANCE/COVERS/CABLES/TRACKING ERROR OPEN,NO MOTION OR SAFETY CREDIT
P04_RIGHT_CAPTURE_STEP,L_thigh,R_forearm,119.084837,0.000000,NO,PASS,NOMINAL RIGID LINK ENVELOPES; TOLERANCE/COVERS/CABLES/TRACKING ERROR OPEN,NO MOTION OR SAFETY CREDIT
P04_RIGHT_CAPTURE_STEP,L_thigh,R_gripper,143.572681,0.000000,NO,PASS,NOMINAL RIGID LINK ENVELOPES; TOLERANCE/COVERS/CABLES/TRACKING ERROR OPEN,NO MOTION OR SAFETY CREDIT
P04_RIGHT_CAPTURE_STEP,L_thigh,R_hand,127.184483,0.000000,NO,PASS,NOMINAL RIGID LINK ENVELOPES; TOLERANCE/COVERS/CABLES/TRACKING ERROR OPEN,NO MOTION OR SAFETY CREDIT
P04_RIGHT_CAPTURE_STEP,L_thigh,R_hip_roll_link,55.210983,0.000000,NO,PASS,NOMINAL RIGID LINK ENVELOPES; TOLERANCE/COVERS/CABLES/TRACKING ERROR OPEN,NO MOTION OR SAFETY CREDIT
P04_RIGHT_CAPTURE_STEP,L_thigh,R_hip_yaw_link,54.461905,0.000000,NO,PASS,NOMINAL RIGID LINK ENVELOPES; TOLERANCE/COVERS/CABLES/TRACKING ERROR OPEN,NO MOTION OR SAFETY CREDIT
P04_RIGHT_CAPTURE_STEP,L_thigh,R_shin,89.211197,0.000000,NO,PASS,NOMINAL RIGID LINK ENVELOPES; TOLERANCE/COVERS/CABLES/TRACKING ERROR OPEN,NO MOTION OR SAFETY CREDIT
P04_RIGHT_CAPTURE_STEP,L_thigh,R_shoulder_pitch_link,187.775255,0.000000,NO,PASS,NOMINAL RIGID LINK ENVELOPES; TOLERANCE/COVERS/CABLES/TRACKING ERROR OPEN,NO MOTION OR SAFETY CREDIT
P04_RIGHT_CAPTURE_STEP,L_thigh,R_thigh,49.626983,0.000000,NO,PASS,NOMINAL RIGID LINK ENVELOPES; TOLERANCE/COVERS/CABLES/TRACKING ERROR OPEN,NO MOTION OR SAFETY CREDIT
P04_RIGHT_CAPTURE_STEP,L_thigh,R_upper_arm,94.820794,0.000000,NO,PASS,NOMINAL RIGID LINK ENVELOPES; TOLERANCE/COVERS/CABLES/TRACKING ERROR OPEN,NO MOTION OR SAFETY CREDIT
P04_RIGHT_CAPTURE_STEP,L_thigh,head,260.572743,0.000000,NO,PASS,NOMINAL RIGID LINK ENVELOPES; TOLERANCE/COVERS/CABLES/TRACKING ERROR OPEN,NO MOTION OR SAFETY CREDIT
P04_RIGHT_CAPTURE_STEP,L_thigh,neck_pan_link,212.203743,0.000000,NO,PASS,NOMINAL RIGID LINK ENVELOPES; TOLERANCE/COVERS/CABLES/TRACKING ERROR OPEN,NO MOTION OR SAFETY CREDIT
P04_RIGHT_CAPTURE_STEP,L_thigh,torso,62.434743,0.000000,NO,PASS,NOMINAL RIGID LINK ENVELOPES; TOLERANCE/COVERS/CABLES/TRACKING ERROR OPEN,NO MOTION OR SAFETY CREDIT
P04_RIGHT_CAPTURE_STEP,L_upper_arm,R_ankle_pitch_link,365.608779,0.000000,NO,PASS,NOMINAL RIGID LINK ENVELOPES; TOLERANCE/COVERS/CABLES/TRACKING ERROR OPEN,NO MOTION OR SAFETY CREDIT
P04_RIGHT_CAPTURE_STEP,L_upper_arm,R_foot,404.260116,0.000000,NO,PASS,NOMINAL RIGID LINK ENVELOPES; TOLERANCE/COVERS/CABLES/TRACKING ERROR OPEN,NO MOTION OR SAFETY CREDIT
P04_RIGHT_CAPTURE_STEP,L_upper_arm,R_forearm,199.840000,0.000000,NO,PASS,NOMINAL RIGID LINK ENVELOPES; TOLERANCE/COVERS/CABLES/TRACKING ERROR OPEN,NO MOTION OR SAFETY CREDIT
P04_RIGHT_CAPTURE_STEP,L_upper_arm,R_gripper,263.877300,0.000000,NO,PASS,NOMINAL RIGID LINK ENVELOPES; TOLERANCE/COVERS/CABLES/TRACKING ERROR OPEN,NO MOTION OR SAFETY CREDIT
P04_RIGHT_CAPTURE_STEP,L_upper_arm,R_hand,238.949897,0.000000,NO,PASS,NOMINAL RIGID LINK ENVELOPES; TOLERANCE/COVERS/CABLES/TRACKING ERROR OPEN,NO MOTION OR SAFETY CREDIT
P04_RIGHT_CAPTURE_STEP,L_upper_arm,R_hip_roll_link,115.741737,0.000000,NO,PASS,NOMINAL RIGID LINK ENVELOPES; TOLERANCE/COVERS/CABLES/TRACKING ERROR OPEN,NO MOTION OR SAFETY CREDIT
P04_RIGHT_CAPTURE_STEP,L_upper_arm,R_hip_yaw_link,117.274088,0.000000,NO,PASS,NOMINAL RIGID LINK ENVELOPES; TOLERANCE/COVERS/CABLES/TRACKING ERROR OPEN,NO MOTION OR SAFETY CREDIT
P04_RIGHT_CAPTURE_STEP,L_upper_arm,R_shin,288.539034,0.000000,NO,PASS,NOMINAL RIGID LINK ENVELOPES; TOLERANCE/COVERS/CABLES/TRACKING ERROR OPEN,NO MOTION OR SAFETY CREDIT
P04_RIGHT_CAPTURE_STEP,L_upper_arm,R_shoulder_pitch_link,169.012000,0.000000,NO,PASS,NOMINAL RIGID LINK ENVELOPES; TOLERANCE/COVERS/CABLES/TRACKING ERROR OPEN,NO MOTION OR SAFETY CREDIT
P04_RIGHT_CAPTURE_STEP,L_upper_arm,R_thigh,115.021726,0.000000,NO,PASS,NOMINAL RIGID LINK ENVELOPES; TOLERANCE/COVERS/CABLES/TRACKING ERROR OPEN,NO MOTION OR SAFETY CREDIT
P04_RIGHT_CAPTURE_STEP,L_upper_arm,R_upper_arm,166.390000,0.000000,NO,PASS,NOMINAL RIGID LINK ENVELOPES; TOLERANCE/COVERS/CABLES/TRACKING ERROR OPEN,NO MOTION OR SAFETY CREDIT
P04_RIGHT_CAPTURE_STEP,L_upper_arm,base_link,13.551331,0.000000,NO,PASS,NOMINAL RIGID LINK ENVELOPES; TOLERANCE/COVERS/CABLES/TRACKING ERROR OPEN,NO MOTION OR SAFETY CREDIT
P04_RIGHT_CAPTURE_STEP,L_upper_arm,head,65.316613,0.000000,NO,PASS,NOMINAL RIGID LINK ENVELOPES; TOLERANCE/COVERS/CABLES/TRACKING ERROR OPEN,NO MOTION OR SAFETY CREDIT
P04_RIGHT_CAPTURE_STEP,L_upper_arm,neck_pan_link,60.831028,0.000000,NO,PASS,NOMINAL RIGID LINK ENVELOPES; TOLERANCE/COVERS/CABLES/TRACKING ERROR OPEN,NO MOTION OR SAFETY CREDIT
P04_RIGHT_CAPTURE_STEP,R_ankle_pitch_link,R_forearm,196.192435,0.000000,NO,PASS,NOMINAL RIGID LINK ENVELOPES; TOLERANCE/COVERS/CABLES/TRACKING ERROR OPEN,NO MOTION OR SAFETY CREDIT
P04_RIGHT_CAPTURE_STEP,R_ankle_pitch_link,R_gripper,161.755501,0.000000,NO,PASS,NOMINAL RIGID LINK ENVELOPES; TOLERANCE/COVERS/CABLES/TRACKING ERROR OPEN,NO MOTION OR SAFETY CREDIT
P04_RIGHT_CAPTURE_STEP,R_ankle_pitch_link,R_hand,169.321291,0.000000,NO,PASS,NOMINAL RIGID LINK ENVELOPES; TOLERANCE/COVERS/CABLES/TRACKING ERROR OPEN,NO MOTION OR SAFETY CREDIT
P04_RIGHT_CAPTURE_STEP,R_ankle_pitch_link,R_hip_roll_link,267.452600,0.000000,NO,PASS,NOMINAL RIGID LINK ENVELOPES; TOLERANCE/COVERS/CABLES/TRACKING ERROR OPEN,NO MOTION OR SAFETY CREDIT
P04_RIGHT_CAPTURE_STEP,R_ankle_pitch_link,R_hip_yaw_link,280.119898,0.000000,NO,PASS,NOMINAL RIGID LINK ENVELOPES; TOLERANCE/COVERS/CABLES/TRACKING ERROR OPEN,NO MOTION OR SAFETY CREDIT
P04_RIGHT_CAPTURE_STEP,R_ankle_pitch_link,R_shoulder_pitch_link,454.217753,0.000000,NO,PASS,NOMINAL RIGID LINK ENVELOPES; TOLERANCE/COVERS/CABLES/TRACKING ERROR OPEN,NO MOTION OR SAFETY CREDIT
P04_RIGHT_CAPTURE_STEP,R_ankle_pitch_link,R_thigh,140.277510,0.000000,NO,PASS,NOMINAL RIGID LINK ENVELOPES; TOLERANCE/COVERS/CABLES/TRACKING ERROR OPEN,NO MOTION OR SAFETY CREDIT
P04_RIGHT_CAPTURE_STEP,R_ankle_pitch_link,R_upper_arm,329.190497,0.000000,NO,PASS,NOMINAL RIGID LINK ENVELOPES; TOLERANCE/COVERS/CABLES/TRACKING ERROR OPEN,NO MOTION OR SAFETY CREDIT
P04_RIGHT_CAPTURE_STEP,R_ankle_pitch_link,base_link,257.822898,0.000000,NO,PASS,NOMINAL RIGID LINK ENVELOPES; TOLERANCE/COVERS/CABLES/TRACKING ERROR OPEN,NO MOTION OR SAFETY CREDIT
P04_RIGHT_CAPTURE_STEP,R_ankle_pitch_link,head,549.048898,0.000000,NO,PASS,NOMINAL RIGID LINK ENVELOPES; TOLERANCE/COVERS/CABLES/TRACKING ERROR OPEN,NO MOTION OR SAFETY CREDIT
P04_RIGHT_CAPTURE_STEP,R_ankle_pitch_link,neck_pan_link,502.827071,0.000000,NO,PASS,NOMINAL RIGID LINK ENVELOPES; TOLERANCE/COVERS/CABLES/TRACKING ERROR OPEN,NO MOTION OR SAFETY CREDIT
P04_RIGHT_CAPTURE_STEP,R_ankle_pitch_link,torso,350.920391,0.000000,NO,PASS,NOMINAL RIGID LINK ENVELOPES; TOLERANCE/COVERS/CABLES/TRACKING ERROR OPEN,NO MOTION OR SAFETY CREDIT
P04_RIGHT_CAPTURE_STEP,R_foot,R_forearm,239.886718,0.000000,NO,PASS,NOMINAL RIGID LINK ENVELOPES; TOLERANCE/COVERS/CABLES/TRACKING ERROR OPEN,NO MOTION OR SAFETY CREDIT
P04_RIGHT_CAPTURE_STEP,R_foot,R_gripper,174.097535,0.000000,NO,PASS,NOMINAL RIGID LINK ENVELOPES; TOLERANCE/COVERS/CABLES/TRACKING ERROR OPEN,NO MOTION OR SAFETY CREDIT
P04_RIGHT_CAPTURE_STEP,R_foot,R_hand,194.087387,0.000000,NO,PASS,NOMINAL RIGID LINK ENVELOPES; TOLERANCE/COVERS/CABLES/TRACKING ERROR OPEN,NO MOTION OR SAFETY CREDIT
P04_RIGHT_CAPTURE_STEP,R_foot,R_hip_roll_link,313.258358,0.000000,NO,PASS,NOMINAL RIGID LINK ENVELOPES; TOLERANCE/COVERS/CABLES/TRACKING ERROR OPEN,NO MOTION OR SAFETY CREDIT
P04_RIGHT_CAPTURE_STEP,R_foot,R_hip_yaw_link,325.925657,0.000000,NO,PASS,NOMINAL RIGID LINK ENVELOPES; TOLERANCE/COVERS/CABLES/TRACKING ERROR OPEN,NO MOTION OR SAFETY CREDIT
P04_RIGHT_CAPTURE_STEP,R_foot,R_shoulder_pitch_link,500.023512,0.000000,NO,PASS,NOMINAL RIGID LINK ENVELOPES; TOLERANCE/COVERS/CABLES/TRACKING ERROR OPEN,NO MOTION OR SAFETY CREDIT
P04_RIGHT_CAPTURE_STEP,R_foot,R_thigh,186.083268,0.000000,NO,PASS,NOMINAL RIGID LINK ENVELOPES; TOLERANCE/COVERS/CABLES/TRACKING ERROR OPEN,NO MOTION OR SAFETY CREDIT
P04_RIGHT_CAPTURE_STEP,R_foot,R_upper_arm,374.996256,0.000000,NO,PASS,NOMINAL RIGID LINK ENVELOPES; TOLERANCE/COVERS/CABLES/TRACKING ERROR OPEN,NO MOTION OR SAFETY CREDIT
P04_RIGHT_CAPTURE_STEP,R_foot,base_link,303.628657,0.000000,NO,PASS,NOMINAL RIGID LINK ENVELOPES; TOLERANCE/COVERS/CABLES/TRACKING ERROR OPEN,NO MOTION OR SAFETY CREDIT
P04_RIGHT_CAPTURE_STEP,R_foot,head,594.854657,0.000000,NO,PASS,NOMINAL RIGID LINK ENVELOPES; TOLERANCE/COVERS/CABLES/TRACKING ERROR OPEN,NO MOTION OR SAFETY CREDIT
P04_RIGHT_CAPTURE_STEP,R_foot,neck_pan_link,547.831046,0.000000,NO,PASS,NOMINAL RIGID LINK ENVELOPES; TOLERANCE/COVERS/CABLES/TRACKING ERROR OPEN,NO MOTION OR SAFETY CREDIT
P04_RIGHT_CAPTURE_STEP,R_foot,torso,396.716657,0.000000,NO,PASS,NOMINAL RIGID LINK ENVELOPES; TOLERANCE/COVERS/CABLES/TRACKING ERROR OPEN,NO MOTION OR SAFETY CREDIT
P04_RIGHT_CAPTURE_STEP,R_forearm,R_gripper,24.853000,0.000000,NO,PASS,NOMINAL RIGID LINK ENVELOPES; TOLERANCE/COVERS/CABLES/TRACKING ERROR OPEN,NO MOTION OR SAFETY CREDIT
P04_RIGHT_CAPTURE_STEP,R_forearm,R_hip_roll_link,22.685747,0.000000,NO,PASS,NOMINAL RIGID LINK ENVELOPES; TOLERANCE/COVERS/CABLES/TRACKING ERROR OPEN,NO MOTION OR SAFETY CREDIT
P04_RIGHT_CAPTURE_STEP,R_forearm,R_hip_yaw_link,22.915000,0.000000,NO,PASS,NOMINAL RIGID LINK ENVELOPES; TOLERANCE/COVERS/CABLES/TRACKING ERROR OPEN,NO MOTION OR SAFETY CREDIT
P04_RIGHT_CAPTURE_STEP,R_forearm,R_shin,115.229637,0.000000,NO,PASS,NOMINAL RIGID LINK ENVELOPES; TOLERANCE/COVERS/CABLES/TRACKING ERROR OPEN,NO MOTION OR SAFETY CREDIT
P04_RIGHT_CAPTURE_STEP,R_forearm,R_shoulder_pitch_link,111.691293,0.000000,NO,PASS,NOMINAL RIGID LINK ENVELOPES; TOLERANCE/COVERS/CABLES/TRACKING ERROR OPEN,NO MOTION OR SAFETY CREDIT
P04_RIGHT_CAPTURE_STEP,R_forearm,R_thigh,18.519048,0.000000,NO,PASS,NOMINAL RIGID LINK ENVELOPES; TOLERANCE/COVERS/CABLES/TRACKING ERROR OPEN,NO MOTION OR SAFETY CREDIT
P04_RIGHT_CAPTURE_STEP,R_forearm,base_link,35.135000,0.000000,NO,PASS,NOMINAL RIGID LINK ENVELOPES; TOLERANCE/COVERS/CABLES/TRACKING ERROR OPEN,NO MOTION OR SAFETY CREDIT
P04_RIGHT_CAPTURE_STEP,R_forearm,head,210.043276,0.000000,NO,PASS,NOMINAL RIGID LINK ENVELOPES; TOLERANCE/COVERS/CABLES/TRACKING ERROR OPEN,NO MOTION OR SAFETY CREDIT
P04_RIGHT_CAPTURE_STEP,R_forearm,neck_pan_link,180.565702,0.000000,NO,PASS,NOMINAL RIGID LINK ENVELOPES; TOLERANCE/COVERS/CABLES/TRACKING ERROR OPEN,NO MOTION OR SAFETY CREDIT
P04_RIGHT_CAPTURE_STEP,R_forearm,torso,26.042341,0.000000,NO,PASS,NOMINAL RIGID LINK ENVELOPES; TOLERANCE/COVERS/CABLES/TRACKING ERROR OPEN,NO MOTION OR SAFETY CREDIT
P04_RIGHT_CAPTURE_STEP,R_gripper,R_hip_roll_link,102.996956,0.000000,NO,PASS,NOMINAL RIGID LINK ENVELOPES; TOLERANCE/COVERS/CABLES/TRACKING ERROR OPEN,NO MOTION OR SAFETY CREDIT
P04_RIGHT_CAPTURE_STEP,R_gripper,R_hip_yaw_link,113.360386,0.000000,NO,PASS,NOMINAL RIGID LINK ENVELOPES; TOLERANCE/COVERS/CABLES/TRACKING ERROR OPEN,NO MOTION OR SAFETY CREDIT
P04_RIGHT_CAPTURE_STEP,R_gripper,R_shin,105.360886,0.000000,NO,PASS,NOMINAL RIGID LINK ENVELOPES; TOLERANCE/COVERS/CABLES/TRACKING ERROR OPEN,NO MOTION OR SAFETY CREDIT
P04_RIGHT_CAPTURE_STEP,R_gripper,R_shoulder_pitch_link,264.874701,0.000000,NO,PASS,NOMINAL RIGID LINK ENVELOPES; TOLERANCE/COVERS/CABLES/TRACKING ERROR OPEN,NO MOTION OR SAFETY CREDIT
P04_RIGHT_CAPTURE_STEP,R_gripper,R_thigh,63.214757,0.000000,NO,PASS,NOMINAL RIGID LINK ENVELOPES; TOLERANCE/COVERS/CABLES/TRACKING ERROR OPEN,NO MOTION OR SAFETY CREDIT
P04_RIGHT_CAPTURE_STEP,R_gripper,R_upper_arm,143.083911,0.000000,NO,PASS,NOMINAL RIGID LINK ENVELOPES; TOLERANCE/COVERS/CABLES/TRACKING ERROR OPEN,NO MOTION OR SAFETY CREDIT
P04_RIGHT_CAPTURE_STEP,R_gripper,base_link,90.535345,0.000000,NO,PASS,NOMINAL RIGID LINK ENVELOPES; TOLERANCE/COVERS/CABLES/TRACKING ERROR OPEN,NO MOTION OR SAFETY CREDIT
P04_RIGHT_CAPTURE_STEP,R_gripper,head,365.469511,0.000000,NO,PASS,NOMINAL RIGID LINK ENVELOPES; TOLERANCE/COVERS/CABLES/TRACKING ERROR OPEN,NO MOTION OR SAFETY CREDIT
P04_RIGHT_CAPTURE_STEP,R_gripper,neck_pan_link,332.488090,0.000000,NO,PASS,NOMINAL RIGID LINK ENVELOPES; TOLERANCE/COVERS/CABLES/TRACKING ERROR OPEN,NO MOTION OR SAFETY CREDIT
P04_RIGHT_CAPTURE_STEP,R_gripper,torso,163.280487,0.000000,NO,PASS,NOMINAL RIGID LINK ENVELOPES; TOLERANCE/COVERS/CABLES/TRACKING ERROR OPEN,NO MOTION OR SAFETY CREDIT
P04_RIGHT_CAPTURE_STEP,R_hand,R_hip_roll_link,70.070432,0.000000,NO,PASS,NOMINAL RIGID LINK ENVELOPES; TOLERANCE/COVERS/CABLES/TRACKING ERROR OPEN,NO MOTION OR SAFETY CREDIT
P04_RIGHT_CAPTURE_STEP,R_hand,R_hip_yaw_link,80.792777,0.000000,NO,PASS,NOMINAL RIGID LINK ENVELOPES; TOLERANCE/COVERS/CABLES/TRACKING ERROR OPEN,NO MOTION OR SAFETY CREDIT
P04_RIGHT_CAPTURE_STEP,R_hand,R_shin,100.119935,0.000000,NO,PASS,NOMINAL RIGID LINK ENVELOPES; TOLERANCE/COVERS/CABLES/TRACKING ERROR OPEN,NO MOTION OR SAFETY CREDIT
P04_RIGHT_CAPTURE_STEP,R_hand,R_shoulder_pitch_link,240.292659,0.000000,NO,PASS,NOMINAL RIGID LINK ENVELOPES; TOLERANCE/COVERS/CABLES/TRACKING ERROR OPEN,NO MOTION OR SAFETY CREDIT
P04_RIGHT_CAPTURE_STEP,R_hand,R_thigh,41.100121,0.000000,NO,PASS,NOMINAL RIGID LINK ENVELOPES; TOLERANCE/COVERS/CABLES/TRACKING ERROR OPEN,NO MOTION OR SAFETY CREDIT
P04_RIGHT_CAPTURE_STEP,R_hand,R_upper_arm,116.147363,0.000000,NO,PASS,NOMINAL RIGID LINK ENVELOPES; TOLERANCE/COVERS/CABLES/TRACKING ERROR OPEN,NO MOTION OR SAFETY CREDIT
P04_RIGHT_CAPTURE_STEP,R_hand,base_link,60.337209,0.000000,NO,PASS,NOMINAL RIGID LINK ENVELOPES; TOLERANCE/COVERS/CABLES/TRACKING ERROR OPEN,NO MOTION OR SAFETY CREDIT
P04_RIGHT_CAPTURE_STEP,R_hand,head,338.941029,0.000000,NO,PASS,NOMINAL RIGID LINK ENVELOPES; TOLERANCE/COVERS/CABLES/TRACKING ERROR OPEN,NO MOTION OR SAFETY CREDIT
P04_RIGHT_CAPTURE_STEP,R_hand,neck_pan_link,304.084916,0.000000,NO,PASS,NOMINAL RIGID LINK ENVELOPES; TOLERANCE/COVERS/CABLES/TRACKING ERROR OPEN,NO MOTION OR SAFETY CREDIT
P04_RIGHT_CAPTURE_STEP,R_hand,torso,138.829998,0.000000,NO,PASS,NOMINAL RIGID LINK ENVELOPES; TOLERANCE/COVERS/CABLES/TRACKING ERROR OPEN,NO MOTION OR SAFETY CREDIT
P04_RIGHT_CAPTURE_STEP,R_hip_roll_link,R_shin,187.001324,0.000000,NO,PASS,NOMINAL RIGID LINK ENVELOPES; TOLERANCE/COVERS/CABLES/TRACKING ERROR OPEN,NO MOTION OR SAFETY CREDIT
P04_RIGHT_CAPTURE_STEP,R_hip_roll_link,R_shoulder_pitch_link,139.430556,0.000000,NO,PASS,NOMINAL RIGID LINK ENVELOPES; TOLERANCE/COVERS/CABLES/TRACKING ERROR OPEN,NO MOTION OR SAFETY CREDIT
P04_RIGHT_CAPTURE_STEP,R_hip_roll_link,R_upper_arm,14.439933,0.000000,NO,PASS,NOMINAL RIGID LINK ENVELOPES; TOLERANCE/COVERS/CABLES/TRACKING ERROR OPEN,NO MOTION OR SAFETY CREDIT
P04_RIGHT_CAPTURE_STEP,R_hip_roll_link,head,234.261701,0.000000,NO,PASS,NOMINAL RIGID LINK ENVELOPES; TOLERANCE/COVERS/CABLES/TRACKING ERROR OPEN,NO MOTION OR SAFETY CREDIT
P04_RIGHT_CAPTURE_STEP,R_hip_roll_link,neck_pan_link,185.904957,0.000000,NO,PASS,NOMINAL RIGID LINK ENVELOPES; TOLERANCE/COVERS/CABLES/TRACKING ERROR OPEN,NO MOTION OR SAFETY CREDIT
P04_RIGHT_CAPTURE_STEP,R_hip_roll_link,torso,36.123701,0.000000,NO,PASS,NOMINAL RIGID LINK ENVELOPES; TOLERANCE/COVERS/CABLES/TRACKING ERROR OPEN,NO MOTION OR SAFETY CREDIT
P04_RIGHT_CAPTURE_STEP,R_hip_yaw_link,R_shin,199.668622,0.000000,NO,PASS,NOMINAL RIGID LINK ENVELOPES; TOLERANCE/COVERS/CABLES/TRACKING ERROR OPEN,NO MOTION OR SAFETY CREDIT
P04_RIGHT_CAPTURE_STEP,R_hip_yaw_link,R_shoulder_pitch_link,134.097855,0.000000,NO,PASS,NOMINAL RIGID LINK ENVELOPES; TOLERANCE/COVERS/CABLES/TRACKING ERROR OPEN,NO MOTION OR SAFETY CREDIT
P04_RIGHT_CAPTURE_STEP,R_hip_yaw_link,R_upper_arm,9.070599,0.000000,NO,PASS,NOMINAL RIGID LINK ENVELOPES; TOLERANCE/COVERS/CABLES/TRACKING ERROR OPEN,NO MOTION OR SAFETY CREDIT
P04_RIGHT_CAPTURE_STEP,R_hip_yaw_link,head,228.929000,0.000000,NO,PASS,NOMINAL RIGID LINK ENVELOPES; TOLERANCE/COVERS/CABLES/TRACKING ERROR OPEN,NO MOTION OR SAFETY CREDIT
P04_RIGHT_CAPTURE_STEP,R_hip_yaw_link,neck_pan_link,180.609167,0.000000,NO,PASS,NOMINAL RIGID LINK ENVELOPES; TOLERANCE/COVERS/CABLES/TRACKING ERROR OPEN,NO MOTION OR SAFETY CREDIT
P04_RIGHT_CAPTURE_STEP,R_hip_yaw_link,torso,30.791000,0.000000,NO,PASS,NOMINAL RIGID LINK ENVELOPES; TOLERANCE/COVERS/CABLES/TRACKING ERROR OPEN,NO MOTION OR SAFETY CREDIT
P04_RIGHT_CAPTURE_STEP,R_shin,R_shoulder_pitch_link,373.766477,0.000000,NO,PASS,NOMINAL RIGID LINK ENVELOPES; TOLERANCE/COVERS/CABLES/TRACKING ERROR OPEN,NO MOTION OR SAFETY CREDIT
P04_RIGHT_CAPTURE_STEP,R_shin,R_upper_arm,248.739221,0.000000,NO,PASS,NOMINAL RIGID LINK ENVELOPES; TOLERANCE/COVERS/CABLES/TRACKING ERROR OPEN,NO MOTION OR SAFETY CREDIT
P04_RIGHT_CAPTURE_STEP,R_shin,base_link,177.371622,0.000000,NO,PASS,NOMINAL RIGID LINK ENVELOPES; TOLERANCE/COVERS/CABLES/TRACKING ERROR OPEN,NO MOTION OR SAFETY CREDIT
P04_RIGHT_CAPTURE_STEP,R_shin,head,468.597622,0.000000,NO,PASS,NOMINAL RIGID LINK ENVELOPES; TOLERANCE/COVERS/CABLES/TRACKING ERROR OPEN,NO MOTION OR SAFETY CREDIT
P04_RIGHT_CAPTURE_STEP,R_shin,neck_pan_link,421.567284,0.000000,NO,PASS,NOMINAL RIGID LINK ENVELOPES; TOLERANCE/COVERS/CABLES/TRACKING ERROR OPEN,NO MOTION OR SAFETY CREDIT
P04_RIGHT_CAPTURE_STEP,R_shin,torso,270.459622,0.000000,NO,PASS,NOMINAL RIGID LINK ENVELOPES; TOLERANCE/COVERS/CABLES/TRACKING ERROR OPEN,NO MOTION OR SAFETY CREDIT
P04_RIGHT_CAPTURE_STEP,R_shoulder_pitch_link,R_thigh,152.216706,0.000000,NO,PASS,NOMINAL RIGID LINK ENVELOPES; TOLERANCE/COVERS/CABLES/TRACKING ERROR OPEN,NO MOTION OR SAFETY CREDIT
P04_RIGHT_CAPTURE_STEP,R_shoulder_pitch_link,base_link,126.468215,0.000000,NO,PASS,NOMINAL RIGID LINK ENVELOPES; TOLERANCE/COVERS/CABLES/TRACKING ERROR OPEN,NO MOTION OR SAFETY CREDIT
P04_RIGHT_CAPTURE_STEP,R_shoulder_pitch_link,head,31.414844,0.000000,NO,PASS,NOMINAL RIGID LINK ENVELOPES; TOLERANCE/COVERS/CABLES/TRACKING ERROR OPEN,NO MOTION OR SAFETY CREDIT
P04_RIGHT_CAPTURE_STEP,R_shoulder_pitch_link,neck_pan_link,56.301000,0.000000,NO,PASS,NOMINAL RIGID LINK ENVELOPES; TOLERANCE/COVERS/CABLES/TRACKING ERROR OPEN,NO MOTION OR SAFETY CREDIT
P04_RIGHT_CAPTURE_STEP,R_thigh,R_upper_arm,41.702698,0.000000,NO,PASS,NOMINAL RIGID LINK ENVELOPES; TOLERANCE/COVERS/CABLES/TRACKING ERROR OPEN,NO MOTION OR SAFETY CREDIT
P04_RIGHT_CAPTURE_STEP,R_thigh,head,247.047851,0.000000,NO,PASS,NOMINAL RIGID LINK ENVELOPES; TOLERANCE/COVERS/CABLES/TRACKING ERROR OPEN,NO MOTION OR SAFETY CREDIT
P04_RIGHT_CAPTURE_STEP,R_thigh,neck_pan_link,198.678851,0.000000,NO,PASS,NOMINAL RIGID LINK ENVELOPES; TOLERANCE/COVERS/CABLES/TRACKING ERROR OPEN,NO MOTION OR SAFETY CREDIT
P04_RIGHT_CAPTURE_STEP,R_thigh,torso,48.909851,0.000000,NO,PASS,NOMINAL RIGID LINK ENVELOPES; TOLERANCE/COVERS/CABLES/TRACKING ERROR OPEN,NO MOTION OR SAFETY CREDIT
P04_RIGHT_CAPTURE_STEP,R_upper_arm,base_link,7.213216,0.000000,NO,PASS,NOMINAL RIGID LINK ENVELOPES; TOLERANCE/COVERS/CABLES/TRACKING ERROR OPEN,NO MOTION OR SAFETY CREDIT
P04_RIGHT_CAPTURE_STEP,R_upper_arm,head,64.442410,0.000000,NO,PASS,NOMINAL RIGID LINK ENVELOPES; TOLERANCE/COVERS/CABLES/TRACKING ERROR OPEN,NO MOTION OR SAFETY CREDIT
P04_RIGHT_CAPTURE_STEP,R_upper_arm,neck_pan_link,55.981736,0.000000,NO,PASS,NOMINAL RIGID LINK ENVELOPES; TOLERANCE/COVERS/CABLES/TRACKING ERROR OPEN,NO MOTION OR SAFETY CREDIT
P04_RIGHT_CAPTURE_STEP,base_link,head,221.226000,0.000000,NO,PASS,NOMINAL RIGID LINK ENVELOPES; TOLERANCE/COVERS/CABLES/TRACKING ERROR OPEN,NO MOTION OR SAFETY CREDIT
P04_RIGHT_CAPTURE_STEP,base_link,neck_pan_link,172.857000,0.000000,NO,PASS,NOMINAL RIGID LINK ENVELOPES; TOLERANCE/COVERS/CABLES/TRACKING ERROR OPEN,NO MOTION OR SAFETY CREDIT
P04_RIGHT_CAPTURE_STEP,head,torso,43.138000,0.000000,NO,PASS,NOMINAL RIGID LINK ENVELOPES; TOLERANCE/COVERS/CABLES/TRACKING ERROR OPEN,NO MOTION OR SAFETY CREDIT
P05_RIGHT_WEIGHT_TRANSFER,L_ankle_pitch_link,L_forearm,210.209515,0.000000,NO,PASS,NOMINAL RIGID LINK ENVELOPES; TOLERANCE/COVERS/CABLES/TRACKING ERROR OPEN,NO MOTION OR SAFETY CREDIT
P05_RIGHT_WEIGHT_TRANSFER,L_ankle_pitch_link,L_gripper,140.320835,0.000000,NO,PASS,NOMINAL RIGID LINK ENVELOPES; TOLERANCE/COVERS/CABLES/TRACKING ERROR OPEN,NO MOTION OR SAFETY CREDIT
P05_RIGHT_WEIGHT_TRANSFER,L_ankle_pitch_link,L_hand,168.126140,0.000000,NO,PASS,NOMINAL RIGID LINK ENVELOPES; TOLERANCE/COVERS/CABLES/TRACKING ERROR OPEN,NO MOTION OR SAFETY CREDIT
P05_RIGHT_WEIGHT_TRANSFER,L_ankle_pitch_link,L_hip_roll_link,285.684511,0.000000,NO,PASS,NOMINAL RIGID LINK ENVELOPES; TOLERANCE/COVERS/CABLES/TRACKING ERROR OPEN,NO MOTION OR SAFETY CREDIT
P05_RIGHT_WEIGHT_TRANSFER,L_ankle_pitch_link,L_hip_yaw_link,298.351809,0.000000,NO,PASS,NOMINAL RIGID LINK ENVELOPES; TOLERANCE/COVERS/CABLES/TRACKING ERROR OPEN,NO MOTION OR SAFETY CREDIT
P05_RIGHT_WEIGHT_TRANSFER,L_ankle_pitch_link,L_shoulder_pitch_link,473.238809,0.000000,NO,PASS,NOMINAL RIGID LINK ENVELOPES; TOLERANCE/COVERS/CABLES/TRACKING ERROR OPEN,NO MOTION OR SAFETY CREDIT
P05_RIGHT_WEIGHT_TRANSFER,L_ankle_pitch_link,L_thigh,158.804907,0.000000,NO,PASS,NOMINAL RIGID LINK ENVELOPES; TOLERANCE/COVERS/CABLES/TRACKING ERROR OPEN,NO MOTION OR SAFETY CREDIT
P05_RIGHT_WEIGHT_TRANSFER,L_ankle_pitch_link,L_upper_arm,348.535984,0.000000,NO,PASS,NOMINAL RIGID LINK ENVELOPES; TOLERANCE/COVERS/CABLES/TRACKING ERROR OPEN,NO MOTION OR SAFETY CREDIT
P05_RIGHT_WEIGHT_TRANSFER,L_ankle_pitch_link,R_ankle_pitch_link,53.461846,0.000000,NO,PASS,NOMINAL RIGID LINK ENVELOPES; TOLERANCE/COVERS/CABLES/TRACKING ERROR OPEN,NO MOTION OR SAFETY CREDIT
P05_RIGHT_WEIGHT_TRANSFER,L_ankle_pitch_link,R_foot,43.048448,0.000000,NO,PASS,NOMINAL RIGID LINK ENVELOPES; TOLERANCE/COVERS/CABLES/TRACKING ERROR OPEN,NO MOTION OR SAFETY CREDIT
P05_RIGHT_WEIGHT_TRANSFER,L_ankle_pitch_link,R_forearm,310.619832,0.000000,NO,PASS,NOMINAL RIGID LINK ENVELOPES; TOLERANCE/COVERS/CABLES/TRACKING ERROR OPEN,NO MOTION OR SAFETY CREDIT
P05_RIGHT_WEIGHT_TRANSFER,L_ankle_pitch_link,R_gripper,305.175404,0.000000,NO,PASS,NOMINAL RIGID LINK ENVELOPES; TOLERANCE/COVERS/CABLES/TRACKING ERROR OPEN,NO MOTION OR SAFETY CREDIT
P05_RIGHT_WEIGHT_TRANSFER,L_ankle_pitch_link,R_hand,308.262466,0.000000,NO,PASS,NOMINAL RIGID LINK ENVELOPES; TOLERANCE/COVERS/CABLES/TRACKING ERROR OPEN,NO MOTION OR SAFETY CREDIT
P05_RIGHT_WEIGHT_TRANSFER,L_ankle_pitch_link,R_hip_roll_link,305.364213,0.000000,NO,PASS,NOMINAL RIGID LINK ENVELOPES; TOLERANCE/COVERS/CABLES/TRACKING ERROR OPEN,NO MOTION OR SAFETY CREDIT
P05_RIGHT_WEIGHT_TRANSFER,L_ankle_pitch_link,R_hip_yaw_link,317.959602,0.000000,NO,PASS,NOMINAL RIGID LINK ENVELOPES; TOLERANCE/COVERS/CABLES/TRACKING ERROR OPEN,NO MOTION OR SAFETY CREDIT
P05_RIGHT_WEIGHT_TRANSFER,L_ankle_pitch_link,R_shin,50.403350,0.000000,NO,PASS,NOMINAL RIGID LINK ENVELOPES; TOLERANCE/COVERS/CABLES/TRACKING ERROR OPEN,NO MOTION OR SAFETY CREDIT
P05_RIGHT_WEIGHT_TRANSFER,L_ankle_pitch_link,R_shoulder_pitch_link,500.204292,0.000000,NO,PASS,NOMINAL RIGID LINK ENVELOPES; TOLERANCE/COVERS/CABLES/TRACKING ERROR OPEN,NO MOTION OR SAFETY CREDIT
P05_RIGHT_WEIGHT_TRANSFER,L_ankle_pitch_link,R_thigh,179.605834,0.000000,NO,PASS,NOMINAL RIGID LINK ENVELOPES; TOLERANCE/COVERS/CABLES/TRACKING ERROR OPEN,NO MOTION OR SAFETY CREDIT
P05_RIGHT_WEIGHT_TRANSFER,L_ankle_pitch_link,R_upper_arm,384.552133,0.000000,NO,PASS,NOMINAL RIGID LINK ENVELOPES; TOLERANCE/COVERS/CABLES/TRACKING ERROR OPEN,NO MOTION OR SAFETY CREDIT
P05_RIGHT_WEIGHT_TRANSFER,L_ankle_pitch_link,base_link,276.068107,0.000000,NO,PASS,NOMINAL RIGID LINK ENVELOPES; TOLERANCE/COVERS/CABLES/TRACKING ERROR OPEN,NO MOTION OR SAFETY CREDIT
P05_RIGHT_WEIGHT_TRANSFER,L_ankle_pitch_link,head,567.299037,0.000000,NO,PASS,NOMINAL RIGID LINK ENVELOPES; TOLERANCE/COVERS/CABLES/TRACKING ERROR OPEN,NO MOTION OR SAFETY CREDIT
P05_RIGHT_WEIGHT_TRANSFER,L_ankle_pitch_link,neck_pan_link,521.482468,0.000000,NO,PASS,NOMINAL RIGID LINK ENVELOPES; TOLERANCE/COVERS/CABLES/TRACKING ERROR OPEN,NO MOTION OR SAFETY CREDIT
P05_RIGHT_WEIGHT_TRANSFER,L_ankle_pitch_link,torso,369.142809,0.000000,NO,PASS,NOMINAL RIGID LINK ENVELOPES; TOLERANCE/COVERS/CABLES/TRACKING ERROR OPEN,NO MOTION OR SAFETY CREDIT
P05_RIGHT_WEIGHT_TRANSFER,L_foot,L_forearm,256.015274,0.000000,NO,PASS,NOMINAL RIGID LINK ENVELOPES; TOLERANCE/COVERS/CABLES/TRACKING ERROR OPEN,NO MOTION OR SAFETY CREDIT
P05_RIGHT_WEIGHT_TRANSFER,L_foot,L_gripper,181.443815,0.000000,NO,PASS,NOMINAL RIGID LINK ENVELOPES; TOLERANCE/COVERS/CABLES/TRACKING ERROR OPEN,NO MOTION OR SAFETY CREDIT
P05_RIGHT_WEIGHT_TRANSFER,L_foot,L_hand,211.753389,0.000000,NO,PASS,NOMINAL RIGID LINK ENVELOPES; TOLERANCE/COVERS/CABLES/TRACKING ERROR OPEN,NO MOTION OR SAFETY CREDIT
P05_RIGHT_WEIGHT_TRANSFER,L_foot,L_hip_roll_link,331.490269,0.000000,NO,PASS,NOMINAL RIGID LINK ENVELOPES; TOLERANCE/COVERS/CABLES/TRACKING ERROR OPEN,NO MOTION OR SAFETY CREDIT
P05_RIGHT_WEIGHT_TRANSFER,L_foot,L_hip_yaw_link,344.157568,0.000000,NO,PASS,NOMINAL RIGID LINK ENVELOPES; TOLERANCE/COVERS/CABLES/TRACKING ERROR OPEN,NO MOTION OR SAFETY CREDIT
P05_RIGHT_WEIGHT_TRANSFER,L_foot,L_shoulder_pitch_link,519.044568,0.000000,NO,PASS,NOMINAL RIGID LINK ENVELOPES; TOLERANCE/COVERS/CABLES/TRACKING ERROR OPEN,NO MOTION OR SAFETY CREDIT
P05_RIGHT_WEIGHT_TRANSFER,L_foot,L_thigh,204.610665,0.000000,NO,PASS,NOMINAL RIGID LINK ENVELOPES; TOLERANCE/COVERS/CABLES/TRACKING ERROR OPEN,NO MOTION OR SAFETY CREDIT
P05_RIGHT_WEIGHT_TRANSFER,L_foot,L_upper_arm,394.341742,0.000000,NO,PASS,NOMINAL RIGID LINK ENVELOPES; TOLERANCE/COVERS/CABLES/TRACKING ERROR OPEN,NO MOTION OR SAFETY CREDIT
P05_RIGHT_WEIGHT_TRANSFER,L_foot,R_ankle_pitch_link,45.413398,0.000000,NO,PASS,NOMINAL RIGID LINK ENVELOPES; TOLERANCE/COVERS/CABLES/TRACKING ERROR OPEN,NO MOTION OR SAFETY CREDIT
P05_RIGHT_WEIGHT_TRANSFER,L_foot,R_foot,35.000000,0.000000,NO,PASS,NOMINAL RIGID LINK ENVELOPES; TOLERANCE/COVERS/CABLES/TRACKING ERROR OPEN,NO MOTION OR SAFETY CREDIT
P05_RIGHT_WEIGHT_TRANSFER,L_foot,R_forearm,338.107357,0.000000,NO,PASS,NOMINAL RIGID LINK ENVELOPES; TOLERANCE/COVERS/CABLES/TRACKING ERROR OPEN,NO MOTION OR SAFETY CREDIT
P05_RIGHT_WEIGHT_TRANSFER,L_foot,R_gripper,320.792384,0.000000,NO,PASS,NOMINAL RIGID LINK ENVELOPES; TOLERANCE/COVERS/CABLES/TRACKING ERROR OPEN,NO MOTION OR SAFETY CREDIT
P05_RIGHT_WEIGHT_TRANSFER,L_foot,R_hand,328.744335,0.000000,NO,PASS,NOMINAL RIGID LINK ENVELOPES; TOLERANCE/COVERS/CABLES/TRACKING ERROR OPEN,NO MOTION OR SAFETY CREDIT
P05_RIGHT_WEIGHT_TRANSFER,L_foot,R_hip_roll_link,346.188079,0.000000,NO,PASS,NOMINAL RIGID LINK ENVELOPES; TOLERANCE/COVERS/CABLES/TRACKING ERROR OPEN,NO MOTION OR SAFETY CREDIT
P05_RIGHT_WEIGHT_TRANSFER,L_foot,R_hip_yaw_link,358.920870,0.000000,NO,PASS,NOMINAL RIGID LINK ENVELOPES; TOLERANCE/COVERS/CABLES/TRACKING ERROR OPEN,NO MOTION OR SAFETY CREDIT
P05_RIGHT_WEIGHT_TRANSFER,L_foot,R_shin,42.354903,0.000000,NO,PASS,NOMINAL RIGID LINK ENVELOPES; TOLERANCE/COVERS/CABLES/TRACKING ERROR OPEN,NO MOTION OR SAFETY CREDIT
P05_RIGHT_WEIGHT_TRANSFER,L_foot,R_shoulder_pitch_link,541.399520,0.000000,NO,PASS,NOMINAL RIGID LINK ENVELOPES; TOLERANCE/COVERS/CABLES/TRACKING ERROR OPEN,NO MOTION OR SAFETY CREDIT
P05_RIGHT_WEIGHT_TRANSFER,L_foot,R_thigh,218.217838,0.000000,NO,PASS,NOMINAL RIGID LINK ENVELOPES; TOLERANCE/COVERS/CABLES/TRACKING ERROR OPEN,NO MOTION OR SAFETY CREDIT
P05_RIGHT_WEIGHT_TRANSFER,L_foot,R_upper_arm,423.430242,0.000000,NO,PASS,NOMINAL RIGID LINK ENVELOPES; TOLERANCE/COVERS/CABLES/TRACKING ERROR OPEN,NO MOTION OR SAFETY CREDIT
P05_RIGHT_WEIGHT_TRANSFER,L_foot,base_link,321.860568,0.000000,NO,PASS,NOMINAL RIGID LINK ENVELOPES; TOLERANCE/COVERS/CABLES/TRACKING ERROR OPEN,NO MOTION OR SAFETY CREDIT
P05_RIGHT_WEIGHT_TRANSFER,L_foot,head,613.086568,0.000000,NO,PASS,NOMINAL RIGID LINK ENVELOPES; TOLERANCE/COVERS/CABLES/TRACKING ERROR OPEN,NO MOTION OR SAFETY CREDIT
P05_RIGHT_WEIGHT_TRANSFER,L_foot,neck_pan_link,566.403343,0.000000,NO,PASS,NOMINAL RIGID LINK ENVELOPES; TOLERANCE/COVERS/CABLES/TRACKING ERROR OPEN,NO MOTION OR SAFETY CREDIT
P05_RIGHT_WEIGHT_TRANSFER,L_foot,torso,414.948568,0.000000,NO,PASS,NOMINAL RIGID LINK ENVELOPES; TOLERANCE/COVERS/CABLES/TRACKING ERROR OPEN,NO MOTION OR SAFETY CREDIT
P05_RIGHT_WEIGHT_TRANSFER,L_forearm,L_gripper,24.853000,0.000000,NO,PASS,NOMINAL RIGID LINK ENVELOPES; TOLERANCE/COVERS/CABLES/TRACKING ERROR OPEN,NO MOTION OR SAFETY CREDIT
P05_RIGHT_WEIGHT_TRANSFER,L_forearm,L_hip_roll_link,51.788610,0.000000,NO,PASS,NOMINAL RIGID LINK ENVELOPES; TOLERANCE/COVERS/CABLES/TRACKING ERROR OPEN,NO MOTION OR SAFETY CREDIT
P05_RIGHT_WEIGHT_TRANSFER,L_forearm,L_hip_yaw_link,53.867973,0.000000,NO,PASS,NOMINAL RIGID LINK ENVELOPES; TOLERANCE/COVERS/CABLES/TRACKING ERROR OPEN,NO MOTION OR SAFETY CREDIT
P05_RIGHT_WEIGHT_TRANSFER,L_forearm,L_shin,133.309749,0.000000,NO,PASS,NOMINAL RIGID LINK ENVELOPES; TOLERANCE/COVERS/CABLES/TRACKING ERROR OPEN,NO MOTION OR SAFETY CREDIT
P05_RIGHT_WEIGHT_TRANSFER,L_forearm,L_shoulder_pitch_link,114.595113,0.000000,NO,PASS,NOMINAL RIGID LINK ENVELOPES; TOLERANCE/COVERS/CABLES/TRACKING ERROR OPEN,NO MOTION OR SAFETY CREDIT
P05_RIGHT_WEIGHT_TRANSFER,L_forearm,L_thigh,55.158657,0.000000,NO,PASS,NOMINAL RIGID LINK ENVELOPES; TOLERANCE/COVERS/CABLES/TRACKING ERROR OPEN,NO MOTION OR SAFETY CREDIT
P05_RIGHT_WEIGHT_TRANSFER,L_forearm,R_ankle_pitch_link,243.248568,0.000000,NO,PASS,NOMINAL RIGID LINK ENVELOPES; TOLERANCE/COVERS/CABLES/TRACKING ERROR OPEN,NO MOTION OR SAFETY CREDIT
P05_RIGHT_WEIGHT_TRANSFER,L_forearm,R_foot,279.436718,0.000000,NO,PASS,NOMINAL RIGID LINK ENVELOPES; TOLERANCE/COVERS/CABLES/TRACKING ERROR OPEN,NO MOTION OR SAFETY CREDIT
P05_RIGHT_WEIGHT_TRANSFER,L_forearm,R_forearm,296.821669,0.000000,NO,PASS,NOMINAL RIGID LINK ENVELOPES; TOLERANCE/COVERS/CABLES/TRACKING ERROR OPEN,NO MOTION OR SAFETY CREDIT
P05_RIGHT_WEIGHT_TRANSFER,L_forearm,R_gripper,344.596083,0.000000,NO,PASS,NOMINAL RIGID LINK ENVELOPES; TOLERANCE/COVERS/CABLES/TRACKING ERROR OPEN,NO MOTION OR SAFETY CREDIT
P05_RIGHT_WEIGHT_TRANSFER,L_forearm,R_hand,329.574963,0.000000,NO,PASS,NOMINAL RIGID LINK ENVELOPES; TOLERANCE/COVERS/CABLES/TRACKING ERROR OPEN,NO MOTION OR SAFETY CREDIT
P05_RIGHT_WEIGHT_TRANSFER,L_forearm,R_hip_roll_link,176.788610,0.000000,NO,PASS,NOMINAL RIGID LINK ENVELOPES; TOLERANCE/COVERS/CABLES/TRACKING ERROR OPEN,NO MOTION OR SAFETY CREDIT
P05_RIGHT_WEIGHT_TRANSFER,L_forearm,R_hip_yaw_link,178.867973,0.000000,NO,PASS,NOMINAL RIGID LINK ENVELOPES; TOLERANCE/COVERS/CABLES/TRACKING ERROR OPEN,NO MOTION OR SAFETY CREDIT
P05_RIGHT_WEIGHT_TRANSFER,L_forearm,R_shin,178.924419,0.000000,NO,PASS,NOMINAL RIGID LINK ENVELOPES; TOLERANCE/COVERS/CABLES/TRACKING ERROR OPEN,NO MOTION OR SAFETY CREDIT
P05_RIGHT_WEIGHT_TRANSFER,L_forearm,R_shoulder_pitch_link,256.969120,0.000000,NO,PASS,NOMINAL RIGID LINK ENVELOPES; TOLERANCE/COVERS/CABLES/TRACKING ERROR OPEN,NO MOTION OR SAFETY CREDIT
P05_RIGHT_WEIGHT_TRANSFER,L_forearm,R_thigh,152.838703,0.000000,NO,PASS,NOMINAL RIGID LINK ENVELOPES; TOLERANCE/COVERS/CABLES/TRACKING ERROR OPEN,NO MOTION OR SAFETY CREDIT
P05_RIGHT_WEIGHT_TRANSFER,L_forearm,R_upper_arm,232.521049,0.000000,NO,PASS,NOMINAL RIGID LINK ENVELOPES; TOLERANCE/COVERS/CABLES/TRACKING ERROR OPEN,NO MOTION OR SAFETY CREDIT
P05_RIGHT_WEIGHT_TRANSFER,L_forearm,base_link,71.647973,0.000000,NO,PASS,NOMINAL RIGID LINK ENVELOPES; TOLERANCE/COVERS/CABLES/TRACKING ERROR OPEN,NO MOTION OR SAFETY CREDIT
P05_RIGHT_WEIGHT_TRANSFER,L_forearm,head,219.378905,0.000000,NO,PASS,NOMINAL RIGID LINK ENVELOPES; TOLERANCE/COVERS/CABLES/TRACKING ERROR OPEN,NO MOTION OR SAFETY CREDIT
P05_RIGHT_WEIGHT_TRANSFER,L_forearm,neck_pan_link,199.066920,0.000000,NO,PASS,NOMINAL RIGID LINK ENVELOPES; TOLERANCE/COVERS/CABLES/TRACKING ERROR OPEN,NO MOTION OR SAFETY CREDIT
P05_RIGHT_WEIGHT_TRANSFER,L_forearm,torso,52.368450,0.000000,NO,PASS,NOMINAL RIGID LINK ENVELOPES; TOLERANCE/COVERS/CABLES/TRACKING ERROR OPEN,NO MOTION OR SAFETY CREDIT
P05_RIGHT_WEIGHT_TRANSFER,L_gripper,L_hip_roll_link,136.353340,0.000000,NO,PASS,NOMINAL RIGID LINK ENVELOPES; TOLERANCE/COVERS/CABLES/TRACKING ERROR OPEN,NO MOTION OR SAFETY CREDIT
P05_RIGHT_WEIGHT_TRANSFER,L_gripper,L_hip_yaw_link,146.421447,0.000000,NO,PASS,NOMINAL RIGID LINK ENVELOPES; TOLERANCE/COVERS/CABLES/TRACKING ERROR OPEN,NO MOTION OR SAFETY CREDIT
P05_RIGHT_WEIGHT_TRANSFER,L_gripper,L_shin,71.346819,0.000000,NO,PASS,NOMINAL RIGID LINK ENVELOPES; TOLERANCE/COVERS/CABLES/TRACKING ERROR OPEN,NO MOTION OR SAFETY CREDIT
P05_RIGHT_WEIGHT_TRANSFER,L_gripper,L_shoulder_pitch_link,285.817051,0.000000,NO,PASS,NOMINAL RIGID LINK ENVELOPES; TOLERANCE/COVERS/CABLES/TRACKING ERROR OPEN,NO MOTION OR SAFETY CREDIT
P05_RIGHT_WEIGHT_TRANSFER,L_gripper,L_thigh,79.437202,0.000000,NO,PASS,NOMINAL RIGID LINK ENVELOPES; TOLERANCE/COVERS/CABLES/TRACKING ERROR OPEN,NO MOTION OR SAFETY CREDIT
P05_RIGHT_WEIGHT_TRANSFER,L_gripper,L_upper_arm,154.553342,0.000000,NO,PASS,NOMINAL RIGID LINK ENVELOPES; TOLERANCE/COVERS/CABLES/TRACKING ERROR OPEN,NO MOTION OR SAFETY CREDIT
P05_RIGHT_WEIGHT_TRANSFER,L_gripper,R_ankle_pitch_link,218.093165,0.000000,NO,PASS,NOMINAL RIGID LINK ENVELOPES; TOLERANCE/COVERS/CABLES/TRACKING ERROR OPEN,NO MOTION OR SAFETY CREDIT
P05_RIGHT_WEIGHT_TRANSFER,L_gripper,R_foot,241.232668,0.000000,NO,PASS,NOMINAL RIGID LINK ENVELOPES; TOLERANCE/COVERS/CABLES/TRACKING ERROR OPEN,NO MOTION OR SAFETY CREDIT
P05_RIGHT_WEIGHT_TRANSFER,L_gripper,R_forearm,348.713259,0.000000,NO,PASS,NOMINAL RIGID LINK ENVELOPES; TOLERANCE/COVERS/CABLES/TRACKING ERROR OPEN,NO MOTION OR SAFETY CREDIT
P05_RIGHT_WEIGHT_TRANSFER,L_gripper,R_gripper,395.932944,0.000000,NO,PASS,NOMINAL RIGID LINK ENVELOPES; TOLERANCE/COVERS/CABLES/TRACKING ERROR OPEN,NO MOTION OR SAFETY CREDIT
P05_RIGHT_WEIGHT_TRANSFER,L_gripper,R_hand,381.173462,0.000000,NO,PASS,NOMINAL RIGID LINK ENVELOPES; TOLERANCE/COVERS/CABLES/TRACKING ERROR OPEN,NO MOTION OR SAFETY CREDIT
P05_RIGHT_WEIGHT_TRANSFER,L_gripper,R_hip_roll_link,245.079600,0.000000,NO,PASS,NOMINAL RIGID LINK ENVELOPES; TOLERANCE/COVERS/CABLES/TRACKING ERROR OPEN,NO MOTION OR SAFETY CREDIT
P05_RIGHT_WEIGHT_TRANSFER,L_gripper,R_hip_yaw_link,251.854835,0.000000,NO,PASS,NOMINAL RIGID LINK ENVELOPES; TOLERANCE/COVERS/CABLES/TRACKING ERROR OPEN,NO MOTION OR SAFETY CREDIT
P05_RIGHT_WEIGHT_TRANSFER,L_gripper,R_shin,179.444801,0.000000,NO,PASS,NOMINAL RIGID LINK ENVELOPES; TOLERANCE/COVERS/CABLES/TRACKING ERROR OPEN,NO MOTION OR SAFETY CREDIT
P05_RIGHT_WEIGHT_TRANSFER,L_gripper,R_shoulder_pitch_link,395.302219,0.000000,NO,PASS,NOMINAL RIGID LINK ENVELOPES; TOLERANCE/COVERS/CABLES/TRACKING ERROR OPEN,NO MOTION OR SAFETY CREDIT
P05_RIGHT_WEIGHT_TRANSFER,L_gripper,R_thigh,204.437202,0.000000,NO,PASS,NOMINAL RIGID LINK ENVELOPES; TOLERANCE/COVERS/CABLES/TRACKING ERROR OPEN,NO MOTION OR SAFETY CREDIT
P05_RIGHT_WEIGHT_TRANSFER,L_gripper,R_upper_arm,321.865931,0.000000,NO,PASS,NOMINAL RIGID LINK ENVELOPES; TOLERANCE/COVERS/CABLES/TRACKING ERROR OPEN,NO MOTION OR SAFETY CREDIT
P05_RIGHT_WEIGHT_TRANSFER,L_gripper,base_link,146.538691,0.000000,NO,PASS,NOMINAL RIGID LINK ENVELOPES; TOLERANCE/COVERS/CABLES/TRACKING ERROR OPEN,NO MOTION OR SAFETY CREDIT
P05_RIGHT_WEIGHT_TRANSFER,L_gripper,head,391.042414,0.000000,NO,PASS,NOMINAL RIGID LINK ENVELOPES; TOLERANCE/COVERS/CABLES/TRACKING ERROR OPEN,NO MOTION OR SAFETY CREDIT
P05_RIGHT_WEIGHT_TRANSFER,L_gripper,neck_pan_link,365.290813,0.000000,NO,PASS,NOMINAL RIGID LINK ENVELOPES; TOLERANCE/COVERS/CABLES/TRACKING ERROR OPEN,NO MOTION OR SAFETY CREDIT
P05_RIGHT_WEIGHT_TRANSFER,L_gripper,torso,200.924276,0.000000,NO,PASS,NOMINAL RIGID LINK ENVELOPES; TOLERANCE/COVERS/CABLES/TRACKING ERROR OPEN,NO MOTION OR SAFETY CREDIT
P05_RIGHT_WEIGHT_TRANSFER,L_hand,L_hip_roll_link,109.107413,0.000000,NO,PASS,NOMINAL RIGID LINK ENVELOPES; TOLERANCE/COVERS/CABLES/TRACKING ERROR OPEN,NO MOTION OR SAFETY CREDIT
P05_RIGHT_WEIGHT_TRANSFER,L_hand,L_hip_yaw_link,118.532904,0.000000,NO,PASS,NOMINAL RIGID LINK ENVELOPES; TOLERANCE/COVERS/CABLES/TRACKING ERROR OPEN,NO MOTION OR SAFETY CREDIT
P05_RIGHT_WEIGHT_TRANSFER,L_hand,L_shin,93.080648,0.000000,NO,PASS,NOMINAL RIGID LINK ENVELOPES; TOLERANCE/COVERS/CABLES/TRACKING ERROR OPEN,NO MOTION OR SAFETY CREDIT
P05_RIGHT_WEIGHT_TRANSFER,L_hand,L_shoulder_pitch_link,257.755652,0.000000,NO,PASS,NOMINAL RIGID LINK ENVELOPES; TOLERANCE/COVERS/CABLES/TRACKING ERROR OPEN,NO MOTION OR SAFETY CREDIT
P05_RIGHT_WEIGHT_TRANSFER,L_hand,L_thigh,64.675764,0.000000,NO,PASS,NOMINAL RIGID LINK ENVELOPES; TOLERANCE/COVERS/CABLES/TRACKING ERROR OPEN,NO MOTION OR SAFETY CREDIT
P05_RIGHT_WEIGHT_TRANSFER,L_hand,L_upper_arm,127.322272,0.000000,NO,PASS,NOMINAL RIGID LINK ENVELOPES; TOLERANCE/COVERS/CABLES/TRACKING ERROR OPEN,NO MOTION OR SAFETY CREDIT
P05_RIGHT_WEIGHT_TRANSFER,L_hand,R_ankle_pitch_link,229.021246,0.000000,NO,PASS,NOMINAL RIGID LINK ENVELOPES; TOLERANCE/COVERS/CABLES/TRACKING ERROR OPEN,NO MOTION OR SAFETY CREDIT
P05_RIGHT_WEIGHT_TRANSFER,L_hand,R_foot,257.721711,0.000000,NO,PASS,NOMINAL RIGID LINK ENVELOPES; TOLERANCE/COVERS/CABLES/TRACKING ERROR OPEN,NO MOTION OR SAFETY CREDIT
P05_RIGHT_WEIGHT_TRANSFER,L_hand,R_forearm,333.658729,0.000000,NO,PASS,NOMINAL RIGID LINK ENVELOPES; TOLERANCE/COVERS/CABLES/TRACKING ERROR OPEN,NO MOTION OR SAFETY CREDIT
P05_RIGHT_WEIGHT_TRANSFER,L_hand,R_gripper,381.171506,0.000000,NO,PASS,NOMINAL RIGID LINK ENVELOPES; TOLERANCE/COVERS/CABLES/TRACKING ERROR OPEN,NO MOTION OR SAFETY CREDIT
P05_RIGHT_WEIGHT_TRANSFER,L_hand,R_hand,366.412024,0.000000,NO,PASS,NOMINAL RIGID LINK ENVELOPES; TOLERANCE/COVERS/CABLES/TRACKING ERROR OPEN,NO MOTION OR SAFETY CREDIT
P05_RIGHT_WEIGHT_TRANSFER,L_hand,R_hip_roll_link,222.903220,0.000000,NO,PASS,NOMINAL RIGID LINK ENVELOPES; TOLERANCE/COVERS/CABLES/TRACKING ERROR OPEN,NO MOTION OR SAFETY CREDIT
P05_RIGHT_WEIGHT_TRANSFER,L_hand,R_hip_yaw_link,228.804082,0.000000,NO,PASS,NOMINAL RIGID LINK ENVELOPES; TOLERANCE/COVERS/CABLES/TRACKING ERROR OPEN,NO MOTION OR SAFETY CREDIT
P05_RIGHT_WEIGHT_TRANSFER,L_hand,R_shin,179.119277,0.000000,NO,PASS,NOMINAL RIGID LINK ENVELOPES; TOLERANCE/COVERS/CABLES/TRACKING ERROR OPEN,NO MOTION OR SAFETY CREDIT
P05_RIGHT_WEIGHT_TRANSFER,L_hand,R_shoulder_pitch_link,367.165671,0.000000,NO,PASS,NOMINAL RIGID LINK ENVELOPES; TOLERANCE/COVERS/CABLES/TRACKING ERROR OPEN,NO MOTION OR SAFETY CREDIT
P05_RIGHT_WEIGHT_TRANSFER,L_hand,R_thigh,189.675764,0.000000,NO,PASS,NOMINAL RIGID LINK ENVELOPES; TOLERANCE/COVERS/CABLES/TRACKING ERROR OPEN,NO MOTION OR SAFETY CREDIT
P05_RIGHT_WEIGHT_TRANSFER,L_hand,R_upper_arm,297.362563,0.000000,NO,PASS,NOMINAL RIGID LINK ENVELOPES; TOLERANCE/COVERS/CABLES/TRACKING ERROR OPEN,NO MOTION OR SAFETY CREDIT
P05_RIGHT_WEIGHT_TRANSFER,L_hand,base_link,121.185821,0.000000,NO,PASS,NOMINAL RIGID LINK ENVELOPES; TOLERANCE/COVERS/CABLES/TRACKING ERROR OPEN,NO MOTION OR SAFETY CREDIT
P05_RIGHT_WEIGHT_TRANSFER,L_hand,head,362.434215,0.000000,NO,PASS,NOMINAL RIGID LINK ENVELOPES; TOLERANCE/COVERS/CABLES/TRACKING ERROR OPEN,NO MOTION OR SAFETY CREDIT
P05_RIGHT_WEIGHT_TRANSFER,L_hand,neck_pan_link,336.055063,0.000000,NO,PASS,NOMINAL RIGID LINK ENVELOPES; TOLERANCE/COVERS/CABLES/TRACKING ERROR OPEN,NO MOTION OR SAFETY CREDIT
P05_RIGHT_WEIGHT_TRANSFER,L_hand,torso,171.667881,0.000000,NO,PASS,NOMINAL RIGID LINK ENVELOPES; TOLERANCE/COVERS/CABLES/TRACKING ERROR OPEN,NO MOTION OR SAFETY CREDIT
P05_RIGHT_WEIGHT_TRANSFER,L_hip_roll_link,L_shin,208.784745,0.000000,NO,PASS,NOMINAL RIGID LINK ENVELOPES; TOLERANCE/COVERS/CABLES/TRACKING ERROR OPEN,NO MOTION OR SAFETY CREDIT
P05_RIGHT_WEIGHT_TRANSFER,L_hip_roll_link,L_shoulder_pitch_link,140.219701,0.000000,NO,PASS,NOMINAL RIGID LINK ENVELOPES; TOLERANCE/COVERS/CABLES/TRACKING ERROR OPEN,NO MOTION OR SAFETY CREDIT
P05_RIGHT_WEIGHT_TRANSFER,L_hip_roll_link,L_upper_arm,35.241744,0.000000,NO,PASS,NOMINAL RIGID LINK ENVELOPES; TOLERANCE/COVERS/CABLES/TRACKING ERROR OPEN,NO MOTION OR SAFETY CREDIT
P05_RIGHT_WEIGHT_TRANSFER,L_hip_roll_link,R_ankle_pitch_link,285.757380,0.000000,NO,PASS,NOMINAL RIGID LINK ENVELOPES; TOLERANCE/COVERS/CABLES/TRACKING ERROR OPEN,NO MOTION OR SAFETY CREDIT
P05_RIGHT_WEIGHT_TRANSFER,L_hip_roll_link,R_foot,331.490269,0.000000,NO,PASS,NOMINAL RIGID LINK ENVELOPES; TOLERANCE/COVERS/CABLES/TRACKING ERROR OPEN,NO MOTION OR SAFETY CREDIT
P05_RIGHT_WEIGHT_TRANSFER,L_hip_roll_link,R_forearm,180.874332,0.000000,NO,PASS,NOMINAL RIGID LINK ENVELOPES; TOLERANCE/COVERS/CABLES/TRACKING ERROR OPEN,NO MOTION OR SAFETY CREDIT
P05_RIGHT_WEIGHT_TRANSFER,L_hip_roll_link,R_gripper,245.079600,0.000000,NO,PASS,NOMINAL RIGID LINK ENVELOPES; TOLERANCE/COVERS/CABLES/TRACKING ERROR OPEN,NO MOTION OR SAFETY CREDIT
P05_RIGHT_WEIGHT_TRANSFER,L_hip_roll_link,R_hand,222.904976,0.000000,NO,PASS,NOMINAL RIGID LINK ENVELOPES; TOLERANCE/COVERS/CABLES/TRACKING ERROR OPEN,NO MOTION OR SAFETY CREDIT
P05_RIGHT_WEIGHT_TRANSFER,L_hip_roll_link,R_hip_roll_link,60.841274,0.000000,NO,PASS,NOMINAL RIGID LINK ENVELOPES; TOLERANCE/COVERS/CABLES/TRACKING ERROR OPEN,NO MOTION OR SAFETY CREDIT
P05_RIGHT_WEIGHT_TRANSFER,L_hip_roll_link,R_hip_yaw_link,62.920637,0.000000,NO,PASS,NOMINAL RIGID LINK ENVELOPES; TOLERANCE/COVERS/CABLES/TRACKING ERROR OPEN,NO MOTION OR SAFETY CREDIT
P05_RIGHT_WEIGHT_TRANSFER,L_hip_roll_link,R_shin,208.812337,0.000000,NO,PASS,NOMINAL RIGID LINK ENVELOPES; TOLERANCE/COVERS/CABLES/TRACKING ERROR OPEN,NO MOTION OR SAFETY CREDIT
P05_RIGHT_WEIGHT_TRANSFER,L_hip_roll_link,R_shoulder_pitch_link,181.351375,0.000000,NO,PASS,NOMINAL RIGID LINK ENVELOPES; TOLERANCE/COVERS/CABLES/TRACKING ERROR OPEN,NO MOTION OR SAFETY CREDIT
P05_RIGHT_WEIGHT_TRANSFER,L_hip_roll_link,R_thigh,58.042983,0.000000,NO,PASS,NOMINAL RIGID LINK ENVELOPES; TOLERANCE/COVERS/CABLES/TRACKING ERROR OPEN,NO MOTION OR SAFETY CREDIT
P05_RIGHT_WEIGHT_TRANSFER,L_hip_roll_link,R_upper_arm,117.535497,0.000000,NO,PASS,NOMINAL RIGID LINK ENVELOPES; TOLERANCE/COVERS/CABLES/TRACKING ERROR OPEN,NO MOTION OR SAFETY CREDIT
P05_RIGHT_WEIGHT_TRANSFER,L_hip_roll_link,head,234.261701,0.000000,NO,PASS,NOMINAL RIGID LINK ENVELOPES; TOLERANCE/COVERS/CABLES/TRACKING ERROR OPEN,NO MOTION OR SAFETY CREDIT
P05_RIGHT_WEIGHT_TRANSFER,L_hip_roll_link,neck_pan_link,185.952276,0.000000,NO,PASS,NOMINAL RIGID LINK ENVELOPES; TOLERANCE/COVERS/CABLES/TRACKING ERROR OPEN,NO MOTION OR SAFETY CREDIT
P05_RIGHT_WEIGHT_TRANSFER,L_hip_roll_link,torso,36.123701,0.000000,NO,PASS,NOMINAL RIGID LINK ENVELOPES; TOLERANCE/COVERS/CABLES/TRACKING ERROR OPEN,NO MOTION OR SAFETY CREDIT
P05_RIGHT_WEIGHT_TRANSFER,L_hip_yaw_link,L_shin,221.452043,0.000000,NO,PASS,NOMINAL RIGID LINK ENVELOPES; TOLERANCE/COVERS/CABLES/TRACKING ERROR OPEN,NO MOTION OR SAFETY CREDIT
P05_RIGHT_WEIGHT_TRANSFER,L_hip_yaw_link,L_shoulder_pitch_link,134.887000,0.000000,NO,PASS,NOMINAL RIGID LINK ENVELOPES; TOLERANCE/COVERS/CABLES/TRACKING ERROR OPEN,NO MOTION OR SAFETY CREDIT
P05_RIGHT_WEIGHT_TRANSFER,L_hip_yaw_link,L_upper_arm,30.184319,0.000000,NO,PASS,NOMINAL RIGID LINK ENVELOPES; TOLERANCE/COVERS/CABLES/TRACKING ERROR OPEN,NO MOTION OR SAFETY CREDIT
P05_RIGHT_WEIGHT_TRANSFER,L_hip_yaw_link,R_ankle_pitch_link,298.473788,0.000000,NO,PASS,NOMINAL RIGID LINK ENVELOPES; TOLERANCE/COVERS/CABLES/TRACKING ERROR OPEN,NO MOTION OR SAFETY CREDIT
P05_RIGHT_WEIGHT_TRANSFER,L_hip_yaw_link,R_foot,344.157568,0.000000,NO,PASS,NOMINAL RIGID LINK ENVELOPES; TOLERANCE/COVERS/CABLES/TRACKING ERROR OPEN,NO MOTION OR SAFETY CREDIT
P05_RIGHT_WEIGHT_TRANSFER,L_hip_yaw_link,R_forearm,182.953696,0.000000,NO,PASS,NOMINAL RIGID LINK ENVELOPES; TOLERANCE/COVERS/CABLES/TRACKING ERROR OPEN,NO MOTION OR SAFETY CREDIT
P05_RIGHT_WEIGHT_TRANSFER,L_hip_yaw_link,R_gripper,251.854835,0.000000,NO,PASS,NOMINAL RIGID LINK ENVELOPES; TOLERANCE/COVERS/CABLES/TRACKING ERROR OPEN,NO MOTION OR SAFETY CREDIT
P05_RIGHT_WEIGHT_TRANSFER,L_hip_yaw_link,R_hand,228.805787,0.000000,NO,PASS,NOMINAL RIGID LINK ENVELOPES; TOLERANCE/COVERS/CABLES/TRACKING ERROR OPEN,NO MOTION OR SAFETY CREDIT
P05_RIGHT_WEIGHT_TRANSFER,L_hip_yaw_link,R_hip_roll_link,62.920637,0.000000,NO,PASS,NOMINAL RIGID LINK ENVELOPES; TOLERANCE/COVERS/CABLES/TRACKING ERROR OPEN,NO MOTION OR SAFETY CREDIT
P05_RIGHT_WEIGHT_TRANSFER,L_hip_yaw_link,R_hip_yaw_link,65.000000,0.000000,NO,PASS,NOMINAL RIGID LINK ENVELOPES; TOLERANCE/COVERS/CABLES/TRACKING ERROR OPEN,NO MOTION OR SAFETY CREDIT
P05_RIGHT_WEIGHT_TRANSFER,L_hip_yaw_link,R_shin,221.519683,0.000000,NO,PASS,NOMINAL RIGID LINK ENVELOPES; TOLERANCE/COVERS/CABLES/TRACKING ERROR OPEN,NO MOTION OR SAFETY CREDIT
P05_RIGHT_WEIGHT_TRANSFER,L_hip_yaw_link,R_shoulder_pitch_link,178.616540,0.000000,NO,PASS,NOMINAL RIGID LINK ENVELOPES; TOLERANCE/COVERS/CABLES/TRACKING ERROR OPEN,NO MOTION OR SAFETY CREDIT
P05_RIGHT_WEIGHT_TRANSFER,L_hip_yaw_link,R_thigh,57.293905,0.000000,NO,PASS,NOMINAL RIGID LINK ENVELOPES; TOLERANCE/COVERS/CABLES/TRACKING ERROR OPEN,NO MOTION OR SAFETY CREDIT
P05_RIGHT_WEIGHT_TRANSFER,L_hip_yaw_link,R_upper_arm,119.046687,0.000000,NO,PASS,NOMINAL RIGID LINK ENVELOPES; TOLERANCE/COVERS/CABLES/TRACKING ERROR OPEN,NO MOTION OR SAFETY CREDIT
P05_RIGHT_WEIGHT_TRANSFER,L_hip_yaw_link,head,228.929000,0.000000,NO,PASS,NOMINAL RIGID LINK ENVELOPES; TOLERANCE/COVERS/CABLES/TRACKING ERROR OPEN,NO MOTION OR SAFETY CREDIT
P05_RIGHT_WEIGHT_TRANSFER,L_hip_yaw_link,neck_pan_link,180.687474,0.000000,NO,PASS,NOMINAL RIGID LINK ENVELOPES; TOLERANCE/COVERS/CABLES/TRACKING ERROR OPEN,NO MOTION OR SAFETY CREDIT
P05_RIGHT_WEIGHT_TRANSFER,L_hip_yaw_link,torso,30.791000,0.000000,NO,PASS,NOMINAL RIGID LINK ENVELOPES; TOLERANCE/COVERS/CABLES/TRACKING ERROR OPEN,NO MOTION OR SAFETY CREDIT
P05_RIGHT_WEIGHT_TRANSFER,L_shin,L_shoulder_pitch_link,396.339043,0.000000,NO,PASS,NOMINAL RIGID LINK ENVELOPES; TOLERANCE/COVERS/CABLES/TRACKING ERROR OPEN,NO MOTION OR SAFETY CREDIT
P05_RIGHT_WEIGHT_TRANSFER,L_shin,L_upper_arm,271.636218,0.000000,NO,PASS,NOMINAL RIGID LINK ENVELOPES; TOLERANCE/COVERS/CABLES/TRACKING ERROR OPEN,NO MOTION OR SAFETY CREDIT
P05_RIGHT_WEIGHT_TRANSFER,L_shin,R_ankle_pitch_link,41.233876,0.000000,NO,PASS,NOMINAL RIGID LINK ENVELOPES; TOLERANCE/COVERS/CABLES/TRACKING ERROR OPEN,NO MOTION OR SAFETY CREDIT
P05_RIGHT_WEIGHT_TRANSFER,L_shin,R_foot,46.829554,0.000000,NO,PASS,NOMINAL RIGID LINK ENVELOPES; TOLERANCE/COVERS/CABLES/TRACKING ERROR OPEN,NO MOTION OR SAFETY CREDIT
P05_RIGHT_WEIGHT_TRANSFER,L_shin,R_forearm,253.990131,0.000000,NO,PASS,NOMINAL RIGID LINK ENVELOPES; TOLERANCE/COVERS/CABLES/TRACKING ERROR OPEN,NO MOTION OR SAFETY CREDIT
P05_RIGHT_WEIGHT_TRANSFER,L_shin,R_gripper,268.769947,0.000000,NO,PASS,NOMINAL RIGID LINK ENVELOPES; TOLERANCE/COVERS/CABLES/TRACKING ERROR OPEN,NO MOTION OR SAFETY CREDIT
P05_RIGHT_WEIGHT_TRANSFER,L_shin,R_hand,263.436479,0.000000,NO,PASS,NOMINAL RIGID LINK ENVELOPES; TOLERANCE/COVERS/CABLES/TRACKING ERROR OPEN,NO MOTION OR SAFETY CREDIT
P05_RIGHT_WEIGHT_TRANSFER,L_shin,R_hip_roll_link,229.640324,0.000000,NO,PASS,NOMINAL RIGID LINK ENVELOPES; TOLERANCE/COVERS/CABLES/TRACKING ERROR OPEN,NO MOTION OR SAFETY CREDIT
P05_RIGHT_WEIGHT_TRANSFER,L_shin,R_hip_yaw_link,242.046703,0.000000,NO,PASS,NOMINAL RIGID LINK ENVELOPES; TOLERANCE/COVERS/CABLES/TRACKING ERROR OPEN,NO MOTION OR SAFETY CREDIT
P05_RIGHT_WEIGHT_TRANSFER,L_shin,R_shin,55.626983,0.000000,NO,PASS,NOMINAL RIGID LINK ENVELOPES; TOLERANCE/COVERS/CABLES/TRACKING ERROR OPEN,NO MOTION OR SAFETY CREDIT
P05_RIGHT_WEIGHT_TRANSFER,L_shin,R_shoulder_pitch_link,423.699488,0.000000,NO,PASS,NOMINAL RIGID LINK ENVELOPES; TOLERANCE/COVERS/CABLES/TRACKING ERROR OPEN,NO MOTION OR SAFETY CREDIT
P05_RIGHT_WEIGHT_TRANSFER,L_shin,R_thigh,108.836447,0.000000,NO,PASS,NOMINAL RIGID LINK ENVELOPES; TOLERANCE/COVERS/CABLES/TRACKING ERROR OPEN,NO MOTION OR SAFETY CREDIT
P05_RIGHT_WEIGHT_TRANSFER,L_shin,R_upper_arm,310.510652,0.000000,NO,PASS,NOMINAL RIGID LINK ENVELOPES; TOLERANCE/COVERS/CABLES/TRACKING ERROR OPEN,NO MOTION OR SAFETY CREDIT
P05_RIGHT_WEIGHT_TRANSFER,L_shin,base_link,199.155043,0.000000,NO,PASS,NOMINAL RIGID LINK ENVELOPES; TOLERANCE/COVERS/CABLES/TRACKING ERROR OPEN,NO MOTION OR SAFETY CREDIT
P05_RIGHT_WEIGHT_TRANSFER,L_shin,head,490.381043,0.000000,NO,PASS,NOMINAL RIGID LINK ENVELOPES; TOLERANCE/COVERS/CABLES/TRACKING ERROR OPEN,NO MOTION OR SAFETY CREDIT
P05_RIGHT_WEIGHT_TRANSFER,L_shin,neck_pan_link,443.772369,0.000000,NO,PASS,NOMINAL RIGID LINK ENVELOPES; TOLERANCE/COVERS/CABLES/TRACKING ERROR OPEN,NO MOTION OR SAFETY CREDIT
P05_RIGHT_WEIGHT_TRANSFER,L_shin,torso,292.243043,0.000000,NO,PASS,NOMINAL RIGID LINK ENVELOPES; TOLERANCE/COVERS/CABLES/TRACKING ERROR OPEN,NO MOTION OR SAFETY CREDIT
P05_RIGHT_WEIGHT_TRANSFER,L_shoulder_pitch_link,L_thigh,166.949339,0.000000,NO,PASS,NOMINAL RIGID LINK ENVELOPES; TOLERANCE/COVERS/CABLES/TRACKING ERROR OPEN,NO MOTION OR SAFETY CREDIT
P05_RIGHT_WEIGHT_TRANSFER,L_shoulder_pitch_link,R_ankle_pitch_link,477.211164,0.000000,NO,PASS,NOMINAL RIGID LINK ENVELOPES; TOLERANCE/COVERS/CABLES/TRACKING ERROR OPEN,NO MOTION OR SAFETY CREDIT
P05_RIGHT_WEIGHT_TRANSFER,L_shoulder_pitch_link,R_foot,521.547235,0.000000,NO,PASS,NOMINAL RIGID LINK ENVELOPES; TOLERANCE/COVERS/CABLES/TRACKING ERROR OPEN,NO MOTION OR SAFETY CREDIT
P05_RIGHT_WEIGHT_TRANSFER,L_shoulder_pitch_link,R_forearm,261.019344,0.000000,NO,PASS,NOMINAL RIGID LINK ENVELOPES; TOLERANCE/COVERS/CABLES/TRACKING ERROR OPEN,NO MOTION OR SAFETY CREDIT
P05_RIGHT_WEIGHT_TRANSFER,L_shoulder_pitch_link,R_gripper,395.893048,0.000000,NO,PASS,NOMINAL RIGID LINK ENVELOPES; TOLERANCE/COVERS/CABLES/TRACKING ERROR OPEN,NO MOTION OR SAFETY CREDIT
P05_RIGHT_WEIGHT_TRANSFER,L_shoulder_pitch_link,R_hand,367.769693,0.000000,NO,PASS,NOMINAL RIGID LINK ENVELOPES; TOLERANCE/COVERS/CABLES/TRACKING ERROR OPEN,NO MOTION OR SAFETY CREDIT
P05_RIGHT_WEIGHT_TRANSFER,L_shoulder_pitch_link,R_hip_roll_link,181.876321,0.000000,NO,PASS,NOMINAL RIGID LINK ENVELOPES; TOLERANCE/COVERS/CABLES/TRACKING ERROR OPEN,NO MOTION OR SAFETY CREDIT
P05_RIGHT_WEIGHT_TRANSFER,L_shoulder_pitch_link,R_hip_yaw_link,179.159086,0.000000,NO,PASS,NOMINAL RIGID LINK ENVELOPES; TOLERANCE/COVERS/CABLES/TRACKING ERROR OPEN,NO MOTION OR SAFETY CREDIT
P05_RIGHT_WEIGHT_TRANSFER,L_shoulder_pitch_link,R_shin,400.616594,0.000000,NO,PASS,NOMINAL RIGID LINK ENVELOPES; TOLERANCE/COVERS/CABLES/TRACKING ERROR OPEN,NO MOTION OR SAFETY CREDIT
P05_RIGHT_WEIGHT_TRANSFER,L_shoulder_pitch_link,R_shoulder_pitch_link,170.000000,0.000000,NO,PASS,NOMINAL RIGID LINK ENVELOPES; TOLERANCE/COVERS/CABLES/TRACKING ERROR OPEN,NO MOTION OR SAFETY CREDIT
P05_RIGHT_WEIGHT_TRANSFER,L_shoulder_pitch_link,R_thigh,190.564166,0.000000,NO,PASS,NOMINAL RIGID LINK ENVELOPES; TOLERANCE/COVERS/CABLES/TRACKING ERROR OPEN,NO MOTION OR SAFETY CREDIT
P05_RIGHT_WEIGHT_TRANSFER,L_shoulder_pitch_link,R_upper_arm,171.566076,0.000000,NO,PASS,NOMINAL RIGID LINK ENVELOPES; TOLERANCE/COVERS/CABLES/TRACKING ERROR OPEN,NO MOTION OR SAFETY CREDIT
P05_RIGHT_WEIGHT_TRANSFER,L_shoulder_pitch_link,base_link,127.632715,0.000000,NO,PASS,NOMINAL RIGID LINK ENVELOPES; TOLERANCE/COVERS/CABLES/TRACKING ERROR OPEN,NO MOTION OR SAFETY CREDIT
P05_RIGHT_WEIGHT_TRANSFER,L_shoulder_pitch_link,head,41.599028,0.000000,NO,PASS,NOMINAL RIGID LINK ENVELOPES; TOLERANCE/COVERS/CABLES/TRACKING ERROR OPEN,NO MOTION OR SAFETY CREDIT
P05_RIGHT_WEIGHT_TRANSFER,L_shoulder_pitch_link,neck_pan_link,59.699000,0.000000,NO,PASS,NOMINAL RIGID LINK ENVELOPES; TOLERANCE/COVERS/CABLES/TRACKING ERROR OPEN,NO MOTION OR SAFETY CREDIT
P05_RIGHT_WEIGHT_TRANSFER,L_thigh,L_upper_arm,42.246513,0.000000,NO,PASS,NOMINAL RIGID LINK ENVELOPES; TOLERANCE/COVERS/CABLES/TRACKING ERROR OPEN,NO MOTION OR SAFETY CREDIT
P05_RIGHT_WEIGHT_TRANSFER,L_thigh,R_ankle_pitch_link,158.826134,0.000000,NO,PASS,NOMINAL RIGID LINK ENVELOPES; TOLERANCE/COVERS/CABLES/TRACKING ERROR OPEN,NO MOTION OR SAFETY CREDIT
P05_RIGHT_WEIGHT_TRANSFER,L_thigh,R_foot,204.610665,0.000000,NO,PASS,NOMINAL RIGID LINK ENVELOPES; TOLERANCE/COVERS/CABLES/TRACKING ERROR OPEN,NO MOTION OR SAFETY CREDIT
P05_RIGHT_WEIGHT_TRANSFER,L_thigh,R_forearm,177.018028,0.000000,NO,PASS,NOMINAL RIGID LINK ENVELOPES; TOLERANCE/COVERS/CABLES/TRACKING ERROR OPEN,NO MOTION OR SAFETY CREDIT
P05_RIGHT_WEIGHT_TRANSFER,L_thigh,R_gripper,224.530804,0.000000,NO,PASS,NOMINAL RIGID LINK ENVELOPES; TOLERANCE/COVERS/CABLES/TRACKING ERROR OPEN,NO MOTION OR SAFETY CREDIT
P05_RIGHT_WEIGHT_TRANSFER,L_thigh,R_hand,209.771322,0.000000,NO,PASS,NOMINAL RIGID LINK ENVELOPES; TOLERANCE/COVERS/CABLES/TRACKING ERROR OPEN,NO MOTION OR SAFETY CREDIT
P05_RIGHT_WEIGHT_TRANSFER,L_thigh,R_hip_roll_link,56.984969,0.000000,NO,PASS,NOMINAL RIGID LINK ENVELOPES; TOLERANCE/COVERS/CABLES/TRACKING ERROR OPEN,NO MOTION OR SAFETY CREDIT
P05_RIGHT_WEIGHT_TRANSFER,L_thigh,R_hip_yaw_link,59.064332,0.000000,NO,PASS,NOMINAL RIGID LINK ENVELOPES; TOLERANCE/COVERS/CABLES/TRACKING ERROR OPEN,NO MOTION OR SAFETY CREDIT
P05_RIGHT_WEIGHT_TRANSFER,L_thigh,R_shin,81.905141,0.000000,NO,PASS,NOMINAL RIGID LINK ENVELOPES; TOLERANCE/COVERS/CABLES/TRACKING ERROR OPEN,NO MOTION OR SAFETY CREDIT
P05_RIGHT_WEIGHT_TRANSFER,L_thigh,R_shoulder_pitch_link,200.565950,0.000000,NO,PASS,NOMINAL RIGID LINK ENVELOPES; TOLERANCE/COVERS/CABLES/TRACKING ERROR OPEN,NO MOTION OR SAFETY CREDIT
P05_RIGHT_WEIGHT_TRANSFER,L_thigh,R_thigh,49.626983,0.000000,NO,PASS,NOMINAL RIGID LINK ENVELOPES; TOLERANCE/COVERS/CABLES/TRACKING ERROR OPEN,NO MOTION OR SAFETY CREDIT
P05_RIGHT_WEIGHT_TRANSFER,L_thigh,R_upper_arm,120.195793,0.000000,NO,PASS,NOMINAL RIGID LINK ENVELOPES; TOLERANCE/COVERS/CABLES/TRACKING ERROR OPEN,NO MOTION OR SAFETY CREDIT
P05_RIGHT_WEIGHT_TRANSFER,L_thigh,head,260.991339,0.000000,NO,PASS,NOMINAL RIGID LINK ENVELOPES; TOLERANCE/COVERS/CABLES/TRACKING ERROR OPEN,NO MOTION OR SAFETY CREDIT
P05_RIGHT_WEIGHT_TRANSFER,L_thigh,neck_pan_link,212.624039,0.000000,NO,PASS,NOMINAL RIGID LINK ENVELOPES; TOLERANCE/COVERS/CABLES/TRACKING ERROR OPEN,NO MOTION OR SAFETY CREDIT
P05_RIGHT_WEIGHT_TRANSFER,L_thigh,torso,62.853339,0.000000,NO,PASS,NOMINAL RIGID LINK ENVELOPES; TOLERANCE/COVERS/CABLES/TRACKING ERROR OPEN,NO MOTION OR SAFETY CREDIT
P05_RIGHT_WEIGHT_TRANSFER,L_upper_arm,R_ankle_pitch_link,354.470603,0.000000,NO,PASS,NOMINAL RIGID LINK ENVELOPES; TOLERANCE/COVERS/CABLES/TRACKING ERROR OPEN,NO MOTION OR SAFETY CREDIT
P05_RIGHT_WEIGHT_TRANSFER,L_upper_arm,R_foot,398.046088,0.000000,NO,PASS,NOMINAL RIGID LINK ENVELOPES; TOLERANCE/COVERS/CABLES/TRACKING ERROR OPEN,NO MOTION OR SAFETY CREDIT
P05_RIGHT_WEIGHT_TRANSFER,L_upper_arm,R_forearm,239.013015,0.000000,NO,PASS,NOMINAL RIGID LINK ENVELOPES; TOLERANCE/COVERS/CABLES/TRACKING ERROR OPEN,NO MOTION OR SAFETY CREDIT
P05_RIGHT_WEIGHT_TRANSFER,L_upper_arm,R_gripper,324.231027,0.000000,NO,PASS,NOMINAL RIGID LINK ENVELOPES; TOLERANCE/COVERS/CABLES/TRACKING ERROR OPEN,NO MOTION OR SAFETY CREDIT
P05_RIGHT_WEIGHT_TRANSFER,L_upper_arm,R_hand,299.760993,0.000000,NO,PASS,NOMINAL RIGID LINK ENVELOPES; TOLERANCE/COVERS/CABLES/TRACKING ERROR OPEN,NO MOTION OR SAFETY CREDIT
P05_RIGHT_WEIGHT_TRANSFER,L_upper_arm,R_hip_roll_link,119.987513,0.000000,NO,PASS,NOMINAL RIGID LINK ENVELOPES; TOLERANCE/COVERS/CABLES/TRACKING ERROR OPEN,NO MOTION OR SAFETY CREDIT
P05_RIGHT_WEIGHT_TRANSFER,L_upper_arm,R_hip_yaw_link,121.486938,0.000000,NO,PASS,NOMINAL RIGID LINK ENVELOPES; TOLERANCE/COVERS/CABLES/TRACKING ERROR OPEN,NO MOTION OR SAFETY CREDIT
P05_RIGHT_WEIGHT_TRANSFER,L_upper_arm,R_shin,278.518508,0.000000,NO,PASS,NOMINAL RIGID LINK ENVELOPES; TOLERANCE/COVERS/CABLES/TRACKING ERROR OPEN,NO MOTION OR SAFETY CREDIT
P05_RIGHT_WEIGHT_TRANSFER,L_upper_arm,R_shoulder_pitch_link,173.146319,0.000000,NO,PASS,NOMINAL RIGID LINK ENVELOPES; TOLERANCE/COVERS/CABLES/TRACKING ERROR OPEN,NO MOTION OR SAFETY CREDIT
P05_RIGHT_WEIGHT_TRANSFER,L_upper_arm,R_thigh,103.997491,0.000000,NO,PASS,NOMINAL RIGID LINK ENVELOPES; TOLERANCE/COVERS/CABLES/TRACKING ERROR OPEN,NO MOTION OR SAFETY CREDIT
P05_RIGHT_WEIGHT_TRANSFER,L_upper_arm,R_upper_arm,174.712395,0.000000,NO,PASS,NOMINAL RIGID LINK ENVELOPES; TOLERANCE/COVERS/CABLES/TRACKING ERROR OPEN,NO MOTION OR SAFETY CREDIT
P05_RIGHT_WEIGHT_TRANSFER,L_upper_arm,base_link,44.787349,0.000000,NO,PASS,NOMINAL RIGID LINK ENVELOPES; TOLERANCE/COVERS/CABLES/TRACKING ERROR OPEN,NO MOTION OR SAFETY CREDIT
P05_RIGHT_WEIGHT_TRANSFER,L_upper_arm,head,65.063298,0.000000,NO,PASS,NOMINAL RIGID LINK ENVELOPES; TOLERANCE/COVERS/CABLES/TRACKING ERROR OPEN,NO MOTION OR SAFETY CREDIT
P05_RIGHT_WEIGHT_TRANSFER,L_upper_arm,neck_pan_link,64.559295,0.000000,NO,PASS,NOMINAL RIGID LINK ENVELOPES; TOLERANCE/COVERS/CABLES/TRACKING ERROR OPEN,NO MOTION OR SAFETY CREDIT
P05_RIGHT_WEIGHT_TRANSFER,R_ankle_pitch_link,R_forearm,234.816670,0.000000,NO,PASS,NOMINAL RIGID LINK ENVELOPES; TOLERANCE/COVERS/CABLES/TRACKING ERROR OPEN,NO MOTION OR SAFETY CREDIT
P05_RIGHT_WEIGHT_TRANSFER,R_ankle_pitch_link,R_gripper,199.769921,0.000000,NO,PASS,NOMINAL RIGID LINK ENVELOPES; TOLERANCE/COVERS/CABLES/TRACKING ERROR OPEN,NO MOTION OR SAFETY CREDIT
P05_RIGHT_WEIGHT_TRANSFER,R_ankle_pitch_link,R_hand,213.287628,0.000000,NO,PASS,NOMINAL RIGID LINK ENVELOPES; TOLERANCE/COVERS/CABLES/TRACKING ERROR OPEN,NO MOTION OR SAFETY CREDIT
P05_RIGHT_WEIGHT_TRANSFER,R_ankle_pitch_link,R_hip_roll_link,285.684511,0.000000,NO,PASS,NOMINAL RIGID LINK ENVELOPES; TOLERANCE/COVERS/CABLES/TRACKING ERROR OPEN,NO MOTION OR SAFETY CREDIT
P05_RIGHT_WEIGHT_TRANSFER,R_ankle_pitch_link,R_hip_yaw_link,298.351809,0.000000,NO,PASS,NOMINAL RIGID LINK ENVELOPES; TOLERANCE/COVERS/CABLES/TRACKING ERROR OPEN,NO MOTION OR SAFETY CREDIT
P05_RIGHT_WEIGHT_TRANSFER,R_ankle_pitch_link,R_shoulder_pitch_link,474.684312,0.000000,NO,PASS,NOMINAL RIGID LINK ENVELOPES; TOLERANCE/COVERS/CABLES/TRACKING ERROR OPEN,NO MOTION OR SAFETY CREDIT
P05_RIGHT_WEIGHT_TRANSFER,R_ankle_pitch_link,R_thigh,158.804907,0.000000,NO,PASS,NOMINAL RIGID LINK ENVELOPES; TOLERANCE/COVERS/CABLES/TRACKING ERROR OPEN,NO MOTION OR SAFETY CREDIT
P05_RIGHT_WEIGHT_TRANSFER,R_ankle_pitch_link,R_upper_arm,350.156659,0.000000,NO,PASS,NOMINAL RIGID LINK ENVELOPES; TOLERANCE/COVERS/CABLES/TRACKING ERROR OPEN,NO MOTION OR SAFETY CREDIT
P05_RIGHT_WEIGHT_TRANSFER,R_ankle_pitch_link,base_link,276.054809,0.000000,NO,PASS,NOMINAL RIGID LINK ENVELOPES; TOLERANCE/COVERS/CABLES/TRACKING ERROR OPEN,NO MOTION OR SAFETY CREDIT
P05_RIGHT_WEIGHT_TRANSFER,R_ankle_pitch_link,head,567.280809,0.000000,NO,PASS,NOMINAL RIGID LINK ENVELOPES; TOLERANCE/COVERS/CABLES/TRACKING ERROR OPEN,NO MOTION OR SAFETY CREDIT
P05_RIGHT_WEIGHT_TRANSFER,R_ankle_pitch_link,neck_pan_link,518.911809,0.000000,NO,PASS,NOMINAL RIGID LINK ENVELOPES; TOLERANCE/COVERS/CABLES/TRACKING ERROR OPEN,NO MOTION OR SAFETY CREDIT
P05_RIGHT_WEIGHT_TRANSFER,R_ankle_pitch_link,torso,369.142809,0.000000,NO,PASS,NOMINAL RIGID LINK ENVELOPES; TOLERANCE/COVERS/CABLES/TRACKING ERROR OPEN,NO MOTION OR SAFETY CREDIT
P05_RIGHT_WEIGHT_TRANSFER,R_foot,R_forearm,273.830029,0.000000,NO,PASS,NOMINAL RIGID LINK ENVELOPES; TOLERANCE/COVERS/CABLES/TRACKING ERROR OPEN,NO MOTION OR SAFETY CREDIT
P05_RIGHT_WEIGHT_TRANSFER,R_foot,R_gripper,227.367235,0.000000,NO,PASS,NOMINAL RIGID LINK ENVELOPES; TOLERANCE/COVERS/CABLES/TRACKING ERROR OPEN,NO MOTION OR SAFETY CREDIT
P05_RIGHT_WEIGHT_TRANSFER,R_foot,R_hand,246.070751,0.000000,NO,PASS,NOMINAL RIGID LINK ENVELOPES; TOLERANCE/COVERS/CABLES/TRACKING ERROR OPEN,NO MOTION OR SAFETY CREDIT
P05_RIGHT_WEIGHT_TRANSFER,R_foot,R_hip_roll_link,331.490269,0.000000,NO,PASS,NOMINAL RIGID LINK ENVELOPES; TOLERANCE/COVERS/CABLES/TRACKING ERROR OPEN,NO MOTION OR SAFETY CREDIT
P05_RIGHT_WEIGHT_TRANSFER,R_foot,R_hip_yaw_link,344.157568,0.000000,NO,PASS,NOMINAL RIGID LINK ENVELOPES; TOLERANCE/COVERS/CABLES/TRACKING ERROR OPEN,NO MOTION OR SAFETY CREDIT
P05_RIGHT_WEIGHT_TRANSFER,R_foot,R_shoulder_pitch_link,519.852301,0.000000,NO,PASS,NOMINAL RIGID LINK ENVELOPES; TOLERANCE/COVERS/CABLES/TRACKING ERROR OPEN,NO MOTION OR SAFETY CREDIT
P05_RIGHT_WEIGHT_TRANSFER,R_foot,R_thigh,204.610665,0.000000,NO,PASS,NOMINAL RIGID LINK ENVELOPES; TOLERANCE/COVERS/CABLES/TRACKING ERROR OPEN,NO MOTION OR SAFETY CREDIT
P05_RIGHT_WEIGHT_TRANSFER,R_foot,R_upper_arm,395.012183,0.000000,NO,PASS,NOMINAL RIGID LINK ENVELOPES; TOLERANCE/COVERS/CABLES/TRACKING ERROR OPEN,NO MOTION OR SAFETY CREDIT
P05_RIGHT_WEIGHT_TRANSFER,R_foot,base_link,321.860568,0.000000,NO,PASS,NOMINAL RIGID LINK ENVELOPES; TOLERANCE/COVERS/CABLES/TRACKING ERROR OPEN,NO MOTION OR SAFETY CREDIT
P05_RIGHT_WEIGHT_TRANSFER,R_foot,head,613.086568,0.000000,NO,PASS,NOMINAL RIGID LINK ENVELOPES; TOLERANCE/COVERS/CABLES/TRACKING ERROR OPEN,NO MOTION OR SAFETY CREDIT
P05_RIGHT_WEIGHT_TRANSFER,R_foot,neck_pan_link,564.717568,0.000000,NO,PASS,NOMINAL RIGID LINK ENVELOPES; TOLERANCE/COVERS/CABLES/TRACKING ERROR OPEN,NO MOTION OR SAFETY CREDIT
P05_RIGHT_WEIGHT_TRANSFER,R_foot,torso,414.948568,0.000000,NO,PASS,NOMINAL RIGID LINK ENVELOPES; TOLERANCE/COVERS/CABLES/TRACKING ERROR OPEN,NO MOTION OR SAFETY CREDIT
P05_RIGHT_WEIGHT_TRANSFER,R_forearm,R_gripper,24.853000,0.000000,NO,PASS,NOMINAL RIGID LINK ENVELOPES; TOLERANCE/COVERS/CABLES/TRACKING ERROR OPEN,NO MOTION OR SAFETY CREDIT
P05_RIGHT_WEIGHT_TRANSFER,R_forearm,R_hip_roll_link,55.874332,0.000000,NO,PASS,NOMINAL RIGID LINK ENVELOPES; TOLERANCE/COVERS/CABLES/TRACKING ERROR OPEN,NO MOTION OR SAFETY CREDIT
P05_RIGHT_WEIGHT_TRANSFER,R_forearm,R_hip_yaw_link,57.953696,0.000000,NO,PASS,NOMINAL RIGID LINK ENVELOPES; TOLERANCE/COVERS/CABLES/TRACKING ERROR OPEN,NO MOTION OR SAFETY CREDIT
P05_RIGHT_WEIGHT_TRANSFER,R_forearm,R_shin,161.932602,0.000000,NO,PASS,NOMINAL RIGID LINK ENVELOPES; TOLERANCE/COVERS/CABLES/TRACKING ERROR OPEN,NO MOTION OR SAFETY CREDIT
P05_RIGHT_WEIGHT_TRANSFER,R_forearm,R_shoulder_pitch_link,114.747923,0.000000,NO,PASS,NOMINAL RIGID LINK ENVELOPES; TOLERANCE/COVERS/CABLES/TRACKING ERROR OPEN,NO MOTION OR SAFETY CREDIT
P05_RIGHT_WEIGHT_TRANSFER,R_forearm,R_thigh,52.018028,0.000000,NO,PASS,NOMINAL RIGID LINK ENVELOPES; TOLERANCE/COVERS/CABLES/TRACKING ERROR OPEN,NO MOTION OR SAFETY CREDIT
P05_RIGHT_WEIGHT_TRANSFER,R_forearm,base_link,70.173696,0.000000,NO,PASS,NOMINAL RIGID LINK ENVELOPES; TOLERANCE/COVERS/CABLES/TRACKING ERROR OPEN,NO MOTION OR SAFETY CREDIT
P05_RIGHT_WEIGHT_TRANSFER,R_forearm,head,218.510342,0.000000,NO,PASS,NOMINAL RIGID LINK ENVELOPES; TOLERANCE/COVERS/CABLES/TRACKING ERROR OPEN,NO MOTION OR SAFETY CREDIT
P05_RIGHT_WEIGHT_TRANSFER,R_forearm,neck_pan_link,199.301141,0.000000,NO,PASS,NOMINAL RIGID LINK ENVELOPES; TOLERANCE/COVERS/CABLES/TRACKING ERROR OPEN,NO MOTION OR SAFETY CREDIT
P05_RIGHT_WEIGHT_TRANSFER,R_forearm,torso,55.693338,0.000000,NO,PASS,NOMINAL RIGID LINK ENVELOPES; TOLERANCE/COVERS/CABLES/TRACKING ERROR OPEN,NO MOTION OR SAFETY CREDIT
P05_RIGHT_WEIGHT_TRANSFER,R_gripper,R_hip_roll_link,136.353340,0.000000,NO,PASS,NOMINAL RIGID LINK ENVELOPES; TOLERANCE/COVERS/CABLES/TRACKING ERROR OPEN,NO MOTION OR SAFETY CREDIT
P05_RIGHT_WEIGHT_TRANSFER,R_gripper,R_hip_yaw_link,146.421447,0.000000,NO,PASS,NOMINAL RIGID LINK ENVELOPES; TOLERANCE/COVERS/CABLES/TRACKING ERROR OPEN,NO MOTION OR SAFETY CREDIT
P05_RIGHT_WEIGHT_TRANSFER,R_gripper,R_shin,148.560664,0.000000,NO,PASS,NOMINAL RIGID LINK ENVELOPES; TOLERANCE/COVERS/CABLES/TRACKING ERROR OPEN,NO MOTION OR SAFETY CREDIT
P05_RIGHT_WEIGHT_TRANSFER,R_gripper,R_shoulder_pitch_link,286.027843,0.000000,NO,PASS,NOMINAL RIGID LINK ENVELOPES; TOLERANCE/COVERS/CABLES/TRACKING ERROR OPEN,NO MOTION OR SAFETY CREDIT
P05_RIGHT_WEIGHT_TRANSFER,R_gripper,R_thigh,99.530804,0.000000,NO,PASS,NOMINAL RIGID LINK ENVELOPES; TOLERANCE/COVERS/CABLES/TRACKING ERROR OPEN,NO MOTION OR SAFETY CREDIT
P05_RIGHT_WEIGHT_TRANSFER,R_gripper,R_upper_arm,154.526768,0.000000,NO,PASS,NOMINAL RIGID LINK ENVELOPES; TOLERANCE/COVERS/CABLES/TRACKING ERROR OPEN,NO MOTION OR SAFETY CREDIT
P05_RIGHT_WEIGHT_TRANSFER,R_gripper,base_link,141.894330,0.000000,NO,PASS,NOMINAL RIGID LINK ENVELOPES; TOLERANCE/COVERS/CABLES/TRACKING ERROR OPEN,NO MOTION OR SAFETY CREDIT
P05_RIGHT_WEIGHT_TRANSFER,R_gripper,head,389.708093,0.000000,NO,PASS,NOMINAL RIGID LINK ENVELOPES; TOLERANCE/COVERS/CABLES/TRACKING ERROR OPEN,NO MOTION OR SAFETY CREDIT
P05_RIGHT_WEIGHT_TRANSFER,R_gripper,neck_pan_link,364.085053,0.000000,NO,PASS,NOMINAL RIGID LINK ENVELOPES; TOLERANCE/COVERS/CABLES/TRACKING ERROR OPEN,NO MOTION OR SAFETY CREDIT
P05_RIGHT_WEIGHT_TRANSFER,R_gripper,torso,200.621694,0.000000,NO,PASS,NOMINAL RIGID LINK ENVELOPES; TOLERANCE/COVERS/CABLES/TRACKING ERROR OPEN,NO MOTION OR SAFETY CREDIT
P05_RIGHT_WEIGHT_TRANSFER,R_hand,R_hip_roll_link,109.108760,0.000000,NO,PASS,NOMINAL RIGID LINK ENVELOPES; TOLERANCE/COVERS/CABLES/TRACKING ERROR OPEN,NO MOTION OR SAFETY CREDIT
P05_RIGHT_WEIGHT_TRANSFER,R_hand,R_hip_yaw_link,118.534133,0.000000,NO,PASS,NOMINAL RIGID LINK ENVELOPES; TOLERANCE/COVERS/CABLES/TRACKING ERROR OPEN,NO MOTION OR SAFETY CREDIT
P05_RIGHT_WEIGHT_TRANSFER,R_hand,R_shin,151.398929,0.000000,NO,PASS,NOMINAL RIGID LINK ENVELOPES; TOLERANCE/COVERS/CABLES/TRACKING ERROR OPEN,NO MOTION OR SAFETY CREDIT
P05_RIGHT_WEIGHT_TRANSFER,R_hand,R_shoulder_pitch_link,257.942147,0.000000,NO,PASS,NOMINAL RIGID LINK ENVELOPES; TOLERANCE/COVERS/CABLES/TRACKING ERROR OPEN,NO MOTION OR SAFETY CREDIT
P05_RIGHT_WEIGHT_TRANSFER,R_hand,R_thigh,84.771322,0.000000,NO,PASS,NOMINAL RIGID LINK ENVELOPES; TOLERANCE/COVERS/CABLES/TRACKING ERROR OPEN,NO MOTION OR SAFETY CREDIT
P05_RIGHT_WEIGHT_TRANSFER,R_hand,R_upper_arm,127.112197,0.000000,NO,PASS,NOMINAL RIGID LINK ENVELOPES; TOLERANCE/COVERS/CABLES/TRACKING ERROR OPEN,NO MOTION OR SAFETY CREDIT
P05_RIGHT_WEIGHT_TRANSFER,R_hand,base_link,116.236488,0.000000,NO,PASS,NOMINAL RIGID LINK ENVELOPES; TOLERANCE/COVERS/CABLES/TRACKING ERROR OPEN,NO MOTION OR SAFETY CREDIT
P05_RIGHT_WEIGHT_TRANSFER,R_hand,head,361.167517,0.000000,NO,PASS,NOMINAL RIGID LINK ENVELOPES; TOLERANCE/COVERS/CABLES/TRACKING ERROR OPEN,NO MOTION OR SAFETY CREDIT
P05_RIGHT_WEIGHT_TRANSFER,R_hand,neck_pan_link,334.857949,0.000000,NO,PASS,NOMINAL RIGID LINK ENVELOPES; TOLERANCE/COVERS/CABLES/TRACKING ERROR OPEN,NO MOTION OR SAFETY CREDIT
P05_RIGHT_WEIGHT_TRANSFER,R_hand,torso,171.365111,0.000000,NO,PASS,NOMINAL RIGID LINK ENVELOPES; TOLERANCE/COVERS/CABLES/TRACKING ERROR OPEN,NO MOTION OR SAFETY CREDIT
P05_RIGHT_WEIGHT_TRANSFER,R_hip_roll_link,R_shin,208.784745,0.000000,NO,PASS,NOMINAL RIGID LINK ENVELOPES; TOLERANCE/COVERS/CABLES/TRACKING ERROR OPEN,NO MOTION OR SAFETY CREDIT
P05_RIGHT_WEIGHT_TRANSFER,R_hip_roll_link,R_shoulder_pitch_link,140.219701,0.000000,NO,PASS,NOMINAL RIGID LINK ENVELOPES; TOLERANCE/COVERS/CABLES/TRACKING ERROR OPEN,NO MOTION OR SAFETY CREDIT
P05_RIGHT_WEIGHT_TRANSFER,R_hip_roll_link,R_upper_arm,34.446303,0.000000,NO,PASS,NOMINAL RIGID LINK ENVELOPES; TOLERANCE/COVERS/CABLES/TRACKING ERROR OPEN,NO MOTION OR SAFETY CREDIT
P05_RIGHT_WEIGHT_TRANSFER,R_hip_roll_link,head,234.261701,0.000000,NO,PASS,NOMINAL RIGID LINK ENVELOPES; TOLERANCE/COVERS/CABLES/TRACKING ERROR OPEN,NO MOTION OR SAFETY CREDIT
P05_RIGHT_WEIGHT_TRANSFER,R_hip_roll_link,neck_pan_link,185.904957,0.000000,NO,PASS,NOMINAL RIGID LINK ENVELOPES; TOLERANCE/COVERS/CABLES/TRACKING ERROR OPEN,NO MOTION OR SAFETY CREDIT
P05_RIGHT_WEIGHT_TRANSFER,R_hip_roll_link,torso,36.123701,0.000000,NO,PASS,NOMINAL RIGID LINK ENVELOPES; TOLERANCE/COVERS/CABLES/TRACKING ERROR OPEN,NO MOTION OR SAFETY CREDIT
P05_RIGHT_WEIGHT_TRANSFER,R_hip_yaw_link,R_shin,221.452043,0.000000,NO,PASS,NOMINAL RIGID LINK ENVELOPES; TOLERANCE/COVERS/CABLES/TRACKING ERROR OPEN,NO MOTION OR SAFETY CREDIT
P05_RIGHT_WEIGHT_TRANSFER,R_hip_yaw_link,R_shoulder_pitch_link,134.887000,0.000000,NO,PASS,NOMINAL RIGID LINK ENVELOPES; TOLERANCE/COVERS/CABLES/TRACKING ERROR OPEN,NO MOTION OR SAFETY CREDIT
P05_RIGHT_WEIGHT_TRANSFER,R_hip_yaw_link,R_upper_arm,27.845341,0.000000,NO,PASS,NOMINAL RIGID LINK ENVELOPES; TOLERANCE/COVERS/CABLES/TRACKING ERROR OPEN,NO MOTION OR SAFETY CREDIT
P05_RIGHT_WEIGHT_TRANSFER,R_hip_yaw_link,head,228.929000,0.000000,NO,PASS,NOMINAL RIGID LINK ENVELOPES; TOLERANCE/COVERS/CABLES/TRACKING ERROR OPEN,NO MOTION OR SAFETY CREDIT
P05_RIGHT_WEIGHT_TRANSFER,R_hip_yaw_link,neck_pan_link,180.609167,0.000000,NO,PASS,NOMINAL RIGID LINK ENVELOPES; TOLERANCE/COVERS/CABLES/TRACKING ERROR OPEN,NO MOTION OR SAFETY CREDIT
P05_RIGHT_WEIGHT_TRANSFER,R_hip_yaw_link,torso,30.791000,0.000000,NO,PASS,NOMINAL RIGID LINK ENVELOPES; TOLERANCE/COVERS/CABLES/TRACKING ERROR OPEN,NO MOTION OR SAFETY CREDIT
P05_RIGHT_WEIGHT_TRANSFER,R_shin,R_shoulder_pitch_link,397.113474,0.000000,NO,PASS,NOMINAL RIGID LINK ENVELOPES; TOLERANCE/COVERS/CABLES/TRACKING ERROR OPEN,NO MOTION OR SAFETY CREDIT
P05_RIGHT_WEIGHT_TRANSFER,R_shin,R_upper_arm,272.402644,0.000000,NO,PASS,NOMINAL RIGID LINK ENVELOPES; TOLERANCE/COVERS/CABLES/TRACKING ERROR OPEN,NO MOTION OR SAFETY CREDIT
P05_RIGHT_WEIGHT_TRANSFER,R_shin,base_link,199.155043,0.000000,NO,PASS,NOMINAL RIGID LINK ENVELOPES; TOLERANCE/COVERS/CABLES/TRACKING ERROR OPEN,NO MOTION OR SAFETY CREDIT
P05_RIGHT_WEIGHT_TRANSFER,R_shin,head,490.381043,0.000000,NO,PASS,NOMINAL RIGID LINK ENVELOPES; TOLERANCE/COVERS/CABLES/TRACKING ERROR OPEN,NO MOTION OR SAFETY CREDIT
P05_RIGHT_WEIGHT_TRANSFER,R_shin,neck_pan_link,442.012043,0.000000,NO,PASS,NOMINAL RIGID LINK ENVELOPES; TOLERANCE/COVERS/CABLES/TRACKING ERROR OPEN,NO MOTION OR SAFETY CREDIT
P05_RIGHT_WEIGHT_TRANSFER,R_shin,torso,292.243043,0.000000,NO,PASS,NOMINAL RIGID LINK ENVELOPES; TOLERANCE/COVERS/CABLES/TRACKING ERROR OPEN,NO MOTION OR SAFETY CREDIT
P05_RIGHT_WEIGHT_TRANSFER,R_shoulder_pitch_link,R_thigh,166.949339,0.000000,NO,PASS,NOMINAL RIGID LINK ENVELOPES; TOLERANCE/COVERS/CABLES/TRACKING ERROR OPEN,NO MOTION OR SAFETY CREDIT
P05_RIGHT_WEIGHT_TRANSFER,R_shoulder_pitch_link,base_link,127.256906,0.000000,NO,PASS,NOMINAL RIGID LINK ENVELOPES; TOLERANCE/COVERS/CABLES/TRACKING ERROR OPEN,NO MOTION OR SAFETY CREDIT
P05_RIGHT_WEIGHT_TRANSFER,R_shoulder_pitch_link,head,39.537647,0.000000,NO,PASS,NOMINAL RIGID LINK ENVELOPES; TOLERANCE/COVERS/CABLES/TRACKING ERROR OPEN,NO MOTION OR SAFETY CREDIT
P05_RIGHT_WEIGHT_TRANSFER,R_shoulder_pitch_link,neck_pan_link,56.301000,0.000000,NO,PASS,NOMINAL RIGID LINK ENVELOPES; TOLERANCE/COVERS/CABLES/TRACKING ERROR OPEN,NO MOTION OR SAFETY CREDIT
P05_RIGHT_WEIGHT_TRANSFER,R_thigh,R_upper_arm,41.735050,0.000000,NO,PASS,NOMINAL RIGID LINK ENVELOPES; TOLERANCE/COVERS/CABLES/TRACKING ERROR OPEN,NO MOTION OR SAFETY CREDIT
P05_RIGHT_WEIGHT_TRANSFER,R_thigh,head,260.991339,0.000000,NO,PASS,NOMINAL RIGID LINK ENVELOPES; TOLERANCE/COVERS/CABLES/TRACKING ERROR OPEN,NO MOTION OR SAFETY CREDIT
P05_RIGHT_WEIGHT_TRANSFER,R_thigh,neck_pan_link,212.622339,0.000000,NO,PASS,NOMINAL RIGID LINK ENVELOPES; TOLERANCE/COVERS/CABLES/TRACKING ERROR OPEN,NO MOTION OR SAFETY CREDIT
P05_RIGHT_WEIGHT_TRANSFER,R_thigh,torso,62.853339,0.000000,NO,PASS,NOMINAL RIGID LINK ENVELOPES; TOLERANCE/COVERS/CABLES/TRACKING ERROR OPEN,NO MOTION OR SAFETY CREDIT
P05_RIGHT_WEIGHT_TRANSFER,R_upper_arm,base_link,36.982922,0.000000,NO,PASS,NOMINAL RIGID LINK ENVELOPES; TOLERANCE/COVERS/CABLES/TRACKING ERROR OPEN,NO MOTION OR SAFETY CREDIT
P05_RIGHT_WEIGHT_TRANSFER,R_upper_arm,head,64.295743,0.000000,NO,PASS,NOMINAL RIGID LINK ENVELOPES; TOLERANCE/COVERS/CABLES/TRACKING ERROR OPEN,NO MOTION OR SAFETY CREDIT
P05_RIGHT_WEIGHT_TRANSFER,R_upper_arm,neck_pan_link,59.852691,0.000000,NO,PASS,NOMINAL RIGID LINK ENVELOPES; TOLERANCE/COVERS/CABLES/TRACKING ERROR OPEN,NO MOTION OR SAFETY CREDIT
P05_RIGHT_WEIGHT_TRANSFER,base_link,head,221.226000,0.000000,NO,PASS,NOMINAL RIGID LINK ENVELOPES; TOLERANCE/COVERS/CABLES/TRACKING ERROR OPEN,NO MOTION OR SAFETY CREDIT
P05_RIGHT_WEIGHT_TRANSFER,base_link,neck_pan_link,172.857000,0.000000,NO,PASS,NOMINAL RIGID LINK ENVELOPES; TOLERANCE/COVERS/CABLES/TRACKING ERROR OPEN,NO MOTION OR SAFETY CREDIT
P05_RIGHT_WEIGHT_TRANSFER,head,torso,43.138000,0.000000,NO,PASS,NOMINAL RIGID LINK ENVELOPES; TOLERANCE/COVERS/CABLES/TRACKING ERROR OPEN,NO MOTION OR SAFETY CREDIT
P06_LEFT_FOOT_LIFT,L_ankle_pitch_link,L_forearm,202.969371,0.000000,NO,PASS,NOMINAL RIGID LINK ENVELOPES; TOLERANCE/COVERS/CABLES/TRACKING ERROR OPEN,NO MOTION OR SAFETY CREDIT
P06_LEFT_FOOT_LIFT,L_ankle_pitch_link,L_gripper,133.961125,0.000000,NO,PASS,NOMINAL RIGID LINK ENVELOPES; TOLERANCE/COVERS/CABLES/TRACKING ERROR OPEN,NO MOTION OR SAFETY CREDIT
P06_LEFT_FOOT_LIFT,L_ankle_pitch_link,L_hand,161.277962,0.000000,NO,PASS,NOMINAL RIGID LINK ENVELOPES; TOLERANCE/COVERS/CABLES/TRACKING ERROR OPEN,NO MOTION OR SAFETY CREDIT
P06_LEFT_FOOT_LIFT,L_ankle_pitch_link,L_hip_roll_link,278.444367,0.000000,NO,PASS,NOMINAL RIGID LINK ENVELOPES; TOLERANCE/COVERS/CABLES/TRACKING ERROR OPEN,NO MOTION OR SAFETY CREDIT
P06_LEFT_FOOT_LIFT,L_ankle_pitch_link,L_hip_yaw_link,291.111666,0.000000,NO,PASS,NOMINAL RIGID LINK ENVELOPES; TOLERANCE/COVERS/CABLES/TRACKING ERROR OPEN,NO MOTION OR SAFETY CREDIT
P06_LEFT_FOOT_LIFT,L_ankle_pitch_link,L_shoulder_pitch_link,465.998666,0.000000,NO,PASS,NOMINAL RIGID LINK ENVELOPES; TOLERANCE/COVERS/CABLES/TRACKING ERROR OPEN,NO MOTION OR SAFETY CREDIT
P06_LEFT_FOOT_LIFT,L_ankle_pitch_link,L_thigh,148.038169,0.000000,NO,PASS,NOMINAL RIGID LINK ENVELOPES; TOLERANCE/COVERS/CABLES/TRACKING ERROR OPEN,NO MOTION OR SAFETY CREDIT
P06_LEFT_FOOT_LIFT,L_ankle_pitch_link,L_upper_arm,341.295840,0.000000,NO,PASS,NOMINAL RIGID LINK ENVELOPES; TOLERANCE/COVERS/CABLES/TRACKING ERROR OPEN,NO MOTION OR SAFETY CREDIT
P06_LEFT_FOOT_LIFT,L_ankle_pitch_link,R_ankle_pitch_link,52.379800,0.000000,NO,PASS,NOMINAL RIGID LINK ENVELOPES; TOLERANCE/COVERS/CABLES/TRACKING ERROR OPEN,NO MOTION OR SAFETY CREDIT
P06_LEFT_FOOT_LIFT,L_ankle_pitch_link,R_foot,41.966401,0.000000,NO,PASS,NOMINAL RIGID LINK ENVELOPES; TOLERANCE/COVERS/CABLES/TRACKING ERROR OPEN,NO MOTION OR SAFETY CREDIT
P06_LEFT_FOOT_LIFT,L_ankle_pitch_link,R_forearm,304.940388,0.000000,NO,PASS,NOMINAL RIGID LINK ENVELOPES; TOLERANCE/COVERS/CABLES/TRACKING ERROR OPEN,NO MOTION OR SAFETY CREDIT
P06_LEFT_FOOT_LIFT,L_ankle_pitch_link,R_gripper,301.140586,0.000000,NO,PASS,NOMINAL RIGID LINK ENVELOPES; TOLERANCE/COVERS/CABLES/TRACKING ERROR OPEN,NO MOTION OR SAFETY CREDIT
P06_LEFT_FOOT_LIFT,L_ankle_pitch_link,R_hand,303.532188,0.000000,NO,PASS,NOMINAL RIGID LINK ENVELOPES; TOLERANCE/COVERS/CABLES/TRACKING ERROR OPEN,NO MOTION OR SAFETY CREDIT
P06_LEFT_FOOT_LIFT,L_ankle_pitch_link,R_hip_roll_link,298.212511,0.000000,NO,PASS,NOMINAL RIGID LINK ENVELOPES; TOLERANCE/COVERS/CABLES/TRACKING ERROR OPEN,NO MOTION OR SAFETY CREDIT
P06_LEFT_FOOT_LIFT,L_ankle_pitch_link,R_hip_yaw_link,310.795401,0.000000,NO,PASS,NOMINAL RIGID LINK ENVELOPES; TOLERANCE/COVERS/CABLES/TRACKING ERROR OPEN,NO MOTION OR SAFETY CREDIT
P06_LEFT_FOOT_LIFT,L_ankle_pitch_link,R_shin,49.321304,0.000000,NO,PASS,NOMINAL RIGID LINK ENVELOPES; TOLERANCE/COVERS/CABLES/TRACKING ERROR OPEN,NO MOTION OR SAFETY CREDIT
P06_LEFT_FOOT_LIFT,L_ankle_pitch_link,R_shoulder_pitch_link,493.005751,0.000000,NO,PASS,NOMINAL RIGID LINK ENVELOPES; TOLERANCE/COVERS/CABLES/TRACKING ERROR OPEN,NO MOTION OR SAFETY CREDIT
P06_LEFT_FOOT_LIFT,L_ankle_pitch_link,R_thigh,172.715770,0.000000,NO,PASS,NOMINAL RIGID LINK ENVELOPES; TOLERANCE/COVERS/CABLES/TRACKING ERROR OPEN,NO MOTION OR SAFETY CREDIT
P06_LEFT_FOOT_LIFT,L_ankle_pitch_link,R_upper_arm,377.545269,0.000000,NO,PASS,NOMINAL RIGID LINK ENVELOPES; TOLERANCE/COVERS/CABLES/TRACKING ERROR OPEN,NO MOTION OR SAFETY CREDIT
P06_LEFT_FOOT_LIFT,L_ankle_pitch_link,base_link,268.819592,0.000000,NO,PASS,NOMINAL RIGID LINK ENVELOPES; TOLERANCE/COVERS/CABLES/TRACKING ERROR OPEN,NO MOTION OR SAFETY CREDIT
P06_LEFT_FOOT_LIFT,L_ankle_pitch_link,head,560.051388,0.000000,NO,PASS,NOMINAL RIGID LINK ENVELOPES; TOLERANCE/COVERS/CABLES/TRACKING ERROR OPEN,NO MOTION OR SAFETY CREDIT
P06_LEFT_FOOT_LIFT,L_ankle_pitch_link,neck_pan_link,514.170833,0.000000,NO,PASS,NOMINAL RIGID LINK ENVELOPES; TOLERANCE/COVERS/CABLES/TRACKING ERROR OPEN,NO MOTION OR SAFETY CREDIT
P06_LEFT_FOOT_LIFT,L_ankle_pitch_link,torso,361.902666,0.000000,NO,PASS,NOMINAL RIGID LINK ENVELOPES; TOLERANCE/COVERS/CABLES/TRACKING ERROR OPEN,NO MOTION OR SAFETY CREDIT
P06_LEFT_FOOT_LIFT,L_foot,L_forearm,248.775130,0.000000,NO,PASS,NOMINAL RIGID LINK ENVELOPES; TOLERANCE/COVERS/CABLES/TRACKING ERROR OPEN,NO MOTION OR SAFETY CREDIT
P06_LEFT_FOOT_LIFT,L_foot,L_gripper,174.618694,0.000000,NO,PASS,NOMINAL RIGID LINK ENVELOPES; TOLERANCE/COVERS/CABLES/TRACKING ERROR OPEN,NO MOTION OR SAFETY CREDIT
P06_LEFT_FOOT_LIFT,L_foot,L_hand,204.689676,0.000000,NO,PASS,NOMINAL RIGID LINK ENVELOPES; TOLERANCE/COVERS/CABLES/TRACKING ERROR OPEN,NO MOTION OR SAFETY CREDIT
P06_LEFT_FOOT_LIFT,L_foot,L_hip_roll_link,324.250126,0.000000,NO,PASS,NOMINAL RIGID LINK ENVELOPES; TOLERANCE/COVERS/CABLES/TRACKING ERROR OPEN,NO MOTION OR SAFETY CREDIT
P06_LEFT_FOOT_LIFT,L_foot,L_hip_yaw_link,336.917424,0.000000,NO,PASS,NOMINAL RIGID LINK ENVELOPES; TOLERANCE/COVERS/CABLES/TRACKING ERROR OPEN,NO MOTION OR SAFETY CREDIT
P06_LEFT_FOOT_LIFT,L_foot,L_shoulder_pitch_link,511.804424,0.000000,NO,PASS,NOMINAL RIGID LINK ENVELOPES; TOLERANCE/COVERS/CABLES/TRACKING ERROR OPEN,NO MOTION OR SAFETY CREDIT
P06_LEFT_FOOT_LIFT,L_foot,L_thigh,193.843927,0.000000,NO,PASS,NOMINAL RIGID LINK ENVELOPES; TOLERANCE/COVERS/CABLES/TRACKING ERROR OPEN,NO MOTION OR SAFETY CREDIT
P06_LEFT_FOOT_LIFT,L_foot,L_upper_arm,387.101598,0.000000,NO,PASS,NOMINAL RIGID LINK ENVELOPES; TOLERANCE/COVERS/CABLES/TRACKING ERROR OPEN,NO MOTION OR SAFETY CREDIT
P06_LEFT_FOOT_LIFT,L_foot,R_ankle_pitch_link,44.331352,0.000000,NO,PASS,NOMINAL RIGID LINK ENVELOPES; TOLERANCE/COVERS/CABLES/TRACKING ERROR OPEN,NO MOTION OR SAFETY CREDIT
P06_LEFT_FOOT_LIFT,L_foot,R_foot,33.917953,0.000000,NO,PASS,NOMINAL RIGID LINK ENVELOPES; TOLERANCE/COVERS/CABLES/TRACKING ERROR OPEN,NO MOTION OR SAFETY CREDIT
P06_LEFT_FOOT_LIFT,L_foot,R_forearm,331.925718,0.000000,NO,PASS,NOMINAL RIGID LINK ENVELOPES; TOLERANCE/COVERS/CABLES/TRACKING ERROR OPEN,NO MOTION OR SAFETY CREDIT
P06_LEFT_FOOT_LIFT,L_foot,R_gripper,315.935937,0.000000,NO,PASS,NOMINAL RIGID LINK ENVELOPES; TOLERANCE/COVERS/CABLES/TRACKING ERROR OPEN,NO MOTION OR SAFETY CREDIT
P06_LEFT_FOOT_LIFT,L_foot,R_hand,323.315660,0.000000,NO,PASS,NOMINAL RIGID LINK ENVELOPES; TOLERANCE/COVERS/CABLES/TRACKING ERROR OPEN,NO MOTION OR SAFETY CREDIT
P06_LEFT_FOOT_LIFT,L_foot,R_hip_roll_link,338.945013,0.000000,NO,PASS,NOMINAL RIGID LINK ENVELOPES; TOLERANCE/COVERS/CABLES/TRACKING ERROR OPEN,NO MOTION OR SAFETY CREDIT
P06_LEFT_FOOT_LIFT,L_foot,R_hip_yaw_link,351.672860,0.000000,NO,PASS,NOMINAL RIGID LINK ENVELOPES; TOLERANCE/COVERS/CABLES/TRACKING ERROR OPEN,NO MOTION OR SAFETY CREDIT
P06_LEFT_FOOT_LIFT,L_foot,R_shin,41.272856,0.000000,NO,PASS,NOMINAL RIGID LINK ENVELOPES; TOLERANCE/COVERS/CABLES/TRACKING ERROR OPEN,NO MOTION OR SAFETY CREDIT
P06_LEFT_FOOT_LIFT,L_foot,R_shoulder_pitch_link,534.151584,0.000000,NO,PASS,NOMINAL RIGID LINK ENVELOPES; TOLERANCE/COVERS/CABLES/TRACKING ERROR OPEN,NO MOTION OR SAFETY CREDIT
P06_LEFT_FOOT_LIFT,L_foot,R_thigh,211.058389,0.000000,NO,PASS,NOMINAL RIGID LINK ENVELOPES; TOLERANCE/COVERS/CABLES/TRACKING ERROR OPEN,NO MOTION OR SAFETY CREDIT
P06_LEFT_FOOT_LIFT,L_foot,R_upper_arm,416.302047,0.000000,NO,PASS,NOMINAL RIGID LINK ENVELOPES; TOLERANCE/COVERS/CABLES/TRACKING ERROR OPEN,NO MOTION OR SAFETY CREDIT
P06_LEFT_FOOT_LIFT,L_foot,base_link,314.620424,0.000000,NO,PASS,NOMINAL RIGID LINK ENVELOPES; TOLERANCE/COVERS/CABLES/TRACKING ERROR OPEN,NO MOTION OR SAFETY CREDIT
P06_LEFT_FOOT_LIFT,L_foot,head,605.846424,0.000000,NO,PASS,NOMINAL RIGID LINK ENVELOPES; TOLERANCE/COVERS/CABLES/TRACKING ERROR OPEN,NO MOTION OR SAFETY CREDIT
P06_LEFT_FOOT_LIFT,L_foot,neck_pan_link,559.101570,0.000000,NO,PASS,NOMINAL RIGID LINK ENVELOPES; TOLERANCE/COVERS/CABLES/TRACKING ERROR OPEN,NO MOTION OR SAFETY CREDIT
P06_LEFT_FOOT_LIFT,L_foot,torso,407.708424,0.000000,NO,PASS,NOMINAL RIGID LINK ENVELOPES; TOLERANCE/COVERS/CABLES/TRACKING ERROR OPEN,NO MOTION OR SAFETY CREDIT
P06_LEFT_FOOT_LIFT,L_forearm,L_gripper,24.853000,0.000000,NO,PASS,NOMINAL RIGID LINK ENVELOPES; TOLERANCE/COVERS/CABLES/TRACKING ERROR OPEN,NO MOTION OR SAFETY CREDIT
P06_LEFT_FOOT_LIFT,L_forearm,L_hip_roll_link,51.788610,0.000000,NO,PASS,NOMINAL RIGID LINK ENVELOPES; TOLERANCE/COVERS/CABLES/TRACKING ERROR OPEN,NO MOTION OR SAFETY CREDIT
P06_LEFT_FOOT_LIFT,L_forearm,L_hip_yaw_link,53.867973,0.000000,NO,PASS,NOMINAL RIGID LINK ENVELOPES; TOLERANCE/COVERS/CABLES/TRACKING ERROR OPEN,NO MOTION OR SAFETY CREDIT
P06_LEFT_FOOT_LIFT,L_forearm,L_shin,122.152826,0.000000,NO,PASS,NOMINAL RIGID LINK ENVELOPES; TOLERANCE/COVERS/CABLES/TRACKING ERROR OPEN,NO MOTION OR SAFETY CREDIT
P06_LEFT_FOOT_LIFT,L_forearm,L_shoulder_pitch_link,114.595113,0.000000,NO,PASS,NOMINAL RIGID LINK ENVELOPES; TOLERANCE/COVERS/CABLES/TRACKING ERROR OPEN,NO MOTION OR SAFETY CREDIT
P06_LEFT_FOOT_LIFT,L_forearm,L_thigh,54.902290,0.000000,NO,PASS,NOMINAL RIGID LINK ENVELOPES; TOLERANCE/COVERS/CABLES/TRACKING ERROR OPEN,NO MOTION OR SAFETY CREDIT
P06_LEFT_FOOT_LIFT,L_forearm,R_ankle_pitch_link,243.248568,0.000000,NO,PASS,NOMINAL RIGID LINK ENVELOPES; TOLERANCE/COVERS/CABLES/TRACKING ERROR OPEN,NO MOTION OR SAFETY CREDIT
P06_LEFT_FOOT_LIFT,L_forearm,R_foot,279.436718,0.000000,NO,PASS,NOMINAL RIGID LINK ENVELOPES; TOLERANCE/COVERS/CABLES/TRACKING ERROR OPEN,NO MOTION OR SAFETY CREDIT
P06_LEFT_FOOT_LIFT,L_forearm,R_forearm,296.821669,0.000000,NO,PASS,NOMINAL RIGID LINK ENVELOPES; TOLERANCE/COVERS/CABLES/TRACKING ERROR OPEN,NO MOTION OR SAFETY CREDIT
P06_LEFT_FOOT_LIFT,L_forearm,R_gripper,344.596083,0.000000,NO,PASS,NOMINAL RIGID LINK ENVELOPES; TOLERANCE/COVERS/CABLES/TRACKING ERROR OPEN,NO MOTION OR SAFETY CREDIT
P06_LEFT_FOOT_LIFT,L_forearm,R_hand,329.574963,0.000000,NO,PASS,NOMINAL RIGID LINK ENVELOPES; TOLERANCE/COVERS/CABLES/TRACKING ERROR OPEN,NO MOTION OR SAFETY CREDIT
P06_LEFT_FOOT_LIFT,L_forearm,R_hip_roll_link,176.788610,0.000000,NO,PASS,NOMINAL RIGID LINK ENVELOPES; TOLERANCE/COVERS/CABLES/TRACKING ERROR OPEN,NO MOTION OR SAFETY CREDIT
P06_LEFT_FOOT_LIFT,L_forearm,R_hip_yaw_link,178.867973,0.000000,NO,PASS,NOMINAL RIGID LINK ENVELOPES; TOLERANCE/COVERS/CABLES/TRACKING ERROR OPEN,NO MOTION OR SAFETY CREDIT
P06_LEFT_FOOT_LIFT,L_forearm,R_shin,178.924419,0.000000,NO,PASS,NOMINAL RIGID LINK ENVELOPES; TOLERANCE/COVERS/CABLES/TRACKING ERROR OPEN,NO MOTION OR SAFETY CREDIT
P06_LEFT_FOOT_LIFT,L_forearm,R_shoulder_pitch_link,256.969120,0.000000,NO,PASS,NOMINAL RIGID LINK ENVELOPES; TOLERANCE/COVERS/CABLES/TRACKING ERROR OPEN,NO MOTION OR SAFETY CREDIT
P06_LEFT_FOOT_LIFT,L_forearm,R_thigh,152.838703,0.000000,NO,PASS,NOMINAL RIGID LINK ENVELOPES; TOLERANCE/COVERS/CABLES/TRACKING ERROR OPEN,NO MOTION OR SAFETY CREDIT
P06_LEFT_FOOT_LIFT,L_forearm,R_upper_arm,232.521049,0.000000,NO,PASS,NOMINAL RIGID LINK ENVELOPES; TOLERANCE/COVERS/CABLES/TRACKING ERROR OPEN,NO MOTION OR SAFETY CREDIT
P06_LEFT_FOOT_LIFT,L_forearm,base_link,71.647973,0.000000,NO,PASS,NOMINAL RIGID LINK ENVELOPES; TOLERANCE/COVERS/CABLES/TRACKING ERROR OPEN,NO MOTION OR SAFETY CREDIT
P06_LEFT_FOOT_LIFT,L_forearm,head,219.378905,0.000000,NO,PASS,NOMINAL RIGID LINK ENVELOPES; TOLERANCE/COVERS/CABLES/TRACKING ERROR OPEN,NO MOTION OR SAFETY CREDIT
P06_LEFT_FOOT_LIFT,L_forearm,neck_pan_link,199.066920,0.000000,NO,PASS,NOMINAL RIGID LINK ENVELOPES; TOLERANCE/COVERS/CABLES/TRACKING ERROR OPEN,NO MOTION OR SAFETY CREDIT
P06_LEFT_FOOT_LIFT,L_forearm,torso,52.368450,0.000000,NO,PASS,NOMINAL RIGID LINK ENVELOPES; TOLERANCE/COVERS/CABLES/TRACKING ERROR OPEN,NO MOTION OR SAFETY CREDIT
P06_LEFT_FOOT_LIFT,L_gripper,L_hip_roll_link,136.353340,0.000000,NO,PASS,NOMINAL RIGID LINK ENVELOPES; TOLERANCE/COVERS/CABLES/TRACKING ERROR OPEN,NO MOTION OR SAFETY CREDIT
P06_LEFT_FOOT_LIFT,L_gripper,L_hip_yaw_link,146.421447,0.000000,NO,PASS,NOMINAL RIGID LINK ENVELOPES; TOLERANCE/COVERS/CABLES/TRACKING ERROR OPEN,NO MOTION OR SAFETY CREDIT
P06_LEFT_FOOT_LIFT,L_gripper,L_shin,63.436295,0.000000,NO,PASS,NOMINAL RIGID LINK ENVELOPES; TOLERANCE/COVERS/CABLES/TRACKING ERROR OPEN,NO MOTION OR SAFETY CREDIT
P06_LEFT_FOOT_LIFT,L_gripper,L_shoulder_pitch_link,285.817051,0.000000,NO,PASS,NOMINAL RIGID LINK ENVELOPES; TOLERANCE/COVERS/CABLES/TRACKING ERROR OPEN,NO MOTION OR SAFETY CREDIT
P06_LEFT_FOOT_LIFT,L_gripper,L_thigh,78.910149,0.000000,NO,PASS,NOMINAL RIGID LINK ENVELOPES; TOLERANCE/COVERS/CABLES/TRACKING ERROR OPEN,NO MOTION OR SAFETY CREDIT
P06_LEFT_FOOT_LIFT,L_gripper,L_upper_arm,154.553342,0.000000,NO,PASS,NOMINAL RIGID LINK ENVELOPES; TOLERANCE/COVERS/CABLES/TRACKING ERROR OPEN,NO MOTION OR SAFETY CREDIT
P06_LEFT_FOOT_LIFT,L_gripper,R_ankle_pitch_link,218.093165,0.000000,NO,PASS,NOMINAL RIGID LINK ENVELOPES; TOLERANCE/COVERS/CABLES/TRACKING ERROR OPEN,NO MOTION OR SAFETY CREDIT
P06_LEFT_FOOT_LIFT,L_gripper,R_foot,241.232668,0.000000,NO,PASS,NOMINAL RIGID LINK ENVELOPES; TOLERANCE/COVERS/CABLES/TRACKING ERROR OPEN,NO MOTION OR SAFETY CREDIT
P06_LEFT_FOOT_LIFT,L_gripper,R_forearm,348.713259,0.000000,NO,PASS,NOMINAL RIGID LINK ENVELOPES; TOLERANCE/COVERS/CABLES/TRACKING ERROR OPEN,NO MOTION OR SAFETY CREDIT
P06_LEFT_FOOT_LIFT,L_gripper,R_gripper,395.932944,0.000000,NO,PASS,NOMINAL RIGID LINK ENVELOPES; TOLERANCE/COVERS/CABLES/TRACKING ERROR OPEN,NO MOTION OR SAFETY CREDIT
P06_LEFT_FOOT_LIFT,L_gripper,R_hand,381.173462,0.000000,NO,PASS,NOMINAL RIGID LINK ENVELOPES; TOLERANCE/COVERS/CABLES/TRACKING ERROR OPEN,NO MOTION OR SAFETY CREDIT
P06_LEFT_FOOT_LIFT,L_gripper,R_hip_roll_link,245.079600,0.000000,NO,PASS,NOMINAL RIGID LINK ENVELOPES; TOLERANCE/COVERS/CABLES/TRACKING ERROR OPEN,NO MOTION OR SAFETY CREDIT
P06_LEFT_FOOT_LIFT,L_gripper,R_hip_yaw_link,251.854835,0.000000,NO,PASS,NOMINAL RIGID LINK ENVELOPES; TOLERANCE/COVERS/CABLES/TRACKING ERROR OPEN,NO MOTION OR SAFETY CREDIT
P06_LEFT_FOOT_LIFT,L_gripper,R_shin,179.444801,0.000000,NO,PASS,NOMINAL RIGID LINK ENVELOPES; TOLERANCE/COVERS/CABLES/TRACKING ERROR OPEN,NO MOTION OR SAFETY CREDIT
P06_LEFT_FOOT_LIFT,L_gripper,R_shoulder_pitch_link,395.302219,0.000000,NO,PASS,NOMINAL RIGID LINK ENVELOPES; TOLERANCE/COVERS/CABLES/TRACKING ERROR OPEN,NO MOTION OR SAFETY CREDIT
P06_LEFT_FOOT_LIFT,L_gripper,R_thigh,204.437202,0.000000,NO,PASS,NOMINAL RIGID LINK ENVELOPES; TOLERANCE/COVERS/CABLES/TRACKING ERROR OPEN,NO MOTION OR SAFETY CREDIT
P06_LEFT_FOOT_LIFT,L_gripper,R_upper_arm,321.865931,0.000000,NO,PASS,NOMINAL RIGID LINK ENVELOPES; TOLERANCE/COVERS/CABLES/TRACKING ERROR OPEN,NO MOTION OR SAFETY CREDIT
P06_LEFT_FOOT_LIFT,L_gripper,base_link,146.538691,0.000000,NO,PASS,NOMINAL RIGID LINK ENVELOPES; TOLERANCE/COVERS/CABLES/TRACKING ERROR OPEN,NO MOTION OR SAFETY CREDIT
P06_LEFT_FOOT_LIFT,L_gripper,head,391.042414,0.000000,NO,PASS,NOMINAL RIGID LINK ENVELOPES; TOLERANCE/COVERS/CABLES/TRACKING ERROR OPEN,NO MOTION OR SAFETY CREDIT
P06_LEFT_FOOT_LIFT,L_gripper,neck_pan_link,365.290813,0.000000,NO,PASS,NOMINAL RIGID LINK ENVELOPES; TOLERANCE/COVERS/CABLES/TRACKING ERROR OPEN,NO MOTION OR SAFETY CREDIT
P06_LEFT_FOOT_LIFT,L_gripper,torso,200.924276,0.000000,NO,PASS,NOMINAL RIGID LINK ENVELOPES; TOLERANCE/COVERS/CABLES/TRACKING ERROR OPEN,NO MOTION OR SAFETY CREDIT
P06_LEFT_FOOT_LIFT,L_hand,L_hip_roll_link,109.107413,0.000000,NO,PASS,NOMINAL RIGID LINK ENVELOPES; TOLERANCE/COVERS/CABLES/TRACKING ERROR OPEN,NO MOTION OR SAFETY CREDIT
P06_LEFT_FOOT_LIFT,L_hand,L_hip_yaw_link,118.532904,0.000000,NO,PASS,NOMINAL RIGID LINK ENVELOPES; TOLERANCE/COVERS/CABLES/TRACKING ERROR OPEN,NO MOTION OR SAFETY CREDIT
P06_LEFT_FOOT_LIFT,L_hand,L_shin,82.765331,0.000000,NO,PASS,NOMINAL RIGID LINK ENVELOPES; TOLERANCE/COVERS/CABLES/TRACKING ERROR OPEN,NO MOTION OR SAFETY CREDIT
P06_LEFT_FOOT_LIFT,L_hand,L_shoulder_pitch_link,257.755652,0.000000,NO,PASS,NOMINAL RIGID LINK ENVELOPES; TOLERANCE/COVERS/CABLES/TRACKING ERROR OPEN,NO MOTION OR SAFETY CREDIT
P06_LEFT_FOOT_LIFT,L_hand,L_thigh,64.148711,0.000000,NO,PASS,NOMINAL RIGID LINK ENVELOPES; TOLERANCE/COVERS/CABLES/TRACKING ERROR OPEN,NO MOTION OR SAFETY CREDIT
P06_LEFT_FOOT_LIFT,L_hand,L_upper_arm,127.322272,0.000000,NO,PASS,NOMINAL RIGID LINK ENVELOPES; TOLERANCE/COVERS/CABLES/TRACKING ERROR OPEN,NO MOTION OR SAFETY CREDIT
P06_LEFT_FOOT_LIFT,L_hand,R_ankle_pitch_link,229.021246,0.000000,NO,PASS,NOMINAL RIGID LINK ENVELOPES; TOLERANCE/COVERS/CABLES/TRACKING ERROR OPEN,NO MOTION OR SAFETY CREDIT
P06_LEFT_FOOT_LIFT,L_hand,R_foot,257.721711,0.000000,NO,PASS,NOMINAL RIGID LINK ENVELOPES; TOLERANCE/COVERS/CABLES/TRACKING ERROR OPEN,NO MOTION OR SAFETY CREDIT
P06_LEFT_FOOT_LIFT,L_hand,R_forearm,333.658729,0.000000,NO,PASS,NOMINAL RIGID LINK ENVELOPES; TOLERANCE/COVERS/CABLES/TRACKING ERROR OPEN,NO MOTION OR SAFETY CREDIT
P06_LEFT_FOOT_LIFT,L_hand,R_gripper,381.171506,0.000000,NO,PASS,NOMINAL RIGID LINK ENVELOPES; TOLERANCE/COVERS/CABLES/TRACKING ERROR OPEN,NO MOTION OR SAFETY CREDIT
P06_LEFT_FOOT_LIFT,L_hand,R_hand,366.412024,0.000000,NO,PASS,NOMINAL RIGID LINK ENVELOPES; TOLERANCE/COVERS/CABLES/TRACKING ERROR OPEN,NO MOTION OR SAFETY CREDIT
P06_LEFT_FOOT_LIFT,L_hand,R_hip_roll_link,222.903220,0.000000,NO,PASS,NOMINAL RIGID LINK ENVELOPES; TOLERANCE/COVERS/CABLES/TRACKING ERROR OPEN,NO MOTION OR SAFETY CREDIT
P06_LEFT_FOOT_LIFT,L_hand,R_hip_yaw_link,228.804082,0.000000,NO,PASS,NOMINAL RIGID LINK ENVELOPES; TOLERANCE/COVERS/CABLES/TRACKING ERROR OPEN,NO MOTION OR SAFETY CREDIT
P06_LEFT_FOOT_LIFT,L_hand,R_shin,179.119277,0.000000,NO,PASS,NOMINAL RIGID LINK ENVELOPES; TOLERANCE/COVERS/CABLES/TRACKING ERROR OPEN,NO MOTION OR SAFETY CREDIT
P06_LEFT_FOOT_LIFT,L_hand,R_shoulder_pitch_link,367.165671,0.000000,NO,PASS,NOMINAL RIGID LINK ENVELOPES; TOLERANCE/COVERS/CABLES/TRACKING ERROR OPEN,NO MOTION OR SAFETY CREDIT
P06_LEFT_FOOT_LIFT,L_hand,R_thigh,189.675764,0.000000,NO,PASS,NOMINAL RIGID LINK ENVELOPES; TOLERANCE/COVERS/CABLES/TRACKING ERROR OPEN,NO MOTION OR SAFETY CREDIT
P06_LEFT_FOOT_LIFT,L_hand,R_upper_arm,297.362563,0.000000,NO,PASS,NOMINAL RIGID LINK ENVELOPES; TOLERANCE/COVERS/CABLES/TRACKING ERROR OPEN,NO MOTION OR SAFETY CREDIT
P06_LEFT_FOOT_LIFT,L_hand,base_link,121.185821,0.000000,NO,PASS,NOMINAL RIGID LINK ENVELOPES; TOLERANCE/COVERS/CABLES/TRACKING ERROR OPEN,NO MOTION OR SAFETY CREDIT
P06_LEFT_FOOT_LIFT,L_hand,head,362.434215,0.000000,NO,PASS,NOMINAL RIGID LINK ENVELOPES; TOLERANCE/COVERS/CABLES/TRACKING ERROR OPEN,NO MOTION OR SAFETY CREDIT
P06_LEFT_FOOT_LIFT,L_hand,neck_pan_link,336.055063,0.000000,NO,PASS,NOMINAL RIGID LINK ENVELOPES; TOLERANCE/COVERS/CABLES/TRACKING ERROR OPEN,NO MOTION OR SAFETY CREDIT
P06_LEFT_FOOT_LIFT,L_hand,torso,171.667881,0.000000,NO,PASS,NOMINAL RIGID LINK ENVELOPES; TOLERANCE/COVERS/CABLES/TRACKING ERROR OPEN,NO MOTION OR SAFETY CREDIT
P06_LEFT_FOOT_LIFT,L_hip_roll_link,L_shin,197.627822,0.000000,NO,PASS,NOMINAL RIGID LINK ENVELOPES; TOLERANCE/COVERS/CABLES/TRACKING ERROR OPEN,NO MOTION OR SAFETY CREDIT
P06_LEFT_FOOT_LIFT,L_hip_roll_link,L_shoulder_pitch_link,140.219701,0.000000,NO,PASS,NOMINAL RIGID LINK ENVELOPES; TOLERANCE/COVERS/CABLES/TRACKING ERROR OPEN,NO MOTION OR SAFETY CREDIT
P06_LEFT_FOOT_LIFT,L_hip_roll_link,L_upper_arm,35.241744,0.000000,NO,PASS,NOMINAL RIGID LINK ENVELOPES; TOLERANCE/COVERS/CABLES/TRACKING ERROR OPEN,NO MOTION OR SAFETY CREDIT
P06_LEFT_FOOT_LIFT,L_hip_roll_link,R_ankle_pitch_link,285.757380,0.000000,NO,PASS,NOMINAL RIGID LINK ENVELOPES; TOLERANCE/COVERS/CABLES/TRACKING ERROR OPEN,NO MOTION OR SAFETY CREDIT
P06_LEFT_FOOT_LIFT,L_hip_roll_link,R_foot,331.490269,0.000000,NO,PASS,NOMINAL RIGID LINK ENVELOPES; TOLERANCE/COVERS/CABLES/TRACKING ERROR OPEN,NO MOTION OR SAFETY CREDIT
P06_LEFT_FOOT_LIFT,L_hip_roll_link,R_forearm,180.874332,0.000000,NO,PASS,NOMINAL RIGID LINK ENVELOPES; TOLERANCE/COVERS/CABLES/TRACKING ERROR OPEN,NO MOTION OR SAFETY CREDIT
P06_LEFT_FOOT_LIFT,L_hip_roll_link,R_gripper,245.079600,0.000000,NO,PASS,NOMINAL RIGID LINK ENVELOPES; TOLERANCE/COVERS/CABLES/TRACKING ERROR OPEN,NO MOTION OR SAFETY CREDIT
P06_LEFT_FOOT_LIFT,L_hip_roll_link,R_hand,222.904976,0.000000,NO,PASS,NOMINAL RIGID LINK ENVELOPES; TOLERANCE/COVERS/CABLES/TRACKING ERROR OPEN,NO MOTION OR SAFETY CREDIT
P06_LEFT_FOOT_LIFT,L_hip_roll_link,R_hip_roll_link,60.841274,0.000000,NO,PASS,NOMINAL RIGID LINK ENVELOPES; TOLERANCE/COVERS/CABLES/TRACKING ERROR OPEN,NO MOTION OR SAFETY CREDIT
P06_LEFT_FOOT_LIFT,L_hip_roll_link,R_hip_yaw_link,62.920637,0.000000,NO,PASS,NOMINAL RIGID LINK ENVELOPES; TOLERANCE/COVERS/CABLES/TRACKING ERROR OPEN,NO MOTION OR SAFETY CREDIT
P06_LEFT_FOOT_LIFT,L_hip_roll_link,R_shin,208.812337,0.000000,NO,PASS,NOMINAL RIGID LINK ENVELOPES; TOLERANCE/COVERS/CABLES/TRACKING ERROR OPEN,NO MOTION OR SAFETY CREDIT
P06_LEFT_FOOT_LIFT,L_hip_roll_link,R_shoulder_pitch_link,181.351375,0.000000,NO,PASS,NOMINAL RIGID LINK ENVELOPES; TOLERANCE/COVERS/CABLES/TRACKING ERROR OPEN,NO MOTION OR SAFETY CREDIT
P06_LEFT_FOOT_LIFT,L_hip_roll_link,R_thigh,58.042983,0.000000,NO,PASS,NOMINAL RIGID LINK ENVELOPES; TOLERANCE/COVERS/CABLES/TRACKING ERROR OPEN,NO MOTION OR SAFETY CREDIT
P06_LEFT_FOOT_LIFT,L_hip_roll_link,R_upper_arm,117.535497,0.000000,NO,PASS,NOMINAL RIGID LINK ENVELOPES; TOLERANCE/COVERS/CABLES/TRACKING ERROR OPEN,NO MOTION OR SAFETY CREDIT
P06_LEFT_FOOT_LIFT,L_hip_roll_link,head,234.261701,0.000000,NO,PASS,NOMINAL RIGID LINK ENVELOPES; TOLERANCE/COVERS/CABLES/TRACKING ERROR OPEN,NO MOTION OR SAFETY CREDIT
P06_LEFT_FOOT_LIFT,L_hip_roll_link,neck_pan_link,185.952276,0.000000,NO,PASS,NOMINAL RIGID LINK ENVELOPES; TOLERANCE/COVERS/CABLES/TRACKING ERROR OPEN,NO MOTION OR SAFETY CREDIT
P06_LEFT_FOOT_LIFT,L_hip_roll_link,torso,36.123701,0.000000,NO,PASS,NOMINAL RIGID LINK ENVELOPES; TOLERANCE/COVERS/CABLES/TRACKING ERROR OPEN,NO MOTION OR SAFETY CREDIT
P06_LEFT_FOOT_LIFT,L_hip_yaw_link,L_shin,210.295120,0.000000,NO,PASS,NOMINAL RIGID LINK ENVELOPES; TOLERANCE/COVERS/CABLES/TRACKING ERROR OPEN,NO MOTION OR SAFETY CREDIT
P06_LEFT_FOOT_LIFT,L_hip_yaw_link,L_shoulder_pitch_link,134.887000,0.000000,NO,PASS,NOMINAL RIGID LINK ENVELOPES; TOLERANCE/COVERS/CABLES/TRACKING ERROR OPEN,NO MOTION OR SAFETY CREDIT
P06_LEFT_FOOT_LIFT,L_hip_yaw_link,L_upper_arm,30.184319,0.000000,NO,PASS,NOMINAL RIGID LINK ENVELOPES; TOLERANCE/COVERS/CABLES/TRACKING ERROR OPEN,NO MOTION OR SAFETY CREDIT
P06_LEFT_FOOT_LIFT,L_hip_yaw_link,R_ankle_pitch_link,298.473788,0.000000,NO,PASS,NOMINAL RIGID LINK ENVELOPES; TOLERANCE/COVERS/CABLES/TRACKING ERROR OPEN,NO MOTION OR SAFETY CREDIT
P06_LEFT_FOOT_LIFT,L_hip_yaw_link,R_foot,344.157568,0.000000,NO,PASS,NOMINAL RIGID LINK ENVELOPES; TOLERANCE/COVERS/CABLES/TRACKING ERROR OPEN,NO MOTION OR SAFETY CREDIT
P06_LEFT_FOOT_LIFT,L_hip_yaw_link,R_forearm,182.953696,0.000000,NO,PASS,NOMINAL RIGID LINK ENVELOPES; TOLERANCE/COVERS/CABLES/TRACKING ERROR OPEN,NO MOTION OR SAFETY CREDIT
P06_LEFT_FOOT_LIFT,L_hip_yaw_link,R_gripper,251.854835,0.000000,NO,PASS,NOMINAL RIGID LINK ENVELOPES; TOLERANCE/COVERS/CABLES/TRACKING ERROR OPEN,NO MOTION OR SAFETY CREDIT
P06_LEFT_FOOT_LIFT,L_hip_yaw_link,R_hand,228.805787,0.000000,NO,PASS,NOMINAL RIGID LINK ENVELOPES; TOLERANCE/COVERS/CABLES/TRACKING ERROR OPEN,NO MOTION OR SAFETY CREDIT
P06_LEFT_FOOT_LIFT,L_hip_yaw_link,R_hip_roll_link,62.920637,0.000000,NO,PASS,NOMINAL RIGID LINK ENVELOPES; TOLERANCE/COVERS/CABLES/TRACKING ERROR OPEN,NO MOTION OR SAFETY CREDIT
P06_LEFT_FOOT_LIFT,L_hip_yaw_link,R_hip_yaw_link,65.000000,0.000000,NO,PASS,NOMINAL RIGID LINK ENVELOPES; TOLERANCE/COVERS/CABLES/TRACKING ERROR OPEN,NO MOTION OR SAFETY CREDIT
P06_LEFT_FOOT_LIFT,L_hip_yaw_link,R_shin,221.519683,0.000000,NO,PASS,NOMINAL RIGID LINK ENVELOPES; TOLERANCE/COVERS/CABLES/TRACKING ERROR OPEN,NO MOTION OR SAFETY CREDIT
P06_LEFT_FOOT_LIFT,L_hip_yaw_link,R_shoulder_pitch_link,178.616540,0.000000,NO,PASS,NOMINAL RIGID LINK ENVELOPES; TOLERANCE/COVERS/CABLES/TRACKING ERROR OPEN,NO MOTION OR SAFETY CREDIT
P06_LEFT_FOOT_LIFT,L_hip_yaw_link,R_thigh,57.293905,0.000000,NO,PASS,NOMINAL RIGID LINK ENVELOPES; TOLERANCE/COVERS/CABLES/TRACKING ERROR OPEN,NO MOTION OR SAFETY CREDIT
P06_LEFT_FOOT_LIFT,L_hip_yaw_link,R_upper_arm,119.046687,0.000000,NO,PASS,NOMINAL RIGID LINK ENVELOPES; TOLERANCE/COVERS/CABLES/TRACKING ERROR OPEN,NO MOTION OR SAFETY CREDIT
P06_LEFT_FOOT_LIFT,L_hip_yaw_link,head,228.929000,0.000000,NO,PASS,NOMINAL RIGID LINK ENVELOPES; TOLERANCE/COVERS/CABLES/TRACKING ERROR OPEN,NO MOTION OR SAFETY CREDIT
P06_LEFT_FOOT_LIFT,L_hip_yaw_link,neck_pan_link,180.687474,0.000000,NO,PASS,NOMINAL RIGID LINK ENVELOPES; TOLERANCE/COVERS/CABLES/TRACKING ERROR OPEN,NO MOTION OR SAFETY CREDIT
P06_LEFT_FOOT_LIFT,L_hip_yaw_link,torso,30.791000,0.000000,NO,PASS,NOMINAL RIGID LINK ENVELOPES; TOLERANCE/COVERS/CABLES/TRACKING ERROR OPEN,NO MOTION OR SAFETY CREDIT
P06_LEFT_FOOT_LIFT,L_shin,L_shoulder_pitch_link,385.182120,0.000000,NO,PASS,NOMINAL RIGID LINK ENVELOPES; TOLERANCE/COVERS/CABLES/TRACKING ERROR OPEN,NO MOTION OR SAFETY CREDIT
P06_LEFT_FOOT_LIFT,L_shin,L_upper_arm,260.479295,0.000000,NO,PASS,NOMINAL RIGID LINK ENVELOPES; TOLERANCE/COVERS/CABLES/TRACKING ERROR OPEN,NO MOTION OR SAFETY CREDIT
P06_LEFT_FOOT_LIFT,L_shin,R_ankle_pitch_link,56.671983,0.000000,NO,PASS,NOMINAL RIGID LINK ENVELOPES; TOLERANCE/COVERS/CABLES/TRACKING ERROR OPEN,NO MOTION OR SAFETY CREDIT
P06_LEFT_FOOT_LIFT,L_shin,R_foot,46.829554,0.000000,NO,PASS,NOMINAL RIGID LINK ENVELOPES; TOLERANCE/COVERS/CABLES/TRACKING ERROR OPEN,NO MOTION OR SAFETY CREDIT
P06_LEFT_FOOT_LIFT,L_shin,R_forearm,246.829980,0.000000,NO,PASS,NOMINAL RIGID LINK ENVELOPES; TOLERANCE/COVERS/CABLES/TRACKING ERROR OPEN,NO MOTION OR SAFETY CREDIT
P06_LEFT_FOOT_LIFT,L_shin,R_gripper,265.082725,0.000000,NO,PASS,NOMINAL RIGID LINK ENVELOPES; TOLERANCE/COVERS/CABLES/TRACKING ERROR OPEN,NO MOTION OR SAFETY CREDIT
P06_LEFT_FOOT_LIFT,L_shin,R_hand,258.342073,0.000000,NO,PASS,NOMINAL RIGID LINK ENVELOPES; TOLERANCE/COVERS/CABLES/TRACKING ERROR OPEN,NO MOTION OR SAFETY CREDIT
P06_LEFT_FOOT_LIFT,L_shin,R_hip_roll_link,218.824727,0.000000,NO,PASS,NOMINAL RIGID LINK ENVELOPES; TOLERANCE/COVERS/CABLES/TRACKING ERROR OPEN,NO MOTION OR SAFETY CREDIT
P06_LEFT_FOOT_LIFT,L_shin,R_hip_yaw_link,231.185205,0.000000,NO,PASS,NOMINAL RIGID LINK ENVELOPES; TOLERANCE/COVERS/CABLES/TRACKING ERROR OPEN,NO MOTION OR SAFETY CREDIT
P06_LEFT_FOOT_LIFT,L_shin,R_shin,55.626983,0.000000,NO,PASS,NOMINAL RIGID LINK ENVELOPES; TOLERANCE/COVERS/CABLES/TRACKING ERROR OPEN,NO MOTION OR SAFETY CREDIT
P06_LEFT_FOOT_LIFT,L_shin,R_shoulder_pitch_link,412.680441,0.000000,NO,PASS,NOMINAL RIGID LINK ENVELOPES; TOLERANCE/COVERS/CABLES/TRACKING ERROR OPEN,NO MOTION OR SAFETY CREDIT
P06_LEFT_FOOT_LIFT,L_shin,R_thigh,99.528870,0.000000,NO,PASS,NOMINAL RIGID LINK ENVELOPES; TOLERANCE/COVERS/CABLES/TRACKING ERROR OPEN,NO MOTION OR SAFETY CREDIT
P06_LEFT_FOOT_LIFT,L_shin,R_upper_arm,299.982574,0.000000,NO,PASS,NOMINAL RIGID LINK ENVELOPES; TOLERANCE/COVERS/CABLES/TRACKING ERROR OPEN,NO MOTION OR SAFETY CREDIT
P06_LEFT_FOOT_LIFT,L_shin,base_link,187.998120,0.000000,NO,PASS,NOMINAL RIGID LINK ENVELOPES; TOLERANCE/COVERS/CABLES/TRACKING ERROR OPEN,NO MOTION OR SAFETY CREDIT
P06_LEFT_FOOT_LIFT,L_shin,head,479.224120,0.000000,NO,PASS,NOMINAL RIGID LINK ENVELOPES; TOLERANCE/COVERS/CABLES/TRACKING ERROR OPEN,NO MOTION OR SAFETY CREDIT
P06_LEFT_FOOT_LIFT,L_shin,neck_pan_link,432.511849,0.000000,NO,PASS,NOMINAL RIGID LINK ENVELOPES; TOLERANCE/COVERS/CABLES/TRACKING ERROR OPEN,NO MOTION OR SAFETY CREDIT
P06_LEFT_FOOT_LIFT,L_shin,torso,281.086120,0.000000,NO,PASS,NOMINAL RIGID LINK ENVELOPES; TOLERANCE/COVERS/CABLES/TRACKING ERROR OPEN,NO MOTION OR SAFETY CREDIT
P06_LEFT_FOOT_LIFT,L_shoulder_pitch_link,L_thigh,160.450158,0.000000,NO,PASS,NOMINAL RIGID LINK ENVELOPES; TOLERANCE/COVERS/CABLES/TRACKING ERROR OPEN,NO MOTION OR SAFETY CREDIT
P06_LEFT_FOOT_LIFT,L_shoulder_pitch_link,R_ankle_pitch_link,477.211164,0.000000,NO,PASS,NOMINAL RIGID LINK ENVELOPES; TOLERANCE/COVERS/CABLES/TRACKING ERROR OPEN,NO MOTION OR SAFETY CREDIT
P06_LEFT_FOOT_LIFT,L_shoulder_pitch_link,R_foot,521.547235,0.000000,NO,PASS,NOMINAL RIGID LINK ENVELOPES; TOLERANCE/COVERS/CABLES/TRACKING ERROR OPEN,NO MOTION OR SAFETY CREDIT
P06_LEFT_FOOT_LIFT,L_shoulder_pitch_link,R_forearm,261.019344,0.000000,NO,PASS,NOMINAL RIGID LINK ENVELOPES; TOLERANCE/COVERS/CABLES/TRACKING ERROR OPEN,NO MOTION OR SAFETY CREDIT
P06_LEFT_FOOT_LIFT,L_shoulder_pitch_link,R_gripper,395.893048,0.000000,NO,PASS,NOMINAL RIGID LINK ENVELOPES; TOLERANCE/COVERS/CABLES/TRACKING ERROR OPEN,NO MOTION OR SAFETY CREDIT
P06_LEFT_FOOT_LIFT,L_shoulder_pitch_link,R_hand,367.769693,0.000000,NO,PASS,NOMINAL RIGID LINK ENVELOPES; TOLERANCE/COVERS/CABLES/TRACKING ERROR OPEN,NO MOTION OR SAFETY CREDIT
P06_LEFT_FOOT_LIFT,L_shoulder_pitch_link,R_hip_roll_link,181.876321,0.000000,NO,PASS,NOMINAL RIGID LINK ENVELOPES; TOLERANCE/COVERS/CABLES/TRACKING ERROR OPEN,NO MOTION OR SAFETY CREDIT
P06_LEFT_FOOT_LIFT,L_shoulder_pitch_link,R_hip_yaw_link,179.159086,0.000000,NO,PASS,NOMINAL RIGID LINK ENVELOPES; TOLERANCE/COVERS/CABLES/TRACKING ERROR OPEN,NO MOTION OR SAFETY CREDIT
P06_LEFT_FOOT_LIFT,L_shoulder_pitch_link,R_shin,400.616594,0.000000,NO,PASS,NOMINAL RIGID LINK ENVELOPES; TOLERANCE/COVERS/CABLES/TRACKING ERROR OPEN,NO MOTION OR SAFETY CREDIT
P06_LEFT_FOOT_LIFT,L_shoulder_pitch_link,R_shoulder_pitch_link,170.000000,0.000000,NO,PASS,NOMINAL RIGID LINK ENVELOPES; TOLERANCE/COVERS/CABLES/TRACKING ERROR OPEN,NO MOTION OR SAFETY CREDIT
P06_LEFT_FOOT_LIFT,L_shoulder_pitch_link,R_thigh,190.564166,0.000000,NO,PASS,NOMINAL RIGID LINK ENVELOPES; TOLERANCE/COVERS/CABLES/TRACKING ERROR OPEN,NO MOTION OR SAFETY CREDIT
P06_LEFT_FOOT_LIFT,L_shoulder_pitch_link,R_upper_arm,171.566076,0.000000,NO,PASS,NOMINAL RIGID LINK ENVELOPES; TOLERANCE/COVERS/CABLES/TRACKING ERROR OPEN,NO MOTION OR SAFETY CREDIT
P06_LEFT_FOOT_LIFT,L_shoulder_pitch_link,base_link,127.632715,0.000000,NO,PASS,NOMINAL RIGID LINK ENVELOPES; TOLERANCE/COVERS/CABLES/TRACKING ERROR OPEN,NO MOTION OR SAFETY CREDIT
P06_LEFT_FOOT_LIFT,L_shoulder_pitch_link,head,41.599028,0.000000,NO,PASS,NOMINAL RIGID LINK ENVELOPES; TOLERANCE/COVERS/CABLES/TRACKING ERROR OPEN,NO MOTION OR SAFETY CREDIT
P06_LEFT_FOOT_LIFT,L_shoulder_pitch_link,neck_pan_link,59.699000,0.000000,NO,PASS,NOMINAL RIGID LINK ENVELOPES; TOLERANCE/COVERS/CABLES/TRACKING ERROR OPEN,NO MOTION OR SAFETY CREDIT
P06_LEFT_FOOT_LIFT,L_thigh,L_upper_arm,45.814750,0.000000,NO,PASS,NOMINAL RIGID LINK ENVELOPES; TOLERANCE/COVERS/CABLES/TRACKING ERROR OPEN,NO MOTION OR SAFETY CREDIT
P06_LEFT_FOOT_LIFT,L_thigh,R_ankle_pitch_link,155.286818,0.000000,NO,PASS,NOMINAL RIGID LINK ENVELOPES; TOLERANCE/COVERS/CABLES/TRACKING ERROR OPEN,NO MOTION OR SAFETY CREDIT
P06_LEFT_FOOT_LIFT,L_thigh,R_foot,201.084071,0.000000,NO,PASS,NOMINAL RIGID LINK ENVELOPES; TOLERANCE/COVERS/CABLES/TRACKING ERROR OPEN,NO MOTION OR SAFETY CREDIT
P06_LEFT_FOOT_LIFT,L_thigh,R_forearm,176.046719,0.000000,NO,PASS,NOMINAL RIGID LINK ENVELOPES; TOLERANCE/COVERS/CABLES/TRACKING ERROR OPEN,NO MOTION OR SAFETY CREDIT
P06_LEFT_FOOT_LIFT,L_thigh,R_gripper,223.559495,0.000000,NO,PASS,NOMINAL RIGID LINK ENVELOPES; TOLERANCE/COVERS/CABLES/TRACKING ERROR OPEN,NO MOTION OR SAFETY CREDIT
P06_LEFT_FOOT_LIFT,L_thigh,R_hand,208.800013,0.000000,NO,PASS,NOMINAL RIGID LINK ENVELOPES; TOLERANCE/COVERS/CABLES/TRACKING ERROR OPEN,NO MOTION OR SAFETY CREDIT
P06_LEFT_FOOT_LIFT,L_thigh,R_hip_roll_link,56.013660,0.000000,NO,PASS,NOMINAL RIGID LINK ENVELOPES; TOLERANCE/COVERS/CABLES/TRACKING ERROR OPEN,NO MOTION OR SAFETY CREDIT
P06_LEFT_FOOT_LIFT,L_thigh,R_hip_yaw_link,58.093023,0.000000,NO,PASS,NOMINAL RIGID LINK ENVELOPES; TOLERANCE/COVERS/CABLES/TRACKING ERROR OPEN,NO MOTION OR SAFETY CREDIT
P06_LEFT_FOOT_LIFT,L_thigh,R_shin,78.378547,0.000000,NO,PASS,NOMINAL RIGID LINK ENVELOPES; TOLERANCE/COVERS/CABLES/TRACKING ERROR OPEN,NO MOTION OR SAFETY CREDIT
P06_LEFT_FOOT_LIFT,L_thigh,R_shoulder_pitch_link,194.637845,0.000000,NO,PASS,NOMINAL RIGID LINK ENVELOPES; TOLERANCE/COVERS/CABLES/TRACKING ERROR OPEN,NO MOTION OR SAFETY CREDIT
P06_LEFT_FOOT_LIFT,L_thigh,R_thigh,49.626983,0.000000,NO,PASS,NOMINAL RIGID LINK ENVELOPES; TOLERANCE/COVERS/CABLES/TRACKING ERROR OPEN,NO MOTION OR SAFETY CREDIT
P06_LEFT_FOOT_LIFT,L_thigh,R_upper_arm,117.169780,0.000000,NO,PASS,NOMINAL RIGID LINK ENVELOPES; TOLERANCE/COVERS/CABLES/TRACKING ERROR OPEN,NO MOTION OR SAFETY CREDIT
P06_LEFT_FOOT_LIFT,L_thigh,head,254.492158,0.000000,NO,PASS,NOMINAL RIGID LINK ENVELOPES; TOLERANCE/COVERS/CABLES/TRACKING ERROR OPEN,NO MOTION OR SAFETY CREDIT
P06_LEFT_FOOT_LIFT,L_thigh,neck_pan_link,206.123158,0.000000,NO,PASS,NOMINAL RIGID LINK ENVELOPES; TOLERANCE/COVERS/CABLES/TRACKING ERROR OPEN,NO MOTION OR SAFETY CREDIT
P06_LEFT_FOOT_LIFT,L_thigh,torso,56.354158,0.000000,NO,PASS,NOMINAL RIGID LINK ENVELOPES; TOLERANCE/COVERS/CABLES/TRACKING ERROR OPEN,NO MOTION OR SAFETY CREDIT
P06_LEFT_FOOT_LIFT,L_upper_arm,R_ankle_pitch_link,354.470603,0.000000,NO,PASS,NOMINAL RIGID LINK ENVELOPES; TOLERANCE/COVERS/CABLES/TRACKING ERROR OPEN,NO MOTION OR SAFETY CREDIT
P06_LEFT_FOOT_LIFT,L_upper_arm,R_foot,398.046088,0.000000,NO,PASS,NOMINAL RIGID LINK ENVELOPES; TOLERANCE/COVERS/CABLES/TRACKING ERROR OPEN,NO MOTION OR SAFETY CREDIT
P06_LEFT_FOOT_LIFT,L_upper_arm,R_forearm,239.013015,0.000000,NO,PASS,NOMINAL RIGID LINK ENVELOPES; TOLERANCE/COVERS/CABLES/TRACKING ERROR OPEN,NO MOTION OR SAFETY CREDIT
P06_LEFT_FOOT_LIFT,L_upper_arm,R_gripper,324.231027,0.000000,NO,PASS,NOMINAL RIGID LINK ENVELOPES; TOLERANCE/COVERS/CABLES/TRACKING ERROR OPEN,NO MOTION OR SAFETY CREDIT
P06_LEFT_FOOT_LIFT,L_upper_arm,R_hand,299.760993,0.000000,NO,PASS,NOMINAL RIGID LINK ENVELOPES; TOLERANCE/COVERS/CABLES/TRACKING ERROR OPEN,NO MOTION OR SAFETY CREDIT
P06_LEFT_FOOT_LIFT,L_upper_arm,R_hip_roll_link,119.987513,0.000000,NO,PASS,NOMINAL RIGID LINK ENVELOPES; TOLERANCE/COVERS/CABLES/TRACKING ERROR OPEN,NO MOTION OR SAFETY CREDIT
P06_LEFT_FOOT_LIFT,L_upper_arm,R_hip_yaw_link,121.486938,0.000000,NO,PASS,NOMINAL RIGID LINK ENVELOPES; TOLERANCE/COVERS/CABLES/TRACKING ERROR OPEN,NO MOTION OR SAFETY CREDIT
P06_LEFT_FOOT_LIFT,L_upper_arm,R_shin,278.518508,0.000000,NO,PASS,NOMINAL RIGID LINK ENVELOPES; TOLERANCE/COVERS/CABLES/TRACKING ERROR OPEN,NO MOTION OR SAFETY CREDIT
P06_LEFT_FOOT_LIFT,L_upper_arm,R_shoulder_pitch_link,173.146319,0.000000,NO,PASS,NOMINAL RIGID LINK ENVELOPES; TOLERANCE/COVERS/CABLES/TRACKING ERROR OPEN,NO MOTION OR SAFETY CREDIT
P06_LEFT_FOOT_LIFT,L_upper_arm,R_thigh,103.997491,0.000000,NO,PASS,NOMINAL RIGID LINK ENVELOPES; TOLERANCE/COVERS/CABLES/TRACKING ERROR OPEN,NO MOTION OR SAFETY CREDIT
P06_LEFT_FOOT_LIFT,L_upper_arm,R_upper_arm,174.712395,0.000000,NO,PASS,NOMINAL RIGID LINK ENVELOPES; TOLERANCE/COVERS/CABLES/TRACKING ERROR OPEN,NO MOTION OR SAFETY CREDIT
P06_LEFT_FOOT_LIFT,L_upper_arm,base_link,44.787349,0.000000,NO,PASS,NOMINAL RIGID LINK ENVELOPES; TOLERANCE/COVERS/CABLES/TRACKING ERROR OPEN,NO MOTION OR SAFETY CREDIT
P06_LEFT_FOOT_LIFT,L_upper_arm,head,65.063298,0.000000,NO,PASS,NOMINAL RIGID LINK ENVELOPES; TOLERANCE/COVERS/CABLES/TRACKING ERROR OPEN,NO MOTION OR SAFETY CREDIT
P06_LEFT_FOOT_LIFT,L_upper_arm,neck_pan_link,64.559295,0.000000,NO,PASS,NOMINAL RIGID LINK ENVELOPES; TOLERANCE/COVERS/CABLES/TRACKING ERROR OPEN,NO MOTION OR SAFETY CREDIT
P06_LEFT_FOOT_LIFT,R_ankle_pitch_link,R_forearm,234.816670,0.000000,NO,PASS,NOMINAL RIGID LINK ENVELOPES; TOLERANCE/COVERS/CABLES/TRACKING ERROR OPEN,NO MOTION OR SAFETY CREDIT
P06_LEFT_FOOT_LIFT,R_ankle_pitch_link,R_gripper,199.769921,0.000000,NO,PASS,NOMINAL RIGID LINK ENVELOPES; TOLERANCE/COVERS/CABLES/TRACKING ERROR OPEN,NO MOTION OR SAFETY CREDIT
P06_LEFT_FOOT_LIFT,R_ankle_pitch_link,R_hand,213.287628,0.000000,NO,PASS,NOMINAL RIGID LINK ENVELOPES; TOLERANCE/COVERS/CABLES/TRACKING ERROR OPEN,NO MOTION OR SAFETY CREDIT
P06_LEFT_FOOT_LIFT,R_ankle_pitch_link,R_hip_roll_link,285.684511,0.000000,NO,PASS,NOMINAL RIGID LINK ENVELOPES; TOLERANCE/COVERS/CABLES/TRACKING ERROR OPEN,NO MOTION OR SAFETY CREDIT
P06_LEFT_FOOT_LIFT,R_ankle_pitch_link,R_hip_yaw_link,298.351809,0.000000,NO,PASS,NOMINAL RIGID LINK ENVELOPES; TOLERANCE/COVERS/CABLES/TRACKING ERROR OPEN,NO MOTION OR SAFETY CREDIT
P06_LEFT_FOOT_LIFT,R_ankle_pitch_link,R_shoulder_pitch_link,474.684312,0.000000,NO,PASS,NOMINAL RIGID LINK ENVELOPES; TOLERANCE/COVERS/CABLES/TRACKING ERROR OPEN,NO MOTION OR SAFETY CREDIT
P06_LEFT_FOOT_LIFT,R_ankle_pitch_link,R_thigh,158.804907,0.000000,NO,PASS,NOMINAL RIGID LINK ENVELOPES; TOLERANCE/COVERS/CABLES/TRACKING ERROR OPEN,NO MOTION OR SAFETY CREDIT
P06_LEFT_FOOT_LIFT,R_ankle_pitch_link,R_upper_arm,350.156659,0.000000,NO,PASS,NOMINAL RIGID LINK ENVELOPES; TOLERANCE/COVERS/CABLES/TRACKING ERROR OPEN,NO MOTION OR SAFETY CREDIT
P06_LEFT_FOOT_LIFT,R_ankle_pitch_link,base_link,276.054809,0.000000,NO,PASS,NOMINAL RIGID LINK ENVELOPES; TOLERANCE/COVERS/CABLES/TRACKING ERROR OPEN,NO MOTION OR SAFETY CREDIT
P06_LEFT_FOOT_LIFT,R_ankle_pitch_link,head,567.280809,0.000000,NO,PASS,NOMINAL RIGID LINK ENVELOPES; TOLERANCE/COVERS/CABLES/TRACKING ERROR OPEN,NO MOTION OR SAFETY CREDIT
P06_LEFT_FOOT_LIFT,R_ankle_pitch_link,neck_pan_link,518.911809,0.000000,NO,PASS,NOMINAL RIGID LINK ENVELOPES; TOLERANCE/COVERS/CABLES/TRACKING ERROR OPEN,NO MOTION OR SAFETY CREDIT
P06_LEFT_FOOT_LIFT,R_ankle_pitch_link,torso,369.142809,0.000000,NO,PASS,NOMINAL RIGID LINK ENVELOPES; TOLERANCE/COVERS/CABLES/TRACKING ERROR OPEN,NO MOTION OR SAFETY CREDIT
P06_LEFT_FOOT_LIFT,R_foot,R_forearm,273.830029,0.000000,NO,PASS,NOMINAL RIGID LINK ENVELOPES; TOLERANCE/COVERS/CABLES/TRACKING ERROR OPEN,NO MOTION OR SAFETY CREDIT
P06_LEFT_FOOT_LIFT,R_foot,R_gripper,227.367235,0.000000,NO,PASS,NOMINAL RIGID LINK ENVELOPES; TOLERANCE/COVERS/CABLES/TRACKING ERROR OPEN,NO MOTION OR SAFETY CREDIT
P06_LEFT_FOOT_LIFT,R_foot,R_hand,246.070751,0.000000,NO,PASS,NOMINAL RIGID LINK ENVELOPES; TOLERANCE/COVERS/CABLES/TRACKING ERROR OPEN,NO MOTION OR SAFETY CREDIT
P06_LEFT_FOOT_LIFT,R_foot,R_hip_roll_link,331.490269,0.000000,NO,PASS,NOMINAL RIGID LINK ENVELOPES; TOLERANCE/COVERS/CABLES/TRACKING ERROR OPEN,NO MOTION OR SAFETY CREDIT
P06_LEFT_FOOT_LIFT,R_foot,R_hip_yaw_link,344.157568,0.000000,NO,PASS,NOMINAL RIGID LINK ENVELOPES; TOLERANCE/COVERS/CABLES/TRACKING ERROR OPEN,NO MOTION OR SAFETY CREDIT
P06_LEFT_FOOT_LIFT,R_foot,R_shoulder_pitch_link,519.852301,0.000000,NO,PASS,NOMINAL RIGID LINK ENVELOPES; TOLERANCE/COVERS/CABLES/TRACKING ERROR OPEN,NO MOTION OR SAFETY CREDIT
P06_LEFT_FOOT_LIFT,R_foot,R_thigh,204.610665,0.000000,NO,PASS,NOMINAL RIGID LINK ENVELOPES; TOLERANCE/COVERS/CABLES/TRACKING ERROR OPEN,NO MOTION OR SAFETY CREDIT
P06_LEFT_FOOT_LIFT,R_foot,R_upper_arm,395.012183,0.000000,NO,PASS,NOMINAL RIGID LINK ENVELOPES; TOLERANCE/COVERS/CABLES/TRACKING ERROR OPEN,NO MOTION OR SAFETY CREDIT
P06_LEFT_FOOT_LIFT,R_foot,base_link,321.860568,0.000000,NO,PASS,NOMINAL RIGID LINK ENVELOPES; TOLERANCE/COVERS/CABLES/TRACKING ERROR OPEN,NO MOTION OR SAFETY CREDIT
P06_LEFT_FOOT_LIFT,R_foot,head,613.086568,0.000000,NO,PASS,NOMINAL RIGID LINK ENVELOPES; TOLERANCE/COVERS/CABLES/TRACKING ERROR OPEN,NO MOTION OR SAFETY CREDIT
P06_LEFT_FOOT_LIFT,R_foot,neck_pan_link,564.717568,0.000000,NO,PASS,NOMINAL RIGID LINK ENVELOPES; TOLERANCE/COVERS/CABLES/TRACKING ERROR OPEN,NO MOTION OR SAFETY CREDIT
P06_LEFT_FOOT_LIFT,R_foot,torso,414.948568,0.000000,NO,PASS,NOMINAL RIGID LINK ENVELOPES; TOLERANCE/COVERS/CABLES/TRACKING ERROR OPEN,NO MOTION OR SAFETY CREDIT
P06_LEFT_FOOT_LIFT,R_forearm,R_gripper,24.853000,0.000000,NO,PASS,NOMINAL RIGID LINK ENVELOPES; TOLERANCE/COVERS/CABLES/TRACKING ERROR OPEN,NO MOTION OR SAFETY CREDIT
P06_LEFT_FOOT_LIFT,R_forearm,R_hip_roll_link,55.874332,0.000000,NO,PASS,NOMINAL RIGID LINK ENVELOPES; TOLERANCE/COVERS/CABLES/TRACKING ERROR OPEN,NO MOTION OR SAFETY CREDIT
P06_LEFT_FOOT_LIFT,R_forearm,R_hip_yaw_link,57.953696,0.000000,NO,PASS,NOMINAL RIGID LINK ENVELOPES; TOLERANCE/COVERS/CABLES/TRACKING ERROR OPEN,NO MOTION OR SAFETY CREDIT
P06_LEFT_FOOT_LIFT,R_forearm,R_shin,161.932602,0.000000,NO,PASS,NOMINAL RIGID LINK ENVELOPES; TOLERANCE/COVERS/CABLES/TRACKING ERROR OPEN,NO MOTION OR SAFETY CREDIT
P06_LEFT_FOOT_LIFT,R_forearm,R_shoulder_pitch_link,114.747923,0.000000,NO,PASS,NOMINAL RIGID LINK ENVELOPES; TOLERANCE/COVERS/CABLES/TRACKING ERROR OPEN,NO MOTION OR SAFETY CREDIT
P06_LEFT_FOOT_LIFT,R_forearm,R_thigh,52.018028,0.000000,NO,PASS,NOMINAL RIGID LINK ENVELOPES; TOLERANCE/COVERS/CABLES/TRACKING ERROR OPEN,NO MOTION OR SAFETY CREDIT
P06_LEFT_FOOT_LIFT,R_forearm,base_link,70.173696,0.000000,NO,PASS,NOMINAL RIGID LINK ENVELOPES; TOLERANCE/COVERS/CABLES/TRACKING ERROR OPEN,NO MOTION OR SAFETY CREDIT
P06_LEFT_FOOT_LIFT,R_forearm,head,218.510342,0.000000,NO,PASS,NOMINAL RIGID LINK ENVELOPES; TOLERANCE/COVERS/CABLES/TRACKING ERROR OPEN,NO MOTION OR SAFETY CREDIT
P06_LEFT_FOOT_LIFT,R_forearm,neck_pan_link,199.301141,0.000000,NO,PASS,NOMINAL RIGID LINK ENVELOPES; TOLERANCE/COVERS/CABLES/TRACKING ERROR OPEN,NO MOTION OR SAFETY CREDIT
P06_LEFT_FOOT_LIFT,R_forearm,torso,55.693338,0.000000,NO,PASS,NOMINAL RIGID LINK ENVELOPES; TOLERANCE/COVERS/CABLES/TRACKING ERROR OPEN,NO MOTION OR SAFETY CREDIT
P06_LEFT_FOOT_LIFT,R_gripper,R_hip_roll_link,136.353340,0.000000,NO,PASS,NOMINAL RIGID LINK ENVELOPES; TOLERANCE/COVERS/CABLES/TRACKING ERROR OPEN,NO MOTION OR SAFETY CREDIT
P06_LEFT_FOOT_LIFT,R_gripper,R_hip_yaw_link,146.421447,0.000000,NO,PASS,NOMINAL RIGID LINK ENVELOPES; TOLERANCE/COVERS/CABLES/TRACKING ERROR OPEN,NO MOTION OR SAFETY CREDIT
P06_LEFT_FOOT_LIFT,R_gripper,R_shin,148.560664,0.000000,NO,PASS,NOMINAL RIGID LINK ENVELOPES; TOLERANCE/COVERS/CABLES/TRACKING ERROR OPEN,NO MOTION OR SAFETY CREDIT
P06_LEFT_FOOT_LIFT,R_gripper,R_shoulder_pitch_link,286.027843,0.000000,NO,PASS,NOMINAL RIGID LINK ENVELOPES; TOLERANCE/COVERS/CABLES/TRACKING ERROR OPEN,NO MOTION OR SAFETY CREDIT
P06_LEFT_FOOT_LIFT,R_gripper,R_thigh,99.530804,0.000000,NO,PASS,NOMINAL RIGID LINK ENVELOPES; TOLERANCE/COVERS/CABLES/TRACKING ERROR OPEN,NO MOTION OR SAFETY CREDIT
P06_LEFT_FOOT_LIFT,R_gripper,R_upper_arm,154.526768,0.000000,NO,PASS,NOMINAL RIGID LINK ENVELOPES; TOLERANCE/COVERS/CABLES/TRACKING ERROR OPEN,NO MOTION OR SAFETY CREDIT
P06_LEFT_FOOT_LIFT,R_gripper,base_link,141.894330,0.000000,NO,PASS,NOMINAL RIGID LINK ENVELOPES; TOLERANCE/COVERS/CABLES/TRACKING ERROR OPEN,NO MOTION OR SAFETY CREDIT
P06_LEFT_FOOT_LIFT,R_gripper,head,389.708093,0.000000,NO,PASS,NOMINAL RIGID LINK ENVELOPES; TOLERANCE/COVERS/CABLES/TRACKING ERROR OPEN,NO MOTION OR SAFETY CREDIT
P06_LEFT_FOOT_LIFT,R_gripper,neck_pan_link,364.085053,0.000000,NO,PASS,NOMINAL RIGID LINK ENVELOPES; TOLERANCE/COVERS/CABLES/TRACKING ERROR OPEN,NO MOTION OR SAFETY CREDIT
P06_LEFT_FOOT_LIFT,R_gripper,torso,200.621694,0.000000,NO,PASS,NOMINAL RIGID LINK ENVELOPES; TOLERANCE/COVERS/CABLES/TRACKING ERROR OPEN,NO MOTION OR SAFETY CREDIT
P06_LEFT_FOOT_LIFT,R_hand,R_hip_roll_link,109.108760,0.000000,NO,PASS,NOMINAL RIGID LINK ENVELOPES; TOLERANCE/COVERS/CABLES/TRACKING ERROR OPEN,NO MOTION OR SAFETY CREDIT
P06_LEFT_FOOT_LIFT,R_hand,R_hip_yaw_link,118.534133,0.000000,NO,PASS,NOMINAL RIGID LINK ENVELOPES; TOLERANCE/COVERS/CABLES/TRACKING ERROR OPEN,NO MOTION OR SAFETY CREDIT
P06_LEFT_FOOT_LIFT,R_hand,R_shin,151.398929,0.000000,NO,PASS,NOMINAL RIGID LINK ENVELOPES; TOLERANCE/COVERS/CABLES/TRACKING ERROR OPEN,NO MOTION OR SAFETY CREDIT
P06_LEFT_FOOT_LIFT,R_hand,R_shoulder_pitch_link,257.942147,0.000000,NO,PASS,NOMINAL RIGID LINK ENVELOPES; TOLERANCE/COVERS/CABLES/TRACKING ERROR OPEN,NO MOTION OR SAFETY CREDIT
P06_LEFT_FOOT_LIFT,R_hand,R_thigh,84.771322,0.000000,NO,PASS,NOMINAL RIGID LINK ENVELOPES; TOLERANCE/COVERS/CABLES/TRACKING ERROR OPEN,NO MOTION OR SAFETY CREDIT
P06_LEFT_FOOT_LIFT,R_hand,R_upper_arm,127.112197,0.000000,NO,PASS,NOMINAL RIGID LINK ENVELOPES; TOLERANCE/COVERS/CABLES/TRACKING ERROR OPEN,NO MOTION OR SAFETY CREDIT
P06_LEFT_FOOT_LIFT,R_hand,base_link,116.236488,0.000000,NO,PASS,NOMINAL RIGID LINK ENVELOPES; TOLERANCE/COVERS/CABLES/TRACKING ERROR OPEN,NO MOTION OR SAFETY CREDIT
P06_LEFT_FOOT_LIFT,R_hand,head,361.167517,0.000000,NO,PASS,NOMINAL RIGID LINK ENVELOPES; TOLERANCE/COVERS/CABLES/TRACKING ERROR OPEN,NO MOTION OR SAFETY CREDIT
P06_LEFT_FOOT_LIFT,R_hand,neck_pan_link,334.857949,0.000000,NO,PASS,NOMINAL RIGID LINK ENVELOPES; TOLERANCE/COVERS/CABLES/TRACKING ERROR OPEN,NO MOTION OR SAFETY CREDIT
P06_LEFT_FOOT_LIFT,R_hand,torso,171.365111,0.000000,NO,PASS,NOMINAL RIGID LINK ENVELOPES; TOLERANCE/COVERS/CABLES/TRACKING ERROR OPEN,NO MOTION OR SAFETY CREDIT
P06_LEFT_FOOT_LIFT,R_hip_roll_link,R_shin,208.784745,0.000000,NO,PASS,NOMINAL RIGID LINK ENVELOPES; TOLERANCE/COVERS/CABLES/TRACKING ERROR OPEN,NO MOTION OR SAFETY CREDIT
P06_LEFT_FOOT_LIFT,R_hip_roll_link,R_shoulder_pitch_link,140.219701,0.000000,NO,PASS,NOMINAL RIGID LINK ENVELOPES; TOLERANCE/COVERS/CABLES/TRACKING ERROR OPEN,NO MOTION OR SAFETY CREDIT
P06_LEFT_FOOT_LIFT,R_hip_roll_link,R_upper_arm,34.446303,0.000000,NO,PASS,NOMINAL RIGID LINK ENVELOPES; TOLERANCE/COVERS/CABLES/TRACKING ERROR OPEN,NO MOTION OR SAFETY CREDIT
P06_LEFT_FOOT_LIFT,R_hip_roll_link,head,234.261701,0.000000,NO,PASS,NOMINAL RIGID LINK ENVELOPES; TOLERANCE/COVERS/CABLES/TRACKING ERROR OPEN,NO MOTION OR SAFETY CREDIT
P06_LEFT_FOOT_LIFT,R_hip_roll_link,neck_pan_link,185.904957,0.000000,NO,PASS,NOMINAL RIGID LINK ENVELOPES; TOLERANCE/COVERS/CABLES/TRACKING ERROR OPEN,NO MOTION OR SAFETY CREDIT
P06_LEFT_FOOT_LIFT,R_hip_roll_link,torso,36.123701,0.000000,NO,PASS,NOMINAL RIGID LINK ENVELOPES; TOLERANCE/COVERS/CABLES/TRACKING ERROR OPEN,NO MOTION OR SAFETY CREDIT
P06_LEFT_FOOT_LIFT,R_hip_yaw_link,R_shin,221.452043,0.000000,NO,PASS,NOMINAL RIGID LINK ENVELOPES; TOLERANCE/COVERS/CABLES/TRACKING ERROR OPEN,NO MOTION OR SAFETY CREDIT
P06_LEFT_FOOT_LIFT,R_hip_yaw_link,R_shoulder_pitch_link,134.887000,0.000000,NO,PASS,NOMINAL RIGID LINK ENVELOPES; TOLERANCE/COVERS/CABLES/TRACKING ERROR OPEN,NO MOTION OR SAFETY CREDIT
P06_LEFT_FOOT_LIFT,R_hip_yaw_link,R_upper_arm,27.845341,0.000000,NO,PASS,NOMINAL RIGID LINK ENVELOPES; TOLERANCE/COVERS/CABLES/TRACKING ERROR OPEN,NO MOTION OR SAFETY CREDIT
P06_LEFT_FOOT_LIFT,R_hip_yaw_link,head,228.929000,0.000000,NO,PASS,NOMINAL RIGID LINK ENVELOPES; TOLERANCE/COVERS/CABLES/TRACKING ERROR OPEN,NO MOTION OR SAFETY CREDIT
P06_LEFT_FOOT_LIFT,R_hip_yaw_link,neck_pan_link,180.609167,0.000000,NO,PASS,NOMINAL RIGID LINK ENVELOPES; TOLERANCE/COVERS/CABLES/TRACKING ERROR OPEN,NO MOTION OR SAFETY CREDIT
P06_LEFT_FOOT_LIFT,R_hip_yaw_link,torso,30.791000,0.000000,NO,PASS,NOMINAL RIGID LINK ENVELOPES; TOLERANCE/COVERS/CABLES/TRACKING ERROR OPEN,NO MOTION OR SAFETY CREDIT
P06_LEFT_FOOT_LIFT,R_shin,R_shoulder_pitch_link,397.113474,0.000000,NO,PASS,NOMINAL RIGID LINK ENVELOPES; TOLERANCE/COVERS/CABLES/TRACKING ERROR OPEN,NO MOTION OR SAFETY CREDIT
P06_LEFT_FOOT_LIFT,R_shin,R_upper_arm,272.402644,0.000000,NO,PASS,NOMINAL RIGID LINK ENVELOPES; TOLERANCE/COVERS/CABLES/TRACKING ERROR OPEN,NO MOTION OR SAFETY CREDIT
P06_LEFT_FOOT_LIFT,R_shin,base_link,199.155043,0.000000,NO,PASS,NOMINAL RIGID LINK ENVELOPES; TOLERANCE/COVERS/CABLES/TRACKING ERROR OPEN,NO MOTION OR SAFETY CREDIT
P06_LEFT_FOOT_LIFT,R_shin,head,490.381043,0.000000,NO,PASS,NOMINAL RIGID LINK ENVELOPES; TOLERANCE/COVERS/CABLES/TRACKING ERROR OPEN,NO MOTION OR SAFETY CREDIT
P06_LEFT_FOOT_LIFT,R_shin,neck_pan_link,442.012043,0.000000,NO,PASS,NOMINAL RIGID LINK ENVELOPES; TOLERANCE/COVERS/CABLES/TRACKING ERROR OPEN,NO MOTION OR SAFETY CREDIT
P06_LEFT_FOOT_LIFT,R_shin,torso,292.243043,0.000000,NO,PASS,NOMINAL RIGID LINK ENVELOPES; TOLERANCE/COVERS/CABLES/TRACKING ERROR OPEN,NO MOTION OR SAFETY CREDIT
P06_LEFT_FOOT_LIFT,R_shoulder_pitch_link,R_thigh,166.949339,0.000000,NO,PASS,NOMINAL RIGID LINK ENVELOPES; TOLERANCE/COVERS/CABLES/TRACKING ERROR OPEN,NO MOTION OR SAFETY CREDIT
P06_LEFT_FOOT_LIFT,R_shoulder_pitch_link,base_link,127.256906,0.000000,NO,PASS,NOMINAL RIGID LINK ENVELOPES; TOLERANCE/COVERS/CABLES/TRACKING ERROR OPEN,NO MOTION OR SAFETY CREDIT
P06_LEFT_FOOT_LIFT,R_shoulder_pitch_link,head,39.537647,0.000000,NO,PASS,NOMINAL RIGID LINK ENVELOPES; TOLERANCE/COVERS/CABLES/TRACKING ERROR OPEN,NO MOTION OR SAFETY CREDIT
P06_LEFT_FOOT_LIFT,R_shoulder_pitch_link,neck_pan_link,56.301000,0.000000,NO,PASS,NOMINAL RIGID LINK ENVELOPES; TOLERANCE/COVERS/CABLES/TRACKING ERROR OPEN,NO MOTION OR SAFETY CREDIT
P06_LEFT_FOOT_LIFT,R_thigh,R_upper_arm,41.735050,0.000000,NO,PASS,NOMINAL RIGID LINK ENVELOPES; TOLERANCE/COVERS/CABLES/TRACKING ERROR OPEN,NO MOTION OR SAFETY CREDIT
P06_LEFT_FOOT_LIFT,R_thigh,head,260.991339,0.000000,NO,PASS,NOMINAL RIGID LINK ENVELOPES; TOLERANCE/COVERS/CABLES/TRACKING ERROR OPEN,NO MOTION OR SAFETY CREDIT
P06_LEFT_FOOT_LIFT,R_thigh,neck_pan_link,212.622339,0.000000,NO,PASS,NOMINAL RIGID LINK ENVELOPES; TOLERANCE/COVERS/CABLES/TRACKING ERROR OPEN,NO MOTION OR SAFETY CREDIT
P06_LEFT_FOOT_LIFT,R_thigh,torso,62.853339,0.000000,NO,PASS,NOMINAL RIGID LINK ENVELOPES; TOLERANCE/COVERS/CABLES/TRACKING ERROR OPEN,NO MOTION OR SAFETY CREDIT
P06_LEFT_FOOT_LIFT,R_upper_arm,base_link,36.982922,0.000000,NO,PASS,NOMINAL RIGID LINK ENVELOPES; TOLERANCE/COVERS/CABLES/TRACKING ERROR OPEN,NO MOTION OR SAFETY CREDIT
P06_LEFT_FOOT_LIFT,R_upper_arm,head,64.295743,0.000000,NO,PASS,NOMINAL RIGID LINK ENVELOPES; TOLERANCE/COVERS/CABLES/TRACKING ERROR OPEN,NO MOTION OR SAFETY CREDIT
P06_LEFT_FOOT_LIFT,R_upper_arm,neck_pan_link,59.852691,0.000000,NO,PASS,NOMINAL RIGID LINK ENVELOPES; TOLERANCE/COVERS/CABLES/TRACKING ERROR OPEN,NO MOTION OR SAFETY CREDIT
P06_LEFT_FOOT_LIFT,base_link,head,221.226000,0.000000,NO,PASS,NOMINAL RIGID LINK ENVELOPES; TOLERANCE/COVERS/CABLES/TRACKING ERROR OPEN,NO MOTION OR SAFETY CREDIT
P06_LEFT_FOOT_LIFT,base_link,neck_pan_link,172.857000,0.000000,NO,PASS,NOMINAL RIGID LINK ENVELOPES; TOLERANCE/COVERS/CABLES/TRACKING ERROR OPEN,NO MOTION OR SAFETY CREDIT
P06_LEFT_FOOT_LIFT,head,torso,43.138000,0.000000,NO,PASS,NOMINAL RIGID LINK ENVELOPES; TOLERANCE/COVERS/CABLES/TRACKING ERROR OPEN,NO MOTION OR SAFETY CREDIT
P07_LEFT_CAPTURE_STEP,L_ankle_pitch_link,L_forearm,196.192435,0.000000,NO,PASS,NOMINAL RIGID LINK ENVELOPES; TOLERANCE/COVERS/CABLES/TRACKING ERROR OPEN,NO MOTION OR SAFETY CREDIT
P07_LEFT_CAPTURE_STEP,L_ankle_pitch_link,L_gripper,161.755501,0.000000,NO,PASS,NOMINAL RIGID LINK ENVELOPES; TOLERANCE/COVERS/CABLES/TRACKING ERROR OPEN,NO MOTION OR SAFETY CREDIT
P07_LEFT_CAPTURE_STEP,L_ankle_pitch_link,L_hand,169.321291,0.000000,NO,PASS,NOMINAL RIGID LINK ENVELOPES; TOLERANCE/COVERS/CABLES/TRACKING ERROR OPEN,NO MOTION OR SAFETY CREDIT
P07_LEFT_CAPTURE_STEP,L_ankle_pitch_link,L_hip_roll_link,267.452600,0.000000,NO,PASS,NOMINAL RIGID LINK ENVELOPES; TOLERANCE/COVERS/CABLES/TRACKING ERROR OPEN,NO MOTION OR SAFETY CREDIT
P07_LEFT_CAPTURE_STEP,L_ankle_pitch_link,L_hip_yaw_link,280.119898,0.000000,NO,PASS,NOMINAL RIGID LINK ENVELOPES; TOLERANCE/COVERS/CABLES/TRACKING ERROR OPEN,NO MOTION OR SAFETY CREDIT
P07_LEFT_CAPTURE_STEP,L_ankle_pitch_link,L_shoulder_pitch_link,454.217753,0.000000,NO,PASS,NOMINAL RIGID LINK ENVELOPES; TOLERANCE/COVERS/CABLES/TRACKING ERROR OPEN,NO MOTION OR SAFETY CREDIT
P07_LEFT_CAPTURE_STEP,L_ankle_pitch_link,L_thigh,139.858913,0.000000,NO,PASS,NOMINAL RIGID LINK ENVELOPES; TOLERANCE/COVERS/CABLES/TRACKING ERROR OPEN,NO MOTION OR SAFETY CREDIT
P07_LEFT_CAPTURE_STEP,L_ankle_pitch_link,L_upper_arm,329.190497,0.000000,NO,PASS,NOMINAL RIGID LINK ENVELOPES; TOLERANCE/COVERS/CABLES/TRACKING ERROR OPEN,NO MOTION OR SAFETY CREDIT
P07_LEFT_CAPTURE_STEP,L_ankle_pitch_link,R_ankle_pitch_link,50.737069,0.000000,NO,PASS,NOMINAL RIGID LINK ENVELOPES; TOLERANCE/COVERS/CABLES/TRACKING ERROR OPEN,NO MOTION OR SAFETY CREDIT
P07_LEFT_CAPTURE_STEP,L_ankle_pitch_link,R_foot,40.549797,0.000000,NO,PASS,NOMINAL RIGID LINK ENVELOPES; TOLERANCE/COVERS/CABLES/TRACKING ERROR OPEN,NO MOTION OR SAFETY CREDIT
P07_LEFT_CAPTURE_STEP,L_ankle_pitch_link,R_forearm,265.565184,0.000000,NO,PASS,NOMINAL RIGID LINK ENVELOPES; TOLERANCE/COVERS/CABLES/TRACKING ERROR OPEN,NO MOTION OR SAFETY CREDIT
P07_LEFT_CAPTURE_STEP,L_ankle_pitch_link,R_gripper,226.894957,0.000000,NO,PASS,NOMINAL RIGID LINK ENVELOPES; TOLERANCE/COVERS/CABLES/TRACKING ERROR OPEN,NO MOTION OR SAFETY CREDIT
P07_LEFT_CAPTURE_STEP,L_ankle_pitch_link,R_hand,236.704475,0.000000,NO,PASS,NOMINAL RIGID LINK ENVELOPES; TOLERANCE/COVERS/CABLES/TRACKING ERROR OPEN,NO MOTION OR SAFETY CREDIT
P07_LEFT_CAPTURE_STEP,L_ankle_pitch_link,R_hip_roll_link,287.371267,0.000000,NO,PASS,NOMINAL RIGID LINK ENVELOPES; TOLERANCE/COVERS/CABLES/TRACKING ERROR OPEN,NO MOTION OR SAFETY CREDIT
P07_LEFT_CAPTURE_STEP,L_ankle_pitch_link,R_hip_yaw_link,299.933361,0.000000,NO,PASS,NOMINAL RIGID LINK ENVELOPES; TOLERANCE/COVERS/CABLES/TRACKING ERROR OPEN,NO MOTION OR SAFETY CREDIT
P07_LEFT_CAPTURE_STEP,L_ankle_pitch_link,R_shin,47.678573,0.000000,NO,PASS,NOMINAL RIGID LINK ENVELOPES; TOLERANCE/COVERS/CABLES/TRACKING ERROR OPEN,NO MOTION OR SAFETY CREDIT
P07_LEFT_CAPTURE_STEP,L_ankle_pitch_link,R_shoulder_pitch_link,471.691255,0.000000,NO,PASS,NOMINAL RIGID LINK ENVELOPES; TOLERANCE/COVERS/CABLES/TRACKING ERROR OPEN,NO MOTION OR SAFETY CREDIT
P07_LEFT_CAPTURE_STEP,L_ankle_pitch_link,R_thigh,162.327538,0.000000,NO,PASS,NOMINAL RIGID LINK ENVELOPES; TOLERANCE/COVERS/CABLES/TRACKING ERROR OPEN,NO MOTION OR SAFETY CREDIT
P07_LEFT_CAPTURE_STEP,L_ankle_pitch_link,R_upper_arm,364.544802,0.000000,NO,PASS,NOMINAL RIGID LINK ENVELOPES; TOLERANCE/COVERS/CABLES/TRACKING ERROR OPEN,NO MOTION OR SAFETY CREDIT
P07_LEFT_CAPTURE_STEP,L_ankle_pitch_link,base_link,257.822898,0.000000,NO,PASS,NOMINAL RIGID LINK ENVELOPES; TOLERANCE/COVERS/CABLES/TRACKING ERROR OPEN,NO MOTION OR SAFETY CREDIT
P07_LEFT_CAPTURE_STEP,L_ankle_pitch_link,head,549.051924,0.000000,NO,PASS,NOMINAL RIGID LINK ENVELOPES; TOLERANCE/COVERS/CABLES/TRACKING ERROR OPEN,NO MOTION OR SAFETY CREDIT
P07_LEFT_CAPTURE_STEP,L_ankle_pitch_link,neck_pan_link,503.071025,0.000000,NO,PASS,NOMINAL RIGID LINK ENVELOPES; TOLERANCE/COVERS/CABLES/TRACKING ERROR OPEN,NO MOTION OR SAFETY CREDIT
P07_LEFT_CAPTURE_STEP,L_ankle_pitch_link,torso,350.920391,0.000000,NO,PASS,NOMINAL RIGID LINK ENVELOPES; TOLERANCE/COVERS/CABLES/TRACKING ERROR OPEN,NO MOTION OR SAFETY CREDIT
P07_LEFT_CAPTURE_STEP,L_foot,L_forearm,239.886718,0.000000,NO,PASS,NOMINAL RIGID LINK ENVELOPES; TOLERANCE/COVERS/CABLES/TRACKING ERROR OPEN,NO MOTION OR SAFETY CREDIT
P07_LEFT_CAPTURE_STEP,L_foot,L_gripper,174.097535,0.000000,NO,PASS,NOMINAL RIGID LINK ENVELOPES; TOLERANCE/COVERS/CABLES/TRACKING ERROR OPEN,NO MOTION OR SAFETY CREDIT
P07_LEFT_CAPTURE_STEP,L_foot,L_hand,194.087387,0.000000,NO,PASS,NOMINAL RIGID LINK ENVELOPES; TOLERANCE/COVERS/CABLES/TRACKING ERROR OPEN,NO MOTION OR SAFETY CREDIT
P07_LEFT_CAPTURE_STEP,L_foot,L_hip_roll_link,313.258358,0.000000,NO,PASS,NOMINAL RIGID LINK ENVELOPES; TOLERANCE/COVERS/CABLES/TRACKING ERROR OPEN,NO MOTION OR SAFETY CREDIT
P07_LEFT_CAPTURE_STEP,L_foot,L_hip_yaw_link,325.925657,0.000000,NO,PASS,NOMINAL RIGID LINK ENVELOPES; TOLERANCE/COVERS/CABLES/TRACKING ERROR OPEN,NO MOTION OR SAFETY CREDIT
P07_LEFT_CAPTURE_STEP,L_foot,L_shoulder_pitch_link,500.023512,0.000000,NO,PASS,NOMINAL RIGID LINK ENVELOPES; TOLERANCE/COVERS/CABLES/TRACKING ERROR OPEN,NO MOTION OR SAFETY CREDIT
P07_LEFT_CAPTURE_STEP,L_foot,L_thigh,185.664672,0.000000,NO,PASS,NOMINAL RIGID LINK ENVELOPES; TOLERANCE/COVERS/CABLES/TRACKING ERROR OPEN,NO MOTION OR SAFETY CREDIT
P07_LEFT_CAPTURE_STEP,L_foot,L_upper_arm,374.996256,0.000000,NO,PASS,NOMINAL RIGID LINK ENVELOPES; TOLERANCE/COVERS/CABLES/TRACKING ERROR OPEN,NO MOTION OR SAFETY CREDIT
P07_LEFT_CAPTURE_STEP,L_foot,R_ankle_pitch_link,42.688621,0.000000,NO,PASS,NOMINAL RIGID LINK ENVELOPES; TOLERANCE/COVERS/CABLES/TRACKING ERROR OPEN,NO MOTION OR SAFETY CREDIT
P07_LEFT_CAPTURE_STEP,L_foot,R_foot,32.275223,0.000000,NO,PASS,NOMINAL RIGID LINK ENVELOPES; TOLERANCE/COVERS/CABLES/TRACKING ERROR OPEN,NO MOTION OR SAFETY CREDIT
P07_LEFT_CAPTURE_STEP,L_foot,R_forearm,294.302184,0.000000,NO,PASS,NOMINAL RIGID LINK ENVELOPES; TOLERANCE/COVERS/CABLES/TRACKING ERROR OPEN,NO MOTION OR SAFETY CREDIT
P07_LEFT_CAPTURE_STEP,L_foot,R_gripper,244.377528,0.000000,NO,PASS,NOMINAL RIGID LINK ENVELOPES; TOLERANCE/COVERS/CABLES/TRACKING ERROR OPEN,NO MOTION OR SAFETY CREDIT
P07_LEFT_CAPTURE_STEP,L_foot,R_hand,260.027532,0.000000,NO,PASS,NOMINAL RIGID LINK ENVELOPES; TOLERANCE/COVERS/CABLES/TRACKING ERROR OPEN,NO MOTION OR SAFETY CREDIT
P07_LEFT_CAPTURE_STEP,L_foot,R_hip_roll_link,327.955387,0.000000,NO,PASS,NOMINAL RIGID LINK ENVELOPES; TOLERANCE/COVERS/CABLES/TRACKING ERROR OPEN,NO MOTION OR SAFETY CREDIT
P07_LEFT_CAPTURE_STEP,L_foot,R_hip_yaw_link,340.675081,0.000000,NO,PASS,NOMINAL RIGID LINK ENVELOPES; TOLERANCE/COVERS/CABLES/TRACKING ERROR OPEN,NO MOTION OR SAFETY CREDIT
P07_LEFT_CAPTURE_STEP,L_foot,R_shin,39.636266,0.000000,NO,PASS,NOMINAL RIGID LINK ENVELOPES; TOLERANCE/COVERS/CABLES/TRACKING ERROR OPEN,NO MOTION OR SAFETY CREDIT
P07_LEFT_CAPTURE_STEP,L_foot,R_shoulder_pitch_link,512.606299,0.000000,NO,PASS,NOMINAL RIGID LINK ENVELOPES; TOLERANCE/COVERS/CABLES/TRACKING ERROR OPEN,NO MOTION OR SAFETY CREDIT
P07_LEFT_CAPTURE_STEP,L_foot,R_thigh,200.211404,0.000000,NO,PASS,NOMINAL RIGID LINK ENVELOPES; TOLERANCE/COVERS/CABLES/TRACKING ERROR OPEN,NO MOTION OR SAFETY CREDIT
P07_LEFT_CAPTURE_STEP,L_foot,R_upper_arm,403.347211,0.000000,NO,PASS,NOMINAL RIGID LINK ENVELOPES; TOLERANCE/COVERS/CABLES/TRACKING ERROR OPEN,NO MOTION OR SAFETY CREDIT
P07_LEFT_CAPTURE_STEP,L_foot,base_link,303.628657,0.000000,NO,PASS,NOMINAL RIGID LINK ENVELOPES; TOLERANCE/COVERS/CABLES/TRACKING ERROR OPEN,NO MOTION OR SAFETY CREDIT
P07_LEFT_CAPTURE_STEP,L_foot,head,594.854657,0.000000,NO,PASS,NOMINAL RIGID LINK ENVELOPES; TOLERANCE/COVERS/CABLES/TRACKING ERROR OPEN,NO MOTION OR SAFETY CREDIT
P07_LEFT_CAPTURE_STEP,L_foot,neck_pan_link,548.017196,0.000000,NO,PASS,NOMINAL RIGID LINK ENVELOPES; TOLERANCE/COVERS/CABLES/TRACKING ERROR OPEN,NO MOTION OR SAFETY CREDIT
P07_LEFT_CAPTURE_STEP,L_foot,torso,396.716657,0.000000,NO,PASS,NOMINAL RIGID LINK ENVELOPES; TOLERANCE/COVERS/CABLES/TRACKING ERROR OPEN,NO MOTION OR SAFETY CREDIT
P07_LEFT_CAPTURE_STEP,L_forearm,L_gripper,24.853000,0.000000,NO,PASS,NOMINAL RIGID LINK ENVELOPES; TOLERANCE/COVERS/CABLES/TRACKING ERROR OPEN,NO MOTION OR SAFETY CREDIT
P07_LEFT_CAPTURE_STEP,L_forearm,L_hip_roll_link,18.718198,0.000000,NO,PASS,NOMINAL RIGID LINK ENVELOPES; TOLERANCE/COVERS/CABLES/TRACKING ERROR OPEN,NO MOTION OR SAFETY CREDIT
P07_LEFT_CAPTURE_STEP,L_forearm,L_hip_yaw_link,18.738000,0.000000,NO,PASS,NOMINAL RIGID LINK ENVELOPES; TOLERANCE/COVERS/CABLES/TRACKING ERROR OPEN,NO MOTION OR SAFETY CREDIT
P07_LEFT_CAPTURE_STEP,L_forearm,L_shin,115.216519,0.000000,NO,PASS,NOMINAL RIGID LINK ENVELOPES; TOLERANCE/COVERS/CABLES/TRACKING ERROR OPEN,NO MOTION OR SAFETY CREDIT
P07_LEFT_CAPTURE_STEP,L_forearm,L_shoulder_pitch_link,111.691293,0.000000,NO,PASS,NOMINAL RIGID LINK ENVELOPES; TOLERANCE/COVERS/CABLES/TRACKING ERROR OPEN,NO MOTION OR SAFETY CREDIT
P07_LEFT_CAPTURE_STEP,L_forearm,L_thigh,17.633097,0.000000,NO,PASS,NOMINAL RIGID LINK ENVELOPES; TOLERANCE/COVERS/CABLES/TRACKING ERROR OPEN,NO MOTION OR SAFETY CREDIT
P07_LEFT_CAPTURE_STEP,L_forearm,R_ankle_pitch_link,229.549252,0.000000,NO,PASS,NOMINAL RIGID LINK ENVELOPES; TOLERANCE/COVERS/CABLES/TRACKING ERROR OPEN,NO MOTION OR SAFETY CREDIT
P07_LEFT_CAPTURE_STEP,L_forearm,R_foot,269.318044,0.000000,NO,PASS,NOMINAL RIGID LINK ENVELOPES; TOLERANCE/COVERS/CABLES/TRACKING ERROR OPEN,NO MOTION OR SAFETY CREDIT
P07_LEFT_CAPTURE_STEP,L_forearm,R_forearm,227.189741,0.000000,NO,PASS,NOMINAL RIGID LINK ENVELOPES; TOLERANCE/COVERS/CABLES/TRACKING ERROR OPEN,NO MOTION OR SAFETY CREDIT
P07_LEFT_CAPTURE_STEP,L_forearm,R_gripper,241.632400,0.000000,NO,PASS,NOMINAL RIGID LINK ENVELOPES; TOLERANCE/COVERS/CABLES/TRACKING ERROR OPEN,NO MOTION OR SAFETY CREDIT
P07_LEFT_CAPTURE_STEP,L_forearm,R_hand,230.257922,0.000000,NO,PASS,NOMINAL RIGID LINK ENVELOPES; TOLERANCE/COVERS/CABLES/TRACKING ERROR OPEN,NO MOTION OR SAFETY CREDIT
P07_LEFT_CAPTURE_STEP,L_forearm,R_hip_roll_link,141.658637,0.000000,NO,PASS,NOMINAL RIGID LINK ENVELOPES; TOLERANCE/COVERS/CABLES/TRACKING ERROR OPEN,NO MOTION OR SAFETY CREDIT
P07_LEFT_CAPTURE_STEP,L_forearm,R_hip_yaw_link,143.738000,0.000000,NO,PASS,NOMINAL RIGID LINK ENVELOPES; TOLERANCE/COVERS/CABLES/TRACKING ERROR OPEN,NO MOTION OR SAFETY CREDIT
P07_LEFT_CAPTURE_STEP,L_forearm,R_shin,159.462647,0.000000,NO,PASS,NOMINAL RIGID LINK ENVELOPES; TOLERANCE/COVERS/CABLES/TRACKING ERROR OPEN,NO MOTION OR SAFETY CREDIT
P07_LEFT_CAPTURE_STEP,L_forearm,R_shoulder_pitch_link,220.545625,0.000000,NO,PASS,NOMINAL RIGID LINK ENVELOPES; TOLERANCE/COVERS/CABLES/TRACKING ERROR OPEN,NO MOTION OR SAFETY CREDIT
P07_LEFT_CAPTURE_STEP,L_forearm,R_thigh,117.708730,0.000000,NO,PASS,NOMINAL RIGID LINK ENVELOPES; TOLERANCE/COVERS/CABLES/TRACKING ERROR OPEN,NO MOTION OR SAFETY CREDIT
P07_LEFT_CAPTURE_STEP,L_forearm,R_upper_arm,193.203000,0.000000,NO,PASS,NOMINAL RIGID LINK ENVELOPES; TOLERANCE/COVERS/CABLES/TRACKING ERROR OPEN,NO MOTION OR SAFETY CREDIT
P07_LEFT_CAPTURE_STEP,L_forearm,base_link,36.518000,0.000000,NO,PASS,NOMINAL RIGID LINK ENVELOPES; TOLERANCE/COVERS/CABLES/TRACKING ERROR OPEN,NO MOTION OR SAFETY CREDIT
P07_LEFT_CAPTURE_STEP,L_forearm,head,210.054041,0.000000,NO,PASS,NOMINAL RIGID LINK ENVELOPES; TOLERANCE/COVERS/CABLES/TRACKING ERROR OPEN,NO MOTION OR SAFETY CREDIT
P07_LEFT_CAPTURE_STEP,L_forearm,neck_pan_link,179.796731,0.000000,NO,PASS,NOMINAL RIGID LINK ENVELOPES; TOLERANCE/COVERS/CABLES/TRACKING ERROR OPEN,NO MOTION OR SAFETY CREDIT
P07_LEFT_CAPTURE_STEP,L_forearm,torso,23.066472,0.000000,NO,PASS,NOMINAL RIGID LINK ENVELOPES; TOLERANCE/COVERS/CABLES/TRACKING ERROR OPEN,NO MOTION OR SAFETY CREDIT
P07_LEFT_CAPTURE_STEP,L_gripper,L_hip_roll_link,102.996956,0.000000,NO,PASS,NOMINAL RIGID LINK ENVELOPES; TOLERANCE/COVERS/CABLES/TRACKING ERROR OPEN,NO MOTION OR SAFETY CREDIT
P07_LEFT_CAPTURE_STEP,L_gripper,L_hip_yaw_link,113.360386,0.000000,NO,PASS,NOMINAL RIGID LINK ENVELOPES; TOLERANCE/COVERS/CABLES/TRACKING ERROR OPEN,NO MOTION OR SAFETY CREDIT
P07_LEFT_CAPTURE_STEP,L_gripper,L_shin,105.355673,0.000000,NO,PASS,NOMINAL RIGID LINK ENVELOPES; TOLERANCE/COVERS/CABLES/TRACKING ERROR OPEN,NO MOTION OR SAFETY CREDIT
P07_LEFT_CAPTURE_STEP,L_gripper,L_shoulder_pitch_link,264.865345,0.000000,NO,PASS,NOMINAL RIGID LINK ENVELOPES; TOLERANCE/COVERS/CABLES/TRACKING ERROR OPEN,NO MOTION OR SAFETY CREDIT
P07_LEFT_CAPTURE_STEP,L_gripper,L_thigh,63.566624,0.000000,NO,PASS,NOMINAL RIGID LINK ENVELOPES; TOLERANCE/COVERS/CABLES/TRACKING ERROR OPEN,NO MOTION OR SAFETY CREDIT
P07_LEFT_CAPTURE_STEP,L_gripper,L_upper_arm,143.083911,0.000000,NO,PASS,NOMINAL RIGID LINK ENVELOPES; TOLERANCE/COVERS/CABLES/TRACKING ERROR OPEN,NO MOTION OR SAFETY CREDIT
P07_LEFT_CAPTURE_STEP,L_gripper,R_ankle_pitch_link,185.538770,0.000000,NO,PASS,NOMINAL RIGID LINK ENVELOPES; TOLERANCE/COVERS/CABLES/TRACKING ERROR OPEN,NO MOTION OR SAFETY CREDIT
P07_LEFT_CAPTURE_STEP,L_gripper,R_foot,208.079239,0.000000,NO,PASS,NOMINAL RIGID LINK ENVELOPES; TOLERANCE/COVERS/CABLES/TRACKING ERROR OPEN,NO MOTION OR SAFETY CREDIT
P07_LEFT_CAPTURE_STEP,L_gripper,R_forearm,260.720203,0.000000,NO,PASS,NOMINAL RIGID LINK ENVELOPES; TOLERANCE/COVERS/CABLES/TRACKING ERROR OPEN,NO MOTION OR SAFETY CREDIT
P07_LEFT_CAPTURE_STEP,L_gripper,R_gripper,271.580191,0.000000,NO,PASS,NOMINAL RIGID LINK ENVELOPES; TOLERANCE/COVERS/CABLES/TRACKING ERROR OPEN,NO MOTION OR SAFETY CREDIT
P07_LEFT_CAPTURE_STEP,L_gripper,R_hand,263.414003,0.000000,NO,PASS,NOMINAL RIGID LINK ENVELOPES; TOLERANCE/COVERS/CABLES/TRACKING ERROR OPEN,NO MOTION OR SAFETY CREDIT
P07_LEFT_CAPTURE_STEP,L_gripper,R_hip_roll_link,185.979924,0.000000,NO,PASS,NOMINAL RIGID LINK ENVELOPES; TOLERANCE/COVERS/CABLES/TRACKING ERROR OPEN,NO MOTION OR SAFETY CREDIT
P07_LEFT_CAPTURE_STEP,L_gripper,R_hip_yaw_link,193.262974,0.000000,NO,PASS,NOMINAL RIGID LINK ENVELOPES; TOLERANCE/COVERS/CABLES/TRACKING ERROR OPEN,NO MOTION OR SAFETY CREDIT
P07_LEFT_CAPTURE_STEP,L_gripper,R_shin,132.991744,0.000000,NO,PASS,NOMINAL RIGID LINK ENVELOPES; TOLERANCE/COVERS/CABLES/TRACKING ERROR OPEN,NO MOTION OR SAFETY CREDIT
P07_LEFT_CAPTURE_STEP,L_gripper,R_shoulder_pitch_link,332.095524,0.000000,NO,PASS,NOMINAL RIGID LINK ENVELOPES; TOLERANCE/COVERS/CABLES/TRACKING ERROR OPEN,NO MOTION OR SAFETY CREDIT
P07_LEFT_CAPTURE_STEP,L_gripper,R_thigh,146.145633,0.000000,NO,PASS,NOMINAL RIGID LINK ENVELOPES; TOLERANCE/COVERS/CABLES/TRACKING ERROR OPEN,NO MOTION OR SAFETY CREDIT
P07_LEFT_CAPTURE_STEP,L_gripper,R_upper_arm,261.901031,0.000000,NO,PASS,NOMINAL RIGID LINK ENVELOPES; TOLERANCE/COVERS/CABLES/TRACKING ERROR OPEN,NO MOTION OR SAFETY CREDIT
P07_LEFT_CAPTURE_STEP,L_gripper,base_link,93.585302,0.000000,NO,PASS,NOMINAL RIGID LINK ENVELOPES; TOLERANCE/COVERS/CABLES/TRACKING ERROR OPEN,NO MOTION OR SAFETY CREDIT
P07_LEFT_CAPTURE_STEP,L_gripper,head,366.083296,0.000000,NO,PASS,NOMINAL RIGID LINK ENVELOPES; TOLERANCE/COVERS/CABLES/TRACKING ERROR OPEN,NO MOTION OR SAFETY CREDIT
P07_LEFT_CAPTURE_STEP,L_gripper,neck_pan_link,333.268471,0.000000,NO,PASS,NOMINAL RIGID LINK ENVELOPES; TOLERANCE/COVERS/CABLES/TRACKING ERROR OPEN,NO MOTION OR SAFETY CREDIT
P07_LEFT_CAPTURE_STEP,L_gripper,torso,163.399687,0.000000,NO,PASS,NOMINAL RIGID LINK ENVELOPES; TOLERANCE/COVERS/CABLES/TRACKING ERROR OPEN,NO MOTION OR SAFETY CREDIT
P07_LEFT_CAPTURE_STEP,L_hand,L_hip_roll_link,70.069750,0.000000,NO,PASS,NOMINAL RIGID LINK ENVELOPES; TOLERANCE/COVERS/CABLES/TRACKING ERROR OPEN,NO MOTION OR SAFETY CREDIT
P07_LEFT_CAPTURE_STEP,L_hand,L_hip_yaw_link,80.792134,0.000000,NO,PASS,NOMINAL RIGID LINK ENVELOPES; TOLERANCE/COVERS/CABLES/TRACKING ERROR OPEN,NO MOTION OR SAFETY CREDIT
P07_LEFT_CAPTURE_STEP,L_hand,L_shin,100.111147,0.000000,NO,PASS,NOMINAL RIGID LINK ENVELOPES; TOLERANCE/COVERS/CABLES/TRACKING ERROR OPEN,NO MOTION OR SAFETY CREDIT
P07_LEFT_CAPTURE_STEP,L_hand,L_shoulder_pitch_link,240.292659,0.000000,NO,PASS,NOMINAL RIGID LINK ENVELOPES; TOLERANCE/COVERS/CABLES/TRACKING ERROR OPEN,NO MOTION OR SAFETY CREDIT
P07_LEFT_CAPTURE_STEP,L_hand,L_thigh,41.100121,0.000000,NO,PASS,NOMINAL RIGID LINK ENVELOPES; TOLERANCE/COVERS/CABLES/TRACKING ERROR OPEN,NO MOTION OR SAFETY CREDIT
P07_LEFT_CAPTURE_STEP,L_hand,L_upper_arm,116.147363,0.000000,NO,PASS,NOMINAL RIGID LINK ENVELOPES; TOLERANCE/COVERS/CABLES/TRACKING ERROR OPEN,NO MOTION OR SAFETY CREDIT
P07_LEFT_CAPTURE_STEP,L_hand,R_ankle_pitch_link,194.484249,0.000000,NO,PASS,NOMINAL RIGID LINK ENVELOPES; TOLERANCE/COVERS/CABLES/TRACKING ERROR OPEN,NO MOTION OR SAFETY CREDIT
P07_LEFT_CAPTURE_STEP,L_hand,R_foot,226.798591,0.000000,NO,PASS,NOMINAL RIGID LINK ENVELOPES; TOLERANCE/COVERS/CABLES/TRACKING ERROR OPEN,NO MOTION OR SAFETY CREDIT
P07_LEFT_CAPTURE_STEP,L_hand,R_forearm,244.606101,0.000000,NO,PASS,NOMINAL RIGID LINK ENVELOPES; TOLERANCE/COVERS/CABLES/TRACKING ERROR OPEN,NO MOTION OR SAFETY CREDIT
P07_LEFT_CAPTURE_STEP,L_hand,R_gripper,255.914675,0.000000,NO,PASS,NOMINAL RIGID LINK ENVELOPES; TOLERANCE/COVERS/CABLES/TRACKING ERROR OPEN,NO MOTION OR SAFETY CREDIT
P07_LEFT_CAPTURE_STEP,L_hand,R_hand,247.397667,0.000000,NO,PASS,NOMINAL RIGID LINK ENVELOPES; TOLERANCE/COVERS/CABLES/TRACKING ERROR OPEN,NO MOTION OR SAFETY CREDIT
P07_LEFT_CAPTURE_STEP,L_hand,R_hip_roll_link,162.809487,0.000000,NO,PASS,NOMINAL RIGID LINK ENVELOPES; TOLERANCE/COVERS/CABLES/TRACKING ERROR OPEN,NO MOTION OR SAFETY CREDIT
P07_LEFT_CAPTURE_STEP,L_hand,R_hip_yaw_link,169.246474,0.000000,NO,PASS,NOMINAL RIGID LINK ENVELOPES; TOLERANCE/COVERS/CABLES/TRACKING ERROR OPEN,NO MOTION OR SAFETY CREDIT
P07_LEFT_CAPTURE_STEP,L_hand,R_shin,132.282693,0.000000,NO,PASS,NOMINAL RIGID LINK ENVELOPES; TOLERANCE/COVERS/CABLES/TRACKING ERROR OPEN,NO MOTION OR SAFETY CREDIT
P07_LEFT_CAPTURE_STEP,L_hand,R_shoulder_pitch_link,306.963956,0.000000,NO,PASS,NOMINAL RIGID LINK ENVELOPES; TOLERANCE/COVERS/CABLES/TRACKING ERROR OPEN,NO MOTION OR SAFETY CREDIT
P07_LEFT_CAPTURE_STEP,L_hand,R_thigh,129.874706,0.000000,NO,PASS,NOMINAL RIGID LINK ENVELOPES; TOLERANCE/COVERS/CABLES/TRACKING ERROR OPEN,NO MOTION OR SAFETY CREDIT
P07_LEFT_CAPTURE_STEP,L_hand,R_upper_arm,236.862956,0.000000,NO,PASS,NOMINAL RIGID LINK ENVELOPES; TOLERANCE/COVERS/CABLES/TRACKING ERROR OPEN,NO MOTION OR SAFETY CREDIT
P07_LEFT_CAPTURE_STEP,L_hand,base_link,63.999923,0.000000,NO,PASS,NOMINAL RIGID LINK ENVELOPES; TOLERANCE/COVERS/CABLES/TRACKING ERROR OPEN,NO MOTION OR SAFETY CREDIT
P07_LEFT_CAPTURE_STEP,L_hand,head,339.483603,0.000000,NO,PASS,NOMINAL RIGID LINK ENVELOPES; TOLERANCE/COVERS/CABLES/TRACKING ERROR OPEN,NO MOTION OR SAFETY CREDIT
P07_LEFT_CAPTURE_STEP,L_hand,neck_pan_link,304.856995,0.000000,NO,PASS,NOMINAL RIGID LINK ENVELOPES; TOLERANCE/COVERS/CABLES/TRACKING ERROR OPEN,NO MOTION OR SAFETY CREDIT
P07_LEFT_CAPTURE_STEP,L_hand,torso,138.929362,0.000000,NO,PASS,NOMINAL RIGID LINK ENVELOPES; TOLERANCE/COVERS/CABLES/TRACKING ERROR OPEN,NO MOTION OR SAFETY CREDIT
P07_LEFT_CAPTURE_STEP,L_hip_roll_link,L_shin,186.988021,0.000000,NO,PASS,NOMINAL RIGID LINK ENVELOPES; TOLERANCE/COVERS/CABLES/TRACKING ERROR OPEN,NO MOTION OR SAFETY CREDIT
P07_LEFT_CAPTURE_STEP,L_hip_roll_link,L_shoulder_pitch_link,139.430556,0.000000,NO,PASS,NOMINAL RIGID LINK ENVELOPES; TOLERANCE/COVERS/CABLES/TRACKING ERROR OPEN,NO MOTION OR SAFETY CREDIT
P07_LEFT_CAPTURE_STEP,L_hip_roll_link,L_upper_arm,14.703357,0.000000,NO,PASS,NOMINAL RIGID LINK ENVELOPES; TOLERANCE/COVERS/CABLES/TRACKING ERROR OPEN,NO MOTION OR SAFETY CREDIT
P07_LEFT_CAPTURE_STEP,L_hip_roll_link,R_ankle_pitch_link,285.757380,0.000000,NO,PASS,NOMINAL RIGID LINK ENVELOPES; TOLERANCE/COVERS/CABLES/TRACKING ERROR OPEN,NO MOTION OR SAFETY CREDIT
P07_LEFT_CAPTURE_STEP,L_hip_roll_link,R_foot,331.490269,0.000000,NO,PASS,NOMINAL RIGID LINK ENVELOPES; TOLERANCE/COVERS/CABLES/TRACKING ERROR OPEN,NO MOTION OR SAFETY CREDIT
P07_LEFT_CAPTURE_STEP,L_hip_roll_link,R_forearm,145.835637,0.000000,NO,PASS,NOMINAL RIGID LINK ENVELOPES; TOLERANCE/COVERS/CABLES/TRACKING ERROR OPEN,NO MOTION OR SAFETY CREDIT
P07_LEFT_CAPTURE_STEP,L_hip_roll_link,R_gripper,189.930893,0.000000,NO,PASS,NOMINAL RIGID LINK ENVELOPES; TOLERANCE/COVERS/CABLES/TRACKING ERROR OPEN,NO MOTION OR SAFETY CREDIT
P07_LEFT_CAPTURE_STEP,L_hip_roll_link,R_hand,168.178213,0.000000,NO,PASS,NOMINAL RIGID LINK ENVELOPES; TOLERANCE/COVERS/CABLES/TRACKING ERROR OPEN,NO MOTION OR SAFETY CREDIT
P07_LEFT_CAPTURE_STEP,L_hip_roll_link,R_hip_roll_link,60.841274,0.000000,NO,PASS,NOMINAL RIGID LINK ENVELOPES; TOLERANCE/COVERS/CABLES/TRACKING ERROR OPEN,NO MOTION OR SAFETY CREDIT
P07_LEFT_CAPTURE_STEP,L_hip_roll_link,R_hip_yaw_link,62.920637,0.000000,NO,PASS,NOMINAL RIGID LINK ENVELOPES; TOLERANCE/COVERS/CABLES/TRACKING ERROR OPEN,NO MOTION OR SAFETY CREDIT
P07_LEFT_CAPTURE_STEP,L_hip_roll_link,R_shin,208.812337,0.000000,NO,PASS,NOMINAL RIGID LINK ENVELOPES; TOLERANCE/COVERS/CABLES/TRACKING ERROR OPEN,NO MOTION OR SAFETY CREDIT
P07_LEFT_CAPTURE_STEP,L_hip_roll_link,R_shoulder_pitch_link,172.967312,0.000000,NO,PASS,NOMINAL RIGID LINK ENVELOPES; TOLERANCE/COVERS/CABLES/TRACKING ERROR OPEN,NO MOTION OR SAFETY CREDIT
P07_LEFT_CAPTURE_STEP,L_hip_roll_link,R_thigh,58.042983,0.000000,NO,PASS,NOMINAL RIGID LINK ENVELOPES; TOLERANCE/COVERS/CABLES/TRACKING ERROR OPEN,NO MOTION OR SAFETY CREDIT
P07_LEFT_CAPTURE_STEP,L_hip_roll_link,R_upper_arm,113.301195,0.000000,NO,PASS,NOMINAL RIGID LINK ENVELOPES; TOLERANCE/COVERS/CABLES/TRACKING ERROR OPEN,NO MOTION OR SAFETY CREDIT
P07_LEFT_CAPTURE_STEP,L_hip_roll_link,head,234.261701,0.000000,NO,PASS,NOMINAL RIGID LINK ENVELOPES; TOLERANCE/COVERS/CABLES/TRACKING ERROR OPEN,NO MOTION OR SAFETY CREDIT
P07_LEFT_CAPTURE_STEP,L_hip_roll_link,neck_pan_link,185.952276,0.000000,NO,PASS,NOMINAL RIGID LINK ENVELOPES; TOLERANCE/COVERS/CABLES/TRACKING ERROR OPEN,NO MOTION OR SAFETY CREDIT
P07_LEFT_CAPTURE_STEP,L_hip_roll_link,torso,36.123701,0.000000,NO,PASS,NOMINAL RIGID LINK ENVELOPES; TOLERANCE/COVERS/CABLES/TRACKING ERROR OPEN,NO MOTION OR SAFETY CREDIT
P07_LEFT_CAPTURE_STEP,L_hip_yaw_link,L_shin,199.655319,0.000000,NO,PASS,NOMINAL RIGID LINK ENVELOPES; TOLERANCE/COVERS/CABLES/TRACKING ERROR OPEN,NO MOTION OR SAFETY CREDIT
P07_LEFT_CAPTURE_STEP,L_hip_yaw_link,L_shoulder_pitch_link,134.097855,0.000000,NO,PASS,NOMINAL RIGID LINK ENVELOPES; TOLERANCE/COVERS/CABLES/TRACKING ERROR OPEN,NO MOTION OR SAFETY CREDIT
P07_LEFT_CAPTURE_STEP,L_hip_yaw_link,L_upper_arm,9.105202,0.000000,NO,PASS,NOMINAL RIGID LINK ENVELOPES; TOLERANCE/COVERS/CABLES/TRACKING ERROR OPEN,NO MOTION OR SAFETY CREDIT
P07_LEFT_CAPTURE_STEP,L_hip_yaw_link,R_ankle_pitch_link,298.473788,0.000000,NO,PASS,NOMINAL RIGID LINK ENVELOPES; TOLERANCE/COVERS/CABLES/TRACKING ERROR OPEN,NO MOTION OR SAFETY CREDIT
P07_LEFT_CAPTURE_STEP,L_hip_yaw_link,R_foot,344.157568,0.000000,NO,PASS,NOMINAL RIGID LINK ENVELOPES; TOLERANCE/COVERS/CABLES/TRACKING ERROR OPEN,NO MOTION OR SAFETY CREDIT
P07_LEFT_CAPTURE_STEP,L_hip_yaw_link,R_forearm,147.915000,0.000000,NO,PASS,NOMINAL RIGID LINK ENVELOPES; TOLERANCE/COVERS/CABLES/TRACKING ERROR OPEN,NO MOTION OR SAFETY CREDIT
P07_LEFT_CAPTURE_STEP,L_hip_yaw_link,R_gripper,198.875965,0.000000,NO,PASS,NOMINAL RIGID LINK ENVELOPES; TOLERANCE/COVERS/CABLES/TRACKING ERROR OPEN,NO MOTION OR SAFETY CREDIT
P07_LEFT_CAPTURE_STEP,L_hip_yaw_link,R_hand,176.207539,0.000000,NO,PASS,NOMINAL RIGID LINK ENVELOPES; TOLERANCE/COVERS/CABLES/TRACKING ERROR OPEN,NO MOTION OR SAFETY CREDIT
P07_LEFT_CAPTURE_STEP,L_hip_yaw_link,R_hip_roll_link,62.920637,0.000000,NO,PASS,NOMINAL RIGID LINK ENVELOPES; TOLERANCE/COVERS/CABLES/TRACKING ERROR OPEN,NO MOTION OR SAFETY CREDIT
P07_LEFT_CAPTURE_STEP,L_hip_yaw_link,R_hip_yaw_link,65.000000,0.000000,NO,PASS,NOMINAL RIGID LINK ENVELOPES; TOLERANCE/COVERS/CABLES/TRACKING ERROR OPEN,NO MOTION OR SAFETY CREDIT
P07_LEFT_CAPTURE_STEP,L_hip_yaw_link,R_shin,221.519683,0.000000,NO,PASS,NOMINAL RIGID LINK ENVELOPES; TOLERANCE/COVERS/CABLES/TRACKING ERROR OPEN,NO MOTION OR SAFETY CREDIT
P07_LEFT_CAPTURE_STEP,L_hip_yaw_link,R_shoulder_pitch_link,170.443064,0.000000,NO,PASS,NOMINAL RIGID LINK ENVELOPES; TOLERANCE/COVERS/CABLES/TRACKING ERROR OPEN,NO MOTION OR SAFETY CREDIT
P07_LEFT_CAPTURE_STEP,L_hip_yaw_link,R_thigh,57.293905,0.000000,NO,PASS,NOMINAL RIGID LINK ENVELOPES; TOLERANCE/COVERS/CABLES/TRACKING ERROR OPEN,NO MOTION OR SAFETY CREDIT
P07_LEFT_CAPTURE_STEP,L_hip_yaw_link,R_upper_arm,114.821567,0.000000,NO,PASS,NOMINAL RIGID LINK ENVELOPES; TOLERANCE/COVERS/CABLES/TRACKING ERROR OPEN,NO MOTION OR SAFETY CREDIT
P07_LEFT_CAPTURE_STEP,L_hip_yaw_link,head,228.929000,0.000000,NO,PASS,NOMINAL RIGID LINK ENVELOPES; TOLERANCE/COVERS/CABLES/TRACKING ERROR OPEN,NO MOTION OR SAFETY CREDIT
P07_LEFT_CAPTURE_STEP,L_hip_yaw_link,neck_pan_link,180.687474,0.000000,NO,PASS,NOMINAL RIGID LINK ENVELOPES; TOLERANCE/COVERS/CABLES/TRACKING ERROR OPEN,NO MOTION OR SAFETY CREDIT
P07_LEFT_CAPTURE_STEP,L_hip_yaw_link,torso,30.791000,0.000000,NO,PASS,NOMINAL RIGID LINK ENVELOPES; TOLERANCE/COVERS/CABLES/TRACKING ERROR OPEN,NO MOTION OR SAFETY CREDIT
P07_LEFT_CAPTURE_STEP,L_shin,L_shoulder_pitch_link,373.753174,0.000000,NO,PASS,NOMINAL RIGID LINK ENVELOPES; TOLERANCE/COVERS/CABLES/TRACKING ERROR OPEN,NO MOTION OR SAFETY CREDIT
P07_LEFT_CAPTURE_STEP,L_shin,L_upper_arm,248.725919,0.000000,NO,PASS,NOMINAL RIGID LINK ENVELOPES; TOLERANCE/COVERS/CABLES/TRACKING ERROR OPEN,NO MOTION OR SAFETY CREDIT
P07_LEFT_CAPTURE_STEP,L_shin,R_ankle_pitch_link,56.671983,0.000000,NO,PASS,NOMINAL RIGID LINK ENVELOPES; TOLERANCE/COVERS/CABLES/TRACKING ERROR OPEN,NO MOTION OR SAFETY CREDIT
P07_LEFT_CAPTURE_STEP,L_shin,R_foot,46.829554,0.000000,NO,PASS,NOMINAL RIGID LINK ENVELOPES; TOLERANCE/COVERS/CABLES/TRACKING ERROR OPEN,NO MOTION OR SAFETY CREDIT
P07_LEFT_CAPTURE_STEP,L_shin,R_forearm,206.085343,0.000000,NO,PASS,NOMINAL RIGID LINK ENVELOPES; TOLERANCE/COVERS/CABLES/TRACKING ERROR OPEN,NO MOTION OR SAFETY CREDIT
P07_LEFT_CAPTURE_STEP,L_shin,R_gripper,191.154392,0.000000,NO,PASS,NOMINAL RIGID LINK ENVELOPES; TOLERANCE/COVERS/CABLES/TRACKING ERROR OPEN,NO MOTION OR SAFETY CREDIT
P07_LEFT_CAPTURE_STEP,L_shin,R_hand,189.003161,0.000000,NO,PASS,NOMINAL RIGID LINK ENVELOPES; TOLERANCE/COVERS/CABLES/TRACKING ERROR OPEN,NO MOTION OR SAFETY CREDIT
P07_LEFT_CAPTURE_STEP,L_shin,R_hip_roll_link,208.556355,0.000000,NO,PASS,NOMINAL RIGID LINK ENVELOPES; TOLERANCE/COVERS/CABLES/TRACKING ERROR OPEN,NO MOTION OR SAFETY CREDIT
P07_LEFT_CAPTURE_STEP,L_shin,R_hip_yaw_link,220.866301,0.000000,NO,PASS,NOMINAL RIGID LINK ENVELOPES; TOLERANCE/COVERS/CABLES/TRACKING ERROR OPEN,NO MOTION OR SAFETY CREDIT
P07_LEFT_CAPTURE_STEP,L_shin,R_shin,55.626983,0.000000,NO,PASS,NOMINAL RIGID LINK ENVELOPES; TOLERANCE/COVERS/CABLES/TRACKING ERROR OPEN,NO MOTION OR SAFETY CREDIT
P07_LEFT_CAPTURE_STEP,L_shin,R_shoulder_pitch_link,391.937802,0.000000,NO,PASS,NOMINAL RIGID LINK ENVELOPES; TOLERANCE/COVERS/CABLES/TRACKING ERROR OPEN,NO MOTION OR SAFETY CREDIT
P07_LEFT_CAPTURE_STEP,L_shin,R_thigh,91.069217,0.000000,NO,PASS,NOMINAL RIGID LINK ENVELOPES; TOLERANCE/COVERS/CABLES/TRACKING ERROR OPEN,NO MOTION OR SAFETY CREDIT
P07_LEFT_CAPTURE_STEP,L_shin,R_upper_arm,287.332772,0.000000,NO,PASS,NOMINAL RIGID LINK ENVELOPES; TOLERANCE/COVERS/CABLES/TRACKING ERROR OPEN,NO MOTION OR SAFETY CREDIT
P07_LEFT_CAPTURE_STEP,L_shin,base_link,177.358319,0.000000,NO,PASS,NOMINAL RIGID LINK ENVELOPES; TOLERANCE/COVERS/CABLES/TRACKING ERROR OPEN,NO MOTION OR SAFETY CREDIT
P07_LEFT_CAPTURE_STEP,L_shin,head,468.584319,0.000000,NO,PASS,NOMINAL RIGID LINK ENVELOPES; TOLERANCE/COVERS/CABLES/TRACKING ERROR OPEN,NO MOTION OR SAFETY CREDIT
P07_LEFT_CAPTURE_STEP,L_shin,neck_pan_link,421.774265,0.000000,NO,PASS,NOMINAL RIGID LINK ENVELOPES; TOLERANCE/COVERS/CABLES/TRACKING ERROR OPEN,NO MOTION OR SAFETY CREDIT
P07_LEFT_CAPTURE_STEP,L_shin,torso,270.446319,0.000000,NO,PASS,NOMINAL RIGID LINK ENVELOPES; TOLERANCE/COVERS/CABLES/TRACKING ERROR OPEN,NO MOTION OR SAFETY CREDIT
P07_LEFT_CAPTURE_STEP,L_shoulder_pitch_link,L_thigh,152.635302,0.000000,NO,PASS,NOMINAL RIGID LINK ENVELOPES; TOLERANCE/COVERS/CABLES/TRACKING ERROR OPEN,NO MOTION OR SAFETY CREDIT
P07_LEFT_CAPTURE_STEP,L_shoulder_pitch_link,R_ankle_pitch_link,476.428598,0.000000,NO,PASS,NOMINAL RIGID LINK ENVELOPES; TOLERANCE/COVERS/CABLES/TRACKING ERROR OPEN,NO MOTION OR SAFETY CREDIT
P07_LEFT_CAPTURE_STEP,L_shoulder_pitch_link,R_foot,520.761882,0.000000,NO,PASS,NOMINAL RIGID LINK ENVELOPES; TOLERANCE/COVERS/CABLES/TRACKING ERROR OPEN,NO MOTION OR SAFETY CREDIT
P07_LEFT_CAPTURE_STEP,L_shoulder_pitch_link,R_forearm,234.924897,0.000000,NO,PASS,NOMINAL RIGID LINK ENVELOPES; TOLERANCE/COVERS/CABLES/TRACKING ERROR OPEN,NO MOTION OR SAFETY CREDIT
P07_LEFT_CAPTURE_STEP,L_shoulder_pitch_link,R_gripper,361.299816,0.000000,NO,PASS,NOMINAL RIGID LINK ENVELOPES; TOLERANCE/COVERS/CABLES/TRACKING ERROR OPEN,NO MOTION OR SAFETY CREDIT
P07_LEFT_CAPTURE_STEP,L_shoulder_pitch_link,R_hand,334.328664,0.000000,NO,PASS,NOMINAL RIGID LINK ENVELOPES; TOLERANCE/COVERS/CABLES/TRACKING ERROR OPEN,NO MOTION OR SAFETY CREDIT
P07_LEFT_CAPTURE_STEP,L_shoulder_pitch_link,R_hip_roll_link,181.268617,0.000000,NO,PASS,NOMINAL RIGID LINK ENVELOPES; TOLERANCE/COVERS/CABLES/TRACKING ERROR OPEN,NO MOTION OR SAFETY CREDIT
P07_LEFT_CAPTURE_STEP,L_shoulder_pitch_link,R_hip_yaw_link,178.565702,0.000000,NO,PASS,NOMINAL RIGID LINK ENVELOPES; TOLERANCE/COVERS/CABLES/TRACKING ERROR OPEN,NO MOTION OR SAFETY CREDIT
P07_LEFT_CAPTURE_STEP,L_shoulder_pitch_link,R_shin,399.835892,0.000000,NO,PASS,NOMINAL RIGID LINK ENVELOPES; TOLERANCE/COVERS/CABLES/TRACKING ERROR OPEN,NO MOTION OR SAFETY CREDIT
P07_LEFT_CAPTURE_STEP,L_shoulder_pitch_link,R_shoulder_pitch_link,170.000000,0.000000,NO,PASS,NOMINAL RIGID LINK ENVELOPES; TOLERANCE/COVERS/CABLES/TRACKING ERROR OPEN,NO MOTION OR SAFETY CREDIT
P07_LEFT_CAPTURE_STEP,L_shoulder_pitch_link,R_thigh,189.873194,0.000000,NO,PASS,NOMINAL RIGID LINK ENVELOPES; TOLERANCE/COVERS/CABLES/TRACKING ERROR OPEN,NO MOTION OR SAFETY CREDIT
P07_LEFT_CAPTURE_STEP,L_shoulder_pitch_link,R_upper_arm,167.378000,0.000000,NO,PASS,NOMINAL RIGID LINK ENVELOPES; TOLERANCE/COVERS/CABLES/TRACKING ERROR OPEN,NO MOTION OR SAFETY CREDIT
P07_LEFT_CAPTURE_STEP,L_shoulder_pitch_link,base_link,126.846362,0.000000,NO,PASS,NOMINAL RIGID LINK ENVELOPES; TOLERANCE/COVERS/CABLES/TRACKING ERROR OPEN,NO MOTION OR SAFETY CREDIT
P07_LEFT_CAPTURE_STEP,L_shoulder_pitch_link,head,33.851120,0.000000,NO,PASS,NOMINAL RIGID LINK ENVELOPES; TOLERANCE/COVERS/CABLES/TRACKING ERROR OPEN,NO MOTION OR SAFETY CREDIT
P07_LEFT_CAPTURE_STEP,L_shoulder_pitch_link,neck_pan_link,59.699000,0.000000,NO,PASS,NOMINAL RIGID LINK ENVELOPES; TOLERANCE/COVERS/CABLES/TRACKING ERROR OPEN,NO MOTION OR SAFETY CREDIT
P07_LEFT_CAPTURE_STEP,L_thigh,L_upper_arm,42.082817,0.000000,NO,PASS,NOMINAL RIGID LINK ENVELOPES; TOLERANCE/COVERS/CABLES/TRACKING ERROR OPEN,NO MOTION OR SAFETY CREDIT
P07_LEFT_CAPTURE_STEP,L_thigh,R_ankle_pitch_link,158.091871,0.000000,NO,PASS,NOMINAL RIGID LINK ENVELOPES; TOLERANCE/COVERS/CABLES/TRACKING ERROR OPEN,NO MOTION OR SAFETY CREDIT
P07_LEFT_CAPTURE_STEP,L_thigh,R_foot,203.896583,0.000000,NO,PASS,NOMINAL RIGID LINK ENVELOPES; TOLERANCE/COVERS/CABLES/TRACKING ERROR OPEN,NO MOTION OR SAFETY CREDIT
P07_LEFT_CAPTURE_STEP,L_thigh,R_forearm,139.958024,0.000000,NO,PASS,NOMINAL RIGID LINK ENVELOPES; TOLERANCE/COVERS/CABLES/TRACKING ERROR OPEN,NO MOTION OR SAFETY CREDIT
P07_LEFT_CAPTURE_STEP,L_thigh,R_gripper,152.543024,0.000000,NO,PASS,NOMINAL RIGID LINK ENVELOPES; TOLERANCE/COVERS/CABLES/TRACKING ERROR OPEN,NO MOTION OR SAFETY CREDIT
P07_LEFT_CAPTURE_STEP,L_thigh,R_hand,143.013024,0.000000,NO,PASS,NOMINAL RIGID LINK ENVELOPES; TOLERANCE/COVERS/CABLES/TRACKING ERROR OPEN,NO MOTION OR SAFETY CREDIT
P07_LEFT_CAPTURE_STEP,L_thigh,R_hip_roll_link,54.963661,0.000000,NO,PASS,NOMINAL RIGID LINK ENVELOPES; TOLERANCE/COVERS/CABLES/TRACKING ERROR OPEN,NO MOTION OR SAFETY CREDIT
P07_LEFT_CAPTURE_STEP,L_thigh,R_hip_yaw_link,57.043024,0.000000,NO,PASS,NOMINAL RIGID LINK ENVELOPES; TOLERANCE/COVERS/CABLES/TRACKING ERROR OPEN,NO MOTION OR SAFETY CREDIT
P07_LEFT_CAPTURE_STEP,L_thigh,R_shin,81.191059,0.000000,NO,PASS,NOMINAL RIGID LINK ENVELOPES; TOLERANCE/COVERS/CABLES/TRACKING ERROR OPEN,NO MOTION OR SAFETY CREDIT
P07_LEFT_CAPTURE_STEP,L_thigh,R_shoulder_pitch_link,179.406227,0.000000,NO,PASS,NOMINAL RIGID LINK ENVELOPES; TOLERANCE/COVERS/CABLES/TRACKING ERROR OPEN,NO MOTION OR SAFETY CREDIT
P07_LEFT_CAPTURE_STEP,L_thigh,R_thigh,49.626983,0.000000,NO,PASS,NOMINAL RIGID LINK ENVELOPES; TOLERANCE/COVERS/CABLES/TRACKING ERROR OPEN,NO MOTION OR SAFETY CREDIT
P07_LEFT_CAPTURE_STEP,L_thigh,R_upper_arm,110.020816,0.000000,NO,PASS,NOMINAL RIGID LINK ENVELOPES; TOLERANCE/COVERS/CABLES/TRACKING ERROR OPEN,NO MOTION OR SAFETY CREDIT
P07_LEFT_CAPTURE_STEP,L_thigh,head,247.466448,0.000000,NO,PASS,NOMINAL RIGID LINK ENVELOPES; TOLERANCE/COVERS/CABLES/TRACKING ERROR OPEN,NO MOTION OR SAFETY CREDIT
P07_LEFT_CAPTURE_STEP,L_thigh,neck_pan_link,199.097448,0.000000,NO,PASS,NOMINAL RIGID LINK ENVELOPES; TOLERANCE/COVERS/CABLES/TRACKING ERROR OPEN,NO MOTION OR SAFETY CREDIT
P07_LEFT_CAPTURE_STEP,L_thigh,torso,49.328448,0.000000,NO,PASS,NOMINAL RIGID LINK ENVELOPES; TOLERANCE/COVERS/CABLES/TRACKING ERROR OPEN,NO MOTION OR SAFETY CREDIT
P07_LEFT_CAPTURE_STEP,L_upper_arm,R_ankle_pitch_link,352.643466,0.000000,NO,PASS,NOMINAL RIGID LINK ENVELOPES; TOLERANCE/COVERS/CABLES/TRACKING ERROR OPEN,NO MOTION OR SAFETY CREDIT
P07_LEFT_CAPTURE_STEP,L_upper_arm,R_foot,396.399777,0.000000,NO,PASS,NOMINAL RIGID LINK ENVELOPES; TOLERANCE/COVERS/CABLES/TRACKING ERROR OPEN,NO MOTION OR SAFETY CREDIT
P07_LEFT_CAPTURE_STEP,L_upper_arm,R_forearm,199.840000,0.000000,NO,PASS,NOMINAL RIGID LINK ENVELOPES; TOLERANCE/COVERS/CABLES/TRACKING ERROR OPEN,NO MOTION OR SAFETY CREDIT
P07_LEFT_CAPTURE_STEP,L_upper_arm,R_gripper,269.905707,0.000000,NO,PASS,NOMINAL RIGID LINK ENVELOPES; TOLERANCE/COVERS/CABLES/TRACKING ERROR OPEN,NO MOTION OR SAFETY CREDIT
P07_LEFT_CAPTURE_STEP,L_upper_arm,R_hand,246.474021,0.000000,NO,PASS,NOMINAL RIGID LINK ENVELOPES; TOLERANCE/COVERS/CABLES/TRACKING ERROR OPEN,NO MOTION OR SAFETY CREDIT
P07_LEFT_CAPTURE_STEP,L_upper_arm,R_hip_roll_link,115.745304,0.000000,NO,PASS,NOMINAL RIGID LINK ENVELOPES; TOLERANCE/COVERS/CABLES/TRACKING ERROR OPEN,NO MOTION OR SAFETY CREDIT
P07_LEFT_CAPTURE_STEP,L_upper_arm,R_hip_yaw_link,117.276303,0.000000,NO,PASS,NOMINAL RIGID LINK ENVELOPES; TOLERANCE/COVERS/CABLES/TRACKING ERROR OPEN,NO MOTION OR SAFETY CREDIT
P07_LEFT_CAPTURE_STEP,L_upper_arm,R_shin,276.544973,0.000000,NO,PASS,NOMINAL RIGID LINK ENVELOPES; TOLERANCE/COVERS/CABLES/TRACKING ERROR OPEN,NO MOTION OR SAFETY CREDIT
P07_LEFT_CAPTURE_STEP,L_upper_arm,R_shoulder_pitch_link,169.012000,0.000000,NO,PASS,NOMINAL RIGID LINK ENVELOPES; TOLERANCE/COVERS/CABLES/TRACKING ERROR OPEN,NO MOTION OR SAFETY CREDIT
P07_LEFT_CAPTURE_STEP,L_upper_arm,R_thigh,99.769496,0.000000,NO,PASS,NOMINAL RIGID LINK ENVELOPES; TOLERANCE/COVERS/CABLES/TRACKING ERROR OPEN,NO MOTION OR SAFETY CREDIT
P07_LEFT_CAPTURE_STEP,L_upper_arm,R_upper_arm,166.390000,0.000000,NO,PASS,NOMINAL RIGID LINK ENVELOPES; TOLERANCE/COVERS/CABLES/TRACKING ERROR OPEN,NO MOTION OR SAFETY CREDIT
P07_LEFT_CAPTURE_STEP,L_upper_arm,base_link,13.566427,0.000000,NO,PASS,NOMINAL RIGID LINK ENVELOPES; TOLERANCE/COVERS/CABLES/TRACKING ERROR OPEN,NO MOTION OR SAFETY CREDIT
P07_LEFT_CAPTURE_STEP,L_upper_arm,head,65.288373,0.000000,NO,PASS,NOMINAL RIGID LINK ENVELOPES; TOLERANCE/COVERS/CABLES/TRACKING ERROR OPEN,NO MOTION OR SAFETY CREDIT
P07_LEFT_CAPTURE_STEP,L_upper_arm,neck_pan_link,60.823525,0.000000,NO,PASS,NOMINAL RIGID LINK ENVELOPES; TOLERANCE/COVERS/CABLES/TRACKING ERROR OPEN,NO MOTION OR SAFETY CREDIT
P07_LEFT_CAPTURE_STEP,R_ankle_pitch_link,R_forearm,214.652334,0.000000,NO,PASS,NOMINAL RIGID LINK ENVELOPES; TOLERANCE/COVERS/CABLES/TRACKING ERROR OPEN,NO MOTION OR SAFETY CREDIT
P07_LEFT_CAPTURE_STEP,R_ankle_pitch_link,R_gripper,144.604954,0.000000,NO,PASS,NOMINAL RIGID LINK ENVELOPES; TOLERANCE/COVERS/CABLES/TRACKING ERROR OPEN,NO MOTION OR SAFETY CREDIT
P07_LEFT_CAPTURE_STEP,R_ankle_pitch_link,R_hand,170.469016,0.000000,NO,PASS,NOMINAL RIGID LINK ENVELOPES; TOLERANCE/COVERS/CABLES/TRACKING ERROR OPEN,NO MOTION OR SAFETY CREDIT
P07_LEFT_CAPTURE_STEP,R_ankle_pitch_link,R_hip_roll_link,285.684511,0.000000,NO,PASS,NOMINAL RIGID LINK ENVELOPES; TOLERANCE/COVERS/CABLES/TRACKING ERROR OPEN,NO MOTION OR SAFETY CREDIT
P07_LEFT_CAPTURE_STEP,R_ankle_pitch_link,R_hip_yaw_link,298.351809,0.000000,NO,PASS,NOMINAL RIGID LINK ENVELOPES; TOLERANCE/COVERS/CABLES/TRACKING ERROR OPEN,NO MOTION OR SAFETY CREDIT
P07_LEFT_CAPTURE_STEP,R_ankle_pitch_link,R_shoulder_pitch_link,463.692385,0.000000,NO,PASS,NOMINAL RIGID LINK ENVELOPES; TOLERANCE/COVERS/CABLES/TRACKING ERROR OPEN,NO MOTION OR SAFETY CREDIT
P07_LEFT_CAPTURE_STEP,R_ankle_pitch_link,R_thigh,158.804907,0.000000,NO,PASS,NOMINAL RIGID LINK ENVELOPES; TOLERANCE/COVERS/CABLES/TRACKING ERROR OPEN,NO MOTION OR SAFETY CREDIT
P07_LEFT_CAPTURE_STEP,R_ankle_pitch_link,R_upper_arm,349.092222,0.000000,NO,PASS,NOMINAL RIGID LINK ENVELOPES; TOLERANCE/COVERS/CABLES/TRACKING ERROR OPEN,NO MOTION OR SAFETY CREDIT
P07_LEFT_CAPTURE_STEP,R_ankle_pitch_link,base_link,276.054809,0.000000,NO,PASS,NOMINAL RIGID LINK ENVELOPES; TOLERANCE/COVERS/CABLES/TRACKING ERROR OPEN,NO MOTION OR SAFETY CREDIT
P07_LEFT_CAPTURE_STEP,R_ankle_pitch_link,head,567.280809,0.000000,NO,PASS,NOMINAL RIGID LINK ENVELOPES; TOLERANCE/COVERS/CABLES/TRACKING ERROR OPEN,NO MOTION OR SAFETY CREDIT
P07_LEFT_CAPTURE_STEP,R_ankle_pitch_link,neck_pan_link,518.911809,0.000000,NO,PASS,NOMINAL RIGID LINK ENVELOPES; TOLERANCE/COVERS/CABLES/TRACKING ERROR OPEN,NO MOTION OR SAFETY CREDIT
P07_LEFT_CAPTURE_STEP,R_ankle_pitch_link,torso,369.142809,0.000000,NO,PASS,NOMINAL RIGID LINK ENVELOPES; TOLERANCE/COVERS/CABLES/TRACKING ERROR OPEN,NO MOTION OR SAFETY CREDIT
P07_LEFT_CAPTURE_STEP,R_foot,R_forearm,256.521028,0.000000,NO,PASS,NOMINAL RIGID LINK ENVELOPES; TOLERANCE/COVERS/CABLES/TRACKING ERROR OPEN,NO MOTION OR SAFETY CREDIT
P07_LEFT_CAPTURE_STEP,R_foot,R_gripper,181.074990,0.000000,NO,PASS,NOMINAL RIGID LINK ENVELOPES; TOLERANCE/COVERS/CABLES/TRACKING ERROR OPEN,NO MOTION OR SAFETY CREDIT
P07_LEFT_CAPTURE_STEP,R_foot,R_hand,210.436448,0.000000,NO,PASS,NOMINAL RIGID LINK ENVELOPES; TOLERANCE/COVERS/CABLES/TRACKING ERROR OPEN,NO MOTION OR SAFETY CREDIT
P07_LEFT_CAPTURE_STEP,R_foot,R_hip_roll_link,331.490269,0.000000,NO,PASS,NOMINAL RIGID LINK ENVELOPES; TOLERANCE/COVERS/CABLES/TRACKING ERROR OPEN,NO MOTION OR SAFETY CREDIT
P07_LEFT_CAPTURE_STEP,R_foot,R_hip_yaw_link,344.157568,0.000000,NO,PASS,NOMINAL RIGID LINK ENVELOPES; TOLERANCE/COVERS/CABLES/TRACKING ERROR OPEN,NO MOTION OR SAFETY CREDIT
P07_LEFT_CAPTURE_STEP,R_foot,R_shoulder_pitch_link,508.843503,0.000000,NO,PASS,NOMINAL RIGID LINK ENVELOPES; TOLERANCE/COVERS/CABLES/TRACKING ERROR OPEN,NO MOTION OR SAFETY CREDIT
P07_LEFT_CAPTURE_STEP,R_foot,R_thigh,204.610665,0.000000,NO,PASS,NOMINAL RIGID LINK ENVELOPES; TOLERANCE/COVERS/CABLES/TRACKING ERROR OPEN,NO MOTION OR SAFETY CREDIT
P07_LEFT_CAPTURE_STEP,R_foot,R_upper_arm,394.081139,0.000000,NO,PASS,NOMINAL RIGID LINK ENVELOPES; TOLERANCE/COVERS/CABLES/TRACKING ERROR OPEN,NO MOTION OR SAFETY CREDIT
P07_LEFT_CAPTURE_STEP,R_foot,base_link,321.860568,0.000000,NO,PASS,NOMINAL RIGID LINK ENVELOPES; TOLERANCE/COVERS/CABLES/TRACKING ERROR OPEN,NO MOTION OR SAFETY CREDIT
P07_LEFT_CAPTURE_STEP,R_foot,head,613.086568,0.000000,NO,PASS,NOMINAL RIGID LINK ENVELOPES; TOLERANCE/COVERS/CABLES/TRACKING ERROR OPEN,NO MOTION OR SAFETY CREDIT
P07_LEFT_CAPTURE_STEP,R_foot,neck_pan_link,564.717568,0.000000,NO,PASS,NOMINAL RIGID LINK ENVELOPES; TOLERANCE/COVERS/CABLES/TRACKING ERROR OPEN,NO MOTION OR SAFETY CREDIT
P07_LEFT_CAPTURE_STEP,R_foot,torso,414.948568,0.000000,NO,PASS,NOMINAL RIGID LINK ENVELOPES; TOLERANCE/COVERS/CABLES/TRACKING ERROR OPEN,NO MOTION OR SAFETY CREDIT
P07_LEFT_CAPTURE_STEP,R_forearm,R_gripper,24.853000,0.000000,NO,PASS,NOMINAL RIGID LINK ENVELOPES; TOLERANCE/COVERS/CABLES/TRACKING ERROR OPEN,NO MOTION OR SAFETY CREDIT
P07_LEFT_CAPTURE_STEP,R_forearm,R_hip_roll_link,20.835637,0.000000,NO,PASS,NOMINAL RIGID LINK ENVELOPES; TOLERANCE/COVERS/CABLES/TRACKING ERROR OPEN,NO MOTION OR SAFETY CREDIT
P07_LEFT_CAPTURE_STEP,R_forearm,R_hip_yaw_link,22.915000,0.000000,NO,PASS,NOMINAL RIGID LINK ENVELOPES; TOLERANCE/COVERS/CABLES/TRACKING ERROR OPEN,NO MOTION OR SAFETY CREDIT
P07_LEFT_CAPTURE_STEP,R_forearm,R_shin,138.414105,0.000000,NO,PASS,NOMINAL RIGID LINK ENVELOPES; TOLERANCE/COVERS/CABLES/TRACKING ERROR OPEN,NO MOTION OR SAFETY CREDIT
P07_LEFT_CAPTURE_STEP,R_forearm,R_shoulder_pitch_link,111.655509,0.000000,NO,PASS,NOMINAL RIGID LINK ENVELOPES; TOLERANCE/COVERS/CABLES/TRACKING ERROR OPEN,NO MOTION OR SAFETY CREDIT
P07_LEFT_CAPTURE_STEP,R_forearm,R_thigh,16.979332,0.000000,NO,PASS,NOMINAL RIGID LINK ENVELOPES; TOLERANCE/COVERS/CABLES/TRACKING ERROR OPEN,NO MOTION OR SAFETY CREDIT
P07_LEFT_CAPTURE_STEP,R_forearm,base_link,35.135000,0.000000,NO,PASS,NOMINAL RIGID LINK ENVELOPES; TOLERANCE/COVERS/CABLES/TRACKING ERROR OPEN,NO MOTION OR SAFETY CREDIT
P07_LEFT_CAPTURE_STEP,R_forearm,head,220.081508,0.000000,NO,PASS,NOMINAL RIGID LINK ENVELOPES; TOLERANCE/COVERS/CABLES/TRACKING ERROR OPEN,NO MOTION OR SAFETY CREDIT
P07_LEFT_CAPTURE_STEP,R_forearm,neck_pan_link,189.564777,0.000000,NO,PASS,NOMINAL RIGID LINK ENVELOPES; TOLERANCE/COVERS/CABLES/TRACKING ERROR OPEN,NO MOTION OR SAFETY CREDIT
P07_LEFT_CAPTURE_STEP,R_forearm,torso,33.169129,0.000000,NO,PASS,NOMINAL RIGID LINK ENVELOPES; TOLERANCE/COVERS/CABLES/TRACKING ERROR OPEN,NO MOTION OR SAFETY CREDIT
P07_LEFT_CAPTURE_STEP,R_gripper,R_hip_roll_link,109.970838,0.000000,NO,PASS,NOMINAL RIGID LINK ENVELOPES; TOLERANCE/COVERS/CABLES/TRACKING ERROR OPEN,NO MOTION OR SAFETY CREDIT
P07_LEFT_CAPTURE_STEP,R_gripper,R_hip_yaw_link,122.685164,0.000000,NO,PASS,NOMINAL RIGID LINK ENVELOPES; TOLERANCE/COVERS/CABLES/TRACKING ERROR OPEN,NO MOTION OR SAFETY CREDIT
P07_LEFT_CAPTURE_STEP,R_gripper,R_shin,80.771748,0.000000,NO,PASS,NOMINAL RIGID LINK ENVELOPES; TOLERANCE/COVERS/CABLES/TRACKING ERROR OPEN,NO MOTION OR SAFETY CREDIT
P07_LEFT_CAPTURE_STEP,R_gripper,R_shoulder_pitch_link,281.318192,0.000000,NO,PASS,NOMINAL RIGID LINK ENVELOPES; TOLERANCE/COVERS/CABLES/TRACKING ERROR OPEN,NO MOTION OR SAFETY CREDIT
P07_LEFT_CAPTURE_STEP,R_gripper,R_thigh,45.950736,0.000000,NO,PASS,NOMINAL RIGID LINK ENVELOPES; TOLERANCE/COVERS/CABLES/TRACKING ERROR OPEN,NO MOTION OR SAFETY CREDIT
P07_LEFT_CAPTURE_STEP,R_gripper,R_upper_arm,166.478696,0.000000,NO,PASS,NOMINAL RIGID LINK ENVELOPES; TOLERANCE/COVERS/CABLES/TRACKING ERROR OPEN,NO MOTION OR SAFETY CREDIT
P07_LEFT_CAPTURE_STEP,R_gripper,base_link,106.436732,0.000000,NO,PASS,NOMINAL RIGID LINK ENVELOPES; TOLERANCE/COVERS/CABLES/TRACKING ERROR OPEN,NO MOTION OR SAFETY CREDIT
P07_LEFT_CAPTURE_STEP,R_gripper,head,389.701810,0.000000,NO,PASS,NOMINAL RIGID LINK ENVELOPES; TOLERANCE/COVERS/CABLES/TRACKING ERROR OPEN,NO MOTION OR SAFETY CREDIT
P07_LEFT_CAPTURE_STEP,R_gripper,neck_pan_link,352.398512,0.000000,NO,PASS,NOMINAL RIGID LINK ENVELOPES; TOLERANCE/COVERS/CABLES/TRACKING ERROR OPEN,NO MOTION OR SAFETY CREDIT
P07_LEFT_CAPTURE_STEP,R_gripper,torso,191.047946,0.000000,NO,PASS,NOMINAL RIGID LINK ENVELOPES; TOLERANCE/COVERS/CABLES/TRACKING ERROR OPEN,NO MOTION OR SAFETY CREDIT
P07_LEFT_CAPTURE_STEP,R_hand,R_hip_roll_link,81.769506,0.000000,NO,PASS,NOMINAL RIGID LINK ENVELOPES; TOLERANCE/COVERS/CABLES/TRACKING ERROR OPEN,NO MOTION OR SAFETY CREDIT
P07_LEFT_CAPTURE_STEP,R_hand,R_hip_yaw_link,94.507126,0.000000,NO,PASS,NOMINAL RIGID LINK ENVELOPES; TOLERANCE/COVERS/CABLES/TRACKING ERROR OPEN,NO MOTION OR SAFETY CREDIT
P07_LEFT_CAPTURE_STEP,R_hand,R_shin,97.703641,0.000000,NO,PASS,NOMINAL RIGID LINK ENVELOPES; TOLERANCE/COVERS/CABLES/TRACKING ERROR OPEN,NO MOTION OR SAFETY CREDIT
P07_LEFT_CAPTURE_STEP,R_hand,R_shoulder_pitch_link,254.729593,0.000000,NO,PASS,NOMINAL RIGID LINK ENVELOPES; TOLERANCE/COVERS/CABLES/TRACKING ERROR OPEN,NO MOTION OR SAFETY CREDIT
P07_LEFT_CAPTURE_STEP,R_hand,R_thigh,32.680526,0.000000,NO,PASS,NOMINAL RIGID LINK ENVELOPES; TOLERANCE/COVERS/CABLES/TRACKING ERROR OPEN,NO MOTION OR SAFETY CREDIT
P07_LEFT_CAPTURE_STEP,R_hand,R_upper_arm,139.910802,0.000000,NO,PASS,NOMINAL RIGID LINK ENVELOPES; TOLERANCE/COVERS/CABLES/TRACKING ERROR OPEN,NO MOTION OR SAFETY CREDIT
P07_LEFT_CAPTURE_STEP,R_hand,base_link,78.489367,0.000000,NO,PASS,NOMINAL RIGID LINK ENVELOPES; TOLERANCE/COVERS/CABLES/TRACKING ERROR OPEN,NO MOTION OR SAFETY CREDIT
P07_LEFT_CAPTURE_STEP,R_hand,head,362.166416,0.000000,NO,PASS,NOMINAL RIGID LINK ENVELOPES; TOLERANCE/COVERS/CABLES/TRACKING ERROR OPEN,NO MOTION OR SAFETY CREDIT
P07_LEFT_CAPTURE_STEP,R_hand,neck_pan_link,324.223858,0.000000,NO,PASS,NOMINAL RIGID LINK ENVELOPES; TOLERANCE/COVERS/CABLES/TRACKING ERROR OPEN,NO MOTION OR SAFETY CREDIT
P07_LEFT_CAPTURE_STEP,R_hand,torso,163.312590,0.000000,NO,PASS,NOMINAL RIGID LINK ENVELOPES; TOLERANCE/COVERS/CABLES/TRACKING ERROR OPEN,NO MOTION OR SAFETY CREDIT
P07_LEFT_CAPTURE_STEP,R_hip_roll_link,R_shin,208.784745,0.000000,NO,PASS,NOMINAL RIGID LINK ENVELOPES; TOLERANCE/COVERS/CABLES/TRACKING ERROR OPEN,NO MOTION OR SAFETY CREDIT
P07_LEFT_CAPTURE_STEP,R_hip_roll_link,R_shoulder_pitch_link,129.193400,0.000000,NO,PASS,NOMINAL RIGID LINK ENVELOPES; TOLERANCE/COVERS/CABLES/TRACKING ERROR OPEN,NO MOTION OR SAFETY CREDIT
P07_LEFT_CAPTURE_STEP,R_hip_roll_link,R_upper_arm,21.212651,0.000000,NO,PASS,NOMINAL RIGID LINK ENVELOPES; TOLERANCE/COVERS/CABLES/TRACKING ERROR OPEN,NO MOTION OR SAFETY CREDIT
P07_LEFT_CAPTURE_STEP,R_hip_roll_link,head,234.261701,0.000000,NO,PASS,NOMINAL RIGID LINK ENVELOPES; TOLERANCE/COVERS/CABLES/TRACKING ERROR OPEN,NO MOTION OR SAFETY CREDIT
P07_LEFT_CAPTURE_STEP,R_hip_roll_link,neck_pan_link,185.904957,0.000000,NO,PASS,NOMINAL RIGID LINK ENVELOPES; TOLERANCE/COVERS/CABLES/TRACKING ERROR OPEN,NO MOTION OR SAFETY CREDIT
P07_LEFT_CAPTURE_STEP,R_hip_roll_link,torso,36.123701,0.000000,NO,PASS,NOMINAL RIGID LINK ENVELOPES; TOLERANCE/COVERS/CABLES/TRACKING ERROR OPEN,NO MOTION OR SAFETY CREDIT
P07_LEFT_CAPTURE_STEP,R_hip_yaw_link,R_shin,221.452043,0.000000,NO,PASS,NOMINAL RIGID LINK ENVELOPES; TOLERANCE/COVERS/CABLES/TRACKING ERROR OPEN,NO MOTION OR SAFETY CREDIT
P07_LEFT_CAPTURE_STEP,R_hip_yaw_link,R_shoulder_pitch_link,123.860699,0.000000,NO,PASS,NOMINAL RIGID LINK ENVELOPES; TOLERANCE/COVERS/CABLES/TRACKING ERROR OPEN,NO MOTION OR SAFETY CREDIT
P07_LEFT_CAPTURE_STEP,R_hip_yaw_link,R_upper_arm,9.041907,0.000000,NO,PASS,NOMINAL RIGID LINK ENVELOPES; TOLERANCE/COVERS/CABLES/TRACKING ERROR OPEN,NO MOTION OR SAFETY CREDIT
P07_LEFT_CAPTURE_STEP,R_hip_yaw_link,head,228.929000,0.000000,NO,PASS,NOMINAL RIGID LINK ENVELOPES; TOLERANCE/COVERS/CABLES/TRACKING ERROR OPEN,NO MOTION OR SAFETY CREDIT
P07_LEFT_CAPTURE_STEP,R_hip_yaw_link,neck_pan_link,180.609167,0.000000,NO,PASS,NOMINAL RIGID LINK ENVELOPES; TOLERANCE/COVERS/CABLES/TRACKING ERROR OPEN,NO MOTION OR SAFETY CREDIT
P07_LEFT_CAPTURE_STEP,R_hip_yaw_link,torso,30.791000,0.000000,NO,PASS,NOMINAL RIGID LINK ENVELOPES; TOLERANCE/COVERS/CABLES/TRACKING ERROR OPEN,NO MOTION OR SAFETY CREDIT
P07_LEFT_CAPTURE_STEP,R_shin,R_shoulder_pitch_link,386.109289,0.000000,NO,PASS,NOMINAL RIGID LINK ENVELOPES; TOLERANCE/COVERS/CABLES/TRACKING ERROR OPEN,NO MOTION OR SAFETY CREDIT
P07_LEFT_CAPTURE_STEP,R_shin,R_upper_arm,271.400690,0.000000,NO,PASS,NOMINAL RIGID LINK ENVELOPES; TOLERANCE/COVERS/CABLES/TRACKING ERROR OPEN,NO MOTION OR SAFETY CREDIT
P07_LEFT_CAPTURE_STEP,R_shin,base_link,199.155043,0.000000,NO,PASS,NOMINAL RIGID LINK ENVELOPES; TOLERANCE/COVERS/CABLES/TRACKING ERROR OPEN,NO MOTION OR SAFETY CREDIT
P07_LEFT_CAPTURE_STEP,R_shin,head,490.381043,0.000000,NO,PASS,NOMINAL RIGID LINK ENVELOPES; TOLERANCE/COVERS/CABLES/TRACKING ERROR OPEN,NO MOTION OR SAFETY CREDIT
P07_LEFT_CAPTURE_STEP,R_shin,neck_pan_link,442.012043,0.000000,NO,PASS,NOMINAL RIGID LINK ENVELOPES; TOLERANCE/COVERS/CABLES/TRACKING ERROR OPEN,NO MOTION OR SAFETY CREDIT
P07_LEFT_CAPTURE_STEP,R_shin,torso,292.243043,0.000000,NO,PASS,NOMINAL RIGID LINK ENVELOPES; TOLERANCE/COVERS/CABLES/TRACKING ERROR OPEN,NO MOTION OR SAFETY CREDIT
P07_LEFT_CAPTURE_STEP,R_shoulder_pitch_link,R_thigh,155.923038,0.000000,NO,PASS,NOMINAL RIGID LINK ENVELOPES; TOLERANCE/COVERS/CABLES/TRACKING ERROR OPEN,NO MOTION OR SAFETY CREDIT
P07_LEFT_CAPTURE_STEP,R_shoulder_pitch_link,base_link,116.237521,0.000000,NO,PASS,NOMINAL RIGID LINK ENVELOPES; TOLERANCE/COVERS/CABLES/TRACKING ERROR OPEN,NO MOTION OR SAFETY CREDIT
P07_LEFT_CAPTURE_STEP,R_shoulder_pitch_link,head,38.434258,0.000000,NO,PASS,NOMINAL RIGID LINK ENVELOPES; TOLERANCE/COVERS/CABLES/TRACKING ERROR OPEN,NO MOTION OR SAFETY CREDIT
P07_LEFT_CAPTURE_STEP,R_shoulder_pitch_link,neck_pan_link,56.301000,0.000000,NO,PASS,NOMINAL RIGID LINK ENVELOPES; TOLERANCE/COVERS/CABLES/TRACKING ERROR OPEN,NO MOTION OR SAFETY CREDIT
P07_LEFT_CAPTURE_STEP,R_thigh,R_upper_arm,41.104246,0.000000,NO,PASS,NOMINAL RIGID LINK ENVELOPES; TOLERANCE/COVERS/CABLES/TRACKING ERROR OPEN,NO MOTION OR SAFETY CREDIT
P07_LEFT_CAPTURE_STEP,R_thigh,head,260.991339,0.000000,NO,PASS,NOMINAL RIGID LINK ENVELOPES; TOLERANCE/COVERS/CABLES/TRACKING ERROR OPEN,NO MOTION OR SAFETY CREDIT
P07_LEFT_CAPTURE_STEP,R_thigh,neck_pan_link,212.622339,0.000000,NO,PASS,NOMINAL RIGID LINK ENVELOPES; TOLERANCE/COVERS/CABLES/TRACKING ERROR OPEN,NO MOTION OR SAFETY CREDIT
P07_LEFT_CAPTURE_STEP,R_thigh,torso,62.853339,0.000000,NO,PASS,NOMINAL RIGID LINK ENVELOPES; TOLERANCE/COVERS/CABLES/TRACKING ERROR OPEN,NO MOTION OR SAFETY CREDIT
P07_LEFT_CAPTURE_STEP,R_upper_arm,base_link,7.193175,0.000000,NO,PASS,NOMINAL RIGID LINK ENVELOPES; TOLERANCE/COVERS/CABLES/TRACKING ERROR OPEN,NO MOTION OR SAFETY CREDIT
P07_LEFT_CAPTURE_STEP,R_upper_arm,head,64.471021,0.000000,NO,PASS,NOMINAL RIGID LINK ENVELOPES; TOLERANCE/COVERS/CABLES/TRACKING ERROR OPEN,NO MOTION OR SAFETY CREDIT
P07_LEFT_CAPTURE_STEP,R_upper_arm,neck_pan_link,55.989887,0.000000,NO,PASS,NOMINAL RIGID LINK ENVELOPES; TOLERANCE/COVERS/CABLES/TRACKING ERROR OPEN,NO MOTION OR SAFETY CREDIT
P07_LEFT_CAPTURE_STEP,base_link,head,221.226000,0.000000,NO,PASS,NOMINAL RIGID LINK ENVELOPES; TOLERANCE/COVERS/CABLES/TRACKING ERROR OPEN,NO MOTION OR SAFETY CREDIT
P07_LEFT_CAPTURE_STEP,base_link,neck_pan_link,172.857000,0.000000,NO,PASS,NOMINAL RIGID LINK ENVELOPES; TOLERANCE/COVERS/CABLES/TRACKING ERROR OPEN,NO MOTION OR SAFETY CREDIT
P07_LEFT_CAPTURE_STEP,head,torso,43.138000,0.000000,NO,PASS,NOMINAL RIGID LINK ENVELOPES; TOLERANCE/COVERS/CABLES/TRACKING ERROR OPEN,NO MOTION OR SAFETY CREDIT
