reference,pin,net,footprint,source,evidence,execution_state,authority,warning
J1,1,PDU_0V,TerminalBlock_MetzConnect:TerminalBlock_MetzConnect_Type703_RT10N02HGLU_1x02_P9.52mm_Horizontal,https://www.jst-mfg.com/product/pdf/eng/eVH.pdf,existing five-feed input boundary; exact terminal and production footprint remain under predecessor holds,NOT EXECUTED,"NO PROCUREMENT, FABRICATION, CONNECTION, POWERED-TEST, MOTION OR ENERGIZATION AUTHORITY","PRELIMINARY - WALKING-POWER ARCHITECTURE CANDIDATE ONLY - NOT APPROVED FOR PROCUREMENT, FABRICATION, CONNECTION, POWERED TESTING, MOTION OR ENERGIZATION"
J1,2,PDU_12V_IN,TerminalBlock_MetzConnect:TerminalBlock_MetzConnect_Type703_RT10N02HGLU_1x02_P9.52mm_Horizontal,https://www.jst-mfg.com/product/pdf/eng/eVH.pdf,existing five-feed input boundary; exact terminal and production footprint remain under predecessor holds,NOT EXECUTED,"NO PROCUREMENT, FABRICATION, CONNECTION, POWERED-TEST, MOTION OR ENERGIZATION AUTHORITY","PRELIMINARY - WALKING-POWER ARCHITECTURE CANDIDATE ONLY - NOT APPROVED FOR PROCUREMENT, FABRICATION, CONNECTION, POWERED TESTING, MOTION OR ENERGIZATION"
JBRK,1,PDU_0V,Connector_JST:JST_VH_B3P-VH_1x03_P3.96mm_Vertical,https://www.jst-mfg.com/product/pdf/eng/eVH.pdf,physical three-contact architecture interface only; current rating and exact chopper remain selection required,NOT EXECUTED,"NO PROCUREMENT, FABRICATION, CONNECTION, POWERED-TEST, MOTION OR ENERGIZATION AUTHORITY","PRELIMINARY - WALKING-POWER ARCHITECTURE CANDIDATE ONLY - NOT APPROVED FOR PROCUREMENT, FABRICATION, CONNECTION, POWERED TESTING, MOTION OR ENERGIZATION"
JBRK,2,PDU_12V_IN,Connector_JST:JST_VH_B3P-VH_1x03_P3.96mm_Vertical,https://www.jst-mfg.com/product/pdf/eng/eVH.pdf,physical three-contact architecture interface only; current rating and exact chopper remain selection required,NOT EXECUTED,"NO PROCUREMENT, FABRICATION, CONNECTION, POWERED-TEST, MOTION OR ENERGIZATION AUTHORITY","PRELIMINARY - WALKING-POWER ARCHITECTURE CANDIDATE ONLY - NOT APPROVED FOR PROCUREMENT, FABRICATION, CONNECTION, POWERED TESTING, MOTION OR ENERGIZATION"
JBRK,3,DUMP_DIAG,Connector_JST:JST_VH_B3P-VH_1x03_P3.96mm_Vertical,https://www.jst-mfg.com/product/pdf/eng/eVH.pdf,physical three-contact architecture interface only; current rating and exact chopper remain selection required,NOT EXECUTED,"NO PROCUREMENT, FABRICATION, CONNECTION, POWERED-TEST, MOTION OR ENERGIZATION AUTHORITY","PRELIMINARY - WALKING-POWER ARCHITECTURE CANDIDATE ONLY - NOT APPROVED FOR PROCUREMENT, FABRICATION, CONNECTION, POWERED TESTING, MOTION OR ENERGIZATION"
U1F,1,CH1_EN,,https://www.ti.com/lit/ds/symlink/tps25948.pdf,TPS259482LYWPR candidate; native footprint deliberately blank until exact TI YWP0012A land pattern is generated and DFM-accepted,NOT EXECUTED,"NO PROCUREMENT, FABRICATION, CONNECTION, POWERED-TEST, MOTION OR ENERGIZATION AUTHORITY","PRELIMINARY - WALKING-POWER ARCHITECTURE CANDIDATE ONLY - NOT APPROVED FOR PROCUREMENT, FABRICATION, CONNECTION, POWERED TESTING, MOTION OR ENERGIZATION"
U1F,2,CH1_OV_F,,https://www.ti.com/lit/ds/symlink/tps25948.pdf,TPS259482LYWPR candidate; native footprint deliberately blank until exact TI YWP0012A land pattern is generated and DFM-accepted,NOT EXECUTED,"NO PROCUREMENT, FABRICATION, CONNECTION, POWERED-TEST, MOTION OR ENERGIZATION AUTHORITY","PRELIMINARY - WALKING-POWER ARCHITECTURE CANDIDATE ONLY - NOT APPROVED FOR PROCUREMENT, FABRICATION, CONNECTION, POWERED TESTING, MOTION OR ENERGIZATION"
U1F,3,CH1_PG_F,,https://www.ti.com/lit/ds/symlink/tps25948.pdf,TPS259482LYWPR candidate; native footprint deliberately blank until exact TI YWP0012A land pattern is generated and DFM-accepted,NOT EXECUTED,"NO PROCUREMENT, FABRICATION, CONNECTION, POWERED-TEST, MOTION OR ENERGIZATION AUTHORITY","PRELIMINARY - WALKING-POWER ARCHITECTURE CANDIDATE ONLY - NOT APPROVED FOR PROCUREMENT, FABRICATION, CONNECTION, POWERED TESTING, MOTION OR ENERGIZATION"
U1F,4,CH1_RCBCTRL,,https://www.ti.com/lit/ds/symlink/tps25948.pdf,TPS259482LYWPR candidate; native footprint deliberately blank until exact TI YWP0012A land pattern is generated and DFM-accepted,NOT EXECUTED,"NO PROCUREMENT, FABRICATION, CONNECTION, POWERED-TEST, MOTION OR ENERGIZATION AUTHORITY","PRELIMINARY - WALKING-POWER ARCHITECTURE CANDIDATE ONLY - NOT APPROVED FOR PROCUREMENT, FABRICATION, CONNECTION, POWERED TESTING, MOTION OR ENERGIZATION"
U1F,5,PDU_12V_IN,,https://www.ti.com/lit/ds/symlink/tps25948.pdf,TPS259482LYWPR candidate; native footprint deliberately blank until exact TI YWP0012A land pattern is generated and DFM-accepted,NOT EXECUTED,"NO PROCUREMENT, FABRICATION, CONNECTION, POWERED-TEST, MOTION OR ENERGIZATION AUTHORITY","PRELIMINARY - WALKING-POWER ARCHITECTURE CANDIDATE ONLY - NOT APPROVED FOR PROCUREMENT, FABRICATION, CONNECTION, POWERED TESTING, MOTION OR ENERGIZATION"
U1F,6,CH1_MID,,https://www.ti.com/lit/ds/symlink/tps25948.pdf,TPS259482LYWPR candidate; native footprint deliberately blank until exact TI YWP0012A land pattern is generated and DFM-accepted,NOT EXECUTED,"NO PROCUREMENT, FABRICATION, CONNECTION, POWERED-TEST, MOTION OR ENERGIZATION AUTHORITY","PRELIMINARY - WALKING-POWER ARCHITECTURE CANDIDATE ONLY - NOT APPROVED FOR PROCUREMENT, FABRICATION, CONNECTION, POWERED TESTING, MOTION OR ENERGIZATION"
U1F,7,CH1_DVDT_F,,https://www.ti.com/lit/ds/symlink/tps25948.pdf,TPS259482LYWPR candidate; native footprint deliberately blank until exact TI YWP0012A land pattern is generated and DFM-accepted,NOT EXECUTED,"NO PROCUREMENT, FABRICATION, CONNECTION, POWERED-TEST, MOTION OR ENERGIZATION AUTHORITY","PRELIMINARY - WALKING-POWER ARCHITECTURE CANDIDATE ONLY - NOT APPROVED FOR PROCUREMENT, FABRICATION, CONNECTION, POWERED TESTING, MOTION OR ENERGIZATION"
U1F,8,PDU_0V,,https://www.ti.com/lit/ds/symlink/tps25948.pdf,TPS259482LYWPR candidate; native footprint deliberately blank until exact TI YWP0012A land pattern is generated and DFM-accepted,NOT EXECUTED,"NO PROCUREMENT, FABRICATION, CONNECTION, POWERED-TEST, MOTION OR ENERGIZATION AUTHORITY","PRELIMINARY - WALKING-POWER ARCHITECTURE CANDIDATE ONLY - NOT APPROVED FOR PROCUREMENT, FABRICATION, CONNECTION, POWERED TESTING, MOTION OR ENERGIZATION"
U1F,9,CH1_ILM_F,,https://www.ti.com/lit/ds/symlink/tps25948.pdf,TPS259482LYWPR candidate; native footprint deliberately blank until exact TI YWP0012A land pattern is generated and DFM-accepted,NOT EXECUTED,"NO PROCUREMENT, FABRICATION, CONNECTION, POWERED-TEST, MOTION OR ENERGIZATION AUTHORITY","PRELIMINARY - WALKING-POWER ARCHITECTURE CANDIDATE ONLY - NOT APPROVED FOR PROCUREMENT, FABRICATION, CONNECTION, POWERED TESTING, MOTION OR ENERGIZATION"
U1F,10,CH1_ITIMER_F,,https://www.ti.com/lit/ds/symlink/tps25948.pdf,TPS259482LYWPR candidate; native footprint deliberately blank until exact TI YWP0012A land pattern is generated and DFM-accepted,NOT EXECUTED,"NO PROCUREMENT, FABRICATION, CONNECTION, POWERED-TEST, MOTION OR ENERGIZATION AUTHORITY","PRELIMINARY - WALKING-POWER ARCHITECTURE CANDIDATE ONLY - NOT APPROVED FOR PROCUREMENT, FABRICATION, CONNECTION, POWERED TESTING, MOTION OR ENERGIZATION"
U1F,11,CH1_MID,,https://www.ti.com/lit/ds/symlink/tps25948.pdf,TPS259482LYWPR candidate; native footprint deliberately blank until exact TI YWP0012A land pattern is generated and DFM-accepted,NOT EXECUTED,"NO PROCUREMENT, FABRICATION, CONNECTION, POWERED-TEST, MOTION OR ENERGIZATION AUTHORITY","PRELIMINARY - WALKING-POWER ARCHITECTURE CANDIDATE ONLY - NOT APPROVED FOR PROCUREMENT, FABRICATION, CONNECTION, POWERED TESTING, MOTION OR ENERGIZATION"
U1F,12,PDU_12V_IN,,https://www.ti.com/lit/ds/symlink/tps25948.pdf,TPS259482LYWPR candidate; native footprint deliberately blank until exact TI YWP0012A land pattern is generated and DFM-accepted,NOT EXECUTED,"NO PROCUREMENT, FABRICATION, CONNECTION, POWERED-TEST, MOTION OR ENERGIZATION AUTHORITY","PRELIMINARY - WALKING-POWER ARCHITECTURE CANDIDATE ONLY - NOT APPROVED FOR PROCUREMENT, FABRICATION, CONNECTION, POWERED TESTING, MOTION OR ENERGIZATION"
U1R,1,CH1_EN,,https://www.ti.com/lit/ds/symlink/tps25948.pdf,TPS259482LYWPR candidate; native footprint deliberately blank until exact TI YWP0012A land pattern is generated and DFM-accepted,NOT EXECUTED,"NO PROCUREMENT, FABRICATION, CONNECTION, POWERED-TEST, MOTION OR ENERGIZATION AUTHORITY","PRELIMINARY - WALKING-POWER ARCHITECTURE CANDIDATE ONLY - NOT APPROVED FOR PROCUREMENT, FABRICATION, CONNECTION, POWERED TESTING, MOTION OR ENERGIZATION"
U1R,2,CH1_OV_R,,https://www.ti.com/lit/ds/symlink/tps25948.pdf,TPS259482LYWPR candidate; native footprint deliberately blank until exact TI YWP0012A land pattern is generated and DFM-accepted,NOT EXECUTED,"NO PROCUREMENT, FABRICATION, CONNECTION, POWERED-TEST, MOTION OR ENERGIZATION AUTHORITY","PRELIMINARY - WALKING-POWER ARCHITECTURE CANDIDATE ONLY - NOT APPROVED FOR PROCUREMENT, FABRICATION, CONNECTION, POWERED TESTING, MOTION OR ENERGIZATION"
U1R,3,CH1_PG_R,,https://www.ti.com/lit/ds/symlink/tps25948.pdf,TPS259482LYWPR candidate; native footprint deliberately blank until exact TI YWP0012A land pattern is generated and DFM-accepted,NOT EXECUTED,"NO PROCUREMENT, FABRICATION, CONNECTION, POWERED-TEST, MOTION OR ENERGIZATION AUTHORITY","PRELIMINARY - WALKING-POWER ARCHITECTURE CANDIDATE ONLY - NOT APPROVED FOR PROCUREMENT, FABRICATION, CONNECTION, POWERED TESTING, MOTION OR ENERGIZATION"
U1R,4,CH1_RCBCTRL,,https://www.ti.com/lit/ds/symlink/tps25948.pdf,TPS259482LYWPR candidate; native footprint deliberately blank until exact TI YWP0012A land pattern is generated and DFM-accepted,NOT EXECUTED,"NO PROCUREMENT, FABRICATION, CONNECTION, POWERED-TEST, MOTION OR ENERGIZATION AUTHORITY","PRELIMINARY - WALKING-POWER ARCHITECTURE CANDIDATE ONLY - NOT APPROVED FOR PROCUREMENT, FABRICATION, CONNECTION, POWERED TESTING, MOTION OR ENERGIZATION"
U1R,5,BRANCH_1_12V,,https://www.ti.com/lit/ds/symlink/tps25948.pdf,TPS259482LYWPR candidate; native footprint deliberately blank until exact TI YWP0012A land pattern is generated and DFM-accepted,NOT EXECUTED,"NO PROCUREMENT, FABRICATION, CONNECTION, POWERED-TEST, MOTION OR ENERGIZATION AUTHORITY","PRELIMINARY - WALKING-POWER ARCHITECTURE CANDIDATE ONLY - NOT APPROVED FOR PROCUREMENT, FABRICATION, CONNECTION, POWERED TESTING, MOTION OR ENERGIZATION"
U1R,6,CH1_MID,,https://www.ti.com/lit/ds/symlink/tps25948.pdf,TPS259482LYWPR candidate; native footprint deliberately blank until exact TI YWP0012A land pattern is generated and DFM-accepted,NOT EXECUTED,"NO PROCUREMENT, FABRICATION, CONNECTION, POWERED-TEST, MOTION OR ENERGIZATION AUTHORITY","PRELIMINARY - WALKING-POWER ARCHITECTURE CANDIDATE ONLY - NOT APPROVED FOR PROCUREMENT, FABRICATION, CONNECTION, POWERED TESTING, MOTION OR ENERGIZATION"
U1R,7,CH1_DVDT_R,,https://www.ti.com/lit/ds/symlink/tps25948.pdf,TPS259482LYWPR candidate; native footprint deliberately blank until exact TI YWP0012A land pattern is generated and DFM-accepted,NOT EXECUTED,"NO PROCUREMENT, FABRICATION, CONNECTION, POWERED-TEST, MOTION OR ENERGIZATION AUTHORITY","PRELIMINARY - WALKING-POWER ARCHITECTURE CANDIDATE ONLY - NOT APPROVED FOR PROCUREMENT, FABRICATION, CONNECTION, POWERED TESTING, MOTION OR ENERGIZATION"
U1R,8,PDU_0V,,https://www.ti.com/lit/ds/symlink/tps25948.pdf,TPS259482LYWPR candidate; native footprint deliberately blank until exact TI YWP0012A land pattern is generated and DFM-accepted,NOT EXECUTED,"NO PROCUREMENT, FABRICATION, CONNECTION, POWERED-TEST, MOTION OR ENERGIZATION AUTHORITY","PRELIMINARY - WALKING-POWER ARCHITECTURE CANDIDATE ONLY - NOT APPROVED FOR PROCUREMENT, FABRICATION, CONNECTION, POWERED TESTING, MOTION OR ENERGIZATION"
U1R,9,CH1_ILM_R,,https://www.ti.com/lit/ds/symlink/tps25948.pdf,TPS259482LYWPR candidate; native footprint deliberately blank until exact TI YWP0012A land pattern is generated and DFM-accepted,NOT EXECUTED,"NO PROCUREMENT, FABRICATION, CONNECTION, POWERED-TEST, MOTION OR ENERGIZATION AUTHORITY","PRELIMINARY - WALKING-POWER ARCHITECTURE CANDIDATE ONLY - NOT APPROVED FOR PROCUREMENT, FABRICATION, CONNECTION, POWERED TESTING, MOTION OR ENERGIZATION"
U1R,10,CH1_ITIMER_R,,https://www.ti.com/lit/ds/symlink/tps25948.pdf,TPS259482LYWPR candidate; native footprint deliberately blank until exact TI YWP0012A land pattern is generated and DFM-accepted,NOT EXECUTED,"NO PROCUREMENT, FABRICATION, CONNECTION, POWERED-TEST, MOTION OR ENERGIZATION AUTHORITY","PRELIMINARY - WALKING-POWER ARCHITECTURE CANDIDATE ONLY - NOT APPROVED FOR PROCUREMENT, FABRICATION, CONNECTION, POWERED TESTING, MOTION OR ENERGIZATION"
U1R,11,CH1_MID,,https://www.ti.com/lit/ds/symlink/tps25948.pdf,TPS259482LYWPR candidate; native footprint deliberately blank until exact TI YWP0012A land pattern is generated and DFM-accepted,NOT EXECUTED,"NO PROCUREMENT, FABRICATION, CONNECTION, POWERED-TEST, MOTION OR ENERGIZATION AUTHORITY","PRELIMINARY - WALKING-POWER ARCHITECTURE CANDIDATE ONLY - NOT APPROVED FOR PROCUREMENT, FABRICATION, CONNECTION, POWERED TESTING, MOTION OR ENERGIZATION"
U1R,12,BRANCH_1_12V,,https://www.ti.com/lit/ds/symlink/tps25948.pdf,TPS259482LYWPR candidate; native footprint deliberately blank until exact TI YWP0012A land pattern is generated and DFM-accepted,NOT EXECUTED,"NO PROCUREMENT, FABRICATION, CONNECTION, POWERED-TEST, MOTION OR ENERGIZATION AUTHORITY","PRELIMINARY - WALKING-POWER ARCHITECTURE CANDIDATE ONLY - NOT APPROVED FOR PROCUREMENT, FABRICATION, CONNECTION, POWERED TESTING, MOTION OR ENERGIZATION"
J1O,1,PDU_0V,Connector_JST:JST_VH_B2P-VH_1x02_P3.96mm_Vertical,https://www.jst-mfg.com/product/pdf/eng/eVH.pdf,candidate local power pair,NOT EXECUTED,"NO PROCUREMENT, FABRICATION, CONNECTION, POWERED-TEST, MOTION OR ENERGIZATION AUTHORITY","PRELIMINARY - WALKING-POWER ARCHITECTURE CANDIDATE ONLY - NOT APPROVED FOR PROCUREMENT, FABRICATION, CONNECTION, POWERED TESTING, MOTION OR ENERGIZATION"
J1O,2,BRANCH_1_12V,Connector_JST:JST_VH_B2P-VH_1x02_P3.96mm_Vertical,https://www.jst-mfg.com/product/pdf/eng/eVH.pdf,candidate local power pair,NOT EXECUTED,"NO PROCUREMENT, FABRICATION, CONNECTION, POWERED-TEST, MOTION OR ENERGIZATION AUTHORITY","PRELIMINARY - WALKING-POWER ARCHITECTURE CANDIDATE ONLY - NOT APPROVED FOR PROCUREMENT, FABRICATION, CONNECTION, POWERED TESTING, MOTION OR ENERGIZATION"
J1C,1,PDU_0V,Connector_JST:JST_GH_BM07B-GHS-TBT_1x07-1MP_P1.25mm_Vertical,https://www.jst-mfg.com/product/pdf/eng/eGH.pdf,ordinary diagnostics/control only; zero safety credit,NOT EXECUTED,"NO PROCUREMENT, FABRICATION, CONNECTION, POWERED-TEST, MOTION OR ENERGIZATION AUTHORITY","PRELIMINARY - WALKING-POWER ARCHITECTURE CANDIDATE ONLY - NOT APPROVED FOR PROCUREMENT, FABRICATION, CONNECTION, POWERED TESTING, MOTION OR ENERGIZATION"
J1C,2,CH1_EN,Connector_JST:JST_GH_BM07B-GHS-TBT_1x07-1MP_P1.25mm_Vertical,https://www.jst-mfg.com/product/pdf/eng/eGH.pdf,ordinary diagnostics/control only; zero safety credit,NOT EXECUTED,"NO PROCUREMENT, FABRICATION, CONNECTION, POWERED-TEST, MOTION OR ENERGIZATION AUTHORITY","PRELIMINARY - WALKING-POWER ARCHITECTURE CANDIDATE ONLY - NOT APPROVED FOR PROCUREMENT, FABRICATION, CONNECTION, POWERED TESTING, MOTION OR ENERGIZATION"
J1C,3,CH1_PG_F,Connector_JST:JST_GH_BM07B-GHS-TBT_1x07-1MP_P1.25mm_Vertical,https://www.jst-mfg.com/product/pdf/eng/eGH.pdf,ordinary diagnostics/control only; zero safety credit,NOT EXECUTED,"NO PROCUREMENT, FABRICATION, CONNECTION, POWERED-TEST, MOTION OR ENERGIZATION AUTHORITY","PRELIMINARY - WALKING-POWER ARCHITECTURE CANDIDATE ONLY - NOT APPROVED FOR PROCUREMENT, FABRICATION, CONNECTION, POWERED TESTING, MOTION OR ENERGIZATION"
J1C,4,CH1_PG_R,Connector_JST:JST_GH_BM07B-GHS-TBT_1x07-1MP_P1.25mm_Vertical,https://www.jst-mfg.com/product/pdf/eng/eGH.pdf,ordinary diagnostics/control only; zero safety credit,NOT EXECUTED,"NO PROCUREMENT, FABRICATION, CONNECTION, POWERED-TEST, MOTION OR ENERGIZATION AUTHORITY","PRELIMINARY - WALKING-POWER ARCHITECTURE CANDIDATE ONLY - NOT APPROVED FOR PROCUREMENT, FABRICATION, CONNECTION, POWERED TESTING, MOTION OR ENERGIZATION"
J1C,5,CH1_ILM_F,Connector_JST:JST_GH_BM07B-GHS-TBT_1x07-1MP_P1.25mm_Vertical,https://www.jst-mfg.com/product/pdf/eng/eGH.pdf,ordinary diagnostics/control only; zero safety credit,NOT EXECUTED,"NO PROCUREMENT, FABRICATION, CONNECTION, POWERED-TEST, MOTION OR ENERGIZATION AUTHORITY","PRELIMINARY - WALKING-POWER ARCHITECTURE CANDIDATE ONLY - NOT APPROVED FOR PROCUREMENT, FABRICATION, CONNECTION, POWERED TESTING, MOTION OR ENERGIZATION"
J1C,6,CH1_ILM_R,Connector_JST:JST_GH_BM07B-GHS-TBT_1x07-1MP_P1.25mm_Vertical,https://www.jst-mfg.com/product/pdf/eng/eGH.pdf,ordinary diagnostics/control only; zero safety credit,NOT EXECUTED,"NO PROCUREMENT, FABRICATION, CONNECTION, POWERED-TEST, MOTION OR ENERGIZATION AUTHORITY","PRELIMINARY - WALKING-POWER ARCHITECTURE CANDIDATE ONLY - NOT APPROVED FOR PROCUREMENT, FABRICATION, CONNECTION, POWERED TESTING, MOTION OR ENERGIZATION"
J1C,7,CH1_RCBCTRL,Connector_JST:JST_GH_BM07B-GHS-TBT_1x07-1MP_P1.25mm_Vertical,https://www.jst-mfg.com/product/pdf/eng/eGH.pdf,ordinary diagnostics/control only; zero safety credit,NOT EXECUTED,"NO PROCUREMENT, FABRICATION, CONNECTION, POWERED-TEST, MOTION OR ENERGIZATION AUTHORITY","PRELIMINARY - WALKING-POWER ARCHITECTURE CANDIDATE ONLY - NOT APPROVED FOR PROCUREMENT, FABRICATION, CONNECTION, POWERED TESTING, MOTION OR ENERGIZATION"
R1E,1,CH1_EN,Resistor_SMD:R_0603_1608Metric,https://www.ti.com/lit/ds/symlink/tps25948.pdf,candidate fail-low bias; exact control circuit remains open,NOT EXECUTED,"NO PROCUREMENT, FABRICATION, CONNECTION, POWERED-TEST, MOTION OR ENERGIZATION AUTHORITY","PRELIMINARY - WALKING-POWER ARCHITECTURE CANDIDATE ONLY - NOT APPROVED FOR PROCUREMENT, FABRICATION, CONNECTION, POWERED TESTING, MOTION OR ENERGIZATION"
R1E,2,PDU_0V,Resistor_SMD:R_0603_1608Metric,https://www.ti.com/lit/ds/symlink/tps25948.pdf,candidate fail-low bias; exact control circuit remains open,NOT EXECUTED,"NO PROCUREMENT, FABRICATION, CONNECTION, POWERED-TEST, MOTION OR ENERGIZATION AUTHORITY","PRELIMINARY - WALKING-POWER ARCHITECTURE CANDIDATE ONLY - NOT APPROVED FOR PROCUREMENT, FABRICATION, CONNECTION, POWERED TESTING, MOTION OR ENERGIZATION"
R1B,1,CH1_RCBCTRL,Resistor_SMD:R_0603_1608Metric,https://www.ti.com/lit/ds/symlink/tps25948.pdf,pull low enables bidirectional steady-state flow; disabled/fault state remains blocking by device behavior,NOT EXECUTED,"NO PROCUREMENT, FABRICATION, CONNECTION, POWERED-TEST, MOTION OR ENERGIZATION AUTHORITY","PRELIMINARY - WALKING-POWER ARCHITECTURE CANDIDATE ONLY - NOT APPROVED FOR PROCUREMENT, FABRICATION, CONNECTION, POWERED TESTING, MOTION OR ENERGIZATION"
R1B,2,PDU_0V,Resistor_SMD:R_0603_1608Metric,https://www.ti.com/lit/ds/symlink/tps25948.pdf,pull low enables bidirectional steady-state flow; disabled/fault state remains blocking by device behavior,NOT EXECUTED,"NO PROCUREMENT, FABRICATION, CONNECTION, POWERED-TEST, MOTION OR ENERGIZATION AUTHORITY","PRELIMINARY - WALKING-POWER ARCHITECTURE CANDIDATE ONLY - NOT APPROVED FOR PROCUREMENT, FABRICATION, CONNECTION, POWERED TESTING, MOTION OR ENERGIZATION"
R1F,1,CH1_ILM_F,Resistor_SMD:R_0603_1608Metric,https://www.ti.com/lit/ds/symlink/tps25948.pdf,no value released; ILIM range and accuracy boundaries apply,NOT EXECUTED,"NO PROCUREMENT, FABRICATION, CONNECTION, POWERED-TEST, MOTION OR ENERGIZATION AUTHORITY","PRELIMINARY - WALKING-POWER ARCHITECTURE CANDIDATE ONLY - NOT APPROVED FOR PROCUREMENT, FABRICATION, CONNECTION, POWERED TESTING, MOTION OR ENERGIZATION"
R1F,2,PDU_0V,Resistor_SMD:R_0603_1608Metric,https://www.ti.com/lit/ds/symlink/tps25948.pdf,no value released; ILIM range and accuracy boundaries apply,NOT EXECUTED,"NO PROCUREMENT, FABRICATION, CONNECTION, POWERED-TEST, MOTION OR ENERGIZATION AUTHORITY","PRELIMINARY - WALKING-POWER ARCHITECTURE CANDIDATE ONLY - NOT APPROVED FOR PROCUREMENT, FABRICATION, CONNECTION, POWERED TESTING, MOTION OR ENERGIZATION"
R1R,1,CH1_ILM_R,Resistor_SMD:R_0603_1608Metric,https://www.ti.com/lit/ds/symlink/tps25948.pdf,independent reverse-current limit remains selection required,NOT EXECUTED,"NO PROCUREMENT, FABRICATION, CONNECTION, POWERED-TEST, MOTION OR ENERGIZATION AUTHORITY","PRELIMINARY - WALKING-POWER ARCHITECTURE CANDIDATE ONLY - NOT APPROVED FOR PROCUREMENT, FABRICATION, CONNECTION, POWERED TESTING, MOTION OR ENERGIZATION"
R1R,2,PDU_0V,Resistor_SMD:R_0603_1608Metric,https://www.ti.com/lit/ds/symlink/tps25948.pdf,independent reverse-current limit remains selection required,NOT EXECUTED,"NO PROCUREMENT, FABRICATION, CONNECTION, POWERED-TEST, MOTION OR ENERGIZATION AUTHORITY","PRELIMINARY - WALKING-POWER ARCHITECTURE CANDIDATE ONLY - NOT APPROVED FOR PROCUREMENT, FABRICATION, CONNECTION, POWERED TESTING, MOTION OR ENERGIZATION"
C1F,1,CH1_DVDT_F,Capacitor_SMD:C_0603_1608Metric,https://www.ti.com/lit/ds/symlink/tps25948.pdf,startup slew interaction requires test,NOT EXECUTED,"NO PROCUREMENT, FABRICATION, CONNECTION, POWERED-TEST, MOTION OR ENERGIZATION AUTHORITY","PRELIMINARY - WALKING-POWER ARCHITECTURE CANDIDATE ONLY - NOT APPROVED FOR PROCUREMENT, FABRICATION, CONNECTION, POWERED TESTING, MOTION OR ENERGIZATION"
C1F,2,PDU_0V,Capacitor_SMD:C_0603_1608Metric,https://www.ti.com/lit/ds/symlink/tps25948.pdf,startup slew interaction requires test,NOT EXECUTED,"NO PROCUREMENT, FABRICATION, CONNECTION, POWERED-TEST, MOTION OR ENERGIZATION AUTHORITY","PRELIMINARY - WALKING-POWER ARCHITECTURE CANDIDATE ONLY - NOT APPROVED FOR PROCUREMENT, FABRICATION, CONNECTION, POWERED TESTING, MOTION OR ENERGIZATION"
C1R,1,CH1_DVDT_R,Capacitor_SMD:C_0603_1608Metric,https://www.ti.com/lit/ds/symlink/tps25948.pdf,startup slew interaction requires test,NOT EXECUTED,"NO PROCUREMENT, FABRICATION, CONNECTION, POWERED-TEST, MOTION OR ENERGIZATION AUTHORITY","PRELIMINARY - WALKING-POWER ARCHITECTURE CANDIDATE ONLY - NOT APPROVED FOR PROCUREMENT, FABRICATION, CONNECTION, POWERED TESTING, MOTION OR ENERGIZATION"
C1R,2,PDU_0V,Capacitor_SMD:C_0603_1608Metric,https://www.ti.com/lit/ds/symlink/tps25948.pdf,startup slew interaction requires test,NOT EXECUTED,"NO PROCUREMENT, FABRICATION, CONNECTION, POWERED-TEST, MOTION OR ENERGIZATION AUTHORITY","PRELIMINARY - WALKING-POWER ARCHITECTURE CANDIDATE ONLY - NOT APPROVED FOR PROCUREMENT, FABRICATION, CONNECTION, POWERED TESTING, MOTION OR ENERGIZATION"
C1I,1,PDU_12V_IN,Capacitor_SMD:C_0805_2012Metric,https://www.ti.com/lit/ds/symlink/tps25948.pdf,value/voltage/bias/placement open,NOT EXECUTED,"NO PROCUREMENT, FABRICATION, CONNECTION, POWERED-TEST, MOTION OR ENERGIZATION AUTHORITY","PRELIMINARY - WALKING-POWER ARCHITECTURE CANDIDATE ONLY - NOT APPROVED FOR PROCUREMENT, FABRICATION, CONNECTION, POWERED TESTING, MOTION OR ENERGIZATION"
C1I,2,PDU_0V,Capacitor_SMD:C_0805_2012Metric,https://www.ti.com/lit/ds/symlink/tps25948.pdf,value/voltage/bias/placement open,NOT EXECUTED,"NO PROCUREMENT, FABRICATION, CONNECTION, POWERED-TEST, MOTION OR ENERGIZATION AUTHORITY","PRELIMINARY - WALKING-POWER ARCHITECTURE CANDIDATE ONLY - NOT APPROVED FOR PROCUREMENT, FABRICATION, CONNECTION, POWERED TESTING, MOTION OR ENERGIZATION"
C1O,1,BRANCH_1_12V,Capacitor_SMD:C_0805_2012Metric,https://www.ti.com/lit/ds/symlink/tps25948.pdf,value/voltage/bias/regeneration pulse open,NOT EXECUTED,"NO PROCUREMENT, FABRICATION, CONNECTION, POWERED-TEST, MOTION OR ENERGIZATION AUTHORITY","PRELIMINARY - WALKING-POWER ARCHITECTURE CANDIDATE ONLY - NOT APPROVED FOR PROCUREMENT, FABRICATION, CONNECTION, POWERED TESTING, MOTION OR ENERGIZATION"
C1O,2,PDU_0V,Capacitor_SMD:C_0805_2012Metric,https://www.ti.com/lit/ds/symlink/tps25948.pdf,value/voltage/bias/regeneration pulse open,NOT EXECUTED,"NO PROCUREMENT, FABRICATION, CONNECTION, POWERED-TEST, MOTION OR ENERGIZATION AUTHORITY","PRELIMINARY - WALKING-POWER ARCHITECTURE CANDIDATE ONLY - NOT APPROVED FOR PROCUREMENT, FABRICATION, CONNECTION, POWERED TESTING, MOTION OR ENERGIZATION"
U2F,1,CH2_EN,,https://www.ti.com/lit/ds/symlink/tps25948.pdf,TPS259482LYWPR candidate; native footprint deliberately blank until exact TI YWP0012A land pattern is generated and DFM-accepted,NOT EXECUTED,"NO PROCUREMENT, FABRICATION, CONNECTION, POWERED-TEST, MOTION OR ENERGIZATION AUTHORITY","PRELIMINARY - WALKING-POWER ARCHITECTURE CANDIDATE ONLY - NOT APPROVED FOR PROCUREMENT, FABRICATION, CONNECTION, POWERED TESTING, MOTION OR ENERGIZATION"
U2F,2,CH2_OV_F,,https://www.ti.com/lit/ds/symlink/tps25948.pdf,TPS259482LYWPR candidate; native footprint deliberately blank until exact TI YWP0012A land pattern is generated and DFM-accepted,NOT EXECUTED,"NO PROCUREMENT, FABRICATION, CONNECTION, POWERED-TEST, MOTION OR ENERGIZATION AUTHORITY","PRELIMINARY - WALKING-POWER ARCHITECTURE CANDIDATE ONLY - NOT APPROVED FOR PROCUREMENT, FABRICATION, CONNECTION, POWERED TESTING, MOTION OR ENERGIZATION"
U2F,3,CH2_PG_F,,https://www.ti.com/lit/ds/symlink/tps25948.pdf,TPS259482LYWPR candidate; native footprint deliberately blank until exact TI YWP0012A land pattern is generated and DFM-accepted,NOT EXECUTED,"NO PROCUREMENT, FABRICATION, CONNECTION, POWERED-TEST, MOTION OR ENERGIZATION AUTHORITY","PRELIMINARY - WALKING-POWER ARCHITECTURE CANDIDATE ONLY - NOT APPROVED FOR PROCUREMENT, FABRICATION, CONNECTION, POWERED TESTING, MOTION OR ENERGIZATION"
U2F,4,CH2_RCBCTRL,,https://www.ti.com/lit/ds/symlink/tps25948.pdf,TPS259482LYWPR candidate; native footprint deliberately blank until exact TI YWP0012A land pattern is generated and DFM-accepted,NOT EXECUTED,"NO PROCUREMENT, FABRICATION, CONNECTION, POWERED-TEST, MOTION OR ENERGIZATION AUTHORITY","PRELIMINARY - WALKING-POWER ARCHITECTURE CANDIDATE ONLY - NOT APPROVED FOR PROCUREMENT, FABRICATION, CONNECTION, POWERED TESTING, MOTION OR ENERGIZATION"
U2F,5,PDU_12V_IN,,https://www.ti.com/lit/ds/symlink/tps25948.pdf,TPS259482LYWPR candidate; native footprint deliberately blank until exact TI YWP0012A land pattern is generated and DFM-accepted,NOT EXECUTED,"NO PROCUREMENT, FABRICATION, CONNECTION, POWERED-TEST, MOTION OR ENERGIZATION AUTHORITY","PRELIMINARY - WALKING-POWER ARCHITECTURE CANDIDATE ONLY - NOT APPROVED FOR PROCUREMENT, FABRICATION, CONNECTION, POWERED TESTING, MOTION OR ENERGIZATION"
U2F,6,CH2_MID,,https://www.ti.com/lit/ds/symlink/tps25948.pdf,TPS259482LYWPR candidate; native footprint deliberately blank until exact TI YWP0012A land pattern is generated and DFM-accepted,NOT EXECUTED,"NO PROCUREMENT, FABRICATION, CONNECTION, POWERED-TEST, MOTION OR ENERGIZATION AUTHORITY","PRELIMINARY - WALKING-POWER ARCHITECTURE CANDIDATE ONLY - NOT APPROVED FOR PROCUREMENT, FABRICATION, CONNECTION, POWERED TESTING, MOTION OR ENERGIZATION"
U2F,7,CH2_DVDT_F,,https://www.ti.com/lit/ds/symlink/tps25948.pdf,TPS259482LYWPR candidate; native footprint deliberately blank until exact TI YWP0012A land pattern is generated and DFM-accepted,NOT EXECUTED,"NO PROCUREMENT, FABRICATION, CONNECTION, POWERED-TEST, MOTION OR ENERGIZATION AUTHORITY","PRELIMINARY - WALKING-POWER ARCHITECTURE CANDIDATE ONLY - NOT APPROVED FOR PROCUREMENT, FABRICATION, CONNECTION, POWERED TESTING, MOTION OR ENERGIZATION"
U2F,8,PDU_0V,,https://www.ti.com/lit/ds/symlink/tps25948.pdf,TPS259482LYWPR candidate; native footprint deliberately blank until exact TI YWP0012A land pattern is generated and DFM-accepted,NOT EXECUTED,"NO PROCUREMENT, FABRICATION, CONNECTION, POWERED-TEST, MOTION OR ENERGIZATION AUTHORITY","PRELIMINARY - WALKING-POWER ARCHITECTURE CANDIDATE ONLY - NOT APPROVED FOR PROCUREMENT, FABRICATION, CONNECTION, POWERED TESTING, MOTION OR ENERGIZATION"
U2F,9,CH2_ILM_F,,https://www.ti.com/lit/ds/symlink/tps25948.pdf,TPS259482LYWPR candidate; native footprint deliberately blank until exact TI YWP0012A land pattern is generated and DFM-accepted,NOT EXECUTED,"NO PROCUREMENT, FABRICATION, CONNECTION, POWERED-TEST, MOTION OR ENERGIZATION AUTHORITY","PRELIMINARY - WALKING-POWER ARCHITECTURE CANDIDATE ONLY - NOT APPROVED FOR PROCUREMENT, FABRICATION, CONNECTION, POWERED TESTING, MOTION OR ENERGIZATION"
U2F,10,CH2_ITIMER_F,,https://www.ti.com/lit/ds/symlink/tps25948.pdf,TPS259482LYWPR candidate; native footprint deliberately blank until exact TI YWP0012A land pattern is generated and DFM-accepted,NOT EXECUTED,"NO PROCUREMENT, FABRICATION, CONNECTION, POWERED-TEST, MOTION OR ENERGIZATION AUTHORITY","PRELIMINARY - WALKING-POWER ARCHITECTURE CANDIDATE ONLY - NOT APPROVED FOR PROCUREMENT, FABRICATION, CONNECTION, POWERED TESTING, MOTION OR ENERGIZATION"
U2F,11,CH2_MID,,https://www.ti.com/lit/ds/symlink/tps25948.pdf,TPS259482LYWPR candidate; native footprint deliberately blank until exact TI YWP0012A land pattern is generated and DFM-accepted,NOT EXECUTED,"NO PROCUREMENT, FABRICATION, CONNECTION, POWERED-TEST, MOTION OR ENERGIZATION AUTHORITY","PRELIMINARY - WALKING-POWER ARCHITECTURE CANDIDATE ONLY - NOT APPROVED FOR PROCUREMENT, FABRICATION, CONNECTION, POWERED TESTING, MOTION OR ENERGIZATION"
U2F,12,PDU_12V_IN,,https://www.ti.com/lit/ds/symlink/tps25948.pdf,TPS259482LYWPR candidate; native footprint deliberately blank until exact TI YWP0012A land pattern is generated and DFM-accepted,NOT EXECUTED,"NO PROCUREMENT, FABRICATION, CONNECTION, POWERED-TEST, MOTION OR ENERGIZATION AUTHORITY","PRELIMINARY - WALKING-POWER ARCHITECTURE CANDIDATE ONLY - NOT APPROVED FOR PROCUREMENT, FABRICATION, CONNECTION, POWERED TESTING, MOTION OR ENERGIZATION"
U2R,1,CH2_EN,,https://www.ti.com/lit/ds/symlink/tps25948.pdf,TPS259482LYWPR candidate; native footprint deliberately blank until exact TI YWP0012A land pattern is generated and DFM-accepted,NOT EXECUTED,"NO PROCUREMENT, FABRICATION, CONNECTION, POWERED-TEST, MOTION OR ENERGIZATION AUTHORITY","PRELIMINARY - WALKING-POWER ARCHITECTURE CANDIDATE ONLY - NOT APPROVED FOR PROCUREMENT, FABRICATION, CONNECTION, POWERED TESTING, MOTION OR ENERGIZATION"
U2R,2,CH2_OV_R,,https://www.ti.com/lit/ds/symlink/tps25948.pdf,TPS259482LYWPR candidate; native footprint deliberately blank until exact TI YWP0012A land pattern is generated and DFM-accepted,NOT EXECUTED,"NO PROCUREMENT, FABRICATION, CONNECTION, POWERED-TEST, MOTION OR ENERGIZATION AUTHORITY","PRELIMINARY - WALKING-POWER ARCHITECTURE CANDIDATE ONLY - NOT APPROVED FOR PROCUREMENT, FABRICATION, CONNECTION, POWERED TESTING, MOTION OR ENERGIZATION"
U2R,3,CH2_PG_R,,https://www.ti.com/lit/ds/symlink/tps25948.pdf,TPS259482LYWPR candidate; native footprint deliberately blank until exact TI YWP0012A land pattern is generated and DFM-accepted,NOT EXECUTED,"NO PROCUREMENT, FABRICATION, CONNECTION, POWERED-TEST, MOTION OR ENERGIZATION AUTHORITY","PRELIMINARY - WALKING-POWER ARCHITECTURE CANDIDATE ONLY - NOT APPROVED FOR PROCUREMENT, FABRICATION, CONNECTION, POWERED TESTING, MOTION OR ENERGIZATION"
U2R,4,CH2_RCBCTRL,,https://www.ti.com/lit/ds/symlink/tps25948.pdf,TPS259482LYWPR candidate; native footprint deliberately blank until exact TI YWP0012A land pattern is generated and DFM-accepted,NOT EXECUTED,"NO PROCUREMENT, FABRICATION, CONNECTION, POWERED-TEST, MOTION OR ENERGIZATION AUTHORITY","PRELIMINARY - WALKING-POWER ARCHITECTURE CANDIDATE ONLY - NOT APPROVED FOR PROCUREMENT, FABRICATION, CONNECTION, POWERED TESTING, MOTION OR ENERGIZATION"
U2R,5,BRANCH_2_12V,,https://www.ti.com/lit/ds/symlink/tps25948.pdf,TPS259482LYWPR candidate; native footprint deliberately blank until exact TI YWP0012A land pattern is generated and DFM-accepted,NOT EXECUTED,"NO PROCUREMENT, FABRICATION, CONNECTION, POWERED-TEST, MOTION OR ENERGIZATION AUTHORITY","PRELIMINARY - WALKING-POWER ARCHITECTURE CANDIDATE ONLY - NOT APPROVED FOR PROCUREMENT, FABRICATION, CONNECTION, POWERED TESTING, MOTION OR ENERGIZATION"
U2R,6,CH2_MID,,https://www.ti.com/lit/ds/symlink/tps25948.pdf,TPS259482LYWPR candidate; native footprint deliberately blank until exact TI YWP0012A land pattern is generated and DFM-accepted,NOT EXECUTED,"NO PROCUREMENT, FABRICATION, CONNECTION, POWERED-TEST, MOTION OR ENERGIZATION AUTHORITY","PRELIMINARY - WALKING-POWER ARCHITECTURE CANDIDATE ONLY - NOT APPROVED FOR PROCUREMENT, FABRICATION, CONNECTION, POWERED TESTING, MOTION OR ENERGIZATION"
U2R,7,CH2_DVDT_R,,https://www.ti.com/lit/ds/symlink/tps25948.pdf,TPS259482LYWPR candidate; native footprint deliberately blank until exact TI YWP0012A land pattern is generated and DFM-accepted,NOT EXECUTED,"NO PROCUREMENT, FABRICATION, CONNECTION, POWERED-TEST, MOTION OR ENERGIZATION AUTHORITY","PRELIMINARY - WALKING-POWER ARCHITECTURE CANDIDATE ONLY - NOT APPROVED FOR PROCUREMENT, FABRICATION, CONNECTION, POWERED TESTING, MOTION OR ENERGIZATION"
U2R,8,PDU_0V,,https://www.ti.com/lit/ds/symlink/tps25948.pdf,TPS259482LYWPR candidate; native footprint deliberately blank until exact TI YWP0012A land pattern is generated and DFM-accepted,NOT EXECUTED,"NO PROCUREMENT, FABRICATION, CONNECTION, POWERED-TEST, MOTION OR ENERGIZATION AUTHORITY","PRELIMINARY - WALKING-POWER ARCHITECTURE CANDIDATE ONLY - NOT APPROVED FOR PROCUREMENT, FABRICATION, CONNECTION, POWERED TESTING, MOTION OR ENERGIZATION"
U2R,9,CH2_ILM_R,,https://www.ti.com/lit/ds/symlink/tps25948.pdf,TPS259482LYWPR candidate; native footprint deliberately blank until exact TI YWP0012A land pattern is generated and DFM-accepted,NOT EXECUTED,"NO PROCUREMENT, FABRICATION, CONNECTION, POWERED-TEST, MOTION OR ENERGIZATION AUTHORITY","PRELIMINARY - WALKING-POWER ARCHITECTURE CANDIDATE ONLY - NOT APPROVED FOR PROCUREMENT, FABRICATION, CONNECTION, POWERED TESTING, MOTION OR ENERGIZATION"
U2R,10,CH2_ITIMER_R,,https://www.ti.com/lit/ds/symlink/tps25948.pdf,TPS259482LYWPR candidate; native footprint deliberately blank until exact TI YWP0012A land pattern is generated and DFM-accepted,NOT EXECUTED,"NO PROCUREMENT, FABRICATION, CONNECTION, POWERED-TEST, MOTION OR ENERGIZATION AUTHORITY","PRELIMINARY - WALKING-POWER ARCHITECTURE CANDIDATE ONLY - NOT APPROVED FOR PROCUREMENT, FABRICATION, CONNECTION, POWERED TESTING, MOTION OR ENERGIZATION"
U2R,11,CH2_MID,,https://www.ti.com/lit/ds/symlink/tps25948.pdf,TPS259482LYWPR candidate; native footprint deliberately blank until exact TI YWP0012A land pattern is generated and DFM-accepted,NOT EXECUTED,"NO PROCUREMENT, FABRICATION, CONNECTION, POWERED-TEST, MOTION OR ENERGIZATION AUTHORITY","PRELIMINARY - WALKING-POWER ARCHITECTURE CANDIDATE ONLY - NOT APPROVED FOR PROCUREMENT, FABRICATION, CONNECTION, POWERED TESTING, MOTION OR ENERGIZATION"
U2R,12,BRANCH_2_12V,,https://www.ti.com/lit/ds/symlink/tps25948.pdf,TPS259482LYWPR candidate; native footprint deliberately blank until exact TI YWP0012A land pattern is generated and DFM-accepted,NOT EXECUTED,"NO PROCUREMENT, FABRICATION, CONNECTION, POWERED-TEST, MOTION OR ENERGIZATION AUTHORITY","PRELIMINARY - WALKING-POWER ARCHITECTURE CANDIDATE ONLY - NOT APPROVED FOR PROCUREMENT, FABRICATION, CONNECTION, POWERED TESTING, MOTION OR ENERGIZATION"
J2O,1,PDU_0V,Connector_JST:JST_VH_B2P-VH_1x02_P3.96mm_Vertical,https://www.jst-mfg.com/product/pdf/eng/eVH.pdf,candidate local power pair,NOT EXECUTED,"NO PROCUREMENT, FABRICATION, CONNECTION, POWERED-TEST, MOTION OR ENERGIZATION AUTHORITY","PRELIMINARY - WALKING-POWER ARCHITECTURE CANDIDATE ONLY - NOT APPROVED FOR PROCUREMENT, FABRICATION, CONNECTION, POWERED TESTING, MOTION OR ENERGIZATION"
J2O,2,BRANCH_2_12V,Connector_JST:JST_VH_B2P-VH_1x02_P3.96mm_Vertical,https://www.jst-mfg.com/product/pdf/eng/eVH.pdf,candidate local power pair,NOT EXECUTED,"NO PROCUREMENT, FABRICATION, CONNECTION, POWERED-TEST, MOTION OR ENERGIZATION AUTHORITY","PRELIMINARY - WALKING-POWER ARCHITECTURE CANDIDATE ONLY - NOT APPROVED FOR PROCUREMENT, FABRICATION, CONNECTION, POWERED TESTING, MOTION OR ENERGIZATION"
J2C,1,PDU_0V,Connector_JST:JST_GH_BM07B-GHS-TBT_1x07-1MP_P1.25mm_Vertical,https://www.jst-mfg.com/product/pdf/eng/eGH.pdf,ordinary diagnostics/control only; zero safety credit,NOT EXECUTED,"NO PROCUREMENT, FABRICATION, CONNECTION, POWERED-TEST, MOTION OR ENERGIZATION AUTHORITY","PRELIMINARY - WALKING-POWER ARCHITECTURE CANDIDATE ONLY - NOT APPROVED FOR PROCUREMENT, FABRICATION, CONNECTION, POWERED TESTING, MOTION OR ENERGIZATION"
J2C,2,CH2_EN,Connector_JST:JST_GH_BM07B-GHS-TBT_1x07-1MP_P1.25mm_Vertical,https://www.jst-mfg.com/product/pdf/eng/eGH.pdf,ordinary diagnostics/control only; zero safety credit,NOT EXECUTED,"NO PROCUREMENT, FABRICATION, CONNECTION, POWERED-TEST, MOTION OR ENERGIZATION AUTHORITY","PRELIMINARY - WALKING-POWER ARCHITECTURE CANDIDATE ONLY - NOT APPROVED FOR PROCUREMENT, FABRICATION, CONNECTION, POWERED TESTING, MOTION OR ENERGIZATION"
J2C,3,CH2_PG_F,Connector_JST:JST_GH_BM07B-GHS-TBT_1x07-1MP_P1.25mm_Vertical,https://www.jst-mfg.com/product/pdf/eng/eGH.pdf,ordinary diagnostics/control only; zero safety credit,NOT EXECUTED,"NO PROCUREMENT, FABRICATION, CONNECTION, POWERED-TEST, MOTION OR ENERGIZATION AUTHORITY","PRELIMINARY - WALKING-POWER ARCHITECTURE CANDIDATE ONLY - NOT APPROVED FOR PROCUREMENT, FABRICATION, CONNECTION, POWERED TESTING, MOTION OR ENERGIZATION"
J2C,4,CH2_PG_R,Connector_JST:JST_GH_BM07B-GHS-TBT_1x07-1MP_P1.25mm_Vertical,https://www.jst-mfg.com/product/pdf/eng/eGH.pdf,ordinary diagnostics/control only; zero safety credit,NOT EXECUTED,"NO PROCUREMENT, FABRICATION, CONNECTION, POWERED-TEST, MOTION OR ENERGIZATION AUTHORITY","PRELIMINARY - WALKING-POWER ARCHITECTURE CANDIDATE ONLY - NOT APPROVED FOR PROCUREMENT, FABRICATION, CONNECTION, POWERED TESTING, MOTION OR ENERGIZATION"
J2C,5,CH2_ILM_F,Connector_JST:JST_GH_BM07B-GHS-TBT_1x07-1MP_P1.25mm_Vertical,https://www.jst-mfg.com/product/pdf/eng/eGH.pdf,ordinary diagnostics/control only; zero safety credit,NOT EXECUTED,"NO PROCUREMENT, FABRICATION, CONNECTION, POWERED-TEST, MOTION OR ENERGIZATION AUTHORITY","PRELIMINARY - WALKING-POWER ARCHITECTURE CANDIDATE ONLY - NOT APPROVED FOR PROCUREMENT, FABRICATION, CONNECTION, POWERED TESTING, MOTION OR ENERGIZATION"
J2C,6,CH2_ILM_R,Connector_JST:JST_GH_BM07B-GHS-TBT_1x07-1MP_P1.25mm_Vertical,https://www.jst-mfg.com/product/pdf/eng/eGH.pdf,ordinary diagnostics/control only; zero safety credit,NOT EXECUTED,"NO PROCUREMENT, FABRICATION, CONNECTION, POWERED-TEST, MOTION OR ENERGIZATION AUTHORITY","PRELIMINARY - WALKING-POWER ARCHITECTURE CANDIDATE ONLY - NOT APPROVED FOR PROCUREMENT, FABRICATION, CONNECTION, POWERED TESTING, MOTION OR ENERGIZATION"
J2C,7,CH2_RCBCTRL,Connector_JST:JST_GH_BM07B-GHS-TBT_1x07-1MP_P1.25mm_Vertical,https://www.jst-mfg.com/product/pdf/eng/eGH.pdf,ordinary diagnostics/control only; zero safety credit,NOT EXECUTED,"NO PROCUREMENT, FABRICATION, CONNECTION, POWERED-TEST, MOTION OR ENERGIZATION AUTHORITY","PRELIMINARY - WALKING-POWER ARCHITECTURE CANDIDATE ONLY - NOT APPROVED FOR PROCUREMENT, FABRICATION, CONNECTION, POWERED TESTING, MOTION OR ENERGIZATION"
R2E,1,CH2_EN,Resistor_SMD:R_0603_1608Metric,https://www.ti.com/lit/ds/symlink/tps25948.pdf,candidate fail-low bias; exact control circuit remains open,NOT EXECUTED,"NO PROCUREMENT, FABRICATION, CONNECTION, POWERED-TEST, MOTION OR ENERGIZATION AUTHORITY","PRELIMINARY - WALKING-POWER ARCHITECTURE CANDIDATE ONLY - NOT APPROVED FOR PROCUREMENT, FABRICATION, CONNECTION, POWERED TESTING, MOTION OR ENERGIZATION"
R2E,2,PDU_0V,Resistor_SMD:R_0603_1608Metric,https://www.ti.com/lit/ds/symlink/tps25948.pdf,candidate fail-low bias; exact control circuit remains open,NOT EXECUTED,"NO PROCUREMENT, FABRICATION, CONNECTION, POWERED-TEST, MOTION OR ENERGIZATION AUTHORITY","PRELIMINARY - WALKING-POWER ARCHITECTURE CANDIDATE ONLY - NOT APPROVED FOR PROCUREMENT, FABRICATION, CONNECTION, POWERED TESTING, MOTION OR ENERGIZATION"
R2B,1,CH2_RCBCTRL,Resistor_SMD:R_0603_1608Metric,https://www.ti.com/lit/ds/symlink/tps25948.pdf,pull low enables bidirectional steady-state flow; disabled/fault state remains blocking by device behavior,NOT EXECUTED,"NO PROCUREMENT, FABRICATION, CONNECTION, POWERED-TEST, MOTION OR ENERGIZATION AUTHORITY","PRELIMINARY - WALKING-POWER ARCHITECTURE CANDIDATE ONLY - NOT APPROVED FOR PROCUREMENT, FABRICATION, CONNECTION, POWERED TESTING, MOTION OR ENERGIZATION"
R2B,2,PDU_0V,Resistor_SMD:R_0603_1608Metric,https://www.ti.com/lit/ds/symlink/tps25948.pdf,pull low enables bidirectional steady-state flow; disabled/fault state remains blocking by device behavior,NOT EXECUTED,"NO PROCUREMENT, FABRICATION, CONNECTION, POWERED-TEST, MOTION OR ENERGIZATION AUTHORITY","PRELIMINARY - WALKING-POWER ARCHITECTURE CANDIDATE ONLY - NOT APPROVED FOR PROCUREMENT, FABRICATION, CONNECTION, POWERED TESTING, MOTION OR ENERGIZATION"
R2F,1,CH2_ILM_F,Resistor_SMD:R_0603_1608Metric,https://www.ti.com/lit/ds/symlink/tps25948.pdf,no value released; ILIM range and accuracy boundaries apply,NOT EXECUTED,"NO PROCUREMENT, FABRICATION, CONNECTION, POWERED-TEST, MOTION OR ENERGIZATION AUTHORITY","PRELIMINARY - WALKING-POWER ARCHITECTURE CANDIDATE ONLY - NOT APPROVED FOR PROCUREMENT, FABRICATION, CONNECTION, POWERED TESTING, MOTION OR ENERGIZATION"
R2F,2,PDU_0V,Resistor_SMD:R_0603_1608Metric,https://www.ti.com/lit/ds/symlink/tps25948.pdf,no value released; ILIM range and accuracy boundaries apply,NOT EXECUTED,"NO PROCUREMENT, FABRICATION, CONNECTION, POWERED-TEST, MOTION OR ENERGIZATION AUTHORITY","PRELIMINARY - WALKING-POWER ARCHITECTURE CANDIDATE ONLY - NOT APPROVED FOR PROCUREMENT, FABRICATION, CONNECTION, POWERED TESTING, MOTION OR ENERGIZATION"
R2R,1,CH2_ILM_R,Resistor_SMD:R_0603_1608Metric,https://www.ti.com/lit/ds/symlink/tps25948.pdf,independent reverse-current limit remains selection required,NOT EXECUTED,"NO PROCUREMENT, FABRICATION, CONNECTION, POWERED-TEST, MOTION OR ENERGIZATION AUTHORITY","PRELIMINARY - WALKING-POWER ARCHITECTURE CANDIDATE ONLY - NOT APPROVED FOR PROCUREMENT, FABRICATION, CONNECTION, POWERED TESTING, MOTION OR ENERGIZATION"
R2R,2,PDU_0V,Resistor_SMD:R_0603_1608Metric,https://www.ti.com/lit/ds/symlink/tps25948.pdf,independent reverse-current limit remains selection required,NOT EXECUTED,"NO PROCUREMENT, FABRICATION, CONNECTION, POWERED-TEST, MOTION OR ENERGIZATION AUTHORITY","PRELIMINARY - WALKING-POWER ARCHITECTURE CANDIDATE ONLY - NOT APPROVED FOR PROCUREMENT, FABRICATION, CONNECTION, POWERED TESTING, MOTION OR ENERGIZATION"
C2F,1,CH2_DVDT_F,Capacitor_SMD:C_0603_1608Metric,https://www.ti.com/lit/ds/symlink/tps25948.pdf,startup slew interaction requires test,NOT EXECUTED,"NO PROCUREMENT, FABRICATION, CONNECTION, POWERED-TEST, MOTION OR ENERGIZATION AUTHORITY","PRELIMINARY - WALKING-POWER ARCHITECTURE CANDIDATE ONLY - NOT APPROVED FOR PROCUREMENT, FABRICATION, CONNECTION, POWERED TESTING, MOTION OR ENERGIZATION"
C2F,2,PDU_0V,Capacitor_SMD:C_0603_1608Metric,https://www.ti.com/lit/ds/symlink/tps25948.pdf,startup slew interaction requires test,NOT EXECUTED,"NO PROCUREMENT, FABRICATION, CONNECTION, POWERED-TEST, MOTION OR ENERGIZATION AUTHORITY","PRELIMINARY - WALKING-POWER ARCHITECTURE CANDIDATE ONLY - NOT APPROVED FOR PROCUREMENT, FABRICATION, CONNECTION, POWERED TESTING, MOTION OR ENERGIZATION"
C2R,1,CH2_DVDT_R,Capacitor_SMD:C_0603_1608Metric,https://www.ti.com/lit/ds/symlink/tps25948.pdf,startup slew interaction requires test,NOT EXECUTED,"NO PROCUREMENT, FABRICATION, CONNECTION, POWERED-TEST, MOTION OR ENERGIZATION AUTHORITY","PRELIMINARY - WALKING-POWER ARCHITECTURE CANDIDATE ONLY - NOT APPROVED FOR PROCUREMENT, FABRICATION, CONNECTION, POWERED TESTING, MOTION OR ENERGIZATION"
C2R,2,PDU_0V,Capacitor_SMD:C_0603_1608Metric,https://www.ti.com/lit/ds/symlink/tps25948.pdf,startup slew interaction requires test,NOT EXECUTED,"NO PROCUREMENT, FABRICATION, CONNECTION, POWERED-TEST, MOTION OR ENERGIZATION AUTHORITY","PRELIMINARY - WALKING-POWER ARCHITECTURE CANDIDATE ONLY - NOT APPROVED FOR PROCUREMENT, FABRICATION, CONNECTION, POWERED TESTING, MOTION OR ENERGIZATION"
C2I,1,PDU_12V_IN,Capacitor_SMD:C_0805_2012Metric,https://www.ti.com/lit/ds/symlink/tps25948.pdf,value/voltage/bias/placement open,NOT EXECUTED,"NO PROCUREMENT, FABRICATION, CONNECTION, POWERED-TEST, MOTION OR ENERGIZATION AUTHORITY","PRELIMINARY - WALKING-POWER ARCHITECTURE CANDIDATE ONLY - NOT APPROVED FOR PROCUREMENT, FABRICATION, CONNECTION, POWERED TESTING, MOTION OR ENERGIZATION"
C2I,2,PDU_0V,Capacitor_SMD:C_0805_2012Metric,https://www.ti.com/lit/ds/symlink/tps25948.pdf,value/voltage/bias/placement open,NOT EXECUTED,"NO PROCUREMENT, FABRICATION, CONNECTION, POWERED-TEST, MOTION OR ENERGIZATION AUTHORITY","PRELIMINARY - WALKING-POWER ARCHITECTURE CANDIDATE ONLY - NOT APPROVED FOR PROCUREMENT, FABRICATION, CONNECTION, POWERED TESTING, MOTION OR ENERGIZATION"
C2O,1,BRANCH_2_12V,Capacitor_SMD:C_0805_2012Metric,https://www.ti.com/lit/ds/symlink/tps25948.pdf,value/voltage/bias/regeneration pulse open,NOT EXECUTED,"NO PROCUREMENT, FABRICATION, CONNECTION, POWERED-TEST, MOTION OR ENERGIZATION AUTHORITY","PRELIMINARY - WALKING-POWER ARCHITECTURE CANDIDATE ONLY - NOT APPROVED FOR PROCUREMENT, FABRICATION, CONNECTION, POWERED TESTING, MOTION OR ENERGIZATION"
C2O,2,PDU_0V,Capacitor_SMD:C_0805_2012Metric,https://www.ti.com/lit/ds/symlink/tps25948.pdf,value/voltage/bias/regeneration pulse open,NOT EXECUTED,"NO PROCUREMENT, FABRICATION, CONNECTION, POWERED-TEST, MOTION OR ENERGIZATION AUTHORITY","PRELIMINARY - WALKING-POWER ARCHITECTURE CANDIDATE ONLY - NOT APPROVED FOR PROCUREMENT, FABRICATION, CONNECTION, POWERED TESTING, MOTION OR ENERGIZATION"
U3F,1,CH3_EN,,https://www.ti.com/lit/ds/symlink/tps25948.pdf,TPS259482LYWPR candidate; native footprint deliberately blank until exact TI YWP0012A land pattern is generated and DFM-accepted,NOT EXECUTED,"NO PROCUREMENT, FABRICATION, CONNECTION, POWERED-TEST, MOTION OR ENERGIZATION AUTHORITY","PRELIMINARY - WALKING-POWER ARCHITECTURE CANDIDATE ONLY - NOT APPROVED FOR PROCUREMENT, FABRICATION, CONNECTION, POWERED TESTING, MOTION OR ENERGIZATION"
U3F,2,CH3_OV_F,,https://www.ti.com/lit/ds/symlink/tps25948.pdf,TPS259482LYWPR candidate; native footprint deliberately blank until exact TI YWP0012A land pattern is generated and DFM-accepted,NOT EXECUTED,"NO PROCUREMENT, FABRICATION, CONNECTION, POWERED-TEST, MOTION OR ENERGIZATION AUTHORITY","PRELIMINARY - WALKING-POWER ARCHITECTURE CANDIDATE ONLY - NOT APPROVED FOR PROCUREMENT, FABRICATION, CONNECTION, POWERED TESTING, MOTION OR ENERGIZATION"
U3F,3,CH3_PG_F,,https://www.ti.com/lit/ds/symlink/tps25948.pdf,TPS259482LYWPR candidate; native footprint deliberately blank until exact TI YWP0012A land pattern is generated and DFM-accepted,NOT EXECUTED,"NO PROCUREMENT, FABRICATION, CONNECTION, POWERED-TEST, MOTION OR ENERGIZATION AUTHORITY","PRELIMINARY - WALKING-POWER ARCHITECTURE CANDIDATE ONLY - NOT APPROVED FOR PROCUREMENT, FABRICATION, CONNECTION, POWERED TESTING, MOTION OR ENERGIZATION"
U3F,4,CH3_RCBCTRL,,https://www.ti.com/lit/ds/symlink/tps25948.pdf,TPS259482LYWPR candidate; native footprint deliberately blank until exact TI YWP0012A land pattern is generated and DFM-accepted,NOT EXECUTED,"NO PROCUREMENT, FABRICATION, CONNECTION, POWERED-TEST, MOTION OR ENERGIZATION AUTHORITY","PRELIMINARY - WALKING-POWER ARCHITECTURE CANDIDATE ONLY - NOT APPROVED FOR PROCUREMENT, FABRICATION, CONNECTION, POWERED TESTING, MOTION OR ENERGIZATION"
U3F,5,PDU_12V_IN,,https://www.ti.com/lit/ds/symlink/tps25948.pdf,TPS259482LYWPR candidate; native footprint deliberately blank until exact TI YWP0012A land pattern is generated and DFM-accepted,NOT EXECUTED,"NO PROCUREMENT, FABRICATION, CONNECTION, POWERED-TEST, MOTION OR ENERGIZATION AUTHORITY","PRELIMINARY - WALKING-POWER ARCHITECTURE CANDIDATE ONLY - NOT APPROVED FOR PROCUREMENT, FABRICATION, CONNECTION, POWERED TESTING, MOTION OR ENERGIZATION"
U3F,6,CH3_MID,,https://www.ti.com/lit/ds/symlink/tps25948.pdf,TPS259482LYWPR candidate; native footprint deliberately blank until exact TI YWP0012A land pattern is generated and DFM-accepted,NOT EXECUTED,"NO PROCUREMENT, FABRICATION, CONNECTION, POWERED-TEST, MOTION OR ENERGIZATION AUTHORITY","PRELIMINARY - WALKING-POWER ARCHITECTURE CANDIDATE ONLY - NOT APPROVED FOR PROCUREMENT, FABRICATION, CONNECTION, POWERED TESTING, MOTION OR ENERGIZATION"
U3F,7,CH3_DVDT_F,,https://www.ti.com/lit/ds/symlink/tps25948.pdf,TPS259482LYWPR candidate; native footprint deliberately blank until exact TI YWP0012A land pattern is generated and DFM-accepted,NOT EXECUTED,"NO PROCUREMENT, FABRICATION, CONNECTION, POWERED-TEST, MOTION OR ENERGIZATION AUTHORITY","PRELIMINARY - WALKING-POWER ARCHITECTURE CANDIDATE ONLY - NOT APPROVED FOR PROCUREMENT, FABRICATION, CONNECTION, POWERED TESTING, MOTION OR ENERGIZATION"
U3F,8,PDU_0V,,https://www.ti.com/lit/ds/symlink/tps25948.pdf,TPS259482LYWPR candidate; native footprint deliberately blank until exact TI YWP0012A land pattern is generated and DFM-accepted,NOT EXECUTED,"NO PROCUREMENT, FABRICATION, CONNECTION, POWERED-TEST, MOTION OR ENERGIZATION AUTHORITY","PRELIMINARY - WALKING-POWER ARCHITECTURE CANDIDATE ONLY - NOT APPROVED FOR PROCUREMENT, FABRICATION, CONNECTION, POWERED TESTING, MOTION OR ENERGIZATION"
U3F,9,CH3_ILM_F,,https://www.ti.com/lit/ds/symlink/tps25948.pdf,TPS259482LYWPR candidate; native footprint deliberately blank until exact TI YWP0012A land pattern is generated and DFM-accepted,NOT EXECUTED,"NO PROCUREMENT, FABRICATION, CONNECTION, POWERED-TEST, MOTION OR ENERGIZATION AUTHORITY","PRELIMINARY - WALKING-POWER ARCHITECTURE CANDIDATE ONLY - NOT APPROVED FOR PROCUREMENT, FABRICATION, CONNECTION, POWERED TESTING, MOTION OR ENERGIZATION"
U3F,10,CH3_ITIMER_F,,https://www.ti.com/lit/ds/symlink/tps25948.pdf,TPS259482LYWPR candidate; native footprint deliberately blank until exact TI YWP0012A land pattern is generated and DFM-accepted,NOT EXECUTED,"NO PROCUREMENT, FABRICATION, CONNECTION, POWERED-TEST, MOTION OR ENERGIZATION AUTHORITY","PRELIMINARY - WALKING-POWER ARCHITECTURE CANDIDATE ONLY - NOT APPROVED FOR PROCUREMENT, FABRICATION, CONNECTION, POWERED TESTING, MOTION OR ENERGIZATION"
U3F,11,CH3_MID,,https://www.ti.com/lit/ds/symlink/tps25948.pdf,TPS259482LYWPR candidate; native footprint deliberately blank until exact TI YWP0012A land pattern is generated and DFM-accepted,NOT EXECUTED,"NO PROCUREMENT, FABRICATION, CONNECTION, POWERED-TEST, MOTION OR ENERGIZATION AUTHORITY","PRELIMINARY - WALKING-POWER ARCHITECTURE CANDIDATE ONLY - NOT APPROVED FOR PROCUREMENT, FABRICATION, CONNECTION, POWERED TESTING, MOTION OR ENERGIZATION"
U3F,12,PDU_12V_IN,,https://www.ti.com/lit/ds/symlink/tps25948.pdf,TPS259482LYWPR candidate; native footprint deliberately blank until exact TI YWP0012A land pattern is generated and DFM-accepted,NOT EXECUTED,"NO PROCUREMENT, FABRICATION, CONNECTION, POWERED-TEST, MOTION OR ENERGIZATION AUTHORITY","PRELIMINARY - WALKING-POWER ARCHITECTURE CANDIDATE ONLY - NOT APPROVED FOR PROCUREMENT, FABRICATION, CONNECTION, POWERED TESTING, MOTION OR ENERGIZATION"
U3R,1,CH3_EN,,https://www.ti.com/lit/ds/symlink/tps25948.pdf,TPS259482LYWPR candidate; native footprint deliberately blank until exact TI YWP0012A land pattern is generated and DFM-accepted,NOT EXECUTED,"NO PROCUREMENT, FABRICATION, CONNECTION, POWERED-TEST, MOTION OR ENERGIZATION AUTHORITY","PRELIMINARY - WALKING-POWER ARCHITECTURE CANDIDATE ONLY - NOT APPROVED FOR PROCUREMENT, FABRICATION, CONNECTION, POWERED TESTING, MOTION OR ENERGIZATION"
U3R,2,CH3_OV_R,,https://www.ti.com/lit/ds/symlink/tps25948.pdf,TPS259482LYWPR candidate; native footprint deliberately blank until exact TI YWP0012A land pattern is generated and DFM-accepted,NOT EXECUTED,"NO PROCUREMENT, FABRICATION, CONNECTION, POWERED-TEST, MOTION OR ENERGIZATION AUTHORITY","PRELIMINARY - WALKING-POWER ARCHITECTURE CANDIDATE ONLY - NOT APPROVED FOR PROCUREMENT, FABRICATION, CONNECTION, POWERED TESTING, MOTION OR ENERGIZATION"
U3R,3,CH3_PG_R,,https://www.ti.com/lit/ds/symlink/tps25948.pdf,TPS259482LYWPR candidate; native footprint deliberately blank until exact TI YWP0012A land pattern is generated and DFM-accepted,NOT EXECUTED,"NO PROCUREMENT, FABRICATION, CONNECTION, POWERED-TEST, MOTION OR ENERGIZATION AUTHORITY","PRELIMINARY - WALKING-POWER ARCHITECTURE CANDIDATE ONLY - NOT APPROVED FOR PROCUREMENT, FABRICATION, CONNECTION, POWERED TESTING, MOTION OR ENERGIZATION"
U3R,4,CH3_RCBCTRL,,https://www.ti.com/lit/ds/symlink/tps25948.pdf,TPS259482LYWPR candidate; native footprint deliberately blank until exact TI YWP0012A land pattern is generated and DFM-accepted,NOT EXECUTED,"NO PROCUREMENT, FABRICATION, CONNECTION, POWERED-TEST, MOTION OR ENERGIZATION AUTHORITY","PRELIMINARY - WALKING-POWER ARCHITECTURE CANDIDATE ONLY - NOT APPROVED FOR PROCUREMENT, FABRICATION, CONNECTION, POWERED TESTING, MOTION OR ENERGIZATION"
U3R,5,BRANCH_3_12V,,https://www.ti.com/lit/ds/symlink/tps25948.pdf,TPS259482LYWPR candidate; native footprint deliberately blank until exact TI YWP0012A land pattern is generated and DFM-accepted,NOT EXECUTED,"NO PROCUREMENT, FABRICATION, CONNECTION, POWERED-TEST, MOTION OR ENERGIZATION AUTHORITY","PRELIMINARY - WALKING-POWER ARCHITECTURE CANDIDATE ONLY - NOT APPROVED FOR PROCUREMENT, FABRICATION, CONNECTION, POWERED TESTING, MOTION OR ENERGIZATION"
U3R,6,CH3_MID,,https://www.ti.com/lit/ds/symlink/tps25948.pdf,TPS259482LYWPR candidate; native footprint deliberately blank until exact TI YWP0012A land pattern is generated and DFM-accepted,NOT EXECUTED,"NO PROCUREMENT, FABRICATION, CONNECTION, POWERED-TEST, MOTION OR ENERGIZATION AUTHORITY","PRELIMINARY - WALKING-POWER ARCHITECTURE CANDIDATE ONLY - NOT APPROVED FOR PROCUREMENT, FABRICATION, CONNECTION, POWERED TESTING, MOTION OR ENERGIZATION"
U3R,7,CH3_DVDT_R,,https://www.ti.com/lit/ds/symlink/tps25948.pdf,TPS259482LYWPR candidate; native footprint deliberately blank until exact TI YWP0012A land pattern is generated and DFM-accepted,NOT EXECUTED,"NO PROCUREMENT, FABRICATION, CONNECTION, POWERED-TEST, MOTION OR ENERGIZATION AUTHORITY","PRELIMINARY - WALKING-POWER ARCHITECTURE CANDIDATE ONLY - NOT APPROVED FOR PROCUREMENT, FABRICATION, CONNECTION, POWERED TESTING, MOTION OR ENERGIZATION"
U3R,8,PDU_0V,,https://www.ti.com/lit/ds/symlink/tps25948.pdf,TPS259482LYWPR candidate; native footprint deliberately blank until exact TI YWP0012A land pattern is generated and DFM-accepted,NOT EXECUTED,"NO PROCUREMENT, FABRICATION, CONNECTION, POWERED-TEST, MOTION OR ENERGIZATION AUTHORITY","PRELIMINARY - WALKING-POWER ARCHITECTURE CANDIDATE ONLY - NOT APPROVED FOR PROCUREMENT, FABRICATION, CONNECTION, POWERED TESTING, MOTION OR ENERGIZATION"
U3R,9,CH3_ILM_R,,https://www.ti.com/lit/ds/symlink/tps25948.pdf,TPS259482LYWPR candidate; native footprint deliberately blank until exact TI YWP0012A land pattern is generated and DFM-accepted,NOT EXECUTED,"NO PROCUREMENT, FABRICATION, CONNECTION, POWERED-TEST, MOTION OR ENERGIZATION AUTHORITY","PRELIMINARY - WALKING-POWER ARCHITECTURE CANDIDATE ONLY - NOT APPROVED FOR PROCUREMENT, FABRICATION, CONNECTION, POWERED TESTING, MOTION OR ENERGIZATION"
U3R,10,CH3_ITIMER_R,,https://www.ti.com/lit/ds/symlink/tps25948.pdf,TPS259482LYWPR candidate; native footprint deliberately blank until exact TI YWP0012A land pattern is generated and DFM-accepted,NOT EXECUTED,"NO PROCUREMENT, FABRICATION, CONNECTION, POWERED-TEST, MOTION OR ENERGIZATION AUTHORITY","PRELIMINARY - WALKING-POWER ARCHITECTURE CANDIDATE ONLY - NOT APPROVED FOR PROCUREMENT, FABRICATION, CONNECTION, POWERED TESTING, MOTION OR ENERGIZATION"
U3R,11,CH3_MID,,https://www.ti.com/lit/ds/symlink/tps25948.pdf,TPS259482LYWPR candidate; native footprint deliberately blank until exact TI YWP0012A land pattern is generated and DFM-accepted,NOT EXECUTED,"NO PROCUREMENT, FABRICATION, CONNECTION, POWERED-TEST, MOTION OR ENERGIZATION AUTHORITY","PRELIMINARY - WALKING-POWER ARCHITECTURE CANDIDATE ONLY - NOT APPROVED FOR PROCUREMENT, FABRICATION, CONNECTION, POWERED TESTING, MOTION OR ENERGIZATION"
U3R,12,BRANCH_3_12V,,https://www.ti.com/lit/ds/symlink/tps25948.pdf,TPS259482LYWPR candidate; native footprint deliberately blank until exact TI YWP0012A land pattern is generated and DFM-accepted,NOT EXECUTED,"NO PROCUREMENT, FABRICATION, CONNECTION, POWERED-TEST, MOTION OR ENERGIZATION AUTHORITY","PRELIMINARY - WALKING-POWER ARCHITECTURE CANDIDATE ONLY - NOT APPROVED FOR PROCUREMENT, FABRICATION, CONNECTION, POWERED TESTING, MOTION OR ENERGIZATION"
J3O,1,PDU_0V,Connector_JST:JST_VH_B2P-VH_1x02_P3.96mm_Vertical,https://www.jst-mfg.com/product/pdf/eng/eVH.pdf,candidate local power pair,NOT EXECUTED,"NO PROCUREMENT, FABRICATION, CONNECTION, POWERED-TEST, MOTION OR ENERGIZATION AUTHORITY","PRELIMINARY - WALKING-POWER ARCHITECTURE CANDIDATE ONLY - NOT APPROVED FOR PROCUREMENT, FABRICATION, CONNECTION, POWERED TESTING, MOTION OR ENERGIZATION"
J3O,2,BRANCH_3_12V,Connector_JST:JST_VH_B2P-VH_1x02_P3.96mm_Vertical,https://www.jst-mfg.com/product/pdf/eng/eVH.pdf,candidate local power pair,NOT EXECUTED,"NO PROCUREMENT, FABRICATION, CONNECTION, POWERED-TEST, MOTION OR ENERGIZATION AUTHORITY","PRELIMINARY - WALKING-POWER ARCHITECTURE CANDIDATE ONLY - NOT APPROVED FOR PROCUREMENT, FABRICATION, CONNECTION, POWERED TESTING, MOTION OR ENERGIZATION"
J3C,1,PDU_0V,Connector_JST:JST_GH_BM07B-GHS-TBT_1x07-1MP_P1.25mm_Vertical,https://www.jst-mfg.com/product/pdf/eng/eGH.pdf,ordinary diagnostics/control only; zero safety credit,NOT EXECUTED,"NO PROCUREMENT, FABRICATION, CONNECTION, POWERED-TEST, MOTION OR ENERGIZATION AUTHORITY","PRELIMINARY - WALKING-POWER ARCHITECTURE CANDIDATE ONLY - NOT APPROVED FOR PROCUREMENT, FABRICATION, CONNECTION, POWERED TESTING, MOTION OR ENERGIZATION"
J3C,2,CH3_EN,Connector_JST:JST_GH_BM07B-GHS-TBT_1x07-1MP_P1.25mm_Vertical,https://www.jst-mfg.com/product/pdf/eng/eGH.pdf,ordinary diagnostics/control only; zero safety credit,NOT EXECUTED,"NO PROCUREMENT, FABRICATION, CONNECTION, POWERED-TEST, MOTION OR ENERGIZATION AUTHORITY","PRELIMINARY - WALKING-POWER ARCHITECTURE CANDIDATE ONLY - NOT APPROVED FOR PROCUREMENT, FABRICATION, CONNECTION, POWERED TESTING, MOTION OR ENERGIZATION"
J3C,3,CH3_PG_F,Connector_JST:JST_GH_BM07B-GHS-TBT_1x07-1MP_P1.25mm_Vertical,https://www.jst-mfg.com/product/pdf/eng/eGH.pdf,ordinary diagnostics/control only; zero safety credit,NOT EXECUTED,"NO PROCUREMENT, FABRICATION, CONNECTION, POWERED-TEST, MOTION OR ENERGIZATION AUTHORITY","PRELIMINARY - WALKING-POWER ARCHITECTURE CANDIDATE ONLY - NOT APPROVED FOR PROCUREMENT, FABRICATION, CONNECTION, POWERED TESTING, MOTION OR ENERGIZATION"
J3C,4,CH3_PG_R,Connector_JST:JST_GH_BM07B-GHS-TBT_1x07-1MP_P1.25mm_Vertical,https://www.jst-mfg.com/product/pdf/eng/eGH.pdf,ordinary diagnostics/control only; zero safety credit,NOT EXECUTED,"NO PROCUREMENT, FABRICATION, CONNECTION, POWERED-TEST, MOTION OR ENERGIZATION AUTHORITY","PRELIMINARY - WALKING-POWER ARCHITECTURE CANDIDATE ONLY - NOT APPROVED FOR PROCUREMENT, FABRICATION, CONNECTION, POWERED TESTING, MOTION OR ENERGIZATION"
J3C,5,CH3_ILM_F,Connector_JST:JST_GH_BM07B-GHS-TBT_1x07-1MP_P1.25mm_Vertical,https://www.jst-mfg.com/product/pdf/eng/eGH.pdf,ordinary diagnostics/control only; zero safety credit,NOT EXECUTED,"NO PROCUREMENT, FABRICATION, CONNECTION, POWERED-TEST, MOTION OR ENERGIZATION AUTHORITY","PRELIMINARY - WALKING-POWER ARCHITECTURE CANDIDATE ONLY - NOT APPROVED FOR PROCUREMENT, FABRICATION, CONNECTION, POWERED TESTING, MOTION OR ENERGIZATION"
J3C,6,CH3_ILM_R,Connector_JST:JST_GH_BM07B-GHS-TBT_1x07-1MP_P1.25mm_Vertical,https://www.jst-mfg.com/product/pdf/eng/eGH.pdf,ordinary diagnostics/control only; zero safety credit,NOT EXECUTED,"NO PROCUREMENT, FABRICATION, CONNECTION, POWERED-TEST, MOTION OR ENERGIZATION AUTHORITY","PRELIMINARY - WALKING-POWER ARCHITECTURE CANDIDATE ONLY - NOT APPROVED FOR PROCUREMENT, FABRICATION, CONNECTION, POWERED TESTING, MOTION OR ENERGIZATION"
J3C,7,CH3_RCBCTRL,Connector_JST:JST_GH_BM07B-GHS-TBT_1x07-1MP_P1.25mm_Vertical,https://www.jst-mfg.com/product/pdf/eng/eGH.pdf,ordinary diagnostics/control only; zero safety credit,NOT EXECUTED,"NO PROCUREMENT, FABRICATION, CONNECTION, POWERED-TEST, MOTION OR ENERGIZATION AUTHORITY","PRELIMINARY - WALKING-POWER ARCHITECTURE CANDIDATE ONLY - NOT APPROVED FOR PROCUREMENT, FABRICATION, CONNECTION, POWERED TESTING, MOTION OR ENERGIZATION"
R3E,1,CH3_EN,Resistor_SMD:R_0603_1608Metric,https://www.ti.com/lit/ds/symlink/tps25948.pdf,candidate fail-low bias; exact control circuit remains open,NOT EXECUTED,"NO PROCUREMENT, FABRICATION, CONNECTION, POWERED-TEST, MOTION OR ENERGIZATION AUTHORITY","PRELIMINARY - WALKING-POWER ARCHITECTURE CANDIDATE ONLY - NOT APPROVED FOR PROCUREMENT, FABRICATION, CONNECTION, POWERED TESTING, MOTION OR ENERGIZATION"
R3E,2,PDU_0V,Resistor_SMD:R_0603_1608Metric,https://www.ti.com/lit/ds/symlink/tps25948.pdf,candidate fail-low bias; exact control circuit remains open,NOT EXECUTED,"NO PROCUREMENT, FABRICATION, CONNECTION, POWERED-TEST, MOTION OR ENERGIZATION AUTHORITY","PRELIMINARY - WALKING-POWER ARCHITECTURE CANDIDATE ONLY - NOT APPROVED FOR PROCUREMENT, FABRICATION, CONNECTION, POWERED TESTING, MOTION OR ENERGIZATION"
R3B,1,CH3_RCBCTRL,Resistor_SMD:R_0603_1608Metric,https://www.ti.com/lit/ds/symlink/tps25948.pdf,pull low enables bidirectional steady-state flow; disabled/fault state remains blocking by device behavior,NOT EXECUTED,"NO PROCUREMENT, FABRICATION, CONNECTION, POWERED-TEST, MOTION OR ENERGIZATION AUTHORITY","PRELIMINARY - WALKING-POWER ARCHITECTURE CANDIDATE ONLY - NOT APPROVED FOR PROCUREMENT, FABRICATION, CONNECTION, POWERED TESTING, MOTION OR ENERGIZATION"
R3B,2,PDU_0V,Resistor_SMD:R_0603_1608Metric,https://www.ti.com/lit/ds/symlink/tps25948.pdf,pull low enables bidirectional steady-state flow; disabled/fault state remains blocking by device behavior,NOT EXECUTED,"NO PROCUREMENT, FABRICATION, CONNECTION, POWERED-TEST, MOTION OR ENERGIZATION AUTHORITY","PRELIMINARY - WALKING-POWER ARCHITECTURE CANDIDATE ONLY - NOT APPROVED FOR PROCUREMENT, FABRICATION, CONNECTION, POWERED TESTING, MOTION OR ENERGIZATION"
R3F,1,CH3_ILM_F,Resistor_SMD:R_0603_1608Metric,https://www.ti.com/lit/ds/symlink/tps25948.pdf,no value released; ILIM range and accuracy boundaries apply,NOT EXECUTED,"NO PROCUREMENT, FABRICATION, CONNECTION, POWERED-TEST, MOTION OR ENERGIZATION AUTHORITY","PRELIMINARY - WALKING-POWER ARCHITECTURE CANDIDATE ONLY - NOT APPROVED FOR PROCUREMENT, FABRICATION, CONNECTION, POWERED TESTING, MOTION OR ENERGIZATION"
R3F,2,PDU_0V,Resistor_SMD:R_0603_1608Metric,https://www.ti.com/lit/ds/symlink/tps25948.pdf,no value released; ILIM range and accuracy boundaries apply,NOT EXECUTED,"NO PROCUREMENT, FABRICATION, CONNECTION, POWERED-TEST, MOTION OR ENERGIZATION AUTHORITY","PRELIMINARY - WALKING-POWER ARCHITECTURE CANDIDATE ONLY - NOT APPROVED FOR PROCUREMENT, FABRICATION, CONNECTION, POWERED TESTING, MOTION OR ENERGIZATION"
R3R,1,CH3_ILM_R,Resistor_SMD:R_0603_1608Metric,https://www.ti.com/lit/ds/symlink/tps25948.pdf,independent reverse-current limit remains selection required,NOT EXECUTED,"NO PROCUREMENT, FABRICATION, CONNECTION, POWERED-TEST, MOTION OR ENERGIZATION AUTHORITY","PRELIMINARY - WALKING-POWER ARCHITECTURE CANDIDATE ONLY - NOT APPROVED FOR PROCUREMENT, FABRICATION, CONNECTION, POWERED TESTING, MOTION OR ENERGIZATION"
R3R,2,PDU_0V,Resistor_SMD:R_0603_1608Metric,https://www.ti.com/lit/ds/symlink/tps25948.pdf,independent reverse-current limit remains selection required,NOT EXECUTED,"NO PROCUREMENT, FABRICATION, CONNECTION, POWERED-TEST, MOTION OR ENERGIZATION AUTHORITY","PRELIMINARY - WALKING-POWER ARCHITECTURE CANDIDATE ONLY - NOT APPROVED FOR PROCUREMENT, FABRICATION, CONNECTION, POWERED TESTING, MOTION OR ENERGIZATION"
C3F,1,CH3_DVDT_F,Capacitor_SMD:C_0603_1608Metric,https://www.ti.com/lit/ds/symlink/tps25948.pdf,startup slew interaction requires test,NOT EXECUTED,"NO PROCUREMENT, FABRICATION, CONNECTION, POWERED-TEST, MOTION OR ENERGIZATION AUTHORITY","PRELIMINARY - WALKING-POWER ARCHITECTURE CANDIDATE ONLY - NOT APPROVED FOR PROCUREMENT, FABRICATION, CONNECTION, POWERED TESTING, MOTION OR ENERGIZATION"
C3F,2,PDU_0V,Capacitor_SMD:C_0603_1608Metric,https://www.ti.com/lit/ds/symlink/tps25948.pdf,startup slew interaction requires test,NOT EXECUTED,"NO PROCUREMENT, FABRICATION, CONNECTION, POWERED-TEST, MOTION OR ENERGIZATION AUTHORITY","PRELIMINARY - WALKING-POWER ARCHITECTURE CANDIDATE ONLY - NOT APPROVED FOR PROCUREMENT, FABRICATION, CONNECTION, POWERED TESTING, MOTION OR ENERGIZATION"
C3R,1,CH3_DVDT_R,Capacitor_SMD:C_0603_1608Metric,https://www.ti.com/lit/ds/symlink/tps25948.pdf,startup slew interaction requires test,NOT EXECUTED,"NO PROCUREMENT, FABRICATION, CONNECTION, POWERED-TEST, MOTION OR ENERGIZATION AUTHORITY","PRELIMINARY - WALKING-POWER ARCHITECTURE CANDIDATE ONLY - NOT APPROVED FOR PROCUREMENT, FABRICATION, CONNECTION, POWERED TESTING, MOTION OR ENERGIZATION"
C3R,2,PDU_0V,Capacitor_SMD:C_0603_1608Metric,https://www.ti.com/lit/ds/symlink/tps25948.pdf,startup slew interaction requires test,NOT EXECUTED,"NO PROCUREMENT, FABRICATION, CONNECTION, POWERED-TEST, MOTION OR ENERGIZATION AUTHORITY","PRELIMINARY - WALKING-POWER ARCHITECTURE CANDIDATE ONLY - NOT APPROVED FOR PROCUREMENT, FABRICATION, CONNECTION, POWERED TESTING, MOTION OR ENERGIZATION"
C3I,1,PDU_12V_IN,Capacitor_SMD:C_0805_2012Metric,https://www.ti.com/lit/ds/symlink/tps25948.pdf,value/voltage/bias/placement open,NOT EXECUTED,"NO PROCUREMENT, FABRICATION, CONNECTION, POWERED-TEST, MOTION OR ENERGIZATION AUTHORITY","PRELIMINARY - WALKING-POWER ARCHITECTURE CANDIDATE ONLY - NOT APPROVED FOR PROCUREMENT, FABRICATION, CONNECTION, POWERED TESTING, MOTION OR ENERGIZATION"
C3I,2,PDU_0V,Capacitor_SMD:C_0805_2012Metric,https://www.ti.com/lit/ds/symlink/tps25948.pdf,value/voltage/bias/placement open,NOT EXECUTED,"NO PROCUREMENT, FABRICATION, CONNECTION, POWERED-TEST, MOTION OR ENERGIZATION AUTHORITY","PRELIMINARY - WALKING-POWER ARCHITECTURE CANDIDATE ONLY - NOT APPROVED FOR PROCUREMENT, FABRICATION, CONNECTION, POWERED TESTING, MOTION OR ENERGIZATION"
C3O,1,BRANCH_3_12V,Capacitor_SMD:C_0805_2012Metric,https://www.ti.com/lit/ds/symlink/tps25948.pdf,value/voltage/bias/regeneration pulse open,NOT EXECUTED,"NO PROCUREMENT, FABRICATION, CONNECTION, POWERED-TEST, MOTION OR ENERGIZATION AUTHORITY","PRELIMINARY - WALKING-POWER ARCHITECTURE CANDIDATE ONLY - NOT APPROVED FOR PROCUREMENT, FABRICATION, CONNECTION, POWERED TESTING, MOTION OR ENERGIZATION"
C3O,2,PDU_0V,Capacitor_SMD:C_0805_2012Metric,https://www.ti.com/lit/ds/symlink/tps25948.pdf,value/voltage/bias/regeneration pulse open,NOT EXECUTED,"NO PROCUREMENT, FABRICATION, CONNECTION, POWERED-TEST, MOTION OR ENERGIZATION AUTHORITY","PRELIMINARY - WALKING-POWER ARCHITECTURE CANDIDATE ONLY - NOT APPROVED FOR PROCUREMENT, FABRICATION, CONNECTION, POWERED TESTING, MOTION OR ENERGIZATION"
U4F,1,CH4_EN,,https://www.ti.com/lit/ds/symlink/tps25948.pdf,TPS259482LYWPR candidate; native footprint deliberately blank until exact TI YWP0012A land pattern is generated and DFM-accepted,NOT EXECUTED,"NO PROCUREMENT, FABRICATION, CONNECTION, POWERED-TEST, MOTION OR ENERGIZATION AUTHORITY","PRELIMINARY - WALKING-POWER ARCHITECTURE CANDIDATE ONLY - NOT APPROVED FOR PROCUREMENT, FABRICATION, CONNECTION, POWERED TESTING, MOTION OR ENERGIZATION"
U4F,2,CH4_OV_F,,https://www.ti.com/lit/ds/symlink/tps25948.pdf,TPS259482LYWPR candidate; native footprint deliberately blank until exact TI YWP0012A land pattern is generated and DFM-accepted,NOT EXECUTED,"NO PROCUREMENT, FABRICATION, CONNECTION, POWERED-TEST, MOTION OR ENERGIZATION AUTHORITY","PRELIMINARY - WALKING-POWER ARCHITECTURE CANDIDATE ONLY - NOT APPROVED FOR PROCUREMENT, FABRICATION, CONNECTION, POWERED TESTING, MOTION OR ENERGIZATION"
U4F,3,CH4_PG_F,,https://www.ti.com/lit/ds/symlink/tps25948.pdf,TPS259482LYWPR candidate; native footprint deliberately blank until exact TI YWP0012A land pattern is generated and DFM-accepted,NOT EXECUTED,"NO PROCUREMENT, FABRICATION, CONNECTION, POWERED-TEST, MOTION OR ENERGIZATION AUTHORITY","PRELIMINARY - WALKING-POWER ARCHITECTURE CANDIDATE ONLY - NOT APPROVED FOR PROCUREMENT, FABRICATION, CONNECTION, POWERED TESTING, MOTION OR ENERGIZATION"
U4F,4,CH4_RCBCTRL,,https://www.ti.com/lit/ds/symlink/tps25948.pdf,TPS259482LYWPR candidate; native footprint deliberately blank until exact TI YWP0012A land pattern is generated and DFM-accepted,NOT EXECUTED,"NO PROCUREMENT, FABRICATION, CONNECTION, POWERED-TEST, MOTION OR ENERGIZATION AUTHORITY","PRELIMINARY - WALKING-POWER ARCHITECTURE CANDIDATE ONLY - NOT APPROVED FOR PROCUREMENT, FABRICATION, CONNECTION, POWERED TESTING, MOTION OR ENERGIZATION"
U4F,5,PDU_12V_IN,,https://www.ti.com/lit/ds/symlink/tps25948.pdf,TPS259482LYWPR candidate; native footprint deliberately blank until exact TI YWP0012A land pattern is generated and DFM-accepted,NOT EXECUTED,"NO PROCUREMENT, FABRICATION, CONNECTION, POWERED-TEST, MOTION OR ENERGIZATION AUTHORITY","PRELIMINARY - WALKING-POWER ARCHITECTURE CANDIDATE ONLY - NOT APPROVED FOR PROCUREMENT, FABRICATION, CONNECTION, POWERED TESTING, MOTION OR ENERGIZATION"
U4F,6,CH4_MID,,https://www.ti.com/lit/ds/symlink/tps25948.pdf,TPS259482LYWPR candidate; native footprint deliberately blank until exact TI YWP0012A land pattern is generated and DFM-accepted,NOT EXECUTED,"NO PROCUREMENT, FABRICATION, CONNECTION, POWERED-TEST, MOTION OR ENERGIZATION AUTHORITY","PRELIMINARY - WALKING-POWER ARCHITECTURE CANDIDATE ONLY - NOT APPROVED FOR PROCUREMENT, FABRICATION, CONNECTION, POWERED TESTING, MOTION OR ENERGIZATION"
U4F,7,CH4_DVDT_F,,https://www.ti.com/lit/ds/symlink/tps25948.pdf,TPS259482LYWPR candidate; native footprint deliberately blank until exact TI YWP0012A land pattern is generated and DFM-accepted,NOT EXECUTED,"NO PROCUREMENT, FABRICATION, CONNECTION, POWERED-TEST, MOTION OR ENERGIZATION AUTHORITY","PRELIMINARY - WALKING-POWER ARCHITECTURE CANDIDATE ONLY - NOT APPROVED FOR PROCUREMENT, FABRICATION, CONNECTION, POWERED TESTING, MOTION OR ENERGIZATION"
U4F,8,PDU_0V,,https://www.ti.com/lit/ds/symlink/tps25948.pdf,TPS259482LYWPR candidate; native footprint deliberately blank until exact TI YWP0012A land pattern is generated and DFM-accepted,NOT EXECUTED,"NO PROCUREMENT, FABRICATION, CONNECTION, POWERED-TEST, MOTION OR ENERGIZATION AUTHORITY","PRELIMINARY - WALKING-POWER ARCHITECTURE CANDIDATE ONLY - NOT APPROVED FOR PROCUREMENT, FABRICATION, CONNECTION, POWERED TESTING, MOTION OR ENERGIZATION"
U4F,9,CH4_ILM_F,,https://www.ti.com/lit/ds/symlink/tps25948.pdf,TPS259482LYWPR candidate; native footprint deliberately blank until exact TI YWP0012A land pattern is generated and DFM-accepted,NOT EXECUTED,"NO PROCUREMENT, FABRICATION, CONNECTION, POWERED-TEST, MOTION OR ENERGIZATION AUTHORITY","PRELIMINARY - WALKING-POWER ARCHITECTURE CANDIDATE ONLY - NOT APPROVED FOR PROCUREMENT, FABRICATION, CONNECTION, POWERED TESTING, MOTION OR ENERGIZATION"
U4F,10,CH4_ITIMER_F,,https://www.ti.com/lit/ds/symlink/tps25948.pdf,TPS259482LYWPR candidate; native footprint deliberately blank until exact TI YWP0012A land pattern is generated and DFM-accepted,NOT EXECUTED,"NO PROCUREMENT, FABRICATION, CONNECTION, POWERED-TEST, MOTION OR ENERGIZATION AUTHORITY","PRELIMINARY - WALKING-POWER ARCHITECTURE CANDIDATE ONLY - NOT APPROVED FOR PROCUREMENT, FABRICATION, CONNECTION, POWERED TESTING, MOTION OR ENERGIZATION"
U4F,11,CH4_MID,,https://www.ti.com/lit/ds/symlink/tps25948.pdf,TPS259482LYWPR candidate; native footprint deliberately blank until exact TI YWP0012A land pattern is generated and DFM-accepted,NOT EXECUTED,"NO PROCUREMENT, FABRICATION, CONNECTION, POWERED-TEST, MOTION OR ENERGIZATION AUTHORITY","PRELIMINARY - WALKING-POWER ARCHITECTURE CANDIDATE ONLY - NOT APPROVED FOR PROCUREMENT, FABRICATION, CONNECTION, POWERED TESTING, MOTION OR ENERGIZATION"
U4F,12,PDU_12V_IN,,https://www.ti.com/lit/ds/symlink/tps25948.pdf,TPS259482LYWPR candidate; native footprint deliberately blank until exact TI YWP0012A land pattern is generated and DFM-accepted,NOT EXECUTED,"NO PROCUREMENT, FABRICATION, CONNECTION, POWERED-TEST, MOTION OR ENERGIZATION AUTHORITY","PRELIMINARY - WALKING-POWER ARCHITECTURE CANDIDATE ONLY - NOT APPROVED FOR PROCUREMENT, FABRICATION, CONNECTION, POWERED TESTING, MOTION OR ENERGIZATION"
U4R,1,CH4_EN,,https://www.ti.com/lit/ds/symlink/tps25948.pdf,TPS259482LYWPR candidate; native footprint deliberately blank until exact TI YWP0012A land pattern is generated and DFM-accepted,NOT EXECUTED,"NO PROCUREMENT, FABRICATION, CONNECTION, POWERED-TEST, MOTION OR ENERGIZATION AUTHORITY","PRELIMINARY - WALKING-POWER ARCHITECTURE CANDIDATE ONLY - NOT APPROVED FOR PROCUREMENT, FABRICATION, CONNECTION, POWERED TESTING, MOTION OR ENERGIZATION"
U4R,2,CH4_OV_R,,https://www.ti.com/lit/ds/symlink/tps25948.pdf,TPS259482LYWPR candidate; native footprint deliberately blank until exact TI YWP0012A land pattern is generated and DFM-accepted,NOT EXECUTED,"NO PROCUREMENT, FABRICATION, CONNECTION, POWERED-TEST, MOTION OR ENERGIZATION AUTHORITY","PRELIMINARY - WALKING-POWER ARCHITECTURE CANDIDATE ONLY - NOT APPROVED FOR PROCUREMENT, FABRICATION, CONNECTION, POWERED TESTING, MOTION OR ENERGIZATION"
U4R,3,CH4_PG_R,,https://www.ti.com/lit/ds/symlink/tps25948.pdf,TPS259482LYWPR candidate; native footprint deliberately blank until exact TI YWP0012A land pattern is generated and DFM-accepted,NOT EXECUTED,"NO PROCUREMENT, FABRICATION, CONNECTION, POWERED-TEST, MOTION OR ENERGIZATION AUTHORITY","PRELIMINARY - WALKING-POWER ARCHITECTURE CANDIDATE ONLY - NOT APPROVED FOR PROCUREMENT, FABRICATION, CONNECTION, POWERED TESTING, MOTION OR ENERGIZATION"
U4R,4,CH4_RCBCTRL,,https://www.ti.com/lit/ds/symlink/tps25948.pdf,TPS259482LYWPR candidate; native footprint deliberately blank until exact TI YWP0012A land pattern is generated and DFM-accepted,NOT EXECUTED,"NO PROCUREMENT, FABRICATION, CONNECTION, POWERED-TEST, MOTION OR ENERGIZATION AUTHORITY","PRELIMINARY - WALKING-POWER ARCHITECTURE CANDIDATE ONLY - NOT APPROVED FOR PROCUREMENT, FABRICATION, CONNECTION, POWERED TESTING, MOTION OR ENERGIZATION"
U4R,5,BRANCH_4_12V,,https://www.ti.com/lit/ds/symlink/tps25948.pdf,TPS259482LYWPR candidate; native footprint deliberately blank until exact TI YWP0012A land pattern is generated and DFM-accepted,NOT EXECUTED,"NO PROCUREMENT, FABRICATION, CONNECTION, POWERED-TEST, MOTION OR ENERGIZATION AUTHORITY","PRELIMINARY - WALKING-POWER ARCHITECTURE CANDIDATE ONLY - NOT APPROVED FOR PROCUREMENT, FABRICATION, CONNECTION, POWERED TESTING, MOTION OR ENERGIZATION"
U4R,6,CH4_MID,,https://www.ti.com/lit/ds/symlink/tps25948.pdf,TPS259482LYWPR candidate; native footprint deliberately blank until exact TI YWP0012A land pattern is generated and DFM-accepted,NOT EXECUTED,"NO PROCUREMENT, FABRICATION, CONNECTION, POWERED-TEST, MOTION OR ENERGIZATION AUTHORITY","PRELIMINARY - WALKING-POWER ARCHITECTURE CANDIDATE ONLY - NOT APPROVED FOR PROCUREMENT, FABRICATION, CONNECTION, POWERED TESTING, MOTION OR ENERGIZATION"
U4R,7,CH4_DVDT_R,,https://www.ti.com/lit/ds/symlink/tps25948.pdf,TPS259482LYWPR candidate; native footprint deliberately blank until exact TI YWP0012A land pattern is generated and DFM-accepted,NOT EXECUTED,"NO PROCUREMENT, FABRICATION, CONNECTION, POWERED-TEST, MOTION OR ENERGIZATION AUTHORITY","PRELIMINARY - WALKING-POWER ARCHITECTURE CANDIDATE ONLY - NOT APPROVED FOR PROCUREMENT, FABRICATION, CONNECTION, POWERED TESTING, MOTION OR ENERGIZATION"
U4R,8,PDU_0V,,https://www.ti.com/lit/ds/symlink/tps25948.pdf,TPS259482LYWPR candidate; native footprint deliberately blank until exact TI YWP0012A land pattern is generated and DFM-accepted,NOT EXECUTED,"NO PROCUREMENT, FABRICATION, CONNECTION, POWERED-TEST, MOTION OR ENERGIZATION AUTHORITY","PRELIMINARY - WALKING-POWER ARCHITECTURE CANDIDATE ONLY - NOT APPROVED FOR PROCUREMENT, FABRICATION, CONNECTION, POWERED TESTING, MOTION OR ENERGIZATION"
U4R,9,CH4_ILM_R,,https://www.ti.com/lit/ds/symlink/tps25948.pdf,TPS259482LYWPR candidate; native footprint deliberately blank until exact TI YWP0012A land pattern is generated and DFM-accepted,NOT EXECUTED,"NO PROCUREMENT, FABRICATION, CONNECTION, POWERED-TEST, MOTION OR ENERGIZATION AUTHORITY","PRELIMINARY - WALKING-POWER ARCHITECTURE CANDIDATE ONLY - NOT APPROVED FOR PROCUREMENT, FABRICATION, CONNECTION, POWERED TESTING, MOTION OR ENERGIZATION"
U4R,10,CH4_ITIMER_R,,https://www.ti.com/lit/ds/symlink/tps25948.pdf,TPS259482LYWPR candidate; native footprint deliberately blank until exact TI YWP0012A land pattern is generated and DFM-accepted,NOT EXECUTED,"NO PROCUREMENT, FABRICATION, CONNECTION, POWERED-TEST, MOTION OR ENERGIZATION AUTHORITY","PRELIMINARY - WALKING-POWER ARCHITECTURE CANDIDATE ONLY - NOT APPROVED FOR PROCUREMENT, FABRICATION, CONNECTION, POWERED TESTING, MOTION OR ENERGIZATION"
U4R,11,CH4_MID,,https://www.ti.com/lit/ds/symlink/tps25948.pdf,TPS259482LYWPR candidate; native footprint deliberately blank until exact TI YWP0012A land pattern is generated and DFM-accepted,NOT EXECUTED,"NO PROCUREMENT, FABRICATION, CONNECTION, POWERED-TEST, MOTION OR ENERGIZATION AUTHORITY","PRELIMINARY - WALKING-POWER ARCHITECTURE CANDIDATE ONLY - NOT APPROVED FOR PROCUREMENT, FABRICATION, CONNECTION, POWERED TESTING, MOTION OR ENERGIZATION"
U4R,12,BRANCH_4_12V,,https://www.ti.com/lit/ds/symlink/tps25948.pdf,TPS259482LYWPR candidate; native footprint deliberately blank until exact TI YWP0012A land pattern is generated and DFM-accepted,NOT EXECUTED,"NO PROCUREMENT, FABRICATION, CONNECTION, POWERED-TEST, MOTION OR ENERGIZATION AUTHORITY","PRELIMINARY - WALKING-POWER ARCHITECTURE CANDIDATE ONLY - NOT APPROVED FOR PROCUREMENT, FABRICATION, CONNECTION, POWERED TESTING, MOTION OR ENERGIZATION"
J4O,1,PDU_0V,Connector_JST:JST_VH_B2P-VH_1x02_P3.96mm_Vertical,https://www.jst-mfg.com/product/pdf/eng/eVH.pdf,candidate local power pair,NOT EXECUTED,"NO PROCUREMENT, FABRICATION, CONNECTION, POWERED-TEST, MOTION OR ENERGIZATION AUTHORITY","PRELIMINARY - WALKING-POWER ARCHITECTURE CANDIDATE ONLY - NOT APPROVED FOR PROCUREMENT, FABRICATION, CONNECTION, POWERED TESTING, MOTION OR ENERGIZATION"
J4O,2,BRANCH_4_12V,Connector_JST:JST_VH_B2P-VH_1x02_P3.96mm_Vertical,https://www.jst-mfg.com/product/pdf/eng/eVH.pdf,candidate local power pair,NOT EXECUTED,"NO PROCUREMENT, FABRICATION, CONNECTION, POWERED-TEST, MOTION OR ENERGIZATION AUTHORITY","PRELIMINARY - WALKING-POWER ARCHITECTURE CANDIDATE ONLY - NOT APPROVED FOR PROCUREMENT, FABRICATION, CONNECTION, POWERED TESTING, MOTION OR ENERGIZATION"
J4C,1,PDU_0V,Connector_JST:JST_GH_BM07B-GHS-TBT_1x07-1MP_P1.25mm_Vertical,https://www.jst-mfg.com/product/pdf/eng/eGH.pdf,ordinary diagnostics/control only; zero safety credit,NOT EXECUTED,"NO PROCUREMENT, FABRICATION, CONNECTION, POWERED-TEST, MOTION OR ENERGIZATION AUTHORITY","PRELIMINARY - WALKING-POWER ARCHITECTURE CANDIDATE ONLY - NOT APPROVED FOR PROCUREMENT, FABRICATION, CONNECTION, POWERED TESTING, MOTION OR ENERGIZATION"
J4C,2,CH4_EN,Connector_JST:JST_GH_BM07B-GHS-TBT_1x07-1MP_P1.25mm_Vertical,https://www.jst-mfg.com/product/pdf/eng/eGH.pdf,ordinary diagnostics/control only; zero safety credit,NOT EXECUTED,"NO PROCUREMENT, FABRICATION, CONNECTION, POWERED-TEST, MOTION OR ENERGIZATION AUTHORITY","PRELIMINARY - WALKING-POWER ARCHITECTURE CANDIDATE ONLY - NOT APPROVED FOR PROCUREMENT, FABRICATION, CONNECTION, POWERED TESTING, MOTION OR ENERGIZATION"
J4C,3,CH4_PG_F,Connector_JST:JST_GH_BM07B-GHS-TBT_1x07-1MP_P1.25mm_Vertical,https://www.jst-mfg.com/product/pdf/eng/eGH.pdf,ordinary diagnostics/control only; zero safety credit,NOT EXECUTED,"NO PROCUREMENT, FABRICATION, CONNECTION, POWERED-TEST, MOTION OR ENERGIZATION AUTHORITY","PRELIMINARY - WALKING-POWER ARCHITECTURE CANDIDATE ONLY - NOT APPROVED FOR PROCUREMENT, FABRICATION, CONNECTION, POWERED TESTING, MOTION OR ENERGIZATION"
J4C,4,CH4_PG_R,Connector_JST:JST_GH_BM07B-GHS-TBT_1x07-1MP_P1.25mm_Vertical,https://www.jst-mfg.com/product/pdf/eng/eGH.pdf,ordinary diagnostics/control only; zero safety credit,NOT EXECUTED,"NO PROCUREMENT, FABRICATION, CONNECTION, POWERED-TEST, MOTION OR ENERGIZATION AUTHORITY","PRELIMINARY - WALKING-POWER ARCHITECTURE CANDIDATE ONLY - NOT APPROVED FOR PROCUREMENT, FABRICATION, CONNECTION, POWERED TESTING, MOTION OR ENERGIZATION"
J4C,5,CH4_ILM_F,Connector_JST:JST_GH_BM07B-GHS-TBT_1x07-1MP_P1.25mm_Vertical,https://www.jst-mfg.com/product/pdf/eng/eGH.pdf,ordinary diagnostics/control only; zero safety credit,NOT EXECUTED,"NO PROCUREMENT, FABRICATION, CONNECTION, POWERED-TEST, MOTION OR ENERGIZATION AUTHORITY","PRELIMINARY - WALKING-POWER ARCHITECTURE CANDIDATE ONLY - NOT APPROVED FOR PROCUREMENT, FABRICATION, CONNECTION, POWERED TESTING, MOTION OR ENERGIZATION"
J4C,6,CH4_ILM_R,Connector_JST:JST_GH_BM07B-GHS-TBT_1x07-1MP_P1.25mm_Vertical,https://www.jst-mfg.com/product/pdf/eng/eGH.pdf,ordinary diagnostics/control only; zero safety credit,NOT EXECUTED,"NO PROCUREMENT, FABRICATION, CONNECTION, POWERED-TEST, MOTION OR ENERGIZATION AUTHORITY","PRELIMINARY - WALKING-POWER ARCHITECTURE CANDIDATE ONLY - NOT APPROVED FOR PROCUREMENT, FABRICATION, CONNECTION, POWERED TESTING, MOTION OR ENERGIZATION"
J4C,7,CH4_RCBCTRL,Connector_JST:JST_GH_BM07B-GHS-TBT_1x07-1MP_P1.25mm_Vertical,https://www.jst-mfg.com/product/pdf/eng/eGH.pdf,ordinary diagnostics/control only; zero safety credit,NOT EXECUTED,"NO PROCUREMENT, FABRICATION, CONNECTION, POWERED-TEST, MOTION OR ENERGIZATION AUTHORITY","PRELIMINARY - WALKING-POWER ARCHITECTURE CANDIDATE ONLY - NOT APPROVED FOR PROCUREMENT, FABRICATION, CONNECTION, POWERED TESTING, MOTION OR ENERGIZATION"
R4E,1,CH4_EN,Resistor_SMD:R_0603_1608Metric,https://www.ti.com/lit/ds/symlink/tps25948.pdf,candidate fail-low bias; exact control circuit remains open,NOT EXECUTED,"NO PROCUREMENT, FABRICATION, CONNECTION, POWERED-TEST, MOTION OR ENERGIZATION AUTHORITY","PRELIMINARY - WALKING-POWER ARCHITECTURE CANDIDATE ONLY - NOT APPROVED FOR PROCUREMENT, FABRICATION, CONNECTION, POWERED TESTING, MOTION OR ENERGIZATION"
R4E,2,PDU_0V,Resistor_SMD:R_0603_1608Metric,https://www.ti.com/lit/ds/symlink/tps25948.pdf,candidate fail-low bias; exact control circuit remains open,NOT EXECUTED,"NO PROCUREMENT, FABRICATION, CONNECTION, POWERED-TEST, MOTION OR ENERGIZATION AUTHORITY","PRELIMINARY - WALKING-POWER ARCHITECTURE CANDIDATE ONLY - NOT APPROVED FOR PROCUREMENT, FABRICATION, CONNECTION, POWERED TESTING, MOTION OR ENERGIZATION"
R4B,1,CH4_RCBCTRL,Resistor_SMD:R_0603_1608Metric,https://www.ti.com/lit/ds/symlink/tps25948.pdf,pull low enables bidirectional steady-state flow; disabled/fault state remains blocking by device behavior,NOT EXECUTED,"NO PROCUREMENT, FABRICATION, CONNECTION, POWERED-TEST, MOTION OR ENERGIZATION AUTHORITY","PRELIMINARY - WALKING-POWER ARCHITECTURE CANDIDATE ONLY - NOT APPROVED FOR PROCUREMENT, FABRICATION, CONNECTION, POWERED TESTING, MOTION OR ENERGIZATION"
R4B,2,PDU_0V,Resistor_SMD:R_0603_1608Metric,https://www.ti.com/lit/ds/symlink/tps25948.pdf,pull low enables bidirectional steady-state flow; disabled/fault state remains blocking by device behavior,NOT EXECUTED,"NO PROCUREMENT, FABRICATION, CONNECTION, POWERED-TEST, MOTION OR ENERGIZATION AUTHORITY","PRELIMINARY - WALKING-POWER ARCHITECTURE CANDIDATE ONLY - NOT APPROVED FOR PROCUREMENT, FABRICATION, CONNECTION, POWERED TESTING, MOTION OR ENERGIZATION"
R4F,1,CH4_ILM_F,Resistor_SMD:R_0603_1608Metric,https://www.ti.com/lit/ds/symlink/tps25948.pdf,no value released; ILIM range and accuracy boundaries apply,NOT EXECUTED,"NO PROCUREMENT, FABRICATION, CONNECTION, POWERED-TEST, MOTION OR ENERGIZATION AUTHORITY","PRELIMINARY - WALKING-POWER ARCHITECTURE CANDIDATE ONLY - NOT APPROVED FOR PROCUREMENT, FABRICATION, CONNECTION, POWERED TESTING, MOTION OR ENERGIZATION"
R4F,2,PDU_0V,Resistor_SMD:R_0603_1608Metric,https://www.ti.com/lit/ds/symlink/tps25948.pdf,no value released; ILIM range and accuracy boundaries apply,NOT EXECUTED,"NO PROCUREMENT, FABRICATION, CONNECTION, POWERED-TEST, MOTION OR ENERGIZATION AUTHORITY","PRELIMINARY - WALKING-POWER ARCHITECTURE CANDIDATE ONLY - NOT APPROVED FOR PROCUREMENT, FABRICATION, CONNECTION, POWERED TESTING, MOTION OR ENERGIZATION"
R4R,1,CH4_ILM_R,Resistor_SMD:R_0603_1608Metric,https://www.ti.com/lit/ds/symlink/tps25948.pdf,independent reverse-current limit remains selection required,NOT EXECUTED,"NO PROCUREMENT, FABRICATION, CONNECTION, POWERED-TEST, MOTION OR ENERGIZATION AUTHORITY","PRELIMINARY - WALKING-POWER ARCHITECTURE CANDIDATE ONLY - NOT APPROVED FOR PROCUREMENT, FABRICATION, CONNECTION, POWERED TESTING, MOTION OR ENERGIZATION"
R4R,2,PDU_0V,Resistor_SMD:R_0603_1608Metric,https://www.ti.com/lit/ds/symlink/tps25948.pdf,independent reverse-current limit remains selection required,NOT EXECUTED,"NO PROCUREMENT, FABRICATION, CONNECTION, POWERED-TEST, MOTION OR ENERGIZATION AUTHORITY","PRELIMINARY - WALKING-POWER ARCHITECTURE CANDIDATE ONLY - NOT APPROVED FOR PROCUREMENT, FABRICATION, CONNECTION, POWERED TESTING, MOTION OR ENERGIZATION"
C4F,1,CH4_DVDT_F,Capacitor_SMD:C_0603_1608Metric,https://www.ti.com/lit/ds/symlink/tps25948.pdf,startup slew interaction requires test,NOT EXECUTED,"NO PROCUREMENT, FABRICATION, CONNECTION, POWERED-TEST, MOTION OR ENERGIZATION AUTHORITY","PRELIMINARY - WALKING-POWER ARCHITECTURE CANDIDATE ONLY - NOT APPROVED FOR PROCUREMENT, FABRICATION, CONNECTION, POWERED TESTING, MOTION OR ENERGIZATION"
C4F,2,PDU_0V,Capacitor_SMD:C_0603_1608Metric,https://www.ti.com/lit/ds/symlink/tps25948.pdf,startup slew interaction requires test,NOT EXECUTED,"NO PROCUREMENT, FABRICATION, CONNECTION, POWERED-TEST, MOTION OR ENERGIZATION AUTHORITY","PRELIMINARY - WALKING-POWER ARCHITECTURE CANDIDATE ONLY - NOT APPROVED FOR PROCUREMENT, FABRICATION, CONNECTION, POWERED TESTING, MOTION OR ENERGIZATION"
C4R,1,CH4_DVDT_R,Capacitor_SMD:C_0603_1608Metric,https://www.ti.com/lit/ds/symlink/tps25948.pdf,startup slew interaction requires test,NOT EXECUTED,"NO PROCUREMENT, FABRICATION, CONNECTION, POWERED-TEST, MOTION OR ENERGIZATION AUTHORITY","PRELIMINARY - WALKING-POWER ARCHITECTURE CANDIDATE ONLY - NOT APPROVED FOR PROCUREMENT, FABRICATION, CONNECTION, POWERED TESTING, MOTION OR ENERGIZATION"
C4R,2,PDU_0V,Capacitor_SMD:C_0603_1608Metric,https://www.ti.com/lit/ds/symlink/tps25948.pdf,startup slew interaction requires test,NOT EXECUTED,"NO PROCUREMENT, FABRICATION, CONNECTION, POWERED-TEST, MOTION OR ENERGIZATION AUTHORITY","PRELIMINARY - WALKING-POWER ARCHITECTURE CANDIDATE ONLY - NOT APPROVED FOR PROCUREMENT, FABRICATION, CONNECTION, POWERED TESTING, MOTION OR ENERGIZATION"
C4I,1,PDU_12V_IN,Capacitor_SMD:C_0805_2012Metric,https://www.ti.com/lit/ds/symlink/tps25948.pdf,value/voltage/bias/placement open,NOT EXECUTED,"NO PROCUREMENT, FABRICATION, CONNECTION, POWERED-TEST, MOTION OR ENERGIZATION AUTHORITY","PRELIMINARY - WALKING-POWER ARCHITECTURE CANDIDATE ONLY - NOT APPROVED FOR PROCUREMENT, FABRICATION, CONNECTION, POWERED TESTING, MOTION OR ENERGIZATION"
C4I,2,PDU_0V,Capacitor_SMD:C_0805_2012Metric,https://www.ti.com/lit/ds/symlink/tps25948.pdf,value/voltage/bias/placement open,NOT EXECUTED,"NO PROCUREMENT, FABRICATION, CONNECTION, POWERED-TEST, MOTION OR ENERGIZATION AUTHORITY","PRELIMINARY - WALKING-POWER ARCHITECTURE CANDIDATE ONLY - NOT APPROVED FOR PROCUREMENT, FABRICATION, CONNECTION, POWERED TESTING, MOTION OR ENERGIZATION"
C4O,1,BRANCH_4_12V,Capacitor_SMD:C_0805_2012Metric,https://www.ti.com/lit/ds/symlink/tps25948.pdf,value/voltage/bias/regeneration pulse open,NOT EXECUTED,"NO PROCUREMENT, FABRICATION, CONNECTION, POWERED-TEST, MOTION OR ENERGIZATION AUTHORITY","PRELIMINARY - WALKING-POWER ARCHITECTURE CANDIDATE ONLY - NOT APPROVED FOR PROCUREMENT, FABRICATION, CONNECTION, POWERED TESTING, MOTION OR ENERGIZATION"
C4O,2,PDU_0V,Capacitor_SMD:C_0805_2012Metric,https://www.ti.com/lit/ds/symlink/tps25948.pdf,value/voltage/bias/regeneration pulse open,NOT EXECUTED,"NO PROCUREMENT, FABRICATION, CONNECTION, POWERED-TEST, MOTION OR ENERGIZATION AUTHORITY","PRELIMINARY - WALKING-POWER ARCHITECTURE CANDIDATE ONLY - NOT APPROVED FOR PROCUREMENT, FABRICATION, CONNECTION, POWERED TESTING, MOTION OR ENERGIZATION"
U5F,1,CH5_EN,,https://www.ti.com/lit/ds/symlink/tps25948.pdf,TPS259482LYWPR candidate; native footprint deliberately blank until exact TI YWP0012A land pattern is generated and DFM-accepted,NOT EXECUTED,"NO PROCUREMENT, FABRICATION, CONNECTION, POWERED-TEST, MOTION OR ENERGIZATION AUTHORITY","PRELIMINARY - WALKING-POWER ARCHITECTURE CANDIDATE ONLY - NOT APPROVED FOR PROCUREMENT, FABRICATION, CONNECTION, POWERED TESTING, MOTION OR ENERGIZATION"
U5F,2,CH5_OV_F,,https://www.ti.com/lit/ds/symlink/tps25948.pdf,TPS259482LYWPR candidate; native footprint deliberately blank until exact TI YWP0012A land pattern is generated and DFM-accepted,NOT EXECUTED,"NO PROCUREMENT, FABRICATION, CONNECTION, POWERED-TEST, MOTION OR ENERGIZATION AUTHORITY","PRELIMINARY - WALKING-POWER ARCHITECTURE CANDIDATE ONLY - NOT APPROVED FOR PROCUREMENT, FABRICATION, CONNECTION, POWERED TESTING, MOTION OR ENERGIZATION"
U5F,3,CH5_PG_F,,https://www.ti.com/lit/ds/symlink/tps25948.pdf,TPS259482LYWPR candidate; native footprint deliberately blank until exact TI YWP0012A land pattern is generated and DFM-accepted,NOT EXECUTED,"NO PROCUREMENT, FABRICATION, CONNECTION, POWERED-TEST, MOTION OR ENERGIZATION AUTHORITY","PRELIMINARY - WALKING-POWER ARCHITECTURE CANDIDATE ONLY - NOT APPROVED FOR PROCUREMENT, FABRICATION, CONNECTION, POWERED TESTING, MOTION OR ENERGIZATION"
U5F,4,CH5_RCBCTRL,,https://www.ti.com/lit/ds/symlink/tps25948.pdf,TPS259482LYWPR candidate; native footprint deliberately blank until exact TI YWP0012A land pattern is generated and DFM-accepted,NOT EXECUTED,"NO PROCUREMENT, FABRICATION, CONNECTION, POWERED-TEST, MOTION OR ENERGIZATION AUTHORITY","PRELIMINARY - WALKING-POWER ARCHITECTURE CANDIDATE ONLY - NOT APPROVED FOR PROCUREMENT, FABRICATION, CONNECTION, POWERED TESTING, MOTION OR ENERGIZATION"
U5F,5,PDU_12V_IN,,https://www.ti.com/lit/ds/symlink/tps25948.pdf,TPS259482LYWPR candidate; native footprint deliberately blank until exact TI YWP0012A land pattern is generated and DFM-accepted,NOT EXECUTED,"NO PROCUREMENT, FABRICATION, CONNECTION, POWERED-TEST, MOTION OR ENERGIZATION AUTHORITY","PRELIMINARY - WALKING-POWER ARCHITECTURE CANDIDATE ONLY - NOT APPROVED FOR PROCUREMENT, FABRICATION, CONNECTION, POWERED TESTING, MOTION OR ENERGIZATION"
U5F,6,CH5_MID,,https://www.ti.com/lit/ds/symlink/tps25948.pdf,TPS259482LYWPR candidate; native footprint deliberately blank until exact TI YWP0012A land pattern is generated and DFM-accepted,NOT EXECUTED,"NO PROCUREMENT, FABRICATION, CONNECTION, POWERED-TEST, MOTION OR ENERGIZATION AUTHORITY","PRELIMINARY - WALKING-POWER ARCHITECTURE CANDIDATE ONLY - NOT APPROVED FOR PROCUREMENT, FABRICATION, CONNECTION, POWERED TESTING, MOTION OR ENERGIZATION"
U5F,7,CH5_DVDT_F,,https://www.ti.com/lit/ds/symlink/tps25948.pdf,TPS259482LYWPR candidate; native footprint deliberately blank until exact TI YWP0012A land pattern is generated and DFM-accepted,NOT EXECUTED,"NO PROCUREMENT, FABRICATION, CONNECTION, POWERED-TEST, MOTION OR ENERGIZATION AUTHORITY","PRELIMINARY - WALKING-POWER ARCHITECTURE CANDIDATE ONLY - NOT APPROVED FOR PROCUREMENT, FABRICATION, CONNECTION, POWERED TESTING, MOTION OR ENERGIZATION"
U5F,8,PDU_0V,,https://www.ti.com/lit/ds/symlink/tps25948.pdf,TPS259482LYWPR candidate; native footprint deliberately blank until exact TI YWP0012A land pattern is generated and DFM-accepted,NOT EXECUTED,"NO PROCUREMENT, FABRICATION, CONNECTION, POWERED-TEST, MOTION OR ENERGIZATION AUTHORITY","PRELIMINARY - WALKING-POWER ARCHITECTURE CANDIDATE ONLY - NOT APPROVED FOR PROCUREMENT, FABRICATION, CONNECTION, POWERED TESTING, MOTION OR ENERGIZATION"
U5F,9,CH5_ILM_F,,https://www.ti.com/lit/ds/symlink/tps25948.pdf,TPS259482LYWPR candidate; native footprint deliberately blank until exact TI YWP0012A land pattern is generated and DFM-accepted,NOT EXECUTED,"NO PROCUREMENT, FABRICATION, CONNECTION, POWERED-TEST, MOTION OR ENERGIZATION AUTHORITY","PRELIMINARY - WALKING-POWER ARCHITECTURE CANDIDATE ONLY - NOT APPROVED FOR PROCUREMENT, FABRICATION, CONNECTION, POWERED TESTING, MOTION OR ENERGIZATION"
U5F,10,CH5_ITIMER_F,,https://www.ti.com/lit/ds/symlink/tps25948.pdf,TPS259482LYWPR candidate; native footprint deliberately blank until exact TI YWP0012A land pattern is generated and DFM-accepted,NOT EXECUTED,"NO PROCUREMENT, FABRICATION, CONNECTION, POWERED-TEST, MOTION OR ENERGIZATION AUTHORITY","PRELIMINARY - WALKING-POWER ARCHITECTURE CANDIDATE ONLY - NOT APPROVED FOR PROCUREMENT, FABRICATION, CONNECTION, POWERED TESTING, MOTION OR ENERGIZATION"
U5F,11,CH5_MID,,https://www.ti.com/lit/ds/symlink/tps25948.pdf,TPS259482LYWPR candidate; native footprint deliberately blank until exact TI YWP0012A land pattern is generated and DFM-accepted,NOT EXECUTED,"NO PROCUREMENT, FABRICATION, CONNECTION, POWERED-TEST, MOTION OR ENERGIZATION AUTHORITY","PRELIMINARY - WALKING-POWER ARCHITECTURE CANDIDATE ONLY - NOT APPROVED FOR PROCUREMENT, FABRICATION, CONNECTION, POWERED TESTING, MOTION OR ENERGIZATION"
U5F,12,PDU_12V_IN,,https://www.ti.com/lit/ds/symlink/tps25948.pdf,TPS259482LYWPR candidate; native footprint deliberately blank until exact TI YWP0012A land pattern is generated and DFM-accepted,NOT EXECUTED,"NO PROCUREMENT, FABRICATION, CONNECTION, POWERED-TEST, MOTION OR ENERGIZATION AUTHORITY","PRELIMINARY - WALKING-POWER ARCHITECTURE CANDIDATE ONLY - NOT APPROVED FOR PROCUREMENT, FABRICATION, CONNECTION, POWERED TESTING, MOTION OR ENERGIZATION"
U5R,1,CH5_EN,,https://www.ti.com/lit/ds/symlink/tps25948.pdf,TPS259482LYWPR candidate; native footprint deliberately blank until exact TI YWP0012A land pattern is generated and DFM-accepted,NOT EXECUTED,"NO PROCUREMENT, FABRICATION, CONNECTION, POWERED-TEST, MOTION OR ENERGIZATION AUTHORITY","PRELIMINARY - WALKING-POWER ARCHITECTURE CANDIDATE ONLY - NOT APPROVED FOR PROCUREMENT, FABRICATION, CONNECTION, POWERED TESTING, MOTION OR ENERGIZATION"
U5R,2,CH5_OV_R,,https://www.ti.com/lit/ds/symlink/tps25948.pdf,TPS259482LYWPR candidate; native footprint deliberately blank until exact TI YWP0012A land pattern is generated and DFM-accepted,NOT EXECUTED,"NO PROCUREMENT, FABRICATION, CONNECTION, POWERED-TEST, MOTION OR ENERGIZATION AUTHORITY","PRELIMINARY - WALKING-POWER ARCHITECTURE CANDIDATE ONLY - NOT APPROVED FOR PROCUREMENT, FABRICATION, CONNECTION, POWERED TESTING, MOTION OR ENERGIZATION"
U5R,3,CH5_PG_R,,https://www.ti.com/lit/ds/symlink/tps25948.pdf,TPS259482LYWPR candidate; native footprint deliberately blank until exact TI YWP0012A land pattern is generated and DFM-accepted,NOT EXECUTED,"NO PROCUREMENT, FABRICATION, CONNECTION, POWERED-TEST, MOTION OR ENERGIZATION AUTHORITY","PRELIMINARY - WALKING-POWER ARCHITECTURE CANDIDATE ONLY - NOT APPROVED FOR PROCUREMENT, FABRICATION, CONNECTION, POWERED TESTING, MOTION OR ENERGIZATION"
U5R,4,CH5_RCBCTRL,,https://www.ti.com/lit/ds/symlink/tps25948.pdf,TPS259482LYWPR candidate; native footprint deliberately blank until exact TI YWP0012A land pattern is generated and DFM-accepted,NOT EXECUTED,"NO PROCUREMENT, FABRICATION, CONNECTION, POWERED-TEST, MOTION OR ENERGIZATION AUTHORITY","PRELIMINARY - WALKING-POWER ARCHITECTURE CANDIDATE ONLY - NOT APPROVED FOR PROCUREMENT, FABRICATION, CONNECTION, POWERED TESTING, MOTION OR ENERGIZATION"
U5R,5,BRANCH_5_12V,,https://www.ti.com/lit/ds/symlink/tps25948.pdf,TPS259482LYWPR candidate; native footprint deliberately blank until exact TI YWP0012A land pattern is generated and DFM-accepted,NOT EXECUTED,"NO PROCUREMENT, FABRICATION, CONNECTION, POWERED-TEST, MOTION OR ENERGIZATION AUTHORITY","PRELIMINARY - WALKING-POWER ARCHITECTURE CANDIDATE ONLY - NOT APPROVED FOR PROCUREMENT, FABRICATION, CONNECTION, POWERED TESTING, MOTION OR ENERGIZATION"
U5R,6,CH5_MID,,https://www.ti.com/lit/ds/symlink/tps25948.pdf,TPS259482LYWPR candidate; native footprint deliberately blank until exact TI YWP0012A land pattern is generated and DFM-accepted,NOT EXECUTED,"NO PROCUREMENT, FABRICATION, CONNECTION, POWERED-TEST, MOTION OR ENERGIZATION AUTHORITY","PRELIMINARY - WALKING-POWER ARCHITECTURE CANDIDATE ONLY - NOT APPROVED FOR PROCUREMENT, FABRICATION, CONNECTION, POWERED TESTING, MOTION OR ENERGIZATION"
U5R,7,CH5_DVDT_R,,https://www.ti.com/lit/ds/symlink/tps25948.pdf,TPS259482LYWPR candidate; native footprint deliberately blank until exact TI YWP0012A land pattern is generated and DFM-accepted,NOT EXECUTED,"NO PROCUREMENT, FABRICATION, CONNECTION, POWERED-TEST, MOTION OR ENERGIZATION AUTHORITY","PRELIMINARY - WALKING-POWER ARCHITECTURE CANDIDATE ONLY - NOT APPROVED FOR PROCUREMENT, FABRICATION, CONNECTION, POWERED TESTING, MOTION OR ENERGIZATION"
U5R,8,PDU_0V,,https://www.ti.com/lit/ds/symlink/tps25948.pdf,TPS259482LYWPR candidate; native footprint deliberately blank until exact TI YWP0012A land pattern is generated and DFM-accepted,NOT EXECUTED,"NO PROCUREMENT, FABRICATION, CONNECTION, POWERED-TEST, MOTION OR ENERGIZATION AUTHORITY","PRELIMINARY - WALKING-POWER ARCHITECTURE CANDIDATE ONLY - NOT APPROVED FOR PROCUREMENT, FABRICATION, CONNECTION, POWERED TESTING, MOTION OR ENERGIZATION"
U5R,9,CH5_ILM_R,,https://www.ti.com/lit/ds/symlink/tps25948.pdf,TPS259482LYWPR candidate; native footprint deliberately blank until exact TI YWP0012A land pattern is generated and DFM-accepted,NOT EXECUTED,"NO PROCUREMENT, FABRICATION, CONNECTION, POWERED-TEST, MOTION OR ENERGIZATION AUTHORITY","PRELIMINARY - WALKING-POWER ARCHITECTURE CANDIDATE ONLY - NOT APPROVED FOR PROCUREMENT, FABRICATION, CONNECTION, POWERED TESTING, MOTION OR ENERGIZATION"
U5R,10,CH5_ITIMER_R,,https://www.ti.com/lit/ds/symlink/tps25948.pdf,TPS259482LYWPR candidate; native footprint deliberately blank until exact TI YWP0012A land pattern is generated and DFM-accepted,NOT EXECUTED,"NO PROCUREMENT, FABRICATION, CONNECTION, POWERED-TEST, MOTION OR ENERGIZATION AUTHORITY","PRELIMINARY - WALKING-POWER ARCHITECTURE CANDIDATE ONLY - NOT APPROVED FOR PROCUREMENT, FABRICATION, CONNECTION, POWERED TESTING, MOTION OR ENERGIZATION"
U5R,11,CH5_MID,,https://www.ti.com/lit/ds/symlink/tps25948.pdf,TPS259482LYWPR candidate; native footprint deliberately blank until exact TI YWP0012A land pattern is generated and DFM-accepted,NOT EXECUTED,"NO PROCUREMENT, FABRICATION, CONNECTION, POWERED-TEST, MOTION OR ENERGIZATION AUTHORITY","PRELIMINARY - WALKING-POWER ARCHITECTURE CANDIDATE ONLY - NOT APPROVED FOR PROCUREMENT, FABRICATION, CONNECTION, POWERED TESTING, MOTION OR ENERGIZATION"
U5R,12,BRANCH_5_12V,,https://www.ti.com/lit/ds/symlink/tps25948.pdf,TPS259482LYWPR candidate; native footprint deliberately blank until exact TI YWP0012A land pattern is generated and DFM-accepted,NOT EXECUTED,"NO PROCUREMENT, FABRICATION, CONNECTION, POWERED-TEST, MOTION OR ENERGIZATION AUTHORITY","PRELIMINARY - WALKING-POWER ARCHITECTURE CANDIDATE ONLY - NOT APPROVED FOR PROCUREMENT, FABRICATION, CONNECTION, POWERED TESTING, MOTION OR ENERGIZATION"
J5O,1,PDU_0V,Connector_JST:JST_VH_B2P-VH_1x02_P3.96mm_Vertical,https://www.jst-mfg.com/product/pdf/eng/eVH.pdf,candidate local power pair,NOT EXECUTED,"NO PROCUREMENT, FABRICATION, CONNECTION, POWERED-TEST, MOTION OR ENERGIZATION AUTHORITY","PRELIMINARY - WALKING-POWER ARCHITECTURE CANDIDATE ONLY - NOT APPROVED FOR PROCUREMENT, FABRICATION, CONNECTION, POWERED TESTING, MOTION OR ENERGIZATION"
J5O,2,BRANCH_5_12V,Connector_JST:JST_VH_B2P-VH_1x02_P3.96mm_Vertical,https://www.jst-mfg.com/product/pdf/eng/eVH.pdf,candidate local power pair,NOT EXECUTED,"NO PROCUREMENT, FABRICATION, CONNECTION, POWERED-TEST, MOTION OR ENERGIZATION AUTHORITY","PRELIMINARY - WALKING-POWER ARCHITECTURE CANDIDATE ONLY - NOT APPROVED FOR PROCUREMENT, FABRICATION, CONNECTION, POWERED TESTING, MOTION OR ENERGIZATION"
J5C,1,PDU_0V,Connector_JST:JST_GH_BM07B-GHS-TBT_1x07-1MP_P1.25mm_Vertical,https://www.jst-mfg.com/product/pdf/eng/eGH.pdf,ordinary diagnostics/control only; zero safety credit,NOT EXECUTED,"NO PROCUREMENT, FABRICATION, CONNECTION, POWERED-TEST, MOTION OR ENERGIZATION AUTHORITY","PRELIMINARY - WALKING-POWER ARCHITECTURE CANDIDATE ONLY - NOT APPROVED FOR PROCUREMENT, FABRICATION, CONNECTION, POWERED TESTING, MOTION OR ENERGIZATION"
J5C,2,CH5_EN,Connector_JST:JST_GH_BM07B-GHS-TBT_1x07-1MP_P1.25mm_Vertical,https://www.jst-mfg.com/product/pdf/eng/eGH.pdf,ordinary diagnostics/control only; zero safety credit,NOT EXECUTED,"NO PROCUREMENT, FABRICATION, CONNECTION, POWERED-TEST, MOTION OR ENERGIZATION AUTHORITY","PRELIMINARY - WALKING-POWER ARCHITECTURE CANDIDATE ONLY - NOT APPROVED FOR PROCUREMENT, FABRICATION, CONNECTION, POWERED TESTING, MOTION OR ENERGIZATION"
J5C,3,CH5_PG_F,Connector_JST:JST_GH_BM07B-GHS-TBT_1x07-1MP_P1.25mm_Vertical,https://www.jst-mfg.com/product/pdf/eng/eGH.pdf,ordinary diagnostics/control only; zero safety credit,NOT EXECUTED,"NO PROCUREMENT, FABRICATION, CONNECTION, POWERED-TEST, MOTION OR ENERGIZATION AUTHORITY","PRELIMINARY - WALKING-POWER ARCHITECTURE CANDIDATE ONLY - NOT APPROVED FOR PROCUREMENT, FABRICATION, CONNECTION, POWERED TESTING, MOTION OR ENERGIZATION"
J5C,4,CH5_PG_R,Connector_JST:JST_GH_BM07B-GHS-TBT_1x07-1MP_P1.25mm_Vertical,https://www.jst-mfg.com/product/pdf/eng/eGH.pdf,ordinary diagnostics/control only; zero safety credit,NOT EXECUTED,"NO PROCUREMENT, FABRICATION, CONNECTION, POWERED-TEST, MOTION OR ENERGIZATION AUTHORITY","PRELIMINARY - WALKING-POWER ARCHITECTURE CANDIDATE ONLY - NOT APPROVED FOR PROCUREMENT, FABRICATION, CONNECTION, POWERED TESTING, MOTION OR ENERGIZATION"
J5C,5,CH5_ILM_F,Connector_JST:JST_GH_BM07B-GHS-TBT_1x07-1MP_P1.25mm_Vertical,https://www.jst-mfg.com/product/pdf/eng/eGH.pdf,ordinary diagnostics/control only; zero safety credit,NOT EXECUTED,"NO PROCUREMENT, FABRICATION, CONNECTION, POWERED-TEST, MOTION OR ENERGIZATION AUTHORITY","PRELIMINARY - WALKING-POWER ARCHITECTURE CANDIDATE ONLY - NOT APPROVED FOR PROCUREMENT, FABRICATION, CONNECTION, POWERED TESTING, MOTION OR ENERGIZATION"
J5C,6,CH5_ILM_R,Connector_JST:JST_GH_BM07B-GHS-TBT_1x07-1MP_P1.25mm_Vertical,https://www.jst-mfg.com/product/pdf/eng/eGH.pdf,ordinary diagnostics/control only; zero safety credit,NOT EXECUTED,"NO PROCUREMENT, FABRICATION, CONNECTION, POWERED-TEST, MOTION OR ENERGIZATION AUTHORITY","PRELIMINARY - WALKING-POWER ARCHITECTURE CANDIDATE ONLY - NOT APPROVED FOR PROCUREMENT, FABRICATION, CONNECTION, POWERED TESTING, MOTION OR ENERGIZATION"
J5C,7,CH5_RCBCTRL,Connector_JST:JST_GH_BM07B-GHS-TBT_1x07-1MP_P1.25mm_Vertical,https://www.jst-mfg.com/product/pdf/eng/eGH.pdf,ordinary diagnostics/control only; zero safety credit,NOT EXECUTED,"NO PROCUREMENT, FABRICATION, CONNECTION, POWERED-TEST, MOTION OR ENERGIZATION AUTHORITY","PRELIMINARY - WALKING-POWER ARCHITECTURE CANDIDATE ONLY - NOT APPROVED FOR PROCUREMENT, FABRICATION, CONNECTION, POWERED TESTING, MOTION OR ENERGIZATION"
R5E,1,CH5_EN,Resistor_SMD:R_0603_1608Metric,https://www.ti.com/lit/ds/symlink/tps25948.pdf,candidate fail-low bias; exact control circuit remains open,NOT EXECUTED,"NO PROCUREMENT, FABRICATION, CONNECTION, POWERED-TEST, MOTION OR ENERGIZATION AUTHORITY","PRELIMINARY - WALKING-POWER ARCHITECTURE CANDIDATE ONLY - NOT APPROVED FOR PROCUREMENT, FABRICATION, CONNECTION, POWERED TESTING, MOTION OR ENERGIZATION"
R5E,2,PDU_0V,Resistor_SMD:R_0603_1608Metric,https://www.ti.com/lit/ds/symlink/tps25948.pdf,candidate fail-low bias; exact control circuit remains open,NOT EXECUTED,"NO PROCUREMENT, FABRICATION, CONNECTION, POWERED-TEST, MOTION OR ENERGIZATION AUTHORITY","PRELIMINARY - WALKING-POWER ARCHITECTURE CANDIDATE ONLY - NOT APPROVED FOR PROCUREMENT, FABRICATION, CONNECTION, POWERED TESTING, MOTION OR ENERGIZATION"
R5B,1,CH5_RCBCTRL,Resistor_SMD:R_0603_1608Metric,https://www.ti.com/lit/ds/symlink/tps25948.pdf,pull low enables bidirectional steady-state flow; disabled/fault state remains blocking by device behavior,NOT EXECUTED,"NO PROCUREMENT, FABRICATION, CONNECTION, POWERED-TEST, MOTION OR ENERGIZATION AUTHORITY","PRELIMINARY - WALKING-POWER ARCHITECTURE CANDIDATE ONLY - NOT APPROVED FOR PROCUREMENT, FABRICATION, CONNECTION, POWERED TESTING, MOTION OR ENERGIZATION"
R5B,2,PDU_0V,Resistor_SMD:R_0603_1608Metric,https://www.ti.com/lit/ds/symlink/tps25948.pdf,pull low enables bidirectional steady-state flow; disabled/fault state remains blocking by device behavior,NOT EXECUTED,"NO PROCUREMENT, FABRICATION, CONNECTION, POWERED-TEST, MOTION OR ENERGIZATION AUTHORITY","PRELIMINARY - WALKING-POWER ARCHITECTURE CANDIDATE ONLY - NOT APPROVED FOR PROCUREMENT, FABRICATION, CONNECTION, POWERED TESTING, MOTION OR ENERGIZATION"
R5F,1,CH5_ILM_F,Resistor_SMD:R_0603_1608Metric,https://www.ti.com/lit/ds/symlink/tps25948.pdf,no value released; ILIM range and accuracy boundaries apply,NOT EXECUTED,"NO PROCUREMENT, FABRICATION, CONNECTION, POWERED-TEST, MOTION OR ENERGIZATION AUTHORITY","PRELIMINARY - WALKING-POWER ARCHITECTURE CANDIDATE ONLY - NOT APPROVED FOR PROCUREMENT, FABRICATION, CONNECTION, POWERED TESTING, MOTION OR ENERGIZATION"
R5F,2,PDU_0V,Resistor_SMD:R_0603_1608Metric,https://www.ti.com/lit/ds/symlink/tps25948.pdf,no value released; ILIM range and accuracy boundaries apply,NOT EXECUTED,"NO PROCUREMENT, FABRICATION, CONNECTION, POWERED-TEST, MOTION OR ENERGIZATION AUTHORITY","PRELIMINARY - WALKING-POWER ARCHITECTURE CANDIDATE ONLY - NOT APPROVED FOR PROCUREMENT, FABRICATION, CONNECTION, POWERED TESTING, MOTION OR ENERGIZATION"
R5R,1,CH5_ILM_R,Resistor_SMD:R_0603_1608Metric,https://www.ti.com/lit/ds/symlink/tps25948.pdf,independent reverse-current limit remains selection required,NOT EXECUTED,"NO PROCUREMENT, FABRICATION, CONNECTION, POWERED-TEST, MOTION OR ENERGIZATION AUTHORITY","PRELIMINARY - WALKING-POWER ARCHITECTURE CANDIDATE ONLY - NOT APPROVED FOR PROCUREMENT, FABRICATION, CONNECTION, POWERED TESTING, MOTION OR ENERGIZATION"
R5R,2,PDU_0V,Resistor_SMD:R_0603_1608Metric,https://www.ti.com/lit/ds/symlink/tps25948.pdf,independent reverse-current limit remains selection required,NOT EXECUTED,"NO PROCUREMENT, FABRICATION, CONNECTION, POWERED-TEST, MOTION OR ENERGIZATION AUTHORITY","PRELIMINARY - WALKING-POWER ARCHITECTURE CANDIDATE ONLY - NOT APPROVED FOR PROCUREMENT, FABRICATION, CONNECTION, POWERED TESTING, MOTION OR ENERGIZATION"
C5F,1,CH5_DVDT_F,Capacitor_SMD:C_0603_1608Metric,https://www.ti.com/lit/ds/symlink/tps25948.pdf,startup slew interaction requires test,NOT EXECUTED,"NO PROCUREMENT, FABRICATION, CONNECTION, POWERED-TEST, MOTION OR ENERGIZATION AUTHORITY","PRELIMINARY - WALKING-POWER ARCHITECTURE CANDIDATE ONLY - NOT APPROVED FOR PROCUREMENT, FABRICATION, CONNECTION, POWERED TESTING, MOTION OR ENERGIZATION"
C5F,2,PDU_0V,Capacitor_SMD:C_0603_1608Metric,https://www.ti.com/lit/ds/symlink/tps25948.pdf,startup slew interaction requires test,NOT EXECUTED,"NO PROCUREMENT, FABRICATION, CONNECTION, POWERED-TEST, MOTION OR ENERGIZATION AUTHORITY","PRELIMINARY - WALKING-POWER ARCHITECTURE CANDIDATE ONLY - NOT APPROVED FOR PROCUREMENT, FABRICATION, CONNECTION, POWERED TESTING, MOTION OR ENERGIZATION"
C5R,1,CH5_DVDT_R,Capacitor_SMD:C_0603_1608Metric,https://www.ti.com/lit/ds/symlink/tps25948.pdf,startup slew interaction requires test,NOT EXECUTED,"NO PROCUREMENT, FABRICATION, CONNECTION, POWERED-TEST, MOTION OR ENERGIZATION AUTHORITY","PRELIMINARY - WALKING-POWER ARCHITECTURE CANDIDATE ONLY - NOT APPROVED FOR PROCUREMENT, FABRICATION, CONNECTION, POWERED TESTING, MOTION OR ENERGIZATION"
C5R,2,PDU_0V,Capacitor_SMD:C_0603_1608Metric,https://www.ti.com/lit/ds/symlink/tps25948.pdf,startup slew interaction requires test,NOT EXECUTED,"NO PROCUREMENT, FABRICATION, CONNECTION, POWERED-TEST, MOTION OR ENERGIZATION AUTHORITY","PRELIMINARY - WALKING-POWER ARCHITECTURE CANDIDATE ONLY - NOT APPROVED FOR PROCUREMENT, FABRICATION, CONNECTION, POWERED TESTING, MOTION OR ENERGIZATION"
C5I,1,PDU_12V_IN,Capacitor_SMD:C_0805_2012Metric,https://www.ti.com/lit/ds/symlink/tps25948.pdf,value/voltage/bias/placement open,NOT EXECUTED,"NO PROCUREMENT, FABRICATION, CONNECTION, POWERED-TEST, MOTION OR ENERGIZATION AUTHORITY","PRELIMINARY - WALKING-POWER ARCHITECTURE CANDIDATE ONLY - NOT APPROVED FOR PROCUREMENT, FABRICATION, CONNECTION, POWERED TESTING, MOTION OR ENERGIZATION"
C5I,2,PDU_0V,Capacitor_SMD:C_0805_2012Metric,https://www.ti.com/lit/ds/symlink/tps25948.pdf,value/voltage/bias/placement open,NOT EXECUTED,"NO PROCUREMENT, FABRICATION, CONNECTION, POWERED-TEST, MOTION OR ENERGIZATION AUTHORITY","PRELIMINARY - WALKING-POWER ARCHITECTURE CANDIDATE ONLY - NOT APPROVED FOR PROCUREMENT, FABRICATION, CONNECTION, POWERED TESTING, MOTION OR ENERGIZATION"
C5O,1,BRANCH_5_12V,Capacitor_SMD:C_0805_2012Metric,https://www.ti.com/lit/ds/symlink/tps25948.pdf,value/voltage/bias/regeneration pulse open,NOT EXECUTED,"NO PROCUREMENT, FABRICATION, CONNECTION, POWERED-TEST, MOTION OR ENERGIZATION AUTHORITY","PRELIMINARY - WALKING-POWER ARCHITECTURE CANDIDATE ONLY - NOT APPROVED FOR PROCUREMENT, FABRICATION, CONNECTION, POWERED TESTING, MOTION OR ENERGIZATION"
C5O,2,PDU_0V,Capacitor_SMD:C_0805_2012Metric,https://www.ti.com/lit/ds/symlink/tps25948.pdf,value/voltage/bias/regeneration pulse open,NOT EXECUTED,"NO PROCUREMENT, FABRICATION, CONNECTION, POWERED-TEST, MOTION OR ENERGIZATION AUTHORITY","PRELIMINARY - WALKING-POWER ARCHITECTURE CANDIDATE ONLY - NOT APPROVED FOR PROCUREMENT, FABRICATION, CONNECTION, POWERED TESTING, MOTION OR ENERGIZATION"
U6F,1,CH6_EN,,https://www.ti.com/lit/ds/symlink/tps25948.pdf,TPS259482LYWPR candidate; native footprint deliberately blank until exact TI YWP0012A land pattern is generated and DFM-accepted,NOT EXECUTED,"NO PROCUREMENT, FABRICATION, CONNECTION, POWERED-TEST, MOTION OR ENERGIZATION AUTHORITY","PRELIMINARY - WALKING-POWER ARCHITECTURE CANDIDATE ONLY - NOT APPROVED FOR PROCUREMENT, FABRICATION, CONNECTION, POWERED TESTING, MOTION OR ENERGIZATION"
U6F,2,CH6_OV_F,,https://www.ti.com/lit/ds/symlink/tps25948.pdf,TPS259482LYWPR candidate; native footprint deliberately blank until exact TI YWP0012A land pattern is generated and DFM-accepted,NOT EXECUTED,"NO PROCUREMENT, FABRICATION, CONNECTION, POWERED-TEST, MOTION OR ENERGIZATION AUTHORITY","PRELIMINARY - WALKING-POWER ARCHITECTURE CANDIDATE ONLY - NOT APPROVED FOR PROCUREMENT, FABRICATION, CONNECTION, POWERED TESTING, MOTION OR ENERGIZATION"
U6F,3,CH6_PG_F,,https://www.ti.com/lit/ds/symlink/tps25948.pdf,TPS259482LYWPR candidate; native footprint deliberately blank until exact TI YWP0012A land pattern is generated and DFM-accepted,NOT EXECUTED,"NO PROCUREMENT, FABRICATION, CONNECTION, POWERED-TEST, MOTION OR ENERGIZATION AUTHORITY","PRELIMINARY - WALKING-POWER ARCHITECTURE CANDIDATE ONLY - NOT APPROVED FOR PROCUREMENT, FABRICATION, CONNECTION, POWERED TESTING, MOTION OR ENERGIZATION"
U6F,4,CH6_RCBCTRL,,https://www.ti.com/lit/ds/symlink/tps25948.pdf,TPS259482LYWPR candidate; native footprint deliberately blank until exact TI YWP0012A land pattern is generated and DFM-accepted,NOT EXECUTED,"NO PROCUREMENT, FABRICATION, CONNECTION, POWERED-TEST, MOTION OR ENERGIZATION AUTHORITY","PRELIMINARY - WALKING-POWER ARCHITECTURE CANDIDATE ONLY - NOT APPROVED FOR PROCUREMENT, FABRICATION, CONNECTION, POWERED TESTING, MOTION OR ENERGIZATION"
U6F,5,PDU_12V_IN,,https://www.ti.com/lit/ds/symlink/tps25948.pdf,TPS259482LYWPR candidate; native footprint deliberately blank until exact TI YWP0012A land pattern is generated and DFM-accepted,NOT EXECUTED,"NO PROCUREMENT, FABRICATION, CONNECTION, POWERED-TEST, MOTION OR ENERGIZATION AUTHORITY","PRELIMINARY - WALKING-POWER ARCHITECTURE CANDIDATE ONLY - NOT APPROVED FOR PROCUREMENT, FABRICATION, CONNECTION, POWERED TESTING, MOTION OR ENERGIZATION"
U6F,6,CH6_MID,,https://www.ti.com/lit/ds/symlink/tps25948.pdf,TPS259482LYWPR candidate; native footprint deliberately blank until exact TI YWP0012A land pattern is generated and DFM-accepted,NOT EXECUTED,"NO PROCUREMENT, FABRICATION, CONNECTION, POWERED-TEST, MOTION OR ENERGIZATION AUTHORITY","PRELIMINARY - WALKING-POWER ARCHITECTURE CANDIDATE ONLY - NOT APPROVED FOR PROCUREMENT, FABRICATION, CONNECTION, POWERED TESTING, MOTION OR ENERGIZATION"
U6F,7,CH6_DVDT_F,,https://www.ti.com/lit/ds/symlink/tps25948.pdf,TPS259482LYWPR candidate; native footprint deliberately blank until exact TI YWP0012A land pattern is generated and DFM-accepted,NOT EXECUTED,"NO PROCUREMENT, FABRICATION, CONNECTION, POWERED-TEST, MOTION OR ENERGIZATION AUTHORITY","PRELIMINARY - WALKING-POWER ARCHITECTURE CANDIDATE ONLY - NOT APPROVED FOR PROCUREMENT, FABRICATION, CONNECTION, POWERED TESTING, MOTION OR ENERGIZATION"
U6F,8,PDU_0V,,https://www.ti.com/lit/ds/symlink/tps25948.pdf,TPS259482LYWPR candidate; native footprint deliberately blank until exact TI YWP0012A land pattern is generated and DFM-accepted,NOT EXECUTED,"NO PROCUREMENT, FABRICATION, CONNECTION, POWERED-TEST, MOTION OR ENERGIZATION AUTHORITY","PRELIMINARY - WALKING-POWER ARCHITECTURE CANDIDATE ONLY - NOT APPROVED FOR PROCUREMENT, FABRICATION, CONNECTION, POWERED TESTING, MOTION OR ENERGIZATION"
U6F,9,CH6_ILM_F,,https://www.ti.com/lit/ds/symlink/tps25948.pdf,TPS259482LYWPR candidate; native footprint deliberately blank until exact TI YWP0012A land pattern is generated and DFM-accepted,NOT EXECUTED,"NO PROCUREMENT, FABRICATION, CONNECTION, POWERED-TEST, MOTION OR ENERGIZATION AUTHORITY","PRELIMINARY - WALKING-POWER ARCHITECTURE CANDIDATE ONLY - NOT APPROVED FOR PROCUREMENT, FABRICATION, CONNECTION, POWERED TESTING, MOTION OR ENERGIZATION"
U6F,10,CH6_ITIMER_F,,https://www.ti.com/lit/ds/symlink/tps25948.pdf,TPS259482LYWPR candidate; native footprint deliberately blank until exact TI YWP0012A land pattern is generated and DFM-accepted,NOT EXECUTED,"NO PROCUREMENT, FABRICATION, CONNECTION, POWERED-TEST, MOTION OR ENERGIZATION AUTHORITY","PRELIMINARY - WALKING-POWER ARCHITECTURE CANDIDATE ONLY - NOT APPROVED FOR PROCUREMENT, FABRICATION, CONNECTION, POWERED TESTING, MOTION OR ENERGIZATION"
U6F,11,CH6_MID,,https://www.ti.com/lit/ds/symlink/tps25948.pdf,TPS259482LYWPR candidate; native footprint deliberately blank until exact TI YWP0012A land pattern is generated and DFM-accepted,NOT EXECUTED,"NO PROCUREMENT, FABRICATION, CONNECTION, POWERED-TEST, MOTION OR ENERGIZATION AUTHORITY","PRELIMINARY - WALKING-POWER ARCHITECTURE CANDIDATE ONLY - NOT APPROVED FOR PROCUREMENT, FABRICATION, CONNECTION, POWERED TESTING, MOTION OR ENERGIZATION"
U6F,12,PDU_12V_IN,,https://www.ti.com/lit/ds/symlink/tps25948.pdf,TPS259482LYWPR candidate; native footprint deliberately blank until exact TI YWP0012A land pattern is generated and DFM-accepted,NOT EXECUTED,"NO PROCUREMENT, FABRICATION, CONNECTION, POWERED-TEST, MOTION OR ENERGIZATION AUTHORITY","PRELIMINARY - WALKING-POWER ARCHITECTURE CANDIDATE ONLY - NOT APPROVED FOR PROCUREMENT, FABRICATION, CONNECTION, POWERED TESTING, MOTION OR ENERGIZATION"
U6R,1,CH6_EN,,https://www.ti.com/lit/ds/symlink/tps25948.pdf,TPS259482LYWPR candidate; native footprint deliberately blank until exact TI YWP0012A land pattern is generated and DFM-accepted,NOT EXECUTED,"NO PROCUREMENT, FABRICATION, CONNECTION, POWERED-TEST, MOTION OR ENERGIZATION AUTHORITY","PRELIMINARY - WALKING-POWER ARCHITECTURE CANDIDATE ONLY - NOT APPROVED FOR PROCUREMENT, FABRICATION, CONNECTION, POWERED TESTING, MOTION OR ENERGIZATION"
U6R,2,CH6_OV_R,,https://www.ti.com/lit/ds/symlink/tps25948.pdf,TPS259482LYWPR candidate; native footprint deliberately blank until exact TI YWP0012A land pattern is generated and DFM-accepted,NOT EXECUTED,"NO PROCUREMENT, FABRICATION, CONNECTION, POWERED-TEST, MOTION OR ENERGIZATION AUTHORITY","PRELIMINARY - WALKING-POWER ARCHITECTURE CANDIDATE ONLY - NOT APPROVED FOR PROCUREMENT, FABRICATION, CONNECTION, POWERED TESTING, MOTION OR ENERGIZATION"
U6R,3,CH6_PG_R,,https://www.ti.com/lit/ds/symlink/tps25948.pdf,TPS259482LYWPR candidate; native footprint deliberately blank until exact TI YWP0012A land pattern is generated and DFM-accepted,NOT EXECUTED,"NO PROCUREMENT, FABRICATION, CONNECTION, POWERED-TEST, MOTION OR ENERGIZATION AUTHORITY","PRELIMINARY - WALKING-POWER ARCHITECTURE CANDIDATE ONLY - NOT APPROVED FOR PROCUREMENT, FABRICATION, CONNECTION, POWERED TESTING, MOTION OR ENERGIZATION"
U6R,4,CH6_RCBCTRL,,https://www.ti.com/lit/ds/symlink/tps25948.pdf,TPS259482LYWPR candidate; native footprint deliberately blank until exact TI YWP0012A land pattern is generated and DFM-accepted,NOT EXECUTED,"NO PROCUREMENT, FABRICATION, CONNECTION, POWERED-TEST, MOTION OR ENERGIZATION AUTHORITY","PRELIMINARY - WALKING-POWER ARCHITECTURE CANDIDATE ONLY - NOT APPROVED FOR PROCUREMENT, FABRICATION, CONNECTION, POWERED TESTING, MOTION OR ENERGIZATION"
U6R,5,BRANCH_6_12V,,https://www.ti.com/lit/ds/symlink/tps25948.pdf,TPS259482LYWPR candidate; native footprint deliberately blank until exact TI YWP0012A land pattern is generated and DFM-accepted,NOT EXECUTED,"NO PROCUREMENT, FABRICATION, CONNECTION, POWERED-TEST, MOTION OR ENERGIZATION AUTHORITY","PRELIMINARY - WALKING-POWER ARCHITECTURE CANDIDATE ONLY - NOT APPROVED FOR PROCUREMENT, FABRICATION, CONNECTION, POWERED TESTING, MOTION OR ENERGIZATION"
U6R,6,CH6_MID,,https://www.ti.com/lit/ds/symlink/tps25948.pdf,TPS259482LYWPR candidate; native footprint deliberately blank until exact TI YWP0012A land pattern is generated and DFM-accepted,NOT EXECUTED,"NO PROCUREMENT, FABRICATION, CONNECTION, POWERED-TEST, MOTION OR ENERGIZATION AUTHORITY","PRELIMINARY - WALKING-POWER ARCHITECTURE CANDIDATE ONLY - NOT APPROVED FOR PROCUREMENT, FABRICATION, CONNECTION, POWERED TESTING, MOTION OR ENERGIZATION"
U6R,7,CH6_DVDT_R,,https://www.ti.com/lit/ds/symlink/tps25948.pdf,TPS259482LYWPR candidate; native footprint deliberately blank until exact TI YWP0012A land pattern is generated and DFM-accepted,NOT EXECUTED,"NO PROCUREMENT, FABRICATION, CONNECTION, POWERED-TEST, MOTION OR ENERGIZATION AUTHORITY","PRELIMINARY - WALKING-POWER ARCHITECTURE CANDIDATE ONLY - NOT APPROVED FOR PROCUREMENT, FABRICATION, CONNECTION, POWERED TESTING, MOTION OR ENERGIZATION"
U6R,8,PDU_0V,,https://www.ti.com/lit/ds/symlink/tps25948.pdf,TPS259482LYWPR candidate; native footprint deliberately blank until exact TI YWP0012A land pattern is generated and DFM-accepted,NOT EXECUTED,"NO PROCUREMENT, FABRICATION, CONNECTION, POWERED-TEST, MOTION OR ENERGIZATION AUTHORITY","PRELIMINARY - WALKING-POWER ARCHITECTURE CANDIDATE ONLY - NOT APPROVED FOR PROCUREMENT, FABRICATION, CONNECTION, POWERED TESTING, MOTION OR ENERGIZATION"
U6R,9,CH6_ILM_R,,https://www.ti.com/lit/ds/symlink/tps25948.pdf,TPS259482LYWPR candidate; native footprint deliberately blank until exact TI YWP0012A land pattern is generated and DFM-accepted,NOT EXECUTED,"NO PROCUREMENT, FABRICATION, CONNECTION, POWERED-TEST, MOTION OR ENERGIZATION AUTHORITY","PRELIMINARY - WALKING-POWER ARCHITECTURE CANDIDATE ONLY - NOT APPROVED FOR PROCUREMENT, FABRICATION, CONNECTION, POWERED TESTING, MOTION OR ENERGIZATION"
U6R,10,CH6_ITIMER_R,,https://www.ti.com/lit/ds/symlink/tps25948.pdf,TPS259482LYWPR candidate; native footprint deliberately blank until exact TI YWP0012A land pattern is generated and DFM-accepted,NOT EXECUTED,"NO PROCUREMENT, FABRICATION, CONNECTION, POWERED-TEST, MOTION OR ENERGIZATION AUTHORITY","PRELIMINARY - WALKING-POWER ARCHITECTURE CANDIDATE ONLY - NOT APPROVED FOR PROCUREMENT, FABRICATION, CONNECTION, POWERED TESTING, MOTION OR ENERGIZATION"
U6R,11,CH6_MID,,https://www.ti.com/lit/ds/symlink/tps25948.pdf,TPS259482LYWPR candidate; native footprint deliberately blank until exact TI YWP0012A land pattern is generated and DFM-accepted,NOT EXECUTED,"NO PROCUREMENT, FABRICATION, CONNECTION, POWERED-TEST, MOTION OR ENERGIZATION AUTHORITY","PRELIMINARY - WALKING-POWER ARCHITECTURE CANDIDATE ONLY - NOT APPROVED FOR PROCUREMENT, FABRICATION, CONNECTION, POWERED TESTING, MOTION OR ENERGIZATION"
U6R,12,BRANCH_6_12V,,https://www.ti.com/lit/ds/symlink/tps25948.pdf,TPS259482LYWPR candidate; native footprint deliberately blank until exact TI YWP0012A land pattern is generated and DFM-accepted,NOT EXECUTED,"NO PROCUREMENT, FABRICATION, CONNECTION, POWERED-TEST, MOTION OR ENERGIZATION AUTHORITY","PRELIMINARY - WALKING-POWER ARCHITECTURE CANDIDATE ONLY - NOT APPROVED FOR PROCUREMENT, FABRICATION, CONNECTION, POWERED TESTING, MOTION OR ENERGIZATION"
J6O,1,PDU_0V,Connector_JST:JST_VH_B2P-VH_1x02_P3.96mm_Vertical,https://www.jst-mfg.com/product/pdf/eng/eVH.pdf,candidate local power pair,NOT EXECUTED,"NO PROCUREMENT, FABRICATION, CONNECTION, POWERED-TEST, MOTION OR ENERGIZATION AUTHORITY","PRELIMINARY - WALKING-POWER ARCHITECTURE CANDIDATE ONLY - NOT APPROVED FOR PROCUREMENT, FABRICATION, CONNECTION, POWERED TESTING, MOTION OR ENERGIZATION"
J6O,2,BRANCH_6_12V,Connector_JST:JST_VH_B2P-VH_1x02_P3.96mm_Vertical,https://www.jst-mfg.com/product/pdf/eng/eVH.pdf,candidate local power pair,NOT EXECUTED,"NO PROCUREMENT, FABRICATION, CONNECTION, POWERED-TEST, MOTION OR ENERGIZATION AUTHORITY","PRELIMINARY - WALKING-POWER ARCHITECTURE CANDIDATE ONLY - NOT APPROVED FOR PROCUREMENT, FABRICATION, CONNECTION, POWERED TESTING, MOTION OR ENERGIZATION"
J6C,1,PDU_0V,Connector_JST:JST_GH_BM07B-GHS-TBT_1x07-1MP_P1.25mm_Vertical,https://www.jst-mfg.com/product/pdf/eng/eGH.pdf,ordinary diagnostics/control only; zero safety credit,NOT EXECUTED,"NO PROCUREMENT, FABRICATION, CONNECTION, POWERED-TEST, MOTION OR ENERGIZATION AUTHORITY","PRELIMINARY - WALKING-POWER ARCHITECTURE CANDIDATE ONLY - NOT APPROVED FOR PROCUREMENT, FABRICATION, CONNECTION, POWERED TESTING, MOTION OR ENERGIZATION"
J6C,2,CH6_EN,Connector_JST:JST_GH_BM07B-GHS-TBT_1x07-1MP_P1.25mm_Vertical,https://www.jst-mfg.com/product/pdf/eng/eGH.pdf,ordinary diagnostics/control only; zero safety credit,NOT EXECUTED,"NO PROCUREMENT, FABRICATION, CONNECTION, POWERED-TEST, MOTION OR ENERGIZATION AUTHORITY","PRELIMINARY - WALKING-POWER ARCHITECTURE CANDIDATE ONLY - NOT APPROVED FOR PROCUREMENT, FABRICATION, CONNECTION, POWERED TESTING, MOTION OR ENERGIZATION"
J6C,3,CH6_PG_F,Connector_JST:JST_GH_BM07B-GHS-TBT_1x07-1MP_P1.25mm_Vertical,https://www.jst-mfg.com/product/pdf/eng/eGH.pdf,ordinary diagnostics/control only; zero safety credit,NOT EXECUTED,"NO PROCUREMENT, FABRICATION, CONNECTION, POWERED-TEST, MOTION OR ENERGIZATION AUTHORITY","PRELIMINARY - WALKING-POWER ARCHITECTURE CANDIDATE ONLY - NOT APPROVED FOR PROCUREMENT, FABRICATION, CONNECTION, POWERED TESTING, MOTION OR ENERGIZATION"
J6C,4,CH6_PG_R,Connector_JST:JST_GH_BM07B-GHS-TBT_1x07-1MP_P1.25mm_Vertical,https://www.jst-mfg.com/product/pdf/eng/eGH.pdf,ordinary diagnostics/control only; zero safety credit,NOT EXECUTED,"NO PROCUREMENT, FABRICATION, CONNECTION, POWERED-TEST, MOTION OR ENERGIZATION AUTHORITY","PRELIMINARY - WALKING-POWER ARCHITECTURE CANDIDATE ONLY - NOT APPROVED FOR PROCUREMENT, FABRICATION, CONNECTION, POWERED TESTING, MOTION OR ENERGIZATION"
J6C,5,CH6_ILM_F,Connector_JST:JST_GH_BM07B-GHS-TBT_1x07-1MP_P1.25mm_Vertical,https://www.jst-mfg.com/product/pdf/eng/eGH.pdf,ordinary diagnostics/control only; zero safety credit,NOT EXECUTED,"NO PROCUREMENT, FABRICATION, CONNECTION, POWERED-TEST, MOTION OR ENERGIZATION AUTHORITY","PRELIMINARY - WALKING-POWER ARCHITECTURE CANDIDATE ONLY - NOT APPROVED FOR PROCUREMENT, FABRICATION, CONNECTION, POWERED TESTING, MOTION OR ENERGIZATION"
J6C,6,CH6_ILM_R,Connector_JST:JST_GH_BM07B-GHS-TBT_1x07-1MP_P1.25mm_Vertical,https://www.jst-mfg.com/product/pdf/eng/eGH.pdf,ordinary diagnostics/control only; zero safety credit,NOT EXECUTED,"NO PROCUREMENT, FABRICATION, CONNECTION, POWERED-TEST, MOTION OR ENERGIZATION AUTHORITY","PRELIMINARY - WALKING-POWER ARCHITECTURE CANDIDATE ONLY - NOT APPROVED FOR PROCUREMENT, FABRICATION, CONNECTION, POWERED TESTING, MOTION OR ENERGIZATION"
J6C,7,CH6_RCBCTRL,Connector_JST:JST_GH_BM07B-GHS-TBT_1x07-1MP_P1.25mm_Vertical,https://www.jst-mfg.com/product/pdf/eng/eGH.pdf,ordinary diagnostics/control only; zero safety credit,NOT EXECUTED,"NO PROCUREMENT, FABRICATION, CONNECTION, POWERED-TEST, MOTION OR ENERGIZATION AUTHORITY","PRELIMINARY - WALKING-POWER ARCHITECTURE CANDIDATE ONLY - NOT APPROVED FOR PROCUREMENT, FABRICATION, CONNECTION, POWERED TESTING, MOTION OR ENERGIZATION"
R6E,1,CH6_EN,Resistor_SMD:R_0603_1608Metric,https://www.ti.com/lit/ds/symlink/tps25948.pdf,candidate fail-low bias; exact control circuit remains open,NOT EXECUTED,"NO PROCUREMENT, FABRICATION, CONNECTION, POWERED-TEST, MOTION OR ENERGIZATION AUTHORITY","PRELIMINARY - WALKING-POWER ARCHITECTURE CANDIDATE ONLY - NOT APPROVED FOR PROCUREMENT, FABRICATION, CONNECTION, POWERED TESTING, MOTION OR ENERGIZATION"
R6E,2,PDU_0V,Resistor_SMD:R_0603_1608Metric,https://www.ti.com/lit/ds/symlink/tps25948.pdf,candidate fail-low bias; exact control circuit remains open,NOT EXECUTED,"NO PROCUREMENT, FABRICATION, CONNECTION, POWERED-TEST, MOTION OR ENERGIZATION AUTHORITY","PRELIMINARY - WALKING-POWER ARCHITECTURE CANDIDATE ONLY - NOT APPROVED FOR PROCUREMENT, FABRICATION, CONNECTION, POWERED TESTING, MOTION OR ENERGIZATION"
R6B,1,CH6_RCBCTRL,Resistor_SMD:R_0603_1608Metric,https://www.ti.com/lit/ds/symlink/tps25948.pdf,pull low enables bidirectional steady-state flow; disabled/fault state remains blocking by device behavior,NOT EXECUTED,"NO PROCUREMENT, FABRICATION, CONNECTION, POWERED-TEST, MOTION OR ENERGIZATION AUTHORITY","PRELIMINARY - WALKING-POWER ARCHITECTURE CANDIDATE ONLY - NOT APPROVED FOR PROCUREMENT, FABRICATION, CONNECTION, POWERED TESTING, MOTION OR ENERGIZATION"
R6B,2,PDU_0V,Resistor_SMD:R_0603_1608Metric,https://www.ti.com/lit/ds/symlink/tps25948.pdf,pull low enables bidirectional steady-state flow; disabled/fault state remains blocking by device behavior,NOT EXECUTED,"NO PROCUREMENT, FABRICATION, CONNECTION, POWERED-TEST, MOTION OR ENERGIZATION AUTHORITY","PRELIMINARY - WALKING-POWER ARCHITECTURE CANDIDATE ONLY - NOT APPROVED FOR PROCUREMENT, FABRICATION, CONNECTION, POWERED TESTING, MOTION OR ENERGIZATION"
R6F,1,CH6_ILM_F,Resistor_SMD:R_0603_1608Metric,https://www.ti.com/lit/ds/symlink/tps25948.pdf,no value released; ILIM range and accuracy boundaries apply,NOT EXECUTED,"NO PROCUREMENT, FABRICATION, CONNECTION, POWERED-TEST, MOTION OR ENERGIZATION AUTHORITY","PRELIMINARY - WALKING-POWER ARCHITECTURE CANDIDATE ONLY - NOT APPROVED FOR PROCUREMENT, FABRICATION, CONNECTION, POWERED TESTING, MOTION OR ENERGIZATION"
R6F,2,PDU_0V,Resistor_SMD:R_0603_1608Metric,https://www.ti.com/lit/ds/symlink/tps25948.pdf,no value released; ILIM range and accuracy boundaries apply,NOT EXECUTED,"NO PROCUREMENT, FABRICATION, CONNECTION, POWERED-TEST, MOTION OR ENERGIZATION AUTHORITY","PRELIMINARY - WALKING-POWER ARCHITECTURE CANDIDATE ONLY - NOT APPROVED FOR PROCUREMENT, FABRICATION, CONNECTION, POWERED TESTING, MOTION OR ENERGIZATION"
R6R,1,CH6_ILM_R,Resistor_SMD:R_0603_1608Metric,https://www.ti.com/lit/ds/symlink/tps25948.pdf,independent reverse-current limit remains selection required,NOT EXECUTED,"NO PROCUREMENT, FABRICATION, CONNECTION, POWERED-TEST, MOTION OR ENERGIZATION AUTHORITY","PRELIMINARY - WALKING-POWER ARCHITECTURE CANDIDATE ONLY - NOT APPROVED FOR PROCUREMENT, FABRICATION, CONNECTION, POWERED TESTING, MOTION OR ENERGIZATION"
R6R,2,PDU_0V,Resistor_SMD:R_0603_1608Metric,https://www.ti.com/lit/ds/symlink/tps25948.pdf,independent reverse-current limit remains selection required,NOT EXECUTED,"NO PROCUREMENT, FABRICATION, CONNECTION, POWERED-TEST, MOTION OR ENERGIZATION AUTHORITY","PRELIMINARY - WALKING-POWER ARCHITECTURE CANDIDATE ONLY - NOT APPROVED FOR PROCUREMENT, FABRICATION, CONNECTION, POWERED TESTING, MOTION OR ENERGIZATION"
C6F,1,CH6_DVDT_F,Capacitor_SMD:C_0603_1608Metric,https://www.ti.com/lit/ds/symlink/tps25948.pdf,startup slew interaction requires test,NOT EXECUTED,"NO PROCUREMENT, FABRICATION, CONNECTION, POWERED-TEST, MOTION OR ENERGIZATION AUTHORITY","PRELIMINARY - WALKING-POWER ARCHITECTURE CANDIDATE ONLY - NOT APPROVED FOR PROCUREMENT, FABRICATION, CONNECTION, POWERED TESTING, MOTION OR ENERGIZATION"
C6F,2,PDU_0V,Capacitor_SMD:C_0603_1608Metric,https://www.ti.com/lit/ds/symlink/tps25948.pdf,startup slew interaction requires test,NOT EXECUTED,"NO PROCUREMENT, FABRICATION, CONNECTION, POWERED-TEST, MOTION OR ENERGIZATION AUTHORITY","PRELIMINARY - WALKING-POWER ARCHITECTURE CANDIDATE ONLY - NOT APPROVED FOR PROCUREMENT, FABRICATION, CONNECTION, POWERED TESTING, MOTION OR ENERGIZATION"
C6R,1,CH6_DVDT_R,Capacitor_SMD:C_0603_1608Metric,https://www.ti.com/lit/ds/symlink/tps25948.pdf,startup slew interaction requires test,NOT EXECUTED,"NO PROCUREMENT, FABRICATION, CONNECTION, POWERED-TEST, MOTION OR ENERGIZATION AUTHORITY","PRELIMINARY - WALKING-POWER ARCHITECTURE CANDIDATE ONLY - NOT APPROVED FOR PROCUREMENT, FABRICATION, CONNECTION, POWERED TESTING, MOTION OR ENERGIZATION"
C6R,2,PDU_0V,Capacitor_SMD:C_0603_1608Metric,https://www.ti.com/lit/ds/symlink/tps25948.pdf,startup slew interaction requires test,NOT EXECUTED,"NO PROCUREMENT, FABRICATION, CONNECTION, POWERED-TEST, MOTION OR ENERGIZATION AUTHORITY","PRELIMINARY - WALKING-POWER ARCHITECTURE CANDIDATE ONLY - NOT APPROVED FOR PROCUREMENT, FABRICATION, CONNECTION, POWERED TESTING, MOTION OR ENERGIZATION"
C6I,1,PDU_12V_IN,Capacitor_SMD:C_0805_2012Metric,https://www.ti.com/lit/ds/symlink/tps25948.pdf,value/voltage/bias/placement open,NOT EXECUTED,"NO PROCUREMENT, FABRICATION, CONNECTION, POWERED-TEST, MOTION OR ENERGIZATION AUTHORITY","PRELIMINARY - WALKING-POWER ARCHITECTURE CANDIDATE ONLY - NOT APPROVED FOR PROCUREMENT, FABRICATION, CONNECTION, POWERED TESTING, MOTION OR ENERGIZATION"
C6I,2,PDU_0V,Capacitor_SMD:C_0805_2012Metric,https://www.ti.com/lit/ds/symlink/tps25948.pdf,value/voltage/bias/placement open,NOT EXECUTED,"NO PROCUREMENT, FABRICATION, CONNECTION, POWERED-TEST, MOTION OR ENERGIZATION AUTHORITY","PRELIMINARY - WALKING-POWER ARCHITECTURE CANDIDATE ONLY - NOT APPROVED FOR PROCUREMENT, FABRICATION, CONNECTION, POWERED TESTING, MOTION OR ENERGIZATION"
C6O,1,BRANCH_6_12V,Capacitor_SMD:C_0805_2012Metric,https://www.ti.com/lit/ds/symlink/tps25948.pdf,value/voltage/bias/regeneration pulse open,NOT EXECUTED,"NO PROCUREMENT, FABRICATION, CONNECTION, POWERED-TEST, MOTION OR ENERGIZATION AUTHORITY","PRELIMINARY - WALKING-POWER ARCHITECTURE CANDIDATE ONLY - NOT APPROVED FOR PROCUREMENT, FABRICATION, CONNECTION, POWERED TESTING, MOTION OR ENERGIZATION"
C6O,2,PDU_0V,Capacitor_SMD:C_0805_2012Metric,https://www.ti.com/lit/ds/symlink/tps25948.pdf,value/voltage/bias/regeneration pulse open,NOT EXECUTED,"NO PROCUREMENT, FABRICATION, CONNECTION, POWERED-TEST, MOTION OR ENERGIZATION AUTHORITY","PRELIMINARY - WALKING-POWER ARCHITECTURE CANDIDATE ONLY - NOT APPROVED FOR PROCUREMENT, FABRICATION, CONNECTION, POWERED TESTING, MOTION OR ENERGIZATION"
