ISO-10303-21;
HEADER;
FILE_DESCRIPTION((''),'2;1');
FILE_NAME('FR13_S102_K','2026-01-07T19:14:49',('minjh'),(''),
'CREO PARAMETRIC BY PTC INC, 2020074','CREO PARAMETRIC BY PTC INC, 2020074','');
FILE_SCHEMA(('CONFIG_CONTROL_DESIGN'));
ENDSEC;
DATA;
#2=CARTESIAN_POINT('',(-2.2E1,1.35E1,4.15E1));
#3=DIRECTION('',(1.E0,0.E0,0.E0));
#4=DIRECTION('',(0.E0,1.E0,0.E0));
#5=AXIS2_PLACEMENT_3D('',#2,#3,#4);
#7=CARTESIAN_POINT('',(-2.2E1,1.35E1,4.15E1));
#8=DIRECTION('',(1.E0,0.E0,0.E0));
#9=DIRECTION('',(0.E0,-1.E0,0.E0));
#10=AXIS2_PLACEMENT_3D('',#7,#8,#9);
#12=CARTESIAN_POINT('',(-2.2E1,-1.35E1,4.15E1));
#13=DIRECTION('',(1.E0,0.E0,0.E0));
#14=DIRECTION('',(0.E0,1.E0,0.E0));
#15=AXIS2_PLACEMENT_3D('',#12,#13,#14);
#17=CARTESIAN_POINT('',(-2.2E1,-1.35E1,4.15E1));
#18=DIRECTION('',(1.E0,0.E0,0.E0));
#19=DIRECTION('',(0.E0,-1.E0,0.E0));
#20=AXIS2_PLACEMENT_3D('',#17,#18,#19);
#22=CARTESIAN_POINT('',(-2.2E1,-1.5E1,4.E1));
#23=DIRECTION('',(1.E0,0.E0,0.E0));
#24=DIRECTION('',(0.E0,-1.E0,0.E0));
#25=AXIS2_PLACEMENT_3D('',#22,#23,#24);
#27=DIRECTION('',(0.E0,1.E0,0.E0));
#28=VECTOR('',#27,3.3E1);
#29=CARTESIAN_POINT('',(-2.2E1,-1.65E1,4.9E1));
#30=LINE('',#29,#28);
#31=CARTESIAN_POINT('',(-2.2E1,1.5E1,4.E1));
#32=DIRECTION('',(1.E0,0.E0,0.E0));
#33=DIRECTION('',(0.E0,0.E0,-1.E0));
#34=AXIS2_PLACEMENT_3D('',#31,#32,#33);
#36=CARTESIAN_POINT('',(-2.26E1,1.35E1,4.15E1));
#37=DIRECTION('',(1.E0,0.E0,0.E0));
#38=DIRECTION('',(0.E0,1.E0,0.E0));
#39=AXIS2_PLACEMENT_3D('',#36,#37,#38);
#41=DIRECTION('',(-1.E0,-1.262535573522E-8,-9.356039616821E-8));
#42=VECTOR('',#41,5.999999924248E-1);
#43=CARTESIAN_POINT('',(-2.2E1,1.48E1,4.15E1));
#44=LINE('',#43,#42);
#45=DIRECTION('',(7.071067811865E-1,-7.071067811865E-1,5.016314821824E-8));
#46=VECTOR('',#45,1.979898968369E0);
#47=CARTESIAN_POINT('',(-2.399999997902E1,1.619999997902E1,4.149999984455E1));
#48=LINE('',#47,#46);
#49=CARTESIAN_POINT('',(-2.4E1,1.35E1,4.15E1));
#50=DIRECTION('',(1.E0,0.E0,0.E0));
#51=DIRECTION('',(0.E0,-1.E0,0.E0));
#52=AXIS2_PLACEMENT_3D('',#49,#50,#51);
#54=CARTESIAN_POINT('',(-2.4E1,1.35E1,4.15E1));
#55=DIRECTION('',(1.E0,0.E0,0.E0));
#56=DIRECTION('',(0.E0,1.E0,0.E0));
#57=AXIS2_PLACEMENT_3D('',#54,#55,#56);
#59=CARTESIAN_POINT('',(-2.4E1,-1.35E1,4.15E1));
#60=DIRECTION('',(1.E0,0.E0,0.E0));
#61=DIRECTION('',(0.E0,-1.E0,0.E0));
#62=AXIS2_PLACEMENT_3D('',#59,#60,#61);
#64=CARTESIAN_POINT('',(-2.4E1,-1.35E1,4.15E1));
#65=DIRECTION('',(1.E0,0.E0,0.E0));
#66=DIRECTION('',(0.E0,1.E0,0.E0));
#67=AXIS2_PLACEMENT_3D('',#64,#65,#66);
#69=CARTESIAN_POINT('',(-2.4E1,-1.5E1,4.E1));
#70=DIRECTION('',(-1.E0,0.E0,0.E0));
#71=DIRECTION('',(0.E0,0.E0,-1.E0));
#72=AXIS2_PLACEMENT_3D('',#69,#70,#71);
#74=CARTESIAN_POINT('',(-2.4E1,1.5E1,4.E1));
#75=DIRECTION('',(-1.E0,0.E0,0.E0));
#76=DIRECTION('',(0.E0,1.E0,0.E0));
#77=AXIS2_PLACEMENT_3D('',#74,#75,#76);
#79=DIRECTION('',(0.E0,1.E0,0.E0));
#80=VECTOR('',#79,3.3E1);
#81=CARTESIAN_POINT('',(-2.4E1,-1.65E1,4.9E1));
#82=LINE('',#81,#80);
#83=DIRECTION('',(7.071067811865E-1,7.071067811865E-1,-5.016314821824E-8));
#84=VECTOR('',#83,1.979898968369E0);
#85=CARTESIAN_POINT('',(-2.399999997902E1,1.080000002098E1,4.150000015545E1));
#86=LINE('',#85,#84);
#87=CARTESIAN_POINT('',(-2.26E1,1.35E1,4.15E1));
#88=DIRECTION('',(1.E0,0.E0,0.E0));
#89=DIRECTION('',(0.E0,-1.E0,0.E0));
#90=AXIS2_PLACEMENT_3D('',#87,#88,#89);
#92=DIRECTION('',(-1.E0,1.262535869581E-8,9.356040801059E-8));
#93=VECTOR('',#92,5.999999924248E-1);
#94=CARTESIAN_POINT('',(-2.2E1,1.22E1,4.15E1));
#95=LINE('',#94,#93);
#96=DIRECTION('',(7.071067811865E-1,7.071067811865E-1,-5.016314821824E-8));
#97=VECTOR('',#96,1.979898968369E0);
#98=CARTESIAN_POINT('',(-2.399999997902E1,-1.619999997902E1,4.150000015545E1));
#99=LINE('',#98,#97);
#100=DIRECTION('',(7.071067811865E-1,-7.071067811865E-1,5.016315180702E-8));
#101=VECTOR('',#100,1.979898968369E0);
#102=CARTESIAN_POINT('',(-2.399999997902E1,-1.080000002098E1,4.149999984455E1));
#103=LINE('',#102,#101);
#104=CARTESIAN_POINT('',(-2.26E1,-1.35E1,4.15E1));
#105=DIRECTION('',(1.E0,0.E0,0.E0));
#106=DIRECTION('',(0.E0,1.E0,0.E0));
#107=AXIS2_PLACEMENT_3D('',#104,#105,#106);
#109=DIRECTION('',(-1.E0,-1.262535869581E-8,-9.356040801059E-8));
#110=VECTOR('',#109,5.999999924248E-1);
#111=CARTESIAN_POINT('',(-2.2E1,-1.22E1,4.15E1));
#112=LINE('',#111,#110);
#113=CARTESIAN_POINT('',(-2.26E1,-1.35E1,4.15E1));
#114=DIRECTION('',(1.E0,0.E0,0.E0));
#115=DIRECTION('',(0.E0,-1.E0,0.E0));
#116=AXIS2_PLACEMENT_3D('',#113,#114,#115);
#118=DIRECTION('',(-1.E0,1.262535573522E-8,9.356040801059E-8));
#119=VECTOR('',#118,5.999999924248E-1);
#120=CARTESIAN_POINT('',(-2.2E1,-1.48E1,4.15E1));
#121=LINE('',#120,#119);
#122=DIRECTION('',(1.E0,0.E0,0.E0));
#123=VECTOR('',#122,2.E0);
#124=CARTESIAN_POINT('',(-2.4E1,-1.5E1,3.85E1));
#125=LINE('',#124,#123);
#126=DIRECTION('',(0.E0,1.E0,0.E0));
#127=VECTOR('',#126,3.E1);
#128=CARTESIAN_POINT('',(-2.2E1,-1.5E1,3.85E1));
#129=LINE('',#128,#127);
#130=DIRECTION('',(1.E0,0.E0,0.E0));
#131=VECTOR('',#130,2.E0);
#132=CARTESIAN_POINT('',(-2.4E1,1.5E1,3.85E1));
#133=LINE('',#132,#131);
#134=DIRECTION('',(0.E0,1.E0,0.E0));
#135=VECTOR('',#134,3.E1);
#136=CARTESIAN_POINT('',(-2.4E1,-1.5E1,3.85E1));
#137=LINE('',#136,#135);
#138=DIRECTION('',(1.E0,0.E0,0.E0));
#139=VECTOR('',#138,2.E0);
#140=CARTESIAN_POINT('',(-2.4E1,1.65E1,4.E1));
#141=LINE('',#140,#139);
#142=DIRECTION('',(0.E0,0.E0,-1.E0));
#143=VECTOR('',#142,9.E0);
#144=CARTESIAN_POINT('',(-2.2E1,1.65E1,4.9E1));
#145=LINE('',#144,#143);
#146=DIRECTION('',(-1.E0,0.E0,0.E0));
#147=VECTOR('',#146,2.E0);
#148=CARTESIAN_POINT('',(-2.2E1,1.65E1,4.9E1));
#149=LINE('',#148,#147);
#150=DIRECTION('',(0.E0,0.E0,-1.E0));
#151=VECTOR('',#150,9.E0);
#152=CARTESIAN_POINT('',(-2.4E1,1.65E1,4.9E1));
#153=LINE('',#152,#151);
#154=CARTESIAN_POINT('',(-2.15E1,1.65E1,4.9E1));
#155=DIRECTION('',(0.E0,-1.E0,0.E0));
#156=DIRECTION('',(0.E0,0.E0,1.E0));
#157=AXIS2_PLACEMENT_3D('',#154,#155,#156);
#159=DIRECTION('',(0.E0,0.E0,1.E0));
#160=VECTOR('',#159,2.E0);
#161=CARTESIAN_POINT('',(-2.15E1,1.65E1,4.95E1));
#162=LINE('',#161,#160);
#163=CARTESIAN_POINT('',(-2.15E1,1.65E1,4.9E1));
#164=DIRECTION('',(0.E0,-1.E0,0.E0));
#165=DIRECTION('',(0.E0,0.E0,1.E0));
#166=AXIS2_PLACEMENT_3D('',#163,#164,#165);
#168=DIRECTION('',(0.E0,1.E0,0.E0));
#169=VECTOR('',#168,3.3E1);
#170=CARTESIAN_POINT('',(-2.15E1,-1.65E1,4.95E1));
#171=LINE('',#170,#169);
#172=CARTESIAN_POINT('',(-2.15E1,-1.65E1,4.9E1));
#173=DIRECTION('',(0.E0,-1.E0,0.E0));
#174=DIRECTION('',(0.E0,0.E0,1.E0));
#175=AXIS2_PLACEMENT_3D('',#172,#173,#174);
#177=DIRECTION('',(-1.E0,0.E0,0.E0));
#178=VECTOR('',#177,2.E0);
#179=CARTESIAN_POINT('',(-2.2E1,-1.65E1,4.9E1));
#180=LINE('',#179,#178);
#181=CARTESIAN_POINT('',(-2.15E1,-1.65E1,4.9E1));
#182=DIRECTION('',(0.E0,-1.E0,0.E0));
#183=DIRECTION('',(0.E0,0.E0,1.E0));
#184=AXIS2_PLACEMENT_3D('',#181,#182,#183);
#186=DIRECTION('',(1.E0,0.E0,0.E0));
#187=VECTOR('',#186,2.E0);
#188=CARTESIAN_POINT('',(-2.4E1,-1.65E1,4.E1));
#189=LINE('',#188,#187);
#190=DIRECTION('',(0.E0,0.E0,-1.E0));
#191=VECTOR('',#190,9.E0);
#192=CARTESIAN_POINT('',(-2.4E1,-1.65E1,4.9E1));
#193=LINE('',#192,#191);
#194=DIRECTION('',(0.E0,0.E0,-1.E0));
#195=VECTOR('',#194,9.E0);
#196=CARTESIAN_POINT('',(-2.2E1,-1.65E1,4.9E1));
#197=LINE('',#196,#195);
#198=DIRECTION('',(0.E0,1.E0,0.E0));
#199=VECTOR('',#198,3.3E1);
#200=CARTESIAN_POINT('',(-2.15E1,-1.65E1,5.15E1));
#201=LINE('',#200,#199);
#202=DIRECTION('',(0.E0,1.E0,0.E0));
#203=VECTOR('',#202,3.3E1);
#204=CARTESIAN_POINT('',(2.15E1,-1.65E1,5.15E1));
#205=LINE('',#204,#203);
#206=CARTESIAN_POINT('',(0.E0,1.1E1,5.15E1));
#207=DIRECTION('',(0.E0,0.E0,-1.E0));
#208=DIRECTION('',(-1.E0,0.E0,0.E0));
#209=AXIS2_PLACEMENT_3D('',#206,#207,#208);
#211=CARTESIAN_POINT('',(0.E0,1.1E1,5.15E1));
#212=DIRECTION('',(0.E0,0.E0,-1.E0));
#213=DIRECTION('',(1.E0,0.E0,0.E0));
#214=AXIS2_PLACEMENT_3D('',#211,#212,#213);
#216=CARTESIAN_POINT('',(-7.778174593052E0,7.778174593052E0,5.15E1));
#217=DIRECTION('',(0.E0,0.E0,-1.E0));
#218=DIRECTION('',(-7.071067811865E-1,-7.071067811865E-1,0.E0));
#219=AXIS2_PLACEMENT_3D('',#216,#217,#218);
#221=CARTESIAN_POINT('',(-7.778174593052E0,7.778174593052E0,5.15E1));
#222=DIRECTION('',(0.E0,0.E0,-1.E0));
#223=DIRECTION('',(7.071067811865E-1,7.071067811865E-1,0.E0));
#224=AXIS2_PLACEMENT_3D('',#221,#222,#223);
#226=CARTESIAN_POINT('',(-1.1E1,0.E0,5.15E1));
#227=DIRECTION('',(0.E0,0.E0,-1.E0));
#228=DIRECTION('',(0.E0,-1.E0,0.E0));
#229=AXIS2_PLACEMENT_3D('',#226,#227,#228);
#231=CARTESIAN_POINT('',(-1.1E1,0.E0,5.15E1));
#232=DIRECTION('',(0.E0,0.E0,-1.E0));
#233=DIRECTION('',(0.E0,1.E0,0.E0));
#234=AXIS2_PLACEMENT_3D('',#231,#232,#233);
#236=CARTESIAN_POINT('',(-7.778174593052E0,-7.778174593052E0,5.15E1));
#237=DIRECTION('',(0.E0,0.E0,-1.E0));
#238=DIRECTION('',(7.071067811865E-1,-7.071067811865E-1,0.E0));
#239=AXIS2_PLACEMENT_3D('',#236,#237,#238);
#241=CARTESIAN_POINT('',(-7.778174593052E0,-7.778174593052E0,5.15E1));
#242=DIRECTION('',(0.E0,0.E0,-1.E0));
#243=DIRECTION('',(-7.071067811865E-1,7.071067811865E-1,0.E0));
#244=AXIS2_PLACEMENT_3D('',#241,#242,#243);
#246=CARTESIAN_POINT('',(0.E0,-1.1E1,5.15E1));
#247=DIRECTION('',(0.E0,0.E0,-1.E0));
#248=DIRECTION('',(1.E0,0.E0,0.E0));
#249=AXIS2_PLACEMENT_3D('',#246,#247,#248);
#251=CARTESIAN_POINT('',(0.E0,-1.1E1,5.15E1));
#252=DIRECTION('',(0.E0,0.E0,-1.E0));
#253=DIRECTION('',(-1.E0,0.E0,0.E0));
#254=AXIS2_PLACEMENT_3D('',#251,#252,#253);
#256=CARTESIAN_POINT('',(7.778174593052E0,-7.778174593052E0,5.15E1));
#257=DIRECTION('',(0.E0,0.E0,-1.E0));
#258=DIRECTION('',(7.071067811865E-1,7.071067811865E-1,0.E0));
#259=AXIS2_PLACEMENT_3D('',#256,#257,#258);
#261=CARTESIAN_POINT('',(7.778174593052E0,-7.778174593052E0,5.15E1));
#262=DIRECTION('',(0.E0,0.E0,-1.E0));
#263=DIRECTION('',(-7.071067811865E-1,-7.071067811865E-1,0.E0));
#264=AXIS2_PLACEMENT_3D('',#261,#262,#263);
#266=CARTESIAN_POINT('',(1.1E1,0.E0,5.15E1));
#267=DIRECTION('',(0.E0,0.E0,-1.E0));
#268=DIRECTION('',(0.E0,1.E0,0.E0));
#269=AXIS2_PLACEMENT_3D('',#266,#267,#268);
#271=CARTESIAN_POINT('',(1.1E1,0.E0,5.15E1));
#272=DIRECTION('',(0.E0,0.E0,-1.E0));
#273=DIRECTION('',(0.E0,-1.E0,0.E0));
#274=AXIS2_PLACEMENT_3D('',#271,#272,#273);
#276=CARTESIAN_POINT('',(7.778174593052E0,7.778174593052E0,5.15E1));
#277=DIRECTION('',(0.E0,0.E0,-1.E0));
#278=DIRECTION('',(-7.071067811865E-1,7.071067811865E-1,0.E0));
#279=AXIS2_PLACEMENT_3D('',#276,#277,#278);
#281=CARTESIAN_POINT('',(7.778174593052E0,7.778174593052E0,5.15E1));
#282=DIRECTION('',(0.E0,0.E0,-1.E0));
#283=DIRECTION('',(7.071067811865E-1,-7.071067811865E-1,0.E0));
#284=AXIS2_PLACEMENT_3D('',#281,#282,#283);
#286=CARTESIAN_POINT('',(3.5E0,8.E0,5.15E1));
#287=DIRECTION('',(0.E0,0.E0,1.E0));
#288=DIRECTION('',(-1.E0,0.E0,0.E0));
#289=AXIS2_PLACEMENT_3D('',#286,#287,#288);
#291=CARTESIAN_POINT('',(3.5E0,8.E0,5.15E1));
#292=DIRECTION('',(0.E0,0.E0,1.E0));
#293=DIRECTION('',(1.E0,0.E0,0.E0));
#294=AXIS2_PLACEMENT_3D('',#291,#292,#293);
#296=CARTESIAN_POINT('',(-8.E0,3.5E0,5.15E1));
#297=DIRECTION('',(0.E0,0.E0,1.E0));
#298=DIRECTION('',(0.E0,-1.E0,0.E0));
#299=AXIS2_PLACEMENT_3D('',#296,#297,#298);
#301=CARTESIAN_POINT('',(-8.E0,3.5E0,5.15E1));
#302=DIRECTION('',(0.E0,0.E0,1.E0));
#303=DIRECTION('',(0.E0,1.E0,0.E0));
#304=AXIS2_PLACEMENT_3D('',#301,#302,#303);
#306=CARTESIAN_POINT('',(-3.5E0,-8.E0,5.15E1));
#307=DIRECTION('',(0.E0,0.E0,1.E0));
#308=DIRECTION('',(1.E0,0.E0,0.E0));
#309=AXIS2_PLACEMENT_3D('',#306,#307,#308);
#311=CARTESIAN_POINT('',(-3.5E0,-8.E0,5.15E1));
#312=DIRECTION('',(0.E0,0.E0,1.E0));
#313=DIRECTION('',(-1.E0,0.E0,0.E0));
#314=AXIS2_PLACEMENT_3D('',#311,#312,#313);
#316=CARTESIAN_POINT('',(8.E0,-3.5E0,5.15E1));
#317=DIRECTION('',(0.E0,0.E0,1.E0));
#318=DIRECTION('',(0.E0,1.E0,0.E0));
#319=AXIS2_PLACEMENT_3D('',#316,#317,#318);
#321=CARTESIAN_POINT('',(8.E0,-3.5E0,5.15E1));
#322=DIRECTION('',(0.E0,0.E0,1.E0));
#323=DIRECTION('',(0.E0,-1.E0,0.E0));
#324=AXIS2_PLACEMENT_3D('',#321,#322,#323);
#326=CARTESIAN_POINT('',(-3.5E0,8.E0,5.15E1));
#327=DIRECTION('',(0.E0,0.E0,-1.E0));
#328=DIRECTION('',(-1.E0,0.E0,0.E0));
#329=AXIS2_PLACEMENT_3D('',#326,#327,#328);
#331=CARTESIAN_POINT('',(-3.5E0,8.E0,5.15E1));
#332=DIRECTION('',(0.E0,0.E0,-1.E0));
#333=DIRECTION('',(1.E0,0.E0,0.E0));
#334=AXIS2_PLACEMENT_3D('',#331,#332,#333);
#336=CARTESIAN_POINT('',(-8.E0,-3.5E0,5.15E1));
#337=DIRECTION('',(0.E0,0.E0,-1.E0));
#338=DIRECTION('',(0.E0,-1.E0,0.E0));
#339=AXIS2_PLACEMENT_3D('',#336,#337,#338);
#341=CARTESIAN_POINT('',(-8.E0,-3.5E0,5.15E1));
#342=DIRECTION('',(0.E0,0.E0,-1.E0));
#343=DIRECTION('',(0.E0,1.E0,0.E0));
#344=AXIS2_PLACEMENT_3D('',#341,#342,#343);
#346=CARTESIAN_POINT('',(3.5E0,-8.E0,5.15E1));
#347=DIRECTION('',(0.E0,0.E0,-1.E0));
#348=DIRECTION('',(1.E0,0.E0,0.E0));
#349=AXIS2_PLACEMENT_3D('',#346,#347,#348);
#351=CARTESIAN_POINT('',(3.5E0,-8.E0,5.15E1));
#352=DIRECTION('',(0.E0,0.E0,-1.E0));
#353=DIRECTION('',(-1.E0,0.E0,0.E0));
#354=AXIS2_PLACEMENT_3D('',#351,#352,#353);
#356=CARTESIAN_POINT('',(8.E0,3.5E0,5.15E1));
#357=DIRECTION('',(0.E0,0.E0,-1.E0));
#358=DIRECTION('',(0.E0,1.E0,0.E0));
#359=AXIS2_PLACEMENT_3D('',#356,#357,#358);
#361=CARTESIAN_POINT('',(8.E0,3.5E0,5.15E1));
#362=DIRECTION('',(0.E0,0.E0,-1.E0));
#363=DIRECTION('',(0.E0,-1.E0,0.E0));
#364=AXIS2_PLACEMENT_3D('',#361,#362,#363);
#366=CARTESIAN_POINT('',(1.1E1,6.E0,5.15E1));
#367=DIRECTION('',(0.E0,0.E0,1.E0));
#368=DIRECTION('',(-1.E0,0.E0,0.E0));
#369=AXIS2_PLACEMENT_3D('',#366,#367,#368);
#371=CARTESIAN_POINT('',(1.1E1,6.E0,5.15E1));
#372=DIRECTION('',(0.E0,0.E0,1.E0));
#373=DIRECTION('',(1.E0,0.E0,0.E0));
#374=AXIS2_PLACEMENT_3D('',#371,#372,#373);
#376=CARTESIAN_POINT('',(-6.E0,1.1E1,5.15E1));
#377=DIRECTION('',(0.E0,0.E0,1.E0));
#378=DIRECTION('',(0.E0,-1.E0,0.E0));
#379=AXIS2_PLACEMENT_3D('',#376,#377,#378);
#381=CARTESIAN_POINT('',(-6.E0,1.1E1,5.15E1));
#382=DIRECTION('',(0.E0,0.E0,1.E0));
#383=DIRECTION('',(0.E0,1.E0,0.E0));
#384=AXIS2_PLACEMENT_3D('',#381,#382,#383);
#386=CARTESIAN_POINT('',(-1.1E1,-6.E0,5.15E1));
#387=DIRECTION('',(0.E0,0.E0,1.E0));
#388=DIRECTION('',(1.E0,0.E0,0.E0));
#389=AXIS2_PLACEMENT_3D('',#386,#387,#388);
#391=CARTESIAN_POINT('',(-1.1E1,-6.E0,5.15E1));
#392=DIRECTION('',(0.E0,0.E0,1.E0));
#393=DIRECTION('',(-1.E0,0.E0,0.E0));
#394=AXIS2_PLACEMENT_3D('',#391,#392,#393);
#396=CARTESIAN_POINT('',(6.E0,-1.1E1,5.15E1));
#397=DIRECTION('',(0.E0,0.E0,1.E0));
#398=DIRECTION('',(0.E0,1.E0,0.E0));
#399=AXIS2_PLACEMENT_3D('',#396,#397,#398);
#401=CARTESIAN_POINT('',(6.E0,-1.1E1,5.15E1));
#402=DIRECTION('',(0.E0,0.E0,1.E0));
#403=DIRECTION('',(0.E0,-1.E0,0.E0));
#404=AXIS2_PLACEMENT_3D('',#401,#402,#403);
#406=CARTESIAN_POINT('',(6.E0,1.1E1,5.15E1));
#407=DIRECTION('',(0.E0,0.E0,-1.E0));
#408=DIRECTION('',(-1.E0,0.E0,0.E0));
#409=AXIS2_PLACEMENT_3D('',#406,#407,#408);
#411=CARTESIAN_POINT('',(6.E0,1.1E1,5.15E1));
#412=DIRECTION('',(0.E0,0.E0,-1.E0));
#413=DIRECTION('',(1.E0,0.E0,0.E0));
#414=AXIS2_PLACEMENT_3D('',#411,#412,#413);
#416=CARTESIAN_POINT('',(-1.1E1,6.E0,5.15E1));
#417=DIRECTION('',(0.E0,0.E0,-1.E0));
#418=DIRECTION('',(0.E0,-1.E0,0.E0));
#419=AXIS2_PLACEMENT_3D('',#416,#417,#418);
#421=CARTESIAN_POINT('',(-1.1E1,6.E0,5.15E1));
#422=DIRECTION('',(0.E0,0.E0,-1.E0));
#423=DIRECTION('',(0.E0,1.E0,0.E0));
#424=AXIS2_PLACEMENT_3D('',#421,#422,#423);
#426=CARTESIAN_POINT('',(-6.E0,-1.1E1,5.15E1));
#427=DIRECTION('',(0.E0,0.E0,-1.E0));
#428=DIRECTION('',(1.E0,0.E0,0.E0));
#429=AXIS2_PLACEMENT_3D('',#426,#427,#428);
#431=CARTESIAN_POINT('',(-6.E0,-1.1E1,5.15E1));
#432=DIRECTION('',(0.E0,0.E0,-1.E0));
#433=DIRECTION('',(-1.E0,0.E0,0.E0));
#434=AXIS2_PLACEMENT_3D('',#431,#432,#433);
#436=CARTESIAN_POINT('',(1.1E1,-6.E0,5.15E1));
#437=DIRECTION('',(0.E0,0.E0,-1.E0));
#438=DIRECTION('',(0.E0,1.E0,0.E0));
#439=AXIS2_PLACEMENT_3D('',#436,#437,#438);
#441=CARTESIAN_POINT('',(1.1E1,-6.E0,5.15E1));
#442=DIRECTION('',(0.E0,0.E0,-1.E0));
#443=DIRECTION('',(0.E0,-1.E0,0.E0));
#444=AXIS2_PLACEMENT_3D('',#441,#442,#443);
#446=CARTESIAN_POINT('',(1.6E1,8.E0,5.15E1));
#447=DIRECTION('',(0.E0,0.E0,1.E0));
#448=DIRECTION('',(-1.E0,0.E0,0.E0));
#449=AXIS2_PLACEMENT_3D('',#446,#447,#448);
#451=CARTESIAN_POINT('',(1.6E1,8.E0,5.15E1));
#452=DIRECTION('',(0.E0,0.E0,1.E0));
#453=DIRECTION('',(1.E0,0.E0,0.E0));
#454=AXIS2_PLACEMENT_3D('',#451,#452,#453);
#456=CARTESIAN_POINT('',(-1.6E1,8.E0,5.15E1));
#457=DIRECTION('',(0.E0,0.E0,1.E0));
#458=DIRECTION('',(-1.E0,0.E0,0.E0));
#459=AXIS2_PLACEMENT_3D('',#456,#457,#458);
#461=CARTESIAN_POINT('',(-1.6E1,8.E0,5.15E1));
#462=DIRECTION('',(0.E0,0.E0,1.E0));
#463=DIRECTION('',(1.E0,0.E0,0.E0));
#464=AXIS2_PLACEMENT_3D('',#461,#462,#463);
#466=CARTESIAN_POINT('',(1.6E1,-8.E0,5.15E1));
#467=DIRECTION('',(0.E0,0.E0,1.E0));
#468=DIRECTION('',(-1.E0,0.E0,0.E0));
#469=AXIS2_PLACEMENT_3D('',#466,#467,#468);
#471=CARTESIAN_POINT('',(1.6E1,-8.E0,5.15E1));
#472=DIRECTION('',(0.E0,0.E0,1.E0));
#473=DIRECTION('',(1.E0,0.E0,0.E0));
#474=AXIS2_PLACEMENT_3D('',#471,#472,#473);
#476=CARTESIAN_POINT('',(-1.6E1,-8.E0,5.15E1));
#477=DIRECTION('',(0.E0,0.E0,1.E0));
#478=DIRECTION('',(-1.E0,0.E0,0.E0));
#479=AXIS2_PLACEMENT_3D('',#476,#477,#478);
#481=CARTESIAN_POINT('',(-1.6E1,-8.E0,5.15E1));
#482=DIRECTION('',(0.E0,0.E0,1.E0));
#483=DIRECTION('',(1.E0,0.E0,0.E0));
#484=AXIS2_PLACEMENT_3D('',#481,#482,#483);
#486=CARTESIAN_POINT('',(-4.846648326421E0,2.6E0,5.15E1));
#487=DIRECTION('',(0.E0,0.E0,1.E0));
#488=DIRECTION('',(0.E0,-1.E0,0.E0));
#489=AXIS2_PLACEMENT_3D('',#486,#487,#488);
#491=DIRECTION('',(1.E0,0.E0,0.E0));
#492=VECTOR('',#491,6.533516735789E-1);
#493=CARTESIAN_POINT('',(-5.5E0,2.1E0,5.15E1));
#494=LINE('',#493,#492);
#495=DIRECTION('',(0.E0,1.E0,0.E0));
#496=VECTOR('',#495,3.2E0);
#497=CARTESIAN_POINT('',(-6.E0,-1.6E0,5.15E1));
#498=LINE('',#497,#496);
#499=DIRECTION('',(-1.E0,0.E0,0.E0));
#500=VECTOR('',#499,6.533516735789E-1);
#501=CARTESIAN_POINT('',(-4.846648326421E0,-2.1E0,5.15E1));
#502=LINE('',#501,#500);
#503=CARTESIAN_POINT('',(-4.846648326421E0,-2.6E0,5.15E1));
#504=DIRECTION('',(0.E0,0.E0,1.E0));
#505=DIRECTION('',(8.812087866220E-1,4.727272727273E-1,0.E0));
#506=AXIS2_PLACEMENT_3D('',#503,#504,#505);
#508=CARTESIAN_POINT('',(0.E0,0.E0,5.15E1));
#509=DIRECTION('',(0.E0,0.E0,1.E0));
#510=DIRECTION('',(-8.812087866220E-1,-4.727272727273E-1,0.E0));
#511=AXIS2_PLACEMENT_3D('',#508,#509,#510);
#513=CARTESIAN_POINT('',(4.846648326421E0,-2.6E0,5.15E1));
#514=DIRECTION('',(0.E0,0.E0,1.E0));
#515=DIRECTION('',(0.E0,1.E0,0.E0));
#516=AXIS2_PLACEMENT_3D('',#513,#514,#515);
#518=DIRECTION('',(-1.E0,0.E0,0.E0));
#519=VECTOR('',#518,6.533516735789E-1);
#520=CARTESIAN_POINT('',(5.5E0,-2.1E0,5.15E1));
#521=LINE('',#520,#519);
#522=DIRECTION('',(0.E0,-1.E0,0.E0));
#523=VECTOR('',#522,3.2E0);
#524=CARTESIAN_POINT('',(6.E0,1.6E0,5.15E1));
#525=LINE('',#524,#523);
#526=DIRECTION('',(1.E0,0.E0,0.E0));
#527=VECTOR('',#526,6.533516735789E-1);
#528=CARTESIAN_POINT('',(4.846648326421E0,2.1E0,5.15E1));
#529=LINE('',#528,#527);
#530=CARTESIAN_POINT('',(4.846648326421E0,2.6E0,5.15E1));
#531=DIRECTION('',(0.E0,0.E0,1.E0));
#532=DIRECTION('',(-8.812087866221E-1,-4.727272727272E-1,0.E0));
#533=AXIS2_PLACEMENT_3D('',#530,#531,#532);
#535=CARTESIAN_POINT('',(0.E0,0.E0,5.15E1));
#536=DIRECTION('',(0.E0,0.E0,1.E0));
#537=DIRECTION('',(8.812087866220E-1,4.727272727273E-1,0.E0));
#538=AXIS2_PLACEMENT_3D('',#535,#536,#537);
#540=DIRECTION('',(-1.E0,0.E0,0.E0));
#541=VECTOR('',#540,4.3E1);
#542=CARTESIAN_POINT('',(2.15E1,-1.65E1,4.95E1));
#543=LINE('',#542,#541);
#544=DIRECTION('',(0.E0,0.E0,1.E0));
#545=VECTOR('',#544,2.E0);
#546=CARTESIAN_POINT('',(-2.15E1,-1.65E1,4.95E1));
#547=LINE('',#546,#545);
#548=DIRECTION('',(-1.E0,0.E0,0.E0));
#549=VECTOR('',#548,4.3E1);
#550=CARTESIAN_POINT('',(2.15E1,-1.65E1,5.15E1));
#551=LINE('',#550,#549);
#552=DIRECTION('',(0.E0,1.E0,0.E0));
#553=VECTOR('',#552,3.3E1);
#554=CARTESIAN_POINT('',(2.15E1,-1.65E1,4.95E1));
#555=LINE('',#554,#553);
#556=CARTESIAN_POINT('',(0.E0,1.1E1,4.95E1));
#557=DIRECTION('',(0.E0,0.E0,-1.E0));
#558=DIRECTION('',(-1.E0,0.E0,0.E0));
#559=AXIS2_PLACEMENT_3D('',#556,#557,#558);
#561=CARTESIAN_POINT('',(0.E0,1.1E1,4.95E1));
#562=DIRECTION('',(0.E0,0.E0,-1.E0));
#563=DIRECTION('',(1.E0,0.E0,0.E0));
#564=AXIS2_PLACEMENT_3D('',#561,#562,#563);
#566=CARTESIAN_POINT('',(-7.778174593052E0,7.778174593052E0,4.95E1));
#567=DIRECTION('',(0.E0,0.E0,-1.E0));
#568=DIRECTION('',(-7.071067811865E-1,-7.071067811865E-1,0.E0));
#569=AXIS2_PLACEMENT_3D('',#566,#567,#568);
#571=CARTESIAN_POINT('',(-7.778174593052E0,7.778174593052E0,4.95E1));
#572=DIRECTION('',(0.E0,0.E0,-1.E0));
#573=DIRECTION('',(7.071067811865E-1,7.071067811865E-1,0.E0));
#574=AXIS2_PLACEMENT_3D('',#571,#572,#573);
#576=CARTESIAN_POINT('',(-1.1E1,0.E0,4.95E1));
#577=DIRECTION('',(0.E0,0.E0,-1.E0));
#578=DIRECTION('',(0.E0,-1.E0,0.E0));
#579=AXIS2_PLACEMENT_3D('',#576,#577,#578);
#581=CARTESIAN_POINT('',(-1.1E1,0.E0,4.95E1));
#582=DIRECTION('',(0.E0,0.E0,-1.E0));
#583=DIRECTION('',(0.E0,1.E0,0.E0));
#584=AXIS2_PLACEMENT_3D('',#581,#582,#583);
#586=CARTESIAN_POINT('',(-7.778174593052E0,-7.778174593052E0,4.95E1));
#587=DIRECTION('',(0.E0,0.E0,-1.E0));
#588=DIRECTION('',(7.071067811865E-1,-7.071067811865E-1,0.E0));
#589=AXIS2_PLACEMENT_3D('',#586,#587,#588);
#591=CARTESIAN_POINT('',(-7.778174593052E0,-7.778174593052E0,4.95E1));
#592=DIRECTION('',(0.E0,0.E0,-1.E0));
#593=DIRECTION('',(-7.071067811865E-1,7.071067811865E-1,0.E0));
#594=AXIS2_PLACEMENT_3D('',#591,#592,#593);
#596=CARTESIAN_POINT('',(0.E0,-1.1E1,4.95E1));
#597=DIRECTION('',(0.E0,0.E0,-1.E0));
#598=DIRECTION('',(1.E0,0.E0,0.E0));
#599=AXIS2_PLACEMENT_3D('',#596,#597,#598);
#601=CARTESIAN_POINT('',(0.E0,-1.1E1,4.95E1));
#602=DIRECTION('',(0.E0,0.E0,-1.E0));
#603=DIRECTION('',(-1.E0,0.E0,0.E0));
#604=AXIS2_PLACEMENT_3D('',#601,#602,#603);
#606=CARTESIAN_POINT('',(7.778174593052E0,-7.778174593052E0,4.95E1));
#607=DIRECTION('',(0.E0,0.E0,-1.E0));
#608=DIRECTION('',(7.071067811865E-1,7.071067811865E-1,0.E0));
#609=AXIS2_PLACEMENT_3D('',#606,#607,#608);
#611=CARTESIAN_POINT('',(7.778174593052E0,-7.778174593052E0,4.95E1));
#612=DIRECTION('',(0.E0,0.E0,-1.E0));
#613=DIRECTION('',(-7.071067811865E-1,-7.071067811865E-1,0.E0));
#614=AXIS2_PLACEMENT_3D('',#611,#612,#613);
#616=CARTESIAN_POINT('',(1.1E1,0.E0,4.95E1));
#617=DIRECTION('',(0.E0,0.E0,-1.E0));
#618=DIRECTION('',(0.E0,1.E0,0.E0));
#619=AXIS2_PLACEMENT_3D('',#616,#617,#618);
#621=CARTESIAN_POINT('',(1.1E1,0.E0,4.95E1));
#622=DIRECTION('',(0.E0,0.E0,-1.E0));
#623=DIRECTION('',(0.E0,-1.E0,0.E0));
#624=AXIS2_PLACEMENT_3D('',#621,#622,#623);
#626=CARTESIAN_POINT('',(7.778174593052E0,7.778174593052E0,4.95E1));
#627=DIRECTION('',(0.E0,0.E0,-1.E0));
#628=DIRECTION('',(-7.071067811865E-1,7.071067811865E-1,0.E0));
#629=AXIS2_PLACEMENT_3D('',#626,#627,#628);
#631=CARTESIAN_POINT('',(7.778174593052E0,7.778174593052E0,4.95E1));
#632=DIRECTION('',(0.E0,0.E0,-1.E0));
#633=DIRECTION('',(7.071067811865E-1,-7.071067811865E-1,0.E0));
#634=AXIS2_PLACEMENT_3D('',#631,#632,#633);
#636=CARTESIAN_POINT('',(3.5E0,8.E0,4.95E1));
#637=DIRECTION('',(0.E0,0.E0,1.E0));
#638=DIRECTION('',(-1.E0,0.E0,0.E0));
#639=AXIS2_PLACEMENT_3D('',#636,#637,#638);
#641=CARTESIAN_POINT('',(3.5E0,8.E0,4.95E1));
#642=DIRECTION('',(0.E0,0.E0,1.E0));
#643=DIRECTION('',(1.E0,0.E0,0.E0));
#644=AXIS2_PLACEMENT_3D('',#641,#642,#643);
#646=CARTESIAN_POINT('',(-8.E0,3.5E0,4.95E1));
#647=DIRECTION('',(0.E0,0.E0,1.E0));
#648=DIRECTION('',(0.E0,-1.E0,0.E0));
#649=AXIS2_PLACEMENT_3D('',#646,#647,#648);
#651=CARTESIAN_POINT('',(-8.E0,3.5E0,4.95E1));
#652=DIRECTION('',(0.E0,0.E0,1.E0));
#653=DIRECTION('',(0.E0,1.E0,0.E0));
#654=AXIS2_PLACEMENT_3D('',#651,#652,#653);
#656=CARTESIAN_POINT('',(-3.5E0,-8.E0,4.95E1));
#657=DIRECTION('',(0.E0,0.E0,1.E0));
#658=DIRECTION('',(1.E0,0.E0,0.E0));
#659=AXIS2_PLACEMENT_3D('',#656,#657,#658);
#661=CARTESIAN_POINT('',(-3.5E0,-8.E0,4.95E1));
#662=DIRECTION('',(0.E0,0.E0,1.E0));
#663=DIRECTION('',(-1.E0,0.E0,0.E0));
#664=AXIS2_PLACEMENT_3D('',#661,#662,#663);
#666=CARTESIAN_POINT('',(8.E0,-3.5E0,4.95E1));
#667=DIRECTION('',(0.E0,0.E0,1.E0));
#668=DIRECTION('',(0.E0,1.E0,0.E0));
#669=AXIS2_PLACEMENT_3D('',#666,#667,#668);
#671=CARTESIAN_POINT('',(8.E0,-3.5E0,4.95E1));
#672=DIRECTION('',(0.E0,0.E0,1.E0));
#673=DIRECTION('',(0.E0,-1.E0,0.E0));
#674=AXIS2_PLACEMENT_3D('',#671,#672,#673);
#676=CARTESIAN_POINT('',(-3.5E0,8.E0,4.95E1));
#677=DIRECTION('',(0.E0,0.E0,-1.E0));
#678=DIRECTION('',(-1.E0,0.E0,0.E0));
#679=AXIS2_PLACEMENT_3D('',#676,#677,#678);
#681=CARTESIAN_POINT('',(-3.5E0,8.E0,4.95E1));
#682=DIRECTION('',(0.E0,0.E0,-1.E0));
#683=DIRECTION('',(1.E0,0.E0,0.E0));
#684=AXIS2_PLACEMENT_3D('',#681,#682,#683);
#686=CARTESIAN_POINT('',(-8.E0,-3.5E0,4.95E1));
#687=DIRECTION('',(0.E0,0.E0,-1.E0));
#688=DIRECTION('',(0.E0,-1.E0,0.E0));
#689=AXIS2_PLACEMENT_3D('',#686,#687,#688);
#691=CARTESIAN_POINT('',(-8.E0,-3.5E0,4.95E1));
#692=DIRECTION('',(0.E0,0.E0,-1.E0));
#693=DIRECTION('',(0.E0,1.E0,0.E0));
#694=AXIS2_PLACEMENT_3D('',#691,#692,#693);
#696=CARTESIAN_POINT('',(3.5E0,-8.E0,4.95E1));
#697=DIRECTION('',(0.E0,0.E0,-1.E0));
#698=DIRECTION('',(1.E0,0.E0,0.E0));
#699=AXIS2_PLACEMENT_3D('',#696,#697,#698);
#701=CARTESIAN_POINT('',(3.5E0,-8.E0,4.95E1));
#702=DIRECTION('',(0.E0,0.E0,-1.E0));
#703=DIRECTION('',(-1.E0,0.E0,0.E0));
#704=AXIS2_PLACEMENT_3D('',#701,#702,#703);
#706=CARTESIAN_POINT('',(8.E0,3.5E0,4.95E1));
#707=DIRECTION('',(0.E0,0.E0,-1.E0));
#708=DIRECTION('',(0.E0,1.E0,0.E0));
#709=AXIS2_PLACEMENT_3D('',#706,#707,#708);
#711=CARTESIAN_POINT('',(8.E0,3.5E0,4.95E1));
#712=DIRECTION('',(0.E0,0.E0,-1.E0));
#713=DIRECTION('',(0.E0,-1.E0,0.E0));
#714=AXIS2_PLACEMENT_3D('',#711,#712,#713);
#716=CARTESIAN_POINT('',(1.1E1,6.E0,4.95E1));
#717=DIRECTION('',(0.E0,0.E0,1.E0));
#718=DIRECTION('',(-1.E0,0.E0,0.E0));
#719=AXIS2_PLACEMENT_3D('',#716,#717,#718);
#721=CARTESIAN_POINT('',(1.1E1,6.E0,4.95E1));
#722=DIRECTION('',(0.E0,0.E0,1.E0));
#723=DIRECTION('',(1.E0,0.E0,0.E0));
#724=AXIS2_PLACEMENT_3D('',#721,#722,#723);
#726=CARTESIAN_POINT('',(-6.E0,1.1E1,4.95E1));
#727=DIRECTION('',(0.E0,0.E0,1.E0));
#728=DIRECTION('',(0.E0,-1.E0,0.E0));
#729=AXIS2_PLACEMENT_3D('',#726,#727,#728);
#731=CARTESIAN_POINT('',(-6.E0,1.1E1,4.95E1));
#732=DIRECTION('',(0.E0,0.E0,1.E0));
#733=DIRECTION('',(0.E0,1.E0,0.E0));
#734=AXIS2_PLACEMENT_3D('',#731,#732,#733);
#736=CARTESIAN_POINT('',(-1.1E1,-6.E0,4.95E1));
#737=DIRECTION('',(0.E0,0.E0,1.E0));
#738=DIRECTION('',(1.E0,0.E0,0.E0));
#739=AXIS2_PLACEMENT_3D('',#736,#737,#738);
#741=CARTESIAN_POINT('',(-1.1E1,-6.E0,4.95E1));
#742=DIRECTION('',(0.E0,0.E0,1.E0));
#743=DIRECTION('',(-1.E0,0.E0,0.E0));
#744=AXIS2_PLACEMENT_3D('',#741,#742,#743);
#746=CARTESIAN_POINT('',(6.E0,-1.1E1,4.95E1));
#747=DIRECTION('',(0.E0,0.E0,1.E0));
#748=DIRECTION('',(0.E0,1.E0,0.E0));
#749=AXIS2_PLACEMENT_3D('',#746,#747,#748);
#751=CARTESIAN_POINT('',(6.E0,-1.1E1,4.95E1));
#752=DIRECTION('',(0.E0,0.E0,1.E0));
#753=DIRECTION('',(0.E0,-1.E0,0.E0));
#754=AXIS2_PLACEMENT_3D('',#751,#752,#753);
#756=CARTESIAN_POINT('',(6.E0,1.1E1,4.95E1));
#757=DIRECTION('',(0.E0,0.E0,-1.E0));
#758=DIRECTION('',(-1.E0,0.E0,0.E0));
#759=AXIS2_PLACEMENT_3D('',#756,#757,#758);
#761=CARTESIAN_POINT('',(6.E0,1.1E1,4.95E1));
#762=DIRECTION('',(0.E0,0.E0,-1.E0));
#763=DIRECTION('',(1.E0,0.E0,0.E0));
#764=AXIS2_PLACEMENT_3D('',#761,#762,#763);
#766=CARTESIAN_POINT('',(-1.1E1,6.E0,4.95E1));
#767=DIRECTION('',(0.E0,0.E0,-1.E0));
#768=DIRECTION('',(0.E0,-1.E0,0.E0));
#769=AXIS2_PLACEMENT_3D('',#766,#767,#768);
#771=CARTESIAN_POINT('',(-1.1E1,6.E0,4.95E1));
#772=DIRECTION('',(0.E0,0.E0,-1.E0));
#773=DIRECTION('',(0.E0,1.E0,0.E0));
#774=AXIS2_PLACEMENT_3D('',#771,#772,#773);
#776=CARTESIAN_POINT('',(-6.E0,-1.1E1,4.95E1));
#777=DIRECTION('',(0.E0,0.E0,-1.E0));
#778=DIRECTION('',(1.E0,0.E0,0.E0));
#779=AXIS2_PLACEMENT_3D('',#776,#777,#778);
#781=CARTESIAN_POINT('',(-6.E0,-1.1E1,4.95E1));
#782=DIRECTION('',(0.E0,0.E0,-1.E0));
#783=DIRECTION('',(-1.E0,0.E0,0.E0));
#784=AXIS2_PLACEMENT_3D('',#781,#782,#783);
#786=CARTESIAN_POINT('',(1.1E1,-6.E0,4.95E1));
#787=DIRECTION('',(0.E0,0.E0,-1.E0));
#788=DIRECTION('',(0.E0,1.E0,0.E0));
#789=AXIS2_PLACEMENT_3D('',#786,#787,#788);
#791=CARTESIAN_POINT('',(1.1E1,-6.E0,4.95E1));
#792=DIRECTION('',(0.E0,0.E0,-1.E0));
#793=DIRECTION('',(0.E0,-1.E0,0.E0));
#794=AXIS2_PLACEMENT_3D('',#791,#792,#793);
#796=CARTESIAN_POINT('',(1.6E1,8.E0,4.95E1));
#797=DIRECTION('',(0.E0,0.E0,1.E0));
#798=DIRECTION('',(-1.E0,0.E0,0.E0));
#799=AXIS2_PLACEMENT_3D('',#796,#797,#798);
#801=CARTESIAN_POINT('',(1.6E1,8.E0,4.95E1));
#802=DIRECTION('',(0.E0,0.E0,1.E0));
#803=DIRECTION('',(1.E0,0.E0,0.E0));
#804=AXIS2_PLACEMENT_3D('',#801,#802,#803);
#806=CARTESIAN_POINT('',(-1.6E1,8.E0,4.95E1));
#807=DIRECTION('',(0.E0,0.E0,1.E0));
#808=DIRECTION('',(-1.E0,0.E0,0.E0));
#809=AXIS2_PLACEMENT_3D('',#806,#807,#808);
#811=CARTESIAN_POINT('',(-1.6E1,8.E0,4.95E1));
#812=DIRECTION('',(0.E0,0.E0,1.E0));
#813=DIRECTION('',(1.E0,0.E0,0.E0));
#814=AXIS2_PLACEMENT_3D('',#811,#812,#813);
#816=CARTESIAN_POINT('',(1.6E1,-8.E0,4.95E1));
#817=DIRECTION('',(0.E0,0.E0,1.E0));
#818=DIRECTION('',(-1.E0,0.E0,0.E0));
#819=AXIS2_PLACEMENT_3D('',#816,#817,#818);
#821=CARTESIAN_POINT('',(1.6E1,-8.E0,4.95E1));
#822=DIRECTION('',(0.E0,0.E0,1.E0));
#823=DIRECTION('',(1.E0,0.E0,0.E0));
#824=AXIS2_PLACEMENT_3D('',#821,#822,#823);
#826=CARTESIAN_POINT('',(-1.6E1,-8.E0,4.95E1));
#827=DIRECTION('',(0.E0,0.E0,1.E0));
#828=DIRECTION('',(-1.E0,0.E0,0.E0));
#829=AXIS2_PLACEMENT_3D('',#826,#827,#828);
#831=CARTESIAN_POINT('',(-1.6E1,-8.E0,4.95E1));
#832=DIRECTION('',(0.E0,0.E0,1.E0));
#833=DIRECTION('',(1.E0,0.E0,0.E0));
#834=AXIS2_PLACEMENT_3D('',#831,#832,#833);
#836=CARTESIAN_POINT('',(-4.846648326421E0,2.6E0,4.95E1));
#837=DIRECTION('',(0.E0,0.E0,-1.E0));
#838=DIRECTION('',(8.812087866220E-1,-4.727272727273E-1,0.E0));
#839=AXIS2_PLACEMENT_3D('',#836,#837,#838);
#841=CARTESIAN_POINT('',(0.E0,0.E0,4.95E1));
#842=DIRECTION('',(0.E0,0.E0,1.E0));
#843=DIRECTION('',(8.812087866220E-1,4.727272727273E-1,0.E0));
#844=AXIS2_PLACEMENT_3D('',#841,#842,#843);
#846=CARTESIAN_POINT('',(4.846648326421E0,2.6E0,4.95E1));
#847=DIRECTION('',(0.E0,0.E0,-1.E0));
#848=DIRECTION('',(0.E0,-1.E0,0.E0));
#849=AXIS2_PLACEMENT_3D('',#846,#847,#848);
#851=DIRECTION('',(1.E0,0.E0,0.E0));
#852=VECTOR('',#851,6.533516735789E-1);
#853=CARTESIAN_POINT('',(4.846648326421E0,2.1E0,4.95E1));
#854=LINE('',#853,#852);
#855=DIRECTION('',(0.E0,-1.E0,0.E0));
#856=VECTOR('',#855,3.2E0);
#857=CARTESIAN_POINT('',(6.E0,1.6E0,4.95E1));
#858=LINE('',#857,#856);
#859=DIRECTION('',(-1.E0,0.E0,0.E0));
#860=VECTOR('',#859,6.533516735789E-1);
#861=CARTESIAN_POINT('',(5.5E0,-2.1E0,4.95E1));
#862=LINE('',#861,#860);
#863=CARTESIAN_POINT('',(4.846648326421E0,-2.6E0,4.95E1));
#864=DIRECTION('',(0.E0,0.E0,-1.E0));
#865=DIRECTION('',(-8.812087866220E-1,4.727272727273E-1,0.E0));
#866=AXIS2_PLACEMENT_3D('',#863,#864,#865);
#868=CARTESIAN_POINT('',(0.E0,0.E0,4.95E1));
#869=DIRECTION('',(0.E0,0.E0,1.E0));
#870=DIRECTION('',(-8.812087866220E-1,-4.727272727273E-1,0.E0));
#871=AXIS2_PLACEMENT_3D('',#868,#869,#870);
#873=CARTESIAN_POINT('',(-4.846648326421E0,-2.6E0,4.95E1));
#874=DIRECTION('',(0.E0,0.E0,-1.E0));
#875=DIRECTION('',(0.E0,1.E0,0.E0));
#876=AXIS2_PLACEMENT_3D('',#873,#874,#875);
#878=DIRECTION('',(-1.E0,0.E0,0.E0));
#879=VECTOR('',#878,6.533516735789E-1);
#880=CARTESIAN_POINT('',(-4.846648326421E0,-2.1E0,4.95E1));
#881=LINE('',#880,#879);
#882=DIRECTION('',(0.E0,1.E0,0.E0));
#883=VECTOR('',#882,3.2E0);
#884=CARTESIAN_POINT('',(-6.E0,-1.6E0,4.95E1));
#885=LINE('',#884,#883);
#886=DIRECTION('',(1.E0,0.E0,0.E0));
#887=VECTOR('',#886,6.533516735789E-1);
#888=CARTESIAN_POINT('',(-5.5E0,2.1E0,4.95E1));
#889=LINE('',#888,#887);
#890=DIRECTION('',(0.E0,1.E0,0.E0));
#891=VECTOR('',#890,3.3E1);
#892=CARTESIAN_POINT('',(2.2E1,-1.65E1,4.9E1));
#893=LINE('',#892,#891);
#894=CARTESIAN_POINT('',(2.15E1,-1.65E1,4.9E1));
#895=DIRECTION('',(0.E0,-1.E0,0.E0));
#896=DIRECTION('',(1.E0,0.E0,0.E0));
#897=AXIS2_PLACEMENT_3D('',#894,#895,#896);
#899=DIRECTION('',(0.E0,0.E0,1.E0));
#900=VECTOR('',#899,2.E0);
#901=CARTESIAN_POINT('',(2.15E1,-1.65E1,4.95E1));
#902=LINE('',#901,#900);
#903=CARTESIAN_POINT('',(2.15E1,-1.65E1,4.9E1));
#904=DIRECTION('',(0.E0,-1.E0,0.E0));
#905=DIRECTION('',(1.E0,0.E0,0.E0));
#906=AXIS2_PLACEMENT_3D('',#903,#904,#905);
#908=DIRECTION('',(0.E0,1.E0,0.E0));
#909=VECTOR('',#908,3.3E1);
#910=CARTESIAN_POINT('',(2.4E1,-1.65E1,4.9E1));
#911=LINE('',#910,#909);
#912=CARTESIAN_POINT('',(2.15E1,1.65E1,4.9E1));
#913=DIRECTION('',(0.E0,-1.E0,0.E0));
#914=DIRECTION('',(1.E0,0.E0,0.E0));
#915=AXIS2_PLACEMENT_3D('',#912,#913,#914);
#917=DIRECTION('',(1.E0,0.E0,0.E0));
#918=VECTOR('',#917,2.E0);
#919=CARTESIAN_POINT('',(2.2E1,1.65E1,4.9E1));
#920=LINE('',#919,#918);
#921=CARTESIAN_POINT('',(2.15E1,1.65E1,4.9E1));
#922=DIRECTION('',(0.E0,-1.E0,0.E0));
#923=DIRECTION('',(1.E0,0.E0,0.E0));
#924=AXIS2_PLACEMENT_3D('',#921,#922,#923);
#926=DIRECTION('',(-1.E0,0.E0,0.E0));
#927=VECTOR('',#926,2.E0);
#928=CARTESIAN_POINT('',(2.4E1,1.65E1,4.E1));
#929=LINE('',#928,#927);
#930=DIRECTION('',(0.E0,0.E0,1.E0));
#931=VECTOR('',#930,9.E0);
#932=CARTESIAN_POINT('',(2.4E1,1.65E1,4.E1));
#933=LINE('',#932,#931);
#934=DIRECTION('',(0.E0,0.E0,1.E0));
#935=VECTOR('',#934,9.E0);
#936=CARTESIAN_POINT('',(2.2E1,1.65E1,4.E1));
#937=LINE('',#936,#935);
#938=CARTESIAN_POINT('',(2.2E1,1.35E1,4.15E1));
#939=DIRECTION('',(1.E0,0.E0,0.E0));
#940=DIRECTION('',(0.E0,1.E0,0.E0));
#941=AXIS2_PLACEMENT_3D('',#938,#939,#940);
#943=CARTESIAN_POINT('',(2.2E1,1.35E1,4.15E1));
#944=DIRECTION('',(1.E0,0.E0,0.E0));
#945=DIRECTION('',(0.E0,-1.E0,0.E0));
#946=AXIS2_PLACEMENT_3D('',#943,#944,#945);
#948=CARTESIAN_POINT('',(2.2E1,-1.35E1,4.15E1));
#949=DIRECTION('',(1.E0,0.E0,0.E0));
#950=DIRECTION('',(0.E0,1.E0,0.E0));
#951=AXIS2_PLACEMENT_3D('',#948,#949,#950);
#953=CARTESIAN_POINT('',(2.2E1,-1.35E1,4.15E1));
#954=DIRECTION('',(1.E0,0.E0,0.E0));
#955=DIRECTION('',(0.E0,-1.E0,0.E0));
#956=AXIS2_PLACEMENT_3D('',#953,#954,#955);
#958=CARTESIAN_POINT('',(2.2E1,-1.5E1,4.E1));
#959=DIRECTION('',(-1.E0,0.E0,0.E0));
#960=DIRECTION('',(0.E0,0.E0,-1.E0));
#961=AXIS2_PLACEMENT_3D('',#958,#959,#960);
#963=DIRECTION('',(0.E0,1.E0,0.E0));
#964=VECTOR('',#963,3.E1);
#965=CARTESIAN_POINT('',(2.2E1,-1.5E1,3.85E1));
#966=LINE('',#965,#964);
#967=CARTESIAN_POINT('',(2.2E1,1.5E1,4.E1));
#968=DIRECTION('',(-1.E0,0.E0,0.E0));
#969=DIRECTION('',(0.E0,1.E0,0.E0));
#970=AXIS2_PLACEMENT_3D('',#967,#968,#969);
#972=CARTESIAN_POINT('',(2.26E1,1.35E1,4.15E1));
#973=DIRECTION('',(-1.E0,0.E0,0.E0));
#974=DIRECTION('',(0.E0,-1.E0,0.E0));
#975=AXIS2_PLACEMENT_3D('',#972,#973,#974);
#977=DIRECTION('',(1.E0,1.262535869581E-8,9.356041985297E-8));
#978=VECTOR('',#977,5.999999924248E-1);
#979=CARTESIAN_POINT('',(2.2E1,1.22E1,4.15E1));
#980=LINE('',#979,#978);
#981=DIRECTION('',(-7.071067811865E-1,7.071067811865E-1,-5.016314462945E-8));
#982=VECTOR('',#981,1.979898968369E0);
#983=CARTESIAN_POINT('',(2.399999997902E1,1.080000002098E1,4.150000015545E1));
#984=LINE('',#983,#982);
#985=CARTESIAN_POINT('',(2.4E1,1.35E1,4.15E1));
#986=DIRECTION('',(-1.E0,0.E0,0.E0));
#987=DIRECTION('',(0.E0,1.E0,0.E0));
#988=AXIS2_PLACEMENT_3D('',#985,#986,#987);
#990=CARTESIAN_POINT('',(2.4E1,1.35E1,4.15E1));
#991=DIRECTION('',(-1.E0,0.E0,0.E0));
#992=DIRECTION('',(0.E0,-1.E0,0.E0));
#993=AXIS2_PLACEMENT_3D('',#990,#991,#992);
#995=CARTESIAN_POINT('',(2.4E1,-1.35E1,4.15E1));
#996=DIRECTION('',(-1.E0,0.E0,0.E0));
#997=DIRECTION('',(0.E0,1.E0,0.E0));
#998=AXIS2_PLACEMENT_3D('',#995,#996,#997);
#1000=CARTESIAN_POINT('',(2.4E1,-1.35E1,4.15E1));
#1001=DIRECTION('',(-1.E0,0.E0,0.E0));
#1002=DIRECTION('',(0.E0,-1.E0,0.E0));
#1003=AXIS2_PLACEMENT_3D('',#1000,#1001,#1002);
#1005=CARTESIAN_POINT('',(2.4E1,-1.5E1,4.E1));
#1006=DIRECTION('',(1.E0,0.E0,0.E0));
#1007=DIRECTION('',(0.E0,-1.E0,0.E0));
#1008=AXIS2_PLACEMENT_3D('',#1005,#1006,#1007);
#1010=CARTESIAN_POINT('',(2.4E1,1.5E1,4.E1));
#1011=DIRECTION('',(1.E0,0.E0,0.E0));
#1012=DIRECTION('',(0.E0,0.E0,-1.E0));
#1013=AXIS2_PLACEMENT_3D('',#1010,#1011,#1012);
#1015=DIRECTION('',(0.E0,1.E0,0.E0));
#1016=VECTOR('',#1015,3.E1);
#1017=CARTESIAN_POINT('',(2.4E1,-1.5E1,3.85E1));
#1018=LINE('',#1017,#1016);
#1019=DIRECTION('',(-7.071067811865E-1,-7.071067811865E-1,5.016315180702E-8));
#1020=VECTOR('',#1019,1.979898968369E0);
#1021=CARTESIAN_POINT('',(2.399999997902E1,1.619999997902E1,4.149999984455E1));
#1022=LINE('',#1021,#1020);
#1023=CARTESIAN_POINT('',(2.26E1,1.35E1,4.15E1));
#1024=DIRECTION('',(-1.E0,0.E0,0.E0));
#1025=DIRECTION('',(0.E0,1.E0,0.E0));
#1026=AXIS2_PLACEMENT_3D('',#1023,#1024,#1025);
#1028=DIRECTION('',(1.E0,-1.262535573522E-8,-9.356039616821E-8));
#1029=VECTOR('',#1028,5.999999924248E-1);
#1030=CARTESIAN_POINT('',(2.2E1,1.48E1,4.15E1));
#1031=LINE('',#1030,#1029);
#1032=DIRECTION('',(-7.071067811865E-1,-7.071067811865E-1,5.016315180702E-8));
#1033=VECTOR('',#1032,1.979898968369E0);
#1034=CARTESIAN_POINT('',(2.399999997902E1,-1.080000002098E1,4.149999984455E1));
#1035=LINE('',#1034,#1033);
#1036=DIRECTION('',(-7.071067811865E-1,7.071067811865E-1,-5.016314821824E-8));
#1037=VECTOR('',#1036,1.979898968369E0);
#1038=CARTESIAN_POINT('',(2.399999997902E1,-1.619999997902E1,4.150000015545E1));
#1039=LINE('',#1038,#1037);
#1040=CARTESIAN_POINT('',(2.26E1,-1.35E1,4.15E1));
#1041=DIRECTION('',(-1.E0,0.E0,0.E0));
#1042=DIRECTION('',(0.E0,-1.E0,0.E0));
#1043=AXIS2_PLACEMENT_3D('',#1040,#1041,#1042);
#1045=DIRECTION('',(1.E0,1.262535573522E-8,9.356039616821E-8));
#1046=VECTOR('',#1045,5.999999924248E-1);
#1047=CARTESIAN_POINT('',(2.2E1,-1.48E1,4.15E1));
#1048=LINE('',#1047,#1046);
#1049=CARTESIAN_POINT('',(2.26E1,-1.35E1,4.15E1));
#1050=DIRECTION('',(-1.E0,0.E0,0.E0));
#1051=DIRECTION('',(0.E0,1.E0,0.E0));
#1052=AXIS2_PLACEMENT_3D('',#1049,#1050,#1051);
#1054=DIRECTION('',(1.E0,-1.262535869581E-8,-9.356040801059E-8));
#1055=VECTOR('',#1054,5.999999924248E-1);
#1056=CARTESIAN_POINT('',(2.2E1,-1.22E1,4.15E1));
#1057=LINE('',#1056,#1055);
#1058=DIRECTION('',(-1.E0,0.E0,0.E0));
#1059=VECTOR('',#1058,2.E0);
#1060=CARTESIAN_POINT('',(2.4E1,-1.65E1,4.E1));
#1061=LINE('',#1060,#1059);
#1062=DIRECTION('',(0.E0,0.E0,1.E0));
#1063=VECTOR('',#1062,9.E0);
#1064=CARTESIAN_POINT('',(2.2E1,-1.65E1,4.E1));
#1065=LINE('',#1064,#1063);
#1066=DIRECTION('',(1.E0,0.E0,0.E0));
#1067=VECTOR('',#1066,2.E0);
#1068=CARTESIAN_POINT('',(2.2E1,-1.65E1,4.9E1));
#1069=LINE('',#1068,#1067);
#1070=DIRECTION('',(0.E0,0.E0,1.E0));
#1071=VECTOR('',#1070,9.E0);
#1072=CARTESIAN_POINT('',(2.4E1,-1.65E1,4.E1));
#1073=LINE('',#1072,#1071);
#1074=DIRECTION('',(-1.E0,0.E0,0.E0));
#1075=VECTOR('',#1074,2.E0);
#1076=CARTESIAN_POINT('',(2.4E1,-1.5E1,3.85E1));
#1077=LINE('',#1076,#1075);
#1078=DIRECTION('',(-1.E0,0.E0,0.E0));
#1079=VECTOR('',#1078,2.E0);
#1080=CARTESIAN_POINT('',(2.4E1,1.5E1,3.85E1));
#1081=LINE('',#1080,#1079);
#1082=DIRECTION('',(-1.E0,0.E0,0.E0));
#1083=VECTOR('',#1082,4.3E1);
#1084=CARTESIAN_POINT('',(2.15E1,1.65E1,4.95E1));
#1085=LINE('',#1084,#1083);
#1086=DIRECTION('',(0.E0,0.E0,1.E0));
#1087=VECTOR('',#1086,2.E0);
#1088=CARTESIAN_POINT('',(2.15E1,1.65E1,4.95E1));
#1089=LINE('',#1088,#1087);
#1090=DIRECTION('',(-1.E0,0.E0,0.E0));
#1091=VECTOR('',#1090,4.3E1);
#1092=CARTESIAN_POINT('',(2.15E1,1.65E1,5.15E1));
#1093=LINE('',#1092,#1091);
#1094=DIRECTION('',(0.E0,0.E0,-1.E0));
#1095=VECTOR('',#1094,2.E0);
#1096=CARTESIAN_POINT('',(-1.25E0,1.1E1,5.15E1));
#1097=LINE('',#1096,#1095);
#1098=DIRECTION('',(0.E0,0.E0,-1.E0));
#1099=VECTOR('',#1098,2.E0);
#1100=CARTESIAN_POINT('',(1.25E0,1.1E1,5.15E1));
#1101=LINE('',#1100,#1099);
#1102=DIRECTION('',(0.E0,0.E0,-1.E0));
#1103=VECTOR('',#1102,2.E0);
#1104=CARTESIAN_POINT('',(-8.662058069535E0,6.894291116569E0,5.15E1));
#1105=LINE('',#1104,#1103);
#1106=DIRECTION('',(0.E0,0.E0,-1.E0));
#1107=VECTOR('',#1106,2.E0);
#1108=CARTESIAN_POINT('',(-6.894291116569E0,8.662058069535E0,5.15E1));
#1109=LINE('',#1108,#1107);
#1110=DIRECTION('',(0.E0,0.E0,-1.E0));
#1111=VECTOR('',#1110,2.E0);
#1112=CARTESIAN_POINT('',(-1.1E1,-1.25E0,5.15E1));
#1113=LINE('',#1112,#1111);
#1114=DIRECTION('',(0.E0,0.E0,-1.E0));
#1115=VECTOR('',#1114,2.E0);
#1116=CARTESIAN_POINT('',(-1.1E1,1.25E0,5.15E1));
#1117=LINE('',#1116,#1115);
#1118=DIRECTION('',(0.E0,0.E0,-1.E0));
#1119=VECTOR('',#1118,2.E0);
#1120=CARTESIAN_POINT('',(-6.894291116569E0,-8.662058069535E0,5.15E1));
#1121=LINE('',#1120,#1119);
#1122=DIRECTION('',(0.E0,0.E0,-1.E0));
#1123=VECTOR('',#1122,2.E0);
#1124=CARTESIAN_POINT('',(-8.662058069535E0,-6.894291116569E0,5.15E1));
#1125=LINE('',#1124,#1123);
#1126=DIRECTION('',(0.E0,0.E0,-1.E0));
#1127=VECTOR('',#1126,2.E0);
#1128=CARTESIAN_POINT('',(1.25E0,-1.1E1,5.15E1));
#1129=LINE('',#1128,#1127);
#1130=DIRECTION('',(0.E0,0.E0,-1.E0));
#1131=VECTOR('',#1130,2.E0);
#1132=CARTESIAN_POINT('',(-1.25E0,-1.1E1,5.15E1));
#1133=LINE('',#1132,#1131);
#1134=DIRECTION('',(0.E0,0.E0,-1.E0));
#1135=VECTOR('',#1134,2.E0);
#1136=CARTESIAN_POINT('',(8.662058069535E0,-6.894291116569E0,5.15E1));
#1137=LINE('',#1136,#1135);
#1138=DIRECTION('',(0.E0,0.E0,-1.E0));
#1139=VECTOR('',#1138,2.E0);
#1140=CARTESIAN_POINT('',(6.894291116569E0,-8.662058069535E0,5.15E1));
#1141=LINE('',#1140,#1139);
#1142=DIRECTION('',(0.E0,0.E0,-1.E0));
#1143=VECTOR('',#1142,2.E0);
#1144=CARTESIAN_POINT('',(1.1E1,1.25E0,5.15E1));
#1145=LINE('',#1144,#1143);
#1146=DIRECTION('',(0.E0,0.E0,-1.E0));
#1147=VECTOR('',#1146,2.E0);
#1148=CARTESIAN_POINT('',(1.1E1,-1.25E0,5.15E1));
#1149=LINE('',#1148,#1147);
#1150=DIRECTION('',(0.E0,0.E0,-1.E0));
#1151=VECTOR('',#1150,2.E0);
#1152=CARTESIAN_POINT('',(6.894291116569E0,8.662058069535E0,5.15E1));
#1153=LINE('',#1152,#1151);
#1154=DIRECTION('',(0.E0,0.E0,-1.E0));
#1155=VECTOR('',#1154,2.E0);
#1156=CARTESIAN_POINT('',(8.662058069535E0,6.894291116569E0,5.15E1));
#1157=LINE('',#1156,#1155);
#1158=DIRECTION('',(0.E0,0.E0,1.E0));
#1159=VECTOR('',#1158,1.725E0);
#1160=CARTESIAN_POINT('',(2.475E0,8.E0,4.95E1));
#1161=LINE('',#1160,#1159);
#1162=DIRECTION('',(0.E0,0.E0,1.E0));
#1163=VECTOR('',#1162,1.725E0);
#1164=CARTESIAN_POINT('',(4.525E0,8.E0,4.95E1));
#1165=LINE('',#1164,#1163);
#1166=DIRECTION('',(7.071067811866E-1,0.E0,7.071067811865E-1));
#1167=VECTOR('',#1166,3.889087296526E-1);
#1168=CARTESIAN_POINT('',(4.525E0,8.E0,5.1225E1));
#1169=LINE('',#1168,#1167);
#1170=CARTESIAN_POINT('',(3.5E0,8.E0,5.1225E1));
#1171=DIRECTION('',(0.E0,0.E0,-1.E0));
#1172=DIRECTION('',(-1.E0,0.E0,0.E0));
#1173=AXIS2_PLACEMENT_3D('',#1170,#1171,#1172);
#1175=DIRECTION('',(-7.071067811866E-1,0.E0,7.071067811865E-1));
#1176=VECTOR('',#1175,3.889087296526E-1);
#1177=CARTESIAN_POINT('',(2.475E0,8.E0,5.1225E1));
#1178=LINE('',#1177,#1176);
#1179=CARTESIAN_POINT('',(3.5E0,8.E0,5.1225E1));
#1180=DIRECTION('',(0.E0,0.E0,1.E0));
#1181=DIRECTION('',(-1.E0,0.E0,0.E0));
#1182=AXIS2_PLACEMENT_3D('',#1179,#1180,#1181);
#1184=DIRECTION('',(0.E0,0.E0,1.E0));
#1185=VECTOR('',#1184,1.725E0);
#1186=CARTESIAN_POINT('',(-8.E0,2.475E0,4.95E1));
#1187=LINE('',#1186,#1185);
#1188=DIRECTION('',(0.E0,0.E0,1.E0));
#1189=VECTOR('',#1188,1.725E0);
#1190=CARTESIAN_POINT('',(-8.E0,4.525E0,4.95E1));
#1191=LINE('',#1190,#1189);
#1192=DIRECTION('',(0.E0,7.071067811866E-1,7.071067811865E-1));
#1193=VECTOR('',#1192,3.889087296526E-1);
#1194=CARTESIAN_POINT('',(-8.E0,4.525E0,5.1225E1));
#1195=LINE('',#1194,#1193);
#1196=CARTESIAN_POINT('',(-8.E0,3.5E0,5.1225E1));
#1197=DIRECTION('',(0.E0,0.E0,-1.E0));
#1198=DIRECTION('',(0.E0,-1.E0,0.E0));
#1199=AXIS2_PLACEMENT_3D('',#1196,#1197,#1198);
#1201=DIRECTION('',(0.E0,-7.071067811866E-1,7.071067811865E-1));
#1202=VECTOR('',#1201,3.889087296526E-1);
#1203=CARTESIAN_POINT('',(-8.E0,2.475E0,5.1225E1));
#1204=LINE('',#1203,#1202);
#1205=CARTESIAN_POINT('',(-8.E0,3.5E0,5.1225E1));
#1206=DIRECTION('',(0.E0,0.E0,1.E0));
#1207=DIRECTION('',(0.E0,-1.E0,0.E0));
#1208=AXIS2_PLACEMENT_3D('',#1205,#1206,#1207);
#1210=DIRECTION('',(0.E0,0.E0,1.E0));
#1211=VECTOR('',#1210,1.725E0);
#1212=CARTESIAN_POINT('',(-2.475E0,-8.E0,4.95E1));
#1213=LINE('',#1212,#1211);
#1214=DIRECTION('',(0.E0,0.E0,1.E0));
#1215=VECTOR('',#1214,1.725E0);
#1216=CARTESIAN_POINT('',(-4.525E0,-8.E0,4.95E1));
#1217=LINE('',#1216,#1215);
#1218=DIRECTION('',(-7.071067811866E-1,0.E0,7.071067811865E-1));
#1219=VECTOR('',#1218,3.889087296526E-1);
#1220=CARTESIAN_POINT('',(-4.525E0,-8.E0,5.1225E1));
#1221=LINE('',#1220,#1219);
#1222=CARTESIAN_POINT('',(-3.5E0,-8.E0,5.1225E1));
#1223=DIRECTION('',(0.E0,0.E0,-1.E0));
#1224=DIRECTION('',(1.E0,0.E0,0.E0));
#1225=AXIS2_PLACEMENT_3D('',#1222,#1223,#1224);
#1227=DIRECTION('',(7.071067811866E-1,0.E0,7.071067811865E-1));
#1228=VECTOR('',#1227,3.889087296526E-1);
#1229=CARTESIAN_POINT('',(-2.475E0,-8.E0,5.1225E1));
#1230=LINE('',#1229,#1228);
#1231=CARTESIAN_POINT('',(-3.5E0,-8.E0,5.1225E1));
#1232=DIRECTION('',(0.E0,0.E0,1.E0));
#1233=DIRECTION('',(1.E0,0.E0,0.E0));
#1234=AXIS2_PLACEMENT_3D('',#1231,#1232,#1233);
#1236=DIRECTION('',(0.E0,0.E0,1.E0));
#1237=VECTOR('',#1236,1.725E0);
#1238=CARTESIAN_POINT('',(8.E0,-2.475E0,4.95E1));
#1239=LINE('',#1238,#1237);
#1240=DIRECTION('',(0.E0,0.E0,1.E0));
#1241=VECTOR('',#1240,1.725E0);
#1242=CARTESIAN_POINT('',(8.E0,-4.525E0,4.95E1));
#1243=LINE('',#1242,#1241);
#1244=DIRECTION('',(0.E0,-7.071067811866E-1,7.071067811865E-1));
#1245=VECTOR('',#1244,3.889087296526E-1);
#1246=CARTESIAN_POINT('',(8.E0,-4.525E0,5.1225E1));
#1247=LINE('',#1246,#1245);
#1248=CARTESIAN_POINT('',(8.E0,-3.5E0,5.1225E1));
#1249=DIRECTION('',(0.E0,0.E0,-1.E0));
#1250=DIRECTION('',(0.E0,1.E0,0.E0));
#1251=AXIS2_PLACEMENT_3D('',#1248,#1249,#1250);
#1253=DIRECTION('',(0.E0,7.071067811866E-1,7.071067811865E-1));
#1254=VECTOR('',#1253,3.889087296526E-1);
#1255=CARTESIAN_POINT('',(8.E0,-2.475E0,5.1225E1));
#1256=LINE('',#1255,#1254);
#1257=CARTESIAN_POINT('',(8.E0,-3.5E0,5.1225E1));
#1258=DIRECTION('',(0.E0,0.E0,1.E0));
#1259=DIRECTION('',(0.E0,1.E0,0.E0));
#1260=AXIS2_PLACEMENT_3D('',#1257,#1258,#1259);
#1262=DIRECTION('',(0.E0,0.E0,-1.E0));
#1263=VECTOR('',#1262,2.E0);
#1264=CARTESIAN_POINT('',(-4.75E0,8.E0,5.15E1));
#1265=LINE('',#1264,#1263);
#1266=DIRECTION('',(0.E0,0.E0,-1.E0));
#1267=VECTOR('',#1266,2.E0);
#1268=CARTESIAN_POINT('',(-2.25E0,8.E0,5.15E1));
#1269=LINE('',#1268,#1267);
#1270=DIRECTION('',(0.E0,0.E0,-1.E0));
#1271=VECTOR('',#1270,2.E0);
#1272=CARTESIAN_POINT('',(-8.E0,-4.75E0,5.15E1));
#1273=LINE('',#1272,#1271);
#1274=DIRECTION('',(0.E0,0.E0,-1.E0));
#1275=VECTOR('',#1274,2.E0);
#1276=CARTESIAN_POINT('',(-8.E0,-2.25E0,5.15E1));
#1277=LINE('',#1276,#1275);
#1278=DIRECTION('',(0.E0,0.E0,-1.E0));
#1279=VECTOR('',#1278,2.E0);
#1280=CARTESIAN_POINT('',(4.75E0,-8.E0,5.15E1));
#1281=LINE('',#1280,#1279);
#1282=DIRECTION('',(0.E0,0.E0,-1.E0));
#1283=VECTOR('',#1282,2.E0);
#1284=CARTESIAN_POINT('',(2.25E0,-8.E0,5.15E1));
#1285=LINE('',#1284,#1283);
#1286=DIRECTION('',(0.E0,0.E0,-1.E0));
#1287=VECTOR('',#1286,2.E0);
#1288=CARTESIAN_POINT('',(8.E0,4.75E0,5.15E1));
#1289=LINE('',#1288,#1287);
#1290=DIRECTION('',(0.E0,0.E0,-1.E0));
#1291=VECTOR('',#1290,2.E0);
#1292=CARTESIAN_POINT('',(8.E0,2.25E0,5.15E1));
#1293=LINE('',#1292,#1291);
#1294=DIRECTION('',(0.E0,0.E0,1.E0));
#1295=VECTOR('',#1294,1.675E0);
#1296=CARTESIAN_POINT('',(9.975E0,6.E0,4.95E1));
#1297=LINE('',#1296,#1295);
#1298=DIRECTION('',(0.E0,0.E0,1.E0));
#1299=VECTOR('',#1298,1.675E0);
#1300=CARTESIAN_POINT('',(1.2025E1,6.E0,4.95E1));
#1301=LINE('',#1300,#1299);
#1302=DIRECTION('',(7.071067811865E-1,0.E0,7.071067811865E-1));
#1303=VECTOR('',#1302,4.596194077712E-1);
#1304=CARTESIAN_POINT('',(1.2025E1,6.E0,5.1175E1));
#1305=LINE('',#1304,#1303);
#1306=CARTESIAN_POINT('',(1.1E1,6.E0,5.1175E1));
#1307=DIRECTION('',(0.E0,0.E0,-1.E0));
#1308=DIRECTION('',(-1.E0,0.E0,0.E0));
#1309=AXIS2_PLACEMENT_3D('',#1306,#1307,#1308);
#1311=DIRECTION('',(-7.071067811865E-1,0.E0,7.071067811865E-1));
#1312=VECTOR('',#1311,4.596194077713E-1);
#1313=CARTESIAN_POINT('',(9.975E0,6.E0,5.1175E1));
#1314=LINE('',#1313,#1312);
#1315=CARTESIAN_POINT('',(1.1E1,6.E0,5.1175E1));
#1316=DIRECTION('',(0.E0,0.E0,1.E0));
#1317=DIRECTION('',(-1.E0,0.E0,0.E0));
#1318=AXIS2_PLACEMENT_3D('',#1315,#1316,#1317);
#1320=DIRECTION('',(0.E0,0.E0,1.E0));
#1321=VECTOR('',#1320,1.675E0);
#1322=CARTESIAN_POINT('',(-6.E0,9.975E0,4.95E1));
#1323=LINE('',#1322,#1321);
#1324=DIRECTION('',(0.E0,0.E0,1.E0));
#1325=VECTOR('',#1324,1.675E0);
#1326=CARTESIAN_POINT('',(-6.E0,1.2025E1,4.95E1));
#1327=LINE('',#1326,#1325);
#1328=DIRECTION('',(0.E0,7.071067811865E-1,7.071067811865E-1));
#1329=VECTOR('',#1328,4.596194077712E-1);
#1330=CARTESIAN_POINT('',(-6.E0,1.2025E1,5.1175E1));
#1331=LINE('',#1330,#1329);
#1332=CARTESIAN_POINT('',(-6.E0,1.1E1,5.1175E1));
#1333=DIRECTION('',(0.E0,0.E0,-1.E0));
#1334=DIRECTION('',(0.E0,-1.E0,0.E0));
#1335=AXIS2_PLACEMENT_3D('',#1332,#1333,#1334);
#1337=DIRECTION('',(0.E0,-7.071067811865E-1,7.071067811865E-1));
#1338=VECTOR('',#1337,4.596194077713E-1);
#1339=CARTESIAN_POINT('',(-6.E0,9.975E0,5.1175E1));
#1340=LINE('',#1339,#1338);
#1341=CARTESIAN_POINT('',(-6.E0,1.1E1,5.1175E1));
#1342=DIRECTION('',(0.E0,0.E0,1.E0));
#1343=DIRECTION('',(0.E0,-1.E0,0.E0));
#1344=AXIS2_PLACEMENT_3D('',#1341,#1342,#1343);
#1346=DIRECTION('',(0.E0,0.E0,1.E0));
#1347=VECTOR('',#1346,1.675E0);
#1348=CARTESIAN_POINT('',(-9.975E0,-6.E0,4.95E1));
#1349=LINE('',#1348,#1347);
#1350=DIRECTION('',(0.E0,0.E0,1.E0));
#1351=VECTOR('',#1350,1.675E0);
#1352=CARTESIAN_POINT('',(-1.2025E1,-6.E0,4.95E1));
#1353=LINE('',#1352,#1351);
#1354=DIRECTION('',(-7.071067811865E-1,0.E0,7.071067811865E-1));
#1355=VECTOR('',#1354,4.596194077712E-1);
#1356=CARTESIAN_POINT('',(-1.2025E1,-6.E0,5.1175E1));
#1357=LINE('',#1356,#1355);
#1358=CARTESIAN_POINT('',(-1.1E1,-6.E0,5.1175E1));
#1359=DIRECTION('',(0.E0,0.E0,-1.E0));
#1360=DIRECTION('',(1.E0,0.E0,0.E0));
#1361=AXIS2_PLACEMENT_3D('',#1358,#1359,#1360);
#1363=DIRECTION('',(7.071067811865E-1,0.E0,7.071067811865E-1));
#1364=VECTOR('',#1363,4.596194077713E-1);
#1365=CARTESIAN_POINT('',(-9.975E0,-6.E0,5.1175E1));
#1366=LINE('',#1365,#1364);
#1367=CARTESIAN_POINT('',(-1.1E1,-6.E0,5.1175E1));
#1368=DIRECTION('',(0.E0,0.E0,1.E0));
#1369=DIRECTION('',(1.E0,0.E0,0.E0));
#1370=AXIS2_PLACEMENT_3D('',#1367,#1368,#1369);
#1372=DIRECTION('',(0.E0,0.E0,1.E0));
#1373=VECTOR('',#1372,1.675E0);
#1374=CARTESIAN_POINT('',(6.E0,-9.975E0,4.95E1));
#1375=LINE('',#1374,#1373);
#1376=DIRECTION('',(0.E0,0.E0,1.E0));
#1377=VECTOR('',#1376,1.675E0);
#1378=CARTESIAN_POINT('',(6.E0,-1.2025E1,4.95E1));
#1379=LINE('',#1378,#1377);
#1380=DIRECTION('',(0.E0,-7.071067811865E-1,7.071067811865E-1));
#1381=VECTOR('',#1380,4.596194077712E-1);
#1382=CARTESIAN_POINT('',(6.E0,-1.2025E1,5.1175E1));
#1383=LINE('',#1382,#1381);
#1384=CARTESIAN_POINT('',(6.E0,-1.1E1,5.1175E1));
#1385=DIRECTION('',(0.E0,0.E0,-1.E0));
#1386=DIRECTION('',(0.E0,1.E0,0.E0));
#1387=AXIS2_PLACEMENT_3D('',#1384,#1385,#1386);
#1389=DIRECTION('',(0.E0,7.071067811866E-1,7.071067811865E-1));
#1390=VECTOR('',#1389,4.596194077713E-1);
#1391=CARTESIAN_POINT('',(6.E0,-9.975E0,5.1175E1));
#1392=LINE('',#1391,#1390);
#1393=CARTESIAN_POINT('',(6.E0,-1.1E1,5.1175E1));
#1394=DIRECTION('',(0.E0,0.E0,1.E0));
#1395=DIRECTION('',(0.E0,1.E0,0.E0));
#1396=AXIS2_PLACEMENT_3D('',#1393,#1394,#1395);
#1398=DIRECTION('',(0.E0,0.E0,-1.E0));
#1399=VECTOR('',#1398,2.E0);
#1400=CARTESIAN_POINT('',(4.75E0,1.1E1,5.15E1));
#1401=LINE('',#1400,#1399);
#1402=DIRECTION('',(0.E0,0.E0,-1.E0));
#1403=VECTOR('',#1402,2.E0);
#1404=CARTESIAN_POINT('',(7.25E0,1.1E1,5.15E1));
#1405=LINE('',#1404,#1403);
#1406=DIRECTION('',(0.E0,0.E0,-1.E0));
#1407=VECTOR('',#1406,2.E0);
#1408=CARTESIAN_POINT('',(-1.1E1,4.75E0,5.15E1));
#1409=LINE('',#1408,#1407);
#1410=DIRECTION('',(0.E0,0.E0,-1.E0));
#1411=VECTOR('',#1410,2.E0);
#1412=CARTESIAN_POINT('',(-1.1E1,7.25E0,5.15E1));
#1413=LINE('',#1412,#1411);
#1414=DIRECTION('',(0.E0,0.E0,-1.E0));
#1415=VECTOR('',#1414,2.E0);
#1416=CARTESIAN_POINT('',(-4.75E0,-1.1E1,5.15E1));
#1417=LINE('',#1416,#1415);
#1418=DIRECTION('',(0.E0,0.E0,-1.E0));
#1419=VECTOR('',#1418,2.E0);
#1420=CARTESIAN_POINT('',(-7.25E0,-1.1E1,5.15E1));
#1421=LINE('',#1420,#1419);
#1422=DIRECTION('',(0.E0,0.E0,-1.E0));
#1423=VECTOR('',#1422,2.E0);
#1424=CARTESIAN_POINT('',(1.1E1,-4.75E0,5.15E1));
#1425=LINE('',#1424,#1423);
#1426=DIRECTION('',(0.E0,0.E0,-1.E0));
#1427=VECTOR('',#1426,2.E0);
#1428=CARTESIAN_POINT('',(1.1E1,-7.25E0,5.15E1));
#1429=LINE('',#1428,#1427);
#1430=DIRECTION('',(0.E0,0.E0,1.E0));
#1431=VECTOR('',#1430,1.675E0);
#1432=CARTESIAN_POINT('',(1.4975E1,8.E0,4.95E1));
#1433=LINE('',#1432,#1431);
#1434=DIRECTION('',(0.E0,0.E0,1.E0));
#1435=VECTOR('',#1434,1.675E0);
#1436=CARTESIAN_POINT('',(1.7025E1,8.E0,4.95E1));
#1437=LINE('',#1436,#1435);
#1438=DIRECTION('',(7.071067811865E-1,0.E0,7.071067811865E-1));
#1439=VECTOR('',#1438,4.596194077712E-1);
#1440=CARTESIAN_POINT('',(1.7025E1,8.E0,5.1175E1));
#1441=LINE('',#1440,#1439);
#1442=CARTESIAN_POINT('',(1.6E1,8.E0,5.1175E1));
#1443=DIRECTION('',(0.E0,0.E0,-1.E0));
#1444=DIRECTION('',(-1.E0,0.E0,0.E0));
#1445=AXIS2_PLACEMENT_3D('',#1442,#1443,#1444);
#1447=DIRECTION('',(-7.071067811865E-1,0.E0,7.071067811865E-1));
#1448=VECTOR('',#1447,4.596194077712E-1);
#1449=CARTESIAN_POINT('',(1.4975E1,8.E0,5.1175E1));
#1450=LINE('',#1449,#1448);
#1451=CARTESIAN_POINT('',(1.6E1,8.E0,5.1175E1));
#1452=DIRECTION('',(0.E0,0.E0,1.E0));
#1453=DIRECTION('',(-1.E0,0.E0,0.E0));
#1454=AXIS2_PLACEMENT_3D('',#1451,#1452,#1453);
#1456=DIRECTION('',(0.E0,0.E0,1.E0));
#1457=VECTOR('',#1456,1.675E0);
#1458=CARTESIAN_POINT('',(-1.7025E1,8.E0,4.95E1));
#1459=LINE('',#1458,#1457);
#1460=DIRECTION('',(0.E0,0.E0,1.E0));
#1461=VECTOR('',#1460,1.675E0);
#1462=CARTESIAN_POINT('',(-1.4975E1,8.E0,4.95E1));
#1463=LINE('',#1462,#1461);
#1464=DIRECTION('',(7.071067811865E-1,0.E0,7.071067811865E-1));
#1465=VECTOR('',#1464,4.596194077712E-1);
#1466=CARTESIAN_POINT('',(-1.4975E1,8.E0,5.1175E1));
#1467=LINE('',#1466,#1465);
#1468=CARTESIAN_POINT('',(-1.6E1,8.E0,5.1175E1));
#1469=DIRECTION('',(0.E0,0.E0,-1.E0));
#1470=DIRECTION('',(-1.E0,0.E0,0.E0));
#1471=AXIS2_PLACEMENT_3D('',#1468,#1469,#1470);
#1473=DIRECTION('',(-7.071067811865E-1,0.E0,7.071067811866E-1));
#1474=VECTOR('',#1473,4.596194077712E-1);
#1475=CARTESIAN_POINT('',(-1.7025E1,8.E0,5.1175E1));
#1476=LINE('',#1475,#1474);
#1477=CARTESIAN_POINT('',(-1.6E1,8.E0,5.1175E1));
#1478=DIRECTION('',(0.E0,0.E0,1.E0));
#1479=DIRECTION('',(-1.E0,0.E0,0.E0));
#1480=AXIS2_PLACEMENT_3D('',#1477,#1478,#1479);
#1482=DIRECTION('',(0.E0,0.E0,1.E0));
#1483=VECTOR('',#1482,1.675E0);
#1484=CARTESIAN_POINT('',(1.4975E1,-8.E0,4.95E1));
#1485=LINE('',#1484,#1483);
#1486=DIRECTION('',(0.E0,0.E0,1.E0));
#1487=VECTOR('',#1486,1.675E0);
#1488=CARTESIAN_POINT('',(1.7025E1,-8.E0,4.95E1));
#1489=LINE('',#1488,#1487);
#1490=DIRECTION('',(7.071067811865E-1,0.E0,7.071067811865E-1));
#1491=VECTOR('',#1490,4.596194077712E-1);
#1492=CARTESIAN_POINT('',(1.7025E1,-8.E0,5.1175E1));
#1493=LINE('',#1492,#1491);
#1494=CARTESIAN_POINT('',(1.6E1,-8.E0,5.1175E1));
#1495=DIRECTION('',(0.E0,0.E0,-1.E0));
#1496=DIRECTION('',(-1.E0,0.E0,0.E0));
#1497=AXIS2_PLACEMENT_3D('',#1494,#1495,#1496);
#1499=DIRECTION('',(-7.071067811865E-1,0.E0,7.071067811865E-1));
#1500=VECTOR('',#1499,4.596194077712E-1);
#1501=CARTESIAN_POINT('',(1.4975E1,-8.E0,5.1175E1));
#1502=LINE('',#1501,#1500);
#1503=CARTESIAN_POINT('',(1.6E1,-8.E0,5.1175E1));
#1504=DIRECTION('',(0.E0,0.E0,1.E0));
#1505=DIRECTION('',(-1.E0,0.E0,0.E0));
#1506=AXIS2_PLACEMENT_3D('',#1503,#1504,#1505);
#1508=DIRECTION('',(0.E0,0.E0,1.E0));
#1509=VECTOR('',#1508,1.675E0);
#1510=CARTESIAN_POINT('',(-1.7025E1,-8.E0,4.95E1));
#1511=LINE('',#1510,#1509);
#1512=DIRECTION('',(0.E0,0.E0,1.E0));
#1513=VECTOR('',#1512,1.675E0);
#1514=CARTESIAN_POINT('',(-1.4975E1,-8.E0,4.95E1));
#1515=LINE('',#1514,#1513);
#1516=DIRECTION('',(7.071067811865E-1,0.E0,7.071067811865E-1));
#1517=VECTOR('',#1516,4.596194077712E-1);
#1518=CARTESIAN_POINT('',(-1.4975E1,-8.E0,5.1175E1));
#1519=LINE('',#1518,#1517);
#1520=CARTESIAN_POINT('',(-1.6E1,-8.E0,5.1175E1));
#1521=DIRECTION('',(0.E0,0.E0,-1.E0));
#1522=DIRECTION('',(-1.E0,0.E0,0.E0));
#1523=AXIS2_PLACEMENT_3D('',#1520,#1521,#1522);
#1525=DIRECTION('',(-7.071067811865E-1,0.E0,7.071067811866E-1));
#1526=VECTOR('',#1525,4.596194077712E-1);
#1527=CARTESIAN_POINT('',(-1.7025E1,-8.E0,5.1175E1));
#1528=LINE('',#1527,#1526);
#1529=CARTESIAN_POINT('',(-1.6E1,-8.E0,5.1175E1));
#1530=DIRECTION('',(0.E0,0.E0,1.E0));
#1531=DIRECTION('',(-1.E0,0.E0,0.E0));
#1532=AXIS2_PLACEMENT_3D('',#1529,#1530,#1531);
#1534=DIRECTION('',(0.E0,0.E0,-1.E0));
#1535=VECTOR('',#1534,2.E0);
#1536=CARTESIAN_POINT('',(-4.846648326421E0,2.1E0,5.15E1));
#1537=LINE('',#1536,#1535);
#1538=DIRECTION('',(0.E0,0.E0,1.E0));
#1539=VECTOR('',#1538,2.E0);
#1540=CARTESIAN_POINT('',(-5.5E0,2.1E0,4.95E1));
#1541=LINE('',#1540,#1539);
#1542=CARTESIAN_POINT('',(-5.5E0,1.6E0,4.95E1));
#1543=DIRECTION('',(0.E0,0.E0,1.E0));
#1544=DIRECTION('',(0.E0,1.E0,0.E0));
#1545=AXIS2_PLACEMENT_3D('',#1542,#1543,#1544);
#1547=CARTESIAN_POINT('',(-5.5E0,1.6E0,5.15E1));
#1548=DIRECTION('',(0.E0,0.E0,-1.E0));
#1549=DIRECTION('',(-1.E0,0.E0,0.E0));
#1550=AXIS2_PLACEMENT_3D('',#1547,#1548,#1549);
#1552=DIRECTION('',(0.E0,0.E0,1.E0));
#1553=VECTOR('',#1552,2.E0);
#1554=CARTESIAN_POINT('',(-6.E0,1.6E0,4.95E1));
#1555=LINE('',#1554,#1553);
#1556=DIRECTION('',(0.E0,0.E0,1.E0));
#1557=VECTOR('',#1556,2.E0);
#1558=CARTESIAN_POINT('',(-6.E0,-1.6E0,4.95E1));
#1559=LINE('',#1558,#1557);
#1560=CARTESIAN_POINT('',(-5.5E0,-1.6E0,4.95E1));
#1561=DIRECTION('',(0.E0,0.E0,1.E0));
#1562=DIRECTION('',(-1.E0,0.E0,0.E0));
#1563=AXIS2_PLACEMENT_3D('',#1560,#1561,#1562);
#1565=CARTESIAN_POINT('',(-5.5E0,-1.6E0,5.15E1));
#1566=DIRECTION('',(0.E0,0.E0,-1.E0));
#1567=DIRECTION('',(0.E0,-1.E0,0.E0));
#1568=AXIS2_PLACEMENT_3D('',#1565,#1566,#1567);
#1570=DIRECTION('',(0.E0,0.E0,-1.E0));
#1571=VECTOR('',#1570,2.E0);
#1572=CARTESIAN_POINT('',(-4.846648326421E0,-2.1E0,5.15E1));
#1573=LINE('',#1572,#1571);
#1574=DIRECTION('',(0.E0,0.E0,1.E0));
#1575=VECTOR('',#1574,2.E0);
#1576=CARTESIAN_POINT('',(-5.5E0,-2.1E0,4.95E1));
#1577=LINE('',#1576,#1575);
#1578=DIRECTION('',(0.E0,0.E0,-1.E0));
#1579=VECTOR('',#1578,2.E0);
#1580=CARTESIAN_POINT('',(4.406043933110E0,-2.363636363636E0,5.15E1));
#1581=LINE('',#1580,#1579);
#1582=DIRECTION('',(0.E0,0.E0,-1.E0));
#1583=VECTOR('',#1582,2.E0);
#1584=CARTESIAN_POINT('',(-4.406043933110E0,-2.363636363636E0,5.15E1));
#1585=LINE('',#1584,#1583);
#1586=DIRECTION('',(0.E0,0.E0,-1.E0));
#1587=VECTOR('',#1586,2.E0);
#1588=CARTESIAN_POINT('',(4.846648326421E0,-2.1E0,5.15E1));
#1589=LINE('',#1588,#1587);
#1590=DIRECTION('',(0.E0,0.E0,1.E0));
#1591=VECTOR('',#1590,2.E0);
#1592=CARTESIAN_POINT('',(5.5E0,-2.1E0,4.95E1));
#1593=LINE('',#1592,#1591);
#1594=CARTESIAN_POINT('',(5.5E0,-1.6E0,4.95E1));
#1595=DIRECTION('',(0.E0,0.E0,1.E0));
#1596=DIRECTION('',(0.E0,-1.E0,0.E0));
#1597=AXIS2_PLACEMENT_3D('',#1594,#1595,#1596);
#1599=CARTESIAN_POINT('',(5.5E0,-1.6E0,5.15E1));
#1600=DIRECTION('',(0.E0,0.E0,-1.E0));
#1601=DIRECTION('',(1.E0,0.E0,0.E0));
#1602=AXIS2_PLACEMENT_3D('',#1599,#1600,#1601);
#1604=DIRECTION('',(0.E0,0.E0,1.E0));
#1605=VECTOR('',#1604,2.E0);
#1606=CARTESIAN_POINT('',(6.E0,1.6E0,4.95E1));
#1607=LINE('',#1606,#1605);
#1608=DIRECTION('',(0.E0,0.E0,1.E0));
#1609=VECTOR('',#1608,2.E0);
#1610=CARTESIAN_POINT('',(6.E0,-1.6E0,4.95E1));
#1611=LINE('',#1610,#1609);
#1612=CARTESIAN_POINT('',(5.5E0,1.6E0,4.95E1));
#1613=DIRECTION('',(0.E0,0.E0,1.E0));
#1614=DIRECTION('',(1.E0,0.E0,0.E0));
#1615=AXIS2_PLACEMENT_3D('',#1612,#1613,#1614);
#1617=CARTESIAN_POINT('',(5.5E0,1.6E0,5.15E1));
#1618=DIRECTION('',(0.E0,0.E0,-1.E0));
#1619=DIRECTION('',(0.E0,1.E0,0.E0));
#1620=AXIS2_PLACEMENT_3D('',#1617,#1618,#1619);
#1622=DIRECTION('',(0.E0,0.E0,-1.E0));
#1623=VECTOR('',#1622,2.E0);
#1624=CARTESIAN_POINT('',(4.846648326421E0,2.1E0,5.15E1));
#1625=LINE('',#1624,#1623);
#1626=DIRECTION('',(0.E0,0.E0,1.E0));
#1627=VECTOR('',#1626,2.E0);
#1628=CARTESIAN_POINT('',(5.5E0,2.1E0,4.95E1));
#1629=LINE('',#1628,#1627);
#1630=DIRECTION('',(0.E0,0.E0,-1.E0));
#1631=VECTOR('',#1630,2.E0);
#1632=CARTESIAN_POINT('',(-4.406043933110E0,2.363636363636E0,5.15E1));
#1633=LINE('',#1632,#1631);
#1634=DIRECTION('',(0.E0,0.E0,-1.E0));
#1635=VECTOR('',#1634,2.E0);
#1636=CARTESIAN_POINT('',(4.406043933110E0,2.363636363636E0,5.15E1));
#1637=LINE('',#1636,#1635);
#1638=CARTESIAN_POINT('',(2.2E1,-1.65E1,4.9E1));
#1639=CARTESIAN_POINT('',(2.15E1,-1.65E1,4.95E1));
#1640=VERTEX_POINT('',#1638);
#1641=VERTEX_POINT('',#1639);
#1642=CARTESIAN_POINT('',(-2.15E1,-1.65E1,4.95E1));
#1643=VERTEX_POINT('',#1642);
#1644=CARTESIAN_POINT('',(-2.2E1,-1.65E1,4.9E1));
#1645=VERTEX_POINT('',#1644);
#1646=CARTESIAN_POINT('',(2.2E1,1.65E1,4.9E1));
#1647=CARTESIAN_POINT('',(2.15E1,1.65E1,4.95E1));
#1648=VERTEX_POINT('',#1646);
#1649=VERTEX_POINT('',#1647);
#1650=CARTESIAN_POINT('',(-2.15E1,1.65E1,4.95E1));
#1651=VERTEX_POINT('',#1650);
#1652=CARTESIAN_POINT('',(-2.2E1,1.65E1,4.9E1));
#1653=VERTEX_POINT('',#1652);
#1654=CARTESIAN_POINT('',(2.4E1,-1.65E1,4.9E1));
#1655=CARTESIAN_POINT('',(2.15E1,-1.65E1,5.15E1));
#1656=VERTEX_POINT('',#1654);
#1657=VERTEX_POINT('',#1655);
#1658=CARTESIAN_POINT('',(-2.15E1,-1.65E1,5.15E1));
#1659=VERTEX_POINT('',#1658);
#1660=CARTESIAN_POINT('',(-2.4E1,-1.65E1,4.9E1));
#1661=VERTEX_POINT('',#1660);
#1662=CARTESIAN_POINT('',(2.4E1,1.65E1,4.9E1));
#1663=CARTESIAN_POINT('',(2.15E1,1.65E1,5.15E1));
#1664=VERTEX_POINT('',#1662);
#1665=VERTEX_POINT('',#1663);
#1666=CARTESIAN_POINT('',(-2.15E1,1.65E1,5.15E1));
#1667=VERTEX_POINT('',#1666);
#1668=CARTESIAN_POINT('',(-2.4E1,1.65E1,4.9E1));
#1669=VERTEX_POINT('',#1668);
#1670=CARTESIAN_POINT('',(2.2E1,1.48E1,4.15E1));
#1671=CARTESIAN_POINT('',(2.2E1,1.22E1,4.15E1));
#1672=VERTEX_POINT('',#1670);
#1673=VERTEX_POINT('',#1671);
#1674=CARTESIAN_POINT('',(2.2E1,-1.22E1,4.15E1));
#1675=CARTESIAN_POINT('',(2.2E1,-1.48E1,4.15E1));
#1676=VERTEX_POINT('',#1674);
#1677=VERTEX_POINT('',#1675);
#1678=CARTESIAN_POINT('',(-2.2E1,1.48E1,4.15E1));
#1679=CARTESIAN_POINT('',(-2.2E1,1.22E1,4.15E1));
#1680=VERTEX_POINT('',#1678);
#1681=VERTEX_POINT('',#1679);
#1682=CARTESIAN_POINT('',(-2.2E1,-1.22E1,4.15E1));
#1683=CARTESIAN_POINT('',(-2.2E1,-1.48E1,4.15E1));
#1684=VERTEX_POINT('',#1682);
#1685=VERTEX_POINT('',#1683);
#1686=CARTESIAN_POINT('',(-2.4E1,1.08E1,4.15E1));
#1687=CARTESIAN_POINT('',(-2.4E1,1.62E1,4.15E1));
#1688=VERTEX_POINT('',#1686);
#1689=VERTEX_POINT('',#1687);
#1690=CARTESIAN_POINT('',(-2.26E1,1.22E1,4.15E1));
#1691=CARTESIAN_POINT('',(-2.26E1,1.48E1,4.15E1));
#1692=VERTEX_POINT('',#1690);
#1693=VERTEX_POINT('',#1691);
#1694=CARTESIAN_POINT('',(-2.4E1,-1.62E1,4.15E1));
#1695=CARTESIAN_POINT('',(-2.4E1,-1.08E1,4.15E1));
#1696=VERTEX_POINT('',#1694);
#1697=VERTEX_POINT('',#1695);
#1698=CARTESIAN_POINT('',(-2.26E1,-1.48E1,4.15E1));
#1699=CARTESIAN_POINT('',(-2.26E1,-1.22E1,4.15E1));
#1700=VERTEX_POINT('',#1698);
#1701=VERTEX_POINT('',#1699);
#1702=CARTESIAN_POINT('',(2.4E1,1.62E1,4.15E1));
#1703=CARTESIAN_POINT('',(2.4E1,1.08E1,4.15E1));
#1704=VERTEX_POINT('',#1702);
#1705=VERTEX_POINT('',#1703);
#1706=CARTESIAN_POINT('',(2.26E1,1.48E1,4.15E1));
#1707=CARTESIAN_POINT('',(2.26E1,1.22E1,4.15E1));
#1708=VERTEX_POINT('',#1706);
#1709=VERTEX_POINT('',#1707);
#1710=CARTESIAN_POINT('',(2.4E1,-1.08E1,4.15E1));
#1711=CARTESIAN_POINT('',(2.4E1,-1.62E1,4.15E1));
#1712=VERTEX_POINT('',#1710);
#1713=VERTEX_POINT('',#1711);
#1714=CARTESIAN_POINT('',(2.26E1,-1.22E1,4.15E1));
#1715=CARTESIAN_POINT('',(2.26E1,-1.48E1,4.15E1));
#1716=VERTEX_POINT('',#1714);
#1717=VERTEX_POINT('',#1715);
#1718=CARTESIAN_POINT('',(-1.25E0,1.1E1,4.95E1));
#1719=CARTESIAN_POINT('',(1.25E0,1.1E1,4.95E1));
#1720=VERTEX_POINT('',#1718);
#1721=VERTEX_POINT('',#1719);
#1722=CARTESIAN_POINT('',(-1.25E0,1.1E1,5.15E1));
#1723=CARTESIAN_POINT('',(1.25E0,1.1E1,5.15E1));
#1724=VERTEX_POINT('',#1722);
#1725=VERTEX_POINT('',#1723);
#1726=CARTESIAN_POINT('',(-8.662058069535E0,6.894291116569E0,4.95E1));
#1727=CARTESIAN_POINT('',(-6.894291116569E0,8.662058069535E0,4.95E1));
#1728=VERTEX_POINT('',#1726);
#1729=VERTEX_POINT('',#1727);
#1730=CARTESIAN_POINT('',(-8.662058069535E0,6.894291116569E0,5.15E1));
#1731=CARTESIAN_POINT('',(-6.894291116569E0,8.662058069535E0,5.15E1));
#1732=VERTEX_POINT('',#1730);
#1733=VERTEX_POINT('',#1731);
#1734=CARTESIAN_POINT('',(-1.1E1,-1.25E0,4.95E1));
#1735=CARTESIAN_POINT('',(-1.1E1,1.25E0,4.95E1));
#1736=VERTEX_POINT('',#1734);
#1737=VERTEX_POINT('',#1735);
#1738=CARTESIAN_POINT('',(-1.1E1,-1.25E0,5.15E1));
#1739=CARTESIAN_POINT('',(-1.1E1,1.25E0,5.15E1));
#1740=VERTEX_POINT('',#1738);
#1741=VERTEX_POINT('',#1739);
#1742=CARTESIAN_POINT('',(-6.894291116569E0,-8.662058069535E0,4.95E1));
#1743=CARTESIAN_POINT('',(-8.662058069535E0,-6.894291116569E0,4.95E1));
#1744=VERTEX_POINT('',#1742);
#1745=VERTEX_POINT('',#1743);
#1746=CARTESIAN_POINT('',(-6.894291116569E0,-8.662058069535E0,5.15E1));
#1747=CARTESIAN_POINT('',(-8.662058069535E0,-6.894291116569E0,5.15E1));
#1748=VERTEX_POINT('',#1746);
#1749=VERTEX_POINT('',#1747);
#1750=CARTESIAN_POINT('',(1.25E0,-1.1E1,4.95E1));
#1751=CARTESIAN_POINT('',(-1.25E0,-1.1E1,4.95E1));
#1752=VERTEX_POINT('',#1750);
#1753=VERTEX_POINT('',#1751);
#1754=CARTESIAN_POINT('',(1.25E0,-1.1E1,5.15E1));
#1755=CARTESIAN_POINT('',(-1.25E0,-1.1E1,5.15E1));
#1756=VERTEX_POINT('',#1754);
#1757=VERTEX_POINT('',#1755);
#1758=CARTESIAN_POINT('',(8.662058069535E0,-6.894291116569E0,4.95E1));
#1759=CARTESIAN_POINT('',(6.894291116569E0,-8.662058069535E0,4.95E1));
#1760=VERTEX_POINT('',#1758);
#1761=VERTEX_POINT('',#1759);
#1762=CARTESIAN_POINT('',(8.662058069535E0,-6.894291116569E0,5.15E1));
#1763=CARTESIAN_POINT('',(6.894291116569E0,-8.662058069535E0,5.15E1));
#1764=VERTEX_POINT('',#1762);
#1765=VERTEX_POINT('',#1763);
#1766=CARTESIAN_POINT('',(1.1E1,1.25E0,4.95E1));
#1767=CARTESIAN_POINT('',(1.1E1,-1.25E0,4.95E1));
#1768=VERTEX_POINT('',#1766);
#1769=VERTEX_POINT('',#1767);
#1770=CARTESIAN_POINT('',(1.1E1,1.25E0,5.15E1));
#1771=CARTESIAN_POINT('',(1.1E1,-1.25E0,5.15E1));
#1772=VERTEX_POINT('',#1770);
#1773=VERTEX_POINT('',#1771);
#1774=CARTESIAN_POINT('',(6.894291116569E0,8.662058069535E0,4.95E1));
#1775=CARTESIAN_POINT('',(8.662058069535E0,6.894291116569E0,4.95E1));
#1776=VERTEX_POINT('',#1774);
#1777=VERTEX_POINT('',#1775);
#1778=CARTESIAN_POINT('',(6.894291116569E0,8.662058069535E0,5.15E1));
#1779=CARTESIAN_POINT('',(8.662058069535E0,6.894291116569E0,5.15E1));
#1780=VERTEX_POINT('',#1778);
#1781=VERTEX_POINT('',#1779);
#1782=CARTESIAN_POINT('',(2.475E0,8.E0,5.1225E1));
#1783=CARTESIAN_POINT('',(4.525E0,8.E0,5.1225E1));
#1784=VERTEX_POINT('',#1782);
#1785=VERTEX_POINT('',#1783);
#1786=CARTESIAN_POINT('',(2.475E0,8.E0,4.95E1));
#1787=CARTESIAN_POINT('',(4.525E0,8.E0,4.95E1));
#1788=VERTEX_POINT('',#1786);
#1789=VERTEX_POINT('',#1787);
#1790=CARTESIAN_POINT('',(2.2E0,8.E0,5.15E1));
#1791=CARTESIAN_POINT('',(4.8E0,8.E0,5.15E1));
#1792=VERTEX_POINT('',#1790);
#1793=VERTEX_POINT('',#1791);
#1794=CARTESIAN_POINT('',(-8.E0,2.475E0,5.1225E1));
#1795=CARTESIAN_POINT('',(-8.E0,4.525E0,5.1225E1));
#1796=VERTEX_POINT('',#1794);
#1797=VERTEX_POINT('',#1795);
#1798=CARTESIAN_POINT('',(-8.E0,2.475E0,4.95E1));
#1799=CARTESIAN_POINT('',(-8.E0,4.525E0,4.95E1));
#1800=VERTEX_POINT('',#1798);
#1801=VERTEX_POINT('',#1799);
#1802=CARTESIAN_POINT('',(-8.E0,2.2E0,5.15E1));
#1803=CARTESIAN_POINT('',(-8.E0,4.8E0,5.15E1));
#1804=VERTEX_POINT('',#1802);
#1805=VERTEX_POINT('',#1803);
#1806=CARTESIAN_POINT('',(-2.475E0,-8.E0,5.1225E1));
#1807=CARTESIAN_POINT('',(-4.525E0,-8.E0,5.1225E1));
#1808=VERTEX_POINT('',#1806);
#1809=VERTEX_POINT('',#1807);
#1810=CARTESIAN_POINT('',(-2.475E0,-8.E0,4.95E1));
#1811=CARTESIAN_POINT('',(-4.525E0,-8.E0,4.95E1));
#1812=VERTEX_POINT('',#1810);
#1813=VERTEX_POINT('',#1811);
#1814=CARTESIAN_POINT('',(-2.2E0,-8.E0,5.15E1));
#1815=CARTESIAN_POINT('',(-4.8E0,-8.E0,5.15E1));
#1816=VERTEX_POINT('',#1814);
#1817=VERTEX_POINT('',#1815);
#1818=CARTESIAN_POINT('',(8.E0,-2.475E0,5.1225E1));
#1819=CARTESIAN_POINT('',(8.E0,-4.525E0,5.1225E1));
#1820=VERTEX_POINT('',#1818);
#1821=VERTEX_POINT('',#1819);
#1822=CARTESIAN_POINT('',(8.E0,-2.475E0,4.95E1));
#1823=CARTESIAN_POINT('',(8.E0,-4.525E0,4.95E1));
#1824=VERTEX_POINT('',#1822);
#1825=VERTEX_POINT('',#1823);
#1826=CARTESIAN_POINT('',(8.E0,-2.2E0,5.15E1));
#1827=CARTESIAN_POINT('',(8.E0,-4.8E0,5.15E1));
#1828=VERTEX_POINT('',#1826);
#1829=VERTEX_POINT('',#1827);
#1830=CARTESIAN_POINT('',(-4.75E0,8.E0,4.95E1));
#1831=CARTESIAN_POINT('',(-2.25E0,8.E0,4.95E1));
#1832=VERTEX_POINT('',#1830);
#1833=VERTEX_POINT('',#1831);
#1834=CARTESIAN_POINT('',(-4.75E0,8.E0,5.15E1));
#1835=CARTESIAN_POINT('',(-2.25E0,8.E0,5.15E1));
#1836=VERTEX_POINT('',#1834);
#1837=VERTEX_POINT('',#1835);
#1838=CARTESIAN_POINT('',(-8.E0,-4.75E0,4.95E1));
#1839=CARTESIAN_POINT('',(-8.E0,-2.25E0,4.95E1));
#1840=VERTEX_POINT('',#1838);
#1841=VERTEX_POINT('',#1839);
#1842=CARTESIAN_POINT('',(-8.E0,-4.75E0,5.15E1));
#1843=CARTESIAN_POINT('',(-8.E0,-2.25E0,5.15E1));
#1844=VERTEX_POINT('',#1842);
#1845=VERTEX_POINT('',#1843);
#1846=CARTESIAN_POINT('',(4.75E0,-8.E0,4.95E1));
#1847=CARTESIAN_POINT('',(2.25E0,-8.E0,4.95E1));
#1848=VERTEX_POINT('',#1846);
#1849=VERTEX_POINT('',#1847);
#1850=CARTESIAN_POINT('',(4.75E0,-8.E0,5.15E1));
#1851=CARTESIAN_POINT('',(2.25E0,-8.E0,5.15E1));
#1852=VERTEX_POINT('',#1850);
#1853=VERTEX_POINT('',#1851);
#1854=CARTESIAN_POINT('',(8.E0,4.75E0,4.95E1));
#1855=CARTESIAN_POINT('',(8.E0,2.25E0,4.95E1));
#1856=VERTEX_POINT('',#1854);
#1857=VERTEX_POINT('',#1855);
#1858=CARTESIAN_POINT('',(8.E0,4.75E0,5.15E1));
#1859=CARTESIAN_POINT('',(8.E0,2.25E0,5.15E1));
#1860=VERTEX_POINT('',#1858);
#1861=VERTEX_POINT('',#1859);
#1862=CARTESIAN_POINT('',(2.2E1,-1.5E1,3.85E1));
#1863=CARTESIAN_POINT('',(2.2E1,-1.65E1,4.E1));
#1864=VERTEX_POINT('',#1862);
#1865=VERTEX_POINT('',#1863);
#1866=CARTESIAN_POINT('',(2.4E1,-1.65E1,4.E1));
#1867=VERTEX_POINT('',#1866);
#1868=CARTESIAN_POINT('',(2.4E1,-1.5E1,3.85E1));
#1869=VERTEX_POINT('',#1868);
#1870=CARTESIAN_POINT('',(2.2E1,1.65E1,4.E1));
#1871=CARTESIAN_POINT('',(2.2E1,1.5E1,3.85E1));
#1872=VERTEX_POINT('',#1870);
#1873=VERTEX_POINT('',#1871);
#1874=CARTESIAN_POINT('',(2.4E1,1.5E1,3.85E1));
#1875=VERTEX_POINT('',#1874);
#1876=CARTESIAN_POINT('',(2.4E1,1.65E1,4.E1));
#1877=VERTEX_POINT('',#1876);
#1878=CARTESIAN_POINT('',(-2.2E1,-1.65E1,4.E1));
#1879=CARTESIAN_POINT('',(-2.2E1,-1.5E1,3.85E1));
#1880=VERTEX_POINT('',#1878);
#1881=VERTEX_POINT('',#1879);
#1882=CARTESIAN_POINT('',(-2.4E1,-1.5E1,3.85E1));
#1883=VERTEX_POINT('',#1882);
#1884=CARTESIAN_POINT('',(-2.4E1,-1.65E1,4.E1));
#1885=VERTEX_POINT('',#1884);
#1886=CARTESIAN_POINT('',(-2.2E1,1.5E1,3.85E1));
#1887=CARTESIAN_POINT('',(-2.2E1,1.65E1,4.E1));
#1888=VERTEX_POINT('',#1886);
#1889=VERTEX_POINT('',#1887);
#1890=CARTESIAN_POINT('',(-2.4E1,1.65E1,4.E1));
#1891=VERTEX_POINT('',#1890);
#1892=CARTESIAN_POINT('',(-2.4E1,1.5E1,3.85E1));
#1893=VERTEX_POINT('',#1892);
#1894=CARTESIAN_POINT('',(9.975E0,6.E0,5.1175E1));
#1895=CARTESIAN_POINT('',(1.2025E1,6.E0,5.1175E1));
#1896=VERTEX_POINT('',#1894);
#1897=VERTEX_POINT('',#1895);
#1898=CARTESIAN_POINT('',(9.975E0,6.E0,4.95E1));
#1899=CARTESIAN_POINT('',(1.2025E1,6.E0,4.95E1));
#1900=VERTEX_POINT('',#1898);
#1901=VERTEX_POINT('',#1899);
#1902=CARTESIAN_POINT('',(9.65E0,6.E0,5.15E1));
#1903=CARTESIAN_POINT('',(1.235E1,6.E0,5.15E1));
#1904=VERTEX_POINT('',#1902);
#1905=VERTEX_POINT('',#1903);
#1906=CARTESIAN_POINT('',(-6.E0,9.975E0,5.1175E1));
#1907=CARTESIAN_POINT('',(-6.E0,1.2025E1,5.1175E1));
#1908=VERTEX_POINT('',#1906);
#1909=VERTEX_POINT('',#1907);
#1910=CARTESIAN_POINT('',(-6.E0,9.975E0,4.95E1));
#1911=CARTESIAN_POINT('',(-6.E0,1.2025E1,4.95E1));
#1912=VERTEX_POINT('',#1910);
#1913=VERTEX_POINT('',#1911);
#1914=CARTESIAN_POINT('',(-6.E0,9.65E0,5.15E1));
#1915=CARTESIAN_POINT('',(-6.E0,1.235E1,5.15E1));
#1916=VERTEX_POINT('',#1914);
#1917=VERTEX_POINT('',#1915);
#1918=CARTESIAN_POINT('',(-9.975E0,-6.E0,5.1175E1));
#1919=CARTESIAN_POINT('',(-1.2025E1,-6.E0,5.1175E1));
#1920=VERTEX_POINT('',#1918);
#1921=VERTEX_POINT('',#1919);
#1922=CARTESIAN_POINT('',(-9.975E0,-6.E0,4.95E1));
#1923=CARTESIAN_POINT('',(-1.2025E1,-6.E0,4.95E1));
#1924=VERTEX_POINT('',#1922);
#1925=VERTEX_POINT('',#1923);
#1926=CARTESIAN_POINT('',(-9.65E0,-6.E0,5.15E1));
#1927=CARTESIAN_POINT('',(-1.235E1,-6.E0,5.15E1));
#1928=VERTEX_POINT('',#1926);
#1929=VERTEX_POINT('',#1927);
#1930=CARTESIAN_POINT('',(6.E0,-9.975E0,5.1175E1));
#1931=CARTESIAN_POINT('',(6.E0,-1.2025E1,5.1175E1));
#1932=VERTEX_POINT('',#1930);
#1933=VERTEX_POINT('',#1931);
#1934=CARTESIAN_POINT('',(6.E0,-9.975E0,4.95E1));
#1935=CARTESIAN_POINT('',(6.E0,-1.2025E1,4.95E1));
#1936=VERTEX_POINT('',#1934);
#1937=VERTEX_POINT('',#1935);
#1938=CARTESIAN_POINT('',(6.E0,-9.65E0,5.15E1));
#1939=CARTESIAN_POINT('',(6.E0,-1.235E1,5.15E1));
#1940=VERTEX_POINT('',#1938);
#1941=VERTEX_POINT('',#1939);
#1942=CARTESIAN_POINT('',(4.75E0,1.1E1,4.95E1));
#1943=CARTESIAN_POINT('',(7.25E0,1.1E1,4.95E1));
#1944=VERTEX_POINT('',#1942);
#1945=VERTEX_POINT('',#1943);
#1946=CARTESIAN_POINT('',(4.75E0,1.1E1,5.15E1));
#1947=CARTESIAN_POINT('',(7.25E0,1.1E1,5.15E1));
#1948=VERTEX_POINT('',#1946);
#1949=VERTEX_POINT('',#1947);
#1950=CARTESIAN_POINT('',(-1.1E1,4.75E0,4.95E1));
#1951=CARTESIAN_POINT('',(-1.1E1,7.25E0,4.95E1));
#1952=VERTEX_POINT('',#1950);
#1953=VERTEX_POINT('',#1951);
#1954=CARTESIAN_POINT('',(-1.1E1,4.75E0,5.15E1));
#1955=CARTESIAN_POINT('',(-1.1E1,7.25E0,5.15E1));
#1956=VERTEX_POINT('',#1954);
#1957=VERTEX_POINT('',#1955);
#1958=CARTESIAN_POINT('',(-4.75E0,-1.1E1,4.95E1));
#1959=CARTESIAN_POINT('',(-7.25E0,-1.1E1,4.95E1));
#1960=VERTEX_POINT('',#1958);
#1961=VERTEX_POINT('',#1959);
#1962=CARTESIAN_POINT('',(-4.75E0,-1.1E1,5.15E1));
#1963=CARTESIAN_POINT('',(-7.25E0,-1.1E1,5.15E1));
#1964=VERTEX_POINT('',#1962);
#1965=VERTEX_POINT('',#1963);
#1966=CARTESIAN_POINT('',(1.1E1,-4.75E0,4.95E1));
#1967=CARTESIAN_POINT('',(1.1E1,-7.25E0,4.95E1));
#1968=VERTEX_POINT('',#1966);
#1969=VERTEX_POINT('',#1967);
#1970=CARTESIAN_POINT('',(1.1E1,-4.75E0,5.15E1));
#1971=CARTESIAN_POINT('',(1.1E1,-7.25E0,5.15E1));
#1972=VERTEX_POINT('',#1970);
#1973=VERTEX_POINT('',#1971);
#1974=CARTESIAN_POINT('',(1.4975E1,8.E0,5.1175E1));
#1975=CARTESIAN_POINT('',(1.7025E1,8.E0,5.1175E1));
#1976=VERTEX_POINT('',#1974);
#1977=VERTEX_POINT('',#1975);
#1978=CARTESIAN_POINT('',(1.4975E1,8.E0,4.95E1));
#1979=CARTESIAN_POINT('',(1.7025E1,8.E0,4.95E1));
#1980=VERTEX_POINT('',#1978);
#1981=VERTEX_POINT('',#1979);
#1982=CARTESIAN_POINT('',(1.465E1,8.E0,5.15E1));
#1983=CARTESIAN_POINT('',(1.735E1,8.E0,5.15E1));
#1984=VERTEX_POINT('',#1982);
#1985=VERTEX_POINT('',#1983);
#1986=CARTESIAN_POINT('',(-1.7025E1,8.E0,5.1175E1));
#1987=CARTESIAN_POINT('',(-1.4975E1,8.E0,5.1175E1));
#1988=VERTEX_POINT('',#1986);
#1989=VERTEX_POINT('',#1987);
#1990=CARTESIAN_POINT('',(-1.7025E1,8.E0,4.95E1));
#1991=CARTESIAN_POINT('',(-1.4975E1,8.E0,4.95E1));
#1992=VERTEX_POINT('',#1990);
#1993=VERTEX_POINT('',#1991);
#1994=CARTESIAN_POINT('',(-1.735E1,8.E0,5.15E1));
#1995=CARTESIAN_POINT('',(-1.465E1,8.E0,5.15E1));
#1996=VERTEX_POINT('',#1994);
#1997=VERTEX_POINT('',#1995);
#1998=CARTESIAN_POINT('',(1.4975E1,-8.E0,5.1175E1));
#1999=CARTESIAN_POINT('',(1.7025E1,-8.E0,5.1175E1));
#2000=VERTEX_POINT('',#1998);
#2001=VERTEX_POINT('',#1999);
#2002=CARTESIAN_POINT('',(1.4975E1,-8.E0,4.95E1));
#2003=CARTESIAN_POINT('',(1.7025E1,-8.E0,4.95E1));
#2004=VERTEX_POINT('',#2002);
#2005=VERTEX_POINT('',#2003);
#2006=CARTESIAN_POINT('',(1.465E1,-8.E0,5.15E1));
#2007=CARTESIAN_POINT('',(1.735E1,-8.E0,5.15E1));
#2008=VERTEX_POINT('',#2006);
#2009=VERTEX_POINT('',#2007);
#2010=CARTESIAN_POINT('',(-1.7025E1,-8.E0,5.1175E1));
#2011=CARTESIAN_POINT('',(-1.4975E1,-8.E0,5.1175E1));
#2012=VERTEX_POINT('',#2010);
#2013=VERTEX_POINT('',#2011);
#2014=CARTESIAN_POINT('',(-1.7025E1,-8.E0,4.95E1));
#2015=CARTESIAN_POINT('',(-1.4975E1,-8.E0,4.95E1));
#2016=VERTEX_POINT('',#2014);
#2017=VERTEX_POINT('',#2015);
#2018=CARTESIAN_POINT('',(-1.735E1,-8.E0,5.15E1));
#2019=CARTESIAN_POINT('',(-1.465E1,-8.E0,5.15E1));
#2020=VERTEX_POINT('',#2018);
#2021=VERTEX_POINT('',#2019);
#2022=CARTESIAN_POINT('',(-5.5E0,2.1E0,4.95E1));
#2023=CARTESIAN_POINT('',(-5.5E0,2.1E0,5.15E1));
#2024=VERTEX_POINT('',#2022);
#2025=VERTEX_POINT('',#2023);
#2026=CARTESIAN_POINT('',(-6.E0,1.6E0,4.95E1));
#2027=CARTESIAN_POINT('',(-6.E0,1.6E0,5.15E1));
#2028=VERTEX_POINT('',#2026);
#2029=VERTEX_POINT('',#2027);
#2030=CARTESIAN_POINT('',(6.E0,1.6E0,4.95E1));
#2031=CARTESIAN_POINT('',(6.E0,1.6E0,5.15E1));
#2032=VERTEX_POINT('',#2030);
#2033=VERTEX_POINT('',#2031);
#2034=CARTESIAN_POINT('',(5.5E0,2.1E0,4.95E1));
#2035=CARTESIAN_POINT('',(5.5E0,2.1E0,5.15E1));
#2036=VERTEX_POINT('',#2034);
#2037=VERTEX_POINT('',#2035);
#2038=CARTESIAN_POINT('',(5.5E0,-2.1E0,4.95E1));
#2039=CARTESIAN_POINT('',(5.5E0,-2.1E0,5.15E1));
#2040=VERTEX_POINT('',#2038);
#2041=VERTEX_POINT('',#2039);
#2042=CARTESIAN_POINT('',(6.E0,-1.6E0,4.95E1));
#2043=CARTESIAN_POINT('',(6.E0,-1.6E0,5.15E1));
#2044=VERTEX_POINT('',#2042);
#2045=VERTEX_POINT('',#2043);
#2046=CARTESIAN_POINT('',(-6.E0,-1.6E0,4.95E1));
#2047=CARTESIAN_POINT('',(-6.E0,-1.6E0,5.15E1));
#2048=VERTEX_POINT('',#2046);
#2049=VERTEX_POINT('',#2047);
#2050=CARTESIAN_POINT('',(-5.5E0,-2.1E0,4.95E1));
#2051=CARTESIAN_POINT('',(-5.5E0,-2.1E0,5.15E1));
#2052=VERTEX_POINT('',#2050);
#2053=VERTEX_POINT('',#2051);
#2054=CARTESIAN_POINT('',(-4.406043933110E0,2.363636363636E0,4.95E1));
#2055=CARTESIAN_POINT('',(-4.846648326421E0,2.1E0,4.95E1));
#2056=VERTEX_POINT('',#2054);
#2057=VERTEX_POINT('',#2055);
#2058=CARTESIAN_POINT('',(-4.846648326421E0,2.1E0,5.15E1));
#2059=VERTEX_POINT('',#2058);
#2060=CARTESIAN_POINT('',(-4.406043933110E0,2.363636363636E0,5.15E1));
#2061=VERTEX_POINT('',#2060);
#2062=CARTESIAN_POINT('',(4.846648326421E0,2.1E0,4.95E1));
#2063=CARTESIAN_POINT('',(4.406043933110E0,2.363636363636E0,4.95E1));
#2064=VERTEX_POINT('',#2062);
#2065=VERTEX_POINT('',#2063);
#2066=CARTESIAN_POINT('',(4.406043933110E0,2.363636363636E0,5.15E1));
#2067=VERTEX_POINT('',#2066);
#2068=CARTESIAN_POINT('',(4.846648326421E0,2.1E0,5.15E1));
#2069=VERTEX_POINT('',#2068);
#2070=CARTESIAN_POINT('',(4.406043933110E0,-2.363636363636E0,4.95E1));
#2071=CARTESIAN_POINT('',(4.846648326421E0,-2.1E0,4.95E1));
#2072=VERTEX_POINT('',#2070);
#2073=VERTEX_POINT('',#2071);
#2074=CARTESIAN_POINT('',(4.846648326421E0,-2.1E0,5.15E1));
#2075=VERTEX_POINT('',#2074);
#2076=CARTESIAN_POINT('',(4.406043933110E0,-2.363636363636E0,5.15E1));
#2077=VERTEX_POINT('',#2076);
#2078=CARTESIAN_POINT('',(-4.846648326421E0,-2.1E0,4.95E1));
#2079=CARTESIAN_POINT('',(-4.406043933110E0,-2.363636363636E0,4.95E1));
#2080=VERTEX_POINT('',#2078);
#2081=VERTEX_POINT('',#2079);
#2082=CARTESIAN_POINT('',(-4.406043933110E0,-2.363636363636E0,5.15E1));
#2083=VERTEX_POINT('',#2082);
#2084=CARTESIAN_POINT('',(-4.846648326421E0,-2.1E0,5.15E1));
#2085=VERTEX_POINT('',#2084);
#2086=CARTESIAN_POINT('',(-2.2E1,-1.65E1,4.9E1));
#2087=DIRECTION('',(1.E0,0.E0,0.E0));
#2088=DIRECTION('',(0.E0,0.E0,-1.E0));
#2089=AXIS2_PLACEMENT_3D('',#2086,#2087,#2088);
#2090=PLANE('',#2089);
#2092=ORIENTED_EDGE('',*,*,#2091,.F.);
#2094=ORIENTED_EDGE('',*,*,#2093,.F.);
#2096=ORIENTED_EDGE('',*,*,#2095,.T.);
#2098=ORIENTED_EDGE('',*,*,#2097,.T.);
#2100=ORIENTED_EDGE('',*,*,#2099,.F.);
#2102=ORIENTED_EDGE('',*,*,#2101,.F.);
#2103=EDGE_LOOP('',(#2092,#2094,#2096,#2098,#2100,#2102));
#2104=FACE_OUTER_BOUND('',#2103,.F.);
#2106=ORIENTED_EDGE('',*,*,#2105,.T.);
#2108=ORIENTED_EDGE('',*,*,#2107,.T.);
#2109=EDGE_LOOP('',(#2106,#2108));
#2110=FACE_BOUND('',#2109,.F.);
#2112=ORIENTED_EDGE('',*,*,#2111,.T.);
#2114=ORIENTED_EDGE('',*,*,#2113,.T.);
#2115=EDGE_LOOP('',(#2112,#2114));
#2116=FACE_BOUND('',#2115,.F.);
#2117=ADVANCED_FACE('',(#2104,#2110,#2116),#2090,.T.);
#2118=CARTESIAN_POINT('',(-2.3E1,1.35E1,4.15E1));
#2119=DIRECTION('',(1.E0,0.E0,0.E0));
#2120=DIRECTION('',(0.E0,1.E0,0.E0));
#2121=AXIS2_PLACEMENT_3D('',#2118,#2119,#2120);
#2122=CYLINDRICAL_SURFACE('',#2121,1.3E0);
#2124=ORIENTED_EDGE('',*,*,#2123,.T.);
#2126=ORIENTED_EDGE('',*,*,#2125,.F.);
#2127=ORIENTED_EDGE('',*,*,#2111,.F.);
#2129=ORIENTED_EDGE('',*,*,#2128,.T.);
#2130=EDGE_LOOP('',(#2124,#2126,#2127,#2129));
#2131=FACE_OUTER_BOUND('',#2130,.F.);
#2132=ADVANCED_FACE('',(#2131),#2122,.F.);
#2133=CARTESIAN_POINT('',(-2.329999998864E1,1.35E1,4.15E1));
#2134=DIRECTION('',(-1.E0,0.E0,0.E0));
#2135=DIRECTION('',(0.E0,0.E0,-1.E0));
#2136=AXIS2_PLACEMENT_3D('',#2133,#2134,#2135);
#2137=CONICAL_SURFACE('',#2136,1.999999988637E0,4.5E1);
#2139=ORIENTED_EDGE('',*,*,#2138,.T.);
#2141=ORIENTED_EDGE('',*,*,#2140,.T.);
#2142=ORIENTED_EDGE('',*,*,#2123,.F.);
#2144=ORIENTED_EDGE('',*,*,#2143,.F.);
#2145=EDGE_LOOP('',(#2139,#2141,#2142,#2144));
#2146=FACE_OUTER_BOUND('',#2145,.F.);
#2147=ADVANCED_FACE('',(#2146),#2137,.F.);
#2148=CARTESIAN_POINT('',(-2.4E1,-1.65E1,4.9E1));
#2149=DIRECTION('',(1.E0,0.E0,0.E0));
#2150=DIRECTION('',(0.E0,0.E0,-1.E0));
#2151=AXIS2_PLACEMENT_3D('',#2148,#2149,#2150);
#2152=PLANE('',#2151);
#2154=ORIENTED_EDGE('',*,*,#2153,.F.);
#2156=ORIENTED_EDGE('',*,*,#2155,.T.);
#2158=ORIENTED_EDGE('',*,*,#2157,.F.);
#2160=ORIENTED_EDGE('',*,*,#2159,.F.);
#2162=ORIENTED_EDGE('',*,*,#2161,.F.);
#2164=ORIENTED_EDGE('',*,*,#2163,.T.);
#2165=EDGE_LOOP('',(#2154,#2156,#2158,#2160,#2162,#2164));
#2166=FACE_OUTER_BOUND('',#2165,.F.);
#2168=ORIENTED_EDGE('',*,*,#2167,.F.);
#2170=ORIENTED_EDGE('',*,*,#2169,.F.);
#2171=EDGE_LOOP('',(#2168,#2170));
#2172=FACE_BOUND('',#2171,.F.);
#2174=ORIENTED_EDGE('',*,*,#2173,.F.);
#2175=ORIENTED_EDGE('',*,*,#2138,.F.);
#2176=EDGE_LOOP('',(#2174,#2175));
#2177=FACE_BOUND('',#2176,.F.);
#2178=ADVANCED_FACE('',(#2166,#2172,#2177),#2152,.F.);
#2179=CARTESIAN_POINT('',(-2.329999998864E1,1.35E1,4.15E1));
#2180=DIRECTION('',(-1.E0,0.E0,0.E0));
#2181=DIRECTION('',(0.E0,0.E0,-1.E0));
#2182=AXIS2_PLACEMENT_3D('',#2179,#2180,#2181);
#2183=CONICAL_SURFACE('',#2182,1.999999988637E0,4.5E1);
#2184=ORIENTED_EDGE('',*,*,#2173,.T.);
#2185=ORIENTED_EDGE('',*,*,#2143,.T.);
#2187=ORIENTED_EDGE('',*,*,#2186,.F.);
#2188=ORIENTED_EDGE('',*,*,#2140,.F.);
#2189=EDGE_LOOP('',(#2184,#2185,#2187,#2188));
#2190=FACE_OUTER_BOUND('',#2189,.F.);
#2191=ADVANCED_FACE('',(#2190),#2183,.F.);
#2192=CARTESIAN_POINT('',(-2.3E1,1.35E1,4.15E1));
#2193=DIRECTION('',(1.E0,0.E0,0.E0));
#2194=DIRECTION('',(0.E0,-1.E0,0.E0));
#2195=AXIS2_PLACEMENT_3D('',#2192,#2193,#2194);
#2196=CYLINDRICAL_SURFACE('',#2195,1.3E0);
#2197=ORIENTED_EDGE('',*,*,#2186,.T.);
#2198=ORIENTED_EDGE('',*,*,#2128,.F.);
#2199=ORIENTED_EDGE('',*,*,#2113,.F.);
#2200=ORIENTED_EDGE('',*,*,#2125,.T.);
#2201=EDGE_LOOP('',(#2197,#2198,#2199,#2200));
#2202=FACE_OUTER_BOUND('',#2201,.F.);
#2203=ADVANCED_FACE('',(#2202),#2196,.F.);
#2204=CARTESIAN_POINT('',(-2.329999998864E1,-1.35E1,4.15E1));
#2205=DIRECTION('',(-1.E0,0.E0,0.E0));
#2206=DIRECTION('',(0.E0,0.E0,-1.E0));
#2207=AXIS2_PLACEMENT_3D('',#2204,#2205,#2206);
#2208=CONICAL_SURFACE('',#2207,1.999999988637E0,4.5E1);
#2209=ORIENTED_EDGE('',*,*,#2167,.T.);
#2211=ORIENTED_EDGE('',*,*,#2210,.T.);
#2213=ORIENTED_EDGE('',*,*,#2212,.F.);
#2215=ORIENTED_EDGE('',*,*,#2214,.F.);
#2216=EDGE_LOOP('',(#2209,#2211,#2213,#2215));
#2217=FACE_OUTER_BOUND('',#2216,.F.);
#2218=ADVANCED_FACE('',(#2217),#2208,.F.);
#2219=CARTESIAN_POINT('',(-2.329999998864E1,-1.35E1,4.15E1));
#2220=DIRECTION('',(-1.E0,0.E0,0.E0));
#2221=DIRECTION('',(0.E0,0.E0,-1.E0));
#2222=AXIS2_PLACEMENT_3D('',#2219,#2220,#2221);
#2223=CONICAL_SURFACE('',#2222,1.999999988637E0,4.5E1);
#2224=ORIENTED_EDGE('',*,*,#2169,.T.);
#2225=ORIENTED_EDGE('',*,*,#2214,.T.);
#2227=ORIENTED_EDGE('',*,*,#2226,.F.);
#2228=ORIENTED_EDGE('',*,*,#2210,.F.);
#2229=EDGE_LOOP('',(#2224,#2225,#2227,#2228));
#2230=FACE_OUTER_BOUND('',#2229,.F.);
#2231=ADVANCED_FACE('',(#2230),#2223,.F.);
#2232=CARTESIAN_POINT('',(-2.3E1,-1.35E1,4.15E1));
#2233=DIRECTION('',(1.E0,0.E0,0.E0));
#2234=DIRECTION('',(0.E0,1.E0,0.E0));
#2235=AXIS2_PLACEMENT_3D('',#2232,#2233,#2234);
#2236=CYLINDRICAL_SURFACE('',#2235,1.3E0);
#2237=ORIENTED_EDGE('',*,*,#2226,.T.);
#2239=ORIENTED_EDGE('',*,*,#2238,.F.);
#2240=ORIENTED_EDGE('',*,*,#2105,.F.);
#2242=ORIENTED_EDGE('',*,*,#2241,.T.);
#2243=EDGE_LOOP('',(#2237,#2239,#2240,#2242));
#2244=FACE_OUTER_BOUND('',#2243,.F.);
#2245=ADVANCED_FACE('',(#2244),#2236,.F.);
#2246=CARTESIAN_POINT('',(-2.3E1,-1.35E1,4.15E1));
#2247=DIRECTION('',(1.E0,0.E0,0.E0));
#2248=DIRECTION('',(0.E0,-1.E0,0.E0));
#2249=AXIS2_PLACEMENT_3D('',#2246,#2247,#2248);
#2250=CYLINDRICAL_SURFACE('',#2249,1.3E0);
#2251=ORIENTED_EDGE('',*,*,#2212,.T.);
#2252=ORIENTED_EDGE('',*,*,#2241,.F.);
#2253=ORIENTED_EDGE('',*,*,#2107,.F.);
#2254=ORIENTED_EDGE('',*,*,#2238,.T.);
#2255=EDGE_LOOP('',(#2251,#2252,#2253,#2254));
#2256=FACE_OUTER_BOUND('',#2255,.F.);
#2257=ADVANCED_FACE('',(#2256),#2250,.F.);
#2258=CARTESIAN_POINT('',(-8.657280002050E1,-1.5E1,4.E1));
#2259=DIRECTION('',(1.E0,0.E0,0.E0));
#2260=DIRECTION('',(0.E0,-1.E0,0.E0));
#2261=AXIS2_PLACEMENT_3D('',#2258,#2259,#2260);
#2262=CYLINDRICAL_SURFACE('',#2261,1.5E0);
#2263=ORIENTED_EDGE('',*,*,#2091,.T.);
#2265=ORIENTED_EDGE('',*,*,#2264,.F.);
#2266=ORIENTED_EDGE('',*,*,#2153,.T.);
#2268=ORIENTED_EDGE('',*,*,#2267,.T.);
#2269=EDGE_LOOP('',(#2263,#2265,#2266,#2268));
#2270=FACE_OUTER_BOUND('',#2269,.F.);
#2271=ADVANCED_FACE('',(#2270),#2262,.T.);
#2272=CARTESIAN_POINT('',(-2.3E1,0.E0,3.85E1));
#2273=DIRECTION('',(0.E0,0.E0,-1.E0));
#2274=DIRECTION('',(0.E0,1.E0,0.E0));
#2275=AXIS2_PLACEMENT_3D('',#2272,#2273,#2274);
#2276=PLANE('',#2275);
#2277=ORIENTED_EDGE('',*,*,#2264,.T.);
#2278=ORIENTED_EDGE('',*,*,#2101,.T.);
#2280=ORIENTED_EDGE('',*,*,#2279,.F.);
#2281=ORIENTED_EDGE('',*,*,#2155,.F.);
#2282=EDGE_LOOP('',(#2277,#2278,#2280,#2281));
#2283=FACE_OUTER_BOUND('',#2282,.F.);
#2284=ADVANCED_FACE('',(#2283),#2276,.T.);
#2285=CARTESIAN_POINT('',(-8.657280002050E1,1.5E1,4.E1));
#2286=DIRECTION('',(1.E0,0.E0,0.E0));
#2287=DIRECTION('',(0.E0,0.E0,-1.E0));
#2288=AXIS2_PLACEMENT_3D('',#2285,#2286,#2287);
#2289=CYLINDRICAL_SURFACE('',#2288,1.5E0);
#2290=ORIENTED_EDGE('',*,*,#2099,.T.);
#2292=ORIENTED_EDGE('',*,*,#2291,.F.);
#2293=ORIENTED_EDGE('',*,*,#2157,.T.);
#2294=ORIENTED_EDGE('',*,*,#2279,.T.);
#2295=EDGE_LOOP('',(#2290,#2292,#2293,#2294));
#2296=FACE_OUTER_BOUND('',#2295,.F.);
#2297=ADVANCED_FACE('',(#2296),#2289,.T.);
#2298=CARTESIAN_POINT('',(-2.3E1,1.65E1,4.375E1));
#2299=DIRECTION('',(0.E0,-1.E0,0.E0));
#2300=DIRECTION('',(0.E0,0.E0,-1.E0));
#2301=AXIS2_PLACEMENT_3D('',#2298,#2299,#2300);
#2302=PLANE('',#2301);
#2303=ORIENTED_EDGE('',*,*,#2291,.T.);
#2304=ORIENTED_EDGE('',*,*,#2097,.F.);
#2306=ORIENTED_EDGE('',*,*,#2305,.T.);
#2307=ORIENTED_EDGE('',*,*,#2159,.T.);
#2308=EDGE_LOOP('',(#2303,#2304,#2306,#2307));
#2309=FACE_OUTER_BOUND('',#2308,.F.);
#2310=ADVANCED_FACE('',(#2309),#2302,.F.);
#2311=CARTESIAN_POINT('',(-2.256066017178E1,1.65E1,5.006066017178E1));
#2312=DIRECTION('',(0.E0,-1.E0,0.E0));
#2313=DIRECTION('',(-1.E0,0.E0,0.E0));
#2314=AXIS2_PLACEMENT_3D('',#2311,#2312,#2313);
#2315=PLANE('',#2314);
#2317=ORIENTED_EDGE('',*,*,#2316,.F.);
#2319=ORIENTED_EDGE('',*,*,#2318,.T.);
#2321=ORIENTED_EDGE('',*,*,#2320,.T.);
#2322=ORIENTED_EDGE('',*,*,#2305,.F.);
#2323=EDGE_LOOP('',(#2317,#2319,#2321,#2322));
#2324=FACE_OUTER_BOUND('',#2323,.F.);
#2325=ADVANCED_FACE('',(#2324),#2315,.F.);
#2326=CARTESIAN_POINT('',(-2.15E1,-1.65E1,4.9E1));
#2327=DIRECTION('',(0.E0,1.E0,0.E0));
#2328=DIRECTION('',(1.E0,0.E0,0.E0));
#2329=AXIS2_PLACEMENT_3D('',#2326,#2327,#2328);
#2330=CYLINDRICAL_SURFACE('',#2329,5.E-1);
#2332=ORIENTED_EDGE('',*,*,#2331,.F.);
#2334=ORIENTED_EDGE('',*,*,#2333,.T.);
#2335=ORIENTED_EDGE('',*,*,#2316,.T.);
#2336=ORIENTED_EDGE('',*,*,#2095,.F.);
#2337=EDGE_LOOP('',(#2332,#2334,#2335,#2336));
#2338=FACE_OUTER_BOUND('',#2337,.F.);
#2339=ADVANCED_FACE('',(#2338),#2330,.F.);
#2340=CARTESIAN_POINT('',(-2.256066017178E1,-1.65E1,5.006066017178E1));
#2341=DIRECTION('',(0.E0,-1.E0,0.E0));
#2342=DIRECTION('',(-1.E0,0.E0,0.E0));
#2343=AXIS2_PLACEMENT_3D('',#2340,#2341,#2342);
#2344=PLANE('',#2343);
#2345=ORIENTED_EDGE('',*,*,#2331,.T.);
#2347=ORIENTED_EDGE('',*,*,#2346,.T.);
#2349=ORIENTED_EDGE('',*,*,#2348,.F.);
#2351=ORIENTED_EDGE('',*,*,#2350,.F.);
#2352=EDGE_LOOP('',(#2345,#2347,#2349,#2351));
#2353=FACE_OUTER_BOUND('',#2352,.F.);
#2354=ADVANCED_FACE('',(#2353),#2344,.T.);
#2355=CARTESIAN_POINT('',(-2.3E1,-1.65E1,4.375E1));
#2356=DIRECTION('',(0.E0,-1.E0,0.E0));
#2357=DIRECTION('',(0.E0,0.E0,-1.E0));
#2358=AXIS2_PLACEMENT_3D('',#2355,#2356,#2357);
#2359=PLANE('',#2358);
#2360=ORIENTED_EDGE('',*,*,#2267,.F.);
#2361=ORIENTED_EDGE('',*,*,#2163,.F.);
#2362=ORIENTED_EDGE('',*,*,#2346,.F.);
#2363=ORIENTED_EDGE('',*,*,#2093,.T.);
#2364=EDGE_LOOP('',(#2360,#2361,#2362,#2363));
#2365=FACE_OUTER_BOUND('',#2364,.F.);
#2366=ADVANCED_FACE('',(#2365),#2359,.T.);
#2367=CARTESIAN_POINT('',(-2.15E1,-1.65E1,4.9E1));
#2368=DIRECTION('',(0.E0,1.E0,0.E0));
#2369=DIRECTION('',(1.E0,0.E0,0.E0));
#2370=AXIS2_PLACEMENT_3D('',#2367,#2368,#2369);
#2371=CYLINDRICAL_SURFACE('',#2370,2.5E0);
#2372=ORIENTED_EDGE('',*,*,#2348,.T.);
#2373=ORIENTED_EDGE('',*,*,#2161,.T.);
#2374=ORIENTED_EDGE('',*,*,#2320,.F.);
#2376=ORIENTED_EDGE('',*,*,#2375,.F.);
#2377=EDGE_LOOP('',(#2372,#2373,#2374,#2376));
#2378=FACE_OUTER_BOUND('',#2377,.F.);
#2379=ADVANCED_FACE('',(#2378),#2371,.T.);
#2380=CARTESIAN_POINT('',(2.15E1,-1.65E1,5.15E1));
#2381=DIRECTION('',(0.E0,0.E0,-1.E0));
#2382=DIRECTION('',(-1.E0,0.E0,0.E0));
#2383=AXIS2_PLACEMENT_3D('',#2380,#2381,#2382);
#2384=PLANE('',#2383);
#2386=ORIENTED_EDGE('',*,*,#2385,.T.);
#2387=ORIENTED_EDGE('',*,*,#2375,.T.);
#2389=ORIENTED_EDGE('',*,*,#2388,.F.);
#2391=ORIENTED_EDGE('',*,*,#2390,.F.);
#2392=EDGE_LOOP('',(#2386,#2387,#2389,#2391));
#2393=FACE_OUTER_BOUND('',#2392,.F.);
#2395=ORIENTED_EDGE('',*,*,#2394,.F.);
#2397=ORIENTED_EDGE('',*,*,#2396,.F.);
#2398=EDGE_LOOP('',(#2395,#2397));
#2399=FACE_BOUND('',#2398,.F.);
#2401=ORIENTED_EDGE('',*,*,#2400,.F.);
#2403=ORIENTED_EDGE('',*,*,#2402,.F.);
#2404=EDGE_LOOP('',(#2401,#2403));
#2405=FACE_BOUND('',#2404,.F.);
#2407=ORIENTED_EDGE('',*,*,#2406,.F.);
#2409=ORIENTED_EDGE('',*,*,#2408,.F.);
#2410=EDGE_LOOP('',(#2407,#2409));
#2411=FACE_BOUND('',#2410,.F.);
#2413=ORIENTED_EDGE('',*,*,#2412,.F.);
#2415=ORIENTED_EDGE('',*,*,#2414,.F.);
#2416=EDGE_LOOP('',(#2413,#2415));
#2417=FACE_BOUND('',#2416,.F.);
#2419=ORIENTED_EDGE('',*,*,#2418,.F.);
#2421=ORIENTED_EDGE('',*,*,#2420,.F.);
#2422=EDGE_LOOP('',(#2419,#2421));
#2423=FACE_BOUND('',#2422,.F.);
#2425=ORIENTED_EDGE('',*,*,#2424,.F.);
#2427=ORIENTED_EDGE('',*,*,#2426,.F.);
#2428=EDGE_LOOP('',(#2425,#2427));
#2429=FACE_BOUND('',#2428,.F.);
#2431=ORIENTED_EDGE('',*,*,#2430,.F.);
#2433=ORIENTED_EDGE('',*,*,#2432,.F.);
#2434=EDGE_LOOP('',(#2431,#2433));
#2435=FACE_BOUND('',#2434,.F.);
#2437=ORIENTED_EDGE('',*,*,#2436,.F.);
#2439=ORIENTED_EDGE('',*,*,#2438,.F.);
#2440=EDGE_LOOP('',(#2437,#2439));
#2441=FACE_BOUND('',#2440,.F.);
#2443=ORIENTED_EDGE('',*,*,#2442,.T.);
#2445=ORIENTED_EDGE('',*,*,#2444,.T.);
#2446=EDGE_LOOP('',(#2443,#2445));
#2447=FACE_BOUND('',#2446,.F.);
#2449=ORIENTED_EDGE('',*,*,#2448,.T.);
#2451=ORIENTED_EDGE('',*,*,#2450,.T.);
#2452=EDGE_LOOP('',(#2449,#2451));
#2453=FACE_BOUND('',#2452,.F.);
#2455=ORIENTED_EDGE('',*,*,#2454,.T.);
#2457=ORIENTED_EDGE('',*,*,#2456,.T.);
#2458=EDGE_LOOP('',(#2455,#2457));
#2459=FACE_BOUND('',#2458,.F.);
#2461=ORIENTED_EDGE('',*,*,#2460,.T.);
#2463=ORIENTED_EDGE('',*,*,#2462,.T.);
#2464=EDGE_LOOP('',(#2461,#2463));
#2465=FACE_BOUND('',#2464,.F.);
#2467=ORIENTED_EDGE('',*,*,#2466,.F.);
#2469=ORIENTED_EDGE('',*,*,#2468,.F.);
#2470=EDGE_LOOP('',(#2467,#2469));
#2471=FACE_BOUND('',#2470,.F.);
#2473=ORIENTED_EDGE('',*,*,#2472,.F.);
#2475=ORIENTED_EDGE('',*,*,#2474,.F.);
#2476=EDGE_LOOP('',(#2473,#2475));
#2477=FACE_BOUND('',#2476,.F.);
#2479=ORIENTED_EDGE('',*,*,#2478,.F.);
#2481=ORIENTED_EDGE('',*,*,#2480,.F.);
#2482=EDGE_LOOP('',(#2479,#2481));
#2483=FACE_BOUND('',#2482,.F.);
#2485=ORIENTED_EDGE('',*,*,#2484,.F.);
#2487=ORIENTED_EDGE('',*,*,#2486,.F.);
#2488=EDGE_LOOP('',(#2485,#2487));
#2489=FACE_BOUND('',#2488,.F.);
#2491=ORIENTED_EDGE('',*,*,#2490,.T.);
#2493=ORIENTED_EDGE('',*,*,#2492,.T.);
#2494=EDGE_LOOP('',(#2491,#2493));
#2495=FACE_BOUND('',#2494,.F.);
#2497=ORIENTED_EDGE('',*,*,#2496,.T.);
#2499=ORIENTED_EDGE('',*,*,#2498,.T.);
#2500=EDGE_LOOP('',(#2497,#2499));
#2501=FACE_BOUND('',#2500,.F.);
#2503=ORIENTED_EDGE('',*,*,#2502,.T.);
#2505=ORIENTED_EDGE('',*,*,#2504,.T.);
#2506=EDGE_LOOP('',(#2503,#2505));
#2507=FACE_BOUND('',#2506,.F.);
#2509=ORIENTED_EDGE('',*,*,#2508,.T.);
#2511=ORIENTED_EDGE('',*,*,#2510,.T.);
#2512=EDGE_LOOP('',(#2509,#2511));
#2513=FACE_BOUND('',#2512,.F.);
#2515=ORIENTED_EDGE('',*,*,#2514,.F.);
#2517=ORIENTED_EDGE('',*,*,#2516,.F.);
#2518=EDGE_LOOP('',(#2515,#2517));
#2519=FACE_BOUND('',#2518,.F.);
#2521=ORIENTED_EDGE('',*,*,#2520,.F.);
#2523=ORIENTED_EDGE('',*,*,#2522,.F.);
#2524=EDGE_LOOP('',(#2521,#2523));
#2525=FACE_BOUND('',#2524,.F.);
#2527=ORIENTED_EDGE('',*,*,#2526,.F.);
#2529=ORIENTED_EDGE('',*,*,#2528,.F.);
#2530=EDGE_LOOP('',(#2527,#2529));
#2531=FACE_BOUND('',#2530,.F.);
#2533=ORIENTED_EDGE('',*,*,#2532,.F.);
#2535=ORIENTED_EDGE('',*,*,#2534,.F.);
#2536=EDGE_LOOP('',(#2533,#2535));
#2537=FACE_BOUND('',#2536,.F.);
#2539=ORIENTED_EDGE('',*,*,#2538,.T.);
#2541=ORIENTED_EDGE('',*,*,#2540,.T.);
#2542=EDGE_LOOP('',(#2539,#2541));
#2543=FACE_BOUND('',#2542,.F.);
#2545=ORIENTED_EDGE('',*,*,#2544,.T.);
#2547=ORIENTED_EDGE('',*,*,#2546,.T.);
#2548=EDGE_LOOP('',(#2545,#2547));
#2549=FACE_BOUND('',#2548,.F.);
#2551=ORIENTED_EDGE('',*,*,#2550,.T.);
#2553=ORIENTED_EDGE('',*,*,#2552,.T.);
#2554=EDGE_LOOP('',(#2551,#2553));
#2555=FACE_BOUND('',#2554,.F.);
#2557=ORIENTED_EDGE('',*,*,#2556,.T.);
#2559=ORIENTED_EDGE('',*,*,#2558,.T.);
#2560=EDGE_LOOP('',(#2557,#2559));
#2561=FACE_BOUND('',#2560,.F.);
#2563=ORIENTED_EDGE('',*,*,#2562,.F.);
#2565=ORIENTED_EDGE('',*,*,#2564,.F.);
#2567=ORIENTED_EDGE('',*,*,#2566,.F.);
#2569=ORIENTED_EDGE('',*,*,#2568,.F.);
#2571=ORIENTED_EDGE('',*,*,#2570,.F.);
#2573=ORIENTED_EDGE('',*,*,#2572,.F.);
#2575=ORIENTED_EDGE('',*,*,#2574,.F.);
#2577=ORIENTED_EDGE('',*,*,#2576,.T.);
#2579=ORIENTED_EDGE('',*,*,#2578,.F.);
#2581=ORIENTED_EDGE('',*,*,#2580,.F.);
#2583=ORIENTED_EDGE('',*,*,#2582,.F.);
#2585=ORIENTED_EDGE('',*,*,#2584,.F.);
#2587=ORIENTED_EDGE('',*,*,#2586,.F.);
#2589=ORIENTED_EDGE('',*,*,#2588,.F.);
#2591=ORIENTED_EDGE('',*,*,#2590,.F.);
#2593=ORIENTED_EDGE('',*,*,#2592,.T.);
#2594=EDGE_LOOP('',(#2563,#2565,#2567,#2569,#2571,#2573,#2575,#2577,#2579,#2581,
#2583,#2585,#2587,#2589,#2591,#2593));
#2595=FACE_BOUND('',#2594,.F.);
#2596=ADVANCED_FACE('',(#2393,#2399,#2405,#2411,#2417,#2423,#2429,#2435,#2441,
#2447,#2453,#2459,#2465,#2471,#2477,#2483,#2489,#2495,#2501,#2507,#2513,#2519,
#2525,#2531,#2537,#2543,#2549,#2555,#2561,#2595),#2384,.F.);
#2597=CARTESIAN_POINT('',(0.E0,-1.65E1,5.05E1));
#2598=DIRECTION('',(0.E0,-1.E0,0.E0));
#2599=DIRECTION('',(-1.E0,0.E0,0.E0));
#2600=AXIS2_PLACEMENT_3D('',#2597,#2598,#2599);
#2601=PLANE('',#2600);
#2603=ORIENTED_EDGE('',*,*,#2602,.T.);
#2604=ORIENTED_EDGE('',*,*,#2350,.T.);
#2605=ORIENTED_EDGE('',*,*,#2385,.F.);
#2607=ORIENTED_EDGE('',*,*,#2606,.F.);
#2608=EDGE_LOOP('',(#2603,#2604,#2605,#2607));
#2609=FACE_OUTER_BOUND('',#2608,.F.);
#2610=ADVANCED_FACE('',(#2609),#2601,.T.);
#2611=CARTESIAN_POINT('',(2.15E1,-1.65E1,4.95E1));
#2612=DIRECTION('',(0.E0,0.E0,-1.E0));
#2613=DIRECTION('',(-1.E0,0.E0,0.E0));
#2614=AXIS2_PLACEMENT_3D('',#2611,#2612,#2613);
#2615=PLANE('',#2614);
#2616=ORIENTED_EDGE('',*,*,#2602,.F.);
#2618=ORIENTED_EDGE('',*,*,#2617,.T.);
#2620=ORIENTED_EDGE('',*,*,#2619,.T.);
#2621=ORIENTED_EDGE('',*,*,#2333,.F.);
#2622=EDGE_LOOP('',(#2616,#2618,#2620,#2621));
#2623=FACE_OUTER_BOUND('',#2622,.F.);
#2625=ORIENTED_EDGE('',*,*,#2624,.T.);
#2627=ORIENTED_EDGE('',*,*,#2626,.T.);
#2628=EDGE_LOOP('',(#2625,#2627));
#2629=FACE_BOUND('',#2628,.F.);
#2631=ORIENTED_EDGE('',*,*,#2630,.T.);
#2633=ORIENTED_EDGE('',*,*,#2632,.T.);
#2634=EDGE_LOOP('',(#2631,#2633));
#2635=FACE_BOUND('',#2634,.F.);
#2637=ORIENTED_EDGE('',*,*,#2636,.T.);
#2639=ORIENTED_EDGE('',*,*,#2638,.T.);
#2640=EDGE_LOOP('',(#2637,#2639));
#2641=FACE_BOUND('',#2640,.F.);
#2643=ORIENTED_EDGE('',*,*,#2642,.T.);
#2645=ORIENTED_EDGE('',*,*,#2644,.T.);
#2646=EDGE_LOOP('',(#2643,#2645));
#2647=FACE_BOUND('',#2646,.F.);
#2649=ORIENTED_EDGE('',*,*,#2648,.T.);
#2651=ORIENTED_EDGE('',*,*,#2650,.T.);
#2652=EDGE_LOOP('',(#2649,#2651));
#2653=FACE_BOUND('',#2652,.F.);
#2655=ORIENTED_EDGE('',*,*,#2654,.T.);
#2657=ORIENTED_EDGE('',*,*,#2656,.T.);
#2658=EDGE_LOOP('',(#2655,#2657));
#2659=FACE_BOUND('',#2658,.F.);
#2661=ORIENTED_EDGE('',*,*,#2660,.T.);
#2663=ORIENTED_EDGE('',*,*,#2662,.T.);
#2664=EDGE_LOOP('',(#2661,#2663));
#2665=FACE_BOUND('',#2664,.F.);
#2667=ORIENTED_EDGE('',*,*,#2666,.T.);
#2669=ORIENTED_EDGE('',*,*,#2668,.T.);
#2670=EDGE_LOOP('',(#2667,#2669));
#2671=FACE_BOUND('',#2670,.F.);
#2673=ORIENTED_EDGE('',*,*,#2672,.F.);
#2675=ORIENTED_EDGE('',*,*,#2674,.F.);
#2676=EDGE_LOOP('',(#2673,#2675));
#2677=FACE_BOUND('',#2676,.F.);
#2679=ORIENTED_EDGE('',*,*,#2678,.F.);
#2681=ORIENTED_EDGE('',*,*,#2680,.F.);
#2682=EDGE_LOOP('',(#2679,#2681));
#2683=FACE_BOUND('',#2682,.F.);
#2685=ORIENTED_EDGE('',*,*,#2684,.F.);
#2687=ORIENTED_EDGE('',*,*,#2686,.F.);
#2688=EDGE_LOOP('',(#2685,#2687));
#2689=FACE_BOUND('',#2688,.F.);
#2691=ORIENTED_EDGE('',*,*,#2690,.F.);
#2693=ORIENTED_EDGE('',*,*,#2692,.F.);
#2694=EDGE_LOOP('',(#2691,#2693));
#2695=FACE_BOUND('',#2694,.F.);
#2697=ORIENTED_EDGE('',*,*,#2696,.T.);
#2699=ORIENTED_EDGE('',*,*,#2698,.T.);
#2700=EDGE_LOOP('',(#2697,#2699));
#2701=FACE_BOUND('',#2700,.F.);
#2703=ORIENTED_EDGE('',*,*,#2702,.T.);
#2705=ORIENTED_EDGE('',*,*,#2704,.T.);
#2706=EDGE_LOOP('',(#2703,#2705));
#2707=FACE_BOUND('',#2706,.F.);
#2709=ORIENTED_EDGE('',*,*,#2708,.T.);
#2711=ORIENTED_EDGE('',*,*,#2710,.T.);
#2712=EDGE_LOOP('',(#2709,#2711));
#2713=FACE_BOUND('',#2712,.F.);
#2715=ORIENTED_EDGE('',*,*,#2714,.T.);
#2717=ORIENTED_EDGE('',*,*,#2716,.T.);
#2718=EDGE_LOOP('',(#2715,#2717));
#2719=FACE_BOUND('',#2718,.F.);
#2721=ORIENTED_EDGE('',*,*,#2720,.F.);
#2723=ORIENTED_EDGE('',*,*,#2722,.F.);
#2724=EDGE_LOOP('',(#2721,#2723));
#2725=FACE_BOUND('',#2724,.F.);
#2727=ORIENTED_EDGE('',*,*,#2726,.F.);
#2729=ORIENTED_EDGE('',*,*,#2728,.F.);
#2730=EDGE_LOOP('',(#2727,#2729));
#2731=FACE_BOUND('',#2730,.F.);
#2733=ORIENTED_EDGE('',*,*,#2732,.F.);
#2735=ORIENTED_EDGE('',*,*,#2734,.F.);
#2736=EDGE_LOOP('',(#2733,#2735));
#2737=FACE_BOUND('',#2736,.F.);
#2739=ORIENTED_EDGE('',*,*,#2738,.F.);
#2741=ORIENTED_EDGE('',*,*,#2740,.F.);
#2742=EDGE_LOOP('',(#2739,#2741));
#2743=FACE_BOUND('',#2742,.F.);
#2745=ORIENTED_EDGE('',*,*,#2744,.T.);
#2747=ORIENTED_EDGE('',*,*,#2746,.T.);
#2748=EDGE_LOOP('',(#2745,#2747));
#2749=FACE_BOUND('',#2748,.F.);
#2751=ORIENTED_EDGE('',*,*,#2750,.T.);
#2753=ORIENTED_EDGE('',*,*,#2752,.T.);
#2754=EDGE_LOOP('',(#2751,#2753));
#2755=FACE_BOUND('',#2754,.F.);
#2757=ORIENTED_EDGE('',*,*,#2756,.T.);
#2759=ORIENTED_EDGE('',*,*,#2758,.T.);
#2760=EDGE_LOOP('',(#2757,#2759));
#2761=FACE_BOUND('',#2760,.F.);
#2763=ORIENTED_EDGE('',*,*,#2762,.T.);
#2765=ORIENTED_EDGE('',*,*,#2764,.T.);
#2766=EDGE_LOOP('',(#2763,#2765));
#2767=FACE_BOUND('',#2766,.F.);
#2769=ORIENTED_EDGE('',*,*,#2768,.F.);
#2771=ORIENTED_EDGE('',*,*,#2770,.F.);
#2772=EDGE_LOOP('',(#2769,#2771));
#2773=FACE_BOUND('',#2772,.F.);
#2775=ORIENTED_EDGE('',*,*,#2774,.F.);
#2777=ORIENTED_EDGE('',*,*,#2776,.F.);
#2778=EDGE_LOOP('',(#2775,#2777));
#2779=FACE_BOUND('',#2778,.F.);
#2781=ORIENTED_EDGE('',*,*,#2780,.F.);
#2783=ORIENTED_EDGE('',*,*,#2782,.F.);
#2784=EDGE_LOOP('',(#2781,#2783));
#2785=FACE_BOUND('',#2784,.F.);
#2787=ORIENTED_EDGE('',*,*,#2786,.F.);
#2789=ORIENTED_EDGE('',*,*,#2788,.F.);
#2790=EDGE_LOOP('',(#2787,#2789));
#2791=FACE_BOUND('',#2790,.F.);
#2793=ORIENTED_EDGE('',*,*,#2792,.F.);
#2795=ORIENTED_EDGE('',*,*,#2794,.F.);
#2797=ORIENTED_EDGE('',*,*,#2796,.F.);
#2799=ORIENTED_EDGE('',*,*,#2798,.T.);
#2801=ORIENTED_EDGE('',*,*,#2800,.F.);
#2803=ORIENTED_EDGE('',*,*,#2802,.T.);
#2805=ORIENTED_EDGE('',*,*,#2804,.F.);
#2807=ORIENTED_EDGE('',*,*,#2806,.T.);
#2809=ORIENTED_EDGE('',*,*,#2808,.F.);
#2811=ORIENTED_EDGE('',*,*,#2810,.F.);
#2813=ORIENTED_EDGE('',*,*,#2812,.F.);
#2815=ORIENTED_EDGE('',*,*,#2814,.T.);
#2817=ORIENTED_EDGE('',*,*,#2816,.F.);
#2819=ORIENTED_EDGE('',*,*,#2818,.T.);
#2821=ORIENTED_EDGE('',*,*,#2820,.F.);
#2823=ORIENTED_EDGE('',*,*,#2822,.T.);
#2824=EDGE_LOOP('',(#2793,#2795,#2797,#2799,#2801,#2803,#2805,#2807,#2809,#2811,
#2813,#2815,#2817,#2819,#2821,#2823));
#2825=FACE_BOUND('',#2824,.F.);
#2826=ADVANCED_FACE('',(#2623,#2629,#2635,#2641,#2647,#2653,#2659,#2665,#2671,
#2677,#2683,#2689,#2695,#2701,#2707,#2713,#2719,#2725,#2731,#2737,#2743,#2749,
#2755,#2761,#2767,#2773,#2779,#2785,#2791,#2825),#2615,.T.);
#2827=CARTESIAN_POINT('',(2.15E1,-1.65E1,4.9E1));
#2828=DIRECTION('',(0.E0,1.E0,0.E0));
#2829=DIRECTION('',(1.E0,0.E0,0.E0));
#2830=AXIS2_PLACEMENT_3D('',#2827,#2828,#2829);
#2831=CYLINDRICAL_SURFACE('',#2830,5.E-1);
#2833=ORIENTED_EDGE('',*,*,#2832,.F.);
#2835=ORIENTED_EDGE('',*,*,#2834,.T.);
#2837=ORIENTED_EDGE('',*,*,#2836,.T.);
#2838=ORIENTED_EDGE('',*,*,#2617,.F.);
#2839=EDGE_LOOP('',(#2833,#2835,#2837,#2838));
#2840=FACE_OUTER_BOUND('',#2839,.F.);
#2841=ADVANCED_FACE('',(#2840),#2831,.F.);
#2842=CARTESIAN_POINT('',(2.256066017178E1,-1.65E1,5.006066017178E1));
#2843=DIRECTION('',(0.E0,-1.E0,0.E0));
#2844=DIRECTION('',(0.E0,0.E0,1.E0));
#2845=AXIS2_PLACEMENT_3D('',#2842,#2843,#2844);
#2846=PLANE('',#2845);
#2847=ORIENTED_EDGE('',*,*,#2832,.T.);
#2848=ORIENTED_EDGE('',*,*,#2606,.T.);
#2850=ORIENTED_EDGE('',*,*,#2849,.F.);
#2852=ORIENTED_EDGE('',*,*,#2851,.F.);
#2853=EDGE_LOOP('',(#2847,#2848,#2850,#2852));
#2854=FACE_OUTER_BOUND('',#2853,.F.);
#2855=ADVANCED_FACE('',(#2854),#2846,.T.);
#2856=CARTESIAN_POINT('',(2.15E1,-1.65E1,4.9E1));
#2857=DIRECTION('',(0.E0,1.E0,0.E0));
#2858=DIRECTION('',(1.E0,0.E0,0.E0));
#2859=AXIS2_PLACEMENT_3D('',#2856,#2857,#2858);
#2860=CYLINDRICAL_SURFACE('',#2859,2.5E0);
#2861=ORIENTED_EDGE('',*,*,#2849,.T.);
#2862=ORIENTED_EDGE('',*,*,#2390,.T.);
#2864=ORIENTED_EDGE('',*,*,#2863,.F.);
#2866=ORIENTED_EDGE('',*,*,#2865,.F.);
#2867=EDGE_LOOP('',(#2861,#2862,#2864,#2866));
#2868=FACE_OUTER_BOUND('',#2867,.F.);
#2869=ADVANCED_FACE('',(#2868),#2860,.T.);
#2870=CARTESIAN_POINT('',(2.256066017178E1,1.65E1,5.006066017178E1));
#2871=DIRECTION('',(0.E0,-1.E0,0.E0));
#2872=DIRECTION('',(0.E0,0.E0,1.E0));
#2873=AXIS2_PLACEMENT_3D('',#2870,#2871,#2872);
#2874=PLANE('',#2873);
#2875=ORIENTED_EDGE('',*,*,#2836,.F.);
#2877=ORIENTED_EDGE('',*,*,#2876,.T.);
#2878=ORIENTED_EDGE('',*,*,#2863,.T.);
#2880=ORIENTED_EDGE('',*,*,#2879,.F.);
#2881=EDGE_LOOP('',(#2875,#2877,#2878,#2880));
#2882=FACE_OUTER_BOUND('',#2881,.F.);
#2883=ADVANCED_FACE('',(#2882),#2874,.F.);
#2884=CARTESIAN_POINT('',(2.3E1,1.65E1,4.375E1));
#2885=DIRECTION('',(0.E0,-1.E0,0.E0));
#2886=DIRECTION('',(0.E0,0.E0,1.E0));
#2887=AXIS2_PLACEMENT_3D('',#2884,#2885,#2886);
#2888=PLANE('',#2887);
#2890=ORIENTED_EDGE('',*,*,#2889,.F.);
#2892=ORIENTED_EDGE('',*,*,#2891,.T.);
#2893=ORIENTED_EDGE('',*,*,#2876,.F.);
#2895=ORIENTED_EDGE('',*,*,#2894,.F.);
#2896=EDGE_LOOP('',(#2890,#2892,#2893,#2895));
#2897=FACE_OUTER_BOUND('',#2896,.F.);
#2898=ADVANCED_FACE('',(#2897),#2888,.F.);
#2899=CARTESIAN_POINT('',(8.657280002050E1,1.5E1,4.E1));
#2900=DIRECTION('',(-1.E0,0.E0,0.E0));
#2901=DIRECTION('',(0.E0,1.E0,0.E0));
#2902=AXIS2_PLACEMENT_3D('',#2899,#2900,#2901);
#2903=CYLINDRICAL_SURFACE('',#2902,1.5E0);
#2905=ORIENTED_EDGE('',*,*,#2904,.T.);
#2907=ORIENTED_EDGE('',*,*,#2906,.F.);
#2909=ORIENTED_EDGE('',*,*,#2908,.T.);
#2910=ORIENTED_EDGE('',*,*,#2889,.T.);
#2911=EDGE_LOOP('',(#2905,#2907,#2909,#2910));
#2912=FACE_OUTER_BOUND('',#2911,.F.);
#2913=ADVANCED_FACE('',(#2912),#2903,.T.);
#2914=CARTESIAN_POINT('',(2.2E1,-1.65E1,3.85E1));
#2915=DIRECTION('',(-1.E0,0.E0,0.E0));
#2916=DIRECTION('',(0.E0,0.E0,1.E0));
#2917=AXIS2_PLACEMENT_3D('',#2914,#2915,#2916);
#2918=PLANE('',#2917);
#2920=ORIENTED_EDGE('',*,*,#2919,.F.);
#2922=ORIENTED_EDGE('',*,*,#2921,.T.);
#2923=ORIENTED_EDGE('',*,*,#2904,.F.);
#2924=ORIENTED_EDGE('',*,*,#2894,.T.);
#2925=ORIENTED_EDGE('',*,*,#2834,.F.);
#2927=ORIENTED_EDGE('',*,*,#2926,.F.);
#2928=EDGE_LOOP('',(#2920,#2922,#2923,#2924,#2925,#2927));
#2929=FACE_OUTER_BOUND('',#2928,.F.);
#2931=ORIENTED_EDGE('',*,*,#2930,.F.);
#2933=ORIENTED_EDGE('',*,*,#2932,.F.);
#2934=EDGE_LOOP('',(#2931,#2933));
#2935=FACE_BOUND('',#2934,.F.);
#2937=ORIENTED_EDGE('',*,*,#2936,.F.);
#2939=ORIENTED_EDGE('',*,*,#2938,.F.);
#2940=EDGE_LOOP('',(#2937,#2939));
#2941=FACE_BOUND('',#2940,.F.);
#2942=ADVANCED_FACE('',(#2929,#2935,#2941),#2918,.T.);
#2943=CARTESIAN_POINT('',(2.3E1,1.35E1,4.15E1));
#2944=DIRECTION('',(1.E0,0.E0,0.E0));
#2945=DIRECTION('',(0.E0,1.E0,0.E0));
#2946=AXIS2_PLACEMENT_3D('',#2943,#2944,#2945);
#2947=CYLINDRICAL_SURFACE('',#2946,1.3E0);
#2949=ORIENTED_EDGE('',*,*,#2948,.T.);
#2951=ORIENTED_EDGE('',*,*,#2950,.F.);
#2952=ORIENTED_EDGE('',*,*,#2936,.T.);
#2954=ORIENTED_EDGE('',*,*,#2953,.T.);
#2955=EDGE_LOOP('',(#2949,#2951,#2952,#2954));
#2956=FACE_OUTER_BOUND('',#2955,.F.);
#2957=ADVANCED_FACE('',(#2956),#2947,.F.);
#2958=CARTESIAN_POINT('',(2.329999998864E1,1.35E1,4.15E1));
#2959=DIRECTION('',(1.E0,0.E0,0.E0));
#2960=DIRECTION('',(0.E0,0.E0,-1.E0));
#2961=AXIS2_PLACEMENT_3D('',#2958,#2959,#2960);
#2962=CONICAL_SURFACE('',#2961,1.999999988637E0,4.5E1);
#2964=ORIENTED_EDGE('',*,*,#2963,.T.);
#2966=ORIENTED_EDGE('',*,*,#2965,.T.);
#2967=ORIENTED_EDGE('',*,*,#2948,.F.);
#2969=ORIENTED_EDGE('',*,*,#2968,.F.);
#2970=EDGE_LOOP('',(#2964,#2966,#2967,#2969));
#2971=FACE_OUTER_BOUND('',#2970,.F.);
#2972=ADVANCED_FACE('',(#2971),#2962,.F.);
#2973=CARTESIAN_POINT('',(2.4E1,-1.65E1,3.85E1));
#2974=DIRECTION('',(-1.E0,0.E0,0.E0));
#2975=DIRECTION('',(0.E0,0.E0,1.E0));
#2976=AXIS2_PLACEMENT_3D('',#2973,#2974,#2975);
#2977=PLANE('',#2976);
#2979=ORIENTED_EDGE('',*,*,#2978,.F.);
#2981=ORIENTED_EDGE('',*,*,#2980,.T.);
#2982=ORIENTED_EDGE('',*,*,#2865,.T.);
#2983=ORIENTED_EDGE('',*,*,#2891,.F.);
#2984=ORIENTED_EDGE('',*,*,#2908,.F.);
#2986=ORIENTED_EDGE('',*,*,#2985,.F.);
#2987=EDGE_LOOP('',(#2979,#2981,#2982,#2983,#2984,#2986));
#2988=FACE_OUTER_BOUND('',#2987,.F.);
#2990=ORIENTED_EDGE('',*,*,#2989,.F.);
#2992=ORIENTED_EDGE('',*,*,#2991,.F.);
#2993=EDGE_LOOP('',(#2990,#2992));
#2994=FACE_BOUND('',#2993,.F.);
#2996=ORIENTED_EDGE('',*,*,#2995,.F.);
#2997=ORIENTED_EDGE('',*,*,#2963,.F.);
#2998=EDGE_LOOP('',(#2996,#2997));
#2999=FACE_BOUND('',#2998,.F.);
#3000=ADVANCED_FACE('',(#2988,#2994,#2999),#2977,.F.);
#3001=CARTESIAN_POINT('',(2.329999998864E1,1.35E1,4.15E1));
#3002=DIRECTION('',(1.E0,0.E0,0.E0));
#3003=DIRECTION('',(0.E0,0.E0,-1.E0));
#3004=AXIS2_PLACEMENT_3D('',#3001,#3002,#3003);
#3005=CONICAL_SURFACE('',#3004,1.999999988637E0,4.5E1);
#3006=ORIENTED_EDGE('',*,*,#2995,.T.);
#3007=ORIENTED_EDGE('',*,*,#2968,.T.);
#3009=ORIENTED_EDGE('',*,*,#3008,.F.);
#3010=ORIENTED_EDGE('',*,*,#2965,.F.);
#3011=EDGE_LOOP('',(#3006,#3007,#3009,#3010));
#3012=FACE_OUTER_BOUND('',#3011,.F.);
#3013=ADVANCED_FACE('',(#3012),#3005,.F.);
#3014=CARTESIAN_POINT('',(2.3E1,1.35E1,4.15E1));
#3015=DIRECTION('',(1.E0,0.E0,0.E0));
#3016=DIRECTION('',(0.E0,-1.E0,0.E0));
#3017=AXIS2_PLACEMENT_3D('',#3014,#3015,#3016);
#3018=CYLINDRICAL_SURFACE('',#3017,1.3E0);
#3019=ORIENTED_EDGE('',*,*,#3008,.T.);
#3020=ORIENTED_EDGE('',*,*,#2953,.F.);
#3021=ORIENTED_EDGE('',*,*,#2938,.T.);
#3022=ORIENTED_EDGE('',*,*,#2950,.T.);
#3023=EDGE_LOOP('',(#3019,#3020,#3021,#3022));
#3024=FACE_OUTER_BOUND('',#3023,.F.);
#3025=ADVANCED_FACE('',(#3024),#3018,.F.);
#3026=CARTESIAN_POINT('',(2.329999998864E1,-1.35E1,4.15E1));
#3027=DIRECTION('',(1.E0,0.E0,0.E0));
#3028=DIRECTION('',(0.E0,0.E0,-1.E0));
#3029=AXIS2_PLACEMENT_3D('',#3026,#3027,#3028);
#3030=CONICAL_SURFACE('',#3029,1.999999988637E0,4.5E1);
#3031=ORIENTED_EDGE('',*,*,#2989,.T.);
#3033=ORIENTED_EDGE('',*,*,#3032,.T.);
#3035=ORIENTED_EDGE('',*,*,#3034,.F.);
#3037=ORIENTED_EDGE('',*,*,#3036,.F.);
#3038=EDGE_LOOP('',(#3031,#3033,#3035,#3037));
#3039=FACE_OUTER_BOUND('',#3038,.F.);
#3040=ADVANCED_FACE('',(#3039),#3030,.F.);
#3041=CARTESIAN_POINT('',(2.329999998864E1,-1.35E1,4.15E1));
#3042=DIRECTION('',(1.E0,0.E0,0.E0));
#3043=DIRECTION('',(0.E0,0.E0,-1.E0));
#3044=AXIS2_PLACEMENT_3D('',#3041,#3042,#3043);
#3045=CONICAL_SURFACE('',#3044,1.999999988637E0,4.5E1);
#3046=ORIENTED_EDGE('',*,*,#2991,.T.);
#3047=ORIENTED_EDGE('',*,*,#3036,.T.);
#3049=ORIENTED_EDGE('',*,*,#3048,.F.);
#3050=ORIENTED_EDGE('',*,*,#3032,.F.);
#3051=EDGE_LOOP('',(#3046,#3047,#3049,#3050));
#3052=FACE_OUTER_BOUND('',#3051,.F.);
#3053=ADVANCED_FACE('',(#3052),#3045,.F.);
#3054=CARTESIAN_POINT('',(2.3E1,-1.35E1,4.15E1));
#3055=DIRECTION('',(1.E0,0.E0,0.E0));
#3056=DIRECTION('',(0.E0,1.E0,0.E0));
#3057=AXIS2_PLACEMENT_3D('',#3054,#3055,#3056);
#3058=CYLINDRICAL_SURFACE('',#3057,1.3E0);
#3059=ORIENTED_EDGE('',*,*,#3048,.T.);
#3061=ORIENTED_EDGE('',*,*,#3060,.F.);
#3062=ORIENTED_EDGE('',*,*,#2930,.T.);
#3064=ORIENTED_EDGE('',*,*,#3063,.T.);
#3065=EDGE_LOOP('',(#3059,#3061,#3062,#3064));
#3066=FACE_OUTER_BOUND('',#3065,.F.);
#3067=ADVANCED_FACE('',(#3066),#3058,.F.);
#3068=CARTESIAN_POINT('',(2.3E1,-1.35E1,4.15E1));
#3069=DIRECTION('',(1.E0,0.E0,0.E0));
#3070=DIRECTION('',(0.E0,-1.E0,0.E0));
#3071=AXIS2_PLACEMENT_3D('',#3068,#3069,#3070);
#3072=CYLINDRICAL_SURFACE('',#3071,1.3E0);
#3073=ORIENTED_EDGE('',*,*,#3034,.T.);
#3074=ORIENTED_EDGE('',*,*,#3063,.F.);
#3075=ORIENTED_EDGE('',*,*,#2932,.T.);
#3076=ORIENTED_EDGE('',*,*,#3060,.T.);
#3077=EDGE_LOOP('',(#3073,#3074,#3075,#3076));
#3078=FACE_OUTER_BOUND('',#3077,.F.);
#3079=ADVANCED_FACE('',(#3078),#3072,.F.);
#3080=CARTESIAN_POINT('',(8.657280002050E1,-1.5E1,4.E1));
#3081=DIRECTION('',(-1.E0,0.E0,0.E0));
#3082=DIRECTION('',(0.E0,0.E0,-1.E0));
#3083=AXIS2_PLACEMENT_3D('',#3080,#3081,#3082);
#3084=CYLINDRICAL_SURFACE('',#3083,1.5E0);
#3085=ORIENTED_EDGE('',*,*,#2919,.T.);
#3087=ORIENTED_EDGE('',*,*,#3086,.F.);
#3088=ORIENTED_EDGE('',*,*,#2978,.T.);
#3090=ORIENTED_EDGE('',*,*,#3089,.T.);
#3091=EDGE_LOOP('',(#3085,#3087,#3088,#3090));
#3092=FACE_OUTER_BOUND('',#3091,.F.);
#3093=ADVANCED_FACE('',(#3092),#3084,.T.);
#3094=CARTESIAN_POINT('',(2.3E1,-1.65E1,4.375E1));
#3095=DIRECTION('',(0.E0,-1.E0,0.E0));
#3096=DIRECTION('',(0.E0,0.E0,1.E0));
#3097=AXIS2_PLACEMENT_3D('',#3094,#3095,#3096);
#3098=PLANE('',#3097);
#3099=ORIENTED_EDGE('',*,*,#3086,.T.);
#3100=ORIENTED_EDGE('',*,*,#2926,.T.);
#3101=ORIENTED_EDGE('',*,*,#2851,.T.);
#3102=ORIENTED_EDGE('',*,*,#2980,.F.);
#3103=EDGE_LOOP('',(#3099,#3100,#3101,#3102));
#3104=FACE_OUTER_BOUND('',#3103,.F.);
#3105=ADVANCED_FACE('',(#3104),#3098,.T.);
#3106=CARTESIAN_POINT('',(2.3E1,0.E0,3.85E1));
#3107=DIRECTION('',(0.E0,0.E0,1.E0));
#3108=DIRECTION('',(0.E0,1.E0,0.E0));
#3109=AXIS2_PLACEMENT_3D('',#3106,#3107,#3108);
#3110=PLANE('',#3109);
#3111=ORIENTED_EDGE('',*,*,#3089,.F.);
#3112=ORIENTED_EDGE('',*,*,#2985,.T.);
#3113=ORIENTED_EDGE('',*,*,#2906,.T.);
#3114=ORIENTED_EDGE('',*,*,#2921,.F.);
#3115=EDGE_LOOP('',(#3111,#3112,#3113,#3114));
#3116=FACE_OUTER_BOUND('',#3115,.F.);
#3117=ADVANCED_FACE('',(#3116),#3110,.F.);
#3118=CARTESIAN_POINT('',(0.E0,1.65E1,5.05E1));
#3119=DIRECTION('',(0.E0,-1.E0,0.E0));
#3120=DIRECTION('',(-1.E0,0.E0,0.E0));
#3121=AXIS2_PLACEMENT_3D('',#3118,#3119,#3120);
#3122=PLANE('',#3121);
#3123=ORIENTED_EDGE('',*,*,#2619,.F.);
#3124=ORIENTED_EDGE('',*,*,#2879,.T.);
#3125=ORIENTED_EDGE('',*,*,#2388,.T.);
#3126=ORIENTED_EDGE('',*,*,#2318,.F.);
#3127=EDGE_LOOP('',(#3123,#3124,#3125,#3126));
#3128=FACE_OUTER_BOUND('',#3127,.F.);
#3129=ADVANCED_FACE('',(#3128),#3122,.F.);
#3130=CARTESIAN_POINT('',(0.E0,1.1E1,5.15E1));
#3131=DIRECTION('',(0.E0,0.E0,-1.E0));
#3132=DIRECTION('',(-1.E0,0.E0,0.E0));
#3133=AXIS2_PLACEMENT_3D('',#3130,#3131,#3132);
#3134=CYLINDRICAL_SURFACE('',#3133,1.25E0);
#3135=ORIENTED_EDGE('',*,*,#2624,.F.);
#3137=ORIENTED_EDGE('',*,*,#3136,.F.);
#3138=ORIENTED_EDGE('',*,*,#2394,.T.);
#3140=ORIENTED_EDGE('',*,*,#3139,.T.);
#3141=EDGE_LOOP('',(#3135,#3137,#3138,#3140));
#3142=FACE_OUTER_BOUND('',#3141,.F.);
#3143=ADVANCED_FACE('',(#3142),#3134,.F.);
#3144=CARTESIAN_POINT('',(0.E0,1.1E1,5.15E1));
#3145=DIRECTION('',(0.E0,0.E0,-1.E0));
#3146=DIRECTION('',(-1.E0,0.E0,0.E0));
#3147=AXIS2_PLACEMENT_3D('',#3144,#3145,#3146);
#3148=CYLINDRICAL_SURFACE('',#3147,1.25E0);
#3149=ORIENTED_EDGE('',*,*,#2626,.F.);
#3150=ORIENTED_EDGE('',*,*,#3139,.F.);
#3151=ORIENTED_EDGE('',*,*,#2396,.T.);
#3152=ORIENTED_EDGE('',*,*,#3136,.T.);
#3153=EDGE_LOOP('',(#3149,#3150,#3151,#3152));
#3154=FACE_OUTER_BOUND('',#3153,.F.);
#3155=ADVANCED_FACE('',(#3154),#3148,.F.);
#3156=CARTESIAN_POINT('',(-7.778174593052E0,7.778174593052E0,5.15E1));
#3157=DIRECTION('',(0.E0,0.E0,-1.E0));
#3158=DIRECTION('',(-7.071067811865E-1,-7.071067811865E-1,0.E0));
#3159=AXIS2_PLACEMENT_3D('',#3156,#3157,#3158);
#3160=CYLINDRICAL_SURFACE('',#3159,1.25E0);
#3161=ORIENTED_EDGE('',*,*,#2630,.F.);
#3163=ORIENTED_EDGE('',*,*,#3162,.F.);
#3164=ORIENTED_EDGE('',*,*,#2400,.T.);
#3166=ORIENTED_EDGE('',*,*,#3165,.T.);
#3167=EDGE_LOOP('',(#3161,#3163,#3164,#3166));
#3168=FACE_OUTER_BOUND('',#3167,.F.);
#3169=ADVANCED_FACE('',(#3168),#3160,.F.);
#3170=CARTESIAN_POINT('',(-7.778174593052E0,7.778174593052E0,5.15E1));
#3171=DIRECTION('',(0.E0,0.E0,-1.E0));
#3172=DIRECTION('',(-7.071067811865E-1,-7.071067811865E-1,0.E0));
#3173=AXIS2_PLACEMENT_3D('',#3170,#3171,#3172);
#3174=CYLINDRICAL_SURFACE('',#3173,1.25E0);
#3175=ORIENTED_EDGE('',*,*,#2632,.F.);
#3176=ORIENTED_EDGE('',*,*,#3165,.F.);
#3177=ORIENTED_EDGE('',*,*,#2402,.T.);
#3178=ORIENTED_EDGE('',*,*,#3162,.T.);
#3179=EDGE_LOOP('',(#3175,#3176,#3177,#3178));
#3180=FACE_OUTER_BOUND('',#3179,.F.);
#3181=ADVANCED_FACE('',(#3180),#3174,.F.);
#3182=CARTESIAN_POINT('',(-1.1E1,0.E0,5.15E1));
#3183=DIRECTION('',(0.E0,0.E0,-1.E0));
#3184=DIRECTION('',(0.E0,-1.E0,0.E0));
#3185=AXIS2_PLACEMENT_3D('',#3182,#3183,#3184);
#3186=CYLINDRICAL_SURFACE('',#3185,1.25E0);
#3187=ORIENTED_EDGE('',*,*,#2636,.F.);
#3189=ORIENTED_EDGE('',*,*,#3188,.F.);
#3190=ORIENTED_EDGE('',*,*,#2406,.T.);
#3192=ORIENTED_EDGE('',*,*,#3191,.T.);
#3193=EDGE_LOOP('',(#3187,#3189,#3190,#3192));
#3194=FACE_OUTER_BOUND('',#3193,.F.);
#3195=ADVANCED_FACE('',(#3194),#3186,.F.);
#3196=CARTESIAN_POINT('',(-1.1E1,0.E0,5.15E1));
#3197=DIRECTION('',(0.E0,0.E0,-1.E0));
#3198=DIRECTION('',(0.E0,-1.E0,0.E0));
#3199=AXIS2_PLACEMENT_3D('',#3196,#3197,#3198);
#3200=CYLINDRICAL_SURFACE('',#3199,1.25E0);
#3201=ORIENTED_EDGE('',*,*,#2638,.F.);
#3202=ORIENTED_EDGE('',*,*,#3191,.F.);
#3203=ORIENTED_EDGE('',*,*,#2408,.T.);
#3204=ORIENTED_EDGE('',*,*,#3188,.T.);
#3205=EDGE_LOOP('',(#3201,#3202,#3203,#3204));
#3206=FACE_OUTER_BOUND('',#3205,.F.);
#3207=ADVANCED_FACE('',(#3206),#3200,.F.);
#3208=CARTESIAN_POINT('',(-7.778174593052E0,-7.778174593052E0,5.15E1));
#3209=DIRECTION('',(0.E0,0.E0,-1.E0));
#3210=DIRECTION('',(7.071067811865E-1,-7.071067811865E-1,0.E0));
#3211=AXIS2_PLACEMENT_3D('',#3208,#3209,#3210);
#3212=CYLINDRICAL_SURFACE('',#3211,1.25E0);
#3213=ORIENTED_EDGE('',*,*,#2642,.F.);
#3215=ORIENTED_EDGE('',*,*,#3214,.F.);
#3216=ORIENTED_EDGE('',*,*,#2412,.T.);
#3218=ORIENTED_EDGE('',*,*,#3217,.T.);
#3219=EDGE_LOOP('',(#3213,#3215,#3216,#3218));
#3220=FACE_OUTER_BOUND('',#3219,.F.);
#3221=ADVANCED_FACE('',(#3220),#3212,.F.);
#3222=CARTESIAN_POINT('',(-7.778174593052E0,-7.778174593052E0,5.15E1));
#3223=DIRECTION('',(0.E0,0.E0,-1.E0));
#3224=DIRECTION('',(7.071067811865E-1,-7.071067811865E-1,0.E0));
#3225=AXIS2_PLACEMENT_3D('',#3222,#3223,#3224);
#3226=CYLINDRICAL_SURFACE('',#3225,1.25E0);
#3227=ORIENTED_EDGE('',*,*,#2644,.F.);
#3228=ORIENTED_EDGE('',*,*,#3217,.F.);
#3229=ORIENTED_EDGE('',*,*,#2414,.T.);
#3230=ORIENTED_EDGE('',*,*,#3214,.T.);
#3231=EDGE_LOOP('',(#3227,#3228,#3229,#3230));
#3232=FACE_OUTER_BOUND('',#3231,.F.);
#3233=ADVANCED_FACE('',(#3232),#3226,.F.);
#3234=CARTESIAN_POINT('',(0.E0,-1.1E1,5.15E1));
#3235=DIRECTION('',(0.E0,0.E0,-1.E0));
#3236=DIRECTION('',(1.E0,0.E0,0.E0));
#3237=AXIS2_PLACEMENT_3D('',#3234,#3235,#3236);
#3238=CYLINDRICAL_SURFACE('',#3237,1.25E0);
#3239=ORIENTED_EDGE('',*,*,#2648,.F.);
#3241=ORIENTED_EDGE('',*,*,#3240,.F.);
#3242=ORIENTED_EDGE('',*,*,#2418,.T.);
#3244=ORIENTED_EDGE('',*,*,#3243,.T.);
#3245=EDGE_LOOP('',(#3239,#3241,#3242,#3244));
#3246=FACE_OUTER_BOUND('',#3245,.F.);
#3247=ADVANCED_FACE('',(#3246),#3238,.F.);
#3248=CARTESIAN_POINT('',(0.E0,-1.1E1,5.15E1));
#3249=DIRECTION('',(0.E0,0.E0,-1.E0));
#3250=DIRECTION('',(1.E0,0.E0,0.E0));
#3251=AXIS2_PLACEMENT_3D('',#3248,#3249,#3250);
#3252=CYLINDRICAL_SURFACE('',#3251,1.25E0);
#3253=ORIENTED_EDGE('',*,*,#2650,.F.);
#3254=ORIENTED_EDGE('',*,*,#3243,.F.);
#3255=ORIENTED_EDGE('',*,*,#2420,.T.);
#3256=ORIENTED_EDGE('',*,*,#3240,.T.);
#3257=EDGE_LOOP('',(#3253,#3254,#3255,#3256));
#3258=FACE_OUTER_BOUND('',#3257,.F.);
#3259=ADVANCED_FACE('',(#3258),#3252,.F.);
#3260=CARTESIAN_POINT('',(7.778174593052E0,-7.778174593052E0,5.15E1));
#3261=DIRECTION('',(0.E0,0.E0,-1.E0));
#3262=DIRECTION('',(7.071067811865E-1,7.071067811865E-1,0.E0));
#3263=AXIS2_PLACEMENT_3D('',#3260,#3261,#3262);
#3264=CYLINDRICAL_SURFACE('',#3263,1.25E0);
#3265=ORIENTED_EDGE('',*,*,#2654,.F.);
#3267=ORIENTED_EDGE('',*,*,#3266,.F.);
#3268=ORIENTED_EDGE('',*,*,#2424,.T.);
#3270=ORIENTED_EDGE('',*,*,#3269,.T.);
#3271=EDGE_LOOP('',(#3265,#3267,#3268,#3270));
#3272=FACE_OUTER_BOUND('',#3271,.F.);
#3273=ADVANCED_FACE('',(#3272),#3264,.F.);
#3274=CARTESIAN_POINT('',(7.778174593052E0,-7.778174593052E0,5.15E1));
#3275=DIRECTION('',(0.E0,0.E0,-1.E0));
#3276=DIRECTION('',(7.071067811865E-1,7.071067811865E-1,0.E0));
#3277=AXIS2_PLACEMENT_3D('',#3274,#3275,#3276);
#3278=CYLINDRICAL_SURFACE('',#3277,1.25E0);
#3279=ORIENTED_EDGE('',*,*,#2656,.F.);
#3280=ORIENTED_EDGE('',*,*,#3269,.F.);
#3281=ORIENTED_EDGE('',*,*,#2426,.T.);
#3282=ORIENTED_EDGE('',*,*,#3266,.T.);
#3283=EDGE_LOOP('',(#3279,#3280,#3281,#3282));
#3284=FACE_OUTER_BOUND('',#3283,.F.);
#3285=ADVANCED_FACE('',(#3284),#3278,.F.);
#3286=CARTESIAN_POINT('',(1.1E1,0.E0,5.15E1));
#3287=DIRECTION('',(0.E0,0.E0,-1.E0));
#3288=DIRECTION('',(0.E0,1.E0,0.E0));
#3289=AXIS2_PLACEMENT_3D('',#3286,#3287,#3288);
#3290=CYLINDRICAL_SURFACE('',#3289,1.25E0);
#3291=ORIENTED_EDGE('',*,*,#2660,.F.);
#3293=ORIENTED_EDGE('',*,*,#3292,.F.);
#3294=ORIENTED_EDGE('',*,*,#2430,.T.);
#3296=ORIENTED_EDGE('',*,*,#3295,.T.);
#3297=EDGE_LOOP('',(#3291,#3293,#3294,#3296));
#3298=FACE_OUTER_BOUND('',#3297,.F.);
#3299=ADVANCED_FACE('',(#3298),#3290,.F.);
#3300=CARTESIAN_POINT('',(1.1E1,0.E0,5.15E1));
#3301=DIRECTION('',(0.E0,0.E0,-1.E0));
#3302=DIRECTION('',(0.E0,1.E0,0.E0));
#3303=AXIS2_PLACEMENT_3D('',#3300,#3301,#3302);
#3304=CYLINDRICAL_SURFACE('',#3303,1.25E0);
#3305=ORIENTED_EDGE('',*,*,#2662,.F.);
#3306=ORIENTED_EDGE('',*,*,#3295,.F.);
#3307=ORIENTED_EDGE('',*,*,#2432,.T.);
#3308=ORIENTED_EDGE('',*,*,#3292,.T.);
#3309=EDGE_LOOP('',(#3305,#3306,#3307,#3308));
#3310=FACE_OUTER_BOUND('',#3309,.F.);
#3311=ADVANCED_FACE('',(#3310),#3304,.F.);
#3312=CARTESIAN_POINT('',(7.778174593052E0,7.778174593052E0,5.15E1));
#3313=DIRECTION('',(0.E0,0.E0,-1.E0));
#3314=DIRECTION('',(-7.071067811865E-1,7.071067811865E-1,0.E0));
#3315=AXIS2_PLACEMENT_3D('',#3312,#3313,#3314);
#3316=CYLINDRICAL_SURFACE('',#3315,1.25E0);
#3317=ORIENTED_EDGE('',*,*,#2666,.F.);
#3319=ORIENTED_EDGE('',*,*,#3318,.F.);
#3320=ORIENTED_EDGE('',*,*,#2436,.T.);
#3322=ORIENTED_EDGE('',*,*,#3321,.T.);
#3323=EDGE_LOOP('',(#3317,#3319,#3320,#3322));
#3324=FACE_OUTER_BOUND('',#3323,.F.);
#3325=ADVANCED_FACE('',(#3324),#3316,.F.);
#3326=CARTESIAN_POINT('',(7.778174593052E0,7.778174593052E0,5.15E1));
#3327=DIRECTION('',(0.E0,0.E0,-1.E0));
#3328=DIRECTION('',(-7.071067811865E-1,7.071067811865E-1,0.E0));
#3329=AXIS2_PLACEMENT_3D('',#3326,#3327,#3328);
#3330=CYLINDRICAL_SURFACE('',#3329,1.25E0);
#3331=ORIENTED_EDGE('',*,*,#2668,.F.);
#3332=ORIENTED_EDGE('',*,*,#3321,.F.);
#3333=ORIENTED_EDGE('',*,*,#2438,.T.);
#3334=ORIENTED_EDGE('',*,*,#3318,.T.);
#3335=EDGE_LOOP('',(#3331,#3332,#3333,#3334));
#3336=FACE_OUTER_BOUND('',#3335,.F.);
#3337=ADVANCED_FACE('',(#3336),#3330,.F.);
#3338=CARTESIAN_POINT('',(3.5E0,8.E0,3.6485E1));
#3339=DIRECTION('',(0.E0,0.E0,1.E0));
#3340=DIRECTION('',(-1.E0,0.E0,0.E0));
#3341=AXIS2_PLACEMENT_3D('',#3338,#3339,#3340);
#3342=CYLINDRICAL_SURFACE('',#3341,1.025E0);
#3343=ORIENTED_EDGE('',*,*,#2672,.T.);
#3345=ORIENTED_EDGE('',*,*,#3344,.T.);
#3347=ORIENTED_EDGE('',*,*,#3346,.F.);
#3349=ORIENTED_EDGE('',*,*,#3348,.F.);
#3350=EDGE_LOOP('',(#3343,#3345,#3347,#3349));
#3351=FACE_OUTER_BOUND('',#3350,.F.);
#3352=ADVANCED_FACE('',(#3351),#3342,.F.);
#3353=CARTESIAN_POINT('',(3.5E0,8.E0,3.6485E1));
#3354=DIRECTION('',(0.E0,0.E0,1.E0));
#3355=DIRECTION('',(-1.E0,0.E0,0.E0));
#3356=AXIS2_PLACEMENT_3D('',#3353,#3354,#3355);
#3357=CYLINDRICAL_SURFACE('',#3356,1.025E0);
#3358=ORIENTED_EDGE('',*,*,#2674,.T.);
#3359=ORIENTED_EDGE('',*,*,#3348,.T.);
#3361=ORIENTED_EDGE('',*,*,#3360,.T.);
#3362=ORIENTED_EDGE('',*,*,#3344,.F.);
#3363=EDGE_LOOP('',(#3358,#3359,#3361,#3362));
#3364=FACE_OUTER_BOUND('',#3363,.F.);
#3365=ADVANCED_FACE('',(#3364),#3357,.F.);
#3366=CARTESIAN_POINT('',(3.5E0,8.E0,5.13625E1));
#3367=DIRECTION('',(0.E0,0.E0,1.E0));
#3368=DIRECTION('',(-1.E0,0.E0,0.E0));
#3369=AXIS2_PLACEMENT_3D('',#3366,#3367,#3368);
#3370=CONICAL_SURFACE('',#3369,1.1625E0,4.5E1);
#3371=ORIENTED_EDGE('',*,*,#2444,.F.);
#3373=ORIENTED_EDGE('',*,*,#3372,.F.);
#3374=ORIENTED_EDGE('',*,*,#3360,.F.);
#3376=ORIENTED_EDGE('',*,*,#3375,.T.);
#3377=EDGE_LOOP('',(#3371,#3373,#3374,#3376));
#3378=FACE_OUTER_BOUND('',#3377,.F.);
#3379=ADVANCED_FACE('',(#3378),#3370,.F.);
#3380=CARTESIAN_POINT('',(3.5E0,8.E0,5.13625E1));
#3381=DIRECTION('',(0.E0,0.E0,1.E0));
#3382=DIRECTION('',(-1.E0,0.E0,0.E0));
#3383=AXIS2_PLACEMENT_3D('',#3380,#3381,#3382);
#3384=CONICAL_SURFACE('',#3383,1.1625E0,4.5E1);
#3385=ORIENTED_EDGE('',*,*,#2442,.F.);
#3386=ORIENTED_EDGE('',*,*,#3375,.F.);
#3387=ORIENTED_EDGE('',*,*,#3346,.T.);
#3388=ORIENTED_EDGE('',*,*,#3372,.T.);
#3389=EDGE_LOOP('',(#3385,#3386,#3387,#3388));
#3390=FACE_OUTER_BOUND('',#3389,.F.);
#3391=ADVANCED_FACE('',(#3390),#3384,.F.);
#3392=CARTESIAN_POINT('',(-8.E0,3.5E0,3.6485E1));
#3393=DIRECTION('',(0.E0,0.E0,1.E0));
#3394=DIRECTION('',(0.E0,-1.E0,0.E0));
#3395=AXIS2_PLACEMENT_3D('',#3392,#3393,#3394);
#3396=CYLINDRICAL_SURFACE('',#3395,1.025E0);
#3397=ORIENTED_EDGE('',*,*,#2678,.T.);
#3399=ORIENTED_EDGE('',*,*,#3398,.T.);
#3401=ORIENTED_EDGE('',*,*,#3400,.F.);
#3403=ORIENTED_EDGE('',*,*,#3402,.F.);
#3404=EDGE_LOOP('',(#3397,#3399,#3401,#3403));
#3405=FACE_OUTER_BOUND('',#3404,.F.);
#3406=ADVANCED_FACE('',(#3405),#3396,.F.);
#3407=CARTESIAN_POINT('',(-8.E0,3.5E0,3.6485E1));
#3408=DIRECTION('',(0.E0,0.E0,1.E0));
#3409=DIRECTION('',(0.E0,-1.E0,0.E0));
#3410=AXIS2_PLACEMENT_3D('',#3407,#3408,#3409);
#3411=CYLINDRICAL_SURFACE('',#3410,1.025E0);
#3412=ORIENTED_EDGE('',*,*,#2680,.T.);
#3413=ORIENTED_EDGE('',*,*,#3402,.T.);
#3415=ORIENTED_EDGE('',*,*,#3414,.T.);
#3416=ORIENTED_EDGE('',*,*,#3398,.F.);
#3417=EDGE_LOOP('',(#3412,#3413,#3415,#3416));
#3418=FACE_OUTER_BOUND('',#3417,.F.);
#3419=ADVANCED_FACE('',(#3418),#3411,.F.);
#3420=CARTESIAN_POINT('',(-8.E0,3.5E0,5.13625E1));
#3421=DIRECTION('',(0.E0,0.E0,1.E0));
#3422=DIRECTION('',(0.E0,-1.E0,0.E0));
#3423=AXIS2_PLACEMENT_3D('',#3420,#3421,#3422);
#3424=CONICAL_SURFACE('',#3423,1.1625E0,4.5E1);
#3425=ORIENTED_EDGE('',*,*,#2450,.F.);
#3427=ORIENTED_EDGE('',*,*,#3426,.F.);
#3428=ORIENTED_EDGE('',*,*,#3414,.F.);
#3430=ORIENTED_EDGE('',*,*,#3429,.T.);
#3431=EDGE_LOOP('',(#3425,#3427,#3428,#3430));
#3432=FACE_OUTER_BOUND('',#3431,.F.);
#3433=ADVANCED_FACE('',(#3432),#3424,.F.);
#3434=CARTESIAN_POINT('',(-8.E0,3.5E0,5.13625E1));
#3435=DIRECTION('',(0.E0,0.E0,1.E0));
#3436=DIRECTION('',(0.E0,-1.E0,0.E0));
#3437=AXIS2_PLACEMENT_3D('',#3434,#3435,#3436);
#3438=CONICAL_SURFACE('',#3437,1.1625E0,4.5E1);
#3439=ORIENTED_EDGE('',*,*,#2448,.F.);
#3440=ORIENTED_EDGE('',*,*,#3429,.F.);
#3441=ORIENTED_EDGE('',*,*,#3400,.T.);
#3442=ORIENTED_EDGE('',*,*,#3426,.T.);
#3443=EDGE_LOOP('',(#3439,#3440,#3441,#3442));
#3444=FACE_OUTER_BOUND('',#3443,.F.);
#3445=ADVANCED_FACE('',(#3444),#3438,.F.);
#3446=CARTESIAN_POINT('',(-3.5E0,-8.E0,3.6485E1));
#3447=DIRECTION('',(0.E0,0.E0,1.E0));
#3448=DIRECTION('',(1.E0,0.E0,0.E0));
#3449=AXIS2_PLACEMENT_3D('',#3446,#3447,#3448);
#3450=CYLINDRICAL_SURFACE('',#3449,1.025E0);
#3451=ORIENTED_EDGE('',*,*,#2684,.T.);
#3453=ORIENTED_EDGE('',*,*,#3452,.T.);
#3455=ORIENTED_EDGE('',*,*,#3454,.F.);
#3457=ORIENTED_EDGE('',*,*,#3456,.F.);
#3458=EDGE_LOOP('',(#3451,#3453,#3455,#3457));
#3459=FACE_OUTER_BOUND('',#3458,.F.);
#3460=ADVANCED_FACE('',(#3459),#3450,.F.);
#3461=CARTESIAN_POINT('',(-3.5E0,-8.E0,3.6485E1));
#3462=DIRECTION('',(0.E0,0.E0,1.E0));
#3463=DIRECTION('',(1.E0,0.E0,0.E0));
#3464=AXIS2_PLACEMENT_3D('',#3461,#3462,#3463);
#3465=CYLINDRICAL_SURFACE('',#3464,1.025E0);
#3466=ORIENTED_EDGE('',*,*,#2686,.T.);
#3467=ORIENTED_EDGE('',*,*,#3456,.T.);
#3469=ORIENTED_EDGE('',*,*,#3468,.T.);
#3470=ORIENTED_EDGE('',*,*,#3452,.F.);
#3471=EDGE_LOOP('',(#3466,#3467,#3469,#3470));
#3472=FACE_OUTER_BOUND('',#3471,.F.);
#3473=ADVANCED_FACE('',(#3472),#3465,.F.);
#3474=CARTESIAN_POINT('',(-3.5E0,-8.E0,5.13625E1));
#3475=DIRECTION('',(0.E0,0.E0,1.E0));
#3476=DIRECTION('',(1.E0,0.E0,0.E0));
#3477=AXIS2_PLACEMENT_3D('',#3474,#3475,#3476);
#3478=CONICAL_SURFACE('',#3477,1.1625E0,4.5E1);
#3479=ORIENTED_EDGE('',*,*,#2456,.F.);
#3481=ORIENTED_EDGE('',*,*,#3480,.F.);
#3482=ORIENTED_EDGE('',*,*,#3468,.F.);
#3484=ORIENTED_EDGE('',*,*,#3483,.T.);
#3485=EDGE_LOOP('',(#3479,#3481,#3482,#3484));
#3486=FACE_OUTER_BOUND('',#3485,.F.);
#3487=ADVANCED_FACE('',(#3486),#3478,.F.);
#3488=CARTESIAN_POINT('',(-3.5E0,-8.E0,5.13625E1));
#3489=DIRECTION('',(0.E0,0.E0,1.E0));
#3490=DIRECTION('',(1.E0,0.E0,0.E0));
#3491=AXIS2_PLACEMENT_3D('',#3488,#3489,#3490);
#3492=CONICAL_SURFACE('',#3491,1.1625E0,4.5E1);
#3493=ORIENTED_EDGE('',*,*,#2454,.F.);
#3494=ORIENTED_EDGE('',*,*,#3483,.F.);
#3495=ORIENTED_EDGE('',*,*,#3454,.T.);
#3496=ORIENTED_EDGE('',*,*,#3480,.T.);
#3497=EDGE_LOOP('',(#3493,#3494,#3495,#3496));
#3498=FACE_OUTER_BOUND('',#3497,.F.);
#3499=ADVANCED_FACE('',(#3498),#3492,.F.);
#3500=CARTESIAN_POINT('',(8.E0,-3.5E0,3.6485E1));
#3501=DIRECTION('',(0.E0,0.E0,1.E0));
#3502=DIRECTION('',(0.E0,1.E0,0.E0));
#3503=AXIS2_PLACEMENT_3D('',#3500,#3501,#3502);
#3504=CYLINDRICAL_SURFACE('',#3503,1.025E0);
#3505=ORIENTED_EDGE('',*,*,#2690,.T.);
#3507=ORIENTED_EDGE('',*,*,#3506,.T.);
#3509=ORIENTED_EDGE('',*,*,#3508,.F.);
#3511=ORIENTED_EDGE('',*,*,#3510,.F.);
#3512=EDGE_LOOP('',(#3505,#3507,#3509,#3511));
#3513=FACE_OUTER_BOUND('',#3512,.F.);
#3514=ADVANCED_FACE('',(#3513),#3504,.F.);
#3515=CARTESIAN_POINT('',(8.E0,-3.5E0,3.6485E1));
#3516=DIRECTION('',(0.E0,0.E0,1.E0));
#3517=DIRECTION('',(0.E0,1.E0,0.E0));
#3518=AXIS2_PLACEMENT_3D('',#3515,#3516,#3517);
#3519=CYLINDRICAL_SURFACE('',#3518,1.025E0);
#3520=ORIENTED_EDGE('',*,*,#2692,.T.);
#3521=ORIENTED_EDGE('',*,*,#3510,.T.);
#3523=ORIENTED_EDGE('',*,*,#3522,.T.);
#3524=ORIENTED_EDGE('',*,*,#3506,.F.);
#3525=EDGE_LOOP('',(#3520,#3521,#3523,#3524));
#3526=FACE_OUTER_BOUND('',#3525,.F.);
#3527=ADVANCED_FACE('',(#3526),#3519,.F.);
#3528=CARTESIAN_POINT('',(8.E0,-3.5E0,5.13625E1));
#3529=DIRECTION('',(0.E0,0.E0,1.E0));
#3530=DIRECTION('',(0.E0,1.E0,0.E0));
#3531=AXIS2_PLACEMENT_3D('',#3528,#3529,#3530);
#3532=CONICAL_SURFACE('',#3531,1.1625E0,4.5E1);
#3533=ORIENTED_EDGE('',*,*,#2462,.F.);
#3535=ORIENTED_EDGE('',*,*,#3534,.F.);
#3536=ORIENTED_EDGE('',*,*,#3522,.F.);
#3538=ORIENTED_EDGE('',*,*,#3537,.T.);
#3539=EDGE_LOOP('',(#3533,#3535,#3536,#3538));
#3540=FACE_OUTER_BOUND('',#3539,.F.);
#3541=ADVANCED_FACE('',(#3540),#3532,.F.);
#3542=CARTESIAN_POINT('',(8.E0,-3.5E0,5.13625E1));
#3543=DIRECTION('',(0.E0,0.E0,1.E0));
#3544=DIRECTION('',(0.E0,1.E0,0.E0));
#3545=AXIS2_PLACEMENT_3D('',#3542,#3543,#3544);
#3546=CONICAL_SURFACE('',#3545,1.1625E0,4.5E1);
#3547=ORIENTED_EDGE('',*,*,#2460,.F.);
#3548=ORIENTED_EDGE('',*,*,#3537,.F.);
#3549=ORIENTED_EDGE('',*,*,#3508,.T.);
#3550=ORIENTED_EDGE('',*,*,#3534,.T.);
#3551=EDGE_LOOP('',(#3547,#3548,#3549,#3550));
#3552=FACE_OUTER_BOUND('',#3551,.F.);
#3553=ADVANCED_FACE('',(#3552),#3546,.F.);
#3554=CARTESIAN_POINT('',(-3.5E0,8.E0,5.15E1));
#3555=DIRECTION('',(0.E0,0.E0,-1.E0));
#3556=DIRECTION('',(-1.E0,0.E0,0.E0));
#3557=AXIS2_PLACEMENT_3D('',#3554,#3555,#3556);
#3558=CYLINDRICAL_SURFACE('',#3557,1.25E0);
#3559=ORIENTED_EDGE('',*,*,#2696,.F.);
#3561=ORIENTED_EDGE('',*,*,#3560,.F.);
#3562=ORIENTED_EDGE('',*,*,#2466,.T.);
#3564=ORIENTED_EDGE('',*,*,#3563,.T.);
#3565=EDGE_LOOP('',(#3559,#3561,#3562,#3564));
#3566=FACE_OUTER_BOUND('',#3565,.F.);
#3567=ADVANCED_FACE('',(#3566),#3558,.F.);
#3568=CARTESIAN_POINT('',(-3.5E0,8.E0,5.15E1));
#3569=DIRECTION('',(0.E0,0.E0,-1.E0));
#3570=DIRECTION('',(-1.E0,0.E0,0.E0));
#3571=AXIS2_PLACEMENT_3D('',#3568,#3569,#3570);
#3572=CYLINDRICAL_SURFACE('',#3571,1.25E0);
#3573=ORIENTED_EDGE('',*,*,#2698,.F.);
#3574=ORIENTED_EDGE('',*,*,#3563,.F.);
#3575=ORIENTED_EDGE('',*,*,#2468,.T.);
#3576=ORIENTED_EDGE('',*,*,#3560,.T.);
#3577=EDGE_LOOP('',(#3573,#3574,#3575,#3576));
#3578=FACE_OUTER_BOUND('',#3577,.F.);
#3579=ADVANCED_FACE('',(#3578),#3572,.F.);
#3580=CARTESIAN_POINT('',(-8.E0,-3.5E0,5.15E1));
#3581=DIRECTION('',(0.E0,0.E0,-1.E0));
#3582=DIRECTION('',(0.E0,-1.E0,0.E0));
#3583=AXIS2_PLACEMENT_3D('',#3580,#3581,#3582);
#3584=CYLINDRICAL_SURFACE('',#3583,1.25E0);
#3585=ORIENTED_EDGE('',*,*,#2702,.F.);
#3587=ORIENTED_EDGE('',*,*,#3586,.F.);
#3588=ORIENTED_EDGE('',*,*,#2472,.T.);
#3590=ORIENTED_EDGE('',*,*,#3589,.T.);
#3591=EDGE_LOOP('',(#3585,#3587,#3588,#3590));
#3592=FACE_OUTER_BOUND('',#3591,.F.);
#3593=ADVANCED_FACE('',(#3592),#3584,.F.);
#3594=CARTESIAN_POINT('',(-8.E0,-3.5E0,5.15E1));
#3595=DIRECTION('',(0.E0,0.E0,-1.E0));
#3596=DIRECTION('',(0.E0,-1.E0,0.E0));
#3597=AXIS2_PLACEMENT_3D('',#3594,#3595,#3596);
#3598=CYLINDRICAL_SURFACE('',#3597,1.25E0);
#3599=ORIENTED_EDGE('',*,*,#2704,.F.);
#3600=ORIENTED_EDGE('',*,*,#3589,.F.);
#3601=ORIENTED_EDGE('',*,*,#2474,.T.);
#3602=ORIENTED_EDGE('',*,*,#3586,.T.);
#3603=EDGE_LOOP('',(#3599,#3600,#3601,#3602));
#3604=FACE_OUTER_BOUND('',#3603,.F.);
#3605=ADVANCED_FACE('',(#3604),#3598,.F.);
#3606=CARTESIAN_POINT('',(3.5E0,-8.E0,5.15E1));
#3607=DIRECTION('',(0.E0,0.E0,-1.E0));
#3608=DIRECTION('',(1.E0,0.E0,0.E0));
#3609=AXIS2_PLACEMENT_3D('',#3606,#3607,#3608);
#3610=CYLINDRICAL_SURFACE('',#3609,1.25E0);
#3611=ORIENTED_EDGE('',*,*,#2708,.F.);
#3613=ORIENTED_EDGE('',*,*,#3612,.F.);
#3614=ORIENTED_EDGE('',*,*,#2478,.T.);
#3616=ORIENTED_EDGE('',*,*,#3615,.T.);
#3617=EDGE_LOOP('',(#3611,#3613,#3614,#3616));
#3618=FACE_OUTER_BOUND('',#3617,.F.);
#3619=ADVANCED_FACE('',(#3618),#3610,.F.);
#3620=CARTESIAN_POINT('',(3.5E0,-8.E0,5.15E1));
#3621=DIRECTION('',(0.E0,0.E0,-1.E0));
#3622=DIRECTION('',(1.E0,0.E0,0.E0));
#3623=AXIS2_PLACEMENT_3D('',#3620,#3621,#3622);
#3624=CYLINDRICAL_SURFACE('',#3623,1.25E0);
#3625=ORIENTED_EDGE('',*,*,#2710,.F.);
#3626=ORIENTED_EDGE('',*,*,#3615,.F.);
#3627=ORIENTED_EDGE('',*,*,#2480,.T.);
#3628=ORIENTED_EDGE('',*,*,#3612,.T.);
#3629=EDGE_LOOP('',(#3625,#3626,#3627,#3628));
#3630=FACE_OUTER_BOUND('',#3629,.F.);
#3631=ADVANCED_FACE('',(#3630),#3624,.F.);
#3632=CARTESIAN_POINT('',(8.E0,3.5E0,5.15E1));
#3633=DIRECTION('',(0.E0,0.E0,-1.E0));
#3634=DIRECTION('',(0.E0,1.E0,0.E0));
#3635=AXIS2_PLACEMENT_3D('',#3632,#3633,#3634);
#3636=CYLINDRICAL_SURFACE('',#3635,1.25E0);
#3637=ORIENTED_EDGE('',*,*,#2714,.F.);
#3639=ORIENTED_EDGE('',*,*,#3638,.F.);
#3640=ORIENTED_EDGE('',*,*,#2484,.T.);
#3642=ORIENTED_EDGE('',*,*,#3641,.T.);
#3643=EDGE_LOOP('',(#3637,#3639,#3640,#3642));
#3644=FACE_OUTER_BOUND('',#3643,.F.);
#3645=ADVANCED_FACE('',(#3644),#3636,.F.);
#3646=CARTESIAN_POINT('',(8.E0,3.5E0,5.15E1));
#3647=DIRECTION('',(0.E0,0.E0,-1.E0));
#3648=DIRECTION('',(0.E0,1.E0,0.E0));
#3649=AXIS2_PLACEMENT_3D('',#3646,#3647,#3648);
#3650=CYLINDRICAL_SURFACE('',#3649,1.25E0);
#3651=ORIENTED_EDGE('',*,*,#2716,.F.);
#3652=ORIENTED_EDGE('',*,*,#3641,.F.);
#3653=ORIENTED_EDGE('',*,*,#2486,.T.);
#3654=ORIENTED_EDGE('',*,*,#3638,.T.);
#3655=EDGE_LOOP('',(#3651,#3652,#3653,#3654));
#3656=FACE_OUTER_BOUND('',#3655,.F.);
#3657=ADVANCED_FACE('',(#3656),#3650,.F.);
#3658=CARTESIAN_POINT('',(1.1E1,6.E0,3.6485E1));
#3659=DIRECTION('',(0.E0,0.E0,1.E0));
#3660=DIRECTION('',(-1.E0,0.E0,0.E0));
#3661=AXIS2_PLACEMENT_3D('',#3658,#3659,#3660);
#3662=CYLINDRICAL_SURFACE('',#3661,1.025E0);
#3663=ORIENTED_EDGE('',*,*,#2720,.T.);
#3665=ORIENTED_EDGE('',*,*,#3664,.T.);
#3667=ORIENTED_EDGE('',*,*,#3666,.F.);
#3669=ORIENTED_EDGE('',*,*,#3668,.F.);
#3670=EDGE_LOOP('',(#3663,#3665,#3667,#3669));
#3671=FACE_OUTER_BOUND('',#3670,.F.);
#3672=ADVANCED_FACE('',(#3671),#3662,.F.);
#3673=CARTESIAN_POINT('',(1.1E1,6.E0,3.6485E1));
#3674=DIRECTION('',(0.E0,0.E0,1.E0));
#3675=DIRECTION('',(-1.E0,0.E0,0.E0));
#3676=AXIS2_PLACEMENT_3D('',#3673,#3674,#3675);
#3677=CYLINDRICAL_SURFACE('',#3676,1.025E0);
#3678=ORIENTED_EDGE('',*,*,#2722,.T.);
#3679=ORIENTED_EDGE('',*,*,#3668,.T.);
#3681=ORIENTED_EDGE('',*,*,#3680,.T.);
#3682=ORIENTED_EDGE('',*,*,#3664,.F.);
#3683=EDGE_LOOP('',(#3678,#3679,#3681,#3682));
#3684=FACE_OUTER_BOUND('',#3683,.F.);
#3685=ADVANCED_FACE('',(#3684),#3677,.F.);
#3686=CARTESIAN_POINT('',(1.1E1,6.E0,5.13375E1));
#3687=DIRECTION('',(0.E0,0.E0,1.E0));
#3688=DIRECTION('',(-1.E0,0.E0,0.E0));
#3689=AXIS2_PLACEMENT_3D('',#3686,#3687,#3688);
#3690=CONICAL_SURFACE('',#3689,1.1875E0,4.5E1);
#3691=ORIENTED_EDGE('',*,*,#2492,.F.);
#3693=ORIENTED_EDGE('',*,*,#3692,.F.);
#3694=ORIENTED_EDGE('',*,*,#3680,.F.);
#3696=ORIENTED_EDGE('',*,*,#3695,.T.);
#3697=EDGE_LOOP('',(#3691,#3693,#3694,#3696));
#3698=FACE_OUTER_BOUND('',#3697,.F.);
#3699=ADVANCED_FACE('',(#3698),#3690,.F.);
#3700=CARTESIAN_POINT('',(1.1E1,6.E0,5.13375E1));
#3701=DIRECTION('',(0.E0,0.E0,1.E0));
#3702=DIRECTION('',(-1.E0,0.E0,0.E0));
#3703=AXIS2_PLACEMENT_3D('',#3700,#3701,#3702);
#3704=CONICAL_SURFACE('',#3703,1.1875E0,4.5E1);
#3705=ORIENTED_EDGE('',*,*,#2490,.F.);
#3706=ORIENTED_EDGE('',*,*,#3695,.F.);
#3707=ORIENTED_EDGE('',*,*,#3666,.T.);
#3708=ORIENTED_EDGE('',*,*,#3692,.T.);
#3709=EDGE_LOOP('',(#3705,#3706,#3707,#3708));
#3710=FACE_OUTER_BOUND('',#3709,.F.);
#3711=ADVANCED_FACE('',(#3710),#3704,.F.);
#3712=CARTESIAN_POINT('',(-6.E0,1.1E1,3.6485E1));
#3713=DIRECTION('',(0.E0,0.E0,1.E0));
#3714=DIRECTION('',(0.E0,-1.E0,0.E0));
#3715=AXIS2_PLACEMENT_3D('',#3712,#3713,#3714);
#3716=CYLINDRICAL_SURFACE('',#3715,1.025E0);
#3717=ORIENTED_EDGE('',*,*,#2726,.T.);
#3719=ORIENTED_EDGE('',*,*,#3718,.T.);
#3721=ORIENTED_EDGE('',*,*,#3720,.F.);
#3723=ORIENTED_EDGE('',*,*,#3722,.F.);
#3724=EDGE_LOOP('',(#3717,#3719,#3721,#3723));
#3725=FACE_OUTER_BOUND('',#3724,.F.);
#3726=ADVANCED_FACE('',(#3725),#3716,.F.);
#3727=CARTESIAN_POINT('',(-6.E0,1.1E1,3.6485E1));
#3728=DIRECTION('',(0.E0,0.E0,1.E0));
#3729=DIRECTION('',(0.E0,-1.E0,0.E0));
#3730=AXIS2_PLACEMENT_3D('',#3727,#3728,#3729);
#3731=CYLINDRICAL_SURFACE('',#3730,1.025E0);
#3732=ORIENTED_EDGE('',*,*,#2728,.T.);
#3733=ORIENTED_EDGE('',*,*,#3722,.T.);
#3735=ORIENTED_EDGE('',*,*,#3734,.T.);
#3736=ORIENTED_EDGE('',*,*,#3718,.F.);
#3737=EDGE_LOOP('',(#3732,#3733,#3735,#3736));
#3738=FACE_OUTER_BOUND('',#3737,.F.);
#3739=ADVANCED_FACE('',(#3738),#3731,.F.);
#3740=CARTESIAN_POINT('',(-6.E0,1.1E1,5.13375E1));
#3741=DIRECTION('',(0.E0,0.E0,1.E0));
#3742=DIRECTION('',(0.E0,-1.E0,0.E0));
#3743=AXIS2_PLACEMENT_3D('',#3740,#3741,#3742);
#3744=CONICAL_SURFACE('',#3743,1.1875E0,4.5E1);
#3745=ORIENTED_EDGE('',*,*,#2498,.F.);
#3747=ORIENTED_EDGE('',*,*,#3746,.F.);
#3748=ORIENTED_EDGE('',*,*,#3734,.F.);
#3750=ORIENTED_EDGE('',*,*,#3749,.T.);
#3751=EDGE_LOOP('',(#3745,#3747,#3748,#3750));
#3752=FACE_OUTER_BOUND('',#3751,.F.);
#3753=ADVANCED_FACE('',(#3752),#3744,.F.);
#3754=CARTESIAN_POINT('',(-6.E0,1.1E1,5.13375E1));
#3755=DIRECTION('',(0.E0,0.E0,1.E0));
#3756=DIRECTION('',(0.E0,-1.E0,0.E0));
#3757=AXIS2_PLACEMENT_3D('',#3754,#3755,#3756);
#3758=CONICAL_SURFACE('',#3757,1.1875E0,4.5E1);
#3759=ORIENTED_EDGE('',*,*,#2496,.F.);
#3760=ORIENTED_EDGE('',*,*,#3749,.F.);
#3761=ORIENTED_EDGE('',*,*,#3720,.T.);
#3762=ORIENTED_EDGE('',*,*,#3746,.T.);
#3763=EDGE_LOOP('',(#3759,#3760,#3761,#3762));
#3764=FACE_OUTER_BOUND('',#3763,.F.);
#3765=ADVANCED_FACE('',(#3764),#3758,.F.);
#3766=CARTESIAN_POINT('',(-1.1E1,-6.E0,3.6485E1));
#3767=DIRECTION('',(0.E0,0.E0,1.E0));
#3768=DIRECTION('',(1.E0,0.E0,0.E0));
#3769=AXIS2_PLACEMENT_3D('',#3766,#3767,#3768);
#3770=CYLINDRICAL_SURFACE('',#3769,1.025E0);
#3771=ORIENTED_EDGE('',*,*,#2732,.T.);
#3773=ORIENTED_EDGE('',*,*,#3772,.T.);
#3775=ORIENTED_EDGE('',*,*,#3774,.F.);
#3777=ORIENTED_EDGE('',*,*,#3776,.F.);
#3778=EDGE_LOOP('',(#3771,#3773,#3775,#3777));
#3779=FACE_OUTER_BOUND('',#3778,.F.);
#3780=ADVANCED_FACE('',(#3779),#3770,.F.);
#3781=CARTESIAN_POINT('',(-1.1E1,-6.E0,3.6485E1));
#3782=DIRECTION('',(0.E0,0.E0,1.E0));
#3783=DIRECTION('',(1.E0,0.E0,0.E0));
#3784=AXIS2_PLACEMENT_3D('',#3781,#3782,#3783);
#3785=CYLINDRICAL_SURFACE('',#3784,1.025E0);
#3786=ORIENTED_EDGE('',*,*,#2734,.T.);
#3787=ORIENTED_EDGE('',*,*,#3776,.T.);
#3789=ORIENTED_EDGE('',*,*,#3788,.T.);
#3790=ORIENTED_EDGE('',*,*,#3772,.F.);
#3791=EDGE_LOOP('',(#3786,#3787,#3789,#3790));
#3792=FACE_OUTER_BOUND('',#3791,.F.);
#3793=ADVANCED_FACE('',(#3792),#3785,.F.);
#3794=CARTESIAN_POINT('',(-1.1E1,-6.E0,5.13375E1));
#3795=DIRECTION('',(0.E0,0.E0,1.E0));
#3796=DIRECTION('',(1.E0,0.E0,0.E0));
#3797=AXIS2_PLACEMENT_3D('',#3794,#3795,#3796);
#3798=CONICAL_SURFACE('',#3797,1.1875E0,4.5E1);
#3799=ORIENTED_EDGE('',*,*,#2504,.F.);
#3801=ORIENTED_EDGE('',*,*,#3800,.F.);
#3802=ORIENTED_EDGE('',*,*,#3788,.F.);
#3804=ORIENTED_EDGE('',*,*,#3803,.T.);
#3805=EDGE_LOOP('',(#3799,#3801,#3802,#3804));
#3806=FACE_OUTER_BOUND('',#3805,.F.);
#3807=ADVANCED_FACE('',(#3806),#3798,.F.);
#3808=CARTESIAN_POINT('',(-1.1E1,-6.E0,5.13375E1));
#3809=DIRECTION('',(0.E0,0.E0,1.E0));
#3810=DIRECTION('',(1.E0,0.E0,0.E0));
#3811=AXIS2_PLACEMENT_3D('',#3808,#3809,#3810);
#3812=CONICAL_SURFACE('',#3811,1.1875E0,4.5E1);
#3813=ORIENTED_EDGE('',*,*,#2502,.F.);
#3814=ORIENTED_EDGE('',*,*,#3803,.F.);
#3815=ORIENTED_EDGE('',*,*,#3774,.T.);
#3816=ORIENTED_EDGE('',*,*,#3800,.T.);
#3817=EDGE_LOOP('',(#3813,#3814,#3815,#3816));
#3818=FACE_OUTER_BOUND('',#3817,.F.);
#3819=ADVANCED_FACE('',(#3818),#3812,.F.);
#3820=CARTESIAN_POINT('',(6.E0,-1.1E1,3.6485E1));
#3821=DIRECTION('',(0.E0,0.E0,1.E0));
#3822=DIRECTION('',(0.E0,1.E0,0.E0));
#3823=AXIS2_PLACEMENT_3D('',#3820,#3821,#3822);
#3824=CYLINDRICAL_SURFACE('',#3823,1.025E0);
#3825=ORIENTED_EDGE('',*,*,#2738,.T.);
#3827=ORIENTED_EDGE('',*,*,#3826,.T.);
#3829=ORIENTED_EDGE('',*,*,#3828,.F.);
#3831=ORIENTED_EDGE('',*,*,#3830,.F.);
#3832=EDGE_LOOP('',(#3825,#3827,#3829,#3831));
#3833=FACE_OUTER_BOUND('',#3832,.F.);
#3834=ADVANCED_FACE('',(#3833),#3824,.F.);
#3835=CARTESIAN_POINT('',(6.E0,-1.1E1,3.6485E1));
#3836=DIRECTION('',(0.E0,0.E0,1.E0));
#3837=DIRECTION('',(0.E0,1.E0,0.E0));
#3838=AXIS2_PLACEMENT_3D('',#3835,#3836,#3837);
#3839=CYLINDRICAL_SURFACE('',#3838,1.025E0);
#3840=ORIENTED_EDGE('',*,*,#2740,.T.);
#3841=ORIENTED_EDGE('',*,*,#3830,.T.);
#3843=ORIENTED_EDGE('',*,*,#3842,.T.);
#3844=ORIENTED_EDGE('',*,*,#3826,.F.);
#3845=EDGE_LOOP('',(#3840,#3841,#3843,#3844));
#3846=FACE_OUTER_BOUND('',#3845,.F.);
#3847=ADVANCED_FACE('',(#3846),#3839,.F.);
#3848=CARTESIAN_POINT('',(6.E0,-1.1E1,5.13375E1));
#3849=DIRECTION('',(0.E0,0.E0,1.E0));
#3850=DIRECTION('',(0.E0,1.E0,0.E0));
#3851=AXIS2_PLACEMENT_3D('',#3848,#3849,#3850);
#3852=CONICAL_SURFACE('',#3851,1.1875E0,4.5E1);
#3853=ORIENTED_EDGE('',*,*,#2510,.F.);
#3855=ORIENTED_EDGE('',*,*,#3854,.F.);
#3856=ORIENTED_EDGE('',*,*,#3842,.F.);
#3858=ORIENTED_EDGE('',*,*,#3857,.T.);
#3859=EDGE_LOOP('',(#3853,#3855,#3856,#3858));
#3860=FACE_OUTER_BOUND('',#3859,.F.);
#3861=ADVANCED_FACE('',(#3860),#3852,.F.);
#3862=CARTESIAN_POINT('',(6.E0,-1.1E1,5.13375E1));
#3863=DIRECTION('',(0.E0,0.E0,1.E0));
#3864=DIRECTION('',(0.E0,1.E0,0.E0));
#3865=AXIS2_PLACEMENT_3D('',#3862,#3863,#3864);
#3866=CONICAL_SURFACE('',#3865,1.1875E0,4.5E1);
#3867=ORIENTED_EDGE('',*,*,#2508,.F.);
#3868=ORIENTED_EDGE('',*,*,#3857,.F.);
#3869=ORIENTED_EDGE('',*,*,#3828,.T.);
#3870=ORIENTED_EDGE('',*,*,#3854,.T.);
#3871=EDGE_LOOP('',(#3867,#3868,#3869,#3870));
#3872=FACE_OUTER_BOUND('',#3871,.F.);
#3873=ADVANCED_FACE('',(#3872),#3866,.F.);
#3874=CARTESIAN_POINT('',(6.E0,1.1E1,5.15E1));
#3875=DIRECTION('',(0.E0,0.E0,-1.E0));
#3876=DIRECTION('',(-1.E0,0.E0,0.E0));
#3877=AXIS2_PLACEMENT_3D('',#3874,#3875,#3876);
#3878=CYLINDRICAL_SURFACE('',#3877,1.25E0);
#3879=ORIENTED_EDGE('',*,*,#2744,.F.);
#3881=ORIENTED_EDGE('',*,*,#3880,.F.);
#3882=ORIENTED_EDGE('',*,*,#2514,.T.);
#3884=ORIENTED_EDGE('',*,*,#3883,.T.);
#3885=EDGE_LOOP('',(#3879,#3881,#3882,#3884));
#3886=FACE_OUTER_BOUND('',#3885,.F.);
#3887=ADVANCED_FACE('',(#3886),#3878,.F.);
#3888=CARTESIAN_POINT('',(6.E0,1.1E1,5.15E1));
#3889=DIRECTION('',(0.E0,0.E0,-1.E0));
#3890=DIRECTION('',(-1.E0,0.E0,0.E0));
#3891=AXIS2_PLACEMENT_3D('',#3888,#3889,#3890);
#3892=CYLINDRICAL_SURFACE('',#3891,1.25E0);
#3893=ORIENTED_EDGE('',*,*,#2746,.F.);
#3894=ORIENTED_EDGE('',*,*,#3883,.F.);
#3895=ORIENTED_EDGE('',*,*,#2516,.T.);
#3896=ORIENTED_EDGE('',*,*,#3880,.T.);
#3897=EDGE_LOOP('',(#3893,#3894,#3895,#3896));
#3898=FACE_OUTER_BOUND('',#3897,.F.);
#3899=ADVANCED_FACE('',(#3898),#3892,.F.);
#3900=CARTESIAN_POINT('',(-1.1E1,6.E0,5.15E1));
#3901=DIRECTION('',(0.E0,0.E0,-1.E0));
#3902=DIRECTION('',(0.E0,-1.E0,0.E0));
#3903=AXIS2_PLACEMENT_3D('',#3900,#3901,#3902);
#3904=CYLINDRICAL_SURFACE('',#3903,1.25E0);
#3905=ORIENTED_EDGE('',*,*,#2750,.F.);
#3907=ORIENTED_EDGE('',*,*,#3906,.F.);
#3908=ORIENTED_EDGE('',*,*,#2520,.T.);
#3910=ORIENTED_EDGE('',*,*,#3909,.T.);
#3911=EDGE_LOOP('',(#3905,#3907,#3908,#3910));
#3912=FACE_OUTER_BOUND('',#3911,.F.);
#3913=ADVANCED_FACE('',(#3912),#3904,.F.);
#3914=CARTESIAN_POINT('',(-1.1E1,6.E0,5.15E1));
#3915=DIRECTION('',(0.E0,0.E0,-1.E0));
#3916=DIRECTION('',(0.E0,-1.E0,0.E0));
#3917=AXIS2_PLACEMENT_3D('',#3914,#3915,#3916);
#3918=CYLINDRICAL_SURFACE('',#3917,1.25E0);
#3919=ORIENTED_EDGE('',*,*,#2752,.F.);
#3920=ORIENTED_EDGE('',*,*,#3909,.F.);
#3921=ORIENTED_EDGE('',*,*,#2522,.T.);
#3922=ORIENTED_EDGE('',*,*,#3906,.T.);
#3923=EDGE_LOOP('',(#3919,#3920,#3921,#3922));
#3924=FACE_OUTER_BOUND('',#3923,.F.);
#3925=ADVANCED_FACE('',(#3924),#3918,.F.);
#3926=CARTESIAN_POINT('',(-6.E0,-1.1E1,5.15E1));
#3927=DIRECTION('',(0.E0,0.E0,-1.E0));
#3928=DIRECTION('',(1.E0,0.E0,0.E0));
#3929=AXIS2_PLACEMENT_3D('',#3926,#3927,#3928);
#3930=CYLINDRICAL_SURFACE('',#3929,1.25E0);
#3931=ORIENTED_EDGE('',*,*,#2756,.F.);
#3933=ORIENTED_EDGE('',*,*,#3932,.F.);
#3934=ORIENTED_EDGE('',*,*,#2526,.T.);
#3936=ORIENTED_EDGE('',*,*,#3935,.T.);
#3937=EDGE_LOOP('',(#3931,#3933,#3934,#3936));
#3938=FACE_OUTER_BOUND('',#3937,.F.);
#3939=ADVANCED_FACE('',(#3938),#3930,.F.);
#3940=CARTESIAN_POINT('',(-6.E0,-1.1E1,5.15E1));
#3941=DIRECTION('',(0.E0,0.E0,-1.E0));
#3942=DIRECTION('',(1.E0,0.E0,0.E0));
#3943=AXIS2_PLACEMENT_3D('',#3940,#3941,#3942);
#3944=CYLINDRICAL_SURFACE('',#3943,1.25E0);
#3945=ORIENTED_EDGE('',*,*,#2758,.F.);
#3946=ORIENTED_EDGE('',*,*,#3935,.F.);
#3947=ORIENTED_EDGE('',*,*,#2528,.T.);
#3948=ORIENTED_EDGE('',*,*,#3932,.T.);
#3949=EDGE_LOOP('',(#3945,#3946,#3947,#3948));
#3950=FACE_OUTER_BOUND('',#3949,.F.);
#3951=ADVANCED_FACE('',(#3950),#3944,.F.);
#3952=CARTESIAN_POINT('',(1.1E1,-6.E0,5.15E1));
#3953=DIRECTION('',(0.E0,0.E0,-1.E0));
#3954=DIRECTION('',(0.E0,1.E0,0.E0));
#3955=AXIS2_PLACEMENT_3D('',#3952,#3953,#3954);
#3956=CYLINDRICAL_SURFACE('',#3955,1.25E0);
#3957=ORIENTED_EDGE('',*,*,#2762,.F.);
#3959=ORIENTED_EDGE('',*,*,#3958,.F.);
#3960=ORIENTED_EDGE('',*,*,#2532,.T.);
#3962=ORIENTED_EDGE('',*,*,#3961,.T.);
#3963=EDGE_LOOP('',(#3957,#3959,#3960,#3962));
#3964=FACE_OUTER_BOUND('',#3963,.F.);
#3965=ADVANCED_FACE('',(#3964),#3956,.F.);
#3966=CARTESIAN_POINT('',(1.1E1,-6.E0,5.15E1));
#3967=DIRECTION('',(0.E0,0.E0,-1.E0));
#3968=DIRECTION('',(0.E0,1.E0,0.E0));
#3969=AXIS2_PLACEMENT_3D('',#3966,#3967,#3968);
#3970=CYLINDRICAL_SURFACE('',#3969,1.25E0);
#3971=ORIENTED_EDGE('',*,*,#2764,.F.);
#3972=ORIENTED_EDGE('',*,*,#3961,.F.);
#3973=ORIENTED_EDGE('',*,*,#2534,.T.);
#3974=ORIENTED_EDGE('',*,*,#3958,.T.);
#3975=EDGE_LOOP('',(#3971,#3972,#3973,#3974));
#3976=FACE_OUTER_BOUND('',#3975,.F.);
#3977=ADVANCED_FACE('',(#3976),#3970,.F.);
#3978=CARTESIAN_POINT('',(1.6E1,8.E0,3.6485E1));
#3979=DIRECTION('',(0.E0,0.E0,1.E0));
#3980=DIRECTION('',(-1.E0,0.E0,0.E0));
#3981=AXIS2_PLACEMENT_3D('',#3978,#3979,#3980);
#3982=CYLINDRICAL_SURFACE('',#3981,1.025E0);
#3983=ORIENTED_EDGE('',*,*,#2768,.T.);
#3985=ORIENTED_EDGE('',*,*,#3984,.T.);
#3987=ORIENTED_EDGE('',*,*,#3986,.F.);
#3989=ORIENTED_EDGE('',*,*,#3988,.F.);
#3990=EDGE_LOOP('',(#3983,#3985,#3987,#3989));
#3991=FACE_OUTER_BOUND('',#3990,.F.);
#3992=ADVANCED_FACE('',(#3991),#3982,.F.);
#3993=CARTESIAN_POINT('',(1.6E1,8.E0,3.6485E1));
#3994=DIRECTION('',(0.E0,0.E0,1.E0));
#3995=DIRECTION('',(-1.E0,0.E0,0.E0));
#3996=AXIS2_PLACEMENT_3D('',#3993,#3994,#3995);
#3997=CYLINDRICAL_SURFACE('',#3996,1.025E0);
#3998=ORIENTED_EDGE('',*,*,#2770,.T.);
#3999=ORIENTED_EDGE('',*,*,#3988,.T.);
#4001=ORIENTED_EDGE('',*,*,#4000,.T.);
#4002=ORIENTED_EDGE('',*,*,#3984,.F.);
#4003=EDGE_LOOP('',(#3998,#3999,#4001,#4002));
#4004=FACE_OUTER_BOUND('',#4003,.F.);
#4005=ADVANCED_FACE('',(#4004),#3997,.F.);
#4006=CARTESIAN_POINT('',(1.6E1,8.E0,5.13375E1));
#4007=DIRECTION('',(0.E0,0.E0,1.E0));
#4008=DIRECTION('',(-1.E0,0.E0,0.E0));
#4009=AXIS2_PLACEMENT_3D('',#4006,#4007,#4008);
#4010=CONICAL_SURFACE('',#4009,1.1875E0,4.5E1);
#4011=ORIENTED_EDGE('',*,*,#2540,.F.);
#4013=ORIENTED_EDGE('',*,*,#4012,.F.);
#4014=ORIENTED_EDGE('',*,*,#4000,.F.);
#4016=ORIENTED_EDGE('',*,*,#4015,.T.);
#4017=EDGE_LOOP('',(#4011,#4013,#4014,#4016));
#4018=FACE_OUTER_BOUND('',#4017,.F.);
#4019=ADVANCED_FACE('',(#4018),#4010,.F.);
#4020=CARTESIAN_POINT('',(1.6E1,8.E0,5.13375E1));
#4021=DIRECTION('',(0.E0,0.E0,1.E0));
#4022=DIRECTION('',(-1.E0,0.E0,0.E0));
#4023=AXIS2_PLACEMENT_3D('',#4020,#4021,#4022);
#4024=CONICAL_SURFACE('',#4023,1.1875E0,4.5E1);
#4025=ORIENTED_EDGE('',*,*,#2538,.F.);
#4026=ORIENTED_EDGE('',*,*,#4015,.F.);
#4027=ORIENTED_EDGE('',*,*,#3986,.T.);
#4028=ORIENTED_EDGE('',*,*,#4012,.T.);
#4029=EDGE_LOOP('',(#4025,#4026,#4027,#4028));
#4030=FACE_OUTER_BOUND('',#4029,.F.);
#4031=ADVANCED_FACE('',(#4030),#4024,.F.);
#4032=CARTESIAN_POINT('',(-1.6E1,8.E0,3.6485E1));
#4033=DIRECTION('',(0.E0,0.E0,1.E0));
#4034=DIRECTION('',(-1.E0,0.E0,0.E0));
#4035=AXIS2_PLACEMENT_3D('',#4032,#4033,#4034);
#4036=CYLINDRICAL_SURFACE('',#4035,1.025E0);
#4037=ORIENTED_EDGE('',*,*,#2774,.T.);
#4039=ORIENTED_EDGE('',*,*,#4038,.T.);
#4041=ORIENTED_EDGE('',*,*,#4040,.F.);
#4043=ORIENTED_EDGE('',*,*,#4042,.F.);
#4044=EDGE_LOOP('',(#4037,#4039,#4041,#4043));
#4045=FACE_OUTER_BOUND('',#4044,.F.);
#4046=ADVANCED_FACE('',(#4045),#4036,.F.);
#4047=CARTESIAN_POINT('',(-1.6E1,8.E0,3.6485E1));
#4048=DIRECTION('',(0.E0,0.E0,1.E0));
#4049=DIRECTION('',(-1.E0,0.E0,0.E0));
#4050=AXIS2_PLACEMENT_3D('',#4047,#4048,#4049);
#4051=CYLINDRICAL_SURFACE('',#4050,1.025E0);
#4052=ORIENTED_EDGE('',*,*,#2776,.T.);
#4053=ORIENTED_EDGE('',*,*,#4042,.T.);
#4055=ORIENTED_EDGE('',*,*,#4054,.T.);
#4056=ORIENTED_EDGE('',*,*,#4038,.F.);
#4057=EDGE_LOOP('',(#4052,#4053,#4055,#4056));
#4058=FACE_OUTER_BOUND('',#4057,.F.);
#4059=ADVANCED_FACE('',(#4058),#4051,.F.);
#4060=CARTESIAN_POINT('',(-1.6E1,8.E0,5.13375E1));
#4061=DIRECTION('',(0.E0,0.E0,1.E0));
#4062=DIRECTION('',(-1.E0,0.E0,0.E0));
#4063=AXIS2_PLACEMENT_3D('',#4060,#4061,#4062);
#4064=CONICAL_SURFACE('',#4063,1.1875E0,4.5E1);
#4065=ORIENTED_EDGE('',*,*,#2546,.F.);
#4067=ORIENTED_EDGE('',*,*,#4066,.F.);
#4068=ORIENTED_EDGE('',*,*,#4054,.F.);
#4070=ORIENTED_EDGE('',*,*,#4069,.T.);
#4071=EDGE_LOOP('',(#4065,#4067,#4068,#4070));
#4072=FACE_OUTER_BOUND('',#4071,.F.);
#4073=ADVANCED_FACE('',(#4072),#4064,.F.);
#4074=CARTESIAN_POINT('',(-1.6E1,8.E0,5.13375E1));
#4075=DIRECTION('',(0.E0,0.E0,1.E0));
#4076=DIRECTION('',(-1.E0,0.E0,0.E0));
#4077=AXIS2_PLACEMENT_3D('',#4074,#4075,#4076);
#4078=CONICAL_SURFACE('',#4077,1.1875E0,4.5E1);
#4079=ORIENTED_EDGE('',*,*,#2544,.F.);
#4080=ORIENTED_EDGE('',*,*,#4069,.F.);
#4081=ORIENTED_EDGE('',*,*,#4040,.T.);
#4082=ORIENTED_EDGE('',*,*,#4066,.T.);
#4083=EDGE_LOOP('',(#4079,#4080,#4081,#4082));
#4084=FACE_OUTER_BOUND('',#4083,.F.);
#4085=ADVANCED_FACE('',(#4084),#4078,.F.);
#4086=CARTESIAN_POINT('',(1.6E1,-8.E0,3.6485E1));
#4087=DIRECTION('',(0.E0,0.E0,1.E0));
#4088=DIRECTION('',(-1.E0,0.E0,0.E0));
#4089=AXIS2_PLACEMENT_3D('',#4086,#4087,#4088);
#4090=CYLINDRICAL_SURFACE('',#4089,1.025E0);
#4091=ORIENTED_EDGE('',*,*,#2780,.T.);
#4093=ORIENTED_EDGE('',*,*,#4092,.T.);
#4095=ORIENTED_EDGE('',*,*,#4094,.F.);
#4097=ORIENTED_EDGE('',*,*,#4096,.F.);
#4098=EDGE_LOOP('',(#4091,#4093,#4095,#4097));
#4099=FACE_OUTER_BOUND('',#4098,.F.);
#4100=ADVANCED_FACE('',(#4099),#4090,.F.);
#4101=CARTESIAN_POINT('',(1.6E1,-8.E0,3.6485E1));
#4102=DIRECTION('',(0.E0,0.E0,1.E0));
#4103=DIRECTION('',(-1.E0,0.E0,0.E0));
#4104=AXIS2_PLACEMENT_3D('',#4101,#4102,#4103);
#4105=CYLINDRICAL_SURFACE('',#4104,1.025E0);
#4106=ORIENTED_EDGE('',*,*,#2782,.T.);
#4107=ORIENTED_EDGE('',*,*,#4096,.T.);
#4109=ORIENTED_EDGE('',*,*,#4108,.T.);
#4110=ORIENTED_EDGE('',*,*,#4092,.F.);
#4111=EDGE_LOOP('',(#4106,#4107,#4109,#4110));
#4112=FACE_OUTER_BOUND('',#4111,.F.);
#4113=ADVANCED_FACE('',(#4112),#4105,.F.);
#4114=CARTESIAN_POINT('',(1.6E1,-8.E0,5.13375E1));
#4115=DIRECTION('',(0.E0,0.E0,1.E0));
#4116=DIRECTION('',(-1.E0,0.E0,0.E0));
#4117=AXIS2_PLACEMENT_3D('',#4114,#4115,#4116);
#4118=CONICAL_SURFACE('',#4117,1.1875E0,4.5E1);
#4119=ORIENTED_EDGE('',*,*,#2552,.F.);
#4121=ORIENTED_EDGE('',*,*,#4120,.F.);
#4122=ORIENTED_EDGE('',*,*,#4108,.F.);
#4124=ORIENTED_EDGE('',*,*,#4123,.T.);
#4125=EDGE_LOOP('',(#4119,#4121,#4122,#4124));
#4126=FACE_OUTER_BOUND('',#4125,.F.);
#4127=ADVANCED_FACE('',(#4126),#4118,.F.);
#4128=CARTESIAN_POINT('',(1.6E1,-8.E0,5.13375E1));
#4129=DIRECTION('',(0.E0,0.E0,1.E0));
#4130=DIRECTION('',(-1.E0,0.E0,0.E0));
#4131=AXIS2_PLACEMENT_3D('',#4128,#4129,#4130);
#4132=CONICAL_SURFACE('',#4131,1.1875E0,4.5E1);
#4133=ORIENTED_EDGE('',*,*,#2550,.F.);
#4134=ORIENTED_EDGE('',*,*,#4123,.F.);
#4135=ORIENTED_EDGE('',*,*,#4094,.T.);
#4136=ORIENTED_EDGE('',*,*,#4120,.T.);
#4137=EDGE_LOOP('',(#4133,#4134,#4135,#4136));
#4138=FACE_OUTER_BOUND('',#4137,.F.);
#4139=ADVANCED_FACE('',(#4138),#4132,.F.);
#4140=CARTESIAN_POINT('',(-1.6E1,-8.E0,3.6485E1));
#4141=DIRECTION('',(0.E0,0.E0,1.E0));
#4142=DIRECTION('',(-1.E0,0.E0,0.E0));
#4143=AXIS2_PLACEMENT_3D('',#4140,#4141,#4142);
#4144=CYLINDRICAL_SURFACE('',#4143,1.025E0);
#4145=ORIENTED_EDGE('',*,*,#2786,.T.);
#4147=ORIENTED_EDGE('',*,*,#4146,.T.);
#4149=ORIENTED_EDGE('',*,*,#4148,.F.);
#4151=ORIENTED_EDGE('',*,*,#4150,.F.);
#4152=EDGE_LOOP('',(#4145,#4147,#4149,#4151));
#4153=FACE_OUTER_BOUND('',#4152,.F.);
#4154=ADVANCED_FACE('',(#4153),#4144,.F.);
#4155=CARTESIAN_POINT('',(-1.6E1,-8.E0,3.6485E1));
#4156=DIRECTION('',(0.E0,0.E0,1.E0));
#4157=DIRECTION('',(-1.E0,0.E0,0.E0));
#4158=AXIS2_PLACEMENT_3D('',#4155,#4156,#4157);
#4159=CYLINDRICAL_SURFACE('',#4158,1.025E0);
#4160=ORIENTED_EDGE('',*,*,#2788,.T.);
#4161=ORIENTED_EDGE('',*,*,#4150,.T.);
#4163=ORIENTED_EDGE('',*,*,#4162,.T.);
#4164=ORIENTED_EDGE('',*,*,#4146,.F.);
#4165=EDGE_LOOP('',(#4160,#4161,#4163,#4164));
#4166=FACE_OUTER_BOUND('',#4165,.F.);
#4167=ADVANCED_FACE('',(#4166),#4159,.F.);
#4168=CARTESIAN_POINT('',(-1.6E1,-8.E0,5.13375E1));
#4169=DIRECTION('',(0.E0,0.E0,1.E0));
#4170=DIRECTION('',(-1.E0,0.E0,0.E0));
#4171=AXIS2_PLACEMENT_3D('',#4168,#4169,#4170);
#4172=CONICAL_SURFACE('',#4171,1.1875E0,4.5E1);
#4173=ORIENTED_EDGE('',*,*,#2558,.F.);
#4175=ORIENTED_EDGE('',*,*,#4174,.F.);
#4176=ORIENTED_EDGE('',*,*,#4162,.F.);
#4178=ORIENTED_EDGE('',*,*,#4177,.T.);
#4179=EDGE_LOOP('',(#4173,#4175,#4176,#4178));
#4180=FACE_OUTER_BOUND('',#4179,.F.);
#4181=ADVANCED_FACE('',(#4180),#4172,.F.);
#4182=CARTESIAN_POINT('',(-1.6E1,-8.E0,5.13375E1));
#4183=DIRECTION('',(0.E0,0.E0,1.E0));
#4184=DIRECTION('',(-1.E0,0.E0,0.E0));
#4185=AXIS2_PLACEMENT_3D('',#4182,#4183,#4184);
#4186=CONICAL_SURFACE('',#4185,1.1875E0,4.5E1);
#4187=ORIENTED_EDGE('',*,*,#2556,.F.);
#4188=ORIENTED_EDGE('',*,*,#4177,.F.);
#4189=ORIENTED_EDGE('',*,*,#4148,.T.);
#4190=ORIENTED_EDGE('',*,*,#4174,.T.);
#4191=EDGE_LOOP('',(#4187,#4188,#4189,#4190));
#4192=FACE_OUTER_BOUND('',#4191,.F.);
#4193=ADVANCED_FACE('',(#4192),#4186,.F.);
#4194=CARTESIAN_POINT('',(-4.846648326421E0,2.6E0,6.84468E1));
#4195=DIRECTION('',(0.E0,0.E0,-1.E0));
#4196=DIRECTION('',(8.812087866220E-1,-4.727272727273E-1,0.E0));
#4197=AXIS2_PLACEMENT_3D('',#4194,#4195,#4196);
#4198=CYLINDRICAL_SURFACE('',#4197,5.E-1);
#4199=ORIENTED_EDGE('',*,*,#2792,.T.);
#4201=ORIENTED_EDGE('',*,*,#4200,.F.);
#4202=ORIENTED_EDGE('',*,*,#2562,.T.);
#4204=ORIENTED_EDGE('',*,*,#4203,.T.);
#4205=EDGE_LOOP('',(#4199,#4201,#4202,#4204));
#4206=FACE_OUTER_BOUND('',#4205,.F.);
#4207=ADVANCED_FACE('',(#4206),#4198,.T.);
#4208=CARTESIAN_POINT('',(-5.268810260908E0,2.1E0,5.05E1));
#4209=DIRECTION('',(0.E0,1.E0,0.E0));
#4210=DIRECTION('',(1.E0,0.E0,0.E0));
#4211=AXIS2_PLACEMENT_3D('',#4208,#4209,#4210);
#4212=PLANE('',#4211);
#4213=ORIENTED_EDGE('',*,*,#4200,.T.);
#4214=ORIENTED_EDGE('',*,*,#2822,.F.);
#4216=ORIENTED_EDGE('',*,*,#4215,.T.);
#4217=ORIENTED_EDGE('',*,*,#2564,.T.);
#4218=EDGE_LOOP('',(#4213,#4214,#4216,#4217));
#4219=FACE_OUTER_BOUND('',#4218,.F.);
#4220=ADVANCED_FACE('',(#4219),#4212,.F.);
#4221=CARTESIAN_POINT('',(-5.5E0,1.6E0,2.15532E1));
#4222=DIRECTION('',(0.E0,0.E0,1.E0));
#4223=DIRECTION('',(0.E0,1.E0,0.E0));
#4224=AXIS2_PLACEMENT_3D('',#4221,#4222,#4223);
#4225=CYLINDRICAL_SURFACE('',#4224,5.E-1);
#4226=ORIENTED_EDGE('',*,*,#4215,.F.);
#4227=ORIENTED_EDGE('',*,*,#2820,.T.);
#4229=ORIENTED_EDGE('',*,*,#4228,.T.);
#4230=ORIENTED_EDGE('',*,*,#2566,.T.);
#4231=EDGE_LOOP('',(#4226,#4227,#4229,#4230));
#4232=FACE_OUTER_BOUND('',#4231,.F.);
#4233=ADVANCED_FACE('',(#4232),#4225,.F.);
#4234=CARTESIAN_POINT('',(-6.E0,0.E0,5.05E1));
#4235=DIRECTION('',(-1.E0,0.E0,0.E0));
#4236=DIRECTION('',(0.E0,1.E0,0.E0));
#4237=AXIS2_PLACEMENT_3D('',#4234,#4235,#4236);
#4238=PLANE('',#4237);
#4239=ORIENTED_EDGE('',*,*,#4228,.F.);
#4240=ORIENTED_EDGE('',*,*,#2818,.F.);
#4242=ORIENTED_EDGE('',*,*,#4241,.T.);
#4243=ORIENTED_EDGE('',*,*,#2568,.T.);
#4244=EDGE_LOOP('',(#4239,#4240,#4242,#4243));
#4245=FACE_OUTER_BOUND('',#4244,.F.);
#4246=ADVANCED_FACE('',(#4245),#4238,.F.);
#4247=CARTESIAN_POINT('',(-5.5E0,-1.6E0,2.15532E1));
#4248=DIRECTION('',(0.E0,0.E0,1.E0));
#4249=DIRECTION('',(-1.E0,0.E0,0.E0));
#4250=AXIS2_PLACEMENT_3D('',#4247,#4248,#4249);
#4251=CYLINDRICAL_SURFACE('',#4250,5.E-1);
#4252=ORIENTED_EDGE('',*,*,#4241,.F.);
#4253=ORIENTED_EDGE('',*,*,#2816,.T.);
#4255=ORIENTED_EDGE('',*,*,#4254,.T.);
#4256=ORIENTED_EDGE('',*,*,#2570,.T.);
#4257=EDGE_LOOP('',(#4252,#4253,#4255,#4256));
#4258=FACE_OUTER_BOUND('',#4257,.F.);
#4259=ADVANCED_FACE('',(#4258),#4251,.F.);
#4260=CARTESIAN_POINT('',(-5.268810260908E0,-2.1E0,5.05E1));
#4261=DIRECTION('',(0.E0,-1.E0,0.E0));
#4262=DIRECTION('',(-1.E0,0.E0,0.E0));
#4263=AXIS2_PLACEMENT_3D('',#4260,#4261,#4262);
#4264=PLANE('',#4263);
#4266=ORIENTED_EDGE('',*,*,#4265,.F.);
#4267=ORIENTED_EDGE('',*,*,#2572,.T.);
#4268=ORIENTED_EDGE('',*,*,#4254,.F.);
#4269=ORIENTED_EDGE('',*,*,#2814,.F.);
#4270=EDGE_LOOP('',(#4266,#4267,#4268,#4269));
#4271=FACE_OUTER_BOUND('',#4270,.F.);
#4272=ADVANCED_FACE('',(#4271),#4264,.F.);
#4273=CARTESIAN_POINT('',(-4.846648326421E0,-2.6E0,6.84468E1));
#4274=DIRECTION('',(0.E0,0.E0,-1.E0));
#4275=DIRECTION('',(0.E0,1.E0,0.E0));
#4276=AXIS2_PLACEMENT_3D('',#4273,#4274,#4275);
#4277=CYLINDRICAL_SURFACE('',#4276,5.E-1);
#4278=ORIENTED_EDGE('',*,*,#2812,.T.);
#4280=ORIENTED_EDGE('',*,*,#4279,.F.);
#4281=ORIENTED_EDGE('',*,*,#2574,.T.);
#4282=ORIENTED_EDGE('',*,*,#4265,.T.);
#4283=EDGE_LOOP('',(#4278,#4280,#4281,#4282));
#4284=FACE_OUTER_BOUND('',#4283,.F.);
#4285=ADVANCED_FACE('',(#4284),#4277,.T.);
#4286=CARTESIAN_POINT('',(0.E0,0.E0,5.05E1));
#4287=DIRECTION('',(0.E0,0.E0,1.E0));
#4288=DIRECTION('',(-9.075241043631E-1,-4.2E-1,0.E0));
#4289=AXIS2_PLACEMENT_3D('',#4286,#4287,#4288);
#4290=CYLINDRICAL_SURFACE('',#4289,5.E0);
#4292=ORIENTED_EDGE('',*,*,#4291,.F.);
#4293=ORIENTED_EDGE('',*,*,#2576,.F.);
#4294=ORIENTED_EDGE('',*,*,#4279,.T.);
#4295=ORIENTED_EDGE('',*,*,#2810,.T.);
#4296=EDGE_LOOP('',(#4292,#4293,#4294,#4295));
#4297=FACE_OUTER_BOUND('',#4296,.F.);
#4298=ADVANCED_FACE('',(#4297),#4290,.F.);
#4299=CARTESIAN_POINT('',(4.846648326421E0,-2.6E0,6.84468E1));
#4300=DIRECTION('',(0.E0,0.E0,-1.E0));
#4301=DIRECTION('',(-8.812087866220E-1,4.727272727273E-1,0.E0));
#4302=AXIS2_PLACEMENT_3D('',#4299,#4300,#4301);
#4303=CYLINDRICAL_SURFACE('',#4302,5.E-1);
#4304=ORIENTED_EDGE('',*,*,#2808,.T.);
#4306=ORIENTED_EDGE('',*,*,#4305,.F.);
#4307=ORIENTED_EDGE('',*,*,#2578,.T.);
#4308=ORIENTED_EDGE('',*,*,#4291,.T.);
#4309=EDGE_LOOP('',(#4304,#4306,#4307,#4308));
#4310=FACE_OUTER_BOUND('',#4309,.F.);
#4311=ADVANCED_FACE('',(#4310),#4303,.T.);
#4312=CARTESIAN_POINT('',(5.268810260908E0,-2.1E0,5.05E1));
#4313=DIRECTION('',(0.E0,-1.E0,0.E0));
#4314=DIRECTION('',(-1.E0,0.E0,0.E0));
#4315=AXIS2_PLACEMENT_3D('',#4312,#4313,#4314);
#4316=PLANE('',#4315);
#4317=ORIENTED_EDGE('',*,*,#4305,.T.);
#4318=ORIENTED_EDGE('',*,*,#2806,.F.);
#4320=ORIENTED_EDGE('',*,*,#4319,.T.);
#4321=ORIENTED_EDGE('',*,*,#2580,.T.);
#4322=EDGE_LOOP('',(#4317,#4318,#4320,#4321));
#4323=FACE_OUTER_BOUND('',#4322,.F.);
#4324=ADVANCED_FACE('',(#4323),#4316,.F.);
#4325=CARTESIAN_POINT('',(5.5E0,-1.6E0,2.15532E1));
#4326=DIRECTION('',(0.E0,0.E0,1.E0));
#4327=DIRECTION('',(0.E0,-1.E0,0.E0));
#4328=AXIS2_PLACEMENT_3D('',#4325,#4326,#4327);
#4329=CYLINDRICAL_SURFACE('',#4328,5.E-1);
#4330=ORIENTED_EDGE('',*,*,#4319,.F.);
#4331=ORIENTED_EDGE('',*,*,#2804,.T.);
#4333=ORIENTED_EDGE('',*,*,#4332,.T.);
#4334=ORIENTED_EDGE('',*,*,#2582,.T.);
#4335=EDGE_LOOP('',(#4330,#4331,#4333,#4334));
#4336=FACE_OUTER_BOUND('',#4335,.F.);
#4337=ADVANCED_FACE('',(#4336),#4329,.F.);
#4338=CARTESIAN_POINT('',(6.E0,0.E0,5.05E1));
#4339=DIRECTION('',(1.E0,0.E0,0.E0));
#4340=DIRECTION('',(0.E0,-1.E0,0.E0));
#4341=AXIS2_PLACEMENT_3D('',#4338,#4339,#4340);
#4342=PLANE('',#4341);
#4344=ORIENTED_EDGE('',*,*,#4343,.T.);
#4345=ORIENTED_EDGE('',*,*,#2584,.T.);
#4346=ORIENTED_EDGE('',*,*,#4332,.F.);
#4347=ORIENTED_EDGE('',*,*,#2802,.F.);
#4348=EDGE_LOOP('',(#4344,#4345,#4346,#4347));
#4349=FACE_OUTER_BOUND('',#4348,.F.);
#4350=ADVANCED_FACE('',(#4349),#4342,.F.);
#4351=CARTESIAN_POINT('',(5.5E0,1.6E0,2.15532E1));
#4352=DIRECTION('',(0.E0,0.E0,1.E0));
#4353=DIRECTION('',(1.E0,0.E0,0.E0));
#4354=AXIS2_PLACEMENT_3D('',#4351,#4352,#4353);
#4355=CYLINDRICAL_SURFACE('',#4354,5.E-1);
#4356=ORIENTED_EDGE('',*,*,#4343,.F.);
#4357=ORIENTED_EDGE('',*,*,#2800,.T.);
#4359=ORIENTED_EDGE('',*,*,#4358,.T.);
#4360=ORIENTED_EDGE('',*,*,#2586,.T.);
#4361=EDGE_LOOP('',(#4356,#4357,#4359,#4360));
#4362=FACE_OUTER_BOUND('',#4361,.F.);
#4363=ADVANCED_FACE('',(#4362),#4355,.F.);
#4364=CARTESIAN_POINT('',(5.268810260908E0,2.1E0,5.05E1));
#4365=DIRECTION('',(0.E0,1.E0,0.E0));
#4366=DIRECTION('',(1.E0,0.E0,0.E0));
#4367=AXIS2_PLACEMENT_3D('',#4364,#4365,#4366);
#4368=PLANE('',#4367);
#4370=ORIENTED_EDGE('',*,*,#4369,.F.);
#4371=ORIENTED_EDGE('',*,*,#2588,.T.);
#4372=ORIENTED_EDGE('',*,*,#4358,.F.);
#4373=ORIENTED_EDGE('',*,*,#2798,.F.);
#4374=EDGE_LOOP('',(#4370,#4371,#4372,#4373));
#4375=FACE_OUTER_BOUND('',#4374,.F.);
#4376=ADVANCED_FACE('',(#4375),#4368,.F.);
#4377=CARTESIAN_POINT('',(4.846648326421E0,2.6E0,6.84468E1));
#4378=DIRECTION('',(0.E0,0.E0,-1.E0));
#4379=DIRECTION('',(0.E0,-1.E0,0.E0));
#4380=AXIS2_PLACEMENT_3D('',#4377,#4378,#4379);
#4381=CYLINDRICAL_SURFACE('',#4380,5.E-1);
#4382=ORIENTED_EDGE('',*,*,#2796,.T.);
#4384=ORIENTED_EDGE('',*,*,#4383,.F.);
#4385=ORIENTED_EDGE('',*,*,#2590,.T.);
#4386=ORIENTED_EDGE('',*,*,#4369,.T.);
#4387=EDGE_LOOP('',(#4382,#4384,#4385,#4386));
#4388=FACE_OUTER_BOUND('',#4387,.F.);
#4389=ADVANCED_FACE('',(#4388),#4381,.T.);
#4390=CARTESIAN_POINT('',(0.E0,0.E0,5.05E1));
#4391=DIRECTION('',(0.E0,0.E0,1.E0));
#4392=DIRECTION('',(9.075241043631E-1,4.2E-1,0.E0));
#4393=AXIS2_PLACEMENT_3D('',#4390,#4391,#4392);
#4394=CYLINDRICAL_SURFACE('',#4393,5.E0);
#4395=ORIENTED_EDGE('',*,*,#4203,.F.);
#4396=ORIENTED_EDGE('',*,*,#2592,.F.);
#4397=ORIENTED_EDGE('',*,*,#4383,.T.);
#4398=ORIENTED_EDGE('',*,*,#2794,.T.);
#4399=EDGE_LOOP('',(#4395,#4396,#4397,#4398));
#4400=FACE_OUTER_BOUND('',#4399,.F.);
#4401=ADVANCED_FACE('',(#4400),#4394,.F.);
#4402=CLOSED_SHELL('',(#2117,#2132,#2147,#2178,#2191,#2203,#2218,#2231,#2245,
#2257,#2271,#2284,#2297,#2310,#2325,#2339,#2354,#2366,#2379,#2596,#2610,#2826,
#2841,#2855,#2869,#2883,#2898,#2913,#2942,#2957,#2972,#3000,#3013,#3025,#3040,
#3053,#3067,#3079,#3093,#3105,#3117,#3129,#3143,#3155,#3169,#3181,#3195,#3207,
#3221,#3233,#3247,#3259,#3273,#3285,#3299,#3311,#3325,#3337,#3352,#3365,#3379,
#3391,#3406,#3419,#3433,#3445,#3460,#3473,#3487,#3499,#3514,#3527,#3541,#3553,
#3567,#3579,#3593,#3605,#3619,#3631,#3645,#3657,#3672,#3685,#3699,#3711,#3726,
#3739,#3753,#3765,#3780,#3793,#3807,#3819,#3834,#3847,#3861,#3873,#3887,#3899,
#3913,#3925,#3939,#3951,#3965,#3977,#3992,#4005,#4019,#4031,#4046,#4059,#4073,
#4085,#4100,#4113,#4127,#4139,#4154,#4167,#4181,#4193,#4207,#4220,#4233,#4246,
#4259,#4272,#4285,#4298,#4311,#4324,#4337,#4350,#4363,#4376,#4389,#4401));
#4403=CARTESIAN_POINT('',(3.5E0,8.E0,5.145E1));
#4404=DIRECTION('',(0.E0,0.E0,-1.E0));
#4405=DIRECTION('',(1.E0,0.E0,0.E0));
#4406=AXIS2_PLACEMENT_3D('',#4403,#4404,#4405);
#4408=CARTESIAN_POINT('',(3.5E0,8.E0,4.95E1));
#4409=DIRECTION('',(0.E0,0.E0,1.E0));
#4410=DIRECTION('',(-1.E0,0.E0,0.E0));
#4411=AXIS2_PLACEMENT_3D('',#4408,#4409,#4410);
#4413=CARTESIAN_POINT('',(3.5E0,8.E0,5.145E1));
#4414=DIRECTION('',(0.E0,0.E0,-1.E0));
#4415=DIRECTION('',(-1.E0,0.E0,0.E0));
#4416=AXIS2_PLACEMENT_3D('',#4413,#4414,#4415);
#4418=DIRECTION('',(0.E0,0.E0,-1.E0));
#4419=VECTOR('',#4418,1.95E0);
#4420=CARTESIAN_POINT('',(4.75E0,8.E0,5.145E1));
#4421=LINE('',#4420,#4419);
#4422=CARTESIAN_POINT('',(3.5E0,8.E0,4.95E1));
#4423=DIRECTION('',(0.E0,0.E0,1.E0));
#4424=DIRECTION('',(1.E0,0.E0,0.E0));
#4425=AXIS2_PLACEMENT_3D('',#4422,#4423,#4424);
#4427=DIRECTION('',(0.E0,0.E0,-1.E0));
#4428=VECTOR('',#4427,1.95E0);
#4429=CARTESIAN_POINT('',(2.25E0,8.E0,5.145E1));
#4430=LINE('',#4429,#4428);
#4431=CARTESIAN_POINT('',(2.25E0,8.E0,5.145E1));
#4432=CARTESIAN_POINT('',(4.75E0,8.E0,5.145E1));
#4433=VERTEX_POINT('',#4431);
#4434=VERTEX_POINT('',#4432);
#4435=CARTESIAN_POINT('',(2.25E0,8.E0,4.95E1));
#4436=CARTESIAN_POINT('',(4.75E0,8.E0,4.95E1));
#4437=VERTEX_POINT('',#4435);
#4438=VERTEX_POINT('',#4436);
#4439=CARTESIAN_POINT('',(3.5E0,8.E0,3.6485E1));
#4440=DIRECTION('',(0.E0,0.E0,1.E0));
#4441=DIRECTION('',(-1.E0,0.E0,0.E0));
#4442=AXIS2_PLACEMENT_3D('',#4439,#4440,#4441);
#4443=CYLINDRICAL_SURFACE('',#4442,1.25E0);
#4445=ORIENTED_EDGE('',*,*,#4444,.T.);
#4447=ORIENTED_EDGE('',*,*,#4446,.T.);
#4449=ORIENTED_EDGE('',*,*,#4448,.T.);
#4451=ORIENTED_EDGE('',*,*,#4450,.F.);
#4452=EDGE_LOOP('',(#4445,#4447,#4449,#4451));
#4453=FACE_OUTER_BOUND('',#4452,.F.);
#4454=ADVANCED_FACE('',(#4453),#4443,.F.);
#4455=CARTESIAN_POINT('',(3.5E0,8.E0,3.6485E1));
#4456=DIRECTION('',(0.E0,0.E0,1.E0));
#4457=DIRECTION('',(-1.E0,0.E0,0.E0));
#4458=AXIS2_PLACEMENT_3D('',#4455,#4456,#4457);
#4459=CYLINDRICAL_SURFACE('',#4458,1.25E0);
#4461=ORIENTED_EDGE('',*,*,#4460,.T.);
#4462=ORIENTED_EDGE('',*,*,#4450,.T.);
#4464=ORIENTED_EDGE('',*,*,#4463,.T.);
#4465=ORIENTED_EDGE('',*,*,#4446,.F.);
#4466=EDGE_LOOP('',(#4461,#4462,#4464,#4465));
#4467=FACE_OUTER_BOUND('',#4466,.F.);
#4468=ADVANCED_FACE('',(#4467),#4459,.F.);
#4469=OPEN_SHELL('',(#4454,#4468));
#4471=CARTESIAN_POINT('',(-8.E0,3.5E0,5.145E1));
#4472=DIRECTION('',(0.E0,0.E0,-1.E0));
#4473=DIRECTION('',(0.E0,1.E0,0.E0));
#4474=AXIS2_PLACEMENT_3D('',#4471,#4472,#4473);
#4476=CARTESIAN_POINT('',(-8.E0,3.5E0,4.95E1));
#4477=DIRECTION('',(0.E0,0.E0,1.E0));
#4478=DIRECTION('',(0.E0,-1.E0,0.E0));
#4479=AXIS2_PLACEMENT_3D('',#4476,#4477,#4478);
#4481=CARTESIAN_POINT('',(-8.E0,3.5E0,5.145E1));
#4482=DIRECTION('',(0.E0,0.E0,-1.E0));
#4483=DIRECTION('',(0.E0,-1.E0,0.E0));
#4484=AXIS2_PLACEMENT_3D('',#4481,#4482,#4483);
#4486=DIRECTION('',(0.E0,0.E0,-1.E0));
#4487=VECTOR('',#4486,1.95E0);
#4488=CARTESIAN_POINT('',(-8.E0,4.75E0,5.145E1));
#4489=LINE('',#4488,#4487);
#4490=CARTESIAN_POINT('',(-8.E0,3.5E0,4.95E1));
#4491=DIRECTION('',(0.E0,0.E0,1.E0));
#4492=DIRECTION('',(0.E0,1.E0,0.E0));
#4493=AXIS2_PLACEMENT_3D('',#4490,#4491,#4492);
#4495=DIRECTION('',(0.E0,0.E0,-1.E0));
#4496=VECTOR('',#4495,1.95E0);
#4497=CARTESIAN_POINT('',(-8.E0,2.25E0,5.145E1));
#4498=LINE('',#4497,#4496);
#4499=CARTESIAN_POINT('',(-8.E0,2.25E0,5.145E1));
#4500=CARTESIAN_POINT('',(-8.E0,4.75E0,5.145E1));
#4501=VERTEX_POINT('',#4499);
#4502=VERTEX_POINT('',#4500);
#4503=CARTESIAN_POINT('',(-8.E0,2.25E0,4.95E1));
#4504=CARTESIAN_POINT('',(-8.E0,4.75E0,4.95E1));
#4505=VERTEX_POINT('',#4503);
#4506=VERTEX_POINT('',#4504);
#4507=CARTESIAN_POINT('',(-8.E0,3.5E0,3.6485E1));
#4508=DIRECTION('',(0.E0,0.E0,1.E0));
#4509=DIRECTION('',(0.E0,-1.E0,0.E0));
#4510=AXIS2_PLACEMENT_3D('',#4507,#4508,#4509);
#4511=CYLINDRICAL_SURFACE('',#4510,1.25E0);
#4513=ORIENTED_EDGE('',*,*,#4512,.T.);
#4515=ORIENTED_EDGE('',*,*,#4514,.T.);
#4517=ORIENTED_EDGE('',*,*,#4516,.T.);
#4519=ORIENTED_EDGE('',*,*,#4518,.F.);
#4520=EDGE_LOOP('',(#4513,#4515,#4517,#4519));
#4521=FACE_OUTER_BOUND('',#4520,.F.);
#4522=ADVANCED_FACE('',(#4521),#4511,.F.);
#4523=CARTESIAN_POINT('',(-8.E0,3.5E0,3.6485E1));
#4524=DIRECTION('',(0.E0,0.E0,1.E0));
#4525=DIRECTION('',(0.E0,-1.E0,0.E0));
#4526=AXIS2_PLACEMENT_3D('',#4523,#4524,#4525);
#4527=CYLINDRICAL_SURFACE('',#4526,1.25E0);
#4529=ORIENTED_EDGE('',*,*,#4528,.T.);
#4530=ORIENTED_EDGE('',*,*,#4518,.T.);
#4532=ORIENTED_EDGE('',*,*,#4531,.T.);
#4533=ORIENTED_EDGE('',*,*,#4514,.F.);
#4534=EDGE_LOOP('',(#4529,#4530,#4532,#4533));
#4535=FACE_OUTER_BOUND('',#4534,.F.);
#4536=ADVANCED_FACE('',(#4535),#4527,.F.);
#4537=OPEN_SHELL('',(#4522,#4536));
#4539=CARTESIAN_POINT('',(-3.5E0,-8.E0,5.145E1));
#4540=DIRECTION('',(0.E0,0.E0,-1.E0));
#4541=DIRECTION('',(-1.E0,0.E0,0.E0));
#4542=AXIS2_PLACEMENT_3D('',#4539,#4540,#4541);
#4544=CARTESIAN_POINT('',(-3.5E0,-8.E0,4.95E1));
#4545=DIRECTION('',(0.E0,0.E0,1.E0));
#4546=DIRECTION('',(1.E0,0.E0,0.E0));
#4547=AXIS2_PLACEMENT_3D('',#4544,#4545,#4546);
#4549=CARTESIAN_POINT('',(-3.5E0,-8.E0,5.145E1));
#4550=DIRECTION('',(0.E0,0.E0,-1.E0));
#4551=DIRECTION('',(1.E0,0.E0,0.E0));
#4552=AXIS2_PLACEMENT_3D('',#4549,#4550,#4551);
#4554=DIRECTION('',(0.E0,0.E0,-1.E0));
#4555=VECTOR('',#4554,1.95E0);
#4556=CARTESIAN_POINT('',(-4.75E0,-8.E0,5.145E1));
#4557=LINE('',#4556,#4555);
#4558=CARTESIAN_POINT('',(-3.5E0,-8.E0,4.95E1));
#4559=DIRECTION('',(0.E0,0.E0,1.E0));
#4560=DIRECTION('',(-1.E0,0.E0,0.E0));
#4561=AXIS2_PLACEMENT_3D('',#4558,#4559,#4560);
#4563=DIRECTION('',(0.E0,0.E0,-1.E0));
#4564=VECTOR('',#4563,1.95E0);
#4565=CARTESIAN_POINT('',(-2.25E0,-8.E0,5.145E1));
#4566=LINE('',#4565,#4564);
#4567=CARTESIAN_POINT('',(-2.25E0,-8.E0,5.145E1));
#4568=CARTESIAN_POINT('',(-4.75E0,-8.E0,5.145E1));
#4569=VERTEX_POINT('',#4567);
#4570=VERTEX_POINT('',#4568);
#4571=CARTESIAN_POINT('',(-2.25E0,-8.E0,4.95E1));
#4572=CARTESIAN_POINT('',(-4.75E0,-8.E0,4.95E1));
#4573=VERTEX_POINT('',#4571);
#4574=VERTEX_POINT('',#4572);
#4575=CARTESIAN_POINT('',(-3.5E0,-8.E0,3.6485E1));
#4576=DIRECTION('',(0.E0,0.E0,1.E0));
#4577=DIRECTION('',(1.E0,0.E0,0.E0));
#4578=AXIS2_PLACEMENT_3D('',#4575,#4576,#4577);
#4579=CYLINDRICAL_SURFACE('',#4578,1.25E0);
#4581=ORIENTED_EDGE('',*,*,#4580,.T.);
#4583=ORIENTED_EDGE('',*,*,#4582,.T.);
#4585=ORIENTED_EDGE('',*,*,#4584,.T.);
#4587=ORIENTED_EDGE('',*,*,#4586,.F.);
#4588=EDGE_LOOP('',(#4581,#4583,#4585,#4587));
#4589=FACE_OUTER_BOUND('',#4588,.F.);
#4590=ADVANCED_FACE('',(#4589),#4579,.F.);
#4591=CARTESIAN_POINT('',(-3.5E0,-8.E0,3.6485E1));
#4592=DIRECTION('',(0.E0,0.E0,1.E0));
#4593=DIRECTION('',(1.E0,0.E0,0.E0));
#4594=AXIS2_PLACEMENT_3D('',#4591,#4592,#4593);
#4595=CYLINDRICAL_SURFACE('',#4594,1.25E0);
#4597=ORIENTED_EDGE('',*,*,#4596,.T.);
#4598=ORIENTED_EDGE('',*,*,#4586,.T.);
#4600=ORIENTED_EDGE('',*,*,#4599,.T.);
#4601=ORIENTED_EDGE('',*,*,#4582,.F.);
#4602=EDGE_LOOP('',(#4597,#4598,#4600,#4601));
#4603=FACE_OUTER_BOUND('',#4602,.F.);
#4604=ADVANCED_FACE('',(#4603),#4595,.F.);
#4605=OPEN_SHELL('',(#4590,#4604));
#4607=CARTESIAN_POINT('',(8.E0,-3.5E0,5.145E1));
#4608=DIRECTION('',(0.E0,0.E0,-1.E0));
#4609=DIRECTION('',(0.E0,-1.E0,0.E0));
#4610=AXIS2_PLACEMENT_3D('',#4607,#4608,#4609);
#4612=CARTESIAN_POINT('',(8.E0,-3.5E0,4.95E1));
#4613=DIRECTION('',(0.E0,0.E0,1.E0));
#4614=DIRECTION('',(0.E0,1.E0,0.E0));
#4615=AXIS2_PLACEMENT_3D('',#4612,#4613,#4614);
#4617=CARTESIAN_POINT('',(8.E0,-3.5E0,5.145E1));
#4618=DIRECTION('',(0.E0,0.E0,-1.E0));
#4619=DIRECTION('',(0.E0,1.E0,0.E0));
#4620=AXIS2_PLACEMENT_3D('',#4617,#4618,#4619);
#4622=DIRECTION('',(0.E0,0.E0,-1.E0));
#4623=VECTOR('',#4622,1.95E0);
#4624=CARTESIAN_POINT('',(8.E0,-4.75E0,5.145E1));
#4625=LINE('',#4624,#4623);
#4626=CARTESIAN_POINT('',(8.E0,-3.5E0,4.95E1));
#4627=DIRECTION('',(0.E0,0.E0,1.E0));
#4628=DIRECTION('',(0.E0,-1.E0,0.E0));
#4629=AXIS2_PLACEMENT_3D('',#4626,#4627,#4628);
#4631=DIRECTION('',(0.E0,0.E0,-1.E0));
#4632=VECTOR('',#4631,1.95E0);
#4633=CARTESIAN_POINT('',(8.E0,-2.25E0,5.145E1));
#4634=LINE('',#4633,#4632);
#4635=CARTESIAN_POINT('',(8.E0,-2.25E0,5.145E1));
#4636=CARTESIAN_POINT('',(8.E0,-4.75E0,5.145E1));
#4637=VERTEX_POINT('',#4635);
#4638=VERTEX_POINT('',#4636);
#4639=CARTESIAN_POINT('',(8.E0,-2.25E0,4.95E1));
#4640=CARTESIAN_POINT('',(8.E0,-4.75E0,4.95E1));
#4641=VERTEX_POINT('',#4639);
#4642=VERTEX_POINT('',#4640);
#4643=CARTESIAN_POINT('',(8.E0,-3.5E0,3.6485E1));
#4644=DIRECTION('',(0.E0,0.E0,1.E0));
#4645=DIRECTION('',(0.E0,1.E0,0.E0));
#4646=AXIS2_PLACEMENT_3D('',#4643,#4644,#4645);
#4647=CYLINDRICAL_SURFACE('',#4646,1.25E0);
#4649=ORIENTED_EDGE('',*,*,#4648,.T.);
#4651=ORIENTED_EDGE('',*,*,#4650,.T.);
#4653=ORIENTED_EDGE('',*,*,#4652,.T.);
#4655=ORIENTED_EDGE('',*,*,#4654,.F.);
#4656=EDGE_LOOP('',(#4649,#4651,#4653,#4655));
#4657=FACE_OUTER_BOUND('',#4656,.F.);
#4658=ADVANCED_FACE('',(#4657),#4647,.F.);
#4659=CARTESIAN_POINT('',(8.E0,-3.5E0,3.6485E1));
#4660=DIRECTION('',(0.E0,0.E0,1.E0));
#4661=DIRECTION('',(0.E0,1.E0,0.E0));
#4662=AXIS2_PLACEMENT_3D('',#4659,#4660,#4661);
#4663=CYLINDRICAL_SURFACE('',#4662,1.25E0);
#4665=ORIENTED_EDGE('',*,*,#4664,.T.);
#4666=ORIENTED_EDGE('',*,*,#4654,.T.);
#4668=ORIENTED_EDGE('',*,*,#4667,.T.);
#4669=ORIENTED_EDGE('',*,*,#4650,.F.);
#4670=EDGE_LOOP('',(#4665,#4666,#4668,#4669));
#4671=FACE_OUTER_BOUND('',#4670,.F.);
#4672=ADVANCED_FACE('',(#4671),#4663,.F.);
#4673=OPEN_SHELL('',(#4658,#4672));
#4675=CARTESIAN_POINT('',(1.1E1,6.E0,5.14E1));
#4676=DIRECTION('',(0.E0,0.E0,-1.E0));
#4677=DIRECTION('',(1.E0,0.E0,0.E0));
#4678=AXIS2_PLACEMENT_3D('',#4675,#4676,#4677);
#4680=CARTESIAN_POINT('',(1.1E1,6.E0,4.95E1));
#4681=DIRECTION('',(0.E0,0.E0,1.E0));
#4682=DIRECTION('',(-1.E0,0.E0,0.E0));
#4683=AXIS2_PLACEMENT_3D('',#4680,#4681,#4682);
#4685=CARTESIAN_POINT('',(1.1E1,6.E0,5.14E1));
#4686=DIRECTION('',(0.E0,0.E0,-1.E0));
#4687=DIRECTION('',(-1.E0,0.E0,0.E0));
#4688=AXIS2_PLACEMENT_3D('',#4685,#4686,#4687);
#4690=DIRECTION('',(0.E0,0.E0,-1.E0));
#4691=VECTOR('',#4690,1.9E0);
#4692=CARTESIAN_POINT('',(1.225E1,6.E0,5.14E1));
#4693=LINE('',#4692,#4691);
#4694=CARTESIAN_POINT('',(1.1E1,6.E0,4.95E1));
#4695=DIRECTION('',(0.E0,0.E0,1.E0));
#4696=DIRECTION('',(1.E0,0.E0,0.E0));
#4697=AXIS2_PLACEMENT_3D('',#4694,#4695,#4696);
#4699=DIRECTION('',(0.E0,0.E0,-1.E0));
#4700=VECTOR('',#4699,1.9E0);
#4701=CARTESIAN_POINT('',(9.75E0,6.E0,5.14E1));
#4702=LINE('',#4701,#4700);
#4703=CARTESIAN_POINT('',(9.75E0,6.E0,5.14E1));
#4704=CARTESIAN_POINT('',(1.225E1,6.E0,5.14E1));
#4705=VERTEX_POINT('',#4703);
#4706=VERTEX_POINT('',#4704);
#4707=CARTESIAN_POINT('',(9.75E0,6.E0,4.95E1));
#4708=CARTESIAN_POINT('',(1.225E1,6.E0,4.95E1));
#4709=VERTEX_POINT('',#4707);
#4710=VERTEX_POINT('',#4708);
#4711=CARTESIAN_POINT('',(1.1E1,6.E0,3.6485E1));
#4712=DIRECTION('',(0.E0,0.E0,1.E0));
#4713=DIRECTION('',(-1.E0,0.E0,0.E0));
#4714=AXIS2_PLACEMENT_3D('',#4711,#4712,#4713);
#4715=CYLINDRICAL_SURFACE('',#4714,1.25E0);
#4717=ORIENTED_EDGE('',*,*,#4716,.T.);
#4719=ORIENTED_EDGE('',*,*,#4718,.T.);
#4721=ORIENTED_EDGE('',*,*,#4720,.T.);
#4723=ORIENTED_EDGE('',*,*,#4722,.F.);
#4724=EDGE_LOOP('',(#4717,#4719,#4721,#4723));
#4725=FACE_OUTER_BOUND('',#4724,.F.);
#4726=ADVANCED_FACE('',(#4725),#4715,.F.);
#4727=CARTESIAN_POINT('',(1.1E1,6.E0,3.6485E1));
#4728=DIRECTION('',(0.E0,0.E0,1.E0));
#4729=DIRECTION('',(-1.E0,0.E0,0.E0));
#4730=AXIS2_PLACEMENT_3D('',#4727,#4728,#4729);
#4731=CYLINDRICAL_SURFACE('',#4730,1.25E0);
#4733=ORIENTED_EDGE('',*,*,#4732,.T.);
#4734=ORIENTED_EDGE('',*,*,#4722,.T.);
#4736=ORIENTED_EDGE('',*,*,#4735,.T.);
#4737=ORIENTED_EDGE('',*,*,#4718,.F.);
#4738=EDGE_LOOP('',(#4733,#4734,#4736,#4737));
#4739=FACE_OUTER_BOUND('',#4738,.F.);
#4740=ADVANCED_FACE('',(#4739),#4731,.F.);
#4741=OPEN_SHELL('',(#4726,#4740));
#4743=CARTESIAN_POINT('',(-6.E0,1.1E1,5.14E1));
#4744=DIRECTION('',(0.E0,0.E0,-1.E0));
#4745=DIRECTION('',(0.E0,1.E0,0.E0));
#4746=AXIS2_PLACEMENT_3D('',#4743,#4744,#4745);
#4748=CARTESIAN_POINT('',(-6.E0,1.1E1,4.95E1));
#4749=DIRECTION('',(0.E0,0.E0,1.E0));
#4750=DIRECTION('',(0.E0,-1.E0,0.E0));
#4751=AXIS2_PLACEMENT_3D('',#4748,#4749,#4750);
#4753=CARTESIAN_POINT('',(-6.E0,1.1E1,5.14E1));
#4754=DIRECTION('',(0.E0,0.E0,-1.E0));
#4755=DIRECTION('',(0.E0,-1.E0,0.E0));
#4756=AXIS2_PLACEMENT_3D('',#4753,#4754,#4755);
#4758=DIRECTION('',(0.E0,0.E0,-1.E0));
#4759=VECTOR('',#4758,1.9E0);
#4760=CARTESIAN_POINT('',(-6.E0,1.225E1,5.14E1));
#4761=LINE('',#4760,#4759);
#4762=CARTESIAN_POINT('',(-6.E0,1.1E1,4.95E1));
#4763=DIRECTION('',(0.E0,0.E0,1.E0));
#4764=DIRECTION('',(0.E0,1.E0,0.E0));
#4765=AXIS2_PLACEMENT_3D('',#4762,#4763,#4764);
#4767=DIRECTION('',(0.E0,0.E0,-1.E0));
#4768=VECTOR('',#4767,1.9E0);
#4769=CARTESIAN_POINT('',(-6.E0,9.75E0,5.14E1));
#4770=LINE('',#4769,#4768);
#4771=CARTESIAN_POINT('',(-6.E0,9.75E0,5.14E1));
#4772=CARTESIAN_POINT('',(-6.E0,1.225E1,5.14E1));
#4773=VERTEX_POINT('',#4771);
#4774=VERTEX_POINT('',#4772);
#4775=CARTESIAN_POINT('',(-6.E0,9.75E0,4.95E1));
#4776=CARTESIAN_POINT('',(-6.E0,1.225E1,4.95E1));
#4777=VERTEX_POINT('',#4775);
#4778=VERTEX_POINT('',#4776);
#4779=CARTESIAN_POINT('',(-6.E0,1.1E1,3.6485E1));
#4780=DIRECTION('',(0.E0,0.E0,1.E0));
#4781=DIRECTION('',(0.E0,-1.E0,0.E0));
#4782=AXIS2_PLACEMENT_3D('',#4779,#4780,#4781);
#4783=CYLINDRICAL_SURFACE('',#4782,1.25E0);
#4785=ORIENTED_EDGE('',*,*,#4784,.T.);
#4787=ORIENTED_EDGE('',*,*,#4786,.T.);
#4789=ORIENTED_EDGE('',*,*,#4788,.T.);
#4791=ORIENTED_EDGE('',*,*,#4790,.F.);
#4792=EDGE_LOOP('',(#4785,#4787,#4789,#4791));
#4793=FACE_OUTER_BOUND('',#4792,.F.);
#4794=ADVANCED_FACE('',(#4793),#4783,.F.);
#4795=CARTESIAN_POINT('',(-6.E0,1.1E1,3.6485E1));
#4796=DIRECTION('',(0.E0,0.E0,1.E0));
#4797=DIRECTION('',(0.E0,-1.E0,0.E0));
#4798=AXIS2_PLACEMENT_3D('',#4795,#4796,#4797);
#4799=CYLINDRICAL_SURFACE('',#4798,1.25E0);
#4801=ORIENTED_EDGE('',*,*,#4800,.T.);
#4802=ORIENTED_EDGE('',*,*,#4790,.T.);
#4804=ORIENTED_EDGE('',*,*,#4803,.T.);
#4805=ORIENTED_EDGE('',*,*,#4786,.F.);
#4806=EDGE_LOOP('',(#4801,#4802,#4804,#4805));
#4807=FACE_OUTER_BOUND('',#4806,.F.);
#4808=ADVANCED_FACE('',(#4807),#4799,.F.);
#4809=OPEN_SHELL('',(#4794,#4808));
#4811=CARTESIAN_POINT('',(-1.1E1,-6.E0,5.14E1));
#4812=DIRECTION('',(0.E0,0.E0,-1.E0));
#4813=DIRECTION('',(-1.E0,0.E0,0.E0));
#4814=AXIS2_PLACEMENT_3D('',#4811,#4812,#4813);
#4816=CARTESIAN_POINT('',(-1.1E1,-6.E0,4.95E1));
#4817=DIRECTION('',(0.E0,0.E0,1.E0));
#4818=DIRECTION('',(1.E0,0.E0,0.E0));
#4819=AXIS2_PLACEMENT_3D('',#4816,#4817,#4818);
#4821=CARTESIAN_POINT('',(-1.1E1,-6.E0,5.14E1));
#4822=DIRECTION('',(0.E0,0.E0,-1.E0));
#4823=DIRECTION('',(1.E0,0.E0,0.E0));
#4824=AXIS2_PLACEMENT_3D('',#4821,#4822,#4823);
#4826=DIRECTION('',(0.E0,0.E0,-1.E0));
#4827=VECTOR('',#4826,1.9E0);
#4828=CARTESIAN_POINT('',(-1.225E1,-6.E0,5.14E1));
#4829=LINE('',#4828,#4827);
#4830=CARTESIAN_POINT('',(-1.1E1,-6.E0,4.95E1));
#4831=DIRECTION('',(0.E0,0.E0,1.E0));
#4832=DIRECTION('',(-1.E0,0.E0,0.E0));
#4833=AXIS2_PLACEMENT_3D('',#4830,#4831,#4832);
#4835=DIRECTION('',(0.E0,0.E0,-1.E0));
#4836=VECTOR('',#4835,1.9E0);
#4837=CARTESIAN_POINT('',(-9.75E0,-6.E0,5.14E1));
#4838=LINE('',#4837,#4836);
#4839=CARTESIAN_POINT('',(-9.75E0,-6.E0,5.14E1));
#4840=CARTESIAN_POINT('',(-1.225E1,-6.E0,5.14E1));
#4841=VERTEX_POINT('',#4839);
#4842=VERTEX_POINT('',#4840);
#4843=CARTESIAN_POINT('',(-9.75E0,-6.E0,4.95E1));
#4844=CARTESIAN_POINT('',(-1.225E1,-6.E0,4.95E1));
#4845=VERTEX_POINT('',#4843);
#4846=VERTEX_POINT('',#4844);
#4847=CARTESIAN_POINT('',(-1.1E1,-6.E0,3.6485E1));
#4848=DIRECTION('',(0.E0,0.E0,1.E0));
#4849=DIRECTION('',(1.E0,0.E0,0.E0));
#4850=AXIS2_PLACEMENT_3D('',#4847,#4848,#4849);
#4851=CYLINDRICAL_SURFACE('',#4850,1.25E0);
#4853=ORIENTED_EDGE('',*,*,#4852,.T.);
#4855=ORIENTED_EDGE('',*,*,#4854,.T.);
#4857=ORIENTED_EDGE('',*,*,#4856,.T.);
#4859=ORIENTED_EDGE('',*,*,#4858,.F.);
#4860=EDGE_LOOP('',(#4853,#4855,#4857,#4859));
#4861=FACE_OUTER_BOUND('',#4860,.F.);
#4862=ADVANCED_FACE('',(#4861),#4851,.F.);
#4863=CARTESIAN_POINT('',(-1.1E1,-6.E0,3.6485E1));
#4864=DIRECTION('',(0.E0,0.E0,1.E0));
#4865=DIRECTION('',(1.E0,0.E0,0.E0));
#4866=AXIS2_PLACEMENT_3D('',#4863,#4864,#4865);
#4867=CYLINDRICAL_SURFACE('',#4866,1.25E0);
#4869=ORIENTED_EDGE('',*,*,#4868,.T.);
#4870=ORIENTED_EDGE('',*,*,#4858,.T.);
#4872=ORIENTED_EDGE('',*,*,#4871,.T.);
#4873=ORIENTED_EDGE('',*,*,#4854,.F.);
#4874=EDGE_LOOP('',(#4869,#4870,#4872,#4873));
#4875=FACE_OUTER_BOUND('',#4874,.F.);
#4876=ADVANCED_FACE('',(#4875),#4867,.F.);
#4877=OPEN_SHELL('',(#4862,#4876));
#4879=CARTESIAN_POINT('',(6.E0,-1.1E1,5.14E1));
#4880=DIRECTION('',(0.E0,0.E0,-1.E0));
#4881=DIRECTION('',(0.E0,-1.E0,0.E0));
#4882=AXIS2_PLACEMENT_3D('',#4879,#4880,#4881);
#4884=CARTESIAN_POINT('',(6.E0,-1.1E1,4.95E1));
#4885=DIRECTION('',(0.E0,0.E0,1.E0));
#4886=DIRECTION('',(0.E0,1.E0,0.E0));
#4887=AXIS2_PLACEMENT_3D('',#4884,#4885,#4886);
#4889=CARTESIAN_POINT('',(6.E0,-1.1E1,5.14E1));
#4890=DIRECTION('',(0.E0,0.E0,-1.E0));
#4891=DIRECTION('',(0.E0,1.E0,0.E0));
#4892=AXIS2_PLACEMENT_3D('',#4889,#4890,#4891);
#4894=DIRECTION('',(0.E0,0.E0,-1.E0));
#4895=VECTOR('',#4894,1.9E0);
#4896=CARTESIAN_POINT('',(6.E0,-1.225E1,5.14E1));
#4897=LINE('',#4896,#4895);
#4898=CARTESIAN_POINT('',(6.E0,-1.1E1,4.95E1));
#4899=DIRECTION('',(0.E0,0.E0,1.E0));
#4900=DIRECTION('',(0.E0,-1.E0,0.E0));
#4901=AXIS2_PLACEMENT_3D('',#4898,#4899,#4900);
#4903=DIRECTION('',(0.E0,0.E0,-1.E0));
#4904=VECTOR('',#4903,1.9E0);
#4905=CARTESIAN_POINT('',(6.E0,-9.75E0,5.14E1));
#4906=LINE('',#4905,#4904);
#4907=CARTESIAN_POINT('',(6.E0,-9.75E0,5.14E1));
#4908=CARTESIAN_POINT('',(6.E0,-1.225E1,5.14E1));
#4909=VERTEX_POINT('',#4907);
#4910=VERTEX_POINT('',#4908);
#4911=CARTESIAN_POINT('',(6.E0,-9.75E0,4.95E1));
#4912=CARTESIAN_POINT('',(6.E0,-1.225E1,4.95E1));
#4913=VERTEX_POINT('',#4911);
#4914=VERTEX_POINT('',#4912);
#4915=CARTESIAN_POINT('',(6.E0,-1.1E1,3.6485E1));
#4916=DIRECTION('',(0.E0,0.E0,1.E0));
#4917=DIRECTION('',(0.E0,1.E0,0.E0));
#4918=AXIS2_PLACEMENT_3D('',#4915,#4916,#4917);
#4919=CYLINDRICAL_SURFACE('',#4918,1.25E0);
#4921=ORIENTED_EDGE('',*,*,#4920,.T.);
#4923=ORIENTED_EDGE('',*,*,#4922,.T.);
#4925=ORIENTED_EDGE('',*,*,#4924,.T.);
#4927=ORIENTED_EDGE('',*,*,#4926,.F.);
#4928=EDGE_LOOP('',(#4921,#4923,#4925,#4927));
#4929=FACE_OUTER_BOUND('',#4928,.F.);
#4930=ADVANCED_FACE('',(#4929),#4919,.F.);
#4931=CARTESIAN_POINT('',(6.E0,-1.1E1,3.6485E1));
#4932=DIRECTION('',(0.E0,0.E0,1.E0));
#4933=DIRECTION('',(0.E0,1.E0,0.E0));
#4934=AXIS2_PLACEMENT_3D('',#4931,#4932,#4933);
#4935=CYLINDRICAL_SURFACE('',#4934,1.25E0);
#4937=ORIENTED_EDGE('',*,*,#4936,.T.);
#4938=ORIENTED_EDGE('',*,*,#4926,.T.);
#4940=ORIENTED_EDGE('',*,*,#4939,.T.);
#4941=ORIENTED_EDGE('',*,*,#4922,.F.);
#4942=EDGE_LOOP('',(#4937,#4938,#4940,#4941));
#4943=FACE_OUTER_BOUND('',#4942,.F.);
#4944=ADVANCED_FACE('',(#4943),#4935,.F.);
#4945=OPEN_SHELL('',(#4930,#4944));
#4947=CARTESIAN_POINT('',(1.6E1,8.E0,5.14E1));
#4948=DIRECTION('',(0.E0,0.E0,-1.E0));
#4949=DIRECTION('',(1.E0,0.E0,0.E0));
#4950=AXIS2_PLACEMENT_3D('',#4947,#4948,#4949);
#4952=CARTESIAN_POINT('',(1.6E1,8.E0,4.95E1));
#4953=DIRECTION('',(0.E0,0.E0,1.E0));
#4954=DIRECTION('',(-1.E0,0.E0,0.E0));
#4955=AXIS2_PLACEMENT_3D('',#4952,#4953,#4954);
#4957=CARTESIAN_POINT('',(1.6E1,8.E0,5.14E1));
#4958=DIRECTION('',(0.E0,0.E0,-1.E0));
#4959=DIRECTION('',(-1.E0,0.E0,0.E0));
#4960=AXIS2_PLACEMENT_3D('',#4957,#4958,#4959);
#4962=DIRECTION('',(0.E0,0.E0,-1.E0));
#4963=VECTOR('',#4962,1.9E0);
#4964=CARTESIAN_POINT('',(1.725E1,8.E0,5.14E1));
#4965=LINE('',#4964,#4963);
#4966=CARTESIAN_POINT('',(1.6E1,8.E0,4.95E1));
#4967=DIRECTION('',(0.E0,0.E0,1.E0));
#4968=DIRECTION('',(1.E0,0.E0,0.E0));
#4969=AXIS2_PLACEMENT_3D('',#4966,#4967,#4968);
#4971=DIRECTION('',(0.E0,0.E0,-1.E0));
#4972=VECTOR('',#4971,1.9E0);
#4973=CARTESIAN_POINT('',(1.475E1,8.E0,5.14E1));
#4974=LINE('',#4973,#4972);
#4975=CARTESIAN_POINT('',(1.475E1,8.E0,5.14E1));
#4976=CARTESIAN_POINT('',(1.725E1,8.E0,5.14E1));
#4977=VERTEX_POINT('',#4975);
#4978=VERTEX_POINT('',#4976);
#4979=CARTESIAN_POINT('',(1.475E1,8.E0,4.95E1));
#4980=CARTESIAN_POINT('',(1.725E1,8.E0,4.95E1));
#4981=VERTEX_POINT('',#4979);
#4982=VERTEX_POINT('',#4980);
#4983=CARTESIAN_POINT('',(1.6E1,8.E0,3.6485E1));
#4984=DIRECTION('',(0.E0,0.E0,1.E0));
#4985=DIRECTION('',(-1.E0,0.E0,0.E0));
#4986=AXIS2_PLACEMENT_3D('',#4983,#4984,#4985);
#4987=CYLINDRICAL_SURFACE('',#4986,1.25E0);
#4989=ORIENTED_EDGE('',*,*,#4988,.T.);
#4991=ORIENTED_EDGE('',*,*,#4990,.T.);
#4993=ORIENTED_EDGE('',*,*,#4992,.T.);
#4995=ORIENTED_EDGE('',*,*,#4994,.F.);
#4996=EDGE_LOOP('',(#4989,#4991,#4993,#4995));
#4997=FACE_OUTER_BOUND('',#4996,.F.);
#4998=ADVANCED_FACE('',(#4997),#4987,.F.);
#4999=CARTESIAN_POINT('',(1.6E1,8.E0,3.6485E1));
#5000=DIRECTION('',(0.E0,0.E0,1.E0));
#5001=DIRECTION('',(-1.E0,0.E0,0.E0));
#5002=AXIS2_PLACEMENT_3D('',#4999,#5000,#5001);
#5003=CYLINDRICAL_SURFACE('',#5002,1.25E0);
#5005=ORIENTED_EDGE('',*,*,#5004,.T.);
#5006=ORIENTED_EDGE('',*,*,#4994,.T.);
#5008=ORIENTED_EDGE('',*,*,#5007,.T.);
#5009=ORIENTED_EDGE('',*,*,#4990,.F.);
#5010=EDGE_LOOP('',(#5005,#5006,#5008,#5009));
#5011=FACE_OUTER_BOUND('',#5010,.F.);
#5012=ADVANCED_FACE('',(#5011),#5003,.F.);
#5013=OPEN_SHELL('',(#4998,#5012));
#5015=CARTESIAN_POINT('',(-1.6E1,8.E0,5.14E1));
#5016=DIRECTION('',(0.E0,0.E0,-1.E0));
#5017=DIRECTION('',(1.E0,0.E0,0.E0));
#5018=AXIS2_PLACEMENT_3D('',#5015,#5016,#5017);
#5020=CARTESIAN_POINT('',(-1.6E1,8.E0,4.95E1));
#5021=DIRECTION('',(0.E0,0.E0,1.E0));
#5022=DIRECTION('',(-1.E0,0.E0,0.E0));
#5023=AXIS2_PLACEMENT_3D('',#5020,#5021,#5022);
#5025=CARTESIAN_POINT('',(-1.6E1,8.E0,5.14E1));
#5026=DIRECTION('',(0.E0,0.E0,-1.E0));
#5027=DIRECTION('',(-1.E0,0.E0,0.E0));
#5028=AXIS2_PLACEMENT_3D('',#5025,#5026,#5027);
#5030=DIRECTION('',(0.E0,0.E0,-1.E0));
#5031=VECTOR('',#5030,1.9E0);
#5032=CARTESIAN_POINT('',(-1.475E1,8.E0,5.14E1));
#5033=LINE('',#5032,#5031);
#5034=CARTESIAN_POINT('',(-1.6E1,8.E0,4.95E1));
#5035=DIRECTION('',(0.E0,0.E0,1.E0));
#5036=DIRECTION('',(1.E0,0.E0,0.E0));
#5037=AXIS2_PLACEMENT_3D('',#5034,#5035,#5036);
#5039=DIRECTION('',(0.E0,0.E0,-1.E0));
#5040=VECTOR('',#5039,1.9E0);
#5041=CARTESIAN_POINT('',(-1.725E1,8.E0,5.14E1));
#5042=LINE('',#5041,#5040);
#5043=CARTESIAN_POINT('',(-1.725E1,8.E0,5.14E1));
#5044=CARTESIAN_POINT('',(-1.475E1,8.E0,5.14E1));
#5045=VERTEX_POINT('',#5043);
#5046=VERTEX_POINT('',#5044);
#5047=CARTESIAN_POINT('',(-1.725E1,8.E0,4.95E1));
#5048=CARTESIAN_POINT('',(-1.475E1,8.E0,4.95E1));
#5049=VERTEX_POINT('',#5047);
#5050=VERTEX_POINT('',#5048);
#5051=CARTESIAN_POINT('',(-1.6E1,8.E0,3.6485E1));
#5052=DIRECTION('',(0.E0,0.E0,1.E0));
#5053=DIRECTION('',(-1.E0,0.E0,0.E0));
#5054=AXIS2_PLACEMENT_3D('',#5051,#5052,#5053);
#5055=CYLINDRICAL_SURFACE('',#5054,1.25E0);
#5057=ORIENTED_EDGE('',*,*,#5056,.T.);
#5059=ORIENTED_EDGE('',*,*,#5058,.T.);
#5061=ORIENTED_EDGE('',*,*,#5060,.T.);
#5063=ORIENTED_EDGE('',*,*,#5062,.F.);
#5064=EDGE_LOOP('',(#5057,#5059,#5061,#5063));
#5065=FACE_OUTER_BOUND('',#5064,.F.);
#5066=ADVANCED_FACE('',(#5065),#5055,.F.);
#5067=CARTESIAN_POINT('',(-1.6E1,8.E0,3.6485E1));
#5068=DIRECTION('',(0.E0,0.E0,1.E0));
#5069=DIRECTION('',(-1.E0,0.E0,0.E0));
#5070=AXIS2_PLACEMENT_3D('',#5067,#5068,#5069);
#5071=CYLINDRICAL_SURFACE('',#5070,1.25E0);
#5073=ORIENTED_EDGE('',*,*,#5072,.T.);
#5074=ORIENTED_EDGE('',*,*,#5062,.T.);
#5076=ORIENTED_EDGE('',*,*,#5075,.T.);
#5077=ORIENTED_EDGE('',*,*,#5058,.F.);
#5078=EDGE_LOOP('',(#5073,#5074,#5076,#5077));
#5079=FACE_OUTER_BOUND('',#5078,.F.);
#5080=ADVANCED_FACE('',(#5079),#5071,.F.);
#5081=OPEN_SHELL('',(#5066,#5080));
#5083=CARTESIAN_POINT('',(1.6E1,-8.E0,5.14E1));
#5084=DIRECTION('',(0.E0,0.E0,-1.E0));
#5085=DIRECTION('',(1.E0,0.E0,0.E0));
#5086=AXIS2_PLACEMENT_3D('',#5083,#5084,#5085);
#5088=CARTESIAN_POINT('',(1.6E1,-8.E0,4.95E1));
#5089=DIRECTION('',(0.E0,0.E0,1.E0));
#5090=DIRECTION('',(-1.E0,0.E0,0.E0));
#5091=AXIS2_PLACEMENT_3D('',#5088,#5089,#5090);
#5093=CARTESIAN_POINT('',(1.6E1,-8.E0,5.14E1));
#5094=DIRECTION('',(0.E0,0.E0,-1.E0));
#5095=DIRECTION('',(-1.E0,0.E0,0.E0));
#5096=AXIS2_PLACEMENT_3D('',#5093,#5094,#5095);
#5098=DIRECTION('',(0.E0,0.E0,-1.E0));
#5099=VECTOR('',#5098,1.9E0);
#5100=CARTESIAN_POINT('',(1.725E1,-8.E0,5.14E1));
#5101=LINE('',#5100,#5099);
#5102=CARTESIAN_POINT('',(1.6E1,-8.E0,4.95E1));
#5103=DIRECTION('',(0.E0,0.E0,1.E0));
#5104=DIRECTION('',(1.E0,0.E0,0.E0));
#5105=AXIS2_PLACEMENT_3D('',#5102,#5103,#5104);
#5107=DIRECTION('',(0.E0,0.E0,-1.E0));
#5108=VECTOR('',#5107,1.9E0);
#5109=CARTESIAN_POINT('',(1.475E1,-8.E0,5.14E1));
#5110=LINE('',#5109,#5108);
#5111=CARTESIAN_POINT('',(1.475E1,-8.E0,5.14E1));
#5112=CARTESIAN_POINT('',(1.725E1,-8.E0,5.14E1));
#5113=VERTEX_POINT('',#5111);
#5114=VERTEX_POINT('',#5112);
#5115=CARTESIAN_POINT('',(1.475E1,-8.E0,4.95E1));
#5116=CARTESIAN_POINT('',(1.725E1,-8.E0,4.95E1));
#5117=VERTEX_POINT('',#5115);
#5118=VERTEX_POINT('',#5116);
#5119=CARTESIAN_POINT('',(1.6E1,-8.E0,3.6485E1));
#5120=DIRECTION('',(0.E0,0.E0,1.E0));
#5121=DIRECTION('',(-1.E0,0.E0,0.E0));
#5122=AXIS2_PLACEMENT_3D('',#5119,#5120,#5121);
#5123=CYLINDRICAL_SURFACE('',#5122,1.25E0);
#5125=ORIENTED_EDGE('',*,*,#5124,.T.);
#5127=ORIENTED_EDGE('',*,*,#5126,.T.);
#5129=ORIENTED_EDGE('',*,*,#5128,.T.);
#5131=ORIENTED_EDGE('',*,*,#5130,.F.);
#5132=EDGE_LOOP('',(#5125,#5127,#5129,#5131));
#5133=FACE_OUTER_BOUND('',#5132,.F.);
#5134=ADVANCED_FACE('',(#5133),#5123,.F.);
#5135=CARTESIAN_POINT('',(1.6E1,-8.E0,3.6485E1));
#5136=DIRECTION('',(0.E0,0.E0,1.E0));
#5137=DIRECTION('',(-1.E0,0.E0,0.E0));
#5138=AXIS2_PLACEMENT_3D('',#5135,#5136,#5137);
#5139=CYLINDRICAL_SURFACE('',#5138,1.25E0);
#5141=ORIENTED_EDGE('',*,*,#5140,.T.);
#5142=ORIENTED_EDGE('',*,*,#5130,.T.);
#5144=ORIENTED_EDGE('',*,*,#5143,.T.);
#5145=ORIENTED_EDGE('',*,*,#5126,.F.);
#5146=EDGE_LOOP('',(#5141,#5142,#5144,#5145));
#5147=FACE_OUTER_BOUND('',#5146,.F.);
#5148=ADVANCED_FACE('',(#5147),#5139,.F.);
#5149=OPEN_SHELL('',(#5134,#5148));
#5151=CARTESIAN_POINT('',(-1.6E1,-8.E0,5.14E1));
#5152=DIRECTION('',(0.E0,0.E0,-1.E0));
#5153=DIRECTION('',(1.E0,0.E0,0.E0));
#5154=AXIS2_PLACEMENT_3D('',#5151,#5152,#5153);
#5156=CARTESIAN_POINT('',(-1.6E1,-8.E0,4.95E1));
#5157=DIRECTION('',(0.E0,0.E0,1.E0));
#5158=DIRECTION('',(-1.E0,0.E0,0.E0));
#5159=AXIS2_PLACEMENT_3D('',#5156,#5157,#5158);
#5161=CARTESIAN_POINT('',(-1.6E1,-8.E0,5.14E1));
#5162=DIRECTION('',(0.E0,0.E0,-1.E0));
#5163=DIRECTION('',(-1.E0,0.E0,0.E0));
#5164=AXIS2_PLACEMENT_3D('',#5161,#5162,#5163);
#5166=DIRECTION('',(0.E0,0.E0,-1.E0));
#5167=VECTOR('',#5166,1.9E0);
#5168=CARTESIAN_POINT('',(-1.475E1,-8.E0,5.14E1));
#5169=LINE('',#5168,#5167);
#5170=CARTESIAN_POINT('',(-1.6E1,-8.E0,4.95E1));
#5171=DIRECTION('',(0.E0,0.E0,1.E0));
#5172=DIRECTION('',(1.E0,0.E0,0.E0));
#5173=AXIS2_PLACEMENT_3D('',#5170,#5171,#5172);
#5175=DIRECTION('',(0.E0,0.E0,-1.E0));
#5176=VECTOR('',#5175,1.9E0);
#5177=CARTESIAN_POINT('',(-1.725E1,-8.E0,5.14E1));
#5178=LINE('',#5177,#5176);
#5179=CARTESIAN_POINT('',(-1.725E1,-8.E0,5.14E1));
#5180=CARTESIAN_POINT('',(-1.475E1,-8.E0,5.14E1));
#5181=VERTEX_POINT('',#5179);
#5182=VERTEX_POINT('',#5180);
#5183=CARTESIAN_POINT('',(-1.725E1,-8.E0,4.95E1));
#5184=CARTESIAN_POINT('',(-1.475E1,-8.E0,4.95E1));
#5185=VERTEX_POINT('',#5183);
#5186=VERTEX_POINT('',#5184);
#5187=CARTESIAN_POINT('',(-1.6E1,-8.E0,3.6485E1));
#5188=DIRECTION('',(0.E0,0.E0,1.E0));
#5189=DIRECTION('',(-1.E0,0.E0,0.E0));
#5190=AXIS2_PLACEMENT_3D('',#5187,#5188,#5189);
#5191=CYLINDRICAL_SURFACE('',#5190,1.25E0);
#5193=ORIENTED_EDGE('',*,*,#5192,.T.);
#5195=ORIENTED_EDGE('',*,*,#5194,.T.);
#5197=ORIENTED_EDGE('',*,*,#5196,.T.);
#5199=ORIENTED_EDGE('',*,*,#5198,.F.);
#5200=EDGE_LOOP('',(#5193,#5195,#5197,#5199));
#5201=FACE_OUTER_BOUND('',#5200,.F.);
#5202=ADVANCED_FACE('',(#5201),#5191,.F.);
#5203=CARTESIAN_POINT('',(-1.6E1,-8.E0,3.6485E1));
#5204=DIRECTION('',(0.E0,0.E0,1.E0));
#5205=DIRECTION('',(-1.E0,0.E0,0.E0));
#5206=AXIS2_PLACEMENT_3D('',#5203,#5204,#5205);
#5207=CYLINDRICAL_SURFACE('',#5206,1.25E0);
#5209=ORIENTED_EDGE('',*,*,#5208,.T.);
#5210=ORIENTED_EDGE('',*,*,#5198,.T.);
#5212=ORIENTED_EDGE('',*,*,#5211,.T.);
#5213=ORIENTED_EDGE('',*,*,#5194,.F.);
#5214=EDGE_LOOP('',(#5209,#5210,#5212,#5213));
#5215=FACE_OUTER_BOUND('',#5214,.F.);
#5216=ADVANCED_FACE('',(#5215),#5207,.F.);
#5217=OPEN_SHELL('',(#5202,#5216));
#5218=MANIFOLD_SOLID_BREP('',#4402);
#5219=SHELL_BASED_SURFACE_MODEL('',(#4469,#4537,#4605,#4673,#4741,#4809,#4877,
#4945,#5013,#5081,#5149,#5217));
#5221=DIMENSIONAL_EXPONENTS(0.E0,0.E0,0.E0,0.E0,0.E0,0.E0,0.E0);
#5223=PLANE_ANGLE_MEASURE_WITH_UNIT(PLANE_ANGLE_MEASURE(1.745329251994E-2),
#5222);
#5224=(CONVERSION_BASED_UNIT('DEGREE',#5223)NAMED_UNIT(*)PLANE_ANGLE_UNIT());
#5226=UNCERTAINTY_MEASURE_WITH_UNIT(LENGTH_MEASURE(5.968010595498E-3),#5220,
'closure',
'Maximum model space distance between geometric entities at asserted connectivities');
#5227=(GEOMETRIC_REPRESENTATION_CONTEXT(3)GLOBAL_UNCERTAINTY_ASSIGNED_CONTEXT((
#5226))GLOBAL_UNIT_ASSIGNED_CONTEXT((#5220,#5224,#5225))REPRESENTATION_CONTEXT(
'ID1','3'));
#5230=CARTESIAN_POINT('',(0.E0,0.E0,0.E0));
#5231=DIRECTION('',(0.E0,0.E0,1.E0));
#5232=DIRECTION('',(1.E0,0.E0,0.E0));
#5235=SHAPE_REPRESENTATION_RELATIONSHIP('','',#5234,#5228);
#5236=SHAPE_REPRESENTATION_RELATIONSHIP('','',#5234,#5229);
#5237=APPLICATION_CONTEXT(
'CONFIGURATION CONTROLLED 3D DESIGNS OF MECHANICAL PARTS AND ASSEMBLIES');
#5238=APPLICATION_PROTOCOL_DEFINITION('international standard',
'config_control_design',1994,#5237);
#5239=DESIGN_CONTEXT('',#5237,'design');
#5240=MECHANICAL_CONTEXT('',#5237,'mechanical');
#5241=PRODUCT('FR13_S102_K','FR13_S102_K','NOT SPECIFIED',(#5240));
#5242=PRODUCT_DEFINITION_FORMATION_WITH_SPECIFIED_SOURCE('1','LAST_VERSION',
#5241,.MADE.);
#5246=PRODUCT_CATEGORY('part','');
#5247=PRODUCT_RELATED_PRODUCT_CATEGORY('detail','',(#5241));
#5248=PRODUCT_CATEGORY_RELATIONSHIP('','',#5246,#5247);
#5249=SECURITY_CLASSIFICATION_LEVEL('unclassified');
#5250=SECURITY_CLASSIFICATION('','',#5249);
#5251=CC_DESIGN_SECURITY_CLASSIFICATION(#5250,(#5242));
#5252=APPROVAL_STATUS('approved');
#5253=APPROVAL(#5252,'');
#5254=CC_DESIGN_APPROVAL(#5253,(#5250,#5242,#5243));
#5255=CALENDAR_DATE(126,7,1);
#5256=COORDINATED_UNIVERSAL_TIME_OFFSET(9,0,.AHEAD.);
#5257=LOCAL_TIME(19,14,4.9E1,#5256);
#5258=DATE_AND_TIME(#5255,#5257);
#5259=APPROVAL_DATE_TIME(#5258,#5253);
#5260=DATE_TIME_ROLE('creation_date');
#5261=CC_DESIGN_DATE_AND_TIME_ASSIGNMENT(#5258,#5260,(#5243));
#5262=DATE_TIME_ROLE('classification_date');
#5263=CC_DESIGN_DATE_AND_TIME_ASSIGNMENT(#5258,#5262,(#5250));
#5264=PERSON('UNSPECIFIED','UNSPECIFIED',$,$,$,$);
#5265=ORGANIZATION('UNSPECIFIED','UNSPECIFIED','UNSPECIFIED');
#5266=PERSON_AND_ORGANIZATION(#5264,#5265);
#5267=APPROVAL_ROLE('approver');
#5268=APPROVAL_PERSON_ORGANIZATION(#5266,#5253,#5267);
#5269=PERSON_AND_ORGANIZATION_ROLE('creator');
#5270=CC_DESIGN_PERSON_AND_ORGANIZATION_ASSIGNMENT(#5266,#5269,(#5242,#5243));
#5271=PERSON_AND_ORGANIZATION_ROLE('design_supplier');
#5272=CC_DESIGN_PERSON_AND_ORGANIZATION_ASSIGNMENT(#5266,#5271,(#5242));
#5273=PERSON_AND_ORGANIZATION_ROLE('classification_officer');
#5274=CC_DESIGN_PERSON_AND_ORGANIZATION_ASSIGNMENT(#5266,#5273,(#5250));
#5275=PERSON_AND_ORGANIZATION_ROLE('design_owner');
#5276=CC_DESIGN_PERSON_AND_ORGANIZATION_ASSIGNMENT(#5266,#5275,(#5241));
#6=CIRCLE('',#5,1.3E0);
#11=CIRCLE('',#10,1.3E0);
#16=CIRCLE('',#15,1.3E0);
#21=CIRCLE('',#20,1.3E0);
#26=CIRCLE('',#25,1.5E0);
#35=CIRCLE('',#34,1.5E0);
#40=CIRCLE('',#39,1.3E0);
#53=CIRCLE('',#52,2.7E0);
#58=CIRCLE('',#57,2.7E0);
#63=CIRCLE('',#62,2.7E0);
#68=CIRCLE('',#67,2.7E0);
#73=CIRCLE('',#72,1.5E0);
#78=CIRCLE('',#77,1.5E0);
#91=CIRCLE('',#90,1.3E0);
#108=CIRCLE('',#107,1.3E0);
#117=CIRCLE('',#116,1.3E0);
#158=CIRCLE('',#157,5.E-1);
#167=CIRCLE('',#166,2.5E0);
#176=CIRCLE('',#175,5.E-1);
#185=CIRCLE('',#184,2.5E0);
#210=CIRCLE('',#209,1.25E0);
#215=CIRCLE('',#214,1.25E0);
#220=CIRCLE('',#219,1.25E0);
#225=CIRCLE('',#224,1.25E0);
#230=CIRCLE('',#229,1.25E0);
#235=CIRCLE('',#234,1.25E0);
#240=CIRCLE('',#239,1.25E0);
#245=CIRCLE('',#244,1.25E0);
#250=CIRCLE('',#249,1.25E0);
#255=CIRCLE('',#254,1.25E0);
#260=CIRCLE('',#259,1.25E0);
#265=CIRCLE('',#264,1.25E0);
#270=CIRCLE('',#269,1.25E0);
#275=CIRCLE('',#274,1.25E0);
#280=CIRCLE('',#279,1.25E0);
#285=CIRCLE('',#284,1.25E0);
#290=CIRCLE('',#289,1.3E0);
#295=CIRCLE('',#294,1.3E0);
#300=CIRCLE('',#299,1.3E0);
#305=CIRCLE('',#304,1.3E0);
#310=CIRCLE('',#309,1.3E0);
#315=CIRCLE('',#314,1.3E0);
#320=CIRCLE('',#319,1.3E0);
#325=CIRCLE('',#324,1.3E0);
#330=CIRCLE('',#329,1.25E0);
#335=CIRCLE('',#334,1.25E0);
#340=CIRCLE('',#339,1.25E0);
#345=CIRCLE('',#344,1.25E0);
#350=CIRCLE('',#349,1.25E0);
#355=CIRCLE('',#354,1.25E0);
#360=CIRCLE('',#359,1.25E0);
#365=CIRCLE('',#364,1.25E0);
#370=CIRCLE('',#369,1.35E0);
#375=CIRCLE('',#374,1.35E0);
#380=CIRCLE('',#379,1.35E0);
#385=CIRCLE('',#384,1.35E0);
#390=CIRCLE('',#389,1.35E0);
#395=CIRCLE('',#394,1.35E0);
#400=CIRCLE('',#399,1.35E0);
#405=CIRCLE('',#404,1.35E0);
#410=CIRCLE('',#409,1.25E0);
#415=CIRCLE('',#414,1.25E0);
#420=CIRCLE('',#419,1.25E0);
#425=CIRCLE('',#424,1.25E0);
#430=CIRCLE('',#429,1.25E0);
#435=CIRCLE('',#434,1.25E0);
#440=CIRCLE('',#439,1.25E0);
#445=CIRCLE('',#444,1.25E0);
#450=CIRCLE('',#449,1.35E0);
#455=CIRCLE('',#454,1.35E0);
#460=CIRCLE('',#459,1.35E0);
#465=CIRCLE('',#464,1.35E0);
#470=CIRCLE('',#469,1.35E0);
#475=CIRCLE('',#474,1.35E0);
#480=CIRCLE('',#479,1.35E0);
#485=CIRCLE('',#484,1.35E0);
#490=CIRCLE('',#489,5.E-1);
#507=CIRCLE('',#506,5.E-1);
#512=CIRCLE('',#511,5.E0);
#517=CIRCLE('',#516,5.E-1);
#534=CIRCLE('',#533,5.E-1);
#539=CIRCLE('',#538,5.E0);
#560=CIRCLE('',#559,1.25E0);
#565=CIRCLE('',#564,1.25E0);
#570=CIRCLE('',#569,1.25E0);
#575=CIRCLE('',#574,1.25E0);
#580=CIRCLE('',#579,1.25E0);
#585=CIRCLE('',#584,1.25E0);
#590=CIRCLE('',#589,1.25E0);
#595=CIRCLE('',#594,1.25E0);
#600=CIRCLE('',#599,1.25E0);
#605=CIRCLE('',#604,1.25E0);
#610=CIRCLE('',#609,1.25E0);
#615=CIRCLE('',#614,1.25E0);
#620=CIRCLE('',#619,1.25E0);
#625=CIRCLE('',#624,1.25E0);
#630=CIRCLE('',#629,1.25E0);
#635=CIRCLE('',#634,1.25E0);
#640=CIRCLE('',#639,1.025E0);
#645=CIRCLE('',#644,1.025E0);
#650=CIRCLE('',#649,1.025E0);
#655=CIRCLE('',#654,1.025E0);
#660=CIRCLE('',#659,1.025E0);
#665=CIRCLE('',#664,1.025E0);
#670=CIRCLE('',#669,1.025E0);
#675=CIRCLE('',#674,1.025E0);
#680=CIRCLE('',#679,1.25E0);
#685=CIRCLE('',#684,1.25E0);
#690=CIRCLE('',#689,1.25E0);
#695=CIRCLE('',#694,1.25E0);
#700=CIRCLE('',#699,1.25E0);
#705=CIRCLE('',#704,1.25E0);
#710=CIRCLE('',#709,1.25E0);
#715=CIRCLE('',#714,1.25E0);
#720=CIRCLE('',#719,1.025E0);
#725=CIRCLE('',#724,1.025E0);
#730=CIRCLE('',#729,1.025E0);
#735=CIRCLE('',#734,1.025E0);
#740=CIRCLE('',#739,1.025E0);
#745=CIRCLE('',#744,1.025E0);
#750=CIRCLE('',#749,1.025E0);
#755=CIRCLE('',#754,1.025E0);
#760=CIRCLE('',#759,1.25E0);
#765=CIRCLE('',#764,1.25E0);
#770=CIRCLE('',#769,1.25E0);
#775=CIRCLE('',#774,1.25E0);
#780=CIRCLE('',#779,1.25E0);
#785=CIRCLE('',#784,1.25E0);
#790=CIRCLE('',#789,1.25E0);
#795=CIRCLE('',#794,1.25E0);
#800=CIRCLE('',#799,1.025E0);
#805=CIRCLE('',#804,1.025E0);
#810=CIRCLE('',#809,1.025E0);
#815=CIRCLE('',#814,1.025E0);
#820=CIRCLE('',#819,1.025E0);
#825=CIRCLE('',#824,1.025E0);
#830=CIRCLE('',#829,1.025E0);
#835=CIRCLE('',#834,1.025E0);
#840=CIRCLE('',#839,5.E-1);
#845=CIRCLE('',#844,5.E0);
#850=CIRCLE('',#849,5.E-1);
#867=CIRCLE('',#866,5.E-1);
#872=CIRCLE('',#871,5.E0);
#877=CIRCLE('',#876,5.E-1);
#898=CIRCLE('',#897,5.E-1);
#907=CIRCLE('',#906,2.5E0);
#916=CIRCLE('',#915,5.E-1);
#925=CIRCLE('',#924,2.5E0);
#942=CIRCLE('',#941,1.3E0);
#947=CIRCLE('',#946,1.3E0);
#952=CIRCLE('',#951,1.3E0);
#957=CIRCLE('',#956,1.3E0);
#962=CIRCLE('',#961,1.5E0);
#971=CIRCLE('',#970,1.5E0);
#976=CIRCLE('',#975,1.3E0);
#989=CIRCLE('',#988,2.7E0);
#994=CIRCLE('',#993,2.7E0);
#999=CIRCLE('',#998,2.7E0);
#1004=CIRCLE('',#1003,2.7E0);
#1009=CIRCLE('',#1008,1.5E0);
#1014=CIRCLE('',#1013,1.5E0);
#1027=CIRCLE('',#1026,1.3E0);
#1044=CIRCLE('',#1043,1.3E0);
#1053=CIRCLE('',#1052,1.3E0);
#1174=CIRCLE('',#1173,1.025E0);
#1183=CIRCLE('',#1182,1.025E0);
#1200=CIRCLE('',#1199,1.025E0);
#1209=CIRCLE('',#1208,1.025E0);
#1226=CIRCLE('',#1225,1.025E0);
#1235=CIRCLE('',#1234,1.025E0);
#1252=CIRCLE('',#1251,1.025E0);
#1261=CIRCLE('',#1260,1.025E0);
#1310=CIRCLE('',#1309,1.025E0);
#1319=CIRCLE('',#1318,1.025E0);
#1336=CIRCLE('',#1335,1.025E0);
#1345=CIRCLE('',#1344,1.025E0);
#1362=CIRCLE('',#1361,1.025E0);
#1371=CIRCLE('',#1370,1.025E0);
#1388=CIRCLE('',#1387,1.025E0);
#1397=CIRCLE('',#1396,1.025E0);
#1446=CIRCLE('',#1445,1.025E0);
#1455=CIRCLE('',#1454,1.025E0);
#1472=CIRCLE('',#1471,1.025E0);
#1481=CIRCLE('',#1480,1.025E0);
#1498=CIRCLE('',#1497,1.025E0);
#1507=CIRCLE('',#1506,1.025E0);
#1524=CIRCLE('',#1523,1.025E0);
#1533=CIRCLE('',#1532,1.025E0);
#1546=CIRCLE('',#1545,5.E-1);
#1551=CIRCLE('',#1550,5.E-1);
#1564=CIRCLE('',#1563,5.E-1);
#1569=CIRCLE('',#1568,5.E-1);
#1598=CIRCLE('',#1597,5.E-1);
#1603=CIRCLE('',#1602,5.E-1);
#1616=CIRCLE('',#1615,5.E-1);
#1621=CIRCLE('',#1620,5.E-1);
#2091=EDGE_CURVE('',#1880,#1881,#26,.T.);
#2093=EDGE_CURVE('',#1645,#1880,#197,.T.);
#2095=EDGE_CURVE('',#1645,#1653,#30,.T.);
#2097=EDGE_CURVE('',#1653,#1889,#145,.T.);
#2099=EDGE_CURVE('',#1888,#1889,#35,.T.);
#2101=EDGE_CURVE('',#1881,#1888,#129,.T.);
#2105=EDGE_CURVE('',#1684,#1685,#16,.T.);
#2107=EDGE_CURVE('',#1685,#1684,#21,.T.);
#2111=EDGE_CURVE('',#1680,#1681,#6,.T.);
#2113=EDGE_CURVE('',#1681,#1680,#11,.T.);
#2123=EDGE_CURVE('',#1693,#1692,#40,.T.);
#2125=EDGE_CURVE('',#1681,#1692,#95,.T.);
#2128=EDGE_CURVE('',#1680,#1693,#44,.T.);
#2138=EDGE_CURVE('',#1689,#1688,#58,.T.);
#2140=EDGE_CURVE('',#1688,#1692,#86,.T.);
#2143=EDGE_CURVE('',#1689,#1693,#48,.T.);
#2153=EDGE_CURVE('',#1883,#1885,#73,.T.);
#2155=EDGE_CURVE('',#1883,#1893,#137,.T.);
#2157=EDGE_CURVE('',#1891,#1893,#78,.T.);
#2159=EDGE_CURVE('',#1669,#1891,#153,.T.);
#2161=EDGE_CURVE('',#1661,#1669,#82,.T.);
#2163=EDGE_CURVE('',#1661,#1885,#193,.T.);
#2167=EDGE_CURVE('',#1696,#1697,#63,.T.);
#2169=EDGE_CURVE('',#1697,#1696,#68,.T.);
#2173=EDGE_CURVE('',#1688,#1689,#53,.T.);
#2186=EDGE_CURVE('',#1692,#1693,#91,.T.);
#2210=EDGE_CURVE('',#1697,#1701,#103,.T.);
#2212=EDGE_CURVE('',#1700,#1701,#117,.T.);
#2214=EDGE_CURVE('',#1696,#1700,#99,.T.);
#2226=EDGE_CURVE('',#1701,#1700,#108,.T.);
#2238=EDGE_CURVE('',#1685,#1700,#121,.T.);
#2241=EDGE_CURVE('',#1684,#1701,#112,.T.);
#2264=EDGE_CURVE('',#1883,#1881,#125,.T.);
#2267=EDGE_CURVE('',#1885,#1880,#189,.T.);
#2279=EDGE_CURVE('',#1893,#1888,#133,.T.);
#2291=EDGE_CURVE('',#1891,#1889,#141,.T.);
#2305=EDGE_CURVE('',#1653,#1669,#149,.T.);
#2316=EDGE_CURVE('',#1651,#1653,#158,.T.);
#2318=EDGE_CURVE('',#1651,#1667,#162,.T.);
#2320=EDGE_CURVE('',#1667,#1669,#167,.T.);
#2331=EDGE_CURVE('',#1643,#1645,#176,.T.);
#2333=EDGE_CURVE('',#1643,#1651,#171,.T.);
#2346=EDGE_CURVE('',#1645,#1661,#180,.T.);
#2348=EDGE_CURVE('',#1659,#1661,#185,.T.);
#2350=EDGE_CURVE('',#1643,#1659,#547,.T.);
#2375=EDGE_CURVE('',#1659,#1667,#201,.T.);
#2385=EDGE_CURVE('',#1657,#1659,#551,.T.);
#2388=EDGE_CURVE('',#1665,#1667,#1093,.T.);
#2390=EDGE_CURVE('',#1657,#1665,#205,.T.);
#2394=EDGE_CURVE('',#1724,#1725,#210,.T.);
#2396=EDGE_CURVE('',#1725,#1724,#215,.T.);
#2400=EDGE_CURVE('',#1732,#1733,#220,.T.);
#2402=EDGE_CURVE('',#1733,#1732,#225,.T.);
#2406=EDGE_CURVE('',#1740,#1741,#230,.T.);
#2408=EDGE_CURVE('',#1741,#1740,#235,.T.);
#2412=EDGE_CURVE('',#1748,#1749,#240,.T.);
#2414=EDGE_CURVE('',#1749,#1748,#245,.T.);
#2418=EDGE_CURVE('',#1756,#1757,#250,.T.);
#2420=EDGE_CURVE('',#1757,#1756,#255,.T.);
#2424=EDGE_CURVE('',#1764,#1765,#260,.T.);
#2426=EDGE_CURVE('',#1765,#1764,#265,.T.);
#2430=EDGE_CURVE('',#1772,#1773,#270,.T.);
#2432=EDGE_CURVE('',#1773,#1772,#275,.T.);
#2436=EDGE_CURVE('',#1780,#1781,#280,.T.);
#2438=EDGE_CURVE('',#1781,#1780,#285,.T.);
#2442=EDGE_CURVE('',#1792,#1793,#290,.T.);
#2444=EDGE_CURVE('',#1793,#1792,#295,.T.);
#2448=EDGE_CURVE('',#1804,#1805,#300,.T.);
#2450=EDGE_CURVE('',#1805,#1804,#305,.T.);
#2454=EDGE_CURVE('',#1816,#1817,#310,.T.);
#2456=EDGE_CURVE('',#1817,#1816,#315,.T.);
#2460=EDGE_CURVE('',#1828,#1829,#320,.T.);
#2462=EDGE_CURVE('',#1829,#1828,#325,.T.);
#2466=EDGE_CURVE('',#1836,#1837,#330,.T.);
#2468=EDGE_CURVE('',#1837,#1836,#335,.T.);
#2472=EDGE_CURVE('',#1844,#1845,#340,.T.);
#2474=EDGE_CURVE('',#1845,#1844,#345,.T.);
#2478=EDGE_CURVE('',#1852,#1853,#350,.T.);
#2480=EDGE_CURVE('',#1853,#1852,#355,.T.);
#2484=EDGE_CURVE('',#1860,#1861,#360,.T.);
#2486=EDGE_CURVE('',#1861,#1860,#365,.T.);
#2490=EDGE_CURVE('',#1904,#1905,#370,.T.);
#2492=EDGE_CURVE('',#1905,#1904,#375,.T.);
#2496=EDGE_CURVE('',#1916,#1917,#380,.T.);
#2498=EDGE_CURVE('',#1917,#1916,#385,.T.);
#2502=EDGE_CURVE('',#1928,#1929,#390,.T.);
#2504=EDGE_CURVE('',#1929,#1928,#395,.T.);
#2508=EDGE_CURVE('',#1940,#1941,#400,.T.);
#2510=EDGE_CURVE('',#1941,#1940,#405,.T.);
#2514=EDGE_CURVE('',#1948,#1949,#410,.T.);
#2516=EDGE_CURVE('',#1949,#1948,#415,.T.);
#2520=EDGE_CURVE('',#1956,#1957,#420,.T.);
#2522=EDGE_CURVE('',#1957,#1956,#425,.T.);
#2526=EDGE_CURVE('',#1964,#1965,#430,.T.);
#2528=EDGE_CURVE('',#1965,#1964,#435,.T.);
#2532=EDGE_CURVE('',#1972,#1973,#440,.T.);
#2534=EDGE_CURVE('',#1973,#1972,#445,.T.);
#2538=EDGE_CURVE('',#1984,#1985,#450,.T.);
#2540=EDGE_CURVE('',#1985,#1984,#455,.T.);
#2544=EDGE_CURVE('',#1996,#1997,#460,.T.);
#2546=EDGE_CURVE('',#1997,#1996,#465,.T.);
#2550=EDGE_CURVE('',#2008,#2009,#470,.T.);
#2552=EDGE_CURVE('',#2009,#2008,#475,.T.);
#2556=EDGE_CURVE('',#2020,#2021,#480,.T.);
#2558=EDGE_CURVE('',#2021,#2020,#485,.T.);
#2562=EDGE_CURVE('',#2059,#2061,#490,.T.);
#2564=EDGE_CURVE('',#2025,#2059,#494,.T.);
#2566=EDGE_CURVE('',#2029,#2025,#1551,.T.);
#2568=EDGE_CURVE('',#2049,#2029,#498,.T.);
#2570=EDGE_CURVE('',#2053,#2049,#1569,.T.);
#2572=EDGE_CURVE('',#2085,#2053,#502,.T.);
#2574=EDGE_CURVE('',#2083,#2085,#507,.T.);
#2576=EDGE_CURVE('',#2083,#2077,#512,.T.);
#2578=EDGE_CURVE('',#2075,#2077,#517,.T.);
#2580=EDGE_CURVE('',#2041,#2075,#521,.T.);
#2582=EDGE_CURVE('',#2045,#2041,#1603,.T.);
#2584=EDGE_CURVE('',#2033,#2045,#525,.T.);
#2586=EDGE_CURVE('',#2037,#2033,#1621,.T.);
#2588=EDGE_CURVE('',#2069,#2037,#529,.T.);
#2590=EDGE_CURVE('',#2067,#2069,#534,.T.);
#2592=EDGE_CURVE('',#2067,#2061,#539,.T.);
#2602=EDGE_CURVE('',#1641,#1643,#543,.T.);
#2606=EDGE_CURVE('',#1641,#1657,#902,.T.);
#2617=EDGE_CURVE('',#1641,#1649,#555,.T.);
#2619=EDGE_CURVE('',#1649,#1651,#1085,.T.);
#2624=EDGE_CURVE('',#1720,#1721,#560,.T.);
#2626=EDGE_CURVE('',#1721,#1720,#565,.T.);
#2630=EDGE_CURVE('',#1728,#1729,#570,.T.);
#2632=EDGE_CURVE('',#1729,#1728,#575,.T.);
#2636=EDGE_CURVE('',#1736,#1737,#580,.T.);
#2638=EDGE_CURVE('',#1737,#1736,#585,.T.);
#2642=EDGE_CURVE('',#1744,#1745,#590,.T.);
#2644=EDGE_CURVE('',#1745,#1744,#595,.T.);
#2648=EDGE_CURVE('',#1752,#1753,#600,.T.);
#2650=EDGE_CURVE('',#1753,#1752,#605,.T.);
#2654=EDGE_CURVE('',#1760,#1761,#610,.T.);
#2656=EDGE_CURVE('',#1761,#1760,#615,.T.);
#2660=EDGE_CURVE('',#1768,#1769,#620,.T.);
#2662=EDGE_CURVE('',#1769,#1768,#625,.T.);
#2666=EDGE_CURVE('',#1776,#1777,#630,.T.);
#2668=EDGE_CURVE('',#1777,#1776,#635,.T.);
#2672=EDGE_CURVE('',#1788,#1789,#640,.T.);
#2674=EDGE_CURVE('',#1789,#1788,#645,.T.);
#2678=EDGE_CURVE('',#1800,#1801,#650,.T.);
#2680=EDGE_CURVE('',#1801,#1800,#655,.T.);
#2684=EDGE_CURVE('',#1812,#1813,#660,.T.);
#2686=EDGE_CURVE('',#1813,#1812,#665,.T.);
#2690=EDGE_CURVE('',#1824,#1825,#670,.T.);
#2692=EDGE_CURVE('',#1825,#1824,#675,.T.);
#2696=EDGE_CURVE('',#1832,#1833,#680,.T.);
#2698=EDGE_CURVE('',#1833,#1832,#685,.T.);
#2702=EDGE_CURVE('',#1840,#1841,#690,.T.);
#2704=EDGE_CURVE('',#1841,#1840,#695,.T.);
#2708=EDGE_CURVE('',#1848,#1849,#700,.T.);
#2710=EDGE_CURVE('',#1849,#1848,#705,.T.);
#2714=EDGE_CURVE('',#1856,#1857,#710,.T.);
#2716=EDGE_CURVE('',#1857,#1856,#715,.T.);
#2720=EDGE_CURVE('',#1900,#1901,#720,.T.);
#2722=EDGE_CURVE('',#1901,#1900,#725,.T.);
#2726=EDGE_CURVE('',#1912,#1913,#730,.T.);
#2728=EDGE_CURVE('',#1913,#1912,#735,.T.);
#2732=EDGE_CURVE('',#1924,#1925,#740,.T.);
#2734=EDGE_CURVE('',#1925,#1924,#745,.T.);
#2738=EDGE_CURVE('',#1936,#1937,#750,.T.);
#2740=EDGE_CURVE('',#1937,#1936,#755,.T.);
#2744=EDGE_CURVE('',#1944,#1945,#760,.T.);
#2746=EDGE_CURVE('',#1945,#1944,#765,.T.);
#2750=EDGE_CURVE('',#1952,#1953,#770,.T.);
#2752=EDGE_CURVE('',#1953,#1952,#775,.T.);
#2756=EDGE_CURVE('',#1960,#1961,#780,.T.);
#2758=EDGE_CURVE('',#1961,#1960,#785,.T.);
#2762=EDGE_CURVE('',#1968,#1969,#790,.T.);
#2764=EDGE_CURVE('',#1969,#1968,#795,.T.);
#2768=EDGE_CURVE('',#1980,#1981,#800,.T.);
#2770=EDGE_CURVE('',#1981,#1980,#805,.T.);
#2774=EDGE_CURVE('',#1992,#1993,#810,.T.);
#2776=EDGE_CURVE('',#1993,#1992,#815,.T.);
#2780=EDGE_CURVE('',#2004,#2005,#820,.T.);
#2782=EDGE_CURVE('',#2005,#2004,#825,.T.);
#2786=EDGE_CURVE('',#2016,#2017,#830,.T.);
#2788=EDGE_CURVE('',#2017,#2016,#835,.T.);
#2792=EDGE_CURVE('',#2056,#2057,#840,.T.);
#2794=EDGE_CURVE('',#2065,#2056,#845,.T.);
#2796=EDGE_CURVE('',#2064,#2065,#850,.T.);
#2798=EDGE_CURVE('',#2064,#2036,#854,.T.);
#2800=EDGE_CURVE('',#2032,#2036,#1616,.T.);
#2802=EDGE_CURVE('',#2032,#2044,#858,.T.);
#2804=EDGE_CURVE('',#2040,#2044,#1598,.T.);
#2806=EDGE_CURVE('',#2040,#2073,#862,.T.);
#2808=EDGE_CURVE('',#2072,#2073,#867,.T.);
#2810=EDGE_CURVE('',#2081,#2072,#872,.T.);
#2812=EDGE_CURVE('',#2080,#2081,#877,.T.);
#2814=EDGE_CURVE('',#2080,#2052,#881,.T.);
#2816=EDGE_CURVE('',#2048,#2052,#1564,.T.);
#2818=EDGE_CURVE('',#2048,#2028,#885,.T.);
#2820=EDGE_CURVE('',#2024,#2028,#1546,.T.);
#2822=EDGE_CURVE('',#2024,#2057,#889,.T.);
#2832=EDGE_CURVE('',#1640,#1641,#898,.T.);
#2834=EDGE_CURVE('',#1640,#1648,#893,.T.);
#2836=EDGE_CURVE('',#1648,#1649,#916,.T.);
#2849=EDGE_CURVE('',#1656,#1657,#907,.T.);
#2851=EDGE_CURVE('',#1640,#1656,#1069,.T.);
#2863=EDGE_CURVE('',#1664,#1665,#925,.T.);
#2865=EDGE_CURVE('',#1656,#1664,#911,.T.);
#2876=EDGE_CURVE('',#1648,#1664,#920,.T.);
#2879=EDGE_CURVE('',#1649,#1665,#1089,.T.);
#2889=EDGE_CURVE('',#1877,#1872,#929,.T.);
#2891=EDGE_CURVE('',#1877,#1664,#933,.T.);
#2894=EDGE_CURVE('',#1872,#1648,#937,.T.);
#2904=EDGE_CURVE('',#1872,#1873,#971,.T.);
#2906=EDGE_CURVE('',#1875,#1873,#1081,.T.);
#2908=EDGE_CURVE('',#1875,#1877,#1014,.T.);
#2919=EDGE_CURVE('',#1864,#1865,#962,.T.);
#2921=EDGE_CURVE('',#1864,#1873,#966,.T.);
#2926=EDGE_CURVE('',#1865,#1640,#1065,.T.);
#2930=EDGE_CURVE('',#1676,#1677,#952,.T.);
#2932=EDGE_CURVE('',#1677,#1676,#957,.T.);
#2936=EDGE_CURVE('',#1672,#1673,#942,.T.);
#2938=EDGE_CURVE('',#1673,#1672,#947,.T.);
#2948=EDGE_CURVE('',#1709,#1708,#976,.T.);
#2950=EDGE_CURVE('',#1672,#1708,#1031,.T.);
#2953=EDGE_CURVE('',#1673,#1709,#980,.T.);
#2963=EDGE_CURVE('',#1705,#1704,#994,.T.);
#2965=EDGE_CURVE('',#1704,#1708,#1022,.T.);
#2968=EDGE_CURVE('',#1705,#1709,#984,.T.);
#2978=EDGE_CURVE('',#1867,#1869,#1009,.T.);
#2980=EDGE_CURVE('',#1867,#1656,#1073,.T.);
#2985=EDGE_CURVE('',#1869,#1875,#1018,.T.);
#2989=EDGE_CURVE('',#1712,#1713,#999,.T.);
#2991=EDGE_CURVE('',#1713,#1712,#1004,.T.);
#2995=EDGE_CURVE('',#1704,#1705,#989,.T.);
#3008=EDGE_CURVE('',#1708,#1709,#1027,.T.);
#3032=EDGE_CURVE('',#1713,#1717,#1039,.T.);
#3034=EDGE_CURVE('',#1716,#1717,#1053,.T.);
#3036=EDGE_CURVE('',#1712,#1716,#1035,.T.);
#3048=EDGE_CURVE('',#1717,#1716,#1044,.T.);
#3060=EDGE_CURVE('',#1676,#1716,#1057,.T.);
#3063=EDGE_CURVE('',#1677,#1717,#1048,.T.);
#3086=EDGE_CURVE('',#1867,#1865,#1061,.T.);
#3089=EDGE_CURVE('',#1869,#1864,#1077,.T.);
#3136=EDGE_CURVE('',#1724,#1720,#1097,.T.);
#3139=EDGE_CURVE('',#1725,#1721,#1101,.T.);
#3162=EDGE_CURVE('',#1732,#1728,#1105,.T.);
#3165=EDGE_CURVE('',#1733,#1729,#1109,.T.);
#3188=EDGE_CURVE('',#1740,#1736,#1113,.T.);
#3191=EDGE_CURVE('',#1741,#1737,#1117,.T.);
#3214=EDGE_CURVE('',#1748,#1744,#1121,.T.);
#3217=EDGE_CURVE('',#1749,#1745,#1125,.T.);
#3240=EDGE_CURVE('',#1756,#1752,#1129,.T.);
#3243=EDGE_CURVE('',#1757,#1753,#1133,.T.);
#3266=EDGE_CURVE('',#1764,#1760,#1137,.T.);
#3269=EDGE_CURVE('',#1765,#1761,#1141,.T.);
#3292=EDGE_CURVE('',#1772,#1768,#1145,.T.);
#3295=EDGE_CURVE('',#1773,#1769,#1149,.T.);
#3318=EDGE_CURVE('',#1780,#1776,#1153,.T.);
#3321=EDGE_CURVE('',#1781,#1777,#1157,.T.);
#3344=EDGE_CURVE('',#1789,#1785,#1165,.T.);
#3346=EDGE_CURVE('',#1784,#1785,#1183,.T.);
#3348=EDGE_CURVE('',#1788,#1784,#1161,.T.);
#3360=EDGE_CURVE('',#1784,#1785,#1174,.T.);
#3372=EDGE_CURVE('',#1785,#1793,#1169,.T.);
#3375=EDGE_CURVE('',#1784,#1792,#1178,.T.);
#3398=EDGE_CURVE('',#1801,#1797,#1191,.T.);
#3400=EDGE_CURVE('',#1796,#1797,#1209,.T.);
#3402=EDGE_CURVE('',#1800,#1796,#1187,.T.);
#3414=EDGE_CURVE('',#1796,#1797,#1200,.T.);
#3426=EDGE_CURVE('',#1797,#1805,#1195,.T.);
#3429=EDGE_CURVE('',#1796,#1804,#1204,.T.);
#3452=EDGE_CURVE('',#1813,#1809,#1217,.T.);
#3454=EDGE_CURVE('',#1808,#1809,#1235,.T.);
#3456=EDGE_CURVE('',#1812,#1808,#1213,.T.);
#3468=EDGE_CURVE('',#1808,#1809,#1226,.T.);
#3480=EDGE_CURVE('',#1809,#1817,#1221,.T.);
#3483=EDGE_CURVE('',#1808,#1816,#1230,.T.);
#3506=EDGE_CURVE('',#1825,#1821,#1243,.T.);
#3508=EDGE_CURVE('',#1820,#1821,#1261,.T.);
#3510=EDGE_CURVE('',#1824,#1820,#1239,.T.);
#3522=EDGE_CURVE('',#1820,#1821,#1252,.T.);
#3534=EDGE_CURVE('',#1821,#1829,#1247,.T.);
#3537=EDGE_CURVE('',#1820,#1828,#1256,.T.);
#3560=EDGE_CURVE('',#1836,#1832,#1265,.T.);
#3563=EDGE_CURVE('',#1837,#1833,#1269,.T.);
#3586=EDGE_CURVE('',#1844,#1840,#1273,.T.);
#3589=EDGE_CURVE('',#1845,#1841,#1277,.T.);
#3612=EDGE_CURVE('',#1852,#1848,#1281,.T.);
#3615=EDGE_CURVE('',#1853,#1849,#1285,.T.);
#3638=EDGE_CURVE('',#1860,#1856,#1289,.T.);
#3641=EDGE_CURVE('',#1861,#1857,#1293,.T.);
#3664=EDGE_CURVE('',#1901,#1897,#1301,.T.);
#3666=EDGE_CURVE('',#1896,#1897,#1319,.T.);
#3668=EDGE_CURVE('',#1900,#1896,#1297,.T.);
#3680=EDGE_CURVE('',#1896,#1897,#1310,.T.);
#3692=EDGE_CURVE('',#1897,#1905,#1305,.T.);
#3695=EDGE_CURVE('',#1896,#1904,#1314,.T.);
#3718=EDGE_CURVE('',#1913,#1909,#1327,.T.);
#3720=EDGE_CURVE('',#1908,#1909,#1345,.T.);
#3722=EDGE_CURVE('',#1912,#1908,#1323,.T.);
#3734=EDGE_CURVE('',#1908,#1909,#1336,.T.);
#3746=EDGE_CURVE('',#1909,#1917,#1331,.T.);
#3749=EDGE_CURVE('',#1908,#1916,#1340,.T.);
#3772=EDGE_CURVE('',#1925,#1921,#1353,.T.);
#3774=EDGE_CURVE('',#1920,#1921,#1371,.T.);
#3776=EDGE_CURVE('',#1924,#1920,#1349,.T.);
#3788=EDGE_CURVE('',#1920,#1921,#1362,.T.);
#3800=EDGE_CURVE('',#1921,#1929,#1357,.T.);
#3803=EDGE_CURVE('',#1920,#1928,#1366,.T.);
#3826=EDGE_CURVE('',#1937,#1933,#1379,.T.);
#3828=EDGE_CURVE('',#1932,#1933,#1397,.T.);
#3830=EDGE_CURVE('',#1936,#1932,#1375,.T.);
#3842=EDGE_CURVE('',#1932,#1933,#1388,.T.);
#3854=EDGE_CURVE('',#1933,#1941,#1383,.T.);
#3857=EDGE_CURVE('',#1932,#1940,#1392,.T.);
#3880=EDGE_CURVE('',#1948,#1944,#1401,.T.);
#3883=EDGE_CURVE('',#1949,#1945,#1405,.T.);
#3906=EDGE_CURVE('',#1956,#1952,#1409,.T.);
#3909=EDGE_CURVE('',#1957,#1953,#1413,.T.);
#3932=EDGE_CURVE('',#1964,#1960,#1417,.T.);
#3935=EDGE_CURVE('',#1965,#1961,#1421,.T.);
#3958=EDGE_CURVE('',#1972,#1968,#1425,.T.);
#3961=EDGE_CURVE('',#1973,#1969,#1429,.T.);
#3984=EDGE_CURVE('',#1981,#1977,#1437,.T.);
#3986=EDGE_CURVE('',#1976,#1977,#1455,.T.);
#3988=EDGE_CURVE('',#1980,#1976,#1433,.T.);
#4000=EDGE_CURVE('',#1976,#1977,#1446,.T.);
#4012=EDGE_CURVE('',#1977,#1985,#1441,.T.);
#4015=EDGE_CURVE('',#1976,#1984,#1450,.T.);
#4038=EDGE_CURVE('',#1993,#1989,#1463,.T.);
#4040=EDGE_CURVE('',#1988,#1989,#1481,.T.);
#4042=EDGE_CURVE('',#1992,#1988,#1459,.T.);
#4054=EDGE_CURVE('',#1988,#1989,#1472,.T.);
#4066=EDGE_CURVE('',#1989,#1997,#1467,.T.);
#4069=EDGE_CURVE('',#1988,#1996,#1476,.T.);
#4092=EDGE_CURVE('',#2005,#2001,#1489,.T.);
#4094=EDGE_CURVE('',#2000,#2001,#1507,.T.);
#4096=EDGE_CURVE('',#2004,#2000,#1485,.T.);
#4108=EDGE_CURVE('',#2000,#2001,#1498,.T.);
#4120=EDGE_CURVE('',#2001,#2009,#1493,.T.);
#4123=EDGE_CURVE('',#2000,#2008,#1502,.T.);
#4146=EDGE_CURVE('',#2017,#2013,#1515,.T.);
#4148=EDGE_CURVE('',#2012,#2013,#1533,.T.);
#4150=EDGE_CURVE('',#2016,#2012,#1511,.T.);
#4162=EDGE_CURVE('',#2012,#2013,#1524,.T.);
#4174=EDGE_CURVE('',#2013,#2021,#1519,.T.);
#4177=EDGE_CURVE('',#2012,#2020,#1528,.T.);
#4200=EDGE_CURVE('',#2059,#2057,#1537,.T.);
#4203=EDGE_CURVE('',#2061,#2056,#1633,.T.);
#4215=EDGE_CURVE('',#2024,#2025,#1541,.T.);
#4228=EDGE_CURVE('',#2028,#2029,#1555,.T.);
#4241=EDGE_CURVE('',#2048,#2049,#1559,.T.);
#4254=EDGE_CURVE('',#2052,#2053,#1577,.T.);
#4265=EDGE_CURVE('',#2085,#2080,#1573,.T.);
#4279=EDGE_CURVE('',#2083,#2081,#1585,.T.);
#4291=EDGE_CURVE('',#2077,#2072,#1581,.T.);
#4305=EDGE_CURVE('',#2075,#2073,#1589,.T.);
#4319=EDGE_CURVE('',#2040,#2041,#1593,.T.);
#4332=EDGE_CURVE('',#2044,#2045,#1611,.T.);
#4343=EDGE_CURVE('',#2032,#2033,#1607,.T.);
#4358=EDGE_CURVE('',#2036,#2037,#1629,.T.);
#4369=EDGE_CURVE('',#2069,#2064,#1625,.T.);
#4383=EDGE_CURVE('',#2067,#2065,#1637,.T.);
#4407=CIRCLE('',#4406,1.25E0);
#4412=CIRCLE('',#4411,1.25E0);
#4417=CIRCLE('',#4416,1.25E0);
#4426=CIRCLE('',#4425,1.25E0);
#4444=EDGE_CURVE('',#4434,#4433,#4407,.T.);
#4446=EDGE_CURVE('',#4433,#4437,#4430,.T.);
#4448=EDGE_CURVE('',#4437,#4438,#4412,.T.);
#4450=EDGE_CURVE('',#4434,#4438,#4421,.T.);
#4460=EDGE_CURVE('',#4433,#4434,#4417,.T.);
#4463=EDGE_CURVE('',#4438,#4437,#4426,.T.);
#4475=CIRCLE('',#4474,1.25E0);
#4480=CIRCLE('',#4479,1.25E0);
#4485=CIRCLE('',#4484,1.25E0);
#4494=CIRCLE('',#4493,1.25E0);
#4512=EDGE_CURVE('',#4502,#4501,#4475,.T.);
#4514=EDGE_CURVE('',#4501,#4505,#4498,.T.);
#4516=EDGE_CURVE('',#4505,#4506,#4480,.T.);
#4518=EDGE_CURVE('',#4502,#4506,#4489,.T.);
#4528=EDGE_CURVE('',#4501,#4502,#4485,.T.);
#4531=EDGE_CURVE('',#4506,#4505,#4494,.T.);
#4543=CIRCLE('',#4542,1.25E0);
#4548=CIRCLE('',#4547,1.25E0);
#4553=CIRCLE('',#4552,1.25E0);
#4562=CIRCLE('',#4561,1.25E0);
#4580=EDGE_CURVE('',#4570,#4569,#4543,.T.);
#4582=EDGE_CURVE('',#4569,#4573,#4566,.T.);
#4584=EDGE_CURVE('',#4573,#4574,#4548,.T.);
#4586=EDGE_CURVE('',#4570,#4574,#4557,.T.);
#4596=EDGE_CURVE('',#4569,#4570,#4553,.T.);
#4599=EDGE_CURVE('',#4574,#4573,#4562,.T.);
#4611=CIRCLE('',#4610,1.25E0);
#4616=CIRCLE('',#4615,1.25E0);
#4621=CIRCLE('',#4620,1.25E0);
#4630=CIRCLE('',#4629,1.25E0);
#4648=EDGE_CURVE('',#4638,#4637,#4611,.T.);
#4650=EDGE_CURVE('',#4637,#4641,#4634,.T.);
#4652=EDGE_CURVE('',#4641,#4642,#4616,.T.);
#4654=EDGE_CURVE('',#4638,#4642,#4625,.T.);
#4664=EDGE_CURVE('',#4637,#4638,#4621,.T.);
#4667=EDGE_CURVE('',#4642,#4641,#4630,.T.);
#4679=CIRCLE('',#4678,1.25E0);
#4684=CIRCLE('',#4683,1.25E0);
#4689=CIRCLE('',#4688,1.25E0);
#4698=CIRCLE('',#4697,1.25E0);
#4716=EDGE_CURVE('',#4706,#4705,#4679,.T.);
#4718=EDGE_CURVE('',#4705,#4709,#4702,.T.);
#4720=EDGE_CURVE('',#4709,#4710,#4684,.T.);
#4722=EDGE_CURVE('',#4706,#4710,#4693,.T.);
#4732=EDGE_CURVE('',#4705,#4706,#4689,.T.);
#4735=EDGE_CURVE('',#4710,#4709,#4698,.T.);
#4747=CIRCLE('',#4746,1.25E0);
#4752=CIRCLE('',#4751,1.25E0);
#4757=CIRCLE('',#4756,1.25E0);
#4766=CIRCLE('',#4765,1.25E0);
#4784=EDGE_CURVE('',#4774,#4773,#4747,.T.);
#4786=EDGE_CURVE('',#4773,#4777,#4770,.T.);
#4788=EDGE_CURVE('',#4777,#4778,#4752,.T.);
#4790=EDGE_CURVE('',#4774,#4778,#4761,.T.);
#4800=EDGE_CURVE('',#4773,#4774,#4757,.T.);
#4803=EDGE_CURVE('',#4778,#4777,#4766,.T.);
#4815=CIRCLE('',#4814,1.25E0);
#4820=CIRCLE('',#4819,1.25E0);
#4825=CIRCLE('',#4824,1.25E0);
#4834=CIRCLE('',#4833,1.25E0);
#4852=EDGE_CURVE('',#4842,#4841,#4815,.T.);
#4854=EDGE_CURVE('',#4841,#4845,#4838,.T.);
#4856=EDGE_CURVE('',#4845,#4846,#4820,.T.);
#4858=EDGE_CURVE('',#4842,#4846,#4829,.T.);
#4868=EDGE_CURVE('',#4841,#4842,#4825,.T.);
#4871=EDGE_CURVE('',#4846,#4845,#4834,.T.);
#4883=CIRCLE('',#4882,1.25E0);
#4888=CIRCLE('',#4887,1.25E0);
#4893=CIRCLE('',#4892,1.25E0);
#4902=CIRCLE('',#4901,1.25E0);
#4920=EDGE_CURVE('',#4910,#4909,#4883,.T.);
#4922=EDGE_CURVE('',#4909,#4913,#4906,.T.);
#4924=EDGE_CURVE('',#4913,#4914,#4888,.T.);
#4926=EDGE_CURVE('',#4910,#4914,#4897,.T.);
#4936=EDGE_CURVE('',#4909,#4910,#4893,.T.);
#4939=EDGE_CURVE('',#4914,#4913,#4902,.T.);
#4951=CIRCLE('',#4950,1.25E0);
#4956=CIRCLE('',#4955,1.25E0);
#4961=CIRCLE('',#4960,1.25E0);
#4970=CIRCLE('',#4969,1.25E0);
#4988=EDGE_CURVE('',#4978,#4977,#4951,.T.);
#4990=EDGE_CURVE('',#4977,#4981,#4974,.T.);
#4992=EDGE_CURVE('',#4981,#4982,#4956,.T.);
#4994=EDGE_CURVE('',#4978,#4982,#4965,.T.);
#5004=EDGE_CURVE('',#4977,#4978,#4961,.T.);
#5007=EDGE_CURVE('',#4982,#4981,#4970,.T.);
#5019=CIRCLE('',#5018,1.25E0);
#5024=CIRCLE('',#5023,1.25E0);
#5029=CIRCLE('',#5028,1.25E0);
#5038=CIRCLE('',#5037,1.25E0);
#5056=EDGE_CURVE('',#5046,#5045,#5019,.T.);
#5058=EDGE_CURVE('',#5045,#5049,#5042,.T.);
#5060=EDGE_CURVE('',#5049,#5050,#5024,.T.);
#5062=EDGE_CURVE('',#5046,#5050,#5033,.T.);
#5072=EDGE_CURVE('',#5045,#5046,#5029,.T.);
#5075=EDGE_CURVE('',#5050,#5049,#5038,.T.);
#5087=CIRCLE('',#5086,1.25E0);
#5092=CIRCLE('',#5091,1.25E0);
#5097=CIRCLE('',#5096,1.25E0);
#5106=CIRCLE('',#5105,1.25E0);
#5124=EDGE_CURVE('',#5114,#5113,#5087,.T.);
#5126=EDGE_CURVE('',#5113,#5117,#5110,.T.);
#5128=EDGE_CURVE('',#5117,#5118,#5092,.T.);
#5130=EDGE_CURVE('',#5114,#5118,#5101,.T.);
#5140=EDGE_CURVE('',#5113,#5114,#5097,.T.);
#5143=EDGE_CURVE('',#5118,#5117,#5106,.T.);
#5155=CIRCLE('',#5154,1.25E0);
#5160=CIRCLE('',#5159,1.25E0);
#5165=CIRCLE('',#5164,1.25E0);
#5174=CIRCLE('',#5173,1.25E0);
#5192=EDGE_CURVE('',#5182,#5181,#5155,.T.);
#5194=EDGE_CURVE('',#5181,#5185,#5178,.T.);
#5196=EDGE_CURVE('',#5185,#5186,#5160,.T.);
#5198=EDGE_CURVE('',#5182,#5186,#5169,.T.);
#5208=EDGE_CURVE('',#5181,#5182,#5165,.T.);
#5211=EDGE_CURVE('',#5186,#5185,#5174,.T.);
#5220=(LENGTH_UNIT()NAMED_UNIT(*)SI_UNIT(.MILLI.,.METRE.));
#5222=(NAMED_UNIT(*)PLANE_ANGLE_UNIT()SI_UNIT($,.RADIAN.));
#5225=(NAMED_UNIT(*)SI_UNIT($,.STERADIAN.)SOLID_ANGLE_UNIT());
#5228=ADVANCED_BREP_SHAPE_REPRESENTATION('',(#5218),#5227);
#5229=MANIFOLD_SURFACE_SHAPE_REPRESENTATION('',(#5219),#5227);
#5233=AXIS2_PLACEMENT_3D('',#5230,#5231,#5232);
#5234=SHAPE_REPRESENTATION('',(#5233),#5227);
#5243=PRODUCT_DEFINITION('design','',#5242,#5239);
#5244=PRODUCT_DEFINITION_SHAPE('','SHAPE FOR FR13_S102_K.',#5243);
#5245=SHAPE_DEFINITION_REPRESENTATION(#5244,#5234);
ENDSEC;
END-ISO-10303-21;
