part_id,axis_id,region,side,family_id,part_type,quantity_candidate,material_or_product_candidate,catalogue_candidate,catalogue_url,route,disposition,bbox_local_mm,volume_mm3,assembly_source_center_mm,localization_transform,step_path,step_sha256,svg_path,svg_sha256,dxf_path,dxf_sha256,release_state,authority
JMOD_HEAD_PAN_ACTUATOR_OUTPUT_COUPLER,HEAD_PAN,head,C,JMF-01-COMPACT,ACTUATOR_OUTPUT_COUPLER_PLACEHOLDER,1,PRODUCT-SPECIFIC ALUMINUM/STEEL ADAPTER SELECTION REQUIRED,,,product-specific horn or spline adapter with secondary retention,REDESIGN REQUIRED - ACTUATOR/HORN/CLAMP INTERFACE ABSENT,4.320 x 4.320 x 36.000,527.666929,"(-0.000000, -0.000000, 632.000000)","TRANSLATE (0.000000, 0.000000, -632.000000) mm; ORIENTATION UNCHANGED",,,,,,,NO FABRICATION FILE; CURRENT SOLID IS PACKAGING EVIDENCE ONLY,"NO PROCUREMENT, FABRICATION, ASSEMBLY, POWERED TEST, MOTION OR ENERGIZATION AUTHORITY"
JMOD_HEAD_PAN_BEARING_B_RING,HEAD_PAN,head,C,JMF-01-COMPACT,CATALOGUE_BEARING_ENVELOPE,1,MANUFACTURER CATALOGUE PRODUCT - EXACT SUFFIX/APPLICATION SELECTION REQUIRED,696 OPEN EVALUATION CANDIDATE,https://www.oss.nsk.com/jp/products/bearings/ball-bearings/deep-groove-ball-bearings/extra-small-ball-bearings-and-miniature-ball-bearings-metric-series/696-esm-md.html,manufacturer bearing selection / receipt inspection,CATALOGUE REFERENCE - DO NOT FABRICATE,15.000 x 15.000 x 5.000,722.723390,"(-0.000000, -0.000000, 663.500000)","TRANSLATE (0.000000, 0.000000, -663.500000) mm; ORIENTATION UNCHANGED",,,,,,,NO SUPPLIER UPLOAD FILE; PURCHASE SELECTION REQUIRED,"NO PROCUREMENT, FABRICATION, ASSEMBLY, POWERED TEST, MOTION OR ENERGIZATION AUTHORITY"
JMOD_HEAD_PAN_INTERFACE_PLATE_B,HEAD_PAN,head,C,JMF-01-COMPACT,INTERFACE_PLATE,1,6061-T6/T651 PLATE CANDIDATE,,,2.5D or 3-axis refinement after joint/load/fastener disposition,LOCAL-COORDINATE REFINEMENT STEP - THREAD/INSERT/TOLERANCE STACK OPEN,38.000 x 36.000 x 3.000,2548.605536,"(-0.000000, -0.000000, 667.500000)","TRANSLATE (0.000000, 0.000000, -667.500000) mm; ORIENTATION UNCHANGED",parts/HEAD_PAN/JMOD_HEAD_PAN_INTERFACE_PLATE_B/JMOD_HEAD_PAN_INTERFACE_PLATE_B.step,9c5f008cf70451458e8cd03a930d3baeb519339581b64c49d38769aa25bdf1a5,parts/HEAD_PAN/JMOD_HEAD_PAN_INTERFACE_PLATE_B/JMOD_HEAD_PAN_INTERFACE_PLATE_B.svg,6d448c0185aa3d0fa3f93659650f546520675a121138110a25baacfb4b8cc7f0,parts/HEAD_PAN/JMOD_HEAD_PAN_INTERFACE_PLATE_B/JMOD_HEAD_PAN_INTERFACE_PLATE_B_profile.dxf,b7d6537c06ddeb53256651284c648c0c7027ffce4a9f2bf6192ad4759a291802,NOT AN RFQ OR FABRICATION RELEASE,"NO PROCUREMENT, FABRICATION, ASSEMBLY, POWERED TEST, MOTION OR ENERGIZATION AUTHORITY"
JMOD_HEAD_PAN_OUTPUT_SHAFT,HEAD_PAN,head,C,JMF-01-COMPACT,OUTPUT_SHAFT,1,7075-T6/T651 ALUMINUM DENSITY-SCREEN CANDIDATE; 17-4PH/STEEL FAMILY CONFLICT OPEN,,,turn/mill refinement after bearing-fit and retention design,LOCAL-COORDINATE REFINEMENT STEP - SHOULDERS/GROOVES/FITS ABSENT,6.000 x 6.000 x 38.000,661.415838,"(-0.000000, -0.000000, 650.000000)","TRANSLATE (0.000000, 0.000000, -650.000000) mm; ORIENTATION UNCHANGED",parts/HEAD_PAN/JMOD_HEAD_PAN_OUTPUT_SHAFT/JMOD_HEAD_PAN_OUTPUT_SHAFT.step,9c538a6c74e789b4b51b288000cf1b53aa48cccfcd0455720ded570c176e35f7,parts/HEAD_PAN/JMOD_HEAD_PAN_OUTPUT_SHAFT/JMOD_HEAD_PAN_OUTPUT_SHAFT.svg,48369f0793f8a4b1076da0b3f75ef35edfd45070c8f5510646e6450d21c1dd6f,,,NOT AN RFQ OR FABRICATION RELEASE,"NO PROCUREMENT, FABRICATION, ASSEMBLY, POWERED TEST, MOTION OR ENERGIZATION AUTHORITY"
JMOD_HEAD_TILT_ACTUATOR_OUTPUT_COUPLER,HEAD_TILT,head,C,JMF-01-COMPACT,ACTUATOR_OUTPUT_COUPLER_PLACEHOLDER,1,PRODUCT-SPECIFIC ALUMINUM/STEEL ADAPTER SELECTION REQUIRED,,,product-specific horn or spline adapter with secondary retention,REDESIGN REQUIRED - ACTUATOR/HORN/CLAMP INTERFACE ABSENT,36.000 x 4.320 x 4.320,527.666929,"(-18.000000, 0.000000, 690.000000)","TRANSLATE (18.000000, -0.000000, -690.000000) mm; ORIENTATION UNCHANGED",,,,,,,NO FABRICATION FILE; CURRENT SOLID IS PACKAGING EVIDENCE ONLY,"NO PROCUREMENT, FABRICATION, ASSEMBLY, POWERED TEST, MOTION OR ENERGIZATION AUTHORITY"
JMOD_HEAD_TILT_BEARING_B_RING,HEAD_TILT,head,C,JMF-01-COMPACT,CATALOGUE_BEARING_ENVELOPE,1,MANUFACTURER CATALOGUE PRODUCT - EXACT SUFFIX/APPLICATION SELECTION REQUIRED,696 OPEN EVALUATION CANDIDATE,https://www.oss.nsk.com/jp/products/bearings/ball-bearings/deep-groove-ball-bearings/extra-small-ball-bearings-and-miniature-ball-bearings-metric-series/696-esm-md.html,manufacturer bearing selection / receipt inspection,CATALOGUE REFERENCE - DO NOT FABRICATE,5.000 x 15.000 x 15.000,722.723390,"(13.500000, 0.000000, 690.000000)","TRANSLATE (-13.500000, -0.000000, -690.000000) mm; ORIENTATION UNCHANGED",,,,,,,NO SUPPLIER UPLOAD FILE; PURCHASE SELECTION REQUIRED,"NO PROCUREMENT, FABRICATION, ASSEMBLY, POWERED TEST, MOTION OR ENERGIZATION AUTHORITY"
JMOD_HEAD_TILT_INTERFACE_PLATE_B,HEAD_TILT,head,C,JMF-01-COMPACT,INTERFACE_PLATE,1,6061-T6/T651 PLATE CANDIDATE,,,2.5D or 3-axis refinement after joint/load/fastener disposition,LOCAL-COORDINATE REFINEMENT STEP - THREAD/INSERT/TOLERANCE STACK OPEN,3.000 x 36.000 x 38.000,2548.605536,"(17.500000, -0.000000, 690.000000)","TRANSLATE (-17.500000, 0.000000, -690.000000) mm; ORIENTATION UNCHANGED",parts/HEAD_TILT/JMOD_HEAD_TILT_INTERFACE_PLATE_B/JMOD_HEAD_TILT_INTERFACE_PLATE_B.step,f4e5d45117df7a4411f6781d396ceaa462e1164ba611bbcb55e2cd73b91f53c9,parts/HEAD_TILT/JMOD_HEAD_TILT_INTERFACE_PLATE_B/JMOD_HEAD_TILT_INTERFACE_PLATE_B.svg,82c7fa1ff50fba16027ba577d906b338d0c60fb0b907f5af86334a0dcdf9f245,parts/HEAD_TILT/JMOD_HEAD_TILT_INTERFACE_PLATE_B/JMOD_HEAD_TILT_INTERFACE_PLATE_B_profile.dxf,720d931fc39e5c1d5ee4cb6568ebd54468eef399bf86be9bf4cf66f9028b8c20,NOT AN RFQ OR FABRICATION RELEASE,"NO PROCUREMENT, FABRICATION, ASSEMBLY, POWERED TEST, MOTION OR ENERGIZATION AUTHORITY"
JMOD_HEAD_TILT_OUTPUT_SHAFT,HEAD_TILT,head,C,JMF-01-COMPACT,OUTPUT_SHAFT,1,7075-T6/T651 ALUMINUM DENSITY-SCREEN CANDIDATE; 17-4PH/STEEL FAMILY CONFLICT OPEN,,,turn/mill refinement after bearing-fit and retention design,LOCAL-COORDINATE REFINEMENT STEP - SHOULDERS/GROOVES/FITS ABSENT,38.000 x 6.000 x 6.000,661.415838,"(0.000000, 0.000000, 690.000000)","TRANSLATE (-0.000000, -0.000000, -690.000000) mm; ORIENTATION UNCHANGED",parts/HEAD_TILT/JMOD_HEAD_TILT_OUTPUT_SHAFT/JMOD_HEAD_TILT_OUTPUT_SHAFT.step,188bc2d58d739eced6341c190b59996e4d91e9efa9a7218a3c9706da3bb3c804,parts/HEAD_TILT/JMOD_HEAD_TILT_OUTPUT_SHAFT/JMOD_HEAD_TILT_OUTPUT_SHAFT.svg,c15aa8a217dea7dddae99b424783727a896ff20e05adc800ed914fc2b1634a4a,,,NOT AN RFQ OR FABRICATION RELEASE,"NO PROCUREMENT, FABRICATION, ASSEMBLY, POWERED TEST, MOTION OR ENERGIZATION AUTHORITY"
JMOD_L_ANKLE_PITCH_BEARING_A_RING,L_ANKLE_PITCH,leg,L,JMF-10-ANKLE-PITCH-REDUCED-25,CATALOGUE_BEARING_ENVELOPE,1,MANUFACTURER CATALOGUE PRODUCT - EXACT SUFFIX/APPLICATION SELECTION REQUIRED,6901 OPEN EVALUATION CANDIDATE,https://www.oss.nsk.com/in/products/bearings/ball-bearings/deep-groove-ball-bearings/single-row-deep-groove-ball-bearings/6901-apn.html,manufacturer bearing selection / receipt inspection,CATALOGUE REFERENCE - DO NOT FABRICATE,6.000 x 24.000 x 24.000,1989.759123,"(33.500000, 0.000000, 55.000000)","TRANSLATE (-33.500000, -0.000000, -55.000000) mm; ORIENTATION UNCHANGED",,,,,,,NO SUPPLIER UPLOAD FILE; PURCHASE SELECTION REQUIRED,"NO PROCUREMENT, FABRICATION, ASSEMBLY, POWERED TEST, MOTION OR ENERGIZATION AUTHORITY"
JMOD_L_ANKLE_PITCH_BEARING_B_RING,L_ANKLE_PITCH,leg,L,JMF-10-ANKLE-PITCH-REDUCED-25,CATALOGUE_BEARING_ENVELOPE,1,MANUFACTURER CATALOGUE PRODUCT - EXACT SUFFIX/APPLICATION SELECTION REQUIRED,6901 OPEN EVALUATION CANDIDATE,https://www.oss.nsk.com/in/products/bearings/ball-bearings/deep-groove-ball-bearings/single-row-deep-groove-ball-bearings/6901-apn.html,manufacturer bearing selection / receipt inspection,CATALOGUE REFERENCE - DO NOT FABRICATE,6.000 x 24.000 x 24.000,1989.759123,"(91.500000, 0.000000, 55.000000)","TRANSLATE (-91.500000, -0.000000, -55.000000) mm; ORIENTATION UNCHANGED",,,,,,,NO SUPPLIER UPLOAD FILE; PURCHASE SELECTION REQUIRED,"NO PROCUREMENT, FABRICATION, ASSEMBLY, POWERED TEST, MOTION OR ENERGIZATION AUTHORITY"
JMOD_L_ANKLE_PITCH_INTERFACE_PLATE_A,L_ANKLE_PITCH,leg,L,JMF-10-ANKLE-PITCH-REDUCED-25,INTERFACE_PLATE,1,6061-T6/T651 PLATE CANDIDATE,,,2.5D or 3-axis refinement after joint/load/fastener disposition,LOCAL-COORDINATE REFINEMENT STEP - THREAD/INSERT/TOLERANCE STACK OPEN,5.000 x 74.000 x 72.000,13235.839153,"(28.000000, 0.000000, 55.000000)","TRANSLATE (-28.000000, -0.000000, -55.000000) mm; ORIENTATION UNCHANGED",parts/L_ANKLE_PITCH/JMOD_L_ANKLE_PITCH_INTERFACE_PLATE_A/JMOD_L_ANKLE_PITCH_INTERFACE_PLATE_A.step,38689c2832522f77c5ff0884b66f476b265ae9abdfb581cde2365bf7bbff7a48,parts/L_ANKLE_PITCH/JMOD_L_ANKLE_PITCH_INTERFACE_PLATE_A/JMOD_L_ANKLE_PITCH_INTERFACE_PLATE_A.svg,2000098a97e9857ef7f282e888f793c7ff3431bd2377487264d35611d2ecb52b,parts/L_ANKLE_PITCH/JMOD_L_ANKLE_PITCH_INTERFACE_PLATE_A/JMOD_L_ANKLE_PITCH_INTERFACE_PLATE_A_profile.dxf,f371b7838c718a4778a691d3d83a1cdafdfaf195d95055a78e385ed9b41c98e1,NOT AN RFQ OR FABRICATION RELEASE,"NO PROCUREMENT, FABRICATION, ASSEMBLY, POWERED TEST, MOTION OR ENERGIZATION AUTHORITY"
JMOD_L_ANKLE_PITCH_INTERFACE_PLATE_B,L_ANKLE_PITCH,leg,L,JMF-10-ANKLE-PITCH-REDUCED-25,INTERFACE_PLATE,1,6061-T6/T651 PLATE CANDIDATE,,,2.5D or 3-axis refinement after joint/load/fastener disposition,LOCAL-COORDINATE REFINEMENT STEP - THREAD/INSERT/TOLERANCE STACK OPEN,5.000 x 74.000 x 72.000,13235.839153,"(97.000000, 0.000000, 55.000000)","TRANSLATE (-97.000000, -0.000000, -55.000000) mm; ORIENTATION UNCHANGED",parts/L_ANKLE_PITCH/JMOD_L_ANKLE_PITCH_INTERFACE_PLATE_B/JMOD_L_ANKLE_PITCH_INTERFACE_PLATE_B.step,fc2631413418e4752fd9ac494fc25c453616795a541eca4847d8f7394c725e03,parts/L_ANKLE_PITCH/JMOD_L_ANKLE_PITCH_INTERFACE_PLATE_B/JMOD_L_ANKLE_PITCH_INTERFACE_PLATE_B.svg,44c2f8302506a660f36148b5a31c4480b8bcf28f52cdb7e67490e7b4c5503334,parts/L_ANKLE_PITCH/JMOD_L_ANKLE_PITCH_INTERFACE_PLATE_B/JMOD_L_ANKLE_PITCH_INTERFACE_PLATE_B_profile.dxf,924f650bff4155725062dd8d6d94fc92aa049ffdc2f9439819cc5fe5b14a5bc8,NOT AN RFQ OR FABRICATION RELEASE,"NO PROCUREMENT, FABRICATION, ASSEMBLY, POWERED TEST, MOTION OR ENERGIZATION AUTHORITY"
JMOD_L_ANKLE_PITCH_MOTOR_PULLEY,L_ANKLE_PITCH,leg,L,JMF-10-ANKLE-PITCH-REDUCED-25,MOTOR_PULLEY_ENVELOPE,1,CATALOGUE ALUMINUM/STEEL OR RELEASED CUSTOM PULLEY SELECTION REQUIRED,,,exact catalogue pulley or released toothed custom pulley,REDESIGN REQUIRED - SMOOTH ENVELOPE HAS NO TIMING TEETH OR FLANGES,12.000 x 24.320 x 24.320,4238.221808,"(62.500000, -0.000000, 106.455623)","TRANSLATE (-62.500000, 0.000000, -106.455623) mm; ORIENTATION UNCHANGED",,,,,,,NO FABRICATION FILE; CURRENT SOLID IS PACKAGING EVIDENCE ONLY,"NO PROCUREMENT, FABRICATION, ASSEMBLY, POWERED TEST, MOTION OR ENERGIZATION AUTHORITY"
JMOD_L_ANKLE_PITCH_OUTPUT_PULLEY,L_ANKLE_PITCH,leg,L,JMF-10-ANKLE-PITCH-REDUCED-25,OUTPUT_PULLEY_ENVELOPE,1,CATALOGUE ALUMINUM/STEEL OR RELEASED CUSTOM PULLEY SELECTION REQUIRED,,,exact catalogue pulley or released toothed custom pulley,REDESIGN REQUIRED - SMOOTH ENVELOPE HAS NO TIMING TEETH OR FLANGES,12.000 x 62.520 x 62.520,16516.009405,"(62.500000, -0.000000, 55.000000)","TRANSLATE (-62.500000, 0.000000, -55.000000) mm; ORIENTATION UNCHANGED",,,,,,,NO FABRICATION FILE; CURRENT SOLID IS PACKAGING EVIDENCE ONLY,"NO PROCUREMENT, FABRICATION, ASSEMBLY, POWERED TEST, MOTION OR ENERGIZATION AUTHORITY"
JMOD_L_ANKLE_PITCH_OUTPUT_SHAFT,L_ANKLE_PITCH,leg,L,JMF-10-ANKLE-PITCH-REDUCED-25,OUTPUT_SHAFT,1,7075-T6/T651 ALUMINUM DENSITY-SCREEN CANDIDATE; 17-4PH/STEEL FAMILY CONFLICT OPEN,,,turn/mill refinement after bearing-fit and retention design,LOCAL-COORDINATE REFINEMENT STEP - SHOULDERS/GROOVES/FITS ABSENT,74.000 x 12.000 x 12.000,5152.081262,"(62.500000, 0.000000, 55.000000)","TRANSLATE (-62.500000, -0.000000, -55.000000) mm; ORIENTATION UNCHANGED",parts/L_ANKLE_PITCH/JMOD_L_ANKLE_PITCH_OUTPUT_SHAFT/JMOD_L_ANKLE_PITCH_OUTPUT_SHAFT.step,56c2c042d6af71158ee8201a14a1adbabb46720196723ff906aacc8d28352466,parts/L_ANKLE_PITCH/JMOD_L_ANKLE_PITCH_OUTPUT_SHAFT/JMOD_L_ANKLE_PITCH_OUTPUT_SHAFT.svg,873793d9c2ff35d60d0d3eb8305bb0735966f626256866588f624c3f55d9ace2,,,NOT AN RFQ OR FABRICATION RELEASE,"NO PROCUREMENT, FABRICATION, ASSEMBLY, POWERED TEST, MOTION OR ENERGIZATION AUTHORITY"
JMOD_L_ANKLE_ROLL_BEARING_A_RING,L_ANKLE_ROLL,leg,L,JMF-08-LEG-REDUCED-20,CATALOGUE_BEARING_ENVELOPE,1,MANUFACTURER CATALOGUE PRODUCT - EXACT SUFFIX/APPLICATION SELECTION REQUIRED,6901 OPEN EVALUATION CANDIDATE,https://www.oss.nsk.com/in/products/bearings/ball-bearings/deep-groove-ball-bearings/single-row-deep-groove-ball-bearings/6901-apn.html,manufacturer bearing selection / receipt inspection,CATALOGUE REFERENCE - DO NOT FABRICATE,24.000 x 6.000 x 24.000,1989.759123,"(62.500000, -29.000000, 35.000000)","TRANSLATE (-62.500000, 29.000000, -35.000000) mm; ORIENTATION UNCHANGED",,,,,,,NO SUPPLIER UPLOAD FILE; PURCHASE SELECTION REQUIRED,"NO PROCUREMENT, FABRICATION, ASSEMBLY, POWERED TEST, MOTION OR ENERGIZATION AUTHORITY"
JMOD_L_ANKLE_ROLL_BEARING_B_RING,L_ANKLE_ROLL,leg,L,JMF-08-LEG-REDUCED-20,CATALOGUE_BEARING_ENVELOPE,1,MANUFACTURER CATALOGUE PRODUCT - EXACT SUFFIX/APPLICATION SELECTION REQUIRED,6901 OPEN EVALUATION CANDIDATE,https://www.oss.nsk.com/in/products/bearings/ball-bearings/deep-groove-ball-bearings/single-row-deep-groove-ball-bearings/6901-apn.html,manufacturer bearing selection / receipt inspection,CATALOGUE REFERENCE - DO NOT FABRICATE,24.000 x 6.000 x 24.000,1989.759123,"(62.500000, 29.000000, 35.000000)","TRANSLATE (-62.500000, -29.000000, -35.000000) mm; ORIENTATION UNCHANGED",,,,,,,NO SUPPLIER UPLOAD FILE; PURCHASE SELECTION REQUIRED,"NO PROCUREMENT, FABRICATION, ASSEMBLY, POWERED TEST, MOTION OR ENERGIZATION AUTHORITY"
JMOD_L_ANKLE_ROLL_INTERFACE_PLATE_A,L_ANKLE_ROLL,leg,L,JMF-08-LEG-REDUCED-20,INTERFACE_PLATE,1,6061-T6/T651 PLATE CANDIDATE,,,2.5D or 3-axis refinement after joint/load/fastener disposition,LOCAL-COORDINATE REFINEMENT STEP - THREAD/INSERT/TOLERANCE STACK OPEN,74.000 x 5.000 x 70.000,12997.594241,"(62.500000, -34.500000, 35.000000)","TRANSLATE (-62.500000, 34.500000, -35.000000) mm; ORIENTATION UNCHANGED",parts/L_ANKLE_ROLL/JMOD_L_ANKLE_ROLL_INTERFACE_PLATE_A/JMOD_L_ANKLE_ROLL_INTERFACE_PLATE_A.step,62bbc761bff4535b1f735daab3c8e6938d47d8250b9ad3afdeaa958fe72f341f,parts/L_ANKLE_ROLL/JMOD_L_ANKLE_ROLL_INTERFACE_PLATE_A/JMOD_L_ANKLE_ROLL_INTERFACE_PLATE_A.svg,1a774e260b14711d434a537d9a15b8a42c8b026468ceb07251102ba3dc5892d1,parts/L_ANKLE_ROLL/JMOD_L_ANKLE_ROLL_INTERFACE_PLATE_A/JMOD_L_ANKLE_ROLL_INTERFACE_PLATE_A_profile.dxf,663ee1a24e88a76540f09969d97a6e4c4e735a92c0db2b76d9373a44e2c6dd02,NOT AN RFQ OR FABRICATION RELEASE,"NO PROCUREMENT, FABRICATION, ASSEMBLY, POWERED TEST, MOTION OR ENERGIZATION AUTHORITY"
JMOD_L_ANKLE_ROLL_INTERFACE_PLATE_B,L_ANKLE_ROLL,leg,L,JMF-08-LEG-REDUCED-20,INTERFACE_PLATE,1,6061-T6/T651 PLATE CANDIDATE,,,2.5D or 3-axis refinement after joint/load/fastener disposition,LOCAL-COORDINATE REFINEMENT STEP - THREAD/INSERT/TOLERANCE STACK OPEN,74.000 x 5.000 x 70.000,12997.594241,"(62.500000, 34.500000, 35.000000)","TRANSLATE (-62.500000, -34.500000, -35.000000) mm; ORIENTATION UNCHANGED",parts/L_ANKLE_ROLL/JMOD_L_ANKLE_ROLL_INTERFACE_PLATE_B/JMOD_L_ANKLE_ROLL_INTERFACE_PLATE_B.step,d66cc759953849f7923685483ae2ecdb01f5ed6cdbf924558fa2e7d33213e0b1,parts/L_ANKLE_ROLL/JMOD_L_ANKLE_ROLL_INTERFACE_PLATE_B/JMOD_L_ANKLE_ROLL_INTERFACE_PLATE_B.svg,6178eb1d8a5ac067e7e85dcf9c5be311a7e710b0455e5d7e888cfb931aa9e557,parts/L_ANKLE_ROLL/JMOD_L_ANKLE_ROLL_INTERFACE_PLATE_B/JMOD_L_ANKLE_ROLL_INTERFACE_PLATE_B_profile.dxf,5a06e49c329fed7c501651635263b30abb46137e9b20f8988b12dd039d459a84,NOT AN RFQ OR FABRICATION RELEASE,"NO PROCUREMENT, FABRICATION, ASSEMBLY, POWERED TEST, MOTION OR ENERGIZATION AUTHORITY"
JMOD_L_ANKLE_ROLL_MOTOR_PULLEY,L_ANKLE_ROLL,leg,L,JMF-08-LEG-REDUCED-20,MOTOR_PULLEY_ENVELOPE,1,CATALOGUE ALUMINUM/STEEL OR RELEASED CUSTOM PULLEY SELECTION REQUIRED,,,exact catalogue pulley or released toothed custom pulley,REDESIGN REQUIRED - SMOOTH ENVELOPE HAS NO TIMING TEETH OR FLANGES,30.690 x 12.000 x 30.690,5298.618008,"(62.500000, 0.000000, 84.965207)","TRANSLATE (-62.500000, -0.000000, -84.965207) mm; ORIENTATION UNCHANGED",,,,,,,NO FABRICATION FILE; CURRENT SOLID IS PACKAGING EVIDENCE ONLY,"NO PROCUREMENT, FABRICATION, ASSEMBLY, POWERED TEST, MOTION OR ENERGIZATION AUTHORITY"
JMOD_L_ANKLE_ROLL_OUTPUT_PULLEY,L_ANKLE_ROLL,leg,L,JMF-08-LEG-REDUCED-20,OUTPUT_PULLEY_ENVELOPE,1,CATALOGUE ALUMINUM/STEEL OR RELEASED CUSTOM PULLEY SELECTION REQUIRED,,,exact catalogue pulley or released toothed custom pulley,REDESIGN REQUIRED - SMOOTH ENVELOPE HAS NO TIMING TEETH OR FLANGES,62.520 x 12.000 x 62.520,16516.009405,"(62.500000, 0.000000, 35.000000)","TRANSLATE (-62.500000, -0.000000, -35.000000) mm; ORIENTATION UNCHANGED",,,,,,,NO FABRICATION FILE; CURRENT SOLID IS PACKAGING EVIDENCE ONLY,"NO PROCUREMENT, FABRICATION, ASSEMBLY, POWERED TEST, MOTION OR ENERGIZATION AUTHORITY"
JMOD_L_ANKLE_ROLL_OUTPUT_SHAFT,L_ANKLE_ROLL,leg,L,JMF-08-LEG-REDUCED-20,OUTPUT_SHAFT,1,7075-T6/T651 ALUMINUM DENSITY-SCREEN CANDIDATE; 17-4PH/STEEL FAMILY CONFLICT OPEN,,,turn/mill refinement after bearing-fit and retention design,LOCAL-COORDINATE REFINEMENT STEP - SHOULDERS/GROOVES/FITS ABSENT,12.000 x 74.000 x 12.000,5152.081262,"(62.500000, 0.000000, 35.000000)","TRANSLATE (-62.500000, -0.000000, -35.000000) mm; ORIENTATION UNCHANGED",parts/L_ANKLE_ROLL/JMOD_L_ANKLE_ROLL_OUTPUT_SHAFT/JMOD_L_ANKLE_ROLL_OUTPUT_SHAFT.step,bec5c7afc0b431c31902854ac09a0582fd463e563b8d4beb2a4aaf4f9e33a419,parts/L_ANKLE_ROLL/JMOD_L_ANKLE_ROLL_OUTPUT_SHAFT/JMOD_L_ANKLE_ROLL_OUTPUT_SHAFT.svg,f17d06122dbec9dc1fcb331dcfd7d1e0c3676ee368bc248e5838c796d4110898,,,NOT AN RFQ OR FABRICATION RELEASE,"NO PROCUREMENT, FABRICATION, ASSEMBLY, POWERED TEST, MOTION OR ENERGIZATION AUTHORITY"
JMOD_L_ELBOW_PITCH_ACTUATOR_OUTPUT_COUPLER,L_ELBOW_PITCH,arm,L,JMF-04-MEDIUM,ACTUATOR_OUTPUT_COUPLER_PLACEHOLDER,1,PRODUCT-SPECIFIC ALUMINUM/STEEL ADAPTER SELECTION REQUIRED,,,product-specific horn or spline adapter with secondary retention,REDESIGN REQUIRED - ACTUATOR/HORN/CLAMP INTERFACE ABSENT,51.000 x 7.200 x 7.200,2076.467080,"(109.500000, -0.000000, 440.000000)","TRANSLATE (-109.500000, 0.000000, -440.000000) mm; ORIENTATION UNCHANGED",,,,,,,NO FABRICATION FILE; CURRENT SOLID IS PACKAGING EVIDENCE ONLY,"NO PROCUREMENT, FABRICATION, ASSEMBLY, POWERED TEST, MOTION OR ENERGIZATION AUTHORITY"
JMOD_L_ELBOW_PITCH_BEARING_B_RING,L_ELBOW_PITCH,arm,L,JMF-04-MEDIUM,CATALOGUE_BEARING_ENVELOPE,1,MANUFACTURER CATALOGUE PRODUCT - EXACT SUFFIX/APPLICATION SELECTION REQUIRED,61900-2RS1 EVALUATION CANDIDATE,https://www.emarketplace.in.skf.com/deep-groove-ball-bearing/61900-2rs1,manufacturer bearing selection / receipt inspection,CATALOGUE REFERENCE - DO NOT FABRICATE,6.000 x 22.000 x 22.000,1771.104274,"(155.000000, 0.000000, 440.000000)","TRANSLATE (-155.000000, -0.000000, -440.000000) mm; ORIENTATION UNCHANGED",,,,,,,NO SUPPLIER UPLOAD FILE; PURCHASE SELECTION REQUIRED,"NO PROCUREMENT, FABRICATION, ASSEMBLY, POWERED TEST, MOTION OR ENERGIZATION AUTHORITY"
JMOD_L_ELBOW_PITCH_INTERFACE_PLATE_B,L_ELBOW_PITCH,arm,L,JMF-04-MEDIUM,INTERFACE_PLATE,1,6061-T6/T651 PLATE CANDIDATE,,,2.5D or 3-axis refinement after joint/load/fastener disposition,LOCAL-COORDINATE REFINEMENT STEP - THREAD/INSERT/TOLERANCE STACK OPEN,4.000 x 52.000 x 56.000,6393.543559,"(160.000000, 0.000000, 440.000000)","TRANSLATE (-160.000000, -0.000000, -440.000000) mm; ORIENTATION UNCHANGED",parts/L_ELBOW_PITCH/JMOD_L_ELBOW_PITCH_INTERFACE_PLATE_B/JMOD_L_ELBOW_PITCH_INTERFACE_PLATE_B.step,8c7b132623fc7bc2e2f61d6cb458af9229c194f4607d3c34125b4b07578b8799,parts/L_ELBOW_PITCH/JMOD_L_ELBOW_PITCH_INTERFACE_PLATE_B/JMOD_L_ELBOW_PITCH_INTERFACE_PLATE_B.svg,c46b585de48505a544b6fb4698b3ed6286914542d16b47b38ef95ee21cce09a1,parts/L_ELBOW_PITCH/JMOD_L_ELBOW_PITCH_INTERFACE_PLATE_B/JMOD_L_ELBOW_PITCH_INTERFACE_PLATE_B_profile.dxf,bb5d078d859c4bc057c89fb864780f69edf915294c2e9fcd37a078895ca5ca36,NOT AN RFQ OR FABRICATION RELEASE,"NO PROCUREMENT, FABRICATION, ASSEMBLY, POWERED TEST, MOTION OR ENERGIZATION AUTHORITY"
JMOD_L_ELBOW_PITCH_OUTPUT_SHAFT,L_ELBOW_PITCH,arm,L,JMF-04-MEDIUM,OUTPUT_SHAFT,1,7075-T6/T651 ALUMINUM DENSITY-SCREEN CANDIDATE; 17-4PH/STEEL FAMILY CONFLICT OPEN,,,turn/mill refinement after bearing-fit and retention design,LOCAL-COORDINATE REFINEMENT STEP - SHOULDERS/GROOVES/FITS ABSENT,54.000 x 10.000 x 10.000,2610.851991,"(135.000000, 0.000000, 440.000000)","TRANSLATE (-135.000000, -0.000000, -440.000000) mm; ORIENTATION UNCHANGED",parts/L_ELBOW_PITCH/JMOD_L_ELBOW_PITCH_OUTPUT_SHAFT/JMOD_L_ELBOW_PITCH_OUTPUT_SHAFT.step,bdd4b64a44ed490869432837a141bdee321d85539d5468f6afaf7230b6a6d54b,parts/L_ELBOW_PITCH/JMOD_L_ELBOW_PITCH_OUTPUT_SHAFT/JMOD_L_ELBOW_PITCH_OUTPUT_SHAFT.svg,0f1892da31140b6dc7446592ba2ad4e01f514958c746f4c2c0b7f2b796d69a9c,,,NOT AN RFQ OR FABRICATION RELEASE,"NO PROCUREMENT, FABRICATION, ASSEMBLY, POWERED TEST, MOTION OR ENERGIZATION AUTHORITY"
JMOD_L_GRIPPER_BEARING_B_RING,L_GRIPPER,hand,L,JMF-02-GRIPPER,CATALOGUE_BEARING_ENVELOPE,1,MANUFACTURER CATALOGUE PRODUCT - EXACT SUFFIX/APPLICATION SELECTION REQUIRED,625-2Z EVALUATION CANDIDATE,https://www.emarketplace.in.skf.com/deep-groove-ball-bearing/625-2z,manufacturer bearing selection / receipt inspection,CATALOGUE REFERENCE - DO NOT FABRICATE,5.000 x 16.000 x 16.000,890.798597,"(151.500000, 0.000000, 252.000000)","TRANSLATE (-151.500000, -0.000000, -252.000000) mm; ORIENTATION UNCHANGED",,,,,,,NO SUPPLIER UPLOAD FILE; PURCHASE SELECTION REQUIRED,"NO PROCUREMENT, FABRICATION, ASSEMBLY, POWERED TEST, MOTION OR ENERGIZATION AUTHORITY"
JMOD_L_GRIPPER_INTERFACE_PLATE_B,L_GRIPPER,hand,L,JMF-02-GRIPPER,INTERFACE_PLATE,1,6061-T6/T651 PLATE CANDIDATE,,,2.5D or 3-axis refinement after joint/load/fastener disposition,LOCAL-COORDINATE REFINEMENT STEP - THREAD/INSERT/TOLERANCE STACK OPEN,3.000 x 42.000 x 36.000,2759.278813,"(155.500000, -0.000000, 252.000000)","TRANSLATE (-155.500000, 0.000000, -252.000000) mm; ORIENTATION UNCHANGED",parts/L_GRIPPER/JMOD_L_GRIPPER_INTERFACE_PLATE_B/JMOD_L_GRIPPER_INTERFACE_PLATE_B.step,214d4d40af39ebd496e6aa7910381cabeb03b03c74b3c38e9140eb69d178f945,parts/L_GRIPPER/JMOD_L_GRIPPER_INTERFACE_PLATE_B/JMOD_L_GRIPPER_INTERFACE_PLATE_B.svg,7665088ab45dbaeb01259f5be442fec113b12935dc702b4e41866a7eda6aa1fc,parts/L_GRIPPER/JMOD_L_GRIPPER_INTERFACE_PLATE_B/JMOD_L_GRIPPER_INTERFACE_PLATE_B_profile.dxf,7b1941ee69fba2d7a72aef078900ad72e6c4fa20392078a5de8ea77ea94aec87,NOT AN RFQ OR FABRICATION RELEASE,"NO PROCUREMENT, FABRICATION, ASSEMBLY, POWERED TEST, MOTION OR ENERGIZATION AUTHORITY"
JMOD_L_GRIPPER_OUTPUT_SHAFT,L_GRIPPER,hand,L,JMF-02-GRIPPER,OUTPUT_SHAFT,1,7075-T6/T651 ALUMINUM DENSITY-SCREEN CANDIDATE; 17-4PH/STEEL FAMILY CONFLICT OPEN,,,turn/mill refinement after bearing-fit and retention design,LOCAL-COORDINATE REFINEMENT STEP - SHOULDERS/GROOVES/FITS ABSENT,34.000 x 5.000 x 5.000,410.967443,"(140.000000, 0.000000, 252.000000)","TRANSLATE (-140.000000, -0.000000, -252.000000) mm; ORIENTATION UNCHANGED",parts/L_GRIPPER/JMOD_L_GRIPPER_OUTPUT_SHAFT/JMOD_L_GRIPPER_OUTPUT_SHAFT.step,5fc1cb901686948fd6ee3f2b03757d3ebf4333d8c237a9d94c21aa60c076ea1e,parts/L_GRIPPER/JMOD_L_GRIPPER_OUTPUT_SHAFT/JMOD_L_GRIPPER_OUTPUT_SHAFT.svg,7b47172f5b306a4615e4ed7a663ce70e31513ddf10058abb9c3dc7e9168ab0cb,,,NOT AN RFQ OR FABRICATION RELEASE,"NO PROCUREMENT, FABRICATION, ASSEMBLY, POWERED TEST, MOTION OR ENERGIZATION AUTHORITY"
JMOD_L_GRIPPER_SYMMETRIC_DRIVE_COUPLER,L_GRIPPER,hand,L,JMF-02-GRIPPER,SYMMETRIC_DRIVE_COUPLER_PLACEHOLDER,1,PRODUCT-SPECIFIC ALUMINUM/STEEL ADAPTER SELECTION REQUIRED,,,product-specific horn or spline adapter with secondary retention,REDESIGN REQUIRED - ACTUATOR/HORN/CLAMP INTERFACE ABSENT,6.000 x 6.000 x 26.000,735.132681,"(140.000000, 0.000000, 265.000000)","TRANSLATE (-140.000000, -0.000000, -265.000000) mm; ORIENTATION UNCHANGED",,,,,,,NO FABRICATION FILE; CURRENT SOLID IS PACKAGING EVIDENCE ONLY,"NO PROCUREMENT, FABRICATION, ASSEMBLY, POWERED TEST, MOTION OR ENERGIZATION AUTHORITY"
JMOD_L_HIP_PITCH_BEARING_A_RING,L_HIP_PITCH,leg,L,JMF-07-LEG-REDUCED-15,CATALOGUE_BEARING_ENVELOPE,1,MANUFACTURER CATALOGUE PRODUCT - EXACT SUFFIX/APPLICATION SELECTION REQUIRED,6901 OPEN EVALUATION CANDIDATE,https://www.oss.nsk.com/in/products/bearings/ball-bearings/deep-groove-ball-bearings/single-row-deep-groove-ball-bearings/6901-apn.html,manufacturer bearing selection / receipt inspection,CATALOGUE REFERENCE - DO NOT FABRICATE,6.000 x 24.000 x 24.000,1989.759123,"(33.500000, 0.000000, 370.000000)","TRANSLATE (-33.500000, -0.000000, -370.000000) mm; ORIENTATION UNCHANGED",,,,,,,NO SUPPLIER UPLOAD FILE; PURCHASE SELECTION REQUIRED,"NO PROCUREMENT, FABRICATION, ASSEMBLY, POWERED TEST, MOTION OR ENERGIZATION AUTHORITY"
JMOD_L_HIP_PITCH_BEARING_B_RING,L_HIP_PITCH,leg,L,JMF-07-LEG-REDUCED-15,CATALOGUE_BEARING_ENVELOPE,1,MANUFACTURER CATALOGUE PRODUCT - EXACT SUFFIX/APPLICATION SELECTION REQUIRED,6901 OPEN EVALUATION CANDIDATE,https://www.oss.nsk.com/in/products/bearings/ball-bearings/deep-groove-ball-bearings/single-row-deep-groove-ball-bearings/6901-apn.html,manufacturer bearing selection / receipt inspection,CATALOGUE REFERENCE - DO NOT FABRICATE,6.000 x 24.000 x 24.000,1989.759123,"(91.500000, 0.000000, 370.000000)","TRANSLATE (-91.500000, -0.000000, -370.000000) mm; ORIENTATION UNCHANGED",,,,,,,NO SUPPLIER UPLOAD FILE; PURCHASE SELECTION REQUIRED,"NO PROCUREMENT, FABRICATION, ASSEMBLY, POWERED TEST, MOTION OR ENERGIZATION AUTHORITY"
JMOD_L_HIP_PITCH_INTERFACE_PLATE_A,L_HIP_PITCH,leg,L,JMF-07-LEG-REDUCED-15,INTERFACE_PLATE,1,6061-T6/T651 PLATE CANDIDATE,,,2.5D or 3-axis refinement after joint/load/fastener disposition,LOCAL-COORDINATE REFINEMENT STEP - THREAD/INSERT/TOLERANCE STACK OPEN,5.000 x 72.000 x 78.000,13715.973179,"(28.000000, -0.000000, 370.000000)","TRANSLATE (-28.000000, 0.000000, -370.000000) mm; ORIENTATION UNCHANGED",parts/L_HIP_PITCH/JMOD_L_HIP_PITCH_INTERFACE_PLATE_A/JMOD_L_HIP_PITCH_INTERFACE_PLATE_A.step,77e51c76dbea9fbfd4c6c863543ce1124bba8a85977074cba7df6b2f485933b3,parts/L_HIP_PITCH/JMOD_L_HIP_PITCH_INTERFACE_PLATE_A/JMOD_L_HIP_PITCH_INTERFACE_PLATE_A.svg,beef40c091abaa2c9d04c8f392c1ebdc1651c485ee4be0d5be762b60bdff3ac8,parts/L_HIP_PITCH/JMOD_L_HIP_PITCH_INTERFACE_PLATE_A/JMOD_L_HIP_PITCH_INTERFACE_PLATE_A_profile.dxf,6a4c8636cac9bea2ba033570873e2d89a13a1285510664e3bba4d07aeb62ff55,NOT AN RFQ OR FABRICATION RELEASE,"NO PROCUREMENT, FABRICATION, ASSEMBLY, POWERED TEST, MOTION OR ENERGIZATION AUTHORITY"
JMOD_L_HIP_PITCH_INTERFACE_PLATE_B,L_HIP_PITCH,leg,L,JMF-07-LEG-REDUCED-15,INTERFACE_PLATE,1,6061-T6/T651 PLATE CANDIDATE,,,2.5D or 3-axis refinement after joint/load/fastener disposition,LOCAL-COORDINATE REFINEMENT STEP - THREAD/INSERT/TOLERANCE STACK OPEN,5.000 x 72.000 x 78.000,13715.973179,"(97.000000, -0.000000, 370.000000)","TRANSLATE (-97.000000, 0.000000, -370.000000) mm; ORIENTATION UNCHANGED",parts/L_HIP_PITCH/JMOD_L_HIP_PITCH_INTERFACE_PLATE_B/JMOD_L_HIP_PITCH_INTERFACE_PLATE_B.step,ab9836d8bca1837d88cbc72a8245b70e38b44962e5346521fdb446a88e1766b1,parts/L_HIP_PITCH/JMOD_L_HIP_PITCH_INTERFACE_PLATE_B/JMOD_L_HIP_PITCH_INTERFACE_PLATE_B.svg,2e1dd6c89b5639b0df4fdcf830baa7f983ba626591bcdec3571559f639aa873a,parts/L_HIP_PITCH/JMOD_L_HIP_PITCH_INTERFACE_PLATE_B/JMOD_L_HIP_PITCH_INTERFACE_PLATE_B_profile.dxf,e3bab3b7493814fb5e66773dc9937983f4ecf0d6e203bb7c671be97c1a72d63d,NOT AN RFQ OR FABRICATION RELEASE,"NO PROCUREMENT, FABRICATION, ASSEMBLY, POWERED TEST, MOTION OR ENERGIZATION AUTHORITY"
JMOD_L_HIP_PITCH_MOTOR_PULLEY,L_HIP_PITCH,leg,L,JMF-07-LEG-REDUCED-15,MOTOR_PULLEY_ENVELOPE,1,CATALOGUE ALUMINUM/STEEL OR RELEASED CUSTOM PULLEY SELECTION REQUIRED,,,exact catalogue pulley or released toothed custom pulley,REDESIGN REQUIRED - SMOOTH ENVELOPE HAS NO TIMING TEETH OR FLANGES,12.000 x 30.690 x 30.690,5298.618008,"(62.500000, -0.000000, 320.641488)","TRANSLATE (-62.500000, 0.000000, -320.641488) mm; ORIENTATION UNCHANGED",,,,,,,NO FABRICATION FILE; CURRENT SOLID IS PACKAGING EVIDENCE ONLY,"NO PROCUREMENT, FABRICATION, ASSEMBLY, POWERED TEST, MOTION OR ENERGIZATION AUTHORITY"
JMOD_L_HIP_PITCH_OUTPUT_PULLEY,L_HIP_PITCH,leg,L,JMF-07-LEG-REDUCED-15,OUTPUT_PULLEY_ENVELOPE,1,CATALOGUE ALUMINUM/STEEL OR RELEASED CUSTOM PULLEY SELECTION REQUIRED,,,exact catalogue pulley or released toothed custom pulley,REDESIGN REQUIRED - SMOOTH ENVELOPE HAS NO TIMING TEETH OR FLANGES,12.000 x 46.610 x 46.610,10060.653316,"(62.500000, -0.000000, 370.000000)","TRANSLATE (-62.500000, 0.000000, -370.000000) mm; ORIENTATION UNCHANGED",,,,,,,NO FABRICATION FILE; CURRENT SOLID IS PACKAGING EVIDENCE ONLY,"NO PROCUREMENT, FABRICATION, ASSEMBLY, POWERED TEST, MOTION OR ENERGIZATION AUTHORITY"
JMOD_L_HIP_PITCH_OUTPUT_SHAFT,L_HIP_PITCH,leg,L,JMF-07-LEG-REDUCED-15,OUTPUT_SHAFT,1,7075-T6/T651 ALUMINUM DENSITY-SCREEN CANDIDATE; 17-4PH/STEEL FAMILY CONFLICT OPEN,,,turn/mill refinement after bearing-fit and retention design,LOCAL-COORDINATE REFINEMENT STEP - SHOULDERS/GROOVES/FITS ABSENT,74.000 x 12.000 x 12.000,5152.081262,"(62.500000, -0.000000, 370.000000)","TRANSLATE (-62.500000, 0.000000, -370.000000) mm; ORIENTATION UNCHANGED",parts/L_HIP_PITCH/JMOD_L_HIP_PITCH_OUTPUT_SHAFT/JMOD_L_HIP_PITCH_OUTPUT_SHAFT.step,0cac27578bb25ab14df16be84eb992eb769899dbb387bef5d2d85b144a496bc8,parts/L_HIP_PITCH/JMOD_L_HIP_PITCH_OUTPUT_SHAFT/JMOD_L_HIP_PITCH_OUTPUT_SHAFT.svg,667de37f7ef28ff0f0a9ba19146d13d537078ce7d7b5011041175fd4f428cb4f,,,NOT AN RFQ OR FABRICATION RELEASE,"NO PROCUREMENT, FABRICATION, ASSEMBLY, POWERED TEST, MOTION OR ENERGIZATION AUTHORITY"
JMOD_L_HIP_ROLL_BEARING_A_RING,L_HIP_ROLL,leg,L,JMF-08-LEG-REDUCED-20,CATALOGUE_BEARING_ENVELOPE,1,MANUFACTURER CATALOGUE PRODUCT - EXACT SUFFIX/APPLICATION SELECTION REQUIRED,6901 OPEN EVALUATION CANDIDATE,https://www.oss.nsk.com/in/products/bearings/ball-bearings/deep-groove-ball-bearings/single-row-deep-groove-ball-bearings/6901-apn.html,manufacturer bearing selection / receipt inspection,CATALOGUE REFERENCE - DO NOT FABRICATE,24.000 x 6.000 x 24.000,1989.759123,"(62.500000, -29.000000, 390.000000)","TRANSLATE (-62.500000, 29.000000, -390.000000) mm; ORIENTATION UNCHANGED",,,,,,,NO SUPPLIER UPLOAD FILE; PURCHASE SELECTION REQUIRED,"NO PROCUREMENT, FABRICATION, ASSEMBLY, POWERED TEST, MOTION OR ENERGIZATION AUTHORITY"
JMOD_L_HIP_ROLL_BEARING_B_RING,L_HIP_ROLL,leg,L,JMF-08-LEG-REDUCED-20,CATALOGUE_BEARING_ENVELOPE,1,MANUFACTURER CATALOGUE PRODUCT - EXACT SUFFIX/APPLICATION SELECTION REQUIRED,6901 OPEN EVALUATION CANDIDATE,https://www.oss.nsk.com/in/products/bearings/ball-bearings/deep-groove-ball-bearings/single-row-deep-groove-ball-bearings/6901-apn.html,manufacturer bearing selection / receipt inspection,CATALOGUE REFERENCE - DO NOT FABRICATE,24.000 x 6.000 x 24.000,1989.759123,"(62.500000, 29.000000, 390.000000)","TRANSLATE (-62.500000, -29.000000, -390.000000) mm; ORIENTATION UNCHANGED",,,,,,,NO SUPPLIER UPLOAD FILE; PURCHASE SELECTION REQUIRED,"NO PROCUREMENT, FABRICATION, ASSEMBLY, POWERED TEST, MOTION OR ENERGIZATION AUTHORITY"
JMOD_L_HIP_ROLL_INTERFACE_PLATE_A,L_HIP_ROLL,leg,L,JMF-08-LEG-REDUCED-20,INTERFACE_PLATE,1,6061-T6/T651 PLATE CANDIDATE,,,2.5D or 3-axis refinement after joint/load/fastener disposition,LOCAL-COORDINATE REFINEMENT STEP - THREAD/INSERT/TOLERANCE STACK OPEN,74.000 x 5.000 x 70.000,12997.594241,"(62.500000, -34.500000, 390.000000)","TRANSLATE (-62.500000, 34.500000, -390.000000) mm; ORIENTATION UNCHANGED",parts/L_HIP_ROLL/JMOD_L_HIP_ROLL_INTERFACE_PLATE_A/JMOD_L_HIP_ROLL_INTERFACE_PLATE_A.step,1f66f9f9a8ed721ca40997846479d914acad4e16744c15c91d23e642b513ffc1,parts/L_HIP_ROLL/JMOD_L_HIP_ROLL_INTERFACE_PLATE_A/JMOD_L_HIP_ROLL_INTERFACE_PLATE_A.svg,c81b3d81bd3da8e0470865b867ea74e158a00b3f94a140bbf6b317645b29fd8e,parts/L_HIP_ROLL/JMOD_L_HIP_ROLL_INTERFACE_PLATE_A/JMOD_L_HIP_ROLL_INTERFACE_PLATE_A_profile.dxf,499c924362928b28038a10b291aa400bef5d19526d0fa8f1c8cdedf2f920c006,NOT AN RFQ OR FABRICATION RELEASE,"NO PROCUREMENT, FABRICATION, ASSEMBLY, POWERED TEST, MOTION OR ENERGIZATION AUTHORITY"
JMOD_L_HIP_ROLL_INTERFACE_PLATE_B,L_HIP_ROLL,leg,L,JMF-08-LEG-REDUCED-20,INTERFACE_PLATE,1,6061-T6/T651 PLATE CANDIDATE,,,2.5D or 3-axis refinement after joint/load/fastener disposition,LOCAL-COORDINATE REFINEMENT STEP - THREAD/INSERT/TOLERANCE STACK OPEN,74.000 x 5.000 x 70.000,12997.594241,"(62.500000, 34.500000, 390.000000)","TRANSLATE (-62.500000, -34.500000, -390.000000) mm; ORIENTATION UNCHANGED",parts/L_HIP_ROLL/JMOD_L_HIP_ROLL_INTERFACE_PLATE_B/JMOD_L_HIP_ROLL_INTERFACE_PLATE_B.step,76ab0f9ebfb290df74cf8cd14e9e2c0d3d077c2b07de4de8ae940c5717ea777a,parts/L_HIP_ROLL/JMOD_L_HIP_ROLL_INTERFACE_PLATE_B/JMOD_L_HIP_ROLL_INTERFACE_PLATE_B.svg,c81b3d81bd3da8e0470865b867ea74e158a00b3f94a140bbf6b317645b29fd8e,parts/L_HIP_ROLL/JMOD_L_HIP_ROLL_INTERFACE_PLATE_B/JMOD_L_HIP_ROLL_INTERFACE_PLATE_B_profile.dxf,1c6486695408ffdb52650ffbdbb3b824c2b1aeca81c69b21f9ae8348d32ac57d,NOT AN RFQ OR FABRICATION RELEASE,"NO PROCUREMENT, FABRICATION, ASSEMBLY, POWERED TEST, MOTION OR ENERGIZATION AUTHORITY"
JMOD_L_HIP_ROLL_MOTOR_PULLEY,L_HIP_ROLL,leg,L,JMF-08-LEG-REDUCED-20,MOTOR_PULLEY_ENVELOPE,1,CATALOGUE ALUMINUM/STEEL OR RELEASED CUSTOM PULLEY SELECTION REQUIRED,,,exact catalogue pulley or released toothed custom pulley,REDESIGN REQUIRED - SMOOTH ENVELOPE HAS NO TIMING TEETH OR FLANGES,30.690 x 12.000 x 30.690,5298.618008,"(62.500000, -0.000000, 340.034793)","TRANSLATE (-62.500000, 0.000000, -340.034793) mm; ORIENTATION UNCHANGED",,,,,,,NO FABRICATION FILE; CURRENT SOLID IS PACKAGING EVIDENCE ONLY,"NO PROCUREMENT, FABRICATION, ASSEMBLY, POWERED TEST, MOTION OR ENERGIZATION AUTHORITY"
JMOD_L_HIP_ROLL_OUTPUT_PULLEY,L_HIP_ROLL,leg,L,JMF-08-LEG-REDUCED-20,OUTPUT_PULLEY_ENVELOPE,1,CATALOGUE ALUMINUM/STEEL OR RELEASED CUSTOM PULLEY SELECTION REQUIRED,,,exact catalogue pulley or released toothed custom pulley,REDESIGN REQUIRED - SMOOTH ENVELOPE HAS NO TIMING TEETH OR FLANGES,62.520 x 12.000 x 62.520,16516.009405,"(62.500000, -0.000000, 390.000000)","TRANSLATE (-62.500000, 0.000000, -390.000000) mm; ORIENTATION UNCHANGED",,,,,,,NO FABRICATION FILE; CURRENT SOLID IS PACKAGING EVIDENCE ONLY,"NO PROCUREMENT, FABRICATION, ASSEMBLY, POWERED TEST, MOTION OR ENERGIZATION AUTHORITY"
JMOD_L_HIP_ROLL_OUTPUT_SHAFT,L_HIP_ROLL,leg,L,JMF-08-LEG-REDUCED-20,OUTPUT_SHAFT,1,7075-T6/T651 ALUMINUM DENSITY-SCREEN CANDIDATE; 17-4PH/STEEL FAMILY CONFLICT OPEN,,,turn/mill refinement after bearing-fit and retention design,LOCAL-COORDINATE REFINEMENT STEP - SHOULDERS/GROOVES/FITS ABSENT,12.000 x 74.000 x 12.000,5152.081262,"(62.500000, -0.000000, 390.000000)","TRANSLATE (-62.500000, 0.000000, -390.000000) mm; ORIENTATION UNCHANGED",parts/L_HIP_ROLL/JMOD_L_HIP_ROLL_OUTPUT_SHAFT/JMOD_L_HIP_ROLL_OUTPUT_SHAFT.step,ae7a6edbd15095e5fe550aa484080ce440eb570df1a0d5bec5d75e7e147ce3cd,parts/L_HIP_ROLL/JMOD_L_HIP_ROLL_OUTPUT_SHAFT/JMOD_L_HIP_ROLL_OUTPUT_SHAFT.svg,4b9852d5c759435b8b96b141753ead4d7c885eb93d4e05ab983a8b6eb11cb9c4,,,NOT AN RFQ OR FABRICATION RELEASE,"NO PROCUREMENT, FABRICATION, ASSEMBLY, POWERED TEST, MOTION OR ENERGIZATION AUTHORITY"
JMOD_L_HIP_YAW_ACTUATOR_OUTPUT_COUPLER,L_HIP_YAW,leg,L,JMF-06-LEG-DIRECT,ACTUATOR_OUTPUT_COUPLER_PLACEHOLDER,1,PRODUCT-SPECIFIC ALUMINUM/STEEL ADAPTER SELECTION REQUIRED,,,product-specific horn or spline adapter with secondary retention,REDESIGN REQUIRED - ACTUATOR/HORN/CLAMP INTERFACE ABSENT,8.640 x 8.640 x 61.000,3576.409183,"(62.500000, -0.000000, 379.500000)","TRANSLATE (-62.500000, 0.000000, -379.500000) mm; ORIENTATION UNCHANGED",,,,,,,NO FABRICATION FILE; CURRENT SOLID IS PACKAGING EVIDENCE ONLY,"NO PROCUREMENT, FABRICATION, ASSEMBLY, POWERED TEST, MOTION OR ENERGIZATION AUTHORITY"
JMOD_L_HIP_YAW_BEARING_B_RING,L_HIP_YAW,leg,L,JMF-06-LEG-DIRECT,CATALOGUE_BEARING_ENVELOPE,1,MANUFACTURER CATALOGUE PRODUCT - EXACT SUFFIX/APPLICATION SELECTION REQUIRED,6901 OPEN EVALUATION CANDIDATE,https://www.oss.nsk.com/in/products/bearings/ball-bearings/deep-groove-ball-bearings/single-row-deep-groove-ball-bearings/6901-apn.html,manufacturer bearing selection / receipt inspection,CATALOGUE REFERENCE - DO NOT FABRICATE,24.000 x 24.000 x 6.000,1989.759123,"(62.500000, -0.000000, 437.000000)","TRANSLATE (-62.500000, 0.000000, -437.000000) mm; ORIENTATION UNCHANGED",,,,,,,NO SUPPLIER UPLOAD FILE; PURCHASE SELECTION REQUIRED,"NO PROCUREMENT, FABRICATION, ASSEMBLY, POWERED TEST, MOTION OR ENERGIZATION AUTHORITY"
JMOD_L_HIP_YAW_INTERFACE_PLATE_B,L_HIP_YAW,leg,L,JMF-06-LEG-DIRECT,INTERFACE_PLATE,1,6061-T6/T651 PLATE CANDIDATE,,,2.5D or 3-axis refinement after joint/load/fastener disposition,LOCAL-COORDINATE REFINEMENT STEP - THREAD/INSERT/TOLERANCE STACK OPEN,70.000 x 66.000 x 5.000,12041.497240,"(62.500000, -0.000000, 442.500000)","TRANSLATE (-62.500000, 0.000000, -442.500000) mm; ORIENTATION UNCHANGED",parts/L_HIP_YAW/JMOD_L_HIP_YAW_INTERFACE_PLATE_B/JMOD_L_HIP_YAW_INTERFACE_PLATE_B.step,80de19b2bea535a89a4ddd6699c1fd1b580b7d53a649facd0fe360c13348e9a5,parts/L_HIP_YAW/JMOD_L_HIP_YAW_INTERFACE_PLATE_B/JMOD_L_HIP_YAW_INTERFACE_PLATE_B.svg,bd9edf7434d62920d1c14909731c16eb4854ad8bb840d825eea5414781ccc444,parts/L_HIP_YAW/JMOD_L_HIP_YAW_INTERFACE_PLATE_B/JMOD_L_HIP_YAW_INTERFACE_PLATE_B_profile.dxf,90cf337d0f92cfefb496b8b0b9ecdad0d19b7f0aa610ec1b0c9e6cd0f7e8c19b,NOT AN RFQ OR FABRICATION RELEASE,"NO PROCUREMENT, FABRICATION, ASSEMBLY, POWERED TEST, MOTION OR ENERGIZATION AUTHORITY"
JMOD_L_HIP_YAW_OUTPUT_SHAFT,L_HIP_YAW,leg,L,JMF-06-LEG-DIRECT,OUTPUT_SHAFT,1,7075-T6/T651 ALUMINUM DENSITY-SCREEN CANDIDATE; 17-4PH/STEEL FAMILY CONFLICT OPEN,,,turn/mill refinement after bearing-fit and retention design,LOCAL-COORDINATE REFINEMENT STEP - SHOULDERS/GROOVES/FITS ABSENT,12.000 x 12.000 x 70.000,4873.590383,"(62.500000, -0.000000, 410.000000)","TRANSLATE (-62.500000, 0.000000, -410.000000) mm; ORIENTATION UNCHANGED",parts/L_HIP_YAW/JMOD_L_HIP_YAW_OUTPUT_SHAFT/JMOD_L_HIP_YAW_OUTPUT_SHAFT.step,2facfaa03d4c61d3b6c22da6218498e75531ea75eebe24805829318f134bffe9,parts/L_HIP_YAW/JMOD_L_HIP_YAW_OUTPUT_SHAFT/JMOD_L_HIP_YAW_OUTPUT_SHAFT.svg,91bf4241258578bca3d81a8bcbd5f6a5a69fb33538455fdbd186d1a2c8c6b904,,,NOT AN RFQ OR FABRICATION RELEASE,"NO PROCUREMENT, FABRICATION, ASSEMBLY, POWERED TEST, MOTION OR ENERGIZATION AUTHORITY"
JMOD_L_KNEE_PITCH_BEARING_A_RING,L_KNEE_PITCH,leg,L,JMF-09-KNEE-REDUCED-25,CATALOGUE_BEARING_ENVELOPE,1,MANUFACTURER CATALOGUE PRODUCT - EXACT SUFFIX/APPLICATION SELECTION REQUIRED,6901 OPEN EVALUATION CANDIDATE,https://www.oss.nsk.com/in/products/bearings/ball-bearings/deep-groove-ball-bearings/single-row-deep-groove-ball-bearings/6901-apn.html,manufacturer bearing selection / receipt inspection,CATALOGUE REFERENCE - DO NOT FABRICATE,6.000 x 24.000 x 24.000,1989.759123,"(33.500000, 0.000000, 210.000000)","TRANSLATE (-33.500000, -0.000000, -210.000000) mm; ORIENTATION UNCHANGED",,,,,,,NO SUPPLIER UPLOAD FILE; PURCHASE SELECTION REQUIRED,"NO PROCUREMENT, FABRICATION, ASSEMBLY, POWERED TEST, MOTION OR ENERGIZATION AUTHORITY"
JMOD_L_KNEE_PITCH_BEARING_B_RING,L_KNEE_PITCH,leg,L,JMF-09-KNEE-REDUCED-25,CATALOGUE_BEARING_ENVELOPE,1,MANUFACTURER CATALOGUE PRODUCT - EXACT SUFFIX/APPLICATION SELECTION REQUIRED,6901 OPEN EVALUATION CANDIDATE,https://www.oss.nsk.com/in/products/bearings/ball-bearings/deep-groove-ball-bearings/single-row-deep-groove-ball-bearings/6901-apn.html,manufacturer bearing selection / receipt inspection,CATALOGUE REFERENCE - DO NOT FABRICATE,6.000 x 24.000 x 24.000,1989.759123,"(91.500000, 0.000000, 210.000000)","TRANSLATE (-91.500000, -0.000000, -210.000000) mm; ORIENTATION UNCHANGED",,,,,,,NO SUPPLIER UPLOAD FILE; PURCHASE SELECTION REQUIRED,"NO PROCUREMENT, FABRICATION, ASSEMBLY, POWERED TEST, MOTION OR ENERGIZATION AUTHORITY"
JMOD_L_KNEE_PITCH_INTERFACE_PLATE_A,L_KNEE_PITCH,leg,L,JMF-09-KNEE-REDUCED-25,INTERFACE_PLATE,1,6061-T6/T651 PLATE CANDIDATE,,,2.5D or 3-axis refinement after joint/load/fastener disposition,LOCAL-COORDINATE REFINEMENT STEP - THREAD/INSERT/TOLERANCE STACK OPEN,5.000 x 74.000 x 78.000,13953.654473,"(28.000000, 0.000000, 210.000000)","TRANSLATE (-28.000000, -0.000000, -210.000000) mm; ORIENTATION UNCHANGED",parts/L_KNEE_PITCH/JMOD_L_KNEE_PITCH_INTERFACE_PLATE_A/JMOD_L_KNEE_PITCH_INTERFACE_PLATE_A.step,3ff593dfb982371b7f8c4b1efb8343baf766edf2ac05a7df6c1475a9dfbeea88,parts/L_KNEE_PITCH/JMOD_L_KNEE_PITCH_INTERFACE_PLATE_A/JMOD_L_KNEE_PITCH_INTERFACE_PLATE_A.svg,358aec41b852588271a32c9dda156b66c2eb1cef567b89cab561aed80cf3d222,parts/L_KNEE_PITCH/JMOD_L_KNEE_PITCH_INTERFACE_PLATE_A/JMOD_L_KNEE_PITCH_INTERFACE_PLATE_A_profile.dxf,e45577a8524edc5030e44a7d3025e98771d97217a878c35ca9b0220a6375437c,NOT AN RFQ OR FABRICATION RELEASE,"NO PROCUREMENT, FABRICATION, ASSEMBLY, POWERED TEST, MOTION OR ENERGIZATION AUTHORITY"
JMOD_L_KNEE_PITCH_INTERFACE_PLATE_B,L_KNEE_PITCH,leg,L,JMF-09-KNEE-REDUCED-25,INTERFACE_PLATE,1,6061-T6/T651 PLATE CANDIDATE,,,2.5D or 3-axis refinement after joint/load/fastener disposition,LOCAL-COORDINATE REFINEMENT STEP - THREAD/INSERT/TOLERANCE STACK OPEN,5.000 x 74.000 x 78.000,13953.654473,"(97.000000, 0.000000, 210.000000)","TRANSLATE (-97.000000, -0.000000, -210.000000) mm; ORIENTATION UNCHANGED",parts/L_KNEE_PITCH/JMOD_L_KNEE_PITCH_INTERFACE_PLATE_B/JMOD_L_KNEE_PITCH_INTERFACE_PLATE_B.step,d8e900a79c12e074b45dbfd92424deaf021cbfc36f7a4d2da8db4b9ee0133dcf,parts/L_KNEE_PITCH/JMOD_L_KNEE_PITCH_INTERFACE_PLATE_B/JMOD_L_KNEE_PITCH_INTERFACE_PLATE_B.svg,88ea73cee570ae78c53443720f5c1aa3f9b4f0fb423f68cda9b43256a4bbb4da,parts/L_KNEE_PITCH/JMOD_L_KNEE_PITCH_INTERFACE_PLATE_B/JMOD_L_KNEE_PITCH_INTERFACE_PLATE_B_profile.dxf,d3f7fe0c588085c725634cc6ab5d1de0da4971aa993da71a06c70f7fb10e09b4,NOT AN RFQ OR FABRICATION RELEASE,"NO PROCUREMENT, FABRICATION, ASSEMBLY, POWERED TEST, MOTION OR ENERGIZATION AUTHORITY"
JMOD_L_KNEE_PITCH_MOTOR_PULLEY,L_KNEE_PITCH,leg,L,JMF-09-KNEE-REDUCED-25,MOTOR_PULLEY_ENVELOPE,1,CATALOGUE ALUMINUM/STEEL OR RELEASED CUSTOM PULLEY SELECTION REQUIRED,,,exact catalogue pulley or released toothed custom pulley,REDESIGN REQUIRED - SMOOTH ENVELOPE HAS NO TIMING TEETH OR FLANGES,12.000 x 24.320 x 24.320,4238.221808,"(62.500000, -0.000000, 261.455623)","TRANSLATE (-62.500000, 0.000000, -261.455623) mm; ORIENTATION UNCHANGED",,,,,,,NO FABRICATION FILE; CURRENT SOLID IS PACKAGING EVIDENCE ONLY,"NO PROCUREMENT, FABRICATION, ASSEMBLY, POWERED TEST, MOTION OR ENERGIZATION AUTHORITY"
JMOD_L_KNEE_PITCH_OUTPUT_PULLEY,L_KNEE_PITCH,leg,L,JMF-09-KNEE-REDUCED-25,OUTPUT_PULLEY_ENVELOPE,1,CATALOGUE ALUMINUM/STEEL OR RELEASED CUSTOM PULLEY SELECTION REQUIRED,,,exact catalogue pulley or released toothed custom pulley,REDESIGN REQUIRED - SMOOTH ENVELOPE HAS NO TIMING TEETH OR FLANGES,12.000 x 62.520 x 62.520,16516.009405,"(62.500000, -0.000000, 210.000000)","TRANSLATE (-62.500000, 0.000000, -210.000000) mm; ORIENTATION UNCHANGED",,,,,,,NO FABRICATION FILE; CURRENT SOLID IS PACKAGING EVIDENCE ONLY,"NO PROCUREMENT, FABRICATION, ASSEMBLY, POWERED TEST, MOTION OR ENERGIZATION AUTHORITY"
JMOD_L_KNEE_PITCH_OUTPUT_SHAFT,L_KNEE_PITCH,leg,L,JMF-09-KNEE-REDUCED-25,OUTPUT_SHAFT,1,7075-T6/T651 ALUMINUM DENSITY-SCREEN CANDIDATE; 17-4PH/STEEL FAMILY CONFLICT OPEN,,,turn/mill refinement after bearing-fit and retention design,LOCAL-COORDINATE REFINEMENT STEP - SHOULDERS/GROOVES/FITS ABSENT,74.000 x 12.000 x 12.000,5152.081262,"(62.500000, 0.000000, 210.000000)","TRANSLATE (-62.500000, -0.000000, -210.000000) mm; ORIENTATION UNCHANGED",parts/L_KNEE_PITCH/JMOD_L_KNEE_PITCH_OUTPUT_SHAFT/JMOD_L_KNEE_PITCH_OUTPUT_SHAFT.step,1c3ef15849f89e03aa563128ca28cb5d8dd5d15b509066a24d812256a64a7f4b,parts/L_KNEE_PITCH/JMOD_L_KNEE_PITCH_OUTPUT_SHAFT/JMOD_L_KNEE_PITCH_OUTPUT_SHAFT.svg,8e1851e5bb015be9a7c76e72d6d05c9946331aeaa03c8e1540af79f2f89a198b,,,NOT AN RFQ OR FABRICATION RELEASE,"NO PROCUREMENT, FABRICATION, ASSEMBLY, POWERED TEST, MOTION OR ENERGIZATION AUTHORITY"
JMOD_L_SHOULDER_PITCH_BEARING_A_RING,L_SHOULDER_PITCH,arm,L,JMF-03-SHOULDER-GIMBAL,CATALOGUE_BEARING_ENVELOPE,1,MANUFACTURER CATALOGUE PRODUCT - EXACT SUFFIX/APPLICATION SELECTION REQUIRED,61900-2RS1 EVALUATION CANDIDATE,https://www.emarketplace.in.skf.com/deep-groove-ball-bearing/61900-2rs1,manufacturer bearing selection / receipt inspection,CATALOGUE REFERENCE - DO NOT FABRICATE,6.000 x 22.000 x 22.000,1771.104274,"(82.000000, -0.000000, 590.000000)","TRANSLATE (-82.000000, 0.000000, -590.000000) mm; ORIENTATION UNCHANGED",,,,,,,NO SUPPLIER UPLOAD FILE; PURCHASE SELECTION REQUIRED,"NO PROCUREMENT, FABRICATION, ASSEMBLY, POWERED TEST, MOTION OR ENERGIZATION AUTHORITY"
JMOD_L_SHOULDER_PITCH_BEARING_B_RING,L_SHOULDER_PITCH,arm,L,JMF-03-SHOULDER-GIMBAL,CATALOGUE_BEARING_ENVELOPE,1,MANUFACTURER CATALOGUE PRODUCT - EXACT SUFFIX/APPLICATION SELECTION REQUIRED,61900-2RS1 EVALUATION CANDIDATE,https://www.emarketplace.in.skf.com/deep-groove-ball-bearing/61900-2rs1,manufacturer bearing selection / receipt inspection,CATALOGUE REFERENCE - DO NOT FABRICATE,6.000 x 22.000 x 22.000,1771.104274,"(128.000000, -0.000000, 590.000000)","TRANSLATE (-128.000000, 0.000000, -590.000000) mm; ORIENTATION UNCHANGED",,,,,,,NO SUPPLIER UPLOAD FILE; PURCHASE SELECTION REQUIRED,"NO PROCUREMENT, FABRICATION, ASSEMBLY, POWERED TEST, MOTION OR ENERGIZATION AUTHORITY"
JMOD_L_SHOULDER_PITCH_INTERFACE_PLATE_A,L_SHOULDER_PITCH,arm,L,JMF-03-SHOULDER-GIMBAL,INTERFACE_PLATE,1,6061-T6/T651 PLATE CANDIDATE,,,2.5D or 3-axis refinement after joint/load/fastener disposition,LOCAL-COORDINATE REFINEMENT STEP - THREAD/INSERT/TOLERANCE STACK OPEN,4.000 x 58.000 x 64.000,7604.335177,"(77.000000, 0.000000, 590.000000)","TRANSLATE (-77.000000, -0.000000, -590.000000) mm; ORIENTATION UNCHANGED",parts/L_SHOULDER_PITCH/JMOD_L_SHOULDER_PITCH_INTERFACE_PLATE_A/JMOD_L_SHOULDER_PITCH_INTERFACE_PLATE_A.step,f9d5b967d466014a53b4fbc255573183008fba916acb663bb5c425dfc1baad20,parts/L_SHOULDER_PITCH/JMOD_L_SHOULDER_PITCH_INTERFACE_PLATE_A/JMOD_L_SHOULDER_PITCH_INTERFACE_PLATE_A.svg,63f6062ed0d07c51357944151c1b786dc5f81e0e4a25561563137a9acb1bb5b6,parts/L_SHOULDER_PITCH/JMOD_L_SHOULDER_PITCH_INTERFACE_PLATE_A/JMOD_L_SHOULDER_PITCH_INTERFACE_PLATE_A_profile.dxf,dda9fc1a87c2b46f98bc5d89472e45bf0673aa9fc458a80cad9a12e81015feba,NOT AN RFQ OR FABRICATION RELEASE,"NO PROCUREMENT, FABRICATION, ASSEMBLY, POWERED TEST, MOTION OR ENERGIZATION AUTHORITY"
JMOD_L_SHOULDER_PITCH_INTERFACE_PLATE_B,L_SHOULDER_PITCH,arm,L,JMF-03-SHOULDER-GIMBAL,INTERFACE_PLATE,1,6061-T6/T651 PLATE CANDIDATE,,,2.5D or 3-axis refinement after joint/load/fastener disposition,LOCAL-COORDINATE REFINEMENT STEP - THREAD/INSERT/TOLERANCE STACK OPEN,4.000 x 58.000 x 64.000,7604.335177,"(133.000000, 0.000000, 590.000000)","TRANSLATE (-133.000000, -0.000000, -590.000000) mm; ORIENTATION UNCHANGED",parts/L_SHOULDER_PITCH/JMOD_L_SHOULDER_PITCH_INTERFACE_PLATE_B/JMOD_L_SHOULDER_PITCH_INTERFACE_PLATE_B.step,bfb63aff8cf2aab3ff8ff69f71763e9f74fe4cabdb274ea379cfdc3266312bca,parts/L_SHOULDER_PITCH/JMOD_L_SHOULDER_PITCH_INTERFACE_PLATE_B/JMOD_L_SHOULDER_PITCH_INTERFACE_PLATE_B.svg,afc59ec021d2d4ac531bfafc1f247a4e88df76a41c8526a98aa58376c9d0f3c4,parts/L_SHOULDER_PITCH/JMOD_L_SHOULDER_PITCH_INTERFACE_PLATE_B/JMOD_L_SHOULDER_PITCH_INTERFACE_PLATE_B_profile.dxf,90a45eac4d5babbd5a68129589afee6ae19dd7e21b96fc39bc1d478972edb8cf,NOT AN RFQ OR FABRICATION RELEASE,"NO PROCUREMENT, FABRICATION, ASSEMBLY, POWERED TEST, MOTION OR ENERGIZATION AUTHORITY"
JMOD_L_SHOULDER_PITCH_MOTOR_PULLEY,L_SHOULDER_PITCH,arm,L,JMF-03-SHOULDER-GIMBAL,MOTOR_PULLEY_ENVELOPE,1,CATALOGUE ALUMINUM/STEEL OR RELEASED CUSTOM PULLEY SELECTION REQUIRED,,,exact catalogue pulley or released toothed custom pulley,REDESIGN REQUIRED - SMOOTH ENVELOPE HAS NO TIMING TEETH OR FLANGES,12.000 x 30.690 x 30.690,5298.618008,"(105.000000, 42.500000, 590.000000)","TRANSLATE (-105.000000, -42.500000, -590.000000) mm; ORIENTATION UNCHANGED",,,,,,,NO FABRICATION FILE; CURRENT SOLID IS PACKAGING EVIDENCE ONLY,"NO PROCUREMENT, FABRICATION, ASSEMBLY, POWERED TEST, MOTION OR ENERGIZATION AUTHORITY"
JMOD_L_SHOULDER_PITCH_OUTPUT_PULLEY,L_SHOULDER_PITCH,arm,L,JMF-03-SHOULDER-GIMBAL,OUTPUT_PULLEY_ENVELOPE,1,CATALOGUE ALUMINUM/STEEL OR RELEASED CUSTOM PULLEY SELECTION REQUIRED,,,exact catalogue pulley or released toothed custom pulley,REDESIGN REQUIRED - SMOOTH ENVELOPE HAS NO TIMING TEETH OR FLANGES,12.000 x 30.690 x 30.690,5876.863375,"(105.000000, -0.000000, 590.000000)","TRANSLATE (-105.000000, 0.000000, -590.000000) mm; ORIENTATION UNCHANGED",,,,,,,NO FABRICATION FILE; CURRENT SOLID IS PACKAGING EVIDENCE ONLY,"NO PROCUREMENT, FABRICATION, ASSEMBLY, POWERED TEST, MOTION OR ENERGIZATION AUTHORITY"
JMOD_L_SHOULDER_PITCH_OUTPUT_SHAFT,L_SHOULDER_PITCH,arm,L,JMF-03-SHOULDER-GIMBAL,OUTPUT_SHAFT,1,7075-T6/T651 ALUMINUM DENSITY-SCREEN CANDIDATE; 17-4PH/STEEL FAMILY CONFLICT OPEN,,,turn/mill refinement after bearing-fit and retention design,LOCAL-COORDINATE REFINEMENT STEP - SHOULDERS/GROOVES/FITS ABSENT,60.000 x 10.000 x 10.000,2900.946656,"(105.000000, 0.000000, 590.000000)","TRANSLATE (-105.000000, -0.000000, -590.000000) mm; ORIENTATION UNCHANGED",parts/L_SHOULDER_PITCH/JMOD_L_SHOULDER_PITCH_OUTPUT_SHAFT/JMOD_L_SHOULDER_PITCH_OUTPUT_SHAFT.step,6d7e5686494f23537e8f9a5567d5a66db1833d8177350f19848d371ee46f439e,parts/L_SHOULDER_PITCH/JMOD_L_SHOULDER_PITCH_OUTPUT_SHAFT/JMOD_L_SHOULDER_PITCH_OUTPUT_SHAFT.svg,9440f7c19d8fb11f7a6f0d01f13d93d2dd4d8edbc2cee0721b806ea73d38d34c,,,NOT AN RFQ OR FABRICATION RELEASE,"NO PROCUREMENT, FABRICATION, ASSEMBLY, POWERED TEST, MOTION OR ENERGIZATION AUTHORITY"
JMOD_L_SHOULDER_ROLL_BEARING_A_RING,L_SHOULDER_ROLL,arm,L,JMF-03-SHOULDER-GIMBAL,CATALOGUE_BEARING_ENVELOPE,1,MANUFACTURER CATALOGUE PRODUCT - EXACT SUFFIX/APPLICATION SELECTION REQUIRED,61900-2RS1 EVALUATION CANDIDATE,https://www.emarketplace.in.skf.com/deep-groove-ball-bearing/61900-2rs1,manufacturer bearing selection / receipt inspection,CATALOGUE REFERENCE - DO NOT FABRICATE,22.000 x 6.000 x 22.000,1771.104274,"(105.000000, -23.000000, 590.000000)","TRANSLATE (-105.000000, 23.000000, -590.000000) mm; ORIENTATION UNCHANGED",,,,,,,NO SUPPLIER UPLOAD FILE; PURCHASE SELECTION REQUIRED,"NO PROCUREMENT, FABRICATION, ASSEMBLY, POWERED TEST, MOTION OR ENERGIZATION AUTHORITY"
JMOD_L_SHOULDER_ROLL_BEARING_B_RING,L_SHOULDER_ROLL,arm,L,JMF-03-SHOULDER-GIMBAL,CATALOGUE_BEARING_ENVELOPE,1,MANUFACTURER CATALOGUE PRODUCT - EXACT SUFFIX/APPLICATION SELECTION REQUIRED,61900-2RS1 EVALUATION CANDIDATE,https://www.emarketplace.in.skf.com/deep-groove-ball-bearing/61900-2rs1,manufacturer bearing selection / receipt inspection,CATALOGUE REFERENCE - DO NOT FABRICATE,22.000 x 6.000 x 22.000,1771.104274,"(105.000000, 23.000000, 590.000000)","TRANSLATE (-105.000000, -23.000000, -590.000000) mm; ORIENTATION UNCHANGED",,,,,,,NO SUPPLIER UPLOAD FILE; PURCHASE SELECTION REQUIRED,"NO PROCUREMENT, FABRICATION, ASSEMBLY, POWERED TEST, MOTION OR ENERGIZATION AUTHORITY"
JMOD_L_SHOULDER_ROLL_INTERFACE_PLATE_A,L_SHOULDER_ROLL,arm,L,JMF-03-SHOULDER-GIMBAL,INTERFACE_PLATE,1,6061-T6/T651 PLATE CANDIDATE,,,2.5D or 3-axis refinement after joint/load/fastener disposition,LOCAL-COORDINATE REFINEMENT STEP - THREAD/INSERT/TOLERANCE STACK OPEN,58.000 x 4.000 x 64.000,7604.335177,"(105.000000, -28.000000, 590.000000)","TRANSLATE (-105.000000, 28.000000, -590.000000) mm; ORIENTATION UNCHANGED",parts/L_SHOULDER_ROLL/JMOD_L_SHOULDER_ROLL_INTERFACE_PLATE_A/JMOD_L_SHOULDER_ROLL_INTERFACE_PLATE_A.step,9c100e25d17fd557a97b34c41c15441bf9ff880a2fb4a7bfce0506dea9ca6ea3,parts/L_SHOULDER_ROLL/JMOD_L_SHOULDER_ROLL_INTERFACE_PLATE_A/JMOD_L_SHOULDER_ROLL_INTERFACE_PLATE_A.svg,fb4d245448da2c30c7b14238680b8d52e9b023c9b1fbb6225685d188e72fe2f8,parts/L_SHOULDER_ROLL/JMOD_L_SHOULDER_ROLL_INTERFACE_PLATE_A/JMOD_L_SHOULDER_ROLL_INTERFACE_PLATE_A_profile.dxf,302068ef9a3daff6c5aaa5ea46b8c03e21c7516b75013e30a49e430ffbe41602,NOT AN RFQ OR FABRICATION RELEASE,"NO PROCUREMENT, FABRICATION, ASSEMBLY, POWERED TEST, MOTION OR ENERGIZATION AUTHORITY"
JMOD_L_SHOULDER_ROLL_INTERFACE_PLATE_B,L_SHOULDER_ROLL,arm,L,JMF-03-SHOULDER-GIMBAL,INTERFACE_PLATE,1,6061-T6/T651 PLATE CANDIDATE,,,2.5D or 3-axis refinement after joint/load/fastener disposition,LOCAL-COORDINATE REFINEMENT STEP - THREAD/INSERT/TOLERANCE STACK OPEN,58.000 x 4.000 x 64.000,7604.335177,"(105.000000, 28.000000, 590.000000)","TRANSLATE (-105.000000, -28.000000, -590.000000) mm; ORIENTATION UNCHANGED",parts/L_SHOULDER_ROLL/JMOD_L_SHOULDER_ROLL_INTERFACE_PLATE_B/JMOD_L_SHOULDER_ROLL_INTERFACE_PLATE_B.step,e6ef5ba577357267a3c94773299ee755bb8cf7fed7e5b249a7fa82ac7e78d198,parts/L_SHOULDER_ROLL/JMOD_L_SHOULDER_ROLL_INTERFACE_PLATE_B/JMOD_L_SHOULDER_ROLL_INTERFACE_PLATE_B.svg,9d83b2dbd977dd1bb08b81bab18cef0c6a51b006777efa7b8f943134824d0437,parts/L_SHOULDER_ROLL/JMOD_L_SHOULDER_ROLL_INTERFACE_PLATE_B/JMOD_L_SHOULDER_ROLL_INTERFACE_PLATE_B_profile.dxf,84a744eacfb15a4d44881750b7f5f057ee15b23417c975435d7190dc260fb007,NOT AN RFQ OR FABRICATION RELEASE,"NO PROCUREMENT, FABRICATION, ASSEMBLY, POWERED TEST, MOTION OR ENERGIZATION AUTHORITY"
JMOD_L_SHOULDER_ROLL_MOTOR_PULLEY,L_SHOULDER_ROLL,arm,L,JMF-03-SHOULDER-GIMBAL,MOTOR_PULLEY_ENVELOPE,1,CATALOGUE ALUMINUM/STEEL OR RELEASED CUSTOM PULLEY SELECTION REQUIRED,,,exact catalogue pulley or released toothed custom pulley,REDESIGN REQUIRED - SMOOTH ENVELOPE HAS NO TIMING TEETH OR FLANGES,30.690 x 12.000 x 30.690,5298.618008,"(105.000000, -0.000000, 547.500000)","TRANSLATE (-105.000000, 0.000000, -547.500000) mm; ORIENTATION UNCHANGED",,,,,,,NO FABRICATION FILE; CURRENT SOLID IS PACKAGING EVIDENCE ONLY,"NO PROCUREMENT, FABRICATION, ASSEMBLY, POWERED TEST, MOTION OR ENERGIZATION AUTHORITY"
JMOD_L_SHOULDER_ROLL_OUTPUT_PULLEY,L_SHOULDER_ROLL,arm,L,JMF-03-SHOULDER-GIMBAL,OUTPUT_PULLEY_ENVELOPE,1,CATALOGUE ALUMINUM/STEEL OR RELEASED CUSTOM PULLEY SELECTION REQUIRED,,,exact catalogue pulley or released toothed custom pulley,REDESIGN REQUIRED - SMOOTH ENVELOPE HAS NO TIMING TEETH OR FLANGES,30.690 x 12.000 x 30.690,5876.863375,"(105.000000, 0.000000, 590.000000)","TRANSLATE (-105.000000, -0.000000, -590.000000) mm; ORIENTATION UNCHANGED",,,,,,,NO FABRICATION FILE; CURRENT SOLID IS PACKAGING EVIDENCE ONLY,"NO PROCUREMENT, FABRICATION, ASSEMBLY, POWERED TEST, MOTION OR ENERGIZATION AUTHORITY"
JMOD_L_SHOULDER_ROLL_OUTPUT_SHAFT,L_SHOULDER_ROLL,arm,L,JMF-03-SHOULDER-GIMBAL,OUTPUT_SHAFT,1,7075-T6/T651 ALUMINUM DENSITY-SCREEN CANDIDATE; 17-4PH/STEEL FAMILY CONFLICT OPEN,,,turn/mill refinement after bearing-fit and retention design,LOCAL-COORDINATE REFINEMENT STEP - SHOULDERS/GROOVES/FITS ABSENT,10.000 x 60.000 x 10.000,2900.946656,"(105.000000, 0.000000, 590.000000)","TRANSLATE (-105.000000, -0.000000, -590.000000) mm; ORIENTATION UNCHANGED",parts/L_SHOULDER_ROLL/JMOD_L_SHOULDER_ROLL_OUTPUT_SHAFT/JMOD_L_SHOULDER_ROLL_OUTPUT_SHAFT.step,0f5fa68e0a9031859078139ccd9a4bdb1979656fa5d30094ffe9e8d29e5fc2ab,parts/L_SHOULDER_ROLL/JMOD_L_SHOULDER_ROLL_OUTPUT_SHAFT/JMOD_L_SHOULDER_ROLL_OUTPUT_SHAFT.svg,459f61535250e93832df3993af794abf405f1683f39b28b656ab32a79a72b599,,,NOT AN RFQ OR FABRICATION RELEASE,"NO PROCUREMENT, FABRICATION, ASSEMBLY, POWERED TEST, MOTION OR ENERGIZATION AUTHORITY"
JMOD_L_WRIST_ROTATION_ACTUATOR_OUTPUT_COUPLER,L_WRIST_ROTATION,arm,L,JMF-01-COMPACT,ACTUATOR_OUTPUT_COUPLER_PLACEHOLDER,1,PRODUCT-SPECIFIC ALUMINUM/STEEL ADAPTER SELECTION REQUIRED,,,product-specific horn or spline adapter with secondary retention,REDESIGN REQUIRED - ACTUATOR/HORN/CLAMP INTERFACE ABSENT,4.320 x 4.320 x 36.000,527.666929,"(140.000000, -0.000000, 313.000000)","TRANSLATE (-140.000000, 0.000000, -313.000000) mm; ORIENTATION UNCHANGED",,,,,,,NO FABRICATION FILE; CURRENT SOLID IS PACKAGING EVIDENCE ONLY,"NO PROCUREMENT, FABRICATION, ASSEMBLY, POWERED TEST, MOTION OR ENERGIZATION AUTHORITY"
JMOD_L_WRIST_ROTATION_BEARING_B_RING,L_WRIST_ROTATION,arm,L,JMF-01-COMPACT,CATALOGUE_BEARING_ENVELOPE,1,MANUFACTURER CATALOGUE PRODUCT - EXACT SUFFIX/APPLICATION SELECTION REQUIRED,696 OPEN EVALUATION CANDIDATE,https://www.oss.nsk.com/jp/products/bearings/ball-bearings/deep-groove-ball-bearings/extra-small-ball-bearings-and-miniature-ball-bearings-metric-series/696-esm-md.html,manufacturer bearing selection / receipt inspection,CATALOGUE REFERENCE - DO NOT FABRICATE,15.000 x 15.000 x 5.000,722.723390,"(140.000000, -0.000000, 308.500000)","TRANSLATE (-140.000000, 0.000000, -308.500000) mm; ORIENTATION UNCHANGED",,,,,,,NO SUPPLIER UPLOAD FILE; PURCHASE SELECTION REQUIRED,"NO PROCUREMENT, FABRICATION, ASSEMBLY, POWERED TEST, MOTION OR ENERGIZATION AUTHORITY"
JMOD_L_WRIST_ROTATION_INTERFACE_PLATE_B,L_WRIST_ROTATION,arm,L,JMF-01-COMPACT,INTERFACE_PLATE,1,6061-T6/T651 PLATE CANDIDATE,,,2.5D or 3-axis refinement after joint/load/fastener disposition,LOCAL-COORDINATE REFINEMENT STEP - THREAD/INSERT/TOLERANCE STACK OPEN,38.000 x 36.000 x 3.000,2548.605536,"(140.000000, -0.000000, 312.500000)","TRANSLATE (-140.000000, 0.000000, -312.500000) mm; ORIENTATION UNCHANGED",parts/L_WRIST_ROTATION/JMOD_L_WRIST_ROTATION_INTERFACE_PLATE_B/JMOD_L_WRIST_ROTATION_INTERFACE_PLATE_B.step,46c3889c0f4f1bcdc49f55408ce98bf4f92c15b838d752a03729317197a4055b,parts/L_WRIST_ROTATION/JMOD_L_WRIST_ROTATION_INTERFACE_PLATE_B/JMOD_L_WRIST_ROTATION_INTERFACE_PLATE_B.svg,95655ea927f4924bc07642196c1bf834a3d9b501947a68a8d9a440262165db08,parts/L_WRIST_ROTATION/JMOD_L_WRIST_ROTATION_INTERFACE_PLATE_B/JMOD_L_WRIST_ROTATION_INTERFACE_PLATE_B_profile.dxf,e4df1ab10c8c5e9f1488e8d55cd9298db1588eddecdf10fbf2c64caa9b3fe211,NOT AN RFQ OR FABRICATION RELEASE,"NO PROCUREMENT, FABRICATION, ASSEMBLY, POWERED TEST, MOTION OR ENERGIZATION AUTHORITY"
JMOD_L_WRIST_ROTATION_OUTPUT_SHAFT,L_WRIST_ROTATION,arm,L,JMF-01-COMPACT,OUTPUT_SHAFT,1,7075-T6/T651 ALUMINUM DENSITY-SCREEN CANDIDATE; 17-4PH/STEEL FAMILY CONFLICT OPEN,,,turn/mill refinement after bearing-fit and retention design,LOCAL-COORDINATE REFINEMENT STEP - SHOULDERS/GROOVES/FITS ABSENT,6.000 x 6.000 x 38.000,661.415838,"(140.000000, 0.000000, 295.000000)","TRANSLATE (-140.000000, -0.000000, -295.000000) mm; ORIENTATION UNCHANGED",parts/L_WRIST_ROTATION/JMOD_L_WRIST_ROTATION_OUTPUT_SHAFT/JMOD_L_WRIST_ROTATION_OUTPUT_SHAFT.step,316aaf089095f4bf95c20f1494a82517944bf6852dbb6cd2817a8733dbe3e24d,parts/L_WRIST_ROTATION/JMOD_L_WRIST_ROTATION_OUTPUT_SHAFT/JMOD_L_WRIST_ROTATION_OUTPUT_SHAFT.svg,416a0a5cc9a7f1db509988dcc43da28fe66ad4a9c80e11f7be5ca90df07aab22,,,NOT AN RFQ OR FABRICATION RELEASE,"NO PROCUREMENT, FABRICATION, ASSEMBLY, POWERED TEST, MOTION OR ENERGIZATION AUTHORITY"
JMOD_R_ANKLE_PITCH_BEARING_A_RING,R_ANKLE_PITCH,leg,R,JMF-10-ANKLE-PITCH-REDUCED-25,CATALOGUE_BEARING_ENVELOPE,1,MANUFACTURER CATALOGUE PRODUCT - EXACT SUFFIX/APPLICATION SELECTION REQUIRED,6901 OPEN EVALUATION CANDIDATE,https://www.oss.nsk.com/in/products/bearings/ball-bearings/deep-groove-ball-bearings/single-row-deep-groove-ball-bearings/6901-apn.html,manufacturer bearing selection / receipt inspection,CATALOGUE REFERENCE - DO NOT FABRICATE,6.000 x 24.000 x 24.000,1989.759123,"(-91.500000, 0.000000, 55.000000)","TRANSLATE (91.500000, -0.000000, -55.000000) mm; ORIENTATION UNCHANGED",,,,,,,NO SUPPLIER UPLOAD FILE; PURCHASE SELECTION REQUIRED,"NO PROCUREMENT, FABRICATION, ASSEMBLY, POWERED TEST, MOTION OR ENERGIZATION AUTHORITY"
JMOD_R_ANKLE_PITCH_BEARING_B_RING,R_ANKLE_PITCH,leg,R,JMF-10-ANKLE-PITCH-REDUCED-25,CATALOGUE_BEARING_ENVELOPE,1,MANUFACTURER CATALOGUE PRODUCT - EXACT SUFFIX/APPLICATION SELECTION REQUIRED,6901 OPEN EVALUATION CANDIDATE,https://www.oss.nsk.com/in/products/bearings/ball-bearings/deep-groove-ball-bearings/single-row-deep-groove-ball-bearings/6901-apn.html,manufacturer bearing selection / receipt inspection,CATALOGUE REFERENCE - DO NOT FABRICATE,6.000 x 24.000 x 24.000,1989.759123,"(-33.500000, 0.000000, 55.000000)","TRANSLATE (33.500000, -0.000000, -55.000000) mm; ORIENTATION UNCHANGED",,,,,,,NO SUPPLIER UPLOAD FILE; PURCHASE SELECTION REQUIRED,"NO PROCUREMENT, FABRICATION, ASSEMBLY, POWERED TEST, MOTION OR ENERGIZATION AUTHORITY"
JMOD_R_ANKLE_PITCH_INTERFACE_PLATE_A,R_ANKLE_PITCH,leg,R,JMF-10-ANKLE-PITCH-REDUCED-25,INTERFACE_PLATE,1,6061-T6/T651 PLATE CANDIDATE,,,2.5D or 3-axis refinement after joint/load/fastener disposition,LOCAL-COORDINATE REFINEMENT STEP - THREAD/INSERT/TOLERANCE STACK OPEN,5.000 x 74.000 x 72.000,13235.839153,"(-97.000000, 0.000000, 55.000000)","TRANSLATE (97.000000, -0.000000, -55.000000) mm; ORIENTATION UNCHANGED",parts/R_ANKLE_PITCH/JMOD_R_ANKLE_PITCH_INTERFACE_PLATE_A/JMOD_R_ANKLE_PITCH_INTERFACE_PLATE_A.step,52cdf0a47017cdb2784d7006059b4dc2b12fb686073db45b4ad72de937442eb1,parts/R_ANKLE_PITCH/JMOD_R_ANKLE_PITCH_INTERFACE_PLATE_A/JMOD_R_ANKLE_PITCH_INTERFACE_PLATE_A.svg,cebd6f44ba1b61d4b63b6b1c0a4b338a8cd0eb9cba13c033962224ae4b4ed581,parts/R_ANKLE_PITCH/JMOD_R_ANKLE_PITCH_INTERFACE_PLATE_A/JMOD_R_ANKLE_PITCH_INTERFACE_PLATE_A_profile.dxf,ed5f29b3a35d1d12a92323ff8f1b78128cf23b8bd7ba2164a197dfc9efa1936e,NOT AN RFQ OR FABRICATION RELEASE,"NO PROCUREMENT, FABRICATION, ASSEMBLY, POWERED TEST, MOTION OR ENERGIZATION AUTHORITY"
JMOD_R_ANKLE_PITCH_INTERFACE_PLATE_B,R_ANKLE_PITCH,leg,R,JMF-10-ANKLE-PITCH-REDUCED-25,INTERFACE_PLATE,1,6061-T6/T651 PLATE CANDIDATE,,,2.5D or 3-axis refinement after joint/load/fastener disposition,LOCAL-COORDINATE REFINEMENT STEP - THREAD/INSERT/TOLERANCE STACK OPEN,5.000 x 74.000 x 72.000,13235.839153,"(-28.000000, 0.000000, 55.000000)","TRANSLATE (28.000000, -0.000000, -55.000000) mm; ORIENTATION UNCHANGED",parts/R_ANKLE_PITCH/JMOD_R_ANKLE_PITCH_INTERFACE_PLATE_B/JMOD_R_ANKLE_PITCH_INTERFACE_PLATE_B.step,77c46730279c7475d36c287a6927917bd5db900e62e374c8ad9b20c40fe431a6,parts/R_ANKLE_PITCH/JMOD_R_ANKLE_PITCH_INTERFACE_PLATE_B/JMOD_R_ANKLE_PITCH_INTERFACE_PLATE_B.svg,7c80b910d03e6dcaa084ec205b63bb9c1ab2287b70872b4ad401521fd817e94c,parts/R_ANKLE_PITCH/JMOD_R_ANKLE_PITCH_INTERFACE_PLATE_B/JMOD_R_ANKLE_PITCH_INTERFACE_PLATE_B_profile.dxf,dc0acc201e76886d9dca01ece87c2f4cc38a325d1ff066b352e1e9ff2ed87bef,NOT AN RFQ OR FABRICATION RELEASE,"NO PROCUREMENT, FABRICATION, ASSEMBLY, POWERED TEST, MOTION OR ENERGIZATION AUTHORITY"
JMOD_R_ANKLE_PITCH_MOTOR_PULLEY,R_ANKLE_PITCH,leg,R,JMF-10-ANKLE-PITCH-REDUCED-25,MOTOR_PULLEY_ENVELOPE,1,CATALOGUE ALUMINUM/STEEL OR RELEASED CUSTOM PULLEY SELECTION REQUIRED,,,exact catalogue pulley or released toothed custom pulley,REDESIGN REQUIRED - SMOOTH ENVELOPE HAS NO TIMING TEETH OR FLANGES,12.000 x 24.320 x 24.320,4238.221808,"(-62.500000, -0.000000, 106.455623)","TRANSLATE (62.500000, 0.000000, -106.455623) mm; ORIENTATION UNCHANGED",,,,,,,NO FABRICATION FILE; CURRENT SOLID IS PACKAGING EVIDENCE ONLY,"NO PROCUREMENT, FABRICATION, ASSEMBLY, POWERED TEST, MOTION OR ENERGIZATION AUTHORITY"
JMOD_R_ANKLE_PITCH_OUTPUT_PULLEY,R_ANKLE_PITCH,leg,R,JMF-10-ANKLE-PITCH-REDUCED-25,OUTPUT_PULLEY_ENVELOPE,1,CATALOGUE ALUMINUM/STEEL OR RELEASED CUSTOM PULLEY SELECTION REQUIRED,,,exact catalogue pulley or released toothed custom pulley,REDESIGN REQUIRED - SMOOTH ENVELOPE HAS NO TIMING TEETH OR FLANGES,12.000 x 62.520 x 62.520,16516.009405,"(-62.500000, -0.000000, 55.000000)","TRANSLATE (62.500000, 0.000000, -55.000000) mm; ORIENTATION UNCHANGED",,,,,,,NO FABRICATION FILE; CURRENT SOLID IS PACKAGING EVIDENCE ONLY,"NO PROCUREMENT, FABRICATION, ASSEMBLY, POWERED TEST, MOTION OR ENERGIZATION AUTHORITY"
JMOD_R_ANKLE_PITCH_OUTPUT_SHAFT,R_ANKLE_PITCH,leg,R,JMF-10-ANKLE-PITCH-REDUCED-25,OUTPUT_SHAFT,1,7075-T6/T651 ALUMINUM DENSITY-SCREEN CANDIDATE; 17-4PH/STEEL FAMILY CONFLICT OPEN,,,turn/mill refinement after bearing-fit and retention design,LOCAL-COORDINATE REFINEMENT STEP - SHOULDERS/GROOVES/FITS ABSENT,74.000 x 12.000 x 12.000,5152.081262,"(-62.500000, 0.000000, 55.000000)","TRANSLATE (62.500000, -0.000000, -55.000000) mm; ORIENTATION UNCHANGED",parts/R_ANKLE_PITCH/JMOD_R_ANKLE_PITCH_OUTPUT_SHAFT/JMOD_R_ANKLE_PITCH_OUTPUT_SHAFT.step,343f889cc6ac09a579404a9f832aae05b8ef1644b0112116a5dfdf4f3d40b15f,parts/R_ANKLE_PITCH/JMOD_R_ANKLE_PITCH_OUTPUT_SHAFT/JMOD_R_ANKLE_PITCH_OUTPUT_SHAFT.svg,64f476ea4b548fcce55c02a612faf7841fec5c7921a0650b4f19fe2f7b6a4d00,,,NOT AN RFQ OR FABRICATION RELEASE,"NO PROCUREMENT, FABRICATION, ASSEMBLY, POWERED TEST, MOTION OR ENERGIZATION AUTHORITY"
JMOD_R_ANKLE_ROLL_BEARING_A_RING,R_ANKLE_ROLL,leg,R,JMF-08-LEG-REDUCED-20,CATALOGUE_BEARING_ENVELOPE,1,MANUFACTURER CATALOGUE PRODUCT - EXACT SUFFIX/APPLICATION SELECTION REQUIRED,6901 OPEN EVALUATION CANDIDATE,https://www.oss.nsk.com/in/products/bearings/ball-bearings/deep-groove-ball-bearings/single-row-deep-groove-ball-bearings/6901-apn.html,manufacturer bearing selection / receipt inspection,CATALOGUE REFERENCE - DO NOT FABRICATE,24.000 x 6.000 x 24.000,1989.759123,"(-62.500000, -29.000000, 35.000000)","TRANSLATE (62.500000, 29.000000, -35.000000) mm; ORIENTATION UNCHANGED",,,,,,,NO SUPPLIER UPLOAD FILE; PURCHASE SELECTION REQUIRED,"NO PROCUREMENT, FABRICATION, ASSEMBLY, POWERED TEST, MOTION OR ENERGIZATION AUTHORITY"
JMOD_R_ANKLE_ROLL_BEARING_B_RING,R_ANKLE_ROLL,leg,R,JMF-08-LEG-REDUCED-20,CATALOGUE_BEARING_ENVELOPE,1,MANUFACTURER CATALOGUE PRODUCT - EXACT SUFFIX/APPLICATION SELECTION REQUIRED,6901 OPEN EVALUATION CANDIDATE,https://www.oss.nsk.com/in/products/bearings/ball-bearings/deep-groove-ball-bearings/single-row-deep-groove-ball-bearings/6901-apn.html,manufacturer bearing selection / receipt inspection,CATALOGUE REFERENCE - DO NOT FABRICATE,24.000 x 6.000 x 24.000,1989.759123,"(-62.500000, 29.000000, 35.000000)","TRANSLATE (62.500000, -29.000000, -35.000000) mm; ORIENTATION UNCHANGED",,,,,,,NO SUPPLIER UPLOAD FILE; PURCHASE SELECTION REQUIRED,"NO PROCUREMENT, FABRICATION, ASSEMBLY, POWERED TEST, MOTION OR ENERGIZATION AUTHORITY"
JMOD_R_ANKLE_ROLL_INTERFACE_PLATE_A,R_ANKLE_ROLL,leg,R,JMF-08-LEG-REDUCED-20,INTERFACE_PLATE,1,6061-T6/T651 PLATE CANDIDATE,,,2.5D or 3-axis refinement after joint/load/fastener disposition,LOCAL-COORDINATE REFINEMENT STEP - THREAD/INSERT/TOLERANCE STACK OPEN,74.000 x 5.000 x 70.000,12997.594241,"(-62.500000, -34.500000, 35.000000)","TRANSLATE (62.500000, 34.500000, -35.000000) mm; ORIENTATION UNCHANGED",parts/R_ANKLE_ROLL/JMOD_R_ANKLE_ROLL_INTERFACE_PLATE_A/JMOD_R_ANKLE_ROLL_INTERFACE_PLATE_A.step,e4987bcc087529016cb45654f816afe1b16ef9898170457d2292f72a4ab52f93,parts/R_ANKLE_ROLL/JMOD_R_ANKLE_ROLL_INTERFACE_PLATE_A/JMOD_R_ANKLE_ROLL_INTERFACE_PLATE_A.svg,ca8ea917a791a168d6d40be791a2d66a77f58c8d264bfa70b0879c14ab963597,parts/R_ANKLE_ROLL/JMOD_R_ANKLE_ROLL_INTERFACE_PLATE_A/JMOD_R_ANKLE_ROLL_INTERFACE_PLATE_A_profile.dxf,93878bd2c5db0892792a09a228e9045ea2568bca3a4d7062a1f88fb02584e804,NOT AN RFQ OR FABRICATION RELEASE,"NO PROCUREMENT, FABRICATION, ASSEMBLY, POWERED TEST, MOTION OR ENERGIZATION AUTHORITY"
JMOD_R_ANKLE_ROLL_INTERFACE_PLATE_B,R_ANKLE_ROLL,leg,R,JMF-08-LEG-REDUCED-20,INTERFACE_PLATE,1,6061-T6/T651 PLATE CANDIDATE,,,2.5D or 3-axis refinement after joint/load/fastener disposition,LOCAL-COORDINATE REFINEMENT STEP - THREAD/INSERT/TOLERANCE STACK OPEN,74.000 x 5.000 x 70.000,12997.594241,"(-62.500000, 34.500000, 35.000000)","TRANSLATE (62.500000, -34.500000, -35.000000) mm; ORIENTATION UNCHANGED",parts/R_ANKLE_ROLL/JMOD_R_ANKLE_ROLL_INTERFACE_PLATE_B/JMOD_R_ANKLE_ROLL_INTERFACE_PLATE_B.step,dcf2e8ec573b90769614edb1192f3aef43ff5faa4ac1ca24f3b6125e8f88e2ab,parts/R_ANKLE_ROLL/JMOD_R_ANKLE_ROLL_INTERFACE_PLATE_B/JMOD_R_ANKLE_ROLL_INTERFACE_PLATE_B.svg,ca8ea917a791a168d6d40be791a2d66a77f58c8d264bfa70b0879c14ab963597,parts/R_ANKLE_ROLL/JMOD_R_ANKLE_ROLL_INTERFACE_PLATE_B/JMOD_R_ANKLE_ROLL_INTERFACE_PLATE_B_profile.dxf,88153a847f950adeef34341bcbd8d7acdb33bcb6215ec37f40bddb7f7b03f249,NOT AN RFQ OR FABRICATION RELEASE,"NO PROCUREMENT, FABRICATION, ASSEMBLY, POWERED TEST, MOTION OR ENERGIZATION AUTHORITY"
JMOD_R_ANKLE_ROLL_MOTOR_PULLEY,R_ANKLE_ROLL,leg,R,JMF-08-LEG-REDUCED-20,MOTOR_PULLEY_ENVELOPE,1,CATALOGUE ALUMINUM/STEEL OR RELEASED CUSTOM PULLEY SELECTION REQUIRED,,,exact catalogue pulley or released toothed custom pulley,REDESIGN REQUIRED - SMOOTH ENVELOPE HAS NO TIMING TEETH OR FLANGES,30.690 x 12.000 x 30.690,5298.618008,"(-62.500000, -0.000000, 84.965207)","TRANSLATE (62.500000, 0.000000, -84.965207) mm; ORIENTATION UNCHANGED",,,,,,,NO FABRICATION FILE; CURRENT SOLID IS PACKAGING EVIDENCE ONLY,"NO PROCUREMENT, FABRICATION, ASSEMBLY, POWERED TEST, MOTION OR ENERGIZATION AUTHORITY"
JMOD_R_ANKLE_ROLL_OUTPUT_PULLEY,R_ANKLE_ROLL,leg,R,JMF-08-LEG-REDUCED-20,OUTPUT_PULLEY_ENVELOPE,1,CATALOGUE ALUMINUM/STEEL OR RELEASED CUSTOM PULLEY SELECTION REQUIRED,,,exact catalogue pulley or released toothed custom pulley,REDESIGN REQUIRED - SMOOTH ENVELOPE HAS NO TIMING TEETH OR FLANGES,62.520 x 12.000 x 62.520,16516.009405,"(-62.500000, 0.000000, 35.000000)","TRANSLATE (62.500000, -0.000000, -35.000000) mm; ORIENTATION UNCHANGED",,,,,,,NO FABRICATION FILE; CURRENT SOLID IS PACKAGING EVIDENCE ONLY,"NO PROCUREMENT, FABRICATION, ASSEMBLY, POWERED TEST, MOTION OR ENERGIZATION AUTHORITY"
JMOD_R_ANKLE_ROLL_OUTPUT_SHAFT,R_ANKLE_ROLL,leg,R,JMF-08-LEG-REDUCED-20,OUTPUT_SHAFT,1,7075-T6/T651 ALUMINUM DENSITY-SCREEN CANDIDATE; 17-4PH/STEEL FAMILY CONFLICT OPEN,,,turn/mill refinement after bearing-fit and retention design,LOCAL-COORDINATE REFINEMENT STEP - SHOULDERS/GROOVES/FITS ABSENT,12.000 x 74.000 x 12.000,5152.081262,"(-62.500000, -0.000000, 35.000000)","TRANSLATE (62.500000, 0.000000, -35.000000) mm; ORIENTATION UNCHANGED",parts/R_ANKLE_ROLL/JMOD_R_ANKLE_ROLL_OUTPUT_SHAFT/JMOD_R_ANKLE_ROLL_OUTPUT_SHAFT.step,efc87593847856d0023441546425f545b53a7f73a702a5901cf06ccef75fadde,parts/R_ANKLE_ROLL/JMOD_R_ANKLE_ROLL_OUTPUT_SHAFT/JMOD_R_ANKLE_ROLL_OUTPUT_SHAFT.svg,44da72a769128c1789d7b44b49ed12c51ca928b21beeed7e5142cc1d9b30817a,,,NOT AN RFQ OR FABRICATION RELEASE,"NO PROCUREMENT, FABRICATION, ASSEMBLY, POWERED TEST, MOTION OR ENERGIZATION AUTHORITY"
JMOD_R_ELBOW_PITCH_ACTUATOR_OUTPUT_COUPLER,R_ELBOW_PITCH,arm,R,JMF-04-MEDIUM,ACTUATOR_OUTPUT_COUPLER_PLACEHOLDER,1,PRODUCT-SPECIFIC ALUMINUM/STEEL ADAPTER SELECTION REQUIRED,,,product-specific horn or spline adapter with secondary retention,REDESIGN REQUIRED - ACTUATOR/HORN/CLAMP INTERFACE ABSENT,51.000 x 7.200 x 7.200,2076.467080,"(-109.500000, -0.000000, 440.000000)","TRANSLATE (109.500000, 0.000000, -440.000000) mm; ORIENTATION UNCHANGED",,,,,,,NO FABRICATION FILE; CURRENT SOLID IS PACKAGING EVIDENCE ONLY,"NO PROCUREMENT, FABRICATION, ASSEMBLY, POWERED TEST, MOTION OR ENERGIZATION AUTHORITY"
JMOD_R_ELBOW_PITCH_BEARING_B_RING,R_ELBOW_PITCH,arm,R,JMF-04-MEDIUM,CATALOGUE_BEARING_ENVELOPE,1,MANUFACTURER CATALOGUE PRODUCT - EXACT SUFFIX/APPLICATION SELECTION REQUIRED,61900-2RS1 EVALUATION CANDIDATE,https://www.emarketplace.in.skf.com/deep-groove-ball-bearing/61900-2rs1,manufacturer bearing selection / receipt inspection,CATALOGUE REFERENCE - DO NOT FABRICATE,6.000 x 22.000 x 22.000,1771.104274,"(-115.000000, 0.000000, 440.000000)","TRANSLATE (115.000000, -0.000000, -440.000000) mm; ORIENTATION UNCHANGED",,,,,,,NO SUPPLIER UPLOAD FILE; PURCHASE SELECTION REQUIRED,"NO PROCUREMENT, FABRICATION, ASSEMBLY, POWERED TEST, MOTION OR ENERGIZATION AUTHORITY"
JMOD_R_ELBOW_PITCH_INTERFACE_PLATE_B,R_ELBOW_PITCH,arm,R,JMF-04-MEDIUM,INTERFACE_PLATE,1,6061-T6/T651 PLATE CANDIDATE,,,2.5D or 3-axis refinement after joint/load/fastener disposition,LOCAL-COORDINATE REFINEMENT STEP - THREAD/INSERT/TOLERANCE STACK OPEN,4.000 x 52.000 x 56.000,6393.543559,"(-110.000000, 0.000000, 440.000000)","TRANSLATE (110.000000, -0.000000, -440.000000) mm; ORIENTATION UNCHANGED",parts/R_ELBOW_PITCH/JMOD_R_ELBOW_PITCH_INTERFACE_PLATE_B/JMOD_R_ELBOW_PITCH_INTERFACE_PLATE_B.step,c32073063cf3ae80904ec9bce72d600602676fef100d3beebe2945636601e116,parts/R_ELBOW_PITCH/JMOD_R_ELBOW_PITCH_INTERFACE_PLATE_B/JMOD_R_ELBOW_PITCH_INTERFACE_PLATE_B.svg,eb6fcd2c70a887354d745fe5e94e4f413c4900e9235b63900e233bbff3783d4e,parts/R_ELBOW_PITCH/JMOD_R_ELBOW_PITCH_INTERFACE_PLATE_B/JMOD_R_ELBOW_PITCH_INTERFACE_PLATE_B_profile.dxf,677e246e0b875d0b7fb0473298c2bf435807d2372eb0b1de2513faeb0f1acff6,NOT AN RFQ OR FABRICATION RELEASE,"NO PROCUREMENT, FABRICATION, ASSEMBLY, POWERED TEST, MOTION OR ENERGIZATION AUTHORITY"
JMOD_R_ELBOW_PITCH_OUTPUT_SHAFT,R_ELBOW_PITCH,arm,R,JMF-04-MEDIUM,OUTPUT_SHAFT,1,7075-T6/T651 ALUMINUM DENSITY-SCREEN CANDIDATE; 17-4PH/STEEL FAMILY CONFLICT OPEN,,,turn/mill refinement after bearing-fit and retention design,LOCAL-COORDINATE REFINEMENT STEP - SHOULDERS/GROOVES/FITS ABSENT,54.000 x 10.000 x 10.000,2610.851991,"(-135.000000, 0.000000, 440.000000)","TRANSLATE (135.000000, -0.000000, -440.000000) mm; ORIENTATION UNCHANGED",parts/R_ELBOW_PITCH/JMOD_R_ELBOW_PITCH_OUTPUT_SHAFT/JMOD_R_ELBOW_PITCH_OUTPUT_SHAFT.step,208dd89286c2ee5a1d5cdcae0818c12204fa8d2d011955f5fbb20420456df226,parts/R_ELBOW_PITCH/JMOD_R_ELBOW_PITCH_OUTPUT_SHAFT/JMOD_R_ELBOW_PITCH_OUTPUT_SHAFT.svg,c7800965e5bdea6d34fbb70d464418b5c11e25927f36d5571db63ebfbb5794aa,,,NOT AN RFQ OR FABRICATION RELEASE,"NO PROCUREMENT, FABRICATION, ASSEMBLY, POWERED TEST, MOTION OR ENERGIZATION AUTHORITY"
JMOD_R_GRIPPER_BEARING_B_RING,R_GRIPPER,hand,R,JMF-02-GRIPPER,CATALOGUE_BEARING_ENVELOPE,1,MANUFACTURER CATALOGUE PRODUCT - EXACT SUFFIX/APPLICATION SELECTION REQUIRED,625-2Z EVALUATION CANDIDATE,https://www.emarketplace.in.skf.com/deep-groove-ball-bearing/625-2z,manufacturer bearing selection / receipt inspection,CATALOGUE REFERENCE - DO NOT FABRICATE,5.000 x 16.000 x 16.000,890.798597,"(-151.500000, -0.000000, 252.000000)","TRANSLATE (151.500000, 0.000000, -252.000000) mm; ORIENTATION UNCHANGED",,,,,,,NO SUPPLIER UPLOAD FILE; PURCHASE SELECTION REQUIRED,"NO PROCUREMENT, FABRICATION, ASSEMBLY, POWERED TEST, MOTION OR ENERGIZATION AUTHORITY"
JMOD_R_GRIPPER_INTERFACE_PLATE_B,R_GRIPPER,hand,R,JMF-02-GRIPPER,INTERFACE_PLATE,1,6061-T6/T651 PLATE CANDIDATE,,,2.5D or 3-axis refinement after joint/load/fastener disposition,LOCAL-COORDINATE REFINEMENT STEP - THREAD/INSERT/TOLERANCE STACK OPEN,3.000 x 42.000 x 36.000,2759.278813,"(-155.500000, -0.000000, 252.000000)","TRANSLATE (155.500000, 0.000000, -252.000000) mm; ORIENTATION UNCHANGED",parts/R_GRIPPER/JMOD_R_GRIPPER_INTERFACE_PLATE_B/JMOD_R_GRIPPER_INTERFACE_PLATE_B.step,fe27c7752f39f9893b5ede9b3405f8fc656753c21b432510993bc83b09491998,parts/R_GRIPPER/JMOD_R_GRIPPER_INTERFACE_PLATE_B/JMOD_R_GRIPPER_INTERFACE_PLATE_B.svg,ec74c8b864dc1d5cab78cf475044e378b37b503e53b874e4ffa7ac4bd712c9cf,parts/R_GRIPPER/JMOD_R_GRIPPER_INTERFACE_PLATE_B/JMOD_R_GRIPPER_INTERFACE_PLATE_B_profile.dxf,ea95389881e83091a7749e5303590350e18397ebe963d0420313b333bb06e545,NOT AN RFQ OR FABRICATION RELEASE,"NO PROCUREMENT, FABRICATION, ASSEMBLY, POWERED TEST, MOTION OR ENERGIZATION AUTHORITY"
JMOD_R_GRIPPER_OUTPUT_SHAFT,R_GRIPPER,hand,R,JMF-02-GRIPPER,OUTPUT_SHAFT,1,7075-T6/T651 ALUMINUM DENSITY-SCREEN CANDIDATE; 17-4PH/STEEL FAMILY CONFLICT OPEN,,,turn/mill refinement after bearing-fit and retention design,LOCAL-COORDINATE REFINEMENT STEP - SHOULDERS/GROOVES/FITS ABSENT,34.000 x 5.000 x 5.000,410.967443,"(-140.000000, 0.000000, 252.000000)","TRANSLATE (140.000000, -0.000000, -252.000000) mm; ORIENTATION UNCHANGED",parts/R_GRIPPER/JMOD_R_GRIPPER_OUTPUT_SHAFT/JMOD_R_GRIPPER_OUTPUT_SHAFT.step,6ffba5e6bd49c87bafaf08855d9daa2c43487b994c4fd447fe6a785aa20d80a8,parts/R_GRIPPER/JMOD_R_GRIPPER_OUTPUT_SHAFT/JMOD_R_GRIPPER_OUTPUT_SHAFT.svg,98b6e5a474a656c91b7e7208252ac06cf22cd2a365cad9192e0b1d6d2cfa0899,,,NOT AN RFQ OR FABRICATION RELEASE,"NO PROCUREMENT, FABRICATION, ASSEMBLY, POWERED TEST, MOTION OR ENERGIZATION AUTHORITY"
JMOD_R_GRIPPER_SYMMETRIC_DRIVE_COUPLER,R_GRIPPER,hand,R,JMF-02-GRIPPER,SYMMETRIC_DRIVE_COUPLER_PLACEHOLDER,1,PRODUCT-SPECIFIC ALUMINUM/STEEL ADAPTER SELECTION REQUIRED,,,product-specific horn or spline adapter with secondary retention,REDESIGN REQUIRED - ACTUATOR/HORN/CLAMP INTERFACE ABSENT,6.000 x 6.000 x 26.000,735.132681,"(-140.000000, 0.000000, 265.000000)","TRANSLATE (140.000000, -0.000000, -265.000000) mm; ORIENTATION UNCHANGED",,,,,,,NO FABRICATION FILE; CURRENT SOLID IS PACKAGING EVIDENCE ONLY,"NO PROCUREMENT, FABRICATION, ASSEMBLY, POWERED TEST, MOTION OR ENERGIZATION AUTHORITY"
JMOD_R_HIP_PITCH_BEARING_A_RING,R_HIP_PITCH,leg,R,JMF-07-LEG-REDUCED-15,CATALOGUE_BEARING_ENVELOPE,1,MANUFACTURER CATALOGUE PRODUCT - EXACT SUFFIX/APPLICATION SELECTION REQUIRED,6901 OPEN EVALUATION CANDIDATE,https://www.oss.nsk.com/in/products/bearings/ball-bearings/deep-groove-ball-bearings/single-row-deep-groove-ball-bearings/6901-apn.html,manufacturer bearing selection / receipt inspection,CATALOGUE REFERENCE - DO NOT FABRICATE,6.000 x 24.000 x 24.000,1989.759123,"(-91.500000, 0.000000, 370.000000)","TRANSLATE (91.500000, -0.000000, -370.000000) mm; ORIENTATION UNCHANGED",,,,,,,NO SUPPLIER UPLOAD FILE; PURCHASE SELECTION REQUIRED,"NO PROCUREMENT, FABRICATION, ASSEMBLY, POWERED TEST, MOTION OR ENERGIZATION AUTHORITY"
JMOD_R_HIP_PITCH_BEARING_B_RING,R_HIP_PITCH,leg,R,JMF-07-LEG-REDUCED-15,CATALOGUE_BEARING_ENVELOPE,1,MANUFACTURER CATALOGUE PRODUCT - EXACT SUFFIX/APPLICATION SELECTION REQUIRED,6901 OPEN EVALUATION CANDIDATE,https://www.oss.nsk.com/in/products/bearings/ball-bearings/deep-groove-ball-bearings/single-row-deep-groove-ball-bearings/6901-apn.html,manufacturer bearing selection / receipt inspection,CATALOGUE REFERENCE - DO NOT FABRICATE,6.000 x 24.000 x 24.000,1989.759123,"(-33.500000, 0.000000, 370.000000)","TRANSLATE (33.500000, -0.000000, -370.000000) mm; ORIENTATION UNCHANGED",,,,,,,NO SUPPLIER UPLOAD FILE; PURCHASE SELECTION REQUIRED,"NO PROCUREMENT, FABRICATION, ASSEMBLY, POWERED TEST, MOTION OR ENERGIZATION AUTHORITY"
JMOD_R_HIP_PITCH_INTERFACE_PLATE_A,R_HIP_PITCH,leg,R,JMF-07-LEG-REDUCED-15,INTERFACE_PLATE,1,6061-T6/T651 PLATE CANDIDATE,,,2.5D or 3-axis refinement after joint/load/fastener disposition,LOCAL-COORDINATE REFINEMENT STEP - THREAD/INSERT/TOLERANCE STACK OPEN,5.000 x 72.000 x 78.000,13715.973179,"(-97.000000, -0.000000, 370.000000)","TRANSLATE (97.000000, 0.000000, -370.000000) mm; ORIENTATION UNCHANGED",parts/R_HIP_PITCH/JMOD_R_HIP_PITCH_INTERFACE_PLATE_A/JMOD_R_HIP_PITCH_INTERFACE_PLATE_A.step,3d782453aa88c9ae6121548fcdc95eb5e0f407ee642dffa0060f7bcc46bd13fd,parts/R_HIP_PITCH/JMOD_R_HIP_PITCH_INTERFACE_PLATE_A/JMOD_R_HIP_PITCH_INTERFACE_PLATE_A.svg,2e1dd6c89b5639b0df4fdcf830baa7f983ba626591bcdec3571559f639aa873a,parts/R_HIP_PITCH/JMOD_R_HIP_PITCH_INTERFACE_PLATE_A/JMOD_R_HIP_PITCH_INTERFACE_PLATE_A_profile.dxf,5df0e9c741e9c43552cc8cf7487f4a8d45bc390ac359dad92d2bda116e25bd83,NOT AN RFQ OR FABRICATION RELEASE,"NO PROCUREMENT, FABRICATION, ASSEMBLY, POWERED TEST, MOTION OR ENERGIZATION AUTHORITY"
JMOD_R_HIP_PITCH_INTERFACE_PLATE_B,R_HIP_PITCH,leg,R,JMF-07-LEG-REDUCED-15,INTERFACE_PLATE,1,6061-T6/T651 PLATE CANDIDATE,,,2.5D or 3-axis refinement after joint/load/fastener disposition,LOCAL-COORDINATE REFINEMENT STEP - THREAD/INSERT/TOLERANCE STACK OPEN,5.000 x 72.000 x 78.000,13715.973179,"(-28.000000, -0.000000, 370.000000)","TRANSLATE (28.000000, 0.000000, -370.000000) mm; ORIENTATION UNCHANGED",parts/R_HIP_PITCH/JMOD_R_HIP_PITCH_INTERFACE_PLATE_B/JMOD_R_HIP_PITCH_INTERFACE_PLATE_B.step,10c06fe4cd24f5add80575f8a5291c6b906aef2587b9a6ef53db8c213675a29e,parts/R_HIP_PITCH/JMOD_R_HIP_PITCH_INTERFACE_PLATE_B/JMOD_R_HIP_PITCH_INTERFACE_PLATE_B.svg,2e1dd6c89b5639b0df4fdcf830baa7f983ba626591bcdec3571559f639aa873a,parts/R_HIP_PITCH/JMOD_R_HIP_PITCH_INTERFACE_PLATE_B/JMOD_R_HIP_PITCH_INTERFACE_PLATE_B_profile.dxf,8740a545f28aab7c23452f1d38732a0ae293ea9425b9150f2f253d17d5924355,NOT AN RFQ OR FABRICATION RELEASE,"NO PROCUREMENT, FABRICATION, ASSEMBLY, POWERED TEST, MOTION OR ENERGIZATION AUTHORITY"
JMOD_R_HIP_PITCH_MOTOR_PULLEY,R_HIP_PITCH,leg,R,JMF-07-LEG-REDUCED-15,MOTOR_PULLEY_ENVELOPE,1,CATALOGUE ALUMINUM/STEEL OR RELEASED CUSTOM PULLEY SELECTION REQUIRED,,,exact catalogue pulley or released toothed custom pulley,REDESIGN REQUIRED - SMOOTH ENVELOPE HAS NO TIMING TEETH OR FLANGES,12.000 x 30.690 x 30.690,5298.618008,"(-62.500000, -0.000000, 320.641488)","TRANSLATE (62.500000, 0.000000, -320.641488) mm; ORIENTATION UNCHANGED",,,,,,,NO FABRICATION FILE; CURRENT SOLID IS PACKAGING EVIDENCE ONLY,"NO PROCUREMENT, FABRICATION, ASSEMBLY, POWERED TEST, MOTION OR ENERGIZATION AUTHORITY"
JMOD_R_HIP_PITCH_OUTPUT_PULLEY,R_HIP_PITCH,leg,R,JMF-07-LEG-REDUCED-15,OUTPUT_PULLEY_ENVELOPE,1,CATALOGUE ALUMINUM/STEEL OR RELEASED CUSTOM PULLEY SELECTION REQUIRED,,,exact catalogue pulley or released toothed custom pulley,REDESIGN REQUIRED - SMOOTH ENVELOPE HAS NO TIMING TEETH OR FLANGES,12.000 x 46.610 x 46.610,10060.653316,"(-62.500000, -0.000000, 370.000000)","TRANSLATE (62.500000, 0.000000, -370.000000) mm; ORIENTATION UNCHANGED",,,,,,,NO FABRICATION FILE; CURRENT SOLID IS PACKAGING EVIDENCE ONLY,"NO PROCUREMENT, FABRICATION, ASSEMBLY, POWERED TEST, MOTION OR ENERGIZATION AUTHORITY"
JMOD_R_HIP_PITCH_OUTPUT_SHAFT,R_HIP_PITCH,leg,R,JMF-07-LEG-REDUCED-15,OUTPUT_SHAFT,1,7075-T6/T651 ALUMINUM DENSITY-SCREEN CANDIDATE; 17-4PH/STEEL FAMILY CONFLICT OPEN,,,turn/mill refinement after bearing-fit and retention design,LOCAL-COORDINATE REFINEMENT STEP - SHOULDERS/GROOVES/FITS ABSENT,74.000 x 12.000 x 12.000,5152.081262,"(-62.500000, -0.000000, 370.000000)","TRANSLATE (62.500000, 0.000000, -370.000000) mm; ORIENTATION UNCHANGED",parts/R_HIP_PITCH/JMOD_R_HIP_PITCH_OUTPUT_SHAFT/JMOD_R_HIP_PITCH_OUTPUT_SHAFT.step,af99c4dd759748529a9b9b6e7570741aa69558b228f3da3fad0179142de2fd38,parts/R_HIP_PITCH/JMOD_R_HIP_PITCH_OUTPUT_SHAFT/JMOD_R_HIP_PITCH_OUTPUT_SHAFT.svg,e4851d107d872927bbd5c805567c16ca31195f9f716f09b23f329037d692d7b5,,,NOT AN RFQ OR FABRICATION RELEASE,"NO PROCUREMENT, FABRICATION, ASSEMBLY, POWERED TEST, MOTION OR ENERGIZATION AUTHORITY"
JMOD_R_HIP_ROLL_BEARING_A_RING,R_HIP_ROLL,leg,R,JMF-08-LEG-REDUCED-20,CATALOGUE_BEARING_ENVELOPE,1,MANUFACTURER CATALOGUE PRODUCT - EXACT SUFFIX/APPLICATION SELECTION REQUIRED,6901 OPEN EVALUATION CANDIDATE,https://www.oss.nsk.com/in/products/bearings/ball-bearings/deep-groove-ball-bearings/single-row-deep-groove-ball-bearings/6901-apn.html,manufacturer bearing selection / receipt inspection,CATALOGUE REFERENCE - DO NOT FABRICATE,24.000 x 6.000 x 24.000,1989.759123,"(-62.500000, -29.000000, 390.000000)","TRANSLATE (62.500000, 29.000000, -390.000000) mm; ORIENTATION UNCHANGED",,,,,,,NO SUPPLIER UPLOAD FILE; PURCHASE SELECTION REQUIRED,"NO PROCUREMENT, FABRICATION, ASSEMBLY, POWERED TEST, MOTION OR ENERGIZATION AUTHORITY"
JMOD_R_HIP_ROLL_BEARING_B_RING,R_HIP_ROLL,leg,R,JMF-08-LEG-REDUCED-20,CATALOGUE_BEARING_ENVELOPE,1,MANUFACTURER CATALOGUE PRODUCT - EXACT SUFFIX/APPLICATION SELECTION REQUIRED,6901 OPEN EVALUATION CANDIDATE,https://www.oss.nsk.com/in/products/bearings/ball-bearings/deep-groove-ball-bearings/single-row-deep-groove-ball-bearings/6901-apn.html,manufacturer bearing selection / receipt inspection,CATALOGUE REFERENCE - DO NOT FABRICATE,24.000 x 6.000 x 24.000,1989.759123,"(-62.500000, 29.000000, 390.000000)","TRANSLATE (62.500000, -29.000000, -390.000000) mm; ORIENTATION UNCHANGED",,,,,,,NO SUPPLIER UPLOAD FILE; PURCHASE SELECTION REQUIRED,"NO PROCUREMENT, FABRICATION, ASSEMBLY, POWERED TEST, MOTION OR ENERGIZATION AUTHORITY"
JMOD_R_HIP_ROLL_INTERFACE_PLATE_A,R_HIP_ROLL,leg,R,JMF-08-LEG-REDUCED-20,INTERFACE_PLATE,1,6061-T6/T651 PLATE CANDIDATE,,,2.5D or 3-axis refinement after joint/load/fastener disposition,LOCAL-COORDINATE REFINEMENT STEP - THREAD/INSERT/TOLERANCE STACK OPEN,74.000 x 5.000 x 70.000,12997.594241,"(-62.500000, -34.500000, 390.000000)","TRANSLATE (62.500000, 34.500000, -390.000000) mm; ORIENTATION UNCHANGED",parts/R_HIP_ROLL/JMOD_R_HIP_ROLL_INTERFACE_PLATE_A/JMOD_R_HIP_ROLL_INTERFACE_PLATE_A.step,240020b7153055f43513c7e69b62285b73ba10851ded5a62903fc1936db9d0b2,parts/R_HIP_ROLL/JMOD_R_HIP_ROLL_INTERFACE_PLATE_A/JMOD_R_HIP_ROLL_INTERFACE_PLATE_A.svg,86b7c30bbac4c36881c5c6bc139e2b94343eb871486e39764f79057b2f65d1db,parts/R_HIP_ROLL/JMOD_R_HIP_ROLL_INTERFACE_PLATE_A/JMOD_R_HIP_ROLL_INTERFACE_PLATE_A_profile.dxf,5e8fb4498f601c505403c58141a070c3991dc25c6c642d0f5d6096dd9e66f010,NOT AN RFQ OR FABRICATION RELEASE,"NO PROCUREMENT, FABRICATION, ASSEMBLY, POWERED TEST, MOTION OR ENERGIZATION AUTHORITY"
JMOD_R_HIP_ROLL_INTERFACE_PLATE_B,R_HIP_ROLL,leg,R,JMF-08-LEG-REDUCED-20,INTERFACE_PLATE,1,6061-T6/T651 PLATE CANDIDATE,,,2.5D or 3-axis refinement after joint/load/fastener disposition,LOCAL-COORDINATE REFINEMENT STEP - THREAD/INSERT/TOLERANCE STACK OPEN,74.000 x 5.000 x 70.000,12997.594241,"(-62.500000, 34.500000, 390.000000)","TRANSLATE (62.500000, -34.500000, -390.000000) mm; ORIENTATION UNCHANGED",parts/R_HIP_ROLL/JMOD_R_HIP_ROLL_INTERFACE_PLATE_B/JMOD_R_HIP_ROLL_INTERFACE_PLATE_B.step,07ac0fcbad7fcfea59e5d7029ecac48e41d88f5601c6b93bc0c2903a965aa774,parts/R_HIP_ROLL/JMOD_R_HIP_ROLL_INTERFACE_PLATE_B/JMOD_R_HIP_ROLL_INTERFACE_PLATE_B.svg,d5fe2e285effd4cd8837976f40e8c6e16b836527212903d35c81df61ed71cbea,parts/R_HIP_ROLL/JMOD_R_HIP_ROLL_INTERFACE_PLATE_B/JMOD_R_HIP_ROLL_INTERFACE_PLATE_B_profile.dxf,736b580ef5664c8656da67f81a01229b992bbc2d64b3db31c836d69643c35f4f,NOT AN RFQ OR FABRICATION RELEASE,"NO PROCUREMENT, FABRICATION, ASSEMBLY, POWERED TEST, MOTION OR ENERGIZATION AUTHORITY"
JMOD_R_HIP_ROLL_MOTOR_PULLEY,R_HIP_ROLL,leg,R,JMF-08-LEG-REDUCED-20,MOTOR_PULLEY_ENVELOPE,1,CATALOGUE ALUMINUM/STEEL OR RELEASED CUSTOM PULLEY SELECTION REQUIRED,,,exact catalogue pulley or released toothed custom pulley,REDESIGN REQUIRED - SMOOTH ENVELOPE HAS NO TIMING TEETH OR FLANGES,30.690 x 12.000 x 30.690,5298.618008,"(-62.500000, 0.000000, 340.034793)","TRANSLATE (62.500000, -0.000000, -340.034793) mm; ORIENTATION UNCHANGED",,,,,,,NO FABRICATION FILE; CURRENT SOLID IS PACKAGING EVIDENCE ONLY,"NO PROCUREMENT, FABRICATION, ASSEMBLY, POWERED TEST, MOTION OR ENERGIZATION AUTHORITY"
JMOD_R_HIP_ROLL_OUTPUT_PULLEY,R_HIP_ROLL,leg,R,JMF-08-LEG-REDUCED-20,OUTPUT_PULLEY_ENVELOPE,1,CATALOGUE ALUMINUM/STEEL OR RELEASED CUSTOM PULLEY SELECTION REQUIRED,,,exact catalogue pulley or released toothed custom pulley,REDESIGN REQUIRED - SMOOTH ENVELOPE HAS NO TIMING TEETH OR FLANGES,62.520 x 12.000 x 62.520,16516.009405,"(-62.500000, -0.000000, 390.000000)","TRANSLATE (62.500000, 0.000000, -390.000000) mm; ORIENTATION UNCHANGED",,,,,,,NO FABRICATION FILE; CURRENT SOLID IS PACKAGING EVIDENCE ONLY,"NO PROCUREMENT, FABRICATION, ASSEMBLY, POWERED TEST, MOTION OR ENERGIZATION AUTHORITY"
JMOD_R_HIP_ROLL_OUTPUT_SHAFT,R_HIP_ROLL,leg,R,JMF-08-LEG-REDUCED-20,OUTPUT_SHAFT,1,7075-T6/T651 ALUMINUM DENSITY-SCREEN CANDIDATE; 17-4PH/STEEL FAMILY CONFLICT OPEN,,,turn/mill refinement after bearing-fit and retention design,LOCAL-COORDINATE REFINEMENT STEP - SHOULDERS/GROOVES/FITS ABSENT,12.000 x 74.000 x 12.000,5152.081262,"(-62.500000, -0.000000, 390.000000)","TRANSLATE (62.500000, 0.000000, -390.000000) mm; ORIENTATION UNCHANGED",parts/R_HIP_ROLL/JMOD_R_HIP_ROLL_OUTPUT_SHAFT/JMOD_R_HIP_ROLL_OUTPUT_SHAFT.step,33105291b7b311be3f600184dc129b627c9da04d53f902a1bb99d542adc21141,parts/R_HIP_ROLL/JMOD_R_HIP_ROLL_OUTPUT_SHAFT/JMOD_R_HIP_ROLL_OUTPUT_SHAFT.svg,2a1218ffa85d62c52d7134393a244f11800fb4b9094e6996d07552cb91c193ec,,,NOT AN RFQ OR FABRICATION RELEASE,"NO PROCUREMENT, FABRICATION, ASSEMBLY, POWERED TEST, MOTION OR ENERGIZATION AUTHORITY"
JMOD_R_HIP_YAW_ACTUATOR_OUTPUT_COUPLER,R_HIP_YAW,leg,R,JMF-06-LEG-DIRECT,ACTUATOR_OUTPUT_COUPLER_PLACEHOLDER,1,PRODUCT-SPECIFIC ALUMINUM/STEEL ADAPTER SELECTION REQUIRED,,,product-specific horn or spline adapter with secondary retention,REDESIGN REQUIRED - ACTUATOR/HORN/CLAMP INTERFACE ABSENT,8.640 x 8.640 x 61.000,3576.409183,"(-62.500000, -0.000000, 379.500000)","TRANSLATE (62.500000, 0.000000, -379.500000) mm; ORIENTATION UNCHANGED",,,,,,,NO FABRICATION FILE; CURRENT SOLID IS PACKAGING EVIDENCE ONLY,"NO PROCUREMENT, FABRICATION, ASSEMBLY, POWERED TEST, MOTION OR ENERGIZATION AUTHORITY"
JMOD_R_HIP_YAW_BEARING_B_RING,R_HIP_YAW,leg,R,JMF-06-LEG-DIRECT,CATALOGUE_BEARING_ENVELOPE,1,MANUFACTURER CATALOGUE PRODUCT - EXACT SUFFIX/APPLICATION SELECTION REQUIRED,6901 OPEN EVALUATION CANDIDATE,https://www.oss.nsk.com/in/products/bearings/ball-bearings/deep-groove-ball-bearings/single-row-deep-groove-ball-bearings/6901-apn.html,manufacturer bearing selection / receipt inspection,CATALOGUE REFERENCE - DO NOT FABRICATE,24.000 x 24.000 x 6.000,1989.759123,"(-62.500000, -0.000000, 437.000000)","TRANSLATE (62.500000, 0.000000, -437.000000) mm; ORIENTATION UNCHANGED",,,,,,,NO SUPPLIER UPLOAD FILE; PURCHASE SELECTION REQUIRED,"NO PROCUREMENT, FABRICATION, ASSEMBLY, POWERED TEST, MOTION OR ENERGIZATION AUTHORITY"
JMOD_R_HIP_YAW_INTERFACE_PLATE_B,R_HIP_YAW,leg,R,JMF-06-LEG-DIRECT,INTERFACE_PLATE,1,6061-T6/T651 PLATE CANDIDATE,,,2.5D or 3-axis refinement after joint/load/fastener disposition,LOCAL-COORDINATE REFINEMENT STEP - THREAD/INSERT/TOLERANCE STACK OPEN,70.000 x 66.000 x 5.000,12041.497240,"(-62.500000, -0.000000, 442.500000)","TRANSLATE (62.500000, 0.000000, -442.500000) mm; ORIENTATION UNCHANGED",parts/R_HIP_YAW/JMOD_R_HIP_YAW_INTERFACE_PLATE_B/JMOD_R_HIP_YAW_INTERFACE_PLATE_B.step,51caa5b2bff688b2c4c5b49ac12f33d6794636319839aa7477d79fedd6dc1664,parts/R_HIP_YAW/JMOD_R_HIP_YAW_INTERFACE_PLATE_B/JMOD_R_HIP_YAW_INTERFACE_PLATE_B.svg,68bb378316f0a08833a507e308f4ebd8480c7f2e3cb70df03dec2cfc49c39a68,parts/R_HIP_YAW/JMOD_R_HIP_YAW_INTERFACE_PLATE_B/JMOD_R_HIP_YAW_INTERFACE_PLATE_B_profile.dxf,74583638ffd55cdefc2b4e47e1db1d05da3869d77a57ee6a2b15df957913fc3d,NOT AN RFQ OR FABRICATION RELEASE,"NO PROCUREMENT, FABRICATION, ASSEMBLY, POWERED TEST, MOTION OR ENERGIZATION AUTHORITY"
JMOD_R_HIP_YAW_OUTPUT_SHAFT,R_HIP_YAW,leg,R,JMF-06-LEG-DIRECT,OUTPUT_SHAFT,1,7075-T6/T651 ALUMINUM DENSITY-SCREEN CANDIDATE; 17-4PH/STEEL FAMILY CONFLICT OPEN,,,turn/mill refinement after bearing-fit and retention design,LOCAL-COORDINATE REFINEMENT STEP - SHOULDERS/GROOVES/FITS ABSENT,12.000 x 12.000 x 70.000,4873.590383,"(-62.500000, -0.000000, 410.000000)","TRANSLATE (62.500000, 0.000000, -410.000000) mm; ORIENTATION UNCHANGED",parts/R_HIP_YAW/JMOD_R_HIP_YAW_OUTPUT_SHAFT/JMOD_R_HIP_YAW_OUTPUT_SHAFT.step,c94185948877bdb2ebfa160de6487ee21558c36442251e7dc873554f6ff6c179,parts/R_HIP_YAW/JMOD_R_HIP_YAW_OUTPUT_SHAFT/JMOD_R_HIP_YAW_OUTPUT_SHAFT.svg,7764fd6857739d95f29ec3f32841fcabef3e518c7f2d1cf44535083626665cf7,,,NOT AN RFQ OR FABRICATION RELEASE,"NO PROCUREMENT, FABRICATION, ASSEMBLY, POWERED TEST, MOTION OR ENERGIZATION AUTHORITY"
JMOD_R_KNEE_PITCH_BEARING_A_RING,R_KNEE_PITCH,leg,R,JMF-09-KNEE-REDUCED-25,CATALOGUE_BEARING_ENVELOPE,1,MANUFACTURER CATALOGUE PRODUCT - EXACT SUFFIX/APPLICATION SELECTION REQUIRED,6901 OPEN EVALUATION CANDIDATE,https://www.oss.nsk.com/in/products/bearings/ball-bearings/deep-groove-ball-bearings/single-row-deep-groove-ball-bearings/6901-apn.html,manufacturer bearing selection / receipt inspection,CATALOGUE REFERENCE - DO NOT FABRICATE,6.000 x 24.000 x 24.000,1989.759123,"(-91.500000, 0.000000, 210.000000)","TRANSLATE (91.500000, -0.000000, -210.000000) mm; ORIENTATION UNCHANGED",,,,,,,NO SUPPLIER UPLOAD FILE; PURCHASE SELECTION REQUIRED,"NO PROCUREMENT, FABRICATION, ASSEMBLY, POWERED TEST, MOTION OR ENERGIZATION AUTHORITY"
JMOD_R_KNEE_PITCH_BEARING_B_RING,R_KNEE_PITCH,leg,R,JMF-09-KNEE-REDUCED-25,CATALOGUE_BEARING_ENVELOPE,1,MANUFACTURER CATALOGUE PRODUCT - EXACT SUFFIX/APPLICATION SELECTION REQUIRED,6901 OPEN EVALUATION CANDIDATE,https://www.oss.nsk.com/in/products/bearings/ball-bearings/deep-groove-ball-bearings/single-row-deep-groove-ball-bearings/6901-apn.html,manufacturer bearing selection / receipt inspection,CATALOGUE REFERENCE - DO NOT FABRICATE,6.000 x 24.000 x 24.000,1989.759123,"(-33.500000, 0.000000, 210.000000)","TRANSLATE (33.500000, -0.000000, -210.000000) mm; ORIENTATION UNCHANGED",,,,,,,NO SUPPLIER UPLOAD FILE; PURCHASE SELECTION REQUIRED,"NO PROCUREMENT, FABRICATION, ASSEMBLY, POWERED TEST, MOTION OR ENERGIZATION AUTHORITY"
JMOD_R_KNEE_PITCH_INTERFACE_PLATE_A,R_KNEE_PITCH,leg,R,JMF-09-KNEE-REDUCED-25,INTERFACE_PLATE,1,6061-T6/T651 PLATE CANDIDATE,,,2.5D or 3-axis refinement after joint/load/fastener disposition,LOCAL-COORDINATE REFINEMENT STEP - THREAD/INSERT/TOLERANCE STACK OPEN,5.000 x 74.000 x 78.000,13953.654473,"(-97.000000, 0.000000, 210.000000)","TRANSLATE (97.000000, -0.000000, -210.000000) mm; ORIENTATION UNCHANGED",parts/R_KNEE_PITCH/JMOD_R_KNEE_PITCH_INTERFACE_PLATE_A/JMOD_R_KNEE_PITCH_INTERFACE_PLATE_A.step,de6911d090f30d161c3d44708c365cefd7637c5a34d0ca928ef7a7ced16e1a40,parts/R_KNEE_PITCH/JMOD_R_KNEE_PITCH_INTERFACE_PLATE_A/JMOD_R_KNEE_PITCH_INTERFACE_PLATE_A.svg,88ea73cee570ae78c53443720f5c1aa3f9b4f0fb423f68cda9b43256a4bbb4da,parts/R_KNEE_PITCH/JMOD_R_KNEE_PITCH_INTERFACE_PLATE_A/JMOD_R_KNEE_PITCH_INTERFACE_PLATE_A_profile.dxf,e475fb633f2d94fc99f17b43980c69fca8c8c16b167f60c027ff12d7ab94e1bb,NOT AN RFQ OR FABRICATION RELEASE,"NO PROCUREMENT, FABRICATION, ASSEMBLY, POWERED TEST, MOTION OR ENERGIZATION AUTHORITY"
JMOD_R_KNEE_PITCH_INTERFACE_PLATE_B,R_KNEE_PITCH,leg,R,JMF-09-KNEE-REDUCED-25,INTERFACE_PLATE,1,6061-T6/T651 PLATE CANDIDATE,,,2.5D or 3-axis refinement after joint/load/fastener disposition,LOCAL-COORDINATE REFINEMENT STEP - THREAD/INSERT/TOLERANCE STACK OPEN,5.000 x 74.000 x 78.000,13953.654473,"(-28.000000, 0.000000, 210.000000)","TRANSLATE (28.000000, -0.000000, -210.000000) mm; ORIENTATION UNCHANGED",parts/R_KNEE_PITCH/JMOD_R_KNEE_PITCH_INTERFACE_PLATE_B/JMOD_R_KNEE_PITCH_INTERFACE_PLATE_B.step,2dc9f18fa442de1120e4a8b0e9890eb0b8d0615182ffaf9454cdffd5cdcd52c6,parts/R_KNEE_PITCH/JMOD_R_KNEE_PITCH_INTERFACE_PLATE_B/JMOD_R_KNEE_PITCH_INTERFACE_PLATE_B.svg,358aec41b852588271a32c9dda156b66c2eb1cef567b89cab561aed80cf3d222,parts/R_KNEE_PITCH/JMOD_R_KNEE_PITCH_INTERFACE_PLATE_B/JMOD_R_KNEE_PITCH_INTERFACE_PLATE_B_profile.dxf,00da1dd93e06b2031ca4b284d7cbdbc680ef6c571c20989a5363e0e38eddcfb0,NOT AN RFQ OR FABRICATION RELEASE,"NO PROCUREMENT, FABRICATION, ASSEMBLY, POWERED TEST, MOTION OR ENERGIZATION AUTHORITY"
JMOD_R_KNEE_PITCH_MOTOR_PULLEY,R_KNEE_PITCH,leg,R,JMF-09-KNEE-REDUCED-25,MOTOR_PULLEY_ENVELOPE,1,CATALOGUE ALUMINUM/STEEL OR RELEASED CUSTOM PULLEY SELECTION REQUIRED,,,exact catalogue pulley or released toothed custom pulley,REDESIGN REQUIRED - SMOOTH ENVELOPE HAS NO TIMING TEETH OR FLANGES,12.000 x 24.320 x 24.320,4238.221808,"(-62.500000, -0.000000, 261.455623)","TRANSLATE (62.500000, 0.000000, -261.455623) mm; ORIENTATION UNCHANGED",,,,,,,NO FABRICATION FILE; CURRENT SOLID IS PACKAGING EVIDENCE ONLY,"NO PROCUREMENT, FABRICATION, ASSEMBLY, POWERED TEST, MOTION OR ENERGIZATION AUTHORITY"
JMOD_R_KNEE_PITCH_OUTPUT_PULLEY,R_KNEE_PITCH,leg,R,JMF-09-KNEE-REDUCED-25,OUTPUT_PULLEY_ENVELOPE,1,CATALOGUE ALUMINUM/STEEL OR RELEASED CUSTOM PULLEY SELECTION REQUIRED,,,exact catalogue pulley or released toothed custom pulley,REDESIGN REQUIRED - SMOOTH ENVELOPE HAS NO TIMING TEETH OR FLANGES,12.000 x 62.520 x 62.520,16516.009405,"(-62.500000, -0.000000, 210.000000)","TRANSLATE (62.500000, 0.000000, -210.000000) mm; ORIENTATION UNCHANGED",,,,,,,NO FABRICATION FILE; CURRENT SOLID IS PACKAGING EVIDENCE ONLY,"NO PROCUREMENT, FABRICATION, ASSEMBLY, POWERED TEST, MOTION OR ENERGIZATION AUTHORITY"
JMOD_R_KNEE_PITCH_OUTPUT_SHAFT,R_KNEE_PITCH,leg,R,JMF-09-KNEE-REDUCED-25,OUTPUT_SHAFT,1,7075-T6/T651 ALUMINUM DENSITY-SCREEN CANDIDATE; 17-4PH/STEEL FAMILY CONFLICT OPEN,,,turn/mill refinement after bearing-fit and retention design,LOCAL-COORDINATE REFINEMENT STEP - SHOULDERS/GROOVES/FITS ABSENT,74.000 x 12.000 x 12.000,5152.081262,"(-62.500000, 0.000000, 210.000000)","TRANSLATE (62.500000, -0.000000, -210.000000) mm; ORIENTATION UNCHANGED",parts/R_KNEE_PITCH/JMOD_R_KNEE_PITCH_OUTPUT_SHAFT/JMOD_R_KNEE_PITCH_OUTPUT_SHAFT.step,a1b921a5b4abfe109230a759684a5d533df32a57655dbc3c118701b2981afef1,parts/R_KNEE_PITCH/JMOD_R_KNEE_PITCH_OUTPUT_SHAFT/JMOD_R_KNEE_PITCH_OUTPUT_SHAFT.svg,997b28c05196364d30931086aa186cd74423914949e16f578633bfb323172caa,,,NOT AN RFQ OR FABRICATION RELEASE,"NO PROCUREMENT, FABRICATION, ASSEMBLY, POWERED TEST, MOTION OR ENERGIZATION AUTHORITY"
JMOD_R_SHOULDER_PITCH_BEARING_A_RING,R_SHOULDER_PITCH,arm,R,JMF-03-SHOULDER-GIMBAL,CATALOGUE_BEARING_ENVELOPE,1,MANUFACTURER CATALOGUE PRODUCT - EXACT SUFFIX/APPLICATION SELECTION REQUIRED,61900-2RS1 EVALUATION CANDIDATE,https://www.emarketplace.in.skf.com/deep-groove-ball-bearing/61900-2rs1,manufacturer bearing selection / receipt inspection,CATALOGUE REFERENCE - DO NOT FABRICATE,6.000 x 22.000 x 22.000,1771.104274,"(-128.000000, -0.000000, 590.000000)","TRANSLATE (128.000000, 0.000000, -590.000000) mm; ORIENTATION UNCHANGED",,,,,,,NO SUPPLIER UPLOAD FILE; PURCHASE SELECTION REQUIRED,"NO PROCUREMENT, FABRICATION, ASSEMBLY, POWERED TEST, MOTION OR ENERGIZATION AUTHORITY"
JMOD_R_SHOULDER_PITCH_BEARING_B_RING,R_SHOULDER_PITCH,arm,R,JMF-03-SHOULDER-GIMBAL,CATALOGUE_BEARING_ENVELOPE,1,MANUFACTURER CATALOGUE PRODUCT - EXACT SUFFIX/APPLICATION SELECTION REQUIRED,61900-2RS1 EVALUATION CANDIDATE,https://www.emarketplace.in.skf.com/deep-groove-ball-bearing/61900-2rs1,manufacturer bearing selection / receipt inspection,CATALOGUE REFERENCE - DO NOT FABRICATE,6.000 x 22.000 x 22.000,1771.104274,"(-82.000000, -0.000000, 590.000000)","TRANSLATE (82.000000, 0.000000, -590.000000) mm; ORIENTATION UNCHANGED",,,,,,,NO SUPPLIER UPLOAD FILE; PURCHASE SELECTION REQUIRED,"NO PROCUREMENT, FABRICATION, ASSEMBLY, POWERED TEST, MOTION OR ENERGIZATION AUTHORITY"
JMOD_R_SHOULDER_PITCH_INTERFACE_PLATE_A,R_SHOULDER_PITCH,arm,R,JMF-03-SHOULDER-GIMBAL,INTERFACE_PLATE,1,6061-T6/T651 PLATE CANDIDATE,,,2.5D or 3-axis refinement after joint/load/fastener disposition,LOCAL-COORDINATE REFINEMENT STEP - THREAD/INSERT/TOLERANCE STACK OPEN,4.000 x 58.000 x 64.000,7604.335177,"(-133.000000, 0.000000, 590.000000)","TRANSLATE (133.000000, -0.000000, -590.000000) mm; ORIENTATION UNCHANGED",parts/R_SHOULDER_PITCH/JMOD_R_SHOULDER_PITCH_INTERFACE_PLATE_A/JMOD_R_SHOULDER_PITCH_INTERFACE_PLATE_A.step,b46dbe4f03777568e8e73d6a3cc12590aa4b9ef6766ec705324cf0709881ff5a,parts/R_SHOULDER_PITCH/JMOD_R_SHOULDER_PITCH_INTERFACE_PLATE_A/JMOD_R_SHOULDER_PITCH_INTERFACE_PLATE_A.svg,d836839fe015b98809c69b0629a9dc872f1f0a2f62974a55521610c285e850d9,parts/R_SHOULDER_PITCH/JMOD_R_SHOULDER_PITCH_INTERFACE_PLATE_A/JMOD_R_SHOULDER_PITCH_INTERFACE_PLATE_A_profile.dxf,00139ee9e8efc373c57402d853a8a6d876d8261582514061d3d80d690c359810,NOT AN RFQ OR FABRICATION RELEASE,"NO PROCUREMENT, FABRICATION, ASSEMBLY, POWERED TEST, MOTION OR ENERGIZATION AUTHORITY"
JMOD_R_SHOULDER_PITCH_INTERFACE_PLATE_B,R_SHOULDER_PITCH,arm,R,JMF-03-SHOULDER-GIMBAL,INTERFACE_PLATE,1,6061-T6/T651 PLATE CANDIDATE,,,2.5D or 3-axis refinement after joint/load/fastener disposition,LOCAL-COORDINATE REFINEMENT STEP - THREAD/INSERT/TOLERANCE STACK OPEN,4.000 x 58.000 x 64.000,7604.335177,"(-77.000000, 0.000000, 590.000000)","TRANSLATE (77.000000, -0.000000, -590.000000) mm; ORIENTATION UNCHANGED",parts/R_SHOULDER_PITCH/JMOD_R_SHOULDER_PITCH_INTERFACE_PLATE_B/JMOD_R_SHOULDER_PITCH_INTERFACE_PLATE_B.step,a74640f7ee8c1a6fd46e91dd9546af707001814d7f4be83fa812532793be52d6,parts/R_SHOULDER_PITCH/JMOD_R_SHOULDER_PITCH_INTERFACE_PLATE_B/JMOD_R_SHOULDER_PITCH_INTERFACE_PLATE_B.svg,2e54b448ca1fe30369749a2f00e656af01c34b17b8551d128f3f35cc4dca9ca5,parts/R_SHOULDER_PITCH/JMOD_R_SHOULDER_PITCH_INTERFACE_PLATE_B/JMOD_R_SHOULDER_PITCH_INTERFACE_PLATE_B_profile.dxf,7c8101898542218f0b5cb82bf33789a233c8387f06efa12ccebca542af3b53dd,NOT AN RFQ OR FABRICATION RELEASE,"NO PROCUREMENT, FABRICATION, ASSEMBLY, POWERED TEST, MOTION OR ENERGIZATION AUTHORITY"
JMOD_R_SHOULDER_PITCH_MOTOR_PULLEY,R_SHOULDER_PITCH,arm,R,JMF-03-SHOULDER-GIMBAL,MOTOR_PULLEY_ENVELOPE,1,CATALOGUE ALUMINUM/STEEL OR RELEASED CUSTOM PULLEY SELECTION REQUIRED,,,exact catalogue pulley or released toothed custom pulley,REDESIGN REQUIRED - SMOOTH ENVELOPE HAS NO TIMING TEETH OR FLANGES,12.000 x 30.690 x 30.690,5298.618008,"(-105.000000, 42.500000, 590.000000)","TRANSLATE (105.000000, -42.500000, -590.000000) mm; ORIENTATION UNCHANGED",,,,,,,NO FABRICATION FILE; CURRENT SOLID IS PACKAGING EVIDENCE ONLY,"NO PROCUREMENT, FABRICATION, ASSEMBLY, POWERED TEST, MOTION OR ENERGIZATION AUTHORITY"
JMOD_R_SHOULDER_PITCH_OUTPUT_PULLEY,R_SHOULDER_PITCH,arm,R,JMF-03-SHOULDER-GIMBAL,OUTPUT_PULLEY_ENVELOPE,1,CATALOGUE ALUMINUM/STEEL OR RELEASED CUSTOM PULLEY SELECTION REQUIRED,,,exact catalogue pulley or released toothed custom pulley,REDESIGN REQUIRED - SMOOTH ENVELOPE HAS NO TIMING TEETH OR FLANGES,12.000 x 30.690 x 30.690,5876.863375,"(-105.000000, -0.000000, 590.000000)","TRANSLATE (105.000000, 0.000000, -590.000000) mm; ORIENTATION UNCHANGED",,,,,,,NO FABRICATION FILE; CURRENT SOLID IS PACKAGING EVIDENCE ONLY,"NO PROCUREMENT, FABRICATION, ASSEMBLY, POWERED TEST, MOTION OR ENERGIZATION AUTHORITY"
JMOD_R_SHOULDER_PITCH_OUTPUT_SHAFT,R_SHOULDER_PITCH,arm,R,JMF-03-SHOULDER-GIMBAL,OUTPUT_SHAFT,1,7075-T6/T651 ALUMINUM DENSITY-SCREEN CANDIDATE; 17-4PH/STEEL FAMILY CONFLICT OPEN,,,turn/mill refinement after bearing-fit and retention design,LOCAL-COORDINATE REFINEMENT STEP - SHOULDERS/GROOVES/FITS ABSENT,60.000 x 10.000 x 10.000,2900.946656,"(-105.000000, 0.000000, 590.000000)","TRANSLATE (105.000000, -0.000000, -590.000000) mm; ORIENTATION UNCHANGED",parts/R_SHOULDER_PITCH/JMOD_R_SHOULDER_PITCH_OUTPUT_SHAFT/JMOD_R_SHOULDER_PITCH_OUTPUT_SHAFT.step,7b276a25e66e6edd739d4ac2b88756cedf24bca23e4adef311f063926288cb40,parts/R_SHOULDER_PITCH/JMOD_R_SHOULDER_PITCH_OUTPUT_SHAFT/JMOD_R_SHOULDER_PITCH_OUTPUT_SHAFT.svg,3c87e87362cf346fc27842ccce2ba21688062e3e7eb1ff457ca46be93e92cdfe,,,NOT AN RFQ OR FABRICATION RELEASE,"NO PROCUREMENT, FABRICATION, ASSEMBLY, POWERED TEST, MOTION OR ENERGIZATION AUTHORITY"
JMOD_R_SHOULDER_ROLL_BEARING_A_RING,R_SHOULDER_ROLL,arm,R,JMF-03-SHOULDER-GIMBAL,CATALOGUE_BEARING_ENVELOPE,1,MANUFACTURER CATALOGUE PRODUCT - EXACT SUFFIX/APPLICATION SELECTION REQUIRED,61900-2RS1 EVALUATION CANDIDATE,https://www.emarketplace.in.skf.com/deep-groove-ball-bearing/61900-2rs1,manufacturer bearing selection / receipt inspection,CATALOGUE REFERENCE - DO NOT FABRICATE,22.000 x 6.000 x 22.000,1771.104274,"(-105.000000, -23.000000, 590.000000)","TRANSLATE (105.000000, 23.000000, -590.000000) mm; ORIENTATION UNCHANGED",,,,,,,NO SUPPLIER UPLOAD FILE; PURCHASE SELECTION REQUIRED,"NO PROCUREMENT, FABRICATION, ASSEMBLY, POWERED TEST, MOTION OR ENERGIZATION AUTHORITY"
JMOD_R_SHOULDER_ROLL_BEARING_B_RING,R_SHOULDER_ROLL,arm,R,JMF-03-SHOULDER-GIMBAL,CATALOGUE_BEARING_ENVELOPE,1,MANUFACTURER CATALOGUE PRODUCT - EXACT SUFFIX/APPLICATION SELECTION REQUIRED,61900-2RS1 EVALUATION CANDIDATE,https://www.emarketplace.in.skf.com/deep-groove-ball-bearing/61900-2rs1,manufacturer bearing selection / receipt inspection,CATALOGUE REFERENCE - DO NOT FABRICATE,22.000 x 6.000 x 22.000,1771.104274,"(-105.000000, 23.000000, 590.000000)","TRANSLATE (105.000000, -23.000000, -590.000000) mm; ORIENTATION UNCHANGED",,,,,,,NO SUPPLIER UPLOAD FILE; PURCHASE SELECTION REQUIRED,"NO PROCUREMENT, FABRICATION, ASSEMBLY, POWERED TEST, MOTION OR ENERGIZATION AUTHORITY"
JMOD_R_SHOULDER_ROLL_INTERFACE_PLATE_A,R_SHOULDER_ROLL,arm,R,JMF-03-SHOULDER-GIMBAL,INTERFACE_PLATE,1,6061-T6/T651 PLATE CANDIDATE,,,2.5D or 3-axis refinement after joint/load/fastener disposition,LOCAL-COORDINATE REFINEMENT STEP - THREAD/INSERT/TOLERANCE STACK OPEN,58.000 x 4.000 x 64.000,7604.335177,"(-105.000000, -28.000000, 590.000000)","TRANSLATE (105.000000, 28.000000, -590.000000) mm; ORIENTATION UNCHANGED",parts/R_SHOULDER_ROLL/JMOD_R_SHOULDER_ROLL_INTERFACE_PLATE_A/JMOD_R_SHOULDER_ROLL_INTERFACE_PLATE_A.step,96ed761b56b0d7d5f4a8cf9447ae3fda47ecccb241600c2cd5c11fe6902a3b19,parts/R_SHOULDER_ROLL/JMOD_R_SHOULDER_ROLL_INTERFACE_PLATE_A/JMOD_R_SHOULDER_ROLL_INTERFACE_PLATE_A.svg,49431bd616e1c0bb6277c9834062aaa106a8c4297486512090662c30f2746d74,parts/R_SHOULDER_ROLL/JMOD_R_SHOULDER_ROLL_INTERFACE_PLATE_A/JMOD_R_SHOULDER_ROLL_INTERFACE_PLATE_A_profile.dxf,853428ee8637e65c2cc4dfe7517af67dfc264843acb64f7c657821f626da3ad4,NOT AN RFQ OR FABRICATION RELEASE,"NO PROCUREMENT, FABRICATION, ASSEMBLY, POWERED TEST, MOTION OR ENERGIZATION AUTHORITY"
JMOD_R_SHOULDER_ROLL_INTERFACE_PLATE_B,R_SHOULDER_ROLL,arm,R,JMF-03-SHOULDER-GIMBAL,INTERFACE_PLATE,1,6061-T6/T651 PLATE CANDIDATE,,,2.5D or 3-axis refinement after joint/load/fastener disposition,LOCAL-COORDINATE REFINEMENT STEP - THREAD/INSERT/TOLERANCE STACK OPEN,58.000 x 4.000 x 64.000,7604.335177,"(-105.000000, 28.000000, 590.000000)","TRANSLATE (105.000000, -28.000000, -590.000000) mm; ORIENTATION UNCHANGED",parts/R_SHOULDER_ROLL/JMOD_R_SHOULDER_ROLL_INTERFACE_PLATE_B/JMOD_R_SHOULDER_ROLL_INTERFACE_PLATE_B.step,5c0e073a27ed2cf06e5e3f1dcb875511773113c8a7dfa7c992a217b7cdb3b70d,parts/R_SHOULDER_ROLL/JMOD_R_SHOULDER_ROLL_INTERFACE_PLATE_B/JMOD_R_SHOULDER_ROLL_INTERFACE_PLATE_B.svg,86a1fe3b913fe84e852e0f8da482b01408594e037a64a83409f2cadd5a804dfa,parts/R_SHOULDER_ROLL/JMOD_R_SHOULDER_ROLL_INTERFACE_PLATE_B/JMOD_R_SHOULDER_ROLL_INTERFACE_PLATE_B_profile.dxf,d75a10a8bd903be9baa1fed1d3d80da251b3f75d4b167cc8f19f928ff5e476be,NOT AN RFQ OR FABRICATION RELEASE,"NO PROCUREMENT, FABRICATION, ASSEMBLY, POWERED TEST, MOTION OR ENERGIZATION AUTHORITY"
JMOD_R_SHOULDER_ROLL_MOTOR_PULLEY,R_SHOULDER_ROLL,arm,R,JMF-03-SHOULDER-GIMBAL,MOTOR_PULLEY_ENVELOPE,1,CATALOGUE ALUMINUM/STEEL OR RELEASED CUSTOM PULLEY SELECTION REQUIRED,,,exact catalogue pulley or released toothed custom pulley,REDESIGN REQUIRED - SMOOTH ENVELOPE HAS NO TIMING TEETH OR FLANGES,30.690 x 12.000 x 30.690,5298.618008,"(-105.000000, -0.000000, 547.500000)","TRANSLATE (105.000000, 0.000000, -547.500000) mm; ORIENTATION UNCHANGED",,,,,,,NO FABRICATION FILE; CURRENT SOLID IS PACKAGING EVIDENCE ONLY,"NO PROCUREMENT, FABRICATION, ASSEMBLY, POWERED TEST, MOTION OR ENERGIZATION AUTHORITY"
JMOD_R_SHOULDER_ROLL_OUTPUT_PULLEY,R_SHOULDER_ROLL,arm,R,JMF-03-SHOULDER-GIMBAL,OUTPUT_PULLEY_ENVELOPE,1,CATALOGUE ALUMINUM/STEEL OR RELEASED CUSTOM PULLEY SELECTION REQUIRED,,,exact catalogue pulley or released toothed custom pulley,REDESIGN REQUIRED - SMOOTH ENVELOPE HAS NO TIMING TEETH OR FLANGES,30.690 x 12.000 x 30.690,5876.863375,"(-105.000000, 0.000000, 590.000000)","TRANSLATE (105.000000, -0.000000, -590.000000) mm; ORIENTATION UNCHANGED",,,,,,,NO FABRICATION FILE; CURRENT SOLID IS PACKAGING EVIDENCE ONLY,"NO PROCUREMENT, FABRICATION, ASSEMBLY, POWERED TEST, MOTION OR ENERGIZATION AUTHORITY"
JMOD_R_SHOULDER_ROLL_OUTPUT_SHAFT,R_SHOULDER_ROLL,arm,R,JMF-03-SHOULDER-GIMBAL,OUTPUT_SHAFT,1,7075-T6/T651 ALUMINUM DENSITY-SCREEN CANDIDATE; 17-4PH/STEEL FAMILY CONFLICT OPEN,,,turn/mill refinement after bearing-fit and retention design,LOCAL-COORDINATE REFINEMENT STEP - SHOULDERS/GROOVES/FITS ABSENT,10.000 x 60.000 x 10.000,2900.946656,"(-105.000000, 0.000000, 590.000000)","TRANSLATE (105.000000, -0.000000, -590.000000) mm; ORIENTATION UNCHANGED",parts/R_SHOULDER_ROLL/JMOD_R_SHOULDER_ROLL_OUTPUT_SHAFT/JMOD_R_SHOULDER_ROLL_OUTPUT_SHAFT.step,c63114a230934da8e8a8372cd7a55bb10a353d37878d442e6ec077e87dc717eb,parts/R_SHOULDER_ROLL/JMOD_R_SHOULDER_ROLL_OUTPUT_SHAFT/JMOD_R_SHOULDER_ROLL_OUTPUT_SHAFT.svg,fe1e1bacd88ef0a3bcc6e0a8735e753f4290d159d08913729d8ae6d41f2fba75,,,NOT AN RFQ OR FABRICATION RELEASE,"NO PROCUREMENT, FABRICATION, ASSEMBLY, POWERED TEST, MOTION OR ENERGIZATION AUTHORITY"
JMOD_R_WRIST_ROTATION_ACTUATOR_OUTPUT_COUPLER,R_WRIST_ROTATION,arm,R,JMF-01-COMPACT,ACTUATOR_OUTPUT_COUPLER_PLACEHOLDER,1,PRODUCT-SPECIFIC ALUMINUM/STEEL ADAPTER SELECTION REQUIRED,,,product-specific horn or spline adapter with secondary retention,REDESIGN REQUIRED - ACTUATOR/HORN/CLAMP INTERFACE ABSENT,4.320 x 4.320 x 36.000,527.666929,"(-140.000000, -0.000000, 313.000000)","TRANSLATE (140.000000, 0.000000, -313.000000) mm; ORIENTATION UNCHANGED",,,,,,,NO FABRICATION FILE; CURRENT SOLID IS PACKAGING EVIDENCE ONLY,"NO PROCUREMENT, FABRICATION, ASSEMBLY, POWERED TEST, MOTION OR ENERGIZATION AUTHORITY"
JMOD_R_WRIST_ROTATION_BEARING_B_RING,R_WRIST_ROTATION,arm,R,JMF-01-COMPACT,CATALOGUE_BEARING_ENVELOPE,1,MANUFACTURER CATALOGUE PRODUCT - EXACT SUFFIX/APPLICATION SELECTION REQUIRED,696 OPEN EVALUATION CANDIDATE,https://www.oss.nsk.com/jp/products/bearings/ball-bearings/deep-groove-ball-bearings/extra-small-ball-bearings-and-miniature-ball-bearings-metric-series/696-esm-md.html,manufacturer bearing selection / receipt inspection,CATALOGUE REFERENCE - DO NOT FABRICATE,15.000 x 15.000 x 5.000,722.723390,"(-140.000000, -0.000000, 308.500000)","TRANSLATE (140.000000, 0.000000, -308.500000) mm; ORIENTATION UNCHANGED",,,,,,,NO SUPPLIER UPLOAD FILE; PURCHASE SELECTION REQUIRED,"NO PROCUREMENT, FABRICATION, ASSEMBLY, POWERED TEST, MOTION OR ENERGIZATION AUTHORITY"
JMOD_R_WRIST_ROTATION_INTERFACE_PLATE_B,R_WRIST_ROTATION,arm,R,JMF-01-COMPACT,INTERFACE_PLATE,1,6061-T6/T651 PLATE CANDIDATE,,,2.5D or 3-axis refinement after joint/load/fastener disposition,LOCAL-COORDINATE REFINEMENT STEP - THREAD/INSERT/TOLERANCE STACK OPEN,38.000 x 36.000 x 3.000,2548.605536,"(-140.000000, -0.000000, 312.500000)","TRANSLATE (140.000000, 0.000000, -312.500000) mm; ORIENTATION UNCHANGED",parts/R_WRIST_ROTATION/JMOD_R_WRIST_ROTATION_INTERFACE_PLATE_B/JMOD_R_WRIST_ROTATION_INTERFACE_PLATE_B.step,d30d309f3b8384084f6d01b951e2c57913e8bd8383fcd3b79614af79cf706cc7,parts/R_WRIST_ROTATION/JMOD_R_WRIST_ROTATION_INTERFACE_PLATE_B/JMOD_R_WRIST_ROTATION_INTERFACE_PLATE_B.svg,eb1a9cfaecd1d64749165954c9f7c163a4cdb56272e4d9b6385d78553a9f826d,parts/R_WRIST_ROTATION/JMOD_R_WRIST_ROTATION_INTERFACE_PLATE_B/JMOD_R_WRIST_ROTATION_INTERFACE_PLATE_B_profile.dxf,bef3a4bd3ca25e1efa8ad01442d59479d3fae5662c18851f87c254133c032bac,NOT AN RFQ OR FABRICATION RELEASE,"NO PROCUREMENT, FABRICATION, ASSEMBLY, POWERED TEST, MOTION OR ENERGIZATION AUTHORITY"
JMOD_R_WRIST_ROTATION_OUTPUT_SHAFT,R_WRIST_ROTATION,arm,R,JMF-01-COMPACT,OUTPUT_SHAFT,1,7075-T6/T651 ALUMINUM DENSITY-SCREEN CANDIDATE; 17-4PH/STEEL FAMILY CONFLICT OPEN,,,turn/mill refinement after bearing-fit and retention design,LOCAL-COORDINATE REFINEMENT STEP - SHOULDERS/GROOVES/FITS ABSENT,6.000 x 6.000 x 38.000,661.415838,"(-140.000000, 0.000000, 295.000000)","TRANSLATE (140.000000, -0.000000, -295.000000) mm; ORIENTATION UNCHANGED",parts/R_WRIST_ROTATION/JMOD_R_WRIST_ROTATION_OUTPUT_SHAFT/JMOD_R_WRIST_ROTATION_OUTPUT_SHAFT.step,8c0aca1093d7a2f230c378a1906b67da88d5596570e67e91765ab27b67ca9f97,parts/R_WRIST_ROTATION/JMOD_R_WRIST_ROTATION_OUTPUT_SHAFT/JMOD_R_WRIST_ROTATION_OUTPUT_SHAFT.svg,40e479dffc05156785dd181835a468fef41a57b114b71d49495501c9e96f8bb3,,,NOT AN RFQ OR FABRICATION RELEASE,"NO PROCUREMENT, FABRICATION, ASSEMBLY, POWERED TEST, MOTION OR ENERGIZATION AUTHORITY"
JMOD_WAIST_YAW_ACTUATOR_OUTPUT_COUPLER,WAIST_YAW,waist,C,JMF-05-WAIST,ACTUATOR_OUTPUT_COUPLER_PLACEHOLDER,1,PRODUCT-SPECIFIC ALUMINUM/STEEL ADAPTER SELECTION REQUIRED,,,product-specific horn or spline adapter with secondary retention,REDESIGN REQUIRED - ACTUATOR/HORN/CLAMP INTERFACE ABSENT,12.240 x 12.240 x 43.000,5059.658119,"(0.000000, 0.000000, 403.500000)","TRANSLATE (-0.000000, -0.000000, -403.500000) mm; ORIENTATION UNCHANGED",,,,,,,NO FABRICATION FILE; CURRENT SOLID IS PACKAGING EVIDENCE ONLY,"NO PROCUREMENT, FABRICATION, ASSEMBLY, POWERED TEST, MOTION OR ENERGIZATION AUTHORITY"
JMOD_WAIST_YAW_BEARING_B_RING,WAIST_YAW,waist,C,JMF-05-WAIST,CATALOGUE_BEARING_ENVELOPE,1,MANUFACTURER CATALOGUE PRODUCT - EXACT SUFFIX/APPLICATION SELECTION REQUIRED,6803 OPEN EVALUATION CANDIDATE,https://www.oss.nsk.com/in/products/bearings/ball-bearings/deep-groove-ball-bearings/single-row-deep-groove-ball-bearings/6803-apn.html,manufacturer bearing selection / receipt inspection,CATALOGUE REFERENCE - DO NOT FABRICATE,26.000 x 26.000 x 5.000,1465.710053,"(-0.000000, -0.000000, 436.500000)","TRANSLATE (0.000000, 0.000000, -436.500000) mm; ORIENTATION UNCHANGED",,,,,,,NO SUPPLIER UPLOAD FILE; PURCHASE SELECTION REQUIRED,"NO PROCUREMENT, FABRICATION, ASSEMBLY, POWERED TEST, MOTION OR ENERGIZATION AUTHORITY"
JMOD_WAIST_YAW_INTERFACE_PLATE_B,WAIST_YAW,waist,C,JMF-05-WAIST,INTERFACE_PLATE,1,6061-T6/T651 PLATE CANDIDATE,,,2.5D or 3-axis refinement after joint/load/fastener disposition,LOCAL-COORDINATE REFINEMENT STEP - THREAD/INSERT/TOLERANCE STACK OPEN,72.000 x 98.000 x 5.000,16090.081829,"(0.000000, 0.000000, 441.500000)","TRANSLATE (-0.000000, -0.000000, -441.500000) mm; ORIENTATION UNCHANGED",parts/WAIST_YAW/JMOD_WAIST_YAW_INTERFACE_PLATE_B/JMOD_WAIST_YAW_INTERFACE_PLATE_B.step,c2887e1935b383cdf228afd8f1c3600a4297db2913e49cff3281ea9d2dc097a8,parts/WAIST_YAW/JMOD_WAIST_YAW_INTERFACE_PLATE_B/JMOD_WAIST_YAW_INTERFACE_PLATE_B.svg,63786653fa97a2ebd06bc5e5a87263671ec6647adc2a31cd8f7bf969086873a6,parts/WAIST_YAW/JMOD_WAIST_YAW_INTERFACE_PLATE_B/JMOD_WAIST_YAW_INTERFACE_PLATE_B_profile.dxf,72f94897fd41afdc5f157ff793f85df0d57948ec43491ad623b04b5b5019d9c3,NOT AN RFQ OR FABRICATION RELEASE,"NO PROCUREMENT, FABRICATION, ASSEMBLY, POWERED TEST, MOTION OR ENERGIZATION AUTHORITY"
JMOD_WAIST_YAW_OUTPUT_SHAFT,WAIST_YAW,waist,C,JMF-05-WAIST,OUTPUT_SHAFT,1,7075-T6/T651 ALUMINUM DENSITY-SCREEN CANDIDATE; 17-4PH/STEEL FAMILY CONFLICT OPEN,,,turn/mill refinement after bearing-fit and retention design,LOCAL-COORDINATE REFINEMENT STEP - SHOULDERS/GROOVES/FITS ABSENT,17.000 x 17.000 x 38.000,5309.699363,"(-0.000000, -0.000000, 425.000000)","TRANSLATE (0.000000, 0.000000, -425.000000) mm; ORIENTATION UNCHANGED",parts/WAIST_YAW/JMOD_WAIST_YAW_OUTPUT_SHAFT/JMOD_WAIST_YAW_OUTPUT_SHAFT.step,84001f71a7236a04bbbd334071dfa9e9c0fbd2c78a50a9a8a23c4d270d57f694,parts/WAIST_YAW/JMOD_WAIST_YAW_OUTPUT_SHAFT/JMOD_WAIST_YAW_OUTPUT_SHAFT.svg,2d636e9d3d79f544e913c9f52fb4a6dfa223687bf8902a7a497b2c2830190e90,,,NOT AN RFQ OR FABRICATION RELEASE,"NO PROCUREMENT, FABRICATION, ASSEMBLY, POWERED TEST, MOTION OR ENERGIZATION AUTHORITY"
