ISO-10303-21;
HEADER;
FILE_DESCRIPTION(('Open CASCADE Model'),'2;1');
FILE_NAME('Open CASCADE Shape Model','1980-01-01T00:00:00',('Author'),(
    'Open CASCADE'),'Open CASCADE STEP processor 7.9','Open CASCADE 7.9'
  ,'Unknown');
FILE_SCHEMA(('AUTOMOTIVE_DESIGN { 1 0 10303 214 1 1 1 1 }'));
ENDSEC;
DATA;
#1 = APPLICATION_PROTOCOL_DEFINITION('international standard',
  'automotive_design',2000,#2);
#2 = APPLICATION_CONTEXT(
  'core data for automotive mechanical design processes');
#3 = SHAPE_DEFINITION_REPRESENTATION(#4,#10);
#4 = PRODUCT_DEFINITION_SHAPE('','',#5);
#5 = PRODUCT_DEFINITION('design','',#6,#9);
#6 = PRODUCT_DEFINITION_FORMATION('','',#7);
#7 = PRODUCT('Open CASCADE STEP translator 7.9 9',
  'Open CASCADE STEP translator 7.9 9','',(#8));
#8 = PRODUCT_CONTEXT('',#2,'mechanical');
#9 = PRODUCT_DEFINITION_CONTEXT('part definition',#2,'design');
#10 = SHAPE_REPRESENTATION('',(#11,#15,#19),#23);
#11 = AXIS2_PLACEMENT_3D('',#12,#13,#14);
#12 = CARTESIAN_POINT('',(0.,0.,0.));
#13 = DIRECTION('',(0.,0.,1.));
#14 = DIRECTION('',(1.,0.,-0.));
#15 = AXIS2_PLACEMENT_3D('',#16,#17,#18);
#16 = CARTESIAN_POINT('',(0.,0.,0.));
#17 = DIRECTION('',(0.,0.,1.));
#18 = DIRECTION('',(1.,0.,-0.));
#19 = AXIS2_PLACEMENT_3D('',#20,#21,#22);
#20 = CARTESIAN_POINT('',(0.,0.,0.));
#21 = DIRECTION('',(0.,0.,1.));
#22 = DIRECTION('',(1.,0.,-0.));
#23 = ( GEOMETRIC_REPRESENTATION_CONTEXT(3)
GLOBAL_UNCERTAINTY_ASSIGNED_CONTEXT((#27)) GLOBAL_UNIT_ASSIGNED_CONTEXT(
(#24,#25,#26)) REPRESENTATION_CONTEXT('Context #1',
  '3D Context with UNIT and UNCERTAINTY') );
#24 = ( LENGTH_UNIT() NAMED_UNIT(*) SI_UNIT(.MILLI.,.METRE.) );
#25 = ( NAMED_UNIT(*) PLANE_ANGLE_UNIT() SI_UNIT($,.RADIAN.) );
#26 = ( NAMED_UNIT(*) SI_UNIT($,.STERADIAN.) SOLID_ANGLE_UNIT() );
#27 = UNCERTAINTY_MEASURE_WITH_UNIT(LENGTH_MEASURE(1.E-07),#24,
  'distance_accuracy_value','confusion accuracy');
#28 = PRODUCT_RELATED_PRODUCT_CATEGORY('part',$,(#7));
#29 = SHAPE_DEFINITION_REPRESENTATION(#30,#36);
#30 = PRODUCT_DEFINITION_SHAPE('','',#31);
#31 = PRODUCT_DEFINITION('design','',#32,#35);
#32 = PRODUCT_DEFINITION_FORMATION('','',#33);
#33 = PRODUCT('Open CASCADE STEP translator 7.9 9.1',
  'Open CASCADE STEP translator 7.9 9.1','',(#34));
#34 = PRODUCT_CONTEXT('',#2,'mechanical');
#35 = PRODUCT_DEFINITION_CONTEXT('part definition',#2,'design');
#36 = ADVANCED_BREP_SHAPE_REPRESENTATION('',(#11,#37),#4787);
#37 = MANIFOLD_SOLID_BREP('',#38);
#38 = CLOSED_SHELL('',(#39,#327,#671,#718,#1043,#1097,#1183,#1845,#1921,
    #2002,#2297,#2322,#2371,#2398,#2427,#2454,#2481,#2531,#2558,#2608,
    #2635,#2689,#2743,#2797,#2851,#2933,#2986,#3013,#3040,#3047,#3097,
    #3152,#3202,#3455,#3482,#3542,#3617,#3644,#3671,#3678,#3779,#3828,
    #3860,#3887,#3914,#4093,#4142,#4214,#4263,#4312,#4339,#4366,#4393,
    #4420,#4447,#4474,#4529,#4556,#4605,#4657,#4684,#4711,#4738,#4745,
    #4753,#4780));
#39 = ADVANCED_FACE('',(#40),#54,.F.);
#40 = FACE_BOUND('',#41,.F.);
#41 = EDGE_LOOP('',(#42,#77,#105,#133,#161,#189,#217,#245,#273,#301));
#42 = ORIENTED_EDGE('',*,*,#43,.F.);
#43 = EDGE_CURVE('',#44,#46,#48,.T.);
#44 = VERTEX_POINT('',#45);
#45 = CARTESIAN_POINT('',(-23.5,151.05,-20.));
#46 = VERTEX_POINT('',#47);
#47 = CARTESIAN_POINT('',(23.5,151.05,-20.));
#48 = SURFACE_CURVE('',#49,(#53,#65),.PCURVE_S1.);
#49 = LINE('',#50,#51);
#50 = CARTESIAN_POINT('',(-52.,151.05,-20.));
#51 = VECTOR('',#52,1.);
#52 = DIRECTION('',(1.,0.,0.));
#53 = PCURVE('',#54,#59);
#54 = PLANE('',#55);
#55 = AXIS2_PLACEMENT_3D('',#56,#57,#58);
#56 = CARTESIAN_POINT('',(-52.,151.05,-20.));
#57 = DIRECTION('',(-0.,0.,1.));
#58 = DIRECTION('',(1.,0.,0.));
#59 = DEFINITIONAL_REPRESENTATION('',(#60),#64);
#60 = LINE('',#61,#62);
#61 = CARTESIAN_POINT('',(0.,0.));
#62 = VECTOR('',#63,1.);
#63 = DIRECTION('',(1.,0.));
#64 = ( GEOMETRIC_REPRESENTATION_CONTEXT(2)
PARAMETRIC_REPRESENTATION_CONTEXT() REPRESENTATION_CONTEXT('2D SPACE',''
  ) );
#65 = PCURVE('',#66,#71);
#66 = PLANE('',#67);
#67 = AXIS2_PLACEMENT_3D('',#68,#69,#70);
#68 = CARTESIAN_POINT('',(0.,151.05,0.576923076923));
#69 = DIRECTION('',(-0.,-1.,-0.));
#70 = DIRECTION('',(0.,0.,-1.));
#71 = DEFINITIONAL_REPRESENTATION('',(#72),#76);
#72 = LINE('',#73,#74);
#73 = CARTESIAN_POINT('',(20.576923076923,-52.));
#74 = VECTOR('',#75,1.);
#75 = DIRECTION('',(0.,1.));
#76 = ( GEOMETRIC_REPRESENTATION_CONTEXT(2)
PARAMETRIC_REPRESENTATION_CONTEXT() REPRESENTATION_CONTEXT('2D SPACE',''
  ) );
#77 = ORIENTED_EDGE('',*,*,#78,.F.);
#78 = EDGE_CURVE('',#79,#44,#81,.T.);
#79 = VERTEX_POINT('',#80);
#80 = CARTESIAN_POINT('',(-23.5,150.05,-20.));
#81 = SURFACE_CURVE('',#82,(#86,#93),.PCURVE_S1.);
#82 = LINE('',#83,#84);
#83 = CARTESIAN_POINT('',(-23.5,150.05,-20.));
#84 = VECTOR('',#85,1.);
#85 = DIRECTION('',(-0.,1.,0.));
#86 = PCURVE('',#54,#87);
#87 = DEFINITIONAL_REPRESENTATION('',(#88),#92);
#88 = LINE('',#89,#90);
#89 = CARTESIAN_POINT('',(28.5,-1.));
#90 = VECTOR('',#91,1.);
#91 = DIRECTION('',(0.,1.));
#92 = ( GEOMETRIC_REPRESENTATION_CONTEXT(2)
PARAMETRIC_REPRESENTATION_CONTEXT() REPRESENTATION_CONTEXT('2D SPACE',''
  ) );
#93 = PCURVE('',#94,#99);
#94 = PLANE('',#95);
#95 = AXIS2_PLACEMENT_3D('',#96,#97,#98);
#96 = CARTESIAN_POINT('',(-23.5,150.05,-20.));
#97 = DIRECTION('',(1.,0.,-0.));
#98 = DIRECTION('',(0.,0.,1.));
#99 = DEFINITIONAL_REPRESENTATION('',(#100),#104);
#100 = LINE('',#101,#102);
#101 = CARTESIAN_POINT('',(0.,0.));
#102 = VECTOR('',#103,1.);
#103 = DIRECTION('',(0.,-1.));
#104 = ( GEOMETRIC_REPRESENTATION_CONTEXT(2)
PARAMETRIC_REPRESENTATION_CONTEXT() REPRESENTATION_CONTEXT('2D SPACE',''
  ) );
#105 = ORIENTED_EDGE('',*,*,#106,.F.);
#106 = EDGE_CURVE('',#107,#79,#109,.T.);
#107 = VERTEX_POINT('',#108);
#108 = CARTESIAN_POINT('',(-50.,150.05,-20.));
#109 = SURFACE_CURVE('',#110,(#114,#121),.PCURVE_S1.);
#110 = LINE('',#111,#112);
#111 = CARTESIAN_POINT('',(-52.,150.05,-20.));
#112 = VECTOR('',#113,1.);
#113 = DIRECTION('',(1.,0.,-0.));
#114 = PCURVE('',#54,#115);
#115 = DEFINITIONAL_REPRESENTATION('',(#116),#120);
#116 = LINE('',#117,#118);
#117 = CARTESIAN_POINT('',(0.,-1.));
#118 = VECTOR('',#119,1.);
#119 = DIRECTION('',(1.,0.));
#120 = ( GEOMETRIC_REPRESENTATION_CONTEXT(2)
PARAMETRIC_REPRESENTATION_CONTEXT() REPRESENTATION_CONTEXT('2D SPACE',''
  ) );
#121 = PCURVE('',#122,#127);
#122 = PLANE('',#123);
#123 = AXIS2_PLACEMENT_3D('',#124,#125,#126);
#124 = CARTESIAN_POINT('',(-52.,150.05,-20.));
#125 = DIRECTION('',(-0.,1.,0.));
#126 = DIRECTION('',(0.,0.,1.));
#127 = DEFINITIONAL_REPRESENTATION('',(#128),#132);
#128 = LINE('',#129,#130);
#129 = CARTESIAN_POINT('',(0.,0.));
#130 = VECTOR('',#131,1.);
#131 = DIRECTION('',(0.,1.));
#132 = ( GEOMETRIC_REPRESENTATION_CONTEXT(2)
PARAMETRIC_REPRESENTATION_CONTEXT() REPRESENTATION_CONTEXT('2D SPACE',''
  ) );
#133 = ORIENTED_EDGE('',*,*,#134,.T.);
#134 = EDGE_CURVE('',#107,#135,#137,.T.);
#135 = VERTEX_POINT('',#136);
#136 = CARTESIAN_POINT('',(-50.,141.525,-20.));
#137 = SURFACE_CURVE('',#138,(#142,#149),.PCURVE_S1.);
#138 = LINE('',#139,#140);
#139 = CARTESIAN_POINT('',(-50.,151.05,-20.));
#140 = VECTOR('',#141,1.);
#141 = DIRECTION('',(0.,-1.,0.));
#142 = PCURVE('',#54,#143);
#143 = DEFINITIONAL_REPRESENTATION('',(#144),#148);
#144 = LINE('',#145,#146);
#145 = CARTESIAN_POINT('',(2.,0.));
#146 = VECTOR('',#147,1.);
#147 = DIRECTION('',(0.,-1.));
#148 = ( GEOMETRIC_REPRESENTATION_CONTEXT(2)
PARAMETRIC_REPRESENTATION_CONTEXT() REPRESENTATION_CONTEXT('2D SPACE',''
  ) );
#149 = PCURVE('',#150,#155);
#150 = CYLINDRICAL_SURFACE('',#151,2.);
#151 = AXIS2_PLACEMENT_3D('',#152,#153,#154);
#152 = CARTESIAN_POINT('',(-50.,151.05,-18.));
#153 = DIRECTION('',(0.,-1.,0.));
#154 = DIRECTION('',(0.,-0.,-1.));
#155 = DEFINITIONAL_REPRESENTATION('',(#156),#160);
#156 = LINE('',#157,#158);
#157 = CARTESIAN_POINT('',(-0.,0.));
#158 = VECTOR('',#159,1.);
#159 = DIRECTION('',(-0.,1.));
#160 = ( GEOMETRIC_REPRESENTATION_CONTEXT(2)
PARAMETRIC_REPRESENTATION_CONTEXT() REPRESENTATION_CONTEXT('2D SPACE',''
  ) );
#161 = ORIENTED_EDGE('',*,*,#162,.T.);
#162 = EDGE_CURVE('',#135,#163,#165,.T.);
#163 = VERTEX_POINT('',#164);
#164 = CARTESIAN_POINT('',(-34.,141.525,-20.));
#165 = SURFACE_CURVE('',#166,(#170,#177),.PCURVE_S1.);
#166 = LINE('',#167,#168);
#167 = CARTESIAN_POINT('',(-52.,141.525,-20.));
#168 = VECTOR('',#169,1.);
#169 = DIRECTION('',(1.,0.,0.));
#170 = PCURVE('',#54,#171);
#171 = DEFINITIONAL_REPRESENTATION('',(#172),#176);
#172 = LINE('',#173,#174);
#173 = CARTESIAN_POINT('',(0.,-9.525));
#174 = VECTOR('',#175,1.);
#175 = DIRECTION('',(1.,0.));
#176 = ( GEOMETRIC_REPRESENTATION_CONTEXT(2)
PARAMETRIC_REPRESENTATION_CONTEXT() REPRESENTATION_CONTEXT('2D SPACE',''
  ) );
#177 = PCURVE('',#178,#183);
#178 = PLANE('',#179);
#179 = AXIS2_PLACEMENT_3D('',#180,#181,#182);
#180 = CARTESIAN_POINT('',(-52.,141.525,-20.));
#181 = DIRECTION('',(-0.,0.,1.));
#182 = DIRECTION('',(1.,0.,0.));
#183 = DEFINITIONAL_REPRESENTATION('',(#184),#188);
#184 = LINE('',#185,#186);
#185 = CARTESIAN_POINT('',(0.,0.));
#186 = VECTOR('',#187,1.);
#187 = DIRECTION('',(1.,0.));
#188 = ( GEOMETRIC_REPRESENTATION_CONTEXT(2)
PARAMETRIC_REPRESENTATION_CONTEXT() REPRESENTATION_CONTEXT('2D SPACE',''
  ) );
#189 = ORIENTED_EDGE('',*,*,#190,.T.);
#190 = EDGE_CURVE('',#163,#191,#193,.T.);
#191 = VERTEX_POINT('',#192);
#192 = CARTESIAN_POINT('',(34.,141.525,-20.));
#193 = SURFACE_CURVE('',#194,(#198,#205),.PCURVE_S1.);
#194 = LINE('',#195,#196);
#195 = CARTESIAN_POINT('',(-52.,141.525,-20.));
#196 = VECTOR('',#197,1.);
#197 = DIRECTION('',(1.,0.,0.));
#198 = PCURVE('',#54,#199);
#199 = DEFINITIONAL_REPRESENTATION('',(#200),#204);
#200 = LINE('',#201,#202);
#201 = CARTESIAN_POINT('',(0.,-9.525));
#202 = VECTOR('',#203,1.);
#203 = DIRECTION('',(1.,0.));
#204 = ( GEOMETRIC_REPRESENTATION_CONTEXT(2)
PARAMETRIC_REPRESENTATION_CONTEXT() REPRESENTATION_CONTEXT('2D SPACE',''
  ) );
#205 = PCURVE('',#206,#211);
#206 = PLANE('',#207);
#207 = AXIS2_PLACEMENT_3D('',#208,#209,#210);
#208 = CARTESIAN_POINT('',(0.,141.525,0.576923076923));
#209 = DIRECTION('',(-0.,-1.,-0.));
#210 = DIRECTION('',(0.,0.,-1.));
#211 = DEFINITIONAL_REPRESENTATION('',(#212),#216);
#212 = LINE('',#213,#214);
#213 = CARTESIAN_POINT('',(20.576923076923,-52.));
#214 = VECTOR('',#215,1.);
#215 = DIRECTION('',(0.,1.));
#216 = ( GEOMETRIC_REPRESENTATION_CONTEXT(2)
PARAMETRIC_REPRESENTATION_CONTEXT() REPRESENTATION_CONTEXT('2D SPACE',''
  ) );
#217 = ORIENTED_EDGE('',*,*,#218,.T.);
#218 = EDGE_CURVE('',#191,#219,#221,.T.);
#219 = VERTEX_POINT('',#220);
#220 = CARTESIAN_POINT('',(50.,141.525,-20.));
#221 = SURFACE_CURVE('',#222,(#226,#233),.PCURVE_S1.);
#222 = LINE('',#223,#224);
#223 = CARTESIAN_POINT('',(-52.,141.525,-20.));
#224 = VECTOR('',#225,1.);
#225 = DIRECTION('',(1.,0.,0.));
#226 = PCURVE('',#54,#227);
#227 = DEFINITIONAL_REPRESENTATION('',(#228),#232);
#228 = LINE('',#229,#230);
#229 = CARTESIAN_POINT('',(0.,-9.525));
#230 = VECTOR('',#231,1.);
#231 = DIRECTION('',(1.,0.));
#232 = ( GEOMETRIC_REPRESENTATION_CONTEXT(2)
PARAMETRIC_REPRESENTATION_CONTEXT() REPRESENTATION_CONTEXT('2D SPACE',''
  ) );
#233 = PCURVE('',#234,#239);
#234 = PLANE('',#235);
#235 = AXIS2_PLACEMENT_3D('',#236,#237,#238);
#236 = CARTESIAN_POINT('',(32.,141.525,-20.));
#237 = DIRECTION('',(-0.,0.,1.));
#238 = DIRECTION('',(1.,0.,0.));
#239 = DEFINITIONAL_REPRESENTATION('',(#240),#244);
#240 = LINE('',#241,#242);
#241 = CARTESIAN_POINT('',(-84.,0.));
#242 = VECTOR('',#243,1.);
#243 = DIRECTION('',(1.,0.));
#244 = ( GEOMETRIC_REPRESENTATION_CONTEXT(2)
PARAMETRIC_REPRESENTATION_CONTEXT() REPRESENTATION_CONTEXT('2D SPACE',''
  ) );
#245 = ORIENTED_EDGE('',*,*,#246,.F.);
#246 = EDGE_CURVE('',#247,#219,#249,.T.);
#247 = VERTEX_POINT('',#248);
#248 = CARTESIAN_POINT('',(50.,150.05,-20.));
#249 = SURFACE_CURVE('',#250,(#254,#261),.PCURVE_S1.);
#250 = LINE('',#251,#252);
#251 = CARTESIAN_POINT('',(50.,151.05,-20.));
#252 = VECTOR('',#253,1.);
#253 = DIRECTION('',(0.,-1.,0.));
#254 = PCURVE('',#54,#255);
#255 = DEFINITIONAL_REPRESENTATION('',(#256),#260);
#256 = LINE('',#257,#258);
#257 = CARTESIAN_POINT('',(102.,0.));
#258 = VECTOR('',#259,1.);
#259 = DIRECTION('',(0.,-1.));
#260 = ( GEOMETRIC_REPRESENTATION_CONTEXT(2)
PARAMETRIC_REPRESENTATION_CONTEXT() REPRESENTATION_CONTEXT('2D SPACE',''
  ) );
#261 = PCURVE('',#262,#267);
#262 = CYLINDRICAL_SURFACE('',#263,2.);
#263 = AXIS2_PLACEMENT_3D('',#264,#265,#266);
#264 = CARTESIAN_POINT('',(50.,151.05,-18.));
#265 = DIRECTION('',(0.,-1.,0.));
#266 = DIRECTION('',(0.,-0.,-1.));
#267 = DEFINITIONAL_REPRESENTATION('',(#268),#272);
#268 = LINE('',#269,#270);
#269 = CARTESIAN_POINT('',(0.,0.));
#270 = VECTOR('',#271,1.);
#271 = DIRECTION('',(0.,1.));
#272 = ( GEOMETRIC_REPRESENTATION_CONTEXT(2)
PARAMETRIC_REPRESENTATION_CONTEXT() REPRESENTATION_CONTEXT('2D SPACE',''
  ) );
#273 = ORIENTED_EDGE('',*,*,#274,.F.);
#274 = EDGE_CURVE('',#275,#247,#277,.T.);
#275 = VERTEX_POINT('',#276);
#276 = CARTESIAN_POINT('',(23.5,150.05,-20.));
#277 = SURFACE_CURVE('',#278,(#282,#289),.PCURVE_S1.);
#278 = LINE('',#279,#280);
#279 = CARTESIAN_POINT('',(23.5,150.05,-20.));
#280 = VECTOR('',#281,1.);
#281 = DIRECTION('',(1.,0.,-0.));
#282 = PCURVE('',#54,#283);
#283 = DEFINITIONAL_REPRESENTATION('',(#284),#288);
#284 = LINE('',#285,#286);
#285 = CARTESIAN_POINT('',(75.5,-1.));
#286 = VECTOR('',#287,1.);
#287 = DIRECTION('',(1.,0.));
#288 = ( GEOMETRIC_REPRESENTATION_CONTEXT(2)
PARAMETRIC_REPRESENTATION_CONTEXT() REPRESENTATION_CONTEXT('2D SPACE',''
  ) );
#289 = PCURVE('',#290,#295);
#290 = PLANE('',#291);
#291 = AXIS2_PLACEMENT_3D('',#292,#293,#294);
#292 = CARTESIAN_POINT('',(23.5,150.05,-20.));
#293 = DIRECTION('',(-0.,1.,0.));
#294 = DIRECTION('',(0.,0.,1.));
#295 = DEFINITIONAL_REPRESENTATION('',(#296),#300);
#296 = LINE('',#297,#298);
#297 = CARTESIAN_POINT('',(0.,0.));
#298 = VECTOR('',#299,1.);
#299 = DIRECTION('',(0.,1.));
#300 = ( GEOMETRIC_REPRESENTATION_CONTEXT(2)
PARAMETRIC_REPRESENTATION_CONTEXT() REPRESENTATION_CONTEXT('2D SPACE',''
  ) );
#301 = ORIENTED_EDGE('',*,*,#302,.T.);
#302 = EDGE_CURVE('',#275,#46,#303,.T.);
#303 = SURFACE_CURVE('',#304,(#308,#315),.PCURVE_S1.);
#304 = LINE('',#305,#306);
#305 = CARTESIAN_POINT('',(23.5,150.05,-20.));
#306 = VECTOR('',#307,1.);
#307 = DIRECTION('',(-0.,1.,0.));
#308 = PCURVE('',#54,#309);
#309 = DEFINITIONAL_REPRESENTATION('',(#310),#314);
#310 = LINE('',#311,#312);
#311 = CARTESIAN_POINT('',(75.5,-1.));
#312 = VECTOR('',#313,1.);
#313 = DIRECTION('',(0.,1.));
#314 = ( GEOMETRIC_REPRESENTATION_CONTEXT(2)
PARAMETRIC_REPRESENTATION_CONTEXT() REPRESENTATION_CONTEXT('2D SPACE',''
  ) );
#315 = PCURVE('',#316,#321);
#316 = PLANE('',#317);
#317 = AXIS2_PLACEMENT_3D('',#318,#319,#320);
#318 = CARTESIAN_POINT('',(23.5,150.05,-20.));
#319 = DIRECTION('',(1.,0.,-0.));
#320 = DIRECTION('',(0.,0.,1.));
#321 = DEFINITIONAL_REPRESENTATION('',(#322),#326);
#322 = LINE('',#323,#324);
#323 = CARTESIAN_POINT('',(0.,0.));
#324 = VECTOR('',#325,1.);
#325 = DIRECTION('',(0.,-1.));
#326 = ( GEOMETRIC_REPRESENTATION_CONTEXT(2)
PARAMETRIC_REPRESENTATION_CONTEXT() REPRESENTATION_CONTEXT('2D SPACE',''
  ) );
#327 = ADVANCED_FACE('',(#328,#461,#496,#531,#566,#601,#636),#66,.F.);
#328 = FACE_BOUND('',#329,.F.);
#329 = EDGE_LOOP('',(#330,#353,#354,#377,#406,#434));
#330 = ORIENTED_EDGE('',*,*,#331,.F.);
#331 = EDGE_CURVE('',#44,#332,#334,.T.);
#332 = VERTEX_POINT('',#333);
#333 = CARTESIAN_POINT('',(-23.5,151.05,19.322875655532));
#334 = SURFACE_CURVE('',#335,(#339,#346),.PCURVE_S1.);
#335 = LINE('',#336,#337);
#336 = CARTESIAN_POINT('',(-23.5,151.05,-20.));
#337 = VECTOR('',#338,1.);
#338 = DIRECTION('',(0.,0.,1.));
#339 = PCURVE('',#66,#340);
#340 = DEFINITIONAL_REPRESENTATION('',(#341),#345);
#341 = LINE('',#342,#343);
#342 = CARTESIAN_POINT('',(20.576923076923,-23.5));
#343 = VECTOR('',#344,1.);
#344 = DIRECTION('',(-1.,0.));
#345 = ( GEOMETRIC_REPRESENTATION_CONTEXT(2)
PARAMETRIC_REPRESENTATION_CONTEXT() REPRESENTATION_CONTEXT('2D SPACE',''
  ) );
#346 = PCURVE('',#94,#347);
#347 = DEFINITIONAL_REPRESENTATION('',(#348),#352);
#348 = LINE('',#349,#350);
#349 = CARTESIAN_POINT('',(0.,-1.));
#350 = VECTOR('',#351,1.);
#351 = DIRECTION('',(1.,0.));
#352 = ( GEOMETRIC_REPRESENTATION_CONTEXT(2)
PARAMETRIC_REPRESENTATION_CONTEXT() REPRESENTATION_CONTEXT('2D SPACE',''
  ) );
#353 = ORIENTED_EDGE('',*,*,#43,.T.);
#354 = ORIENTED_EDGE('',*,*,#355,.T.);
#355 = EDGE_CURVE('',#46,#356,#358,.T.);
#356 = VERTEX_POINT('',#357);
#357 = CARTESIAN_POINT('',(23.5,151.05,19.322875655532));
#358 = SURFACE_CURVE('',#359,(#363,#370),.PCURVE_S1.);
#359 = LINE('',#360,#361);
#360 = CARTESIAN_POINT('',(23.5,151.05,-20.));
#361 = VECTOR('',#362,1.);
#362 = DIRECTION('',(0.,0.,1.));
#363 = PCURVE('',#66,#364);
#364 = DEFINITIONAL_REPRESENTATION('',(#365),#369);
#365 = LINE('',#366,#367);
#366 = CARTESIAN_POINT('',(20.576923076923,23.5));
#367 = VECTOR('',#368,1.);
#368 = DIRECTION('',(-1.,0.));
#369 = ( GEOMETRIC_REPRESENTATION_CONTEXT(2)
PARAMETRIC_REPRESENTATION_CONTEXT() REPRESENTATION_CONTEXT('2D SPACE',''
  ) );
#370 = PCURVE('',#316,#371);
#371 = DEFINITIONAL_REPRESENTATION('',(#372),#376);
#372 = LINE('',#373,#374);
#373 = CARTESIAN_POINT('',(0.,-1.));
#374 = VECTOR('',#375,1.);
#375 = DIRECTION('',(1.,0.));
#376 = ( GEOMETRIC_REPRESENTATION_CONTEXT(2)
PARAMETRIC_REPRESENTATION_CONTEXT() REPRESENTATION_CONTEXT('2D SPACE',''
  ) );
#377 = ORIENTED_EDGE('',*,*,#378,.T.);
#378 = EDGE_CURVE('',#356,#379,#381,.T.);
#379 = VERTEX_POINT('',#380);
#380 = CARTESIAN_POINT('',(22.,151.05,20.));
#381 = SURFACE_CURVE('',#382,(#387,#394),.PCURVE_S1.);
#382 = CIRCLE('',#383,2.);
#383 = AXIS2_PLACEMENT_3D('',#384,#385,#386);
#384 = CARTESIAN_POINT('',(22.,151.05,18.));
#385 = DIRECTION('',(0.,-1.,0.));
#386 = DIRECTION('',(0.,-0.,-1.));
#387 = PCURVE('',#66,#388);
#388 = DEFINITIONAL_REPRESENTATION('',(#389),#393);
#389 = CIRCLE('',#390,2.);
#390 = AXIS2_PLACEMENT_2D('',#391,#392);
#391 = CARTESIAN_POINT('',(-17.42307692307,22.));
#392 = DIRECTION('',(1.,0.));
#393 = ( GEOMETRIC_REPRESENTATION_CONTEXT(2)
PARAMETRIC_REPRESENTATION_CONTEXT() REPRESENTATION_CONTEXT('2D SPACE',''
  ) );
#394 = PCURVE('',#395,#400);
#395 = CYLINDRICAL_SURFACE('',#396,2.);
#396 = AXIS2_PLACEMENT_3D('',#397,#398,#399);
#397 = CARTESIAN_POINT('',(22.,151.05,18.));
#398 = DIRECTION('',(0.,-1.,0.));
#399 = DIRECTION('',(1.,0.,-0.));
#400 = DEFINITIONAL_REPRESENTATION('',(#401),#405);
#401 = LINE('',#402,#403);
#402 = CARTESIAN_POINT('',(-1.570796326795,0.));
#403 = VECTOR('',#404,1.);
#404 = DIRECTION('',(1.,0.));
#405 = ( GEOMETRIC_REPRESENTATION_CONTEXT(2)
PARAMETRIC_REPRESENTATION_CONTEXT() REPRESENTATION_CONTEXT('2D SPACE',''
  ) );
#406 = ORIENTED_EDGE('',*,*,#407,.T.);
#407 = EDGE_CURVE('',#379,#408,#410,.T.);
#408 = VERTEX_POINT('',#409);
#409 = CARTESIAN_POINT('',(-22.,151.05,20.));
#410 = SURFACE_CURVE('',#411,(#415,#422),.PCURVE_S1.);
#411 = LINE('',#412,#413);
#412 = CARTESIAN_POINT('',(24.,151.05,20.));
#413 = VECTOR('',#414,1.);
#414 = DIRECTION('',(-1.,0.,0.));
#415 = PCURVE('',#66,#416);
#416 = DEFINITIONAL_REPRESENTATION('',(#417),#421);
#417 = LINE('',#418,#419);
#418 = CARTESIAN_POINT('',(-19.42307692307,24.));
#419 = VECTOR('',#420,1.);
#420 = DIRECTION('',(0.,-1.));
#421 = ( GEOMETRIC_REPRESENTATION_CONTEXT(2)
PARAMETRIC_REPRESENTATION_CONTEXT() REPRESENTATION_CONTEXT('2D SPACE',''
  ) );
#422 = PCURVE('',#423,#428);
#423 = PLANE('',#424);
#424 = AXIS2_PLACEMENT_3D('',#425,#426,#427);
#425 = CARTESIAN_POINT('',(24.,151.05,20.));
#426 = DIRECTION('',(-0.,-0.,-1.));
#427 = DIRECTION('',(-1.,0.,0.));
#428 = DEFINITIONAL_REPRESENTATION('',(#429),#433);
#429 = LINE('',#430,#431);
#430 = CARTESIAN_POINT('',(0.,0.));
#431 = VECTOR('',#432,1.);
#432 = DIRECTION('',(1.,0.));
#433 = ( GEOMETRIC_REPRESENTATION_CONTEXT(2)
PARAMETRIC_REPRESENTATION_CONTEXT() REPRESENTATION_CONTEXT('2D SPACE',''
  ) );
#434 = ORIENTED_EDGE('',*,*,#435,.T.);
#435 = EDGE_CURVE('',#408,#332,#436,.T.);
#436 = SURFACE_CURVE('',#437,(#442,#449),.PCURVE_S1.);
#437 = CIRCLE('',#438,2.);
#438 = AXIS2_PLACEMENT_3D('',#439,#440,#441);
#439 = CARTESIAN_POINT('',(-22.,151.05,18.));
#440 = DIRECTION('',(0.,-1.,0.));
#441 = DIRECTION('',(0.,-0.,-1.));
#442 = PCURVE('',#66,#443);
#443 = DEFINITIONAL_REPRESENTATION('',(#444),#448);
#444 = CIRCLE('',#445,2.);
#445 = AXIS2_PLACEMENT_2D('',#446,#447);
#446 = CARTESIAN_POINT('',(-17.42307692307,-22.));
#447 = DIRECTION('',(1.,0.));
#448 = ( GEOMETRIC_REPRESENTATION_CONTEXT(2)
PARAMETRIC_REPRESENTATION_CONTEXT() REPRESENTATION_CONTEXT('2D SPACE',''
  ) );
#449 = PCURVE('',#450,#455);
#450 = CYLINDRICAL_SURFACE('',#451,2.);
#451 = AXIS2_PLACEMENT_3D('',#452,#453,#454);
#452 = CARTESIAN_POINT('',(-22.,151.05,18.));
#453 = DIRECTION('',(0.,-1.,0.));
#454 = DIRECTION('',(-0.,0.,1.));
#455 = DEFINITIONAL_REPRESENTATION('',(#456),#460);
#456 = LINE('',#457,#458);
#457 = CARTESIAN_POINT('',(-3.14159265359,0.));
#458 = VECTOR('',#459,1.);
#459 = DIRECTION('',(1.,0.));
#460 = ( GEOMETRIC_REPRESENTATION_CONTEXT(2)
PARAMETRIC_REPRESENTATION_CONTEXT() REPRESENTATION_CONTEXT('2D SPACE',''
  ) );
#461 = FACE_BOUND('',#462,.F.);
#462 = EDGE_LOOP('',(#463));
#463 = ORIENTED_EDGE('',*,*,#464,.T.);
#464 = EDGE_CURVE('',#465,#465,#467,.T.);
#465 = VERTEX_POINT('',#466);
#466 = CARTESIAN_POINT('',(-16.,151.05,9.35));
#467 = SURFACE_CURVE('',#468,(#473,#484),.PCURVE_S1.);
#468 = CIRCLE('',#469,1.35);
#469 = AXIS2_PLACEMENT_3D('',#470,#471,#472);
#470 = CARTESIAN_POINT('',(-16.,151.05,8.));
#471 = DIRECTION('',(0.,1.,0.));
#472 = DIRECTION('',(0.,-0.,1.));
#473 = PCURVE('',#66,#474);
#474 = DEFINITIONAL_REPRESENTATION('',(#475),#483);
#475 = ( BOUNDED_CURVE() B_SPLINE_CURVE(2,(#476,#477,#478,#479,#480,#481
,#482),.UNSPECIFIED.,.T.,.F.) B_SPLINE_CURVE_WITH_KNOTS((1,2,2,2,2,1),(
    -2.094395102393,0.,2.094395102393,4.188790204786,6.28318530718,
8.377580409573),.UNSPECIFIED.) CURVE() GEOMETRIC_REPRESENTATION_ITEM()
RATIONAL_B_SPLINE_CURVE((1.,0.5,1.,0.5,1.,0.5,1.)) REPRESENTATION_ITEM(
  '') );
#476 = CARTESIAN_POINT('',(-8.773076923077,-16.));
#477 = CARTESIAN_POINT('',(-8.773076923077,-13.66173140978));
#478 = CARTESIAN_POINT('',(-6.748076923077,-14.83086570489));
#479 = CARTESIAN_POINT('',(-4.723076923077,-16.));
#480 = CARTESIAN_POINT('',(-6.748076923077,-17.1691342951));
#481 = CARTESIAN_POINT('',(-8.773076923077,-18.33826859021));
#482 = CARTESIAN_POINT('',(-8.773076923077,-16.));
#483 = ( GEOMETRIC_REPRESENTATION_CONTEXT(2)
PARAMETRIC_REPRESENTATION_CONTEXT() REPRESENTATION_CONTEXT('2D SPACE',''
  ) );
#484 = PCURVE('',#485,#490);
#485 = CYLINDRICAL_SURFACE('',#486,1.35);
#486 = AXIS2_PLACEMENT_3D('',#487,#488,#489);
#487 = CARTESIAN_POINT('',(-16.,141.525,8.));
#488 = DIRECTION('',(0.,1.,0.));
#489 = DIRECTION('',(0.,-0.,1.));
#490 = DEFINITIONAL_REPRESENTATION('',(#491),#495);
#491 = LINE('',#492,#493);
#492 = CARTESIAN_POINT('',(0.,9.525));
#493 = VECTOR('',#494,1.);
#494 = DIRECTION('',(1.,0.));
#495 = ( GEOMETRIC_REPRESENTATION_CONTEXT(2)
PARAMETRIC_REPRESENTATION_CONTEXT() REPRESENTATION_CONTEXT('2D SPACE',''
  ) );
#496 = FACE_BOUND('',#497,.F.);
#497 = EDGE_LOOP('',(#498));
#498 = ORIENTED_EDGE('',*,*,#499,.T.);
#499 = EDGE_CURVE('',#500,#500,#502,.T.);
#500 = VERTEX_POINT('',#501);
#501 = CARTESIAN_POINT('',(-16.,151.05,-6.65));
#502 = SURFACE_CURVE('',#503,(#508,#519),.PCURVE_S1.);
#503 = CIRCLE('',#504,1.35);
#504 = AXIS2_PLACEMENT_3D('',#505,#506,#507);
#505 = CARTESIAN_POINT('',(-16.,151.05,-8.));
#506 = DIRECTION('',(0.,1.,0.));
#507 = DIRECTION('',(0.,-0.,1.));
#508 = PCURVE('',#66,#509);
#509 = DEFINITIONAL_REPRESENTATION('',(#510),#518);
#510 = ( BOUNDED_CURVE() B_SPLINE_CURVE(2,(#511,#512,#513,#514,#515,#516
,#517),.UNSPECIFIED.,.T.,.F.) B_SPLINE_CURVE_WITH_KNOTS((1,2,2,2,2,1),(
    -2.094395102393,0.,2.094395102393,4.188790204786,6.28318530718,
8.377580409573),.UNSPECIFIED.) CURVE() GEOMETRIC_REPRESENTATION_ITEM()
RATIONAL_B_SPLINE_CURVE((1.,0.5,1.,0.5,1.,0.5,1.)) REPRESENTATION_ITEM(
  '') );
#511 = CARTESIAN_POINT('',(7.226923076923,-16.));
#512 = CARTESIAN_POINT('',(7.226923076923,-13.66173140978));
#513 = CARTESIAN_POINT('',(9.251923076923,-14.83086570489));
#514 = CARTESIAN_POINT('',(11.276923076923,-16.));
#515 = CARTESIAN_POINT('',(9.251923076923,-17.1691342951));
#516 = CARTESIAN_POINT('',(7.226923076923,-18.33826859021));
#517 = CARTESIAN_POINT('',(7.226923076923,-16.));
#518 = ( GEOMETRIC_REPRESENTATION_CONTEXT(2)
PARAMETRIC_REPRESENTATION_CONTEXT() REPRESENTATION_CONTEXT('2D SPACE',''
  ) );
#519 = PCURVE('',#520,#525);
#520 = CYLINDRICAL_SURFACE('',#521,1.35);
#521 = AXIS2_PLACEMENT_3D('',#522,#523,#524);
#522 = CARTESIAN_POINT('',(-16.,141.525,-8.));
#523 = DIRECTION('',(0.,1.,0.));
#524 = DIRECTION('',(0.,-0.,1.));
#525 = DEFINITIONAL_REPRESENTATION('',(#526),#530);
#526 = LINE('',#527,#528);
#527 = CARTESIAN_POINT('',(0.,9.525));
#528 = VECTOR('',#529,1.);
#529 = DIRECTION('',(1.,0.));
#530 = ( GEOMETRIC_REPRESENTATION_CONTEXT(2)
PARAMETRIC_REPRESENTATION_CONTEXT() REPRESENTATION_CONTEXT('2D SPACE',''
  ) );
#531 = FACE_BOUND('',#532,.F.);
#532 = EDGE_LOOP('',(#533));
#533 = ORIENTED_EDGE('',*,*,#534,.T.);
#534 = EDGE_CURVE('',#535,#535,#537,.T.);
#535 = VERTEX_POINT('',#536);
#536 = CARTESIAN_POINT('',(-6.73555739531E-16,151.05,12.75));
#537 = SURFACE_CURVE('',#538,(#543,#554),.PCURVE_S1.);
#538 = CIRCLE('',#539,2.75);
#539 = AXIS2_PLACEMENT_3D('',#540,#541,#542);
#540 = CARTESIAN_POINT('',(0.,151.05,10.));
#541 = DIRECTION('',(0.,1.,0.));
#542 = DIRECTION('',(0.,-0.,1.));
#543 = PCURVE('',#66,#544);
#544 = DEFINITIONAL_REPRESENTATION('',(#545),#553);
#545 = ( BOUNDED_CURVE() B_SPLINE_CURVE(2,(#546,#547,#548,#549,#550,#551
,#552),.UNSPECIFIED.,.T.,.F.) B_SPLINE_CURVE_WITH_KNOTS((1,2,2,2,2,1),(
    -2.094395102393,0.,2.094395102393,4.188790204786,6.28318530718,
8.377580409573),.UNSPECIFIED.) CURVE() GEOMETRIC_REPRESENTATION_ITEM()
RATIONAL_B_SPLINE_CURVE((1.,0.5,1.,0.5,1.,0.5,1.)) REPRESENTATION_ITEM(
  '') );
#546 = CARTESIAN_POINT('',(-12.17307692307,0.));
#547 = CARTESIAN_POINT('',(-12.17307692307,4.763139720814));
#548 = CARTESIAN_POINT('',(-8.048076923077,2.381569860407));
#549 = CARTESIAN_POINT('',(-3.923076923077,6.73555739531E-16));
#550 = CARTESIAN_POINT('',(-8.048076923077,-2.381569860407));
#551 = CARTESIAN_POINT('',(-12.17307692307,-4.763139720814));
#552 = CARTESIAN_POINT('',(-12.17307692307,0.));
#553 = ( GEOMETRIC_REPRESENTATION_CONTEXT(2)
PARAMETRIC_REPRESENTATION_CONTEXT() REPRESENTATION_CONTEXT('2D SPACE',''
  ) );
#554 = PCURVE('',#555,#560);
#555 = CYLINDRICAL_SURFACE('',#556,2.75);
#556 = AXIS2_PLACEMENT_3D('',#557,#558,#559);
#557 = CARTESIAN_POINT('',(0.,141.525,10.));
#558 = DIRECTION('',(0.,1.,0.));
#559 = DIRECTION('',(0.,-0.,1.));
#560 = DEFINITIONAL_REPRESENTATION('',(#561),#565);
#561 = LINE('',#562,#563);
#562 = CARTESIAN_POINT('',(0.,9.525));
#563 = VECTOR('',#564,1.);
#564 = DIRECTION('',(1.,0.));
#565 = ( GEOMETRIC_REPRESENTATION_CONTEXT(2)
PARAMETRIC_REPRESENTATION_CONTEXT() REPRESENTATION_CONTEXT('2D SPACE',''
  ) );
#566 = FACE_BOUND('',#567,.F.);
#567 = EDGE_LOOP('',(#568));
#568 = ORIENTED_EDGE('',*,*,#569,.T.);
#569 = EDGE_CURVE('',#570,#570,#572,.T.);
#570 = VERTEX_POINT('',#571);
#571 = CARTESIAN_POINT('',(16.,151.05,9.35));
#572 = SURFACE_CURVE('',#573,(#578,#589),.PCURVE_S1.);
#573 = CIRCLE('',#574,1.35);
#574 = AXIS2_PLACEMENT_3D('',#575,#576,#577);
#575 = CARTESIAN_POINT('',(16.,151.05,8.));
#576 = DIRECTION('',(0.,1.,0.));
#577 = DIRECTION('',(0.,-0.,1.));
#578 = PCURVE('',#66,#579);
#579 = DEFINITIONAL_REPRESENTATION('',(#580),#588);
#580 = ( BOUNDED_CURVE() B_SPLINE_CURVE(2,(#581,#582,#583,#584,#585,#586
,#587),.UNSPECIFIED.,.T.,.F.) B_SPLINE_CURVE_WITH_KNOTS((1,2,2,2,2,1),(
    -2.094395102393,0.,2.094395102393,4.188790204786,6.28318530718,
8.377580409573),.UNSPECIFIED.) CURVE() GEOMETRIC_REPRESENTATION_ITEM()
RATIONAL_B_SPLINE_CURVE((1.,0.5,1.,0.5,1.,0.5,1.)) REPRESENTATION_ITEM(
  '') );
#581 = CARTESIAN_POINT('',(-8.773076923077,16.));
#582 = CARTESIAN_POINT('',(-8.773076923077,18.338268590218));
#583 = CARTESIAN_POINT('',(-6.748076923077,17.169134295109));
#584 = CARTESIAN_POINT('',(-4.723076923077,16.));
#585 = CARTESIAN_POINT('',(-6.748076923077,14.830865704891));
#586 = CARTESIAN_POINT('',(-8.773076923077,13.661731409782));
#587 = CARTESIAN_POINT('',(-8.773076923077,16.));
#588 = ( GEOMETRIC_REPRESENTATION_CONTEXT(2)
PARAMETRIC_REPRESENTATION_CONTEXT() REPRESENTATION_CONTEXT('2D SPACE',''
  ) );
#589 = PCURVE('',#590,#595);
#590 = CYLINDRICAL_SURFACE('',#591,1.35);
#591 = AXIS2_PLACEMENT_3D('',#592,#593,#594);
#592 = CARTESIAN_POINT('',(16.,141.525,8.));
#593 = DIRECTION('',(0.,1.,0.));
#594 = DIRECTION('',(0.,-0.,1.));
#595 = DEFINITIONAL_REPRESENTATION('',(#596),#600);
#596 = LINE('',#597,#598);
#597 = CARTESIAN_POINT('',(0.,9.525));
#598 = VECTOR('',#599,1.);
#599 = DIRECTION('',(1.,0.));
#600 = ( GEOMETRIC_REPRESENTATION_CONTEXT(2)
PARAMETRIC_REPRESENTATION_CONTEXT() REPRESENTATION_CONTEXT('2D SPACE',''
  ) );
#601 = FACE_BOUND('',#602,.F.);
#602 = EDGE_LOOP('',(#603));
#603 = ORIENTED_EDGE('',*,*,#604,.T.);
#604 = EDGE_CURVE('',#605,#605,#607,.T.);
#605 = VERTEX_POINT('',#606);
#606 = CARTESIAN_POINT('',(-6.73555739531E-16,151.05,-7.25));
#607 = SURFACE_CURVE('',#608,(#613,#624),.PCURVE_S1.);
#608 = CIRCLE('',#609,2.75);
#609 = AXIS2_PLACEMENT_3D('',#610,#611,#612);
#610 = CARTESIAN_POINT('',(0.,151.05,-10.));
#611 = DIRECTION('',(0.,1.,0.));
#612 = DIRECTION('',(0.,-0.,1.));
#613 = PCURVE('',#66,#614);
#614 = DEFINITIONAL_REPRESENTATION('',(#615),#623);
#615 = ( BOUNDED_CURVE() B_SPLINE_CURVE(2,(#616,#617,#618,#619,#620,#621
,#622),.UNSPECIFIED.,.T.,.F.) B_SPLINE_CURVE_WITH_KNOTS((1,2,2,2,2,1),(
    -2.094395102393,0.,2.094395102393,4.188790204786,6.28318530718,
8.377580409573),.UNSPECIFIED.) CURVE() GEOMETRIC_REPRESENTATION_ITEM()
RATIONAL_B_SPLINE_CURVE((1.,0.5,1.,0.5,1.,0.5,1.)) REPRESENTATION_ITEM(
  '') );
#616 = CARTESIAN_POINT('',(7.826923076923,0.));
#617 = CARTESIAN_POINT('',(7.826923076923,4.763139720814));
#618 = CARTESIAN_POINT('',(11.951923076923,2.381569860407));
#619 = CARTESIAN_POINT('',(16.076923076923,6.73555739531E-16));
#620 = CARTESIAN_POINT('',(11.951923076923,-2.381569860407));
#621 = CARTESIAN_POINT('',(7.826923076923,-4.763139720814));
#622 = CARTESIAN_POINT('',(7.826923076923,0.));
#623 = ( GEOMETRIC_REPRESENTATION_CONTEXT(2)
PARAMETRIC_REPRESENTATION_CONTEXT() REPRESENTATION_CONTEXT('2D SPACE',''
  ) );
#624 = PCURVE('',#625,#630);
#625 = CYLINDRICAL_SURFACE('',#626,2.75);
#626 = AXIS2_PLACEMENT_3D('',#627,#628,#629);
#627 = CARTESIAN_POINT('',(0.,141.525,-10.));
#628 = DIRECTION('',(0.,1.,0.));
#629 = DIRECTION('',(0.,-0.,1.));
#630 = DEFINITIONAL_REPRESENTATION('',(#631),#635);
#631 = LINE('',#632,#633);
#632 = CARTESIAN_POINT('',(0.,9.525));
#633 = VECTOR('',#634,1.);
#634 = DIRECTION('',(1.,0.));
#635 = ( GEOMETRIC_REPRESENTATION_CONTEXT(2)
PARAMETRIC_REPRESENTATION_CONTEXT() REPRESENTATION_CONTEXT('2D SPACE',''
  ) );
#636 = FACE_BOUND('',#637,.F.);
#637 = EDGE_LOOP('',(#638));
#638 = ORIENTED_EDGE('',*,*,#639,.T.);
#639 = EDGE_CURVE('',#640,#640,#642,.T.);
#640 = VERTEX_POINT('',#641);
#641 = CARTESIAN_POINT('',(16.,151.05,-6.65));
#642 = SURFACE_CURVE('',#643,(#648,#659),.PCURVE_S1.);
#643 = CIRCLE('',#644,1.35);
#644 = AXIS2_PLACEMENT_3D('',#645,#646,#647);
#645 = CARTESIAN_POINT('',(16.,151.05,-8.));
#646 = DIRECTION('',(0.,1.,0.));
#647 = DIRECTION('',(0.,-0.,1.));
#648 = PCURVE('',#66,#649);
#649 = DEFINITIONAL_REPRESENTATION('',(#650),#658);
#650 = ( BOUNDED_CURVE() B_SPLINE_CURVE(2,(#651,#652,#653,#654,#655,#656
,#657),.UNSPECIFIED.,.T.,.F.) B_SPLINE_CURVE_WITH_KNOTS((1,2,2,2,2,1),(
    -2.094395102393,0.,2.094395102393,4.188790204786,6.28318530718,
8.377580409573),.UNSPECIFIED.) CURVE() GEOMETRIC_REPRESENTATION_ITEM()
RATIONAL_B_SPLINE_CURVE((1.,0.5,1.,0.5,1.,0.5,1.)) REPRESENTATION_ITEM(
  '') );
#651 = CARTESIAN_POINT('',(7.226923076923,16.));
#652 = CARTESIAN_POINT('',(7.226923076923,18.338268590218));
#653 = CARTESIAN_POINT('',(9.251923076923,17.169134295109));
#654 = CARTESIAN_POINT('',(11.276923076923,16.));
#655 = CARTESIAN_POINT('',(9.251923076923,14.830865704891));
#656 = CARTESIAN_POINT('',(7.226923076923,13.661731409782));
#657 = CARTESIAN_POINT('',(7.226923076923,16.));
#658 = ( GEOMETRIC_REPRESENTATION_CONTEXT(2)
PARAMETRIC_REPRESENTATION_CONTEXT() REPRESENTATION_CONTEXT('2D SPACE',''
  ) );
#659 = PCURVE('',#660,#665);
#660 = CYLINDRICAL_SURFACE('',#661,1.35);
#661 = AXIS2_PLACEMENT_3D('',#662,#663,#664);
#662 = CARTESIAN_POINT('',(16.,141.525,-8.));
#663 = DIRECTION('',(0.,1.,0.));
#664 = DIRECTION('',(0.,-0.,1.));
#665 = DEFINITIONAL_REPRESENTATION('',(#666),#670);
#666 = LINE('',#667,#668);
#667 = CARTESIAN_POINT('',(0.,9.525));
#668 = VECTOR('',#669,1.);
#669 = DIRECTION('',(1.,0.));
#670 = ( GEOMETRIC_REPRESENTATION_CONTEXT(2)
PARAMETRIC_REPRESENTATION_CONTEXT() REPRESENTATION_CONTEXT('2D SPACE',''
  ) );
#671 = ADVANCED_FACE('',(#672),#316,.T.);
#672 = FACE_BOUND('',#673,.T.);
#673 = EDGE_LOOP('',(#674,#697,#698,#699));
#674 = ORIENTED_EDGE('',*,*,#675,.F.);
#675 = EDGE_CURVE('',#275,#676,#678,.T.);
#676 = VERTEX_POINT('',#677);
#677 = CARTESIAN_POINT('',(23.5,150.05,19.322875655532));
#678 = SURFACE_CURVE('',#679,(#683,#690),.PCURVE_S1.);
#679 = LINE('',#680,#681);
#680 = CARTESIAN_POINT('',(23.5,150.05,-20.));
#681 = VECTOR('',#682,1.);
#682 = DIRECTION('',(0.,0.,1.));
#683 = PCURVE('',#316,#684);
#684 = DEFINITIONAL_REPRESENTATION('',(#685),#689);
#685 = LINE('',#686,#687);
#686 = CARTESIAN_POINT('',(0.,0.));
#687 = VECTOR('',#688,1.);
#688 = DIRECTION('',(1.,0.));
#689 = ( GEOMETRIC_REPRESENTATION_CONTEXT(2)
PARAMETRIC_REPRESENTATION_CONTEXT() REPRESENTATION_CONTEXT('2D SPACE',''
  ) );
#690 = PCURVE('',#290,#691);
#691 = DEFINITIONAL_REPRESENTATION('',(#692),#696);
#692 = LINE('',#693,#694);
#693 = CARTESIAN_POINT('',(0.,0.));
#694 = VECTOR('',#695,1.);
#695 = DIRECTION('',(1.,0.));
#696 = ( GEOMETRIC_REPRESENTATION_CONTEXT(2)
PARAMETRIC_REPRESENTATION_CONTEXT() REPRESENTATION_CONTEXT('2D SPACE',''
  ) );
#697 = ORIENTED_EDGE('',*,*,#302,.T.);
#698 = ORIENTED_EDGE('',*,*,#355,.T.);
#699 = ORIENTED_EDGE('',*,*,#700,.T.);
#700 = EDGE_CURVE('',#356,#676,#701,.T.);
#701 = SURFACE_CURVE('',#702,(#706,#712),.PCURVE_S1.);
#702 = LINE('',#703,#704);
#703 = CARTESIAN_POINT('',(23.5,151.05,19.322875655532));
#704 = VECTOR('',#705,1.);
#705 = DIRECTION('',(0.,-1.,0.));
#706 = PCURVE('',#316,#707);
#707 = DEFINITIONAL_REPRESENTATION('',(#708),#711);
#708 = B_SPLINE_CURVE_WITH_KNOTS('',1,(#709,#710),.UNSPECIFIED.,.F.,.F.,
  (2,2),(-5.999999928008E-07,1.1),.PIECEWISE_BEZIER_KNOTS.);
#709 = CARTESIAN_POINT('',(39.322875655532,-1.0000006));
#710 = CARTESIAN_POINT('',(39.322875655532,9.999999999999E-02));
#711 = ( GEOMETRIC_REPRESENTATION_CONTEXT(2)
PARAMETRIC_REPRESENTATION_CONTEXT() REPRESENTATION_CONTEXT('2D SPACE',''
  ) );
#712 = PCURVE('',#395,#713);
#713 = DEFINITIONAL_REPRESENTATION('',(#714),#717);
#714 = B_SPLINE_CURVE_WITH_KNOTS('',1,(#715,#716),.UNSPECIFIED.,.F.,.F.,
  (2,2),(-5.999999928008E-07,1.1),.PIECEWISE_BEZIER_KNOTS.);
#715 = CARTESIAN_POINT('',(0.722734247813,-5.999999928008E-07));
#716 = CARTESIAN_POINT('',(0.722734247813,1.1));
#717 = ( GEOMETRIC_REPRESENTATION_CONTEXT(2)
PARAMETRIC_REPRESENTATION_CONTEXT() REPRESENTATION_CONTEXT('2D SPACE',''
  ) );
#718 = ADVANCED_FACE('',(#719),#290,.T.);
#719 = FACE_BOUND('',#720,.T.);
#720 = EDGE_LOOP('',(#721,#722,#723,#751,#777,#810,#836,#869,#895,#928,
    #956,#989,#1017));
#721 = ORIENTED_EDGE('',*,*,#274,.F.);
#722 = ORIENTED_EDGE('',*,*,#675,.T.);
#723 = ORIENTED_EDGE('',*,*,#724,.F.);
#724 = EDGE_CURVE('',#725,#676,#727,.T.);
#725 = VERTEX_POINT('',#726);
#726 = CARTESIAN_POINT('',(24.,150.05,18.));
#727 = SURFACE_CURVE('',#728,(#733,#744),.PCURVE_S1.);
#728 = CIRCLE('',#729,2.);
#729 = AXIS2_PLACEMENT_3D('',#730,#731,#732);
#730 = CARTESIAN_POINT('',(22.,150.05,18.));
#731 = DIRECTION('',(0.,-1.,0.));
#732 = DIRECTION('',(1.,0.,0.));
#733 = PCURVE('',#290,#734);
#734 = DEFINITIONAL_REPRESENTATION('',(#735),#743);
#735 = ( BOUNDED_CURVE() B_SPLINE_CURVE(2,(#736,#737,#738,#739,#740,#741
,#742),.UNSPECIFIED.,.T.,.F.) B_SPLINE_CURVE_WITH_KNOTS((1,2,2,2,2,1),(
    -2.094395102393,0.,2.094395102393,4.188790204786,6.28318530718,
8.377580409573),.UNSPECIFIED.) CURVE() GEOMETRIC_REPRESENTATION_ITEM()
RATIONAL_B_SPLINE_CURVE((1.,0.5,1.,0.5,1.,0.5,1.)) REPRESENTATION_ITEM(
  '') );
#736 = CARTESIAN_POINT('',(38.,0.5));
#737 = CARTESIAN_POINT('',(41.464101615138,0.5));
#738 = CARTESIAN_POINT('',(39.732050807569,-2.5));
#739 = CARTESIAN_POINT('',(38.,-5.5));
#740 = CARTESIAN_POINT('',(36.267949192431,-2.5));
#741 = CARTESIAN_POINT('',(34.535898384862,0.5));
#742 = CARTESIAN_POINT('',(38.,0.5));
#743 = ( GEOMETRIC_REPRESENTATION_CONTEXT(2)
PARAMETRIC_REPRESENTATION_CONTEXT() REPRESENTATION_CONTEXT('2D SPACE',''
  ) );
#744 = PCURVE('',#395,#745);
#745 = DEFINITIONAL_REPRESENTATION('',(#746),#750);
#746 = LINE('',#747,#748);
#747 = CARTESIAN_POINT('',(0.,1.));
#748 = VECTOR('',#749,1.);
#749 = DIRECTION('',(1.,0.));
#750 = ( GEOMETRIC_REPRESENTATION_CONTEXT(2)
PARAMETRIC_REPRESENTATION_CONTEXT() REPRESENTATION_CONTEXT('2D SPACE',''
  ) );
#751 = ORIENTED_EDGE('',*,*,#752,.T.);
#752 = EDGE_CURVE('',#725,#753,#755,.T.);
#753 = VERTEX_POINT('',#754);
#754 = CARTESIAN_POINT('',(24.,150.05,-8.));
#755 = SURFACE_CURVE('',#756,(#760,#766),.PCURVE_S1.);
#756 = LINE('',#757,#758);
#757 = CARTESIAN_POINT('',(24.,150.05,-15.));
#758 = VECTOR('',#759,1.);
#759 = DIRECTION('',(0.,0.,-1.));
#760 = PCURVE('',#290,#761);
#761 = DEFINITIONAL_REPRESENTATION('',(#762),#765);
#762 = B_SPLINE_CURVE_WITH_KNOTS('',1,(#763,#764),.UNSPECIFIED.,.F.,.F.,
  (2,2),(-33.,-7.),.PIECEWISE_BEZIER_KNOTS.);
#763 = CARTESIAN_POINT('',(38.,0.5));
#764 = CARTESIAN_POINT('',(12.,0.5));
#765 = ( GEOMETRIC_REPRESENTATION_CONTEXT(2)
PARAMETRIC_REPRESENTATION_CONTEXT() REPRESENTATION_CONTEXT('2D SPACE',''
  ) );
#766 = PCURVE('',#767,#772);
#767 = PLANE('',#768);
#768 = AXIS2_PLACEMENT_3D('',#769,#770,#771);
#769 = CARTESIAN_POINT('',(24.,151.05,-10.));
#770 = DIRECTION('',(-1.,0.,0.));
#771 = DIRECTION('',(0.,0.,1.));
#772 = DEFINITIONAL_REPRESENTATION('',(#773),#776);
#773 = B_SPLINE_CURVE_WITH_KNOTS('',1,(#774,#775),.UNSPECIFIED.,.F.,.F.,
  (2,2),(-33.,-7.),.PIECEWISE_BEZIER_KNOTS.);
#774 = CARTESIAN_POINT('',(28.,-1.));
#775 = CARTESIAN_POINT('',(2.,-1.));
#776 = ( GEOMETRIC_REPRESENTATION_CONTEXT(2)
PARAMETRIC_REPRESENTATION_CONTEXT() REPRESENTATION_CONTEXT('2D SPACE',''
  ) );
#777 = ORIENTED_EDGE('',*,*,#778,.T.);
#778 = EDGE_CURVE('',#753,#779,#781,.T.);
#779 = VERTEX_POINT('',#780);
#780 = CARTESIAN_POINT('',(26.,150.05,-10.));
#781 = SURFACE_CURVE('',#782,(#787,#798),.PCURVE_S1.);
#782 = CIRCLE('',#783,2.);
#783 = AXIS2_PLACEMENT_3D('',#784,#785,#786);
#784 = CARTESIAN_POINT('',(26.,150.05,-8.));
#785 = DIRECTION('',(0.,-1.,0.));
#786 = DIRECTION('',(-0.,-0.,-1.));
#787 = PCURVE('',#290,#788);
#788 = DEFINITIONAL_REPRESENTATION('',(#789),#797);
#789 = ( BOUNDED_CURVE() B_SPLINE_CURVE(2,(#790,#791,#792,#793,#794,#795
,#796),.UNSPECIFIED.,.T.,.F.) B_SPLINE_CURVE_WITH_KNOTS((1,2,2,2,2,1),(
    -2.094395102393,0.,2.094395102393,4.188790204786,6.28318530718,
8.377580409573),.UNSPECIFIED.) CURVE() GEOMETRIC_REPRESENTATION_ITEM()
RATIONAL_B_SPLINE_CURVE((1.,0.5,1.,0.5,1.,0.5,1.)) REPRESENTATION_ITEM(
  '') );
#790 = CARTESIAN_POINT('',(10.,2.5));
#791 = CARTESIAN_POINT('',(10.,5.964101615138));
#792 = CARTESIAN_POINT('',(13.,4.232050807569));
#793 = CARTESIAN_POINT('',(16.,2.5));
#794 = CARTESIAN_POINT('',(13.,0.767949192431));
#795 = CARTESIAN_POINT('',(10.,-0.964101615138));
#796 = CARTESIAN_POINT('',(10.,2.5));
#797 = ( GEOMETRIC_REPRESENTATION_CONTEXT(2)
PARAMETRIC_REPRESENTATION_CONTEXT() REPRESENTATION_CONTEXT('2D SPACE',''
  ) );
#798 = PCURVE('',#799,#804);
#799 = CYLINDRICAL_SURFACE('',#800,2.);
#800 = AXIS2_PLACEMENT_3D('',#801,#802,#803);
#801 = CARTESIAN_POINT('',(26.,151.05,-8.));
#802 = DIRECTION('',(0.,-1.,0.));
#803 = DIRECTION('',(-0.,-0.,-1.));
#804 = DEFINITIONAL_REPRESENTATION('',(#805),#809);
#805 = LINE('',#806,#807);
#806 = CARTESIAN_POINT('',(-6.28318530718,1.));
#807 = VECTOR('',#808,1.);
#808 = DIRECTION('',(1.,-0.));
#809 = ( GEOMETRIC_REPRESENTATION_CONTEXT(2)
PARAMETRIC_REPRESENTATION_CONTEXT() REPRESENTATION_CONTEXT('2D SPACE',''
  ) );
#810 = ORIENTED_EDGE('',*,*,#811,.T.);
#811 = EDGE_CURVE('',#779,#812,#814,.T.);
#812 = VERTEX_POINT('',#813);
#813 = CARTESIAN_POINT('',(32.,150.05,-10.));
#814 = SURFACE_CURVE('',#815,(#819,#825),.PCURVE_S1.);
#815 = LINE('',#816,#817);
#816 = CARTESIAN_POINT('',(28.75,150.05,-10.));
#817 = VECTOR('',#818,1.);
#818 = DIRECTION('',(1.,0.,-0.));
#819 = PCURVE('',#290,#820);
#820 = DEFINITIONAL_REPRESENTATION('',(#821),#824);
#821 = B_SPLINE_CURVE_WITH_KNOTS('',1,(#822,#823),.UNSPECIFIED.,.F.,.F.,
  (2,2),(-2.75,3.25),.PIECEWISE_BEZIER_KNOTS.);
#822 = CARTESIAN_POINT('',(10.,2.5));
#823 = CARTESIAN_POINT('',(10.,8.5));
#824 = ( GEOMETRIC_REPRESENTATION_CONTEXT(2)
PARAMETRIC_REPRESENTATION_CONTEXT() REPRESENTATION_CONTEXT('2D SPACE',''
  ) );
#825 = PCURVE('',#826,#831);
#826 = PLANE('',#827);
#827 = AXIS2_PLACEMENT_3D('',#828,#829,#830);
#828 = CARTESIAN_POINT('',(34.,151.05,-10.));
#829 = DIRECTION('',(-0.,-0.,-1.));
#830 = DIRECTION('',(-1.,0.,0.));
#831 = DEFINITIONAL_REPRESENTATION('',(#832),#835);
#832 = B_SPLINE_CURVE_WITH_KNOTS('',1,(#833,#834),.UNSPECIFIED.,.F.,.F.,
  (2,2),(-2.75,3.25),.PIECEWISE_BEZIER_KNOTS.);
#833 = CARTESIAN_POINT('',(8.,-1.));
#834 = CARTESIAN_POINT('',(2.,-1.));
#835 = ( GEOMETRIC_REPRESENTATION_CONTEXT(2)
PARAMETRIC_REPRESENTATION_CONTEXT() REPRESENTATION_CONTEXT('2D SPACE',''
  ) );
#836 = ORIENTED_EDGE('',*,*,#837,.T.);
#837 = EDGE_CURVE('',#812,#838,#840,.T.);
#838 = VERTEX_POINT('',#839);
#839 = CARTESIAN_POINT('',(34.,150.05,-8.));
#840 = SURFACE_CURVE('',#841,(#846,#857),.PCURVE_S1.);
#841 = CIRCLE('',#842,2.);
#842 = AXIS2_PLACEMENT_3D('',#843,#844,#845);
#843 = CARTESIAN_POINT('',(32.,150.05,-8.));
#844 = DIRECTION('',(0.,-1.,0.));
#845 = DIRECTION('',(1.,0.,0.));
#846 = PCURVE('',#290,#847);
#847 = DEFINITIONAL_REPRESENTATION('',(#848),#856);
#848 = ( BOUNDED_CURVE() B_SPLINE_CURVE(2,(#849,#850,#851,#852,#853,#854
,#855),.UNSPECIFIED.,.T.,.F.) B_SPLINE_CURVE_WITH_KNOTS((1,2,2,2,2,1),(
    -2.094395102393,0.,2.094395102393,4.188790204786,6.28318530718,
8.377580409573),.UNSPECIFIED.) CURVE() GEOMETRIC_REPRESENTATION_ITEM()
RATIONAL_B_SPLINE_CURVE((1.,0.5,1.,0.5,1.,0.5,1.)) REPRESENTATION_ITEM(
  '') );
#849 = CARTESIAN_POINT('',(12.,10.5));
#850 = CARTESIAN_POINT('',(15.464101615138,10.5));
#851 = CARTESIAN_POINT('',(13.732050807569,7.5));
#852 = CARTESIAN_POINT('',(12.,4.5));
#853 = CARTESIAN_POINT('',(10.267949192431,7.5));
#854 = CARTESIAN_POINT('',(8.535898384862,10.5));
#855 = CARTESIAN_POINT('',(12.,10.5));
#856 = ( GEOMETRIC_REPRESENTATION_CONTEXT(2)
PARAMETRIC_REPRESENTATION_CONTEXT() REPRESENTATION_CONTEXT('2D SPACE',''
  ) );
#857 = PCURVE('',#858,#863);
#858 = CYLINDRICAL_SURFACE('',#859,2.);
#859 = AXIS2_PLACEMENT_3D('',#860,#861,#862);
#860 = CARTESIAN_POINT('',(32.,151.05,-8.));
#861 = DIRECTION('',(0.,-1.,0.));
#862 = DIRECTION('',(1.,0.,0.));
#863 = DEFINITIONAL_REPRESENTATION('',(#864),#868);
#864 = LINE('',#865,#866);
#865 = CARTESIAN_POINT('',(-6.28318530718,1.));
#866 = VECTOR('',#867,1.);
#867 = DIRECTION('',(1.,-0.));
#868 = ( GEOMETRIC_REPRESENTATION_CONTEXT(2)
PARAMETRIC_REPRESENTATION_CONTEXT() REPRESENTATION_CONTEXT('2D SPACE',''
  ) );
#869 = ORIENTED_EDGE('',*,*,#870,.T.);
#870 = EDGE_CURVE('',#838,#871,#873,.T.);
#871 = VERTEX_POINT('',#872);
#872 = CARTESIAN_POINT('',(34.,150.05,20.));
#873 = SURFACE_CURVE('',#874,(#878,#884),.PCURVE_S1.);
#874 = LINE('',#875,#876);
#875 = CARTESIAN_POINT('',(34.,150.05,1.));
#876 = VECTOR('',#877,1.);
#877 = DIRECTION('',(0.,-0.,1.));
#878 = PCURVE('',#290,#879);
#879 = DEFINITIONAL_REPRESENTATION('',(#880),#883);
#880 = B_SPLINE_CURVE_WITH_KNOTS('',1,(#881,#882),.UNSPECIFIED.,.F.,.F.,
  (2,2),(-9.,19.),.PIECEWISE_BEZIER_KNOTS.);
#881 = CARTESIAN_POINT('',(12.,10.5));
#882 = CARTESIAN_POINT('',(40.,10.5));
#883 = ( GEOMETRIC_REPRESENTATION_CONTEXT(2)
PARAMETRIC_REPRESENTATION_CONTEXT() REPRESENTATION_CONTEXT('2D SPACE',''
  ) );
#884 = PCURVE('',#885,#890);
#885 = PLANE('',#886);
#886 = AXIS2_PLACEMENT_3D('',#887,#888,#889);
#887 = CARTESIAN_POINT('',(34.,151.05,22.));
#888 = DIRECTION('',(1.,0.,0.));
#889 = DIRECTION('',(0.,0.,-1.));
#890 = DEFINITIONAL_REPRESENTATION('',(#891),#894);
#891 = B_SPLINE_CURVE_WITH_KNOTS('',1,(#892,#893),.UNSPECIFIED.,.F.,.F.,
  (2,2),(-9.,19.),.PIECEWISE_BEZIER_KNOTS.);
#892 = CARTESIAN_POINT('',(30.,-1.));
#893 = CARTESIAN_POINT('',(2.,-1.));
#894 = ( GEOMETRIC_REPRESENTATION_CONTEXT(2)
PARAMETRIC_REPRESENTATION_CONTEXT() REPRESENTATION_CONTEXT('2D SPACE',''
  ) );
#895 = ORIENTED_EDGE('',*,*,#896,.F.);
#896 = EDGE_CURVE('',#897,#871,#899,.T.);
#897 = VERTEX_POINT('',#898);
#898 = CARTESIAN_POINT('',(36.,150.05,22.));
#899 = SURFACE_CURVE('',#900,(#905,#916),.PCURVE_S1.);
#900 = CIRCLE('',#901,2.);
#901 = AXIS2_PLACEMENT_3D('',#902,#903,#904);
#902 = CARTESIAN_POINT('',(36.,150.05,20.));
#903 = DIRECTION('',(0.,-1.,0.));
#904 = DIRECTION('',(-0.,0.,1.));
#905 = PCURVE('',#290,#906);
#906 = DEFINITIONAL_REPRESENTATION('',(#907),#915);
#907 = ( BOUNDED_CURVE() B_SPLINE_CURVE(2,(#908,#909,#910,#911,#912,#913
,#914),.UNSPECIFIED.,.T.,.F.) B_SPLINE_CURVE_WITH_KNOTS((1,2,2,2,2,1),(
    -2.094395102393,0.,2.094395102393,4.188790204786,6.28318530718,
8.377580409573),.UNSPECIFIED.) CURVE() GEOMETRIC_REPRESENTATION_ITEM()
RATIONAL_B_SPLINE_CURVE((1.,0.5,1.,0.5,1.,0.5,1.)) REPRESENTATION_ITEM(
  '') );
#908 = CARTESIAN_POINT('',(42.,12.5));
#909 = CARTESIAN_POINT('',(42.,9.035898384862));
#910 = CARTESIAN_POINT('',(39.,10.767949192431));
#911 = CARTESIAN_POINT('',(36.,12.5));
#912 = CARTESIAN_POINT('',(39.,14.232050807569));
#913 = CARTESIAN_POINT('',(42.,15.964101615138));
#914 = CARTESIAN_POINT('',(42.,12.5));
#915 = ( GEOMETRIC_REPRESENTATION_CONTEXT(2)
PARAMETRIC_REPRESENTATION_CONTEXT() REPRESENTATION_CONTEXT('2D SPACE',''
  ) );
#916 = PCURVE('',#917,#922);
#917 = CYLINDRICAL_SURFACE('',#918,2.);
#918 = AXIS2_PLACEMENT_3D('',#919,#920,#921);
#919 = CARTESIAN_POINT('',(36.,151.05,20.));
#920 = DIRECTION('',(0.,-1.,0.));
#921 = DIRECTION('',(-0.,0.,1.));
#922 = DEFINITIONAL_REPRESENTATION('',(#923),#927);
#923 = LINE('',#924,#925);
#924 = CARTESIAN_POINT('',(0.,1.));
#925 = VECTOR('',#926,1.);
#926 = DIRECTION('',(1.,0.));
#927 = ( GEOMETRIC_REPRESENTATION_CONTEXT(2)
PARAMETRIC_REPRESENTATION_CONTEXT() REPRESENTATION_CONTEXT('2D SPACE',''
  ) );
#928 = ORIENTED_EDGE('',*,*,#929,.T.);
#929 = EDGE_CURVE('',#897,#930,#932,.T.);
#930 = VERTEX_POINT('',#931);
#931 = CARTESIAN_POINT('',(50.,150.05,22.));
#932 = SURFACE_CURVE('',#933,(#937,#944),.PCURVE_S1.);
#933 = LINE('',#934,#935);
#934 = CARTESIAN_POINT('',(23.5,150.05,22.));
#935 = VECTOR('',#936,1.);
#936 = DIRECTION('',(1.,0.,-0.));
#937 = PCURVE('',#290,#938);
#938 = DEFINITIONAL_REPRESENTATION('',(#939),#943);
#939 = LINE('',#940,#941);
#940 = CARTESIAN_POINT('',(42.,0.));
#941 = VECTOR('',#942,1.);
#942 = DIRECTION('',(0.,1.));
#943 = ( GEOMETRIC_REPRESENTATION_CONTEXT(2)
PARAMETRIC_REPRESENTATION_CONTEXT() REPRESENTATION_CONTEXT('2D SPACE',''
  ) );
#944 = PCURVE('',#945,#950);
#945 = PLANE('',#946);
#946 = AXIS2_PLACEMENT_3D('',#947,#948,#949);
#947 = CARTESIAN_POINT('',(52.,151.05,22.));
#948 = DIRECTION('',(-0.,-0.,-1.));
#949 = DIRECTION('',(-1.,0.,0.));
#950 = DEFINITIONAL_REPRESENTATION('',(#951),#955);
#951 = LINE('',#952,#953);
#952 = CARTESIAN_POINT('',(28.5,-1.));
#953 = VECTOR('',#954,1.);
#954 = DIRECTION('',(-1.,0.));
#955 = ( GEOMETRIC_REPRESENTATION_CONTEXT(2)
PARAMETRIC_REPRESENTATION_CONTEXT() REPRESENTATION_CONTEXT('2D SPACE',''
  ) );
#956 = ORIENTED_EDGE('',*,*,#957,.F.);
#957 = EDGE_CURVE('',#958,#930,#960,.T.);
#958 = VERTEX_POINT('',#959);
#959 = CARTESIAN_POINT('',(52.,150.05,20.));
#960 = SURFACE_CURVE('',#961,(#966,#977),.PCURVE_S1.);
#961 = CIRCLE('',#962,2.);
#962 = AXIS2_PLACEMENT_3D('',#963,#964,#965);
#963 = CARTESIAN_POINT('',(50.,150.05,20.));
#964 = DIRECTION('',(0.,-1.,0.));
#965 = DIRECTION('',(1.,0.,0.));
#966 = PCURVE('',#290,#967);
#967 = DEFINITIONAL_REPRESENTATION('',(#968),#976);
#968 = ( BOUNDED_CURVE() B_SPLINE_CURVE(2,(#969,#970,#971,#972,#973,#974
,#975),.UNSPECIFIED.,.T.,.F.) B_SPLINE_CURVE_WITH_KNOTS((1,2,2,2,2,1),(
    -2.094395102393,0.,2.094395102393,4.188790204786,6.28318530718,
8.377580409573),.UNSPECIFIED.) CURVE() GEOMETRIC_REPRESENTATION_ITEM()
RATIONAL_B_SPLINE_CURVE((1.,0.5,1.,0.5,1.,0.5,1.)) REPRESENTATION_ITEM(
  '') );
#969 = CARTESIAN_POINT('',(40.,28.5));
#970 = CARTESIAN_POINT('',(43.464101615138,28.5));
#971 = CARTESIAN_POINT('',(41.732050807569,25.5));
#972 = CARTESIAN_POINT('',(40.,22.5));
#973 = CARTESIAN_POINT('',(38.267949192431,25.5));
#974 = CARTESIAN_POINT('',(36.535898384862,28.5));
#975 = CARTESIAN_POINT('',(40.,28.5));
#976 = ( GEOMETRIC_REPRESENTATION_CONTEXT(2)
PARAMETRIC_REPRESENTATION_CONTEXT() REPRESENTATION_CONTEXT('2D SPACE',''
  ) );
#977 = PCURVE('',#978,#983);
#978 = CYLINDRICAL_SURFACE('',#979,2.);
#979 = AXIS2_PLACEMENT_3D('',#980,#981,#982);
#980 = CARTESIAN_POINT('',(50.,151.05,20.));
#981 = DIRECTION('',(0.,-1.,0.));
#982 = DIRECTION('',(1.,0.,-0.));
#983 = DEFINITIONAL_REPRESENTATION('',(#984),#988);
#984 = LINE('',#985,#986);
#985 = CARTESIAN_POINT('',(0.,1.));
#986 = VECTOR('',#987,1.);
#987 = DIRECTION('',(1.,0.));
#988 = ( GEOMETRIC_REPRESENTATION_CONTEXT(2)
PARAMETRIC_REPRESENTATION_CONTEXT() REPRESENTATION_CONTEXT('2D SPACE',''
  ) );
#989 = ORIENTED_EDGE('',*,*,#990,.F.);
#990 = EDGE_CURVE('',#991,#958,#993,.T.);
#991 = VERTEX_POINT('',#992);
#992 = CARTESIAN_POINT('',(52.,150.05,-18.));
#993 = SURFACE_CURVE('',#994,(#998,#1005),.PCURVE_S1.);
#994 = LINE('',#995,#996);
#995 = CARTESIAN_POINT('',(52.,150.05,-20.));
#996 = VECTOR('',#997,1.);
#997 = DIRECTION('',(0.,0.,1.));
#998 = PCURVE('',#290,#999);
#999 = DEFINITIONAL_REPRESENTATION('',(#1000),#1004);
#1000 = LINE('',#1001,#1002);
#1001 = CARTESIAN_POINT('',(0.,28.5));
#1002 = VECTOR('',#1003,1.);
#1003 = DIRECTION('',(1.,0.));
#1004 = ( GEOMETRIC_REPRESENTATION_CONTEXT(2)
PARAMETRIC_REPRESENTATION_CONTEXT() REPRESENTATION_CONTEXT('2D SPACE',''
  ) );
#1005 = PCURVE('',#1006,#1011);
#1006 = PLANE('',#1007);
#1007 = AXIS2_PLACEMENT_3D('',#1008,#1009,#1010);
#1008 = CARTESIAN_POINT('',(52.,151.05,-20.));
#1009 = DIRECTION('',(-1.,0.,0.));
#1010 = DIRECTION('',(0.,0.,1.));
#1011 = DEFINITIONAL_REPRESENTATION('',(#1012),#1016);
#1012 = LINE('',#1013,#1014);
#1013 = CARTESIAN_POINT('',(0.,-1.));
#1014 = VECTOR('',#1015,1.);
#1015 = DIRECTION('',(1.,0.));
#1016 = ( GEOMETRIC_REPRESENTATION_CONTEXT(2)
PARAMETRIC_REPRESENTATION_CONTEXT() REPRESENTATION_CONTEXT('2D SPACE',''
  ) );
#1017 = ORIENTED_EDGE('',*,*,#1018,.F.);
#1018 = EDGE_CURVE('',#247,#991,#1019,.T.);
#1019 = SURFACE_CURVE('',#1020,(#1025,#1036),.PCURVE_S1.);
#1020 = CIRCLE('',#1021,2.);
#1021 = AXIS2_PLACEMENT_3D('',#1022,#1023,#1024);
#1022 = CARTESIAN_POINT('',(50.,150.05,-18.));
#1023 = DIRECTION('',(0.,-1.,0.));
#1024 = DIRECTION('',(0.,-0.,-1.));
#1025 = PCURVE('',#290,#1026);
#1026 = DEFINITIONAL_REPRESENTATION('',(#1027),#1035);
#1027 = ( BOUNDED_CURVE() B_SPLINE_CURVE(2,(#1028,#1029,#1030,#1031,
#1032,#1033,#1034),.UNSPECIFIED.,.T.,.F.) B_SPLINE_CURVE_WITH_KNOTS((1,2
    ,2,2,2,1),(-2.094395102393,0.,2.094395102393,4.188790204786,
6.28318530718,8.377580409573),.UNSPECIFIED.) CURVE()
GEOMETRIC_REPRESENTATION_ITEM() RATIONAL_B_SPLINE_CURVE((1.,0.5,1.,0.5,
1.,0.5,1.)) REPRESENTATION_ITEM('') );
#1028 = CARTESIAN_POINT('',(0.,26.5));
#1029 = CARTESIAN_POINT('',(0.,29.964101615138));
#1030 = CARTESIAN_POINT('',(3.,28.232050807569));
#1031 = CARTESIAN_POINT('',(6.,26.5));
#1032 = CARTESIAN_POINT('',(3.,24.767949192431));
#1033 = CARTESIAN_POINT('',(3.10862446895E-15,23.035898384862));
#1034 = CARTESIAN_POINT('',(0.,26.5));
#1035 = ( GEOMETRIC_REPRESENTATION_CONTEXT(2)
PARAMETRIC_REPRESENTATION_CONTEXT() REPRESENTATION_CONTEXT('2D SPACE',''
  ) );
#1036 = PCURVE('',#262,#1037);
#1037 = DEFINITIONAL_REPRESENTATION('',(#1038),#1042);
#1038 = LINE('',#1039,#1040);
#1039 = CARTESIAN_POINT('',(0.,1.));
#1040 = VECTOR('',#1041,1.);
#1041 = DIRECTION('',(1.,0.));
#1042 = ( GEOMETRIC_REPRESENTATION_CONTEXT(2)
PARAMETRIC_REPRESENTATION_CONTEXT() REPRESENTATION_CONTEXT('2D SPACE',''
  ) );
#1043 = ADVANCED_FACE('',(#1044),#262,.T.);
#1044 = FACE_BOUND('',#1045,.T.);
#1045 = EDGE_LOOP('',(#1046,#1047,#1048,#1071));
#1046 = ORIENTED_EDGE('',*,*,#246,.F.);
#1047 = ORIENTED_EDGE('',*,*,#1018,.T.);
#1048 = ORIENTED_EDGE('',*,*,#1049,.T.);
#1049 = EDGE_CURVE('',#991,#1050,#1052,.T.);
#1050 = VERTEX_POINT('',#1051);
#1051 = CARTESIAN_POINT('',(52.,141.525,-18.));
#1052 = SURFACE_CURVE('',#1053,(#1057,#1064),.PCURVE_S1.);
#1053 = LINE('',#1054,#1055);
#1054 = CARTESIAN_POINT('',(52.,151.05,-18.));
#1055 = VECTOR('',#1056,1.);
#1056 = DIRECTION('',(0.,-1.,0.));
#1057 = PCURVE('',#262,#1058);
#1058 = DEFINITIONAL_REPRESENTATION('',(#1059),#1063);
#1059 = LINE('',#1060,#1061);
#1060 = CARTESIAN_POINT('',(1.570796326795,0.));
#1061 = VECTOR('',#1062,1.);
#1062 = DIRECTION('',(0.,1.));
#1063 = ( GEOMETRIC_REPRESENTATION_CONTEXT(2)
PARAMETRIC_REPRESENTATION_CONTEXT() REPRESENTATION_CONTEXT('2D SPACE',''
  ) );
#1064 = PCURVE('',#1006,#1065);
#1065 = DEFINITIONAL_REPRESENTATION('',(#1066),#1070);
#1066 = LINE('',#1067,#1068);
#1067 = CARTESIAN_POINT('',(2.,0.));
#1068 = VECTOR('',#1069,1.);
#1069 = DIRECTION('',(0.,-1.));
#1070 = ( GEOMETRIC_REPRESENTATION_CONTEXT(2)
PARAMETRIC_REPRESENTATION_CONTEXT() REPRESENTATION_CONTEXT('2D SPACE',''
  ) );
#1071 = ORIENTED_EDGE('',*,*,#1072,.F.);
#1072 = EDGE_CURVE('',#219,#1050,#1073,.T.);
#1073 = SURFACE_CURVE('',#1074,(#1079,#1086),.PCURVE_S1.);
#1074 = CIRCLE('',#1075,2.);
#1075 = AXIS2_PLACEMENT_3D('',#1076,#1077,#1078);
#1076 = CARTESIAN_POINT('',(50.,141.525,-18.));
#1077 = DIRECTION('',(0.,-1.,0.));
#1078 = DIRECTION('',(0.,-0.,-1.));
#1079 = PCURVE('',#262,#1080);
#1080 = DEFINITIONAL_REPRESENTATION('',(#1081),#1085);
#1081 = LINE('',#1082,#1083);
#1082 = CARTESIAN_POINT('',(0.,9.525));
#1083 = VECTOR('',#1084,1.);
#1084 = DIRECTION('',(1.,0.));
#1085 = ( GEOMETRIC_REPRESENTATION_CONTEXT(2)
PARAMETRIC_REPRESENTATION_CONTEXT() REPRESENTATION_CONTEXT('2D SPACE',''
  ) );
#1086 = PCURVE('',#1087,#1092);
#1087 = CYLINDRICAL_SURFACE('',#1088,2.);
#1088 = AXIS2_PLACEMENT_3D('',#1089,#1090,#1091);
#1089 = CARTESIAN_POINT('',(50.,141.525,-18.));
#1090 = DIRECTION('',(0.,-1.,0.));
#1091 = DIRECTION('',(0.,-0.,-1.));
#1092 = DEFINITIONAL_REPRESENTATION('',(#1093),#1096);
#1093 = B_SPLINE_CURVE_WITH_KNOTS('',1,(#1094,#1095),.UNSPECIFIED.,.F.,
  .F.,(2,2),(0.,1.570796326795),.PIECEWISE_BEZIER_KNOTS.);
#1094 = CARTESIAN_POINT('',(0.,0.));
#1095 = CARTESIAN_POINT('',(1.570796326795,0.));
#1096 = ( GEOMETRIC_REPRESENTATION_CONTEXT(2)
PARAMETRIC_REPRESENTATION_CONTEXT() REPRESENTATION_CONTEXT('2D SPACE',''
  ) );
#1097 = ADVANCED_FACE('',(#1098),#178,.F.);
#1098 = FACE_BOUND('',#1099,.F.);
#1099 = EDGE_LOOP('',(#1100,#1101,#1129,#1157));
#1100 = ORIENTED_EDGE('',*,*,#162,.F.);
#1101 = ORIENTED_EDGE('',*,*,#1102,.T.);
#1102 = EDGE_CURVE('',#135,#1103,#1105,.T.);
#1103 = VERTEX_POINT('',#1104);
#1104 = CARTESIAN_POINT('',(-50.,135.175,-20.));
#1105 = SURFACE_CURVE('',#1106,(#1110,#1117),.PCURVE_S1.);
#1106 = LINE('',#1107,#1108);
#1107 = CARTESIAN_POINT('',(-50.,141.525,-20.));
#1108 = VECTOR('',#1109,1.);
#1109 = DIRECTION('',(0.,-1.,0.));
#1110 = PCURVE('',#178,#1111);
#1111 = DEFINITIONAL_REPRESENTATION('',(#1112),#1116);
#1112 = LINE('',#1113,#1114);
#1113 = CARTESIAN_POINT('',(2.,0.));
#1114 = VECTOR('',#1115,1.);
#1115 = DIRECTION('',(0.,-1.));
#1116 = ( GEOMETRIC_REPRESENTATION_CONTEXT(2)
PARAMETRIC_REPRESENTATION_CONTEXT() REPRESENTATION_CONTEXT('2D SPACE',''
  ) );
#1117 = PCURVE('',#1118,#1123);
#1118 = CYLINDRICAL_SURFACE('',#1119,2.);
#1119 = AXIS2_PLACEMENT_3D('',#1120,#1121,#1122);
#1120 = CARTESIAN_POINT('',(-50.,141.525,-18.));
#1121 = DIRECTION('',(0.,-1.,0.));
#1122 = DIRECTION('',(-1.,-0.,0.));
#1123 = DEFINITIONAL_REPRESENTATION('',(#1124),#1128);
#1124 = LINE('',#1125,#1126);
#1125 = CARTESIAN_POINT('',(1.570796326795,0.));
#1126 = VECTOR('',#1127,1.);
#1127 = DIRECTION('',(0.,1.));
#1128 = ( GEOMETRIC_REPRESENTATION_CONTEXT(2)
PARAMETRIC_REPRESENTATION_CONTEXT() REPRESENTATION_CONTEXT('2D SPACE',''
  ) );
#1129 = ORIENTED_EDGE('',*,*,#1130,.T.);
#1130 = EDGE_CURVE('',#1103,#1131,#1133,.T.);
#1131 = VERTEX_POINT('',#1132);
#1132 = CARTESIAN_POINT('',(-34.,135.175,-20.));
#1133 = SURFACE_CURVE('',#1134,(#1138,#1145),.PCURVE_S1.);
#1134 = LINE('',#1135,#1136);
#1135 = CARTESIAN_POINT('',(-52.,135.175,-20.));
#1136 = VECTOR('',#1137,1.);
#1137 = DIRECTION('',(1.,0.,0.));
#1138 = PCURVE('',#178,#1139);
#1139 = DEFINITIONAL_REPRESENTATION('',(#1140),#1144);
#1140 = LINE('',#1141,#1142);
#1141 = CARTESIAN_POINT('',(0.,-6.35));
#1142 = VECTOR('',#1143,1.);
#1143 = DIRECTION('',(1.,0.));
#1144 = ( GEOMETRIC_REPRESENTATION_CONTEXT(2)
PARAMETRIC_REPRESENTATION_CONTEXT() REPRESENTATION_CONTEXT('2D SPACE',''
  ) );
#1145 = PCURVE('',#1146,#1151);
#1146 = PLANE('',#1147);
#1147 = AXIS2_PLACEMENT_3D('',#1148,#1149,#1150);
#1148 = CARTESIAN_POINT('',(-42.59989158529,135.175,0.61051733286));
#1149 = DIRECTION('',(-0.,-1.,-0.));
#1150 = DIRECTION('',(0.,0.,-1.));
#1151 = DEFINITIONAL_REPRESENTATION('',(#1152),#1156);
#1152 = LINE('',#1153,#1154);
#1153 = CARTESIAN_POINT('',(20.61051733286,-9.400108414703));
#1154 = VECTOR('',#1155,1.);
#1155 = DIRECTION('',(0.,1.));
#1156 = ( GEOMETRIC_REPRESENTATION_CONTEXT(2)
PARAMETRIC_REPRESENTATION_CONTEXT() REPRESENTATION_CONTEXT('2D SPACE',''
  ) );
#1157 = ORIENTED_EDGE('',*,*,#1158,.F.);
#1158 = EDGE_CURVE('',#163,#1131,#1159,.T.);
#1159 = SURFACE_CURVE('',#1160,(#1164,#1171),.PCURVE_S1.);
#1160 = LINE('',#1161,#1162);
#1161 = CARTESIAN_POINT('',(-34.,141.525,-20.));
#1162 = VECTOR('',#1163,1.);
#1163 = DIRECTION('',(0.,-1.,0.));
#1164 = PCURVE('',#178,#1165);
#1165 = DEFINITIONAL_REPRESENTATION('',(#1166),#1170);
#1166 = LINE('',#1167,#1168);
#1167 = CARTESIAN_POINT('',(18.,0.));
#1168 = VECTOR('',#1169,1.);
#1169 = DIRECTION('',(0.,-1.));
#1170 = ( GEOMETRIC_REPRESENTATION_CONTEXT(2)
PARAMETRIC_REPRESENTATION_CONTEXT() REPRESENTATION_CONTEXT('2D SPACE',''
  ) );
#1171 = PCURVE('',#1172,#1177);
#1172 = CYLINDRICAL_SURFACE('',#1173,2.);
#1173 = AXIS2_PLACEMENT_3D('',#1174,#1175,#1176);
#1174 = CARTESIAN_POINT('',(-34.,141.525,-18.));
#1175 = DIRECTION('',(0.,-1.,0.));
#1176 = DIRECTION('',(0.,-0.,-1.));
#1177 = DEFINITIONAL_REPRESENTATION('',(#1178),#1182);
#1178 = LINE('',#1179,#1180);
#1179 = CARTESIAN_POINT('',(0.,0.));
#1180 = VECTOR('',#1181,1.);
#1181 = DIRECTION('',(0.,1.));
#1182 = ( GEOMETRIC_REPRESENTATION_CONTEXT(2)
PARAMETRIC_REPRESENTATION_CONTEXT() REPRESENTATION_CONTEXT('2D SPACE',''
  ) );
#1183 = ADVANCED_FACE('',(#1184,#1655,#1685,#1715,#1750,#1780,#1815),
  #206,.T.);
#1184 = FACE_BOUND('',#1185,.T.);
#1185 = EDGE_LOOP('',(#1186,#1210,#1211,#1244,#1272,#1301,#1329,#1352,
    #1380,#1403,#1427,#1450,#1474,#1502,#1535,#1563,#1596,#1629));
#1186 = ORIENTED_EDGE('',*,*,#1187,.F.);
#1187 = EDGE_CURVE('',#163,#1188,#1190,.T.);
#1188 = VERTEX_POINT('',#1189);
#1189 = CARTESIAN_POINT('',(-32.,141.525,-18.));
#1190 = SURFACE_CURVE('',#1191,(#1196,#1203),.PCURVE_S1.);
#1191 = CIRCLE('',#1192,2.);
#1192 = AXIS2_PLACEMENT_3D('',#1193,#1194,#1195);
#1193 = CARTESIAN_POINT('',(-34.,141.525,-18.));
#1194 = DIRECTION('',(0.,-1.,0.));
#1195 = DIRECTION('',(0.,-0.,-1.));
#1196 = PCURVE('',#206,#1197);
#1197 = DEFINITIONAL_REPRESENTATION('',(#1198),#1202);
#1198 = CIRCLE('',#1199,2.);
#1199 = AXIS2_PLACEMENT_2D('',#1200,#1201);
#1200 = CARTESIAN_POINT('',(18.576923076923,-34.));
#1201 = DIRECTION('',(1.,0.));
#1202 = ( GEOMETRIC_REPRESENTATION_CONTEXT(2)
PARAMETRIC_REPRESENTATION_CONTEXT() REPRESENTATION_CONTEXT('2D SPACE',''
  ) );
#1203 = PCURVE('',#1172,#1204);
#1204 = DEFINITIONAL_REPRESENTATION('',(#1205),#1209);
#1205 = LINE('',#1206,#1207);
#1206 = CARTESIAN_POINT('',(0.,0.));
#1207 = VECTOR('',#1208,1.);
#1208 = DIRECTION('',(1.,0.));
#1209 = ( GEOMETRIC_REPRESENTATION_CONTEXT(2)
PARAMETRIC_REPRESENTATION_CONTEXT() REPRESENTATION_CONTEXT('2D SPACE',''
  ) );
#1210 = ORIENTED_EDGE('',*,*,#190,.T.);
#1211 = ORIENTED_EDGE('',*,*,#1212,.T.);
#1212 = EDGE_CURVE('',#191,#1213,#1215,.T.);
#1213 = VERTEX_POINT('',#1214);
#1214 = CARTESIAN_POINT('',(32.,141.525,-18.));
#1215 = SURFACE_CURVE('',#1216,(#1221,#1232),.PCURVE_S1.);
#1216 = CIRCLE('',#1217,2.);
#1217 = AXIS2_PLACEMENT_3D('',#1218,#1219,#1220);
#1218 = CARTESIAN_POINT('',(34.,141.525,-18.));
#1219 = DIRECTION('',(-0.,1.,0.));
#1220 = DIRECTION('',(0.,0.,-1.));
#1221 = PCURVE('',#206,#1222);
#1222 = DEFINITIONAL_REPRESENTATION('',(#1223),#1231);
#1223 = ( BOUNDED_CURVE() B_SPLINE_CURVE(2,(#1224,#1225,#1226,#1227,
#1228,#1229,#1230),.UNSPECIFIED.,.T.,.F.) B_SPLINE_CURVE_WITH_KNOTS((1,2
    ,2,2,2,1),(-2.094395102393,0.,2.094395102393,4.188790204786,
6.28318530718,8.377580409573),.UNSPECIFIED.) CURVE()
GEOMETRIC_REPRESENTATION_ITEM() RATIONAL_B_SPLINE_CURVE((1.,0.5,1.,0.5,
1.,0.5,1.)) REPRESENTATION_ITEM('') );
#1224 = CARTESIAN_POINT('',(20.576923076923,34.));
#1225 = CARTESIAN_POINT('',(20.576923076923,30.535898384862));
#1226 = CARTESIAN_POINT('',(17.576923076923,32.267949192431));
#1227 = CARTESIAN_POINT('',(14.576923076923,34.));
#1228 = CARTESIAN_POINT('',(17.576923076923,35.732050807569));
#1229 = CARTESIAN_POINT('',(20.576923076923,37.464101615138));
#1230 = CARTESIAN_POINT('',(20.576923076923,34.));
#1231 = ( GEOMETRIC_REPRESENTATION_CONTEXT(2)
PARAMETRIC_REPRESENTATION_CONTEXT() REPRESENTATION_CONTEXT('2D SPACE',''
  ) );
#1232 = PCURVE('',#1233,#1238);
#1233 = CYLINDRICAL_SURFACE('',#1234,2.);
#1234 = AXIS2_PLACEMENT_3D('',#1235,#1236,#1237);
#1235 = CARTESIAN_POINT('',(34.,141.525,-18.));
#1236 = DIRECTION('',(0.,-1.,0.));
#1237 = DIRECTION('',(0.,-0.,-1.));
#1238 = DEFINITIONAL_REPRESENTATION('',(#1239),#1243);
#1239 = LINE('',#1240,#1241);
#1240 = CARTESIAN_POINT('',(-0.,0.));
#1241 = VECTOR('',#1242,1.);
#1242 = DIRECTION('',(-1.,0.));
#1243 = ( GEOMETRIC_REPRESENTATION_CONTEXT(2)
PARAMETRIC_REPRESENTATION_CONTEXT() REPRESENTATION_CONTEXT('2D SPACE',''
  ) );
#1244 = ORIENTED_EDGE('',*,*,#1245,.F.);
#1245 = EDGE_CURVE('',#1246,#1213,#1248,.T.);
#1246 = VERTEX_POINT('',#1247);
#1247 = CARTESIAN_POINT('',(32.,141.525,-10.60555127546));
#1248 = SURFACE_CURVE('',#1249,(#1253,#1260),.PCURVE_S1.);
#1249 = LINE('',#1250,#1251);
#1250 = CARTESIAN_POINT('',(32.,141.525,-10.));
#1251 = VECTOR('',#1252,1.);
#1252 = DIRECTION('',(0.,0.,-1.));
#1253 = PCURVE('',#206,#1254);
#1254 = DEFINITIONAL_REPRESENTATION('',(#1255),#1259);
#1255 = LINE('',#1256,#1257);
#1256 = CARTESIAN_POINT('',(10.576923076923,32.));
#1257 = VECTOR('',#1258,1.);
#1258 = DIRECTION('',(1.,0.));
#1259 = ( GEOMETRIC_REPRESENTATION_CONTEXT(2)
PARAMETRIC_REPRESENTATION_CONTEXT() REPRESENTATION_CONTEXT('2D SPACE',''
  ) );
#1260 = PCURVE('',#1261,#1266);
#1261 = PLANE('',#1262);
#1262 = AXIS2_PLACEMENT_3D('',#1263,#1264,#1265);
#1263 = CARTESIAN_POINT('',(32.,141.525,-10.));
#1264 = DIRECTION('',(1.,0.,0.));
#1265 = DIRECTION('',(0.,0.,-1.));
#1266 = DEFINITIONAL_REPRESENTATION('',(#1267),#1271);
#1267 = LINE('',#1268,#1269);
#1268 = CARTESIAN_POINT('',(0.,0.));
#1269 = VECTOR('',#1270,1.);
#1270 = DIRECTION('',(1.,0.));
#1271 = ( GEOMETRIC_REPRESENTATION_CONTEXT(2)
PARAMETRIC_REPRESENTATION_CONTEXT() REPRESENTATION_CONTEXT('2D SPACE',''
  ) );
#1272 = ORIENTED_EDGE('',*,*,#1273,.F.);
#1273 = EDGE_CURVE('',#1274,#1246,#1276,.T.);
#1274 = VERTEX_POINT('',#1275);
#1275 = CARTESIAN_POINT('',(32.094588709301,141.525,-9.997761991848));
#1276 = SURFACE_CURVE('',#1277,(#1282,#1289),.PCURVE_S1.);
#1277 = CIRCLE('',#1278,2.);
#1278 = AXIS2_PLACEMENT_3D('',#1279,#1280,#1281);
#1279 = CARTESIAN_POINT('',(34.,141.525,-10.60555127546));
#1280 = DIRECTION('',(0.,-1.,0.));
#1281 = DIRECTION('',(0.,-0.,-1.));
#1282 = PCURVE('',#206,#1283);
#1283 = DEFINITIONAL_REPRESENTATION('',(#1284),#1288);
#1284 = CIRCLE('',#1285,2.);
#1285 = AXIS2_PLACEMENT_2D('',#1286,#1287);
#1286 = CARTESIAN_POINT('',(11.182474352387,34.));
#1287 = DIRECTION('',(1.,0.));
#1288 = ( GEOMETRIC_REPRESENTATION_CONTEXT(2)
PARAMETRIC_REPRESENTATION_CONTEXT() REPRESENTATION_CONTEXT('2D SPACE',''
  ) );
#1289 = PCURVE('',#1290,#1295);
#1290 = CYLINDRICAL_SURFACE('',#1291,2.);
#1291 = AXIS2_PLACEMENT_3D('',#1292,#1293,#1294);
#1292 = CARTESIAN_POINT('',(34.,141.525,-10.60555127546));
#1293 = DIRECTION('',(0.,-1.,0.));
#1294 = DIRECTION('',(-0.832050294338,0.,0.554700196225));
#1295 = DEFINITIONAL_REPRESENTATION('',(#1296),#1300);
#1296 = LINE('',#1297,#1298);
#1297 = CARTESIAN_POINT('',(-4.124386376837,0.));
#1298 = VECTOR('',#1299,1.);
#1299 = DIRECTION('',(1.,0.));
#1300 = ( GEOMETRIC_REPRESENTATION_CONTEXT(2)
PARAMETRIC_REPRESENTATION_CONTEXT() REPRESENTATION_CONTEXT('2D SPACE',''
  ) );
#1301 = ORIENTED_EDGE('',*,*,#1302,.T.);
#1302 = EDGE_CURVE('',#1274,#1303,#1305,.T.);
#1303 = VERTEX_POINT('',#1304);
#1304 = CARTESIAN_POINT('',(32.,141.525,-10.));
#1305 = SURFACE_CURVE('',#1306,(#1311,#1322),.PCURVE_S1.);
#1306 = CIRCLE('',#1307,2.);
#1307 = AXIS2_PLACEMENT_3D('',#1308,#1309,#1310);
#1308 = CARTESIAN_POINT('',(32.,141.525,-8.));
#1309 = DIRECTION('',(-0.,1.,0.));
#1310 = DIRECTION('',(0.,0.,-1.));
#1311 = PCURVE('',#206,#1312);
#1312 = DEFINITIONAL_REPRESENTATION('',(#1313),#1321);
#1313 = ( BOUNDED_CURVE() B_SPLINE_CURVE(2,(#1314,#1315,#1316,#1317,
#1318,#1319,#1320),.UNSPECIFIED.,.T.,.F.) B_SPLINE_CURVE_WITH_KNOTS((1,2
    ,2,2,2,1),(-2.094395102393,0.,2.094395102393,4.188790204786,
6.28318530718,8.377580409573),.UNSPECIFIED.) CURVE()
GEOMETRIC_REPRESENTATION_ITEM() RATIONAL_B_SPLINE_CURVE((1.,0.5,1.,0.5,
1.,0.5,1.)) REPRESENTATION_ITEM('') );
#1314 = CARTESIAN_POINT('',(10.576923076923,32.));
#1315 = CARTESIAN_POINT('',(10.576923076923,28.535898384862));
#1316 = CARTESIAN_POINT('',(7.576923076923,30.267949192431));
#1317 = CARTESIAN_POINT('',(4.576923076923,32.));
#1318 = CARTESIAN_POINT('',(7.576923076923,33.732050807569));
#1319 = CARTESIAN_POINT('',(10.576923076923,35.464101615138));
#1320 = CARTESIAN_POINT('',(10.576923076923,32.));
#1321 = ( GEOMETRIC_REPRESENTATION_CONTEXT(2)
PARAMETRIC_REPRESENTATION_CONTEXT() REPRESENTATION_CONTEXT('2D SPACE',''
  ) );
#1322 = PCURVE('',#858,#1323);
#1323 = DEFINITIONAL_REPRESENTATION('',(#1324),#1328);
#1324 = LINE('',#1325,#1326);
#1325 = CARTESIAN_POINT('',(4.712388980385,9.525));
#1326 = VECTOR('',#1327,1.);
#1327 = DIRECTION('',(-1.,0.));
#1328 = ( GEOMETRIC_REPRESENTATION_CONTEXT(2)
PARAMETRIC_REPRESENTATION_CONTEXT() REPRESENTATION_CONTEXT('2D SPACE',''
  ) );
#1329 = ORIENTED_EDGE('',*,*,#1330,.T.);
#1330 = EDGE_CURVE('',#1303,#1331,#1333,.T.);
#1331 = VERTEX_POINT('',#1332);
#1332 = CARTESIAN_POINT('',(26.,141.525,-10.));
#1333 = SURFACE_CURVE('',#1334,(#1338,#1345),.PCURVE_S1.);
#1334 = LINE('',#1335,#1336);
#1335 = CARTESIAN_POINT('',(34.,141.525,-10.));
#1336 = VECTOR('',#1337,1.);
#1337 = DIRECTION('',(-1.,0.,0.));
#1338 = PCURVE('',#206,#1339);
#1339 = DEFINITIONAL_REPRESENTATION('',(#1340),#1344);
#1340 = LINE('',#1341,#1342);
#1341 = CARTESIAN_POINT('',(10.576923076923,34.));
#1342 = VECTOR('',#1343,1.);
#1343 = DIRECTION('',(0.,-1.));
#1344 = ( GEOMETRIC_REPRESENTATION_CONTEXT(2)
PARAMETRIC_REPRESENTATION_CONTEXT() REPRESENTATION_CONTEXT('2D SPACE',''
  ) );
#1345 = PCURVE('',#826,#1346);
#1346 = DEFINITIONAL_REPRESENTATION('',(#1347),#1351);
#1347 = LINE('',#1348,#1349);
#1348 = CARTESIAN_POINT('',(0.,-9.525));
#1349 = VECTOR('',#1350,1.);
#1350 = DIRECTION('',(1.,0.));
#1351 = ( GEOMETRIC_REPRESENTATION_CONTEXT(2)
PARAMETRIC_REPRESENTATION_CONTEXT() REPRESENTATION_CONTEXT('2D SPACE',''
  ) );
#1352 = ORIENTED_EDGE('',*,*,#1353,.T.);
#1353 = EDGE_CURVE('',#1331,#1354,#1356,.T.);
#1354 = VERTEX_POINT('',#1355);
#1355 = CARTESIAN_POINT('',(24.,141.525,-8.));
#1356 = SURFACE_CURVE('',#1357,(#1362,#1373),.PCURVE_S1.);
#1357 = CIRCLE('',#1358,2.);
#1358 = AXIS2_PLACEMENT_3D('',#1359,#1360,#1361);
#1359 = CARTESIAN_POINT('',(26.,141.525,-8.));
#1360 = DIRECTION('',(-0.,1.,0.));
#1361 = DIRECTION('',(0.,0.,-1.));
#1362 = PCURVE('',#206,#1363);
#1363 = DEFINITIONAL_REPRESENTATION('',(#1364),#1372);
#1364 = ( BOUNDED_CURVE() B_SPLINE_CURVE(2,(#1365,#1366,#1367,#1368,
#1369,#1370,#1371),.UNSPECIFIED.,.T.,.F.) B_SPLINE_CURVE_WITH_KNOTS((1,2
    ,2,2,2,1),(-2.094395102393,0.,2.094395102393,4.188790204786,
6.28318530718,8.377580409573),.UNSPECIFIED.) CURVE()
GEOMETRIC_REPRESENTATION_ITEM() RATIONAL_B_SPLINE_CURVE((1.,0.5,1.,0.5,
1.,0.5,1.)) REPRESENTATION_ITEM('') );
#1365 = CARTESIAN_POINT('',(10.576923076923,26.));
#1366 = CARTESIAN_POINT('',(10.576923076923,22.535898384862));
#1367 = CARTESIAN_POINT('',(7.576923076923,24.267949192431));
#1368 = CARTESIAN_POINT('',(4.576923076923,26.));
#1369 = CARTESIAN_POINT('',(7.576923076923,27.732050807569));
#1370 = CARTESIAN_POINT('',(10.576923076923,29.464101615138));
#1371 = CARTESIAN_POINT('',(10.576923076923,26.));
#1372 = ( GEOMETRIC_REPRESENTATION_CONTEXT(2)
PARAMETRIC_REPRESENTATION_CONTEXT() REPRESENTATION_CONTEXT('2D SPACE',''
  ) );
#1373 = PCURVE('',#799,#1374);
#1374 = DEFINITIONAL_REPRESENTATION('',(#1375),#1379);
#1375 = LINE('',#1376,#1377);
#1376 = CARTESIAN_POINT('',(-0.,9.525));
#1377 = VECTOR('',#1378,1.);
#1378 = DIRECTION('',(-1.,0.));
#1379 = ( GEOMETRIC_REPRESENTATION_CONTEXT(2)
PARAMETRIC_REPRESENTATION_CONTEXT() REPRESENTATION_CONTEXT('2D SPACE',''
  ) );
#1380 = ORIENTED_EDGE('',*,*,#1381,.T.);
#1381 = EDGE_CURVE('',#1354,#1382,#1384,.T.);
#1382 = VERTEX_POINT('',#1383);
#1383 = CARTESIAN_POINT('',(24.,141.525,18.));
#1384 = SURFACE_CURVE('',#1385,(#1389,#1396),.PCURVE_S1.);
#1385 = LINE('',#1386,#1387);
#1386 = CARTESIAN_POINT('',(24.,141.525,-10.));
#1387 = VECTOR('',#1388,1.);
#1388 = DIRECTION('',(0.,0.,1.));
#1389 = PCURVE('',#206,#1390);
#1390 = DEFINITIONAL_REPRESENTATION('',(#1391),#1395);
#1391 = LINE('',#1392,#1393);
#1392 = CARTESIAN_POINT('',(10.576923076923,24.));
#1393 = VECTOR('',#1394,1.);
#1394 = DIRECTION('',(-1.,0.));
#1395 = ( GEOMETRIC_REPRESENTATION_CONTEXT(2)
PARAMETRIC_REPRESENTATION_CONTEXT() REPRESENTATION_CONTEXT('2D SPACE',''
  ) );
#1396 = PCURVE('',#767,#1397);
#1397 = DEFINITIONAL_REPRESENTATION('',(#1398),#1402);
#1398 = LINE('',#1399,#1400);
#1399 = CARTESIAN_POINT('',(0.,-9.525));
#1400 = VECTOR('',#1401,1.);
#1401 = DIRECTION('',(1.,0.));
#1402 = ( GEOMETRIC_REPRESENTATION_CONTEXT(2)
PARAMETRIC_REPRESENTATION_CONTEXT() REPRESENTATION_CONTEXT('2D SPACE',''
  ) );
#1403 = ORIENTED_EDGE('',*,*,#1404,.T.);
#1404 = EDGE_CURVE('',#1382,#1405,#1407,.T.);
#1405 = VERTEX_POINT('',#1406);
#1406 = CARTESIAN_POINT('',(22.,141.525,20.));
#1407 = SURFACE_CURVE('',#1408,(#1413,#1420),.PCURVE_S1.);
#1408 = CIRCLE('',#1409,2.);
#1409 = AXIS2_PLACEMENT_3D('',#1410,#1411,#1412);
#1410 = CARTESIAN_POINT('',(22.,141.525,18.));
#1411 = DIRECTION('',(0.,-1.,0.));
#1412 = DIRECTION('',(0.,-0.,-1.));
#1413 = PCURVE('',#206,#1414);
#1414 = DEFINITIONAL_REPRESENTATION('',(#1415),#1419);
#1415 = CIRCLE('',#1416,2.);
#1416 = AXIS2_PLACEMENT_2D('',#1417,#1418);
#1417 = CARTESIAN_POINT('',(-17.42307692307,22.));
#1418 = DIRECTION('',(1.,0.));
#1419 = ( GEOMETRIC_REPRESENTATION_CONTEXT(2)
PARAMETRIC_REPRESENTATION_CONTEXT() REPRESENTATION_CONTEXT('2D SPACE',''
  ) );
#1420 = PCURVE('',#395,#1421);
#1421 = DEFINITIONAL_REPRESENTATION('',(#1422),#1426);
#1422 = LINE('',#1423,#1424);
#1423 = CARTESIAN_POINT('',(-1.570796326795,9.525));
#1424 = VECTOR('',#1425,1.);
#1425 = DIRECTION('',(1.,0.));
#1426 = ( GEOMETRIC_REPRESENTATION_CONTEXT(2)
PARAMETRIC_REPRESENTATION_CONTEXT() REPRESENTATION_CONTEXT('2D SPACE',''
  ) );
#1427 = ORIENTED_EDGE('',*,*,#1428,.T.);
#1428 = EDGE_CURVE('',#1405,#1429,#1431,.T.);
#1429 = VERTEX_POINT('',#1430);
#1430 = CARTESIAN_POINT('',(-22.,141.525,20.));
#1431 = SURFACE_CURVE('',#1432,(#1436,#1443),.PCURVE_S1.);
#1432 = LINE('',#1433,#1434);
#1433 = CARTESIAN_POINT('',(24.,141.525,20.));
#1434 = VECTOR('',#1435,1.);
#1435 = DIRECTION('',(-1.,0.,0.));
#1436 = PCURVE('',#206,#1437);
#1437 = DEFINITIONAL_REPRESENTATION('',(#1438),#1442);
#1438 = LINE('',#1439,#1440);
#1439 = CARTESIAN_POINT('',(-19.42307692307,24.));
#1440 = VECTOR('',#1441,1.);
#1441 = DIRECTION('',(0.,-1.));
#1442 = ( GEOMETRIC_REPRESENTATION_CONTEXT(2)
PARAMETRIC_REPRESENTATION_CONTEXT() REPRESENTATION_CONTEXT('2D SPACE',''
  ) );
#1443 = PCURVE('',#423,#1444);
#1444 = DEFINITIONAL_REPRESENTATION('',(#1445),#1449);
#1445 = LINE('',#1446,#1447);
#1446 = CARTESIAN_POINT('',(0.,-9.525));
#1447 = VECTOR('',#1448,1.);
#1448 = DIRECTION('',(1.,0.));
#1449 = ( GEOMETRIC_REPRESENTATION_CONTEXT(2)
PARAMETRIC_REPRESENTATION_CONTEXT() REPRESENTATION_CONTEXT('2D SPACE',''
  ) );
#1450 = ORIENTED_EDGE('',*,*,#1451,.T.);
#1451 = EDGE_CURVE('',#1429,#1452,#1454,.T.);
#1452 = VERTEX_POINT('',#1453);
#1453 = CARTESIAN_POINT('',(-24.,141.525,18.));
#1454 = SURFACE_CURVE('',#1455,(#1460,#1467),.PCURVE_S1.);
#1455 = CIRCLE('',#1456,2.);
#1456 = AXIS2_PLACEMENT_3D('',#1457,#1458,#1459);
#1457 = CARTESIAN_POINT('',(-22.,141.525,18.));
#1458 = DIRECTION('',(0.,-1.,0.));
#1459 = DIRECTION('',(0.,-0.,-1.));
#1460 = PCURVE('',#206,#1461);
#1461 = DEFINITIONAL_REPRESENTATION('',(#1462),#1466);
#1462 = CIRCLE('',#1463,2.);
#1463 = AXIS2_PLACEMENT_2D('',#1464,#1465);
#1464 = CARTESIAN_POINT('',(-17.42307692307,-22.));
#1465 = DIRECTION('',(1.,0.));
#1466 = ( GEOMETRIC_REPRESENTATION_CONTEXT(2)
PARAMETRIC_REPRESENTATION_CONTEXT() REPRESENTATION_CONTEXT('2D SPACE',''
  ) );
#1467 = PCURVE('',#450,#1468);
#1468 = DEFINITIONAL_REPRESENTATION('',(#1469),#1473);
#1469 = LINE('',#1470,#1471);
#1470 = CARTESIAN_POINT('',(-3.14159265359,9.525));
#1471 = VECTOR('',#1472,1.);
#1472 = DIRECTION('',(1.,0.));
#1473 = ( GEOMETRIC_REPRESENTATION_CONTEXT(2)
PARAMETRIC_REPRESENTATION_CONTEXT() REPRESENTATION_CONTEXT('2D SPACE',''
  ) );
#1474 = ORIENTED_EDGE('',*,*,#1475,.T.);
#1475 = EDGE_CURVE('',#1452,#1476,#1478,.T.);
#1476 = VERTEX_POINT('',#1477);
#1477 = CARTESIAN_POINT('',(-24.,141.525,-8.));
#1478 = SURFACE_CURVE('',#1479,(#1483,#1490),.PCURVE_S1.);
#1479 = LINE('',#1480,#1481);
#1480 = CARTESIAN_POINT('',(-24.,141.525,20.));
#1481 = VECTOR('',#1482,1.);
#1482 = DIRECTION('',(0.,0.,-1.));
#1483 = PCURVE('',#206,#1484);
#1484 = DEFINITIONAL_REPRESENTATION('',(#1485),#1489);
#1485 = LINE('',#1486,#1487);
#1486 = CARTESIAN_POINT('',(-19.42307692307,-24.));
#1487 = VECTOR('',#1488,1.);
#1488 = DIRECTION('',(1.,0.));
#1489 = ( GEOMETRIC_REPRESENTATION_CONTEXT(2)
PARAMETRIC_REPRESENTATION_CONTEXT() REPRESENTATION_CONTEXT('2D SPACE',''
  ) );
#1490 = PCURVE('',#1491,#1496);
#1491 = PLANE('',#1492);
#1492 = AXIS2_PLACEMENT_3D('',#1493,#1494,#1495);
#1493 = CARTESIAN_POINT('',(-24.,151.05,20.));
#1494 = DIRECTION('',(1.,0.,0.));
#1495 = DIRECTION('',(0.,0.,-1.));
#1496 = DEFINITIONAL_REPRESENTATION('',(#1497),#1501);
#1497 = LINE('',#1498,#1499);
#1498 = CARTESIAN_POINT('',(0.,-9.525));
#1499 = VECTOR('',#1500,1.);
#1500 = DIRECTION('',(1.,0.));
#1501 = ( GEOMETRIC_REPRESENTATION_CONTEXT(2)
PARAMETRIC_REPRESENTATION_CONTEXT() REPRESENTATION_CONTEXT('2D SPACE',''
  ) );
#1502 = ORIENTED_EDGE('',*,*,#1503,.T.);
#1503 = EDGE_CURVE('',#1476,#1504,#1506,.T.);
#1504 = VERTEX_POINT('',#1505);
#1505 = CARTESIAN_POINT('',(-26.,141.525,-10.));
#1506 = SURFACE_CURVE('',#1507,(#1512,#1523),.PCURVE_S1.);
#1507 = CIRCLE('',#1508,2.);
#1508 = AXIS2_PLACEMENT_3D('',#1509,#1510,#1511);
#1509 = CARTESIAN_POINT('',(-26.,141.525,-8.));
#1510 = DIRECTION('',(-0.,1.,0.));
#1511 = DIRECTION('',(0.,0.,-1.));
#1512 = PCURVE('',#206,#1513);
#1513 = DEFINITIONAL_REPRESENTATION('',(#1514),#1522);
#1514 = ( BOUNDED_CURVE() B_SPLINE_CURVE(2,(#1515,#1516,#1517,#1518,
#1519,#1520,#1521),.UNSPECIFIED.,.T.,.F.) B_SPLINE_CURVE_WITH_KNOTS((1,2
    ,2,2,2,1),(-2.094395102393,0.,2.094395102393,4.188790204786,
6.28318530718,8.377580409573),.UNSPECIFIED.) CURVE()
GEOMETRIC_REPRESENTATION_ITEM() RATIONAL_B_SPLINE_CURVE((1.,0.5,1.,0.5,
1.,0.5,1.)) REPRESENTATION_ITEM('') );
#1515 = CARTESIAN_POINT('',(10.576923076923,-26.));
#1516 = CARTESIAN_POINT('',(10.576923076923,-29.46410161513));
#1517 = CARTESIAN_POINT('',(7.576923076923,-27.73205080756));
#1518 = CARTESIAN_POINT('',(4.576923076923,-26.));
#1519 = CARTESIAN_POINT('',(7.576923076923,-24.26794919243));
#1520 = CARTESIAN_POINT('',(10.576923076923,-22.53589838486));
#1521 = CARTESIAN_POINT('',(10.576923076923,-26.));
#1522 = ( GEOMETRIC_REPRESENTATION_CONTEXT(2)
PARAMETRIC_REPRESENTATION_CONTEXT() REPRESENTATION_CONTEXT('2D SPACE',''
  ) );
#1523 = PCURVE('',#1524,#1529);
#1524 = CYLINDRICAL_SURFACE('',#1525,2.);
#1525 = AXIS2_PLACEMENT_3D('',#1526,#1527,#1528);
#1526 = CARTESIAN_POINT('',(-26.,151.05,-8.));
#1527 = DIRECTION('',(0.,-1.,0.));
#1528 = DIRECTION('',(1.,0.,0.));
#1529 = DEFINITIONAL_REPRESENTATION('',(#1530),#1534);
#1530 = LINE('',#1531,#1532);
#1531 = CARTESIAN_POINT('',(4.712388980385,9.525));
#1532 = VECTOR('',#1533,1.);
#1533 = DIRECTION('',(-1.,0.));
#1534 = ( GEOMETRIC_REPRESENTATION_CONTEXT(2)
PARAMETRIC_REPRESENTATION_CONTEXT() REPRESENTATION_CONTEXT('2D SPACE',''
  ) );
#1535 = ORIENTED_EDGE('',*,*,#1536,.T.);
#1536 = EDGE_CURVE('',#1504,#1537,#1539,.T.);
#1537 = VERTEX_POINT('',#1538);
#1538 = CARTESIAN_POINT('',(-32.,141.525,-10.));
#1539 = SURFACE_CURVE('',#1540,(#1544,#1551),.PCURVE_S1.);
#1540 = LINE('',#1541,#1542);
#1541 = CARTESIAN_POINT('',(-24.,141.525,-10.));
#1542 = VECTOR('',#1543,1.);
#1543 = DIRECTION('',(-1.,0.,0.));
#1544 = PCURVE('',#206,#1545);
#1545 = DEFINITIONAL_REPRESENTATION('',(#1546),#1550);
#1546 = LINE('',#1547,#1548);
#1547 = CARTESIAN_POINT('',(10.576923076923,-24.));
#1548 = VECTOR('',#1549,1.);
#1549 = DIRECTION('',(0.,-1.));
#1550 = ( GEOMETRIC_REPRESENTATION_CONTEXT(2)
PARAMETRIC_REPRESENTATION_CONTEXT() REPRESENTATION_CONTEXT('2D SPACE',''
  ) );
#1551 = PCURVE('',#1552,#1557);
#1552 = PLANE('',#1553);
#1553 = AXIS2_PLACEMENT_3D('',#1554,#1555,#1556);
#1554 = CARTESIAN_POINT('',(-24.,151.05,-10.));
#1555 = DIRECTION('',(-0.,-0.,-1.));
#1556 = DIRECTION('',(-1.,0.,0.));
#1557 = DEFINITIONAL_REPRESENTATION('',(#1558),#1562);
#1558 = LINE('',#1559,#1560);
#1559 = CARTESIAN_POINT('',(0.,-9.525));
#1560 = VECTOR('',#1561,1.);
#1561 = DIRECTION('',(1.,0.));
#1562 = ( GEOMETRIC_REPRESENTATION_CONTEXT(2)
PARAMETRIC_REPRESENTATION_CONTEXT() REPRESENTATION_CONTEXT('2D SPACE',''
  ) );
#1563 = ORIENTED_EDGE('',*,*,#1564,.T.);
#1564 = EDGE_CURVE('',#1537,#1565,#1567,.T.);
#1565 = VERTEX_POINT('',#1566);
#1566 = CARTESIAN_POINT('',(-32.0945887093,141.525,-9.997761991848));
#1567 = SURFACE_CURVE('',#1568,(#1573,#1584),.PCURVE_S1.);
#1568 = CIRCLE('',#1569,2.);
#1569 = AXIS2_PLACEMENT_3D('',#1570,#1571,#1572);
#1570 = CARTESIAN_POINT('',(-32.,141.525,-8.));
#1571 = DIRECTION('',(-0.,1.,0.));
#1572 = DIRECTION('',(0.,0.,-1.));
#1573 = PCURVE('',#206,#1574);
#1574 = DEFINITIONAL_REPRESENTATION('',(#1575),#1583);
#1575 = ( BOUNDED_CURVE() B_SPLINE_CURVE(2,(#1576,#1577,#1578,#1579,
#1580,#1581,#1582),.UNSPECIFIED.,.T.,.F.) B_SPLINE_CURVE_WITH_KNOTS((1,2
    ,2,2,2,1),(-2.094395102393,0.,2.094395102393,4.188790204786,
6.28318530718,8.377580409573),.UNSPECIFIED.) CURVE()
GEOMETRIC_REPRESENTATION_ITEM() RATIONAL_B_SPLINE_CURVE((1.,0.5,1.,0.5,
1.,0.5,1.)) REPRESENTATION_ITEM('') );
#1576 = CARTESIAN_POINT('',(10.576923076923,-32.));
#1577 = CARTESIAN_POINT('',(10.576923076923,-35.46410161513));
#1578 = CARTESIAN_POINT('',(7.576923076923,-33.73205080756));
#1579 = CARTESIAN_POINT('',(4.576923076923,-32.));
#1580 = CARTESIAN_POINT('',(7.576923076923,-30.26794919243));
#1581 = CARTESIAN_POINT('',(10.576923076923,-28.53589838486));
#1582 = CARTESIAN_POINT('',(10.576923076923,-32.));
#1583 = ( GEOMETRIC_REPRESENTATION_CONTEXT(2)
PARAMETRIC_REPRESENTATION_CONTEXT() REPRESENTATION_CONTEXT('2D SPACE',''
  ) );
#1584 = PCURVE('',#1585,#1590);
#1585 = CYLINDRICAL_SURFACE('',#1586,2.);
#1586 = AXIS2_PLACEMENT_3D('',#1587,#1588,#1589);
#1587 = CARTESIAN_POINT('',(-32.,151.05,-8.));
#1588 = DIRECTION('',(0.,-1.,0.));
#1589 = DIRECTION('',(-0.,-0.,-1.));
#1590 = DEFINITIONAL_REPRESENTATION('',(#1591),#1595);
#1591 = LINE('',#1592,#1593);
#1592 = CARTESIAN_POINT('',(-0.,9.525));
#1593 = VECTOR('',#1594,1.);
#1594 = DIRECTION('',(-1.,0.));
#1595 = ( GEOMETRIC_REPRESENTATION_CONTEXT(2)
PARAMETRIC_REPRESENTATION_CONTEXT() REPRESENTATION_CONTEXT('2D SPACE',''
  ) );
#1596 = ORIENTED_EDGE('',*,*,#1597,.T.);
#1597 = EDGE_CURVE('',#1565,#1598,#1600,.T.);
#1598 = VERTEX_POINT('',#1599);
#1599 = CARTESIAN_POINT('',(-32.,141.525,-10.60555127546));
#1600 = SURFACE_CURVE('',#1601,(#1606,#1617),.PCURVE_S1.);
#1601 = CIRCLE('',#1602,2.);
#1602 = AXIS2_PLACEMENT_3D('',#1603,#1604,#1605);
#1603 = CARTESIAN_POINT('',(-34.,141.525,-10.60555127546));
#1604 = DIRECTION('',(-0.,1.,0.));
#1605 = DIRECTION('',(0.,0.,-1.));
#1606 = PCURVE('',#206,#1607);
#1607 = DEFINITIONAL_REPRESENTATION('',(#1608),#1616);
#1608 = ( BOUNDED_CURVE() B_SPLINE_CURVE(2,(#1609,#1610,#1611,#1612,
#1613,#1614,#1615),.UNSPECIFIED.,.T.,.F.) B_SPLINE_CURVE_WITH_KNOTS((1,2
    ,2,2,2,1),(-2.094395102393,0.,2.094395102393,4.188790204786,
6.28318530718,8.377580409573),.UNSPECIFIED.) CURVE()
GEOMETRIC_REPRESENTATION_ITEM() RATIONAL_B_SPLINE_CURVE((1.,0.5,1.,0.5,
1.,0.5,1.)) REPRESENTATION_ITEM('') );
#1609 = CARTESIAN_POINT('',(13.182474352387,-34.));
#1610 = CARTESIAN_POINT('',(13.182474352387,-37.46410161513));
#1611 = CARTESIAN_POINT('',(10.182474352387,-35.73205080756));
#1612 = CARTESIAN_POINT('',(7.182474352387,-34.));
#1613 = CARTESIAN_POINT('',(10.182474352387,-32.26794919243));
#1614 = CARTESIAN_POINT('',(13.182474352387,-30.53589838486));
#1615 = CARTESIAN_POINT('',(13.182474352387,-34.));
#1616 = ( GEOMETRIC_REPRESENTATION_CONTEXT(2)
PARAMETRIC_REPRESENTATION_CONTEXT() REPRESENTATION_CONTEXT('2D SPACE',''
  ) );
#1617 = PCURVE('',#1618,#1623);
#1618 = CYLINDRICAL_SURFACE('',#1619,2.);
#1619 = AXIS2_PLACEMENT_3D('',#1620,#1621,#1622);
#1620 = CARTESIAN_POINT('',(-34.,141.525,-10.60555127546));
#1621 = DIRECTION('',(0.,-1.,0.));
#1622 = DIRECTION('',(0.832050294338,0.,0.554700196225));
#1623 = DEFINITIONAL_REPRESENTATION('',(#1624),#1628);
#1624 = LINE('',#1625,#1626);
#1625 = CARTESIAN_POINT('',(4.124386376837,-0.));
#1626 = VECTOR('',#1627,1.);
#1627 = DIRECTION('',(-1.,0.));
#1628 = ( GEOMETRIC_REPRESENTATION_CONTEXT(2)
PARAMETRIC_REPRESENTATION_CONTEXT() REPRESENTATION_CONTEXT('2D SPACE',''
  ) );
#1629 = ORIENTED_EDGE('',*,*,#1630,.F.);
#1630 = EDGE_CURVE('',#1188,#1598,#1631,.T.);
#1631 = SURFACE_CURVE('',#1632,(#1636,#1643),.PCURVE_S1.);
#1632 = LINE('',#1633,#1634);
#1633 = CARTESIAN_POINT('',(-32.,141.525,-20.));
#1634 = VECTOR('',#1635,1.);
#1635 = DIRECTION('',(0.,0.,1.));
#1636 = PCURVE('',#206,#1637);
#1637 = DEFINITIONAL_REPRESENTATION('',(#1638),#1642);
#1638 = LINE('',#1639,#1640);
#1639 = CARTESIAN_POINT('',(20.576923076923,-32.));
#1640 = VECTOR('',#1641,1.);
#1641 = DIRECTION('',(-1.,0.));
#1642 = ( GEOMETRIC_REPRESENTATION_CONTEXT(2)
PARAMETRIC_REPRESENTATION_CONTEXT() REPRESENTATION_CONTEXT('2D SPACE',''
  ) );
#1643 = PCURVE('',#1644,#1649);
#1644 = PLANE('',#1645);
#1645 = AXIS2_PLACEMENT_3D('',#1646,#1647,#1648);
#1646 = CARTESIAN_POINT('',(-32.,141.525,-20.));
#1647 = DIRECTION('',(-1.,0.,0.));
#1648 = DIRECTION('',(0.,0.,1.));
#1649 = DEFINITIONAL_REPRESENTATION('',(#1650),#1654);
#1650 = LINE('',#1651,#1652);
#1651 = CARTESIAN_POINT('',(0.,0.));
#1652 = VECTOR('',#1653,1.);
#1653 = DIRECTION('',(1.,0.));
#1654 = ( GEOMETRIC_REPRESENTATION_CONTEXT(2)
PARAMETRIC_REPRESENTATION_CONTEXT() REPRESENTATION_CONTEXT('2D SPACE',''
  ) );
#1655 = FACE_BOUND('',#1656,.T.);
#1656 = EDGE_LOOP('',(#1657));
#1657 = ORIENTED_EDGE('',*,*,#1658,.T.);
#1658 = EDGE_CURVE('',#1659,#1659,#1661,.T.);
#1659 = VERTEX_POINT('',#1660);
#1660 = CARTESIAN_POINT('',(-16.,141.525,9.35));
#1661 = SURFACE_CURVE('',#1662,(#1667,#1678),.PCURVE_S1.);
#1662 = CIRCLE('',#1663,1.35);
#1663 = AXIS2_PLACEMENT_3D('',#1664,#1665,#1666);
#1664 = CARTESIAN_POINT('',(-16.,141.525,8.));
#1665 = DIRECTION('',(0.,1.,0.));
#1666 = DIRECTION('',(0.,-0.,1.));
#1667 = PCURVE('',#206,#1668);
#1668 = DEFINITIONAL_REPRESENTATION('',(#1669),#1677);
#1669 = ( BOUNDED_CURVE() B_SPLINE_CURVE(2,(#1670,#1671,#1672,#1673,
#1674,#1675,#1676),.UNSPECIFIED.,.T.,.F.) B_SPLINE_CURVE_WITH_KNOTS((1,2
    ,2,2,2,1),(-2.094395102393,0.,2.094395102393,4.188790204786,
6.28318530718,8.377580409573),.UNSPECIFIED.) CURVE()
GEOMETRIC_REPRESENTATION_ITEM() RATIONAL_B_SPLINE_CURVE((1.,0.5,1.,0.5,
1.,0.5,1.)) REPRESENTATION_ITEM('') );
#1670 = CARTESIAN_POINT('',(-8.773076923077,-16.));
#1671 = CARTESIAN_POINT('',(-8.773076923077,-13.66173140978));
#1672 = CARTESIAN_POINT('',(-6.748076923077,-14.83086570489));
#1673 = CARTESIAN_POINT('',(-4.723076923077,-16.));
#1674 = CARTESIAN_POINT('',(-6.748076923077,-17.1691342951));
#1675 = CARTESIAN_POINT('',(-8.773076923077,-18.33826859021));
#1676 = CARTESIAN_POINT('',(-8.773076923077,-16.));
#1677 = ( GEOMETRIC_REPRESENTATION_CONTEXT(2)
PARAMETRIC_REPRESENTATION_CONTEXT() REPRESENTATION_CONTEXT('2D SPACE',''
  ) );
#1678 = PCURVE('',#485,#1679);
#1679 = DEFINITIONAL_REPRESENTATION('',(#1680),#1684);
#1680 = LINE('',#1681,#1682);
#1681 = CARTESIAN_POINT('',(0.,0.));
#1682 = VECTOR('',#1683,1.);
#1683 = DIRECTION('',(1.,0.));
#1684 = ( GEOMETRIC_REPRESENTATION_CONTEXT(2)
PARAMETRIC_REPRESENTATION_CONTEXT() REPRESENTATION_CONTEXT('2D SPACE',''
  ) );
#1685 = FACE_BOUND('',#1686,.T.);
#1686 = EDGE_LOOP('',(#1687));
#1687 = ORIENTED_EDGE('',*,*,#1688,.T.);
#1688 = EDGE_CURVE('',#1689,#1689,#1691,.T.);
#1689 = VERTEX_POINT('',#1690);
#1690 = CARTESIAN_POINT('',(-16.,141.525,-6.65));
#1691 = SURFACE_CURVE('',#1692,(#1697,#1708),.PCURVE_S1.);
#1692 = CIRCLE('',#1693,1.35);
#1693 = AXIS2_PLACEMENT_3D('',#1694,#1695,#1696);
#1694 = CARTESIAN_POINT('',(-16.,141.525,-8.));
#1695 = DIRECTION('',(0.,1.,0.));
#1696 = DIRECTION('',(0.,-0.,1.));
#1697 = PCURVE('',#206,#1698);
#1698 = DEFINITIONAL_REPRESENTATION('',(#1699),#1707);
#1699 = ( BOUNDED_CURVE() B_SPLINE_CURVE(2,(#1700,#1701,#1702,#1703,
#1704,#1705,#1706),.UNSPECIFIED.,.T.,.F.) B_SPLINE_CURVE_WITH_KNOTS((1,2
    ,2,2,2,1),(-2.094395102393,0.,2.094395102393,4.188790204786,
6.28318530718,8.377580409573),.UNSPECIFIED.) CURVE()
GEOMETRIC_REPRESENTATION_ITEM() RATIONAL_B_SPLINE_CURVE((1.,0.5,1.,0.5,
1.,0.5,1.)) REPRESENTATION_ITEM('') );
#1700 = CARTESIAN_POINT('',(7.226923076923,-16.));
#1701 = CARTESIAN_POINT('',(7.226923076923,-13.66173140978));
#1702 = CARTESIAN_POINT('',(9.251923076923,-14.83086570489));
#1703 = CARTESIAN_POINT('',(11.276923076923,-16.));
#1704 = CARTESIAN_POINT('',(9.251923076923,-17.1691342951));
#1705 = CARTESIAN_POINT('',(7.226923076923,-18.33826859021));
#1706 = CARTESIAN_POINT('',(7.226923076923,-16.));
#1707 = ( GEOMETRIC_REPRESENTATION_CONTEXT(2)
PARAMETRIC_REPRESENTATION_CONTEXT() REPRESENTATION_CONTEXT('2D SPACE',''
  ) );
#1708 = PCURVE('',#520,#1709);
#1709 = DEFINITIONAL_REPRESENTATION('',(#1710),#1714);
#1710 = LINE('',#1711,#1712);
#1711 = CARTESIAN_POINT('',(0.,0.));
#1712 = VECTOR('',#1713,1.);
#1713 = DIRECTION('',(1.,0.));
#1714 = ( GEOMETRIC_REPRESENTATION_CONTEXT(2)
PARAMETRIC_REPRESENTATION_CONTEXT() REPRESENTATION_CONTEXT('2D SPACE',''
  ) );
#1715 = FACE_BOUND('',#1716,.T.);
#1716 = EDGE_LOOP('',(#1717));
#1717 = ORIENTED_EDGE('',*,*,#1718,.T.);
#1718 = EDGE_CURVE('',#1719,#1719,#1721,.T.);
#1719 = VERTEX_POINT('',#1720);
#1720 = CARTESIAN_POINT('',(-1.383850883037E-15,141.525,15.65));
#1721 = SURFACE_CURVE('',#1722,(#1727,#1738),.PCURVE_S1.);
#1722 = CIRCLE('',#1723,5.65);
#1723 = AXIS2_PLACEMENT_3D('',#1724,#1725,#1726);
#1724 = CARTESIAN_POINT('',(0.,141.525,10.));
#1725 = DIRECTION('',(0.,1.,0.));
#1726 = DIRECTION('',(0.,-0.,1.));
#1727 = PCURVE('',#206,#1728);
#1728 = DEFINITIONAL_REPRESENTATION('',(#1729),#1737);
#1729 = ( BOUNDED_CURVE() B_SPLINE_CURVE(2,(#1730,#1731,#1732,#1733,
#1734,#1735,#1736),.UNSPECIFIED.,.T.,.F.) B_SPLINE_CURVE_WITH_KNOTS((1,2
    ,2,2,2,1),(-2.094395102393,0.,2.094395102393,4.188790204786,
6.28318530718,8.377580409573),.UNSPECIFIED.) CURVE()
GEOMETRIC_REPRESENTATION_ITEM() RATIONAL_B_SPLINE_CURVE((1.,0.5,1.,0.5,
1.,0.5,1.)) REPRESENTATION_ITEM('') );
#1730 = CARTESIAN_POINT('',(-15.07307692307,0.));
#1731 = CARTESIAN_POINT('',(-15.07307692307,9.786087062764));
#1732 = CARTESIAN_POINT('',(-6.598076923077,4.893043531382));
#1733 = CARTESIAN_POINT('',(1.876923076923,1.383850883037E-15));
#1734 = CARTESIAN_POINT('',(-6.598076923077,-4.893043531382));
#1735 = CARTESIAN_POINT('',(-15.07307692307,-9.786087062764));
#1736 = CARTESIAN_POINT('',(-15.07307692307,0.));
#1737 = ( GEOMETRIC_REPRESENTATION_CONTEXT(2)
PARAMETRIC_REPRESENTATION_CONTEXT() REPRESENTATION_CONTEXT('2D SPACE',''
  ) );
#1738 = PCURVE('',#1739,#1744);
#1739 = CONICAL_SURFACE('',#1740,5.65,0.785398163397);
#1740 = AXIS2_PLACEMENT_3D('',#1741,#1742,#1743);
#1741 = CARTESIAN_POINT('',(0.,141.525,10.));
#1742 = DIRECTION('',(-0.,-1.,-0.));
#1743 = DIRECTION('',(0.,-0.,1.));
#1744 = DEFINITIONAL_REPRESENTATION('',(#1745),#1749);
#1745 = LINE('',#1746,#1747);
#1746 = CARTESIAN_POINT('',(-0.,-0.));
#1747 = VECTOR('',#1748,1.);
#1748 = DIRECTION('',(-1.,-0.));
#1749 = ( GEOMETRIC_REPRESENTATION_CONTEXT(2)
PARAMETRIC_REPRESENTATION_CONTEXT() REPRESENTATION_CONTEXT('2D SPACE',''
  ) );
#1750 = FACE_BOUND('',#1751,.T.);
#1751 = EDGE_LOOP('',(#1752));
#1752 = ORIENTED_EDGE('',*,*,#1753,.T.);
#1753 = EDGE_CURVE('',#1754,#1754,#1756,.T.);
#1754 = VERTEX_POINT('',#1755);
#1755 = CARTESIAN_POINT('',(16.,141.525,9.35));
#1756 = SURFACE_CURVE('',#1757,(#1762,#1773),.PCURVE_S1.);
#1757 = CIRCLE('',#1758,1.35);
#1758 = AXIS2_PLACEMENT_3D('',#1759,#1760,#1761);
#1759 = CARTESIAN_POINT('',(16.,141.525,8.));
#1760 = DIRECTION('',(0.,1.,0.));
#1761 = DIRECTION('',(0.,-0.,1.));
#1762 = PCURVE('',#206,#1763);
#1763 = DEFINITIONAL_REPRESENTATION('',(#1764),#1772);
#1764 = ( BOUNDED_CURVE() B_SPLINE_CURVE(2,(#1765,#1766,#1767,#1768,
#1769,#1770,#1771),.UNSPECIFIED.,.T.,.F.) B_SPLINE_CURVE_WITH_KNOTS((1,2
    ,2,2,2,1),(-2.094395102393,0.,2.094395102393,4.188790204786,
6.28318530718,8.377580409573),.UNSPECIFIED.) CURVE()
GEOMETRIC_REPRESENTATION_ITEM() RATIONAL_B_SPLINE_CURVE((1.,0.5,1.,0.5,
1.,0.5,1.)) REPRESENTATION_ITEM('') );
#1765 = CARTESIAN_POINT('',(-8.773076923077,16.));
#1766 = CARTESIAN_POINT('',(-8.773076923077,18.338268590218));
#1767 = CARTESIAN_POINT('',(-6.748076923077,17.169134295109));
#1768 = CARTESIAN_POINT('',(-4.723076923077,16.));
#1769 = CARTESIAN_POINT('',(-6.748076923077,14.830865704891));
#1770 = CARTESIAN_POINT('',(-8.773076923077,13.661731409782));
#1771 = CARTESIAN_POINT('',(-8.773076923077,16.));
#1772 = ( GEOMETRIC_REPRESENTATION_CONTEXT(2)
PARAMETRIC_REPRESENTATION_CONTEXT() REPRESENTATION_CONTEXT('2D SPACE',''
  ) );
#1773 = PCURVE('',#590,#1774);
#1774 = DEFINITIONAL_REPRESENTATION('',(#1775),#1779);
#1775 = LINE('',#1776,#1777);
#1776 = CARTESIAN_POINT('',(0.,0.));
#1777 = VECTOR('',#1778,1.);
#1778 = DIRECTION('',(1.,0.));
#1779 = ( GEOMETRIC_REPRESENTATION_CONTEXT(2)
PARAMETRIC_REPRESENTATION_CONTEXT() REPRESENTATION_CONTEXT('2D SPACE',''
  ) );
#1780 = FACE_BOUND('',#1781,.T.);
#1781 = EDGE_LOOP('',(#1782));
#1782 = ORIENTED_EDGE('',*,*,#1783,.T.);
#1783 = EDGE_CURVE('',#1784,#1784,#1786,.T.);
#1784 = VERTEX_POINT('',#1785);
#1785 = CARTESIAN_POINT('',(-1.383850883037E-15,141.525,-4.35));
#1786 = SURFACE_CURVE('',#1787,(#1792,#1803),.PCURVE_S1.);
#1787 = CIRCLE('',#1788,5.65);
#1788 = AXIS2_PLACEMENT_3D('',#1789,#1790,#1791);
#1789 = CARTESIAN_POINT('',(0.,141.525,-10.));
#1790 = DIRECTION('',(0.,1.,0.));
#1791 = DIRECTION('',(0.,-0.,1.));
#1792 = PCURVE('',#206,#1793);
#1793 = DEFINITIONAL_REPRESENTATION('',(#1794),#1802);
#1794 = ( BOUNDED_CURVE() B_SPLINE_CURVE(2,(#1795,#1796,#1797,#1798,
#1799,#1800,#1801),.UNSPECIFIED.,.T.,.F.) B_SPLINE_CURVE_WITH_KNOTS((1,2
    ,2,2,2,1),(-2.094395102393,0.,2.094395102393,4.188790204786,
6.28318530718,8.377580409573),.UNSPECIFIED.) CURVE()
GEOMETRIC_REPRESENTATION_ITEM() RATIONAL_B_SPLINE_CURVE((1.,0.5,1.,0.5,
1.,0.5,1.)) REPRESENTATION_ITEM('') );
#1795 = CARTESIAN_POINT('',(4.926923076923,0.));
#1796 = CARTESIAN_POINT('',(4.926923076923,9.786087062764));
#1797 = CARTESIAN_POINT('',(13.401923076923,4.893043531382));
#1798 = CARTESIAN_POINT('',(21.876923076923,1.383850883037E-15));
#1799 = CARTESIAN_POINT('',(13.401923076923,-4.893043531382));
#1800 = CARTESIAN_POINT('',(4.926923076923,-9.786087062764));
#1801 = CARTESIAN_POINT('',(4.926923076923,0.));
#1802 = ( GEOMETRIC_REPRESENTATION_CONTEXT(2)
PARAMETRIC_REPRESENTATION_CONTEXT() REPRESENTATION_CONTEXT('2D SPACE',''
  ) );
#1803 = PCURVE('',#1804,#1809);
#1804 = CONICAL_SURFACE('',#1805,5.65,0.785398163397);
#1805 = AXIS2_PLACEMENT_3D('',#1806,#1807,#1808);
#1806 = CARTESIAN_POINT('',(0.,141.525,-10.));
#1807 = DIRECTION('',(-0.,-1.,-0.));
#1808 = DIRECTION('',(0.,-0.,1.));
#1809 = DEFINITIONAL_REPRESENTATION('',(#1810),#1814);
#1810 = LINE('',#1811,#1812);
#1811 = CARTESIAN_POINT('',(-0.,-0.));
#1812 = VECTOR('',#1813,1.);
#1813 = DIRECTION('',(-1.,-0.));
#1814 = ( GEOMETRIC_REPRESENTATION_CONTEXT(2)
PARAMETRIC_REPRESENTATION_CONTEXT() REPRESENTATION_CONTEXT('2D SPACE',''
  ) );
#1815 = FACE_BOUND('',#1816,.T.);
#1816 = EDGE_LOOP('',(#1817));
#1817 = ORIENTED_EDGE('',*,*,#1818,.T.);
#1818 = EDGE_CURVE('',#1819,#1819,#1821,.T.);
#1819 = VERTEX_POINT('',#1820);
#1820 = CARTESIAN_POINT('',(16.,141.525,-6.65));
#1821 = SURFACE_CURVE('',#1822,(#1827,#1838),.PCURVE_S1.);
#1822 = CIRCLE('',#1823,1.35);
#1823 = AXIS2_PLACEMENT_3D('',#1824,#1825,#1826);
#1824 = CARTESIAN_POINT('',(16.,141.525,-8.));
#1825 = DIRECTION('',(0.,1.,0.));
#1826 = DIRECTION('',(0.,-0.,1.));
#1827 = PCURVE('',#206,#1828);
#1828 = DEFINITIONAL_REPRESENTATION('',(#1829),#1837);
#1829 = ( BOUNDED_CURVE() B_SPLINE_CURVE(2,(#1830,#1831,#1832,#1833,
#1834,#1835,#1836),.UNSPECIFIED.,.T.,.F.) B_SPLINE_CURVE_WITH_KNOTS((1,2
    ,2,2,2,1),(-2.094395102393,0.,2.094395102393,4.188790204786,
6.28318530718,8.377580409573),.UNSPECIFIED.) CURVE()
GEOMETRIC_REPRESENTATION_ITEM() RATIONAL_B_SPLINE_CURVE((1.,0.5,1.,0.5,
1.,0.5,1.)) REPRESENTATION_ITEM('') );
#1830 = CARTESIAN_POINT('',(7.226923076923,16.));
#1831 = CARTESIAN_POINT('',(7.226923076923,18.338268590218));
#1832 = CARTESIAN_POINT('',(9.251923076923,17.169134295109));
#1833 = CARTESIAN_POINT('',(11.276923076923,16.));
#1834 = CARTESIAN_POINT('',(9.251923076923,14.830865704891));
#1835 = CARTESIAN_POINT('',(7.226923076923,13.661731409782));
#1836 = CARTESIAN_POINT('',(7.226923076923,16.));
#1837 = ( GEOMETRIC_REPRESENTATION_CONTEXT(2)
PARAMETRIC_REPRESENTATION_CONTEXT() REPRESENTATION_CONTEXT('2D SPACE',''
  ) );
#1838 = PCURVE('',#660,#1839);
#1839 = DEFINITIONAL_REPRESENTATION('',(#1840),#1844);
#1840 = LINE('',#1841,#1842);
#1841 = CARTESIAN_POINT('',(0.,0.));
#1842 = VECTOR('',#1843,1.);
#1843 = DIRECTION('',(1.,0.));
#1844 = ( GEOMETRIC_REPRESENTATION_CONTEXT(2)
PARAMETRIC_REPRESENTATION_CONTEXT() REPRESENTATION_CONTEXT('2D SPACE',''
  ) );
#1845 = ADVANCED_FACE('',(#1846),#234,.F.);
#1846 = FACE_BOUND('',#1847,.F.);
#1847 = EDGE_LOOP('',(#1848,#1849,#1872,#1900));
#1848 = ORIENTED_EDGE('',*,*,#218,.F.);
#1849 = ORIENTED_EDGE('',*,*,#1850,.T.);
#1850 = EDGE_CURVE('',#191,#1851,#1853,.T.);
#1851 = VERTEX_POINT('',#1852);
#1852 = CARTESIAN_POINT('',(34.,135.175,-20.));
#1853 = SURFACE_CURVE('',#1854,(#1858,#1865),.PCURVE_S1.);
#1854 = LINE('',#1855,#1856);
#1855 = CARTESIAN_POINT('',(34.,141.525,-20.));
#1856 = VECTOR('',#1857,1.);
#1857 = DIRECTION('',(0.,-1.,0.));
#1858 = PCURVE('',#234,#1859);
#1859 = DEFINITIONAL_REPRESENTATION('',(#1860),#1864);
#1860 = LINE('',#1861,#1862);
#1861 = CARTESIAN_POINT('',(2.,0.));
#1862 = VECTOR('',#1863,1.);
#1863 = DIRECTION('',(0.,-1.));
#1864 = ( GEOMETRIC_REPRESENTATION_CONTEXT(2)
PARAMETRIC_REPRESENTATION_CONTEXT() REPRESENTATION_CONTEXT('2D SPACE',''
  ) );
#1865 = PCURVE('',#1233,#1866);
#1866 = DEFINITIONAL_REPRESENTATION('',(#1867),#1871);
#1867 = LINE('',#1868,#1869);
#1868 = CARTESIAN_POINT('',(-0.,0.));
#1869 = VECTOR('',#1870,1.);
#1870 = DIRECTION('',(-0.,1.));
#1871 = ( GEOMETRIC_REPRESENTATION_CONTEXT(2)
PARAMETRIC_REPRESENTATION_CONTEXT() REPRESENTATION_CONTEXT('2D SPACE',''
  ) );
#1872 = ORIENTED_EDGE('',*,*,#1873,.T.);
#1873 = EDGE_CURVE('',#1851,#1874,#1876,.T.);
#1874 = VERTEX_POINT('',#1875);
#1875 = CARTESIAN_POINT('',(50.,135.175,-20.));
#1876 = SURFACE_CURVE('',#1877,(#1881,#1888),.PCURVE_S1.);
#1877 = LINE('',#1878,#1879);
#1878 = CARTESIAN_POINT('',(32.,135.175,-20.));
#1879 = VECTOR('',#1880,1.);
#1880 = DIRECTION('',(1.,0.,0.));
#1881 = PCURVE('',#234,#1882);
#1882 = DEFINITIONAL_REPRESENTATION('',(#1883),#1887);
#1883 = LINE('',#1884,#1885);
#1884 = CARTESIAN_POINT('',(0.,-6.35));
#1885 = VECTOR('',#1886,1.);
#1886 = DIRECTION('',(1.,0.));
#1887 = ( GEOMETRIC_REPRESENTATION_CONTEXT(2)
PARAMETRIC_REPRESENTATION_CONTEXT() REPRESENTATION_CONTEXT('2D SPACE',''
  ) );
#1888 = PCURVE('',#1889,#1894);
#1889 = PLANE('',#1890);
#1890 = AXIS2_PLACEMENT_3D('',#1891,#1892,#1893);
#1891 = CARTESIAN_POINT('',(42.599891585297,135.175,0.61051733286));
#1892 = DIRECTION('',(-0.,-1.,-0.));
#1893 = DIRECTION('',(0.,0.,-1.));
#1894 = DEFINITIONAL_REPRESENTATION('',(#1895),#1899);
#1895 = LINE('',#1896,#1897);
#1896 = CARTESIAN_POINT('',(20.61051733286,-10.59989158529));
#1897 = VECTOR('',#1898,1.);
#1898 = DIRECTION('',(0.,1.));
#1899 = ( GEOMETRIC_REPRESENTATION_CONTEXT(2)
PARAMETRIC_REPRESENTATION_CONTEXT() REPRESENTATION_CONTEXT('2D SPACE',''
  ) );
#1900 = ORIENTED_EDGE('',*,*,#1901,.F.);
#1901 = EDGE_CURVE('',#219,#1874,#1902,.T.);
#1902 = SURFACE_CURVE('',#1903,(#1907,#1914),.PCURVE_S1.);
#1903 = LINE('',#1904,#1905);
#1904 = CARTESIAN_POINT('',(50.,141.525,-20.));
#1905 = VECTOR('',#1906,1.);
#1906 = DIRECTION('',(0.,-1.,0.));
#1907 = PCURVE('',#234,#1908);
#1908 = DEFINITIONAL_REPRESENTATION('',(#1909),#1913);
#1909 = LINE('',#1910,#1911);
#1910 = CARTESIAN_POINT('',(18.,0.));
#1911 = VECTOR('',#1912,1.);
#1912 = DIRECTION('',(0.,-1.));
#1913 = ( GEOMETRIC_REPRESENTATION_CONTEXT(2)
PARAMETRIC_REPRESENTATION_CONTEXT() REPRESENTATION_CONTEXT('2D SPACE',''
  ) );
#1914 = PCURVE('',#1087,#1915);
#1915 = DEFINITIONAL_REPRESENTATION('',(#1916),#1920);
#1916 = LINE('',#1917,#1918);
#1917 = CARTESIAN_POINT('',(0.,0.));
#1918 = VECTOR('',#1919,1.);
#1919 = DIRECTION('',(0.,1.));
#1920 = ( GEOMETRIC_REPRESENTATION_CONTEXT(2)
PARAMETRIC_REPRESENTATION_CONTEXT() REPRESENTATION_CONTEXT('2D SPACE',''
  ) );
#1921 = ADVANCED_FACE('',(#1922),#150,.T.);
#1922 = FACE_BOUND('',#1923,.F.);
#1923 = EDGE_LOOP('',(#1924,#1925,#1953,#1981));
#1924 = ORIENTED_EDGE('',*,*,#134,.F.);
#1925 = ORIENTED_EDGE('',*,*,#1926,.F.);
#1926 = EDGE_CURVE('',#1927,#107,#1929,.T.);
#1927 = VERTEX_POINT('',#1928);
#1928 = CARTESIAN_POINT('',(-52.,150.05,-18.));
#1929 = SURFACE_CURVE('',#1930,(#1935,#1942),.PCURVE_S1.);
#1930 = CIRCLE('',#1931,2.);
#1931 = AXIS2_PLACEMENT_3D('',#1932,#1933,#1934);
#1932 = CARTESIAN_POINT('',(-50.,150.05,-18.));
#1933 = DIRECTION('',(0.,-1.,0.));
#1934 = DIRECTION('',(0.,-0.,-1.));
#1935 = PCURVE('',#150,#1936);
#1936 = DEFINITIONAL_REPRESENTATION('',(#1937),#1941);
#1937 = LINE('',#1938,#1939);
#1938 = CARTESIAN_POINT('',(-6.28318530718,1.));
#1939 = VECTOR('',#1940,1.);
#1940 = DIRECTION('',(1.,-0.));
#1941 = ( GEOMETRIC_REPRESENTATION_CONTEXT(2)
PARAMETRIC_REPRESENTATION_CONTEXT() REPRESENTATION_CONTEXT('2D SPACE',''
  ) );
#1942 = PCURVE('',#122,#1943);
#1943 = DEFINITIONAL_REPRESENTATION('',(#1944),#1952);
#1944 = ( BOUNDED_CURVE() B_SPLINE_CURVE(2,(#1945,#1946,#1947,#1948,
#1949,#1950,#1951),.UNSPECIFIED.,.T.,.F.) B_SPLINE_CURVE_WITH_KNOTS((1,2
    ,2,2,2,1),(-2.094395102393,0.,2.094395102393,4.188790204786,
6.28318530718,8.377580409573),.UNSPECIFIED.) CURVE()
GEOMETRIC_REPRESENTATION_ITEM() RATIONAL_B_SPLINE_CURVE((1.,0.5,1.,0.5,
1.,0.5,1.)) REPRESENTATION_ITEM('') );
#1945 = CARTESIAN_POINT('',(0.,2.));
#1946 = CARTESIAN_POINT('',(0.,5.464101615138));
#1947 = CARTESIAN_POINT('',(3.,3.732050807569));
#1948 = CARTESIAN_POINT('',(6.,2.));
#1949 = CARTESIAN_POINT('',(3.,0.267949192431));
#1950 = CARTESIAN_POINT('',(3.10862446895E-15,-1.464101615138));
#1951 = CARTESIAN_POINT('',(0.,2.));
#1952 = ( GEOMETRIC_REPRESENTATION_CONTEXT(2)
PARAMETRIC_REPRESENTATION_CONTEXT() REPRESENTATION_CONTEXT('2D SPACE',''
  ) );
#1953 = ORIENTED_EDGE('',*,*,#1954,.T.);
#1954 = EDGE_CURVE('',#1927,#1955,#1957,.T.);
#1955 = VERTEX_POINT('',#1956);
#1956 = CARTESIAN_POINT('',(-52.,141.525,-18.));
#1957 = SURFACE_CURVE('',#1958,(#1962,#1969),.PCURVE_S1.);
#1958 = LINE('',#1959,#1960);
#1959 = CARTESIAN_POINT('',(-52.,151.05,-18.));
#1960 = VECTOR('',#1961,1.);
#1961 = DIRECTION('',(0.,-1.,0.));
#1962 = PCURVE('',#150,#1963);
#1963 = DEFINITIONAL_REPRESENTATION('',(#1964),#1968);
#1964 = LINE('',#1965,#1966);
#1965 = CARTESIAN_POINT('',(-1.570796326795,0.));
#1966 = VECTOR('',#1967,1.);
#1967 = DIRECTION('',(-0.,1.));
#1968 = ( GEOMETRIC_REPRESENTATION_CONTEXT(2)
PARAMETRIC_REPRESENTATION_CONTEXT() REPRESENTATION_CONTEXT('2D SPACE',''
  ) );
#1969 = PCURVE('',#1970,#1975);
#1970 = PLANE('',#1971);
#1971 = AXIS2_PLACEMENT_3D('',#1972,#1973,#1974);
#1972 = CARTESIAN_POINT('',(-52.,151.05,22.));
#1973 = DIRECTION('',(1.,0.,0.));
#1974 = DIRECTION('',(0.,0.,-1.));
#1975 = DEFINITIONAL_REPRESENTATION('',(#1976),#1980);
#1976 = LINE('',#1977,#1978);
#1977 = CARTESIAN_POINT('',(40.,0.));
#1978 = VECTOR('',#1979,1.);
#1979 = DIRECTION('',(0.,-1.));
#1980 = ( GEOMETRIC_REPRESENTATION_CONTEXT(2)
PARAMETRIC_REPRESENTATION_CONTEXT() REPRESENTATION_CONTEXT('2D SPACE',''
  ) );
#1981 = ORIENTED_EDGE('',*,*,#1982,.F.);
#1982 = EDGE_CURVE('',#135,#1955,#1983,.T.);
#1983 = SURFACE_CURVE('',#1984,(#1989,#1996),.PCURVE_S1.);
#1984 = CIRCLE('',#1985,2.);
#1985 = AXIS2_PLACEMENT_3D('',#1986,#1987,#1988);
#1986 = CARTESIAN_POINT('',(-50.,141.525,-18.));
#1987 = DIRECTION('',(-0.,1.,0.));
#1988 = DIRECTION('',(0.,0.,-1.));
#1989 = PCURVE('',#150,#1990);
#1990 = DEFINITIONAL_REPRESENTATION('',(#1991),#1995);
#1991 = LINE('',#1992,#1993);
#1992 = CARTESIAN_POINT('',(-0.,9.525));
#1993 = VECTOR('',#1994,1.);
#1994 = DIRECTION('',(-1.,0.));
#1995 = ( GEOMETRIC_REPRESENTATION_CONTEXT(2)
PARAMETRIC_REPRESENTATION_CONTEXT() REPRESENTATION_CONTEXT('2D SPACE',''
  ) );
#1996 = PCURVE('',#1118,#1997);
#1997 = DEFINITIONAL_REPRESENTATION('',(#1998),#2001);
#1998 = B_SPLINE_CURVE_WITH_KNOTS('',1,(#1999,#2000),.UNSPECIFIED.,.F.,
  .F.,(2,2),(0.,1.570796326795),.PIECEWISE_BEZIER_KNOTS.);
#1999 = CARTESIAN_POINT('',(1.570796326795,0.));
#2000 = CARTESIAN_POINT('',(0.,0.));
#2001 = ( GEOMETRIC_REPRESENTATION_CONTEXT(2)
PARAMETRIC_REPRESENTATION_CONTEXT() REPRESENTATION_CONTEXT('2D SPACE',''
  ) );
#2002 = ADVANCED_FACE('',(#2003),#122,.T.);
#2003 = FACE_BOUND('',#2004,.T.);
#2004 = EDGE_LOOP('',(#2005,#2006,#2007,#2030,#2063,#2091,#2124,#2150,
    #2178,#2199,#2227,#2248,#2276));
#2005 = ORIENTED_EDGE('',*,*,#106,.F.);
#2006 = ORIENTED_EDGE('',*,*,#1926,.F.);
#2007 = ORIENTED_EDGE('',*,*,#2008,.T.);
#2008 = EDGE_CURVE('',#1927,#2009,#2011,.T.);
#2009 = VERTEX_POINT('',#2010);
#2010 = CARTESIAN_POINT('',(-52.,150.05,20.));
#2011 = SURFACE_CURVE('',#2012,(#2016,#2023),.PCURVE_S1.);
#2012 = LINE('',#2013,#2014);
#2013 = CARTESIAN_POINT('',(-52.,150.05,-20.));
#2014 = VECTOR('',#2015,1.);
#2015 = DIRECTION('',(0.,0.,1.));
#2016 = PCURVE('',#122,#2017);
#2017 = DEFINITIONAL_REPRESENTATION('',(#2018),#2022);
#2018 = LINE('',#2019,#2020);
#2019 = CARTESIAN_POINT('',(0.,0.));
#2020 = VECTOR('',#2021,1.);
#2021 = DIRECTION('',(1.,0.));
#2022 = ( GEOMETRIC_REPRESENTATION_CONTEXT(2)
PARAMETRIC_REPRESENTATION_CONTEXT() REPRESENTATION_CONTEXT('2D SPACE',''
  ) );
#2023 = PCURVE('',#1970,#2024);
#2024 = DEFINITIONAL_REPRESENTATION('',(#2025),#2029);
#2025 = LINE('',#2026,#2027);
#2026 = CARTESIAN_POINT('',(42.,-1.));
#2027 = VECTOR('',#2028,1.);
#2028 = DIRECTION('',(-1.,0.));
#2029 = ( GEOMETRIC_REPRESENTATION_CONTEXT(2)
PARAMETRIC_REPRESENTATION_CONTEXT() REPRESENTATION_CONTEXT('2D SPACE',''
  ) );
#2030 = ORIENTED_EDGE('',*,*,#2031,.F.);
#2031 = EDGE_CURVE('',#2032,#2009,#2034,.T.);
#2032 = VERTEX_POINT('',#2033);
#2033 = CARTESIAN_POINT('',(-50.,150.05,22.));
#2034 = SURFACE_CURVE('',#2035,(#2040,#2051),.PCURVE_S1.);
#2035 = CIRCLE('',#2036,2.);
#2036 = AXIS2_PLACEMENT_3D('',#2037,#2038,#2039);
#2037 = CARTESIAN_POINT('',(-50.,150.05,20.));
#2038 = DIRECTION('',(0.,-1.,0.));
#2039 = DIRECTION('',(-0.,0.,1.));
#2040 = PCURVE('',#122,#2041);
#2041 = DEFINITIONAL_REPRESENTATION('',(#2042),#2050);
#2042 = ( BOUNDED_CURVE() B_SPLINE_CURVE(2,(#2043,#2044,#2045,#2046,
#2047,#2048,#2049),.UNSPECIFIED.,.T.,.F.) B_SPLINE_CURVE_WITH_KNOTS((1,2
    ,2,2,2,1),(-2.094395102393,0.,2.094395102393,4.188790204786,
6.28318530718,8.377580409573),.UNSPECIFIED.) CURVE()
GEOMETRIC_REPRESENTATION_ITEM() RATIONAL_B_SPLINE_CURVE((1.,0.5,1.,0.5,
1.,0.5,1.)) REPRESENTATION_ITEM('') );
#2043 = CARTESIAN_POINT('',(42.,2.));
#2044 = CARTESIAN_POINT('',(42.,-1.464101615138));
#2045 = CARTESIAN_POINT('',(39.,0.267949192431));
#2046 = CARTESIAN_POINT('',(36.,2.));
#2047 = CARTESIAN_POINT('',(39.,3.732050807569));
#2048 = CARTESIAN_POINT('',(42.,5.464101615138));
#2049 = CARTESIAN_POINT('',(42.,2.));
#2050 = ( GEOMETRIC_REPRESENTATION_CONTEXT(2)
PARAMETRIC_REPRESENTATION_CONTEXT() REPRESENTATION_CONTEXT('2D SPACE',''
  ) );
#2051 = PCURVE('',#2052,#2057);
#2052 = CYLINDRICAL_SURFACE('',#2053,2.);
#2053 = AXIS2_PLACEMENT_3D('',#2054,#2055,#2056);
#2054 = CARTESIAN_POINT('',(-50.,151.05,20.));
#2055 = DIRECTION('',(0.,-1.,0.));
#2056 = DIRECTION('',(-0.,0.,1.));
#2057 = DEFINITIONAL_REPRESENTATION('',(#2058),#2062);
#2058 = LINE('',#2059,#2060);
#2059 = CARTESIAN_POINT('',(0.,1.));
#2060 = VECTOR('',#2061,1.);
#2061 = DIRECTION('',(1.,0.));
#2062 = ( GEOMETRIC_REPRESENTATION_CONTEXT(2)
PARAMETRIC_REPRESENTATION_CONTEXT() REPRESENTATION_CONTEXT('2D SPACE',''
  ) );
#2063 = ORIENTED_EDGE('',*,*,#2064,.T.);
#2064 = EDGE_CURVE('',#2032,#2065,#2067,.T.);
#2065 = VERTEX_POINT('',#2066);
#2066 = CARTESIAN_POINT('',(-36.,150.05,22.));
#2067 = SURFACE_CURVE('',#2068,(#2072,#2079),.PCURVE_S1.);
#2068 = LINE('',#2069,#2070);
#2069 = CARTESIAN_POINT('',(-52.,150.05,22.));
#2070 = VECTOR('',#2071,1.);
#2071 = DIRECTION('',(1.,0.,-0.));
#2072 = PCURVE('',#122,#2073);
#2073 = DEFINITIONAL_REPRESENTATION('',(#2074),#2078);
#2074 = LINE('',#2075,#2076);
#2075 = CARTESIAN_POINT('',(42.,0.));
#2076 = VECTOR('',#2077,1.);
#2077 = DIRECTION('',(0.,1.));
#2078 = ( GEOMETRIC_REPRESENTATION_CONTEXT(2)
PARAMETRIC_REPRESENTATION_CONTEXT() REPRESENTATION_CONTEXT('2D SPACE',''
  ) );
#2079 = PCURVE('',#2080,#2085);
#2080 = PLANE('',#2081);
#2081 = AXIS2_PLACEMENT_3D('',#2082,#2083,#2084);
#2082 = CARTESIAN_POINT('',(-34.,151.05,22.));
#2083 = DIRECTION('',(-0.,-0.,-1.));
#2084 = DIRECTION('',(-1.,0.,0.));
#2085 = DEFINITIONAL_REPRESENTATION('',(#2086),#2090);
#2086 = LINE('',#2087,#2088);
#2087 = CARTESIAN_POINT('',(18.,-1.));
#2088 = VECTOR('',#2089,1.);
#2089 = DIRECTION('',(-1.,0.));
#2090 = ( GEOMETRIC_REPRESENTATION_CONTEXT(2)
PARAMETRIC_REPRESENTATION_CONTEXT() REPRESENTATION_CONTEXT('2D SPACE',''
  ) );
#2091 = ORIENTED_EDGE('',*,*,#2092,.F.);
#2092 = EDGE_CURVE('',#2093,#2065,#2095,.T.);
#2093 = VERTEX_POINT('',#2094);
#2094 = CARTESIAN_POINT('',(-34.,150.05,20.));
#2095 = SURFACE_CURVE('',#2096,(#2101,#2112),.PCURVE_S1.);
#2096 = CIRCLE('',#2097,2.);
#2097 = AXIS2_PLACEMENT_3D('',#2098,#2099,#2100);
#2098 = CARTESIAN_POINT('',(-36.,150.05,20.));
#2099 = DIRECTION('',(0.,-1.,0.));
#2100 = DIRECTION('',(1.,0.,0.));
#2101 = PCURVE('',#122,#2102);
#2102 = DEFINITIONAL_REPRESENTATION('',(#2103),#2111);
#2103 = ( BOUNDED_CURVE() B_SPLINE_CURVE(2,(#2104,#2105,#2106,#2107,
#2108,#2109,#2110),.UNSPECIFIED.,.T.,.F.) B_SPLINE_CURVE_WITH_KNOTS((1,2
    ,2,2,2,1),(-2.094395102393,0.,2.094395102393,4.188790204786,
6.28318530718,8.377580409573),.UNSPECIFIED.) CURVE()
GEOMETRIC_REPRESENTATION_ITEM() RATIONAL_B_SPLINE_CURVE((1.,0.5,1.,0.5,
1.,0.5,1.)) REPRESENTATION_ITEM('') );
#2104 = CARTESIAN_POINT('',(40.,18.));
#2105 = CARTESIAN_POINT('',(43.464101615138,18.));
#2106 = CARTESIAN_POINT('',(41.732050807569,15.));
#2107 = CARTESIAN_POINT('',(40.,12.));
#2108 = CARTESIAN_POINT('',(38.267949192431,15.));
#2109 = CARTESIAN_POINT('',(36.535898384862,18.));
#2110 = CARTESIAN_POINT('',(40.,18.));
#2111 = ( GEOMETRIC_REPRESENTATION_CONTEXT(2)
PARAMETRIC_REPRESENTATION_CONTEXT() REPRESENTATION_CONTEXT('2D SPACE',''
  ) );
#2112 = PCURVE('',#2113,#2118);
#2113 = CYLINDRICAL_SURFACE('',#2114,2.);
#2114 = AXIS2_PLACEMENT_3D('',#2115,#2116,#2117);
#2115 = CARTESIAN_POINT('',(-36.,151.05,20.));
#2116 = DIRECTION('',(0.,-1.,0.));
#2117 = DIRECTION('',(1.,0.,-0.));
#2118 = DEFINITIONAL_REPRESENTATION('',(#2119),#2123);
#2119 = LINE('',#2120,#2121);
#2120 = CARTESIAN_POINT('',(0.,1.));
#2121 = VECTOR('',#2122,1.);
#2122 = DIRECTION('',(1.,0.));
#2123 = ( GEOMETRIC_REPRESENTATION_CONTEXT(2)
PARAMETRIC_REPRESENTATION_CONTEXT() REPRESENTATION_CONTEXT('2D SPACE',''
  ) );
#2124 = ORIENTED_EDGE('',*,*,#2125,.T.);
#2125 = EDGE_CURVE('',#2093,#2126,#2128,.T.);
#2126 = VERTEX_POINT('',#2127);
#2127 = CARTESIAN_POINT('',(-34.,150.05,-8.));
#2128 = SURFACE_CURVE('',#2129,(#2133,#2139),.PCURVE_S1.);
#2129 = LINE('',#2130,#2131);
#2130 = CARTESIAN_POINT('',(-34.,150.05,-15.));
#2131 = VECTOR('',#2132,1.);
#2132 = DIRECTION('',(0.,0.,-1.));
#2133 = PCURVE('',#122,#2134);
#2134 = DEFINITIONAL_REPRESENTATION('',(#2135),#2138);
#2135 = B_SPLINE_CURVE_WITH_KNOTS('',1,(#2136,#2137),.UNSPECIFIED.,.F.,
  .F.,(2,2),(-35.,-7.),.PIECEWISE_BEZIER_KNOTS.);
#2136 = CARTESIAN_POINT('',(40.,18.));
#2137 = CARTESIAN_POINT('',(12.,18.));
#2138 = ( GEOMETRIC_REPRESENTATION_CONTEXT(2)
PARAMETRIC_REPRESENTATION_CONTEXT() REPRESENTATION_CONTEXT('2D SPACE',''
  ) );
#2139 = PCURVE('',#2140,#2145);
#2140 = PLANE('',#2141);
#2141 = AXIS2_PLACEMENT_3D('',#2142,#2143,#2144);
#2142 = CARTESIAN_POINT('',(-34.,151.05,-10.));
#2143 = DIRECTION('',(-1.,0.,0.));
#2144 = DIRECTION('',(0.,0.,1.));
#2145 = DEFINITIONAL_REPRESENTATION('',(#2146),#2149);
#2146 = B_SPLINE_CURVE_WITH_KNOTS('',1,(#2147,#2148),.UNSPECIFIED.,.F.,
  .F.,(2,2),(-35.,-7.),.PIECEWISE_BEZIER_KNOTS.);
#2147 = CARTESIAN_POINT('',(30.,-1.));
#2148 = CARTESIAN_POINT('',(2.,-1.));
#2149 = ( GEOMETRIC_REPRESENTATION_CONTEXT(2)
PARAMETRIC_REPRESENTATION_CONTEXT() REPRESENTATION_CONTEXT('2D SPACE',''
  ) );
#2150 = ORIENTED_EDGE('',*,*,#2151,.T.);
#2151 = EDGE_CURVE('',#2126,#2152,#2154,.T.);
#2152 = VERTEX_POINT('',#2153);
#2153 = CARTESIAN_POINT('',(-32.,150.05,-10.));
#2154 = SURFACE_CURVE('',#2155,(#2160,#2171),.PCURVE_S1.);
#2155 = CIRCLE('',#2156,2.);
#2156 = AXIS2_PLACEMENT_3D('',#2157,#2158,#2159);
#2157 = CARTESIAN_POINT('',(-32.,150.05,-8.));
#2158 = DIRECTION('',(0.,-1.,0.));
#2159 = DIRECTION('',(-0.,-0.,-1.));
#2160 = PCURVE('',#122,#2161);
#2161 = DEFINITIONAL_REPRESENTATION('',(#2162),#2170);
#2162 = ( BOUNDED_CURVE() B_SPLINE_CURVE(2,(#2163,#2164,#2165,#2166,
#2167,#2168,#2169),.UNSPECIFIED.,.T.,.F.) B_SPLINE_CURVE_WITH_KNOTS((1,2
    ,2,2,2,1),(-2.094395102393,0.,2.094395102393,4.188790204786,
6.28318530718,8.377580409573),.UNSPECIFIED.) CURVE()
GEOMETRIC_REPRESENTATION_ITEM() RATIONAL_B_SPLINE_CURVE((1.,0.5,1.,0.5,
1.,0.5,1.)) REPRESENTATION_ITEM('') );
#2163 = CARTESIAN_POINT('',(10.,20.));
#2164 = CARTESIAN_POINT('',(10.,23.464101615138));
#2165 = CARTESIAN_POINT('',(13.,21.732050807569));
#2166 = CARTESIAN_POINT('',(16.,20.));
#2167 = CARTESIAN_POINT('',(13.,18.267949192431));
#2168 = CARTESIAN_POINT('',(10.,16.535898384862));
#2169 = CARTESIAN_POINT('',(10.,20.));
#2170 = ( GEOMETRIC_REPRESENTATION_CONTEXT(2)
PARAMETRIC_REPRESENTATION_CONTEXT() REPRESENTATION_CONTEXT('2D SPACE',''
  ) );
#2171 = PCURVE('',#1585,#2172);
#2172 = DEFINITIONAL_REPRESENTATION('',(#2173),#2177);
#2173 = LINE('',#2174,#2175);
#2174 = CARTESIAN_POINT('',(-6.28318530718,1.));
#2175 = VECTOR('',#2176,1.);
#2176 = DIRECTION('',(1.,-0.));
#2177 = ( GEOMETRIC_REPRESENTATION_CONTEXT(2)
PARAMETRIC_REPRESENTATION_CONTEXT() REPRESENTATION_CONTEXT('2D SPACE',''
  ) );
#2178 = ORIENTED_EDGE('',*,*,#2179,.T.);
#2179 = EDGE_CURVE('',#2152,#2180,#2182,.T.);
#2180 = VERTEX_POINT('',#2181);
#2181 = CARTESIAN_POINT('',(-26.,150.05,-10.));
#2182 = SURFACE_CURVE('',#2183,(#2187,#2193),.PCURVE_S1.);
#2183 = LINE('',#2184,#2185);
#2184 = CARTESIAN_POINT('',(-38.,150.05,-10.));
#2185 = VECTOR('',#2186,1.);
#2186 = DIRECTION('',(1.,0.,-0.));
#2187 = PCURVE('',#122,#2188);
#2188 = DEFINITIONAL_REPRESENTATION('',(#2189),#2192);
#2189 = B_SPLINE_CURVE_WITH_KNOTS('',1,(#2190,#2191),.UNSPECIFIED.,.F.,
  .F.,(2,2),(6.,12.),.PIECEWISE_BEZIER_KNOTS.);
#2190 = CARTESIAN_POINT('',(10.,20.));
#2191 = CARTESIAN_POINT('',(10.,26.));
#2192 = ( GEOMETRIC_REPRESENTATION_CONTEXT(2)
PARAMETRIC_REPRESENTATION_CONTEXT() REPRESENTATION_CONTEXT('2D SPACE',''
  ) );
#2193 = PCURVE('',#1552,#2194);
#2194 = DEFINITIONAL_REPRESENTATION('',(#2195),#2198);
#2195 = B_SPLINE_CURVE_WITH_KNOTS('',1,(#2196,#2197),.UNSPECIFIED.,.F.,
  .F.,(2,2),(6.,12.),.PIECEWISE_BEZIER_KNOTS.);
#2196 = CARTESIAN_POINT('',(8.,-1.));
#2197 = CARTESIAN_POINT('',(2.,-1.));
#2198 = ( GEOMETRIC_REPRESENTATION_CONTEXT(2)
PARAMETRIC_REPRESENTATION_CONTEXT() REPRESENTATION_CONTEXT('2D SPACE',''
  ) );
#2199 = ORIENTED_EDGE('',*,*,#2200,.T.);
#2200 = EDGE_CURVE('',#2180,#2201,#2203,.T.);
#2201 = VERTEX_POINT('',#2202);
#2202 = CARTESIAN_POINT('',(-24.,150.05,-8.));
#2203 = SURFACE_CURVE('',#2204,(#2209,#2220),.PCURVE_S1.);
#2204 = CIRCLE('',#2205,2.);
#2205 = AXIS2_PLACEMENT_3D('',#2206,#2207,#2208);
#2206 = CARTESIAN_POINT('',(-26.,150.05,-8.));
#2207 = DIRECTION('',(0.,-1.,0.));
#2208 = DIRECTION('',(1.,0.,0.));
#2209 = PCURVE('',#122,#2210);
#2210 = DEFINITIONAL_REPRESENTATION('',(#2211),#2219);
#2211 = ( BOUNDED_CURVE() B_SPLINE_CURVE(2,(#2212,#2213,#2214,#2215,
#2216,#2217,#2218),.UNSPECIFIED.,.T.,.F.) B_SPLINE_CURVE_WITH_KNOTS((1,2
    ,2,2,2,1),(-2.094395102393,0.,2.094395102393,4.188790204786,
6.28318530718,8.377580409573),.UNSPECIFIED.) CURVE()
GEOMETRIC_REPRESENTATION_ITEM() RATIONAL_B_SPLINE_CURVE((1.,0.5,1.,0.5,
1.,0.5,1.)) REPRESENTATION_ITEM('') );
#2212 = CARTESIAN_POINT('',(12.,28.));
#2213 = CARTESIAN_POINT('',(15.464101615138,28.));
#2214 = CARTESIAN_POINT('',(13.732050807569,25.));
#2215 = CARTESIAN_POINT('',(12.,22.));
#2216 = CARTESIAN_POINT('',(10.267949192431,25.));
#2217 = CARTESIAN_POINT('',(8.535898384862,28.));
#2218 = CARTESIAN_POINT('',(12.,28.));
#2219 = ( GEOMETRIC_REPRESENTATION_CONTEXT(2)
PARAMETRIC_REPRESENTATION_CONTEXT() REPRESENTATION_CONTEXT('2D SPACE',''
  ) );
#2220 = PCURVE('',#1524,#2221);
#2221 = DEFINITIONAL_REPRESENTATION('',(#2222),#2226);
#2222 = LINE('',#2223,#2224);
#2223 = CARTESIAN_POINT('',(-6.28318530718,1.));
#2224 = VECTOR('',#2225,1.);
#2225 = DIRECTION('',(1.,-0.));
#2226 = ( GEOMETRIC_REPRESENTATION_CONTEXT(2)
PARAMETRIC_REPRESENTATION_CONTEXT() REPRESENTATION_CONTEXT('2D SPACE',''
  ) );
#2227 = ORIENTED_EDGE('',*,*,#2228,.T.);
#2228 = EDGE_CURVE('',#2201,#2229,#2231,.T.);
#2229 = VERTEX_POINT('',#2230);
#2230 = CARTESIAN_POINT('',(-24.,150.05,18.));
#2231 = SURFACE_CURVE('',#2232,(#2236,#2242),.PCURVE_S1.);
#2232 = LINE('',#2233,#2234);
#2233 = CARTESIAN_POINT('',(-24.,150.05,0.));
#2234 = VECTOR('',#2235,1.);
#2235 = DIRECTION('',(0.,-0.,1.));
#2236 = PCURVE('',#122,#2237);
#2237 = DEFINITIONAL_REPRESENTATION('',(#2238),#2241);
#2238 = B_SPLINE_CURVE_WITH_KNOTS('',1,(#2239,#2240),.UNSPECIFIED.,.F.,
  .F.,(2,2),(-8.,18.),.PIECEWISE_BEZIER_KNOTS.);
#2239 = CARTESIAN_POINT('',(12.,28.));
#2240 = CARTESIAN_POINT('',(38.,28.));
#2241 = ( GEOMETRIC_REPRESENTATION_CONTEXT(2)
PARAMETRIC_REPRESENTATION_CONTEXT() REPRESENTATION_CONTEXT('2D SPACE',''
  ) );
#2242 = PCURVE('',#1491,#2243);
#2243 = DEFINITIONAL_REPRESENTATION('',(#2244),#2247);
#2244 = B_SPLINE_CURVE_WITH_KNOTS('',1,(#2245,#2246),.UNSPECIFIED.,.F.,
  .F.,(2,2),(-8.,18.),.PIECEWISE_BEZIER_KNOTS.);
#2245 = CARTESIAN_POINT('',(28.,-1.));
#2246 = CARTESIAN_POINT('',(2.,-1.));
#2247 = ( GEOMETRIC_REPRESENTATION_CONTEXT(2)
PARAMETRIC_REPRESENTATION_CONTEXT() REPRESENTATION_CONTEXT('2D SPACE',''
  ) );
#2248 = ORIENTED_EDGE('',*,*,#2249,.F.);
#2249 = EDGE_CURVE('',#2250,#2229,#2252,.T.);
#2250 = VERTEX_POINT('',#2251);
#2251 = CARTESIAN_POINT('',(-23.5,150.05,19.322875655532));
#2252 = SURFACE_CURVE('',#2253,(#2258,#2269),.PCURVE_S1.);
#2253 = CIRCLE('',#2254,2.);
#2254 = AXIS2_PLACEMENT_3D('',#2255,#2256,#2257);
#2255 = CARTESIAN_POINT('',(-22.,150.05,18.));
#2256 = DIRECTION('',(0.,-1.,0.));
#2257 = DIRECTION('',(-0.,0.,1.));
#2258 = PCURVE('',#122,#2259);
#2259 = DEFINITIONAL_REPRESENTATION('',(#2260),#2268);
#2260 = ( BOUNDED_CURVE() B_SPLINE_CURVE(2,(#2261,#2262,#2263,#2264,
#2265,#2266,#2267),.UNSPECIFIED.,.T.,.F.) B_SPLINE_CURVE_WITH_KNOTS((1,2
    ,2,2,2,1),(-2.094395102393,0.,2.094395102393,4.188790204786,
6.28318530718,8.377580409573),.UNSPECIFIED.) CURVE()
GEOMETRIC_REPRESENTATION_ITEM() RATIONAL_B_SPLINE_CURVE((1.,0.5,1.,0.5,
1.,0.5,1.)) REPRESENTATION_ITEM('') );
#2261 = CARTESIAN_POINT('',(40.,30.));
#2262 = CARTESIAN_POINT('',(40.,26.535898384862));
#2263 = CARTESIAN_POINT('',(37.,28.267949192431));
#2264 = CARTESIAN_POINT('',(34.,30.));
#2265 = CARTESIAN_POINT('',(37.,31.732050807569));
#2266 = CARTESIAN_POINT('',(40.,33.464101615138));
#2267 = CARTESIAN_POINT('',(40.,30.));
#2268 = ( GEOMETRIC_REPRESENTATION_CONTEXT(2)
PARAMETRIC_REPRESENTATION_CONTEXT() REPRESENTATION_CONTEXT('2D SPACE',''
  ) );
#2269 = PCURVE('',#450,#2270);
#2270 = DEFINITIONAL_REPRESENTATION('',(#2271),#2275);
#2271 = LINE('',#2272,#2273);
#2272 = CARTESIAN_POINT('',(0.,1.));
#2273 = VECTOR('',#2274,1.);
#2274 = DIRECTION('',(1.,0.));
#2275 = ( GEOMETRIC_REPRESENTATION_CONTEXT(2)
PARAMETRIC_REPRESENTATION_CONTEXT() REPRESENTATION_CONTEXT('2D SPACE',''
  ) );
#2276 = ORIENTED_EDGE('',*,*,#2277,.F.);
#2277 = EDGE_CURVE('',#79,#2250,#2278,.T.);
#2278 = SURFACE_CURVE('',#2279,(#2283,#2290),.PCURVE_S1.);
#2279 = LINE('',#2280,#2281);
#2280 = CARTESIAN_POINT('',(-23.5,150.05,-20.));
#2281 = VECTOR('',#2282,1.);
#2282 = DIRECTION('',(0.,0.,1.));
#2283 = PCURVE('',#122,#2284);
#2284 = DEFINITIONAL_REPRESENTATION('',(#2285),#2289);
#2285 = LINE('',#2286,#2287);
#2286 = CARTESIAN_POINT('',(0.,28.5));
#2287 = VECTOR('',#2288,1.);
#2288 = DIRECTION('',(1.,0.));
#2289 = ( GEOMETRIC_REPRESENTATION_CONTEXT(2)
PARAMETRIC_REPRESENTATION_CONTEXT() REPRESENTATION_CONTEXT('2D SPACE',''
  ) );
#2290 = PCURVE('',#94,#2291);
#2291 = DEFINITIONAL_REPRESENTATION('',(#2292),#2296);
#2292 = LINE('',#2293,#2294);
#2293 = CARTESIAN_POINT('',(0.,0.));
#2294 = VECTOR('',#2295,1.);
#2295 = DIRECTION('',(1.,0.));
#2296 = ( GEOMETRIC_REPRESENTATION_CONTEXT(2)
PARAMETRIC_REPRESENTATION_CONTEXT() REPRESENTATION_CONTEXT('2D SPACE',''
  ) );
#2297 = ADVANCED_FACE('',(#2298),#94,.F.);
#2298 = FACE_BOUND('',#2299,.F.);
#2299 = EDGE_LOOP('',(#2300,#2301,#2302,#2303));
#2300 = ORIENTED_EDGE('',*,*,#2277,.F.);
#2301 = ORIENTED_EDGE('',*,*,#78,.T.);
#2302 = ORIENTED_EDGE('',*,*,#331,.T.);
#2303 = ORIENTED_EDGE('',*,*,#2304,.T.);
#2304 = EDGE_CURVE('',#332,#2250,#2305,.T.);
#2305 = SURFACE_CURVE('',#2306,(#2310,#2316),.PCURVE_S1.);
#2306 = LINE('',#2307,#2308);
#2307 = CARTESIAN_POINT('',(-23.5,151.05,19.322875655532));
#2308 = VECTOR('',#2309,1.);
#2309 = DIRECTION('',(0.,-1.,0.));
#2310 = PCURVE('',#94,#2311);
#2311 = DEFINITIONAL_REPRESENTATION('',(#2312),#2315);
#2312 = B_SPLINE_CURVE_WITH_KNOTS('',1,(#2313,#2314),.UNSPECIFIED.,.F.,
  .F.,(2,2),(-5.999999928008E-07,1.1),.PIECEWISE_BEZIER_KNOTS.);
#2313 = CARTESIAN_POINT('',(39.322875655532,-1.0000006));
#2314 = CARTESIAN_POINT('',(39.322875655532,9.999999999999E-02));
#2315 = ( GEOMETRIC_REPRESENTATION_CONTEXT(2)
PARAMETRIC_REPRESENTATION_CONTEXT() REPRESENTATION_CONTEXT('2D SPACE',''
  ) );
#2316 = PCURVE('',#450,#2317);
#2317 = DEFINITIONAL_REPRESENTATION('',(#2318),#2321);
#2318 = B_SPLINE_CURVE_WITH_KNOTS('',1,(#2319,#2320),.UNSPECIFIED.,.F.,
  .F.,(2,2),(-5.999999928008E-07,1.1),.PIECEWISE_BEZIER_KNOTS.);
#2319 = CARTESIAN_POINT('',(0.848062078981,-5.999999928008E-07));
#2320 = CARTESIAN_POINT('',(0.848062078981,1.1));
#2321 = ( GEOMETRIC_REPRESENTATION_CONTEXT(2)
PARAMETRIC_REPRESENTATION_CONTEXT() REPRESENTATION_CONTEXT('2D SPACE',''
  ) );
#2322 = ADVANCED_FACE('',(#2323),#450,.T.);
#2323 = FACE_BOUND('',#2324,.T.);
#2324 = EDGE_LOOP('',(#2325,#2346,#2347,#2348,#2349,#2370));
#2325 = ORIENTED_EDGE('',*,*,#2326,.F.);
#2326 = EDGE_CURVE('',#408,#1429,#2327,.T.);
#2327 = SURFACE_CURVE('',#2328,(#2332,#2339),.PCURVE_S1.);
#2328 = LINE('',#2329,#2330);
#2329 = CARTESIAN_POINT('',(-22.,151.05,20.));
#2330 = VECTOR('',#2331,1.);
#2331 = DIRECTION('',(0.,-1.,0.));
#2332 = PCURVE('',#450,#2333);
#2333 = DEFINITIONAL_REPRESENTATION('',(#2334),#2338);
#2334 = LINE('',#2335,#2336);
#2335 = CARTESIAN_POINT('',(0.,0.));
#2336 = VECTOR('',#2337,1.);
#2337 = DIRECTION('',(0.,1.));
#2338 = ( GEOMETRIC_REPRESENTATION_CONTEXT(2)
PARAMETRIC_REPRESENTATION_CONTEXT() REPRESENTATION_CONTEXT('2D SPACE',''
  ) );
#2339 = PCURVE('',#423,#2340);
#2340 = DEFINITIONAL_REPRESENTATION('',(#2341),#2345);
#2341 = LINE('',#2342,#2343);
#2342 = CARTESIAN_POINT('',(46.,0.));
#2343 = VECTOR('',#2344,1.);
#2344 = DIRECTION('',(0.,-1.));
#2345 = ( GEOMETRIC_REPRESENTATION_CONTEXT(2)
PARAMETRIC_REPRESENTATION_CONTEXT() REPRESENTATION_CONTEXT('2D SPACE',''
  ) );
#2346 = ORIENTED_EDGE('',*,*,#435,.T.);
#2347 = ORIENTED_EDGE('',*,*,#2304,.T.);
#2348 = ORIENTED_EDGE('',*,*,#2249,.T.);
#2349 = ORIENTED_EDGE('',*,*,#2350,.T.);
#2350 = EDGE_CURVE('',#2229,#1452,#2351,.T.);
#2351 = SURFACE_CURVE('',#2352,(#2356,#2363),.PCURVE_S1.);
#2352 = LINE('',#2353,#2354);
#2353 = CARTESIAN_POINT('',(-24.,151.05,18.));
#2354 = VECTOR('',#2355,1.);
#2355 = DIRECTION('',(0.,-1.,0.));
#2356 = PCURVE('',#450,#2357);
#2357 = DEFINITIONAL_REPRESENTATION('',(#2358),#2362);
#2358 = LINE('',#2359,#2360);
#2359 = CARTESIAN_POINT('',(1.570796326795,0.));
#2360 = VECTOR('',#2361,1.);
#2361 = DIRECTION('',(0.,1.));
#2362 = ( GEOMETRIC_REPRESENTATION_CONTEXT(2)
PARAMETRIC_REPRESENTATION_CONTEXT() REPRESENTATION_CONTEXT('2D SPACE',''
  ) );
#2363 = PCURVE('',#1491,#2364);
#2364 = DEFINITIONAL_REPRESENTATION('',(#2365),#2369);
#2365 = LINE('',#2366,#2367);
#2366 = CARTESIAN_POINT('',(2.,0.));
#2367 = VECTOR('',#2368,1.);
#2368 = DIRECTION('',(0.,-1.));
#2369 = ( GEOMETRIC_REPRESENTATION_CONTEXT(2)
PARAMETRIC_REPRESENTATION_CONTEXT() REPRESENTATION_CONTEXT('2D SPACE',''
  ) );
#2370 = ORIENTED_EDGE('',*,*,#1451,.F.);
#2371 = ADVANCED_FACE('',(#2372),#423,.F.);
#2372 = FACE_BOUND('',#2373,.F.);
#2373 = EDGE_LOOP('',(#2374,#2375,#2396,#2397));
#2374 = ORIENTED_EDGE('',*,*,#407,.F.);
#2375 = ORIENTED_EDGE('',*,*,#2376,.T.);
#2376 = EDGE_CURVE('',#379,#1405,#2377,.T.);
#2377 = SURFACE_CURVE('',#2378,(#2382,#2389),.PCURVE_S1.);
#2378 = LINE('',#2379,#2380);
#2379 = CARTESIAN_POINT('',(22.,151.05,20.));
#2380 = VECTOR('',#2381,1.);
#2381 = DIRECTION('',(0.,-1.,0.));
#2382 = PCURVE('',#423,#2383);
#2383 = DEFINITIONAL_REPRESENTATION('',(#2384),#2388);
#2384 = LINE('',#2385,#2386);
#2385 = CARTESIAN_POINT('',(2.,0.));
#2386 = VECTOR('',#2387,1.);
#2387 = DIRECTION('',(0.,-1.));
#2388 = ( GEOMETRIC_REPRESENTATION_CONTEXT(2)
PARAMETRIC_REPRESENTATION_CONTEXT() REPRESENTATION_CONTEXT('2D SPACE',''
  ) );
#2389 = PCURVE('',#395,#2390);
#2390 = DEFINITIONAL_REPRESENTATION('',(#2391),#2395);
#2391 = LINE('',#2392,#2393);
#2392 = CARTESIAN_POINT('',(1.570796326795,0.));
#2393 = VECTOR('',#2394,1.);
#2394 = DIRECTION('',(0.,1.));
#2395 = ( GEOMETRIC_REPRESENTATION_CONTEXT(2)
PARAMETRIC_REPRESENTATION_CONTEXT() REPRESENTATION_CONTEXT('2D SPACE',''
  ) );
#2396 = ORIENTED_EDGE('',*,*,#1428,.T.);
#2397 = ORIENTED_EDGE('',*,*,#2326,.F.);
#2398 = ADVANCED_FACE('',(#2399),#395,.T.);
#2399 = FACE_BOUND('',#2400,.T.);
#2400 = EDGE_LOOP('',(#2401,#2402,#2403,#2404,#2405,#2426));
#2401 = ORIENTED_EDGE('',*,*,#700,.F.);
#2402 = ORIENTED_EDGE('',*,*,#378,.T.);
#2403 = ORIENTED_EDGE('',*,*,#2376,.T.);
#2404 = ORIENTED_EDGE('',*,*,#1404,.F.);
#2405 = ORIENTED_EDGE('',*,*,#2406,.F.);
#2406 = EDGE_CURVE('',#725,#1382,#2407,.T.);
#2407 = SURFACE_CURVE('',#2408,(#2412,#2419),.PCURVE_S1.);
#2408 = LINE('',#2409,#2410);
#2409 = CARTESIAN_POINT('',(24.,151.05,18.));
#2410 = VECTOR('',#2411,1.);
#2411 = DIRECTION('',(0.,-1.,0.));
#2412 = PCURVE('',#395,#2413);
#2413 = DEFINITIONAL_REPRESENTATION('',(#2414),#2418);
#2414 = LINE('',#2415,#2416);
#2415 = CARTESIAN_POINT('',(0.,0.));
#2416 = VECTOR('',#2417,1.);
#2417 = DIRECTION('',(0.,1.));
#2418 = ( GEOMETRIC_REPRESENTATION_CONTEXT(2)
PARAMETRIC_REPRESENTATION_CONTEXT() REPRESENTATION_CONTEXT('2D SPACE',''
  ) );
#2419 = PCURVE('',#767,#2420);
#2420 = DEFINITIONAL_REPRESENTATION('',(#2421),#2425);
#2421 = LINE('',#2422,#2423);
#2422 = CARTESIAN_POINT('',(28.,0.));
#2423 = VECTOR('',#2424,1.);
#2424 = DIRECTION('',(0.,-1.));
#2425 = ( GEOMETRIC_REPRESENTATION_CONTEXT(2)
PARAMETRIC_REPRESENTATION_CONTEXT() REPRESENTATION_CONTEXT('2D SPACE',''
  ) );
#2426 = ORIENTED_EDGE('',*,*,#724,.T.);
#2427 = ADVANCED_FACE('',(#2428),#485,.F.);
#2428 = FACE_BOUND('',#2429,.F.);
#2429 = EDGE_LOOP('',(#2430,#2431,#2452,#2453));
#2430 = ORIENTED_EDGE('',*,*,#464,.F.);
#2431 = ORIENTED_EDGE('',*,*,#2432,.F.);
#2432 = EDGE_CURVE('',#1659,#465,#2433,.T.);
#2433 = SEAM_CURVE('',#2434,(#2438,#2445),.PCURVE_S1.);
#2434 = LINE('',#2435,#2436);
#2435 = CARTESIAN_POINT('',(-16.,141.525,9.35));
#2436 = VECTOR('',#2437,1.);
#2437 = DIRECTION('',(0.,1.,0.));
#2438 = PCURVE('',#485,#2439);
#2439 = DEFINITIONAL_REPRESENTATION('',(#2440),#2444);
#2440 = LINE('',#2441,#2442);
#2441 = CARTESIAN_POINT('',(6.28318530718,-0.));
#2442 = VECTOR('',#2443,1.);
#2443 = DIRECTION('',(0.,1.));
#2444 = ( GEOMETRIC_REPRESENTATION_CONTEXT(2)
PARAMETRIC_REPRESENTATION_CONTEXT() REPRESENTATION_CONTEXT('2D SPACE',''
  ) );
#2445 = PCURVE('',#485,#2446);
#2446 = DEFINITIONAL_REPRESENTATION('',(#2447),#2451);
#2447 = LINE('',#2448,#2449);
#2448 = CARTESIAN_POINT('',(0.,-0.));
#2449 = VECTOR('',#2450,1.);
#2450 = DIRECTION('',(0.,1.));
#2451 = ( GEOMETRIC_REPRESENTATION_CONTEXT(2)
PARAMETRIC_REPRESENTATION_CONTEXT() REPRESENTATION_CONTEXT('2D SPACE',''
  ) );
#2452 = ORIENTED_EDGE('',*,*,#1658,.T.);
#2453 = ORIENTED_EDGE('',*,*,#2432,.T.);
#2454 = ADVANCED_FACE('',(#2455),#520,.F.);
#2455 = FACE_BOUND('',#2456,.F.);
#2456 = EDGE_LOOP('',(#2457,#2458,#2479,#2480));
#2457 = ORIENTED_EDGE('',*,*,#499,.F.);
#2458 = ORIENTED_EDGE('',*,*,#2459,.F.);
#2459 = EDGE_CURVE('',#1689,#500,#2460,.T.);
#2460 = SEAM_CURVE('',#2461,(#2465,#2472),.PCURVE_S1.);
#2461 = LINE('',#2462,#2463);
#2462 = CARTESIAN_POINT('',(-16.,141.525,-6.65));
#2463 = VECTOR('',#2464,1.);
#2464 = DIRECTION('',(0.,1.,0.));
#2465 = PCURVE('',#520,#2466);
#2466 = DEFINITIONAL_REPRESENTATION('',(#2467),#2471);
#2467 = LINE('',#2468,#2469);
#2468 = CARTESIAN_POINT('',(6.28318530718,-0.));
#2469 = VECTOR('',#2470,1.);
#2470 = DIRECTION('',(0.,1.));
#2471 = ( GEOMETRIC_REPRESENTATION_CONTEXT(2)
PARAMETRIC_REPRESENTATION_CONTEXT() REPRESENTATION_CONTEXT('2D SPACE',''
  ) );
#2472 = PCURVE('',#520,#2473);
#2473 = DEFINITIONAL_REPRESENTATION('',(#2474),#2478);
#2474 = LINE('',#2475,#2476);
#2475 = CARTESIAN_POINT('',(0.,-0.));
#2476 = VECTOR('',#2477,1.);
#2477 = DIRECTION('',(0.,1.));
#2478 = ( GEOMETRIC_REPRESENTATION_CONTEXT(2)
PARAMETRIC_REPRESENTATION_CONTEXT() REPRESENTATION_CONTEXT('2D SPACE',''
  ) );
#2479 = ORIENTED_EDGE('',*,*,#1688,.T.);
#2480 = ORIENTED_EDGE('',*,*,#2459,.T.);
#2481 = ADVANCED_FACE('',(#2482),#555,.F.);
#2482 = FACE_BOUND('',#2483,.F.);
#2483 = EDGE_LOOP('',(#2484,#2507,#2508,#2509));
#2484 = ORIENTED_EDGE('',*,*,#2485,.T.);
#2485 = EDGE_CURVE('',#2486,#535,#2488,.T.);
#2486 = VERTEX_POINT('',#2487);
#2487 = CARTESIAN_POINT('',(-6.73555739531E-16,144.425,12.75));
#2488 = SEAM_CURVE('',#2489,(#2493,#2500),.PCURVE_S1.);
#2489 = LINE('',#2490,#2491);
#2490 = CARTESIAN_POINT('',(-6.73555739531E-16,141.525,12.75));
#2491 = VECTOR('',#2492,1.);
#2492 = DIRECTION('',(0.,1.,0.));
#2493 = PCURVE('',#555,#2494);
#2494 = DEFINITIONAL_REPRESENTATION('',(#2495),#2499);
#2495 = LINE('',#2496,#2497);
#2496 = CARTESIAN_POINT('',(6.28318530718,-0.));
#2497 = VECTOR('',#2498,1.);
#2498 = DIRECTION('',(0.,1.));
#2499 = ( GEOMETRIC_REPRESENTATION_CONTEXT(2)
PARAMETRIC_REPRESENTATION_CONTEXT() REPRESENTATION_CONTEXT('2D SPACE',''
  ) );
#2500 = PCURVE('',#555,#2501);
#2501 = DEFINITIONAL_REPRESENTATION('',(#2502),#2506);
#2502 = LINE('',#2503,#2504);
#2503 = CARTESIAN_POINT('',(0.,-0.));
#2504 = VECTOR('',#2505,1.);
#2505 = DIRECTION('',(0.,1.));
#2506 = ( GEOMETRIC_REPRESENTATION_CONTEXT(2)
PARAMETRIC_REPRESENTATION_CONTEXT() REPRESENTATION_CONTEXT('2D SPACE',''
  ) );
#2507 = ORIENTED_EDGE('',*,*,#534,.F.);
#2508 = ORIENTED_EDGE('',*,*,#2485,.F.);
#2509 = ORIENTED_EDGE('',*,*,#2510,.T.);
#2510 = EDGE_CURVE('',#2486,#2486,#2511,.T.);
#2511 = SURFACE_CURVE('',#2512,(#2517,#2524),.PCURVE_S1.);
#2512 = CIRCLE('',#2513,2.75);
#2513 = AXIS2_PLACEMENT_3D('',#2514,#2515,#2516);
#2514 = CARTESIAN_POINT('',(0.,144.425,10.));
#2515 = DIRECTION('',(0.,1.,0.));
#2516 = DIRECTION('',(0.,-0.,1.));
#2517 = PCURVE('',#555,#2518);
#2518 = DEFINITIONAL_REPRESENTATION('',(#2519),#2523);
#2519 = LINE('',#2520,#2521);
#2520 = CARTESIAN_POINT('',(0.,2.9));
#2521 = VECTOR('',#2522,1.);
#2522 = DIRECTION('',(1.,0.));
#2523 = ( GEOMETRIC_REPRESENTATION_CONTEXT(2)
PARAMETRIC_REPRESENTATION_CONTEXT() REPRESENTATION_CONTEXT('2D SPACE',''
  ) );
#2524 = PCURVE('',#1739,#2525);
#2525 = DEFINITIONAL_REPRESENTATION('',(#2526),#2530);
#2526 = LINE('',#2527,#2528);
#2527 = CARTESIAN_POINT('',(-0.,-2.9));
#2528 = VECTOR('',#2529,1.);
#2529 = DIRECTION('',(-1.,-0.));
#2530 = ( GEOMETRIC_REPRESENTATION_CONTEXT(2)
PARAMETRIC_REPRESENTATION_CONTEXT() REPRESENTATION_CONTEXT('2D SPACE',''
  ) );
#2531 = ADVANCED_FACE('',(#2532),#590,.F.);
#2532 = FACE_BOUND('',#2533,.F.);
#2533 = EDGE_LOOP('',(#2534,#2535,#2556,#2557));
#2534 = ORIENTED_EDGE('',*,*,#569,.F.);
#2535 = ORIENTED_EDGE('',*,*,#2536,.F.);
#2536 = EDGE_CURVE('',#1754,#570,#2537,.T.);
#2537 = SEAM_CURVE('',#2538,(#2542,#2549),.PCURVE_S1.);
#2538 = LINE('',#2539,#2540);
#2539 = CARTESIAN_POINT('',(16.,141.525,9.35));
#2540 = VECTOR('',#2541,1.);
#2541 = DIRECTION('',(0.,1.,0.));
#2542 = PCURVE('',#590,#2543);
#2543 = DEFINITIONAL_REPRESENTATION('',(#2544),#2548);
#2544 = LINE('',#2545,#2546);
#2545 = CARTESIAN_POINT('',(6.28318530718,-0.));
#2546 = VECTOR('',#2547,1.);
#2547 = DIRECTION('',(0.,1.));
#2548 = ( GEOMETRIC_REPRESENTATION_CONTEXT(2)
PARAMETRIC_REPRESENTATION_CONTEXT() REPRESENTATION_CONTEXT('2D SPACE',''
  ) );
#2549 = PCURVE('',#590,#2550);
#2550 = DEFINITIONAL_REPRESENTATION('',(#2551),#2555);
#2551 = LINE('',#2552,#2553);
#2552 = CARTESIAN_POINT('',(0.,-0.));
#2553 = VECTOR('',#2554,1.);
#2554 = DIRECTION('',(0.,1.));
#2555 = ( GEOMETRIC_REPRESENTATION_CONTEXT(2)
PARAMETRIC_REPRESENTATION_CONTEXT() REPRESENTATION_CONTEXT('2D SPACE',''
  ) );
#2556 = ORIENTED_EDGE('',*,*,#1753,.T.);
#2557 = ORIENTED_EDGE('',*,*,#2536,.T.);
#2558 = ADVANCED_FACE('',(#2559),#625,.F.);
#2559 = FACE_BOUND('',#2560,.F.);
#2560 = EDGE_LOOP('',(#2561,#2584,#2585,#2586));
#2561 = ORIENTED_EDGE('',*,*,#2562,.T.);
#2562 = EDGE_CURVE('',#2563,#605,#2565,.T.);
#2563 = VERTEX_POINT('',#2564);
#2564 = CARTESIAN_POINT('',(-6.73555739531E-16,144.425,-7.25));
#2565 = SEAM_CURVE('',#2566,(#2570,#2577),.PCURVE_S1.);
#2566 = LINE('',#2567,#2568);
#2567 = CARTESIAN_POINT('',(-6.73555739531E-16,141.525,-7.25));
#2568 = VECTOR('',#2569,1.);
#2569 = DIRECTION('',(0.,1.,0.));
#2570 = PCURVE('',#625,#2571);
#2571 = DEFINITIONAL_REPRESENTATION('',(#2572),#2576);
#2572 = LINE('',#2573,#2574);
#2573 = CARTESIAN_POINT('',(6.28318530718,-0.));
#2574 = VECTOR('',#2575,1.);
#2575 = DIRECTION('',(0.,1.));
#2576 = ( GEOMETRIC_REPRESENTATION_CONTEXT(2)
PARAMETRIC_REPRESENTATION_CONTEXT() REPRESENTATION_CONTEXT('2D SPACE',''
  ) );
#2577 = PCURVE('',#625,#2578);
#2578 = DEFINITIONAL_REPRESENTATION('',(#2579),#2583);
#2579 = LINE('',#2580,#2581);
#2580 = CARTESIAN_POINT('',(0.,-0.));
#2581 = VECTOR('',#2582,1.);
#2582 = DIRECTION('',(0.,1.));
#2583 = ( GEOMETRIC_REPRESENTATION_CONTEXT(2)
PARAMETRIC_REPRESENTATION_CONTEXT() REPRESENTATION_CONTEXT('2D SPACE',''
  ) );
#2584 = ORIENTED_EDGE('',*,*,#604,.F.);
#2585 = ORIENTED_EDGE('',*,*,#2562,.F.);
#2586 = ORIENTED_EDGE('',*,*,#2587,.T.);
#2587 = EDGE_CURVE('',#2563,#2563,#2588,.T.);
#2588 = SURFACE_CURVE('',#2589,(#2594,#2601),.PCURVE_S1.);
#2589 = CIRCLE('',#2590,2.75);
#2590 = AXIS2_PLACEMENT_3D('',#2591,#2592,#2593);
#2591 = CARTESIAN_POINT('',(0.,144.425,-10.));
#2592 = DIRECTION('',(0.,1.,0.));
#2593 = DIRECTION('',(0.,-0.,1.));
#2594 = PCURVE('',#625,#2595);
#2595 = DEFINITIONAL_REPRESENTATION('',(#2596),#2600);
#2596 = LINE('',#2597,#2598);
#2597 = CARTESIAN_POINT('',(0.,2.9));
#2598 = VECTOR('',#2599,1.);
#2599 = DIRECTION('',(1.,0.));
#2600 = ( GEOMETRIC_REPRESENTATION_CONTEXT(2)
PARAMETRIC_REPRESENTATION_CONTEXT() REPRESENTATION_CONTEXT('2D SPACE',''
  ) );
#2601 = PCURVE('',#1804,#2602);
#2602 = DEFINITIONAL_REPRESENTATION('',(#2603),#2607);
#2603 = LINE('',#2604,#2605);
#2604 = CARTESIAN_POINT('',(-0.,-2.9));
#2605 = VECTOR('',#2606,1.);
#2606 = DIRECTION('',(-1.,-0.));
#2607 = ( GEOMETRIC_REPRESENTATION_CONTEXT(2)
PARAMETRIC_REPRESENTATION_CONTEXT() REPRESENTATION_CONTEXT('2D SPACE',''
  ) );
#2608 = ADVANCED_FACE('',(#2609),#660,.F.);
#2609 = FACE_BOUND('',#2610,.F.);
#2610 = EDGE_LOOP('',(#2611,#2612,#2633,#2634));
#2611 = ORIENTED_EDGE('',*,*,#639,.F.);
#2612 = ORIENTED_EDGE('',*,*,#2613,.F.);
#2613 = EDGE_CURVE('',#1819,#640,#2614,.T.);
#2614 = SEAM_CURVE('',#2615,(#2619,#2626),.PCURVE_S1.);
#2615 = LINE('',#2616,#2617);
#2616 = CARTESIAN_POINT('',(16.,141.525,-6.65));
#2617 = VECTOR('',#2618,1.);
#2618 = DIRECTION('',(0.,1.,0.));
#2619 = PCURVE('',#660,#2620);
#2620 = DEFINITIONAL_REPRESENTATION('',(#2621),#2625);
#2621 = LINE('',#2622,#2623);
#2622 = CARTESIAN_POINT('',(6.28318530718,-0.));
#2623 = VECTOR('',#2624,1.);
#2624 = DIRECTION('',(0.,1.));
#2625 = ( GEOMETRIC_REPRESENTATION_CONTEXT(2)
PARAMETRIC_REPRESENTATION_CONTEXT() REPRESENTATION_CONTEXT('2D SPACE',''
  ) );
#2626 = PCURVE('',#660,#2627);
#2627 = DEFINITIONAL_REPRESENTATION('',(#2628),#2632);
#2628 = LINE('',#2629,#2630);
#2629 = CARTESIAN_POINT('',(0.,-0.));
#2630 = VECTOR('',#2631,1.);
#2631 = DIRECTION('',(0.,1.));
#2632 = ( GEOMETRIC_REPRESENTATION_CONTEXT(2)
PARAMETRIC_REPRESENTATION_CONTEXT() REPRESENTATION_CONTEXT('2D SPACE',''
  ) );
#2633 = ORIENTED_EDGE('',*,*,#1818,.T.);
#2634 = ORIENTED_EDGE('',*,*,#2613,.T.);
#2635 = ADVANCED_FACE('',(#2636),#1006,.F.);
#2636 = FACE_BOUND('',#2637,.F.);
#2637 = EDGE_LOOP('',(#2638,#2639,#2640,#2668));
#2638 = ORIENTED_EDGE('',*,*,#990,.F.);
#2639 = ORIENTED_EDGE('',*,*,#1049,.T.);
#2640 = ORIENTED_EDGE('',*,*,#2641,.T.);
#2641 = EDGE_CURVE('',#1050,#2642,#2644,.T.);
#2642 = VERTEX_POINT('',#2643);
#2643 = CARTESIAN_POINT('',(52.,141.525,20.));
#2644 = SURFACE_CURVE('',#2645,(#2649,#2656),.PCURVE_S1.);
#2645 = LINE('',#2646,#2647);
#2646 = CARTESIAN_POINT('',(52.,141.525,-20.));
#2647 = VECTOR('',#2648,1.);
#2648 = DIRECTION('',(0.,0.,1.));
#2649 = PCURVE('',#1006,#2650);
#2650 = DEFINITIONAL_REPRESENTATION('',(#2651),#2655);
#2651 = LINE('',#2652,#2653);
#2652 = CARTESIAN_POINT('',(0.,-9.525));
#2653 = VECTOR('',#2654,1.);
#2654 = DIRECTION('',(1.,0.));
#2655 = ( GEOMETRIC_REPRESENTATION_CONTEXT(2)
PARAMETRIC_REPRESENTATION_CONTEXT() REPRESENTATION_CONTEXT('2D SPACE',''
  ) );
#2656 = PCURVE('',#2657,#2662);
#2657 = PLANE('',#2658);
#2658 = AXIS2_PLACEMENT_3D('',#2659,#2660,#2661);
#2659 = CARTESIAN_POINT('',(52.,141.525,-20.));
#2660 = DIRECTION('',(-1.,0.,0.));
#2661 = DIRECTION('',(0.,0.,1.));
#2662 = DEFINITIONAL_REPRESENTATION('',(#2663),#2667);
#2663 = LINE('',#2664,#2665);
#2664 = CARTESIAN_POINT('',(0.,0.));
#2665 = VECTOR('',#2666,1.);
#2666 = DIRECTION('',(1.,0.));
#2667 = ( GEOMETRIC_REPRESENTATION_CONTEXT(2)
PARAMETRIC_REPRESENTATION_CONTEXT() REPRESENTATION_CONTEXT('2D SPACE',''
  ) );
#2668 = ORIENTED_EDGE('',*,*,#2669,.F.);
#2669 = EDGE_CURVE('',#958,#2642,#2670,.T.);
#2670 = SURFACE_CURVE('',#2671,(#2675,#2682),.PCURVE_S1.);
#2671 = LINE('',#2672,#2673);
#2672 = CARTESIAN_POINT('',(52.,151.05,20.));
#2673 = VECTOR('',#2674,1.);
#2674 = DIRECTION('',(0.,-1.,0.));
#2675 = PCURVE('',#1006,#2676);
#2676 = DEFINITIONAL_REPRESENTATION('',(#2677),#2681);
#2677 = LINE('',#2678,#2679);
#2678 = CARTESIAN_POINT('',(40.,0.));
#2679 = VECTOR('',#2680,1.);
#2680 = DIRECTION('',(0.,-1.));
#2681 = ( GEOMETRIC_REPRESENTATION_CONTEXT(2)
PARAMETRIC_REPRESENTATION_CONTEXT() REPRESENTATION_CONTEXT('2D SPACE',''
  ) );
#2682 = PCURVE('',#978,#2683);
#2683 = DEFINITIONAL_REPRESENTATION('',(#2684),#2688);
#2684 = LINE('',#2685,#2686);
#2685 = CARTESIAN_POINT('',(0.,0.));
#2686 = VECTOR('',#2687,1.);
#2687 = DIRECTION('',(0.,1.));
#2688 = ( GEOMETRIC_REPRESENTATION_CONTEXT(2)
PARAMETRIC_REPRESENTATION_CONTEXT() REPRESENTATION_CONTEXT('2D SPACE',''
  ) );
#2689 = ADVANCED_FACE('',(#2690),#978,.T.);
#2690 = FACE_BOUND('',#2691,.T.);
#2691 = EDGE_LOOP('',(#2692,#2693,#2694,#2717));
#2692 = ORIENTED_EDGE('',*,*,#2669,.F.);
#2693 = ORIENTED_EDGE('',*,*,#957,.T.);
#2694 = ORIENTED_EDGE('',*,*,#2695,.T.);
#2695 = EDGE_CURVE('',#930,#2696,#2698,.T.);
#2696 = VERTEX_POINT('',#2697);
#2697 = CARTESIAN_POINT('',(50.,141.525,22.));
#2698 = SURFACE_CURVE('',#2699,(#2703,#2710),.PCURVE_S1.);
#2699 = LINE('',#2700,#2701);
#2700 = CARTESIAN_POINT('',(50.,151.05,22.));
#2701 = VECTOR('',#2702,1.);
#2702 = DIRECTION('',(0.,-1.,0.));
#2703 = PCURVE('',#978,#2704);
#2704 = DEFINITIONAL_REPRESENTATION('',(#2705),#2709);
#2705 = LINE('',#2706,#2707);
#2706 = CARTESIAN_POINT('',(1.570796326795,0.));
#2707 = VECTOR('',#2708,1.);
#2708 = DIRECTION('',(0.,1.));
#2709 = ( GEOMETRIC_REPRESENTATION_CONTEXT(2)
PARAMETRIC_REPRESENTATION_CONTEXT() REPRESENTATION_CONTEXT('2D SPACE',''
  ) );
#2710 = PCURVE('',#945,#2711);
#2711 = DEFINITIONAL_REPRESENTATION('',(#2712),#2716);
#2712 = LINE('',#2713,#2714);
#2713 = CARTESIAN_POINT('',(2.,0.));
#2714 = VECTOR('',#2715,1.);
#2715 = DIRECTION('',(0.,-1.));
#2716 = ( GEOMETRIC_REPRESENTATION_CONTEXT(2)
PARAMETRIC_REPRESENTATION_CONTEXT() REPRESENTATION_CONTEXT('2D SPACE',''
  ) );
#2717 = ORIENTED_EDGE('',*,*,#2718,.F.);
#2718 = EDGE_CURVE('',#2642,#2696,#2719,.T.);
#2719 = SURFACE_CURVE('',#2720,(#2725,#2732),.PCURVE_S1.);
#2720 = CIRCLE('',#2721,2.);
#2721 = AXIS2_PLACEMENT_3D('',#2722,#2723,#2724);
#2722 = CARTESIAN_POINT('',(50.,141.525,20.));
#2723 = DIRECTION('',(0.,-1.,0.));
#2724 = DIRECTION('',(0.,-0.,-1.));
#2725 = PCURVE('',#978,#2726);
#2726 = DEFINITIONAL_REPRESENTATION('',(#2727),#2731);
#2727 = LINE('',#2728,#2729);
#2728 = CARTESIAN_POINT('',(-1.570796326795,9.525));
#2729 = VECTOR('',#2730,1.);
#2730 = DIRECTION('',(1.,0.));
#2731 = ( GEOMETRIC_REPRESENTATION_CONTEXT(2)
PARAMETRIC_REPRESENTATION_CONTEXT() REPRESENTATION_CONTEXT('2D SPACE',''
  ) );
#2732 = PCURVE('',#2733,#2738);
#2733 = CYLINDRICAL_SURFACE('',#2734,2.);
#2734 = AXIS2_PLACEMENT_3D('',#2735,#2736,#2737);
#2735 = CARTESIAN_POINT('',(50.,141.525,20.));
#2736 = DIRECTION('',(0.,-1.,0.));
#2737 = DIRECTION('',(1.,0.,-0.));
#2738 = DEFINITIONAL_REPRESENTATION('',(#2739),#2742);
#2739 = B_SPLINE_CURVE_WITH_KNOTS('',1,(#2740,#2741),.UNSPECIFIED.,.F.,
  .F.,(2,2),(1.570796326795,3.14159265359),.PIECEWISE_BEZIER_KNOTS.);
#2740 = CARTESIAN_POINT('',(0.,0.));
#2741 = CARTESIAN_POINT('',(1.570796326795,0.));
#2742 = ( GEOMETRIC_REPRESENTATION_CONTEXT(2)
PARAMETRIC_REPRESENTATION_CONTEXT() REPRESENTATION_CONTEXT('2D SPACE',''
  ) );
#2743 = ADVANCED_FACE('',(#2744),#945,.F.);
#2744 = FACE_BOUND('',#2745,.F.);
#2745 = EDGE_LOOP('',(#2746,#2747,#2748,#2776));
#2746 = ORIENTED_EDGE('',*,*,#929,.T.);
#2747 = ORIENTED_EDGE('',*,*,#2695,.T.);
#2748 = ORIENTED_EDGE('',*,*,#2749,.T.);
#2749 = EDGE_CURVE('',#2696,#2750,#2752,.T.);
#2750 = VERTEX_POINT('',#2751);
#2751 = CARTESIAN_POINT('',(36.,141.525,22.));
#2752 = SURFACE_CURVE('',#2753,(#2757,#2764),.PCURVE_S1.);
#2753 = LINE('',#2754,#2755);
#2754 = CARTESIAN_POINT('',(52.,141.525,22.));
#2755 = VECTOR('',#2756,1.);
#2756 = DIRECTION('',(-1.,0.,0.));
#2757 = PCURVE('',#945,#2758);
#2758 = DEFINITIONAL_REPRESENTATION('',(#2759),#2763);
#2759 = LINE('',#2760,#2761);
#2760 = CARTESIAN_POINT('',(0.,-9.525));
#2761 = VECTOR('',#2762,1.);
#2762 = DIRECTION('',(1.,0.));
#2763 = ( GEOMETRIC_REPRESENTATION_CONTEXT(2)
PARAMETRIC_REPRESENTATION_CONTEXT() REPRESENTATION_CONTEXT('2D SPACE',''
  ) );
#2764 = PCURVE('',#2765,#2770);
#2765 = PLANE('',#2766);
#2766 = AXIS2_PLACEMENT_3D('',#2767,#2768,#2769);
#2767 = CARTESIAN_POINT('',(52.,141.525,22.));
#2768 = DIRECTION('',(-0.,-0.,-1.));
#2769 = DIRECTION('',(-1.,0.,0.));
#2770 = DEFINITIONAL_REPRESENTATION('',(#2771),#2775);
#2771 = LINE('',#2772,#2773);
#2772 = CARTESIAN_POINT('',(0.,0.));
#2773 = VECTOR('',#2774,1.);
#2774 = DIRECTION('',(1.,0.));
#2775 = ( GEOMETRIC_REPRESENTATION_CONTEXT(2)
PARAMETRIC_REPRESENTATION_CONTEXT() REPRESENTATION_CONTEXT('2D SPACE',''
  ) );
#2776 = ORIENTED_EDGE('',*,*,#2777,.F.);
#2777 = EDGE_CURVE('',#897,#2750,#2778,.T.);
#2778 = SURFACE_CURVE('',#2779,(#2783,#2790),.PCURVE_S1.);
#2779 = LINE('',#2780,#2781);
#2780 = CARTESIAN_POINT('',(36.,151.05,22.));
#2781 = VECTOR('',#2782,1.);
#2782 = DIRECTION('',(0.,-1.,0.));
#2783 = PCURVE('',#945,#2784);
#2784 = DEFINITIONAL_REPRESENTATION('',(#2785),#2789);
#2785 = LINE('',#2786,#2787);
#2786 = CARTESIAN_POINT('',(16.,0.));
#2787 = VECTOR('',#2788,1.);
#2788 = DIRECTION('',(0.,-1.));
#2789 = ( GEOMETRIC_REPRESENTATION_CONTEXT(2)
PARAMETRIC_REPRESENTATION_CONTEXT() REPRESENTATION_CONTEXT('2D SPACE',''
  ) );
#2790 = PCURVE('',#917,#2791);
#2791 = DEFINITIONAL_REPRESENTATION('',(#2792),#2796);
#2792 = LINE('',#2793,#2794);
#2793 = CARTESIAN_POINT('',(0.,0.));
#2794 = VECTOR('',#2795,1.);
#2795 = DIRECTION('',(0.,1.));
#2796 = ( GEOMETRIC_REPRESENTATION_CONTEXT(2)
PARAMETRIC_REPRESENTATION_CONTEXT() REPRESENTATION_CONTEXT('2D SPACE',''
  ) );
#2797 = ADVANCED_FACE('',(#2798),#917,.T.);
#2798 = FACE_BOUND('',#2799,.T.);
#2799 = EDGE_LOOP('',(#2800,#2801,#2802,#2825));
#2800 = ORIENTED_EDGE('',*,*,#2777,.F.);
#2801 = ORIENTED_EDGE('',*,*,#896,.T.);
#2802 = ORIENTED_EDGE('',*,*,#2803,.T.);
#2803 = EDGE_CURVE('',#871,#2804,#2806,.T.);
#2804 = VERTEX_POINT('',#2805);
#2805 = CARTESIAN_POINT('',(34.,141.525,20.));
#2806 = SURFACE_CURVE('',#2807,(#2811,#2818),.PCURVE_S1.);
#2807 = LINE('',#2808,#2809);
#2808 = CARTESIAN_POINT('',(34.,151.05,20.));
#2809 = VECTOR('',#2810,1.);
#2810 = DIRECTION('',(0.,-1.,0.));
#2811 = PCURVE('',#917,#2812);
#2812 = DEFINITIONAL_REPRESENTATION('',(#2813),#2817);
#2813 = LINE('',#2814,#2815);
#2814 = CARTESIAN_POINT('',(1.570796326795,0.));
#2815 = VECTOR('',#2816,1.);
#2816 = DIRECTION('',(0.,1.));
#2817 = ( GEOMETRIC_REPRESENTATION_CONTEXT(2)
PARAMETRIC_REPRESENTATION_CONTEXT() REPRESENTATION_CONTEXT('2D SPACE',''
  ) );
#2818 = PCURVE('',#885,#2819);
#2819 = DEFINITIONAL_REPRESENTATION('',(#2820),#2824);
#2820 = LINE('',#2821,#2822);
#2821 = CARTESIAN_POINT('',(2.,0.));
#2822 = VECTOR('',#2823,1.);
#2823 = DIRECTION('',(0.,-1.));
#2824 = ( GEOMETRIC_REPRESENTATION_CONTEXT(2)
PARAMETRIC_REPRESENTATION_CONTEXT() REPRESENTATION_CONTEXT('2D SPACE',''
  ) );
#2825 = ORIENTED_EDGE('',*,*,#2826,.F.);
#2826 = EDGE_CURVE('',#2750,#2804,#2827,.T.);
#2827 = SURFACE_CURVE('',#2828,(#2833,#2840),.PCURVE_S1.);
#2828 = CIRCLE('',#2829,2.);
#2829 = AXIS2_PLACEMENT_3D('',#2830,#2831,#2832);
#2830 = CARTESIAN_POINT('',(36.,141.525,20.));
#2831 = DIRECTION('',(0.,-1.,0.));
#2832 = DIRECTION('',(0.,-0.,-1.));
#2833 = PCURVE('',#917,#2834);
#2834 = DEFINITIONAL_REPRESENTATION('',(#2835),#2839);
#2835 = LINE('',#2836,#2837);
#2836 = CARTESIAN_POINT('',(-3.14159265359,9.525));
#2837 = VECTOR('',#2838,1.);
#2838 = DIRECTION('',(1.,0.));
#2839 = ( GEOMETRIC_REPRESENTATION_CONTEXT(2)
PARAMETRIC_REPRESENTATION_CONTEXT() REPRESENTATION_CONTEXT('2D SPACE',''
  ) );
#2840 = PCURVE('',#2841,#2846);
#2841 = CYLINDRICAL_SURFACE('',#2842,2.);
#2842 = AXIS2_PLACEMENT_3D('',#2843,#2844,#2845);
#2843 = CARTESIAN_POINT('',(36.,141.525,20.));
#2844 = DIRECTION('',(0.,-1.,0.));
#2845 = DIRECTION('',(-0.,0.,1.));
#2846 = DEFINITIONAL_REPRESENTATION('',(#2847),#2850);
#2847 = B_SPLINE_CURVE_WITH_KNOTS('',1,(#2848,#2849),.UNSPECIFIED.,.F.,
  .F.,(2,2),(3.14159265359,4.712388980385),.PIECEWISE_BEZIER_KNOTS.);
#2848 = CARTESIAN_POINT('',(0.,0.));
#2849 = CARTESIAN_POINT('',(1.570796326795,0.));
#2850 = ( GEOMETRIC_REPRESENTATION_CONTEXT(2)
PARAMETRIC_REPRESENTATION_CONTEXT() REPRESENTATION_CONTEXT('2D SPACE',''
  ) );
#2851 = ADVANCED_FACE('',(#2852),#885,.F.);
#2852 = FACE_BOUND('',#2853,.F.);
#2853 = EDGE_LOOP('',(#2854,#2855,#2856,#2884,#2912));
#2854 = ORIENTED_EDGE('',*,*,#870,.T.);
#2855 = ORIENTED_EDGE('',*,*,#2803,.T.);
#2856 = ORIENTED_EDGE('',*,*,#2857,.T.);
#2857 = EDGE_CURVE('',#2804,#2858,#2860,.T.);
#2858 = VERTEX_POINT('',#2859);
#2859 = CARTESIAN_POINT('',(34.,141.525,-6.394448724536));
#2860 = SURFACE_CURVE('',#2861,(#2865,#2872),.PCURVE_S1.);
#2861 = LINE('',#2862,#2863);
#2862 = CARTESIAN_POINT('',(34.,141.525,22.));
#2863 = VECTOR('',#2864,1.);
#2864 = DIRECTION('',(0.,0.,-1.));
#2865 = PCURVE('',#885,#2866);
#2866 = DEFINITIONAL_REPRESENTATION('',(#2867),#2871);
#2867 = LINE('',#2868,#2869);
#2868 = CARTESIAN_POINT('',(0.,-9.525));
#2869 = VECTOR('',#2870,1.);
#2870 = DIRECTION('',(1.,0.));
#2871 = ( GEOMETRIC_REPRESENTATION_CONTEXT(2)
PARAMETRIC_REPRESENTATION_CONTEXT() REPRESENTATION_CONTEXT('2D SPACE',''
  ) );
#2872 = PCURVE('',#2873,#2878);
#2873 = PLANE('',#2874);
#2874 = AXIS2_PLACEMENT_3D('',#2875,#2876,#2877);
#2875 = CARTESIAN_POINT('',(34.,141.525,22.));
#2876 = DIRECTION('',(1.,0.,0.));
#2877 = DIRECTION('',(0.,0.,-1.));
#2878 = DEFINITIONAL_REPRESENTATION('',(#2879),#2883);
#2879 = LINE('',#2880,#2881);
#2880 = CARTESIAN_POINT('',(0.,0.));
#2881 = VECTOR('',#2882,1.);
#2882 = DIRECTION('',(1.,0.));
#2883 = ( GEOMETRIC_REPRESENTATION_CONTEXT(2)
PARAMETRIC_REPRESENTATION_CONTEXT() REPRESENTATION_CONTEXT('2D SPACE',''
  ) );
#2884 = ORIENTED_EDGE('',*,*,#2885,.T.);
#2885 = EDGE_CURVE('',#2858,#2886,#2888,.T.);
#2886 = VERTEX_POINT('',#2887);
#2887 = CARTESIAN_POINT('',(34.,141.525,-8.));
#2888 = SURFACE_CURVE('',#2889,(#2893,#2900),.PCURVE_S1.);
#2889 = LINE('',#2890,#2891);
#2890 = CARTESIAN_POINT('',(34.,141.525,22.));
#2891 = VECTOR('',#2892,1.);
#2892 = DIRECTION('',(0.,0.,-1.));
#2893 = PCURVE('',#885,#2894);
#2894 = DEFINITIONAL_REPRESENTATION('',(#2895),#2899);
#2895 = LINE('',#2896,#2897);
#2896 = CARTESIAN_POINT('',(0.,-9.525));
#2897 = VECTOR('',#2898,1.);
#2898 = DIRECTION('',(1.,0.));
#2899 = ( GEOMETRIC_REPRESENTATION_CONTEXT(2)
PARAMETRIC_REPRESENTATION_CONTEXT() REPRESENTATION_CONTEXT('2D SPACE',''
  ) );
#2900 = PCURVE('',#2901,#2906);
#2901 = PLANE('',#2902);
#2902 = AXIS2_PLACEMENT_3D('',#2903,#2904,#2905);
#2903 = CARTESIAN_POINT('',(42.599891585297,141.525,0.61051733286));
#2904 = DIRECTION('',(-0.,-1.,-0.));
#2905 = DIRECTION('',(0.,0.,-1.));
#2906 = DEFINITIONAL_REPRESENTATION('',(#2907),#2911);
#2907 = LINE('',#2908,#2909);
#2908 = CARTESIAN_POINT('',(-21.38948266714,-8.599891585297));
#2909 = VECTOR('',#2910,1.);
#2910 = DIRECTION('',(1.,0.));
#2911 = ( GEOMETRIC_REPRESENTATION_CONTEXT(2)
PARAMETRIC_REPRESENTATION_CONTEXT() REPRESENTATION_CONTEXT('2D SPACE',''
  ) );
#2912 = ORIENTED_EDGE('',*,*,#2913,.F.);
#2913 = EDGE_CURVE('',#838,#2886,#2914,.T.);
#2914 = SURFACE_CURVE('',#2915,(#2919,#2926),.PCURVE_S1.);
#2915 = LINE('',#2916,#2917);
#2916 = CARTESIAN_POINT('',(34.,151.05,-8.));
#2917 = VECTOR('',#2918,1.);
#2918 = DIRECTION('',(0.,-1.,0.));
#2919 = PCURVE('',#885,#2920);
#2920 = DEFINITIONAL_REPRESENTATION('',(#2921),#2925);
#2921 = LINE('',#2922,#2923);
#2922 = CARTESIAN_POINT('',(30.,0.));
#2923 = VECTOR('',#2924,1.);
#2924 = DIRECTION('',(0.,-1.));
#2925 = ( GEOMETRIC_REPRESENTATION_CONTEXT(2)
PARAMETRIC_REPRESENTATION_CONTEXT() REPRESENTATION_CONTEXT('2D SPACE',''
  ) );
#2926 = PCURVE('',#858,#2927);
#2927 = DEFINITIONAL_REPRESENTATION('',(#2928),#2932);
#2928 = LINE('',#2929,#2930);
#2929 = CARTESIAN_POINT('',(-0.,0.));
#2930 = VECTOR('',#2931,1.);
#2931 = DIRECTION('',(-0.,1.));
#2932 = ( GEOMETRIC_REPRESENTATION_CONTEXT(2)
PARAMETRIC_REPRESENTATION_CONTEXT() REPRESENTATION_CONTEXT('2D SPACE',''
  ) );
#2933 = ADVANCED_FACE('',(#2934),#858,.F.);
#2934 = FACE_BOUND('',#2935,.T.);
#2935 = EDGE_LOOP('',(#2936,#2937,#2938,#2959,#2960));
#2936 = ORIENTED_EDGE('',*,*,#2913,.F.);
#2937 = ORIENTED_EDGE('',*,*,#837,.F.);
#2938 = ORIENTED_EDGE('',*,*,#2939,.T.);
#2939 = EDGE_CURVE('',#812,#1303,#2940,.T.);
#2940 = SURFACE_CURVE('',#2941,(#2945,#2952),.PCURVE_S1.);
#2941 = LINE('',#2942,#2943);
#2942 = CARTESIAN_POINT('',(32.,151.05,-10.));
#2943 = VECTOR('',#2944,1.);
#2944 = DIRECTION('',(0.,-1.,0.));
#2945 = PCURVE('',#858,#2946);
#2946 = DEFINITIONAL_REPRESENTATION('',(#2947),#2951);
#2947 = LINE('',#2948,#2949);
#2948 = CARTESIAN_POINT('',(-1.570796326795,0.));
#2949 = VECTOR('',#2950,1.);
#2950 = DIRECTION('',(-0.,1.));
#2951 = ( GEOMETRIC_REPRESENTATION_CONTEXT(2)
PARAMETRIC_REPRESENTATION_CONTEXT() REPRESENTATION_CONTEXT('2D SPACE',''
  ) );
#2952 = PCURVE('',#826,#2953);
#2953 = DEFINITIONAL_REPRESENTATION('',(#2954),#2958);
#2954 = LINE('',#2955,#2956);
#2955 = CARTESIAN_POINT('',(2.,0.));
#2956 = VECTOR('',#2957,1.);
#2957 = DIRECTION('',(0.,-1.));
#2958 = ( GEOMETRIC_REPRESENTATION_CONTEXT(2)
PARAMETRIC_REPRESENTATION_CONTEXT() REPRESENTATION_CONTEXT('2D SPACE',''
  ) );
#2959 = ORIENTED_EDGE('',*,*,#1302,.F.);
#2960 = ORIENTED_EDGE('',*,*,#2961,.F.);
#2961 = EDGE_CURVE('',#2886,#1274,#2962,.T.);
#2962 = SURFACE_CURVE('',#2963,(#2968,#2975),.PCURVE_S1.);
#2963 = CIRCLE('',#2964,2.);
#2964 = AXIS2_PLACEMENT_3D('',#2965,#2966,#2967);
#2965 = CARTESIAN_POINT('',(32.,141.525,-8.));
#2966 = DIRECTION('',(-0.,1.,0.));
#2967 = DIRECTION('',(0.,0.,-1.));
#2968 = PCURVE('',#858,#2969);
#2969 = DEFINITIONAL_REPRESENTATION('',(#2970),#2974);
#2970 = LINE('',#2971,#2972);
#2971 = CARTESIAN_POINT('',(4.712388980385,9.525));
#2972 = VECTOR('',#2973,1.);
#2973 = DIRECTION('',(-1.,0.));
#2974 = ( GEOMETRIC_REPRESENTATION_CONTEXT(2)
PARAMETRIC_REPRESENTATION_CONTEXT() REPRESENTATION_CONTEXT('2D SPACE',''
  ) );
#2975 = PCURVE('',#2901,#2976);
#2976 = DEFINITIONAL_REPRESENTATION('',(#2977),#2985);
#2977 = ( BOUNDED_CURVE() B_SPLINE_CURVE(2,(#2978,#2979,#2980,#2981,
#2982,#2983,#2984),.UNSPECIFIED.,.T.,.F.) B_SPLINE_CURVE_WITH_KNOTS((1,2
    ,2,2,2,1),(-2.094395102393,0.,2.094395102393,4.188790204786,
6.28318530718,8.377580409573),.UNSPECIFIED.) CURVE()
GEOMETRIC_REPRESENTATION_ITEM() RATIONAL_B_SPLINE_CURVE((1.,0.5,1.,0.5,
1.,0.5,1.)) REPRESENTATION_ITEM('') );
#2978 = CARTESIAN_POINT('',(10.61051733286,-10.59989158529));
#2979 = CARTESIAN_POINT('',(10.61051733286,-14.06399320043));
#2980 = CARTESIAN_POINT('',(7.61051733286,-12.33194239286));
#2981 = CARTESIAN_POINT('',(4.61051733286,-10.59989158529));
#2982 = CARTESIAN_POINT('',(7.61051733286,-8.867840777728));
#2983 = CARTESIAN_POINT('',(10.61051733286,-7.135789970159));
#2984 = CARTESIAN_POINT('',(10.61051733286,-10.59989158529));
#2985 = ( GEOMETRIC_REPRESENTATION_CONTEXT(2)
PARAMETRIC_REPRESENTATION_CONTEXT() REPRESENTATION_CONTEXT('2D SPACE',''
  ) );
#2986 = ADVANCED_FACE('',(#2987),#826,.F.);
#2987 = FACE_BOUND('',#2988,.F.);
#2988 = EDGE_LOOP('',(#2989,#2990,#2991,#2992));
#2989 = ORIENTED_EDGE('',*,*,#811,.T.);
#2990 = ORIENTED_EDGE('',*,*,#2939,.T.);
#2991 = ORIENTED_EDGE('',*,*,#1330,.T.);
#2992 = ORIENTED_EDGE('',*,*,#2993,.F.);
#2993 = EDGE_CURVE('',#779,#1331,#2994,.T.);
#2994 = SURFACE_CURVE('',#2995,(#2999,#3006),.PCURVE_S1.);
#2995 = LINE('',#2996,#2997);
#2996 = CARTESIAN_POINT('',(26.,151.05,-10.));
#2997 = VECTOR('',#2998,1.);
#2998 = DIRECTION('',(0.,-1.,0.));
#2999 = PCURVE('',#826,#3000);
#3000 = DEFINITIONAL_REPRESENTATION('',(#3001),#3005);
#3001 = LINE('',#3002,#3003);
#3002 = CARTESIAN_POINT('',(8.,0.));
#3003 = VECTOR('',#3004,1.);
#3004 = DIRECTION('',(0.,-1.));
#3005 = ( GEOMETRIC_REPRESENTATION_CONTEXT(2)
PARAMETRIC_REPRESENTATION_CONTEXT() REPRESENTATION_CONTEXT('2D SPACE',''
  ) );
#3006 = PCURVE('',#799,#3007);
#3007 = DEFINITIONAL_REPRESENTATION('',(#3008),#3012);
#3008 = LINE('',#3009,#3010);
#3009 = CARTESIAN_POINT('',(-0.,0.));
#3010 = VECTOR('',#3011,1.);
#3011 = DIRECTION('',(-0.,1.));
#3012 = ( GEOMETRIC_REPRESENTATION_CONTEXT(2)
PARAMETRIC_REPRESENTATION_CONTEXT() REPRESENTATION_CONTEXT('2D SPACE',''
  ) );
#3013 = ADVANCED_FACE('',(#3014),#799,.F.);
#3014 = FACE_BOUND('',#3015,.T.);
#3015 = EDGE_LOOP('',(#3016,#3017,#3018,#3039));
#3016 = ORIENTED_EDGE('',*,*,#2993,.F.);
#3017 = ORIENTED_EDGE('',*,*,#778,.F.);
#3018 = ORIENTED_EDGE('',*,*,#3019,.T.);
#3019 = EDGE_CURVE('',#753,#1354,#3020,.T.);
#3020 = SURFACE_CURVE('',#3021,(#3025,#3032),.PCURVE_S1.);
#3021 = LINE('',#3022,#3023);
#3022 = CARTESIAN_POINT('',(24.,151.05,-8.));
#3023 = VECTOR('',#3024,1.);
#3024 = DIRECTION('',(0.,-1.,0.));
#3025 = PCURVE('',#799,#3026);
#3026 = DEFINITIONAL_REPRESENTATION('',(#3027),#3031);
#3027 = LINE('',#3028,#3029);
#3028 = CARTESIAN_POINT('',(-1.570796326795,0.));
#3029 = VECTOR('',#3030,1.);
#3030 = DIRECTION('',(-0.,1.));
#3031 = ( GEOMETRIC_REPRESENTATION_CONTEXT(2)
PARAMETRIC_REPRESENTATION_CONTEXT() REPRESENTATION_CONTEXT('2D SPACE',''
  ) );
#3032 = PCURVE('',#767,#3033);
#3033 = DEFINITIONAL_REPRESENTATION('',(#3034),#3038);
#3034 = LINE('',#3035,#3036);
#3035 = CARTESIAN_POINT('',(2.,0.));
#3036 = VECTOR('',#3037,1.);
#3037 = DIRECTION('',(0.,-1.));
#3038 = ( GEOMETRIC_REPRESENTATION_CONTEXT(2)
PARAMETRIC_REPRESENTATION_CONTEXT() REPRESENTATION_CONTEXT('2D SPACE',''
  ) );
#3039 = ORIENTED_EDGE('',*,*,#1353,.F.);
#3040 = ADVANCED_FACE('',(#3041),#767,.F.);
#3041 = FACE_BOUND('',#3042,.F.);
#3042 = EDGE_LOOP('',(#3043,#3044,#3045,#3046));
#3043 = ORIENTED_EDGE('',*,*,#752,.T.);
#3044 = ORIENTED_EDGE('',*,*,#3019,.T.);
#3045 = ORIENTED_EDGE('',*,*,#1381,.T.);
#3046 = ORIENTED_EDGE('',*,*,#2406,.F.);
#3047 = ADVANCED_FACE('',(#3048),#1087,.T.);
#3048 = FACE_BOUND('',#3049,.T.);
#3049 = EDGE_LOOP('',(#3050,#3051,#3074,#3096));
#3050 = ORIENTED_EDGE('',*,*,#1072,.T.);
#3051 = ORIENTED_EDGE('',*,*,#3052,.T.);
#3052 = EDGE_CURVE('',#1050,#3053,#3055,.T.);
#3053 = VERTEX_POINT('',#3054);
#3054 = CARTESIAN_POINT('',(52.,135.175,-18.));
#3055 = SURFACE_CURVE('',#3056,(#3060,#3067),.PCURVE_S1.);
#3056 = LINE('',#3057,#3058);
#3057 = CARTESIAN_POINT('',(52.,141.525,-18.));
#3058 = VECTOR('',#3059,1.);
#3059 = DIRECTION('',(0.,-1.,0.));
#3060 = PCURVE('',#1087,#3061);
#3061 = DEFINITIONAL_REPRESENTATION('',(#3062),#3066);
#3062 = LINE('',#3063,#3064);
#3063 = CARTESIAN_POINT('',(1.570796326795,0.));
#3064 = VECTOR('',#3065,1.);
#3065 = DIRECTION('',(0.,1.));
#3066 = ( GEOMETRIC_REPRESENTATION_CONTEXT(2)
PARAMETRIC_REPRESENTATION_CONTEXT() REPRESENTATION_CONTEXT('2D SPACE',''
  ) );
#3067 = PCURVE('',#2657,#3068);
#3068 = DEFINITIONAL_REPRESENTATION('',(#3069),#3073);
#3069 = LINE('',#3070,#3071);
#3070 = CARTESIAN_POINT('',(2.,0.));
#3071 = VECTOR('',#3072,1.);
#3072 = DIRECTION('',(0.,-1.));
#3073 = ( GEOMETRIC_REPRESENTATION_CONTEXT(2)
PARAMETRIC_REPRESENTATION_CONTEXT() REPRESENTATION_CONTEXT('2D SPACE',''
  ) );
#3074 = ORIENTED_EDGE('',*,*,#3075,.F.);
#3075 = EDGE_CURVE('',#1874,#3053,#3076,.T.);
#3076 = SURFACE_CURVE('',#3077,(#3082,#3089),.PCURVE_S1.);
#3077 = CIRCLE('',#3078,2.);
#3078 = AXIS2_PLACEMENT_3D('',#3079,#3080,#3081);
#3079 = CARTESIAN_POINT('',(50.,135.175,-18.));
#3080 = DIRECTION('',(0.,-1.,0.));
#3081 = DIRECTION('',(0.,-0.,-1.));
#3082 = PCURVE('',#1087,#3083);
#3083 = DEFINITIONAL_REPRESENTATION('',(#3084),#3088);
#3084 = LINE('',#3085,#3086);
#3085 = CARTESIAN_POINT('',(0.,6.35));
#3086 = VECTOR('',#3087,1.);
#3087 = DIRECTION('',(1.,0.));
#3088 = ( GEOMETRIC_REPRESENTATION_CONTEXT(2)
PARAMETRIC_REPRESENTATION_CONTEXT() REPRESENTATION_CONTEXT('2D SPACE',''
  ) );
#3089 = PCURVE('',#1889,#3090);
#3090 = DEFINITIONAL_REPRESENTATION('',(#3091),#3095);
#3091 = CIRCLE('',#3092,2.);
#3092 = AXIS2_PLACEMENT_2D('',#3093,#3094);
#3093 = CARTESIAN_POINT('',(18.61051733286,7.400108414703));
#3094 = DIRECTION('',(1.,0.));
#3095 = ( GEOMETRIC_REPRESENTATION_CONTEXT(2)
PARAMETRIC_REPRESENTATION_CONTEXT() REPRESENTATION_CONTEXT('2D SPACE',''
  ) );
#3096 = ORIENTED_EDGE('',*,*,#1901,.F.);
#3097 = ADVANCED_FACE('',(#3098),#1118,.T.);
#3098 = FACE_BOUND('',#3099,.T.);
#3099 = EDGE_LOOP('',(#3100,#3101,#3102,#3126));
#3100 = ORIENTED_EDGE('',*,*,#1982,.F.);
#3101 = ORIENTED_EDGE('',*,*,#1102,.T.);
#3102 = ORIENTED_EDGE('',*,*,#3103,.F.);
#3103 = EDGE_CURVE('',#3104,#1103,#3106,.T.);
#3104 = VERTEX_POINT('',#3105);
#3105 = CARTESIAN_POINT('',(-52.,135.175,-18.));
#3106 = SURFACE_CURVE('',#3107,(#3112,#3119),.PCURVE_S1.);
#3107 = CIRCLE('',#3108,2.);
#3108 = AXIS2_PLACEMENT_3D('',#3109,#3110,#3111);
#3109 = CARTESIAN_POINT('',(-50.,135.175,-18.));
#3110 = DIRECTION('',(0.,-1.,0.));
#3111 = DIRECTION('',(0.,-0.,-1.));
#3112 = PCURVE('',#1118,#3113);
#3113 = DEFINITIONAL_REPRESENTATION('',(#3114),#3118);
#3114 = LINE('',#3115,#3116);
#3115 = CARTESIAN_POINT('',(-4.712388980385,6.35));
#3116 = VECTOR('',#3117,1.);
#3117 = DIRECTION('',(1.,0.));
#3118 = ( GEOMETRIC_REPRESENTATION_CONTEXT(2)
PARAMETRIC_REPRESENTATION_CONTEXT() REPRESENTATION_CONTEXT('2D SPACE',''
  ) );
#3119 = PCURVE('',#1146,#3120);
#3120 = DEFINITIONAL_REPRESENTATION('',(#3121),#3125);
#3121 = CIRCLE('',#3122,2.);
#3122 = AXIS2_PLACEMENT_2D('',#3123,#3124);
#3123 = CARTESIAN_POINT('',(18.61051733286,-7.400108414703));
#3124 = DIRECTION('',(1.,0.));
#3125 = ( GEOMETRIC_REPRESENTATION_CONTEXT(2)
PARAMETRIC_REPRESENTATION_CONTEXT() REPRESENTATION_CONTEXT('2D SPACE',''
  ) );
#3126 = ORIENTED_EDGE('',*,*,#3127,.F.);
#3127 = EDGE_CURVE('',#1955,#3104,#3128,.T.);
#3128 = SURFACE_CURVE('',#3129,(#3133,#3140),.PCURVE_S1.);
#3129 = LINE('',#3130,#3131);
#3130 = CARTESIAN_POINT('',(-52.,141.525,-18.));
#3131 = VECTOR('',#3132,1.);
#3132 = DIRECTION('',(0.,-1.,0.));
#3133 = PCURVE('',#1118,#3134);
#3134 = DEFINITIONAL_REPRESENTATION('',(#3135),#3139);
#3135 = LINE('',#3136,#3137);
#3136 = CARTESIAN_POINT('',(0.,0.));
#3137 = VECTOR('',#3138,1.);
#3138 = DIRECTION('',(0.,1.));
#3139 = ( GEOMETRIC_REPRESENTATION_CONTEXT(2)
PARAMETRIC_REPRESENTATION_CONTEXT() REPRESENTATION_CONTEXT('2D SPACE',''
  ) );
#3140 = PCURVE('',#3141,#3146);
#3141 = PLANE('',#3142);
#3142 = AXIS2_PLACEMENT_3D('',#3143,#3144,#3145);
#3143 = CARTESIAN_POINT('',(-52.,141.525,22.));
#3144 = DIRECTION('',(1.,0.,0.));
#3145 = DIRECTION('',(0.,0.,-1.));
#3146 = DEFINITIONAL_REPRESENTATION('',(#3147),#3151);
#3147 = LINE('',#3148,#3149);
#3148 = CARTESIAN_POINT('',(40.,0.));
#3149 = VECTOR('',#3150,1.);
#3150 = DIRECTION('',(0.,-1.));
#3151 = ( GEOMETRIC_REPRESENTATION_CONTEXT(2)
PARAMETRIC_REPRESENTATION_CONTEXT() REPRESENTATION_CONTEXT('2D SPACE',''
  ) );
#3152 = ADVANCED_FACE('',(#3153),#1172,.T.);
#3153 = FACE_BOUND('',#3154,.T.);
#3154 = EDGE_LOOP('',(#3155,#3156,#3179,#3201));
#3155 = ORIENTED_EDGE('',*,*,#1187,.T.);
#3156 = ORIENTED_EDGE('',*,*,#3157,.T.);
#3157 = EDGE_CURVE('',#1188,#3158,#3160,.T.);
#3158 = VERTEX_POINT('',#3159);
#3159 = CARTESIAN_POINT('',(-32.,135.175,-18.));
#3160 = SURFACE_CURVE('',#3161,(#3165,#3172),.PCURVE_S1.);
#3161 = LINE('',#3162,#3163);
#3162 = CARTESIAN_POINT('',(-32.,141.525,-18.));
#3163 = VECTOR('',#3164,1.);
#3164 = DIRECTION('',(0.,-1.,0.));
#3165 = PCURVE('',#1172,#3166);
#3166 = DEFINITIONAL_REPRESENTATION('',(#3167),#3171);
#3167 = LINE('',#3168,#3169);
#3168 = CARTESIAN_POINT('',(1.570796326795,0.));
#3169 = VECTOR('',#3170,1.);
#3170 = DIRECTION('',(0.,1.));
#3171 = ( GEOMETRIC_REPRESENTATION_CONTEXT(2)
PARAMETRIC_REPRESENTATION_CONTEXT() REPRESENTATION_CONTEXT('2D SPACE',''
  ) );
#3172 = PCURVE('',#1644,#3173);
#3173 = DEFINITIONAL_REPRESENTATION('',(#3174),#3178);
#3174 = LINE('',#3175,#3176);
#3175 = CARTESIAN_POINT('',(2.,0.));
#3176 = VECTOR('',#3177,1.);
#3177 = DIRECTION('',(0.,-1.));
#3178 = ( GEOMETRIC_REPRESENTATION_CONTEXT(2)
PARAMETRIC_REPRESENTATION_CONTEXT() REPRESENTATION_CONTEXT('2D SPACE',''
  ) );
#3179 = ORIENTED_EDGE('',*,*,#3180,.F.);
#3180 = EDGE_CURVE('',#1131,#3158,#3181,.T.);
#3181 = SURFACE_CURVE('',#3182,(#3187,#3194),.PCURVE_S1.);
#3182 = CIRCLE('',#3183,2.);
#3183 = AXIS2_PLACEMENT_3D('',#3184,#3185,#3186);
#3184 = CARTESIAN_POINT('',(-34.,135.175,-18.));
#3185 = DIRECTION('',(0.,-1.,0.));
#3186 = DIRECTION('',(0.,-0.,-1.));
#3187 = PCURVE('',#1172,#3188);
#3188 = DEFINITIONAL_REPRESENTATION('',(#3189),#3193);
#3189 = LINE('',#3190,#3191);
#3190 = CARTESIAN_POINT('',(0.,6.35));
#3191 = VECTOR('',#3192,1.);
#3192 = DIRECTION('',(1.,0.));
#3193 = ( GEOMETRIC_REPRESENTATION_CONTEXT(2)
PARAMETRIC_REPRESENTATION_CONTEXT() REPRESENTATION_CONTEXT('2D SPACE',''
  ) );
#3194 = PCURVE('',#1146,#3195);
#3195 = DEFINITIONAL_REPRESENTATION('',(#3196),#3200);
#3196 = CIRCLE('',#3197,2.);
#3197 = AXIS2_PLACEMENT_2D('',#3198,#3199);
#3198 = CARTESIAN_POINT('',(18.61051733286,8.599891585297));
#3199 = DIRECTION('',(1.,0.));
#3200 = ( GEOMETRIC_REPRESENTATION_CONTEXT(2)
PARAMETRIC_REPRESENTATION_CONTEXT() REPRESENTATION_CONTEXT('2D SPACE',''
  ) );
#3201 = ORIENTED_EDGE('',*,*,#1158,.F.);
#3202 = ADVANCED_FACE('',(#3203),#1146,.T.);
#3203 = FACE_BOUND('',#3204,.T.);
#3204 = EDGE_LOOP('',(#3205,#3235,#3268,#3296,#3325,#3353,#3382,#3403,
    #3404,#3405,#3406,#3429));
#3205 = ORIENTED_EDGE('',*,*,#3206,.T.);
#3206 = EDGE_CURVE('',#3207,#3209,#3211,.T.);
#3207 = VERTEX_POINT('',#3208);
#3208 = CARTESIAN_POINT('',(-32.33589941132,135.175,-9.496150883014));
#3209 = VERTEX_POINT('',#3210);
#3210 = CARTESIAN_POINT('',(-33.66410058867,135.175,-7.503849116986));
#3211 = SURFACE_CURVE('',#3212,(#3216,#3223),.PCURVE_S1.);
#3212 = LINE('',#3213,#3214);
#3213 = CARTESIAN_POINT('',(-32.,135.175,-10.));
#3214 = VECTOR('',#3215,1.);
#3215 = DIRECTION('',(-0.554700196225,0.,0.832050294338));
#3216 = PCURVE('',#1146,#3217);
#3217 = DEFINITIONAL_REPRESENTATION('',(#3218),#3222);
#3218 = LINE('',#3219,#3220);
#3219 = CARTESIAN_POINT('',(10.61051733286,10.599891585297));
#3220 = VECTOR('',#3221,1.);
#3221 = DIRECTION('',(-0.832050294338,-0.554700196225));
#3222 = ( GEOMETRIC_REPRESENTATION_CONTEXT(2)
PARAMETRIC_REPRESENTATION_CONTEXT() REPRESENTATION_CONTEXT('2D SPACE',''
  ) );
#3223 = PCURVE('',#3224,#3229);
#3224 = PLANE('',#3225);
#3225 = AXIS2_PLACEMENT_3D('',#3226,#3227,#3228);
#3226 = CARTESIAN_POINT('',(-32.,141.525,-10.));
#3227 = DIRECTION('',(-0.832050294338,-0.,-0.554700196225));
#3228 = DIRECTION('',(-0.554700196225,0.,0.832050294338));
#3229 = DEFINITIONAL_REPRESENTATION('',(#3230),#3234);
#3230 = LINE('',#3231,#3232);
#3231 = CARTESIAN_POINT('',(0.,-6.35));
#3232 = VECTOR('',#3233,1.);
#3233 = DIRECTION('',(1.,0.));
#3234 = ( GEOMETRIC_REPRESENTATION_CONTEXT(2)
PARAMETRIC_REPRESENTATION_CONTEXT() REPRESENTATION_CONTEXT('2D SPACE',''
  ) );
#3235 = ORIENTED_EDGE('',*,*,#3236,.T.);
#3236 = EDGE_CURVE('',#3209,#3237,#3239,.T.);
#3237 = VERTEX_POINT('',#3238);
#3238 = CARTESIAN_POINT('',(-34.,135.175,-6.394448724536));
#3239 = SURFACE_CURVE('',#3240,(#3245,#3256),.PCURVE_S1.);
#3240 = CIRCLE('',#3241,2.);
#3241 = AXIS2_PLACEMENT_3D('',#3242,#3243,#3244);
#3242 = CARTESIAN_POINT('',(-32.,135.175,-6.394448724536));
#3243 = DIRECTION('',(-0.,1.,0.));
#3244 = DIRECTION('',(0.,0.,-1.));
#3245 = PCURVE('',#1146,#3246);
#3246 = DEFINITIONAL_REPRESENTATION('',(#3247),#3255);
#3247 = ( BOUNDED_CURVE() B_SPLINE_CURVE(2,(#3248,#3249,#3250,#3251,
#3252,#3253,#3254),.UNSPECIFIED.,.T.,.F.) B_SPLINE_CURVE_WITH_KNOTS((1,2
    ,2,2,2,1),(-2.094395102393,0.,2.094395102393,4.188790204786,
6.28318530718,8.377580409573),.UNSPECIFIED.) CURVE()
GEOMETRIC_REPRESENTATION_ITEM() RATIONAL_B_SPLINE_CURVE((1.,0.5,1.,0.5,
1.,0.5,1.)) REPRESENTATION_ITEM('') );
#3248 = CARTESIAN_POINT('',(9.004966057396,10.599891585297));
#3249 = CARTESIAN_POINT('',(9.004966057396,7.135789970159));
#3250 = CARTESIAN_POINT('',(6.004966057396,8.867840777728));
#3251 = CARTESIAN_POINT('',(3.004966057396,10.599891585297));
#3252 = CARTESIAN_POINT('',(6.004966057396,12.331942392866));
#3253 = CARTESIAN_POINT('',(9.004966057396,14.063993200435));
#3254 = CARTESIAN_POINT('',(9.004966057396,10.599891585297));
#3255 = ( GEOMETRIC_REPRESENTATION_CONTEXT(2)
PARAMETRIC_REPRESENTATION_CONTEXT() REPRESENTATION_CONTEXT('2D SPACE',''
  ) );
#3256 = PCURVE('',#3257,#3262);
#3257 = CYLINDRICAL_SURFACE('',#3258,2.);
#3258 = AXIS2_PLACEMENT_3D('',#3259,#3260,#3261);
#3259 = CARTESIAN_POINT('',(-32.,141.525,-6.394448724536));
#3260 = DIRECTION('',(0.,-1.,0.));
#3261 = DIRECTION('',(-0.832050294338,-0.,-0.554700196225));
#3262 = DEFINITIONAL_REPRESENTATION('',(#3263),#3267);
#3263 = LINE('',#3264,#3265);
#3264 = CARTESIAN_POINT('',(0.982793723247,6.35));
#3265 = VECTOR('',#3266,1.);
#3266 = DIRECTION('',(-1.,0.));
#3267 = ( GEOMETRIC_REPRESENTATION_CONTEXT(2)
PARAMETRIC_REPRESENTATION_CONTEXT() REPRESENTATION_CONTEXT('2D SPACE',''
  ) );
#3268 = ORIENTED_EDGE('',*,*,#3269,.T.);
#3269 = EDGE_CURVE('',#3237,#3270,#3272,.T.);
#3270 = VERTEX_POINT('',#3271);
#3271 = CARTESIAN_POINT('',(-34.,135.175,20.));
#3272 = SURFACE_CURVE('',#3273,(#3277,#3284),.PCURVE_S1.);
#3273 = LINE('',#3274,#3275);
#3274 = CARTESIAN_POINT('',(-34.,135.175,-7.));
#3275 = VECTOR('',#3276,1.);
#3276 = DIRECTION('',(0.,0.,1.));
#3277 = PCURVE('',#1146,#3278);
#3278 = DEFINITIONAL_REPRESENTATION('',(#3279),#3283);
#3279 = LINE('',#3280,#3281);
#3280 = CARTESIAN_POINT('',(7.61051733286,8.599891585297));
#3281 = VECTOR('',#3282,1.);
#3282 = DIRECTION('',(-1.,0.));
#3283 = ( GEOMETRIC_REPRESENTATION_CONTEXT(2)
PARAMETRIC_REPRESENTATION_CONTEXT() REPRESENTATION_CONTEXT('2D SPACE',''
  ) );
#3284 = PCURVE('',#3285,#3290);
#3285 = PLANE('',#3286);
#3286 = AXIS2_PLACEMENT_3D('',#3287,#3288,#3289);
#3287 = CARTESIAN_POINT('',(-34.,141.525,-7.));
#3288 = DIRECTION('',(-1.,0.,0.));
#3289 = DIRECTION('',(0.,0.,1.));
#3290 = DEFINITIONAL_REPRESENTATION('',(#3291),#3295);
#3291 = LINE('',#3292,#3293);
#3292 = CARTESIAN_POINT('',(0.,-6.35));
#3293 = VECTOR('',#3294,1.);
#3294 = DIRECTION('',(1.,0.));
#3295 = ( GEOMETRIC_REPRESENTATION_CONTEXT(2)
PARAMETRIC_REPRESENTATION_CONTEXT() REPRESENTATION_CONTEXT('2D SPACE',''
  ) );
#3296 = ORIENTED_EDGE('',*,*,#3297,.T.);
#3297 = EDGE_CURVE('',#3270,#3298,#3300,.T.);
#3298 = VERTEX_POINT('',#3299);
#3299 = CARTESIAN_POINT('',(-36.,135.175,22.));
#3300 = SURFACE_CURVE('',#3301,(#3306,#3313),.PCURVE_S1.);
#3301 = CIRCLE('',#3302,2.);
#3302 = AXIS2_PLACEMENT_3D('',#3303,#3304,#3305);
#3303 = CARTESIAN_POINT('',(-36.,135.175,20.));
#3304 = DIRECTION('',(0.,-1.,0.));
#3305 = DIRECTION('',(0.,-0.,-1.));
#3306 = PCURVE('',#1146,#3307);
#3307 = DEFINITIONAL_REPRESENTATION('',(#3308),#3312);
#3308 = CIRCLE('',#3309,2.);
#3309 = AXIS2_PLACEMENT_2D('',#3310,#3311);
#3310 = CARTESIAN_POINT('',(-19.38948266714,6.599891585297));
#3311 = DIRECTION('',(1.,0.));
#3312 = ( GEOMETRIC_REPRESENTATION_CONTEXT(2)
PARAMETRIC_REPRESENTATION_CONTEXT() REPRESENTATION_CONTEXT('2D SPACE',''
  ) );
#3313 = PCURVE('',#3314,#3319);
#3314 = CYLINDRICAL_SURFACE('',#3315,2.);
#3315 = AXIS2_PLACEMENT_3D('',#3316,#3317,#3318);
#3316 = CARTESIAN_POINT('',(-36.,141.525,20.));
#3317 = DIRECTION('',(0.,-1.,0.));
#3318 = DIRECTION('',(1.,0.,-0.));
#3319 = DEFINITIONAL_REPRESENTATION('',(#3320),#3324);
#3320 = LINE('',#3321,#3322);
#3321 = CARTESIAN_POINT('',(-1.570796326795,6.35));
#3322 = VECTOR('',#3323,1.);
#3323 = DIRECTION('',(1.,0.));
#3324 = ( GEOMETRIC_REPRESENTATION_CONTEXT(2)
PARAMETRIC_REPRESENTATION_CONTEXT() REPRESENTATION_CONTEXT('2D SPACE',''
  ) );
#3325 = ORIENTED_EDGE('',*,*,#3326,.T.);
#3326 = EDGE_CURVE('',#3298,#3327,#3329,.T.);
#3327 = VERTEX_POINT('',#3328);
#3328 = CARTESIAN_POINT('',(-50.,135.175,22.));
#3329 = SURFACE_CURVE('',#3330,(#3334,#3341),.PCURVE_S1.);
#3330 = LINE('',#3331,#3332);
#3331 = CARTESIAN_POINT('',(-34.,135.175,22.));
#3332 = VECTOR('',#3333,1.);
#3333 = DIRECTION('',(-1.,0.,0.));
#3334 = PCURVE('',#1146,#3335);
#3335 = DEFINITIONAL_REPRESENTATION('',(#3336),#3340);
#3336 = LINE('',#3337,#3338);
#3337 = CARTESIAN_POINT('',(-21.38948266714,8.599891585297));
#3338 = VECTOR('',#3339,1.);
#3339 = DIRECTION('',(0.,-1.));
#3340 = ( GEOMETRIC_REPRESENTATION_CONTEXT(2)
PARAMETRIC_REPRESENTATION_CONTEXT() REPRESENTATION_CONTEXT('2D SPACE',''
  ) );
#3341 = PCURVE('',#3342,#3347);
#3342 = PLANE('',#3343);
#3343 = AXIS2_PLACEMENT_3D('',#3344,#3345,#3346);
#3344 = CARTESIAN_POINT('',(-34.,141.525,22.));
#3345 = DIRECTION('',(-0.,-0.,-1.));
#3346 = DIRECTION('',(-1.,0.,0.));
#3347 = DEFINITIONAL_REPRESENTATION('',(#3348),#3352);
#3348 = LINE('',#3349,#3350);
#3349 = CARTESIAN_POINT('',(0.,-6.35));
#3350 = VECTOR('',#3351,1.);
#3351 = DIRECTION('',(1.,0.));
#3352 = ( GEOMETRIC_REPRESENTATION_CONTEXT(2)
PARAMETRIC_REPRESENTATION_CONTEXT() REPRESENTATION_CONTEXT('2D SPACE',''
  ) );
#3353 = ORIENTED_EDGE('',*,*,#3354,.T.);
#3354 = EDGE_CURVE('',#3327,#3355,#3357,.T.);
#3355 = VERTEX_POINT('',#3356);
#3356 = CARTESIAN_POINT('',(-52.,135.175,20.));
#3357 = SURFACE_CURVE('',#3358,(#3363,#3370),.PCURVE_S1.);
#3358 = CIRCLE('',#3359,2.);
#3359 = AXIS2_PLACEMENT_3D('',#3360,#3361,#3362);
#3360 = CARTESIAN_POINT('',(-50.,135.175,20.));
#3361 = DIRECTION('',(0.,-1.,0.));
#3362 = DIRECTION('',(0.,-0.,-1.));
#3363 = PCURVE('',#1146,#3364);
#3364 = DEFINITIONAL_REPRESENTATION('',(#3365),#3369);
#3365 = CIRCLE('',#3366,2.);
#3366 = AXIS2_PLACEMENT_2D('',#3367,#3368);
#3367 = CARTESIAN_POINT('',(-19.38948266714,-7.400108414703));
#3368 = DIRECTION('',(1.,0.));
#3369 = ( GEOMETRIC_REPRESENTATION_CONTEXT(2)
PARAMETRIC_REPRESENTATION_CONTEXT() REPRESENTATION_CONTEXT('2D SPACE',''
  ) );
#3370 = PCURVE('',#3371,#3376);
#3371 = CYLINDRICAL_SURFACE('',#3372,2.);
#3372 = AXIS2_PLACEMENT_3D('',#3373,#3374,#3375);
#3373 = CARTESIAN_POINT('',(-50.,141.525,20.));
#3374 = DIRECTION('',(0.,-1.,0.));
#3375 = DIRECTION('',(-0.,0.,1.));
#3376 = DEFINITIONAL_REPRESENTATION('',(#3377),#3381);
#3377 = LINE('',#3378,#3379);
#3378 = CARTESIAN_POINT('',(-3.14159265359,6.35));
#3379 = VECTOR('',#3380,1.);
#3380 = DIRECTION('',(1.,0.));
#3381 = ( GEOMETRIC_REPRESENTATION_CONTEXT(2)
PARAMETRIC_REPRESENTATION_CONTEXT() REPRESENTATION_CONTEXT('2D SPACE',''
  ) );
#3382 = ORIENTED_EDGE('',*,*,#3383,.T.);
#3383 = EDGE_CURVE('',#3355,#3104,#3384,.T.);
#3384 = SURFACE_CURVE('',#3385,(#3389,#3396),.PCURVE_S1.);
#3385 = LINE('',#3386,#3387);
#3386 = CARTESIAN_POINT('',(-52.,135.175,22.));
#3387 = VECTOR('',#3388,1.);
#3388 = DIRECTION('',(0.,0.,-1.));
#3389 = PCURVE('',#1146,#3390);
#3390 = DEFINITIONAL_REPRESENTATION('',(#3391),#3395);
#3391 = LINE('',#3392,#3393);
#3392 = CARTESIAN_POINT('',(-21.38948266714,-9.400108414703));
#3393 = VECTOR('',#3394,1.);
#3394 = DIRECTION('',(1.,0.));
#3395 = ( GEOMETRIC_REPRESENTATION_CONTEXT(2)
PARAMETRIC_REPRESENTATION_CONTEXT() REPRESENTATION_CONTEXT('2D SPACE',''
  ) );
#3396 = PCURVE('',#3141,#3397);
#3397 = DEFINITIONAL_REPRESENTATION('',(#3398),#3402);
#3398 = LINE('',#3399,#3400);
#3399 = CARTESIAN_POINT('',(0.,-6.35));
#3400 = VECTOR('',#3401,1.);
#3401 = DIRECTION('',(1.,0.));
#3402 = ( GEOMETRIC_REPRESENTATION_CONTEXT(2)
PARAMETRIC_REPRESENTATION_CONTEXT() REPRESENTATION_CONTEXT('2D SPACE',''
  ) );
#3403 = ORIENTED_EDGE('',*,*,#3103,.T.);
#3404 = ORIENTED_EDGE('',*,*,#1130,.T.);
#3405 = ORIENTED_EDGE('',*,*,#3180,.T.);
#3406 = ORIENTED_EDGE('',*,*,#3407,.T.);
#3407 = EDGE_CURVE('',#3158,#3408,#3410,.T.);
#3408 = VERTEX_POINT('',#3409);
#3409 = CARTESIAN_POINT('',(-32.,135.175,-10.60555127546));
#3410 = SURFACE_CURVE('',#3411,(#3415,#3422),.PCURVE_S1.);
#3411 = LINE('',#3412,#3413);
#3412 = CARTESIAN_POINT('',(-32.,135.175,-20.));
#3413 = VECTOR('',#3414,1.);
#3414 = DIRECTION('',(0.,0.,1.));
#3415 = PCURVE('',#1146,#3416);
#3416 = DEFINITIONAL_REPRESENTATION('',(#3417),#3421);
#3417 = LINE('',#3418,#3419);
#3418 = CARTESIAN_POINT('',(20.61051733286,10.599891585297));
#3419 = VECTOR('',#3420,1.);
#3420 = DIRECTION('',(-1.,0.));
#3421 = ( GEOMETRIC_REPRESENTATION_CONTEXT(2)
PARAMETRIC_REPRESENTATION_CONTEXT() REPRESENTATION_CONTEXT('2D SPACE',''
  ) );
#3422 = PCURVE('',#1644,#3423);
#3423 = DEFINITIONAL_REPRESENTATION('',(#3424),#3428);
#3424 = LINE('',#3425,#3426);
#3425 = CARTESIAN_POINT('',(0.,-6.35));
#3426 = VECTOR('',#3427,1.);
#3427 = DIRECTION('',(1.,0.));
#3428 = ( GEOMETRIC_REPRESENTATION_CONTEXT(2)
PARAMETRIC_REPRESENTATION_CONTEXT() REPRESENTATION_CONTEXT('2D SPACE',''
  ) );
#3429 = ORIENTED_EDGE('',*,*,#3430,.F.);
#3430 = EDGE_CURVE('',#3207,#3408,#3431,.T.);
#3431 = SURFACE_CURVE('',#3432,(#3437,#3448),.PCURVE_S1.);
#3432 = CIRCLE('',#3433,2.);
#3433 = AXIS2_PLACEMENT_3D('',#3434,#3435,#3436);
#3434 = CARTESIAN_POINT('',(-34.,135.175,-10.60555127546));
#3435 = DIRECTION('',(-0.,1.,0.));
#3436 = DIRECTION('',(0.,0.,-1.));
#3437 = PCURVE('',#1146,#3438);
#3438 = DEFINITIONAL_REPRESENTATION('',(#3439),#3447);
#3439 = ( BOUNDED_CURVE() B_SPLINE_CURVE(2,(#3440,#3441,#3442,#3443,
#3444,#3445,#3446),.UNSPECIFIED.,.T.,.F.) B_SPLINE_CURVE_WITH_KNOTS((1,2
    ,2,2,2,1),(-2.094395102393,0.,2.094395102393,4.188790204786,
6.28318530718,8.377580409573),.UNSPECIFIED.) CURVE()
GEOMETRIC_REPRESENTATION_ITEM() RATIONAL_B_SPLINE_CURVE((1.,0.5,1.,0.5,
1.,0.5,1.)) REPRESENTATION_ITEM('') );
#3440 = CARTESIAN_POINT('',(13.216068608324,8.599891585297));
#3441 = CARTESIAN_POINT('',(13.216068608324,5.135789970159));
#3442 = CARTESIAN_POINT('',(10.216068608324,6.867840777728));
#3443 = CARTESIAN_POINT('',(7.216068608324,8.599891585297));
#3444 = CARTESIAN_POINT('',(10.216068608324,10.331942392866));
#3445 = CARTESIAN_POINT('',(13.216068608324,12.063993200435));
#3446 = CARTESIAN_POINT('',(13.216068608324,8.599891585297));
#3447 = ( GEOMETRIC_REPRESENTATION_CONTEXT(2)
PARAMETRIC_REPRESENTATION_CONTEXT() REPRESENTATION_CONTEXT('2D SPACE',''
  ) );
#3448 = PCURVE('',#1618,#3449);
#3449 = DEFINITIONAL_REPRESENTATION('',(#3450),#3454);
#3450 = LINE('',#3451,#3452);
#3451 = CARTESIAN_POINT('',(4.124386376837,6.35));
#3452 = VECTOR('',#3453,1.);
#3453 = DIRECTION('',(-1.,0.));
#3454 = ( GEOMETRIC_REPRESENTATION_CONTEXT(2)
PARAMETRIC_REPRESENTATION_CONTEXT() REPRESENTATION_CONTEXT('2D SPACE',''
  ) );
#3455 = ADVANCED_FACE('',(#3456),#1644,.F.);
#3456 = FACE_BOUND('',#3457,.F.);
#3457 = EDGE_LOOP('',(#3458,#3459,#3460,#3461));
#3458 = ORIENTED_EDGE('',*,*,#1630,.F.);
#3459 = ORIENTED_EDGE('',*,*,#3157,.T.);
#3460 = ORIENTED_EDGE('',*,*,#3407,.T.);
#3461 = ORIENTED_EDGE('',*,*,#3462,.F.);
#3462 = EDGE_CURVE('',#1598,#3408,#3463,.T.);
#3463 = SURFACE_CURVE('',#3464,(#3468,#3475),.PCURVE_S1.);
#3464 = LINE('',#3465,#3466);
#3465 = CARTESIAN_POINT('',(-32.,141.525,-10.60555127546));
#3466 = VECTOR('',#3467,1.);
#3467 = DIRECTION('',(0.,-1.,0.));
#3468 = PCURVE('',#1644,#3469);
#3469 = DEFINITIONAL_REPRESENTATION('',(#3470),#3474);
#3470 = LINE('',#3471,#3472);
#3471 = CARTESIAN_POINT('',(9.394448724536,0.));
#3472 = VECTOR('',#3473,1.);
#3473 = DIRECTION('',(0.,-1.));
#3474 = ( GEOMETRIC_REPRESENTATION_CONTEXT(2)
PARAMETRIC_REPRESENTATION_CONTEXT() REPRESENTATION_CONTEXT('2D SPACE',''
  ) );
#3475 = PCURVE('',#1618,#3476);
#3476 = DEFINITIONAL_REPRESENTATION('',(#3477),#3481);
#3477 = LINE('',#3478,#3479);
#3478 = CARTESIAN_POINT('',(-0.588002603548,0.));
#3479 = VECTOR('',#3480,1.);
#3480 = DIRECTION('',(-0.,1.));
#3481 = ( GEOMETRIC_REPRESENTATION_CONTEXT(2)
PARAMETRIC_REPRESENTATION_CONTEXT() REPRESENTATION_CONTEXT('2D SPACE',''
  ) );
#3482 = ADVANCED_FACE('',(#3483),#1618,.T.);
#3483 = FACE_BOUND('',#3484,.F.);
#3484 = EDGE_LOOP('',(#3485,#3518,#3519,#3520,#3521));
#3485 = ORIENTED_EDGE('',*,*,#3486,.T.);
#3486 = EDGE_CURVE('',#3487,#1565,#3489,.T.);
#3487 = VERTEX_POINT('',#3488);
#3488 = CARTESIAN_POINT('',(-32.33589941132,141.525,-9.496150883014));
#3489 = SURFACE_CURVE('',#3490,(#3495,#3502),.PCURVE_S1.);
#3490 = CIRCLE('',#3491,2.);
#3491 = AXIS2_PLACEMENT_3D('',#3492,#3493,#3494);
#3492 = CARTESIAN_POINT('',(-34.,141.525,-10.60555127546));
#3493 = DIRECTION('',(-0.,1.,0.));
#3494 = DIRECTION('',(0.,0.,-1.));
#3495 = PCURVE('',#1618,#3496);
#3496 = DEFINITIONAL_REPRESENTATION('',(#3497),#3501);
#3497 = LINE('',#3498,#3499);
#3498 = CARTESIAN_POINT('',(4.124386376837,-0.));
#3499 = VECTOR('',#3500,1.);
#3500 = DIRECTION('',(-1.,0.));
#3501 = ( GEOMETRIC_REPRESENTATION_CONTEXT(2)
PARAMETRIC_REPRESENTATION_CONTEXT() REPRESENTATION_CONTEXT('2D SPACE',''
  ) );
#3502 = PCURVE('',#3503,#3508);
#3503 = PLANE('',#3504);
#3504 = AXIS2_PLACEMENT_3D('',#3505,#3506,#3507);
#3505 = CARTESIAN_POINT('',(-42.59989158529,141.525,0.61051733286));
#3506 = DIRECTION('',(-0.,-1.,-0.));
#3507 = DIRECTION('',(0.,0.,-1.));
#3508 = DEFINITIONAL_REPRESENTATION('',(#3509),#3517);
#3509 = ( BOUNDED_CURVE() B_SPLINE_CURVE(2,(#3510,#3511,#3512,#3513,
#3514,#3515,#3516),.UNSPECIFIED.,.T.,.F.) B_SPLINE_CURVE_WITH_KNOTS((1,2
    ,2,2,2,1),(-2.094395102393,0.,2.094395102393,4.188790204786,
6.28318530718,8.377580409573),.UNSPECIFIED.) CURVE()
GEOMETRIC_REPRESENTATION_ITEM() RATIONAL_B_SPLINE_CURVE((1.,0.5,1.,0.5,
1.,0.5,1.)) REPRESENTATION_ITEM('') );
#3510 = CARTESIAN_POINT('',(13.216068608324,8.599891585297));
#3511 = CARTESIAN_POINT('',(13.216068608324,5.135789970159));
#3512 = CARTESIAN_POINT('',(10.216068608324,6.867840777728));
#3513 = CARTESIAN_POINT('',(7.216068608324,8.599891585297));
#3514 = CARTESIAN_POINT('',(10.216068608324,10.331942392866));
#3515 = CARTESIAN_POINT('',(13.216068608324,12.063993200435));
#3516 = CARTESIAN_POINT('',(13.216068608324,8.599891585297));
#3517 = ( GEOMETRIC_REPRESENTATION_CONTEXT(2)
PARAMETRIC_REPRESENTATION_CONTEXT() REPRESENTATION_CONTEXT('2D SPACE',''
  ) );
#3518 = ORIENTED_EDGE('',*,*,#1597,.T.);
#3519 = ORIENTED_EDGE('',*,*,#3462,.T.);
#3520 = ORIENTED_EDGE('',*,*,#3430,.F.);
#3521 = ORIENTED_EDGE('',*,*,#3522,.F.);
#3522 = EDGE_CURVE('',#3487,#3207,#3523,.T.);
#3523 = SURFACE_CURVE('',#3524,(#3528,#3535),.PCURVE_S1.);
#3524 = LINE('',#3525,#3526);
#3525 = CARTESIAN_POINT('',(-32.33589941132,141.525,-9.496150883014));
#3526 = VECTOR('',#3527,1.);
#3527 = DIRECTION('',(0.,-1.,0.));
#3528 = PCURVE('',#1618,#3529);
#3529 = DEFINITIONAL_REPRESENTATION('',(#3530),#3534);
#3530 = LINE('',#3531,#3532);
#3531 = CARTESIAN_POINT('',(-0.,0.));
#3532 = VECTOR('',#3533,1.);
#3533 = DIRECTION('',(-0.,1.));
#3534 = ( GEOMETRIC_REPRESENTATION_CONTEXT(2)
PARAMETRIC_REPRESENTATION_CONTEXT() REPRESENTATION_CONTEXT('2D SPACE',''
  ) );
#3535 = PCURVE('',#3224,#3536);
#3536 = DEFINITIONAL_REPRESENTATION('',(#3537),#3541);
#3537 = LINE('',#3538,#3539);
#3538 = CARTESIAN_POINT('',(0.605551275464,0.));
#3539 = VECTOR('',#3540,1.);
#3540 = DIRECTION('',(0.,-1.));
#3541 = ( GEOMETRIC_REPRESENTATION_CONTEXT(2)
PARAMETRIC_REPRESENTATION_CONTEXT() REPRESENTATION_CONTEXT('2D SPACE',''
  ) );
#3542 = ADVANCED_FACE('',(#3543),#1585,.F.);
#3543 = FACE_BOUND('',#3544,.T.);
#3544 = EDGE_LOOP('',(#3545,#3566,#3567,#3590,#3616));
#3545 = ORIENTED_EDGE('',*,*,#3546,.F.);
#3546 = EDGE_CURVE('',#2152,#1537,#3547,.T.);
#3547 = SURFACE_CURVE('',#3548,(#3552,#3559),.PCURVE_S1.);
#3548 = LINE('',#3549,#3550);
#3549 = CARTESIAN_POINT('',(-32.,151.05,-10.));
#3550 = VECTOR('',#3551,1.);
#3551 = DIRECTION('',(0.,-1.,0.));
#3552 = PCURVE('',#1585,#3553);
#3553 = DEFINITIONAL_REPRESENTATION('',(#3554),#3558);
#3554 = LINE('',#3555,#3556);
#3555 = CARTESIAN_POINT('',(-0.,0.));
#3556 = VECTOR('',#3557,1.);
#3557 = DIRECTION('',(-0.,1.));
#3558 = ( GEOMETRIC_REPRESENTATION_CONTEXT(2)
PARAMETRIC_REPRESENTATION_CONTEXT() REPRESENTATION_CONTEXT('2D SPACE',''
  ) );
#3559 = PCURVE('',#1552,#3560);
#3560 = DEFINITIONAL_REPRESENTATION('',(#3561),#3565);
#3561 = LINE('',#3562,#3563);
#3562 = CARTESIAN_POINT('',(8.,0.));
#3563 = VECTOR('',#3564,1.);
#3564 = DIRECTION('',(0.,-1.));
#3565 = ( GEOMETRIC_REPRESENTATION_CONTEXT(2)
PARAMETRIC_REPRESENTATION_CONTEXT() REPRESENTATION_CONTEXT('2D SPACE',''
  ) );
#3566 = ORIENTED_EDGE('',*,*,#2151,.F.);
#3567 = ORIENTED_EDGE('',*,*,#3568,.T.);
#3568 = EDGE_CURVE('',#2126,#3569,#3571,.T.);
#3569 = VERTEX_POINT('',#3570);
#3570 = CARTESIAN_POINT('',(-34.,141.525,-8.));
#3571 = SURFACE_CURVE('',#3572,(#3576,#3583),.PCURVE_S1.);
#3572 = LINE('',#3573,#3574);
#3573 = CARTESIAN_POINT('',(-34.,151.05,-8.));
#3574 = VECTOR('',#3575,1.);
#3575 = DIRECTION('',(0.,-1.,0.));
#3576 = PCURVE('',#1585,#3577);
#3577 = DEFINITIONAL_REPRESENTATION('',(#3578),#3582);
#3578 = LINE('',#3579,#3580);
#3579 = CARTESIAN_POINT('',(-1.570796326795,0.));
#3580 = VECTOR('',#3581,1.);
#3581 = DIRECTION('',(-0.,1.));
#3582 = ( GEOMETRIC_REPRESENTATION_CONTEXT(2)
PARAMETRIC_REPRESENTATION_CONTEXT() REPRESENTATION_CONTEXT('2D SPACE',''
  ) );
#3583 = PCURVE('',#2140,#3584);
#3584 = DEFINITIONAL_REPRESENTATION('',(#3585),#3589);
#3585 = LINE('',#3586,#3587);
#3586 = CARTESIAN_POINT('',(2.,0.));
#3587 = VECTOR('',#3588,1.);
#3588 = DIRECTION('',(0.,-1.));
#3589 = ( GEOMETRIC_REPRESENTATION_CONTEXT(2)
PARAMETRIC_REPRESENTATION_CONTEXT() REPRESENTATION_CONTEXT('2D SPACE',''
  ) );
#3590 = ORIENTED_EDGE('',*,*,#3591,.F.);
#3591 = EDGE_CURVE('',#1565,#3569,#3592,.T.);
#3592 = SURFACE_CURVE('',#3593,(#3598,#3605),.PCURVE_S1.);
#3593 = CIRCLE('',#3594,2.);
#3594 = AXIS2_PLACEMENT_3D('',#3595,#3596,#3597);
#3595 = CARTESIAN_POINT('',(-32.,141.525,-8.));
#3596 = DIRECTION('',(-0.,1.,0.));
#3597 = DIRECTION('',(0.,0.,-1.));
#3598 = PCURVE('',#1585,#3599);
#3599 = DEFINITIONAL_REPRESENTATION('',(#3600),#3604);
#3600 = LINE('',#3601,#3602);
#3601 = CARTESIAN_POINT('',(-0.,9.525));
#3602 = VECTOR('',#3603,1.);
#3603 = DIRECTION('',(-1.,0.));
#3604 = ( GEOMETRIC_REPRESENTATION_CONTEXT(2)
PARAMETRIC_REPRESENTATION_CONTEXT() REPRESENTATION_CONTEXT('2D SPACE',''
  ) );
#3605 = PCURVE('',#3503,#3606);
#3606 = DEFINITIONAL_REPRESENTATION('',(#3607),#3615);
#3607 = ( BOUNDED_CURVE() B_SPLINE_CURVE(2,(#3608,#3609,#3610,#3611,
#3612,#3613,#3614),.UNSPECIFIED.,.T.,.F.) B_SPLINE_CURVE_WITH_KNOTS((1,2
    ,2,2,2,1),(-2.094395102393,0.,2.094395102393,4.188790204786,
6.28318530718,8.377580409573),.UNSPECIFIED.) CURVE()
GEOMETRIC_REPRESENTATION_ITEM() RATIONAL_B_SPLINE_CURVE((1.,0.5,1.,0.5,
1.,0.5,1.)) REPRESENTATION_ITEM('') );
#3608 = CARTESIAN_POINT('',(10.61051733286,10.599891585297));
#3609 = CARTESIAN_POINT('',(10.61051733286,7.135789970159));
#3610 = CARTESIAN_POINT('',(7.61051733286,8.867840777728));
#3611 = CARTESIAN_POINT('',(4.61051733286,10.599891585297));
#3612 = CARTESIAN_POINT('',(7.61051733286,12.331942392866));
#3613 = CARTESIAN_POINT('',(10.61051733286,14.063993200435));
#3614 = CARTESIAN_POINT('',(10.61051733286,10.599891585297));
#3615 = ( GEOMETRIC_REPRESENTATION_CONTEXT(2)
PARAMETRIC_REPRESENTATION_CONTEXT() REPRESENTATION_CONTEXT('2D SPACE',''
  ) );
#3616 = ORIENTED_EDGE('',*,*,#1564,.F.);
#3617 = ADVANCED_FACE('',(#3618),#1552,.F.);
#3618 = FACE_BOUND('',#3619,.F.);
#3619 = EDGE_LOOP('',(#3620,#3621,#3642,#3643));
#3620 = ORIENTED_EDGE('',*,*,#2179,.T.);
#3621 = ORIENTED_EDGE('',*,*,#3622,.T.);
#3622 = EDGE_CURVE('',#2180,#1504,#3623,.T.);
#3623 = SURFACE_CURVE('',#3624,(#3628,#3635),.PCURVE_S1.);
#3624 = LINE('',#3625,#3626);
#3625 = CARTESIAN_POINT('',(-26.,151.05,-10.));
#3626 = VECTOR('',#3627,1.);
#3627 = DIRECTION('',(0.,-1.,0.));
#3628 = PCURVE('',#1552,#3629);
#3629 = DEFINITIONAL_REPRESENTATION('',(#3630),#3634);
#3630 = LINE('',#3631,#3632);
#3631 = CARTESIAN_POINT('',(2.,0.));
#3632 = VECTOR('',#3633,1.);
#3633 = DIRECTION('',(0.,-1.));
#3634 = ( GEOMETRIC_REPRESENTATION_CONTEXT(2)
PARAMETRIC_REPRESENTATION_CONTEXT() REPRESENTATION_CONTEXT('2D SPACE',''
  ) );
#3635 = PCURVE('',#1524,#3636);
#3636 = DEFINITIONAL_REPRESENTATION('',(#3637),#3641);
#3637 = LINE('',#3638,#3639);
#3638 = CARTESIAN_POINT('',(-1.570796326795,0.));
#3639 = VECTOR('',#3640,1.);
#3640 = DIRECTION('',(-0.,1.));
#3641 = ( GEOMETRIC_REPRESENTATION_CONTEXT(2)
PARAMETRIC_REPRESENTATION_CONTEXT() REPRESENTATION_CONTEXT('2D SPACE',''
  ) );
#3642 = ORIENTED_EDGE('',*,*,#1536,.T.);
#3643 = ORIENTED_EDGE('',*,*,#3546,.F.);
#3644 = ADVANCED_FACE('',(#3645),#1524,.F.);
#3645 = FACE_BOUND('',#3646,.T.);
#3646 = EDGE_LOOP('',(#3647,#3668,#3669,#3670));
#3647 = ORIENTED_EDGE('',*,*,#3648,.F.);
#3648 = EDGE_CURVE('',#2201,#1476,#3649,.T.);
#3649 = SURFACE_CURVE('',#3650,(#3654,#3661),.PCURVE_S1.);
#3650 = LINE('',#3651,#3652);
#3651 = CARTESIAN_POINT('',(-24.,151.05,-8.));
#3652 = VECTOR('',#3653,1.);
#3653 = DIRECTION('',(0.,-1.,0.));
#3654 = PCURVE('',#1524,#3655);
#3655 = DEFINITIONAL_REPRESENTATION('',(#3656),#3660);
#3656 = LINE('',#3657,#3658);
#3657 = CARTESIAN_POINT('',(-0.,0.));
#3658 = VECTOR('',#3659,1.);
#3659 = DIRECTION('',(-0.,1.));
#3660 = ( GEOMETRIC_REPRESENTATION_CONTEXT(2)
PARAMETRIC_REPRESENTATION_CONTEXT() REPRESENTATION_CONTEXT('2D SPACE',''
  ) );
#3661 = PCURVE('',#1491,#3662);
#3662 = DEFINITIONAL_REPRESENTATION('',(#3663),#3667);
#3663 = LINE('',#3664,#3665);
#3664 = CARTESIAN_POINT('',(28.,0.));
#3665 = VECTOR('',#3666,1.);
#3666 = DIRECTION('',(0.,-1.));
#3667 = ( GEOMETRIC_REPRESENTATION_CONTEXT(2)
PARAMETRIC_REPRESENTATION_CONTEXT() REPRESENTATION_CONTEXT('2D SPACE',''
  ) );
#3668 = ORIENTED_EDGE('',*,*,#2200,.F.);
#3669 = ORIENTED_EDGE('',*,*,#3622,.T.);
#3670 = ORIENTED_EDGE('',*,*,#1503,.F.);
#3671 = ADVANCED_FACE('',(#3672),#1491,.F.);
#3672 = FACE_BOUND('',#3673,.F.);
#3673 = EDGE_LOOP('',(#3674,#3675,#3676,#3677));
#3674 = ORIENTED_EDGE('',*,*,#2228,.T.);
#3675 = ORIENTED_EDGE('',*,*,#2350,.T.);
#3676 = ORIENTED_EDGE('',*,*,#1475,.T.);
#3677 = ORIENTED_EDGE('',*,*,#3648,.F.);
#3678 = ADVANCED_FACE('',(#3679),#1290,.T.);
#3679 = FACE_BOUND('',#3680,.T.);
#3680 = EDGE_LOOP('',(#3681,#3705,#3706,#3729,#3753));
#3681 = ORIENTED_EDGE('',*,*,#3682,.T.);
#3682 = EDGE_CURVE('',#3683,#1274,#3685,.T.);
#3683 = VERTEX_POINT('',#3684);
#3684 = CARTESIAN_POINT('',(32.335899411324,141.525,-9.496150883014));
#3685 = SURFACE_CURVE('',#3686,(#3691,#3698),.PCURVE_S1.);
#3686 = CIRCLE('',#3687,2.);
#3687 = AXIS2_PLACEMENT_3D('',#3688,#3689,#3690);
#3688 = CARTESIAN_POINT('',(34.,141.525,-10.60555127546));
#3689 = DIRECTION('',(0.,-1.,0.));
#3690 = DIRECTION('',(0.,-0.,-1.));
#3691 = PCURVE('',#1290,#3692);
#3692 = DEFINITIONAL_REPRESENTATION('',(#3693),#3697);
#3693 = LINE('',#3694,#3695);
#3694 = CARTESIAN_POINT('',(-4.124386376837,0.));
#3695 = VECTOR('',#3696,1.);
#3696 = DIRECTION('',(1.,0.));
#3697 = ( GEOMETRIC_REPRESENTATION_CONTEXT(2)
PARAMETRIC_REPRESENTATION_CONTEXT() REPRESENTATION_CONTEXT('2D SPACE',''
  ) );
#3698 = PCURVE('',#2901,#3699);
#3699 = DEFINITIONAL_REPRESENTATION('',(#3700),#3704);
#3700 = CIRCLE('',#3701,2.);
#3701 = AXIS2_PLACEMENT_2D('',#3702,#3703);
#3702 = CARTESIAN_POINT('',(11.216068608324,-8.599891585297));
#3703 = DIRECTION('',(1.,0.));
#3704 = ( GEOMETRIC_REPRESENTATION_CONTEXT(2)
PARAMETRIC_REPRESENTATION_CONTEXT() REPRESENTATION_CONTEXT('2D SPACE',''
  ) );
#3705 = ORIENTED_EDGE('',*,*,#1273,.T.);
#3706 = ORIENTED_EDGE('',*,*,#3707,.T.);
#3707 = EDGE_CURVE('',#1246,#3708,#3710,.T.);
#3708 = VERTEX_POINT('',#3709);
#3709 = CARTESIAN_POINT('',(32.,135.175,-10.60555127546));
#3710 = SURFACE_CURVE('',#3711,(#3715,#3722),.PCURVE_S1.);
#3711 = LINE('',#3712,#3713);
#3712 = CARTESIAN_POINT('',(32.,141.525,-10.60555127546));
#3713 = VECTOR('',#3714,1.);
#3714 = DIRECTION('',(0.,-1.,0.));
#3715 = PCURVE('',#1290,#3716);
#3716 = DEFINITIONAL_REPRESENTATION('',(#3717),#3721);
#3717 = LINE('',#3718,#3719);
#3718 = CARTESIAN_POINT('',(0.588002603548,0.));
#3719 = VECTOR('',#3720,1.);
#3720 = DIRECTION('',(0.,1.));
#3721 = ( GEOMETRIC_REPRESENTATION_CONTEXT(2)
PARAMETRIC_REPRESENTATION_CONTEXT() REPRESENTATION_CONTEXT('2D SPACE',''
  ) );
#3722 = PCURVE('',#1261,#3723);
#3723 = DEFINITIONAL_REPRESENTATION('',(#3724),#3728);
#3724 = LINE('',#3725,#3726);
#3725 = CARTESIAN_POINT('',(0.605551275464,0.));
#3726 = VECTOR('',#3727,1.);
#3727 = DIRECTION('',(0.,-1.));
#3728 = ( GEOMETRIC_REPRESENTATION_CONTEXT(2)
PARAMETRIC_REPRESENTATION_CONTEXT() REPRESENTATION_CONTEXT('2D SPACE',''
  ) );
#3729 = ORIENTED_EDGE('',*,*,#3730,.F.);
#3730 = EDGE_CURVE('',#3731,#3708,#3733,.T.);
#3731 = VERTEX_POINT('',#3732);
#3732 = CARTESIAN_POINT('',(32.335899411324,135.175,-9.496150883014));
#3733 = SURFACE_CURVE('',#3734,(#3739,#3746),.PCURVE_S1.);
#3734 = CIRCLE('',#3735,2.);
#3735 = AXIS2_PLACEMENT_3D('',#3736,#3737,#3738);
#3736 = CARTESIAN_POINT('',(34.,135.175,-10.60555127546));
#3737 = DIRECTION('',(0.,-1.,0.));
#3738 = DIRECTION('',(0.,-0.,-1.));
#3739 = PCURVE('',#1290,#3740);
#3740 = DEFINITIONAL_REPRESENTATION('',(#3741),#3745);
#3741 = LINE('',#3742,#3743);
#3742 = CARTESIAN_POINT('',(-4.124386376837,6.35));
#3743 = VECTOR('',#3744,1.);
#3744 = DIRECTION('',(1.,0.));
#3745 = ( GEOMETRIC_REPRESENTATION_CONTEXT(2)
PARAMETRIC_REPRESENTATION_CONTEXT() REPRESENTATION_CONTEXT('2D SPACE',''
  ) );
#3746 = PCURVE('',#1889,#3747);
#3747 = DEFINITIONAL_REPRESENTATION('',(#3748),#3752);
#3748 = CIRCLE('',#3749,2.);
#3749 = AXIS2_PLACEMENT_2D('',#3750,#3751);
#3750 = CARTESIAN_POINT('',(11.216068608324,-8.599891585297));
#3751 = DIRECTION('',(1.,0.));
#3752 = ( GEOMETRIC_REPRESENTATION_CONTEXT(2)
PARAMETRIC_REPRESENTATION_CONTEXT() REPRESENTATION_CONTEXT('2D SPACE',''
  ) );
#3753 = ORIENTED_EDGE('',*,*,#3754,.F.);
#3754 = EDGE_CURVE('',#3683,#3731,#3755,.T.);
#3755 = SURFACE_CURVE('',#3756,(#3760,#3767),.PCURVE_S1.);
#3756 = LINE('',#3757,#3758);
#3757 = CARTESIAN_POINT('',(32.335899411324,141.525,-9.496150883014));
#3758 = VECTOR('',#3759,1.);
#3759 = DIRECTION('',(0.,-1.,0.));
#3760 = PCURVE('',#1290,#3761);
#3761 = DEFINITIONAL_REPRESENTATION('',(#3762),#3766);
#3762 = LINE('',#3763,#3764);
#3763 = CARTESIAN_POINT('',(0.,0.));
#3764 = VECTOR('',#3765,1.);
#3765 = DIRECTION('',(0.,1.));
#3766 = ( GEOMETRIC_REPRESENTATION_CONTEXT(2)
PARAMETRIC_REPRESENTATION_CONTEXT() REPRESENTATION_CONTEXT('2D SPACE',''
  ) );
#3767 = PCURVE('',#3768,#3773);
#3768 = PLANE('',#3769);
#3769 = AXIS2_PLACEMENT_3D('',#3770,#3771,#3772);
#3770 = CARTESIAN_POINT('',(34.,141.525,-7.));
#3771 = DIRECTION('',(0.832050294338,0.,-0.554700196225));
#3772 = DIRECTION('',(-0.554700196225,0.,-0.832050294338));
#3773 = DEFINITIONAL_REPRESENTATION('',(#3774),#3778);
#3774 = LINE('',#3775,#3776);
#3775 = CARTESIAN_POINT('',(3.,0.));
#3776 = VECTOR('',#3777,1.);
#3777 = DIRECTION('',(-0.,-1.));
#3778 = ( GEOMETRIC_REPRESENTATION_CONTEXT(2)
PARAMETRIC_REPRESENTATION_CONTEXT() REPRESENTATION_CONTEXT('2D SPACE',''
  ) );
#3779 = ADVANCED_FACE('',(#3780),#1261,.F.);
#3780 = FACE_BOUND('',#3781,.F.);
#3781 = EDGE_LOOP('',(#3782,#3783,#3784,#3807));
#3782 = ORIENTED_EDGE('',*,*,#1245,.F.);
#3783 = ORIENTED_EDGE('',*,*,#3707,.T.);
#3784 = ORIENTED_EDGE('',*,*,#3785,.T.);
#3785 = EDGE_CURVE('',#3708,#3786,#3788,.T.);
#3786 = VERTEX_POINT('',#3787);
#3787 = CARTESIAN_POINT('',(32.,135.175,-18.));
#3788 = SURFACE_CURVE('',#3789,(#3793,#3800),.PCURVE_S1.);
#3789 = LINE('',#3790,#3791);
#3790 = CARTESIAN_POINT('',(32.,135.175,-10.));
#3791 = VECTOR('',#3792,1.);
#3792 = DIRECTION('',(0.,0.,-1.));
#3793 = PCURVE('',#1261,#3794);
#3794 = DEFINITIONAL_REPRESENTATION('',(#3795),#3799);
#3795 = LINE('',#3796,#3797);
#3796 = CARTESIAN_POINT('',(0.,-6.35));
#3797 = VECTOR('',#3798,1.);
#3798 = DIRECTION('',(1.,0.));
#3799 = ( GEOMETRIC_REPRESENTATION_CONTEXT(2)
PARAMETRIC_REPRESENTATION_CONTEXT() REPRESENTATION_CONTEXT('2D SPACE',''
  ) );
#3800 = PCURVE('',#1889,#3801);
#3801 = DEFINITIONAL_REPRESENTATION('',(#3802),#3806);
#3802 = LINE('',#3803,#3804);
#3803 = CARTESIAN_POINT('',(10.61051733286,-10.59989158529));
#3804 = VECTOR('',#3805,1.);
#3805 = DIRECTION('',(1.,0.));
#3806 = ( GEOMETRIC_REPRESENTATION_CONTEXT(2)
PARAMETRIC_REPRESENTATION_CONTEXT() REPRESENTATION_CONTEXT('2D SPACE',''
  ) );
#3807 = ORIENTED_EDGE('',*,*,#3808,.F.);
#3808 = EDGE_CURVE('',#1213,#3786,#3809,.T.);
#3809 = SURFACE_CURVE('',#3810,(#3814,#3821),.PCURVE_S1.);
#3810 = LINE('',#3811,#3812);
#3811 = CARTESIAN_POINT('',(32.,141.525,-18.));
#3812 = VECTOR('',#3813,1.);
#3813 = DIRECTION('',(0.,-1.,0.));
#3814 = PCURVE('',#1261,#3815);
#3815 = DEFINITIONAL_REPRESENTATION('',(#3816),#3820);
#3816 = LINE('',#3817,#3818);
#3817 = CARTESIAN_POINT('',(8.,0.));
#3818 = VECTOR('',#3819,1.);
#3819 = DIRECTION('',(0.,-1.));
#3820 = ( GEOMETRIC_REPRESENTATION_CONTEXT(2)
PARAMETRIC_REPRESENTATION_CONTEXT() REPRESENTATION_CONTEXT('2D SPACE',''
  ) );
#3821 = PCURVE('',#1233,#3822);
#3822 = DEFINITIONAL_REPRESENTATION('',(#3823),#3827);
#3823 = LINE('',#3824,#3825);
#3824 = CARTESIAN_POINT('',(-1.570796326795,0.));
#3825 = VECTOR('',#3826,1.);
#3826 = DIRECTION('',(-0.,1.));
#3827 = ( GEOMETRIC_REPRESENTATION_CONTEXT(2)
PARAMETRIC_REPRESENTATION_CONTEXT() REPRESENTATION_CONTEXT('2D SPACE',''
  ) );
#3828 = ADVANCED_FACE('',(#3829),#1233,.T.);
#3829 = FACE_BOUND('',#3830,.F.);
#3830 = EDGE_LOOP('',(#3831,#3832,#3833,#3859));
#3831 = ORIENTED_EDGE('',*,*,#1212,.T.);
#3832 = ORIENTED_EDGE('',*,*,#3808,.T.);
#3833 = ORIENTED_EDGE('',*,*,#3834,.F.);
#3834 = EDGE_CURVE('',#1851,#3786,#3835,.T.);
#3835 = SURFACE_CURVE('',#3836,(#3841,#3848),.PCURVE_S1.);
#3836 = CIRCLE('',#3837,2.);
#3837 = AXIS2_PLACEMENT_3D('',#3838,#3839,#3840);
#3838 = CARTESIAN_POINT('',(34.,135.175,-18.));
#3839 = DIRECTION('',(-0.,1.,0.));
#3840 = DIRECTION('',(0.,0.,-1.));
#3841 = PCURVE('',#1233,#3842);
#3842 = DEFINITIONAL_REPRESENTATION('',(#3843),#3847);
#3843 = LINE('',#3844,#3845);
#3844 = CARTESIAN_POINT('',(-0.,6.35));
#3845 = VECTOR('',#3846,1.);
#3846 = DIRECTION('',(-1.,0.));
#3847 = ( GEOMETRIC_REPRESENTATION_CONTEXT(2)
PARAMETRIC_REPRESENTATION_CONTEXT() REPRESENTATION_CONTEXT('2D SPACE',''
  ) );
#3848 = PCURVE('',#1889,#3849);
#3849 = DEFINITIONAL_REPRESENTATION('',(#3850),#3858);
#3850 = ( BOUNDED_CURVE() B_SPLINE_CURVE(2,(#3851,#3852,#3853,#3854,
#3855,#3856,#3857),.UNSPECIFIED.,.T.,.F.) B_SPLINE_CURVE_WITH_KNOTS((1,2
    ,2,2,2,1),(-2.094395102393,0.,2.094395102393,4.188790204786,
6.28318530718,8.377580409573),.UNSPECIFIED.) CURVE()
GEOMETRIC_REPRESENTATION_ITEM() RATIONAL_B_SPLINE_CURVE((1.,0.5,1.,0.5,
1.,0.5,1.)) REPRESENTATION_ITEM('') );
#3851 = CARTESIAN_POINT('',(20.61051733286,-8.599891585297));
#3852 = CARTESIAN_POINT('',(20.61051733286,-12.06399320043));
#3853 = CARTESIAN_POINT('',(17.61051733286,-10.33194239286));
#3854 = CARTESIAN_POINT('',(14.61051733286,-8.599891585297));
#3855 = CARTESIAN_POINT('',(17.61051733286,-6.867840777728));
#3856 = CARTESIAN_POINT('',(20.61051733286,-5.135789970159));
#3857 = CARTESIAN_POINT('',(20.61051733286,-8.599891585297));
#3858 = ( GEOMETRIC_REPRESENTATION_CONTEXT(2)
PARAMETRIC_REPRESENTATION_CONTEXT() REPRESENTATION_CONTEXT('2D SPACE',''
  ) );
#3859 = ORIENTED_EDGE('',*,*,#1850,.F.);
#3860 = ADVANCED_FACE('',(#3861),#1739,.F.);
#3861 = FACE_BOUND('',#3862,.F.);
#3862 = EDGE_LOOP('',(#3863,#3864,#3885,#3886));
#3863 = ORIENTED_EDGE('',*,*,#2510,.F.);
#3864 = ORIENTED_EDGE('',*,*,#3865,.F.);
#3865 = EDGE_CURVE('',#1719,#2486,#3866,.T.);
#3866 = SEAM_CURVE('',#3867,(#3871,#3878),.PCURVE_S1.);
#3867 = LINE('',#3868,#3869);
#3868 = CARTESIAN_POINT('',(-1.383850883037E-15,141.525,15.65));
#3869 = VECTOR('',#3870,1.);
#3870 = DIRECTION('',(1.731912112471E-16,0.707106781187,-0.707106781187)
  );
#3871 = PCURVE('',#1739,#3872);
#3872 = DEFINITIONAL_REPRESENTATION('',(#3873),#3877);
#3873 = LINE('',#3874,#3875);
#3874 = CARTESIAN_POINT('',(-6.28318530718,0.));
#3875 = VECTOR('',#3876,1.);
#3876 = DIRECTION('',(-0.,-1.));
#3877 = ( GEOMETRIC_REPRESENTATION_CONTEXT(2)
PARAMETRIC_REPRESENTATION_CONTEXT() REPRESENTATION_CONTEXT('2D SPACE',''
  ) );
#3878 = PCURVE('',#1739,#3879);
#3879 = DEFINITIONAL_REPRESENTATION('',(#3880),#3884);
#3880 = LINE('',#3881,#3882);
#3881 = CARTESIAN_POINT('',(0.,-0.));
#3882 = VECTOR('',#3883,1.);
#3883 = DIRECTION('',(-0.,-1.));
#3884 = ( GEOMETRIC_REPRESENTATION_CONTEXT(2)
PARAMETRIC_REPRESENTATION_CONTEXT() REPRESENTATION_CONTEXT('2D SPACE',''
  ) );
#3885 = ORIENTED_EDGE('',*,*,#1718,.T.);
#3886 = ORIENTED_EDGE('',*,*,#3865,.T.);
#3887 = ADVANCED_FACE('',(#3888),#1804,.F.);
#3888 = FACE_BOUND('',#3889,.F.);
#3889 = EDGE_LOOP('',(#3890,#3891,#3912,#3913));
#3890 = ORIENTED_EDGE('',*,*,#2587,.F.);
#3891 = ORIENTED_EDGE('',*,*,#3892,.F.);
#3892 = EDGE_CURVE('',#1784,#2563,#3893,.T.);
#3893 = SEAM_CURVE('',#3894,(#3898,#3905),.PCURVE_S1.);
#3894 = LINE('',#3895,#3896);
#3895 = CARTESIAN_POINT('',(-1.383850883037E-15,141.525,-4.35));
#3896 = VECTOR('',#3897,1.);
#3897 = DIRECTION('',(1.731912112471E-16,0.707106781187,-0.707106781187)
  );
#3898 = PCURVE('',#1804,#3899);
#3899 = DEFINITIONAL_REPRESENTATION('',(#3900),#3904);
#3900 = LINE('',#3901,#3902);
#3901 = CARTESIAN_POINT('',(-6.28318530718,0.));
#3902 = VECTOR('',#3903,1.);
#3903 = DIRECTION('',(-0.,-1.));
#3904 = ( GEOMETRIC_REPRESENTATION_CONTEXT(2)
PARAMETRIC_REPRESENTATION_CONTEXT() REPRESENTATION_CONTEXT('2D SPACE',''
  ) );
#3905 = PCURVE('',#1804,#3906);
#3906 = DEFINITIONAL_REPRESENTATION('',(#3907),#3911);
#3907 = LINE('',#3908,#3909);
#3908 = CARTESIAN_POINT('',(0.,-0.));
#3909 = VECTOR('',#3910,1.);
#3910 = DIRECTION('',(-0.,-1.));
#3911 = ( GEOMETRIC_REPRESENTATION_CONTEXT(2)
PARAMETRIC_REPRESENTATION_CONTEXT() REPRESENTATION_CONTEXT('2D SPACE',''
  ) );
#3912 = ORIENTED_EDGE('',*,*,#1783,.T.);
#3913 = ORIENTED_EDGE('',*,*,#3892,.T.);
#3914 = ADVANCED_FACE('',(#3915),#1889,.T.);
#3915 = FACE_BOUND('',#3916,.T.);
#3916 = EDGE_LOOP('',(#3917,#3918,#3919,#3942,#3966,#3989,#4013,#4036,
    #4069,#4090,#4091,#4092));
#3917 = ORIENTED_EDGE('',*,*,#1873,.T.);
#3918 = ORIENTED_EDGE('',*,*,#3075,.T.);
#3919 = ORIENTED_EDGE('',*,*,#3920,.T.);
#3920 = EDGE_CURVE('',#3053,#3921,#3923,.T.);
#3921 = VERTEX_POINT('',#3922);
#3922 = CARTESIAN_POINT('',(52.,135.175,20.));
#3923 = SURFACE_CURVE('',#3924,(#3928,#3935),.PCURVE_S1.);
#3924 = LINE('',#3925,#3926);
#3925 = CARTESIAN_POINT('',(52.,135.175,-20.));
#3926 = VECTOR('',#3927,1.);
#3927 = DIRECTION('',(0.,0.,1.));
#3928 = PCURVE('',#1889,#3929);
#3929 = DEFINITIONAL_REPRESENTATION('',(#3930),#3934);
#3930 = LINE('',#3931,#3932);
#3931 = CARTESIAN_POINT('',(20.61051733286,9.400108414703));
#3932 = VECTOR('',#3933,1.);
#3933 = DIRECTION('',(-1.,0.));
#3934 = ( GEOMETRIC_REPRESENTATION_CONTEXT(2)
PARAMETRIC_REPRESENTATION_CONTEXT() REPRESENTATION_CONTEXT('2D SPACE',''
  ) );
#3935 = PCURVE('',#2657,#3936);
#3936 = DEFINITIONAL_REPRESENTATION('',(#3937),#3941);
#3937 = LINE('',#3938,#3939);
#3938 = CARTESIAN_POINT('',(0.,-6.35));
#3939 = VECTOR('',#3940,1.);
#3940 = DIRECTION('',(1.,0.));
#3941 = ( GEOMETRIC_REPRESENTATION_CONTEXT(2)
PARAMETRIC_REPRESENTATION_CONTEXT() REPRESENTATION_CONTEXT('2D SPACE',''
  ) );
#3942 = ORIENTED_EDGE('',*,*,#3943,.T.);
#3943 = EDGE_CURVE('',#3921,#3944,#3946,.T.);
#3944 = VERTEX_POINT('',#3945);
#3945 = CARTESIAN_POINT('',(50.,135.175,22.));
#3946 = SURFACE_CURVE('',#3947,(#3952,#3959),.PCURVE_S1.);
#3947 = CIRCLE('',#3948,2.);
#3948 = AXIS2_PLACEMENT_3D('',#3949,#3950,#3951);
#3949 = CARTESIAN_POINT('',(50.,135.175,20.));
#3950 = DIRECTION('',(0.,-1.,0.));
#3951 = DIRECTION('',(0.,-0.,-1.));
#3952 = PCURVE('',#1889,#3953);
#3953 = DEFINITIONAL_REPRESENTATION('',(#3954),#3958);
#3954 = CIRCLE('',#3955,2.);
#3955 = AXIS2_PLACEMENT_2D('',#3956,#3957);
#3956 = CARTESIAN_POINT('',(-19.38948266714,7.400108414703));
#3957 = DIRECTION('',(1.,0.));
#3958 = ( GEOMETRIC_REPRESENTATION_CONTEXT(2)
PARAMETRIC_REPRESENTATION_CONTEXT() REPRESENTATION_CONTEXT('2D SPACE',''
  ) );
#3959 = PCURVE('',#2733,#3960);
#3960 = DEFINITIONAL_REPRESENTATION('',(#3961),#3965);
#3961 = LINE('',#3962,#3963);
#3962 = CARTESIAN_POINT('',(-1.570796326795,6.35));
#3963 = VECTOR('',#3964,1.);
#3964 = DIRECTION('',(1.,0.));
#3965 = ( GEOMETRIC_REPRESENTATION_CONTEXT(2)
PARAMETRIC_REPRESENTATION_CONTEXT() REPRESENTATION_CONTEXT('2D SPACE',''
  ) );
#3966 = ORIENTED_EDGE('',*,*,#3967,.T.);
#3967 = EDGE_CURVE('',#3944,#3968,#3970,.T.);
#3968 = VERTEX_POINT('',#3969);
#3969 = CARTESIAN_POINT('',(36.,135.175,22.));
#3970 = SURFACE_CURVE('',#3971,(#3975,#3982),.PCURVE_S1.);
#3971 = LINE('',#3972,#3973);
#3972 = CARTESIAN_POINT('',(52.,135.175,22.));
#3973 = VECTOR('',#3974,1.);
#3974 = DIRECTION('',(-1.,0.,0.));
#3975 = PCURVE('',#1889,#3976);
#3976 = DEFINITIONAL_REPRESENTATION('',(#3977),#3981);
#3977 = LINE('',#3978,#3979);
#3978 = CARTESIAN_POINT('',(-21.38948266714,9.400108414703));
#3979 = VECTOR('',#3980,1.);
#3980 = DIRECTION('',(0.,-1.));
#3981 = ( GEOMETRIC_REPRESENTATION_CONTEXT(2)
PARAMETRIC_REPRESENTATION_CONTEXT() REPRESENTATION_CONTEXT('2D SPACE',''
  ) );
#3982 = PCURVE('',#2765,#3983);
#3983 = DEFINITIONAL_REPRESENTATION('',(#3984),#3988);
#3984 = LINE('',#3985,#3986);
#3985 = CARTESIAN_POINT('',(0.,-6.35));
#3986 = VECTOR('',#3987,1.);
#3987 = DIRECTION('',(1.,0.));
#3988 = ( GEOMETRIC_REPRESENTATION_CONTEXT(2)
PARAMETRIC_REPRESENTATION_CONTEXT() REPRESENTATION_CONTEXT('2D SPACE',''
  ) );
#3989 = ORIENTED_EDGE('',*,*,#3990,.T.);
#3990 = EDGE_CURVE('',#3968,#3991,#3993,.T.);
#3991 = VERTEX_POINT('',#3992);
#3992 = CARTESIAN_POINT('',(34.,135.175,20.));
#3993 = SURFACE_CURVE('',#3994,(#3999,#4006),.PCURVE_S1.);
#3994 = CIRCLE('',#3995,2.);
#3995 = AXIS2_PLACEMENT_3D('',#3996,#3997,#3998);
#3996 = CARTESIAN_POINT('',(36.,135.175,20.));
#3997 = DIRECTION('',(0.,-1.,0.));
#3998 = DIRECTION('',(0.,-0.,-1.));
#3999 = PCURVE('',#1889,#4000);
#4000 = DEFINITIONAL_REPRESENTATION('',(#4001),#4005);
#4001 = CIRCLE('',#4002,2.);
#4002 = AXIS2_PLACEMENT_2D('',#4003,#4004);
#4003 = CARTESIAN_POINT('',(-19.38948266714,-6.599891585297));
#4004 = DIRECTION('',(1.,0.));
#4005 = ( GEOMETRIC_REPRESENTATION_CONTEXT(2)
PARAMETRIC_REPRESENTATION_CONTEXT() REPRESENTATION_CONTEXT('2D SPACE',''
  ) );
#4006 = PCURVE('',#2841,#4007);
#4007 = DEFINITIONAL_REPRESENTATION('',(#4008),#4012);
#4008 = LINE('',#4009,#4010);
#4009 = CARTESIAN_POINT('',(-3.14159265359,6.35));
#4010 = VECTOR('',#4011,1.);
#4011 = DIRECTION('',(1.,0.));
#4012 = ( GEOMETRIC_REPRESENTATION_CONTEXT(2)
PARAMETRIC_REPRESENTATION_CONTEXT() REPRESENTATION_CONTEXT('2D SPACE',''
  ) );
#4013 = ORIENTED_EDGE('',*,*,#4014,.T.);
#4014 = EDGE_CURVE('',#3991,#4015,#4017,.T.);
#4015 = VERTEX_POINT('',#4016);
#4016 = CARTESIAN_POINT('',(34.,135.175,-6.394448724536));
#4017 = SURFACE_CURVE('',#4018,(#4022,#4029),.PCURVE_S1.);
#4018 = LINE('',#4019,#4020);
#4019 = CARTESIAN_POINT('',(34.,135.175,22.));
#4020 = VECTOR('',#4021,1.);
#4021 = DIRECTION('',(0.,0.,-1.));
#4022 = PCURVE('',#1889,#4023);
#4023 = DEFINITIONAL_REPRESENTATION('',(#4024),#4028);
#4024 = LINE('',#4025,#4026);
#4025 = CARTESIAN_POINT('',(-21.38948266714,-8.599891585297));
#4026 = VECTOR('',#4027,1.);
#4027 = DIRECTION('',(1.,0.));
#4028 = ( GEOMETRIC_REPRESENTATION_CONTEXT(2)
PARAMETRIC_REPRESENTATION_CONTEXT() REPRESENTATION_CONTEXT('2D SPACE',''
  ) );
#4029 = PCURVE('',#2873,#4030);
#4030 = DEFINITIONAL_REPRESENTATION('',(#4031),#4035);
#4031 = LINE('',#4032,#4033);
#4032 = CARTESIAN_POINT('',(0.,-6.35));
#4033 = VECTOR('',#4034,1.);
#4034 = DIRECTION('',(1.,0.));
#4035 = ( GEOMETRIC_REPRESENTATION_CONTEXT(2)
PARAMETRIC_REPRESENTATION_CONTEXT() REPRESENTATION_CONTEXT('2D SPACE',''
  ) );
#4036 = ORIENTED_EDGE('',*,*,#4037,.T.);
#4037 = EDGE_CURVE('',#4015,#4038,#4040,.T.);
#4038 = VERTEX_POINT('',#4039);
#4039 = CARTESIAN_POINT('',(33.664100588676,135.175,-7.503849116986));
#4040 = SURFACE_CURVE('',#4041,(#4046,#4057),.PCURVE_S1.);
#4041 = CIRCLE('',#4042,2.);
#4042 = AXIS2_PLACEMENT_3D('',#4043,#4044,#4045);
#4043 = CARTESIAN_POINT('',(32.,135.175,-6.394448724536));
#4044 = DIRECTION('',(-0.,1.,0.));
#4045 = DIRECTION('',(0.,0.,-1.));
#4046 = PCURVE('',#1889,#4047);
#4047 = DEFINITIONAL_REPRESENTATION('',(#4048),#4056);
#4048 = ( BOUNDED_CURVE() B_SPLINE_CURVE(2,(#4049,#4050,#4051,#4052,
#4053,#4054,#4055),.UNSPECIFIED.,.T.,.F.) B_SPLINE_CURVE_WITH_KNOTS((1,2
    ,2,2,2,1),(-2.094395102393,0.,2.094395102393,4.188790204786,
6.28318530718,8.377580409573),.UNSPECIFIED.) CURVE()
GEOMETRIC_REPRESENTATION_ITEM() RATIONAL_B_SPLINE_CURVE((1.,0.5,1.,0.5,
1.,0.5,1.)) REPRESENTATION_ITEM('') );
#4049 = CARTESIAN_POINT('',(9.004966057396,-10.59989158529));
#4050 = CARTESIAN_POINT('',(9.004966057396,-14.06399320043));
#4051 = CARTESIAN_POINT('',(6.004966057396,-12.33194239286));
#4052 = CARTESIAN_POINT('',(3.004966057396,-10.59989158529));
#4053 = CARTESIAN_POINT('',(6.004966057396,-8.867840777728));
#4054 = CARTESIAN_POINT('',(9.004966057396,-7.135789970159));
#4055 = CARTESIAN_POINT('',(9.004966057396,-10.59989158529));
#4056 = ( GEOMETRIC_REPRESENTATION_CONTEXT(2)
PARAMETRIC_REPRESENTATION_CONTEXT() REPRESENTATION_CONTEXT('2D SPACE',''
  ) );
#4057 = PCURVE('',#4058,#4063);
#4058 = CYLINDRICAL_SURFACE('',#4059,2.);
#4059 = AXIS2_PLACEMENT_3D('',#4060,#4061,#4062);
#4060 = CARTESIAN_POINT('',(32.,141.525,-6.394448724536));
#4061 = DIRECTION('',(0.,-1.,0.));
#4062 = DIRECTION('',(1.,0.,0.));
#4063 = DEFINITIONAL_REPRESENTATION('',(#4064),#4068);
#4064 = LINE('',#4065,#4066);
#4065 = CARTESIAN_POINT('',(4.712388980385,6.35));
#4066 = VECTOR('',#4067,1.);
#4067 = DIRECTION('',(-1.,0.));
#4068 = ( GEOMETRIC_REPRESENTATION_CONTEXT(2)
PARAMETRIC_REPRESENTATION_CONTEXT() REPRESENTATION_CONTEXT('2D SPACE',''
  ) );
#4069 = ORIENTED_EDGE('',*,*,#4070,.T.);
#4070 = EDGE_CURVE('',#4038,#3731,#4071,.T.);
#4071 = SURFACE_CURVE('',#4072,(#4076,#4083),.PCURVE_S1.);
#4072 = LINE('',#4073,#4074);
#4073 = CARTESIAN_POINT('',(34.,135.175,-7.));
#4074 = VECTOR('',#4075,1.);
#4075 = DIRECTION('',(-0.554700196225,0.,-0.832050294338));
#4076 = PCURVE('',#1889,#4077);
#4077 = DEFINITIONAL_REPRESENTATION('',(#4078),#4082);
#4078 = LINE('',#4079,#4080);
#4079 = CARTESIAN_POINT('',(7.61051733286,-8.599891585297));
#4080 = VECTOR('',#4081,1.);
#4081 = DIRECTION('',(0.832050294338,-0.554700196225));
#4082 = ( GEOMETRIC_REPRESENTATION_CONTEXT(2)
PARAMETRIC_REPRESENTATION_CONTEXT() REPRESENTATION_CONTEXT('2D SPACE',''
  ) );
#4083 = PCURVE('',#3768,#4084);
#4084 = DEFINITIONAL_REPRESENTATION('',(#4085),#4089);
#4085 = LINE('',#4086,#4087);
#4086 = CARTESIAN_POINT('',(-0.,-6.35));
#4087 = VECTOR('',#4088,1.);
#4088 = DIRECTION('',(1.,0.));
#4089 = ( GEOMETRIC_REPRESENTATION_CONTEXT(2)
PARAMETRIC_REPRESENTATION_CONTEXT() REPRESENTATION_CONTEXT('2D SPACE',''
  ) );
#4090 = ORIENTED_EDGE('',*,*,#3730,.T.);
#4091 = ORIENTED_EDGE('',*,*,#3785,.T.);
#4092 = ORIENTED_EDGE('',*,*,#3834,.F.);
#4093 = ADVANCED_FACE('',(#4094),#1970,.F.);
#4094 = FACE_BOUND('',#4095,.F.);
#4095 = EDGE_LOOP('',(#4096,#4097,#4120,#4141));
#4096 = ORIENTED_EDGE('',*,*,#2008,.T.);
#4097 = ORIENTED_EDGE('',*,*,#4098,.T.);
#4098 = EDGE_CURVE('',#2009,#4099,#4101,.T.);
#4099 = VERTEX_POINT('',#4100);
#4100 = CARTESIAN_POINT('',(-52.,141.525,20.));
#4101 = SURFACE_CURVE('',#4102,(#4106,#4113),.PCURVE_S1.);
#4102 = LINE('',#4103,#4104);
#4103 = CARTESIAN_POINT('',(-52.,151.05,20.));
#4104 = VECTOR('',#4105,1.);
#4105 = DIRECTION('',(0.,-1.,0.));
#4106 = PCURVE('',#1970,#4107);
#4107 = DEFINITIONAL_REPRESENTATION('',(#4108),#4112);
#4108 = LINE('',#4109,#4110);
#4109 = CARTESIAN_POINT('',(2.,0.));
#4110 = VECTOR('',#4111,1.);
#4111 = DIRECTION('',(0.,-1.));
#4112 = ( GEOMETRIC_REPRESENTATION_CONTEXT(2)
PARAMETRIC_REPRESENTATION_CONTEXT() REPRESENTATION_CONTEXT('2D SPACE',''
  ) );
#4113 = PCURVE('',#2052,#4114);
#4114 = DEFINITIONAL_REPRESENTATION('',(#4115),#4119);
#4115 = LINE('',#4116,#4117);
#4116 = CARTESIAN_POINT('',(1.570796326795,0.));
#4117 = VECTOR('',#4118,1.);
#4118 = DIRECTION('',(0.,1.));
#4119 = ( GEOMETRIC_REPRESENTATION_CONTEXT(2)
PARAMETRIC_REPRESENTATION_CONTEXT() REPRESENTATION_CONTEXT('2D SPACE',''
  ) );
#4120 = ORIENTED_EDGE('',*,*,#4121,.T.);
#4121 = EDGE_CURVE('',#4099,#1955,#4122,.T.);
#4122 = SURFACE_CURVE('',#4123,(#4127,#4134),.PCURVE_S1.);
#4123 = LINE('',#4124,#4125);
#4124 = CARTESIAN_POINT('',(-52.,141.525,22.));
#4125 = VECTOR('',#4126,1.);
#4126 = DIRECTION('',(0.,0.,-1.));
#4127 = PCURVE('',#1970,#4128);
#4128 = DEFINITIONAL_REPRESENTATION('',(#4129),#4133);
#4129 = LINE('',#4130,#4131);
#4130 = CARTESIAN_POINT('',(0.,-9.525));
#4131 = VECTOR('',#4132,1.);
#4132 = DIRECTION('',(1.,0.));
#4133 = ( GEOMETRIC_REPRESENTATION_CONTEXT(2)
PARAMETRIC_REPRESENTATION_CONTEXT() REPRESENTATION_CONTEXT('2D SPACE',''
  ) );
#4134 = PCURVE('',#3141,#4135);
#4135 = DEFINITIONAL_REPRESENTATION('',(#4136),#4140);
#4136 = LINE('',#4137,#4138);
#4137 = CARTESIAN_POINT('',(0.,0.));
#4138 = VECTOR('',#4139,1.);
#4139 = DIRECTION('',(1.,0.));
#4140 = ( GEOMETRIC_REPRESENTATION_CONTEXT(2)
PARAMETRIC_REPRESENTATION_CONTEXT() REPRESENTATION_CONTEXT('2D SPACE',''
  ) );
#4141 = ORIENTED_EDGE('',*,*,#1954,.F.);
#4142 = ADVANCED_FACE('',(#4143),#2140,.F.);
#4143 = FACE_BOUND('',#4144,.F.);
#4144 = EDGE_LOOP('',(#4145,#4146,#4147,#4170,#4193));
#4145 = ORIENTED_EDGE('',*,*,#2125,.T.);
#4146 = ORIENTED_EDGE('',*,*,#3568,.T.);
#4147 = ORIENTED_EDGE('',*,*,#4148,.T.);
#4148 = EDGE_CURVE('',#3569,#4149,#4151,.T.);
#4149 = VERTEX_POINT('',#4150);
#4150 = CARTESIAN_POINT('',(-34.,141.525,-6.394448724536));
#4151 = SURFACE_CURVE('',#4152,(#4156,#4163),.PCURVE_S1.);
#4152 = LINE('',#4153,#4154);
#4153 = CARTESIAN_POINT('',(-34.,141.525,-10.));
#4154 = VECTOR('',#4155,1.);
#4155 = DIRECTION('',(0.,0.,1.));
#4156 = PCURVE('',#2140,#4157);
#4157 = DEFINITIONAL_REPRESENTATION('',(#4158),#4162);
#4158 = LINE('',#4159,#4160);
#4159 = CARTESIAN_POINT('',(0.,-9.525));
#4160 = VECTOR('',#4161,1.);
#4161 = DIRECTION('',(1.,0.));
#4162 = ( GEOMETRIC_REPRESENTATION_CONTEXT(2)
PARAMETRIC_REPRESENTATION_CONTEXT() REPRESENTATION_CONTEXT('2D SPACE',''
  ) );
#4163 = PCURVE('',#3503,#4164);
#4164 = DEFINITIONAL_REPRESENTATION('',(#4165),#4169);
#4165 = LINE('',#4166,#4167);
#4166 = CARTESIAN_POINT('',(10.61051733286,8.599891585297));
#4167 = VECTOR('',#4168,1.);
#4168 = DIRECTION('',(-1.,0.));
#4169 = ( GEOMETRIC_REPRESENTATION_CONTEXT(2)
PARAMETRIC_REPRESENTATION_CONTEXT() REPRESENTATION_CONTEXT('2D SPACE',''
  ) );
#4170 = ORIENTED_EDGE('',*,*,#4171,.T.);
#4171 = EDGE_CURVE('',#4149,#4172,#4174,.T.);
#4172 = VERTEX_POINT('',#4173);
#4173 = CARTESIAN_POINT('',(-34.,141.525,20.));
#4174 = SURFACE_CURVE('',#4175,(#4179,#4186),.PCURVE_S1.);
#4175 = LINE('',#4176,#4177);
#4176 = CARTESIAN_POINT('',(-34.,141.525,-10.));
#4177 = VECTOR('',#4178,1.);
#4178 = DIRECTION('',(0.,0.,1.));
#4179 = PCURVE('',#2140,#4180);
#4180 = DEFINITIONAL_REPRESENTATION('',(#4181),#4185);
#4181 = LINE('',#4182,#4183);
#4182 = CARTESIAN_POINT('',(0.,-9.525));
#4183 = VECTOR('',#4184,1.);
#4184 = DIRECTION('',(1.,0.));
#4185 = ( GEOMETRIC_REPRESENTATION_CONTEXT(2)
PARAMETRIC_REPRESENTATION_CONTEXT() REPRESENTATION_CONTEXT('2D SPACE',''
  ) );
#4186 = PCURVE('',#3285,#4187);
#4187 = DEFINITIONAL_REPRESENTATION('',(#4188),#4192);
#4188 = LINE('',#4189,#4190);
#4189 = CARTESIAN_POINT('',(-3.,0.));
#4190 = VECTOR('',#4191,1.);
#4191 = DIRECTION('',(1.,0.));
#4192 = ( GEOMETRIC_REPRESENTATION_CONTEXT(2)
PARAMETRIC_REPRESENTATION_CONTEXT() REPRESENTATION_CONTEXT('2D SPACE',''
  ) );
#4193 = ORIENTED_EDGE('',*,*,#4194,.F.);
#4194 = EDGE_CURVE('',#2093,#4172,#4195,.T.);
#4195 = SURFACE_CURVE('',#4196,(#4200,#4207),.PCURVE_S1.);
#4196 = LINE('',#4197,#4198);
#4197 = CARTESIAN_POINT('',(-34.,151.05,20.));
#4198 = VECTOR('',#4199,1.);
#4199 = DIRECTION('',(0.,-1.,0.));
#4200 = PCURVE('',#2140,#4201);
#4201 = DEFINITIONAL_REPRESENTATION('',(#4202),#4206);
#4202 = LINE('',#4203,#4204);
#4203 = CARTESIAN_POINT('',(30.,0.));
#4204 = VECTOR('',#4205,1.);
#4205 = DIRECTION('',(0.,-1.));
#4206 = ( GEOMETRIC_REPRESENTATION_CONTEXT(2)
PARAMETRIC_REPRESENTATION_CONTEXT() REPRESENTATION_CONTEXT('2D SPACE',''
  ) );
#4207 = PCURVE('',#2113,#4208);
#4208 = DEFINITIONAL_REPRESENTATION('',(#4209),#4213);
#4209 = LINE('',#4210,#4211);
#4210 = CARTESIAN_POINT('',(0.,0.));
#4211 = VECTOR('',#4212,1.);
#4212 = DIRECTION('',(0.,1.));
#4213 = ( GEOMETRIC_REPRESENTATION_CONTEXT(2)
PARAMETRIC_REPRESENTATION_CONTEXT() REPRESENTATION_CONTEXT('2D SPACE',''
  ) );
#4214 = ADVANCED_FACE('',(#4215),#2113,.T.);
#4215 = FACE_BOUND('',#4216,.T.);
#4216 = EDGE_LOOP('',(#4217,#4218,#4219,#4242));
#4217 = ORIENTED_EDGE('',*,*,#4194,.F.);
#4218 = ORIENTED_EDGE('',*,*,#2092,.T.);
#4219 = ORIENTED_EDGE('',*,*,#4220,.T.);
#4220 = EDGE_CURVE('',#2065,#4221,#4223,.T.);
#4221 = VERTEX_POINT('',#4222);
#4222 = CARTESIAN_POINT('',(-36.,141.525,22.));
#4223 = SURFACE_CURVE('',#4224,(#4228,#4235),.PCURVE_S1.);
#4224 = LINE('',#4225,#4226);
#4225 = CARTESIAN_POINT('',(-36.,151.05,22.));
#4226 = VECTOR('',#4227,1.);
#4227 = DIRECTION('',(0.,-1.,0.));
#4228 = PCURVE('',#2113,#4229);
#4229 = DEFINITIONAL_REPRESENTATION('',(#4230),#4234);
#4230 = LINE('',#4231,#4232);
#4231 = CARTESIAN_POINT('',(1.570796326795,0.));
#4232 = VECTOR('',#4233,1.);
#4233 = DIRECTION('',(0.,1.));
#4234 = ( GEOMETRIC_REPRESENTATION_CONTEXT(2)
PARAMETRIC_REPRESENTATION_CONTEXT() REPRESENTATION_CONTEXT('2D SPACE',''
  ) );
#4235 = PCURVE('',#2080,#4236);
#4236 = DEFINITIONAL_REPRESENTATION('',(#4237),#4241);
#4237 = LINE('',#4238,#4239);
#4238 = CARTESIAN_POINT('',(2.,0.));
#4239 = VECTOR('',#4240,1.);
#4240 = DIRECTION('',(0.,-1.));
#4241 = ( GEOMETRIC_REPRESENTATION_CONTEXT(2)
PARAMETRIC_REPRESENTATION_CONTEXT() REPRESENTATION_CONTEXT('2D SPACE',''
  ) );
#4242 = ORIENTED_EDGE('',*,*,#4243,.F.);
#4243 = EDGE_CURVE('',#4172,#4221,#4244,.T.);
#4244 = SURFACE_CURVE('',#4245,(#4250,#4257),.PCURVE_S1.);
#4245 = CIRCLE('',#4246,2.);
#4246 = AXIS2_PLACEMENT_3D('',#4247,#4248,#4249);
#4247 = CARTESIAN_POINT('',(-36.,141.525,20.));
#4248 = DIRECTION('',(0.,-1.,0.));
#4249 = DIRECTION('',(0.,-0.,-1.));
#4250 = PCURVE('',#2113,#4251);
#4251 = DEFINITIONAL_REPRESENTATION('',(#4252),#4256);
#4252 = LINE('',#4253,#4254);
#4253 = CARTESIAN_POINT('',(-1.570796326795,9.525));
#4254 = VECTOR('',#4255,1.);
#4255 = DIRECTION('',(1.,0.));
#4256 = ( GEOMETRIC_REPRESENTATION_CONTEXT(2)
PARAMETRIC_REPRESENTATION_CONTEXT() REPRESENTATION_CONTEXT('2D SPACE',''
  ) );
#4257 = PCURVE('',#3314,#4258);
#4258 = DEFINITIONAL_REPRESENTATION('',(#4259),#4262);
#4259 = B_SPLINE_CURVE_WITH_KNOTS('',1,(#4260,#4261),.UNSPECIFIED.,.F.,
  .F.,(2,2),(1.570796326795,3.14159265359),.PIECEWISE_BEZIER_KNOTS.);
#4260 = CARTESIAN_POINT('',(0.,0.));
#4261 = CARTESIAN_POINT('',(1.570796326795,0.));
#4262 = ( GEOMETRIC_REPRESENTATION_CONTEXT(2)
PARAMETRIC_REPRESENTATION_CONTEXT() REPRESENTATION_CONTEXT('2D SPACE',''
  ) );
#4263 = ADVANCED_FACE('',(#4264),#2080,.F.);
#4264 = FACE_BOUND('',#4265,.F.);
#4265 = EDGE_LOOP('',(#4266,#4267,#4268,#4291));
#4266 = ORIENTED_EDGE('',*,*,#2064,.T.);
#4267 = ORIENTED_EDGE('',*,*,#4220,.T.);
#4268 = ORIENTED_EDGE('',*,*,#4269,.T.);
#4269 = EDGE_CURVE('',#4221,#4270,#4272,.T.);
#4270 = VERTEX_POINT('',#4271);
#4271 = CARTESIAN_POINT('',(-50.,141.525,22.));
#4272 = SURFACE_CURVE('',#4273,(#4277,#4284),.PCURVE_S1.);
#4273 = LINE('',#4274,#4275);
#4274 = CARTESIAN_POINT('',(-34.,141.525,22.));
#4275 = VECTOR('',#4276,1.);
#4276 = DIRECTION('',(-1.,0.,0.));
#4277 = PCURVE('',#2080,#4278);
#4278 = DEFINITIONAL_REPRESENTATION('',(#4279),#4283);
#4279 = LINE('',#4280,#4281);
#4280 = CARTESIAN_POINT('',(0.,-9.525));
#4281 = VECTOR('',#4282,1.);
#4282 = DIRECTION('',(1.,0.));
#4283 = ( GEOMETRIC_REPRESENTATION_CONTEXT(2)
PARAMETRIC_REPRESENTATION_CONTEXT() REPRESENTATION_CONTEXT('2D SPACE',''
  ) );
#4284 = PCURVE('',#3342,#4285);
#4285 = DEFINITIONAL_REPRESENTATION('',(#4286),#4290);
#4286 = LINE('',#4287,#4288);
#4287 = CARTESIAN_POINT('',(0.,0.));
#4288 = VECTOR('',#4289,1.);
#4289 = DIRECTION('',(1.,0.));
#4290 = ( GEOMETRIC_REPRESENTATION_CONTEXT(2)
PARAMETRIC_REPRESENTATION_CONTEXT() REPRESENTATION_CONTEXT('2D SPACE',''
  ) );
#4291 = ORIENTED_EDGE('',*,*,#4292,.F.);
#4292 = EDGE_CURVE('',#2032,#4270,#4293,.T.);
#4293 = SURFACE_CURVE('',#4294,(#4298,#4305),.PCURVE_S1.);
#4294 = LINE('',#4295,#4296);
#4295 = CARTESIAN_POINT('',(-50.,151.05,22.));
#4296 = VECTOR('',#4297,1.);
#4297 = DIRECTION('',(0.,-1.,0.));
#4298 = PCURVE('',#2080,#4299);
#4299 = DEFINITIONAL_REPRESENTATION('',(#4300),#4304);
#4300 = LINE('',#4301,#4302);
#4301 = CARTESIAN_POINT('',(16.,0.));
#4302 = VECTOR('',#4303,1.);
#4303 = DIRECTION('',(0.,-1.));
#4304 = ( GEOMETRIC_REPRESENTATION_CONTEXT(2)
PARAMETRIC_REPRESENTATION_CONTEXT() REPRESENTATION_CONTEXT('2D SPACE',''
  ) );
#4305 = PCURVE('',#2052,#4306);
#4306 = DEFINITIONAL_REPRESENTATION('',(#4307),#4311);
#4307 = LINE('',#4308,#4309);
#4308 = CARTESIAN_POINT('',(0.,0.));
#4309 = VECTOR('',#4310,1.);
#4310 = DIRECTION('',(0.,1.));
#4311 = ( GEOMETRIC_REPRESENTATION_CONTEXT(2)
PARAMETRIC_REPRESENTATION_CONTEXT() REPRESENTATION_CONTEXT('2D SPACE',''
  ) );
#4312 = ADVANCED_FACE('',(#4313),#2052,.T.);
#4313 = FACE_BOUND('',#4314,.T.);
#4314 = EDGE_LOOP('',(#4315,#4316,#4317,#4318));
#4315 = ORIENTED_EDGE('',*,*,#4292,.F.);
#4316 = ORIENTED_EDGE('',*,*,#2031,.T.);
#4317 = ORIENTED_EDGE('',*,*,#4098,.T.);
#4318 = ORIENTED_EDGE('',*,*,#4319,.F.);
#4319 = EDGE_CURVE('',#4270,#4099,#4320,.T.);
#4320 = SURFACE_CURVE('',#4321,(#4326,#4333),.PCURVE_S1.);
#4321 = CIRCLE('',#4322,2.);
#4322 = AXIS2_PLACEMENT_3D('',#4323,#4324,#4325);
#4323 = CARTESIAN_POINT('',(-50.,141.525,20.));
#4324 = DIRECTION('',(0.,-1.,0.));
#4325 = DIRECTION('',(0.,-0.,-1.));
#4326 = PCURVE('',#2052,#4327);
#4327 = DEFINITIONAL_REPRESENTATION('',(#4328),#4332);
#4328 = LINE('',#4329,#4330);
#4329 = CARTESIAN_POINT('',(-3.14159265359,9.525));
#4330 = VECTOR('',#4331,1.);
#4331 = DIRECTION('',(1.,0.));
#4332 = ( GEOMETRIC_REPRESENTATION_CONTEXT(2)
PARAMETRIC_REPRESENTATION_CONTEXT() REPRESENTATION_CONTEXT('2D SPACE',''
  ) );
#4333 = PCURVE('',#3371,#4334);
#4334 = DEFINITIONAL_REPRESENTATION('',(#4335),#4338);
#4335 = B_SPLINE_CURVE_WITH_KNOTS('',1,(#4336,#4337),.UNSPECIFIED.,.F.,
  .F.,(2,2),(3.14159265359,4.712388980385),.PIECEWISE_BEZIER_KNOTS.);
#4336 = CARTESIAN_POINT('',(0.,0.));
#4337 = CARTESIAN_POINT('',(1.570796326795,0.));
#4338 = ( GEOMETRIC_REPRESENTATION_CONTEXT(2)
PARAMETRIC_REPRESENTATION_CONTEXT() REPRESENTATION_CONTEXT('2D SPACE',''
  ) );
#4339 = ADVANCED_FACE('',(#4340),#2657,.F.);
#4340 = FACE_BOUND('',#4341,.F.);
#4341 = EDGE_LOOP('',(#4342,#4343,#4344,#4345));
#4342 = ORIENTED_EDGE('',*,*,#2641,.F.);
#4343 = ORIENTED_EDGE('',*,*,#3052,.T.);
#4344 = ORIENTED_EDGE('',*,*,#3920,.T.);
#4345 = ORIENTED_EDGE('',*,*,#4346,.F.);
#4346 = EDGE_CURVE('',#2642,#3921,#4347,.T.);
#4347 = SURFACE_CURVE('',#4348,(#4352,#4359),.PCURVE_S1.);
#4348 = LINE('',#4349,#4350);
#4349 = CARTESIAN_POINT('',(52.,141.525,20.));
#4350 = VECTOR('',#4351,1.);
#4351 = DIRECTION('',(0.,-1.,0.));
#4352 = PCURVE('',#2657,#4353);
#4353 = DEFINITIONAL_REPRESENTATION('',(#4354),#4358);
#4354 = LINE('',#4355,#4356);
#4355 = CARTESIAN_POINT('',(40.,0.));
#4356 = VECTOR('',#4357,1.);
#4357 = DIRECTION('',(0.,-1.));
#4358 = ( GEOMETRIC_REPRESENTATION_CONTEXT(2)
PARAMETRIC_REPRESENTATION_CONTEXT() REPRESENTATION_CONTEXT('2D SPACE',''
  ) );
#4359 = PCURVE('',#2733,#4360);
#4360 = DEFINITIONAL_REPRESENTATION('',(#4361),#4365);
#4361 = LINE('',#4362,#4363);
#4362 = CARTESIAN_POINT('',(0.,0.));
#4363 = VECTOR('',#4364,1.);
#4364 = DIRECTION('',(0.,1.));
#4365 = ( GEOMETRIC_REPRESENTATION_CONTEXT(2)
PARAMETRIC_REPRESENTATION_CONTEXT() REPRESENTATION_CONTEXT('2D SPACE',''
  ) );
#4366 = ADVANCED_FACE('',(#4367),#2733,.T.);
#4367 = FACE_BOUND('',#4368,.T.);
#4368 = EDGE_LOOP('',(#4369,#4370,#4391,#4392));
#4369 = ORIENTED_EDGE('',*,*,#2718,.T.);
#4370 = ORIENTED_EDGE('',*,*,#4371,.T.);
#4371 = EDGE_CURVE('',#2696,#3944,#4372,.T.);
#4372 = SURFACE_CURVE('',#4373,(#4377,#4384),.PCURVE_S1.);
#4373 = LINE('',#4374,#4375);
#4374 = CARTESIAN_POINT('',(50.,141.525,22.));
#4375 = VECTOR('',#4376,1.);
#4376 = DIRECTION('',(0.,-1.,0.));
#4377 = PCURVE('',#2733,#4378);
#4378 = DEFINITIONAL_REPRESENTATION('',(#4379),#4383);
#4379 = LINE('',#4380,#4381);
#4380 = CARTESIAN_POINT('',(1.570796326795,0.));
#4381 = VECTOR('',#4382,1.);
#4382 = DIRECTION('',(0.,1.));
#4383 = ( GEOMETRIC_REPRESENTATION_CONTEXT(2)
PARAMETRIC_REPRESENTATION_CONTEXT() REPRESENTATION_CONTEXT('2D SPACE',''
  ) );
#4384 = PCURVE('',#2765,#4385);
#4385 = DEFINITIONAL_REPRESENTATION('',(#4386),#4390);
#4386 = LINE('',#4387,#4388);
#4387 = CARTESIAN_POINT('',(2.,0.));
#4388 = VECTOR('',#4389,1.);
#4389 = DIRECTION('',(0.,-1.));
#4390 = ( GEOMETRIC_REPRESENTATION_CONTEXT(2)
PARAMETRIC_REPRESENTATION_CONTEXT() REPRESENTATION_CONTEXT('2D SPACE',''
  ) );
#4391 = ORIENTED_EDGE('',*,*,#3943,.F.);
#4392 = ORIENTED_EDGE('',*,*,#4346,.F.);
#4393 = ADVANCED_FACE('',(#4394),#2765,.F.);
#4394 = FACE_BOUND('',#4395,.F.);
#4395 = EDGE_LOOP('',(#4396,#4397,#4398,#4399));
#4396 = ORIENTED_EDGE('',*,*,#2749,.F.);
#4397 = ORIENTED_EDGE('',*,*,#4371,.T.);
#4398 = ORIENTED_EDGE('',*,*,#3967,.T.);
#4399 = ORIENTED_EDGE('',*,*,#4400,.F.);
#4400 = EDGE_CURVE('',#2750,#3968,#4401,.T.);
#4401 = SURFACE_CURVE('',#4402,(#4406,#4413),.PCURVE_S1.);
#4402 = LINE('',#4403,#4404);
#4403 = CARTESIAN_POINT('',(36.,141.525,22.));
#4404 = VECTOR('',#4405,1.);
#4405 = DIRECTION('',(0.,-1.,0.));
#4406 = PCURVE('',#2765,#4407);
#4407 = DEFINITIONAL_REPRESENTATION('',(#4408),#4412);
#4408 = LINE('',#4409,#4410);
#4409 = CARTESIAN_POINT('',(16.,0.));
#4410 = VECTOR('',#4411,1.);
#4411 = DIRECTION('',(0.,-1.));
#4412 = ( GEOMETRIC_REPRESENTATION_CONTEXT(2)
PARAMETRIC_REPRESENTATION_CONTEXT() REPRESENTATION_CONTEXT('2D SPACE',''
  ) );
#4413 = PCURVE('',#2841,#4414);
#4414 = DEFINITIONAL_REPRESENTATION('',(#4415),#4419);
#4415 = LINE('',#4416,#4417);
#4416 = CARTESIAN_POINT('',(0.,0.));
#4417 = VECTOR('',#4418,1.);
#4418 = DIRECTION('',(0.,1.));
#4419 = ( GEOMETRIC_REPRESENTATION_CONTEXT(2)
PARAMETRIC_REPRESENTATION_CONTEXT() REPRESENTATION_CONTEXT('2D SPACE',''
  ) );
#4420 = ADVANCED_FACE('',(#4421),#2841,.T.);
#4421 = FACE_BOUND('',#4422,.T.);
#4422 = EDGE_LOOP('',(#4423,#4424,#4445,#4446));
#4423 = ORIENTED_EDGE('',*,*,#2826,.T.);
#4424 = ORIENTED_EDGE('',*,*,#4425,.T.);
#4425 = EDGE_CURVE('',#2804,#3991,#4426,.T.);
#4426 = SURFACE_CURVE('',#4427,(#4431,#4438),.PCURVE_S1.);
#4427 = LINE('',#4428,#4429);
#4428 = CARTESIAN_POINT('',(34.,141.525,20.));
#4429 = VECTOR('',#4430,1.);
#4430 = DIRECTION('',(0.,-1.,0.));
#4431 = PCURVE('',#2841,#4432);
#4432 = DEFINITIONAL_REPRESENTATION('',(#4433),#4437);
#4433 = LINE('',#4434,#4435);
#4434 = CARTESIAN_POINT('',(1.570796326795,0.));
#4435 = VECTOR('',#4436,1.);
#4436 = DIRECTION('',(0.,1.));
#4437 = ( GEOMETRIC_REPRESENTATION_CONTEXT(2)
PARAMETRIC_REPRESENTATION_CONTEXT() REPRESENTATION_CONTEXT('2D SPACE',''
  ) );
#4438 = PCURVE('',#2873,#4439);
#4439 = DEFINITIONAL_REPRESENTATION('',(#4440),#4444);
#4440 = LINE('',#4441,#4442);
#4441 = CARTESIAN_POINT('',(2.,0.));
#4442 = VECTOR('',#4443,1.);
#4443 = DIRECTION('',(0.,-1.));
#4444 = ( GEOMETRIC_REPRESENTATION_CONTEXT(2)
PARAMETRIC_REPRESENTATION_CONTEXT() REPRESENTATION_CONTEXT('2D SPACE',''
  ) );
#4445 = ORIENTED_EDGE('',*,*,#3990,.F.);
#4446 = ORIENTED_EDGE('',*,*,#4400,.F.);
#4447 = ADVANCED_FACE('',(#4448),#2873,.F.);
#4448 = FACE_BOUND('',#4449,.F.);
#4449 = EDGE_LOOP('',(#4450,#4451,#4452,#4453));
#4450 = ORIENTED_EDGE('',*,*,#2857,.F.);
#4451 = ORIENTED_EDGE('',*,*,#4425,.T.);
#4452 = ORIENTED_EDGE('',*,*,#4014,.T.);
#4453 = ORIENTED_EDGE('',*,*,#4454,.F.);
#4454 = EDGE_CURVE('',#2858,#4015,#4455,.T.);
#4455 = SURFACE_CURVE('',#4456,(#4460,#4467),.PCURVE_S1.);
#4456 = LINE('',#4457,#4458);
#4457 = CARTESIAN_POINT('',(34.,141.525,-6.394448724536));
#4458 = VECTOR('',#4459,1.);
#4459 = DIRECTION('',(0.,-1.,0.));
#4460 = PCURVE('',#2873,#4461);
#4461 = DEFINITIONAL_REPRESENTATION('',(#4462),#4466);
#4462 = LINE('',#4463,#4464);
#4463 = CARTESIAN_POINT('',(28.394448724536,0.));
#4464 = VECTOR('',#4465,1.);
#4465 = DIRECTION('',(0.,-1.));
#4466 = ( GEOMETRIC_REPRESENTATION_CONTEXT(2)
PARAMETRIC_REPRESENTATION_CONTEXT() REPRESENTATION_CONTEXT('2D SPACE',''
  ) );
#4467 = PCURVE('',#4058,#4468);
#4468 = DEFINITIONAL_REPRESENTATION('',(#4469),#4473);
#4469 = LINE('',#4470,#4471);
#4470 = CARTESIAN_POINT('',(-0.,0.));
#4471 = VECTOR('',#4472,1.);
#4472 = DIRECTION('',(-0.,1.));
#4473 = ( GEOMETRIC_REPRESENTATION_CONTEXT(2)
PARAMETRIC_REPRESENTATION_CONTEXT() REPRESENTATION_CONTEXT('2D SPACE',''
  ) );
#4474 = ADVANCED_FACE('',(#4475),#2901,.F.);
#4475 = FACE_BOUND('',#4476,.F.);
#4476 = EDGE_LOOP('',(#4477,#4478,#4479,#4480,#4508));
#4477 = ORIENTED_EDGE('',*,*,#3682,.T.);
#4478 = ORIENTED_EDGE('',*,*,#2961,.F.);
#4479 = ORIENTED_EDGE('',*,*,#2885,.F.);
#4480 = ORIENTED_EDGE('',*,*,#4481,.T.);
#4481 = EDGE_CURVE('',#2858,#4482,#4484,.T.);
#4482 = VERTEX_POINT('',#4483);
#4483 = CARTESIAN_POINT('',(33.664100588676,141.525,-7.503849116986));
#4484 = SURFACE_CURVE('',#4485,(#4490,#4501),.PCURVE_S1.);
#4485 = CIRCLE('',#4486,2.);
#4486 = AXIS2_PLACEMENT_3D('',#4487,#4488,#4489);
#4487 = CARTESIAN_POINT('',(32.,141.525,-6.394448724536));
#4488 = DIRECTION('',(-0.,1.,0.));
#4489 = DIRECTION('',(0.,0.,-1.));
#4490 = PCURVE('',#2901,#4491);
#4491 = DEFINITIONAL_REPRESENTATION('',(#4492),#4500);
#4492 = ( BOUNDED_CURVE() B_SPLINE_CURVE(2,(#4493,#4494,#4495,#4496,
#4497,#4498,#4499),.UNSPECIFIED.,.T.,.F.) B_SPLINE_CURVE_WITH_KNOTS((1,2
    ,2,2,2,1),(-2.094395102393,0.,2.094395102393,4.188790204786,
6.28318530718,8.377580409573),.UNSPECIFIED.) CURVE()
GEOMETRIC_REPRESENTATION_ITEM() RATIONAL_B_SPLINE_CURVE((1.,0.5,1.,0.5,
1.,0.5,1.)) REPRESENTATION_ITEM('') );
#4493 = CARTESIAN_POINT('',(9.004966057396,-10.59989158529));
#4494 = CARTESIAN_POINT('',(9.004966057396,-14.06399320043));
#4495 = CARTESIAN_POINT('',(6.004966057396,-12.33194239286));
#4496 = CARTESIAN_POINT('',(3.004966057396,-10.59989158529));
#4497 = CARTESIAN_POINT('',(6.004966057396,-8.867840777728));
#4498 = CARTESIAN_POINT('',(9.004966057396,-7.135789970159));
#4499 = CARTESIAN_POINT('',(9.004966057396,-10.59989158529));
#4500 = ( GEOMETRIC_REPRESENTATION_CONTEXT(2)
PARAMETRIC_REPRESENTATION_CONTEXT() REPRESENTATION_CONTEXT('2D SPACE',''
  ) );
#4501 = PCURVE('',#4058,#4502);
#4502 = DEFINITIONAL_REPRESENTATION('',(#4503),#4507);
#4503 = LINE('',#4504,#4505);
#4504 = CARTESIAN_POINT('',(4.712388980385,-0.));
#4505 = VECTOR('',#4506,1.);
#4506 = DIRECTION('',(-1.,0.));
#4507 = ( GEOMETRIC_REPRESENTATION_CONTEXT(2)
PARAMETRIC_REPRESENTATION_CONTEXT() REPRESENTATION_CONTEXT('2D SPACE',''
  ) );
#4508 = ORIENTED_EDGE('',*,*,#4509,.T.);
#4509 = EDGE_CURVE('',#4482,#3683,#4510,.T.);
#4510 = SURFACE_CURVE('',#4511,(#4515,#4522),.PCURVE_S1.);
#4511 = LINE('',#4512,#4513);
#4512 = CARTESIAN_POINT('',(34.,141.525,-7.));
#4513 = VECTOR('',#4514,1.);
#4514 = DIRECTION('',(-0.554700196225,0.,-0.832050294338));
#4515 = PCURVE('',#2901,#4516);
#4516 = DEFINITIONAL_REPRESENTATION('',(#4517),#4521);
#4517 = LINE('',#4518,#4519);
#4518 = CARTESIAN_POINT('',(7.61051733286,-8.599891585297));
#4519 = VECTOR('',#4520,1.);
#4520 = DIRECTION('',(0.832050294338,-0.554700196225));
#4521 = ( GEOMETRIC_REPRESENTATION_CONTEXT(2)
PARAMETRIC_REPRESENTATION_CONTEXT() REPRESENTATION_CONTEXT('2D SPACE',''
  ) );
#4522 = PCURVE('',#3768,#4523);
#4523 = DEFINITIONAL_REPRESENTATION('',(#4524),#4528);
#4524 = LINE('',#4525,#4526);
#4525 = CARTESIAN_POINT('',(0.,0.));
#4526 = VECTOR('',#4527,1.);
#4527 = DIRECTION('',(1.,0.));
#4528 = ( GEOMETRIC_REPRESENTATION_CONTEXT(2)
PARAMETRIC_REPRESENTATION_CONTEXT() REPRESENTATION_CONTEXT('2D SPACE',''
  ) );
#4529 = ADVANCED_FACE('',(#4530),#3141,.F.);
#4530 = FACE_BOUND('',#4531,.F.);
#4531 = EDGE_LOOP('',(#4532,#4533,#4554,#4555));
#4532 = ORIENTED_EDGE('',*,*,#4121,.F.);
#4533 = ORIENTED_EDGE('',*,*,#4534,.T.);
#4534 = EDGE_CURVE('',#4099,#3355,#4535,.T.);
#4535 = SURFACE_CURVE('',#4536,(#4540,#4547),.PCURVE_S1.);
#4536 = LINE('',#4537,#4538);
#4537 = CARTESIAN_POINT('',(-52.,141.525,20.));
#4538 = VECTOR('',#4539,1.);
#4539 = DIRECTION('',(0.,-1.,0.));
#4540 = PCURVE('',#3141,#4541);
#4541 = DEFINITIONAL_REPRESENTATION('',(#4542),#4546);
#4542 = LINE('',#4543,#4544);
#4543 = CARTESIAN_POINT('',(2.,0.));
#4544 = VECTOR('',#4545,1.);
#4545 = DIRECTION('',(0.,-1.));
#4546 = ( GEOMETRIC_REPRESENTATION_CONTEXT(2)
PARAMETRIC_REPRESENTATION_CONTEXT() REPRESENTATION_CONTEXT('2D SPACE',''
  ) );
#4547 = PCURVE('',#3371,#4548);
#4548 = DEFINITIONAL_REPRESENTATION('',(#4549),#4553);
#4549 = LINE('',#4550,#4551);
#4550 = CARTESIAN_POINT('',(1.570796326795,0.));
#4551 = VECTOR('',#4552,1.);
#4552 = DIRECTION('',(0.,1.));
#4553 = ( GEOMETRIC_REPRESENTATION_CONTEXT(2)
PARAMETRIC_REPRESENTATION_CONTEXT() REPRESENTATION_CONTEXT('2D SPACE',''
  ) );
#4554 = ORIENTED_EDGE('',*,*,#3383,.T.);
#4555 = ORIENTED_EDGE('',*,*,#3127,.F.);
#4556 = ADVANCED_FACE('',(#4557),#3224,.F.);
#4557 = FACE_BOUND('',#4558,.F.);
#4558 = EDGE_LOOP('',(#4559,#4582,#4583,#4584));
#4559 = ORIENTED_EDGE('',*,*,#4560,.F.);
#4560 = EDGE_CURVE('',#3487,#4561,#4563,.T.);
#4561 = VERTEX_POINT('',#4562);
#4562 = CARTESIAN_POINT('',(-33.66410058867,141.525,-7.503849116986));
#4563 = SURFACE_CURVE('',#4564,(#4568,#4575),.PCURVE_S1.);
#4564 = LINE('',#4565,#4566);
#4565 = CARTESIAN_POINT('',(-32.,141.525,-10.));
#4566 = VECTOR('',#4567,1.);
#4567 = DIRECTION('',(-0.554700196225,0.,0.832050294338));
#4568 = PCURVE('',#3224,#4569);
#4569 = DEFINITIONAL_REPRESENTATION('',(#4570),#4574);
#4570 = LINE('',#4571,#4572);
#4571 = CARTESIAN_POINT('',(0.,0.));
#4572 = VECTOR('',#4573,1.);
#4573 = DIRECTION('',(1.,0.));
#4574 = ( GEOMETRIC_REPRESENTATION_CONTEXT(2)
PARAMETRIC_REPRESENTATION_CONTEXT() REPRESENTATION_CONTEXT('2D SPACE',''
  ) );
#4575 = PCURVE('',#3503,#4576);
#4576 = DEFINITIONAL_REPRESENTATION('',(#4577),#4581);
#4577 = LINE('',#4578,#4579);
#4578 = CARTESIAN_POINT('',(10.61051733286,10.599891585297));
#4579 = VECTOR('',#4580,1.);
#4580 = DIRECTION('',(-0.832050294338,-0.554700196225));
#4581 = ( GEOMETRIC_REPRESENTATION_CONTEXT(2)
PARAMETRIC_REPRESENTATION_CONTEXT() REPRESENTATION_CONTEXT('2D SPACE',''
  ) );
#4582 = ORIENTED_EDGE('',*,*,#3522,.T.);
#4583 = ORIENTED_EDGE('',*,*,#3206,.T.);
#4584 = ORIENTED_EDGE('',*,*,#4585,.F.);
#4585 = EDGE_CURVE('',#4561,#3209,#4586,.T.);
#4586 = SURFACE_CURVE('',#4587,(#4591,#4598),.PCURVE_S1.);
#4587 = LINE('',#4588,#4589);
#4588 = CARTESIAN_POINT('',(-33.66410058867,141.525,-7.503849116986));
#4589 = VECTOR('',#4590,1.);
#4590 = DIRECTION('',(0.,-1.,0.));
#4591 = PCURVE('',#3224,#4592);
#4592 = DEFINITIONAL_REPRESENTATION('',(#4593),#4597);
#4593 = LINE('',#4594,#4595);
#4594 = CARTESIAN_POINT('',(3.,0.));
#4595 = VECTOR('',#4596,1.);
#4596 = DIRECTION('',(0.,-1.));
#4597 = ( GEOMETRIC_REPRESENTATION_CONTEXT(2)
PARAMETRIC_REPRESENTATION_CONTEXT() REPRESENTATION_CONTEXT('2D SPACE',''
  ) );
#4598 = PCURVE('',#3257,#4599);
#4599 = DEFINITIONAL_REPRESENTATION('',(#4600),#4604);
#4600 = LINE('',#4601,#4602);
#4601 = CARTESIAN_POINT('',(-0.,0.));
#4602 = VECTOR('',#4603,1.);
#4603 = DIRECTION('',(-0.,1.));
#4604 = ( GEOMETRIC_REPRESENTATION_CONTEXT(2)
PARAMETRIC_REPRESENTATION_CONTEXT() REPRESENTATION_CONTEXT('2D SPACE',''
  ) );
#4605 = ADVANCED_FACE('',(#4606),#3257,.F.);
#4606 = FACE_BOUND('',#4607,.T.);
#4607 = EDGE_LOOP('',(#4608,#4634,#4655,#4656));
#4608 = ORIENTED_EDGE('',*,*,#4609,.T.);
#4609 = EDGE_CURVE('',#4561,#4149,#4610,.T.);
#4610 = SURFACE_CURVE('',#4611,(#4616,#4623),.PCURVE_S1.);
#4611 = CIRCLE('',#4612,2.);
#4612 = AXIS2_PLACEMENT_3D('',#4613,#4614,#4615);
#4613 = CARTESIAN_POINT('',(-32.,141.525,-6.394448724536));
#4614 = DIRECTION('',(-0.,1.,0.));
#4615 = DIRECTION('',(0.,0.,-1.));
#4616 = PCURVE('',#3257,#4617);
#4617 = DEFINITIONAL_REPRESENTATION('',(#4618),#4622);
#4618 = LINE('',#4619,#4620);
#4619 = CARTESIAN_POINT('',(0.982793723247,-0.));
#4620 = VECTOR('',#4621,1.);
#4621 = DIRECTION('',(-1.,0.));
#4622 = ( GEOMETRIC_REPRESENTATION_CONTEXT(2)
PARAMETRIC_REPRESENTATION_CONTEXT() REPRESENTATION_CONTEXT('2D SPACE',''
  ) );
#4623 = PCURVE('',#3503,#4624);
#4624 = DEFINITIONAL_REPRESENTATION('',(#4625),#4633);
#4625 = ( BOUNDED_CURVE() B_SPLINE_CURVE(2,(#4626,#4627,#4628,#4629,
#4630,#4631,#4632),.UNSPECIFIED.,.T.,.F.) B_SPLINE_CURVE_WITH_KNOTS((1,2
    ,2,2,2,1),(-2.094395102393,0.,2.094395102393,4.188790204786,
6.28318530718,8.377580409573),.UNSPECIFIED.) CURVE()
GEOMETRIC_REPRESENTATION_ITEM() RATIONAL_B_SPLINE_CURVE((1.,0.5,1.,0.5,
1.,0.5,1.)) REPRESENTATION_ITEM('') );
#4626 = CARTESIAN_POINT('',(9.004966057396,10.599891585297));
#4627 = CARTESIAN_POINT('',(9.004966057396,7.135789970159));
#4628 = CARTESIAN_POINT('',(6.004966057396,8.867840777728));
#4629 = CARTESIAN_POINT('',(3.004966057396,10.599891585297));
#4630 = CARTESIAN_POINT('',(6.004966057396,12.331942392866));
#4631 = CARTESIAN_POINT('',(9.004966057396,14.063993200435));
#4632 = CARTESIAN_POINT('',(9.004966057396,10.599891585297));
#4633 = ( GEOMETRIC_REPRESENTATION_CONTEXT(2)
PARAMETRIC_REPRESENTATION_CONTEXT() REPRESENTATION_CONTEXT('2D SPACE',''
  ) );
#4634 = ORIENTED_EDGE('',*,*,#4635,.T.);
#4635 = EDGE_CURVE('',#4149,#3237,#4636,.T.);
#4636 = SURFACE_CURVE('',#4637,(#4641,#4648),.PCURVE_S1.);
#4637 = LINE('',#4638,#4639);
#4638 = CARTESIAN_POINT('',(-34.,141.525,-6.394448724536));
#4639 = VECTOR('',#4640,1.);
#4640 = DIRECTION('',(0.,-1.,0.));
#4641 = PCURVE('',#3257,#4642);
#4642 = DEFINITIONAL_REPRESENTATION('',(#4643),#4647);
#4643 = LINE('',#4644,#4645);
#4644 = CARTESIAN_POINT('',(-0.588002603548,0.));
#4645 = VECTOR('',#4646,1.);
#4646 = DIRECTION('',(-0.,1.));
#4647 = ( GEOMETRIC_REPRESENTATION_CONTEXT(2)
PARAMETRIC_REPRESENTATION_CONTEXT() REPRESENTATION_CONTEXT('2D SPACE',''
  ) );
#4648 = PCURVE('',#3285,#4649);
#4649 = DEFINITIONAL_REPRESENTATION('',(#4650),#4654);
#4650 = LINE('',#4651,#4652);
#4651 = CARTESIAN_POINT('',(0.605551275464,0.));
#4652 = VECTOR('',#4653,1.);
#4653 = DIRECTION('',(0.,-1.));
#4654 = ( GEOMETRIC_REPRESENTATION_CONTEXT(2)
PARAMETRIC_REPRESENTATION_CONTEXT() REPRESENTATION_CONTEXT('2D SPACE',''
  ) );
#4655 = ORIENTED_EDGE('',*,*,#3236,.F.);
#4656 = ORIENTED_EDGE('',*,*,#4585,.F.);
#4657 = ADVANCED_FACE('',(#4658),#3285,.F.);
#4658 = FACE_BOUND('',#4659,.F.);
#4659 = EDGE_LOOP('',(#4660,#4661,#4662,#4663));
#4660 = ORIENTED_EDGE('',*,*,#4171,.F.);
#4661 = ORIENTED_EDGE('',*,*,#4635,.T.);
#4662 = ORIENTED_EDGE('',*,*,#3269,.T.);
#4663 = ORIENTED_EDGE('',*,*,#4664,.F.);
#4664 = EDGE_CURVE('',#4172,#3270,#4665,.T.);
#4665 = SURFACE_CURVE('',#4666,(#4670,#4677),.PCURVE_S1.);
#4666 = LINE('',#4667,#4668);
#4667 = CARTESIAN_POINT('',(-34.,141.525,20.));
#4668 = VECTOR('',#4669,1.);
#4669 = DIRECTION('',(0.,-1.,0.));
#4670 = PCURVE('',#3285,#4671);
#4671 = DEFINITIONAL_REPRESENTATION('',(#4672),#4676);
#4672 = LINE('',#4673,#4674);
#4673 = CARTESIAN_POINT('',(27.,0.));
#4674 = VECTOR('',#4675,1.);
#4675 = DIRECTION('',(0.,-1.));
#4676 = ( GEOMETRIC_REPRESENTATION_CONTEXT(2)
PARAMETRIC_REPRESENTATION_CONTEXT() REPRESENTATION_CONTEXT('2D SPACE',''
  ) );
#4677 = PCURVE('',#3314,#4678);
#4678 = DEFINITIONAL_REPRESENTATION('',(#4679),#4683);
#4679 = LINE('',#4680,#4681);
#4680 = CARTESIAN_POINT('',(0.,0.));
#4681 = VECTOR('',#4682,1.);
#4682 = DIRECTION('',(0.,1.));
#4683 = ( GEOMETRIC_REPRESENTATION_CONTEXT(2)
PARAMETRIC_REPRESENTATION_CONTEXT() REPRESENTATION_CONTEXT('2D SPACE',''
  ) );
#4684 = ADVANCED_FACE('',(#4685),#3314,.T.);
#4685 = FACE_BOUND('',#4686,.T.);
#4686 = EDGE_LOOP('',(#4687,#4688,#4709,#4710));
#4687 = ORIENTED_EDGE('',*,*,#4243,.T.);
#4688 = ORIENTED_EDGE('',*,*,#4689,.T.);
#4689 = EDGE_CURVE('',#4221,#3298,#4690,.T.);
#4690 = SURFACE_CURVE('',#4691,(#4695,#4702),.PCURVE_S1.);
#4691 = LINE('',#4692,#4693);
#4692 = CARTESIAN_POINT('',(-36.,141.525,22.));
#4693 = VECTOR('',#4694,1.);
#4694 = DIRECTION('',(0.,-1.,0.));
#4695 = PCURVE('',#3314,#4696);
#4696 = DEFINITIONAL_REPRESENTATION('',(#4697),#4701);
#4697 = LINE('',#4698,#4699);
#4698 = CARTESIAN_POINT('',(1.570796326795,0.));
#4699 = VECTOR('',#4700,1.);
#4700 = DIRECTION('',(0.,1.));
#4701 = ( GEOMETRIC_REPRESENTATION_CONTEXT(2)
PARAMETRIC_REPRESENTATION_CONTEXT() REPRESENTATION_CONTEXT('2D SPACE',''
  ) );
#4702 = PCURVE('',#3342,#4703);
#4703 = DEFINITIONAL_REPRESENTATION('',(#4704),#4708);
#4704 = LINE('',#4705,#4706);
#4705 = CARTESIAN_POINT('',(2.,0.));
#4706 = VECTOR('',#4707,1.);
#4707 = DIRECTION('',(0.,-1.));
#4708 = ( GEOMETRIC_REPRESENTATION_CONTEXT(2)
PARAMETRIC_REPRESENTATION_CONTEXT() REPRESENTATION_CONTEXT('2D SPACE',''
  ) );
#4709 = ORIENTED_EDGE('',*,*,#3297,.F.);
#4710 = ORIENTED_EDGE('',*,*,#4664,.F.);
#4711 = ADVANCED_FACE('',(#4712),#3342,.F.);
#4712 = FACE_BOUND('',#4713,.F.);
#4713 = EDGE_LOOP('',(#4714,#4715,#4716,#4717));
#4714 = ORIENTED_EDGE('',*,*,#4269,.F.);
#4715 = ORIENTED_EDGE('',*,*,#4689,.T.);
#4716 = ORIENTED_EDGE('',*,*,#3326,.T.);
#4717 = ORIENTED_EDGE('',*,*,#4718,.F.);
#4718 = EDGE_CURVE('',#4270,#3327,#4719,.T.);
#4719 = SURFACE_CURVE('',#4720,(#4724,#4731),.PCURVE_S1.);
#4720 = LINE('',#4721,#4722);
#4721 = CARTESIAN_POINT('',(-50.,141.525,22.));
#4722 = VECTOR('',#4723,1.);
#4723 = DIRECTION('',(0.,-1.,0.));
#4724 = PCURVE('',#3342,#4725);
#4725 = DEFINITIONAL_REPRESENTATION('',(#4726),#4730);
#4726 = LINE('',#4727,#4728);
#4727 = CARTESIAN_POINT('',(16.,0.));
#4728 = VECTOR('',#4729,1.);
#4729 = DIRECTION('',(0.,-1.));
#4730 = ( GEOMETRIC_REPRESENTATION_CONTEXT(2)
PARAMETRIC_REPRESENTATION_CONTEXT() REPRESENTATION_CONTEXT('2D SPACE',''
  ) );
#4731 = PCURVE('',#3371,#4732);
#4732 = DEFINITIONAL_REPRESENTATION('',(#4733),#4737);
#4733 = LINE('',#4734,#4735);
#4734 = CARTESIAN_POINT('',(0.,0.));
#4735 = VECTOR('',#4736,1.);
#4736 = DIRECTION('',(0.,1.));
#4737 = ( GEOMETRIC_REPRESENTATION_CONTEXT(2)
PARAMETRIC_REPRESENTATION_CONTEXT() REPRESENTATION_CONTEXT('2D SPACE',''
  ) );
#4738 = ADVANCED_FACE('',(#4739),#3371,.T.);
#4739 = FACE_BOUND('',#4740,.T.);
#4740 = EDGE_LOOP('',(#4741,#4742,#4743,#4744));
#4741 = ORIENTED_EDGE('',*,*,#4319,.T.);
#4742 = ORIENTED_EDGE('',*,*,#4534,.T.);
#4743 = ORIENTED_EDGE('',*,*,#3354,.F.);
#4744 = ORIENTED_EDGE('',*,*,#4718,.F.);
#4745 = ADVANCED_FACE('',(#4746),#3503,.F.);
#4746 = FACE_BOUND('',#4747,.F.);
#4747 = EDGE_LOOP('',(#4748,#4749,#4750,#4751,#4752));
#4748 = ORIENTED_EDGE('',*,*,#3486,.F.);
#4749 = ORIENTED_EDGE('',*,*,#4560,.T.);
#4750 = ORIENTED_EDGE('',*,*,#4609,.T.);
#4751 = ORIENTED_EDGE('',*,*,#4148,.F.);
#4752 = ORIENTED_EDGE('',*,*,#3591,.F.);
#4753 = ADVANCED_FACE('',(#4754),#3768,.F.);
#4754 = FACE_BOUND('',#4755,.F.);
#4755 = EDGE_LOOP('',(#4756,#4757,#4778,#4779));
#4756 = ORIENTED_EDGE('',*,*,#4509,.F.);
#4757 = ORIENTED_EDGE('',*,*,#4758,.T.);
#4758 = EDGE_CURVE('',#4482,#4038,#4759,.T.);
#4759 = SURFACE_CURVE('',#4760,(#4764,#4771),.PCURVE_S1.);
#4760 = LINE('',#4761,#4762);
#4761 = CARTESIAN_POINT('',(33.664100588676,141.525,-7.503849116986));
#4762 = VECTOR('',#4763,1.);
#4763 = DIRECTION('',(0.,-1.,0.));
#4764 = PCURVE('',#3768,#4765);
#4765 = DEFINITIONAL_REPRESENTATION('',(#4766),#4770);
#4766 = LINE('',#4767,#4768);
#4767 = CARTESIAN_POINT('',(0.605551275464,0.));
#4768 = VECTOR('',#4769,1.);
#4769 = DIRECTION('',(-0.,-1.));
#4770 = ( GEOMETRIC_REPRESENTATION_CONTEXT(2)
PARAMETRIC_REPRESENTATION_CONTEXT() REPRESENTATION_CONTEXT('2D SPACE',''
  ) );
#4771 = PCURVE('',#4058,#4772);
#4772 = DEFINITIONAL_REPRESENTATION('',(#4773),#4777);
#4773 = LINE('',#4774,#4775);
#4774 = CARTESIAN_POINT('',(-0.588002603548,0.));
#4775 = VECTOR('',#4776,1.);
#4776 = DIRECTION('',(-0.,1.));
#4777 = ( GEOMETRIC_REPRESENTATION_CONTEXT(2)
PARAMETRIC_REPRESENTATION_CONTEXT() REPRESENTATION_CONTEXT('2D SPACE',''
  ) );
#4778 = ORIENTED_EDGE('',*,*,#4070,.T.);
#4779 = ORIENTED_EDGE('',*,*,#3754,.F.);
#4780 = ADVANCED_FACE('',(#4781),#4058,.F.);
#4781 = FACE_BOUND('',#4782,.T.);
#4782 = EDGE_LOOP('',(#4783,#4784,#4785,#4786));
#4783 = ORIENTED_EDGE('',*,*,#4481,.T.);
#4784 = ORIENTED_EDGE('',*,*,#4758,.T.);
#4785 = ORIENTED_EDGE('',*,*,#4037,.F.);
#4786 = ORIENTED_EDGE('',*,*,#4454,.F.);
#4787 = ( GEOMETRIC_REPRESENTATION_CONTEXT(3)
GLOBAL_UNCERTAINTY_ASSIGNED_CONTEXT((#4791))
GLOBAL_UNIT_ASSIGNED_CONTEXT((#4788,#4789,#4790)) REPRESENTATION_CONTEXT
('Context #1','3D Context with UNIT and UNCERTAINTY') );
#4788 = ( LENGTH_UNIT() NAMED_UNIT(*) SI_UNIT(.MILLI.,.METRE.) );
#4789 = ( NAMED_UNIT(*) PLANE_ANGLE_UNIT() SI_UNIT($,.RADIAN.) );
#4790 = ( NAMED_UNIT(*) SI_UNIT($,.STERADIAN.) SOLID_ANGLE_UNIT() );
#4791 = UNCERTAINTY_MEASURE_WITH_UNIT(LENGTH_MEASURE(1.E-07),#4788,
  'distance_accuracy_value','confusion accuracy');
#4792 = CONTEXT_DEPENDENT_SHAPE_REPRESENTATION(#4793,#4795);
#4793 = ( REPRESENTATION_RELATIONSHIP('','',#36,#10)
REPRESENTATION_RELATIONSHIP_WITH_TRANSFORMATION(#4794)
SHAPE_REPRESENTATION_RELATIONSHIP() );
#4794 = ITEM_DEFINED_TRANSFORMATION('','',#11,#15);
#4795 = PRODUCT_DEFINITION_SHAPE('Placement','Placement of an item',
  #4796);
#4796 = NEXT_ASSEMBLY_USAGE_OCCURRENCE('88','','',#5,#31,$);
#4797 = PRODUCT_RELATED_PRODUCT_CATEGORY('part',$,(#33));
#4798 = SHAPE_DEFINITION_REPRESENTATION(#4799,#4805);
#4799 = PRODUCT_DEFINITION_SHAPE('','',#4800);
#4800 = PRODUCT_DEFINITION('design','',#4801,#4804);
#4801 = PRODUCT_DEFINITION_FORMATION('','',#4802);
#4802 = PRODUCT('Open CASCADE STEP translator 7.9 9.2',
  'Open CASCADE STEP translator 7.9 9.2','',(#4803));
#4803 = PRODUCT_CONTEXT('',#2,'mechanical');
#4804 = PRODUCT_DEFINITION_CONTEXT('part definition',#2,'design');
#4805 = ADVANCED_BREP_SHAPE_REPRESENTATION('',(#11,#4806),#9226);
#4806 = MANIFOLD_SOLID_BREP('',#4807);
#4807 = CLOSED_SHELL('',(#4808,#4984,#5862,#5917,#5972,#6053,#6639,#6715
    ,#6769,#6823,#6878,#6933,#6987,#7041,#7096,#7151,#7233,#7315,#7369,
    #7423,#7471,#7519,#7546,#7573,#7600,#7627,#7654,#7681,#7688,#7715,
    #7742,#7792,#7819,#7869,#7896,#7946,#7996,#8046,#8279,#8306,#8361,
    #8462,#8511,#8543,#8570,#8597,#8776,#8803,#8830,#8857,#8884,#8911,
    #8938,#8965,#8992,#9048,#9075,#9102,#9158,#9185,#9192,#9219));
#4808 = ADVANCED_FACE('',(#4809),#4823,.F.);
#4809 = FACE_BOUND('',#4810,.F.);
#4810 = EDGE_LOOP('',(#4811,#4846,#4874,#4902,#4930,#4958));
#4811 = ORIENTED_EDGE('',*,*,#4812,.F.);
#4812 = EDGE_CURVE('',#4813,#4815,#4817,.T.);
#4813 = VERTEX_POINT('',#4814);
#4814 = CARTESIAN_POINT('',(-49.,200.71415712904,46.053830524216));
#4815 = VERTEX_POINT('',#4816);
#4816 = CARTESIAN_POINT('',(49.,200.71415712904,46.053830524216));
#4817 = SURFACE_CURVE('',#4818,(#4822,#4834),.PCURVE_S1.);
#4818 = LINE('',#4819,#4820);
#4819 = CARTESIAN_POINT('',(-51.,200.71415712904,46.053830524216));
#4820 = VECTOR('',#4821,1.);
#4821 = DIRECTION('',(1.,0.,0.));
#4822 = PCURVE('',#4823,#4828);
#4823 = PLANE('',#4824);
#4824 = AXIS2_PLACEMENT_3D('',#4825,#4826,#4827);
#4825 = CARTESIAN_POINT('',(-51.,200.71415712904,46.053830524216));
#4826 = DIRECTION('',(0.,-0.882947714336,-0.469471334321));
#4827 = DIRECTION('',(1.,0.,0.));
#4828 = DEFINITIONAL_REPRESENTATION('',(#4829),#4833);
#4829 = LINE('',#4830,#4831);
#4830 = CARTESIAN_POINT('',(0.,0.));
#4831 = VECTOR('',#4832,1.);
#4832 = DIRECTION('',(1.,0.));
#4833 = ( GEOMETRIC_REPRESENTATION_CONTEXT(2)
PARAMETRIC_REPRESENTATION_CONTEXT() REPRESENTATION_CONTEXT('2D SPACE',''
  ) );
#4834 = PCURVE('',#4835,#4840);
#4835 = PLANE('',#4836);
#4836 = AXIS2_PLACEMENT_3D('',#4837,#4838,#4839);
#4837 = CARTESIAN_POINT('',(9.603494377206E-16,178.41073792296,
    34.19489957668));
#4838 = DIRECTION('',(-0.,0.469471334321,-0.882947714336));
#4839 = DIRECTION('',(0.,0.882947714336,0.469471334321));
#4840 = DEFINITIONAL_REPRESENTATION('',(#4841),#4845);
#4841 = LINE('',#4842,#4843);
#4842 = CARTESIAN_POINT('',(25.260181145444,-51.));
#4843 = VECTOR('',#4844,1.);
#4844 = DIRECTION('',(0.,1.));
#4845 = ( GEOMETRIC_REPRESENTATION_CONTEXT(2)
PARAMETRIC_REPRESENTATION_CONTEXT() REPRESENTATION_CONTEXT('2D SPACE',''
  ) );
#4846 = ORIENTED_EDGE('',*,*,#4847,.T.);
#4847 = EDGE_CURVE('',#4813,#4848,#4850,.T.);
#4848 = VERTEX_POINT('',#4849);
#4849 = CARTESIAN_POINT('',(-49.,205.18587158845,37.643753545166));
#4850 = SURFACE_CURVE('',#4851,(#4855,#4862),.PCURVE_S1.);
#4851 = LINE('',#4852,#4853);
#4852 = CARTESIAN_POINT('',(-49.,200.71415712904,46.053830524216));
#4853 = VECTOR('',#4854,1.);
#4854 = DIRECTION('',(0.,0.469471334321,-0.882947714336));
#4855 = PCURVE('',#4823,#4856);
#4856 = DEFINITIONAL_REPRESENTATION('',(#4857),#4861);
#4857 = LINE('',#4858,#4859);
#4858 = CARTESIAN_POINT('',(2.,0.));
#4859 = VECTOR('',#4860,1.);
#4860 = DIRECTION('',(0.,-1.));
#4861 = ( GEOMETRIC_REPRESENTATION_CONTEXT(2)
PARAMETRIC_REPRESENTATION_CONTEXT() REPRESENTATION_CONTEXT('2D SPACE',''
  ) );
#4862 = PCURVE('',#4863,#4868);
#4863 = CYLINDRICAL_SURFACE('',#4864,2.);
#4864 = AXIS2_PLACEMENT_3D('',#4865,#4866,#4867);
#4865 = CARTESIAN_POINT('',(-49.,198.94826170037,45.114887855574));
#4866 = DIRECTION('',(0.,0.469471334321,-0.882947714336));
#4867 = DIRECTION('',(0.,0.882947714336,0.469471334321));
#4868 = DEFINITIONAL_REPRESENTATION('',(#4869),#4873);
#4869 = LINE('',#4870,#4871);
#4870 = CARTESIAN_POINT('',(-0.,0.));
#4871 = VECTOR('',#4872,1.);
#4872 = DIRECTION('',(-0.,1.));
#4873 = ( GEOMETRIC_REPRESENTATION_CONTEXT(2)
PARAMETRIC_REPRESENTATION_CONTEXT() REPRESENTATION_CONTEXT('2D SPACE',''
  ) );
#4874 = ORIENTED_EDGE('',*,*,#4875,.T.);
#4875 = EDGE_CURVE('',#4848,#4876,#4878,.T.);
#4876 = VERTEX_POINT('',#4877);
#4877 = CARTESIAN_POINT('',(-34.,205.18587158845,37.643753545166));
#4878 = SURFACE_CURVE('',#4879,(#4883,#4890),.PCURVE_S1.);
#4879 = LINE('',#4880,#4881);
#4880 = CARTESIAN_POINT('',(-51.,205.18587158845,37.643753545166));
#4881 = VECTOR('',#4882,1.);
#4882 = DIRECTION('',(1.,0.,0.));
#4883 = PCURVE('',#4823,#4884);
#4884 = DEFINITIONAL_REPRESENTATION('',(#4885),#4889);
#4885 = LINE('',#4886,#4887);
#4886 = CARTESIAN_POINT('',(0.,-9.525));
#4887 = VECTOR('',#4888,1.);
#4888 = DIRECTION('',(1.,0.));
#4889 = ( GEOMETRIC_REPRESENTATION_CONTEXT(2)
PARAMETRIC_REPRESENTATION_CONTEXT() REPRESENTATION_CONTEXT('2D SPACE',''
  ) );
#4890 = PCURVE('',#4891,#4896);
#4891 = PLANE('',#4892);
#4892 = AXIS2_PLACEMENT_3D('',#4893,#4894,#4895);
#4893 = CARTESIAN_POINT('',(-51.,205.18587158845,37.643753545166));
#4894 = DIRECTION('',(0.,-0.882947714336,-0.469471334321));
#4895 = DIRECTION('',(1.,0.,0.));
#4896 = DEFINITIONAL_REPRESENTATION('',(#4897),#4901);
#4897 = LINE('',#4898,#4899);
#4898 = CARTESIAN_POINT('',(0.,0.));
#4899 = VECTOR('',#4900,1.);
#4900 = DIRECTION('',(1.,0.));
#4901 = ( GEOMETRIC_REPRESENTATION_CONTEXT(2)
PARAMETRIC_REPRESENTATION_CONTEXT() REPRESENTATION_CONTEXT('2D SPACE',''
  ) );
#4902 = ORIENTED_EDGE('',*,*,#4903,.T.);
#4903 = EDGE_CURVE('',#4876,#4904,#4906,.T.);
#4904 = VERTEX_POINT('',#4905);
#4905 = CARTESIAN_POINT('',(34.,205.18587158845,37.643753545166));
#4906 = SURFACE_CURVE('',#4907,(#4911,#4918),.PCURVE_S1.);
#4907 = LINE('',#4908,#4909);
#4908 = CARTESIAN_POINT('',(-51.,205.18587158845,37.643753545166));
#4909 = VECTOR('',#4910,1.);
#4910 = DIRECTION('',(1.,0.,0.));
#4911 = PCURVE('',#4823,#4912);
#4912 = DEFINITIONAL_REPRESENTATION('',(#4913),#4917);
#4913 = LINE('',#4914,#4915);
#4914 = CARTESIAN_POINT('',(0.,-9.525));
#4915 = VECTOR('',#4916,1.);
#4916 = DIRECTION('',(1.,0.));
#4917 = ( GEOMETRIC_REPRESENTATION_CONTEXT(2)
PARAMETRIC_REPRESENTATION_CONTEXT() REPRESENTATION_CONTEXT('2D SPACE',''
  ) );
#4918 = PCURVE('',#4919,#4924);
#4919 = PLANE('',#4920);
#4920 = AXIS2_PLACEMENT_3D('',#4921,#4922,#4923);
#4921 = CARTESIAN_POINT('',(9.603494377206E-16,182.88245238237,
    25.78482259763));
#4922 = DIRECTION('',(-0.,0.469471334321,-0.882947714336));
#4923 = DIRECTION('',(0.,0.882947714336,0.469471334321));
#4924 = DEFINITIONAL_REPRESENTATION('',(#4925),#4929);
#4925 = LINE('',#4926,#4927);
#4926 = CARTESIAN_POINT('',(25.260181145444,-51.));
#4927 = VECTOR('',#4928,1.);
#4928 = DIRECTION('',(0.,1.));
#4929 = ( GEOMETRIC_REPRESENTATION_CONTEXT(2)
PARAMETRIC_REPRESENTATION_CONTEXT() REPRESENTATION_CONTEXT('2D SPACE',''
  ) );
#4930 = ORIENTED_EDGE('',*,*,#4931,.T.);
#4931 = EDGE_CURVE('',#4904,#4932,#4934,.T.);
#4932 = VERTEX_POINT('',#4933);
#4933 = CARTESIAN_POINT('',(49.,205.18587158845,37.643753545166));
#4934 = SURFACE_CURVE('',#4935,(#4939,#4946),.PCURVE_S1.);
#4935 = LINE('',#4936,#4937);
#4936 = CARTESIAN_POINT('',(-51.,205.18587158845,37.643753545166));
#4937 = VECTOR('',#4938,1.);
#4938 = DIRECTION('',(1.,0.,0.));
#4939 = PCURVE('',#4823,#4940);
#4940 = DEFINITIONAL_REPRESENTATION('',(#4941),#4945);
#4941 = LINE('',#4942,#4943);
#4942 = CARTESIAN_POINT('',(0.,-9.525));
#4943 = VECTOR('',#4944,1.);
#4944 = DIRECTION('',(1.,0.));
#4945 = ( GEOMETRIC_REPRESENTATION_CONTEXT(2)
PARAMETRIC_REPRESENTATION_CONTEXT() REPRESENTATION_CONTEXT('2D SPACE',''
  ) );
#4946 = PCURVE('',#4947,#4952);
#4947 = PLANE('',#4948);
#4948 = AXIS2_PLACEMENT_3D('',#4949,#4950,#4951);
#4949 = CARTESIAN_POINT('',(32.,205.18587158845,37.643753545166));
#4950 = DIRECTION('',(0.,-0.882947714336,-0.469471334321));
#4951 = DIRECTION('',(1.,0.,0.));
#4952 = DEFINITIONAL_REPRESENTATION('',(#4953),#4957);
#4953 = LINE('',#4954,#4955);
#4954 = CARTESIAN_POINT('',(-83.,0.));
#4955 = VECTOR('',#4956,1.);
#4956 = DIRECTION('',(1.,0.));
#4957 = ( GEOMETRIC_REPRESENTATION_CONTEXT(2)
PARAMETRIC_REPRESENTATION_CONTEXT() REPRESENTATION_CONTEXT('2D SPACE',''
  ) );
#4958 = ORIENTED_EDGE('',*,*,#4959,.F.);
#4959 = EDGE_CURVE('',#4815,#4932,#4960,.T.);
#4960 = SURFACE_CURVE('',#4961,(#4965,#4972),.PCURVE_S1.);
#4961 = LINE('',#4962,#4963);
#4962 = CARTESIAN_POINT('',(49.,200.71415712904,46.053830524216));
#4963 = VECTOR('',#4964,1.);
#4964 = DIRECTION('',(0.,0.469471334321,-0.882947714336));
#4965 = PCURVE('',#4823,#4966);
#4966 = DEFINITIONAL_REPRESENTATION('',(#4967),#4971);
#4967 = LINE('',#4968,#4969);
#4968 = CARTESIAN_POINT('',(100.,0.));
#4969 = VECTOR('',#4970,1.);
#4970 = DIRECTION('',(0.,-1.));
#4971 = ( GEOMETRIC_REPRESENTATION_CONTEXT(2)
PARAMETRIC_REPRESENTATION_CONTEXT() REPRESENTATION_CONTEXT('2D SPACE',''
  ) );
#4972 = PCURVE('',#4973,#4978);
#4973 = CYLINDRICAL_SURFACE('',#4974,2.);
#4974 = AXIS2_PLACEMENT_3D('',#4975,#4976,#4977);
#4975 = CARTESIAN_POINT('',(49.,198.94826170037,45.114887855574));
#4976 = DIRECTION('',(0.,0.469471334321,-0.882947714336));
#4977 = DIRECTION('',(0.,0.882947714336,0.469471334321));
#4978 = DEFINITIONAL_REPRESENTATION('',(#4979),#4983);
#4979 = LINE('',#4980,#4981);
#4980 = CARTESIAN_POINT('',(0.,0.));
#4981 = VECTOR('',#4982,1.);
#4982 = DIRECTION('',(0.,1.));
#4983 = ( GEOMETRIC_REPRESENTATION_CONTEXT(2)
PARAMETRIC_REPRESENTATION_CONTEXT() REPRESENTATION_CONTEXT('2D SPACE',''
  ) );
#4984 = ADVANCED_FACE('',(#4985,#5652,#5687,#5722,#5757,#5792,#5827),
  #4835,.F.);
#4985 = FACE_BOUND('',#4986,.F.);
#4986 = EDGE_LOOP('',(#4987,#4988,#5012,#5040,#5069,#5097,#5126,#5154,
    #5187,#5215,#5248,#5276,#5305,#5333,#5362,#5390,#5423,#5451,#5484,
    #5512,#5541,#5569,#5598,#5626));
#4987 = ORIENTED_EDGE('',*,*,#4812,.T.);
#4988 = ORIENTED_EDGE('',*,*,#4989,.T.);
#4989 = EDGE_CURVE('',#4815,#4990,#4992,.T.);
#4990 = VERTEX_POINT('',#4991);
#4991 = CARTESIAN_POINT('',(51.,198.94826170037,45.114887855574));
#4992 = SURFACE_CURVE('',#4993,(#4998,#5005),.PCURVE_S1.);
#4993 = CIRCLE('',#4994,2.);
#4994 = AXIS2_PLACEMENT_3D('',#4995,#4996,#4997);
#4995 = CARTESIAN_POINT('',(49.,198.94826170037,45.114887855574));
#4996 = DIRECTION('',(0.,0.469471334321,-0.882947714336));
#4997 = DIRECTION('',(0.,0.882947714336,0.469471334321));
#4998 = PCURVE('',#4835,#4999);
#4999 = DEFINITIONAL_REPRESENTATION('',(#5000),#5004);
#5000 = CIRCLE('',#5001,2.);
#5001 = AXIS2_PLACEMENT_2D('',#5002,#5003);
#5002 = CARTESIAN_POINT('',(23.260181145444,49.));
#5003 = DIRECTION('',(1.,0.));
#5004 = ( GEOMETRIC_REPRESENTATION_CONTEXT(2)
PARAMETRIC_REPRESENTATION_CONTEXT() REPRESENTATION_CONTEXT('2D SPACE',''
  ) );
#5005 = PCURVE('',#4973,#5006);
#5006 = DEFINITIONAL_REPRESENTATION('',(#5007),#5011);
#5007 = LINE('',#5008,#5009);
#5008 = CARTESIAN_POINT('',(0.,0.));
#5009 = VECTOR('',#5010,1.);
#5010 = DIRECTION('',(1.,0.));
#5011 = ( GEOMETRIC_REPRESENTATION_CONTEXT(2)
PARAMETRIC_REPRESENTATION_CONTEXT() REPRESENTATION_CONTEXT('2D SPACE',''
  ) );
#5012 = ORIENTED_EDGE('',*,*,#5013,.T.);
#5013 = EDGE_CURVE('',#4990,#5014,#5016,.T.);
#5014 = VERTEX_POINT('',#5015);
#5015 = CARTESIAN_POINT('',(51.,151.81589552867,20.054179869069));
#5016 = SURFACE_CURVE('',#5017,(#5021,#5028),.PCURVE_S1.);
#5017 = LINE('',#5018,#5019);
#5018 = CARTESIAN_POINT('',(51.,200.71415712904,46.053830524216));
#5019 = VECTOR('',#5020,1.);
#5020 = DIRECTION('',(0.,-0.882947714336,-0.469471334321));
#5021 = PCURVE('',#4835,#5022);
#5022 = DEFINITIONAL_REPRESENTATION('',(#5023),#5027);
#5023 = LINE('',#5024,#5025);
#5024 = CARTESIAN_POINT('',(25.260181145444,51.));
#5025 = VECTOR('',#5026,1.);
#5026 = DIRECTION('',(-1.,0.));
#5027 = ( GEOMETRIC_REPRESENTATION_CONTEXT(2)
PARAMETRIC_REPRESENTATION_CONTEXT() REPRESENTATION_CONTEXT('2D SPACE',''
  ) );
#5028 = PCURVE('',#5029,#5034);
#5029 = PLANE('',#5030);
#5030 = AXIS2_PLACEMENT_3D('',#5031,#5032,#5033);
#5031 = CARTESIAN_POINT('',(51.,200.71415712904,46.053830524216));
#5032 = DIRECTION('',(-1.,-0.,0.));
#5033 = DIRECTION('',(0.,-0.882947714336,-0.469471334321));
#5034 = DEFINITIONAL_REPRESENTATION('',(#5035),#5039);
#5035 = LINE('',#5036,#5037);
#5036 = CARTESIAN_POINT('',(0.,0.));
#5037 = VECTOR('',#5038,1.);
#5038 = DIRECTION('',(1.,0.));
#5039 = ( GEOMETRIC_REPRESENTATION_CONTEXT(2)
PARAMETRIC_REPRESENTATION_CONTEXT() REPRESENTATION_CONTEXT('2D SPACE',''
  ) );
#5040 = ORIENTED_EDGE('',*,*,#5041,.T.);
#5041 = EDGE_CURVE('',#5014,#5042,#5044,.T.);
#5042 = VERTEX_POINT('',#5043);
#5043 = CARTESIAN_POINT('',(49.,150.0500001,19.115237200427));
#5044 = SURFACE_CURVE('',#5045,(#5050,#5057),.PCURVE_S1.);
#5045 = CIRCLE('',#5046,2.);
#5046 = AXIS2_PLACEMENT_3D('',#5047,#5048,#5049);
#5047 = CARTESIAN_POINT('',(49.,151.81589552867,20.054179869069));
#5048 = DIRECTION('',(0.,0.469471334321,-0.882947714336));
#5049 = DIRECTION('',(0.,0.882947714336,0.469471334321));
#5050 = PCURVE('',#4835,#5051);
#5051 = DEFINITIONAL_REPRESENTATION('',(#5052),#5056);
#5052 = CIRCLE('',#5053,2.);
#5053 = AXIS2_PLACEMENT_2D('',#5054,#5055);
#5054 = CARTESIAN_POINT('',(-30.12051785455,49.));
#5055 = DIRECTION('',(1.,0.));
#5056 = ( GEOMETRIC_REPRESENTATION_CONTEXT(2)
PARAMETRIC_REPRESENTATION_CONTEXT() REPRESENTATION_CONTEXT('2D SPACE',''
  ) );
#5057 = PCURVE('',#5058,#5063);
#5058 = CYLINDRICAL_SURFACE('',#5059,2.);
#5059 = AXIS2_PLACEMENT_3D('',#5060,#5061,#5062);
#5060 = CARTESIAN_POINT('',(49.,151.81589552867,20.054179869069));
#5061 = DIRECTION('',(0.,0.469471334321,-0.882947714336));
#5062 = DIRECTION('',(1.,0.,0.));
#5063 = DEFINITIONAL_REPRESENTATION('',(#5064),#5068);
#5064 = LINE('',#5065,#5066);
#5065 = CARTESIAN_POINT('',(-1.570796326795,0.));
#5066 = VECTOR('',#5067,1.);
#5067 = DIRECTION('',(1.,0.));
#5068 = ( GEOMETRIC_REPRESENTATION_CONTEXT(2)
PARAMETRIC_REPRESENTATION_CONTEXT() REPRESENTATION_CONTEXT('2D SPACE',''
  ) );
#5069 = ORIENTED_EDGE('',*,*,#5070,.T.);
#5070 = EDGE_CURVE('',#5042,#5071,#5073,.T.);
#5071 = VERTEX_POINT('',#5072);
#5072 = CARTESIAN_POINT('',(37.,150.0500001,19.115237200427));
#5073 = SURFACE_CURVE('',#5074,(#5078,#5085),.PCURVE_S1.);
#5074 = LINE('',#5075,#5076);
#5075 = CARTESIAN_POINT('',(51.,150.0500001,19.115237200427));
#5076 = VECTOR('',#5077,1.);
#5077 = DIRECTION('',(-1.,-0.,0.));
#5078 = PCURVE('',#4835,#5079);
#5079 = DEFINITIONAL_REPRESENTATION('',(#5080),#5084);
#5080 = LINE('',#5081,#5082);
#5081 = CARTESIAN_POINT('',(-32.12051785455,51.));
#5082 = VECTOR('',#5083,1.);
#5083 = DIRECTION('',(0.,-1.));
#5084 = ( GEOMETRIC_REPRESENTATION_CONTEXT(2)
PARAMETRIC_REPRESENTATION_CONTEXT() REPRESENTATION_CONTEXT('2D SPACE',''
  ) );
#5085 = PCURVE('',#5086,#5091);
#5086 = PLANE('',#5087);
#5087 = AXIS2_PLACEMENT_3D('',#5088,#5089,#5090);
#5088 = CARTESIAN_POINT('',(51.,150.0500001,19.115237200427));
#5089 = DIRECTION('',(-0.,0.882947714336,0.469471334321));
#5090 = DIRECTION('',(-1.,-0.,0.));
#5091 = DEFINITIONAL_REPRESENTATION('',(#5092),#5096);
#5092 = LINE('',#5093,#5094);
#5093 = CARTESIAN_POINT('',(0.,0.));
#5094 = VECTOR('',#5095,1.);
#5095 = DIRECTION('',(1.,0.));
#5096 = ( GEOMETRIC_REPRESENTATION_CONTEXT(2)
PARAMETRIC_REPRESENTATION_CONTEXT() REPRESENTATION_CONTEXT('2D SPACE',''
  ) );
#5097 = ORIENTED_EDGE('',*,*,#5098,.T.);
#5098 = EDGE_CURVE('',#5071,#5099,#5101,.T.);
#5099 = VERTEX_POINT('',#5100);
#5100 = CARTESIAN_POINT('',(35.,151.81589552867,20.054179869069));
#5101 = SURFACE_CURVE('',#5102,(#5107,#5114),.PCURVE_S1.);
#5102 = CIRCLE('',#5103,2.);
#5103 = AXIS2_PLACEMENT_3D('',#5104,#5105,#5106);
#5104 = CARTESIAN_POINT('',(37.,151.81589552867,20.054179869069));
#5105 = DIRECTION('',(0.,0.469471334321,-0.882947714336));
#5106 = DIRECTION('',(0.,0.882947714336,0.469471334321));
#5107 = PCURVE('',#4835,#5108);
#5108 = DEFINITIONAL_REPRESENTATION('',(#5109),#5113);
#5109 = CIRCLE('',#5110,2.);
#5110 = AXIS2_PLACEMENT_2D('',#5111,#5112);
#5111 = CARTESIAN_POINT('',(-30.12051785455,37.));
#5112 = DIRECTION('',(1.,0.));
#5113 = ( GEOMETRIC_REPRESENTATION_CONTEXT(2)
PARAMETRIC_REPRESENTATION_CONTEXT() REPRESENTATION_CONTEXT('2D SPACE',''
  ) );
#5114 = PCURVE('',#5115,#5120);
#5115 = CYLINDRICAL_SURFACE('',#5116,2.);
#5116 = AXIS2_PLACEMENT_3D('',#5117,#5118,#5119);
#5117 = CARTESIAN_POINT('',(37.,151.81589552867,20.054179869069));
#5118 = DIRECTION('',(0.,0.469471334321,-0.882947714336));
#5119 = DIRECTION('',(0.,-0.882947714336,-0.469471334321));
#5120 = DEFINITIONAL_REPRESENTATION('',(#5121),#5125);
#5121 = LINE('',#5122,#5123);
#5122 = CARTESIAN_POINT('',(-3.14159265359,0.));
#5123 = VECTOR('',#5124,1.);
#5124 = DIRECTION('',(1.,0.));
#5125 = ( GEOMETRIC_REPRESENTATION_CONTEXT(2)
PARAMETRIC_REPRESENTATION_CONTEXT() REPRESENTATION_CONTEXT('2D SPACE',''
  ) );
#5126 = ORIENTED_EDGE('',*,*,#5127,.T.);
#5127 = EDGE_CURVE('',#5099,#5128,#5130,.T.);
#5128 = VERTEX_POINT('',#5129);
#5129 = CARTESIAN_POINT('',(35.,190.11878455701,40.420174512366));
#5130 = SURFACE_CURVE('',#5131,(#5135,#5142),.PCURVE_S1.);
#5131 = LINE('',#5132,#5133);
#5132 = CARTESIAN_POINT('',(35.,150.0500001,19.115237200427));
#5133 = VECTOR('',#5134,1.);
#5134 = DIRECTION('',(0.,0.882947714336,0.469471334321));
#5135 = PCURVE('',#4835,#5136);
#5136 = DEFINITIONAL_REPRESENTATION('',(#5137),#5141);
#5137 = LINE('',#5138,#5139);
#5138 = CARTESIAN_POINT('',(-32.12051785455,35.));
#5139 = VECTOR('',#5140,1.);
#5140 = DIRECTION('',(1.,0.));
#5141 = ( GEOMETRIC_REPRESENTATION_CONTEXT(2)
PARAMETRIC_REPRESENTATION_CONTEXT() REPRESENTATION_CONTEXT('2D SPACE',''
  ) );
#5142 = PCURVE('',#5143,#5148);
#5143 = PLANE('',#5144);
#5144 = AXIS2_PLACEMENT_3D('',#5145,#5146,#5147);
#5145 = CARTESIAN_POINT('',(35.,150.0500001,19.115237200427));
#5146 = DIRECTION('',(1.,0.,0.));
#5147 = DIRECTION('',(0.,0.882947714336,0.469471334321));
#5148 = DEFINITIONAL_REPRESENTATION('',(#5149),#5153);
#5149 = LINE('',#5150,#5151);
#5150 = CARTESIAN_POINT('',(0.,0.));
#5151 = VECTOR('',#5152,1.);
#5152 = DIRECTION('',(1.,0.));
#5153 = ( GEOMETRIC_REPRESENTATION_CONTEXT(2)
PARAMETRIC_REPRESENTATION_CONTEXT() REPRESENTATION_CONTEXT('2D SPACE',''
  ) );
#5154 = ORIENTED_EDGE('',*,*,#5155,.T.);
#5155 = EDGE_CURVE('',#5128,#5156,#5158,.T.);
#5156 = VERTEX_POINT('',#5157);
#5157 = CARTESIAN_POINT('',(33.,191.88467998569,41.359117181008));
#5158 = SURFACE_CURVE('',#5159,(#5164,#5175),.PCURVE_S1.);
#5159 = CIRCLE('',#5160,2.);
#5160 = AXIS2_PLACEMENT_3D('',#5161,#5162,#5163);
#5161 = CARTESIAN_POINT('',(33.,190.11878455701,40.420174512366));
#5162 = DIRECTION('',(0.,-0.469471334321,0.882947714336));
#5163 = DIRECTION('',(0.,0.882947714336,0.469471334321));
#5164 = PCURVE('',#4835,#5165);
#5165 = DEFINITIONAL_REPRESENTATION('',(#5166),#5174);
#5166 = ( BOUNDED_CURVE() B_SPLINE_CURVE(2,(#5167,#5168,#5169,#5170,
#5171,#5172,#5173),.UNSPECIFIED.,.T.,.F.) B_SPLINE_CURVE_WITH_KNOTS((1,2
    ,2,2,2,1),(-2.094395102393,0.,2.094395102393,4.188790204786,
6.28318530718,8.377580409573),.UNSPECIFIED.) CURVE()
GEOMETRIC_REPRESENTATION_ITEM() RATIONAL_B_SPLINE_CURVE((1.,0.5,1.,0.5,
1.,0.5,1.)) REPRESENTATION_ITEM('') );
#5167 = CARTESIAN_POINT('',(15.260181145444,33.));
#5168 = CARTESIAN_POINT('',(15.260181145444,29.535898384862));
#5169 = CARTESIAN_POINT('',(12.260181145444,31.267949192431));
#5170 = CARTESIAN_POINT('',(9.260181145444,33.));
#5171 = CARTESIAN_POINT('',(12.260181145444,34.732050807569));
#5172 = CARTESIAN_POINT('',(15.260181145444,36.464101615138));
#5173 = CARTESIAN_POINT('',(15.260181145444,33.));
#5174 = ( GEOMETRIC_REPRESENTATION_CONTEXT(2)
PARAMETRIC_REPRESENTATION_CONTEXT() REPRESENTATION_CONTEXT('2D SPACE',''
  ) );
#5175 = PCURVE('',#5176,#5181);
#5176 = CYLINDRICAL_SURFACE('',#5177,2.);
#5177 = AXIS2_PLACEMENT_3D('',#5178,#5179,#5180);
#5178 = CARTESIAN_POINT('',(33.,190.11878455701,40.420174512366));
#5179 = DIRECTION('',(0.,0.469471334321,-0.882947714336));
#5180 = DIRECTION('',(1.,0.,0.));
#5181 = DEFINITIONAL_REPRESENTATION('',(#5182),#5186);
#5182 = LINE('',#5183,#5184);
#5183 = CARTESIAN_POINT('',(4.712388980385,-0.));
#5184 = VECTOR('',#5185,1.);
#5185 = DIRECTION('',(-1.,0.));
#5186 = ( GEOMETRIC_REPRESENTATION_CONTEXT(2)
PARAMETRIC_REPRESENTATION_CONTEXT() REPRESENTATION_CONTEXT('2D SPACE',''
  ) );
#5187 = ORIENTED_EDGE('',*,*,#5188,.T.);
#5188 = EDGE_CURVE('',#5156,#5189,#5191,.T.);
#5189 = VERTEX_POINT('',#5190);
#5190 = CARTESIAN_POINT('',(26.,191.88467998569,41.359117181008));
#5191 = SURFACE_CURVE('',#5192,(#5196,#5203),.PCURVE_S1.);
#5192 = LINE('',#5193,#5194);
#5193 = CARTESIAN_POINT('',(35.,191.88467998569,41.359117181008));
#5194 = VECTOR('',#5195,1.);
#5195 = DIRECTION('',(-1.,-0.,0.));
#5196 = PCURVE('',#4835,#5197);
#5197 = DEFINITIONAL_REPRESENTATION('',(#5198),#5202);
#5198 = LINE('',#5199,#5200);
#5199 = CARTESIAN_POINT('',(15.260181145444,35.));
#5200 = VECTOR('',#5201,1.);
#5201 = DIRECTION('',(0.,-1.));
#5202 = ( GEOMETRIC_REPRESENTATION_CONTEXT(2)
PARAMETRIC_REPRESENTATION_CONTEXT() REPRESENTATION_CONTEXT('2D SPACE',''
  ) );
#5203 = PCURVE('',#5204,#5209);
#5204 = PLANE('',#5205);
#5205 = AXIS2_PLACEMENT_3D('',#5206,#5207,#5208);
#5206 = CARTESIAN_POINT('',(35.,191.88467998569,41.359117181008));
#5207 = DIRECTION('',(-0.,0.882947714336,0.469471334321));
#5208 = DIRECTION('',(-1.,-0.,0.));
#5209 = DEFINITIONAL_REPRESENTATION('',(#5210),#5214);
#5210 = LINE('',#5211,#5212);
#5211 = CARTESIAN_POINT('',(0.,0.));
#5212 = VECTOR('',#5213,1.);
#5213 = DIRECTION('',(1.,0.));
#5214 = ( GEOMETRIC_REPRESENTATION_CONTEXT(2)
PARAMETRIC_REPRESENTATION_CONTEXT() REPRESENTATION_CONTEXT('2D SPACE',''
  ) );
#5215 = ORIENTED_EDGE('',*,*,#5216,.T.);
#5216 = EDGE_CURVE('',#5189,#5217,#5219,.T.);
#5217 = VERTEX_POINT('',#5218);
#5218 = CARTESIAN_POINT('',(24.,190.11878455701,40.420174512366));
#5219 = SURFACE_CURVE('',#5220,(#5225,#5236),.PCURVE_S1.);
#5220 = CIRCLE('',#5221,2.);
#5221 = AXIS2_PLACEMENT_3D('',#5222,#5223,#5224);
#5222 = CARTESIAN_POINT('',(26.,190.11878455701,40.420174512366));
#5223 = DIRECTION('',(0.,-0.469471334321,0.882947714336));
#5224 = DIRECTION('',(0.,0.882947714336,0.469471334321));
#5225 = PCURVE('',#4835,#5226);
#5226 = DEFINITIONAL_REPRESENTATION('',(#5227),#5235);
#5227 = ( BOUNDED_CURVE() B_SPLINE_CURVE(2,(#5228,#5229,#5230,#5231,
#5232,#5233,#5234),.UNSPECIFIED.,.T.,.F.) B_SPLINE_CURVE_WITH_KNOTS((1,2
    ,2,2,2,1),(-2.094395102393,0.,2.094395102393,4.188790204786,
6.28318530718,8.377580409573),.UNSPECIFIED.) CURVE()
GEOMETRIC_REPRESENTATION_ITEM() RATIONAL_B_SPLINE_CURVE((1.,0.5,1.,0.5,
1.,0.5,1.)) REPRESENTATION_ITEM('') );
#5228 = CARTESIAN_POINT('',(15.260181145444,26.));
#5229 = CARTESIAN_POINT('',(15.260181145444,22.535898384862));
#5230 = CARTESIAN_POINT('',(12.260181145444,24.267949192431));
#5231 = CARTESIAN_POINT('',(9.260181145444,26.));
#5232 = CARTESIAN_POINT('',(12.260181145444,27.732050807569));
#5233 = CARTESIAN_POINT('',(15.260181145444,29.464101615138));
#5234 = CARTESIAN_POINT('',(15.260181145444,26.));
#5235 = ( GEOMETRIC_REPRESENTATION_CONTEXT(2)
PARAMETRIC_REPRESENTATION_CONTEXT() REPRESENTATION_CONTEXT('2D SPACE',''
  ) );
#5236 = PCURVE('',#5237,#5242);
#5237 = CYLINDRICAL_SURFACE('',#5238,2.);
#5238 = AXIS2_PLACEMENT_3D('',#5239,#5240,#5241);
#5239 = CARTESIAN_POINT('',(26.,190.11878455701,40.420174512366));
#5240 = DIRECTION('',(0.,0.469471334321,-0.882947714336));
#5241 = DIRECTION('',(-0.,0.882947714336,0.469471334321));
#5242 = DEFINITIONAL_REPRESENTATION('',(#5243),#5247);
#5243 = LINE('',#5244,#5245);
#5244 = CARTESIAN_POINT('',(-0.,0.));
#5245 = VECTOR('',#5246,1.);
#5246 = DIRECTION('',(-1.,0.));
#5247 = ( GEOMETRIC_REPRESENTATION_CONTEXT(2)
PARAMETRIC_REPRESENTATION_CONTEXT() REPRESENTATION_CONTEXT('2D SPACE',''
  ) );
#5248 = ORIENTED_EDGE('',*,*,#5249,.T.);
#5249 = EDGE_CURVE('',#5217,#5250,#5252,.T.);
#5250 = VERTEX_POINT('',#5251);
#5251 = CARTESIAN_POINT('',(24.,167.16214398428,28.213919820026));
#5252 = SURFACE_CURVE('',#5253,(#5257,#5264),.PCURVE_S1.);
#5253 = LINE('',#5254,#5255);
#5254 = CARTESIAN_POINT('',(24.,191.88467998569,41.359117181008));
#5255 = VECTOR('',#5256,1.);
#5256 = DIRECTION('',(0.,-0.882947714336,-0.469471334321));
#5257 = PCURVE('',#4835,#5258);
#5258 = DEFINITIONAL_REPRESENTATION('',(#5259),#5263);
#5259 = LINE('',#5260,#5261);
#5260 = CARTESIAN_POINT('',(15.260181145444,24.));
#5261 = VECTOR('',#5262,1.);
#5262 = DIRECTION('',(-1.,0.));
#5263 = ( GEOMETRIC_REPRESENTATION_CONTEXT(2)
PARAMETRIC_REPRESENTATION_CONTEXT() REPRESENTATION_CONTEXT('2D SPACE',''
  ) );
#5264 = PCURVE('',#5265,#5270);
#5265 = PLANE('',#5266);
#5266 = AXIS2_PLACEMENT_3D('',#5267,#5268,#5269);
#5267 = CARTESIAN_POINT('',(24.,191.88467998569,41.359117181008));
#5268 = DIRECTION('',(-1.,-0.,0.));
#5269 = DIRECTION('',(0.,-0.882947714336,-0.469471334321));
#5270 = DEFINITIONAL_REPRESENTATION('',(#5271),#5275);
#5271 = LINE('',#5272,#5273);
#5272 = CARTESIAN_POINT('',(0.,0.));
#5273 = VECTOR('',#5274,1.);
#5274 = DIRECTION('',(1.,0.));
#5275 = ( GEOMETRIC_REPRESENTATION_CONTEXT(2)
PARAMETRIC_REPRESENTATION_CONTEXT() REPRESENTATION_CONTEXT('2D SPACE',''
  ) );
#5276 = ORIENTED_EDGE('',*,*,#5277,.T.);
#5277 = EDGE_CURVE('',#5250,#5278,#5280,.T.);
#5278 = VERTEX_POINT('',#5279);
#5279 = CARTESIAN_POINT('',(22.,165.39624855561,27.274977151385));
#5280 = SURFACE_CURVE('',#5281,(#5286,#5293),.PCURVE_S1.);
#5281 = CIRCLE('',#5282,2.);
#5282 = AXIS2_PLACEMENT_3D('',#5283,#5284,#5285);
#5283 = CARTESIAN_POINT('',(22.,167.16214398428,28.213919820026));
#5284 = DIRECTION('',(0.,0.469471334321,-0.882947714336));
#5285 = DIRECTION('',(0.,0.882947714336,0.469471334321));
#5286 = PCURVE('',#4835,#5287);
#5287 = DEFINITIONAL_REPRESENTATION('',(#5288),#5292);
#5288 = CIRCLE('',#5289,2.);
#5289 = AXIS2_PLACEMENT_2D('',#5290,#5291);
#5290 = CARTESIAN_POINT('',(-12.73981885455,22.));
#5291 = DIRECTION('',(1.,0.));
#5292 = ( GEOMETRIC_REPRESENTATION_CONTEXT(2)
PARAMETRIC_REPRESENTATION_CONTEXT() REPRESENTATION_CONTEXT('2D SPACE',''
  ) );
#5293 = PCURVE('',#5294,#5299);
#5294 = CYLINDRICAL_SURFACE('',#5295,2.);
#5295 = AXIS2_PLACEMENT_3D('',#5296,#5297,#5298);
#5296 = CARTESIAN_POINT('',(22.,167.16214398428,28.213919820026));
#5297 = DIRECTION('',(0.,0.469471334321,-0.882947714336));
#5298 = DIRECTION('',(1.,0.,0.));
#5299 = DEFINITIONAL_REPRESENTATION('',(#5300),#5304);
#5300 = LINE('',#5301,#5302);
#5301 = CARTESIAN_POINT('',(-1.570796326795,0.));
#5302 = VECTOR('',#5303,1.);
#5303 = DIRECTION('',(1.,0.));
#5304 = ( GEOMETRIC_REPRESENTATION_CONTEXT(2)
PARAMETRIC_REPRESENTATION_CONTEXT() REPRESENTATION_CONTEXT('2D SPACE',''
  ) );
#5305 = ORIENTED_EDGE('',*,*,#5306,.T.);
#5306 = EDGE_CURVE('',#5278,#5307,#5309,.T.);
#5307 = VERTEX_POINT('',#5308);
#5308 = CARTESIAN_POINT('',(-22.,165.39624855561,27.274977151385));
#5309 = SURFACE_CURVE('',#5310,(#5314,#5321),.PCURVE_S1.);
#5310 = LINE('',#5311,#5312);
#5311 = CARTESIAN_POINT('',(24.,165.39624855561,27.274977151385));
#5312 = VECTOR('',#5313,1.);
#5313 = DIRECTION('',(-1.,-0.,0.));
#5314 = PCURVE('',#4835,#5315);
#5315 = DEFINITIONAL_REPRESENTATION('',(#5316),#5320);
#5316 = LINE('',#5317,#5318);
#5317 = CARTESIAN_POINT('',(-14.73981885455,24.));
#5318 = VECTOR('',#5319,1.);
#5319 = DIRECTION('',(0.,-1.));
#5320 = ( GEOMETRIC_REPRESENTATION_CONTEXT(2)
PARAMETRIC_REPRESENTATION_CONTEXT() REPRESENTATION_CONTEXT('2D SPACE',''
  ) );
#5321 = PCURVE('',#5322,#5327);
#5322 = PLANE('',#5323);
#5323 = AXIS2_PLACEMENT_3D('',#5324,#5325,#5326);
#5324 = CARTESIAN_POINT('',(24.,165.39624855561,27.274977151385));
#5325 = DIRECTION('',(-0.,0.882947714336,0.469471334321));
#5326 = DIRECTION('',(-1.,-0.,0.));
#5327 = DEFINITIONAL_REPRESENTATION('',(#5328),#5332);
#5328 = LINE('',#5329,#5330);
#5329 = CARTESIAN_POINT('',(0.,0.));
#5330 = VECTOR('',#5331,1.);
#5331 = DIRECTION('',(1.,0.));
#5332 = ( GEOMETRIC_REPRESENTATION_CONTEXT(2)
PARAMETRIC_REPRESENTATION_CONTEXT() REPRESENTATION_CONTEXT('2D SPACE',''
  ) );
#5333 = ORIENTED_EDGE('',*,*,#5334,.T.);
#5334 = EDGE_CURVE('',#5307,#5335,#5337,.T.);
#5335 = VERTEX_POINT('',#5336);
#5336 = CARTESIAN_POINT('',(-24.,167.16214398428,28.213919820026));
#5337 = SURFACE_CURVE('',#5338,(#5343,#5350),.PCURVE_S1.);
#5338 = CIRCLE('',#5339,2.);
#5339 = AXIS2_PLACEMENT_3D('',#5340,#5341,#5342);
#5340 = CARTESIAN_POINT('',(-22.,167.16214398428,28.213919820026));
#5341 = DIRECTION('',(0.,0.469471334321,-0.882947714336));
#5342 = DIRECTION('',(0.,0.882947714336,0.469471334321));
#5343 = PCURVE('',#4835,#5344);
#5344 = DEFINITIONAL_REPRESENTATION('',(#5345),#5349);
#5345 = CIRCLE('',#5346,2.);
#5346 = AXIS2_PLACEMENT_2D('',#5347,#5348);
#5347 = CARTESIAN_POINT('',(-12.73981885455,-22.));
#5348 = DIRECTION('',(1.,0.));
#5349 = ( GEOMETRIC_REPRESENTATION_CONTEXT(2)
PARAMETRIC_REPRESENTATION_CONTEXT() REPRESENTATION_CONTEXT('2D SPACE',''
  ) );
#5350 = PCURVE('',#5351,#5356);
#5351 = CYLINDRICAL_SURFACE('',#5352,2.);
#5352 = AXIS2_PLACEMENT_3D('',#5353,#5354,#5355);
#5353 = CARTESIAN_POINT('',(-22.,167.16214398428,28.213919820026));
#5354 = DIRECTION('',(0.,0.469471334321,-0.882947714336));
#5355 = DIRECTION('',(0.,-0.882947714336,-0.469471334321));
#5356 = DEFINITIONAL_REPRESENTATION('',(#5357),#5361);
#5357 = LINE('',#5358,#5359);
#5358 = CARTESIAN_POINT('',(-3.14159265359,0.));
#5359 = VECTOR('',#5360,1.);
#5360 = DIRECTION('',(1.,0.));
#5361 = ( GEOMETRIC_REPRESENTATION_CONTEXT(2)
PARAMETRIC_REPRESENTATION_CONTEXT() REPRESENTATION_CONTEXT('2D SPACE',''
  ) );
#5362 = ORIENTED_EDGE('',*,*,#5363,.T.);
#5363 = EDGE_CURVE('',#5335,#5364,#5366,.T.);
#5364 = VERTEX_POINT('',#5365);
#5365 = CARTESIAN_POINT('',(-24.,190.11878455701,40.420174512366));
#5366 = SURFACE_CURVE('',#5367,(#5371,#5378),.PCURVE_S1.);
#5367 = LINE('',#5368,#5369);
#5368 = CARTESIAN_POINT('',(-24.,165.39624855561,27.274977151385));
#5369 = VECTOR('',#5370,1.);
#5370 = DIRECTION('',(0.,0.882947714336,0.469471334321));
#5371 = PCURVE('',#4835,#5372);
#5372 = DEFINITIONAL_REPRESENTATION('',(#5373),#5377);
#5373 = LINE('',#5374,#5375);
#5374 = CARTESIAN_POINT('',(-14.73981885455,-24.));
#5375 = VECTOR('',#5376,1.);
#5376 = DIRECTION('',(1.,0.));
#5377 = ( GEOMETRIC_REPRESENTATION_CONTEXT(2)
PARAMETRIC_REPRESENTATION_CONTEXT() REPRESENTATION_CONTEXT('2D SPACE',''
  ) );
#5378 = PCURVE('',#5379,#5384);
#5379 = PLANE('',#5380);
#5380 = AXIS2_PLACEMENT_3D('',#5381,#5382,#5383);
#5381 = CARTESIAN_POINT('',(-24.,165.39624855561,27.274977151385));
#5382 = DIRECTION('',(1.,0.,0.));
#5383 = DIRECTION('',(0.,0.882947714336,0.469471334321));
#5384 = DEFINITIONAL_REPRESENTATION('',(#5385),#5389);
#5385 = LINE('',#5386,#5387);
#5386 = CARTESIAN_POINT('',(0.,0.));
#5387 = VECTOR('',#5388,1.);
#5388 = DIRECTION('',(1.,0.));
#5389 = ( GEOMETRIC_REPRESENTATION_CONTEXT(2)
PARAMETRIC_REPRESENTATION_CONTEXT() REPRESENTATION_CONTEXT('2D SPACE',''
  ) );
#5390 = ORIENTED_EDGE('',*,*,#5391,.T.);
#5391 = EDGE_CURVE('',#5364,#5392,#5394,.T.);
#5392 = VERTEX_POINT('',#5393);
#5393 = CARTESIAN_POINT('',(-26.,191.88467998569,41.359117181008));
#5394 = SURFACE_CURVE('',#5395,(#5400,#5411),.PCURVE_S1.);
#5395 = CIRCLE('',#5396,2.);
#5396 = AXIS2_PLACEMENT_3D('',#5397,#5398,#5399);
#5397 = CARTESIAN_POINT('',(-26.,190.11878455701,40.420174512366));
#5398 = DIRECTION('',(0.,-0.469471334321,0.882947714336));
#5399 = DIRECTION('',(0.,0.882947714336,0.469471334321));
#5400 = PCURVE('',#4835,#5401);
#5401 = DEFINITIONAL_REPRESENTATION('',(#5402),#5410);
#5402 = ( BOUNDED_CURVE() B_SPLINE_CURVE(2,(#5403,#5404,#5405,#5406,
#5407,#5408,#5409),.UNSPECIFIED.,.T.,.F.) B_SPLINE_CURVE_WITH_KNOTS((1,2
    ,2,2,2,1),(-2.094395102393,0.,2.094395102393,4.188790204786,
6.28318530718,8.377580409573),.UNSPECIFIED.) CURVE()
GEOMETRIC_REPRESENTATION_ITEM() RATIONAL_B_SPLINE_CURVE((1.,0.5,1.,0.5,
1.,0.5,1.)) REPRESENTATION_ITEM('') );
#5403 = CARTESIAN_POINT('',(15.260181145444,-26.));
#5404 = CARTESIAN_POINT('',(15.260181145444,-29.46410161513));
#5405 = CARTESIAN_POINT('',(12.260181145444,-27.73205080756));
#5406 = CARTESIAN_POINT('',(9.260181145444,-26.));
#5407 = CARTESIAN_POINT('',(12.260181145444,-24.26794919243));
#5408 = CARTESIAN_POINT('',(15.260181145444,-22.53589838486));
#5409 = CARTESIAN_POINT('',(15.260181145444,-26.));
#5410 = ( GEOMETRIC_REPRESENTATION_CONTEXT(2)
PARAMETRIC_REPRESENTATION_CONTEXT() REPRESENTATION_CONTEXT('2D SPACE',''
  ) );
#5411 = PCURVE('',#5412,#5417);
#5412 = CYLINDRICAL_SURFACE('',#5413,2.);
#5413 = AXIS2_PLACEMENT_3D('',#5414,#5415,#5416);
#5414 = CARTESIAN_POINT('',(-26.,190.11878455701,40.420174512366));
#5415 = DIRECTION('',(0.,0.469471334321,-0.882947714336));
#5416 = DIRECTION('',(1.,0.,0.));
#5417 = DEFINITIONAL_REPRESENTATION('',(#5418),#5422);
#5418 = LINE('',#5419,#5420);
#5419 = CARTESIAN_POINT('',(4.712388980385,-0.));
#5420 = VECTOR('',#5421,1.);
#5421 = DIRECTION('',(-1.,0.));
#5422 = ( GEOMETRIC_REPRESENTATION_CONTEXT(2)
PARAMETRIC_REPRESENTATION_CONTEXT() REPRESENTATION_CONTEXT('2D SPACE',''
  ) );
#5423 = ORIENTED_EDGE('',*,*,#5424,.T.);
#5424 = EDGE_CURVE('',#5392,#5425,#5427,.T.);
#5425 = VERTEX_POINT('',#5426);
#5426 = CARTESIAN_POINT('',(-33.,191.88467998569,41.359117181008));
#5427 = SURFACE_CURVE('',#5428,(#5432,#5439),.PCURVE_S1.);
#5428 = LINE('',#5429,#5430);
#5429 = CARTESIAN_POINT('',(-24.,191.88467998569,41.359117181008));
#5430 = VECTOR('',#5431,1.);
#5431 = DIRECTION('',(-1.,-0.,0.));
#5432 = PCURVE('',#4835,#5433);
#5433 = DEFINITIONAL_REPRESENTATION('',(#5434),#5438);
#5434 = LINE('',#5435,#5436);
#5435 = CARTESIAN_POINT('',(15.260181145444,-24.));
#5436 = VECTOR('',#5437,1.);
#5437 = DIRECTION('',(0.,-1.));
#5438 = ( GEOMETRIC_REPRESENTATION_CONTEXT(2)
PARAMETRIC_REPRESENTATION_CONTEXT() REPRESENTATION_CONTEXT('2D SPACE',''
  ) );
#5439 = PCURVE('',#5440,#5445);
#5440 = PLANE('',#5441);
#5441 = AXIS2_PLACEMENT_3D('',#5442,#5443,#5444);
#5442 = CARTESIAN_POINT('',(-24.,191.88467998569,41.359117181008));
#5443 = DIRECTION('',(-0.,0.882947714336,0.469471334321));
#5444 = DIRECTION('',(-1.,-0.,0.));
#5445 = DEFINITIONAL_REPRESENTATION('',(#5446),#5450);
#5446 = LINE('',#5447,#5448);
#5447 = CARTESIAN_POINT('',(0.,0.));
#5448 = VECTOR('',#5449,1.);
#5449 = DIRECTION('',(1.,0.));
#5450 = ( GEOMETRIC_REPRESENTATION_CONTEXT(2)
PARAMETRIC_REPRESENTATION_CONTEXT() REPRESENTATION_CONTEXT('2D SPACE',''
  ) );
#5451 = ORIENTED_EDGE('',*,*,#5452,.T.);
#5452 = EDGE_CURVE('',#5425,#5453,#5455,.T.);
#5453 = VERTEX_POINT('',#5454);
#5454 = CARTESIAN_POINT('',(-35.,190.11878455701,40.420174512366));
#5455 = SURFACE_CURVE('',#5456,(#5461,#5472),.PCURVE_S1.);
#5456 = CIRCLE('',#5457,2.);
#5457 = AXIS2_PLACEMENT_3D('',#5458,#5459,#5460);
#5458 = CARTESIAN_POINT('',(-33.,190.11878455701,40.420174512366));
#5459 = DIRECTION('',(0.,-0.469471334321,0.882947714336));
#5460 = DIRECTION('',(0.,0.882947714336,0.469471334321));
#5461 = PCURVE('',#4835,#5462);
#5462 = DEFINITIONAL_REPRESENTATION('',(#5463),#5471);
#5463 = ( BOUNDED_CURVE() B_SPLINE_CURVE(2,(#5464,#5465,#5466,#5467,
#5468,#5469,#5470),.UNSPECIFIED.,.T.,.F.) B_SPLINE_CURVE_WITH_KNOTS((1,2
    ,2,2,2,1),(-2.094395102393,0.,2.094395102393,4.188790204786,
6.28318530718,8.377580409573),.UNSPECIFIED.) CURVE()
GEOMETRIC_REPRESENTATION_ITEM() RATIONAL_B_SPLINE_CURVE((1.,0.5,1.,0.5,
1.,0.5,1.)) REPRESENTATION_ITEM('') );
#5464 = CARTESIAN_POINT('',(15.260181145444,-33.));
#5465 = CARTESIAN_POINT('',(15.260181145444,-36.46410161513));
#5466 = CARTESIAN_POINT('',(12.260181145444,-34.73205080756));
#5467 = CARTESIAN_POINT('',(9.260181145444,-33.));
#5468 = CARTESIAN_POINT('',(12.260181145444,-31.26794919243));
#5469 = CARTESIAN_POINT('',(15.260181145444,-29.53589838486));
#5470 = CARTESIAN_POINT('',(15.260181145444,-33.));
#5471 = ( GEOMETRIC_REPRESENTATION_CONTEXT(2)
PARAMETRIC_REPRESENTATION_CONTEXT() REPRESENTATION_CONTEXT('2D SPACE',''
  ) );
#5472 = PCURVE('',#5473,#5478);
#5473 = CYLINDRICAL_SURFACE('',#5474,2.);
#5474 = AXIS2_PLACEMENT_3D('',#5475,#5476,#5477);
#5475 = CARTESIAN_POINT('',(-33.,190.11878455701,40.420174512366));
#5476 = DIRECTION('',(0.,0.469471334321,-0.882947714336));
#5477 = DIRECTION('',(-0.,0.882947714336,0.469471334321));
#5478 = DEFINITIONAL_REPRESENTATION('',(#5479),#5483);
#5479 = LINE('',#5480,#5481);
#5480 = CARTESIAN_POINT('',(-0.,0.));
#5481 = VECTOR('',#5482,1.);
#5482 = DIRECTION('',(-1.,0.));
#5483 = ( GEOMETRIC_REPRESENTATION_CONTEXT(2)
PARAMETRIC_REPRESENTATION_CONTEXT() REPRESENTATION_CONTEXT('2D SPACE',''
  ) );
#5484 = ORIENTED_EDGE('',*,*,#5485,.T.);
#5485 = EDGE_CURVE('',#5453,#5486,#5488,.T.);
#5486 = VERTEX_POINT('',#5487);
#5487 = CARTESIAN_POINT('',(-35.,151.81589552867,20.054179869069));
#5488 = SURFACE_CURVE('',#5489,(#5493,#5500),.PCURVE_S1.);
#5489 = LINE('',#5490,#5491);
#5490 = CARTESIAN_POINT('',(-35.,191.88467998569,41.359117181008));
#5491 = VECTOR('',#5492,1.);
#5492 = DIRECTION('',(0.,-0.882947714336,-0.469471334321));
#5493 = PCURVE('',#4835,#5494);
#5494 = DEFINITIONAL_REPRESENTATION('',(#5495),#5499);
#5495 = LINE('',#5496,#5497);
#5496 = CARTESIAN_POINT('',(15.260181145444,-35.));
#5497 = VECTOR('',#5498,1.);
#5498 = DIRECTION('',(-1.,0.));
#5499 = ( GEOMETRIC_REPRESENTATION_CONTEXT(2)
PARAMETRIC_REPRESENTATION_CONTEXT() REPRESENTATION_CONTEXT('2D SPACE',''
  ) );
#5500 = PCURVE('',#5501,#5506);
#5501 = PLANE('',#5502);
#5502 = AXIS2_PLACEMENT_3D('',#5503,#5504,#5505);
#5503 = CARTESIAN_POINT('',(-35.,191.88467998569,41.359117181008));
#5504 = DIRECTION('',(-1.,-0.,0.));
#5505 = DIRECTION('',(0.,-0.882947714336,-0.469471334321));
#5506 = DEFINITIONAL_REPRESENTATION('',(#5507),#5511);
#5507 = LINE('',#5508,#5509);
#5508 = CARTESIAN_POINT('',(0.,0.));
#5509 = VECTOR('',#5510,1.);
#5510 = DIRECTION('',(1.,0.));
#5511 = ( GEOMETRIC_REPRESENTATION_CONTEXT(2)
PARAMETRIC_REPRESENTATION_CONTEXT() REPRESENTATION_CONTEXT('2D SPACE',''
  ) );
#5512 = ORIENTED_EDGE('',*,*,#5513,.T.);
#5513 = EDGE_CURVE('',#5486,#5514,#5516,.T.);
#5514 = VERTEX_POINT('',#5515);
#5515 = CARTESIAN_POINT('',(-37.,150.0500001,19.115237200427));
#5516 = SURFACE_CURVE('',#5517,(#5522,#5529),.PCURVE_S1.);
#5517 = CIRCLE('',#5518,2.);
#5518 = AXIS2_PLACEMENT_3D('',#5519,#5520,#5521);
#5519 = CARTESIAN_POINT('',(-37.,151.81589552867,20.054179869069));
#5520 = DIRECTION('',(0.,0.469471334321,-0.882947714336));
#5521 = DIRECTION('',(0.,0.882947714336,0.469471334321));
#5522 = PCURVE('',#4835,#5523);
#5523 = DEFINITIONAL_REPRESENTATION('',(#5524),#5528);
#5524 = CIRCLE('',#5525,2.);
#5525 = AXIS2_PLACEMENT_2D('',#5526,#5527);
#5526 = CARTESIAN_POINT('',(-30.12051785455,-37.));
#5527 = DIRECTION('',(1.,0.));
#5528 = ( GEOMETRIC_REPRESENTATION_CONTEXT(2)
PARAMETRIC_REPRESENTATION_CONTEXT() REPRESENTATION_CONTEXT('2D SPACE',''
  ) );
#5529 = PCURVE('',#5530,#5535);
#5530 = CYLINDRICAL_SURFACE('',#5531,2.);
#5531 = AXIS2_PLACEMENT_3D('',#5532,#5533,#5534);
#5532 = CARTESIAN_POINT('',(-37.,151.81589552867,20.054179869069));
#5533 = DIRECTION('',(0.,0.469471334321,-0.882947714336));
#5534 = DIRECTION('',(1.,0.,0.));
#5535 = DEFINITIONAL_REPRESENTATION('',(#5536),#5540);
#5536 = LINE('',#5537,#5538);
#5537 = CARTESIAN_POINT('',(-1.570796326795,0.));
#5538 = VECTOR('',#5539,1.);
#5539 = DIRECTION('',(1.,0.));
#5540 = ( GEOMETRIC_REPRESENTATION_CONTEXT(2)
PARAMETRIC_REPRESENTATION_CONTEXT() REPRESENTATION_CONTEXT('2D SPACE',''
  ) );
#5541 = ORIENTED_EDGE('',*,*,#5542,.T.);
#5542 = EDGE_CURVE('',#5514,#5543,#5545,.T.);
#5543 = VERTEX_POINT('',#5544);
#5544 = CARTESIAN_POINT('',(-49.,150.0500001,19.115237200427));
#5545 = SURFACE_CURVE('',#5546,(#5550,#5557),.PCURVE_S1.);
#5546 = LINE('',#5547,#5548);
#5547 = CARTESIAN_POINT('',(-35.,150.0500001,19.115237200427));
#5548 = VECTOR('',#5549,1.);
#5549 = DIRECTION('',(-1.,-0.,0.));
#5550 = PCURVE('',#4835,#5551);
#5551 = DEFINITIONAL_REPRESENTATION('',(#5552),#5556);
#5552 = LINE('',#5553,#5554);
#5553 = CARTESIAN_POINT('',(-32.12051785455,-35.));
#5554 = VECTOR('',#5555,1.);
#5555 = DIRECTION('',(0.,-1.));
#5556 = ( GEOMETRIC_REPRESENTATION_CONTEXT(2)
PARAMETRIC_REPRESENTATION_CONTEXT() REPRESENTATION_CONTEXT('2D SPACE',''
  ) );
#5557 = PCURVE('',#5558,#5563);
#5558 = PLANE('',#5559);
#5559 = AXIS2_PLACEMENT_3D('',#5560,#5561,#5562);
#5560 = CARTESIAN_POINT('',(-35.,150.0500001,19.115237200427));
#5561 = DIRECTION('',(-0.,0.882947714336,0.469471334321));
#5562 = DIRECTION('',(-1.,-0.,0.));
#5563 = DEFINITIONAL_REPRESENTATION('',(#5564),#5568);
#5564 = LINE('',#5565,#5566);
#5565 = CARTESIAN_POINT('',(0.,0.));
#5566 = VECTOR('',#5567,1.);
#5567 = DIRECTION('',(1.,0.));
#5568 = ( GEOMETRIC_REPRESENTATION_CONTEXT(2)
PARAMETRIC_REPRESENTATION_CONTEXT() REPRESENTATION_CONTEXT('2D SPACE',''
  ) );
#5569 = ORIENTED_EDGE('',*,*,#5570,.T.);
#5570 = EDGE_CURVE('',#5543,#5571,#5573,.T.);
#5571 = VERTEX_POINT('',#5572);
#5572 = CARTESIAN_POINT('',(-51.,151.81589552867,20.054179869069));
#5573 = SURFACE_CURVE('',#5574,(#5579,#5586),.PCURVE_S1.);
#5574 = CIRCLE('',#5575,2.);
#5575 = AXIS2_PLACEMENT_3D('',#5576,#5577,#5578);
#5576 = CARTESIAN_POINT('',(-49.,151.81589552867,20.054179869069));
#5577 = DIRECTION('',(0.,0.469471334321,-0.882947714336));
#5578 = DIRECTION('',(0.,0.882947714336,0.469471334321));
#5579 = PCURVE('',#4835,#5580);
#5580 = DEFINITIONAL_REPRESENTATION('',(#5581),#5585);
#5581 = CIRCLE('',#5582,2.);
#5582 = AXIS2_PLACEMENT_2D('',#5583,#5584);
#5583 = CARTESIAN_POINT('',(-30.12051785455,-49.));
#5584 = DIRECTION('',(1.,0.));
#5585 = ( GEOMETRIC_REPRESENTATION_CONTEXT(2)
PARAMETRIC_REPRESENTATION_CONTEXT() REPRESENTATION_CONTEXT('2D SPACE',''
  ) );
#5586 = PCURVE('',#5587,#5592);
#5587 = CYLINDRICAL_SURFACE('',#5588,2.);
#5588 = AXIS2_PLACEMENT_3D('',#5589,#5590,#5591);
#5589 = CARTESIAN_POINT('',(-49.,151.81589552867,20.054179869069));
#5590 = DIRECTION('',(0.,0.469471334321,-0.882947714336));
#5591 = DIRECTION('',(0.,-0.882947714336,-0.469471334321));
#5592 = DEFINITIONAL_REPRESENTATION('',(#5593),#5597);
#5593 = LINE('',#5594,#5595);
#5594 = CARTESIAN_POINT('',(-3.14159265359,0.));
#5595 = VECTOR('',#5596,1.);
#5596 = DIRECTION('',(1.,0.));
#5597 = ( GEOMETRIC_REPRESENTATION_CONTEXT(2)
PARAMETRIC_REPRESENTATION_CONTEXT() REPRESENTATION_CONTEXT('2D SPACE',''
  ) );
#5598 = ORIENTED_EDGE('',*,*,#5599,.T.);
#5599 = EDGE_CURVE('',#5571,#5600,#5602,.T.);
#5600 = VERTEX_POINT('',#5601);
#5601 = CARTESIAN_POINT('',(-51.,198.94826170037,45.114887855574));
#5602 = SURFACE_CURVE('',#5603,(#5607,#5614),.PCURVE_S1.);
#5603 = LINE('',#5604,#5605);
#5604 = CARTESIAN_POINT('',(-51.,150.0500001,19.115237200427));
#5605 = VECTOR('',#5606,1.);
#5606 = DIRECTION('',(0.,0.882947714336,0.469471334321));
#5607 = PCURVE('',#4835,#5608);
#5608 = DEFINITIONAL_REPRESENTATION('',(#5609),#5613);
#5609 = LINE('',#5610,#5611);
#5610 = CARTESIAN_POINT('',(-32.12051785455,-51.));
#5611 = VECTOR('',#5612,1.);
#5612 = DIRECTION('',(1.,0.));
#5613 = ( GEOMETRIC_REPRESENTATION_CONTEXT(2)
PARAMETRIC_REPRESENTATION_CONTEXT() REPRESENTATION_CONTEXT('2D SPACE',''
  ) );
#5614 = PCURVE('',#5615,#5620);
#5615 = PLANE('',#5616);
#5616 = AXIS2_PLACEMENT_3D('',#5617,#5618,#5619);
#5617 = CARTESIAN_POINT('',(-51.,150.0500001,19.115237200427));
#5618 = DIRECTION('',(1.,0.,0.));
#5619 = DIRECTION('',(0.,0.882947714336,0.469471334321));
#5620 = DEFINITIONAL_REPRESENTATION('',(#5621),#5625);
#5621 = LINE('',#5622,#5623);
#5622 = CARTESIAN_POINT('',(0.,0.));
#5623 = VECTOR('',#5624,1.);
#5624 = DIRECTION('',(1.,0.));
#5625 = ( GEOMETRIC_REPRESENTATION_CONTEXT(2)
PARAMETRIC_REPRESENTATION_CONTEXT() REPRESENTATION_CONTEXT('2D SPACE',''
  ) );
#5626 = ORIENTED_EDGE('',*,*,#5627,.F.);
#5627 = EDGE_CURVE('',#4813,#5600,#5628,.T.);
#5628 = SURFACE_CURVE('',#5629,(#5634,#5645),.PCURVE_S1.);
#5629 = CIRCLE('',#5630,2.);
#5630 = AXIS2_PLACEMENT_3D('',#5631,#5632,#5633);
#5631 = CARTESIAN_POINT('',(-49.,198.94826170037,45.114887855574));
#5632 = DIRECTION('',(0.,-0.469471334321,0.882947714336));
#5633 = DIRECTION('',(0.,0.882947714336,0.469471334321));
#5634 = PCURVE('',#4835,#5635);
#5635 = DEFINITIONAL_REPRESENTATION('',(#5636),#5644);
#5636 = ( BOUNDED_CURVE() B_SPLINE_CURVE(2,(#5637,#5638,#5639,#5640,
#5641,#5642,#5643),.UNSPECIFIED.,.T.,.F.) B_SPLINE_CURVE_WITH_KNOTS((1,2
    ,2,2,2,1),(-2.094395102393,0.,2.094395102393,4.188790204786,
6.28318530718,8.377580409573),.UNSPECIFIED.) CURVE()
GEOMETRIC_REPRESENTATION_ITEM() RATIONAL_B_SPLINE_CURVE((1.,0.5,1.,0.5,
1.,0.5,1.)) REPRESENTATION_ITEM('') );
#5637 = CARTESIAN_POINT('',(25.260181145444,-49.));
#5638 = CARTESIAN_POINT('',(25.260181145444,-52.46410161513));
#5639 = CARTESIAN_POINT('',(22.260181145444,-50.73205080756));
#5640 = CARTESIAN_POINT('',(19.260181145444,-49.));
#5641 = CARTESIAN_POINT('',(22.260181145444,-47.26794919243));
#5642 = CARTESIAN_POINT('',(25.260181145444,-45.53589838486));
#5643 = CARTESIAN_POINT('',(25.260181145444,-49.));
#5644 = ( GEOMETRIC_REPRESENTATION_CONTEXT(2)
PARAMETRIC_REPRESENTATION_CONTEXT() REPRESENTATION_CONTEXT('2D SPACE',''
  ) );
#5645 = PCURVE('',#4863,#5646);
#5646 = DEFINITIONAL_REPRESENTATION('',(#5647),#5651);
#5647 = LINE('',#5648,#5649);
#5648 = CARTESIAN_POINT('',(-0.,0.));
#5649 = VECTOR('',#5650,1.);
#5650 = DIRECTION('',(-1.,0.));
#5651 = ( GEOMETRIC_REPRESENTATION_CONTEXT(2)
PARAMETRIC_REPRESENTATION_CONTEXT() REPRESENTATION_CONTEXT('2D SPACE',''
  ) );
#5652 = FACE_BOUND('',#5653,.F.);
#5653 = EDGE_LOOP('',(#5654));
#5654 = ORIENTED_EDGE('',*,*,#5655,.T.);
#5655 = EDGE_CURVE('',#5656,#5656,#5658,.T.);
#5656 = VERTEX_POINT('',#5657);
#5657 = CARTESIAN_POINT('',(-16.,174.79964171328,32.274846861901));
#5658 = SURFACE_CURVE('',#5659,(#5664,#5675),.PCURVE_S1.);
#5659 = CIRCLE('',#5660,1.35);
#5660 = AXIS2_PLACEMENT_3D('',#5661,#5662,#5663);
#5661 = CARTESIAN_POINT('',(-16.,175.99162112764,32.908633163234));
#5662 = DIRECTION('',(0.,-0.469471334321,0.882947714336));
#5663 = DIRECTION('',(0.,-0.882947714336,-0.469471334321));
#5664 = PCURVE('',#4835,#5665);
#5665 = DEFINITIONAL_REPRESENTATION('',(#5666),#5674);
#5666 = ( BOUNDED_CURVE() B_SPLINE_CURVE(2,(#5667,#5668,#5669,#5670,
#5671,#5672,#5673),.UNSPECIFIED.,.T.,.F.) B_SPLINE_CURVE_WITH_KNOTS((1,2
    ,2,2,2,1),(-2.094395102393,0.,2.094395102393,4.188790204786,
6.28318530718,8.377580409573),.UNSPECIFIED.) CURVE()
GEOMETRIC_REPRESENTATION_ITEM() RATIONAL_B_SPLINE_CURVE((1.,0.5,1.,0.5,
1.,0.5,1.)) REPRESENTATION_ITEM('') );
#5667 = CARTESIAN_POINT('',(-4.089818854556,-16.));
#5668 = CARTESIAN_POINT('',(-4.089818854556,-13.66173140978));
#5669 = CARTESIAN_POINT('',(-2.064818854556,-14.83086570489));
#5670 = CARTESIAN_POINT('',(-3.981885455582E-02,-16.));
#5671 = CARTESIAN_POINT('',(-2.064818854556,-17.1691342951));
#5672 = CARTESIAN_POINT('',(-4.089818854556,-18.33826859021));
#5673 = CARTESIAN_POINT('',(-4.089818854556,-16.));
#5674 = ( GEOMETRIC_REPRESENTATION_CONTEXT(2)
PARAMETRIC_REPRESENTATION_CONTEXT() REPRESENTATION_CONTEXT('2D SPACE',''
  ) );
#5675 = PCURVE('',#5676,#5681);
#5676 = CYLINDRICAL_SURFACE('',#5677,1.35);
#5677 = AXIS2_PLACEMENT_3D('',#5678,#5679,#5680);
#5678 = CARTESIAN_POINT('',(-16.,180.46333558704,24.498556184184));
#5679 = DIRECTION('',(0.,-0.469471334321,0.882947714336));
#5680 = DIRECTION('',(0.,-0.882947714336,-0.469471334321));
#5681 = DEFINITIONAL_REPRESENTATION('',(#5682),#5686);
#5682 = LINE('',#5683,#5684);
#5683 = CARTESIAN_POINT('',(0.,9.525));
#5684 = VECTOR('',#5685,1.);
#5685 = DIRECTION('',(1.,0.));
#5686 = ( GEOMETRIC_REPRESENTATION_CONTEXT(2)
PARAMETRIC_REPRESENTATION_CONTEXT() REPRESENTATION_CONTEXT('2D SPACE',''
  ) );
#5687 = FACE_BOUND('',#5688,.F.);
#5688 = EDGE_LOOP('',(#5689));
#5689 = ORIENTED_EDGE('',*,*,#5690,.T.);
#5690 = EDGE_CURVE('',#5691,#5691,#5693,.T.);
#5691 = VERTEX_POINT('',#5692);
#5692 = CARTESIAN_POINT('',(-16.,188.92680514266,39.786388211033));
#5693 = SURFACE_CURVE('',#5694,(#5699,#5710),.PCURVE_S1.);
#5694 = CIRCLE('',#5695,1.35);
#5695 = AXIS2_PLACEMENT_3D('',#5696,#5697,#5698);
#5696 = CARTESIAN_POINT('',(-16.,190.11878455701,40.420174512366));
#5697 = DIRECTION('',(0.,-0.469471334321,0.882947714336));
#5698 = DIRECTION('',(0.,-0.882947714336,-0.469471334321));
#5699 = PCURVE('',#4835,#5700);
#5700 = DEFINITIONAL_REPRESENTATION('',(#5701),#5709);
#5701 = ( BOUNDED_CURVE() B_SPLINE_CURVE(2,(#5702,#5703,#5704,#5705,
#5706,#5707,#5708),.UNSPECIFIED.,.T.,.F.) B_SPLINE_CURVE_WITH_KNOTS((1,2
    ,2,2,2,1),(-2.094395102393,0.,2.094395102393,4.188790204786,
6.28318530718,8.377580409573),.UNSPECIFIED.) CURVE()
GEOMETRIC_REPRESENTATION_ITEM() RATIONAL_B_SPLINE_CURVE((1.,0.5,1.,0.5,
1.,0.5,1.)) REPRESENTATION_ITEM('') );
#5702 = CARTESIAN_POINT('',(11.910181145444,-16.));
#5703 = CARTESIAN_POINT('',(11.910181145444,-13.66173140978));
#5704 = CARTESIAN_POINT('',(13.935181145444,-14.83086570489));
#5705 = CARTESIAN_POINT('',(15.960181145444,-16.));
#5706 = CARTESIAN_POINT('',(13.935181145444,-17.1691342951));
#5707 = CARTESIAN_POINT('',(11.910181145444,-18.33826859021));
#5708 = CARTESIAN_POINT('',(11.910181145444,-16.));
#5709 = ( GEOMETRIC_REPRESENTATION_CONTEXT(2)
PARAMETRIC_REPRESENTATION_CONTEXT() REPRESENTATION_CONTEXT('2D SPACE',''
  ) );
#5710 = PCURVE('',#5711,#5716);
#5711 = CYLINDRICAL_SURFACE('',#5712,1.35);
#5712 = AXIS2_PLACEMENT_3D('',#5713,#5714,#5715);
#5713 = CARTESIAN_POINT('',(-16.,194.59049901642,32.010097533317));
#5714 = DIRECTION('',(0.,-0.469471334321,0.882947714336));
#5715 = DIRECTION('',(0.,-0.882947714336,-0.469471334321));
#5716 = DEFINITIONAL_REPRESENTATION('',(#5717),#5721);
#5717 = LINE('',#5718,#5719);
#5718 = CARTESIAN_POINT('',(0.,9.525));
#5719 = VECTOR('',#5720,1.);
#5720 = DIRECTION('',(1.,0.));
#5721 = ( GEOMETRIC_REPRESENTATION_CONTEXT(2)
PARAMETRIC_REPRESENTATION_CONTEXT() REPRESENTATION_CONTEXT('2D SPACE',''
  ) );
#5722 = FACE_BOUND('',#5723,.F.);
#5723 = EDGE_LOOP('',(#5724));
#5724 = ORIENTED_EDGE('',*,*,#5725,.T.);
#5725 = EDGE_CURVE('',#5726,#5726,#5728,.T.);
#5726 = VERTEX_POINT('',#5727);
#5727 = CARTESIAN_POINT('',(-6.73555739531E-16,171.79761948454,
    30.678644325211));
#5728 = SURFACE_CURVE('',#5729,(#5734,#5745),.PCURVE_S1.);
#5729 = CIRCLE('',#5730,2.75);
#5730 = AXIS2_PLACEMENT_3D('',#5731,#5732,#5733);
#5731 = CARTESIAN_POINT('',(0.,174.22572569897,31.969690494593));
#5732 = DIRECTION('',(0.,-0.469471334321,0.882947714336));
#5733 = DIRECTION('',(0.,-0.882947714336,-0.469471334321));
#5734 = PCURVE('',#4835,#5735);
#5735 = DEFINITIONAL_REPRESENTATION('',(#5736),#5744);
#5736 = ( BOUNDED_CURVE() B_SPLINE_CURVE(2,(#5737,#5738,#5739,#5740,
#5741,#5742,#5743),.UNSPECIFIED.,.T.,.F.) B_SPLINE_CURVE_WITH_KNOTS((1,2
    ,2,2,2,1),(-2.094395102393,0.,2.094395102393,4.188790204786,
6.28318530718,8.377580409573),.UNSPECIFIED.) CURVE()
GEOMETRIC_REPRESENTATION_ITEM() RATIONAL_B_SPLINE_CURVE((1.,0.5,1.,0.5,
1.,0.5,1.)) REPRESENTATION_ITEM('') );
#5737 = CARTESIAN_POINT('',(-7.489818854556,-9.603494377206E-16));
#5738 = CARTESIAN_POINT('',(-7.489818854556,4.763139720814));
#5739 = CARTESIAN_POINT('',(-3.364818854556,2.381569860407));
#5740 = CARTESIAN_POINT('',(0.760181145444,-2.867936981895E-16));
#5741 = CARTESIAN_POINT('',(-3.364818854556,-2.381569860407));
#5742 = CARTESIAN_POINT('',(-7.489818854556,-4.763139720814));
#5743 = CARTESIAN_POINT('',(-7.489818854556,-9.603494377206E-16));
#5744 = ( GEOMETRIC_REPRESENTATION_CONTEXT(2)
PARAMETRIC_REPRESENTATION_CONTEXT() REPRESENTATION_CONTEXT('2D SPACE',''
  ) );
#5745 = PCURVE('',#5746,#5751);
#5746 = CYLINDRICAL_SURFACE('',#5747,2.75);
#5747 = AXIS2_PLACEMENT_3D('',#5748,#5749,#5750);
#5748 = CARTESIAN_POINT('',(0.,178.69744015837,23.559613515543));
#5749 = DIRECTION('',(0.,-0.469471334321,0.882947714336));
#5750 = DIRECTION('',(0.,-0.882947714336,-0.469471334321));
#5751 = DEFINITIONAL_REPRESENTATION('',(#5752),#5756);
#5752 = LINE('',#5753,#5754);
#5753 = CARTESIAN_POINT('',(0.,9.525));
#5754 = VECTOR('',#5755,1.);
#5755 = DIRECTION('',(1.,0.));
#5756 = ( GEOMETRIC_REPRESENTATION_CONTEXT(2)
PARAMETRIC_REPRESENTATION_CONTEXT() REPRESENTATION_CONTEXT('2D SPACE',''
  ) );
#5757 = FACE_BOUND('',#5758,.F.);
#5758 = EDGE_LOOP('',(#5759));
#5759 = ORIENTED_EDGE('',*,*,#5760,.T.);
#5760 = EDGE_CURVE('',#5761,#5761,#5763,.T.);
#5761 = VERTEX_POINT('',#5762);
#5762 = CARTESIAN_POINT('',(16.,174.79964171328,32.274846861901));
#5763 = SURFACE_CURVE('',#5764,(#5769,#5780),.PCURVE_S1.);
#5764 = CIRCLE('',#5765,1.35);
#5765 = AXIS2_PLACEMENT_3D('',#5766,#5767,#5768);
#5766 = CARTESIAN_POINT('',(16.,175.99162112764,32.908633163234));
#5767 = DIRECTION('',(0.,-0.469471334321,0.882947714336));
#5768 = DIRECTION('',(0.,-0.882947714336,-0.469471334321));
#5769 = PCURVE('',#4835,#5770);
#5770 = DEFINITIONAL_REPRESENTATION('',(#5771),#5779);
#5771 = ( BOUNDED_CURVE() B_SPLINE_CURVE(2,(#5772,#5773,#5774,#5775,
#5776,#5777,#5778),.UNSPECIFIED.,.T.,.F.) B_SPLINE_CURVE_WITH_KNOTS((1,2
    ,2,2,2,1),(-2.094395102393,0.,2.094395102393,4.188790204786,
6.28318530718,8.377580409573),.UNSPECIFIED.) CURVE()
GEOMETRIC_REPRESENTATION_ITEM() RATIONAL_B_SPLINE_CURVE((1.,0.5,1.,0.5,
1.,0.5,1.)) REPRESENTATION_ITEM('') );
#5772 = CARTESIAN_POINT('',(-4.089818854556,16.));
#5773 = CARTESIAN_POINT('',(-4.089818854556,18.338268590218));
#5774 = CARTESIAN_POINT('',(-2.064818854556,17.169134295109));
#5775 = CARTESIAN_POINT('',(-3.981885455582E-02,16.));
#5776 = CARTESIAN_POINT('',(-2.064818854556,14.830865704891));
#5777 = CARTESIAN_POINT('',(-4.089818854556,13.661731409782));
#5778 = CARTESIAN_POINT('',(-4.089818854556,16.));
#5779 = ( GEOMETRIC_REPRESENTATION_CONTEXT(2)
PARAMETRIC_REPRESENTATION_CONTEXT() REPRESENTATION_CONTEXT('2D SPACE',''
  ) );
#5780 = PCURVE('',#5781,#5786);
#5781 = CYLINDRICAL_SURFACE('',#5782,1.35);
#5782 = AXIS2_PLACEMENT_3D('',#5783,#5784,#5785);
#5783 = CARTESIAN_POINT('',(16.,180.46333558704,24.498556184184));
#5784 = DIRECTION('',(0.,-0.469471334321,0.882947714336));
#5785 = DIRECTION('',(0.,-0.882947714336,-0.469471334321));
#5786 = DEFINITIONAL_REPRESENTATION('',(#5787),#5791);
#5787 = LINE('',#5788,#5789);
#5788 = CARTESIAN_POINT('',(0.,9.525));
#5789 = VECTOR('',#5790,1.);
#5790 = DIRECTION('',(1.,0.));
#5791 = ( GEOMETRIC_REPRESENTATION_CONTEXT(2)
PARAMETRIC_REPRESENTATION_CONTEXT() REPRESENTATION_CONTEXT('2D SPACE',''
  ) );
#5792 = FACE_BOUND('',#5793,.F.);
#5793 = EDGE_LOOP('',(#5794));
#5794 = ORIENTED_EDGE('',*,*,#5795,.T.);
#5795 = EDGE_CURVE('',#5796,#5796,#5798,.T.);
#5796 = VERTEX_POINT('',#5797);
#5797 = CARTESIAN_POINT('',(-6.73555739531E-16,189.45657377126,
    40.068071011626));
#5798 = SURFACE_CURVE('',#5799,(#5804,#5815),.PCURVE_S1.);
#5799 = CIRCLE('',#5800,2.75);
#5800 = AXIS2_PLACEMENT_3D('',#5801,#5802,#5803);
#5801 = CARTESIAN_POINT('',(0.,191.88467998569,41.359117181008));
#5802 = DIRECTION('',(0.,-0.469471334321,0.882947714336));
#5803 = DIRECTION('',(0.,-0.882947714336,-0.469471334321));
#5804 = PCURVE('',#4835,#5805);
#5805 = DEFINITIONAL_REPRESENTATION('',(#5806),#5814);
#5806 = ( BOUNDED_CURVE() B_SPLINE_CURVE(2,(#5807,#5808,#5809,#5810,
#5811,#5812,#5813),.UNSPECIFIED.,.T.,.F.) B_SPLINE_CURVE_WITH_KNOTS((1,2
    ,2,2,2,1),(-2.094395102393,0.,2.094395102393,4.188790204786,
6.28318530718,8.377580409573),.UNSPECIFIED.) CURVE()
GEOMETRIC_REPRESENTATION_ITEM() RATIONAL_B_SPLINE_CURVE((1.,0.5,1.,0.5,
1.,0.5,1.)) REPRESENTATION_ITEM('') );
#5807 = CARTESIAN_POINT('',(12.510181145444,-9.603494377206E-16));
#5808 = CARTESIAN_POINT('',(12.510181145444,4.763139720814));
#5809 = CARTESIAN_POINT('',(16.635181145444,2.381569860407));
#5810 = CARTESIAN_POINT('',(20.760181145444,-2.867936981895E-16));
#5811 = CARTESIAN_POINT('',(16.635181145444,-2.381569860407));
#5812 = CARTESIAN_POINT('',(12.510181145444,-4.763139720814));
#5813 = CARTESIAN_POINT('',(12.510181145444,-9.603494377206E-16));
#5814 = ( GEOMETRIC_REPRESENTATION_CONTEXT(2)
PARAMETRIC_REPRESENTATION_CONTEXT() REPRESENTATION_CONTEXT('2D SPACE',''
  ) );
#5815 = PCURVE('',#5816,#5821);
#5816 = CYLINDRICAL_SURFACE('',#5817,2.75);
#5817 = AXIS2_PLACEMENT_3D('',#5818,#5819,#5820);
#5818 = CARTESIAN_POINT('',(0.,196.35639444509,32.949040201958));
#5819 = DIRECTION('',(0.,-0.469471334321,0.882947714336));
#5820 = DIRECTION('',(0.,-0.882947714336,-0.469471334321));
#5821 = DEFINITIONAL_REPRESENTATION('',(#5822),#5826);
#5822 = LINE('',#5823,#5824);
#5823 = CARTESIAN_POINT('',(0.,9.525));
#5824 = VECTOR('',#5825,1.);
#5825 = DIRECTION('',(1.,0.));
#5826 = ( GEOMETRIC_REPRESENTATION_CONTEXT(2)
PARAMETRIC_REPRESENTATION_CONTEXT() REPRESENTATION_CONTEXT('2D SPACE',''
  ) );
#5827 = FACE_BOUND('',#5828,.F.);
#5828 = EDGE_LOOP('',(#5829));
#5829 = ORIENTED_EDGE('',*,*,#5830,.T.);
#5830 = EDGE_CURVE('',#5831,#5831,#5833,.T.);
#5831 = VERTEX_POINT('',#5832);
#5832 = CARTESIAN_POINT('',(16.,188.92680514266,39.786388211033));
#5833 = SURFACE_CURVE('',#5834,(#5839,#5850),.PCURVE_S1.);
#5834 = CIRCLE('',#5835,1.35);
#5835 = AXIS2_PLACEMENT_3D('',#5836,#5837,#5838);
#5836 = CARTESIAN_POINT('',(16.,190.11878455701,40.420174512366));
#5837 = DIRECTION('',(0.,-0.469471334321,0.882947714336));
#5838 = DIRECTION('',(0.,-0.882947714336,-0.469471334321));
#5839 = PCURVE('',#4835,#5840);
#5840 = DEFINITIONAL_REPRESENTATION('',(#5841),#5849);
#5841 = ( BOUNDED_CURVE() B_SPLINE_CURVE(2,(#5842,#5843,#5844,#5845,
#5846,#5847,#5848),.UNSPECIFIED.,.T.,.F.) B_SPLINE_CURVE_WITH_KNOTS((1,2
    ,2,2,2,1),(-2.094395102393,0.,2.094395102393,4.188790204786,
6.28318530718,8.377580409573),.UNSPECIFIED.) CURVE()
GEOMETRIC_REPRESENTATION_ITEM() RATIONAL_B_SPLINE_CURVE((1.,0.5,1.,0.5,
1.,0.5,1.)) REPRESENTATION_ITEM('') );
#5842 = CARTESIAN_POINT('',(11.910181145444,16.));
#5843 = CARTESIAN_POINT('',(11.910181145444,18.338268590218));
#5844 = CARTESIAN_POINT('',(13.935181145444,17.169134295109));
#5845 = CARTESIAN_POINT('',(15.960181145444,16.));
#5846 = CARTESIAN_POINT('',(13.935181145444,14.830865704891));
#5847 = CARTESIAN_POINT('',(11.910181145444,13.661731409782));
#5848 = CARTESIAN_POINT('',(11.910181145444,16.));
#5849 = ( GEOMETRIC_REPRESENTATION_CONTEXT(2)
PARAMETRIC_REPRESENTATION_CONTEXT() REPRESENTATION_CONTEXT('2D SPACE',''
  ) );
#5850 = PCURVE('',#5851,#5856);
#5851 = CYLINDRICAL_SURFACE('',#5852,1.35);
#5852 = AXIS2_PLACEMENT_3D('',#5853,#5854,#5855);
#5853 = CARTESIAN_POINT('',(16.,194.59049901642,32.010097533317));
#5854 = DIRECTION('',(0.,-0.469471334321,0.882947714336));
#5855 = DIRECTION('',(0.,-0.882947714336,-0.469471334321));
#5856 = DEFINITIONAL_REPRESENTATION('',(#5857),#5861);
#5857 = LINE('',#5858,#5859);
#5858 = CARTESIAN_POINT('',(0.,9.525));
#5859 = VECTOR('',#5860,1.);
#5860 = DIRECTION('',(1.,0.));
#5861 = ( GEOMETRIC_REPRESENTATION_CONTEXT(2)
PARAMETRIC_REPRESENTATION_CONTEXT() REPRESENTATION_CONTEXT('2D SPACE',''
  ) );
#5862 = ADVANCED_FACE('',(#5863),#4863,.T.);
#5863 = FACE_BOUND('',#5864,.F.);
#5864 = EDGE_LOOP('',(#5865,#5866,#5889,#5916));
#5865 = ORIENTED_EDGE('',*,*,#5627,.T.);
#5866 = ORIENTED_EDGE('',*,*,#5867,.T.);
#5867 = EDGE_CURVE('',#5600,#5868,#5870,.T.);
#5868 = VERTEX_POINT('',#5869);
#5869 = CARTESIAN_POINT('',(-51.,203.41997615978,36.704810876524));
#5870 = SURFACE_CURVE('',#5871,(#5875,#5882),.PCURVE_S1.);
#5871 = LINE('',#5872,#5873);
#5872 = CARTESIAN_POINT('',(-51.,198.94826170037,45.114887855574));
#5873 = VECTOR('',#5874,1.);
#5874 = DIRECTION('',(0.,0.469471334321,-0.882947714336));
#5875 = PCURVE('',#4863,#5876);
#5876 = DEFINITIONAL_REPRESENTATION('',(#5877),#5881);
#5877 = LINE('',#5878,#5879);
#5878 = CARTESIAN_POINT('',(-1.570796326795,0.));
#5879 = VECTOR('',#5880,1.);
#5880 = DIRECTION('',(-0.,1.));
#5881 = ( GEOMETRIC_REPRESENTATION_CONTEXT(2)
PARAMETRIC_REPRESENTATION_CONTEXT() REPRESENTATION_CONTEXT('2D SPACE',''
  ) );
#5882 = PCURVE('',#5615,#5883);
#5883 = DEFINITIONAL_REPRESENTATION('',(#5884),#5888);
#5884 = LINE('',#5885,#5886);
#5885 = CARTESIAN_POINT('',(55.380699,2.13162820728E-14));
#5886 = VECTOR('',#5887,1.);
#5887 = DIRECTION('',(0.,-1.));
#5888 = ( GEOMETRIC_REPRESENTATION_CONTEXT(2)
PARAMETRIC_REPRESENTATION_CONTEXT() REPRESENTATION_CONTEXT('2D SPACE',''
  ) );
#5889 = ORIENTED_EDGE('',*,*,#5890,.F.);
#5890 = EDGE_CURVE('',#4848,#5868,#5891,.T.);
#5891 = SURFACE_CURVE('',#5892,(#5897,#5904),.PCURVE_S1.);
#5892 = CIRCLE('',#5893,2.);
#5893 = AXIS2_PLACEMENT_3D('',#5894,#5895,#5896);
#5894 = CARTESIAN_POINT('',(-49.,203.41997615978,36.704810876524));
#5895 = DIRECTION('',(0.,-0.469471334321,0.882947714336));
#5896 = DIRECTION('',(0.,0.882947714336,0.469471334321));
#5897 = PCURVE('',#4863,#5898);
#5898 = DEFINITIONAL_REPRESENTATION('',(#5899),#5903);
#5899 = LINE('',#5900,#5901);
#5900 = CARTESIAN_POINT('',(-0.,9.525));
#5901 = VECTOR('',#5902,1.);
#5902 = DIRECTION('',(-1.,0.));
#5903 = ( GEOMETRIC_REPRESENTATION_CONTEXT(2)
PARAMETRIC_REPRESENTATION_CONTEXT() REPRESENTATION_CONTEXT('2D SPACE',''
  ) );
#5904 = PCURVE('',#5905,#5910);
#5905 = CYLINDRICAL_SURFACE('',#5906,2.);
#5906 = AXIS2_PLACEMENT_3D('',#5907,#5908,#5909);
#5907 = CARTESIAN_POINT('',(-49.,203.41997615978,36.704810876524));
#5908 = DIRECTION('',(0.,0.469471334321,-0.882947714336));
#5909 = DIRECTION('',(-1.,0.,-0.));
#5910 = DEFINITIONAL_REPRESENTATION('',(#5911),#5915);
#5911 = LINE('',#5912,#5913);
#5912 = CARTESIAN_POINT('',(1.570796326795,0.));
#5913 = VECTOR('',#5914,1.);
#5914 = DIRECTION('',(-1.,-0.));
#5915 = ( GEOMETRIC_REPRESENTATION_CONTEXT(2)
PARAMETRIC_REPRESENTATION_CONTEXT() REPRESENTATION_CONTEXT('2D SPACE',''
  ) );
#5916 = ORIENTED_EDGE('',*,*,#4847,.F.);
#5917 = ADVANCED_FACE('',(#5918),#4973,.T.);
#5918 = FACE_BOUND('',#5919,.T.);
#5919 = EDGE_LOOP('',(#5920,#5921,#5944,#5971));
#5920 = ORIENTED_EDGE('',*,*,#4989,.T.);
#5921 = ORIENTED_EDGE('',*,*,#5922,.T.);
#5922 = EDGE_CURVE('',#4990,#5923,#5925,.T.);
#5923 = VERTEX_POINT('',#5924);
#5924 = CARTESIAN_POINT('',(51.,203.41997615978,36.704810876524));
#5925 = SURFACE_CURVE('',#5926,(#5930,#5937),.PCURVE_S1.);
#5926 = LINE('',#5927,#5928);
#5927 = CARTESIAN_POINT('',(51.,198.94826170037,45.114887855574));
#5928 = VECTOR('',#5929,1.);
#5929 = DIRECTION('',(0.,0.469471334321,-0.882947714336));
#5930 = PCURVE('',#4973,#5931);
#5931 = DEFINITIONAL_REPRESENTATION('',(#5932),#5936);
#5932 = LINE('',#5933,#5934);
#5933 = CARTESIAN_POINT('',(1.570796326795,0.));
#5934 = VECTOR('',#5935,1.);
#5935 = DIRECTION('',(0.,1.));
#5936 = ( GEOMETRIC_REPRESENTATION_CONTEXT(2)
PARAMETRIC_REPRESENTATION_CONTEXT() REPRESENTATION_CONTEXT('2D SPACE',''
  ) );
#5937 = PCURVE('',#5029,#5938);
#5938 = DEFINITIONAL_REPRESENTATION('',(#5939),#5943);
#5939 = LINE('',#5940,#5941);
#5940 = CARTESIAN_POINT('',(2.,2.409183963437E-14));
#5941 = VECTOR('',#5942,1.);
#5942 = DIRECTION('',(0.,-1.));
#5943 = ( GEOMETRIC_REPRESENTATION_CONTEXT(2)
PARAMETRIC_REPRESENTATION_CONTEXT() REPRESENTATION_CONTEXT('2D SPACE',''
  ) );
#5944 = ORIENTED_EDGE('',*,*,#5945,.F.);
#5945 = EDGE_CURVE('',#4932,#5923,#5946,.T.);
#5946 = SURFACE_CURVE('',#5947,(#5952,#5959),.PCURVE_S1.);
#5947 = CIRCLE('',#5948,2.);
#5948 = AXIS2_PLACEMENT_3D('',#5949,#5950,#5951);
#5949 = CARTESIAN_POINT('',(49.,203.41997615978,36.704810876524));
#5950 = DIRECTION('',(0.,0.469471334321,-0.882947714336));
#5951 = DIRECTION('',(0.,0.882947714336,0.469471334321));
#5952 = PCURVE('',#4973,#5953);
#5953 = DEFINITIONAL_REPRESENTATION('',(#5954),#5958);
#5954 = LINE('',#5955,#5956);
#5955 = CARTESIAN_POINT('',(0.,9.525));
#5956 = VECTOR('',#5957,1.);
#5957 = DIRECTION('',(1.,0.));
#5958 = ( GEOMETRIC_REPRESENTATION_CONTEXT(2)
PARAMETRIC_REPRESENTATION_CONTEXT() REPRESENTATION_CONTEXT('2D SPACE',''
  ) );
#5959 = PCURVE('',#5960,#5965);
#5960 = CYLINDRICAL_SURFACE('',#5961,2.);
#5961 = AXIS2_PLACEMENT_3D('',#5962,#5963,#5964);
#5962 = CARTESIAN_POINT('',(49.,203.41997615978,36.704810876524));
#5963 = DIRECTION('',(0.,0.469471334321,-0.882947714336));
#5964 = DIRECTION('',(0.,0.882947714336,0.469471334321));
#5965 = DEFINITIONAL_REPRESENTATION('',(#5966),#5970);
#5966 = LINE('',#5967,#5968);
#5967 = CARTESIAN_POINT('',(0.,0.));
#5968 = VECTOR('',#5969,1.);
#5969 = DIRECTION('',(1.,0.));
#5970 = ( GEOMETRIC_REPRESENTATION_CONTEXT(2)
PARAMETRIC_REPRESENTATION_CONTEXT() REPRESENTATION_CONTEXT('2D SPACE',''
  ) );
#5971 = ORIENTED_EDGE('',*,*,#4959,.F.);
#5972 = ADVANCED_FACE('',(#5973),#4891,.F.);
#5973 = FACE_BOUND('',#5974,.F.);
#5974 = EDGE_LOOP('',(#5975,#5976,#5999,#6027));
#5975 = ORIENTED_EDGE('',*,*,#4875,.F.);
#5976 = ORIENTED_EDGE('',*,*,#5977,.T.);
#5977 = EDGE_CURVE('',#4848,#5978,#5980,.T.);
#5978 = VERTEX_POINT('',#5979);
#5979 = CARTESIAN_POINT('',(-49.,208.16701456139,32.037035559132));
#5980 = SURFACE_CURVE('',#5981,(#5985,#5992),.PCURVE_S1.);
#5981 = LINE('',#5982,#5983);
#5982 = CARTESIAN_POINT('',(-49.,205.18587158845,37.643753545166));
#5983 = VECTOR('',#5984,1.);
#5984 = DIRECTION('',(0.,0.469471334321,-0.882947714336));
#5985 = PCURVE('',#4891,#5986);
#5986 = DEFINITIONAL_REPRESENTATION('',(#5987),#5991);
#5987 = LINE('',#5988,#5989);
#5988 = CARTESIAN_POINT('',(2.,0.));
#5989 = VECTOR('',#5990,1.);
#5990 = DIRECTION('',(0.,-1.));
#5991 = ( GEOMETRIC_REPRESENTATION_CONTEXT(2)
PARAMETRIC_REPRESENTATION_CONTEXT() REPRESENTATION_CONTEXT('2D SPACE',''
  ) );
#5992 = PCURVE('',#5905,#5993);
#5993 = DEFINITIONAL_REPRESENTATION('',(#5994),#5998);
#5994 = LINE('',#5995,#5996);
#5995 = CARTESIAN_POINT('',(1.570796326795,0.));
#5996 = VECTOR('',#5997,1.);
#5997 = DIRECTION('',(0.,1.));
#5998 = ( GEOMETRIC_REPRESENTATION_CONTEXT(2)
PARAMETRIC_REPRESENTATION_CONTEXT() REPRESENTATION_CONTEXT('2D SPACE',''
  ) );
#5999 = ORIENTED_EDGE('',*,*,#6000,.T.);
#6000 = EDGE_CURVE('',#5978,#6001,#6003,.T.);
#6001 = VERTEX_POINT('',#6002);
#6002 = CARTESIAN_POINT('',(-34.,208.16701456139,32.037035559132));
#6003 = SURFACE_CURVE('',#6004,(#6008,#6015),.PCURVE_S1.);
#6004 = LINE('',#6005,#6006);
#6005 = CARTESIAN_POINT('',(-51.,208.16701456139,32.037035559132));
#6006 = VECTOR('',#6007,1.);
#6007 = DIRECTION('',(1.,0.,0.));
#6008 = PCURVE('',#4891,#6009);
#6009 = DEFINITIONAL_REPRESENTATION('',(#6010),#6014);
#6010 = LINE('',#6011,#6012);
#6011 = CARTESIAN_POINT('',(0.,-6.35));
#6012 = VECTOR('',#6013,1.);
#6013 = DIRECTION('',(1.,0.));
#6014 = ( GEOMETRIC_REPRESENTATION_CONTEXT(2)
PARAMETRIC_REPRESENTATION_CONTEXT() REPRESENTATION_CONTEXT('2D SPACE',''
  ) );
#6015 = PCURVE('',#6016,#6021);
#6016 = PLANE('',#6017);
#6017 = AXIS2_PLACEMENT_3D('',#6018,#6019,#6020);
#6018 = CARTESIAN_POINT('',(-42.50461532566,183.46311301579,
    18.901746307877));
#6019 = DIRECTION('',(-0.,0.469471334321,-0.882947714336));
#6020 = DIRECTION('',(0.,0.882947714336,0.469471334321));
#6021 = DEFINITIONAL_REPRESENTATION('',(#6022),#6026);
#6022 = LINE('',#6023,#6024);
#6023 = CARTESIAN_POINT('',(27.978895176337,-8.495384674331));
#6024 = VECTOR('',#6025,1.);
#6025 = DIRECTION('',(0.,1.));
#6026 = ( GEOMETRIC_REPRESENTATION_CONTEXT(2)
PARAMETRIC_REPRESENTATION_CONTEXT() REPRESENTATION_CONTEXT('2D SPACE',''
  ) );
#6027 = ORIENTED_EDGE('',*,*,#6028,.F.);
#6028 = EDGE_CURVE('',#4876,#6001,#6029,.T.);
#6029 = SURFACE_CURVE('',#6030,(#6034,#6041),.PCURVE_S1.);
#6030 = LINE('',#6031,#6032);
#6031 = CARTESIAN_POINT('',(-34.,205.18587158845,37.643753545166));
#6032 = VECTOR('',#6033,1.);
#6033 = DIRECTION('',(0.,0.469471334321,-0.882947714336));
#6034 = PCURVE('',#4891,#6035);
#6035 = DEFINITIONAL_REPRESENTATION('',(#6036),#6040);
#6036 = LINE('',#6037,#6038);
#6037 = CARTESIAN_POINT('',(17.,0.));
#6038 = VECTOR('',#6039,1.);
#6039 = DIRECTION('',(0.,-1.));
#6040 = ( GEOMETRIC_REPRESENTATION_CONTEXT(2)
PARAMETRIC_REPRESENTATION_CONTEXT() REPRESENTATION_CONTEXT('2D SPACE',''
  ) );
#6041 = PCURVE('',#6042,#6047);
#6042 = CYLINDRICAL_SURFACE('',#6043,2.);
#6043 = AXIS2_PLACEMENT_3D('',#6044,#6045,#6046);
#6044 = CARTESIAN_POINT('',(-34.,203.41997615978,36.704810876524));
#6045 = DIRECTION('',(0.,0.469471334321,-0.882947714336));
#6046 = DIRECTION('',(0.,0.882947714336,0.469471334321));
#6047 = DEFINITIONAL_REPRESENTATION('',(#6048),#6052);
#6048 = LINE('',#6049,#6050);
#6049 = CARTESIAN_POINT('',(0.,0.));
#6050 = VECTOR('',#6051,1.);
#6051 = DIRECTION('',(0.,1.));
#6052 = ( GEOMETRIC_REPRESENTATION_CONTEXT(2)
PARAMETRIC_REPRESENTATION_CONTEXT() REPRESENTATION_CONTEXT('2D SPACE',''
  ) );
#6053 = ADVANCED_FACE('',(#6054,#6449,#6479,#6509,#6544,#6574,#6609),
  #4919,.T.);
#6054 = FACE_BOUND('',#6055,.T.);
#6055 = EDGE_LOOP('',(#6056,#6080,#6081,#6114,#6142,#6171,#6194,#6222,
    #6245,#6269,#6292,#6316,#6339,#6367,#6390,#6423));
#6056 = ORIENTED_EDGE('',*,*,#6057,.F.);
#6057 = EDGE_CURVE('',#4876,#6058,#6060,.T.);
#6058 = VERTEX_POINT('',#6059);
#6059 = CARTESIAN_POINT('',(-32.,203.41997615978,36.704810876524));
#6060 = SURFACE_CURVE('',#6061,(#6066,#6073),.PCURVE_S1.);
#6061 = CIRCLE('',#6062,2.);
#6062 = AXIS2_PLACEMENT_3D('',#6063,#6064,#6065);
#6063 = CARTESIAN_POINT('',(-34.,203.41997615978,36.704810876524));
#6064 = DIRECTION('',(0.,0.469471334321,-0.882947714336));
#6065 = DIRECTION('',(0.,0.882947714336,0.469471334321));
#6066 = PCURVE('',#4919,#6067);
#6067 = DEFINITIONAL_REPRESENTATION('',(#6068),#6072);
#6068 = CIRCLE('',#6069,2.);
#6069 = AXIS2_PLACEMENT_2D('',#6070,#6071);
#6070 = CARTESIAN_POINT('',(23.260181145444,-34.));
#6071 = DIRECTION('',(1.,0.));
#6072 = ( GEOMETRIC_REPRESENTATION_CONTEXT(2)
PARAMETRIC_REPRESENTATION_CONTEXT() REPRESENTATION_CONTEXT('2D SPACE',''
  ) );
#6073 = PCURVE('',#6042,#6074);
#6074 = DEFINITIONAL_REPRESENTATION('',(#6075),#6079);
#6075 = LINE('',#6076,#6077);
#6076 = CARTESIAN_POINT('',(0.,0.));
#6077 = VECTOR('',#6078,1.);
#6078 = DIRECTION('',(1.,0.));
#6079 = ( GEOMETRIC_REPRESENTATION_CONTEXT(2)
PARAMETRIC_REPRESENTATION_CONTEXT() REPRESENTATION_CONTEXT('2D SPACE',''
  ) );
#6080 = ORIENTED_EDGE('',*,*,#4903,.T.);
#6081 = ORIENTED_EDGE('',*,*,#6082,.T.);
#6082 = EDGE_CURVE('',#4904,#6083,#6085,.T.);
#6083 = VERTEX_POINT('',#6084);
#6084 = CARTESIAN_POINT('',(32.,203.41997615978,36.704810876524));
#6085 = SURFACE_CURVE('',#6086,(#6091,#6102),.PCURVE_S1.);
#6086 = CIRCLE('',#6087,2.);
#6087 = AXIS2_PLACEMENT_3D('',#6088,#6089,#6090);
#6088 = CARTESIAN_POINT('',(34.,203.41997615978,36.704810876524));
#6089 = DIRECTION('',(0.,-0.469471334321,0.882947714336));
#6090 = DIRECTION('',(0.,0.882947714336,0.469471334321));
#6091 = PCURVE('',#4919,#6092);
#6092 = DEFINITIONAL_REPRESENTATION('',(#6093),#6101);
#6093 = ( BOUNDED_CURVE() B_SPLINE_CURVE(2,(#6094,#6095,#6096,#6097,
#6098,#6099,#6100),.UNSPECIFIED.,.T.,.F.) B_SPLINE_CURVE_WITH_KNOTS((1,2
    ,2,2,2,1),(-2.094395102393,0.,2.094395102393,4.188790204786,
6.28318530718,8.377580409573),.UNSPECIFIED.) CURVE()
GEOMETRIC_REPRESENTATION_ITEM() RATIONAL_B_SPLINE_CURVE((1.,0.5,1.,0.5,
1.,0.5,1.)) REPRESENTATION_ITEM('') );
#6094 = CARTESIAN_POINT('',(25.260181145444,34.));
#6095 = CARTESIAN_POINT('',(25.260181145444,30.535898384862));
#6096 = CARTESIAN_POINT('',(22.260181145444,32.267949192431));
#6097 = CARTESIAN_POINT('',(19.260181145444,34.));
#6098 = CARTESIAN_POINT('',(22.260181145444,35.732050807569));
#6099 = CARTESIAN_POINT('',(25.260181145444,37.464101615138));
#6100 = CARTESIAN_POINT('',(25.260181145444,34.));
#6101 = ( GEOMETRIC_REPRESENTATION_CONTEXT(2)
PARAMETRIC_REPRESENTATION_CONTEXT() REPRESENTATION_CONTEXT('2D SPACE',''
  ) );
#6102 = PCURVE('',#6103,#6108);
#6103 = CYLINDRICAL_SURFACE('',#6104,2.);
#6104 = AXIS2_PLACEMENT_3D('',#6105,#6106,#6107);
#6105 = CARTESIAN_POINT('',(34.,203.41997615978,36.704810876524));
#6106 = DIRECTION('',(0.,0.469471334321,-0.882947714336));
#6107 = DIRECTION('',(0.,0.882947714336,0.469471334321));
#6108 = DEFINITIONAL_REPRESENTATION('',(#6109),#6113);
#6109 = LINE('',#6110,#6111);
#6110 = CARTESIAN_POINT('',(-0.,0.));
#6111 = VECTOR('',#6112,1.);
#6112 = DIRECTION('',(-1.,0.));
#6113 = ( GEOMETRIC_REPRESENTATION_CONTEXT(2)
PARAMETRIC_REPRESENTATION_CONTEXT() REPRESENTATION_CONTEXT('2D SPACE',''
  ) );
#6114 = ORIENTED_EDGE('',*,*,#6115,.F.);
#6115 = EDGE_CURVE('',#6116,#6083,#6118,.T.);
#6116 = VERTEX_POINT('',#6117);
#6117 = CARTESIAN_POINT('',(32.,197.08785228138,33.3379629896));
#6118 = SURFACE_CURVE('',#6119,(#6123,#6130),.PCURVE_S1.);
#6119 = LINE('',#6120,#6121);
#6120 = CARTESIAN_POINT('',(32.,196.35639444509,32.949040201958));
#6121 = VECTOR('',#6122,1.);
#6122 = DIRECTION('',(0.,0.882947714336,0.469471334321));
#6123 = PCURVE('',#4919,#6124);
#6124 = DEFINITIONAL_REPRESENTATION('',(#6125),#6129);
#6125 = LINE('',#6126,#6127);
#6126 = CARTESIAN_POINT('',(15.260181145444,32.));
#6127 = VECTOR('',#6128,1.);
#6128 = DIRECTION('',(1.,0.));
#6129 = ( GEOMETRIC_REPRESENTATION_CONTEXT(2)
PARAMETRIC_REPRESENTATION_CONTEXT() REPRESENTATION_CONTEXT('2D SPACE',''
  ) );
#6130 = PCURVE('',#6131,#6136);
#6131 = PLANE('',#6132);
#6132 = AXIS2_PLACEMENT_3D('',#6133,#6134,#6135);
#6133 = CARTESIAN_POINT('',(32.,196.35639444509,32.949040201958));
#6134 = DIRECTION('',(1.,0.,0.));
#6135 = DIRECTION('',(0.,0.882947714336,0.469471334321));
#6136 = DEFINITIONAL_REPRESENTATION('',(#6137),#6141);
#6137 = LINE('',#6138,#6139);
#6138 = CARTESIAN_POINT('',(0.,0.));
#6139 = VECTOR('',#6140,1.);
#6140 = DIRECTION('',(1.,0.));
#6141 = ( GEOMETRIC_REPRESENTATION_CONTEXT(2)
PARAMETRIC_REPRESENTATION_CONTEXT() REPRESENTATION_CONTEXT('2D SPACE',''
  ) );
#6142 = ORIENTED_EDGE('',*,*,#6143,.F.);
#6143 = EDGE_CURVE('',#6144,#6116,#6146,.T.);
#6144 = VERTEX_POINT('',#6145);
#6145 = CARTESIAN_POINT('',(32.179640557751,196.35639444509,
    32.949040201958));
#6146 = SURFACE_CURVE('',#6147,(#6152,#6159),.PCURVE_S1.);
#6147 = CIRCLE('',#6148,2.);
#6148 = AXIS2_PLACEMENT_3D('',#6149,#6150,#6151);
#6149 = CARTESIAN_POINT('',(34.,197.08785228138,33.3379629896));
#6150 = DIRECTION('',(0.,0.469471334321,-0.882947714336));
#6151 = DIRECTION('',(0.,0.882947714336,0.469471334321));
#6152 = PCURVE('',#4919,#6153);
#6153 = DEFINITIONAL_REPRESENTATION('',(#6154),#6158);
#6154 = CIRCLE('',#6155,2.);
#6155 = AXIS2_PLACEMENT_2D('',#6156,#6157);
#6156 = CARTESIAN_POINT('',(16.08860827019,34.));
#6157 = DIRECTION('',(1.,0.));
#6158 = ( GEOMETRIC_REPRESENTATION_CONTEXT(2)
PARAMETRIC_REPRESENTATION_CONTEXT() REPRESENTATION_CONTEXT('2D SPACE',''
  ) );
#6159 = PCURVE('',#6160,#6165);
#6160 = CYLINDRICAL_SURFACE('',#6161,2.);
#6161 = AXIS2_PLACEMENT_3D('',#6162,#6163,#6164);
#6162 = CARTESIAN_POINT('',(34.,197.08785228138,33.3379629896));
#6163 = DIRECTION('',(0.,0.469471334321,-0.882947714336));
#6164 = DIRECTION('',(-0.707106781187,-0.62433831624,-0.331966364071));
#6165 = DEFINITIONAL_REPRESENTATION('',(#6166),#6170);
#6166 = LINE('',#6167,#6168);
#6167 = CARTESIAN_POINT('',(-3.926990816987,0.));
#6168 = VECTOR('',#6169,1.);
#6169 = DIRECTION('',(1.,0.));
#6170 = ( GEOMETRIC_REPRESENTATION_CONTEXT(2)
PARAMETRIC_REPRESENTATION_CONTEXT() REPRESENTATION_CONTEXT('2D SPACE',''
  ) );
#6171 = ORIENTED_EDGE('',*,*,#6172,.T.);
#6172 = EDGE_CURVE('',#6144,#6173,#6175,.T.);
#6173 = VERTEX_POINT('',#6174);
#6174 = CARTESIAN_POINT('',(26.,196.35639444509,32.949040201958));
#6175 = SURFACE_CURVE('',#6176,(#6180,#6187),.PCURVE_S1.);
#6176 = LINE('',#6177,#6178);
#6177 = CARTESIAN_POINT('',(35.,196.35639444509,32.949040201958));
#6178 = VECTOR('',#6179,1.);
#6179 = DIRECTION('',(-1.,-0.,0.));
#6180 = PCURVE('',#4919,#6181);
#6181 = DEFINITIONAL_REPRESENTATION('',(#6182),#6186);
#6182 = LINE('',#6183,#6184);
#6183 = CARTESIAN_POINT('',(15.260181145444,35.));
#6184 = VECTOR('',#6185,1.);
#6185 = DIRECTION('',(0.,-1.));
#6186 = ( GEOMETRIC_REPRESENTATION_CONTEXT(2)
PARAMETRIC_REPRESENTATION_CONTEXT() REPRESENTATION_CONTEXT('2D SPACE',''
  ) );
#6187 = PCURVE('',#5204,#6188);
#6188 = DEFINITIONAL_REPRESENTATION('',(#6189),#6193);
#6189 = LINE('',#6190,#6191);
#6190 = CARTESIAN_POINT('',(-0.,-9.525));
#6191 = VECTOR('',#6192,1.);
#6192 = DIRECTION('',(1.,0.));
#6193 = ( GEOMETRIC_REPRESENTATION_CONTEXT(2)
PARAMETRIC_REPRESENTATION_CONTEXT() REPRESENTATION_CONTEXT('2D SPACE',''
  ) );
#6194 = ORIENTED_EDGE('',*,*,#6195,.T.);
#6195 = EDGE_CURVE('',#6173,#6196,#6198,.T.);
#6196 = VERTEX_POINT('',#6197);
#6197 = CARTESIAN_POINT('',(24.,194.59049901642,32.010097533317));
#6198 = SURFACE_CURVE('',#6199,(#6204,#6215),.PCURVE_S1.);
#6199 = CIRCLE('',#6200,2.);
#6200 = AXIS2_PLACEMENT_3D('',#6201,#6202,#6203);
#6201 = CARTESIAN_POINT('',(26.,194.59049901642,32.010097533317));
#6202 = DIRECTION('',(0.,-0.469471334321,0.882947714336));
#6203 = DIRECTION('',(0.,0.882947714336,0.469471334321));
#6204 = PCURVE('',#4919,#6205);
#6205 = DEFINITIONAL_REPRESENTATION('',(#6206),#6214);
#6206 = ( BOUNDED_CURVE() B_SPLINE_CURVE(2,(#6207,#6208,#6209,#6210,
#6211,#6212,#6213),.UNSPECIFIED.,.T.,.F.) B_SPLINE_CURVE_WITH_KNOTS((1,2
    ,2,2,2,1),(-2.094395102393,0.,2.094395102393,4.188790204786,
6.28318530718,8.377580409573),.UNSPECIFIED.) CURVE()
GEOMETRIC_REPRESENTATION_ITEM() RATIONAL_B_SPLINE_CURVE((1.,0.5,1.,0.5,
1.,0.5,1.)) REPRESENTATION_ITEM('') );
#6207 = CARTESIAN_POINT('',(15.260181145444,26.));
#6208 = CARTESIAN_POINT('',(15.260181145444,22.535898384862));
#6209 = CARTESIAN_POINT('',(12.260181145444,24.267949192431));
#6210 = CARTESIAN_POINT('',(9.260181145444,26.));
#6211 = CARTESIAN_POINT('',(12.260181145444,27.732050807569));
#6212 = CARTESIAN_POINT('',(15.260181145444,29.464101615138));
#6213 = CARTESIAN_POINT('',(15.260181145444,26.));
#6214 = ( GEOMETRIC_REPRESENTATION_CONTEXT(2)
PARAMETRIC_REPRESENTATION_CONTEXT() REPRESENTATION_CONTEXT('2D SPACE',''
  ) );
#6215 = PCURVE('',#5237,#6216);
#6216 = DEFINITIONAL_REPRESENTATION('',(#6217),#6221);
#6217 = LINE('',#6218,#6219);
#6218 = CARTESIAN_POINT('',(-0.,9.525));
#6219 = VECTOR('',#6220,1.);
#6220 = DIRECTION('',(-1.,0.));
#6221 = ( GEOMETRIC_REPRESENTATION_CONTEXT(2)
PARAMETRIC_REPRESENTATION_CONTEXT() REPRESENTATION_CONTEXT('2D SPACE',''
  ) );
#6222 = ORIENTED_EDGE('',*,*,#6223,.T.);
#6223 = EDGE_CURVE('',#6196,#6224,#6226,.T.);
#6224 = VERTEX_POINT('',#6225);
#6225 = CARTESIAN_POINT('',(24.,171.63385844368,19.803842840977));
#6226 = SURFACE_CURVE('',#6227,(#6231,#6238),.PCURVE_S1.);
#6227 = LINE('',#6228,#6229);
#6228 = CARTESIAN_POINT('',(24.,196.35639444509,32.949040201958));
#6229 = VECTOR('',#6230,1.);
#6230 = DIRECTION('',(0.,-0.882947714336,-0.469471334321));
#6231 = PCURVE('',#4919,#6232);
#6232 = DEFINITIONAL_REPRESENTATION('',(#6233),#6237);
#6233 = LINE('',#6234,#6235);
#6234 = CARTESIAN_POINT('',(15.260181145444,24.));
#6235 = VECTOR('',#6236,1.);
#6236 = DIRECTION('',(-1.,0.));
#6237 = ( GEOMETRIC_REPRESENTATION_CONTEXT(2)
PARAMETRIC_REPRESENTATION_CONTEXT() REPRESENTATION_CONTEXT('2D SPACE',''
  ) );
#6238 = PCURVE('',#5265,#6239);
#6239 = DEFINITIONAL_REPRESENTATION('',(#6240),#6244);
#6240 = LINE('',#6241,#6242);
#6241 = CARTESIAN_POINT('',(-1.68753899743E-14,-9.525));
#6242 = VECTOR('',#6243,1.);
#6243 = DIRECTION('',(1.,0.));
#6244 = ( GEOMETRIC_REPRESENTATION_CONTEXT(2)
PARAMETRIC_REPRESENTATION_CONTEXT() REPRESENTATION_CONTEXT('2D SPACE',''
  ) );
#6245 = ORIENTED_EDGE('',*,*,#6246,.T.);
#6246 = EDGE_CURVE('',#6224,#6247,#6249,.T.);
#6247 = VERTEX_POINT('',#6248);
#6248 = CARTESIAN_POINT('',(22.,169.86796301501,18.864900172335));
#6249 = SURFACE_CURVE('',#6250,(#6255,#6262),.PCURVE_S1.);
#6250 = CIRCLE('',#6251,2.);
#6251 = AXIS2_PLACEMENT_3D('',#6252,#6253,#6254);
#6252 = CARTESIAN_POINT('',(22.,171.63385844368,19.803842840977));
#6253 = DIRECTION('',(0.,0.469471334321,-0.882947714336));
#6254 = DIRECTION('',(0.,0.882947714336,0.469471334321));
#6255 = PCURVE('',#4919,#6256);
#6256 = DEFINITIONAL_REPRESENTATION('',(#6257),#6261);
#6257 = CIRCLE('',#6258,2.);
#6258 = AXIS2_PLACEMENT_2D('',#6259,#6260);
#6259 = CARTESIAN_POINT('',(-12.73981885455,22.));
#6260 = DIRECTION('',(1.,0.));
#6261 = ( GEOMETRIC_REPRESENTATION_CONTEXT(2)
PARAMETRIC_REPRESENTATION_CONTEXT() REPRESENTATION_CONTEXT('2D SPACE',''
  ) );
#6262 = PCURVE('',#5294,#6263);
#6263 = DEFINITIONAL_REPRESENTATION('',(#6264),#6268);
#6264 = LINE('',#6265,#6266);
#6265 = CARTESIAN_POINT('',(-1.570796326795,9.525));
#6266 = VECTOR('',#6267,1.);
#6267 = DIRECTION('',(1.,0.));
#6268 = ( GEOMETRIC_REPRESENTATION_CONTEXT(2)
PARAMETRIC_REPRESENTATION_CONTEXT() REPRESENTATION_CONTEXT('2D SPACE',''
  ) );
#6269 = ORIENTED_EDGE('',*,*,#6270,.T.);
#6270 = EDGE_CURVE('',#6247,#6271,#6273,.T.);
#6271 = VERTEX_POINT('',#6272);
#6272 = CARTESIAN_POINT('',(-22.,169.86796301501,18.864900172335));
#6273 = SURFACE_CURVE('',#6274,(#6278,#6285),.PCURVE_S1.);
#6274 = LINE('',#6275,#6276);
#6275 = CARTESIAN_POINT('',(24.,169.86796301501,18.864900172335));
#6276 = VECTOR('',#6277,1.);
#6277 = DIRECTION('',(-1.,-0.,0.));
#6278 = PCURVE('',#4919,#6279);
#6279 = DEFINITIONAL_REPRESENTATION('',(#6280),#6284);
#6280 = LINE('',#6281,#6282);
#6281 = CARTESIAN_POINT('',(-14.73981885455,24.));
#6282 = VECTOR('',#6283,1.);
#6283 = DIRECTION('',(0.,-1.));
#6284 = ( GEOMETRIC_REPRESENTATION_CONTEXT(2)
PARAMETRIC_REPRESENTATION_CONTEXT() REPRESENTATION_CONTEXT('2D SPACE',''
  ) );
#6285 = PCURVE('',#5322,#6286);
#6286 = DEFINITIONAL_REPRESENTATION('',(#6287),#6291);
#6287 = LINE('',#6288,#6289);
#6288 = CARTESIAN_POINT('',(-0.,-9.525));
#6289 = VECTOR('',#6290,1.);
#6290 = DIRECTION('',(1.,0.));
#6291 = ( GEOMETRIC_REPRESENTATION_CONTEXT(2)
PARAMETRIC_REPRESENTATION_CONTEXT() REPRESENTATION_CONTEXT('2D SPACE',''
  ) );
#6292 = ORIENTED_EDGE('',*,*,#6293,.T.);
#6293 = EDGE_CURVE('',#6271,#6294,#6296,.T.);
#6294 = VERTEX_POINT('',#6295);
#6295 = CARTESIAN_POINT('',(-24.,171.63385844368,19.803842840977));
#6296 = SURFACE_CURVE('',#6297,(#6302,#6309),.PCURVE_S1.);
#6297 = CIRCLE('',#6298,2.);
#6298 = AXIS2_PLACEMENT_3D('',#6299,#6300,#6301);
#6299 = CARTESIAN_POINT('',(-22.,171.63385844368,19.803842840977));
#6300 = DIRECTION('',(0.,0.469471334321,-0.882947714336));
#6301 = DIRECTION('',(0.,0.882947714336,0.469471334321));
#6302 = PCURVE('',#4919,#6303);
#6303 = DEFINITIONAL_REPRESENTATION('',(#6304),#6308);
#6304 = CIRCLE('',#6305,2.);
#6305 = AXIS2_PLACEMENT_2D('',#6306,#6307);
#6306 = CARTESIAN_POINT('',(-12.73981885455,-22.));
#6307 = DIRECTION('',(1.,0.));
#6308 = ( GEOMETRIC_REPRESENTATION_CONTEXT(2)
PARAMETRIC_REPRESENTATION_CONTEXT() REPRESENTATION_CONTEXT('2D SPACE',''
  ) );
#6309 = PCURVE('',#5351,#6310);
#6310 = DEFINITIONAL_REPRESENTATION('',(#6311),#6315);
#6311 = LINE('',#6312,#6313);
#6312 = CARTESIAN_POINT('',(-3.14159265359,9.525));
#6313 = VECTOR('',#6314,1.);
#6314 = DIRECTION('',(1.,0.));
#6315 = ( GEOMETRIC_REPRESENTATION_CONTEXT(2)
PARAMETRIC_REPRESENTATION_CONTEXT() REPRESENTATION_CONTEXT('2D SPACE',''
  ) );
#6316 = ORIENTED_EDGE('',*,*,#6317,.T.);
#6317 = EDGE_CURVE('',#6294,#6318,#6320,.T.);
#6318 = VERTEX_POINT('',#6319);
#6319 = CARTESIAN_POINT('',(-24.,194.59049901642,32.010097533317));
#6320 = SURFACE_CURVE('',#6321,(#6325,#6332),.PCURVE_S1.);
#6321 = LINE('',#6322,#6323);
#6322 = CARTESIAN_POINT('',(-24.,169.86796301501,18.864900172335));
#6323 = VECTOR('',#6324,1.);
#6324 = DIRECTION('',(0.,0.882947714336,0.469471334321));
#6325 = PCURVE('',#4919,#6326);
#6326 = DEFINITIONAL_REPRESENTATION('',(#6327),#6331);
#6327 = LINE('',#6328,#6329);
#6328 = CARTESIAN_POINT('',(-14.73981885455,-24.));
#6329 = VECTOR('',#6330,1.);
#6330 = DIRECTION('',(1.,0.));
#6331 = ( GEOMETRIC_REPRESENTATION_CONTEXT(2)
PARAMETRIC_REPRESENTATION_CONTEXT() REPRESENTATION_CONTEXT('2D SPACE',''
  ) );
#6332 = PCURVE('',#5379,#6333);
#6333 = DEFINITIONAL_REPRESENTATION('',(#6334),#6338);
#6334 = LINE('',#6335,#6336);
#6335 = CARTESIAN_POINT('',(-8.437694987151E-15,-9.525));
#6336 = VECTOR('',#6337,1.);
#6337 = DIRECTION('',(1.,0.));
#6338 = ( GEOMETRIC_REPRESENTATION_CONTEXT(2)
PARAMETRIC_REPRESENTATION_CONTEXT() REPRESENTATION_CONTEXT('2D SPACE',''
  ) );
#6339 = ORIENTED_EDGE('',*,*,#6340,.T.);
#6340 = EDGE_CURVE('',#6318,#6341,#6343,.T.);
#6341 = VERTEX_POINT('',#6342);
#6342 = CARTESIAN_POINT('',(-26.,196.35639444509,32.949040201958));
#6343 = SURFACE_CURVE('',#6344,(#6349,#6360),.PCURVE_S1.);
#6344 = CIRCLE('',#6345,2.);
#6345 = AXIS2_PLACEMENT_3D('',#6346,#6347,#6348);
#6346 = CARTESIAN_POINT('',(-26.,194.59049901642,32.010097533317));
#6347 = DIRECTION('',(0.,-0.469471334321,0.882947714336));
#6348 = DIRECTION('',(0.,0.882947714336,0.469471334321));
#6349 = PCURVE('',#4919,#6350);
#6350 = DEFINITIONAL_REPRESENTATION('',(#6351),#6359);
#6351 = ( BOUNDED_CURVE() B_SPLINE_CURVE(2,(#6352,#6353,#6354,#6355,
#6356,#6357,#6358),.UNSPECIFIED.,.T.,.F.) B_SPLINE_CURVE_WITH_KNOTS((1,2
    ,2,2,2,1),(-2.094395102393,0.,2.094395102393,4.188790204786,
6.28318530718,8.377580409573),.UNSPECIFIED.) CURVE()
GEOMETRIC_REPRESENTATION_ITEM() RATIONAL_B_SPLINE_CURVE((1.,0.5,1.,0.5,
1.,0.5,1.)) REPRESENTATION_ITEM('') );
#6352 = CARTESIAN_POINT('',(15.260181145444,-26.));
#6353 = CARTESIAN_POINT('',(15.260181145444,-29.46410161513));
#6354 = CARTESIAN_POINT('',(12.260181145444,-27.73205080756));
#6355 = CARTESIAN_POINT('',(9.260181145444,-26.));
#6356 = CARTESIAN_POINT('',(12.260181145444,-24.26794919243));
#6357 = CARTESIAN_POINT('',(15.260181145444,-22.53589838486));
#6358 = CARTESIAN_POINT('',(15.260181145444,-26.));
#6359 = ( GEOMETRIC_REPRESENTATION_CONTEXT(2)
PARAMETRIC_REPRESENTATION_CONTEXT() REPRESENTATION_CONTEXT('2D SPACE',''
  ) );
#6360 = PCURVE('',#5412,#6361);
#6361 = DEFINITIONAL_REPRESENTATION('',(#6362),#6366);
#6362 = LINE('',#6363,#6364);
#6363 = CARTESIAN_POINT('',(4.712388980385,9.525));
#6364 = VECTOR('',#6365,1.);
#6365 = DIRECTION('',(-1.,0.));
#6366 = ( GEOMETRIC_REPRESENTATION_CONTEXT(2)
PARAMETRIC_REPRESENTATION_CONTEXT() REPRESENTATION_CONTEXT('2D SPACE',''
  ) );
#6367 = ORIENTED_EDGE('',*,*,#6368,.T.);
#6368 = EDGE_CURVE('',#6341,#6369,#6371,.T.);
#6369 = VERTEX_POINT('',#6370);
#6370 = CARTESIAN_POINT('',(-32.17964055775,196.35639444509,
    32.949040201958));
#6371 = SURFACE_CURVE('',#6372,(#6376,#6383),.PCURVE_S1.);
#6372 = LINE('',#6373,#6374);
#6373 = CARTESIAN_POINT('',(-24.,196.35639444509,32.949040201958));
#6374 = VECTOR('',#6375,1.);
#6375 = DIRECTION('',(-1.,-0.,0.));
#6376 = PCURVE('',#4919,#6377);
#6377 = DEFINITIONAL_REPRESENTATION('',(#6378),#6382);
#6378 = LINE('',#6379,#6380);
#6379 = CARTESIAN_POINT('',(15.260181145444,-24.));
#6380 = VECTOR('',#6381,1.);
#6381 = DIRECTION('',(0.,-1.));
#6382 = ( GEOMETRIC_REPRESENTATION_CONTEXT(2)
PARAMETRIC_REPRESENTATION_CONTEXT() REPRESENTATION_CONTEXT('2D SPACE',''
  ) );
#6383 = PCURVE('',#5440,#6384);
#6384 = DEFINITIONAL_REPRESENTATION('',(#6385),#6389);
#6385 = LINE('',#6386,#6387);
#6386 = CARTESIAN_POINT('',(-0.,-9.525));
#6387 = VECTOR('',#6388,1.);
#6388 = DIRECTION('',(1.,0.));
#6389 = ( GEOMETRIC_REPRESENTATION_CONTEXT(2)
PARAMETRIC_REPRESENTATION_CONTEXT() REPRESENTATION_CONTEXT('2D SPACE',''
  ) );
#6390 = ORIENTED_EDGE('',*,*,#6391,.T.);
#6391 = EDGE_CURVE('',#6369,#6392,#6394,.T.);
#6392 = VERTEX_POINT('',#6393);
#6393 = CARTESIAN_POINT('',(-32.,197.08785228138,33.3379629896));
#6394 = SURFACE_CURVE('',#6395,(#6400,#6411),.PCURVE_S1.);
#6395 = CIRCLE('',#6396,2.);
#6396 = AXIS2_PLACEMENT_3D('',#6397,#6398,#6399);
#6397 = CARTESIAN_POINT('',(-34.,197.08785228138,33.3379629896));
#6398 = DIRECTION('',(0.,-0.469471334321,0.882947714336));
#6399 = DIRECTION('',(0.,0.882947714336,0.469471334321));
#6400 = PCURVE('',#4919,#6401);
#6401 = DEFINITIONAL_REPRESENTATION('',(#6402),#6410);
#6402 = ( BOUNDED_CURVE() B_SPLINE_CURVE(2,(#6403,#6404,#6405,#6406,
#6407,#6408,#6409),.UNSPECIFIED.,.T.,.F.) B_SPLINE_CURVE_WITH_KNOTS((1,2
    ,2,2,2,1),(-2.094395102393,0.,2.094395102393,4.188790204786,
6.28318530718,8.377580409573),.UNSPECIFIED.) CURVE()
GEOMETRIC_REPRESENTATION_ITEM() RATIONAL_B_SPLINE_CURVE((1.,0.5,1.,0.5,
1.,0.5,1.)) REPRESENTATION_ITEM('') );
#6403 = CARTESIAN_POINT('',(18.08860827019,-34.));
#6404 = CARTESIAN_POINT('',(18.08860827019,-37.46410161513));
#6405 = CARTESIAN_POINT('',(15.08860827019,-35.73205080756));
#6406 = CARTESIAN_POINT('',(12.08860827019,-34.));
#6407 = CARTESIAN_POINT('',(15.08860827019,-32.26794919243));
#6408 = CARTESIAN_POINT('',(18.08860827019,-30.53589838486));
#6409 = CARTESIAN_POINT('',(18.08860827019,-34.));
#6410 = ( GEOMETRIC_REPRESENTATION_CONTEXT(2)
PARAMETRIC_REPRESENTATION_CONTEXT() REPRESENTATION_CONTEXT('2D SPACE',''
  ) );
#6411 = PCURVE('',#6412,#6417);
#6412 = CYLINDRICAL_SURFACE('',#6413,2.);
#6413 = AXIS2_PLACEMENT_3D('',#6414,#6415,#6416);
#6414 = CARTESIAN_POINT('',(-34.,197.08785228138,33.3379629896));
#6415 = DIRECTION('',(0.,0.469471334321,-0.882947714336));
#6416 = DIRECTION('',(0.707106781187,-0.62433831624,-0.331966364071));
#6417 = DEFINITIONAL_REPRESENTATION('',(#6418),#6422);
#6418 = LINE('',#6419,#6420);
#6419 = CARTESIAN_POINT('',(3.926990816987,-0.));
#6420 = VECTOR('',#6421,1.);
#6421 = DIRECTION('',(-1.,0.));
#6422 = ( GEOMETRIC_REPRESENTATION_CONTEXT(2)
PARAMETRIC_REPRESENTATION_CONTEXT() REPRESENTATION_CONTEXT('2D SPACE',''
  ) );
#6423 = ORIENTED_EDGE('',*,*,#6424,.F.);
#6424 = EDGE_CURVE('',#6058,#6392,#6425,.T.);
#6425 = SURFACE_CURVE('',#6426,(#6430,#6437),.PCURVE_S1.);
#6426 = LINE('',#6427,#6428);
#6427 = CARTESIAN_POINT('',(-32.,205.18587158845,37.643753545166));
#6428 = VECTOR('',#6429,1.);
#6429 = DIRECTION('',(0.,-0.882947714336,-0.469471334321));
#6430 = PCURVE('',#4919,#6431);
#6431 = DEFINITIONAL_REPRESENTATION('',(#6432),#6436);
#6432 = LINE('',#6433,#6434);
#6433 = CARTESIAN_POINT('',(25.260181145444,-32.));
#6434 = VECTOR('',#6435,1.);
#6435 = DIRECTION('',(-1.,0.));
#6436 = ( GEOMETRIC_REPRESENTATION_CONTEXT(2)
PARAMETRIC_REPRESENTATION_CONTEXT() REPRESENTATION_CONTEXT('2D SPACE',''
  ) );
#6437 = PCURVE('',#6438,#6443);
#6438 = PLANE('',#6439);
#6439 = AXIS2_PLACEMENT_3D('',#6440,#6441,#6442);
#6440 = CARTESIAN_POINT('',(-32.,205.18587158845,37.643753545166));
#6441 = DIRECTION('',(-1.,-0.,0.));
#6442 = DIRECTION('',(0.,-0.882947714336,-0.469471334321));
#6443 = DEFINITIONAL_REPRESENTATION('',(#6444),#6448);
#6444 = LINE('',#6445,#6446);
#6445 = CARTESIAN_POINT('',(0.,0.));
#6446 = VECTOR('',#6447,1.);
#6447 = DIRECTION('',(1.,0.));
#6448 = ( GEOMETRIC_REPRESENTATION_CONTEXT(2)
PARAMETRIC_REPRESENTATION_CONTEXT() REPRESENTATION_CONTEXT('2D SPACE',''
  ) );
#6449 = FACE_BOUND('',#6450,.T.);
#6450 = EDGE_LOOP('',(#6451));
#6451 = ORIENTED_EDGE('',*,*,#6452,.T.);
#6452 = EDGE_CURVE('',#6453,#6453,#6455,.T.);
#6453 = VERTEX_POINT('',#6454);
#6454 = CARTESIAN_POINT('',(-16.,179.27135617269,23.864769882851));
#6455 = SURFACE_CURVE('',#6456,(#6461,#6472),.PCURVE_S1.);
#6456 = CIRCLE('',#6457,1.35);
#6457 = AXIS2_PLACEMENT_3D('',#6458,#6459,#6460);
#6458 = CARTESIAN_POINT('',(-16.,180.46333558704,24.498556184184));
#6459 = DIRECTION('',(0.,-0.469471334321,0.882947714336));
#6460 = DIRECTION('',(0.,-0.882947714336,-0.469471334321));
#6461 = PCURVE('',#4919,#6462);
#6462 = DEFINITIONAL_REPRESENTATION('',(#6463),#6471);
#6463 = ( BOUNDED_CURVE() B_SPLINE_CURVE(2,(#6464,#6465,#6466,#6467,
#6468,#6469,#6470),.UNSPECIFIED.,.T.,.F.) B_SPLINE_CURVE_WITH_KNOTS((1,2
    ,2,2,2,1),(-2.094395102393,0.,2.094395102393,4.188790204786,
6.28318530718,8.377580409573),.UNSPECIFIED.) CURVE()
GEOMETRIC_REPRESENTATION_ITEM() RATIONAL_B_SPLINE_CURVE((1.,0.5,1.,0.5,
1.,0.5,1.)) REPRESENTATION_ITEM('') );
#6464 = CARTESIAN_POINT('',(-4.089818854556,-16.));
#6465 = CARTESIAN_POINT('',(-4.089818854556,-13.66173140978));
#6466 = CARTESIAN_POINT('',(-2.064818854556,-14.83086570489));
#6467 = CARTESIAN_POINT('',(-3.981885455585E-02,-16.));
#6468 = CARTESIAN_POINT('',(-2.064818854556,-17.1691342951));
#6469 = CARTESIAN_POINT('',(-4.089818854556,-18.33826859021));
#6470 = CARTESIAN_POINT('',(-4.089818854556,-16.));
#6471 = ( GEOMETRIC_REPRESENTATION_CONTEXT(2)
PARAMETRIC_REPRESENTATION_CONTEXT() REPRESENTATION_CONTEXT('2D SPACE',''
  ) );
#6472 = PCURVE('',#5676,#6473);
#6473 = DEFINITIONAL_REPRESENTATION('',(#6474),#6478);
#6474 = LINE('',#6475,#6476);
#6475 = CARTESIAN_POINT('',(0.,0.));
#6476 = VECTOR('',#6477,1.);
#6477 = DIRECTION('',(1.,0.));
#6478 = ( GEOMETRIC_REPRESENTATION_CONTEXT(2)
PARAMETRIC_REPRESENTATION_CONTEXT() REPRESENTATION_CONTEXT('2D SPACE',''
  ) );
#6479 = FACE_BOUND('',#6480,.T.);
#6480 = EDGE_LOOP('',(#6481));
#6481 = ORIENTED_EDGE('',*,*,#6482,.T.);
#6482 = EDGE_CURVE('',#6483,#6483,#6485,.T.);
#6483 = VERTEX_POINT('',#6484);
#6484 = CARTESIAN_POINT('',(-16.,193.39851960206,31.376311231983));
#6485 = SURFACE_CURVE('',#6486,(#6491,#6502),.PCURVE_S1.);
#6486 = CIRCLE('',#6487,1.35);
#6487 = AXIS2_PLACEMENT_3D('',#6488,#6489,#6490);
#6488 = CARTESIAN_POINT('',(-16.,194.59049901642,32.010097533317));
#6489 = DIRECTION('',(0.,-0.469471334321,0.882947714336));
#6490 = DIRECTION('',(0.,-0.882947714336,-0.469471334321));
#6491 = PCURVE('',#4919,#6492);
#6492 = DEFINITIONAL_REPRESENTATION('',(#6493),#6501);
#6493 = ( BOUNDED_CURVE() B_SPLINE_CURVE(2,(#6494,#6495,#6496,#6497,
#6498,#6499,#6500),.UNSPECIFIED.,.T.,.F.) B_SPLINE_CURVE_WITH_KNOTS((1,2
    ,2,2,2,1),(-2.094395102393,0.,2.094395102393,4.188790204786,
6.28318530718,8.377580409573),.UNSPECIFIED.) CURVE()
GEOMETRIC_REPRESENTATION_ITEM() RATIONAL_B_SPLINE_CURVE((1.,0.5,1.,0.5,
1.,0.5,1.)) REPRESENTATION_ITEM('') );
#6494 = CARTESIAN_POINT('',(11.910181145444,-16.));
#6495 = CARTESIAN_POINT('',(11.910181145444,-13.66173140978));
#6496 = CARTESIAN_POINT('',(13.935181145444,-14.83086570489));
#6497 = CARTESIAN_POINT('',(15.960181145444,-16.));
#6498 = CARTESIAN_POINT('',(13.935181145444,-17.1691342951));
#6499 = CARTESIAN_POINT('',(11.910181145444,-18.33826859021));
#6500 = CARTESIAN_POINT('',(11.910181145444,-16.));
#6501 = ( GEOMETRIC_REPRESENTATION_CONTEXT(2)
PARAMETRIC_REPRESENTATION_CONTEXT() REPRESENTATION_CONTEXT('2D SPACE',''
  ) );
#6502 = PCURVE('',#5711,#6503);
#6503 = DEFINITIONAL_REPRESENTATION('',(#6504),#6508);
#6504 = LINE('',#6505,#6506);
#6505 = CARTESIAN_POINT('',(0.,0.));
#6506 = VECTOR('',#6507,1.);
#6507 = DIRECTION('',(1.,0.));
#6508 = ( GEOMETRIC_REPRESENTATION_CONTEXT(2)
PARAMETRIC_REPRESENTATION_CONTEXT() REPRESENTATION_CONTEXT('2D SPACE',''
  ) );
#6509 = FACE_BOUND('',#6510,.T.);
#6510 = EDGE_LOOP('',(#6511));
#6511 = ORIENTED_EDGE('',*,*,#6512,.T.);
#6512 = EDGE_CURVE('',#6513,#6513,#6515,.T.);
#6513 = VERTEX_POINT('',#6514);
#6514 = CARTESIAN_POINT('',(-1.383850883037E-15,173.70878557237,
    20.90710047663));
#6515 = SURFACE_CURVE('',#6516,(#6521,#6532),.PCURVE_S1.);
#6516 = CIRCLE('',#6517,5.65);
#6517 = AXIS2_PLACEMENT_3D('',#6518,#6519,#6520);
#6518 = CARTESIAN_POINT('',(0.,178.69744015837,23.559613515543));
#6519 = DIRECTION('',(0.,-0.469471334321,0.882947714336));
#6520 = DIRECTION('',(0.,-0.882947714336,-0.469471334321));
#6521 = PCURVE('',#4919,#6522);
#6522 = DEFINITIONAL_REPRESENTATION('',(#6523),#6531);
#6523 = ( BOUNDED_CURVE() B_SPLINE_CURVE(2,(#6524,#6525,#6526,#6527,
#6528,#6529,#6530),.UNSPECIFIED.,.T.,.F.) B_SPLINE_CURVE_WITH_KNOTS((1,2
    ,2,2,2,1),(-2.094395102393,0.,2.094395102393,4.188790204786,
6.28318530718,8.377580409573),.UNSPECIFIED.) CURVE()
GEOMETRIC_REPRESENTATION_ITEM() RATIONAL_B_SPLINE_CURVE((1.,0.5,1.,0.5,
1.,0.5,1.)) REPRESENTATION_ITEM('') );
#6524 = CARTESIAN_POINT('',(-10.38981885455,-9.603494377206E-16));
#6525 = CARTESIAN_POINT('',(-10.38981885455,9.786087062764));
#6526 = CARTESIAN_POINT('',(-1.914818854556,4.893043531382));
#6527 = CARTESIAN_POINT('',(6.560181145444,4.23501445316E-16));
#6528 = CARTESIAN_POINT('',(-1.914818854556,-4.893043531382));
#6529 = CARTESIAN_POINT('',(-10.38981885455,-9.786087062764));
#6530 = CARTESIAN_POINT('',(-10.38981885455,-9.603494377206E-16));
#6531 = ( GEOMETRIC_REPRESENTATION_CONTEXT(2)
PARAMETRIC_REPRESENTATION_CONTEXT() REPRESENTATION_CONTEXT('2D SPACE',''
  ) );
#6532 = PCURVE('',#6533,#6538);
#6533 = CONICAL_SURFACE('',#6534,5.65,0.785398163397);
#6534 = AXIS2_PLACEMENT_3D('',#6535,#6536,#6537);
#6535 = CARTESIAN_POINT('',(0.,178.69744015837,23.559613515543));
#6536 = DIRECTION('',(-0.,0.469471334321,-0.882947714336));
#6537 = DIRECTION('',(0.,-0.882947714336,-0.469471334321));
#6538 = DEFINITIONAL_REPRESENTATION('',(#6539),#6543);
#6539 = LINE('',#6540,#6541);
#6540 = CARTESIAN_POINT('',(-0.,-0.));
#6541 = VECTOR('',#6542,1.);
#6542 = DIRECTION('',(-1.,-0.));
#6543 = ( GEOMETRIC_REPRESENTATION_CONTEXT(2)
PARAMETRIC_REPRESENTATION_CONTEXT() REPRESENTATION_CONTEXT('2D SPACE',''
  ) );
#6544 = FACE_BOUND('',#6545,.T.);
#6545 = EDGE_LOOP('',(#6546));
#6546 = ORIENTED_EDGE('',*,*,#6547,.T.);
#6547 = EDGE_CURVE('',#6548,#6548,#6550,.T.);
#6548 = VERTEX_POINT('',#6549);
#6549 = CARTESIAN_POINT('',(16.,179.27135617269,23.864769882851));
#6550 = SURFACE_CURVE('',#6551,(#6556,#6567),.PCURVE_S1.);
#6551 = CIRCLE('',#6552,1.35);
#6552 = AXIS2_PLACEMENT_3D('',#6553,#6554,#6555);
#6553 = CARTESIAN_POINT('',(16.,180.46333558704,24.498556184184));
#6554 = DIRECTION('',(0.,-0.469471334321,0.882947714336));
#6555 = DIRECTION('',(0.,-0.882947714336,-0.469471334321));
#6556 = PCURVE('',#4919,#6557);
#6557 = DEFINITIONAL_REPRESENTATION('',(#6558),#6566);
#6558 = ( BOUNDED_CURVE() B_SPLINE_CURVE(2,(#6559,#6560,#6561,#6562,
#6563,#6564,#6565),.UNSPECIFIED.,.T.,.F.) B_SPLINE_CURVE_WITH_KNOTS((1,2
    ,2,2,2,1),(-2.094395102393,0.,2.094395102393,4.188790204786,
6.28318530718,8.377580409573),.UNSPECIFIED.) CURVE()
GEOMETRIC_REPRESENTATION_ITEM() RATIONAL_B_SPLINE_CURVE((1.,0.5,1.,0.5,
1.,0.5,1.)) REPRESENTATION_ITEM('') );
#6559 = CARTESIAN_POINT('',(-4.089818854556,16.));
#6560 = CARTESIAN_POINT('',(-4.089818854556,18.338268590218));
#6561 = CARTESIAN_POINT('',(-2.064818854556,17.169134295109));
#6562 = CARTESIAN_POINT('',(-3.981885455585E-02,16.));
#6563 = CARTESIAN_POINT('',(-2.064818854556,14.830865704891));
#6564 = CARTESIAN_POINT('',(-4.089818854556,13.661731409782));
#6565 = CARTESIAN_POINT('',(-4.089818854556,16.));
#6566 = ( GEOMETRIC_REPRESENTATION_CONTEXT(2)
PARAMETRIC_REPRESENTATION_CONTEXT() REPRESENTATION_CONTEXT('2D SPACE',''
  ) );
#6567 = PCURVE('',#5781,#6568);
#6568 = DEFINITIONAL_REPRESENTATION('',(#6569),#6573);
#6569 = LINE('',#6570,#6571);
#6570 = CARTESIAN_POINT('',(0.,0.));
#6571 = VECTOR('',#6572,1.);
#6572 = DIRECTION('',(1.,0.));
#6573 = ( GEOMETRIC_REPRESENTATION_CONTEXT(2)
PARAMETRIC_REPRESENTATION_CONTEXT() REPRESENTATION_CONTEXT('2D SPACE',''
  ) );
#6574 = FACE_BOUND('',#6575,.T.);
#6575 = EDGE_LOOP('',(#6576));
#6576 = ORIENTED_EDGE('',*,*,#6577,.T.);
#6577 = EDGE_CURVE('',#6578,#6578,#6580,.T.);
#6578 = VERTEX_POINT('',#6579);
#6579 = CARTESIAN_POINT('',(-1.383850883037E-15,191.36773985909,
    30.296527163046));
#6580 = SURFACE_CURVE('',#6581,(#6586,#6597),.PCURVE_S1.);
#6581 = CIRCLE('',#6582,5.65);
#6582 = AXIS2_PLACEMENT_3D('',#6583,#6584,#6585);
#6583 = CARTESIAN_POINT('',(0.,196.35639444509,32.949040201958));
#6584 = DIRECTION('',(0.,-0.469471334321,0.882947714336));
#6585 = DIRECTION('',(0.,-0.882947714336,-0.469471334321));
#6586 = PCURVE('',#4919,#6587);
#6587 = DEFINITIONAL_REPRESENTATION('',(#6588),#6596);
#6588 = ( BOUNDED_CURVE() B_SPLINE_CURVE(2,(#6589,#6590,#6591,#6592,
#6593,#6594,#6595),.UNSPECIFIED.,.T.,.F.) B_SPLINE_CURVE_WITH_KNOTS((1,2
    ,2,2,2,1),(-2.094395102393,0.,2.094395102393,4.188790204786,
6.28318530718,8.377580409573),.UNSPECIFIED.) CURVE()
GEOMETRIC_REPRESENTATION_ITEM() RATIONAL_B_SPLINE_CURVE((1.,0.5,1.,0.5,
1.,0.5,1.)) REPRESENTATION_ITEM('') );
#6589 = CARTESIAN_POINT('',(9.610181145444,-9.603494377206E-16));
#6590 = CARTESIAN_POINT('',(9.610181145444,9.786087062764));
#6591 = CARTESIAN_POINT('',(18.085181145444,4.893043531382));
#6592 = CARTESIAN_POINT('',(26.560181145444,4.23501445316E-16));
#6593 = CARTESIAN_POINT('',(18.085181145444,-4.893043531382));
#6594 = CARTESIAN_POINT('',(9.610181145444,-9.786087062764));
#6595 = CARTESIAN_POINT('',(9.610181145444,-9.603494377206E-16));
#6596 = ( GEOMETRIC_REPRESENTATION_CONTEXT(2)
PARAMETRIC_REPRESENTATION_CONTEXT() REPRESENTATION_CONTEXT('2D SPACE',''
  ) );
#6597 = PCURVE('',#6598,#6603);
#6598 = CONICAL_SURFACE('',#6599,5.65,0.785398163397);
#6599 = AXIS2_PLACEMENT_3D('',#6600,#6601,#6602);
#6600 = CARTESIAN_POINT('',(0.,196.35639444509,32.949040201958));
#6601 = DIRECTION('',(-0.,0.469471334321,-0.882947714336));
#6602 = DIRECTION('',(0.,-0.882947714336,-0.469471334321));
#6603 = DEFINITIONAL_REPRESENTATION('',(#6604),#6608);
#6604 = LINE('',#6605,#6606);
#6605 = CARTESIAN_POINT('',(-0.,-0.));
#6606 = VECTOR('',#6607,1.);
#6607 = DIRECTION('',(-1.,-0.));
#6608 = ( GEOMETRIC_REPRESENTATION_CONTEXT(2)
PARAMETRIC_REPRESENTATION_CONTEXT() REPRESENTATION_CONTEXT('2D SPACE',''
  ) );
#6609 = FACE_BOUND('',#6610,.T.);
#6610 = EDGE_LOOP('',(#6611));
#6611 = ORIENTED_EDGE('',*,*,#6612,.T.);
#6612 = EDGE_CURVE('',#6613,#6613,#6615,.T.);
#6613 = VERTEX_POINT('',#6614);
#6614 = CARTESIAN_POINT('',(16.,193.39851960206,31.376311231983));
#6615 = SURFACE_CURVE('',#6616,(#6621,#6632),.PCURVE_S1.);
#6616 = CIRCLE('',#6617,1.35);
#6617 = AXIS2_PLACEMENT_3D('',#6618,#6619,#6620);
#6618 = CARTESIAN_POINT('',(16.,194.59049901642,32.010097533317));
#6619 = DIRECTION('',(0.,-0.469471334321,0.882947714336));
#6620 = DIRECTION('',(0.,-0.882947714336,-0.469471334321));
#6621 = PCURVE('',#4919,#6622);
#6622 = DEFINITIONAL_REPRESENTATION('',(#6623),#6631);
#6623 = ( BOUNDED_CURVE() B_SPLINE_CURVE(2,(#6624,#6625,#6626,#6627,
#6628,#6629,#6630),.UNSPECIFIED.,.T.,.F.) B_SPLINE_CURVE_WITH_KNOTS((1,2
    ,2,2,2,1),(-2.094395102393,0.,2.094395102393,4.188790204786,
6.28318530718,8.377580409573),.UNSPECIFIED.) CURVE()
GEOMETRIC_REPRESENTATION_ITEM() RATIONAL_B_SPLINE_CURVE((1.,0.5,1.,0.5,
1.,0.5,1.)) REPRESENTATION_ITEM('') );
#6624 = CARTESIAN_POINT('',(11.910181145444,16.));
#6625 = CARTESIAN_POINT('',(11.910181145444,18.338268590218));
#6626 = CARTESIAN_POINT('',(13.935181145444,17.169134295109));
#6627 = CARTESIAN_POINT('',(15.960181145444,16.));
#6628 = CARTESIAN_POINT('',(13.935181145444,14.830865704891));
#6629 = CARTESIAN_POINT('',(11.910181145444,13.661731409782));
#6630 = CARTESIAN_POINT('',(11.910181145444,16.));
#6631 = ( GEOMETRIC_REPRESENTATION_CONTEXT(2)
PARAMETRIC_REPRESENTATION_CONTEXT() REPRESENTATION_CONTEXT('2D SPACE',''
  ) );
#6632 = PCURVE('',#5851,#6633);
#6633 = DEFINITIONAL_REPRESENTATION('',(#6634),#6638);
#6634 = LINE('',#6635,#6636);
#6635 = CARTESIAN_POINT('',(0.,0.));
#6636 = VECTOR('',#6637,1.);
#6637 = DIRECTION('',(1.,0.));
#6638 = ( GEOMETRIC_REPRESENTATION_CONTEXT(2)
PARAMETRIC_REPRESENTATION_CONTEXT() REPRESENTATION_CONTEXT('2D SPACE',''
  ) );
#6639 = ADVANCED_FACE('',(#6640),#4947,.F.);
#6640 = FACE_BOUND('',#6641,.F.);
#6641 = EDGE_LOOP('',(#6642,#6643,#6666,#6694));
#6642 = ORIENTED_EDGE('',*,*,#4931,.F.);
#6643 = ORIENTED_EDGE('',*,*,#6644,.T.);
#6644 = EDGE_CURVE('',#4904,#6645,#6647,.T.);
#6645 = VERTEX_POINT('',#6646);
#6646 = CARTESIAN_POINT('',(34.,208.16701456139,32.037035559132));
#6647 = SURFACE_CURVE('',#6648,(#6652,#6659),.PCURVE_S1.);
#6648 = LINE('',#6649,#6650);
#6649 = CARTESIAN_POINT('',(34.,205.18587158845,37.643753545166));
#6650 = VECTOR('',#6651,1.);
#6651 = DIRECTION('',(0.,0.469471334321,-0.882947714336));
#6652 = PCURVE('',#4947,#6653);
#6653 = DEFINITIONAL_REPRESENTATION('',(#6654),#6658);
#6654 = LINE('',#6655,#6656);
#6655 = CARTESIAN_POINT('',(2.,0.));
#6656 = VECTOR('',#6657,1.);
#6657 = DIRECTION('',(0.,-1.));
#6658 = ( GEOMETRIC_REPRESENTATION_CONTEXT(2)
PARAMETRIC_REPRESENTATION_CONTEXT() REPRESENTATION_CONTEXT('2D SPACE',''
  ) );
#6659 = PCURVE('',#6103,#6660);
#6660 = DEFINITIONAL_REPRESENTATION('',(#6661),#6665);
#6661 = LINE('',#6662,#6663);
#6662 = CARTESIAN_POINT('',(-0.,0.));
#6663 = VECTOR('',#6664,1.);
#6664 = DIRECTION('',(-0.,1.));
#6665 = ( GEOMETRIC_REPRESENTATION_CONTEXT(2)
PARAMETRIC_REPRESENTATION_CONTEXT() REPRESENTATION_CONTEXT('2D SPACE',''
  ) );
#6666 = ORIENTED_EDGE('',*,*,#6667,.T.);
#6667 = EDGE_CURVE('',#6645,#6668,#6670,.T.);
#6668 = VERTEX_POINT('',#6669);
#6669 = CARTESIAN_POINT('',(49.,208.16701456139,32.037035559132));
#6670 = SURFACE_CURVE('',#6671,(#6675,#6682),.PCURVE_S1.);
#6671 = LINE('',#6672,#6673);
#6672 = CARTESIAN_POINT('',(32.,208.16701456139,32.037035559132));
#6673 = VECTOR('',#6674,1.);
#6674 = DIRECTION('',(1.,0.,0.));
#6675 = PCURVE('',#4947,#6676);
#6676 = DEFINITIONAL_REPRESENTATION('',(#6677),#6681);
#6677 = LINE('',#6678,#6679);
#6678 = CARTESIAN_POINT('',(0.,-6.35));
#6679 = VECTOR('',#6680,1.);
#6680 = DIRECTION('',(1.,0.));
#6681 = ( GEOMETRIC_REPRESENTATION_CONTEXT(2)
PARAMETRIC_REPRESENTATION_CONTEXT() REPRESENTATION_CONTEXT('2D SPACE',''
  ) );
#6682 = PCURVE('',#6683,#6688);
#6683 = PLANE('',#6684);
#6684 = AXIS2_PLACEMENT_3D('',#6685,#6686,#6687);
#6685 = CARTESIAN_POINT('',(42.504615325669,183.46311301579,
    18.901746307877));
#6686 = DIRECTION('',(-0.,0.469471334321,-0.882947714336));
#6687 = DIRECTION('',(0.,0.882947714336,0.469471334321));
#6688 = DEFINITIONAL_REPRESENTATION('',(#6689),#6693);
#6689 = LINE('',#6690,#6691);
#6690 = CARTESIAN_POINT('',(27.978895176337,-10.50461532566));
#6691 = VECTOR('',#6692,1.);
#6692 = DIRECTION('',(0.,1.));
#6693 = ( GEOMETRIC_REPRESENTATION_CONTEXT(2)
PARAMETRIC_REPRESENTATION_CONTEXT() REPRESENTATION_CONTEXT('2D SPACE',''
  ) );
#6694 = ORIENTED_EDGE('',*,*,#6695,.F.);
#6695 = EDGE_CURVE('',#4932,#6668,#6696,.T.);
#6696 = SURFACE_CURVE('',#6697,(#6701,#6708),.PCURVE_S1.);
#6697 = LINE('',#6698,#6699);
#6698 = CARTESIAN_POINT('',(49.,205.18587158845,37.643753545166));
#6699 = VECTOR('',#6700,1.);
#6700 = DIRECTION('',(0.,0.469471334321,-0.882947714336));
#6701 = PCURVE('',#4947,#6702);
#6702 = DEFINITIONAL_REPRESENTATION('',(#6703),#6707);
#6703 = LINE('',#6704,#6705);
#6704 = CARTESIAN_POINT('',(17.,0.));
#6705 = VECTOR('',#6706,1.);
#6706 = DIRECTION('',(0.,-1.));
#6707 = ( GEOMETRIC_REPRESENTATION_CONTEXT(2)
PARAMETRIC_REPRESENTATION_CONTEXT() REPRESENTATION_CONTEXT('2D SPACE',''
  ) );
#6708 = PCURVE('',#5960,#6709);
#6709 = DEFINITIONAL_REPRESENTATION('',(#6710),#6714);
#6710 = LINE('',#6711,#6712);
#6711 = CARTESIAN_POINT('',(0.,0.));
#6712 = VECTOR('',#6713,1.);
#6713 = DIRECTION('',(0.,1.));
#6714 = ( GEOMETRIC_REPRESENTATION_CONTEXT(2)
PARAMETRIC_REPRESENTATION_CONTEXT() REPRESENTATION_CONTEXT('2D SPACE',''
  ) );
#6715 = ADVANCED_FACE('',(#6716),#5615,.F.);
#6716 = FACE_BOUND('',#6717,.F.);
#6717 = EDGE_LOOP('',(#6718,#6719,#6742,#6768));
#6718 = ORIENTED_EDGE('',*,*,#5599,.F.);
#6719 = ORIENTED_EDGE('',*,*,#6720,.T.);
#6720 = EDGE_CURVE('',#5571,#6721,#6723,.T.);
#6721 = VERTEX_POINT('',#6722);
#6722 = CARTESIAN_POINT('',(-51.,156.28760998807,11.644102890019));
#6723 = SURFACE_CURVE('',#6724,(#6728,#6735),.PCURVE_S1.);
#6724 = LINE('',#6725,#6726);
#6725 = CARTESIAN_POINT('',(-51.,151.81589552867,20.054179869069));
#6726 = VECTOR('',#6727,1.);
#6727 = DIRECTION('',(0.,0.469471334321,-0.882947714336));
#6728 = PCURVE('',#5615,#6729);
#6729 = DEFINITIONAL_REPRESENTATION('',(#6730),#6734);
#6730 = LINE('',#6731,#6732);
#6731 = CARTESIAN_POINT('',(2.,1.432187701766E-14));
#6732 = VECTOR('',#6733,1.);
#6733 = DIRECTION('',(0.,-1.));
#6734 = ( GEOMETRIC_REPRESENTATION_CONTEXT(2)
PARAMETRIC_REPRESENTATION_CONTEXT() REPRESENTATION_CONTEXT('2D SPACE',''
  ) );
#6735 = PCURVE('',#5587,#6736);
#6736 = DEFINITIONAL_REPRESENTATION('',(#6737),#6741);
#6737 = LINE('',#6738,#6739);
#6738 = CARTESIAN_POINT('',(1.570796326795,0.));
#6739 = VECTOR('',#6740,1.);
#6740 = DIRECTION('',(0.,1.));
#6741 = ( GEOMETRIC_REPRESENTATION_CONTEXT(2)
PARAMETRIC_REPRESENTATION_CONTEXT() REPRESENTATION_CONTEXT('2D SPACE',''
  ) );
#6742 = ORIENTED_EDGE('',*,*,#6743,.T.);
#6743 = EDGE_CURVE('',#6721,#5868,#6744,.T.);
#6744 = SURFACE_CURVE('',#6745,(#6749,#6756),.PCURVE_S1.);
#6745 = LINE('',#6746,#6747);
#6746 = CARTESIAN_POINT('',(-51.,154.5217145594,10.705160221377));
#6747 = VECTOR('',#6748,1.);
#6748 = DIRECTION('',(0.,0.882947714336,0.469471334321));
#6749 = PCURVE('',#5615,#6750);
#6750 = DEFINITIONAL_REPRESENTATION('',(#6751),#6755);
#6751 = LINE('',#6752,#6753);
#6752 = CARTESIAN_POINT('',(-8.437694987151E-15,-9.525));
#6753 = VECTOR('',#6754,1.);
#6754 = DIRECTION('',(1.,0.));
#6755 = ( GEOMETRIC_REPRESENTATION_CONTEXT(2)
PARAMETRIC_REPRESENTATION_CONTEXT() REPRESENTATION_CONTEXT('2D SPACE',''
  ) );
#6756 = PCURVE('',#6757,#6762);
#6757 = PLANE('',#6758);
#6758 = AXIS2_PLACEMENT_3D('',#6759,#6760,#6761);
#6759 = CARTESIAN_POINT('',(-51.,154.5217145594,10.705160221377));
#6760 = DIRECTION('',(1.,0.,0.));
#6761 = DIRECTION('',(0.,0.882947714336,0.469471334321));
#6762 = DEFINITIONAL_REPRESENTATION('',(#6763),#6767);
#6763 = LINE('',#6764,#6765);
#6764 = CARTESIAN_POINT('',(0.,0.));
#6765 = VECTOR('',#6766,1.);
#6766 = DIRECTION('',(1.,0.));
#6767 = ( GEOMETRIC_REPRESENTATION_CONTEXT(2)
PARAMETRIC_REPRESENTATION_CONTEXT() REPRESENTATION_CONTEXT('2D SPACE',''
  ) );
#6768 = ORIENTED_EDGE('',*,*,#5867,.F.);
#6769 = ADVANCED_FACE('',(#6770),#5029,.F.);
#6770 = FACE_BOUND('',#6771,.F.);
#6771 = EDGE_LOOP('',(#6772,#6773,#6774,#6802));
#6772 = ORIENTED_EDGE('',*,*,#5013,.F.);
#6773 = ORIENTED_EDGE('',*,*,#5922,.T.);
#6774 = ORIENTED_EDGE('',*,*,#6775,.T.);
#6775 = EDGE_CURVE('',#5923,#6776,#6778,.T.);
#6776 = VERTEX_POINT('',#6777);
#6777 = CARTESIAN_POINT('',(51.,156.28760998807,11.644102890019));
#6778 = SURFACE_CURVE('',#6779,(#6783,#6790),.PCURVE_S1.);
#6779 = LINE('',#6780,#6781);
#6780 = CARTESIAN_POINT('',(51.,205.18587158845,37.643753545166));
#6781 = VECTOR('',#6782,1.);
#6782 = DIRECTION('',(0.,-0.882947714336,-0.469471334321));
#6783 = PCURVE('',#5029,#6784);
#6784 = DEFINITIONAL_REPRESENTATION('',(#6785),#6789);
#6785 = LINE('',#6786,#6787);
#6786 = CARTESIAN_POINT('',(8.437694987151E-15,-9.525));
#6787 = VECTOR('',#6788,1.);
#6788 = DIRECTION('',(1.,0.));
#6789 = ( GEOMETRIC_REPRESENTATION_CONTEXT(2)
PARAMETRIC_REPRESENTATION_CONTEXT() REPRESENTATION_CONTEXT('2D SPACE',''
  ) );
#6790 = PCURVE('',#6791,#6796);
#6791 = PLANE('',#6792);
#6792 = AXIS2_PLACEMENT_3D('',#6793,#6794,#6795);
#6793 = CARTESIAN_POINT('',(51.,205.18587158845,37.643753545166));
#6794 = DIRECTION('',(-1.,-0.,0.));
#6795 = DIRECTION('',(0.,-0.882947714336,-0.469471334321));
#6796 = DEFINITIONAL_REPRESENTATION('',(#6797),#6801);
#6797 = LINE('',#6798,#6799);
#6798 = CARTESIAN_POINT('',(0.,0.));
#6799 = VECTOR('',#6800,1.);
#6800 = DIRECTION('',(1.,0.));
#6801 = ( GEOMETRIC_REPRESENTATION_CONTEXT(2)
PARAMETRIC_REPRESENTATION_CONTEXT() REPRESENTATION_CONTEXT('2D SPACE',''
  ) );
#6802 = ORIENTED_EDGE('',*,*,#6803,.F.);
#6803 = EDGE_CURVE('',#5014,#6776,#6804,.T.);
#6804 = SURFACE_CURVE('',#6805,(#6809,#6816),.PCURVE_S1.);
#6805 = LINE('',#6806,#6807);
#6806 = CARTESIAN_POINT('',(51.,151.81589552867,20.054179869069));
#6807 = VECTOR('',#6808,1.);
#6808 = DIRECTION('',(0.,0.469471334321,-0.882947714336));
#6809 = PCURVE('',#5029,#6810);
#6810 = DEFINITIONAL_REPRESENTATION('',(#6811),#6815);
#6811 = LINE('',#6812,#6813);
#6812 = CARTESIAN_POINT('',(55.380699,1.7763568394E-14));
#6813 = VECTOR('',#6814,1.);
#6814 = DIRECTION('',(0.,-1.));
#6815 = ( GEOMETRIC_REPRESENTATION_CONTEXT(2)
PARAMETRIC_REPRESENTATION_CONTEXT() REPRESENTATION_CONTEXT('2D SPACE',''
  ) );
#6816 = PCURVE('',#5058,#6817);
#6817 = DEFINITIONAL_REPRESENTATION('',(#6818),#6822);
#6818 = LINE('',#6819,#6820);
#6819 = CARTESIAN_POINT('',(0.,0.));
#6820 = VECTOR('',#6821,1.);
#6821 = DIRECTION('',(0.,1.));
#6822 = ( GEOMETRIC_REPRESENTATION_CONTEXT(2)
PARAMETRIC_REPRESENTATION_CONTEXT() REPRESENTATION_CONTEXT('2D SPACE',''
  ) );
#6823 = ADVANCED_FACE('',(#6824),#5587,.T.);
#6824 = FACE_BOUND('',#6825,.T.);
#6825 = EDGE_LOOP('',(#6826,#6827,#6828,#6857));
#6826 = ORIENTED_EDGE('',*,*,#5570,.T.);
#6827 = ORIENTED_EDGE('',*,*,#6720,.T.);
#6828 = ORIENTED_EDGE('',*,*,#6829,.F.);
#6829 = EDGE_CURVE('',#6830,#6721,#6832,.T.);
#6830 = VERTEX_POINT('',#6831);
#6831 = CARTESIAN_POINT('',(-49.,154.5217145594,10.705160221377));
#6832 = SURFACE_CURVE('',#6833,(#6838,#6845),.PCURVE_S1.);
#6833 = CIRCLE('',#6834,2.);
#6834 = AXIS2_PLACEMENT_3D('',#6835,#6836,#6837);
#6835 = CARTESIAN_POINT('',(-49.,156.28760998807,11.644102890019));
#6836 = DIRECTION('',(0.,0.469471334321,-0.882947714336));
#6837 = DIRECTION('',(0.,0.882947714336,0.469471334321));
#6838 = PCURVE('',#5587,#6839);
#6839 = DEFINITIONAL_REPRESENTATION('',(#6840),#6844);
#6840 = LINE('',#6841,#6842);
#6841 = CARTESIAN_POINT('',(-3.14159265359,9.525));
#6842 = VECTOR('',#6843,1.);
#6843 = DIRECTION('',(1.,0.));
#6844 = ( GEOMETRIC_REPRESENTATION_CONTEXT(2)
PARAMETRIC_REPRESENTATION_CONTEXT() REPRESENTATION_CONTEXT('2D SPACE',''
  ) );
#6845 = PCURVE('',#6846,#6851);
#6846 = CYLINDRICAL_SURFACE('',#6847,2.);
#6847 = AXIS2_PLACEMENT_3D('',#6848,#6849,#6850);
#6848 = CARTESIAN_POINT('',(-49.,156.28760998807,11.644102890019));
#6849 = DIRECTION('',(0.,0.469471334321,-0.882947714336));
#6850 = DIRECTION('',(0.,-0.882947714336,-0.469471334321));
#6851 = DEFINITIONAL_REPRESENTATION('',(#6852),#6856);
#6852 = LINE('',#6853,#6854);
#6853 = CARTESIAN_POINT('',(-3.14159265359,0.));
#6854 = VECTOR('',#6855,1.);
#6855 = DIRECTION('',(1.,0.));
#6856 = ( GEOMETRIC_REPRESENTATION_CONTEXT(2)
PARAMETRIC_REPRESENTATION_CONTEXT() REPRESENTATION_CONTEXT('2D SPACE',''
  ) );
#6857 = ORIENTED_EDGE('',*,*,#6858,.F.);
#6858 = EDGE_CURVE('',#5543,#6830,#6859,.T.);
#6859 = SURFACE_CURVE('',#6860,(#6864,#6871),.PCURVE_S1.);
#6860 = LINE('',#6861,#6862);
#6861 = CARTESIAN_POINT('',(-49.,150.0500001,19.115237200427));
#6862 = VECTOR('',#6863,1.);
#6863 = DIRECTION('',(0.,0.469471334321,-0.882947714336));
#6864 = PCURVE('',#5587,#6865);
#6865 = DEFINITIONAL_REPRESENTATION('',(#6866),#6870);
#6866 = LINE('',#6867,#6868);
#6867 = CARTESIAN_POINT('',(0.,0.));
#6868 = VECTOR('',#6869,1.);
#6869 = DIRECTION('',(0.,1.));
#6870 = ( GEOMETRIC_REPRESENTATION_CONTEXT(2)
PARAMETRIC_REPRESENTATION_CONTEXT() REPRESENTATION_CONTEXT('2D SPACE',''
  ) );
#6871 = PCURVE('',#5558,#6872);
#6872 = DEFINITIONAL_REPRESENTATION('',(#6873),#6877);
#6873 = LINE('',#6874,#6875);
#6874 = CARTESIAN_POINT('',(14.,0.));
#6875 = VECTOR('',#6876,1.);
#6876 = DIRECTION('',(-0.,-1.));
#6877 = ( GEOMETRIC_REPRESENTATION_CONTEXT(2)
PARAMETRIC_REPRESENTATION_CONTEXT() REPRESENTATION_CONTEXT('2D SPACE',''
  ) );
#6878 = ADVANCED_FACE('',(#6879),#5058,.T.);
#6879 = FACE_BOUND('',#6880,.T.);
#6880 = EDGE_LOOP('',(#6881,#6882,#6905,#6932));
#6881 = ORIENTED_EDGE('',*,*,#5041,.T.);
#6882 = ORIENTED_EDGE('',*,*,#6883,.T.);
#6883 = EDGE_CURVE('',#5042,#6884,#6886,.T.);
#6884 = VERTEX_POINT('',#6885);
#6885 = CARTESIAN_POINT('',(49.,154.5217145594,10.705160221377));
#6886 = SURFACE_CURVE('',#6887,(#6891,#6898),.PCURVE_S1.);
#6887 = LINE('',#6888,#6889);
#6888 = CARTESIAN_POINT('',(49.,150.0500001,19.115237200427));
#6889 = VECTOR('',#6890,1.);
#6890 = DIRECTION('',(0.,0.469471334321,-0.882947714336));
#6891 = PCURVE('',#5058,#6892);
#6892 = DEFINITIONAL_REPRESENTATION('',(#6893),#6897);
#6893 = LINE('',#6894,#6895);
#6894 = CARTESIAN_POINT('',(1.570796326795,0.));
#6895 = VECTOR('',#6896,1.);
#6896 = DIRECTION('',(0.,1.));
#6897 = ( GEOMETRIC_REPRESENTATION_CONTEXT(2)
PARAMETRIC_REPRESENTATION_CONTEXT() REPRESENTATION_CONTEXT('2D SPACE',''
  ) );
#6898 = PCURVE('',#5086,#6899);
#6899 = DEFINITIONAL_REPRESENTATION('',(#6900),#6904);
#6900 = LINE('',#6901,#6902);
#6901 = CARTESIAN_POINT('',(2.,0.));
#6902 = VECTOR('',#6903,1.);
#6903 = DIRECTION('',(-0.,-1.));
#6904 = ( GEOMETRIC_REPRESENTATION_CONTEXT(2)
PARAMETRIC_REPRESENTATION_CONTEXT() REPRESENTATION_CONTEXT('2D SPACE',''
  ) );
#6905 = ORIENTED_EDGE('',*,*,#6906,.F.);
#6906 = EDGE_CURVE('',#6776,#6884,#6907,.T.);
#6907 = SURFACE_CURVE('',#6908,(#6913,#6920),.PCURVE_S1.);
#6908 = CIRCLE('',#6909,2.);
#6909 = AXIS2_PLACEMENT_3D('',#6910,#6911,#6912);
#6910 = CARTESIAN_POINT('',(49.,156.28760998807,11.644102890019));
#6911 = DIRECTION('',(0.,0.469471334321,-0.882947714336));
#6912 = DIRECTION('',(0.,0.882947714336,0.469471334321));
#6913 = PCURVE('',#5058,#6914);
#6914 = DEFINITIONAL_REPRESENTATION('',(#6915),#6919);
#6915 = LINE('',#6916,#6917);
#6916 = CARTESIAN_POINT('',(-1.570796326795,9.525));
#6917 = VECTOR('',#6918,1.);
#6918 = DIRECTION('',(1.,0.));
#6919 = ( GEOMETRIC_REPRESENTATION_CONTEXT(2)
PARAMETRIC_REPRESENTATION_CONTEXT() REPRESENTATION_CONTEXT('2D SPACE',''
  ) );
#6920 = PCURVE('',#6921,#6926);
#6921 = CYLINDRICAL_SURFACE('',#6922,2.);
#6922 = AXIS2_PLACEMENT_3D('',#6923,#6924,#6925);
#6923 = CARTESIAN_POINT('',(49.,156.28760998807,11.644102890019));
#6924 = DIRECTION('',(0.,0.469471334321,-0.882947714336));
#6925 = DIRECTION('',(1.,0.,0.));
#6926 = DEFINITIONAL_REPRESENTATION('',(#6927),#6931);
#6927 = LINE('',#6928,#6929);
#6928 = CARTESIAN_POINT('',(-1.570796326795,0.));
#6929 = VECTOR('',#6930,1.);
#6930 = DIRECTION('',(1.,0.));
#6931 = ( GEOMETRIC_REPRESENTATION_CONTEXT(2)
PARAMETRIC_REPRESENTATION_CONTEXT() REPRESENTATION_CONTEXT('2D SPACE',''
  ) );
#6932 = ORIENTED_EDGE('',*,*,#6803,.F.);
#6933 = ADVANCED_FACE('',(#6934),#5558,.F.);
#6934 = FACE_BOUND('',#6935,.F.);
#6935 = EDGE_LOOP('',(#6936,#6937,#6960,#6986));
#6936 = ORIENTED_EDGE('',*,*,#5542,.F.);
#6937 = ORIENTED_EDGE('',*,*,#6938,.T.);
#6938 = EDGE_CURVE('',#5514,#6939,#6941,.T.);
#6939 = VERTEX_POINT('',#6940);
#6940 = CARTESIAN_POINT('',(-37.,154.5217145594,10.705160221377));
#6941 = SURFACE_CURVE('',#6942,(#6946,#6953),.PCURVE_S1.);
#6942 = LINE('',#6943,#6944);
#6943 = CARTESIAN_POINT('',(-37.,150.0500001,19.115237200427));
#6944 = VECTOR('',#6945,1.);
#6945 = DIRECTION('',(0.,0.469471334321,-0.882947714336));
#6946 = PCURVE('',#5558,#6947);
#6947 = DEFINITIONAL_REPRESENTATION('',(#6948),#6952);
#6948 = LINE('',#6949,#6950);
#6949 = CARTESIAN_POINT('',(2.,0.));
#6950 = VECTOR('',#6951,1.);
#6951 = DIRECTION('',(-0.,-1.));
#6952 = ( GEOMETRIC_REPRESENTATION_CONTEXT(2)
PARAMETRIC_REPRESENTATION_CONTEXT() REPRESENTATION_CONTEXT('2D SPACE',''
  ) );
#6953 = PCURVE('',#5530,#6954);
#6954 = DEFINITIONAL_REPRESENTATION('',(#6955),#6959);
#6955 = LINE('',#6956,#6957);
#6956 = CARTESIAN_POINT('',(1.570796326795,0.));
#6957 = VECTOR('',#6958,1.);
#6958 = DIRECTION('',(0.,1.));
#6959 = ( GEOMETRIC_REPRESENTATION_CONTEXT(2)
PARAMETRIC_REPRESENTATION_CONTEXT() REPRESENTATION_CONTEXT('2D SPACE',''
  ) );
#6960 = ORIENTED_EDGE('',*,*,#6961,.T.);
#6961 = EDGE_CURVE('',#6939,#6830,#6962,.T.);
#6962 = SURFACE_CURVE('',#6963,(#6967,#6974),.PCURVE_S1.);
#6963 = LINE('',#6964,#6965);
#6964 = CARTESIAN_POINT('',(-35.,154.5217145594,10.705160221377));
#6965 = VECTOR('',#6966,1.);
#6966 = DIRECTION('',(-1.,-0.,0.));
#6967 = PCURVE('',#5558,#6968);
#6968 = DEFINITIONAL_REPRESENTATION('',(#6969),#6973);
#6969 = LINE('',#6970,#6971);
#6970 = CARTESIAN_POINT('',(-0.,-9.525));
#6971 = VECTOR('',#6972,1.);
#6972 = DIRECTION('',(1.,0.));
#6973 = ( GEOMETRIC_REPRESENTATION_CONTEXT(2)
PARAMETRIC_REPRESENTATION_CONTEXT() REPRESENTATION_CONTEXT('2D SPACE',''
  ) );
#6974 = PCURVE('',#6975,#6980);
#6975 = PLANE('',#6976);
#6976 = AXIS2_PLACEMENT_3D('',#6977,#6978,#6979);
#6977 = CARTESIAN_POINT('',(-35.,154.5217145594,10.705160221377));
#6978 = DIRECTION('',(-0.,0.882947714336,0.469471334321));
#6979 = DIRECTION('',(-1.,-0.,0.));
#6980 = DEFINITIONAL_REPRESENTATION('',(#6981),#6985);
#6981 = LINE('',#6982,#6983);
#6982 = CARTESIAN_POINT('',(0.,0.));
#6983 = VECTOR('',#6984,1.);
#6984 = DIRECTION('',(1.,0.));
#6985 = ( GEOMETRIC_REPRESENTATION_CONTEXT(2)
PARAMETRIC_REPRESENTATION_CONTEXT() REPRESENTATION_CONTEXT('2D SPACE',''
  ) );
#6986 = ORIENTED_EDGE('',*,*,#6858,.F.);
#6987 = ADVANCED_FACE('',(#6988),#5086,.F.);
#6988 = FACE_BOUND('',#6989,.F.);
#6989 = EDGE_LOOP('',(#6990,#6991,#6992,#7020));
#6990 = ORIENTED_EDGE('',*,*,#5070,.F.);
#6991 = ORIENTED_EDGE('',*,*,#6883,.T.);
#6992 = ORIENTED_EDGE('',*,*,#6993,.T.);
#6993 = EDGE_CURVE('',#6884,#6994,#6996,.T.);
#6994 = VERTEX_POINT('',#6995);
#6995 = CARTESIAN_POINT('',(37.,154.5217145594,10.705160221377));
#6996 = SURFACE_CURVE('',#6997,(#7001,#7008),.PCURVE_S1.);
#6997 = LINE('',#6998,#6999);
#6998 = CARTESIAN_POINT('',(51.,154.5217145594,10.705160221377));
#6999 = VECTOR('',#7000,1.);
#7000 = DIRECTION('',(-1.,-0.,0.));
#7001 = PCURVE('',#5086,#7002);
#7002 = DEFINITIONAL_REPRESENTATION('',(#7003),#7007);
#7003 = LINE('',#7004,#7005);
#7004 = CARTESIAN_POINT('',(-0.,-9.525));
#7005 = VECTOR('',#7006,1.);
#7006 = DIRECTION('',(1.,0.));
#7007 = ( GEOMETRIC_REPRESENTATION_CONTEXT(2)
PARAMETRIC_REPRESENTATION_CONTEXT() REPRESENTATION_CONTEXT('2D SPACE',''
  ) );
#7008 = PCURVE('',#7009,#7014);
#7009 = PLANE('',#7010);
#7010 = AXIS2_PLACEMENT_3D('',#7011,#7012,#7013);
#7011 = CARTESIAN_POINT('',(51.,154.5217145594,10.705160221377));
#7012 = DIRECTION('',(-0.,0.882947714336,0.469471334321));
#7013 = DIRECTION('',(-1.,-0.,0.));
#7014 = DEFINITIONAL_REPRESENTATION('',(#7015),#7019);
#7015 = LINE('',#7016,#7017);
#7016 = CARTESIAN_POINT('',(0.,0.));
#7017 = VECTOR('',#7018,1.);
#7018 = DIRECTION('',(1.,0.));
#7019 = ( GEOMETRIC_REPRESENTATION_CONTEXT(2)
PARAMETRIC_REPRESENTATION_CONTEXT() REPRESENTATION_CONTEXT('2D SPACE',''
  ) );
#7020 = ORIENTED_EDGE('',*,*,#7021,.F.);
#7021 = EDGE_CURVE('',#5071,#6994,#7022,.T.);
#7022 = SURFACE_CURVE('',#7023,(#7027,#7034),.PCURVE_S1.);
#7023 = LINE('',#7024,#7025);
#7024 = CARTESIAN_POINT('',(37.,150.0500001,19.115237200427));
#7025 = VECTOR('',#7026,1.);
#7026 = DIRECTION('',(0.,0.469471334321,-0.882947714336));
#7027 = PCURVE('',#5086,#7028);
#7028 = DEFINITIONAL_REPRESENTATION('',(#7029),#7033);
#7029 = LINE('',#7030,#7031);
#7030 = CARTESIAN_POINT('',(14.,0.));
#7031 = VECTOR('',#7032,1.);
#7032 = DIRECTION('',(-0.,-1.));
#7033 = ( GEOMETRIC_REPRESENTATION_CONTEXT(2)
PARAMETRIC_REPRESENTATION_CONTEXT() REPRESENTATION_CONTEXT('2D SPACE',''
  ) );
#7034 = PCURVE('',#5115,#7035);
#7035 = DEFINITIONAL_REPRESENTATION('',(#7036),#7040);
#7036 = LINE('',#7037,#7038);
#7037 = CARTESIAN_POINT('',(0.,0.));
#7038 = VECTOR('',#7039,1.);
#7039 = DIRECTION('',(0.,1.));
#7040 = ( GEOMETRIC_REPRESENTATION_CONTEXT(2)
PARAMETRIC_REPRESENTATION_CONTEXT() REPRESENTATION_CONTEXT('2D SPACE',''
  ) );
#7041 = ADVANCED_FACE('',(#7042),#5530,.T.);
#7042 = FACE_BOUND('',#7043,.T.);
#7043 = EDGE_LOOP('',(#7044,#7045,#7046,#7075));
#7044 = ORIENTED_EDGE('',*,*,#5513,.T.);
#7045 = ORIENTED_EDGE('',*,*,#6938,.T.);
#7046 = ORIENTED_EDGE('',*,*,#7047,.F.);
#7047 = EDGE_CURVE('',#7048,#6939,#7050,.T.);
#7048 = VERTEX_POINT('',#7049);
#7049 = CARTESIAN_POINT('',(-35.,156.28760998807,11.644102890019));
#7050 = SURFACE_CURVE('',#7051,(#7056,#7063),.PCURVE_S1.);
#7051 = CIRCLE('',#7052,2.);
#7052 = AXIS2_PLACEMENT_3D('',#7053,#7054,#7055);
#7053 = CARTESIAN_POINT('',(-37.,156.28760998807,11.644102890019));
#7054 = DIRECTION('',(0.,0.469471334321,-0.882947714336));
#7055 = DIRECTION('',(0.,0.882947714336,0.469471334321));
#7056 = PCURVE('',#5530,#7057);
#7057 = DEFINITIONAL_REPRESENTATION('',(#7058),#7062);
#7058 = LINE('',#7059,#7060);
#7059 = CARTESIAN_POINT('',(-1.570796326795,9.525));
#7060 = VECTOR('',#7061,1.);
#7061 = DIRECTION('',(1.,0.));
#7062 = ( GEOMETRIC_REPRESENTATION_CONTEXT(2)
PARAMETRIC_REPRESENTATION_CONTEXT() REPRESENTATION_CONTEXT('2D SPACE',''
  ) );
#7063 = PCURVE('',#7064,#7069);
#7064 = CYLINDRICAL_SURFACE('',#7065,2.);
#7065 = AXIS2_PLACEMENT_3D('',#7066,#7067,#7068);
#7066 = CARTESIAN_POINT('',(-37.,156.28760998807,11.644102890019));
#7067 = DIRECTION('',(0.,0.469471334321,-0.882947714336));
#7068 = DIRECTION('',(1.,0.,0.));
#7069 = DEFINITIONAL_REPRESENTATION('',(#7070),#7074);
#7070 = LINE('',#7071,#7072);
#7071 = CARTESIAN_POINT('',(-1.570796326795,0.));
#7072 = VECTOR('',#7073,1.);
#7073 = DIRECTION('',(1.,0.));
#7074 = ( GEOMETRIC_REPRESENTATION_CONTEXT(2)
PARAMETRIC_REPRESENTATION_CONTEXT() REPRESENTATION_CONTEXT('2D SPACE',''
  ) );
#7075 = ORIENTED_EDGE('',*,*,#7076,.F.);
#7076 = EDGE_CURVE('',#5486,#7048,#7077,.T.);
#7077 = SURFACE_CURVE('',#7078,(#7082,#7089),.PCURVE_S1.);
#7078 = LINE('',#7079,#7080);
#7079 = CARTESIAN_POINT('',(-35.,151.81589552867,20.054179869069));
#7080 = VECTOR('',#7081,1.);
#7081 = DIRECTION('',(0.,0.469471334321,-0.882947714336));
#7082 = PCURVE('',#5530,#7083);
#7083 = DEFINITIONAL_REPRESENTATION('',(#7084),#7088);
#7084 = LINE('',#7085,#7086);
#7085 = CARTESIAN_POINT('',(0.,0.));
#7086 = VECTOR('',#7087,1.);
#7087 = DIRECTION('',(0.,1.));
#7088 = ( GEOMETRIC_REPRESENTATION_CONTEXT(2)
PARAMETRIC_REPRESENTATION_CONTEXT() REPRESENTATION_CONTEXT('2D SPACE',''
  ) );
#7089 = PCURVE('',#5501,#7090);
#7090 = DEFINITIONAL_REPRESENTATION('',(#7091),#7095);
#7091 = LINE('',#7092,#7093);
#7092 = CARTESIAN_POINT('',(45.380699,0.));
#7093 = VECTOR('',#7094,1.);
#7094 = DIRECTION('',(0.,-1.));
#7095 = ( GEOMETRIC_REPRESENTATION_CONTEXT(2)
PARAMETRIC_REPRESENTATION_CONTEXT() REPRESENTATION_CONTEXT('2D SPACE',''
  ) );
#7096 = ADVANCED_FACE('',(#7097),#5115,.T.);
#7097 = FACE_BOUND('',#7098,.T.);
#7098 = EDGE_LOOP('',(#7099,#7100,#7123,#7150));
#7099 = ORIENTED_EDGE('',*,*,#5098,.T.);
#7100 = ORIENTED_EDGE('',*,*,#7101,.T.);
#7101 = EDGE_CURVE('',#5099,#7102,#7104,.T.);
#7102 = VERTEX_POINT('',#7103);
#7103 = CARTESIAN_POINT('',(35.,156.28760998807,11.644102890019));
#7104 = SURFACE_CURVE('',#7105,(#7109,#7116),.PCURVE_S1.);
#7105 = LINE('',#7106,#7107);
#7106 = CARTESIAN_POINT('',(35.,151.81589552867,20.054179869069));
#7107 = VECTOR('',#7108,1.);
#7108 = DIRECTION('',(0.,0.469471334321,-0.882947714336));
#7109 = PCURVE('',#5115,#7110);
#7110 = DEFINITIONAL_REPRESENTATION('',(#7111),#7115);
#7111 = LINE('',#7112,#7113);
#7112 = CARTESIAN_POINT('',(1.570796326795,0.));
#7113 = VECTOR('',#7114,1.);
#7114 = DIRECTION('',(0.,1.));
#7115 = ( GEOMETRIC_REPRESENTATION_CONTEXT(2)
PARAMETRIC_REPRESENTATION_CONTEXT() REPRESENTATION_CONTEXT('2D SPACE',''
  ) );
#7116 = PCURVE('',#5143,#7117);
#7117 = DEFINITIONAL_REPRESENTATION('',(#7118),#7122);
#7118 = LINE('',#7119,#7120);
#7119 = CARTESIAN_POINT('',(2.,1.432187701766E-14));
#7120 = VECTOR('',#7121,1.);
#7121 = DIRECTION('',(0.,-1.));
#7122 = ( GEOMETRIC_REPRESENTATION_CONTEXT(2)
PARAMETRIC_REPRESENTATION_CONTEXT() REPRESENTATION_CONTEXT('2D SPACE',''
  ) );
#7123 = ORIENTED_EDGE('',*,*,#7124,.F.);
#7124 = EDGE_CURVE('',#6994,#7102,#7125,.T.);
#7125 = SURFACE_CURVE('',#7126,(#7131,#7138),.PCURVE_S1.);
#7126 = CIRCLE('',#7127,2.);
#7127 = AXIS2_PLACEMENT_3D('',#7128,#7129,#7130);
#7128 = CARTESIAN_POINT('',(37.,156.28760998807,11.644102890019));
#7129 = DIRECTION('',(0.,0.469471334321,-0.882947714336));
#7130 = DIRECTION('',(0.,0.882947714336,0.469471334321));
#7131 = PCURVE('',#5115,#7132);
#7132 = DEFINITIONAL_REPRESENTATION('',(#7133),#7137);
#7133 = LINE('',#7134,#7135);
#7134 = CARTESIAN_POINT('',(-3.14159265359,9.525));
#7135 = VECTOR('',#7136,1.);
#7136 = DIRECTION('',(1.,0.));
#7137 = ( GEOMETRIC_REPRESENTATION_CONTEXT(2)
PARAMETRIC_REPRESENTATION_CONTEXT() REPRESENTATION_CONTEXT('2D SPACE',''
  ) );
#7138 = PCURVE('',#7139,#7144);
#7139 = CYLINDRICAL_SURFACE('',#7140,2.);
#7140 = AXIS2_PLACEMENT_3D('',#7141,#7142,#7143);
#7141 = CARTESIAN_POINT('',(37.,156.28760998807,11.644102890019));
#7142 = DIRECTION('',(0.,0.469471334321,-0.882947714336));
#7143 = DIRECTION('',(0.,-0.882947714336,-0.469471334321));
#7144 = DEFINITIONAL_REPRESENTATION('',(#7145),#7149);
#7145 = LINE('',#7146,#7147);
#7146 = CARTESIAN_POINT('',(-3.14159265359,0.));
#7147 = VECTOR('',#7148,1.);
#7148 = DIRECTION('',(1.,0.));
#7149 = ( GEOMETRIC_REPRESENTATION_CONTEXT(2)
PARAMETRIC_REPRESENTATION_CONTEXT() REPRESENTATION_CONTEXT('2D SPACE',''
  ) );
#7150 = ORIENTED_EDGE('',*,*,#7021,.F.);
#7151 = ADVANCED_FACE('',(#7152),#5501,.F.);
#7152 = FACE_BOUND('',#7153,.F.);
#7153 = EDGE_LOOP('',(#7154,#7155,#7178,#7206,#7232));
#7154 = ORIENTED_EDGE('',*,*,#5485,.F.);
#7155 = ORIENTED_EDGE('',*,*,#7156,.T.);
#7156 = EDGE_CURVE('',#5453,#7157,#7159,.T.);
#7157 = VERTEX_POINT('',#7158);
#7158 = CARTESIAN_POINT('',(-35.,194.59049901642,32.010097533317));
#7159 = SURFACE_CURVE('',#7160,(#7164,#7171),.PCURVE_S1.);
#7160 = LINE('',#7161,#7162);
#7161 = CARTESIAN_POINT('',(-35.,190.11878455701,40.420174512366));
#7162 = VECTOR('',#7163,1.);
#7163 = DIRECTION('',(0.,0.469471334321,-0.882947714336));
#7164 = PCURVE('',#5501,#7165);
#7165 = DEFINITIONAL_REPRESENTATION('',(#7166),#7170);
#7166 = LINE('',#7167,#7168);
#7167 = CARTESIAN_POINT('',(2.,-1.432187701766E-14));
#7168 = VECTOR('',#7169,1.);
#7169 = DIRECTION('',(0.,-1.));
#7170 = ( GEOMETRIC_REPRESENTATION_CONTEXT(2)
PARAMETRIC_REPRESENTATION_CONTEXT() REPRESENTATION_CONTEXT('2D SPACE',''
  ) );
#7171 = PCURVE('',#5473,#7172);
#7172 = DEFINITIONAL_REPRESENTATION('',(#7173),#7177);
#7173 = LINE('',#7174,#7175);
#7174 = CARTESIAN_POINT('',(-1.570796326795,0.));
#7175 = VECTOR('',#7176,1.);
#7176 = DIRECTION('',(-0.,1.));
#7177 = ( GEOMETRIC_REPRESENTATION_CONTEXT(2)
PARAMETRIC_REPRESENTATION_CONTEXT() REPRESENTATION_CONTEXT('2D SPACE',''
  ) );
#7178 = ORIENTED_EDGE('',*,*,#7179,.T.);
#7179 = EDGE_CURVE('',#7157,#7180,#7182,.T.);
#7180 = VERTEX_POINT('',#7181);
#7181 = CARTESIAN_POINT('',(-35.,192.97609346579,31.151703411354));
#7182 = SURFACE_CURVE('',#7183,(#7187,#7194),.PCURVE_S1.);
#7183 = LINE('',#7184,#7185);
#7184 = CARTESIAN_POINT('',(-35.,196.35639444509,32.949040201958));
#7185 = VECTOR('',#7186,1.);
#7186 = DIRECTION('',(0.,-0.882947714336,-0.469471334321));
#7187 = PCURVE('',#5501,#7188);
#7188 = DEFINITIONAL_REPRESENTATION('',(#7189),#7193);
#7189 = LINE('',#7190,#7191);
#7190 = CARTESIAN_POINT('',(-1.68753899743E-14,-9.525));
#7191 = VECTOR('',#7192,1.);
#7192 = DIRECTION('',(1.,0.));
#7193 = ( GEOMETRIC_REPRESENTATION_CONTEXT(2)
PARAMETRIC_REPRESENTATION_CONTEXT() REPRESENTATION_CONTEXT('2D SPACE',''
  ) );
#7194 = PCURVE('',#7195,#7200);
#7195 = PLANE('',#7196);
#7196 = AXIS2_PLACEMENT_3D('',#7197,#7198,#7199);
#7197 = CARTESIAN_POINT('',(-42.50461532566,180.48197004286,
    24.50846429391));
#7198 = DIRECTION('',(-0.,0.469471334321,-0.882947714336));
#7199 = DIRECTION('',(0.,0.882947714336,0.469471334321));
#7200 = DEFINITIONAL_REPRESENTATION('',(#7201),#7205);
#7201 = LINE('',#7202,#7203);
#7202 = CARTESIAN_POINT('',(17.978895176337,7.504615325669));
#7203 = VECTOR('',#7204,1.);
#7204 = DIRECTION('',(-1.,0.));
#7205 = ( GEOMETRIC_REPRESENTATION_CONTEXT(2)
PARAMETRIC_REPRESENTATION_CONTEXT() REPRESENTATION_CONTEXT('2D SPACE',''
  ) );
#7206 = ORIENTED_EDGE('',*,*,#7207,.T.);
#7207 = EDGE_CURVE('',#7180,#7048,#7208,.T.);
#7208 = SURFACE_CURVE('',#7209,(#7213,#7220),.PCURVE_S1.);
#7209 = LINE('',#7210,#7211);
#7210 = CARTESIAN_POINT('',(-35.,196.35639444509,32.949040201958));
#7211 = VECTOR('',#7212,1.);
#7212 = DIRECTION('',(0.,-0.882947714336,-0.469471334321));
#7213 = PCURVE('',#5501,#7214);
#7214 = DEFINITIONAL_REPRESENTATION('',(#7215),#7219);
#7215 = LINE('',#7216,#7217);
#7216 = CARTESIAN_POINT('',(-1.68753899743E-14,-9.525));
#7217 = VECTOR('',#7218,1.);
#7218 = DIRECTION('',(1.,0.));
#7219 = ( GEOMETRIC_REPRESENTATION_CONTEXT(2)
PARAMETRIC_REPRESENTATION_CONTEXT() REPRESENTATION_CONTEXT('2D SPACE',''
  ) );
#7220 = PCURVE('',#7221,#7226);
#7221 = PLANE('',#7222);
#7222 = AXIS2_PLACEMENT_3D('',#7223,#7224,#7225);
#7223 = CARTESIAN_POINT('',(-35.,193.70755130208,31.540626198996));
#7224 = DIRECTION('',(-1.,-0.,0.));
#7225 = DIRECTION('',(0.,-0.882947714336,-0.469471334321));
#7226 = DEFINITIONAL_REPRESENTATION('',(#7227),#7231);
#7227 = LINE('',#7228,#7229);
#7228 = CARTESIAN_POINT('',(-3.,-1.132427485118E-14));
#7229 = VECTOR('',#7230,1.);
#7230 = DIRECTION('',(1.,0.));
#7231 = ( GEOMETRIC_REPRESENTATION_CONTEXT(2)
PARAMETRIC_REPRESENTATION_CONTEXT() REPRESENTATION_CONTEXT('2D SPACE',''
  ) );
#7232 = ORIENTED_EDGE('',*,*,#7076,.F.);
#7233 = ADVANCED_FACE('',(#7234),#5143,.F.);
#7234 = FACE_BOUND('',#7235,.F.);
#7235 = EDGE_LOOP('',(#7236,#7237,#7238,#7266,#7294));
#7236 = ORIENTED_EDGE('',*,*,#5127,.F.);
#7237 = ORIENTED_EDGE('',*,*,#7101,.T.);
#7238 = ORIENTED_EDGE('',*,*,#7239,.T.);
#7239 = EDGE_CURVE('',#7102,#7240,#7242,.T.);
#7240 = VERTEX_POINT('',#7241);
#7241 = CARTESIAN_POINT('',(35.,192.97609346579,31.151703411354));
#7242 = SURFACE_CURVE('',#7243,(#7247,#7254),.PCURVE_S1.);
#7243 = LINE('',#7244,#7245);
#7244 = CARTESIAN_POINT('',(35.,154.5217145594,10.705160221377));
#7245 = VECTOR('',#7246,1.);
#7246 = DIRECTION('',(0.,0.882947714336,0.469471334321));
#7247 = PCURVE('',#5143,#7248);
#7248 = DEFINITIONAL_REPRESENTATION('',(#7249),#7253);
#7249 = LINE('',#7250,#7251);
#7250 = CARTESIAN_POINT('',(-8.437694987151E-15,-9.525));
#7251 = VECTOR('',#7252,1.);
#7252 = DIRECTION('',(1.,0.));
#7253 = ( GEOMETRIC_REPRESENTATION_CONTEXT(2)
PARAMETRIC_REPRESENTATION_CONTEXT() REPRESENTATION_CONTEXT('2D SPACE',''
  ) );
#7254 = PCURVE('',#7255,#7260);
#7255 = PLANE('',#7256);
#7256 = AXIS2_PLACEMENT_3D('',#7257,#7258,#7259);
#7257 = CARTESIAN_POINT('',(35.,154.5217145594,10.705160221377));
#7258 = DIRECTION('',(1.,0.,0.));
#7259 = DIRECTION('',(0.,0.882947714336,0.469471334321));
#7260 = DEFINITIONAL_REPRESENTATION('',(#7261),#7265);
#7261 = LINE('',#7262,#7263);
#7262 = CARTESIAN_POINT('',(0.,0.));
#7263 = VECTOR('',#7264,1.);
#7264 = DIRECTION('',(1.,0.));
#7265 = ( GEOMETRIC_REPRESENTATION_CONTEXT(2)
PARAMETRIC_REPRESENTATION_CONTEXT() REPRESENTATION_CONTEXT('2D SPACE',''
  ) );
#7266 = ORIENTED_EDGE('',*,*,#7267,.T.);
#7267 = EDGE_CURVE('',#7240,#7268,#7270,.T.);
#7268 = VERTEX_POINT('',#7269);
#7269 = CARTESIAN_POINT('',(35.,194.59049901642,32.010097533317));
#7270 = SURFACE_CURVE('',#7271,(#7275,#7282),.PCURVE_S1.);
#7271 = LINE('',#7272,#7273);
#7272 = CARTESIAN_POINT('',(35.,154.5217145594,10.705160221377));
#7273 = VECTOR('',#7274,1.);
#7274 = DIRECTION('',(0.,0.882947714336,0.469471334321));
#7275 = PCURVE('',#5143,#7276);
#7276 = DEFINITIONAL_REPRESENTATION('',(#7277),#7281);
#7277 = LINE('',#7278,#7279);
#7278 = CARTESIAN_POINT('',(-8.437694987151E-15,-9.525));
#7279 = VECTOR('',#7280,1.);
#7280 = DIRECTION('',(1.,0.));
#7281 = ( GEOMETRIC_REPRESENTATION_CONTEXT(2)
PARAMETRIC_REPRESENTATION_CONTEXT() REPRESENTATION_CONTEXT('2D SPACE',''
  ) );
#7282 = PCURVE('',#7283,#7288);
#7283 = PLANE('',#7284);
#7284 = AXIS2_PLACEMENT_3D('',#7285,#7286,#7287);
#7285 = CARTESIAN_POINT('',(42.504615325669,180.48197004286,
    24.50846429391));
#7286 = DIRECTION('',(-0.,0.469471334321,-0.882947714336));
#7287 = DIRECTION('',(0.,0.882947714336,0.469471334321));
#7288 = DEFINITIONAL_REPRESENTATION('',(#7289),#7293);
#7289 = LINE('',#7290,#7291);
#7290 = CARTESIAN_POINT('',(-29.40180382366,-7.504615325669));
#7291 = VECTOR('',#7292,1.);
#7292 = DIRECTION('',(1.,0.));
#7293 = ( GEOMETRIC_REPRESENTATION_CONTEXT(2)
PARAMETRIC_REPRESENTATION_CONTEXT() REPRESENTATION_CONTEXT('2D SPACE',''
  ) );
#7294 = ORIENTED_EDGE('',*,*,#7295,.F.);
#7295 = EDGE_CURVE('',#5128,#7268,#7296,.T.);
#7296 = SURFACE_CURVE('',#7297,(#7301,#7308),.PCURVE_S1.);
#7297 = LINE('',#7298,#7299);
#7298 = CARTESIAN_POINT('',(35.,190.11878455701,40.420174512366));
#7299 = VECTOR('',#7300,1.);
#7300 = DIRECTION('',(0.,0.469471334321,-0.882947714336));
#7301 = PCURVE('',#5143,#7302);
#7302 = DEFINITIONAL_REPRESENTATION('',(#7303),#7307);
#7303 = LINE('',#7304,#7305);
#7304 = CARTESIAN_POINT('',(45.380699,0.));
#7305 = VECTOR('',#7306,1.);
#7306 = DIRECTION('',(0.,-1.));
#7307 = ( GEOMETRIC_REPRESENTATION_CONTEXT(2)
PARAMETRIC_REPRESENTATION_CONTEXT() REPRESENTATION_CONTEXT('2D SPACE',''
  ) );
#7308 = PCURVE('',#5176,#7309);
#7309 = DEFINITIONAL_REPRESENTATION('',(#7310),#7314);
#7310 = LINE('',#7311,#7312);
#7311 = CARTESIAN_POINT('',(-0.,0.));
#7312 = VECTOR('',#7313,1.);
#7313 = DIRECTION('',(-0.,1.));
#7314 = ( GEOMETRIC_REPRESENTATION_CONTEXT(2)
PARAMETRIC_REPRESENTATION_CONTEXT() REPRESENTATION_CONTEXT('2D SPACE',''
  ) );
#7315 = ADVANCED_FACE('',(#7316),#5473,.F.);
#7316 = FACE_BOUND('',#7317,.T.);
#7317 = EDGE_LOOP('',(#7318,#7319,#7320,#7348));
#7318 = ORIENTED_EDGE('',*,*,#5452,.T.);
#7319 = ORIENTED_EDGE('',*,*,#7156,.T.);
#7320 = ORIENTED_EDGE('',*,*,#7321,.F.);
#7321 = EDGE_CURVE('',#7322,#7157,#7324,.T.);
#7322 = VERTEX_POINT('',#7323);
#7323 = CARTESIAN_POINT('',(-33.,196.35639444509,32.949040201958));
#7324 = SURFACE_CURVE('',#7325,(#7330,#7337),.PCURVE_S1.);
#7325 = CIRCLE('',#7326,2.);
#7326 = AXIS2_PLACEMENT_3D('',#7327,#7328,#7329);
#7327 = CARTESIAN_POINT('',(-33.,194.59049901642,32.010097533317));
#7328 = DIRECTION('',(0.,-0.469471334321,0.882947714336));
#7329 = DIRECTION('',(0.,0.882947714336,0.469471334321));
#7330 = PCURVE('',#5473,#7331);
#7331 = DEFINITIONAL_REPRESENTATION('',(#7332),#7336);
#7332 = LINE('',#7333,#7334);
#7333 = CARTESIAN_POINT('',(-0.,9.525));
#7334 = VECTOR('',#7335,1.);
#7335 = DIRECTION('',(-1.,0.));
#7336 = ( GEOMETRIC_REPRESENTATION_CONTEXT(2)
PARAMETRIC_REPRESENTATION_CONTEXT() REPRESENTATION_CONTEXT('2D SPACE',''
  ) );
#7337 = PCURVE('',#7195,#7338);
#7338 = DEFINITIONAL_REPRESENTATION('',(#7339),#7347);
#7339 = ( BOUNDED_CURVE() B_SPLINE_CURVE(2,(#7340,#7341,#7342,#7343,
#7344,#7345,#7346),.UNSPECIFIED.,.T.,.F.) B_SPLINE_CURVE_WITH_KNOTS((1,2
    ,2,2,2,1),(-2.094395102393,0.,2.094395102393,4.188790204786,
6.28318530718,8.377580409573),.UNSPECIFIED.) CURVE()
GEOMETRIC_REPRESENTATION_ITEM() RATIONAL_B_SPLINE_CURVE((1.,0.5,1.,0.5,
1.,0.5,1.)) REPRESENTATION_ITEM('') );
#7340 = CARTESIAN_POINT('',(17.978895176337,9.504615325669));
#7341 = CARTESIAN_POINT('',(17.978895176337,6.040513710532));
#7342 = CARTESIAN_POINT('',(14.978895176337,7.7725645181));
#7343 = CARTESIAN_POINT('',(11.978895176337,9.504615325669));
#7344 = CARTESIAN_POINT('',(14.978895176337,11.236666133238));
#7345 = CARTESIAN_POINT('',(17.978895176337,12.968716940807));
#7346 = CARTESIAN_POINT('',(17.978895176337,9.504615325669));
#7347 = ( GEOMETRIC_REPRESENTATION_CONTEXT(2)
PARAMETRIC_REPRESENTATION_CONTEXT() REPRESENTATION_CONTEXT('2D SPACE',''
  ) );
#7348 = ORIENTED_EDGE('',*,*,#7349,.F.);
#7349 = EDGE_CURVE('',#5425,#7322,#7350,.T.);
#7350 = SURFACE_CURVE('',#7351,(#7355,#7362),.PCURVE_S1.);
#7351 = LINE('',#7352,#7353);
#7352 = CARTESIAN_POINT('',(-33.,191.88467998569,41.359117181008));
#7353 = VECTOR('',#7354,1.);
#7354 = DIRECTION('',(0.,0.469471334321,-0.882947714336));
#7355 = PCURVE('',#5473,#7356);
#7356 = DEFINITIONAL_REPRESENTATION('',(#7357),#7361);
#7357 = LINE('',#7358,#7359);
#7358 = CARTESIAN_POINT('',(-0.,0.));
#7359 = VECTOR('',#7360,1.);
#7360 = DIRECTION('',(-0.,1.));
#7361 = ( GEOMETRIC_REPRESENTATION_CONTEXT(2)
PARAMETRIC_REPRESENTATION_CONTEXT() REPRESENTATION_CONTEXT('2D SPACE',''
  ) );
#7362 = PCURVE('',#5440,#7363);
#7363 = DEFINITIONAL_REPRESENTATION('',(#7364),#7368);
#7364 = LINE('',#7365,#7366);
#7365 = CARTESIAN_POINT('',(9.,0.));
#7366 = VECTOR('',#7367,1.);
#7367 = DIRECTION('',(-0.,-1.));
#7368 = ( GEOMETRIC_REPRESENTATION_CONTEXT(2)
PARAMETRIC_REPRESENTATION_CONTEXT() REPRESENTATION_CONTEXT('2D SPACE',''
  ) );
#7369 = ADVANCED_FACE('',(#7370),#5176,.F.);
#7370 = FACE_BOUND('',#7371,.T.);
#7371 = EDGE_LOOP('',(#7372,#7373,#7396,#7422));
#7372 = ORIENTED_EDGE('',*,*,#5155,.T.);
#7373 = ORIENTED_EDGE('',*,*,#7374,.T.);
#7374 = EDGE_CURVE('',#5156,#7375,#7377,.T.);
#7375 = VERTEX_POINT('',#7376);
#7376 = CARTESIAN_POINT('',(33.,196.35639444509,32.949040201958));
#7377 = SURFACE_CURVE('',#7378,(#7382,#7389),.PCURVE_S1.);
#7378 = LINE('',#7379,#7380);
#7379 = CARTESIAN_POINT('',(33.,191.88467998569,41.359117181008));
#7380 = VECTOR('',#7381,1.);
#7381 = DIRECTION('',(0.,0.469471334321,-0.882947714336));
#7382 = PCURVE('',#5176,#7383);
#7383 = DEFINITIONAL_REPRESENTATION('',(#7384),#7388);
#7384 = LINE('',#7385,#7386);
#7385 = CARTESIAN_POINT('',(-1.570796326795,0.));
#7386 = VECTOR('',#7387,1.);
#7387 = DIRECTION('',(-0.,1.));
#7388 = ( GEOMETRIC_REPRESENTATION_CONTEXT(2)
PARAMETRIC_REPRESENTATION_CONTEXT() REPRESENTATION_CONTEXT('2D SPACE',''
  ) );
#7389 = PCURVE('',#5204,#7390);
#7390 = DEFINITIONAL_REPRESENTATION('',(#7391),#7395);
#7391 = LINE('',#7392,#7393);
#7392 = CARTESIAN_POINT('',(2.,0.));
#7393 = VECTOR('',#7394,1.);
#7394 = DIRECTION('',(-0.,-1.));
#7395 = ( GEOMETRIC_REPRESENTATION_CONTEXT(2)
PARAMETRIC_REPRESENTATION_CONTEXT() REPRESENTATION_CONTEXT('2D SPACE',''
  ) );
#7396 = ORIENTED_EDGE('',*,*,#7397,.F.);
#7397 = EDGE_CURVE('',#7268,#7375,#7398,.T.);
#7398 = SURFACE_CURVE('',#7399,(#7404,#7411),.PCURVE_S1.);
#7399 = CIRCLE('',#7400,2.);
#7400 = AXIS2_PLACEMENT_3D('',#7401,#7402,#7403);
#7401 = CARTESIAN_POINT('',(33.,194.59049901642,32.010097533317));
#7402 = DIRECTION('',(0.,-0.469471334321,0.882947714336));
#7403 = DIRECTION('',(0.,0.882947714336,0.469471334321));
#7404 = PCURVE('',#5176,#7405);
#7405 = DEFINITIONAL_REPRESENTATION('',(#7406),#7410);
#7406 = LINE('',#7407,#7408);
#7407 = CARTESIAN_POINT('',(4.712388980385,9.525));
#7408 = VECTOR('',#7409,1.);
#7409 = DIRECTION('',(-1.,0.));
#7410 = ( GEOMETRIC_REPRESENTATION_CONTEXT(2)
PARAMETRIC_REPRESENTATION_CONTEXT() REPRESENTATION_CONTEXT('2D SPACE',''
  ) );
#7411 = PCURVE('',#7283,#7412);
#7412 = DEFINITIONAL_REPRESENTATION('',(#7413),#7421);
#7413 = ( BOUNDED_CURVE() B_SPLINE_CURVE(2,(#7414,#7415,#7416,#7417,
#7418,#7419,#7420),.UNSPECIFIED.,.T.,.F.) B_SPLINE_CURVE_WITH_KNOTS((1,2
    ,2,2,2,1),(-2.094395102393,0.,2.094395102393,4.188790204786,
6.28318530718,8.377580409573),.UNSPECIFIED.) CURVE()
GEOMETRIC_REPRESENTATION_ITEM() RATIONAL_B_SPLINE_CURVE((1.,0.5,1.,0.5,
1.,0.5,1.)) REPRESENTATION_ITEM('') );
#7414 = CARTESIAN_POINT('',(17.978895176337,-9.504615325669));
#7415 = CARTESIAN_POINT('',(17.978895176337,-12.9687169408));
#7416 = CARTESIAN_POINT('',(14.978895176337,-11.23666613323));
#7417 = CARTESIAN_POINT('',(11.978895176337,-9.504615325669));
#7418 = CARTESIAN_POINT('',(14.978895176337,-7.7725645181));
#7419 = CARTESIAN_POINT('',(17.978895176337,-6.040513710532));
#7420 = CARTESIAN_POINT('',(17.978895176337,-9.504615325669));
#7421 = ( GEOMETRIC_REPRESENTATION_CONTEXT(2)
PARAMETRIC_REPRESENTATION_CONTEXT() REPRESENTATION_CONTEXT('2D SPACE',''
  ) );
#7422 = ORIENTED_EDGE('',*,*,#7295,.F.);
#7423 = ADVANCED_FACE('',(#7424),#5440,.F.);
#7424 = FACE_BOUND('',#7425,.F.);
#7425 = EDGE_LOOP('',(#7426,#7427,#7448,#7449,#7470));
#7426 = ORIENTED_EDGE('',*,*,#5424,.F.);
#7427 = ORIENTED_EDGE('',*,*,#7428,.T.);
#7428 = EDGE_CURVE('',#5392,#6341,#7429,.T.);
#7429 = SURFACE_CURVE('',#7430,(#7434,#7441),.PCURVE_S1.);
#7430 = LINE('',#7431,#7432);
#7431 = CARTESIAN_POINT('',(-26.,191.88467998569,41.359117181008));
#7432 = VECTOR('',#7433,1.);
#7433 = DIRECTION('',(0.,0.469471334321,-0.882947714336));
#7434 = PCURVE('',#5440,#7435);
#7435 = DEFINITIONAL_REPRESENTATION('',(#7436),#7440);
#7436 = LINE('',#7437,#7438);
#7437 = CARTESIAN_POINT('',(2.,0.));
#7438 = VECTOR('',#7439,1.);
#7439 = DIRECTION('',(-0.,-1.));
#7440 = ( GEOMETRIC_REPRESENTATION_CONTEXT(2)
PARAMETRIC_REPRESENTATION_CONTEXT() REPRESENTATION_CONTEXT('2D SPACE',''
  ) );
#7441 = PCURVE('',#5412,#7442);
#7442 = DEFINITIONAL_REPRESENTATION('',(#7443),#7447);
#7443 = LINE('',#7444,#7445);
#7444 = CARTESIAN_POINT('',(-1.570796326795,0.));
#7445 = VECTOR('',#7446,1.);
#7446 = DIRECTION('',(-0.,1.));
#7447 = ( GEOMETRIC_REPRESENTATION_CONTEXT(2)
PARAMETRIC_REPRESENTATION_CONTEXT() REPRESENTATION_CONTEXT('2D SPACE',''
  ) );
#7448 = ORIENTED_EDGE('',*,*,#6368,.T.);
#7449 = ORIENTED_EDGE('',*,*,#7450,.T.);
#7450 = EDGE_CURVE('',#6369,#7322,#7451,.T.);
#7451 = SURFACE_CURVE('',#7452,(#7456,#7463),.PCURVE_S1.);
#7452 = LINE('',#7453,#7454);
#7453 = CARTESIAN_POINT('',(-24.,196.35639444509,32.949040201958));
#7454 = VECTOR('',#7455,1.);
#7455 = DIRECTION('',(-1.,-0.,0.));
#7456 = PCURVE('',#5440,#7457);
#7457 = DEFINITIONAL_REPRESENTATION('',(#7458),#7462);
#7458 = LINE('',#7459,#7460);
#7459 = CARTESIAN_POINT('',(-0.,-9.525));
#7460 = VECTOR('',#7461,1.);
#7461 = DIRECTION('',(1.,0.));
#7462 = ( GEOMETRIC_REPRESENTATION_CONTEXT(2)
PARAMETRIC_REPRESENTATION_CONTEXT() REPRESENTATION_CONTEXT('2D SPACE',''
  ) );
#7463 = PCURVE('',#7195,#7464);
#7464 = DEFINITIONAL_REPRESENTATION('',(#7465),#7469);
#7465 = LINE('',#7466,#7467);
#7466 = CARTESIAN_POINT('',(17.978895176337,18.504615325669));
#7467 = VECTOR('',#7468,1.);
#7468 = DIRECTION('',(0.,-1.));
#7469 = ( GEOMETRIC_REPRESENTATION_CONTEXT(2)
PARAMETRIC_REPRESENTATION_CONTEXT() REPRESENTATION_CONTEXT('2D SPACE',''
  ) );
#7470 = ORIENTED_EDGE('',*,*,#7349,.F.);
#7471 = ADVANCED_FACE('',(#7472),#5204,.F.);
#7472 = FACE_BOUND('',#7473,.F.);
#7473 = EDGE_LOOP('',(#7474,#7475,#7476,#7497,#7498));
#7474 = ORIENTED_EDGE('',*,*,#5188,.F.);
#7475 = ORIENTED_EDGE('',*,*,#7374,.T.);
#7476 = ORIENTED_EDGE('',*,*,#7477,.T.);
#7477 = EDGE_CURVE('',#7375,#6144,#7478,.T.);
#7478 = SURFACE_CURVE('',#7479,(#7483,#7490),.PCURVE_S1.);
#7479 = LINE('',#7480,#7481);
#7480 = CARTESIAN_POINT('',(35.,196.35639444509,32.949040201958));
#7481 = VECTOR('',#7482,1.);
#7482 = DIRECTION('',(-1.,-0.,0.));
#7483 = PCURVE('',#5204,#7484);
#7484 = DEFINITIONAL_REPRESENTATION('',(#7485),#7489);
#7485 = LINE('',#7486,#7487);
#7486 = CARTESIAN_POINT('',(-0.,-9.525));
#7487 = VECTOR('',#7488,1.);
#7488 = DIRECTION('',(1.,0.));
#7489 = ( GEOMETRIC_REPRESENTATION_CONTEXT(2)
PARAMETRIC_REPRESENTATION_CONTEXT() REPRESENTATION_CONTEXT('2D SPACE',''
  ) );
#7490 = PCURVE('',#7283,#7491);
#7491 = DEFINITIONAL_REPRESENTATION('',(#7492),#7496);
#7492 = LINE('',#7493,#7494);
#7493 = CARTESIAN_POINT('',(17.978895176337,-7.504615325669));
#7494 = VECTOR('',#7495,1.);
#7495 = DIRECTION('',(0.,-1.));
#7496 = ( GEOMETRIC_REPRESENTATION_CONTEXT(2)
PARAMETRIC_REPRESENTATION_CONTEXT() REPRESENTATION_CONTEXT('2D SPACE',''
  ) );
#7497 = ORIENTED_EDGE('',*,*,#6172,.T.);
#7498 = ORIENTED_EDGE('',*,*,#7499,.F.);
#7499 = EDGE_CURVE('',#5189,#6173,#7500,.T.);
#7500 = SURFACE_CURVE('',#7501,(#7505,#7512),.PCURVE_S1.);
#7501 = LINE('',#7502,#7503);
#7502 = CARTESIAN_POINT('',(26.,191.88467998569,41.359117181008));
#7503 = VECTOR('',#7504,1.);
#7504 = DIRECTION('',(0.,0.469471334321,-0.882947714336));
#7505 = PCURVE('',#5204,#7506);
#7506 = DEFINITIONAL_REPRESENTATION('',(#7507),#7511);
#7507 = LINE('',#7508,#7509);
#7508 = CARTESIAN_POINT('',(9.,0.));
#7509 = VECTOR('',#7510,1.);
#7510 = DIRECTION('',(-0.,-1.));
#7511 = ( GEOMETRIC_REPRESENTATION_CONTEXT(2)
PARAMETRIC_REPRESENTATION_CONTEXT() REPRESENTATION_CONTEXT('2D SPACE',''
  ) );
#7512 = PCURVE('',#5237,#7513);
#7513 = DEFINITIONAL_REPRESENTATION('',(#7514),#7518);
#7514 = LINE('',#7515,#7516);
#7515 = CARTESIAN_POINT('',(-0.,0.));
#7516 = VECTOR('',#7517,1.);
#7517 = DIRECTION('',(-0.,1.));
#7518 = ( GEOMETRIC_REPRESENTATION_CONTEXT(2)
PARAMETRIC_REPRESENTATION_CONTEXT() REPRESENTATION_CONTEXT('2D SPACE',''
  ) );
#7519 = ADVANCED_FACE('',(#7520),#5412,.F.);
#7520 = FACE_BOUND('',#7521,.T.);
#7521 = EDGE_LOOP('',(#7522,#7523,#7524,#7525));
#7522 = ORIENTED_EDGE('',*,*,#5391,.T.);
#7523 = ORIENTED_EDGE('',*,*,#7428,.T.);
#7524 = ORIENTED_EDGE('',*,*,#6340,.F.);
#7525 = ORIENTED_EDGE('',*,*,#7526,.F.);
#7526 = EDGE_CURVE('',#5364,#6318,#7527,.T.);
#7527 = SURFACE_CURVE('',#7528,(#7532,#7539),.PCURVE_S1.);
#7528 = LINE('',#7529,#7530);
#7529 = CARTESIAN_POINT('',(-24.,190.11878455701,40.420174512366));
#7530 = VECTOR('',#7531,1.);
#7531 = DIRECTION('',(0.,0.469471334321,-0.882947714336));
#7532 = PCURVE('',#5412,#7533);
#7533 = DEFINITIONAL_REPRESENTATION('',(#7534),#7538);
#7534 = LINE('',#7535,#7536);
#7535 = CARTESIAN_POINT('',(-0.,0.));
#7536 = VECTOR('',#7537,1.);
#7537 = DIRECTION('',(-0.,1.));
#7538 = ( GEOMETRIC_REPRESENTATION_CONTEXT(2)
PARAMETRIC_REPRESENTATION_CONTEXT() REPRESENTATION_CONTEXT('2D SPACE',''
  ) );
#7539 = PCURVE('',#5379,#7540);
#7540 = DEFINITIONAL_REPRESENTATION('',(#7541),#7545);
#7541 = LINE('',#7542,#7543);
#7542 = CARTESIAN_POINT('',(28.,-7.105427357601E-15));
#7543 = VECTOR('',#7544,1.);
#7544 = DIRECTION('',(0.,-1.));
#7545 = ( GEOMETRIC_REPRESENTATION_CONTEXT(2)
PARAMETRIC_REPRESENTATION_CONTEXT() REPRESENTATION_CONTEXT('2D SPACE',''
  ) );
#7546 = ADVANCED_FACE('',(#7547),#5237,.F.);
#7547 = FACE_BOUND('',#7548,.T.);
#7548 = EDGE_LOOP('',(#7549,#7550,#7571,#7572));
#7549 = ORIENTED_EDGE('',*,*,#5216,.T.);
#7550 = ORIENTED_EDGE('',*,*,#7551,.T.);
#7551 = EDGE_CURVE('',#5217,#6196,#7552,.T.);
#7552 = SURFACE_CURVE('',#7553,(#7557,#7564),.PCURVE_S1.);
#7553 = LINE('',#7554,#7555);
#7554 = CARTESIAN_POINT('',(24.,190.11878455701,40.420174512366));
#7555 = VECTOR('',#7556,1.);
#7556 = DIRECTION('',(0.,0.469471334321,-0.882947714336));
#7557 = PCURVE('',#5237,#7558);
#7558 = DEFINITIONAL_REPRESENTATION('',(#7559),#7563);
#7559 = LINE('',#7560,#7561);
#7560 = CARTESIAN_POINT('',(-1.570796326795,0.));
#7561 = VECTOR('',#7562,1.);
#7562 = DIRECTION('',(-0.,1.));
#7563 = ( GEOMETRIC_REPRESENTATION_CONTEXT(2)
PARAMETRIC_REPRESENTATION_CONTEXT() REPRESENTATION_CONTEXT('2D SPACE',''
  ) );
#7564 = PCURVE('',#5265,#7565);
#7565 = DEFINITIONAL_REPRESENTATION('',(#7566),#7570);
#7566 = LINE('',#7567,#7568);
#7567 = CARTESIAN_POINT('',(2.,-1.432187701766E-14));
#7568 = VECTOR('',#7569,1.);
#7569 = DIRECTION('',(0.,-1.));
#7570 = ( GEOMETRIC_REPRESENTATION_CONTEXT(2)
PARAMETRIC_REPRESENTATION_CONTEXT() REPRESENTATION_CONTEXT('2D SPACE',''
  ) );
#7571 = ORIENTED_EDGE('',*,*,#6195,.F.);
#7572 = ORIENTED_EDGE('',*,*,#7499,.F.);
#7573 = ADVANCED_FACE('',(#7574),#5379,.F.);
#7574 = FACE_BOUND('',#7575,.F.);
#7575 = EDGE_LOOP('',(#7576,#7577,#7598,#7599));
#7576 = ORIENTED_EDGE('',*,*,#5363,.F.);
#7577 = ORIENTED_EDGE('',*,*,#7578,.T.);
#7578 = EDGE_CURVE('',#5335,#6294,#7579,.T.);
#7579 = SURFACE_CURVE('',#7580,(#7584,#7591),.PCURVE_S1.);
#7580 = LINE('',#7581,#7582);
#7581 = CARTESIAN_POINT('',(-24.,167.16214398428,28.213919820026));
#7582 = VECTOR('',#7583,1.);
#7583 = DIRECTION('',(0.,0.469471334321,-0.882947714336));
#7584 = PCURVE('',#5379,#7585);
#7585 = DEFINITIONAL_REPRESENTATION('',(#7586),#7590);
#7586 = LINE('',#7587,#7588);
#7587 = CARTESIAN_POINT('',(2.,-1.076916333886E-14));
#7588 = VECTOR('',#7589,1.);
#7589 = DIRECTION('',(0.,-1.));
#7590 = ( GEOMETRIC_REPRESENTATION_CONTEXT(2)
PARAMETRIC_REPRESENTATION_CONTEXT() REPRESENTATION_CONTEXT('2D SPACE',''
  ) );
#7591 = PCURVE('',#5351,#7592);
#7592 = DEFINITIONAL_REPRESENTATION('',(#7593),#7597);
#7593 = LINE('',#7594,#7595);
#7594 = CARTESIAN_POINT('',(1.570796326795,0.));
#7595 = VECTOR('',#7596,1.);
#7596 = DIRECTION('',(0.,1.));
#7597 = ( GEOMETRIC_REPRESENTATION_CONTEXT(2)
PARAMETRIC_REPRESENTATION_CONTEXT() REPRESENTATION_CONTEXT('2D SPACE',''
  ) );
#7598 = ORIENTED_EDGE('',*,*,#6317,.T.);
#7599 = ORIENTED_EDGE('',*,*,#7526,.F.);
#7600 = ADVANCED_FACE('',(#7601),#5265,.F.);
#7601 = FACE_BOUND('',#7602,.F.);
#7602 = EDGE_LOOP('',(#7603,#7604,#7605,#7606));
#7603 = ORIENTED_EDGE('',*,*,#5249,.F.);
#7604 = ORIENTED_EDGE('',*,*,#7551,.T.);
#7605 = ORIENTED_EDGE('',*,*,#6223,.T.);
#7606 = ORIENTED_EDGE('',*,*,#7607,.F.);
#7607 = EDGE_CURVE('',#5250,#6224,#7608,.T.);
#7608 = SURFACE_CURVE('',#7609,(#7613,#7620),.PCURVE_S1.);
#7609 = LINE('',#7610,#7611);
#7610 = CARTESIAN_POINT('',(24.,167.16214398428,28.213919820026));
#7611 = VECTOR('',#7612,1.);
#7612 = DIRECTION('',(0.,0.469471334321,-0.882947714336));
#7613 = PCURVE('',#5265,#7614);
#7614 = DEFINITIONAL_REPRESENTATION('',(#7615),#7619);
#7615 = LINE('',#7616,#7617);
#7616 = CARTESIAN_POINT('',(28.,-1.7763568394E-14));
#7617 = VECTOR('',#7618,1.);
#7618 = DIRECTION('',(0.,-1.));
#7619 = ( GEOMETRIC_REPRESENTATION_CONTEXT(2)
PARAMETRIC_REPRESENTATION_CONTEXT() REPRESENTATION_CONTEXT('2D SPACE',''
  ) );
#7620 = PCURVE('',#5294,#7621);
#7621 = DEFINITIONAL_REPRESENTATION('',(#7622),#7626);
#7622 = LINE('',#7623,#7624);
#7623 = CARTESIAN_POINT('',(0.,0.));
#7624 = VECTOR('',#7625,1.);
#7625 = DIRECTION('',(0.,1.));
#7626 = ( GEOMETRIC_REPRESENTATION_CONTEXT(2)
PARAMETRIC_REPRESENTATION_CONTEXT() REPRESENTATION_CONTEXT('2D SPACE',''
  ) );
#7627 = ADVANCED_FACE('',(#7628),#5351,.T.);
#7628 = FACE_BOUND('',#7629,.T.);
#7629 = EDGE_LOOP('',(#7630,#7631,#7632,#7633));
#7630 = ORIENTED_EDGE('',*,*,#5334,.T.);
#7631 = ORIENTED_EDGE('',*,*,#7578,.T.);
#7632 = ORIENTED_EDGE('',*,*,#6293,.F.);
#7633 = ORIENTED_EDGE('',*,*,#7634,.F.);
#7634 = EDGE_CURVE('',#5307,#6271,#7635,.T.);
#7635 = SURFACE_CURVE('',#7636,(#7640,#7647),.PCURVE_S1.);
#7636 = LINE('',#7637,#7638);
#7637 = CARTESIAN_POINT('',(-22.,165.39624855561,27.274977151385));
#7638 = VECTOR('',#7639,1.);
#7639 = DIRECTION('',(0.,0.469471334321,-0.882947714336));
#7640 = PCURVE('',#5351,#7641);
#7641 = DEFINITIONAL_REPRESENTATION('',(#7642),#7646);
#7642 = LINE('',#7643,#7644);
#7643 = CARTESIAN_POINT('',(0.,0.));
#7644 = VECTOR('',#7645,1.);
#7645 = DIRECTION('',(0.,1.));
#7646 = ( GEOMETRIC_REPRESENTATION_CONTEXT(2)
PARAMETRIC_REPRESENTATION_CONTEXT() REPRESENTATION_CONTEXT('2D SPACE',''
  ) );
#7647 = PCURVE('',#5322,#7648);
#7648 = DEFINITIONAL_REPRESENTATION('',(#7649),#7653);
#7649 = LINE('',#7650,#7651);
#7650 = CARTESIAN_POINT('',(46.,0.));
#7651 = VECTOR('',#7652,1.);
#7652 = DIRECTION('',(-0.,-1.));
#7653 = ( GEOMETRIC_REPRESENTATION_CONTEXT(2)
PARAMETRIC_REPRESENTATION_CONTEXT() REPRESENTATION_CONTEXT('2D SPACE',''
  ) );
#7654 = ADVANCED_FACE('',(#7655),#5294,.T.);
#7655 = FACE_BOUND('',#7656,.T.);
#7656 = EDGE_LOOP('',(#7657,#7658,#7679,#7680));
#7657 = ORIENTED_EDGE('',*,*,#5277,.T.);
#7658 = ORIENTED_EDGE('',*,*,#7659,.T.);
#7659 = EDGE_CURVE('',#5278,#6247,#7660,.T.);
#7660 = SURFACE_CURVE('',#7661,(#7665,#7672),.PCURVE_S1.);
#7661 = LINE('',#7662,#7663);
#7662 = CARTESIAN_POINT('',(22.,165.39624855561,27.274977151385));
#7663 = VECTOR('',#7664,1.);
#7664 = DIRECTION('',(0.,0.469471334321,-0.882947714336));
#7665 = PCURVE('',#5294,#7666);
#7666 = DEFINITIONAL_REPRESENTATION('',(#7667),#7671);
#7667 = LINE('',#7668,#7669);
#7668 = CARTESIAN_POINT('',(1.570796326795,0.));
#7669 = VECTOR('',#7670,1.);
#7670 = DIRECTION('',(0.,1.));
#7671 = ( GEOMETRIC_REPRESENTATION_CONTEXT(2)
PARAMETRIC_REPRESENTATION_CONTEXT() REPRESENTATION_CONTEXT('2D SPACE',''
  ) );
#7672 = PCURVE('',#5322,#7673);
#7673 = DEFINITIONAL_REPRESENTATION('',(#7674),#7678);
#7674 = LINE('',#7675,#7676);
#7675 = CARTESIAN_POINT('',(2.,0.));
#7676 = VECTOR('',#7677,1.);
#7677 = DIRECTION('',(-0.,-1.));
#7678 = ( GEOMETRIC_REPRESENTATION_CONTEXT(2)
PARAMETRIC_REPRESENTATION_CONTEXT() REPRESENTATION_CONTEXT('2D SPACE',''
  ) );
#7679 = ORIENTED_EDGE('',*,*,#6246,.F.);
#7680 = ORIENTED_EDGE('',*,*,#7607,.F.);
#7681 = ADVANCED_FACE('',(#7682),#5322,.F.);
#7682 = FACE_BOUND('',#7683,.F.);
#7683 = EDGE_LOOP('',(#7684,#7685,#7686,#7687));
#7684 = ORIENTED_EDGE('',*,*,#5306,.F.);
#7685 = ORIENTED_EDGE('',*,*,#7659,.T.);
#7686 = ORIENTED_EDGE('',*,*,#6270,.T.);
#7687 = ORIENTED_EDGE('',*,*,#7634,.F.);
#7688 = ADVANCED_FACE('',(#7689),#5676,.F.);
#7689 = FACE_BOUND('',#7690,.F.);
#7690 = EDGE_LOOP('',(#7691,#7692,#7713,#7714));
#7691 = ORIENTED_EDGE('',*,*,#5655,.F.);
#7692 = ORIENTED_EDGE('',*,*,#7693,.F.);
#7693 = EDGE_CURVE('',#6453,#5656,#7694,.T.);
#7694 = SEAM_CURVE('',#7695,(#7699,#7706),.PCURVE_S1.);
#7695 = LINE('',#7696,#7697);
#7696 = CARTESIAN_POINT('',(-16.,179.27135617269,23.864769882851));
#7697 = VECTOR('',#7698,1.);
#7698 = DIRECTION('',(0.,-0.469471334321,0.882947714336));
#7699 = PCURVE('',#5676,#7700);
#7700 = DEFINITIONAL_REPRESENTATION('',(#7701),#7705);
#7701 = LINE('',#7702,#7703);
#7702 = CARTESIAN_POINT('',(6.28318530718,-0.));
#7703 = VECTOR('',#7704,1.);
#7704 = DIRECTION('',(0.,1.));
#7705 = ( GEOMETRIC_REPRESENTATION_CONTEXT(2)
PARAMETRIC_REPRESENTATION_CONTEXT() REPRESENTATION_CONTEXT('2D SPACE',''
  ) );
#7706 = PCURVE('',#5676,#7707);
#7707 = DEFINITIONAL_REPRESENTATION('',(#7708),#7712);
#7708 = LINE('',#7709,#7710);
#7709 = CARTESIAN_POINT('',(0.,-0.));
#7710 = VECTOR('',#7711,1.);
#7711 = DIRECTION('',(0.,1.));
#7712 = ( GEOMETRIC_REPRESENTATION_CONTEXT(2)
PARAMETRIC_REPRESENTATION_CONTEXT() REPRESENTATION_CONTEXT('2D SPACE',''
  ) );
#7713 = ORIENTED_EDGE('',*,*,#6452,.T.);
#7714 = ORIENTED_EDGE('',*,*,#7693,.T.);
#7715 = ADVANCED_FACE('',(#7716),#5711,.F.);
#7716 = FACE_BOUND('',#7717,.F.);
#7717 = EDGE_LOOP('',(#7718,#7719,#7740,#7741));
#7718 = ORIENTED_EDGE('',*,*,#5690,.F.);
#7719 = ORIENTED_EDGE('',*,*,#7720,.F.);
#7720 = EDGE_CURVE('',#6483,#5691,#7721,.T.);
#7721 = SEAM_CURVE('',#7722,(#7726,#7733),.PCURVE_S1.);
#7722 = LINE('',#7723,#7724);
#7723 = CARTESIAN_POINT('',(-16.,193.39851960206,31.376311231983));
#7724 = VECTOR('',#7725,1.);
#7725 = DIRECTION('',(0.,-0.469471334321,0.882947714336));
#7726 = PCURVE('',#5711,#7727);
#7727 = DEFINITIONAL_REPRESENTATION('',(#7728),#7732);
#7728 = LINE('',#7729,#7730);
#7729 = CARTESIAN_POINT('',(6.28318530718,-0.));
#7730 = VECTOR('',#7731,1.);
#7731 = DIRECTION('',(0.,1.));
#7732 = ( GEOMETRIC_REPRESENTATION_CONTEXT(2)
PARAMETRIC_REPRESENTATION_CONTEXT() REPRESENTATION_CONTEXT('2D SPACE',''
  ) );
#7733 = PCURVE('',#5711,#7734);
#7734 = DEFINITIONAL_REPRESENTATION('',(#7735),#7739);
#7735 = LINE('',#7736,#7737);
#7736 = CARTESIAN_POINT('',(0.,-0.));
#7737 = VECTOR('',#7738,1.);
#7738 = DIRECTION('',(0.,1.));
#7739 = ( GEOMETRIC_REPRESENTATION_CONTEXT(2)
PARAMETRIC_REPRESENTATION_CONTEXT() REPRESENTATION_CONTEXT('2D SPACE',''
  ) );
#7740 = ORIENTED_EDGE('',*,*,#6482,.T.);
#7741 = ORIENTED_EDGE('',*,*,#7720,.T.);
#7742 = ADVANCED_FACE('',(#7743),#5746,.F.);
#7743 = FACE_BOUND('',#7744,.F.);
#7744 = EDGE_LOOP('',(#7745,#7768,#7769,#7770));
#7745 = ORIENTED_EDGE('',*,*,#7746,.T.);
#7746 = EDGE_CURVE('',#7747,#5726,#7749,.T.);
#7747 = VERTEX_POINT('',#7748);
#7748 = CARTESIAN_POINT('',(-6.73555739531E-16,174.90786707442,
    24.829115717735));
#7749 = SEAM_CURVE('',#7750,(#7754,#7761),.PCURVE_S1.);
#7750 = LINE('',#7751,#7752);
#7751 = CARTESIAN_POINT('',(-6.73555739531E-16,176.26933394395,
    22.268567346161));
#7752 = VECTOR('',#7753,1.);
#7753 = DIRECTION('',(0.,-0.469471334321,0.882947714336));
#7754 = PCURVE('',#5746,#7755);
#7755 = DEFINITIONAL_REPRESENTATION('',(#7756),#7760);
#7756 = LINE('',#7757,#7758);
#7757 = CARTESIAN_POINT('',(6.28318530718,-0.));
#7758 = VECTOR('',#7759,1.);
#7759 = DIRECTION('',(0.,1.));
#7760 = ( GEOMETRIC_REPRESENTATION_CONTEXT(2)
PARAMETRIC_REPRESENTATION_CONTEXT() REPRESENTATION_CONTEXT('2D SPACE',''
  ) );
#7761 = PCURVE('',#5746,#7762);
#7762 = DEFINITIONAL_REPRESENTATION('',(#7763),#7767);
#7763 = LINE('',#7764,#7765);
#7764 = CARTESIAN_POINT('',(0.,-0.));
#7765 = VECTOR('',#7766,1.);
#7766 = DIRECTION('',(0.,1.));
#7767 = ( GEOMETRIC_REPRESENTATION_CONTEXT(2)
PARAMETRIC_REPRESENTATION_CONTEXT() REPRESENTATION_CONTEXT('2D SPACE',''
  ) );
#7768 = ORIENTED_EDGE('',*,*,#5725,.F.);
#7769 = ORIENTED_EDGE('',*,*,#7746,.F.);
#7770 = ORIENTED_EDGE('',*,*,#7771,.T.);
#7771 = EDGE_CURVE('',#7747,#7747,#7772,.T.);
#7772 = SURFACE_CURVE('',#7773,(#7778,#7785),.PCURVE_S1.);
#7773 = CIRCLE('',#7774,2.75);
#7774 = AXIS2_PLACEMENT_3D('',#7775,#7776,#7777);
#7775 = CARTESIAN_POINT('',(0.,177.33597328884,26.120161887117));
#7776 = DIRECTION('',(0.,-0.469471334321,0.882947714336));
#7777 = DIRECTION('',(0.,-0.882947714336,-0.469471334321));
#7778 = PCURVE('',#5746,#7779);
#7779 = DEFINITIONAL_REPRESENTATION('',(#7780),#7784);
#7780 = LINE('',#7781,#7782);
#7781 = CARTESIAN_POINT('',(0.,2.9));
#7782 = VECTOR('',#7783,1.);
#7783 = DIRECTION('',(1.,0.));
#7784 = ( GEOMETRIC_REPRESENTATION_CONTEXT(2)
PARAMETRIC_REPRESENTATION_CONTEXT() REPRESENTATION_CONTEXT('2D SPACE',''
  ) );
#7785 = PCURVE('',#6533,#7786);
#7786 = DEFINITIONAL_REPRESENTATION('',(#7787),#7791);
#7787 = LINE('',#7788,#7789);
#7788 = CARTESIAN_POINT('',(-0.,-2.9));
#7789 = VECTOR('',#7790,1.);
#7790 = DIRECTION('',(-1.,-0.));
#7791 = ( GEOMETRIC_REPRESENTATION_CONTEXT(2)
PARAMETRIC_REPRESENTATION_CONTEXT() REPRESENTATION_CONTEXT('2D SPACE',''
  ) );
#7792 = ADVANCED_FACE('',(#7793),#5781,.F.);
#7793 = FACE_BOUND('',#7794,.F.);
#7794 = EDGE_LOOP('',(#7795,#7796,#7817,#7818));
#7795 = ORIENTED_EDGE('',*,*,#5760,.F.);
#7796 = ORIENTED_EDGE('',*,*,#7797,.F.);
#7797 = EDGE_CURVE('',#6548,#5761,#7798,.T.);
#7798 = SEAM_CURVE('',#7799,(#7803,#7810),.PCURVE_S1.);
#7799 = LINE('',#7800,#7801);
#7800 = CARTESIAN_POINT('',(16.,179.27135617269,23.864769882851));
#7801 = VECTOR('',#7802,1.);
#7802 = DIRECTION('',(0.,-0.469471334321,0.882947714336));
#7803 = PCURVE('',#5781,#7804);
#7804 = DEFINITIONAL_REPRESENTATION('',(#7805),#7809);
#7805 = LINE('',#7806,#7807);
#7806 = CARTESIAN_POINT('',(6.28318530718,-0.));
#7807 = VECTOR('',#7808,1.);
#7808 = DIRECTION('',(0.,1.));
#7809 = ( GEOMETRIC_REPRESENTATION_CONTEXT(2)
PARAMETRIC_REPRESENTATION_CONTEXT() REPRESENTATION_CONTEXT('2D SPACE',''
  ) );
#7810 = PCURVE('',#5781,#7811);
#7811 = DEFINITIONAL_REPRESENTATION('',(#7812),#7816);
#7812 = LINE('',#7813,#7814);
#7813 = CARTESIAN_POINT('',(0.,-0.));
#7814 = VECTOR('',#7815,1.);
#7815 = DIRECTION('',(0.,1.));
#7816 = ( GEOMETRIC_REPRESENTATION_CONTEXT(2)
PARAMETRIC_REPRESENTATION_CONTEXT() REPRESENTATION_CONTEXT('2D SPACE',''
  ) );
#7817 = ORIENTED_EDGE('',*,*,#6547,.T.);
#7818 = ORIENTED_EDGE('',*,*,#7797,.T.);
#7819 = ADVANCED_FACE('',(#7820),#5816,.F.);
#7820 = FACE_BOUND('',#7821,.F.);
#7821 = EDGE_LOOP('',(#7822,#7845,#7846,#7847));
#7822 = ORIENTED_EDGE('',*,*,#7823,.T.);
#7823 = EDGE_CURVE('',#7824,#5796,#7826,.T.);
#7824 = VERTEX_POINT('',#7825);
#7825 = CARTESIAN_POINT('',(-6.73555739531E-16,192.56682136114,
    34.21854240415));
#7826 = SEAM_CURVE('',#7827,(#7831,#7838),.PCURVE_S1.);
#7827 = LINE('',#7828,#7829);
#7828 = CARTESIAN_POINT('',(-6.73555739531E-16,193.92828823067,
    31.657994032576));
#7829 = VECTOR('',#7830,1.);
#7830 = DIRECTION('',(0.,-0.469471334321,0.882947714336));
#7831 = PCURVE('',#5816,#7832);
#7832 = DEFINITIONAL_REPRESENTATION('',(#7833),#7837);
#7833 = LINE('',#7834,#7835);
#7834 = CARTESIAN_POINT('',(6.28318530718,-0.));
#7835 = VECTOR('',#7836,1.);
#7836 = DIRECTION('',(0.,1.));
#7837 = ( GEOMETRIC_REPRESENTATION_CONTEXT(2)
PARAMETRIC_REPRESENTATION_CONTEXT() REPRESENTATION_CONTEXT('2D SPACE',''
  ) );
#7838 = PCURVE('',#5816,#7839);
#7839 = DEFINITIONAL_REPRESENTATION('',(#7840),#7844);
#7840 = LINE('',#7841,#7842);
#7841 = CARTESIAN_POINT('',(0.,-0.));
#7842 = VECTOR('',#7843,1.);
#7843 = DIRECTION('',(0.,1.));
#7844 = ( GEOMETRIC_REPRESENTATION_CONTEXT(2)
PARAMETRIC_REPRESENTATION_CONTEXT() REPRESENTATION_CONTEXT('2D SPACE',''
  ) );
#7845 = ORIENTED_EDGE('',*,*,#5795,.F.);
#7846 = ORIENTED_EDGE('',*,*,#7823,.F.);
#7847 = ORIENTED_EDGE('',*,*,#7848,.T.);
#7848 = EDGE_CURVE('',#7824,#7824,#7849,.T.);
#7849 = SURFACE_CURVE('',#7850,(#7855,#7862),.PCURVE_S1.);
#7850 = CIRCLE('',#7851,2.75);
#7851 = AXIS2_PLACEMENT_3D('',#7852,#7853,#7854);
#7852 = CARTESIAN_POINT('',(0.,194.99492757556,35.509588573532));
#7853 = DIRECTION('',(0.,-0.469471334321,0.882947714336));
#7854 = DIRECTION('',(0.,-0.882947714336,-0.469471334321));
#7855 = PCURVE('',#5816,#7856);
#7856 = DEFINITIONAL_REPRESENTATION('',(#7857),#7861);
#7857 = LINE('',#7858,#7859);
#7858 = CARTESIAN_POINT('',(0.,2.9));
#7859 = VECTOR('',#7860,1.);
#7860 = DIRECTION('',(1.,0.));
#7861 = ( GEOMETRIC_REPRESENTATION_CONTEXT(2)
PARAMETRIC_REPRESENTATION_CONTEXT() REPRESENTATION_CONTEXT('2D SPACE',''
  ) );
#7862 = PCURVE('',#6598,#7863);
#7863 = DEFINITIONAL_REPRESENTATION('',(#7864),#7868);
#7864 = LINE('',#7865,#7866);
#7865 = CARTESIAN_POINT('',(-0.,-2.9));
#7866 = VECTOR('',#7867,1.);
#7867 = DIRECTION('',(-1.,-0.));
#7868 = ( GEOMETRIC_REPRESENTATION_CONTEXT(2)
PARAMETRIC_REPRESENTATION_CONTEXT() REPRESENTATION_CONTEXT('2D SPACE',''
  ) );
#7869 = ADVANCED_FACE('',(#7870),#5851,.F.);
#7870 = FACE_BOUND('',#7871,.F.);
#7871 = EDGE_LOOP('',(#7872,#7873,#7894,#7895));
#7872 = ORIENTED_EDGE('',*,*,#5830,.F.);
#7873 = ORIENTED_EDGE('',*,*,#7874,.F.);
#7874 = EDGE_CURVE('',#6613,#5831,#7875,.T.);
#7875 = SEAM_CURVE('',#7876,(#7880,#7887),.PCURVE_S1.);
#7876 = LINE('',#7877,#7878);
#7877 = CARTESIAN_POINT('',(16.,193.39851960206,31.376311231983));
#7878 = VECTOR('',#7879,1.);
#7879 = DIRECTION('',(0.,-0.469471334321,0.882947714336));
#7880 = PCURVE('',#5851,#7881);
#7881 = DEFINITIONAL_REPRESENTATION('',(#7882),#7886);
#7882 = LINE('',#7883,#7884);
#7883 = CARTESIAN_POINT('',(6.28318530718,-0.));
#7884 = VECTOR('',#7885,1.);
#7885 = DIRECTION('',(0.,1.));
#7886 = ( GEOMETRIC_REPRESENTATION_CONTEXT(2)
PARAMETRIC_REPRESENTATION_CONTEXT() REPRESENTATION_CONTEXT('2D SPACE',''
  ) );
#7887 = PCURVE('',#5851,#7888);
#7888 = DEFINITIONAL_REPRESENTATION('',(#7889),#7893);
#7889 = LINE('',#7890,#7891);
#7890 = CARTESIAN_POINT('',(0.,-0.));
#7891 = VECTOR('',#7892,1.);
#7892 = DIRECTION('',(0.,1.));
#7893 = ( GEOMETRIC_REPRESENTATION_CONTEXT(2)
PARAMETRIC_REPRESENTATION_CONTEXT() REPRESENTATION_CONTEXT('2D SPACE',''
  ) );
#7894 = ORIENTED_EDGE('',*,*,#6612,.T.);
#7895 = ORIENTED_EDGE('',*,*,#7874,.T.);
#7896 = ADVANCED_FACE('',(#7897),#5905,.T.);
#7897 = FACE_BOUND('',#7898,.T.);
#7898 = EDGE_LOOP('',(#7899,#7900,#7901,#7925));
#7899 = ORIENTED_EDGE('',*,*,#5890,.F.);
#7900 = ORIENTED_EDGE('',*,*,#5977,.T.);
#7901 = ORIENTED_EDGE('',*,*,#7902,.F.);
#7902 = EDGE_CURVE('',#7903,#5978,#7905,.T.);
#7903 = VERTEX_POINT('',#7904);
#7904 = CARTESIAN_POINT('',(-51.,206.40111913271,31.098092890491));
#7905 = SURFACE_CURVE('',#7906,(#7911,#7918),.PCURVE_S1.);
#7906 = CIRCLE('',#7907,2.);
#7907 = AXIS2_PLACEMENT_3D('',#7908,#7909,#7910);
#7908 = CARTESIAN_POINT('',(-49.,206.40111913271,31.098092890491));
#7909 = DIRECTION('',(0.,0.469471334321,-0.882947714336));
#7910 = DIRECTION('',(0.,0.882947714336,0.469471334321));
#7911 = PCURVE('',#5905,#7912);
#7912 = DEFINITIONAL_REPRESENTATION('',(#7913),#7917);
#7913 = LINE('',#7914,#7915);
#7914 = CARTESIAN_POINT('',(-4.712388980385,6.35));
#7915 = VECTOR('',#7916,1.);
#7916 = DIRECTION('',(1.,0.));
#7917 = ( GEOMETRIC_REPRESENTATION_CONTEXT(2)
PARAMETRIC_REPRESENTATION_CONTEXT() REPRESENTATION_CONTEXT('2D SPACE',''
  ) );
#7918 = PCURVE('',#6016,#7919);
#7919 = DEFINITIONAL_REPRESENTATION('',(#7920),#7924);
#7920 = CIRCLE('',#7921,2.);
#7921 = AXIS2_PLACEMENT_2D('',#7922,#7923);
#7922 = CARTESIAN_POINT('',(25.978895176337,-6.495384674331));
#7923 = DIRECTION('',(1.,0.));
#7924 = ( GEOMETRIC_REPRESENTATION_CONTEXT(2)
PARAMETRIC_REPRESENTATION_CONTEXT() REPRESENTATION_CONTEXT('2D SPACE',''
  ) );
#7925 = ORIENTED_EDGE('',*,*,#7926,.F.);
#7926 = EDGE_CURVE('',#5868,#7903,#7927,.T.);
#7927 = SURFACE_CURVE('',#7928,(#7932,#7939),.PCURVE_S1.);
#7928 = LINE('',#7929,#7930);
#7929 = CARTESIAN_POINT('',(-51.,203.41997615978,36.704810876524));
#7930 = VECTOR('',#7931,1.);
#7931 = DIRECTION('',(0.,0.469471334321,-0.882947714336));
#7932 = PCURVE('',#5905,#7933);
#7933 = DEFINITIONAL_REPRESENTATION('',(#7934),#7938);
#7934 = LINE('',#7935,#7936);
#7935 = CARTESIAN_POINT('',(0.,0.));
#7936 = VECTOR('',#7937,1.);
#7937 = DIRECTION('',(0.,1.));
#7938 = ( GEOMETRIC_REPRESENTATION_CONTEXT(2)
PARAMETRIC_REPRESENTATION_CONTEXT() REPRESENTATION_CONTEXT('2D SPACE',''
  ) );
#7939 = PCURVE('',#6757,#7940);
#7940 = DEFINITIONAL_REPRESENTATION('',(#7941),#7945);
#7941 = LINE('',#7942,#7943);
#7942 = CARTESIAN_POINT('',(55.380699,7.105427357601E-15));
#7943 = VECTOR('',#7944,1.);
#7944 = DIRECTION('',(0.,-1.));
#7945 = ( GEOMETRIC_REPRESENTATION_CONTEXT(2)
PARAMETRIC_REPRESENTATION_CONTEXT() REPRESENTATION_CONTEXT('2D SPACE',''
  ) );
#7946 = ADVANCED_FACE('',(#7947),#5960,.T.);
#7947 = FACE_BOUND('',#7948,.T.);
#7948 = EDGE_LOOP('',(#7949,#7950,#7973,#7995));
#7949 = ORIENTED_EDGE('',*,*,#5945,.T.);
#7950 = ORIENTED_EDGE('',*,*,#7951,.T.);
#7951 = EDGE_CURVE('',#5923,#7952,#7954,.T.);
#7952 = VERTEX_POINT('',#7953);
#7953 = CARTESIAN_POINT('',(51.,206.40111913271,31.098092890491));
#7954 = SURFACE_CURVE('',#7955,(#7959,#7966),.PCURVE_S1.);
#7955 = LINE('',#7956,#7957);
#7956 = CARTESIAN_POINT('',(51.,203.41997615978,36.704810876524));
#7957 = VECTOR('',#7958,1.);
#7958 = DIRECTION('',(0.,0.469471334321,-0.882947714336));
#7959 = PCURVE('',#5960,#7960);
#7960 = DEFINITIONAL_REPRESENTATION('',(#7961),#7965);
#7961 = LINE('',#7962,#7963);
#7962 = CARTESIAN_POINT('',(1.570796326795,0.));
#7963 = VECTOR('',#7964,1.);
#7964 = DIRECTION('',(0.,1.));
#7965 = ( GEOMETRIC_REPRESENTATION_CONTEXT(2)
PARAMETRIC_REPRESENTATION_CONTEXT() REPRESENTATION_CONTEXT('2D SPACE',''
  ) );
#7966 = PCURVE('',#6791,#7967);
#7967 = DEFINITIONAL_REPRESENTATION('',(#7968),#7972);
#7968 = LINE('',#7969,#7970);
#7969 = CARTESIAN_POINT('',(2.,1.076916333886E-14));
#7970 = VECTOR('',#7971,1.);
#7971 = DIRECTION('',(0.,-1.));
#7972 = ( GEOMETRIC_REPRESENTATION_CONTEXT(2)
PARAMETRIC_REPRESENTATION_CONTEXT() REPRESENTATION_CONTEXT('2D SPACE',''
  ) );
#7973 = ORIENTED_EDGE('',*,*,#7974,.F.);
#7974 = EDGE_CURVE('',#6668,#7952,#7975,.T.);
#7975 = SURFACE_CURVE('',#7976,(#7981,#7988),.PCURVE_S1.);
#7976 = CIRCLE('',#7977,2.);
#7977 = AXIS2_PLACEMENT_3D('',#7978,#7979,#7980);
#7978 = CARTESIAN_POINT('',(49.,206.40111913271,31.098092890491));
#7979 = DIRECTION('',(0.,0.469471334321,-0.882947714336));
#7980 = DIRECTION('',(0.,0.882947714336,0.469471334321));
#7981 = PCURVE('',#5960,#7982);
#7982 = DEFINITIONAL_REPRESENTATION('',(#7983),#7987);
#7983 = LINE('',#7984,#7985);
#7984 = CARTESIAN_POINT('',(0.,6.35));
#7985 = VECTOR('',#7986,1.);
#7986 = DIRECTION('',(1.,0.));
#7987 = ( GEOMETRIC_REPRESENTATION_CONTEXT(2)
PARAMETRIC_REPRESENTATION_CONTEXT() REPRESENTATION_CONTEXT('2D SPACE',''
  ) );
#7988 = PCURVE('',#6683,#7989);
#7989 = DEFINITIONAL_REPRESENTATION('',(#7990),#7994);
#7990 = CIRCLE('',#7991,2.);
#7991 = AXIS2_PLACEMENT_2D('',#7992,#7993);
#7992 = CARTESIAN_POINT('',(25.978895176337,6.495384674331));
#7993 = DIRECTION('',(1.,0.));
#7994 = ( GEOMETRIC_REPRESENTATION_CONTEXT(2)
PARAMETRIC_REPRESENTATION_CONTEXT() REPRESENTATION_CONTEXT('2D SPACE',''
  ) );
#7995 = ORIENTED_EDGE('',*,*,#6695,.F.);
#7996 = ADVANCED_FACE('',(#7997),#6042,.T.);
#7997 = FACE_BOUND('',#7998,.T.);
#7998 = EDGE_LOOP('',(#7999,#8000,#8023,#8045));
#7999 = ORIENTED_EDGE('',*,*,#6057,.T.);
#8000 = ORIENTED_EDGE('',*,*,#8001,.T.);
#8001 = EDGE_CURVE('',#6058,#8002,#8004,.T.);
#8002 = VERTEX_POINT('',#8003);
#8003 = CARTESIAN_POINT('',(-32.,206.40111913271,31.098092890491));
#8004 = SURFACE_CURVE('',#8005,(#8009,#8016),.PCURVE_S1.);
#8005 = LINE('',#8006,#8007);
#8006 = CARTESIAN_POINT('',(-32.,203.41997615978,36.704810876524));
#8007 = VECTOR('',#8008,1.);
#8008 = DIRECTION('',(0.,0.469471334321,-0.882947714336));
#8009 = PCURVE('',#6042,#8010);
#8010 = DEFINITIONAL_REPRESENTATION('',(#8011),#8015);
#8011 = LINE('',#8012,#8013);
#8012 = CARTESIAN_POINT('',(1.570796326795,0.));
#8013 = VECTOR('',#8014,1.);
#8014 = DIRECTION('',(0.,1.));
#8015 = ( GEOMETRIC_REPRESENTATION_CONTEXT(2)
PARAMETRIC_REPRESENTATION_CONTEXT() REPRESENTATION_CONTEXT('2D SPACE',''
  ) );
#8016 = PCURVE('',#6438,#8017);
#8017 = DEFINITIONAL_REPRESENTATION('',(#8018),#8022);
#8018 = LINE('',#8019,#8020);
#8019 = CARTESIAN_POINT('',(2.,1.076916333886E-14));
#8020 = VECTOR('',#8021,1.);
#8021 = DIRECTION('',(0.,-1.));
#8022 = ( GEOMETRIC_REPRESENTATION_CONTEXT(2)
PARAMETRIC_REPRESENTATION_CONTEXT() REPRESENTATION_CONTEXT('2D SPACE',''
  ) );
#8023 = ORIENTED_EDGE('',*,*,#8024,.F.);
#8024 = EDGE_CURVE('',#6001,#8002,#8025,.T.);
#8025 = SURFACE_CURVE('',#8026,(#8031,#8038),.PCURVE_S1.);
#8026 = CIRCLE('',#8027,2.);
#8027 = AXIS2_PLACEMENT_3D('',#8028,#8029,#8030);
#8028 = CARTESIAN_POINT('',(-34.,206.40111913271,31.098092890491));
#8029 = DIRECTION('',(0.,0.469471334321,-0.882947714336));
#8030 = DIRECTION('',(0.,0.882947714336,0.469471334321));
#8031 = PCURVE('',#6042,#8032);
#8032 = DEFINITIONAL_REPRESENTATION('',(#8033),#8037);
#8033 = LINE('',#8034,#8035);
#8034 = CARTESIAN_POINT('',(0.,6.35));
#8035 = VECTOR('',#8036,1.);
#8036 = DIRECTION('',(1.,0.));
#8037 = ( GEOMETRIC_REPRESENTATION_CONTEXT(2)
PARAMETRIC_REPRESENTATION_CONTEXT() REPRESENTATION_CONTEXT('2D SPACE',''
  ) );
#8038 = PCURVE('',#6016,#8039);
#8039 = DEFINITIONAL_REPRESENTATION('',(#8040),#8044);
#8040 = CIRCLE('',#8041,2.);
#8041 = AXIS2_PLACEMENT_2D('',#8042,#8043);
#8042 = CARTESIAN_POINT('',(25.978895176337,8.504615325669));
#8043 = DIRECTION('',(1.,0.));
#8044 = ( GEOMETRIC_REPRESENTATION_CONTEXT(2)
PARAMETRIC_REPRESENTATION_CONTEXT() REPRESENTATION_CONTEXT('2D SPACE',''
  ) );
#8045 = ORIENTED_EDGE('',*,*,#6028,.F.);
#8046 = ADVANCED_FACE('',(#8047),#6016,.T.);
#8047 = FACE_BOUND('',#8048,.T.);
#8048 = EDGE_LOOP('',(#8049,#8079,#8112,#8135,#8159,#8182,#8206,#8227,
    #8228,#8229,#8230,#8253));
#8049 = ORIENTED_EDGE('',*,*,#8050,.T.);
#8050 = EDGE_CURVE('',#8051,#8053,#8055,.T.);
#8051 = VERTEX_POINT('',#8052);
#8052 = CARTESIAN_POINT('',(-32.58578643762,198.82031862184,
    27.067312275425));
#8053 = VERTEX_POINT('',#8054);
#8054 = CARTESIAN_POINT('',(-34.41421356237,197.20591307121,
    26.208918153462));
#8055 = SURFACE_CURVE('',#8056,(#8060,#8067),.PCURVE_S1.);
#8056 = LINE('',#8057,#8058);
#8057 = CARTESIAN_POINT('',(-32.,199.33753741803,27.342322215925));
#8058 = VECTOR('',#8059,1.);
#8059 = DIRECTION('',(-0.707106781187,-0.62433831624,-0.331966364071));
#8060 = PCURVE('',#6016,#8061);
#8061 = DEFINITIONAL_REPRESENTATION('',(#8062),#8066);
#8062 = LINE('',#8063,#8064);
#8063 = CARTESIAN_POINT('',(17.978895176337,10.504615325669));
#8064 = VECTOR('',#8065,1.);
#8065 = DIRECTION('',(-0.707106781187,-0.707106781187));
#8066 = ( GEOMETRIC_REPRESENTATION_CONTEXT(2)
PARAMETRIC_REPRESENTATION_CONTEXT() REPRESENTATION_CONTEXT('2D SPACE',''
  ) );
#8067 = PCURVE('',#8068,#8073);
#8068 = PLANE('',#8069);
#8069 = AXIS2_PLACEMENT_3D('',#8070,#8071,#8072);
#8070 = CARTESIAN_POINT('',(-32.,196.35639444509,32.949040201958));
#8071 = DIRECTION('',(-0.707106781187,0.62433831624,0.331966364071));
#8072 = DIRECTION('',(-0.707106781187,-0.62433831624,-0.331966364071));
#8073 = DEFINITIONAL_REPRESENTATION('',(#8074),#8078);
#8074 = LINE('',#8075,#8076);
#8075 = CARTESIAN_POINT('',(-7.771561172376E-15,-6.35));
#8076 = VECTOR('',#8077,1.);
#8077 = DIRECTION('',(1.,0.));
#8078 = ( GEOMETRIC_REPRESENTATION_CONTEXT(2)
PARAMETRIC_REPRESENTATION_CONTEXT() REPRESENTATION_CONTEXT('2D SPACE',''
  ) );
#8079 = ORIENTED_EDGE('',*,*,#8080,.T.);
#8080 = EDGE_CURVE('',#8053,#8081,#8083,.T.);
#8081 = VERTEX_POINT('',#8082);
#8082 = CARTESIAN_POINT('',(-35.,195.95723643873,25.54498542532));
#8083 = SURFACE_CURVE('',#8084,(#8089,#8100),.PCURVE_S1.);
#8084 = CIRCLE('',#8085,2.);
#8085 = AXIS2_PLACEMENT_3D('',#8086,#8087,#8088);
#8086 = CARTESIAN_POINT('',(-33.,195.95723643873,25.54498542532));
#8087 = DIRECTION('',(0.,-0.469471334321,0.882947714336));
#8088 = DIRECTION('',(0.,0.882947714336,0.469471334321));
#8089 = PCURVE('',#6016,#8090);
#8090 = DEFINITIONAL_REPRESENTATION('',(#8091),#8099);
#8091 = ( BOUNDED_CURVE() B_SPLINE_CURVE(2,(#8092,#8093,#8094,#8095,
#8096,#8097,#8098),.UNSPECIFIED.,.T.,.F.) B_SPLINE_CURVE_WITH_KNOTS((1,2
    ,2,2,2,1),(-2.094395102393,0.,2.094395102393,4.188790204786,
6.28318530718,8.377580409573),.UNSPECIFIED.) CURVE()
GEOMETRIC_REPRESENTATION_ITEM() RATIONAL_B_SPLINE_CURVE((1.,0.5,1.,0.5,
1.,0.5,1.)) REPRESENTATION_ITEM('') );
#8092 = CARTESIAN_POINT('',(16.150468051591,9.504615325669));
#8093 = CARTESIAN_POINT('',(16.150468051591,6.040513710532));
#8094 = CARTESIAN_POINT('',(13.150468051591,7.7725645181));
#8095 = CARTESIAN_POINT('',(10.150468051591,9.504615325669));
#8096 = CARTESIAN_POINT('',(13.150468051591,11.236666133238));
#8097 = CARTESIAN_POINT('',(16.150468051591,12.968716940807));
#8098 = CARTESIAN_POINT('',(16.150468051591,9.504615325669));
#8099 = ( GEOMETRIC_REPRESENTATION_CONTEXT(2)
PARAMETRIC_REPRESENTATION_CONTEXT() REPRESENTATION_CONTEXT('2D SPACE',''
  ) );
#8100 = PCURVE('',#8101,#8106);
#8101 = CYLINDRICAL_SURFACE('',#8102,2.);
#8102 = AXIS2_PLACEMENT_3D('',#8103,#8104,#8105);
#8103 = CARTESIAN_POINT('',(-33.,192.97609346579,31.151703411354));
#8104 = DIRECTION('',(0.,0.469471334321,-0.882947714336));
#8105 = DIRECTION('',(-0.707106781187,0.62433831624,0.331966364071));
#8106 = DEFINITIONAL_REPRESENTATION('',(#8107),#8111);
#8107 = LINE('',#8108,#8109);
#8108 = CARTESIAN_POINT('',(0.785398163397,6.35));
#8109 = VECTOR('',#8110,1.);
#8110 = DIRECTION('',(-1.,0.));
#8111 = ( GEOMETRIC_REPRESENTATION_CONTEXT(2)
PARAMETRIC_REPRESENTATION_CONTEXT() REPRESENTATION_CONTEXT('2D SPACE',''
  ) );
#8112 = ORIENTED_EDGE('',*,*,#8113,.T.);
#8113 = EDGE_CURVE('',#8081,#8114,#8116,.T.);
#8114 = VERTEX_POINT('',#8115);
#8115 = CARTESIAN_POINT('',(-35.,159.26875296101,6.037384903986));
#8116 = SURFACE_CURVE('',#8117,(#8121,#8128),.PCURVE_S1.);
#8117 = LINE('',#8118,#8119);
#8118 = CARTESIAN_POINT('',(-35.,196.68869427502,25.933908212963));
#8119 = VECTOR('',#8120,1.);
#8120 = DIRECTION('',(0.,-0.882947714336,-0.469471334321));
#8121 = PCURVE('',#6016,#8122);
#8122 = DEFINITIONAL_REPRESENTATION('',(#8123),#8127);
#8123 = LINE('',#8124,#8125);
#8124 = CARTESIAN_POINT('',(14.978895176337,7.504615325669));
#8125 = VECTOR('',#8126,1.);
#8126 = DIRECTION('',(-1.,0.));
#8127 = ( GEOMETRIC_REPRESENTATION_CONTEXT(2)
PARAMETRIC_REPRESENTATION_CONTEXT() REPRESENTATION_CONTEXT('2D SPACE',''
  ) );
#8128 = PCURVE('',#7221,#8129);
#8129 = DEFINITIONAL_REPRESENTATION('',(#8130),#8134);
#8130 = LINE('',#8131,#8132);
#8131 = CARTESIAN_POINT('',(-7.549516567451E-15,-6.35));
#8132 = VECTOR('',#8133,1.);
#8133 = DIRECTION('',(1.,0.));
#8134 = ( GEOMETRIC_REPRESENTATION_CONTEXT(2)
PARAMETRIC_REPRESENTATION_CONTEXT() REPRESENTATION_CONTEXT('2D SPACE',''
  ) );
#8135 = ORIENTED_EDGE('',*,*,#8136,.T.);
#8136 = EDGE_CURVE('',#8114,#8137,#8139,.T.);
#8137 = VERTEX_POINT('',#8138);
#8138 = CARTESIAN_POINT('',(-37.,157.50285753234,5.098442235344));
#8139 = SURFACE_CURVE('',#8140,(#8145,#8152),.PCURVE_S1.);
#8140 = CIRCLE('',#8141,2.);
#8141 = AXIS2_PLACEMENT_3D('',#8142,#8143,#8144);
#8142 = CARTESIAN_POINT('',(-37.,159.26875296101,6.037384903986));
#8143 = DIRECTION('',(0.,0.469471334321,-0.882947714336));
#8144 = DIRECTION('',(0.,0.882947714336,0.469471334321));
#8145 = PCURVE('',#6016,#8146);
#8146 = DEFINITIONAL_REPRESENTATION('',(#8147),#8151);
#8147 = CIRCLE('',#8148,2.);
#8148 = AXIS2_PLACEMENT_2D('',#8149,#8150);
#8149 = CARTESIAN_POINT('',(-27.40180382366,5.504615325669));
#8150 = DIRECTION('',(1.,0.));
#8151 = ( GEOMETRIC_REPRESENTATION_CONTEXT(2)
PARAMETRIC_REPRESENTATION_CONTEXT() REPRESENTATION_CONTEXT('2D SPACE',''
  ) );
#8152 = PCURVE('',#7064,#8153);
#8153 = DEFINITIONAL_REPRESENTATION('',(#8154),#8158);
#8154 = LINE('',#8155,#8156);
#8155 = CARTESIAN_POINT('',(-1.570796326795,6.35));
#8156 = VECTOR('',#8157,1.);
#8157 = DIRECTION('',(1.,0.));
#8158 = ( GEOMETRIC_REPRESENTATION_CONTEXT(2)
PARAMETRIC_REPRESENTATION_CONTEXT() REPRESENTATION_CONTEXT('2D SPACE',''
  ) );
#8159 = ORIENTED_EDGE('',*,*,#8160,.T.);
#8160 = EDGE_CURVE('',#8137,#8161,#8163,.T.);
#8161 = VERTEX_POINT('',#8162);
#8162 = CARTESIAN_POINT('',(-49.,157.50285753234,5.098442235344));
#8163 = SURFACE_CURVE('',#8164,(#8168,#8175),.PCURVE_S1.);
#8164 = LINE('',#8165,#8166);
#8165 = CARTESIAN_POINT('',(-35.,157.50285753234,5.098442235344));
#8166 = VECTOR('',#8167,1.);
#8167 = DIRECTION('',(-1.,-0.,0.));
#8168 = PCURVE('',#6016,#8169);
#8169 = DEFINITIONAL_REPRESENTATION('',(#8170),#8174);
#8170 = LINE('',#8171,#8172);
#8171 = CARTESIAN_POINT('',(-29.40180382366,7.504615325669));
#8172 = VECTOR('',#8173,1.);
#8173 = DIRECTION('',(0.,-1.));
#8174 = ( GEOMETRIC_REPRESENTATION_CONTEXT(2)
PARAMETRIC_REPRESENTATION_CONTEXT() REPRESENTATION_CONTEXT('2D SPACE',''
  ) );
#8175 = PCURVE('',#6975,#8176);
#8176 = DEFINITIONAL_REPRESENTATION('',(#8177),#8181);
#8177 = LINE('',#8178,#8179);
#8178 = CARTESIAN_POINT('',(-0.,-6.35));
#8179 = VECTOR('',#8180,1.);
#8180 = DIRECTION('',(1.,0.));
#8181 = ( GEOMETRIC_REPRESENTATION_CONTEXT(2)
PARAMETRIC_REPRESENTATION_CONTEXT() REPRESENTATION_CONTEXT('2D SPACE',''
  ) );
#8182 = ORIENTED_EDGE('',*,*,#8183,.T.);
#8183 = EDGE_CURVE('',#8161,#8184,#8186,.T.);
#8184 = VERTEX_POINT('',#8185);
#8185 = CARTESIAN_POINT('',(-51.,159.26875296101,6.037384903986));
#8186 = SURFACE_CURVE('',#8187,(#8192,#8199),.PCURVE_S1.);
#8187 = CIRCLE('',#8188,2.);
#8188 = AXIS2_PLACEMENT_3D('',#8189,#8190,#8191);
#8189 = CARTESIAN_POINT('',(-49.,159.26875296101,6.037384903986));
#8190 = DIRECTION('',(0.,0.469471334321,-0.882947714336));
#8191 = DIRECTION('',(0.,0.882947714336,0.469471334321));
#8192 = PCURVE('',#6016,#8193);
#8193 = DEFINITIONAL_REPRESENTATION('',(#8194),#8198);
#8194 = CIRCLE('',#8195,2.);
#8195 = AXIS2_PLACEMENT_2D('',#8196,#8197);
#8196 = CARTESIAN_POINT('',(-27.40180382366,-6.495384674331));
#8197 = DIRECTION('',(1.,0.));
#8198 = ( GEOMETRIC_REPRESENTATION_CONTEXT(2)
PARAMETRIC_REPRESENTATION_CONTEXT() REPRESENTATION_CONTEXT('2D SPACE',''
  ) );
#8199 = PCURVE('',#6846,#8200);
#8200 = DEFINITIONAL_REPRESENTATION('',(#8201),#8205);
#8201 = LINE('',#8202,#8203);
#8202 = CARTESIAN_POINT('',(-3.14159265359,6.35));
#8203 = VECTOR('',#8204,1.);
#8204 = DIRECTION('',(1.,0.));
#8205 = ( GEOMETRIC_REPRESENTATION_CONTEXT(2)
PARAMETRIC_REPRESENTATION_CONTEXT() REPRESENTATION_CONTEXT('2D SPACE',''
  ) );
#8206 = ORIENTED_EDGE('',*,*,#8207,.T.);
#8207 = EDGE_CURVE('',#8184,#7903,#8208,.T.);
#8208 = SURFACE_CURVE('',#8209,(#8213,#8220),.PCURVE_S1.);
#8209 = LINE('',#8210,#8211);
#8210 = CARTESIAN_POINT('',(-51.,157.50285753234,5.098442235344));
#8211 = VECTOR('',#8212,1.);
#8212 = DIRECTION('',(0.,0.882947714336,0.469471334321));
#8213 = PCURVE('',#6016,#8214);
#8214 = DEFINITIONAL_REPRESENTATION('',(#8215),#8219);
#8215 = LINE('',#8216,#8217);
#8216 = CARTESIAN_POINT('',(-29.40180382366,-8.495384674331));
#8217 = VECTOR('',#8218,1.);
#8218 = DIRECTION('',(1.,0.));
#8219 = ( GEOMETRIC_REPRESENTATION_CONTEXT(2)
PARAMETRIC_REPRESENTATION_CONTEXT() REPRESENTATION_CONTEXT('2D SPACE',''
  ) );
#8220 = PCURVE('',#6757,#8221);
#8221 = DEFINITIONAL_REPRESENTATION('',(#8222),#8226);
#8222 = LINE('',#8223,#8224);
#8223 = CARTESIAN_POINT('',(7.549516567451E-15,-6.35));
#8224 = VECTOR('',#8225,1.);
#8225 = DIRECTION('',(1.,0.));
#8226 = ( GEOMETRIC_REPRESENTATION_CONTEXT(2)
PARAMETRIC_REPRESENTATION_CONTEXT() REPRESENTATION_CONTEXT('2D SPACE',''
  ) );
#8227 = ORIENTED_EDGE('',*,*,#7902,.T.);
#8228 = ORIENTED_EDGE('',*,*,#6000,.T.);
#8229 = ORIENTED_EDGE('',*,*,#8024,.T.);
#8230 = ORIENTED_EDGE('',*,*,#8231,.T.);
#8231 = EDGE_CURVE('',#8002,#8232,#8234,.T.);
#8232 = VERTEX_POINT('',#8233);
#8233 = CARTESIAN_POINT('',(-32.,200.06899525432,27.731245003567));
#8234 = SURFACE_CURVE('',#8235,(#8239,#8246),.PCURVE_S1.);
#8235 = LINE('',#8236,#8237);
#8236 = CARTESIAN_POINT('',(-32.,208.16701456139,32.037035559132));
#8237 = VECTOR('',#8238,1.);
#8238 = DIRECTION('',(0.,-0.882947714336,-0.469471334321));
#8239 = PCURVE('',#6016,#8240);
#8240 = DEFINITIONAL_REPRESENTATION('',(#8241),#8245);
#8241 = LINE('',#8242,#8243);
#8242 = CARTESIAN_POINT('',(27.978895176337,10.504615325669));
#8243 = VECTOR('',#8244,1.);
#8244 = DIRECTION('',(-1.,0.));
#8245 = ( GEOMETRIC_REPRESENTATION_CONTEXT(2)
PARAMETRIC_REPRESENTATION_CONTEXT() REPRESENTATION_CONTEXT('2D SPACE',''
  ) );
#8246 = PCURVE('',#6438,#8247);
#8247 = DEFINITIONAL_REPRESENTATION('',(#8248),#8252);
#8248 = LINE('',#8249,#8250);
#8249 = CARTESIAN_POINT('',(-7.549516567451E-15,-6.35));
#8250 = VECTOR('',#8251,1.);
#8251 = DIRECTION('',(1.,0.));
#8252 = ( GEOMETRIC_REPRESENTATION_CONTEXT(2)
PARAMETRIC_REPRESENTATION_CONTEXT() REPRESENTATION_CONTEXT('2D SPACE',''
  ) );
#8253 = ORIENTED_EDGE('',*,*,#8254,.F.);
#8254 = EDGE_CURVE('',#8051,#8232,#8255,.T.);
#8255 = SURFACE_CURVE('',#8256,(#8261,#8272),.PCURVE_S1.);
#8256 = CIRCLE('',#8257,2.);
#8257 = AXIS2_PLACEMENT_3D('',#8258,#8259,#8260);
#8258 = CARTESIAN_POINT('',(-34.,200.06899525432,27.731245003567));
#8259 = DIRECTION('',(0.,-0.469471334321,0.882947714336));
#8260 = DIRECTION('',(0.,0.882947714336,0.469471334321));
#8261 = PCURVE('',#6016,#8262);
#8262 = DEFINITIONAL_REPRESENTATION('',(#8263),#8271);
#8263 = ( BOUNDED_CURVE() B_SPLINE_CURVE(2,(#8264,#8265,#8266,#8267,
#8268,#8269,#8270),.UNSPECIFIED.,.T.,.F.) B_SPLINE_CURVE_WITH_KNOTS((1,2
    ,2,2,2,1),(-2.094395102393,0.,2.094395102393,4.188790204786,
6.28318530718,8.377580409573),.UNSPECIFIED.) CURVE()
GEOMETRIC_REPRESENTATION_ITEM() RATIONAL_B_SPLINE_CURVE((1.,0.5,1.,0.5,
1.,0.5,1.)) REPRESENTATION_ITEM('') );
#8264 = CARTESIAN_POINT('',(20.807322301083,8.504615325669));
#8265 = CARTESIAN_POINT('',(20.807322301083,5.040513710532));
#8266 = CARTESIAN_POINT('',(17.807322301083,6.7725645181));
#8267 = CARTESIAN_POINT('',(14.807322301083,8.504615325669));
#8268 = CARTESIAN_POINT('',(17.807322301083,10.236666133238));
#8269 = CARTESIAN_POINT('',(20.807322301083,11.968716940807));
#8270 = CARTESIAN_POINT('',(20.807322301083,8.504615325669));
#8271 = ( GEOMETRIC_REPRESENTATION_CONTEXT(2)
PARAMETRIC_REPRESENTATION_CONTEXT() REPRESENTATION_CONTEXT('2D SPACE',''
  ) );
#8272 = PCURVE('',#6412,#8273);
#8273 = DEFINITIONAL_REPRESENTATION('',(#8274),#8278);
#8274 = LINE('',#8275,#8276);
#8275 = CARTESIAN_POINT('',(3.926990816987,6.35));
#8276 = VECTOR('',#8277,1.);
#8277 = DIRECTION('',(-1.,0.));
#8278 = ( GEOMETRIC_REPRESENTATION_CONTEXT(2)
PARAMETRIC_REPRESENTATION_CONTEXT() REPRESENTATION_CONTEXT('2D SPACE',''
  ) );
#8279 = ADVANCED_FACE('',(#8280),#6438,.F.);
#8280 = FACE_BOUND('',#8281,.F.);
#8281 = EDGE_LOOP('',(#8282,#8283,#8284,#8285));
#8282 = ORIENTED_EDGE('',*,*,#6424,.F.);
#8283 = ORIENTED_EDGE('',*,*,#8001,.T.);
#8284 = ORIENTED_EDGE('',*,*,#8231,.T.);
#8285 = ORIENTED_EDGE('',*,*,#8286,.F.);
#8286 = EDGE_CURVE('',#6392,#8232,#8287,.T.);
#8287 = SURFACE_CURVE('',#8288,(#8292,#8299),.PCURVE_S1.);
#8288 = LINE('',#8289,#8290);
#8289 = CARTESIAN_POINT('',(-32.,197.08785228138,33.3379629896));
#8290 = VECTOR('',#8291,1.);
#8291 = DIRECTION('',(0.,0.469471334321,-0.882947714336));
#8292 = PCURVE('',#6438,#8293);
#8293 = DEFINITIONAL_REPRESENTATION('',(#8294),#8298);
#8294 = LINE('',#8295,#8296);
#8295 = CARTESIAN_POINT('',(9.171572875254,1.376676550535E-14));
#8296 = VECTOR('',#8297,1.);
#8297 = DIRECTION('',(0.,-1.));
#8298 = ( GEOMETRIC_REPRESENTATION_CONTEXT(2)
PARAMETRIC_REPRESENTATION_CONTEXT() REPRESENTATION_CONTEXT('2D SPACE',''
  ) );
#8299 = PCURVE('',#6412,#8300);
#8300 = DEFINITIONAL_REPRESENTATION('',(#8301),#8305);
#8301 = LINE('',#8302,#8303);
#8302 = CARTESIAN_POINT('',(-0.785398163397,0.));
#8303 = VECTOR('',#8304,1.);
#8304 = DIRECTION('',(-0.,1.));
#8305 = ( GEOMETRIC_REPRESENTATION_CONTEXT(2)
PARAMETRIC_REPRESENTATION_CONTEXT() REPRESENTATION_CONTEXT('2D SPACE',''
  ) );
#8306 = ADVANCED_FACE('',(#8307),#6412,.T.);
#8307 = FACE_BOUND('',#8308,.F.);
#8308 = EDGE_LOOP('',(#8309,#8337,#8338,#8339,#8340));
#8309 = ORIENTED_EDGE('',*,*,#8310,.T.);
#8310 = EDGE_CURVE('',#8311,#6369,#8313,.T.);
#8311 = VERTEX_POINT('',#8312);
#8312 = CARTESIAN_POINT('',(-32.58578643762,195.8391756489,
    32.674030261458));
#8313 = SURFACE_CURVE('',#8314,(#8319,#8326),.PCURVE_S1.);
#8314 = CIRCLE('',#8315,2.);
#8315 = AXIS2_PLACEMENT_3D('',#8316,#8317,#8318);
#8316 = CARTESIAN_POINT('',(-34.,197.08785228138,33.3379629896));
#8317 = DIRECTION('',(0.,-0.469471334321,0.882947714336));
#8318 = DIRECTION('',(0.,0.882947714336,0.469471334321));
#8319 = PCURVE('',#6412,#8320);
#8320 = DEFINITIONAL_REPRESENTATION('',(#8321),#8325);
#8321 = LINE('',#8322,#8323);
#8322 = CARTESIAN_POINT('',(3.926990816987,-0.));
#8323 = VECTOR('',#8324,1.);
#8324 = DIRECTION('',(-1.,0.));
#8325 = ( GEOMETRIC_REPRESENTATION_CONTEXT(2)
PARAMETRIC_REPRESENTATION_CONTEXT() REPRESENTATION_CONTEXT('2D SPACE',''
  ) );
#8326 = PCURVE('',#7195,#8327);
#8327 = DEFINITIONAL_REPRESENTATION('',(#8328),#8336);
#8328 = ( BOUNDED_CURVE() B_SPLINE_CURVE(2,(#8329,#8330,#8331,#8332,
#8333,#8334,#8335),.UNSPECIFIED.,.T.,.F.) B_SPLINE_CURVE_WITH_KNOTS((1,2
    ,2,2,2,1),(-2.094395102393,0.,2.094395102393,4.188790204786,
6.28318530718,8.377580409573),.UNSPECIFIED.) CURVE()
GEOMETRIC_REPRESENTATION_ITEM() RATIONAL_B_SPLINE_CURVE((1.,0.5,1.,0.5,
1.,0.5,1.)) REPRESENTATION_ITEM('') );
#8329 = CARTESIAN_POINT('',(20.807322301083,8.504615325669));
#8330 = CARTESIAN_POINT('',(20.807322301083,5.040513710532));
#8331 = CARTESIAN_POINT('',(17.807322301083,6.7725645181));
#8332 = CARTESIAN_POINT('',(14.807322301083,8.504615325669));
#8333 = CARTESIAN_POINT('',(17.807322301083,10.236666133238));
#8334 = CARTESIAN_POINT('',(20.807322301083,11.968716940807));
#8335 = CARTESIAN_POINT('',(20.807322301083,8.504615325669));
#8336 = ( GEOMETRIC_REPRESENTATION_CONTEXT(2)
PARAMETRIC_REPRESENTATION_CONTEXT() REPRESENTATION_CONTEXT('2D SPACE',''
  ) );
#8337 = ORIENTED_EDGE('',*,*,#6391,.T.);
#8338 = ORIENTED_EDGE('',*,*,#8286,.T.);
#8339 = ORIENTED_EDGE('',*,*,#8254,.F.);
#8340 = ORIENTED_EDGE('',*,*,#8341,.F.);
#8341 = EDGE_CURVE('',#8311,#8051,#8342,.T.);
#8342 = SURFACE_CURVE('',#8343,(#8347,#8354),.PCURVE_S1.);
#8343 = LINE('',#8344,#8345);
#8344 = CARTESIAN_POINT('',(-32.58578643762,195.8391756489,
    32.674030261458));
#8345 = VECTOR('',#8346,1.);
#8346 = DIRECTION('',(0.,0.469471334321,-0.882947714336));
#8347 = PCURVE('',#6412,#8348);
#8348 = DEFINITIONAL_REPRESENTATION('',(#8349),#8353);
#8349 = LINE('',#8350,#8351);
#8350 = CARTESIAN_POINT('',(-0.,0.));
#8351 = VECTOR('',#8352,1.);
#8352 = DIRECTION('',(-0.,1.));
#8353 = ( GEOMETRIC_REPRESENTATION_CONTEXT(2)
PARAMETRIC_REPRESENTATION_CONTEXT() REPRESENTATION_CONTEXT('2D SPACE',''
  ) );
#8354 = PCURVE('',#8068,#8355);
#8355 = DEFINITIONAL_REPRESENTATION('',(#8356),#8360);
#8356 = LINE('',#8357,#8358);
#8357 = CARTESIAN_POINT('',(0.828427124746,-8.881784197001E-15));
#8358 = VECTOR('',#8359,1.);
#8359 = DIRECTION('',(0.,-1.));
#8360 = ( GEOMETRIC_REPRESENTATION_CONTEXT(2)
PARAMETRIC_REPRESENTATION_CONTEXT() REPRESENTATION_CONTEXT('2D SPACE',''
  ) );
#8361 = ADVANCED_FACE('',(#8362),#6160,.T.);
#8362 = FACE_BOUND('',#8363,.T.);
#8363 = EDGE_LOOP('',(#8364,#8388,#8389,#8412,#8436));
#8364 = ORIENTED_EDGE('',*,*,#8365,.T.);
#8365 = EDGE_CURVE('',#8366,#6144,#8368,.T.);
#8366 = VERTEX_POINT('',#8367);
#8367 = CARTESIAN_POINT('',(32.585786437627,195.8391756489,
    32.674030261458));
#8368 = SURFACE_CURVE('',#8369,(#8374,#8381),.PCURVE_S1.);
#8369 = CIRCLE('',#8370,2.);
#8370 = AXIS2_PLACEMENT_3D('',#8371,#8372,#8373);
#8371 = CARTESIAN_POINT('',(34.,197.08785228138,33.3379629896));
#8372 = DIRECTION('',(0.,0.469471334321,-0.882947714336));
#8373 = DIRECTION('',(0.,0.882947714336,0.469471334321));
#8374 = PCURVE('',#6160,#8375);
#8375 = DEFINITIONAL_REPRESENTATION('',(#8376),#8380);
#8376 = LINE('',#8377,#8378);
#8377 = CARTESIAN_POINT('',(-3.926990816987,0.));
#8378 = VECTOR('',#8379,1.);
#8379 = DIRECTION('',(1.,0.));
#8380 = ( GEOMETRIC_REPRESENTATION_CONTEXT(2)
PARAMETRIC_REPRESENTATION_CONTEXT() REPRESENTATION_CONTEXT('2D SPACE',''
  ) );
#8381 = PCURVE('',#7283,#8382);
#8382 = DEFINITIONAL_REPRESENTATION('',(#8383),#8387);
#8383 = CIRCLE('',#8384,2.);
#8384 = AXIS2_PLACEMENT_2D('',#8385,#8386);
#8385 = CARTESIAN_POINT('',(18.807322301083,-8.504615325669));
#8386 = DIRECTION('',(1.,0.));
#8387 = ( GEOMETRIC_REPRESENTATION_CONTEXT(2)
PARAMETRIC_REPRESENTATION_CONTEXT() REPRESENTATION_CONTEXT('2D SPACE',''
  ) );
#8388 = ORIENTED_EDGE('',*,*,#6143,.T.);
#8389 = ORIENTED_EDGE('',*,*,#8390,.T.);
#8390 = EDGE_CURVE('',#6116,#8391,#8393,.T.);
#8391 = VERTEX_POINT('',#8392);
#8392 = CARTESIAN_POINT('',(32.,200.06899525432,27.731245003567));
#8393 = SURFACE_CURVE('',#8394,(#8398,#8405),.PCURVE_S1.);
#8394 = LINE('',#8395,#8396);
#8395 = CARTESIAN_POINT('',(32.,197.08785228138,33.3379629896));
#8396 = VECTOR('',#8397,1.);
#8397 = DIRECTION('',(0.,0.469471334321,-0.882947714336));
#8398 = PCURVE('',#6160,#8399);
#8399 = DEFINITIONAL_REPRESENTATION('',(#8400),#8404);
#8400 = LINE('',#8401,#8402);
#8401 = CARTESIAN_POINT('',(0.785398163397,0.));
#8402 = VECTOR('',#8403,1.);
#8403 = DIRECTION('',(0.,1.));
#8404 = ( GEOMETRIC_REPRESENTATION_CONTEXT(2)
PARAMETRIC_REPRESENTATION_CONTEXT() REPRESENTATION_CONTEXT('2D SPACE',''
  ) );
#8405 = PCURVE('',#6131,#8406);
#8406 = DEFINITIONAL_REPRESENTATION('',(#8407),#8411);
#8407 = LINE('',#8408,#8409);
#8408 = CARTESIAN_POINT('',(0.828427124746,8.271161533457E-15));
#8409 = VECTOR('',#8410,1.);
#8410 = DIRECTION('',(0.,-1.));
#8411 = ( GEOMETRIC_REPRESENTATION_CONTEXT(2)
PARAMETRIC_REPRESENTATION_CONTEXT() REPRESENTATION_CONTEXT('2D SPACE',''
  ) );
#8412 = ORIENTED_EDGE('',*,*,#8413,.F.);
#8413 = EDGE_CURVE('',#8414,#8391,#8416,.T.);
#8414 = VERTEX_POINT('',#8415);
#8415 = CARTESIAN_POINT('',(32.585786437627,198.82031862184,
    27.067312275425));
#8416 = SURFACE_CURVE('',#8417,(#8422,#8429),.PCURVE_S1.);
#8417 = CIRCLE('',#8418,2.);
#8418 = AXIS2_PLACEMENT_3D('',#8419,#8420,#8421);
#8419 = CARTESIAN_POINT('',(34.,200.06899525432,27.731245003567));
#8420 = DIRECTION('',(0.,0.469471334321,-0.882947714336));
#8421 = DIRECTION('',(0.,0.882947714336,0.469471334321));
#8422 = PCURVE('',#6160,#8423);
#8423 = DEFINITIONAL_REPRESENTATION('',(#8424),#8428);
#8424 = LINE('',#8425,#8426);
#8425 = CARTESIAN_POINT('',(-3.926990816987,6.35));
#8426 = VECTOR('',#8427,1.);
#8427 = DIRECTION('',(1.,0.));
#8428 = ( GEOMETRIC_REPRESENTATION_CONTEXT(2)
PARAMETRIC_REPRESENTATION_CONTEXT() REPRESENTATION_CONTEXT('2D SPACE',''
  ) );
#8429 = PCURVE('',#6683,#8430);
#8430 = DEFINITIONAL_REPRESENTATION('',(#8431),#8435);
#8431 = CIRCLE('',#8432,2.);
#8432 = AXIS2_PLACEMENT_2D('',#8433,#8434);
#8433 = CARTESIAN_POINT('',(18.807322301083,-8.504615325669));
#8434 = DIRECTION('',(1.,0.));
#8435 = ( GEOMETRIC_REPRESENTATION_CONTEXT(2)
PARAMETRIC_REPRESENTATION_CONTEXT() REPRESENTATION_CONTEXT('2D SPACE',''
  ) );
#8436 = ORIENTED_EDGE('',*,*,#8437,.F.);
#8437 = EDGE_CURVE('',#8366,#8414,#8438,.T.);
#8438 = SURFACE_CURVE('',#8439,(#8443,#8450),.PCURVE_S1.);
#8439 = LINE('',#8440,#8441);
#8440 = CARTESIAN_POINT('',(32.585786437627,195.8391756489,
    32.674030261458));
#8441 = VECTOR('',#8442,1.);
#8442 = DIRECTION('',(0.,0.469471334321,-0.882947714336));
#8443 = PCURVE('',#6160,#8444);
#8444 = DEFINITIONAL_REPRESENTATION('',(#8445),#8449);
#8445 = LINE('',#8446,#8447);
#8446 = CARTESIAN_POINT('',(0.,0.));
#8447 = VECTOR('',#8448,1.);
#8448 = DIRECTION('',(0.,1.));
#8449 = ( GEOMETRIC_REPRESENTATION_CONTEXT(2)
PARAMETRIC_REPRESENTATION_CONTEXT() REPRESENTATION_CONTEXT('2D SPACE',''
  ) );
#8450 = PCURVE('',#8451,#8456);
#8451 = PLANE('',#8452);
#8452 = AXIS2_PLACEMENT_3D('',#8453,#8454,#8455);
#8453 = CARTESIAN_POINT('',(35.,193.70755130208,31.540626198996));
#8454 = DIRECTION('',(0.707106781187,0.62433831624,0.331966364071));
#8455 = DIRECTION('',(-0.707106781187,0.62433831624,0.331966364071));
#8456 = DEFINITIONAL_REPRESENTATION('',(#8457),#8461);
#8457 = LINE('',#8458,#8459);
#8458 = CARTESIAN_POINT('',(3.414213562373,-1.998401444325E-14));
#8459 = VECTOR('',#8460,1.);
#8460 = DIRECTION('',(0.,-1.));
#8461 = ( GEOMETRIC_REPRESENTATION_CONTEXT(2)
PARAMETRIC_REPRESENTATION_CONTEXT() REPRESENTATION_CONTEXT('2D SPACE',''
  ) );
#8462 = ADVANCED_FACE('',(#8463),#6131,.F.);
#8463 = FACE_BOUND('',#8464,.F.);
#8464 = EDGE_LOOP('',(#8465,#8466,#8467,#8490));
#8465 = ORIENTED_EDGE('',*,*,#6115,.F.);
#8466 = ORIENTED_EDGE('',*,*,#8390,.T.);
#8467 = ORIENTED_EDGE('',*,*,#8468,.T.);
#8468 = EDGE_CURVE('',#8391,#8469,#8471,.T.);
#8469 = VERTEX_POINT('',#8470);
#8470 = CARTESIAN_POINT('',(32.,206.40111913271,31.098092890491));
#8471 = SURFACE_CURVE('',#8472,(#8476,#8483),.PCURVE_S1.);
#8472 = LINE('',#8473,#8474);
#8473 = CARTESIAN_POINT('',(32.,199.33753741803,27.342322215925));
#8474 = VECTOR('',#8475,1.);
#8475 = DIRECTION('',(0.,0.882947714336,0.469471334321));
#8476 = PCURVE('',#6131,#8477);
#8477 = DEFINITIONAL_REPRESENTATION('',(#8478),#8482);
#8478 = LINE('',#8479,#8480);
#8479 = CARTESIAN_POINT('',(7.549516567451E-15,-6.35));
#8480 = VECTOR('',#8481,1.);
#8481 = DIRECTION('',(1.,0.));
#8482 = ( GEOMETRIC_REPRESENTATION_CONTEXT(2)
PARAMETRIC_REPRESENTATION_CONTEXT() REPRESENTATION_CONTEXT('2D SPACE',''
  ) );
#8483 = PCURVE('',#6683,#8484);
#8484 = DEFINITIONAL_REPRESENTATION('',(#8485),#8489);
#8485 = LINE('',#8486,#8487);
#8486 = CARTESIAN_POINT('',(17.978895176337,-10.50461532566));
#8487 = VECTOR('',#8488,1.);
#8488 = DIRECTION('',(1.,0.));
#8489 = ( GEOMETRIC_REPRESENTATION_CONTEXT(2)
PARAMETRIC_REPRESENTATION_CONTEXT() REPRESENTATION_CONTEXT('2D SPACE',''
  ) );
#8490 = ORIENTED_EDGE('',*,*,#8491,.F.);
#8491 = EDGE_CURVE('',#6083,#8469,#8492,.T.);
#8492 = SURFACE_CURVE('',#8493,(#8497,#8504),.PCURVE_S1.);
#8493 = LINE('',#8494,#8495);
#8494 = CARTESIAN_POINT('',(32.,203.41997615978,36.704810876524));
#8495 = VECTOR('',#8496,1.);
#8496 = DIRECTION('',(0.,0.469471334321,-0.882947714336));
#8497 = PCURVE('',#6131,#8498);
#8498 = DEFINITIONAL_REPRESENTATION('',(#8499),#8503);
#8499 = LINE('',#8500,#8501);
#8500 = CARTESIAN_POINT('',(8.,5.329070518201E-15));
#8501 = VECTOR('',#8502,1.);
#8502 = DIRECTION('',(0.,-1.));
#8503 = ( GEOMETRIC_REPRESENTATION_CONTEXT(2)
PARAMETRIC_REPRESENTATION_CONTEXT() REPRESENTATION_CONTEXT('2D SPACE',''
  ) );
#8504 = PCURVE('',#6103,#8505);
#8505 = DEFINITIONAL_REPRESENTATION('',(#8506),#8510);
#8506 = LINE('',#8507,#8508);
#8507 = CARTESIAN_POINT('',(-1.570796326795,0.));
#8508 = VECTOR('',#8509,1.);
#8509 = DIRECTION('',(-0.,1.));
#8510 = ( GEOMETRIC_REPRESENTATION_CONTEXT(2)
PARAMETRIC_REPRESENTATION_CONTEXT() REPRESENTATION_CONTEXT('2D SPACE',''
  ) );
#8511 = ADVANCED_FACE('',(#8512),#6103,.T.);
#8512 = FACE_BOUND('',#8513,.F.);
#8513 = EDGE_LOOP('',(#8514,#8515,#8516,#8542));
#8514 = ORIENTED_EDGE('',*,*,#6082,.T.);
#8515 = ORIENTED_EDGE('',*,*,#8491,.T.);
#8516 = ORIENTED_EDGE('',*,*,#8517,.F.);
#8517 = EDGE_CURVE('',#6645,#8469,#8518,.T.);
#8518 = SURFACE_CURVE('',#8519,(#8524,#8531),.PCURVE_S1.);
#8519 = CIRCLE('',#8520,2.);
#8520 = AXIS2_PLACEMENT_3D('',#8521,#8522,#8523);
#8521 = CARTESIAN_POINT('',(34.,206.40111913271,31.098092890491));
#8522 = DIRECTION('',(0.,-0.469471334321,0.882947714336));
#8523 = DIRECTION('',(0.,0.882947714336,0.469471334321));
#8524 = PCURVE('',#6103,#8525);
#8525 = DEFINITIONAL_REPRESENTATION('',(#8526),#8530);
#8526 = LINE('',#8527,#8528);
#8527 = CARTESIAN_POINT('',(-0.,6.35));
#8528 = VECTOR('',#8529,1.);
#8529 = DIRECTION('',(-1.,0.));
#8530 = ( GEOMETRIC_REPRESENTATION_CONTEXT(2)
PARAMETRIC_REPRESENTATION_CONTEXT() REPRESENTATION_CONTEXT('2D SPACE',''
  ) );
#8531 = PCURVE('',#6683,#8532);
#8532 = DEFINITIONAL_REPRESENTATION('',(#8533),#8541);
#8533 = ( BOUNDED_CURVE() B_SPLINE_CURVE(2,(#8534,#8535,#8536,#8537,
#8538,#8539,#8540),.UNSPECIFIED.,.T.,.F.) B_SPLINE_CURVE_WITH_KNOTS((1,2
    ,2,2,2,1),(-2.094395102393,0.,2.094395102393,4.188790204786,
6.28318530718,8.377580409573),.UNSPECIFIED.) CURVE()
GEOMETRIC_REPRESENTATION_ITEM() RATIONAL_B_SPLINE_CURVE((1.,0.5,1.,0.5,
1.,0.5,1.)) REPRESENTATION_ITEM('') );
#8534 = CARTESIAN_POINT('',(27.978895176337,-8.504615325669));
#8535 = CARTESIAN_POINT('',(27.978895176337,-11.9687169408));
#8536 = CARTESIAN_POINT('',(24.978895176337,-10.23666613323));
#8537 = CARTESIAN_POINT('',(21.978895176337,-8.504615325669));
#8538 = CARTESIAN_POINT('',(24.978895176337,-6.7725645181));
#8539 = CARTESIAN_POINT('',(27.978895176337,-5.040513710532));
#8540 = CARTESIAN_POINT('',(27.978895176337,-8.504615325669));
#8541 = ( GEOMETRIC_REPRESENTATION_CONTEXT(2)
PARAMETRIC_REPRESENTATION_CONTEXT() REPRESENTATION_CONTEXT('2D SPACE',''
  ) );
#8542 = ORIENTED_EDGE('',*,*,#6644,.F.);
#8543 = ADVANCED_FACE('',(#8544),#6533,.F.);
#8544 = FACE_BOUND('',#8545,.F.);
#8545 = EDGE_LOOP('',(#8546,#8547,#8568,#8569));
#8546 = ORIENTED_EDGE('',*,*,#7771,.F.);
#8547 = ORIENTED_EDGE('',*,*,#8548,.F.);
#8548 = EDGE_CURVE('',#6513,#7747,#8549,.T.);
#8549 = SEAM_CURVE('',#8550,(#8554,#8561),.PCURVE_S1.);
#8550 = LINE('',#8551,#8552);
#8551 = CARTESIAN_POINT('',(-1.383850883037E-15,173.70878557237,
    20.90710047663));
#8552 = VECTOR('',#8553,1.);
#8553 = DIRECTION('',(1.731912112471E-16,0.292371952169,0.956304680311)
  );
#8554 = PCURVE('',#6533,#8555);
#8555 = DEFINITIONAL_REPRESENTATION('',(#8556),#8560);
#8556 = LINE('',#8557,#8558);
#8557 = CARTESIAN_POINT('',(-6.28318530718,0.));
#8558 = VECTOR('',#8559,1.);
#8559 = DIRECTION('',(-0.,-1.));
#8560 = ( GEOMETRIC_REPRESENTATION_CONTEXT(2)
PARAMETRIC_REPRESENTATION_CONTEXT() REPRESENTATION_CONTEXT('2D SPACE',''
  ) );
#8561 = PCURVE('',#6533,#8562);
#8562 = DEFINITIONAL_REPRESENTATION('',(#8563),#8567);
#8563 = LINE('',#8564,#8565);
#8564 = CARTESIAN_POINT('',(0.,-0.));
#8565 = VECTOR('',#8566,1.);
#8566 = DIRECTION('',(-0.,-1.));
#8567 = ( GEOMETRIC_REPRESENTATION_CONTEXT(2)
PARAMETRIC_REPRESENTATION_CONTEXT() REPRESENTATION_CONTEXT('2D SPACE',''
  ) );
#8568 = ORIENTED_EDGE('',*,*,#6512,.T.);
#8569 = ORIENTED_EDGE('',*,*,#8548,.T.);
#8570 = ADVANCED_FACE('',(#8571),#6598,.F.);
#8571 = FACE_BOUND('',#8572,.F.);
#8572 = EDGE_LOOP('',(#8573,#8574,#8595,#8596));
#8573 = ORIENTED_EDGE('',*,*,#7848,.F.);
#8574 = ORIENTED_EDGE('',*,*,#8575,.F.);
#8575 = EDGE_CURVE('',#6578,#7824,#8576,.T.);
#8576 = SEAM_CURVE('',#8577,(#8581,#8588),.PCURVE_S1.);
#8577 = LINE('',#8578,#8579);
#8578 = CARTESIAN_POINT('',(-1.383850883037E-15,191.36773985909,
    30.296527163046));
#8579 = VECTOR('',#8580,1.);
#8580 = DIRECTION('',(1.731912112471E-16,0.292371952169,0.956304680311)
  );
#8581 = PCURVE('',#6598,#8582);
#8582 = DEFINITIONAL_REPRESENTATION('',(#8583),#8587);
#8583 = LINE('',#8584,#8585);
#8584 = CARTESIAN_POINT('',(-6.28318530718,0.));
#8585 = VECTOR('',#8586,1.);
#8586 = DIRECTION('',(-0.,-1.));
#8587 = ( GEOMETRIC_REPRESENTATION_CONTEXT(2)
PARAMETRIC_REPRESENTATION_CONTEXT() REPRESENTATION_CONTEXT('2D SPACE',''
  ) );
#8588 = PCURVE('',#6598,#8589);
#8589 = DEFINITIONAL_REPRESENTATION('',(#8590),#8594);
#8590 = LINE('',#8591,#8592);
#8591 = CARTESIAN_POINT('',(0.,-0.));
#8592 = VECTOR('',#8593,1.);
#8593 = DIRECTION('',(-0.,-1.));
#8594 = ( GEOMETRIC_REPRESENTATION_CONTEXT(2)
PARAMETRIC_REPRESENTATION_CONTEXT() REPRESENTATION_CONTEXT('2D SPACE',''
  ) );
#8595 = ORIENTED_EDGE('',*,*,#6577,.T.);
#8596 = ORIENTED_EDGE('',*,*,#8575,.T.);
#8597 = ADVANCED_FACE('',(#8598),#6683,.T.);
#8598 = FACE_BOUND('',#8599,.T.);
#8599 = EDGE_LOOP('',(#8600,#8601,#8602,#8625,#8649,#8672,#8696,#8719,
    #8752,#8773,#8774,#8775));
#8600 = ORIENTED_EDGE('',*,*,#6667,.T.);
#8601 = ORIENTED_EDGE('',*,*,#7974,.T.);
#8602 = ORIENTED_EDGE('',*,*,#8603,.T.);
#8603 = EDGE_CURVE('',#7952,#8604,#8606,.T.);
#8604 = VERTEX_POINT('',#8605);
#8605 = CARTESIAN_POINT('',(51.,159.26875296101,6.037384903986));
#8606 = SURFACE_CURVE('',#8607,(#8611,#8618),.PCURVE_S1.);
#8607 = LINE('',#8608,#8609);
#8608 = CARTESIAN_POINT('',(51.,208.16701456139,32.037035559132));
#8609 = VECTOR('',#8610,1.);
#8610 = DIRECTION('',(0.,-0.882947714336,-0.469471334321));
#8611 = PCURVE('',#6683,#8612);
#8612 = DEFINITIONAL_REPRESENTATION('',(#8613),#8617);
#8613 = LINE('',#8614,#8615);
#8614 = CARTESIAN_POINT('',(27.978895176337,8.495384674331));
#8615 = VECTOR('',#8616,1.);
#8616 = DIRECTION('',(-1.,0.));
#8617 = ( GEOMETRIC_REPRESENTATION_CONTEXT(2)
PARAMETRIC_REPRESENTATION_CONTEXT() REPRESENTATION_CONTEXT('2D SPACE',''
  ) );
#8618 = PCURVE('',#6791,#8619);
#8619 = DEFINITIONAL_REPRESENTATION('',(#8620),#8624);
#8620 = LINE('',#8621,#8622);
#8621 = CARTESIAN_POINT('',(-7.549516567451E-15,-6.35));
#8622 = VECTOR('',#8623,1.);
#8623 = DIRECTION('',(1.,0.));
#8624 = ( GEOMETRIC_REPRESENTATION_CONTEXT(2)
PARAMETRIC_REPRESENTATION_CONTEXT() REPRESENTATION_CONTEXT('2D SPACE',''
  ) );
#8625 = ORIENTED_EDGE('',*,*,#8626,.T.);
#8626 = EDGE_CURVE('',#8604,#8627,#8629,.T.);
#8627 = VERTEX_POINT('',#8628);
#8628 = CARTESIAN_POINT('',(49.,157.50285753234,5.098442235344));
#8629 = SURFACE_CURVE('',#8630,(#8635,#8642),.PCURVE_S1.);
#8630 = CIRCLE('',#8631,2.);
#8631 = AXIS2_PLACEMENT_3D('',#8632,#8633,#8634);
#8632 = CARTESIAN_POINT('',(49.,159.26875296101,6.037384903986));
#8633 = DIRECTION('',(0.,0.469471334321,-0.882947714336));
#8634 = DIRECTION('',(0.,0.882947714336,0.469471334321));
#8635 = PCURVE('',#6683,#8636);
#8636 = DEFINITIONAL_REPRESENTATION('',(#8637),#8641);
#8637 = CIRCLE('',#8638,2.);
#8638 = AXIS2_PLACEMENT_2D('',#8639,#8640);
#8639 = CARTESIAN_POINT('',(-27.40180382366,6.495384674331));
#8640 = DIRECTION('',(1.,0.));
#8641 = ( GEOMETRIC_REPRESENTATION_CONTEXT(2)
PARAMETRIC_REPRESENTATION_CONTEXT() REPRESENTATION_CONTEXT('2D SPACE',''
  ) );
#8642 = PCURVE('',#6921,#8643);
#8643 = DEFINITIONAL_REPRESENTATION('',(#8644),#8648);
#8644 = LINE('',#8645,#8646);
#8645 = CARTESIAN_POINT('',(-1.570796326795,6.35));
#8646 = VECTOR('',#8647,1.);
#8647 = DIRECTION('',(1.,0.));
#8648 = ( GEOMETRIC_REPRESENTATION_CONTEXT(2)
PARAMETRIC_REPRESENTATION_CONTEXT() REPRESENTATION_CONTEXT('2D SPACE',''
  ) );
#8649 = ORIENTED_EDGE('',*,*,#8650,.T.);
#8650 = EDGE_CURVE('',#8627,#8651,#8653,.T.);
#8651 = VERTEX_POINT('',#8652);
#8652 = CARTESIAN_POINT('',(37.,157.50285753234,5.098442235344));
#8653 = SURFACE_CURVE('',#8654,(#8658,#8665),.PCURVE_S1.);
#8654 = LINE('',#8655,#8656);
#8655 = CARTESIAN_POINT('',(51.,157.50285753234,5.098442235344));
#8656 = VECTOR('',#8657,1.);
#8657 = DIRECTION('',(-1.,-0.,0.));
#8658 = PCURVE('',#6683,#8659);
#8659 = DEFINITIONAL_REPRESENTATION('',(#8660),#8664);
#8660 = LINE('',#8661,#8662);
#8661 = CARTESIAN_POINT('',(-29.40180382366,8.495384674331));
#8662 = VECTOR('',#8663,1.);
#8663 = DIRECTION('',(0.,-1.));
#8664 = ( GEOMETRIC_REPRESENTATION_CONTEXT(2)
PARAMETRIC_REPRESENTATION_CONTEXT() REPRESENTATION_CONTEXT('2D SPACE',''
  ) );
#8665 = PCURVE('',#7009,#8666);
#8666 = DEFINITIONAL_REPRESENTATION('',(#8667),#8671);
#8667 = LINE('',#8668,#8669);
#8668 = CARTESIAN_POINT('',(-0.,-6.35));
#8669 = VECTOR('',#8670,1.);
#8670 = DIRECTION('',(1.,0.));
#8671 = ( GEOMETRIC_REPRESENTATION_CONTEXT(2)
PARAMETRIC_REPRESENTATION_CONTEXT() REPRESENTATION_CONTEXT('2D SPACE',''
  ) );
#8672 = ORIENTED_EDGE('',*,*,#8673,.T.);
#8673 = EDGE_CURVE('',#8651,#8674,#8676,.T.);
#8674 = VERTEX_POINT('',#8675);
#8675 = CARTESIAN_POINT('',(35.,159.26875296101,6.037384903986));
#8676 = SURFACE_CURVE('',#8677,(#8682,#8689),.PCURVE_S1.);
#8677 = CIRCLE('',#8678,2.);
#8678 = AXIS2_PLACEMENT_3D('',#8679,#8680,#8681);
#8679 = CARTESIAN_POINT('',(37.,159.26875296101,6.037384903986));
#8680 = DIRECTION('',(0.,0.469471334321,-0.882947714336));
#8681 = DIRECTION('',(0.,0.882947714336,0.469471334321));
#8682 = PCURVE('',#6683,#8683);
#8683 = DEFINITIONAL_REPRESENTATION('',(#8684),#8688);
#8684 = CIRCLE('',#8685,2.);
#8685 = AXIS2_PLACEMENT_2D('',#8686,#8687);
#8686 = CARTESIAN_POINT('',(-27.40180382366,-5.504615325669));
#8687 = DIRECTION('',(1.,0.));
#8688 = ( GEOMETRIC_REPRESENTATION_CONTEXT(2)
PARAMETRIC_REPRESENTATION_CONTEXT() REPRESENTATION_CONTEXT('2D SPACE',''
  ) );
#8689 = PCURVE('',#7139,#8690);
#8690 = DEFINITIONAL_REPRESENTATION('',(#8691),#8695);
#8691 = LINE('',#8692,#8693);
#8692 = CARTESIAN_POINT('',(-3.14159265359,6.35));
#8693 = VECTOR('',#8694,1.);
#8694 = DIRECTION('',(1.,0.));
#8695 = ( GEOMETRIC_REPRESENTATION_CONTEXT(2)
PARAMETRIC_REPRESENTATION_CONTEXT() REPRESENTATION_CONTEXT('2D SPACE',''
  ) );
#8696 = ORIENTED_EDGE('',*,*,#8697,.T.);
#8697 = EDGE_CURVE('',#8674,#8698,#8700,.T.);
#8698 = VERTEX_POINT('',#8699);
#8699 = CARTESIAN_POINT('',(35.,195.95723643873,25.54498542532));
#8700 = SURFACE_CURVE('',#8701,(#8705,#8712),.PCURVE_S1.);
#8701 = LINE('',#8702,#8703);
#8702 = CARTESIAN_POINT('',(35.,157.50285753234,5.098442235344));
#8703 = VECTOR('',#8704,1.);
#8704 = DIRECTION('',(0.,0.882947714336,0.469471334321));
#8705 = PCURVE('',#6683,#8706);
#8706 = DEFINITIONAL_REPRESENTATION('',(#8707),#8711);
#8707 = LINE('',#8708,#8709);
#8708 = CARTESIAN_POINT('',(-29.40180382366,-7.504615325669));
#8709 = VECTOR('',#8710,1.);
#8710 = DIRECTION('',(1.,0.));
#8711 = ( GEOMETRIC_REPRESENTATION_CONTEXT(2)
PARAMETRIC_REPRESENTATION_CONTEXT() REPRESENTATION_CONTEXT('2D SPACE',''
  ) );
#8712 = PCURVE('',#7255,#8713);
#8713 = DEFINITIONAL_REPRESENTATION('',(#8714),#8718);
#8714 = LINE('',#8715,#8716);
#8715 = CARTESIAN_POINT('',(7.549516567451E-15,-6.35));
#8716 = VECTOR('',#8717,1.);
#8717 = DIRECTION('',(1.,0.));
#8718 = ( GEOMETRIC_REPRESENTATION_CONTEXT(2)
PARAMETRIC_REPRESENTATION_CONTEXT() REPRESENTATION_CONTEXT('2D SPACE',''
  ) );
#8719 = ORIENTED_EDGE('',*,*,#8720,.T.);
#8720 = EDGE_CURVE('',#8698,#8721,#8723,.T.);
#8721 = VERTEX_POINT('',#8722);
#8722 = CARTESIAN_POINT('',(34.414213562373,197.20591307121,
    26.208918153462));
#8723 = SURFACE_CURVE('',#8724,(#8729,#8740),.PCURVE_S1.);
#8724 = CIRCLE('',#8725,2.);
#8725 = AXIS2_PLACEMENT_3D('',#8726,#8727,#8728);
#8726 = CARTESIAN_POINT('',(33.,195.95723643873,25.54498542532));
#8727 = DIRECTION('',(0.,-0.469471334321,0.882947714336));
#8728 = DIRECTION('',(0.,0.882947714336,0.469471334321));
#8729 = PCURVE('',#6683,#8730);
#8730 = DEFINITIONAL_REPRESENTATION('',(#8731),#8739);
#8731 = ( BOUNDED_CURVE() B_SPLINE_CURVE(2,(#8732,#8733,#8734,#8735,
#8736,#8737,#8738),.UNSPECIFIED.,.T.,.F.) B_SPLINE_CURVE_WITH_KNOTS((1,2
    ,2,2,2,1),(-2.094395102393,0.,2.094395102393,4.188790204786,
6.28318530718,8.377580409573),.UNSPECIFIED.) CURVE()
GEOMETRIC_REPRESENTATION_ITEM() RATIONAL_B_SPLINE_CURVE((1.,0.5,1.,0.5,
1.,0.5,1.)) REPRESENTATION_ITEM('') );
#8732 = CARTESIAN_POINT('',(16.150468051591,-9.504615325669));
#8733 = CARTESIAN_POINT('',(16.150468051591,-12.9687169408));
#8734 = CARTESIAN_POINT('',(13.150468051591,-11.23666613323));
#8735 = CARTESIAN_POINT('',(10.150468051591,-9.504615325669));
#8736 = CARTESIAN_POINT('',(13.150468051591,-7.7725645181));
#8737 = CARTESIAN_POINT('',(16.150468051591,-6.040513710532));
#8738 = CARTESIAN_POINT('',(16.150468051591,-9.504615325669));
#8739 = ( GEOMETRIC_REPRESENTATION_CONTEXT(2)
PARAMETRIC_REPRESENTATION_CONTEXT() REPRESENTATION_CONTEXT('2D SPACE',''
  ) );
#8740 = PCURVE('',#8741,#8746);
#8741 = CYLINDRICAL_SURFACE('',#8742,2.);
#8742 = AXIS2_PLACEMENT_3D('',#8743,#8744,#8745);
#8743 = CARTESIAN_POINT('',(33.,192.97609346579,31.151703411354));
#8744 = DIRECTION('',(0.,0.469471334321,-0.882947714336));
#8745 = DIRECTION('',(1.,0.,0.));
#8746 = DEFINITIONAL_REPRESENTATION('',(#8747),#8751);
#8747 = LINE('',#8748,#8749);
#8748 = CARTESIAN_POINT('',(4.712388980385,6.35));
#8749 = VECTOR('',#8750,1.);
#8750 = DIRECTION('',(-1.,0.));
#8751 = ( GEOMETRIC_REPRESENTATION_CONTEXT(2)
PARAMETRIC_REPRESENTATION_CONTEXT() REPRESENTATION_CONTEXT('2D SPACE',''
  ) );
#8752 = ORIENTED_EDGE('',*,*,#8753,.T.);
#8753 = EDGE_CURVE('',#8721,#8414,#8754,.T.);
#8754 = SURFACE_CURVE('',#8755,(#8759,#8766),.PCURVE_S1.);
#8755 = LINE('',#8756,#8757);
#8756 = CARTESIAN_POINT('',(35.,196.68869427502,25.933908212963));
#8757 = VECTOR('',#8758,1.);
#8758 = DIRECTION('',(-0.707106781187,0.62433831624,0.331966364071));
#8759 = PCURVE('',#6683,#8760);
#8760 = DEFINITIONAL_REPRESENTATION('',(#8761),#8765);
#8761 = LINE('',#8762,#8763);
#8762 = CARTESIAN_POINT('',(14.978895176337,-7.504615325669));
#8763 = VECTOR('',#8764,1.);
#8764 = DIRECTION('',(0.707106781187,-0.707106781187));
#8765 = ( GEOMETRIC_REPRESENTATION_CONTEXT(2)
PARAMETRIC_REPRESENTATION_CONTEXT() REPRESENTATION_CONTEXT('2D SPACE',''
  ) );
#8766 = PCURVE('',#8451,#8767);
#8767 = DEFINITIONAL_REPRESENTATION('',(#8768),#8772);
#8768 = LINE('',#8769,#8770);
#8769 = CARTESIAN_POINT('',(1.043609643148E-14,-6.35));
#8770 = VECTOR('',#8771,1.);
#8771 = DIRECTION('',(1.,0.));
#8772 = ( GEOMETRIC_REPRESENTATION_CONTEXT(2)
PARAMETRIC_REPRESENTATION_CONTEXT() REPRESENTATION_CONTEXT('2D SPACE',''
  ) );
#8773 = ORIENTED_EDGE('',*,*,#8413,.T.);
#8774 = ORIENTED_EDGE('',*,*,#8468,.T.);
#8775 = ORIENTED_EDGE('',*,*,#8517,.F.);
#8776 = ADVANCED_FACE('',(#8777),#6757,.F.);
#8777 = FACE_BOUND('',#8778,.F.);
#8778 = EDGE_LOOP('',(#8779,#8780,#8801,#8802));
#8779 = ORIENTED_EDGE('',*,*,#6743,.F.);
#8780 = ORIENTED_EDGE('',*,*,#8781,.T.);
#8781 = EDGE_CURVE('',#6721,#8184,#8782,.T.);
#8782 = SURFACE_CURVE('',#8783,(#8787,#8794),.PCURVE_S1.);
#8783 = LINE('',#8784,#8785);
#8784 = CARTESIAN_POINT('',(-51.,156.28760998807,11.644102890019));
#8785 = VECTOR('',#8786,1.);
#8786 = DIRECTION('',(0.,0.469471334321,-0.882947714336));
#8787 = PCURVE('',#6757,#8788);
#8788 = DEFINITIONAL_REPRESENTATION('',(#8789),#8793);
#8789 = LINE('',#8790,#8791);
#8790 = CARTESIAN_POINT('',(2.,1.432187701766E-14));
#8791 = VECTOR('',#8792,1.);
#8792 = DIRECTION('',(0.,-1.));
#8793 = ( GEOMETRIC_REPRESENTATION_CONTEXT(2)
PARAMETRIC_REPRESENTATION_CONTEXT() REPRESENTATION_CONTEXT('2D SPACE',''
  ) );
#8794 = PCURVE('',#6846,#8795);
#8795 = DEFINITIONAL_REPRESENTATION('',(#8796),#8800);
#8796 = LINE('',#8797,#8798);
#8797 = CARTESIAN_POINT('',(1.570796326795,0.));
#8798 = VECTOR('',#8799,1.);
#8799 = DIRECTION('',(0.,1.));
#8800 = ( GEOMETRIC_REPRESENTATION_CONTEXT(2)
PARAMETRIC_REPRESENTATION_CONTEXT() REPRESENTATION_CONTEXT('2D SPACE',''
  ) );
#8801 = ORIENTED_EDGE('',*,*,#8207,.T.);
#8802 = ORIENTED_EDGE('',*,*,#7926,.F.);
#8803 = ADVANCED_FACE('',(#8804),#6791,.F.);
#8804 = FACE_BOUND('',#8805,.F.);
#8805 = EDGE_LOOP('',(#8806,#8807,#8808,#8809));
#8806 = ORIENTED_EDGE('',*,*,#6775,.F.);
#8807 = ORIENTED_EDGE('',*,*,#7951,.T.);
#8808 = ORIENTED_EDGE('',*,*,#8603,.T.);
#8809 = ORIENTED_EDGE('',*,*,#8810,.F.);
#8810 = EDGE_CURVE('',#6776,#8604,#8811,.T.);
#8811 = SURFACE_CURVE('',#8812,(#8816,#8823),.PCURVE_S1.);
#8812 = LINE('',#8813,#8814);
#8813 = CARTESIAN_POINT('',(51.,156.28760998807,11.644102890019));
#8814 = VECTOR('',#8815,1.);
#8815 = DIRECTION('',(0.,0.469471334321,-0.882947714336));
#8816 = PCURVE('',#6791,#8817);
#8817 = DEFINITIONAL_REPRESENTATION('',(#8818),#8822);
#8818 = LINE('',#8819,#8820);
#8819 = CARTESIAN_POINT('',(55.380699,1.7763568394E-14));
#8820 = VECTOR('',#8821,1.);
#8821 = DIRECTION('',(0.,-1.));
#8822 = ( GEOMETRIC_REPRESENTATION_CONTEXT(2)
PARAMETRIC_REPRESENTATION_CONTEXT() REPRESENTATION_CONTEXT('2D SPACE',''
  ) );
#8823 = PCURVE('',#6921,#8824);
#8824 = DEFINITIONAL_REPRESENTATION('',(#8825),#8829);
#8825 = LINE('',#8826,#8827);
#8826 = CARTESIAN_POINT('',(0.,0.));
#8827 = VECTOR('',#8828,1.);
#8828 = DIRECTION('',(0.,1.));
#8829 = ( GEOMETRIC_REPRESENTATION_CONTEXT(2)
PARAMETRIC_REPRESENTATION_CONTEXT() REPRESENTATION_CONTEXT('2D SPACE',''
  ) );
#8830 = ADVANCED_FACE('',(#8831),#6846,.T.);
#8831 = FACE_BOUND('',#8832,.T.);
#8832 = EDGE_LOOP('',(#8833,#8834,#8835,#8836));
#8833 = ORIENTED_EDGE('',*,*,#6829,.T.);
#8834 = ORIENTED_EDGE('',*,*,#8781,.T.);
#8835 = ORIENTED_EDGE('',*,*,#8183,.F.);
#8836 = ORIENTED_EDGE('',*,*,#8837,.F.);
#8837 = EDGE_CURVE('',#6830,#8161,#8838,.T.);
#8838 = SURFACE_CURVE('',#8839,(#8843,#8850),.PCURVE_S1.);
#8839 = LINE('',#8840,#8841);
#8840 = CARTESIAN_POINT('',(-49.,154.5217145594,10.705160221377));
#8841 = VECTOR('',#8842,1.);
#8842 = DIRECTION('',(0.,0.469471334321,-0.882947714336));
#8843 = PCURVE('',#6846,#8844);
#8844 = DEFINITIONAL_REPRESENTATION('',(#8845),#8849);
#8845 = LINE('',#8846,#8847);
#8846 = CARTESIAN_POINT('',(0.,0.));
#8847 = VECTOR('',#8848,1.);
#8848 = DIRECTION('',(0.,1.));
#8849 = ( GEOMETRIC_REPRESENTATION_CONTEXT(2)
PARAMETRIC_REPRESENTATION_CONTEXT() REPRESENTATION_CONTEXT('2D SPACE',''
  ) );
#8850 = PCURVE('',#6975,#8851);
#8851 = DEFINITIONAL_REPRESENTATION('',(#8852),#8856);
#8852 = LINE('',#8853,#8854);
#8853 = CARTESIAN_POINT('',(14.,0.));
#8854 = VECTOR('',#8855,1.);
#8855 = DIRECTION('',(-0.,-1.));
#8856 = ( GEOMETRIC_REPRESENTATION_CONTEXT(2)
PARAMETRIC_REPRESENTATION_CONTEXT() REPRESENTATION_CONTEXT('2D SPACE',''
  ) );
#8857 = ADVANCED_FACE('',(#8858),#6921,.T.);
#8858 = FACE_BOUND('',#8859,.T.);
#8859 = EDGE_LOOP('',(#8860,#8861,#8882,#8883));
#8860 = ORIENTED_EDGE('',*,*,#6906,.T.);
#8861 = ORIENTED_EDGE('',*,*,#8862,.T.);
#8862 = EDGE_CURVE('',#6884,#8627,#8863,.T.);
#8863 = SURFACE_CURVE('',#8864,(#8868,#8875),.PCURVE_S1.);
#8864 = LINE('',#8865,#8866);
#8865 = CARTESIAN_POINT('',(49.,154.5217145594,10.705160221377));
#8866 = VECTOR('',#8867,1.);
#8867 = DIRECTION('',(0.,0.469471334321,-0.882947714336));
#8868 = PCURVE('',#6921,#8869);
#8869 = DEFINITIONAL_REPRESENTATION('',(#8870),#8874);
#8870 = LINE('',#8871,#8872);
#8871 = CARTESIAN_POINT('',(1.570796326795,0.));
#8872 = VECTOR('',#8873,1.);
#8873 = DIRECTION('',(0.,1.));
#8874 = ( GEOMETRIC_REPRESENTATION_CONTEXT(2)
PARAMETRIC_REPRESENTATION_CONTEXT() REPRESENTATION_CONTEXT('2D SPACE',''
  ) );
#8875 = PCURVE('',#7009,#8876);
#8876 = DEFINITIONAL_REPRESENTATION('',(#8877),#8881);
#8877 = LINE('',#8878,#8879);
#8878 = CARTESIAN_POINT('',(2.,0.));
#8879 = VECTOR('',#8880,1.);
#8880 = DIRECTION('',(-0.,-1.));
#8881 = ( GEOMETRIC_REPRESENTATION_CONTEXT(2)
PARAMETRIC_REPRESENTATION_CONTEXT() REPRESENTATION_CONTEXT('2D SPACE',''
  ) );
#8882 = ORIENTED_EDGE('',*,*,#8626,.F.);
#8883 = ORIENTED_EDGE('',*,*,#8810,.F.);
#8884 = ADVANCED_FACE('',(#8885),#6975,.F.);
#8885 = FACE_BOUND('',#8886,.F.);
#8886 = EDGE_LOOP('',(#8887,#8888,#8909,#8910));
#8887 = ORIENTED_EDGE('',*,*,#6961,.F.);
#8888 = ORIENTED_EDGE('',*,*,#8889,.T.);
#8889 = EDGE_CURVE('',#6939,#8137,#8890,.T.);
#8890 = SURFACE_CURVE('',#8891,(#8895,#8902),.PCURVE_S1.);
#8891 = LINE('',#8892,#8893);
#8892 = CARTESIAN_POINT('',(-37.,154.5217145594,10.705160221377));
#8893 = VECTOR('',#8894,1.);
#8894 = DIRECTION('',(0.,0.469471334321,-0.882947714336));
#8895 = PCURVE('',#6975,#8896);
#8896 = DEFINITIONAL_REPRESENTATION('',(#8897),#8901);
#8897 = LINE('',#8898,#8899);
#8898 = CARTESIAN_POINT('',(2.,0.));
#8899 = VECTOR('',#8900,1.);
#8900 = DIRECTION('',(-0.,-1.));
#8901 = ( GEOMETRIC_REPRESENTATION_CONTEXT(2)
PARAMETRIC_REPRESENTATION_CONTEXT() REPRESENTATION_CONTEXT('2D SPACE',''
  ) );
#8902 = PCURVE('',#7064,#8903);
#8903 = DEFINITIONAL_REPRESENTATION('',(#8904),#8908);
#8904 = LINE('',#8905,#8906);
#8905 = CARTESIAN_POINT('',(1.570796326795,0.));
#8906 = VECTOR('',#8907,1.);
#8907 = DIRECTION('',(0.,1.));
#8908 = ( GEOMETRIC_REPRESENTATION_CONTEXT(2)
PARAMETRIC_REPRESENTATION_CONTEXT() REPRESENTATION_CONTEXT('2D SPACE',''
  ) );
#8909 = ORIENTED_EDGE('',*,*,#8160,.T.);
#8910 = ORIENTED_EDGE('',*,*,#8837,.F.);
#8911 = ADVANCED_FACE('',(#8912),#7009,.F.);
#8912 = FACE_BOUND('',#8913,.F.);
#8913 = EDGE_LOOP('',(#8914,#8915,#8916,#8917));
#8914 = ORIENTED_EDGE('',*,*,#6993,.F.);
#8915 = ORIENTED_EDGE('',*,*,#8862,.T.);
#8916 = ORIENTED_EDGE('',*,*,#8650,.T.);
#8917 = ORIENTED_EDGE('',*,*,#8918,.F.);
#8918 = EDGE_CURVE('',#6994,#8651,#8919,.T.);
#8919 = SURFACE_CURVE('',#8920,(#8924,#8931),.PCURVE_S1.);
#8920 = LINE('',#8921,#8922);
#8921 = CARTESIAN_POINT('',(37.,154.5217145594,10.705160221377));
#8922 = VECTOR('',#8923,1.);
#8923 = DIRECTION('',(0.,0.469471334321,-0.882947714336));
#8924 = PCURVE('',#7009,#8925);
#8925 = DEFINITIONAL_REPRESENTATION('',(#8926),#8930);
#8926 = LINE('',#8927,#8928);
#8927 = CARTESIAN_POINT('',(14.,0.));
#8928 = VECTOR('',#8929,1.);
#8929 = DIRECTION('',(-0.,-1.));
#8930 = ( GEOMETRIC_REPRESENTATION_CONTEXT(2)
PARAMETRIC_REPRESENTATION_CONTEXT() REPRESENTATION_CONTEXT('2D SPACE',''
  ) );
#8931 = PCURVE('',#7139,#8932);
#8932 = DEFINITIONAL_REPRESENTATION('',(#8933),#8937);
#8933 = LINE('',#8934,#8935);
#8934 = CARTESIAN_POINT('',(0.,0.));
#8935 = VECTOR('',#8936,1.);
#8936 = DIRECTION('',(0.,1.));
#8937 = ( GEOMETRIC_REPRESENTATION_CONTEXT(2)
PARAMETRIC_REPRESENTATION_CONTEXT() REPRESENTATION_CONTEXT('2D SPACE',''
  ) );
#8938 = ADVANCED_FACE('',(#8939),#7064,.T.);
#8939 = FACE_BOUND('',#8940,.T.);
#8940 = EDGE_LOOP('',(#8941,#8942,#8943,#8944));
#8941 = ORIENTED_EDGE('',*,*,#7047,.T.);
#8942 = ORIENTED_EDGE('',*,*,#8889,.T.);
#8943 = ORIENTED_EDGE('',*,*,#8136,.F.);
#8944 = ORIENTED_EDGE('',*,*,#8945,.F.);
#8945 = EDGE_CURVE('',#7048,#8114,#8946,.T.);
#8946 = SURFACE_CURVE('',#8947,(#8951,#8958),.PCURVE_S1.);
#8947 = LINE('',#8948,#8949);
#8948 = CARTESIAN_POINT('',(-35.,156.28760998807,11.644102890019));
#8949 = VECTOR('',#8950,1.);
#8950 = DIRECTION('',(0.,0.469471334321,-0.882947714336));
#8951 = PCURVE('',#7064,#8952);
#8952 = DEFINITIONAL_REPRESENTATION('',(#8953),#8957);
#8953 = LINE('',#8954,#8955);
#8954 = CARTESIAN_POINT('',(0.,0.));
#8955 = VECTOR('',#8956,1.);
#8956 = DIRECTION('',(0.,1.));
#8957 = ( GEOMETRIC_REPRESENTATION_CONTEXT(2)
PARAMETRIC_REPRESENTATION_CONTEXT() REPRESENTATION_CONTEXT('2D SPACE',''
  ) );
#8958 = PCURVE('',#7221,#8959);
#8959 = DEFINITIONAL_REPRESENTATION('',(#8960),#8964);
#8960 = LINE('',#8961,#8962);
#8961 = CARTESIAN_POINT('',(42.380699,0.));
#8962 = VECTOR('',#8963,1.);
#8963 = DIRECTION('',(0.,-1.));
#8964 = ( GEOMETRIC_REPRESENTATION_CONTEXT(2)
PARAMETRIC_REPRESENTATION_CONTEXT() REPRESENTATION_CONTEXT('2D SPACE',''
  ) );
#8965 = ADVANCED_FACE('',(#8966),#7139,.T.);
#8966 = FACE_BOUND('',#8967,.T.);
#8967 = EDGE_LOOP('',(#8968,#8969,#8990,#8991));
#8968 = ORIENTED_EDGE('',*,*,#7124,.T.);
#8969 = ORIENTED_EDGE('',*,*,#8970,.T.);
#8970 = EDGE_CURVE('',#7102,#8674,#8971,.T.);
#8971 = SURFACE_CURVE('',#8972,(#8976,#8983),.PCURVE_S1.);
#8972 = LINE('',#8973,#8974);
#8973 = CARTESIAN_POINT('',(35.,156.28760998807,11.644102890019));
#8974 = VECTOR('',#8975,1.);
#8975 = DIRECTION('',(0.,0.469471334321,-0.882947714336));
#8976 = PCURVE('',#7139,#8977);
#8977 = DEFINITIONAL_REPRESENTATION('',(#8978),#8982);
#8978 = LINE('',#8979,#8980);
#8979 = CARTESIAN_POINT('',(1.570796326795,0.));
#8980 = VECTOR('',#8981,1.);
#8981 = DIRECTION('',(0.,1.));
#8982 = ( GEOMETRIC_REPRESENTATION_CONTEXT(2)
PARAMETRIC_REPRESENTATION_CONTEXT() REPRESENTATION_CONTEXT('2D SPACE',''
  ) );
#8983 = PCURVE('',#7255,#8984);
#8984 = DEFINITIONAL_REPRESENTATION('',(#8985),#8989);
#8985 = LINE('',#8986,#8987);
#8986 = CARTESIAN_POINT('',(2.,1.432187701766E-14));
#8987 = VECTOR('',#8988,1.);
#8988 = DIRECTION('',(0.,-1.));
#8989 = ( GEOMETRIC_REPRESENTATION_CONTEXT(2)
PARAMETRIC_REPRESENTATION_CONTEXT() REPRESENTATION_CONTEXT('2D SPACE',''
  ) );
#8990 = ORIENTED_EDGE('',*,*,#8673,.F.);
#8991 = ORIENTED_EDGE('',*,*,#8918,.F.);
#8992 = ADVANCED_FACE('',(#8993),#7195,.F.);
#8993 = FACE_BOUND('',#8994,.F.);
#8994 = EDGE_LOOP('',(#8995,#8996,#9019,#9045,#9046,#9047));
#8995 = ORIENTED_EDGE('',*,*,#8310,.F.);
#8996 = ORIENTED_EDGE('',*,*,#8997,.T.);
#8997 = EDGE_CURVE('',#8311,#8998,#9000,.T.);
#8998 = VERTEX_POINT('',#8999);
#8999 = CARTESIAN_POINT('',(-34.41421356237,194.22477009827,
    31.815636139495));
#9000 = SURFACE_CURVE('',#9001,(#9005,#9012),.PCURVE_S1.);
#9001 = LINE('',#9002,#9003);
#9002 = CARTESIAN_POINT('',(-32.,196.35639444509,32.949040201958));
#9003 = VECTOR('',#9004,1.);
#9004 = DIRECTION('',(-0.707106781187,-0.62433831624,-0.331966364071));
#9005 = PCURVE('',#7195,#9006);
#9006 = DEFINITIONAL_REPRESENTATION('',(#9007),#9011);
#9007 = LINE('',#9008,#9009);
#9008 = CARTESIAN_POINT('',(17.978895176337,10.504615325669));
#9009 = VECTOR('',#9010,1.);
#9010 = DIRECTION('',(-0.707106781187,-0.707106781187));
#9011 = ( GEOMETRIC_REPRESENTATION_CONTEXT(2)
PARAMETRIC_REPRESENTATION_CONTEXT() REPRESENTATION_CONTEXT('2D SPACE',''
  ) );
#9012 = PCURVE('',#8068,#9013);
#9013 = DEFINITIONAL_REPRESENTATION('',(#9014),#9018);
#9014 = LINE('',#9015,#9016);
#9015 = CARTESIAN_POINT('',(-0.,0.));
#9016 = VECTOR('',#9017,1.);
#9017 = DIRECTION('',(1.,0.));
#9018 = ( GEOMETRIC_REPRESENTATION_CONTEXT(2)
PARAMETRIC_REPRESENTATION_CONTEXT() REPRESENTATION_CONTEXT('2D SPACE',''
  ) );
#9019 = ORIENTED_EDGE('',*,*,#9020,.T.);
#9020 = EDGE_CURVE('',#8998,#7180,#9021,.T.);
#9021 = SURFACE_CURVE('',#9022,(#9027,#9038),.PCURVE_S1.);
#9022 = CIRCLE('',#9023,2.);
#9023 = AXIS2_PLACEMENT_3D('',#9024,#9025,#9026);
#9024 = CARTESIAN_POINT('',(-33.,192.97609346579,31.151703411354));
#9025 = DIRECTION('',(0.,-0.469471334321,0.882947714336));
#9026 = DIRECTION('',(0.,0.882947714336,0.469471334321));
#9027 = PCURVE('',#7195,#9028);
#9028 = DEFINITIONAL_REPRESENTATION('',(#9029),#9037);
#9029 = ( BOUNDED_CURVE() B_SPLINE_CURVE(2,(#9030,#9031,#9032,#9033,
#9034,#9035,#9036),.UNSPECIFIED.,.T.,.F.) B_SPLINE_CURVE_WITH_KNOTS((1,2
    ,2,2,2,1),(-2.094395102393,0.,2.094395102393,4.188790204786,
6.28318530718,8.377580409573),.UNSPECIFIED.) CURVE()
GEOMETRIC_REPRESENTATION_ITEM() RATIONAL_B_SPLINE_CURVE((1.,0.5,1.,0.5,
1.,0.5,1.)) REPRESENTATION_ITEM('') );
#9030 = CARTESIAN_POINT('',(16.150468051591,9.504615325669));
#9031 = CARTESIAN_POINT('',(16.150468051591,6.040513710532));
#9032 = CARTESIAN_POINT('',(13.150468051591,7.7725645181));
#9033 = CARTESIAN_POINT('',(10.150468051591,9.504615325669));
#9034 = CARTESIAN_POINT('',(13.150468051591,11.236666133238));
#9035 = CARTESIAN_POINT('',(16.150468051591,12.968716940807));
#9036 = CARTESIAN_POINT('',(16.150468051591,9.504615325669));
#9037 = ( GEOMETRIC_REPRESENTATION_CONTEXT(2)
PARAMETRIC_REPRESENTATION_CONTEXT() REPRESENTATION_CONTEXT('2D SPACE',''
  ) );
#9038 = PCURVE('',#8101,#9039);
#9039 = DEFINITIONAL_REPRESENTATION('',(#9040),#9044);
#9040 = LINE('',#9041,#9042);
#9041 = CARTESIAN_POINT('',(0.785398163397,-0.));
#9042 = VECTOR('',#9043,1.);
#9043 = DIRECTION('',(-1.,0.));
#9044 = ( GEOMETRIC_REPRESENTATION_CONTEXT(2)
PARAMETRIC_REPRESENTATION_CONTEXT() REPRESENTATION_CONTEXT('2D SPACE',''
  ) );
#9045 = ORIENTED_EDGE('',*,*,#7179,.F.);
#9046 = ORIENTED_EDGE('',*,*,#7321,.F.);
#9047 = ORIENTED_EDGE('',*,*,#7450,.F.);
#9048 = ADVANCED_FACE('',(#9049),#7221,.F.);
#9049 = FACE_BOUND('',#9050,.F.);
#9050 = EDGE_LOOP('',(#9051,#9052,#9073,#9074));
#9051 = ORIENTED_EDGE('',*,*,#7207,.F.);
#9052 = ORIENTED_EDGE('',*,*,#9053,.T.);
#9053 = EDGE_CURVE('',#7180,#8081,#9054,.T.);
#9054 = SURFACE_CURVE('',#9055,(#9059,#9066),.PCURVE_S1.);
#9055 = LINE('',#9056,#9057);
#9056 = CARTESIAN_POINT('',(-35.,192.97609346579,31.151703411354));
#9057 = VECTOR('',#9058,1.);
#9058 = DIRECTION('',(0.,0.469471334321,-0.882947714336));
#9059 = PCURVE('',#7221,#9060);
#9060 = DEFINITIONAL_REPRESENTATION('',(#9061),#9065);
#9061 = LINE('',#9062,#9063);
#9062 = CARTESIAN_POINT('',(0.828427124746,-8.271161533457E-15));
#9063 = VECTOR('',#9064,1.);
#9064 = DIRECTION('',(0.,-1.));
#9065 = ( GEOMETRIC_REPRESENTATION_CONTEXT(2)
PARAMETRIC_REPRESENTATION_CONTEXT() REPRESENTATION_CONTEXT('2D SPACE',''
  ) );
#9066 = PCURVE('',#8101,#9067);
#9067 = DEFINITIONAL_REPRESENTATION('',(#9068),#9072);
#9068 = LINE('',#9069,#9070);
#9069 = CARTESIAN_POINT('',(-0.785398163397,0.));
#9070 = VECTOR('',#9071,1.);
#9071 = DIRECTION('',(-0.,1.));
#9072 = ( GEOMETRIC_REPRESENTATION_CONTEXT(2)
PARAMETRIC_REPRESENTATION_CONTEXT() REPRESENTATION_CONTEXT('2D SPACE',''
  ) );
#9073 = ORIENTED_EDGE('',*,*,#8113,.T.);
#9074 = ORIENTED_EDGE('',*,*,#8945,.F.);
#9075 = ADVANCED_FACE('',(#9076),#7255,.F.);
#9076 = FACE_BOUND('',#9077,.F.);
#9077 = EDGE_LOOP('',(#9078,#9079,#9080,#9081));
#9078 = ORIENTED_EDGE('',*,*,#7239,.F.);
#9079 = ORIENTED_EDGE('',*,*,#8970,.T.);
#9080 = ORIENTED_EDGE('',*,*,#8697,.T.);
#9081 = ORIENTED_EDGE('',*,*,#9082,.F.);
#9082 = EDGE_CURVE('',#7240,#8698,#9083,.T.);
#9083 = SURFACE_CURVE('',#9084,(#9088,#9095),.PCURVE_S1.);
#9084 = LINE('',#9085,#9086);
#9085 = CARTESIAN_POINT('',(35.,192.97609346579,31.151703411354));
#9086 = VECTOR('',#9087,1.);
#9087 = DIRECTION('',(0.,0.469471334321,-0.882947714336));
#9088 = PCURVE('',#7255,#9089);
#9089 = DEFINITIONAL_REPRESENTATION('',(#9090),#9094);
#9090 = LINE('',#9091,#9092);
#9091 = CARTESIAN_POINT('',(43.552271875254,7.105427357601E-15));
#9092 = VECTOR('',#9093,1.);
#9093 = DIRECTION('',(0.,-1.));
#9094 = ( GEOMETRIC_REPRESENTATION_CONTEXT(2)
PARAMETRIC_REPRESENTATION_CONTEXT() REPRESENTATION_CONTEXT('2D SPACE',''
  ) );
#9095 = PCURVE('',#8741,#9096);
#9096 = DEFINITIONAL_REPRESENTATION('',(#9097),#9101);
#9097 = LINE('',#9098,#9099);
#9098 = CARTESIAN_POINT('',(-0.,0.));
#9099 = VECTOR('',#9100,1.);
#9100 = DIRECTION('',(-0.,1.));
#9101 = ( GEOMETRIC_REPRESENTATION_CONTEXT(2)
PARAMETRIC_REPRESENTATION_CONTEXT() REPRESENTATION_CONTEXT('2D SPACE',''
  ) );
#9102 = ADVANCED_FACE('',(#9103),#7283,.F.);
#9103 = FACE_BOUND('',#9104,.F.);
#9104 = EDGE_LOOP('',(#9105,#9106,#9107,#9108,#9109,#9137));
#9105 = ORIENTED_EDGE('',*,*,#8365,.T.);
#9106 = ORIENTED_EDGE('',*,*,#7477,.F.);
#9107 = ORIENTED_EDGE('',*,*,#7397,.F.);
#9108 = ORIENTED_EDGE('',*,*,#7267,.F.);
#9109 = ORIENTED_EDGE('',*,*,#9110,.T.);
#9110 = EDGE_CURVE('',#7240,#9111,#9113,.T.);
#9111 = VERTEX_POINT('',#9112);
#9112 = CARTESIAN_POINT('',(34.414213562373,194.22477009827,
    31.815636139495));
#9113 = SURFACE_CURVE('',#9114,(#9119,#9130),.PCURVE_S1.);
#9114 = CIRCLE('',#9115,2.);
#9115 = AXIS2_PLACEMENT_3D('',#9116,#9117,#9118);
#9116 = CARTESIAN_POINT('',(33.,192.97609346579,31.151703411354));
#9117 = DIRECTION('',(0.,-0.469471334321,0.882947714336));
#9118 = DIRECTION('',(0.,0.882947714336,0.469471334321));
#9119 = PCURVE('',#7283,#9120);
#9120 = DEFINITIONAL_REPRESENTATION('',(#9121),#9129);
#9121 = ( BOUNDED_CURVE() B_SPLINE_CURVE(2,(#9122,#9123,#9124,#9125,
#9126,#9127,#9128),.UNSPECIFIED.,.T.,.F.) B_SPLINE_CURVE_WITH_KNOTS((1,2
    ,2,2,2,1),(-2.094395102393,0.,2.094395102393,4.188790204786,
6.28318530718,8.377580409573),.UNSPECIFIED.) CURVE()
GEOMETRIC_REPRESENTATION_ITEM() RATIONAL_B_SPLINE_CURVE((1.,0.5,1.,0.5,
1.,0.5,1.)) REPRESENTATION_ITEM('') );
#9122 = CARTESIAN_POINT('',(16.150468051591,-9.504615325669));
#9123 = CARTESIAN_POINT('',(16.150468051591,-12.9687169408));
#9124 = CARTESIAN_POINT('',(13.150468051591,-11.23666613323));
#9125 = CARTESIAN_POINT('',(10.150468051591,-9.504615325669));
#9126 = CARTESIAN_POINT('',(13.150468051591,-7.7725645181));
#9127 = CARTESIAN_POINT('',(16.150468051591,-6.040513710532));
#9128 = CARTESIAN_POINT('',(16.150468051591,-9.504615325669));
#9129 = ( GEOMETRIC_REPRESENTATION_CONTEXT(2)
PARAMETRIC_REPRESENTATION_CONTEXT() REPRESENTATION_CONTEXT('2D SPACE',''
  ) );
#9130 = PCURVE('',#8741,#9131);
#9131 = DEFINITIONAL_REPRESENTATION('',(#9132),#9136);
#9132 = LINE('',#9133,#9134);
#9133 = CARTESIAN_POINT('',(4.712388980385,-0.));
#9134 = VECTOR('',#9135,1.);
#9135 = DIRECTION('',(-1.,0.));
#9136 = ( GEOMETRIC_REPRESENTATION_CONTEXT(2)
PARAMETRIC_REPRESENTATION_CONTEXT() REPRESENTATION_CONTEXT('2D SPACE',''
  ) );
#9137 = ORIENTED_EDGE('',*,*,#9138,.T.);
#9138 = EDGE_CURVE('',#9111,#8366,#9139,.T.);
#9139 = SURFACE_CURVE('',#9140,(#9144,#9151),.PCURVE_S1.);
#9140 = LINE('',#9141,#9142);
#9141 = CARTESIAN_POINT('',(35.,193.70755130208,31.540626198996));
#9142 = VECTOR('',#9143,1.);
#9143 = DIRECTION('',(-0.707106781187,0.62433831624,0.331966364071));
#9144 = PCURVE('',#7283,#9145);
#9145 = DEFINITIONAL_REPRESENTATION('',(#9146),#9150);
#9146 = LINE('',#9147,#9148);
#9147 = CARTESIAN_POINT('',(14.978895176337,-7.504615325669));
#9148 = VECTOR('',#9149,1.);
#9149 = DIRECTION('',(0.707106781187,-0.707106781187));
#9150 = ( GEOMETRIC_REPRESENTATION_CONTEXT(2)
PARAMETRIC_REPRESENTATION_CONTEXT() REPRESENTATION_CONTEXT('2D SPACE',''
  ) );
#9151 = PCURVE('',#8451,#9152);
#9152 = DEFINITIONAL_REPRESENTATION('',(#9153),#9157);
#9153 = LINE('',#9154,#9155);
#9154 = CARTESIAN_POINT('',(0.,0.));
#9155 = VECTOR('',#9156,1.);
#9156 = DIRECTION('',(1.,0.));
#9157 = ( GEOMETRIC_REPRESENTATION_CONTEXT(2)
PARAMETRIC_REPRESENTATION_CONTEXT() REPRESENTATION_CONTEXT('2D SPACE',''
  ) );
#9158 = ADVANCED_FACE('',(#9159),#8068,.F.);
#9159 = FACE_BOUND('',#9160,.F.);
#9160 = EDGE_LOOP('',(#9161,#9162,#9163,#9164));
#9161 = ORIENTED_EDGE('',*,*,#8997,.F.);
#9162 = ORIENTED_EDGE('',*,*,#8341,.T.);
#9163 = ORIENTED_EDGE('',*,*,#8050,.T.);
#9164 = ORIENTED_EDGE('',*,*,#9165,.F.);
#9165 = EDGE_CURVE('',#8998,#8053,#9166,.T.);
#9166 = SURFACE_CURVE('',#9167,(#9171,#9178),.PCURVE_S1.);
#9167 = LINE('',#9168,#9169);
#9168 = CARTESIAN_POINT('',(-34.41421356237,194.22477009827,
    31.815636139495));
#9169 = VECTOR('',#9170,1.);
#9170 = DIRECTION('',(0.,0.469471334321,-0.882947714336));
#9171 = PCURVE('',#8068,#9172);
#9172 = DEFINITIONAL_REPRESENTATION('',(#9173),#9177);
#9173 = LINE('',#9174,#9175);
#9174 = CARTESIAN_POINT('',(3.414213562373,-1.998401444325E-15));
#9175 = VECTOR('',#9176,1.);
#9176 = DIRECTION('',(0.,-1.));
#9177 = ( GEOMETRIC_REPRESENTATION_CONTEXT(2)
PARAMETRIC_REPRESENTATION_CONTEXT() REPRESENTATION_CONTEXT('2D SPACE',''
  ) );
#9178 = PCURVE('',#8101,#9179);
#9179 = DEFINITIONAL_REPRESENTATION('',(#9180),#9184);
#9180 = LINE('',#9181,#9182);
#9181 = CARTESIAN_POINT('',(-0.,0.));
#9182 = VECTOR('',#9183,1.);
#9183 = DIRECTION('',(-0.,1.));
#9184 = ( GEOMETRIC_REPRESENTATION_CONTEXT(2)
PARAMETRIC_REPRESENTATION_CONTEXT() REPRESENTATION_CONTEXT('2D SPACE',''
  ) );
#9185 = ADVANCED_FACE('',(#9186),#8101,.F.);
#9186 = FACE_BOUND('',#9187,.T.);
#9187 = EDGE_LOOP('',(#9188,#9189,#9190,#9191));
#9188 = ORIENTED_EDGE('',*,*,#9020,.T.);
#9189 = ORIENTED_EDGE('',*,*,#9053,.T.);
#9190 = ORIENTED_EDGE('',*,*,#8080,.F.);
#9191 = ORIENTED_EDGE('',*,*,#9165,.F.);
#9192 = ADVANCED_FACE('',(#9193),#8451,.F.);
#9193 = FACE_BOUND('',#9194,.F.);
#9194 = EDGE_LOOP('',(#9195,#9196,#9217,#9218));
#9195 = ORIENTED_EDGE('',*,*,#9138,.F.);
#9196 = ORIENTED_EDGE('',*,*,#9197,.T.);
#9197 = EDGE_CURVE('',#9111,#8721,#9198,.T.);
#9198 = SURFACE_CURVE('',#9199,(#9203,#9210),.PCURVE_S1.);
#9199 = LINE('',#9200,#9201);
#9200 = CARTESIAN_POINT('',(34.414213562373,194.22477009827,
    31.815636139495));
#9201 = VECTOR('',#9202,1.);
#9202 = DIRECTION('',(0.,0.469471334321,-0.882947714336));
#9203 = PCURVE('',#8451,#9204);
#9204 = DEFINITIONAL_REPRESENTATION('',(#9205),#9209);
#9205 = LINE('',#9206,#9207);
#9206 = CARTESIAN_POINT('',(0.828427124746,-1.620925615953E-14));
#9207 = VECTOR('',#9208,1.);
#9208 = DIRECTION('',(0.,-1.));
#9209 = ( GEOMETRIC_REPRESENTATION_CONTEXT(2)
PARAMETRIC_REPRESENTATION_CONTEXT() REPRESENTATION_CONTEXT('2D SPACE',''
  ) );
#9210 = PCURVE('',#8741,#9211);
#9211 = DEFINITIONAL_REPRESENTATION('',(#9212),#9216);
#9212 = LINE('',#9213,#9214);
#9213 = CARTESIAN_POINT('',(-0.785398163397,0.));
#9214 = VECTOR('',#9215,1.);
#9215 = DIRECTION('',(-0.,1.));
#9216 = ( GEOMETRIC_REPRESENTATION_CONTEXT(2)
PARAMETRIC_REPRESENTATION_CONTEXT() REPRESENTATION_CONTEXT('2D SPACE',''
  ) );
#9217 = ORIENTED_EDGE('',*,*,#8753,.T.);
#9218 = ORIENTED_EDGE('',*,*,#8437,.F.);
#9219 = ADVANCED_FACE('',(#9220),#8741,.F.);
#9220 = FACE_BOUND('',#9221,.T.);
#9221 = EDGE_LOOP('',(#9222,#9223,#9224,#9225));
#9222 = ORIENTED_EDGE('',*,*,#9110,.T.);
#9223 = ORIENTED_EDGE('',*,*,#9197,.T.);
#9224 = ORIENTED_EDGE('',*,*,#8720,.F.);
#9225 = ORIENTED_EDGE('',*,*,#9082,.F.);
#9226 = ( GEOMETRIC_REPRESENTATION_CONTEXT(3)
GLOBAL_UNCERTAINTY_ASSIGNED_CONTEXT((#9230))
GLOBAL_UNIT_ASSIGNED_CONTEXT((#9227,#9228,#9229)) REPRESENTATION_CONTEXT
('Context #1','3D Context with UNIT and UNCERTAINTY') );
#9227 = ( LENGTH_UNIT() NAMED_UNIT(*) SI_UNIT(.MILLI.,.METRE.) );
#9228 = ( NAMED_UNIT(*) PLANE_ANGLE_UNIT() SI_UNIT($,.RADIAN.) );
#9229 = ( NAMED_UNIT(*) SI_UNIT($,.STERADIAN.) SOLID_ANGLE_UNIT() );
#9230 = UNCERTAINTY_MEASURE_WITH_UNIT(LENGTH_MEASURE(1.E-07),#9227,
  'distance_accuracy_value','confusion accuracy');
#9231 = CONTEXT_DEPENDENT_SHAPE_REPRESENTATION(#9232,#9234);
#9232 = ( REPRESENTATION_RELATIONSHIP('','',#4805,#10)
REPRESENTATION_RELATIONSHIP_WITH_TRANSFORMATION(#9233)
SHAPE_REPRESENTATION_RELATIONSHIP() );
#9233 = ITEM_DEFINED_TRANSFORMATION('','',#11,#19);
#9234 = PRODUCT_DEFINITION_SHAPE('Placement','Placement of an item',
  #9235);
#9235 = NEXT_ASSEMBLY_USAGE_OCCURRENCE('89','','',#5,#4800,$);
#9236 = PRODUCT_RELATED_PRODUCT_CATEGORY('part',$,(#4802));
ENDSEC;
END-ISO-10303-21;
