item_id,category,source_component,dynamic_link,candidate_material_or_model,density_screen_kg_m3,cad_volume_mm3,minimum_candidate_mass_kg,planning_candidate_mass_kg,maximum_candidate_mass_kg,placement_x_m,placement_y_m,placement_z_m,basis_and_limit,selection_state,warning
FAB-T01_TORSO_RAIL_R,FABRICATION CAD DENSITY SCREEN,T01_TORSO_RAIL_R,torso,6061-T6/T651 HOLLOW EXTRUSION CANDIDATE,2700.0,18199.120799,0.049137626,0.049137626,0.049137626,-0.066000000,0.006000000,0.507000000,"candidate CAD volume times stated density; material, manufacturing and received mass unverified",GEOMETRIC MATERIAL SCREEN ONLY,"PRELIMINARY - CONFIGURATION AND PACKAGING CAD ONLY - NOT APPROVED FOR PROCUREMENT, FABRICATION, ASSEMBLY, POWERED TESTING, MOTION, OR ENERGIZATION"
FAB-T01_TORSO_RAIL_L,FABRICATION CAD DENSITY SCREEN,T01_TORSO_RAIL_L,torso,6061-T6/T651 HOLLOW EXTRUSION CANDIDATE,2700.0,18199.120799,0.049137626,0.049137626,0.049137626,0.066000000,0.006000000,0.507000000,"candidate CAD volume times stated density; material, manufacturing and received mass unverified",GEOMETRIC MATERIAL SCREEN ONLY,"PRELIMINARY - CONFIGURATION AND PACKAGING CAD ONLY - NOT APPROVED FOR PROCUREMENT, FABRICATION, ASSEMBLY, POWERED TESTING, MOTION, OR ENERGIZATION"
FAB-T01_SHOULDER_CROSS_TUBE,FABRICATION CAD DENSITY SCREEN,T01_SHOULDER_CROSS_TUBE,torso,6061-T6/T651 MACHINED OR EXTRUDED CANDIDATE,2700.0,63414.170786,0.171218261,0.171218261,0.171218261,-0.000000000,-0.000000000,0.578000000,"candidate CAD volume times stated density; material, manufacturing and received mass unverified",GEOMETRIC MATERIAL SCREEN ONLY,"PRELIMINARY - CONFIGURATION AND PACKAGING CAD ONLY - NOT APPROVED FOR PROCUREMENT, FABRICATION, ASSEMBLY, POWERED TESTING, MOTION, OR ENERGIZATION"
FAB-P01_PELVIS_PLATE_FRONT,FABRICATION CAD DENSITY SCREEN,P01_PELVIS_PLATE_FRONT,base_link,6061-T651 WINDOWED PLATE CANDIDATE,2700.0,23179.462147,0.062584548,0.062584548,0.062584548,0.000000000,-0.031000000,0.386000000,"candidate CAD volume times stated density; material, manufacturing and received mass unverified",GEOMETRIC MATERIAL SCREEN ONLY,"PRELIMINARY - CONFIGURATION AND PACKAGING CAD ONLY - NOT APPROVED FOR PROCUREMENT, FABRICATION, ASSEMBLY, POWERED TESTING, MOTION, OR ENERGIZATION"
FAB-P01_PELVIS_PLATE_REAR,FABRICATION CAD DENSITY SCREEN,P01_PELVIS_PLATE_REAR,base_link,6061-T651 WINDOWED PLATE CANDIDATE,2700.0,23179.462147,0.062584548,0.062584548,0.062584548,0.000000000,0.031000000,0.386000000,"candidate CAD volume times stated density; material, manufacturing and received mass unverified",GEOMETRIC MATERIAL SCREEN ONLY,"PRELIMINARY - CONFIGURATION AND PACKAGING CAD ONLY - NOT APPROVED FOR PROCUREMENT, FABRICATION, ASSEMBLY, POWERED TESTING, MOTION, OR ENERGIZATION"
FAB-P01_WAIST_BRIDGE,FABRICATION CAD DENSITY SCREEN,P01_WAIST_BRIDGE,base_link,6061-T651 WINDOWED PLATE CANDIDATE,2700.0,35248.870349,0.095171950,0.095171950,0.095171950,-0.000000000,-0.000000000,0.414000000,"candidate CAD volume times stated density; material, manufacturing and received mass unverified",GEOMETRIC MATERIAL SCREEN ONLY,"PRELIMINARY - CONFIGURATION AND PACKAGING CAD ONLY - NOT APPROVED FOR PROCUREMENT, FABRICATION, ASSEMBLY, POWERED TESTING, MOTION, OR ENERGIZATION"
FAB-N01_NECK_TUBE,FABRICATION CAD DENSITY SCREEN,N01_NECK_TUBE,neck_pan_link,6061-T6/T651 TUBE OR MACHINED CANDIDATE,2700.0,26820.160952,0.072414435,0.072414435,0.072414435,-0.000000000,-0.000000000,0.625000000,"candidate CAD volume times stated density; material, manufacturing and received mass unverified",GEOMETRIC MATERIAL SCREEN ONLY,"PRELIMINARY - CONFIGURATION AND PACKAGING CAD ONLY - NOT APPROVED FOR PROCUREMENT, FABRICATION, ASSEMBLY, POWERED TESTING, MOTION, OR ENERGIZATION"
FAB-P01_RESTRAINT_BRIDGE,FABRICATION CAD DENSITY SCREEN,P01_RESTRAINT_BRIDGE,base_link,6061-T651 PLATE CANDIDATE,2700.0,13745.014642,0.037111540,0.037111540,0.037111540,-0.000000000,0.031000000,0.410000000,"candidate CAD volume times stated density; material, manufacturing and received mass unverified",GEOMETRIC MATERIAL SCREEN ONLY,"PRELIMINARY - CONFIGURATION AND PACKAGING CAD ONLY - NOT APPROVED FOR PROCUREMENT, FABRICATION, ASSEMBLY, POWERED TESTING, MOTION, OR ENERGIZATION"
FAB-L01_SHIN_SIDE_FRONT,FABRICATION CAD DENSITY SCREEN,L01_SHIN_SIDE_FRONT,L_shin,6061-T651 4 MM WINDOWED PLATE CANDIDATE,2700.0,15652.433722,0.042261571,0.042261571,0.042261571,0.062500000,-0.020000000,0.127500000,"candidate CAD volume times stated density; material, manufacturing and received mass unverified",GEOMETRIC MATERIAL SCREEN ONLY,"PRELIMINARY - CONFIGURATION AND PACKAGING CAD ONLY - NOT APPROVED FOR PROCUREMENT, FABRICATION, ASSEMBLY, POWERED TESTING, MOTION, OR ENERGIZATION"
FAB-L01_THIGH_SIDE_FRONT,FABRICATION CAD DENSITY SCREEN,L01_THIGH_SIDE_FRONT,L_thigh,6061-T651 4 MM WINDOWED PLATE CANDIDATE,2700.0,17869.821927,0.048248519,0.048248519,0.048248519,0.062500000,-0.020000000,0.295000000,"candidate CAD volume times stated density; material, manufacturing and received mass unverified",GEOMETRIC MATERIAL SCREEN ONLY,"PRELIMINARY - CONFIGURATION AND PACKAGING CAD ONLY - NOT APPROVED FOR PROCUREMENT, FABRICATION, ASSEMBLY, POWERED TESTING, MOTION, OR ENERGIZATION"
FAB-L01_SHIN_SIDE_REAR,FABRICATION CAD DENSITY SCREEN,L01_SHIN_SIDE_REAR,L_shin,6061-T651 4 MM WINDOWED PLATE CANDIDATE,2700.0,15652.433722,0.042261571,0.042261571,0.042261571,0.062500000,0.020000000,0.127500000,"candidate CAD volume times stated density; material, manufacturing and received mass unverified",GEOMETRIC MATERIAL SCREEN ONLY,"PRELIMINARY - CONFIGURATION AND PACKAGING CAD ONLY - NOT APPROVED FOR PROCUREMENT, FABRICATION, ASSEMBLY, POWERED TESTING, MOTION, OR ENERGIZATION"
FAB-L01_THIGH_SIDE_REAR,FABRICATION CAD DENSITY SCREEN,L01_THIGH_SIDE_REAR,L_thigh,6061-T651 4 MM WINDOWED PLATE CANDIDATE,2700.0,17869.821927,0.048248519,0.048248519,0.048248519,0.062500000,0.020000000,0.295000000,"candidate CAD volume times stated density; material, manufacturing and received mass unverified",GEOMETRIC MATERIAL SCREEN ONLY,"PRELIMINARY - CONFIGURATION AND PACKAGING CAD ONLY - NOT APPROVED FOR PROCUREMENT, FABRICATION, ASSEMBLY, POWERED TESTING, MOTION, OR ENERGIZATION"
FAB-L01_SHIN_TIE_Z72,FABRICATION CAD DENSITY SCREEN,L01_SHIN_TIE_Z72,L_shin,6061-T651 WINDOWED PLATE CANDIDATE,2700.0,4013.196512,0.010835631,0.010835631,0.010835631,0.062500000,-0.000000000,0.072000000,"candidate CAD volume times stated density; material, manufacturing and received mass unverified",GEOMETRIC MATERIAL SCREEN ONLY,"PRELIMINARY - CONFIGURATION AND PACKAGING CAD ONLY - NOT APPROVED FOR PROCUREMENT, FABRICATION, ASSEMBLY, POWERED TESTING, MOTION, OR ENERGIZATION"
FAB-L01_SHIN_TIE_Z135,FABRICATION CAD DENSITY SCREEN,L01_SHIN_TIE_Z135,L_shin,6061-T651 WINDOWED PLATE CANDIDATE,2700.0,4013.196512,0.010835631,0.010835631,0.010835631,0.062500000,-0.000000000,0.135000000,"candidate CAD volume times stated density; material, manufacturing and received mass unverified",GEOMETRIC MATERIAL SCREEN ONLY,"PRELIMINARY - CONFIGURATION AND PACKAGING CAD ONLY - NOT APPROVED FOR PROCUREMENT, FABRICATION, ASSEMBLY, POWERED TESTING, MOTION, OR ENERGIZATION"
FAB-L01_SHIN_TIE_Z183,FABRICATION CAD DENSITY SCREEN,L01_SHIN_TIE_Z183,L_shin,6061-T651 WINDOWED PLATE CANDIDATE,2700.0,4013.196512,0.010835631,0.010835631,0.010835631,0.062500000,-0.000000000,0.183000000,"candidate CAD volume times stated density; material, manufacturing and received mass unverified",GEOMETRIC MATERIAL SCREEN ONLY,"PRELIMINARY - CONFIGURATION AND PACKAGING CAD ONLY - NOT APPROVED FOR PROCUREMENT, FABRICATION, ASSEMBLY, POWERED TESTING, MOTION, OR ENERGIZATION"
FAB-L01_THIGH_TIE_Z235,FABRICATION CAD DENSITY SCREEN,L01_THIGH_TIE_Z235,L_thigh,6061-T651 WINDOWED PLATE CANDIDATE,2700.0,4258.854304,0.011498907,0.011498907,0.011498907,0.062500000,-0.000000000,0.235000000,"candidate CAD volume times stated density; material, manufacturing and received mass unverified",GEOMETRIC MATERIAL SCREEN ONLY,"PRELIMINARY - CONFIGURATION AND PACKAGING CAD ONLY - NOT APPROVED FOR PROCUREMENT, FABRICATION, ASSEMBLY, POWERED TESTING, MOTION, OR ENERGIZATION"
FAB-L01_THIGH_TIE_Z300,FABRICATION CAD DENSITY SCREEN,L01_THIGH_TIE_Z300,L_thigh,6061-T651 WINDOWED PLATE CANDIDATE,2700.0,4258.854304,0.011498907,0.011498907,0.011498907,0.062500000,-0.000000000,0.300000000,"candidate CAD volume times stated density; material, manufacturing and received mass unverified",GEOMETRIC MATERIAL SCREEN ONLY,"PRELIMINARY - CONFIGURATION AND PACKAGING CAD ONLY - NOT APPROVED FOR PROCUREMENT, FABRICATION, ASSEMBLY, POWERED TESTING, MOTION, OR ENERGIZATION"
FAB-L01_THIGH_TIE_Z355,FABRICATION CAD DENSITY SCREEN,L01_THIGH_TIE_Z355,L_thigh,6061-T651 WINDOWED PLATE CANDIDATE,2700.0,4258.854304,0.011498907,0.011498907,0.011498907,0.062500000,-0.000000000,0.355000000,"candidate CAD volume times stated density; material, manufacturing and received mass unverified",GEOMETRIC MATERIAL SCREEN ONLY,"PRELIMINARY - CONFIGURATION AND PACKAGING CAD ONLY - NOT APPROVED FOR PROCUREMENT, FABRICATION, ASSEMBLY, POWERED TESTING, MOTION, OR ENERGIZATION"
FAB-F01_SOLE_CARRIER,FABRICATION CAD DENSITY SCREEN,F01_SOLE_CARRIER,L_foot,6061-T651 WINDOWED PLATE CANDIDATE,2700.0,26739.212596,0.072195874,0.072195874,0.072195874,0.062500000,0.025000000,0.004500000,"candidate CAD volume times stated density; material, manufacturing and received mass unverified",GEOMETRIC MATERIAL SCREEN ONLY,"PRELIMINARY - CONFIGURATION AND PACKAGING CAD ONLY - NOT APPROVED FOR PROCUREMENT, FABRICATION, ASSEMBLY, POWERED TESTING, MOTION, OR ENERGIZATION"
FAB-F01_TOP_BRIDGE,FABRICATION CAD DENSITY SCREEN,F01_TOP_BRIDGE,L_foot,6061-T651 WINDOWED PLATE CANDIDATE,2700.0,12079.905755,0.032615746,0.032615746,0.032615746,0.062500000,0.006000000,0.031000000,"candidate CAD volume times stated density; material, manufacturing and received mass unverified",GEOMETRIC MATERIAL SCREEN ONLY,"PRELIMINARY - CONFIGURATION AND PACKAGING CAD ONLY - NOT APPROVED FOR PROCUREMENT, FABRICATION, ASSEMBLY, POWERED TESTING, MOTION, OR ENERGIZATION"
FAB-A01_UPPER_ARM_LINK_FRONT,FABRICATION CAD DENSITY SCREEN,A01_UPPER_ARM_LINK_FRONT,L_upper_arm,6061-T651 4 MM SLOTTED PLATE CANDIDATE,2700.0,10582.352783,0.028572353,0.028572353,0.028572353,0.120000000,-0.014000000,0.515000000,"candidate CAD volume times stated density; material, manufacturing and received mass unverified",GEOMETRIC MATERIAL SCREEN ONLY,"PRELIMINARY - CONFIGURATION AND PACKAGING CAD ONLY - NOT APPROVED FOR PROCUREMENT, FABRICATION, ASSEMBLY, POWERED TESTING, MOTION, OR ENERGIZATION"
FAB-A01_FOREARM_LINK_FRONT,FABRICATION CAD DENSITY SCREEN,A01_FOREARM_LINK_FRONT,L_forearm,6061-T651 4 MM SLOTTED PLATE CANDIDATE,2700.0,9852.826152,0.026602631,0.026602631,0.026602631,0.137500000,-0.014000000,0.367500000,"candidate CAD volume times stated density; material, manufacturing and received mass unverified",GEOMETRIC MATERIAL SCREEN ONLY,"PRELIMINARY - CONFIGURATION AND PACKAGING CAD ONLY - NOT APPROVED FOR PROCUREMENT, FABRICATION, ASSEMBLY, POWERED TESTING, MOTION, OR ENERGIZATION"
FAB-A01_UPPER_ARM_LINK_REAR,FABRICATION CAD DENSITY SCREEN,A01_UPPER_ARM_LINK_REAR,L_upper_arm,6061-T651 4 MM SLOTTED PLATE CANDIDATE,2700.0,10582.352783,0.028572353,0.028572353,0.028572353,0.120000000,0.014000000,0.515000000,"candidate CAD volume times stated density; material, manufacturing and received mass unverified",GEOMETRIC MATERIAL SCREEN ONLY,"PRELIMINARY - CONFIGURATION AND PACKAGING CAD ONLY - NOT APPROVED FOR PROCUREMENT, FABRICATION, ASSEMBLY, POWERED TESTING, MOTION, OR ENERGIZATION"
FAB-A01_FOREARM_LINK_REAR,FABRICATION CAD DENSITY SCREEN,A01_FOREARM_LINK_REAR,L_forearm,6061-T651 4 MM SLOTTED PLATE CANDIDATE,2700.0,9852.826152,0.026602631,0.026602631,0.026602631,0.137500000,0.014000000,0.367500000,"candidate CAD volume times stated density; material, manufacturing and received mass unverified",GEOMETRIC MATERIAL SCREEN ONLY,"PRELIMINARY - CONFIGURATION AND PACKAGING CAD ONLY - NOT APPROVED FOR PROCUREMENT, FABRICATION, ASSEMBLY, POWERED TESTING, MOTION, OR ENERGIZATION"
FAB-L01_SHIN_FRONT_COVER,FABRICATION CAD DENSITY SCREEN,L01_SHIN_FRONT_COVER,L_shin,PETG/PA-CF PRINT COUPON SELECTION REQUIRED,1200.0,14150.215708,0.016980259,0.016980259,0.016980259,0.062500000,-0.034000000,0.127500000,"candidate CAD volume times stated density; material, manufacturing and received mass unverified",GEOMETRIC MATERIAL SCREEN ONLY,"PRELIMINARY - CONFIGURATION AND PACKAGING CAD ONLY - NOT APPROVED FOR PROCUREMENT, FABRICATION, ASSEMBLY, POWERED TESTING, MOTION, OR ENERGIZATION"
FAB-L01_SHIN_REAR_COVER,FABRICATION CAD DENSITY SCREEN,L01_SHIN_REAR_COVER,L_shin,PETG/PA-CF PRINT COUPON SELECTION REQUIRED,1200.0,14150.215708,0.016980259,0.016980259,0.016980259,0.062500000,0.034000000,0.127500000,"candidate CAD volume times stated density; material, manufacturing and received mass unverified",GEOMETRIC MATERIAL SCREEN ONLY,"PRELIMINARY - CONFIGURATION AND PACKAGING CAD ONLY - NOT APPROVED FOR PROCUREMENT, FABRICATION, ASSEMBLY, POWERED TESTING, MOTION, OR ENERGIZATION"
FAB-L01_THIGH_FRONT_COVER,FABRICATION CAD DENSITY SCREEN,L01_THIGH_FRONT_COVER,L_thigh,PETG/PA-CF PRINT COUPON SELECTION REQUIRED,1200.0,16282.023140,0.019538428,0.019538428,0.019538428,0.062500000,-0.037000000,0.295000000,"candidate CAD volume times stated density; material, manufacturing and received mass unverified",GEOMETRIC MATERIAL SCREEN ONLY,"PRELIMINARY - CONFIGURATION AND PACKAGING CAD ONLY - NOT APPROVED FOR PROCUREMENT, FABRICATION, ASSEMBLY, POWERED TESTING, MOTION, OR ENERGIZATION"
FAB-L01_THIGH_REAR_COVER,FABRICATION CAD DENSITY SCREEN,L01_THIGH_REAR_COVER,L_thigh,PETG/PA-CF PRINT COUPON SELECTION REQUIRED,1200.0,16282.023140,0.019538428,0.019538428,0.019538428,0.062500000,0.037000000,0.295000000,"candidate CAD volume times stated density; material, manufacturing and received mass unverified",GEOMETRIC MATERIAL SCREEN ONLY,"PRELIMINARY - CONFIGURATION AND PACKAGING CAD ONLY - NOT APPROVED FOR PROCUREMENT, FABRICATION, ASSEMBLY, POWERED TESTING, MOTION, OR ENERGIZATION"
FAB-F01_TOP_COVER,FABRICATION CAD DENSITY SCREEN,F01_TOP_COVER,L_foot,PETG/PA-CF PRINT COUPON SELECTION REQUIRED,1200.0,17306.620662,0.020767945,0.020767945,0.020767945,0.062500000,0.025000000,0.034000000,"candidate CAD volume times stated density; material, manufacturing and received mass unverified",GEOMETRIC MATERIAL SCREEN ONLY,"PRELIMINARY - CONFIGURATION AND PACKAGING CAD ONLY - NOT APPROVED FOR PROCUREMENT, FABRICATION, ASSEMBLY, POWERED TESTING, MOTION, OR ENERGIZATION"
FAB-A01_UPPER_ARM_FRONT_COVER,FABRICATION CAD DENSITY SCREEN,A01_UPPER_ARM_FRONT_COVER,L_upper_arm,PETG/PA-CF PRINT COUPON SELECTION REQUIRED,1200.0,12665.964472,0.015199157,0.015199157,0.015199157,0.120000000,-0.024000000,0.515000000,"candidate CAD volume times stated density; material, manufacturing and received mass unverified",GEOMETRIC MATERIAL SCREEN ONLY,"PRELIMINARY - CONFIGURATION AND PACKAGING CAD ONLY - NOT APPROVED FOR PROCUREMENT, FABRICATION, ASSEMBLY, POWERED TESTING, MOTION, OR ENERGIZATION"
FAB-A01_UPPER_ARM_REAR_COVER,FABRICATION CAD DENSITY SCREEN,A01_UPPER_ARM_REAR_COVER,L_upper_arm,PETG/PA-CF PRINT COUPON SELECTION REQUIRED,1200.0,12665.964472,0.015199157,0.015199157,0.015199157,0.120000000,0.024000000,0.515000000,"candidate CAD volume times stated density; material, manufacturing and received mass unverified",GEOMETRIC MATERIAL SCREEN ONLY,"PRELIMINARY - CONFIGURATION AND PACKAGING CAD ONLY - NOT APPROVED FOR PROCUREMENT, FABRICATION, ASSEMBLY, POWERED TESTING, MOTION, OR ENERGIZATION"
FAB-A01_FOREARM_FRONT_COVER,FABRICATION CAD DENSITY SCREEN,A01_FOREARM_FRONT_COVER,L_forearm,PETG/PA-CF PRINT COUPON SELECTION REQUIRED,1200.0,11490.825558,0.013788991,0.013788991,0.013788991,0.137500000,-0.024000000,0.367500000,"candidate CAD volume times stated density; material, manufacturing and received mass unverified",GEOMETRIC MATERIAL SCREEN ONLY,"PRELIMINARY - CONFIGURATION AND PACKAGING CAD ONLY - NOT APPROVED FOR PROCUREMENT, FABRICATION, ASSEMBLY, POWERED TESTING, MOTION, OR ENERGIZATION"
FAB-A01_FOREARM_REAR_COVER,FABRICATION CAD DENSITY SCREEN,A01_FOREARM_REAR_COVER,L_forearm,PETG/PA-CF PRINT COUPON SELECTION REQUIRED,1200.0,11490.825558,0.013788991,0.013788991,0.013788991,0.137500000,0.024000000,0.367500000,"candidate CAD volume times stated density; material, manufacturing and received mass unverified",GEOMETRIC MATERIAL SCREEN ONLY,"PRELIMINARY - CONFIGURATION AND PACKAGING CAD ONLY - NOT APPROVED FOR PROCUREMENT, FABRICATION, ASSEMBLY, POWERED TESTING, MOTION, OR ENERGIZATION"
FAB-G01_PALM_REAR_COVER,FABRICATION CAD DENSITY SCREEN,G01_PALM_REAR_COVER,L_hand,PETG/PA-CF PRINT COUPON SELECTION REQUIRED,1200.0,2606.445108,0.003127734,0.003127734,0.003127734,0.140000000,0.028000000,0.270000000,"candidate CAD volume times stated density; material, manufacturing and received mass unverified",GEOMETRIC MATERIAL SCREEN ONLY,"PRELIMINARY - CONFIGURATION AND PACKAGING CAD ONLY - NOT APPROVED FOR PROCUREMENT, FABRICATION, ASSEMBLY, POWERED TESTING, MOTION, OR ENERGIZATION"
FAB-L02_SHIN_SIDE_FRONT,FABRICATION CAD DENSITY SCREEN,L02_SHIN_SIDE_FRONT,R_shin,6061-T651 4 MM WINDOWED PLATE CANDIDATE,2700.0,15652.433722,0.042261571,0.042261571,0.042261571,-0.062500000,-0.020000000,0.127500000,"candidate CAD volume times stated density; material, manufacturing and received mass unverified",GEOMETRIC MATERIAL SCREEN ONLY,"PRELIMINARY - CONFIGURATION AND PACKAGING CAD ONLY - NOT APPROVED FOR PROCUREMENT, FABRICATION, ASSEMBLY, POWERED TESTING, MOTION, OR ENERGIZATION"
FAB-L02_THIGH_SIDE_FRONT,FABRICATION CAD DENSITY SCREEN,L02_THIGH_SIDE_FRONT,R_thigh,6061-T651 4 MM WINDOWED PLATE CANDIDATE,2700.0,17869.821927,0.048248519,0.048248519,0.048248519,-0.062500000,-0.020000000,0.295000000,"candidate CAD volume times stated density; material, manufacturing and received mass unverified",GEOMETRIC MATERIAL SCREEN ONLY,"PRELIMINARY - CONFIGURATION AND PACKAGING CAD ONLY - NOT APPROVED FOR PROCUREMENT, FABRICATION, ASSEMBLY, POWERED TESTING, MOTION, OR ENERGIZATION"
FAB-L02_SHIN_SIDE_REAR,FABRICATION CAD DENSITY SCREEN,L02_SHIN_SIDE_REAR,R_shin,6061-T651 4 MM WINDOWED PLATE CANDIDATE,2700.0,15652.433722,0.042261571,0.042261571,0.042261571,-0.062500000,0.020000000,0.127500000,"candidate CAD volume times stated density; material, manufacturing and received mass unverified",GEOMETRIC MATERIAL SCREEN ONLY,"PRELIMINARY - CONFIGURATION AND PACKAGING CAD ONLY - NOT APPROVED FOR PROCUREMENT, FABRICATION, ASSEMBLY, POWERED TESTING, MOTION, OR ENERGIZATION"
FAB-L02_THIGH_SIDE_REAR,FABRICATION CAD DENSITY SCREEN,L02_THIGH_SIDE_REAR,R_thigh,6061-T651 4 MM WINDOWED PLATE CANDIDATE,2700.0,17869.821927,0.048248519,0.048248519,0.048248519,-0.062500000,0.020000000,0.295000000,"candidate CAD volume times stated density; material, manufacturing and received mass unverified",GEOMETRIC MATERIAL SCREEN ONLY,"PRELIMINARY - CONFIGURATION AND PACKAGING CAD ONLY - NOT APPROVED FOR PROCUREMENT, FABRICATION, ASSEMBLY, POWERED TESTING, MOTION, OR ENERGIZATION"
FAB-L02_SHIN_TIE_Z72,FABRICATION CAD DENSITY SCREEN,L02_SHIN_TIE_Z72,R_shin,6061-T651 WINDOWED PLATE CANDIDATE,2700.0,4013.196512,0.010835631,0.010835631,0.010835631,-0.062500000,-0.000000000,0.072000000,"candidate CAD volume times stated density; material, manufacturing and received mass unverified",GEOMETRIC MATERIAL SCREEN ONLY,"PRELIMINARY - CONFIGURATION AND PACKAGING CAD ONLY - NOT APPROVED FOR PROCUREMENT, FABRICATION, ASSEMBLY, POWERED TESTING, MOTION, OR ENERGIZATION"
FAB-L02_SHIN_TIE_Z135,FABRICATION CAD DENSITY SCREEN,L02_SHIN_TIE_Z135,R_shin,6061-T651 WINDOWED PLATE CANDIDATE,2700.0,4013.196512,0.010835631,0.010835631,0.010835631,-0.062500000,-0.000000000,0.135000000,"candidate CAD volume times stated density; material, manufacturing and received mass unverified",GEOMETRIC MATERIAL SCREEN ONLY,"PRELIMINARY - CONFIGURATION AND PACKAGING CAD ONLY - NOT APPROVED FOR PROCUREMENT, FABRICATION, ASSEMBLY, POWERED TESTING, MOTION, OR ENERGIZATION"
FAB-L02_SHIN_TIE_Z183,FABRICATION CAD DENSITY SCREEN,L02_SHIN_TIE_Z183,R_shin,6061-T651 WINDOWED PLATE CANDIDATE,2700.0,4013.196512,0.010835631,0.010835631,0.010835631,-0.062500000,-0.000000000,0.183000000,"candidate CAD volume times stated density; material, manufacturing and received mass unverified",GEOMETRIC MATERIAL SCREEN ONLY,"PRELIMINARY - CONFIGURATION AND PACKAGING CAD ONLY - NOT APPROVED FOR PROCUREMENT, FABRICATION, ASSEMBLY, POWERED TESTING, MOTION, OR ENERGIZATION"
FAB-L02_THIGH_TIE_Z235,FABRICATION CAD DENSITY SCREEN,L02_THIGH_TIE_Z235,R_thigh,6061-T651 WINDOWED PLATE CANDIDATE,2700.0,4258.854304,0.011498907,0.011498907,0.011498907,-0.062500000,-0.000000000,0.235000000,"candidate CAD volume times stated density; material, manufacturing and received mass unverified",GEOMETRIC MATERIAL SCREEN ONLY,"PRELIMINARY - CONFIGURATION AND PACKAGING CAD ONLY - NOT APPROVED FOR PROCUREMENT, FABRICATION, ASSEMBLY, POWERED TESTING, MOTION, OR ENERGIZATION"
FAB-L02_THIGH_TIE_Z300,FABRICATION CAD DENSITY SCREEN,L02_THIGH_TIE_Z300,R_thigh,6061-T651 WINDOWED PLATE CANDIDATE,2700.0,4258.854304,0.011498907,0.011498907,0.011498907,-0.062500000,-0.000000000,0.300000000,"candidate CAD volume times stated density; material, manufacturing and received mass unverified",GEOMETRIC MATERIAL SCREEN ONLY,"PRELIMINARY - CONFIGURATION AND PACKAGING CAD ONLY - NOT APPROVED FOR PROCUREMENT, FABRICATION, ASSEMBLY, POWERED TESTING, MOTION, OR ENERGIZATION"
FAB-L02_THIGH_TIE_Z355,FABRICATION CAD DENSITY SCREEN,L02_THIGH_TIE_Z355,R_thigh,6061-T651 WINDOWED PLATE CANDIDATE,2700.0,4258.854304,0.011498907,0.011498907,0.011498907,-0.062500000,-0.000000000,0.355000000,"candidate CAD volume times stated density; material, manufacturing and received mass unverified",GEOMETRIC MATERIAL SCREEN ONLY,"PRELIMINARY - CONFIGURATION AND PACKAGING CAD ONLY - NOT APPROVED FOR PROCUREMENT, FABRICATION, ASSEMBLY, POWERED TESTING, MOTION, OR ENERGIZATION"
FAB-F02_SOLE_CARRIER,FABRICATION CAD DENSITY SCREEN,F02_SOLE_CARRIER,R_foot,6061-T651 WINDOWED PLATE CANDIDATE,2700.0,26739.212596,0.072195874,0.072195874,0.072195874,-0.062500000,0.025000000,0.004500000,"candidate CAD volume times stated density; material, manufacturing and received mass unverified",GEOMETRIC MATERIAL SCREEN ONLY,"PRELIMINARY - CONFIGURATION AND PACKAGING CAD ONLY - NOT APPROVED FOR PROCUREMENT, FABRICATION, ASSEMBLY, POWERED TESTING, MOTION, OR ENERGIZATION"
FAB-F02_TOP_BRIDGE,FABRICATION CAD DENSITY SCREEN,F02_TOP_BRIDGE,R_foot,6061-T651 WINDOWED PLATE CANDIDATE,2700.0,12079.905755,0.032615746,0.032615746,0.032615746,-0.062500000,0.006000000,0.031000000,"candidate CAD volume times stated density; material, manufacturing and received mass unverified",GEOMETRIC MATERIAL SCREEN ONLY,"PRELIMINARY - CONFIGURATION AND PACKAGING CAD ONLY - NOT APPROVED FOR PROCUREMENT, FABRICATION, ASSEMBLY, POWERED TESTING, MOTION, OR ENERGIZATION"
FAB-A02_UPPER_ARM_LINK_FRONT,FABRICATION CAD DENSITY SCREEN,A02_UPPER_ARM_LINK_FRONT,R_upper_arm,6061-T651 4 MM SLOTTED PLATE CANDIDATE,2700.0,10582.352783,0.028572353,0.028572353,0.028572353,-0.120000000,-0.014000000,0.515000000,"candidate CAD volume times stated density; material, manufacturing and received mass unverified",GEOMETRIC MATERIAL SCREEN ONLY,"PRELIMINARY - CONFIGURATION AND PACKAGING CAD ONLY - NOT APPROVED FOR PROCUREMENT, FABRICATION, ASSEMBLY, POWERED TESTING, MOTION, OR ENERGIZATION"
FAB-A02_FOREARM_LINK_FRONT,FABRICATION CAD DENSITY SCREEN,A02_FOREARM_LINK_FRONT,R_forearm,6061-T651 4 MM SLOTTED PLATE CANDIDATE,2700.0,9852.826152,0.026602631,0.026602631,0.026602631,-0.137500000,-0.014000000,0.367500000,"candidate CAD volume times stated density; material, manufacturing and received mass unverified",GEOMETRIC MATERIAL SCREEN ONLY,"PRELIMINARY - CONFIGURATION AND PACKAGING CAD ONLY - NOT APPROVED FOR PROCUREMENT, FABRICATION, ASSEMBLY, POWERED TESTING, MOTION, OR ENERGIZATION"
FAB-A02_UPPER_ARM_LINK_REAR,FABRICATION CAD DENSITY SCREEN,A02_UPPER_ARM_LINK_REAR,R_upper_arm,6061-T651 4 MM SLOTTED PLATE CANDIDATE,2700.0,10582.352783,0.028572353,0.028572353,0.028572353,-0.120000000,0.014000000,0.515000000,"candidate CAD volume times stated density; material, manufacturing and received mass unverified",GEOMETRIC MATERIAL SCREEN ONLY,"PRELIMINARY - CONFIGURATION AND PACKAGING CAD ONLY - NOT APPROVED FOR PROCUREMENT, FABRICATION, ASSEMBLY, POWERED TESTING, MOTION, OR ENERGIZATION"
FAB-A02_FOREARM_LINK_REAR,FABRICATION CAD DENSITY SCREEN,A02_FOREARM_LINK_REAR,R_forearm,6061-T651 4 MM SLOTTED PLATE CANDIDATE,2700.0,9852.826152,0.026602631,0.026602631,0.026602631,-0.137500000,0.014000000,0.367500000,"candidate CAD volume times stated density; material, manufacturing and received mass unverified",GEOMETRIC MATERIAL SCREEN ONLY,"PRELIMINARY - CONFIGURATION AND PACKAGING CAD ONLY - NOT APPROVED FOR PROCUREMENT, FABRICATION, ASSEMBLY, POWERED TESTING, MOTION, OR ENERGIZATION"
FAB-L02_SHIN_FRONT_COVER,FABRICATION CAD DENSITY SCREEN,L02_SHIN_FRONT_COVER,R_shin,PETG/PA-CF PRINT COUPON SELECTION REQUIRED,1200.0,14150.215708,0.016980259,0.016980259,0.016980259,-0.062500000,-0.034000000,0.127500000,"candidate CAD volume times stated density; material, manufacturing and received mass unverified",GEOMETRIC MATERIAL SCREEN ONLY,"PRELIMINARY - CONFIGURATION AND PACKAGING CAD ONLY - NOT APPROVED FOR PROCUREMENT, FABRICATION, ASSEMBLY, POWERED TESTING, MOTION, OR ENERGIZATION"
FAB-L02_SHIN_REAR_COVER,FABRICATION CAD DENSITY SCREEN,L02_SHIN_REAR_COVER,R_shin,PETG/PA-CF PRINT COUPON SELECTION REQUIRED,1200.0,14150.215708,0.016980259,0.016980259,0.016980259,-0.062500000,0.034000000,0.127500000,"candidate CAD volume times stated density; material, manufacturing and received mass unverified",GEOMETRIC MATERIAL SCREEN ONLY,"PRELIMINARY - CONFIGURATION AND PACKAGING CAD ONLY - NOT APPROVED FOR PROCUREMENT, FABRICATION, ASSEMBLY, POWERED TESTING, MOTION, OR ENERGIZATION"
FAB-L02_THIGH_FRONT_COVER,FABRICATION CAD DENSITY SCREEN,L02_THIGH_FRONT_COVER,R_thigh,PETG/PA-CF PRINT COUPON SELECTION REQUIRED,1200.0,16282.023140,0.019538428,0.019538428,0.019538428,-0.062500000,-0.037000000,0.295000000,"candidate CAD volume times stated density; material, manufacturing and received mass unverified",GEOMETRIC MATERIAL SCREEN ONLY,"PRELIMINARY - CONFIGURATION AND PACKAGING CAD ONLY - NOT APPROVED FOR PROCUREMENT, FABRICATION, ASSEMBLY, POWERED TESTING, MOTION, OR ENERGIZATION"
FAB-L02_THIGH_REAR_COVER,FABRICATION CAD DENSITY SCREEN,L02_THIGH_REAR_COVER,R_thigh,PETG/PA-CF PRINT COUPON SELECTION REQUIRED,1200.0,16282.023140,0.019538428,0.019538428,0.019538428,-0.062500000,0.037000000,0.295000000,"candidate CAD volume times stated density; material, manufacturing and received mass unverified",GEOMETRIC MATERIAL SCREEN ONLY,"PRELIMINARY - CONFIGURATION AND PACKAGING CAD ONLY - NOT APPROVED FOR PROCUREMENT, FABRICATION, ASSEMBLY, POWERED TESTING, MOTION, OR ENERGIZATION"
FAB-F02_TOP_COVER,FABRICATION CAD DENSITY SCREEN,F02_TOP_COVER,R_foot,PETG/PA-CF PRINT COUPON SELECTION REQUIRED,1200.0,17306.620662,0.020767945,0.020767945,0.020767945,-0.062500000,0.025000000,0.034000000,"candidate CAD volume times stated density; material, manufacturing and received mass unverified",GEOMETRIC MATERIAL SCREEN ONLY,"PRELIMINARY - CONFIGURATION AND PACKAGING CAD ONLY - NOT APPROVED FOR PROCUREMENT, FABRICATION, ASSEMBLY, POWERED TESTING, MOTION, OR ENERGIZATION"
FAB-A02_UPPER_ARM_FRONT_COVER,FABRICATION CAD DENSITY SCREEN,A02_UPPER_ARM_FRONT_COVER,R_upper_arm,PETG/PA-CF PRINT COUPON SELECTION REQUIRED,1200.0,12665.964472,0.015199157,0.015199157,0.015199157,-0.120000000,-0.024000000,0.515000000,"candidate CAD volume times stated density; material, manufacturing and received mass unverified",GEOMETRIC MATERIAL SCREEN ONLY,"PRELIMINARY - CONFIGURATION AND PACKAGING CAD ONLY - NOT APPROVED FOR PROCUREMENT, FABRICATION, ASSEMBLY, POWERED TESTING, MOTION, OR ENERGIZATION"
FAB-A02_UPPER_ARM_REAR_COVER,FABRICATION CAD DENSITY SCREEN,A02_UPPER_ARM_REAR_COVER,R_upper_arm,PETG/PA-CF PRINT COUPON SELECTION REQUIRED,1200.0,12665.964472,0.015199157,0.015199157,0.015199157,-0.120000000,0.024000000,0.515000000,"candidate CAD volume times stated density; material, manufacturing and received mass unverified",GEOMETRIC MATERIAL SCREEN ONLY,"PRELIMINARY - CONFIGURATION AND PACKAGING CAD ONLY - NOT APPROVED FOR PROCUREMENT, FABRICATION, ASSEMBLY, POWERED TESTING, MOTION, OR ENERGIZATION"
FAB-A02_FOREARM_FRONT_COVER,FABRICATION CAD DENSITY SCREEN,A02_FOREARM_FRONT_COVER,R_forearm,PETG/PA-CF PRINT COUPON SELECTION REQUIRED,1200.0,11490.825558,0.013788991,0.013788991,0.013788991,-0.137500000,-0.024000000,0.367500000,"candidate CAD volume times stated density; material, manufacturing and received mass unverified",GEOMETRIC MATERIAL SCREEN ONLY,"PRELIMINARY - CONFIGURATION AND PACKAGING CAD ONLY - NOT APPROVED FOR PROCUREMENT, FABRICATION, ASSEMBLY, POWERED TESTING, MOTION, OR ENERGIZATION"
FAB-A02_FOREARM_REAR_COVER,FABRICATION CAD DENSITY SCREEN,A02_FOREARM_REAR_COVER,R_forearm,PETG/PA-CF PRINT COUPON SELECTION REQUIRED,1200.0,11490.825558,0.013788991,0.013788991,0.013788991,-0.137500000,0.024000000,0.367500000,"candidate CAD volume times stated density; material, manufacturing and received mass unverified",GEOMETRIC MATERIAL SCREEN ONLY,"PRELIMINARY - CONFIGURATION AND PACKAGING CAD ONLY - NOT APPROVED FOR PROCUREMENT, FABRICATION, ASSEMBLY, POWERED TESTING, MOTION, OR ENERGIZATION"
FAB-G02_PALM_REAR_COVER,FABRICATION CAD DENSITY SCREEN,G02_PALM_REAR_COVER,R_hand,PETG/PA-CF PRINT COUPON SELECTION REQUIRED,1200.0,2606.445108,0.003127734,0.003127734,0.003127734,-0.140000000,0.028000000,0.270000000,"candidate CAD volume times stated density; material, manufacturing and received mass unverified",GEOMETRIC MATERIAL SCREEN ONLY,"PRELIMINARY - CONFIGURATION AND PACKAGING CAD ONLY - NOT APPROVED FOR PROCUREMENT, FABRICATION, ASSEMBLY, POWERED TESTING, MOTION, OR ENERGIZATION"
FAB-T01_TORSO_FRONT_COVER,FABRICATION CAD DENSITY SCREEN,T01_TORSO_FRONT_COVER,torso,PETG/PA-CF PRINT COUPON SELECTION REQUIRED,1200.0,83489.405250,0.100187286,0.100187286,0.100187286,0.000000000,-0.040854704,0.511066771,"candidate CAD volume times stated density; material, manufacturing and received mass unverified",GEOMETRIC MATERIAL SCREEN ONLY,"PRELIMINARY - CONFIGURATION AND PACKAGING CAD ONLY - NOT APPROVED FOR PROCUREMENT, FABRICATION, ASSEMBLY, POWERED TESTING, MOTION, OR ENERGIZATION"
FAB-T01_TORSO_REAR_COVER,FABRICATION CAD DENSITY SCREEN,T01_TORSO_REAR_COVER,torso,PETG/PA-CF PRINT COUPON SELECTION REQUIRED,1200.0,83489.405250,0.100187286,0.100187286,0.100187286,-0.000000000,0.040854704,0.511066771,"candidate CAD volume times stated density; material, manufacturing and received mass unverified",GEOMETRIC MATERIAL SCREEN ONLY,"PRELIMINARY - CONFIGURATION AND PACKAGING CAD ONLY - NOT APPROVED FOR PROCUREMENT, FABRICATION, ASSEMBLY, POWERED TESTING, MOTION, OR ENERGIZATION"
FAB-P01_PELVIS_FRONT_COVER,FABRICATION CAD DENSITY SCREEN,P01_PELVIS_FRONT_COVER,base_link,PETG/PA-CF PRINT COUPON SELECTION REQUIRED,1200.0,31868.635554,0.038242363,0.038242363,0.038242363,0.000000000,-0.039400423,0.385407417,"candidate CAD volume times stated density; material, manufacturing and received mass unverified",GEOMETRIC MATERIAL SCREEN ONLY,"PRELIMINARY - CONFIGURATION AND PACKAGING CAD ONLY - NOT APPROVED FOR PROCUREMENT, FABRICATION, ASSEMBLY, POWERED TESTING, MOTION, OR ENERGIZATION"
FAB-P01_PELVIS_REAR_COVER,FABRICATION CAD DENSITY SCREEN,P01_PELVIS_REAR_COVER,base_link,PETG/PA-CF PRINT COUPON SELECTION REQUIRED,1200.0,31868.635554,0.038242363,0.038242363,0.038242363,-0.000000000,0.039400423,0.385407417,"candidate CAD volume times stated density; material, manufacturing and received mass unverified",GEOMETRIC MATERIAL SCREEN ONLY,"PRELIMINARY - CONFIGURATION AND PACKAGING CAD ONLY - NOT APPROVED FOR PROCUREMENT, FABRICATION, ASSEMBLY, POWERED TESTING, MOTION, OR ENERGIZATION"
FAB-H01_HEAD_FRONT_BEZEL,FABRICATION CAD DENSITY SCREEN,H01_HEAD_FRONT_BEZEL,head,PETG/PA-CF PRINT COUPON SELECTION REQUIRED,1200.0,33194.975610,0.039833971,0.039833971,0.039833971,-0.000000000,-0.036760931,0.706894866,"candidate CAD volume times stated density; material, manufacturing and received mass unverified",GEOMETRIC MATERIAL SCREEN ONLY,"PRELIMINARY - CONFIGURATION AND PACKAGING CAD ONLY - NOT APPROVED FOR PROCUREMENT, FABRICATION, ASSEMBLY, POWERED TESTING, MOTION, OR ENERGIZATION"
FAB-H01_HEAD_REAR_COVER,FABRICATION CAD DENSITY SCREEN,H01_HEAD_REAR_COVER,head,PETG/PA-CF PRINT COUPON SELECTION REQUIRED,1200.0,48047.506582,0.057657008,0.057657008,0.057657008,-0.000000000,0.042089903,0.706000000,"candidate CAD volume times stated density; material, manufacturing and received mass unverified",GEOMETRIC MATERIAL SCREEN ONLY,"PRELIMINARY - CONFIGURATION AND PACKAGING CAD ONLY - NOT APPROVED FOR PROCUREMENT, FABRICATION, ASSEMBLY, POWERED TESTING, MOTION, OR ENERGIZATION"
ACT-HEAD_PAN,MANUFACTURER PUBLISHED ACTUATOR MASS,JMOD_HEAD_PAN_ACTUATOR_VENDOR_CANDIDATE,neck_pan_link,ROBOTIS XC330-T288-T,N/A,15926.186780,0.023000000,0.023000000,0.023000000,-0.006925456,-0.000003274,0.606208672,"official published product mass; placement uses SHA-bound packaging BRep geometric centroid, not a published actuator CG",CANDIDATE FAMILY; EXACT SUFFIX/RAIL/INTERFACE SELECTION REMAINS OPEN,"PRELIMINARY - CONFIGURATION AND PACKAGING CAD ONLY - NOT APPROVED FOR PROCUREMENT, FABRICATION, ASSEMBLY, POWERED TESTING, MOTION, OR ENERGIZATION"
ACT-HEAD_TILT,MANUFACTURER PUBLISHED ACTUATOR MASS,JMOD_HEAD_TILT_ACTUATOR_VENDOR_CANDIDATE,head,ROBOTIS XC330-T288-T,N/A,15926.186780,0.023000000,0.023000000,0.023000000,-0.043791328,0.000003274,0.683074544,"official published product mass; placement uses SHA-bound packaging BRep geometric centroid, not a published actuator CG",CANDIDATE FAMILY; EXACT SUFFIX/RAIL/INTERFACE SELECTION REMAINS OPEN,"PRELIMINARY - CONFIGURATION AND PACKAGING CAD ONLY - NOT APPROVED FOR PROCUREMENT, FABRICATION, ASSEMBLY, POWERED TESTING, MOTION, OR ENERGIZATION"
ACT-WAIST_YAW,MANUFACTURER PUBLISHED ACTUATOR MASS,JMOD_WAIST_YAW_ACTUATOR_VENDOR_CANDIDATE,base_link,ROBOTIS XM540-W270-R,N/A,84589.528735,0.165000000,0.165000000,0.165000000,-0.015028586,-0.000000000,0.382681668,"official published product mass; placement uses SHA-bound packaging BRep geometric centroid, not a published actuator CG",CANDIDATE; EXACT SUFFIX/INTERFACE SELECTION REMAINS OPEN,"PRELIMINARY - CONFIGURATION AND PACKAGING CAD ONLY - NOT APPROVED FOR PROCUREMENT, FABRICATION, ASSEMBLY, POWERED TESTING, MOTION, OR ENERGIZATION"
ACT-L_SHOULDER_PITCH,MANUFACTURER PUBLISHED ACTUATOR MASS,JMOD_L_SHOULDER_PITCH_ACTUATOR_VENDOR_CANDIDATE,L_shoulder_pitch_link,ROBOTIS XM540-W270-R,N/A,84589.528735,0.165000000,0.165000000,0.165000000,0.105681668,0.038000000,0.574971414,"official published product mass; placement uses SHA-bound packaging BRep geometric centroid, not a published actuator CG",CANDIDATE; EXACT SUFFIX/INTERFACE SELECTION REMAINS OPEN,"PRELIMINARY - CONFIGURATION AND PACKAGING CAD ONLY - NOT APPROVED FOR PROCUREMENT, FABRICATION, ASSEMBLY, POWERED TESTING, MOTION, OR ENERGIZATION"
ACT-L_SHOULDER_ROLL,MANUFACTURER PUBLISHED ACTUATOR MASS,JMOD_L_SHOULDER_ROLL_ACTUATOR_VENDOR_CANDIDATE,L_upper_arm,ROBOTIS XM540-W270-R,N/A,84589.528735,0.165000000,0.165000000,0.165000000,0.105000000,0.000681668,0.536971414,"official published product mass; placement uses SHA-bound packaging BRep geometric centroid, not a published actuator CG",CANDIDATE; EXACT SUFFIX/INTERFACE SELECTION REMAINS OPEN,"PRELIMINARY - CONFIGURATION AND PACKAGING CAD ONLY - NOT APPROVED FOR PROCUREMENT, FABRICATION, ASSEMBLY, POWERED TESTING, MOTION, OR ENERGIZATION"
ACT-L_ELBOW_PITCH,MANUFACTURER PUBLISHED ACTUATOR MASS,JMOD_L_ELBOW_PITCH_ACTUATOR_VENDOR_CANDIDATE,L_upper_arm,ROBOTIS XM430-W350-R / XM540-W270-R DECISION,N/A,44894.794853,0.082000000,0.165000000,0.165000000,0.084391248,0.000000000,0.428378671,"official published product mass; placement uses SHA-bound packaging BRep geometric centroid, not a published actuator CG",UNRESOLVED CHOICE; PLANNING VALUE USES THE HEAVIER PUBLISHED CANDIDATE,"PRELIMINARY - CONFIGURATION AND PACKAGING CAD ONLY - NOT APPROVED FOR PROCUREMENT, FABRICATION, ASSEMBLY, POWERED TESTING, MOTION, OR ENERGIZATION"
ACT-L_WRIST_ROTATION,MANUFACTURER PUBLISHED ACTUATOR MASS,JMOD_L_WRIST_ROTATION_ACTUATOR_VENDOR_CANDIDATE,L_forearm,ROBOTIS XM430-W350-R,N/A,44894.794853,0.082000000,0.082000000,0.082000000,0.128378671,-0.000000000,0.331391248,"official published product mass; placement uses SHA-bound packaging BRep geometric centroid, not a published actuator CG",CANDIDATE; EXACT SUFFIX/INTERFACE SELECTION REMAINS OPEN,"PRELIMINARY - CONFIGURATION AND PACKAGING CAD ONLY - NOT APPROVED FOR PROCUREMENT, FABRICATION, ASSEMBLY, POWERED TESTING, MOTION, OR ENERGIZATION"
ACT-L_GRIPPER,MANUFACTURER PUBLISHED ACTUATOR MASS,JMOD_L_GRIPPER_ACTUATOR_VENDOR_CANDIDATE,L_hand,ROBOTIS XC330-T288-T,N/A,15926.186780,0.023000000,0.023000000,0.023000000,0.139996726,-0.007791328,0.271074544,"official published product mass; placement uses SHA-bound packaging BRep geometric centroid, not a published actuator CG",CANDIDATE FAMILY; EXACT SUFFIX/RAIL/INTERFACE SELECTION REMAINS OPEN,"PRELIMINARY - CONFIGURATION AND PACKAGING CAD ONLY - NOT APPROVED FOR PROCUREMENT, FABRICATION, ASSEMBLY, POWERED TESTING, MOTION, OR ENERGIZATION"
ACT-L_HIP_YAW,MANUFACTURER PUBLISHED ACTUATOR MASS,JMOD_L_HIP_YAW_ACTUATOR_VENDOR_CANDIDATE,L_thigh,ROBOTIS XH540-W270-R,N/A,84589.528735,0.165000000,0.165000000,0.165000000,0.047471414,-0.000000000,0.336681668,"official published product mass; placement uses SHA-bound packaging BRep geometric centroid, not a published actuator CG",EVALUATION CANDIDATE; CONTINUOUS-DUTY AND WALKING SUITABILITY UNPROVED,"PRELIMINARY - CONFIGURATION AND PACKAGING CAD ONLY - NOT APPROVED FOR PROCUREMENT, FABRICATION, ASSEMBLY, POWERED TESTING, MOTION, OR ENERGIZATION"
ACT-L_HIP_ROLL,MANUFACTURER PUBLISHED ACTUATOR MASS,JMOD_L_HIP_ROLL_ACTUATOR_VENDOR_CANDIDATE,L_thigh,ROBOTIS XH540-W270-R,N/A,84589.528735,0.165000000,0.165000000,0.165000000,0.062500000,0.000681668,0.326971414,"official published product mass; placement uses SHA-bound packaging BRep geometric centroid, not a published actuator CG",EVALUATION CANDIDATE; CONTINUOUS-DUTY AND WALKING SUITABILITY UNPROVED,"PRELIMINARY - CONFIGURATION AND PACKAGING CAD ONLY - NOT APPROVED FOR PROCUREMENT, FABRICATION, ASSEMBLY, POWERED TESTING, MOTION, OR ENERGIZATION"
ACT-L_HIP_PITCH,MANUFACTURER PUBLISHED ACTUATOR MASS,JMOD_L_HIP_PITCH_ACTUATOR_VENDOR_CANDIDATE,L_thigh,ROBOTIS XH540-W270-R,N/A,84589.528735,0.165000000,0.165000000,0.165000000,0.063181668,0.000000000,0.320971414,"official published product mass; placement uses SHA-bound packaging BRep geometric centroid, not a published actuator CG",EVALUATION CANDIDATE; CONTINUOUS-DUTY AND WALKING SUITABILITY UNPROVED,"PRELIMINARY - CONFIGURATION AND PACKAGING CAD ONLY - NOT APPROVED FOR PROCUREMENT, FABRICATION, ASSEMBLY, POWERED TESTING, MOTION, OR ENERGIZATION"
ACT-L_KNEE_PITCH,MANUFACTURER PUBLISHED ACTUATOR MASS,JMOD_L_KNEE_PITCH_ACTUATOR_VENDOR_CANDIDATE,L_thigh,ROBOTIS XH540-W270-R,N/A,84589.528735,0.165000000,0.165000000,0.165000000,0.063181668,0.000000000,0.238971414,"official published product mass; placement uses SHA-bound packaging BRep geometric centroid, not a published actuator CG",EVALUATION CANDIDATE; CONTINUOUS-DUTY AND WALKING SUITABILITY UNPROVED,"PRELIMINARY - CONFIGURATION AND PACKAGING CAD ONLY - NOT APPROVED FOR PROCUREMENT, FABRICATION, ASSEMBLY, POWERED TESTING, MOTION, OR ENERGIZATION"
ACT-L_ANKLE_PITCH,MANUFACTURER PUBLISHED ACTUATOR MASS,JMOD_L_ANKLE_PITCH_ACTUATOR_VENDOR_CANDIDATE,L_shin,ROBOTIS XH540-W270-R,N/A,84589.528735,0.165000000,0.165000000,0.165000000,0.063181668,0.000000000,0.073971414,"official published product mass; placement uses SHA-bound packaging BRep geometric centroid, not a published actuator CG",EVALUATION CANDIDATE; CONTINUOUS-DUTY AND WALKING SUITABILITY UNPROVED,"PRELIMINARY - CONFIGURATION AND PACKAGING CAD ONLY - NOT APPROVED FOR PROCUREMENT, FABRICATION, ASSEMBLY, POWERED TESTING, MOTION, OR ENERGIZATION"
ACT-L_ANKLE_ROLL,MANUFACTURER PUBLISHED ACTUATOR MASS,JMOD_L_ANKLE_ROLL_ACTUATOR_VENDOR_CANDIDATE,L_shin,ROBOTIS XH540-W270-R,N/A,84589.528735,0.165000000,0.165000000,0.165000000,0.062500000,0.000681668,0.067971414,"official published product mass; placement uses SHA-bound packaging BRep geometric centroid, not a published actuator CG",EVALUATION CANDIDATE; CONTINUOUS-DUTY AND WALKING SUITABILITY UNPROVED,"PRELIMINARY - CONFIGURATION AND PACKAGING CAD ONLY - NOT APPROVED FOR PROCUREMENT, FABRICATION, ASSEMBLY, POWERED TESTING, MOTION, OR ENERGIZATION"
ACT-R_SHOULDER_PITCH,MANUFACTURER PUBLISHED ACTUATOR MASS,JMOD_R_SHOULDER_PITCH_ACTUATOR_VENDOR_CANDIDATE,R_shoulder_pitch_link,ROBOTIS XM540-W270-R,N/A,84589.528735,0.165000000,0.165000000,0.165000000,-0.104318332,0.038000000,0.574971414,"official published product mass; placement uses SHA-bound packaging BRep geometric centroid, not a published actuator CG",CANDIDATE; EXACT SUFFIX/INTERFACE SELECTION REMAINS OPEN,"PRELIMINARY - CONFIGURATION AND PACKAGING CAD ONLY - NOT APPROVED FOR PROCUREMENT, FABRICATION, ASSEMBLY, POWERED TESTING, MOTION, OR ENERGIZATION"
ACT-R_SHOULDER_ROLL,MANUFACTURER PUBLISHED ACTUATOR MASS,JMOD_R_SHOULDER_ROLL_ACTUATOR_VENDOR_CANDIDATE,R_upper_arm,ROBOTIS XM540-W270-R,N/A,84589.528735,0.165000000,0.165000000,0.165000000,-0.105000000,0.000681668,0.536971414,"official published product mass; placement uses SHA-bound packaging BRep geometric centroid, not a published actuator CG",CANDIDATE; EXACT SUFFIX/INTERFACE SELECTION REMAINS OPEN,"PRELIMINARY - CONFIGURATION AND PACKAGING CAD ONLY - NOT APPROVED FOR PROCUREMENT, FABRICATION, ASSEMBLY, POWERED TESTING, MOTION, OR ENERGIZATION"
ACT-R_ELBOW_PITCH,MANUFACTURER PUBLISHED ACTUATOR MASS,JMOD_R_ELBOW_PITCH_ACTUATOR_VENDOR_CANDIDATE,R_upper_arm,ROBOTIS XM430-W350-R / XM540-W270-R DECISION,N/A,44894.794853,0.082000000,0.165000000,0.165000000,-0.083608752,0.000000000,0.428378671,"official published product mass; placement uses SHA-bound packaging BRep geometric centroid, not a published actuator CG",UNRESOLVED CHOICE; PLANNING VALUE USES THE HEAVIER PUBLISHED CANDIDATE,"PRELIMINARY - CONFIGURATION AND PACKAGING CAD ONLY - NOT APPROVED FOR PROCUREMENT, FABRICATION, ASSEMBLY, POWERED TESTING, MOTION, OR ENERGIZATION"
ACT-R_WRIST_ROTATION,MANUFACTURER PUBLISHED ACTUATOR MASS,JMOD_R_WRIST_ROTATION_ACTUATOR_VENDOR_CANDIDATE,R_forearm,ROBOTIS XM430-W350-R,N/A,44894.794853,0.082000000,0.082000000,0.082000000,-0.151621329,-0.000000000,0.331391248,"official published product mass; placement uses SHA-bound packaging BRep geometric centroid, not a published actuator CG",CANDIDATE; EXACT SUFFIX/INTERFACE SELECTION REMAINS OPEN,"PRELIMINARY - CONFIGURATION AND PACKAGING CAD ONLY - NOT APPROVED FOR PROCUREMENT, FABRICATION, ASSEMBLY, POWERED TESTING, MOTION, OR ENERGIZATION"
ACT-R_GRIPPER,MANUFACTURER PUBLISHED ACTUATOR MASS,JMOD_R_GRIPPER_ACTUATOR_VENDOR_CANDIDATE,R_hand,ROBOTIS XC330-T288-T,N/A,15926.186780,0.023000000,0.023000000,0.023000000,-0.140003274,-0.007791328,0.271074544,"official published product mass; placement uses SHA-bound packaging BRep geometric centroid, not a published actuator CG",CANDIDATE FAMILY; EXACT SUFFIX/RAIL/INTERFACE SELECTION REMAINS OPEN,"PRELIMINARY - CONFIGURATION AND PACKAGING CAD ONLY - NOT APPROVED FOR PROCUREMENT, FABRICATION, ASSEMBLY, POWERED TESTING, MOTION, OR ENERGIZATION"
ACT-R_HIP_YAW,MANUFACTURER PUBLISHED ACTUATOR MASS,JMOD_R_HIP_YAW_ACTUATOR_VENDOR_CANDIDATE,R_thigh,ROBOTIS XH540-W270-R,N/A,84589.528735,0.165000000,0.165000000,0.165000000,-0.077528586,-0.000000000,0.336681668,"official published product mass; placement uses SHA-bound packaging BRep geometric centroid, not a published actuator CG",EVALUATION CANDIDATE; CONTINUOUS-DUTY AND WALKING SUITABILITY UNPROVED,"PRELIMINARY - CONFIGURATION AND PACKAGING CAD ONLY - NOT APPROVED FOR PROCUREMENT, FABRICATION, ASSEMBLY, POWERED TESTING, MOTION, OR ENERGIZATION"
ACT-R_HIP_ROLL,MANUFACTURER PUBLISHED ACTUATOR MASS,JMOD_R_HIP_ROLL_ACTUATOR_VENDOR_CANDIDATE,R_thigh,ROBOTIS XH540-W270-R,N/A,84589.528735,0.165000000,0.165000000,0.165000000,-0.062500000,0.000681668,0.326971414,"official published product mass; placement uses SHA-bound packaging BRep geometric centroid, not a published actuator CG",EVALUATION CANDIDATE; CONTINUOUS-DUTY AND WALKING SUITABILITY UNPROVED,"PRELIMINARY - CONFIGURATION AND PACKAGING CAD ONLY - NOT APPROVED FOR PROCUREMENT, FABRICATION, ASSEMBLY, POWERED TESTING, MOTION, OR ENERGIZATION"
ACT-R_HIP_PITCH,MANUFACTURER PUBLISHED ACTUATOR MASS,JMOD_R_HIP_PITCH_ACTUATOR_VENDOR_CANDIDATE,R_thigh,ROBOTIS XH540-W270-R,N/A,84589.528735,0.165000000,0.165000000,0.165000000,-0.061818332,0.000000000,0.320971414,"official published product mass; placement uses SHA-bound packaging BRep geometric centroid, not a published actuator CG",EVALUATION CANDIDATE; CONTINUOUS-DUTY AND WALKING SUITABILITY UNPROVED,"PRELIMINARY - CONFIGURATION AND PACKAGING CAD ONLY - NOT APPROVED FOR PROCUREMENT, FABRICATION, ASSEMBLY, POWERED TESTING, MOTION, OR ENERGIZATION"
ACT-R_KNEE_PITCH,MANUFACTURER PUBLISHED ACTUATOR MASS,JMOD_R_KNEE_PITCH_ACTUATOR_VENDOR_CANDIDATE,R_thigh,ROBOTIS XH540-W270-R,N/A,84589.528735,0.165000000,0.165000000,0.165000000,-0.061818332,0.000000000,0.238971414,"official published product mass; placement uses SHA-bound packaging BRep geometric centroid, not a published actuator CG",EVALUATION CANDIDATE; CONTINUOUS-DUTY AND WALKING SUITABILITY UNPROVED,"PRELIMINARY - CONFIGURATION AND PACKAGING CAD ONLY - NOT APPROVED FOR PROCUREMENT, FABRICATION, ASSEMBLY, POWERED TESTING, MOTION, OR ENERGIZATION"
ACT-R_ANKLE_PITCH,MANUFACTURER PUBLISHED ACTUATOR MASS,JMOD_R_ANKLE_PITCH_ACTUATOR_VENDOR_CANDIDATE,R_shin,ROBOTIS XH540-W270-R,N/A,84589.528735,0.165000000,0.165000000,0.165000000,-0.061818332,0.000000000,0.073971414,"official published product mass; placement uses SHA-bound packaging BRep geometric centroid, not a published actuator CG",EVALUATION CANDIDATE; CONTINUOUS-DUTY AND WALKING SUITABILITY UNPROVED,"PRELIMINARY - CONFIGURATION AND PACKAGING CAD ONLY - NOT APPROVED FOR PROCUREMENT, FABRICATION, ASSEMBLY, POWERED TESTING, MOTION, OR ENERGIZATION"
ACT-R_ANKLE_ROLL,MANUFACTURER PUBLISHED ACTUATOR MASS,JMOD_R_ANKLE_ROLL_ACTUATOR_VENDOR_CANDIDATE,R_shin,ROBOTIS XH540-W270-R,N/A,84589.528735,0.165000000,0.165000000,0.165000000,-0.062500000,0.000681668,0.067971414,"official published product mass; placement uses SHA-bound packaging BRep geometric centroid, not a published actuator CG",EVALUATION CANDIDATE; CONTINUOUS-DUTY AND WALKING SUITABILITY UNPROVED,"PRELIMINARY - CONFIGURATION AND PACKAGING CAD ONLY - NOT APPROVED FOR PROCUREMENT, FABRICATION, ASSEMBLY, POWERED TESTING, MOTION, OR ENERGIZATION"
JHW-JMOD_HEAD_PAN_OUTPUT_SHAFT,JOINT HARDWARE CAD DENSITY SCREEN,JMOD_HEAD_PAN_OUTPUT_SHAFT,neck_pan_link,7075-T6/T651 ALUMINUM HOLLOW SHAFT DENSITY SCREEN,2810.0,661.415838,0.001858579,0.001858579,0.001858579,-0.000000000,-0.000000000,0.650000000,"candidate envelope volume times generic density; exact component geometry, voids, fits and received mass unverified",GROSS NO-OVERLAP-DEDUCTION SCREEN; NOT A SELECTED HARDWARE MASS,"PRELIMINARY - CONFIGURATION AND PACKAGING CAD ONLY - NOT APPROVED FOR PROCUREMENT, FABRICATION, ASSEMBLY, POWERED TESTING, MOTION, OR ENERGIZATION"
JHW-JMOD_HEAD_PAN_BEARING_B_RING,JOINT HARDWARE CAD DENSITY SCREEN,JMOD_HEAD_PAN_BEARING_B_RING,neck_pan_link,STEEL GEOMETRIC DENSITY SCREEN,7850.0,722.723390,0.005673379,0.005673379,0.005673379,-0.000000000,-0.000000000,0.663500000,"candidate envelope volume times generic density; exact component geometry, voids, fits and received mass unverified",GROSS NO-OVERLAP-DEDUCTION SCREEN; NOT A SELECTED HARDWARE MASS,"PRELIMINARY - CONFIGURATION AND PACKAGING CAD ONLY - NOT APPROVED FOR PROCUREMENT, FABRICATION, ASSEMBLY, POWERED TESTING, MOTION, OR ENERGIZATION"
JHW-JMOD_HEAD_PAN_INTERFACE_PLATE_B,JOINT HARDWARE CAD DENSITY SCREEN,JMOD_HEAD_PAN_INTERFACE_PLATE_B,neck_pan_link,ALUMINUM GEOMETRIC DENSITY SCREEN,2700.0,3491.733735,0.009427681,0.009427681,0.009427681,-0.000000000,0.000000000,0.667500000,"candidate envelope volume times generic density; exact component geometry, voids, fits and received mass unverified",GROSS NO-OVERLAP-DEDUCTION SCREEN; NOT A SELECTED HARDWARE MASS,"PRELIMINARY - CONFIGURATION AND PACKAGING CAD ONLY - NOT APPROVED FOR PROCUREMENT, FABRICATION, ASSEMBLY, POWERED TESTING, MOTION, OR ENERGIZATION"
JHW-JMOD_HEAD_PAN_ACTUATOR_OUTPUT_COUPLER,JOINT HARDWARE CAD DENSITY SCREEN,JMOD_HEAD_PAN_ACTUATOR_OUTPUT_COUPLER,neck_pan_link,STEEL GEOMETRIC DENSITY SCREEN,7850.0,527.666929,0.004142185,0.004142185,0.004142185,-0.000000000,-0.000000000,0.632000000,"candidate envelope volume times generic density; exact component geometry, voids, fits and received mass unverified",GROSS NO-OVERLAP-DEDUCTION SCREEN; NOT A SELECTED HARDWARE MASS,"PRELIMINARY - CONFIGURATION AND PACKAGING CAD ONLY - NOT APPROVED FOR PROCUREMENT, FABRICATION, ASSEMBLY, POWERED TESTING, MOTION, OR ENERGIZATION"
JHW-JMOD_HEAD_TILT_OUTPUT_SHAFT,JOINT HARDWARE CAD DENSITY SCREEN,JMOD_HEAD_TILT_OUTPUT_SHAFT,head,7075-T6/T651 ALUMINUM HOLLOW SHAFT DENSITY SCREEN,2810.0,661.415838,0.001858579,0.001858579,0.001858579,0.000000000,0.000000000,0.690000000,"candidate envelope volume times generic density; exact component geometry, voids, fits and received mass unverified",GROSS NO-OVERLAP-DEDUCTION SCREEN; NOT A SELECTED HARDWARE MASS,"PRELIMINARY - CONFIGURATION AND PACKAGING CAD ONLY - NOT APPROVED FOR PROCUREMENT, FABRICATION, ASSEMBLY, POWERED TESTING, MOTION, OR ENERGIZATION"
JHW-JMOD_HEAD_TILT_BEARING_B_RING,JOINT HARDWARE CAD DENSITY SCREEN,JMOD_HEAD_TILT_BEARING_B_RING,head,STEEL GEOMETRIC DENSITY SCREEN,7850.0,722.723390,0.005673379,0.005673379,0.005673379,0.013500000,0.000000000,0.690000000,"candidate envelope volume times generic density; exact component geometry, voids, fits and received mass unverified",GROSS NO-OVERLAP-DEDUCTION SCREEN; NOT A SELECTED HARDWARE MASS,"PRELIMINARY - CONFIGURATION AND PACKAGING CAD ONLY - NOT APPROVED FOR PROCUREMENT, FABRICATION, ASSEMBLY, POWERED TESTING, MOTION, OR ENERGIZATION"
JHW-JMOD_HEAD_TILT_INTERFACE_PLATE_B,JOINT HARDWARE CAD DENSITY SCREEN,JMOD_HEAD_TILT_INTERFACE_PLATE_B,head,ALUMINUM GEOMETRIC DENSITY SCREEN,2700.0,2477.484168,0.006689207,0.006689207,0.006689207,0.017500000,0.000000000,0.690000000,"candidate envelope volume times generic density; exact component geometry, voids, fits and received mass unverified",GROSS NO-OVERLAP-DEDUCTION SCREEN; NOT A SELECTED HARDWARE MASS,"PRELIMINARY - CONFIGURATION AND PACKAGING CAD ONLY - NOT APPROVED FOR PROCUREMENT, FABRICATION, ASSEMBLY, POWERED TESTING, MOTION, OR ENERGIZATION"
JHW-JMOD_HEAD_TILT_ACTUATOR_OUTPUT_COUPLER,JOINT HARDWARE CAD DENSITY SCREEN,JMOD_HEAD_TILT_ACTUATOR_OUTPUT_COUPLER,head,STEEL GEOMETRIC DENSITY SCREEN,7850.0,527.666929,0.004142185,0.004142185,0.004142185,-0.018000000,0.000000000,0.690000000,"candidate envelope volume times generic density; exact component geometry, voids, fits and received mass unverified",GROSS NO-OVERLAP-DEDUCTION SCREEN; NOT A SELECTED HARDWARE MASS,"PRELIMINARY - CONFIGURATION AND PACKAGING CAD ONLY - NOT APPROVED FOR PROCUREMENT, FABRICATION, ASSEMBLY, POWERED TESTING, MOTION, OR ENERGIZATION"
JHW-JMOD_WAIST_YAW_OUTPUT_SHAFT,JOINT HARDWARE CAD DENSITY SCREEN,JMOD_WAIST_YAW_OUTPUT_SHAFT,base_link,7075-T6/T651 ALUMINUM HOLLOW SHAFT DENSITY SCREEN,2810.0,4703.401512,0.013216558,0.013216558,0.013216558,-0.000000000,0.000000000,0.425000000,"candidate envelope volume times generic density; exact component geometry, voids, fits and received mass unverified",GROSS NO-OVERLAP-DEDUCTION SCREEN; NOT A SELECTED HARDWARE MASS,"PRELIMINARY - CONFIGURATION AND PACKAGING CAD ONLY - NOT APPROVED FOR PROCUREMENT, FABRICATION, ASSEMBLY, POWERED TESTING, MOTION, OR ENERGIZATION"
JHW-JMOD_WAIST_YAW_BEARING_B_RING,JOINT HARDWARE CAD DENSITY SCREEN,JMOD_WAIST_YAW_BEARING_B_RING,base_link,STEEL GEOMETRIC DENSITY SCREEN,7850.0,10453.963714,0.082063615,0.082063615,0.082063615,-0.000000000,0.000000000,0.434000000,"candidate envelope volume times generic density; exact component geometry, voids, fits and received mass unverified",GROSS NO-OVERLAP-DEDUCTION SCREEN; NOT A SELECTED HARDWARE MASS,"PRELIMINARY - CONFIGURATION AND PACKAGING CAD ONLY - NOT APPROVED FOR PROCUREMENT, FABRICATION, ASSEMBLY, POWERED TESTING, MOTION, OR ENERGIZATION"
JHW-JMOD_WAIST_YAW_INTERFACE_PLATE_B,JOINT HARDWARE CAD DENSITY SCREEN,JMOD_WAIST_YAW_INTERFACE_PLATE_B,base_link,ALUMINUM GEOMETRIC DENSITY SCREEN,2700.0,21043.759071,0.056818149,0.056818149,0.056818149,0.000000000,-0.000000000,0.441500000,"candidate envelope volume times generic density; exact component geometry, voids, fits and received mass unverified",GROSS NO-OVERLAP-DEDUCTION SCREEN; NOT A SELECTED HARDWARE MASS,"PRELIMINARY - CONFIGURATION AND PACKAGING CAD ONLY - NOT APPROVED FOR PROCUREMENT, FABRICATION, ASSEMBLY, POWERED TESTING, MOTION, OR ENERGIZATION"
JHW-JMOD_WAIST_YAW_ACTUATOR_OUTPUT_COUPLER,JOINT HARDWARE CAD DENSITY SCREEN,JMOD_WAIST_YAW_ACTUATOR_OUTPUT_COUPLER,base_link,STEEL GEOMETRIC DENSITY SCREEN,7850.0,4481.911690,0.035183007,0.035183007,0.035183007,-0.000000000,0.000000000,0.403500000,"candidate envelope volume times generic density; exact component geometry, voids, fits and received mass unverified",GROSS NO-OVERLAP-DEDUCTION SCREEN; NOT A SELECTED HARDWARE MASS,"PRELIMINARY - CONFIGURATION AND PACKAGING CAD ONLY - NOT APPROVED FOR PROCUREMENT, FABRICATION, ASSEMBLY, POWERED TESTING, MOTION, OR ENERGIZATION"
JHW-JMOD_L_SHOULDER_PITCH_OUTPUT_SHAFT,JOINT HARDWARE CAD DENSITY SCREEN,JMOD_L_SHOULDER_PITCH_OUTPUT_SHAFT,L_shoulder_pitch_link,7075-T6/T651 ALUMINUM HOLLOW SHAFT DENSITY SCREEN,2810.0,2900.946656,0.008151660,0.008151660,0.008151660,0.105000000,0.000000000,0.590000000,"candidate envelope volume times generic density; exact component geometry, voids, fits and received mass unverified",GROSS NO-OVERLAP-DEDUCTION SCREEN; NOT A SELECTED HARDWARE MASS,"PRELIMINARY - CONFIGURATION AND PACKAGING CAD ONLY - NOT APPROVED FOR PROCUREMENT, FABRICATION, ASSEMBLY, POWERED TESTING, MOTION, OR ENERGIZATION"
JHW-JMOD_L_SHOULDER_PITCH_BEARING_A_RING,JOINT HARDWARE CAD DENSITY SCREEN,JMOD_L_SHOULDER_PITCH_BEARING_A_RING,L_shoulder_pitch_link,STEEL GEOMETRIC DENSITY SCREEN,7850.0,1771.104274,0.013903169,0.013903169,0.013903169,0.082000000,-0.000000000,0.590000000,"candidate envelope volume times generic density; exact component geometry, voids, fits and received mass unverified",GROSS NO-OVERLAP-DEDUCTION SCREEN; NOT A SELECTED HARDWARE MASS,"PRELIMINARY - CONFIGURATION AND PACKAGING CAD ONLY - NOT APPROVED FOR PROCUREMENT, FABRICATION, ASSEMBLY, POWERED TESTING, MOTION, OR ENERGIZATION"
JHW-JMOD_L_SHOULDER_PITCH_INTERFACE_PLATE_A,JOINT HARDWARE CAD DENSITY SCREEN,JMOD_L_SHOULDER_PITCH_INTERFACE_PLATE_A,L_shoulder_pitch_link,ALUMINUM GEOMETRIC DENSITY SCREEN,2700.0,6121.615542,0.016528362,0.016528362,0.016528362,0.077000000,0.000000000,0.590000000,"candidate envelope volume times generic density; exact component geometry, voids, fits and received mass unverified",GROSS NO-OVERLAP-DEDUCTION SCREEN; NOT A SELECTED HARDWARE MASS,"PRELIMINARY - CONFIGURATION AND PACKAGING CAD ONLY - NOT APPROVED FOR PROCUREMENT, FABRICATION, ASSEMBLY, POWERED TESTING, MOTION, OR ENERGIZATION"
JHW-JMOD_L_SHOULDER_PITCH_BEARING_B_RING,JOINT HARDWARE CAD DENSITY SCREEN,JMOD_L_SHOULDER_PITCH_BEARING_B_RING,L_shoulder_pitch_link,STEEL GEOMETRIC DENSITY SCREEN,7850.0,1771.104274,0.013903169,0.013903169,0.013903169,0.128000000,-0.000000000,0.590000000,"candidate envelope volume times generic density; exact component geometry, voids, fits and received mass unverified",GROSS NO-OVERLAP-DEDUCTION SCREEN; NOT A SELECTED HARDWARE MASS,"PRELIMINARY - CONFIGURATION AND PACKAGING CAD ONLY - NOT APPROVED FOR PROCUREMENT, FABRICATION, ASSEMBLY, POWERED TESTING, MOTION, OR ENERGIZATION"
JHW-JMOD_L_SHOULDER_PITCH_INTERFACE_PLATE_B,JOINT HARDWARE CAD DENSITY SCREEN,JMOD_L_SHOULDER_PITCH_INTERFACE_PLATE_B,L_shoulder_pitch_link,ALUMINUM GEOMETRIC DENSITY SCREEN,2700.0,6121.615542,0.016528362,0.016528362,0.016528362,0.133000000,0.000000000,0.590000000,"candidate envelope volume times generic density; exact component geometry, voids, fits and received mass unverified",GROSS NO-OVERLAP-DEDUCTION SCREEN; NOT A SELECTED HARDWARE MASS,"PRELIMINARY - CONFIGURATION AND PACKAGING CAD ONLY - NOT APPROVED FOR PROCUREMENT, FABRICATION, ASSEMBLY, POWERED TESTING, MOTION, OR ENERGIZATION"
JHW-JMOD_L_SHOULDER_PITCH_OUTPUT_PULLEY,JOINT HARDWARE CAD DENSITY SCREEN,JMOD_L_SHOULDER_PITCH_OUTPUT_PULLEY,L_shoulder_pitch_link,ALUMINUM GEOMETRIC DENSITY SCREEN,2700.0,6094.853138,0.016456103,0.016456103,0.016456103,0.105000000,-0.000000000,0.590000000,"candidate envelope volume times generic density; exact component geometry, voids, fits and received mass unverified",GROSS NO-OVERLAP-DEDUCTION SCREEN; NOT A SELECTED HARDWARE MASS,"PRELIMINARY - CONFIGURATION AND PACKAGING CAD ONLY - NOT APPROVED FOR PROCUREMENT, FABRICATION, ASSEMBLY, POWERED TESTING, MOTION, OR ENERGIZATION"
JHW-JMOD_L_SHOULDER_PITCH_MOTOR_PULLEY,JOINT HARDWARE CAD DENSITY SCREEN,JMOD_L_SHOULDER_PITCH_MOTOR_PULLEY,L_shoulder_pitch_link,ALUMINUM GEOMETRIC DENSITY SCREEN,2700.0,4184.927315,0.011299304,0.011299304,0.011299304,0.105000000,0.038000000,0.590000000,"candidate envelope volume times generic density; exact component geometry, voids, fits and received mass unverified",GROSS NO-OVERLAP-DEDUCTION SCREEN; NOT A SELECTED HARDWARE MASS,"PRELIMINARY - CONFIGURATION AND PACKAGING CAD ONLY - NOT APPROVED FOR PROCUREMENT, FABRICATION, ASSEMBLY, POWERED TESTING, MOTION, OR ENERGIZATION"
JHW-JMOD_L_SHOULDER_ROLL_OUTPUT_SHAFT,JOINT HARDWARE CAD DENSITY SCREEN,JMOD_L_SHOULDER_ROLL_OUTPUT_SHAFT,L_upper_arm,7075-T6/T651 ALUMINUM HOLLOW SHAFT DENSITY SCREEN,2810.0,2900.946656,0.008151660,0.008151660,0.008151660,0.105000000,0.000000000,0.590000000,"candidate envelope volume times generic density; exact component geometry, voids, fits and received mass unverified",GROSS NO-OVERLAP-DEDUCTION SCREEN; NOT A SELECTED HARDWARE MASS,"PRELIMINARY - CONFIGURATION AND PACKAGING CAD ONLY - NOT APPROVED FOR PROCUREMENT, FABRICATION, ASSEMBLY, POWERED TESTING, MOTION, OR ENERGIZATION"
JHW-JMOD_L_SHOULDER_ROLL_BEARING_A_RING,JOINT HARDWARE CAD DENSITY SCREEN,JMOD_L_SHOULDER_ROLL_BEARING_A_RING,L_upper_arm,STEEL GEOMETRIC DENSITY SCREEN,7850.0,1771.104274,0.013903169,0.013903169,0.013903169,0.105000000,-0.023000000,0.590000000,"candidate envelope volume times generic density; exact component geometry, voids, fits and received mass unverified",GROSS NO-OVERLAP-DEDUCTION SCREEN; NOT A SELECTED HARDWARE MASS,"PRELIMINARY - CONFIGURATION AND PACKAGING CAD ONLY - NOT APPROVED FOR PROCUREMENT, FABRICATION, ASSEMBLY, POWERED TESTING, MOTION, OR ENERGIZATION"
JHW-JMOD_L_SHOULDER_ROLL_INTERFACE_PLATE_A,JOINT HARDWARE CAD DENSITY SCREEN,JMOD_L_SHOULDER_ROLL_INTERFACE_PLATE_A,L_upper_arm,ALUMINUM GEOMETRIC DENSITY SCREEN,2700.0,7605.615542,0.020535162,0.020535162,0.020535162,0.105000000,-0.028000000,0.590000000,"candidate envelope volume times generic density; exact component geometry, voids, fits and received mass unverified",GROSS NO-OVERLAP-DEDUCTION SCREEN; NOT A SELECTED HARDWARE MASS,"PRELIMINARY - CONFIGURATION AND PACKAGING CAD ONLY - NOT APPROVED FOR PROCUREMENT, FABRICATION, ASSEMBLY, POWERED TESTING, MOTION, OR ENERGIZATION"
JHW-JMOD_L_SHOULDER_ROLL_BEARING_B_RING,JOINT HARDWARE CAD DENSITY SCREEN,JMOD_L_SHOULDER_ROLL_BEARING_B_RING,L_upper_arm,STEEL GEOMETRIC DENSITY SCREEN,7850.0,1771.104274,0.013903169,0.013903169,0.013903169,0.105000000,0.023000000,0.590000000,"candidate envelope volume times generic density; exact component geometry, voids, fits and received mass unverified",GROSS NO-OVERLAP-DEDUCTION SCREEN; NOT A SELECTED HARDWARE MASS,"PRELIMINARY - CONFIGURATION AND PACKAGING CAD ONLY - NOT APPROVED FOR PROCUREMENT, FABRICATION, ASSEMBLY, POWERED TESTING, MOTION, OR ENERGIZATION"
JHW-JMOD_L_SHOULDER_ROLL_INTERFACE_PLATE_B,JOINT HARDWARE CAD DENSITY SCREEN,JMOD_L_SHOULDER_ROLL_INTERFACE_PLATE_B,L_upper_arm,ALUMINUM GEOMETRIC DENSITY SCREEN,2700.0,7605.615542,0.020535162,0.020535162,0.020535162,0.105000000,0.028000000,0.590000000,"candidate envelope volume times generic density; exact component geometry, voids, fits and received mass unverified",GROSS NO-OVERLAP-DEDUCTION SCREEN; NOT A SELECTED HARDWARE MASS,"PRELIMINARY - CONFIGURATION AND PACKAGING CAD ONLY - NOT APPROVED FOR PROCUREMENT, FABRICATION, ASSEMBLY, POWERED TESTING, MOTION, OR ENERGIZATION"
JHW-JMOD_L_SHOULDER_ROLL_OUTPUT_PULLEY,JOINT HARDWARE CAD DENSITY SCREEN,JMOD_L_SHOULDER_ROLL_OUTPUT_PULLEY,L_upper_arm,ALUMINUM GEOMETRIC DENSITY SCREEN,2700.0,6094.853138,0.016456103,0.016456103,0.016456103,0.105000000,0.000000000,0.590000000,"candidate envelope volume times generic density; exact component geometry, voids, fits and received mass unverified",GROSS NO-OVERLAP-DEDUCTION SCREEN; NOT A SELECTED HARDWARE MASS,"PRELIMINARY - CONFIGURATION AND PACKAGING CAD ONLY - NOT APPROVED FOR PROCUREMENT, FABRICATION, ASSEMBLY, POWERED TESTING, MOTION, OR ENERGIZATION"
JHW-JMOD_L_SHOULDER_ROLL_MOTOR_PULLEY,JOINT HARDWARE CAD DENSITY SCREEN,JMOD_L_SHOULDER_ROLL_MOTOR_PULLEY,L_upper_arm,ALUMINUM GEOMETRIC DENSITY SCREEN,2700.0,4184.927315,0.011299304,0.011299304,0.011299304,0.105000000,0.000000000,0.552000000,"candidate envelope volume times generic density; exact component geometry, voids, fits and received mass unverified",GROSS NO-OVERLAP-DEDUCTION SCREEN; NOT A SELECTED HARDWARE MASS,"PRELIMINARY - CONFIGURATION AND PACKAGING CAD ONLY - NOT APPROVED FOR PROCUREMENT, FABRICATION, ASSEMBLY, POWERED TESTING, MOTION, OR ENERGIZATION"
JHW-JMOD_L_ELBOW_PITCH_OUTPUT_SHAFT,JOINT HARDWARE CAD DENSITY SCREEN,JMOD_L_ELBOW_PITCH_OUTPUT_SHAFT,L_upper_arm,7075-T6/T651 ALUMINUM HOLLOW SHAFT DENSITY SCREEN,2810.0,2610.851991,0.007336494,0.007336494,0.007336494,0.135000000,0.000000000,0.440000000,"candidate envelope volume times generic density; exact component geometry, voids, fits and received mass unverified",GROSS NO-OVERLAP-DEDUCTION SCREEN; NOT A SELECTED HARDWARE MASS,"PRELIMINARY - CONFIGURATION AND PACKAGING CAD ONLY - NOT APPROVED FOR PROCUREMENT, FABRICATION, ASSEMBLY, POWERED TESTING, MOTION, OR ENERGIZATION"
JHW-JMOD_L_ELBOW_PITCH_BEARING_B_RING,JOINT HARDWARE CAD DENSITY SCREEN,JMOD_L_ELBOW_PITCH_BEARING_B_RING,L_upper_arm,STEEL GEOMETRIC DENSITY SCREEN,7850.0,1771.104274,0.013903169,0.013903169,0.013903169,0.155000000,0.000000000,0.440000000,"candidate envelope volume times generic density; exact component geometry, voids, fits and received mass unverified",GROSS NO-OVERLAP-DEDUCTION SCREEN; NOT A SELECTED HARDWARE MASS,"PRELIMINARY - CONFIGURATION AND PACKAGING CAD ONLY - NOT APPROVED FOR PROCUREMENT, FABRICATION, ASSEMBLY, POWERED TESTING, MOTION, OR ENERGIZATION"
JHW-JMOD_L_ELBOW_PITCH_INTERFACE_PLATE_B,JOINT HARDWARE CAD DENSITY SCREEN,JMOD_L_ELBOW_PITCH_INTERFACE_PLATE_B,L_upper_arm,ALUMINUM GEOMETRIC DENSITY SCREEN,2700.0,5285.615542,0.014271162,0.014271162,0.014271162,0.160000000,-0.000000000,0.440000000,"candidate envelope volume times generic density; exact component geometry, voids, fits and received mass unverified",GROSS NO-OVERLAP-DEDUCTION SCREEN; NOT A SELECTED HARDWARE MASS,"PRELIMINARY - CONFIGURATION AND PACKAGING CAD ONLY - NOT APPROVED FOR PROCUREMENT, FABRICATION, ASSEMBLY, POWERED TESTING, MOTION, OR ENERGIZATION"
JHW-JMOD_L_ELBOW_PITCH_ACTUATOR_OUTPUT_COUPLER,JOINT HARDWARE CAD DENSITY SCREEN,JMOD_L_ELBOW_PITCH_ACTUATOR_OUTPUT_COUPLER,L_upper_arm,STEEL GEOMETRIC DENSITY SCREEN,7850.0,2076.467080,0.016300267,0.016300267,0.016300267,0.109500000,-0.000000000,0.440000000,"candidate envelope volume times generic density; exact component geometry, voids, fits and received mass unverified",GROSS NO-OVERLAP-DEDUCTION SCREEN; NOT A SELECTED HARDWARE MASS,"PRELIMINARY - CONFIGURATION AND PACKAGING CAD ONLY - NOT APPROVED FOR PROCUREMENT, FABRICATION, ASSEMBLY, POWERED TESTING, MOTION, OR ENERGIZATION"
JHW-JMOD_L_WRIST_ROTATION_OUTPUT_SHAFT,JOINT HARDWARE CAD DENSITY SCREEN,JMOD_L_WRIST_ROTATION_OUTPUT_SHAFT,L_forearm,7075-T6/T651 ALUMINUM HOLLOW SHAFT DENSITY SCREEN,2810.0,661.415838,0.001858579,0.001858579,0.001858579,0.140000000,0.000000000,0.295000000,"candidate envelope volume times generic density; exact component geometry, voids, fits and received mass unverified",GROSS NO-OVERLAP-DEDUCTION SCREEN; NOT A SELECTED HARDWARE MASS,"PRELIMINARY - CONFIGURATION AND PACKAGING CAD ONLY - NOT APPROVED FOR PROCUREMENT, FABRICATION, ASSEMBLY, POWERED TESTING, MOTION, OR ENERGIZATION"
JHW-JMOD_L_WRIST_ROTATION_BEARING_B_RING,JOINT HARDWARE CAD DENSITY SCREEN,JMOD_L_WRIST_ROTATION_BEARING_B_RING,L_forearm,STEEL GEOMETRIC DENSITY SCREEN,7850.0,722.723390,0.005673379,0.005673379,0.005673379,0.140000000,-0.000000000,0.308500000,"candidate envelope volume times generic density; exact component geometry, voids, fits and received mass unverified",GROSS NO-OVERLAP-DEDUCTION SCREEN; NOT A SELECTED HARDWARE MASS,"PRELIMINARY - CONFIGURATION AND PACKAGING CAD ONLY - NOT APPROVED FOR PROCUREMENT, FABRICATION, ASSEMBLY, POWERED TESTING, MOTION, OR ENERGIZATION"
JHW-JMOD_L_WRIST_ROTATION_INTERFACE_PLATE_B,JOINT HARDWARE CAD DENSITY SCREEN,JMOD_L_WRIST_ROTATION_INTERFACE_PLATE_B,L_forearm,ALUMINUM GEOMETRIC DENSITY SCREEN,2700.0,3491.733735,0.009427681,0.009427681,0.009427681,0.140000000,0.000000000,0.312500000,"candidate envelope volume times generic density; exact component geometry, voids, fits and received mass unverified",GROSS NO-OVERLAP-DEDUCTION SCREEN; NOT A SELECTED HARDWARE MASS,"PRELIMINARY - CONFIGURATION AND PACKAGING CAD ONLY - NOT APPROVED FOR PROCUREMENT, FABRICATION, ASSEMBLY, POWERED TESTING, MOTION, OR ENERGIZATION"
JHW-JMOD_L_WRIST_ROTATION_ACTUATOR_OUTPUT_COUPLER,JOINT HARDWARE CAD DENSITY SCREEN,JMOD_L_WRIST_ROTATION_ACTUATOR_OUTPUT_COUPLER,L_forearm,STEEL GEOMETRIC DENSITY SCREEN,7850.0,527.666929,0.004142185,0.004142185,0.004142185,0.140000000,-0.000000000,0.313000000,"candidate envelope volume times generic density; exact component geometry, voids, fits and received mass unverified",GROSS NO-OVERLAP-DEDUCTION SCREEN; NOT A SELECTED HARDWARE MASS,"PRELIMINARY - CONFIGURATION AND PACKAGING CAD ONLY - NOT APPROVED FOR PROCUREMENT, FABRICATION, ASSEMBLY, POWERED TESTING, MOTION, OR ENERGIZATION"
JHW-JMOD_L_GRIPPER_OUTPUT_SHAFT,JOINT HARDWARE CAD DENSITY SCREEN,JMOD_L_GRIPPER_OUTPUT_SHAFT,L_hand,7075-T6/T651 ALUMINUM HOLLOW SHAFT DENSITY SCREEN,2810.0,410.967443,0.001154819,0.001154819,0.001154819,0.140000000,0.000000000,0.252000000,"candidate envelope volume times generic density; exact component geometry, voids, fits and received mass unverified",GROSS NO-OVERLAP-DEDUCTION SCREEN; NOT A SELECTED HARDWARE MASS,"PRELIMINARY - CONFIGURATION AND PACKAGING CAD ONLY - NOT APPROVED FOR PROCUREMENT, FABRICATION, ASSEMBLY, POWERED TESTING, MOTION, OR ENERGIZATION"
JHW-JMOD_L_GRIPPER_BEARING_B_RING,JOINT HARDWARE CAD DENSITY SCREEN,JMOD_L_GRIPPER_BEARING_B_RING,L_hand,STEEL GEOMETRIC DENSITY SCREEN,7850.0,360.780500,0.002832127,0.002832127,0.002832127,0.152000000,0.000000000,0.252000000,"candidate envelope volume times generic density; exact component geometry, voids, fits and received mass unverified",GROSS NO-OVERLAP-DEDUCTION SCREEN; NOT A SELECTED HARDWARE MASS,"PRELIMINARY - CONFIGURATION AND PACKAGING CAD ONLY - NOT APPROVED FOR PROCUREMENT, FABRICATION, ASSEMBLY, POWERED TESTING, MOTION, OR ENERGIZATION"
JHW-JMOD_L_GRIPPER_INTERFACE_PLATE_B,JOINT HARDWARE CAD DENSITY SCREEN,JMOD_L_GRIPPER_INTERFACE_PLATE_B,L_hand,ALUMINUM GEOMETRIC DENSITY SCREEN,2700.0,3353.429741,0.009054260,0.009054260,0.009054260,0.155500000,-0.000000000,0.252000000,"candidate envelope volume times generic density; exact component geometry, voids, fits and received mass unverified",GROSS NO-OVERLAP-DEDUCTION SCREEN; NOT A SELECTED HARDWARE MASS,"PRELIMINARY - CONFIGURATION AND PACKAGING CAD ONLY - NOT APPROVED FOR PROCUREMENT, FABRICATION, ASSEMBLY, POWERED TESTING, MOTION, OR ENERGIZATION"
JHW-JMOD_L_GRIPPER_SYMMETRIC_DRIVE_COUPLER,JOINT HARDWARE CAD DENSITY SCREEN,JMOD_L_GRIPPER_SYMMETRIC_DRIVE_COUPLER,L_hand,ALUMINUM GEOMETRIC DENSITY SCREEN,2700.0,735.132681,0.001984858,0.001984858,0.001984858,0.140000000,0.000000000,0.265000000,"candidate envelope volume times generic density; exact component geometry, voids, fits and received mass unverified",GROSS NO-OVERLAP-DEDUCTION SCREEN; NOT A SELECTED HARDWARE MASS,"PRELIMINARY - CONFIGURATION AND PACKAGING CAD ONLY - NOT APPROVED FOR PROCUREMENT, FABRICATION, ASSEMBLY, POWERED TESTING, MOTION, OR ENERGIZATION"
JHW-JMOD_L_HIP_YAW_OUTPUT_SHAFT,JOINT HARDWARE CAD DENSITY SCREEN,JMOD_L_HIP_YAW_OUTPUT_SHAFT,L_thigh,7075-T6/T651 ALUMINUM HOLLOW SHAFT DENSITY SCREEN,2810.0,6633.498021,0.018640129,0.018640129,0.018640129,0.062500000,0.000000000,0.397000000,"candidate envelope volume times generic density; exact component geometry, voids, fits and received mass unverified",GROSS NO-OVERLAP-DEDUCTION SCREEN; NOT A SELECTED HARDWARE MASS,"PRELIMINARY - CONFIGURATION AND PACKAGING CAD ONLY - NOT APPROVED FOR PROCUREMENT, FABRICATION, ASSEMBLY, POWERED TESTING, MOTION, OR ENERGIZATION"
JHW-JMOD_L_HIP_YAW_BEARING_B_RING,JOINT HARDWARE CAD DENSITY SCREEN,JMOD_L_HIP_YAW_BEARING_B_RING,L_thigh,STEEL GEOMETRIC DENSITY SCREEN,7850.0,5131.100449,0.040279139,0.040279139,0.040279139,0.062500000,0.000000000,0.423000000,"candidate envelope volume times generic density; exact component geometry, voids, fits and received mass unverified",GROSS NO-OVERLAP-DEDUCTION SCREEN; NOT A SELECTED HARDWARE MASS,"PRELIMINARY - CONFIGURATION AND PACKAGING CAD ONLY - NOT APPROVED FOR PROCUREMENT, FABRICATION, ASSEMBLY, POWERED TESTING, MOTION, OR ENERGIZATION"
JHW-JMOD_L_HIP_YAW_INTERFACE_PLATE_B,JOINT HARDWARE CAD DENSITY SCREEN,JMOD_L_HIP_YAW_INTERFACE_PLATE_B,L_thigh,ALUMINUM GEOMETRIC DENSITY SCREEN,2700.0,15145.106542,0.040891788,0.040891788,0.040891788,0.062500000,-0.000000000,0.429500000,"candidate envelope volume times generic density; exact component geometry, voids, fits and received mass unverified",GROSS NO-OVERLAP-DEDUCTION SCREEN; NOT A SELECTED HARDWARE MASS,"PRELIMINARY - CONFIGURATION AND PACKAGING CAD ONLY - NOT APPROVED FOR PROCUREMENT, FABRICATION, ASSEMBLY, POWERED TESTING, MOTION, OR ENERGIZATION"
JHW-JMOD_L_HIP_YAW_ACTUATOR_OUTPUT_COUPLER,JOINT HARDWARE CAD DENSITY SCREEN,JMOD_L_HIP_YAW_ACTUATOR_OUTPUT_COUPLER,L_thigh,STEEL GEOMETRIC DENSITY SCREEN,7850.0,4867.890277,0.038212939,0.038212939,0.038212939,0.062500000,-0.000000000,0.366500000,"candidate envelope volume times generic density; exact component geometry, voids, fits and received mass unverified",GROSS NO-OVERLAP-DEDUCTION SCREEN; NOT A SELECTED HARDWARE MASS,"PRELIMINARY - CONFIGURATION AND PACKAGING CAD ONLY - NOT APPROVED FOR PROCUREMENT, FABRICATION, ASSEMBLY, POWERED TESTING, MOTION, OR ENERGIZATION"
JHW-JMOD_L_HIP_ROLL_OUTPUT_SHAFT,JOINT HARDWARE CAD DENSITY SCREEN,JMOD_L_HIP_ROLL_OUTPUT_SHAFT,L_thigh,7075-T6/T651 ALUMINUM HOLLOW SHAFT DENSITY SCREEN,2810.0,7012.555051,0.019705280,0.019705280,0.019705280,0.062500000,-0.000000000,0.388000000,"candidate envelope volume times generic density; exact component geometry, voids, fits and received mass unverified",GROSS NO-OVERLAP-DEDUCTION SCREEN; NOT A SELECTED HARDWARE MASS,"PRELIMINARY - CONFIGURATION AND PACKAGING CAD ONLY - NOT APPROVED FOR PROCUREMENT, FABRICATION, ASSEMBLY, POWERED TESTING, MOTION, OR ENERGIZATION"
JHW-JMOD_L_HIP_ROLL_BEARING_A_RING,JOINT HARDWARE CAD DENSITY SCREEN,JMOD_L_HIP_ROLL_BEARING_A_RING,L_thigh,STEEL GEOMETRIC DENSITY SCREEN,7850.0,5131.100449,0.040279139,0.040279139,0.040279139,0.062500000,-0.028000000,0.388000000,"candidate envelope volume times generic density; exact component geometry, voids, fits and received mass unverified",GROSS NO-OVERLAP-DEDUCTION SCREEN; NOT A SELECTED HARDWARE MASS,"PRELIMINARY - CONFIGURATION AND PACKAGING CAD ONLY - NOT APPROVED FOR PROCUREMENT, FABRICATION, ASSEMBLY, POWERED TESTING, MOTION, OR ENERGIZATION"
JHW-JMOD_L_HIP_ROLL_INTERFACE_PLATE_A,JOINT HARDWARE CAD DENSITY SCREEN,JMOD_L_HIP_ROLL_INTERFACE_PLATE_A,L_thigh,ALUMINUM GEOMETRIC DENSITY SCREEN,2700.0,11030.272431,0.029781736,0.029781736,0.029781736,0.062500000,-0.034500000,0.388000000,"candidate envelope volume times generic density; exact component geometry, voids, fits and received mass unverified",GROSS NO-OVERLAP-DEDUCTION SCREEN; NOT A SELECTED HARDWARE MASS,"PRELIMINARY - CONFIGURATION AND PACKAGING CAD ONLY - NOT APPROVED FOR PROCUREMENT, FABRICATION, ASSEMBLY, POWERED TESTING, MOTION, OR ENERGIZATION"
JHW-JMOD_L_HIP_ROLL_BEARING_B_RING,JOINT HARDWARE CAD DENSITY SCREEN,JMOD_L_HIP_ROLL_BEARING_B_RING,L_thigh,STEEL GEOMETRIC DENSITY SCREEN,7850.0,5131.100449,0.040279139,0.040279139,0.040279139,0.062500000,0.028000000,0.388000000,"candidate envelope volume times generic density; exact component geometry, voids, fits and received mass unverified",GROSS NO-OVERLAP-DEDUCTION SCREEN; NOT A SELECTED HARDWARE MASS,"PRELIMINARY - CONFIGURATION AND PACKAGING CAD ONLY - NOT APPROVED FOR PROCUREMENT, FABRICATION, ASSEMBLY, POWERED TESTING, MOTION, OR ENERGIZATION"
JHW-JMOD_L_HIP_ROLL_INTERFACE_PLATE_B,JOINT HARDWARE CAD DENSITY SCREEN,JMOD_L_HIP_ROLL_INTERFACE_PLATE_B,L_thigh,ALUMINUM GEOMETRIC DENSITY SCREEN,2700.0,11030.272431,0.029781736,0.029781736,0.029781736,0.062500000,0.034500000,0.388000000,"candidate envelope volume times generic density; exact component geometry, voids, fits and received mass unverified",GROSS NO-OVERLAP-DEDUCTION SCREEN; NOT A SELECTED HARDWARE MASS,"PRELIMINARY - CONFIGURATION AND PACKAGING CAD ONLY - NOT APPROVED FOR PROCUREMENT, FABRICATION, ASSEMBLY, POWERED TESTING, MOTION, OR ENERGIZATION"
JHW-JMOD_L_HIP_ROLL_OUTPUT_PULLEY,JOINT HARDWARE CAD DENSITY SCREEN,JMOD_L_HIP_ROLL_OUTPUT_PULLEY,L_thigh,ALUMINUM GEOMETRIC DENSITY SCREEN,2700.0,12318.227138,0.033259213,0.033259213,0.033259213,0.062500000,-0.000000000,0.388000000,"candidate envelope volume times generic density; exact component geometry, voids, fits and received mass unverified",GROSS NO-OVERLAP-DEDUCTION SCREEN; NOT A SELECTED HARDWARE MASS,"PRELIMINARY - CONFIGURATION AND PACKAGING CAD ONLY - NOT APPROVED FOR PROCUREMENT, FABRICATION, ASSEMBLY, POWERED TESTING, MOTION, OR ENERGIZATION"
JHW-JMOD_L_HIP_ROLL_MOTOR_PULLEY,JOINT HARDWARE CAD DENSITY SCREEN,JMOD_L_HIP_ROLL_MOTOR_PULLEY,L_thigh,ALUMINUM GEOMETRIC DENSITY SCREEN,2700.0,4517.969817,0.012198519,0.012198519,0.012198519,0.062500000,-0.000000000,0.342000000,"candidate envelope volume times generic density; exact component geometry, voids, fits and received mass unverified",GROSS NO-OVERLAP-DEDUCTION SCREEN; NOT A SELECTED HARDWARE MASS,"PRELIMINARY - CONFIGURATION AND PACKAGING CAD ONLY - NOT APPROVED FOR PROCUREMENT, FABRICATION, ASSEMBLY, POWERED TESTING, MOTION, OR ENERGIZATION"
JHW-JMOD_L_HIP_PITCH_OUTPUT_SHAFT,JOINT HARDWARE CAD DENSITY SCREEN,JMOD_L_HIP_PITCH_OUTPUT_SHAFT,L_thigh,7075-T6/T651 ALUMINUM HOLLOW SHAFT DENSITY SCREEN,2810.0,7012.555051,0.019705280,0.019705280,0.019705280,0.062500000,-0.000000000,0.380000000,"candidate envelope volume times generic density; exact component geometry, voids, fits and received mass unverified",GROSS NO-OVERLAP-DEDUCTION SCREEN; NOT A SELECTED HARDWARE MASS,"PRELIMINARY - CONFIGURATION AND PACKAGING CAD ONLY - NOT APPROVED FOR PROCUREMENT, FABRICATION, ASSEMBLY, POWERED TESTING, MOTION, OR ENERGIZATION"
JHW-JMOD_L_HIP_PITCH_BEARING_A_RING,JOINT HARDWARE CAD DENSITY SCREEN,JMOD_L_HIP_PITCH_BEARING_A_RING,L_thigh,STEEL GEOMETRIC DENSITY SCREEN,7850.0,5131.100449,0.040279139,0.040279139,0.040279139,0.034500000,-0.000000000,0.380000000,"candidate envelope volume times generic density; exact component geometry, voids, fits and received mass unverified",GROSS NO-OVERLAP-DEDUCTION SCREEN; NOT A SELECTED HARDWARE MASS,"PRELIMINARY - CONFIGURATION AND PACKAGING CAD ONLY - NOT APPROVED FOR PROCUREMENT, FABRICATION, ASSEMBLY, POWERED TESTING, MOTION, OR ENERGIZATION"
JHW-JMOD_L_HIP_PITCH_INTERFACE_PLATE_A,JOINT HARDWARE CAD DENSITY SCREEN,JMOD_L_HIP_PITCH_INTERFACE_PLATE_A,L_thigh,ALUMINUM GEOMETRIC DENSITY SCREEN,2700.0,9950.272431,0.026865736,0.026865736,0.026865736,0.028000000,0.000000000,0.380000000,"candidate envelope volume times generic density; exact component geometry, voids, fits and received mass unverified",GROSS NO-OVERLAP-DEDUCTION SCREEN; NOT A SELECTED HARDWARE MASS,"PRELIMINARY - CONFIGURATION AND PACKAGING CAD ONLY - NOT APPROVED FOR PROCUREMENT, FABRICATION, ASSEMBLY, POWERED TESTING, MOTION, OR ENERGIZATION"
JHW-JMOD_L_HIP_PITCH_BEARING_B_RING,JOINT HARDWARE CAD DENSITY SCREEN,JMOD_L_HIP_PITCH_BEARING_B_RING,L_thigh,STEEL GEOMETRIC DENSITY SCREEN,7850.0,5131.100449,0.040279139,0.040279139,0.040279139,0.090500000,-0.000000000,0.380000000,"candidate envelope volume times generic density; exact component geometry, voids, fits and received mass unverified",GROSS NO-OVERLAP-DEDUCTION SCREEN; NOT A SELECTED HARDWARE MASS,"PRELIMINARY - CONFIGURATION AND PACKAGING CAD ONLY - NOT APPROVED FOR PROCUREMENT, FABRICATION, ASSEMBLY, POWERED TESTING, MOTION, OR ENERGIZATION"
JHW-JMOD_L_HIP_PITCH_INTERFACE_PLATE_B,JOINT HARDWARE CAD DENSITY SCREEN,JMOD_L_HIP_PITCH_INTERFACE_PLATE_B,L_thigh,ALUMINUM GEOMETRIC DENSITY SCREEN,2700.0,9950.272431,0.026865736,0.026865736,0.026865736,0.097000000,0.000000000,0.380000000,"candidate envelope volume times generic density; exact component geometry, voids, fits and received mass unverified",GROSS NO-OVERLAP-DEDUCTION SCREEN; NOT A SELECTED HARDWARE MASS,"PRELIMINARY - CONFIGURATION AND PACKAGING CAD ONLY - NOT APPROVED FOR PROCUREMENT, FABRICATION, ASSEMBLY, POWERED TESTING, MOTION, OR ENERGIZATION"
JHW-JMOD_L_HIP_PITCH_OUTPUT_PULLEY,JOINT HARDWARE CAD DENSITY SCREEN,JMOD_L_HIP_PITCH_OUTPUT_PULLEY,L_thigh,ALUMINUM GEOMETRIC DENSITY SCREEN,2700.0,10834.872618,0.029254156,0.029254156,0.029254156,0.062500000,-0.000000000,0.380000000,"candidate envelope volume times generic density; exact component geometry, voids, fits and received mass unverified",GROSS NO-OVERLAP-DEDUCTION SCREEN; NOT A SELECTED HARDWARE MASS,"PRELIMINARY - CONFIGURATION AND PACKAGING CAD ONLY - NOT APPROVED FOR PROCUREMENT, FABRICATION, ASSEMBLY, POWERED TESTING, MOTION, OR ENERGIZATION"
JHW-JMOD_L_HIP_PITCH_MOTOR_PULLEY,JOINT HARDWARE CAD DENSITY SCREEN,JMOD_L_HIP_PITCH_MOTOR_PULLEY,L_thigh,ALUMINUM GEOMETRIC DENSITY SCREEN,2700.0,5516.607771,0.014894841,0.014894841,0.014894841,0.062500000,-0.000000000,0.336000000,"candidate envelope volume times generic density; exact component geometry, voids, fits and received mass unverified",GROSS NO-OVERLAP-DEDUCTION SCREEN; NOT A SELECTED HARDWARE MASS,"PRELIMINARY - CONFIGURATION AND PACKAGING CAD ONLY - NOT APPROVED FOR PROCUREMENT, FABRICATION, ASSEMBLY, POWERED TESTING, MOTION, OR ENERGIZATION"
JHW-JMOD_L_KNEE_PITCH_OUTPUT_SHAFT,JOINT HARDWARE CAD DENSITY SCREEN,JMOD_L_KNEE_PITCH_OUTPUT_SHAFT,L_thigh,7075-T6/T651 ALUMINUM HOLLOW SHAFT DENSITY SCREEN,2810.0,7012.555051,0.019705280,0.019705280,0.019705280,0.062500000,-0.000000000,0.210000000,"candidate envelope volume times generic density; exact component geometry, voids, fits and received mass unverified",GROSS NO-OVERLAP-DEDUCTION SCREEN; NOT A SELECTED HARDWARE MASS,"PRELIMINARY - CONFIGURATION AND PACKAGING CAD ONLY - NOT APPROVED FOR PROCUREMENT, FABRICATION, ASSEMBLY, POWERED TESTING, MOTION, OR ENERGIZATION"
JHW-JMOD_L_KNEE_PITCH_BEARING_A_RING,JOINT HARDWARE CAD DENSITY SCREEN,JMOD_L_KNEE_PITCH_BEARING_A_RING,L_thigh,STEEL GEOMETRIC DENSITY SCREEN,7850.0,5131.100449,0.040279139,0.040279139,0.040279139,0.034500000,-0.000000000,0.210000000,"candidate envelope volume times generic density; exact component geometry, voids, fits and received mass unverified",GROSS NO-OVERLAP-DEDUCTION SCREEN; NOT A SELECTED HARDWARE MASS,"PRELIMINARY - CONFIGURATION AND PACKAGING CAD ONLY - NOT APPROVED FOR PROCUREMENT, FABRICATION, ASSEMBLY, POWERED TESTING, MOTION, OR ENERGIZATION"
JHW-JMOD_L_KNEE_PITCH_INTERFACE_PLATE_A,JOINT HARDWARE CAD DENSITY SCREEN,JMOD_L_KNEE_PITCH_INTERFACE_PLATE_A,L_thigh,ALUMINUM GEOMETRIC DENSITY SCREEN,2700.0,9950.272431,0.026865736,0.026865736,0.026865736,0.028000000,0.000000000,0.210000000,"candidate envelope volume times generic density; exact component geometry, voids, fits and received mass unverified",GROSS NO-OVERLAP-DEDUCTION SCREEN; NOT A SELECTED HARDWARE MASS,"PRELIMINARY - CONFIGURATION AND PACKAGING CAD ONLY - NOT APPROVED FOR PROCUREMENT, FABRICATION, ASSEMBLY, POWERED TESTING, MOTION, OR ENERGIZATION"
JHW-JMOD_L_KNEE_PITCH_BEARING_B_RING,JOINT HARDWARE CAD DENSITY SCREEN,JMOD_L_KNEE_PITCH_BEARING_B_RING,L_thigh,STEEL GEOMETRIC DENSITY SCREEN,7850.0,5131.100449,0.040279139,0.040279139,0.040279139,0.090500000,-0.000000000,0.210000000,"candidate envelope volume times generic density; exact component geometry, voids, fits and received mass unverified",GROSS NO-OVERLAP-DEDUCTION SCREEN; NOT A SELECTED HARDWARE MASS,"PRELIMINARY - CONFIGURATION AND PACKAGING CAD ONLY - NOT APPROVED FOR PROCUREMENT, FABRICATION, ASSEMBLY, POWERED TESTING, MOTION, OR ENERGIZATION"
JHW-JMOD_L_KNEE_PITCH_INTERFACE_PLATE_B,JOINT HARDWARE CAD DENSITY SCREEN,JMOD_L_KNEE_PITCH_INTERFACE_PLATE_B,L_thigh,ALUMINUM GEOMETRIC DENSITY SCREEN,2700.0,9950.272431,0.026865736,0.026865736,0.026865736,0.097000000,0.000000000,0.210000000,"candidate envelope volume times generic density; exact component geometry, voids, fits and received mass unverified",GROSS NO-OVERLAP-DEDUCTION SCREEN; NOT A SELECTED HARDWARE MASS,"PRELIMINARY - CONFIGURATION AND PACKAGING CAD ONLY - NOT APPROVED FOR PROCUREMENT, FABRICATION, ASSEMBLY, POWERED TESTING, MOTION, OR ENERGIZATION"
JHW-JMOD_L_KNEE_PITCH_OUTPUT_PULLEY,JOINT HARDWARE CAD DENSITY SCREEN,JMOD_L_KNEE_PITCH_OUTPUT_PULLEY,L_thigh,ALUMINUM GEOMETRIC DENSITY SCREEN,2700.0,10834.872618,0.029254156,0.029254156,0.029254156,0.062500000,-0.000000000,0.210000000,"candidate envelope volume times generic density; exact component geometry, voids, fits and received mass unverified",GROSS NO-OVERLAP-DEDUCTION SCREEN; NOT A SELECTED HARDWARE MASS,"PRELIMINARY - CONFIGURATION AND PACKAGING CAD ONLY - NOT APPROVED FOR PROCUREMENT, FABRICATION, ASSEMBLY, POWERED TESTING, MOTION, OR ENERGIZATION"
JHW-JMOD_L_KNEE_PITCH_MOTOR_PULLEY,JOINT HARDWARE CAD DENSITY SCREEN,JMOD_L_KNEE_PITCH_MOTOR_PULLEY,L_thigh,ALUMINUM GEOMETRIC DENSITY SCREEN,2700.0,5516.607771,0.014894841,0.014894841,0.014894841,0.062500000,-0.000000000,0.254000000,"candidate envelope volume times generic density; exact component geometry, voids, fits and received mass unverified",GROSS NO-OVERLAP-DEDUCTION SCREEN; NOT A SELECTED HARDWARE MASS,"PRELIMINARY - CONFIGURATION AND PACKAGING CAD ONLY - NOT APPROVED FOR PROCUREMENT, FABRICATION, ASSEMBLY, POWERED TESTING, MOTION, OR ENERGIZATION"
JHW-JMOD_L_ANKLE_PITCH_OUTPUT_SHAFT,JOINT HARDWARE CAD DENSITY SCREEN,JMOD_L_ANKLE_PITCH_OUTPUT_SHAFT,L_shin,7075-T6/T651 ALUMINUM HOLLOW SHAFT DENSITY SCREEN,2810.0,7012.555051,0.019705280,0.019705280,0.019705280,0.062500000,-0.000000000,0.045000000,"candidate envelope volume times generic density; exact component geometry, voids, fits and received mass unverified",GROSS NO-OVERLAP-DEDUCTION SCREEN; NOT A SELECTED HARDWARE MASS,"PRELIMINARY - CONFIGURATION AND PACKAGING CAD ONLY - NOT APPROVED FOR PROCUREMENT, FABRICATION, ASSEMBLY, POWERED TESTING, MOTION, OR ENERGIZATION"
JHW-JMOD_L_ANKLE_PITCH_BEARING_A_RING,JOINT HARDWARE CAD DENSITY SCREEN,JMOD_L_ANKLE_PITCH_BEARING_A_RING,L_shin,STEEL GEOMETRIC DENSITY SCREEN,7850.0,5131.100449,0.040279139,0.040279139,0.040279139,0.034500000,-0.000000000,0.045000000,"candidate envelope volume times generic density; exact component geometry, voids, fits and received mass unverified",GROSS NO-OVERLAP-DEDUCTION SCREEN; NOT A SELECTED HARDWARE MASS,"PRELIMINARY - CONFIGURATION AND PACKAGING CAD ONLY - NOT APPROVED FOR PROCUREMENT, FABRICATION, ASSEMBLY, POWERED TESTING, MOTION, OR ENERGIZATION"
JHW-JMOD_L_ANKLE_PITCH_INTERFACE_PLATE_A,JOINT HARDWARE CAD DENSITY SCREEN,JMOD_L_ANKLE_PITCH_INTERFACE_PLATE_A,L_shin,ALUMINUM GEOMETRIC DENSITY SCREEN,2700.0,9950.272431,0.026865736,0.026865736,0.026865736,0.028000000,-0.000000000,0.045000000,"candidate envelope volume times generic density; exact component geometry, voids, fits and received mass unverified",GROSS NO-OVERLAP-DEDUCTION SCREEN; NOT A SELECTED HARDWARE MASS,"PRELIMINARY - CONFIGURATION AND PACKAGING CAD ONLY - NOT APPROVED FOR PROCUREMENT, FABRICATION, ASSEMBLY, POWERED TESTING, MOTION, OR ENERGIZATION"
JHW-JMOD_L_ANKLE_PITCH_BEARING_B_RING,JOINT HARDWARE CAD DENSITY SCREEN,JMOD_L_ANKLE_PITCH_BEARING_B_RING,L_shin,STEEL GEOMETRIC DENSITY SCREEN,7850.0,5131.100449,0.040279139,0.040279139,0.040279139,0.090500000,-0.000000000,0.045000000,"candidate envelope volume times generic density; exact component geometry, voids, fits and received mass unverified",GROSS NO-OVERLAP-DEDUCTION SCREEN; NOT A SELECTED HARDWARE MASS,"PRELIMINARY - CONFIGURATION AND PACKAGING CAD ONLY - NOT APPROVED FOR PROCUREMENT, FABRICATION, ASSEMBLY, POWERED TESTING, MOTION, OR ENERGIZATION"
JHW-JMOD_L_ANKLE_PITCH_INTERFACE_PLATE_B,JOINT HARDWARE CAD DENSITY SCREEN,JMOD_L_ANKLE_PITCH_INTERFACE_PLATE_B,L_shin,ALUMINUM GEOMETRIC DENSITY SCREEN,2700.0,9950.272431,0.026865736,0.026865736,0.026865736,0.097000000,-0.000000000,0.045000000,"candidate envelope volume times generic density; exact component geometry, voids, fits and received mass unverified",GROSS NO-OVERLAP-DEDUCTION SCREEN; NOT A SELECTED HARDWARE MASS,"PRELIMINARY - CONFIGURATION AND PACKAGING CAD ONLY - NOT APPROVED FOR PROCUREMENT, FABRICATION, ASSEMBLY, POWERED TESTING, MOTION, OR ENERGIZATION"
JHW-JMOD_L_ANKLE_PITCH_OUTPUT_PULLEY,JOINT HARDWARE CAD DENSITY SCREEN,JMOD_L_ANKLE_PITCH_OUTPUT_PULLEY,L_shin,ALUMINUM GEOMETRIC DENSITY SCREEN,2700.0,10834.872618,0.029254156,0.029254156,0.029254156,0.062500000,-0.000000000,0.045000000,"candidate envelope volume times generic density; exact component geometry, voids, fits and received mass unverified",GROSS NO-OVERLAP-DEDUCTION SCREEN; NOT A SELECTED HARDWARE MASS,"PRELIMINARY - CONFIGURATION AND PACKAGING CAD ONLY - NOT APPROVED FOR PROCUREMENT, FABRICATION, ASSEMBLY, POWERED TESTING, MOTION, OR ENERGIZATION"
JHW-JMOD_L_ANKLE_PITCH_MOTOR_PULLEY,JOINT HARDWARE CAD DENSITY SCREEN,JMOD_L_ANKLE_PITCH_MOTOR_PULLEY,L_shin,ALUMINUM GEOMETRIC DENSITY SCREEN,2700.0,5516.607771,0.014894841,0.014894841,0.014894841,0.062500000,-0.000000000,0.089000000,"candidate envelope volume times generic density; exact component geometry, voids, fits and received mass unverified",GROSS NO-OVERLAP-DEDUCTION SCREEN; NOT A SELECTED HARDWARE MASS,"PRELIMINARY - CONFIGURATION AND PACKAGING CAD ONLY - NOT APPROVED FOR PROCUREMENT, FABRICATION, ASSEMBLY, POWERED TESTING, MOTION, OR ENERGIZATION"
JHW-JMOD_L_ANKLE_ROLL_OUTPUT_SHAFT,JOINT HARDWARE CAD DENSITY SCREEN,JMOD_L_ANKLE_ROLL_OUTPUT_SHAFT,L_shin,7075-T6/T651 ALUMINUM HOLLOW SHAFT DENSITY SCREEN,2810.0,7012.555051,0.019705280,0.019705280,0.019705280,0.062500000,-0.000000000,0.037000000,"candidate envelope volume times generic density; exact component geometry, voids, fits and received mass unverified",GROSS NO-OVERLAP-DEDUCTION SCREEN; NOT A SELECTED HARDWARE MASS,"PRELIMINARY - CONFIGURATION AND PACKAGING CAD ONLY - NOT APPROVED FOR PROCUREMENT, FABRICATION, ASSEMBLY, POWERED TESTING, MOTION, OR ENERGIZATION"
JHW-JMOD_L_ANKLE_ROLL_BEARING_A_RING,JOINT HARDWARE CAD DENSITY SCREEN,JMOD_L_ANKLE_ROLL_BEARING_A_RING,L_shin,STEEL GEOMETRIC DENSITY SCREEN,7850.0,5131.100449,0.040279139,0.040279139,0.040279139,0.062500000,-0.028000000,0.037000000,"candidate envelope volume times generic density; exact component geometry, voids, fits and received mass unverified",GROSS NO-OVERLAP-DEDUCTION SCREEN; NOT A SELECTED HARDWARE MASS,"PRELIMINARY - CONFIGURATION AND PACKAGING CAD ONLY - NOT APPROVED FOR PROCUREMENT, FABRICATION, ASSEMBLY, POWERED TESTING, MOTION, OR ENERGIZATION"
JHW-JMOD_L_ANKLE_ROLL_INTERFACE_PLATE_A,JOINT HARDWARE CAD DENSITY SCREEN,JMOD_L_ANKLE_ROLL_INTERFACE_PLATE_A,L_shin,ALUMINUM GEOMETRIC DENSITY SCREEN,2700.0,11030.272431,0.029781736,0.029781736,0.029781736,0.062500000,-0.034500000,0.037000000,"candidate envelope volume times generic density; exact component geometry, voids, fits and received mass unverified",GROSS NO-OVERLAP-DEDUCTION SCREEN; NOT A SELECTED HARDWARE MASS,"PRELIMINARY - CONFIGURATION AND PACKAGING CAD ONLY - NOT APPROVED FOR PROCUREMENT, FABRICATION, ASSEMBLY, POWERED TESTING, MOTION, OR ENERGIZATION"
JHW-JMOD_L_ANKLE_ROLL_BEARING_B_RING,JOINT HARDWARE CAD DENSITY SCREEN,JMOD_L_ANKLE_ROLL_BEARING_B_RING,L_shin,STEEL GEOMETRIC DENSITY SCREEN,7850.0,5131.100449,0.040279139,0.040279139,0.040279139,0.062500000,0.028000000,0.037000000,"candidate envelope volume times generic density; exact component geometry, voids, fits and received mass unverified",GROSS NO-OVERLAP-DEDUCTION SCREEN; NOT A SELECTED HARDWARE MASS,"PRELIMINARY - CONFIGURATION AND PACKAGING CAD ONLY - NOT APPROVED FOR PROCUREMENT, FABRICATION, ASSEMBLY, POWERED TESTING, MOTION, OR ENERGIZATION"
JHW-JMOD_L_ANKLE_ROLL_INTERFACE_PLATE_B,JOINT HARDWARE CAD DENSITY SCREEN,JMOD_L_ANKLE_ROLL_INTERFACE_PLATE_B,L_shin,ALUMINUM GEOMETRIC DENSITY SCREEN,2700.0,11030.272431,0.029781736,0.029781736,0.029781736,0.062500000,0.034500000,0.037000000,"candidate envelope volume times generic density; exact component geometry, voids, fits and received mass unverified",GROSS NO-OVERLAP-DEDUCTION SCREEN; NOT A SELECTED HARDWARE MASS,"PRELIMINARY - CONFIGURATION AND PACKAGING CAD ONLY - NOT APPROVED FOR PROCUREMENT, FABRICATION, ASSEMBLY, POWERED TESTING, MOTION, OR ENERGIZATION"
JHW-JMOD_L_ANKLE_ROLL_OUTPUT_PULLEY,JOINT HARDWARE CAD DENSITY SCREEN,JMOD_L_ANKLE_ROLL_OUTPUT_PULLEY,L_shin,ALUMINUM GEOMETRIC DENSITY SCREEN,2700.0,12318.227138,0.033259213,0.033259213,0.033259213,0.062500000,0.000000000,0.037000000,"candidate envelope volume times generic density; exact component geometry, voids, fits and received mass unverified",GROSS NO-OVERLAP-DEDUCTION SCREEN; NOT A SELECTED HARDWARE MASS,"PRELIMINARY - CONFIGURATION AND PACKAGING CAD ONLY - NOT APPROVED FOR PROCUREMENT, FABRICATION, ASSEMBLY, POWERED TESTING, MOTION, OR ENERGIZATION"
JHW-JMOD_L_ANKLE_ROLL_MOTOR_PULLEY,JOINT HARDWARE CAD DENSITY SCREEN,JMOD_L_ANKLE_ROLL_MOTOR_PULLEY,L_shin,ALUMINUM GEOMETRIC DENSITY SCREEN,2700.0,4517.969817,0.012198519,0.012198519,0.012198519,0.062500000,-0.000000000,0.083000000,"candidate envelope volume times generic density; exact component geometry, voids, fits and received mass unverified",GROSS NO-OVERLAP-DEDUCTION SCREEN; NOT A SELECTED HARDWARE MASS,"PRELIMINARY - CONFIGURATION AND PACKAGING CAD ONLY - NOT APPROVED FOR PROCUREMENT, FABRICATION, ASSEMBLY, POWERED TESTING, MOTION, OR ENERGIZATION"
JHW-JMOD_R_SHOULDER_PITCH_OUTPUT_SHAFT,JOINT HARDWARE CAD DENSITY SCREEN,JMOD_R_SHOULDER_PITCH_OUTPUT_SHAFT,R_shoulder_pitch_link,7075-T6/T651 ALUMINUM HOLLOW SHAFT DENSITY SCREEN,2810.0,2900.946656,0.008151660,0.008151660,0.008151660,-0.105000000,0.000000000,0.590000000,"candidate envelope volume times generic density; exact component geometry, voids, fits and received mass unverified",GROSS NO-OVERLAP-DEDUCTION SCREEN; NOT A SELECTED HARDWARE MASS,"PRELIMINARY - CONFIGURATION AND PACKAGING CAD ONLY - NOT APPROVED FOR PROCUREMENT, FABRICATION, ASSEMBLY, POWERED TESTING, MOTION, OR ENERGIZATION"
JHW-JMOD_R_SHOULDER_PITCH_BEARING_A_RING,JOINT HARDWARE CAD DENSITY SCREEN,JMOD_R_SHOULDER_PITCH_BEARING_A_RING,R_shoulder_pitch_link,STEEL GEOMETRIC DENSITY SCREEN,7850.0,1771.104274,0.013903169,0.013903169,0.013903169,-0.128000000,-0.000000000,0.590000000,"candidate envelope volume times generic density; exact component geometry, voids, fits and received mass unverified",GROSS NO-OVERLAP-DEDUCTION SCREEN; NOT A SELECTED HARDWARE MASS,"PRELIMINARY - CONFIGURATION AND PACKAGING CAD ONLY - NOT APPROVED FOR PROCUREMENT, FABRICATION, ASSEMBLY, POWERED TESTING, MOTION, OR ENERGIZATION"
JHW-JMOD_R_SHOULDER_PITCH_INTERFACE_PLATE_A,JOINT HARDWARE CAD DENSITY SCREEN,JMOD_R_SHOULDER_PITCH_INTERFACE_PLATE_A,R_shoulder_pitch_link,ALUMINUM GEOMETRIC DENSITY SCREEN,2700.0,6121.615542,0.016528362,0.016528362,0.016528362,-0.133000000,0.000000000,0.590000000,"candidate envelope volume times generic density; exact component geometry, voids, fits and received mass unverified",GROSS NO-OVERLAP-DEDUCTION SCREEN; NOT A SELECTED HARDWARE MASS,"PRELIMINARY - CONFIGURATION AND PACKAGING CAD ONLY - NOT APPROVED FOR PROCUREMENT, FABRICATION, ASSEMBLY, POWERED TESTING, MOTION, OR ENERGIZATION"
JHW-JMOD_R_SHOULDER_PITCH_BEARING_B_RING,JOINT HARDWARE CAD DENSITY SCREEN,JMOD_R_SHOULDER_PITCH_BEARING_B_RING,R_shoulder_pitch_link,STEEL GEOMETRIC DENSITY SCREEN,7850.0,1771.104274,0.013903169,0.013903169,0.013903169,-0.082000000,-0.000000000,0.590000000,"candidate envelope volume times generic density; exact component geometry, voids, fits and received mass unverified",GROSS NO-OVERLAP-DEDUCTION SCREEN; NOT A SELECTED HARDWARE MASS,"PRELIMINARY - CONFIGURATION AND PACKAGING CAD ONLY - NOT APPROVED FOR PROCUREMENT, FABRICATION, ASSEMBLY, POWERED TESTING, MOTION, OR ENERGIZATION"
JHW-JMOD_R_SHOULDER_PITCH_INTERFACE_PLATE_B,JOINT HARDWARE CAD DENSITY SCREEN,JMOD_R_SHOULDER_PITCH_INTERFACE_PLATE_B,R_shoulder_pitch_link,ALUMINUM GEOMETRIC DENSITY SCREEN,2700.0,6121.615542,0.016528362,0.016528362,0.016528362,-0.077000000,0.000000000,0.590000000,"candidate envelope volume times generic density; exact component geometry, voids, fits and received mass unverified",GROSS NO-OVERLAP-DEDUCTION SCREEN; NOT A SELECTED HARDWARE MASS,"PRELIMINARY - CONFIGURATION AND PACKAGING CAD ONLY - NOT APPROVED FOR PROCUREMENT, FABRICATION, ASSEMBLY, POWERED TESTING, MOTION, OR ENERGIZATION"
JHW-JMOD_R_SHOULDER_PITCH_OUTPUT_PULLEY,JOINT HARDWARE CAD DENSITY SCREEN,JMOD_R_SHOULDER_PITCH_OUTPUT_PULLEY,R_shoulder_pitch_link,ALUMINUM GEOMETRIC DENSITY SCREEN,2700.0,6094.853138,0.016456103,0.016456103,0.016456103,-0.105000000,-0.000000000,0.590000000,"candidate envelope volume times generic density; exact component geometry, voids, fits and received mass unverified",GROSS NO-OVERLAP-DEDUCTION SCREEN; NOT A SELECTED HARDWARE MASS,"PRELIMINARY - CONFIGURATION AND PACKAGING CAD ONLY - NOT APPROVED FOR PROCUREMENT, FABRICATION, ASSEMBLY, POWERED TESTING, MOTION, OR ENERGIZATION"
JHW-JMOD_R_SHOULDER_PITCH_MOTOR_PULLEY,JOINT HARDWARE CAD DENSITY SCREEN,JMOD_R_SHOULDER_PITCH_MOTOR_PULLEY,R_shoulder_pitch_link,ALUMINUM GEOMETRIC DENSITY SCREEN,2700.0,4184.927315,0.011299304,0.011299304,0.011299304,-0.105000000,0.038000000,0.590000000,"candidate envelope volume times generic density; exact component geometry, voids, fits and received mass unverified",GROSS NO-OVERLAP-DEDUCTION SCREEN; NOT A SELECTED HARDWARE MASS,"PRELIMINARY - CONFIGURATION AND PACKAGING CAD ONLY - NOT APPROVED FOR PROCUREMENT, FABRICATION, ASSEMBLY, POWERED TESTING, MOTION, OR ENERGIZATION"
JHW-JMOD_R_SHOULDER_ROLL_OUTPUT_SHAFT,JOINT HARDWARE CAD DENSITY SCREEN,JMOD_R_SHOULDER_ROLL_OUTPUT_SHAFT,R_upper_arm,7075-T6/T651 ALUMINUM HOLLOW SHAFT DENSITY SCREEN,2810.0,2900.946656,0.008151660,0.008151660,0.008151660,-0.105000000,0.000000000,0.590000000,"candidate envelope volume times generic density; exact component geometry, voids, fits and received mass unverified",GROSS NO-OVERLAP-DEDUCTION SCREEN; NOT A SELECTED HARDWARE MASS,"PRELIMINARY - CONFIGURATION AND PACKAGING CAD ONLY - NOT APPROVED FOR PROCUREMENT, FABRICATION, ASSEMBLY, POWERED TESTING, MOTION, OR ENERGIZATION"
JHW-JMOD_R_SHOULDER_ROLL_BEARING_A_RING,JOINT HARDWARE CAD DENSITY SCREEN,JMOD_R_SHOULDER_ROLL_BEARING_A_RING,R_upper_arm,STEEL GEOMETRIC DENSITY SCREEN,7850.0,1771.104274,0.013903169,0.013903169,0.013903169,-0.105000000,-0.023000000,0.590000000,"candidate envelope volume times generic density; exact component geometry, voids, fits and received mass unverified",GROSS NO-OVERLAP-DEDUCTION SCREEN; NOT A SELECTED HARDWARE MASS,"PRELIMINARY - CONFIGURATION AND PACKAGING CAD ONLY - NOT APPROVED FOR PROCUREMENT, FABRICATION, ASSEMBLY, POWERED TESTING, MOTION, OR ENERGIZATION"
JHW-JMOD_R_SHOULDER_ROLL_INTERFACE_PLATE_A,JOINT HARDWARE CAD DENSITY SCREEN,JMOD_R_SHOULDER_ROLL_INTERFACE_PLATE_A,R_upper_arm,ALUMINUM GEOMETRIC DENSITY SCREEN,2700.0,7605.615542,0.020535162,0.020535162,0.020535162,-0.105000000,-0.028000000,0.590000000,"candidate envelope volume times generic density; exact component geometry, voids, fits and received mass unverified",GROSS NO-OVERLAP-DEDUCTION SCREEN; NOT A SELECTED HARDWARE MASS,"PRELIMINARY - CONFIGURATION AND PACKAGING CAD ONLY - NOT APPROVED FOR PROCUREMENT, FABRICATION, ASSEMBLY, POWERED TESTING, MOTION, OR ENERGIZATION"
JHW-JMOD_R_SHOULDER_ROLL_BEARING_B_RING,JOINT HARDWARE CAD DENSITY SCREEN,JMOD_R_SHOULDER_ROLL_BEARING_B_RING,R_upper_arm,STEEL GEOMETRIC DENSITY SCREEN,7850.0,1771.104274,0.013903169,0.013903169,0.013903169,-0.105000000,0.023000000,0.590000000,"candidate envelope volume times generic density; exact component geometry, voids, fits and received mass unverified",GROSS NO-OVERLAP-DEDUCTION SCREEN; NOT A SELECTED HARDWARE MASS,"PRELIMINARY - CONFIGURATION AND PACKAGING CAD ONLY - NOT APPROVED FOR PROCUREMENT, FABRICATION, ASSEMBLY, POWERED TESTING, MOTION, OR ENERGIZATION"
JHW-JMOD_R_SHOULDER_ROLL_INTERFACE_PLATE_B,JOINT HARDWARE CAD DENSITY SCREEN,JMOD_R_SHOULDER_ROLL_INTERFACE_PLATE_B,R_upper_arm,ALUMINUM GEOMETRIC DENSITY SCREEN,2700.0,7605.615542,0.020535162,0.020535162,0.020535162,-0.105000000,0.028000000,0.590000000,"candidate envelope volume times generic density; exact component geometry, voids, fits and received mass unverified",GROSS NO-OVERLAP-DEDUCTION SCREEN; NOT A SELECTED HARDWARE MASS,"PRELIMINARY - CONFIGURATION AND PACKAGING CAD ONLY - NOT APPROVED FOR PROCUREMENT, FABRICATION, ASSEMBLY, POWERED TESTING, MOTION, OR ENERGIZATION"
JHW-JMOD_R_SHOULDER_ROLL_OUTPUT_PULLEY,JOINT HARDWARE CAD DENSITY SCREEN,JMOD_R_SHOULDER_ROLL_OUTPUT_PULLEY,R_upper_arm,ALUMINUM GEOMETRIC DENSITY SCREEN,2700.0,6094.853138,0.016456103,0.016456103,0.016456103,-0.105000000,0.000000000,0.590000000,"candidate envelope volume times generic density; exact component geometry, voids, fits and received mass unverified",GROSS NO-OVERLAP-DEDUCTION SCREEN; NOT A SELECTED HARDWARE MASS,"PRELIMINARY - CONFIGURATION AND PACKAGING CAD ONLY - NOT APPROVED FOR PROCUREMENT, FABRICATION, ASSEMBLY, POWERED TESTING, MOTION, OR ENERGIZATION"
JHW-JMOD_R_SHOULDER_ROLL_MOTOR_PULLEY,JOINT HARDWARE CAD DENSITY SCREEN,JMOD_R_SHOULDER_ROLL_MOTOR_PULLEY,R_upper_arm,ALUMINUM GEOMETRIC DENSITY SCREEN,2700.0,4184.927315,0.011299304,0.011299304,0.011299304,-0.105000000,0.000000000,0.552000000,"candidate envelope volume times generic density; exact component geometry, voids, fits and received mass unverified",GROSS NO-OVERLAP-DEDUCTION SCREEN; NOT A SELECTED HARDWARE MASS,"PRELIMINARY - CONFIGURATION AND PACKAGING CAD ONLY - NOT APPROVED FOR PROCUREMENT, FABRICATION, ASSEMBLY, POWERED TESTING, MOTION, OR ENERGIZATION"
JHW-JMOD_R_ELBOW_PITCH_OUTPUT_SHAFT,JOINT HARDWARE CAD DENSITY SCREEN,JMOD_R_ELBOW_PITCH_OUTPUT_SHAFT,R_upper_arm,7075-T6/T651 ALUMINUM HOLLOW SHAFT DENSITY SCREEN,2810.0,2610.851991,0.007336494,0.007336494,0.007336494,-0.135000000,0.000000000,0.440000000,"candidate envelope volume times generic density; exact component geometry, voids, fits and received mass unverified",GROSS NO-OVERLAP-DEDUCTION SCREEN; NOT A SELECTED HARDWARE MASS,"PRELIMINARY - CONFIGURATION AND PACKAGING CAD ONLY - NOT APPROVED FOR PROCUREMENT, FABRICATION, ASSEMBLY, POWERED TESTING, MOTION, OR ENERGIZATION"
JHW-JMOD_R_ELBOW_PITCH_BEARING_B_RING,JOINT HARDWARE CAD DENSITY SCREEN,JMOD_R_ELBOW_PITCH_BEARING_B_RING,R_upper_arm,STEEL GEOMETRIC DENSITY SCREEN,7850.0,1771.104274,0.013903169,0.013903169,0.013903169,-0.115000000,0.000000000,0.440000000,"candidate envelope volume times generic density; exact component geometry, voids, fits and received mass unverified",GROSS NO-OVERLAP-DEDUCTION SCREEN; NOT A SELECTED HARDWARE MASS,"PRELIMINARY - CONFIGURATION AND PACKAGING CAD ONLY - NOT APPROVED FOR PROCUREMENT, FABRICATION, ASSEMBLY, POWERED TESTING, MOTION, OR ENERGIZATION"
JHW-JMOD_R_ELBOW_PITCH_INTERFACE_PLATE_B,JOINT HARDWARE CAD DENSITY SCREEN,JMOD_R_ELBOW_PITCH_INTERFACE_PLATE_B,R_upper_arm,ALUMINUM GEOMETRIC DENSITY SCREEN,2700.0,5285.615542,0.014271162,0.014271162,0.014271162,-0.110000000,-0.000000000,0.440000000,"candidate envelope volume times generic density; exact component geometry, voids, fits and received mass unverified",GROSS NO-OVERLAP-DEDUCTION SCREEN; NOT A SELECTED HARDWARE MASS,"PRELIMINARY - CONFIGURATION AND PACKAGING CAD ONLY - NOT APPROVED FOR PROCUREMENT, FABRICATION, ASSEMBLY, POWERED TESTING, MOTION, OR ENERGIZATION"
JHW-JMOD_R_ELBOW_PITCH_ACTUATOR_OUTPUT_COUPLER,JOINT HARDWARE CAD DENSITY SCREEN,JMOD_R_ELBOW_PITCH_ACTUATOR_OUTPUT_COUPLER,R_upper_arm,STEEL GEOMETRIC DENSITY SCREEN,7850.0,2076.467080,0.016300267,0.016300267,0.016300267,-0.109500000,-0.000000000,0.440000000,"candidate envelope volume times generic density; exact component geometry, voids, fits and received mass unverified",GROSS NO-OVERLAP-DEDUCTION SCREEN; NOT A SELECTED HARDWARE MASS,"PRELIMINARY - CONFIGURATION AND PACKAGING CAD ONLY - NOT APPROVED FOR PROCUREMENT, FABRICATION, ASSEMBLY, POWERED TESTING, MOTION, OR ENERGIZATION"
JHW-JMOD_R_WRIST_ROTATION_OUTPUT_SHAFT,JOINT HARDWARE CAD DENSITY SCREEN,JMOD_R_WRIST_ROTATION_OUTPUT_SHAFT,R_forearm,7075-T6/T651 ALUMINUM HOLLOW SHAFT DENSITY SCREEN,2810.0,661.415838,0.001858579,0.001858579,0.001858579,-0.140000000,0.000000000,0.295000000,"candidate envelope volume times generic density; exact component geometry, voids, fits and received mass unverified",GROSS NO-OVERLAP-DEDUCTION SCREEN; NOT A SELECTED HARDWARE MASS,"PRELIMINARY - CONFIGURATION AND PACKAGING CAD ONLY - NOT APPROVED FOR PROCUREMENT, FABRICATION, ASSEMBLY, POWERED TESTING, MOTION, OR ENERGIZATION"
JHW-JMOD_R_WRIST_ROTATION_BEARING_B_RING,JOINT HARDWARE CAD DENSITY SCREEN,JMOD_R_WRIST_ROTATION_BEARING_B_RING,R_forearm,STEEL GEOMETRIC DENSITY SCREEN,7850.0,722.723390,0.005673379,0.005673379,0.005673379,-0.140000000,-0.000000000,0.308500000,"candidate envelope volume times generic density; exact component geometry, voids, fits and received mass unverified",GROSS NO-OVERLAP-DEDUCTION SCREEN; NOT A SELECTED HARDWARE MASS,"PRELIMINARY - CONFIGURATION AND PACKAGING CAD ONLY - NOT APPROVED FOR PROCUREMENT, FABRICATION, ASSEMBLY, POWERED TESTING, MOTION, OR ENERGIZATION"
JHW-JMOD_R_WRIST_ROTATION_INTERFACE_PLATE_B,JOINT HARDWARE CAD DENSITY SCREEN,JMOD_R_WRIST_ROTATION_INTERFACE_PLATE_B,R_forearm,ALUMINUM GEOMETRIC DENSITY SCREEN,2700.0,3491.733735,0.009427681,0.009427681,0.009427681,-0.140000000,0.000000000,0.312500000,"candidate envelope volume times generic density; exact component geometry, voids, fits and received mass unverified",GROSS NO-OVERLAP-DEDUCTION SCREEN; NOT A SELECTED HARDWARE MASS,"PRELIMINARY - CONFIGURATION AND PACKAGING CAD ONLY - NOT APPROVED FOR PROCUREMENT, FABRICATION, ASSEMBLY, POWERED TESTING, MOTION, OR ENERGIZATION"
JHW-JMOD_R_WRIST_ROTATION_ACTUATOR_OUTPUT_COUPLER,JOINT HARDWARE CAD DENSITY SCREEN,JMOD_R_WRIST_ROTATION_ACTUATOR_OUTPUT_COUPLER,R_forearm,STEEL GEOMETRIC DENSITY SCREEN,7850.0,527.666929,0.004142185,0.004142185,0.004142185,-0.140000000,-0.000000000,0.313000000,"candidate envelope volume times generic density; exact component geometry, voids, fits and received mass unverified",GROSS NO-OVERLAP-DEDUCTION SCREEN; NOT A SELECTED HARDWARE MASS,"PRELIMINARY - CONFIGURATION AND PACKAGING CAD ONLY - NOT APPROVED FOR PROCUREMENT, FABRICATION, ASSEMBLY, POWERED TESTING, MOTION, OR ENERGIZATION"
JHW-JMOD_R_GRIPPER_OUTPUT_SHAFT,JOINT HARDWARE CAD DENSITY SCREEN,JMOD_R_GRIPPER_OUTPUT_SHAFT,R_hand,7075-T6/T651 ALUMINUM HOLLOW SHAFT DENSITY SCREEN,2810.0,410.967443,0.001154819,0.001154819,0.001154819,-0.140000000,0.000000000,0.252000000,"candidate envelope volume times generic density; exact component geometry, voids, fits and received mass unverified",GROSS NO-OVERLAP-DEDUCTION SCREEN; NOT A SELECTED HARDWARE MASS,"PRELIMINARY - CONFIGURATION AND PACKAGING CAD ONLY - NOT APPROVED FOR PROCUREMENT, FABRICATION, ASSEMBLY, POWERED TESTING, MOTION, OR ENERGIZATION"
JHW-JMOD_R_GRIPPER_BEARING_B_RING,JOINT HARDWARE CAD DENSITY SCREEN,JMOD_R_GRIPPER_BEARING_B_RING,R_hand,STEEL GEOMETRIC DENSITY SCREEN,7850.0,360.780500,0.002832127,0.002832127,0.002832127,-0.128000000,0.000000000,0.252000000,"candidate envelope volume times generic density; exact component geometry, voids, fits and received mass unverified",GROSS NO-OVERLAP-DEDUCTION SCREEN; NOT A SELECTED HARDWARE MASS,"PRELIMINARY - CONFIGURATION AND PACKAGING CAD ONLY - NOT APPROVED FOR PROCUREMENT, FABRICATION, ASSEMBLY, POWERED TESTING, MOTION, OR ENERGIZATION"
JHW-JMOD_R_GRIPPER_INTERFACE_PLATE_B,JOINT HARDWARE CAD DENSITY SCREEN,JMOD_R_GRIPPER_INTERFACE_PLATE_B,R_hand,ALUMINUM GEOMETRIC DENSITY SCREEN,2700.0,3353.429741,0.009054260,0.009054260,0.009054260,-0.124500000,-0.000000000,0.252000000,"candidate envelope volume times generic density; exact component geometry, voids, fits and received mass unverified",GROSS NO-OVERLAP-DEDUCTION SCREEN; NOT A SELECTED HARDWARE MASS,"PRELIMINARY - CONFIGURATION AND PACKAGING CAD ONLY - NOT APPROVED FOR PROCUREMENT, FABRICATION, ASSEMBLY, POWERED TESTING, MOTION, OR ENERGIZATION"
JHW-JMOD_R_GRIPPER_SYMMETRIC_DRIVE_COUPLER,JOINT HARDWARE CAD DENSITY SCREEN,JMOD_R_GRIPPER_SYMMETRIC_DRIVE_COUPLER,R_hand,ALUMINUM GEOMETRIC DENSITY SCREEN,2700.0,735.132681,0.001984858,0.001984858,0.001984858,-0.140000000,0.000000000,0.265000000,"candidate envelope volume times generic density; exact component geometry, voids, fits and received mass unverified",GROSS NO-OVERLAP-DEDUCTION SCREEN; NOT A SELECTED HARDWARE MASS,"PRELIMINARY - CONFIGURATION AND PACKAGING CAD ONLY - NOT APPROVED FOR PROCUREMENT, FABRICATION, ASSEMBLY, POWERED TESTING, MOTION, OR ENERGIZATION"
JHW-JMOD_R_HIP_YAW_OUTPUT_SHAFT,JOINT HARDWARE CAD DENSITY SCREEN,JMOD_R_HIP_YAW_OUTPUT_SHAFT,R_thigh,7075-T6/T651 ALUMINUM HOLLOW SHAFT DENSITY SCREEN,2810.0,6633.498021,0.018640129,0.018640129,0.018640129,-0.062500000,0.000000000,0.397000000,"candidate envelope volume times generic density; exact component geometry, voids, fits and received mass unverified",GROSS NO-OVERLAP-DEDUCTION SCREEN; NOT A SELECTED HARDWARE MASS,"PRELIMINARY - CONFIGURATION AND PACKAGING CAD ONLY - NOT APPROVED FOR PROCUREMENT, FABRICATION, ASSEMBLY, POWERED TESTING, MOTION, OR ENERGIZATION"
JHW-JMOD_R_HIP_YAW_BEARING_B_RING,JOINT HARDWARE CAD DENSITY SCREEN,JMOD_R_HIP_YAW_BEARING_B_RING,R_thigh,STEEL GEOMETRIC DENSITY SCREEN,7850.0,5131.100449,0.040279139,0.040279139,0.040279139,-0.062500000,0.000000000,0.423000000,"candidate envelope volume times generic density; exact component geometry, voids, fits and received mass unverified",GROSS NO-OVERLAP-DEDUCTION SCREEN; NOT A SELECTED HARDWARE MASS,"PRELIMINARY - CONFIGURATION AND PACKAGING CAD ONLY - NOT APPROVED FOR PROCUREMENT, FABRICATION, ASSEMBLY, POWERED TESTING, MOTION, OR ENERGIZATION"
JHW-JMOD_R_HIP_YAW_INTERFACE_PLATE_B,JOINT HARDWARE CAD DENSITY SCREEN,JMOD_R_HIP_YAW_INTERFACE_PLATE_B,R_thigh,ALUMINUM GEOMETRIC DENSITY SCREEN,2700.0,15145.106542,0.040891788,0.040891788,0.040891788,-0.062500000,-0.000000000,0.429500000,"candidate envelope volume times generic density; exact component geometry, voids, fits and received mass unverified",GROSS NO-OVERLAP-DEDUCTION SCREEN; NOT A SELECTED HARDWARE MASS,"PRELIMINARY - CONFIGURATION AND PACKAGING CAD ONLY - NOT APPROVED FOR PROCUREMENT, FABRICATION, ASSEMBLY, POWERED TESTING, MOTION, OR ENERGIZATION"
JHW-JMOD_R_HIP_YAW_ACTUATOR_OUTPUT_COUPLER,JOINT HARDWARE CAD DENSITY SCREEN,JMOD_R_HIP_YAW_ACTUATOR_OUTPUT_COUPLER,R_thigh,STEEL GEOMETRIC DENSITY SCREEN,7850.0,4867.890277,0.038212939,0.038212939,0.038212939,-0.062500000,-0.000000000,0.366500000,"candidate envelope volume times generic density; exact component geometry, voids, fits and received mass unverified",GROSS NO-OVERLAP-DEDUCTION SCREEN; NOT A SELECTED HARDWARE MASS,"PRELIMINARY - CONFIGURATION AND PACKAGING CAD ONLY - NOT APPROVED FOR PROCUREMENT, FABRICATION, ASSEMBLY, POWERED TESTING, MOTION, OR ENERGIZATION"
JHW-JMOD_R_HIP_ROLL_OUTPUT_SHAFT,JOINT HARDWARE CAD DENSITY SCREEN,JMOD_R_HIP_ROLL_OUTPUT_SHAFT,R_thigh,7075-T6/T651 ALUMINUM HOLLOW SHAFT DENSITY SCREEN,2810.0,7012.555051,0.019705280,0.019705280,0.019705280,-0.062500000,-0.000000000,0.388000000,"candidate envelope volume times generic density; exact component geometry, voids, fits and received mass unverified",GROSS NO-OVERLAP-DEDUCTION SCREEN; NOT A SELECTED HARDWARE MASS,"PRELIMINARY - CONFIGURATION AND PACKAGING CAD ONLY - NOT APPROVED FOR PROCUREMENT, FABRICATION, ASSEMBLY, POWERED TESTING, MOTION, OR ENERGIZATION"
JHW-JMOD_R_HIP_ROLL_BEARING_A_RING,JOINT HARDWARE CAD DENSITY SCREEN,JMOD_R_HIP_ROLL_BEARING_A_RING,R_thigh,STEEL GEOMETRIC DENSITY SCREEN,7850.0,5131.100449,0.040279139,0.040279139,0.040279139,-0.062500000,-0.028000000,0.388000000,"candidate envelope volume times generic density; exact component geometry, voids, fits and received mass unverified",GROSS NO-OVERLAP-DEDUCTION SCREEN; NOT A SELECTED HARDWARE MASS,"PRELIMINARY - CONFIGURATION AND PACKAGING CAD ONLY - NOT APPROVED FOR PROCUREMENT, FABRICATION, ASSEMBLY, POWERED TESTING, MOTION, OR ENERGIZATION"
JHW-JMOD_R_HIP_ROLL_INTERFACE_PLATE_A,JOINT HARDWARE CAD DENSITY SCREEN,JMOD_R_HIP_ROLL_INTERFACE_PLATE_A,R_thigh,ALUMINUM GEOMETRIC DENSITY SCREEN,2700.0,11030.272431,0.029781736,0.029781736,0.029781736,-0.062500000,-0.034500000,0.388000000,"candidate envelope volume times generic density; exact component geometry, voids, fits and received mass unverified",GROSS NO-OVERLAP-DEDUCTION SCREEN; NOT A SELECTED HARDWARE MASS,"PRELIMINARY - CONFIGURATION AND PACKAGING CAD ONLY - NOT APPROVED FOR PROCUREMENT, FABRICATION, ASSEMBLY, POWERED TESTING, MOTION, OR ENERGIZATION"
JHW-JMOD_R_HIP_ROLL_BEARING_B_RING,JOINT HARDWARE CAD DENSITY SCREEN,JMOD_R_HIP_ROLL_BEARING_B_RING,R_thigh,STEEL GEOMETRIC DENSITY SCREEN,7850.0,5131.100449,0.040279139,0.040279139,0.040279139,-0.062500000,0.028000000,0.388000000,"candidate envelope volume times generic density; exact component geometry, voids, fits and received mass unverified",GROSS NO-OVERLAP-DEDUCTION SCREEN; NOT A SELECTED HARDWARE MASS,"PRELIMINARY - CONFIGURATION AND PACKAGING CAD ONLY - NOT APPROVED FOR PROCUREMENT, FABRICATION, ASSEMBLY, POWERED TESTING, MOTION, OR ENERGIZATION"
JHW-JMOD_R_HIP_ROLL_INTERFACE_PLATE_B,JOINT HARDWARE CAD DENSITY SCREEN,JMOD_R_HIP_ROLL_INTERFACE_PLATE_B,R_thigh,ALUMINUM GEOMETRIC DENSITY SCREEN,2700.0,11030.272431,0.029781736,0.029781736,0.029781736,-0.062500000,0.034500000,0.388000000,"candidate envelope volume times generic density; exact component geometry, voids, fits and received mass unverified",GROSS NO-OVERLAP-DEDUCTION SCREEN; NOT A SELECTED HARDWARE MASS,"PRELIMINARY - CONFIGURATION AND PACKAGING CAD ONLY - NOT APPROVED FOR PROCUREMENT, FABRICATION, ASSEMBLY, POWERED TESTING, MOTION, OR ENERGIZATION"
JHW-JMOD_R_HIP_ROLL_OUTPUT_PULLEY,JOINT HARDWARE CAD DENSITY SCREEN,JMOD_R_HIP_ROLL_OUTPUT_PULLEY,R_thigh,ALUMINUM GEOMETRIC DENSITY SCREEN,2700.0,12318.227138,0.033259213,0.033259213,0.033259213,-0.062500000,-0.000000000,0.388000000,"candidate envelope volume times generic density; exact component geometry, voids, fits and received mass unverified",GROSS NO-OVERLAP-DEDUCTION SCREEN; NOT A SELECTED HARDWARE MASS,"PRELIMINARY - CONFIGURATION AND PACKAGING CAD ONLY - NOT APPROVED FOR PROCUREMENT, FABRICATION, ASSEMBLY, POWERED TESTING, MOTION, OR ENERGIZATION"
JHW-JMOD_R_HIP_ROLL_MOTOR_PULLEY,JOINT HARDWARE CAD DENSITY SCREEN,JMOD_R_HIP_ROLL_MOTOR_PULLEY,R_thigh,ALUMINUM GEOMETRIC DENSITY SCREEN,2700.0,4517.969817,0.012198519,0.012198519,0.012198519,-0.062500000,-0.000000000,0.342000000,"candidate envelope volume times generic density; exact component geometry, voids, fits and received mass unverified",GROSS NO-OVERLAP-DEDUCTION SCREEN; NOT A SELECTED HARDWARE MASS,"PRELIMINARY - CONFIGURATION AND PACKAGING CAD ONLY - NOT APPROVED FOR PROCUREMENT, FABRICATION, ASSEMBLY, POWERED TESTING, MOTION, OR ENERGIZATION"
JHW-JMOD_R_HIP_PITCH_OUTPUT_SHAFT,JOINT HARDWARE CAD DENSITY SCREEN,JMOD_R_HIP_PITCH_OUTPUT_SHAFT,R_thigh,7075-T6/T651 ALUMINUM HOLLOW SHAFT DENSITY SCREEN,2810.0,7012.555051,0.019705280,0.019705280,0.019705280,-0.062500000,-0.000000000,0.380000000,"candidate envelope volume times generic density; exact component geometry, voids, fits and received mass unverified",GROSS NO-OVERLAP-DEDUCTION SCREEN; NOT A SELECTED HARDWARE MASS,"PRELIMINARY - CONFIGURATION AND PACKAGING CAD ONLY - NOT APPROVED FOR PROCUREMENT, FABRICATION, ASSEMBLY, POWERED TESTING, MOTION, OR ENERGIZATION"
JHW-JMOD_R_HIP_PITCH_BEARING_A_RING,JOINT HARDWARE CAD DENSITY SCREEN,JMOD_R_HIP_PITCH_BEARING_A_RING,R_thigh,STEEL GEOMETRIC DENSITY SCREEN,7850.0,5131.100449,0.040279139,0.040279139,0.040279139,-0.090500000,-0.000000000,0.380000000,"candidate envelope volume times generic density; exact component geometry, voids, fits and received mass unverified",GROSS NO-OVERLAP-DEDUCTION SCREEN; NOT A SELECTED HARDWARE MASS,"PRELIMINARY - CONFIGURATION AND PACKAGING CAD ONLY - NOT APPROVED FOR PROCUREMENT, FABRICATION, ASSEMBLY, POWERED TESTING, MOTION, OR ENERGIZATION"
JHW-JMOD_R_HIP_PITCH_INTERFACE_PLATE_A,JOINT HARDWARE CAD DENSITY SCREEN,JMOD_R_HIP_PITCH_INTERFACE_PLATE_A,R_thigh,ALUMINUM GEOMETRIC DENSITY SCREEN,2700.0,9950.272431,0.026865736,0.026865736,0.026865736,-0.097000000,0.000000000,0.380000000,"candidate envelope volume times generic density; exact component geometry, voids, fits and received mass unverified",GROSS NO-OVERLAP-DEDUCTION SCREEN; NOT A SELECTED HARDWARE MASS,"PRELIMINARY - CONFIGURATION AND PACKAGING CAD ONLY - NOT APPROVED FOR PROCUREMENT, FABRICATION, ASSEMBLY, POWERED TESTING, MOTION, OR ENERGIZATION"
JHW-JMOD_R_HIP_PITCH_BEARING_B_RING,JOINT HARDWARE CAD DENSITY SCREEN,JMOD_R_HIP_PITCH_BEARING_B_RING,R_thigh,STEEL GEOMETRIC DENSITY SCREEN,7850.0,5131.100449,0.040279139,0.040279139,0.040279139,-0.034500000,-0.000000000,0.380000000,"candidate envelope volume times generic density; exact component geometry, voids, fits and received mass unverified",GROSS NO-OVERLAP-DEDUCTION SCREEN; NOT A SELECTED HARDWARE MASS,"PRELIMINARY - CONFIGURATION AND PACKAGING CAD ONLY - NOT APPROVED FOR PROCUREMENT, FABRICATION, ASSEMBLY, POWERED TESTING, MOTION, OR ENERGIZATION"
JHW-JMOD_R_HIP_PITCH_INTERFACE_PLATE_B,JOINT HARDWARE CAD DENSITY SCREEN,JMOD_R_HIP_PITCH_INTERFACE_PLATE_B,R_thigh,ALUMINUM GEOMETRIC DENSITY SCREEN,2700.0,9950.272431,0.026865736,0.026865736,0.026865736,-0.028000000,0.000000000,0.380000000,"candidate envelope volume times generic density; exact component geometry, voids, fits and received mass unverified",GROSS NO-OVERLAP-DEDUCTION SCREEN; NOT A SELECTED HARDWARE MASS,"PRELIMINARY - CONFIGURATION AND PACKAGING CAD ONLY - NOT APPROVED FOR PROCUREMENT, FABRICATION, ASSEMBLY, POWERED TESTING, MOTION, OR ENERGIZATION"
JHW-JMOD_R_HIP_PITCH_OUTPUT_PULLEY,JOINT HARDWARE CAD DENSITY SCREEN,JMOD_R_HIP_PITCH_OUTPUT_PULLEY,R_thigh,ALUMINUM GEOMETRIC DENSITY SCREEN,2700.0,10834.872618,0.029254156,0.029254156,0.029254156,-0.062500000,-0.000000000,0.380000000,"candidate envelope volume times generic density; exact component geometry, voids, fits and received mass unverified",GROSS NO-OVERLAP-DEDUCTION SCREEN; NOT A SELECTED HARDWARE MASS,"PRELIMINARY - CONFIGURATION AND PACKAGING CAD ONLY - NOT APPROVED FOR PROCUREMENT, FABRICATION, ASSEMBLY, POWERED TESTING, MOTION, OR ENERGIZATION"
JHW-JMOD_R_HIP_PITCH_MOTOR_PULLEY,JOINT HARDWARE CAD DENSITY SCREEN,JMOD_R_HIP_PITCH_MOTOR_PULLEY,R_thigh,ALUMINUM GEOMETRIC DENSITY SCREEN,2700.0,5516.607771,0.014894841,0.014894841,0.014894841,-0.062500000,-0.000000000,0.336000000,"candidate envelope volume times generic density; exact component geometry, voids, fits and received mass unverified",GROSS NO-OVERLAP-DEDUCTION SCREEN; NOT A SELECTED HARDWARE MASS,"PRELIMINARY - CONFIGURATION AND PACKAGING CAD ONLY - NOT APPROVED FOR PROCUREMENT, FABRICATION, ASSEMBLY, POWERED TESTING, MOTION, OR ENERGIZATION"
JHW-JMOD_R_KNEE_PITCH_OUTPUT_SHAFT,JOINT HARDWARE CAD DENSITY SCREEN,JMOD_R_KNEE_PITCH_OUTPUT_SHAFT,R_thigh,7075-T6/T651 ALUMINUM HOLLOW SHAFT DENSITY SCREEN,2810.0,7012.555051,0.019705280,0.019705280,0.019705280,-0.062500000,-0.000000000,0.210000000,"candidate envelope volume times generic density; exact component geometry, voids, fits and received mass unverified",GROSS NO-OVERLAP-DEDUCTION SCREEN; NOT A SELECTED HARDWARE MASS,"PRELIMINARY - CONFIGURATION AND PACKAGING CAD ONLY - NOT APPROVED FOR PROCUREMENT, FABRICATION, ASSEMBLY, POWERED TESTING, MOTION, OR ENERGIZATION"
JHW-JMOD_R_KNEE_PITCH_BEARING_A_RING,JOINT HARDWARE CAD DENSITY SCREEN,JMOD_R_KNEE_PITCH_BEARING_A_RING,R_thigh,STEEL GEOMETRIC DENSITY SCREEN,7850.0,5131.100449,0.040279139,0.040279139,0.040279139,-0.090500000,-0.000000000,0.210000000,"candidate envelope volume times generic density; exact component geometry, voids, fits and received mass unverified",GROSS NO-OVERLAP-DEDUCTION SCREEN; NOT A SELECTED HARDWARE MASS,"PRELIMINARY - CONFIGURATION AND PACKAGING CAD ONLY - NOT APPROVED FOR PROCUREMENT, FABRICATION, ASSEMBLY, POWERED TESTING, MOTION, OR ENERGIZATION"
JHW-JMOD_R_KNEE_PITCH_INTERFACE_PLATE_A,JOINT HARDWARE CAD DENSITY SCREEN,JMOD_R_KNEE_PITCH_INTERFACE_PLATE_A,R_thigh,ALUMINUM GEOMETRIC DENSITY SCREEN,2700.0,9950.272431,0.026865736,0.026865736,0.026865736,-0.097000000,0.000000000,0.210000000,"candidate envelope volume times generic density; exact component geometry, voids, fits and received mass unverified",GROSS NO-OVERLAP-DEDUCTION SCREEN; NOT A SELECTED HARDWARE MASS,"PRELIMINARY - CONFIGURATION AND PACKAGING CAD ONLY - NOT APPROVED FOR PROCUREMENT, FABRICATION, ASSEMBLY, POWERED TESTING, MOTION, OR ENERGIZATION"
JHW-JMOD_R_KNEE_PITCH_BEARING_B_RING,JOINT HARDWARE CAD DENSITY SCREEN,JMOD_R_KNEE_PITCH_BEARING_B_RING,R_thigh,STEEL GEOMETRIC DENSITY SCREEN,7850.0,5131.100449,0.040279139,0.040279139,0.040279139,-0.034500000,-0.000000000,0.210000000,"candidate envelope volume times generic density; exact component geometry, voids, fits and received mass unverified",GROSS NO-OVERLAP-DEDUCTION SCREEN; NOT A SELECTED HARDWARE MASS,"PRELIMINARY - CONFIGURATION AND PACKAGING CAD ONLY - NOT APPROVED FOR PROCUREMENT, FABRICATION, ASSEMBLY, POWERED TESTING, MOTION, OR ENERGIZATION"
JHW-JMOD_R_KNEE_PITCH_INTERFACE_PLATE_B,JOINT HARDWARE CAD DENSITY SCREEN,JMOD_R_KNEE_PITCH_INTERFACE_PLATE_B,R_thigh,ALUMINUM GEOMETRIC DENSITY SCREEN,2700.0,9950.272431,0.026865736,0.026865736,0.026865736,-0.028000000,0.000000000,0.210000000,"candidate envelope volume times generic density; exact component geometry, voids, fits and received mass unverified",GROSS NO-OVERLAP-DEDUCTION SCREEN; NOT A SELECTED HARDWARE MASS,"PRELIMINARY - CONFIGURATION AND PACKAGING CAD ONLY - NOT APPROVED FOR PROCUREMENT, FABRICATION, ASSEMBLY, POWERED TESTING, MOTION, OR ENERGIZATION"
JHW-JMOD_R_KNEE_PITCH_OUTPUT_PULLEY,JOINT HARDWARE CAD DENSITY SCREEN,JMOD_R_KNEE_PITCH_OUTPUT_PULLEY,R_thigh,ALUMINUM GEOMETRIC DENSITY SCREEN,2700.0,10834.872618,0.029254156,0.029254156,0.029254156,-0.062500000,-0.000000000,0.210000000,"candidate envelope volume times generic density; exact component geometry, voids, fits and received mass unverified",GROSS NO-OVERLAP-DEDUCTION SCREEN; NOT A SELECTED HARDWARE MASS,"PRELIMINARY - CONFIGURATION AND PACKAGING CAD ONLY - NOT APPROVED FOR PROCUREMENT, FABRICATION, ASSEMBLY, POWERED TESTING, MOTION, OR ENERGIZATION"
JHW-JMOD_R_KNEE_PITCH_MOTOR_PULLEY,JOINT HARDWARE CAD DENSITY SCREEN,JMOD_R_KNEE_PITCH_MOTOR_PULLEY,R_thigh,ALUMINUM GEOMETRIC DENSITY SCREEN,2700.0,5516.607771,0.014894841,0.014894841,0.014894841,-0.062500000,-0.000000000,0.254000000,"candidate envelope volume times generic density; exact component geometry, voids, fits and received mass unverified",GROSS NO-OVERLAP-DEDUCTION SCREEN; NOT A SELECTED HARDWARE MASS,"PRELIMINARY - CONFIGURATION AND PACKAGING CAD ONLY - NOT APPROVED FOR PROCUREMENT, FABRICATION, ASSEMBLY, POWERED TESTING, MOTION, OR ENERGIZATION"
JHW-JMOD_R_ANKLE_PITCH_OUTPUT_SHAFT,JOINT HARDWARE CAD DENSITY SCREEN,JMOD_R_ANKLE_PITCH_OUTPUT_SHAFT,R_shin,7075-T6/T651 ALUMINUM HOLLOW SHAFT DENSITY SCREEN,2810.0,7012.555051,0.019705280,0.019705280,0.019705280,-0.062500000,-0.000000000,0.045000000,"candidate envelope volume times generic density; exact component geometry, voids, fits and received mass unverified",GROSS NO-OVERLAP-DEDUCTION SCREEN; NOT A SELECTED HARDWARE MASS,"PRELIMINARY - CONFIGURATION AND PACKAGING CAD ONLY - NOT APPROVED FOR PROCUREMENT, FABRICATION, ASSEMBLY, POWERED TESTING, MOTION, OR ENERGIZATION"
JHW-JMOD_R_ANKLE_PITCH_BEARING_A_RING,JOINT HARDWARE CAD DENSITY SCREEN,JMOD_R_ANKLE_PITCH_BEARING_A_RING,R_shin,STEEL GEOMETRIC DENSITY SCREEN,7850.0,5131.100449,0.040279139,0.040279139,0.040279139,-0.090500000,-0.000000000,0.045000000,"candidate envelope volume times generic density; exact component geometry, voids, fits and received mass unverified",GROSS NO-OVERLAP-DEDUCTION SCREEN; NOT A SELECTED HARDWARE MASS,"PRELIMINARY - CONFIGURATION AND PACKAGING CAD ONLY - NOT APPROVED FOR PROCUREMENT, FABRICATION, ASSEMBLY, POWERED TESTING, MOTION, OR ENERGIZATION"
JHW-JMOD_R_ANKLE_PITCH_INTERFACE_PLATE_A,JOINT HARDWARE CAD DENSITY SCREEN,JMOD_R_ANKLE_PITCH_INTERFACE_PLATE_A,R_shin,ALUMINUM GEOMETRIC DENSITY SCREEN,2700.0,9950.272431,0.026865736,0.026865736,0.026865736,-0.097000000,-0.000000000,0.045000000,"candidate envelope volume times generic density; exact component geometry, voids, fits and received mass unverified",GROSS NO-OVERLAP-DEDUCTION SCREEN; NOT A SELECTED HARDWARE MASS,"PRELIMINARY - CONFIGURATION AND PACKAGING CAD ONLY - NOT APPROVED FOR PROCUREMENT, FABRICATION, ASSEMBLY, POWERED TESTING, MOTION, OR ENERGIZATION"
JHW-JMOD_R_ANKLE_PITCH_BEARING_B_RING,JOINT HARDWARE CAD DENSITY SCREEN,JMOD_R_ANKLE_PITCH_BEARING_B_RING,R_shin,STEEL GEOMETRIC DENSITY SCREEN,7850.0,5131.100449,0.040279139,0.040279139,0.040279139,-0.034500000,-0.000000000,0.045000000,"candidate envelope volume times generic density; exact component geometry, voids, fits and received mass unverified",GROSS NO-OVERLAP-DEDUCTION SCREEN; NOT A SELECTED HARDWARE MASS,"PRELIMINARY - CONFIGURATION AND PACKAGING CAD ONLY - NOT APPROVED FOR PROCUREMENT, FABRICATION, ASSEMBLY, POWERED TESTING, MOTION, OR ENERGIZATION"
JHW-JMOD_R_ANKLE_PITCH_INTERFACE_PLATE_B,JOINT HARDWARE CAD DENSITY SCREEN,JMOD_R_ANKLE_PITCH_INTERFACE_PLATE_B,R_shin,ALUMINUM GEOMETRIC DENSITY SCREEN,2700.0,9950.272431,0.026865736,0.026865736,0.026865736,-0.028000000,-0.000000000,0.045000000,"candidate envelope volume times generic density; exact component geometry, voids, fits and received mass unverified",GROSS NO-OVERLAP-DEDUCTION SCREEN; NOT A SELECTED HARDWARE MASS,"PRELIMINARY - CONFIGURATION AND PACKAGING CAD ONLY - NOT APPROVED FOR PROCUREMENT, FABRICATION, ASSEMBLY, POWERED TESTING, MOTION, OR ENERGIZATION"
JHW-JMOD_R_ANKLE_PITCH_OUTPUT_PULLEY,JOINT HARDWARE CAD DENSITY SCREEN,JMOD_R_ANKLE_PITCH_OUTPUT_PULLEY,R_shin,ALUMINUM GEOMETRIC DENSITY SCREEN,2700.0,10834.872618,0.029254156,0.029254156,0.029254156,-0.062500000,-0.000000000,0.045000000,"candidate envelope volume times generic density; exact component geometry, voids, fits and received mass unverified",GROSS NO-OVERLAP-DEDUCTION SCREEN; NOT A SELECTED HARDWARE MASS,"PRELIMINARY - CONFIGURATION AND PACKAGING CAD ONLY - NOT APPROVED FOR PROCUREMENT, FABRICATION, ASSEMBLY, POWERED TESTING, MOTION, OR ENERGIZATION"
JHW-JMOD_R_ANKLE_PITCH_MOTOR_PULLEY,JOINT HARDWARE CAD DENSITY SCREEN,JMOD_R_ANKLE_PITCH_MOTOR_PULLEY,R_shin,ALUMINUM GEOMETRIC DENSITY SCREEN,2700.0,5516.607771,0.014894841,0.014894841,0.014894841,-0.062500000,-0.000000000,0.089000000,"candidate envelope volume times generic density; exact component geometry, voids, fits and received mass unverified",GROSS NO-OVERLAP-DEDUCTION SCREEN; NOT A SELECTED HARDWARE MASS,"PRELIMINARY - CONFIGURATION AND PACKAGING CAD ONLY - NOT APPROVED FOR PROCUREMENT, FABRICATION, ASSEMBLY, POWERED TESTING, MOTION, OR ENERGIZATION"
JHW-JMOD_R_ANKLE_ROLL_OUTPUT_SHAFT,JOINT HARDWARE CAD DENSITY SCREEN,JMOD_R_ANKLE_ROLL_OUTPUT_SHAFT,R_shin,7075-T6/T651 ALUMINUM HOLLOW SHAFT DENSITY SCREEN,2810.0,7012.555051,0.019705280,0.019705280,0.019705280,-0.062500000,0.000000000,0.037000000,"candidate envelope volume times generic density; exact component geometry, voids, fits and received mass unverified",GROSS NO-OVERLAP-DEDUCTION SCREEN; NOT A SELECTED HARDWARE MASS,"PRELIMINARY - CONFIGURATION AND PACKAGING CAD ONLY - NOT APPROVED FOR PROCUREMENT, FABRICATION, ASSEMBLY, POWERED TESTING, MOTION, OR ENERGIZATION"
JHW-JMOD_R_ANKLE_ROLL_BEARING_A_RING,JOINT HARDWARE CAD DENSITY SCREEN,JMOD_R_ANKLE_ROLL_BEARING_A_RING,R_shin,STEEL GEOMETRIC DENSITY SCREEN,7850.0,5131.100449,0.040279139,0.040279139,0.040279139,-0.062500000,-0.028000000,0.037000000,"candidate envelope volume times generic density; exact component geometry, voids, fits and received mass unverified",GROSS NO-OVERLAP-DEDUCTION SCREEN; NOT A SELECTED HARDWARE MASS,"PRELIMINARY - CONFIGURATION AND PACKAGING CAD ONLY - NOT APPROVED FOR PROCUREMENT, FABRICATION, ASSEMBLY, POWERED TESTING, MOTION, OR ENERGIZATION"
JHW-JMOD_R_ANKLE_ROLL_INTERFACE_PLATE_A,JOINT HARDWARE CAD DENSITY SCREEN,JMOD_R_ANKLE_ROLL_INTERFACE_PLATE_A,R_shin,ALUMINUM GEOMETRIC DENSITY SCREEN,2700.0,11030.272431,0.029781736,0.029781736,0.029781736,-0.062500000,-0.034500000,0.037000000,"candidate envelope volume times generic density; exact component geometry, voids, fits and received mass unverified",GROSS NO-OVERLAP-DEDUCTION SCREEN; NOT A SELECTED HARDWARE MASS,"PRELIMINARY - CONFIGURATION AND PACKAGING CAD ONLY - NOT APPROVED FOR PROCUREMENT, FABRICATION, ASSEMBLY, POWERED TESTING, MOTION, OR ENERGIZATION"
JHW-JMOD_R_ANKLE_ROLL_BEARING_B_RING,JOINT HARDWARE CAD DENSITY SCREEN,JMOD_R_ANKLE_ROLL_BEARING_B_RING,R_shin,STEEL GEOMETRIC DENSITY SCREEN,7850.0,5131.100449,0.040279139,0.040279139,0.040279139,-0.062500000,0.028000000,0.037000000,"candidate envelope volume times generic density; exact component geometry, voids, fits and received mass unverified",GROSS NO-OVERLAP-DEDUCTION SCREEN; NOT A SELECTED HARDWARE MASS,"PRELIMINARY - CONFIGURATION AND PACKAGING CAD ONLY - NOT APPROVED FOR PROCUREMENT, FABRICATION, ASSEMBLY, POWERED TESTING, MOTION, OR ENERGIZATION"
JHW-JMOD_R_ANKLE_ROLL_INTERFACE_PLATE_B,JOINT HARDWARE CAD DENSITY SCREEN,JMOD_R_ANKLE_ROLL_INTERFACE_PLATE_B,R_shin,ALUMINUM GEOMETRIC DENSITY SCREEN,2700.0,11030.272431,0.029781736,0.029781736,0.029781736,-0.062500000,0.034500000,0.037000000,"candidate envelope volume times generic density; exact component geometry, voids, fits and received mass unverified",GROSS NO-OVERLAP-DEDUCTION SCREEN; NOT A SELECTED HARDWARE MASS,"PRELIMINARY - CONFIGURATION AND PACKAGING CAD ONLY - NOT APPROVED FOR PROCUREMENT, FABRICATION, ASSEMBLY, POWERED TESTING, MOTION, OR ENERGIZATION"
JHW-JMOD_R_ANKLE_ROLL_OUTPUT_PULLEY,JOINT HARDWARE CAD DENSITY SCREEN,JMOD_R_ANKLE_ROLL_OUTPUT_PULLEY,R_shin,ALUMINUM GEOMETRIC DENSITY SCREEN,2700.0,12318.227138,0.033259213,0.033259213,0.033259213,-0.062500000,0.000000000,0.037000000,"candidate envelope volume times generic density; exact component geometry, voids, fits and received mass unverified",GROSS NO-OVERLAP-DEDUCTION SCREEN; NOT A SELECTED HARDWARE MASS,"PRELIMINARY - CONFIGURATION AND PACKAGING CAD ONLY - NOT APPROVED FOR PROCUREMENT, FABRICATION, ASSEMBLY, POWERED TESTING, MOTION, OR ENERGIZATION"
JHW-JMOD_R_ANKLE_ROLL_MOTOR_PULLEY,JOINT HARDWARE CAD DENSITY SCREEN,JMOD_R_ANKLE_ROLL_MOTOR_PULLEY,R_shin,ALUMINUM GEOMETRIC DENSITY SCREEN,2700.0,4517.969817,0.012198519,0.012198519,0.012198519,-0.062500000,-0.000000000,0.083000000,"candidate envelope volume times generic density; exact component geometry, voids, fits and received mass unverified",GROSS NO-OVERLAP-DEDUCTION SCREEN; NOT A SELECTED HARDWARE MASS,"PRELIMINARY - CONFIGURATION AND PACKAGING CAD ONLY - NOT APPROVED FOR PROCUREMENT, FABRICATION, ASSEMBLY, POWERED TESTING, MOTION, OR ENERGIZATION"
