pose_id,link_a,link_b,clearance_mm,common_volume_mm3,interference,planning_clearance_state,model_boundary,authority
P00_NEUTRAL_STAND,L_ankle_pitch_link,L_forearm,208.269235,0.000000,NO,PASS,NOMINAL RIGID LINK ENVELOPES; TOLERANCE/COVERS/CABLES/TRACKING ERROR OPEN,NO MOTION OR SAFETY CREDIT
P00_NEUTRAL_STAND,L_ankle_pitch_link,L_gripper,129.155913,0.000000,NO,PASS,NOMINAL RIGID LINK ENVELOPES; TOLERANCE/COVERS/CABLES/TRACKING ERROR OPEN,NO MOTION OR SAFETY CREDIT
P00_NEUTRAL_STAND,L_ankle_pitch_link,L_hand,161.211829,0.000000,NO,PASS,NOMINAL RIGID LINK ENVELOPES; TOLERANCE/COVERS/CABLES/TRACKING ERROR OPEN,NO MOTION OR SAFETY CREDIT
P00_NEUTRAL_STAND,L_ankle_pitch_link,L_hip_roll_link,297.000000,0.000000,NO,PASS,NOMINAL RIGID LINK ENVELOPES; TOLERANCE/COVERS/CABLES/TRACKING ERROR OPEN,NO MOTION OR SAFETY CREDIT
P00_NEUTRAL_STAND,L_ankle_pitch_link,L_hip_yaw_link,306.000000,0.000000,NO,PASS,NOMINAL RIGID LINK ENVELOPES; TOLERANCE/COVERS/CABLES/TRACKING ERROR OPEN,NO MOTION OR SAFETY CREDIT
P00_NEUTRAL_STAND,L_ankle_pitch_link,L_shoulder_pitch_link,481.168000,0.000000,NO,PASS,NOMINAL RIGID LINK ENVELOPES; TOLERANCE/COVERS/CABLES/TRACKING ERROR OPEN,NO MOTION OR SAFETY CREDIT
P00_NEUTRAL_STAND,L_ankle_pitch_link,L_thigh,172.742000,0.000000,NO,PASS,NOMINAL RIGID LINK ENVELOPES; TOLERANCE/COVERS/CABLES/TRACKING ERROR OPEN,NO MOTION OR SAFETY CREDIT
P00_NEUTRAL_STAND,L_ankle_pitch_link,L_upper_arm,357.079000,0.000000,NO,PASS,NOMINAL RIGID LINK ENVELOPES; TOLERANCE/COVERS/CABLES/TRACKING ERROR OPEN,NO MOTION OR SAFETY CREDIT
P00_NEUTRAL_STAND,L_ankle_pitch_link,R_ankle_pitch_link,59.000000,0.000000,NO,PASS,NOMINAL RIGID LINK ENVELOPES; TOLERANCE/COVERS/CABLES/TRACKING ERROR OPEN,NO MOTION OR SAFETY CREDIT
P00_NEUTRAL_STAND,L_ankle_pitch_link,R_foot,47.000000,0.000000,NO,PASS,NOMINAL RIGID LINK ENVELOPES; TOLERANCE/COVERS/CABLES/TRACKING ERROR OPEN,NO MOTION OR SAFETY CREDIT
P00_NEUTRAL_STAND,L_ankle_pitch_link,R_forearm,253.294305,0.000000,NO,PASS,NOMINAL RIGID LINK ENVELOPES; TOLERANCE/COVERS/CABLES/TRACKING ERROR OPEN,NO MOTION OR SAFETY CREDIT
P00_NEUTRAL_STAND,L_ankle_pitch_link,R_gripper,201.075234,0.000000,NO,PASS,NOMINAL RIGID LINK ENVELOPES; TOLERANCE/COVERS/CABLES/TRACKING ERROR OPEN,NO MOTION OR SAFETY CREDIT
P00_NEUTRAL_STAND,L_ankle_pitch_link,R_hand,218.110973,0.000000,NO,PASS,NOMINAL RIGID LINK ENVELOPES; TOLERANCE/COVERS/CABLES/TRACKING ERROR OPEN,NO MOTION OR SAFETY CREDIT
P00_NEUTRAL_STAND,L_ankle_pitch_link,R_hip_roll_link,303.402373,0.000000,NO,PASS,NOMINAL RIGID LINK ENVELOPES; TOLERANCE/COVERS/CABLES/TRACKING ERROR OPEN,NO MOTION OR SAFETY CREDIT
P00_NEUTRAL_STAND,L_ankle_pitch_link,R_hip_yaw_link,312.217872,0.000000,NO,PASS,NOMINAL RIGID LINK ENVELOPES; TOLERANCE/COVERS/CABLES/TRACKING ERROR OPEN,NO MOTION OR SAFETY CREDIT
P00_NEUTRAL_STAND,L_ankle_pitch_link,R_shin,57.957000,0.000000,NO,PASS,NOMINAL RIGID LINK ENVELOPES; TOLERANCE/COVERS/CABLES/TRACKING ERROR OPEN,NO MOTION OR SAFETY CREDIT
P00_NEUTRAL_STAND,L_ankle_pitch_link,R_shoulder_pitch_link,494.511098,0.000000,NO,PASS,NOMINAL RIGID LINK ENVELOPES; TOLERANCE/COVERS/CABLES/TRACKING ERROR OPEN,NO MOTION OR SAFETY CREDIT
P00_NEUTRAL_STAND,L_ankle_pitch_link,R_thigh,181.707770,0.000000,NO,PASS,NOMINAL RIGID LINK ENVELOPES; TOLERANCE/COVERS/CABLES/TRACKING ERROR OPEN,NO MOTION OR SAFETY CREDIT
P00_NEUTRAL_STAND,L_ankle_pitch_link,R_upper_arm,373.833506,0.000000,NO,PASS,NOMINAL RIGID LINK ENVELOPES; TOLERANCE/COVERS/CABLES/TRACKING ERROR OPEN,NO MOTION OR SAFETY CREDIT
P00_NEUTRAL_STAND,L_ankle_pitch_link,base_link,283.866000,0.000000,NO,PASS,NOMINAL RIGID LINK ENVELOPES; TOLERANCE/COVERS/CABLES/TRACKING ERROR OPEN,NO MOTION OR SAFETY CREDIT
P00_NEUTRAL_STAND,L_ankle_pitch_link,head,574.758000,0.000000,NO,PASS,NOMINAL RIGID LINK ENVELOPES; TOLERANCE/COVERS/CABLES/TRACKING ERROR OPEN,NO MOTION OR SAFETY CREDIT
P00_NEUTRAL_STAND,L_ankle_pitch_link,neck_pan_link,527.270801,0.000000,NO,PASS,NOMINAL RIGID LINK ENVELOPES; TOLERANCE/COVERS/CABLES/TRACKING ERROR OPEN,NO MOTION OR SAFETY CREDIT
P00_NEUTRAL_STAND,L_ankle_pitch_link,torso,376.791000,0.000000,NO,PASS,NOMINAL RIGID LINK ENVELOPES; TOLERANCE/COVERS/CABLES/TRACKING ERROR OPEN,NO MOTION OR SAFETY CREDIT
P00_NEUTRAL_STAND,L_foot,L_forearm,249.714129,0.000000,NO,PASS,NOMINAL RIGID LINK ENVELOPES; TOLERANCE/COVERS/CABLES/TRACKING ERROR OPEN,NO MOTION OR SAFETY CREDIT
P00_NEUTRAL_STAND,L_foot,L_gripper,168.266432,0.000000,NO,PASS,NOMINAL RIGID LINK ENVELOPES; TOLERANCE/COVERS/CABLES/TRACKING ERROR OPEN,NO MOTION OR SAFETY CREDIT
P00_NEUTRAL_STAND,L_foot,L_hand,201.800989,0.000000,NO,PASS,NOMINAL RIGID LINK ENVELOPES; TOLERANCE/COVERS/CABLES/TRACKING ERROR OPEN,NO MOTION OR SAFETY CREDIT
P00_NEUTRAL_STAND,L_foot,L_hip_roll_link,339.013000,0.000000,NO,PASS,NOMINAL RIGID LINK ENVELOPES; TOLERANCE/COVERS/CABLES/TRACKING ERROR OPEN,NO MOTION OR SAFETY CREDIT
P00_NEUTRAL_STAND,L_foot,L_hip_yaw_link,348.013000,0.000000,NO,PASS,NOMINAL RIGID LINK ENVELOPES; TOLERANCE/COVERS/CABLES/TRACKING ERROR OPEN,NO MOTION OR SAFETY CREDIT
P00_NEUTRAL_STAND,L_foot,L_shoulder_pitch_link,523.181000,0.000000,NO,PASS,NOMINAL RIGID LINK ENVELOPES; TOLERANCE/COVERS/CABLES/TRACKING ERROR OPEN,NO MOTION OR SAFETY CREDIT
P00_NEUTRAL_STAND,L_foot,L_thigh,214.755000,0.000000,NO,PASS,NOMINAL RIGID LINK ENVELOPES; TOLERANCE/COVERS/CABLES/TRACKING ERROR OPEN,NO MOTION OR SAFETY CREDIT
P00_NEUTRAL_STAND,L_foot,L_upper_arm,399.092000,0.000000,NO,PASS,NOMINAL RIGID LINK ENVELOPES; TOLERANCE/COVERS/CABLES/TRACKING ERROR OPEN,NO MOTION OR SAFETY CREDIT
P00_NEUTRAL_STAND,L_foot,R_ankle_pitch_link,47.000000,0.000000,NO,PASS,NOMINAL RIGID LINK ENVELOPES; TOLERANCE/COVERS/CABLES/TRACKING ERROR OPEN,NO MOTION OR SAFETY CREDIT
P00_NEUTRAL_STAND,L_foot,R_foot,35.000000,0.000000,NO,PASS,NOMINAL RIGID LINK ENVELOPES; TOLERANCE/COVERS/CABLES/TRACKING ERROR OPEN,NO MOTION OR SAFETY CREDIT
P00_NEUTRAL_STAND,L_foot,R_forearm,282.907442,0.000000,NO,PASS,NOMINAL RIGID LINK ENVELOPES; TOLERANCE/COVERS/CABLES/TRACKING ERROR OPEN,NO MOTION OR SAFETY CREDIT
P00_NEUTRAL_STAND,L_foot,R_gripper,221.503029,0.000000,NO,PASS,NOMINAL RIGID LINK ENVELOPES; TOLERANCE/COVERS/CABLES/TRACKING ERROR OPEN,NO MOTION OR SAFETY CREDIT
P00_NEUTRAL_STAND,L_foot,R_hand,243.529691,0.000000,NO,PASS,NOMINAL RIGID LINK ENVELOPES; TOLERANCE/COVERS/CABLES/TRACKING ERROR OPEN,NO MOTION OR SAFETY CREDIT
P00_NEUTRAL_STAND,L_foot,R_hip_roll_link,342.680338,0.000000,NO,PASS,NOMINAL RIGID LINK ENVELOPES; TOLERANCE/COVERS/CABLES/TRACKING ERROR OPEN,NO MOTION OR SAFETY CREDIT
P00_NEUTRAL_STAND,L_foot,R_hip_yaw_link,351.586473,0.000000,NO,PASS,NOMINAL RIGID LINK ENVELOPES; TOLERANCE/COVERS/CABLES/TRACKING ERROR OPEN,NO MOTION OR SAFETY CREDIT
P00_NEUTRAL_STAND,L_foot,R_shin,45.957000,0.000000,NO,PASS,NOMINAL RIGID LINK ENVELOPES; TOLERANCE/COVERS/CABLES/TRACKING ERROR OPEN,NO MOTION OR SAFETY CREDIT
P00_NEUTRAL_STAND,L_foot,R_shoulder_pitch_link,533.050246,0.000000,NO,PASS,NOMINAL RIGID LINK ENVELOPES; TOLERANCE/COVERS/CABLES/TRACKING ERROR OPEN,NO MOTION OR SAFETY CREDIT
P00_NEUTRAL_STAND,L_foot,R_thigh,219.291297,0.000000,NO,PASS,NOMINAL RIGID LINK ENVELOPES; TOLERANCE/COVERS/CABLES/TRACKING ERROR OPEN,NO MOTION OR SAFETY CREDIT
P00_NEUTRAL_STAND,L_foot,R_upper_arm,411.106573,0.000000,NO,PASS,NOMINAL RIGID LINK ENVELOPES; TOLERANCE/COVERS/CABLES/TRACKING ERROR OPEN,NO MOTION OR SAFETY CREDIT
P00_NEUTRAL_STAND,L_foot,base_link,325.879000,0.000000,NO,PASS,NOMINAL RIGID LINK ENVELOPES; TOLERANCE/COVERS/CABLES/TRACKING ERROR OPEN,NO MOTION OR SAFETY CREDIT
P00_NEUTRAL_STAND,L_foot,head,616.771000,0.000000,NO,PASS,NOMINAL RIGID LINK ENVELOPES; TOLERANCE/COVERS/CABLES/TRACKING ERROR OPEN,NO MOTION OR SAFETY CREDIT
P00_NEUTRAL_STAND,L_foot,neck_pan_link,569.270000,0.000000,NO,PASS,NOMINAL RIGID LINK ENVELOPES; TOLERANCE/COVERS/CABLES/TRACKING ERROR OPEN,NO MOTION OR SAFETY CREDIT
P00_NEUTRAL_STAND,L_foot,torso,418.804000,0.000000,NO,PASS,NOMINAL RIGID LINK ENVELOPES; TOLERANCE/COVERS/CABLES/TRACKING ERROR OPEN,NO MOTION OR SAFETY CREDIT
P00_NEUTRAL_STAND,L_forearm,L_gripper,23.673000,0.000000,NO,PASS,NOMINAL RIGID LINK ENVELOPES; TOLERANCE/COVERS/CABLES/TRACKING ERROR OPEN,NO MOTION OR SAFETY CREDIT
P00_NEUTRAL_STAND,L_forearm,L_hip_roll_link,18.748000,0.000000,NO,PASS,NOMINAL RIGID LINK ENVELOPES; TOLERANCE/COVERS/CABLES/TRACKING ERROR OPEN,NO MOTION OR SAFETY CREDIT
P00_NEUTRAL_STAND,L_forearm,L_hip_yaw_link,18.748000,0.000000,NO,PASS,NOMINAL RIGID LINK ENVELOPES; TOLERANCE/COVERS/CABLES/TRACKING ERROR OPEN,NO MOTION OR SAFETY CREDIT
P00_NEUTRAL_STAND,L_forearm,L_shin,138.588349,0.000000,NO,PASS,NOMINAL RIGID LINK ENVELOPES; TOLERANCE/COVERS/CABLES/TRACKING ERROR OPEN,NO MOTION OR SAFETY CREDIT
P00_NEUTRAL_STAND,L_forearm,L_shoulder_pitch_link,128.495000,0.000000,NO,PASS,NOMINAL RIGID LINK ENVELOPES; TOLERANCE/COVERS/CABLES/TRACKING ERROR OPEN,NO MOTION OR SAFETY CREDIT
P00_NEUTRAL_STAND,L_forearm,L_thigh,13.121000,0.000000,NO,PASS,NOMINAL RIGID LINK ENVELOPES; TOLERANCE/COVERS/CABLES/TRACKING ERROR OPEN,NO MOTION OR SAFETY CREDIT
P00_NEUTRAL_STAND,L_forearm,R_ankle_pitch_link,250.874619,0.000000,NO,PASS,NOMINAL RIGID LINK ENVELOPES; TOLERANCE/COVERS/CABLES/TRACKING ERROR OPEN,NO MOTION OR SAFETY CREDIT
P00_NEUTRAL_STAND,L_forearm,R_foot,280.925517,0.000000,NO,PASS,NOMINAL RIGID LINK ENVELOPES; TOLERANCE/COVERS/CABLES/TRACKING ERROR OPEN,NO MOTION OR SAFETY CREDIT
P00_NEUTRAL_STAND,L_forearm,R_forearm,226.765000,0.000000,NO,PASS,NOMINAL RIGID LINK ENVELOPES; TOLERANCE/COVERS/CABLES/TRACKING ERROR OPEN,NO MOTION OR SAFETY CREDIT
P00_NEUTRAL_STAND,L_forearm,R_gripper,240.416340,0.000000,NO,PASS,NOMINAL RIGID LINK ENVELOPES; TOLERANCE/COVERS/CABLES/TRACKING ERROR OPEN,NO MOTION OR SAFETY CREDIT
P00_NEUTRAL_STAND,L_forearm,R_hand,230.580000,0.000000,NO,PASS,NOMINAL RIGID LINK ENVELOPES; TOLERANCE/COVERS/CABLES/TRACKING ERROR OPEN,NO MOTION OR SAFETY CREDIT
P00_NEUTRAL_STAND,L_forearm,R_hip_roll_link,143.748000,0.000000,NO,PASS,NOMINAL RIGID LINK ENVELOPES; TOLERANCE/COVERS/CABLES/TRACKING ERROR OPEN,NO MOTION OR SAFETY CREDIT
P00_NEUTRAL_STAND,L_forearm,R_hip_yaw_link,143.748000,0.000000,NO,PASS,NOMINAL RIGID LINK ENVELOPES; TOLERANCE/COVERS/CABLES/TRACKING ERROR OPEN,NO MOTION OR SAFETY CREDIT
P00_NEUTRAL_STAND,L_forearm,R_shin,196.234504,0.000000,NO,PASS,NOMINAL RIGID LINK ENVELOPES; TOLERANCE/COVERS/CABLES/TRACKING ERROR OPEN,NO MOTION OR SAFETY CREDIT
P00_NEUTRAL_STAND,L_forearm,R_shoulder_pitch_link,234.237086,0.000000,NO,PASS,NOMINAL RIGID LINK ENVELOPES; TOLERANCE/COVERS/CABLES/TRACKING ERROR OPEN,NO MOTION OR SAFETY CREDIT
P00_NEUTRAL_STAND,L_forearm,R_thigh,138.121000,0.000000,NO,PASS,NOMINAL RIGID LINK ENVELOPES; TOLERANCE/COVERS/CABLES/TRACKING ERROR OPEN,NO MOTION OR SAFETY CREDIT
P00_NEUTRAL_STAND,L_forearm,R_upper_arm,192.460440,0.000000,NO,PASS,NOMINAL RIGID LINK ENVELOPES; TOLERANCE/COVERS/CABLES/TRACKING ERROR OPEN,NO MOTION OR SAFETY CREDIT
P00_NEUTRAL_STAND,L_forearm,base_link,36.552000,0.000000,NO,PASS,NOMINAL RIGID LINK ENVELOPES; TOLERANCE/COVERS/CABLES/TRACKING ERROR OPEN,NO MOTION OR SAFETY CREDIT
P00_NEUTRAL_STAND,L_forearm,head,225.342643,0.000000,NO,PASS,NOMINAL RIGID LINK ENVELOPES; TOLERANCE/COVERS/CABLES/TRACKING ERROR OPEN,NO MOTION OR SAFETY CREDIT
P00_NEUTRAL_STAND,L_forearm,neck_pan_link,194.423764,0.000000,NO,PASS,NOMINAL RIGID LINK ENVELOPES; TOLERANCE/COVERS/CABLES/TRACKING ERROR OPEN,NO MOTION OR SAFETY CREDIT
P00_NEUTRAL_STAND,L_forearm,torso,34.034908,0.000000,NO,PASS,NOMINAL RIGID LINK ENVELOPES; TOLERANCE/COVERS/CABLES/TRACKING ERROR OPEN,NO MOTION OR SAFETY CREDIT
P00_NEUTRAL_STAND,L_gripper,L_hip_roll_link,118.445135,0.000000,NO,PASS,NOMINAL RIGID LINK ENVELOPES; TOLERANCE/COVERS/CABLES/TRACKING ERROR OPEN,NO MOTION OR SAFETY CREDIT
P00_NEUTRAL_STAND,L_gripper,L_hip_yaw_link,127.060025,0.000000,NO,PASS,NOMINAL RIGID LINK ENVELOPES; TOLERANCE/COVERS/CABLES/TRACKING ERROR OPEN,NO MOTION OR SAFETY CREDIT
P00_NEUTRAL_STAND,L_gripper,L_shin,63.475905,0.000000,NO,PASS,NOMINAL RIGID LINK ENVELOPES; TOLERANCE/COVERS/CABLES/TRACKING ERROR OPEN,NO MOTION OR SAFETY CREDIT
P00_NEUTRAL_STAND,L_gripper,L_shoulder_pitch_link,297.179365,0.000000,NO,PASS,NOMINAL RIGID LINK ENVELOPES; TOLERANCE/COVERS/CABLES/TRACKING ERROR OPEN,NO MOTION OR SAFETY CREDIT
P00_NEUTRAL_STAND,L_gripper,L_thigh,29.873244,0.000000,NO,PASS,NOMINAL RIGID LINK ENVELOPES; TOLERANCE/COVERS/CABLES/TRACKING ERROR OPEN,NO MOTION OR SAFETY CREDIT
P00_NEUTRAL_STAND,L_gripper,L_upper_arm,173.079000,0.000000,NO,PASS,NOMINAL RIGID LINK ENVELOPES; TOLERANCE/COVERS/CABLES/TRACKING ERROR OPEN,NO MOTION OR SAFETY CREDIT
P00_NEUTRAL_STAND,L_gripper,R_ankle_pitch_link,201.075234,0.000000,NO,PASS,NOMINAL RIGID LINK ENVELOPES; TOLERANCE/COVERS/CABLES/TRACKING ERROR OPEN,NO MOTION OR SAFETY CREDIT
P00_NEUTRAL_STAND,L_gripper,R_foot,221.503029,0.000000,NO,PASS,NOMINAL RIGID LINK ENVELOPES; TOLERANCE/COVERS/CABLES/TRACKING ERROR OPEN,NO MOTION OR SAFETY CREDIT
P00_NEUTRAL_STAND,L_gripper,R_forearm,244.664955,0.000000,NO,PASS,NOMINAL RIGID LINK ENVELOPES; TOLERANCE/COVERS/CABLES/TRACKING ERROR OPEN,NO MOTION OR SAFETY CREDIT
P00_NEUTRAL_STAND,L_gripper,R_gripper,256.000000,0.000000,NO,PASS,NOMINAL RIGID LINK ENVELOPES; TOLERANCE/COVERS/CABLES/TRACKING ERROR OPEN,NO MOTION OR SAFETY CREDIT
P00_NEUTRAL_STAND,L_gripper,R_hand,247.332000,0.000000,NO,PASS,NOMINAL RIGID LINK ENVELOPES; TOLERANCE/COVERS/CABLES/TRACKING ERROR OPEN,NO MOTION OR SAFETY CREDIT
P00_NEUTRAL_STAND,L_gripper,R_hip_roll_link,196.288690,0.000000,NO,PASS,NOMINAL RIGID LINK ENVELOPES; TOLERANCE/COVERS/CABLES/TRACKING ERROR OPEN,NO MOTION OR SAFETY CREDIT
P00_NEUTRAL_STAND,L_gripper,R_hip_yaw_link,201.604191,0.000000,NO,PASS,NOMINAL RIGID LINK ENVELOPES; TOLERANCE/COVERS/CABLES/TRACKING ERROR OPEN,NO MOTION OR SAFETY CREDIT
P00_NEUTRAL_STAND,L_gripper,R_shin,165.886830,0.000000,NO,PASS,NOMINAL RIGID LINK ENVELOPES; TOLERANCE/COVERS/CABLES/TRACKING ERROR OPEN,NO MOTION OR SAFETY CREDIT
P00_NEUTRAL_STAND,L_gripper,R_shoulder_pitch_link,365.386309,0.000000,NO,PASS,NOMINAL RIGID LINK ENVELOPES; TOLERANCE/COVERS/CABLES/TRACKING ERROR OPEN,NO MOTION OR SAFETY CREDIT
P00_NEUTRAL_STAND,L_gripper,R_thigh,154.873000,0.000000,NO,PASS,NOMINAL RIGID LINK ENVELOPES; TOLERANCE/COVERS/CABLES/TRACKING ERROR OPEN,NO MOTION OR SAFETY CREDIT
P00_NEUTRAL_STAND,L_gripper,R_upper_arm,271.486800,0.000000,NO,PASS,NOMINAL RIGID LINK ENVELOPES; TOLERANCE/COVERS/CABLES/TRACKING ERROR OPEN,NO MOTION OR SAFETY CREDIT
P00_NEUTRAL_STAND,L_gripper,base_link,113.201300,0.000000,NO,PASS,NOMINAL RIGID LINK ENVELOPES; TOLERANCE/COVERS/CABLES/TRACKING ERROR OPEN,NO MOTION OR SAFETY CREDIT
P00_NEUTRAL_STAND,L_gripper,head,394.599948,0.000000,NO,PASS,NOMINAL RIGID LINK ENVELOPES; TOLERANCE/COVERS/CABLES/TRACKING ERROR OPEN,NO MOTION OR SAFETY CREDIT
P00_NEUTRAL_STAND,L_gripper,neck_pan_link,358.181137,0.000000,NO,PASS,NOMINAL RIGID LINK ENVELOPES; TOLERANCE/COVERS/CABLES/TRACKING ERROR OPEN,NO MOTION OR SAFETY CREDIT
P00_NEUTRAL_STAND,L_gripper,torso,195.644899,0.000000,NO,PASS,NOMINAL RIGID LINK ENVELOPES; TOLERANCE/COVERS/CABLES/TRACKING ERROR OPEN,NO MOTION OR SAFETY CREDIT
P00_NEUTRAL_STAND,L_hand,L_hip_roll_link,91.577146,0.000000,NO,PASS,NOMINAL RIGID LINK ENVELOPES; TOLERANCE/COVERS/CABLES/TRACKING ERROR OPEN,NO MOTION OR SAFETY CREDIT
P00_NEUTRAL_STAND,L_hand,L_hip_yaw_link,100.216943,0.000000,NO,PASS,NOMINAL RIGID LINK ENVELOPES; TOLERANCE/COVERS/CABLES/TRACKING ERROR OPEN,NO MOTION OR SAFETY CREDIT
P00_NEUTRAL_STAND,L_hand,L_shin,92.426745,0.000000,NO,PASS,NOMINAL RIGID LINK ENVELOPES; TOLERANCE/COVERS/CABLES/TRACKING ERROR OPEN,NO MOTION OR SAFETY CREDIT
P00_NEUTRAL_STAND,L_hand,L_shoulder_pitch_link,271.727000,0.000000,NO,PASS,NOMINAL RIGID LINK ENVELOPES; TOLERANCE/COVERS/CABLES/TRACKING ERROR OPEN,NO MOTION OR SAFETY CREDIT
P00_NEUTRAL_STAND,L_hand,L_thigh,21.202000,0.000000,NO,PASS,NOMINAL RIGID LINK ENVELOPES; TOLERANCE/COVERS/CABLES/TRACKING ERROR OPEN,NO MOTION OR SAFETY CREDIT
P00_NEUTRAL_STAND,L_hand,L_upper_arm,147.638000,0.000000,NO,PASS,NOMINAL RIGID LINK ENVELOPES; TOLERANCE/COVERS/CABLES/TRACKING ERROR OPEN,NO MOTION OR SAFETY CREDIT
P00_NEUTRAL_STAND,L_hand,R_ankle_pitch_link,218.108926,0.000000,NO,PASS,NOMINAL RIGID LINK ENVELOPES; TOLERANCE/COVERS/CABLES/TRACKING ERROR OPEN,NO MOTION OR SAFETY CREDIT
P00_NEUTRAL_STAND,L_hand,R_foot,243.528005,0.000000,NO,PASS,NOMINAL RIGID LINK ENVELOPES; TOLERANCE/COVERS/CABLES/TRACKING ERROR OPEN,NO MOTION OR SAFETY CREDIT
P00_NEUTRAL_STAND,L_hand,R_forearm,234.846000,0.000000,NO,PASS,NOMINAL RIGID LINK ENVELOPES; TOLERANCE/COVERS/CABLES/TRACKING ERROR OPEN,NO MOTION OR SAFETY CREDIT
P00_NEUTRAL_STAND,L_hand,R_gripper,247.329000,0.000000,NO,PASS,NOMINAL RIGID LINK ENVELOPES; TOLERANCE/COVERS/CABLES/TRACKING ERROR OPEN,NO MOTION OR SAFETY CREDIT
P00_NEUTRAL_STAND,L_hand,R_hand,238.661000,0.000000,NO,PASS,NOMINAL RIGID LINK ENVELOPES; TOLERANCE/COVERS/CABLES/TRACKING ERROR OPEN,NO MOTION OR SAFETY CREDIT
P00_NEUTRAL_STAND,L_hand,R_hip_roll_link,175.267292,0.000000,NO,PASS,NOMINAL RIGID LINK ENVELOPES; TOLERANCE/COVERS/CABLES/TRACKING ERROR OPEN,NO MOTION OR SAFETY CREDIT
P00_NEUTRAL_STAND,L_hand,R_hip_yaw_link,179.932447,0.000000,NO,PASS,NOMINAL RIGID LINK ENVELOPES; TOLERANCE/COVERS/CABLES/TRACKING ERROR OPEN,NO MOTION OR SAFETY CREDIT
P00_NEUTRAL_STAND,L_hand,R_shin,172.812624,0.000000,NO,PASS,NOMINAL RIGID LINK ENVELOPES; TOLERANCE/COVERS/CABLES/TRACKING ERROR OPEN,NO MOTION OR SAFETY CREDIT
P00_NEUTRAL_STAND,L_hand,R_shoulder_pitch_link,339.738416,0.000000,NO,PASS,NOMINAL RIGID LINK ENVELOPES; TOLERANCE/COVERS/CABLES/TRACKING ERROR OPEN,NO MOTION OR SAFETY CREDIT
P00_NEUTRAL_STAND,L_hand,R_thigh,146.202000,0.000000,NO,PASS,NOMINAL RIGID LINK ENVELOPES; TOLERANCE/COVERS/CABLES/TRACKING ERROR OPEN,NO MOTION OR SAFETY CREDIT
P00_NEUTRAL_STAND,L_hand,R_upper_arm,248.985180,0.000000,NO,PASS,NOMINAL RIGID LINK ENVELOPES; TOLERANCE/COVERS/CABLES/TRACKING ERROR OPEN,NO MOTION OR SAFETY CREDIT
P00_NEUTRAL_STAND,L_hand,base_link,86.782402,0.000000,NO,PASS,NOMINAL RIGID LINK ENVELOPES; TOLERANCE/COVERS/CABLES/TRACKING ERROR OPEN,NO MOTION OR SAFETY CREDIT
P00_NEUTRAL_STAND,L_hand,head,368.234172,0.000000,NO,PASS,NOMINAL RIGID LINK ENVELOPES; TOLERANCE/COVERS/CABLES/TRACKING ERROR OPEN,NO MOTION OR SAFETY CREDIT
P00_NEUTRAL_STAND,L_hand,neck_pan_link,331.324929,0.000000,NO,PASS,NOMINAL RIGID LINK ENVELOPES; TOLERANCE/COVERS/CABLES/TRACKING ERROR OPEN,NO MOTION OR SAFETY CREDIT
P00_NEUTRAL_STAND,L_hand,torso,169.151896,0.000000,NO,PASS,NOMINAL RIGID LINK ENVELOPES; TOLERANCE/COVERS/CABLES/TRACKING ERROR OPEN,NO MOTION OR SAFETY CREDIT
P00_NEUTRAL_STAND,L_hip_roll_link,L_shin,227.133000,0.000000,NO,PASS,NOMINAL RIGID LINK ENVELOPES; TOLERANCE/COVERS/CABLES/TRACKING ERROR OPEN,NO MOTION OR SAFETY CREDIT
P00_NEUTRAL_STAND,L_hip_roll_link,L_shoulder_pitch_link,144.168000,0.000000,NO,PASS,NOMINAL RIGID LINK ENVELOPES; TOLERANCE/COVERS/CABLES/TRACKING ERROR OPEN,NO MOTION OR SAFETY CREDIT
P00_NEUTRAL_STAND,L_hip_roll_link,L_upper_arm,20.125681,0.000000,NO,PASS,NOMINAL RIGID LINK ENVELOPES; TOLERANCE/COVERS/CABLES/TRACKING ERROR OPEN,NO MOTION OR SAFETY CREDIT
P00_NEUTRAL_STAND,L_hip_roll_link,R_ankle_pitch_link,303.402373,0.000000,NO,PASS,NOMINAL RIGID LINK ENVELOPES; TOLERANCE/COVERS/CABLES/TRACKING ERROR OPEN,NO MOTION OR SAFETY CREDIT
P00_NEUTRAL_STAND,L_hip_roll_link,R_foot,342.680338,0.000000,NO,PASS,NOMINAL RIGID LINK ENVELOPES; TOLERANCE/COVERS/CABLES/TRACKING ERROR OPEN,NO MOTION OR SAFETY CREDIT
P00_NEUTRAL_STAND,L_hip_roll_link,R_forearm,148.017000,0.000000,NO,PASS,NOMINAL RIGID LINK ENVELOPES; TOLERANCE/COVERS/CABLES/TRACKING ERROR OPEN,NO MOTION OR SAFETY CREDIT
P00_NEUTRAL_STAND,L_hip_roll_link,R_gripper,196.288690,0.000000,NO,PASS,NOMINAL RIGID LINK ENVELOPES; TOLERANCE/COVERS/CABLES/TRACKING ERROR OPEN,NO MOTION OR SAFETY CREDIT
P00_NEUTRAL_STAND,L_hip_roll_link,R_hand,175.269891,0.000000,NO,PASS,NOMINAL RIGID LINK ENVELOPES; TOLERANCE/COVERS/CABLES/TRACKING ERROR OPEN,NO MOTION OR SAFETY CREDIT
P00_NEUTRAL_STAND,L_hip_roll_link,R_hip_roll_link,65.000000,0.000000,NO,PASS,NOMINAL RIGID LINK ENVELOPES; TOLERANCE/COVERS/CABLES/TRACKING ERROR OPEN,NO MOTION OR SAFETY CREDIT
P00_NEUTRAL_STAND,L_hip_roll_link,R_hip_yaw_link,65.000000,0.000000,NO,PASS,NOMINAL RIGID LINK ENVELOPES; TOLERANCE/COVERS/CABLES/TRACKING ERROR OPEN,NO MOTION OR SAFETY CREDIT
P00_NEUTRAL_STAND,L_hip_roll_link,R_shin,235.170482,0.000000,NO,PASS,NOMINAL RIGID LINK ENVELOPES; TOLERANCE/COVERS/CABLES/TRACKING ERROR OPEN,NO MOTION OR SAFETY CREDIT
P00_NEUTRAL_STAND,L_hip_roll_link,R_shoulder_pitch_link,185.732571,0.000000,NO,PASS,NOMINAL RIGID LINK ENVELOPES; TOLERANCE/COVERS/CABLES/TRACKING ERROR OPEN,NO MOTION OR SAFETY CREDIT
P00_NEUTRAL_STAND,L_hip_roll_link,R_thigh,59.373000,0.000000,NO,PASS,NOMINAL RIGID LINK ENVELOPES; TOLERANCE/COVERS/CABLES/TRACKING ERROR OPEN,NO MOTION OR SAFETY CREDIT
P00_NEUTRAL_STAND,L_hip_roll_link,R_upper_arm,115.421906,0.000000,NO,PASS,NOMINAL RIGID LINK ENVELOPES; TOLERANCE/COVERS/CABLES/TRACKING ERROR OPEN,NO MOTION OR SAFETY CREDIT
P00_NEUTRAL_STAND,L_hip_roll_link,head,237.758000,0.000000,NO,PASS,NOMINAL RIGID LINK ENVELOPES; TOLERANCE/COVERS/CABLES/TRACKING ERROR OPEN,NO MOTION OR SAFETY CREDIT
P00_NEUTRAL_STAND,L_hip_roll_link,neck_pan_link,190.379017,0.000000,NO,PASS,NOMINAL RIGID LINK ENVELOPES; TOLERANCE/COVERS/CABLES/TRACKING ERROR OPEN,NO MOTION OR SAFETY CREDIT
P00_NEUTRAL_STAND,L_hip_roll_link,torso,39.791000,0.000000,NO,PASS,NOMINAL RIGID LINK ENVELOPES; TOLERANCE/COVERS/CABLES/TRACKING ERROR OPEN,NO MOTION OR SAFETY CREDIT
P00_NEUTRAL_STAND,L_hip_yaw_link,L_shin,236.133000,0.000000,NO,PASS,NOMINAL RIGID LINK ENVELOPES; TOLERANCE/COVERS/CABLES/TRACKING ERROR OPEN,NO MOTION OR SAFETY CREDIT
P00_NEUTRAL_STAND,L_hip_yaw_link,L_shoulder_pitch_link,135.168000,0.000000,NO,PASS,NOMINAL RIGID LINK ENVELOPES; TOLERANCE/COVERS/CABLES/TRACKING ERROR OPEN,NO MOTION OR SAFETY CREDIT
P00_NEUTRAL_STAND,L_hip_yaw_link,L_upper_arm,11.146340,0.000000,NO,PASS,NOMINAL RIGID LINK ENVELOPES; TOLERANCE/COVERS/CABLES/TRACKING ERROR OPEN,NO MOTION OR SAFETY CREDIT
P00_NEUTRAL_STAND,L_hip_yaw_link,R_ankle_pitch_link,312.217872,0.000000,NO,PASS,NOMINAL RIGID LINK ENVELOPES; TOLERANCE/COVERS/CABLES/TRACKING ERROR OPEN,NO MOTION OR SAFETY CREDIT
P00_NEUTRAL_STAND,L_hip_yaw_link,R_foot,351.586473,0.000000,NO,PASS,NOMINAL RIGID LINK ENVELOPES; TOLERANCE/COVERS/CABLES/TRACKING ERROR OPEN,NO MOTION OR SAFETY CREDIT
P00_NEUTRAL_STAND,L_hip_yaw_link,R_forearm,148.017000,0.000000,NO,PASS,NOMINAL RIGID LINK ENVELOPES; TOLERANCE/COVERS/CABLES/TRACKING ERROR OPEN,NO MOTION OR SAFETY CREDIT
P00_NEUTRAL_STAND,L_hip_yaw_link,R_gripper,201.604191,0.000000,NO,PASS,NOMINAL RIGID LINK ENVELOPES; TOLERANCE/COVERS/CABLES/TRACKING ERROR OPEN,NO MOTION OR SAFETY CREDIT
P00_NEUTRAL_STAND,L_hip_yaw_link,R_hand,179.934979,0.000000,NO,PASS,NOMINAL RIGID LINK ENVELOPES; TOLERANCE/COVERS/CABLES/TRACKING ERROR OPEN,NO MOTION OR SAFETY CREDIT
P00_NEUTRAL_STAND,L_hip_yaw_link,R_hip_roll_link,65.000000,0.000000,NO,PASS,NOMINAL RIGID LINK ENVELOPES; TOLERANCE/COVERS/CABLES/TRACKING ERROR OPEN,NO MOTION OR SAFETY CREDIT
P00_NEUTRAL_STAND,L_hip_yaw_link,R_hip_yaw_link,65.000000,0.000000,NO,PASS,NOMINAL RIGID LINK ENVELOPES; TOLERANCE/COVERS/CABLES/TRACKING ERROR OPEN,NO MOTION OR SAFETY CREDIT
P00_NEUTRAL_STAND,L_hip_yaw_link,R_shin,243.874044,0.000000,NO,PASS,NOMINAL RIGID LINK ENVELOPES; TOLERANCE/COVERS/CABLES/TRACKING ERROR OPEN,NO MOTION OR SAFETY CREDIT
P00_NEUTRAL_STAND,L_hip_yaw_link,R_shoulder_pitch_link,178.836696,0.000000,NO,PASS,NOMINAL RIGID LINK ENVELOPES; TOLERANCE/COVERS/CABLES/TRACKING ERROR OPEN,NO MOTION OR SAFETY CREDIT
P00_NEUTRAL_STAND,L_hip_yaw_link,R_thigh,59.373000,0.000000,NO,PASS,NOMINAL RIGID LINK ENVELOPES; TOLERANCE/COVERS/CABLES/TRACKING ERROR OPEN,NO MOTION OR SAFETY CREDIT
P00_NEUTRAL_STAND,L_hip_yaw_link,R_upper_arm,114.200676,0.000000,NO,PASS,NOMINAL RIGID LINK ENVELOPES; TOLERANCE/COVERS/CABLES/TRACKING ERROR OPEN,NO MOTION OR SAFETY CREDIT
P00_NEUTRAL_STAND,L_hip_yaw_link,head,228.758000,0.000000,NO,PASS,NOMINAL RIGID LINK ENVELOPES; TOLERANCE/COVERS/CABLES/TRACKING ERROR OPEN,NO MOTION OR SAFETY CREDIT
P00_NEUTRAL_STAND,L_hip_yaw_link,neck_pan_link,181.385072,0.000000,NO,PASS,NOMINAL RIGID LINK ENVELOPES; TOLERANCE/COVERS/CABLES/TRACKING ERROR OPEN,NO MOTION OR SAFETY CREDIT
P00_NEUTRAL_STAND,L_hip_yaw_link,torso,30.791000,0.000000,NO,PASS,NOMINAL RIGID LINK ENVELOPES; TOLERANCE/COVERS/CABLES/TRACKING ERROR OPEN,NO MOTION OR SAFETY CREDIT
P00_NEUTRAL_STAND,L_shin,L_shoulder_pitch_link,411.301000,0.000000,NO,PASS,NOMINAL RIGID LINK ENVELOPES; TOLERANCE/COVERS/CABLES/TRACKING ERROR OPEN,NO MOTION OR SAFETY CREDIT
P00_NEUTRAL_STAND,L_shin,L_upper_arm,287.212000,0.000000,NO,PASS,NOMINAL RIGID LINK ENVELOPES; TOLERANCE/COVERS/CABLES/TRACKING ERROR OPEN,NO MOTION OR SAFETY CREDIT
P00_NEUTRAL_STAND,L_shin,R_ankle_pitch_link,58.043000,0.000000,NO,PASS,NOMINAL RIGID LINK ENVELOPES; TOLERANCE/COVERS/CABLES/TRACKING ERROR OPEN,NO MOTION OR SAFETY CREDIT
P00_NEUTRAL_STAND,L_shin,R_foot,46.043000,0.000000,NO,PASS,NOMINAL RIGID LINK ENVELOPES; TOLERANCE/COVERS/CABLES/TRACKING ERROR OPEN,NO MOTION OR SAFETY CREDIT
P00_NEUTRAL_STAND,L_shin,R_forearm,199.358414,0.000000,NO,PASS,NOMINAL RIGID LINK ENVELOPES; TOLERANCE/COVERS/CABLES/TRACKING ERROR OPEN,NO MOTION OR SAFETY CREDIT
P00_NEUTRAL_STAND,L_shin,R_gripper,165.967944,0.000000,NO,PASS,NOMINAL RIGID LINK ENVELOPES; TOLERANCE/COVERS/CABLES/TRACKING ERROR OPEN,NO MOTION OR SAFETY CREDIT
P00_NEUTRAL_STAND,L_shin,R_hand,172.888742,0.000000,NO,PASS,NOMINAL RIGID LINK ENVELOPES; TOLERANCE/COVERS/CABLES/TRACKING ERROR OPEN,NO MOTION OR SAFETY CREDIT
P00_NEUTRAL_STAND,L_shin,R_hip_roll_link,235.192788,0.000000,NO,PASS,NOMINAL RIGID LINK ENVELOPES; TOLERANCE/COVERS/CABLES/TRACKING ERROR OPEN,NO MOTION OR SAFETY CREDIT
P00_NEUTRAL_STAND,L_shin,R_hip_yaw_link,243.895554,0.000000,NO,PASS,NOMINAL RIGID LINK ENVELOPES; TOLERANCE/COVERS/CABLES/TRACKING ERROR OPEN,NO MOTION OR SAFETY CREDIT
P00_NEUTRAL_STAND,L_shin,R_shin,57.000000,0.000000,NO,PASS,NOMINAL RIGID LINK ENVELOPES; TOLERANCE/COVERS/CABLES/TRACKING ERROR OPEN,NO MOTION OR SAFETY CREDIT
P00_NEUTRAL_STAND,L_shin,R_shoulder_pitch_link,426.578978,0.000000,NO,PASS,NOMINAL RIGID LINK ENVELOPES; TOLERANCE/COVERS/CABLES/TRACKING ERROR OPEN,NO MOTION OR SAFETY CREDIT
P00_NEUTRAL_STAND,L_shin,R_thigh,116.851181,0.000000,NO,PASS,NOMINAL RIGID LINK ENVELOPES; TOLERANCE/COVERS/CABLES/TRACKING ERROR OPEN,NO MOTION OR SAFETY CREDIT
P00_NEUTRAL_STAND,L_shin,R_upper_arm,307.450679,0.000000,NO,PASS,NOMINAL RIGID LINK ENVELOPES; TOLERANCE/COVERS/CABLES/TRACKING ERROR OPEN,NO MOTION OR SAFETY CREDIT
P00_NEUTRAL_STAND,L_shin,base_link,213.999000,0.000000,NO,PASS,NOMINAL RIGID LINK ENVELOPES; TOLERANCE/COVERS/CABLES/TRACKING ERROR OPEN,NO MOTION OR SAFETY CREDIT
P00_NEUTRAL_STAND,L_shin,head,504.891000,0.000000,NO,PASS,NOMINAL RIGID LINK ENVELOPES; TOLERANCE/COVERS/CABLES/TRACKING ERROR OPEN,NO MOTION OR SAFETY CREDIT
P00_NEUTRAL_STAND,L_shin,neck_pan_link,457.398929,0.000000,NO,PASS,NOMINAL RIGID LINK ENVELOPES; TOLERANCE/COVERS/CABLES/TRACKING ERROR OPEN,NO MOTION OR SAFETY CREDIT
P00_NEUTRAL_STAND,L_shin,torso,306.924000,0.000000,NO,PASS,NOMINAL RIGID LINK ENVELOPES; TOLERANCE/COVERS/CABLES/TRACKING ERROR OPEN,NO MOTION OR SAFETY CREDIT
P00_NEUTRAL_STAND,L_shoulder_pitch_link,L_thigh,168.426000,0.000000,NO,PASS,NOMINAL RIGID LINK ENVELOPES; TOLERANCE/COVERS/CABLES/TRACKING ERROR OPEN,NO MOTION OR SAFETY CREDIT
P00_NEUTRAL_STAND,L_shoulder_pitch_link,R_ankle_pitch_link,494.696759,0.000000,NO,PASS,NOMINAL RIGID LINK ENVELOPES; TOLERANCE/COVERS/CABLES/TRACKING ERROR OPEN,NO MOTION OR SAFETY CREDIT
P00_NEUTRAL_STAND,L_shoulder_pitch_link,R_foot,533.204440,0.000000,NO,PASS,NOMINAL RIGID LINK ENVELOPES; TOLERANCE/COVERS/CABLES/TRACKING ERROR OPEN,NO MOTION OR SAFETY CREDIT
P00_NEUTRAL_STAND,L_shoulder_pitch_link,R_forearm,238.493202,0.000000,NO,PASS,NOMINAL RIGID LINK ENVELOPES; TOLERANCE/COVERS/CABLES/TRACKING ERROR OPEN,NO MOTION OR SAFETY CREDIT
P00_NEUTRAL_STAND,L_shoulder_pitch_link,R_gripper,365.853532,0.000000,NO,PASS,NOMINAL RIGID LINK ENVELOPES; TOLERANCE/COVERS/CABLES/TRACKING ERROR OPEN,NO MOTION OR SAFETY CREDIT
P00_NEUTRAL_STAND,L_shoulder_pitch_link,R_hand,340.222227,0.000000,NO,PASS,NOMINAL RIGID LINK ENVELOPES; TOLERANCE/COVERS/CABLES/TRACKING ERROR OPEN,NO MOTION OR SAFETY CREDIT
P00_NEUTRAL_STAND,L_shoulder_pitch_link,R_hip_roll_link,186.239249,0.000000,NO,PASS,NOMINAL RIGID LINK ENVELOPES; TOLERANCE/COVERS/CABLES/TRACKING ERROR OPEN,NO MOTION OR SAFETY CREDIT
P00_NEUTRAL_STAND,L_shoulder_pitch_link,R_hip_yaw_link,179.362855,0.000000,NO,PASS,NOMINAL RIGID LINK ENVELOPES; TOLERANCE/COVERS/CABLES/TRACKING ERROR OPEN,NO MOTION OR SAFETY CREDIT
P00_NEUTRAL_STAND,L_shoulder_pitch_link,R_shin,426.769442,0.000000,NO,PASS,NOMINAL RIGID LINK ENVELOPES; TOLERANCE/COVERS/CABLES/TRACKING ERROR OPEN,NO MOTION OR SAFETY CREDIT
P00_NEUTRAL_STAND,L_shoulder_pitch_link,R_shoulder_pitch_link,170.000000,0.000000,NO,PASS,NOMINAL RIGID LINK ENVELOPES; TOLERANCE/COVERS/CABLES/TRACKING ERROR OPEN,NO MOTION OR SAFETY CREDIT
P00_NEUTRAL_STAND,L_shoulder_pitch_link,R_thigh,202.417313,0.000000,NO,PASS,NOMINAL RIGID LINK ENVELOPES; TOLERANCE/COVERS/CABLES/TRACKING ERROR OPEN,NO MOTION OR SAFETY CREDIT
P00_NEUTRAL_STAND,L_shoulder_pitch_link,R_upper_arm,166.563000,0.000000,NO,PASS,NOMINAL RIGID LINK ENVELOPES; TOLERANCE/COVERS/CABLES/TRACKING ERROR OPEN,NO MOTION OR SAFETY CREDIT
P00_NEUTRAL_STAND,L_shoulder_pitch_link,base_link,127.751306,0.000000,NO,PASS,NOMINAL RIGID LINK ENVELOPES; TOLERANCE/COVERS/CABLES/TRACKING ERROR OPEN,NO MOTION OR SAFETY CREDIT
P00_NEUTRAL_STAND,L_shoulder_pitch_link,head,41.105313,0.000000,NO,PASS,NOMINAL RIGID LINK ENVELOPES; TOLERANCE/COVERS/CABLES/TRACKING ERROR OPEN,NO MOTION OR SAFETY CREDIT
P00_NEUTRAL_STAND,L_shoulder_pitch_link,neck_pan_link,59.716000,0.000000,NO,PASS,NOMINAL RIGID LINK ENVELOPES; TOLERANCE/COVERS/CABLES/TRACKING ERROR OPEN,NO MOTION OR SAFETY CREDIT
P00_NEUTRAL_STAND,L_thigh,L_upper_arm,44.337000,0.000000,NO,PASS,NOMINAL RIGID LINK ENVELOPES; TOLERANCE/COVERS/CABLES/TRACKING ERROR OPEN,NO MOTION OR SAFETY CREDIT
P00_NEUTRAL_STAND,L_thigh,R_ankle_pitch_link,180.874690,0.000000,NO,PASS,NOMINAL RIGID LINK ENVELOPES; TOLERANCE/COVERS/CABLES/TRACKING ERROR OPEN,NO MOTION OR SAFETY CREDIT
P00_NEUTRAL_STAND,L_thigh,R_foot,218.752182,0.000000,NO,PASS,NOMINAL RIGID LINK ENVELOPES; TOLERANCE/COVERS/CABLES/TRACKING ERROR OPEN,NO MOTION OR SAFETY CREDIT
P00_NEUTRAL_STAND,L_thigh,R_forearm,139.644000,0.000000,NO,PASS,NOMINAL RIGID LINK ENVELOPES; TOLERANCE/COVERS/CABLES/TRACKING ERROR OPEN,NO MOTION OR SAFETY CREDIT
P00_NEUTRAL_STAND,L_thigh,R_gripper,152.127000,0.000000,NO,PASS,NOMINAL RIGID LINK ENVELOPES; TOLERANCE/COVERS/CABLES/TRACKING ERROR OPEN,NO MOTION OR SAFETY CREDIT
P00_NEUTRAL_STAND,L_thigh,R_hand,143.459000,0.000000,NO,PASS,NOMINAL RIGID LINK ENVELOPES; TOLERANCE/COVERS/CABLES/TRACKING ERROR OPEN,NO MOTION OR SAFETY CREDIT
P00_NEUTRAL_STAND,L_thigh,R_hip_roll_link,56.627000,0.000000,NO,PASS,NOMINAL RIGID LINK ENVELOPES; TOLERANCE/COVERS/CABLES/TRACKING ERROR OPEN,NO MOTION OR SAFETY CREDIT
P00_NEUTRAL_STAND,L_thigh,R_hip_yaw_link,56.627000,0.000000,NO,PASS,NOMINAL RIGID LINK ENVELOPES; TOLERANCE/COVERS/CABLES/TRACKING ERROR OPEN,NO MOTION OR SAFETY CREDIT
P00_NEUTRAL_STAND,L_thigh,R_shin,115.535028,0.000000,NO,PASS,NOMINAL RIGID LINK ENVELOPES; TOLERANCE/COVERS/CABLES/TRACKING ERROR OPEN,NO MOTION OR SAFETY CREDIT
P00_NEUTRAL_STAND,L_thigh,R_shoulder_pitch_link,200.471096,0.000000,NO,PASS,NOMINAL RIGID LINK ENVELOPES; TOLERANCE/COVERS/CABLES/TRACKING ERROR OPEN,NO MOTION OR SAFETY CREDIT
P00_NEUTRAL_STAND,L_thigh,R_thigh,51.000000,0.000000,NO,PASS,NOMINAL RIGID LINK ENVELOPES; TOLERANCE/COVERS/CABLES/TRACKING ERROR OPEN,NO MOTION OR SAFETY CREDIT
P00_NEUTRAL_STAND,L_thigh,R_upper_arm,114.243350,0.000000,NO,PASS,NOMINAL RIGID LINK ENVELOPES; TOLERANCE/COVERS/CABLES/TRACKING ERROR OPEN,NO MOTION OR SAFETY CREDIT
P00_NEUTRAL_STAND,L_thigh,head,262.016000,0.000000,NO,PASS,NOMINAL RIGID LINK ENVELOPES; TOLERANCE/COVERS/CABLES/TRACKING ERROR OPEN,NO MOTION OR SAFETY CREDIT
P00_NEUTRAL_STAND,L_thigh,neck_pan_link,214.515000,0.000000,NO,PASS,NOMINAL RIGID LINK ENVELOPES; TOLERANCE/COVERS/CABLES/TRACKING ERROR OPEN,NO MOTION OR SAFETY CREDIT
P00_NEUTRAL_STAND,L_thigh,torso,64.049000,0.000000,NO,PASS,NOMINAL RIGID LINK ENVELOPES; TOLERANCE/COVERS/CABLES/TRACKING ERROR OPEN,NO MOTION OR SAFETY CREDIT
P00_NEUTRAL_STAND,L_upper_arm,R_ankle_pitch_link,374.973506,0.000000,NO,PASS,NOMINAL RIGID LINK ENVELOPES; TOLERANCE/COVERS/CABLES/TRACKING ERROR OPEN,NO MOTION OR SAFETY CREDIT
P00_NEUTRAL_STAND,L_upper_arm,R_foot,412.033065,0.000000,NO,PASS,NOMINAL RIGID LINK ENVELOPES; TOLERANCE/COVERS/CABLES/TRACKING ERROR OPEN,NO MOTION OR SAFETY CREDIT
P00_NEUTRAL_STAND,L_upper_arm,R_forearm,200.519412,0.000000,NO,PASS,NOMINAL RIGID LINK ENVELOPES; TOLERANCE/COVERS/CABLES/TRACKING ERROR OPEN,NO MOTION OR SAFETY CREDIT
P00_NEUTRAL_STAND,L_upper_arm,R_gripper,274.418925,0.000000,NO,PASS,NOMINAL RIGID LINK ENVELOPES; TOLERANCE/COVERS/CABLES/TRACKING ERROR OPEN,NO MOTION OR SAFETY CREDIT
P00_NEUTRAL_STAND,L_upper_arm,R_hand,252.051084,0.000000,NO,PASS,NOMINAL RIGID LINK ENVELOPES; TOLERANCE/COVERS/CABLES/TRACKING ERROR OPEN,NO MOTION OR SAFETY CREDIT
P00_NEUTRAL_STAND,L_upper_arm,R_hip_roll_link,119.157913,0.000000,NO,PASS,NOMINAL RIGID LINK ENVELOPES; TOLERANCE/COVERS/CABLES/TRACKING ERROR OPEN,NO MOTION OR SAFETY CREDIT
P00_NEUTRAL_STAND,L_upper_arm,R_hip_yaw_link,117.975363,0.000000,NO,PASS,NOMINAL RIGID LINK ENVELOPES; TOLERANCE/COVERS/CABLES/TRACKING ERROR OPEN,NO MOTION OR SAFETY CREDIT
P00_NEUTRAL_STAND,L_upper_arm,R_shin,308.792467,0.000000,NO,PASS,NOMINAL RIGID LINK ENVELOPES; TOLERANCE/COVERS/CABLES/TRACKING ERROR OPEN,NO MOTION OR SAFETY CREDIT
P00_NEUTRAL_STAND,L_upper_arm,R_shoulder_pitch_link,169.553000,0.000000,NO,PASS,NOMINAL RIGID LINK ENVELOPES; TOLERANCE/COVERS/CABLES/TRACKING ERROR OPEN,NO MOTION OR SAFETY CREDIT
P00_NEUTRAL_STAND,L_upper_arm,R_thigh,120.295667,0.000000,NO,PASS,NOMINAL RIGID LINK ENVELOPES; TOLERANCE/COVERS/CABLES/TRACKING ERROR OPEN,NO MOTION OR SAFETY CREDIT
P00_NEUTRAL_STAND,L_upper_arm,R_upper_arm,166.116000,0.000000,NO,PASS,NOMINAL RIGID LINK ENVELOPES; TOLERANCE/COVERS/CABLES/TRACKING ERROR OPEN,NO MOTION OR SAFETY CREDIT
P00_NEUTRAL_STAND,L_upper_arm,base_link,15.038251,0.000000,NO,PASS,NOMINAL RIGID LINK ENVELOPES; TOLERANCE/COVERS/CABLES/TRACKING ERROR OPEN,NO MOTION OR SAFETY CREDIT
P00_NEUTRAL_STAND,L_upper_arm,head,68.714456,0.000000,NO,PASS,NOMINAL RIGID LINK ENVELOPES; TOLERANCE/COVERS/CABLES/TRACKING ERROR OPEN,NO MOTION OR SAFETY CREDIT
P00_NEUTRAL_STAND,L_upper_arm,neck_pan_link,62.609632,0.000000,NO,PASS,NOMINAL RIGID LINK ENVELOPES; TOLERANCE/COVERS/CABLES/TRACKING ERROR OPEN,NO MOTION OR SAFETY CREDIT
P00_NEUTRAL_STAND,R_ankle_pitch_link,R_forearm,208.635460,0.000000,NO,PASS,NOMINAL RIGID LINK ENVELOPES; TOLERANCE/COVERS/CABLES/TRACKING ERROR OPEN,NO MOTION OR SAFETY CREDIT
P00_NEUTRAL_STAND,R_ankle_pitch_link,R_gripper,129.155913,0.000000,NO,PASS,NOMINAL RIGID LINK ENVELOPES; TOLERANCE/COVERS/CABLES/TRACKING ERROR OPEN,NO MOTION OR SAFETY CREDIT
P00_NEUTRAL_STAND,R_ankle_pitch_link,R_hand,161.212272,0.000000,NO,PASS,NOMINAL RIGID LINK ENVELOPES; TOLERANCE/COVERS/CABLES/TRACKING ERROR OPEN,NO MOTION OR SAFETY CREDIT
P00_NEUTRAL_STAND,R_ankle_pitch_link,R_hip_roll_link,297.000000,0.000000,NO,PASS,NOMINAL RIGID LINK ENVELOPES; TOLERANCE/COVERS/CABLES/TRACKING ERROR OPEN,NO MOTION OR SAFETY CREDIT
P00_NEUTRAL_STAND,R_ankle_pitch_link,R_hip_yaw_link,306.000000,0.000000,NO,PASS,NOMINAL RIGID LINK ENVELOPES; TOLERANCE/COVERS/CABLES/TRACKING ERROR OPEN,NO MOTION OR SAFETY CREDIT
P00_NEUTRAL_STAND,R_ankle_pitch_link,R_shoulder_pitch_link,481.168000,0.000000,NO,PASS,NOMINAL RIGID LINK ENVELOPES; TOLERANCE/COVERS/CABLES/TRACKING ERROR OPEN,NO MOTION OR SAFETY CREDIT
P00_NEUTRAL_STAND,R_ankle_pitch_link,R_thigh,172.742000,0.000000,NO,PASS,NOMINAL RIGID LINK ENVELOPES; TOLERANCE/COVERS/CABLES/TRACKING ERROR OPEN,NO MOTION OR SAFETY CREDIT
P00_NEUTRAL_STAND,R_ankle_pitch_link,R_upper_arm,357.079000,0.000000,NO,PASS,NOMINAL RIGID LINK ENVELOPES; TOLERANCE/COVERS/CABLES/TRACKING ERROR OPEN,NO MOTION OR SAFETY CREDIT
P00_NEUTRAL_STAND,R_ankle_pitch_link,base_link,283.866000,0.000000,NO,PASS,NOMINAL RIGID LINK ENVELOPES; TOLERANCE/COVERS/CABLES/TRACKING ERROR OPEN,NO MOTION OR SAFETY CREDIT
P00_NEUTRAL_STAND,R_ankle_pitch_link,head,574.758000,0.000000,NO,PASS,NOMINAL RIGID LINK ENVELOPES; TOLERANCE/COVERS/CABLES/TRACKING ERROR OPEN,NO MOTION OR SAFETY CREDIT
P00_NEUTRAL_STAND,R_ankle_pitch_link,neck_pan_link,527.258331,0.000000,NO,PASS,NOMINAL RIGID LINK ENVELOPES; TOLERANCE/COVERS/CABLES/TRACKING ERROR OPEN,NO MOTION OR SAFETY CREDIT
P00_NEUTRAL_STAND,R_ankle_pitch_link,torso,376.791000,0.000000,NO,PASS,NOMINAL RIGID LINK ENVELOPES; TOLERANCE/COVERS/CABLES/TRACKING ERROR OPEN,NO MOTION OR SAFETY CREDIT
P00_NEUTRAL_STAND,R_foot,R_forearm,249.814673,0.000000,NO,PASS,NOMINAL RIGID LINK ENVELOPES; TOLERANCE/COVERS/CABLES/TRACKING ERROR OPEN,NO MOTION OR SAFETY CREDIT
P00_NEUTRAL_STAND,R_foot,R_gripper,168.266432,0.000000,NO,PASS,NOMINAL RIGID LINK ENVELOPES; TOLERANCE/COVERS/CABLES/TRACKING ERROR OPEN,NO MOTION OR SAFETY CREDIT
P00_NEUTRAL_STAND,R_foot,R_hand,201.801165,0.000000,NO,PASS,NOMINAL RIGID LINK ENVELOPES; TOLERANCE/COVERS/CABLES/TRACKING ERROR OPEN,NO MOTION OR SAFETY CREDIT
P00_NEUTRAL_STAND,R_foot,R_hip_roll_link,339.013000,0.000000,NO,PASS,NOMINAL RIGID LINK ENVELOPES; TOLERANCE/COVERS/CABLES/TRACKING ERROR OPEN,NO MOTION OR SAFETY CREDIT
P00_NEUTRAL_STAND,R_foot,R_hip_yaw_link,348.013000,0.000000,NO,PASS,NOMINAL RIGID LINK ENVELOPES; TOLERANCE/COVERS/CABLES/TRACKING ERROR OPEN,NO MOTION OR SAFETY CREDIT
P00_NEUTRAL_STAND,R_foot,R_shoulder_pitch_link,523.181000,0.000000,NO,PASS,NOMINAL RIGID LINK ENVELOPES; TOLERANCE/COVERS/CABLES/TRACKING ERROR OPEN,NO MOTION OR SAFETY CREDIT
P00_NEUTRAL_STAND,R_foot,R_thigh,214.755000,0.000000,NO,PASS,NOMINAL RIGID LINK ENVELOPES; TOLERANCE/COVERS/CABLES/TRACKING ERROR OPEN,NO MOTION OR SAFETY CREDIT
P00_NEUTRAL_STAND,R_foot,R_upper_arm,399.092000,0.000000,NO,PASS,NOMINAL RIGID LINK ENVELOPES; TOLERANCE/COVERS/CABLES/TRACKING ERROR OPEN,NO MOTION OR SAFETY CREDIT
P00_NEUTRAL_STAND,R_foot,base_link,325.879000,0.000000,NO,PASS,NOMINAL RIGID LINK ENVELOPES; TOLERANCE/COVERS/CABLES/TRACKING ERROR OPEN,NO MOTION OR SAFETY CREDIT
P00_NEUTRAL_STAND,R_foot,head,616.771000,0.000000,NO,PASS,NOMINAL RIGID LINK ENVELOPES; TOLERANCE/COVERS/CABLES/TRACKING ERROR OPEN,NO MOTION OR SAFETY CREDIT
P00_NEUTRAL_STAND,R_foot,neck_pan_link,569.270000,0.000000,NO,PASS,NOMINAL RIGID LINK ENVELOPES; TOLERANCE/COVERS/CABLES/TRACKING ERROR OPEN,NO MOTION OR SAFETY CREDIT
P00_NEUTRAL_STAND,R_foot,torso,418.804000,0.000000,NO,PASS,NOMINAL RIGID LINK ENVELOPES; TOLERANCE/COVERS/CABLES/TRACKING ERROR OPEN,NO MOTION OR SAFETY CREDIT
P00_NEUTRAL_STAND,R_forearm,R_gripper,23.673000,0.000000,NO,PASS,NOMINAL RIGID LINK ENVELOPES; TOLERANCE/COVERS/CABLES/TRACKING ERROR OPEN,NO MOTION OR SAFETY CREDIT
P00_NEUTRAL_STAND,R_forearm,R_hip_roll_link,23.017000,0.000000,NO,PASS,NOMINAL RIGID LINK ENVELOPES; TOLERANCE/COVERS/CABLES/TRACKING ERROR OPEN,NO MOTION OR SAFETY CREDIT
P00_NEUTRAL_STAND,R_forearm,R_hip_yaw_link,23.017000,0.000000,NO,PASS,NOMINAL RIGID LINK ENVELOPES; TOLERANCE/COVERS/CABLES/TRACKING ERROR OPEN,NO MOTION OR SAFETY CREDIT
P00_NEUTRAL_STAND,R_forearm,R_shin,139.117854,0.000000,NO,PASS,NOMINAL RIGID LINK ENVELOPES; TOLERANCE/COVERS/CABLES/TRACKING ERROR OPEN,NO MOTION OR SAFETY CREDIT
P00_NEUTRAL_STAND,R_forearm,R_shoulder_pitch_link,128.495000,0.000000,NO,PASS,NOMINAL RIGID LINK ENVELOPES; TOLERANCE/COVERS/CABLES/TRACKING ERROR OPEN,NO MOTION OR SAFETY CREDIT
P00_NEUTRAL_STAND,R_forearm,R_thigh,14.644000,0.000000,NO,PASS,NOMINAL RIGID LINK ENVELOPES; TOLERANCE/COVERS/CABLES/TRACKING ERROR OPEN,NO MOTION OR SAFETY CREDIT
P00_NEUTRAL_STAND,R_forearm,base_link,35.213000,0.000000,NO,PASS,NOMINAL RIGID LINK ENVELOPES; TOLERANCE/COVERS/CABLES/TRACKING ERROR OPEN,NO MOTION OR SAFETY CREDIT
P00_NEUTRAL_STAND,R_forearm,head,225.412297,0.000000,NO,PASS,NOMINAL RIGID LINK ENVELOPES; TOLERANCE/COVERS/CABLES/TRACKING ERROR OPEN,NO MOTION OR SAFETY CREDIT
P00_NEUTRAL_STAND,R_forearm,neck_pan_link,195.150613,0.000000,NO,PASS,NOMINAL RIGID LINK ENVELOPES; TOLERANCE/COVERS/CABLES/TRACKING ERROR OPEN,NO MOTION OR SAFETY CREDIT
P00_NEUTRAL_STAND,R_forearm,torso,36.402141,0.000000,NO,PASS,NOMINAL RIGID LINK ENVELOPES; TOLERANCE/COVERS/CABLES/TRACKING ERROR OPEN,NO MOTION OR SAFETY CREDIT
P00_NEUTRAL_STAND,R_gripper,R_hip_roll_link,118.445135,0.000000,NO,PASS,NOMINAL RIGID LINK ENVELOPES; TOLERANCE/COVERS/CABLES/TRACKING ERROR OPEN,NO MOTION OR SAFETY CREDIT
P00_NEUTRAL_STAND,R_gripper,R_hip_yaw_link,127.060025,0.000000,NO,PASS,NOMINAL RIGID LINK ENVELOPES; TOLERANCE/COVERS/CABLES/TRACKING ERROR OPEN,NO MOTION OR SAFETY CREDIT
P00_NEUTRAL_STAND,R_gripper,R_shin,63.518568,0.000000,NO,PASS,NOMINAL RIGID LINK ENVELOPES; TOLERANCE/COVERS/CABLES/TRACKING ERROR OPEN,NO MOTION OR SAFETY CREDIT
P00_NEUTRAL_STAND,R_gripper,R_shoulder_pitch_link,297.187461,0.000000,NO,PASS,NOMINAL RIGID LINK ENVELOPES; TOLERANCE/COVERS/CABLES/TRACKING ERROR OPEN,NO MOTION OR SAFETY CREDIT
P00_NEUTRAL_STAND,R_gripper,R_thigh,27.127262,0.000000,NO,PASS,NOMINAL RIGID LINK ENVELOPES; TOLERANCE/COVERS/CABLES/TRACKING ERROR OPEN,NO MOTION OR SAFETY CREDIT
P00_NEUTRAL_STAND,R_gripper,R_upper_arm,173.079000,0.000000,NO,PASS,NOMINAL RIGID LINK ENVELOPES; TOLERANCE/COVERS/CABLES/TRACKING ERROR OPEN,NO MOTION OR SAFETY CREDIT
P00_NEUTRAL_STAND,R_gripper,base_link,110.671253,0.000000,NO,PASS,NOMINAL RIGID LINK ENVELOPES; TOLERANCE/COVERS/CABLES/TRACKING ERROR OPEN,NO MOTION OR SAFETY CREDIT
P00_NEUTRAL_STAND,R_gripper,head,394.081158,0.000000,NO,PASS,NOMINAL RIGID LINK ENVELOPES; TOLERANCE/COVERS/CABLES/TRACKING ERROR OPEN,NO MOTION OR SAFETY CREDIT
P00_NEUTRAL_STAND,R_gripper,neck_pan_link,357.438760,0.000000,NO,PASS,NOMINAL RIGID LINK ENVELOPES; TOLERANCE/COVERS/CABLES/TRACKING ERROR OPEN,NO MOTION OR SAFETY CREDIT
P00_NEUTRAL_STAND,R_gripper,torso,195.545357,0.000000,NO,PASS,NOMINAL RIGID LINK ENVELOPES; TOLERANCE/COVERS/CABLES/TRACKING ERROR OPEN,NO MOTION OR SAFETY CREDIT
P00_NEUTRAL_STAND,R_hand,R_hip_roll_link,91.578025,0.000000,NO,PASS,NOMINAL RIGID LINK ENVELOPES; TOLERANCE/COVERS/CABLES/TRACKING ERROR OPEN,NO MOTION OR SAFETY CREDIT
P00_NEUTRAL_STAND,R_hand,R_hip_yaw_link,100.217746,0.000000,NO,PASS,NOMINAL RIGID LINK ENVELOPES; TOLERANCE/COVERS/CABLES/TRACKING ERROR OPEN,NO MOTION OR SAFETY CREDIT
P00_NEUTRAL_STAND,R_hand,R_shin,92.448727,0.000000,NO,PASS,NOMINAL RIGID LINK ENVELOPES; TOLERANCE/COVERS/CABLES/TRACKING ERROR OPEN,NO MOTION OR SAFETY CREDIT
P00_NEUTRAL_STAND,R_hand,R_shoulder_pitch_link,271.727000,0.000000,NO,PASS,NOMINAL RIGID LINK ENVELOPES; TOLERANCE/COVERS/CABLES/TRACKING ERROR OPEN,NO MOTION OR SAFETY CREDIT
P00_NEUTRAL_STAND,R_hand,R_thigh,18.459000,0.000000,NO,PASS,NOMINAL RIGID LINK ENVELOPES; TOLERANCE/COVERS/CABLES/TRACKING ERROR OPEN,NO MOTION OR SAFETY CREDIT
P00_NEUTRAL_STAND,R_hand,R_upper_arm,147.638000,0.000000,NO,PASS,NOMINAL RIGID LINK ENVELOPES; TOLERANCE/COVERS/CABLES/TRACKING ERROR OPEN,NO MOTION OR SAFETY CREDIT
P00_NEUTRAL_STAND,R_hand,base_link,84.037286,0.000000,NO,PASS,NOMINAL RIGID LINK ENVELOPES; TOLERANCE/COVERS/CABLES/TRACKING ERROR OPEN,NO MOTION OR SAFETY CREDIT
P00_NEUTRAL_STAND,R_hand,head,367.769547,0.000000,NO,PASS,NOMINAL RIGID LINK ENVELOPES; TOLERANCE/COVERS/CABLES/TRACKING ERROR OPEN,NO MOTION OR SAFETY CREDIT
P00_NEUTRAL_STAND,R_hand,neck_pan_link,330.592051,0.000000,NO,PASS,NOMINAL RIGID LINK ENVELOPES; TOLERANCE/COVERS/CABLES/TRACKING ERROR OPEN,NO MOTION OR SAFETY CREDIT
P00_NEUTRAL_STAND,R_hand,torso,169.067442,0.000000,NO,PASS,NOMINAL RIGID LINK ENVELOPES; TOLERANCE/COVERS/CABLES/TRACKING ERROR OPEN,NO MOTION OR SAFETY CREDIT
P00_NEUTRAL_STAND,R_hip_roll_link,R_shin,227.133000,0.000000,NO,PASS,NOMINAL RIGID LINK ENVELOPES; TOLERANCE/COVERS/CABLES/TRACKING ERROR OPEN,NO MOTION OR SAFETY CREDIT
P00_NEUTRAL_STAND,R_hip_roll_link,R_shoulder_pitch_link,144.168000,0.000000,NO,PASS,NOMINAL RIGID LINK ENVELOPES; TOLERANCE/COVERS/CABLES/TRACKING ERROR OPEN,NO MOTION OR SAFETY CREDIT
P00_NEUTRAL_STAND,R_hip_roll_link,R_upper_arm,20.079000,0.000000,NO,PASS,NOMINAL RIGID LINK ENVELOPES; TOLERANCE/COVERS/CABLES/TRACKING ERROR OPEN,NO MOTION OR SAFETY CREDIT
P00_NEUTRAL_STAND,R_hip_roll_link,head,237.758000,0.000000,NO,PASS,NOMINAL RIGID LINK ENVELOPES; TOLERANCE/COVERS/CABLES/TRACKING ERROR OPEN,NO MOTION OR SAFETY CREDIT
P00_NEUTRAL_STAND,R_hip_roll_link,neck_pan_link,190.303022,0.000000,NO,PASS,NOMINAL RIGID LINK ENVELOPES; TOLERANCE/COVERS/CABLES/TRACKING ERROR OPEN,NO MOTION OR SAFETY CREDIT
P00_NEUTRAL_STAND,R_hip_roll_link,torso,39.791000,0.000000,NO,PASS,NOMINAL RIGID LINK ENVELOPES; TOLERANCE/COVERS/CABLES/TRACKING ERROR OPEN,NO MOTION OR SAFETY CREDIT
P00_NEUTRAL_STAND,R_hip_yaw_link,R_shin,236.133000,0.000000,NO,PASS,NOMINAL RIGID LINK ENVELOPES; TOLERANCE/COVERS/CABLES/TRACKING ERROR OPEN,NO MOTION OR SAFETY CREDIT
P00_NEUTRAL_STAND,R_hip_yaw_link,R_shoulder_pitch_link,135.168000,0.000000,NO,PASS,NOMINAL RIGID LINK ENVELOPES; TOLERANCE/COVERS/CABLES/TRACKING ERROR OPEN,NO MOTION OR SAFETY CREDIT
P00_NEUTRAL_STAND,R_hip_yaw_link,R_upper_arm,11.079000,0.000000,NO,PASS,NOMINAL RIGID LINK ENVELOPES; TOLERANCE/COVERS/CABLES/TRACKING ERROR OPEN,NO MOTION OR SAFETY CREDIT
P00_NEUTRAL_STAND,R_hip_yaw_link,head,228.758000,0.000000,NO,PASS,NOMINAL RIGID LINK ENVELOPES; TOLERANCE/COVERS/CABLES/TRACKING ERROR OPEN,NO MOTION OR SAFETY CREDIT
P00_NEUTRAL_STAND,R_hip_yaw_link,neck_pan_link,181.305307,0.000000,NO,PASS,NOMINAL RIGID LINK ENVELOPES; TOLERANCE/COVERS/CABLES/TRACKING ERROR OPEN,NO MOTION OR SAFETY CREDIT
P00_NEUTRAL_STAND,R_hip_yaw_link,torso,30.791000,0.000000,NO,PASS,NOMINAL RIGID LINK ENVELOPES; TOLERANCE/COVERS/CABLES/TRACKING ERROR OPEN,NO MOTION OR SAFETY CREDIT
P00_NEUTRAL_STAND,R_shin,R_shoulder_pitch_link,411.301000,0.000000,NO,PASS,NOMINAL RIGID LINK ENVELOPES; TOLERANCE/COVERS/CABLES/TRACKING ERROR OPEN,NO MOTION OR SAFETY CREDIT
P00_NEUTRAL_STAND,R_shin,R_upper_arm,287.212000,0.000000,NO,PASS,NOMINAL RIGID LINK ENVELOPES; TOLERANCE/COVERS/CABLES/TRACKING ERROR OPEN,NO MOTION OR SAFETY CREDIT
P00_NEUTRAL_STAND,R_shin,base_link,213.999000,0.000000,NO,PASS,NOMINAL RIGID LINK ENVELOPES; TOLERANCE/COVERS/CABLES/TRACKING ERROR OPEN,NO MOTION OR SAFETY CREDIT
P00_NEUTRAL_STAND,R_shin,head,504.891000,0.000000,NO,PASS,NOMINAL RIGID LINK ENVELOPES; TOLERANCE/COVERS/CABLES/TRACKING ERROR OPEN,NO MOTION OR SAFETY CREDIT
P00_NEUTRAL_STAND,R_shin,neck_pan_link,457.390022,0.000000,NO,PASS,NOMINAL RIGID LINK ENVELOPES; TOLERANCE/COVERS/CABLES/TRACKING ERROR OPEN,NO MOTION OR SAFETY CREDIT
P00_NEUTRAL_STAND,R_shin,torso,306.924000,0.000000,NO,PASS,NOMINAL RIGID LINK ENVELOPES; TOLERANCE/COVERS/CABLES/TRACKING ERROR OPEN,NO MOTION OR SAFETY CREDIT
P00_NEUTRAL_STAND,R_shoulder_pitch_link,R_thigh,168.426000,0.000000,NO,PASS,NOMINAL RIGID LINK ENVELOPES; TOLERANCE/COVERS/CABLES/TRACKING ERROR OPEN,NO MOTION OR SAFETY CREDIT
P00_NEUTRAL_STAND,R_shoulder_pitch_link,base_link,127.374433,0.000000,NO,PASS,NOMINAL RIGID LINK ENVELOPES; TOLERANCE/COVERS/CABLES/TRACKING ERROR OPEN,NO MOTION OR SAFETY CREDIT
P00_NEUTRAL_STAND,R_shoulder_pitch_link,head,39.191231,0.000000,NO,PASS,NOMINAL RIGID LINK ENVELOPES; TOLERANCE/COVERS/CABLES/TRACKING ERROR OPEN,NO MOTION OR SAFETY CREDIT
P00_NEUTRAL_STAND,R_shoulder_pitch_link,neck_pan_link,56.284000,0.000000,NO,PASS,NOMINAL RIGID LINK ENVELOPES; TOLERANCE/COVERS/CABLES/TRACKING ERROR OPEN,NO MOTION OR SAFETY CREDIT
P00_NEUTRAL_STAND,R_thigh,R_upper_arm,44.337000,0.000000,NO,PASS,NOMINAL RIGID LINK ENVELOPES; TOLERANCE/COVERS/CABLES/TRACKING ERROR OPEN,NO MOTION OR SAFETY CREDIT
P00_NEUTRAL_STAND,R_thigh,head,262.016000,0.000000,NO,PASS,NOMINAL RIGID LINK ENVELOPES; TOLERANCE/COVERS/CABLES/TRACKING ERROR OPEN,NO MOTION OR SAFETY CREDIT
P00_NEUTRAL_STAND,R_thigh,neck_pan_link,214.515000,0.000000,NO,PASS,NOMINAL RIGID LINK ENVELOPES; TOLERANCE/COVERS/CABLES/TRACKING ERROR OPEN,NO MOTION OR SAFETY CREDIT
P00_NEUTRAL_STAND,R_thigh,torso,64.049000,0.000000,NO,PASS,NOMINAL RIGID LINK ENVELOPES; TOLERANCE/COVERS/CABLES/TRACKING ERROR OPEN,NO MOTION OR SAFETY CREDIT
P00_NEUTRAL_STAND,R_upper_arm,base_link,8.000790,0.000000,NO,PASS,NOMINAL RIGID LINK ENVELOPES; TOLERANCE/COVERS/CABLES/TRACKING ERROR OPEN,NO MOTION OR SAFETY CREDIT
P00_NEUTRAL_STAND,R_upper_arm,head,67.811185,0.000000,NO,PASS,NOMINAL RIGID LINK ENVELOPES; TOLERANCE/COVERS/CABLES/TRACKING ERROR OPEN,NO MOTION OR SAFETY CREDIT
P00_NEUTRAL_STAND,R_upper_arm,neck_pan_link,56.568163,0.000000,NO,PASS,NOMINAL RIGID LINK ENVELOPES; TOLERANCE/COVERS/CABLES/TRACKING ERROR OPEN,NO MOTION OR SAFETY CREDIT
P00_NEUTRAL_STAND,base_link,head,220.892000,0.000000,NO,PASS,NOMINAL RIGID LINK ENVELOPES; TOLERANCE/COVERS/CABLES/TRACKING ERROR OPEN,NO MOTION OR SAFETY CREDIT
P00_NEUTRAL_STAND,base_link,neck_pan_link,173.391000,0.000000,NO,PASS,NOMINAL RIGID LINK ENVELOPES; TOLERANCE/COVERS/CABLES/TRACKING ERROR OPEN,NO MOTION OR SAFETY CREDIT
P00_NEUTRAL_STAND,head,torso,42.967000,0.000000,NO,PASS,NOMINAL RIGID LINK ENVELOPES; TOLERANCE/COVERS/CABLES/TRACKING ERROR OPEN,NO MOTION OR SAFETY CREDIT
P01_CROUCHED_STAND,L_ankle_pitch_link,L_forearm,205.018520,0.000000,NO,PASS,NOMINAL RIGID LINK ENVELOPES; TOLERANCE/COVERS/CABLES/TRACKING ERROR OPEN,NO MOTION OR SAFETY CREDIT
P01_CROUCHED_STAND,L_ankle_pitch_link,L_gripper,126.003292,0.000000,NO,PASS,NOMINAL RIGID LINK ENVELOPES; TOLERANCE/COVERS/CABLES/TRACKING ERROR OPEN,NO MOTION OR SAFETY CREDIT
P01_CROUCHED_STAND,L_ankle_pitch_link,L_hand,157.988178,0.000000,NO,PASS,NOMINAL RIGID LINK ENVELOPES; TOLERANCE/COVERS/CABLES/TRACKING ERROR OPEN,NO MOTION OR SAFETY CREDIT
P01_CROUCHED_STAND,L_ankle_pitch_link,L_hip_roll_link,293.739803,0.000000,NO,PASS,NOMINAL RIGID LINK ENVELOPES; TOLERANCE/COVERS/CABLES/TRACKING ERROR OPEN,NO MOTION OR SAFETY CREDIT
P01_CROUCHED_STAND,L_ankle_pitch_link,L_hip_yaw_link,302.739803,0.000000,NO,PASS,NOMINAL RIGID LINK ENVELOPES; TOLERANCE/COVERS/CABLES/TRACKING ERROR OPEN,NO MOTION OR SAFETY CREDIT
P01_CROUCHED_STAND,L_ankle_pitch_link,L_shoulder_pitch_link,477.907803,0.000000,NO,PASS,NOMINAL RIGID LINK ENVELOPES; TOLERANCE/COVERS/CABLES/TRACKING ERROR OPEN,NO MOTION OR SAFETY CREDIT
P01_CROUCHED_STAND,L_ankle_pitch_link,L_thigh,166.415903,0.000000,NO,PASS,NOMINAL RIGID LINK ENVELOPES; TOLERANCE/COVERS/CABLES/TRACKING ERROR OPEN,NO MOTION OR SAFETY CREDIT
P01_CROUCHED_STAND,L_ankle_pitch_link,L_upper_arm,353.818803,0.000000,NO,PASS,NOMINAL RIGID LINK ENVELOPES; TOLERANCE/COVERS/CABLES/TRACKING ERROR OPEN,NO MOTION OR SAFETY CREDIT
P01_CROUCHED_STAND,L_ankle_pitch_link,R_ankle_pitch_link,59.000000,0.000000,NO,PASS,NOMINAL RIGID LINK ENVELOPES; TOLERANCE/COVERS/CABLES/TRACKING ERROR OPEN,NO MOTION OR SAFETY CREDIT
P01_CROUCHED_STAND,L_ankle_pitch_link,R_foot,47.000000,0.000000,NO,PASS,NOMINAL RIGID LINK ENVELOPES; TOLERANCE/COVERS/CABLES/TRACKING ERROR OPEN,NO MOTION OR SAFETY CREDIT
P01_CROUCHED_STAND,L_ankle_pitch_link,R_forearm,250.628259,0.000000,NO,PASS,NOMINAL RIGID LINK ENVELOPES; TOLERANCE/COVERS/CABLES/TRACKING ERROR OPEN,NO MOTION OR SAFETY CREDIT
P01_CROUCHED_STAND,L_ankle_pitch_link,R_gripper,199.064888,0.000000,NO,PASS,NOMINAL RIGID LINK ENVELOPES; TOLERANCE/COVERS/CABLES/TRACKING ERROR OPEN,NO MOTION OR SAFETY CREDIT
P01_CROUCHED_STAND,L_ankle_pitch_link,R_hand,215.739211,0.000000,NO,PASS,NOMINAL RIGID LINK ENVELOPES; TOLERANCE/COVERS/CABLES/TRACKING ERROR OPEN,NO MOTION OR SAFETY CREDIT
P01_CROUCHED_STAND,L_ankle_pitch_link,R_hip_roll_link,300.211712,0.000000,NO,PASS,NOMINAL RIGID LINK ENVELOPES; TOLERANCE/COVERS/CABLES/TRACKING ERROR OPEN,NO MOTION OR SAFETY CREDIT
P01_CROUCHED_STAND,L_ankle_pitch_link,R_hip_yaw_link,309.023281,0.000000,NO,PASS,NOMINAL RIGID LINK ENVELOPES; TOLERANCE/COVERS/CABLES/TRACKING ERROR OPEN,NO MOTION OR SAFETY CREDIT
P01_CROUCHED_STAND,L_ankle_pitch_link,R_shin,57.957000,0.000000,NO,PASS,NOMINAL RIGID LINK ENVELOPES; TOLERANCE/COVERS/CABLES/TRACKING ERROR OPEN,NO MOTION OR SAFETY CREDIT
P01_CROUCHED_STAND,L_ankle_pitch_link,R_shoulder_pitch_link,491.339445,0.000000,NO,PASS,NOMINAL RIGID LINK ENVELOPES; TOLERANCE/COVERS/CABLES/TRACKING ERROR OPEN,NO MOTION OR SAFETY CREDIT
P01_CROUCHED_STAND,L_ankle_pitch_link,R_thigh,175.704775,0.000000,NO,PASS,NOMINAL RIGID LINK ENVELOPES; TOLERANCE/COVERS/CABLES/TRACKING ERROR OPEN,NO MOTION OR SAFETY CREDIT
P01_CROUCHED_STAND,L_ankle_pitch_link,R_upper_arm,370.720681,0.000000,NO,PASS,NOMINAL RIGID LINK ENVELOPES; TOLERANCE/COVERS/CABLES/TRACKING ERROR OPEN,NO MOTION OR SAFETY CREDIT
P01_CROUCHED_STAND,L_ankle_pitch_link,base_link,280.605803,0.000000,NO,PASS,NOMINAL RIGID LINK ENVELOPES; TOLERANCE/COVERS/CABLES/TRACKING ERROR OPEN,NO MOTION OR SAFETY CREDIT
P01_CROUCHED_STAND,L_ankle_pitch_link,head,571.497803,0.000000,NO,PASS,NOMINAL RIGID LINK ENVELOPES; TOLERANCE/COVERS/CABLES/TRACKING ERROR OPEN,NO MOTION OR SAFETY CREDIT
P01_CROUCHED_STAND,L_ankle_pitch_link,neck_pan_link,524.010690,0.000000,NO,PASS,NOMINAL RIGID LINK ENVELOPES; TOLERANCE/COVERS/CABLES/TRACKING ERROR OPEN,NO MOTION OR SAFETY CREDIT
P01_CROUCHED_STAND,L_ankle_pitch_link,torso,373.530803,0.000000,NO,PASS,NOMINAL RIGID LINK ENVELOPES; TOLERANCE/COVERS/CABLES/TRACKING ERROR OPEN,NO MOTION OR SAFETY CREDIT
P01_CROUCHED_STAND,L_foot,L_forearm,246.454304,0.000000,NO,PASS,NOMINAL RIGID LINK ENVELOPES; TOLERANCE/COVERS/CABLES/TRACKING ERROR OPEN,NO MOTION OR SAFETY CREDIT
P01_CROUCHED_STAND,L_foot,L_gripper,165.030998,0.000000,NO,PASS,NOMINAL RIGID LINK ENVELOPES; TOLERANCE/COVERS/CABLES/TRACKING ERROR OPEN,NO MOTION OR SAFETY CREDIT
P01_CROUCHED_STAND,L_foot,L_hand,198.546490,0.000000,NO,PASS,NOMINAL RIGID LINK ENVELOPES; TOLERANCE/COVERS/CABLES/TRACKING ERROR OPEN,NO MOTION OR SAFETY CREDIT
P01_CROUCHED_STAND,L_foot,L_hip_roll_link,335.752803,0.000000,NO,PASS,NOMINAL RIGID LINK ENVELOPES; TOLERANCE/COVERS/CABLES/TRACKING ERROR OPEN,NO MOTION OR SAFETY CREDIT
P01_CROUCHED_STAND,L_foot,L_hip_yaw_link,344.752803,0.000000,NO,PASS,NOMINAL RIGID LINK ENVELOPES; TOLERANCE/COVERS/CABLES/TRACKING ERROR OPEN,NO MOTION OR SAFETY CREDIT
P01_CROUCHED_STAND,L_foot,L_shoulder_pitch_link,519.920803,0.000000,NO,PASS,NOMINAL RIGID LINK ENVELOPES; TOLERANCE/COVERS/CABLES/TRACKING ERROR OPEN,NO MOTION OR SAFETY CREDIT
P01_CROUCHED_STAND,L_foot,L_thigh,208.428903,0.000000,NO,PASS,NOMINAL RIGID LINK ENVELOPES; TOLERANCE/COVERS/CABLES/TRACKING ERROR OPEN,NO MOTION OR SAFETY CREDIT
P01_CROUCHED_STAND,L_foot,L_upper_arm,395.831803,0.000000,NO,PASS,NOMINAL RIGID LINK ENVELOPES; TOLERANCE/COVERS/CABLES/TRACKING ERROR OPEN,NO MOTION OR SAFETY CREDIT
P01_CROUCHED_STAND,L_foot,R_ankle_pitch_link,47.000000,0.000000,NO,PASS,NOMINAL RIGID LINK ENVELOPES; TOLERANCE/COVERS/CABLES/TRACKING ERROR OPEN,NO MOTION OR SAFETY CREDIT
P01_CROUCHED_STAND,L_foot,R_foot,35.000000,0.000000,NO,PASS,NOMINAL RIGID LINK ENVELOPES; TOLERANCE/COVERS/CABLES/TRACKING ERROR OPEN,NO MOTION OR SAFETY CREDIT
P01_CROUCHED_STAND,L_foot,R_forearm,280.034281,0.000000,NO,PASS,NOMINAL RIGID LINK ENVELOPES; TOLERANCE/COVERS/CABLES/TRACKING ERROR OPEN,NO MOTION OR SAFETY CREDIT
P01_CROUCHED_STAND,L_foot,R_gripper,219.055314,0.000000,NO,PASS,NOMINAL RIGID LINK ENVELOPES; TOLERANCE/COVERS/CABLES/TRACKING ERROR OPEN,NO MOTION OR SAFETY CREDIT
P01_CROUCHED_STAND,L_foot,R_hand,240.839739,0.000000,NO,PASS,NOMINAL RIGID LINK ENVELOPES; TOLERANCE/COVERS/CABLES/TRACKING ERROR OPEN,NO MOTION OR SAFETY CREDIT
P01_CROUCHED_STAND,L_foot,R_hip_roll_link,339.455365,0.000000,NO,PASS,NOMINAL RIGID LINK ENVELOPES; TOLERANCE/COVERS/CABLES/TRACKING ERROR OPEN,NO MOTION OR SAFETY CREDIT
P01_CROUCHED_STAND,L_foot,R_hip_yaw_link,348.359721,0.000000,NO,PASS,NOMINAL RIGID LINK ENVELOPES; TOLERANCE/COVERS/CABLES/TRACKING ERROR OPEN,NO MOTION OR SAFETY CREDIT
P01_CROUCHED_STAND,L_foot,R_shin,45.957000,0.000000,NO,PASS,NOMINAL RIGID LINK ENVELOPES; TOLERANCE/COVERS/CABLES/TRACKING ERROR OPEN,NO MOTION OR SAFETY CREDIT
P01_CROUCHED_STAND,L_foot,R_shoulder_pitch_link,529.850778,0.000000,NO,PASS,NOMINAL RIGID LINK ENVELOPES; TOLERANCE/COVERS/CABLES/TRACKING ERROR OPEN,NO MOTION OR SAFETY CREDIT
P01_CROUCHED_STAND,L_foot,R_thigh,213.099908,0.000000,NO,PASS,NOMINAL RIGID LINK ENVELOPES; TOLERANCE/COVERS/CABLES/TRACKING ERROR OPEN,NO MOTION OR SAFETY CREDIT
P01_CROUCHED_STAND,L_foot,R_upper_arm,407.942406,0.000000,NO,PASS,NOMINAL RIGID LINK ENVELOPES; TOLERANCE/COVERS/CABLES/TRACKING ERROR OPEN,NO MOTION OR SAFETY CREDIT
P01_CROUCHED_STAND,L_foot,base_link,322.618803,0.000000,NO,PASS,NOMINAL RIGID LINK ENVELOPES; TOLERANCE/COVERS/CABLES/TRACKING ERROR OPEN,NO MOTION OR SAFETY CREDIT
P01_CROUCHED_STAND,L_foot,head,613.510803,0.000000,NO,PASS,NOMINAL RIGID LINK ENVELOPES; TOLERANCE/COVERS/CABLES/TRACKING ERROR OPEN,NO MOTION OR SAFETY CREDIT
P01_CROUCHED_STAND,L_foot,neck_pan_link,566.009803,0.000000,NO,PASS,NOMINAL RIGID LINK ENVELOPES; TOLERANCE/COVERS/CABLES/TRACKING ERROR OPEN,NO MOTION OR SAFETY CREDIT
P01_CROUCHED_STAND,L_foot,torso,415.543803,0.000000,NO,PASS,NOMINAL RIGID LINK ENVELOPES; TOLERANCE/COVERS/CABLES/TRACKING ERROR OPEN,NO MOTION OR SAFETY CREDIT
P01_CROUCHED_STAND,L_forearm,L_gripper,23.673000,0.000000,NO,PASS,NOMINAL RIGID LINK ENVELOPES; TOLERANCE/COVERS/CABLES/TRACKING ERROR OPEN,NO MOTION OR SAFETY CREDIT
P01_CROUCHED_STAND,L_forearm,L_hip_roll_link,18.748000,0.000000,NO,PASS,NOMINAL RIGID LINK ENVELOPES; TOLERANCE/COVERS/CABLES/TRACKING ERROR OPEN,NO MOTION OR SAFETY CREDIT
P01_CROUCHED_STAND,L_forearm,L_hip_yaw_link,18.748000,0.000000,NO,PASS,NOMINAL RIGID LINK ENVELOPES; TOLERANCE/COVERS/CABLES/TRACKING ERROR OPEN,NO MOTION OR SAFETY CREDIT
P01_CROUCHED_STAND,L_forearm,L_shin,132.163373,0.000000,NO,PASS,NOMINAL RIGID LINK ENVELOPES; TOLERANCE/COVERS/CABLES/TRACKING ERROR OPEN,NO MOTION OR SAFETY CREDIT
P01_CROUCHED_STAND,L_forearm,L_shoulder_pitch_link,128.495000,0.000000,NO,PASS,NOMINAL RIGID LINK ENVELOPES; TOLERANCE/COVERS/CABLES/TRACKING ERROR OPEN,NO MOTION OR SAFETY CREDIT
P01_CROUCHED_STAND,L_forearm,L_thigh,13.121000,0.000000,NO,PASS,NOMINAL RIGID LINK ENVELOPES; TOLERANCE/COVERS/CABLES/TRACKING ERROR OPEN,NO MOTION OR SAFETY CREDIT
P01_CROUCHED_STAND,L_forearm,R_ankle_pitch_link,248.182581,0.000000,NO,PASS,NOMINAL RIGID LINK ENVELOPES; TOLERANCE/COVERS/CABLES/TRACKING ERROR OPEN,NO MOTION OR SAFETY CREDIT
P01_CROUCHED_STAND,L_forearm,R_foot,278.031875,0.000000,NO,PASS,NOMINAL RIGID LINK ENVELOPES; TOLERANCE/COVERS/CABLES/TRACKING ERROR OPEN,NO MOTION OR SAFETY CREDIT
P01_CROUCHED_STAND,L_forearm,R_forearm,226.765000,0.000000,NO,PASS,NOMINAL RIGID LINK ENVELOPES; TOLERANCE/COVERS/CABLES/TRACKING ERROR OPEN,NO MOTION OR SAFETY CREDIT
P01_CROUCHED_STAND,L_forearm,R_gripper,240.416340,0.000000,NO,PASS,NOMINAL RIGID LINK ENVELOPES; TOLERANCE/COVERS/CABLES/TRACKING ERROR OPEN,NO MOTION OR SAFETY CREDIT
P01_CROUCHED_STAND,L_forearm,R_hand,230.580000,0.000000,NO,PASS,NOMINAL RIGID LINK ENVELOPES; TOLERANCE/COVERS/CABLES/TRACKING ERROR OPEN,NO MOTION OR SAFETY CREDIT
P01_CROUCHED_STAND,L_forearm,R_hip_roll_link,143.748000,0.000000,NO,PASS,NOMINAL RIGID LINK ENVELOPES; TOLERANCE/COVERS/CABLES/TRACKING ERROR OPEN,NO MOTION OR SAFETY CREDIT
P01_CROUCHED_STAND,L_forearm,R_hip_yaw_link,143.748000,0.000000,NO,PASS,NOMINAL RIGID LINK ENVELOPES; TOLERANCE/COVERS/CABLES/TRACKING ERROR OPEN,NO MOTION OR SAFETY CREDIT
P01_CROUCHED_STAND,L_forearm,R_shin,191.750898,0.000000,NO,PASS,NOMINAL RIGID LINK ENVELOPES; TOLERANCE/COVERS/CABLES/TRACKING ERROR OPEN,NO MOTION OR SAFETY CREDIT
P01_CROUCHED_STAND,L_forearm,R_shoulder_pitch_link,234.237086,0.000000,NO,PASS,NOMINAL RIGID LINK ENVELOPES; TOLERANCE/COVERS/CABLES/TRACKING ERROR OPEN,NO MOTION OR SAFETY CREDIT
P01_CROUCHED_STAND,L_forearm,R_thigh,138.121000,0.000000,NO,PASS,NOMINAL RIGID LINK ENVELOPES; TOLERANCE/COVERS/CABLES/TRACKING ERROR OPEN,NO MOTION OR SAFETY CREDIT
P01_CROUCHED_STAND,L_forearm,R_upper_arm,192.460440,0.000000,NO,PASS,NOMINAL RIGID LINK ENVELOPES; TOLERANCE/COVERS/CABLES/TRACKING ERROR OPEN,NO MOTION OR SAFETY CREDIT
P01_CROUCHED_STAND,L_forearm,base_link,36.552000,0.000000,NO,PASS,NOMINAL RIGID LINK ENVELOPES; TOLERANCE/COVERS/CABLES/TRACKING ERROR OPEN,NO MOTION OR SAFETY CREDIT
P01_CROUCHED_STAND,L_forearm,head,225.342643,0.000000,NO,PASS,NOMINAL RIGID LINK ENVELOPES; TOLERANCE/COVERS/CABLES/TRACKING ERROR OPEN,NO MOTION OR SAFETY CREDIT
P01_CROUCHED_STAND,L_forearm,neck_pan_link,194.423764,0.000000,NO,PASS,NOMINAL RIGID LINK ENVELOPES; TOLERANCE/COVERS/CABLES/TRACKING ERROR OPEN,NO MOTION OR SAFETY CREDIT
P01_CROUCHED_STAND,L_forearm,torso,34.034908,0.000000,NO,PASS,NOMINAL RIGID LINK ENVELOPES; TOLERANCE/COVERS/CABLES/TRACKING ERROR OPEN,NO MOTION OR SAFETY CREDIT
P01_CROUCHED_STAND,L_gripper,L_hip_roll_link,118.445135,0.000000,NO,PASS,NOMINAL RIGID LINK ENVELOPES; TOLERANCE/COVERS/CABLES/TRACKING ERROR OPEN,NO MOTION OR SAFETY CREDIT
P01_CROUCHED_STAND,L_gripper,L_hip_yaw_link,127.060025,0.000000,NO,PASS,NOMINAL RIGID LINK ENVELOPES; TOLERANCE/COVERS/CABLES/TRACKING ERROR OPEN,NO MOTION OR SAFETY CREDIT
P01_CROUCHED_STAND,L_gripper,L_shin,57.950739,0.000000,NO,PASS,NOMINAL RIGID LINK ENVELOPES; TOLERANCE/COVERS/CABLES/TRACKING ERROR OPEN,NO MOTION OR SAFETY CREDIT
P01_CROUCHED_STAND,L_gripper,L_shoulder_pitch_link,297.179365,0.000000,NO,PASS,NOMINAL RIGID LINK ENVELOPES; TOLERANCE/COVERS/CABLES/TRACKING ERROR OPEN,NO MOTION OR SAFETY CREDIT
P01_CROUCHED_STAND,L_gripper,L_thigh,29.873000,0.000000,NO,PASS,NOMINAL RIGID LINK ENVELOPES; TOLERANCE/COVERS/CABLES/TRACKING ERROR OPEN,NO MOTION OR SAFETY CREDIT
P01_CROUCHED_STAND,L_gripper,L_upper_arm,173.079000,0.000000,NO,PASS,NOMINAL RIGID LINK ENVELOPES; TOLERANCE/COVERS/CABLES/TRACKING ERROR OPEN,NO MOTION OR SAFETY CREDIT
P01_CROUCHED_STAND,L_gripper,R_ankle_pitch_link,199.064888,0.000000,NO,PASS,NOMINAL RIGID LINK ENVELOPES; TOLERANCE/COVERS/CABLES/TRACKING ERROR OPEN,NO MOTION OR SAFETY CREDIT
P01_CROUCHED_STAND,L_gripper,R_foot,219.055314,0.000000,NO,PASS,NOMINAL RIGID LINK ENVELOPES; TOLERANCE/COVERS/CABLES/TRACKING ERROR OPEN,NO MOTION OR SAFETY CREDIT
P01_CROUCHED_STAND,L_gripper,R_forearm,244.664955,0.000000,NO,PASS,NOMINAL RIGID LINK ENVELOPES; TOLERANCE/COVERS/CABLES/TRACKING ERROR OPEN,NO MOTION OR SAFETY CREDIT
P01_CROUCHED_STAND,L_gripper,R_gripper,256.000000,0.000000,NO,PASS,NOMINAL RIGID LINK ENVELOPES; TOLERANCE/COVERS/CABLES/TRACKING ERROR OPEN,NO MOTION OR SAFETY CREDIT
P01_CROUCHED_STAND,L_gripper,R_hand,247.332000,0.000000,NO,PASS,NOMINAL RIGID LINK ENVELOPES; TOLERANCE/COVERS/CABLES/TRACKING ERROR OPEN,NO MOTION OR SAFETY CREDIT
P01_CROUCHED_STAND,L_gripper,R_hip_roll_link,196.288690,0.000000,NO,PASS,NOMINAL RIGID LINK ENVELOPES; TOLERANCE/COVERS/CABLES/TRACKING ERROR OPEN,NO MOTION OR SAFETY CREDIT
P01_CROUCHED_STAND,L_gripper,R_hip_yaw_link,201.604191,0.000000,NO,PASS,NOMINAL RIGID LINK ENVELOPES; TOLERANCE/COVERS/CABLES/TRACKING ERROR OPEN,NO MOTION OR SAFETY CREDIT
P01_CROUCHED_STAND,L_gripper,R_shin,163.852184,0.000000,NO,PASS,NOMINAL RIGID LINK ENVELOPES; TOLERANCE/COVERS/CABLES/TRACKING ERROR OPEN,NO MOTION OR SAFETY CREDIT
P01_CROUCHED_STAND,L_gripper,R_shoulder_pitch_link,365.386309,0.000000,NO,PASS,NOMINAL RIGID LINK ENVELOPES; TOLERANCE/COVERS/CABLES/TRACKING ERROR OPEN,NO MOTION OR SAFETY CREDIT
P01_CROUCHED_STAND,L_gripper,R_thigh,154.873000,0.000000,NO,PASS,NOMINAL RIGID LINK ENVELOPES; TOLERANCE/COVERS/CABLES/TRACKING ERROR OPEN,NO MOTION OR SAFETY CREDIT
P01_CROUCHED_STAND,L_gripper,R_upper_arm,271.486800,0.000000,NO,PASS,NOMINAL RIGID LINK ENVELOPES; TOLERANCE/COVERS/CABLES/TRACKING ERROR OPEN,NO MOTION OR SAFETY CREDIT
P01_CROUCHED_STAND,L_gripper,base_link,113.201300,0.000000,NO,PASS,NOMINAL RIGID LINK ENVELOPES; TOLERANCE/COVERS/CABLES/TRACKING ERROR OPEN,NO MOTION OR SAFETY CREDIT
P01_CROUCHED_STAND,L_gripper,head,394.599948,0.000000,NO,PASS,NOMINAL RIGID LINK ENVELOPES; TOLERANCE/COVERS/CABLES/TRACKING ERROR OPEN,NO MOTION OR SAFETY CREDIT
P01_CROUCHED_STAND,L_gripper,neck_pan_link,358.181137,0.000000,NO,PASS,NOMINAL RIGID LINK ENVELOPES; TOLERANCE/COVERS/CABLES/TRACKING ERROR OPEN,NO MOTION OR SAFETY CREDIT
P01_CROUCHED_STAND,L_gripper,torso,195.644899,0.000000,NO,PASS,NOMINAL RIGID LINK ENVELOPES; TOLERANCE/COVERS/CABLES/TRACKING ERROR OPEN,NO MOTION OR SAFETY CREDIT
P01_CROUCHED_STAND,L_hand,L_hip_roll_link,91.577146,0.000000,NO,PASS,NOMINAL RIGID LINK ENVELOPES; TOLERANCE/COVERS/CABLES/TRACKING ERROR OPEN,NO MOTION OR SAFETY CREDIT
P01_CROUCHED_STAND,L_hand,L_hip_yaw_link,100.216943,0.000000,NO,PASS,NOMINAL RIGID LINK ENVELOPES; TOLERANCE/COVERS/CABLES/TRACKING ERROR OPEN,NO MOTION OR SAFETY CREDIT
P01_CROUCHED_STAND,L_hand,L_shin,86.177722,0.000000,NO,PASS,NOMINAL RIGID LINK ENVELOPES; TOLERANCE/COVERS/CABLES/TRACKING ERROR OPEN,NO MOTION OR SAFETY CREDIT
P01_CROUCHED_STAND,L_hand,L_shoulder_pitch_link,271.727000,0.000000,NO,PASS,NOMINAL RIGID LINK ENVELOPES; TOLERANCE/COVERS/CABLES/TRACKING ERROR OPEN,NO MOTION OR SAFETY CREDIT
P01_CROUCHED_STAND,L_hand,L_thigh,21.202000,0.000000,NO,PASS,NOMINAL RIGID LINK ENVELOPES; TOLERANCE/COVERS/CABLES/TRACKING ERROR OPEN,NO MOTION OR SAFETY CREDIT
P01_CROUCHED_STAND,L_hand,L_upper_arm,147.638000,0.000000,NO,PASS,NOMINAL RIGID LINK ENVELOPES; TOLERANCE/COVERS/CABLES/TRACKING ERROR OPEN,NO MOTION OR SAFETY CREDIT
P01_CROUCHED_STAND,L_hand,R_ankle_pitch_link,215.737142,0.000000,NO,PASS,NOMINAL RIGID LINK ENVELOPES; TOLERANCE/COVERS/CABLES/TRACKING ERROR OPEN,NO MOTION OR SAFETY CREDIT
P01_CROUCHED_STAND,L_hand,R_foot,240.838034,0.000000,NO,PASS,NOMINAL RIGID LINK ENVELOPES; TOLERANCE/COVERS/CABLES/TRACKING ERROR OPEN,NO MOTION OR SAFETY CREDIT
P01_CROUCHED_STAND,L_hand,R_forearm,234.846000,0.000000,NO,PASS,NOMINAL RIGID LINK ENVELOPES; TOLERANCE/COVERS/CABLES/TRACKING ERROR OPEN,NO MOTION OR SAFETY CREDIT
P01_CROUCHED_STAND,L_hand,R_gripper,247.329000,0.000000,NO,PASS,NOMINAL RIGID LINK ENVELOPES; TOLERANCE/COVERS/CABLES/TRACKING ERROR OPEN,NO MOTION OR SAFETY CREDIT
P01_CROUCHED_STAND,L_hand,R_hand,238.661000,0.000000,NO,PASS,NOMINAL RIGID LINK ENVELOPES; TOLERANCE/COVERS/CABLES/TRACKING ERROR OPEN,NO MOTION OR SAFETY CREDIT
P01_CROUCHED_STAND,L_hand,R_hip_roll_link,175.267292,0.000000,NO,PASS,NOMINAL RIGID LINK ENVELOPES; TOLERANCE/COVERS/CABLES/TRACKING ERROR OPEN,NO MOTION OR SAFETY CREDIT
P01_CROUCHED_STAND,L_hand,R_hip_yaw_link,179.932447,0.000000,NO,PASS,NOMINAL RIGID LINK ENVELOPES; TOLERANCE/COVERS/CABLES/TRACKING ERROR OPEN,NO MOTION OR SAFETY CREDIT
P01_CROUCHED_STAND,L_hand,R_shin,169.552646,0.000000,NO,PASS,NOMINAL RIGID LINK ENVELOPES; TOLERANCE/COVERS/CABLES/TRACKING ERROR OPEN,NO MOTION OR SAFETY CREDIT
P01_CROUCHED_STAND,L_hand,R_shoulder_pitch_link,339.738416,0.000000,NO,PASS,NOMINAL RIGID LINK ENVELOPES; TOLERANCE/COVERS/CABLES/TRACKING ERROR OPEN,NO MOTION OR SAFETY CREDIT
P01_CROUCHED_STAND,L_hand,R_thigh,146.202000,0.000000,NO,PASS,NOMINAL RIGID LINK ENVELOPES; TOLERANCE/COVERS/CABLES/TRACKING ERROR OPEN,NO MOTION OR SAFETY CREDIT
P01_CROUCHED_STAND,L_hand,R_upper_arm,248.985180,0.000000,NO,PASS,NOMINAL RIGID LINK ENVELOPES; TOLERANCE/COVERS/CABLES/TRACKING ERROR OPEN,NO MOTION OR SAFETY CREDIT
P01_CROUCHED_STAND,L_hand,base_link,86.782402,0.000000,NO,PASS,NOMINAL RIGID LINK ENVELOPES; TOLERANCE/COVERS/CABLES/TRACKING ERROR OPEN,NO MOTION OR SAFETY CREDIT
P01_CROUCHED_STAND,L_hand,head,368.234172,0.000000,NO,PASS,NOMINAL RIGID LINK ENVELOPES; TOLERANCE/COVERS/CABLES/TRACKING ERROR OPEN,NO MOTION OR SAFETY CREDIT
P01_CROUCHED_STAND,L_hand,neck_pan_link,331.324929,0.000000,NO,PASS,NOMINAL RIGID LINK ENVELOPES; TOLERANCE/COVERS/CABLES/TRACKING ERROR OPEN,NO MOTION OR SAFETY CREDIT
P01_CROUCHED_STAND,L_hand,torso,169.151896,0.000000,NO,PASS,NOMINAL RIGID LINK ENVELOPES; TOLERANCE/COVERS/CABLES/TRACKING ERROR OPEN,NO MOTION OR SAFETY CREDIT
P01_CROUCHED_STAND,L_hip_roll_link,L_shin,220.669758,0.000000,NO,PASS,NOMINAL RIGID LINK ENVELOPES; TOLERANCE/COVERS/CABLES/TRACKING ERROR OPEN,NO MOTION OR SAFETY CREDIT
P01_CROUCHED_STAND,L_hip_roll_link,L_shoulder_pitch_link,144.168000,0.000000,NO,PASS,NOMINAL RIGID LINK ENVELOPES; TOLERANCE/COVERS/CABLES/TRACKING ERROR OPEN,NO MOTION OR SAFETY CREDIT
P01_CROUCHED_STAND,L_hip_roll_link,L_upper_arm,20.125681,0.000000,NO,PASS,NOMINAL RIGID LINK ENVELOPES; TOLERANCE/COVERS/CABLES/TRACKING ERROR OPEN,NO MOTION OR SAFETY CREDIT
P01_CROUCHED_STAND,L_hip_roll_link,R_ankle_pitch_link,300.211712,0.000000,NO,PASS,NOMINAL RIGID LINK ENVELOPES; TOLERANCE/COVERS/CABLES/TRACKING ERROR OPEN,NO MOTION OR SAFETY CREDIT
P01_CROUCHED_STAND,L_hip_roll_link,R_foot,339.455365,0.000000,NO,PASS,NOMINAL RIGID LINK ENVELOPES; TOLERANCE/COVERS/CABLES/TRACKING ERROR OPEN,NO MOTION OR SAFETY CREDIT
P01_CROUCHED_STAND,L_hip_roll_link,R_forearm,148.017000,0.000000,NO,PASS,NOMINAL RIGID LINK ENVELOPES; TOLERANCE/COVERS/CABLES/TRACKING ERROR OPEN,NO MOTION OR SAFETY CREDIT
P01_CROUCHED_STAND,L_hip_roll_link,R_gripper,196.288690,0.000000,NO,PASS,NOMINAL RIGID LINK ENVELOPES; TOLERANCE/COVERS/CABLES/TRACKING ERROR OPEN,NO MOTION OR SAFETY CREDIT
P01_CROUCHED_STAND,L_hip_roll_link,R_hand,175.269891,0.000000,NO,PASS,NOMINAL RIGID LINK ENVELOPES; TOLERANCE/COVERS/CABLES/TRACKING ERROR OPEN,NO MOTION OR SAFETY CREDIT
P01_CROUCHED_STAND,L_hip_roll_link,R_hip_roll_link,65.000000,0.000000,NO,PASS,NOMINAL RIGID LINK ENVELOPES; TOLERANCE/COVERS/CABLES/TRACKING ERROR OPEN,NO MOTION OR SAFETY CREDIT
P01_CROUCHED_STAND,L_hip_roll_link,R_hip_yaw_link,65.000000,0.000000,NO,PASS,NOMINAL RIGID LINK ENVELOPES; TOLERANCE/COVERS/CABLES/TRACKING ERROR OPEN,NO MOTION OR SAFETY CREDIT
P01_CROUCHED_STAND,L_hip_roll_link,R_shin,228.934265,0.000000,NO,PASS,NOMINAL RIGID LINK ENVELOPES; TOLERANCE/COVERS/CABLES/TRACKING ERROR OPEN,NO MOTION OR SAFETY CREDIT
P01_CROUCHED_STAND,L_hip_roll_link,R_shoulder_pitch_link,185.732571,0.000000,NO,PASS,NOMINAL RIGID LINK ENVELOPES; TOLERANCE/COVERS/CABLES/TRACKING ERROR OPEN,NO MOTION OR SAFETY CREDIT
P01_CROUCHED_STAND,L_hip_roll_link,R_thigh,59.373000,0.000000,NO,PASS,NOMINAL RIGID LINK ENVELOPES; TOLERANCE/COVERS/CABLES/TRACKING ERROR OPEN,NO MOTION OR SAFETY CREDIT
P01_CROUCHED_STAND,L_hip_roll_link,R_upper_arm,115.421906,0.000000,NO,PASS,NOMINAL RIGID LINK ENVELOPES; TOLERANCE/COVERS/CABLES/TRACKING ERROR OPEN,NO MOTION OR SAFETY CREDIT
P01_CROUCHED_STAND,L_hip_roll_link,head,237.758000,0.000000,NO,PASS,NOMINAL RIGID LINK ENVELOPES; TOLERANCE/COVERS/CABLES/TRACKING ERROR OPEN,NO MOTION OR SAFETY CREDIT
P01_CROUCHED_STAND,L_hip_roll_link,neck_pan_link,190.379017,0.000000,NO,PASS,NOMINAL RIGID LINK ENVELOPES; TOLERANCE/COVERS/CABLES/TRACKING ERROR OPEN,NO MOTION OR SAFETY CREDIT
P01_CROUCHED_STAND,L_hip_roll_link,torso,39.791000,0.000000,NO,PASS,NOMINAL RIGID LINK ENVELOPES; TOLERANCE/COVERS/CABLES/TRACKING ERROR OPEN,NO MOTION OR SAFETY CREDIT
P01_CROUCHED_STAND,L_hip_yaw_link,L_shin,229.669758,0.000000,NO,PASS,NOMINAL RIGID LINK ENVELOPES; TOLERANCE/COVERS/CABLES/TRACKING ERROR OPEN,NO MOTION OR SAFETY CREDIT
P01_CROUCHED_STAND,L_hip_yaw_link,L_shoulder_pitch_link,135.168000,0.000000,NO,PASS,NOMINAL RIGID LINK ENVELOPES; TOLERANCE/COVERS/CABLES/TRACKING ERROR OPEN,NO MOTION OR SAFETY CREDIT
P01_CROUCHED_STAND,L_hip_yaw_link,L_upper_arm,11.146340,0.000000,NO,PASS,NOMINAL RIGID LINK ENVELOPES; TOLERANCE/COVERS/CABLES/TRACKING ERROR OPEN,NO MOTION OR SAFETY CREDIT
P01_CROUCHED_STAND,L_hip_yaw_link,R_ankle_pitch_link,309.023281,0.000000,NO,PASS,NOMINAL RIGID LINK ENVELOPES; TOLERANCE/COVERS/CABLES/TRACKING ERROR OPEN,NO MOTION OR SAFETY CREDIT
P01_CROUCHED_STAND,L_hip_yaw_link,R_foot,348.359721,0.000000,NO,PASS,NOMINAL RIGID LINK ENVELOPES; TOLERANCE/COVERS/CABLES/TRACKING ERROR OPEN,NO MOTION OR SAFETY CREDIT
P01_CROUCHED_STAND,L_hip_yaw_link,R_forearm,148.017000,0.000000,NO,PASS,NOMINAL RIGID LINK ENVELOPES; TOLERANCE/COVERS/CABLES/TRACKING ERROR OPEN,NO MOTION OR SAFETY CREDIT
P01_CROUCHED_STAND,L_hip_yaw_link,R_gripper,201.604191,0.000000,NO,PASS,NOMINAL RIGID LINK ENVELOPES; TOLERANCE/COVERS/CABLES/TRACKING ERROR OPEN,NO MOTION OR SAFETY CREDIT
P01_CROUCHED_STAND,L_hip_yaw_link,R_hand,179.934979,0.000000,NO,PASS,NOMINAL RIGID LINK ENVELOPES; TOLERANCE/COVERS/CABLES/TRACKING ERROR OPEN,NO MOTION OR SAFETY CREDIT
P01_CROUCHED_STAND,L_hip_yaw_link,R_hip_roll_link,65.000000,0.000000,NO,PASS,NOMINAL RIGID LINK ENVELOPES; TOLERANCE/COVERS/CABLES/TRACKING ERROR OPEN,NO MOTION OR SAFETY CREDIT
P01_CROUCHED_STAND,L_hip_yaw_link,R_hip_yaw_link,65.000000,0.000000,NO,PASS,NOMINAL RIGID LINK ENVELOPES; TOLERANCE/COVERS/CABLES/TRACKING ERROR OPEN,NO MOTION OR SAFETY CREDIT
P01_CROUCHED_STAND,L_hip_yaw_link,R_shin,237.621450,0.000000,NO,PASS,NOMINAL RIGID LINK ENVELOPES; TOLERANCE/COVERS/CABLES/TRACKING ERROR OPEN,NO MOTION OR SAFETY CREDIT
P01_CROUCHED_STAND,L_hip_yaw_link,R_shoulder_pitch_link,178.836696,0.000000,NO,PASS,NOMINAL RIGID LINK ENVELOPES; TOLERANCE/COVERS/CABLES/TRACKING ERROR OPEN,NO MOTION OR SAFETY CREDIT
P01_CROUCHED_STAND,L_hip_yaw_link,R_thigh,59.373000,0.000000,NO,PASS,NOMINAL RIGID LINK ENVELOPES; TOLERANCE/COVERS/CABLES/TRACKING ERROR OPEN,NO MOTION OR SAFETY CREDIT
P01_CROUCHED_STAND,L_hip_yaw_link,R_upper_arm,114.200676,0.000000,NO,PASS,NOMINAL RIGID LINK ENVELOPES; TOLERANCE/COVERS/CABLES/TRACKING ERROR OPEN,NO MOTION OR SAFETY CREDIT
P01_CROUCHED_STAND,L_hip_yaw_link,head,228.758000,0.000000,NO,PASS,NOMINAL RIGID LINK ENVELOPES; TOLERANCE/COVERS/CABLES/TRACKING ERROR OPEN,NO MOTION OR SAFETY CREDIT
P01_CROUCHED_STAND,L_hip_yaw_link,neck_pan_link,181.385072,0.000000,NO,PASS,NOMINAL RIGID LINK ENVELOPES; TOLERANCE/COVERS/CABLES/TRACKING ERROR OPEN,NO MOTION OR SAFETY CREDIT
P01_CROUCHED_STAND,L_hip_yaw_link,torso,30.791000,0.000000,NO,PASS,NOMINAL RIGID LINK ENVELOPES; TOLERANCE/COVERS/CABLES/TRACKING ERROR OPEN,NO MOTION OR SAFETY CREDIT
P01_CROUCHED_STAND,L_shin,L_shoulder_pitch_link,404.837758,0.000000,NO,PASS,NOMINAL RIGID LINK ENVELOPES; TOLERANCE/COVERS/CABLES/TRACKING ERROR OPEN,NO MOTION OR SAFETY CREDIT
P01_CROUCHED_STAND,L_shin,L_upper_arm,280.748758,0.000000,NO,PASS,NOMINAL RIGID LINK ENVELOPES; TOLERANCE/COVERS/CABLES/TRACKING ERROR OPEN,NO MOTION OR SAFETY CREDIT
P01_CROUCHED_STAND,L_shin,R_ankle_pitch_link,58.043000,0.000000,NO,PASS,NOMINAL RIGID LINK ENVELOPES; TOLERANCE/COVERS/CABLES/TRACKING ERROR OPEN,NO MOTION OR SAFETY CREDIT
P01_CROUCHED_STAND,L_shin,R_foot,46.043000,0.000000,NO,PASS,NOMINAL RIGID LINK ENVELOPES; TOLERANCE/COVERS/CABLES/TRACKING ERROR OPEN,NO MOTION OR SAFETY CREDIT
P01_CROUCHED_STAND,L_shin,R_forearm,194.946668,0.000000,NO,PASS,NOMINAL RIGID LINK ENVELOPES; TOLERANCE/COVERS/CABLES/TRACKING ERROR OPEN,NO MOTION OR SAFETY CREDIT
P01_CROUCHED_STAND,L_shin,R_gripper,163.934304,0.000000,NO,PASS,NOMINAL RIGID LINK ENVELOPES; TOLERANCE/COVERS/CABLES/TRACKING ERROR OPEN,NO MOTION OR SAFETY CREDIT
P01_CROUCHED_STAND,L_shin,R_hand,169.630226,0.000000,NO,PASS,NOMINAL RIGID LINK ENVELOPES; TOLERANCE/COVERS/CABLES/TRACKING ERROR OPEN,NO MOTION OR SAFETY CREDIT
P01_CROUCHED_STAND,L_shin,R_hip_roll_link,228.957179,0.000000,NO,PASS,NOMINAL RIGID LINK ENVELOPES; TOLERANCE/COVERS/CABLES/TRACKING ERROR OPEN,NO MOTION OR SAFETY CREDIT
P01_CROUCHED_STAND,L_shin,R_hip_yaw_link,237.643526,0.000000,NO,PASS,NOMINAL RIGID LINK ENVELOPES; TOLERANCE/COVERS/CABLES/TRACKING ERROR OPEN,NO MOTION OR SAFETY CREDIT
P01_CROUCHED_STAND,L_shin,R_shin,57.000000,0.000000,NO,PASS,NOMINAL RIGID LINK ENVELOPES; TOLERANCE/COVERS/CABLES/TRACKING ERROR OPEN,NO MOTION OR SAFETY CREDIT
P01_CROUCHED_STAND,L_shin,R_shoulder_pitch_link,420.350713,0.000000,NO,PASS,NOMINAL RIGID LINK ENVELOPES; TOLERANCE/COVERS/CABLES/TRACKING ERROR OPEN,NO MOTION OR SAFETY CREDIT
P01_CROUCHED_STAND,L_shin,R_thigh,108.555894,0.000000,NO,PASS,NOMINAL RIGID LINK ENVELOPES; TOLERANCE/COVERS/CABLES/TRACKING ERROR OPEN,NO MOTION OR SAFETY CREDIT
P01_CROUCHED_STAND,L_shin,R_upper_arm,301.421718,0.000000,NO,PASS,NOMINAL RIGID LINK ENVELOPES; TOLERANCE/COVERS/CABLES/TRACKING ERROR OPEN,NO MOTION OR SAFETY CREDIT
P01_CROUCHED_STAND,L_shin,base_link,207.535758,0.000000,NO,PASS,NOMINAL RIGID LINK ENVELOPES; TOLERANCE/COVERS/CABLES/TRACKING ERROR OPEN,NO MOTION OR SAFETY CREDIT
P01_CROUCHED_STAND,L_shin,head,498.427758,0.000000,NO,PASS,NOMINAL RIGID LINK ENVELOPES; TOLERANCE/COVERS/CABLES/TRACKING ERROR OPEN,NO MOTION OR SAFETY CREDIT
P01_CROUCHED_STAND,L_shin,neck_pan_link,450.935815,0.000000,NO,PASS,NOMINAL RIGID LINK ENVELOPES; TOLERANCE/COVERS/CABLES/TRACKING ERROR OPEN,NO MOTION OR SAFETY CREDIT
P01_CROUCHED_STAND,L_shin,torso,300.460758,0.000000,NO,PASS,NOMINAL RIGID LINK ENVELOPES; TOLERANCE/COVERS/CABLES/TRACKING ERROR OPEN,NO MOTION OR SAFETY CREDIT
P01_CROUCHED_STAND,L_shoulder_pitch_link,L_thigh,164.089391,0.000000,NO,PASS,NOMINAL RIGID LINK ENVELOPES; TOLERANCE/COVERS/CABLES/TRACKING ERROR OPEN,NO MOTION OR SAFETY CREDIT
P01_CROUCHED_STAND,L_shoulder_pitch_link,R_ankle_pitch_link,491.526304,0.000000,NO,PASS,NOMINAL RIGID LINK ENVELOPES; TOLERANCE/COVERS/CABLES/TRACKING ERROR OPEN,NO MOTION OR SAFETY CREDIT
P01_CROUCHED_STAND,L_shoulder_pitch_link,R_foot,530.005903,0.000000,NO,PASS,NOMINAL RIGID LINK ENVELOPES; TOLERANCE/COVERS/CABLES/TRACKING ERROR OPEN,NO MOTION OR SAFETY CREDIT
P01_CROUCHED_STAND,L_shoulder_pitch_link,R_forearm,238.493202,0.000000,NO,PASS,NOMINAL RIGID LINK ENVELOPES; TOLERANCE/COVERS/CABLES/TRACKING ERROR OPEN,NO MOTION OR SAFETY CREDIT
P01_CROUCHED_STAND,L_shoulder_pitch_link,R_gripper,365.853532,0.000000,NO,PASS,NOMINAL RIGID LINK ENVELOPES; TOLERANCE/COVERS/CABLES/TRACKING ERROR OPEN,NO MOTION OR SAFETY CREDIT
P01_CROUCHED_STAND,L_shoulder_pitch_link,R_hand,340.222227,0.000000,NO,PASS,NOMINAL RIGID LINK ENVELOPES; TOLERANCE/COVERS/CABLES/TRACKING ERROR OPEN,NO MOTION OR SAFETY CREDIT
P01_CROUCHED_STAND,L_shoulder_pitch_link,R_hip_roll_link,186.239249,0.000000,NO,PASS,NOMINAL RIGID LINK ENVELOPES; TOLERANCE/COVERS/CABLES/TRACKING ERROR OPEN,NO MOTION OR SAFETY CREDIT
P01_CROUCHED_STAND,L_shoulder_pitch_link,R_hip_yaw_link,179.362855,0.000000,NO,PASS,NOMINAL RIGID LINK ENVELOPES; TOLERANCE/COVERS/CABLES/TRACKING ERROR OPEN,NO MOTION OR SAFETY CREDIT
P01_CROUCHED_STAND,L_shoulder_pitch_link,R_shin,420.543998,0.000000,NO,PASS,NOMINAL RIGID LINK ENVELOPES; TOLERANCE/COVERS/CABLES/TRACKING ERROR OPEN,NO MOTION OR SAFETY CREDIT
P01_CROUCHED_STAND,L_shoulder_pitch_link,R_shoulder_pitch_link,170.000000,0.000000,NO,PASS,NOMINAL RIGID LINK ENVELOPES; TOLERANCE/COVERS/CABLES/TRACKING ERROR OPEN,NO MOTION OR SAFETY CREDIT
P01_CROUCHED_STAND,L_shoulder_pitch_link,R_thigh,198.823488,0.000000,NO,PASS,NOMINAL RIGID LINK ENVELOPES; TOLERANCE/COVERS/CABLES/TRACKING ERROR OPEN,NO MOTION OR SAFETY CREDIT
P01_CROUCHED_STAND,L_shoulder_pitch_link,R_upper_arm,166.563000,0.000000,NO,PASS,NOMINAL RIGID LINK ENVELOPES; TOLERANCE/COVERS/CABLES/TRACKING ERROR OPEN,NO MOTION OR SAFETY CREDIT
P01_CROUCHED_STAND,L_shoulder_pitch_link,base_link,127.751306,0.000000,NO,PASS,NOMINAL RIGID LINK ENVELOPES; TOLERANCE/COVERS/CABLES/TRACKING ERROR OPEN,NO MOTION OR SAFETY CREDIT
P01_CROUCHED_STAND,L_shoulder_pitch_link,head,41.105313,0.000000,NO,PASS,NOMINAL RIGID LINK ENVELOPES; TOLERANCE/COVERS/CABLES/TRACKING ERROR OPEN,NO MOTION OR SAFETY CREDIT
P01_CROUCHED_STAND,L_shoulder_pitch_link,neck_pan_link,59.716000,0.000000,NO,PASS,NOMINAL RIGID LINK ENVELOPES; TOLERANCE/COVERS/CABLES/TRACKING ERROR OPEN,NO MOTION OR SAFETY CREDIT
P01_CROUCHED_STAND,L_thigh,L_upper_arm,40.000391,0.000000,NO,PASS,NOMINAL RIGID LINK ENVELOPES; TOLERANCE/COVERS/CABLES/TRACKING ERROR OPEN,NO MOTION OR SAFETY CREDIT
P01_CROUCHED_STAND,L_thigh,R_ankle_pitch_link,174.843095,0.000000,NO,PASS,NOMINAL RIGID LINK ENVELOPES; TOLERANCE/COVERS/CABLES/TRACKING ERROR OPEN,NO MOTION OR SAFETY CREDIT
P01_CROUCHED_STAND,L_thigh,R_foot,212.545089,0.000000,NO,PASS,NOMINAL RIGID LINK ENVELOPES; TOLERANCE/COVERS/CABLES/TRACKING ERROR OPEN,NO MOTION OR SAFETY CREDIT
P01_CROUCHED_STAND,L_thigh,R_forearm,139.644000,0.000000,NO,PASS,NOMINAL RIGID LINK ENVELOPES; TOLERANCE/COVERS/CABLES/TRACKING ERROR OPEN,NO MOTION OR SAFETY CREDIT
P01_CROUCHED_STAND,L_thigh,R_gripper,152.127000,0.000000,NO,PASS,NOMINAL RIGID LINK ENVELOPES; TOLERANCE/COVERS/CABLES/TRACKING ERROR OPEN,NO MOTION OR SAFETY CREDIT
P01_CROUCHED_STAND,L_thigh,R_hand,143.459000,0.000000,NO,PASS,NOMINAL RIGID LINK ENVELOPES; TOLERANCE/COVERS/CABLES/TRACKING ERROR OPEN,NO MOTION OR SAFETY CREDIT
P01_CROUCHED_STAND,L_thigh,R_hip_roll_link,56.627000,0.000000,NO,PASS,NOMINAL RIGID LINK ENVELOPES; TOLERANCE/COVERS/CABLES/TRACKING ERROR OPEN,NO MOTION OR SAFETY CREDIT
P01_CROUCHED_STAND,L_thigh,R_hip_yaw_link,56.627000,0.000000,NO,PASS,NOMINAL RIGID LINK ENVELOPES; TOLERANCE/COVERS/CABLES/TRACKING ERROR OPEN,NO MOTION OR SAFETY CREDIT
P01_CROUCHED_STAND,L_thigh,R_shin,107.137884,0.000000,NO,PASS,NOMINAL RIGID LINK ENVELOPES; TOLERANCE/COVERS/CABLES/TRACKING ERROR OPEN,NO MOTION OR SAFETY CREDIT
P01_CROUCHED_STAND,L_thigh,R_shoulder_pitch_link,196.841742,0.000000,NO,PASS,NOMINAL RIGID LINK ENVELOPES; TOLERANCE/COVERS/CABLES/TRACKING ERROR OPEN,NO MOTION OR SAFETY CREDIT
P01_CROUCHED_STAND,L_thigh,R_thigh,51.000000,0.000000,NO,PASS,NOMINAL RIGID LINK ENVELOPES; TOLERANCE/COVERS/CABLES/TRACKING ERROR OPEN,NO MOTION OR SAFETY CREDIT
P01_CROUCHED_STAND,L_thigh,R_upper_arm,112.631278,0.000000,NO,PASS,NOMINAL RIGID LINK ENVELOPES; TOLERANCE/COVERS/CABLES/TRACKING ERROR OPEN,NO MOTION OR SAFETY CREDIT
P01_CROUCHED_STAND,L_thigh,head,257.679391,0.000000,NO,PASS,NOMINAL RIGID LINK ENVELOPES; TOLERANCE/COVERS/CABLES/TRACKING ERROR OPEN,NO MOTION OR SAFETY CREDIT
P01_CROUCHED_STAND,L_thigh,neck_pan_link,210.178391,0.000000,NO,PASS,NOMINAL RIGID LINK ENVELOPES; TOLERANCE/COVERS/CABLES/TRACKING ERROR OPEN,NO MOTION OR SAFETY CREDIT
P01_CROUCHED_STAND,L_thigh,torso,59.712391,0.000000,NO,PASS,NOMINAL RIGID LINK ENVELOPES; TOLERANCE/COVERS/CABLES/TRACKING ERROR OPEN,NO MOTION OR SAFETY CREDIT
P01_CROUCHED_STAND,L_upper_arm,R_ankle_pitch_link,371.870224,0.000000,NO,PASS,NOMINAL RIGID LINK ENVELOPES; TOLERANCE/COVERS/CABLES/TRACKING ERROR OPEN,NO MOTION OR SAFETY CREDIT
P01_CROUCHED_STAND,L_upper_arm,R_foot,408.876067,0.000000,NO,PASS,NOMINAL RIGID LINK ENVELOPES; TOLERANCE/COVERS/CABLES/TRACKING ERROR OPEN,NO MOTION OR SAFETY CREDIT
P01_CROUCHED_STAND,L_upper_arm,R_forearm,200.519412,0.000000,NO,PASS,NOMINAL RIGID LINK ENVELOPES; TOLERANCE/COVERS/CABLES/TRACKING ERROR OPEN,NO MOTION OR SAFETY CREDIT
P01_CROUCHED_STAND,L_upper_arm,R_gripper,274.418925,0.000000,NO,PASS,NOMINAL RIGID LINK ENVELOPES; TOLERANCE/COVERS/CABLES/TRACKING ERROR OPEN,NO MOTION OR SAFETY CREDIT
P01_CROUCHED_STAND,L_upper_arm,R_hand,252.051084,0.000000,NO,PASS,NOMINAL RIGID LINK ENVELOPES; TOLERANCE/COVERS/CABLES/TRACKING ERROR OPEN,NO MOTION OR SAFETY CREDIT
P01_CROUCHED_STAND,L_upper_arm,R_hip_roll_link,119.157913,0.000000,NO,PASS,NOMINAL RIGID LINK ENVELOPES; TOLERANCE/COVERS/CABLES/TRACKING ERROR OPEN,NO MOTION OR SAFETY CREDIT
P01_CROUCHED_STAND,L_upper_arm,R_hip_yaw_link,117.975363,0.000000,NO,PASS,NOMINAL RIGID LINK ENVELOPES; TOLERANCE/COVERS/CABLES/TRACKING ERROR OPEN,NO MOTION OR SAFETY CREDIT
P01_CROUCHED_STAND,L_upper_arm,R_shin,302.790224,0.000000,NO,PASS,NOMINAL RIGID LINK ENVELOPES; TOLERANCE/COVERS/CABLES/TRACKING ERROR OPEN,NO MOTION OR SAFETY CREDIT
P01_CROUCHED_STAND,L_upper_arm,R_shoulder_pitch_link,169.553000,0.000000,NO,PASS,NOMINAL RIGID LINK ENVELOPES; TOLERANCE/COVERS/CABLES/TRACKING ERROR OPEN,NO MOTION OR SAFETY CREDIT
P01_CROUCHED_STAND,L_upper_arm,R_thigh,118.765774,0.000000,NO,PASS,NOMINAL RIGID LINK ENVELOPES; TOLERANCE/COVERS/CABLES/TRACKING ERROR OPEN,NO MOTION OR SAFETY CREDIT
P01_CROUCHED_STAND,L_upper_arm,R_upper_arm,166.116000,0.000000,NO,PASS,NOMINAL RIGID LINK ENVELOPES; TOLERANCE/COVERS/CABLES/TRACKING ERROR OPEN,NO MOTION OR SAFETY CREDIT
P01_CROUCHED_STAND,L_upper_arm,base_link,15.038251,0.000000,NO,PASS,NOMINAL RIGID LINK ENVELOPES; TOLERANCE/COVERS/CABLES/TRACKING ERROR OPEN,NO MOTION OR SAFETY CREDIT
P01_CROUCHED_STAND,L_upper_arm,head,68.714456,0.000000,NO,PASS,NOMINAL RIGID LINK ENVELOPES; TOLERANCE/COVERS/CABLES/TRACKING ERROR OPEN,NO MOTION OR SAFETY CREDIT
P01_CROUCHED_STAND,L_upper_arm,neck_pan_link,62.609632,0.000000,NO,PASS,NOMINAL RIGID LINK ENVELOPES; TOLERANCE/COVERS/CABLES/TRACKING ERROR OPEN,NO MOTION OR SAFETY CREDIT
P01_CROUCHED_STAND,R_ankle_pitch_link,R_forearm,205.390541,0.000000,NO,PASS,NOMINAL RIGID LINK ENVELOPES; TOLERANCE/COVERS/CABLES/TRACKING ERROR OPEN,NO MOTION OR SAFETY CREDIT
P01_CROUCHED_STAND,R_ankle_pitch_link,R_gripper,126.003292,0.000000,NO,PASS,NOMINAL RIGID LINK ENVELOPES; TOLERANCE/COVERS/CABLES/TRACKING ERROR OPEN,NO MOTION OR SAFETY CREDIT
P01_CROUCHED_STAND,R_ankle_pitch_link,R_hand,157.988631,0.000000,NO,PASS,NOMINAL RIGID LINK ENVELOPES; TOLERANCE/COVERS/CABLES/TRACKING ERROR OPEN,NO MOTION OR SAFETY CREDIT
P01_CROUCHED_STAND,R_ankle_pitch_link,R_hip_roll_link,293.739803,0.000000,NO,PASS,NOMINAL RIGID LINK ENVELOPES; TOLERANCE/COVERS/CABLES/TRACKING ERROR OPEN,NO MOTION OR SAFETY CREDIT
P01_CROUCHED_STAND,R_ankle_pitch_link,R_hip_yaw_link,302.739803,0.000000,NO,PASS,NOMINAL RIGID LINK ENVELOPES; TOLERANCE/COVERS/CABLES/TRACKING ERROR OPEN,NO MOTION OR SAFETY CREDIT
P01_CROUCHED_STAND,R_ankle_pitch_link,R_shoulder_pitch_link,477.907803,0.000000,NO,PASS,NOMINAL RIGID LINK ENVELOPES; TOLERANCE/COVERS/CABLES/TRACKING ERROR OPEN,NO MOTION OR SAFETY CREDIT
P01_CROUCHED_STAND,R_ankle_pitch_link,R_thigh,166.415903,0.000000,NO,PASS,NOMINAL RIGID LINK ENVELOPES; TOLERANCE/COVERS/CABLES/TRACKING ERROR OPEN,NO MOTION OR SAFETY CREDIT
P01_CROUCHED_STAND,R_ankle_pitch_link,R_upper_arm,353.818803,0.000000,NO,PASS,NOMINAL RIGID LINK ENVELOPES; TOLERANCE/COVERS/CABLES/TRACKING ERROR OPEN,NO MOTION OR SAFETY CREDIT
P01_CROUCHED_STAND,R_ankle_pitch_link,base_link,280.605803,0.000000,NO,PASS,NOMINAL RIGID LINK ENVELOPES; TOLERANCE/COVERS/CABLES/TRACKING ERROR OPEN,NO MOTION OR SAFETY CREDIT
P01_CROUCHED_STAND,R_ankle_pitch_link,head,571.497803,0.000000,NO,PASS,NOMINAL RIGID LINK ENVELOPES; TOLERANCE/COVERS/CABLES/TRACKING ERROR OPEN,NO MOTION OR SAFETY CREDIT
P01_CROUCHED_STAND,R_ankle_pitch_link,neck_pan_link,523.998143,0.000000,NO,PASS,NOMINAL RIGID LINK ENVELOPES; TOLERANCE/COVERS/CABLES/TRACKING ERROR OPEN,NO MOTION OR SAFETY CREDIT
P01_CROUCHED_STAND,R_ankle_pitch_link,torso,373.530803,0.000000,NO,PASS,NOMINAL RIGID LINK ENVELOPES; TOLERANCE/COVERS/CABLES/TRACKING ERROR OPEN,NO MOTION OR SAFETY CREDIT
P01_CROUCHED_STAND,R_foot,R_forearm,246.556177,0.000000,NO,PASS,NOMINAL RIGID LINK ENVELOPES; TOLERANCE/COVERS/CABLES/TRACKING ERROR OPEN,NO MOTION OR SAFETY CREDIT
P01_CROUCHED_STAND,R_foot,R_gripper,165.030998,0.000000,NO,PASS,NOMINAL RIGID LINK ENVELOPES; TOLERANCE/COVERS/CABLES/TRACKING ERROR OPEN,NO MOTION OR SAFETY CREDIT
P01_CROUCHED_STAND,R_foot,R_hand,198.546669,0.000000,NO,PASS,NOMINAL RIGID LINK ENVELOPES; TOLERANCE/COVERS/CABLES/TRACKING ERROR OPEN,NO MOTION OR SAFETY CREDIT
P01_CROUCHED_STAND,R_foot,R_hip_roll_link,335.752803,0.000000,NO,PASS,NOMINAL RIGID LINK ENVELOPES; TOLERANCE/COVERS/CABLES/TRACKING ERROR OPEN,NO MOTION OR SAFETY CREDIT
P01_CROUCHED_STAND,R_foot,R_hip_yaw_link,344.752803,0.000000,NO,PASS,NOMINAL RIGID LINK ENVELOPES; TOLERANCE/COVERS/CABLES/TRACKING ERROR OPEN,NO MOTION OR SAFETY CREDIT
P01_CROUCHED_STAND,R_foot,R_shoulder_pitch_link,519.920803,0.000000,NO,PASS,NOMINAL RIGID LINK ENVELOPES; TOLERANCE/COVERS/CABLES/TRACKING ERROR OPEN,NO MOTION OR SAFETY CREDIT
P01_CROUCHED_STAND,R_foot,R_thigh,208.428903,0.000000,NO,PASS,NOMINAL RIGID LINK ENVELOPES; TOLERANCE/COVERS/CABLES/TRACKING ERROR OPEN,NO MOTION OR SAFETY CREDIT
P01_CROUCHED_STAND,R_foot,R_upper_arm,395.831803,0.000000,NO,PASS,NOMINAL RIGID LINK ENVELOPES; TOLERANCE/COVERS/CABLES/TRACKING ERROR OPEN,NO MOTION OR SAFETY CREDIT
P01_CROUCHED_STAND,R_foot,base_link,322.618803,0.000000,NO,PASS,NOMINAL RIGID LINK ENVELOPES; TOLERANCE/COVERS/CABLES/TRACKING ERROR OPEN,NO MOTION OR SAFETY CREDIT
P01_CROUCHED_STAND,R_foot,head,613.510803,0.000000,NO,PASS,NOMINAL RIGID LINK ENVELOPES; TOLERANCE/COVERS/CABLES/TRACKING ERROR OPEN,NO MOTION OR SAFETY CREDIT
P01_CROUCHED_STAND,R_foot,neck_pan_link,566.009803,0.000000,NO,PASS,NOMINAL RIGID LINK ENVELOPES; TOLERANCE/COVERS/CABLES/TRACKING ERROR OPEN,NO MOTION OR SAFETY CREDIT
P01_CROUCHED_STAND,R_foot,torso,415.543803,0.000000,NO,PASS,NOMINAL RIGID LINK ENVELOPES; TOLERANCE/COVERS/CABLES/TRACKING ERROR OPEN,NO MOTION OR SAFETY CREDIT
P01_CROUCHED_STAND,R_forearm,R_gripper,23.673000,0.000000,NO,PASS,NOMINAL RIGID LINK ENVELOPES; TOLERANCE/COVERS/CABLES/TRACKING ERROR OPEN,NO MOTION OR SAFETY CREDIT
P01_CROUCHED_STAND,R_forearm,R_hip_roll_link,23.017000,0.000000,NO,PASS,NOMINAL RIGID LINK ENVELOPES; TOLERANCE/COVERS/CABLES/TRACKING ERROR OPEN,NO MOTION OR SAFETY CREDIT
P01_CROUCHED_STAND,R_forearm,R_hip_yaw_link,23.017000,0.000000,NO,PASS,NOMINAL RIGID LINK ENVELOPES; TOLERANCE/COVERS/CABLES/TRACKING ERROR OPEN,NO MOTION OR SAFETY CREDIT
P01_CROUCHED_STAND,R_forearm,R_shin,132.718513,0.000000,NO,PASS,NOMINAL RIGID LINK ENVELOPES; TOLERANCE/COVERS/CABLES/TRACKING ERROR OPEN,NO MOTION OR SAFETY CREDIT
P01_CROUCHED_STAND,R_forearm,R_shoulder_pitch_link,128.495000,0.000000,NO,PASS,NOMINAL RIGID LINK ENVELOPES; TOLERANCE/COVERS/CABLES/TRACKING ERROR OPEN,NO MOTION OR SAFETY CREDIT
P01_CROUCHED_STAND,R_forearm,R_thigh,14.644000,0.000000,NO,PASS,NOMINAL RIGID LINK ENVELOPES; TOLERANCE/COVERS/CABLES/TRACKING ERROR OPEN,NO MOTION OR SAFETY CREDIT
P01_CROUCHED_STAND,R_forearm,base_link,35.213000,0.000000,NO,PASS,NOMINAL RIGID LINK ENVELOPES; TOLERANCE/COVERS/CABLES/TRACKING ERROR OPEN,NO MOTION OR SAFETY CREDIT
P01_CROUCHED_STAND,R_forearm,head,225.412297,0.000000,NO,PASS,NOMINAL RIGID LINK ENVELOPES; TOLERANCE/COVERS/CABLES/TRACKING ERROR OPEN,NO MOTION OR SAFETY CREDIT
P01_CROUCHED_STAND,R_forearm,neck_pan_link,195.150613,0.000000,NO,PASS,NOMINAL RIGID LINK ENVELOPES; TOLERANCE/COVERS/CABLES/TRACKING ERROR OPEN,NO MOTION OR SAFETY CREDIT
P01_CROUCHED_STAND,R_forearm,torso,36.402141,0.000000,NO,PASS,NOMINAL RIGID LINK ENVELOPES; TOLERANCE/COVERS/CABLES/TRACKING ERROR OPEN,NO MOTION OR SAFETY CREDIT
P01_CROUCHED_STAND,R_gripper,R_hip_roll_link,118.445135,0.000000,NO,PASS,NOMINAL RIGID LINK ENVELOPES; TOLERANCE/COVERS/CABLES/TRACKING ERROR OPEN,NO MOTION OR SAFETY CREDIT
P01_CROUCHED_STAND,R_gripper,R_hip_yaw_link,127.060025,0.000000,NO,PASS,NOMINAL RIGID LINK ENVELOPES; TOLERANCE/COVERS/CABLES/TRACKING ERROR OPEN,NO MOTION OR SAFETY CREDIT
P01_CROUCHED_STAND,R_gripper,R_shin,57.997467,0.000000,NO,PASS,NOMINAL RIGID LINK ENVELOPES; TOLERANCE/COVERS/CABLES/TRACKING ERROR OPEN,NO MOTION OR SAFETY CREDIT
P01_CROUCHED_STAND,R_gripper,R_shoulder_pitch_link,297.187461,0.000000,NO,PASS,NOMINAL RIGID LINK ENVELOPES; TOLERANCE/COVERS/CABLES/TRACKING ERROR OPEN,NO MOTION OR SAFETY CREDIT
P01_CROUCHED_STAND,R_gripper,R_thigh,27.127000,0.000000,NO,PASS,NOMINAL RIGID LINK ENVELOPES; TOLERANCE/COVERS/CABLES/TRACKING ERROR OPEN,NO MOTION OR SAFETY CREDIT
P01_CROUCHED_STAND,R_gripper,R_upper_arm,173.079000,0.000000,NO,PASS,NOMINAL RIGID LINK ENVELOPES; TOLERANCE/COVERS/CABLES/TRACKING ERROR OPEN,NO MOTION OR SAFETY CREDIT
P01_CROUCHED_STAND,R_gripper,base_link,110.671253,0.000000,NO,PASS,NOMINAL RIGID LINK ENVELOPES; TOLERANCE/COVERS/CABLES/TRACKING ERROR OPEN,NO MOTION OR SAFETY CREDIT
P01_CROUCHED_STAND,R_gripper,head,394.081158,0.000000,NO,PASS,NOMINAL RIGID LINK ENVELOPES; TOLERANCE/COVERS/CABLES/TRACKING ERROR OPEN,NO MOTION OR SAFETY CREDIT
P01_CROUCHED_STAND,R_gripper,neck_pan_link,357.438760,0.000000,NO,PASS,NOMINAL RIGID LINK ENVELOPES; TOLERANCE/COVERS/CABLES/TRACKING ERROR OPEN,NO MOTION OR SAFETY CREDIT
P01_CROUCHED_STAND,R_gripper,torso,195.545357,0.000000,NO,PASS,NOMINAL RIGID LINK ENVELOPES; TOLERANCE/COVERS/CABLES/TRACKING ERROR OPEN,NO MOTION OR SAFETY CREDIT
P01_CROUCHED_STAND,R_hand,R_hip_roll_link,91.578025,0.000000,NO,PASS,NOMINAL RIGID LINK ENVELOPES; TOLERANCE/COVERS/CABLES/TRACKING ERROR OPEN,NO MOTION OR SAFETY CREDIT
P01_CROUCHED_STAND,R_hand,R_hip_yaw_link,100.217746,0.000000,NO,PASS,NOMINAL RIGID LINK ENVELOPES; TOLERANCE/COVERS/CABLES/TRACKING ERROR OPEN,NO MOTION OR SAFETY CREDIT
P01_CROUCHED_STAND,R_hand,R_shin,86.201297,0.000000,NO,PASS,NOMINAL RIGID LINK ENVELOPES; TOLERANCE/COVERS/CABLES/TRACKING ERROR OPEN,NO MOTION OR SAFETY CREDIT
P01_CROUCHED_STAND,R_hand,R_shoulder_pitch_link,271.727000,0.000000,NO,PASS,NOMINAL RIGID LINK ENVELOPES; TOLERANCE/COVERS/CABLES/TRACKING ERROR OPEN,NO MOTION OR SAFETY CREDIT
P01_CROUCHED_STAND,R_hand,R_thigh,18.459000,0.000000,NO,PASS,NOMINAL RIGID LINK ENVELOPES; TOLERANCE/COVERS/CABLES/TRACKING ERROR OPEN,NO MOTION OR SAFETY CREDIT
P01_CROUCHED_STAND,R_hand,R_upper_arm,147.638000,0.000000,NO,PASS,NOMINAL RIGID LINK ENVELOPES; TOLERANCE/COVERS/CABLES/TRACKING ERROR OPEN,NO MOTION OR SAFETY CREDIT
P01_CROUCHED_STAND,R_hand,base_link,84.037286,0.000000,NO,PASS,NOMINAL RIGID LINK ENVELOPES; TOLERANCE/COVERS/CABLES/TRACKING ERROR OPEN,NO MOTION OR SAFETY CREDIT
P01_CROUCHED_STAND,R_hand,head,367.769547,0.000000,NO,PASS,NOMINAL RIGID LINK ENVELOPES; TOLERANCE/COVERS/CABLES/TRACKING ERROR OPEN,NO MOTION OR SAFETY CREDIT
P01_CROUCHED_STAND,R_hand,neck_pan_link,330.592051,0.000000,NO,PASS,NOMINAL RIGID LINK ENVELOPES; TOLERANCE/COVERS/CABLES/TRACKING ERROR OPEN,NO MOTION OR SAFETY CREDIT
P01_CROUCHED_STAND,R_hand,torso,169.067442,0.000000,NO,PASS,NOMINAL RIGID LINK ENVELOPES; TOLERANCE/COVERS/CABLES/TRACKING ERROR OPEN,NO MOTION OR SAFETY CREDIT
P01_CROUCHED_STAND,R_hip_roll_link,R_shin,220.669758,0.000000,NO,PASS,NOMINAL RIGID LINK ENVELOPES; TOLERANCE/COVERS/CABLES/TRACKING ERROR OPEN,NO MOTION OR SAFETY CREDIT
P01_CROUCHED_STAND,R_hip_roll_link,R_shoulder_pitch_link,144.168000,0.000000,NO,PASS,NOMINAL RIGID LINK ENVELOPES; TOLERANCE/COVERS/CABLES/TRACKING ERROR OPEN,NO MOTION OR SAFETY CREDIT
P01_CROUCHED_STAND,R_hip_roll_link,R_upper_arm,20.079000,0.000000,NO,PASS,NOMINAL RIGID LINK ENVELOPES; TOLERANCE/COVERS/CABLES/TRACKING ERROR OPEN,NO MOTION OR SAFETY CREDIT
P01_CROUCHED_STAND,R_hip_roll_link,head,237.758000,0.000000,NO,PASS,NOMINAL RIGID LINK ENVELOPES; TOLERANCE/COVERS/CABLES/TRACKING ERROR OPEN,NO MOTION OR SAFETY CREDIT
P01_CROUCHED_STAND,R_hip_roll_link,neck_pan_link,190.303022,0.000000,NO,PASS,NOMINAL RIGID LINK ENVELOPES; TOLERANCE/COVERS/CABLES/TRACKING ERROR OPEN,NO MOTION OR SAFETY CREDIT
P01_CROUCHED_STAND,R_hip_roll_link,torso,39.791000,0.000000,NO,PASS,NOMINAL RIGID LINK ENVELOPES; TOLERANCE/COVERS/CABLES/TRACKING ERROR OPEN,NO MOTION OR SAFETY CREDIT
P01_CROUCHED_STAND,R_hip_yaw_link,R_shin,229.669758,0.000000,NO,PASS,NOMINAL RIGID LINK ENVELOPES; TOLERANCE/COVERS/CABLES/TRACKING ERROR OPEN,NO MOTION OR SAFETY CREDIT
P01_CROUCHED_STAND,R_hip_yaw_link,R_shoulder_pitch_link,135.168000,0.000000,NO,PASS,NOMINAL RIGID LINK ENVELOPES; TOLERANCE/COVERS/CABLES/TRACKING ERROR OPEN,NO MOTION OR SAFETY CREDIT
P01_CROUCHED_STAND,R_hip_yaw_link,R_upper_arm,11.079000,0.000000,NO,PASS,NOMINAL RIGID LINK ENVELOPES; TOLERANCE/COVERS/CABLES/TRACKING ERROR OPEN,NO MOTION OR SAFETY CREDIT
P01_CROUCHED_STAND,R_hip_yaw_link,head,228.758000,0.000000,NO,PASS,NOMINAL RIGID LINK ENVELOPES; TOLERANCE/COVERS/CABLES/TRACKING ERROR OPEN,NO MOTION OR SAFETY CREDIT
P01_CROUCHED_STAND,R_hip_yaw_link,neck_pan_link,181.305307,0.000000,NO,PASS,NOMINAL RIGID LINK ENVELOPES; TOLERANCE/COVERS/CABLES/TRACKING ERROR OPEN,NO MOTION OR SAFETY CREDIT
P01_CROUCHED_STAND,R_hip_yaw_link,torso,30.791000,0.000000,NO,PASS,NOMINAL RIGID LINK ENVELOPES; TOLERANCE/COVERS/CABLES/TRACKING ERROR OPEN,NO MOTION OR SAFETY CREDIT
P01_CROUCHED_STAND,R_shin,R_shoulder_pitch_link,404.837758,0.000000,NO,PASS,NOMINAL RIGID LINK ENVELOPES; TOLERANCE/COVERS/CABLES/TRACKING ERROR OPEN,NO MOTION OR SAFETY CREDIT
P01_CROUCHED_STAND,R_shin,R_upper_arm,280.748758,0.000000,NO,PASS,NOMINAL RIGID LINK ENVELOPES; TOLERANCE/COVERS/CABLES/TRACKING ERROR OPEN,NO MOTION OR SAFETY CREDIT
P01_CROUCHED_STAND,R_shin,base_link,207.535758,0.000000,NO,PASS,NOMINAL RIGID LINK ENVELOPES; TOLERANCE/COVERS/CABLES/TRACKING ERROR OPEN,NO MOTION OR SAFETY CREDIT
P01_CROUCHED_STAND,R_shin,head,498.427758,0.000000,NO,PASS,NOMINAL RIGID LINK ENVELOPES; TOLERANCE/COVERS/CABLES/TRACKING ERROR OPEN,NO MOTION OR SAFETY CREDIT
P01_CROUCHED_STAND,R_shin,neck_pan_link,450.926780,0.000000,NO,PASS,NOMINAL RIGID LINK ENVELOPES; TOLERANCE/COVERS/CABLES/TRACKING ERROR OPEN,NO MOTION OR SAFETY CREDIT
P01_CROUCHED_STAND,R_shin,torso,300.460758,0.000000,NO,PASS,NOMINAL RIGID LINK ENVELOPES; TOLERANCE/COVERS/CABLES/TRACKING ERROR OPEN,NO MOTION OR SAFETY CREDIT
P01_CROUCHED_STAND,R_shoulder_pitch_link,R_thigh,164.089391,0.000000,NO,PASS,NOMINAL RIGID LINK ENVELOPES; TOLERANCE/COVERS/CABLES/TRACKING ERROR OPEN,NO MOTION OR SAFETY CREDIT
P01_CROUCHED_STAND,R_shoulder_pitch_link,base_link,127.374433,0.000000,NO,PASS,NOMINAL RIGID LINK ENVELOPES; TOLERANCE/COVERS/CABLES/TRACKING ERROR OPEN,NO MOTION OR SAFETY CREDIT
P01_CROUCHED_STAND,R_shoulder_pitch_link,head,39.191231,0.000000,NO,PASS,NOMINAL RIGID LINK ENVELOPES; TOLERANCE/COVERS/CABLES/TRACKING ERROR OPEN,NO MOTION OR SAFETY CREDIT
P01_CROUCHED_STAND,R_shoulder_pitch_link,neck_pan_link,56.284000,0.000000,NO,PASS,NOMINAL RIGID LINK ENVELOPES; TOLERANCE/COVERS/CABLES/TRACKING ERROR OPEN,NO MOTION OR SAFETY CREDIT
P01_CROUCHED_STAND,R_thigh,R_upper_arm,40.000391,0.000000,NO,PASS,NOMINAL RIGID LINK ENVELOPES; TOLERANCE/COVERS/CABLES/TRACKING ERROR OPEN,NO MOTION OR SAFETY CREDIT
P01_CROUCHED_STAND,R_thigh,head,257.679391,0.000000,NO,PASS,NOMINAL RIGID LINK ENVELOPES; TOLERANCE/COVERS/CABLES/TRACKING ERROR OPEN,NO MOTION OR SAFETY CREDIT
P01_CROUCHED_STAND,R_thigh,neck_pan_link,210.178391,0.000000,NO,PASS,NOMINAL RIGID LINK ENVELOPES; TOLERANCE/COVERS/CABLES/TRACKING ERROR OPEN,NO MOTION OR SAFETY CREDIT
P01_CROUCHED_STAND,R_thigh,torso,59.712391,0.000000,NO,PASS,NOMINAL RIGID LINK ENVELOPES; TOLERANCE/COVERS/CABLES/TRACKING ERROR OPEN,NO MOTION OR SAFETY CREDIT
P01_CROUCHED_STAND,R_upper_arm,base_link,8.000790,0.000000,NO,PASS,NOMINAL RIGID LINK ENVELOPES; TOLERANCE/COVERS/CABLES/TRACKING ERROR OPEN,NO MOTION OR SAFETY CREDIT
P01_CROUCHED_STAND,R_upper_arm,head,67.811185,0.000000,NO,PASS,NOMINAL RIGID LINK ENVELOPES; TOLERANCE/COVERS/CABLES/TRACKING ERROR OPEN,NO MOTION OR SAFETY CREDIT
P01_CROUCHED_STAND,R_upper_arm,neck_pan_link,56.568163,0.000000,NO,PASS,NOMINAL RIGID LINK ENVELOPES; TOLERANCE/COVERS/CABLES/TRACKING ERROR OPEN,NO MOTION OR SAFETY CREDIT
P01_CROUCHED_STAND,base_link,head,220.892000,0.000000,NO,PASS,NOMINAL RIGID LINK ENVELOPES; TOLERANCE/COVERS/CABLES/TRACKING ERROR OPEN,NO MOTION OR SAFETY CREDIT
P01_CROUCHED_STAND,base_link,neck_pan_link,173.391000,0.000000,NO,PASS,NOMINAL RIGID LINK ENVELOPES; TOLERANCE/COVERS/CABLES/TRACKING ERROR OPEN,NO MOTION OR SAFETY CREDIT
P01_CROUCHED_STAND,head,torso,42.967000,0.000000,NO,PASS,NOMINAL RIGID LINK ENVELOPES; TOLERANCE/COVERS/CABLES/TRACKING ERROR OPEN,NO MOTION OR SAFETY CREDIT
P02_LEFT_WEIGHT_TRANSFER,L_ankle_pitch_link,L_forearm,231.336149,0.000000,NO,PASS,NOMINAL RIGID LINK ENVELOPES; TOLERANCE/COVERS/CABLES/TRACKING ERROR OPEN,NO MOTION OR SAFETY CREDIT
P02_LEFT_WEIGHT_TRANSFER,L_ankle_pitch_link,L_gripper,199.769921,0.000000,NO,PASS,NOMINAL RIGID LINK ENVELOPES; TOLERANCE/COVERS/CABLES/TRACKING ERROR OPEN,NO MOTION OR SAFETY CREDIT
P02_LEFT_WEIGHT_TRANSFER,L_ankle_pitch_link,L_hand,213.186829,0.000000,NO,PASS,NOMINAL RIGID LINK ENVELOPES; TOLERANCE/COVERS/CABLES/TRACKING ERROR OPEN,NO MOTION OR SAFETY CREDIT
P02_LEFT_WEIGHT_TRANSFER,L_ankle_pitch_link,L_hip_roll_link,285.684511,0.000000,NO,PASS,NOMINAL RIGID LINK ENVELOPES; TOLERANCE/COVERS/CABLES/TRACKING ERROR OPEN,NO MOTION OR SAFETY CREDIT
P02_LEFT_WEIGHT_TRANSFER,L_ankle_pitch_link,L_hip_yaw_link,298.351809,0.000000,NO,PASS,NOMINAL RIGID LINK ENVELOPES; TOLERANCE/COVERS/CABLES/TRACKING ERROR OPEN,NO MOTION OR SAFETY CREDIT
P02_LEFT_WEIGHT_TRANSFER,L_ankle_pitch_link,L_shoulder_pitch_link,475.028589,0.000000,NO,PASS,NOMINAL RIGID LINK ENVELOPES; TOLERANCE/COVERS/CABLES/TRACKING ERROR OPEN,NO MOTION OR SAFETY CREDIT
P02_LEFT_WEIGHT_TRANSFER,L_ankle_pitch_link,L_thigh,162.370130,0.000000,NO,PASS,NOMINAL RIGID LINK ENVELOPES; TOLERANCE/COVERS/CABLES/TRACKING ERROR OPEN,NO MOTION OR SAFETY CREDIT
P02_LEFT_WEIGHT_TRANSFER,L_ankle_pitch_link,L_upper_arm,352.194958,0.000000,NO,PASS,NOMINAL RIGID LINK ENVELOPES; TOLERANCE/COVERS/CABLES/TRACKING ERROR OPEN,NO MOTION OR SAFETY CREDIT
P02_LEFT_WEIGHT_TRANSFER,L_ankle_pitch_link,R_ankle_pitch_link,53.461846,0.000000,NO,PASS,NOMINAL RIGID LINK ENVELOPES; TOLERANCE/COVERS/CABLES/TRACKING ERROR OPEN,NO MOTION OR SAFETY CREDIT
P02_LEFT_WEIGHT_TRANSFER,L_ankle_pitch_link,R_foot,45.413398,0.000000,NO,PASS,NOMINAL RIGID LINK ENVELOPES; TOLERANCE/COVERS/CABLES/TRACKING ERROR OPEN,NO MOTION OR SAFETY CREDIT
P02_LEFT_WEIGHT_TRANSFER,L_ankle_pitch_link,R_forearm,245.281494,0.000000,NO,PASS,NOMINAL RIGID LINK ENVELOPES; TOLERANCE/COVERS/CABLES/TRACKING ERROR OPEN,NO MOTION OR SAFETY CREDIT
P02_LEFT_WEIGHT_TRANSFER,L_ankle_pitch_link,R_gripper,218.093165,0.000000,NO,PASS,NOMINAL RIGID LINK ENVELOPES; TOLERANCE/COVERS/CABLES/TRACKING ERROR OPEN,NO MOTION OR SAFETY CREDIT
P02_LEFT_WEIGHT_TRANSFER,L_ankle_pitch_link,R_hand,229.044928,0.000000,NO,PASS,NOMINAL RIGID LINK ENVELOPES; TOLERANCE/COVERS/CABLES/TRACKING ERROR OPEN,NO MOTION OR SAFETY CREDIT
P02_LEFT_WEIGHT_TRANSFER,L_ankle_pitch_link,R_hip_roll_link,285.757380,0.000000,NO,PASS,NOMINAL RIGID LINK ENVELOPES; TOLERANCE/COVERS/CABLES/TRACKING ERROR OPEN,NO MOTION OR SAFETY CREDIT
P02_LEFT_WEIGHT_TRANSFER,L_ankle_pitch_link,R_hip_yaw_link,298.473788,0.000000,NO,PASS,NOMINAL RIGID LINK ENVELOPES; TOLERANCE/COVERS/CABLES/TRACKING ERROR OPEN,NO MOTION OR SAFETY CREDIT
P02_LEFT_WEIGHT_TRANSFER,L_ankle_pitch_link,R_shin,42.322223,0.000000,NO,PASS,NOMINAL RIGID LINK ENVELOPES; TOLERANCE/COVERS/CABLES/TRACKING ERROR OPEN,NO MOTION OR SAFETY CREDIT
P02_LEFT_WEIGHT_TRANSFER,L_ankle_pitch_link,R_shoulder_pitch_link,477.385760,0.000000,NO,PASS,NOMINAL RIGID LINK ENVELOPES; TOLERANCE/COVERS/CABLES/TRACKING ERROR OPEN,NO MOTION OR SAFETY CREDIT
P02_LEFT_WEIGHT_TRANSFER,L_ankle_pitch_link,R_thigh,162.443561,0.000000,NO,PASS,NOMINAL RIGID LINK ENVELOPES; TOLERANCE/COVERS/CABLES/TRACKING ERROR OPEN,NO MOTION OR SAFETY CREDIT
P02_LEFT_WEIGHT_TRANSFER,L_ankle_pitch_link,R_upper_arm,354.299412,0.000000,NO,PASS,NOMINAL RIGID LINK ENVELOPES; TOLERANCE/COVERS/CABLES/TRACKING ERROR OPEN,NO MOTION OR SAFETY CREDIT
P02_LEFT_WEIGHT_TRANSFER,L_ankle_pitch_link,base_link,276.217809,0.000000,NO,PASS,NOMINAL RIGID LINK ENVELOPES; TOLERANCE/COVERS/CABLES/TRACKING ERROR OPEN,NO MOTION OR SAFETY CREDIT
P02_LEFT_WEIGHT_TRANSFER,L_ankle_pitch_link,head,567.109809,0.000000,NO,PASS,NOMINAL RIGID LINK ENVELOPES; TOLERANCE/COVERS/CABLES/TRACKING ERROR OPEN,NO MOTION OR SAFETY CREDIT
P02_LEFT_WEIGHT_TRANSFER,L_ankle_pitch_link,neck_pan_link,519.608809,0.000000,NO,PASS,NOMINAL RIGID LINK ENVELOPES; TOLERANCE/COVERS/CABLES/TRACKING ERROR OPEN,NO MOTION OR SAFETY CREDIT
P02_LEFT_WEIGHT_TRANSFER,L_ankle_pitch_link,torso,369.142809,0.000000,NO,PASS,NOMINAL RIGID LINK ENVELOPES; TOLERANCE/COVERS/CABLES/TRACKING ERROR OPEN,NO MOTION OR SAFETY CREDIT
P02_LEFT_WEIGHT_TRANSFER,L_foot,L_forearm,270.623322,0.000000,NO,PASS,NOMINAL RIGID LINK ENVELOPES; TOLERANCE/COVERS/CABLES/TRACKING ERROR OPEN,NO MOTION OR SAFETY CREDIT
P02_LEFT_WEIGHT_TRANSFER,L_foot,L_gripper,227.367235,0.000000,NO,PASS,NOMINAL RIGID LINK ENVELOPES; TOLERANCE/COVERS/CABLES/TRACKING ERROR OPEN,NO MOTION OR SAFETY CREDIT
P02_LEFT_WEIGHT_TRANSFER,L_foot,L_hand,245.752857,0.000000,NO,PASS,NOMINAL RIGID LINK ENVELOPES; TOLERANCE/COVERS/CABLES/TRACKING ERROR OPEN,NO MOTION OR SAFETY CREDIT
P02_LEFT_WEIGHT_TRANSFER,L_foot,L_hip_roll_link,331.490269,0.000000,NO,PASS,NOMINAL RIGID LINK ENVELOPES; TOLERANCE/COVERS/CABLES/TRACKING ERROR OPEN,NO MOTION OR SAFETY CREDIT
P02_LEFT_WEIGHT_TRANSFER,L_foot,L_hip_yaw_link,344.157568,0.000000,NO,PASS,NOMINAL RIGID LINK ENVELOPES; TOLERANCE/COVERS/CABLES/TRACKING ERROR OPEN,NO MOTION OR SAFETY CREDIT
P02_LEFT_WEIGHT_TRANSFER,L_foot,L_shoulder_pitch_link,520.178834,0.000000,NO,PASS,NOMINAL RIGID LINK ENVELOPES; TOLERANCE/COVERS/CABLES/TRACKING ERROR OPEN,NO MOTION OR SAFETY CREDIT
P02_LEFT_WEIGHT_TRANSFER,L_foot,L_thigh,208.175888,0.000000,NO,PASS,NOMINAL RIGID LINK ENVELOPES; TOLERANCE/COVERS/CABLES/TRACKING ERROR OPEN,NO MOTION OR SAFETY CREDIT
P02_LEFT_WEIGHT_TRANSFER,L_foot,L_upper_arm,396.967014,0.000000,NO,PASS,NOMINAL RIGID LINK ENVELOPES; TOLERANCE/COVERS/CABLES/TRACKING ERROR OPEN,NO MOTION OR SAFETY CREDIT
P02_LEFT_WEIGHT_TRANSFER,L_foot,R_ankle_pitch_link,43.048448,0.000000,NO,PASS,NOMINAL RIGID LINK ENVELOPES; TOLERANCE/COVERS/CABLES/TRACKING ERROR OPEN,NO MOTION OR SAFETY CREDIT
P02_LEFT_WEIGHT_TRANSFER,L_foot,R_foot,35.000000,0.000000,NO,PASS,NOMINAL RIGID LINK ENVELOPES; TOLERANCE/COVERS/CABLES/TRACKING ERROR OPEN,NO MOTION OR SAFETY CREDIT
P02_LEFT_WEIGHT_TRANSFER,L_foot,R_forearm,281.000904,0.000000,NO,PASS,NOMINAL RIGID LINK ENVELOPES; TOLERANCE/COVERS/CABLES/TRACKING ERROR OPEN,NO MOTION OR SAFETY CREDIT
P02_LEFT_WEIGHT_TRANSFER,L_foot,R_gripper,241.232668,0.000000,NO,PASS,NOMINAL RIGID LINK ENVELOPES; TOLERANCE/COVERS/CABLES/TRACKING ERROR OPEN,NO MOTION OR SAFETY CREDIT
P02_LEFT_WEIGHT_TRANSFER,L_foot,R_hand,257.512639,0.000000,NO,PASS,NOMINAL RIGID LINK ENVELOPES; TOLERANCE/COVERS/CABLES/TRACKING ERROR OPEN,NO MOTION OR SAFETY CREDIT
P02_LEFT_WEIGHT_TRANSFER,L_foot,R_hip_roll_link,331.490269,0.000000,NO,PASS,NOMINAL RIGID LINK ENVELOPES; TOLERANCE/COVERS/CABLES/TRACKING ERROR OPEN,NO MOTION OR SAFETY CREDIT
P02_LEFT_WEIGHT_TRANSFER,L_foot,R_hip_yaw_link,344.157568,0.000000,NO,PASS,NOMINAL RIGID LINK ENVELOPES; TOLERANCE/COVERS/CABLES/TRACKING ERROR OPEN,NO MOTION OR SAFETY CREDIT
P02_LEFT_WEIGHT_TRANSFER,L_foot,R_shin,46.741554,0.000000,NO,PASS,NOMINAL RIGID LINK ENVELOPES; TOLERANCE/COVERS/CABLES/TRACKING ERROR OPEN,NO MOTION OR SAFETY CREDIT
P02_LEFT_WEIGHT_TRANSFER,L_foot,R_shoulder_pitch_link,521.747911,0.000000,NO,PASS,NOMINAL RIGID LINK ENVELOPES; TOLERANCE/COVERS/CABLES/TRACKING ERROR OPEN,NO MOTION OR SAFETY CREDIT
P02_LEFT_WEIGHT_TRANSFER,L_foot,R_thigh,208.175888,0.000000,NO,PASS,NOMINAL RIGID LINK ENVELOPES; TOLERANCE/COVERS/CABLES/TRACKING ERROR OPEN,NO MOTION OR SAFETY CREDIT
P02_LEFT_WEIGHT_TRANSFER,L_foot,R_upper_arm,398.034569,0.000000,NO,PASS,NOMINAL RIGID LINK ENVELOPES; TOLERANCE/COVERS/CABLES/TRACKING ERROR OPEN,NO MOTION OR SAFETY CREDIT
P02_LEFT_WEIGHT_TRANSFER,L_foot,base_link,322.023568,0.000000,NO,PASS,NOMINAL RIGID LINK ENVELOPES; TOLERANCE/COVERS/CABLES/TRACKING ERROR OPEN,NO MOTION OR SAFETY CREDIT
P02_LEFT_WEIGHT_TRANSFER,L_foot,head,612.915568,0.000000,NO,PASS,NOMINAL RIGID LINK ENVELOPES; TOLERANCE/COVERS/CABLES/TRACKING ERROR OPEN,NO MOTION OR SAFETY CREDIT
P02_LEFT_WEIGHT_TRANSFER,L_foot,neck_pan_link,565.414568,0.000000,NO,PASS,NOMINAL RIGID LINK ENVELOPES; TOLERANCE/COVERS/CABLES/TRACKING ERROR OPEN,NO MOTION OR SAFETY CREDIT
P02_LEFT_WEIGHT_TRANSFER,L_foot,torso,414.948568,0.000000,NO,PASS,NOMINAL RIGID LINK ENVELOPES; TOLERANCE/COVERS/CABLES/TRACKING ERROR OPEN,NO MOTION OR SAFETY CREDIT
P02_LEFT_WEIGHT_TRANSFER,L_forearm,L_gripper,23.673000,0.000000,NO,PASS,NOMINAL RIGID LINK ENVELOPES; TOLERANCE/COVERS/CABLES/TRACKING ERROR OPEN,NO MOTION OR SAFETY CREDIT
P02_LEFT_WEIGHT_TRANSFER,L_forearm,L_hip_roll_link,52.043727,0.000000,NO,PASS,NOMINAL RIGID LINK ENVELOPES; TOLERANCE/COVERS/CABLES/TRACKING ERROR OPEN,NO MOTION OR SAFETY CREDIT
P02_LEFT_WEIGHT_TRANSFER,L_forearm,L_hip_yaw_link,54.123090,0.000000,NO,PASS,NOMINAL RIGID LINK ENVELOPES; TOLERANCE/COVERS/CABLES/TRACKING ERROR OPEN,NO MOTION OR SAFETY CREDIT
P02_LEFT_WEIGHT_TRANSFER,L_forearm,L_shin,165.343815,0.000000,NO,PASS,NOMINAL RIGID LINK ENVELOPES; TOLERANCE/COVERS/CABLES/TRACKING ERROR OPEN,NO MOTION OR SAFETY CREDIT
P02_LEFT_WEIGHT_TRANSFER,L_forearm,L_shoulder_pitch_link,116.052929,0.000000,NO,PASS,NOMINAL RIGID LINK ENVELOPES; TOLERANCE/COVERS/CABLES/TRACKING ERROR OPEN,NO MOTION OR SAFETY CREDIT
P02_LEFT_WEIGHT_TRANSFER,L_forearm,L_thigh,50.474571,0.000000,NO,PASS,NOMINAL RIGID LINK ENVELOPES; TOLERANCE/COVERS/CABLES/TRACKING ERROR OPEN,NO MOTION OR SAFETY CREDIT
P02_LEFT_WEIGHT_TRANSFER,L_forearm,R_ankle_pitch_link,306.438533,0.000000,NO,PASS,NOMINAL RIGID LINK ENVELOPES; TOLERANCE/COVERS/CABLES/TRACKING ERROR OPEN,NO MOTION OR SAFETY CREDIT
P02_LEFT_WEIGHT_TRANSFER,L_forearm,R_foot,334.085365,0.000000,NO,PASS,NOMINAL RIGID LINK ENVELOPES; TOLERANCE/COVERS/CABLES/TRACKING ERROR OPEN,NO MOTION OR SAFETY CREDIT
P02_LEFT_WEIGHT_TRANSFER,L_forearm,R_forearm,297.421893,0.000000,NO,PASS,NOMINAL RIGID LINK ENVELOPES; TOLERANCE/COVERS/CABLES/TRACKING ERROR OPEN,NO MOTION OR SAFETY CREDIT
P02_LEFT_WEIGHT_TRANSFER,L_forearm,R_gripper,344.808074,0.000000,NO,PASS,NOMINAL RIGID LINK ENVELOPES; TOLERANCE/COVERS/CABLES/TRACKING ERROR OPEN,NO MOTION OR SAFETY CREDIT
P02_LEFT_WEIGHT_TRANSFER,L_forearm,R_hand,330.933133,0.000000,NO,PASS,NOMINAL RIGID LINK ENVELOPES; TOLERANCE/COVERS/CABLES/TRACKING ERROR OPEN,NO MOTION OR SAFETY CREDIT
P02_LEFT_WEIGHT_TRANSFER,L_forearm,R_hip_roll_link,177.043727,0.000000,NO,PASS,NOMINAL RIGID LINK ENVELOPES; TOLERANCE/COVERS/CABLES/TRACKING ERROR OPEN,NO MOTION OR SAFETY CREDIT
P02_LEFT_WEIGHT_TRANSFER,L_forearm,R_hip_yaw_link,179.123090,0.000000,NO,PASS,NOMINAL RIGID LINK ENVELOPES; TOLERANCE/COVERS/CABLES/TRACKING ERROR OPEN,NO MOTION OR SAFETY CREDIT
P02_LEFT_WEIGHT_TRANSFER,L_forearm,R_shin,254.836873,0.000000,NO,PASS,NOMINAL RIGID LINK ENVELOPES; TOLERANCE/COVERS/CABLES/TRACKING ERROR OPEN,NO MOTION OR SAFETY CREDIT
P02_LEFT_WEIGHT_TRANSFER,L_forearm,R_shoulder_pitch_link,257.840184,0.000000,NO,PASS,NOMINAL RIGID LINK ENVELOPES; TOLERANCE/COVERS/CABLES/TRACKING ERROR OPEN,NO MOTION OR SAFETY CREDIT
P02_LEFT_WEIGHT_TRANSFER,L_forearm,R_thigh,175.474571,0.000000,NO,PASS,NOMINAL RIGID LINK ENVELOPES; TOLERANCE/COVERS/CABLES/TRACKING ERROR OPEN,NO MOTION OR SAFETY CREDIT
P02_LEFT_WEIGHT_TRANSFER,L_forearm,R_upper_arm,231.752031,0.000000,NO,PASS,NOMINAL RIGID LINK ENVELOPES; TOLERANCE/COVERS/CABLES/TRACKING ERROR OPEN,NO MOTION OR SAFETY CREDIT
P02_LEFT_WEIGHT_TRANSFER,L_forearm,base_link,71.927090,0.000000,NO,PASS,NOMINAL RIGID LINK ENVELOPES; TOLERANCE/COVERS/CABLES/TRACKING ERROR OPEN,NO MOTION OR SAFETY CREDIT
P02_LEFT_WEIGHT_TRANSFER,L_forearm,head,220.326000,0.000000,NO,PASS,NOMINAL RIGID LINK ENVELOPES; TOLERANCE/COVERS/CABLES/TRACKING ERROR OPEN,NO MOTION OR SAFETY CREDIT
P02_LEFT_WEIGHT_TRANSFER,L_forearm,neck_pan_link,200.711901,0.000000,NO,PASS,NOMINAL RIGID LINK ENVELOPES; TOLERANCE/COVERS/CABLES/TRACKING ERROR OPEN,NO MOTION OR SAFETY CREDIT
P02_LEFT_WEIGHT_TRANSFER,L_forearm,torso,52.819956,0.000000,NO,PASS,NOMINAL RIGID LINK ENVELOPES; TOLERANCE/COVERS/CABLES/TRACKING ERROR OPEN,NO MOTION OR SAFETY CREDIT
P02_LEFT_WEIGHT_TRANSFER,L_gripper,L_hip_roll_link,136.353340,0.000000,NO,PASS,NOMINAL RIGID LINK ENVELOPES; TOLERANCE/COVERS/CABLES/TRACKING ERROR OPEN,NO MOTION OR SAFETY CREDIT
P02_LEFT_WEIGHT_TRANSFER,L_gripper,L_hip_yaw_link,146.421447,0.000000,NO,PASS,NOMINAL RIGID LINK ENVELOPES; TOLERANCE/COVERS/CABLES/TRACKING ERROR OPEN,NO MOTION OR SAFETY CREDIT
P02_LEFT_WEIGHT_TRANSFER,L_gripper,L_shin,152.624754,0.000000,NO,PASS,NOMINAL RIGID LINK ENVELOPES; TOLERANCE/COVERS/CABLES/TRACKING ERROR OPEN,NO MOTION OR SAFETY CREDIT
P02_LEFT_WEIGHT_TRANSFER,L_gripper,L_shoulder_pitch_link,286.091899,0.000000,NO,PASS,NOMINAL RIGID LINK ENVELOPES; TOLERANCE/COVERS/CABLES/TRACKING ERROR OPEN,NO MOTION OR SAFETY CREDIT
P02_LEFT_WEIGHT_TRANSFER,L_gripper,L_thigh,101.817953,0.000000,NO,PASS,NOMINAL RIGID LINK ENVELOPES; TOLERANCE/COVERS/CABLES/TRACKING ERROR OPEN,NO MOTION OR SAFETY CREDIT
P02_LEFT_WEIGHT_TRANSFER,L_gripper,L_upper_arm,155.711891,0.000000,NO,PASS,NOMINAL RIGID LINK ENVELOPES; TOLERANCE/COVERS/CABLES/TRACKING ERROR OPEN,NO MOTION OR SAFETY CREDIT
P02_LEFT_WEIGHT_TRANSFER,L_gripper,R_ankle_pitch_link,305.175404,0.000000,NO,PASS,NOMINAL RIGID LINK ENVELOPES; TOLERANCE/COVERS/CABLES/TRACKING ERROR OPEN,NO MOTION OR SAFETY CREDIT
P02_LEFT_WEIGHT_TRANSFER,L_gripper,R_foot,320.792384,0.000000,NO,PASS,NOMINAL RIGID LINK ENVELOPES; TOLERANCE/COVERS/CABLES/TRACKING ERROR OPEN,NO MOTION OR SAFETY CREDIT
P02_LEFT_WEIGHT_TRANSFER,L_gripper,R_forearm,349.013514,0.000000,NO,PASS,NOMINAL RIGID LINK ENVELOPES; TOLERANCE/COVERS/CABLES/TRACKING ERROR OPEN,NO MOTION OR SAFETY CREDIT
P02_LEFT_WEIGHT_TRANSFER,L_gripper,R_gripper,395.932944,0.000000,NO,PASS,NOMINAL RIGID LINK ENVELOPES; TOLERANCE/COVERS/CABLES/TRACKING ERROR OPEN,NO MOTION OR SAFETY CREDIT
P02_LEFT_WEIGHT_TRANSFER,L_gripper,R_hand,382.276515,0.000000,NO,PASS,NOMINAL RIGID LINK ENVELOPES; TOLERANCE/COVERS/CABLES/TRACKING ERROR OPEN,NO MOTION OR SAFETY CREDIT
P02_LEFT_WEIGHT_TRANSFER,L_gripper,R_hip_roll_link,245.079600,0.000000,NO,PASS,NOMINAL RIGID LINK ENVELOPES; TOLERANCE/COVERS/CABLES/TRACKING ERROR OPEN,NO MOTION OR SAFETY CREDIT
P02_LEFT_WEIGHT_TRANSFER,L_gripper,R_hip_yaw_link,251.854835,0.000000,NO,PASS,NOMINAL RIGID LINK ENVELOPES; TOLERANCE/COVERS/CABLES/TRACKING ERROR OPEN,NO MOTION OR SAFETY CREDIT
P02_LEFT_WEIGHT_TRANSFER,L_gripper,R_shin,271.538976,0.000000,NO,PASS,NOMINAL RIGID LINK ENVELOPES; TOLERANCE/COVERS/CABLES/TRACKING ERROR OPEN,NO MOTION OR SAFETY CREDIT
P02_LEFT_WEIGHT_TRANSFER,L_gripper,R_shoulder_pitch_link,395.507361,0.000000,NO,PASS,NOMINAL RIGID LINK ENVELOPES; TOLERANCE/COVERS/CABLES/TRACKING ERROR OPEN,NO MOTION OR SAFETY CREDIT
P02_LEFT_WEIGHT_TRANSFER,L_gripper,R_thigh,226.817953,0.000000,NO,PASS,NOMINAL RIGID LINK ENVELOPES; TOLERANCE/COVERS/CABLES/TRACKING ERROR OPEN,NO MOTION OR SAFETY CREDIT
P02_LEFT_WEIGHT_TRANSFER,L_gripper,R_upper_arm,321.413825,0.000000,NO,PASS,NOMINAL RIGID LINK ENVELOPES; TOLERANCE/COVERS/CABLES/TRACKING ERROR OPEN,NO MOTION OR SAFETY CREDIT
P02_LEFT_WEIGHT_TRANSFER,L_gripper,base_link,146.647105,0.000000,NO,PASS,NOMINAL RIGID LINK ENVELOPES; TOLERANCE/COVERS/CABLES/TRACKING ERROR OPEN,NO MOTION OR SAFETY CREDIT
P02_LEFT_WEIGHT_TRANSFER,L_gripper,head,390.820282,0.000000,NO,PASS,NOMINAL RIGID LINK ENVELOPES; TOLERANCE/COVERS/CABLES/TRACKING ERROR OPEN,NO MOTION OR SAFETY CREDIT
P02_LEFT_WEIGHT_TRANSFER,L_gripper,neck_pan_link,365.919255,0.000000,NO,PASS,NOMINAL RIGID LINK ENVELOPES; TOLERANCE/COVERS/CABLES/TRACKING ERROR OPEN,NO MOTION OR SAFETY CREDIT
P02_LEFT_WEIGHT_TRANSFER,L_gripper,torso,200.924276,0.000000,NO,PASS,NOMINAL RIGID LINK ENVELOPES; TOLERANCE/COVERS/CABLES/TRACKING ERROR OPEN,NO MOTION OR SAFETY CREDIT
P02_LEFT_WEIGHT_TRANSFER,L_hand,L_hip_roll_link,110.611537,0.000000,NO,PASS,NOMINAL RIGID LINK ENVELOPES; TOLERANCE/COVERS/CABLES/TRACKING ERROR OPEN,NO MOTION OR SAFETY CREDIT
P02_LEFT_WEIGHT_TRANSFER,L_hand,L_hip_yaw_link,120.048149,0.000000,NO,PASS,NOMINAL RIGID LINK ENVELOPES; TOLERANCE/COVERS/CABLES/TRACKING ERROR OPEN,NO MOTION OR SAFETY CREDIT
P02_LEFT_WEIGHT_TRANSFER,L_hand,L_shin,157.200301,0.000000,NO,PASS,NOMINAL RIGID LINK ENVELOPES; TOLERANCE/COVERS/CABLES/TRACKING ERROR OPEN,NO MOTION OR SAFETY CREDIT
P02_LEFT_WEIGHT_TRANSFER,L_hand,L_shoulder_pitch_link,259.297587,0.000000,NO,PASS,NOMINAL RIGID LINK ENVELOPES; TOLERANCE/COVERS/CABLES/TRACKING ERROR OPEN,NO MOTION OR SAFETY CREDIT
P02_LEFT_WEIGHT_TRANSFER,L_hand,L_thigh,88.158590,0.000000,NO,PASS,NOMINAL RIGID LINK ENVELOPES; TOLERANCE/COVERS/CABLES/TRACKING ERROR OPEN,NO MOTION OR SAFETY CREDIT
P02_LEFT_WEIGHT_TRANSFER,L_hand,L_upper_arm,129.679130,0.000000,NO,PASS,NOMINAL RIGID LINK ENVELOPES; TOLERANCE/COVERS/CABLES/TRACKING ERROR OPEN,NO MOTION OR SAFETY CREDIT
P02_LEFT_WEIGHT_TRANSFER,L_hand,R_ankle_pitch_link,308.638605,0.000000,NO,PASS,NOMINAL RIGID LINK ENVELOPES; TOLERANCE/COVERS/CABLES/TRACKING ERROR OPEN,NO MOTION OR SAFETY CREDIT
P02_LEFT_WEIGHT_TRANSFER,L_hand,R_foot,328.924794,0.000000,NO,PASS,NOMINAL RIGID LINK ENVELOPES; TOLERANCE/COVERS/CABLES/TRACKING ERROR OPEN,NO MOTION OR SAFETY CREDIT
P02_LEFT_WEIGHT_TRANSFER,L_hand,R_forearm,335.105911,0.000000,NO,PASS,NOMINAL RIGID LINK ENVELOPES; TOLERANCE/COVERS/CABLES/TRACKING ERROR OPEN,NO MOTION OR SAFETY CREDIT
P02_LEFT_WEIGHT_TRANSFER,L_hand,R_gripper,382.273580,0.000000,NO,PASS,NOMINAL RIGID LINK ENVELOPES; TOLERANCE/COVERS/CABLES/TRACKING ERROR OPEN,NO MOTION OR SAFETY CREDIT
P02_LEFT_WEIGHT_TRANSFER,L_hand,R_hand,368.617151,0.000000,NO,PASS,NOMINAL RIGID LINK ENVELOPES; TOLERANCE/COVERS/CABLES/TRACKING ERROR OPEN,NO MOTION OR SAFETY CREDIT
P02_LEFT_WEIGHT_TRANSFER,L_hand,R_hip_roll_link,224.258441,0.000000,NO,PASS,NOMINAL RIGID LINK ENVELOPES; TOLERANCE/COVERS/CABLES/TRACKING ERROR OPEN,NO MOTION OR SAFETY CREDIT
P02_LEFT_WEIGHT_TRANSFER,L_hand,R_hip_yaw_link,230.191953,0.000000,NO,PASS,NOMINAL RIGID LINK ENVELOPES; TOLERANCE/COVERS/CABLES/TRACKING ERROR OPEN,NO MOTION OR SAFETY CREDIT
P02_LEFT_WEIGHT_TRANSFER,L_hand,R_shin,267.836132,0.000000,NO,PASS,NOMINAL RIGID LINK ENVELOPES; TOLERANCE/COVERS/CABLES/TRACKING ERROR OPEN,NO MOTION OR SAFETY CREDIT
P02_LEFT_WEIGHT_TRANSFER,L_hand,R_shoulder_pitch_link,368.884541,0.000000,NO,PASS,NOMINAL RIGID LINK ENVELOPES; TOLERANCE/COVERS/CABLES/TRACKING ERROR OPEN,NO MOTION OR SAFETY CREDIT
P02_LEFT_WEIGHT_TRANSFER,L_hand,R_thigh,213.158590,0.000000,NO,PASS,NOMINAL RIGID LINK ENVELOPES; TOLERANCE/COVERS/CABLES/TRACKING ERROR OPEN,NO MOTION OR SAFETY CREDIT
P02_LEFT_WEIGHT_TRANSFER,L_hand,R_upper_arm,298.285617,0.000000,NO,PASS,NOMINAL RIGID LINK ENVELOPES; TOLERANCE/COVERS/CABLES/TRACKING ERROR OPEN,NO MOTION OR SAFETY CREDIT
P02_LEFT_WEIGHT_TRANSFER,L_hand,base_link,122.733023,0.000000,NO,PASS,NOMINAL RIGID LINK ENVELOPES; TOLERANCE/COVERS/CABLES/TRACKING ERROR OPEN,NO MOTION OR SAFETY CREDIT
P02_LEFT_WEIGHT_TRANSFER,L_hand,head,363.544219,0.000000,NO,PASS,NOMINAL RIGID LINK ENVELOPES; TOLERANCE/COVERS/CABLES/TRACKING ERROR OPEN,NO MOTION OR SAFETY CREDIT
P02_LEFT_WEIGHT_TRANSFER,L_hand,neck_pan_link,338.122872,0.000000,NO,PASS,NOMINAL RIGID LINK ENVELOPES; TOLERANCE/COVERS/CABLES/TRACKING ERROR OPEN,NO MOTION OR SAFETY CREDIT
P02_LEFT_WEIGHT_TRANSFER,L_hand,torso,173.130804,0.000000,NO,PASS,NOMINAL RIGID LINK ENVELOPES; TOLERANCE/COVERS/CABLES/TRACKING ERROR OPEN,NO MOTION OR SAFETY CREDIT
P02_LEFT_WEIGHT_TRANSFER,L_hip_roll_link,L_shin,216.662406,0.000000,NO,PASS,NOMINAL RIGID LINK ENVELOPES; TOLERANCE/COVERS/CABLES/TRACKING ERROR OPEN,NO MOTION OR SAFETY CREDIT
P02_LEFT_WEIGHT_TRANSFER,L_hip_roll_link,L_shoulder_pitch_link,140.500701,0.000000,NO,PASS,NOMINAL RIGID LINK ENVELOPES; TOLERANCE/COVERS/CABLES/TRACKING ERROR OPEN,NO MOTION OR SAFETY CREDIT
P02_LEFT_WEIGHT_TRANSFER,L_hip_roll_link,L_upper_arm,37.560332,0.000000,NO,PASS,NOMINAL RIGID LINK ENVELOPES; TOLERANCE/COVERS/CABLES/TRACKING ERROR OPEN,NO MOTION OR SAFETY CREDIT
P02_LEFT_WEIGHT_TRANSFER,L_hip_roll_link,R_ankle_pitch_link,305.364213,0.000000,NO,PASS,NOMINAL RIGID LINK ENVELOPES; TOLERANCE/COVERS/CABLES/TRACKING ERROR OPEN,NO MOTION OR SAFETY CREDIT
P02_LEFT_WEIGHT_TRANSFER,L_hip_roll_link,R_foot,346.188079,0.000000,NO,PASS,NOMINAL RIGID LINK ENVELOPES; TOLERANCE/COVERS/CABLES/TRACKING ERROR OPEN,NO MOTION OR SAFETY CREDIT
P02_LEFT_WEIGHT_TRANSFER,L_hip_roll_link,R_forearm,181.219439,0.000000,NO,PASS,NOMINAL RIGID LINK ENVELOPES; TOLERANCE/COVERS/CABLES/TRACKING ERROR OPEN,NO MOTION OR SAFETY CREDIT
P02_LEFT_WEIGHT_TRANSFER,L_hip_roll_link,R_gripper,245.079600,0.000000,NO,PASS,NOMINAL RIGID LINK ENVELOPES; TOLERANCE/COVERS/CABLES/TRACKING ERROR OPEN,NO MOTION OR SAFETY CREDIT
P02_LEFT_WEIGHT_TRANSFER,L_hip_roll_link,R_hand,224.261071,0.000000,NO,PASS,NOMINAL RIGID LINK ENVELOPES; TOLERANCE/COVERS/CABLES/TRACKING ERROR OPEN,NO MOTION OR SAFETY CREDIT
P02_LEFT_WEIGHT_TRANSFER,L_hip_roll_link,R_hip_roll_link,60.841274,0.000000,NO,PASS,NOMINAL RIGID LINK ENVELOPES; TOLERANCE/COVERS/CABLES/TRACKING ERROR OPEN,NO MOTION OR SAFETY CREDIT
P02_LEFT_WEIGHT_TRANSFER,L_hip_roll_link,R_hip_yaw_link,62.920637,0.000000,NO,PASS,NOMINAL RIGID LINK ENVELOPES; TOLERANCE/COVERS/CABLES/TRACKING ERROR OPEN,NO MOTION OR SAFETY CREDIT
P02_LEFT_WEIGHT_TRANSFER,L_hip_roll_link,R_shin,237.266794,0.000000,NO,PASS,NOMINAL RIGID LINK ENVELOPES; TOLERANCE/COVERS/CABLES/TRACKING ERROR OPEN,NO MOTION OR SAFETY CREDIT
P02_LEFT_WEIGHT_TRANSFER,L_hip_roll_link,R_shoulder_pitch_link,181.576331,0.000000,NO,PASS,NOMINAL RIGID LINK ENVELOPES; TOLERANCE/COVERS/CABLES/TRACKING ERROR OPEN,NO MOTION OR SAFETY CREDIT
P02_LEFT_WEIGHT_TRANSFER,L_hip_roll_link,R_thigh,59.272118,0.000000,NO,PASS,NOMINAL RIGID LINK ENVELOPES; TOLERANCE/COVERS/CABLES/TRACKING ERROR OPEN,NO MOTION OR SAFETY CREDIT
P02_LEFT_WEIGHT_TRANSFER,L_hip_roll_link,R_upper_arm,116.646776,0.000000,NO,PASS,NOMINAL RIGID LINK ENVELOPES; TOLERANCE/COVERS/CABLES/TRACKING ERROR OPEN,NO MOTION OR SAFETY CREDIT
P02_LEFT_WEIGHT_TRANSFER,L_hip_roll_link,head,234.090701,0.000000,NO,PASS,NOMINAL RIGID LINK ENVELOPES; TOLERANCE/COVERS/CABLES/TRACKING ERROR OPEN,NO MOTION OR SAFETY CREDIT
P02_LEFT_WEIGHT_TRANSFER,L_hip_roll_link,neck_pan_link,186.649787,0.000000,NO,PASS,NOMINAL RIGID LINK ENVELOPES; TOLERANCE/COVERS/CABLES/TRACKING ERROR OPEN,NO MOTION OR SAFETY CREDIT
P02_LEFT_WEIGHT_TRANSFER,L_hip_roll_link,torso,36.123701,0.000000,NO,PASS,NOMINAL RIGID LINK ENVELOPES; TOLERANCE/COVERS/CABLES/TRACKING ERROR OPEN,NO MOTION OR SAFETY CREDIT
P02_LEFT_WEIGHT_TRANSFER,L_hip_yaw_link,L_shin,229.329705,0.000000,NO,PASS,NOMINAL RIGID LINK ENVELOPES; TOLERANCE/COVERS/CABLES/TRACKING ERROR OPEN,NO MOTION OR SAFETY CREDIT
P02_LEFT_WEIGHT_TRANSFER,L_hip_yaw_link,L_shoulder_pitch_link,135.168000,0.000000,NO,PASS,NOMINAL RIGID LINK ENVELOPES; TOLERANCE/COVERS/CABLES/TRACKING ERROR OPEN,NO MOTION OR SAFETY CREDIT
P02_LEFT_WEIGHT_TRANSFER,L_hip_yaw_link,L_upper_arm,31.044670,0.000000,NO,PASS,NOMINAL RIGID LINK ENVELOPES; TOLERANCE/COVERS/CABLES/TRACKING ERROR OPEN,NO MOTION OR SAFETY CREDIT
P02_LEFT_WEIGHT_TRANSFER,L_hip_yaw_link,R_ankle_pitch_link,317.959602,0.000000,NO,PASS,NOMINAL RIGID LINK ENVELOPES; TOLERANCE/COVERS/CABLES/TRACKING ERROR OPEN,NO MOTION OR SAFETY CREDIT
P02_LEFT_WEIGHT_TRANSFER,L_hip_yaw_link,R_foot,358.920870,0.000000,NO,PASS,NOMINAL RIGID LINK ENVELOPES; TOLERANCE/COVERS/CABLES/TRACKING ERROR OPEN,NO MOTION OR SAFETY CREDIT
P02_LEFT_WEIGHT_TRANSFER,L_hip_yaw_link,R_forearm,183.298802,0.000000,NO,PASS,NOMINAL RIGID LINK ENVELOPES; TOLERANCE/COVERS/CABLES/TRACKING ERROR OPEN,NO MOTION OR SAFETY CREDIT
P02_LEFT_WEIGHT_TRANSFER,L_hip_yaw_link,R_gripper,251.854835,0.000000,NO,PASS,NOMINAL RIGID LINK ENVELOPES; TOLERANCE/COVERS/CABLES/TRACKING ERROR OPEN,NO MOTION OR SAFETY CREDIT
P02_LEFT_WEIGHT_TRANSFER,L_hip_yaw_link,R_hand,230.194507,0.000000,NO,PASS,NOMINAL RIGID LINK ENVELOPES; TOLERANCE/COVERS/CABLES/TRACKING ERROR OPEN,NO MOTION OR SAFETY CREDIT
P02_LEFT_WEIGHT_TRANSFER,L_hip_yaw_link,R_hip_roll_link,62.920637,0.000000,NO,PASS,NOMINAL RIGID LINK ENVELOPES; TOLERANCE/COVERS/CABLES/TRACKING ERROR OPEN,NO MOTION OR SAFETY CREDIT
P02_LEFT_WEIGHT_TRANSFER,L_hip_yaw_link,R_hip_yaw_link,65.000000,0.000000,NO,PASS,NOMINAL RIGID LINK ENVELOPES; TOLERANCE/COVERS/CABLES/TRACKING ERROR OPEN,NO MOTION OR SAFETY CREDIT
P02_LEFT_WEIGHT_TRANSFER,L_hip_yaw_link,R_shin,249.702950,0.000000,NO,PASS,NOMINAL RIGID LINK ENVELOPES; TOLERANCE/COVERS/CABLES/TRACKING ERROR OPEN,NO MOTION OR SAFETY CREDIT
P02_LEFT_WEIGHT_TRANSFER,L_hip_yaw_link,R_shoulder_pitch_link,178.836696,0.000000,NO,PASS,NOMINAL RIGID LINK ENVELOPES; TOLERANCE/COVERS/CABLES/TRACKING ERROR OPEN,NO MOTION OR SAFETY CREDIT
P02_LEFT_WEIGHT_TRANSFER,L_hip_yaw_link,R_thigh,61.351481,0.000000,NO,PASS,NOMINAL RIGID LINK ENVELOPES; TOLERANCE/COVERS/CABLES/TRACKING ERROR OPEN,NO MOTION OR SAFETY CREDIT
P02_LEFT_WEIGHT_TRANSFER,L_hip_yaw_link,R_upper_arm,118.108155,0.000000,NO,PASS,NOMINAL RIGID LINK ENVELOPES; TOLERANCE/COVERS/CABLES/TRACKING ERROR OPEN,NO MOTION OR SAFETY CREDIT
P02_LEFT_WEIGHT_TRANSFER,L_hip_yaw_link,head,228.758000,0.000000,NO,PASS,NOMINAL RIGID LINK ENVELOPES; TOLERANCE/COVERS/CABLES/TRACKING ERROR OPEN,NO MOTION OR SAFETY CREDIT
P02_LEFT_WEIGHT_TRANSFER,L_hip_yaw_link,neck_pan_link,181.385072,0.000000,NO,PASS,NOMINAL RIGID LINK ENVELOPES; TOLERANCE/COVERS/CABLES/TRACKING ERROR OPEN,NO MOTION OR SAFETY CREDIT
P02_LEFT_WEIGHT_TRANSFER,L_hip_yaw_link,torso,30.791000,0.000000,NO,PASS,NOMINAL RIGID LINK ENVELOPES; TOLERANCE/COVERS/CABLES/TRACKING ERROR OPEN,NO MOTION OR SAFETY CREDIT
P02_LEFT_WEIGHT_TRANSFER,L_shin,L_shoulder_pitch_link,405.377354,0.000000,NO,PASS,NOMINAL RIGID LINK ENVELOPES; TOLERANCE/COVERS/CABLES/TRACKING ERROR OPEN,NO MOTION OR SAFETY CREDIT
P02_LEFT_WEIGHT_TRANSFER,L_shin,L_upper_arm,282.358726,0.000000,NO,PASS,NOMINAL RIGID LINK ENVELOPES; TOLERANCE/COVERS/CABLES/TRACKING ERROR OPEN,NO MOTION OR SAFETY CREDIT
P02_LEFT_WEIGHT_TRANSFER,L_shin,R_ankle_pitch_link,49.315003,0.000000,NO,PASS,NOMINAL RIGID LINK ENVELOPES; TOLERANCE/COVERS/CABLES/TRACKING ERROR OPEN,NO MOTION OR SAFETY CREDIT
P02_LEFT_WEIGHT_TRANSFER,L_shin,R_foot,41.266555,0.000000,NO,PASS,NOMINAL RIGID LINK ENVELOPES; TOLERANCE/COVERS/CABLES/TRACKING ERROR OPEN,NO MOTION OR SAFETY CREDIT
P02_LEFT_WEIGHT_TRANSFER,L_shin,R_forearm,186.843989,0.000000,NO,PASS,NOMINAL RIGID LINK ENVELOPES; TOLERANCE/COVERS/CABLES/TRACKING ERROR OPEN,NO MOTION OR SAFETY CREDIT
P02_LEFT_WEIGHT_TRANSFER,L_shin,R_gripper,180.974161,0.000000,NO,PASS,NOMINAL RIGID LINK ENVELOPES; TOLERANCE/COVERS/CABLES/TRACKING ERROR OPEN,NO MOTION OR SAFETY CREDIT
P02_LEFT_WEIGHT_TRANSFER,L_shin,R_hand,182.577298,0.000000,NO,PASS,NOMINAL RIGID LINK ENVELOPES; TOLERANCE/COVERS/CABLES/TRACKING ERROR OPEN,NO MOTION OR SAFETY CREDIT
P02_LEFT_WEIGHT_TRANSFER,L_shin,R_hip_roll_link,216.674679,0.000000,NO,PASS,NOMINAL RIGID LINK ENVELOPES; TOLERANCE/COVERS/CABLES/TRACKING ERROR OPEN,NO MOTION OR SAFETY CREDIT
P02_LEFT_WEIGHT_TRANSFER,L_shin,R_hip_yaw_link,229.371632,0.000000,NO,PASS,NOMINAL RIGID LINK ENVELOPES; TOLERANCE/COVERS/CABLES/TRACKING ERROR OPEN,NO MOTION OR SAFETY CREDIT
P02_LEFT_WEIGHT_TRANSFER,L_shin,R_shin,55.626983,0.000000,NO,PASS,NOMINAL RIGID LINK ENVELOPES; TOLERANCE/COVERS/CABLES/TRACKING ERROR OPEN,NO MOTION OR SAFETY CREDIT
P02_LEFT_WEIGHT_TRANSFER,L_shin,R_shoulder_pitch_link,408.422436,0.000000,NO,PASS,NOMINAL RIGID LINK ENVELOPES; TOLERANCE/COVERS/CABLES/TRACKING ERROR OPEN,NO MOTION OR SAFETY CREDIT
P02_LEFT_WEIGHT_TRANSFER,L_shin,R_thigh,93.350934,0.000000,NO,PASS,NOMINAL RIGID LINK ENVELOPES; TOLERANCE/COVERS/CABLES/TRACKING ERROR OPEN,NO MOTION OR SAFETY CREDIT
P02_LEFT_WEIGHT_TRANSFER,L_shin,R_upper_arm,285.704977,0.000000,NO,PASS,NOMINAL RIGID LINK ENVELOPES; TOLERANCE/COVERS/CABLES/TRACKING ERROR OPEN,NO MOTION OR SAFETY CREDIT
P02_LEFT_WEIGHT_TRANSFER,L_shin,base_link,207.195705,0.000000,NO,PASS,NOMINAL RIGID LINK ENVELOPES; TOLERANCE/COVERS/CABLES/TRACKING ERROR OPEN,NO MOTION OR SAFETY CREDIT
P02_LEFT_WEIGHT_TRANSFER,L_shin,head,498.087705,0.000000,NO,PASS,NOMINAL RIGID LINK ENVELOPES; TOLERANCE/COVERS/CABLES/TRACKING ERROR OPEN,NO MOTION OR SAFETY CREDIT
P02_LEFT_WEIGHT_TRANSFER,L_shin,neck_pan_link,450.586705,0.000000,NO,PASS,NOMINAL RIGID LINK ENVELOPES; TOLERANCE/COVERS/CABLES/TRACKING ERROR OPEN,NO MOTION OR SAFETY CREDIT
P02_LEFT_WEIGHT_TRANSFER,L_shin,torso,300.120705,0.000000,NO,PASS,NOMINAL RIGID LINK ENVELOPES; TOLERANCE/COVERS/CABLES/TRACKING ERROR OPEN,NO MOTION OR SAFETY CREDIT
P02_LEFT_WEIGHT_TRANSFER,L_shoulder_pitch_link,L_thigh,163.665116,0.000000,NO,PASS,NOMINAL RIGID LINK ENVELOPES; TOLERANCE/COVERS/CABLES/TRACKING ERROR OPEN,NO MOTION OR SAFETY CREDIT
P02_LEFT_WEIGHT_TRANSFER,L_shoulder_pitch_link,R_ankle_pitch_link,500.734259,0.000000,NO,PASS,NOMINAL RIGID LINK ENVELOPES; TOLERANCE/COVERS/CABLES/TRACKING ERROR OPEN,NO MOTION OR SAFETY CREDIT
P02_LEFT_WEIGHT_TRANSFER,L_shoulder_pitch_link,R_foot,541.900863,0.000000,NO,PASS,NOMINAL RIGID LINK ENVELOPES; TOLERANCE/COVERS/CABLES/TRACKING ERROR OPEN,NO MOTION OR SAFETY CREDIT
P02_LEFT_WEIGHT_TRANSFER,L_shoulder_pitch_link,R_forearm,261.928429,0.000000,NO,PASS,NOMINAL RIGID LINK ENVELOPES; TOLERANCE/COVERS/CABLES/TRACKING ERROR OPEN,NO MOTION OR SAFETY CREDIT
P02_LEFT_WEIGHT_TRANSFER,L_shoulder_pitch_link,R_gripper,396.080738,0.000000,NO,PASS,NOMINAL RIGID LINK ENVELOPES; TOLERANCE/COVERS/CABLES/TRACKING ERROR OPEN,NO MOTION OR SAFETY CREDIT
P02_LEFT_WEIGHT_TRANSFER,L_shoulder_pitch_link,R_hand,369.471299,0.000000,NO,PASS,NOMINAL RIGID LINK ENVELOPES; TOLERANCE/COVERS/CABLES/TRACKING ERROR OPEN,NO MOTION OR SAFETY CREDIT
P02_LEFT_WEIGHT_TRANSFER,L_shoulder_pitch_link,R_hip_roll_link,182.085416,0.000000,NO,PASS,NOMINAL RIGID LINK ENVELOPES; TOLERANCE/COVERS/CABLES/TRACKING ERROR OPEN,NO MOTION OR SAFETY CREDIT
P02_LEFT_WEIGHT_TRANSFER,L_shoulder_pitch_link,R_hip_yaw_link,179.362855,0.000000,NO,PASS,NOMINAL RIGID LINK ENVELOPES; TOLERANCE/COVERS/CABLES/TRACKING ERROR OPEN,NO MOTION OR SAFETY CREDIT
P02_LEFT_WEIGHT_TRANSFER,L_shoulder_pitch_link,R_shin,432.005244,0.000000,NO,PASS,NOMINAL RIGID LINK ENVELOPES; TOLERANCE/COVERS/CABLES/TRACKING ERROR OPEN,NO MOTION OR SAFETY CREDIT
P02_LEFT_WEIGHT_TRANSFER,L_shoulder_pitch_link,R_shoulder_pitch_link,170.000000,0.000000,NO,PASS,NOMINAL RIGID LINK ENVELOPES; TOLERANCE/COVERS/CABLES/TRACKING ERROR OPEN,NO MOTION OR SAFETY CREDIT
P02_LEFT_WEIGHT_TRANSFER,L_shoulder_pitch_link,R_thigh,199.599348,0.000000,NO,PASS,NOMINAL RIGID LINK ENVELOPES; TOLERANCE/COVERS/CABLES/TRACKING ERROR OPEN,NO MOTION OR SAFETY CREDIT
P02_LEFT_WEIGHT_TRANSFER,L_shoulder_pitch_link,R_upper_arm,170.529941,0.000000,NO,PASS,NOMINAL RIGID LINK ENVELOPES; TOLERANCE/COVERS/CABLES/TRACKING ERROR OPEN,NO MOTION OR SAFETY CREDIT
P02_LEFT_WEIGHT_TRANSFER,L_shoulder_pitch_link,base_link,127.751306,0.000000,NO,PASS,NOMINAL RIGID LINK ENVELOPES; TOLERANCE/COVERS/CABLES/TRACKING ERROR OPEN,NO MOTION OR SAFETY CREDIT
P02_LEFT_WEIGHT_TRANSFER,L_shoulder_pitch_link,head,41.105313,0.000000,NO,PASS,NOMINAL RIGID LINK ENVELOPES; TOLERANCE/COVERS/CABLES/TRACKING ERROR OPEN,NO MOTION OR SAFETY CREDIT
P02_LEFT_WEIGHT_TRANSFER,L_shoulder_pitch_link,neck_pan_link,59.716000,0.000000,NO,PASS,NOMINAL RIGID LINK ENVELOPES; TOLERANCE/COVERS/CABLES/TRACKING ERROR OPEN,NO MOTION OR SAFETY CREDIT
P02_LEFT_WEIGHT_TRANSFER,L_thigh,L_upper_arm,57.578633,0.000000,NO,PASS,NOMINAL RIGID LINK ENVELOPES; TOLERANCE/COVERS/CABLES/TRACKING ERROR OPEN,NO MOTION OR SAFETY CREDIT
P02_LEFT_WEIGHT_TRANSFER,L_thigh,R_ankle_pitch_link,181.727165,0.000000,NO,PASS,NOMINAL RIGID LINK ENVELOPES; TOLERANCE/COVERS/CABLES/TRACKING ERROR OPEN,NO MOTION OR SAFETY CREDIT
P02_LEFT_WEIGHT_TRANSFER,L_thigh,R_foot,220.791674,0.000000,NO,PASS,NOMINAL RIGID LINK ENVELOPES; TOLERANCE/COVERS/CABLES/TRACKING ERROR OPEN,NO MOTION OR SAFETY CREDIT
P02_LEFT_WEIGHT_TRANSFER,L_thigh,R_forearm,154.982384,0.000000,NO,PASS,NOMINAL RIGID LINK ENVELOPES; TOLERANCE/COVERS/CABLES/TRACKING ERROR OPEN,NO MOTION OR SAFETY CREDIT
P02_LEFT_WEIGHT_TRANSFER,L_thigh,R_gripper,202.150053,0.000000,NO,PASS,NOMINAL RIGID LINK ENVELOPES; TOLERANCE/COVERS/CABLES/TRACKING ERROR OPEN,NO MOTION OR SAFETY CREDIT
P02_LEFT_WEIGHT_TRANSFER,L_thigh,R_hand,188.493624,0.000000,NO,PASS,NOMINAL RIGID LINK ENVELOPES; TOLERANCE/COVERS/CABLES/TRACKING ERROR OPEN,NO MOTION OR SAFETY CREDIT
P02_LEFT_WEIGHT_TRANSFER,L_thigh,R_hip_roll_link,55.253983,0.000000,NO,PASS,NOMINAL RIGID LINK ENVELOPES; TOLERANCE/COVERS/CABLES/TRACKING ERROR OPEN,NO MOTION OR SAFETY CREDIT
P02_LEFT_WEIGHT_TRANSFER,L_thigh,R_hip_yaw_link,54.504905,0.000000,NO,PASS,NOMINAL RIGID LINK ENVELOPES; TOLERANCE/COVERS/CABLES/TRACKING ERROR OPEN,NO MOTION OR SAFETY CREDIT
P02_LEFT_WEIGHT_TRANSFER,L_thigh,R_shin,116.963111,0.000000,NO,PASS,NOMINAL RIGID LINK ENVELOPES; TOLERANCE/COVERS/CABLES/TRACKING ERROR OPEN,NO MOTION OR SAFETY CREDIT
P02_LEFT_WEIGHT_TRANSFER,L_thigh,R_shoulder_pitch_link,186.195104,0.000000,NO,PASS,NOMINAL RIGID LINK ENVELOPES; TOLERANCE/COVERS/CABLES/TRACKING ERROR OPEN,NO MOTION OR SAFETY CREDIT
P02_LEFT_WEIGHT_TRANSFER,L_thigh,R_thigh,49.626983,0.000000,NO,PASS,NOMINAL RIGID LINK ENVELOPES; TOLERANCE/COVERS/CABLES/TRACKING ERROR OPEN,NO MOTION OR SAFETY CREDIT
P02_LEFT_WEIGHT_TRANSFER,L_thigh,R_upper_arm,97.506686,0.000000,NO,PASS,NOMINAL RIGID LINK ENVELOPES; TOLERANCE/COVERS/CABLES/TRACKING ERROR OPEN,NO MOTION OR SAFETY CREDIT
P02_LEFT_WEIGHT_TRANSFER,L_thigh,head,257.255116,0.000000,NO,PASS,NOMINAL RIGID LINK ENVELOPES; TOLERANCE/COVERS/CABLES/TRACKING ERROR OPEN,NO MOTION OR SAFETY CREDIT
P02_LEFT_WEIGHT_TRANSFER,L_thigh,neck_pan_link,209.754116,0.000000,NO,PASS,NOMINAL RIGID LINK ENVELOPES; TOLERANCE/COVERS/CABLES/TRACKING ERROR OPEN,NO MOTION OR SAFETY CREDIT
P02_LEFT_WEIGHT_TRANSFER,L_thigh,torso,59.288116,0.000000,NO,PASS,NOMINAL RIGID LINK ENVELOPES; TOLERANCE/COVERS/CABLES/TRACKING ERROR OPEN,NO MOTION OR SAFETY CREDIT
P02_LEFT_WEIGHT_TRANSFER,L_upper_arm,R_ankle_pitch_link,387.276639,0.000000,NO,PASS,NOMINAL RIGID LINK ENVELOPES; TOLERANCE/COVERS/CABLES/TRACKING ERROR OPEN,NO MOTION OR SAFETY CREDIT
P02_LEFT_WEIGHT_TRANSFER,L_upper_arm,R_foot,426.042962,0.000000,NO,PASS,NOMINAL RIGID LINK ENVELOPES; TOLERANCE/COVERS/CABLES/TRACKING ERROR OPEN,NO MOTION OR SAFETY CREDIT
P02_LEFT_WEIGHT_TRANSFER,L_upper_arm,R_forearm,239.636879,0.000000,NO,PASS,NOMINAL RIGID LINK ENVELOPES; TOLERANCE/COVERS/CABLES/TRACKING ERROR OPEN,NO MOTION OR SAFETY CREDIT
P02_LEFT_WEIGHT_TRANSFER,L_upper_arm,R_gripper,325.055824,0.000000,NO,PASS,NOMINAL RIGID LINK ENVELOPES; TOLERANCE/COVERS/CABLES/TRACKING ERROR OPEN,NO MOTION OR SAFETY CREDIT
P02_LEFT_WEIGHT_TRANSFER,L_upper_arm,R_hand,301.977942,0.000000,NO,PASS,NOMINAL RIGID LINK ENVELOPES; TOLERANCE/COVERS/CABLES/TRACKING ERROR OPEN,NO MOTION OR SAFETY CREDIT
P02_LEFT_WEIGHT_TRANSFER,L_upper_arm,R_hip_roll_link,120.429214,0.000000,NO,PASS,NOMINAL RIGID LINK ENVELOPES; TOLERANCE/COVERS/CABLES/TRACKING ERROR OPEN,NO MOTION OR SAFETY CREDIT
P02_LEFT_WEIGHT_TRANSFER,L_upper_arm,R_hip_yaw_link,121.874027,0.000000,NO,PASS,NOMINAL RIGID LINK ENVELOPES; TOLERANCE/COVERS/CABLES/TRACKING ERROR OPEN,NO MOTION OR SAFETY CREDIT
P02_LEFT_WEIGHT_TRANSFER,L_upper_arm,R_shin,320.754503,0.000000,NO,PASS,NOMINAL RIGID LINK ENVELOPES; TOLERANCE/COVERS/CABLES/TRACKING ERROR OPEN,NO MOTION OR SAFETY CREDIT
P02_LEFT_WEIGHT_TRANSFER,L_upper_arm,R_shoulder_pitch_link,173.437077,0.000000,NO,PASS,NOMINAL RIGID LINK ENVELOPES; TOLERANCE/COVERS/CABLES/TRACKING ERROR OPEN,NO MOTION OR SAFETY CREDIT
P02_LEFT_WEIGHT_TRANSFER,L_upper_arm,R_thigh,124.273788,0.000000,NO,PASS,NOMINAL RIGID LINK ENVELOPES; TOLERANCE/COVERS/CABLES/TRACKING ERROR OPEN,NO MOTION OR SAFETY CREDIT
P02_LEFT_WEIGHT_TRANSFER,L_upper_arm,R_upper_arm,173.967018,0.000000,NO,PASS,NOMINAL RIGID LINK ENVELOPES; TOLERANCE/COVERS/CABLES/TRACKING ERROR OPEN,NO MOTION OR SAFETY CREDIT
P02_LEFT_WEIGHT_TRANSFER,L_upper_arm,base_link,45.363452,0.000000,NO,PASS,NOMINAL RIGID LINK ENVELOPES; TOLERANCE/COVERS/CABLES/TRACKING ERROR OPEN,NO MOTION OR SAFETY CREDIT
P02_LEFT_WEIGHT_TRANSFER,L_upper_arm,head,63.724059,0.000000,NO,PASS,NOMINAL RIGID LINK ENVELOPES; TOLERANCE/COVERS/CABLES/TRACKING ERROR OPEN,NO MOTION OR SAFETY CREDIT
P02_LEFT_WEIGHT_TRANSFER,L_upper_arm,neck_pan_link,64.738925,0.000000,NO,PASS,NOMINAL RIGID LINK ENVELOPES; TOLERANCE/COVERS/CABLES/TRACKING ERROR OPEN,NO MOTION OR SAFETY CREDIT
P02_LEFT_WEIGHT_TRANSFER,R_ankle_pitch_link,R_forearm,209.952940,0.000000,NO,PASS,NOMINAL RIGID LINK ENVELOPES; TOLERANCE/COVERS/CABLES/TRACKING ERROR OPEN,NO MOTION OR SAFETY CREDIT
P02_LEFT_WEIGHT_TRANSFER,R_ankle_pitch_link,R_gripper,140.320835,0.000000,NO,PASS,NOMINAL RIGID LINK ENVELOPES; TOLERANCE/COVERS/CABLES/TRACKING ERROR OPEN,NO MOTION OR SAFETY CREDIT
P02_LEFT_WEIGHT_TRANSFER,R_ankle_pitch_link,R_hand,167.334977,0.000000,NO,PASS,NOMINAL RIGID LINK ENVELOPES; TOLERANCE/COVERS/CABLES/TRACKING ERROR OPEN,NO MOTION OR SAFETY CREDIT
P02_LEFT_WEIGHT_TRANSFER,R_ankle_pitch_link,R_hip_roll_link,285.684511,0.000000,NO,PASS,NOMINAL RIGID LINK ENVELOPES; TOLERANCE/COVERS/CABLES/TRACKING ERROR OPEN,NO MOTION OR SAFETY CREDIT
P02_LEFT_WEIGHT_TRANSFER,R_ankle_pitch_link,R_hip_yaw_link,298.351809,0.000000,NO,PASS,NOMINAL RIGID LINK ENVELOPES; TOLERANCE/COVERS/CABLES/TRACKING ERROR OPEN,NO MOTION OR SAFETY CREDIT
P02_LEFT_WEIGHT_TRANSFER,R_ankle_pitch_link,R_shoulder_pitch_link,473.519809,0.000000,NO,PASS,NOMINAL RIGID LINK ENVELOPES; TOLERANCE/COVERS/CABLES/TRACKING ERROR OPEN,NO MOTION OR SAFETY CREDIT
P02_LEFT_WEIGHT_TRANSFER,R_ankle_pitch_link,R_thigh,162.370130,0.000000,NO,PASS,NOMINAL RIGID LINK ENVELOPES; TOLERANCE/COVERS/CABLES/TRACKING ERROR OPEN,NO MOTION OR SAFETY CREDIT
P02_LEFT_WEIGHT_TRANSFER,R_ankle_pitch_link,R_upper_arm,348.980481,0.000000,NO,PASS,NOMINAL RIGID LINK ENVELOPES; TOLERANCE/COVERS/CABLES/TRACKING ERROR OPEN,NO MOTION OR SAFETY CREDIT
P02_LEFT_WEIGHT_TRANSFER,R_ankle_pitch_link,base_link,276.217809,0.000000,NO,PASS,NOMINAL RIGID LINK ENVELOPES; TOLERANCE/COVERS/CABLES/TRACKING ERROR OPEN,NO MOTION OR SAFETY CREDIT
P02_LEFT_WEIGHT_TRANSFER,R_ankle_pitch_link,head,567.110029,0.000000,NO,PASS,NOMINAL RIGID LINK ENVELOPES; TOLERANCE/COVERS/CABLES/TRACKING ERROR OPEN,NO MOTION OR SAFETY CREDIT
P02_LEFT_WEIGHT_TRANSFER,R_ankle_pitch_link,neck_pan_link,521.924855,0.000000,NO,PASS,NOMINAL RIGID LINK ENVELOPES; TOLERANCE/COVERS/CABLES/TRACKING ERROR OPEN,NO MOTION OR SAFETY CREDIT
P02_LEFT_WEIGHT_TRANSFER,R_ankle_pitch_link,torso,369.142809,0.000000,NO,PASS,NOMINAL RIGID LINK ENVELOPES; TOLERANCE/COVERS/CABLES/TRACKING ERROR OPEN,NO MOTION OR SAFETY CREDIT
P02_LEFT_WEIGHT_TRANSFER,R_foot,R_forearm,255.750713,0.000000,NO,PASS,NOMINAL RIGID LINK ENVELOPES; TOLERANCE/COVERS/CABLES/TRACKING ERROR OPEN,NO MOTION OR SAFETY CREDIT
P02_LEFT_WEIGHT_TRANSFER,R_foot,R_gripper,181.443815,0.000000,NO,PASS,NOMINAL RIGID LINK ENVELOPES; TOLERANCE/COVERS/CABLES/TRACKING ERROR OPEN,NO MOTION OR SAFETY CREDIT
P02_LEFT_WEIGHT_TRANSFER,R_foot,R_hand,210.844787,0.000000,NO,PASS,NOMINAL RIGID LINK ENVELOPES; TOLERANCE/COVERS/CABLES/TRACKING ERROR OPEN,NO MOTION OR SAFETY CREDIT
P02_LEFT_WEIGHT_TRANSFER,R_foot,R_hip_roll_link,331.490269,0.000000,NO,PASS,NOMINAL RIGID LINK ENVELOPES; TOLERANCE/COVERS/CABLES/TRACKING ERROR OPEN,NO MOTION OR SAFETY CREDIT
P02_LEFT_WEIGHT_TRANSFER,R_foot,R_hip_yaw_link,344.157568,0.000000,NO,PASS,NOMINAL RIGID LINK ENVELOPES; TOLERANCE/COVERS/CABLES/TRACKING ERROR OPEN,NO MOTION OR SAFETY CREDIT
P02_LEFT_WEIGHT_TRANSFER,R_foot,R_shoulder_pitch_link,519.325568,0.000000,NO,PASS,NOMINAL RIGID LINK ENVELOPES; TOLERANCE/COVERS/CABLES/TRACKING ERROR OPEN,NO MOTION OR SAFETY CREDIT
P02_LEFT_WEIGHT_TRANSFER,R_foot,R_thigh,208.175888,0.000000,NO,PASS,NOMINAL RIGID LINK ENVELOPES; TOLERANCE/COVERS/CABLES/TRACKING ERROR OPEN,NO MOTION OR SAFETY CREDIT
P02_LEFT_WEIGHT_TRANSFER,R_foot,R_upper_arm,394.786240,0.000000,NO,PASS,NOMINAL RIGID LINK ENVELOPES; TOLERANCE/COVERS/CABLES/TRACKING ERROR OPEN,NO MOTION OR SAFETY CREDIT
P02_LEFT_WEIGHT_TRANSFER,R_foot,base_link,322.023568,0.000000,NO,PASS,NOMINAL RIGID LINK ENVELOPES; TOLERANCE/COVERS/CABLES/TRACKING ERROR OPEN,NO MOTION OR SAFETY CREDIT
P02_LEFT_WEIGHT_TRANSFER,R_foot,head,612.915568,0.000000,NO,PASS,NOMINAL RIGID LINK ENVELOPES; TOLERANCE/COVERS/CABLES/TRACKING ERROR OPEN,NO MOTION OR SAFETY CREDIT
P02_LEFT_WEIGHT_TRANSFER,R_foot,neck_pan_link,566.903923,0.000000,NO,PASS,NOMINAL RIGID LINK ENVELOPES; TOLERANCE/COVERS/CABLES/TRACKING ERROR OPEN,NO MOTION OR SAFETY CREDIT
P02_LEFT_WEIGHT_TRANSFER,R_foot,torso,414.948568,0.000000,NO,PASS,NOMINAL RIGID LINK ENVELOPES; TOLERANCE/COVERS/CABLES/TRACKING ERROR OPEN,NO MOTION OR SAFETY CREDIT
P02_LEFT_WEIGHT_TRANSFER,R_forearm,R_gripper,23.673000,0.000000,NO,PASS,NOMINAL RIGID LINK ENVELOPES; TOLERANCE/COVERS/CABLES/TRACKING ERROR OPEN,NO MOTION OR SAFETY CREDIT
P02_LEFT_WEIGHT_TRANSFER,R_forearm,R_hip_roll_link,56.219439,0.000000,NO,PASS,NOMINAL RIGID LINK ENVELOPES; TOLERANCE/COVERS/CABLES/TRACKING ERROR OPEN,NO MOTION OR SAFETY CREDIT
P02_LEFT_WEIGHT_TRANSFER,R_forearm,R_hip_yaw_link,58.298802,0.000000,NO,PASS,NOMINAL RIGID LINK ENVELOPES; TOLERANCE/COVERS/CABLES/TRACKING ERROR OPEN,NO MOTION OR SAFETY CREDIT
P02_LEFT_WEIGHT_TRANSFER,R_forearm,R_shin,140.922850,0.000000,NO,PASS,NOMINAL RIGID LINK ENVELOPES; TOLERANCE/COVERS/CABLES/TRACKING ERROR OPEN,NO MOTION OR SAFETY CREDIT
P02_LEFT_WEIGHT_TRANSFER,R_forearm,R_shoulder_pitch_link,116.200625,0.000000,NO,PASS,NOMINAL RIGID LINK ENVELOPES; TOLERANCE/COVERS/CABLES/TRACKING ERROR OPEN,NO MOTION OR SAFETY CREDIT
P02_LEFT_WEIGHT_TRANSFER,R_forearm,R_thigh,56.459236,0.000000,NO,PASS,NOMINAL RIGID LINK ENVELOPES; TOLERANCE/COVERS/CABLES/TRACKING ERROR OPEN,NO MOTION OR SAFETY CREDIT
P02_LEFT_WEIGHT_TRANSFER,R_forearm,base_link,70.494802,0.000000,NO,PASS,NOMINAL RIGID LINK ENVELOPES; TOLERANCE/COVERS/CABLES/TRACKING ERROR OPEN,NO MOTION OR SAFETY CREDIT
P02_LEFT_WEIGHT_TRANSFER,R_forearm,head,219.595545,0.000000,NO,PASS,NOMINAL RIGID LINK ENVELOPES; TOLERANCE/COVERS/CABLES/TRACKING ERROR OPEN,NO MOTION OR SAFETY CREDIT
P02_LEFT_WEIGHT_TRANSFER,R_forearm,neck_pan_link,200.942685,0.000000,NO,PASS,NOMINAL RIGID LINK ENVELOPES; TOLERANCE/COVERS/CABLES/TRACKING ERROR OPEN,NO MOTION OR SAFETY CREDIT
P02_LEFT_WEIGHT_TRANSFER,R_forearm,torso,56.202018,0.000000,NO,PASS,NOMINAL RIGID LINK ENVELOPES; TOLERANCE/COVERS/CABLES/TRACKING ERROR OPEN,NO MOTION OR SAFETY CREDIT
P02_LEFT_WEIGHT_TRANSFER,R_gripper,R_hip_roll_link,136.353340,0.000000,NO,PASS,NOMINAL RIGID LINK ENVELOPES; TOLERANCE/COVERS/CABLES/TRACKING ERROR OPEN,NO MOTION OR SAFETY CREDIT
P02_LEFT_WEIGHT_TRANSFER,R_gripper,R_hip_yaw_link,146.421447,0.000000,NO,PASS,NOMINAL RIGID LINK ENVELOPES; TOLERANCE/COVERS/CABLES/TRACKING ERROR OPEN,NO MOTION OR SAFETY CREDIT
P02_LEFT_WEIGHT_TRANSFER,R_gripper,R_shin,76.900363,0.000000,NO,PASS,NOMINAL RIGID LINK ENVELOPES; TOLERANCE/COVERS/CABLES/TRACKING ERROR OPEN,NO MOTION OR SAFETY CREDIT
P02_LEFT_WEIGHT_TRANSFER,R_gripper,R_shoulder_pitch_link,286.296372,0.000000,NO,PASS,NOMINAL RIGID LINK ENVELOPES; TOLERANCE/COVERS/CABLES/TRACKING ERROR OPEN,NO MOTION OR SAFETY CREDIT
P02_LEFT_WEIGHT_TRANSFER,R_gripper,R_thigh,77.150053,0.000000,NO,PASS,NOMINAL RIGID LINK ENVELOPES; TOLERANCE/COVERS/CABLES/TRACKING ERROR OPEN,NO MOTION OR SAFETY CREDIT
P02_LEFT_WEIGHT_TRANSFER,R_gripper,R_upper_arm,155.674568,0.000000,NO,PASS,NOMINAL RIGID LINK ENVELOPES; TOLERANCE/COVERS/CABLES/TRACKING ERROR OPEN,NO MOTION OR SAFETY CREDIT
P02_LEFT_WEIGHT_TRANSFER,R_gripper,base_link,141.965564,0.000000,NO,PASS,NOMINAL RIGID LINK ENVELOPES; TOLERANCE/COVERS/CABLES/TRACKING ERROR OPEN,NO MOTION OR SAFETY CREDIT
P02_LEFT_WEIGHT_TRANSFER,R_gripper,head,389.603890,0.000000,NO,PASS,NOMINAL RIGID LINK ENVELOPES; TOLERANCE/COVERS/CABLES/TRACKING ERROR OPEN,NO MOTION OR SAFETY CREDIT
P02_LEFT_WEIGHT_TRANSFER,R_gripper,neck_pan_link,364.688385,0.000000,NO,PASS,NOMINAL RIGID LINK ENVELOPES; TOLERANCE/COVERS/CABLES/TRACKING ERROR OPEN,NO MOTION OR SAFETY CREDIT
P02_LEFT_WEIGHT_TRANSFER,R_gripper,torso,200.621694,0.000000,NO,PASS,NOMINAL RIGID LINK ENVELOPES; TOLERANCE/COVERS/CABLES/TRACKING ERROR OPEN,NO MOTION OR SAFETY CREDIT
P02_LEFT_WEIGHT_TRANSFER,R_hand,R_hip_roll_link,110.613553,0.000000,NO,PASS,NOMINAL RIGID LINK ENVELOPES; TOLERANCE/COVERS/CABLES/TRACKING ERROR OPEN,NO MOTION OR SAFETY CREDIT
P02_LEFT_WEIGHT_TRANSFER,R_hand,R_hip_yaw_link,120.049991,0.000000,NO,PASS,NOMINAL RIGID LINK ENVELOPES; TOLERANCE/COVERS/CABLES/TRACKING ERROR OPEN,NO MOTION OR SAFETY CREDIT
P02_LEFT_WEIGHT_TRANSFER,R_hand,R_shin,99.551976,0.000000,NO,PASS,NOMINAL RIGID LINK ENVELOPES; TOLERANCE/COVERS/CABLES/TRACKING ERROR OPEN,NO MOTION OR SAFETY CREDIT
P02_LEFT_WEIGHT_TRANSFER,R_hand,R_shoulder_pitch_link,259.481026,0.000000,NO,PASS,NOMINAL RIGID LINK ENVELOPES; TOLERANCE/COVERS/CABLES/TRACKING ERROR OPEN,NO MOTION OR SAFETY CREDIT
P02_LEFT_WEIGHT_TRANSFER,R_hand,R_thigh,63.493624,0.000000,NO,PASS,NOMINAL RIGID LINK ENVELOPES; TOLERANCE/COVERS/CABLES/TRACKING ERROR OPEN,NO MOTION OR SAFETY CREDIT
P02_LEFT_WEIGHT_TRANSFER,R_hand,R_upper_arm,129.390361,0.000000,NO,PASS,NOMINAL RIGID LINK ENVELOPES; TOLERANCE/COVERS/CABLES/TRACKING ERROR OPEN,NO MOTION OR SAFETY CREDIT
P02_LEFT_WEIGHT_TRANSFER,R_hand,base_link,117.753929,0.000000,NO,PASS,NOMINAL RIGID LINK ENVELOPES; TOLERANCE/COVERS/CABLES/TRACKING ERROR OPEN,NO MOTION OR SAFETY CREDIT
P02_LEFT_WEIGHT_TRANSFER,R_hand,head,362.382045,0.000000,NO,PASS,NOMINAL RIGID LINK ENVELOPES; TOLERANCE/COVERS/CABLES/TRACKING ERROR OPEN,NO MOTION OR SAFETY CREDIT
P02_LEFT_WEIGHT_TRANSFER,R_hand,neck_pan_link,336.897884,0.000000,NO,PASS,NOMINAL RIGID LINK ENVELOPES; TOLERANCE/COVERS/CABLES/TRACKING ERROR OPEN,NO MOTION OR SAFETY CREDIT
P02_LEFT_WEIGHT_TRANSFER,R_hand,torso,172.827170,0.000000,NO,PASS,NOMINAL RIGID LINK ENVELOPES; TOLERANCE/COVERS/CABLES/TRACKING ERROR OPEN,NO MOTION OR SAFETY CREDIT
P02_LEFT_WEIGHT_TRANSFER,R_hip_roll_link,R_shin,216.662406,0.000000,NO,PASS,NOMINAL RIGID LINK ENVELOPES; TOLERANCE/COVERS/CABLES/TRACKING ERROR OPEN,NO MOTION OR SAFETY CREDIT
P02_LEFT_WEIGHT_TRANSFER,R_hip_roll_link,R_shoulder_pitch_link,140.500701,0.000000,NO,PASS,NOMINAL RIGID LINK ENVELOPES; TOLERANCE/COVERS/CABLES/TRACKING ERROR OPEN,NO MOTION OR SAFETY CREDIT
P02_LEFT_WEIGHT_TRANSFER,R_hip_roll_link,R_upper_arm,32.699993,0.000000,NO,PASS,NOMINAL RIGID LINK ENVELOPES; TOLERANCE/COVERS/CABLES/TRACKING ERROR OPEN,NO MOTION OR SAFETY CREDIT
P02_LEFT_WEIGHT_TRANSFER,R_hip_roll_link,head,234.090701,0.000000,NO,PASS,NOMINAL RIGID LINK ENVELOPES; TOLERANCE/COVERS/CABLES/TRACKING ERROR OPEN,NO MOTION OR SAFETY CREDIT
P02_LEFT_WEIGHT_TRANSFER,R_hip_roll_link,neck_pan_link,186.601582,0.000000,NO,PASS,NOMINAL RIGID LINK ENVELOPES; TOLERANCE/COVERS/CABLES/TRACKING ERROR OPEN,NO MOTION OR SAFETY CREDIT
P02_LEFT_WEIGHT_TRANSFER,R_hip_roll_link,torso,36.123701,0.000000,NO,PASS,NOMINAL RIGID LINK ENVELOPES; TOLERANCE/COVERS/CABLES/TRACKING ERROR OPEN,NO MOTION OR SAFETY CREDIT
P02_LEFT_WEIGHT_TRANSFER,R_hip_yaw_link,R_shin,229.329705,0.000000,NO,PASS,NOMINAL RIGID LINK ENVELOPES; TOLERANCE/COVERS/CABLES/TRACKING ERROR OPEN,NO MOTION OR SAFETY CREDIT
P02_LEFT_WEIGHT_TRANSFER,R_hip_yaw_link,R_shoulder_pitch_link,135.168000,0.000000,NO,PASS,NOMINAL RIGID LINK ENVELOPES; TOLERANCE/COVERS/CABLES/TRACKING ERROR OPEN,NO MOTION OR SAFETY CREDIT
P02_LEFT_WEIGHT_TRANSFER,R_hip_yaw_link,R_upper_arm,27.475732,0.000000,NO,PASS,NOMINAL RIGID LINK ENVELOPES; TOLERANCE/COVERS/CABLES/TRACKING ERROR OPEN,NO MOTION OR SAFETY CREDIT
P02_LEFT_WEIGHT_TRANSFER,R_hip_yaw_link,head,228.758000,0.000000,NO,PASS,NOMINAL RIGID LINK ENVELOPES; TOLERANCE/COVERS/CABLES/TRACKING ERROR OPEN,NO MOTION OR SAFETY CREDIT
P02_LEFT_WEIGHT_TRANSFER,R_hip_yaw_link,neck_pan_link,181.305307,0.000000,NO,PASS,NOMINAL RIGID LINK ENVELOPES; TOLERANCE/COVERS/CABLES/TRACKING ERROR OPEN,NO MOTION OR SAFETY CREDIT
P02_LEFT_WEIGHT_TRANSFER,R_hip_yaw_link,torso,30.791000,0.000000,NO,PASS,NOMINAL RIGID LINK ENVELOPES; TOLERANCE/COVERS/CABLES/TRACKING ERROR OPEN,NO MOTION OR SAFETY CREDIT
P02_LEFT_WEIGHT_TRANSFER,R_shin,R_shoulder_pitch_link,404.497705,0.000000,NO,PASS,NOMINAL RIGID LINK ENVELOPES; TOLERANCE/COVERS/CABLES/TRACKING ERROR OPEN,NO MOTION OR SAFETY CREDIT
P02_LEFT_WEIGHT_TRANSFER,R_shin,R_upper_arm,279.958377,0.000000,NO,PASS,NOMINAL RIGID LINK ENVELOPES; TOLERANCE/COVERS/CABLES/TRACKING ERROR OPEN,NO MOTION OR SAFETY CREDIT
P02_LEFT_WEIGHT_TRANSFER,R_shin,base_link,207.195705,0.000000,NO,PASS,NOMINAL RIGID LINK ENVELOPES; TOLERANCE/COVERS/CABLES/TRACKING ERROR OPEN,NO MOTION OR SAFETY CREDIT
P02_LEFT_WEIGHT_TRANSFER,R_shin,head,498.087705,0.000000,NO,PASS,NOMINAL RIGID LINK ENVELOPES; TOLERANCE/COVERS/CABLES/TRACKING ERROR OPEN,NO MOTION OR SAFETY CREDIT
P02_LEFT_WEIGHT_TRANSFER,R_shin,neck_pan_link,452.184115,0.000000,NO,PASS,NOMINAL RIGID LINK ENVELOPES; TOLERANCE/COVERS/CABLES/TRACKING ERROR OPEN,NO MOTION OR SAFETY CREDIT
P02_LEFT_WEIGHT_TRANSFER,R_shin,torso,300.120705,0.000000,NO,PASS,NOMINAL RIGID LINK ENVELOPES; TOLERANCE/COVERS/CABLES/TRACKING ERROR OPEN,NO MOTION OR SAFETY CREDIT
P02_LEFT_WEIGHT_TRANSFER,R_shoulder_pitch_link,R_thigh,163.665116,0.000000,NO,PASS,NOMINAL RIGID LINK ENVELOPES; TOLERANCE/COVERS/CABLES/TRACKING ERROR OPEN,NO MOTION OR SAFETY CREDIT
P02_LEFT_WEIGHT_TRANSFER,R_shoulder_pitch_link,base_link,127.374433,0.000000,NO,PASS,NOMINAL RIGID LINK ENVELOPES; TOLERANCE/COVERS/CABLES/TRACKING ERROR OPEN,NO MOTION OR SAFETY CREDIT
P02_LEFT_WEIGHT_TRANSFER,R_shoulder_pitch_link,head,39.191231,0.000000,NO,PASS,NOMINAL RIGID LINK ENVELOPES; TOLERANCE/COVERS/CABLES/TRACKING ERROR OPEN,NO MOTION OR SAFETY CREDIT
P02_LEFT_WEIGHT_TRANSFER,R_shoulder_pitch_link,neck_pan_link,56.284000,0.000000,NO,PASS,NOMINAL RIGID LINK ENVELOPES; TOLERANCE/COVERS/CABLES/TRACKING ERROR OPEN,NO MOTION OR SAFETY CREDIT
P02_LEFT_WEIGHT_TRANSFER,R_thigh,R_upper_arm,44.528207,0.000000,NO,PASS,NOMINAL RIGID LINK ENVELOPES; TOLERANCE/COVERS/CABLES/TRACKING ERROR OPEN,NO MOTION OR SAFETY CREDIT
P02_LEFT_WEIGHT_TRANSFER,R_thigh,head,257.255116,0.000000,NO,PASS,NOMINAL RIGID LINK ENVELOPES; TOLERANCE/COVERS/CABLES/TRACKING ERROR OPEN,NO MOTION OR SAFETY CREDIT
P02_LEFT_WEIGHT_TRANSFER,R_thigh,neck_pan_link,209.754802,0.000000,NO,PASS,NOMINAL RIGID LINK ENVELOPES; TOLERANCE/COVERS/CABLES/TRACKING ERROR OPEN,NO MOTION OR SAFETY CREDIT
P02_LEFT_WEIGHT_TRANSFER,R_thigh,torso,59.288116,0.000000,NO,PASS,NOMINAL RIGID LINK ENVELOPES; TOLERANCE/COVERS/CABLES/TRACKING ERROR OPEN,NO MOTION OR SAFETY CREDIT
P02_LEFT_WEIGHT_TRANSFER,R_upper_arm,base_link,36.219314,0.000000,NO,PASS,NOMINAL RIGID LINK ENVELOPES; TOLERANCE/COVERS/CABLES/TRACKING ERROR OPEN,NO MOTION OR SAFETY CREDIT
P02_LEFT_WEIGHT_TRANSFER,R_upper_arm,head,63.066022,0.000000,NO,PASS,NOMINAL RIGID LINK ENVELOPES; TOLERANCE/COVERS/CABLES/TRACKING ERROR OPEN,NO MOTION OR SAFETY CREDIT
P02_LEFT_WEIGHT_TRANSFER,R_upper_arm,neck_pan_link,58.768347,0.000000,NO,PASS,NOMINAL RIGID LINK ENVELOPES; TOLERANCE/COVERS/CABLES/TRACKING ERROR OPEN,NO MOTION OR SAFETY CREDIT
P02_LEFT_WEIGHT_TRANSFER,base_link,head,220.892000,0.000000,NO,PASS,NOMINAL RIGID LINK ENVELOPES; TOLERANCE/COVERS/CABLES/TRACKING ERROR OPEN,NO MOTION OR SAFETY CREDIT
P02_LEFT_WEIGHT_TRANSFER,base_link,neck_pan_link,173.391000,0.000000,NO,PASS,NOMINAL RIGID LINK ENVELOPES; TOLERANCE/COVERS/CABLES/TRACKING ERROR OPEN,NO MOTION OR SAFETY CREDIT
P02_LEFT_WEIGHT_TRANSFER,head,torso,42.967000,0.000000,NO,PASS,NOMINAL RIGID LINK ENVELOPES; TOLERANCE/COVERS/CABLES/TRACKING ERROR OPEN,NO MOTION OR SAFETY CREDIT
P03_RIGHT_FOOT_LIFT,L_ankle_pitch_link,L_forearm,231.336149,0.000000,NO,PASS,NOMINAL RIGID LINK ENVELOPES; TOLERANCE/COVERS/CABLES/TRACKING ERROR OPEN,NO MOTION OR SAFETY CREDIT
P03_RIGHT_FOOT_LIFT,L_ankle_pitch_link,L_gripper,199.769921,0.000000,NO,PASS,NOMINAL RIGID LINK ENVELOPES; TOLERANCE/COVERS/CABLES/TRACKING ERROR OPEN,NO MOTION OR SAFETY CREDIT
P03_RIGHT_FOOT_LIFT,L_ankle_pitch_link,L_hand,213.186829,0.000000,NO,PASS,NOMINAL RIGID LINK ENVELOPES; TOLERANCE/COVERS/CABLES/TRACKING ERROR OPEN,NO MOTION OR SAFETY CREDIT
P03_RIGHT_FOOT_LIFT,L_ankle_pitch_link,L_hip_roll_link,285.684511,0.000000,NO,PASS,NOMINAL RIGID LINK ENVELOPES; TOLERANCE/COVERS/CABLES/TRACKING ERROR OPEN,NO MOTION OR SAFETY CREDIT
P03_RIGHT_FOOT_LIFT,L_ankle_pitch_link,L_hip_yaw_link,298.351809,0.000000,NO,PASS,NOMINAL RIGID LINK ENVELOPES; TOLERANCE/COVERS/CABLES/TRACKING ERROR OPEN,NO MOTION OR SAFETY CREDIT
P03_RIGHT_FOOT_LIFT,L_ankle_pitch_link,L_shoulder_pitch_link,475.028589,0.000000,NO,PASS,NOMINAL RIGID LINK ENVELOPES; TOLERANCE/COVERS/CABLES/TRACKING ERROR OPEN,NO MOTION OR SAFETY CREDIT
P03_RIGHT_FOOT_LIFT,L_ankle_pitch_link,L_thigh,162.370130,0.000000,NO,PASS,NOMINAL RIGID LINK ENVELOPES; TOLERANCE/COVERS/CABLES/TRACKING ERROR OPEN,NO MOTION OR SAFETY CREDIT
P03_RIGHT_FOOT_LIFT,L_ankle_pitch_link,L_upper_arm,352.194958,0.000000,NO,PASS,NOMINAL RIGID LINK ENVELOPES; TOLERANCE/COVERS/CABLES/TRACKING ERROR OPEN,NO MOTION OR SAFETY CREDIT
P03_RIGHT_FOOT_LIFT,L_ankle_pitch_link,R_ankle_pitch_link,52.379800,0.000000,NO,PASS,NOMINAL RIGID LINK ENVELOPES; TOLERANCE/COVERS/CABLES/TRACKING ERROR OPEN,NO MOTION OR SAFETY CREDIT
P03_RIGHT_FOOT_LIFT,L_ankle_pitch_link,R_foot,44.331352,0.000000,NO,PASS,NOMINAL RIGID LINK ENVELOPES; TOLERANCE/COVERS/CABLES/TRACKING ERROR OPEN,NO MOTION OR SAFETY CREDIT
P03_RIGHT_FOOT_LIFT,L_ankle_pitch_link,R_forearm,245.281494,0.000000,NO,PASS,NOMINAL RIGID LINK ENVELOPES; TOLERANCE/COVERS/CABLES/TRACKING ERROR OPEN,NO MOTION OR SAFETY CREDIT
P03_RIGHT_FOOT_LIFT,L_ankle_pitch_link,R_gripper,218.093165,0.000000,NO,PASS,NOMINAL RIGID LINK ENVELOPES; TOLERANCE/COVERS/CABLES/TRACKING ERROR OPEN,NO MOTION OR SAFETY CREDIT
P03_RIGHT_FOOT_LIFT,L_ankle_pitch_link,R_hand,229.044928,0.000000,NO,PASS,NOMINAL RIGID LINK ENVELOPES; TOLERANCE/COVERS/CABLES/TRACKING ERROR OPEN,NO MOTION OR SAFETY CREDIT
P03_RIGHT_FOOT_LIFT,L_ankle_pitch_link,R_hip_roll_link,285.757380,0.000000,NO,PASS,NOMINAL RIGID LINK ENVELOPES; TOLERANCE/COVERS/CABLES/TRACKING ERROR OPEN,NO MOTION OR SAFETY CREDIT
P03_RIGHT_FOOT_LIFT,L_ankle_pitch_link,R_hip_yaw_link,298.473788,0.000000,NO,PASS,NOMINAL RIGID LINK ENVELOPES; TOLERANCE/COVERS/CABLES/TRACKING ERROR OPEN,NO MOTION OR SAFETY CREDIT
P03_RIGHT_FOOT_LIFT,L_ankle_pitch_link,R_shin,40.629186,0.000000,NO,PASS,NOMINAL RIGID LINK ENVELOPES; TOLERANCE/COVERS/CABLES/TRACKING ERROR OPEN,NO MOTION OR SAFETY CREDIT
P03_RIGHT_FOOT_LIFT,L_ankle_pitch_link,R_shoulder_pitch_link,477.385760,0.000000,NO,PASS,NOMINAL RIGID LINK ENVELOPES; TOLERANCE/COVERS/CABLES/TRACKING ERROR OPEN,NO MOTION OR SAFETY CREDIT
P03_RIGHT_FOOT_LIFT,L_ankle_pitch_link,R_thigh,158.823701,0.000000,NO,PASS,NOMINAL RIGID LINK ENVELOPES; TOLERANCE/COVERS/CABLES/TRACKING ERROR OPEN,NO MOTION OR SAFETY CREDIT
P03_RIGHT_FOOT_LIFT,L_ankle_pitch_link,R_upper_arm,354.299412,0.000000,NO,PASS,NOMINAL RIGID LINK ENVELOPES; TOLERANCE/COVERS/CABLES/TRACKING ERROR OPEN,NO MOTION OR SAFETY CREDIT
P03_RIGHT_FOOT_LIFT,L_ankle_pitch_link,base_link,276.217809,0.000000,NO,PASS,NOMINAL RIGID LINK ENVELOPES; TOLERANCE/COVERS/CABLES/TRACKING ERROR OPEN,NO MOTION OR SAFETY CREDIT
P03_RIGHT_FOOT_LIFT,L_ankle_pitch_link,head,567.109809,0.000000,NO,PASS,NOMINAL RIGID LINK ENVELOPES; TOLERANCE/COVERS/CABLES/TRACKING ERROR OPEN,NO MOTION OR SAFETY CREDIT
P03_RIGHT_FOOT_LIFT,L_ankle_pitch_link,neck_pan_link,519.608809,0.000000,NO,PASS,NOMINAL RIGID LINK ENVELOPES; TOLERANCE/COVERS/CABLES/TRACKING ERROR OPEN,NO MOTION OR SAFETY CREDIT
P03_RIGHT_FOOT_LIFT,L_ankle_pitch_link,torso,369.142809,0.000000,NO,PASS,NOMINAL RIGID LINK ENVELOPES; TOLERANCE/COVERS/CABLES/TRACKING ERROR OPEN,NO MOTION OR SAFETY CREDIT
P03_RIGHT_FOOT_LIFT,L_foot,L_forearm,270.623322,0.000000,NO,PASS,NOMINAL RIGID LINK ENVELOPES; TOLERANCE/COVERS/CABLES/TRACKING ERROR OPEN,NO MOTION OR SAFETY CREDIT
P03_RIGHT_FOOT_LIFT,L_foot,L_gripper,227.367235,0.000000,NO,PASS,NOMINAL RIGID LINK ENVELOPES; TOLERANCE/COVERS/CABLES/TRACKING ERROR OPEN,NO MOTION OR SAFETY CREDIT
P03_RIGHT_FOOT_LIFT,L_foot,L_hand,245.752857,0.000000,NO,PASS,NOMINAL RIGID LINK ENVELOPES; TOLERANCE/COVERS/CABLES/TRACKING ERROR OPEN,NO MOTION OR SAFETY CREDIT
P03_RIGHT_FOOT_LIFT,L_foot,L_hip_roll_link,331.490269,0.000000,NO,PASS,NOMINAL RIGID LINK ENVELOPES; TOLERANCE/COVERS/CABLES/TRACKING ERROR OPEN,NO MOTION OR SAFETY CREDIT
P03_RIGHT_FOOT_LIFT,L_foot,L_hip_yaw_link,344.157568,0.000000,NO,PASS,NOMINAL RIGID LINK ENVELOPES; TOLERANCE/COVERS/CABLES/TRACKING ERROR OPEN,NO MOTION OR SAFETY CREDIT
P03_RIGHT_FOOT_LIFT,L_foot,L_shoulder_pitch_link,520.178834,0.000000,NO,PASS,NOMINAL RIGID LINK ENVELOPES; TOLERANCE/COVERS/CABLES/TRACKING ERROR OPEN,NO MOTION OR SAFETY CREDIT
P03_RIGHT_FOOT_LIFT,L_foot,L_thigh,208.175888,0.000000,NO,PASS,NOMINAL RIGID LINK ENVELOPES; TOLERANCE/COVERS/CABLES/TRACKING ERROR OPEN,NO MOTION OR SAFETY CREDIT
P03_RIGHT_FOOT_LIFT,L_foot,L_upper_arm,396.967014,0.000000,NO,PASS,NOMINAL RIGID LINK ENVELOPES; TOLERANCE/COVERS/CABLES/TRACKING ERROR OPEN,NO MOTION OR SAFETY CREDIT
P03_RIGHT_FOOT_LIFT,L_foot,R_ankle_pitch_link,41.966401,0.000000,NO,PASS,NOMINAL RIGID LINK ENVELOPES; TOLERANCE/COVERS/CABLES/TRACKING ERROR OPEN,NO MOTION OR SAFETY CREDIT
P03_RIGHT_FOOT_LIFT,L_foot,R_foot,33.917953,0.000000,NO,PASS,NOMINAL RIGID LINK ENVELOPES; TOLERANCE/COVERS/CABLES/TRACKING ERROR OPEN,NO MOTION OR SAFETY CREDIT
P03_RIGHT_FOOT_LIFT,L_foot,R_forearm,281.000904,0.000000,NO,PASS,NOMINAL RIGID LINK ENVELOPES; TOLERANCE/COVERS/CABLES/TRACKING ERROR OPEN,NO MOTION OR SAFETY CREDIT
P03_RIGHT_FOOT_LIFT,L_foot,R_gripper,241.232668,0.000000,NO,PASS,NOMINAL RIGID LINK ENVELOPES; TOLERANCE/COVERS/CABLES/TRACKING ERROR OPEN,NO MOTION OR SAFETY CREDIT
P03_RIGHT_FOOT_LIFT,L_foot,R_hand,257.512639,0.000000,NO,PASS,NOMINAL RIGID LINK ENVELOPES; TOLERANCE/COVERS/CABLES/TRACKING ERROR OPEN,NO MOTION OR SAFETY CREDIT
P03_RIGHT_FOOT_LIFT,L_foot,R_hip_roll_link,331.490269,0.000000,NO,PASS,NOMINAL RIGID LINK ENVELOPES; TOLERANCE/COVERS/CABLES/TRACKING ERROR OPEN,NO MOTION OR SAFETY CREDIT
P03_RIGHT_FOOT_LIFT,L_foot,R_hip_yaw_link,344.157568,0.000000,NO,PASS,NOMINAL RIGID LINK ENVELOPES; TOLERANCE/COVERS/CABLES/TRACKING ERROR OPEN,NO MOTION OR SAFETY CREDIT
P03_RIGHT_FOOT_LIFT,L_foot,R_shin,46.741554,0.000000,NO,PASS,NOMINAL RIGID LINK ENVELOPES; TOLERANCE/COVERS/CABLES/TRACKING ERROR OPEN,NO MOTION OR SAFETY CREDIT
P03_RIGHT_FOOT_LIFT,L_foot,R_shoulder_pitch_link,521.747911,0.000000,NO,PASS,NOMINAL RIGID LINK ENVELOPES; TOLERANCE/COVERS/CABLES/TRACKING ERROR OPEN,NO MOTION OR SAFETY CREDIT
P03_RIGHT_FOOT_LIFT,L_foot,R_thigh,204.581011,0.000000,NO,PASS,NOMINAL RIGID LINK ENVELOPES; TOLERANCE/COVERS/CABLES/TRACKING ERROR OPEN,NO MOTION OR SAFETY CREDIT
P03_RIGHT_FOOT_LIFT,L_foot,R_upper_arm,398.034569,0.000000,NO,PASS,NOMINAL RIGID LINK ENVELOPES; TOLERANCE/COVERS/CABLES/TRACKING ERROR OPEN,NO MOTION OR SAFETY CREDIT
P03_RIGHT_FOOT_LIFT,L_foot,base_link,322.023568,0.000000,NO,PASS,NOMINAL RIGID LINK ENVELOPES; TOLERANCE/COVERS/CABLES/TRACKING ERROR OPEN,NO MOTION OR SAFETY CREDIT
P03_RIGHT_FOOT_LIFT,L_foot,head,612.915568,0.000000,NO,PASS,NOMINAL RIGID LINK ENVELOPES; TOLERANCE/COVERS/CABLES/TRACKING ERROR OPEN,NO MOTION OR SAFETY CREDIT
P03_RIGHT_FOOT_LIFT,L_foot,neck_pan_link,565.414568,0.000000,NO,PASS,NOMINAL RIGID LINK ENVELOPES; TOLERANCE/COVERS/CABLES/TRACKING ERROR OPEN,NO MOTION OR SAFETY CREDIT
P03_RIGHT_FOOT_LIFT,L_foot,torso,414.948568,0.000000,NO,PASS,NOMINAL RIGID LINK ENVELOPES; TOLERANCE/COVERS/CABLES/TRACKING ERROR OPEN,NO MOTION OR SAFETY CREDIT
P03_RIGHT_FOOT_LIFT,L_forearm,L_gripper,23.673000,0.000000,NO,PASS,NOMINAL RIGID LINK ENVELOPES; TOLERANCE/COVERS/CABLES/TRACKING ERROR OPEN,NO MOTION OR SAFETY CREDIT
P03_RIGHT_FOOT_LIFT,L_forearm,L_hip_roll_link,52.043727,0.000000,NO,PASS,NOMINAL RIGID LINK ENVELOPES; TOLERANCE/COVERS/CABLES/TRACKING ERROR OPEN,NO MOTION OR SAFETY CREDIT
P03_RIGHT_FOOT_LIFT,L_forearm,L_hip_yaw_link,54.123090,0.000000,NO,PASS,NOMINAL RIGID LINK ENVELOPES; TOLERANCE/COVERS/CABLES/TRACKING ERROR OPEN,NO MOTION OR SAFETY CREDIT
P03_RIGHT_FOOT_LIFT,L_forearm,L_shin,165.343815,0.000000,NO,PASS,NOMINAL RIGID LINK ENVELOPES; TOLERANCE/COVERS/CABLES/TRACKING ERROR OPEN,NO MOTION OR SAFETY CREDIT
P03_RIGHT_FOOT_LIFT,L_forearm,L_shoulder_pitch_link,116.052929,0.000000,NO,PASS,NOMINAL RIGID LINK ENVELOPES; TOLERANCE/COVERS/CABLES/TRACKING ERROR OPEN,NO MOTION OR SAFETY CREDIT
P03_RIGHT_FOOT_LIFT,L_forearm,L_thigh,50.474571,0.000000,NO,PASS,NOMINAL RIGID LINK ENVELOPES; TOLERANCE/COVERS/CABLES/TRACKING ERROR OPEN,NO MOTION OR SAFETY CREDIT
P03_RIGHT_FOOT_LIFT,L_forearm,R_ankle_pitch_link,300.742553,0.000000,NO,PASS,NOMINAL RIGID LINK ENVELOPES; TOLERANCE/COVERS/CABLES/TRACKING ERROR OPEN,NO MOTION OR SAFETY CREDIT
P03_RIGHT_FOOT_LIFT,L_forearm,R_foot,327.885158,0.000000,NO,PASS,NOMINAL RIGID LINK ENVELOPES; TOLERANCE/COVERS/CABLES/TRACKING ERROR OPEN,NO MOTION OR SAFETY CREDIT
P03_RIGHT_FOOT_LIFT,L_forearm,R_forearm,297.421893,0.000000,NO,PASS,NOMINAL RIGID LINK ENVELOPES; TOLERANCE/COVERS/CABLES/TRACKING ERROR OPEN,NO MOTION OR SAFETY CREDIT
P03_RIGHT_FOOT_LIFT,L_forearm,R_gripper,344.808074,0.000000,NO,PASS,NOMINAL RIGID LINK ENVELOPES; TOLERANCE/COVERS/CABLES/TRACKING ERROR OPEN,NO MOTION OR SAFETY CREDIT
P03_RIGHT_FOOT_LIFT,L_forearm,R_hand,330.933133,0.000000,NO,PASS,NOMINAL RIGID LINK ENVELOPES; TOLERANCE/COVERS/CABLES/TRACKING ERROR OPEN,NO MOTION OR SAFETY CREDIT
P03_RIGHT_FOOT_LIFT,L_forearm,R_hip_roll_link,177.043727,0.000000,NO,PASS,NOMINAL RIGID LINK ENVELOPES; TOLERANCE/COVERS/CABLES/TRACKING ERROR OPEN,NO MOTION OR SAFETY CREDIT
P03_RIGHT_FOOT_LIFT,L_forearm,R_hip_yaw_link,179.123090,0.000000,NO,PASS,NOMINAL RIGID LINK ENVELOPES; TOLERANCE/COVERS/CABLES/TRACKING ERROR OPEN,NO MOTION OR SAFETY CREDIT
P03_RIGHT_FOOT_LIFT,L_forearm,R_shin,247.344592,0.000000,NO,PASS,NOMINAL RIGID LINK ENVELOPES; TOLERANCE/COVERS/CABLES/TRACKING ERROR OPEN,NO MOTION OR SAFETY CREDIT
P03_RIGHT_FOOT_LIFT,L_forearm,R_shoulder_pitch_link,257.840184,0.000000,NO,PASS,NOMINAL RIGID LINK ENVELOPES; TOLERANCE/COVERS/CABLES/TRACKING ERROR OPEN,NO MOTION OR SAFETY CREDIT
P03_RIGHT_FOOT_LIFT,L_forearm,R_thigh,174.513467,0.000000,NO,PASS,NOMINAL RIGID LINK ENVELOPES; TOLERANCE/COVERS/CABLES/TRACKING ERROR OPEN,NO MOTION OR SAFETY CREDIT
P03_RIGHT_FOOT_LIFT,L_forearm,R_upper_arm,231.752031,0.000000,NO,PASS,NOMINAL RIGID LINK ENVELOPES; TOLERANCE/COVERS/CABLES/TRACKING ERROR OPEN,NO MOTION OR SAFETY CREDIT
P03_RIGHT_FOOT_LIFT,L_forearm,base_link,71.927090,0.000000,NO,PASS,NOMINAL RIGID LINK ENVELOPES; TOLERANCE/COVERS/CABLES/TRACKING ERROR OPEN,NO MOTION OR SAFETY CREDIT
P03_RIGHT_FOOT_LIFT,L_forearm,head,220.326000,0.000000,NO,PASS,NOMINAL RIGID LINK ENVELOPES; TOLERANCE/COVERS/CABLES/TRACKING ERROR OPEN,NO MOTION OR SAFETY CREDIT
P03_RIGHT_FOOT_LIFT,L_forearm,neck_pan_link,200.711901,0.000000,NO,PASS,NOMINAL RIGID LINK ENVELOPES; TOLERANCE/COVERS/CABLES/TRACKING ERROR OPEN,NO MOTION OR SAFETY CREDIT
P03_RIGHT_FOOT_LIFT,L_forearm,torso,52.819956,0.000000,NO,PASS,NOMINAL RIGID LINK ENVELOPES; TOLERANCE/COVERS/CABLES/TRACKING ERROR OPEN,NO MOTION OR SAFETY CREDIT
P03_RIGHT_FOOT_LIFT,L_gripper,L_hip_roll_link,136.353340,0.000000,NO,PASS,NOMINAL RIGID LINK ENVELOPES; TOLERANCE/COVERS/CABLES/TRACKING ERROR OPEN,NO MOTION OR SAFETY CREDIT
P03_RIGHT_FOOT_LIFT,L_gripper,L_hip_yaw_link,146.421447,0.000000,NO,PASS,NOMINAL RIGID LINK ENVELOPES; TOLERANCE/COVERS/CABLES/TRACKING ERROR OPEN,NO MOTION OR SAFETY CREDIT
P03_RIGHT_FOOT_LIFT,L_gripper,L_shin,152.624754,0.000000,NO,PASS,NOMINAL RIGID LINK ENVELOPES; TOLERANCE/COVERS/CABLES/TRACKING ERROR OPEN,NO MOTION OR SAFETY CREDIT
P03_RIGHT_FOOT_LIFT,L_gripper,L_shoulder_pitch_link,286.091899,0.000000,NO,PASS,NOMINAL RIGID LINK ENVELOPES; TOLERANCE/COVERS/CABLES/TRACKING ERROR OPEN,NO MOTION OR SAFETY CREDIT
P03_RIGHT_FOOT_LIFT,L_gripper,L_thigh,101.817953,0.000000,NO,PASS,NOMINAL RIGID LINK ENVELOPES; TOLERANCE/COVERS/CABLES/TRACKING ERROR OPEN,NO MOTION OR SAFETY CREDIT
P03_RIGHT_FOOT_LIFT,L_gripper,L_upper_arm,155.711891,0.000000,NO,PASS,NOMINAL RIGID LINK ENVELOPES; TOLERANCE/COVERS/CABLES/TRACKING ERROR OPEN,NO MOTION OR SAFETY CREDIT
P03_RIGHT_FOOT_LIFT,L_gripper,R_ankle_pitch_link,301.140586,0.000000,NO,PASS,NOMINAL RIGID LINK ENVELOPES; TOLERANCE/COVERS/CABLES/TRACKING ERROR OPEN,NO MOTION OR SAFETY CREDIT
P03_RIGHT_FOOT_LIFT,L_gripper,R_foot,315.935937,0.000000,NO,PASS,NOMINAL RIGID LINK ENVELOPES; TOLERANCE/COVERS/CABLES/TRACKING ERROR OPEN,NO MOTION OR SAFETY CREDIT
P03_RIGHT_FOOT_LIFT,L_gripper,R_forearm,349.013514,0.000000,NO,PASS,NOMINAL RIGID LINK ENVELOPES; TOLERANCE/COVERS/CABLES/TRACKING ERROR OPEN,NO MOTION OR SAFETY CREDIT
P03_RIGHT_FOOT_LIFT,L_gripper,R_gripper,395.932944,0.000000,NO,PASS,NOMINAL RIGID LINK ENVELOPES; TOLERANCE/COVERS/CABLES/TRACKING ERROR OPEN,NO MOTION OR SAFETY CREDIT
P03_RIGHT_FOOT_LIFT,L_gripper,R_hand,382.276515,0.000000,NO,PASS,NOMINAL RIGID LINK ENVELOPES; TOLERANCE/COVERS/CABLES/TRACKING ERROR OPEN,NO MOTION OR SAFETY CREDIT
P03_RIGHT_FOOT_LIFT,L_gripper,R_hip_roll_link,245.079600,0.000000,NO,PASS,NOMINAL RIGID LINK ENVELOPES; TOLERANCE/COVERS/CABLES/TRACKING ERROR OPEN,NO MOTION OR SAFETY CREDIT
P03_RIGHT_FOOT_LIFT,L_gripper,R_hip_yaw_link,251.854835,0.000000,NO,PASS,NOMINAL RIGID LINK ENVELOPES; TOLERANCE/COVERS/CABLES/TRACKING ERROR OPEN,NO MOTION OR SAFETY CREDIT
P03_RIGHT_FOOT_LIFT,L_gripper,R_shin,267.496825,0.000000,NO,PASS,NOMINAL RIGID LINK ENVELOPES; TOLERANCE/COVERS/CABLES/TRACKING ERROR OPEN,NO MOTION OR SAFETY CREDIT
P03_RIGHT_FOOT_LIFT,L_gripper,R_shoulder_pitch_link,395.507361,0.000000,NO,PASS,NOMINAL RIGID LINK ENVELOPES; TOLERANCE/COVERS/CABLES/TRACKING ERROR OPEN,NO MOTION OR SAFETY CREDIT
P03_RIGHT_FOOT_LIFT,L_gripper,R_thigh,225.856849,0.000000,NO,PASS,NOMINAL RIGID LINK ENVELOPES; TOLERANCE/COVERS/CABLES/TRACKING ERROR OPEN,NO MOTION OR SAFETY CREDIT
P03_RIGHT_FOOT_LIFT,L_gripper,R_upper_arm,321.413825,0.000000,NO,PASS,NOMINAL RIGID LINK ENVELOPES; TOLERANCE/COVERS/CABLES/TRACKING ERROR OPEN,NO MOTION OR SAFETY CREDIT
P03_RIGHT_FOOT_LIFT,L_gripper,base_link,146.647105,0.000000,NO,PASS,NOMINAL RIGID LINK ENVELOPES; TOLERANCE/COVERS/CABLES/TRACKING ERROR OPEN,NO MOTION OR SAFETY CREDIT
P03_RIGHT_FOOT_LIFT,L_gripper,head,390.820282,0.000000,NO,PASS,NOMINAL RIGID LINK ENVELOPES; TOLERANCE/COVERS/CABLES/TRACKING ERROR OPEN,NO MOTION OR SAFETY CREDIT
P03_RIGHT_FOOT_LIFT,L_gripper,neck_pan_link,365.919255,0.000000,NO,PASS,NOMINAL RIGID LINK ENVELOPES; TOLERANCE/COVERS/CABLES/TRACKING ERROR OPEN,NO MOTION OR SAFETY CREDIT
P03_RIGHT_FOOT_LIFT,L_gripper,torso,200.924276,0.000000,NO,PASS,NOMINAL RIGID LINK ENVELOPES; TOLERANCE/COVERS/CABLES/TRACKING ERROR OPEN,NO MOTION OR SAFETY CREDIT
P03_RIGHT_FOOT_LIFT,L_hand,L_hip_roll_link,110.611537,0.000000,NO,PASS,NOMINAL RIGID LINK ENVELOPES; TOLERANCE/COVERS/CABLES/TRACKING ERROR OPEN,NO MOTION OR SAFETY CREDIT
P03_RIGHT_FOOT_LIFT,L_hand,L_hip_yaw_link,120.048149,0.000000,NO,PASS,NOMINAL RIGID LINK ENVELOPES; TOLERANCE/COVERS/CABLES/TRACKING ERROR OPEN,NO MOTION OR SAFETY CREDIT
P03_RIGHT_FOOT_LIFT,L_hand,L_shin,157.200301,0.000000,NO,PASS,NOMINAL RIGID LINK ENVELOPES; TOLERANCE/COVERS/CABLES/TRACKING ERROR OPEN,NO MOTION OR SAFETY CREDIT
P03_RIGHT_FOOT_LIFT,L_hand,L_shoulder_pitch_link,259.297587,0.000000,NO,PASS,NOMINAL RIGID LINK ENVELOPES; TOLERANCE/COVERS/CABLES/TRACKING ERROR OPEN,NO MOTION OR SAFETY CREDIT
P03_RIGHT_FOOT_LIFT,L_hand,L_thigh,88.158590,0.000000,NO,PASS,NOMINAL RIGID LINK ENVELOPES; TOLERANCE/COVERS/CABLES/TRACKING ERROR OPEN,NO MOTION OR SAFETY CREDIT
P03_RIGHT_FOOT_LIFT,L_hand,L_upper_arm,129.679130,0.000000,NO,PASS,NOMINAL RIGID LINK ENVELOPES; TOLERANCE/COVERS/CABLES/TRACKING ERROR OPEN,NO MOTION OR SAFETY CREDIT
P03_RIGHT_FOOT_LIFT,L_hand,R_ankle_pitch_link,303.935138,0.000000,NO,PASS,NOMINAL RIGID LINK ENVELOPES; TOLERANCE/COVERS/CABLES/TRACKING ERROR OPEN,NO MOTION OR SAFETY CREDIT
P03_RIGHT_FOOT_LIFT,L_hand,R_foot,323.518834,0.000000,NO,PASS,NOMINAL RIGID LINK ENVELOPES; TOLERANCE/COVERS/CABLES/TRACKING ERROR OPEN,NO MOTION OR SAFETY CREDIT
P03_RIGHT_FOOT_LIFT,L_hand,R_forearm,335.105911,0.000000,NO,PASS,NOMINAL RIGID LINK ENVELOPES; TOLERANCE/COVERS/CABLES/TRACKING ERROR OPEN,NO MOTION OR SAFETY CREDIT
P03_RIGHT_FOOT_LIFT,L_hand,R_gripper,382.273580,0.000000,NO,PASS,NOMINAL RIGID LINK ENVELOPES; TOLERANCE/COVERS/CABLES/TRACKING ERROR OPEN,NO MOTION OR SAFETY CREDIT
P03_RIGHT_FOOT_LIFT,L_hand,R_hand,368.617151,0.000000,NO,PASS,NOMINAL RIGID LINK ENVELOPES; TOLERANCE/COVERS/CABLES/TRACKING ERROR OPEN,NO MOTION OR SAFETY CREDIT
P03_RIGHT_FOOT_LIFT,L_hand,R_hip_roll_link,224.258441,0.000000,NO,PASS,NOMINAL RIGID LINK ENVELOPES; TOLERANCE/COVERS/CABLES/TRACKING ERROR OPEN,NO MOTION OR SAFETY CREDIT
P03_RIGHT_FOOT_LIFT,L_hand,R_hip_yaw_link,230.191953,0.000000,NO,PASS,NOMINAL RIGID LINK ENVELOPES; TOLERANCE/COVERS/CABLES/TRACKING ERROR OPEN,NO MOTION OR SAFETY CREDIT
P03_RIGHT_FOOT_LIFT,L_hand,R_shin,262.444170,0.000000,NO,PASS,NOMINAL RIGID LINK ENVELOPES; TOLERANCE/COVERS/CABLES/TRACKING ERROR OPEN,NO MOTION OR SAFETY CREDIT
P03_RIGHT_FOOT_LIFT,L_hand,R_shoulder_pitch_link,368.884541,0.000000,NO,PASS,NOMINAL RIGID LINK ENVELOPES; TOLERANCE/COVERS/CABLES/TRACKING ERROR OPEN,NO MOTION OR SAFETY CREDIT
P03_RIGHT_FOOT_LIFT,L_hand,R_thigh,212.197486,0.000000,NO,PASS,NOMINAL RIGID LINK ENVELOPES; TOLERANCE/COVERS/CABLES/TRACKING ERROR OPEN,NO MOTION OR SAFETY CREDIT
P03_RIGHT_FOOT_LIFT,L_hand,R_upper_arm,298.285617,0.000000,NO,PASS,NOMINAL RIGID LINK ENVELOPES; TOLERANCE/COVERS/CABLES/TRACKING ERROR OPEN,NO MOTION OR SAFETY CREDIT
P03_RIGHT_FOOT_LIFT,L_hand,base_link,122.733023,0.000000,NO,PASS,NOMINAL RIGID LINK ENVELOPES; TOLERANCE/COVERS/CABLES/TRACKING ERROR OPEN,NO MOTION OR SAFETY CREDIT
P03_RIGHT_FOOT_LIFT,L_hand,head,363.544219,0.000000,NO,PASS,NOMINAL RIGID LINK ENVELOPES; TOLERANCE/COVERS/CABLES/TRACKING ERROR OPEN,NO MOTION OR SAFETY CREDIT
P03_RIGHT_FOOT_LIFT,L_hand,neck_pan_link,338.122872,0.000000,NO,PASS,NOMINAL RIGID LINK ENVELOPES; TOLERANCE/COVERS/CABLES/TRACKING ERROR OPEN,NO MOTION OR SAFETY CREDIT
P03_RIGHT_FOOT_LIFT,L_hand,torso,173.130804,0.000000,NO,PASS,NOMINAL RIGID LINK ENVELOPES; TOLERANCE/COVERS/CABLES/TRACKING ERROR OPEN,NO MOTION OR SAFETY CREDIT
P03_RIGHT_FOOT_LIFT,L_hip_roll_link,L_shin,216.662406,0.000000,NO,PASS,NOMINAL RIGID LINK ENVELOPES; TOLERANCE/COVERS/CABLES/TRACKING ERROR OPEN,NO MOTION OR SAFETY CREDIT
P03_RIGHT_FOOT_LIFT,L_hip_roll_link,L_shoulder_pitch_link,140.500701,0.000000,NO,PASS,NOMINAL RIGID LINK ENVELOPES; TOLERANCE/COVERS/CABLES/TRACKING ERROR OPEN,NO MOTION OR SAFETY CREDIT
P03_RIGHT_FOOT_LIFT,L_hip_roll_link,L_upper_arm,37.560332,0.000000,NO,PASS,NOMINAL RIGID LINK ENVELOPES; TOLERANCE/COVERS/CABLES/TRACKING ERROR OPEN,NO MOTION OR SAFETY CREDIT
P03_RIGHT_FOOT_LIFT,L_hip_roll_link,R_ankle_pitch_link,298.212511,0.000000,NO,PASS,NOMINAL RIGID LINK ENVELOPES; TOLERANCE/COVERS/CABLES/TRACKING ERROR OPEN,NO MOTION OR SAFETY CREDIT
P03_RIGHT_FOOT_LIFT,L_hip_roll_link,R_foot,338.945013,0.000000,NO,PASS,NOMINAL RIGID LINK ENVELOPES; TOLERANCE/COVERS/CABLES/TRACKING ERROR OPEN,NO MOTION OR SAFETY CREDIT
P03_RIGHT_FOOT_LIFT,L_hip_roll_link,R_forearm,181.219439,0.000000,NO,PASS,NOMINAL RIGID LINK ENVELOPES; TOLERANCE/COVERS/CABLES/TRACKING ERROR OPEN,NO MOTION OR SAFETY CREDIT
P03_RIGHT_FOOT_LIFT,L_hip_roll_link,R_gripper,245.079600,0.000000,NO,PASS,NOMINAL RIGID LINK ENVELOPES; TOLERANCE/COVERS/CABLES/TRACKING ERROR OPEN,NO MOTION OR SAFETY CREDIT
P03_RIGHT_FOOT_LIFT,L_hip_roll_link,R_hand,224.261071,0.000000,NO,PASS,NOMINAL RIGID LINK ENVELOPES; TOLERANCE/COVERS/CABLES/TRACKING ERROR OPEN,NO MOTION OR SAFETY CREDIT
P03_RIGHT_FOOT_LIFT,L_hip_roll_link,R_hip_roll_link,60.841274,0.000000,NO,PASS,NOMINAL RIGID LINK ENVELOPES; TOLERANCE/COVERS/CABLES/TRACKING ERROR OPEN,NO MOTION OR SAFETY CREDIT
P03_RIGHT_FOOT_LIFT,L_hip_roll_link,R_hip_yaw_link,62.920637,0.000000,NO,PASS,NOMINAL RIGID LINK ENVELOPES; TOLERANCE/COVERS/CABLES/TRACKING ERROR OPEN,NO MOTION OR SAFETY CREDIT
P03_RIGHT_FOOT_LIFT,L_hip_roll_link,R_shin,226.252946,0.000000,NO,PASS,NOMINAL RIGID LINK ENVELOPES; TOLERANCE/COVERS/CABLES/TRACKING ERROR OPEN,NO MOTION OR SAFETY CREDIT
P03_RIGHT_FOOT_LIFT,L_hip_roll_link,R_shoulder_pitch_link,181.576331,0.000000,NO,PASS,NOMINAL RIGID LINK ENVELOPES; TOLERANCE/COVERS/CABLES/TRACKING ERROR OPEN,NO MOTION OR SAFETY CREDIT
P03_RIGHT_FOOT_LIFT,L_hip_roll_link,R_thigh,58.311014,0.000000,NO,PASS,NOMINAL RIGID LINK ENVELOPES; TOLERANCE/COVERS/CABLES/TRACKING ERROR OPEN,NO MOTION OR SAFETY CREDIT
P03_RIGHT_FOOT_LIFT,L_hip_roll_link,R_upper_arm,116.646776,0.000000,NO,PASS,NOMINAL RIGID LINK ENVELOPES; TOLERANCE/COVERS/CABLES/TRACKING ERROR OPEN,NO MOTION OR SAFETY CREDIT
P03_RIGHT_FOOT_LIFT,L_hip_roll_link,head,234.090701,0.000000,NO,PASS,NOMINAL RIGID LINK ENVELOPES; TOLERANCE/COVERS/CABLES/TRACKING ERROR OPEN,NO MOTION OR SAFETY CREDIT
P03_RIGHT_FOOT_LIFT,L_hip_roll_link,neck_pan_link,186.649787,0.000000,NO,PASS,NOMINAL RIGID LINK ENVELOPES; TOLERANCE/COVERS/CABLES/TRACKING ERROR OPEN,NO MOTION OR SAFETY CREDIT
P03_RIGHT_FOOT_LIFT,L_hip_roll_link,torso,36.123701,0.000000,NO,PASS,NOMINAL RIGID LINK ENVELOPES; TOLERANCE/COVERS/CABLES/TRACKING ERROR OPEN,NO MOTION OR SAFETY CREDIT
P03_RIGHT_FOOT_LIFT,L_hip_yaw_link,L_shin,229.329705,0.000000,NO,PASS,NOMINAL RIGID LINK ENVELOPES; TOLERANCE/COVERS/CABLES/TRACKING ERROR OPEN,NO MOTION OR SAFETY CREDIT
P03_RIGHT_FOOT_LIFT,L_hip_yaw_link,L_shoulder_pitch_link,135.168000,0.000000,NO,PASS,NOMINAL RIGID LINK ENVELOPES; TOLERANCE/COVERS/CABLES/TRACKING ERROR OPEN,NO MOTION OR SAFETY CREDIT
P03_RIGHT_FOOT_LIFT,L_hip_yaw_link,L_upper_arm,31.044670,0.000000,NO,PASS,NOMINAL RIGID LINK ENVELOPES; TOLERANCE/COVERS/CABLES/TRACKING ERROR OPEN,NO MOTION OR SAFETY CREDIT
P03_RIGHT_FOOT_LIFT,L_hip_yaw_link,R_ankle_pitch_link,310.795401,0.000000,NO,PASS,NOMINAL RIGID LINK ENVELOPES; TOLERANCE/COVERS/CABLES/TRACKING ERROR OPEN,NO MOTION OR SAFETY CREDIT
P03_RIGHT_FOOT_LIFT,L_hip_yaw_link,R_foot,351.672860,0.000000,NO,PASS,NOMINAL RIGID LINK ENVELOPES; TOLERANCE/COVERS/CABLES/TRACKING ERROR OPEN,NO MOTION OR SAFETY CREDIT
P03_RIGHT_FOOT_LIFT,L_hip_yaw_link,R_forearm,183.298802,0.000000,NO,PASS,NOMINAL RIGID LINK ENVELOPES; TOLERANCE/COVERS/CABLES/TRACKING ERROR OPEN,NO MOTION OR SAFETY CREDIT
P03_RIGHT_FOOT_LIFT,L_hip_yaw_link,R_gripper,251.854835,0.000000,NO,PASS,NOMINAL RIGID LINK ENVELOPES; TOLERANCE/COVERS/CABLES/TRACKING ERROR OPEN,NO MOTION OR SAFETY CREDIT
P03_RIGHT_FOOT_LIFT,L_hip_yaw_link,R_hand,230.194507,0.000000,NO,PASS,NOMINAL RIGID LINK ENVELOPES; TOLERANCE/COVERS/CABLES/TRACKING ERROR OPEN,NO MOTION OR SAFETY CREDIT
P03_RIGHT_FOOT_LIFT,L_hip_yaw_link,R_hip_roll_link,62.920637,0.000000,NO,PASS,NOMINAL RIGID LINK ENVELOPES; TOLERANCE/COVERS/CABLES/TRACKING ERROR OPEN,NO MOTION OR SAFETY CREDIT
P03_RIGHT_FOOT_LIFT,L_hip_yaw_link,R_hip_yaw_link,65.000000,0.000000,NO,PASS,NOMINAL RIGID LINK ENVELOPES; TOLERANCE/COVERS/CABLES/TRACKING ERROR OPEN,NO MOTION OR SAFETY CREDIT
P03_RIGHT_FOOT_LIFT,L_hip_yaw_link,R_shin,238.646992,0.000000,NO,PASS,NOMINAL RIGID LINK ENVELOPES; TOLERANCE/COVERS/CABLES/TRACKING ERROR OPEN,NO MOTION OR SAFETY CREDIT
P03_RIGHT_FOOT_LIFT,L_hip_yaw_link,R_shoulder_pitch_link,178.836696,0.000000,NO,PASS,NOMINAL RIGID LINK ENVELOPES; TOLERANCE/COVERS/CABLES/TRACKING ERROR OPEN,NO MOTION OR SAFETY CREDIT
P03_RIGHT_FOOT_LIFT,L_hip_yaw_link,R_thigh,60.390377,0.000000,NO,PASS,NOMINAL RIGID LINK ENVELOPES; TOLERANCE/COVERS/CABLES/TRACKING ERROR OPEN,NO MOTION OR SAFETY CREDIT
P03_RIGHT_FOOT_LIFT,L_hip_yaw_link,R_upper_arm,118.108155,0.000000,NO,PASS,NOMINAL RIGID LINK ENVELOPES; TOLERANCE/COVERS/CABLES/TRACKING ERROR OPEN,NO MOTION OR SAFETY CREDIT
P03_RIGHT_FOOT_LIFT,L_hip_yaw_link,head,228.758000,0.000000,NO,PASS,NOMINAL RIGID LINK ENVELOPES; TOLERANCE/COVERS/CABLES/TRACKING ERROR OPEN,NO MOTION OR SAFETY CREDIT
P03_RIGHT_FOOT_LIFT,L_hip_yaw_link,neck_pan_link,181.385072,0.000000,NO,PASS,NOMINAL RIGID LINK ENVELOPES; TOLERANCE/COVERS/CABLES/TRACKING ERROR OPEN,NO MOTION OR SAFETY CREDIT
P03_RIGHT_FOOT_LIFT,L_hip_yaw_link,torso,30.791000,0.000000,NO,PASS,NOMINAL RIGID LINK ENVELOPES; TOLERANCE/COVERS/CABLES/TRACKING ERROR OPEN,NO MOTION OR SAFETY CREDIT
P03_RIGHT_FOOT_LIFT,L_shin,L_shoulder_pitch_link,405.377354,0.000000,NO,PASS,NOMINAL RIGID LINK ENVELOPES; TOLERANCE/COVERS/CABLES/TRACKING ERROR OPEN,NO MOTION OR SAFETY CREDIT
P03_RIGHT_FOOT_LIFT,L_shin,L_upper_arm,282.358726,0.000000,NO,PASS,NOMINAL RIGID LINK ENVELOPES; TOLERANCE/COVERS/CABLES/TRACKING ERROR OPEN,NO MOTION OR SAFETY CREDIT
P03_RIGHT_FOOT_LIFT,L_shin,R_ankle_pitch_link,48.232957,0.000000,NO,PASS,NOMINAL RIGID LINK ENVELOPES; TOLERANCE/COVERS/CABLES/TRACKING ERROR OPEN,NO MOTION OR SAFETY CREDIT
P03_RIGHT_FOOT_LIFT,L_shin,R_foot,40.184509,0.000000,NO,PASS,NOMINAL RIGID LINK ENVELOPES; TOLERANCE/COVERS/CABLES/TRACKING ERROR OPEN,NO MOTION OR SAFETY CREDIT
P03_RIGHT_FOOT_LIFT,L_shin,R_forearm,186.843989,0.000000,NO,PASS,NOMINAL RIGID LINK ENVELOPES; TOLERANCE/COVERS/CABLES/TRACKING ERROR OPEN,NO MOTION OR SAFETY CREDIT
P03_RIGHT_FOOT_LIFT,L_shin,R_gripper,180.974161,0.000000,NO,PASS,NOMINAL RIGID LINK ENVELOPES; TOLERANCE/COVERS/CABLES/TRACKING ERROR OPEN,NO MOTION OR SAFETY CREDIT
P03_RIGHT_FOOT_LIFT,L_shin,R_hand,182.577298,0.000000,NO,PASS,NOMINAL RIGID LINK ENVELOPES; TOLERANCE/COVERS/CABLES/TRACKING ERROR OPEN,NO MOTION OR SAFETY CREDIT
P03_RIGHT_FOOT_LIFT,L_shin,R_hip_roll_link,216.674679,0.000000,NO,PASS,NOMINAL RIGID LINK ENVELOPES; TOLERANCE/COVERS/CABLES/TRACKING ERROR OPEN,NO MOTION OR SAFETY CREDIT
P03_RIGHT_FOOT_LIFT,L_shin,R_hip_yaw_link,229.371632,0.000000,NO,PASS,NOMINAL RIGID LINK ENVELOPES; TOLERANCE/COVERS/CABLES/TRACKING ERROR OPEN,NO MOTION OR SAFETY CREDIT
P03_RIGHT_FOOT_LIFT,L_shin,R_shin,55.626983,0.000000,NO,PASS,NOMINAL RIGID LINK ENVELOPES; TOLERANCE/COVERS/CABLES/TRACKING ERROR OPEN,NO MOTION OR SAFETY CREDIT
P03_RIGHT_FOOT_LIFT,L_shin,R_shoulder_pitch_link,408.422436,0.000000,NO,PASS,NOMINAL RIGID LINK ENVELOPES; TOLERANCE/COVERS/CABLES/TRACKING ERROR OPEN,NO MOTION OR SAFETY CREDIT
P03_RIGHT_FOOT_LIFT,L_shin,R_thigh,89.753148,0.000000,NO,PASS,NOMINAL RIGID LINK ENVELOPES; TOLERANCE/COVERS/CABLES/TRACKING ERROR OPEN,NO MOTION OR SAFETY CREDIT
P03_RIGHT_FOOT_LIFT,L_shin,R_upper_arm,285.704977,0.000000,NO,PASS,NOMINAL RIGID LINK ENVELOPES; TOLERANCE/COVERS/CABLES/TRACKING ERROR OPEN,NO MOTION OR SAFETY CREDIT
P03_RIGHT_FOOT_LIFT,L_shin,base_link,207.195705,0.000000,NO,PASS,NOMINAL RIGID LINK ENVELOPES; TOLERANCE/COVERS/CABLES/TRACKING ERROR OPEN,NO MOTION OR SAFETY CREDIT
P03_RIGHT_FOOT_LIFT,L_shin,head,498.087705,0.000000,NO,PASS,NOMINAL RIGID LINK ENVELOPES; TOLERANCE/COVERS/CABLES/TRACKING ERROR OPEN,NO MOTION OR SAFETY CREDIT
P03_RIGHT_FOOT_LIFT,L_shin,neck_pan_link,450.586705,0.000000,NO,PASS,NOMINAL RIGID LINK ENVELOPES; TOLERANCE/COVERS/CABLES/TRACKING ERROR OPEN,NO MOTION OR SAFETY CREDIT
P03_RIGHT_FOOT_LIFT,L_shin,torso,300.120705,0.000000,NO,PASS,NOMINAL RIGID LINK ENVELOPES; TOLERANCE/COVERS/CABLES/TRACKING ERROR OPEN,NO MOTION OR SAFETY CREDIT
P03_RIGHT_FOOT_LIFT,L_shoulder_pitch_link,L_thigh,163.665116,0.000000,NO,PASS,NOMINAL RIGID LINK ENVELOPES; TOLERANCE/COVERS/CABLES/TRACKING ERROR OPEN,NO MOTION OR SAFETY CREDIT
P03_RIGHT_FOOT_LIFT,L_shoulder_pitch_link,R_ankle_pitch_link,493.537542,0.000000,NO,PASS,NOMINAL RIGID LINK ENVELOPES; TOLERANCE/COVERS/CABLES/TRACKING ERROR OPEN,NO MOTION OR SAFETY CREDIT
P03_RIGHT_FOOT_LIFT,L_shoulder_pitch_link,R_foot,534.654270,0.000000,NO,PASS,NOMINAL RIGID LINK ENVELOPES; TOLERANCE/COVERS/CABLES/TRACKING ERROR OPEN,NO MOTION OR SAFETY CREDIT
P03_RIGHT_FOOT_LIFT,L_shoulder_pitch_link,R_forearm,261.928429,0.000000,NO,PASS,NOMINAL RIGID LINK ENVELOPES; TOLERANCE/COVERS/CABLES/TRACKING ERROR OPEN,NO MOTION OR SAFETY CREDIT
P03_RIGHT_FOOT_LIFT,L_shoulder_pitch_link,R_gripper,396.080738,0.000000,NO,PASS,NOMINAL RIGID LINK ENVELOPES; TOLERANCE/COVERS/CABLES/TRACKING ERROR OPEN,NO MOTION OR SAFETY CREDIT
P03_RIGHT_FOOT_LIFT,L_shoulder_pitch_link,R_hand,369.471299,0.000000,NO,PASS,NOMINAL RIGID LINK ENVELOPES; TOLERANCE/COVERS/CABLES/TRACKING ERROR OPEN,NO MOTION OR SAFETY CREDIT
P03_RIGHT_FOOT_LIFT,L_shoulder_pitch_link,R_hip_roll_link,182.085416,0.000000,NO,PASS,NOMINAL RIGID LINK ENVELOPES; TOLERANCE/COVERS/CABLES/TRACKING ERROR OPEN,NO MOTION OR SAFETY CREDIT
P03_RIGHT_FOOT_LIFT,L_shoulder_pitch_link,R_hip_yaw_link,179.362855,0.000000,NO,PASS,NOMINAL RIGID LINK ENVELOPES; TOLERANCE/COVERS/CABLES/TRACKING ERROR OPEN,NO MOTION OR SAFETY CREDIT
P03_RIGHT_FOOT_LIFT,L_shoulder_pitch_link,R_shin,420.810516,0.000000,NO,PASS,NOMINAL RIGID LINK ENVELOPES; TOLERANCE/COVERS/CABLES/TRACKING ERROR OPEN,NO MOTION OR SAFETY CREDIT
P03_RIGHT_FOOT_LIFT,L_shoulder_pitch_link,R_shoulder_pitch_link,170.000000,0.000000,NO,PASS,NOMINAL RIGID LINK ENVELOPES; TOLERANCE/COVERS/CABLES/TRACKING ERROR OPEN,NO MOTION OR SAFETY CREDIT
P03_RIGHT_FOOT_LIFT,L_shoulder_pitch_link,R_thigh,193.797667,0.000000,NO,PASS,NOMINAL RIGID LINK ENVELOPES; TOLERANCE/COVERS/CABLES/TRACKING ERROR OPEN,NO MOTION OR SAFETY CREDIT
P03_RIGHT_FOOT_LIFT,L_shoulder_pitch_link,R_upper_arm,170.529941,0.000000,NO,PASS,NOMINAL RIGID LINK ENVELOPES; TOLERANCE/COVERS/CABLES/TRACKING ERROR OPEN,NO MOTION OR SAFETY CREDIT
P03_RIGHT_FOOT_LIFT,L_shoulder_pitch_link,base_link,127.751306,0.000000,NO,PASS,NOMINAL RIGID LINK ENVELOPES; TOLERANCE/COVERS/CABLES/TRACKING ERROR OPEN,NO MOTION OR SAFETY CREDIT
P03_RIGHT_FOOT_LIFT,L_shoulder_pitch_link,head,41.105313,0.000000,NO,PASS,NOMINAL RIGID LINK ENVELOPES; TOLERANCE/COVERS/CABLES/TRACKING ERROR OPEN,NO MOTION OR SAFETY CREDIT
P03_RIGHT_FOOT_LIFT,L_shoulder_pitch_link,neck_pan_link,59.716000,0.000000,NO,PASS,NOMINAL RIGID LINK ENVELOPES; TOLERANCE/COVERS/CABLES/TRACKING ERROR OPEN,NO MOTION OR SAFETY CREDIT
P03_RIGHT_FOOT_LIFT,L_thigh,L_upper_arm,57.578633,0.000000,NO,PASS,NOMINAL RIGID LINK ENVELOPES; TOLERANCE/COVERS/CABLES/TRACKING ERROR OPEN,NO MOTION OR SAFETY CREDIT
P03_RIGHT_FOOT_LIFT,L_thigh,R_ankle_pitch_link,174.787209,0.000000,NO,PASS,NOMINAL RIGID LINK ENVELOPES; TOLERANCE/COVERS/CABLES/TRACKING ERROR OPEN,NO MOTION OR SAFETY CREDIT
P03_RIGHT_FOOT_LIFT,L_thigh,R_foot,213.609237,0.000000,NO,PASS,NOMINAL RIGID LINK ENVELOPES; TOLERANCE/COVERS/CABLES/TRACKING ERROR OPEN,NO MOTION OR SAFETY CREDIT
P03_RIGHT_FOOT_LIFT,L_thigh,R_forearm,154.982384,0.000000,NO,PASS,NOMINAL RIGID LINK ENVELOPES; TOLERANCE/COVERS/CABLES/TRACKING ERROR OPEN,NO MOTION OR SAFETY CREDIT
P03_RIGHT_FOOT_LIFT,L_thigh,R_gripper,202.150053,0.000000,NO,PASS,NOMINAL RIGID LINK ENVELOPES; TOLERANCE/COVERS/CABLES/TRACKING ERROR OPEN,NO MOTION OR SAFETY CREDIT
P03_RIGHT_FOOT_LIFT,L_thigh,R_hand,188.493624,0.000000,NO,PASS,NOMINAL RIGID LINK ENVELOPES; TOLERANCE/COVERS/CABLES/TRACKING ERROR OPEN,NO MOTION OR SAFETY CREDIT
P03_RIGHT_FOOT_LIFT,L_thigh,R_hip_roll_link,55.253983,0.000000,NO,PASS,NOMINAL RIGID LINK ENVELOPES; TOLERANCE/COVERS/CABLES/TRACKING ERROR OPEN,NO MOTION OR SAFETY CREDIT
P03_RIGHT_FOOT_LIFT,L_thigh,R_hip_yaw_link,54.504905,0.000000,NO,PASS,NOMINAL RIGID LINK ENVELOPES; TOLERANCE/COVERS/CABLES/TRACKING ERROR OPEN,NO MOTION OR SAFETY CREDIT
P03_RIGHT_FOOT_LIFT,L_thigh,R_shin,107.041939,0.000000,NO,PASS,NOMINAL RIGID LINK ENVELOPES; TOLERANCE/COVERS/CABLES/TRACKING ERROR OPEN,NO MOTION OR SAFETY CREDIT
P03_RIGHT_FOOT_LIFT,L_thigh,R_shoulder_pitch_link,186.195104,0.000000,NO,PASS,NOMINAL RIGID LINK ENVELOPES; TOLERANCE/COVERS/CABLES/TRACKING ERROR OPEN,NO MOTION OR SAFETY CREDIT
P03_RIGHT_FOOT_LIFT,L_thigh,R_thigh,49.626983,0.000000,NO,PASS,NOMINAL RIGID LINK ENVELOPES; TOLERANCE/COVERS/CABLES/TRACKING ERROR OPEN,NO MOTION OR SAFETY CREDIT
P03_RIGHT_FOOT_LIFT,L_thigh,R_upper_arm,97.506686,0.000000,NO,PASS,NOMINAL RIGID LINK ENVELOPES; TOLERANCE/COVERS/CABLES/TRACKING ERROR OPEN,NO MOTION OR SAFETY CREDIT
P03_RIGHT_FOOT_LIFT,L_thigh,head,257.255116,0.000000,NO,PASS,NOMINAL RIGID LINK ENVELOPES; TOLERANCE/COVERS/CABLES/TRACKING ERROR OPEN,NO MOTION OR SAFETY CREDIT
P03_RIGHT_FOOT_LIFT,L_thigh,neck_pan_link,209.754116,0.000000,NO,PASS,NOMINAL RIGID LINK ENVELOPES; TOLERANCE/COVERS/CABLES/TRACKING ERROR OPEN,NO MOTION OR SAFETY CREDIT
P03_RIGHT_FOOT_LIFT,L_thigh,torso,59.288116,0.000000,NO,PASS,NOMINAL RIGID LINK ENVELOPES; TOLERANCE/COVERS/CABLES/TRACKING ERROR OPEN,NO MOTION OR SAFETY CREDIT
P03_RIGHT_FOOT_LIFT,L_upper_arm,R_ankle_pitch_link,380.279125,0.000000,NO,PASS,NOMINAL RIGID LINK ENVELOPES; TOLERANCE/COVERS/CABLES/TRACKING ERROR OPEN,NO MOTION OR SAFETY CREDIT
P03_RIGHT_FOOT_LIFT,L_upper_arm,R_foot,418.922141,0.000000,NO,PASS,NOMINAL RIGID LINK ENVELOPES; TOLERANCE/COVERS/CABLES/TRACKING ERROR OPEN,NO MOTION OR SAFETY CREDIT
P03_RIGHT_FOOT_LIFT,L_upper_arm,R_forearm,239.636879,0.000000,NO,PASS,NOMINAL RIGID LINK ENVELOPES; TOLERANCE/COVERS/CABLES/TRACKING ERROR OPEN,NO MOTION OR SAFETY CREDIT
P03_RIGHT_FOOT_LIFT,L_upper_arm,R_gripper,325.055824,0.000000,NO,PASS,NOMINAL RIGID LINK ENVELOPES; TOLERANCE/COVERS/CABLES/TRACKING ERROR OPEN,NO MOTION OR SAFETY CREDIT
P03_RIGHT_FOOT_LIFT,L_upper_arm,R_hand,301.977942,0.000000,NO,PASS,NOMINAL RIGID LINK ENVELOPES; TOLERANCE/COVERS/CABLES/TRACKING ERROR OPEN,NO MOTION OR SAFETY CREDIT
P03_RIGHT_FOOT_LIFT,L_upper_arm,R_hip_roll_link,120.429214,0.000000,NO,PASS,NOMINAL RIGID LINK ENVELOPES; TOLERANCE/COVERS/CABLES/TRACKING ERROR OPEN,NO MOTION OR SAFETY CREDIT
P03_RIGHT_FOOT_LIFT,L_upper_arm,R_hip_yaw_link,121.874027,0.000000,NO,PASS,NOMINAL RIGID LINK ENVELOPES; TOLERANCE/COVERS/CABLES/TRACKING ERROR OPEN,NO MOTION OR SAFETY CREDIT
P03_RIGHT_FOOT_LIFT,L_upper_arm,R_shin,310.046071,0.000000,NO,PASS,NOMINAL RIGID LINK ENVELOPES; TOLERANCE/COVERS/CABLES/TRACKING ERROR OPEN,NO MOTION OR SAFETY CREDIT
P03_RIGHT_FOOT_LIFT,L_upper_arm,R_shoulder_pitch_link,173.437077,0.000000,NO,PASS,NOMINAL RIGID LINK ENVELOPES; TOLERANCE/COVERS/CABLES/TRACKING ERROR OPEN,NO MOTION OR SAFETY CREDIT
P03_RIGHT_FOOT_LIFT,L_upper_arm,R_thigh,121.435838,0.000000,NO,PASS,NOMINAL RIGID LINK ENVELOPES; TOLERANCE/COVERS/CABLES/TRACKING ERROR OPEN,NO MOTION OR SAFETY CREDIT
P03_RIGHT_FOOT_LIFT,L_upper_arm,R_upper_arm,173.967018,0.000000,NO,PASS,NOMINAL RIGID LINK ENVELOPES; TOLERANCE/COVERS/CABLES/TRACKING ERROR OPEN,NO MOTION OR SAFETY CREDIT
P03_RIGHT_FOOT_LIFT,L_upper_arm,base_link,45.363452,0.000000,NO,PASS,NOMINAL RIGID LINK ENVELOPES; TOLERANCE/COVERS/CABLES/TRACKING ERROR OPEN,NO MOTION OR SAFETY CREDIT
P03_RIGHT_FOOT_LIFT,L_upper_arm,head,63.724059,0.000000,NO,PASS,NOMINAL RIGID LINK ENVELOPES; TOLERANCE/COVERS/CABLES/TRACKING ERROR OPEN,NO MOTION OR SAFETY CREDIT
P03_RIGHT_FOOT_LIFT,L_upper_arm,neck_pan_link,64.738925,0.000000,NO,PASS,NOMINAL RIGID LINK ENVELOPES; TOLERANCE/COVERS/CABLES/TRACKING ERROR OPEN,NO MOTION OR SAFETY CREDIT
P03_RIGHT_FOOT_LIFT,R_ankle_pitch_link,R_forearm,202.725743,0.000000,NO,PASS,NOMINAL RIGID LINK ENVELOPES; TOLERANCE/COVERS/CABLES/TRACKING ERROR OPEN,NO MOTION OR SAFETY CREDIT
P03_RIGHT_FOOT_LIFT,R_ankle_pitch_link,R_gripper,133.961125,0.000000,NO,PASS,NOMINAL RIGID LINK ENVELOPES; TOLERANCE/COVERS/CABLES/TRACKING ERROR OPEN,NO MOTION OR SAFETY CREDIT
P03_RIGHT_FOOT_LIFT,R_ankle_pitch_link,R_hand,160.507544,0.000000,NO,PASS,NOMINAL RIGID LINK ENVELOPES; TOLERANCE/COVERS/CABLES/TRACKING ERROR OPEN,NO MOTION OR SAFETY CREDIT
P03_RIGHT_FOOT_LIFT,R_ankle_pitch_link,R_hip_roll_link,278.444367,0.000000,NO,PASS,NOMINAL RIGID LINK ENVELOPES; TOLERANCE/COVERS/CABLES/TRACKING ERROR OPEN,NO MOTION OR SAFETY CREDIT
P03_RIGHT_FOOT_LIFT,R_ankle_pitch_link,R_hip_yaw_link,291.111666,0.000000,NO,PASS,NOMINAL RIGID LINK ENVELOPES; TOLERANCE/COVERS/CABLES/TRACKING ERROR OPEN,NO MOTION OR SAFETY CREDIT
P03_RIGHT_FOOT_LIFT,R_ankle_pitch_link,R_shoulder_pitch_link,466.279666,0.000000,NO,PASS,NOMINAL RIGID LINK ENVELOPES; TOLERANCE/COVERS/CABLES/TRACKING ERROR OPEN,NO MOTION OR SAFETY CREDIT
P03_RIGHT_FOOT_LIFT,R_ankle_pitch_link,R_thigh,151.535108,0.000000,NO,PASS,NOMINAL RIGID LINK ENVELOPES; TOLERANCE/COVERS/CABLES/TRACKING ERROR OPEN,NO MOTION OR SAFETY CREDIT
P03_RIGHT_FOOT_LIFT,R_ankle_pitch_link,R_upper_arm,341.740337,0.000000,NO,PASS,NOMINAL RIGID LINK ENVELOPES; TOLERANCE/COVERS/CABLES/TRACKING ERROR OPEN,NO MOTION OR SAFETY CREDIT
P03_RIGHT_FOOT_LIFT,R_ankle_pitch_link,base_link,268.977666,0.000000,NO,PASS,NOMINAL RIGID LINK ENVELOPES; TOLERANCE/COVERS/CABLES/TRACKING ERROR OPEN,NO MOTION OR SAFETY CREDIT
P03_RIGHT_FOOT_LIFT,R_ankle_pitch_link,head,559.869666,0.000000,NO,PASS,NOMINAL RIGID LINK ENVELOPES; TOLERANCE/COVERS/CABLES/TRACKING ERROR OPEN,NO MOTION OR SAFETY CREDIT
P03_RIGHT_FOOT_LIFT,R_ankle_pitch_link,neck_pan_link,514.615168,0.000000,NO,PASS,NOMINAL RIGID LINK ENVELOPES; TOLERANCE/COVERS/CABLES/TRACKING ERROR OPEN,NO MOTION OR SAFETY CREDIT
P03_RIGHT_FOOT_LIFT,R_ankle_pitch_link,torso,361.902666,0.000000,NO,PASS,NOMINAL RIGID LINK ENVELOPES; TOLERANCE/COVERS/CABLES/TRACKING ERROR OPEN,NO MOTION OR SAFETY CREDIT
P03_RIGHT_FOOT_LIFT,R_foot,R_forearm,248.510570,0.000000,NO,PASS,NOMINAL RIGID LINK ENVELOPES; TOLERANCE/COVERS/CABLES/TRACKING ERROR OPEN,NO MOTION OR SAFETY CREDIT
P03_RIGHT_FOOT_LIFT,R_foot,R_gripper,174.618694,0.000000,NO,PASS,NOMINAL RIGID LINK ENVELOPES; TOLERANCE/COVERS/CABLES/TRACKING ERROR OPEN,NO MOTION OR SAFETY CREDIT
P03_RIGHT_FOOT_LIFT,R_foot,R_hand,203.792505,0.000000,NO,PASS,NOMINAL RIGID LINK ENVELOPES; TOLERANCE/COVERS/CABLES/TRACKING ERROR OPEN,NO MOTION OR SAFETY CREDIT
P03_RIGHT_FOOT_LIFT,R_foot,R_hip_roll_link,324.250126,0.000000,NO,PASS,NOMINAL RIGID LINK ENVELOPES; TOLERANCE/COVERS/CABLES/TRACKING ERROR OPEN,NO MOTION OR SAFETY CREDIT
P03_RIGHT_FOOT_LIFT,R_foot,R_hip_yaw_link,336.917424,0.000000,NO,PASS,NOMINAL RIGID LINK ENVELOPES; TOLERANCE/COVERS/CABLES/TRACKING ERROR OPEN,NO MOTION OR SAFETY CREDIT
P03_RIGHT_FOOT_LIFT,R_foot,R_shoulder_pitch_link,512.085424,0.000000,NO,PASS,NOMINAL RIGID LINK ENVELOPES; TOLERANCE/COVERS/CABLES/TRACKING ERROR OPEN,NO MOTION OR SAFETY CREDIT
P03_RIGHT_FOOT_LIFT,R_foot,R_thigh,197.340867,0.000000,NO,PASS,NOMINAL RIGID LINK ENVELOPES; TOLERANCE/COVERS/CABLES/TRACKING ERROR OPEN,NO MOTION OR SAFETY CREDIT
P03_RIGHT_FOOT_LIFT,R_foot,R_upper_arm,387.546096,0.000000,NO,PASS,NOMINAL RIGID LINK ENVELOPES; TOLERANCE/COVERS/CABLES/TRACKING ERROR OPEN,NO MOTION OR SAFETY CREDIT
P03_RIGHT_FOOT_LIFT,R_foot,base_link,314.783424,0.000000,NO,PASS,NOMINAL RIGID LINK ENVELOPES; TOLERANCE/COVERS/CABLES/TRACKING ERROR OPEN,NO MOTION OR SAFETY CREDIT
P03_RIGHT_FOOT_LIFT,R_foot,head,605.675424,0.000000,NO,PASS,NOMINAL RIGID LINK ENVELOPES; TOLERANCE/COVERS/CABLES/TRACKING ERROR OPEN,NO MOTION OR SAFETY CREDIT
P03_RIGHT_FOOT_LIFT,R_foot,neck_pan_link,559.604693,0.000000,NO,PASS,NOMINAL RIGID LINK ENVELOPES; TOLERANCE/COVERS/CABLES/TRACKING ERROR OPEN,NO MOTION OR SAFETY CREDIT
P03_RIGHT_FOOT_LIFT,R_foot,torso,407.708424,0.000000,NO,PASS,NOMINAL RIGID LINK ENVELOPES; TOLERANCE/COVERS/CABLES/TRACKING ERROR OPEN,NO MOTION OR SAFETY CREDIT
P03_RIGHT_FOOT_LIFT,R_forearm,R_gripper,23.673000,0.000000,NO,PASS,NOMINAL RIGID LINK ENVELOPES; TOLERANCE/COVERS/CABLES/TRACKING ERROR OPEN,NO MOTION OR SAFETY CREDIT
P03_RIGHT_FOOT_LIFT,R_forearm,R_hip_roll_link,56.219439,0.000000,NO,PASS,NOMINAL RIGID LINK ENVELOPES; TOLERANCE/COVERS/CABLES/TRACKING ERROR OPEN,NO MOTION OR SAFETY CREDIT
P03_RIGHT_FOOT_LIFT,R_forearm,R_hip_yaw_link,58.298802,0.000000,NO,PASS,NOMINAL RIGID LINK ENVELOPES; TOLERANCE/COVERS/CABLES/TRACKING ERROR OPEN,NO MOTION OR SAFETY CREDIT
P03_RIGHT_FOOT_LIFT,R_forearm,R_shin,129.594477,0.000000,NO,PASS,NOMINAL RIGID LINK ENVELOPES; TOLERANCE/COVERS/CABLES/TRACKING ERROR OPEN,NO MOTION OR SAFETY CREDIT
P03_RIGHT_FOOT_LIFT,R_forearm,R_shoulder_pitch_link,116.200625,0.000000,NO,PASS,NOMINAL RIGID LINK ENVELOPES; TOLERANCE/COVERS/CABLES/TRACKING ERROR OPEN,NO MOTION OR SAFETY CREDIT
P03_RIGHT_FOOT_LIFT,R_forearm,R_thigh,56.198413,0.000000,NO,PASS,NOMINAL RIGID LINK ENVELOPES; TOLERANCE/COVERS/CABLES/TRACKING ERROR OPEN,NO MOTION OR SAFETY CREDIT
P03_RIGHT_FOOT_LIFT,R_forearm,base_link,70.494802,0.000000,NO,PASS,NOMINAL RIGID LINK ENVELOPES; TOLERANCE/COVERS/CABLES/TRACKING ERROR OPEN,NO MOTION OR SAFETY CREDIT
P03_RIGHT_FOOT_LIFT,R_forearm,head,219.595545,0.000000,NO,PASS,NOMINAL RIGID LINK ENVELOPES; TOLERANCE/COVERS/CABLES/TRACKING ERROR OPEN,NO MOTION OR SAFETY CREDIT
P03_RIGHT_FOOT_LIFT,R_forearm,neck_pan_link,200.942685,0.000000,NO,PASS,NOMINAL RIGID LINK ENVELOPES; TOLERANCE/COVERS/CABLES/TRACKING ERROR OPEN,NO MOTION OR SAFETY CREDIT
P03_RIGHT_FOOT_LIFT,R_forearm,torso,56.202018,0.000000,NO,PASS,NOMINAL RIGID LINK ENVELOPES; TOLERANCE/COVERS/CABLES/TRACKING ERROR OPEN,NO MOTION OR SAFETY CREDIT
P03_RIGHT_FOOT_LIFT,R_gripper,R_hip_roll_link,136.353340,0.000000,NO,PASS,NOMINAL RIGID LINK ENVELOPES; TOLERANCE/COVERS/CABLES/TRACKING ERROR OPEN,NO MOTION OR SAFETY CREDIT
P03_RIGHT_FOOT_LIFT,R_gripper,R_hip_yaw_link,146.421447,0.000000,NO,PASS,NOMINAL RIGID LINK ENVELOPES; TOLERANCE/COVERS/CABLES/TRACKING ERROR OPEN,NO MOTION OR SAFETY CREDIT
P03_RIGHT_FOOT_LIFT,R_gripper,R_shin,68.233299,0.000000,NO,PASS,NOMINAL RIGID LINK ENVELOPES; TOLERANCE/COVERS/CABLES/TRACKING ERROR OPEN,NO MOTION OR SAFETY CREDIT
P03_RIGHT_FOOT_LIFT,R_gripper,R_shoulder_pitch_link,286.296372,0.000000,NO,PASS,NOMINAL RIGID LINK ENVELOPES; TOLERANCE/COVERS/CABLES/TRACKING ERROR OPEN,NO MOTION OR SAFETY CREDIT
P03_RIGHT_FOOT_LIFT,R_gripper,R_thigh,76.612795,0.000000,NO,PASS,NOMINAL RIGID LINK ENVELOPES; TOLERANCE/COVERS/CABLES/TRACKING ERROR OPEN,NO MOTION OR SAFETY CREDIT
P03_RIGHT_FOOT_LIFT,R_gripper,R_upper_arm,155.674568,0.000000,NO,PASS,NOMINAL RIGID LINK ENVELOPES; TOLERANCE/COVERS/CABLES/TRACKING ERROR OPEN,NO MOTION OR SAFETY CREDIT
P03_RIGHT_FOOT_LIFT,R_gripper,base_link,141.965564,0.000000,NO,PASS,NOMINAL RIGID LINK ENVELOPES; TOLERANCE/COVERS/CABLES/TRACKING ERROR OPEN,NO MOTION OR SAFETY CREDIT
P03_RIGHT_FOOT_LIFT,R_gripper,head,389.603890,0.000000,NO,PASS,NOMINAL RIGID LINK ENVELOPES; TOLERANCE/COVERS/CABLES/TRACKING ERROR OPEN,NO MOTION OR SAFETY CREDIT
P03_RIGHT_FOOT_LIFT,R_gripper,neck_pan_link,364.688385,0.000000,NO,PASS,NOMINAL RIGID LINK ENVELOPES; TOLERANCE/COVERS/CABLES/TRACKING ERROR OPEN,NO MOTION OR SAFETY CREDIT
P03_RIGHT_FOOT_LIFT,R_gripper,torso,200.621694,0.000000,NO,PASS,NOMINAL RIGID LINK ENVELOPES; TOLERANCE/COVERS/CABLES/TRACKING ERROR OPEN,NO MOTION OR SAFETY CREDIT
P03_RIGHT_FOOT_LIFT,R_hand,R_hip_roll_link,110.613553,0.000000,NO,PASS,NOMINAL RIGID LINK ENVELOPES; TOLERANCE/COVERS/CABLES/TRACKING ERROR OPEN,NO MOTION OR SAFETY CREDIT
P03_RIGHT_FOOT_LIFT,R_hand,R_hip_yaw_link,120.049991,0.000000,NO,PASS,NOMINAL RIGID LINK ENVELOPES; TOLERANCE/COVERS/CABLES/TRACKING ERROR OPEN,NO MOTION OR SAFETY CREDIT
P03_RIGHT_FOOT_LIFT,R_hand,R_shin,88.978901,0.000000,NO,PASS,NOMINAL RIGID LINK ENVELOPES; TOLERANCE/COVERS/CABLES/TRACKING ERROR OPEN,NO MOTION OR SAFETY CREDIT
P03_RIGHT_FOOT_LIFT,R_hand,R_shoulder_pitch_link,259.481026,0.000000,NO,PASS,NOMINAL RIGID LINK ENVELOPES; TOLERANCE/COVERS/CABLES/TRACKING ERROR OPEN,NO MOTION OR SAFETY CREDIT
P03_RIGHT_FOOT_LIFT,R_hand,R_thigh,62.956366,0.000000,NO,PASS,NOMINAL RIGID LINK ENVELOPES; TOLERANCE/COVERS/CABLES/TRACKING ERROR OPEN,NO MOTION OR SAFETY CREDIT
P03_RIGHT_FOOT_LIFT,R_hand,R_upper_arm,129.390361,0.000000,NO,PASS,NOMINAL RIGID LINK ENVELOPES; TOLERANCE/COVERS/CABLES/TRACKING ERROR OPEN,NO MOTION OR SAFETY CREDIT
P03_RIGHT_FOOT_LIFT,R_hand,base_link,117.753929,0.000000,NO,PASS,NOMINAL RIGID LINK ENVELOPES; TOLERANCE/COVERS/CABLES/TRACKING ERROR OPEN,NO MOTION OR SAFETY CREDIT
P03_RIGHT_FOOT_LIFT,R_hand,head,362.382045,0.000000,NO,PASS,NOMINAL RIGID LINK ENVELOPES; TOLERANCE/COVERS/CABLES/TRACKING ERROR OPEN,NO MOTION OR SAFETY CREDIT
P03_RIGHT_FOOT_LIFT,R_hand,neck_pan_link,336.897884,0.000000,NO,PASS,NOMINAL RIGID LINK ENVELOPES; TOLERANCE/COVERS/CABLES/TRACKING ERROR OPEN,NO MOTION OR SAFETY CREDIT
P03_RIGHT_FOOT_LIFT,R_hand,torso,172.827170,0.000000,NO,PASS,NOMINAL RIGID LINK ENVELOPES; TOLERANCE/COVERS/CABLES/TRACKING ERROR OPEN,NO MOTION OR SAFETY CREDIT
P03_RIGHT_FOOT_LIFT,R_hip_roll_link,R_shin,205.334033,0.000000,NO,PASS,NOMINAL RIGID LINK ENVELOPES; TOLERANCE/COVERS/CABLES/TRACKING ERROR OPEN,NO MOTION OR SAFETY CREDIT
P03_RIGHT_FOOT_LIFT,R_hip_roll_link,R_shoulder_pitch_link,140.500701,0.000000,NO,PASS,NOMINAL RIGID LINK ENVELOPES; TOLERANCE/COVERS/CABLES/TRACKING ERROR OPEN,NO MOTION OR SAFETY CREDIT
P03_RIGHT_FOOT_LIFT,R_hip_roll_link,R_upper_arm,32.699993,0.000000,NO,PASS,NOMINAL RIGID LINK ENVELOPES; TOLERANCE/COVERS/CABLES/TRACKING ERROR OPEN,NO MOTION OR SAFETY CREDIT
P03_RIGHT_FOOT_LIFT,R_hip_roll_link,head,234.090701,0.000000,NO,PASS,NOMINAL RIGID LINK ENVELOPES; TOLERANCE/COVERS/CABLES/TRACKING ERROR OPEN,NO MOTION OR SAFETY CREDIT
P03_RIGHT_FOOT_LIFT,R_hip_roll_link,neck_pan_link,186.601582,0.000000,NO,PASS,NOMINAL RIGID LINK ENVELOPES; TOLERANCE/COVERS/CABLES/TRACKING ERROR OPEN,NO MOTION OR SAFETY CREDIT
P03_RIGHT_FOOT_LIFT,R_hip_roll_link,torso,36.123701,0.000000,NO,PASS,NOMINAL RIGID LINK ENVELOPES; TOLERANCE/COVERS/CABLES/TRACKING ERROR OPEN,NO MOTION OR SAFETY CREDIT
P03_RIGHT_FOOT_LIFT,R_hip_yaw_link,R_shin,218.001332,0.000000,NO,PASS,NOMINAL RIGID LINK ENVELOPES; TOLERANCE/COVERS/CABLES/TRACKING ERROR OPEN,NO MOTION OR SAFETY CREDIT
P03_RIGHT_FOOT_LIFT,R_hip_yaw_link,R_shoulder_pitch_link,135.168000,0.000000,NO,PASS,NOMINAL RIGID LINK ENVELOPES; TOLERANCE/COVERS/CABLES/TRACKING ERROR OPEN,NO MOTION OR SAFETY CREDIT
P03_RIGHT_FOOT_LIFT,R_hip_yaw_link,R_upper_arm,27.475732,0.000000,NO,PASS,NOMINAL RIGID LINK ENVELOPES; TOLERANCE/COVERS/CABLES/TRACKING ERROR OPEN,NO MOTION OR SAFETY CREDIT
P03_RIGHT_FOOT_LIFT,R_hip_yaw_link,head,228.758000,0.000000,NO,PASS,NOMINAL RIGID LINK ENVELOPES; TOLERANCE/COVERS/CABLES/TRACKING ERROR OPEN,NO MOTION OR SAFETY CREDIT
P03_RIGHT_FOOT_LIFT,R_hip_yaw_link,neck_pan_link,181.305307,0.000000,NO,PASS,NOMINAL RIGID LINK ENVELOPES; TOLERANCE/COVERS/CABLES/TRACKING ERROR OPEN,NO MOTION OR SAFETY CREDIT
P03_RIGHT_FOOT_LIFT,R_hip_yaw_link,torso,30.791000,0.000000,NO,PASS,NOMINAL RIGID LINK ENVELOPES; TOLERANCE/COVERS/CABLES/TRACKING ERROR OPEN,NO MOTION OR SAFETY CREDIT
P03_RIGHT_FOOT_LIFT,R_shin,R_shoulder_pitch_link,393.169332,0.000000,NO,PASS,NOMINAL RIGID LINK ENVELOPES; TOLERANCE/COVERS/CABLES/TRACKING ERROR OPEN,NO MOTION OR SAFETY CREDIT
P03_RIGHT_FOOT_LIFT,R_shin,R_upper_arm,268.630003,0.000000,NO,PASS,NOMINAL RIGID LINK ENVELOPES; TOLERANCE/COVERS/CABLES/TRACKING ERROR OPEN,NO MOTION OR SAFETY CREDIT
P03_RIGHT_FOOT_LIFT,R_shin,base_link,195.867332,0.000000,NO,PASS,NOMINAL RIGID LINK ENVELOPES; TOLERANCE/COVERS/CABLES/TRACKING ERROR OPEN,NO MOTION OR SAFETY CREDIT
P03_RIGHT_FOOT_LIFT,R_shin,head,486.759332,0.000000,NO,PASS,NOMINAL RIGID LINK ENVELOPES; TOLERANCE/COVERS/CABLES/TRACKING ERROR OPEN,NO MOTION OR SAFETY CREDIT
P03_RIGHT_FOOT_LIFT,R_shin,neck_pan_link,440.754192,0.000000,NO,PASS,NOMINAL RIGID LINK ENVELOPES; TOLERANCE/COVERS/CABLES/TRACKING ERROR OPEN,NO MOTION OR SAFETY CREDIT
P03_RIGHT_FOOT_LIFT,R_shin,torso,288.792332,0.000000,NO,PASS,NOMINAL RIGID LINK ENVELOPES; TOLERANCE/COVERS/CABLES/TRACKING ERROR OPEN,NO MOTION OR SAFETY CREDIT
P03_RIGHT_FOOT_LIFT,R_shoulder_pitch_link,R_thigh,157.234219,0.000000,NO,PASS,NOMINAL RIGID LINK ENVELOPES; TOLERANCE/COVERS/CABLES/TRACKING ERROR OPEN,NO MOTION OR SAFETY CREDIT
P03_RIGHT_FOOT_LIFT,R_shoulder_pitch_link,base_link,127.374433,0.000000,NO,PASS,NOMINAL RIGID LINK ENVELOPES; TOLERANCE/COVERS/CABLES/TRACKING ERROR OPEN,NO MOTION OR SAFETY CREDIT
P03_RIGHT_FOOT_LIFT,R_shoulder_pitch_link,head,39.191231,0.000000,NO,PASS,NOMINAL RIGID LINK ENVELOPES; TOLERANCE/COVERS/CABLES/TRACKING ERROR OPEN,NO MOTION OR SAFETY CREDIT
P03_RIGHT_FOOT_LIFT,R_shoulder_pitch_link,neck_pan_link,56.284000,0.000000,NO,PASS,NOMINAL RIGID LINK ENVELOPES; TOLERANCE/COVERS/CABLES/TRACKING ERROR OPEN,NO MOTION OR SAFETY CREDIT
P03_RIGHT_FOOT_LIFT,R_thigh,R_upper_arm,40.225662,0.000000,NO,PASS,NOMINAL RIGID LINK ENVELOPES; TOLERANCE/COVERS/CABLES/TRACKING ERROR OPEN,NO MOTION OR SAFETY CREDIT
P03_RIGHT_FOOT_LIFT,R_thigh,head,250.824219,0.000000,NO,PASS,NOMINAL RIGID LINK ENVELOPES; TOLERANCE/COVERS/CABLES/TRACKING ERROR OPEN,NO MOTION OR SAFETY CREDIT
P03_RIGHT_FOOT_LIFT,R_thigh,neck_pan_link,203.323219,0.000000,NO,PASS,NOMINAL RIGID LINK ENVELOPES; TOLERANCE/COVERS/CABLES/TRACKING ERROR OPEN,NO MOTION OR SAFETY CREDIT
P03_RIGHT_FOOT_LIFT,R_thigh,torso,52.857219,0.000000,NO,PASS,NOMINAL RIGID LINK ENVELOPES; TOLERANCE/COVERS/CABLES/TRACKING ERROR OPEN,NO MOTION OR SAFETY CREDIT
P03_RIGHT_FOOT_LIFT,R_upper_arm,base_link,36.219314,0.000000,NO,PASS,NOMINAL RIGID LINK ENVELOPES; TOLERANCE/COVERS/CABLES/TRACKING ERROR OPEN,NO MOTION OR SAFETY CREDIT
P03_RIGHT_FOOT_LIFT,R_upper_arm,head,63.066022,0.000000,NO,PASS,NOMINAL RIGID LINK ENVELOPES; TOLERANCE/COVERS/CABLES/TRACKING ERROR OPEN,NO MOTION OR SAFETY CREDIT
P03_RIGHT_FOOT_LIFT,R_upper_arm,neck_pan_link,58.768347,0.000000,NO,PASS,NOMINAL RIGID LINK ENVELOPES; TOLERANCE/COVERS/CABLES/TRACKING ERROR OPEN,NO MOTION OR SAFETY CREDIT
P03_RIGHT_FOOT_LIFT,base_link,head,220.892000,0.000000,NO,PASS,NOMINAL RIGID LINK ENVELOPES; TOLERANCE/COVERS/CABLES/TRACKING ERROR OPEN,NO MOTION OR SAFETY CREDIT
P03_RIGHT_FOOT_LIFT,base_link,neck_pan_link,173.391000,0.000000,NO,PASS,NOMINAL RIGID LINK ENVELOPES; TOLERANCE/COVERS/CABLES/TRACKING ERROR OPEN,NO MOTION OR SAFETY CREDIT
P03_RIGHT_FOOT_LIFT,head,torso,42.967000,0.000000,NO,PASS,NOMINAL RIGID LINK ENVELOPES; TOLERANCE/COVERS/CABLES/TRACKING ERROR OPEN,NO MOTION OR SAFETY CREDIT
P04_RIGHT_CAPTURE_STEP,L_ankle_pitch_link,L_forearm,212.247517,0.000000,NO,PASS,NOMINAL RIGID LINK ENVELOPES; TOLERANCE/COVERS/CABLES/TRACKING ERROR OPEN,NO MOTION OR SAFETY CREDIT
P04_RIGHT_CAPTURE_STEP,L_ankle_pitch_link,L_gripper,144.604954,0.000000,NO,PASS,NOMINAL RIGID LINK ENVELOPES; TOLERANCE/COVERS/CABLES/TRACKING ERROR OPEN,NO MOTION OR SAFETY CREDIT
P04_RIGHT_CAPTURE_STEP,L_ankle_pitch_link,L_hand,169.688949,0.000000,NO,PASS,NOMINAL RIGID LINK ENVELOPES; TOLERANCE/COVERS/CABLES/TRACKING ERROR OPEN,NO MOTION OR SAFETY CREDIT
P04_RIGHT_CAPTURE_STEP,L_ankle_pitch_link,L_hip_roll_link,285.684511,0.000000,NO,PASS,NOMINAL RIGID LINK ENVELOPES; TOLERANCE/COVERS/CABLES/TRACKING ERROR OPEN,NO MOTION OR SAFETY CREDIT
P04_RIGHT_CAPTURE_STEP,L_ankle_pitch_link,L_hip_yaw_link,298.351809,0.000000,NO,PASS,NOMINAL RIGID LINK ENVELOPES; TOLERANCE/COVERS/CABLES/TRACKING ERROR OPEN,NO MOTION OR SAFETY CREDIT
P04_RIGHT_CAPTURE_STEP,L_ankle_pitch_link,L_shoulder_pitch_link,464.189093,0.000000,NO,PASS,NOMINAL RIGID LINK ENVELOPES; TOLERANCE/COVERS/CABLES/TRACKING ERROR OPEN,NO MOTION OR SAFETY CREDIT
P04_RIGHT_CAPTURE_STEP,L_ankle_pitch_link,L_thigh,162.370130,0.000000,NO,PASS,NOMINAL RIGID LINK ENVELOPES; TOLERANCE/COVERS/CABLES/TRACKING ERROR OPEN,NO MOTION OR SAFETY CREDIT
P04_RIGHT_CAPTURE_STEP,L_ankle_pitch_link,L_upper_arm,350.515865,0.000000,NO,PASS,NOMINAL RIGID LINK ENVELOPES; TOLERANCE/COVERS/CABLES/TRACKING ERROR OPEN,NO MOTION OR SAFETY CREDIT
P04_RIGHT_CAPTURE_STEP,L_ankle_pitch_link,R_ankle_pitch_link,50.737069,0.000000,NO,PASS,NOMINAL RIGID LINK ENVELOPES; TOLERANCE/COVERS/CABLES/TRACKING ERROR OPEN,NO MOTION OR SAFETY CREDIT
P04_RIGHT_CAPTURE_STEP,L_ankle_pitch_link,R_foot,42.688621,0.000000,NO,PASS,NOMINAL RIGID LINK ENVELOPES; TOLERANCE/COVERS/CABLES/TRACKING ERROR OPEN,NO MOTION OR SAFETY CREDIT
P04_RIGHT_CAPTURE_STEP,L_ankle_pitch_link,R_forearm,230.244842,0.000000,NO,PASS,NOMINAL RIGID LINK ENVELOPES; TOLERANCE/COVERS/CABLES/TRACKING ERROR OPEN,NO MOTION OR SAFETY CREDIT
P04_RIGHT_CAPTURE_STEP,L_ankle_pitch_link,R_gripper,185.538770,0.000000,NO,PASS,NOMINAL RIGID LINK ENVELOPES; TOLERANCE/COVERS/CABLES/TRACKING ERROR OPEN,NO MOTION OR SAFETY CREDIT
P04_RIGHT_CAPTURE_STEP,L_ankle_pitch_link,R_hand,194.000470,0.000000,NO,PASS,NOMINAL RIGID LINK ENVELOPES; TOLERANCE/COVERS/CABLES/TRACKING ERROR OPEN,NO MOTION OR SAFETY CREDIT
P04_RIGHT_CAPTURE_STEP,L_ankle_pitch_link,R_hip_roll_link,285.757380,0.000000,NO,PASS,NOMINAL RIGID LINK ENVELOPES; TOLERANCE/COVERS/CABLES/TRACKING ERROR OPEN,NO MOTION OR SAFETY CREDIT
P04_RIGHT_CAPTURE_STEP,L_ankle_pitch_link,R_hip_yaw_link,298.473788,0.000000,NO,PASS,NOMINAL RIGID LINK ENVELOPES; TOLERANCE/COVERS/CABLES/TRACKING ERROR OPEN,NO MOTION OR SAFETY CREDIT
P04_RIGHT_CAPTURE_STEP,L_ankle_pitch_link,R_shin,56.583983,0.000000,NO,PASS,NOMINAL RIGID LINK ENVELOPES; TOLERANCE/COVERS/CABLES/TRACKING ERROR OPEN,NO MOTION OR SAFETY CREDIT
P04_RIGHT_CAPTURE_STEP,L_ankle_pitch_link,R_shoulder_pitch_link,476.440609,0.000000,NO,PASS,NOMINAL RIGID LINK ENVELOPES; TOLERANCE/COVERS/CABLES/TRACKING ERROR OPEN,NO MOTION OR SAFETY CREDIT
P04_RIGHT_CAPTURE_STEP,L_ankle_pitch_link,R_thigh,161.388064,0.000000,NO,PASS,NOMINAL RIGID LINK ENVELOPES; TOLERANCE/COVERS/CABLES/TRACKING ERROR OPEN,NO MOTION OR SAFETY CREDIT
P04_RIGHT_CAPTURE_STEP,L_ankle_pitch_link,R_upper_arm,353.206779,0.000000,NO,PASS,NOMINAL RIGID LINK ENVELOPES; TOLERANCE/COVERS/CABLES/TRACKING ERROR OPEN,NO MOTION OR SAFETY CREDIT
P04_RIGHT_CAPTURE_STEP,L_ankle_pitch_link,base_link,276.217809,0.000000,NO,PASS,NOMINAL RIGID LINK ENVELOPES; TOLERANCE/COVERS/CABLES/TRACKING ERROR OPEN,NO MOTION OR SAFETY CREDIT
P04_RIGHT_CAPTURE_STEP,L_ankle_pitch_link,head,567.109809,0.000000,NO,PASS,NOMINAL RIGID LINK ENVELOPES; TOLERANCE/COVERS/CABLES/TRACKING ERROR OPEN,NO MOTION OR SAFETY CREDIT
P04_RIGHT_CAPTURE_STEP,L_ankle_pitch_link,neck_pan_link,519.608809,0.000000,NO,PASS,NOMINAL RIGID LINK ENVELOPES; TOLERANCE/COVERS/CABLES/TRACKING ERROR OPEN,NO MOTION OR SAFETY CREDIT
P04_RIGHT_CAPTURE_STEP,L_ankle_pitch_link,torso,369.142809,0.000000,NO,PASS,NOMINAL RIGID LINK ENVELOPES; TOLERANCE/COVERS/CABLES/TRACKING ERROR OPEN,NO MOTION OR SAFETY CREDIT
P04_RIGHT_CAPTURE_STEP,L_foot,L_forearm,254.431806,0.000000,NO,PASS,NOMINAL RIGID LINK ENVELOPES; TOLERANCE/COVERS/CABLES/TRACKING ERROR OPEN,NO MOTION OR SAFETY CREDIT
P04_RIGHT_CAPTURE_STEP,L_foot,L_gripper,181.074990,0.000000,NO,PASS,NOMINAL RIGID LINK ENVELOPES; TOLERANCE/COVERS/CABLES/TRACKING ERROR OPEN,NO MOTION OR SAFETY CREDIT
P04_RIGHT_CAPTURE_STEP,L_foot,L_hand,209.497611,0.000000,NO,PASS,NOMINAL RIGID LINK ENVELOPES; TOLERANCE/COVERS/CABLES/TRACKING ERROR OPEN,NO MOTION OR SAFETY CREDIT
P04_RIGHT_CAPTURE_STEP,L_foot,L_hip_roll_link,331.490269,0.000000,NO,PASS,NOMINAL RIGID LINK ENVELOPES; TOLERANCE/COVERS/CABLES/TRACKING ERROR OPEN,NO MOTION OR SAFETY CREDIT
P04_RIGHT_CAPTURE_STEP,L_foot,L_hip_yaw_link,344.157568,0.000000,NO,PASS,NOMINAL RIGID LINK ENVELOPES; TOLERANCE/COVERS/CABLES/TRACKING ERROR OPEN,NO MOTION OR SAFETY CREDIT
P04_RIGHT_CAPTURE_STEP,L_foot,L_shoulder_pitch_link,509.322208,0.000000,NO,PASS,NOMINAL RIGID LINK ENVELOPES; TOLERANCE/COVERS/CABLES/TRACKING ERROR OPEN,NO MOTION OR SAFETY CREDIT
P04_RIGHT_CAPTURE_STEP,L_foot,L_thigh,208.175888,0.000000,NO,PASS,NOMINAL RIGID LINK ENVELOPES; TOLERANCE/COVERS/CABLES/TRACKING ERROR OPEN,NO MOTION OR SAFETY CREDIT
P04_RIGHT_CAPTURE_STEP,L_foot,L_upper_arm,395.412057,0.000000,NO,PASS,NOMINAL RIGID LINK ENVELOPES; TOLERANCE/COVERS/CABLES/TRACKING ERROR OPEN,NO MOTION OR SAFETY CREDIT
P04_RIGHT_CAPTURE_STEP,L_foot,R_ankle_pitch_link,40.549797,0.000000,NO,PASS,NOMINAL RIGID LINK ENVELOPES; TOLERANCE/COVERS/CABLES/TRACKING ERROR OPEN,NO MOTION OR SAFETY CREDIT
P04_RIGHT_CAPTURE_STEP,L_foot,R_foot,32.275223,0.000000,NO,PASS,NOMINAL RIGID LINK ENVELOPES; TOLERANCE/COVERS/CABLES/TRACKING ERROR OPEN,NO MOTION OR SAFETY CREDIT
P04_RIGHT_CAPTURE_STEP,L_foot,R_forearm,269.567431,0.000000,NO,PASS,NOMINAL RIGID LINK ENVELOPES; TOLERANCE/COVERS/CABLES/TRACKING ERROR OPEN,NO MOTION OR SAFETY CREDIT
P04_RIGHT_CAPTURE_STEP,L_foot,R_gripper,208.079239,0.000000,NO,PASS,NOMINAL RIGID LINK ENVELOPES; TOLERANCE/COVERS/CABLES/TRACKING ERROR OPEN,NO MOTION OR SAFETY CREDIT
P04_RIGHT_CAPTURE_STEP,L_foot,R_hand,226.024702,0.000000,NO,PASS,NOMINAL RIGID LINK ENVELOPES; TOLERANCE/COVERS/CABLES/TRACKING ERROR OPEN,NO MOTION OR SAFETY CREDIT
P04_RIGHT_CAPTURE_STEP,L_foot,R_hip_roll_link,331.490269,0.000000,NO,PASS,NOMINAL RIGID LINK ENVELOPES; TOLERANCE/COVERS/CABLES/TRACKING ERROR OPEN,NO MOTION OR SAFETY CREDIT
P04_RIGHT_CAPTURE_STEP,L_foot,R_hip_yaw_link,344.157568,0.000000,NO,PASS,NOMINAL RIGID LINK ENVELOPES; TOLERANCE/COVERS/CABLES/TRACKING ERROR OPEN,NO MOTION OR SAFETY CREDIT
P04_RIGHT_CAPTURE_STEP,L_foot,R_shin,46.741554,0.000000,NO,PASS,NOMINAL RIGID LINK ENVELOPES; TOLERANCE/COVERS/CABLES/TRACKING ERROR OPEN,NO MOTION OR SAFETY CREDIT
P04_RIGHT_CAPTURE_STEP,L_foot,R_shoulder_pitch_link,520.799460,0.000000,NO,PASS,NOMINAL RIGID LINK ENVELOPES; TOLERANCE/COVERS/CABLES/TRACKING ERROR OPEN,NO MOTION OR SAFETY CREDIT
P04_RIGHT_CAPTURE_STEP,L_foot,R_thigh,207.167650,0.000000,NO,PASS,NOMINAL RIGID LINK ENVELOPES; TOLERANCE/COVERS/CABLES/TRACKING ERROR OPEN,NO MOTION OR SAFETY CREDIT
P04_RIGHT_CAPTURE_STEP,L_foot,R_upper_arm,397.116138,0.000000,NO,PASS,NOMINAL RIGID LINK ENVELOPES; TOLERANCE/COVERS/CABLES/TRACKING ERROR OPEN,NO MOTION OR SAFETY CREDIT
P04_RIGHT_CAPTURE_STEP,L_foot,base_link,322.023568,0.000000,NO,PASS,NOMINAL RIGID LINK ENVELOPES; TOLERANCE/COVERS/CABLES/TRACKING ERROR OPEN,NO MOTION OR SAFETY CREDIT
P04_RIGHT_CAPTURE_STEP,L_foot,head,612.915568,0.000000,NO,PASS,NOMINAL RIGID LINK ENVELOPES; TOLERANCE/COVERS/CABLES/TRACKING ERROR OPEN,NO MOTION OR SAFETY CREDIT
P04_RIGHT_CAPTURE_STEP,L_foot,neck_pan_link,565.414568,0.000000,NO,PASS,NOMINAL RIGID LINK ENVELOPES; TOLERANCE/COVERS/CABLES/TRACKING ERROR OPEN,NO MOTION OR SAFETY CREDIT
P04_RIGHT_CAPTURE_STEP,L_foot,torso,414.948568,0.000000,NO,PASS,NOMINAL RIGID LINK ENVELOPES; TOLERANCE/COVERS/CABLES/TRACKING ERROR OPEN,NO MOTION OR SAFETY CREDIT
P04_RIGHT_CAPTURE_STEP,L_forearm,L_gripper,23.673000,0.000000,NO,PASS,NOMINAL RIGID LINK ENVELOPES; TOLERANCE/COVERS/CABLES/TRACKING ERROR OPEN,NO MOTION OR SAFETY CREDIT
P04_RIGHT_CAPTURE_STEP,L_forearm,L_hip_roll_link,16.668637,0.000000,NO,PASS,NOMINAL RIGID LINK ENVELOPES; TOLERANCE/COVERS/CABLES/TRACKING ERROR OPEN,NO MOTION OR SAFETY CREDIT
P04_RIGHT_CAPTURE_STEP,L_forearm,L_hip_yaw_link,18.748000,0.000000,NO,PASS,NOMINAL RIGID LINK ENVELOPES; TOLERANCE/COVERS/CABLES/TRACKING ERROR OPEN,NO MOTION OR SAFETY CREDIT
P04_RIGHT_CAPTURE_STEP,L_forearm,L_shin,143.417661,0.000000,NO,PASS,NOMINAL RIGID LINK ENVELOPES; TOLERANCE/COVERS/CABLES/TRACKING ERROR OPEN,NO MOTION OR SAFETY CREDIT
P04_RIGHT_CAPTURE_STEP,L_forearm,L_shoulder_pitch_link,113.266348,0.000000,NO,PASS,NOMINAL RIGID LINK ENVELOPES; TOLERANCE/COVERS/CABLES/TRACKING ERROR OPEN,NO MOTION OR SAFETY CREDIT
P04_RIGHT_CAPTURE_STEP,L_forearm,L_thigh,15.099481,0.000000,NO,PASS,NOMINAL RIGID LINK ENVELOPES; TOLERANCE/COVERS/CABLES/TRACKING ERROR OPEN,NO MOTION OR SAFETY CREDIT
P04_RIGHT_CAPTURE_STEP,L_forearm,R_ankle_pitch_link,261.767412,0.000000,NO,PASS,NOMINAL RIGID LINK ENVELOPES; TOLERANCE/COVERS/CABLES/TRACKING ERROR OPEN,NO MOTION OR SAFETY CREDIT
P04_RIGHT_CAPTURE_STEP,L_forearm,R_foot,290.809575,0.000000,NO,PASS,NOMINAL RIGID LINK ENVELOPES; TOLERANCE/COVERS/CABLES/TRACKING ERROR OPEN,NO MOTION OR SAFETY CREDIT
P04_RIGHT_CAPTURE_STEP,L_forearm,R_forearm,227.334512,0.000000,NO,PASS,NOMINAL RIGID LINK ENVELOPES; TOLERANCE/COVERS/CABLES/TRACKING ERROR OPEN,NO MOTION OR SAFETY CREDIT
P04_RIGHT_CAPTURE_STEP,L_forearm,R_gripper,256.811672,0.000000,NO,PASS,NOMINAL RIGID LINK ENVELOPES; TOLERANCE/COVERS/CABLES/TRACKING ERROR OPEN,NO MOTION OR SAFETY CREDIT
P04_RIGHT_CAPTURE_STEP,L_forearm,R_hand,241.560481,0.000000,NO,PASS,NOMINAL RIGID LINK ENVELOPES; TOLERANCE/COVERS/CABLES/TRACKING ERROR OPEN,NO MOTION OR SAFETY CREDIT
P04_RIGHT_CAPTURE_STEP,L_forearm,R_hip_roll_link,141.668637,0.000000,NO,PASS,NOMINAL RIGID LINK ENVELOPES; TOLERANCE/COVERS/CABLES/TRACKING ERROR OPEN,NO MOTION OR SAFETY CREDIT
P04_RIGHT_CAPTURE_STEP,L_forearm,R_hip_yaw_link,143.748000,0.000000,NO,PASS,NOMINAL RIGID LINK ENVELOPES; TOLERANCE/COVERS/CABLES/TRACKING ERROR OPEN,NO MOTION OR SAFETY CREDIT
P04_RIGHT_CAPTURE_STEP,L_forearm,R_shin,206.898245,0.000000,NO,PASS,NOMINAL RIGID LINK ENVELOPES; TOLERANCE/COVERS/CABLES/TRACKING ERROR OPEN,NO MOTION OR SAFETY CREDIT
P04_RIGHT_CAPTURE_STEP,L_forearm,R_shoulder_pitch_link,231.368552,0.000000,NO,PASS,NOMINAL RIGID LINK ENVELOPES; TOLERANCE/COVERS/CABLES/TRACKING ERROR OPEN,NO MOTION OR SAFETY CREDIT
P04_RIGHT_CAPTURE_STEP,L_forearm,R_thigh,138.122134,0.000000,NO,PASS,NOMINAL RIGID LINK ENVELOPES; TOLERANCE/COVERS/CABLES/TRACKING ERROR OPEN,NO MOTION OR SAFETY CREDIT
P04_RIGHT_CAPTURE_STEP,L_forearm,R_upper_arm,192.410000,0.000000,NO,PASS,NOMINAL RIGID LINK ENVELOPES; TOLERANCE/COVERS/CABLES/TRACKING ERROR OPEN,NO MOTION OR SAFETY CREDIT
P04_RIGHT_CAPTURE_STEP,L_forearm,base_link,36.552000,0.000000,NO,PASS,NOMINAL RIGID LINK ENVELOPES; TOLERANCE/COVERS/CABLES/TRACKING ERROR OPEN,NO MOTION OR SAFETY CREDIT
P04_RIGHT_CAPTURE_STEP,L_forearm,head,221.053007,0.000000,NO,PASS,NOMINAL RIGID LINK ENVELOPES; TOLERANCE/COVERS/CABLES/TRACKING ERROR OPEN,NO MOTION OR SAFETY CREDIT
P04_RIGHT_CAPTURE_STEP,L_forearm,neck_pan_link,190.523871,0.000000,NO,PASS,NOMINAL RIGID LINK ENVELOPES; TOLERANCE/COVERS/CABLES/TRACKING ERROR OPEN,NO MOTION OR SAFETY CREDIT
P04_RIGHT_CAPTURE_STEP,L_forearm,torso,31.539395,0.000000,NO,PASS,NOMINAL RIGID LINK ENVELOPES; TOLERANCE/COVERS/CABLES/TRACKING ERROR OPEN,NO MOTION OR SAFETY CREDIT
P04_RIGHT_CAPTURE_STEP,L_gripper,L_hip_roll_link,109.970838,0.000000,NO,PASS,NOMINAL RIGID LINK ENVELOPES; TOLERANCE/COVERS/CABLES/TRACKING ERROR OPEN,NO MOTION OR SAFETY CREDIT
P04_RIGHT_CAPTURE_STEP,L_gripper,L_hip_yaw_link,122.685164,0.000000,NO,PASS,NOMINAL RIGID LINK ENVELOPES; TOLERANCE/COVERS/CABLES/TRACKING ERROR OPEN,NO MOTION OR SAFETY CREDIT
P04_RIGHT_CAPTURE_STEP,L_gripper,L_shin,86.125279,0.000000,NO,PASS,NOMINAL RIGID LINK ENVELOPES; TOLERANCE/COVERS/CABLES/TRACKING ERROR OPEN,NO MOTION OR SAFETY CREDIT
P04_RIGHT_CAPTURE_STEP,L_gripper,L_shoulder_pitch_link,281.741932,0.000000,NO,PASS,NOMINAL RIGID LINK ENVELOPES; TOLERANCE/COVERS/CABLES/TRACKING ERROR OPEN,NO MOTION OR SAFETY CREDIT
P04_RIGHT_CAPTURE_STEP,L_gripper,L_thigh,48.739736,0.000000,NO,PASS,NOMINAL RIGID LINK ENVELOPES; TOLERANCE/COVERS/CABLES/TRACKING ERROR OPEN,NO MOTION OR SAFETY CREDIT
P04_RIGHT_CAPTURE_STEP,L_gripper,L_upper_arm,167.601610,0.000000,NO,PASS,NOMINAL RIGID LINK ENVELOPES; TOLERANCE/COVERS/CABLES/TRACKING ERROR OPEN,NO MOTION OR SAFETY CREDIT
P04_RIGHT_CAPTURE_STEP,L_gripper,R_ankle_pitch_link,226.894957,0.000000,NO,PASS,NOMINAL RIGID LINK ENVELOPES; TOLERANCE/COVERS/CABLES/TRACKING ERROR OPEN,NO MOTION OR SAFETY CREDIT
P04_RIGHT_CAPTURE_STEP,L_gripper,R_foot,244.377528,0.000000,NO,PASS,NOMINAL RIGID LINK ENVELOPES; TOLERANCE/COVERS/CABLES/TRACKING ERROR OPEN,NO MOTION OR SAFETY CREDIT
P04_RIGHT_CAPTURE_STEP,L_gripper,R_forearm,245.766315,0.000000,NO,PASS,NOMINAL RIGID LINK ENVELOPES; TOLERANCE/COVERS/CABLES/TRACKING ERROR OPEN,NO MOTION OR SAFETY CREDIT
P04_RIGHT_CAPTURE_STEP,L_gripper,R_gripper,271.580191,0.000000,NO,PASS,NOMINAL RIGID LINK ENVELOPES; TOLERANCE/COVERS/CABLES/TRACKING ERROR OPEN,NO MOTION OR SAFETY CREDIT
P04_RIGHT_CAPTURE_STEP,L_gripper,R_hand,256.863634,0.000000,NO,PASS,NOMINAL RIGID LINK ENVELOPES; TOLERANCE/COVERS/CABLES/TRACKING ERROR OPEN,NO MOTION OR SAFETY CREDIT
P04_RIGHT_CAPTURE_STEP,L_gripper,R_hip_roll_link,189.930893,0.000000,NO,PASS,NOMINAL RIGID LINK ENVELOPES; TOLERANCE/COVERS/CABLES/TRACKING ERROR OPEN,NO MOTION OR SAFETY CREDIT
P04_RIGHT_CAPTURE_STEP,L_gripper,R_hip_yaw_link,198.875965,0.000000,NO,PASS,NOMINAL RIGID LINK ENVELOPES; TOLERANCE/COVERS/CABLES/TRACKING ERROR OPEN,NO MOTION OR SAFETY CREDIT
P04_RIGHT_CAPTURE_STEP,L_gripper,R_shin,193.238942,0.000000,NO,PASS,NOMINAL RIGID LINK ENVELOPES; TOLERANCE/COVERS/CABLES/TRACKING ERROR OPEN,NO MOTION OR SAFETY CREDIT
P04_RIGHT_CAPTURE_STEP,L_gripper,R_shoulder_pitch_link,360.914351,0.000000,NO,PASS,NOMINAL RIGID LINK ENVELOPES; TOLERANCE/COVERS/CABLES/TRACKING ERROR OPEN,NO MOTION OR SAFETY CREDIT
P04_RIGHT_CAPTURE_STEP,L_gripper,R_thigh,154.874134,0.000000,NO,PASS,NOMINAL RIGID LINK ENVELOPES; TOLERANCE/COVERS/CABLES/TRACKING ERROR OPEN,NO MOTION OR SAFETY CREDIT
P04_RIGHT_CAPTURE_STEP,L_gripper,R_upper_arm,268.046004,0.000000,NO,PASS,NOMINAL RIGID LINK ENVELOPES; TOLERANCE/COVERS/CABLES/TRACKING ERROR OPEN,NO MOTION OR SAFETY CREDIT
P04_RIGHT_CAPTURE_STEP,L_gripper,base_link,109.196786,0.000000,NO,PASS,NOMINAL RIGID LINK ENVELOPES; TOLERANCE/COVERS/CABLES/TRACKING ERROR OPEN,NO MOTION OR SAFETY CREDIT
P04_RIGHT_CAPTURE_STEP,L_gripper,head,390.081684,0.000000,NO,PASS,NOMINAL RIGID LINK ENVELOPES; TOLERANCE/COVERS/CABLES/TRACKING ERROR OPEN,NO MOTION OR SAFETY CREDIT
P04_RIGHT_CAPTURE_STEP,L_gripper,neck_pan_link,353.810460,0.000000,NO,PASS,NOMINAL RIGID LINK ENVELOPES; TOLERANCE/COVERS/CABLES/TRACKING ERROR OPEN,NO MOTION OR SAFETY CREDIT
P04_RIGHT_CAPTURE_STEP,L_gripper,torso,191.149830,0.000000,NO,PASS,NOMINAL RIGID LINK ENVELOPES; TOLERANCE/COVERS/CABLES/TRACKING ERROR OPEN,NO MOTION OR SAFETY CREDIT
P04_RIGHT_CAPTURE_STEP,L_hand,L_hip_roll_link,83.223049,0.000000,NO,PASS,NOMINAL RIGID LINK ENVELOPES; TOLERANCE/COVERS/CABLES/TRACKING ERROR OPEN,NO MOTION OR SAFETY CREDIT
P04_RIGHT_CAPTURE_STEP,L_hand,L_hip_yaw_link,95.952159,0.000000,NO,PASS,NOMINAL RIGID LINK ENVELOPES; TOLERANCE/COVERS/CABLES/TRACKING ERROR OPEN,NO MOTION OR SAFETY CREDIT
P04_RIGHT_CAPTURE_STEP,L_hand,L_shin,104.195827,0.000000,NO,PASS,NOMINAL RIGID LINK ENVELOPES; TOLERANCE/COVERS/CABLES/TRACKING ERROR OPEN,NO MOTION OR SAFETY CREDIT
P04_RIGHT_CAPTURE_STEP,L_hand,L_shoulder_pitch_link,256.418187,0.000000,NO,PASS,NOMINAL RIGID LINK ENVELOPES; TOLERANCE/COVERS/CABLES/TRACKING ERROR OPEN,NO MOTION OR SAFETY CREDIT
P04_RIGHT_CAPTURE_STEP,L_hand,L_thigh,36.504759,0.000000,NO,PASS,NOMINAL RIGID LINK ENVELOPES; TOLERANCE/COVERS/CABLES/TRACKING ERROR OPEN,NO MOTION OR SAFETY CREDIT
P04_RIGHT_CAPTURE_STEP,L_hand,L_upper_arm,142.289853,0.000000,NO,PASS,NOMINAL RIGID LINK ENVELOPES; TOLERANCE/COVERS/CABLES/TRACKING ERROR OPEN,NO MOTION OR SAFETY CREDIT
P04_RIGHT_CAPTURE_STEP,L_hand,R_ankle_pitch_link,236.684463,0.000000,NO,PASS,NOMINAL RIGID LINK ENVELOPES; TOLERANCE/COVERS/CABLES/TRACKING ERROR OPEN,NO MOTION OR SAFETY CREDIT
P04_RIGHT_CAPTURE_STEP,L_hand,R_foot,259.761314,0.000000,NO,PASS,NOMINAL RIGID LINK ENVELOPES; TOLERANCE/COVERS/CABLES/TRACKING ERROR OPEN,NO MOTION OR SAFETY CREDIT
P04_RIGHT_CAPTURE_STEP,L_hand,R_forearm,235.428940,0.000000,NO,PASS,NOMINAL RIGID LINK ENVELOPES; TOLERANCE/COVERS/CABLES/TRACKING ERROR OPEN,NO MOTION OR SAFETY CREDIT
P04_RIGHT_CAPTURE_STEP,L_hand,R_gripper,264.247616,0.000000,NO,PASS,NOMINAL RIGID LINK ENVELOPES; TOLERANCE/COVERS/CABLES/TRACKING ERROR OPEN,NO MOTION OR SAFETY CREDIT
P04_RIGHT_CAPTURE_STEP,L_hand,R_hand,249.196910,0.000000,NO,PASS,NOMINAL RIGID LINK ENVELOPES; TOLERANCE/COVERS/CABLES/TRACKING ERROR OPEN,NO MOTION OR SAFETY CREDIT
P04_RIGHT_CAPTURE_STEP,L_hand,R_hip_roll_link,169.524291,0.000000,NO,PASS,NOMINAL RIGID LINK ENVELOPES; TOLERANCE/COVERS/CABLES/TRACKING ERROR OPEN,NO MOTION OR SAFETY CREDIT
P04_RIGHT_CAPTURE_STEP,L_hand,R_hip_yaw_link,177.592417,0.000000,NO,PASS,NOMINAL RIGID LINK ENVELOPES; TOLERANCE/COVERS/CABLES/TRACKING ERROR OPEN,NO MOTION OR SAFETY CREDIT
P04_RIGHT_CAPTURE_STEP,L_hand,R_shin,192.865184,0.000000,NO,PASS,NOMINAL RIGID LINK ENVELOPES; TOLERANCE/COVERS/CABLES/TRACKING ERROR OPEN,NO MOTION OR SAFETY CREDIT
P04_RIGHT_CAPTURE_STEP,L_hand,R_shoulder_pitch_link,335.445531,0.000000,NO,PASS,NOMINAL RIGID LINK ENVELOPES; TOLERANCE/COVERS/CABLES/TRACKING ERROR OPEN,NO MOTION OR SAFETY CREDIT
P04_RIGHT_CAPTURE_STEP,L_hand,R_thigh,146.203134,0.000000,NO,PASS,NOMINAL RIGID LINK ENVELOPES; TOLERANCE/COVERS/CABLES/TRACKING ERROR OPEN,NO MOTION OR SAFETY CREDIT
P04_RIGHT_CAPTURE_STEP,L_hand,R_upper_arm,245.868276,0.000000,NO,PASS,NOMINAL RIGID LINK ENVELOPES; TOLERANCE/COVERS/CABLES/TRACKING ERROR OPEN,NO MOTION OR SAFETY CREDIT
P04_RIGHT_CAPTURE_STEP,L_hand,base_link,83.011139,0.000000,NO,PASS,NOMINAL RIGID LINK ENVELOPES; TOLERANCE/COVERS/CABLES/TRACKING ERROR OPEN,NO MOTION OR SAFETY CREDIT
P04_RIGHT_CAPTURE_STEP,L_hand,head,363.835757,0.000000,NO,PASS,NOMINAL RIGID LINK ENVELOPES; TOLERANCE/COVERS/CABLES/TRACKING ERROR OPEN,NO MOTION OR SAFETY CREDIT
P04_RIGHT_CAPTURE_STEP,L_hand,neck_pan_link,327.074145,0.000000,NO,PASS,NOMINAL RIGID LINK ENVELOPES; TOLERANCE/COVERS/CABLES/TRACKING ERROR OPEN,NO MOTION OR SAFETY CREDIT
P04_RIGHT_CAPTURE_STEP,L_hand,torso,164.766425,0.000000,NO,PASS,NOMINAL RIGID LINK ENVELOPES; TOLERANCE/COVERS/CABLES/TRACKING ERROR OPEN,NO MOTION OR SAFETY CREDIT
P04_RIGHT_CAPTURE_STEP,L_hip_roll_link,L_shin,216.662406,0.000000,NO,PASS,NOMINAL RIGID LINK ENVELOPES; TOLERANCE/COVERS/CABLES/TRACKING ERROR OPEN,NO MOTION OR SAFETY CREDIT
P04_RIGHT_CAPTURE_STEP,L_hip_roll_link,L_shoulder_pitch_link,129.625857,0.000000,NO,PASS,NOMINAL RIGID LINK ENVELOPES; TOLERANCE/COVERS/CABLES/TRACKING ERROR OPEN,NO MOTION OR SAFETY CREDIT
P04_RIGHT_CAPTURE_STEP,L_hip_roll_link,L_upper_arm,22.765033,0.000000,NO,PASS,NOMINAL RIGID LINK ENVELOPES; TOLERANCE/COVERS/CABLES/TRACKING ERROR OPEN,NO MOTION OR SAFETY CREDIT
P04_RIGHT_CAPTURE_STEP,L_hip_roll_link,R_ankle_pitch_link,287.371267,0.000000,NO,PASS,NOMINAL RIGID LINK ENVELOPES; TOLERANCE/COVERS/CABLES/TRACKING ERROR OPEN,NO MOTION OR SAFETY CREDIT
P04_RIGHT_CAPTURE_STEP,L_hip_roll_link,R_foot,327.955387,0.000000,NO,PASS,NOMINAL RIGID LINK ENVELOPES; TOLERANCE/COVERS/CABLES/TRACKING ERROR OPEN,NO MOTION OR SAFETY CREDIT
P04_RIGHT_CAPTURE_STEP,L_hip_roll_link,R_forearm,145.937637,0.000000,NO,PASS,NOMINAL RIGID LINK ENVELOPES; TOLERANCE/COVERS/CABLES/TRACKING ERROR OPEN,NO MOTION OR SAFETY CREDIT
P04_RIGHT_CAPTURE_STEP,L_hip_roll_link,R_gripper,185.979924,0.000000,NO,PASS,NOMINAL RIGID LINK ENVELOPES; TOLERANCE/COVERS/CABLES/TRACKING ERROR OPEN,NO MOTION OR SAFETY CREDIT
P04_RIGHT_CAPTURE_STEP,L_hip_roll_link,R_hand,164.092215,0.000000,NO,PASS,NOMINAL RIGID LINK ENVELOPES; TOLERANCE/COVERS/CABLES/TRACKING ERROR OPEN,NO MOTION OR SAFETY CREDIT
P04_RIGHT_CAPTURE_STEP,L_hip_roll_link,R_hip_roll_link,60.841274,0.000000,NO,PASS,NOMINAL RIGID LINK ENVELOPES; TOLERANCE/COVERS/CABLES/TRACKING ERROR OPEN,NO MOTION OR SAFETY CREDIT
P04_RIGHT_CAPTURE_STEP,L_hip_roll_link,R_hip_yaw_link,62.920637,0.000000,NO,PASS,NOMINAL RIGID LINK ENVELOPES; TOLERANCE/COVERS/CABLES/TRACKING ERROR OPEN,NO MOTION OR SAFETY CREDIT
P04_RIGHT_CAPTURE_STEP,L_hip_roll_link,R_shin,216.000825,0.000000,NO,PASS,NOMINAL RIGID LINK ENVELOPES; TOLERANCE/COVERS/CABLES/TRACKING ERROR OPEN,NO MOTION OR SAFETY CREDIT
P04_RIGHT_CAPTURE_STEP,L_hip_roll_link,R_shoulder_pitch_link,180.840013,0.000000,NO,PASS,NOMINAL RIGID LINK ENVELOPES; TOLERANCE/COVERS/CABLES/TRACKING ERROR OPEN,NO MOTION OR SAFETY CREDIT
P04_RIGHT_CAPTURE_STEP,L_hip_roll_link,R_thigh,57.294771,0.000000,NO,PASS,NOMINAL RIGID LINK ENVELOPES; TOLERANCE/COVERS/CABLES/TRACKING ERROR OPEN,NO MOTION OR SAFETY CREDIT
P04_RIGHT_CAPTURE_STEP,L_hip_roll_link,R_upper_arm,112.657659,0.000000,NO,PASS,NOMINAL RIGID LINK ENVELOPES; TOLERANCE/COVERS/CABLES/TRACKING ERROR OPEN,NO MOTION OR SAFETY CREDIT
P04_RIGHT_CAPTURE_STEP,L_hip_roll_link,head,234.090701,0.000000,NO,PASS,NOMINAL RIGID LINK ENVELOPES; TOLERANCE/COVERS/CABLES/TRACKING ERROR OPEN,NO MOTION OR SAFETY CREDIT
P04_RIGHT_CAPTURE_STEP,L_hip_roll_link,neck_pan_link,186.649787,0.000000,NO,PASS,NOMINAL RIGID LINK ENVELOPES; TOLERANCE/COVERS/CABLES/TRACKING ERROR OPEN,NO MOTION OR SAFETY CREDIT
P04_RIGHT_CAPTURE_STEP,L_hip_roll_link,torso,36.123701,0.000000,NO,PASS,NOMINAL RIGID LINK ENVELOPES; TOLERANCE/COVERS/CABLES/TRACKING ERROR OPEN,NO MOTION OR SAFETY CREDIT
P04_RIGHT_CAPTURE_STEP,L_hip_yaw_link,L_shin,229.329705,0.000000,NO,PASS,NOMINAL RIGID LINK ENVELOPES; TOLERANCE/COVERS/CABLES/TRACKING ERROR OPEN,NO MOTION OR SAFETY CREDIT
P04_RIGHT_CAPTURE_STEP,L_hip_yaw_link,L_shoulder_pitch_link,124.293155,0.000000,NO,PASS,NOMINAL RIGID LINK ENVELOPES; TOLERANCE/COVERS/CABLES/TRACKING ERROR OPEN,NO MOTION OR SAFETY CREDIT
P04_RIGHT_CAPTURE_STEP,L_hip_yaw_link,L_upper_arm,10.235329,0.000000,NO,PASS,NOMINAL RIGID LINK ENVELOPES; TOLERANCE/COVERS/CABLES/TRACKING ERROR OPEN,NO MOTION OR SAFETY CREDIT
P04_RIGHT_CAPTURE_STEP,L_hip_yaw_link,R_ankle_pitch_link,299.933361,0.000000,NO,PASS,NOMINAL RIGID LINK ENVELOPES; TOLERANCE/COVERS/CABLES/TRACKING ERROR OPEN,NO MOTION OR SAFETY CREDIT
P04_RIGHT_CAPTURE_STEP,L_hip_yaw_link,R_foot,340.675081,0.000000,NO,PASS,NOMINAL RIGID LINK ENVELOPES; TOLERANCE/COVERS/CABLES/TRACKING ERROR OPEN,NO MOTION OR SAFETY CREDIT
P04_RIGHT_CAPTURE_STEP,L_hip_yaw_link,R_forearm,148.017000,0.000000,NO,PASS,NOMINAL RIGID LINK ENVELOPES; TOLERANCE/COVERS/CABLES/TRACKING ERROR OPEN,NO MOTION OR SAFETY CREDIT
P04_RIGHT_CAPTURE_STEP,L_hip_yaw_link,R_gripper,193.262974,0.000000,NO,PASS,NOMINAL RIGID LINK ENVELOPES; TOLERANCE/COVERS/CABLES/TRACKING ERROR OPEN,NO MOTION OR SAFETY CREDIT
P04_RIGHT_CAPTURE_STEP,L_hip_yaw_link,R_hand,170.579101,0.000000,NO,PASS,NOMINAL RIGID LINK ENVELOPES; TOLERANCE/COVERS/CABLES/TRACKING ERROR OPEN,NO MOTION OR SAFETY CREDIT
P04_RIGHT_CAPTURE_STEP,L_hip_yaw_link,R_hip_roll_link,62.920637,0.000000,NO,PASS,NOMINAL RIGID LINK ENVELOPES; TOLERANCE/COVERS/CABLES/TRACKING ERROR OPEN,NO MOTION OR SAFETY CREDIT
P04_RIGHT_CAPTURE_STEP,L_hip_yaw_link,R_hip_yaw_link,65.000000,0.000000,NO,PASS,NOMINAL RIGID LINK ENVELOPES; TOLERANCE/COVERS/CABLES/TRACKING ERROR OPEN,NO MOTION OR SAFETY CREDIT
P04_RIGHT_CAPTURE_STEP,L_hip_yaw_link,R_shin,228.349594,0.000000,NO,PASS,NOMINAL RIGID LINK ENVELOPES; TOLERANCE/COVERS/CABLES/TRACKING ERROR OPEN,NO MOTION OR SAFETY CREDIT
P04_RIGHT_CAPTURE_STEP,L_hip_yaw_link,R_shoulder_pitch_link,178.117583,0.000000,NO,PASS,NOMINAL RIGID LINK ENVELOPES; TOLERANCE/COVERS/CABLES/TRACKING ERROR OPEN,NO MOTION OR SAFETY CREDIT
P04_RIGHT_CAPTURE_STEP,L_hip_yaw_link,R_thigh,59.374134,0.000000,NO,PASS,NOMINAL RIGID LINK ENVELOPES; TOLERANCE/COVERS/CABLES/TRACKING ERROR OPEN,NO MOTION OR SAFETY CREDIT
P04_RIGHT_CAPTURE_STEP,L_hip_yaw_link,R_upper_arm,114.118175,0.000000,NO,PASS,NOMINAL RIGID LINK ENVELOPES; TOLERANCE/COVERS/CABLES/TRACKING ERROR OPEN,NO MOTION OR SAFETY CREDIT
P04_RIGHT_CAPTURE_STEP,L_hip_yaw_link,head,228.758000,0.000000,NO,PASS,NOMINAL RIGID LINK ENVELOPES; TOLERANCE/COVERS/CABLES/TRACKING ERROR OPEN,NO MOTION OR SAFETY CREDIT
P04_RIGHT_CAPTURE_STEP,L_hip_yaw_link,neck_pan_link,181.385072,0.000000,NO,PASS,NOMINAL RIGID LINK ENVELOPES; TOLERANCE/COVERS/CABLES/TRACKING ERROR OPEN,NO MOTION OR SAFETY CREDIT
P04_RIGHT_CAPTURE_STEP,L_hip_yaw_link,torso,30.791000,0.000000,NO,PASS,NOMINAL RIGID LINK ENVELOPES; TOLERANCE/COVERS/CABLES/TRACKING ERROR OPEN,NO MOTION OR SAFETY CREDIT
P04_RIGHT_CAPTURE_STEP,L_shin,L_shoulder_pitch_link,394.526757,0.000000,NO,PASS,NOMINAL RIGID LINK ENVELOPES; TOLERANCE/COVERS/CABLES/TRACKING ERROR OPEN,NO MOTION OR SAFETY CREDIT
P04_RIGHT_CAPTURE_STEP,L_shin,L_upper_arm,280.723946,0.000000,NO,PASS,NOMINAL RIGID LINK ENVELOPES; TOLERANCE/COVERS/CABLES/TRACKING ERROR OPEN,NO MOTION OR SAFETY CREDIT
P04_RIGHT_CAPTURE_STEP,L_shin,R_ankle_pitch_link,46.590226,0.000000,NO,PASS,NOMINAL RIGID LINK ENVELOPES; TOLERANCE/COVERS/CABLES/TRACKING ERROR OPEN,NO MOTION OR SAFETY CREDIT
P04_RIGHT_CAPTURE_STEP,L_shin,R_foot,39.285431,0.000000,NO,PASS,NOMINAL RIGID LINK ENVELOPES; TOLERANCE/COVERS/CABLES/TRACKING ERROR OPEN,NO MOTION OR SAFETY CREDIT
P04_RIGHT_CAPTURE_STEP,L_shin,R_forearm,166.946786,0.000000,NO,PASS,NOMINAL RIGID LINK ENVELOPES; TOLERANCE/COVERS/CABLES/TRACKING ERROR OPEN,NO MOTION OR SAFETY CREDIT
P04_RIGHT_CAPTURE_STEP,L_shin,R_gripper,136.104062,0.000000,NO,PASS,NOMINAL RIGID LINK ENVELOPES; TOLERANCE/COVERS/CABLES/TRACKING ERROR OPEN,NO MOTION OR SAFETY CREDIT
P04_RIGHT_CAPTURE_STEP,L_shin,R_hand,136.795282,0.000000,NO,PASS,NOMINAL RIGID LINK ENVELOPES; TOLERANCE/COVERS/CABLES/TRACKING ERROR OPEN,NO MOTION OR SAFETY CREDIT
P04_RIGHT_CAPTURE_STEP,L_shin,R_hip_roll_link,216.674679,0.000000,NO,PASS,NOMINAL RIGID LINK ENVELOPES; TOLERANCE/COVERS/CABLES/TRACKING ERROR OPEN,NO MOTION OR SAFETY CREDIT
P04_RIGHT_CAPTURE_STEP,L_shin,R_hip_yaw_link,229.371632,0.000000,NO,PASS,NOMINAL RIGID LINK ENVELOPES; TOLERANCE/COVERS/CABLES/TRACKING ERROR OPEN,NO MOTION OR SAFETY CREDIT
P04_RIGHT_CAPTURE_STEP,L_shin,R_shin,55.626983,0.000000,NO,PASS,NOMINAL RIGID LINK ENVELOPES; TOLERANCE/COVERS/CABLES/TRACKING ERROR OPEN,NO MOTION OR SAFETY CREDIT
P04_RIGHT_CAPTURE_STEP,L_shin,R_shoulder_pitch_link,407.478732,0.000000,NO,PASS,NOMINAL RIGID LINK ENVELOPES; TOLERANCE/COVERS/CABLES/TRACKING ERROR OPEN,NO MOTION OR SAFETY CREDIT
P04_RIGHT_CAPTURE_STEP,L_shin,R_thigh,92.339787,0.000000,NO,PASS,NOMINAL RIGID LINK ENVELOPES; TOLERANCE/COVERS/CABLES/TRACKING ERROR OPEN,NO MOTION OR SAFETY CREDIT
P04_RIGHT_CAPTURE_STEP,L_shin,R_upper_arm,284.512322,0.000000,NO,PASS,NOMINAL RIGID LINK ENVELOPES; TOLERANCE/COVERS/CABLES/TRACKING ERROR OPEN,NO MOTION OR SAFETY CREDIT
P04_RIGHT_CAPTURE_STEP,L_shin,base_link,207.195705,0.000000,NO,PASS,NOMINAL RIGID LINK ENVELOPES; TOLERANCE/COVERS/CABLES/TRACKING ERROR OPEN,NO MOTION OR SAFETY CREDIT
P04_RIGHT_CAPTURE_STEP,L_shin,head,498.087705,0.000000,NO,PASS,NOMINAL RIGID LINK ENVELOPES; TOLERANCE/COVERS/CABLES/TRACKING ERROR OPEN,NO MOTION OR SAFETY CREDIT
P04_RIGHT_CAPTURE_STEP,L_shin,neck_pan_link,450.586705,0.000000,NO,PASS,NOMINAL RIGID LINK ENVELOPES; TOLERANCE/COVERS/CABLES/TRACKING ERROR OPEN,NO MOTION OR SAFETY CREDIT
P04_RIGHT_CAPTURE_STEP,L_shin,torso,300.120705,0.000000,NO,PASS,NOMINAL RIGID LINK ENVELOPES; TOLERANCE/COVERS/CABLES/TRACKING ERROR OPEN,NO MOTION OR SAFETY CREDIT
P04_RIGHT_CAPTURE_STEP,L_shoulder_pitch_link,L_thigh,152.790271,0.000000,NO,PASS,NOMINAL RIGID LINK ENVELOPES; TOLERANCE/COVERS/CABLES/TRACKING ERROR OPEN,NO MOTION OR SAFETY CREDIT
P04_RIGHT_CAPTURE_STEP,L_shoulder_pitch_link,R_ankle_pitch_link,472.373603,0.000000,NO,PASS,NOMINAL RIGID LINK ENVELOPES; TOLERANCE/COVERS/CABLES/TRACKING ERROR OPEN,NO MOTION OR SAFETY CREDIT
P04_RIGHT_CAPTURE_STEP,L_shoulder_pitch_link,R_foot,513.260084,0.000000,NO,PASS,NOMINAL RIGID LINK ENVELOPES; TOLERANCE/COVERS/CABLES/TRACKING ERROR OPEN,NO MOTION OR SAFETY CREDIT
P04_RIGHT_CAPTURE_STEP,L_shoulder_pitch_link,R_forearm,225.752676,0.000000,NO,PASS,NOMINAL RIGID LINK ENVELOPES; TOLERANCE/COVERS/CABLES/TRACKING ERROR OPEN,NO MOTION OR SAFETY CREDIT
P04_RIGHT_CAPTURE_STEP,L_shoulder_pitch_link,R_gripper,333.013917,0.000000,NO,PASS,NOMINAL RIGID LINK ENVELOPES; TOLERANCE/COVERS/CABLES/TRACKING ERROR OPEN,NO MOTION OR SAFETY CREDIT
P04_RIGHT_CAPTURE_STEP,L_shoulder_pitch_link,R_hand,309.324519,0.000000,NO,PASS,NOMINAL RIGID LINK ENVELOPES; TOLERANCE/COVERS/CABLES/TRACKING ERROR OPEN,NO MOTION OR SAFETY CREDIT
P04_RIGHT_CAPTURE_STEP,L_shoulder_pitch_link,R_hip_roll_link,173.831856,0.000000,NO,PASS,NOMINAL RIGID LINK ENVELOPES; TOLERANCE/COVERS/CABLES/TRACKING ERROR OPEN,NO MOTION OR SAFETY CREDIT
P04_RIGHT_CAPTURE_STEP,L_shoulder_pitch_link,R_hip_yaw_link,171.316766,0.000000,NO,PASS,NOMINAL RIGID LINK ENVELOPES; TOLERANCE/COVERS/CABLES/TRACKING ERROR OPEN,NO MOTION OR SAFETY CREDIT
P04_RIGHT_CAPTURE_STEP,L_shoulder_pitch_link,R_shin,400.241523,0.000000,NO,PASS,NOMINAL RIGID LINK ENVELOPES; TOLERANCE/COVERS/CABLES/TRACKING ERROR OPEN,NO MOTION OR SAFETY CREDIT
P04_RIGHT_CAPTURE_STEP,L_shoulder_pitch_link,R_shoulder_pitch_link,170.000000,0.000000,NO,PASS,NOMINAL RIGID LINK ENVELOPES; TOLERANCE/COVERS/CABLES/TRACKING ERROR OPEN,NO MOTION OR SAFETY CREDIT
P04_RIGHT_CAPTURE_STEP,L_shoulder_pitch_link,R_thigh,179.116079,0.000000,NO,PASS,NOMINAL RIGID LINK ENVELOPES; TOLERANCE/COVERS/CABLES/TRACKING ERROR OPEN,NO MOTION OR SAFETY CREDIT
P04_RIGHT_CAPTURE_STEP,L_shoulder_pitch_link,R_upper_arm,166.563000,0.000000,NO,PASS,NOMINAL RIGID LINK ENVELOPES; TOLERANCE/COVERS/CABLES/TRACKING ERROR OPEN,NO MOTION OR SAFETY CREDIT
P04_RIGHT_CAPTURE_STEP,L_shoulder_pitch_link,base_link,116.918260,0.000000,NO,PASS,NOMINAL RIGID LINK ENVELOPES; TOLERANCE/COVERS/CABLES/TRACKING ERROR OPEN,NO MOTION OR SAFETY CREDIT
P04_RIGHT_CAPTURE_STEP,L_shoulder_pitch_link,head,39.911679,0.000000,NO,PASS,NOMINAL RIGID LINK ENVELOPES; TOLERANCE/COVERS/CABLES/TRACKING ERROR OPEN,NO MOTION OR SAFETY CREDIT
P04_RIGHT_CAPTURE_STEP,L_shoulder_pitch_link,neck_pan_link,59.716000,0.000000,NO,PASS,NOMINAL RIGID LINK ENVELOPES; TOLERANCE/COVERS/CABLES/TRACKING ERROR OPEN,NO MOTION OR SAFETY CREDIT
P04_RIGHT_CAPTURE_STEP,L_thigh,L_upper_arm,47.023033,0.000000,NO,PASS,NOMINAL RIGID LINK ENVELOPES; TOLERANCE/COVERS/CABLES/TRACKING ERROR OPEN,NO MOTION OR SAFETY CREDIT
P04_RIGHT_CAPTURE_STEP,L_thigh,R_ankle_pitch_link,164.314329,0.000000,NO,PASS,NOMINAL RIGID LINK ENVELOPES; TOLERANCE/COVERS/CABLES/TRACKING ERROR OPEN,NO MOTION OR SAFETY CREDIT
P04_RIGHT_CAPTURE_STEP,L_thigh,R_foot,202.723967,0.000000,NO,PASS,NOMINAL RIGID LINK ENVELOPES; TOLERANCE/COVERS/CABLES/TRACKING ERROR OPEN,NO MOTION OR SAFETY CREDIT
P04_RIGHT_CAPTURE_STEP,L_thigh,R_forearm,119.700581,0.000000,NO,PASS,NOMINAL RIGID LINK ENVELOPES; TOLERANCE/COVERS/CABLES/TRACKING ERROR OPEN,NO MOTION OR SAFETY CREDIT
P04_RIGHT_CAPTURE_STEP,L_thigh,R_gripper,144.045171,0.000000,NO,PASS,NOMINAL RIGID LINK ENVELOPES; TOLERANCE/COVERS/CABLES/TRACKING ERROR OPEN,NO MOTION OR SAFETY CREDIT
P04_RIGHT_CAPTURE_STEP,L_thigh,R_hand,128.627475,0.000000,NO,PASS,NOMINAL RIGID LINK ENVELOPES; TOLERANCE/COVERS/CABLES/TRACKING ERROR OPEN,NO MOTION OR SAFETY CREDIT
P04_RIGHT_CAPTURE_STEP,L_thigh,R_hip_roll_link,55.253983,0.000000,NO,PASS,NOMINAL RIGID LINK ENVELOPES; TOLERANCE/COVERS/CABLES/TRACKING ERROR OPEN,NO MOTION OR SAFETY CREDIT
P04_RIGHT_CAPTURE_STEP,L_thigh,R_hip_yaw_link,54.504905,0.000000,NO,PASS,NOMINAL RIGID LINK ENVELOPES; TOLERANCE/COVERS/CABLES/TRACKING ERROR OPEN,NO MOTION OR SAFETY CREDIT
P04_RIGHT_CAPTURE_STEP,L_thigh,R_shin,98.072151,0.000000,NO,PASS,NOMINAL RIGID LINK ENVELOPES; TOLERANCE/COVERS/CABLES/TRACKING ERROR OPEN,NO MOTION OR SAFETY CREDIT
P04_RIGHT_CAPTURE_STEP,L_thigh,R_shoulder_pitch_link,185.358079,0.000000,NO,PASS,NOMINAL RIGID LINK ENVELOPES; TOLERANCE/COVERS/CABLES/TRACKING ERROR OPEN,NO MOTION OR SAFETY CREDIT
P04_RIGHT_CAPTURE_STEP,L_thigh,R_thigh,49.626983,0.000000,NO,PASS,NOMINAL RIGID LINK ENVELOPES; TOLERANCE/COVERS/CABLES/TRACKING ERROR OPEN,NO MOTION OR SAFETY CREDIT
P04_RIGHT_CAPTURE_STEP,L_thigh,R_upper_arm,93.706099,0.000000,NO,PASS,NOMINAL RIGID LINK ENVELOPES; TOLERANCE/COVERS/CABLES/TRACKING ERROR OPEN,NO MOTION OR SAFETY CREDIT
P04_RIGHT_CAPTURE_STEP,L_thigh,head,257.255116,0.000000,NO,PASS,NOMINAL RIGID LINK ENVELOPES; TOLERANCE/COVERS/CABLES/TRACKING ERROR OPEN,NO MOTION OR SAFETY CREDIT
P04_RIGHT_CAPTURE_STEP,L_thigh,neck_pan_link,209.754116,0.000000,NO,PASS,NOMINAL RIGID LINK ENVELOPES; TOLERANCE/COVERS/CABLES/TRACKING ERROR OPEN,NO MOTION OR SAFETY CREDIT
P04_RIGHT_CAPTURE_STEP,L_thigh,torso,59.288116,0.000000,NO,PASS,NOMINAL RIGID LINK ENVELOPES; TOLERANCE/COVERS/CABLES/TRACKING ERROR OPEN,NO MOTION OR SAFETY CREDIT
P04_RIGHT_CAPTURE_STEP,L_upper_arm,R_ankle_pitch_link,366.849996,0.000000,NO,PASS,NOMINAL RIGID LINK ENVELOPES; TOLERANCE/COVERS/CABLES/TRACKING ERROR OPEN,NO MOTION OR SAFETY CREDIT
P04_RIGHT_CAPTURE_STEP,L_upper_arm,R_foot,405.499369,0.000000,NO,PASS,NOMINAL RIGID LINK ENVELOPES; TOLERANCE/COVERS/CABLES/TRACKING ERROR OPEN,NO MOTION OR SAFETY CREDIT
P04_RIGHT_CAPTURE_STEP,L_upper_arm,R_forearm,200.471000,0.000000,NO,PASS,NOMINAL RIGID LINK ENVELOPES; TOLERANCE/COVERS/CABLES/TRACKING ERROR OPEN,NO MOTION OR SAFETY CREDIT
P04_RIGHT_CAPTURE_STEP,L_upper_arm,R_gripper,264.826194,0.000000,NO,PASS,NOMINAL RIGID LINK ENVELOPES; TOLERANCE/COVERS/CABLES/TRACKING ERROR OPEN,NO MOTION OR SAFETY CREDIT
P04_RIGHT_CAPTURE_STEP,L_upper_arm,R_hand,241.287566,0.000000,NO,PASS,NOMINAL RIGID LINK ENVELOPES; TOLERANCE/COVERS/CABLES/TRACKING ERROR OPEN,NO MOTION OR SAFETY CREDIT
P04_RIGHT_CAPTURE_STEP,L_upper_arm,R_hip_roll_link,116.410824,0.000000,NO,PASS,NOMINAL RIGID LINK ENVELOPES; TOLERANCE/COVERS/CABLES/TRACKING ERROR OPEN,NO MOTION OR SAFETY CREDIT
P04_RIGHT_CAPTURE_STEP,L_upper_arm,R_hip_yaw_link,117.893026,0.000000,NO,PASS,NOMINAL RIGID LINK ENVELOPES; TOLERANCE/COVERS/CABLES/TRACKING ERROR OPEN,NO MOTION OR SAFETY CREDIT
P04_RIGHT_CAPTURE_STEP,L_upper_arm,R_shin,297.054656,0.000000,NO,PASS,NOMINAL RIGID LINK ENVELOPES; TOLERANCE/COVERS/CABLES/TRACKING ERROR OPEN,NO MOTION OR SAFETY CREDIT
P04_RIGHT_CAPTURE_STEP,L_upper_arm,R_shoulder_pitch_link,169.553000,0.000000,NO,PASS,NOMINAL RIGID LINK ENVELOPES; TOLERANCE/COVERS/CABLES/TRACKING ERROR OPEN,NO MOTION OR SAFETY CREDIT
P04_RIGHT_CAPTURE_STEP,L_upper_arm,R_thigh,114.683380,0.000000,NO,PASS,NOMINAL RIGID LINK ENVELOPES; TOLERANCE/COVERS/CABLES/TRACKING ERROR OPEN,NO MOTION OR SAFETY CREDIT
P04_RIGHT_CAPTURE_STEP,L_upper_arm,R_upper_arm,166.116000,0.000000,NO,PASS,NOMINAL RIGID LINK ENVELOPES; TOLERANCE/COVERS/CABLES/TRACKING ERROR OPEN,NO MOTION OR SAFETY CREDIT
P04_RIGHT_CAPTURE_STEP,L_upper_arm,base_link,14.531584,0.000000,NO,PASS,NOMINAL RIGID LINK ENVELOPES; TOLERANCE/COVERS/CABLES/TRACKING ERROR OPEN,NO MOTION OR SAFETY CREDIT
P04_RIGHT_CAPTURE_STEP,L_upper_arm,head,64.105812,0.000000,NO,PASS,NOMINAL RIGID LINK ENVELOPES; TOLERANCE/COVERS/CABLES/TRACKING ERROR OPEN,NO MOTION OR SAFETY CREDIT
P04_RIGHT_CAPTURE_STEP,L_upper_arm,neck_pan_link,61.260652,0.000000,NO,PASS,NOMINAL RIGID LINK ENVELOPES; TOLERANCE/COVERS/CABLES/TRACKING ERROR OPEN,NO MOTION OR SAFETY CREDIT
P04_RIGHT_CAPTURE_STEP,R_ankle_pitch_link,R_forearm,195.231944,0.000000,NO,PASS,NOMINAL RIGID LINK ENVELOPES; TOLERANCE/COVERS/CABLES/TRACKING ERROR OPEN,NO MOTION OR SAFETY CREDIT
P04_RIGHT_CAPTURE_STEP,R_ankle_pitch_link,R_gripper,161.755501,0.000000,NO,PASS,NOMINAL RIGID LINK ENVELOPES; TOLERANCE/COVERS/CABLES/TRACKING ERROR OPEN,NO MOTION OR SAFETY CREDIT
P04_RIGHT_CAPTURE_STEP,R_ankle_pitch_link,R_hand,168.517917,0.000000,NO,PASS,NOMINAL RIGID LINK ENVELOPES; TOLERANCE/COVERS/CABLES/TRACKING ERROR OPEN,NO MOTION OR SAFETY CREDIT
P04_RIGHT_CAPTURE_STEP,R_ankle_pitch_link,R_hip_roll_link,267.452600,0.000000,NO,PASS,NOMINAL RIGID LINK ENVELOPES; TOLERANCE/COVERS/CABLES/TRACKING ERROR OPEN,NO MOTION OR SAFETY CREDIT
P04_RIGHT_CAPTURE_STEP,R_ankle_pitch_link,R_hip_yaw_link,280.119898,0.000000,NO,PASS,NOMINAL RIGID LINK ENVELOPES; TOLERANCE/COVERS/CABLES/TRACKING ERROR OPEN,NO MOTION OR SAFETY CREDIT
P04_RIGHT_CAPTURE_STEP,R_ankle_pitch_link,R_shoulder_pitch_link,454.335015,0.000000,NO,PASS,NOMINAL RIGID LINK ENVELOPES; TOLERANCE/COVERS/CABLES/TRACKING ERROR OPEN,NO MOTION OR SAFETY CREDIT
P04_RIGHT_CAPTURE_STEP,R_ankle_pitch_link,R_thigh,143.129980,0.000000,NO,PASS,NOMINAL RIGID LINK ENVELOPES; TOLERANCE/COVERS/CABLES/TRACKING ERROR OPEN,NO MOTION OR SAFETY CREDIT
P04_RIGHT_CAPTURE_STEP,R_ankle_pitch_link,R_upper_arm,330.313411,0.000000,NO,PASS,NOMINAL RIGID LINK ENVELOPES; TOLERANCE/COVERS/CABLES/TRACKING ERROR OPEN,NO MOTION OR SAFETY CREDIT
P04_RIGHT_CAPTURE_STEP,R_ankle_pitch_link,base_link,257.985898,0.000000,NO,PASS,NOMINAL RIGID LINK ENVELOPES; TOLERANCE/COVERS/CABLES/TRACKING ERROR OPEN,NO MOTION OR SAFETY CREDIT
P04_RIGHT_CAPTURE_STEP,R_ankle_pitch_link,head,548.877898,0.000000,NO,PASS,NOMINAL RIGID LINK ENVELOPES; TOLERANCE/COVERS/CABLES/TRACKING ERROR OPEN,NO MOTION OR SAFETY CREDIT
P04_RIGHT_CAPTURE_STEP,R_ankle_pitch_link,neck_pan_link,503.518426,0.000000,NO,PASS,NOMINAL RIGID LINK ENVELOPES; TOLERANCE/COVERS/CABLES/TRACKING ERROR OPEN,NO MOTION OR SAFETY CREDIT
P04_RIGHT_CAPTURE_STEP,R_ankle_pitch_link,torso,350.920391,0.000000,NO,PASS,NOMINAL RIGID LINK ENVELOPES; TOLERANCE/COVERS/CABLES/TRACKING ERROR OPEN,NO MOTION OR SAFETY CREDIT
P04_RIGHT_CAPTURE_STEP,R_foot,R_forearm,238.835330,0.000000,NO,PASS,NOMINAL RIGID LINK ENVELOPES; TOLERANCE/COVERS/CABLES/TRACKING ERROR OPEN,NO MOTION OR SAFETY CREDIT
P04_RIGHT_CAPTURE_STEP,R_foot,R_gripper,174.097535,0.000000,NO,PASS,NOMINAL RIGID LINK ENVELOPES; TOLERANCE/COVERS/CABLES/TRACKING ERROR OPEN,NO MOTION OR SAFETY CREDIT
P04_RIGHT_CAPTURE_STEP,R_foot,R_hand,192.973712,0.000000,NO,PASS,NOMINAL RIGID LINK ENVELOPES; TOLERANCE/COVERS/CABLES/TRACKING ERROR OPEN,NO MOTION OR SAFETY CREDIT
P04_RIGHT_CAPTURE_STEP,R_foot,R_hip_roll_link,313.258358,0.000000,NO,PASS,NOMINAL RIGID LINK ENVELOPES; TOLERANCE/COVERS/CABLES/TRACKING ERROR OPEN,NO MOTION OR SAFETY CREDIT
P04_RIGHT_CAPTURE_STEP,R_foot,R_hip_yaw_link,325.925657,0.000000,NO,PASS,NOMINAL RIGID LINK ENVELOPES; TOLERANCE/COVERS/CABLES/TRACKING ERROR OPEN,NO MOTION OR SAFETY CREDIT
P04_RIGHT_CAPTURE_STEP,R_foot,R_shoulder_pitch_link,500.140774,0.000000,NO,PASS,NOMINAL RIGID LINK ENVELOPES; TOLERANCE/COVERS/CABLES/TRACKING ERROR OPEN,NO MOTION OR SAFETY CREDIT
P04_RIGHT_CAPTURE_STEP,R_foot,R_thigh,188.935739,0.000000,NO,PASS,NOMINAL RIGID LINK ENVELOPES; TOLERANCE/COVERS/CABLES/TRACKING ERROR OPEN,NO MOTION OR SAFETY CREDIT
P04_RIGHT_CAPTURE_STEP,R_foot,R_upper_arm,376.119169,0.000000,NO,PASS,NOMINAL RIGID LINK ENVELOPES; TOLERANCE/COVERS/CABLES/TRACKING ERROR OPEN,NO MOTION OR SAFETY CREDIT
P04_RIGHT_CAPTURE_STEP,R_foot,base_link,303.791657,0.000000,NO,PASS,NOMINAL RIGID LINK ENVELOPES; TOLERANCE/COVERS/CABLES/TRACKING ERROR OPEN,NO MOTION OR SAFETY CREDIT
P04_RIGHT_CAPTURE_STEP,R_foot,head,594.683657,0.000000,NO,PASS,NOMINAL RIGID LINK ENVELOPES; TOLERANCE/COVERS/CABLES/TRACKING ERROR OPEN,NO MOTION OR SAFETY CREDIT
P04_RIGHT_CAPTURE_STEP,R_foot,neck_pan_link,548.524309,0.000000,NO,PASS,NOMINAL RIGID LINK ENVELOPES; TOLERANCE/COVERS/CABLES/TRACKING ERROR OPEN,NO MOTION OR SAFETY CREDIT
P04_RIGHT_CAPTURE_STEP,R_foot,torso,396.716657,0.000000,NO,PASS,NOMINAL RIGID LINK ENVELOPES; TOLERANCE/COVERS/CABLES/TRACKING ERROR OPEN,NO MOTION OR SAFETY CREDIT
P04_RIGHT_CAPTURE_STEP,R_forearm,R_gripper,23.673000,0.000000,NO,PASS,NOMINAL RIGID LINK ENVELOPES; TOLERANCE/COVERS/CABLES/TRACKING ERROR OPEN,NO MOTION OR SAFETY CREDIT
P04_RIGHT_CAPTURE_STEP,R_forearm,R_hip_roll_link,22.782632,0.000000,NO,PASS,NOMINAL RIGID LINK ENVELOPES; TOLERANCE/COVERS/CABLES/TRACKING ERROR OPEN,NO MOTION OR SAFETY CREDIT
P04_RIGHT_CAPTURE_STEP,R_forearm,R_hip_yaw_link,23.017000,0.000000,NO,PASS,NOMINAL RIGID LINK ENVELOPES; TOLERANCE/COVERS/CABLES/TRACKING ERROR OPEN,NO MOTION OR SAFETY CREDIT
P04_RIGHT_CAPTURE_STEP,R_forearm,R_shin,121.706018,0.000000,NO,PASS,NOMINAL RIGID LINK ENVELOPES; TOLERANCE/COVERS/CABLES/TRACKING ERROR OPEN,NO MOTION OR SAFETY CREDIT
P04_RIGHT_CAPTURE_STEP,R_forearm,R_shoulder_pitch_link,112.859943,0.000000,NO,PASS,NOMINAL RIGID LINK ENVELOPES; TOLERANCE/COVERS/CABLES/TRACKING ERROR OPEN,NO MOTION OR SAFETY CREDIT
P04_RIGHT_CAPTURE_STEP,R_forearm,R_thigh,17.381303,0.000000,NO,PASS,NOMINAL RIGID LINK ENVELOPES; TOLERANCE/COVERS/CABLES/TRACKING ERROR OPEN,NO MOTION OR SAFETY CREDIT
P04_RIGHT_CAPTURE_STEP,R_forearm,base_link,35.213000,0.000000,NO,PASS,NOMINAL RIGID LINK ENVELOPES; TOLERANCE/COVERS/CABLES/TRACKING ERROR OPEN,NO MOTION OR SAFETY CREDIT
P04_RIGHT_CAPTURE_STEP,R_forearm,head,210.961818,0.000000,NO,PASS,NOMINAL RIGID LINK ENVELOPES; TOLERANCE/COVERS/CABLES/TRACKING ERROR OPEN,NO MOTION OR SAFETY CREDIT
P04_RIGHT_CAPTURE_STEP,R_forearm,neck_pan_link,182.133969,0.000000,NO,PASS,NOMINAL RIGID LINK ENVELOPES; TOLERANCE/COVERS/CABLES/TRACKING ERROR OPEN,NO MOTION OR SAFETY CREDIT
P04_RIGHT_CAPTURE_STEP,R_forearm,torso,26.700800,0.000000,NO,PASS,NOMINAL RIGID LINK ENVELOPES; TOLERANCE/COVERS/CABLES/TRACKING ERROR OPEN,NO MOTION OR SAFETY CREDIT
P04_RIGHT_CAPTURE_STEP,R_gripper,R_hip_roll_link,102.996956,0.000000,NO,PASS,NOMINAL RIGID LINK ENVELOPES; TOLERANCE/COVERS/CABLES/TRACKING ERROR OPEN,NO MOTION OR SAFETY CREDIT
P04_RIGHT_CAPTURE_STEP,R_gripper,R_hip_yaw_link,113.360386,0.000000,NO,PASS,NOMINAL RIGID LINK ENVELOPES; TOLERANCE/COVERS/CABLES/TRACKING ERROR OPEN,NO MOTION OR SAFETY CREDIT
P04_RIGHT_CAPTURE_STEP,R_gripper,R_shin,107.401918,0.000000,NO,PASS,NOMINAL RIGID LINK ENVELOPES; TOLERANCE/COVERS/CABLES/TRACKING ERROR OPEN,NO MOTION OR SAFETY CREDIT
P04_RIGHT_CAPTURE_STEP,R_gripper,R_shoulder_pitch_link,265.079330,0.000000,NO,PASS,NOMINAL RIGID LINK ENVELOPES; TOLERANCE/COVERS/CABLES/TRACKING ERROR OPEN,NO MOTION OR SAFETY CREDIT
P04_RIGHT_CAPTURE_STEP,R_gripper,R_thigh,61.929183,0.000000,NO,PASS,NOMINAL RIGID LINK ENVELOPES; TOLERANCE/COVERS/CABLES/TRACKING ERROR OPEN,NO MOTION OR SAFETY CREDIT
P04_RIGHT_CAPTURE_STEP,R_gripper,R_upper_arm,144.230418,0.000000,NO,PASS,NOMINAL RIGID LINK ENVELOPES; TOLERANCE/COVERS/CABLES/TRACKING ERROR OPEN,NO MOTION OR SAFETY CREDIT
P04_RIGHT_CAPTURE_STEP,R_gripper,base_link,90.626424,0.000000,NO,PASS,NOMINAL RIGID LINK ENVELOPES; TOLERANCE/COVERS/CABLES/TRACKING ERROR OPEN,NO MOTION OR SAFETY CREDIT
P04_RIGHT_CAPTURE_STEP,R_gripper,head,365.327474,0.000000,NO,PASS,NOMINAL RIGID LINK ENVELOPES; TOLERANCE/COVERS/CABLES/TRACKING ERROR OPEN,NO MOTION OR SAFETY CREDIT
P04_RIGHT_CAPTURE_STEP,R_gripper,neck_pan_link,333.128821,0.000000,NO,PASS,NOMINAL RIGID LINK ENVELOPES; TOLERANCE/COVERS/CABLES/TRACKING ERROR OPEN,NO MOTION OR SAFETY CREDIT
P04_RIGHT_CAPTURE_STEP,R_gripper,torso,163.280487,0.000000,NO,PASS,NOMINAL RIGID LINK ENVELOPES; TOLERANCE/COVERS/CABLES/TRACKING ERROR OPEN,NO MOTION OR SAFETY CREDIT
P04_RIGHT_CAPTURE_STEP,R_hand,R_hip_roll_link,71.505915,0.000000,NO,PASS,NOMINAL RIGID LINK ENVELOPES; TOLERANCE/COVERS/CABLES/TRACKING ERROR OPEN,NO MOTION OR SAFETY CREDIT
P04_RIGHT_CAPTURE_STEP,R_hand,R_hip_yaw_link,82.244938,0.000000,NO,PASS,NOMINAL RIGID LINK ENVELOPES; TOLERANCE/COVERS/CABLES/TRACKING ERROR OPEN,NO MOTION OR SAFETY CREDIT
P04_RIGHT_CAPTURE_STEP,R_hand,R_shin,103.895114,0.000000,NO,PASS,NOMINAL RIGID LINK ENVELOPES; TOLERANCE/COVERS/CABLES/TRACKING ERROR OPEN,NO MOTION OR SAFETY CREDIT
P04_RIGHT_CAPTURE_STEP,R_hand,R_shoulder_pitch_link,241.630427,0.000000,NO,PASS,NOMINAL RIGID LINK ENVELOPES; TOLERANCE/COVERS/CABLES/TRACKING ERROR OPEN,NO MOTION OR SAFETY CREDIT
P04_RIGHT_CAPTURE_STEP,R_hand,R_thigh,40.189370,0.000000,NO,PASS,NOMINAL RIGID LINK ENVELOPES; TOLERANCE/COVERS/CABLES/TRACKING ERROR OPEN,NO MOTION OR SAFETY CREDIT
P04_RIGHT_CAPTURE_STEP,R_hand,R_upper_arm,118.520574,0.000000,NO,PASS,NOMINAL RIGID LINK ENVELOPES; TOLERANCE/COVERS/CABLES/TRACKING ERROR OPEN,NO MOTION OR SAFETY CREDIT
P04_RIGHT_CAPTURE_STEP,R_hand,base_link,61.950361,0.000000,NO,PASS,NOMINAL RIGID LINK ENVELOPES; TOLERANCE/COVERS/CABLES/TRACKING ERROR OPEN,NO MOTION OR SAFETY CREDIT
P04_RIGHT_CAPTURE_STEP,R_hand,head,340.108329,0.000000,NO,PASS,NOMINAL RIGID LINK ENVELOPES; TOLERANCE/COVERS/CABLES/TRACKING ERROR OPEN,NO MOTION OR SAFETY CREDIT
P04_RIGHT_CAPTURE_STEP,R_hand,neck_pan_link,306.169604,0.000000,NO,PASS,NOMINAL RIGID LINK ENVELOPES; TOLERANCE/COVERS/CABLES/TRACKING ERROR OPEN,NO MOTION OR SAFETY CREDIT
P04_RIGHT_CAPTURE_STEP,R_hand,torso,140.140685,0.000000,NO,PASS,NOMINAL RIGID LINK ENVELOPES; TOLERANCE/COVERS/CABLES/TRACKING ERROR OPEN,NO MOTION OR SAFETY CREDIT
P04_RIGHT_CAPTURE_STEP,R_hip_roll_link,R_shin,194.746544,0.000000,NO,PASS,NOMINAL RIGID LINK ENVELOPES; TOLERANCE/COVERS/CABLES/TRACKING ERROR OPEN,NO MOTION OR SAFETY CREDIT
P04_RIGHT_CAPTURE_STEP,R_hip_roll_link,R_shoulder_pitch_link,139.547818,0.000000,NO,PASS,NOMINAL RIGID LINK ENVELOPES; TOLERANCE/COVERS/CABLES/TRACKING ERROR OPEN,NO MOTION OR SAFETY CREDIT
P04_RIGHT_CAPTURE_STEP,R_hip_roll_link,R_upper_arm,15.531526,0.000000,NO,PASS,NOMINAL RIGID LINK ENVELOPES; TOLERANCE/COVERS/CABLES/TRACKING ERROR OPEN,NO MOTION OR SAFETY CREDIT
P04_RIGHT_CAPTURE_STEP,R_hip_roll_link,head,234.090701,0.000000,NO,PASS,NOMINAL RIGID LINK ENVELOPES; TOLERANCE/COVERS/CABLES/TRACKING ERROR OPEN,NO MOTION OR SAFETY CREDIT
P04_RIGHT_CAPTURE_STEP,R_hip_roll_link,neck_pan_link,186.601582,0.000000,NO,PASS,NOMINAL RIGID LINK ENVELOPES; TOLERANCE/COVERS/CABLES/TRACKING ERROR OPEN,NO MOTION OR SAFETY CREDIT
P04_RIGHT_CAPTURE_STEP,R_hip_roll_link,torso,36.123701,0.000000,NO,PASS,NOMINAL RIGID LINK ENVELOPES; TOLERANCE/COVERS/CABLES/TRACKING ERROR OPEN,NO MOTION OR SAFETY CREDIT
P04_RIGHT_CAPTURE_STEP,R_hip_yaw_link,R_shin,207.413842,0.000000,NO,PASS,NOMINAL RIGID LINK ENVELOPES; TOLERANCE/COVERS/CABLES/TRACKING ERROR OPEN,NO MOTION OR SAFETY CREDIT
P04_RIGHT_CAPTURE_STEP,R_hip_yaw_link,R_shoulder_pitch_link,134.215117,0.000000,NO,PASS,NOMINAL RIGID LINK ENVELOPES; TOLERANCE/COVERS/CABLES/TRACKING ERROR OPEN,NO MOTION OR SAFETY CREDIT
P04_RIGHT_CAPTURE_STEP,R_hip_yaw_link,R_upper_arm,10.193513,0.000000,NO,PASS,NOMINAL RIGID LINK ENVELOPES; TOLERANCE/COVERS/CABLES/TRACKING ERROR OPEN,NO MOTION OR SAFETY CREDIT
P04_RIGHT_CAPTURE_STEP,R_hip_yaw_link,head,228.758000,0.000000,NO,PASS,NOMINAL RIGID LINK ENVELOPES; TOLERANCE/COVERS/CABLES/TRACKING ERROR OPEN,NO MOTION OR SAFETY CREDIT
P04_RIGHT_CAPTURE_STEP,R_hip_yaw_link,neck_pan_link,181.305307,0.000000,NO,PASS,NOMINAL RIGID LINK ENVELOPES; TOLERANCE/COVERS/CABLES/TRACKING ERROR OPEN,NO MOTION OR SAFETY CREDIT
P04_RIGHT_CAPTURE_STEP,R_hip_yaw_link,torso,30.791000,0.000000,NO,PASS,NOMINAL RIGID LINK ENVELOPES; TOLERANCE/COVERS/CABLES/TRACKING ERROR OPEN,NO MOTION OR SAFETY CREDIT
P04_RIGHT_CAPTURE_STEP,R_shin,R_shoulder_pitch_link,381.628960,0.000000,NO,PASS,NOMINAL RIGID LINK ENVELOPES; TOLERANCE/COVERS/CABLES/TRACKING ERROR OPEN,NO MOTION OR SAFETY CREDIT
P04_RIGHT_CAPTURE_STEP,R_shin,R_upper_arm,257.607355,0.000000,NO,PASS,NOMINAL RIGID LINK ENVELOPES; TOLERANCE/COVERS/CABLES/TRACKING ERROR OPEN,NO MOTION OR SAFETY CREDIT
P04_RIGHT_CAPTURE_STEP,R_shin,base_link,185.279842,0.000000,NO,PASS,NOMINAL RIGID LINK ENVELOPES; TOLERANCE/COVERS/CABLES/TRACKING ERROR OPEN,NO MOTION OR SAFETY CREDIT
P04_RIGHT_CAPTURE_STEP,R_shin,head,476.171842,0.000000,NO,PASS,NOMINAL RIGID LINK ENVELOPES; TOLERANCE/COVERS/CABLES/TRACKING ERROR OPEN,NO MOTION OR SAFETY CREDIT
P04_RIGHT_CAPTURE_STEP,R_shin,neck_pan_link,430.072961,0.000000,NO,PASS,NOMINAL RIGID LINK ENVELOPES; TOLERANCE/COVERS/CABLES/TRACKING ERROR OPEN,NO MOTION OR SAFETY CREDIT
P04_RIGHT_CAPTURE_STEP,R_shin,torso,278.204842,0.000000,NO,PASS,NOMINAL RIGID LINK ENVELOPES; TOLERANCE/COVERS/CABLES/TRACKING ERROR OPEN,NO MOTION OR SAFETY CREDIT
P04_RIGHT_CAPTURE_STEP,R_shoulder_pitch_link,R_thigh,149.481498,0.000000,NO,PASS,NOMINAL RIGID LINK ENVELOPES; TOLERANCE/COVERS/CABLES/TRACKING ERROR OPEN,NO MOTION OR SAFETY CREDIT
P04_RIGHT_CAPTURE_STEP,R_shoulder_pitch_link,base_link,126.422096,0.000000,NO,PASS,NOMINAL RIGID LINK ENVELOPES; TOLERANCE/COVERS/CABLES/TRACKING ERROR OPEN,NO MOTION OR SAFETY CREDIT
P04_RIGHT_CAPTURE_STEP,R_shoulder_pitch_link,head,31.099137,0.000000,NO,PASS,NOMINAL RIGID LINK ENVELOPES; TOLERANCE/COVERS/CABLES/TRACKING ERROR OPEN,NO MOTION OR SAFETY CREDIT
P04_RIGHT_CAPTURE_STEP,R_shoulder_pitch_link,neck_pan_link,56.284000,0.000000,NO,PASS,NOMINAL RIGID LINK ENVELOPES; TOLERANCE/COVERS/CABLES/TRACKING ERROR OPEN,NO MOTION OR SAFETY CREDIT
P04_RIGHT_CAPTURE_STEP,R_thigh,R_upper_arm,39.469055,0.000000,NO,PASS,NOMINAL RIGID LINK ENVELOPES; TOLERANCE/COVERS/CABLES/TRACKING ERROR OPEN,NO MOTION OR SAFETY CREDIT
P04_RIGHT_CAPTURE_STEP,R_thigh,head,244.024381,0.000000,NO,PASS,NOMINAL RIGID LINK ENVELOPES; TOLERANCE/COVERS/CABLES/TRACKING ERROR OPEN,NO MOTION OR SAFETY CREDIT
P04_RIGHT_CAPTURE_STEP,R_thigh,neck_pan_link,196.523381,0.000000,NO,PASS,NOMINAL RIGID LINK ENVELOPES; TOLERANCE/COVERS/CABLES/TRACKING ERROR OPEN,NO MOTION OR SAFETY CREDIT
P04_RIGHT_CAPTURE_STEP,R_thigh,torso,46.057381,0.000000,NO,PASS,NOMINAL RIGID LINK ENVELOPES; TOLERANCE/COVERS/CABLES/TRACKING ERROR OPEN,NO MOTION OR SAFETY CREDIT
P04_RIGHT_CAPTURE_STEP,R_upper_arm,base_link,7.333561,0.000000,NO,PASS,NOMINAL RIGID LINK ENVELOPES; TOLERANCE/COVERS/CABLES/TRACKING ERROR OPEN,NO MOTION OR SAFETY CREDIT
P04_RIGHT_CAPTURE_STEP,R_upper_arm,head,63.108014,0.000000,NO,PASS,NOMINAL RIGID LINK ENVELOPES; TOLERANCE/COVERS/CABLES/TRACKING ERROR OPEN,NO MOTION OR SAFETY CREDIT
P04_RIGHT_CAPTURE_STEP,R_upper_arm,neck_pan_link,55.063329,0.000000,NO,PASS,NOMINAL RIGID LINK ENVELOPES; TOLERANCE/COVERS/CABLES/TRACKING ERROR OPEN,NO MOTION OR SAFETY CREDIT
P04_RIGHT_CAPTURE_STEP,base_link,head,220.892000,0.000000,NO,PASS,NOMINAL RIGID LINK ENVELOPES; TOLERANCE/COVERS/CABLES/TRACKING ERROR OPEN,NO MOTION OR SAFETY CREDIT
P04_RIGHT_CAPTURE_STEP,base_link,neck_pan_link,173.391000,0.000000,NO,PASS,NOMINAL RIGID LINK ENVELOPES; TOLERANCE/COVERS/CABLES/TRACKING ERROR OPEN,NO MOTION OR SAFETY CREDIT
P04_RIGHT_CAPTURE_STEP,head,torso,42.967000,0.000000,NO,PASS,NOMINAL RIGID LINK ENVELOPES; TOLERANCE/COVERS/CABLES/TRACKING ERROR OPEN,NO MOTION OR SAFETY CREDIT
P05_RIGHT_WEIGHT_TRANSFER,L_ankle_pitch_link,L_forearm,209.057380,0.000000,NO,PASS,NOMINAL RIGID LINK ENVELOPES; TOLERANCE/COVERS/CABLES/TRACKING ERROR OPEN,NO MOTION OR SAFETY CREDIT
P05_RIGHT_WEIGHT_TRANSFER,L_ankle_pitch_link,L_gripper,140.320835,0.000000,NO,PASS,NOMINAL RIGID LINK ENVELOPES; TOLERANCE/COVERS/CABLES/TRACKING ERROR OPEN,NO MOTION OR SAFETY CREDIT
P05_RIGHT_WEIGHT_TRANSFER,L_ankle_pitch_link,L_hand,167.333748,0.000000,NO,PASS,NOMINAL RIGID LINK ENVELOPES; TOLERANCE/COVERS/CABLES/TRACKING ERROR OPEN,NO MOTION OR SAFETY CREDIT
P05_RIGHT_WEIGHT_TRANSFER,L_ankle_pitch_link,L_hip_roll_link,285.684511,0.000000,NO,PASS,NOMINAL RIGID LINK ENVELOPES; TOLERANCE/COVERS/CABLES/TRACKING ERROR OPEN,NO MOTION OR SAFETY CREDIT
P05_RIGHT_WEIGHT_TRANSFER,L_ankle_pitch_link,L_hip_yaw_link,298.351809,0.000000,NO,PASS,NOMINAL RIGID LINK ENVELOPES; TOLERANCE/COVERS/CABLES/TRACKING ERROR OPEN,NO MOTION OR SAFETY CREDIT
P05_RIGHT_WEIGHT_TRANSFER,L_ankle_pitch_link,L_shoulder_pitch_link,473.519809,0.000000,NO,PASS,NOMINAL RIGID LINK ENVELOPES; TOLERANCE/COVERS/CABLES/TRACKING ERROR OPEN,NO MOTION OR SAFETY CREDIT
P05_RIGHT_WEIGHT_TRANSFER,L_ankle_pitch_link,L_thigh,161.964245,0.000000,NO,PASS,NOMINAL RIGID LINK ENVELOPES; TOLERANCE/COVERS/CABLES/TRACKING ERROR OPEN,NO MOTION OR SAFETY CREDIT
P05_RIGHT_WEIGHT_TRANSFER,L_ankle_pitch_link,L_upper_arm,349.768882,0.000000,NO,PASS,NOMINAL RIGID LINK ENVELOPES; TOLERANCE/COVERS/CABLES/TRACKING ERROR OPEN,NO MOTION OR SAFETY CREDIT
P05_RIGHT_WEIGHT_TRANSFER,L_ankle_pitch_link,R_ankle_pitch_link,53.461846,0.000000,NO,PASS,NOMINAL RIGID LINK ENVELOPES; TOLERANCE/COVERS/CABLES/TRACKING ERROR OPEN,NO MOTION OR SAFETY CREDIT
P05_RIGHT_WEIGHT_TRANSFER,L_ankle_pitch_link,R_foot,43.048448,0.000000,NO,PASS,NOMINAL RIGID LINK ENVELOPES; TOLERANCE/COVERS/CABLES/TRACKING ERROR OPEN,NO MOTION OR SAFETY CREDIT
P05_RIGHT_WEIGHT_TRANSFER,L_ankle_pitch_link,R_forearm,310.104927,0.000000,NO,PASS,NOMINAL RIGID LINK ENVELOPES; TOLERANCE/COVERS/CABLES/TRACKING ERROR OPEN,NO MOTION OR SAFETY CREDIT
P05_RIGHT_WEIGHT_TRANSFER,L_ankle_pitch_link,R_gripper,305.175404,0.000000,NO,PASS,NOMINAL RIGID LINK ENVELOPES; TOLERANCE/COVERS/CABLES/TRACKING ERROR OPEN,NO MOTION OR SAFETY CREDIT
P05_RIGHT_WEIGHT_TRANSFER,L_ankle_pitch_link,R_hand,308.641424,0.000000,NO,PASS,NOMINAL RIGID LINK ENVELOPES; TOLERANCE/COVERS/CABLES/TRACKING ERROR OPEN,NO MOTION OR SAFETY CREDIT
P05_RIGHT_WEIGHT_TRANSFER,L_ankle_pitch_link,R_hip_roll_link,305.364213,0.000000,NO,PASS,NOMINAL RIGID LINK ENVELOPES; TOLERANCE/COVERS/CABLES/TRACKING ERROR OPEN,NO MOTION OR SAFETY CREDIT
P05_RIGHT_WEIGHT_TRANSFER,L_ankle_pitch_link,R_hip_yaw_link,317.959602,0.000000,NO,PASS,NOMINAL RIGID LINK ENVELOPES; TOLERANCE/COVERS/CABLES/TRACKING ERROR OPEN,NO MOTION OR SAFETY CREDIT
P05_RIGHT_WEIGHT_TRANSFER,L_ankle_pitch_link,R_shin,49.229948,0.000000,NO,PASS,NOMINAL RIGID LINK ENVELOPES; TOLERANCE/COVERS/CABLES/TRACKING ERROR OPEN,NO MOTION OR SAFETY CREDIT
P05_RIGHT_WEIGHT_TRANSFER,L_ankle_pitch_link,R_shoulder_pitch_link,500.474036,0.000000,NO,PASS,NOMINAL RIGID LINK ENVELOPES; TOLERANCE/COVERS/CABLES/TRACKING ERROR OPEN,NO MOTION OR SAFETY CREDIT
P05_RIGHT_WEIGHT_TRANSFER,L_ankle_pitch_link,R_thigh,182.602826,0.000000,NO,PASS,NOMINAL RIGID LINK ENVELOPES; TOLERANCE/COVERS/CABLES/TRACKING ERROR OPEN,NO MOTION OR SAFETY CREDIT
P05_RIGHT_WEIGHT_TRANSFER,L_ankle_pitch_link,R_upper_arm,384.983947,0.000000,NO,PASS,NOMINAL RIGID LINK ENVELOPES; TOLERANCE/COVERS/CABLES/TRACKING ERROR OPEN,NO MOTION OR SAFETY CREDIT
P05_RIGHT_WEIGHT_TRANSFER,L_ankle_pitch_link,base_link,276.231335,0.000000,NO,PASS,NOMINAL RIGID LINK ENVELOPES; TOLERANCE/COVERS/CABLES/TRACKING ERROR OPEN,NO MOTION OR SAFETY CREDIT
P05_RIGHT_WEIGHT_TRANSFER,L_ankle_pitch_link,head,567.126566,0.000000,NO,PASS,NOMINAL RIGID LINK ENVELOPES; TOLERANCE/COVERS/CABLES/TRACKING ERROR OPEN,NO MOTION OR SAFETY CREDIT
P05_RIGHT_WEIGHT_TRANSFER,L_ankle_pitch_link,neck_pan_link,522.178909,0.000000,NO,PASS,NOMINAL RIGID LINK ENVELOPES; TOLERANCE/COVERS/CABLES/TRACKING ERROR OPEN,NO MOTION OR SAFETY CREDIT
P05_RIGHT_WEIGHT_TRANSFER,L_ankle_pitch_link,torso,369.142809,0.000000,NO,PASS,NOMINAL RIGID LINK ENVELOPES; TOLERANCE/COVERS/CABLES/TRACKING ERROR OPEN,NO MOTION OR SAFETY CREDIT
P05_RIGHT_WEIGHT_TRANSFER,L_foot,L_forearm,254.863138,0.000000,NO,PASS,NOMINAL RIGID LINK ENVELOPES; TOLERANCE/COVERS/CABLES/TRACKING ERROR OPEN,NO MOTION OR SAFETY CREDIT
P05_RIGHT_WEIGHT_TRANSFER,L_foot,L_gripper,181.443815,0.000000,NO,PASS,NOMINAL RIGID LINK ENVELOPES; TOLERANCE/COVERS/CABLES/TRACKING ERROR OPEN,NO MOTION OR SAFETY CREDIT
P05_RIGHT_WEIGHT_TRANSFER,L_foot,L_hand,210.843821,0.000000,NO,PASS,NOMINAL RIGID LINK ENVELOPES; TOLERANCE/COVERS/CABLES/TRACKING ERROR OPEN,NO MOTION OR SAFETY CREDIT
P05_RIGHT_WEIGHT_TRANSFER,L_foot,L_hip_roll_link,331.490269,0.000000,NO,PASS,NOMINAL RIGID LINK ENVELOPES; TOLERANCE/COVERS/CABLES/TRACKING ERROR OPEN,NO MOTION OR SAFETY CREDIT
P05_RIGHT_WEIGHT_TRANSFER,L_foot,L_hip_yaw_link,344.157568,0.000000,NO,PASS,NOMINAL RIGID LINK ENVELOPES; TOLERANCE/COVERS/CABLES/TRACKING ERROR OPEN,NO MOTION OR SAFETY CREDIT
P05_RIGHT_WEIGHT_TRANSFER,L_foot,L_shoulder_pitch_link,519.325568,0.000000,NO,PASS,NOMINAL RIGID LINK ENVELOPES; TOLERANCE/COVERS/CABLES/TRACKING ERROR OPEN,NO MOTION OR SAFETY CREDIT
P05_RIGHT_WEIGHT_TRANSFER,L_foot,L_thigh,207.770004,0.000000,NO,PASS,NOMINAL RIGID LINK ENVELOPES; TOLERANCE/COVERS/CABLES/TRACKING ERROR OPEN,NO MOTION OR SAFETY CREDIT
P05_RIGHT_WEIGHT_TRANSFER,L_foot,L_upper_arm,395.574641,0.000000,NO,PASS,NOMINAL RIGID LINK ENVELOPES; TOLERANCE/COVERS/CABLES/TRACKING ERROR OPEN,NO MOTION OR SAFETY CREDIT
P05_RIGHT_WEIGHT_TRANSFER,L_foot,R_ankle_pitch_link,45.413398,0.000000,NO,PASS,NOMINAL RIGID LINK ENVELOPES; TOLERANCE/COVERS/CABLES/TRACKING ERROR OPEN,NO MOTION OR SAFETY CREDIT
P05_RIGHT_WEIGHT_TRANSFER,L_foot,R_foot,35.000000,0.000000,NO,PASS,NOMINAL RIGID LINK ENVELOPES; TOLERANCE/COVERS/CABLES/TRACKING ERROR OPEN,NO MOTION OR SAFETY CREDIT
P05_RIGHT_WEIGHT_TRANSFER,L_foot,R_forearm,337.472396,0.000000,NO,PASS,NOMINAL RIGID LINK ENVELOPES; TOLERANCE/COVERS/CABLES/TRACKING ERROR OPEN,NO MOTION OR SAFETY CREDIT
P05_RIGHT_WEIGHT_TRANSFER,L_foot,R_gripper,320.792384,0.000000,NO,PASS,NOMINAL RIGID LINK ENVELOPES; TOLERANCE/COVERS/CABLES/TRACKING ERROR OPEN,NO MOTION OR SAFETY CREDIT
P05_RIGHT_WEIGHT_TRANSFER,L_foot,R_hand,328.927454,0.000000,NO,PASS,NOMINAL RIGID LINK ENVELOPES; TOLERANCE/COVERS/CABLES/TRACKING ERROR OPEN,NO MOTION OR SAFETY CREDIT
P05_RIGHT_WEIGHT_TRANSFER,L_foot,R_hip_roll_link,346.188079,0.000000,NO,PASS,NOMINAL RIGID LINK ENVELOPES; TOLERANCE/COVERS/CABLES/TRACKING ERROR OPEN,NO MOTION OR SAFETY CREDIT
P05_RIGHT_WEIGHT_TRANSFER,L_foot,R_hip_yaw_link,358.920870,0.000000,NO,PASS,NOMINAL RIGID LINK ENVELOPES; TOLERANCE/COVERS/CABLES/TRACKING ERROR OPEN,NO MOTION OR SAFETY CREDIT
P05_RIGHT_WEIGHT_TRANSFER,L_foot,R_shin,41.181500,0.000000,NO,PASS,NOMINAL RIGID LINK ENVELOPES; TOLERANCE/COVERS/CABLES/TRACKING ERROR OPEN,NO MOTION OR SAFETY CREDIT
P05_RIGHT_WEIGHT_TRANSFER,L_foot,R_shoulder_pitch_link,541.672334,0.000000,NO,PASS,NOMINAL RIGID LINK ENVELOPES; TOLERANCE/COVERS/CABLES/TRACKING ERROR OPEN,NO MOTION OR SAFETY CREDIT
P05_RIGHT_WEIGHT_TRANSFER,L_foot,R_thigh,221.330279,0.000000,NO,PASS,NOMINAL RIGID LINK ENVELOPES; TOLERANCE/COVERS/CABLES/TRACKING ERROR OPEN,NO MOTION OR SAFETY CREDIT
P05_RIGHT_WEIGHT_TRANSFER,L_foot,R_upper_arm,423.945195,0.000000,NO,PASS,NOMINAL RIGID LINK ENVELOPES; TOLERANCE/COVERS/CABLES/TRACKING ERROR OPEN,NO MOTION OR SAFETY CREDIT
P05_RIGHT_WEIGHT_TRANSFER,L_foot,base_link,322.023568,0.000000,NO,PASS,NOMINAL RIGID LINK ENVELOPES; TOLERANCE/COVERS/CABLES/TRACKING ERROR OPEN,NO MOTION OR SAFETY CREDIT
P05_RIGHT_WEIGHT_TRANSFER,L_foot,head,612.915568,0.000000,NO,PASS,NOMINAL RIGID LINK ENVELOPES; TOLERANCE/COVERS/CABLES/TRACKING ERROR OPEN,NO MOTION OR SAFETY CREDIT
P05_RIGHT_WEIGHT_TRANSFER,L_foot,neck_pan_link,567.100505,0.000000,NO,PASS,NOMINAL RIGID LINK ENVELOPES; TOLERANCE/COVERS/CABLES/TRACKING ERROR OPEN,NO MOTION OR SAFETY CREDIT
P05_RIGHT_WEIGHT_TRANSFER,L_foot,torso,414.948568,0.000000,NO,PASS,NOMINAL RIGID LINK ENVELOPES; TOLERANCE/COVERS/CABLES/TRACKING ERROR OPEN,NO MOTION OR SAFETY CREDIT
P05_RIGHT_WEIGHT_TRANSFER,L_forearm,L_gripper,23.673000,0.000000,NO,PASS,NOMINAL RIGID LINK ENVELOPES; TOLERANCE/COVERS/CABLES/TRACKING ERROR OPEN,NO MOTION OR SAFETY CREDIT
P05_RIGHT_WEIGHT_TRANSFER,L_forearm,L_hip_roll_link,52.043727,0.000000,NO,PASS,NOMINAL RIGID LINK ENVELOPES; TOLERANCE/COVERS/CABLES/TRACKING ERROR OPEN,NO MOTION OR SAFETY CREDIT
P05_RIGHT_WEIGHT_TRANSFER,L_forearm,L_hip_yaw_link,54.123090,0.000000,NO,PASS,NOMINAL RIGID LINK ENVELOPES; TOLERANCE/COVERS/CABLES/TRACKING ERROR OPEN,NO MOTION OR SAFETY CREDIT
P05_RIGHT_WEIGHT_TRANSFER,L_forearm,L_shin,140.022564,0.000000,NO,PASS,NOMINAL RIGID LINK ENVELOPES; TOLERANCE/COVERS/CABLES/TRACKING ERROR OPEN,NO MOTION OR SAFETY CREDIT
P05_RIGHT_WEIGHT_TRANSFER,L_forearm,L_shoulder_pitch_link,116.052929,0.000000,NO,PASS,NOMINAL RIGID LINK ENVELOPES; TOLERANCE/COVERS/CABLES/TRACKING ERROR OPEN,NO MOTION OR SAFETY CREDIT
P05_RIGHT_WEIGHT_TRANSFER,L_forearm,L_thigh,54.931114,0.000000,NO,PASS,NOMINAL RIGID LINK ENVELOPES; TOLERANCE/COVERS/CABLES/TRACKING ERROR OPEN,NO MOTION OR SAFETY CREDIT
P05_RIGHT_WEIGHT_TRANSFER,L_forearm,R_ankle_pitch_link,242.382614,0.000000,NO,PASS,NOMINAL RIGID LINK ENVELOPES; TOLERANCE/COVERS/CABLES/TRACKING ERROR OPEN,NO MOTION OR SAFETY CREDIT
P05_RIGHT_WEIGHT_TRANSFER,L_forearm,R_foot,278.484260,0.000000,NO,PASS,NOMINAL RIGID LINK ENVELOPES; TOLERANCE/COVERS/CABLES/TRACKING ERROR OPEN,NO MOTION OR SAFETY CREDIT
P05_RIGHT_WEIGHT_TRANSFER,L_forearm,R_forearm,297.421893,0.000000,NO,PASS,NOMINAL RIGID LINK ENVELOPES; TOLERANCE/COVERS/CABLES/TRACKING ERROR OPEN,NO MOTION OR SAFETY CREDIT
P05_RIGHT_WEIGHT_TRANSFER,L_forearm,R_gripper,344.808074,0.000000,NO,PASS,NOMINAL RIGID LINK ENVELOPES; TOLERANCE/COVERS/CABLES/TRACKING ERROR OPEN,NO MOTION OR SAFETY CREDIT
P05_RIGHT_WEIGHT_TRANSFER,L_forearm,R_hand,330.933133,0.000000,NO,PASS,NOMINAL RIGID LINK ENVELOPES; TOLERANCE/COVERS/CABLES/TRACKING ERROR OPEN,NO MOTION OR SAFETY CREDIT
P05_RIGHT_WEIGHT_TRANSFER,L_forearm,R_hip_roll_link,177.043727,0.000000,NO,PASS,NOMINAL RIGID LINK ENVELOPES; TOLERANCE/COVERS/CABLES/TRACKING ERROR OPEN,NO MOTION OR SAFETY CREDIT
P05_RIGHT_WEIGHT_TRANSFER,L_forearm,R_hip_yaw_link,179.123090,0.000000,NO,PASS,NOMINAL RIGID LINK ENVELOPES; TOLERANCE/COVERS/CABLES/TRACKING ERROR OPEN,NO MOTION OR SAFETY CREDIT
P05_RIGHT_WEIGHT_TRANSFER,L_forearm,R_shin,183.386043,0.000000,NO,PASS,NOMINAL RIGID LINK ENVELOPES; TOLERANCE/COVERS/CABLES/TRACKING ERROR OPEN,NO MOTION OR SAFETY CREDIT
P05_RIGHT_WEIGHT_TRANSFER,L_forearm,R_shoulder_pitch_link,257.840184,0.000000,NO,PASS,NOMINAL RIGID LINK ENVELOPES; TOLERANCE/COVERS/CABLES/TRACKING ERROR OPEN,NO MOTION OR SAFETY CREDIT
P05_RIGHT_WEIGHT_TRANSFER,L_forearm,R_thigh,153.522509,0.000000,NO,PASS,NOMINAL RIGID LINK ENVELOPES; TOLERANCE/COVERS/CABLES/TRACKING ERROR OPEN,NO MOTION OR SAFETY CREDIT
P05_RIGHT_WEIGHT_TRANSFER,L_forearm,R_upper_arm,231.752031,0.000000,NO,PASS,NOMINAL RIGID LINK ENVELOPES; TOLERANCE/COVERS/CABLES/TRACKING ERROR OPEN,NO MOTION OR SAFETY CREDIT
P05_RIGHT_WEIGHT_TRANSFER,L_forearm,base_link,71.927090,0.000000,NO,PASS,NOMINAL RIGID LINK ENVELOPES; TOLERANCE/COVERS/CABLES/TRACKING ERROR OPEN,NO MOTION OR SAFETY CREDIT
P05_RIGHT_WEIGHT_TRANSFER,L_forearm,head,220.326000,0.000000,NO,PASS,NOMINAL RIGID LINK ENVELOPES; TOLERANCE/COVERS/CABLES/TRACKING ERROR OPEN,NO MOTION OR SAFETY CREDIT
P05_RIGHT_WEIGHT_TRANSFER,L_forearm,neck_pan_link,200.711901,0.000000,NO,PASS,NOMINAL RIGID LINK ENVELOPES; TOLERANCE/COVERS/CABLES/TRACKING ERROR OPEN,NO MOTION OR SAFETY CREDIT
P05_RIGHT_WEIGHT_TRANSFER,L_forearm,torso,52.819956,0.000000,NO,PASS,NOMINAL RIGID LINK ENVELOPES; TOLERANCE/COVERS/CABLES/TRACKING ERROR OPEN,NO MOTION OR SAFETY CREDIT
P05_RIGHT_WEIGHT_TRANSFER,L_gripper,L_hip_roll_link,136.353340,0.000000,NO,PASS,NOMINAL RIGID LINK ENVELOPES; TOLERANCE/COVERS/CABLES/TRACKING ERROR OPEN,NO MOTION OR SAFETY CREDIT
P05_RIGHT_WEIGHT_TRANSFER,L_gripper,L_hip_yaw_link,146.421447,0.000000,NO,PASS,NOMINAL RIGID LINK ENVELOPES; TOLERANCE/COVERS/CABLES/TRACKING ERROR OPEN,NO MOTION OR SAFETY CREDIT
P05_RIGHT_WEIGHT_TRANSFER,L_gripper,L_shin,76.840454,0.000000,NO,PASS,NOMINAL RIGID LINK ENVELOPES; TOLERANCE/COVERS/CABLES/TRACKING ERROR OPEN,NO MOTION OR SAFETY CREDIT
P05_RIGHT_WEIGHT_TRANSFER,L_gripper,L_shoulder_pitch_link,286.091899,0.000000,NO,PASS,NOMINAL RIGID LINK ENVELOPES; TOLERANCE/COVERS/CABLES/TRACKING ERROR OPEN,NO MOTION OR SAFETY CREDIT
P05_RIGHT_WEIGHT_TRANSFER,L_gripper,L_thigh,79.865891,0.000000,NO,PASS,NOMINAL RIGID LINK ENVELOPES; TOLERANCE/COVERS/CABLES/TRACKING ERROR OPEN,NO MOTION OR SAFETY CREDIT
P05_RIGHT_WEIGHT_TRANSFER,L_gripper,L_upper_arm,155.711891,0.000000,NO,PASS,NOMINAL RIGID LINK ENVELOPES; TOLERANCE/COVERS/CABLES/TRACKING ERROR OPEN,NO MOTION OR SAFETY CREDIT
P05_RIGHT_WEIGHT_TRANSFER,L_gripper,R_ankle_pitch_link,218.093165,0.000000,NO,PASS,NOMINAL RIGID LINK ENVELOPES; TOLERANCE/COVERS/CABLES/TRACKING ERROR OPEN,NO MOTION OR SAFETY CREDIT
P05_RIGHT_WEIGHT_TRANSFER,L_gripper,R_foot,241.232668,0.000000,NO,PASS,NOMINAL RIGID LINK ENVELOPES; TOLERANCE/COVERS/CABLES/TRACKING ERROR OPEN,NO MOTION OR SAFETY CREDIT
P05_RIGHT_WEIGHT_TRANSFER,L_gripper,R_forearm,349.013514,0.000000,NO,PASS,NOMINAL RIGID LINK ENVELOPES; TOLERANCE/COVERS/CABLES/TRACKING ERROR OPEN,NO MOTION OR SAFETY CREDIT
P05_RIGHT_WEIGHT_TRANSFER,L_gripper,R_gripper,395.932944,0.000000,NO,PASS,NOMINAL RIGID LINK ENVELOPES; TOLERANCE/COVERS/CABLES/TRACKING ERROR OPEN,NO MOTION OR SAFETY CREDIT
P05_RIGHT_WEIGHT_TRANSFER,L_gripper,R_hand,382.276515,0.000000,NO,PASS,NOMINAL RIGID LINK ENVELOPES; TOLERANCE/COVERS/CABLES/TRACKING ERROR OPEN,NO MOTION OR SAFETY CREDIT
P05_RIGHT_WEIGHT_TRANSFER,L_gripper,R_hip_roll_link,245.079600,0.000000,NO,PASS,NOMINAL RIGID LINK ENVELOPES; TOLERANCE/COVERS/CABLES/TRACKING ERROR OPEN,NO MOTION OR SAFETY CREDIT
P05_RIGHT_WEIGHT_TRANSFER,L_gripper,R_hip_yaw_link,251.854835,0.000000,NO,PASS,NOMINAL RIGID LINK ENVELOPES; TOLERANCE/COVERS/CABLES/TRACKING ERROR OPEN,NO MOTION OR SAFETY CREDIT
P05_RIGHT_WEIGHT_TRANSFER,L_gripper,R_shin,180.889946,0.000000,NO,PASS,NOMINAL RIGID LINK ENVELOPES; TOLERANCE/COVERS/CABLES/TRACKING ERROR OPEN,NO MOTION OR SAFETY CREDIT
P05_RIGHT_WEIGHT_TRANSFER,L_gripper,R_shoulder_pitch_link,395.507361,0.000000,NO,PASS,NOMINAL RIGID LINK ENVELOPES; TOLERANCE/COVERS/CABLES/TRACKING ERROR OPEN,NO MOTION OR SAFETY CREDIT
P05_RIGHT_WEIGHT_TRANSFER,L_gripper,R_thigh,204.865891,0.000000,NO,PASS,NOMINAL RIGID LINK ENVELOPES; TOLERANCE/COVERS/CABLES/TRACKING ERROR OPEN,NO MOTION OR SAFETY CREDIT
P05_RIGHT_WEIGHT_TRANSFER,L_gripper,R_upper_arm,321.413825,0.000000,NO,PASS,NOMINAL RIGID LINK ENVELOPES; TOLERANCE/COVERS/CABLES/TRACKING ERROR OPEN,NO MOTION OR SAFETY CREDIT
P05_RIGHT_WEIGHT_TRANSFER,L_gripper,base_link,146.647105,0.000000,NO,PASS,NOMINAL RIGID LINK ENVELOPES; TOLERANCE/COVERS/CABLES/TRACKING ERROR OPEN,NO MOTION OR SAFETY CREDIT
P05_RIGHT_WEIGHT_TRANSFER,L_gripper,head,390.820282,0.000000,NO,PASS,NOMINAL RIGID LINK ENVELOPES; TOLERANCE/COVERS/CABLES/TRACKING ERROR OPEN,NO MOTION OR SAFETY CREDIT
P05_RIGHT_WEIGHT_TRANSFER,L_gripper,neck_pan_link,365.919255,0.000000,NO,PASS,NOMINAL RIGID LINK ENVELOPES; TOLERANCE/COVERS/CABLES/TRACKING ERROR OPEN,NO MOTION OR SAFETY CREDIT
P05_RIGHT_WEIGHT_TRANSFER,L_gripper,torso,200.924276,0.000000,NO,PASS,NOMINAL RIGID LINK ENVELOPES; TOLERANCE/COVERS/CABLES/TRACKING ERROR OPEN,NO MOTION OR SAFETY CREDIT
P05_RIGHT_WEIGHT_TRANSFER,L_hand,L_hip_roll_link,110.611537,0.000000,NO,PASS,NOMINAL RIGID LINK ENVELOPES; TOLERANCE/COVERS/CABLES/TRACKING ERROR OPEN,NO MOTION OR SAFETY CREDIT
P05_RIGHT_WEIGHT_TRANSFER,L_hand,L_hip_yaw_link,120.048149,0.000000,NO,PASS,NOMINAL RIGID LINK ENVELOPES; TOLERANCE/COVERS/CABLES/TRACKING ERROR OPEN,NO MOTION OR SAFETY CREDIT
P05_RIGHT_WEIGHT_TRANSFER,L_hand,L_shin,99.511771,0.000000,NO,PASS,NOMINAL RIGID LINK ENVELOPES; TOLERANCE/COVERS/CABLES/TRACKING ERROR OPEN,NO MOTION OR SAFETY CREDIT
P05_RIGHT_WEIGHT_TRANSFER,L_hand,L_shoulder_pitch_link,259.297587,0.000000,NO,PASS,NOMINAL RIGID LINK ENVELOPES; TOLERANCE/COVERS/CABLES/TRACKING ERROR OPEN,NO MOTION OR SAFETY CREDIT
P05_RIGHT_WEIGHT_TRANSFER,L_hand,L_thigh,66.206527,0.000000,NO,PASS,NOMINAL RIGID LINK ENVELOPES; TOLERANCE/COVERS/CABLES/TRACKING ERROR OPEN,NO MOTION OR SAFETY CREDIT
P05_RIGHT_WEIGHT_TRANSFER,L_hand,L_upper_arm,129.679130,0.000000,NO,PASS,NOMINAL RIGID LINK ENVELOPES; TOLERANCE/COVERS/CABLES/TRACKING ERROR OPEN,NO MOTION OR SAFETY CREDIT
P05_RIGHT_WEIGHT_TRANSFER,L_hand,R_ankle_pitch_link,229.042429,0.000000,NO,PASS,NOMINAL RIGID LINK ENVELOPES; TOLERANCE/COVERS/CABLES/TRACKING ERROR OPEN,NO MOTION OR SAFETY CREDIT
P05_RIGHT_WEIGHT_TRANSFER,L_hand,R_foot,257.510423,0.000000,NO,PASS,NOMINAL RIGID LINK ENVELOPES; TOLERANCE/COVERS/CABLES/TRACKING ERROR OPEN,NO MOTION OR SAFETY CREDIT
P05_RIGHT_WEIGHT_TRANSFER,L_hand,R_forearm,335.105911,0.000000,NO,PASS,NOMINAL RIGID LINK ENVELOPES; TOLERANCE/COVERS/CABLES/TRACKING ERROR OPEN,NO MOTION OR SAFETY CREDIT
P05_RIGHT_WEIGHT_TRANSFER,L_hand,R_gripper,382.273580,0.000000,NO,PASS,NOMINAL RIGID LINK ENVELOPES; TOLERANCE/COVERS/CABLES/TRACKING ERROR OPEN,NO MOTION OR SAFETY CREDIT
P05_RIGHT_WEIGHT_TRANSFER,L_hand,R_hand,368.617151,0.000000,NO,PASS,NOMINAL RIGID LINK ENVELOPES; TOLERANCE/COVERS/CABLES/TRACKING ERROR OPEN,NO MOTION OR SAFETY CREDIT
P05_RIGHT_WEIGHT_TRANSFER,L_hand,R_hip_roll_link,224.258441,0.000000,NO,PASS,NOMINAL RIGID LINK ENVELOPES; TOLERANCE/COVERS/CABLES/TRACKING ERROR OPEN,NO MOTION OR SAFETY CREDIT
P05_RIGHT_WEIGHT_TRANSFER,L_hand,R_hip_yaw_link,230.191953,0.000000,NO,PASS,NOMINAL RIGID LINK ENVELOPES; TOLERANCE/COVERS/CABLES/TRACKING ERROR OPEN,NO MOTION OR SAFETY CREDIT
P05_RIGHT_WEIGHT_TRANSFER,L_hand,R_shin,182.495120,0.000000,NO,PASS,NOMINAL RIGID LINK ENVELOPES; TOLERANCE/COVERS/CABLES/TRACKING ERROR OPEN,NO MOTION OR SAFETY CREDIT
P05_RIGHT_WEIGHT_TRANSFER,L_hand,R_shoulder_pitch_link,368.884541,0.000000,NO,PASS,NOMINAL RIGID LINK ENVELOPES; TOLERANCE/COVERS/CABLES/TRACKING ERROR OPEN,NO MOTION OR SAFETY CREDIT
P05_RIGHT_WEIGHT_TRANSFER,L_hand,R_thigh,191.206527,0.000000,NO,PASS,NOMINAL RIGID LINK ENVELOPES; TOLERANCE/COVERS/CABLES/TRACKING ERROR OPEN,NO MOTION OR SAFETY CREDIT
P05_RIGHT_WEIGHT_TRANSFER,L_hand,R_upper_arm,298.285617,0.000000,NO,PASS,NOMINAL RIGID LINK ENVELOPES; TOLERANCE/COVERS/CABLES/TRACKING ERROR OPEN,NO MOTION OR SAFETY CREDIT
P05_RIGHT_WEIGHT_TRANSFER,L_hand,base_link,122.733023,0.000000,NO,PASS,NOMINAL RIGID LINK ENVELOPES; TOLERANCE/COVERS/CABLES/TRACKING ERROR OPEN,NO MOTION OR SAFETY CREDIT
P05_RIGHT_WEIGHT_TRANSFER,L_hand,head,363.544219,0.000000,NO,PASS,NOMINAL RIGID LINK ENVELOPES; TOLERANCE/COVERS/CABLES/TRACKING ERROR OPEN,NO MOTION OR SAFETY CREDIT
P05_RIGHT_WEIGHT_TRANSFER,L_hand,neck_pan_link,338.122872,0.000000,NO,PASS,NOMINAL RIGID LINK ENVELOPES; TOLERANCE/COVERS/CABLES/TRACKING ERROR OPEN,NO MOTION OR SAFETY CREDIT
P05_RIGHT_WEIGHT_TRANSFER,L_hand,torso,173.130804,0.000000,NO,PASS,NOMINAL RIGID LINK ENVELOPES; TOLERANCE/COVERS/CABLES/TRACKING ERROR OPEN,NO MOTION OR SAFETY CREDIT
P05_RIGHT_WEIGHT_TRANSFER,L_hip_roll_link,L_shin,216.649695,0.000000,NO,PASS,NOMINAL RIGID LINK ENVELOPES; TOLERANCE/COVERS/CABLES/TRACKING ERROR OPEN,NO MOTION OR SAFETY CREDIT
P05_RIGHT_WEIGHT_TRANSFER,L_hip_roll_link,L_shoulder_pitch_link,140.500701,0.000000,NO,PASS,NOMINAL RIGID LINK ENVELOPES; TOLERANCE/COVERS/CABLES/TRACKING ERROR OPEN,NO MOTION OR SAFETY CREDIT
P05_RIGHT_WEIGHT_TRANSFER,L_hip_roll_link,L_upper_arm,36.167440,0.000000,NO,PASS,NOMINAL RIGID LINK ENVELOPES; TOLERANCE/COVERS/CABLES/TRACKING ERROR OPEN,NO MOTION OR SAFETY CREDIT
P05_RIGHT_WEIGHT_TRANSFER,L_hip_roll_link,R_ankle_pitch_link,285.757380,0.000000,NO,PASS,NOMINAL RIGID LINK ENVELOPES; TOLERANCE/COVERS/CABLES/TRACKING ERROR OPEN,NO MOTION OR SAFETY CREDIT
P05_RIGHT_WEIGHT_TRANSFER,L_hip_roll_link,R_foot,331.490269,0.000000,NO,PASS,NOMINAL RIGID LINK ENVELOPES; TOLERANCE/COVERS/CABLES/TRACKING ERROR OPEN,NO MOTION OR SAFETY CREDIT
P05_RIGHT_WEIGHT_TRANSFER,L_hip_roll_link,R_forearm,181.219439,0.000000,NO,PASS,NOMINAL RIGID LINK ENVELOPES; TOLERANCE/COVERS/CABLES/TRACKING ERROR OPEN,NO MOTION OR SAFETY CREDIT
P05_RIGHT_WEIGHT_TRANSFER,L_hip_roll_link,R_gripper,245.079600,0.000000,NO,PASS,NOMINAL RIGID LINK ENVELOPES; TOLERANCE/COVERS/CABLES/TRACKING ERROR OPEN,NO MOTION OR SAFETY CREDIT
P05_RIGHT_WEIGHT_TRANSFER,L_hip_roll_link,R_hand,224.261071,0.000000,NO,PASS,NOMINAL RIGID LINK ENVELOPES; TOLERANCE/COVERS/CABLES/TRACKING ERROR OPEN,NO MOTION OR SAFETY CREDIT
P05_RIGHT_WEIGHT_TRANSFER,L_hip_roll_link,R_hip_roll_link,60.841274,0.000000,NO,PASS,NOMINAL RIGID LINK ENVELOPES; TOLERANCE/COVERS/CABLES/TRACKING ERROR OPEN,NO MOTION OR SAFETY CREDIT
P05_RIGHT_WEIGHT_TRANSFER,L_hip_roll_link,R_hip_yaw_link,62.920637,0.000000,NO,PASS,NOMINAL RIGID LINK ENVELOPES; TOLERANCE/COVERS/CABLES/TRACKING ERROR OPEN,NO MOTION OR SAFETY CREDIT
P05_RIGHT_WEIGHT_TRANSFER,L_hip_roll_link,R_shin,216.661079,0.000000,NO,PASS,NOMINAL RIGID LINK ENVELOPES; TOLERANCE/COVERS/CABLES/TRACKING ERROR OPEN,NO MOTION OR SAFETY CREDIT
P05_RIGHT_WEIGHT_TRANSFER,L_hip_roll_link,R_shoulder_pitch_link,181.576331,0.000000,NO,PASS,NOMINAL RIGID LINK ENVELOPES; TOLERANCE/COVERS/CABLES/TRACKING ERROR OPEN,NO MOTION OR SAFETY CREDIT
P05_RIGHT_WEIGHT_TRANSFER,L_hip_roll_link,R_thigh,57.999983,0.000000,NO,PASS,NOMINAL RIGID LINK ENVELOPES; TOLERANCE/COVERS/CABLES/TRACKING ERROR OPEN,NO MOTION OR SAFETY CREDIT
P05_RIGHT_WEIGHT_TRANSFER,L_hip_roll_link,R_upper_arm,116.646776,0.000000,NO,PASS,NOMINAL RIGID LINK ENVELOPES; TOLERANCE/COVERS/CABLES/TRACKING ERROR OPEN,NO MOTION OR SAFETY CREDIT
P05_RIGHT_WEIGHT_TRANSFER,L_hip_roll_link,head,234.090701,0.000000,NO,PASS,NOMINAL RIGID LINK ENVELOPES; TOLERANCE/COVERS/CABLES/TRACKING ERROR OPEN,NO MOTION OR SAFETY CREDIT
P05_RIGHT_WEIGHT_TRANSFER,L_hip_roll_link,neck_pan_link,186.649787,0.000000,NO,PASS,NOMINAL RIGID LINK ENVELOPES; TOLERANCE/COVERS/CABLES/TRACKING ERROR OPEN,NO MOTION OR SAFETY CREDIT
P05_RIGHT_WEIGHT_TRANSFER,L_hip_roll_link,torso,36.123701,0.000000,NO,PASS,NOMINAL RIGID LINK ENVELOPES; TOLERANCE/COVERS/CABLES/TRACKING ERROR OPEN,NO MOTION OR SAFETY CREDIT
P05_RIGHT_WEIGHT_TRANSFER,L_hip_yaw_link,L_shin,229.316993,0.000000,NO,PASS,NOMINAL RIGID LINK ENVELOPES; TOLERANCE/COVERS/CABLES/TRACKING ERROR OPEN,NO MOTION OR SAFETY CREDIT
P05_RIGHT_WEIGHT_TRANSFER,L_hip_yaw_link,L_shoulder_pitch_link,135.168000,0.000000,NO,PASS,NOMINAL RIGID LINK ENVELOPES; TOLERANCE/COVERS/CABLES/TRACKING ERROR OPEN,NO MOTION OR SAFETY CREDIT
P05_RIGHT_WEIGHT_TRANSFER,L_hip_yaw_link,L_upper_arm,31.044670,0.000000,NO,PASS,NOMINAL RIGID LINK ENVELOPES; TOLERANCE/COVERS/CABLES/TRACKING ERROR OPEN,NO MOTION OR SAFETY CREDIT
P05_RIGHT_WEIGHT_TRANSFER,L_hip_yaw_link,R_ankle_pitch_link,298.473788,0.000000,NO,PASS,NOMINAL RIGID LINK ENVELOPES; TOLERANCE/COVERS/CABLES/TRACKING ERROR OPEN,NO MOTION OR SAFETY CREDIT
P05_RIGHT_WEIGHT_TRANSFER,L_hip_yaw_link,R_foot,344.157568,0.000000,NO,PASS,NOMINAL RIGID LINK ENVELOPES; TOLERANCE/COVERS/CABLES/TRACKING ERROR OPEN,NO MOTION OR SAFETY CREDIT
P05_RIGHT_WEIGHT_TRANSFER,L_hip_yaw_link,R_forearm,183.298802,0.000000,NO,PASS,NOMINAL RIGID LINK ENVELOPES; TOLERANCE/COVERS/CABLES/TRACKING ERROR OPEN,NO MOTION OR SAFETY CREDIT
P05_RIGHT_WEIGHT_TRANSFER,L_hip_yaw_link,R_gripper,251.854835,0.000000,NO,PASS,NOMINAL RIGID LINK ENVELOPES; TOLERANCE/COVERS/CABLES/TRACKING ERROR OPEN,NO MOTION OR SAFETY CREDIT
P05_RIGHT_WEIGHT_TRANSFER,L_hip_yaw_link,R_hand,230.194507,0.000000,NO,PASS,NOMINAL RIGID LINK ENVELOPES; TOLERANCE/COVERS/CABLES/TRACKING ERROR OPEN,NO MOTION OR SAFETY CREDIT
P05_RIGHT_WEIGHT_TRANSFER,L_hip_yaw_link,R_hip_roll_link,62.920637,0.000000,NO,PASS,NOMINAL RIGID LINK ENVELOPES; TOLERANCE/COVERS/CABLES/TRACKING ERROR OPEN,NO MOTION OR SAFETY CREDIT
P05_RIGHT_WEIGHT_TRANSFER,L_hip_yaw_link,R_hip_yaw_link,65.000000,0.000000,NO,PASS,NOMINAL RIGID LINK ENVELOPES; TOLERANCE/COVERS/CABLES/TRACKING ERROR OPEN,NO MOTION OR SAFETY CREDIT
P05_RIGHT_WEIGHT_TRANSFER,L_hip_yaw_link,R_shin,229.357313,0.000000,NO,PASS,NOMINAL RIGID LINK ENVELOPES; TOLERANCE/COVERS/CABLES/TRACKING ERROR OPEN,NO MOTION OR SAFETY CREDIT
P05_RIGHT_WEIGHT_TRANSFER,L_hip_yaw_link,R_shoulder_pitch_link,178.836696,0.000000,NO,PASS,NOMINAL RIGID LINK ENVELOPES; TOLERANCE/COVERS/CABLES/TRACKING ERROR OPEN,NO MOTION OR SAFETY CREDIT
P05_RIGHT_WEIGHT_TRANSFER,L_hip_yaw_link,R_thigh,57.250905,0.000000,NO,PASS,NOMINAL RIGID LINK ENVELOPES; TOLERANCE/COVERS/CABLES/TRACKING ERROR OPEN,NO MOTION OR SAFETY CREDIT
P05_RIGHT_WEIGHT_TRANSFER,L_hip_yaw_link,R_upper_arm,118.108155,0.000000,NO,PASS,NOMINAL RIGID LINK ENVELOPES; TOLERANCE/COVERS/CABLES/TRACKING ERROR OPEN,NO MOTION OR SAFETY CREDIT
P05_RIGHT_WEIGHT_TRANSFER,L_hip_yaw_link,head,228.758000,0.000000,NO,PASS,NOMINAL RIGID LINK ENVELOPES; TOLERANCE/COVERS/CABLES/TRACKING ERROR OPEN,NO MOTION OR SAFETY CREDIT
P05_RIGHT_WEIGHT_TRANSFER,L_hip_yaw_link,neck_pan_link,181.385072,0.000000,NO,PASS,NOMINAL RIGID LINK ENVELOPES; TOLERANCE/COVERS/CABLES/TRACKING ERROR OPEN,NO MOTION OR SAFETY CREDIT
P05_RIGHT_WEIGHT_TRANSFER,L_hip_yaw_link,torso,30.791000,0.000000,NO,PASS,NOMINAL RIGID LINK ENVELOPES; TOLERANCE/COVERS/CABLES/TRACKING ERROR OPEN,NO MOTION OR SAFETY CREDIT
P05_RIGHT_WEIGHT_TRANSFER,L_shin,L_shoulder_pitch_link,404.484993,0.000000,NO,PASS,NOMINAL RIGID LINK ENVELOPES; TOLERANCE/COVERS/CABLES/TRACKING ERROR OPEN,NO MOTION OR SAFETY CREDIT
P05_RIGHT_WEIGHT_TRANSFER,L_shin,L_upper_arm,280.734066,0.000000,NO,PASS,NOMINAL RIGID LINK ENVELOPES; TOLERANCE/COVERS/CABLES/TRACKING ERROR OPEN,NO MOTION OR SAFETY CREDIT
P05_RIGHT_WEIGHT_TRANSFER,L_shin,R_ankle_pitch_link,42.407278,0.000000,NO,PASS,NOMINAL RIGID LINK ENVELOPES; TOLERANCE/COVERS/CABLES/TRACKING ERROR OPEN,NO MOTION OR SAFETY CREDIT
P05_RIGHT_WEIGHT_TRANSFER,L_shin,R_foot,46.827554,0.000000,NO,PASS,NOMINAL RIGID LINK ENVELOPES; TOLERANCE/COVERS/CABLES/TRACKING ERROR OPEN,NO MOTION OR SAFETY CREDIT
P05_RIGHT_WEIGHT_TRANSFER,L_shin,R_forearm,258.882445,0.000000,NO,PASS,NOMINAL RIGID LINK ENVELOPES; TOLERANCE/COVERS/CABLES/TRACKING ERROR OPEN,NO MOTION OR SAFETY CREDIT
P05_RIGHT_WEIGHT_TRANSFER,L_shin,R_gripper,271.618828,0.000000,NO,PASS,NOMINAL RIGID LINK ENVELOPES; TOLERANCE/COVERS/CABLES/TRACKING ERROR OPEN,NO MOTION OR SAFETY CREDIT
P05_RIGHT_WEIGHT_TRANSFER,L_shin,R_hand,267.914195,0.000000,NO,PASS,NOMINAL RIGID LINK ENVELOPES; TOLERANCE/COVERS/CABLES/TRACKING ERROR OPEN,NO MOTION OR SAFETY CREDIT
P05_RIGHT_WEIGHT_TRANSFER,L_shin,R_hip_roll_link,237.289870,0.000000,NO,PASS,NOMINAL RIGID LINK ENVELOPES; TOLERANCE/COVERS/CABLES/TRACKING ERROR OPEN,NO MOTION OR SAFETY CREDIT
P05_RIGHT_WEIGHT_TRANSFER,L_shin,R_hip_yaw_link,249.724940,0.000000,NO,PASS,NOMINAL RIGID LINK ENVELOPES; TOLERANCE/COVERS/CABLES/TRACKING ERROR OPEN,NO MOTION OR SAFETY CREDIT
P05_RIGHT_WEIGHT_TRANSFER,L_shin,R_shin,55.626983,0.000000,NO,PASS,NOMINAL RIGID LINK ENVELOPES; TOLERANCE/COVERS/CABLES/TRACKING ERROR OPEN,NO MOTION OR SAFETY CREDIT
P05_RIGHT_WEIGHT_TRANSFER,L_shin,R_shoulder_pitch_link,431.742114,0.000000,NO,PASS,NOMINAL RIGID LINK ENVELOPES; TOLERANCE/COVERS/CABLES/TRACKING ERROR OPEN,NO MOTION OR SAFETY CREDIT
P05_RIGHT_WEIGHT_TRANSFER,L_shin,R_thigh,118.342794,0.000000,NO,PASS,NOMINAL RIGID LINK ENVELOPES; TOLERANCE/COVERS/CABLES/TRACKING ERROR OPEN,NO MOTION OR SAFETY CREDIT
P05_RIGHT_WEIGHT_TRANSFER,L_shin,R_upper_arm,318.312762,0.000000,NO,PASS,NOMINAL RIGID LINK ENVELOPES; TOLERANCE/COVERS/CABLES/TRACKING ERROR OPEN,NO MOTION OR SAFETY CREDIT
P05_RIGHT_WEIGHT_TRANSFER,L_shin,base_link,207.182993,0.000000,NO,PASS,NOMINAL RIGID LINK ENVELOPES; TOLERANCE/COVERS/CABLES/TRACKING ERROR OPEN,NO MOTION OR SAFETY CREDIT
P05_RIGHT_WEIGHT_TRANSFER,L_shin,head,498.074993,0.000000,NO,PASS,NOMINAL RIGID LINK ENVELOPES; TOLERANCE/COVERS/CABLES/TRACKING ERROR OPEN,NO MOTION OR SAFETY CREDIT
P05_RIGHT_WEIGHT_TRANSFER,L_shin,neck_pan_link,452.407558,0.000000,NO,PASS,NOMINAL RIGID LINK ENVELOPES; TOLERANCE/COVERS/CABLES/TRACKING ERROR OPEN,NO MOTION OR SAFETY CREDIT
P05_RIGHT_WEIGHT_TRANSFER,L_shin,torso,300.107993,0.000000,NO,PASS,NOMINAL RIGID LINK ENVELOPES; TOLERANCE/COVERS/CABLES/TRACKING ERROR OPEN,NO MOTION OR SAFETY CREDIT
P05_RIGHT_WEIGHT_TRANSFER,L_shoulder_pitch_link,L_thigh,164.071000,0.000000,NO,PASS,NOMINAL RIGID LINK ENVELOPES; TOLERANCE/COVERS/CABLES/TRACKING ERROR OPEN,NO MOTION OR SAFETY CREDIT
P05_RIGHT_WEIGHT_TRANSFER,L_shoulder_pitch_link,R_ankle_pitch_link,477.488282,0.000000,NO,PASS,NOMINAL RIGID LINK ENVELOPES; TOLERANCE/COVERS/CABLES/TRACKING ERROR OPEN,NO MOTION OR SAFETY CREDIT
P05_RIGHT_WEIGHT_TRANSFER,L_shoulder_pitch_link,R_foot,521.825713,0.000000,NO,PASS,NOMINAL RIGID LINK ENVELOPES; TOLERANCE/COVERS/CABLES/TRACKING ERROR OPEN,NO MOTION OR SAFETY CREDIT
P05_RIGHT_WEIGHT_TRANSFER,L_shoulder_pitch_link,R_forearm,261.928429,0.000000,NO,PASS,NOMINAL RIGID LINK ENVELOPES; TOLERANCE/COVERS/CABLES/TRACKING ERROR OPEN,NO MOTION OR SAFETY CREDIT
P05_RIGHT_WEIGHT_TRANSFER,L_shoulder_pitch_link,R_gripper,396.080738,0.000000,NO,PASS,NOMINAL RIGID LINK ENVELOPES; TOLERANCE/COVERS/CABLES/TRACKING ERROR OPEN,NO MOTION OR SAFETY CREDIT
P05_RIGHT_WEIGHT_TRANSFER,L_shoulder_pitch_link,R_hand,369.471299,0.000000,NO,PASS,NOMINAL RIGID LINK ENVELOPES; TOLERANCE/COVERS/CABLES/TRACKING ERROR OPEN,NO MOTION OR SAFETY CREDIT
P05_RIGHT_WEIGHT_TRANSFER,L_shoulder_pitch_link,R_hip_roll_link,182.085416,0.000000,NO,PASS,NOMINAL RIGID LINK ENVELOPES; TOLERANCE/COVERS/CABLES/TRACKING ERROR OPEN,NO MOTION OR SAFETY CREDIT
P05_RIGHT_WEIGHT_TRANSFER,L_shoulder_pitch_link,R_hip_yaw_link,179.362855,0.000000,NO,PASS,NOMINAL RIGID LINK ENVELOPES; TOLERANCE/COVERS/CABLES/TRACKING ERROR OPEN,NO MOTION OR SAFETY CREDIT
P05_RIGHT_WEIGHT_TRANSFER,L_shoulder_pitch_link,R_shin,408.509620,0.000000,NO,PASS,NOMINAL RIGID LINK ENVELOPES; TOLERANCE/COVERS/CABLES/TRACKING ERROR OPEN,NO MOTION OR SAFETY CREDIT
P05_RIGHT_WEIGHT_TRANSFER,L_shoulder_pitch_link,R_shoulder_pitch_link,170.000000,0.000000,NO,PASS,NOMINAL RIGID LINK ENVELOPES; TOLERANCE/COVERS/CABLES/TRACKING ERROR OPEN,NO MOTION OR SAFETY CREDIT
P05_RIGHT_WEIGHT_TRANSFER,L_shoulder_pitch_link,R_thigh,188.251588,0.000000,NO,PASS,NOMINAL RIGID LINK ENVELOPES; TOLERANCE/COVERS/CABLES/TRACKING ERROR OPEN,NO MOTION OR SAFETY CREDIT
P05_RIGHT_WEIGHT_TRANSFER,L_shoulder_pitch_link,R_upper_arm,170.529941,0.000000,NO,PASS,NOMINAL RIGID LINK ENVELOPES; TOLERANCE/COVERS/CABLES/TRACKING ERROR OPEN,NO MOTION OR SAFETY CREDIT
P05_RIGHT_WEIGHT_TRANSFER,L_shoulder_pitch_link,base_link,127.751306,0.000000,NO,PASS,NOMINAL RIGID LINK ENVELOPES; TOLERANCE/COVERS/CABLES/TRACKING ERROR OPEN,NO MOTION OR SAFETY CREDIT
P05_RIGHT_WEIGHT_TRANSFER,L_shoulder_pitch_link,head,41.105313,0.000000,NO,PASS,NOMINAL RIGID LINK ENVELOPES; TOLERANCE/COVERS/CABLES/TRACKING ERROR OPEN,NO MOTION OR SAFETY CREDIT
P05_RIGHT_WEIGHT_TRANSFER,L_shoulder_pitch_link,neck_pan_link,59.716000,0.000000,NO,PASS,NOMINAL RIGID LINK ENVELOPES; TOLERANCE/COVERS/CABLES/TRACKING ERROR OPEN,NO MOTION OR SAFETY CREDIT
P05_RIGHT_WEIGHT_TRANSFER,L_thigh,L_upper_arm,40.320073,0.000000,NO,PASS,NOMINAL RIGID LINK ENVELOPES; TOLERANCE/COVERS/CABLES/TRACKING ERROR OPEN,NO MOTION OR SAFETY CREDIT
P05_RIGHT_WEIGHT_TRANSFER,L_thigh,R_ankle_pitch_link,161.978754,0.000000,NO,PASS,NOMINAL RIGID LINK ENVELOPES; TOLERANCE/COVERS/CABLES/TRACKING ERROR OPEN,NO MOTION OR SAFETY CREDIT
P05_RIGHT_WEIGHT_TRANSFER,L_thigh,R_foot,207.770004,0.000000,NO,PASS,NOMINAL RIGID LINK ENVELOPES; TOLERANCE/COVERS/CABLES/TRACKING ERROR OPEN,NO MOTION OR SAFETY CREDIT
P05_RIGHT_WEIGHT_TRANSFER,L_thigh,R_forearm,176.934446,0.000000,NO,PASS,NOMINAL RIGID LINK ENVELOPES; TOLERANCE/COVERS/CABLES/TRACKING ERROR OPEN,NO MOTION OR SAFETY CREDIT
P05_RIGHT_WEIGHT_TRANSFER,L_thigh,R_gripper,224.102116,0.000000,NO,PASS,NOMINAL RIGID LINK ENVELOPES; TOLERANCE/COVERS/CABLES/TRACKING ERROR OPEN,NO MOTION OR SAFETY CREDIT
P05_RIGHT_WEIGHT_TRANSFER,L_thigh,R_hand,210.445686,0.000000,NO,PASS,NOMINAL RIGID LINK ENVELOPES; TOLERANCE/COVERS/CABLES/TRACKING ERROR OPEN,NO MOTION OR SAFETY CREDIT
P05_RIGHT_WEIGHT_TRANSFER,L_thigh,R_hip_roll_link,56.556280,0.000000,NO,PASS,NOMINAL RIGID LINK ENVELOPES; TOLERANCE/COVERS/CABLES/TRACKING ERROR OPEN,NO MOTION OR SAFETY CREDIT
P05_RIGHT_WEIGHT_TRANSFER,L_thigh,R_hip_yaw_link,58.635643,0.000000,NO,PASS,NOMINAL RIGID LINK ENVELOPES; TOLERANCE/COVERS/CABLES/TRACKING ERROR OPEN,NO MOTION OR SAFETY CREDIT
P05_RIGHT_WEIGHT_TRANSFER,L_thigh,R_shin,92.929429,0.000000,NO,PASS,NOMINAL RIGID LINK ENVELOPES; TOLERANCE/COVERS/CABLES/TRACKING ERROR OPEN,NO MOTION OR SAFETY CREDIT
P05_RIGHT_WEIGHT_TRANSFER,L_thigh,R_shoulder_pitch_link,197.943059,0.000000,NO,PASS,NOMINAL RIGID LINK ENVELOPES; TOLERANCE/COVERS/CABLES/TRACKING ERROR OPEN,NO MOTION OR SAFETY CREDIT
P05_RIGHT_WEIGHT_TRANSFER,L_thigh,R_thigh,49.626983,0.000000,NO,PASS,NOMINAL RIGID LINK ENVELOPES; TOLERANCE/COVERS/CABLES/TRACKING ERROR OPEN,NO MOTION OR SAFETY CREDIT
P05_RIGHT_WEIGHT_TRANSFER,L_thigh,R_upper_arm,118.078622,0.000000,NO,PASS,NOMINAL RIGID LINK ENVELOPES; TOLERANCE/COVERS/CABLES/TRACKING ERROR OPEN,NO MOTION OR SAFETY CREDIT
P05_RIGHT_WEIGHT_TRANSFER,L_thigh,head,257.661000,0.000000,NO,PASS,NOMINAL RIGID LINK ENVELOPES; TOLERANCE/COVERS/CABLES/TRACKING ERROR OPEN,NO MOTION OR SAFETY CREDIT
P05_RIGHT_WEIGHT_TRANSFER,L_thigh,neck_pan_link,210.160484,0.000000,NO,PASS,NOMINAL RIGID LINK ENVELOPES; TOLERANCE/COVERS/CABLES/TRACKING ERROR OPEN,NO MOTION OR SAFETY CREDIT
P05_RIGHT_WEIGHT_TRANSFER,L_thigh,torso,59.694000,0.000000,NO,PASS,NOMINAL RIGID LINK ENVELOPES; TOLERANCE/COVERS/CABLES/TRACKING ERROR OPEN,NO MOTION OR SAFETY CREDIT
P05_RIGHT_WEIGHT_TRANSFER,L_upper_arm,R_ankle_pitch_link,355.733659,0.000000,NO,PASS,NOMINAL RIGID LINK ENVELOPES; TOLERANCE/COVERS/CABLES/TRACKING ERROR OPEN,NO MOTION OR SAFETY CREDIT
P05_RIGHT_WEIGHT_TRANSFER,L_upper_arm,R_foot,399.305470,0.000000,NO,PASS,NOMINAL RIGID LINK ENVELOPES; TOLERANCE/COVERS/CABLES/TRACKING ERROR OPEN,NO MOTION OR SAFETY CREDIT
P05_RIGHT_WEIGHT_TRANSFER,L_upper_arm,R_forearm,239.636879,0.000000,NO,PASS,NOMINAL RIGID LINK ENVELOPES; TOLERANCE/COVERS/CABLES/TRACKING ERROR OPEN,NO MOTION OR SAFETY CREDIT
P05_RIGHT_WEIGHT_TRANSFER,L_upper_arm,R_gripper,325.055824,0.000000,NO,PASS,NOMINAL RIGID LINK ENVELOPES; TOLERANCE/COVERS/CABLES/TRACKING ERROR OPEN,NO MOTION OR SAFETY CREDIT
P05_RIGHT_WEIGHT_TRANSFER,L_upper_arm,R_hand,301.977942,0.000000,NO,PASS,NOMINAL RIGID LINK ENVELOPES; TOLERANCE/COVERS/CABLES/TRACKING ERROR OPEN,NO MOTION OR SAFETY CREDIT
P05_RIGHT_WEIGHT_TRANSFER,L_upper_arm,R_hip_roll_link,120.429214,0.000000,NO,PASS,NOMINAL RIGID LINK ENVELOPES; TOLERANCE/COVERS/CABLES/TRACKING ERROR OPEN,NO MOTION OR SAFETY CREDIT
P05_RIGHT_WEIGHT_TRANSFER,L_upper_arm,R_hip_yaw_link,121.874027,0.000000,NO,PASS,NOMINAL RIGID LINK ENVELOPES; TOLERANCE/COVERS/CABLES/TRACKING ERROR OPEN,NO MOTION OR SAFETY CREDIT
P05_RIGHT_WEIGHT_TRANSFER,L_upper_arm,R_shin,287.208357,0.000000,NO,PASS,NOMINAL RIGID LINK ENVELOPES; TOLERANCE/COVERS/CABLES/TRACKING ERROR OPEN,NO MOTION OR SAFETY CREDIT
P05_RIGHT_WEIGHT_TRANSFER,L_upper_arm,R_shoulder_pitch_link,173.437077,0.000000,NO,PASS,NOMINAL RIGID LINK ENVELOPES; TOLERANCE/COVERS/CABLES/TRACKING ERROR OPEN,NO MOTION OR SAFETY CREDIT
P05_RIGHT_WEIGHT_TRANSFER,L_upper_arm,R_thigh,103.881549,0.000000,NO,PASS,NOMINAL RIGID LINK ENVELOPES; TOLERANCE/COVERS/CABLES/TRACKING ERROR OPEN,NO MOTION OR SAFETY CREDIT
P05_RIGHT_WEIGHT_TRANSFER,L_upper_arm,R_upper_arm,173.967018,0.000000,NO,PASS,NOMINAL RIGID LINK ENVELOPES; TOLERANCE/COVERS/CABLES/TRACKING ERROR OPEN,NO MOTION OR SAFETY CREDIT
P05_RIGHT_WEIGHT_TRANSFER,L_upper_arm,base_link,45.363452,0.000000,NO,PASS,NOMINAL RIGID LINK ENVELOPES; TOLERANCE/COVERS/CABLES/TRACKING ERROR OPEN,NO MOTION OR SAFETY CREDIT
P05_RIGHT_WEIGHT_TRANSFER,L_upper_arm,head,63.724059,0.000000,NO,PASS,NOMINAL RIGID LINK ENVELOPES; TOLERANCE/COVERS/CABLES/TRACKING ERROR OPEN,NO MOTION OR SAFETY CREDIT
P05_RIGHT_WEIGHT_TRANSFER,L_upper_arm,neck_pan_link,64.738925,0.000000,NO,PASS,NOMINAL RIGID LINK ENVELOPES; TOLERANCE/COVERS/CABLES/TRACKING ERROR OPEN,NO MOTION OR SAFETY CREDIT
P05_RIGHT_WEIGHT_TRANSFER,R_ankle_pitch_link,R_forearm,233.950801,0.000000,NO,PASS,NOMINAL RIGID LINK ENVELOPES; TOLERANCE/COVERS/CABLES/TRACKING ERROR OPEN,NO MOTION OR SAFETY CREDIT
P05_RIGHT_WEIGHT_TRANSFER,R_ankle_pitch_link,R_gripper,199.769921,0.000000,NO,PASS,NOMINAL RIGID LINK ENVELOPES; TOLERANCE/COVERS/CABLES/TRACKING ERROR OPEN,NO MOTION OR SAFETY CREDIT
P05_RIGHT_WEIGHT_TRANSFER,R_ankle_pitch_link,R_hand,213.189189,0.000000,NO,PASS,NOMINAL RIGID LINK ENVELOPES; TOLERANCE/COVERS/CABLES/TRACKING ERROR OPEN,NO MOTION OR SAFETY CREDIT
P05_RIGHT_WEIGHT_TRANSFER,R_ankle_pitch_link,R_hip_roll_link,285.684511,0.000000,NO,PASS,NOMINAL RIGID LINK ENVELOPES; TOLERANCE/COVERS/CABLES/TRACKING ERROR OPEN,NO MOTION OR SAFETY CREDIT
P05_RIGHT_WEIGHT_TRANSFER,R_ankle_pitch_link,R_hip_yaw_link,298.351809,0.000000,NO,PASS,NOMINAL RIGID LINK ENVELOPES; TOLERANCE/COVERS/CABLES/TRACKING ERROR OPEN,NO MOTION OR SAFETY CREDIT
P05_RIGHT_WEIGHT_TRANSFER,R_ankle_pitch_link,R_shoulder_pitch_link,474.965392,0.000000,NO,PASS,NOMINAL RIGID LINK ENVELOPES; TOLERANCE/COVERS/CABLES/TRACKING ERROR OPEN,NO MOTION OR SAFETY CREDIT
P05_RIGHT_WEIGHT_TRANSFER,R_ankle_pitch_link,R_thigh,161.964245,0.000000,NO,PASS,NOMINAL RIGID LINK ENVELOPES; TOLERANCE/COVERS/CABLES/TRACKING ERROR OPEN,NO MOTION OR SAFETY CREDIT
P05_RIGHT_WEIGHT_TRANSFER,R_ankle_pitch_link,R_upper_arm,350.995750,0.000000,NO,PASS,NOMINAL RIGID LINK ENVELOPES; TOLERANCE/COVERS/CABLES/TRACKING ERROR OPEN,NO MOTION OR SAFETY CREDIT
P05_RIGHT_WEIGHT_TRANSFER,R_ankle_pitch_link,base_link,276.217809,0.000000,NO,PASS,NOMINAL RIGID LINK ENVELOPES; TOLERANCE/COVERS/CABLES/TRACKING ERROR OPEN,NO MOTION OR SAFETY CREDIT
P05_RIGHT_WEIGHT_TRANSFER,R_ankle_pitch_link,head,567.109809,0.000000,NO,PASS,NOMINAL RIGID LINK ENVELOPES; TOLERANCE/COVERS/CABLES/TRACKING ERROR OPEN,NO MOTION OR SAFETY CREDIT
P05_RIGHT_WEIGHT_TRANSFER,R_ankle_pitch_link,neck_pan_link,519.608809,0.000000,NO,PASS,NOMINAL RIGID LINK ENVELOPES; TOLERANCE/COVERS/CABLES/TRACKING ERROR OPEN,NO MOTION OR SAFETY CREDIT
P05_RIGHT_WEIGHT_TRANSFER,R_ankle_pitch_link,torso,369.142809,0.000000,NO,PASS,NOMINAL RIGID LINK ENVELOPES; TOLERANCE/COVERS/CABLES/TRACKING ERROR OPEN,NO MOTION OR SAFETY CREDIT
P05_RIGHT_WEIGHT_TRANSFER,R_foot,R_forearm,272.887599,0.000000,NO,PASS,NOMINAL RIGID LINK ENVELOPES; TOLERANCE/COVERS/CABLES/TRACKING ERROR OPEN,NO MOTION OR SAFETY CREDIT
P05_RIGHT_WEIGHT_TRANSFER,R_foot,R_gripper,227.367235,0.000000,NO,PASS,NOMINAL RIGID LINK ENVELOPES; TOLERANCE/COVERS/CABLES/TRACKING ERROR OPEN,NO MOTION OR SAFETY CREDIT
P05_RIGHT_WEIGHT_TRANSFER,R_foot,R_hand,245.754925,0.000000,NO,PASS,NOMINAL RIGID LINK ENVELOPES; TOLERANCE/COVERS/CABLES/TRACKING ERROR OPEN,NO MOTION OR SAFETY CREDIT
P05_RIGHT_WEIGHT_TRANSFER,R_foot,R_hip_roll_link,331.490269,0.000000,NO,PASS,NOMINAL RIGID LINK ENVELOPES; TOLERANCE/COVERS/CABLES/TRACKING ERROR OPEN,NO MOTION OR SAFETY CREDIT
P05_RIGHT_WEIGHT_TRANSFER,R_foot,R_hip_yaw_link,344.157568,0.000000,NO,PASS,NOMINAL RIGID LINK ENVELOPES; TOLERANCE/COVERS/CABLES/TRACKING ERROR OPEN,NO MOTION OR SAFETY CREDIT
P05_RIGHT_WEIGHT_TRANSFER,R_foot,R_shoulder_pitch_link,520.133533,0.000000,NO,PASS,NOMINAL RIGID LINK ENVELOPES; TOLERANCE/COVERS/CABLES/TRACKING ERROR OPEN,NO MOTION OR SAFETY CREDIT
P05_RIGHT_WEIGHT_TRANSFER,R_foot,R_thigh,207.770004,0.000000,NO,PASS,NOMINAL RIGID LINK ENVELOPES; TOLERANCE/COVERS/CABLES/TRACKING ERROR OPEN,NO MOTION OR SAFETY CREDIT
P05_RIGHT_WEIGHT_TRANSFER,R_foot,R_upper_arm,395.887633,0.000000,NO,PASS,NOMINAL RIGID LINK ENVELOPES; TOLERANCE/COVERS/CABLES/TRACKING ERROR OPEN,NO MOTION OR SAFETY CREDIT
P05_RIGHT_WEIGHT_TRANSFER,R_foot,base_link,322.023568,0.000000,NO,PASS,NOMINAL RIGID LINK ENVELOPES; TOLERANCE/COVERS/CABLES/TRACKING ERROR OPEN,NO MOTION OR SAFETY CREDIT
P05_RIGHT_WEIGHT_TRANSFER,R_foot,head,612.915568,0.000000,NO,PASS,NOMINAL RIGID LINK ENVELOPES; TOLERANCE/COVERS/CABLES/TRACKING ERROR OPEN,NO MOTION OR SAFETY CREDIT
P05_RIGHT_WEIGHT_TRANSFER,R_foot,neck_pan_link,565.414568,0.000000,NO,PASS,NOMINAL RIGID LINK ENVELOPES; TOLERANCE/COVERS/CABLES/TRACKING ERROR OPEN,NO MOTION OR SAFETY CREDIT
P05_RIGHT_WEIGHT_TRANSFER,R_foot,torso,414.948568,0.000000,NO,PASS,NOMINAL RIGID LINK ENVELOPES; TOLERANCE/COVERS/CABLES/TRACKING ERROR OPEN,NO MOTION OR SAFETY CREDIT
P05_RIGHT_WEIGHT_TRANSFER,R_forearm,R_gripper,23.673000,0.000000,NO,PASS,NOMINAL RIGID LINK ENVELOPES; TOLERANCE/COVERS/CABLES/TRACKING ERROR OPEN,NO MOTION OR SAFETY CREDIT
P05_RIGHT_WEIGHT_TRANSFER,R_forearm,R_hip_roll_link,56.219439,0.000000,NO,PASS,NOMINAL RIGID LINK ENVELOPES; TOLERANCE/COVERS/CABLES/TRACKING ERROR OPEN,NO MOTION OR SAFETY CREDIT
P05_RIGHT_WEIGHT_TRANSFER,R_forearm,R_hip_yaw_link,58.298802,0.000000,NO,PASS,NOMINAL RIGID LINK ENVELOPES; TOLERANCE/COVERS/CABLES/TRACKING ERROR OPEN,NO MOTION OR SAFETY CREDIT
P05_RIGHT_WEIGHT_TRANSFER,R_forearm,R_shin,168.379553,0.000000,NO,PASS,NOMINAL RIGID LINK ENVELOPES; TOLERANCE/COVERS/CABLES/TRACKING ERROR OPEN,NO MOTION OR SAFETY CREDIT
P05_RIGHT_WEIGHT_TRANSFER,R_forearm,R_shoulder_pitch_link,116.200625,0.000000,NO,PASS,NOMINAL RIGID LINK ENVELOPES; TOLERANCE/COVERS/CABLES/TRACKING ERROR OPEN,NO MOTION OR SAFETY CREDIT
P05_RIGHT_WEIGHT_TRANSFER,R_forearm,R_thigh,51.934446,0.000000,NO,PASS,NOMINAL RIGID LINK ENVELOPES; TOLERANCE/COVERS/CABLES/TRACKING ERROR OPEN,NO MOTION OR SAFETY CREDIT
P05_RIGHT_WEIGHT_TRANSFER,R_forearm,base_link,70.494802,0.000000,NO,PASS,NOMINAL RIGID LINK ENVELOPES; TOLERANCE/COVERS/CABLES/TRACKING ERROR OPEN,NO MOTION OR SAFETY CREDIT
P05_RIGHT_WEIGHT_TRANSFER,R_forearm,head,219.595545,0.000000,NO,PASS,NOMINAL RIGID LINK ENVELOPES; TOLERANCE/COVERS/CABLES/TRACKING ERROR OPEN,NO MOTION OR SAFETY CREDIT
P05_RIGHT_WEIGHT_TRANSFER,R_forearm,neck_pan_link,200.942685,0.000000,NO,PASS,NOMINAL RIGID LINK ENVELOPES; TOLERANCE/COVERS/CABLES/TRACKING ERROR OPEN,NO MOTION OR SAFETY CREDIT
P05_RIGHT_WEIGHT_TRANSFER,R_forearm,torso,56.202018,0.000000,NO,PASS,NOMINAL RIGID LINK ENVELOPES; TOLERANCE/COVERS/CABLES/TRACKING ERROR OPEN,NO MOTION OR SAFETY CREDIT
P05_RIGHT_WEIGHT_TRANSFER,R_gripper,R_hip_roll_link,136.353340,0.000000,NO,PASS,NOMINAL RIGID LINK ENVELOPES; TOLERANCE/COVERS/CABLES/TRACKING ERROR OPEN,NO MOTION OR SAFETY CREDIT
P05_RIGHT_WEIGHT_TRANSFER,R_gripper,R_hip_yaw_link,146.421447,0.000000,NO,PASS,NOMINAL RIGID LINK ENVELOPES; TOLERANCE/COVERS/CABLES/TRACKING ERROR OPEN,NO MOTION OR SAFETY CREDIT
P05_RIGHT_WEIGHT_TRANSFER,R_gripper,R_shin,152.697164,0.000000,NO,PASS,NOMINAL RIGID LINK ENVELOPES; TOLERANCE/COVERS/CABLES/TRACKING ERROR OPEN,NO MOTION OR SAFETY CREDIT
P05_RIGHT_WEIGHT_TRANSFER,R_gripper,R_shoulder_pitch_link,286.296372,0.000000,NO,PASS,NOMINAL RIGID LINK ENVELOPES; TOLERANCE/COVERS/CABLES/TRACKING ERROR OPEN,NO MOTION OR SAFETY CREDIT
P05_RIGHT_WEIGHT_TRANSFER,R_gripper,R_thigh,99.102116,0.000000,NO,PASS,NOMINAL RIGID LINK ENVELOPES; TOLERANCE/COVERS/CABLES/TRACKING ERROR OPEN,NO MOTION OR SAFETY CREDIT
P05_RIGHT_WEIGHT_TRANSFER,R_gripper,R_upper_arm,155.674568,0.000000,NO,PASS,NOMINAL RIGID LINK ENVELOPES; TOLERANCE/COVERS/CABLES/TRACKING ERROR OPEN,NO MOTION OR SAFETY CREDIT
P05_RIGHT_WEIGHT_TRANSFER,R_gripper,base_link,141.965564,0.000000,NO,PASS,NOMINAL RIGID LINK ENVELOPES; TOLERANCE/COVERS/CABLES/TRACKING ERROR OPEN,NO MOTION OR SAFETY CREDIT
P05_RIGHT_WEIGHT_TRANSFER,R_gripper,head,389.603890,0.000000,NO,PASS,NOMINAL RIGID LINK ENVELOPES; TOLERANCE/COVERS/CABLES/TRACKING ERROR OPEN,NO MOTION OR SAFETY CREDIT
P05_RIGHT_WEIGHT_TRANSFER,R_gripper,neck_pan_link,364.688385,0.000000,NO,PASS,NOMINAL RIGID LINK ENVELOPES; TOLERANCE/COVERS/CABLES/TRACKING ERROR OPEN,NO MOTION OR SAFETY CREDIT
P05_RIGHT_WEIGHT_TRANSFER,R_gripper,torso,200.621694,0.000000,NO,PASS,NOMINAL RIGID LINK ENVELOPES; TOLERANCE/COVERS/CABLES/TRACKING ERROR OPEN,NO MOTION OR SAFETY CREDIT
P05_RIGHT_WEIGHT_TRANSFER,R_hand,R_hip_roll_link,110.613553,0.000000,NO,PASS,NOMINAL RIGID LINK ENVELOPES; TOLERANCE/COVERS/CABLES/TRACKING ERROR OPEN,NO MOTION OR SAFETY CREDIT
P05_RIGHT_WEIGHT_TRANSFER,R_hand,R_hip_yaw_link,120.049991,0.000000,NO,PASS,NOMINAL RIGID LINK ENVELOPES; TOLERANCE/COVERS/CABLES/TRACKING ERROR OPEN,NO MOTION OR SAFETY CREDIT
P05_RIGHT_WEIGHT_TRANSFER,R_hand,R_shin,157.263344,0.000000,NO,PASS,NOMINAL RIGID LINK ENVELOPES; TOLERANCE/COVERS/CABLES/TRACKING ERROR OPEN,NO MOTION OR SAFETY CREDIT
P05_RIGHT_WEIGHT_TRANSFER,R_hand,R_shoulder_pitch_link,259.481026,0.000000,NO,PASS,NOMINAL RIGID LINK ENVELOPES; TOLERANCE/COVERS/CABLES/TRACKING ERROR OPEN,NO MOTION OR SAFETY CREDIT
P05_RIGHT_WEIGHT_TRANSFER,R_hand,R_thigh,85.445686,0.000000,NO,PASS,NOMINAL RIGID LINK ENVELOPES; TOLERANCE/COVERS/CABLES/TRACKING ERROR OPEN,NO MOTION OR SAFETY CREDIT
P05_RIGHT_WEIGHT_TRANSFER,R_hand,R_upper_arm,129.390361,0.000000,NO,PASS,NOMINAL RIGID LINK ENVELOPES; TOLERANCE/COVERS/CABLES/TRACKING ERROR OPEN,NO MOTION OR SAFETY CREDIT
P05_RIGHT_WEIGHT_TRANSFER,R_hand,base_link,117.753929,0.000000,NO,PASS,NOMINAL RIGID LINK ENVELOPES; TOLERANCE/COVERS/CABLES/TRACKING ERROR OPEN,NO MOTION OR SAFETY CREDIT
P05_RIGHT_WEIGHT_TRANSFER,R_hand,head,362.382045,0.000000,NO,PASS,NOMINAL RIGID LINK ENVELOPES; TOLERANCE/COVERS/CABLES/TRACKING ERROR OPEN,NO MOTION OR SAFETY CREDIT
P05_RIGHT_WEIGHT_TRANSFER,R_hand,neck_pan_link,336.897884,0.000000,NO,PASS,NOMINAL RIGID LINK ENVELOPES; TOLERANCE/COVERS/CABLES/TRACKING ERROR OPEN,NO MOTION OR SAFETY CREDIT
P05_RIGHT_WEIGHT_TRANSFER,R_hand,torso,172.827170,0.000000,NO,PASS,NOMINAL RIGID LINK ENVELOPES; TOLERANCE/COVERS/CABLES/TRACKING ERROR OPEN,NO MOTION OR SAFETY CREDIT
P05_RIGHT_WEIGHT_TRANSFER,R_hip_roll_link,R_shin,216.649695,0.000000,NO,PASS,NOMINAL RIGID LINK ENVELOPES; TOLERANCE/COVERS/CABLES/TRACKING ERROR OPEN,NO MOTION OR SAFETY CREDIT
P05_RIGHT_WEIGHT_TRANSFER,R_hip_roll_link,R_shoulder_pitch_link,140.500701,0.000000,NO,PASS,NOMINAL RIGID LINK ENVELOPES; TOLERANCE/COVERS/CABLES/TRACKING ERROR OPEN,NO MOTION OR SAFETY CREDIT
P05_RIGHT_WEIGHT_TRANSFER,R_hip_roll_link,R_upper_arm,34.468086,0.000000,NO,PASS,NOMINAL RIGID LINK ENVELOPES; TOLERANCE/COVERS/CABLES/TRACKING ERROR OPEN,NO MOTION OR SAFETY CREDIT
P05_RIGHT_WEIGHT_TRANSFER,R_hip_roll_link,head,234.090701,0.000000,NO,PASS,NOMINAL RIGID LINK ENVELOPES; TOLERANCE/COVERS/CABLES/TRACKING ERROR OPEN,NO MOTION OR SAFETY CREDIT
P05_RIGHT_WEIGHT_TRANSFER,R_hip_roll_link,neck_pan_link,186.601582,0.000000,NO,PASS,NOMINAL RIGID LINK ENVELOPES; TOLERANCE/COVERS/CABLES/TRACKING ERROR OPEN,NO MOTION OR SAFETY CREDIT
P05_RIGHT_WEIGHT_TRANSFER,R_hip_roll_link,torso,36.123701,0.000000,NO,PASS,NOMINAL RIGID LINK ENVELOPES; TOLERANCE/COVERS/CABLES/TRACKING ERROR OPEN,NO MOTION OR SAFETY CREDIT
P05_RIGHT_WEIGHT_TRANSFER,R_hip_yaw_link,R_shin,229.316993,0.000000,NO,PASS,NOMINAL RIGID LINK ENVELOPES; TOLERANCE/COVERS/CABLES/TRACKING ERROR OPEN,NO MOTION OR SAFETY CREDIT
P05_RIGHT_WEIGHT_TRANSFER,R_hip_yaw_link,R_shoulder_pitch_link,135.168000,0.000000,NO,PASS,NOMINAL RIGID LINK ENVELOPES; TOLERANCE/COVERS/CABLES/TRACKING ERROR OPEN,NO MOTION OR SAFETY CREDIT
P05_RIGHT_WEIGHT_TRANSFER,R_hip_yaw_link,R_upper_arm,27.475732,0.000000,NO,PASS,NOMINAL RIGID LINK ENVELOPES; TOLERANCE/COVERS/CABLES/TRACKING ERROR OPEN,NO MOTION OR SAFETY CREDIT
P05_RIGHT_WEIGHT_TRANSFER,R_hip_yaw_link,head,228.758000,0.000000,NO,PASS,NOMINAL RIGID LINK ENVELOPES; TOLERANCE/COVERS/CABLES/TRACKING ERROR OPEN,NO MOTION OR SAFETY CREDIT
P05_RIGHT_WEIGHT_TRANSFER,R_hip_yaw_link,neck_pan_link,181.305307,0.000000,NO,PASS,NOMINAL RIGID LINK ENVELOPES; TOLERANCE/COVERS/CABLES/TRACKING ERROR OPEN,NO MOTION OR SAFETY CREDIT
P05_RIGHT_WEIGHT_TRANSFER,R_hip_yaw_link,torso,30.791000,0.000000,NO,PASS,NOMINAL RIGID LINK ENVELOPES; TOLERANCE/COVERS/CABLES/TRACKING ERROR OPEN,NO MOTION OR SAFETY CREDIT
P05_RIGHT_WEIGHT_TRANSFER,R_shin,R_shoulder_pitch_link,405.318094,0.000000,NO,PASS,NOMINAL RIGID LINK ENVELOPES; TOLERANCE/COVERS/CABLES/TRACKING ERROR OPEN,NO MOTION OR SAFETY CREDIT
P05_RIGHT_WEIGHT_TRANSFER,R_shin,R_upper_arm,281.197499,0.000000,NO,PASS,NOMINAL RIGID LINK ENVELOPES; TOLERANCE/COVERS/CABLES/TRACKING ERROR OPEN,NO MOTION OR SAFETY CREDIT
P05_RIGHT_WEIGHT_TRANSFER,R_shin,base_link,207.182993,0.000000,NO,PASS,NOMINAL RIGID LINK ENVELOPES; TOLERANCE/COVERS/CABLES/TRACKING ERROR OPEN,NO MOTION OR SAFETY CREDIT
P05_RIGHT_WEIGHT_TRANSFER,R_shin,head,498.074993,0.000000,NO,PASS,NOMINAL RIGID LINK ENVELOPES; TOLERANCE/COVERS/CABLES/TRACKING ERROR OPEN,NO MOTION OR SAFETY CREDIT
P05_RIGHT_WEIGHT_TRANSFER,R_shin,neck_pan_link,450.573993,0.000000,NO,PASS,NOMINAL RIGID LINK ENVELOPES; TOLERANCE/COVERS/CABLES/TRACKING ERROR OPEN,NO MOTION OR SAFETY CREDIT
P05_RIGHT_WEIGHT_TRANSFER,R_shin,torso,300.107993,0.000000,NO,PASS,NOMINAL RIGID LINK ENVELOPES; TOLERANCE/COVERS/CABLES/TRACKING ERROR OPEN,NO MOTION OR SAFETY CREDIT
P05_RIGHT_WEIGHT_TRANSFER,R_shoulder_pitch_link,R_thigh,164.071000,0.000000,NO,PASS,NOMINAL RIGID LINK ENVELOPES; TOLERANCE/COVERS/CABLES/TRACKING ERROR OPEN,NO MOTION OR SAFETY CREDIT
P05_RIGHT_WEIGHT_TRANSFER,R_shoulder_pitch_link,base_link,127.374433,0.000000,NO,PASS,NOMINAL RIGID LINK ENVELOPES; TOLERANCE/COVERS/CABLES/TRACKING ERROR OPEN,NO MOTION OR SAFETY CREDIT
P05_RIGHT_WEIGHT_TRANSFER,R_shoulder_pitch_link,head,39.191231,0.000000,NO,PASS,NOMINAL RIGID LINK ENVELOPES; TOLERANCE/COVERS/CABLES/TRACKING ERROR OPEN,NO MOTION OR SAFETY CREDIT
P05_RIGHT_WEIGHT_TRANSFER,R_shoulder_pitch_link,neck_pan_link,56.284000,0.000000,NO,PASS,NOMINAL RIGID LINK ENVELOPES; TOLERANCE/COVERS/CABLES/TRACKING ERROR OPEN,NO MOTION OR SAFETY CREDIT
P05_RIGHT_WEIGHT_TRANSFER,R_thigh,R_upper_arm,54.343497,0.000000,NO,PASS,NOMINAL RIGID LINK ENVELOPES; TOLERANCE/COVERS/CABLES/TRACKING ERROR OPEN,NO MOTION OR SAFETY CREDIT
P05_RIGHT_WEIGHT_TRANSFER,R_thigh,head,257.661000,0.000000,NO,PASS,NOMINAL RIGID LINK ENVELOPES; TOLERANCE/COVERS/CABLES/TRACKING ERROR OPEN,NO MOTION OR SAFETY CREDIT
P05_RIGHT_WEIGHT_TRANSFER,R_thigh,neck_pan_link,210.160000,0.000000,NO,PASS,NOMINAL RIGID LINK ENVELOPES; TOLERANCE/COVERS/CABLES/TRACKING ERROR OPEN,NO MOTION OR SAFETY CREDIT
P05_RIGHT_WEIGHT_TRANSFER,R_thigh,torso,59.694000,0.000000,NO,PASS,NOMINAL RIGID LINK ENVELOPES; TOLERANCE/COVERS/CABLES/TRACKING ERROR OPEN,NO MOTION OR SAFETY CREDIT
P05_RIGHT_WEIGHT_TRANSFER,R_upper_arm,base_link,36.219314,0.000000,NO,PASS,NOMINAL RIGID LINK ENVELOPES; TOLERANCE/COVERS/CABLES/TRACKING ERROR OPEN,NO MOTION OR SAFETY CREDIT
P05_RIGHT_WEIGHT_TRANSFER,R_upper_arm,head,63.066022,0.000000,NO,PASS,NOMINAL RIGID LINK ENVELOPES; TOLERANCE/COVERS/CABLES/TRACKING ERROR OPEN,NO MOTION OR SAFETY CREDIT
P05_RIGHT_WEIGHT_TRANSFER,R_upper_arm,neck_pan_link,58.768347,0.000000,NO,PASS,NOMINAL RIGID LINK ENVELOPES; TOLERANCE/COVERS/CABLES/TRACKING ERROR OPEN,NO MOTION OR SAFETY CREDIT
P05_RIGHT_WEIGHT_TRANSFER,base_link,head,220.892000,0.000000,NO,PASS,NOMINAL RIGID LINK ENVELOPES; TOLERANCE/COVERS/CABLES/TRACKING ERROR OPEN,NO MOTION OR SAFETY CREDIT
P05_RIGHT_WEIGHT_TRANSFER,base_link,neck_pan_link,173.391000,0.000000,NO,PASS,NOMINAL RIGID LINK ENVELOPES; TOLERANCE/COVERS/CABLES/TRACKING ERROR OPEN,NO MOTION OR SAFETY CREDIT
P05_RIGHT_WEIGHT_TRANSFER,head,torso,42.967000,0.000000,NO,PASS,NOMINAL RIGID LINK ENVELOPES; TOLERANCE/COVERS/CABLES/TRACKING ERROR OPEN,NO MOTION OR SAFETY CREDIT
P06_LEFT_FOOT_LIFT,L_ankle_pitch_link,L_forearm,201.817236,0.000000,NO,PASS,NOMINAL RIGID LINK ENVELOPES; TOLERANCE/COVERS/CABLES/TRACKING ERROR OPEN,NO MOTION OR SAFETY CREDIT
P06_LEFT_FOOT_LIFT,L_ankle_pitch_link,L_gripper,133.961125,0.000000,NO,PASS,NOMINAL RIGID LINK ENVELOPES; TOLERANCE/COVERS/CABLES/TRACKING ERROR OPEN,NO MOTION OR SAFETY CREDIT
P06_LEFT_FOOT_LIFT,L_ankle_pitch_link,L_hand,160.506271,0.000000,NO,PASS,NOMINAL RIGID LINK ENVELOPES; TOLERANCE/COVERS/CABLES/TRACKING ERROR OPEN,NO MOTION OR SAFETY CREDIT
P06_LEFT_FOOT_LIFT,L_ankle_pitch_link,L_hip_roll_link,278.444367,0.000000,NO,PASS,NOMINAL RIGID LINK ENVELOPES; TOLERANCE/COVERS/CABLES/TRACKING ERROR OPEN,NO MOTION OR SAFETY CREDIT
P06_LEFT_FOOT_LIFT,L_ankle_pitch_link,L_hip_yaw_link,291.111666,0.000000,NO,PASS,NOMINAL RIGID LINK ENVELOPES; TOLERANCE/COVERS/CABLES/TRACKING ERROR OPEN,NO MOTION OR SAFETY CREDIT
P06_LEFT_FOOT_LIFT,L_ankle_pitch_link,L_shoulder_pitch_link,466.279666,0.000000,NO,PASS,NOMINAL RIGID LINK ENVELOPES; TOLERANCE/COVERS/CABLES/TRACKING ERROR OPEN,NO MOTION OR SAFETY CREDIT
P06_LEFT_FOOT_LIFT,L_ankle_pitch_link,L_thigh,151.129224,0.000000,NO,PASS,NOMINAL RIGID LINK ENVELOPES; TOLERANCE/COVERS/CABLES/TRACKING ERROR OPEN,NO MOTION OR SAFETY CREDIT
P06_LEFT_FOOT_LIFT,L_ankle_pitch_link,L_upper_arm,342.528738,0.000000,NO,PASS,NOMINAL RIGID LINK ENVELOPES; TOLERANCE/COVERS/CABLES/TRACKING ERROR OPEN,NO MOTION OR SAFETY CREDIT
P06_LEFT_FOOT_LIFT,L_ankle_pitch_link,R_ankle_pitch_link,52.379800,0.000000,NO,PASS,NOMINAL RIGID LINK ENVELOPES; TOLERANCE/COVERS/CABLES/TRACKING ERROR OPEN,NO MOTION OR SAFETY CREDIT
P06_LEFT_FOOT_LIFT,L_ankle_pitch_link,R_foot,41.966401,0.000000,NO,PASS,NOMINAL RIGID LINK ENVELOPES; TOLERANCE/COVERS/CABLES/TRACKING ERROR OPEN,NO MOTION OR SAFETY CREDIT
P06_LEFT_FOOT_LIFT,L_ankle_pitch_link,R_forearm,304.441596,0.000000,NO,PASS,NOMINAL RIGID LINK ENVELOPES; TOLERANCE/COVERS/CABLES/TRACKING ERROR OPEN,NO MOTION OR SAFETY CREDIT
P06_LEFT_FOOT_LIFT,L_ankle_pitch_link,R_gripper,301.140586,0.000000,NO,PASS,NOMINAL RIGID LINK ENVELOPES; TOLERANCE/COVERS/CABLES/TRACKING ERROR OPEN,NO MOTION OR SAFETY CREDIT
P06_LEFT_FOOT_LIFT,L_ankle_pitch_link,R_hand,303.937975,0.000000,NO,PASS,NOMINAL RIGID LINK ENVELOPES; TOLERANCE/COVERS/CABLES/TRACKING ERROR OPEN,NO MOTION OR SAFETY CREDIT
P06_LEFT_FOOT_LIFT,L_ankle_pitch_link,R_hip_roll_link,298.212511,0.000000,NO,PASS,NOMINAL RIGID LINK ENVELOPES; TOLERANCE/COVERS/CABLES/TRACKING ERROR OPEN,NO MOTION OR SAFETY CREDIT
P06_LEFT_FOOT_LIFT,L_ankle_pitch_link,R_hip_yaw_link,310.795401,0.000000,NO,PASS,NOMINAL RIGID LINK ENVELOPES; TOLERANCE/COVERS/CABLES/TRACKING ERROR OPEN,NO MOTION OR SAFETY CREDIT
P06_LEFT_FOOT_LIFT,L_ankle_pitch_link,R_shin,48.147901,0.000000,NO,PASS,NOMINAL RIGID LINK ENVELOPES; TOLERANCE/COVERS/CABLES/TRACKING ERROR OPEN,NO MOTION OR SAFETY CREDIT
P06_LEFT_FOOT_LIFT,L_ankle_pitch_link,R_shoulder_pitch_link,493.275282,0.000000,NO,PASS,NOMINAL RIGID LINK ENVELOPES; TOLERANCE/COVERS/CABLES/TRACKING ERROR OPEN,NO MOTION OR SAFETY CREDIT
P06_LEFT_FOOT_LIFT,L_ankle_pitch_link,R_thigh,175.697461,0.000000,NO,PASS,NOMINAL RIGID LINK ENVELOPES; TOLERANCE/COVERS/CABLES/TRACKING ERROR OPEN,NO MOTION OR SAFETY CREDIT
P06_LEFT_FOOT_LIFT,L_ankle_pitch_link,R_upper_arm,377.969709,0.000000,NO,PASS,NOMINAL RIGID LINK ENVELOPES; TOLERANCE/COVERS/CABLES/TRACKING ERROR OPEN,NO MOTION OR SAFETY CREDIT
P06_LEFT_FOOT_LIFT,L_ankle_pitch_link,base_link,268.982736,0.000000,NO,PASS,NOMINAL RIGID LINK ENVELOPES; TOLERANCE/COVERS/CABLES/TRACKING ERROR OPEN,NO MOTION OR SAFETY CREDIT
P06_LEFT_FOOT_LIFT,L_ankle_pitch_link,head,559.879259,0.000000,NO,PASS,NOMINAL RIGID LINK ENVELOPES; TOLERANCE/COVERS/CABLES/TRACKING ERROR OPEN,NO MOTION OR SAFETY CREDIT
P06_LEFT_FOOT_LIFT,L_ankle_pitch_link,neck_pan_link,514.867302,0.000000,NO,PASS,NOMINAL RIGID LINK ENVELOPES; TOLERANCE/COVERS/CABLES/TRACKING ERROR OPEN,NO MOTION OR SAFETY CREDIT
P06_LEFT_FOOT_LIFT,L_ankle_pitch_link,torso,361.902666,0.000000,NO,PASS,NOMINAL RIGID LINK ENVELOPES; TOLERANCE/COVERS/CABLES/TRACKING ERROR OPEN,NO MOTION OR SAFETY CREDIT
P06_LEFT_FOOT_LIFT,L_foot,L_forearm,247.622995,0.000000,NO,PASS,NOMINAL RIGID LINK ENVELOPES; TOLERANCE/COVERS/CABLES/TRACKING ERROR OPEN,NO MOTION OR SAFETY CREDIT
P06_LEFT_FOOT_LIFT,L_foot,L_gripper,174.618694,0.000000,NO,PASS,NOMINAL RIGID LINK ENVELOPES; TOLERANCE/COVERS/CABLES/TRACKING ERROR OPEN,NO MOTION OR SAFETY CREDIT
P06_LEFT_FOOT_LIFT,L_foot,L_hand,203.791512,0.000000,NO,PASS,NOMINAL RIGID LINK ENVELOPES; TOLERANCE/COVERS/CABLES/TRACKING ERROR OPEN,NO MOTION OR SAFETY CREDIT
P06_LEFT_FOOT_LIFT,L_foot,L_hip_roll_link,324.250126,0.000000,NO,PASS,NOMINAL RIGID LINK ENVELOPES; TOLERANCE/COVERS/CABLES/TRACKING ERROR OPEN,NO MOTION OR SAFETY CREDIT
P06_LEFT_FOOT_LIFT,L_foot,L_hip_yaw_link,336.917424,0.000000,NO,PASS,NOMINAL RIGID LINK ENVELOPES; TOLERANCE/COVERS/CABLES/TRACKING ERROR OPEN,NO MOTION OR SAFETY CREDIT
P06_LEFT_FOOT_LIFT,L_foot,L_shoulder_pitch_link,512.085424,0.000000,NO,PASS,NOMINAL RIGID LINK ENVELOPES; TOLERANCE/COVERS/CABLES/TRACKING ERROR OPEN,NO MOTION OR SAFETY CREDIT
P06_LEFT_FOOT_LIFT,L_foot,L_thigh,196.934982,0.000000,NO,PASS,NOMINAL RIGID LINK ENVELOPES; TOLERANCE/COVERS/CABLES/TRACKING ERROR OPEN,NO MOTION OR SAFETY CREDIT
P06_LEFT_FOOT_LIFT,L_foot,L_upper_arm,388.334497,0.000000,NO,PASS,NOMINAL RIGID LINK ENVELOPES; TOLERANCE/COVERS/CABLES/TRACKING ERROR OPEN,NO MOTION OR SAFETY CREDIT
P06_LEFT_FOOT_LIFT,L_foot,R_ankle_pitch_link,44.331352,0.000000,NO,PASS,NOMINAL RIGID LINK ENVELOPES; TOLERANCE/COVERS/CABLES/TRACKING ERROR OPEN,NO MOTION OR SAFETY CREDIT
P06_LEFT_FOOT_LIFT,L_foot,R_foot,33.917953,0.000000,NO,PASS,NOMINAL RIGID LINK ENVELOPES; TOLERANCE/COVERS/CABLES/TRACKING ERROR OPEN,NO MOTION OR SAFETY CREDIT
P06_LEFT_FOOT_LIFT,L_foot,R_forearm,331.302543,0.000000,NO,PASS,NOMINAL RIGID LINK ENVELOPES; TOLERANCE/COVERS/CABLES/TRACKING ERROR OPEN,NO MOTION OR SAFETY CREDIT
P06_LEFT_FOOT_LIFT,L_foot,R_gripper,315.935937,0.000000,NO,PASS,NOMINAL RIGID LINK ENVELOPES; TOLERANCE/COVERS/CABLES/TRACKING ERROR OPEN,NO MOTION OR SAFETY CREDIT
P06_LEFT_FOOT_LIFT,L_foot,R_hand,323.521515,0.000000,NO,PASS,NOMINAL RIGID LINK ENVELOPES; TOLERANCE/COVERS/CABLES/TRACKING ERROR OPEN,NO MOTION OR SAFETY CREDIT
P06_LEFT_FOOT_LIFT,L_foot,R_hip_roll_link,338.945013,0.000000,NO,PASS,NOMINAL RIGID LINK ENVELOPES; TOLERANCE/COVERS/CABLES/TRACKING ERROR OPEN,NO MOTION OR SAFETY CREDIT
P06_LEFT_FOOT_LIFT,L_foot,R_hip_yaw_link,351.672860,0.000000,NO,PASS,NOMINAL RIGID LINK ENVELOPES; TOLERANCE/COVERS/CABLES/TRACKING ERROR OPEN,NO MOTION OR SAFETY CREDIT
P06_LEFT_FOOT_LIFT,L_foot,R_shin,40.099453,0.000000,NO,PASS,NOMINAL RIGID LINK ENVELOPES; TOLERANCE/COVERS/CABLES/TRACKING ERROR OPEN,NO MOTION OR SAFETY CREDIT
P06_LEFT_FOOT_LIFT,L_foot,R_shoulder_pitch_link,534.424267,0.000000,NO,PASS,NOMINAL RIGID LINK ENVELOPES; TOLERANCE/COVERS/CABLES/TRACKING ERROR OPEN,NO MOTION OR SAFETY CREDIT
P06_LEFT_FOOT_LIFT,L_foot,R_thigh,214.165906,0.000000,NO,PASS,NOMINAL RIGID LINK ENVELOPES; TOLERANCE/COVERS/CABLES/TRACKING ERROR OPEN,NO MOTION OR SAFETY CREDIT
P06_LEFT_FOOT_LIFT,L_foot,R_upper_arm,416.811860,0.000000,NO,PASS,NOMINAL RIGID LINK ENVELOPES; TOLERANCE/COVERS/CABLES/TRACKING ERROR OPEN,NO MOTION OR SAFETY CREDIT
P06_LEFT_FOOT_LIFT,L_foot,base_link,314.783424,0.000000,NO,PASS,NOMINAL RIGID LINK ENVELOPES; TOLERANCE/COVERS/CABLES/TRACKING ERROR OPEN,NO MOTION OR SAFETY CREDIT
P06_LEFT_FOOT_LIFT,L_foot,head,605.675424,0.000000,NO,PASS,NOMINAL RIGID LINK ENVELOPES; TOLERANCE/COVERS/CABLES/TRACKING ERROR OPEN,NO MOTION OR SAFETY CREDIT
P06_LEFT_FOOT_LIFT,L_foot,neck_pan_link,559.798754,0.000000,NO,PASS,NOMINAL RIGID LINK ENVELOPES; TOLERANCE/COVERS/CABLES/TRACKING ERROR OPEN,NO MOTION OR SAFETY CREDIT
P06_LEFT_FOOT_LIFT,L_foot,torso,407.708424,0.000000,NO,PASS,NOMINAL RIGID LINK ENVELOPES; TOLERANCE/COVERS/CABLES/TRACKING ERROR OPEN,NO MOTION OR SAFETY CREDIT
P06_LEFT_FOOT_LIFT,L_forearm,L_gripper,23.673000,0.000000,NO,PASS,NOMINAL RIGID LINK ENVELOPES; TOLERANCE/COVERS/CABLES/TRACKING ERROR OPEN,NO MOTION OR SAFETY CREDIT
P06_LEFT_FOOT_LIFT,L_forearm,L_hip_roll_link,52.043727,0.000000,NO,PASS,NOMINAL RIGID LINK ENVELOPES; TOLERANCE/COVERS/CABLES/TRACKING ERROR OPEN,NO MOTION OR SAFETY CREDIT
P06_LEFT_FOOT_LIFT,L_forearm,L_hip_yaw_link,54.123090,0.000000,NO,PASS,NOMINAL RIGID LINK ENVELOPES; TOLERANCE/COVERS/CABLES/TRACKING ERROR OPEN,NO MOTION OR SAFETY CREDIT
P06_LEFT_FOOT_LIFT,L_forearm,L_shin,128.694191,0.000000,NO,PASS,NOMINAL RIGID LINK ENVELOPES; TOLERANCE/COVERS/CABLES/TRACKING ERROR OPEN,NO MOTION OR SAFETY CREDIT
P06_LEFT_FOOT_LIFT,L_forearm,L_shoulder_pitch_link,116.052929,0.000000,NO,PASS,NOMINAL RIGID LINK ENVELOPES; TOLERANCE/COVERS/CABLES/TRACKING ERROR OPEN,NO MOTION OR SAFETY CREDIT
P06_LEFT_FOOT_LIFT,L_forearm,L_thigh,54.670419,0.000000,NO,PASS,NOMINAL RIGID LINK ENVELOPES; TOLERANCE/COVERS/CABLES/TRACKING ERROR OPEN,NO MOTION OR SAFETY CREDIT
P06_LEFT_FOOT_LIFT,L_forearm,R_ankle_pitch_link,242.382614,0.000000,NO,PASS,NOMINAL RIGID LINK ENVELOPES; TOLERANCE/COVERS/CABLES/TRACKING ERROR OPEN,NO MOTION OR SAFETY CREDIT
P06_LEFT_FOOT_LIFT,L_forearm,R_foot,278.484260,0.000000,NO,PASS,NOMINAL RIGID LINK ENVELOPES; TOLERANCE/COVERS/CABLES/TRACKING ERROR OPEN,NO MOTION OR SAFETY CREDIT
P06_LEFT_FOOT_LIFT,L_forearm,R_forearm,297.421893,0.000000,NO,PASS,NOMINAL RIGID LINK ENVELOPES; TOLERANCE/COVERS/CABLES/TRACKING ERROR OPEN,NO MOTION OR SAFETY CREDIT
P06_LEFT_FOOT_LIFT,L_forearm,R_gripper,344.808074,0.000000,NO,PASS,NOMINAL RIGID LINK ENVELOPES; TOLERANCE/COVERS/CABLES/TRACKING ERROR OPEN,NO MOTION OR SAFETY CREDIT
P06_LEFT_FOOT_LIFT,L_forearm,R_hand,330.933133,0.000000,NO,PASS,NOMINAL RIGID LINK ENVELOPES; TOLERANCE/COVERS/CABLES/TRACKING ERROR OPEN,NO MOTION OR SAFETY CREDIT
P06_LEFT_FOOT_LIFT,L_forearm,R_hip_roll_link,177.043727,0.000000,NO,PASS,NOMINAL RIGID LINK ENVELOPES; TOLERANCE/COVERS/CABLES/TRACKING ERROR OPEN,NO MOTION OR SAFETY CREDIT
P06_LEFT_FOOT_LIFT,L_forearm,R_hip_yaw_link,179.123090,0.000000,NO,PASS,NOMINAL RIGID LINK ENVELOPES; TOLERANCE/COVERS/CABLES/TRACKING ERROR OPEN,NO MOTION OR SAFETY CREDIT
P06_LEFT_FOOT_LIFT,L_forearm,R_shin,183.386043,0.000000,NO,PASS,NOMINAL RIGID LINK ENVELOPES; TOLERANCE/COVERS/CABLES/TRACKING ERROR OPEN,NO MOTION OR SAFETY CREDIT
P06_LEFT_FOOT_LIFT,L_forearm,R_shoulder_pitch_link,257.840184,0.000000,NO,PASS,NOMINAL RIGID LINK ENVELOPES; TOLERANCE/COVERS/CABLES/TRACKING ERROR OPEN,NO MOTION OR SAFETY CREDIT
P06_LEFT_FOOT_LIFT,L_forearm,R_thigh,153.522509,0.000000,NO,PASS,NOMINAL RIGID LINK ENVELOPES; TOLERANCE/COVERS/CABLES/TRACKING ERROR OPEN,NO MOTION OR SAFETY CREDIT
P06_LEFT_FOOT_LIFT,L_forearm,R_upper_arm,231.752031,0.000000,NO,PASS,NOMINAL RIGID LINK ENVELOPES; TOLERANCE/COVERS/CABLES/TRACKING ERROR OPEN,NO MOTION OR SAFETY CREDIT
P06_LEFT_FOOT_LIFT,L_forearm,base_link,71.927090,0.000000,NO,PASS,NOMINAL RIGID LINK ENVELOPES; TOLERANCE/COVERS/CABLES/TRACKING ERROR OPEN,NO MOTION OR SAFETY CREDIT
P06_LEFT_FOOT_LIFT,L_forearm,head,220.326000,0.000000,NO,PASS,NOMINAL RIGID LINK ENVELOPES; TOLERANCE/COVERS/CABLES/TRACKING ERROR OPEN,NO MOTION OR SAFETY CREDIT
P06_LEFT_FOOT_LIFT,L_forearm,neck_pan_link,200.711901,0.000000,NO,PASS,NOMINAL RIGID LINK ENVELOPES; TOLERANCE/COVERS/CABLES/TRACKING ERROR OPEN,NO MOTION OR SAFETY CREDIT
P06_LEFT_FOOT_LIFT,L_forearm,torso,52.819956,0.000000,NO,PASS,NOMINAL RIGID LINK ENVELOPES; TOLERANCE/COVERS/CABLES/TRACKING ERROR OPEN,NO MOTION OR SAFETY CREDIT
P06_LEFT_FOOT_LIFT,L_gripper,L_hip_roll_link,136.353340,0.000000,NO,PASS,NOMINAL RIGID LINK ENVELOPES; TOLERANCE/COVERS/CABLES/TRACKING ERROR OPEN,NO MOTION OR SAFETY CREDIT
P06_LEFT_FOOT_LIFT,L_gripper,L_hip_yaw_link,146.421447,0.000000,NO,PASS,NOMINAL RIGID LINK ENVELOPES; TOLERANCE/COVERS/CABLES/TRACKING ERROR OPEN,NO MOTION OR SAFETY CREDIT
P06_LEFT_FOOT_LIFT,L_gripper,L_shin,68.167483,0.000000,NO,PASS,NOMINAL RIGID LINK ENVELOPES; TOLERANCE/COVERS/CABLES/TRACKING ERROR OPEN,NO MOTION OR SAFETY CREDIT
P06_LEFT_FOOT_LIFT,L_gripper,L_shoulder_pitch_link,286.091899,0.000000,NO,PASS,NOMINAL RIGID LINK ENVELOPES; TOLERANCE/COVERS/CABLES/TRACKING ERROR OPEN,NO MOTION OR SAFETY CREDIT
P06_LEFT_FOOT_LIFT,L_gripper,L_thigh,79.328633,0.000000,NO,PASS,NOMINAL RIGID LINK ENVELOPES; TOLERANCE/COVERS/CABLES/TRACKING ERROR OPEN,NO MOTION OR SAFETY CREDIT
P06_LEFT_FOOT_LIFT,L_gripper,L_upper_arm,155.711891,0.000000,NO,PASS,NOMINAL RIGID LINK ENVELOPES; TOLERANCE/COVERS/CABLES/TRACKING ERROR OPEN,NO MOTION OR SAFETY CREDIT
P06_LEFT_FOOT_LIFT,L_gripper,R_ankle_pitch_link,218.093165,0.000000,NO,PASS,NOMINAL RIGID LINK ENVELOPES; TOLERANCE/COVERS/CABLES/TRACKING ERROR OPEN,NO MOTION OR SAFETY CREDIT
P06_LEFT_FOOT_LIFT,L_gripper,R_foot,241.232668,0.000000,NO,PASS,NOMINAL RIGID LINK ENVELOPES; TOLERANCE/COVERS/CABLES/TRACKING ERROR OPEN,NO MOTION OR SAFETY CREDIT
P06_LEFT_FOOT_LIFT,L_gripper,R_forearm,349.013514,0.000000,NO,PASS,NOMINAL RIGID LINK ENVELOPES; TOLERANCE/COVERS/CABLES/TRACKING ERROR OPEN,NO MOTION OR SAFETY CREDIT
P06_LEFT_FOOT_LIFT,L_gripper,R_gripper,395.932944,0.000000,NO,PASS,NOMINAL RIGID LINK ENVELOPES; TOLERANCE/COVERS/CABLES/TRACKING ERROR OPEN,NO MOTION OR SAFETY CREDIT
P06_LEFT_FOOT_LIFT,L_gripper,R_hand,382.276515,0.000000,NO,PASS,NOMINAL RIGID LINK ENVELOPES; TOLERANCE/COVERS/CABLES/TRACKING ERROR OPEN,NO MOTION OR SAFETY CREDIT
P06_LEFT_FOOT_LIFT,L_gripper,R_hip_roll_link,245.079600,0.000000,NO,PASS,NOMINAL RIGID LINK ENVELOPES; TOLERANCE/COVERS/CABLES/TRACKING ERROR OPEN,NO MOTION OR SAFETY CREDIT
P06_LEFT_FOOT_LIFT,L_gripper,R_hip_yaw_link,251.854835,0.000000,NO,PASS,NOMINAL RIGID LINK ENVELOPES; TOLERANCE/COVERS/CABLES/TRACKING ERROR OPEN,NO MOTION OR SAFETY CREDIT
P06_LEFT_FOOT_LIFT,L_gripper,R_shin,180.889946,0.000000,NO,PASS,NOMINAL RIGID LINK ENVELOPES; TOLERANCE/COVERS/CABLES/TRACKING ERROR OPEN,NO MOTION OR SAFETY CREDIT
P06_LEFT_FOOT_LIFT,L_gripper,R_shoulder_pitch_link,395.507361,0.000000,NO,PASS,NOMINAL RIGID LINK ENVELOPES; TOLERANCE/COVERS/CABLES/TRACKING ERROR OPEN,NO MOTION OR SAFETY CREDIT
P06_LEFT_FOOT_LIFT,L_gripper,R_thigh,204.865891,0.000000,NO,PASS,NOMINAL RIGID LINK ENVELOPES; TOLERANCE/COVERS/CABLES/TRACKING ERROR OPEN,NO MOTION OR SAFETY CREDIT
P06_LEFT_FOOT_LIFT,L_gripper,R_upper_arm,321.413825,0.000000,NO,PASS,NOMINAL RIGID LINK ENVELOPES; TOLERANCE/COVERS/CABLES/TRACKING ERROR OPEN,NO MOTION OR SAFETY CREDIT
P06_LEFT_FOOT_LIFT,L_gripper,base_link,146.647105,0.000000,NO,PASS,NOMINAL RIGID LINK ENVELOPES; TOLERANCE/COVERS/CABLES/TRACKING ERROR OPEN,NO MOTION OR SAFETY CREDIT
P06_LEFT_FOOT_LIFT,L_gripper,head,390.820282,0.000000,NO,PASS,NOMINAL RIGID LINK ENVELOPES; TOLERANCE/COVERS/CABLES/TRACKING ERROR OPEN,NO MOTION OR SAFETY CREDIT
P06_LEFT_FOOT_LIFT,L_gripper,neck_pan_link,365.919255,0.000000,NO,PASS,NOMINAL RIGID LINK ENVELOPES; TOLERANCE/COVERS/CABLES/TRACKING ERROR OPEN,NO MOTION OR SAFETY CREDIT
P06_LEFT_FOOT_LIFT,L_gripper,torso,200.924276,0.000000,NO,PASS,NOMINAL RIGID LINK ENVELOPES; TOLERANCE/COVERS/CABLES/TRACKING ERROR OPEN,NO MOTION OR SAFETY CREDIT
P06_LEFT_FOOT_LIFT,L_hand,L_hip_roll_link,110.611537,0.000000,NO,PASS,NOMINAL RIGID LINK ENVELOPES; TOLERANCE/COVERS/CABLES/TRACKING ERROR OPEN,NO MOTION OR SAFETY CREDIT
P06_LEFT_FOOT_LIFT,L_hand,L_hip_yaw_link,120.048149,0.000000,NO,PASS,NOMINAL RIGID LINK ENVELOPES; TOLERANCE/COVERS/CABLES/TRACKING ERROR OPEN,NO MOTION OR SAFETY CREDIT
P06_LEFT_FOOT_LIFT,L_hand,L_shin,88.935296,0.000000,NO,PASS,NOMINAL RIGID LINK ENVELOPES; TOLERANCE/COVERS/CABLES/TRACKING ERROR OPEN,NO MOTION OR SAFETY CREDIT
P06_LEFT_FOOT_LIFT,L_hand,L_shoulder_pitch_link,259.297587,0.000000,NO,PASS,NOMINAL RIGID LINK ENVELOPES; TOLERANCE/COVERS/CABLES/TRACKING ERROR OPEN,NO MOTION OR SAFETY CREDIT
P06_LEFT_FOOT_LIFT,L_hand,L_thigh,65.669269,0.000000,NO,PASS,NOMINAL RIGID LINK ENVELOPES; TOLERANCE/COVERS/CABLES/TRACKING ERROR OPEN,NO MOTION OR SAFETY CREDIT
P06_LEFT_FOOT_LIFT,L_hand,L_upper_arm,129.679130,0.000000,NO,PASS,NOMINAL RIGID LINK ENVELOPES; TOLERANCE/COVERS/CABLES/TRACKING ERROR OPEN,NO MOTION OR SAFETY CREDIT
P06_LEFT_FOOT_LIFT,L_hand,R_ankle_pitch_link,229.042429,0.000000,NO,PASS,NOMINAL RIGID LINK ENVELOPES; TOLERANCE/COVERS/CABLES/TRACKING ERROR OPEN,NO MOTION OR SAFETY CREDIT
P06_LEFT_FOOT_LIFT,L_hand,R_foot,257.510423,0.000000,NO,PASS,NOMINAL RIGID LINK ENVELOPES; TOLERANCE/COVERS/CABLES/TRACKING ERROR OPEN,NO MOTION OR SAFETY CREDIT
P06_LEFT_FOOT_LIFT,L_hand,R_forearm,335.105911,0.000000,NO,PASS,NOMINAL RIGID LINK ENVELOPES; TOLERANCE/COVERS/CABLES/TRACKING ERROR OPEN,NO MOTION OR SAFETY CREDIT
P06_LEFT_FOOT_LIFT,L_hand,R_gripper,382.273580,0.000000,NO,PASS,NOMINAL RIGID LINK ENVELOPES; TOLERANCE/COVERS/CABLES/TRACKING ERROR OPEN,NO MOTION OR SAFETY CREDIT
P06_LEFT_FOOT_LIFT,L_hand,R_hand,368.617151,0.000000,NO,PASS,NOMINAL RIGID LINK ENVELOPES; TOLERANCE/COVERS/CABLES/TRACKING ERROR OPEN,NO MOTION OR SAFETY CREDIT
P06_LEFT_FOOT_LIFT,L_hand,R_hip_roll_link,224.258441,0.000000,NO,PASS,NOMINAL RIGID LINK ENVELOPES; TOLERANCE/COVERS/CABLES/TRACKING ERROR OPEN,NO MOTION OR SAFETY CREDIT
P06_LEFT_FOOT_LIFT,L_hand,R_hip_yaw_link,230.191953,0.000000,NO,PASS,NOMINAL RIGID LINK ENVELOPES; TOLERANCE/COVERS/CABLES/TRACKING ERROR OPEN,NO MOTION OR SAFETY CREDIT
P06_LEFT_FOOT_LIFT,L_hand,R_shin,182.495120,0.000000,NO,PASS,NOMINAL RIGID LINK ENVELOPES; TOLERANCE/COVERS/CABLES/TRACKING ERROR OPEN,NO MOTION OR SAFETY CREDIT
P06_LEFT_FOOT_LIFT,L_hand,R_shoulder_pitch_link,368.884541,0.000000,NO,PASS,NOMINAL RIGID LINK ENVELOPES; TOLERANCE/COVERS/CABLES/TRACKING ERROR OPEN,NO MOTION OR SAFETY CREDIT
P06_LEFT_FOOT_LIFT,L_hand,R_thigh,191.206527,0.000000,NO,PASS,NOMINAL RIGID LINK ENVELOPES; TOLERANCE/COVERS/CABLES/TRACKING ERROR OPEN,NO MOTION OR SAFETY CREDIT
P06_LEFT_FOOT_LIFT,L_hand,R_upper_arm,298.285617,0.000000,NO,PASS,NOMINAL RIGID LINK ENVELOPES; TOLERANCE/COVERS/CABLES/TRACKING ERROR OPEN,NO MOTION OR SAFETY CREDIT
P06_LEFT_FOOT_LIFT,L_hand,base_link,122.733023,0.000000,NO,PASS,NOMINAL RIGID LINK ENVELOPES; TOLERANCE/COVERS/CABLES/TRACKING ERROR OPEN,NO MOTION OR SAFETY CREDIT
P06_LEFT_FOOT_LIFT,L_hand,head,363.544219,0.000000,NO,PASS,NOMINAL RIGID LINK ENVELOPES; TOLERANCE/COVERS/CABLES/TRACKING ERROR OPEN,NO MOTION OR SAFETY CREDIT
P06_LEFT_FOOT_LIFT,L_hand,neck_pan_link,338.122872,0.000000,NO,PASS,NOMINAL RIGID LINK ENVELOPES; TOLERANCE/COVERS/CABLES/TRACKING ERROR OPEN,NO MOTION OR SAFETY CREDIT
P06_LEFT_FOOT_LIFT,L_hand,torso,173.130804,0.000000,NO,PASS,NOMINAL RIGID LINK ENVELOPES; TOLERANCE/COVERS/CABLES/TRACKING ERROR OPEN,NO MOTION OR SAFETY CREDIT
P06_LEFT_FOOT_LIFT,L_hip_roll_link,L_shin,205.321321,0.000000,NO,PASS,NOMINAL RIGID LINK ENVELOPES; TOLERANCE/COVERS/CABLES/TRACKING ERROR OPEN,NO MOTION OR SAFETY CREDIT
P06_LEFT_FOOT_LIFT,L_hip_roll_link,L_shoulder_pitch_link,140.500701,0.000000,NO,PASS,NOMINAL RIGID LINK ENVELOPES; TOLERANCE/COVERS/CABLES/TRACKING ERROR OPEN,NO MOTION OR SAFETY CREDIT
P06_LEFT_FOOT_LIFT,L_hip_roll_link,L_upper_arm,36.167440,0.000000,NO,PASS,NOMINAL RIGID LINK ENVELOPES; TOLERANCE/COVERS/CABLES/TRACKING ERROR OPEN,NO MOTION OR SAFETY CREDIT
P06_LEFT_FOOT_LIFT,L_hip_roll_link,R_ankle_pitch_link,285.757380,0.000000,NO,PASS,NOMINAL RIGID LINK ENVELOPES; TOLERANCE/COVERS/CABLES/TRACKING ERROR OPEN,NO MOTION OR SAFETY CREDIT
P06_LEFT_FOOT_LIFT,L_hip_roll_link,R_foot,331.490269,0.000000,NO,PASS,NOMINAL RIGID LINK ENVELOPES; TOLERANCE/COVERS/CABLES/TRACKING ERROR OPEN,NO MOTION OR SAFETY CREDIT
P06_LEFT_FOOT_LIFT,L_hip_roll_link,R_forearm,181.219439,0.000000,NO,PASS,NOMINAL RIGID LINK ENVELOPES; TOLERANCE/COVERS/CABLES/TRACKING ERROR OPEN,NO MOTION OR SAFETY CREDIT
P06_LEFT_FOOT_LIFT,L_hip_roll_link,R_gripper,245.079600,0.000000,NO,PASS,NOMINAL RIGID LINK ENVELOPES; TOLERANCE/COVERS/CABLES/TRACKING ERROR OPEN,NO MOTION OR SAFETY CREDIT
P06_LEFT_FOOT_LIFT,L_hip_roll_link,R_hand,224.261071,0.000000,NO,PASS,NOMINAL RIGID LINK ENVELOPES; TOLERANCE/COVERS/CABLES/TRACKING ERROR OPEN,NO MOTION OR SAFETY CREDIT
P06_LEFT_FOOT_LIFT,L_hip_roll_link,R_hip_roll_link,60.841274,0.000000,NO,PASS,NOMINAL RIGID LINK ENVELOPES; TOLERANCE/COVERS/CABLES/TRACKING ERROR OPEN,NO MOTION OR SAFETY CREDIT
P06_LEFT_FOOT_LIFT,L_hip_roll_link,R_hip_yaw_link,62.920637,0.000000,NO,PASS,NOMINAL RIGID LINK ENVELOPES; TOLERANCE/COVERS/CABLES/TRACKING ERROR OPEN,NO MOTION OR SAFETY CREDIT
P06_LEFT_FOOT_LIFT,L_hip_roll_link,R_shin,216.661079,0.000000,NO,PASS,NOMINAL RIGID LINK ENVELOPES; TOLERANCE/COVERS/CABLES/TRACKING ERROR OPEN,NO MOTION OR SAFETY CREDIT
P06_LEFT_FOOT_LIFT,L_hip_roll_link,R_shoulder_pitch_link,181.576331,0.000000,NO,PASS,NOMINAL RIGID LINK ENVELOPES; TOLERANCE/COVERS/CABLES/TRACKING ERROR OPEN,NO MOTION OR SAFETY CREDIT
P06_LEFT_FOOT_LIFT,L_hip_roll_link,R_thigh,57.999983,0.000000,NO,PASS,NOMINAL RIGID LINK ENVELOPES; TOLERANCE/COVERS/CABLES/TRACKING ERROR OPEN,NO MOTION OR SAFETY CREDIT
P06_LEFT_FOOT_LIFT,L_hip_roll_link,R_upper_arm,116.646776,0.000000,NO,PASS,NOMINAL RIGID LINK ENVELOPES; TOLERANCE/COVERS/CABLES/TRACKING ERROR OPEN,NO MOTION OR SAFETY CREDIT
P06_LEFT_FOOT_LIFT,L_hip_roll_link,head,234.090701,0.000000,NO,PASS,NOMINAL RIGID LINK ENVELOPES; TOLERANCE/COVERS/CABLES/TRACKING ERROR OPEN,NO MOTION OR SAFETY CREDIT
P06_LEFT_FOOT_LIFT,L_hip_roll_link,neck_pan_link,186.649787,0.000000,NO,PASS,NOMINAL RIGID LINK ENVELOPES; TOLERANCE/COVERS/CABLES/TRACKING ERROR OPEN,NO MOTION OR SAFETY CREDIT
P06_LEFT_FOOT_LIFT,L_hip_roll_link,torso,36.123701,0.000000,NO,PASS,NOMINAL RIGID LINK ENVELOPES; TOLERANCE/COVERS/CABLES/TRACKING ERROR OPEN,NO MOTION OR SAFETY CREDIT
P06_LEFT_FOOT_LIFT,L_hip_yaw_link,L_shin,217.988620,0.000000,NO,PASS,NOMINAL RIGID LINK ENVELOPES; TOLERANCE/COVERS/CABLES/TRACKING ERROR OPEN,NO MOTION OR SAFETY CREDIT
P06_LEFT_FOOT_LIFT,L_hip_yaw_link,L_shoulder_pitch_link,135.168000,0.000000,NO,PASS,NOMINAL RIGID LINK ENVELOPES; TOLERANCE/COVERS/CABLES/TRACKING ERROR OPEN,NO MOTION OR SAFETY CREDIT
P06_LEFT_FOOT_LIFT,L_hip_yaw_link,L_upper_arm,31.044670,0.000000,NO,PASS,NOMINAL RIGID LINK ENVELOPES; TOLERANCE/COVERS/CABLES/TRACKING ERROR OPEN,NO MOTION OR SAFETY CREDIT
P06_LEFT_FOOT_LIFT,L_hip_yaw_link,R_ankle_pitch_link,298.473788,0.000000,NO,PASS,NOMINAL RIGID LINK ENVELOPES; TOLERANCE/COVERS/CABLES/TRACKING ERROR OPEN,NO MOTION OR SAFETY CREDIT
P06_LEFT_FOOT_LIFT,L_hip_yaw_link,R_foot,344.157568,0.000000,NO,PASS,NOMINAL RIGID LINK ENVELOPES; TOLERANCE/COVERS/CABLES/TRACKING ERROR OPEN,NO MOTION OR SAFETY CREDIT
P06_LEFT_FOOT_LIFT,L_hip_yaw_link,R_forearm,183.298802,0.000000,NO,PASS,NOMINAL RIGID LINK ENVELOPES; TOLERANCE/COVERS/CABLES/TRACKING ERROR OPEN,NO MOTION OR SAFETY CREDIT
P06_LEFT_FOOT_LIFT,L_hip_yaw_link,R_gripper,251.854835,0.000000,NO,PASS,NOMINAL RIGID LINK ENVELOPES; TOLERANCE/COVERS/CABLES/TRACKING ERROR OPEN,NO MOTION OR SAFETY CREDIT
P06_LEFT_FOOT_LIFT,L_hip_yaw_link,R_hand,230.194507,0.000000,NO,PASS,NOMINAL RIGID LINK ENVELOPES; TOLERANCE/COVERS/CABLES/TRACKING ERROR OPEN,NO MOTION OR SAFETY CREDIT
P06_LEFT_FOOT_LIFT,L_hip_yaw_link,R_hip_roll_link,62.920637,0.000000,NO,PASS,NOMINAL RIGID LINK ENVELOPES; TOLERANCE/COVERS/CABLES/TRACKING ERROR OPEN,NO MOTION OR SAFETY CREDIT
P06_LEFT_FOOT_LIFT,L_hip_yaw_link,R_hip_yaw_link,65.000000,0.000000,NO,PASS,NOMINAL RIGID LINK ENVELOPES; TOLERANCE/COVERS/CABLES/TRACKING ERROR OPEN,NO MOTION OR SAFETY CREDIT
P06_LEFT_FOOT_LIFT,L_hip_yaw_link,R_shin,229.357313,0.000000,NO,PASS,NOMINAL RIGID LINK ENVELOPES; TOLERANCE/COVERS/CABLES/TRACKING ERROR OPEN,NO MOTION OR SAFETY CREDIT
P06_LEFT_FOOT_LIFT,L_hip_yaw_link,R_shoulder_pitch_link,178.836696,0.000000,NO,PASS,NOMINAL RIGID LINK ENVELOPES; TOLERANCE/COVERS/CABLES/TRACKING ERROR OPEN,NO MOTION OR SAFETY CREDIT
P06_LEFT_FOOT_LIFT,L_hip_yaw_link,R_thigh,57.250905,0.000000,NO,PASS,NOMINAL RIGID LINK ENVELOPES; TOLERANCE/COVERS/CABLES/TRACKING ERROR OPEN,NO MOTION OR SAFETY CREDIT
P06_LEFT_FOOT_LIFT,L_hip_yaw_link,R_upper_arm,118.108155,0.000000,NO,PASS,NOMINAL RIGID LINK ENVELOPES; TOLERANCE/COVERS/CABLES/TRACKING ERROR OPEN,NO MOTION OR SAFETY CREDIT
P06_LEFT_FOOT_LIFT,L_hip_yaw_link,head,228.758000,0.000000,NO,PASS,NOMINAL RIGID LINK ENVELOPES; TOLERANCE/COVERS/CABLES/TRACKING ERROR OPEN,NO MOTION OR SAFETY CREDIT
P06_LEFT_FOOT_LIFT,L_hip_yaw_link,neck_pan_link,181.385072,0.000000,NO,PASS,NOMINAL RIGID LINK ENVELOPES; TOLERANCE/COVERS/CABLES/TRACKING ERROR OPEN,NO MOTION OR SAFETY CREDIT
P06_LEFT_FOOT_LIFT,L_hip_yaw_link,torso,30.791000,0.000000,NO,PASS,NOMINAL RIGID LINK ENVELOPES; TOLERANCE/COVERS/CABLES/TRACKING ERROR OPEN,NO MOTION OR SAFETY CREDIT
P06_LEFT_FOOT_LIFT,L_shin,L_shoulder_pitch_link,393.156620,0.000000,NO,PASS,NOMINAL RIGID LINK ENVELOPES; TOLERANCE/COVERS/CABLES/TRACKING ERROR OPEN,NO MOTION OR SAFETY CREDIT
P06_LEFT_FOOT_LIFT,L_shin,L_upper_arm,269.405693,0.000000,NO,PASS,NOMINAL RIGID LINK ENVELOPES; TOLERANCE/COVERS/CABLES/TRACKING ERROR OPEN,NO MOTION OR SAFETY CREDIT
P06_LEFT_FOOT_LIFT,L_shin,R_ankle_pitch_link,40.714242,0.000000,NO,PASS,NOMINAL RIGID LINK ENVELOPES; TOLERANCE/COVERS/CABLES/TRACKING ERROR OPEN,NO MOTION OR SAFETY CREDIT
P06_LEFT_FOOT_LIFT,L_shin,R_foot,46.827554,0.000000,NO,PASS,NOMINAL RIGID LINK ENVELOPES; TOLERANCE/COVERS/CABLES/TRACKING ERROR OPEN,NO MOTION OR SAFETY CREDIT
P06_LEFT_FOOT_LIFT,L_shin,R_forearm,251.442612,0.000000,NO,PASS,NOMINAL RIGID LINK ENVELOPES; TOLERANCE/COVERS/CABLES/TRACKING ERROR OPEN,NO MOTION OR SAFETY CREDIT
P06_LEFT_FOOT_LIFT,L_shin,R_gripper,267.577884,0.000000,NO,PASS,NOMINAL RIGID LINK ENVELOPES; TOLERANCE/COVERS/CABLES/TRACKING ERROR OPEN,NO MOTION OR SAFETY CREDIT
P06_LEFT_FOOT_LIFT,L_shin,R_hand,262.523790,0.000000,NO,PASS,NOMINAL RIGID LINK ENVELOPES; TOLERANCE/COVERS/CABLES/TRACKING ERROR OPEN,NO MOTION OR SAFETY CREDIT
P06_LEFT_FOOT_LIFT,L_shin,R_hip_roll_link,226.277145,0.000000,NO,PASS,NOMINAL RIGID LINK ENVELOPES; TOLERANCE/COVERS/CABLES/TRACKING ERROR OPEN,NO MOTION OR SAFETY CREDIT
P06_LEFT_FOOT_LIFT,L_shin,R_hip_yaw_link,238.670000,0.000000,NO,PASS,NOMINAL RIGID LINK ENVELOPES; TOLERANCE/COVERS/CABLES/TRACKING ERROR OPEN,NO MOTION OR SAFETY CREDIT
P06_LEFT_FOOT_LIFT,L_shin,R_shin,55.626983,0.000000,NO,PASS,NOMINAL RIGID LINK ENVELOPES; TOLERANCE/COVERS/CABLES/TRACKING ERROR OPEN,NO MOTION OR SAFETY CREDIT
P06_LEFT_FOOT_LIFT,L_shin,R_shoulder_pitch_link,420.543611,0.000000,NO,PASS,NOMINAL RIGID LINK ENVELOPES; TOLERANCE/COVERS/CABLES/TRACKING ERROR OPEN,NO MOTION OR SAFETY CREDIT
P06_LEFT_FOOT_LIFT,L_shin,R_thigh,108.547797,0.000000,NO,PASS,NOMINAL RIGID LINK ENVELOPES; TOLERANCE/COVERS/CABLES/TRACKING ERROR OPEN,NO MOTION OR SAFETY CREDIT
P06_LEFT_FOOT_LIFT,L_shin,R_upper_arm,307.568775,0.000000,NO,PASS,NOMINAL RIGID LINK ENVELOPES; TOLERANCE/COVERS/CABLES/TRACKING ERROR OPEN,NO MOTION OR SAFETY CREDIT
P06_LEFT_FOOT_LIFT,L_shin,base_link,195.854620,0.000000,NO,PASS,NOMINAL RIGID LINK ENVELOPES; TOLERANCE/COVERS/CABLES/TRACKING ERROR OPEN,NO MOTION OR SAFETY CREDIT
P06_LEFT_FOOT_LIFT,L_shin,head,486.746620,0.000000,NO,PASS,NOMINAL RIGID LINK ENVELOPES; TOLERANCE/COVERS/CABLES/TRACKING ERROR OPEN,NO MOTION OR SAFETY CREDIT
P06_LEFT_FOOT_LIFT,L_shin,neck_pan_link,440.973329,0.000000,NO,PASS,NOMINAL RIGID LINK ENVELOPES; TOLERANCE/COVERS/CABLES/TRACKING ERROR OPEN,NO MOTION OR SAFETY CREDIT
P06_LEFT_FOOT_LIFT,L_shin,torso,288.779620,0.000000,NO,PASS,NOMINAL RIGID LINK ENVELOPES; TOLERANCE/COVERS/CABLES/TRACKING ERROR OPEN,NO MOTION OR SAFETY CREDIT
P06_LEFT_FOOT_LIFT,L_shoulder_pitch_link,L_thigh,157.640103,0.000000,NO,PASS,NOMINAL RIGID LINK ENVELOPES; TOLERANCE/COVERS/CABLES/TRACKING ERROR OPEN,NO MOTION OR SAFETY CREDIT
P06_LEFT_FOOT_LIFT,L_shoulder_pitch_link,R_ankle_pitch_link,477.488282,0.000000,NO,PASS,NOMINAL RIGID LINK ENVELOPES; TOLERANCE/COVERS/CABLES/TRACKING ERROR OPEN,NO MOTION OR SAFETY CREDIT
P06_LEFT_FOOT_LIFT,L_shoulder_pitch_link,R_foot,521.825713,0.000000,NO,PASS,NOMINAL RIGID LINK ENVELOPES; TOLERANCE/COVERS/CABLES/TRACKING ERROR OPEN,NO MOTION OR SAFETY CREDIT
P06_LEFT_FOOT_LIFT,L_shoulder_pitch_link,R_forearm,261.928429,0.000000,NO,PASS,NOMINAL RIGID LINK ENVELOPES; TOLERANCE/COVERS/CABLES/TRACKING ERROR OPEN,NO MOTION OR SAFETY CREDIT
P06_LEFT_FOOT_LIFT,L_shoulder_pitch_link,R_gripper,396.080738,0.000000,NO,PASS,NOMINAL RIGID LINK ENVELOPES; TOLERANCE/COVERS/CABLES/TRACKING ERROR OPEN,NO MOTION OR SAFETY CREDIT
P06_LEFT_FOOT_LIFT,L_shoulder_pitch_link,R_hand,369.471299,0.000000,NO,PASS,NOMINAL RIGID LINK ENVELOPES; TOLERANCE/COVERS/CABLES/TRACKING ERROR OPEN,NO MOTION OR SAFETY CREDIT
P06_LEFT_FOOT_LIFT,L_shoulder_pitch_link,R_hip_roll_link,182.085416,0.000000,NO,PASS,NOMINAL RIGID LINK ENVELOPES; TOLERANCE/COVERS/CABLES/TRACKING ERROR OPEN,NO MOTION OR SAFETY CREDIT
P06_LEFT_FOOT_LIFT,L_shoulder_pitch_link,R_hip_yaw_link,179.362855,0.000000,NO,PASS,NOMINAL RIGID LINK ENVELOPES; TOLERANCE/COVERS/CABLES/TRACKING ERROR OPEN,NO MOTION OR SAFETY CREDIT
P06_LEFT_FOOT_LIFT,L_shoulder_pitch_link,R_shin,408.509620,0.000000,NO,PASS,NOMINAL RIGID LINK ENVELOPES; TOLERANCE/COVERS/CABLES/TRACKING ERROR OPEN,NO MOTION OR SAFETY CREDIT
P06_LEFT_FOOT_LIFT,L_shoulder_pitch_link,R_shoulder_pitch_link,170.000000,0.000000,NO,PASS,NOMINAL RIGID LINK ENVELOPES; TOLERANCE/COVERS/CABLES/TRACKING ERROR OPEN,NO MOTION OR SAFETY CREDIT
P06_LEFT_FOOT_LIFT,L_shoulder_pitch_link,R_thigh,188.251588,0.000000,NO,PASS,NOMINAL RIGID LINK ENVELOPES; TOLERANCE/COVERS/CABLES/TRACKING ERROR OPEN,NO MOTION OR SAFETY CREDIT
P06_LEFT_FOOT_LIFT,L_shoulder_pitch_link,R_upper_arm,170.529941,0.000000,NO,PASS,NOMINAL RIGID LINK ENVELOPES; TOLERANCE/COVERS/CABLES/TRACKING ERROR OPEN,NO MOTION OR SAFETY CREDIT
P06_LEFT_FOOT_LIFT,L_shoulder_pitch_link,base_link,127.751306,0.000000,NO,PASS,NOMINAL RIGID LINK ENVELOPES; TOLERANCE/COVERS/CABLES/TRACKING ERROR OPEN,NO MOTION OR SAFETY CREDIT
P06_LEFT_FOOT_LIFT,L_shoulder_pitch_link,head,41.105313,0.000000,NO,PASS,NOMINAL RIGID LINK ENVELOPES; TOLERANCE/COVERS/CABLES/TRACKING ERROR OPEN,NO MOTION OR SAFETY CREDIT
P06_LEFT_FOOT_LIFT,L_shoulder_pitch_link,neck_pan_link,59.716000,0.000000,NO,PASS,NOMINAL RIGID LINK ENVELOPES; TOLERANCE/COVERS/CABLES/TRACKING ERROR OPEN,NO MOTION OR SAFETY CREDIT
P06_LEFT_FOOT_LIFT,L_thigh,L_upper_arm,44.556962,0.000000,NO,PASS,NOMINAL RIGID LINK ENVELOPES; TOLERANCE/COVERS/CABLES/TRACKING ERROR OPEN,NO MOTION OR SAFETY CREDIT
P06_LEFT_FOOT_LIFT,L_thigh,R_ankle_pitch_link,158.373966,0.000000,NO,PASS,NOMINAL RIGID LINK ENVELOPES; TOLERANCE/COVERS/CABLES/TRACKING ERROR OPEN,NO MOTION OR SAFETY CREDIT
P06_LEFT_FOOT_LIFT,L_thigh,R_foot,204.175126,0.000000,NO,PASS,NOMINAL RIGID LINK ENVELOPES; TOLERANCE/COVERS/CABLES/TRACKING ERROR OPEN,NO MOTION OR SAFETY CREDIT
P06_LEFT_FOOT_LIFT,L_thigh,R_forearm,175.973342,0.000000,NO,PASS,NOMINAL RIGID LINK ENVELOPES; TOLERANCE/COVERS/CABLES/TRACKING ERROR OPEN,NO MOTION OR SAFETY CREDIT
P06_LEFT_FOOT_LIFT,L_thigh,R_gripper,223.141012,0.000000,NO,PASS,NOMINAL RIGID LINK ENVELOPES; TOLERANCE/COVERS/CABLES/TRACKING ERROR OPEN,NO MOTION OR SAFETY CREDIT
P06_LEFT_FOOT_LIFT,L_thigh,R_hand,209.484582,0.000000,NO,PASS,NOMINAL RIGID LINK ENVELOPES; TOLERANCE/COVERS/CABLES/TRACKING ERROR OPEN,NO MOTION OR SAFETY CREDIT
P06_LEFT_FOOT_LIFT,L_thigh,R_hip_roll_link,55.595176,0.000000,NO,PASS,NOMINAL RIGID LINK ENVELOPES; TOLERANCE/COVERS/CABLES/TRACKING ERROR OPEN,NO MOTION OR SAFETY CREDIT
P06_LEFT_FOOT_LIFT,L_thigh,R_hip_yaw_link,57.674539,0.000000,NO,PASS,NOMINAL RIGID LINK ENVELOPES; TOLERANCE/COVERS/CABLES/TRACKING ERROR OPEN,NO MOTION OR SAFETY CREDIT
P06_LEFT_FOOT_LIFT,L_thigh,R_shin,89.334551,0.000000,NO,PASS,NOMINAL RIGID LINK ENVELOPES; TOLERANCE/COVERS/CABLES/TRACKING ERROR OPEN,NO MOTION OR SAFETY CREDIT
P06_LEFT_FOOT_LIFT,L_thigh,R_shoulder_pitch_link,192.095372,0.000000,NO,PASS,NOMINAL RIGID LINK ENVELOPES; TOLERANCE/COVERS/CABLES/TRACKING ERROR OPEN,NO MOTION OR SAFETY CREDIT
P06_LEFT_FOOT_LIFT,L_thigh,R_thigh,49.626983,0.000000,NO,PASS,NOMINAL RIGID LINK ENVELOPES; TOLERANCE/COVERS/CABLES/TRACKING ERROR OPEN,NO MOTION OR SAFETY CREDIT
P06_LEFT_FOOT_LIFT,L_thigh,R_upper_arm,115.163011,0.000000,NO,PASS,NOMINAL RIGID LINK ENVELOPES; TOLERANCE/COVERS/CABLES/TRACKING ERROR OPEN,NO MOTION OR SAFETY CREDIT
P06_LEFT_FOOT_LIFT,L_thigh,head,251.230103,0.000000,NO,PASS,NOMINAL RIGID LINK ENVELOPES; TOLERANCE/COVERS/CABLES/TRACKING ERROR OPEN,NO MOTION OR SAFETY CREDIT
P06_LEFT_FOOT_LIFT,L_thigh,neck_pan_link,203.729103,0.000000,NO,PASS,NOMINAL RIGID LINK ENVELOPES; TOLERANCE/COVERS/CABLES/TRACKING ERROR OPEN,NO MOTION OR SAFETY CREDIT
P06_LEFT_FOOT_LIFT,L_thigh,torso,53.263103,0.000000,NO,PASS,NOMINAL RIGID LINK ENVELOPES; TOLERANCE/COVERS/CABLES/TRACKING ERROR OPEN,NO MOTION OR SAFETY CREDIT
P06_LEFT_FOOT_LIFT,L_upper_arm,R_ankle_pitch_link,355.733659,0.000000,NO,PASS,NOMINAL RIGID LINK ENVELOPES; TOLERANCE/COVERS/CABLES/TRACKING ERROR OPEN,NO MOTION OR SAFETY CREDIT
P06_LEFT_FOOT_LIFT,L_upper_arm,R_foot,399.305470,0.000000,NO,PASS,NOMINAL RIGID LINK ENVELOPES; TOLERANCE/COVERS/CABLES/TRACKING ERROR OPEN,NO MOTION OR SAFETY CREDIT
P06_LEFT_FOOT_LIFT,L_upper_arm,R_forearm,239.636879,0.000000,NO,PASS,NOMINAL RIGID LINK ENVELOPES; TOLERANCE/COVERS/CABLES/TRACKING ERROR OPEN,NO MOTION OR SAFETY CREDIT
P06_LEFT_FOOT_LIFT,L_upper_arm,R_gripper,325.055824,0.000000,NO,PASS,NOMINAL RIGID LINK ENVELOPES; TOLERANCE/COVERS/CABLES/TRACKING ERROR OPEN,NO MOTION OR SAFETY CREDIT
P06_LEFT_FOOT_LIFT,L_upper_arm,R_hand,301.977942,0.000000,NO,PASS,NOMINAL RIGID LINK ENVELOPES; TOLERANCE/COVERS/CABLES/TRACKING ERROR OPEN,NO MOTION OR SAFETY CREDIT
P06_LEFT_FOOT_LIFT,L_upper_arm,R_hip_roll_link,120.429214,0.000000,NO,PASS,NOMINAL RIGID LINK ENVELOPES; TOLERANCE/COVERS/CABLES/TRACKING ERROR OPEN,NO MOTION OR SAFETY CREDIT
P06_LEFT_FOOT_LIFT,L_upper_arm,R_hip_yaw_link,121.874027,0.000000,NO,PASS,NOMINAL RIGID LINK ENVELOPES; TOLERANCE/COVERS/CABLES/TRACKING ERROR OPEN,NO MOTION OR SAFETY CREDIT
P06_LEFT_FOOT_LIFT,L_upper_arm,R_shin,287.208357,0.000000,NO,PASS,NOMINAL RIGID LINK ENVELOPES; TOLERANCE/COVERS/CABLES/TRACKING ERROR OPEN,NO MOTION OR SAFETY CREDIT
P06_LEFT_FOOT_LIFT,L_upper_arm,R_shoulder_pitch_link,173.437077,0.000000,NO,PASS,NOMINAL RIGID LINK ENVELOPES; TOLERANCE/COVERS/CABLES/TRACKING ERROR OPEN,NO MOTION OR SAFETY CREDIT
P06_LEFT_FOOT_LIFT,L_upper_arm,R_thigh,103.881549,0.000000,NO,PASS,NOMINAL RIGID LINK ENVELOPES; TOLERANCE/COVERS/CABLES/TRACKING ERROR OPEN,NO MOTION OR SAFETY CREDIT
P06_LEFT_FOOT_LIFT,L_upper_arm,R_upper_arm,173.967018,0.000000,NO,PASS,NOMINAL RIGID LINK ENVELOPES; TOLERANCE/COVERS/CABLES/TRACKING ERROR OPEN,NO MOTION OR SAFETY CREDIT
P06_LEFT_FOOT_LIFT,L_upper_arm,base_link,45.363452,0.000000,NO,PASS,NOMINAL RIGID LINK ENVELOPES; TOLERANCE/COVERS/CABLES/TRACKING ERROR OPEN,NO MOTION OR SAFETY CREDIT
P06_LEFT_FOOT_LIFT,L_upper_arm,head,63.724059,0.000000,NO,PASS,NOMINAL RIGID LINK ENVELOPES; TOLERANCE/COVERS/CABLES/TRACKING ERROR OPEN,NO MOTION OR SAFETY CREDIT
P06_LEFT_FOOT_LIFT,L_upper_arm,neck_pan_link,64.738925,0.000000,NO,PASS,NOMINAL RIGID LINK ENVELOPES; TOLERANCE/COVERS/CABLES/TRACKING ERROR OPEN,NO MOTION OR SAFETY CREDIT
P06_LEFT_FOOT_LIFT,R_ankle_pitch_link,R_forearm,233.950801,0.000000,NO,PASS,NOMINAL RIGID LINK ENVELOPES; TOLERANCE/COVERS/CABLES/TRACKING ERROR OPEN,NO MOTION OR SAFETY CREDIT
P06_LEFT_FOOT_LIFT,R_ankle_pitch_link,R_gripper,199.769921,0.000000,NO,PASS,NOMINAL RIGID LINK ENVELOPES; TOLERANCE/COVERS/CABLES/TRACKING ERROR OPEN,NO MOTION OR SAFETY CREDIT
P06_LEFT_FOOT_LIFT,R_ankle_pitch_link,R_hand,213.189189,0.000000,NO,PASS,NOMINAL RIGID LINK ENVELOPES; TOLERANCE/COVERS/CABLES/TRACKING ERROR OPEN,NO MOTION OR SAFETY CREDIT
P06_LEFT_FOOT_LIFT,R_ankle_pitch_link,R_hip_roll_link,285.684511,0.000000,NO,PASS,NOMINAL RIGID LINK ENVELOPES; TOLERANCE/COVERS/CABLES/TRACKING ERROR OPEN,NO MOTION OR SAFETY CREDIT
P06_LEFT_FOOT_LIFT,R_ankle_pitch_link,R_hip_yaw_link,298.351809,0.000000,NO,PASS,NOMINAL RIGID LINK ENVELOPES; TOLERANCE/COVERS/CABLES/TRACKING ERROR OPEN,NO MOTION OR SAFETY CREDIT
P06_LEFT_FOOT_LIFT,R_ankle_pitch_link,R_shoulder_pitch_link,474.965392,0.000000,NO,PASS,NOMINAL RIGID LINK ENVELOPES; TOLERANCE/COVERS/CABLES/TRACKING ERROR OPEN,NO MOTION OR SAFETY CREDIT
P06_LEFT_FOOT_LIFT,R_ankle_pitch_link,R_thigh,161.964245,0.000000,NO,PASS,NOMINAL RIGID LINK ENVELOPES; TOLERANCE/COVERS/CABLES/TRACKING ERROR OPEN,NO MOTION OR SAFETY CREDIT
P06_LEFT_FOOT_LIFT,R_ankle_pitch_link,R_upper_arm,350.995750,0.000000,NO,PASS,NOMINAL RIGID LINK ENVELOPES; TOLERANCE/COVERS/CABLES/TRACKING ERROR OPEN,NO MOTION OR SAFETY CREDIT
P06_LEFT_FOOT_LIFT,R_ankle_pitch_link,base_link,276.217809,0.000000,NO,PASS,NOMINAL RIGID LINK ENVELOPES; TOLERANCE/COVERS/CABLES/TRACKING ERROR OPEN,NO MOTION OR SAFETY CREDIT
P06_LEFT_FOOT_LIFT,R_ankle_pitch_link,head,567.109809,0.000000,NO,PASS,NOMINAL RIGID LINK ENVELOPES; TOLERANCE/COVERS/CABLES/TRACKING ERROR OPEN,NO MOTION OR SAFETY CREDIT
P06_LEFT_FOOT_LIFT,R_ankle_pitch_link,neck_pan_link,519.608809,0.000000,NO,PASS,NOMINAL RIGID LINK ENVELOPES; TOLERANCE/COVERS/CABLES/TRACKING ERROR OPEN,NO MOTION OR SAFETY CREDIT
P06_LEFT_FOOT_LIFT,R_ankle_pitch_link,torso,369.142809,0.000000,NO,PASS,NOMINAL RIGID LINK ENVELOPES; TOLERANCE/COVERS/CABLES/TRACKING ERROR OPEN,NO MOTION OR SAFETY CREDIT
P06_LEFT_FOOT_LIFT,R_foot,R_forearm,272.887599,0.000000,NO,PASS,NOMINAL RIGID LINK ENVELOPES; TOLERANCE/COVERS/CABLES/TRACKING ERROR OPEN,NO MOTION OR SAFETY CREDIT
P06_LEFT_FOOT_LIFT,R_foot,R_gripper,227.367235,0.000000,NO,PASS,NOMINAL RIGID LINK ENVELOPES; TOLERANCE/COVERS/CABLES/TRACKING ERROR OPEN,NO MOTION OR SAFETY CREDIT
P06_LEFT_FOOT_LIFT,R_foot,R_hand,245.754925,0.000000,NO,PASS,NOMINAL RIGID LINK ENVELOPES; TOLERANCE/COVERS/CABLES/TRACKING ERROR OPEN,NO MOTION OR SAFETY CREDIT
P06_LEFT_FOOT_LIFT,R_foot,R_hip_roll_link,331.490269,0.000000,NO,PASS,NOMINAL RIGID LINK ENVELOPES; TOLERANCE/COVERS/CABLES/TRACKING ERROR OPEN,NO MOTION OR SAFETY CREDIT
P06_LEFT_FOOT_LIFT,R_foot,R_hip_yaw_link,344.157568,0.000000,NO,PASS,NOMINAL RIGID LINK ENVELOPES; TOLERANCE/COVERS/CABLES/TRACKING ERROR OPEN,NO MOTION OR SAFETY CREDIT
P06_LEFT_FOOT_LIFT,R_foot,R_shoulder_pitch_link,520.133533,0.000000,NO,PASS,NOMINAL RIGID LINK ENVELOPES; TOLERANCE/COVERS/CABLES/TRACKING ERROR OPEN,NO MOTION OR SAFETY CREDIT
P06_LEFT_FOOT_LIFT,R_foot,R_thigh,207.770004,0.000000,NO,PASS,NOMINAL RIGID LINK ENVELOPES; TOLERANCE/COVERS/CABLES/TRACKING ERROR OPEN,NO MOTION OR SAFETY CREDIT
P06_LEFT_FOOT_LIFT,R_foot,R_upper_arm,395.887633,0.000000,NO,PASS,NOMINAL RIGID LINK ENVELOPES; TOLERANCE/COVERS/CABLES/TRACKING ERROR OPEN,NO MOTION OR SAFETY CREDIT
P06_LEFT_FOOT_LIFT,R_foot,base_link,322.023568,0.000000,NO,PASS,NOMINAL RIGID LINK ENVELOPES; TOLERANCE/COVERS/CABLES/TRACKING ERROR OPEN,NO MOTION OR SAFETY CREDIT
P06_LEFT_FOOT_LIFT,R_foot,head,612.915568,0.000000,NO,PASS,NOMINAL RIGID LINK ENVELOPES; TOLERANCE/COVERS/CABLES/TRACKING ERROR OPEN,NO MOTION OR SAFETY CREDIT
P06_LEFT_FOOT_LIFT,R_foot,neck_pan_link,565.414568,0.000000,NO,PASS,NOMINAL RIGID LINK ENVELOPES; TOLERANCE/COVERS/CABLES/TRACKING ERROR OPEN,NO MOTION OR SAFETY CREDIT
P06_LEFT_FOOT_LIFT,R_foot,torso,414.948568,0.000000,NO,PASS,NOMINAL RIGID LINK ENVELOPES; TOLERANCE/COVERS/CABLES/TRACKING ERROR OPEN,NO MOTION OR SAFETY CREDIT
P06_LEFT_FOOT_LIFT,R_forearm,R_gripper,23.673000,0.000000,NO,PASS,NOMINAL RIGID LINK ENVELOPES; TOLERANCE/COVERS/CABLES/TRACKING ERROR OPEN,NO MOTION OR SAFETY CREDIT
P06_LEFT_FOOT_LIFT,R_forearm,R_hip_roll_link,56.219439,0.000000,NO,PASS,NOMINAL RIGID LINK ENVELOPES; TOLERANCE/COVERS/CABLES/TRACKING ERROR OPEN,NO MOTION OR SAFETY CREDIT
P06_LEFT_FOOT_LIFT,R_forearm,R_hip_yaw_link,58.298802,0.000000,NO,PASS,NOMINAL RIGID LINK ENVELOPES; TOLERANCE/COVERS/CABLES/TRACKING ERROR OPEN,NO MOTION OR SAFETY CREDIT
P06_LEFT_FOOT_LIFT,R_forearm,R_shin,168.379553,0.000000,NO,PASS,NOMINAL RIGID LINK ENVELOPES; TOLERANCE/COVERS/CABLES/TRACKING ERROR OPEN,NO MOTION OR SAFETY CREDIT
P06_LEFT_FOOT_LIFT,R_forearm,R_shoulder_pitch_link,116.200625,0.000000,NO,PASS,NOMINAL RIGID LINK ENVELOPES; TOLERANCE/COVERS/CABLES/TRACKING ERROR OPEN,NO MOTION OR SAFETY CREDIT
P06_LEFT_FOOT_LIFT,R_forearm,R_thigh,51.934446,0.000000,NO,PASS,NOMINAL RIGID LINK ENVELOPES; TOLERANCE/COVERS/CABLES/TRACKING ERROR OPEN,NO MOTION OR SAFETY CREDIT
P06_LEFT_FOOT_LIFT,R_forearm,base_link,70.494802,0.000000,NO,PASS,NOMINAL RIGID LINK ENVELOPES; TOLERANCE/COVERS/CABLES/TRACKING ERROR OPEN,NO MOTION OR SAFETY CREDIT
P06_LEFT_FOOT_LIFT,R_forearm,head,219.595545,0.000000,NO,PASS,NOMINAL RIGID LINK ENVELOPES; TOLERANCE/COVERS/CABLES/TRACKING ERROR OPEN,NO MOTION OR SAFETY CREDIT
P06_LEFT_FOOT_LIFT,R_forearm,neck_pan_link,200.942685,0.000000,NO,PASS,NOMINAL RIGID LINK ENVELOPES; TOLERANCE/COVERS/CABLES/TRACKING ERROR OPEN,NO MOTION OR SAFETY CREDIT
P06_LEFT_FOOT_LIFT,R_forearm,torso,56.202018,0.000000,NO,PASS,NOMINAL RIGID LINK ENVELOPES; TOLERANCE/COVERS/CABLES/TRACKING ERROR OPEN,NO MOTION OR SAFETY CREDIT
P06_LEFT_FOOT_LIFT,R_gripper,R_hip_roll_link,136.353340,0.000000,NO,PASS,NOMINAL RIGID LINK ENVELOPES; TOLERANCE/COVERS/CABLES/TRACKING ERROR OPEN,NO MOTION OR SAFETY CREDIT
P06_LEFT_FOOT_LIFT,R_gripper,R_hip_yaw_link,146.421447,0.000000,NO,PASS,NOMINAL RIGID LINK ENVELOPES; TOLERANCE/COVERS/CABLES/TRACKING ERROR OPEN,NO MOTION OR SAFETY CREDIT
P06_LEFT_FOOT_LIFT,R_gripper,R_shin,152.697164,0.000000,NO,PASS,NOMINAL RIGID LINK ENVELOPES; TOLERANCE/COVERS/CABLES/TRACKING ERROR OPEN,NO MOTION OR SAFETY CREDIT
P06_LEFT_FOOT_LIFT,R_gripper,R_shoulder_pitch_link,286.296372,0.000000,NO,PASS,NOMINAL RIGID LINK ENVELOPES; TOLERANCE/COVERS/CABLES/TRACKING ERROR OPEN,NO MOTION OR SAFETY CREDIT
P06_LEFT_FOOT_LIFT,R_gripper,R_thigh,99.102116,0.000000,NO,PASS,NOMINAL RIGID LINK ENVELOPES; TOLERANCE/COVERS/CABLES/TRACKING ERROR OPEN,NO MOTION OR SAFETY CREDIT
P06_LEFT_FOOT_LIFT,R_gripper,R_upper_arm,155.674568,0.000000,NO,PASS,NOMINAL RIGID LINK ENVELOPES; TOLERANCE/COVERS/CABLES/TRACKING ERROR OPEN,NO MOTION OR SAFETY CREDIT
P06_LEFT_FOOT_LIFT,R_gripper,base_link,141.965564,0.000000,NO,PASS,NOMINAL RIGID LINK ENVELOPES; TOLERANCE/COVERS/CABLES/TRACKING ERROR OPEN,NO MOTION OR SAFETY CREDIT
P06_LEFT_FOOT_LIFT,R_gripper,head,389.603890,0.000000,NO,PASS,NOMINAL RIGID LINK ENVELOPES; TOLERANCE/COVERS/CABLES/TRACKING ERROR OPEN,NO MOTION OR SAFETY CREDIT
P06_LEFT_FOOT_LIFT,R_gripper,neck_pan_link,364.688385,0.000000,NO,PASS,NOMINAL RIGID LINK ENVELOPES; TOLERANCE/COVERS/CABLES/TRACKING ERROR OPEN,NO MOTION OR SAFETY CREDIT
P06_LEFT_FOOT_LIFT,R_gripper,torso,200.621694,0.000000,NO,PASS,NOMINAL RIGID LINK ENVELOPES; TOLERANCE/COVERS/CABLES/TRACKING ERROR OPEN,NO MOTION OR SAFETY CREDIT
P06_LEFT_FOOT_LIFT,R_hand,R_hip_roll_link,110.613553,0.000000,NO,PASS,NOMINAL RIGID LINK ENVELOPES; TOLERANCE/COVERS/CABLES/TRACKING ERROR OPEN,NO MOTION OR SAFETY CREDIT
P06_LEFT_FOOT_LIFT,R_hand,R_hip_yaw_link,120.049991,0.000000,NO,PASS,NOMINAL RIGID LINK ENVELOPES; TOLERANCE/COVERS/CABLES/TRACKING ERROR OPEN,NO MOTION OR SAFETY CREDIT
P06_LEFT_FOOT_LIFT,R_hand,R_shin,157.263344,0.000000,NO,PASS,NOMINAL RIGID LINK ENVELOPES; TOLERANCE/COVERS/CABLES/TRACKING ERROR OPEN,NO MOTION OR SAFETY CREDIT
P06_LEFT_FOOT_LIFT,R_hand,R_shoulder_pitch_link,259.481026,0.000000,NO,PASS,NOMINAL RIGID LINK ENVELOPES; TOLERANCE/COVERS/CABLES/TRACKING ERROR OPEN,NO MOTION OR SAFETY CREDIT
P06_LEFT_FOOT_LIFT,R_hand,R_thigh,85.445686,0.000000,NO,PASS,NOMINAL RIGID LINK ENVELOPES; TOLERANCE/COVERS/CABLES/TRACKING ERROR OPEN,NO MOTION OR SAFETY CREDIT
P06_LEFT_FOOT_LIFT,R_hand,R_upper_arm,129.390361,0.000000,NO,PASS,NOMINAL RIGID LINK ENVELOPES; TOLERANCE/COVERS/CABLES/TRACKING ERROR OPEN,NO MOTION OR SAFETY CREDIT
P06_LEFT_FOOT_LIFT,R_hand,base_link,117.753929,0.000000,NO,PASS,NOMINAL RIGID LINK ENVELOPES; TOLERANCE/COVERS/CABLES/TRACKING ERROR OPEN,NO MOTION OR SAFETY CREDIT
P06_LEFT_FOOT_LIFT,R_hand,head,362.382045,0.000000,NO,PASS,NOMINAL RIGID LINK ENVELOPES; TOLERANCE/COVERS/CABLES/TRACKING ERROR OPEN,NO MOTION OR SAFETY CREDIT
P06_LEFT_FOOT_LIFT,R_hand,neck_pan_link,336.897884,0.000000,NO,PASS,NOMINAL RIGID LINK ENVELOPES; TOLERANCE/COVERS/CABLES/TRACKING ERROR OPEN,NO MOTION OR SAFETY CREDIT
P06_LEFT_FOOT_LIFT,R_hand,torso,172.827170,0.000000,NO,PASS,NOMINAL RIGID LINK ENVELOPES; TOLERANCE/COVERS/CABLES/TRACKING ERROR OPEN,NO MOTION OR SAFETY CREDIT
P06_LEFT_FOOT_LIFT,R_hip_roll_link,R_shin,216.649695,0.000000,NO,PASS,NOMINAL RIGID LINK ENVELOPES; TOLERANCE/COVERS/CABLES/TRACKING ERROR OPEN,NO MOTION OR SAFETY CREDIT
P06_LEFT_FOOT_LIFT,R_hip_roll_link,R_shoulder_pitch_link,140.500701,0.000000,NO,PASS,NOMINAL RIGID LINK ENVELOPES; TOLERANCE/COVERS/CABLES/TRACKING ERROR OPEN,NO MOTION OR SAFETY CREDIT
P06_LEFT_FOOT_LIFT,R_hip_roll_link,R_upper_arm,34.468086,0.000000,NO,PASS,NOMINAL RIGID LINK ENVELOPES; TOLERANCE/COVERS/CABLES/TRACKING ERROR OPEN,NO MOTION OR SAFETY CREDIT
P06_LEFT_FOOT_LIFT,R_hip_roll_link,head,234.090701,0.000000,NO,PASS,NOMINAL RIGID LINK ENVELOPES; TOLERANCE/COVERS/CABLES/TRACKING ERROR OPEN,NO MOTION OR SAFETY CREDIT
P06_LEFT_FOOT_LIFT,R_hip_roll_link,neck_pan_link,186.601582,0.000000,NO,PASS,NOMINAL RIGID LINK ENVELOPES; TOLERANCE/COVERS/CABLES/TRACKING ERROR OPEN,NO MOTION OR SAFETY CREDIT
P06_LEFT_FOOT_LIFT,R_hip_roll_link,torso,36.123701,0.000000,NO,PASS,NOMINAL RIGID LINK ENVELOPES; TOLERANCE/COVERS/CABLES/TRACKING ERROR OPEN,NO MOTION OR SAFETY CREDIT
P06_LEFT_FOOT_LIFT,R_hip_yaw_link,R_shin,229.316993,0.000000,NO,PASS,NOMINAL RIGID LINK ENVELOPES; TOLERANCE/COVERS/CABLES/TRACKING ERROR OPEN,NO MOTION OR SAFETY CREDIT
P06_LEFT_FOOT_LIFT,R_hip_yaw_link,R_shoulder_pitch_link,135.168000,0.000000,NO,PASS,NOMINAL RIGID LINK ENVELOPES; TOLERANCE/COVERS/CABLES/TRACKING ERROR OPEN,NO MOTION OR SAFETY CREDIT
P06_LEFT_FOOT_LIFT,R_hip_yaw_link,R_upper_arm,27.475732,0.000000,NO,PASS,NOMINAL RIGID LINK ENVELOPES; TOLERANCE/COVERS/CABLES/TRACKING ERROR OPEN,NO MOTION OR SAFETY CREDIT
P06_LEFT_FOOT_LIFT,R_hip_yaw_link,head,228.758000,0.000000,NO,PASS,NOMINAL RIGID LINK ENVELOPES; TOLERANCE/COVERS/CABLES/TRACKING ERROR OPEN,NO MOTION OR SAFETY CREDIT
P06_LEFT_FOOT_LIFT,R_hip_yaw_link,neck_pan_link,181.305307,0.000000,NO,PASS,NOMINAL RIGID LINK ENVELOPES; TOLERANCE/COVERS/CABLES/TRACKING ERROR OPEN,NO MOTION OR SAFETY CREDIT
P06_LEFT_FOOT_LIFT,R_hip_yaw_link,torso,30.791000,0.000000,NO,PASS,NOMINAL RIGID LINK ENVELOPES; TOLERANCE/COVERS/CABLES/TRACKING ERROR OPEN,NO MOTION OR SAFETY CREDIT
P06_LEFT_FOOT_LIFT,R_shin,R_shoulder_pitch_link,405.318094,0.000000,NO,PASS,NOMINAL RIGID LINK ENVELOPES; TOLERANCE/COVERS/CABLES/TRACKING ERROR OPEN,NO MOTION OR SAFETY CREDIT
P06_LEFT_FOOT_LIFT,R_shin,R_upper_arm,281.197499,0.000000,NO,PASS,NOMINAL RIGID LINK ENVELOPES; TOLERANCE/COVERS/CABLES/TRACKING ERROR OPEN,NO MOTION OR SAFETY CREDIT
P06_LEFT_FOOT_LIFT,R_shin,base_link,207.182993,0.000000,NO,PASS,NOMINAL RIGID LINK ENVELOPES; TOLERANCE/COVERS/CABLES/TRACKING ERROR OPEN,NO MOTION OR SAFETY CREDIT
P06_LEFT_FOOT_LIFT,R_shin,head,498.074993,0.000000,NO,PASS,NOMINAL RIGID LINK ENVELOPES; TOLERANCE/COVERS/CABLES/TRACKING ERROR OPEN,NO MOTION OR SAFETY CREDIT
P06_LEFT_FOOT_LIFT,R_shin,neck_pan_link,450.573993,0.000000,NO,PASS,NOMINAL RIGID LINK ENVELOPES; TOLERANCE/COVERS/CABLES/TRACKING ERROR OPEN,NO MOTION OR SAFETY CREDIT
P06_LEFT_FOOT_LIFT,R_shin,torso,300.107993,0.000000,NO,PASS,NOMINAL RIGID LINK ENVELOPES; TOLERANCE/COVERS/CABLES/TRACKING ERROR OPEN,NO MOTION OR SAFETY CREDIT
P06_LEFT_FOOT_LIFT,R_shoulder_pitch_link,R_thigh,164.071000,0.000000,NO,PASS,NOMINAL RIGID LINK ENVELOPES; TOLERANCE/COVERS/CABLES/TRACKING ERROR OPEN,NO MOTION OR SAFETY CREDIT
P06_LEFT_FOOT_LIFT,R_shoulder_pitch_link,base_link,127.374433,0.000000,NO,PASS,NOMINAL RIGID LINK ENVELOPES; TOLERANCE/COVERS/CABLES/TRACKING ERROR OPEN,NO MOTION OR SAFETY CREDIT
P06_LEFT_FOOT_LIFT,R_shoulder_pitch_link,head,39.191231,0.000000,NO,PASS,NOMINAL RIGID LINK ENVELOPES; TOLERANCE/COVERS/CABLES/TRACKING ERROR OPEN,NO MOTION OR SAFETY CREDIT
P06_LEFT_FOOT_LIFT,R_shoulder_pitch_link,neck_pan_link,56.284000,0.000000,NO,PASS,NOMINAL RIGID LINK ENVELOPES; TOLERANCE/COVERS/CABLES/TRACKING ERROR OPEN,NO MOTION OR SAFETY CREDIT
P06_LEFT_FOOT_LIFT,R_thigh,R_upper_arm,54.343497,0.000000,NO,PASS,NOMINAL RIGID LINK ENVELOPES; TOLERANCE/COVERS/CABLES/TRACKING ERROR OPEN,NO MOTION OR SAFETY CREDIT
P06_LEFT_FOOT_LIFT,R_thigh,head,257.661000,0.000000,NO,PASS,NOMINAL RIGID LINK ENVELOPES; TOLERANCE/COVERS/CABLES/TRACKING ERROR OPEN,NO MOTION OR SAFETY CREDIT
P06_LEFT_FOOT_LIFT,R_thigh,neck_pan_link,210.160000,0.000000,NO,PASS,NOMINAL RIGID LINK ENVELOPES; TOLERANCE/COVERS/CABLES/TRACKING ERROR OPEN,NO MOTION OR SAFETY CREDIT
P06_LEFT_FOOT_LIFT,R_thigh,torso,59.694000,0.000000,NO,PASS,NOMINAL RIGID LINK ENVELOPES; TOLERANCE/COVERS/CABLES/TRACKING ERROR OPEN,NO MOTION OR SAFETY CREDIT
P06_LEFT_FOOT_LIFT,R_upper_arm,base_link,36.219314,0.000000,NO,PASS,NOMINAL RIGID LINK ENVELOPES; TOLERANCE/COVERS/CABLES/TRACKING ERROR OPEN,NO MOTION OR SAFETY CREDIT
P06_LEFT_FOOT_LIFT,R_upper_arm,head,63.066022,0.000000,NO,PASS,NOMINAL RIGID LINK ENVELOPES; TOLERANCE/COVERS/CABLES/TRACKING ERROR OPEN,NO MOTION OR SAFETY CREDIT
P06_LEFT_FOOT_LIFT,R_upper_arm,neck_pan_link,58.768347,0.000000,NO,PASS,NOMINAL RIGID LINK ENVELOPES; TOLERANCE/COVERS/CABLES/TRACKING ERROR OPEN,NO MOTION OR SAFETY CREDIT
P06_LEFT_FOOT_LIFT,base_link,head,220.892000,0.000000,NO,PASS,NOMINAL RIGID LINK ENVELOPES; TOLERANCE/COVERS/CABLES/TRACKING ERROR OPEN,NO MOTION OR SAFETY CREDIT
P06_LEFT_FOOT_LIFT,base_link,neck_pan_link,173.391000,0.000000,NO,PASS,NOMINAL RIGID LINK ENVELOPES; TOLERANCE/COVERS/CABLES/TRACKING ERROR OPEN,NO MOTION OR SAFETY CREDIT
P06_LEFT_FOOT_LIFT,head,torso,42.967000,0.000000,NO,PASS,NOMINAL RIGID LINK ENVELOPES; TOLERANCE/COVERS/CABLES/TRACKING ERROR OPEN,NO MOTION OR SAFETY CREDIT
P07_LEFT_CAPTURE_STEP,L_ankle_pitch_link,L_forearm,195.231944,0.000000,NO,PASS,NOMINAL RIGID LINK ENVELOPES; TOLERANCE/COVERS/CABLES/TRACKING ERROR OPEN,NO MOTION OR SAFETY CREDIT
P07_LEFT_CAPTURE_STEP,L_ankle_pitch_link,L_gripper,161.755501,0.000000,NO,PASS,NOMINAL RIGID LINK ENVELOPES; TOLERANCE/COVERS/CABLES/TRACKING ERROR OPEN,NO MOTION OR SAFETY CREDIT
P07_LEFT_CAPTURE_STEP,L_ankle_pitch_link,L_hand,168.517917,0.000000,NO,PASS,NOMINAL RIGID LINK ENVELOPES; TOLERANCE/COVERS/CABLES/TRACKING ERROR OPEN,NO MOTION OR SAFETY CREDIT
P07_LEFT_CAPTURE_STEP,L_ankle_pitch_link,L_hip_roll_link,267.452600,0.000000,NO,PASS,NOMINAL RIGID LINK ENVELOPES; TOLERANCE/COVERS/CABLES/TRACKING ERROR OPEN,NO MOTION OR SAFETY CREDIT
P07_LEFT_CAPTURE_STEP,L_ankle_pitch_link,L_hip_yaw_link,280.119898,0.000000,NO,PASS,NOMINAL RIGID LINK ENVELOPES; TOLERANCE/COVERS/CABLES/TRACKING ERROR OPEN,NO MOTION OR SAFETY CREDIT
P07_LEFT_CAPTURE_STEP,L_ankle_pitch_link,L_shoulder_pitch_link,454.335015,0.000000,NO,PASS,NOMINAL RIGID LINK ENVELOPES; TOLERANCE/COVERS/CABLES/TRACKING ERROR OPEN,NO MOTION OR SAFETY CREDIT
P07_LEFT_CAPTURE_STEP,L_ankle_pitch_link,L_thigh,142.724096,0.000000,NO,PASS,NOMINAL RIGID LINK ENVELOPES; TOLERANCE/COVERS/CABLES/TRACKING ERROR OPEN,NO MOTION OR SAFETY CREDIT
P07_LEFT_CAPTURE_STEP,L_ankle_pitch_link,L_upper_arm,330.313411,0.000000,NO,PASS,NOMINAL RIGID LINK ENVELOPES; TOLERANCE/COVERS/CABLES/TRACKING ERROR OPEN,NO MOTION OR SAFETY CREDIT
P07_LEFT_CAPTURE_STEP,L_ankle_pitch_link,R_ankle_pitch_link,50.737069,0.000000,NO,PASS,NOMINAL RIGID LINK ENVELOPES; TOLERANCE/COVERS/CABLES/TRACKING ERROR OPEN,NO MOTION OR SAFETY CREDIT
P07_LEFT_CAPTURE_STEP,L_ankle_pitch_link,R_foot,40.549797,0.000000,NO,PASS,NOMINAL RIGID LINK ENVELOPES; TOLERANCE/COVERS/CABLES/TRACKING ERROR OPEN,NO MOTION OR SAFETY CREDIT
P07_LEFT_CAPTURE_STEP,L_ankle_pitch_link,R_forearm,264.817044,0.000000,NO,PASS,NOMINAL RIGID LINK ENVELOPES; TOLERANCE/COVERS/CABLES/TRACKING ERROR OPEN,NO MOTION OR SAFETY CREDIT
P07_LEFT_CAPTURE_STEP,L_ankle_pitch_link,R_gripper,226.894957,0.000000,NO,PASS,NOMINAL RIGID LINK ENVELOPES; TOLERANCE/COVERS/CABLES/TRACKING ERROR OPEN,NO MOTION OR SAFETY CREDIT
P07_LEFT_CAPTURE_STEP,L_ankle_pitch_link,R_hand,236.686923,0.000000,NO,PASS,NOMINAL RIGID LINK ENVELOPES; TOLERANCE/COVERS/CABLES/TRACKING ERROR OPEN,NO MOTION OR SAFETY CREDIT
P07_LEFT_CAPTURE_STEP,L_ankle_pitch_link,R_hip_roll_link,287.371267,0.000000,NO,PASS,NOMINAL RIGID LINK ENVELOPES; TOLERANCE/COVERS/CABLES/TRACKING ERROR OPEN,NO MOTION OR SAFETY CREDIT
P07_LEFT_CAPTURE_STEP,L_ankle_pitch_link,R_hip_yaw_link,299.933361,0.000000,NO,PASS,NOMINAL RIGID LINK ENVELOPES; TOLERANCE/COVERS/CABLES/TRACKING ERROR OPEN,NO MOTION OR SAFETY CREDIT
P07_LEFT_CAPTURE_STEP,L_ankle_pitch_link,R_shin,46.505171,0.000000,NO,PASS,NOMINAL RIGID LINK ENVELOPES; TOLERANCE/COVERS/CABLES/TRACKING ERROR OPEN,NO MOTION OR SAFETY CREDIT
P07_LEFT_CAPTURE_STEP,L_ankle_pitch_link,R_shoulder_pitch_link,472.102377,0.000000,NO,PASS,NOMINAL RIGID LINK ENVELOPES; TOLERANCE/COVERS/CABLES/TRACKING ERROR OPEN,NO MOTION OR SAFETY CREDIT
P07_LEFT_CAPTURE_STEP,L_ankle_pitch_link,R_thigh,165.282268,0.000000,NO,PASS,NOMINAL RIGID LINK ENVELOPES; TOLERANCE/COVERS/CABLES/TRACKING ERROR OPEN,NO MOTION OR SAFETY CREDIT
P07_LEFT_CAPTURE_STEP,L_ankle_pitch_link,R_upper_arm,365.215617,0.000000,NO,PASS,NOMINAL RIGID LINK ENVELOPES; TOLERANCE/COVERS/CABLES/TRACKING ERROR OPEN,NO MOTION OR SAFETY CREDIT
P07_LEFT_CAPTURE_STEP,L_ankle_pitch_link,base_link,257.985898,0.000000,NO,PASS,NOMINAL RIGID LINK ENVELOPES; TOLERANCE/COVERS/CABLES/TRACKING ERROR OPEN,NO MOTION OR SAFETY CREDIT
P07_LEFT_CAPTURE_STEP,L_ankle_pitch_link,head,548.880333,0.000000,NO,PASS,NOMINAL RIGID LINK ENVELOPES; TOLERANCE/COVERS/CABLES/TRACKING ERROR OPEN,NO MOTION OR SAFETY CREDIT
P07_LEFT_CAPTURE_STEP,L_ankle_pitch_link,neck_pan_link,503.767538,0.000000,NO,PASS,NOMINAL RIGID LINK ENVELOPES; TOLERANCE/COVERS/CABLES/TRACKING ERROR OPEN,NO MOTION OR SAFETY CREDIT
P07_LEFT_CAPTURE_STEP,L_ankle_pitch_link,torso,350.920391,0.000000,NO,PASS,NOMINAL RIGID LINK ENVELOPES; TOLERANCE/COVERS/CABLES/TRACKING ERROR OPEN,NO MOTION OR SAFETY CREDIT
P07_LEFT_CAPTURE_STEP,L_foot,L_forearm,238.835330,0.000000,NO,PASS,NOMINAL RIGID LINK ENVELOPES; TOLERANCE/COVERS/CABLES/TRACKING ERROR OPEN,NO MOTION OR SAFETY CREDIT
P07_LEFT_CAPTURE_STEP,L_foot,L_gripper,174.097535,0.000000,NO,PASS,NOMINAL RIGID LINK ENVELOPES; TOLERANCE/COVERS/CABLES/TRACKING ERROR OPEN,NO MOTION OR SAFETY CREDIT
P07_LEFT_CAPTURE_STEP,L_foot,L_hand,192.973712,0.000000,NO,PASS,NOMINAL RIGID LINK ENVELOPES; TOLERANCE/COVERS/CABLES/TRACKING ERROR OPEN,NO MOTION OR SAFETY CREDIT
P07_LEFT_CAPTURE_STEP,L_foot,L_hip_roll_link,313.258358,0.000000,NO,PASS,NOMINAL RIGID LINK ENVELOPES; TOLERANCE/COVERS/CABLES/TRACKING ERROR OPEN,NO MOTION OR SAFETY CREDIT
P07_LEFT_CAPTURE_STEP,L_foot,L_hip_yaw_link,325.925657,0.000000,NO,PASS,NOMINAL RIGID LINK ENVELOPES; TOLERANCE/COVERS/CABLES/TRACKING ERROR OPEN,NO MOTION OR SAFETY CREDIT
P07_LEFT_CAPTURE_STEP,L_foot,L_shoulder_pitch_link,500.140774,0.000000,NO,PASS,NOMINAL RIGID LINK ENVELOPES; TOLERANCE/COVERS/CABLES/TRACKING ERROR OPEN,NO MOTION OR SAFETY CREDIT
P07_LEFT_CAPTURE_STEP,L_foot,L_thigh,188.529854,0.000000,NO,PASS,NOMINAL RIGID LINK ENVELOPES; TOLERANCE/COVERS/CABLES/TRACKING ERROR OPEN,NO MOTION OR SAFETY CREDIT
P07_LEFT_CAPTURE_STEP,L_foot,L_upper_arm,376.119169,0.000000,NO,PASS,NOMINAL RIGID LINK ENVELOPES; TOLERANCE/COVERS/CABLES/TRACKING ERROR OPEN,NO MOTION OR SAFETY CREDIT
P07_LEFT_CAPTURE_STEP,L_foot,R_ankle_pitch_link,42.688621,0.000000,NO,PASS,NOMINAL RIGID LINK ENVELOPES; TOLERANCE/COVERS/CABLES/TRACKING ERROR OPEN,NO MOTION OR SAFETY CREDIT
P07_LEFT_CAPTURE_STEP,L_foot,R_foot,32.275223,0.000000,NO,PASS,NOMINAL RIGID LINK ENVELOPES; TOLERANCE/COVERS/CABLES/TRACKING ERROR OPEN,NO MOTION OR SAFETY CREDIT
P07_LEFT_CAPTURE_STEP,L_foot,R_forearm,293.440591,0.000000,NO,PASS,NOMINAL RIGID LINK ENVELOPES; TOLERANCE/COVERS/CABLES/TRACKING ERROR OPEN,NO MOTION OR SAFETY CREDIT
P07_LEFT_CAPTURE_STEP,L_foot,R_gripper,244.377528,0.000000,NO,PASS,NOMINAL RIGID LINK ENVELOPES; TOLERANCE/COVERS/CABLES/TRACKING ERROR OPEN,NO MOTION OR SAFETY CREDIT
P07_LEFT_CAPTURE_STEP,L_foot,R_hand,259.763462,0.000000,NO,PASS,NOMINAL RIGID LINK ENVELOPES; TOLERANCE/COVERS/CABLES/TRACKING ERROR OPEN,NO MOTION OR SAFETY CREDIT
P07_LEFT_CAPTURE_STEP,L_foot,R_hip_roll_link,327.955387,0.000000,NO,PASS,NOMINAL RIGID LINK ENVELOPES; TOLERANCE/COVERS/CABLES/TRACKING ERROR OPEN,NO MOTION OR SAFETY CREDIT
P07_LEFT_CAPTURE_STEP,L_foot,R_hip_yaw_link,340.675081,0.000000,NO,PASS,NOMINAL RIGID LINK ENVELOPES; TOLERANCE/COVERS/CABLES/TRACKING ERROR OPEN,NO MOTION OR SAFETY CREDIT
P07_LEFT_CAPTURE_STEP,L_foot,R_shin,39.199431,0.000000,NO,PASS,NOMINAL RIGID LINK ENVELOPES; TOLERANCE/COVERS/CABLES/TRACKING ERROR OPEN,NO MOTION OR SAFETY CREDIT
P07_LEFT_CAPTURE_STEP,L_foot,R_shoulder_pitch_link,513.023057,0.000000,NO,PASS,NOMINAL RIGID LINK ENVELOPES; TOLERANCE/COVERS/CABLES/TRACKING ERROR OPEN,NO MOTION OR SAFETY CREDIT
P07_LEFT_CAPTURE_STEP,L_foot,R_thigh,203.310443,0.000000,NO,PASS,NOMINAL RIGID LINK ENVELOPES; TOLERANCE/COVERS/CABLES/TRACKING ERROR OPEN,NO MOTION OR SAFETY CREDIT
P07_LEFT_CAPTURE_STEP,L_foot,R_upper_arm,404.096900,0.000000,NO,PASS,NOMINAL RIGID LINK ENVELOPES; TOLERANCE/COVERS/CABLES/TRACKING ERROR OPEN,NO MOTION OR SAFETY CREDIT
P07_LEFT_CAPTURE_STEP,L_foot,base_link,303.791657,0.000000,NO,PASS,NOMINAL RIGID LINK ENVELOPES; TOLERANCE/COVERS/CABLES/TRACKING ERROR OPEN,NO MOTION OR SAFETY CREDIT
P07_LEFT_CAPTURE_STEP,L_foot,head,594.683657,0.000000,NO,PASS,NOMINAL RIGID LINK ENVELOPES; TOLERANCE/COVERS/CABLES/TRACKING ERROR OPEN,NO MOTION OR SAFETY CREDIT
P07_LEFT_CAPTURE_STEP,L_foot,neck_pan_link,548.714415,0.000000,NO,PASS,NOMINAL RIGID LINK ENVELOPES; TOLERANCE/COVERS/CABLES/TRACKING ERROR OPEN,NO MOTION OR SAFETY CREDIT
P07_LEFT_CAPTURE_STEP,L_foot,torso,396.716657,0.000000,NO,PASS,NOMINAL RIGID LINK ENVELOPES; TOLERANCE/COVERS/CABLES/TRACKING ERROR OPEN,NO MOTION OR SAFETY CREDIT
P07_LEFT_CAPTURE_STEP,L_forearm,L_gripper,23.673000,0.000000,NO,PASS,NOMINAL RIGID LINK ENVELOPES; TOLERANCE/COVERS/CABLES/TRACKING ERROR OPEN,NO MOTION OR SAFETY CREDIT
P07_LEFT_CAPTURE_STEP,L_forearm,L_hip_roll_link,18.727696,0.000000,NO,PASS,NOMINAL RIGID LINK ENVELOPES; TOLERANCE/COVERS/CABLES/TRACKING ERROR OPEN,NO MOTION OR SAFETY CREDIT
P07_LEFT_CAPTURE_STEP,L_forearm,L_hip_yaw_link,18.748000,0.000000,NO,PASS,NOMINAL RIGID LINK ENVELOPES; TOLERANCE/COVERS/CABLES/TRACKING ERROR OPEN,NO MOTION OR SAFETY CREDIT
P07_LEFT_CAPTURE_STEP,L_forearm,L_shin,121.693451,0.000000,NO,PASS,NOMINAL RIGID LINK ENVELOPES; TOLERANCE/COVERS/CABLES/TRACKING ERROR OPEN,NO MOTION OR SAFETY CREDIT
P07_LEFT_CAPTURE_STEP,L_forearm,L_shoulder_pitch_link,112.859943,0.000000,NO,PASS,NOMINAL RIGID LINK ENVELOPES; TOLERANCE/COVERS/CABLES/TRACKING ERROR OPEN,NO MOTION OR SAFETY CREDIT
P07_LEFT_CAPTURE_STEP,L_forearm,L_thigh,16.274782,0.000000,NO,PASS,NOMINAL RIGID LINK ENVELOPES; TOLERANCE/COVERS/CABLES/TRACKING ERROR OPEN,NO MOTION OR SAFETY CREDIT
P07_LEFT_CAPTURE_STEP,L_forearm,R_ankle_pitch_link,228.580979,0.000000,NO,PASS,NOMINAL RIGID LINK ENVELOPES; TOLERANCE/COVERS/CABLES/TRACKING ERROR OPEN,NO MOTION OR SAFETY CREDIT
P07_LEFT_CAPTURE_STEP,L_forearm,R_foot,268.313410,0.000000,NO,PASS,NOMINAL RIGID LINK ENVELOPES; TOLERANCE/COVERS/CABLES/TRACKING ERROR OPEN,NO MOTION OR SAFETY CREDIT
P07_LEFT_CAPTURE_STEP,L_forearm,R_forearm,227.334512,0.000000,NO,PASS,NOMINAL RIGID LINK ENVELOPES; TOLERANCE/COVERS/CABLES/TRACKING ERROR OPEN,NO MOTION OR SAFETY CREDIT
P07_LEFT_CAPTURE_STEP,L_forearm,R_gripper,241.537074,0.000000,NO,PASS,NOMINAL RIGID LINK ENVELOPES; TOLERANCE/COVERS/CABLES/TRACKING ERROR OPEN,NO MOTION OR SAFETY CREDIT
P07_LEFT_CAPTURE_STEP,L_forearm,R_hand,231.173698,0.000000,NO,PASS,NOMINAL RIGID LINK ENVELOPES; TOLERANCE/COVERS/CABLES/TRACKING ERROR OPEN,NO MOTION OR SAFETY CREDIT
P07_LEFT_CAPTURE_STEP,L_forearm,R_hip_roll_link,141.668637,0.000000,NO,PASS,NOMINAL RIGID LINK ENVELOPES; TOLERANCE/COVERS/CABLES/TRACKING ERROR OPEN,NO MOTION OR SAFETY CREDIT
P07_LEFT_CAPTURE_STEP,L_forearm,R_hip_yaw_link,143.748000,0.000000,NO,PASS,NOMINAL RIGID LINK ENVELOPES; TOLERANCE/COVERS/CABLES/TRACKING ERROR OPEN,NO MOTION OR SAFETY CREDIT
P07_LEFT_CAPTURE_STEP,L_forearm,R_shin,164.698090,0.000000,NO,PASS,NOMINAL RIGID LINK ENVELOPES; TOLERANCE/COVERS/CABLES/TRACKING ERROR OPEN,NO MOTION OR SAFETY CREDIT
P07_LEFT_CAPTURE_STEP,L_forearm,R_shoulder_pitch_link,221.251611,0.000000,NO,PASS,NOMINAL RIGID LINK ENVELOPES; TOLERANCE/COVERS/CABLES/TRACKING ERROR OPEN,NO MOTION OR SAFETY CREDIT
P07_LEFT_CAPTURE_STEP,L_forearm,R_thigh,118.147419,0.000000,NO,PASS,NOMINAL RIGID LINK ENVELOPES; TOLERANCE/COVERS/CABLES/TRACKING ERROR OPEN,NO MOTION OR SAFETY CREDIT
P07_LEFT_CAPTURE_STEP,L_forearm,R_upper_arm,192.410000,0.000000,NO,PASS,NOMINAL RIGID LINK ENVELOPES; TOLERANCE/COVERS/CABLES/TRACKING ERROR OPEN,NO MOTION OR SAFETY CREDIT
P07_LEFT_CAPTURE_STEP,L_forearm,base_link,36.552000,0.000000,NO,PASS,NOMINAL RIGID LINK ENVELOPES; TOLERANCE/COVERS/CABLES/TRACKING ERROR OPEN,NO MOTION OR SAFETY CREDIT
P07_LEFT_CAPTURE_STEP,L_forearm,head,210.887392,0.000000,NO,PASS,NOMINAL RIGID LINK ENVELOPES; TOLERANCE/COVERS/CABLES/TRACKING ERROR OPEN,NO MOTION OR SAFETY CREDIT
P07_LEFT_CAPTURE_STEP,L_forearm,neck_pan_link,181.354958,0.000000,NO,PASS,NOMINAL RIGID LINK ENVELOPES; TOLERANCE/COVERS/CABLES/TRACKING ERROR OPEN,NO MOTION OR SAFETY CREDIT
P07_LEFT_CAPTURE_STEP,L_forearm,torso,23.695903,0.000000,NO,PASS,NOMINAL RIGID LINK ENVELOPES; TOLERANCE/COVERS/CABLES/TRACKING ERROR OPEN,NO MOTION OR SAFETY CREDIT
P07_LEFT_CAPTURE_STEP,L_gripper,L_hip_roll_link,102.996956,0.000000,NO,PASS,NOMINAL RIGID LINK ENVELOPES; TOLERANCE/COVERS/CABLES/TRACKING ERROR OPEN,NO MOTION OR SAFETY CREDIT
P07_LEFT_CAPTURE_STEP,L_gripper,L_hip_yaw_link,113.360386,0.000000,NO,PASS,NOMINAL RIGID LINK ENVELOPES; TOLERANCE/COVERS/CABLES/TRACKING ERROR OPEN,NO MOTION OR SAFETY CREDIT
P07_LEFT_CAPTURE_STEP,L_gripper,L_shin,107.396114,0.000000,NO,PASS,NOMINAL RIGID LINK ENVELOPES; TOLERANCE/COVERS/CABLES/TRACKING ERROR OPEN,NO MOTION OR SAFETY CREDIT
P07_LEFT_CAPTURE_STEP,L_gripper,L_shoulder_pitch_link,265.070254,0.000000,NO,PASS,NOMINAL RIGID LINK ENVELOPES; TOLERANCE/COVERS/CABLES/TRACKING ERROR OPEN,NO MOTION OR SAFETY CREDIT
P07_LEFT_CAPTURE_STEP,L_gripper,L_thigh,62.296066,0.000000,NO,PASS,NOMINAL RIGID LINK ENVELOPES; TOLERANCE/COVERS/CABLES/TRACKING ERROR OPEN,NO MOTION OR SAFETY CREDIT
P07_LEFT_CAPTURE_STEP,L_gripper,L_upper_arm,144.230418,0.000000,NO,PASS,NOMINAL RIGID LINK ENVELOPES; TOLERANCE/COVERS/CABLES/TRACKING ERROR OPEN,NO MOTION OR SAFETY CREDIT
P07_LEFT_CAPTURE_STEP,L_gripper,R_ankle_pitch_link,185.538770,0.000000,NO,PASS,NOMINAL RIGID LINK ENVELOPES; TOLERANCE/COVERS/CABLES/TRACKING ERROR OPEN,NO MOTION OR SAFETY CREDIT
P07_LEFT_CAPTURE_STEP,L_gripper,R_foot,208.079239,0.000000,NO,PASS,NOMINAL RIGID LINK ENVELOPES; TOLERANCE/COVERS/CABLES/TRACKING ERROR OPEN,NO MOTION OR SAFETY CREDIT
P07_LEFT_CAPTURE_STEP,L_gripper,R_forearm,260.793325,0.000000,NO,PASS,NOMINAL RIGID LINK ENVELOPES; TOLERANCE/COVERS/CABLES/TRACKING ERROR OPEN,NO MOTION OR SAFETY CREDIT
P07_LEFT_CAPTURE_STEP,L_gripper,R_gripper,271.580191,0.000000,NO,PASS,NOMINAL RIGID LINK ENVELOPES; TOLERANCE/COVERS/CABLES/TRACKING ERROR OPEN,NO MOTION OR SAFETY CREDIT
P07_LEFT_CAPTURE_STEP,L_gripper,R_hand,264.250424,0.000000,NO,PASS,NOMINAL RIGID LINK ENVELOPES; TOLERANCE/COVERS/CABLES/TRACKING ERROR OPEN,NO MOTION OR SAFETY CREDIT
P07_LEFT_CAPTURE_STEP,L_gripper,R_hip_roll_link,185.979924,0.000000,NO,PASS,NOMINAL RIGID LINK ENVELOPES; TOLERANCE/COVERS/CABLES/TRACKING ERROR OPEN,NO MOTION OR SAFETY CREDIT
P07_LEFT_CAPTURE_STEP,L_gripper,R_hip_yaw_link,193.262974,0.000000,NO,PASS,NOMINAL RIGID LINK ENVELOPES; TOLERANCE/COVERS/CABLES/TRACKING ERROR OPEN,NO MOTION OR SAFETY CREDIT
P07_LEFT_CAPTURE_STEP,L_gripper,R_shin,136.035023,0.000000,NO,PASS,NOMINAL RIGID LINK ENVELOPES; TOLERANCE/COVERS/CABLES/TRACKING ERROR OPEN,NO MOTION OR SAFETY CREDIT
P07_LEFT_CAPTURE_STEP,L_gripper,R_shoulder_pitch_link,332.500551,0.000000,NO,PASS,NOMINAL RIGID LINK ENVELOPES; TOLERANCE/COVERS/CABLES/TRACKING ERROR OPEN,NO MOTION OR SAFETY CREDIT
P07_LEFT_CAPTURE_STEP,L_gripper,R_thigh,146.541343,0.000000,NO,PASS,NOMINAL RIGID LINK ENVELOPES; TOLERANCE/COVERS/CABLES/TRACKING ERROR OPEN,NO MOTION OR SAFETY CREDIT
P07_LEFT_CAPTURE_STEP,L_gripper,R_upper_arm,261.786648,0.000000,NO,PASS,NOMINAL RIGID LINK ENVELOPES; TOLERANCE/COVERS/CABLES/TRACKING ERROR OPEN,NO MOTION OR SAFETY CREDIT
P07_LEFT_CAPTURE_STEP,L_gripper,base_link,93.699289,0.000000,NO,PASS,NOMINAL RIGID LINK ENVELOPES; TOLERANCE/COVERS/CABLES/TRACKING ERROR OPEN,NO MOTION OR SAFETY CREDIT
P07_LEFT_CAPTURE_STEP,L_gripper,head,365.887036,0.000000,NO,PASS,NOMINAL RIGID LINK ENVELOPES; TOLERANCE/COVERS/CABLES/TRACKING ERROR OPEN,NO MOTION OR SAFETY CREDIT
P07_LEFT_CAPTURE_STEP,L_gripper,neck_pan_link,333.925248,0.000000,NO,PASS,NOMINAL RIGID LINK ENVELOPES; TOLERANCE/COVERS/CABLES/TRACKING ERROR OPEN,NO MOTION OR SAFETY CREDIT
P07_LEFT_CAPTURE_STEP,L_gripper,torso,163.399687,0.000000,NO,PASS,NOMINAL RIGID LINK ENVELOPES; TOLERANCE/COVERS/CABLES/TRACKING ERROR OPEN,NO MOTION OR SAFETY CREDIT
P07_LEFT_CAPTURE_STEP,L_hand,L_hip_roll_link,71.504877,0.000000,NO,PASS,NOMINAL RIGID LINK ENVELOPES; TOLERANCE/COVERS/CABLES/TRACKING ERROR OPEN,NO MOTION OR SAFETY CREDIT
P07_LEFT_CAPTURE_STEP,L_hand,L_hip_yaw_link,82.243960,0.000000,NO,PASS,NOMINAL RIGID LINK ENVELOPES; TOLERANCE/COVERS/CABLES/TRACKING ERROR OPEN,NO MOTION OR SAFETY CREDIT
P07_LEFT_CAPTURE_STEP,L_hand,L_shin,103.886219,0.000000,NO,PASS,NOMINAL RIGID LINK ENVELOPES; TOLERANCE/COVERS/CABLES/TRACKING ERROR OPEN,NO MOTION OR SAFETY CREDIT
P07_LEFT_CAPTURE_STEP,L_hand,L_shoulder_pitch_link,241.630427,0.000000,NO,PASS,NOMINAL RIGID LINK ENVELOPES; TOLERANCE/COVERS/CABLES/TRACKING ERROR OPEN,NO MOTION OR SAFETY CREDIT
P07_LEFT_CAPTURE_STEP,L_hand,L_thigh,40.203818,0.000000,NO,PASS,NOMINAL RIGID LINK ENVELOPES; TOLERANCE/COVERS/CABLES/TRACKING ERROR OPEN,NO MOTION OR SAFETY CREDIT
P07_LEFT_CAPTURE_STEP,L_hand,L_upper_arm,118.520574,0.000000,NO,PASS,NOMINAL RIGID LINK ENVELOPES; TOLERANCE/COVERS/CABLES/TRACKING ERROR OPEN,NO MOTION OR SAFETY CREDIT
P07_LEFT_CAPTURE_STEP,L_hand,R_ankle_pitch_link,193.998995,0.000000,NO,PASS,NOMINAL RIGID LINK ENVELOPES; TOLERANCE/COVERS/CABLES/TRACKING ERROR OPEN,NO MOTION OR SAFETY CREDIT
P07_LEFT_CAPTURE_STEP,L_hand,R_foot,226.023575,0.000000,NO,PASS,NOMINAL RIGID LINK ENVELOPES; TOLERANCE/COVERS/CABLES/TRACKING ERROR OPEN,NO MOTION OR SAFETY CREDIT
P07_LEFT_CAPTURE_STEP,L_hand,R_forearm,245.635855,0.000000,NO,PASS,NOMINAL RIGID LINK ENVELOPES; TOLERANCE/COVERS/CABLES/TRACKING ERROR OPEN,NO MOTION OR SAFETY CREDIT
P07_LEFT_CAPTURE_STEP,L_hand,R_gripper,256.860745,0.000000,NO,PASS,NOMINAL RIGID LINK ENVELOPES; TOLERANCE/COVERS/CABLES/TRACKING ERROR OPEN,NO MOTION OR SAFETY CREDIT
P07_LEFT_CAPTURE_STEP,L_hand,R_hand,249.196910,0.000000,NO,PASS,NOMINAL RIGID LINK ENVELOPES; TOLERANCE/COVERS/CABLES/TRACKING ERROR OPEN,NO MOTION OR SAFETY CREDIT
P07_LEFT_CAPTURE_STEP,L_hand,R_hip_roll_link,164.089477,0.000000,NO,PASS,NOMINAL RIGID LINK ENVELOPES; TOLERANCE/COVERS/CABLES/TRACKING ERROR OPEN,NO MOTION OR SAFETY CREDIT
P07_LEFT_CAPTURE_STEP,L_hand,R_hip_yaw_link,170.576431,0.000000,NO,PASS,NOMINAL RIGID LINK ENVELOPES; TOLERANCE/COVERS/CABLES/TRACKING ERROR OPEN,NO MOTION OR SAFETY CREDIT
P07_LEFT_CAPTURE_STEP,L_hand,R_shin,136.727785,0.000000,NO,PASS,NOMINAL RIGID LINK ENVELOPES; TOLERANCE/COVERS/CABLES/TRACKING ERROR OPEN,NO MOTION OR SAFETY CREDIT
P07_LEFT_CAPTURE_STEP,L_hand,R_shoulder_pitch_link,308.792302,0.000000,NO,PASS,NOMINAL RIGID LINK ENVELOPES; TOLERANCE/COVERS/CABLES/TRACKING ERROR OPEN,NO MOTION OR SAFETY CREDIT
P07_LEFT_CAPTURE_STEP,L_hand,R_thigh,131.234683,0.000000,NO,PASS,NOMINAL RIGID LINK ENVELOPES; TOLERANCE/COVERS/CABLES/TRACKING ERROR OPEN,NO MOTION OR SAFETY CREDIT
P07_LEFT_CAPTURE_STEP,L_hand,R_upper_arm,238.083096,0.000000,NO,PASS,NOMINAL RIGID LINK ENVELOPES; TOLERANCE/COVERS/CABLES/TRACKING ERROR OPEN,NO MOTION OR SAFETY CREDIT
P07_LEFT_CAPTURE_STEP,L_hand,base_link,65.625964,0.000000,NO,PASS,NOMINAL RIGID LINK ENVELOPES; TOLERANCE/COVERS/CABLES/TRACKING ERROR OPEN,NO MOTION OR SAFETY CREDIT
P07_LEFT_CAPTURE_STEP,L_hand,head,340.610688,0.000000,NO,PASS,NOMINAL RIGID LINK ENVELOPES; TOLERANCE/COVERS/CABLES/TRACKING ERROR OPEN,NO MOTION OR SAFETY CREDIT
P07_LEFT_CAPTURE_STEP,L_hand,neck_pan_link,306.960797,0.000000,NO,PASS,NOMINAL RIGID LINK ENVELOPES; TOLERANCE/COVERS/CABLES/TRACKING ERROR OPEN,NO MOTION OR SAFETY CREDIT
P07_LEFT_CAPTURE_STEP,L_hand,torso,140.242560,0.000000,NO,PASS,NOMINAL RIGID LINK ENVELOPES; TOLERANCE/COVERS/CABLES/TRACKING ERROR OPEN,NO MOTION OR SAFETY CREDIT
P07_LEFT_CAPTURE_STEP,L_hip_roll_link,L_shin,194.733832,0.000000,NO,PASS,NOMINAL RIGID LINK ENVELOPES; TOLERANCE/COVERS/CABLES/TRACKING ERROR OPEN,NO MOTION OR SAFETY CREDIT
P07_LEFT_CAPTURE_STEP,L_hip_roll_link,L_shoulder_pitch_link,139.547818,0.000000,NO,PASS,NOMINAL RIGID LINK ENVELOPES; TOLERANCE/COVERS/CABLES/TRACKING ERROR OPEN,NO MOTION OR SAFETY CREDIT
P07_LEFT_CAPTURE_STEP,L_hip_roll_link,L_upper_arm,15.898102,0.000000,NO,PASS,NOMINAL RIGID LINK ENVELOPES; TOLERANCE/COVERS/CABLES/TRACKING ERROR OPEN,NO MOTION OR SAFETY CREDIT
P07_LEFT_CAPTURE_STEP,L_hip_roll_link,R_ankle_pitch_link,285.757380,0.000000,NO,PASS,NOMINAL RIGID LINK ENVELOPES; TOLERANCE/COVERS/CABLES/TRACKING ERROR OPEN,NO MOTION OR SAFETY CREDIT
P07_LEFT_CAPTURE_STEP,L_hip_roll_link,R_foot,331.490269,0.000000,NO,PASS,NOMINAL RIGID LINK ENVELOPES; TOLERANCE/COVERS/CABLES/TRACKING ERROR OPEN,NO MOTION OR SAFETY CREDIT
P07_LEFT_CAPTURE_STEP,L_hip_roll_link,R_forearm,145.937637,0.000000,NO,PASS,NOMINAL RIGID LINK ENVELOPES; TOLERANCE/COVERS/CABLES/TRACKING ERROR OPEN,NO MOTION OR SAFETY CREDIT
P07_LEFT_CAPTURE_STEP,L_hip_roll_link,R_gripper,189.930893,0.000000,NO,PASS,NOMINAL RIGID LINK ENVELOPES; TOLERANCE/COVERS/CABLES/TRACKING ERROR OPEN,NO MOTION OR SAFETY CREDIT
P07_LEFT_CAPTURE_STEP,L_hip_roll_link,R_hand,169.526941,0.000000,NO,PASS,NOMINAL RIGID LINK ENVELOPES; TOLERANCE/COVERS/CABLES/TRACKING ERROR OPEN,NO MOTION OR SAFETY CREDIT
P07_LEFT_CAPTURE_STEP,L_hip_roll_link,R_hip_roll_link,60.841274,0.000000,NO,PASS,NOMINAL RIGID LINK ENVELOPES; TOLERANCE/COVERS/CABLES/TRACKING ERROR OPEN,NO MOTION OR SAFETY CREDIT
P07_LEFT_CAPTURE_STEP,L_hip_roll_link,R_hip_yaw_link,62.920637,0.000000,NO,PASS,NOMINAL RIGID LINK ENVELOPES; TOLERANCE/COVERS/CABLES/TRACKING ERROR OPEN,NO MOTION OR SAFETY CREDIT
P07_LEFT_CAPTURE_STEP,L_hip_roll_link,R_shin,216.661079,0.000000,NO,PASS,NOMINAL RIGID LINK ENVELOPES; TOLERANCE/COVERS/CABLES/TRACKING ERROR OPEN,NO MOTION OR SAFETY CREDIT
P07_LEFT_CAPTURE_STEP,L_hip_roll_link,R_shoulder_pitch_link,173.298527,0.000000,NO,PASS,NOMINAL RIGID LINK ENVELOPES; TOLERANCE/COVERS/CABLES/TRACKING ERROR OPEN,NO MOTION OR SAFETY CREDIT
P07_LEFT_CAPTURE_STEP,L_hip_roll_link,R_thigh,57.999983,0.000000,NO,PASS,NOMINAL RIGID LINK ENVELOPES; TOLERANCE/COVERS/CABLES/TRACKING ERROR OPEN,NO MOTION OR SAFETY CREDIT
P07_LEFT_CAPTURE_STEP,L_hip_roll_link,R_upper_arm,112.653708,0.000000,NO,PASS,NOMINAL RIGID LINK ENVELOPES; TOLERANCE/COVERS/CABLES/TRACKING ERROR OPEN,NO MOTION OR SAFETY CREDIT
P07_LEFT_CAPTURE_STEP,L_hip_roll_link,head,234.090701,0.000000,NO,PASS,NOMINAL RIGID LINK ENVELOPES; TOLERANCE/COVERS/CABLES/TRACKING ERROR OPEN,NO MOTION OR SAFETY CREDIT
P07_LEFT_CAPTURE_STEP,L_hip_roll_link,neck_pan_link,186.649787,0.000000,NO,PASS,NOMINAL RIGID LINK ENVELOPES; TOLERANCE/COVERS/CABLES/TRACKING ERROR OPEN,NO MOTION OR SAFETY CREDIT
P07_LEFT_CAPTURE_STEP,L_hip_roll_link,torso,36.123701,0.000000,NO,PASS,NOMINAL RIGID LINK ENVELOPES; TOLERANCE/COVERS/CABLES/TRACKING ERROR OPEN,NO MOTION OR SAFETY CREDIT
P07_LEFT_CAPTURE_STEP,L_hip_yaw_link,L_shin,207.401131,0.000000,NO,PASS,NOMINAL RIGID LINK ENVELOPES; TOLERANCE/COVERS/CABLES/TRACKING ERROR OPEN,NO MOTION OR SAFETY CREDIT
P07_LEFT_CAPTURE_STEP,L_hip_yaw_link,L_shoulder_pitch_link,134.215117,0.000000,NO,PASS,NOMINAL RIGID LINK ENVELOPES; TOLERANCE/COVERS/CABLES/TRACKING ERROR OPEN,NO MOTION OR SAFETY CREDIT
P07_LEFT_CAPTURE_STEP,L_hip_yaw_link,L_upper_arm,10.263917,0.000000,NO,PASS,NOMINAL RIGID LINK ENVELOPES; TOLERANCE/COVERS/CABLES/TRACKING ERROR OPEN,NO MOTION OR SAFETY CREDIT
P07_LEFT_CAPTURE_STEP,L_hip_yaw_link,R_ankle_pitch_link,298.473788,0.000000,NO,PASS,NOMINAL RIGID LINK ENVELOPES; TOLERANCE/COVERS/CABLES/TRACKING ERROR OPEN,NO MOTION OR SAFETY CREDIT
P07_LEFT_CAPTURE_STEP,L_hip_yaw_link,R_foot,344.157568,0.000000,NO,PASS,NOMINAL RIGID LINK ENVELOPES; TOLERANCE/COVERS/CABLES/TRACKING ERROR OPEN,NO MOTION OR SAFETY CREDIT
P07_LEFT_CAPTURE_STEP,L_hip_yaw_link,R_forearm,148.017000,0.000000,NO,PASS,NOMINAL RIGID LINK ENVELOPES; TOLERANCE/COVERS/CABLES/TRACKING ERROR OPEN,NO MOTION OR SAFETY CREDIT
P07_LEFT_CAPTURE_STEP,L_hip_yaw_link,R_gripper,198.875965,0.000000,NO,PASS,NOMINAL RIGID LINK ENVELOPES; TOLERANCE/COVERS/CABLES/TRACKING ERROR OPEN,NO MOTION OR SAFETY CREDIT
P07_LEFT_CAPTURE_STEP,L_hip_yaw_link,R_hand,177.594982,0.000000,NO,PASS,NOMINAL RIGID LINK ENVELOPES; TOLERANCE/COVERS/CABLES/TRACKING ERROR OPEN,NO MOTION OR SAFETY CREDIT
P07_LEFT_CAPTURE_STEP,L_hip_yaw_link,R_hip_roll_link,62.920637,0.000000,NO,PASS,NOMINAL RIGID LINK ENVELOPES; TOLERANCE/COVERS/CABLES/TRACKING ERROR OPEN,NO MOTION OR SAFETY CREDIT
P07_LEFT_CAPTURE_STEP,L_hip_yaw_link,R_hip_yaw_link,65.000000,0.000000,NO,PASS,NOMINAL RIGID LINK ENVELOPES; TOLERANCE/COVERS/CABLES/TRACKING ERROR OPEN,NO MOTION OR SAFETY CREDIT
P07_LEFT_CAPTURE_STEP,L_hip_yaw_link,R_shin,229.357313,0.000000,NO,PASS,NOMINAL RIGID LINK ENVELOPES; TOLERANCE/COVERS/CABLES/TRACKING ERROR OPEN,NO MOTION OR SAFETY CREDIT
P07_LEFT_CAPTURE_STEP,L_hip_yaw_link,R_shoulder_pitch_link,170.765817,0.000000,NO,PASS,NOMINAL RIGID LINK ENVELOPES; TOLERANCE/COVERS/CABLES/TRACKING ERROR OPEN,NO MOTION OR SAFETY CREDIT
P07_LEFT_CAPTURE_STEP,L_hip_yaw_link,R_thigh,57.250905,0.000000,NO,PASS,NOMINAL RIGID LINK ENVELOPES; TOLERANCE/COVERS/CABLES/TRACKING ERROR OPEN,NO MOTION OR SAFETY CREDIT
P07_LEFT_CAPTURE_STEP,L_hip_yaw_link,R_upper_arm,114.115616,0.000000,NO,PASS,NOMINAL RIGID LINK ENVELOPES; TOLERANCE/COVERS/CABLES/TRACKING ERROR OPEN,NO MOTION OR SAFETY CREDIT
P07_LEFT_CAPTURE_STEP,L_hip_yaw_link,head,228.758000,0.000000,NO,PASS,NOMINAL RIGID LINK ENVELOPES; TOLERANCE/COVERS/CABLES/TRACKING ERROR OPEN,NO MOTION OR SAFETY CREDIT
P07_LEFT_CAPTURE_STEP,L_hip_yaw_link,neck_pan_link,181.385072,0.000000,NO,PASS,NOMINAL RIGID LINK ENVELOPES; TOLERANCE/COVERS/CABLES/TRACKING ERROR OPEN,NO MOTION OR SAFETY CREDIT
P07_LEFT_CAPTURE_STEP,L_hip_yaw_link,torso,30.791000,0.000000,NO,PASS,NOMINAL RIGID LINK ENVELOPES; TOLERANCE/COVERS/CABLES/TRACKING ERROR OPEN,NO MOTION OR SAFETY CREDIT
P07_LEFT_CAPTURE_STEP,L_shin,L_shoulder_pitch_link,381.616248,0.000000,NO,PASS,NOMINAL RIGID LINK ENVELOPES; TOLERANCE/COVERS/CABLES/TRACKING ERROR OPEN,NO MOTION OR SAFETY CREDIT
P07_LEFT_CAPTURE_STEP,L_shin,L_upper_arm,257.594643,0.000000,NO,PASS,NOMINAL RIGID LINK ENVELOPES; TOLERANCE/COVERS/CABLES/TRACKING ERROR OPEN,NO MOTION OR SAFETY CREDIT
P07_LEFT_CAPTURE_STEP,L_shin,R_ankle_pitch_link,56.669983,0.000000,NO,PASS,NOMINAL RIGID LINK ENVELOPES; TOLERANCE/COVERS/CABLES/TRACKING ERROR OPEN,NO MOTION OR SAFETY CREDIT
P07_LEFT_CAPTURE_STEP,L_shin,R_foot,46.827554,0.000000,NO,PASS,NOMINAL RIGID LINK ENVELOPES; TOLERANCE/COVERS/CABLES/TRACKING ERROR OPEN,NO MOTION OR SAFETY CREDIT
P07_LEFT_CAPTURE_STEP,L_shin,R_forearm,210.571850,0.000000,NO,PASS,NOMINAL RIGID LINK ENVELOPES; TOLERANCE/COVERS/CABLES/TRACKING ERROR OPEN,NO MOTION OR SAFETY CREDIT
P07_LEFT_CAPTURE_STEP,L_shin,R_gripper,193.321097,0.000000,NO,PASS,NOMINAL RIGID LINK ENVELOPES; TOLERANCE/COVERS/CABLES/TRACKING ERROR OPEN,NO MOTION OR SAFETY CREDIT
P07_LEFT_CAPTURE_STEP,L_shin,R_hand,192.944298,0.000000,NO,PASS,NOMINAL RIGID LINK ENVELOPES; TOLERANCE/COVERS/CABLES/TRACKING ERROR OPEN,NO MOTION OR SAFETY CREDIT
P07_LEFT_CAPTURE_STEP,L_shin,R_hip_roll_link,216.026172,0.000000,NO,PASS,NOMINAL RIGID LINK ENVELOPES; TOLERANCE/COVERS/CABLES/TRACKING ERROR OPEN,NO MOTION OR SAFETY CREDIT
P07_LEFT_CAPTURE_STEP,L_shin,R_hip_yaw_link,228.373640,0.000000,NO,PASS,NOMINAL RIGID LINK ENVELOPES; TOLERANCE/COVERS/CABLES/TRACKING ERROR OPEN,NO MOTION OR SAFETY CREDIT
P07_LEFT_CAPTURE_STEP,L_shin,R_shin,55.626983,0.000000,NO,PASS,NOMINAL RIGID LINK ENVELOPES; TOLERANCE/COVERS/CABLES/TRACKING ERROR OPEN,NO MOTION OR SAFETY CREDIT
P07_LEFT_CAPTURE_STEP,L_shin,R_shoulder_pitch_link,399.964410,0.000000,NO,PASS,NOMINAL RIGID LINK ENVELOPES; TOLERANCE/COVERS/CABLES/TRACKING ERROR OPEN,NO MOTION OR SAFETY CREDIT
P07_LEFT_CAPTURE_STEP,L_shin,R_thigh,99.713561,0.000000,NO,PASS,NOMINAL RIGID LINK ENVELOPES; TOLERANCE/COVERS/CABLES/TRACKING ERROR OPEN,NO MOTION OR SAFETY CREDIT
P07_LEFT_CAPTURE_STEP,L_shin,R_upper_arm,295.214564,0.000000,NO,PASS,NOMINAL RIGID LINK ENVELOPES; TOLERANCE/COVERS/CABLES/TRACKING ERROR OPEN,NO MOTION OR SAFETY CREDIT
P07_LEFT_CAPTURE_STEP,L_shin,base_link,185.267131,0.000000,NO,PASS,NOMINAL RIGID LINK ENVELOPES; TOLERANCE/COVERS/CABLES/TRACKING ERROR OPEN,NO MOTION OR SAFETY CREDIT
P07_LEFT_CAPTURE_STEP,L_shin,head,476.159131,0.000000,NO,PASS,NOMINAL RIGID LINK ENVELOPES; TOLERANCE/COVERS/CABLES/TRACKING ERROR OPEN,NO MOTION OR SAFETY CREDIT
P07_LEFT_CAPTURE_STEP,L_shin,neck_pan_link,430.287867,0.000000,NO,PASS,NOMINAL RIGID LINK ENVELOPES; TOLERANCE/COVERS/CABLES/TRACKING ERROR OPEN,NO MOTION OR SAFETY CREDIT
P07_LEFT_CAPTURE_STEP,L_shin,torso,278.192131,0.000000,NO,PASS,NOMINAL RIGID LINK ENVELOPES; TOLERANCE/COVERS/CABLES/TRACKING ERROR OPEN,NO MOTION OR SAFETY CREDIT
P07_LEFT_CAPTURE_STEP,L_shoulder_pitch_link,L_thigh,149.887382,0.000000,NO,PASS,NOMINAL RIGID LINK ENVELOPES; TOLERANCE/COVERS/CABLES/TRACKING ERROR OPEN,NO MOTION OR SAFETY CREDIT
P07_LEFT_CAPTURE_STEP,L_shoulder_pitch_link,R_ankle_pitch_link,476.543335,0.000000,NO,PASS,NOMINAL RIGID LINK ENVELOPES; TOLERANCE/COVERS/CABLES/TRACKING ERROR OPEN,NO MOTION OR SAFETY CREDIT
P07_LEFT_CAPTURE_STEP,L_shoulder_pitch_link,R_foot,520.877404,0.000000,NO,PASS,NOMINAL RIGID LINK ENVELOPES; TOLERANCE/COVERS/CABLES/TRACKING ERROR OPEN,NO MOTION OR SAFETY CREDIT
P07_LEFT_CAPTURE_STEP,L_shoulder_pitch_link,R_forearm,235.676478,0.000000,NO,PASS,NOMINAL RIGID LINK ENVELOPES; TOLERANCE/COVERS/CABLES/TRACKING ERROR OPEN,NO MOTION OR SAFETY CREDIT
P07_LEFT_CAPTURE_STEP,L_shoulder_pitch_link,R_gripper,361.387356,0.000000,NO,PASS,NOMINAL RIGID LINK ENVELOPES; TOLERANCE/COVERS/CABLES/TRACKING ERROR OPEN,NO MOTION OR SAFETY CREDIT
P07_LEFT_CAPTURE_STEP,L_shoulder_pitch_link,R_hand,335.935524,0.000000,NO,PASS,NOMINAL RIGID LINK ENVELOPES; TOLERANCE/COVERS/CABLES/TRACKING ERROR OPEN,NO MOTION OR SAFETY CREDIT
P07_LEFT_CAPTURE_STEP,L_shoulder_pitch_link,R_hip_roll_link,181.351165,0.000000,NO,PASS,NOMINAL RIGID LINK ENVELOPES; TOLERANCE/COVERS/CABLES/TRACKING ERROR OPEN,NO MOTION OR SAFETY CREDIT
P07_LEFT_CAPTURE_STEP,L_shoulder_pitch_link,R_hip_yaw_link,178.645860,0.000000,NO,PASS,NOMINAL RIGID LINK ENVELOPES; TOLERANCE/COVERS/CABLES/TRACKING ERROR OPEN,NO MOTION OR SAFETY CREDIT
P07_LEFT_CAPTURE_STEP,L_shoulder_pitch_link,R_shin,407.566147,0.000000,NO,PASS,NOMINAL RIGID LINK ENVELOPES; TOLERANCE/COVERS/CABLES/TRACKING ERROR OPEN,NO MOTION OR SAFETY CREDIT
P07_LEFT_CAPTURE_STEP,L_shoulder_pitch_link,R_shoulder_pitch_link,170.000000,0.000000,NO,PASS,NOMINAL RIGID LINK ENVELOPES; TOLERANCE/COVERS/CABLES/TRACKING ERROR OPEN,NO MOTION OR SAFETY CREDIT
P07_LEFT_CAPTURE_STEP,L_shoulder_pitch_link,R_thigh,187.421684,0.000000,NO,PASS,NOMINAL RIGID LINK ENVELOPES; TOLERANCE/COVERS/CABLES/TRACKING ERROR OPEN,NO MOTION OR SAFETY CREDIT
P07_LEFT_CAPTURE_STEP,L_shoulder_pitch_link,R_upper_arm,166.563000,0.000000,NO,PASS,NOMINAL RIGID LINK ENVELOPES; TOLERANCE/COVERS/CABLES/TRACKING ERROR OPEN,NO MOTION OR SAFETY CREDIT
P07_LEFT_CAPTURE_STEP,L_shoulder_pitch_link,base_link,126.801800,0.000000,NO,PASS,NOMINAL RIGID LINK ENVELOPES; TOLERANCE/COVERS/CABLES/TRACKING ERROR OPEN,NO MOTION OR SAFETY CREDIT
P07_LEFT_CAPTURE_STEP,L_shoulder_pitch_link,head,33.363739,0.000000,NO,PASS,NOMINAL RIGID LINK ENVELOPES; TOLERANCE/COVERS/CABLES/TRACKING ERROR OPEN,NO MOTION OR SAFETY CREDIT
P07_LEFT_CAPTURE_STEP,L_shoulder_pitch_link,neck_pan_link,59.716000,0.000000,NO,PASS,NOMINAL RIGID LINK ENVELOPES; TOLERANCE/COVERS/CABLES/TRACKING ERROR OPEN,NO MOTION OR SAFETY CREDIT
P07_LEFT_CAPTURE_STEP,L_thigh,L_upper_arm,39.837631,0.000000,NO,PASS,NOMINAL RIGID LINK ENVELOPES; TOLERANCE/COVERS/CABLES/TRACKING ERROR OPEN,NO MOTION OR SAFETY CREDIT
P07_LEFT_CAPTURE_STEP,L_thigh,R_ankle_pitch_link,160.956120,0.000000,NO,PASS,NOMINAL RIGID LINK ENVELOPES; TOLERANCE/COVERS/CABLES/TRACKING ERROR OPEN,NO MOTION OR SAFETY CREDIT
P07_LEFT_CAPTURE_STEP,L_thigh,R_foot,206.761765,0.000000,NO,PASS,NOMINAL RIGID LINK ENVELOPES; TOLERANCE/COVERS/CABLES/TRACKING ERROR OPEN,NO MOTION OR SAFETY CREDIT
P07_LEFT_CAPTURE_STEP,L_thigh,R_forearm,139.675297,0.000000,NO,PASS,NOMINAL RIGID LINK ENVELOPES; TOLERANCE/COVERS/CABLES/TRACKING ERROR OPEN,NO MOTION OR SAFETY CREDIT
P07_LEFT_CAPTURE_STEP,L_thigh,R_gripper,152.158297,0.000000,NO,PASS,NOMINAL RIGID LINK ENVELOPES; TOLERANCE/COVERS/CABLES/TRACKING ERROR OPEN,NO MOTION OR SAFETY CREDIT
P07_LEFT_CAPTURE_STEP,L_thigh,R_hand,143.490297,0.000000,NO,PASS,NOMINAL RIGID LINK ENVELOPES; TOLERANCE/COVERS/CABLES/TRACKING ERROR OPEN,NO MOTION OR SAFETY CREDIT
P07_LEFT_CAPTURE_STEP,L_thigh,R_hip_roll_link,54.578934,0.000000,NO,PASS,NOMINAL RIGID LINK ENVELOPES; TOLERANCE/COVERS/CABLES/TRACKING ERROR OPEN,NO MOTION OR SAFETY CREDIT
P07_LEFT_CAPTURE_STEP,L_thigh,R_hip_yaw_link,56.658297,0.000000,NO,PASS,NOMINAL RIGID LINK ENVELOPES; TOLERANCE/COVERS/CABLES/TRACKING ERROR OPEN,NO MOTION OR SAFETY CREDIT
P07_LEFT_CAPTURE_STEP,L_thigh,R_shin,91.921191,0.000000,NO,PASS,NOMINAL RIGID LINK ENVELOPES; TOLERANCE/COVERS/CABLES/TRACKING ERROR OPEN,NO MOTION OR SAFETY CREDIT
P07_LEFT_CAPTURE_STEP,L_thigh,R_shoulder_pitch_link,177.252556,0.000000,NO,PASS,NOMINAL RIGID LINK ENVELOPES; TOLERANCE/COVERS/CABLES/TRACKING ERROR OPEN,NO MOTION OR SAFETY CREDIT
P07_LEFT_CAPTURE_STEP,L_thigh,R_thigh,49.626983,0.000000,NO,PASS,NOMINAL RIGID LINK ENVELOPES; TOLERANCE/COVERS/CABLES/TRACKING ERROR OPEN,NO MOTION OR SAFETY CREDIT
P07_LEFT_CAPTURE_STEP,L_thigh,R_upper_arm,108.443165,0.000000,NO,PASS,NOMINAL RIGID LINK ENVELOPES; TOLERANCE/COVERS/CABLES/TRACKING ERROR OPEN,NO MOTION OR SAFETY CREDIT
P07_LEFT_CAPTURE_STEP,L_thigh,head,244.430265,0.000000,NO,PASS,NOMINAL RIGID LINK ENVELOPES; TOLERANCE/COVERS/CABLES/TRACKING ERROR OPEN,NO MOTION OR SAFETY CREDIT
P07_LEFT_CAPTURE_STEP,L_thigh,neck_pan_link,196.929265,0.000000,NO,PASS,NOMINAL RIGID LINK ENVELOPES; TOLERANCE/COVERS/CABLES/TRACKING ERROR OPEN,NO MOTION OR SAFETY CREDIT
P07_LEFT_CAPTURE_STEP,L_thigh,torso,46.463265,0.000000,NO,PASS,NOMINAL RIGID LINK ENVELOPES; TOLERANCE/COVERS/CABLES/TRACKING ERROR OPEN,NO MOTION OR SAFETY CREDIT
P07_LEFT_CAPTURE_STEP,L_upper_arm,R_ankle_pitch_link,353.840599,0.000000,NO,PASS,NOMINAL RIGID LINK ENVELOPES; TOLERANCE/COVERS/CABLES/TRACKING ERROR OPEN,NO MOTION OR SAFETY CREDIT
P07_LEFT_CAPTURE_STEP,L_upper_arm,R_foot,397.580674,0.000000,NO,PASS,NOMINAL RIGID LINK ENVELOPES; TOLERANCE/COVERS/CABLES/TRACKING ERROR OPEN,NO MOTION OR SAFETY CREDIT
P07_LEFT_CAPTURE_STEP,L_upper_arm,R_forearm,200.471000,0.000000,NO,PASS,NOMINAL RIGID LINK ENVELOPES; TOLERANCE/COVERS/CABLES/TRACKING ERROR OPEN,NO MOTION OR SAFETY CREDIT
P07_LEFT_CAPTURE_STEP,L_upper_arm,R_gripper,271.015358,0.000000,NO,PASS,NOMINAL RIGID LINK ENVELOPES; TOLERANCE/COVERS/CABLES/TRACKING ERROR OPEN,NO MOTION OR SAFETY CREDIT
P07_LEFT_CAPTURE_STEP,L_upper_arm,R_hand,248.972564,0.000000,NO,PASS,NOMINAL RIGID LINK ENVELOPES; TOLERANCE/COVERS/CABLES/TRACKING ERROR OPEN,NO MOTION OR SAFETY CREDIT
P07_LEFT_CAPTURE_STEP,L_upper_arm,R_hip_roll_link,116.414647,0.000000,NO,PASS,NOMINAL RIGID LINK ENVELOPES; TOLERANCE/COVERS/CABLES/TRACKING ERROR OPEN,NO MOTION OR SAFETY CREDIT
P07_LEFT_CAPTURE_STEP,L_upper_arm,R_hip_yaw_link,117.895504,0.000000,NO,PASS,NOMINAL RIGID LINK ENVELOPES; TOLERANCE/COVERS/CABLES/TRACKING ERROR OPEN,NO MOTION OR SAFETY CREDIT
P07_LEFT_CAPTURE_STEP,L_upper_arm,R_shin,285.214278,0.000000,NO,PASS,NOMINAL RIGID LINK ENVELOPES; TOLERANCE/COVERS/CABLES/TRACKING ERROR OPEN,NO MOTION OR SAFETY CREDIT
P07_LEFT_CAPTURE_STEP,L_upper_arm,R_shoulder_pitch_link,169.553000,0.000000,NO,PASS,NOMINAL RIGID LINK ENVELOPES; TOLERANCE/COVERS/CABLES/TRACKING ERROR OPEN,NO MOTION OR SAFETY CREDIT
P07_LEFT_CAPTURE_STEP,L_upper_arm,R_thigh,99.827791,0.000000,NO,PASS,NOMINAL RIGID LINK ENVELOPES; TOLERANCE/COVERS/CABLES/TRACKING ERROR OPEN,NO MOTION OR SAFETY CREDIT
P07_LEFT_CAPTURE_STEP,L_upper_arm,R_upper_arm,166.116000,0.000000,NO,PASS,NOMINAL RIGID LINK ENVELOPES; TOLERANCE/COVERS/CABLES/TRACKING ERROR OPEN,NO MOTION OR SAFETY CREDIT
P07_LEFT_CAPTURE_STEP,L_upper_arm,base_link,14.547157,0.000000,NO,PASS,NOMINAL RIGID LINK ENVELOPES; TOLERANCE/COVERS/CABLES/TRACKING ERROR OPEN,NO MOTION OR SAFETY CREDIT
P07_LEFT_CAPTURE_STEP,L_upper_arm,head,64.077617,0.000000,NO,PASS,NOMINAL RIGID LINK ENVELOPES; TOLERANCE/COVERS/CABLES/TRACKING ERROR OPEN,NO MOTION OR SAFETY CREDIT
P07_LEFT_CAPTURE_STEP,L_upper_arm,neck_pan_link,61.253401,0.000000,NO,PASS,NOMINAL RIGID LINK ENVELOPES; TOLERANCE/COVERS/CABLES/TRACKING ERROR OPEN,NO MOTION OR SAFETY CREDIT
P07_LEFT_CAPTURE_STEP,R_ankle_pitch_link,R_forearm,213.567114,0.000000,NO,PASS,NOMINAL RIGID LINK ENVELOPES; TOLERANCE/COVERS/CABLES/TRACKING ERROR OPEN,NO MOTION OR SAFETY CREDIT
P07_LEFT_CAPTURE_STEP,R_ankle_pitch_link,R_gripper,144.604954,0.000000,NO,PASS,NOMINAL RIGID LINK ENVELOPES; TOLERANCE/COVERS/CABLES/TRACKING ERROR OPEN,NO MOTION OR SAFETY CREDIT
P07_LEFT_CAPTURE_STEP,R_ankle_pitch_link,R_hand,169.690218,0.000000,NO,PASS,NOMINAL RIGID LINK ENVELOPES; TOLERANCE/COVERS/CABLES/TRACKING ERROR OPEN,NO MOTION OR SAFETY CREDIT
P07_LEFT_CAPTURE_STEP,R_ankle_pitch_link,R_hip_roll_link,285.684511,0.000000,NO,PASS,NOMINAL RIGID LINK ENVELOPES; TOLERANCE/COVERS/CABLES/TRACKING ERROR OPEN,NO MOTION OR SAFETY CREDIT
P07_LEFT_CAPTURE_STEP,R_ankle_pitch_link,R_hip_yaw_link,298.351809,0.000000,NO,PASS,NOMINAL RIGID LINK ENVELOPES; TOLERANCE/COVERS/CABLES/TRACKING ERROR OPEN,NO MOTION OR SAFETY CREDIT
P07_LEFT_CAPTURE_STEP,R_ankle_pitch_link,R_shoulder_pitch_link,464.124420,0.000000,NO,PASS,NOMINAL RIGID LINK ENVELOPES; TOLERANCE/COVERS/CABLES/TRACKING ERROR OPEN,NO MOTION OR SAFETY CREDIT
P07_LEFT_CAPTURE_STEP,R_ankle_pitch_link,R_thigh,161.964245,0.000000,NO,PASS,NOMINAL RIGID LINK ENVELOPES; TOLERANCE/COVERS/CABLES/TRACKING ERROR OPEN,NO MOTION OR SAFETY CREDIT
P07_LEFT_CAPTURE_STEP,R_ankle_pitch_link,R_upper_arm,350.131738,0.000000,NO,PASS,NOMINAL RIGID LINK ENVELOPES; TOLERANCE/COVERS/CABLES/TRACKING ERROR OPEN,NO MOTION OR SAFETY CREDIT
P07_LEFT_CAPTURE_STEP,R_ankle_pitch_link,base_link,276.217809,0.000000,NO,PASS,NOMINAL RIGID LINK ENVELOPES; TOLERANCE/COVERS/CABLES/TRACKING ERROR OPEN,NO MOTION OR SAFETY CREDIT
P07_LEFT_CAPTURE_STEP,R_ankle_pitch_link,head,567.109809,0.000000,NO,PASS,NOMINAL RIGID LINK ENVELOPES; TOLERANCE/COVERS/CABLES/TRACKING ERROR OPEN,NO MOTION OR SAFETY CREDIT
P07_LEFT_CAPTURE_STEP,R_ankle_pitch_link,neck_pan_link,519.608809,0.000000,NO,PASS,NOMINAL RIGID LINK ENVELOPES; TOLERANCE/COVERS/CABLES/TRACKING ERROR OPEN,NO MOTION OR SAFETY CREDIT
P07_LEFT_CAPTURE_STEP,R_ankle_pitch_link,torso,369.142809,0.000000,NO,PASS,NOMINAL RIGID LINK ENVELOPES; TOLERANCE/COVERS/CABLES/TRACKING ERROR OPEN,NO MOTION OR SAFETY CREDIT
P07_LEFT_CAPTURE_STEP,R_foot,R_forearm,255.399158,0.000000,NO,PASS,NOMINAL RIGID LINK ENVELOPES; TOLERANCE/COVERS/CABLES/TRACKING ERROR OPEN,NO MOTION OR SAFETY CREDIT
P07_LEFT_CAPTURE_STEP,R_foot,R_gripper,181.074990,0.000000,NO,PASS,NOMINAL RIGID LINK ENVELOPES; TOLERANCE/COVERS/CABLES/TRACKING ERROR OPEN,NO MOTION OR SAFETY CREDIT
P07_LEFT_CAPTURE_STEP,R_foot,R_hand,209.498523,0.000000,NO,PASS,NOMINAL RIGID LINK ENVELOPES; TOLERANCE/COVERS/CABLES/TRACKING ERROR OPEN,NO MOTION OR SAFETY CREDIT
P07_LEFT_CAPTURE_STEP,R_foot,R_hip_roll_link,331.490269,0.000000,NO,PASS,NOMINAL RIGID LINK ENVELOPES; TOLERANCE/COVERS/CABLES/TRACKING ERROR OPEN,NO MOTION OR SAFETY CREDIT
P07_LEFT_CAPTURE_STEP,R_foot,R_hip_yaw_link,344.157568,0.000000,NO,PASS,NOMINAL RIGID LINK ENVELOPES; TOLERANCE/COVERS/CABLES/TRACKING ERROR OPEN,NO MOTION OR SAFETY CREDIT
P07_LEFT_CAPTURE_STEP,R_foot,R_shoulder_pitch_link,509.275941,0.000000,NO,PASS,NOMINAL RIGID LINK ENVELOPES; TOLERANCE/COVERS/CABLES/TRACKING ERROR OPEN,NO MOTION OR SAFETY CREDIT
P07_LEFT_CAPTURE_STEP,R_foot,R_thigh,207.770004,0.000000,NO,PASS,NOMINAL RIGID LINK ENVELOPES; TOLERANCE/COVERS/CABLES/TRACKING ERROR OPEN,NO MOTION OR SAFETY CREDIT
P07_LEFT_CAPTURE_STEP,R_foot,R_upper_arm,395.148828,0.000000,NO,PASS,NOMINAL RIGID LINK ENVELOPES; TOLERANCE/COVERS/CABLES/TRACKING ERROR OPEN,NO MOTION OR SAFETY CREDIT
P07_LEFT_CAPTURE_STEP,R_foot,base_link,322.023568,0.000000,NO,PASS,NOMINAL RIGID LINK ENVELOPES; TOLERANCE/COVERS/CABLES/TRACKING ERROR OPEN,NO MOTION OR SAFETY CREDIT
P07_LEFT_CAPTURE_STEP,R_foot,head,612.915568,0.000000,NO,PASS,NOMINAL RIGID LINK ENVELOPES; TOLERANCE/COVERS/CABLES/TRACKING ERROR OPEN,NO MOTION OR SAFETY CREDIT
P07_LEFT_CAPTURE_STEP,R_foot,neck_pan_link,565.414568,0.000000,NO,PASS,NOMINAL RIGID LINK ENVELOPES; TOLERANCE/COVERS/CABLES/TRACKING ERROR OPEN,NO MOTION OR SAFETY CREDIT
P07_LEFT_CAPTURE_STEP,R_foot,torso,414.948568,0.000000,NO,PASS,NOMINAL RIGID LINK ENVELOPES; TOLERANCE/COVERS/CABLES/TRACKING ERROR OPEN,NO MOTION OR SAFETY CREDIT
P07_LEFT_CAPTURE_STEP,R_forearm,R_gripper,23.673000,0.000000,NO,PASS,NOMINAL RIGID LINK ENVELOPES; TOLERANCE/COVERS/CABLES/TRACKING ERROR OPEN,NO MOTION OR SAFETY CREDIT
P07_LEFT_CAPTURE_STEP,R_forearm,R_hip_roll_link,20.937637,0.000000,NO,PASS,NOMINAL RIGID LINK ENVELOPES; TOLERANCE/COVERS/CABLES/TRACKING ERROR OPEN,NO MOTION OR SAFETY CREDIT
P07_LEFT_CAPTURE_STEP,R_forearm,R_hip_yaw_link,23.017000,0.000000,NO,PASS,NOMINAL RIGID LINK ENVELOPES; TOLERANCE/COVERS/CABLES/TRACKING ERROR OPEN,NO MOTION OR SAFETY CREDIT
P07_LEFT_CAPTURE_STEP,R_forearm,R_shin,145.057564,0.000000,NO,PASS,NOMINAL RIGID LINK ENVELOPES; TOLERANCE/COVERS/CABLES/TRACKING ERROR OPEN,NO MOTION OR SAFETY CREDIT
P07_LEFT_CAPTURE_STEP,R_forearm,R_shoulder_pitch_link,113.266348,0.000000,NO,PASS,NOMINAL RIGID LINK ENVELOPES; TOLERANCE/COVERS/CABLES/TRACKING ERROR OPEN,NO MOTION OR SAFETY CREDIT
P07_LEFT_CAPTURE_STEP,R_forearm,R_thigh,16.652644,0.000000,NO,PASS,NOMINAL RIGID LINK ENVELOPES; TOLERANCE/COVERS/CABLES/TRACKING ERROR OPEN,NO MOTION OR SAFETY CREDIT
P07_LEFT_CAPTURE_STEP,R_forearm,base_link,35.213000,0.000000,NO,PASS,NOMINAL RIGID LINK ENVELOPES; TOLERANCE/COVERS/CABLES/TRACKING ERROR OPEN,NO MOTION OR SAFETY CREDIT
P07_LEFT_CAPTURE_STEP,R_forearm,head,221.124012,0.000000,NO,PASS,NOMINAL RIGID LINK ENVELOPES; TOLERANCE/COVERS/CABLES/TRACKING ERROR OPEN,NO MOTION OR SAFETY CREDIT
P07_LEFT_CAPTURE_STEP,R_forearm,neck_pan_link,191.265541,0.000000,NO,PASS,NOMINAL RIGID LINK ENVELOPES; TOLERANCE/COVERS/CABLES/TRACKING ERROR OPEN,NO MOTION OR SAFETY CREDIT
P07_LEFT_CAPTURE_STEP,R_forearm,torso,34.035132,0.000000,NO,PASS,NOMINAL RIGID LINK ENVELOPES; TOLERANCE/COVERS/CABLES/TRACKING ERROR OPEN,NO MOTION OR SAFETY CREDIT
P07_LEFT_CAPTURE_STEP,R_gripper,R_hip_roll_link,109.970838,0.000000,NO,PASS,NOMINAL RIGID LINK ENVELOPES; TOLERANCE/COVERS/CABLES/TRACKING ERROR OPEN,NO MOTION OR SAFETY CREDIT
P07_LEFT_CAPTURE_STEP,R_gripper,R_hip_yaw_link,122.685164,0.000000,NO,PASS,NOMINAL RIGID LINK ENVELOPES; TOLERANCE/COVERS/CABLES/TRACKING ERROR OPEN,NO MOTION OR SAFETY CREDIT
P07_LEFT_CAPTURE_STEP,R_gripper,R_shin,86.186179,0.000000,NO,PASS,NOMINAL RIGID LINK ENVELOPES; TOLERANCE/COVERS/CABLES/TRACKING ERROR OPEN,NO MOTION OR SAFETY CREDIT
P07_LEFT_CAPTURE_STEP,R_gripper,R_shoulder_pitch_link,281.750472,0.000000,NO,PASS,NOMINAL RIGID LINK ENVELOPES; TOLERANCE/COVERS/CABLES/TRACKING ERROR OPEN,NO MOTION OR SAFETY CREDIT
P07_LEFT_CAPTURE_STEP,R_gripper,R_thigh,45.993736,0.000000,NO,PASS,NOMINAL RIGID LINK ENVELOPES; TOLERANCE/COVERS/CABLES/TRACKING ERROR OPEN,NO MOTION OR SAFETY CREDIT
P07_LEFT_CAPTURE_STEP,R_gripper,R_upper_arm,167.601610,0.000000,NO,PASS,NOMINAL RIGID LINK ENVELOPES; TOLERANCE/COVERS/CABLES/TRACKING ERROR OPEN,NO MOTION OR SAFETY CREDIT
P07_LEFT_CAPTURE_STEP,R_gripper,base_link,106.571713,0.000000,NO,PASS,NOMINAL RIGID LINK ENVELOPES; TOLERANCE/COVERS/CABLES/TRACKING ERROR OPEN,NO MOTION OR SAFETY CREDIT
P07_LEFT_CAPTURE_STEP,R_gripper,head,389.556876,0.000000,NO,PASS,NOMINAL RIGID LINK ENVELOPES; TOLERANCE/COVERS/CABLES/TRACKING ERROR OPEN,NO MOTION OR SAFETY CREDIT
P07_LEFT_CAPTURE_STEP,R_gripper,neck_pan_link,353.058893,0.000000,NO,PASS,NOMINAL RIGID LINK ENVELOPES; TOLERANCE/COVERS/CABLES/TRACKING ERROR OPEN,NO MOTION OR SAFETY CREDIT
P07_LEFT_CAPTURE_STEP,R_gripper,torso,191.047946,0.000000,NO,PASS,NOMINAL RIGID LINK ENVELOPES; TOLERANCE/COVERS/CABLES/TRACKING ERROR OPEN,NO MOTION OR SAFETY CREDIT
P07_LEFT_CAPTURE_STEP,R_hand,R_hip_roll_link,83.223941,0.000000,NO,PASS,NOMINAL RIGID LINK ENVELOPES; TOLERANCE/COVERS/CABLES/TRACKING ERROR OPEN,NO MOTION OR SAFETY CREDIT
P07_LEFT_CAPTURE_STEP,R_hand,R_hip_yaw_link,95.952997,0.000000,NO,PASS,NOMINAL RIGID LINK ENVELOPES; TOLERANCE/COVERS/CABLES/TRACKING ERROR OPEN,NO MOTION OR SAFETY CREDIT
P07_LEFT_CAPTURE_STEP,R_hand,R_shin,104.236747,0.000000,NO,PASS,NOMINAL RIGID LINK ENVELOPES; TOLERANCE/COVERS/CABLES/TRACKING ERROR OPEN,NO MOTION OR SAFETY CREDIT
P07_LEFT_CAPTURE_STEP,R_hand,R_shoulder_pitch_link,256.418187,0.000000,NO,PASS,NOMINAL RIGID LINK ENVELOPES; TOLERANCE/COVERS/CABLES/TRACKING ERROR OPEN,NO MOTION OR SAFETY CREDIT
P07_LEFT_CAPTURE_STEP,R_hand,R_thigh,33.761726,0.000000,NO,PASS,NOMINAL RIGID LINK ENVELOPES; TOLERANCE/COVERS/CABLES/TRACKING ERROR OPEN,NO MOTION OR SAFETY CREDIT
P07_LEFT_CAPTURE_STEP,R_hand,R_upper_arm,142.289853,0.000000,NO,PASS,NOMINAL RIGID LINK ENVELOPES; TOLERANCE/COVERS/CABLES/TRACKING ERROR OPEN,NO MOTION OR SAFETY CREDIT
P07_LEFT_CAPTURE_STEP,R_hand,base_link,80.136941,0.000000,NO,PASS,NOMINAL RIGID LINK ENVELOPES; TOLERANCE/COVERS/CABLES/TRACKING ERROR OPEN,NO MOTION OR SAFETY CREDIT
P07_LEFT_CAPTURE_STEP,R_hand,head,363.365508,0.000000,NO,PASS,NOMINAL RIGID LINK ENVELOPES; TOLERANCE/COVERS/CABLES/TRACKING ERROR OPEN,NO MOTION OR SAFETY CREDIT
P07_LEFT_CAPTURE_STEP,R_hand,neck_pan_link,326.331721,0.000000,NO,PASS,NOMINAL RIGID LINK ENVELOPES; TOLERANCE/COVERS/CABLES/TRACKING ERROR OPEN,NO MOTION OR SAFETY CREDIT
P07_LEFT_CAPTURE_STEP,R_hand,torso,164.679722,0.000000,NO,PASS,NOMINAL RIGID LINK ENVELOPES; TOLERANCE/COVERS/CABLES/TRACKING ERROR OPEN,NO MOTION OR SAFETY CREDIT
P07_LEFT_CAPTURE_STEP,R_hip_roll_link,R_shin,216.649695,0.000000,NO,PASS,NOMINAL RIGID LINK ENVELOPES; TOLERANCE/COVERS/CABLES/TRACKING ERROR OPEN,NO MOTION OR SAFETY CREDIT
P07_LEFT_CAPTURE_STEP,R_hip_roll_link,R_shoulder_pitch_link,129.625857,0.000000,NO,PASS,NOMINAL RIGID LINK ENVELOPES; TOLERANCE/COVERS/CABLES/TRACKING ERROR OPEN,NO MOTION OR SAFETY CREDIT
P07_LEFT_CAPTURE_STEP,R_hip_roll_link,R_upper_arm,22.204540,0.000000,NO,PASS,NOMINAL RIGID LINK ENVELOPES; TOLERANCE/COVERS/CABLES/TRACKING ERROR OPEN,NO MOTION OR SAFETY CREDIT
P07_LEFT_CAPTURE_STEP,R_hip_roll_link,head,234.090701,0.000000,NO,PASS,NOMINAL RIGID LINK ENVELOPES; TOLERANCE/COVERS/CABLES/TRACKING ERROR OPEN,NO MOTION OR SAFETY CREDIT
P07_LEFT_CAPTURE_STEP,R_hip_roll_link,neck_pan_link,186.601582,0.000000,NO,PASS,NOMINAL RIGID LINK ENVELOPES; TOLERANCE/COVERS/CABLES/TRACKING ERROR OPEN,NO MOTION OR SAFETY CREDIT
P07_LEFT_CAPTURE_STEP,R_hip_roll_link,torso,36.123701,0.000000,NO,PASS,NOMINAL RIGID LINK ENVELOPES; TOLERANCE/COVERS/CABLES/TRACKING ERROR OPEN,NO MOTION OR SAFETY CREDIT
P07_LEFT_CAPTURE_STEP,R_hip_yaw_link,R_shin,229.316993,0.000000,NO,PASS,NOMINAL RIGID LINK ENVELOPES; TOLERANCE/COVERS/CABLES/TRACKING ERROR OPEN,NO MOTION OR SAFETY CREDIT
P07_LEFT_CAPTURE_STEP,R_hip_yaw_link,R_shoulder_pitch_link,124.293155,0.000000,NO,PASS,NOMINAL RIGID LINK ENVELOPES; TOLERANCE/COVERS/CABLES/TRACKING ERROR OPEN,NO MOTION OR SAFETY CREDIT
P07_LEFT_CAPTURE_STEP,R_hip_yaw_link,R_upper_arm,10.164821,0.000000,NO,PASS,NOMINAL RIGID LINK ENVELOPES; TOLERANCE/COVERS/CABLES/TRACKING ERROR OPEN,NO MOTION OR SAFETY CREDIT
P07_LEFT_CAPTURE_STEP,R_hip_yaw_link,head,228.758000,0.000000,NO,PASS,NOMINAL RIGID LINK ENVELOPES; TOLERANCE/COVERS/CABLES/TRACKING ERROR OPEN,NO MOTION OR SAFETY CREDIT
P07_LEFT_CAPTURE_STEP,R_hip_yaw_link,neck_pan_link,181.305307,0.000000,NO,PASS,NOMINAL RIGID LINK ENVELOPES; TOLERANCE/COVERS/CABLES/TRACKING ERROR OPEN,NO MOTION OR SAFETY CREDIT
P07_LEFT_CAPTURE_STEP,R_hip_yaw_link,torso,30.791000,0.000000,NO,PASS,NOMINAL RIGID LINK ENVELOPES; TOLERANCE/COVERS/CABLES/TRACKING ERROR OPEN,NO MOTION OR SAFETY CREDIT
P07_LEFT_CAPTURE_STEP,R_shin,R_shoulder_pitch_link,394.466218,0.000000,NO,PASS,NOMINAL RIGID LINK ENVELOPES; TOLERANCE/COVERS/CABLES/TRACKING ERROR OPEN,NO MOTION OR SAFETY CREDIT
P07_LEFT_CAPTURE_STEP,R_shin,R_upper_arm,280.389015,0.000000,NO,PASS,NOMINAL RIGID LINK ENVELOPES; TOLERANCE/COVERS/CABLES/TRACKING ERROR OPEN,NO MOTION OR SAFETY CREDIT
P07_LEFT_CAPTURE_STEP,R_shin,base_link,207.182993,0.000000,NO,PASS,NOMINAL RIGID LINK ENVELOPES; TOLERANCE/COVERS/CABLES/TRACKING ERROR OPEN,NO MOTION OR SAFETY CREDIT
P07_LEFT_CAPTURE_STEP,R_shin,head,498.074993,0.000000,NO,PASS,NOMINAL RIGID LINK ENVELOPES; TOLERANCE/COVERS/CABLES/TRACKING ERROR OPEN,NO MOTION OR SAFETY CREDIT
P07_LEFT_CAPTURE_STEP,R_shin,neck_pan_link,450.573993,0.000000,NO,PASS,NOMINAL RIGID LINK ENVELOPES; TOLERANCE/COVERS/CABLES/TRACKING ERROR OPEN,NO MOTION OR SAFETY CREDIT
P07_LEFT_CAPTURE_STEP,R_shin,torso,300.107993,0.000000,NO,PASS,NOMINAL RIGID LINK ENVELOPES; TOLERANCE/COVERS/CABLES/TRACKING ERROR OPEN,NO MOTION OR SAFETY CREDIT
P07_LEFT_CAPTURE_STEP,R_shoulder_pitch_link,R_thigh,153.196156,0.000000,NO,PASS,NOMINAL RIGID LINK ENVELOPES; TOLERANCE/COVERS/CABLES/TRACKING ERROR OPEN,NO MOTION OR SAFETY CREDIT
P07_LEFT_CAPTURE_STEP,R_shoulder_pitch_link,base_link,116.506350,0.000000,NO,PASS,NOMINAL RIGID LINK ENVELOPES; TOLERANCE/COVERS/CABLES/TRACKING ERROR OPEN,NO MOTION OR SAFETY CREDIT
P07_LEFT_CAPTURE_STEP,R_shoulder_pitch_link,head,37.950946,0.000000,NO,PASS,NOMINAL RIGID LINK ENVELOPES; TOLERANCE/COVERS/CABLES/TRACKING ERROR OPEN,NO MOTION OR SAFETY CREDIT
P07_LEFT_CAPTURE_STEP,R_shoulder_pitch_link,neck_pan_link,56.284000,0.000000,NO,PASS,NOMINAL RIGID LINK ENVELOPES; TOLERANCE/COVERS/CABLES/TRACKING ERROR OPEN,NO MOTION OR SAFETY CREDIT
P07_LEFT_CAPTURE_STEP,R_thigh,R_upper_arm,46.462540,0.000000,NO,PASS,NOMINAL RIGID LINK ENVELOPES; TOLERANCE/COVERS/CABLES/TRACKING ERROR OPEN,NO MOTION OR SAFETY CREDIT
P07_LEFT_CAPTURE_STEP,R_thigh,head,257.661000,0.000000,NO,PASS,NOMINAL RIGID LINK ENVELOPES; TOLERANCE/COVERS/CABLES/TRACKING ERROR OPEN,NO MOTION OR SAFETY CREDIT
P07_LEFT_CAPTURE_STEP,R_thigh,neck_pan_link,210.160000,0.000000,NO,PASS,NOMINAL RIGID LINK ENVELOPES; TOLERANCE/COVERS/CABLES/TRACKING ERROR OPEN,NO MOTION OR SAFETY CREDIT
P07_LEFT_CAPTURE_STEP,R_thigh,torso,59.694000,0.000000,NO,PASS,NOMINAL RIGID LINK ENVELOPES; TOLERANCE/COVERS/CABLES/TRACKING ERROR OPEN,NO MOTION OR SAFETY CREDIT
P07_LEFT_CAPTURE_STEP,R_upper_arm,base_link,7.312231,0.000000,NO,PASS,NOMINAL RIGID LINK ENVELOPES; TOLERANCE/COVERS/CABLES/TRACKING ERROR OPEN,NO MOTION OR SAFETY CREDIT
P07_LEFT_CAPTURE_STEP,R_upper_arm,head,63.136641,0.000000,NO,PASS,NOMINAL RIGID LINK ENVELOPES; TOLERANCE/COVERS/CABLES/TRACKING ERROR OPEN,NO MOTION OR SAFETY CREDIT
P07_LEFT_CAPTURE_STEP,R_upper_arm,neck_pan_link,55.071395,0.000000,NO,PASS,NOMINAL RIGID LINK ENVELOPES; TOLERANCE/COVERS/CABLES/TRACKING ERROR OPEN,NO MOTION OR SAFETY CREDIT
P07_LEFT_CAPTURE_STEP,base_link,head,220.892000,0.000000,NO,PASS,NOMINAL RIGID LINK ENVELOPES; TOLERANCE/COVERS/CABLES/TRACKING ERROR OPEN,NO MOTION OR SAFETY CREDIT
P07_LEFT_CAPTURE_STEP,base_link,neck_pan_link,173.391000,0.000000,NO,PASS,NOMINAL RIGID LINK ENVELOPES; TOLERANCE/COVERS/CABLES/TRACKING ERROR OPEN,NO MOTION OR SAFETY CREDIT
P07_LEFT_CAPTURE_STEP,head,torso,42.967000,0.000000,NO,PASS,NOMINAL RIGID LINK ENVELOPES; TOLERANCE/COVERS/CABLES/TRACKING ERROR OPEN,NO MOTION OR SAFETY CREDIT
