sequence_id,sample_index,time_s,segment_index,from_pose,to_pose,support_mode,root_x_m,root_y_m,root_z_m,mass_kg,com_x_mm,com_y_mm,com_z_mm,support_margin_mm,swing_foot_clearance_mm,swing_foot_forward_mm,execution_state,warning
WS-R01,0,0.000,0,P00_NEUTRAL_STAND,P01_CROUCHED_STAND,DOUBLE,0.000000000,0.000000000,0.390000000,9.901056000,-0.590654,2.718030,348.428523,44.781970,-0.000000,-0.000000,SIMULATOR-ONLY REFERENCE - NOT A HARDWARE COMMAND,"PRELIMINARY - SIMULATOR-ONLY KINEMATIC SEQUENCE - NOT APPROVED FOR CONNECTION, POWERED TESTING, MOTION, WALKING, OR ENERGIZATION"
WS-R01,1,0.020,0,P00_NEUTRAL_STAND,P01_CROUCHED_STAND,DOUBLE,0.000000000,0.000000000,0.390000000,9.901056000,-0.590654,2.717959,348.428522,44.782025,0.000000,0.000016,SIMULATOR-ONLY REFERENCE - NOT A HARDWARE COMMAND,"PRELIMINARY - SIMULATOR-ONLY KINEMATIC SEQUENCE - NOT APPROVED FOR CONNECTION, POWERED TESTING, MOTION, WALKING, OR ENERGIZATION"
WS-R01,2,0.040,0,P00_NEUTRAL_STAND,P01_CROUCHED_STAND,DOUBLE,0.000000000,0.000000000,0.390000000,9.901056000,-0.590654,2.717472,348.428518,44.782400,0.000000,0.000127,SIMULATOR-ONLY REFERENCE - NOT A HARDWARE COMMAND,"PRELIMINARY - SIMULATOR-ONLY KINEMATIC SEQUENCE - NOT APPROVED FOR CONNECTION, POWERED TESTING, MOTION, WALKING, OR ENERGIZATION"
WS-R01,3,0.060,0,P00_NEUTRAL_STAND,P01_CROUCHED_STAND,DOUBLE,0.000000000,0.000000000,0.389999999,9.901056000,-0.590654,2.716186,348.428507,44.783394,0.000000,0.000420,SIMULATOR-ONLY REFERENCE - NOT A HARDWARE COMMAND,"PRELIMINARY - SIMULATOR-ONLY KINEMATIC SEQUENCE - NOT APPROVED FOR CONNECTION, POWERED TESTING, MOTION, WALKING, OR ENERGIZATION"
WS-R01,4,0.080,0,P00_NEUTRAL_STAND,P01_CROUCHED_STAND,DOUBLE,0.000000000,0.000000000,0.389999994,9.901056000,-0.590654,2.713747,348.428484,44.785277,0.000000,0.000976,SIMULATOR-ONLY REFERENCE - NOT A HARDWARE COMMAND,"PRELIMINARY - SIMULATOR-ONLY KINEMATIC SEQUENCE - NOT APPROVED FOR CONNECTION, POWERED TESTING, MOTION, WALKING, OR ENERGIZATION"
WS-R01,5,0.100,0,P00_NEUTRAL_STAND,P01_CROUCHED_STAND,DOUBLE,0.000000000,0.000000000,0.389999978,9.901056000,-0.590654,2.709837,348.428441,44.788296,0.000000,0.001867,SIMULATOR-ONLY REFERENCE - NOT A HARDWARE COMMAND,"PRELIMINARY - SIMULATOR-ONLY KINEMATIC SEQUENCE - NOT APPROVED FOR CONNECTION, POWERED TESTING, MOTION, WALKING, OR ENERGIZATION"
WS-R01,6,0.120,0,P00_NEUTRAL_STAND,P01_CROUCHED_STAND,DOUBLE,0.000000000,0.000000000,0.389999937,9.901056000,-0.590654,2.704168,348.428365,44.792673,-0.000000,0.003159,SIMULATOR-ONLY REFERENCE - NOT A HARDWARE COMMAND,"PRELIMINARY - SIMULATOR-ONLY KINEMATIC SEQUENCE - NOT APPROVED FOR CONNECTION, POWERED TESTING, MOTION, WALKING, OR ENERGIZATION"
WS-R01,7,0.140,0,P00_NEUTRAL_STAND,P01_CROUCHED_STAND,DOUBLE,0.000000000,0.000000000,0.389999848,9.901056000,-0.590654,2.696481,348.428235,44.798608,0.000000,0.004911,SIMULATOR-ONLY REFERENCE - NOT A HARDWARE COMMAND,"PRELIMINARY - SIMULATOR-ONLY KINEMATIC SEQUENCE - NOT APPROVED FOR CONNECTION, POWERED TESTING, MOTION, WALKING, OR ENERGIZATION"
WS-R01,8,0.160,0,P00_NEUTRAL_STAND,P01_CROUCHED_STAND,DOUBLE,0.000000000,0.000000000,0.389999676,9.901056000,-0.590654,2.686547,348.428023,44.806278,-0.000000,0.007175,SIMULATOR-ONLY REFERENCE - NOT A HARDWARE COMMAND,"PRELIMINARY - SIMULATOR-ONLY KINEMATIC SEQUENCE - NOT APPROVED FOR CONNECTION, POWERED TESTING, MOTION, WALKING, OR ENERGIZATION"
WS-R01,9,0.180,0,P00_NEUTRAL_STAND,P01_CROUCHED_STAND,DOUBLE,0.000000000,0.000000000,0.389999370,9.901056000,-0.590654,2.674167,348.427689,44.815837,-0.000000,0.009996,SIMULATOR-ONLY REFERENCE - NOT A HARDWARE COMMAND,"PRELIMINARY - SIMULATOR-ONLY KINEMATIC SEQUENCE - NOT APPROVED FOR CONNECTION, POWERED TESTING, MOTION, WALKING, OR ENERGIZATION"
WS-R01,10,0.200,0,P00_NEUTRAL_STAND,P01_CROUCHED_STAND,DOUBLE,0.000000000,0.000000000,0.389998866,9.901056000,-0.590654,2.659166,348.427180,44.827419,-0.000000,0.013415,SIMULATOR-ONLY REFERENCE - NOT A HARDWARE COMMAND,"PRELIMINARY - SIMULATOR-ONLY KINEMATIC SEQUENCE - NOT APPROVED FOR CONNECTION, POWERED TESTING, MOTION, WALKING, OR ENERGIZATION"
WS-R01,11,0.220,0,P00_NEUTRAL_STAND,P01_CROUCHED_STAND,DOUBLE,0.000000000,0.000000000,0.389998078,9.901056000,-0.590654,2.641398,348.426430,44.841138,-0.000000,0.017464,SIMULATOR-ONLY REFERENCE - NOT A HARDWARE COMMAND,"PRELIMINARY - SIMULATOR-ONLY KINEMATIC SEQUENCE - NOT APPROVED FOR CONNECTION, POWERED TESTING, MOTION, WALKING, OR ENERGIZATION"
WS-R01,12,0.240,0,P00_NEUTRAL_STAND,P01_CROUCHED_STAND,DOUBLE,0.000000000,0.000000000,0.389996903,9.901056000,-0.590654,2.620742,348.425356,44.857086,-0.000000,0.022172,SIMULATOR-ONLY REFERENCE - NOT A HARDWARE COMMAND,"PRELIMINARY - SIMULATOR-ONLY KINEMATIC SEQUENCE - NOT APPROVED FOR CONNECTION, POWERED TESTING, MOTION, WALKING, OR ENERGIZATION"
WS-R01,13,0.260,0,P00_NEUTRAL_STAND,P01_CROUCHED_STAND,DOUBLE,0.000000000,0.000000000,0.389995215,9.901056000,-0.590654,2.597101,348.423861,44.875339,0.000000,0.027559,SIMULATOR-ONLY REFERENCE - NOT A HARDWARE COMMAND,"PRELIMINARY - SIMULATOR-ONLY KINEMATIC SEQUENCE - NOT APPROVED FOR CONNECTION, POWERED TESTING, MOTION, WALKING, OR ENERGIZATION"
WS-R01,14,0.280,0,P00_NEUTRAL_STAND,P01_CROUCHED_STAND,DOUBLE,0.000000000,0.000000000,0.389992869,9.901056000,-0.590654,2.570404,348.421832,44.895953,0.000000,0.033643,SIMULATOR-ONLY REFERENCE - NOT A HARDWARE COMMAND,"PRELIMINARY - SIMULATOR-ONLY KINEMATIC SEQUENCE - NOT APPROVED FOR CONNECTION, POWERED TESTING, MOTION, WALKING, OR ENERGIZATION"
WS-R01,15,0.300,0,P00_NEUTRAL_STAND,P01_CROUCHED_STAND,DOUBLE,0.000000000,0.000000000,0.389989699,9.901056000,-0.590654,2.540599,348.419140,44.918965,0.000000,0.040435,SIMULATOR-ONLY REFERENCE - NOT A HARDWARE COMMAND,"PRELIMINARY - SIMULATOR-ONLY KINEMATIC SEQUENCE - NOT APPROVED FOR CONNECTION, POWERED TESTING, MOTION, WALKING, OR ENERGIZATION"
WS-R01,16,0.320,0,P00_NEUTRAL_STAND,P01_CROUCHED_STAND,DOUBLE,0.000000000,0.000000000,0.389985520,9.901056000,-0.590654,2.507659,348.415641,44.944399,0.000000,0.047942,SIMULATOR-ONLY REFERENCE - NOT A HARDWARE COMMAND,"PRELIMINARY - SIMULATOR-ONLY KINEMATIC SEQUENCE - NOT APPROVED FOR CONNECTION, POWERED TESTING, MOTION, WALKING, OR ENERGIZATION"
WS-R01,17,0.340,0,P00_NEUTRAL_STAND,P01_CROUCHED_STAND,DOUBLE,0.000000000,0.000000000,0.389980126,9.901056000,-0.590654,2.471577,348.411175,44.972258,0.000000,0.056164,SIMULATOR-ONLY REFERENCE - NOT A HARDWARE COMMAND,"PRELIMINARY - SIMULATOR-ONLY KINEMATIC SEQUENCE - NOT APPROVED FOR CONNECTION, POWERED TESTING, MOTION, WALKING, OR ENERGIZATION"
WS-R01,18,0.360,0,P00_NEUTRAL_STAND,P01_CROUCHED_STAND,DOUBLE,0.000000000,0.000000000,0.389973300,9.901056000,-0.590654,2.432366,348.405574,45.002534,0.000000,0.065100,SIMULATOR-ONLY REFERENCE - NOT A HARDWARE COMMAND,"PRELIMINARY - SIMULATOR-ONLY KINEMATIC SEQUENCE - NOT APPROVED FOR CONNECTION, POWERED TESTING, MOTION, WALKING, OR ENERGIZATION"
WS-R01,19,0.380,0,P00_NEUTRAL_STAND,P01_CROUCHED_STAND,DOUBLE,0.000000000,0.000000000,0.389964805,9.901056000,-0.590654,2.390057,348.398656,45.035202,0.000000,0.074741,SIMULATOR-ONLY REFERENCE - NOT A HARDWARE COMMAND,"PRELIMINARY - SIMULATOR-ONLY KINEMATIC SEQUENCE - NOT APPROVED FOR CONNECTION, POWERED TESTING, MOTION, WALKING, OR ENERGIZATION"
WS-R01,20,0.400,0,P00_NEUTRAL_STAND,P01_CROUCHED_STAND,DOUBLE,0.000000000,0.000000000,0.389954397,9.901056000,-0.590654,2.344701,348.390230,45.070223,0.000000,0.085076,SIMULATOR-ONLY REFERENCE - NOT A HARDWARE COMMAND,"PRELIMINARY - SIMULATOR-ONLY KINEMATIC SEQUENCE - NOT APPROVED FOR CONNECTION, POWERED TESTING, MOTION, WALKING, OR ENERGIZATION"
WS-R01,21,0.420,0,P00_NEUTRAL_STAND,P01_CROUCHED_STAND,DOUBLE,0.000000000,0.000000000,0.389941824,9.901056000,-0.590654,2.296365,348.380103,45.107544,0.000000,0.096090,SIMULATOR-ONLY REFERENCE - NOT A HARDWARE COMMAND,"PRELIMINARY - SIMULATOR-ONLY KINEMATIC SEQUENCE - NOT APPROVED FOR CONNECTION, POWERED TESTING, MOTION, WALKING, OR ENERGIZATION"
WS-R01,22,0.440,0,P00_NEUTRAL_STAND,P01_CROUCHED_STAND,DOUBLE,0.000000000,0.000000000,0.389926829,9.901056000,-0.590654,2.245134,348.368074,45.147102,-0.000000,0.107764,SIMULATOR-ONLY REFERENCE - NOT A HARDWARE COMMAND,"PRELIMINARY - SIMULATOR-ONLY KINEMATIC SEQUENCE - NOT APPROVED FOR CONNECTION, POWERED TESTING, MOTION, WALKING, OR ENERGIZATION"
WS-R01,23,0.460,0,P00_NEUTRAL_STAND,P01_CROUCHED_STAND,DOUBLE,0.000000000,0.000000000,0.389909154,9.901056000,-0.590654,2.191106,348.353946,45.188819,0.000000,0.120075,SIMULATOR-ONLY REFERENCE - NOT A HARDWARE COMMAND,"PRELIMINARY - SIMULATOR-ONLY KINEMATIC SEQUENCE - NOT APPROVED FOR CONNECTION, POWERED TESTING, MOTION, WALKING, OR ENERGIZATION"
WS-R01,24,0.480,0,P00_NEUTRAL_STAND,P01_CROUCHED_STAND,DOUBLE,0.000000000,0.000000000,0.389888545,9.901056000,-0.590654,2.134396,348.337523,45.232608,0.000000,0.132997,SIMULATOR-ONLY REFERENCE - NOT A HARDWARE COMMAND,"PRELIMINARY - SIMULATOR-ONLY KINEMATIC SEQUENCE - NOT APPROVED FOR CONNECTION, POWERED TESTING, MOTION, WALKING, OR ENERGIZATION"
WS-R01,25,0.500,0,P00_NEUTRAL_STAND,P01_CROUCHED_STAND,DOUBLE,0.000000000,0.000000000,0.389864758,9.901056000,-0.590654,2.075130,348.318615,45.278370,0.000000,0.146500,SIMULATOR-ONLY REFERENCE - NOT A HARDWARE COMMAND,"PRELIMINARY - SIMULATOR-ONLY KINEMATIC SEQUENCE - NOT APPROVED FOR CONNECTION, POWERED TESTING, MOTION, WALKING, OR ENERGIZATION"
WS-R01,26,0.520,0,P00_NEUTRAL_STAND,P01_CROUCHED_STAND,DOUBLE,0.000000000,0.000000000,0.389837559,9.901056000,-0.590654,2.013448,348.297044,45.325997,-0.000000,0.160554,SIMULATOR-ONLY REFERENCE - NOT A HARDWARE COMMAND,"PRELIMINARY - SIMULATOR-ONLY KINEMATIC SEQUENCE - NOT APPROVED FOR CONNECTION, POWERED TESTING, MOTION, WALKING, OR ENERGIZATION"
WS-R01,27,0.540,0,P00_NEUTRAL_STAND,P01_CROUCHED_STAND,DOUBLE,0.000000000,0.000000000,0.389806731,9.901056000,-0.590654,1.949503,348.272641,45.375373,0.000000,0.175124,SIMULATOR-ONLY REFERENCE - NOT A HARDWARE COMMAND,"PRELIMINARY - SIMULATOR-ONLY KINEMATIC SEQUENCE - NOT APPROVED FOR CONNECTION, POWERED TESTING, MOTION, WALKING, OR ENERGIZATION"
WS-R01,28,0.560,0,P00_NEUTRAL_STAND,P01_CROUCHED_STAND,DOUBLE,0.000000000,0.000000000,0.389772078,9.901056000,-0.590654,1.883457,348.245256,45.426372,0.000000,0.190171,SIMULATOR-ONLY REFERENCE - NOT A HARDWARE COMMAND,"PRELIMINARY - SIMULATOR-ONLY KINEMATIC SEQUENCE - NOT APPROVED FOR CONNECTION, POWERED TESTING, MOTION, WALKING, OR ENERGIZATION"
WS-R01,29,0.580,0,P00_NEUTRAL_STAND,P01_CROUCHED_STAND,DOUBLE,0.000000000,0.000000000,0.389733428,9.901056000,-0.590654,1.815482,348.214758,45.478860,0.000000,0.205658,SIMULATOR-ONLY REFERENCE - NOT A HARDWARE COMMAND,"PRELIMINARY - SIMULATOR-ONLY KINEMATIC SEQUENCE - NOT APPROVED FOR CONNECTION, POWERED TESTING, MOTION, WALKING, OR ENERGIZATION"
WS-R01,30,0.600,0,P00_NEUTRAL_STAND,P01_CROUCHED_STAND,DOUBLE,0.000000000,0.000000000,0.389690638,9.901056000,-0.590654,1.745759,348.181036,45.532698,0.000000,0.221542,SIMULATOR-ONLY REFERENCE - NOT A HARDWARE COMMAND,"PRELIMINARY - SIMULATOR-ONLY KINEMATIC SEQUENCE - NOT APPROVED FOR CONNECTION, POWERED TESTING, MOTION, WALKING, OR ENERGIZATION"
WS-R01,31,0.620,0,P00_NEUTRAL_STAND,P01_CROUCHED_STAND,DOUBLE,0.000000000,0.000000000,0.389643596,9.901056000,-0.590654,1.674478,348.144006,45.587740,0.000000,0.237782,SIMULATOR-ONLY REFERENCE - NOT A HARDWARE COMMAND,"PRELIMINARY - SIMULATOR-ONLY KINEMATIC SEQUENCE - NOT APPROVED FOR CONNECTION, POWERED TESTING, MOTION, WALKING, OR ENERGIZATION"
WS-R01,32,0.640,0,P00_NEUTRAL_STAND,P01_CROUCHED_STAND,DOUBLE,0.000000000,0.000000000,0.389592226,9.901056000,-0.590654,1.601834,348.103610,45.643835,0.000000,0.254331,SIMULATOR-ONLY REFERENCE - NOT A HARDWARE COMMAND,"PRELIMINARY - SIMULATOR-ONLY KINEMATIC SEQUENCE - NOT APPROVED FOR CONNECTION, POWERED TESTING, MOTION, WALKING, OR ENERGIZATION"
WS-R01,33,0.660,0,P00_NEUTRAL_STAND,P01_CROUCHED_STAND,DOUBLE,0.000000000,0.000000000,0.389536490,9.901056000,-0.590654,1.528030,348.059820,45.700826,-0.000000,0.271144,SIMULATOR-ONLY REFERENCE - NOT A HARDWARE COMMAND,"PRELIMINARY - SIMULATOR-ONLY KINEMATIC SEQUENCE - NOT APPROVED FOR CONNECTION, POWERED TESTING, MOTION, WALKING, OR ENERGIZATION"
WS-R01,34,0.680,0,P00_NEUTRAL_STAND,P01_CROUCHED_STAND,DOUBLE,0.000000000,0.000000000,0.389476388,9.901056000,-0.590654,1.453273,348.012638,45.758553,0.000000,0.288173,SIMULATOR-ONLY REFERENCE - NOT A HARDWARE COMMAND,"PRELIMINARY - SIMULATOR-ONLY KINEMATIC SEQUENCE - NOT APPROVED FOR CONNECTION, POWERED TESTING, MOTION, WALKING, OR ENERGIZATION"
WS-R01,35,0.700,0,P00_NEUTRAL_STAND,P01_CROUCHED_STAND,DOUBLE,0.000000000,0.000000000,0.389411965,9.901056000,-0.590654,1.377774,347.962099,45.816854,0.000000,0.305372,SIMULATOR-ONLY REFERENCE - NOT A HARDWARE COMMAND,"PRELIMINARY - SIMULATOR-ONLY KINEMATIC SEQUENCE - NOT APPROVED FOR CONNECTION, POWERED TESTING, MOTION, WALKING, OR ENERGIZATION"
WS-R01,36,0.720,0,P00_NEUTRAL_STAND,P01_CROUCHED_STAND,DOUBLE,0.000000000,0.000000000,0.389343306,9.901056000,-0.590654,1.301748,347.908273,45.875563,0.000000,0.322689,SIMULATOR-ONLY REFERENCE - NOT A HARDWARE COMMAND,"PRELIMINARY - SIMULATOR-ONLY KINEMATIC SEQUENCE - NOT APPROVED FOR CONNECTION, POWERED TESTING, MOTION, WALKING, OR ENERGIZATION"
WS-R01,37,0.740,0,P00_NEUTRAL_STAND,P01_CROUCHED_STAND,DOUBLE,0.000000000,0.000000000,0.389270543,9.901056000,-0.590654,1.225411,347.851263,45.934511,0.000000,0.340077,SIMULATOR-ONLY REFERENCE - NOT A HARDWARE COMMAND,"PRELIMINARY - SIMULATOR-ONLY KINEMATIC SEQUENCE - NOT APPROVED FOR CONNECTION, POWERED TESTING, MOTION, WALKING, OR ENERGIZATION"
WS-R01,38,0.760,0,P00_NEUTRAL_STAND,P01_CROUCHED_STAND,DOUBLE,0.000000000,0.000000000,0.389193851,9.901056000,-0.590654,1.148982,347.791206,45.993532,0.000000,0.357486,SIMULATOR-ONLY REFERENCE - NOT A HARDWARE COMMAND,"PRELIMINARY - SIMULATOR-ONLY KINEMATIC SEQUENCE - NOT APPROVED FOR CONNECTION, POWERED TESTING, MOTION, WALKING, OR ENERGIZATION"
WS-R01,39,0.780,0,P00_NEUTRAL_STAND,P01_CROUCHED_STAND,DOUBLE,0.000000000,0.000000000,0.389113449,9.901056000,-0.590654,1.072678,347.728274,46.052456,-0.000000,0.374866,SIMULATOR-ONLY REFERENCE - NOT A HARDWARE COMMAND,"PRELIMINARY - SIMULATOR-ONLY KINEMATIC SEQUENCE - NOT APPROVED FOR CONNECTION, POWERED TESTING, MOTION, WALKING, OR ENERGIZATION"
WS-R01,40,0.800,0,P00_NEUTRAL_STAND,P01_CROUCHED_STAND,DOUBLE,0.000000000,0.000000000,0.389029598,9.901056000,-0.590654,0.996718,347.662671,46.111116,0.000000,0.392167,SIMULATOR-ONLY REFERENCE - NOT A HARDWARE COMMAND,"PRELIMINARY - SIMULATOR-ONLY KINEMATIC SEQUENCE - NOT APPROVED FOR CONNECTION, POWERED TESTING, MOTION, WALKING, OR ENERGIZATION"
WS-R01,41,0.820,0,P00_NEUTRAL_STAND,P01_CROUCHED_STAND,DOUBLE,0.000000000,0.000000000,0.388942603,9.901056000,-0.590654,0.921316,347.594635,46.169344,-0.000000,0.409340,SIMULATOR-ONLY REFERENCE - NOT A HARDWARE COMMAND,"PRELIMINARY - SIMULATOR-ONLY KINEMATIC SEQUENCE - NOT APPROVED FOR CONNECTION, POWERED TESTING, MOTION, WALKING, OR ENERGIZATION"
WS-R01,42,0.840,0,P00_NEUTRAL_STAND,P01_CROUCHED_STAND,DOUBLE,0.000000000,0.000000000,0.388852805,9.901056000,-0.590654,0.846687,347.524432,46.226976,0.000000,0.426337,SIMULATOR-ONLY REFERENCE - NOT A HARDWARE COMMAND,"PRELIMINARY - SIMULATOR-ONLY KINEMATIC SEQUENCE - NOT APPROVED FOR CONNECTION, POWERED TESTING, MOTION, WALKING, OR ENERGIZATION"
WS-R01,43,0.860,0,P00_NEUTRAL_STAND,P01_CROUCHED_STAND,DOUBLE,0.000000000,0.000000000,0.388760584,9.901056000,-0.590654,0.773041,347.452358,46.283850,0.000000,0.443109,SIMULATOR-ONLY REFERENCE - NOT A HARDWARE COMMAND,"PRELIMINARY - SIMULATOR-ONLY KINEMATIC SEQUENCE - NOT APPROVED FOR CONNECTION, POWERED TESTING, MOTION, WALKING, OR ENERGIZATION"
WS-R01,44,0.880,0,P00_NEUTRAL_STAND,P01_CROUCHED_STAND,DOUBLE,0.000000000,0.000000000,0.388666352,9.901056000,-0.590654,0.700583,347.378735,46.339807,0.000000,0.459611,SIMULATOR-ONLY REFERENCE - NOT A HARDWARE COMMAND,"PRELIMINARY - SIMULATOR-ONLY KINEMATIC SEQUENCE - NOT APPROVED FOR CONNECTION, POWERED TESTING, MOTION, WALKING, OR ENERGIZATION"
WS-R01,45,0.900,0,P00_NEUTRAL_STAND,P01_CROUCHED_STAND,DOUBLE,0.000000000,0.000000000,0.388570553,9.901056000,-0.590654,0.629512,347.303907,46.394692,0.000000,0.475796,SIMULATOR-ONLY REFERENCE - NOT A HARDWARE COMMAND,"PRELIMINARY - SIMULATOR-ONLY KINEMATIC SEQUENCE - NOT APPROVED FOR CONNECTION, POWERED TESTING, MOTION, WALKING, OR ENERGIZATION"
WS-R01,46,0.920,0,P00_NEUTRAL_STAND,P01_CROUCHED_STAND,DOUBLE,0.000000000,0.000000000,0.388473652,9.901056000,-0.590654,0.560023,347.228239,46.448357,0.000000,0.491620,SIMULATOR-ONLY REFERENCE - NOT A HARDWARE COMMAND,"PRELIMINARY - SIMULATOR-ONLY KINEMATIC SEQUENCE - NOT APPROVED FOR CONNECTION, POWERED TESTING, MOTION, WALKING, OR ENERGIZATION"
WS-R01,47,0.940,0,P00_NEUTRAL_STAND,P01_CROUCHED_STAND,DOUBLE,0.000000000,0.000000000,0.388376140,9.901056000,-0.590654,0.492302,347.152110,46.500656,-0.000000,0.507042,SIMULATOR-ONLY REFERENCE - NOT A HARDWARE COMMAND,"PRELIMINARY - SIMULATOR-ONLY KINEMATIC SEQUENCE - NOT APPROVED FOR CONNECTION, POWERED TESTING, MOTION, WALKING, OR ENERGIZATION"
WS-R01,48,0.960,0,P00_NEUTRAL_STAND,P01_CROUCHED_STAND,DOUBLE,0.000000000,0.000000000,0.388278520,9.901056000,-0.590654,0.426528,347.075912,46.551452,-0.000000,0.522019,SIMULATOR-ONLY REFERENCE - NOT A HARDWARE COMMAND,"PRELIMINARY - SIMULATOR-ONLY KINEMATIC SEQUENCE - NOT APPROVED FOR CONNECTION, POWERED TESTING, MOTION, WALKING, OR ENERGIZATION"
WS-R01,49,0.980,0,P00_NEUTRAL_STAND,P01_CROUCHED_STAND,DOUBLE,0.000000000,0.000000000,0.388181306,9.901056000,-0.590654,0.362870,347.000047,46.600615,0.000000,0.536515,SIMULATOR-ONLY REFERENCE - NOT A HARDWARE COMMAND,"PRELIMINARY - SIMULATOR-ONLY KINEMATIC SEQUENCE - NOT APPROVED FOR CONNECTION, POWERED TESTING, MOTION, WALKING, OR ENERGIZATION"
WS-R01,50,1.000,0,P00_NEUTRAL_STAND,P01_CROUCHED_STAND,DOUBLE,0.000000000,0.000000000,0.388085018,9.901056000,-0.590654,0.301488,346.924917,46.648020,-0.000000,0.550492,SIMULATOR-ONLY REFERENCE - NOT A HARDWARE COMMAND,"PRELIMINARY - SIMULATOR-ONLY KINEMATIC SEQUENCE - NOT APPROVED FOR CONNECTION, POWERED TESTING, MOTION, WALKING, OR ENERGIZATION"
WS-R01,51,1.020,0,P00_NEUTRAL_STAND,P01_CROUCHED_STAND,DOUBLE,0.000000000,0.000000000,0.387990174,9.901056000,-0.590654,0.242529,346.850925,46.693554,0.000000,0.563917,SIMULATOR-ONLY REFERENCE - NOT A HARDWARE COMMAND,"PRELIMINARY - SIMULATOR-ONLY KINEMATIC SEQUENCE - NOT APPROVED FOR CONNECTION, POWERED TESTING, MOTION, WALKING, OR ENERGIZATION"
WS-R01,52,1.040,0,P00_NEUTRAL_STAND,P01_CROUCHED_STAND,DOUBLE,0.000000000,0.000000000,0.387897285,9.901056000,-0.590654,0.186131,346.778469,46.737111,0.000000,0.576758,SIMULATOR-ONLY REFERENCE - NOT A HARDWARE COMMAND,"PRELIMINARY - SIMULATOR-ONLY KINEMATIC SEQUENCE - NOT APPROVED FOR CONNECTION, POWERED TESTING, MOTION, WALKING, OR ENERGIZATION"
WS-R01,53,1.060,0,P00_NEUTRAL_STAND,P01_CROUCHED_STAND,DOUBLE,0.000000000,0.000000000,0.387806849,9.901056000,-0.590654,0.132417,346.707936,46.778594,0.000000,0.588988,SIMULATOR-ONLY REFERENCE - NOT A HARDWARE COMMAND,"PRELIMINARY - SIMULATOR-ONLY KINEMATIC SEQUENCE - NOT APPROVED FOR CONNECTION, POWERED TESTING, MOTION, WALKING, OR ENERGIZATION"
WS-R01,54,1.080,0,P00_NEUTRAL_STAND,P01_CROUCHED_STAND,DOUBLE,0.000000000,0.000000000,0.387719344,9.901056000,-0.590654,0.081499,346.639698,46.817919,0.000000,0.600582,SIMULATOR-ONLY REFERENCE - NOT A HARDWARE COMMAND,"PRELIMINARY - SIMULATOR-ONLY KINEMATIC SEQUENCE - NOT APPROVED FOR CONNECTION, POWERED TESTING, MOTION, WALKING, OR ENERGIZATION"
WS-R01,55,1.100,0,P00_NEUTRAL_STAND,P01_CROUCHED_STAND,DOUBLE,0.000000000,0.000000000,0.387635224,9.901056000,-0.590654,0.033473,346.574106,46.855011,0.000000,0.611516,SIMULATOR-ONLY REFERENCE - NOT A HARDWARE COMMAND,"PRELIMINARY - SIMULATOR-ONLY KINEMATIC SEQUENCE - NOT APPROVED FOR CONNECTION, POWERED TESTING, MOTION, WALKING, OR ENERGIZATION"
WS-R01,56,1.120,0,P00_NEUTRAL_STAND,P01_CROUCHED_STAND,DOUBLE,0.000000000,0.000000000,0.387554910,9.901056000,-0.590654,-0.011581,346.511489,46.889807,-0.000000,0.621774,SIMULATOR-ONLY REFERENCE - NOT A HARDWARE COMMAND,"PRELIMINARY - SIMULATOR-ONLY KINEMATIC SEQUENCE - NOT APPROVED FOR CONNECTION, POWERED TESTING, MOTION, WALKING, OR ENERGIZATION"
WS-R01,57,1.140,0,P00_NEUTRAL_STAND,P01_CROUCHED_STAND,DOUBLE,0.000000000,0.000000000,0.387478790,9.901056000,-0.590654,-0.053597,346.452146,46.922257,0.000000,0.631340,SIMULATOR-ONLY REFERENCE - NOT A HARDWARE COMMAND,"PRELIMINARY - SIMULATOR-ONLY KINEMATIC SEQUENCE - NOT APPROVED FOR CONNECTION, POWERED TESTING, MOTION, WALKING, OR ENERGIZATION"
WS-R01,58,1.160,0,P00_NEUTRAL_STAND,P01_CROUCHED_STAND,DOUBLE,0.000000000,0.000000000,0.387407205,9.901056000,-0.590654,-0.092529,346.396343,46.952325,-0.000000,0.640204,SIMULATOR-ONLY REFERENCE - NOT A HARDWARE COMMAND,"PRELIMINARY - SIMULATOR-ONLY KINEMATIC SEQUENCE - NOT APPROVED FOR CONNECTION, POWERED TESTING, MOTION, WALKING, OR ENERGIZATION"
WS-R01,59,1.180,0,P00_NEUTRAL_STAND,P01_CROUCHED_STAND,DOUBLE,0.000000000,0.000000000,0.387340452,9.901056000,-0.590654,-0.128346,346.344311,46.979988,0.000000,0.648358,SIMULATOR-ONLY REFERENCE - NOT A HARDWARE COMMAND,"PRELIMINARY - SIMULATOR-ONLY KINEMATIC SEQUENCE - NOT APPROVED FOR CONNECTION, POWERED TESTING, MOTION, WALKING, OR ENERGIZATION"
WS-R01,60,1.200,0,P00_NEUTRAL_STAND,P01_CROUCHED_STAND,DOUBLE,0.000000000,0.000000000,0.387278774,9.901056000,-0.590654,-0.161037,346.296239,47.005236,0.000000,0.655801,SIMULATOR-ONLY REFERENCE - NOT A HARDWARE COMMAND,"PRELIMINARY - SIMULATOR-ONLY KINEMATIC SEQUENCE - NOT APPROVED FOR CONNECTION, POWERED TESTING, MOTION, WALKING, OR ENERGIZATION"
WS-R01,61,1.220,0,P00_NEUTRAL_STAND,P01_CROUCHED_STAND,DOUBLE,0.000000000,0.000000000,0.387222361,9.901056000,-0.590654,-0.190612,346.252272,47.028078,-0.000000,0.662534,SIMULATOR-ONLY REFERENCE - NOT A HARDWARE COMMAND,"PRELIMINARY - SIMULATOR-ONLY KINEMATIC SEQUENCE - NOT APPROVED FOR CONNECTION, POWERED TESTING, MOTION, WALKING, OR ENERGIZATION"
WS-R01,62,1.240,0,P00_NEUTRAL_STAND,P01_CROUCHED_STAND,DOUBLE,0.000000000,0.000000000,0.387171339,9.901056000,-0.590654,-0.217099,346.212509,47.048535,0.000000,0.668564,SIMULATOR-ONLY REFERENCE - NOT A HARDWARE COMMAND,"PRELIMINARY - SIMULATOR-ONLY KINEMATIC SEQUENCE - NOT APPROVED FOR CONNECTION, POWERED TESTING, MOTION, WALKING, OR ENERGIZATION"
WS-R01,63,1.260,0,P00_NEUTRAL_STAND,P01_CROUCHED_STAND,DOUBLE,0.000000000,0.000000000,0.387125774,9.901056000,-0.590654,-0.240550,346.177000,47.066647,0.000000,0.673903,SIMULATOR-ONLY REFERENCE - NOT A HARDWARE COMMAND,"PRELIMINARY - SIMULATOR-ONLY KINEMATIC SEQUENCE - NOT APPROVED FOR CONNECTION, POWERED TESTING, MOTION, WALKING, OR ENERGIZATION"
WS-R01,64,1.280,0,P00_NEUTRAL_STAND,P01_CROUCHED_STAND,DOUBLE,0.000000000,0.000000000,0.387085665,9.901056000,-0.590654,-0.261037,346.145744,47.082471,-0.000000,0.678567,SIMULATOR-ONLY REFERENCE - NOT A HARDWARE COMMAND,"PRELIMINARY - SIMULATOR-ONLY KINEMATIC SEQUENCE - NOT APPROVED FOR CONNECTION, POWERED TESTING, MOTION, WALKING, OR ENERGIZATION"
WS-R01,65,1.300,0,P00_NEUTRAL_STAND,P01_CROUCHED_STAND,DOUBLE,0.000000000,0.000000000,0.387050942,9.901056000,-0.590654,-0.278659,346.118687,47.096080,-0.000000,0.682578,SIMULATOR-ONLY REFERENCE - NOT A HARDWARE COMMAND,"PRELIMINARY - SIMULATOR-ONLY KINEMATIC SEQUENCE - NOT APPROVED FOR CONNECTION, POWERED TESTING, MOTION, WALKING, OR ENERGIZATION"
WS-R01,66,1.320,0,P00_NEUTRAL_STAND,P01_CROUCHED_STAND,DOUBLE,0.000000000,0.000000000,0.387021466,9.901056000,-0.590654,-0.293534,346.095719,47.107570,0.000000,0.685965,SIMULATOR-ONLY REFERENCE - NOT A HARDWARE COMMAND,"PRELIMINARY - SIMULATOR-ONLY KINEMATIC SEQUENCE - NOT APPROVED FOR CONNECTION, POWERED TESTING, MOTION, WALKING, OR ENERGIZATION"
WS-R01,67,1.340,0,P00_NEUTRAL_STAND,P01_CROUCHED_STAND,DOUBLE,0.000000000,0.000000000,0.386997030,9.901056000,-0.590654,-0.305811,346.076678,47.117051,0.000000,0.688760,SIMULATOR-ONLY REFERENCE - NOT A HARDWARE COMMAND,"PRELIMINARY - SIMULATOR-ONLY KINEMATIC SEQUENCE - NOT APPROVED FOR CONNECTION, POWERED TESTING, MOTION, WALKING, OR ENERGIZATION"
WS-R01,68,1.360,0,P00_NEUTRAL_STAND,P01_CROUCHED_STAND,DOUBLE,0.000000000,0.000000000,0.386977351,9.901056000,-0.590654,-0.315660,346.061345,47.124658,0.000000,0.691002,SIMULATOR-ONLY REFERENCE - NOT A HARDWARE COMMAND,"PRELIMINARY - SIMULATOR-ONLY KINEMATIC SEQUENCE - NOT APPROVED FOR CONNECTION, POWERED TESTING, MOTION, WALKING, OR ENERGIZATION"
WS-R01,69,1.380,0,P00_NEUTRAL_STAND,P01_CROUCHED_STAND,DOUBLE,0.000000000,0.000000000,0.386962079,9.901056000,-0.590654,-0.323282,346.049445,47.130545,0.000000,0.692737,SIMULATOR-ONLY REFERENCE - NOT A HARDWARE COMMAND,"PRELIMINARY - SIMULATOR-ONLY KINEMATIC SEQUENCE - NOT APPROVED FOR CONNECTION, POWERED TESTING, MOTION, WALKING, OR ENERGIZATION"
WS-R01,70,1.400,0,P00_NEUTRAL_STAND,P01_CROUCHED_STAND,DOUBLE,0.000000000,0.000000000,0.386950791,9.901056000,-0.590654,-0.328902,346.040650,47.134886,0.000000,0.694016,SIMULATOR-ONLY REFERENCE - NOT A HARDWARE COMMAND,"PRELIMINARY - SIMULATOR-ONLY KINEMATIC SEQUENCE - NOT APPROVED FOR CONNECTION, POWERED TESTING, MOTION, WALKING, OR ENERGIZATION"
WS-R01,71,1.420,0,P00_NEUTRAL_STAND,P01_CROUCHED_STAND,DOUBLE,0.000000000,0.000000000,0.386942995,9.901056000,-0.590654,-0.332778,346.034575,47.137880,0.000000,0.694899,SIMULATOR-ONLY REFERENCE - NOT A HARDWARE COMMAND,"PRELIMINARY - SIMULATOR-ONLY KINEMATIC SEQUENCE - NOT APPROVED FOR CONNECTION, POWERED TESTING, MOTION, WALKING, OR ENERGIZATION"
WS-R01,72,1.440,0,P00_NEUTRAL_STAND,P01_CROUCHED_STAND,DOUBLE,0.000000000,0.000000000,0.386938127,9.901056000,-0.590654,-0.335196,346.030782,47.139747,-0.000000,0.695449,SIMULATOR-ONLY REFERENCE - NOT A HARDWARE COMMAND,"PRELIMINARY - SIMULATOR-ONLY KINEMATIC SEQUENCE - NOT APPROVED FOR CONNECTION, POWERED TESTING, MOTION, WALKING, OR ENERGIZATION"
WS-R01,73,1.460,0,P00_NEUTRAL_STAND,P01_CROUCHED_STAND,DOUBLE,0.000000000,0.000000000,0.386935556,9.901056000,-0.590654,-0.336472,346.028780,47.140732,-0.000000,0.695740,SIMULATOR-ONLY REFERENCE - NOT A HARDWARE COMMAND,"PRELIMINARY - SIMULATOR-ONLY KINEMATIC SEQUENCE - NOT APPROVED FOR CONNECTION, POWERED TESTING, MOTION, WALKING, OR ENERGIZATION"
WS-R01,74,1.480,0,P00_NEUTRAL_STAND,P01_CROUCHED_STAND,DOUBLE,0.000000000,0.000000000,0.386934584,9.901056000,-0.590654,-0.336954,346.028022,47.141105,0.000000,0.695849,SIMULATOR-ONLY REFERENCE - NOT A HARDWARE COMMAND,"PRELIMINARY - SIMULATOR-ONLY KINEMATIC SEQUENCE - NOT APPROVED FOR CONNECTION, POWERED TESTING, MOTION, WALKING, OR ENERGIZATION"
WS-R01,75,1.500,0,P00_NEUTRAL_STAND,P01_CROUCHED_STAND,DOUBLE,0.000000000,0.000000000,0.386934442,9.901056000,-0.590654,-0.337025,346.027911,47.141159,0.000000,0.695866,SIMULATOR-ONLY REFERENCE - NOT A HARDWARE COMMAND,"PRELIMINARY - SIMULATOR-ONLY KINEMATIC SEQUENCE - NOT APPROVED FOR CONNECTION, POWERED TESTING, MOTION, WALKING, OR ENERGIZATION"
WS-R01,76,1.520,1,P01_CROUCHED_STAND,P02_LEFT_WEIGHT_TRANSFER,DOUBLE,0.000000058,0.000000000,0.386934449,9.901056000,-0.590610,-0.337021,346.027918,47.141157,-0.000000,0.695865,SIMULATOR-ONLY REFERENCE - NOT A HARDWARE COMMAND,"PRELIMINARY - SIMULATOR-ONLY KINEMATIC SEQUENCE - NOT APPROVED FOR CONNECTION, POWERED TESTING, MOTION, WALKING, OR ENERGIZATION"
WS-R01,77,1.540,1,P01_CROUCHED_STAND,P02_LEFT_WEIGHT_TRANSFER,DOUBLE,0.000000464,0.000000000,0.386934498,9.901056000,-0.590302,-0.336997,346.027962,47.141137,0.000000,0.695859,SIMULATOR-ONLY REFERENCE - NOT A HARDWARE COMMAND,"PRELIMINARY - SIMULATOR-ONLY KINEMATIC SEQUENCE - NOT APPROVED FOR CONNECTION, POWERED TESTING, MOTION, WALKING, OR ENERGIZATION"
WS-R01,78,1.560,1,P01_CROUCHED_STAND,P02_LEFT_WEIGHT_TRANSFER,DOUBLE,0.000001555,0.000000000,0.386934632,9.901056000,-0.589473,-0.336930,346.028080,47.141086,0.000000,0.695844,SIMULATOR-ONLY REFERENCE - NOT A HARDWARE COMMAND,"PRELIMINARY - SIMULATOR-ONLY KINEMATIC SEQUENCE - NOT APPROVED FOR CONNECTION, POWERED TESTING, MOTION, WALKING, OR ENERGIZATION"
WS-R01,79,1.580,1,P01_CROUCHED_STAND,P02_LEFT_WEIGHT_TRANSFER,DOUBLE,0.000003659,0.000000000,0.386934890,9.901056000,-0.587875,-0.336802,346.028309,47.140988,0.000000,0.695815,SIMULATOR-ONLY REFERENCE - NOT A HARDWARE COMMAND,"PRELIMINARY - SIMULATOR-ONLY KINEMATIC SEQUENCE - NOT APPROVED FOR CONNECTION, POWERED TESTING, MOTION, WALKING, OR ENERGIZATION"
WS-R01,80,1.600,1,P01_CROUCHED_STAND,P02_LEFT_WEIGHT_TRANSFER,DOUBLE,0.000007094,0.000000000,0.386935310,9.901056000,-0.585266,-0.336594,346.028682,47.140826,0.000000,0.695767,SIMULATOR-ONLY REFERENCE - NOT A HARDWARE COMMAND,"PRELIMINARY - SIMULATOR-ONLY KINEMATIC SEQUENCE - NOT APPROVED FOR CONNECTION, POWERED TESTING, MOTION, WALKING, OR ENERGIZATION"
WS-R01,81,1.620,1,P01_CROUCHED_STAND,P02_LEFT_WEIGHT_TRANSFER,DOUBLE,0.000012167,0.000000000,0.386935931,9.901056000,-0.581413,-0.336286,346.029233,47.140589,0.000000,0.695697,SIMULATOR-ONLY REFERENCE - NOT A HARDWARE COMMAND,"PRELIMINARY - SIMULATOR-ONLY KINEMATIC SEQUENCE - NOT APPROVED FOR CONNECTION, POWERED TESTING, MOTION, WALKING, OR ENERGIZATION"
WS-R01,82,1.640,1,P01_CROUCHED_STAND,P02_LEFT_WEIGHT_TRANSFER,DOUBLE,0.000019176,0.000000000,0.386936788,9.901056000,-0.576089,-0.335860,346.029994,47.140260,0.000000,0.695600,SIMULATOR-ONLY REFERENCE - NOT A HARDWARE COMMAND,"PRELIMINARY - SIMULATOR-ONLY KINEMATIC SEQUENCE - NOT APPROVED FOR CONNECTION, POWERED TESTING, MOTION, WALKING, OR ENERGIZATION"
WS-R01,83,1.660,1,P01_CROUCHED_STAND,P02_LEFT_WEIGHT_TRANSFER,DOUBLE,0.000028408,0.000000000,0.386937917,9.901056000,-0.569076,-0.335299,346.030996,47.139827,0.000000,0.695473,SIMULATOR-ONLY REFERENCE - NOT A HARDWARE COMMAND,"PRELIMINARY - SIMULATOR-ONLY KINEMATIC SEQUENCE - NOT APPROVED FOR CONNECTION, POWERED TESTING, MOTION, WALKING, OR ENERGIZATION"
WS-R01,84,1.680,1,P01_CROUCHED_STAND,P02_LEFT_WEIGHT_TRANSFER,DOUBLE,0.000040143,0.000000000,0.386939352,9.901056000,-0.560162,-0.334587,346.032270,47.139276,0.000000,0.695310,SIMULATOR-ONLY REFERENCE - NOT A HARDWARE COMMAND,"PRELIMINARY - SIMULATOR-ONLY KINEMATIC SEQUENCE - NOT APPROVED FOR CONNECTION, POWERED TESTING, MOTION, WALKING, OR ENERGIZATION"
WS-R01,85,1.700,1,P01_CROUCHED_STAND,P02_LEFT_WEIGHT_TRANSFER,DOUBLE,0.000054650,0.000000000,0.386941124,9.901056000,-0.549144,-0.333705,346.033843,47.138596,0.000000,0.695110,SIMULATOR-ONLY REFERENCE - NOT A HARDWARE COMMAND,"PRELIMINARY - SIMULATOR-ONLY KINEMATIC SEQUENCE - NOT APPROVED FOR CONNECTION, POWERED TESTING, MOTION, WALKING, OR ENERGIZATION"
WS-R01,86,1.720,1,P01_CROUCHED_STAND,P02_LEFT_WEIGHT_TRANSFER,DOUBLE,0.000072186,0.000000000,0.386943264,9.901056000,-0.535823,-0.332640,346.035744,47.137773,0.000000,0.694867,SIMULATOR-ONLY REFERENCE - NOT A HARDWARE COMMAND,"PRELIMINARY - SIMULATOR-ONLY KINEMATIC SEQUENCE - NOT APPROVED FOR CONNECTION, POWERED TESTING, MOTION, WALKING, OR ENERGIZATION"
WS-R01,87,1.740,1,P01_CROUCHED_STAND,P02_LEFT_WEIGHT_TRANSFER,DOUBLE,0.000093002,0.000000000,0.386945803,9.901056000,-0.520012,-0.331376,346.037999,47.136796,0.000000,0.694580,SIMULATOR-ONLY REFERENCE - NOT A HARDWARE COMMAND,"PRELIMINARY - SIMULATOR-ONLY KINEMATIC SEQUENCE - NOT APPROVED FOR CONNECTION, POWERED TESTING, MOTION, WALKING, OR ENERGIZATION"
WS-R01,88,1.760,1,P01_CROUCHED_STAND,P02_LEFT_WEIGHT_TRANSFER,DOUBLE,0.000117339,0.000000000,0.386948769,9.901056000,-0.501526,-0.329898,346.040634,47.135655,0.000000,0.694243,SIMULATOR-ONLY REFERENCE - NOT A HARDWARE COMMAND,"PRELIMINARY - SIMULATOR-ONLY KINEMATIC SEQUENCE - NOT APPROVED FOR CONNECTION, POWERED TESTING, MOTION, WALKING, OR ENERGIZATION"
WS-R01,89,1.780,1,P01_CROUCHED_STAND,P02_LEFT_WEIGHT_TRANSFER,DOUBLE,0.000145429,0.000000000,0.386952187,9.901056000,-0.480191,-0.328192,346.043672,47.134337,0.000000,0.693855,SIMULATOR-ONLY REFERENCE - NOT A HARDWARE COMMAND,"PRELIMINARY - SIMULATOR-ONLY KINEMATIC SEQUENCE - NOT APPROVED FOR CONNECTION, POWERED TESTING, MOTION, WALKING, OR ENERGIZATION"
WS-R01,90,1.800,1,P01_CROUCHED_STAND,P02_LEFT_WEIGHT_TRANSFER,DOUBLE,0.000177493,0.000000000,0.386956084,9.901056000,-0.455836,-0.326244,346.047135,47.132833,0.000000,0.693411,SIMULATOR-ONLY REFERENCE - NOT A HARDWARE COMMAND,"PRELIMINARY - SIMULATOR-ONLY KINEMATIC SEQUENCE - NOT APPROVED FOR CONNECTION, POWERED TESTING, MOTION, WALKING, OR ENERGIZATION"
WS-R01,91,1.820,1,P01_CROUCHED_STAND,P02_LEFT_WEIGHT_TRANSFER,DOUBLE,0.000213744,0.000000000,0.386960483,9.901056000,-0.428301,-0.324042,346.051047,47.131132,0.000000,0.692910,SIMULATOR-ONLY REFERENCE - NOT A HARDWARE COMMAND,"PRELIMINARY - SIMULATOR-ONLY KINEMATIC SEQUENCE - NOT APPROVED FOR CONNECTION, POWERED TESTING, MOTION, WALKING, OR ENERGIZATION"
WS-R01,92,1.840,1,P01_CROUCHED_STAND,P02_LEFT_WEIGHT_TRANSFER,DOUBLE,0.000254389,0.000000000,0.386965406,9.901056000,-0.397430,-0.321573,346.055426,47.129225,0.000000,0.692348,SIMULATOR-ONLY REFERENCE - NOT A HARDWARE COMMAND,"PRELIMINARY - SIMULATOR-ONLY KINEMATIC SEQUENCE - NOT APPROVED FOR CONNECTION, POWERED TESTING, MOTION, WALKING, OR ENERGIZATION"
WS-R01,93,1.860,1,P01_CROUCHED_STAND,P02_LEFT_WEIGHT_TRANSFER,DOUBLE,0.000299621,0.000000000,0.386970874,9.901056000,-0.363074,-0.318826,346.060293,47.127103,0.000000,0.691722,SIMULATOR-ONLY REFERENCE - NOT A HARDWARE COMMAND,"PRELIMINARY - SIMULATOR-ONLY KINEMATIC SEQUENCE - NOT APPROVED FOR CONNECTION, POWERED TESTING, MOTION, WALKING, OR ENERGIZATION"
WS-R01,94,1.880,1,P01_CROUCHED_STAND,P02_LEFT_WEIGHT_TRANSFER,DOUBLE,0.000349628,0.000000000,0.386976906,9.901056000,-0.325092,-0.315788,346.065664,47.124757,0.000000,0.691031,SIMULATOR-ONLY REFERENCE - NOT A HARDWARE COMMAND,"PRELIMINARY - SIMULATOR-ONLY KINEMATIC SEQUENCE - NOT APPROVED FOR CONNECTION, POWERED TESTING, MOTION, WALKING, OR ENERGIZATION"
WS-R01,95,1.900,1,P01_CROUCHED_STAND,P02_LEFT_WEIGHT_TRANSFER,DOUBLE,0.000404590,0.000000000,0.386983520,9.901056000,-0.283348,-0.312449,346.071555,47.122178,-0.000000,0.690271,SIMULATOR-ONLY REFERENCE - NOT A HARDWARE COMMAND,"PRELIMINARY - SIMULATOR-ONLY KINEMATIC SEQUENCE - NOT APPROVED FOR CONNECTION, POWERED TESTING, MOTION, WALKING, OR ENERGIZATION"
WS-R01,96,1.920,1,P01_CROUCHED_STAND,P02_LEFT_WEIGHT_TRANSFER,DOUBLE,0.000464675,0.000000000,0.386990731,9.901056000,-0.237712,-0.308799,346.077983,47.119359,0.000000,0.689440,SIMULATOR-ONLY REFERENCE - NOT A HARDWARE COMMAND,"PRELIMINARY - SIMULATOR-ONLY KINEMATIC SEQUENCE - NOT APPROVED FOR CONNECTION, POWERED TESTING, MOTION, WALKING, OR ENERGIZATION"
WS-R01,97,1.940,1,P01_CROUCHED_STAND,P02_LEFT_WEIGHT_TRANSFER,DOUBLE,0.000530046,0.000000000,0.386998555,9.901056000,-0.188062,-0.304828,346.084961,47.116292,0.000000,0.688536,SIMULATOR-ONLY REFERENCE - NOT A HARDWARE COMMAND,"PRELIMINARY - SIMULATOR-ONLY KINEMATIC SEQUENCE - NOT APPROVED FOR CONNECTION, POWERED TESTING, MOTION, WALKING, OR ENERGIZATION"
WS-R01,98,1.960,1,P01_CROUCHED_STAND,P02_LEFT_WEIGHT_TRANSFER,DOUBLE,0.000600857,0.000000000,0.387007002,9.901056000,-0.134283,-0.300526,346.092500,47.112970,0.000000,0.687557,SIMULATOR-ONLY REFERENCE - NOT A HARDWARE COMMAND,"PRELIMINARY - SIMULATOR-ONLY KINEMATIC SEQUENCE - NOT APPROVED FOR CONNECTION, POWERED TESTING, MOTION, WALKING, OR ENERGIZATION"
WS-R01,99,1.980,1,P01_CROUCHED_STAND,P02_LEFT_WEIGHT_TRANSFER,DOUBLE,0.000677251,0.000000000,0.387016084,9.901056000,-0.076262,-0.295885,346.100613,47.109385,0.000000,0.686500,SIMULATOR-ONLY REFERENCE - NOT A HARDWARE COMMAND,"PRELIMINARY - SIMULATOR-ONLY KINEMATIC SEQUENCE - NOT APPROVED FOR CONNECTION, POWERED TESTING, MOTION, WALKING, OR ENERGIZATION"
WS-R01,100,2.000,1,P01_CROUCHED_STAND,P02_LEFT_WEIGHT_TRANSFER,DOUBLE,0.000759368,0.000000000,0.387025811,9.901056000,-0.013898,-0.290896,346.109308,47.105532,0.000000,0.685364,SIMULATOR-ONLY REFERENCE - NOT A HARDWARE COMMAND,"PRELIMINARY - SIMULATOR-ONLY KINEMATIC SEQUENCE - NOT APPROVED FOR CONNECTION, POWERED TESTING, MOTION, WALKING, OR ENERGIZATION"
WS-R01,101,2.020,1,P01_CROUCHED_STAND,P02_LEFT_WEIGHT_TRANSFER,DOUBLE,0.000847335,0.000000000,0.387036189,9.901056000,0.052910,-0.285552,346.118593,47.101404,0.000000,0.684148,SIMULATOR-ONLY REFERENCE - NOT A HARDWARE COMMAND,"PRELIMINARY - SIMULATOR-ONLY KINEMATIC SEQUENCE - NOT APPROVED FOR CONNECTION, POWERED TESTING, MOTION, WALKING, OR ENERGIZATION"
WS-R01,102,2.040,1,P01_CROUCHED_STAND,P02_LEFT_WEIGHT_TRANSFER,DOUBLE,0.000941275,0.000000000,0.387047225,9.901056000,0.124252,-0.279844,346.128477,47.096996,-0.000000,0.682848,SIMULATOR-ONLY REFERENCE - NOT A HARDWARE COMMAND,"PRELIMINARY - SIMULATOR-ONLY KINEMATIC SEQUENCE - NOT APPROVED FOR CONNECTION, POWERED TESTING, MOTION, WALKING, OR ENERGIZATION"
WS-R01,103,2.060,1,P01_CROUCHED_STAND,P02_LEFT_WEIGHT_TRANSFER,DOUBLE,0.001041302,0.000000000,0.387058922,9.901056000,0.200214,-0.273767,346.138963,47.092302,0.000000,0.681465,SIMULATOR-ONLY REFERENCE - NOT A HARDWARE COMMAND,"PRELIMINARY - SIMULATOR-ONLY KINEMATIC SEQUENCE - NOT APPROVED FOR CONNECTION, POWERED TESTING, MOTION, WALKING, OR ENERGIZATION"
WS-R01,104,2.080,1,P01_CROUCHED_STAND,P02_LEFT_WEIGHT_TRANSFER,DOUBLE,0.001147520,0.000000000,0.387071282,9.901056000,0.280878,-0.267313,346.150056,47.087317,0.000000,0.679995,SIMULATOR-ONLY REFERENCE - NOT A HARDWARE COMMAND,"PRELIMINARY - SIMULATOR-ONLY KINEMATIC SEQUENCE - NOT APPROVED FOR CONNECTION, POWERED TESTING, MOTION, WALKING, OR ENERGIZATION"
WS-R01,105,2.100,1,P01_CROUCHED_STAND,P02_LEFT_WEIGHT_TRANSFER,DOUBLE,0.001260030,0.000000000,0.387084306,9.901056000,0.366316,-0.260476,346.161759,47.082037,0.000000,0.678439,SIMULATOR-ONLY REFERENCE - NOT A HARDWARE COMMAND,"PRELIMINARY - SIMULATOR-ONLY KINEMATIC SEQUENCE - NOT APPROVED FOR CONNECTION, POWERED TESTING, MOTION, WALKING, OR ENERGIZATION"
WS-R01,106,2.120,1,P01_CROUCHED_STAND,P02_LEFT_WEIGHT_TRANSFER,DOUBLE,0.001378922,0.000000000,0.387097994,9.901056000,0.456600,-0.253252,346.174072,47.076457,0.000000,0.676794,SIMULATOR-ONLY REFERENCE - NOT A HARDWARE COMMAND,"PRELIMINARY - SIMULATOR-ONLY KINEMATIC SEQUENCE - NOT APPROVED FOR CONNECTION, POWERED TESTING, MOTION, WALKING, OR ENERGIZATION"
WS-R01,107,2.140,1,P01_CROUCHED_STAND,P02_LEFT_WEIGHT_TRANSFER,DOUBLE,0.001504279,0.000000000,0.387112340,9.901056000,0.551791,-0.245634,346.186997,47.070574,0.000000,0.675060,SIMULATOR-ONLY REFERENCE - NOT A HARDWARE COMMAND,"PRELIMINARY - SIMULATOR-ONLY KINEMATIC SEQUENCE - NOT APPROVED FOR CONNECTION, POWERED TESTING, MOTION, WALKING, OR ENERGIZATION"
WS-R01,108,2.160,1,P01_CROUCHED_STAND,P02_LEFT_WEIGHT_TRANSFER,DOUBLE,0.001636180,0.000000000,0.387127342,9.901056000,0.651947,-0.237618,346.200530,47.064383,0.000000,0.673235,SIMULATOR-ONLY REFERENCE - NOT A HARDWARE COMMAND,"PRELIMINARY - SIMULATOR-ONLY KINEMATIC SEQUENCE - NOT APPROVED FOR CONNECTION, POWERED TESTING, MOTION, WALKING, OR ENERGIZATION"
WS-R01,109,2.180,1,P01_CROUCHED_STAND,P02_LEFT_WEIGHT_TRANSFER,DOUBLE,0.001774691,0.000000000,0.387142991,9.901056000,0.757121,-0.229200,346.214670,47.057881,0.000000,0.671319,SIMULATOR-ONLY REFERENCE - NOT A HARDWARE COMMAND,"PRELIMINARY - SIMULATOR-ONLY KINEMATIC SEQUENCE - NOT APPROVED FOR CONNECTION, POWERED TESTING, MOTION, WALKING, OR ENERGIZATION"
WS-R01,110,2.200,1,P01_CROUCHED_STAND,P02_LEFT_WEIGHT_TRANSFER,DOUBLE,0.001919877,0.000000000,0.387159281,9.901056000,0.867360,-0.220376,346.229412,47.051066,0.000000,0.669310,SIMULATOR-ONLY REFERENCE - NOT A HARDWARE COMMAND,"PRELIMINARY - SIMULATOR-ONLY KINEMATIC SEQUENCE - NOT APPROVED FOR CONNECTION, POWERED TESTING, MOTION, WALKING, OR ENERGIZATION"
WS-R01,111,2.220,1,P01_CROUCHED_STAND,P02_LEFT_WEIGHT_TRANSFER,DOUBLE,0.002071793,0.000000000,0.387176201,9.901056000,0.982705,-0.211142,346.244750,47.043934,0.000000,0.667208,SIMULATOR-ONLY REFERENCE - NOT A HARDWARE COMMAND,"PRELIMINARY - SIMULATOR-ONLY KINEMATIC SEQUENCE - NOT APPROVED FOR CONNECTION, POWERED TESTING, MOTION, WALKING, OR ENERGIZATION"
WS-R01,112,2.240,1,P01_CROUCHED_STAND,P02_LEFT_WEIGHT_TRANSFER,DOUBLE,0.002230487,0.000000000,0.387193739,9.901056000,1.103193,-0.201496,346.260677,47.036484,0.000000,0.665012,SIMULATOR-ONLY REFERENCE - NOT A HARDWARE COMMAND,"PRELIMINARY - SIMULATOR-ONLY KINEMATIC SEQUENCE - NOT APPROVED FOR CONNECTION, POWERED TESTING, MOTION, WALKING, OR ENERGIZATION"
WS-R01,113,2.260,1,P01_CROUCHED_STAND,P02_LEFT_WEIGHT_TRANSFER,DOUBLE,0.002396001,0.000000000,0.387211883,9.901056000,1.228856,-0.191435,346.277185,47.028714,0.000000,0.662721,SIMULATOR-ONLY REFERENCE - NOT A HARDWARE COMMAND,"PRELIMINARY - SIMULATOR-ONLY KINEMATIC SEQUENCE - NOT APPROVED FOR CONNECTION, POWERED TESTING, MOTION, WALKING, OR ENERGIZATION"
WS-R01,114,2.280,1,P01_CROUCHED_STAND,P02_LEFT_WEIGHT_TRANSFER,DOUBLE,0.002568371,0.000000000,0.387230616,9.901056000,1.359719,-0.180956,346.294265,47.020620,0.000000,0.660336,SIMULATOR-ONLY REFERENCE - NOT A HARDWARE COMMAND,"PRELIMINARY - SIMULATOR-ONLY KINEMATIC SEQUENCE - NOT APPROVED FOR CONNECTION, POWERED TESTING, MOTION, WALKING, OR ENERGIZATION"
WS-R01,115,2.300,1,P01_CROUCHED_STAND,P02_LEFT_WEIGHT_TRANSFER,DOUBLE,0.002747625,0.000000000,0.387249923,9.901056000,1.495804,-0.170058,346.311905,47.012204,0.000000,0.657855,SIMULATOR-ONLY REFERENCE - NOT A HARDWARE COMMAND,"PRELIMINARY - SIMULATOR-ONLY KINEMATIC SEQUENCE - NOT APPROVED FOR CONNECTION, POWERED TESTING, MOTION, WALKING, OR ENERGIZATION"
WS-R01,116,2.320,1,P01_CROUCHED_STAND,P02_LEFT_WEIGHT_TRANSFER,DOUBLE,0.002933785,0.000000000,0.387269786,9.901056000,1.637127,-0.158740,346.330094,47.003462,0.000000,0.655278,SIMULATOR-ONLY REFERENCE - NOT A HARDWARE COMMAND,"PRELIMINARY - SIMULATOR-ONLY KINEMATIC SEQUENCE - NOT APPROVED FOR CONNECTION, POWERED TESTING, MOTION, WALKING, OR ENERGIZATION"
WS-R01,117,2.340,1,P01_CROUCHED_STAND,P02_LEFT_WEIGHT_TRANSFER,DOUBLE,0.003126869,0.000000000,0.387290184,9.901056000,1.783700,-0.147000,346.348818,46.994395,0.000000,0.652605,SIMULATOR-ONLY REFERENCE - NOT A HARDWARE COMMAND,"PRELIMINARY - SIMULATOR-ONLY KINEMATIC SEQUENCE - NOT APPROVED FOR CONNECTION, POWERED TESTING, MOTION, WALKING, OR ENERGIZATION"
WS-R01,118,2.360,1,P01_CROUCHED_STAND,P02_LEFT_WEIGHT_TRANSFER,DOUBLE,0.003326884,0.000000000,0.387311096,9.901056000,1.935531,-0.134837,346.368063,46.985001,0.000000,0.649836,SIMULATOR-ONLY REFERENCE - NOT A HARDWARE COMMAND,"PRELIMINARY - SIMULATOR-ONLY KINEMATIC SEQUENCE - NOT APPROVED FOR CONNECTION, POWERED TESTING, MOTION, WALKING, OR ENERGIZATION"
WS-R01,119,2.380,1,P01_CROUCHED_STAND,P02_LEFT_WEIGHT_TRANSFER,DOUBLE,0.003533836,0.000000000,0.387332501,9.901056000,2.092620,-0.122252,346.387812,46.975281,0.000000,0.646971,SIMULATOR-ONLY REFERENCE - NOT A HARDWARE COMMAND,"PRELIMINARY - SIMULATOR-ONLY KINEMATIC SEQUENCE - NOT APPROVED FOR CONNECTION, POWERED TESTING, MOTION, WALKING, OR ENERGIZATION"
WS-R01,120,2.400,1,P01_CROUCHED_STAND,P02_LEFT_WEIGHT_TRANSFER,DOUBLE,0.003747721,0.000000000,0.387354373,9.901056000,2.254966,-0.109245,346.408050,46.965235,0.000000,0.644010,SIMULATOR-ONLY REFERENCE - NOT A HARDWARE COMMAND,"PRELIMINARY - SIMULATOR-ONLY KINEMATIC SEQUENCE - NOT APPROVED FOR CONNECTION, POWERED TESTING, MOTION, WALKING, OR ENERGIZATION"
WS-R01,121,2.420,1,P01_CROUCHED_STAND,P02_LEFT_WEIGHT_TRANSFER,DOUBLE,0.003968532,0.000000000,0.387376687,9.901056000,2.422563,-0.095815,346.428757,46.954863,0.000000,0.640952,SIMULATOR-ONLY REFERENCE - NOT A HARDWARE COMMAND,"PRELIMINARY - SIMULATOR-ONLY KINEMATIC SEQUENCE - NOT APPROVED FOR CONNECTION, POWERED TESTING, MOTION, WALKING, OR ENERGIZATION"
WS-R01,122,2.440,1,P01_CROUCHED_STAND,P02_LEFT_WEIGHT_TRANSFER,DOUBLE,0.004196255,0.000000000,0.387399416,9.901056000,2.595399,-0.081964,346.449915,46.944165,0.000000,0.637798,SIMULATOR-ONLY REFERENCE - NOT A HARDWARE COMMAND,"PRELIMINARY - SIMULATOR-ONLY KINEMATIC SEQUENCE - NOT APPROVED FOR CONNECTION, POWERED TESTING, MOTION, WALKING, OR ENERGIZATION"
WS-R01,123,2.460,1,P01_CROUCHED_STAND,P02_LEFT_WEIGHT_TRANSFER,DOUBLE,0.004430869,0.000000000,0.387422533,9.901056000,2.773458,-0.067692,346.471504,46.933143,0.000000,0.634549,SIMULATOR-ONLY REFERENCE - NOT A HARDWARE COMMAND,"PRELIMINARY - SIMULATOR-ONLY KINEMATIC SEQUENCE - NOT APPROVED FOR CONNECTION, POWERED TESTING, MOTION, WALKING, OR ENERGIZATION"
WS-R01,124,2.480,1,P01_CROUCHED_STAND,P02_LEFT_WEIGHT_TRANSFER,DOUBLE,0.004672349,0.000000000,0.387446007,9.901056000,2.956720,-0.053002,346.493503,46.921797,0.000000,0.631205,SIMULATOR-ONLY REFERENCE - NOT A HARDWARE COMMAND,"PRELIMINARY - SIMULATOR-ONLY KINEMATIC SEQUENCE - NOT APPROVED FOR CONNECTION, POWERED TESTING, MOTION, WALKING, OR ENERGIZATION"
WS-R01,125,2.500,1,P01_CROUCHED_STAND,P02_LEFT_WEIGHT_TRANSFER,DOUBLE,0.004920666,0.000000000,0.387469808,9.901056000,3.145162,-0.037894,346.515890,46.910129,0.000000,0.627765,SIMULATOR-ONLY REFERENCE - NOT A HARDWARE COMMAND,"PRELIMINARY - SIMULATOR-ONLY KINEMATIC SEQUENCE - NOT APPROVED FOR CONNECTION, POWERED TESTING, MOTION, WALKING, OR ENERGIZATION"
WS-R01,126,2.520,1,P01_CROUCHED_STAND,P02_LEFT_WEIGHT_TRANSFER,DOUBLE,0.005175781,0.000000000,0.387493904,9.901056000,3.338756,-0.022372,346.538642,46.898141,0.000000,0.624231,SIMULATOR-ONLY REFERENCE - NOT A HARDWARE COMMAND,"PRELIMINARY - SIMULATOR-ONLY KINEMATIC SEQUENCE - NOT APPROVED FOR CONNECTION, POWERED TESTING, MOTION, WALKING, OR ENERGIZATION"
WS-R01,127,2.540,1,P01_CROUCHED_STAND,P02_LEFT_WEIGHT_TRANSFER,DOUBLE,0.005437655,0.000000000,0.387518263,9.901056000,3.537470,-0.006437,346.561735,46.885834,0.000000,0.620603,SIMULATOR-ONLY REFERENCE - NOT A HARDWARE COMMAND,"PRELIMINARY - SIMULATOR-ONLY KINEMATIC SEQUENCE - NOT APPROVED FOR CONNECTION, POWERED TESTING, MOTION, WALKING, OR ENERGIZATION"
WS-R01,128,2.560,1,P01_CROUCHED_STAND,P02_LEFT_WEIGHT_TRANSFER,DOUBLE,0.005706239,0.000000000,0.387542851,9.901056000,3.741266,0.009908,346.585144,46.873210,0.000000,0.616882,SIMULATOR-ONLY REFERENCE - NOT A HARDWARE COMMAND,"PRELIMINARY - SIMULATOR-ONLY KINEMATIC SEQUENCE - NOT APPROVED FOR CONNECTION, POWERED TESTING, MOTION, WALKING, OR ENERGIZATION"
WS-R01,129,2.580,1,P01_CROUCHED_STAND,P02_LEFT_WEIGHT_TRANSFER,DOUBLE,0.005981483,0.000000000,0.387567633,9.901056000,3.950107,0.026659,346.608844,46.860273,0.000000,0.613068,SIMULATOR-ONLY REFERENCE - NOT A HARDWARE COMMAND,"PRELIMINARY - SIMULATOR-ONLY KINEMATIC SEQUENCE - NOT APPROVED FOR CONNECTION, POWERED TESTING, MOTION, WALKING, OR ENERGIZATION"
WS-R01,130,2.600,1,P01_CROUCHED_STAND,P02_LEFT_WEIGHT_TRANSFER,DOUBLE,0.006263329,0.000000000,0.387592573,9.901056000,4.163947,0.043814,346.632809,46.847024,0.000000,0.609162,SIMULATOR-ONLY REFERENCE - NOT A HARDWARE COMMAND,"PRELIMINARY - SIMULATOR-ONLY KINEMATIC SEQUENCE - NOT APPROVED FOR CONNECTION, POWERED TESTING, MOTION, WALKING, OR ENERGIZATION"
WS-R01,131,2.620,1,P01_CROUCHED_STAND,P02_LEFT_WEIGHT_TRANSFER,DOUBLE,0.006551715,0.000000000,0.387617636,9.901056000,4.382740,0.061369,346.657012,46.833466,0.000000,0.605165,SIMULATOR-ONLY REFERENCE - NOT A HARDWARE COMMAND,"PRELIMINARY - SIMULATOR-ONLY KINEMATIC SEQUENCE - NOT APPROVED FOR CONNECTION, POWERED TESTING, MOTION, WALKING, OR ENERGIZATION"
WS-R01,132,2.640,1,P01_CROUCHED_STAND,P02_LEFT_WEIGHT_TRANSFER,DOUBLE,0.006846576,0.000000000,0.387642783,9.901056000,4.606435,0.079319,346.681426,46.819603,-0.000000,0.601078,SIMULATOR-ONLY REFERENCE - NOT A HARDWARE COMMAND,"PRELIMINARY - SIMULATOR-ONLY KINEMATIC SEQUENCE - NOT APPROVED FOR CONNECTION, POWERED TESTING, MOTION, WALKING, OR ENERGIZATION"
WS-R01,133,2.660,1,P01_CROUCHED_STAND,P02_LEFT_WEIGHT_TRANSFER,DOUBLE,0.007147840,0.000000000,0.387667978,9.901056000,4.834977,0.097661,346.706022,46.805437,0.000000,0.596902,SIMULATOR-ONLY REFERENCE - NOT A HARDWARE COMMAND,"PRELIMINARY - SIMULATOR-ONLY KINEMATIC SEQUENCE - NOT APPROVED FOR CONNECTION, POWERED TESTING, MOTION, WALKING, OR ENERGIZATION"
WS-R01,134,2.680,1,P01_CROUCHED_STAND,P02_LEFT_WEIGHT_TRANSFER,DOUBLE,0.007455431,0.000000000,0.387693182,9.901056000,5.068308,0.116390,346.730773,46.790973,0.000000,0.592638,SIMULATOR-ONLY REFERENCE - NOT A HARDWARE COMMAND,"PRELIMINARY - SIMULATOR-ONLY KINEMATIC SEQUENCE - NOT APPROVED FOR CONNECTION, POWERED TESTING, MOTION, WALKING, OR ENERGIZATION"
WS-R01,135,2.700,1,P01_CROUCHED_STAND,P02_LEFT_WEIGHT_TRANSFER,DOUBLE,0.007769268,0.000000000,0.387718356,9.901056000,5.306367,0.135501,346.755649,46.776213,0.000000,0.588286,SIMULATOR-ONLY REFERENCE - NOT A HARDWARE COMMAND,"PRELIMINARY - SIMULATOR-ONLY KINEMATIC SEQUENCE - NOT APPROVED FOR CONNECTION, POWERED TESTING, MOTION, WALKING, OR ENERGIZATION"
WS-R01,136,2.720,1,P01_CROUCHED_STAND,P02_LEFT_WEIGHT_TRANSFER,DOUBLE,0.008089268,0.000000000,0.387743460,9.901056000,5.549090,0.154989,346.780621,46.761162,-0.000000,0.583849,SIMULATOR-ONLY REFERENCE - NOT A HARDWARE COMMAND,"PRELIMINARY - SIMULATOR-ONLY KINEMATIC SEQUENCE - NOT APPROVED FOR CONNECTION, POWERED TESTING, MOTION, WALKING, OR ENERGIZATION"
WS-R01,137,2.740,1,P01_CROUCHED_STAND,P02_LEFT_WEIGHT_TRANSFER,DOUBLE,0.008415342,0.000000000,0.387768455,9.901056000,5.796408,0.174849,346.805659,46.745824,0.000000,0.579327,SIMULATOR-ONLY REFERENCE - NOT A HARDWARE COMMAND,"PRELIMINARY - SIMULATOR-ONLY KINEMATIC SEQUENCE - NOT APPROVED FOR CONNECTION, POWERED TESTING, MOTION, WALKING, OR ENERGIZATION"
WS-R01,138,2.760,1,P01_CROUCHED_STAND,P02_LEFT_WEIGHT_TRANSFER,DOUBLE,0.008747395,0.000000000,0.387793301,9.901056000,6.048250,0.195075,346.830732,46.730203,0.000000,0.574722,SIMULATOR-ONLY REFERENCE - NOT A HARDWARE COMMAND,"PRELIMINARY - SIMULATOR-ONLY KINEMATIC SEQUENCE - NOT APPROVED FOR CONNECTION, POWERED TESTING, MOTION, WALKING, OR ENERGIZATION"
WS-R01,139,2.780,1,P01_CROUCHED_STAND,P02_LEFT_WEIGHT_TRANSFER,DOUBLE,0.009085332,0.000000000,0.387817958,9.901056000,6.304542,0.215662,346.855812,46.714304,0.000000,0.570034,SIMULATOR-ONLY REFERENCE - NOT A HARDWARE COMMAND,"PRELIMINARY - SIMULATOR-ONLY KINEMATIC SEQUENCE - NOT APPROVED FOR CONNECTION, POWERED TESTING, MOTION, WALKING, OR ENERGIZATION"
WS-R01,140,2.800,1,P01_CROUCHED_STAND,P02_LEFT_WEIGHT_TRANSFER,DOUBLE,0.009429050,0.000000000,0.387842385,9.901056000,6.565208,0.236603,346.880866,46.698131,0.000000,0.565266,SIMULATOR-ONLY REFERENCE - NOT A HARDWARE COMMAND,"PRELIMINARY - SIMULATOR-ONLY KINEMATIC SEQUENCE - NOT APPROVED FOR CONNECTION, POWERED TESTING, MOTION, WALKING, OR ENERGIZATION"
WS-R01,141,2.820,1,P01_CROUCHED_STAND,P02_LEFT_WEIGHT_TRANSFER,DOUBLE,0.009778445,0.000000000,0.387866543,9.901056000,6.830167,0.257892,346.905866,46.681689,0.000000,0.560419,SIMULATOR-ONLY REFERENCE - NOT A HARDWARE COMMAND,"PRELIMINARY - SIMULATOR-ONLY KINEMATIC SEQUENCE - NOT APPROVED FOR CONNECTION, POWERED TESTING, MOTION, WALKING, OR ENERGIZATION"
WS-R01,142,2.840,1,P01_CROUCHED_STAND,P02_LEFT_WEIGHT_TRANSFER,DOUBLE,0.010133408,0.000000000,0.387890389,9.901056000,7.099337,0.279522,346.930778,46.664984,0.000000,0.555493,SIMULATOR-ONLY REFERENCE - NOT A HARDWARE COMMAND,"PRELIMINARY - SIMULATOR-ONLY KINEMATIC SEQUENCE - NOT APPROVED FOR CONNECTION, POWERED TESTING, MOTION, WALKING, OR ENERGIZATION"
WS-R01,143,2.860,1,P01_CROUCHED_STAND,P02_LEFT_WEIGHT_TRANSFER,DOUBLE,0.010493827,0.000000000,0.387913885,9.901056000,7.372632,0.301488,346.955574,46.648020,-0.000000,0.550492,SIMULATOR-ONLY REFERENCE - NOT A HARDWARE COMMAND,"PRELIMINARY - SIMULATOR-ONLY KINEMATIC SEQUENCE - NOT APPROVED FOR CONNECTION, POWERED TESTING, MOTION, WALKING, OR ENERGIZATION"
WS-R01,144,2.880,1,P01_CROUCHED_STAND,P02_LEFT_WEIGHT_TRANSFER,DOUBLE,0.010859586,0.000000000,0.387936990,9.901056000,7.649963,0.323781,346.980223,46.630803,0.000000,0.545416,SIMULATOR-ONLY REFERENCE - NOT A HARDWARE COMMAND,"PRELIMINARY - SIMULATOR-ONLY KINEMATIC SEQUENCE - NOT APPROVED FOR CONNECTION, POWERED TESTING, MOTION, WALKING, OR ENERGIZATION"
WS-R01,145,2.900,1,P01_CROUCHED_STAND,P02_LEFT_WEIGHT_TRANSFER,DOUBLE,0.011230564,0.000000000,0.387959664,9.901056000,7.931241,0.346394,347.004692,46.613339,0.000000,0.540267,SIMULATOR-ONLY REFERENCE - NOT A HARDWARE COMMAND,"PRELIMINARY - SIMULATOR-ONLY KINEMATIC SEQUENCE - NOT APPROVED FOR CONNECTION, POWERED TESTING, MOTION, WALKING, OR ENERGIZATION"
WS-R01,146,2.920,1,P01_CROUCHED_STAND,P02_LEFT_WEIGHT_TRANSFER,DOUBLE,0.011606639,0.000000000,0.387981867,9.901056000,8.216372,0.369321,347.028954,46.595633,0.000000,0.535046,SIMULATOR-ONLY REFERENCE - NOT A HARDWARE COMMAND,"PRELIMINARY - SIMULATOR-ONLY KINEMATIC SEQUENCE - NOT APPROVED FOR CONNECTION, POWERED TESTING, MOTION, WALKING, OR ENERGIZATION"
WS-R01,147,2.940,1,P01_CROUCHED_STAND,P02_LEFT_WEIGHT_TRANSFER,DOUBLE,0.011987686,0.000000000,0.388003561,9.901056000,8.505259,0.392553,347.052976,46.577691,0.000000,0.529756,SIMULATOR-ONLY REFERENCE - NOT A HARDWARE COMMAND,"PRELIMINARY - SIMULATOR-ONLY KINEMATIC SEQUENCE - NOT APPROVED FOR CONNECTION, POWERED TESTING, MOTION, WALKING, OR ENERGIZATION"
WS-R01,148,2.960,1,P01_CROUCHED_STAND,P02_LEFT_WEIGHT_TRANSFER,DOUBLE,0.012373574,0.000000000,0.388024706,9.901056000,8.797806,0.416083,347.076729,46.559519,0.000000,0.524398,SIMULATOR-ONLY REFERENCE - NOT A HARDWARE COMMAND,"PRELIMINARY - SIMULATOR-ONLY KINEMATIC SEQUENCE - NOT APPROVED FOR CONNECTION, POWERED TESTING, MOTION, WALKING, OR ENERGIZATION"
WS-R01,149,2.980,1,P01_CROUCHED_STAND,P02_LEFT_WEIGHT_TRANSFER,DOUBLE,0.012764172,0.000000000,0.388045265,9.901056000,9.093911,0.439903,347.100183,46.541124,0.000000,0.518974,SIMULATOR-ONLY REFERENCE - NOT A HARDWARE COMMAND,"PRELIMINARY - SIMULATOR-ONLY KINEMATIC SEQUENCE - NOT APPROVED FOR CONNECTION, POWERED TESTING, MOTION, WALKING, OR ENERGIZATION"
WS-R01,150,3.000,1,P01_CROUCHED_STAND,P02_LEFT_WEIGHT_TRANSFER,DOUBLE,0.013159344,0.000000000,0.388065200,9.901056000,9.393473,0.464004,347.123309,46.522511,0.000000,0.513486,SIMULATOR-ONLY REFERENCE - NOT A HARDWARE COMMAND,"PRELIMINARY - SIMULATOR-ONLY KINEMATIC SEQUENCE - NOT APPROVED FOR CONNECTION, POWERED TESTING, MOTION, WALKING, OR ENERGIZATION"
WS-R01,151,3.020,1,P01_CROUCHED_STAND,P02_LEFT_WEIGHT_TRANSFER,DOUBLE,0.013558952,0.000000000,0.388084474,9.901056000,9.696386,0.488378,347.146078,46.503687,0.000000,0.507935,SIMULATOR-ONLY REFERENCE - NOT A HARDWARE COMMAND,"PRELIMINARY - SIMULATOR-ONLY KINEMATIC SEQUENCE - NOT APPROVED FOR CONNECTION, POWERED TESTING, MOTION, WALKING, OR ENERGIZATION"
WS-R01,152,3.040,1,P01_CROUCHED_STAND,P02_LEFT_WEIGHT_TRANSFER,DOUBLE,0.013962856,0.000000000,0.388103052,9.901056000,10.002543,0.513017,347.168462,46.484659,0.000000,0.502325,SIMULATOR-ONLY REFERENCE - NOT A HARDWARE COMMAND,"PRELIMINARY - SIMULATOR-ONLY KINEMATIC SEQUENCE - NOT APPROVED FOR CONNECTION, POWERED TESTING, MOTION, WALKING, OR ENERGIZATION"
WS-R01,153,3.060,1,P01_CROUCHED_STAND,P02_LEFT_WEIGHT_TRANSFER,DOUBLE,0.014370910,0.000000000,0.388120897,9.901056000,10.311837,0.537911,347.190432,46.465433,0.000000,0.496656,SIMULATOR-ONLY REFERENCE - NOT A HARDWARE COMMAND,"PRELIMINARY - SIMULATOR-ONLY KINEMATIC SEQUENCE - NOT APPROVED FOR CONNECTION, POWERED TESTING, MOTION, WALKING, OR ENERGIZATION"
WS-R01,154,3.080,1,P01_CROUCHED_STAND,P02_LEFT_WEIGHT_TRANSFER,DOUBLE,0.014782970,0.000000000,0.388137975,9.901056000,10.624156,0.563053,347.211961,46.446017,0.000000,0.490930,SIMULATOR-ONLY REFERENCE - NOT A HARDWARE COMMAND,"PRELIMINARY - SIMULATOR-ONLY KINEMATIC SEQUENCE - NOT APPROVED FOR CONNECTION, POWERED TESTING, MOTION, WALKING, OR ENERGIZATION"
WS-R01,155,3.100,1,P01_CROUCHED_STAND,P02_LEFT_WEIGHT_TRANSFER,DOUBLE,0.015198888,0.000000000,0.388154254,9.901056000,10.939388,0.588433,347.233022,46.426417,0.000000,0.485151,SIMULATOR-ONLY REFERENCE - NOT A HARDWARE COMMAND,"PRELIMINARY - SIMULATOR-ONLY KINEMATIC SEQUENCE - NOT APPROVED FOR CONNECTION, POWERED TESTING, MOTION, WALKING, OR ENERGIZATION"
WS-R01,156,3.120,1,P01_CROUCHED_STAND,P02_LEFT_WEIGHT_TRANSFER,DOUBLE,0.015618511,0.000000000,0.388169701,9.901056000,11.257419,0.614041,347.253590,46.406640,0.000000,0.479319,SIMULATOR-ONLY REFERENCE - NOT A HARDWARE COMMAND,"PRELIMINARY - SIMULATOR-ONLY KINEMATIC SEQUENCE - NOT APPROVED FOR CONNECTION, POWERED TESTING, MOTION, WALKING, OR ENERGIZATION"
WS-R01,157,3.140,1,P01_CROUCHED_STAND,P02_LEFT_WEIGHT_TRANSFER,DOUBLE,0.016041687,0.000000000,0.388184284,9.901056000,11.578133,0.639869,347.273639,46.386694,0.000000,0.473437,SIMULATOR-ONLY REFERENCE - NOT A HARDWARE COMMAND,"PRELIMINARY - SIMULATOR-ONLY KINEMATIC SEQUENCE - NOT APPROVED FOR CONNECTION, POWERED TESTING, MOTION, WALKING, OR ENERGIZATION"
WS-R01,158,3.160,1,P01_CROUCHED_STAND,P02_LEFT_WEIGHT_TRANSFER,DOUBLE,0.016468261,0.000000000,0.388197974,9.901056000,11.901413,0.665907,347.293144,46.366586,0.000000,0.467508,SIMULATOR-ONLY REFERENCE - NOT A HARDWARE COMMAND,"PRELIMINARY - SIMULATOR-ONLY KINEMATIC SEQUENCE - NOT APPROVED FOR CONNECTION, POWERED TESTING, MOTION, WALKING, OR ENERGIZATION"
WS-R01,159,3.180,1,P01_CROUCHED_STAND,P02_LEFT_WEIGHT_TRANSFER,DOUBLE,0.016898075,0.000000000,0.388210742,9.901056000,12.227140,0.692145,347.312082,46.346322,0.000000,0.461532,SIMULATOR-ONLY REFERENCE - NOT A HARDWARE COMMAND,"PRELIMINARY - SIMULATOR-ONLY KINEMATIC SEQUENCE - NOT APPROVED FOR CONNECTION, POWERED TESTING, MOTION, WALKING, OR ENERGIZATION"
WS-R01,160,3.200,1,P01_CROUCHED_STAND,P02_LEFT_WEIGHT_TRANSFER,DOUBLE,0.017330970,0.000000000,0.388222560,9.901056000,12.555194,0.718575,347.330429,46.325912,0.000000,0.455513,SIMULATOR-ONLY REFERENCE - NOT A HARDWARE COMMAND,"PRELIMINARY - SIMULATOR-ONLY KINEMATIC SEQUENCE - NOT APPROVED FOR CONNECTION, POWERED TESTING, MOTION, WALKING, OR ENERGIZATION"
WS-R01,161,3.220,1,P01_CROUCHED_STAND,P02_LEFT_WEIGHT_TRANSFER,DOUBLE,0.017766786,0.000000000,0.388233402,9.901056000,12.885452,0.745185,347.348163,46.305362,0.000000,0.449453,SIMULATOR-ONLY REFERENCE - NOT A HARDWARE COMMAND,"PRELIMINARY - SIMULATOR-ONLY KINEMATIC SEQUENCE - NOT APPROVED FOR CONNECTION, POWERED TESTING, MOTION, WALKING, OR ENERGIZATION"
WS-R01,162,3.240,1,P01_CROUCHED_STAND,P02_LEFT_WEIGHT_TRANSFER,DOUBLE,0.018205358,0.000000000,0.388243243,9.901056000,13.217793,0.771966,347.365264,46.284680,0.000000,0.443354,SIMULATOR-ONLY REFERENCE - NOT A HARDWARE COMMAND,"PRELIMINARY - SIMULATOR-ONLY KINEMATIC SEQUENCE - NOT APPROVED FOR CONNECTION, POWERED TESTING, MOTION, WALKING, OR ENERGIZATION"
WS-R01,163,3.260,1,P01_CROUCHED_STAND,P02_LEFT_WEIGHT_TRANSFER,DOUBLE,0.018646524,0.000000000,0.388252060,9.901056000,13.552091,0.798909,347.381711,46.263873,-0.000000,0.437218,SIMULATOR-ONLY REFERENCE - NOT A HARDWARE COMMAND,"PRELIMINARY - SIMULATOR-ONLY KINEMATIC SEQUENCE - NOT APPROVED FOR CONNECTION, POWERED TESTING, MOTION, WALKING, OR ENERGIZATION"
WS-R01,164,3.280,1,P01_CROUCHED_STAND,P02_LEFT_WEIGHT_TRANSFER,DOUBLE,0.019090116,0.000000000,0.388259830,9.901056000,13.888222,0.826002,347.397485,46.242950,0.000000,0.431048,SIMULATOR-ONLY REFERENCE - NOT A HARDWARE COMMAND,"PRELIMINARY - SIMULATOR-ONLY KINEMATIC SEQUENCE - NOT APPROVED FOR CONNECTION, POWERED TESTING, MOTION, WALKING, OR ENERGIZATION"
WS-R01,165,3.300,1,P01_CROUCHED_STAND,P02_LEFT_WEIGHT_TRANSFER,DOUBLE,0.019535968,0.000000000,0.388266534,9.901056000,14.226059,0.853236,347.412567,46.221919,0.000000,0.424845,SIMULATOR-ONLY REFERENCE - NOT A HARDWARE COMMAND,"PRELIMINARY - SIMULATOR-ONLY KINEMATIC SEQUENCE - NOT APPROVED FOR CONNECTION, POWERED TESTING, MOTION, WALKING, OR ENERGIZATION"
WS-R01,166,3.320,1,P01_CROUCHED_STAND,P02_LEFT_WEIGHT_TRANSFER,DOUBLE,0.019983911,0.000000000,0.388272153,9.901056000,14.565476,0.880600,347.426941,46.200787,-0.000000,0.418613,SIMULATOR-ONLY REFERENCE - NOT A HARDWARE COMMAND,"PRELIMINARY - SIMULATOR-ONLY KINEMATIC SEQUENCE - NOT APPROVED FOR CONNECTION, POWERED TESTING, MOTION, WALKING, OR ENERGIZATION"
WS-R01,167,3.340,1,P01_CROUCHED_STAND,P02_LEFT_WEIGHT_TRANSFER,DOUBLE,0.020433774,0.000000000,0.388276669,9.901056000,14.906343,0.908084,347.440591,46.179562,0.000000,0.412354,SIMULATOR-ONLY REFERENCE - NOT A HARDWARE COMMAND,"PRELIMINARY - SIMULATOR-ONLY KINEMATIC SEQUENCE - NOT APPROVED FOR CONNECTION, POWERED TESTING, MOTION, WALKING, OR ENERGIZATION"
WS-R01,168,3.360,1,P01_CROUCHED_STAND,P02_LEFT_WEIGHT_TRANSFER,DOUBLE,0.020885388,0.000000000,0.388280067,9.901056000,15.248532,0.935678,347.453501,46.158253,0.000000,0.406069,SIMULATOR-ONLY REFERENCE - NOT A HARDWARE COMMAND,"PRELIMINARY - SIMULATOR-ONLY KINEMATIC SEQUENCE - NOT APPROVED FOR CONNECTION, POWERED TESTING, MOTION, WALKING, OR ENERGIZATION"
WS-R01,169,3.380,1,P01_CROUCHED_STAND,P02_LEFT_WEIGHT_TRANSFER,DOUBLE,0.021338579,0.000000000,0.388282333,9.901056000,15.591912,0.963371,347.465658,46.136867,0.000000,0.399762,SIMULATOR-ONLY REFERENCE - NOT A HARDWARE COMMAND,"PRELIMINARY - SIMULATOR-ONLY KINEMATIC SEQUENCE - NOT APPROVED FOR CONNECTION, POWERED TESTING, MOTION, WALKING, OR ENERGIZATION"
WS-R01,170,3.400,1,P01_CROUCHED_STAND,P02_LEFT_WEIGHT_TRANSFER,DOUBLE,0.021793174,0.000000000,0.388283454,9.901056000,15.936355,0.991152,347.477049,46.115414,0.000000,0.393434,SIMULATOR-ONLY REFERENCE - NOT A HARDWARE COMMAND,"PRELIMINARY - SIMULATOR-ONLY KINEMATIC SEQUENCE - NOT APPROVED FOR CONNECTION, POWERED TESTING, MOTION, WALKING, OR ENERGIZATION"
WS-R01,171,3.420,1,P01_CROUCHED_STAND,P02_LEFT_WEIGHT_TRANSFER,DOUBLE,0.022249001,0.000000000,0.388283420,9.901056000,16.281728,1.019011,347.487664,46.093900,0.000000,0.387089,SIMULATOR-ONLY REFERENCE - NOT A HARDWARE COMMAND,"PRELIMINARY - SIMULATOR-ONLY KINEMATIC SEQUENCE - NOT APPROVED FOR CONNECTION, POWERED TESTING, MOTION, WALKING, OR ENERGIZATION"
WS-R01,172,3.440,1,P01_CROUCHED_STAND,P02_LEFT_WEIGHT_TRANSFER,DOUBLE,0.022705884,0.000000000,0.388282223,9.901056000,16.627900,1.046936,347.497490,46.072335,0.000000,0.380729,SIMULATOR-ONLY REFERENCE - NOT A HARDWARE COMMAND,"PRELIMINARY - SIMULATOR-ONLY KINEMATIC SEQUENCE - NOT APPROVED FOR CONNECTION, POWERED TESTING, MOTION, WALKING, OR ENERGIZATION"
WS-R01,173,3.460,1,P01_CROUCHED_STAND,P02_LEFT_WEIGHT_TRANSFER,DOUBLE,0.023163648,0.000000000,0.388279855,9.901056000,16.974738,1.074919,347.506521,46.050726,0.000000,0.374356,SIMULATOR-ONLY REFERENCE - NOT A HARDWARE COMMAND,"PRELIMINARY - SIMULATOR-ONLY KINEMATIC SEQUENCE - NOT APPROVED FOR CONNECTION, POWERED TESTING, MOTION, WALKING, OR ENERGIZATION"
WS-R01,174,3.480,1,P01_CROUCHED_STAND,P02_LEFT_WEIGHT_TRANSFER,DOUBLE,0.023622118,0.000000000,0.388276312,9.901056000,17.322112,1.102946,347.514747,46.029082,0.000000,0.367972,SIMULATOR-ONLY REFERENCE - NOT A HARDWARE COMMAND,"PRELIMINARY - SIMULATOR-ONLY KINEMATIC SEQUENCE - NOT APPROVED FOR CONNECTION, POWERED TESTING, MOTION, WALKING, OR ENERGIZATION"
WS-R01,175,3.500,1,P01_CROUCHED_STAND,P02_LEFT_WEIGHT_TRANSFER,DOUBLE,0.024081118,0.000000000,0.388271589,9.901056000,17.669887,1.131009,347.522162,46.007411,0.000000,0.361580,SIMULATOR-ONLY REFERENCE - NOT A HARDWARE COMMAND,"PRELIMINARY - SIMULATOR-ONLY KINEMATIC SEQUENCE - NOT APPROVED FOR CONNECTION, POWERED TESTING, MOTION, WALKING, OR ENERGIZATION"
WS-R01,176,3.520,1,P01_CROUCHED_STAND,P02_LEFT_WEIGHT_TRANSFER,DOUBLE,0.024540471,0.000000000,0.388265686,9.901056000,18.017931,1.159095,347.528762,45.985722,0.000000,0.355183,SIMULATOR-ONLY REFERENCE - NOT A HARDWARE COMMAND,"PRELIMINARY - SIMULATOR-ONLY KINEMATIC SEQUENCE - NOT APPROVED FOR CONNECTION, POWERED TESTING, MOTION, WALKING, OR ENERGIZATION"
WS-R01,177,3.540,1,P01_CROUCHED_STAND,P02_LEFT_WEIGHT_TRANSFER,DOUBLE,0.025000000,0.000000000,0.388258602,9.901056000,18.366110,1.187195,347.534542,45.964023,0.000000,0.348782,SIMULATOR-ONLY REFERENCE - NOT A HARDWARE COMMAND,"PRELIMINARY - SIMULATOR-ONLY KINEMATIC SEQUENCE - NOT APPROVED FOR CONNECTION, POWERED TESTING, MOTION, WALKING, OR ENERGIZATION"
WS-R01,178,3.560,1,P01_CROUCHED_STAND,P02_LEFT_WEIGHT_TRANSFER,DOUBLE,0.025459529,0.000000000,0.388250339,9.901056000,18.714292,1.215296,347.539499,45.942322,-0.000000,0.342381,SIMULATOR-ONLY REFERENCE - NOT A HARDWARE COMMAND,"PRELIMINARY - SIMULATOR-ONLY KINEMATIC SEQUENCE - NOT APPROVED FOR CONNECTION, POWERED TESTING, MOTION, WALKING, OR ENERGIZATION"
WS-R01,179,3.580,1,P01_CROUCHED_STAND,P02_LEFT_WEIGHT_TRANSFER,DOUBLE,0.025918882,0.000000000,0.388240902,9.901056000,19.062344,1.243389,347.543632,45.920628,0.000000,0.335982,SIMULATOR-ONLY REFERENCE - NOT A HARDWARE COMMAND,"PRELIMINARY - SIMULATOR-ONLY KINEMATIC SEQUENCE - NOT APPROVED FOR CONNECTION, POWERED TESTING, MOTION, WALKING, OR ENERGIZATION"
WS-R01,180,3.600,1,P01_CROUCHED_STAND,P02_LEFT_WEIGHT_TRANSFER,DOUBLE,0.026377882,0.000000000,0.388230296,9.901056000,19.410132,1.271463,347.546940,45.898949,0.000000,0.329588,SIMULATOR-ONLY REFERENCE - NOT A HARDWARE COMMAND,"PRELIMINARY - SIMULATOR-ONLY KINEMATIC SEQUENCE - NOT APPROVED FOR CONNECTION, POWERED TESTING, MOTION, WALKING, OR ENERGIZATION"
WS-R01,181,3.620,1,P01_CROUCHED_STAND,P02_LEFT_WEIGHT_TRANSFER,DOUBLE,0.026836352,0.000000000,0.388218529,9.901056000,19.757523,1.299506,347.549426,45.877294,0.000000,0.323200,SIMULATOR-ONLY REFERENCE - NOT A HARDWARE COMMAND,"PRELIMINARY - SIMULATOR-ONLY KINEMATIC SEQUENCE - NOT APPROVED FOR CONNECTION, POWERED TESTING, MOTION, WALKING, OR ENERGIZATION"
WS-R01,182,3.640,1,P01_CROUCHED_STAND,P02_LEFT_WEIGHT_TRANSFER,DOUBLE,0.027294116,0.000000000,0.388205610,9.901056000,20.104385,1.327508,347.551091,45.855670,0.000000,0.316822,SIMULATOR-ONLY REFERENCE - NOT A HARDWARE COMMAND,"PRELIMINARY - SIMULATOR-ONLY KINEMATIC SEQUENCE - NOT APPROVED FOR CONNECTION, POWERED TESTING, MOTION, WALKING, OR ENERGIZATION"
WS-R01,183,3.660,1,P01_CROUCHED_STAND,P02_LEFT_WEIGHT_TRANSFER,DOUBLE,0.027750999,0.000000000,0.388191550,9.901056000,20.450585,1.355459,347.551938,45.834087,-0.000000,0.310455,SIMULATOR-ONLY REFERENCE - NOT A HARDWARE COMMAND,"PRELIMINARY - SIMULATOR-ONLY KINEMATIC SEQUENCE - NOT APPROVED FOR CONNECTION, POWERED TESTING, MOTION, WALKING, OR ENERGIZATION"
WS-R01,184,3.680,1,P01_CROUCHED_STAND,P02_LEFT_WEIGHT_TRANSFER,DOUBLE,0.028206826,0.000000000,0.388176361,9.901056000,20.795991,1.383346,347.551973,45.812551,0.000000,0.304102,SIMULATOR-ONLY REFERENCE - NOT A HARDWARE COMMAND,"PRELIMINARY - SIMULATOR-ONLY KINEMATIC SEQUENCE - NOT APPROVED FOR CONNECTION, POWERED TESTING, MOTION, WALKING, OR ENERGIZATION"
WS-R01,185,3.700,1,P01_CROUCHED_STAND,P02_LEFT_WEIGHT_TRANSFER,DOUBLE,0.028661421,0.000000000,0.388160060,9.901056000,21.140472,1.411160,347.551202,45.791073,0.000000,0.297766,SIMULATOR-ONLY REFERENCE - NOT A HARDWARE COMMAND,"PRELIMINARY - SIMULATOR-ONLY KINEMATIC SEQUENCE - NOT APPROVED FOR CONNECTION, POWERED TESTING, MOTION, WALKING, OR ENERGIZATION"
WS-R01,186,3.720,1,P01_CROUCHED_STAND,P02_LEFT_WEIGHT_TRANSFER,DOUBLE,0.029114612,0.000000000,0.388142661,9.901056000,21.483896,1.438890,347.549632,45.769660,0.000000,0.291450,SIMULATOR-ONLY REFERENCE - NOT A HARDWARE COMMAND,"PRELIMINARY - SIMULATOR-ONLY KINEMATIC SEQUENCE - NOT APPROVED FOR CONNECTION, POWERED TESTING, MOTION, WALKING, OR ENERGIZATION"
WS-R01,187,3.740,1,P01_CROUCHED_STAND,P02_LEFT_WEIGHT_TRANSFER,DOUBLE,0.029566226,0.000000000,0.388124183,9.901056000,21.826133,1.466526,347.547271,45.748320,0.000000,0.285155,SIMULATOR-ONLY REFERENCE - NOT A HARDWARE COMMAND,"PRELIMINARY - SIMULATOR-ONLY KINEMATIC SEQUENCE - NOT APPROVED FOR CONNECTION, POWERED TESTING, MOTION, WALKING, OR ENERGIZATION"
WS-R01,188,3.760,1,P01_CROUCHED_STAND,P02_LEFT_WEIGHT_TRANSFER,DOUBLE,0.030016089,0.000000000,0.388104645,9.901056000,22.167053,1.494055,347.544129,45.727061,0.000000,0.278883,SIMULATOR-ONLY REFERENCE - NOT A HARDWARE COMMAND,"PRELIMINARY - SIMULATOR-ONLY KINEMATIC SEQUENCE - NOT APPROVED FOR CONNECTION, POWERED TESTING, MOTION, WALKING, OR ENERGIZATION"
WS-R01,189,3.780,1,P01_CROUCHED_STAND,P02_LEFT_WEIGHT_TRANSFER,DOUBLE,0.030464032,0.000000000,0.388084070,9.901056000,22.506526,1.521469,347.540218,45.705892,0.000000,0.272638,SIMULATOR-ONLY REFERENCE - NOT A HARDWARE COMMAND,"PRELIMINARY - SIMULATOR-ONLY KINEMATIC SEQUENCE - NOT APPROVED FOR CONNECTION, POWERED TESTING, MOTION, WALKING, OR ENERGIZATION"
WS-R01,190,3.800,1,P01_CROUCHED_STAND,P02_LEFT_WEIGHT_TRANSFER,DOUBLE,0.030909884,0.000000000,0.388062479,9.901056000,22.844426,1.548757,347.535549,45.684821,0.000000,0.266422,SIMULATOR-ONLY REFERENCE - NOT A HARDWARE COMMAND,"PRELIMINARY - SIMULATOR-ONLY KINEMATIC SEQUENCE - NOT APPROVED FOR CONNECTION, POWERED TESTING, MOTION, WALKING, OR ENERGIZATION"
WS-R01,191,3.820,1,P01_CROUCHED_STAND,P02_LEFT_WEIGHT_TRANSFER,DOUBLE,0.031353476,0.000000000,0.388039898,9.901056000,23.180623,1.575908,347.530135,45.663855,0.000000,0.260237,SIMULATOR-ONLY REFERENCE - NOT A HARDWARE COMMAND,"PRELIMINARY - SIMULATOR-ONLY KINEMATIC SEQUENCE - NOT APPROVED FOR CONNECTION, POWERED TESTING, MOTION, WALKING, OR ENERGIZATION"
WS-R01,192,3.840,1,P01_CROUCHED_STAND,P02_LEFT_WEIGHT_TRANSFER,DOUBLE,0.031794642,0.000000000,0.388016352,9.901056000,23.514993,1.602912,347.523990,45.643003,0.000000,0.254085,SIMULATOR-ONLY REFERENCE - NOT A HARDWARE COMMAND,"PRELIMINARY - SIMULATOR-ONLY KINEMATIC SEQUENCE - NOT APPROVED FOR CONNECTION, POWERED TESTING, MOTION, WALKING, OR ENERGIZATION"
WS-R01,193,3.860,1,P01_CROUCHED_STAND,P02_LEFT_WEIGHT_TRANSFER,DOUBLE,0.032233214,0.000000000,0.387991869,9.901056000,23.847409,1.629758,347.517131,45.622273,0.000000,0.247969,SIMULATOR-ONLY REFERENCE - NOT A HARDWARE COMMAND,"PRELIMINARY - SIMULATOR-ONLY KINEMATIC SEQUENCE - NOT APPROVED FOR CONNECTION, POWERED TESTING, MOTION, WALKING, OR ENERGIZATION"
WS-R01,194,3.880,1,P01_CROUCHED_STAND,P02_LEFT_WEIGHT_TRANSFER,DOUBLE,0.032669030,0.000000000,0.387966477,9.901056000,24.177747,1.656437,347.509572,45.601671,0.000000,0.241892,SIMULATOR-ONLY REFERENCE - NOT A HARDWARE COMMAND,"PRELIMINARY - SIMULATOR-ONLY KINEMATIC SEQUENCE - NOT APPROVED FOR CONNECTION, POWERED TESTING, MOTION, WALKING, OR ENERGIZATION"
WS-R01,195,3.900,1,P01_CROUCHED_STAND,P02_LEFT_WEIGHT_TRANSFER,DOUBLE,0.033101925,0.000000000,0.387940208,9.901056000,24.505884,1.682939,347.501332,45.581207,0.000000,0.235854,SIMULATOR-ONLY REFERENCE - NOT A HARDWARE COMMAND,"PRELIMINARY - SIMULATOR-ONLY KINEMATIC SEQUENCE - NOT APPROVED FOR CONNECTION, POWERED TESTING, MOTION, WALKING, OR ENERGIZATION"
WS-R01,196,3.920,1,P01_CROUCHED_STAND,P02_LEFT_WEIGHT_TRANSFER,DOUBLE,0.033531739,0.000000000,0.387913092,9.901056000,24.831698,1.709253,347.492429,45.560888,0.000000,0.229859,SIMULATOR-ONLY REFERENCE - NOT A HARDWARE COMMAND,"PRELIMINARY - SIMULATOR-ONLY KINEMATIC SEQUENCE - NOT APPROVED FOR CONNECTION, POWERED TESTING, MOTION, WALKING, OR ENERGIZATION"
WS-R01,197,3.940,1,P01_CROUCHED_STAND,P02_LEFT_WEIGHT_TRANSFER,DOUBLE,0.033958313,0.000000000,0.387885164,9.901056000,25.155069,1.735370,347.482882,45.540721,0.000000,0.223909,SIMULATOR-ONLY REFERENCE - NOT A HARDWARE COMMAND,"PRELIMINARY - SIMULATOR-ONLY KINEMATIC SEQUENCE - NOT APPROVED FOR CONNECTION, POWERED TESTING, MOTION, WALKING, OR ENERGIZATION"
WS-R01,198,3.960,1,P01_CROUCHED_STAND,P02_LEFT_WEIGHT_TRANSFER,DOUBLE,0.034381489,0.000000000,0.387856455,9.901056000,25.475879,1.761280,347.472710,45.520713,0.000000,0.218006,SIMULATOR-ONLY REFERENCE - NOT A HARDWARE COMMAND,"PRELIMINARY - SIMULATOR-ONLY KINEMATIC SEQUENCE - NOT APPROVED FOR CONNECTION, POWERED TESTING, MOTION, WALKING, OR ENERGIZATION"
WS-R01,199,3.980,1,P01_CROUCHED_STAND,P02_LEFT_WEIGHT_TRANSFER,DOUBLE,0.034801112,0.000000000,0.387827003,9.901056000,25.794008,1.786974,347.461936,45.500873,-0.000000,0.212153,SIMULATOR-ONLY REFERENCE - NOT A HARDWARE COMMAND,"PRELIMINARY - SIMULATOR-ONLY KINEMATIC SEQUENCE - NOT APPROVED FOR CONNECTION, POWERED TESTING, MOTION, WALKING, OR ENERGIZATION"
WS-R01,200,4.000,1,P01_CROUCHED_STAND,P02_LEFT_WEIGHT_TRANSFER,DOUBLE,0.035217030,0.000000000,0.387796843,9.901056000,26.109342,1.812442,347.450581,45.481208,0.000000,0.206351,SIMULATOR-ONLY REFERENCE - NOT A HARDWARE COMMAND,"PRELIMINARY - SIMULATOR-ONLY KINEMATIC SEQUENCE - NOT APPROVED FOR CONNECTION, POWERED TESTING, MOTION, WALKING, OR ENERGIZATION"
WS-R01,201,4.020,1,P01_CROUCHED_STAND,P02_LEFT_WEIGHT_TRANSFER,DOUBLE,0.035629090,0.000000000,0.387766013,9.901056000,26.421766,1.837674,347.438667,45.461724,0.000000,0.200602,SIMULATOR-ONLY REFERENCE - NOT A HARDWARE COMMAND,"PRELIMINARY - SIMULATOR-ONLY KINEMATIC SEQUENCE - NOT APPROVED FOR CONNECTION, POWERED TESTING, MOTION, WALKING, OR ENERGIZATION"
WS-R01,202,4.040,1,P01_CROUCHED_STAND,P02_LEFT_WEIGHT_TRANSFER,DOUBLE,0.036037144,0.000000000,0.387734550,9.901056000,26.731168,1.862663,347.426218,45.442429,0.000000,0.194909,SIMULATOR-ONLY REFERENCE - NOT A HARDWARE COMMAND,"PRELIMINARY - SIMULATOR-ONLY KINEMATIC SEQUENCE - NOT APPROVED FOR CONNECTION, POWERED TESTING, MOTION, WALKING, OR ENERGIZATION"
WS-R01,203,4.060,1,P01_CROUCHED_STAND,P02_LEFT_WEIGHT_TRANSFER,DOUBLE,0.036441048,0.000000000,0.387702495,9.901056000,27.037437,1.887397,347.413257,45.423329,0.000000,0.189273,SIMULATOR-ONLY REFERENCE - NOT A HARDWARE COMMAND,"PRELIMINARY - SIMULATOR-ONLY KINEMATIC SEQUENCE - NOT APPROVED FOR CONNECTION, POWERED TESTING, MOTION, WALKING, OR ENERGIZATION"
WS-R01,204,4.080,1,P01_CROUCHED_STAND,P02_LEFT_WEIGHT_TRANSFER,DOUBLE,0.036840656,0.000000000,0.387669887,9.901056000,27.340463,1.911870,347.399810,45.404432,0.000000,0.183698,SIMULATOR-ONLY REFERENCE - NOT A HARDWARE COMMAND,"PRELIMINARY - SIMULATOR-ONLY KINEMATIC SEQUENCE - NOT APPROVED FOR CONNECTION, POWERED TESTING, MOTION, WALKING, OR ENERGIZATION"
WS-R01,205,4.100,1,P01_CROUCHED_STAND,P02_LEFT_WEIGHT_TRANSFER,DOUBLE,0.037235828,0.000000000,0.387636767,9.901056000,27.640141,1.936072,347.385901,45.385744,0.000000,0.178184,SIMULATOR-ONLY REFERENCE - NOT A HARDWARE COMMAND,"PRELIMINARY - SIMULATOR-ONLY KINEMATIC SEQUENCE - NOT APPROVED FOR CONNECTION, POWERED TESTING, MOTION, WALKING, OR ENERGIZATION"
WS-R01,206,4.120,1,P01_CROUCHED_STAND,P02_LEFT_WEIGHT_TRANSFER,DOUBLE,0.037626426,0.000000000,0.387603176,9.901056000,27.936365,1.959994,347.371557,45.367272,0.000000,0.172733,SIMULATOR-ONLY REFERENCE - NOT A HARDWARE COMMAND,"PRELIMINARY - SIMULATOR-ONLY KINEMATIC SEQUENCE - NOT APPROVED FOR CONNECTION, POWERED TESTING, MOTION, WALKING, OR ENERGIZATION"
WS-R01,207,4.140,1,P01_CROUCHED_STAND,P02_LEFT_WEIGHT_TRANSFER,DOUBLE,0.038012314,0.000000000,0.387569156,9.901056000,28.229033,1.983629,347.356802,45.349023,0.000000,0.167348,SIMULATOR-ONLY REFERENCE - NOT A HARDWARE COMMAND,"PRELIMINARY - SIMULATOR-ONLY KINEMATIC SEQUENCE - NOT APPROVED FOR CONNECTION, POWERED TESTING, MOTION, WALKING, OR ENERGIZATION"
WS-R01,208,4.160,1,P01_CROUCHED_STAND,P02_LEFT_WEIGHT_TRANSFER,DOUBLE,0.038393361,0.000000000,0.387534751,9.901056000,28.518044,2.006968,347.341665,45.331002,0.000000,0.162031,SIMULATOR-ONLY REFERENCE - NOT A HARDWARE COMMAND,"PRELIMINARY - SIMULATOR-ONLY KINEMATIC SEQUENCE - NOT APPROVED FOR CONNECTION, POWERED TESTING, MOTION, WALKING, OR ENERGIZATION"
WS-R01,209,4.180,1,P01_CROUCHED_STAND,P02_LEFT_WEIGHT_TRANSFER,DOUBLE,0.038769436,0.000000000,0.387500003,9.901056000,28.803299,2.030002,347.326172,45.313215,0.000000,0.156783,SIMULATOR-ONLY REFERENCE - NOT A HARDWARE COMMAND,"PRELIMINARY - SIMULATOR-ONLY KINEMATIC SEQUENCE - NOT APPROVED FOR CONNECTION, POWERED TESTING, MOTION, WALKING, OR ENERGIZATION"
WS-R01,210,4.200,1,P01_CROUCHED_STAND,P02_LEFT_WEIGHT_TRANSFER,DOUBLE,0.039140414,0.000000000,0.387464955,9.901056000,29.084704,2.052726,347.310349,45.295669,0.000000,0.151605,SIMULATOR-ONLY REFERENCE - NOT A HARDWARE COMMAND,"PRELIMINARY - SIMULATOR-ONLY KINEMATIC SEQUENCE - NOT APPROVED FOR CONNECTION, POWERED TESTING, MOTION, WALKING, OR ENERGIZATION"
WS-R01,211,4.220,1,P01_CROUCHED_STAND,P02_LEFT_WEIGHT_TRANSFER,DOUBLE,0.039506173,0.000000000,0.387429651,9.901056000,29.362164,2.075130,347.294226,45.278370,0.000000,0.146500,SIMULATOR-ONLY REFERENCE - NOT A HARDWARE COMMAND,"PRELIMINARY - SIMULATOR-ONLY KINEMATIC SEQUENCE - NOT APPROVED FOR CONNECTION, POWERED TESTING, MOTION, WALKING, OR ENERGIZATION"
WS-R01,212,4.240,1,P01_CROUCHED_STAND,P02_LEFT_WEIGHT_TRANSFER,DOUBLE,0.039866592,0.000000000,0.387394135,9.901056000,29.635588,2.097207,347.277830,45.261323,0.000000,0.141470,SIMULATOR-ONLY REFERENCE - NOT A HARDWARE COMMAND,"PRELIMINARY - SIMULATOR-ONLY KINEMATIC SEQUENCE - NOT APPROVED FOR CONNECTION, POWERED TESTING, MOTION, WALKING, OR ENERGIZATION"
WS-R01,213,4.260,1,P01_CROUCHED_STAND,P02_LEFT_WEIGHT_TRANSFER,DOUBLE,0.040221555,0.000000000,0.387358451,9.901056000,29.904888,2.118951,347.261189,45.244533,0.000000,0.136516,SIMULATOR-ONLY REFERENCE - NOT A HARDWARE COMMAND,"PRELIMINARY - SIMULATOR-ONLY KINEMATIC SEQUENCE - NOT APPROVED FOR CONNECTION, POWERED TESTING, MOTION, WALKING, OR ENERGIZATION"
WS-R01,214,4.280,1,P01_CROUCHED_STAND,P02_LEFT_WEIGHT_TRANSFER,DOUBLE,0.040570950,0.000000000,0.387322643,9.901056000,30.169979,2.140354,347.244330,45.228007,0.000000,0.131639,SIMULATOR-ONLY REFERENCE - NOT A HARDWARE COMMAND,"PRELIMINARY - SIMULATOR-ONLY KINEMATIC SEQUENCE - NOT APPROVED FOR CONNECTION, POWERED TESTING, MOTION, WALKING, OR ENERGIZATION"
WS-R01,215,4.300,1,P01_CROUCHED_STAND,P02_LEFT_WEIGHT_TRANSFER,DOUBLE,0.040914668,0.000000000,0.387286754,9.901056000,30.430777,2.161409,347.227283,45.211749,0.000000,0.126842,SIMULATOR-ONLY REFERENCE - NOT A HARDWARE COMMAND,"PRELIMINARY - SIMULATOR-ONLY KINEMATIC SEQUENCE - NOT APPROVED FOR CONNECTION, POWERED TESTING, MOTION, WALKING, OR ENERGIZATION"
WS-R01,216,4.320,1,P01_CROUCHED_STAND,P02_LEFT_WEIGHT_TRANSFER,DOUBLE,0.041252605,0.000000000,0.387250830,9.901056000,30.687202,2.182111,347.210075,45.195764,0.000000,0.122125,SIMULATOR-ONLY REFERENCE - NOT A HARDWARE COMMAND,"PRELIMINARY - SIMULATOR-ONLY KINEMATIC SEQUENCE - NOT APPROVED FOR CONNECTION, POWERED TESTING, MOTION, WALKING, OR ENERGIZATION"
WS-R01,217,4.340,1,P01_CROUCHED_STAND,P02_LEFT_WEIGHT_TRANSFER,DOUBLE,0.041584658,0.000000000,0.387214913,9.901056000,30.939178,2.202453,347.192735,45.180058,-0.000000,0.117490,SIMULATOR-ONLY REFERENCE - NOT A HARDWARE COMMAND,"PRELIMINARY - SIMULATOR-ONLY KINEMATIC SEQUENCE - NOT APPROVED FOR CONNECTION, POWERED TESTING, MOTION, WALKING, OR ENERGIZATION"
WS-R01,218,4.360,1,P01_CROUCHED_STAND,P02_LEFT_WEIGHT_TRANSFER,DOUBLE,0.041910732,0.000000000,0.387179048,9.901056000,31.186629,2.222428,347.175291,45.164634,0.000000,0.112938,SIMULATOR-ONLY REFERENCE - NOT A HARDWARE COMMAND,"PRELIMINARY - SIMULATOR-ONLY KINEMATIC SEQUENCE - NOT APPROVED FOR CONNECTION, POWERED TESTING, MOTION, WALKING, OR ENERGIZATION"
WS-R01,219,4.380,1,P01_CROUCHED_STAND,P02_LEFT_WEIGHT_TRANSFER,DOUBLE,0.042230732,0.000000000,0.387143276,9.901056000,31.429485,2.242032,347.157770,45.149497,0.000000,0.108471,SIMULATOR-ONLY REFERENCE - NOT A HARDWARE COMMAND,"PRELIMINARY - SIMULATOR-ONLY KINEMATIC SEQUENCE - NOT APPROVED FOR CONNECTION, POWERED TESTING, MOTION, WALKING, OR ENERGIZATION"
WS-R01,220,4.400,1,P01_CROUCHED_STAND,P02_LEFT_WEIGHT_TRANSFER,DOUBLE,0.042544569,0.000000000,0.387107641,9.901056000,31.667678,2.261259,347.140201,45.134651,0.000000,0.104090,SIMULATOR-ONLY REFERENCE - NOT A HARDWARE COMMAND,"PRELIMINARY - SIMULATOR-ONLY KINEMATIC SEQUENCE - NOT APPROVED FOR CONNECTION, POWERED TESTING, MOTION, WALKING, OR ENERGIZATION"
WS-R01,221,4.420,1,P01_CROUCHED_STAND,P02_LEFT_WEIGHT_TRANSFER,DOUBLE,0.042852160,0.000000000,0.387072186,9.901056000,31.901142,2.280103,347.122610,45.120101,0.000000,0.099796,SIMULATOR-ONLY REFERENCE - NOT A HARDWARE COMMAND,"PRELIMINARY - SIMULATOR-ONLY KINEMATIC SEQUENCE - NOT APPROVED FOR CONNECTION, POWERED TESTING, MOTION, WALKING, OR ENERGIZATION"
WS-R01,222,4.440,1,P01_CROUCHED_STAND,P02_LEFT_WEIGHT_TRANSFER,DOUBLE,0.043153424,0.000000000,0.387036950,9.901056000,32.129817,2.298560,347.105026,45.105850,-0.000000,0.095590,SIMULATOR-ONLY REFERENCE - NOT A HARDWARE COMMAND,"PRELIMINARY - SIMULATOR-ONLY KINEMATIC SEQUENCE - NOT APPROVED FOR CONNECTION, POWERED TESTING, MOTION, WALKING, OR ENERGIZATION"
WS-R01,223,4.460,1,P01_CROUCHED_STAND,P02_LEFT_WEIGHT_TRANSFER,DOUBLE,0.043448285,0.000000000,0.387001976,9.901056000,32.353643,2.316624,347.087474,45.091902,0.000000,0.091474,SIMULATOR-ONLY REFERENCE - NOT A HARDWARE COMMAND,"PRELIMINARY - SIMULATOR-ONLY KINEMATIC SEQUENCE - NOT APPROVED FOR CONNECTION, POWERED TESTING, MOTION, WALKING, OR ENERGIZATION"
WS-R01,224,4.480,1,P01_CROUCHED_STAND,P02_LEFT_WEIGHT_TRANSFER,DOUBLE,0.043736671,0.000000000,0.386967303,9.901056000,32.572568,2.334292,347.069981,45.078260,0.000000,0.087448,SIMULATOR-ONLY REFERENCE - NOT A HARDWARE COMMAND,"PRELIMINARY - SIMULATOR-ONLY KINEMATIC SEQUENCE - NOT APPROVED FOR CONNECTION, POWERED TESTING, MOTION, WALKING, OR ENERGIZATION"
WS-R01,225,4.500,1,P01_CROUCHED_STAND,P02_LEFT_WEIGHT_TRANSFER,DOUBLE,0.044018517,0.000000000,0.386932971,9.901056000,32.786538,2.351560,347.052574,45.064927,0.000000,0.083513,SIMULATOR-ONLY REFERENCE - NOT A HARDWARE COMMAND,"PRELIMINARY - SIMULATOR-ONLY KINEMATIC SEQUENCE - NOT APPROVED FOR CONNECTION, POWERED TESTING, MOTION, WALKING, OR ENERGIZATION"
WS-R01,226,4.520,1,P01_CROUCHED_STAND,P02_LEFT_WEIGHT_TRANSFER,DOUBLE,0.044293761,0.000000000,0.386899018,9.901056000,32.995508,2.368423,347.035277,45.051907,0.000000,0.079671,SIMULATOR-ONLY REFERENCE - NOT A HARDWARE COMMAND,"PRELIMINARY - SIMULATOR-ONLY KINEMATIC SEQUENCE - NOT APPROVED FOR CONNECTION, POWERED TESTING, MOTION, WALKING, OR ENERGIZATION"
WS-R01,227,4.540,1,P01_CROUCHED_STAND,P02_LEFT_WEIGHT_TRANSFER,DOUBLE,0.044562345,0.000000000,0.386865482,9.901056000,33.199432,2.384878,347.018115,45.039201,0.000000,0.075921,SIMULATOR-ONLY REFERENCE - NOT A HARDWARE COMMAND,"PRELIMINARY - SIMULATOR-ONLY KINEMATIC SEQUENCE - NOT APPROVED FOR CONNECTION, POWERED TESTING, MOTION, WALKING, OR ENERGIZATION"
WS-R01,228,4.560,1,P01_CROUCHED_STAND,P02_LEFT_WEIGHT_TRANSFER,DOUBLE,0.044824219,0.000000000,0.386832399,9.901056000,33.398271,2.400922,347.001113,45.026813,0.000000,0.072265,SIMULATOR-ONLY REFERENCE - NOT A HARDWARE COMMAND,"PRELIMINARY - SIMULATOR-ONLY KINEMATIC SEQUENCE - NOT APPROVED FOR CONNECTION, POWERED TESTING, MOTION, WALKING, OR ENERGIZATION"
WS-R01,229,4.580,1,P01_CROUCHED_STAND,P02_LEFT_WEIGHT_TRANSFER,DOUBLE,0.045079334,0.000000000,0.386799804,9.901056000,33.591990,2.416552,346.984294,45.014744,0.000000,0.068703,SIMULATOR-ONLY REFERENCE - NOT A HARDWARE COMMAND,"PRELIMINARY - SIMULATOR-ONLY KINEMATIC SEQUENCE - NOT APPROVED FOR CONNECTION, POWERED TESTING, MOTION, WALKING, OR ENERGIZATION"
WS-R01,230,4.600,1,P01_CROUCHED_STAND,P02_LEFT_WEIGHT_TRANSFER,DOUBLE,0.045327651,0.000000000,0.386767731,9.901056000,33.780555,2.431766,346.967681,45.002998,0.000000,0.065236,SIMULATOR-ONLY REFERENCE - NOT A HARDWARE COMMAND,"PRELIMINARY - SIMULATOR-ONLY KINEMATIC SEQUENCE - NOT APPROVED FOR CONNECTION, POWERED TESTING, MOTION, WALKING, OR ENERGIZATION"
WS-R01,231,4.620,1,P01_CROUCHED_STAND,P02_LEFT_WEIGHT_TRANSFER,DOUBLE,0.045569131,0.000000000,0.386736214,9.901056000,33.963938,2.446561,346.951296,44.991574,0.000000,0.061865,SIMULATOR-ONLY REFERENCE - NOT A HARDWARE COMMAND,"PRELIMINARY - SIMULATOR-ONLY KINEMATIC SEQUENCE - NOT APPROVED FOR CONNECTION, POWERED TESTING, MOTION, WALKING, OR ENERGIZATION"
WS-R01,232,4.640,1,P01_CROUCHED_STAND,P02_LEFT_WEIGHT_TRANSFER,DOUBLE,0.045803745,0.000000000,0.386705283,9.901056000,34.142115,2.460935,346.935161,44.980475,0.000000,0.058589,SIMULATOR-ONLY REFERENCE - NOT A HARDWARE COMMAND,"PRELIMINARY - SIMULATOR-ONLY KINEMATIC SEQUENCE - NOT APPROVED FOR CONNECTION, POWERED TESTING, MOTION, WALKING, OR ENERGIZATION"
WS-R01,233,4.660,1,P01_CROUCHED_STAND,P02_LEFT_WEIGHT_TRANSFER,DOUBLE,0.046031468,0.000000000,0.386674970,9.901056000,34.315067,2.474887,346.919296,44.969703,-0.000000,0.055410,SIMULATOR-ONLY REFERENCE - NOT A HARDWARE COMMAND,"PRELIMINARY - SIMULATOR-ONLY KINEMATIC SEQUENCE - NOT APPROVED FOR CONNECTION, POWERED TESTING, MOTION, WALKING, OR ENERGIZATION"
WS-R01,234,4.680,1,P01_CROUCHED_STAND,P02_LEFT_WEIGHT_TRANSFER,DOUBLE,0.046252279,0.000000000,0.386645302,9.901056000,34.482778,2.488416,346.903721,44.959257,-0.000000,0.052327,SIMULATOR-ONLY REFERENCE - NOT A HARDWARE COMMAND,"PRELIMINARY - SIMULATOR-ONLY KINEMATIC SEQUENCE - NOT APPROVED FOR CONNECTION, POWERED TESTING, MOTION, WALKING, OR ENERGIZATION"
WS-R01,235,4.700,1,P01_CROUCHED_STAND,P02_LEFT_WEIGHT_TRANSFER,DOUBLE,0.046466164,0.000000000,0.386616308,9.901056000,34.645236,2.501520,346.888454,44.949139,0.000000,0.049341,SIMULATOR-ONLY REFERENCE - NOT A HARDWARE COMMAND,"PRELIMINARY - SIMULATOR-ONLY KINEMATIC SEQUENCE - NOT APPROVED FOR CONNECTION, POWERED TESTING, MOTION, WALKING, OR ENERGIZATION"
WS-R01,236,4.720,1,P01_CROUCHED_STAND,P02_LEFT_WEIGHT_TRANSFER,DOUBLE,0.046673116,0.000000000,0.386588012,9.901056000,34.802435,2.514200,346.873513,44.939349,0.000000,0.046451,SIMULATOR-ONLY REFERENCE - NOT A HARDWARE COMMAND,"PRELIMINARY - SIMULATOR-ONLY KINEMATIC SEQUENCE - NOT APPROVED FOR CONNECTION, POWERED TESTING, MOTION, WALKING, OR ENERGIZATION"
WS-R01,237,4.740,1,P01_CROUCHED_STAND,P02_LEFT_WEIGHT_TRANSFER,DOUBLE,0.046873131,0.000000000,0.386560439,9.901056000,34.954371,2.526454,346.858916,44.929887,0.000000,0.043659,SIMULATOR-ONLY REFERENCE - NOT A HARDWARE COMMAND,"PRELIMINARY - SIMULATOR-ONLY KINEMATIC SEQUENCE - NOT APPROVED FOR CONNECTION, POWERED TESTING, MOTION, WALKING, OR ENERGIZATION"
WS-R01,238,4.760,1,P01_CROUCHED_STAND,P02_LEFT_WEIGHT_TRANSFER,DOUBLE,0.047066215,0.000000000,0.386533612,9.901056000,35.101048,2.538284,346.844678,44.920753,0.000000,0.040963,SIMULATOR-ONLY REFERENCE - NOT A HARDWARE COMMAND,"PRELIMINARY - SIMULATOR-ONLY KINEMATIC SEQUENCE - NOT APPROVED FOR CONNECTION, POWERED TESTING, MOTION, WALKING, OR ENERGIZATION"
WS-R01,239,4.780,1,P01_CROUCHED_STAND,P02_LEFT_WEIGHT_TRANSFER,DOUBLE,0.047252375,0.000000000,0.386507552,9.901056000,35.242472,2.549690,346.830813,44.911946,0.000000,0.038364,SIMULATOR-ONLY REFERENCE - NOT A HARDWARE COMMAND,"PRELIMINARY - SIMULATOR-ONLY KINEMATIC SEQUENCE - NOT APPROVED FOR CONNECTION, POWERED TESTING, MOTION, WALKING, OR ENERGIZATION"
WS-R01,240,4.800,1,P01_CROUCHED_STAND,P02_LEFT_WEIGHT_TRANSFER,DOUBLE,0.047431629,0.000000000,0.386482277,9.901056000,35.378655,2.560673,346.817336,44.903467,0.000000,0.035861,SIMULATOR-ONLY REFERENCE - NOT A HARDWARE COMMAND,"PRELIMINARY - SIMULATOR-ONLY KINEMATIC SEQUENCE - NOT APPROVED FOR CONNECTION, POWERED TESTING, MOTION, WALKING, OR ENERGIZATION"
WS-R01,241,4.820,1,P01_CROUCHED_STAND,P02_LEFT_WEIGHT_TRANSFER,DOUBLE,0.047603999,0.000000000,0.386457806,9.901056000,35.509613,2.571233,346.804260,44.895312,0.000000,0.033454,SIMULATOR-ONLY REFERENCE - NOT A HARDWARE COMMAND,"PRELIMINARY - SIMULATOR-ONLY KINEMATIC SEQUENCE - NOT APPROVED FOR CONNECTION, POWERED TESTING, MOTION, WALKING, OR ENERGIZATION"
WS-R01,242,4.840,1,P01_CROUCHED_STAND,P02_LEFT_WEIGHT_TRANSFER,DOUBLE,0.047769513,0.000000000,0.386434152,9.901056000,35.635367,2.581374,346.791595,44.887483,0.000000,0.031143,SIMULATOR-ONLY REFERENCE - NOT A HARDWARE COMMAND,"PRELIMINARY - SIMULATOR-ONLY KINEMATIC SEQUENCE - NOT APPROVED FOR CONNECTION, POWERED TESTING, MOTION, WALKING, OR ENERGIZATION"
WS-R01,243,4.860,1,P01_CROUCHED_STAND,P02_LEFT_WEIGHT_TRANSFER,DOUBLE,0.047928207,0.000000000,0.386411332,9.901056000,35.755944,2.591097,346.779353,44.879976,0.000000,0.028928,SIMULATOR-ONLY REFERENCE - NOT A HARDWARE COMMAND,"PRELIMINARY - SIMULATOR-ONLY KINEMATIC SEQUENCE - NOT APPROVED FOR CONNECTION, POWERED TESTING, MOTION, WALKING, OR ENERGIZATION"
WS-R01,244,4.880,1,P01_CROUCHED_STAND,P02_LEFT_WEIGHT_TRANSFER,DOUBLE,0.048080123,0.000000000,0.386389355,9.901056000,35.871375,2.600405,346.767542,44.872789,0.000000,0.026806,SIMULATOR-ONLY REFERENCE - NOT A HARDWARE COMMAND,"PRELIMINARY - SIMULATOR-ONLY KINEMATIC SEQUENCE - NOT APPROVED FOR CONNECTION, POWERED TESTING, MOTION, WALKING, OR ENERGIZATION"
WS-R01,245,4.900,1,P01_CROUCHED_STAND,P02_LEFT_WEIGHT_TRANSFER,DOUBLE,0.048225309,0.000000000,0.386368233,9.901056000,35.981695,2.609300,346.756171,44.865921,0.000000,0.024779,SIMULATOR-ONLY REFERENCE - NOT A HARDWARE COMMAND,"PRELIMINARY - SIMULATOR-ONLY KINEMATIC SEQUENCE - NOT APPROVED FOR CONNECTION, POWERED TESTING, MOTION, WALKING, OR ENERGIZATION"
WS-R01,246,4.920,1,P01_CROUCHED_STAND,P02_LEFT_WEIGHT_TRANSFER,DOUBLE,0.048363820,0.000000000,0.386347973,9.901056000,36.086948,2.617786,346.745247,44.859369,0.000000,0.022845,SIMULATOR-ONLY REFERENCE - NOT A HARDWARE COMMAND,"PRELIMINARY - SIMULATOR-ONLY KINEMATIC SEQUENCE - NOT APPROVED FOR CONNECTION, POWERED TESTING, MOTION, WALKING, OR ENERGIZATION"
WS-R01,247,4.940,1,P01_CROUCHED_STAND,P02_LEFT_WEIGHT_TRANSFER,DOUBLE,0.048495721,0.000000000,0.386328582,9.901056000,36.187180,2.625867,346.734775,44.853129,0.000000,0.021004,SIMULATOR-ONLY REFERENCE - NOT A HARDWARE COMMAND,"PRELIMINARY - SIMULATOR-ONLY KINEMATIC SEQUENCE - NOT APPROVED FOR CONNECTION, POWERED TESTING, MOTION, WALKING, OR ENERGIZATION"
WS-R01,248,4.960,1,P01_CROUCHED_STAND,P02_LEFT_WEIGHT_TRANSFER,DOUBLE,0.048621078,0.000000000,0.386310064,9.901056000,36.282443,2.633548,346.724761,44.847199,0.000000,0.019253,SIMULATOR-ONLY REFERENCE - NOT A HARDWARE COMMAND,"PRELIMINARY - SIMULATOR-ONLY KINEMATIC SEQUENCE - NOT APPROVED FOR CONNECTION, POWERED TESTING, MOTION, WALKING, OR ENERGIZATION"
WS-R01,249,4.980,1,P01_CROUCHED_STAND,P02_LEFT_WEIGHT_TRANSFER,DOUBLE,0.048739970,0.000000000,0.386292420,9.901056000,36.372796,2.640832,346.715207,44.841575,0.000000,0.017593,SIMULATOR-ONLY REFERENCE - NOT A HARDWARE COMMAND,"PRELIMINARY - SIMULATOR-ONLY KINEMATIC SEQUENCE - NOT APPROVED FOR CONNECTION, POWERED TESTING, MOTION, WALKING, OR ENERGIZATION"
WS-R01,250,5.000,1,P01_CROUCHED_STAND,P02_LEFT_WEIGHT_TRANSFER,DOUBLE,0.048852480,0.000000000,0.386275652,9.901056000,36.458300,2.647725,346.706115,44.836252,0.000000,0.016022,SIMULATOR-ONLY REFERENCE - NOT A HARDWARE COMMAND,"PRELIMINARY - SIMULATOR-ONLY KINEMATIC SEQUENCE - NOT APPROVED FOR CONNECTION, POWERED TESTING, MOTION, WALKING, OR ENERGIZATION"
WS-R01,251,5.020,1,P01_CROUCHED_STAND,P02_LEFT_WEIGHT_TRANSFER,DOUBLE,0.048958698,0.000000000,0.386259757,9.901056000,36.539025,2.654233,346.697487,44.831228,0.000000,0.014539,SIMULATOR-ONLY REFERENCE - NOT A HARDWARE COMMAND,"PRELIMINARY - SIMULATOR-ONLY KINEMATIC SEQUENCE - NOT APPROVED FOR CONNECTION, POWERED TESTING, MOTION, WALKING, OR ENERGIZATION"
WS-R01,252,5.040,1,P01_CROUCHED_STAND,P02_LEFT_WEIGHT_TRANSFER,DOUBLE,0.049058725,0.000000000,0.386244731,9.901056000,36.615047,2.660361,346.689322,44.826496,0.000000,0.013143,SIMULATOR-ONLY REFERENCE - NOT A HARDWARE COMMAND,"PRELIMINARY - SIMULATOR-ONLY KINEMATIC SEQUENCE - NOT APPROVED FOR CONNECTION, POWERED TESTING, MOTION, WALKING, OR ENERGIZATION"
WS-R01,253,5.060,1,P01_CROUCHED_STAND,P02_LEFT_WEIGHT_TRANSFER,DOUBLE,0.049152665,0.000000000,0.386230570,9.901056000,36.686444,2.666117,346.681618,44.822052,0.000000,0.011831,SIMULATOR-ONLY REFERENCE - NOT A HARDWARE COMMAND,"PRELIMINARY - SIMULATOR-ONLY KINEMATIC SEQUENCE - NOT APPROVED FOR CONNECTION, POWERED TESTING, MOTION, WALKING, OR ENERGIZATION"
WS-R01,254,5.080,1,P01_CROUCHED_STAND,P02_LEFT_WEIGHT_TRANSFER,DOUBLE,0.049240632,0.000000000,0.386217264,9.901056000,36.753303,2.671506,346.674374,44.817891,0.000000,0.010603,SIMULATOR-ONLY REFERENCE - NOT A HARDWARE COMMAND,"PRELIMINARY - SIMULATOR-ONLY KINEMATIC SEQUENCE - NOT APPROVED FOR CONNECTION, POWERED TESTING, MOTION, WALKING, OR ENERGIZATION"
WS-R01,255,5.100,1,P01_CROUCHED_STAND,P02_LEFT_WEIGHT_TRANSFER,DOUBLE,0.049322749,0.000000000,0.386204806,9.901056000,36.815717,2.676537,346.667584,44.814006,0.000000,0.009456,SIMULATOR-ONLY REFERENCE - NOT A HARDWARE COMMAND,"PRELIMINARY - SIMULATOR-ONLY KINEMATIC SEQUENCE - NOT APPROVED FOR CONNECTION, POWERED TESTING, MOTION, WALKING, OR ENERGIZATION"
WS-R01,256,5.120,1,P01_CROUCHED_STAND,P02_LEFT_WEIGHT_TRANSFER,DOUBLE,0.049399143,0.000000000,0.386193181,9.901056000,36.873782,2.681218,346.661244,44.810393,0.000000,0.008390,SIMULATOR-ONLY REFERENCE - NOT A HARDWARE COMMAND,"PRELIMINARY - SIMULATOR-ONLY KINEMATIC SEQUENCE - NOT APPROVED FOR CONNECTION, POWERED TESTING, MOTION, WALKING, OR ENERGIZATION"
WS-R01,257,5.140,1,P01_CROUCHED_STAND,P02_LEFT_WEIGHT_TRANSFER,DOUBLE,0.049469954,0.000000000,0.386182378,9.901056000,36.927604,2.685556,346.655347,44.807043,0.000000,0.007401,SIMULATOR-ONLY REFERENCE - NOT A HARDWARE COMMAND,"PRELIMINARY - SIMULATOR-ONLY KINEMATIC SEQUENCE - NOT APPROVED FOR CONNECTION, POWERED TESTING, MOTION, WALKING, OR ENERGIZATION"
WS-R01,258,5.160,1,P01_CROUCHED_STAND,P02_LEFT_WEIGHT_TRANSFER,DOUBLE,0.049535325,0.000000000,0.386172380,9.901056000,36.977293,2.689561,346.649887,44.803951,0.000000,0.006488,SIMULATOR-ONLY REFERENCE - NOT A HARDWARE COMMAND,"PRELIMINARY - SIMULATOR-ONLY KINEMATIC SEQUENCE - NOT APPROVED FOR CONNECTION, POWERED TESTING, MOTION, WALKING, OR ENERGIZATION"
WS-R01,259,5.180,1,P01_CROUCHED_STAND,P02_LEFT_WEIGHT_TRANSFER,DOUBLE,0.049595410,0.000000000,0.386163170,9.901056000,37.022965,2.693242,346.644853,44.801108,0.000000,0.005649,SIMULATOR-ONLY REFERENCE - NOT A HARDWARE COMMAND,"PRELIMINARY - SIMULATOR-ONLY KINEMATIC SEQUENCE - NOT APPROVED FOR CONNECTION, POWERED TESTING, MOTION, WALKING, OR ENERGIZATION"
WS-R01,260,5.200,1,P01_CROUCHED_STAND,P02_LEFT_WEIGHT_TRANSFER,DOUBLE,0.049650372,0.000000000,0.386154727,9.901056000,37.064742,2.696610,346.640236,44.798508,0.000000,0.004882,SIMULATOR-ONLY REFERENCE - NOT A HARDWARE COMMAND,"PRELIMINARY - SIMULATOR-ONLY KINEMATIC SEQUENCE - NOT APPROVED FOR CONNECTION, POWERED TESTING, MOTION, WALKING, OR ENERGIZATION"
WS-R01,261,5.220,1,P01_CROUCHED_STAND,P02_LEFT_WEIGHT_TRANSFER,DOUBLE,0.049700379,0.000000000,0.386147031,9.901056000,37.102755,2.699674,346.636025,44.796143,0.000000,0.004183,SIMULATOR-ONLY REFERENCE - NOT A HARDWARE COMMAND,"PRELIMINARY - SIMULATOR-ONLY KINEMATIC SEQUENCE - NOT APPROVED FOR CONNECTION, POWERED TESTING, MOTION, WALKING, OR ENERGIZATION"
WS-R01,262,5.240,1,P01_CROUCHED_STAND,P02_LEFT_WEIGHT_TRANSFER,DOUBLE,0.049745611,0.000000000,0.386140058,9.901056000,37.137138,2.702445,346.632208,44.794003,0.000000,0.003552,SIMULATOR-ONLY REFERENCE - NOT A HARDWARE COMMAND,"PRELIMINARY - SIMULATOR-ONLY KINEMATIC SEQUENCE - NOT APPROVED FOR CONNECTION, POWERED TESTING, MOTION, WALKING, OR ENERGIZATION"
WS-R01,263,5.260,1,P01_CROUCHED_STAND,P02_LEFT_WEIGHT_TRANSFER,DOUBLE,0.049786256,0.000000000,0.386133783,9.901056000,37.168033,2.704935,346.628771,44.792081,0.000000,0.002984,SIMULATOR-ONLY REFERENCE - NOT A HARDWARE COMMAND,"PRELIMINARY - SIMULATOR-ONLY KINEMATIC SEQUENCE - NOT APPROVED FOR CONNECTION, POWERED TESTING, MOTION, WALKING, OR ENERGIZATION"
WS-R01,264,5.280,1,P01_CROUCHED_STAND,P02_LEFT_WEIGHT_TRANSFER,DOUBLE,0.049822507,0.000000000,0.386128178,9.901056000,37.195590,2.707156,346.625700,44.790366,0.000000,0.002478,SIMULATOR-ONLY REFERENCE - NOT A HARDWARE COMMAND,"PRELIMINARY - SIMULATOR-ONLY KINEMATIC SEQUENCE - NOT APPROVED FOR CONNECTION, POWERED TESTING, MOTION, WALKING, OR ENERGIZATION"
WS-R01,265,5.300,1,P01_CROUCHED_STAND,P02_LEFT_WEIGHT_TRANSFER,DOUBLE,0.049854571,0.000000000,0.386123215,9.901056000,37.219964,2.709120,346.622980,44.788849,0.000000,0.002031,SIMULATOR-ONLY REFERENCE - NOT A HARDWARE COMMAND,"PRELIMINARY - SIMULATOR-ONLY KINEMATIC SEQUENCE - NOT APPROVED FOR CONNECTION, POWERED TESTING, MOTION, WALKING, OR ENERGIZATION"
WS-R01,266,5.320,1,P01_CROUCHED_STAND,P02_LEFT_WEIGHT_TRANSFER,DOUBLE,0.049882661,0.000000000,0.386118862,9.901056000,37.241317,2.710841,346.620594,44.787520,0.000000,0.001638,SIMULATOR-ONLY REFERENCE - NOT A HARDWARE COMMAND,"PRELIMINARY - SIMULATOR-ONLY KINEMATIC SEQUENCE - NOT APPROVED FOR CONNECTION, POWERED TESTING, MOTION, WALKING, OR ENERGIZATION"
WS-R01,267,5.340,1,P01_CROUCHED_STAND,P02_LEFT_WEIGHT_TRANSFER,DOUBLE,0.049906998,0.000000000,0.386115087,9.901056000,37.259817,2.712332,346.618524,44.786369,0.000000,0.001299,SIMULATOR-ONLY REFERENCE - NOT A HARDWARE COMMAND,"PRELIMINARY - SIMULATOR-ONLY KINEMATIC SEQUENCE - NOT APPROVED FOR CONNECTION, POWERED TESTING, MOTION, WALKING, OR ENERGIZATION"
WS-R01,268,5.360,1,P01_CROUCHED_STAND,P02_LEFT_WEIGHT_TRANSFER,DOUBLE,0.049927814,0.000000000,0.386111856,9.901056000,37.275642,2.713608,346.616752,44.785384,0.000000,0.001008,SIMULATOR-ONLY REFERENCE - NOT A HARDWARE COMMAND,"PRELIMINARY - SIMULATOR-ONLY KINEMATIC SEQUENCE - NOT APPROVED FOR CONNECTION, POWERED TESTING, MOTION, WALKING, OR ENERGIZATION"
WS-R01,269,5.380,1,P01_CROUCHED_STAND,P02_LEFT_WEIGHT_TRANSFER,DOUBLE,0.049945350,0.000000000,0.386109132,9.901056000,37.288972,2.714682,346.615257,44.784555,0.000000,0.000763,SIMULATOR-ONLY REFERENCE - NOT A HARDWARE COMMAND,"PRELIMINARY - SIMULATOR-ONLY KINEMATIC SEQUENCE - NOT APPROVED FOR CONNECTION, POWERED TESTING, MOTION, WALKING, OR ENERGIZATION"
WS-R01,270,5.400,1,P01_CROUCHED_STAND,P02_LEFT_WEIGHT_TRANSFER,DOUBLE,0.049959857,0.000000000,0.386106877,9.901056000,37.300000,2.715571,346.614020,44.783869,0.000000,0.000561,SIMULATOR-ONLY REFERENCE - NOT A HARDWARE COMMAND,"PRELIMINARY - SIMULATOR-ONLY KINEMATIC SEQUENCE - NOT APPROVED FOR CONNECTION, POWERED TESTING, MOTION, WALKING, OR ENERGIZATION"
WS-R01,271,5.420,1,P01_CROUCHED_STAND,P02_LEFT_WEIGHT_TRANSFER,DOUBLE,0.049971592,0.000000000,0.386105052,9.901056000,37.308921,2.716290,346.613019,44.783313,0.000000,0.000397,SIMULATOR-ONLY REFERENCE - NOT A HARDWARE COMMAND,"PRELIMINARY - SIMULATOR-ONLY KINEMATIC SEQUENCE - NOT APPROVED FOR CONNECTION, POWERED TESTING, MOTION, WALKING, OR ENERGIZATION"
WS-R01,272,5.440,1,P01_CROUCHED_STAND,P02_LEFT_WEIGHT_TRANSFER,DOUBLE,0.049980824,0.000000000,0.386103616,9.901056000,37.315939,2.716856,346.612231,44.782877,0.000000,0.000268,SIMULATOR-ONLY REFERENCE - NOT A HARDWARE COMMAND,"PRELIMINARY - SIMULATOR-ONLY KINEMATIC SEQUENCE - NOT APPROVED FOR CONNECTION, POWERED TESTING, MOTION, WALKING, OR ENERGIZATION"
WS-R01,273,5.460,1,P01_CROUCHED_STAND,P02_LEFT_WEIGHT_TRANSFER,DOUBLE,0.049987833,0.000000000,0.386102525,9.901056000,37.321267,2.717285,346.611632,44.782545,-0.000000,0.000170,SIMULATOR-ONLY REFERENCE - NOT A HARDWARE COMMAND,"PRELIMINARY - SIMULATOR-ONLY KINEMATIC SEQUENCE - NOT APPROVED FOR CONNECTION, POWERED TESTING, MOTION, WALKING, OR ENERGIZATION"
WS-R01,274,5.480,1,P01_CROUCHED_STAND,P02_LEFT_WEIGHT_TRANSFER,DOUBLE,0.049992906,0.000000000,0.386101736,9.901056000,37.325124,2.717596,346.611199,44.782305,0.000000,0.000099,SIMULATOR-ONLY REFERENCE - NOT A HARDWARE COMMAND,"PRELIMINARY - SIMULATOR-ONLY KINEMATIC SEQUENCE - NOT APPROVED FOR CONNECTION, POWERED TESTING, MOTION, WALKING, OR ENERGIZATION"
WS-R01,275,5.500,1,P01_CROUCHED_STAND,P02_LEFT_WEIGHT_TRANSFER,DOUBLE,0.049996341,0.000000000,0.386101201,9.901056000,37.327735,2.717806,346.610906,44.782143,0.000000,0.000051,SIMULATOR-ONLY REFERENCE - NOT A HARDWARE COMMAND,"PRELIMINARY - SIMULATOR-ONLY KINEMATIC SEQUENCE - NOT APPROVED FOR CONNECTION, POWERED TESTING, MOTION, WALKING, OR ENERGIZATION"
WS-R01,276,5.520,1,P01_CROUCHED_STAND,P02_LEFT_WEIGHT_TRANSFER,DOUBLE,0.049998445,0.000000000,0.386100874,9.901056000,37.329334,2.717935,346.610726,44.782043,0.000000,0.000022,SIMULATOR-ONLY REFERENCE - NOT A HARDWARE COMMAND,"PRELIMINARY - SIMULATOR-ONLY KINEMATIC SEQUENCE - NOT APPROVED FOR CONNECTION, POWERED TESTING, MOTION, WALKING, OR ENERGIZATION"
WS-R01,277,5.540,1,P01_CROUCHED_STAND,P02_LEFT_WEIGHT_TRANSFER,DOUBLE,0.049999536,0.000000000,0.386100704,9.901056000,37.330163,2.718002,346.610633,44.781992,-0.000000,0.000006,SIMULATOR-ONLY REFERENCE - NOT A HARDWARE COMMAND,"PRELIMINARY - SIMULATOR-ONLY KINEMATIC SEQUENCE - NOT APPROVED FOR CONNECTION, POWERED TESTING, MOTION, WALKING, OR ENERGIZATION"
WS-R01,278,5.560,1,P01_CROUCHED_STAND,P02_LEFT_WEIGHT_TRANSFER,DOUBLE,0.049999942,0.000000000,0.386100641,9.901056000,37.330472,2.718027,346.610598,44.781972,0.000000,0.000001,SIMULATOR-ONLY REFERENCE - NOT A HARDWARE COMMAND,"PRELIMINARY - SIMULATOR-ONLY KINEMATIC SEQUENCE - NOT APPROVED FOR CONNECTION, POWERED TESTING, MOTION, WALKING, OR ENERGIZATION"
WS-R01,279,5.580,1,P01_CROUCHED_STAND,P02_LEFT_WEIGHT_TRANSFER,DOUBLE,0.050000000,0.000000000,0.386100631,9.901056000,37.330516,2.718030,346.610593,44.781970,0.000000,-0.000000,SIMULATOR-ONLY REFERENCE - NOT A HARDWARE COMMAND,"PRELIMINARY - SIMULATOR-ONLY KINEMATIC SEQUENCE - NOT APPROVED FOR CONNECTION, POWERED TESTING, MOTION, WALKING, OR ENERGIZATION"
WS-R01,280,5.600,2,P02_LEFT_WEIGHT_TRANSFER,P03_RIGHT_FOOT_LIFT,L SINGLE,0.050000000,0.000000000,0.386100631,9.901056000,37.330516,2.717977,346.610593,22.302857,0.000000,0.000024,SIMULATOR-ONLY REFERENCE - NOT A HARDWARE COMMAND,"PRELIMINARY - SIMULATOR-ONLY KINEMATIC SEQUENCE - NOT APPROVED FOR CONNECTION, POWERED TESTING, MOTION, WALKING, OR ENERGIZATION"
WS-R01,281,5.620,2,P02_LEFT_WEIGHT_TRANSFER,P03_RIGHT_FOOT_LIFT,L SINGLE,0.050000000,0.000000000,0.386100631,9.901056000,37.330516,2.717612,346.610590,22.302857,0.000000,0.000191,SIMULATOR-ONLY REFERENCE - NOT A HARDWARE COMMAND,"PRELIMINARY - SIMULATOR-ONLY KINEMATIC SEQUENCE - NOT APPROVED FOR CONNECTION, POWERED TESTING, MOTION, WALKING, OR ENERGIZATION"
WS-R01,282,5.640,2,P02_LEFT_WEIGHT_TRANSFER,P03_RIGHT_FOOT_LIFT,L SINGLE,0.050000000,0.000000000,0.386100631,9.901056000,37.330515,2.716647,346.610582,22.302856,0.000002,0.000631,SIMULATOR-ONLY REFERENCE - NOT A HARDWARE COMMAND,"PRELIMINARY - SIMULATOR-ONLY KINEMATIC SEQUENCE - NOT APPROVED FOR CONNECTION, POWERED TESTING, MOTION, WALKING, OR ENERGIZATION"
WS-R01,283,5.660,2,P02_LEFT_WEIGHT_TRANSFER,P03_RIGHT_FOOT_LIFT,L SINGLE,0.050000000,0.000000000,0.386100631,9.901056000,37.330513,2.714818,346.610569,22.302854,0.000013,0.001464,SIMULATOR-ONLY REFERENCE - NOT A HARDWARE COMMAND,"PRELIMINARY - SIMULATOR-ONLY KINEMATIC SEQUENCE - NOT APPROVED FOR CONNECTION, POWERED TESTING, MOTION, WALKING, OR ENERGIZATION"
WS-R01,284,5.680,2,P02_LEFT_WEIGHT_TRANSFER,P03_RIGHT_FOOT_LIFT,L SINGLE,0.050000000,0.000000000,0.386100631,9.901056000,37.330510,2.711886,346.610551,22.302851,0.000049,0.002801,SIMULATOR-ONLY REFERENCE - NOT A HARDWARE COMMAND,"PRELIMINARY - SIMULATOR-ONLY KINEMATIC SEQUENCE - NOT APPROVED FOR CONNECTION, POWERED TESTING, MOTION, WALKING, OR ENERGIZATION"
WS-R01,285,5.700,2,P02_LEFT_WEIGHT_TRANSFER,P03_RIGHT_FOOT_LIFT,L SINGLE,0.050000000,0.000000000,0.386100631,9.901056000,37.330507,2.707634,346.610528,22.302848,0.000140,0.004739,SIMULATOR-ONLY REFERENCE - NOT A HARDWARE COMMAND,"PRELIMINARY - SIMULATOR-ONLY KINEMATIC SEQUENCE - NOT APPROVED FOR CONNECTION, POWERED TESTING, MOTION, WALKING, OR ENERGIZATION"
WS-R01,286,5.720,2,P02_LEFT_WEIGHT_TRANSFER,P03_RIGHT_FOOT_LIFT,L SINGLE,0.050000000,0.000000000,0.386100631,9.901056000,37.330503,2.701868,346.610505,22.302844,0.000338,0.007367,SIMULATOR-ONLY REFERENCE - NOT A HARDWARE COMMAND,"PRELIMINARY - SIMULATOR-ONLY KINEMATIC SEQUENCE - NOT APPROVED FOR CONNECTION, POWERED TESTING, MOTION, WALKING, OR ENERGIZATION"
WS-R01,287,5.740,2,P02_LEFT_WEIGHT_TRANSFER,P03_RIGHT_FOOT_LIFT,L SINGLE,0.050000000,0.000000000,0.386100631,9.901056000,37.330501,2.694418,346.610490,22.302842,0.000722,0.010762,SIMULATOR-ONLY REFERENCE - NOT A HARDWARE COMMAND,"PRELIMINARY - SIMULATOR-ONLY KINEMATIC SEQUENCE - NOT APPROVED FOR CONNECTION, POWERED TESTING, MOTION, WALKING, OR ENERGIZATION"
WS-R01,288,5.760,2,P02_LEFT_WEIGHT_TRANSFER,P03_RIGHT_FOOT_LIFT,L SINGLE,0.050000000,0.000000000,0.386100631,9.901056000,37.330502,2.685132,346.610494,22.302843,0.001401,0.014995,SIMULATOR-ONLY REFERENCE - NOT A HARDWARE COMMAND,"PRELIMINARY - SIMULATOR-ONLY KINEMATIC SEQUENCE - NOT APPROVED FOR CONNECTION, POWERED TESTING, MOTION, WALKING, OR ENERGIZATION"
WS-R01,289,5.780,2,P02_LEFT_WEIGHT_TRANSFER,P03_RIGHT_FOOT_LIFT,L SINGLE,0.050000000,0.000000000,0.386100631,9.901056000,37.330507,2.673882,346.610533,22.302848,0.002523,0.020123,SIMULATOR-ONLY REFERENCE - NOT A HARDWARE COMMAND,"PRELIMINARY - SIMULATOR-ONLY KINEMATIC SEQUENCE - NOT APPROVED FOR CONNECTION, POWERED TESTING, MOTION, WALKING, OR ENERGIZATION"
WS-R01,290,5.800,2,P02_LEFT_WEIGHT_TRANSFER,P03_RIGHT_FOOT_LIFT,L SINGLE,0.050000000,0.000000000,0.386100631,9.901056000,37.330521,2.660556,346.610626,22.302862,0.004276,0.026196,SIMULATOR-ONLY REFERENCE - NOT A HARDWARE COMMAND,"PRELIMINARY - SIMULATOR-ONLY KINEMATIC SEQUENCE - NOT APPROVED FOR CONNECTION, POWERED TESTING, MOTION, WALKING, OR ENERGIZATION"
WS-R01,291,5.820,2,P02_LEFT_WEIGHT_TRANSFER,P03_RIGHT_FOOT_LIFT,L SINGLE,0.050000000,0.000000000,0.386100631,9.901056000,37.330547,2.645064,346.610799,22.302888,0.006892,0.033257,SIMULATOR-ONLY REFERENCE - NOT A HARDWARE COMMAND,"PRELIMINARY - SIMULATOR-ONLY KINEMATIC SEQUENCE - NOT APPROVED FOR CONNECTION, POWERED TESTING, MOTION, WALKING, OR ENERGIZATION"
WS-R01,292,5.840,2,P02_LEFT_WEIGHT_TRANSFER,P03_RIGHT_FOOT_LIFT,L SINGLE,0.050000000,0.000000000,0.386100631,9.901056000,37.330590,2.627333,346.611083,22.302931,0.010648,0.041338,SIMULATOR-ONLY REFERENCE - NOT A HARDWARE COMMAND,"PRELIMINARY - SIMULATOR-ONLY KINEMATIC SEQUENCE - NOT APPROVED FOR CONNECTION, POWERED TESTING, MOTION, WALKING, OR ENERGIZATION"
WS-R01,293,5.860,2,P02_LEFT_WEIGHT_TRANSFER,P03_RIGHT_FOOT_LIFT,L SINGLE,0.050000000,0.000000000,0.386100631,9.901056000,37.330654,2.607310,346.611514,22.302995,0.015868,0.050464,SIMULATOR-ONLY REFERENCE - NOT A HARDWARE COMMAND,"PRELIMINARY - SIMULATOR-ONLY KINEMATIC SEQUENCE - NOT APPROVED FOR CONNECTION, POWERED TESTING, MOTION, WALKING, OR ENERGIZATION"
WS-R01,294,5.880,2,P02_LEFT_WEIGHT_TRANSFER,P03_RIGHT_FOOT_LIFT,L SINGLE,0.050000000,0.000000000,0.386100631,9.901056000,37.330746,2.584957,346.612133,22.303087,0.022922,0.060652,SIMULATOR-ONLY REFERENCE - NOT A HARDWARE COMMAND,"PRELIMINARY - SIMULATOR-ONLY KINEMATIC SEQUENCE - NOT APPROVED FOR CONNECTION, POWERED TESTING, MOTION, WALKING, OR ENERGIZATION"
WS-R01,295,5.900,2,P02_LEFT_WEIGHT_TRANSFER,P03_RIGHT_FOOT_LIFT,L SINGLE,0.050000000,0.000000000,0.386100631,9.901056000,37.330874,2.560252,346.612985,22.303215,0.032223,0.071911,SIMULATOR-ONLY REFERENCE - NOT A HARDWARE COMMAND,"PRELIMINARY - SIMULATOR-ONLY KINEMATIC SEQUENCE - NOT APPROVED FOR CONNECTION, POWERED TESTING, MOTION, WALKING, OR ENERGIZATION"
WS-R01,296,5.920,2,P02_LEFT_WEIGHT_TRANSFER,P03_RIGHT_FOOT_LIFT,L SINGLE,0.050000000,0.000000000,0.386100631,9.901056000,37.331044,2.533191,346.614123,22.303385,0.044224,0.084244,SIMULATOR-ONLY REFERENCE - NOT A HARDWARE COMMAND,"PRELIMINARY - SIMULATOR-ONLY KINEMATIC SEQUENCE - NOT APPROVED FOR CONNECTION, POWERED TESTING, MOTION, WALKING, OR ENERGIZATION"
WS-R01,297,5.940,2,P02_LEFT_WEIGHT_TRANSFER,P03_RIGHT_FOOT_LIFT,L SINGLE,0.050000000,0.000000000,0.386100631,9.901056000,37.331265,2.503784,346.615602,22.303606,0.059415,0.097646,SIMULATOR-ONLY REFERENCE - NOT A HARDWARE COMMAND,"PRELIMINARY - SIMULATOR-ONLY KINEMATIC SEQUENCE - NOT APPROVED FOR CONNECTION, POWERED TESTING, MOTION, WALKING, OR ENERGIZATION"
WS-R01,298,5.960,2,P02_LEFT_WEIGHT_TRANSFER,P03_RIGHT_FOOT_LIFT,L SINGLE,0.050000000,0.000000000,0.386100631,9.901056000,37.331545,2.472055,346.617479,22.303886,0.078317,0.112106,SIMULATOR-ONLY REFERENCE - NOT A HARDWARE COMMAND,"PRELIMINARY - SIMULATOR-ONLY KINEMATIC SEQUENCE - NOT APPROVED FOR CONNECTION, POWERED TESTING, MOTION, WALKING, OR ENERGIZATION"
WS-R01,299,5.980,2,P02_LEFT_WEIGHT_TRANSFER,P03_RIGHT_FOOT_LIFT,L SINGLE,0.050000000,0.000000000,0.386100631,9.901056000,37.331895,2.438041,346.619816,22.304236,0.101476,0.127607,SIMULATOR-ONLY REFERENCE - NOT A HARDWARE COMMAND,"PRELIMINARY - SIMULATOR-ONLY KINEMATIC SEQUENCE - NOT APPROVED FOR CONNECTION, POWERED TESTING, MOTION, WALKING, OR ENERGIZATION"
WS-R01,300,6.000,2,P02_LEFT_WEIGHT_TRANSFER,P03_RIGHT_FOOT_LIFT,L SINGLE,0.050000000,0.000000000,0.386100631,9.901056000,37.332322,2.401794,346.622678,22.304663,0.129452,0.144124,SIMULATOR-ONLY REFERENCE - NOT A HARDWARE COMMAND,"PRELIMINARY - SIMULATOR-ONLY KINEMATIC SEQUENCE - NOT APPROVED FOR CONNECTION, POWERED TESTING, MOTION, WALKING, OR ENERGIZATION"
WS-R01,301,6.020,2,P02_LEFT_WEIGHT_TRANSFER,P03_RIGHT_FOOT_LIFT,L SINGLE,0.050000000,0.000000000,0.386100631,9.901056000,37.332838,2.363377,346.626129,22.305179,0.162819,0.161631,SIMULATOR-ONLY REFERENCE - NOT A HARDWARE COMMAND,"PRELIMINARY - SIMULATOR-ONLY KINEMATIC SEQUENCE - NOT APPROVED FOR CONNECTION, POWERED TESTING, MOTION, WALKING, OR ENERGIZATION"
WS-R01,302,6.040,2,P02_LEFT_WEIGHT_TRANSFER,P03_RIGHT_FOOT_LIFT,L SINGLE,0.050000000,0.000000000,0.386100631,9.901056000,37.333452,2.322866,346.630233,22.305792,0.202147,0.180091,SIMULATOR-ONLY REFERENCE - NOT A HARDWARE COMMAND,"PRELIMINARY - SIMULATOR-ONLY KINEMATIC SEQUENCE - NOT APPROVED FOR CONNECTION, POWERED TESTING, MOTION, WALKING, OR ENERGIZATION"
WS-R01,303,6.060,2,P02_LEFT_WEIGHT_TRANSFER,P03_RIGHT_FOOT_LIFT,L SINGLE,0.050000000,0.000000000,0.386100631,9.901056000,37.334172,2.280346,346.635055,22.306513,0.248001,0.199466,SIMULATOR-ONLY REFERENCE - NOT A HARDWARE COMMAND,"PRELIMINARY - SIMULATOR-ONLY KINEMATIC SEQUENCE - NOT APPROVED FOR CONNECTION, POWERED TESTING, MOTION, WALKING, OR ENERGIZATION"
WS-R01,304,6.080,2,P02_LEFT_WEIGHT_TRANSFER,P03_RIGHT_FOOT_LIFT,L SINGLE,0.050000000,0.000000000,0.386100631,9.901056000,37.335009,2.235913,346.640656,22.307350,0.300925,0.219711,SIMULATOR-ONLY REFERENCE - NOT A HARDWARE COMMAND,"PRELIMINARY - SIMULATOR-ONLY KINEMATIC SEQUENCE - NOT APPROVED FOR CONNECTION, POWERED TESTING, MOTION, WALKING, OR ENERGIZATION"
WS-R01,305,6.100,2,P02_LEFT_WEIGHT_TRANSFER,P03_RIGHT_FOOT_LIFT,L SINGLE,0.050000000,0.000000000,0.386100631,9.901056000,37.335972,2.189674,346.647096,22.308313,0.361439,0.240780,SIMULATOR-ONLY REFERENCE - NOT A HARDWARE COMMAND,"PRELIMINARY - SIMULATOR-ONLY KINEMATIC SEQUENCE - NOT APPROVED FOR CONNECTION, POWERED TESTING, MOTION, WALKING, OR ENERGIZATION"
WS-R01,306,6.120,2,P02_LEFT_WEIGHT_TRANSFER,P03_RIGHT_FOOT_LIFT,L SINGLE,0.050000000,0.000000000,0.386100631,9.901056000,37.337068,2.141743,346.654431,22.309409,0.430024,0.262618,SIMULATOR-ONLY REFERENCE - NOT A HARDWARE COMMAND,"PRELIMINARY - SIMULATOR-ONLY KINEMATIC SEQUENCE - NOT APPROVED FOR CONNECTION, POWERED TESTING, MOTION, WALKING, OR ENERGIZATION"
WS-R01,307,6.140,2,P02_LEFT_WEIGHT_TRANSFER,P03_RIGHT_FOOT_LIFT,L SINGLE,0.050000000,0.000000000,0.386100631,9.901056000,37.338305,2.092242,346.662709,22.310646,0.507116,0.285171,SIMULATOR-ONLY REFERENCE - NOT A HARDWARE COMMAND,"PRELIMINARY - SIMULATOR-ONLY KINEMATIC SEQUENCE - NOT APPROVED FOR CONNECTION, POWERED TESTING, MOTION, WALKING, OR ENERGIZATION"
WS-R01,308,6.160,2,P02_LEFT_WEIGHT_TRANSFER,P03_RIGHT_FOOT_LIFT,L SINGLE,0.050000000,0.000000000,0.386100631,9.901056000,37.339690,2.041303,346.671974,22.312031,0.593095,0.308378,SIMULATOR-ONLY REFERENCE - NOT A HARDWARE COMMAND,"PRELIMINARY - SIMULATOR-ONLY KINEMATIC SEQUENCE - NOT APPROVED FOR CONNECTION, POWERED TESTING, MOTION, WALKING, OR ENERGIZATION"
WS-R01,309,6.180,2,P02_LEFT_WEIGHT_TRANSFER,P03_RIGHT_FOOT_LIFT,L SINGLE,0.050000000,0.000000000,0.386100631,9.901056000,37.341228,1.989062,346.682264,22.313569,0.688279,0.332178,SIMULATOR-ONLY REFERENCE - NOT A HARDWARE COMMAND,"PRELIMINARY - SIMULATOR-ONLY KINEMATIC SEQUENCE - NOT APPROVED FOR CONNECTION, POWERED TESTING, MOTION, WALKING, OR ENERGIZATION"
WS-R01,310,6.200,2,P02_LEFT_WEIGHT_TRANSFER,P03_RIGHT_FOOT_LIFT,L SINGLE,0.050000000,0.000000000,0.386100631,9.901056000,37.342923,1.935662,346.693607,22.315264,0.792914,0.356504,SIMULATOR-ONLY REFERENCE - NOT A HARDWARE COMMAND,"PRELIMINARY - SIMULATOR-ONLY KINEMATIC SEQUENCE - NOT APPROVED FOR CONNECTION, POWERED TESTING, MOTION, WALKING, OR ENERGIZATION"
WS-R01,311,6.220,2,P02_LEFT_WEIGHT_TRANSFER,P03_RIGHT_FOOT_LIFT,L SINGLE,0.050000000,0.000000000,0.386100631,9.901056000,37.344778,1.881251,346.706022,22.317119,0.907168,0.381290,SIMULATOR-ONLY REFERENCE - NOT A HARDWARE COMMAND,"PRELIMINARY - SIMULATOR-ONLY KINEMATIC SEQUENCE - NOT APPROVED FOR CONNECTION, POWERED TESTING, MOTION, WALKING, OR ENERGIZATION"
WS-R01,312,6.240,2,P02_LEFT_WEIGHT_TRANSFER,P03_RIGHT_FOOT_LIFT,L SINGLE,0.050000000,0.000000000,0.386100631,9.901056000,37.346796,1.825982,346.719522,22.319137,1.031126,0.406466,SIMULATOR-ONLY REFERENCE - NOT A HARDWARE COMMAND,"PRELIMINARY - SIMULATOR-ONLY KINEMATIC SEQUENCE - NOT APPROVED FOR CONNECTION, POWERED TESTING, MOTION, WALKING, OR ENERGIZATION"
WS-R01,313,6.260,2,P02_LEFT_WEIGHT_TRANSFER,P03_RIGHT_FOOT_LIFT,L SINGLE,0.050000000,0.000000000,0.386100631,9.901056000,37.348976,1.770012,346.734106,22.321316,1.164782,0.431961,SIMULATOR-ONLY REFERENCE - NOT A HARDWARE COMMAND,"PRELIMINARY - SIMULATOR-ONLY KINEMATIC SEQUENCE - NOT APPROVED FOR CONNECTION, POWERED TESTING, MOTION, WALKING, OR ENERGIZATION"
WS-R01,314,6.280,2,P02_LEFT_WEIGHT_TRANSFER,P03_RIGHT_FOOT_LIFT,L SINGLE,0.050000000,0.000000000,0.386100631,9.901056000,37.351316,1.713499,346.749765,22.323657,1.308037,0.457701,SIMULATOR-ONLY REFERENCE - NOT A HARDWARE COMMAND,"PRELIMINARY - SIMULATOR-ONLY KINEMATIC SEQUENCE - NOT APPROVED FOR CONNECTION, POWERED TESTING, MOTION, WALKING, OR ENERGIZATION"
WS-R01,315,6.300,2,P02_LEFT_WEIGHT_TRANSFER,P03_RIGHT_FOOT_LIFT,L SINGLE,0.050000000,0.000000000,0.386100631,9.901056000,37.353813,1.656607,346.766477,22.326154,1.460696,0.483613,SIMULATOR-ONLY REFERENCE - NOT A HARDWARE COMMAND,"PRELIMINARY - SIMULATOR-ONLY KINEMATIC SEQUENCE - NOT APPROVED FOR CONNECTION, POWERED TESTING, MOTION, WALKING, OR ENERGIZATION"
WS-R01,316,6.320,2,P02_LEFT_WEIGHT_TRANSFER,P03_RIGHT_FOOT_LIFT,L SINGLE,0.050000000,0.000000000,0.386100631,9.901056000,37.356464,1.599497,346.784212,22.328805,1.622466,0.509624,SIMULATOR-ONLY REFERENCE - NOT A HARDWARE COMMAND,"PRELIMINARY - SIMULATOR-ONLY KINEMATIC SEQUENCE - NOT APPROVED FOR CONNECTION, POWERED TESTING, MOTION, WALKING, OR ENERGIZATION"
WS-R01,317,6.340,2,P02_LEFT_WEIGHT_TRANSFER,P03_RIGHT_FOOT_LIFT,L SINGLE,0.050000000,0.000000000,0.386100631,9.901056000,37.359261,1.542334,346.802926,22.331602,1.792954,0.535657,SIMULATOR-ONLY REFERENCE - NOT A HARDWARE COMMAND,"PRELIMINARY - SIMULATOR-ONLY KINEMATIC SEQUENCE - NOT APPROVED FOR CONNECTION, POWERED TESTING, MOTION, WALKING, OR ENERGIZATION"
WS-R01,318,6.360,2,P02_LEFT_WEIGHT_TRANSFER,P03_RIGHT_FOOT_LIFT,L SINGLE,0.050000000,0.000000000,0.386100631,9.901056000,37.362196,1.485282,346.822566,22.334537,1.971672,0.561639,SIMULATOR-ONLY REFERENCE - NOT A HARDWARE COMMAND,"PRELIMINARY - SIMULATOR-ONLY KINEMATIC SEQUENCE - NOT APPROVED FOR CONNECTION, POWERED TESTING, MOTION, WALKING, OR ENERGIZATION"
WS-R01,319,6.380,2,P02_LEFT_WEIGHT_TRANSFER,P03_RIGHT_FOOT_LIFT,L SINGLE,0.050000000,0.000000000,0.386100631,9.901056000,37.365260,1.428504,346.843066,22.337601,2.158035,0.587495,SIMULATOR-ONLY REFERENCE - NOT A HARDWARE COMMAND,"PRELIMINARY - SIMULATOR-ONLY KINEMATIC SEQUENCE - NOT APPROVED FOR CONNECTION, POWERED TESTING, MOTION, WALKING, OR ENERGIZATION"
WS-R01,320,6.400,2,P02_LEFT_WEIGHT_TRANSFER,P03_RIGHT_FOOT_LIFT,L SINGLE,0.050000000,0.000000000,0.386100631,9.901056000,37.368441,1.372163,346.864354,22.340782,2.351365,0.613151,SIMULATOR-ONLY REFERENCE - NOT A HARDWARE COMMAND,"PRELIMINARY - SIMULATOR-ONLY KINEMATIC SEQUENCE - NOT APPROVED FOR CONNECTION, POWERED TESTING, MOTION, WALKING, OR ENERGIZATION"
WS-R01,321,6.420,2,P02_LEFT_WEIGHT_TRANSFER,P03_RIGHT_FOOT_LIFT,L SINGLE,0.050000000,0.000000000,0.386100631,9.901056000,37.371727,1.316418,346.886343,22.344068,2.550900,0.638534,SIMULATOR-ONLY REFERENCE - NOT A HARDWARE COMMAND,"PRELIMINARY - SIMULATOR-ONLY KINEMATIC SEQUENCE - NOT APPROVED FOR CONNECTION, POWERED TESTING, MOTION, WALKING, OR ENERGIZATION"
WS-R01,322,6.440,2,P02_LEFT_WEIGHT_TRANSFER,P03_RIGHT_FOOT_LIFT,L SINGLE,0.050000000,0.000000000,0.386100631,9.901056000,37.375105,1.261426,346.908940,22.347446,2.755794,0.663573,SIMULATOR-ONLY REFERENCE - NOT A HARDWARE COMMAND,"PRELIMINARY - SIMULATOR-ONLY KINEMATIC SEQUENCE - NOT APPROVED FOR CONNECTION, POWERED TESTING, MOTION, WALKING, OR ENERGIZATION"
WS-R01,323,6.460,2,P02_LEFT_WEIGHT_TRANSFER,P03_RIGHT_FOOT_LIFT,L SINGLE,0.050000000,0.000000000,0.386100631,9.901056000,37.378557,1.207341,346.932044,22.350898,2.965128,0.688199,SIMULATOR-ONLY REFERENCE - NOT A HARDWARE COMMAND,"PRELIMINARY - SIMULATOR-ONLY KINEMATIC SEQUENCE - NOT APPROVED FOR CONNECTION, POWERED TESTING, MOTION, WALKING, OR ENERGIZATION"
WS-R01,324,6.480,2,P02_LEFT_WEIGHT_TRANSFER,P03_RIGHT_FOOT_LIFT,L SINGLE,0.050000000,0.000000000,0.386100631,9.901056000,37.382070,1.154311,346.955544,22.354411,3.177920,0.712343,SIMULATOR-ONLY REFERENCE - NOT A HARDWARE COMMAND,"PRELIMINARY - SIMULATOR-ONLY KINEMATIC SEQUENCE - NOT APPROVED FOR CONNECTION, POWERED TESTING, MOTION, WALKING, OR ENERGIZATION"
WS-R01,325,6.500,2,P02_LEFT_WEIGHT_TRANSFER,P03_RIGHT_FOOT_LIFT,L SINGLE,0.050000000,0.000000000,0.386100631,9.901056000,37.385624,1.102481,346.979325,22.357965,3.393129,0.735940,SIMULATOR-ONLY REFERENCE - NOT A HARDWARE COMMAND,"PRELIMINARY - SIMULATOR-ONLY KINEMATIC SEQUENCE - NOT APPROVED FOR CONNECTION, POWERED TESTING, MOTION, WALKING, OR ENERGIZATION"
WS-R01,326,6.520,2,P02_LEFT_WEIGHT_TRANSFER,P03_RIGHT_FOOT_LIFT,L SINGLE,0.050000000,0.000000000,0.386100631,9.901056000,37.389202,1.051989,347.003266,22.361543,3.609669,0.758927,SIMULATOR-ONLY REFERENCE - NOT A HARDWARE COMMAND,"PRELIMINARY - SIMULATOR-ONLY KINEMATIC SEQUENCE - NOT APPROVED FOR CONNECTION, POWERED TESTING, MOTION, WALKING, OR ENERGIZATION"
WS-R01,327,6.540,2,P02_LEFT_WEIGHT_TRANSFER,P03_RIGHT_FOOT_LIFT,L SINGLE,0.050000000,0.000000000,0.386100631,9.901056000,37.392785,1.002967,347.027242,22.365126,3.826421,0.781244,SIMULATOR-ONLY REFERENCE - NOT A HARDWARE COMMAND,"PRELIMINARY - SIMULATOR-ONLY KINEMATIC SEQUENCE - NOT APPROVED FOR CONNECTION, POWERED TESTING, MOTION, WALKING, OR ENERGIZATION"
WS-R01,328,6.560,2,P02_LEFT_WEIGHT_TRANSFER,P03_RIGHT_FOOT_LIFT,L SINGLE,0.050000000,0.000000000,0.386100631,9.901056000,37.396354,0.955540,347.051126,22.368695,4.042242,0.802834,SIMULATOR-ONLY REFERENCE - NOT A HARDWARE COMMAND,"PRELIMINARY - SIMULATOR-ONLY KINEMATIC SEQUENCE - NOT APPROVED FOR CONNECTION, POWERED TESTING, MOTION, WALKING, OR ENERGIZATION"
WS-R01,329,6.580,2,P02_LEFT_WEIGHT_TRANSFER,P03_RIGHT_FOOT_LIFT,L SINGLE,0.050000000,0.000000000,0.386100631,9.901056000,37.399891,0.909825,347.074790,22.372232,4.255981,0.823644,SIMULATOR-ONLY REFERENCE - NOT A HARDWARE COMMAND,"PRELIMINARY - SIMULATOR-ONLY KINEMATIC SEQUENCE - NOT APPROVED FOR CONNECTION, POWERED TESTING, MOTION, WALKING, OR ENERGIZATION"
WS-R01,330,6.600,2,P02_LEFT_WEIGHT_TRANSFER,P03_RIGHT_FOOT_LIFT,L SINGLE,0.050000000,0.000000000,0.386100631,9.901056000,37.403375,0.865932,347.098104,22.375716,4.466487,0.843624,SIMULATOR-ONLY REFERENCE - NOT A HARDWARE COMMAND,"PRELIMINARY - SIMULATOR-ONLY KINEMATIC SEQUENCE - NOT APPROVED FOR CONNECTION, POWERED TESTING, MOTION, WALKING, OR ENERGIZATION"
WS-R01,331,6.620,2,P02_LEFT_WEIGHT_TRANSFER,P03_RIGHT_FOOT_LIFT,L SINGLE,0.050000000,0.000000000,0.386100631,9.901056000,37.406789,0.823960,347.120943,22.379130,4.672629,0.862729,SIMULATOR-ONLY REFERENCE - NOT A HARDWARE COMMAND,"PRELIMINARY - SIMULATOR-ONLY KINEMATIC SEQUENCE - NOT APPROVED FOR CONNECTION, POWERED TESTING, MOTION, WALKING, OR ENERGIZATION"
WS-R01,332,6.640,2,P02_LEFT_WEIGHT_TRANSFER,P03_RIGHT_FOOT_LIFT,L SINGLE,0.050000000,0.000000000,0.386100631,9.901056000,37.410112,0.784001,347.143183,22.382453,4.873304,0.880917,SIMULATOR-ONLY REFERENCE - NOT A HARDWARE COMMAND,"PRELIMINARY - SIMULATOR-ONLY KINEMATIC SEQUENCE - NOT APPROVED FOR CONNECTION, POWERED TESTING, MOTION, WALKING, OR ENERGIZATION"
WS-R01,333,6.660,2,P02_LEFT_WEIGHT_TRANSFER,P03_RIGHT_FOOT_LIFT,L SINGLE,0.050000000,0.000000000,0.386100631,9.901056000,37.413329,0.746135,347.164706,22.385670,5.067450,0.898151,SIMULATOR-ONLY REFERENCE - NOT A HARDWARE COMMAND,"PRELIMINARY - SIMULATOR-ONLY KINEMATIC SEQUENCE - NOT APPROVED FOR CONNECTION, POWERED TESTING, MOTION, WALKING, OR ENERGIZATION"
WS-R01,334,6.680,2,P02_LEFT_WEIGHT_TRANSFER,P03_RIGHT_FOOT_LIFT,L SINGLE,0.050000000,0.000000000,0.386100631,9.901056000,37.416422,0.710432,347.185400,22.388763,5.254066,0.914402,SIMULATOR-ONLY REFERENCE - NOT A HARDWARE COMMAND,"PRELIMINARY - SIMULATOR-ONLY KINEMATIC SEQUENCE - NOT APPROVED FOR CONNECTION, POWERED TESTING, MOTION, WALKING, OR ENERGIZATION"
WS-R01,335,6.700,2,P02_LEFT_WEIGHT_TRANSFER,P03_RIGHT_FOOT_LIFT,L SINGLE,0.050000000,0.000000000,0.386100631,9.901056000,37.419375,0.676948,347.205159,22.391716,5.432216,0.929641,SIMULATOR-ONLY REFERENCE - NOT A HARDWARE COMMAND,"PRELIMINARY - SIMULATOR-ONLY KINEMATIC SEQUENCE - NOT APPROVED FOR CONNECTION, POWERED TESTING, MOTION, WALKING, OR ENERGIZATION"
WS-R01,336,6.720,2,P02_LEFT_WEIGHT_TRANSFER,P03_RIGHT_FOOT_LIFT,L SINGLE,0.050000000,0.000000000,0.386100631,9.901056000,37.422174,0.645732,347.223889,22.394515,5.601049,0.943848,SIMULATOR-ONLY REFERENCE - NOT A HARDWARE COMMAND,"PRELIMINARY - SIMULATOR-ONLY KINEMATIC SEQUENCE - NOT APPROVED FOR CONNECTION, POWERED TESTING, MOTION, WALKING, OR ENERGIZATION"
WS-R01,337,6.740,2,P02_LEFT_WEIGHT_TRANSFER,P03_RIGHT_FOOT_LIFT,L SINGLE,0.050000000,0.000000000,0.386100631,9.901056000,37.424807,0.616816,347.241505,22.397148,5.759807,0.957008,SIMULATOR-ONLY REFERENCE - NOT A HARDWARE COMMAND,"PRELIMINARY - SIMULATOR-ONLY KINEMATIC SEQUENCE - NOT APPROVED FOR CONNECTION, POWERED TESTING, MOTION, WALKING, OR ENERGIZATION"
WS-R01,338,6.760,2,P02_LEFT_WEIGHT_TRANSFER,P03_RIGHT_FOOT_LIFT,L SINGLE,0.050000000,0.000000000,0.386100631,9.901056000,37.427262,0.590221,347.257932,22.399603,5.907835,0.969111,SIMULATOR-ONLY REFERENCE - NOT A HARDWARE COMMAND,"PRELIMINARY - SIMULATOR-ONLY KINEMATIC SEQUENCE - NOT APPROVED FOR CONNECTION, POWERED TESTING, MOTION, WALKING, OR ENERGIZATION"
WS-R01,339,6.780,2,P02_LEFT_WEIGHT_TRANSFER,P03_RIGHT_FOOT_LIFT,L SINGLE,0.050000000,0.000000000,0.386100631,9.901056000,37.429531,0.565953,347.273112,22.401871,6.044595,0.980155,SIMULATOR-ONLY REFERENCE - NOT A HARDWARE COMMAND,"PRELIMINARY - SIMULATOR-ONLY KINEMATIC SEQUENCE - NOT APPROVED FOR CONNECTION, POWERED TESTING, MOTION, WALKING, OR ENERGIZATION"
WS-R01,340,6.800,2,P02_LEFT_WEIGHT_TRANSFER,P03_RIGHT_FOOT_LIFT,L SINGLE,0.050000000,0.000000000,0.386100631,9.901056000,37.431606,0.544004,347.286997,22.403947,6.169674,0.990144,SIMULATOR-ONLY REFERENCE - NOT A HARDWARE COMMAND,"PRELIMINARY - SIMULATOR-ONLY KINEMATIC SEQUENCE - NOT APPROVED FOR CONNECTION, POWERED TESTING, MOTION, WALKING, OR ENERGIZATION"
WS-R01,341,6.820,2,P02_LEFT_WEIGHT_TRANSFER,P03_RIGHT_FOOT_LIFT,L SINGLE,0.050000000,0.000000000,0.386100631,9.901056000,37.433483,0.524350,347.299556,22.405824,6.282790,0.999088,SIMULATOR-ONLY REFERENCE - NOT A HARDWARE COMMAND,"PRELIMINARY - SIMULATOR-ONLY KINEMATIC SEQUENCE - NOT APPROVED FOR CONNECTION, POWERED TESTING, MOTION, WALKING, OR ENERGIZATION"
WS-R01,342,6.840,2,P02_LEFT_WEIGHT_TRANSFER,P03_RIGHT_FOOT_LIFT,L SINGLE,0.050000000,0.000000000,0.386100631,9.901056000,37.435159,0.506953,347.310772,22.407500,6.383802,1.007005,SIMULATOR-ONLY REFERENCE - NOT A HARDWARE COMMAND,"PRELIMINARY - SIMULATOR-ONLY KINEMATIC SEQUENCE - NOT APPROVED FOR CONNECTION, POWERED TESTING, MOTION, WALKING, OR ENERGIZATION"
WS-R01,343,6.860,2,P02_LEFT_WEIGHT_TRANSFER,P03_RIGHT_FOOT_LIFT,L SINGLE,0.050000000,0.000000000,0.386100631,9.901056000,37.436634,0.491756,347.320646,22.408975,6.472715,1.013920,SIMULATOR-ONLY REFERENCE - NOT A HARDWARE COMMAND,"PRELIMINARY - SIMULATOR-ONLY KINEMATIC SEQUENCE - NOT APPROVED FOR CONNECTION, POWERED TESTING, MOTION, WALKING, OR ENERGIZATION"
WS-R01,344,6.880,2,P02_LEFT_WEIGHT_TRANSFER,P03_RIGHT_FOOT_LIFT,L SINGLE,0.050000000,0.000000000,0.386100631,9.901056000,37.437912,0.478688,347.329193,22.410253,6.549684,1.019867,SIMULATOR-ONLY REFERENCE - NOT A HARDWARE COMMAND,"PRELIMINARY - SIMULATOR-ONLY KINEMATIC SEQUENCE - NOT APPROVED FOR CONNECTION, POWERED TESTING, MOTION, WALKING, OR ENERGIZATION"
WS-R01,345,6.900,2,P02_LEFT_WEIGHT_TRANSFER,P03_RIGHT_FOOT_LIFT,L SINGLE,0.050000000,0.000000000,0.386100631,9.901056000,37.438996,0.467657,347.336450,22.411337,6.615017,1.024887,SIMULATOR-ONLY REFERENCE - NOT A HARDWARE COMMAND,"PRELIMINARY - SIMULATOR-ONLY KINEMATIC SEQUENCE - NOT APPROVED FOR CONNECTION, POWERED TESTING, MOTION, WALKING, OR ENERGIZATION"
WS-R01,346,6.920,2,P02_LEFT_WEIGHT_TRANSFER,P03_RIGHT_FOOT_LIFT,L SINGLE,0.050000000,0.000000000,0.386100631,9.901056000,37.439895,0.458554,347.342465,22.412236,6.669180,1.029029,SIMULATOR-ONLY REFERENCE - NOT A HARDWARE COMMAND,"PRELIMINARY - SIMULATOR-ONLY KINEMATIC SEQUENCE - NOT APPROVED FOR CONNECTION, POWERED TESTING, MOTION, WALKING, OR ENERGIZATION"
WS-R01,347,6.940,2,P02_LEFT_WEIGHT_TRANSFER,P03_RIGHT_FOOT_LIFT,L SINGLE,0.050000000,0.000000000,0.386100631,9.901056000,37.440619,0.451252,347.347310,22.412960,6.712796,1.032352,SIMULATOR-ONLY REFERENCE - NOT A HARDWARE COMMAND,"PRELIMINARY - SIMULATOR-ONLY KINEMATIC SEQUENCE - NOT APPROVED FOR CONNECTION, POWERED TESTING, MOTION, WALKING, OR ENERGIZATION"
WS-R01,348,6.960,2,P02_LEFT_WEIGHT_TRANSFER,P03_RIGHT_FOOT_LIFT,L SINGLE,0.050000000,0.000000000,0.386100631,9.901056000,37.441181,0.445602,347.351070,22.413522,6.746644,1.034923,SIMULATOR-ONLY REFERENCE - NOT A HARDWARE COMMAND,"PRELIMINARY - SIMULATOR-ONLY KINEMATIC SEQUENCE - NOT APPROVED FOR CONNECTION, POWERED TESTING, MOTION, WALKING, OR ENERGIZATION"
WS-R01,349,6.980,2,P02_LEFT_WEIGHT_TRANSFER,P03_RIGHT_FOOT_LIFT,L SINGLE,0.050000000,0.000000000,0.386100631,9.901056000,37.441597,0.441435,347.353849,22.413938,6.771661,1.036819,SIMULATOR-ONLY REFERENCE - NOT A HARDWARE COMMAND,"PRELIMINARY - SIMULATOR-ONLY KINEMATIC SEQUENCE - NOT APPROVED FOR CONNECTION, POWERED TESTING, MOTION, WALKING, OR ENERGIZATION"
WS-R01,350,7.000,2,P02_LEFT_WEIGHT_TRANSFER,P03_RIGHT_FOOT_LIFT,L SINGLE,0.050000000,0.000000000,0.386100631,9.901056000,37.441884,0.438562,347.355768,22.414224,6.788941,1.038126,SIMULATOR-ONLY REFERENCE - NOT A HARDWARE COMMAND,"PRELIMINARY - SIMULATOR-ONLY KINEMATIC SEQUENCE - NOT APPROVED FOR CONNECTION, POWERED TESTING, MOTION, WALKING, OR ENERGIZATION"
WS-R01,351,7.020,2,P02_LEFT_WEIGHT_TRANSFER,P03_RIGHT_FOOT_LIFT,L SINGLE,0.050000000,0.000000000,0.386100631,9.901056000,37.442063,0.436770,347.356967,22.414404,6.799729,1.038942,SIMULATOR-ONLY REFERENCE - NOT A HARDWARE COMMAND,"PRELIMINARY - SIMULATOR-ONLY KINEMATIC SEQUENCE - NOT APPROVED FOR CONNECTION, POWERED TESTING, MOTION, WALKING, OR ENERGIZATION"
WS-R01,352,7.040,2,P02_LEFT_WEIGHT_TRANSFER,P03_RIGHT_FOOT_LIFT,L SINGLE,0.050000000,0.000000000,0.386100631,9.901056000,37.442157,0.435824,347.357599,22.414498,6.805426,1.039372,SIMULATOR-ONLY REFERENCE - NOT A HARDWARE COMMAND,"PRELIMINARY - SIMULATOR-ONLY KINEMATIC SEQUENCE - NOT APPROVED FOR CONNECTION, POWERED TESTING, MOTION, WALKING, OR ENERGIZATION"
WS-R01,353,7.060,2,P02_LEFT_WEIGHT_TRANSFER,P03_RIGHT_FOOT_LIFT,L SINGLE,0.050000000,0.000000000,0.386100631,9.901056000,37.442193,0.435467,347.357839,22.414534,6.807581,1.039535,SIMULATOR-ONLY REFERENCE - NOT A HARDWARE COMMAND,"PRELIMINARY - SIMULATOR-ONLY KINEMATIC SEQUENCE - NOT APPROVED FOR CONNECTION, POWERED TESTING, MOTION, WALKING, OR ENERGIZATION"
WS-R01,354,7.080,2,P02_LEFT_WEIGHT_TRANSFER,P03_RIGHT_FOOT_LIFT,L SINGLE,0.050000000,0.000000000,0.386100631,9.901056000,37.442198,0.435414,347.357874,22.414539,6.807896,1.039558,SIMULATOR-ONLY REFERENCE - NOT A HARDWARE COMMAND,"PRELIMINARY - SIMULATOR-ONLY KINEMATIC SEQUENCE - NOT APPROVED FOR CONNECTION, POWERED TESTING, MOTION, WALKING, OR ENERGIZATION"
WS-R01,355,7.100,3,P03_RIGHT_FOOT_LIFT,P04_RIGHT_CAPTURE_STEP,L SINGLE,0.050000000,0.000000000,0.386100631,9.901056000,37.442202,0.435337,347.357856,22.414543,6.808044,1.040506,SIMULATOR-ONLY REFERENCE - NOT A HARDWARE COMMAND,"PRELIMINARY - SIMULATOR-ONLY KINEMATIC SEQUENCE - NOT APPROVED FOR CONNECTION, POWERED TESTING, MOTION, WALKING, OR ENERGIZATION"
WS-R01,356,7.120,3,P03_RIGHT_FOOT_LIFT,P04_RIGHT_CAPTURE_STEP,L SINGLE,0.050000000,0.000000000,0.386100631,9.901056000,37.442226,0.434805,347.357737,22.414567,6.809053,1.046989,SIMULATOR-ONLY REFERENCE - NOT A HARDWARE COMMAND,"PRELIMINARY - SIMULATOR-ONLY KINEMATIC SEQUENCE - NOT APPROVED FOR CONNECTION, POWERED TESTING, MOTION, WALKING, OR ENERGIZATION"
WS-R01,357,7.140,3,P03_RIGHT_FOOT_LIFT,P04_RIGHT_CAPTURE_STEP,L SINGLE,0.050000000,0.000000000,0.386100631,9.901056000,37.442290,0.433400,347.357422,22.414631,6.811723,1.064130,SIMULATOR-ONLY REFERENCE - NOT A HARDWARE COMMAND,"PRELIMINARY - SIMULATOR-ONLY KINEMATIC SEQUENCE - NOT APPROVED FOR CONNECTION, POWERED TESTING, MOTION, WALKING, OR ENERGIZATION"
WS-R01,358,7.160,3,P03_RIGHT_FOOT_LIFT,P04_RIGHT_CAPTURE_STEP,L SINGLE,0.050000000,0.000000000,0.386100631,9.901056000,37.442411,0.430738,347.356828,22.414752,6.816787,1.096609,SIMULATOR-ONLY REFERENCE - NOT A HARDWARE COMMAND,"PRELIMINARY - SIMULATOR-ONLY KINEMATIC SEQUENCE - NOT APPROVED FOR CONNECTION, POWERED TESTING, MOTION, WALKING, OR ENERGIZATION"
WS-R01,359,7.180,3,P03_RIGHT_FOOT_LIFT,P04_RIGHT_CAPTURE_STEP,L SINGLE,0.050000000,0.000000000,0.386100631,9.901056000,37.442606,0.426470,347.355880,22.414947,6.824915,1.148680,SIMULATOR-ONLY REFERENCE - NOT A HARDWARE COMMAND,"PRELIMINARY - SIMULATOR-ONLY KINEMATIC SEQUENCE - NOT APPROVED FOR CONNECTION, POWERED TESTING, MOTION, WALKING, OR ENERGIZATION"
WS-R01,360,7.200,3,P03_RIGHT_FOOT_LIFT,P04_RIGHT_CAPTURE_STEP,L SINGLE,0.050000000,0.000000000,0.386100631,9.901056000,37.442888,0.420281,347.354515,22.415229,6.836726,1.224180,SIMULATOR-ONLY REFERENCE - NOT A HARDWARE COMMAND,"PRELIMINARY - SIMULATOR-ONLY KINEMATIC SEQUENCE - NOT APPROVED FOR CONNECTION, POWERED TESTING, MOTION, WALKING, OR ENERGIZATION"
WS-R01,361,7.220,3,P03_RIGHT_FOOT_LIFT,P04_RIGHT_CAPTURE_STEP,L SINGLE,0.050000000,0.000000000,0.386100631,9.901056000,37.443272,0.411891,347.352686,22.415613,6.852784,1.326542,SIMULATOR-ONLY REFERENCE - NOT A HARDWARE COMMAND,"PRELIMINARY - SIMULATOR-ONLY KINEMATIC SEQUENCE - NOT APPROVED FOR CONNECTION, POWERED TESTING, MOTION, WALKING, OR ENERGIZATION"
WS-R01,362,7.240,3,P03_RIGHT_FOOT_LIFT,P04_RIGHT_CAPTURE_STEP,L SINGLE,0.050000000,0.000000000,0.386100631,9.901056000,37.443770,0.401051,347.350358,22.416111,6.873612,1.458804,SIMULATOR-ONLY REFERENCE - NOT A HARDWARE COMMAND,"PRELIMINARY - SIMULATOR-ONLY KINEMATIC SEQUENCE - NOT APPROVED FOR CONNECTION, POWERED TESTING, MOTION, WALKING, OR ENERGIZATION"
WS-R01,363,7.260,3,P03_RIGHT_FOOT_LIFT,P04_RIGHT_CAPTURE_STEP,L SINGLE,0.050000000,0.000000000,0.386100631,9.901056000,37.444393,0.387543,347.347510,22.416734,6.899690,1.623623,SIMULATOR-ONLY REFERENCE - NOT A HARDWARE COMMAND,"PRELIMINARY - SIMULATOR-ONLY KINEMATIC SEQUENCE - NOT APPROVED FOR CONNECTION, POWERED TESTING, MOTION, WALKING, OR ENERGIZATION"
WS-R01,364,7.280,3,P03_RIGHT_FOOT_LIFT,P04_RIGHT_CAPTURE_STEP,L SINGLE,0.050000000,0.000000000,0.386100631,9.901056000,37.445152,0.371181,347.344143,22.417493,6.931466,1.823287,SIMULATOR-ONLY REFERENCE - NOT A HARDWARE COMMAND,"PRELIMINARY - SIMULATOR-ONLY KINEMATIC SEQUENCE - NOT APPROVED FOR CONNECTION, POWERED TESTING, MOTION, WALKING, OR ENERGIZATION"
WS-R01,365,7.300,3,P03_RIGHT_FOOT_LIFT,P04_RIGHT_CAPTURE_STEP,L SINGLE,0.050000000,0.000000000,0.386100631,9.901056000,37.446056,0.351807,347.340271,22.418396,6.969355,2.059725,SIMULATOR-ONLY REFERENCE - NOT A HARDWARE COMMAND,"PRELIMINARY - SIMULATOR-ONLY KINEMATIC SEQUENCE - NOT APPROVED FOR CONNECTION, POWERED TESTING, MOTION, WALKING, OR ENERGIZATION"
WS-R01,366,7.320,3,P03_RIGHT_FOOT_LIFT,P04_RIGHT_CAPTURE_STEP,L SINGLE,0.050000000,0.000000000,0.386100631,9.901056000,37.447113,0.329293,347.335928,22.419454,7.013747,2.334520,SIMULATOR-ONLY REFERENCE - NOT A HARDWARE COMMAND,"PRELIMINARY - SIMULATOR-ONLY KINEMATIC SEQUENCE - NOT APPROVED FOR CONNECTION, POWERED TESTING, MOTION, WALKING, OR ENERGIZATION"
WS-R01,367,7.340,3,P03_RIGHT_FOOT_LIFT,P04_RIGHT_CAPTURE_STEP,L SINGLE,0.050000000,0.000000000,0.386100631,9.901056000,37.448333,0.303537,347.331168,22.420674,7.065007,2.648920,SIMULATOR-ONLY REFERENCE - NOT A HARDWARE COMMAND,"PRELIMINARY - SIMULATOR-ONLY KINEMATIC SEQUENCE - NOT APPROVED FOR CONNECTION, POWERED TESTING, MOTION, WALKING, OR ENERGIZATION"
WS-R01,368,7.360,3,P03_RIGHT_FOOT_LIFT,P04_RIGHT_CAPTURE_STEP,L SINGLE,0.050000000,0.000000000,0.386100631,9.901056000,37.449723,0.274464,347.326061,22.422064,7.123477,3.003853,SIMULATOR-ONLY REFERENCE - NOT A HARDWARE COMMAND,"PRELIMINARY - SIMULATOR-ONLY KINEMATIC SEQUENCE - NOT APPROVED FOR CONNECTION, POWERED TESTING, MOTION, WALKING, OR ENERGIZATION"
WS-R01,369,7.380,3,P03_RIGHT_FOOT_LIFT,P04_RIGHT_CAPTURE_STEP,L SINGLE,0.050000000,0.000000000,0.386100631,9.901056000,37.451290,0.242026,347.320698,22.423631,7.189483,3.399935,SIMULATOR-ONLY REFERENCE - NOT A HARDWARE COMMAND,"PRELIMINARY - SIMULATOR-ONLY KINEMATIC SEQUENCE - NOT APPROVED FOR CONNECTION, POWERED TESTING, MOTION, WALKING, OR ENERGIZATION"
WS-R01,370,7.400,3,P03_RIGHT_FOOT_LIFT,P04_RIGHT_CAPTURE_STEP,L SINGLE,0.050000000,0.000000000,0.386100631,9.901056000,37.453039,0.206196,347.315186,22.425380,7.263326,3.837485,SIMULATOR-ONLY REFERENCE - NOT A HARDWARE COMMAND,"PRELIMINARY - SIMULATOR-ONLY KINEMATIC SEQUENCE - NOT APPROVED FOR CONNECTION, POWERED TESTING, MOTION, WALKING, OR ENERGIZATION"
WS-R01,371,7.420,3,P03_RIGHT_FOOT_LIFT,P04_RIGHT_CAPTURE_STEP,L SINGLE,0.050000000,0.000000000,0.386100631,9.901056000,37.454979,0.166973,347.309648,22.427320,7.345293,4.316537,SIMULATOR-ONLY REFERENCE - NOT A HARDWARE COMMAND,"PRELIMINARY - SIMULATOR-ONLY KINEMATIC SEQUENCE - NOT APPROVED FOR CONNECTION, POWERED TESTING, MOTION, WALKING, OR ENERGIZATION"
WS-R01,372,7.440,3,P03_RIGHT_FOOT_LIFT,P04_RIGHT_CAPTURE_STEP,L SINGLE,0.050000000,0.000000000,0.386100631,9.901056000,37.457112,0.124377,347.304223,22.429453,7.435645,4.836854,SIMULATOR-ONLY REFERENCE - NOT A HARDWARE COMMAND,"PRELIMINARY - SIMULATOR-ONLY KINEMATIC SEQUENCE - NOT APPROVED FOR CONNECTION, POWERED TESTING, MOTION, WALKING, OR ENERGIZATION"
WS-R01,373,7.460,3,P03_RIGHT_FOOT_LIFT,P04_RIGHT_CAPTURE_STEP,L SINGLE,0.050000000,0.000000000,0.386100631,9.901056000,37.459445,0.078451,347.299064,22.431786,7.534627,5.397938,SIMULATOR-ONLY REFERENCE - NOT A HARDWARE COMMAND,"PRELIMINARY - SIMULATOR-ONLY KINEMATIC SEQUENCE - NOT APPROVED FOR CONNECTION, POWERED TESTING, MOTION, WALKING, OR ENERGIZATION"
WS-R01,374,7.480,3,P03_RIGHT_FOOT_LIFT,P04_RIGHT_CAPTURE_STEP,L SINGLE,0.050000000,0.000000000,0.386100631,9.901056000,37.461982,0.029255,347.294335,22.434323,7.642456,5.999044,SIMULATOR-ONLY REFERENCE - NOT A HARDWARE COMMAND,"PRELIMINARY - SIMULATOR-ONLY KINEMATIC SEQUENCE - NOT APPROVED FOR CONNECTION, POWERED TESTING, MOTION, WALKING, OR ENERGIZATION"
WS-R01,375,7.500,3,P03_RIGHT_FOOT_LIFT,P04_RIGHT_CAPTURE_STEP,L SINGLE,0.050000000,0.000000000,0.386100631,9.901056000,37.464726,-0.023130,347.290207,22.437067,7.759327,6.639194,SIMULATOR-ONLY REFERENCE - NOT A HARDWARE COMMAND,"PRELIMINARY - SIMULATOR-ONLY KINEMATIC SEQUENCE - NOT APPROVED FOR CONNECTION, POWERED TESTING, MOTION, WALKING, OR ENERGIZATION"
WS-R01,376,7.520,3,P03_RIGHT_FOOT_LIFT,P04_RIGHT_CAPTURE_STEP,L SINGLE,0.050000000,0.000000000,0.386100631,9.901056000,37.467680,-0.078606,347.286862,22.440021,7.885402,7.317189,SIMULATOR-ONLY REFERENCE - NOT A HARDWARE COMMAND,"PRELIMINARY - SIMULATOR-ONLY KINEMATIC SEQUENCE - NOT APPROVED FOR CONNECTION, POWERED TESTING, MOTION, WALKING, OR ENERGIZATION"
WS-R01,377,7.540,3,P03_RIGHT_FOOT_LIFT,P04_RIGHT_CAPTURE_STEP,L SINGLE,0.050000000,0.000000000,0.386100631,9.901056000,37.470845,-0.137060,347.284483,22.443186,8.020814,8.031624,SIMULATOR-ONLY REFERENCE - NOT A HARDWARE COMMAND,"PRELIMINARY - SIMULATOR-ONLY KINEMATIC SEQUENCE - NOT APPROVED FOR CONNECTION, POWERED TESTING, MOTION, WALKING, OR ENERGIZATION"
WS-R01,378,7.560,3,P03_RIGHT_FOOT_LIFT,P04_RIGHT_CAPTURE_STEP,L SINGLE,0.050000000,0.000000000,0.386100631,9.901056000,37.474224,-0.198361,347.283256,22.446565,8.165660,8.780899,SIMULATOR-ONLY REFERENCE - NOT A HARDWARE COMMAND,"PRELIMINARY - SIMULATOR-ONLY KINEMATIC SEQUENCE - NOT APPROVED FOR CONNECTION, POWERED TESTING, MOTION, WALKING, OR ENERGIZATION"
WS-R01,379,7.580,3,P03_RIGHT_FOOT_LIFT,P04_RIGHT_CAPTURE_STEP,L SINGLE,0.050000000,0.000000000,0.386100631,9.901056000,37.477817,-0.262365,347.283366,22.450158,8.319997,9.563235,SIMULATOR-ONLY REFERENCE - NOT A HARDWARE COMMAND,"PRELIMINARY - SIMULATOR-ONLY KINEMATIC SEQUENCE - NOT APPROVED FOR CONNECTION, POWERED TESTING, MOTION, WALKING, OR ENERGIZATION"
WS-R01,380,7.600,3,P03_RIGHT_FOOT_LIFT,P04_RIGHT_CAPTURE_STEP,L SINGLE,0.050000000,0.000000000,0.386100631,9.901056000,37.481622,-0.328917,347.284991,22.453963,8.483840,10.376684,SIMULATOR-ONLY REFERENCE - NOT A HARDWARE COMMAND,"PRELIMINARY - SIMULATOR-ONLY KINEMATIC SEQUENCE - NOT APPROVED FOR CONNECTION, POWERED TESTING, MOTION, WALKING, OR ENERGIZATION"
WS-R01,381,7.620,3,P03_RIGHT_FOOT_LIFT,P04_RIGHT_CAPTURE_STEP,L SINGLE,0.050000000,0.000000000,0.386100631,9.901056000,37.485639,-0.397847,347.288306,22.457980,8.657155,11.219149,SIMULATOR-ONLY REFERENCE - NOT A HARDWARE COMMAND,"PRELIMINARY - SIMULATOR-ONLY KINEMATIC SEQUENCE - NOT APPROVED FOR CONNECTION, POWERED TESTING, MOTION, WALKING, OR ENERGIZATION"
WS-R01,382,7.640,3,P03_RIGHT_FOOT_LIFT,P04_RIGHT_CAPTURE_STEP,L SINGLE,0.050000000,0.000000000,0.386100631,9.901056000,37.489864,-0.468975,347.293474,22.462204,8.839861,12.088391,SIMULATOR-ONLY REFERENCE - NOT A HARDWARE COMMAND,"PRELIMINARY - SIMULATOR-ONLY KINEMATIC SEQUENCE - NOT APPROVED FOR CONNECTION, POWERED TESTING, MOTION, WALKING, OR ENERGIZATION"
WS-R01,383,7.660,3,P03_RIGHT_FOOT_LIFT,P04_RIGHT_CAPTURE_STEP,L SINGLE,0.050000000,0.000000000,0.386100631,9.901056000,37.494293,-0.542113,347.300644,22.466634,9.031823,12.982048,SIMULATOR-ONLY REFERENCE - NOT A HARDWARE COMMAND,"PRELIMINARY - SIMULATOR-ONLY KINEMATIC SEQUENCE - NOT APPROVED FOR CONNECTION, POWERED TESTING, MOTION, WALKING, OR ENERGIZATION"
WS-R01,384,7.680,3,P03_RIGHT_FOOT_LIFT,P04_RIGHT_CAPTURE_STEP,L SINGLE,0.050000000,0.000000000,0.386100631,9.901056000,37.498921,-0.617062,347.309952,22.471262,9.232848,13.897645,SIMULATOR-ONLY REFERENCE - NOT A HARDWARE COMMAND,"PRELIMINARY - SIMULATOR-ONLY KINEMATIC SEQUENCE - NOT APPROVED FOR CONNECTION, POWERED TESTING, MOTION, WALKING, OR ENERGIZATION"
WS-R01,385,7.700,3,P03_RIGHT_FOOT_LIFT,P04_RIGHT_CAPTURE_STEP,L SINGLE,0.050000000,0.000000000,0.386100631,9.901056000,37.503743,-0.693618,347.321516,22.476084,9.442686,14.832613,SIMULATOR-ONLY REFERENCE - NOT A HARDWARE COMMAND,"PRELIMINARY - SIMULATOR-ONLY KINEMATIC SEQUENCE - NOT APPROVED FOR CONNECTION, POWERED TESTING, MOTION, WALKING, OR ENERGIZATION"
WS-R01,386,7.720,3,P03_RIGHT_FOOT_LIFT,P04_RIGHT_CAPTURE_STEP,L SINGLE,0.050000000,0.000000000,0.386100631,9.901056000,37.508749,-0.771568,347.335432,22.481090,9.661024,15.784296,SIMULATOR-ONLY REFERENCE - NOT A HARDWARE COMMAND,"PRELIMINARY - SIMULATOR-ONLY KINEMATIC SEQUENCE - NOT APPROVED FOR CONNECTION, POWERED TESTING, MOTION, WALKING, OR ENERGIZATION"
WS-R01,387,7.740,3,P03_RIGHT_FOOT_LIFT,P04_RIGHT_CAPTURE_STEP,L SINGLE,0.050000000,0.000000000,0.386100631,9.901056000,37.513931,-0.850695,347.351776,22.486272,9.887489,16.749972,SIMULATOR-ONLY REFERENCE - NOT A HARDWARE COMMAND,"PRELIMINARY - SIMULATOR-ONLY KINEMATIC SEQUENCE - NOT APPROVED FOR CONNECTION, POWERED TESTING, MOTION, WALKING, OR ENERGIZATION"
WS-R01,388,7.760,3,P03_RIGHT_FOOT_LIFT,P04_RIGHT_CAPTURE_STEP,L SINGLE,0.050000000,0.000000000,0.386100631,9.901056000,37.519279,-0.930778,347.370599,22.491620,10.121642,17.726861,SIMULATOR-ONLY REFERENCE - NOT A HARDWARE COMMAND,"PRELIMINARY - SIMULATOR-ONLY KINEMATIC SEQUENCE - NOT APPROVED FOR CONNECTION, POWERED TESTING, MOTION, WALKING, OR ENERGIZATION"
WS-R01,389,7.780,3,P03_RIGHT_FOOT_LIFT,P04_RIGHT_CAPTURE_STEP,L SINGLE,0.050000000,0.000000000,0.386100631,9.901056000,37.524780,-1.011591,347.391926,22.497121,10.362980,18.712144,SIMULATOR-ONLY REFERENCE - NOT A HARDWARE COMMAND,"PRELIMINARY - SIMULATOR-ONLY KINEMATIC SEQUENCE - NOT APPROVED FOR CONNECTION, POWERED TESTING, MOTION, WALKING, OR ENERGIZATION"
WS-R01,390,7.800,3,P03_RIGHT_FOOT_LIFT,P04_RIGHT_CAPTURE_STEP,L SINGLE,0.050000000,0.000000000,0.386100631,9.901056000,37.530421,-1.092907,347.415758,22.502762,10.610940,19.702973,SIMULATOR-ONLY REFERENCE - NOT A HARDWARE COMMAND,"PRELIMINARY - SIMULATOR-ONLY KINEMATIC SEQUENCE - NOT APPROVED FOR CONNECTION, POWERED TESTING, MOTION, WALKING, OR ENERGIZATION"
WS-R01,391,7.820,3,P03_RIGHT_FOOT_LIFT,P04_RIGHT_CAPTURE_STEP,L SINGLE,0.050000000,0.000000000,0.386100631,9.901056000,37.536189,-1.174496,347.442067,22.508530,10.864892,20.696484,SIMULATOR-ONLY REFERENCE - NOT A HARDWARE COMMAND,"PRELIMINARY - SIMULATOR-ONLY KINEMATIC SEQUENCE - NOT APPROVED FOR CONNECTION, POWERED TESTING, MOTION, WALKING, OR ENERGIZATION"
WS-R01,392,7.840,3,P03_RIGHT_FOOT_LIFT,P04_RIGHT_CAPTURE_STEP,L SINGLE,0.050000000,0.000000000,0.386100631,9.901056000,37.542067,-1.256130,347.470798,22.514408,11.124148,21.689815,SIMULATOR-ONLY REFERENCE - NOT A HARDWARE COMMAND,"PRELIMINARY - SIMULATOR-ONLY KINEMATIC SEQUENCE - NOT APPROVED FOR CONNECTION, POWERED TESTING, MOTION, WALKING, OR ENERGIZATION"
WS-R01,393,7.860,3,P03_RIGHT_FOOT_LIFT,P04_RIGHT_CAPTURE_STEP,L SINGLE,0.050000000,0.000000000,0.386100631,9.901056000,37.548038,-1.337578,347.501869,22.520379,11.387962,22.680112,SIMULATOR-ONLY REFERENCE - NOT A HARDWARE COMMAND,"PRELIMINARY - SIMULATOR-ONLY KINEMATIC SEQUENCE - NOT APPROVED FOR CONNECTION, POWERED TESTING, MOTION, WALKING, OR ENERGIZATION"
WS-R01,394,7.880,3,P03_RIGHT_FOOT_LIFT,P04_RIGHT_CAPTURE_STEP,L SINGLE,0.050000000,0.000000000,0.386100631,9.901056000,37.554084,-1.418612,347.535169,22.526425,11.655534,23.664548,SIMULATOR-ONLY REFERENCE - NOT A HARDWARE COMMAND,"PRELIMINARY - SIMULATOR-ONLY KINEMATIC SEQUENCE - NOT APPROVED FOR CONNECTION, POWERED TESTING, MOTION, WALKING, OR ENERGIZATION"
WS-R01,395,7.900,3,P03_RIGHT_FOOT_LIFT,P04_RIGHT_CAPTURE_STEP,L SINGLE,0.050000000,0.000000000,0.386100631,9.901056000,37.560187,-1.499006,347.570563,22.532528,11.926013,24.640335,SIMULATOR-ONLY REFERENCE - NOT A HARDWARE COMMAND,"PRELIMINARY - SIMULATOR-ONLY KINEMATIC SEQUENCE - NOT APPROVED FOR CONNECTION, POWERED TESTING, MOTION, WALKING, OR ENERGIZATION"
WS-R01,396,7.920,3,P03_RIGHT_FOOT_LIFT,P04_RIGHT_CAPTURE_STEP,L SINGLE,0.050000000,0.000000000,0.386100631,9.901056000,37.566326,-1.578538,347.607890,22.538667,12.198501,25.604730,SIMULATOR-ONLY REFERENCE - NOT A HARDWARE COMMAND,"PRELIMINARY - SIMULATOR-ONLY KINEMATIC SEQUENCE - NOT APPROVED FOR CONNECTION, POWERED TESTING, MOTION, WALKING, OR ENERGIZATION"
WS-R01,397,7.940,3,P03_RIGHT_FOOT_LIFT,P04_RIGHT_CAPTURE_STEP,L SINGLE,0.050000000,0.000000000,0.386100631,9.901056000,37.572481,-1.656988,347.646963,22.544822,12.472063,26.555056,SIMULATOR-ONLY REFERENCE - NOT A HARDWARE COMMAND,"PRELIMINARY - SIMULATOR-ONLY KINEMATIC SEQUENCE - NOT APPROVED FOR CONNECTION, POWERED TESTING, MOTION, WALKING, OR ENERGIZATION"
WS-R01,398,7.960,3,P03_RIGHT_FOOT_LIFT,P04_RIGHT_CAPTURE_STEP,L SINGLE,0.050000000,0.000000000,0.386100631,9.901056000,37.578629,-1.734143,347.687577,22.550970,12.745729,27.488708,SIMULATOR-ONLY REFERENCE - NOT A HARDWARE COMMAND,"PRELIMINARY - SIMULATOR-ONLY KINEMATIC SEQUENCE - NOT APPROVED FOR CONNECTION, POWERED TESTING, MOTION, WALKING, OR ENERGIZATION"
WS-R01,399,7.980,3,P03_RIGHT_FOOT_LIFT,P04_RIGHT_CAPTURE_STEP,L SINGLE,0.050000000,0.000000000,0.386100631,9.901056000,37.584750,-1.809793,347.729504,22.557091,13.018503,28.403163,SIMULATOR-ONLY REFERENCE - NOT A HARDWARE COMMAND,"PRELIMINARY - SIMULATOR-ONLY KINEMATIC SEQUENCE - NOT APPROVED FOR CONNECTION, POWERED TESTING, MOTION, WALKING, OR ENERGIZATION"
WS-R01,400,8.000,3,P03_RIGHT_FOOT_LIFT,P04_RIGHT_CAPTURE_STEP,L SINGLE,0.050000000,0.000000000,0.386100631,9.901056000,37.590821,-1.883737,347.772500,22.563162,13.289371,29.295999,SIMULATOR-ONLY REFERENCE - NOT A HARDWARE COMMAND,"PRELIMINARY - SIMULATOR-ONLY KINEMATIC SEQUENCE - NOT APPROVED FOR CONNECTION, POWERED TESTING, MOTION, WALKING, OR ENERGIZATION"
WS-R01,401,8.020,3,P03_RIGHT_FOOT_LIFT,P04_RIGHT_CAPTURE_STEP,L SINGLE,0.050000000,0.000000000,0.386100631,9.901056000,37.596819,-1.955781,347.816306,22.569159,13.557305,30.164896,SIMULATOR-ONLY REFERENCE - NOT A HARDWARE COMMAND,"PRELIMINARY - SIMULATOR-ONLY KINEMATIC SEQUENCE - NOT APPROVED FOR CONNECTION, POWERED TESTING, MOTION, WALKING, OR ENERGIZATION"
WS-R01,402,8.040,3,P03_RIGHT_FOOT_LIFT,P04_RIGHT_CAPTURE_STEP,L SINGLE,0.050000000,0.000000000,0.386100631,9.901056000,37.602721,-2.025739,347.860652,22.575062,13.821277,31.007653,SIMULATOR-ONLY REFERENCE - NOT A HARDWARE COMMAND,"PRELIMINARY - SIMULATOR-ONLY KINEMATIC SEQUENCE - NOT APPROVED FOR CONNECTION, POWERED TESTING, MOTION, WALKING, OR ENERGIZATION"
WS-R01,403,8.060,3,P03_RIGHT_FOOT_LIFT,P04_RIGHT_CAPTURE_STEP,L SINGLE,0.050000000,0.000000000,0.386100631,9.901056000,37.608507,-2.093434,347.905260,22.580848,14.080266,31.822196,SIMULATOR-ONLY REFERENCE - NOT A HARDWARE COMMAND,"PRELIMINARY - SIMULATOR-ONLY KINEMATIC SEQUENCE - NOT APPROVED FOR CONNECTION, POWERED TESTING, MOTION, WALKING, OR ENERGIZATION"
WS-R01,404,8.080,3,P03_RIGHT_FOOT_LIFT,P04_RIGHT_CAPTURE_STEP,L SINGLE,0.050000000,0.000000000,0.386100631,9.901056000,37.614153,-2.158700,347.949846,22.586494,14.333265,32.606589,SIMULATOR-ONLY REFERENCE - NOT A HARDWARE COMMAND,"PRELIMINARY - SIMULATOR-ONLY KINEMATIC SEQUENCE - NOT APPROVED FOR CONNECTION, POWERED TESTING, MOTION, WALKING, OR ENERGIZATION"
WS-R01,405,8.100,3,P03_RIGHT_FOOT_LIFT,P04_RIGHT_CAPTURE_STEP,L SINGLE,0.050000000,0.000000000,0.386100631,9.901056000,37.619638,-2.221381,347.994123,22.591979,14.579293,33.359042,SIMULATOR-ONLY REFERENCE - NOT A HARDWARE COMMAND,"PRELIMINARY - SIMULATOR-ONLY KINEMATIC SEQUENCE - NOT APPROVED FOR CONNECTION, POWERED TESTING, MOTION, WALKING, OR ENERGIZATION"
WS-R01,406,8.120,3,P03_RIGHT_FOOT_LIFT,P04_RIGHT_CAPTURE_STEP,L SINGLE,0.050000000,0.000000000,0.386100631,9.901056000,37.624943,-2.281336,348.037809,22.597284,14.817404,34.077922,SIMULATOR-ONLY REFERENCE - NOT A HARDWARE COMMAND,"PRELIMINARY - SIMULATOR-ONLY KINEMATIC SEQUENCE - NOT APPROVED FOR CONNECTION, POWERED TESTING, MOTION, WALKING, OR ENERGIZATION"
WS-R01,407,8.140,3,P03_RIGHT_FOOT_LIFT,P04_RIGHT_CAPTURE_STEP,L SINGLE,0.050000000,0.000000000,0.386100631,9.901056000,37.630047,-2.338433,348.080625,22.602388,15.046695,34.761762,SIMULATOR-ONLY REFERENCE - NOT A HARDWARE COMMAND,"PRELIMINARY - SIMULATOR-ONLY KINEMATIC SEQUENCE - NOT APPROVED FOR CONNECTION, POWERED TESTING, MOTION, WALKING, OR ENERGIZATION"
WS-R01,408,8.160,3,P03_RIGHT_FOOT_LIFT,P04_RIGHT_CAPTURE_STEP,L SINGLE,0.050000000,0.000000000,0.386100631,9.901056000,37.634932,-2.392557,348.122303,22.607273,15.266319,35.409270,SIMULATOR-ONLY REFERENCE - NOT A HARDWARE COMMAND,"PRELIMINARY - SIMULATOR-ONLY KINEMATIC SEQUENCE - NOT APPROVED FOR CONNECTION, POWERED TESTING, MOTION, WALKING, OR ENERGIZATION"
WS-R01,409,8.180,3,P03_RIGHT_FOOT_LIFT,P04_RIGHT_CAPTURE_STEP,L SINGLE,0.050000000,0.000000000,0.386100631,9.901056000,37.639581,-2.443606,348.162584,22.611922,15.475491,36.019339,SIMULATOR-ONLY REFERENCE - NOT A HARDWARE COMMAND,"PRELIMINARY - SIMULATOR-ONLY KINEMATIC SEQUENCE - NOT APPROVED FOR CONNECTION, POWERED TESTING, MOTION, WALKING, OR ENERGIZATION"
WS-R01,410,8.200,3,P03_RIGHT_FOOT_LIFT,P04_RIGHT_CAPTURE_STEP,L SINGLE,0.050000000,0.000000000,0.386100631,9.901056000,37.643980,-2.491496,348.201230,22.616321,15.673499,36.591056,SIMULATOR-ONLY REFERENCE - NOT A HARDWARE COMMAND,"PRELIMINARY - SIMULATOR-ONLY KINEMATIC SEQUENCE - NOT APPROVED FOR CONNECTION, POWERED TESTING, MOTION, WALKING, OR ENERGIZATION"
WS-R01,411,8.220,3,P03_RIGHT_FOOT_LIFT,P04_RIGHT_CAPTURE_STEP,L SINGLE,0.050000000,0.000000000,0.386100631,9.901056000,37.648114,-2.536159,348.238017,22.620455,15.859713,37.123711,SIMULATOR-ONLY REFERENCE - NOT A HARDWARE COMMAND,"PRELIMINARY - SIMULATOR-ONLY KINEMATIC SEQUENCE - NOT APPROVED FOR CONNECTION, POWERED TESTING, MOTION, WALKING, OR ENERGIZATION"
WS-R01,412,8.240,3,P03_RIGHT_FOOT_LIFT,P04_RIGHT_CAPTURE_STEP,L SINGLE,0.050000000,0.000000000,0.386100631,9.901056000,37.651972,-2.577544,348.272747,22.624313,16.033595,37.616807,SIMULATOR-ONLY REFERENCE - NOT A HARDWARE COMMAND,"PRELIMINARY - SIMULATOR-ONLY KINEMATIC SEQUENCE - NOT APPROVED FOR CONNECTION, POWERED TESTING, MOTION, WALKING, OR ENERGIZATION"
WS-R01,413,8.260,3,P03_RIGHT_FOOT_LIFT,P04_RIGHT_CAPTURE_STEP,L SINGLE,0.050000000,0.000000000,0.386100631,9.901056000,37.655545,-2.615619,348.305245,22.627886,16.194702,38.070068,SIMULATOR-ONLY REFERENCE - NOT A HARDWARE COMMAND,"PRELIMINARY - SIMULATOR-ONLY KINEMATIC SEQUENCE - NOT APPROVED FOR CONNECTION, POWERED TESTING, MOTION, WALKING, OR ENERGIZATION"
WS-R01,414,8.280,3,P03_RIGHT_FOOT_LIFT,P04_RIGHT_CAPTURE_STEP,L SINGLE,0.050000000,0.000000000,0.386100631,9.901056000,37.658826,-2.650373,348.335363,22.631167,16.342702,38.483451,SIMULATOR-ONLY REFERENCE - NOT A HARDWARE COMMAND,"PRELIMINARY - SIMULATOR-ONLY KINEMATIC SEQUENCE - NOT APPROVED FOR CONNECTION, POWERED TESTING, MOTION, WALKING, OR ENERGIZATION"
WS-R01,415,8.300,3,P03_RIGHT_FOOT_LIFT,P04_RIGHT_CAPTURE_STEP,L SINGLE,0.050000000,0.000000000,0.386100631,9.901056000,37.661810,-2.681815,348.362986,22.634151,16.477373,38.857155,SIMULATOR-ONLY REFERENCE - NOT A HARDWARE COMMAND,"PRELIMINARY - SIMULATOR-ONLY KINEMATIC SEQUENCE - NOT APPROVED FOR CONNECTION, POWERED TESTING, MOTION, WALKING, OR ENERGIZATION"
WS-R01,416,8.320,3,P03_RIGHT_FOOT_LIFT,P04_RIGHT_CAPTURE_STEP,L SINGLE,0.050000000,0.000000000,0.386100631,9.901056000,37.664496,-2.709976,348.388027,22.636837,16.598617,39.191631,SIMULATOR-ONLY REFERENCE - NOT A HARDWARE COMMAND,"PRELIMINARY - SIMULATOR-ONLY KINEMATIC SEQUENCE - NOT APPROVED FOR CONNECTION, POWERED TESTING, MOTION, WALKING, OR ENERGIZATION"
WS-R01,417,8.340,3,P03_RIGHT_FOOT_LIFT,P04_RIGHT_CAPTURE_STEP,L SINGLE,0.050000000,0.000000000,0.386100631,9.901056000,37.666884,-2.734910,348.410437,22.639225,16.706459,39.487592,SIMULATOR-ONLY REFERENCE - NOT A HARDWARE COMMAND,"PRELIMINARY - SIMULATOR-ONLY KINEMATIC SEQUENCE - NOT APPROVED FOR CONNECTION, POWERED TESTING, MOTION, WALKING, OR ENERGIZATION"
WS-R01,418,8.360,3,P03_RIGHT_FOOT_LIFT,P04_RIGHT_CAPTURE_STEP,L SINGLE,0.050000000,0.000000000,0.386100631,9.901056000,37.668978,-2.756694,348.430198,22.641319,16.801057,39.746025,SIMULATOR-ONLY REFERENCE - NOT A HARDWARE COMMAND,"PRELIMINARY - SIMULATOR-ONLY KINEMATIC SEQUENCE - NOT APPROVED FOR CONNECTION, POWERED TESTING, MOTION, WALKING, OR ENERGIZATION"
WS-R01,419,8.380,3,P03_RIGHT_FOOT_LIFT,P04_RIGHT_CAPTURE_STEP,L SINGLE,0.050000000,0.000000000,0.386100631,9.901056000,37.670785,-2.775432,348.447331,22.643126,16.882705,39.968202,SIMULATOR-ONLY REFERENCE - NOT A HARDWARE COMMAND,"PRELIMINARY - SIMULATOR-ONLY KINEMATIC SEQUENCE - NOT APPROVED FOR CONNECTION, POWERED TESTING, MOTION, WALKING, OR ENERGIZATION"
WS-R01,420,8.400,3,P03_RIGHT_FOOT_LIFT,P04_RIGHT_CAPTURE_STEP,L SINGLE,0.050000000,0.000000000,0.386100631,9.901056000,37.672315,-2.791251,348.461893,22.644656,16.951837,40.155692,SIMULATOR-ONLY REFERENCE - NOT A HARDWARE COMMAND,"PRELIMINARY - SIMULATOR-ONLY KINEMATIC SEQUENCE - NOT APPROVED FOR CONNECTION, POWERED TESTING, MOTION, WALKING, OR ENERGIZATION"
WS-R01,421,8.420,3,P03_RIGHT_FOOT_LIFT,P04_RIGHT_CAPTURE_STEP,L SINGLE,0.050000000,0.000000000,0.386100631,9.901056000,37.673581,-2.804306,348.473979,22.645922,17.009030,40.310371,SIMULATOR-ONLY REFERENCE - NOT A HARDWARE COMMAND,"PRELIMINARY - SIMULATOR-ONLY KINEMATIC SEQUENCE - NOT APPROVED FOR CONNECTION, POWERED TESTING, MOTION, WALKING, OR ENERGIZATION"
WS-R01,422,8.440,3,P03_RIGHT_FOOT_LIFT,P04_RIGHT_CAPTURE_STEP,L SINGLE,0.050000000,0.000000000,0.386100631,9.901056000,37.674598,-2.814780,348.483719,22.646939,17.055009,40.434437,SIMULATOR-ONLY REFERENCE - NOT A HARDWARE COMMAND,"PRELIMINARY - SIMULATOR-ONLY KINEMATIC SEQUENCE - NOT APPROVED FOR CONNECTION, POWERED TESTING, MOTION, WALKING, OR ENERGIZATION"
WS-R01,423,8.460,3,P03_RIGHT_FOOT_LIFT,P04_RIGHT_CAPTURE_STEP,L SINGLE,0.050000000,0.000000000,0.386100631,9.901056000,37.675386,-2.822885,348.491284,22.647727,17.090644,40.530419,SIMULATOR-ONLY REFERENCE - NOT A HARDWARE COMMAND,"PRELIMINARY - SIMULATOR-ONLY KINEMATIC SEQUENCE - NOT APPROVED FOR CONNECTION, POWERED TESTING, MOTION, WALKING, OR ENERGIZATION"
WS-R01,424,8.480,3,P03_RIGHT_FOOT_LIFT,P04_RIGHT_CAPTURE_STEP,L SINGLE,0.050000000,0.000000000,0.386100631,9.901056000,37.675968,-2.828863,348.496877,22.648309,17.116956,40.601194,SIMULATOR-ONLY REFERENCE - NOT A HARDWARE COMMAND,"PRELIMINARY - SIMULATOR-ONLY KINEMATIC SEQUENCE - NOT APPROVED FOR CONNECTION, POWERED TESTING, MOTION, WALKING, OR ENERGIZATION"
WS-R01,425,8.500,3,P03_RIGHT_FOOT_LIFT,P04_RIGHT_CAPTURE_STEP,L SINGLE,0.050000000,0.000000000,0.386100631,9.901056000,37.676370,-2.832985,348.500742,22.648711,17.135116,40.649996,SIMULATOR-ONLY REFERENCE - NOT A HARDWARE COMMAND,"PRELIMINARY - SIMULATOR-ONLY KINEMATIC SEQUENCE - NOT APPROVED FOR CONNECTION, POWERED TESTING, MOTION, WALKING, OR ENERGIZATION"
WS-R01,426,8.520,3,P03_RIGHT_FOOT_LIFT,P04_RIGHT_CAPTURE_STEP,L SINGLE,0.050000000,0.000000000,0.386100631,9.901056000,37.676620,-2.835556,348.503156,22.648961,17.146450,40.680431,SIMULATOR-ONLY REFERENCE - NOT A HARDWARE COMMAND,"PRELIMINARY - SIMULATOR-ONLY KINEMATIC SEQUENCE - NOT APPROVED FOR CONNECTION, POWERED TESTING, MOTION, WALKING, OR ENERGIZATION"
WS-R01,427,8.540,3,P03_RIGHT_FOOT_LIFT,P04_RIGHT_CAPTURE_STEP,L SINGLE,0.050000000,0.000000000,0.386100631,9.901056000,37.676753,-2.836913,348.504431,22.649094,17.152432,40.696492,SIMULATOR-ONLY REFERENCE - NOT A HARDWARE COMMAND,"PRELIMINARY - SIMULATOR-ONLY KINEMATIC SEQUENCE - NOT APPROVED FOR CONNECTION, POWERED TESTING, MOTION, WALKING, OR ENERGIZATION"
WS-R01,428,8.560,3,P03_RIGHT_FOOT_LIFT,P04_RIGHT_CAPTURE_STEP,L SINGLE,0.050000000,0.000000000,0.386100631,9.901056000,37.676803,-2.837426,348.504913,22.649144,17.154696,40.702566,SIMULATOR-ONLY REFERENCE - NOT A HARDWARE COMMAND,"PRELIMINARY - SIMULATOR-ONLY KINEMATIC SEQUENCE - NOT APPROVED FOR CONNECTION, POWERED TESTING, MOTION, WALKING, OR ENERGIZATION"
WS-R01,429,8.580,3,P03_RIGHT_FOOT_LIFT,P04_RIGHT_CAPTURE_STEP,L SINGLE,0.050000000,0.000000000,0.386100631,9.901056000,37.676810,-2.837501,348.504983,22.649151,17.155026,40.703454,SIMULATOR-ONLY REFERENCE - NOT A HARDWARE COMMAND,"PRELIMINARY - SIMULATOR-ONLY KINEMATIC SEQUENCE - NOT APPROVED FOR CONNECTION, POWERED TESTING, MOTION, WALKING, OR ENERGIZATION"
WS-R01,430,8.600,4,P04_RIGHT_CAPTURE_STEP,P08_RIGHT_TOUCHDOWN,L SINGLE,0.050000000,-0.000000161,0.386100631,9.901056000,37.676805,-2.837620,348.504949,22.649146,17.154775,40.703473,SIMULATOR-ONLY REFERENCE - NOT A HARDWARE COMMAND,"PRELIMINARY - SIMULATOR-ONLY KINEMATIC SEQUENCE - NOT APPROVED FOR CONNECTION, POWERED TESTING, MOTION, WALKING, OR ENERGIZATION"
WS-R01,431,8.620,4,P04_RIGHT_CAPTURE_STEP,P08_RIGHT_TOUCHDOWN,L SINGLE,0.050000000,-0.000001270,0.386100631,9.901056000,37.676771,-2.838442,348.504710,22.649112,17.153041,40.703599,SIMULATOR-ONLY REFERENCE - NOT A HARDWARE COMMAND,"PRELIMINARY - SIMULATOR-ONLY KINEMATIC SEQUENCE - NOT APPROVED FOR CONNECTION, POWERED TESTING, MOTION, WALKING, OR ENERGIZATION"
WS-R01,432,8.640,4,P04_RIGHT_CAPTURE_STEP,P08_RIGHT_TOUCHDOWN,L SINGLE,0.050000000,-0.000004225,0.386100631,9.901056000,37.676681,-2.840631,348.504073,22.649022,17.148422,40.703936,SIMULATOR-ONLY REFERENCE - NOT A HARDWARE COMMAND,"PRELIMINARY - SIMULATOR-ONLY KINEMATIC SEQUENCE - NOT APPROVED FOR CONNECTION, POWERED TESTING, MOTION, WALKING, OR ENERGIZATION"
WS-R01,433,8.660,4,P04_RIGHT_CAPTURE_STEP,P08_RIGHT_TOUCHDOWN,L SINGLE,0.050000000,-0.000009871,0.386100631,9.901056000,37.676509,-2.844815,348.502857,22.648850,17.139597,40.704579,SIMULATOR-ONLY REFERENCE - NOT A HARDWARE COMMAND,"PRELIMINARY - SIMULATOR-ONLY KINEMATIC SEQUENCE - NOT APPROVED FOR CONNECTION, POWERED TESTING, MOTION, WALKING, OR ENERGIZATION"
WS-R01,434,8.680,4,P04_RIGHT_CAPTURE_STEP,P08_RIGHT_TOUCHDOWN,L SINGLE,0.050000000,-0.000019004,0.386100631,9.901056000,37.676231,-2.851581,348.500891,22.648572,17.125328,40.705618,SIMULATOR-ONLY REFERENCE - NOT A HARDWARE COMMAND,"PRELIMINARY - SIMULATOR-ONLY KINEMATIC SEQUENCE - NOT APPROVED FOR CONNECTION, POWERED TESTING, MOTION, WALKING, OR ENERGIZATION"
WS-R01,435,8.700,4,P04_RIGHT_CAPTURE_STEP,P08_RIGHT_TOUCHDOWN,L SINGLE,0.050000000,-0.000032364,0.386100630,9.901056000,37.675825,-2.861479,348.498015,22.648165,17.104463,40.707135,SIMULATOR-ONLY REFERENCE - NOT A HARDWARE COMMAND,"PRELIMINARY - SIMULATOR-ONLY KINEMATIC SEQUENCE - NOT APPROVED FOR CONNECTION, POWERED TESTING, MOTION, WALKING, OR ENERGIZATION"
WS-R01,436,8.720,4,P04_RIGHT_CAPTURE_STEP,P08_RIGHT_TOUCHDOWN,L SINGLE,0.050000000,-0.000050647,0.386100627,9.901056000,37.675269,-2.875022,348.494084,22.647609,17.075932,40.709205,SIMULATOR-ONLY REFERENCE - NOT A HARDWARE COMMAND,"PRELIMINARY - SIMULATOR-ONLY KINEMATIC SEQUENCE - NOT APPROVED FOR CONNECTION, POWERED TESTING, MOTION, WALKING, OR ENERGIZATION"
WS-R01,437,8.740,4,P04_RIGHT_CAPTURE_STEP,P08_RIGHT_TOUCHDOWN,L SINGLE,0.050000000,-0.000074495,0.386100623,9.901056000,37.674544,-2.892688,348.488961,22.646884,17.038749,40.711895,SIMULATOR-ONLY REFERENCE - NOT A HARDWARE COMMAND,"PRELIMINARY - SIMULATOR-ONLY KINEMATIC SEQUENCE - NOT APPROVED FOR CONNECTION, POWERED TESTING, MOTION, WALKING, OR ENERGIZATION"
WS-R01,438,8.760,4,P04_RIGHT_CAPTURE_STEP,P08_RIGHT_TOUCHDOWN,L SINGLE,0.050000000,-0.000104505,0.386100614,9.901056000,37.673633,-2.914916,348.482523,22.645972,16.992013,40.715264,SIMULATOR-ONLY REFERENCE - NOT A HARDWARE COMMAND,"PRELIMINARY - SIMULATOR-ONLY KINEMATIC SEQUENCE - NOT APPROVED FOR CONNECTION, POWERED TESTING, MOTION, WALKING, OR ENERGIZATION"
WS-R01,439,8.780,4,P04_RIGHT_CAPTURE_STEP,P08_RIGHT_TOUCHDOWN,L SINGLE,0.050000000,-0.000141228,0.386100600,9.901056000,37.672521,-2.942113,348.474657,22.644857,16.934907,40.719364,SIMULATOR-ONLY REFERENCE - NOT A HARDWARE COMMAND,"PRELIMINARY - SIMULATOR-ONLY KINEMATIC SEQUENCE - NOT APPROVED FOR CONNECTION, POWERED TESTING, MOTION, WALKING, OR ENERGIZATION"
WS-R01,440,8.800,4,P04_RIGHT_CAPTURE_STEP,P08_RIGHT_TOUCHDOWN,L SINGLE,0.050000000,-0.000185168,0.386100578,9.901056000,37.671192,-2.974650,348.465264,22.643524,16.866700,40.724234,SIMULATOR-ONLY REFERENCE - NOT A HARDWARE COMMAND,"PRELIMINARY - SIMULATOR-ONLY KINEMATIC SEQUENCE - NOT APPROVED FOR CONNECTION, POWERED TESTING, MOTION, WALKING, OR ENERGIZATION"
WS-R01,441,8.820,4,P04_RIGHT_CAPTURE_STEP,P08_RIGHT_TOUCHDOWN,L SINGLE,0.050000000,-0.000236783,0.386100543,9.901056000,37.669634,-3.012865,348.454256,22.641961,16.786745,40.729906,SIMULATOR-ONLY REFERENCE - NOT A HARDWARE COMMAND,"PRELIMINARY - SIMULATOR-ONLY KINEMATIC SEQUENCE - NOT APPROVED FOR CONNECTION, POWERED TESTING, MOTION, WALKING, OR ENERGIZATION"
WS-R01,442,8.840,4,P04_RIGHT_CAPTURE_STEP,P08_RIGHT_TOUCHDOWN,L SINGLE,0.050000000,-0.000296491,0.386100493,9.901056000,37.667836,-3.057063,348.441556,22.640157,16.694483,40.736403,SIMULATOR-ONLY REFERENCE - NOT A HARDWARE COMMAND,"PRELIMINARY - SIMULATOR-ONLY KINEMATIC SEQUENCE - NOT APPROVED FOR CONNECTION, POWERED TESTING, MOTION, WALKING, OR ENERGIZATION"
WS-R01,443,8.860,4,P04_RIGHT_CAPTURE_STEP,P08_RIGHT_TOUCHDOWN,L SINGLE,0.050000000,-0.000364664,0.386100422,9.901056000,37.665790,-3.107517,348.427100,22.638100,16.589436,40.743736,SIMULATOR-ONLY REFERENCE - NOT A HARDWARE COMMAND,"PRELIMINARY - SIMULATOR-ONLY KINEMATIC SEQUENCE - NOT APPROVED FOR CONNECTION, POWERED TESTING, MOTION, WALKING, OR ENERGIZATION"
WS-R01,444,8.880,4,P04_RIGHT_CAPTURE_STEP,P08_RIGHT_TOUCHDOWN,L SINGLE,0.050000000,-0.000441633,0.386100325,9.901056000,37.663487,-3.164466,348.410838,22.635782,16.471216,40.751908,SIMULATOR-ONLY REFERENCE - NOT A HARDWARE COMMAND,"PRELIMINARY - SIMULATOR-ONLY KINEMATIC SEQUENCE - NOT APPROVED FOR CONNECTION, POWERED TESTING, MOTION, WALKING, OR ENERGIZATION"
WS-R01,445,8.900,4,P04_RIGHT_CAPTURE_STEP,P08_RIGHT_TOUCHDOWN,L SINGLE,0.050000000,-0.000527691,0.386100194,9.901056000,37.660922,-3.228123,348.392728,22.633198,16.339516,40.760907,SIMULATOR-ONLY REFERENCE - NOT A HARDWARE COMMAND,"PRELIMINARY - SIMULATOR-ONLY KINEMATIC SEQUENCE - NOT APPROVED FOR CONNECTION, POWERED TESTING, MOTION, WALKING, OR ENERGIZATION"
WS-R01,446,8.920,4,P04_RIGHT_CAPTURE_STEP,P08_RIGHT_TOUCHDOWN,L SINGLE,0.050000000,-0.000623089,0.386100021,9.901056000,37.658091,-3.298667,348.372743,22.630341,16.194114,40.770717,SIMULATOR-ONLY REFERENCE - NOT A HARDWARE COMMAND,"PRELIMINARY - SIMULATOR-ONLY KINEMATIC SEQUENCE - NOT APPROVED FOR CONNECTION, POWERED TESTING, MOTION, WALKING, OR ENERGIZATION"
WS-R01,447,8.940,4,P04_RIGHT_CAPTURE_STEP,P08_RIGHT_TOUCHDOWN,L SINGLE,0.050000000,-0.000728040,0.386099798,9.901056000,37.654990,-3.376250,348.350865,22.627207,16.034871,40.781306,SIMULATOR-ONLY REFERENCE - NOT A HARDWARE COMMAND,"PRELIMINARY - SIMULATOR-ONLY KINEMATIC SEQUENCE - NOT APPROVED FOR CONNECTION, POWERED TESTING, MOTION, WALKING, OR ENERGIZATION"
WS-R01,448,8.960,4,P04_RIGHT_CAPTURE_STEP,P08_RIGHT_TOUCHDOWN,L SINGLE,0.050000000,-0.000842719,0.386099515,9.901056000,37.651620,-3.460993,348.327091,22.623794,15.861728,40.792636,SIMULATOR-ONLY REFERENCE - NOT A HARDWARE COMMAND,"PRELIMINARY - SIMULATOR-ONLY KINEMATIC SEQUENCE - NOT APPROVED FOR CONNECTION, POWERED TESTING, MOTION, WALKING, OR ENERGIZATION"
WS-R01,449,8.980,4,P04_RIGHT_CAPTURE_STEP,P08_RIGHT_TOUCHDOWN,L SINGLE,0.050000000,-0.000967266,0.386099161,9.901056000,37.647980,-3.552991,348.301426,22.620101,15.674706,40.804655,SIMULATOR-ONLY REFERENCE - NOT A HARDWARE COMMAND,"PRELIMINARY - SIMULATOR-ONLY KINEMATIC SEQUENCE - NOT APPROVED FOR CONNECTION, POWERED TESTING, MOTION, WALKING, OR ENERGIZATION"
WS-R01,450,9.000,4,P04_RIGHT_CAPTURE_STEP,P08_RIGHT_TOUCHDOWN,L SINGLE,0.050000000,-0.001101784,0.386098723,9.901056000,37.644072,-3.652313,348.273889,22.616128,15.473906,40.817306,SIMULATOR-ONLY REFERENCE - NOT A HARDWARE COMMAND,"PRELIMINARY - SIMULATOR-ONLY KINEMATIC SEQUENCE - NOT APPROVED FOR CONNECTION, POWERED TESTING, MOTION, WALKING, OR ENERGIZATION"
WS-R01,451,9.020,4,P04_RIGHT_CAPTURE_STEP,P08_RIGHT_TOUCHDOWN,L SINGLE,0.050000000,-0.001246343,0.386098190,9.901056000,37.639901,-3.759000,348.244506,22.611877,15.259500,40.830519,SIMULATOR-ONLY REFERENCE - NOT A HARDWARE COMMAND,"PRELIMINARY - SIMULATOR-ONLY KINEMATIC SEQUENCE - NOT APPROVED FOR CONNECTION, POWERED TESTING, MOTION, WALKING, OR ENERGIZATION"
WS-R01,452,9.040,4,P04_RIGHT_CAPTURE_STEP,P08_RIGHT_TOUCHDOWN,L SINGLE,0.050000000,-0.001400979,0.386097546,9.901056000,37.635471,-3.873068,348.213317,22.607350,15.031738,40.844218,SIMULATOR-ONLY REFERENCE - NOT A HARDWARE COMMAND,"PRELIMINARY - SIMULATOR-ONLY KINEMATIC SEQUENCE - NOT APPROVED FOR CONNECTION, POWERED TESTING, MOTION, WALKING, OR ENERGIZATION"
WS-R01,453,9.060,4,P04_RIGHT_CAPTURE_STEP,P08_RIGHT_TOUCHDOWN,L SINGLE,0.050000000,-0.001565696,0.386096778,9.901056000,37.630788,-3.994510,348.180369,22.602553,14.790934,40.858318,SIMULATOR-ONLY REFERENCE - NOT A HARDWARE COMMAND,"PRELIMINARY - SIMULATOR-ONLY KINEMATIC SEQUENCE - NOT APPROVED FOR CONNECTION, POWERED TESTING, MOTION, WALKING, OR ENERGIZATION"
WS-R01,454,9.080,4,P04_RIGHT_CAPTURE_STEP,P08_RIGHT_TOUCHDOWN,L SINGLE,0.050000000,-0.001740466,0.386095870,9.901056000,37.625861,-4.123293,348.145722,22.597490,14.537476,40.872726,SIMULATOR-ONLY REFERENCE - NOT A HARDWARE COMMAND,"PRELIMINARY - SIMULATOR-ONLY KINEMATIC SEQUENCE - NOT APPROVED FOR CONNECTION, POWERED TESTING, MOTION, WALKING, OR ENERGIZATION"
WS-R01,455,9.100,4,P04_RIGHT_CAPTURE_STEP,P08_RIGHT_TOUCHDOWN,L SINGLE,0.050000000,-0.001925231,0.386094805,9.901056000,37.620698,-4.259363,348.109442,22.592168,14.271810,40.887345,SIMULATOR-ONLY REFERENCE - NOT A HARDWARE COMMAND,"PRELIMINARY - SIMULATOR-ONLY KINEMATIC SEQUENCE - NOT APPROVED FOR CONNECTION, POWERED TESTING, MOTION, WALKING, OR ENERGIZATION"
WS-R01,456,9.120,4,P04_RIGHT_CAPTURE_STEP,P08_RIGHT_TOUCHDOWN,L SINGLE,0.050000000,-0.002119904,0.386093567,9.901056000,37.615309,-4.402644,348.071603,22.586594,13.994444,40.902070,SIMULATOR-ONLY REFERENCE - NOT A HARDWARE COMMAND,"PRELIMINARY - SIMULATOR-ONLY KINEMATIC SEQUENCE - NOT APPROVED FOR CONNECTION, POWERED TESTING, MOTION, WALKING, OR ENERGIZATION"
WS-R01,457,9.140,4,P04_RIGHT_CAPTURE_STEP,P08_RIGHT_TOUCHDOWN,L SINGLE,0.050000000,-0.002324369,0.386092139,9.901056000,37.609706,-4.553037,348.032291,22.580778,13.705944,40.916792,SIMULATOR-ONLY REFERENCE - NOT A HARDWARE COMMAND,"PRELIMINARY - SIMULATOR-ONLY KINEMATIC SEQUENCE - NOT APPROVED FOR CONNECTION, POWERED TESTING, MOTION, WALKING, OR ENERGIZATION"
WS-R01,458,9.160,4,P04_RIGHT_CAPTURE_STEP,P08_RIGHT_TOUCHDOWN,L SINGLE,0.050000000,-0.002538484,0.386090502,9.901056000,37.603901,-4.710425,347.991595,22.574728,13.406926,40.931399,SIMULATOR-ONLY REFERENCE - NOT A HARDWARE COMMAND,"PRELIMINARY - SIMULATOR-ONLY KINEMATIC SEQUENCE - NOT APPROVED FOR CONNECTION, POWERED TESTING, MOTION, WALKING, OR ENERGIZATION"
WS-R01,459,9.180,4,P04_RIGHT_CAPTURE_STEP,P08_RIGHT_TOUCHDOWN,L SINGLE,0.050000000,-0.002762080,0.386088639,9.901056000,37.597907,-4.874672,347.949614,22.568456,13.098054,40.945776,SIMULATOR-ONLY REFERENCE - NOT A HARDWARE COMMAND,"PRELIMINARY - SIMULATOR-ONLY KINEMATIC SEQUENCE - NOT APPROVED FOR CONNECTION, POWERED TESTING, MOTION, WALKING, OR ENERGIZATION"
WS-R01,460,9.200,4,P04_RIGHT_CAPTURE_STEP,P08_RIGHT_TOUCHDOWN,L SINGLE,0.050000000,-0.002994963,0.386086531,9.901056000,37.591738,-5.045620,347.906450,22.561972,12.780038,40.959806,SIMULATOR-ONLY REFERENCE - NOT A HARDWARE COMMAND,"PRELIMINARY - SIMULATOR-ONLY KINEMATIC SEQUENCE - NOT APPROVED FOR CONNECTION, POWERED TESTING, MOTION, WALKING, OR ENERGIZATION"
WS-R01,461,9.220,4,P04_RIGHT_CAPTURE_STEP,P08_RIGHT_TOUCHDOWN,L SINGLE,0.050000000,-0.003236915,0.386084161,9.901056000,37.585410,-5.223098,347.862213,22.555289,12.453626,40.973370,SIMULATOR-ONLY REFERENCE - NOT A HARDWARE COMMAND,"PRELIMINARY - SIMULATOR-ONLY KINEMATIC SEQUENCE - NOT APPROVED FOR CONNECTION, POWERED TESTING, MOTION, WALKING, OR ENERGIZATION"
WS-R01,462,9.240,4,P04_RIGHT_CAPTURE_STEP,P08_RIGHT_TOUCHDOWN,L SINGLE,0.050000000,-0.003487695,0.386081510,9.901056000,37.578937,-5.406915,347.817017,22.548420,12.119599,40.986353,SIMULATOR-ONLY REFERENCE - NOT A HARDWARE COMMAND,"PRELIMINARY - SIMULATOR-ONLY KINEMATIC SEQUENCE - NOT APPROVED FOR CONNECTION, POWERED TESTING, MOTION, WALKING, OR ENERGIZATION"
WS-R01,463,9.260,4,P04_RIGHT_CAPTURE_STEP,P08_RIGHT_TOUCHDOWN,L SINGLE,0.050000000,-0.003747039,0.386078561,9.901056000,37.572335,-5.596865,347.770980,22.541377,11.778770,40.998638,SIMULATOR-ONLY REFERENCE - NOT A HARDWARE COMMAND,"PRELIMINARY - SIMULATOR-ONLY KINEMATIC SEQUENCE - NOT APPROVED FOR CONNECTION, POWERED TESTING, MOTION, WALKING, OR ENERGIZATION"
WS-R01,464,9.280,4,P04_RIGHT_CAPTURE_STEP,P08_RIGHT_TOUCHDOWN,L SINGLE,0.050000000,-0.004014664,0.386075296,9.901056000,37.565622,-5.792728,347.724223,22.534176,11.431975,41.010110,SIMULATOR-ONLY REFERENCE - NOT A HARDWARE COMMAND,"PRELIMINARY - SIMULATOR-ONLY KINEMATIC SEQUENCE - NOT APPROVED FOR CONNECTION, POWERED TESTING, MOTION, WALKING, OR ENERGIZATION"
WS-R01,465,9.300,4,P04_RIGHT_CAPTURE_STEP,P08_RIGHT_TOUCHDOWN,L SINGLE,0.050000000,-0.004290264,0.386071698,9.901056000,37.558814,-5.994269,347.676869,22.526830,11.080072,41.020661,SIMULATOR-ONLY REFERENCE - NOT A HARDWARE COMMAND,"PRELIMINARY - SIMULATOR-ONLY KINEMATIC SEQUENCE - NOT APPROVED FOR CONNECTION, POWERED TESTING, MOTION, WALKING, OR ENERGIZATION"
WS-R01,466,9.320,4,P04_RIGHT_CAPTURE_STEP,P08_RIGHT_TOUCHDOWN,L SINGLE,0.050000000,-0.004573517,0.386067751,9.901056000,37.551928,-6.201240,347.629045,22.519355,10.723934,41.030184,SIMULATOR-ONLY REFERENCE - NOT A HARDWARE COMMAND,"PRELIMINARY - SIMULATOR-ONLY KINEMATIC SEQUENCE - NOT APPROVED FOR CONNECTION, POWERED TESTING, MOTION, WALKING, OR ENERGIZATION"
WS-R01,467,9.340,4,P04_RIGHT_CAPTURE_STEP,P08_RIGHT_TOUCHDOWN,L SINGLE,0.050000000,-0.004864082,0.386063441,9.901056000,37.544982,-6.413380,347.580878,22.511765,10.364442,41.038579,SIMULATOR-ONLY REFERENCE - NOT A HARDWARE COMMAND,"PRELIMINARY - SIMULATOR-ONLY KINEMATIC SEQUENCE - NOT APPROVED FOR CONNECTION, POWERED TESTING, MOTION, WALKING, OR ENERGIZATION"
WS-R01,468,9.360,4,P04_RIGHT_CAPTURE_STEP,P08_RIGHT_TOUCHDOWN,L SINGLE,0.050000000,-0.005161599,0.386058752,9.901056000,37.537993,-6.630418,347.532494,22.504075,10.002485,41.045751,SIMULATOR-ONLY REFERENCE - NOT A HARDWARE COMMAND,"PRELIMINARY - SIMULATOR-ONLY KINEMATIC SEQUENCE - NOT APPROVED FOR CONNECTION, POWERED TESTING, MOTION, WALKING, OR ENERGIZATION"
WS-R01,469,9.380,4,P04_RIGHT_CAPTURE_STEP,P08_RIGHT_TOUCHDOWN,L SINGLE,0.050000000,-0.005465695,0.386053672,9.901056000,37.530980,-6.852071,347.484022,22.496302,9.638953,41.051611,SIMULATOR-ONLY REFERENCE - NOT A HARDWARE COMMAND,"PRELIMINARY - SIMULATOR-ONLY KINEMATIC SEQUENCE - NOT APPROVED FOR CONNECTION, POWERED TESTING, MOTION, WALKING, OR ENERGIZATION"
WS-R01,470,9.400,4,P04_RIGHT_CAPTURE_STEP,P08_RIGHT_TOUCHDOWN,L SINGLE,0.050000000,-0.005775981,0.386048189,9.901056000,37.523958,-7.078048,347.435587,22.488462,9.274729,41.056081,SIMULATOR-ONLY REFERENCE - NOT A HARDWARE COMMAND,"PRELIMINARY - SIMULATOR-ONLY KINEMATIC SEQUENCE - NOT APPROVED FOR CONNECTION, POWERED TESTING, MOTION, WALKING, OR ENERGIZATION"
WS-R01,471,9.420,4,P04_RIGHT_CAPTURE_STEP,P08_RIGHT_TOUCHDOWN,L SINGLE,0.050000000,-0.006092054,0.386042293,9.901056000,37.516946,-7.308045,347.387313,22.480569,8.910690,41.059087,SIMULATOR-ONLY REFERENCE - NOT A HARDWARE COMMAND,"PRELIMINARY - SIMULATOR-ONLY KINEMATIC SEQUENCE - NOT APPROVED FOR CONNECTION, POWERED TESTING, MOTION, WALKING, OR ENERGIZATION"
WS-R01,472,9.440,4,P04_RIGHT_CAPTURE_STEP,P08_RIGHT_TOUCHDOWN,L SINGLE,0.050000000,-0.006413498,0.386035974,9.901056000,37.509961,-7.541755,347.339324,22.472639,8.547699,41.060567,SIMULATOR-ONLY REFERENCE - NOT A HARDWARE COMMAND,"PRELIMINARY - SIMULATOR-ONLY KINEMATIC SEQUENCE - NOT APPROVED FOR CONNECTION, POWERED TESTING, MOTION, WALKING, OR ENERGIZATION"
WS-R01,473,9.460,4,P04_RIGHT_CAPTURE_STEP,P08_RIGHT_TOUCHDOWN,L SINGLE,0.050000000,-0.006739886,0.386029226,9.901056000,37.503019,-7.778859,347.291739,22.464688,8.186602,41.060466,SIMULATOR-ONLY REFERENCE - NOT A HARDWARE COMMAND,"PRELIMINARY - SIMULATOR-ONLY KINEMATIC SEQUENCE - NOT APPROVED FOR CONNECTION, POWERED TESTING, MOTION, WALKING, OR ENERGIZATION"
WS-R01,474,9.480,4,P04_RIGHT_CAPTURE_STEP,P08_RIGHT_TOUCHDOWN,L SINGLE,0.050000000,-0.007070779,0.386022043,9.901056000,37.496136,-8.019035,347.244672,22.456732,7.828223,41.058741,SIMULATOR-ONLY REFERENCE - NOT A HARDWARE COMMAND,"PRELIMINARY - SIMULATOR-ONLY KINEMATIC SEQUENCE - NOT APPROVED FOR CONNECTION, POWERED TESTING, MOTION, WALKING, OR ENERGIZATION"
WS-R01,475,9.500,4,P04_RIGHT_CAPTURE_STEP,P08_RIGHT_TOUCHDOWN,L SINGLE,0.050000000,-0.007405730,0.386014421,9.901056000,37.489328,-8.261954,347.198237,22.448785,7.473359,41.055357,SIMULATOR-ONLY REFERENCE - NOT A HARDWARE COMMAND,"PRELIMINARY - SIMULATOR-ONLY KINEMATIC SEQUENCE - NOT APPROVED FOR CONNECTION, POWERED TESTING, MOTION, WALKING, OR ENERGIZATION"
WS-R01,476,9.520,4,P04_RIGHT_CAPTURE_STEP,P08_RIGHT_TOUCHDOWN,L SINGLE,0.050000000,-0.007744281,0.386006359,9.901056000,37.482610,-8.507280,347.152539,22.440862,7.122781,41.050291,SIMULATOR-ONLY REFERENCE - NOT A HARDWARE COMMAND,"PRELIMINARY - SIMULATOR-ONLY KINEMATIC SEQUENCE - NOT APPROVED FOR CONNECTION, POWERED TESTING, MOTION, WALKING, OR ENERGIZATION"
WS-R01,477,9.540,4,P04_RIGHT_CAPTURE_STEP,P08_RIGHT_TOUCHDOWN,L SINGLE,0.050000000,-0.008085968,0.385997857,9.901056000,37.475997,-8.754675,347.107681,22.432978,6.777225,41.043527,SIMULATOR-ONLY REFERENCE - NOT A HARDWARE COMMAND,"PRELIMINARY - SIMULATOR-ONLY KINEMATIC SEQUENCE - NOT APPROVED FOR CONNECTION, POWERED TESTING, MOTION, WALKING, OR ENERGIZATION"
WS-R01,478,9.560,4,P04_RIGHT_CAPTURE_STEP,P08_RIGHT_TOUCHDOWN,L SINGLE,0.050000000,-0.008430320,0.385988917,9.901056000,37.469501,-9.003797,347.063759,22.425146,6.437392,41.035064,SIMULATOR-ONLY REFERENCE - NOT A HARDWARE COMMAND,"PRELIMINARY - SIMULATOR-ONLY KINEMATIC SEQUENCE - NOT APPROVED FOR CONNECTION, POWERED TESTING, MOTION, WALKING, OR ENERGIZATION"
WS-R01,479,9.580,4,P04_RIGHT_CAPTURE_STEP,P08_RIGHT_TOUCHDOWN,L SINGLE,0.050000000,-0.008776860,0.385979545,9.901056000,37.463136,-9.254300,347.020862,22.417380,6.103943,41.024909,SIMULATOR-ONLY REFERENCE - NOT A HARDWARE COMMAND,"PRELIMINARY - SIMULATOR-ONLY KINEMATIC SEQUENCE - NOT APPROVED FOR CONNECTION, POWERED TESTING, MOTION, WALKING, OR ENERGIZATION"
WS-R01,480,9.600,4,P04_RIGHT_CAPTURE_STEP,P08_RIGHT_TOUCHDOWN,L SINGLE,0.050000000,-0.009125106,0.385969746,9.901056000,37.456914,-9.505839,346.979074,22.409694,5.777498,41.013077,SIMULATOR-ONLY REFERENCE - NOT A HARDWARE COMMAND,"PRELIMINARY - SIMULATOR-ONLY KINEMATIC SEQUENCE - NOT APPROVED FOR CONNECTION, POWERED TESTING, MOTION, WALKING, OR ENERGIZATION"
WS-R01,481,9.620,4,P04_RIGHT_CAPTURE_STEP,P08_RIGHT_TOUCHDOWN,L SINGLE,0.050000000,-0.009474575,0.385959530,9.901056000,37.450846,-9.758064,346.938473,22.402099,5.458634,40.999598,SIMULATOR-ONLY REFERENCE - NOT A HARDWARE COMMAND,"PRELIMINARY - SIMULATOR-ONLY KINEMATIC SEQUENCE - NOT APPROVED FOR CONNECTION, POWERED TESTING, MOTION, WALKING, OR ENERGIZATION"
WS-R01,482,9.640,4,P04_RIGHT_CAPTURE_STEP,P08_RIGHT_TOUCHDOWN,L SINGLE,0.050000000,-0.009824777,0.385948907,9.901056000,37.444942,-10.010626,346.899128,22.394607,5.147881,40.984507,SIMULATOR-ONLY REFERENCE - NOT A HARDWARE COMMAND,"PRELIMINARY - SIMULATOR-ONLY KINEMATIC SEQUENCE - NOT APPROVED FOR CONNECTION, POWERED TESTING, MOTION, WALKING, OR ENERGIZATION"
WS-R01,483,9.660,4,P04_RIGHT_CAPTURE_STEP,P08_RIGHT_TOUCHDOWN,L SINGLE,0.050000000,-0.010175223,0.385937891,9.901056000,37.439212,-10.263176,346.861100,22.387231,4.845722,40.967851,SIMULATOR-ONLY REFERENCE - NOT A HARDWARE COMMAND,"PRELIMINARY - SIMULATOR-ONLY KINEMATIC SEQUENCE - NOT APPROVED FOR CONNECTION, POWERED TESTING, MOTION, WALKING, OR ENERGIZATION"
WS-R01,484,9.680,4,P04_RIGHT_CAPTURE_STEP,P08_RIGHT_TOUCHDOWN,L SINGLE,0.050000000,-0.010525425,0.385926497,9.901056000,37.433663,-10.515366,346.824445,22.379979,4.552590,40.949685,SIMULATOR-ONLY REFERENCE - NOT A HARDWARE COMMAND,"PRELIMINARY - SIMULATOR-ONLY KINEMATIC SEQUENCE - NOT APPROVED FOR CONNECTION, POWERED TESTING, MOTION, WALKING, OR ENERGIZATION"
WS-R01,485,9.700,4,P04_RIGHT_CAPTURE_STEP,P08_RIGHT_TOUCHDOWN,L SINGLE,0.050000000,-0.010874894,0.385914743,9.901056000,37.428303,-10.766849,346.789210,22.372862,4.268869,40.930074,SIMULATOR-ONLY REFERENCE - NOT A HARDWARE COMMAND,"PRELIMINARY - SIMULATOR-ONLY KINEMATIC SEQUENCE - NOT APPROVED FOR CONNECTION, POWERED TESTING, MOTION, WALKING, OR ENERGIZATION"
WS-R01,486,9.720,4,P04_RIGHT_CAPTURE_STEP,P08_RIGHT_TOUCHDOWN,L SINGLE,0.050000000,-0.011223140,0.385902648,9.901056000,37.423138,-11.017279,346.755435,22.365890,3.994892,40.909087,SIMULATOR-ONLY REFERENCE - NOT A HARDWARE COMMAND,"PRELIMINARY - SIMULATOR-ONLY KINEMATIC SEQUENCE - NOT APPROVED FOR CONNECTION, POWERED TESTING, MOTION, WALKING, OR ENERGIZATION"
WS-R01,487,9.740,4,P04_RIGHT_CAPTURE_STEP,P08_RIGHT_TOUCHDOWN,L SINGLE,0.050000000,-0.011569680,0.385890234,9.901056000,37.418173,-11.266315,346.723151,22.359070,3.730941,40.886804,SIMULATOR-ONLY REFERENCE - NOT A HARDWARE COMMAND,"PRELIMINARY - SIMULATOR-ONLY KINEMATIC SEQUENCE - NOT APPROVED FOR CONNECTION, POWERED TESTING, MOTION, WALKING, OR ENERGIZATION"
WS-R01,488,9.760,4,P04_RIGHT_CAPTURE_STEP,P08_RIGHT_TOUCHDOWN,L SINGLE,0.050000000,-0.011914032,0.385877525,9.901056000,37.413413,-11.513618,346.692381,22.352410,3.477246,40.863311,SIMULATOR-ONLY REFERENCE - NOT A HARDWARE COMMAND,"PRELIMINARY - SIMULATOR-ONLY KINEMATIC SEQUENCE - NOT APPROVED FOR CONNECTION, POWERED TESTING, MOTION, WALKING, OR ENERGIZATION"
WS-R01,489,9.780,4,P04_RIGHT_CAPTURE_STEP,P08_RIGHT_TOUCHDOWN,L SINGLE,0.050000000,-0.012255719,0.385864546,9.901056000,37.408860,-11.758852,346.663143,22.345918,3.233987,40.838699,SIMULATOR-ONLY REFERENCE - NOT A HARDWARE COMMAND,"PRELIMINARY - SIMULATOR-ONLY KINEMATIC SEQUENCE - NOT APPROVED FOR CONNECTION, POWERED TESTING, MOTION, WALKING, OR ENERGIZATION"
WS-R01,490,9.800,4,P04_RIGHT_CAPTURE_STEP,P08_RIGHT_TOUCHDOWN,L SINGLE,0.050000000,-0.012594270,0.385851324,9.901056000,37.404518,-12.001688,346.635444,22.339599,3.001293,40.813063,SIMULATOR-ONLY REFERENCE - NOT A HARDWARE COMMAND,"PRELIMINARY - SIMULATOR-ONLY KINEMATIC SEQUENCE - NOT APPROVED FOR CONNECTION, POWERED TESTING, MOTION, WALKING, OR ENERGIZATION"
WS-R01,491,9.820,4,P04_RIGHT_CAPTURE_STEP,P08_RIGHT_TOUCHDOWN,L SINGLE,0.050000000,-0.012929221,0.385837889,9.901056000,37.400386,-12.241802,346.609287,22.333459,2.779245,40.786506,SIMULATOR-ONLY REFERENCE - NOT A HARDWARE COMMAND,"PRELIMINARY - SIMULATOR-ONLY KINEMATIC SEQUENCE - NOT APPROVED FOR CONNECTION, POWERED TESTING, MOTION, WALKING, OR ENERGIZATION"
WS-R01,492,9.840,4,P04_RIGHT_CAPTURE_STEP,P08_RIGHT_TOUCHDOWN,L SINGLE,0.050000000,-0.013260114,0.385824270,9.901056000,37.396465,-12.478873,346.584665,22.327503,2.567874,40.759131,SIMULATOR-ONLY REFERENCE - NOT A HARDWARE COMMAND,"PRELIMINARY - SIMULATOR-ONLY KINEMATIC SEQUENCE - NOT APPROVED FOR CONNECTION, POWERED TESTING, MOTION, WALKING, OR ENERGIZATION"
WS-R01,493,9.860,4,P04_RIGHT_CAPTURE_STEP,P08_RIGHT_TOUCHDOWN,L SINGLE,0.050000000,-0.013586502,0.385810500,9.901056000,37.392754,-12.712590,346.561566,22.321734,2.367166,40.731047,SIMULATOR-ONLY REFERENCE - NOT A HARDWARE COMMAND,"PRELIMINARY - SIMULATOR-ONLY KINEMATIC SEQUENCE - NOT APPROVED FOR CONNECTION, POWERED TESTING, MOTION, WALKING, OR ENERGIZATION"
WS-R01,494,9.880,4,P04_RIGHT_CAPTURE_STEP,P08_RIGHT_TOUCHDOWN,L SINGLE,0.050000000,-0.013907946,0.385796611,9.901056000,37.389252,-12.942649,346.539969,22.316157,2.177060,40.702364,SIMULATOR-ONLY REFERENCE - NOT A HARDWARE COMMAND,"PRELIMINARY - SIMULATOR-ONLY KINEMATIC SEQUENCE - NOT APPROVED FOR CONNECTION, POWERED TESTING, MOTION, WALKING, OR ENERGIZATION"
WS-R01,495,9.900,4,P04_RIGHT_CAPTURE_STEP,P08_RIGHT_TOUCHDOWN,L SINGLE,0.050000000,-0.014224019,0.385782638,9.901056000,37.385956,-13.168751,346.519851,22.310772,1.997456,40.673193,SIMULATOR-ONLY REFERENCE - NOT A HARDWARE COMMAND,"PRELIMINARY - SIMULATOR-ONLY KINEMATIC SEQUENCE - NOT APPROVED FOR CONNECTION, POWERED TESTING, MOTION, WALKING, OR ENERGIZATION"
WS-R01,496,9.920,4,P04_RIGHT_CAPTURE_STEP,P08_RIGHT_TOUCHDOWN,L SINGLE,0.050000000,-0.014534305,0.385768616,9.901056000,37.382863,-13.390610,346.501178,22.305584,1.828210,40.643647,SIMULATOR-ONLY REFERENCE - NOT A HARDWARE COMMAND,"PRELIMINARY - SIMULATOR-ONLY KINEMATIC SEQUENCE - NOT APPROVED FOR CONNECTION, POWERED TESTING, MOTION, WALKING, OR ENERGIZATION"
WS-R01,497,9.940,4,P04_RIGHT_CAPTURE_STEP,P08_RIGHT_TOUCHDOWN,L SINGLE,0.050000000,-0.014838401,0.385754580,9.901056000,37.379969,-13.607946,346.483914,22.300592,1.669142,40.613838,SIMULATOR-ONLY REFERENCE - NOT A HARDWARE COMMAND,"PRELIMINARY - SIMULATOR-ONLY KINEMATIC SEQUENCE - NOT APPROVED FOR CONNECTION, POWERED TESTING, MOTION, WALKING, OR ENERGIZATION"
WS-R01,498,9.960,4,P04_RIGHT_CAPTURE_STEP,P08_RIGHT_TOUCHDOWN,L SINGLE,0.050000000,-0.015135918,0.385740567,9.901056000,37.377269,-13.820490,346.468017,22.295797,1.520035,40.583879,SIMULATOR-ONLY REFERENCE - NOT A HARDWARE COMMAND,"PRELIMINARY - SIMULATOR-ONLY KINEMATIC SEQUENCE - NOT APPROVED FOR CONNECTION, POWERED TESTING, MOTION, WALKING, OR ENERGIZATION"
WS-R01,499,9.980,4,P04_RIGHT_CAPTURE_STEP,P08_RIGHT_TOUCHDOWN,L SINGLE,0.050000000,-0.015426483,0.385726612,9.901056000,37.374757,-14.027983,346.453440,22.291201,1.380642,40.553879,SIMULATOR-ONLY REFERENCE - NOT A HARDWARE COMMAND,"PRELIMINARY - SIMULATOR-ONLY KINEMATIC SEQUENCE - NOT APPROVED FOR CONNECTION, POWERED TESTING, MOTION, WALKING, OR ENERGIZATION"
WS-R01,500,10.000,4,P04_RIGHT_CAPTURE_STEP,P08_RIGHT_TOUCHDOWN,L SINGLE,0.050000000,-0.015709736,0.385712754,9.901056000,37.372429,-14.230178,346.440132,22.286801,1.250685,40.523949,SIMULATOR-ONLY REFERENCE - NOT A HARDWARE COMMAND,"PRELIMINARY - SIMULATOR-ONLY KINEMATIC SEQUENCE - NOT APPROVED FOR CONNECTION, POWERED TESTING, MOTION, WALKING, OR ENERGIZATION"
WS-R01,501,10.020,4,P04_RIGHT_CAPTURE_STEP,P08_RIGHT_TOUCHDOWN,L SINGLE,0.050000000,-0.015985336,0.385699028,9.901056000,37.370276,-14.426840,346.428040,22.282597,1.129861,40.494193,SIMULATOR-ONLY REFERENCE - NOT A HARDWARE COMMAND,"PRELIMINARY - SIMULATOR-ONLY KINEMATIC SEQUENCE - NOT APPROVED FOR CONNECTION, POWERED TESTING, MOTION, WALKING, OR ENERGIZATION"
WS-R01,502,10.040,4,P04_RIGHT_CAPTURE_STEP,P08_RIGHT_TOUCHDOWN,L SINGLE,0.050000000,-0.016252961,0.385685471,9.901056000,37.368293,-14.617747,346.417106,22.278588,1.017841,40.464716,SIMULATOR-ONLY REFERENCE - NOT A HARDWARE COMMAND,"PRELIMINARY - SIMULATOR-ONLY KINEMATIC SEQUENCE - NOT APPROVED FOR CONNECTION, POWERED TESTING, MOTION, WALKING, OR ENERGIZATION"
WS-R01,503,10.060,4,P04_RIGHT_CAPTURE_STEP,P08_RIGHT_TOUCHDOWN,L SINGLE,0.050000000,-0.016512305,0.385672120,9.901056000,37.366472,-14.802688,346.407270,22.274771,0.914281,40.435617,SIMULATOR-ONLY REFERENCE - NOT A HARDWARE COMMAND,"PRELIMINARY - SIMULATOR-ONLY KINEMATIC SEQUENCE - NOT APPROVED FOR CONNECTION, POWERED TESTING, MOTION, WALKING, OR ENERGIZATION"
WS-R01,504,10.080,4,P04_RIGHT_CAPTURE_STEP,P08_RIGHT_TOUCHDOWN,L SINGLE,0.050000000,-0.016763085,0.385659008,9.901056000,37.364805,-14.981468,346.398470,22.271145,0.818816,40.406992,SIMULATOR-ONLY REFERENCE - NOT A HARDWARE COMMAND,"PRELIMINARY - SIMULATOR-ONLY KINEMATIC SEQUENCE - NOT APPROVED FOR CONNECTION, POWERED TESTING, MOTION, WALKING, OR ENERGIZATION"
WS-R01,505,10.100,4,P04_RIGHT_CAPTURE_STEP,P08_RIGHT_TOUCHDOWN,L SINGLE,0.050000000,-0.017005037,0.385646170,9.901056000,37.363285,-15.153908,346.390643,22.267706,0.731070,40.378933,SIMULATOR-ONLY REFERENCE - NOT A HARDWARE COMMAND,"PRELIMINARY - SIMULATOR-ONLY KINEMATIC SEQUENCE - NOT APPROVED FOR CONNECTION, POWERED TESTING, MOTION, WALKING, OR ENERGIZATION"
WS-R01,506,10.120,4,P04_RIGHT_CAPTURE_STEP,P08_RIGHT_TOUCHDOWN,L SINGLE,0.050000000,-0.017237920,0.385633641,9.901056000,37.361904,-15.319841,346.383724,22.264452,0.650659,40.351525,SIMULATOR-ONLY REFERENCE - NOT A HARDWARE COMMAND,"PRELIMINARY - SIMULATOR-ONLY KINEMATIC SEQUENCE - NOT APPROVED FOR CONNECTION, POWERED TESTING, MOTION, WALKING, OR ENERGIZATION"
WS-R01,507,10.140,4,P04_RIGHT_CAPTURE_STEP,P08_RIGHT_TOUCHDOWN,L SINGLE,0.050000000,-0.017461516,0.385621450,9.901056000,37.360652,-15.479119,346.377649,22.261379,0.577190,40.324851,SIMULATOR-ONLY REFERENCE - NOT A HARDWARE COMMAND,"PRELIMINARY - SIMULATOR-ONLY KINEMATIC SEQUENCE - NOT APPROVED FOR CONNECTION, POWERED TESTING, MOTION, WALKING, OR ENERGIZATION"
WS-R01,508,10.160,4,P04_RIGHT_CAPTURE_STEP,P08_RIGHT_TOUCHDOWN,L SINGLE,0.050000000,-0.017675631,0.385609630,9.901056000,37.359524,-15.631608,346.372353,22.258484,0.510266,40.298984,SIMULATOR-ONLY REFERENCE - NOT A HARDWARE COMMAND,"PRELIMINARY - SIMULATOR-ONLY KINEMATIC SEQUENCE - NOT APPROVED FOR CONNECTION, POWERED TESTING, MOTION, WALKING, OR ENERGIZATION"
WS-R01,509,10.180,4,P04_RIGHT_CAPTURE_STEP,P08_RIGHT_TOUCHDOWN,L SINGLE,0.050000000,-0.017880096,0.385598208,9.901056000,37.358509,-15.777195,346.367772,22.255762,0.449493,40.273996,SIMULATOR-ONLY REFERENCE - NOT A HARDWARE COMMAND,"PRELIMINARY - SIMULATOR-ONLY KINEMATIC SEQUENCE - NOT APPROVED FOR CONNECTION, POWERED TESTING, MOTION, WALKING, OR ENERGIZATION"
WS-R01,510,10.200,4,P04_RIGHT_CAPTURE_STEP,P08_RIGHT_TOUCHDOWN,L SINGLE,0.050000000,-0.018074769,0.385587211,9.901056000,37.357600,-15.915783,346.363842,22.253209,0.394476,40.249950,SIMULATOR-ONLY REFERENCE - NOT A HARDWARE COMMAND,"PRELIMINARY - SIMULATOR-ONLY KINEMATIC SEQUENCE - NOT APPROVED FOR CONNECTION, POWERED TESTING, MOTION, WALKING, OR ENERGIZATION"
WS-R01,511,10.220,4,P04_RIGHT_CAPTURE_STEP,P08_RIGHT_TOUCHDOWN,L SINGLE,0.050000000,-0.018259534,0.385576663,9.901056000,37.356789,-16.047294,346.360502,22.250822,0.344827,40.226903,SIMULATOR-ONLY REFERENCE - NOT A HARDWARE COMMAND,"PRELIMINARY - SIMULATOR-ONLY KINEMATIC SEQUENCE - NOT APPROVED FOR CONNECTION, POWERED TESTING, MOTION, WALKING, OR ENERGIZATION"
WS-R01,512,10.240,4,P04_RIGHT_CAPTURE_STEP,P08_RIGHT_TOUCHDOWN,L SINGLE,0.050000000,-0.018434304,0.385566588,9.901056000,37.356069,-16.171671,346.357693,22.248596,0.300167,40.204906,SIMULATOR-ONLY REFERENCE - NOT A HARDWARE COMMAND,"PRELIMINARY - SIMULATOR-ONLY KINEMATIC SEQUENCE - NOT APPROVED FOR CONNECTION, POWERED TESTING, MOTION, WALKING, OR ENERGIZATION"
WS-R01,513,10.260,4,P04_RIGHT_CAPTURE_STEP,P08_RIGHT_TOUCHDOWN,L SINGLE,0.050000000,-0.018599021,0.385557004,9.901056000,37.355431,-16.288876,346.355356,22.246526,0.260125,40.184002,SIMULATOR-ONLY REFERENCE - NOT A HARDWARE COMMAND,"PRELIMINARY - SIMULATOR-ONLY KINEMATIC SEQUENCE - NOT APPROVED FOR CONNECTION, POWERED TESTING, MOTION, WALKING, OR ENERGIZATION"
WS-R01,514,10.280,4,P04_RIGHT_CAPTURE_STEP,P08_RIGHT_TOUCHDOWN,L SINGLE,0.050000000,-0.018753657,0.385547930,9.901056000,37.354869,-16.398893,346.353438,22.244608,0.224344,40.164229,SIMULATOR-ONLY REFERENCE - NOT A HARDWARE COMMAND,"PRELIMINARY - SIMULATOR-ONLY KINEMATIC SEQUENCE - NOT APPROVED FOR CONNECTION, POWERED TESTING, MOTION, WALKING, OR ENERGIZATION"
WS-R01,515,10.300,4,P04_RIGHT_CAPTURE_STEP,P08_RIGHT_TOUCHDOWN,L SINGLE,0.050000000,-0.018898216,0.385539379,9.901056000,37.354375,-16.501729,346.351884,22.242836,0.192481,40.145618,SIMULATOR-ONLY REFERENCE - NOT A HARDWARE COMMAND,"PRELIMINARY - SIMULATOR-ONLY KINEMATIC SEQUENCE - NOT APPROVED FOR CONNECTION, POWERED TESTING, MOTION, WALKING, OR ENERGIZATION"
WS-R01,516,10.320,4,P04_RIGHT_CAPTURE_STEP,P08_RIGHT_TOUCHDOWN,L SINGLE,0.050000000,-0.019032734,0.385531363,9.901056000,37.353944,-16.597410,346.350648,22.241207,0.164207,40.128191,SIMULATOR-ONLY REFERENCE - NOT A HARDWARE COMMAND,"PRELIMINARY - SIMULATOR-ONLY KINEMATIC SEQUENCE - NOT APPROVED FOR CONNECTION, POWERED TESTING, MOTION, WALKING, OR ENERGIZATION"
WS-R01,517,10.340,4,P04_RIGHT_CAPTURE_STEP,P08_RIGHT_TOUCHDOWN,L SINGLE,0.050000000,-0.019157281,0.385523890,9.901056000,37.353568,-16.685990,346.349683,22.239714,0.139213,40.111964,SIMULATOR-ONLY REFERENCE - NOT A HARDWARE COMMAND,"PRELIMINARY - SIMULATOR-ONLY KINEMATIC SEQUENCE - NOT APPROVED FOR CONNECTION, POWERED TESTING, MOTION, WALKING, OR ENERGIZATION"
WS-R01,518,10.360,4,P04_RIGHT_CAPTURE_STEP,P08_RIGHT_TOUCHDOWN,L SINGLE,0.050000000,-0.019271960,0.385516967,9.901056000,37.353242,-16.767544,346.348947,22.238354,0.117205,40.096946,SIMULATOR-ONLY REFERENCE - NOT A HARDWARE COMMAND,"PRELIMINARY - SIMULATOR-ONLY KINEMATIC SEQUENCE - NOT APPROVED FOR CONNECTION, POWERED TESTING, MOTION, WALKING, OR ENERGIZATION"
WS-R01,519,10.380,4,P04_RIGHT_CAPTURE_STEP,P08_RIGHT_TOUCHDOWN,L SINGLE,0.050000000,-0.019376911,0.385510595,9.901056000,37.352962,-16.842174,346.348401,22.237121,0.097910,40.083139,SIMULATOR-ONLY REFERENCE - NOT A HARDWARE COMMAND,"PRELIMINARY - SIMULATOR-ONLY KINEMATIC SEQUENCE - NOT APPROVED FOR CONNECTION, POWERED TESTING, MOTION, WALKING, OR ENERGIZATION"
WS-R01,520,10.400,4,P04_RIGHT_CAPTURE_STEP,P08_RIGHT_TOUCHDOWN,L SINGLE,0.050000000,-0.019472309,0.385504772,9.901056000,37.352720,-16.910006,346.348011,22.236009,0.081072,40.070537,SIMULATOR-ONLY REFERENCE - NOT A HARDWARE COMMAND,"PRELIMINARY - SIMULATOR-ONLY KINEMATIC SEQUENCE - NOT APPROVED FOR CONNECTION, POWERED TESTING, MOTION, WALKING, OR ENERGIZATION"
WS-R01,521,10.420,4,P04_RIGHT_CAPTURE_STEP,P08_RIGHT_TOUCHDOWN,L SINGLE,0.050000000,-0.019558367,0.385499495,9.901056000,37.352514,-16.971192,346.347747,22.235015,0.066455,40.059127,SIMULATOR-ONLY REFERENCE - NOT A HARDWARE COMMAND,"PRELIMINARY - SIMULATOR-ONLY KINEMATIC SEQUENCE - NOT APPROVED FOR CONNECTION, POWERED TESTING, MOTION, WALKING, OR ENERGIZATION"
WS-R01,522,10.440,4,P04_RIGHT_CAPTURE_STEP,P08_RIGHT_TOUCHDOWN,L SINGLE,0.050000000,-0.019635336,0.385494756,9.901056000,37.352339,-17.025914,346.347580,22.234131,0.053843,40.048889,SIMULATOR-ONLY REFERENCE - NOT A HARDWARE COMMAND,"PRELIMINARY - SIMULATOR-ONLY KINEMATIC SEQUENCE - NOT APPROVED FOR CONNECTION, POWERED TESTING, MOTION, WALKING, OR ENERGIZATION"
WS-R01,523,10.460,4,P04_RIGHT_CAPTURE_STEP,P08_RIGHT_TOUCHDOWN,L SINGLE,0.050000000,-0.019703509,0.385490543,9.901056000,37.352192,-17.074379,346.347487,22.233354,0.043035,40.039795,SIMULATOR-ONLY REFERENCE - NOT A HARDWARE COMMAND,"PRELIMINARY - SIMULATOR-ONLY KINEMATIC SEQUENCE - NOT APPROVED FOR CONNECTION, POWERED TESTING, MOTION, WALKING, OR ENERGIZATION"
WS-R01,524,10.480,4,P04_RIGHT_CAPTURE_STEP,P08_RIGHT_TOUCHDOWN,L SINGLE,0.050000000,-0.019763217,0.385486841,9.901056000,37.352068,-17.116825,346.347448,22.232677,0.033849,40.031811,SIMULATOR-ONLY REFERENCE - NOT A HARDWARE COMMAND,"PRELIMINARY - SIMULATOR-ONLY KINEMATIC SEQUENCE - NOT APPROVED FOR CONNECTION, POWERED TESTING, MOTION, WALKING, OR ENERGIZATION"
WS-R01,525,10.500,4,P04_RIGHT_CAPTURE_STEP,P08_RIGHT_TOUCHDOWN,L SINGLE,0.050000000,-0.019814832,0.385483632,9.901056000,37.351965,-17.153516,346.347447,22.232095,0.026119,40.024895,SIMULATOR-ONLY REFERENCE - NOT A HARDWARE COMMAND,"PRELIMINARY - SIMULATOR-ONLY KINEMATIC SEQUENCE - NOT APPROVED FOR CONNECTION, POWERED TESTING, MOTION, WALKING, OR ENERGIZATION"
WS-R01,526,10.520,4,P04_RIGHT_CAPTURE_STEP,P08_RIGHT_TOUCHDOWN,L SINGLE,0.050000000,-0.019858772,0.385480894,9.901056000,37.351881,-17.184750,346.347469,22.231601,0.019693,40.018996,SIMULATOR-ONLY REFERENCE - NOT A HARDWARE COMMAND,"PRELIMINARY - SIMULATOR-ONLY KINEMATIC SEQUENCE - NOT APPROVED FOR CONNECTION, POWERED TESTING, MOTION, WALKING, OR ENERGIZATION"
WS-R01,527,10.540,4,P04_RIGHT_CAPTURE_STEP,P08_RIGHT_TOUCHDOWN,L SINGLE,0.050000000,-0.019895495,0.385478600,9.901056000,37.351813,-17.210853,346.347504,22.231190,0.014431,40.014058,SIMULATOR-ONLY REFERENCE - NOT A HARDWARE COMMAND,"PRELIMINARY - SIMULATOR-ONLY KINEMATIC SEQUENCE - NOT APPROVED FOR CONNECTION, POWERED TESTING, MOTION, WALKING, OR ENERGIZATION"
WS-R01,528,10.560,4,P04_RIGHT_CAPTURE_STEP,P08_RIGHT_TOUCHDOWN,L SINGLE,0.050000000,-0.019925505,0.385476723,9.901056000,37.351759,-17.232185,346.347543,22.230855,0.010204,40.010019,SIMULATOR-ONLY REFERENCE - NOT A HARDWARE COMMAND,"PRELIMINARY - SIMULATOR-ONLY KINEMATIC SEQUENCE - NOT APPROVED FOR CONNECTION, POWERED TESTING, MOTION, WALKING, OR ENERGIZATION"
WS-R01,529,10.580,4,P04_RIGHT_CAPTURE_STEP,P08_RIGHT_TOUCHDOWN,L SINGLE,0.050000000,-0.019949353,0.385475229,9.901056000,37.351716,-17.249136,346.347582,22.230590,0.006893,40.006805,SIMULATOR-ONLY REFERENCE - NOT A HARDWARE COMMAND,"PRELIMINARY - SIMULATOR-ONLY KINEMATIC SEQUENCE - NOT APPROVED FOR CONNECTION, POWERED TESTING, MOTION, WALKING, OR ENERGIZATION"
WS-R01,530,10.600,4,P04_RIGHT_CAPTURE_STEP,P08_RIGHT_TOUCHDOWN,L SINGLE,0.050000000,-0.019967636,0.385474083,9.901056000,37.351685,-17.262131,346.347616,22.230387,0.004382,40.004339,SIMULATOR-ONLY REFERENCE - NOT A HARDWARE COMMAND,"PRELIMINARY - SIMULATOR-ONLY KINEMATIC SEQUENCE - NOT APPROVED FOR CONNECTION, POWERED TESTING, MOTION, WALKING, OR ENERGIZATION"
WS-R01,531,10.620,4,P04_RIGHT_CAPTURE_STEP,P08_RIGHT_TOUCHDOWN,L SINGLE,0.050000000,-0.019980996,0.385473244,9.901056000,37.351662,-17.271627,346.347643,22.230239,0.002563,40.002537,SIMULATOR-ONLY REFERENCE - NOT A HARDWARE COMMAND,"PRELIMINARY - SIMULATOR-ONLY KINEMATIC SEQUENCE - NOT APPROVED FOR CONNECTION, POWERED TESTING, MOTION, WALKING, OR ENERGIZATION"
WS-R01,532,10.640,4,P04_RIGHT_CAPTURE_STEP,P08_RIGHT_TOUCHDOWN,L SINGLE,0.050000000,-0.019990129,0.385472671,9.901056000,37.351646,-17.278118,346.347663,22.230138,0.001327,40.001304,SIMULATOR-ONLY REFERENCE - NOT A HARDWARE COMMAND,"PRELIMINARY - SIMULATOR-ONLY KINEMATIC SEQUENCE - NOT APPROVED FOR CONNECTION, POWERED TESTING, MOTION, WALKING, OR ENERGIZATION"
WS-R01,533,10.660,4,P04_RIGHT_CAPTURE_STEP,P08_RIGHT_TOUCHDOWN,L SINGLE,0.050000000,-0.019995775,0.385472316,9.901056000,37.351637,-17.282131,346.347675,22.230075,0.000566,40.000541,SIMULATOR-ONLY REFERENCE - NOT A HARDWARE COMMAND,"PRELIMINARY - SIMULATOR-ONLY KINEMATIC SEQUENCE - NOT APPROVED FOR CONNECTION, POWERED TESTING, MOTION, WALKING, OR ENERGIZATION"
WS-R01,534,10.680,4,P04_RIGHT_CAPTURE_STEP,P08_RIGHT_TOUCHDOWN,L SINGLE,0.050000000,-0.019998730,0.385472130,9.901056000,37.351632,-17.284232,346.347682,22.230042,0.000168,40.000142,SIMULATOR-ONLY REFERENCE - NOT A HARDWARE COMMAND,"PRELIMINARY - SIMULATOR-ONLY KINEMATIC SEQUENCE - NOT APPROVED FOR CONNECTION, POWERED TESTING, MOTION, WALKING, OR ENERGIZATION"
WS-R01,535,10.700,4,P04_RIGHT_CAPTURE_STEP,P08_RIGHT_TOUCHDOWN,L SINGLE,0.050000000,-0.019999839,0.385472061,9.901056000,37.351630,-17.285020,346.347685,22.230030,0.000020,39.999993,SIMULATOR-ONLY REFERENCE - NOT A HARDWARE COMMAND,"PRELIMINARY - SIMULATOR-ONLY KINEMATIC SEQUENCE - NOT APPROVED FOR CONNECTION, POWERED TESTING, MOTION, WALKING, OR ENERGIZATION"
WS-R01,536,10.720,4,P04_RIGHT_CAPTURE_STEP,P08_RIGHT_TOUCHDOWN,DOUBLE,0.050000000,-0.020000000,0.385472053,9.901056000,37.351630,-17.285134,346.347687,64.785166,-0.000000,39.999971,SIMULATOR-ONLY REFERENCE - NOT A HARDWARE COMMAND,"PRELIMINARY - SIMULATOR-ONLY KINEMATIC SEQUENCE - NOT APPROVED FOR CONNECTION, POWERED TESTING, MOTION, WALKING, OR ENERGIZATION"
WS-L01,0,0.000,0,P00_NEUTRAL_STAND,P01_CROUCHED_STAND,DOUBLE,0.000000000,0.000000000,0.390000000,9.901056000,-0.590654,2.718030,348.428523,44.781970,-0.000000,-0.000000,SIMULATOR-ONLY REFERENCE - NOT A HARDWARE COMMAND,"PRELIMINARY - SIMULATOR-ONLY KINEMATIC SEQUENCE - NOT APPROVED FOR CONNECTION, POWERED TESTING, MOTION, WALKING, OR ENERGIZATION"
WS-L01,1,0.020,0,P00_NEUTRAL_STAND,P01_CROUCHED_STAND,DOUBLE,0.000000000,0.000000000,0.390000000,9.901056000,-0.590654,2.717959,348.428522,44.782025,0.000000,0.000016,SIMULATOR-ONLY REFERENCE - NOT A HARDWARE COMMAND,"PRELIMINARY - SIMULATOR-ONLY KINEMATIC SEQUENCE - NOT APPROVED FOR CONNECTION, POWERED TESTING, MOTION, WALKING, OR ENERGIZATION"
WS-L01,2,0.040,0,P00_NEUTRAL_STAND,P01_CROUCHED_STAND,DOUBLE,0.000000000,0.000000000,0.390000000,9.901056000,-0.590654,2.717472,348.428518,44.782400,0.000000,0.000127,SIMULATOR-ONLY REFERENCE - NOT A HARDWARE COMMAND,"PRELIMINARY - SIMULATOR-ONLY KINEMATIC SEQUENCE - NOT APPROVED FOR CONNECTION, POWERED TESTING, MOTION, WALKING, OR ENERGIZATION"
WS-L01,3,0.060,0,P00_NEUTRAL_STAND,P01_CROUCHED_STAND,DOUBLE,0.000000000,0.000000000,0.389999999,9.901056000,-0.590654,2.716186,348.428507,44.783394,0.000000,0.000420,SIMULATOR-ONLY REFERENCE - NOT A HARDWARE COMMAND,"PRELIMINARY - SIMULATOR-ONLY KINEMATIC SEQUENCE - NOT APPROVED FOR CONNECTION, POWERED TESTING, MOTION, WALKING, OR ENERGIZATION"
WS-L01,4,0.080,0,P00_NEUTRAL_STAND,P01_CROUCHED_STAND,DOUBLE,0.000000000,0.000000000,0.389999994,9.901056000,-0.590654,2.713747,348.428484,44.785277,0.000000,0.000976,SIMULATOR-ONLY REFERENCE - NOT A HARDWARE COMMAND,"PRELIMINARY - SIMULATOR-ONLY KINEMATIC SEQUENCE - NOT APPROVED FOR CONNECTION, POWERED TESTING, MOTION, WALKING, OR ENERGIZATION"
WS-L01,5,0.100,0,P00_NEUTRAL_STAND,P01_CROUCHED_STAND,DOUBLE,0.000000000,0.000000000,0.389999978,9.901056000,-0.590654,2.709837,348.428441,44.788296,0.000000,0.001867,SIMULATOR-ONLY REFERENCE - NOT A HARDWARE COMMAND,"PRELIMINARY - SIMULATOR-ONLY KINEMATIC SEQUENCE - NOT APPROVED FOR CONNECTION, POWERED TESTING, MOTION, WALKING, OR ENERGIZATION"
WS-L01,6,0.120,0,P00_NEUTRAL_STAND,P01_CROUCHED_STAND,DOUBLE,0.000000000,0.000000000,0.389999937,9.901056000,-0.590654,2.704168,348.428365,44.792673,-0.000000,0.003159,SIMULATOR-ONLY REFERENCE - NOT A HARDWARE COMMAND,"PRELIMINARY - SIMULATOR-ONLY KINEMATIC SEQUENCE - NOT APPROVED FOR CONNECTION, POWERED TESTING, MOTION, WALKING, OR ENERGIZATION"
WS-L01,7,0.140,0,P00_NEUTRAL_STAND,P01_CROUCHED_STAND,DOUBLE,0.000000000,0.000000000,0.389999848,9.901056000,-0.590654,2.696481,348.428235,44.798608,0.000000,0.004911,SIMULATOR-ONLY REFERENCE - NOT A HARDWARE COMMAND,"PRELIMINARY - SIMULATOR-ONLY KINEMATIC SEQUENCE - NOT APPROVED FOR CONNECTION, POWERED TESTING, MOTION, WALKING, OR ENERGIZATION"
WS-L01,8,0.160,0,P00_NEUTRAL_STAND,P01_CROUCHED_STAND,DOUBLE,0.000000000,0.000000000,0.389999676,9.901056000,-0.590654,2.686547,348.428023,44.806278,-0.000000,0.007175,SIMULATOR-ONLY REFERENCE - NOT A HARDWARE COMMAND,"PRELIMINARY - SIMULATOR-ONLY KINEMATIC SEQUENCE - NOT APPROVED FOR CONNECTION, POWERED TESTING, MOTION, WALKING, OR ENERGIZATION"
WS-L01,9,0.180,0,P00_NEUTRAL_STAND,P01_CROUCHED_STAND,DOUBLE,0.000000000,0.000000000,0.389999370,9.901056000,-0.590654,2.674167,348.427689,44.815837,-0.000000,0.009996,SIMULATOR-ONLY REFERENCE - NOT A HARDWARE COMMAND,"PRELIMINARY - SIMULATOR-ONLY KINEMATIC SEQUENCE - NOT APPROVED FOR CONNECTION, POWERED TESTING, MOTION, WALKING, OR ENERGIZATION"
WS-L01,10,0.200,0,P00_NEUTRAL_STAND,P01_CROUCHED_STAND,DOUBLE,0.000000000,0.000000000,0.389998866,9.901056000,-0.590654,2.659166,348.427180,44.827419,-0.000000,0.013415,SIMULATOR-ONLY REFERENCE - NOT A HARDWARE COMMAND,"PRELIMINARY - SIMULATOR-ONLY KINEMATIC SEQUENCE - NOT APPROVED FOR CONNECTION, POWERED TESTING, MOTION, WALKING, OR ENERGIZATION"
WS-L01,11,0.220,0,P00_NEUTRAL_STAND,P01_CROUCHED_STAND,DOUBLE,0.000000000,0.000000000,0.389998078,9.901056000,-0.590654,2.641398,348.426430,44.841138,-0.000000,0.017464,SIMULATOR-ONLY REFERENCE - NOT A HARDWARE COMMAND,"PRELIMINARY - SIMULATOR-ONLY KINEMATIC SEQUENCE - NOT APPROVED FOR CONNECTION, POWERED TESTING, MOTION, WALKING, OR ENERGIZATION"
WS-L01,12,0.240,0,P00_NEUTRAL_STAND,P01_CROUCHED_STAND,DOUBLE,0.000000000,0.000000000,0.389996903,9.901056000,-0.590654,2.620742,348.425356,44.857086,-0.000000,0.022172,SIMULATOR-ONLY REFERENCE - NOT A HARDWARE COMMAND,"PRELIMINARY - SIMULATOR-ONLY KINEMATIC SEQUENCE - NOT APPROVED FOR CONNECTION, POWERED TESTING, MOTION, WALKING, OR ENERGIZATION"
WS-L01,13,0.260,0,P00_NEUTRAL_STAND,P01_CROUCHED_STAND,DOUBLE,0.000000000,0.000000000,0.389995215,9.901056000,-0.590654,2.597101,348.423861,44.875339,0.000000,0.027559,SIMULATOR-ONLY REFERENCE - NOT A HARDWARE COMMAND,"PRELIMINARY - SIMULATOR-ONLY KINEMATIC SEQUENCE - NOT APPROVED FOR CONNECTION, POWERED TESTING, MOTION, WALKING, OR ENERGIZATION"
WS-L01,14,0.280,0,P00_NEUTRAL_STAND,P01_CROUCHED_STAND,DOUBLE,0.000000000,0.000000000,0.389992869,9.901056000,-0.590654,2.570404,348.421832,44.895953,0.000000,0.033643,SIMULATOR-ONLY REFERENCE - NOT A HARDWARE COMMAND,"PRELIMINARY - SIMULATOR-ONLY KINEMATIC SEQUENCE - NOT APPROVED FOR CONNECTION, POWERED TESTING, MOTION, WALKING, OR ENERGIZATION"
WS-L01,15,0.300,0,P00_NEUTRAL_STAND,P01_CROUCHED_STAND,DOUBLE,0.000000000,0.000000000,0.389989699,9.901056000,-0.590654,2.540599,348.419140,44.918965,0.000000,0.040435,SIMULATOR-ONLY REFERENCE - NOT A HARDWARE COMMAND,"PRELIMINARY - SIMULATOR-ONLY KINEMATIC SEQUENCE - NOT APPROVED FOR CONNECTION, POWERED TESTING, MOTION, WALKING, OR ENERGIZATION"
WS-L01,16,0.320,0,P00_NEUTRAL_STAND,P01_CROUCHED_STAND,DOUBLE,0.000000000,0.000000000,0.389985520,9.901056000,-0.590654,2.507659,348.415641,44.944399,0.000000,0.047942,SIMULATOR-ONLY REFERENCE - NOT A HARDWARE COMMAND,"PRELIMINARY - SIMULATOR-ONLY KINEMATIC SEQUENCE - NOT APPROVED FOR CONNECTION, POWERED TESTING, MOTION, WALKING, OR ENERGIZATION"
WS-L01,17,0.340,0,P00_NEUTRAL_STAND,P01_CROUCHED_STAND,DOUBLE,0.000000000,0.000000000,0.389980126,9.901056000,-0.590654,2.471577,348.411175,44.972258,0.000000,0.056164,SIMULATOR-ONLY REFERENCE - NOT A HARDWARE COMMAND,"PRELIMINARY - SIMULATOR-ONLY KINEMATIC SEQUENCE - NOT APPROVED FOR CONNECTION, POWERED TESTING, MOTION, WALKING, OR ENERGIZATION"
WS-L01,18,0.360,0,P00_NEUTRAL_STAND,P01_CROUCHED_STAND,DOUBLE,0.000000000,0.000000000,0.389973300,9.901056000,-0.590654,2.432366,348.405574,45.002534,0.000000,0.065100,SIMULATOR-ONLY REFERENCE - NOT A HARDWARE COMMAND,"PRELIMINARY - SIMULATOR-ONLY KINEMATIC SEQUENCE - NOT APPROVED FOR CONNECTION, POWERED TESTING, MOTION, WALKING, OR ENERGIZATION"
WS-L01,19,0.380,0,P00_NEUTRAL_STAND,P01_CROUCHED_STAND,DOUBLE,0.000000000,0.000000000,0.389964805,9.901056000,-0.590654,2.390057,348.398656,45.035202,0.000000,0.074741,SIMULATOR-ONLY REFERENCE - NOT A HARDWARE COMMAND,"PRELIMINARY - SIMULATOR-ONLY KINEMATIC SEQUENCE - NOT APPROVED FOR CONNECTION, POWERED TESTING, MOTION, WALKING, OR ENERGIZATION"
WS-L01,20,0.400,0,P00_NEUTRAL_STAND,P01_CROUCHED_STAND,DOUBLE,0.000000000,0.000000000,0.389954397,9.901056000,-0.590654,2.344701,348.390230,45.070223,0.000000,0.085076,SIMULATOR-ONLY REFERENCE - NOT A HARDWARE COMMAND,"PRELIMINARY - SIMULATOR-ONLY KINEMATIC SEQUENCE - NOT APPROVED FOR CONNECTION, POWERED TESTING, MOTION, WALKING, OR ENERGIZATION"
WS-L01,21,0.420,0,P00_NEUTRAL_STAND,P01_CROUCHED_STAND,DOUBLE,0.000000000,0.000000000,0.389941824,9.901056000,-0.590654,2.296365,348.380103,45.107544,0.000000,0.096090,SIMULATOR-ONLY REFERENCE - NOT A HARDWARE COMMAND,"PRELIMINARY - SIMULATOR-ONLY KINEMATIC SEQUENCE - NOT APPROVED FOR CONNECTION, POWERED TESTING, MOTION, WALKING, OR ENERGIZATION"
WS-L01,22,0.440,0,P00_NEUTRAL_STAND,P01_CROUCHED_STAND,DOUBLE,0.000000000,0.000000000,0.389926829,9.901056000,-0.590654,2.245134,348.368074,45.147102,-0.000000,0.107764,SIMULATOR-ONLY REFERENCE - NOT A HARDWARE COMMAND,"PRELIMINARY - SIMULATOR-ONLY KINEMATIC SEQUENCE - NOT APPROVED FOR CONNECTION, POWERED TESTING, MOTION, WALKING, OR ENERGIZATION"
WS-L01,23,0.460,0,P00_NEUTRAL_STAND,P01_CROUCHED_STAND,DOUBLE,0.000000000,0.000000000,0.389909154,9.901056000,-0.590654,2.191106,348.353946,45.188819,0.000000,0.120075,SIMULATOR-ONLY REFERENCE - NOT A HARDWARE COMMAND,"PRELIMINARY - SIMULATOR-ONLY KINEMATIC SEQUENCE - NOT APPROVED FOR CONNECTION, POWERED TESTING, MOTION, WALKING, OR ENERGIZATION"
WS-L01,24,0.480,0,P00_NEUTRAL_STAND,P01_CROUCHED_STAND,DOUBLE,0.000000000,0.000000000,0.389888545,9.901056000,-0.590654,2.134396,348.337523,45.232608,0.000000,0.132997,SIMULATOR-ONLY REFERENCE - NOT A HARDWARE COMMAND,"PRELIMINARY - SIMULATOR-ONLY KINEMATIC SEQUENCE - NOT APPROVED FOR CONNECTION, POWERED TESTING, MOTION, WALKING, OR ENERGIZATION"
WS-L01,25,0.500,0,P00_NEUTRAL_STAND,P01_CROUCHED_STAND,DOUBLE,0.000000000,0.000000000,0.389864758,9.901056000,-0.590654,2.075130,348.318615,45.278370,0.000000,0.146500,SIMULATOR-ONLY REFERENCE - NOT A HARDWARE COMMAND,"PRELIMINARY - SIMULATOR-ONLY KINEMATIC SEQUENCE - NOT APPROVED FOR CONNECTION, POWERED TESTING, MOTION, WALKING, OR ENERGIZATION"
WS-L01,26,0.520,0,P00_NEUTRAL_STAND,P01_CROUCHED_STAND,DOUBLE,0.000000000,0.000000000,0.389837559,9.901056000,-0.590654,2.013448,348.297044,45.325997,-0.000000,0.160554,SIMULATOR-ONLY REFERENCE - NOT A HARDWARE COMMAND,"PRELIMINARY - SIMULATOR-ONLY KINEMATIC SEQUENCE - NOT APPROVED FOR CONNECTION, POWERED TESTING, MOTION, WALKING, OR ENERGIZATION"
WS-L01,27,0.540,0,P00_NEUTRAL_STAND,P01_CROUCHED_STAND,DOUBLE,0.000000000,0.000000000,0.389806731,9.901056000,-0.590654,1.949503,348.272641,45.375373,0.000000,0.175124,SIMULATOR-ONLY REFERENCE - NOT A HARDWARE COMMAND,"PRELIMINARY - SIMULATOR-ONLY KINEMATIC SEQUENCE - NOT APPROVED FOR CONNECTION, POWERED TESTING, MOTION, WALKING, OR ENERGIZATION"
WS-L01,28,0.560,0,P00_NEUTRAL_STAND,P01_CROUCHED_STAND,DOUBLE,0.000000000,0.000000000,0.389772078,9.901056000,-0.590654,1.883457,348.245256,45.426372,0.000000,0.190171,SIMULATOR-ONLY REFERENCE - NOT A HARDWARE COMMAND,"PRELIMINARY - SIMULATOR-ONLY KINEMATIC SEQUENCE - NOT APPROVED FOR CONNECTION, POWERED TESTING, MOTION, WALKING, OR ENERGIZATION"
WS-L01,29,0.580,0,P00_NEUTRAL_STAND,P01_CROUCHED_STAND,DOUBLE,0.000000000,0.000000000,0.389733428,9.901056000,-0.590654,1.815482,348.214758,45.478860,0.000000,0.205658,SIMULATOR-ONLY REFERENCE - NOT A HARDWARE COMMAND,"PRELIMINARY - SIMULATOR-ONLY KINEMATIC SEQUENCE - NOT APPROVED FOR CONNECTION, POWERED TESTING, MOTION, WALKING, OR ENERGIZATION"
WS-L01,30,0.600,0,P00_NEUTRAL_STAND,P01_CROUCHED_STAND,DOUBLE,0.000000000,0.000000000,0.389690638,9.901056000,-0.590654,1.745759,348.181036,45.532698,0.000000,0.221542,SIMULATOR-ONLY REFERENCE - NOT A HARDWARE COMMAND,"PRELIMINARY - SIMULATOR-ONLY KINEMATIC SEQUENCE - NOT APPROVED FOR CONNECTION, POWERED TESTING, MOTION, WALKING, OR ENERGIZATION"
WS-L01,31,0.620,0,P00_NEUTRAL_STAND,P01_CROUCHED_STAND,DOUBLE,0.000000000,0.000000000,0.389643596,9.901056000,-0.590654,1.674478,348.144006,45.587740,0.000000,0.237782,SIMULATOR-ONLY REFERENCE - NOT A HARDWARE COMMAND,"PRELIMINARY - SIMULATOR-ONLY KINEMATIC SEQUENCE - NOT APPROVED FOR CONNECTION, POWERED TESTING, MOTION, WALKING, OR ENERGIZATION"
WS-L01,32,0.640,0,P00_NEUTRAL_STAND,P01_CROUCHED_STAND,DOUBLE,0.000000000,0.000000000,0.389592226,9.901056000,-0.590654,1.601834,348.103610,45.643835,0.000000,0.254331,SIMULATOR-ONLY REFERENCE - NOT A HARDWARE COMMAND,"PRELIMINARY - SIMULATOR-ONLY KINEMATIC SEQUENCE - NOT APPROVED FOR CONNECTION, POWERED TESTING, MOTION, WALKING, OR ENERGIZATION"
WS-L01,33,0.660,0,P00_NEUTRAL_STAND,P01_CROUCHED_STAND,DOUBLE,0.000000000,0.000000000,0.389536490,9.901056000,-0.590654,1.528030,348.059820,45.700826,-0.000000,0.271144,SIMULATOR-ONLY REFERENCE - NOT A HARDWARE COMMAND,"PRELIMINARY - SIMULATOR-ONLY KINEMATIC SEQUENCE - NOT APPROVED FOR CONNECTION, POWERED TESTING, MOTION, WALKING, OR ENERGIZATION"
WS-L01,34,0.680,0,P00_NEUTRAL_STAND,P01_CROUCHED_STAND,DOUBLE,0.000000000,0.000000000,0.389476388,9.901056000,-0.590654,1.453273,348.012638,45.758553,0.000000,0.288173,SIMULATOR-ONLY REFERENCE - NOT A HARDWARE COMMAND,"PRELIMINARY - SIMULATOR-ONLY KINEMATIC SEQUENCE - NOT APPROVED FOR CONNECTION, POWERED TESTING, MOTION, WALKING, OR ENERGIZATION"
WS-L01,35,0.700,0,P00_NEUTRAL_STAND,P01_CROUCHED_STAND,DOUBLE,0.000000000,0.000000000,0.389411965,9.901056000,-0.590654,1.377774,347.962099,45.816854,0.000000,0.305372,SIMULATOR-ONLY REFERENCE - NOT A HARDWARE COMMAND,"PRELIMINARY - SIMULATOR-ONLY KINEMATIC SEQUENCE - NOT APPROVED FOR CONNECTION, POWERED TESTING, MOTION, WALKING, OR ENERGIZATION"
WS-L01,36,0.720,0,P00_NEUTRAL_STAND,P01_CROUCHED_STAND,DOUBLE,0.000000000,0.000000000,0.389343306,9.901056000,-0.590654,1.301748,347.908273,45.875563,0.000000,0.322689,SIMULATOR-ONLY REFERENCE - NOT A HARDWARE COMMAND,"PRELIMINARY - SIMULATOR-ONLY KINEMATIC SEQUENCE - NOT APPROVED FOR CONNECTION, POWERED TESTING, MOTION, WALKING, OR ENERGIZATION"
WS-L01,37,0.740,0,P00_NEUTRAL_STAND,P01_CROUCHED_STAND,DOUBLE,0.000000000,0.000000000,0.389270543,9.901056000,-0.590654,1.225411,347.851263,45.934511,0.000000,0.340077,SIMULATOR-ONLY REFERENCE - NOT A HARDWARE COMMAND,"PRELIMINARY - SIMULATOR-ONLY KINEMATIC SEQUENCE - NOT APPROVED FOR CONNECTION, POWERED TESTING, MOTION, WALKING, OR ENERGIZATION"
WS-L01,38,0.760,0,P00_NEUTRAL_STAND,P01_CROUCHED_STAND,DOUBLE,0.000000000,0.000000000,0.389193851,9.901056000,-0.590654,1.148982,347.791206,45.993532,0.000000,0.357486,SIMULATOR-ONLY REFERENCE - NOT A HARDWARE COMMAND,"PRELIMINARY - SIMULATOR-ONLY KINEMATIC SEQUENCE - NOT APPROVED FOR CONNECTION, POWERED TESTING, MOTION, WALKING, OR ENERGIZATION"
WS-L01,39,0.780,0,P00_NEUTRAL_STAND,P01_CROUCHED_STAND,DOUBLE,0.000000000,0.000000000,0.389113449,9.901056000,-0.590654,1.072678,347.728274,46.052456,-0.000000,0.374866,SIMULATOR-ONLY REFERENCE - NOT A HARDWARE COMMAND,"PRELIMINARY - SIMULATOR-ONLY KINEMATIC SEQUENCE - NOT APPROVED FOR CONNECTION, POWERED TESTING, MOTION, WALKING, OR ENERGIZATION"
WS-L01,40,0.800,0,P00_NEUTRAL_STAND,P01_CROUCHED_STAND,DOUBLE,0.000000000,0.000000000,0.389029598,9.901056000,-0.590654,0.996718,347.662671,46.111116,0.000000,0.392167,SIMULATOR-ONLY REFERENCE - NOT A HARDWARE COMMAND,"PRELIMINARY - SIMULATOR-ONLY KINEMATIC SEQUENCE - NOT APPROVED FOR CONNECTION, POWERED TESTING, MOTION, WALKING, OR ENERGIZATION"
WS-L01,41,0.820,0,P00_NEUTRAL_STAND,P01_CROUCHED_STAND,DOUBLE,0.000000000,0.000000000,0.388942603,9.901056000,-0.590654,0.921316,347.594635,46.169344,-0.000000,0.409340,SIMULATOR-ONLY REFERENCE - NOT A HARDWARE COMMAND,"PRELIMINARY - SIMULATOR-ONLY KINEMATIC SEQUENCE - NOT APPROVED FOR CONNECTION, POWERED TESTING, MOTION, WALKING, OR ENERGIZATION"
WS-L01,42,0.840,0,P00_NEUTRAL_STAND,P01_CROUCHED_STAND,DOUBLE,0.000000000,0.000000000,0.388852805,9.901056000,-0.590654,0.846687,347.524432,46.226976,0.000000,0.426337,SIMULATOR-ONLY REFERENCE - NOT A HARDWARE COMMAND,"PRELIMINARY - SIMULATOR-ONLY KINEMATIC SEQUENCE - NOT APPROVED FOR CONNECTION, POWERED TESTING, MOTION, WALKING, OR ENERGIZATION"
WS-L01,43,0.860,0,P00_NEUTRAL_STAND,P01_CROUCHED_STAND,DOUBLE,0.000000000,0.000000000,0.388760584,9.901056000,-0.590654,0.773041,347.452358,46.283850,0.000000,0.443109,SIMULATOR-ONLY REFERENCE - NOT A HARDWARE COMMAND,"PRELIMINARY - SIMULATOR-ONLY KINEMATIC SEQUENCE - NOT APPROVED FOR CONNECTION, POWERED TESTING, MOTION, WALKING, OR ENERGIZATION"
WS-L01,44,0.880,0,P00_NEUTRAL_STAND,P01_CROUCHED_STAND,DOUBLE,0.000000000,0.000000000,0.388666352,9.901056000,-0.590654,0.700583,347.378735,46.339807,0.000000,0.459611,SIMULATOR-ONLY REFERENCE - NOT A HARDWARE COMMAND,"PRELIMINARY - SIMULATOR-ONLY KINEMATIC SEQUENCE - NOT APPROVED FOR CONNECTION, POWERED TESTING, MOTION, WALKING, OR ENERGIZATION"
WS-L01,45,0.900,0,P00_NEUTRAL_STAND,P01_CROUCHED_STAND,DOUBLE,0.000000000,0.000000000,0.388570553,9.901056000,-0.590654,0.629512,347.303907,46.394692,0.000000,0.475796,SIMULATOR-ONLY REFERENCE - NOT A HARDWARE COMMAND,"PRELIMINARY - SIMULATOR-ONLY KINEMATIC SEQUENCE - NOT APPROVED FOR CONNECTION, POWERED TESTING, MOTION, WALKING, OR ENERGIZATION"
WS-L01,46,0.920,0,P00_NEUTRAL_STAND,P01_CROUCHED_STAND,DOUBLE,0.000000000,0.000000000,0.388473652,9.901056000,-0.590654,0.560023,347.228239,46.448357,0.000000,0.491620,SIMULATOR-ONLY REFERENCE - NOT A HARDWARE COMMAND,"PRELIMINARY - SIMULATOR-ONLY KINEMATIC SEQUENCE - NOT APPROVED FOR CONNECTION, POWERED TESTING, MOTION, WALKING, OR ENERGIZATION"
WS-L01,47,0.940,0,P00_NEUTRAL_STAND,P01_CROUCHED_STAND,DOUBLE,0.000000000,0.000000000,0.388376140,9.901056000,-0.590654,0.492302,347.152110,46.500656,-0.000000,0.507042,SIMULATOR-ONLY REFERENCE - NOT A HARDWARE COMMAND,"PRELIMINARY - SIMULATOR-ONLY KINEMATIC SEQUENCE - NOT APPROVED FOR CONNECTION, POWERED TESTING, MOTION, WALKING, OR ENERGIZATION"
WS-L01,48,0.960,0,P00_NEUTRAL_STAND,P01_CROUCHED_STAND,DOUBLE,0.000000000,0.000000000,0.388278520,9.901056000,-0.590654,0.426528,347.075912,46.551452,-0.000000,0.522019,SIMULATOR-ONLY REFERENCE - NOT A HARDWARE COMMAND,"PRELIMINARY - SIMULATOR-ONLY KINEMATIC SEQUENCE - NOT APPROVED FOR CONNECTION, POWERED TESTING, MOTION, WALKING, OR ENERGIZATION"
WS-L01,49,0.980,0,P00_NEUTRAL_STAND,P01_CROUCHED_STAND,DOUBLE,0.000000000,0.000000000,0.388181306,9.901056000,-0.590654,0.362870,347.000047,46.600615,0.000000,0.536515,SIMULATOR-ONLY REFERENCE - NOT A HARDWARE COMMAND,"PRELIMINARY - SIMULATOR-ONLY KINEMATIC SEQUENCE - NOT APPROVED FOR CONNECTION, POWERED TESTING, MOTION, WALKING, OR ENERGIZATION"
WS-L01,50,1.000,0,P00_NEUTRAL_STAND,P01_CROUCHED_STAND,DOUBLE,0.000000000,0.000000000,0.388085018,9.901056000,-0.590654,0.301488,346.924917,46.648020,-0.000000,0.550492,SIMULATOR-ONLY REFERENCE - NOT A HARDWARE COMMAND,"PRELIMINARY - SIMULATOR-ONLY KINEMATIC SEQUENCE - NOT APPROVED FOR CONNECTION, POWERED TESTING, MOTION, WALKING, OR ENERGIZATION"
WS-L01,51,1.020,0,P00_NEUTRAL_STAND,P01_CROUCHED_STAND,DOUBLE,0.000000000,0.000000000,0.387990174,9.901056000,-0.590654,0.242529,346.850925,46.693554,0.000000,0.563917,SIMULATOR-ONLY REFERENCE - NOT A HARDWARE COMMAND,"PRELIMINARY - SIMULATOR-ONLY KINEMATIC SEQUENCE - NOT APPROVED FOR CONNECTION, POWERED TESTING, MOTION, WALKING, OR ENERGIZATION"
WS-L01,52,1.040,0,P00_NEUTRAL_STAND,P01_CROUCHED_STAND,DOUBLE,0.000000000,0.000000000,0.387897285,9.901056000,-0.590654,0.186131,346.778469,46.737111,0.000000,0.576758,SIMULATOR-ONLY REFERENCE - NOT A HARDWARE COMMAND,"PRELIMINARY - SIMULATOR-ONLY KINEMATIC SEQUENCE - NOT APPROVED FOR CONNECTION, POWERED TESTING, MOTION, WALKING, OR ENERGIZATION"
WS-L01,53,1.060,0,P00_NEUTRAL_STAND,P01_CROUCHED_STAND,DOUBLE,0.000000000,0.000000000,0.387806849,9.901056000,-0.590654,0.132417,346.707936,46.778594,0.000000,0.588988,SIMULATOR-ONLY REFERENCE - NOT A HARDWARE COMMAND,"PRELIMINARY - SIMULATOR-ONLY KINEMATIC SEQUENCE - NOT APPROVED FOR CONNECTION, POWERED TESTING, MOTION, WALKING, OR ENERGIZATION"
WS-L01,54,1.080,0,P00_NEUTRAL_STAND,P01_CROUCHED_STAND,DOUBLE,0.000000000,0.000000000,0.387719344,9.901056000,-0.590654,0.081499,346.639698,46.817919,0.000000,0.600582,SIMULATOR-ONLY REFERENCE - NOT A HARDWARE COMMAND,"PRELIMINARY - SIMULATOR-ONLY KINEMATIC SEQUENCE - NOT APPROVED FOR CONNECTION, POWERED TESTING, MOTION, WALKING, OR ENERGIZATION"
WS-L01,55,1.100,0,P00_NEUTRAL_STAND,P01_CROUCHED_STAND,DOUBLE,0.000000000,0.000000000,0.387635224,9.901056000,-0.590654,0.033473,346.574106,46.855011,0.000000,0.611516,SIMULATOR-ONLY REFERENCE - NOT A HARDWARE COMMAND,"PRELIMINARY - SIMULATOR-ONLY KINEMATIC SEQUENCE - NOT APPROVED FOR CONNECTION, POWERED TESTING, MOTION, WALKING, OR ENERGIZATION"
WS-L01,56,1.120,0,P00_NEUTRAL_STAND,P01_CROUCHED_STAND,DOUBLE,0.000000000,0.000000000,0.387554910,9.901056000,-0.590654,-0.011581,346.511489,46.889807,-0.000000,0.621774,SIMULATOR-ONLY REFERENCE - NOT A HARDWARE COMMAND,"PRELIMINARY - SIMULATOR-ONLY KINEMATIC SEQUENCE - NOT APPROVED FOR CONNECTION, POWERED TESTING, MOTION, WALKING, OR ENERGIZATION"
WS-L01,57,1.140,0,P00_NEUTRAL_STAND,P01_CROUCHED_STAND,DOUBLE,0.000000000,0.000000000,0.387478790,9.901056000,-0.590654,-0.053597,346.452146,46.922257,0.000000,0.631340,SIMULATOR-ONLY REFERENCE - NOT A HARDWARE COMMAND,"PRELIMINARY - SIMULATOR-ONLY KINEMATIC SEQUENCE - NOT APPROVED FOR CONNECTION, POWERED TESTING, MOTION, WALKING, OR ENERGIZATION"
WS-L01,58,1.160,0,P00_NEUTRAL_STAND,P01_CROUCHED_STAND,DOUBLE,0.000000000,0.000000000,0.387407205,9.901056000,-0.590654,-0.092529,346.396343,46.952325,-0.000000,0.640204,SIMULATOR-ONLY REFERENCE - NOT A HARDWARE COMMAND,"PRELIMINARY - SIMULATOR-ONLY KINEMATIC SEQUENCE - NOT APPROVED FOR CONNECTION, POWERED TESTING, MOTION, WALKING, OR ENERGIZATION"
WS-L01,59,1.180,0,P00_NEUTRAL_STAND,P01_CROUCHED_STAND,DOUBLE,0.000000000,0.000000000,0.387340452,9.901056000,-0.590654,-0.128346,346.344311,46.979988,0.000000,0.648358,SIMULATOR-ONLY REFERENCE - NOT A HARDWARE COMMAND,"PRELIMINARY - SIMULATOR-ONLY KINEMATIC SEQUENCE - NOT APPROVED FOR CONNECTION, POWERED TESTING, MOTION, WALKING, OR ENERGIZATION"
WS-L01,60,1.200,0,P00_NEUTRAL_STAND,P01_CROUCHED_STAND,DOUBLE,0.000000000,0.000000000,0.387278774,9.901056000,-0.590654,-0.161037,346.296239,47.005236,0.000000,0.655801,SIMULATOR-ONLY REFERENCE - NOT A HARDWARE COMMAND,"PRELIMINARY - SIMULATOR-ONLY KINEMATIC SEQUENCE - NOT APPROVED FOR CONNECTION, POWERED TESTING, MOTION, WALKING, OR ENERGIZATION"
WS-L01,61,1.220,0,P00_NEUTRAL_STAND,P01_CROUCHED_STAND,DOUBLE,0.000000000,0.000000000,0.387222361,9.901056000,-0.590654,-0.190612,346.252272,47.028078,-0.000000,0.662534,SIMULATOR-ONLY REFERENCE - NOT A HARDWARE COMMAND,"PRELIMINARY - SIMULATOR-ONLY KINEMATIC SEQUENCE - NOT APPROVED FOR CONNECTION, POWERED TESTING, MOTION, WALKING, OR ENERGIZATION"
WS-L01,62,1.240,0,P00_NEUTRAL_STAND,P01_CROUCHED_STAND,DOUBLE,0.000000000,0.000000000,0.387171339,9.901056000,-0.590654,-0.217099,346.212509,47.048535,0.000000,0.668564,SIMULATOR-ONLY REFERENCE - NOT A HARDWARE COMMAND,"PRELIMINARY - SIMULATOR-ONLY KINEMATIC SEQUENCE - NOT APPROVED FOR CONNECTION, POWERED TESTING, MOTION, WALKING, OR ENERGIZATION"
WS-L01,63,1.260,0,P00_NEUTRAL_STAND,P01_CROUCHED_STAND,DOUBLE,0.000000000,0.000000000,0.387125774,9.901056000,-0.590654,-0.240550,346.177000,47.066647,0.000000,0.673903,SIMULATOR-ONLY REFERENCE - NOT A HARDWARE COMMAND,"PRELIMINARY - SIMULATOR-ONLY KINEMATIC SEQUENCE - NOT APPROVED FOR CONNECTION, POWERED TESTING, MOTION, WALKING, OR ENERGIZATION"
WS-L01,64,1.280,0,P00_NEUTRAL_STAND,P01_CROUCHED_STAND,DOUBLE,0.000000000,0.000000000,0.387085665,9.901056000,-0.590654,-0.261037,346.145744,47.082471,-0.000000,0.678567,SIMULATOR-ONLY REFERENCE - NOT A HARDWARE COMMAND,"PRELIMINARY - SIMULATOR-ONLY KINEMATIC SEQUENCE - NOT APPROVED FOR CONNECTION, POWERED TESTING, MOTION, WALKING, OR ENERGIZATION"
WS-L01,65,1.300,0,P00_NEUTRAL_STAND,P01_CROUCHED_STAND,DOUBLE,0.000000000,0.000000000,0.387050942,9.901056000,-0.590654,-0.278659,346.118687,47.096080,-0.000000,0.682578,SIMULATOR-ONLY REFERENCE - NOT A HARDWARE COMMAND,"PRELIMINARY - SIMULATOR-ONLY KINEMATIC SEQUENCE - NOT APPROVED FOR CONNECTION, POWERED TESTING, MOTION, WALKING, OR ENERGIZATION"
WS-L01,66,1.320,0,P00_NEUTRAL_STAND,P01_CROUCHED_STAND,DOUBLE,0.000000000,0.000000000,0.387021466,9.901056000,-0.590654,-0.293534,346.095719,47.107570,0.000000,0.685965,SIMULATOR-ONLY REFERENCE - NOT A HARDWARE COMMAND,"PRELIMINARY - SIMULATOR-ONLY KINEMATIC SEQUENCE - NOT APPROVED FOR CONNECTION, POWERED TESTING, MOTION, WALKING, OR ENERGIZATION"
WS-L01,67,1.340,0,P00_NEUTRAL_STAND,P01_CROUCHED_STAND,DOUBLE,0.000000000,0.000000000,0.386997030,9.901056000,-0.590654,-0.305811,346.076678,47.117051,0.000000,0.688760,SIMULATOR-ONLY REFERENCE - NOT A HARDWARE COMMAND,"PRELIMINARY - SIMULATOR-ONLY KINEMATIC SEQUENCE - NOT APPROVED FOR CONNECTION, POWERED TESTING, MOTION, WALKING, OR ENERGIZATION"
WS-L01,68,1.360,0,P00_NEUTRAL_STAND,P01_CROUCHED_STAND,DOUBLE,0.000000000,0.000000000,0.386977351,9.901056000,-0.590654,-0.315660,346.061345,47.124658,0.000000,0.691002,SIMULATOR-ONLY REFERENCE - NOT A HARDWARE COMMAND,"PRELIMINARY - SIMULATOR-ONLY KINEMATIC SEQUENCE - NOT APPROVED FOR CONNECTION, POWERED TESTING, MOTION, WALKING, OR ENERGIZATION"
WS-L01,69,1.380,0,P00_NEUTRAL_STAND,P01_CROUCHED_STAND,DOUBLE,0.000000000,0.000000000,0.386962079,9.901056000,-0.590654,-0.323282,346.049445,47.130545,0.000000,0.692737,SIMULATOR-ONLY REFERENCE - NOT A HARDWARE COMMAND,"PRELIMINARY - SIMULATOR-ONLY KINEMATIC SEQUENCE - NOT APPROVED FOR CONNECTION, POWERED TESTING, MOTION, WALKING, OR ENERGIZATION"
WS-L01,70,1.400,0,P00_NEUTRAL_STAND,P01_CROUCHED_STAND,DOUBLE,0.000000000,0.000000000,0.386950791,9.901056000,-0.590654,-0.328902,346.040650,47.134886,0.000000,0.694016,SIMULATOR-ONLY REFERENCE - NOT A HARDWARE COMMAND,"PRELIMINARY - SIMULATOR-ONLY KINEMATIC SEQUENCE - NOT APPROVED FOR CONNECTION, POWERED TESTING, MOTION, WALKING, OR ENERGIZATION"
WS-L01,71,1.420,0,P00_NEUTRAL_STAND,P01_CROUCHED_STAND,DOUBLE,0.000000000,0.000000000,0.386942995,9.901056000,-0.590654,-0.332778,346.034575,47.137880,0.000000,0.694899,SIMULATOR-ONLY REFERENCE - NOT A HARDWARE COMMAND,"PRELIMINARY - SIMULATOR-ONLY KINEMATIC SEQUENCE - NOT APPROVED FOR CONNECTION, POWERED TESTING, MOTION, WALKING, OR ENERGIZATION"
WS-L01,72,1.440,0,P00_NEUTRAL_STAND,P01_CROUCHED_STAND,DOUBLE,0.000000000,0.000000000,0.386938127,9.901056000,-0.590654,-0.335196,346.030782,47.139747,-0.000000,0.695449,SIMULATOR-ONLY REFERENCE - NOT A HARDWARE COMMAND,"PRELIMINARY - SIMULATOR-ONLY KINEMATIC SEQUENCE - NOT APPROVED FOR CONNECTION, POWERED TESTING, MOTION, WALKING, OR ENERGIZATION"
WS-L01,73,1.460,0,P00_NEUTRAL_STAND,P01_CROUCHED_STAND,DOUBLE,0.000000000,0.000000000,0.386935556,9.901056000,-0.590654,-0.336472,346.028780,47.140732,-0.000000,0.695740,SIMULATOR-ONLY REFERENCE - NOT A HARDWARE COMMAND,"PRELIMINARY - SIMULATOR-ONLY KINEMATIC SEQUENCE - NOT APPROVED FOR CONNECTION, POWERED TESTING, MOTION, WALKING, OR ENERGIZATION"
WS-L01,74,1.480,0,P00_NEUTRAL_STAND,P01_CROUCHED_STAND,DOUBLE,0.000000000,0.000000000,0.386934584,9.901056000,-0.590654,-0.336954,346.028022,47.141105,0.000000,0.695849,SIMULATOR-ONLY REFERENCE - NOT A HARDWARE COMMAND,"PRELIMINARY - SIMULATOR-ONLY KINEMATIC SEQUENCE - NOT APPROVED FOR CONNECTION, POWERED TESTING, MOTION, WALKING, OR ENERGIZATION"
WS-L01,75,1.500,0,P00_NEUTRAL_STAND,P01_CROUCHED_STAND,DOUBLE,0.000000000,0.000000000,0.386934442,9.901056000,-0.590654,-0.337025,346.027911,47.141159,0.000000,0.695866,SIMULATOR-ONLY REFERENCE - NOT A HARDWARE COMMAND,"PRELIMINARY - SIMULATOR-ONLY KINEMATIC SEQUENCE - NOT APPROVED FOR CONNECTION, POWERED TESTING, MOTION, WALKING, OR ENERGIZATION"
WS-L01,76,1.520,1,P01_CROUCHED_STAND,P05_RIGHT_WEIGHT_TRANSFER,DOUBLE,-0.000000058,0.000000000,0.386934449,9.901056000,-0.590699,-0.337021,346.027918,47.141157,-0.000000,0.695865,SIMULATOR-ONLY REFERENCE - NOT A HARDWARE COMMAND,"PRELIMINARY - SIMULATOR-ONLY KINEMATIC SEQUENCE - NOT APPROVED FOR CONNECTION, POWERED TESTING, MOTION, WALKING, OR ENERGIZATION"
WS-L01,77,1.540,1,P01_CROUCHED_STAND,P05_RIGHT_WEIGHT_TRANSFER,DOUBLE,-0.000000464,0.000000000,0.386934498,9.901056000,-0.591007,-0.336997,346.027962,47.141137,0.000000,0.695859,SIMULATOR-ONLY REFERENCE - NOT A HARDWARE COMMAND,"PRELIMINARY - SIMULATOR-ONLY KINEMATIC SEQUENCE - NOT APPROVED FOR CONNECTION, POWERED TESTING, MOTION, WALKING, OR ENERGIZATION"
WS-L01,78,1.560,1,P01_CROUCHED_STAND,P05_RIGHT_WEIGHT_TRANSFER,DOUBLE,-0.000001555,0.000000000,0.386934632,9.901056000,-0.591836,-0.336930,346.028081,47.141086,0.000000,0.695844,SIMULATOR-ONLY REFERENCE - NOT A HARDWARE COMMAND,"PRELIMINARY - SIMULATOR-ONLY KINEMATIC SEQUENCE - NOT APPROVED FOR CONNECTION, POWERED TESTING, MOTION, WALKING, OR ENERGIZATION"
WS-L01,79,1.580,1,P01_CROUCHED_STAND,P05_RIGHT_WEIGHT_TRANSFER,DOUBLE,-0.000003659,0.000000000,0.386934890,9.901056000,-0.593434,-0.336802,346.028310,47.140988,0.000000,0.695815,SIMULATOR-ONLY REFERENCE - NOT A HARDWARE COMMAND,"PRELIMINARY - SIMULATOR-ONLY KINEMATIC SEQUENCE - NOT APPROVED FOR CONNECTION, POWERED TESTING, MOTION, WALKING, OR ENERGIZATION"
WS-L01,80,1.600,1,P01_CROUCHED_STAND,P05_RIGHT_WEIGHT_TRANSFER,DOUBLE,-0.000007094,0.000000000,0.386935310,9.901056000,-0.596043,-0.336594,346.028684,47.140826,0.000000,0.695767,SIMULATOR-ONLY REFERENCE - NOT A HARDWARE COMMAND,"PRELIMINARY - SIMULATOR-ONLY KINEMATIC SEQUENCE - NOT APPROVED FOR CONNECTION, POWERED TESTING, MOTION, WALKING, OR ENERGIZATION"
WS-L01,81,1.620,1,P01_CROUCHED_STAND,P05_RIGHT_WEIGHT_TRANSFER,DOUBLE,-0.000012167,0.000000000,0.386935931,9.901056000,-0.599896,-0.336286,346.029237,47.140589,0.000000,0.695697,SIMULATOR-ONLY REFERENCE - NOT A HARDWARE COMMAND,"PRELIMINARY - SIMULATOR-ONLY KINEMATIC SEQUENCE - NOT APPROVED FOR CONNECTION, POWERED TESTING, MOTION, WALKING, OR ENERGIZATION"
WS-L01,82,1.640,1,P01_CROUCHED_STAND,P05_RIGHT_WEIGHT_TRANSFER,DOUBLE,-0.000019176,0.000000000,0.386936788,9.901056000,-0.605220,-0.335860,346.030000,47.140260,0.000000,0.695600,SIMULATOR-ONLY REFERENCE - NOT A HARDWARE COMMAND,"PRELIMINARY - SIMULATOR-ONLY KINEMATIC SEQUENCE - NOT APPROVED FOR CONNECTION, POWERED TESTING, MOTION, WALKING, OR ENERGIZATION"
WS-L01,83,1.660,1,P01_CROUCHED_STAND,P05_RIGHT_WEIGHT_TRANSFER,DOUBLE,-0.000028408,0.000000000,0.386937917,9.901056000,-0.612233,-0.335299,346.031005,47.139827,0.000000,0.695473,SIMULATOR-ONLY REFERENCE - NOT A HARDWARE COMMAND,"PRELIMINARY - SIMULATOR-ONLY KINEMATIC SEQUENCE - NOT APPROVED FOR CONNECTION, POWERED TESTING, MOTION, WALKING, OR ENERGIZATION"
WS-L01,84,1.680,1,P01_CROUCHED_STAND,P05_RIGHT_WEIGHT_TRANSFER,DOUBLE,-0.000040143,0.000000000,0.386939352,9.901056000,-0.621146,-0.334587,346.032282,47.139276,0.000000,0.695310,SIMULATOR-ONLY REFERENCE - NOT A HARDWARE COMMAND,"PRELIMINARY - SIMULATOR-ONLY KINEMATIC SEQUENCE - NOT APPROVED FOR CONNECTION, POWERED TESTING, MOTION, WALKING, OR ENERGIZATION"
WS-L01,85,1.700,1,P01_CROUCHED_STAND,P05_RIGHT_WEIGHT_TRANSFER,DOUBLE,-0.000054650,0.000000000,0.386941124,9.901056000,-0.632165,-0.333705,346.033860,47.138596,0.000000,0.695110,SIMULATOR-ONLY REFERENCE - NOT A HARDWARE COMMAND,"PRELIMINARY - SIMULATOR-ONLY KINEMATIC SEQUENCE - NOT APPROVED FOR CONNECTION, POWERED TESTING, MOTION, WALKING, OR ENERGIZATION"
WS-L01,86,1.720,1,P01_CROUCHED_STAND,P05_RIGHT_WEIGHT_TRANSFER,DOUBLE,-0.000072186,0.000000000,0.386943264,9.901056000,-0.645485,-0.332640,346.035767,47.137773,0.000000,0.694867,SIMULATOR-ONLY REFERENCE - NOT A HARDWARE COMMAND,"PRELIMINARY - SIMULATOR-ONLY KINEMATIC SEQUENCE - NOT APPROVED FOR CONNECTION, POWERED TESTING, MOTION, WALKING, OR ENERGIZATION"
WS-L01,87,1.740,1,P01_CROUCHED_STAND,P05_RIGHT_WEIGHT_TRANSFER,DOUBLE,-0.000093002,0.000000000,0.386945803,9.901056000,-0.661297,-0.331376,346.038028,47.136796,0.000000,0.694580,SIMULATOR-ONLY REFERENCE - NOT A HARDWARE COMMAND,"PRELIMINARY - SIMULATOR-ONLY KINEMATIC SEQUENCE - NOT APPROVED FOR CONNECTION, POWERED TESTING, MOTION, WALKING, OR ENERGIZATION"
WS-L01,88,1.760,1,P01_CROUCHED_STAND,P05_RIGHT_WEIGHT_TRANSFER,DOUBLE,-0.000117339,0.000000000,0.386948769,9.901056000,-0.679782,-0.329898,346.040670,47.135655,0.000000,0.694243,SIMULATOR-ONLY REFERENCE - NOT A HARDWARE COMMAND,"PRELIMINARY - SIMULATOR-ONLY KINEMATIC SEQUENCE - NOT APPROVED FOR CONNECTION, POWERED TESTING, MOTION, WALKING, OR ENERGIZATION"
WS-L01,89,1.780,1,P01_CROUCHED_STAND,P05_RIGHT_WEIGHT_TRANSFER,DOUBLE,-0.000145429,0.000000000,0.386952187,9.901056000,-0.701118,-0.328192,346.043716,47.134337,0.000000,0.693855,SIMULATOR-ONLY REFERENCE - NOT A HARDWARE COMMAND,"PRELIMINARY - SIMULATOR-ONLY KINEMATIC SEQUENCE - NOT APPROVED FOR CONNECTION, POWERED TESTING, MOTION, WALKING, OR ENERGIZATION"
WS-L01,90,1.800,1,P01_CROUCHED_STAND,P05_RIGHT_WEIGHT_TRANSFER,DOUBLE,-0.000177493,0.000000000,0.386956084,9.901056000,-0.725472,-0.326244,346.047190,47.132833,0.000000,0.693411,SIMULATOR-ONLY REFERENCE - NOT A HARDWARE COMMAND,"PRELIMINARY - SIMULATOR-ONLY KINEMATIC SEQUENCE - NOT APPROVED FOR CONNECTION, POWERED TESTING, MOTION, WALKING, OR ENERGIZATION"
WS-L01,91,1.820,1,P01_CROUCHED_STAND,P05_RIGHT_WEIGHT_TRANSFER,DOUBLE,-0.000213744,0.000000000,0.386960483,9.901056000,-0.753007,-0.324042,346.051113,47.131132,0.000000,0.692910,SIMULATOR-ONLY REFERENCE - NOT A HARDWARE COMMAND,"PRELIMINARY - SIMULATOR-ONLY KINEMATIC SEQUENCE - NOT APPROVED FOR CONNECTION, POWERED TESTING, MOTION, WALKING, OR ENERGIZATION"
WS-L01,92,1.840,1,P01_CROUCHED_STAND,P05_RIGHT_WEIGHT_TRANSFER,DOUBLE,-0.000254389,0.000000000,0.386965406,9.901056000,-0.783878,-0.321573,346.055505,47.129225,0.000000,0.692348,SIMULATOR-ONLY REFERENCE - NOT A HARDWARE COMMAND,"PRELIMINARY - SIMULATOR-ONLY KINEMATIC SEQUENCE - NOT APPROVED FOR CONNECTION, POWERED TESTING, MOTION, WALKING, OR ENERGIZATION"
WS-L01,93,1.860,1,P01_CROUCHED_STAND,P05_RIGHT_WEIGHT_TRANSFER,DOUBLE,-0.000299621,0.000000000,0.386970874,9.901056000,-0.818234,-0.318826,346.060385,47.127103,0.000000,0.691722,SIMULATOR-ONLY REFERENCE - NOT A HARDWARE COMMAND,"PRELIMINARY - SIMULATOR-ONLY KINEMATIC SEQUENCE - NOT APPROVED FOR CONNECTION, POWERED TESTING, MOTION, WALKING, OR ENERGIZATION"
WS-L01,94,1.880,1,P01_CROUCHED_STAND,P05_RIGHT_WEIGHT_TRANSFER,DOUBLE,-0.000349628,0.000000000,0.386976906,9.901056000,-0.856217,-0.315788,346.065771,47.124757,0.000000,0.691031,SIMULATOR-ONLY REFERENCE - NOT A HARDWARE COMMAND,"PRELIMINARY - SIMULATOR-ONLY KINEMATIC SEQUENCE - NOT APPROVED FOR CONNECTION, POWERED TESTING, MOTION, WALKING, OR ENERGIZATION"
WS-L01,95,1.900,1,P01_CROUCHED_STAND,P05_RIGHT_WEIGHT_TRANSFER,DOUBLE,-0.000404590,0.000000000,0.386983520,9.901056000,-0.897961,-0.312449,346.071680,47.122178,-0.000000,0.690271,SIMULATOR-ONLY REFERENCE - NOT A HARDWARE COMMAND,"PRELIMINARY - SIMULATOR-ONLY KINEMATIC SEQUENCE - NOT APPROVED FOR CONNECTION, POWERED TESTING, MOTION, WALKING, OR ENERGIZATION"
WS-L01,96,1.920,1,P01_CROUCHED_STAND,P05_RIGHT_WEIGHT_TRANSFER,DOUBLE,-0.000464675,0.000000000,0.386990731,9.901056000,-0.943597,-0.308799,346.078127,47.119359,0.000000,0.689440,SIMULATOR-ONLY REFERENCE - NOT A HARDWARE COMMAND,"PRELIMINARY - SIMULATOR-ONLY KINEMATIC SEQUENCE - NOT APPROVED FOR CONNECTION, POWERED TESTING, MOTION, WALKING, OR ENERGIZATION"
WS-L01,97,1.940,1,P01_CROUCHED_STAND,P05_RIGHT_WEIGHT_TRANSFER,DOUBLE,-0.000530046,0.000000000,0.386998555,9.901056000,-0.993247,-0.304828,346.085124,47.116292,0.000000,0.688536,SIMULATOR-ONLY REFERENCE - NOT A HARDWARE COMMAND,"PRELIMINARY - SIMULATOR-ONLY KINEMATIC SEQUENCE - NOT APPROVED FOR CONNECTION, POWERED TESTING, MOTION, WALKING, OR ENERGIZATION"
WS-L01,98,1.960,1,P01_CROUCHED_STAND,P05_RIGHT_WEIGHT_TRANSFER,DOUBLE,-0.000600857,0.000000000,0.387007002,9.901056000,-1.047027,-0.300526,346.092686,47.112970,0.000000,0.687557,SIMULATOR-ONLY REFERENCE - NOT A HARDWARE COMMAND,"PRELIMINARY - SIMULATOR-ONLY KINEMATIC SEQUENCE - NOT APPROVED FOR CONNECTION, POWERED TESTING, MOTION, WALKING, OR ENERGIZATION"
WS-L01,99,1.980,1,P01_CROUCHED_STAND,P05_RIGHT_WEIGHT_TRANSFER,DOUBLE,-0.000677251,0.000000000,0.387016084,9.901056000,-1.105047,-0.295885,346.100822,47.109385,0.000000,0.686500,SIMULATOR-ONLY REFERENCE - NOT A HARDWARE COMMAND,"PRELIMINARY - SIMULATOR-ONLY KINEMATIC SEQUENCE - NOT APPROVED FOR CONNECTION, POWERED TESTING, MOTION, WALKING, OR ENERGIZATION"
WS-L01,100,2.000,1,P01_CROUCHED_STAND,P05_RIGHT_WEIGHT_TRANSFER,DOUBLE,-0.000759368,0.000000000,0.387025811,9.901056000,-1.167413,-0.290896,346.109542,47.105532,0.000000,0.685364,SIMULATOR-ONLY REFERENCE - NOT A HARDWARE COMMAND,"PRELIMINARY - SIMULATOR-ONLY KINEMATIC SEQUENCE - NOT APPROVED FOR CONNECTION, POWERED TESTING, MOTION, WALKING, OR ENERGIZATION"
WS-L01,101,2.020,1,P01_CROUCHED_STAND,P05_RIGHT_WEIGHT_TRANSFER,DOUBLE,-0.000847335,0.000000000,0.387036189,9.901056000,-1.234220,-0.285552,346.118855,47.101404,0.000000,0.684148,SIMULATOR-ONLY REFERENCE - NOT A HARDWARE COMMAND,"PRELIMINARY - SIMULATOR-ONLY KINEMATIC SEQUENCE - NOT APPROVED FOR CONNECTION, POWERED TESTING, MOTION, WALKING, OR ENERGIZATION"
WS-L01,102,2.040,1,P01_CROUCHED_STAND,P05_RIGHT_WEIGHT_TRANSFER,DOUBLE,-0.000941275,0.000000000,0.387047225,9.901056000,-1.305563,-0.279844,346.128767,47.096996,-0.000000,0.682848,SIMULATOR-ONLY REFERENCE - NOT A HARDWARE COMMAND,"PRELIMINARY - SIMULATOR-ONLY KINEMATIC SEQUENCE - NOT APPROVED FOR CONNECTION, POWERED TESTING, MOTION, WALKING, OR ENERGIZATION"
WS-L01,103,2.060,1,P01_CROUCHED_STAND,P05_RIGHT_WEIGHT_TRANSFER,DOUBLE,-0.001041302,0.000000000,0.387058922,9.901056000,-1.381526,-0.273767,346.139284,47.092302,0.000000,0.681465,SIMULATOR-ONLY REFERENCE - NOT A HARDWARE COMMAND,"PRELIMINARY - SIMULATOR-ONLY KINEMATIC SEQUENCE - NOT APPROVED FOR CONNECTION, POWERED TESTING, MOTION, WALKING, OR ENERGIZATION"
WS-L01,104,2.080,1,P01_CROUCHED_STAND,P05_RIGHT_WEIGHT_TRANSFER,DOUBLE,-0.001147520,0.000000000,0.387071282,9.901056000,-1.462190,-0.267313,346.150410,47.087317,0.000000,0.679995,SIMULATOR-ONLY REFERENCE - NOT A HARDWARE COMMAND,"PRELIMINARY - SIMULATOR-ONLY KINEMATIC SEQUENCE - NOT APPROVED FOR CONNECTION, POWERED TESTING, MOTION, WALKING, OR ENERGIZATION"
WS-L01,105,2.100,1,P01_CROUCHED_STAND,P05_RIGHT_WEIGHT_TRANSFER,DOUBLE,-0.001260030,0.000000000,0.387084306,9.901056000,-1.547630,-0.260476,346.162148,47.082037,0.000000,0.678439,SIMULATOR-ONLY REFERENCE - NOT A HARDWARE COMMAND,"PRELIMINARY - SIMULATOR-ONLY KINEMATIC SEQUENCE - NOT APPROVED FOR CONNECTION, POWERED TESTING, MOTION, WALKING, OR ENERGIZATION"
WS-L01,106,2.120,1,P01_CROUCHED_STAND,P05_RIGHT_WEIGHT_TRANSFER,DOUBLE,-0.001378922,0.000000000,0.387097994,9.901056000,-1.637914,-0.253252,346.174498,47.076457,0.000000,0.676794,SIMULATOR-ONLY REFERENCE - NOT A HARDWARE COMMAND,"PRELIMINARY - SIMULATOR-ONLY KINEMATIC SEQUENCE - NOT APPROVED FOR CONNECTION, POWERED TESTING, MOTION, WALKING, OR ENERGIZATION"
WS-L01,107,2.140,1,P01_CROUCHED_STAND,P05_RIGHT_WEIGHT_TRANSFER,DOUBLE,-0.001504279,0.000000000,0.387112340,9.901056000,-1.733106,-0.245634,346.187461,47.070574,0.000000,0.675060,SIMULATOR-ONLY REFERENCE - NOT A HARDWARE COMMAND,"PRELIMINARY - SIMULATOR-ONLY KINEMATIC SEQUENCE - NOT APPROVED FOR CONNECTION, POWERED TESTING, MOTION, WALKING, OR ENERGIZATION"
WS-L01,108,2.160,1,P01_CROUCHED_STAND,P05_RIGHT_WEIGHT_TRANSFER,DOUBLE,-0.001636180,0.000000000,0.387127342,9.901056000,-1.833264,-0.237618,346.201035,47.064383,0.000000,0.673235,SIMULATOR-ONLY REFERENCE - NOT A HARDWARE COMMAND,"PRELIMINARY - SIMULATOR-ONLY KINEMATIC SEQUENCE - NOT APPROVED FOR CONNECTION, POWERED TESTING, MOTION, WALKING, OR ENERGIZATION"
WS-L01,109,2.180,1,P01_CROUCHED_STAND,P05_RIGHT_WEIGHT_TRANSFER,DOUBLE,-0.001774691,0.000000000,0.387142991,9.901056000,-1.938439,-0.229200,346.215218,47.057881,0.000000,0.671319,SIMULATOR-ONLY REFERENCE - NOT A HARDWARE COMMAND,"PRELIMINARY - SIMULATOR-ONLY KINEMATIC SEQUENCE - NOT APPROVED FOR CONNECTION, POWERED TESTING, MOTION, WALKING, OR ENERGIZATION"
WS-L01,110,2.200,1,P01_CROUCHED_STAND,P05_RIGHT_WEIGHT_TRANSFER,DOUBLE,-0.001919877,0.000000000,0.387159281,9.901056000,-2.048680,-0.220376,346.230004,47.051066,0.000000,0.669310,SIMULATOR-ONLY REFERENCE - NOT A HARDWARE COMMAND,"PRELIMINARY - SIMULATOR-ONLY KINEMATIC SEQUENCE - NOT APPROVED FOR CONNECTION, POWERED TESTING, MOTION, WALKING, OR ENERGIZATION"
WS-L01,111,2.220,1,P01_CROUCHED_STAND,P05_RIGHT_WEIGHT_TRANSFER,DOUBLE,-0.002071793,0.000000000,0.387176201,9.901056000,-2.164027,-0.211142,346.245389,47.043934,0.000000,0.667208,SIMULATOR-ONLY REFERENCE - NOT A HARDWARE COMMAND,"PRELIMINARY - SIMULATOR-ONLY KINEMATIC SEQUENCE - NOT APPROVED FOR CONNECTION, POWERED TESTING, MOTION, WALKING, OR ENERGIZATION"
WS-L01,112,2.240,1,P01_CROUCHED_STAND,P05_RIGHT_WEIGHT_TRANSFER,DOUBLE,-0.002230487,0.000000000,0.387193739,9.901056000,-2.284517,-0.201496,346.261366,47.036484,0.000000,0.665012,SIMULATOR-ONLY REFERENCE - NOT A HARDWARE COMMAND,"PRELIMINARY - SIMULATOR-ONLY KINEMATIC SEQUENCE - NOT APPROVED FOR CONNECTION, POWERED TESTING, MOTION, WALKING, OR ENERGIZATION"
WS-L01,113,2.260,1,P01_CROUCHED_STAND,P05_RIGHT_WEIGHT_TRANSFER,DOUBLE,-0.002396001,0.000000000,0.387211883,9.901056000,-2.410182,-0.191435,346.277925,47.028714,0.000000,0.662721,SIMULATOR-ONLY REFERENCE - NOT A HARDWARE COMMAND,"PRELIMINARY - SIMULATOR-ONLY KINEMATIC SEQUENCE - NOT APPROVED FOR CONNECTION, POWERED TESTING, MOTION, WALKING, OR ENERGIZATION"
WS-L01,114,2.280,1,P01_CROUCHED_STAND,P05_RIGHT_WEIGHT_TRANSFER,DOUBLE,-0.002568371,0.000000000,0.387230616,9.901056000,-2.541047,-0.180956,346.295058,47.020620,0.000000,0.660336,SIMULATOR-ONLY REFERENCE - NOT A HARDWARE COMMAND,"PRELIMINARY - SIMULATOR-ONLY KINEMATIC SEQUENCE - NOT APPROVED FOR CONNECTION, POWERED TESTING, MOTION, WALKING, OR ENERGIZATION"
WS-L01,115,2.300,1,P01_CROUCHED_STAND,P05_RIGHT_WEIGHT_TRANSFER,DOUBLE,-0.002747625,0.000000000,0.387249923,9.901056000,-2.677135,-0.170058,346.312754,47.012204,0.000000,0.657855,SIMULATOR-ONLY REFERENCE - NOT A HARDWARE COMMAND,"PRELIMINARY - SIMULATOR-ONLY KINEMATIC SEQUENCE - NOT APPROVED FOR CONNECTION, POWERED TESTING, MOTION, WALKING, OR ENERGIZATION"
WS-L01,116,2.320,1,P01_CROUCHED_STAND,P05_RIGHT_WEIGHT_TRANSFER,DOUBLE,-0.002933785,0.000000000,0.387269786,9.901056000,-2.818461,-0.158740,346.331000,47.003462,0.000000,0.655278,SIMULATOR-ONLY REFERENCE - NOT A HARDWARE COMMAND,"PRELIMINARY - SIMULATOR-ONLY KINEMATIC SEQUENCE - NOT APPROVED FOR CONNECTION, POWERED TESTING, MOTION, WALKING, OR ENERGIZATION"
WS-L01,117,2.340,1,P01_CROUCHED_STAND,P05_RIGHT_WEIGHT_TRANSFER,DOUBLE,-0.003126869,0.000000000,0.387290184,9.901056000,-2.965038,-0.147000,346.349784,46.994395,0.000000,0.652605,SIMULATOR-ONLY REFERENCE - NOT A HARDWARE COMMAND,"PRELIMINARY - SIMULATOR-ONLY KINEMATIC SEQUENCE - NOT APPROVED FOR CONNECTION, POWERED TESTING, MOTION, WALKING, OR ENERGIZATION"
WS-L01,118,2.360,1,P01_CROUCHED_STAND,P05_RIGHT_WEIGHT_TRANSFER,DOUBLE,-0.003326884,0.000000000,0.387311096,9.901056000,-3.116872,-0.134837,346.369090,46.985001,0.000000,0.649836,SIMULATOR-ONLY REFERENCE - NOT A HARDWARE COMMAND,"PRELIMINARY - SIMULATOR-ONLY KINEMATIC SEQUENCE - NOT APPROVED FOR CONNECTION, POWERED TESTING, MOTION, WALKING, OR ENERGIZATION"
WS-L01,119,2.380,1,P01_CROUCHED_STAND,P05_RIGHT_WEIGHT_TRANSFER,DOUBLE,-0.003533836,0.000000000,0.387332501,9.901056000,-3.273966,-0.122252,346.388903,46.975281,0.000000,0.646971,SIMULATOR-ONLY REFERENCE - NOT A HARDWARE COMMAND,"PRELIMINARY - SIMULATOR-ONLY KINEMATIC SEQUENCE - NOT APPROVED FOR CONNECTION, POWERED TESTING, MOTION, WALKING, OR ENERGIZATION"
WS-L01,120,2.400,1,P01_CROUCHED_STAND,P05_RIGHT_WEIGHT_TRANSFER,DOUBLE,-0.003747721,0.000000000,0.387354373,9.901056000,-3.436317,-0.109245,346.409207,46.965235,0.000000,0.644010,SIMULATOR-ONLY REFERENCE - NOT A HARDWARE COMMAND,"PRELIMINARY - SIMULATOR-ONLY KINEMATIC SEQUENCE - NOT APPROVED FOR CONNECTION, POWERED TESTING, MOTION, WALKING, OR ENERGIZATION"
WS-L01,121,2.420,1,P01_CROUCHED_STAND,P05_RIGHT_WEIGHT_TRANSFER,DOUBLE,-0.003968532,0.000000000,0.387376687,9.901056000,-3.603919,-0.095815,346.429982,46.954863,0.000000,0.640952,SIMULATOR-ONLY REFERENCE - NOT A HARDWARE COMMAND,"PRELIMINARY - SIMULATOR-ONLY KINEMATIC SEQUENCE - NOT APPROVED FOR CONNECTION, POWERED TESTING, MOTION, WALKING, OR ENERGIZATION"
WS-L01,122,2.440,1,P01_CROUCHED_STAND,P05_RIGHT_WEIGHT_TRANSFER,DOUBLE,-0.004196255,0.000000000,0.387399416,9.901056000,-3.776760,-0.081964,346.451211,46.944165,0.000000,0.637798,SIMULATOR-ONLY REFERENCE - NOT A HARDWARE COMMAND,"PRELIMINARY - SIMULATOR-ONLY KINEMATIC SEQUENCE - NOT APPROVED FOR CONNECTION, POWERED TESTING, MOTION, WALKING, OR ENERGIZATION"
WS-L01,123,2.460,1,P01_CROUCHED_STAND,P05_RIGHT_WEIGHT_TRANSFER,DOUBLE,-0.004430869,0.000000000,0.387422533,9.901056000,-3.954825,-0.067692,346.472873,46.933143,0.000000,0.634549,SIMULATOR-ONLY REFERENCE - NOT A HARDWARE COMMAND,"PRELIMINARY - SIMULATOR-ONLY KINEMATIC SEQUENCE - NOT APPROVED FOR CONNECTION, POWERED TESTING, MOTION, WALKING, OR ENERGIZATION"
WS-L01,124,2.480,1,P01_CROUCHED_STAND,P05_RIGHT_WEIGHT_TRANSFER,DOUBLE,-0.004672349,0.000000000,0.387446007,9.901056000,-4.138095,-0.053002,346.494946,46.921797,0.000000,0.631205,SIMULATOR-ONLY REFERENCE - NOT A HARDWARE COMMAND,"PRELIMINARY - SIMULATOR-ONLY KINEMATIC SEQUENCE - NOT APPROVED FOR CONNECTION, POWERED TESTING, MOTION, WALKING, OR ENERGIZATION"
WS-L01,125,2.500,1,P01_CROUCHED_STAND,P05_RIGHT_WEIGHT_TRANSFER,DOUBLE,-0.004920666,0.000000000,0.387469808,9.901056000,-4.326544,-0.037894,346.517410,46.910129,0.000000,0.627765,SIMULATOR-ONLY REFERENCE - NOT A HARDWARE COMMAND,"PRELIMINARY - SIMULATOR-ONLY KINEMATIC SEQUENCE - NOT APPROVED FOR CONNECTION, POWERED TESTING, MOTION, WALKING, OR ENERGIZATION"
WS-L01,126,2.520,1,P01_CROUCHED_STAND,P05_RIGHT_WEIGHT_TRANSFER,DOUBLE,-0.005175781,0.000000000,0.387493904,9.901056000,-4.520146,-0.022372,346.540240,46.898141,0.000000,0.624231,SIMULATOR-ONLY REFERENCE - NOT A HARDWARE COMMAND,"PRELIMINARY - SIMULATOR-ONLY KINEMATIC SEQUENCE - NOT APPROVED FOR CONNECTION, POWERED TESTING, MOTION, WALKING, OR ENERGIZATION"
WS-L01,127,2.540,1,P01_CROUCHED_STAND,P05_RIGHT_WEIGHT_TRANSFER,DOUBLE,-0.005437655,0.000000000,0.387518263,9.901056000,-4.718867,-0.006437,346.563414,46.885834,0.000000,0.620603,SIMULATOR-ONLY REFERENCE - NOT A HARDWARE COMMAND,"PRELIMINARY - SIMULATOR-ONLY KINEMATIC SEQUENCE - NOT APPROVED FOR CONNECTION, POWERED TESTING, MOTION, WALKING, OR ENERGIZATION"
WS-L01,128,2.560,1,P01_CROUCHED_STAND,P05_RIGHT_WEIGHT_TRANSFER,DOUBLE,-0.005706239,0.000000000,0.387542851,9.901056000,-4.922673,0.009908,346.586906,46.873210,0.000000,0.616882,SIMULATOR-ONLY REFERENCE - NOT A HARDWARE COMMAND,"PRELIMINARY - SIMULATOR-ONLY KINEMATIC SEQUENCE - NOT APPROVED FOR CONNECTION, POWERED TESTING, MOTION, WALKING, OR ENERGIZATION"
WS-L01,129,2.580,1,P01_CROUCHED_STAND,P05_RIGHT_WEIGHT_TRANSFER,DOUBLE,-0.005981483,0.000000000,0.387567633,9.901056000,-5.131523,0.026659,346.610691,46.860273,0.000000,0.613068,SIMULATOR-ONLY REFERENCE - NOT A HARDWARE COMMAND,"PRELIMINARY - SIMULATOR-ONLY KINEMATIC SEQUENCE - NOT APPROVED FOR CONNECTION, POWERED TESTING, MOTION, WALKING, OR ENERGIZATION"
WS-L01,130,2.600,1,P01_CROUCHED_STAND,P05_RIGHT_WEIGHT_TRANSFER,DOUBLE,-0.006263329,0.000000000,0.387592573,9.901056000,-5.345374,0.043814,346.634743,46.847024,0.000000,0.609162,SIMULATOR-ONLY REFERENCE - NOT A HARDWARE COMMAND,"PRELIMINARY - SIMULATOR-ONLY KINEMATIC SEQUENCE - NOT APPROVED FOR CONNECTION, POWERED TESTING, MOTION, WALKING, OR ENERGIZATION"
WS-L01,131,2.620,1,P01_CROUCHED_STAND,P05_RIGHT_WEIGHT_TRANSFER,DOUBLE,-0.006551715,0.000000000,0.387617636,9.901056000,-5.564179,0.061369,346.659035,46.833466,0.000000,0.605165,SIMULATOR-ONLY REFERENCE - NOT A HARDWARE COMMAND,"PRELIMINARY - SIMULATOR-ONLY KINEMATIC SEQUENCE - NOT APPROVED FOR CONNECTION, POWERED TESTING, MOTION, WALKING, OR ENERGIZATION"
WS-L01,132,2.640,1,P01_CROUCHED_STAND,P05_RIGHT_WEIGHT_TRANSFER,DOUBLE,-0.006846576,0.000000000,0.387642783,9.901056000,-5.787885,0.079319,346.683540,46.819603,-0.000000,0.601078,SIMULATOR-ONLY REFERENCE - NOT A HARDWARE COMMAND,"PRELIMINARY - SIMULATOR-ONLY KINEMATIC SEQUENCE - NOT APPROVED FOR CONNECTION, POWERED TESTING, MOTION, WALKING, OR ENERGIZATION"
WS-L01,133,2.660,1,P01_CROUCHED_STAND,P05_RIGHT_WEIGHT_TRANSFER,DOUBLE,-0.007147840,0.000000000,0.387667978,9.901056000,-6.016440,0.097661,346.708230,46.805437,0.000000,0.596902,SIMULATOR-ONLY REFERENCE - NOT A HARDWARE COMMAND,"PRELIMINARY - SIMULATOR-ONLY KINEMATIC SEQUENCE - NOT APPROVED FOR CONNECTION, POWERED TESTING, MOTION, WALKING, OR ENERGIZATION"
WS-L01,134,2.680,1,P01_CROUCHED_STAND,P05_RIGHT_WEIGHT_TRANSFER,DOUBLE,-0.007455431,0.000000000,0.387693182,9.901056000,-6.249785,0.116390,346.733075,46.790973,0.000000,0.592638,SIMULATOR-ONLY REFERENCE - NOT A HARDWARE COMMAND,"PRELIMINARY - SIMULATOR-ONLY KINEMATIC SEQUENCE - NOT APPROVED FOR CONNECTION, POWERED TESTING, MOTION, WALKING, OR ENERGIZATION"
WS-L01,135,2.700,1,P01_CROUCHED_STAND,P05_RIGHT_WEIGHT_TRANSFER,DOUBLE,-0.007769268,0.000000000,0.387718356,9.901056000,-6.487858,0.135501,346.758048,46.776213,0.000000,0.588286,SIMULATOR-ONLY REFERENCE - NOT A HARDWARE COMMAND,"PRELIMINARY - SIMULATOR-ONLY KINEMATIC SEQUENCE - NOT APPROVED FOR CONNECTION, POWERED TESTING, MOTION, WALKING, OR ENERGIZATION"
WS-L01,136,2.720,1,P01_CROUCHED_STAND,P05_RIGHT_WEIGHT_TRANSFER,DOUBLE,-0.008089268,0.000000000,0.387743460,9.901056000,-6.730596,0.154989,346.783119,46.761162,-0.000000,0.583849,SIMULATOR-ONLY REFERENCE - NOT A HARDWARE COMMAND,"PRELIMINARY - SIMULATOR-ONLY KINEMATIC SEQUENCE - NOT APPROVED FOR CONNECTION, POWERED TESTING, MOTION, WALKING, OR ENERGIZATION"
WS-L01,137,2.740,1,P01_CROUCHED_STAND,P05_RIGHT_WEIGHT_TRANSFER,DOUBLE,-0.008415342,0.000000000,0.387768455,9.901056000,-6.977930,0.174849,346.808257,46.745824,0.000000,0.579327,SIMULATOR-ONLY REFERENCE - NOT A HARDWARE COMMAND,"PRELIMINARY - SIMULATOR-ONLY KINEMATIC SEQUENCE - NOT APPROVED FOR CONNECTION, POWERED TESTING, MOTION, WALKING, OR ENERGIZATION"
WS-L01,138,2.760,1,P01_CROUCHED_STAND,P05_RIGHT_WEIGHT_TRANSFER,DOUBLE,-0.008747395,0.000000000,0.387793301,9.901056000,-7.229789,0.195075,346.833433,46.730203,0.000000,0.574722,SIMULATOR-ONLY REFERENCE - NOT A HARDWARE COMMAND,"PRELIMINARY - SIMULATOR-ONLY KINEMATIC SEQUENCE - NOT APPROVED FOR CONNECTION, POWERED TESTING, MOTION, WALKING, OR ENERGIZATION"
WS-L01,139,2.780,1,P01_CROUCHED_STAND,P05_RIGHT_WEIGHT_TRANSFER,DOUBLE,-0.009085332,0.000000000,0.387817958,9.901056000,-7.486100,0.215662,346.858617,46.714304,0.000000,0.570034,SIMULATOR-ONLY REFERENCE - NOT A HARDWARE COMMAND,"PRELIMINARY - SIMULATOR-ONLY KINEMATIC SEQUENCE - NOT APPROVED FOR CONNECTION, POWERED TESTING, MOTION, WALKING, OR ENERGIZATION"
WS-L01,140,2.800,1,P01_CROUCHED_STAND,P05_RIGHT_WEIGHT_TRANSFER,DOUBLE,-0.009429050,0.000000000,0.387842385,9.901056000,-7.746785,0.236603,346.883778,46.698131,0.000000,0.565266,SIMULATOR-ONLY REFERENCE - NOT A HARDWARE COMMAND,"PRELIMINARY - SIMULATOR-ONLY KINEMATIC SEQUENCE - NOT APPROVED FOR CONNECTION, POWERED TESTING, MOTION, WALKING, OR ENERGIZATION"
WS-L01,141,2.820,1,P01_CROUCHED_STAND,P05_RIGHT_WEIGHT_TRANSFER,DOUBLE,-0.009778445,0.000000000,0.387866543,9.901056000,-8.011765,0.257892,346.908885,46.681689,0.000000,0.560419,SIMULATOR-ONLY REFERENCE - NOT A HARDWARE COMMAND,"PRELIMINARY - SIMULATOR-ONLY KINEMATIC SEQUENCE - NOT APPROVED FOR CONNECTION, POWERED TESTING, MOTION, WALKING, OR ENERGIZATION"
WS-L01,142,2.840,1,P01_CROUCHED_STAND,P05_RIGHT_WEIGHT_TRANSFER,DOUBLE,-0.010133408,0.000000000,0.387890389,9.901056000,-8.280956,0.279522,346.933907,46.664984,0.000000,0.555493,SIMULATOR-ONLY REFERENCE - NOT A HARDWARE COMMAND,"PRELIMINARY - SIMULATOR-ONLY KINEMATIC SEQUENCE - NOT APPROVED FOR CONNECTION, POWERED TESTING, MOTION, WALKING, OR ENERGIZATION"
WS-L01,143,2.860,1,P01_CROUCHED_STAND,P05_RIGHT_WEIGHT_TRANSFER,DOUBLE,-0.010493827,0.000000000,0.387913885,9.901056000,-8.554273,0.301488,346.958814,46.648020,-0.000000,0.550492,SIMULATOR-ONLY REFERENCE - NOT A HARDWARE COMMAND,"PRELIMINARY - SIMULATOR-ONLY KINEMATIC SEQUENCE - NOT APPROVED FOR CONNECTION, POWERED TESTING, MOTION, WALKING, OR ENERGIZATION"
WS-L01,144,2.880,1,P01_CROUCHED_STAND,P05_RIGHT_WEIGHT_TRANSFER,DOUBLE,-0.010859586,0.000000000,0.387936990,9.901056000,-8.831628,0.323781,346.983575,46.630803,0.000000,0.545416,SIMULATOR-ONLY REFERENCE - NOT A HARDWARE COMMAND,"PRELIMINARY - SIMULATOR-ONLY KINEMATIC SEQUENCE - NOT APPROVED FOR CONNECTION, POWERED TESTING, MOTION, WALKING, OR ENERGIZATION"
WS-L01,145,2.900,1,P01_CROUCHED_STAND,P05_RIGHT_WEIGHT_TRANSFER,DOUBLE,-0.011230564,0.000000000,0.387959664,9.901056000,-9.112931,0.346394,347.008160,46.613339,0.000000,0.540267,SIMULATOR-ONLY REFERENCE - NOT A HARDWARE COMMAND,"PRELIMINARY - SIMULATOR-ONLY KINEMATIC SEQUENCE - NOT APPROVED FOR CONNECTION, POWERED TESTING, MOTION, WALKING, OR ENERGIZATION"
WS-L01,146,2.920,1,P01_CROUCHED_STAND,P05_RIGHT_WEIGHT_TRANSFER,DOUBLE,-0.011606639,0.000000000,0.387981867,9.901056000,-9.398087,0.369321,347.032537,46.595633,0.000000,0.535046,SIMULATOR-ONLY REFERENCE - NOT A HARDWARE COMMAND,"PRELIMINARY - SIMULATOR-ONLY KINEMATIC SEQUENCE - NOT APPROVED FOR CONNECTION, POWERED TESTING, MOTION, WALKING, OR ENERGIZATION"
WS-L01,147,2.940,1,P01_CROUCHED_STAND,P05_RIGHT_WEIGHT_TRANSFER,DOUBLE,-0.011987686,0.000000000,0.388003561,9.901056000,-9.687002,0.392553,347.056677,46.577691,0.000000,0.529756,SIMULATOR-ONLY REFERENCE - NOT A HARDWARE COMMAND,"PRELIMINARY - SIMULATOR-ONLY KINEMATIC SEQUENCE - NOT APPROVED FOR CONNECTION, POWERED TESTING, MOTION, WALKING, OR ENERGIZATION"
WS-L01,148,2.960,1,P01_CROUCHED_STAND,P05_RIGHT_WEIGHT_TRANSFER,DOUBLE,-0.012373574,0.000000000,0.388024706,9.901056000,-9.979577,0.416083,347.080549,46.559519,0.000000,0.524398,SIMULATOR-ONLY REFERENCE - NOT A HARDWARE COMMAND,"PRELIMINARY - SIMULATOR-ONLY KINEMATIC SEQUENCE - NOT APPROVED FOR CONNECTION, POWERED TESTING, MOTION, WALKING, OR ENERGIZATION"
WS-L01,149,2.980,1,P01_CROUCHED_STAND,P05_RIGHT_WEIGHT_TRANSFER,DOUBLE,-0.012764172,0.000000000,0.388045265,9.901056000,-10.275712,0.439903,347.104124,46.541124,0.000000,0.518974,SIMULATOR-ONLY REFERENCE - NOT A HARDWARE COMMAND,"PRELIMINARY - SIMULATOR-ONLY KINEMATIC SEQUENCE - NOT APPROVED FOR CONNECTION, POWERED TESTING, MOTION, WALKING, OR ENERGIZATION"
WS-L01,150,3.000,1,P01_CROUCHED_STAND,P05_RIGHT_WEIGHT_TRANSFER,DOUBLE,-0.013159344,0.000000000,0.388065200,9.901056000,-10.575305,0.464004,347.127372,46.522511,0.000000,0.513486,SIMULATOR-ONLY REFERENCE - NOT A HARDWARE COMMAND,"PRELIMINARY - SIMULATOR-ONLY KINEMATIC SEQUENCE - NOT APPROVED FOR CONNECTION, POWERED TESTING, MOTION, WALKING, OR ENERGIZATION"
WS-L01,151,3.020,1,P01_CROUCHED_STAND,P05_RIGHT_WEIGHT_TRANSFER,DOUBLE,-0.013558952,0.000000000,0.388084474,9.901056000,-10.878250,0.488378,347.150264,46.503687,0.000000,0.507935,SIMULATOR-ONLY REFERENCE - NOT A HARDWARE COMMAND,"PRELIMINARY - SIMULATOR-ONLY KINEMATIC SEQUENCE - NOT APPROVED FOR CONNECTION, POWERED TESTING, MOTION, WALKING, OR ENERGIZATION"
WS-L01,152,3.040,1,P01_CROUCHED_STAND,P05_RIGHT_WEIGHT_TRANSFER,DOUBLE,-0.013962856,0.000000000,0.388103052,9.901056000,-11.184441,0.513017,347.172772,46.484659,0.000000,0.502325,SIMULATOR-ONLY REFERENCE - NOT A HARDWARE COMMAND,"PRELIMINARY - SIMULATOR-ONLY KINEMATIC SEQUENCE - NOT APPROVED FOR CONNECTION, POWERED TESTING, MOTION, WALKING, OR ENERGIZATION"
WS-L01,153,3.060,1,P01_CROUCHED_STAND,P05_RIGHT_WEIGHT_TRANSFER,DOUBLE,-0.014370910,0.000000000,0.388120897,9.901056000,-11.493769,0.537911,347.194868,46.465433,0.000000,0.496656,SIMULATOR-ONLY REFERENCE - NOT A HARDWARE COMMAND,"PRELIMINARY - SIMULATOR-ONLY KINEMATIC SEQUENCE - NOT APPROVED FOR CONNECTION, POWERED TESTING, MOTION, WALKING, OR ENERGIZATION"
WS-L01,154,3.080,1,P01_CROUCHED_STAND,P05_RIGHT_WEIGHT_TRANSFER,DOUBLE,-0.014782970,0.000000000,0.388137975,9.901056000,-11.806125,0.563053,347.216524,46.446017,0.000000,0.490930,SIMULATOR-ONLY REFERENCE - NOT A HARDWARE COMMAND,"PRELIMINARY - SIMULATOR-ONLY KINEMATIC SEQUENCE - NOT APPROVED FOR CONNECTION, POWERED TESTING, MOTION, WALKING, OR ENERGIZATION"
WS-L01,155,3.100,1,P01_CROUCHED_STAND,P05_RIGHT_WEIGHT_TRANSFER,DOUBLE,-0.015198888,0.000000000,0.388154254,9.901056000,-12.121395,0.588433,347.237714,46.426417,0.000000,0.485151,SIMULATOR-ONLY REFERENCE - NOT A HARDWARE COMMAND,"PRELIMINARY - SIMULATOR-ONLY KINEMATIC SEQUENCE - NOT APPROVED FOR CONNECTION, POWERED TESTING, MOTION, WALKING, OR ENERGIZATION"
WS-L01,156,3.120,1,P01_CROUCHED_STAND,P05_RIGHT_WEIGHT_TRANSFER,DOUBLE,-0.015618511,0.000000000,0.388169701,9.901056000,-12.439465,0.614041,347.258412,46.406640,0.000000,0.479319,SIMULATOR-ONLY REFERENCE - NOT A HARDWARE COMMAND,"PRELIMINARY - SIMULATOR-ONLY KINEMATIC SEQUENCE - NOT APPROVED FOR CONNECTION, POWERED TESTING, MOTION, WALKING, OR ENERGIZATION"
WS-L01,157,3.140,1,P01_CROUCHED_STAND,P05_RIGHT_WEIGHT_TRANSFER,DOUBLE,-0.016041687,0.000000000,0.388184284,9.901056000,-12.760219,0.639869,347.278591,46.386694,0.000000,0.473437,SIMULATOR-ONLY REFERENCE - NOT A HARDWARE COMMAND,"PRELIMINARY - SIMULATOR-ONLY KINEMATIC SEQUENCE - NOT APPROVED FOR CONNECTION, POWERED TESTING, MOTION, WALKING, OR ENERGIZATION"
WS-L01,158,3.160,1,P01_CROUCHED_STAND,P05_RIGHT_WEIGHT_TRANSFER,DOUBLE,-0.016468261,0.000000000,0.388197974,9.901056000,-13.083541,0.665907,347.298228,46.366586,0.000000,0.467508,SIMULATOR-ONLY REFERENCE - NOT A HARDWARE COMMAND,"PRELIMINARY - SIMULATOR-ONLY KINEMATIC SEQUENCE - NOT APPROVED FOR CONNECTION, POWERED TESTING, MOTION, WALKING, OR ENERGIZATION"
WS-L01,159,3.180,1,P01_CROUCHED_STAND,P05_RIGHT_WEIGHT_TRANSFER,DOUBLE,-0.016898075,0.000000000,0.388210742,9.901056000,-13.409312,0.692145,347.317298,46.346322,0.000000,0.461532,SIMULATOR-ONLY REFERENCE - NOT A HARDWARE COMMAND,"PRELIMINARY - SIMULATOR-ONLY KINEMATIC SEQUENCE - NOT APPROVED FOR CONNECTION, POWERED TESTING, MOTION, WALKING, OR ENERGIZATION"
WS-L01,160,3.200,1,P01_CROUCHED_STAND,P05_RIGHT_WEIGHT_TRANSFER,DOUBLE,-0.017330970,0.000000000,0.388222560,9.901056000,-13.737410,0.718575,347.335778,46.325912,0.000000,0.455513,SIMULATOR-ONLY REFERENCE - NOT A HARDWARE COMMAND,"PRELIMINARY - SIMULATOR-ONLY KINEMATIC SEQUENCE - NOT APPROVED FOR CONNECTION, POWERED TESTING, MOTION, WALKING, OR ENERGIZATION"
WS-L01,161,3.220,1,P01_CROUCHED_STAND,P05_RIGHT_WEIGHT_TRANSFER,DOUBLE,-0.017766786,0.000000000,0.388233402,9.901056000,-14.067715,0.745185,347.353647,46.305362,0.000000,0.449453,SIMULATOR-ONLY REFERENCE - NOT A HARDWARE COMMAND,"PRELIMINARY - SIMULATOR-ONLY KINEMATIC SEQUENCE - NOT APPROVED FOR CONNECTION, POWERED TESTING, MOTION, WALKING, OR ENERGIZATION"
WS-L01,162,3.240,1,P01_CROUCHED_STAND,P05_RIGHT_WEIGHT_TRANSFER,DOUBLE,-0.018205358,0.000000000,0.388243243,9.901056000,-14.400103,0.771966,347.370883,46.284680,0.000000,0.443354,SIMULATOR-ONLY REFERENCE - NOT A HARDWARE COMMAND,"PRELIMINARY - SIMULATOR-ONLY KINEMATIC SEQUENCE - NOT APPROVED FOR CONNECTION, POWERED TESTING, MOTION, WALKING, OR ENERGIZATION"
WS-L01,163,3.260,1,P01_CROUCHED_STAND,P05_RIGHT_WEIGHT_TRANSFER,DOUBLE,-0.018646524,0.000000000,0.388252060,9.901056000,-14.734450,0.798909,347.387466,46.263873,-0.000000,0.437218,SIMULATOR-ONLY REFERENCE - NOT A HARDWARE COMMAND,"PRELIMINARY - SIMULATOR-ONLY KINEMATIC SEQUENCE - NOT APPROVED FOR CONNECTION, POWERED TESTING, MOTION, WALKING, OR ENERGIZATION"
WS-L01,164,3.280,1,P01_CROUCHED_STAND,P05_RIGHT_WEIGHT_TRANSFER,DOUBLE,-0.019090116,0.000000000,0.388259830,9.901056000,-15.070632,0.826002,347.403377,46.242950,0.000000,0.431048,SIMULATOR-ONLY REFERENCE - NOT A HARDWARE COMMAND,"PRELIMINARY - SIMULATOR-ONLY KINEMATIC SEQUENCE - NOT APPROVED FOR CONNECTION, POWERED TESTING, MOTION, WALKING, OR ENERGIZATION"
WS-L01,165,3.300,1,P01_CROUCHED_STAND,P05_RIGHT_WEIGHT_TRANSFER,DOUBLE,-0.019535968,0.000000000,0.388266534,9.901056000,-15.408521,0.853236,347.418597,46.221919,0.000000,0.424845,SIMULATOR-ONLY REFERENCE - NOT A HARDWARE COMMAND,"PRELIMINARY - SIMULATOR-ONLY KINEMATIC SEQUENCE - NOT APPROVED FOR CONNECTION, POWERED TESTING, MOTION, WALKING, OR ENERGIZATION"
WS-L01,166,3.320,1,P01_CROUCHED_STAND,P05_RIGHT_WEIGHT_TRANSFER,DOUBLE,-0.019983911,0.000000000,0.388272153,9.901056000,-15.747991,0.880600,347.433109,46.200787,-0.000000,0.418613,SIMULATOR-ONLY REFERENCE - NOT A HARDWARE COMMAND,"PRELIMINARY - SIMULATOR-ONLY KINEMATIC SEQUENCE - NOT APPROVED FOR CONNECTION, POWERED TESTING, MOTION, WALKING, OR ENERGIZATION"
WS-L01,167,3.340,1,P01_CROUCHED_STAND,P05_RIGHT_WEIGHT_TRANSFER,DOUBLE,-0.020433774,0.000000000,0.388276669,9.901056000,-16.088913,0.908084,347.446897,46.179562,0.000000,0.412354,SIMULATOR-ONLY REFERENCE - NOT A HARDWARE COMMAND,"PRELIMINARY - SIMULATOR-ONLY KINEMATIC SEQUENCE - NOT APPROVED FOR CONNECTION, POWERED TESTING, MOTION, WALKING, OR ENERGIZATION"
WS-L01,168,3.360,1,P01_CROUCHED_STAND,P05_RIGHT_WEIGHT_TRANSFER,DOUBLE,-0.020885388,0.000000000,0.388280067,9.901056000,-16.431158,0.935678,347.459946,46.158253,0.000000,0.406069,SIMULATOR-ONLY REFERENCE - NOT A HARDWARE COMMAND,"PRELIMINARY - SIMULATOR-ONLY KINEMATIC SEQUENCE - NOT APPROVED FOR CONNECTION, POWERED TESTING, MOTION, WALKING, OR ENERGIZATION"
WS-L01,169,3.380,1,P01_CROUCHED_STAND,P05_RIGHT_WEIGHT_TRANSFER,DOUBLE,-0.021338579,0.000000000,0.388282333,9.901056000,-16.774597,0.963371,347.472243,46.136867,0.000000,0.399762,SIMULATOR-ONLY REFERENCE - NOT A HARDWARE COMMAND,"PRELIMINARY - SIMULATOR-ONLY KINEMATIC SEQUENCE - NOT APPROVED FOR CONNECTION, POWERED TESTING, MOTION, WALKING, OR ENERGIZATION"
WS-L01,170,3.400,1,P01_CROUCHED_STAND,P05_RIGHT_WEIGHT_TRANSFER,DOUBLE,-0.021793174,0.000000000,0.388283454,9.901056000,-17.119099,0.991152,347.483775,46.115414,0.000000,0.393434,SIMULATOR-ONLY REFERENCE - NOT A HARDWARE COMMAND,"PRELIMINARY - SIMULATOR-ONLY KINEMATIC SEQUENCE - NOT APPROVED FOR CONNECTION, POWERED TESTING, MOTION, WALKING, OR ENERGIZATION"
WS-L01,171,3.420,1,P01_CROUCHED_STAND,P05_RIGHT_WEIGHT_TRANSFER,DOUBLE,-0.022249001,0.000000000,0.388283420,9.901056000,-17.464532,1.019011,347.494529,46.093900,0.000000,0.387089,SIMULATOR-ONLY REFERENCE - NOT A HARDWARE COMMAND,"PRELIMINARY - SIMULATOR-ONLY KINEMATIC SEQUENCE - NOT APPROVED FOR CONNECTION, POWERED TESTING, MOTION, WALKING, OR ENERGIZATION"
WS-L01,172,3.440,1,P01_CROUCHED_STAND,P05_RIGHT_WEIGHT_TRANSFER,DOUBLE,-0.022705884,0.000000000,0.388282223,9.901056000,-17.810766,1.046936,347.504497,46.072335,0.000000,0.380729,SIMULATOR-ONLY REFERENCE - NOT A HARDWARE COMMAND,"PRELIMINARY - SIMULATOR-ONLY KINEMATIC SEQUENCE - NOT APPROVED FOR CONNECTION, POWERED TESTING, MOTION, WALKING, OR ENERGIZATION"
WS-L01,173,3.460,1,P01_CROUCHED_STAND,P05_RIGHT_WEIGHT_TRANSFER,DOUBLE,-0.023163648,0.000000000,0.388279855,9.901056000,-18.157668,1.074919,347.513668,46.050726,0.000000,0.374356,SIMULATOR-ONLY REFERENCE - NOT A HARDWARE COMMAND,"PRELIMINARY - SIMULATOR-ONLY KINEMATIC SEQUENCE - NOT APPROVED FOR CONNECTION, POWERED TESTING, MOTION, WALKING, OR ENERGIZATION"
WS-L01,174,3.480,1,P01_CROUCHED_STAND,P05_RIGHT_WEIGHT_TRANSFER,DOUBLE,-0.023622118,0.000000000,0.388276312,9.901056000,-18.505106,1.102946,347.522035,46.029082,0.000000,0.367972,SIMULATOR-ONLY REFERENCE - NOT A HARDWARE COMMAND,"PRELIMINARY - SIMULATOR-ONLY KINEMATIC SEQUENCE - NOT APPROVED FOR CONNECTION, POWERED TESTING, MOTION, WALKING, OR ENERGIZATION"
WS-L01,175,3.500,1,P01_CROUCHED_STAND,P05_RIGHT_WEIGHT_TRANSFER,DOUBLE,-0.024081118,0.000000000,0.388271589,9.901056000,-18.852947,1.131009,347.529592,46.007411,0.000000,0.361580,SIMULATOR-ONLY REFERENCE - NOT A HARDWARE COMMAND,"PRELIMINARY - SIMULATOR-ONLY KINEMATIC SEQUENCE - NOT APPROVED FOR CONNECTION, POWERED TESTING, MOTION, WALKING, OR ENERGIZATION"
WS-L01,176,3.520,1,P01_CROUCHED_STAND,P05_RIGHT_WEIGHT_TRANSFER,DOUBLE,-0.024540471,0.000000000,0.388265686,9.901056000,-19.201059,1.159095,347.536333,45.985722,0.000000,0.355183,SIMULATOR-ONLY REFERENCE - NOT A HARDWARE COMMAND,"PRELIMINARY - SIMULATOR-ONLY KINEMATIC SEQUENCE - NOT APPROVED FOR CONNECTION, POWERED TESTING, MOTION, WALKING, OR ENERGIZATION"
WS-L01,177,3.540,1,P01_CROUCHED_STAND,P05_RIGHT_WEIGHT_TRANSFER,DOUBLE,-0.025000000,0.000000000,0.388258602,9.901056000,-19.549307,1.187195,347.542255,45.964023,0.000000,0.348782,SIMULATOR-ONLY REFERENCE - NOT A HARDWARE COMMAND,"PRELIMINARY - SIMULATOR-ONLY KINEMATIC SEQUENCE - NOT APPROVED FOR CONNECTION, POWERED TESTING, MOTION, WALKING, OR ENERGIZATION"
WS-L01,178,3.560,1,P01_CROUCHED_STAND,P05_RIGHT_WEIGHT_TRANSFER,DOUBLE,-0.025459529,0.000000000,0.388250339,9.901056000,-19.897559,1.215296,347.547353,45.942322,-0.000000,0.342381,SIMULATOR-ONLY REFERENCE - NOT A HARDWARE COMMAND,"PRELIMINARY - SIMULATOR-ONLY KINEMATIC SEQUENCE - NOT APPROVED FOR CONNECTION, POWERED TESTING, MOTION, WALKING, OR ENERGIZATION"
WS-L01,179,3.580,1,P01_CROUCHED_STAND,P05_RIGHT_WEIGHT_TRANSFER,DOUBLE,-0.025918882,0.000000000,0.388240902,9.901056000,-20.245682,1.243389,347.551628,45.920628,0.000000,0.335982,SIMULATOR-ONLY REFERENCE - NOT A HARDWARE COMMAND,"PRELIMINARY - SIMULATOR-ONLY KINEMATIC SEQUENCE - NOT APPROVED FOR CONNECTION, POWERED TESTING, MOTION, WALKING, OR ENERGIZATION"
WS-L01,180,3.600,1,P01_CROUCHED_STAND,P05_RIGHT_WEIGHT_TRANSFER,DOUBLE,-0.026377882,0.000000000,0.388230296,9.901056000,-20.593542,1.271463,347.555078,45.898949,0.000000,0.329588,SIMULATOR-ONLY REFERENCE - NOT A HARDWARE COMMAND,"PRELIMINARY - SIMULATOR-ONLY KINEMATIC SEQUENCE - NOT APPROVED FOR CONNECTION, POWERED TESTING, MOTION, WALKING, OR ENERGIZATION"
WS-L01,181,3.620,1,P01_CROUCHED_STAND,P05_RIGHT_WEIGHT_TRANSFER,DOUBLE,-0.026836352,0.000000000,0.388218529,9.901056000,-20.941007,1.299506,347.557704,45.877294,0.000000,0.323200,SIMULATOR-ONLY REFERENCE - NOT A HARDWARE COMMAND,"PRELIMINARY - SIMULATOR-ONLY KINEMATIC SEQUENCE - NOT APPROVED FOR CONNECTION, POWERED TESTING, MOTION, WALKING, OR ENERGIZATION"
WS-L01,182,3.640,1,P01_CROUCHED_STAND,P05_RIGHT_WEIGHT_TRANSFER,DOUBLE,-0.027294116,0.000000000,0.388205610,9.901056000,-21.287944,1.327508,347.559510,45.855670,0.000000,0.316822,SIMULATOR-ONLY REFERENCE - NOT A HARDWARE COMMAND,"PRELIMINARY - SIMULATOR-ONLY KINEMATIC SEQUENCE - NOT APPROVED FOR CONNECTION, POWERED TESTING, MOTION, WALKING, OR ENERGIZATION"
WS-L01,183,3.660,1,P01_CROUCHED_STAND,P05_RIGHT_WEIGHT_TRANSFER,DOUBLE,-0.027750999,0.000000000,0.388191550,9.901056000,-21.634220,1.355459,347.560498,45.834087,-0.000000,0.310455,SIMULATOR-ONLY REFERENCE - NOT A HARDWARE COMMAND,"PRELIMINARY - SIMULATOR-ONLY KINEMATIC SEQUENCE - NOT APPROVED FOR CONNECTION, POWERED TESTING, MOTION, WALKING, OR ENERGIZATION"
WS-L01,184,3.680,1,P01_CROUCHED_STAND,P05_RIGHT_WEIGHT_TRANSFER,DOUBLE,-0.028206826,0.000000000,0.388176361,9.901056000,-21.979703,1.383346,347.560673,45.812551,0.000000,0.304102,SIMULATOR-ONLY REFERENCE - NOT A HARDWARE COMMAND,"PRELIMINARY - SIMULATOR-ONLY KINEMATIC SEQUENCE - NOT APPROVED FOR CONNECTION, POWERED TESTING, MOTION, WALKING, OR ENERGIZATION"
WS-L01,185,3.700,1,P01_CROUCHED_STAND,P05_RIGHT_WEIGHT_TRANSFER,DOUBLE,-0.028661421,0.000000000,0.388160060,9.901056000,-22.324262,1.411160,347.560042,45.791073,0.000000,0.297766,SIMULATOR-ONLY REFERENCE - NOT A HARDWARE COMMAND,"PRELIMINARY - SIMULATOR-ONLY KINEMATIC SEQUENCE - NOT APPROVED FOR CONNECTION, POWERED TESTING, MOTION, WALKING, OR ENERGIZATION"
WS-L01,186,3.720,1,P01_CROUCHED_STAND,P05_RIGHT_WEIGHT_TRANSFER,DOUBLE,-0.029114612,0.000000000,0.388142661,9.901056000,-22.667765,1.438890,347.558611,45.769660,0.000000,0.291450,SIMULATOR-ONLY REFERENCE - NOT A HARDWARE COMMAND,"PRELIMINARY - SIMULATOR-ONLY KINEMATIC SEQUENCE - NOT APPROVED FOR CONNECTION, POWERED TESTING, MOTION, WALKING, OR ENERGIZATION"
WS-L01,187,3.740,1,P01_CROUCHED_STAND,P05_RIGHT_WEIGHT_TRANSFER,DOUBLE,-0.029566226,0.000000000,0.388124183,9.901056000,-23.010081,1.466526,347.556389,45.748320,0.000000,0.285155,SIMULATOR-ONLY REFERENCE - NOT A HARDWARE COMMAND,"PRELIMINARY - SIMULATOR-ONLY KINEMATIC SEQUENCE - NOT APPROVED FOR CONNECTION, POWERED TESTING, MOTION, WALKING, OR ENERGIZATION"
WS-L01,188,3.760,1,P01_CROUCHED_STAND,P05_RIGHT_WEIGHT_TRANSFER,DOUBLE,-0.030016089,0.000000000,0.388104645,9.901056000,-23.351082,1.494055,347.553386,45.727061,0.000000,0.278883,SIMULATOR-ONLY REFERENCE - NOT A HARDWARE COMMAND,"PRELIMINARY - SIMULATOR-ONLY KINEMATIC SEQUENCE - NOT APPROVED FOR CONNECTION, POWERED TESTING, MOTION, WALKING, OR ENERGIZATION"
WS-L01,189,3.780,1,P01_CROUCHED_STAND,P05_RIGHT_WEIGHT_TRANSFER,DOUBLE,-0.030464032,0.000000000,0.388084070,9.901056000,-23.690638,1.521469,347.549613,45.705892,0.000000,0.272638,SIMULATOR-ONLY REFERENCE - NOT A HARDWARE COMMAND,"PRELIMINARY - SIMULATOR-ONLY KINEMATIC SEQUENCE - NOT APPROVED FOR CONNECTION, POWERED TESTING, MOTION, WALKING, OR ENERGIZATION"
WS-L01,190,3.800,1,P01_CROUCHED_STAND,P05_RIGHT_WEIGHT_TRANSFER,DOUBLE,-0.030909884,0.000000000,0.388062479,9.901056000,-24.028620,1.548757,347.545080,45.684821,0.000000,0.266422,SIMULATOR-ONLY REFERENCE - NOT A HARDWARE COMMAND,"PRELIMINARY - SIMULATOR-ONLY KINEMATIC SEQUENCE - NOT APPROVED FOR CONNECTION, POWERED TESTING, MOTION, WALKING, OR ENERGIZATION"
WS-L01,191,3.820,1,P01_CROUCHED_STAND,P05_RIGHT_WEIGHT_TRANSFER,DOUBLE,-0.031353476,0.000000000,0.388039898,9.901056000,-24.364900,1.575908,347.539803,45.663855,0.000000,0.260237,SIMULATOR-ONLY REFERENCE - NOT A HARDWARE COMMAND,"PRELIMINARY - SIMULATOR-ONLY KINEMATIC SEQUENCE - NOT APPROVED FOR CONNECTION, POWERED TESTING, MOTION, WALKING, OR ENERGIZATION"
WS-L01,192,3.840,1,P01_CROUCHED_STAND,P05_RIGHT_WEIGHT_TRANSFER,DOUBLE,-0.031794642,0.000000000,0.388016352,9.901056000,-24.699354,1.602912,347.533794,45.643003,0.000000,0.254085,SIMULATOR-ONLY REFERENCE - NOT A HARDWARE COMMAND,"PRELIMINARY - SIMULATOR-ONLY KINEMATIC SEQUENCE - NOT APPROVED FOR CONNECTION, POWERED TESTING, MOTION, WALKING, OR ENERGIZATION"
WS-L01,193,3.860,1,P01_CROUCHED_STAND,P05_RIGHT_WEIGHT_TRANSFER,DOUBLE,-0.032233214,0.000000000,0.387991869,9.901056000,-25.031854,1.629758,347.527069,45.622273,0.000000,0.247969,SIMULATOR-ONLY REFERENCE - NOT A HARDWARE COMMAND,"PRELIMINARY - SIMULATOR-ONLY KINEMATIC SEQUENCE - NOT APPROVED FOR CONNECTION, POWERED TESTING, MOTION, WALKING, OR ENERGIZATION"
WS-L01,194,3.880,1,P01_CROUCHED_STAND,P05_RIGHT_WEIGHT_TRANSFER,DOUBLE,-0.032669030,0.000000000,0.387966477,9.901056000,-25.362278,1.656437,347.519645,45.601671,0.000000,0.241892,SIMULATOR-ONLY REFERENCE - NOT A HARDWARE COMMAND,"PRELIMINARY - SIMULATOR-ONLY KINEMATIC SEQUENCE - NOT APPROVED FOR CONNECTION, POWERED TESTING, MOTION, WALKING, OR ENERGIZATION"
WS-L01,195,3.900,1,P01_CROUCHED_STAND,P05_RIGHT_WEIGHT_TRANSFER,DOUBLE,-0.033101925,0.000000000,0.387940208,9.901056000,-25.690501,1.682939,347.511538,45.581207,0.000000,0.235854,SIMULATOR-ONLY REFERENCE - NOT A HARDWARE COMMAND,"PRELIMINARY - SIMULATOR-ONLY KINEMATIC SEQUENCE - NOT APPROVED FOR CONNECTION, POWERED TESTING, MOTION, WALKING, OR ENERGIZATION"
WS-L01,196,3.920,1,P01_CROUCHED_STAND,P05_RIGHT_WEIGHT_TRANSFER,DOUBLE,-0.033531739,0.000000000,0.387913092,9.901056000,-26.016401,1.709253,347.502766,45.560888,0.000000,0.229859,SIMULATOR-ONLY REFERENCE - NOT A HARDWARE COMMAND,"PRELIMINARY - SIMULATOR-ONLY KINEMATIC SEQUENCE - NOT APPROVED FOR CONNECTION, POWERED TESTING, MOTION, WALKING, OR ENERGIZATION"
WS-L01,197,3.940,1,P01_CROUCHED_STAND,P05_RIGHT_WEIGHT_TRANSFER,DOUBLE,-0.033958313,0.000000000,0.387885164,9.901056000,-26.339859,1.735370,347.493350,45.540721,0.000000,0.223909,SIMULATOR-ONLY REFERENCE - NOT A HARDWARE COMMAND,"PRELIMINARY - SIMULATOR-ONLY KINEMATIC SEQUENCE - NOT APPROVED FOR CONNECTION, POWERED TESTING, MOTION, WALKING, OR ENERGIZATION"
WS-L01,198,3.960,1,P01_CROUCHED_STAND,P05_RIGHT_WEIGHT_TRANSFER,DOUBLE,-0.034381489,0.000000000,0.387856455,9.901056000,-26.660756,1.761280,347.483309,45.520713,0.000000,0.218006,SIMULATOR-ONLY REFERENCE - NOT A HARDWARE COMMAND,"PRELIMINARY - SIMULATOR-ONLY KINEMATIC SEQUENCE - NOT APPROVED FOR CONNECTION, POWERED TESTING, MOTION, WALKING, OR ENERGIZATION"
WS-L01,199,3.980,1,P01_CROUCHED_STAND,P05_RIGHT_WEIGHT_TRANSFER,DOUBLE,-0.034801112,0.000000000,0.387827003,9.901056000,-26.978973,1.786974,347.472664,45.500873,-0.000000,0.212153,SIMULATOR-ONLY REFERENCE - NOT A HARDWARE COMMAND,"PRELIMINARY - SIMULATOR-ONLY KINEMATIC SEQUENCE - NOT APPROVED FOR CONNECTION, POWERED TESTING, MOTION, WALKING, OR ENERGIZATION"
WS-L01,200,4.000,1,P01_CROUCHED_STAND,P05_RIGHT_WEIGHT_TRANSFER,DOUBLE,-0.035217030,0.000000000,0.387796843,9.901056000,-27.294395,1.812442,347.461436,45.481208,0.000000,0.206351,SIMULATOR-ONLY REFERENCE - NOT A HARDWARE COMMAND,"PRELIMINARY - SIMULATOR-ONLY KINEMATIC SEQUENCE - NOT APPROVED FOR CONNECTION, POWERED TESTING, MOTION, WALKING, OR ENERGIZATION"
WS-L01,201,4.020,1,P01_CROUCHED_STAND,P05_RIGHT_WEIGHT_TRANSFER,DOUBLE,-0.035629090,0.000000000,0.387766013,9.901056000,-27.606907,1.837674,347.449649,45.461724,0.000000,0.200602,SIMULATOR-ONLY REFERENCE - NOT A HARDWARE COMMAND,"PRELIMINARY - SIMULATOR-ONLY KINEMATIC SEQUENCE - NOT APPROVED FOR CONNECTION, POWERED TESTING, MOTION, WALKING, OR ENERGIZATION"
WS-L01,202,4.040,1,P01_CROUCHED_STAND,P05_RIGHT_WEIGHT_TRANSFER,DOUBLE,-0.036037144,0.000000000,0.387734550,9.901056000,-27.916397,1.862663,347.437325,45.442429,0.000000,0.194909,SIMULATOR-ONLY REFERENCE - NOT A HARDWARE COMMAND,"PRELIMINARY - SIMULATOR-ONLY KINEMATIC SEQUENCE - NOT APPROVED FOR CONNECTION, POWERED TESTING, MOTION, WALKING, OR ENERGIZATION"
WS-L01,203,4.060,1,P01_CROUCHED_STAND,P05_RIGHT_WEIGHT_TRANSFER,DOUBLE,-0.036441048,0.000000000,0.387702495,9.901056000,-28.222754,1.887397,347.424489,45.423329,0.000000,0.189273,SIMULATOR-ONLY REFERENCE - NOT A HARDWARE COMMAND,"PRELIMINARY - SIMULATOR-ONLY KINEMATIC SEQUENCE - NOT APPROVED FOR CONNECTION, POWERED TESTING, MOTION, WALKING, OR ENERGIZATION"
WS-L01,204,4.080,1,P01_CROUCHED_STAND,P05_RIGHT_WEIGHT_TRANSFER,DOUBLE,-0.036840656,0.000000000,0.387669887,9.901056000,-28.525868,1.911870,347.411164,45.404432,0.000000,0.183698,SIMULATOR-ONLY REFERENCE - NOT A HARDWARE COMMAND,"PRELIMINARY - SIMULATOR-ONLY KINEMATIC SEQUENCE - NOT APPROVED FOR CONNECTION, POWERED TESTING, MOTION, WALKING, OR ENERGIZATION"
WS-L01,205,4.100,1,P01_CROUCHED_STAND,P05_RIGHT_WEIGHT_TRANSFER,DOUBLE,-0.037235828,0.000000000,0.387636767,9.901056000,-28.825634,1.936072,347.397376,45.385744,0.000000,0.178184,SIMULATOR-ONLY REFERENCE - NOT A HARDWARE COMMAND,"PRELIMINARY - SIMULATOR-ONLY KINEMATIC SEQUENCE - NOT APPROVED FOR CONNECTION, POWERED TESTING, MOTION, WALKING, OR ENERGIZATION"
WS-L01,206,4.120,1,P01_CROUCHED_STAND,P05_RIGHT_WEIGHT_TRANSFER,DOUBLE,-0.037626426,0.000000000,0.387603176,9.901056000,-29.121947,1.959994,347.383152,45.367272,0.000000,0.172733,SIMULATOR-ONLY REFERENCE - NOT A HARDWARE COMMAND,"PRELIMINARY - SIMULATOR-ONLY KINEMATIC SEQUENCE - NOT APPROVED FOR CONNECTION, POWERED TESTING, MOTION, WALKING, OR ENERGIZATION"
WS-L01,207,4.140,1,P01_CROUCHED_STAND,P05_RIGHT_WEIGHT_TRANSFER,DOUBLE,-0.038012314,0.000000000,0.387569156,9.901056000,-29.414702,1.983629,347.368516,45.349023,0.000000,0.167348,SIMULATOR-ONLY REFERENCE - NOT A HARDWARE COMMAND,"PRELIMINARY - SIMULATOR-ONLY KINEMATIC SEQUENCE - NOT APPROVED FOR CONNECTION, POWERED TESTING, MOTION, WALKING, OR ENERGIZATION"
WS-L01,208,4.160,1,P01_CROUCHED_STAND,P05_RIGHT_WEIGHT_TRANSFER,DOUBLE,-0.038393361,0.000000000,0.387534751,9.901056000,-29.703801,2.006968,347.353495,45.331002,0.000000,0.162031,SIMULATOR-ONLY REFERENCE - NOT A HARDWARE COMMAND,"PRELIMINARY - SIMULATOR-ONLY KINEMATIC SEQUENCE - NOT APPROVED FOR CONNECTION, POWERED TESTING, MOTION, WALKING, OR ENERGIZATION"
WS-L01,209,4.180,1,P01_CROUCHED_STAND,P05_RIGHT_WEIGHT_TRANSFER,DOUBLE,-0.038769436,0.000000000,0.387500003,9.901056000,-29.989144,2.030002,347.338117,45.313215,0.000000,0.156783,SIMULATOR-ONLY REFERENCE - NOT A HARDWARE COMMAND,"PRELIMINARY - SIMULATOR-ONLY KINEMATIC SEQUENCE - NOT APPROVED FOR CONNECTION, POWERED TESTING, MOTION, WALKING, OR ENERGIZATION"
WS-L01,210,4.200,1,P01_CROUCHED_STAND,P05_RIGHT_WEIGHT_TRANSFER,DOUBLE,-0.039140414,0.000000000,0.387464955,9.901056000,-30.270635,2.052726,347.322409,45.295669,0.000000,0.151605,SIMULATOR-ONLY REFERENCE - NOT A HARDWARE COMMAND,"PRELIMINARY - SIMULATOR-ONLY KINEMATIC SEQUENCE - NOT APPROVED FOR CONNECTION, POWERED TESTING, MOTION, WALKING, OR ENERGIZATION"
WS-L01,211,4.220,1,P01_CROUCHED_STAND,P05_RIGHT_WEIGHT_TRANSFER,DOUBLE,-0.039506173,0.000000000,0.387429651,9.901056000,-30.548181,2.075130,347.306398,45.278370,0.000000,0.146500,SIMULATOR-ONLY REFERENCE - NOT A HARDWARE COMMAND,"PRELIMINARY - SIMULATOR-ONLY KINEMATIC SEQUENCE - NOT APPROVED FOR CONNECTION, POWERED TESTING, MOTION, WALKING, OR ENERGIZATION"
WS-L01,212,4.240,1,P01_CROUCHED_STAND,P05_RIGHT_WEIGHT_TRANSFER,DOUBLE,-0.039866592,0.000000000,0.387394135,9.901056000,-30.821692,2.097207,347.290112,45.261323,0.000000,0.141470,SIMULATOR-ONLY REFERENCE - NOT A HARDWARE COMMAND,"PRELIMINARY - SIMULATOR-ONLY KINEMATIC SEQUENCE - NOT APPROVED FOR CONNECTION, POWERED TESTING, MOTION, WALKING, OR ENERGIZATION"
WS-L01,213,4.260,1,P01_CROUCHED_STAND,P05_RIGHT_WEIGHT_TRANSFER,DOUBLE,-0.040221555,0.000000000,0.387358451,9.901056000,-31.091078,2.118951,347.273580,45.244533,0.000000,0.136516,SIMULATOR-ONLY REFERENCE - NOT A HARDWARE COMMAND,"PRELIMINARY - SIMULATOR-ONLY KINEMATIC SEQUENCE - NOT APPROVED FOR CONNECTION, POWERED TESTING, MOTION, WALKING, OR ENERGIZATION"
WS-L01,214,4.280,1,P01_CROUCHED_STAND,P05_RIGHT_WEIGHT_TRANSFER,DOUBLE,-0.040570950,0.000000000,0.387322643,9.901056000,-31.356254,2.140354,347.256828,45.228007,0.000000,0.131639,SIMULATOR-ONLY REFERENCE - NOT A HARDWARE COMMAND,"PRELIMINARY - SIMULATOR-ONLY KINEMATIC SEQUENCE - NOT APPROVED FOR CONNECTION, POWERED TESTING, MOTION, WALKING, OR ENERGIZATION"
WS-L01,215,4.300,1,P01_CROUCHED_STAND,P05_RIGHT_WEIGHT_TRANSFER,DOUBLE,-0.040914668,0.000000000,0.387286754,9.901056000,-31.617136,2.161409,347.239887,45.211749,0.000000,0.126842,SIMULATOR-ONLY REFERENCE - NOT A HARDWARE COMMAND,"PRELIMINARY - SIMULATOR-ONLY KINEMATIC SEQUENCE - NOT APPROVED FOR CONNECTION, POWERED TESTING, MOTION, WALKING, OR ENERGIZATION"
WS-L01,216,4.320,1,P01_CROUCHED_STAND,P05_RIGHT_WEIGHT_TRANSFER,DOUBLE,-0.041252605,0.000000000,0.387250830,9.901056000,-31.873645,2.182111,347.222783,45.195764,0.000000,0.122125,SIMULATOR-ONLY REFERENCE - NOT A HARDWARE COMMAND,"PRELIMINARY - SIMULATOR-ONLY KINEMATIC SEQUENCE - NOT APPROVED FOR CONNECTION, POWERED TESTING, MOTION, WALKING, OR ENERGIZATION"
WS-L01,217,4.340,1,P01_CROUCHED_STAND,P05_RIGHT_WEIGHT_TRANSFER,DOUBLE,-0.041584658,0.000000000,0.387214913,9.901056000,-32.125703,2.202453,347.205544,45.180058,-0.000000,0.117490,SIMULATOR-ONLY REFERENCE - NOT A HARDWARE COMMAND,"PRELIMINARY - SIMULATOR-ONLY KINEMATIC SEQUENCE - NOT APPROVED FOR CONNECTION, POWERED TESTING, MOTION, WALKING, OR ENERGIZATION"
WS-L01,218,4.360,1,P01_CROUCHED_STAND,P05_RIGHT_WEIGHT_TRANSFER,DOUBLE,-0.041910732,0.000000000,0.387179048,9.901056000,-32.373237,2.222428,347.188200,45.164634,0.000000,0.112938,SIMULATOR-ONLY REFERENCE - NOT A HARDWARE COMMAND,"PRELIMINARY - SIMULATOR-ONLY KINEMATIC SEQUENCE - NOT APPROVED FOR CONNECTION, POWERED TESTING, MOTION, WALKING, OR ENERGIZATION"
WS-L01,219,4.380,1,P01_CROUCHED_STAND,P05_RIGHT_WEIGHT_TRANSFER,DOUBLE,-0.042230732,0.000000000,0.387143276,9.901056000,-32.616174,2.242032,347.170777,45.149497,0.000000,0.108471,SIMULATOR-ONLY REFERENCE - NOT A HARDWARE COMMAND,"PRELIMINARY - SIMULATOR-ONLY KINEMATIC SEQUENCE - NOT APPROVED FOR CONNECTION, POWERED TESTING, MOTION, WALKING, OR ENERGIZATION"
WS-L01,220,4.400,1,P01_CROUCHED_STAND,P05_RIGHT_WEIGHT_TRANSFER,DOUBLE,-0.042544569,0.000000000,0.387107641,9.901056000,-32.854446,2.261259,347.153304,45.134651,0.000000,0.104090,SIMULATOR-ONLY REFERENCE - NOT A HARDWARE COMMAND,"PRELIMINARY - SIMULATOR-ONLY KINEMATIC SEQUENCE - NOT APPROVED FOR CONNECTION, POWERED TESTING, MOTION, WALKING, OR ENERGIZATION"
WS-L01,221,4.420,1,P01_CROUCHED_STAND,P05_RIGHT_WEIGHT_TRANSFER,DOUBLE,-0.042852160,0.000000000,0.387072186,9.901056000,-33.087990,2.280103,347.135807,45.120101,0.000000,0.099796,SIMULATOR-ONLY REFERENCE - NOT A HARDWARE COMMAND,"PRELIMINARY - SIMULATOR-ONLY KINEMATIC SEQUENCE - NOT APPROVED FOR CONNECTION, POWERED TESTING, MOTION, WALKING, OR ENERGIZATION"
WS-L01,222,4.440,1,P01_CROUCHED_STAND,P05_RIGHT_WEIGHT_TRANSFER,DOUBLE,-0.043153424,0.000000000,0.387036950,9.901056000,-33.316742,2.298560,347.118315,45.105850,-0.000000,0.095590,SIMULATOR-ONLY REFERENCE - NOT A HARDWARE COMMAND,"PRELIMINARY - SIMULATOR-ONLY KINEMATIC SEQUENCE - NOT APPROVED FOR CONNECTION, POWERED TESTING, MOTION, WALKING, OR ENERGIZATION"
WS-L01,223,4.460,1,P01_CROUCHED_STAND,P05_RIGHT_WEIGHT_TRANSFER,DOUBLE,-0.043448285,0.000000000,0.387001976,9.901056000,-33.540646,2.316624,347.100854,45.091902,0.000000,0.091474,SIMULATOR-ONLY REFERENCE - NOT A HARDWARE COMMAND,"PRELIMINARY - SIMULATOR-ONLY KINEMATIC SEQUENCE - NOT APPROVED FOR CONNECTION, POWERED TESTING, MOTION, WALKING, OR ENERGIZATION"
WS-L01,224,4.480,1,P01_CROUCHED_STAND,P05_RIGHT_WEIGHT_TRANSFER,DOUBLE,-0.043736671,0.000000000,0.386967303,9.901056000,-33.759645,2.334292,347.083449,45.078260,0.000000,0.087448,SIMULATOR-ONLY REFERENCE - NOT A HARDWARE COMMAND,"PRELIMINARY - SIMULATOR-ONLY KINEMATIC SEQUENCE - NOT APPROVED FOR CONNECTION, POWERED TESTING, MOTION, WALKING, OR ENERGIZATION"
WS-L01,225,4.500,1,P01_CROUCHED_STAND,P05_RIGHT_WEIGHT_TRANSFER,DOUBLE,-0.044018517,0.000000000,0.386932971,9.901056000,-33.973690,2.351560,347.066128,45.064927,0.000000,0.083513,SIMULATOR-ONLY REFERENCE - NOT A HARDWARE COMMAND,"PRELIMINARY - SIMULATOR-ONLY KINEMATIC SEQUENCE - NOT APPROVED FOR CONNECTION, POWERED TESTING, MOTION, WALKING, OR ENERGIZATION"
WS-L01,226,4.520,1,P01_CROUCHED_STAND,P05_RIGHT_WEIGHT_TRANSFER,DOUBLE,-0.044293761,0.000000000,0.386899018,9.901056000,-34.182733,2.368423,347.048915,45.051907,0.000000,0.079671,SIMULATOR-ONLY REFERENCE - NOT A HARDWARE COMMAND,"PRELIMINARY - SIMULATOR-ONLY KINEMATIC SEQUENCE - NOT APPROVED FOR CONNECTION, POWERED TESTING, MOTION, WALKING, OR ENERGIZATION"
WS-L01,227,4.540,1,P01_CROUCHED_STAND,P05_RIGHT_WEIGHT_TRANSFER,DOUBLE,-0.044562345,0.000000000,0.386865482,9.901056000,-34.386729,2.384878,347.031836,45.039201,0.000000,0.075921,SIMULATOR-ONLY REFERENCE - NOT A HARDWARE COMMAND,"PRELIMINARY - SIMULATOR-ONLY KINEMATIC SEQUENCE - NOT APPROVED FOR CONNECTION, POWERED TESTING, MOTION, WALKING, OR ENERGIZATION"
WS-L01,228,4.560,1,P01_CROUCHED_STAND,P05_RIGHT_WEIGHT_TRANSFER,DOUBLE,-0.044824219,0.000000000,0.386832399,9.901056000,-34.585639,2.400922,347.014914,45.026813,0.000000,0.072265,SIMULATOR-ONLY REFERENCE - NOT A HARDWARE COMMAND,"PRELIMINARY - SIMULATOR-ONLY KINEMATIC SEQUENCE - NOT APPROVED FOR CONNECTION, POWERED TESTING, MOTION, WALKING, OR ENERGIZATION"
WS-L01,229,4.580,1,P01_CROUCHED_STAND,P05_RIGHT_WEIGHT_TRANSFER,DOUBLE,-0.045079334,0.000000000,0.386799804,9.901056000,-34.779426,2.416552,346.998173,45.014744,0.000000,0.068703,SIMULATOR-ONLY REFERENCE - NOT A HARDWARE COMMAND,"PRELIMINARY - SIMULATOR-ONLY KINEMATIC SEQUENCE - NOT APPROVED FOR CONNECTION, POWERED TESTING, MOTION, WALKING, OR ENERGIZATION"
WS-L01,230,4.600,1,P01_CROUCHED_STAND,P05_RIGHT_WEIGHT_TRANSFER,DOUBLE,-0.045327651,0.000000000,0.386767731,9.901056000,-34.968059,2.431766,346.981636,45.002998,0.000000,0.065236,SIMULATOR-ONLY REFERENCE - NOT A HARDWARE COMMAND,"PRELIMINARY - SIMULATOR-ONLY KINEMATIC SEQUENCE - NOT APPROVED FOR CONNECTION, POWERED TESTING, MOTION, WALKING, OR ENERGIZATION"
WS-L01,231,4.620,1,P01_CROUCHED_STAND,P05_RIGHT_WEIGHT_TRANSFER,DOUBLE,-0.045569131,0.000000000,0.386736214,9.901056000,-35.151508,2.446561,346.965325,44.991574,0.000000,0.061865,SIMULATOR-ONLY REFERENCE - NOT A HARDWARE COMMAND,"PRELIMINARY - SIMULATOR-ONLY KINEMATIC SEQUENCE - NOT APPROVED FOR CONNECTION, POWERED TESTING, MOTION, WALKING, OR ENERGIZATION"
WS-L01,232,4.640,1,P01_CROUCHED_STAND,P05_RIGHT_WEIGHT_TRANSFER,DOUBLE,-0.045803745,0.000000000,0.386705283,9.901056000,-35.329750,2.460935,346.949262,44.980475,0.000000,0.058589,SIMULATOR-ONLY REFERENCE - NOT A HARDWARE COMMAND,"PRELIMINARY - SIMULATOR-ONLY KINEMATIC SEQUENCE - NOT APPROVED FOR CONNECTION, POWERED TESTING, MOTION, WALKING, OR ENERGIZATION"
WS-L01,233,4.660,1,P01_CROUCHED_STAND,P05_RIGHT_WEIGHT_TRANSFER,DOUBLE,-0.046031468,0.000000000,0.386674970,9.901056000,-35.502765,2.474887,346.933467,44.969703,-0.000000,0.055410,SIMULATOR-ONLY REFERENCE - NOT A HARDWARE COMMAND,"PRELIMINARY - SIMULATOR-ONLY KINEMATIC SEQUENCE - NOT APPROVED FOR CONNECTION, POWERED TESTING, MOTION, WALKING, OR ENERGIZATION"
WS-L01,234,4.680,1,P01_CROUCHED_STAND,P05_RIGHT_WEIGHT_TRANSFER,DOUBLE,-0.046252279,0.000000000,0.386645302,9.901056000,-35.670537,2.488416,346.917959,44.959257,-0.000000,0.052327,SIMULATOR-ONLY REFERENCE - NOT A HARDWARE COMMAND,"PRELIMINARY - SIMULATOR-ONLY KINEMATIC SEQUENCE - NOT APPROVED FOR CONNECTION, POWERED TESTING, MOTION, WALKING, OR ENERGIZATION"
WS-L01,235,4.700,1,P01_CROUCHED_STAND,P05_RIGHT_WEIGHT_TRANSFER,DOUBLE,-0.046466164,0.000000000,0.386616308,9.901056000,-35.833054,2.501520,346.902757,44.949139,0.000000,0.049341,SIMULATOR-ONLY REFERENCE - NOT A HARDWARE COMMAND,"PRELIMINARY - SIMULATOR-ONLY KINEMATIC SEQUENCE - NOT APPROVED FOR CONNECTION, POWERED TESTING, MOTION, WALKING, OR ENERGIZATION"
WS-L01,236,4.720,1,P01_CROUCHED_STAND,P05_RIGHT_WEIGHT_TRANSFER,DOUBLE,-0.046673116,0.000000000,0.386588012,9.901056000,-35.990311,2.514200,346.887880,44.939349,0.000000,0.046451,SIMULATOR-ONLY REFERENCE - NOT A HARDWARE COMMAND,"PRELIMINARY - SIMULATOR-ONLY KINEMATIC SEQUENCE - NOT APPROVED FOR CONNECTION, POWERED TESTING, MOTION, WALKING, OR ENERGIZATION"
WS-L01,237,4.740,1,P01_CROUCHED_STAND,P05_RIGHT_WEIGHT_TRANSFER,DOUBLE,-0.046873131,0.000000000,0.386560439,9.901056000,-36.142304,2.526454,346.873344,44.929887,0.000000,0.043659,SIMULATOR-ONLY REFERENCE - NOT A HARDWARE COMMAND,"PRELIMINARY - SIMULATOR-ONLY KINEMATIC SEQUENCE - NOT APPROVED FOR CONNECTION, POWERED TESTING, MOTION, WALKING, OR ENERGIZATION"
WS-L01,238,4.760,1,P01_CROUCHED_STAND,P05_RIGHT_WEIGHT_TRANSFER,DOUBLE,-0.047066215,0.000000000,0.386533612,9.901056000,-36.289035,2.538284,346.859164,44.920753,0.000000,0.040963,SIMULATOR-ONLY REFERENCE - NOT A HARDWARE COMMAND,"PRELIMINARY - SIMULATOR-ONLY KINEMATIC SEQUENCE - NOT APPROVED FOR CONNECTION, POWERED TESTING, MOTION, WALKING, OR ENERGIZATION"
WS-L01,239,4.780,1,P01_CROUCHED_STAND,P05_RIGHT_WEIGHT_TRANSFER,DOUBLE,-0.047252375,0.000000000,0.386507552,9.901056000,-36.430512,2.549690,346.845357,44.911946,0.000000,0.038364,SIMULATOR-ONLY REFERENCE - NOT A HARDWARE COMMAND,"PRELIMINARY - SIMULATOR-ONLY KINEMATIC SEQUENCE - NOT APPROVED FOR CONNECTION, POWERED TESTING, MOTION, WALKING, OR ENERGIZATION"
WS-L01,240,4.800,1,P01_CROUCHED_STAND,P05_RIGHT_WEIGHT_TRANSFER,DOUBLE,-0.047431629,0.000000000,0.386482277,9.901056000,-36.566746,2.560673,346.831935,44.903467,0.000000,0.035861,SIMULATOR-ONLY REFERENCE - NOT A HARDWARE COMMAND,"PRELIMINARY - SIMULATOR-ONLY KINEMATIC SEQUENCE - NOT APPROVED FOR CONNECTION, POWERED TESTING, MOTION, WALKING, OR ENERGIZATION"
WS-L01,241,4.820,1,P01_CROUCHED_STAND,P05_RIGHT_WEIGHT_TRANSFER,DOUBLE,-0.047603999,0.000000000,0.386457806,9.901056000,-36.697753,2.571233,346.818911,44.895312,0.000000,0.033454,SIMULATOR-ONLY REFERENCE - NOT A HARDWARE COMMAND,"PRELIMINARY - SIMULATOR-ONLY KINEMATIC SEQUENCE - NOT APPROVED FOR CONNECTION, POWERED TESTING, MOTION, WALKING, OR ENERGIZATION"
WS-L01,242,4.840,1,P01_CROUCHED_STAND,P05_RIGHT_WEIGHT_TRANSFER,DOUBLE,-0.047769513,0.000000000,0.386434152,9.901056000,-36.823555,2.581374,346.806297,44.887483,0.000000,0.031143,SIMULATOR-ONLY REFERENCE - NOT A HARDWARE COMMAND,"PRELIMINARY - SIMULATOR-ONLY KINEMATIC SEQUENCE - NOT APPROVED FOR CONNECTION, POWERED TESTING, MOTION, WALKING, OR ENERGIZATION"
WS-L01,243,4.860,1,P01_CROUCHED_STAND,P05_RIGHT_WEIGHT_TRANSFER,DOUBLE,-0.047928207,0.000000000,0.386411332,9.901056000,-36.944177,2.591097,346.794103,44.879976,0.000000,0.028928,SIMULATOR-ONLY REFERENCE - NOT A HARDWARE COMMAND,"PRELIMINARY - SIMULATOR-ONLY KINEMATIC SEQUENCE - NOT APPROVED FOR CONNECTION, POWERED TESTING, MOTION, WALKING, OR ENERGIZATION"
WS-L01,244,4.880,1,P01_CROUCHED_STAND,P05_RIGHT_WEIGHT_TRANSFER,DOUBLE,-0.048080123,0.000000000,0.386389355,9.901056000,-37.059651,2.600405,346.782339,44.872789,0.000000,0.026806,SIMULATOR-ONLY REFERENCE - NOT A HARDWARE COMMAND,"PRELIMINARY - SIMULATOR-ONLY KINEMATIC SEQUENCE - NOT APPROVED FOR CONNECTION, POWERED TESTING, MOTION, WALKING, OR ENERGIZATION"
WS-L01,245,4.900,1,P01_CROUCHED_STAND,P05_RIGHT_WEIGHT_TRANSFER,DOUBLE,-0.048225309,0.000000000,0.386368233,9.901056000,-37.170014,2.609300,346.771012,44.865921,0.000000,0.024779,SIMULATOR-ONLY REFERENCE - NOT A HARDWARE COMMAND,"PRELIMINARY - SIMULATOR-ONLY KINEMATIC SEQUENCE - NOT APPROVED FOR CONNECTION, POWERED TESTING, MOTION, WALKING, OR ENERGIZATION"
WS-L01,246,4.920,1,P01_CROUCHED_STAND,P05_RIGHT_WEIGHT_TRANSFER,DOUBLE,-0.048363820,0.000000000,0.386347973,9.901056000,-37.275308,2.617786,346.760131,44.859369,0.000000,0.022845,SIMULATOR-ONLY REFERENCE - NOT A HARDWARE COMMAND,"PRELIMINARY - SIMULATOR-ONLY KINEMATIC SEQUENCE - NOT APPROVED FOR CONNECTION, POWERED TESTING, MOTION, WALKING, OR ENERGIZATION"
WS-L01,247,4.940,1,P01_CROUCHED_STAND,P05_RIGHT_WEIGHT_TRANSFER,DOUBLE,-0.048495721,0.000000000,0.386328582,9.901056000,-37.375578,2.625867,346.749699,44.853129,0.000000,0.021004,SIMULATOR-ONLY REFERENCE - NOT A HARDWARE COMMAND,"PRELIMINARY - SIMULATOR-ONLY KINEMATIC SEQUENCE - NOT APPROVED FOR CONNECTION, POWERED TESTING, MOTION, WALKING, OR ENERGIZATION"
WS-L01,248,4.960,1,P01_CROUCHED_STAND,P05_RIGHT_WEIGHT_TRANSFER,DOUBLE,-0.048621078,0.000000000,0.386310064,9.901056000,-37.470878,2.633548,346.739723,44.847199,0.000000,0.019253,SIMULATOR-ONLY REFERENCE - NOT A HARDWARE COMMAND,"PRELIMINARY - SIMULATOR-ONLY KINEMATIC SEQUENCE - NOT APPROVED FOR CONNECTION, POWERED TESTING, MOTION, WALKING, OR ENERGIZATION"
WS-L01,249,4.980,1,P01_CROUCHED_STAND,P05_RIGHT_WEIGHT_TRANSFER,DOUBLE,-0.048739970,0.000000000,0.386292420,9.901056000,-37.561264,2.640832,346.730205,44.841575,0.000000,0.017593,SIMULATOR-ONLY REFERENCE - NOT A HARDWARE COMMAND,"PRELIMINARY - SIMULATOR-ONLY KINEMATIC SEQUENCE - NOT APPROVED FOR CONNECTION, POWERED TESTING, MOTION, WALKING, OR ENERGIZATION"
WS-L01,250,5.000,1,P01_CROUCHED_STAND,P05_RIGHT_WEIGHT_TRANSFER,DOUBLE,-0.048852480,0.000000000,0.386275652,9.901056000,-37.646802,2.647725,346.721148,44.836252,0.000000,0.016022,SIMULATOR-ONLY REFERENCE - NOT A HARDWARE COMMAND,"PRELIMINARY - SIMULATOR-ONLY KINEMATIC SEQUENCE - NOT APPROVED FOR CONNECTION, POWERED TESTING, MOTION, WALKING, OR ENERGIZATION"
WS-L01,251,5.020,1,P01_CROUCHED_STAND,P05_RIGHT_WEIGHT_TRANSFER,DOUBLE,-0.048958698,0.000000000,0.386259757,9.901056000,-37.727558,2.654233,346.712552,44.831228,0.000000,0.014539,SIMULATOR-ONLY REFERENCE - NOT A HARDWARE COMMAND,"PRELIMINARY - SIMULATOR-ONLY KINEMATIC SEQUENCE - NOT APPROVED FOR CONNECTION, POWERED TESTING, MOTION, WALKING, OR ENERGIZATION"
WS-L01,252,5.040,1,P01_CROUCHED_STAND,P05_RIGHT_WEIGHT_TRANSFER,DOUBLE,-0.049058725,0.000000000,0.386244731,9.901056000,-37.803609,2.660361,346.704418,44.826496,0.000000,0.013143,SIMULATOR-ONLY REFERENCE - NOT A HARDWARE COMMAND,"PRELIMINARY - SIMULATOR-ONLY KINEMATIC SEQUENCE - NOT APPROVED FOR CONNECTION, POWERED TESTING, MOTION, WALKING, OR ENERGIZATION"
WS-L01,253,5.060,1,P01_CROUCHED_STAND,P05_RIGHT_WEIGHT_TRANSFER,DOUBLE,-0.049152665,0.000000000,0.386230570,9.901056000,-37.875034,2.666117,346.696743,44.822052,0.000000,0.011831,SIMULATOR-ONLY REFERENCE - NOT A HARDWARE COMMAND,"PRELIMINARY - SIMULATOR-ONLY KINEMATIC SEQUENCE - NOT APPROVED FOR CONNECTION, POWERED TESTING, MOTION, WALKING, OR ENERGIZATION"
WS-L01,254,5.080,1,P01_CROUCHED_STAND,P05_RIGHT_WEIGHT_TRANSFER,DOUBLE,-0.049240632,0.000000000,0.386217264,9.901056000,-37.941919,2.671506,346.689525,44.817891,0.000000,0.010603,SIMULATOR-ONLY REFERENCE - NOT A HARDWARE COMMAND,"PRELIMINARY - SIMULATOR-ONLY KINEMATIC SEQUENCE - NOT APPROVED FOR CONNECTION, POWERED TESTING, MOTION, WALKING, OR ENERGIZATION"
WS-L01,255,5.100,1,P01_CROUCHED_STAND,P05_RIGHT_WEIGHT_TRANSFER,DOUBLE,-0.049322749,0.000000000,0.386204806,9.901056000,-38.004357,2.676537,346.682761,44.814006,0.000000,0.009456,SIMULATOR-ONLY REFERENCE - NOT A HARDWARE COMMAND,"PRELIMINARY - SIMULATOR-ONLY KINEMATIC SEQUENCE - NOT APPROVED FOR CONNECTION, POWERED TESTING, MOTION, WALKING, OR ENERGIZATION"
WS-L01,256,5.120,1,P01_CROUCHED_STAND,P05_RIGHT_WEIGHT_TRANSFER,DOUBLE,-0.049399143,0.000000000,0.386193181,9.901056000,-38.062445,2.681218,346.676444,44.810393,0.000000,0.008390,SIMULATOR-ONLY REFERENCE - NOT A HARDWARE COMMAND,"PRELIMINARY - SIMULATOR-ONLY KINEMATIC SEQUENCE - NOT APPROVED FOR CONNECTION, POWERED TESTING, MOTION, WALKING, OR ENERGIZATION"
WS-L01,257,5.140,1,P01_CROUCHED_STAND,P05_RIGHT_WEIGHT_TRANSFER,DOUBLE,-0.049469954,0.000000000,0.386182378,9.901056000,-38.116289,2.685556,346.670569,44.807043,0.000000,0.007401,SIMULATOR-ONLY REFERENCE - NOT A HARDWARE COMMAND,"PRELIMINARY - SIMULATOR-ONLY KINEMATIC SEQUENCE - NOT APPROVED FOR CONNECTION, POWERED TESTING, MOTION, WALKING, OR ENERGIZATION"
WS-L01,258,5.160,1,P01_CROUCHED_STAND,P05_RIGHT_WEIGHT_TRANSFER,DOUBLE,-0.049535325,0.000000000,0.386172380,9.901056000,-38.165997,2.689561,346.665128,44.803951,0.000000,0.006488,SIMULATOR-ONLY REFERENCE - NOT A HARDWARE COMMAND,"PRELIMINARY - SIMULATOR-ONLY KINEMATIC SEQUENCE - NOT APPROVED FOR CONNECTION, POWERED TESTING, MOTION, WALKING, OR ENERGIZATION"
WS-L01,259,5.180,1,P01_CROUCHED_STAND,P05_RIGHT_WEIGHT_TRANSFER,DOUBLE,-0.049595410,0.000000000,0.386163170,9.901056000,-38.211686,2.693242,346.660113,44.801108,0.000000,0.005649,SIMULATOR-ONLY REFERENCE - NOT A HARDWARE COMMAND,"PRELIMINARY - SIMULATOR-ONLY KINEMATIC SEQUENCE - NOT APPROVED FOR CONNECTION, POWERED TESTING, MOTION, WALKING, OR ENERGIZATION"
WS-L01,260,5.200,1,P01_CROUCHED_STAND,P05_RIGHT_WEIGHT_TRANSFER,DOUBLE,-0.049650372,0.000000000,0.386154727,9.901056000,-38.253480,2.696610,346.655512,44.798508,0.000000,0.004882,SIMULATOR-ONLY REFERENCE - NOT A HARDWARE COMMAND,"PRELIMINARY - SIMULATOR-ONLY KINEMATIC SEQUENCE - NOT APPROVED FOR CONNECTION, POWERED TESTING, MOTION, WALKING, OR ENERGIZATION"
WS-L01,261,5.220,1,P01_CROUCHED_STAND,P05_RIGHT_WEIGHT_TRANSFER,DOUBLE,-0.049700379,0.000000000,0.386147031,9.901056000,-38.291508,2.699674,346.651317,44.796143,0.000000,0.004183,SIMULATOR-ONLY REFERENCE - NOT A HARDWARE COMMAND,"PRELIMINARY - SIMULATOR-ONLY KINEMATIC SEQUENCE - NOT APPROVED FOR CONNECTION, POWERED TESTING, MOTION, WALKING, OR ENERGIZATION"
WS-L01,262,5.240,1,P01_CROUCHED_STAND,P05_RIGHT_WEIGHT_TRANSFER,DOUBLE,-0.049745611,0.000000000,0.386140058,9.901056000,-38.325904,2.702445,346.647514,44.794003,0.000000,0.003552,SIMULATOR-ONLY REFERENCE - NOT A HARDWARE COMMAND,"PRELIMINARY - SIMULATOR-ONLY KINEMATIC SEQUENCE - NOT APPROVED FOR CONNECTION, POWERED TESTING, MOTION, WALKING, OR ENERGIZATION"
WS-L01,263,5.260,1,P01_CROUCHED_STAND,P05_RIGHT_WEIGHT_TRANSFER,DOUBLE,-0.049786256,0.000000000,0.386133783,9.901056000,-38.356812,2.704935,346.644089,44.792081,0.000000,0.002984,SIMULATOR-ONLY REFERENCE - NOT A HARDWARE COMMAND,"PRELIMINARY - SIMULATOR-ONLY KINEMATIC SEQUENCE - NOT APPROVED FOR CONNECTION, POWERED TESTING, MOTION, WALKING, OR ENERGIZATION"
WS-L01,264,5.280,1,P01_CROUCHED_STAND,P05_RIGHT_WEIGHT_TRANSFER,DOUBLE,-0.049822507,0.000000000,0.386128178,9.901056000,-38.384380,2.707156,346.641030,44.790366,0.000000,0.002478,SIMULATOR-ONLY REFERENCE - NOT A HARDWARE COMMAND,"PRELIMINARY - SIMULATOR-ONLY KINEMATIC SEQUENCE - NOT APPROVED FOR CONNECTION, POWERED TESTING, MOTION, WALKING, OR ENERGIZATION"
WS-L01,265,5.300,1,P01_CROUCHED_STAND,P05_RIGHT_WEIGHT_TRANSFER,DOUBLE,-0.049854571,0.000000000,0.386123215,9.901056000,-38.408763,2.709120,346.638319,44.788849,0.000000,0.002031,SIMULATOR-ONLY REFERENCE - NOT A HARDWARE COMMAND,"PRELIMINARY - SIMULATOR-ONLY KINEMATIC SEQUENCE - NOT APPROVED FOR CONNECTION, POWERED TESTING, MOTION, WALKING, OR ENERGIZATION"
WS-L01,266,5.320,1,P01_CROUCHED_STAND,P05_RIGHT_WEIGHT_TRANSFER,DOUBLE,-0.049882661,0.000000000,0.386118862,9.901056000,-38.430124,2.710841,346.635942,44.787520,0.000000,0.001638,SIMULATOR-ONLY REFERENCE - NOT A HARDWARE COMMAND,"PRELIMINARY - SIMULATOR-ONLY KINEMATIC SEQUENCE - NOT APPROVED FOR CONNECTION, POWERED TESTING, MOTION, WALKING, OR ENERGIZATION"
WS-L01,267,5.340,1,P01_CROUCHED_STAND,P05_RIGHT_WEIGHT_TRANSFER,DOUBLE,-0.049906998,0.000000000,0.386115087,9.901056000,-38.448632,2.712332,346.633879,44.786369,0.000000,0.001299,SIMULATOR-ONLY REFERENCE - NOT A HARDWARE COMMAND,"PRELIMINARY - SIMULATOR-ONLY KINEMATIC SEQUENCE - NOT APPROVED FOR CONNECTION, POWERED TESTING, MOTION, WALKING, OR ENERGIZATION"
WS-L01,268,5.360,1,P01_CROUCHED_STAND,P05_RIGHT_WEIGHT_TRANSFER,DOUBLE,-0.049927814,0.000000000,0.386111856,9.901056000,-38.464462,2.713608,346.632113,44.785384,0.000000,0.001008,SIMULATOR-ONLY REFERENCE - NOT A HARDWARE COMMAND,"PRELIMINARY - SIMULATOR-ONLY KINEMATIC SEQUENCE - NOT APPROVED FOR CONNECTION, POWERED TESTING, MOTION, WALKING, OR ENERGIZATION"
WS-L01,269,5.380,1,P01_CROUCHED_STAND,P05_RIGHT_WEIGHT_TRANSFER,DOUBLE,-0.049945350,0.000000000,0.386109132,9.901056000,-38.477799,2.714682,346.630624,44.784555,0.000000,0.000763,SIMULATOR-ONLY REFERENCE - NOT A HARDWARE COMMAND,"PRELIMINARY - SIMULATOR-ONLY KINEMATIC SEQUENCE - NOT APPROVED FOR CONNECTION, POWERED TESTING, MOTION, WALKING, OR ENERGIZATION"
WS-L01,270,5.400,1,P01_CROUCHED_STAND,P05_RIGHT_WEIGHT_TRANSFER,DOUBLE,-0.049959857,0.000000000,0.386106877,9.901056000,-38.488830,2.715571,346.629392,44.783869,0.000000,0.000561,SIMULATOR-ONLY REFERENCE - NOT A HARDWARE COMMAND,"PRELIMINARY - SIMULATOR-ONLY KINEMATIC SEQUENCE - NOT APPROVED FOR CONNECTION, POWERED TESTING, MOTION, WALKING, OR ENERGIZATION"
WS-L01,271,5.420,1,P01_CROUCHED_STAND,P05_RIGHT_WEIGHT_TRANSFER,DOUBLE,-0.049971592,0.000000000,0.386105052,9.901056000,-38.497755,2.716290,346.628394,44.783313,0.000000,0.000397,SIMULATOR-ONLY REFERENCE - NOT A HARDWARE COMMAND,"PRELIMINARY - SIMULATOR-ONLY KINEMATIC SEQUENCE - NOT APPROVED FOR CONNECTION, POWERED TESTING, MOTION, WALKING, OR ENERGIZATION"
WS-L01,272,5.440,1,P01_CROUCHED_STAND,P05_RIGHT_WEIGHT_TRANSFER,DOUBLE,-0.049980824,0.000000000,0.386103616,9.901056000,-38.504776,2.716856,346.627609,44.782877,0.000000,0.000268,SIMULATOR-ONLY REFERENCE - NOT A HARDWARE COMMAND,"PRELIMINARY - SIMULATOR-ONLY KINEMATIC SEQUENCE - NOT APPROVED FOR CONNECTION, POWERED TESTING, MOTION, WALKING, OR ENERGIZATION"
WS-L01,273,5.460,1,P01_CROUCHED_STAND,P05_RIGHT_WEIGHT_TRANSFER,DOUBLE,-0.049987833,0.000000000,0.386102525,9.901056000,-38.510106,2.717285,346.627012,44.782545,-0.000000,0.000170,SIMULATOR-ONLY REFERENCE - NOT A HARDWARE COMMAND,"PRELIMINARY - SIMULATOR-ONLY KINEMATIC SEQUENCE - NOT APPROVED FOR CONNECTION, POWERED TESTING, MOTION, WALKING, OR ENERGIZATION"
WS-L01,274,5.480,1,P01_CROUCHED_STAND,P05_RIGHT_WEIGHT_TRANSFER,DOUBLE,-0.049992906,0.000000000,0.386101736,9.901056000,-38.513964,2.717596,346.626580,44.782305,0.000000,0.000099,SIMULATOR-ONLY REFERENCE - NOT A HARDWARE COMMAND,"PRELIMINARY - SIMULATOR-ONLY KINEMATIC SEQUENCE - NOT APPROVED FOR CONNECTION, POWERED TESTING, MOTION, WALKING, OR ENERGIZATION"
WS-L01,275,5.500,1,P01_CROUCHED_STAND,P05_RIGHT_WEIGHT_TRANSFER,DOUBLE,-0.049996341,0.000000000,0.386101201,9.901056000,-38.516576,2.717806,346.626288,44.782143,0.000000,0.000051,SIMULATOR-ONLY REFERENCE - NOT A HARDWARE COMMAND,"PRELIMINARY - SIMULATOR-ONLY KINEMATIC SEQUENCE - NOT APPROVED FOR CONNECTION, POWERED TESTING, MOTION, WALKING, OR ENERGIZATION"
WS-L01,276,5.520,1,P01_CROUCHED_STAND,P05_RIGHT_WEIGHT_TRANSFER,DOUBLE,-0.049998445,0.000000000,0.386100874,9.901056000,-38.518176,2.717935,346.626109,44.782043,0.000000,0.000022,SIMULATOR-ONLY REFERENCE - NOT A HARDWARE COMMAND,"PRELIMINARY - SIMULATOR-ONLY KINEMATIC SEQUENCE - NOT APPROVED FOR CONNECTION, POWERED TESTING, MOTION, WALKING, OR ENERGIZATION"
WS-L01,277,5.540,1,P01_CROUCHED_STAND,P05_RIGHT_WEIGHT_TRANSFER,DOUBLE,-0.049999536,0.000000000,0.386100704,9.901056000,-38.519006,2.718002,346.626016,44.781992,-0.000000,0.000006,SIMULATOR-ONLY REFERENCE - NOT A HARDWARE COMMAND,"PRELIMINARY - SIMULATOR-ONLY KINEMATIC SEQUENCE - NOT APPROVED FOR CONNECTION, POWERED TESTING, MOTION, WALKING, OR ENERGIZATION"
WS-L01,278,5.560,1,P01_CROUCHED_STAND,P05_RIGHT_WEIGHT_TRANSFER,DOUBLE,-0.049999942,0.000000000,0.386100641,9.901056000,-38.519314,2.718027,346.625981,44.781972,0.000000,0.000001,SIMULATOR-ONLY REFERENCE - NOT A HARDWARE COMMAND,"PRELIMINARY - SIMULATOR-ONLY KINEMATIC SEQUENCE - NOT APPROVED FOR CONNECTION, POWERED TESTING, MOTION, WALKING, OR ENERGIZATION"
WS-L01,279,5.580,1,P01_CROUCHED_STAND,P05_RIGHT_WEIGHT_TRANSFER,DOUBLE,-0.050000000,0.000000000,0.386100631,9.901056000,-38.519359,2.718030,346.625977,44.781970,0.000000,-0.000000,SIMULATOR-ONLY REFERENCE - NOT A HARDWARE COMMAND,"PRELIMINARY - SIMULATOR-ONLY KINEMATIC SEQUENCE - NOT APPROVED FOR CONNECTION, POWERED TESTING, MOTION, WALKING, OR ENERGIZATION"
WS-L01,280,5.600,2,P05_RIGHT_WEIGHT_TRANSFER,P06_LEFT_FOOT_LIFT,R SINGLE,-0.050000000,0.000000000,0.386100631,9.901056000,-38.519359,2.717977,346.625976,23.491700,0.000000,0.000024,SIMULATOR-ONLY REFERENCE - NOT A HARDWARE COMMAND,"PRELIMINARY - SIMULATOR-ONLY KINEMATIC SEQUENCE - NOT APPROVED FOR CONNECTION, POWERED TESTING, MOTION, WALKING, OR ENERGIZATION"
WS-L01,281,5.620,2,P05_RIGHT_WEIGHT_TRANSFER,P06_LEFT_FOOT_LIFT,R SINGLE,-0.050000000,0.000000000,0.386100631,9.901056000,-38.519358,2.717612,346.625973,23.491699,0.000000,0.000191,SIMULATOR-ONLY REFERENCE - NOT A HARDWARE COMMAND,"PRELIMINARY - SIMULATOR-ONLY KINEMATIC SEQUENCE - NOT APPROVED FOR CONNECTION, POWERED TESTING, MOTION, WALKING, OR ENERGIZATION"
WS-L01,282,5.640,2,P05_RIGHT_WEIGHT_TRANSFER,P06_LEFT_FOOT_LIFT,R SINGLE,-0.050000000,0.000000000,0.386100631,9.901056000,-38.519357,2.716647,346.625966,23.491698,0.000002,0.000631,SIMULATOR-ONLY REFERENCE - NOT A HARDWARE COMMAND,"PRELIMINARY - SIMULATOR-ONLY KINEMATIC SEQUENCE - NOT APPROVED FOR CONNECTION, POWERED TESTING, MOTION, WALKING, OR ENERGIZATION"
WS-L01,283,5.660,2,P05_RIGHT_WEIGHT_TRANSFER,P06_LEFT_FOOT_LIFT,R SINGLE,-0.050000000,0.000000000,0.386100631,9.901056000,-38.519355,2.714818,346.625953,23.491696,0.000013,0.001464,SIMULATOR-ONLY REFERENCE - NOT A HARDWARE COMMAND,"PRELIMINARY - SIMULATOR-ONLY KINEMATIC SEQUENCE - NOT APPROVED FOR CONNECTION, POWERED TESTING, MOTION, WALKING, OR ENERGIZATION"
WS-L01,284,5.680,2,P05_RIGHT_WEIGHT_TRANSFER,P06_LEFT_FOOT_LIFT,R SINGLE,-0.050000000,0.000000000,0.386100631,9.901056000,-38.519353,2.711886,346.625934,23.491694,0.000049,0.002801,SIMULATOR-ONLY REFERENCE - NOT A HARDWARE COMMAND,"PRELIMINARY - SIMULATOR-ONLY KINEMATIC SEQUENCE - NOT APPROVED FOR CONNECTION, POWERED TESTING, MOTION, WALKING, OR ENERGIZATION"
WS-L01,285,5.700,2,P05_RIGHT_WEIGHT_TRANSFER,P06_LEFT_FOOT_LIFT,R SINGLE,-0.050000000,0.000000000,0.386100631,9.901056000,-38.519349,2.707634,346.625911,23.491690,0.000140,0.004739,SIMULATOR-ONLY REFERENCE - NOT A HARDWARE COMMAND,"PRELIMINARY - SIMULATOR-ONLY KINEMATIC SEQUENCE - NOT APPROVED FOR CONNECTION, POWERED TESTING, MOTION, WALKING, OR ENERGIZATION"
WS-L01,286,5.720,2,P05_RIGHT_WEIGHT_TRANSFER,P06_LEFT_FOOT_LIFT,R SINGLE,-0.050000000,0.000000000,0.386100631,9.901056000,-38.519346,2.701868,346.625889,23.491687,0.000338,0.007367,SIMULATOR-ONLY REFERENCE - NOT A HARDWARE COMMAND,"PRELIMINARY - SIMULATOR-ONLY KINEMATIC SEQUENCE - NOT APPROVED FOR CONNECTION, POWERED TESTING, MOTION, WALKING, OR ENERGIZATION"
WS-L01,287,5.740,2,P05_RIGHT_WEIGHT_TRANSFER,P06_LEFT_FOOT_LIFT,R SINGLE,-0.050000000,0.000000000,0.386100631,9.901056000,-38.519344,2.694418,346.625874,23.491685,0.000722,0.010762,SIMULATOR-ONLY REFERENCE - NOT A HARDWARE COMMAND,"PRELIMINARY - SIMULATOR-ONLY KINEMATIC SEQUENCE - NOT APPROVED FOR CONNECTION, POWERED TESTING, MOTION, WALKING, OR ENERGIZATION"
WS-L01,288,5.760,2,P05_RIGHT_WEIGHT_TRANSFER,P06_LEFT_FOOT_LIFT,R SINGLE,-0.050000000,0.000000000,0.386100631,9.901056000,-38.519344,2.685132,346.625878,23.491685,0.001401,0.014995,SIMULATOR-ONLY REFERENCE - NOT A HARDWARE COMMAND,"PRELIMINARY - SIMULATOR-ONLY KINEMATIC SEQUENCE - NOT APPROVED FOR CONNECTION, POWERED TESTING, MOTION, WALKING, OR ENERGIZATION"
WS-L01,289,5.780,2,P05_RIGHT_WEIGHT_TRANSFER,P06_LEFT_FOOT_LIFT,R SINGLE,-0.050000000,0.000000000,0.386100631,9.901056000,-38.519350,2.673882,346.625916,23.491691,0.002523,0.020123,SIMULATOR-ONLY REFERENCE - NOT A HARDWARE COMMAND,"PRELIMINARY - SIMULATOR-ONLY KINEMATIC SEQUENCE - NOT APPROVED FOR CONNECTION, POWERED TESTING, MOTION, WALKING, OR ENERGIZATION"
WS-L01,290,5.800,2,P05_RIGHT_WEIGHT_TRANSFER,P06_LEFT_FOOT_LIFT,R SINGLE,-0.050000000,0.000000000,0.386100631,9.901056000,-38.519364,2.660556,346.626009,23.491705,0.004276,0.026196,SIMULATOR-ONLY REFERENCE - NOT A HARDWARE COMMAND,"PRELIMINARY - SIMULATOR-ONLY KINEMATIC SEQUENCE - NOT APPROVED FOR CONNECTION, POWERED TESTING, MOTION, WALKING, OR ENERGIZATION"
WS-L01,291,5.820,2,P05_RIGHT_WEIGHT_TRANSFER,P06_LEFT_FOOT_LIFT,R SINGLE,-0.050000000,0.000000000,0.386100631,9.901056000,-38.519390,2.645064,346.626183,23.491731,0.006892,0.033257,SIMULATOR-ONLY REFERENCE - NOT A HARDWARE COMMAND,"PRELIMINARY - SIMULATOR-ONLY KINEMATIC SEQUENCE - NOT APPROVED FOR CONNECTION, POWERED TESTING, MOTION, WALKING, OR ENERGIZATION"
WS-L01,292,5.840,2,P05_RIGHT_WEIGHT_TRANSFER,P06_LEFT_FOOT_LIFT,R SINGLE,-0.050000000,0.000000000,0.386100631,9.901056000,-38.519432,2.627333,346.626467,23.491773,0.010648,0.041338,SIMULATOR-ONLY REFERENCE - NOT A HARDWARE COMMAND,"PRELIMINARY - SIMULATOR-ONLY KINEMATIC SEQUENCE - NOT APPROVED FOR CONNECTION, POWERED TESTING, MOTION, WALKING, OR ENERGIZATION"
WS-L01,293,5.860,2,P05_RIGHT_WEIGHT_TRANSFER,P06_LEFT_FOOT_LIFT,R SINGLE,-0.050000000,0.000000000,0.386100631,9.901056000,-38.519497,2.607310,346.626898,23.491838,0.015868,0.050464,SIMULATOR-ONLY REFERENCE - NOT A HARDWARE COMMAND,"PRELIMINARY - SIMULATOR-ONLY KINEMATIC SEQUENCE - NOT APPROVED FOR CONNECTION, POWERED TESTING, MOTION, WALKING, OR ENERGIZATION"
WS-L01,294,5.880,2,P05_RIGHT_WEIGHT_TRANSFER,P06_LEFT_FOOT_LIFT,R SINGLE,-0.050000000,0.000000000,0.386100631,9.901056000,-38.519589,2.584957,346.627516,23.491930,0.022922,0.060652,SIMULATOR-ONLY REFERENCE - NOT A HARDWARE COMMAND,"PRELIMINARY - SIMULATOR-ONLY KINEMATIC SEQUENCE - NOT APPROVED FOR CONNECTION, POWERED TESTING, MOTION, WALKING, OR ENERGIZATION"
WS-L01,295,5.900,2,P05_RIGHT_WEIGHT_TRANSFER,P06_LEFT_FOOT_LIFT,R SINGLE,-0.050000000,0.000000000,0.386100631,9.901056000,-38.519716,2.560252,346.628369,23.492057,0.032223,0.071911,SIMULATOR-ONLY REFERENCE - NOT A HARDWARE COMMAND,"PRELIMINARY - SIMULATOR-ONLY KINEMATIC SEQUENCE - NOT APPROVED FOR CONNECTION, POWERED TESTING, MOTION, WALKING, OR ENERGIZATION"
WS-L01,296,5.920,2,P05_RIGHT_WEIGHT_TRANSFER,P06_LEFT_FOOT_LIFT,R SINGLE,-0.050000000,0.000000000,0.386100631,9.901056000,-38.519887,2.533191,346.629507,23.492228,0.044224,0.084244,SIMULATOR-ONLY REFERENCE - NOT A HARDWARE COMMAND,"PRELIMINARY - SIMULATOR-ONLY KINEMATIC SEQUENCE - NOT APPROVED FOR CONNECTION, POWERED TESTING, MOTION, WALKING, OR ENERGIZATION"
WS-L01,297,5.940,2,P05_RIGHT_WEIGHT_TRANSFER,P06_LEFT_FOOT_LIFT,R SINGLE,-0.050000000,0.000000000,0.386100631,9.901056000,-38.520107,2.503784,346.630985,23.492448,0.059415,0.097646,SIMULATOR-ONLY REFERENCE - NOT A HARDWARE COMMAND,"PRELIMINARY - SIMULATOR-ONLY KINEMATIC SEQUENCE - NOT APPROVED FOR CONNECTION, POWERED TESTING, MOTION, WALKING, OR ENERGIZATION"
WS-L01,298,5.960,2,P05_RIGHT_WEIGHT_TRANSFER,P06_LEFT_FOOT_LIFT,R SINGLE,-0.050000000,0.000000000,0.386100631,9.901056000,-38.520388,2.472055,346.632862,23.492729,0.078317,0.112106,SIMULATOR-ONLY REFERENCE - NOT A HARDWARE COMMAND,"PRELIMINARY - SIMULATOR-ONLY KINEMATIC SEQUENCE - NOT APPROVED FOR CONNECTION, POWERED TESTING, MOTION, WALKING, OR ENERGIZATION"
WS-L01,299,5.980,2,P05_RIGHT_WEIGHT_TRANSFER,P06_LEFT_FOOT_LIFT,R SINGLE,-0.050000000,0.000000000,0.386100631,9.901056000,-38.520737,2.438041,346.635200,23.493078,0.101476,0.127607,SIMULATOR-ONLY REFERENCE - NOT A HARDWARE COMMAND,"PRELIMINARY - SIMULATOR-ONLY KINEMATIC SEQUENCE - NOT APPROVED FOR CONNECTION, POWERED TESTING, MOTION, WALKING, OR ENERGIZATION"
WS-L01,300,6.000,2,P05_RIGHT_WEIGHT_TRANSFER,P06_LEFT_FOOT_LIFT,R SINGLE,-0.050000000,0.000000000,0.386100631,9.901056000,-38.521165,2.401794,346.638062,23.493506,0.129452,0.144124,SIMULATOR-ONLY REFERENCE - NOT A HARDWARE COMMAND,"PRELIMINARY - SIMULATOR-ONLY KINEMATIC SEQUENCE - NOT APPROVED FOR CONNECTION, POWERED TESTING, MOTION, WALKING, OR ENERGIZATION"
WS-L01,301,6.020,2,P05_RIGHT_WEIGHT_TRANSFER,P06_LEFT_FOOT_LIFT,R SINGLE,-0.050000000,0.000000000,0.386100631,9.901056000,-38.521681,2.363377,346.641512,23.494022,0.162819,0.161631,SIMULATOR-ONLY REFERENCE - NOT A HARDWARE COMMAND,"PRELIMINARY - SIMULATOR-ONLY KINEMATIC SEQUENCE - NOT APPROVED FOR CONNECTION, POWERED TESTING, MOTION, WALKING, OR ENERGIZATION"
WS-L01,302,6.040,2,P05_RIGHT_WEIGHT_TRANSFER,P06_LEFT_FOOT_LIFT,R SINGLE,-0.050000000,0.000000000,0.386100631,9.901056000,-38.522294,2.322866,346.645616,23.494635,0.202147,0.180091,SIMULATOR-ONLY REFERENCE - NOT A HARDWARE COMMAND,"PRELIMINARY - SIMULATOR-ONLY KINEMATIC SEQUENCE - NOT APPROVED FOR CONNECTION, POWERED TESTING, MOTION, WALKING, OR ENERGIZATION"
WS-L01,303,6.060,2,P05_RIGHT_WEIGHT_TRANSFER,P06_LEFT_FOOT_LIFT,R SINGLE,-0.050000000,0.000000000,0.386100631,9.901056000,-38.523015,2.280346,346.650438,23.495356,0.248001,0.199466,SIMULATOR-ONLY REFERENCE - NOT A HARDWARE COMMAND,"PRELIMINARY - SIMULATOR-ONLY KINEMATIC SEQUENCE - NOT APPROVED FOR CONNECTION, POWERED TESTING, MOTION, WALKING, OR ENERGIZATION"
WS-L01,304,6.080,2,P05_RIGHT_WEIGHT_TRANSFER,P06_LEFT_FOOT_LIFT,R SINGLE,-0.050000000,0.000000000,0.386100631,9.901056000,-38.523852,2.235913,346.656040,23.496193,0.300925,0.219711,SIMULATOR-ONLY REFERENCE - NOT A HARDWARE COMMAND,"PRELIMINARY - SIMULATOR-ONLY KINEMATIC SEQUENCE - NOT APPROVED FOR CONNECTION, POWERED TESTING, MOTION, WALKING, OR ENERGIZATION"
WS-L01,305,6.100,2,P05_RIGHT_WEIGHT_TRANSFER,P06_LEFT_FOOT_LIFT,R SINGLE,-0.050000000,0.000000000,0.386100631,9.901056000,-38.524814,2.189674,346.662480,23.497155,0.361439,0.240780,SIMULATOR-ONLY REFERENCE - NOT A HARDWARE COMMAND,"PRELIMINARY - SIMULATOR-ONLY KINEMATIC SEQUENCE - NOT APPROVED FOR CONNECTION, POWERED TESTING, MOTION, WALKING, OR ENERGIZATION"
WS-L01,306,6.120,2,P05_RIGHT_WEIGHT_TRANSFER,P06_LEFT_FOOT_LIFT,R SINGLE,-0.050000000,0.000000000,0.386100631,9.901056000,-38.525911,2.141743,346.669814,23.498251,0.430024,0.262618,SIMULATOR-ONLY REFERENCE - NOT A HARDWARE COMMAND,"PRELIMINARY - SIMULATOR-ONLY KINEMATIC SEQUENCE - NOT APPROVED FOR CONNECTION, POWERED TESTING, MOTION, WALKING, OR ENERGIZATION"
WS-L01,307,6.140,2,P05_RIGHT_WEIGHT_TRANSFER,P06_LEFT_FOOT_LIFT,R SINGLE,-0.050000000,0.000000000,0.386100631,9.901056000,-38.527148,2.092242,346.678092,23.499489,0.507116,0.285171,SIMULATOR-ONLY REFERENCE - NOT A HARDWARE COMMAND,"PRELIMINARY - SIMULATOR-ONLY KINEMATIC SEQUENCE - NOT APPROVED FOR CONNECTION, POWERED TESTING, MOTION, WALKING, OR ENERGIZATION"
WS-L01,308,6.160,2,P05_RIGHT_WEIGHT_TRANSFER,P06_LEFT_FOOT_LIFT,R SINGLE,-0.050000000,0.000000000,0.386100631,9.901056000,-38.528532,2.041303,346.687357,23.500873,0.593095,0.308378,SIMULATOR-ONLY REFERENCE - NOT A HARDWARE COMMAND,"PRELIMINARY - SIMULATOR-ONLY KINEMATIC SEQUENCE - NOT APPROVED FOR CONNECTION, POWERED TESTING, MOTION, WALKING, OR ENERGIZATION"
WS-L01,309,6.180,2,P05_RIGHT_WEIGHT_TRANSFER,P06_LEFT_FOOT_LIFT,R SINGLE,-0.050000000,0.000000000,0.386100631,9.901056000,-38.530070,1.989062,346.697647,23.502411,0.688279,0.332178,SIMULATOR-ONLY REFERENCE - NOT A HARDWARE COMMAND,"PRELIMINARY - SIMULATOR-ONLY KINEMATIC SEQUENCE - NOT APPROVED FOR CONNECTION, POWERED TESTING, MOTION, WALKING, OR ENERGIZATION"
WS-L01,310,6.200,2,P05_RIGHT_WEIGHT_TRANSFER,P06_LEFT_FOOT_LIFT,R SINGLE,-0.050000000,0.000000000,0.386100631,9.901056000,-38.531765,1.935662,346.708990,23.504106,0.792914,0.356504,SIMULATOR-ONLY REFERENCE - NOT A HARDWARE COMMAND,"PRELIMINARY - SIMULATOR-ONLY KINEMATIC SEQUENCE - NOT APPROVED FOR CONNECTION, POWERED TESTING, MOTION, WALKING, OR ENERGIZATION"
WS-L01,311,6.220,2,P05_RIGHT_WEIGHT_TRANSFER,P06_LEFT_FOOT_LIFT,R SINGLE,-0.050000000,0.000000000,0.386100631,9.901056000,-38.533621,1.881251,346.721406,23.505962,0.907168,0.381290,SIMULATOR-ONLY REFERENCE - NOT A HARDWARE COMMAND,"PRELIMINARY - SIMULATOR-ONLY KINEMATIC SEQUENCE - NOT APPROVED FOR CONNECTION, POWERED TESTING, MOTION, WALKING, OR ENERGIZATION"
WS-L01,312,6.240,2,P05_RIGHT_WEIGHT_TRANSFER,P06_LEFT_FOOT_LIFT,R SINGLE,-0.050000000,0.000000000,0.386100631,9.901056000,-38.535639,1.825982,346.734906,23.507979,1.031126,0.406466,SIMULATOR-ONLY REFERENCE - NOT A HARDWARE COMMAND,"PRELIMINARY - SIMULATOR-ONLY KINEMATIC SEQUENCE - NOT APPROVED FOR CONNECTION, POWERED TESTING, MOTION, WALKING, OR ENERGIZATION"
WS-L01,313,6.260,2,P05_RIGHT_WEIGHT_TRANSFER,P06_LEFT_FOOT_LIFT,R SINGLE,-0.050000000,0.000000000,0.386100631,9.901056000,-38.537818,1.770012,346.749490,23.510159,1.164782,0.431961,SIMULATOR-ONLY REFERENCE - NOT A HARDWARE COMMAND,"PRELIMINARY - SIMULATOR-ONLY KINEMATIC SEQUENCE - NOT APPROVED FOR CONNECTION, POWERED TESTING, MOTION, WALKING, OR ENERGIZATION"
WS-L01,314,6.280,2,P05_RIGHT_WEIGHT_TRANSFER,P06_LEFT_FOOT_LIFT,R SINGLE,-0.050000000,0.000000000,0.386100631,9.901056000,-38.540158,1.713499,346.765148,23.512499,1.308037,0.457701,SIMULATOR-ONLY REFERENCE - NOT A HARDWARE COMMAND,"PRELIMINARY - SIMULATOR-ONLY KINEMATIC SEQUENCE - NOT APPROVED FOR CONNECTION, POWERED TESTING, MOTION, WALKING, OR ENERGIZATION"
WS-L01,315,6.300,2,P05_RIGHT_WEIGHT_TRANSFER,P06_LEFT_FOOT_LIFT,R SINGLE,-0.050000000,0.000000000,0.386100631,9.901056000,-38.542656,1.656607,346.781861,23.514997,1.460696,0.483613,SIMULATOR-ONLY REFERENCE - NOT A HARDWARE COMMAND,"PRELIMINARY - SIMULATOR-ONLY KINEMATIC SEQUENCE - NOT APPROVED FOR CONNECTION, POWERED TESTING, MOTION, WALKING, OR ENERGIZATION"
WS-L01,316,6.320,2,P05_RIGHT_WEIGHT_TRANSFER,P06_LEFT_FOOT_LIFT,R SINGLE,-0.050000000,0.000000000,0.386100631,9.901056000,-38.545306,1.599497,346.799595,23.517647,1.622466,0.509624,SIMULATOR-ONLY REFERENCE - NOT A HARDWARE COMMAND,"PRELIMINARY - SIMULATOR-ONLY KINEMATIC SEQUENCE - NOT APPROVED FOR CONNECTION, POWERED TESTING, MOTION, WALKING, OR ENERGIZATION"
WS-L01,317,6.340,2,P05_RIGHT_WEIGHT_TRANSFER,P06_LEFT_FOOT_LIFT,R SINGLE,-0.050000000,0.000000000,0.386100631,9.901056000,-38.548103,1.542334,346.818309,23.520444,1.792954,0.535657,SIMULATOR-ONLY REFERENCE - NOT A HARDWARE COMMAND,"PRELIMINARY - SIMULATOR-ONLY KINEMATIC SEQUENCE - NOT APPROVED FOR CONNECTION, POWERED TESTING, MOTION, WALKING, OR ENERGIZATION"
WS-L01,318,6.360,2,P05_RIGHT_WEIGHT_TRANSFER,P06_LEFT_FOOT_LIFT,R SINGLE,-0.050000000,0.000000000,0.386100631,9.901056000,-38.551038,1.485282,346.837949,23.523379,1.971672,0.561639,SIMULATOR-ONLY REFERENCE - NOT A HARDWARE COMMAND,"PRELIMINARY - SIMULATOR-ONLY KINEMATIC SEQUENCE - NOT APPROVED FOR CONNECTION, POWERED TESTING, MOTION, WALKING, OR ENERGIZATION"
WS-L01,319,6.380,2,P05_RIGHT_WEIGHT_TRANSFER,P06_LEFT_FOOT_LIFT,R SINGLE,-0.050000000,0.000000000,0.386100631,9.901056000,-38.554102,1.428504,346.858450,23.526443,2.158035,0.587495,SIMULATOR-ONLY REFERENCE - NOT A HARDWARE COMMAND,"PRELIMINARY - SIMULATOR-ONLY KINEMATIC SEQUENCE - NOT APPROVED FOR CONNECTION, POWERED TESTING, MOTION, WALKING, OR ENERGIZATION"
WS-L01,320,6.400,2,P05_RIGHT_WEIGHT_TRANSFER,P06_LEFT_FOOT_LIFT,R SINGLE,-0.050000000,0.000000000,0.386100631,9.901056000,-38.557284,1.372163,346.879737,23.529625,2.351365,0.613151,SIMULATOR-ONLY REFERENCE - NOT A HARDWARE COMMAND,"PRELIMINARY - SIMULATOR-ONLY KINEMATIC SEQUENCE - NOT APPROVED FOR CONNECTION, POWERED TESTING, MOTION, WALKING, OR ENERGIZATION"
WS-L01,321,6.420,2,P05_RIGHT_WEIGHT_TRANSFER,P06_LEFT_FOOT_LIFT,R SINGLE,-0.050000000,0.000000000,0.386100631,9.901056000,-38.560570,1.316418,346.901726,23.532911,2.550900,0.638534,SIMULATOR-ONLY REFERENCE - NOT A HARDWARE COMMAND,"PRELIMINARY - SIMULATOR-ONLY KINEMATIC SEQUENCE - NOT APPROVED FOR CONNECTION, POWERED TESTING, MOTION, WALKING, OR ENERGIZATION"
WS-L01,322,6.440,2,P05_RIGHT_WEIGHT_TRANSFER,P06_LEFT_FOOT_LIFT,R SINGLE,-0.050000000,0.000000000,0.386100631,9.901056000,-38.563947,1.261426,346.924324,23.536288,2.755794,0.663573,SIMULATOR-ONLY REFERENCE - NOT A HARDWARE COMMAND,"PRELIMINARY - SIMULATOR-ONLY KINEMATIC SEQUENCE - NOT APPROVED FOR CONNECTION, POWERED TESTING, MOTION, WALKING, OR ENERGIZATION"
WS-L01,323,6.460,2,P05_RIGHT_WEIGHT_TRANSFER,P06_LEFT_FOOT_LIFT,R SINGLE,-0.050000000,0.000000000,0.386100631,9.901056000,-38.567400,1.207341,346.947427,23.539741,2.965128,0.688199,SIMULATOR-ONLY REFERENCE - NOT A HARDWARE COMMAND,"PRELIMINARY - SIMULATOR-ONLY KINEMATIC SEQUENCE - NOT APPROVED FOR CONNECTION, POWERED TESTING, MOTION, WALKING, OR ENERGIZATION"
WS-L01,324,6.480,2,P05_RIGHT_WEIGHT_TRANSFER,P06_LEFT_FOOT_LIFT,R SINGLE,-0.050000000,0.000000000,0.386100631,9.901056000,-38.570912,1.154311,346.970927,23.543253,3.177920,0.712343,SIMULATOR-ONLY REFERENCE - NOT A HARDWARE COMMAND,"PRELIMINARY - SIMULATOR-ONLY KINEMATIC SEQUENCE - NOT APPROVED FOR CONNECTION, POWERED TESTING, MOTION, WALKING, OR ENERGIZATION"
WS-L01,325,6.500,2,P05_RIGHT_WEIGHT_TRANSFER,P06_LEFT_FOOT_LIFT,R SINGLE,-0.050000000,0.000000000,0.386100631,9.901056000,-38.574466,1.102481,346.994708,23.546807,3.393129,0.735940,SIMULATOR-ONLY REFERENCE - NOT A HARDWARE COMMAND,"PRELIMINARY - SIMULATOR-ONLY KINEMATIC SEQUENCE - NOT APPROVED FOR CONNECTION, POWERED TESTING, MOTION, WALKING, OR ENERGIZATION"
WS-L01,326,6.520,2,P05_RIGHT_WEIGHT_TRANSFER,P06_LEFT_FOOT_LIFT,R SINGLE,-0.050000000,0.000000000,0.386100631,9.901056000,-38.578044,1.051989,347.018649,23.550385,3.609669,0.758927,SIMULATOR-ONLY REFERENCE - NOT A HARDWARE COMMAND,"PRELIMINARY - SIMULATOR-ONLY KINEMATIC SEQUENCE - NOT APPROVED FOR CONNECTION, POWERED TESTING, MOTION, WALKING, OR ENERGIZATION"
WS-L01,327,6.540,2,P05_RIGHT_WEIGHT_TRANSFER,P06_LEFT_FOOT_LIFT,R SINGLE,-0.050000000,0.000000000,0.386100631,9.901056000,-38.581628,1.002967,347.042626,23.553969,3.826421,0.781244,SIMULATOR-ONLY REFERENCE - NOT A HARDWARE COMMAND,"PRELIMINARY - SIMULATOR-ONLY KINEMATIC SEQUENCE - NOT APPROVED FOR CONNECTION, POWERED TESTING, MOTION, WALKING, OR ENERGIZATION"
WS-L01,328,6.560,2,P05_RIGHT_WEIGHT_TRANSFER,P06_LEFT_FOOT_LIFT,R SINGLE,-0.050000000,0.000000000,0.386100631,9.901056000,-38.585197,0.955540,347.066510,23.557538,4.042242,0.802834,SIMULATOR-ONLY REFERENCE - NOT A HARDWARE COMMAND,"PRELIMINARY - SIMULATOR-ONLY KINEMATIC SEQUENCE - NOT APPROVED FOR CONNECTION, POWERED TESTING, MOTION, WALKING, OR ENERGIZATION"
WS-L01,329,6.580,2,P05_RIGHT_WEIGHT_TRANSFER,P06_LEFT_FOOT_LIFT,R SINGLE,-0.050000000,0.000000000,0.386100631,9.901056000,-38.588734,0.909825,347.090173,23.561075,4.255981,0.823644,SIMULATOR-ONLY REFERENCE - NOT A HARDWARE COMMAND,"PRELIMINARY - SIMULATOR-ONLY KINEMATIC SEQUENCE - NOT APPROVED FOR CONNECTION, POWERED TESTING, MOTION, WALKING, OR ENERGIZATION"
WS-L01,330,6.600,2,P05_RIGHT_WEIGHT_TRANSFER,P06_LEFT_FOOT_LIFT,R SINGLE,-0.050000000,0.000000000,0.386100631,9.901056000,-38.592218,0.865932,347.113488,23.564559,4.466487,0.843624,SIMULATOR-ONLY REFERENCE - NOT A HARDWARE COMMAND,"PRELIMINARY - SIMULATOR-ONLY KINEMATIC SEQUENCE - NOT APPROVED FOR CONNECTION, POWERED TESTING, MOTION, WALKING, OR ENERGIZATION"
WS-L01,331,6.620,2,P05_RIGHT_WEIGHT_TRANSFER,P06_LEFT_FOOT_LIFT,R SINGLE,-0.050000000,0.000000000,0.386100631,9.901056000,-38.595631,0.823960,347.136327,23.567972,4.672629,0.862729,SIMULATOR-ONLY REFERENCE - NOT A HARDWARE COMMAND,"PRELIMINARY - SIMULATOR-ONLY KINEMATIC SEQUENCE - NOT APPROVED FOR CONNECTION, POWERED TESTING, MOTION, WALKING, OR ENERGIZATION"
WS-L01,332,6.640,2,P05_RIGHT_WEIGHT_TRANSFER,P06_LEFT_FOOT_LIFT,R SINGLE,-0.050000000,0.000000000,0.386100631,9.901056000,-38.598955,0.784001,347.158567,23.571296,4.873304,0.880917,SIMULATOR-ONLY REFERENCE - NOT A HARDWARE COMMAND,"PRELIMINARY - SIMULATOR-ONLY KINEMATIC SEQUENCE - NOT APPROVED FOR CONNECTION, POWERED TESTING, MOTION, WALKING, OR ENERGIZATION"
WS-L01,333,6.660,2,P05_RIGHT_WEIGHT_TRANSFER,P06_LEFT_FOOT_LIFT,R SINGLE,-0.050000000,0.000000000,0.386100631,9.901056000,-38.602172,0.746135,347.180090,23.574513,5.067450,0.898151,SIMULATOR-ONLY REFERENCE - NOT A HARDWARE COMMAND,"PRELIMINARY - SIMULATOR-ONLY KINEMATIC SEQUENCE - NOT APPROVED FOR CONNECTION, POWERED TESTING, MOTION, WALKING, OR ENERGIZATION"
WS-L01,334,6.680,2,P05_RIGHT_WEIGHT_TRANSFER,P06_LEFT_FOOT_LIFT,R SINGLE,-0.050000000,0.000000000,0.386100631,9.901056000,-38.605264,0.710432,347.200783,23.577605,5.254066,0.914402,SIMULATOR-ONLY REFERENCE - NOT A HARDWARE COMMAND,"PRELIMINARY - SIMULATOR-ONLY KINEMATIC SEQUENCE - NOT APPROVED FOR CONNECTION, POWERED TESTING, MOTION, WALKING, OR ENERGIZATION"
WS-L01,335,6.700,2,P05_RIGHT_WEIGHT_TRANSFER,P06_LEFT_FOOT_LIFT,R SINGLE,-0.050000000,0.000000000,0.386100631,9.901056000,-38.608217,0.676948,347.220542,23.580558,5.432216,0.929641,SIMULATOR-ONLY REFERENCE - NOT A HARDWARE COMMAND,"PRELIMINARY - SIMULATOR-ONLY KINEMATIC SEQUENCE - NOT APPROVED FOR CONNECTION, POWERED TESTING, MOTION, WALKING, OR ENERGIZATION"
WS-L01,336,6.720,2,P05_RIGHT_WEIGHT_TRANSFER,P06_LEFT_FOOT_LIFT,R SINGLE,-0.050000000,0.000000000,0.386100631,9.901056000,-38.611017,0.645732,347.239272,23.583358,5.601049,0.943848,SIMULATOR-ONLY REFERENCE - NOT A HARDWARE COMMAND,"PRELIMINARY - SIMULATOR-ONLY KINEMATIC SEQUENCE - NOT APPROVED FOR CONNECTION, POWERED TESTING, MOTION, WALKING, OR ENERGIZATION"
WS-L01,337,6.740,2,P05_RIGHT_WEIGHT_TRANSFER,P06_LEFT_FOOT_LIFT,R SINGLE,-0.050000000,0.000000000,0.386100631,9.901056000,-38.613649,0.616816,347.256888,23.585990,5.759807,0.957008,SIMULATOR-ONLY REFERENCE - NOT A HARDWARE COMMAND,"PRELIMINARY - SIMULATOR-ONLY KINEMATIC SEQUENCE - NOT APPROVED FOR CONNECTION, POWERED TESTING, MOTION, WALKING, OR ENERGIZATION"
WS-L01,338,6.760,2,P05_RIGHT_WEIGHT_TRANSFER,P06_LEFT_FOOT_LIFT,R SINGLE,-0.050000000,0.000000000,0.386100631,9.901056000,-38.616104,0.590221,347.273316,23.588445,5.907835,0.969111,SIMULATOR-ONLY REFERENCE - NOT A HARDWARE COMMAND,"PRELIMINARY - SIMULATOR-ONLY KINEMATIC SEQUENCE - NOT APPROVED FOR CONNECTION, POWERED TESTING, MOTION, WALKING, OR ENERGIZATION"
WS-L01,339,6.780,2,P05_RIGHT_WEIGHT_TRANSFER,P06_LEFT_FOOT_LIFT,R SINGLE,-0.050000000,0.000000000,0.386100631,9.901056000,-38.618373,0.565953,347.288496,23.590714,6.044595,0.980155,SIMULATOR-ONLY REFERENCE - NOT A HARDWARE COMMAND,"PRELIMINARY - SIMULATOR-ONLY KINEMATIC SEQUENCE - NOT APPROVED FOR CONNECTION, POWERED TESTING, MOTION, WALKING, OR ENERGIZATION"
WS-L01,340,6.800,2,P05_RIGHT_WEIGHT_TRANSFER,P06_LEFT_FOOT_LIFT,R SINGLE,-0.050000000,0.000000000,0.386100631,9.901056000,-38.620448,0.544004,347.302381,23.592789,6.169674,0.990144,SIMULATOR-ONLY REFERENCE - NOT A HARDWARE COMMAND,"PRELIMINARY - SIMULATOR-ONLY KINEMATIC SEQUENCE - NOT APPROVED FOR CONNECTION, POWERED TESTING, MOTION, WALKING, OR ENERGIZATION"
WS-L01,341,6.820,2,P05_RIGHT_WEIGHT_TRANSFER,P06_LEFT_FOOT_LIFT,R SINGLE,-0.050000000,0.000000000,0.386100631,9.901056000,-38.622325,0.524350,347.314940,23.594666,6.282790,0.999088,SIMULATOR-ONLY REFERENCE - NOT A HARDWARE COMMAND,"PRELIMINARY - SIMULATOR-ONLY KINEMATIC SEQUENCE - NOT APPROVED FOR CONNECTION, POWERED TESTING, MOTION, WALKING, OR ENERGIZATION"
WS-L01,342,6.840,2,P05_RIGHT_WEIGHT_TRANSFER,P06_LEFT_FOOT_LIFT,R SINGLE,-0.050000000,0.000000000,0.386100631,9.901056000,-38.624001,0.506953,347.326156,23.596342,6.383802,1.007005,SIMULATOR-ONLY REFERENCE - NOT A HARDWARE COMMAND,"PRELIMINARY - SIMULATOR-ONLY KINEMATIC SEQUENCE - NOT APPROVED FOR CONNECTION, POWERED TESTING, MOTION, WALKING, OR ENERGIZATION"
WS-L01,343,6.860,2,P05_RIGHT_WEIGHT_TRANSFER,P06_LEFT_FOOT_LIFT,R SINGLE,-0.050000000,0.000000000,0.386100631,9.901056000,-38.625477,0.491756,347.336029,23.597818,6.472715,1.013920,SIMULATOR-ONLY REFERENCE - NOT A HARDWARE COMMAND,"PRELIMINARY - SIMULATOR-ONLY KINEMATIC SEQUENCE - NOT APPROVED FOR CONNECTION, POWERED TESTING, MOTION, WALKING, OR ENERGIZATION"
WS-L01,344,6.880,2,P05_RIGHT_WEIGHT_TRANSFER,P06_LEFT_FOOT_LIFT,R SINGLE,-0.050000000,0.000000000,0.386100631,9.901056000,-38.626754,0.478688,347.344577,23.599095,6.549684,1.019867,SIMULATOR-ONLY REFERENCE - NOT A HARDWARE COMMAND,"PRELIMINARY - SIMULATOR-ONLY KINEMATIC SEQUENCE - NOT APPROVED FOR CONNECTION, POWERED TESTING, MOTION, WALKING, OR ENERGIZATION"
WS-L01,345,6.900,2,P05_RIGHT_WEIGHT_TRANSFER,P06_LEFT_FOOT_LIFT,R SINGLE,-0.050000000,0.000000000,0.386100631,9.901056000,-38.627839,0.467657,347.351833,23.600180,6.615017,1.024887,SIMULATOR-ONLY REFERENCE - NOT A HARDWARE COMMAND,"PRELIMINARY - SIMULATOR-ONLY KINEMATIC SEQUENCE - NOT APPROVED FOR CONNECTION, POWERED TESTING, MOTION, WALKING, OR ENERGIZATION"
WS-L01,346,6.920,2,P05_RIGHT_WEIGHT_TRANSFER,P06_LEFT_FOOT_LIFT,R SINGLE,-0.050000000,0.000000000,0.386100631,9.901056000,-38.628738,0.458554,347.357849,23.601079,6.669180,1.029029,SIMULATOR-ONLY REFERENCE - NOT A HARDWARE COMMAND,"PRELIMINARY - SIMULATOR-ONLY KINEMATIC SEQUENCE - NOT APPROVED FOR CONNECTION, POWERED TESTING, MOTION, WALKING, OR ENERGIZATION"
WS-L01,347,6.940,2,P05_RIGHT_WEIGHT_TRANSFER,P06_LEFT_FOOT_LIFT,R SINGLE,-0.050000000,0.000000000,0.386100631,9.901056000,-38.629462,0.451252,347.362693,23.601803,6.712796,1.032352,SIMULATOR-ONLY REFERENCE - NOT A HARDWARE COMMAND,"PRELIMINARY - SIMULATOR-ONLY KINEMATIC SEQUENCE - NOT APPROVED FOR CONNECTION, POWERED TESTING, MOTION, WALKING, OR ENERGIZATION"
WS-L01,348,6.960,2,P05_RIGHT_WEIGHT_TRANSFER,P06_LEFT_FOOT_LIFT,R SINGLE,-0.050000000,0.000000000,0.386100631,9.901056000,-38.630024,0.445602,347.366453,23.602365,6.746644,1.034923,SIMULATOR-ONLY REFERENCE - NOT A HARDWARE COMMAND,"PRELIMINARY - SIMULATOR-ONLY KINEMATIC SEQUENCE - NOT APPROVED FOR CONNECTION, POWERED TESTING, MOTION, WALKING, OR ENERGIZATION"
WS-L01,349,6.980,2,P05_RIGHT_WEIGHT_TRANSFER,P06_LEFT_FOOT_LIFT,R SINGLE,-0.050000000,0.000000000,0.386100631,9.901056000,-38.630439,0.441435,347.369232,23.602780,6.771661,1.036819,SIMULATOR-ONLY REFERENCE - NOT A HARDWARE COMMAND,"PRELIMINARY - SIMULATOR-ONLY KINEMATIC SEQUENCE - NOT APPROVED FOR CONNECTION, POWERED TESTING, MOTION, WALKING, OR ENERGIZATION"
WS-L01,350,7.000,2,P05_RIGHT_WEIGHT_TRANSFER,P06_LEFT_FOOT_LIFT,R SINGLE,-0.050000000,0.000000000,0.386100631,9.901056000,-38.630726,0.438562,347.371152,23.603067,6.788941,1.038126,SIMULATOR-ONLY REFERENCE - NOT A HARDWARE COMMAND,"PRELIMINARY - SIMULATOR-ONLY KINEMATIC SEQUENCE - NOT APPROVED FOR CONNECTION, POWERED TESTING, MOTION, WALKING, OR ENERGIZATION"
WS-L01,351,7.020,2,P05_RIGHT_WEIGHT_TRANSFER,P06_LEFT_FOOT_LIFT,R SINGLE,-0.050000000,0.000000000,0.386100631,9.901056000,-38.630905,0.436770,347.372350,23.603246,6.799729,1.038942,SIMULATOR-ONLY REFERENCE - NOT A HARDWARE COMMAND,"PRELIMINARY - SIMULATOR-ONLY KINEMATIC SEQUENCE - NOT APPROVED FOR CONNECTION, POWERED TESTING, MOTION, WALKING, OR ENERGIZATION"
WS-L01,352,7.040,2,P05_RIGHT_WEIGHT_TRANSFER,P06_LEFT_FOOT_LIFT,R SINGLE,-0.050000000,0.000000000,0.386100631,9.901056000,-38.631000,0.435824,347.372983,23.603341,6.805426,1.039372,SIMULATOR-ONLY REFERENCE - NOT A HARDWARE COMMAND,"PRELIMINARY - SIMULATOR-ONLY KINEMATIC SEQUENCE - NOT APPROVED FOR CONNECTION, POWERED TESTING, MOTION, WALKING, OR ENERGIZATION"
WS-L01,353,7.060,2,P05_RIGHT_WEIGHT_TRANSFER,P06_LEFT_FOOT_LIFT,R SINGLE,-0.050000000,0.000000000,0.386100631,9.901056000,-38.631036,0.435467,347.373222,23.603377,6.807581,1.039535,SIMULATOR-ONLY REFERENCE - NOT A HARDWARE COMMAND,"PRELIMINARY - SIMULATOR-ONLY KINEMATIC SEQUENCE - NOT APPROVED FOR CONNECTION, POWERED TESTING, MOTION, WALKING, OR ENERGIZATION"
WS-L01,354,7.080,2,P05_RIGHT_WEIGHT_TRANSFER,P06_LEFT_FOOT_LIFT,R SINGLE,-0.050000000,0.000000000,0.386100631,9.901056000,-38.631041,0.435414,347.373257,23.603382,6.807896,1.039558,SIMULATOR-ONLY REFERENCE - NOT A HARDWARE COMMAND,"PRELIMINARY - SIMULATOR-ONLY KINEMATIC SEQUENCE - NOT APPROVED FOR CONNECTION, POWERED TESTING, MOTION, WALKING, OR ENERGIZATION"
WS-L01,355,7.100,3,P06_LEFT_FOOT_LIFT,P07_LEFT_CAPTURE_STEP,R SINGLE,-0.050000000,0.000000000,0.386100631,9.901056000,-38.631044,0.435336,347.373240,23.603385,6.808044,1.040506,SIMULATOR-ONLY REFERENCE - NOT A HARDWARE COMMAND,"PRELIMINARY - SIMULATOR-ONLY KINEMATIC SEQUENCE - NOT APPROVED FOR CONNECTION, POWERED TESTING, MOTION, WALKING, OR ENERGIZATION"
WS-L01,356,7.120,3,P06_LEFT_FOOT_LIFT,P07_LEFT_CAPTURE_STEP,R SINGLE,-0.050000000,0.000000000,0.386100631,9.901056000,-38.631066,0.434803,347.373121,23.603407,6.809053,1.046989,SIMULATOR-ONLY REFERENCE - NOT A HARDWARE COMMAND,"PRELIMINARY - SIMULATOR-ONLY KINEMATIC SEQUENCE - NOT APPROVED FOR CONNECTION, POWERED TESTING, MOTION, WALKING, OR ENERGIZATION"
WS-L01,357,7.140,3,P06_LEFT_FOOT_LIFT,P07_LEFT_CAPTURE_STEP,R SINGLE,-0.050000000,0.000000000,0.386100631,9.901056000,-38.631125,0.433392,347.372806,23.603466,6.811723,1.064130,SIMULATOR-ONLY REFERENCE - NOT A HARDWARE COMMAND,"PRELIMINARY - SIMULATOR-ONLY KINEMATIC SEQUENCE - NOT APPROVED FOR CONNECTION, POWERED TESTING, MOTION, WALKING, OR ENERGIZATION"
WS-L01,358,7.160,3,P06_LEFT_FOOT_LIFT,P07_LEFT_CAPTURE_STEP,R SINGLE,-0.050000000,0.000000000,0.386100631,9.901056000,-38.631236,0.430720,347.372211,23.603577,6.816787,1.096609,SIMULATOR-ONLY REFERENCE - NOT A HARDWARE COMMAND,"PRELIMINARY - SIMULATOR-ONLY KINEMATIC SEQUENCE - NOT APPROVED FOR CONNECTION, POWERED TESTING, MOTION, WALKING, OR ENERGIZATION"
WS-L01,359,7.180,3,P06_LEFT_FOOT_LIFT,P07_LEFT_CAPTURE_STEP,R SINGLE,-0.050000000,0.000000000,0.386100631,9.901056000,-38.631414,0.426436,347.371263,23.603755,6.824915,1.148680,SIMULATOR-ONLY REFERENCE - NOT A HARDWARE COMMAND,"PRELIMINARY - SIMULATOR-ONLY KINEMATIC SEQUENCE - NOT APPROVED FOR CONNECTION, POWERED TESTING, MOTION, WALKING, OR ENERGIZATION"
WS-L01,360,7.200,3,P06_LEFT_FOOT_LIFT,P07_LEFT_CAPTURE_STEP,R SINGLE,-0.050000000,0.000000000,0.386100631,9.901056000,-38.631673,0.420224,347.369899,23.604014,6.836726,1.224180,SIMULATOR-ONLY REFERENCE - NOT A HARDWARE COMMAND,"PRELIMINARY - SIMULATOR-ONLY KINEMATIC SEQUENCE - NOT APPROVED FOR CONNECTION, POWERED TESTING, MOTION, WALKING, OR ENERGIZATION"
WS-L01,361,7.220,3,P06_LEFT_FOOT_LIFT,P07_LEFT_CAPTURE_STEP,R SINGLE,-0.050000000,0.000000000,0.386100631,9.901056000,-38.632026,0.411802,347.368070,23.604367,6.852784,1.326542,SIMULATOR-ONLY REFERENCE - NOT A HARDWARE COMMAND,"PRELIMINARY - SIMULATOR-ONLY KINEMATIC SEQUENCE - NOT APPROVED FOR CONNECTION, POWERED TESTING, MOTION, WALKING, OR ENERGIZATION"
WS-L01,362,7.240,3,P06_LEFT_FOOT_LIFT,P07_LEFT_CAPTURE_STEP,R SINGLE,-0.050000000,0.000000000,0.386100631,9.901056000,-38.632483,0.400921,347.365741,23.604823,6.873612,1.458804,SIMULATOR-ONLY REFERENCE - NOT A HARDWARE COMMAND,"PRELIMINARY - SIMULATOR-ONLY KINEMATIC SEQUENCE - NOT APPROVED FOR CONNECTION, POWERED TESTING, MOTION, WALKING, OR ENERGIZATION"
WS-L01,363,7.260,3,P06_LEFT_FOOT_LIFT,P07_LEFT_CAPTURE_STEP,R SINGLE,-0.050000000,0.000000000,0.386100631,9.901056000,-38.633055,0.387363,347.362894,23.605396,6.899690,1.623623,SIMULATOR-ONLY REFERENCE - NOT A HARDWARE COMMAND,"PRELIMINARY - SIMULATOR-ONLY KINEMATIC SEQUENCE - NOT APPROVED FOR CONNECTION, POWERED TESTING, MOTION, WALKING, OR ENERGIZATION"
WS-L01,364,7.280,3,P06_LEFT_FOOT_LIFT,P07_LEFT_CAPTURE_STEP,R SINGLE,-0.050000000,0.000000000,0.386100631,9.901056000,-38.633752,0.370941,347.359526,23.606093,6.931466,1.823287,SIMULATOR-ONLY REFERENCE - NOT A HARDWARE COMMAND,"PRELIMINARY - SIMULATOR-ONLY KINEMATIC SEQUENCE - NOT APPROVED FOR CONNECTION, POWERED TESTING, MOTION, WALKING, OR ENERGIZATION"
WS-L01,365,7.300,3,P06_LEFT_FOOT_LIFT,P07_LEFT_CAPTURE_STEP,R SINGLE,-0.050000000,0.000000000,0.386100631,9.901056000,-38.634583,0.351497,347.355654,23.606924,6.969355,2.059725,SIMULATOR-ONLY REFERENCE - NOT A HARDWARE COMMAND,"PRELIMINARY - SIMULATOR-ONLY KINEMATIC SEQUENCE - NOT APPROVED FOR CONNECTION, POWERED TESTING, MOTION, WALKING, OR ENERGIZATION"
WS-L01,366,7.320,3,P06_LEFT_FOOT_LIFT,P07_LEFT_CAPTURE_STEP,R SINGLE,-0.050000000,0.000000000,0.386100631,9.901056000,-38.635558,0.328901,347.351311,23.607899,7.013747,2.334520,SIMULATOR-ONLY REFERENCE - NOT A HARDWARE COMMAND,"PRELIMINARY - SIMULATOR-ONLY KINEMATIC SEQUENCE - NOT APPROVED FOR CONNECTION, POWERED TESTING, MOTION, WALKING, OR ENERGIZATION"
WS-L01,367,7.340,3,P06_LEFT_FOOT_LIFT,P07_LEFT_CAPTURE_STEP,R SINGLE,-0.050000000,0.000000000,0.386100631,9.901056000,-38.636683,0.303054,347.346551,23.609024,7.065007,2.648920,SIMULATOR-ONLY REFERENCE - NOT A HARDWARE COMMAND,"PRELIMINARY - SIMULATOR-ONLY KINEMATIC SEQUENCE - NOT APPROVED FOR CONNECTION, POWERED TESTING, MOTION, WALKING, OR ENERGIZATION"
WS-L01,368,7.360,3,P06_LEFT_FOOT_LIFT,P07_LEFT_CAPTURE_STEP,R SINGLE,-0.050000000,0.000000000,0.386100631,9.901056000,-38.637966,0.273880,347.341445,23.610307,7.123477,3.003853,SIMULATOR-ONLY REFERENCE - NOT A HARDWARE COMMAND,"PRELIMINARY - SIMULATOR-ONLY KINEMATIC SEQUENCE - NOT APPROVED FOR CONNECTION, POWERED TESTING, MOTION, WALKING, OR ENERGIZATION"
WS-L01,369,7.380,3,P06_LEFT_FOOT_LIFT,P07_LEFT_CAPTURE_STEP,R SINGLE,-0.050000000,0.000000000,0.386100631,9.901056000,-38.639416,0.241330,347.336082,23.611757,7.189483,3.399935,SIMULATOR-ONLY REFERENCE - NOT A HARDWARE COMMAND,"PRELIMINARY - SIMULATOR-ONLY KINEMATIC SEQUENCE - NOT APPROVED FOR CONNECTION, POWERED TESTING, MOTION, WALKING, OR ENERGIZATION"
WS-L01,370,7.400,3,P06_LEFT_FOOT_LIFT,P07_LEFT_CAPTURE_STEP,R SINGLE,-0.050000000,0.000000000,0.386100631,9.901056000,-38.641037,0.205380,347.330569,23.613378,7.263326,3.837485,SIMULATOR-ONLY REFERENCE - NOT A HARDWARE COMMAND,"PRELIMINARY - SIMULATOR-ONLY KINEMATIC SEQUENCE - NOT APPROVED FOR CONNECTION, POWERED TESTING, MOTION, WALKING, OR ENERGIZATION"
WS-L01,371,7.420,3,P06_LEFT_FOOT_LIFT,P07_LEFT_CAPTURE_STEP,R SINGLE,-0.050000000,0.000000000,0.386100631,9.901056000,-38.642837,0.166030,347.325031,23.615178,7.345293,4.316537,SIMULATOR-ONLY REFERENCE - NOT A HARDWARE COMMAND,"PRELIMINARY - SIMULATOR-ONLY KINEMATIC SEQUENCE - NOT APPROVED FOR CONNECTION, POWERED TESTING, MOTION, WALKING, OR ENERGIZATION"
WS-L01,372,7.440,3,P06_LEFT_FOOT_LIFT,P07_LEFT_CAPTURE_STEP,R SINGLE,-0.050000000,0.000000000,0.386100631,9.901056000,-38.644822,0.123299,347.319607,23.617163,7.435645,4.836854,SIMULATOR-ONLY REFERENCE - NOT A HARDWARE COMMAND,"PRELIMINARY - SIMULATOR-ONLY KINEMATIC SEQUENCE - NOT APPROVED FOR CONNECTION, POWERED TESTING, MOTION, WALKING, OR ENERGIZATION"
WS-L01,373,7.460,3,P06_LEFT_FOOT_LIFT,P07_LEFT_CAPTURE_STEP,R SINGLE,-0.050000000,0.000000000,0.386100631,9.901056000,-38.646997,0.077232,347.314448,23.619337,7.534627,5.397938,SIMULATOR-ONLY REFERENCE - NOT A HARDWARE COMMAND,"PRELIMINARY - SIMULATOR-ONLY KINEMATIC SEQUENCE - NOT APPROVED FOR CONNECTION, POWERED TESTING, MOTION, WALKING, OR ENERGIZATION"
WS-L01,374,7.480,3,P06_LEFT_FOOT_LIFT,P07_LEFT_CAPTURE_STEP,R SINGLE,-0.050000000,0.000000000,0.386100631,9.901056000,-38.649366,0.027890,347.309718,23.621707,7.642456,5.999044,SIMULATOR-ONLY REFERENCE - NOT A HARDWARE COMMAND,"PRELIMINARY - SIMULATOR-ONLY KINEMATIC SEQUENCE - NOT APPROVED FOR CONNECTION, POWERED TESTING, MOTION, WALKING, OR ENERGIZATION"
WS-L01,375,7.500,3,P06_LEFT_FOOT_LIFT,P07_LEFT_CAPTURE_STEP,R SINGLE,-0.050000000,0.000000000,0.386100631,9.901056000,-38.651935,-0.024644,347.305591,23.624276,7.759327,6.639194,SIMULATOR-ONLY REFERENCE - NOT A HARDWARE COMMAND,"PRELIMINARY - SIMULATOR-ONLY KINEMATIC SEQUENCE - NOT APPROVED FOR CONNECTION, POWERED TESTING, MOTION, WALKING, OR ENERGIZATION"
WS-L01,376,7.520,3,P06_LEFT_FOOT_LIFT,P07_LEFT_CAPTURE_STEP,R SINGLE,-0.050000000,0.000000000,0.386100631,9.901056000,-38.654706,-0.080272,347.302246,23.627047,7.885402,7.317189,SIMULATOR-ONLY REFERENCE - NOT A HARDWARE COMMAND,"PRELIMINARY - SIMULATOR-ONLY KINEMATIC SEQUENCE - NOT APPROVED FOR CONNECTION, POWERED TESTING, MOTION, WALKING, OR ENERGIZATION"
WS-L01,377,7.540,3,P06_LEFT_FOOT_LIFT,P07_LEFT_CAPTURE_STEP,R SINGLE,-0.050000000,0.000000000,0.386100631,9.901056000,-38.657683,-0.138877,347.299867,23.630024,8.020814,8.031624,SIMULATOR-ONLY REFERENCE - NOT A HARDWARE COMMAND,"PRELIMINARY - SIMULATOR-ONLY KINEMATIC SEQUENCE - NOT APPROVED FOR CONNECTION, POWERED TESTING, MOTION, WALKING, OR ENERGIZATION"
WS-L01,378,7.560,3,P06_LEFT_FOOT_LIFT,P07_LEFT_CAPTURE_STEP,R SINGLE,-0.050000000,0.000000000,0.386100631,9.901056000,-38.660869,-0.200329,347.298640,23.633210,8.165660,8.780899,SIMULATOR-ONLY REFERENCE - NOT A HARDWARE COMMAND,"PRELIMINARY - SIMULATOR-ONLY KINEMATIC SEQUENCE - NOT APPROVED FOR CONNECTION, POWERED TESTING, MOTION, WALKING, OR ENERGIZATION"
WS-L01,379,7.580,3,P06_LEFT_FOOT_LIFT,P07_LEFT_CAPTURE_STEP,R SINGLE,-0.050000000,0.000000000,0.386100631,9.901056000,-38.664264,-0.264482,347.298749,23.636605,8.319997,9.563235,SIMULATOR-ONLY REFERENCE - NOT A HARDWARE COMMAND,"PRELIMINARY - SIMULATOR-ONLY KINEMATIC SEQUENCE - NOT APPROVED FOR CONNECTION, POWERED TESTING, MOTION, WALKING, OR ENERGIZATION"
WS-L01,380,7.600,3,P06_LEFT_FOOT_LIFT,P07_LEFT_CAPTURE_STEP,R SINGLE,-0.050000000,0.000000000,0.386100631,9.901056000,-38.667868,-0.331179,347.300375,23.640209,8.483840,10.376684,SIMULATOR-ONLY REFERENCE - NOT A HARDWARE COMMAND,"PRELIMINARY - SIMULATOR-ONLY KINEMATIC SEQUENCE - NOT APPROVED FOR CONNECTION, POWERED TESTING, MOTION, WALKING, OR ENERGIZATION"
WS-L01,381,7.620,3,P06_LEFT_FOOT_LIFT,P07_LEFT_CAPTURE_STEP,R SINGLE,-0.050000000,0.000000000,0.386100631,9.901056000,-38.671682,-0.400247,347.303690,23.644023,8.657155,11.219149,SIMULATOR-ONLY REFERENCE - NOT A HARDWARE COMMAND,"PRELIMINARY - SIMULATOR-ONLY KINEMATIC SEQUENCE - NOT APPROVED FOR CONNECTION, POWERED TESTING, MOTION, WALKING, OR ENERGIZATION"
WS-L01,382,7.640,3,P06_LEFT_FOOT_LIFT,P07_LEFT_CAPTURE_STEP,R SINGLE,-0.050000000,0.000000000,0.386100631,9.901056000,-38.675704,-0.471507,347.308857,23.648045,8.839861,12.088391,SIMULATOR-ONLY REFERENCE - NOT A HARDWARE COMMAND,"PRELIMINARY - SIMULATOR-ONLY KINEMATIC SEQUENCE - NOT APPROVED FOR CONNECTION, POWERED TESTING, MOTION, WALKING, OR ENERGIZATION"
WS-L01,383,7.660,3,P06_LEFT_FOOT_LIFT,P07_LEFT_CAPTURE_STEP,R SINGLE,-0.050000000,0.000000000,0.386100631,9.901056000,-38.679930,-0.544768,347.316028,23.652271,9.031823,12.982048,SIMULATOR-ONLY REFERENCE - NOT A HARDWARE COMMAND,"PRELIMINARY - SIMULATOR-ONLY KINEMATIC SEQUENCE - NOT APPROVED FOR CONNECTION, POWERED TESTING, MOTION, WALKING, OR ENERGIZATION"
WS-L01,384,7.680,3,P06_LEFT_FOOT_LIFT,P07_LEFT_CAPTURE_STEP,R SINGLE,-0.050000000,0.000000000,0.386100631,9.901056000,-38.684356,-0.619830,347.325336,23.656697,9.232848,13.897645,SIMULATOR-ONLY REFERENCE - NOT A HARDWARE COMMAND,"PRELIMINARY - SIMULATOR-ONLY KINEMATIC SEQUENCE - NOT APPROVED FOR CONNECTION, POWERED TESTING, MOTION, WALKING, OR ENERGIZATION"
WS-L01,385,7.700,3,P06_LEFT_FOOT_LIFT,P07_LEFT_CAPTURE_STEP,R SINGLE,-0.050000000,0.000000000,0.386100631,9.901056000,-38.688978,-0.696488,347.336900,23.661319,9.442686,14.832613,SIMULATOR-ONLY REFERENCE - NOT A HARDWARE COMMAND,"PRELIMINARY - SIMULATOR-ONLY KINEMATIC SEQUENCE - NOT APPROVED FOR CONNECTION, POWERED TESTING, MOTION, WALKING, OR ENERGIZATION"
WS-L01,386,7.720,3,P06_LEFT_FOOT_LIFT,P07_LEFT_CAPTURE_STEP,R SINGLE,-0.050000000,0.000000000,0.386100631,9.901056000,-38.693788,-0.774528,347.350816,23.666129,9.661024,15.784296,SIMULATOR-ONLY REFERENCE - NOT A HARDWARE COMMAND,"PRELIMINARY - SIMULATOR-ONLY KINEMATIC SEQUENCE - NOT APPROVED FOR CONNECTION, POWERED TESTING, MOTION, WALKING, OR ENERGIZATION"
WS-L01,387,7.740,3,P06_LEFT_FOOT_LIFT,P07_LEFT_CAPTURE_STEP,R SINGLE,-0.050000000,0.000000000,0.386100631,9.901056000,-38.698778,-0.853731,347.367159,23.671119,9.887489,16.749972,SIMULATOR-ONLY REFERENCE - NOT A HARDWARE COMMAND,"PRELIMINARY - SIMULATOR-ONLY KINEMATIC SEQUENCE - NOT APPROVED FOR CONNECTION, POWERED TESTING, MOTION, WALKING, OR ENERGIZATION"
WS-L01,388,7.760,3,P06_LEFT_FOOT_LIFT,P07_LEFT_CAPTURE_STEP,R SINGLE,-0.050000000,0.000000000,0.386100631,9.901056000,-38.703938,-0.933876,347.385982,23.676279,10.121642,17.726861,SIMULATOR-ONLY REFERENCE - NOT A HARDWARE COMMAND,"PRELIMINARY - SIMULATOR-ONLY KINEMATIC SEQUENCE - NOT APPROVED FOR CONNECTION, POWERED TESTING, MOTION, WALKING, OR ENERGIZATION"
WS-L01,389,7.780,3,P06_LEFT_FOOT_LIFT,P07_LEFT_CAPTURE_STEP,R SINGLE,-0.050000000,0.000000000,0.386100631,9.901056000,-38.709257,-1.014737,347.407310,23.681598,10.362980,18.712144,SIMULATOR-ONLY REFERENCE - NOT A HARDWARE COMMAND,"PRELIMINARY - SIMULATOR-ONLY KINEMATIC SEQUENCE - NOT APPROVED FOR CONNECTION, POWERED TESTING, MOTION, WALKING, OR ENERGIZATION"
WS-L01,390,7.800,3,P06_LEFT_FOOT_LIFT,P07_LEFT_CAPTURE_STEP,R SINGLE,-0.050000000,0.000000000,0.386100631,9.901056000,-38.714724,-1.096084,347.431142,23.687065,10.610940,19.702973,SIMULATOR-ONLY REFERENCE - NOT A HARDWARE COMMAND,"PRELIMINARY - SIMULATOR-ONLY KINEMATIC SEQUENCE - NOT APPROVED FOR CONNECTION, POWERED TESTING, MOTION, WALKING, OR ENERGIZATION"
WS-L01,391,7.820,3,P06_LEFT_FOOT_LIFT,P07_LEFT_CAPTURE_STEP,R SINGLE,-0.050000000,0.000000000,0.386100631,9.901056000,-38.720324,-1.177690,347.457451,23.692665,10.864892,20.696484,SIMULATOR-ONLY REFERENCE - NOT A HARDWARE COMMAND,"PRELIMINARY - SIMULATOR-ONLY KINEMATIC SEQUENCE - NOT APPROVED FOR CONNECTION, POWERED TESTING, MOTION, WALKING, OR ENERGIZATION"
WS-L01,392,7.840,3,P06_LEFT_FOOT_LIFT,P07_LEFT_CAPTURE_STEP,R SINGLE,-0.050000000,0.000000000,0.386100631,9.901056000,-38.726042,-1.259323,347.486182,23.698382,11.124148,21.689815,SIMULATOR-ONLY REFERENCE - NOT A HARDWARE COMMAND,"PRELIMINARY - SIMULATOR-ONLY KINEMATIC SEQUENCE - NOT APPROVED FOR CONNECTION, POWERED TESTING, MOTION, WALKING, OR ENERGIZATION"
WS-L01,393,7.860,3,P06_LEFT_FOOT_LIFT,P07_LEFT_CAPTURE_STEP,R SINGLE,-0.050000000,0.000000000,0.386100631,9.901056000,-38.731861,-1.340755,347.517252,23.704202,11.387962,22.680112,SIMULATOR-ONLY REFERENCE - NOT A HARDWARE COMMAND,"PRELIMINARY - SIMULATOR-ONLY KINEMATIC SEQUENCE - NOT APPROVED FOR CONNECTION, POWERED TESTING, MOTION, WALKING, OR ENERGIZATION"
WS-L01,394,7.880,3,P06_LEFT_FOOT_LIFT,P07_LEFT_CAPTURE_STEP,R SINGLE,-0.050000000,0.000000000,0.386100631,9.901056000,-38.737764,-1.421757,347.550553,23.710105,11.655534,23.664548,SIMULATOR-ONLY REFERENCE - NOT A HARDWARE COMMAND,"PRELIMINARY - SIMULATOR-ONLY KINEMATIC SEQUENCE - NOT APPROVED FOR CONNECTION, POWERED TESTING, MOTION, WALKING, OR ENERGIZATION"
WS-L01,395,7.900,3,P06_LEFT_FOOT_LIFT,P07_LEFT_CAPTURE_STEP,R SINGLE,-0.050000000,0.000000000,0.386100631,9.901056000,-38.743732,-1.502105,347.585947,23.716073,11.926013,24.640335,SIMULATOR-ONLY REFERENCE - NOT A HARDWARE COMMAND,"PRELIMINARY - SIMULATOR-ONLY KINEMATIC SEQUENCE - NOT APPROVED FOR CONNECTION, POWERED TESTING, MOTION, WALKING, OR ENERGIZATION"
WS-L01,396,7.920,3,P06_LEFT_FOOT_LIFT,P07_LEFT_CAPTURE_STEP,R SINGLE,-0.050000000,0.000000000,0.386100631,9.901056000,-38.749746,-1.581574,347.623273,23.722087,12.198501,25.604730,SIMULATOR-ONLY REFERENCE - NOT A HARDWARE COMMAND,"PRELIMINARY - SIMULATOR-ONLY KINEMATIC SEQUENCE - NOT APPROVED FOR CONNECTION, POWERED TESTING, MOTION, WALKING, OR ENERGIZATION"
WS-L01,397,7.940,3,P06_LEFT_FOOT_LIFT,P07_LEFT_CAPTURE_STEP,R SINGLE,-0.050000000,0.000000000,0.386100631,9.901056000,-38.755784,-1.659948,347.662347,23.728125,12.472063,26.555056,SIMULATOR-ONLY REFERENCE - NOT A HARDWARE COMMAND,"PRELIMINARY - SIMULATOR-ONLY KINEMATIC SEQUENCE - NOT APPROVED FOR CONNECTION, POWERED TESTING, MOTION, WALKING, OR ENERGIZATION"
WS-L01,398,7.960,3,P06_LEFT_FOOT_LIFT,P07_LEFT_CAPTURE_STEP,R SINGLE,-0.050000000,0.000000000,0.386100631,9.901056000,-38.761825,-1.737013,347.702960,23.734166,12.745729,27.488708,SIMULATOR-ONLY REFERENCE - NOT A HARDWARE COMMAND,"PRELIMINARY - SIMULATOR-ONLY KINEMATIC SEQUENCE - NOT APPROVED FOR CONNECTION, POWERED TESTING, MOTION, WALKING, OR ENERGIZATION"
WS-L01,399,7.980,3,P06_LEFT_FOOT_LIFT,P07_LEFT_CAPTURE_STEP,R SINGLE,-0.050000000,0.000000000,0.386100631,9.901056000,-38.767848,-1.812561,347.744887,23.740189,13.018503,28.403163,SIMULATOR-ONLY REFERENCE - NOT A HARDWARE COMMAND,"PRELIMINARY - SIMULATOR-ONLY KINEMATIC SEQUENCE - NOT APPROVED FOR CONNECTION, POWERED TESTING, MOTION, WALKING, OR ENERGIZATION"
WS-L01,400,8.000,3,P06_LEFT_FOOT_LIFT,P07_LEFT_CAPTURE_STEP,R SINGLE,-0.050000000,0.000000000,0.386100631,9.901056000,-38.773829,-1.886392,347.787883,23.746170,13.289371,29.295999,SIMULATOR-ONLY REFERENCE - NOT A HARDWARE COMMAND,"PRELIMINARY - SIMULATOR-ONLY KINEMATIC SEQUENCE - NOT APPROVED FOR CONNECTION, POWERED TESTING, MOTION, WALKING, OR ENERGIZATION"
WS-L01,401,8.020,3,P06_LEFT_FOOT_LIFT,P07_LEFT_CAPTURE_STEP,R SINGLE,-0.050000000,0.000000000,0.386100631,9.901056000,-38.779746,-1.958313,347.831689,23.752087,13.557305,30.164896,SIMULATOR-ONLY REFERENCE - NOT A HARDWARE COMMAND,"PRELIMINARY - SIMULATOR-ONLY KINEMATIC SEQUENCE - NOT APPROVED FOR CONNECTION, POWERED TESTING, MOTION, WALKING, OR ENERGIZATION"
WS-L01,402,8.040,3,P06_LEFT_FOOT_LIFT,P07_LEFT_CAPTURE_STEP,R SINGLE,-0.050000000,0.000000000,0.386100631,9.901056000,-38.785577,-2.028139,347.876036,23.757918,13.821277,31.007653,SIMULATOR-ONLY REFERENCE - NOT A HARDWARE COMMAND,"PRELIMINARY - SIMULATOR-ONLY KINEMATIC SEQUENCE - NOT APPROVED FOR CONNECTION, POWERED TESTING, MOTION, WALKING, OR ENERGIZATION"
WS-L01,403,8.060,3,P06_LEFT_FOOT_LIFT,P07_LEFT_CAPTURE_STEP,R SINGLE,-0.050000000,0.000000000,0.386100631,9.901056000,-38.791298,-2.095695,347.920644,23.763639,14.080266,31.822196,SIMULATOR-ONLY REFERENCE - NOT A HARDWARE COMMAND,"PRELIMINARY - SIMULATOR-ONLY KINEMATIC SEQUENCE - NOT APPROVED FOR CONNECTION, POWERED TESTING, MOTION, WALKING, OR ENERGIZATION"
WS-L01,404,8.080,3,P06_LEFT_FOOT_LIFT,P07_LEFT_CAPTURE_STEP,R SINGLE,-0.050000000,0.000000000,0.386100631,9.901056000,-38.796887,-2.160817,347.965229,23.769228,14.333265,32.606589,SIMULATOR-ONLY REFERENCE - NOT A HARDWARE COMMAND,"PRELIMINARY - SIMULATOR-ONLY KINEMATIC SEQUENCE - NOT APPROVED FOR CONNECTION, POWERED TESTING, MOTION, WALKING, OR ENERGIZATION"
WS-L01,405,8.100,3,P06_LEFT_FOOT_LIFT,P07_LEFT_CAPTURE_STEP,R SINGLE,-0.050000000,0.000000000,0.386100631,9.901056000,-38.802323,-2.223350,348.009506,23.774664,14.579293,33.359042,SIMULATOR-ONLY REFERENCE - NOT A HARDWARE COMMAND,"PRELIMINARY - SIMULATOR-ONLY KINEMATIC SEQUENCE - NOT APPROVED FOR CONNECTION, POWERED TESTING, MOTION, WALKING, OR ENERGIZATION"
WS-L01,406,8.120,3,P06_LEFT_FOOT_LIFT,P07_LEFT_CAPTURE_STEP,R SINGLE,-0.050000000,0.000000000,0.386100631,9.901056000,-38.807584,-2.283153,348.053192,23.779925,14.817404,34.077922,SIMULATOR-ONLY REFERENCE - NOT A HARDWARE COMMAND,"PRELIMINARY - SIMULATOR-ONLY KINEMATIC SEQUENCE - NOT APPROVED FOR CONNECTION, POWERED TESTING, MOTION, WALKING, OR ENERGIZATION"
WS-L01,407,8.140,3,P06_LEFT_FOOT_LIFT,P07_LEFT_CAPTURE_STEP,R SINGLE,-0.050000000,0.000000000,0.386100631,9.901056000,-38.812651,-2.340098,348.096009,23.784992,15.046695,34.761762,SIMULATOR-ONLY REFERENCE - NOT A HARDWARE COMMAND,"PRELIMINARY - SIMULATOR-ONLY KINEMATIC SEQUENCE - NOT APPROVED FOR CONNECTION, POWERED TESTING, MOTION, WALKING, OR ENERGIZATION"
WS-L01,408,8.160,3,P06_LEFT_FOOT_LIFT,P07_LEFT_CAPTURE_STEP,R SINGLE,-0.050000000,0.000000000,0.386100631,9.901056000,-38.817505,-2.394071,348.137686,23.789846,15.266319,35.409270,SIMULATOR-ONLY REFERENCE - NOT A HARDWARE COMMAND,"PRELIMINARY - SIMULATOR-ONLY KINEMATIC SEQUENCE - NOT APPROVED FOR CONNECTION, POWERED TESTING, MOTION, WALKING, OR ENERGIZATION"
WS-L01,409,8.180,3,P06_LEFT_FOOT_LIFT,P07_LEFT_CAPTURE_STEP,R SINGLE,-0.050000000,0.000000000,0.386100631,9.901056000,-38.822128,-2.444971,348.177968,23.794469,15.475491,36.019339,SIMULATOR-ONLY REFERENCE - NOT A HARDWARE COMMAND,"PRELIMINARY - SIMULATOR-ONLY KINEMATIC SEQUENCE - NOT APPROVED FOR CONNECTION, POWERED TESTING, MOTION, WALKING, OR ENERGIZATION"
WS-L01,410,8.200,3,P06_LEFT_FOOT_LIFT,P07_LEFT_CAPTURE_STEP,R SINGLE,-0.050000000,0.000000000,0.386100631,9.901056000,-38.826505,-2.492716,348.216614,23.798846,15.673499,36.591056,SIMULATOR-ONLY REFERENCE - NOT A HARDWARE COMMAND,"PRELIMINARY - SIMULATOR-ONLY KINEMATIC SEQUENCE - NOT APPROVED FOR CONNECTION, POWERED TESTING, MOTION, WALKING, OR ENERGIZATION"
WS-L01,411,8.220,3,P06_LEFT_FOOT_LIFT,P07_LEFT_CAPTURE_STEP,R SINGLE,-0.050000000,0.000000000,0.386100631,9.901056000,-38.830621,-2.537237,348.253401,23.802962,15.859713,37.123711,SIMULATOR-ONLY REFERENCE - NOT A HARDWARE COMMAND,"PRELIMINARY - SIMULATOR-ONLY KINEMATIC SEQUENCE - NOT APPROVED FOR CONNECTION, POWERED TESTING, MOTION, WALKING, OR ENERGIZATION"
WS-L01,412,8.240,3,P06_LEFT_FOOT_LIFT,P07_LEFT_CAPTURE_STEP,R SINGLE,-0.050000000,0.000000000,0.386100631,9.901056000,-38.834465,-2.578487,348.288131,23.806806,16.033595,37.616807,SIMULATOR-ONLY REFERENCE - NOT A HARDWARE COMMAND,"PRELIMINARY - SIMULATOR-ONLY KINEMATIC SEQUENCE - NOT APPROVED FOR CONNECTION, POWERED TESTING, MOTION, WALKING, OR ENERGIZATION"
WS-L01,413,8.260,3,P06_LEFT_FOOT_LIFT,P07_LEFT_CAPTURE_STEP,R SINGLE,-0.050000000,0.000000000,0.386100631,9.901056000,-38.838027,-2.616434,348.320628,23.810368,16.194702,38.070068,SIMULATOR-ONLY REFERENCE - NOT A HARDWARE COMMAND,"PRELIMINARY - SIMULATOR-ONLY KINEMATIC SEQUENCE - NOT APPROVED FOR CONNECTION, POWERED TESTING, MOTION, WALKING, OR ENERGIZATION"
WS-L01,414,8.280,3,P06_LEFT_FOOT_LIFT,P07_LEFT_CAPTURE_STEP,R SINGLE,-0.050000000,0.000000000,0.386100631,9.901056000,-38.841299,-2.651068,348.350747,23.813640,16.342702,38.483451,SIMULATOR-ONLY REFERENCE - NOT A HARDWARE COMMAND,"PRELIMINARY - SIMULATOR-ONLY KINEMATIC SEQUENCE - NOT APPROVED FOR CONNECTION, POWERED TESTING, MOTION, WALKING, OR ENERGIZATION"
WS-L01,415,8.300,3,P06_LEFT_FOOT_LIFT,P07_LEFT_CAPTURE_STEP,R SINGLE,-0.050000000,0.000000000,0.386100631,9.901056000,-38.844277,-2.682399,348.378369,23.816618,16.477373,38.857155,SIMULATOR-ONLY REFERENCE - NOT A HARDWARE COMMAND,"PRELIMINARY - SIMULATOR-ONLY KINEMATIC SEQUENCE - NOT APPROVED FOR CONNECTION, POWERED TESTING, MOTION, WALKING, OR ENERGIZATION"
WS-L01,416,8.320,3,P06_LEFT_FOOT_LIFT,P07_LEFT_CAPTURE_STEP,R SINGLE,-0.050000000,0.000000000,0.386100631,9.901056000,-38.846957,-2.710459,348.403411,23.819298,16.598617,39.191631,SIMULATOR-ONLY REFERENCE - NOT A HARDWARE COMMAND,"PRELIMINARY - SIMULATOR-ONLY KINEMATIC SEQUENCE - NOT APPROVED FOR CONNECTION, POWERED TESTING, MOTION, WALKING, OR ENERGIZATION"
WS-L01,417,8.340,3,P06_LEFT_FOOT_LIFT,P07_LEFT_CAPTURE_STEP,R SINGLE,-0.050000000,0.000000000,0.386100631,9.901056000,-38.849342,-2.735302,348.425820,23.821683,16.706459,39.487592,SIMULATOR-ONLY REFERENCE - NOT A HARDWARE COMMAND,"PRELIMINARY - SIMULATOR-ONLY KINEMATIC SEQUENCE - NOT APPROVED FOR CONNECTION, POWERED TESTING, MOTION, WALKING, OR ENERGIZATION"
WS-L01,418,8.360,3,P06_LEFT_FOOT_LIFT,P07_LEFT_CAPTURE_STEP,R SINGLE,-0.050000000,0.000000000,0.386100631,9.901056000,-38.851434,-2.757005,348.445581,23.823775,16.801057,39.746025,SIMULATOR-ONLY REFERENCE - NOT A HARDWARE COMMAND,"PRELIMINARY - SIMULATOR-ONLY KINEMATIC SEQUENCE - NOT APPROVED FOR CONNECTION, POWERED TESTING, MOTION, WALKING, OR ENERGIZATION"
WS-L01,419,8.380,3,P06_LEFT_FOOT_LIFT,P07_LEFT_CAPTURE_STEP,R SINGLE,-0.050000000,0.000000000,0.386100631,9.901056000,-38.853239,-2.775672,348.462715,23.825580,16.882705,39.968202,SIMULATOR-ONLY REFERENCE - NOT A HARDWARE COMMAND,"PRELIMINARY - SIMULATOR-ONLY KINEMATIC SEQUENCE - NOT APPROVED FOR CONNECTION, POWERED TESTING, MOTION, WALKING, OR ENERGIZATION"
WS-L01,420,8.400,3,P06_LEFT_FOOT_LIFT,P07_LEFT_CAPTURE_STEP,R SINGLE,-0.050000000,0.000000000,0.386100631,9.901056000,-38.854768,-2.791430,348.477277,23.827109,16.951837,40.155692,SIMULATOR-ONLY REFERENCE - NOT A HARDWARE COMMAND,"PRELIMINARY - SIMULATOR-ONLY KINEMATIC SEQUENCE - NOT APPROVED FOR CONNECTION, POWERED TESTING, MOTION, WALKING, OR ENERGIZATION"
WS-L01,421,8.420,3,P06_LEFT_FOOT_LIFT,P07_LEFT_CAPTURE_STEP,R SINGLE,-0.050000000,0.000000000,0.386100631,9.901056000,-38.856033,-2.804435,348.489362,23.828374,17.009030,40.310371,SIMULATOR-ONLY REFERENCE - NOT A HARDWARE COMMAND,"PRELIMINARY - SIMULATOR-ONLY KINEMATIC SEQUENCE - NOT APPROVED FOR CONNECTION, POWERED TESTING, MOTION, WALKING, OR ENERGIZATION"
WS-L01,422,8.440,3,P06_LEFT_FOOT_LIFT,P07_LEFT_CAPTURE_STEP,R SINGLE,-0.050000000,0.000000000,0.386100631,9.901056000,-38.857050,-2.814869,348.499103,23.829391,17.055009,40.434437,SIMULATOR-ONLY REFERENCE - NOT A HARDWARE COMMAND,"PRELIMINARY - SIMULATOR-ONLY KINEMATIC SEQUENCE - NOT APPROVED FOR CONNECTION, POWERED TESTING, MOTION, WALKING, OR ENERGIZATION"
WS-L01,423,8.460,3,P06_LEFT_FOOT_LIFT,P07_LEFT_CAPTURE_STEP,R SINGLE,-0.050000000,0.000000000,0.386100631,9.901056000,-38.857838,-2.822942,348.506667,23.830179,17.090644,40.530419,SIMULATOR-ONLY REFERENCE - NOT A HARDWARE COMMAND,"PRELIMINARY - SIMULATOR-ONLY KINEMATIC SEQUENCE - NOT APPROVED FOR CONNECTION, POWERED TESTING, MOTION, WALKING, OR ENERGIZATION"
WS-L01,424,8.480,3,P06_LEFT_FOOT_LIFT,P07_LEFT_CAPTURE_STEP,R SINGLE,-0.050000000,0.000000000,0.386100631,9.901056000,-38.858420,-2.828897,348.512261,23.830761,17.116956,40.601194,SIMULATOR-ONLY REFERENCE - NOT A HARDWARE COMMAND,"PRELIMINARY - SIMULATOR-ONLY KINEMATIC SEQUENCE - NOT APPROVED FOR CONNECTION, POWERED TESTING, MOTION, WALKING, OR ENERGIZATION"
WS-L01,425,8.500,3,P06_LEFT_FOOT_LIFT,P07_LEFT_CAPTURE_STEP,R SINGLE,-0.050000000,0.000000000,0.386100631,9.901056000,-38.858821,-2.833003,348.516126,23.831162,17.135116,40.649996,SIMULATOR-ONLY REFERENCE - NOT A HARDWARE COMMAND,"PRELIMINARY - SIMULATOR-ONLY KINEMATIC SEQUENCE - NOT APPROVED FOR CONNECTION, POWERED TESTING, MOTION, WALKING, OR ENERGIZATION"
WS-L01,426,8.520,3,P06_LEFT_FOOT_LIFT,P07_LEFT_CAPTURE_STEP,R SINGLE,-0.050000000,0.000000000,0.386100631,9.901056000,-38.859072,-2.835564,348.518539,23.831413,17.146450,40.680431,SIMULATOR-ONLY REFERENCE - NOT A HARDWARE COMMAND,"PRELIMINARY - SIMULATOR-ONLY KINEMATIC SEQUENCE - NOT APPROVED FOR CONNECTION, POWERED TESTING, MOTION, WALKING, OR ENERGIZATION"
WS-L01,427,8.540,3,P06_LEFT_FOOT_LIFT,P07_LEFT_CAPTURE_STEP,R SINGLE,-0.050000000,0.000000000,0.386100631,9.901056000,-38.859204,-2.836915,348.519814,23.831545,17.152432,40.696492,SIMULATOR-ONLY REFERENCE - NOT A HARDWARE COMMAND,"PRELIMINARY - SIMULATOR-ONLY KINEMATIC SEQUENCE - NOT APPROVED FOR CONNECTION, POWERED TESTING, MOTION, WALKING, OR ENERGIZATION"
WS-L01,428,8.560,3,P06_LEFT_FOOT_LIFT,P07_LEFT_CAPTURE_STEP,R SINGLE,-0.050000000,0.000000000,0.386100631,9.901056000,-38.859254,-2.837426,348.520296,23.831595,17.154696,40.702566,SIMULATOR-ONLY REFERENCE - NOT A HARDWARE COMMAND,"PRELIMINARY - SIMULATOR-ONLY KINEMATIC SEQUENCE - NOT APPROVED FOR CONNECTION, POWERED TESTING, MOTION, WALKING, OR ENERGIZATION"
WS-L01,429,8.580,3,P06_LEFT_FOOT_LIFT,P07_LEFT_CAPTURE_STEP,R SINGLE,-0.050000000,0.000000000,0.386100631,9.901056000,-38.859262,-2.837501,348.520367,23.831603,17.155026,40.703454,SIMULATOR-ONLY REFERENCE - NOT A HARDWARE COMMAND,"PRELIMINARY - SIMULATOR-ONLY KINEMATIC SEQUENCE - NOT APPROVED FOR CONNECTION, POWERED TESTING, MOTION, WALKING, OR ENERGIZATION"
WS-L01,430,8.600,4,P07_LEFT_CAPTURE_STEP,P09_LEFT_TOUCHDOWN,R SINGLE,-0.050000000,-0.000000161,0.386100631,9.901056000,-38.859257,-2.837620,348.520332,23.831598,17.154775,40.703473,SIMULATOR-ONLY REFERENCE - NOT A HARDWARE COMMAND,"PRELIMINARY - SIMULATOR-ONLY KINEMATIC SEQUENCE - NOT APPROVED FOR CONNECTION, POWERED TESTING, MOTION, WALKING, OR ENERGIZATION"
WS-L01,431,8.620,4,P07_LEFT_CAPTURE_STEP,P09_LEFT_TOUCHDOWN,R SINGLE,-0.050000000,-0.000001270,0.386100631,9.901056000,-38.859223,-2.838443,348.520093,23.831564,17.153041,40.703599,SIMULATOR-ONLY REFERENCE - NOT A HARDWARE COMMAND,"PRELIMINARY - SIMULATOR-ONLY KINEMATIC SEQUENCE - NOT APPROVED FOR CONNECTION, POWERED TESTING, MOTION, WALKING, OR ENERGIZATION"
WS-L01,432,8.640,4,P07_LEFT_CAPTURE_STEP,P09_LEFT_TOUCHDOWN,R SINGLE,-0.050000000,-0.000004225,0.386100631,9.901056000,-38.859133,-2.840634,348.519457,23.831474,17.148422,40.703936,SIMULATOR-ONLY REFERENCE - NOT A HARDWARE COMMAND,"PRELIMINARY - SIMULATOR-ONLY KINEMATIC SEQUENCE - NOT APPROVED FOR CONNECTION, POWERED TESTING, MOTION, WALKING, OR ENERGIZATION"
WS-L01,433,8.660,4,P07_LEFT_CAPTURE_STEP,P09_LEFT_TOUCHDOWN,R SINGLE,-0.050000000,-0.000009871,0.386100631,9.901056000,-38.858961,-2.844821,348.518240,23.831302,17.139597,40.704579,SIMULATOR-ONLY REFERENCE - NOT A HARDWARE COMMAND,"PRELIMINARY - SIMULATOR-ONLY KINEMATIC SEQUENCE - NOT APPROVED FOR CONNECTION, POWERED TESTING, MOTION, WALKING, OR ENERGIZATION"
WS-L01,434,8.680,4,P07_LEFT_CAPTURE_STEP,P09_LEFT_TOUCHDOWN,R SINGLE,-0.050000000,-0.000019004,0.386100631,9.901056000,-38.858683,-2.851593,348.516274,23.831024,17.125328,40.705618,SIMULATOR-ONLY REFERENCE - NOT A HARDWARE COMMAND,"PRELIMINARY - SIMULATOR-ONLY KINEMATIC SEQUENCE - NOT APPROVED FOR CONNECTION, POWERED TESTING, MOTION, WALKING, OR ENERGIZATION"
WS-L01,435,8.700,4,P07_LEFT_CAPTURE_STEP,P09_LEFT_TOUCHDOWN,R SINGLE,-0.050000000,-0.000032364,0.386100630,9.901056000,-38.858276,-2.861499,348.513399,23.830617,17.104463,40.707135,SIMULATOR-ONLY REFERENCE - NOT A HARDWARE COMMAND,"PRELIMINARY - SIMULATOR-ONLY KINEMATIC SEQUENCE - NOT APPROVED FOR CONNECTION, POWERED TESTING, MOTION, WALKING, OR ENERGIZATION"
WS-L01,436,8.720,4,P07_LEFT_CAPTURE_STEP,P09_LEFT_TOUCHDOWN,R SINGLE,-0.050000000,-0.000050647,0.386100627,9.901056000,-38.857720,-2.875055,348.509468,23.830061,17.075932,40.709205,SIMULATOR-ONLY REFERENCE - NOT A HARDWARE COMMAND,"PRELIMINARY - SIMULATOR-ONLY KINEMATIC SEQUENCE - NOT APPROVED FOR CONNECTION, POWERED TESTING, MOTION, WALKING, OR ENERGIZATION"
WS-L01,437,8.740,4,P07_LEFT_CAPTURE_STEP,P09_LEFT_TOUCHDOWN,R SINGLE,-0.050000000,-0.000074495,0.386100623,9.901056000,-38.856996,-2.892735,348.504345,23.829335,17.038749,40.711895,SIMULATOR-ONLY REFERENCE - NOT A HARDWARE COMMAND,"PRELIMINARY - SIMULATOR-ONLY KINEMATIC SEQUENCE - NOT APPROVED FOR CONNECTION, POWERED TESTING, MOTION, WALKING, OR ENERGIZATION"
WS-L01,438,8.760,4,P07_LEFT_CAPTURE_STEP,P09_LEFT_TOUCHDOWN,R SINGLE,-0.050000000,-0.000104505,0.386100614,9.901056000,-38.856085,-2.914983,348.497906,23.828423,16.992013,40.715264,SIMULATOR-ONLY REFERENCE - NOT A HARDWARE COMMAND,"PRELIMINARY - SIMULATOR-ONLY KINEMATIC SEQUENCE - NOT APPROVED FOR CONNECTION, POWERED TESTING, MOTION, WALKING, OR ENERGIZATION"
WS-L01,439,8.780,4,P07_LEFT_CAPTURE_STEP,P09_LEFT_TOUCHDOWN,R SINGLE,-0.050000000,-0.000141228,0.386100600,9.901056000,-38.854972,-2.942203,348.490041,23.827309,16.934907,40.719364,SIMULATOR-ONLY REFERENCE - NOT A HARDWARE COMMAND,"PRELIMINARY - SIMULATOR-ONLY KINEMATIC SEQUENCE - NOT APPROVED FOR CONNECTION, POWERED TESTING, MOTION, WALKING, OR ENERGIZATION"
WS-L01,440,8.800,4,P07_LEFT_CAPTURE_STEP,P09_LEFT_TOUCHDOWN,R SINGLE,-0.050000000,-0.000185168,0.386100578,9.901056000,-38.853644,-2.974768,348.480648,23.825977,16.866700,40.724234,SIMULATOR-ONLY REFERENCE - NOT A HARDWARE COMMAND,"PRELIMINARY - SIMULATOR-ONLY KINEMATIC SEQUENCE - NOT APPROVED FOR CONNECTION, POWERED TESTING, MOTION, WALKING, OR ENERGIZATION"
WS-L01,441,8.820,4,P07_LEFT_CAPTURE_STEP,P09_LEFT_TOUCHDOWN,R SINGLE,-0.050000000,-0.000236783,0.386100543,9.901056000,-38.852086,-3.013015,348.469639,23.824414,16.786745,40.729906,SIMULATOR-ONLY REFERENCE - NOT A HARDWARE COMMAND,"PRELIMINARY - SIMULATOR-ONLY KINEMATIC SEQUENCE - NOT APPROVED FOR CONNECTION, POWERED TESTING, MOTION, WALKING, OR ENERGIZATION"
WS-L01,442,8.840,4,P07_LEFT_CAPTURE_STEP,P09_LEFT_TOUCHDOWN,R SINGLE,-0.050000000,-0.000296491,0.386100493,9.901056000,-38.850289,-3.057251,348.456939,23.822610,16.694483,40.736403,SIMULATOR-ONLY REFERENCE - NOT A HARDWARE COMMAND,"PRELIMINARY - SIMULATOR-ONLY KINEMATIC SEQUENCE - NOT APPROVED FOR CONNECTION, POWERED TESTING, MOTION, WALKING, OR ENERGIZATION"
WS-L01,443,8.860,4,P07_LEFT_CAPTURE_STEP,P09_LEFT_TOUCHDOWN,R SINGLE,-0.050000000,-0.000364664,0.386100422,9.901056000,-38.848244,-3.107747,348.442484,23.820553,16.589436,40.743736,SIMULATOR-ONLY REFERENCE - NOT A HARDWARE COMMAND,"PRELIMINARY - SIMULATOR-ONLY KINEMATIC SEQUENCE - NOT APPROVED FOR CONNECTION, POWERED TESTING, MOTION, WALKING, OR ENERGIZATION"
WS-L01,444,8.880,4,P07_LEFT_CAPTURE_STEP,P09_LEFT_TOUCHDOWN,R SINGLE,-0.050000000,-0.000441633,0.386100325,9.901056000,-38.845942,-3.164746,348.426221,23.818237,16.471216,40.751908,SIMULATOR-ONLY REFERENCE - NOT A HARDWARE COMMAND,"PRELIMINARY - SIMULATOR-ONLY KINEMATIC SEQUENCE - NOT APPROVED FOR CONNECTION, POWERED TESTING, MOTION, WALKING, OR ENERGIZATION"
WS-L01,445,8.900,4,P07_LEFT_CAPTURE_STEP,P09_LEFT_TOUCHDOWN,R SINGLE,-0.050000000,-0.000527691,0.386100194,9.901056000,-38.843378,-3.228456,348.408112,23.815654,16.339516,40.760907,SIMULATOR-ONLY REFERENCE - NOT A HARDWARE COMMAND,"PRELIMINARY - SIMULATOR-ONLY KINEMATIC SEQUENCE - NOT APPROVED FOR CONNECTION, POWERED TESTING, MOTION, WALKING, OR ENERGIZATION"
WS-L01,446,8.920,4,P07_LEFT_CAPTURE_STEP,P09_LEFT_TOUCHDOWN,R SINGLE,-0.050000000,-0.000623089,0.386100021,9.901056000,-38.840549,-3.299060,348.388126,23.812798,16.194114,40.770717,SIMULATOR-ONLY REFERENCE - NOT A HARDWARE COMMAND,"PRELIMINARY - SIMULATOR-ONLY KINEMATIC SEQUENCE - NOT APPROVED FOR CONNECTION, POWERED TESTING, MOTION, WALKING, OR ENERGIZATION"
WS-L01,447,8.940,4,P07_LEFT_CAPTURE_STEP,P09_LEFT_TOUCHDOWN,R SINGLE,-0.050000000,-0.000728040,0.386099798,9.901056000,-38.837450,-3.376708,348.366249,23.809667,16.034871,40.781306,SIMULATOR-ONLY REFERENCE - NOT A HARDWARE COMMAND,"PRELIMINARY - SIMULATOR-ONLY KINEMATIC SEQUENCE - NOT APPROVED FOR CONNECTION, POWERED TESTING, MOTION, WALKING, OR ENERGIZATION"
WS-L01,448,8.960,4,P07_LEFT_CAPTURE_STEP,P09_LEFT_TOUCHDOWN,R SINGLE,-0.050000000,-0.000842719,0.386099515,9.901056000,-38.834083,-3.461522,348.342475,23.806257,15.861728,40.792636,SIMULATOR-ONLY REFERENCE - NOT A HARDWARE COMMAND,"PRELIMINARY - SIMULATOR-ONLY KINEMATIC SEQUENCE - NOT APPROVED FOR CONNECTION, POWERED TESTING, MOTION, WALKING, OR ENERGIZATION"
WS-L01,449,8.980,4,P07_LEFT_CAPTURE_STEP,P09_LEFT_TOUCHDOWN,R SINGLE,-0.050000000,-0.000967266,0.386099161,9.901056000,-38.830446,-3.553597,348.316810,23.802567,15.674706,40.804655,SIMULATOR-ONLY REFERENCE - NOT A HARDWARE COMMAND,"PRELIMINARY - SIMULATOR-ONLY KINEMATIC SEQUENCE - NOT APPROVED FOR CONNECTION, POWERED TESTING, MOTION, WALKING, OR ENERGIZATION"
WS-L01,450,9.000,4,P07_LEFT_CAPTURE_STEP,P09_LEFT_TOUCHDOWN,R SINGLE,-0.050000000,-0.001101784,0.386098723,9.901056000,-38.826543,-3.653002,348.289272,23.798599,15.473906,40.817306,SIMULATOR-ONLY REFERENCE - NOT A HARDWARE COMMAND,"PRELIMINARY - SIMULATOR-ONLY KINEMATIC SEQUENCE - NOT APPROVED FOR CONNECTION, POWERED TESTING, MOTION, WALKING, OR ENERGIZATION"
WS-L01,451,9.020,4,P07_LEFT_CAPTURE_STEP,P09_LEFT_TOUCHDOWN,R SINGLE,-0.050000000,-0.001246343,0.386098190,9.901056000,-38.822377,-3.759777,348.259889,23.794353,15.259500,40.830519,SIMULATOR-ONLY REFERENCE - NOT A HARDWARE COMMAND,"PRELIMINARY - SIMULATOR-ONLY KINEMATIC SEQUENCE - NOT APPROVED FOR CONNECTION, POWERED TESTING, MOTION, WALKING, OR ENERGIZATION"
WS-L01,452,9.040,4,P07_LEFT_CAPTURE_STEP,P09_LEFT_TOUCHDOWN,R SINGLE,-0.050000000,-0.001400979,0.386097546,9.901056000,-38.817954,-3.873940,348.228700,23.789834,15.031738,40.844218,SIMULATOR-ONLY REFERENCE - NOT A HARDWARE COMMAND,"PRELIMINARY - SIMULATOR-ONLY KINEMATIC SEQUENCE - NOT APPROVED FOR CONNECTION, POWERED TESTING, MOTION, WALKING, OR ENERGIZATION"
WS-L01,453,9.060,4,P07_LEFT_CAPTURE_STEP,P09_LEFT_TOUCHDOWN,R SINGLE,-0.050000000,-0.001565696,0.386096778,9.901056000,-38.813279,-3.995481,348.195753,23.785044,14.790934,40.858318,SIMULATOR-ONLY REFERENCE - NOT A HARDWARE COMMAND,"PRELIMINARY - SIMULATOR-ONLY KINEMATIC SEQUENCE - NOT APPROVED FOR CONNECTION, POWERED TESTING, MOTION, WALKING, OR ENERGIZATION"
WS-L01,454,9.080,4,P07_LEFT_CAPTURE_STEP,P09_LEFT_TOUCHDOWN,R SINGLE,-0.050000000,-0.001740466,0.386095870,9.901056000,-38.808361,-4.124370,348.161105,23.779990,14.537476,40.872726,SIMULATOR-ONLY REFERENCE - NOT A HARDWARE COMMAND,"PRELIMINARY - SIMULATOR-ONLY KINEMATIC SEQUENCE - NOT APPROVED FOR CONNECTION, POWERED TESTING, MOTION, WALKING, OR ENERGIZATION"
WS-L01,455,9.100,4,P07_LEFT_CAPTURE_STEP,P09_LEFT_TOUCHDOWN,R SINGLE,-0.050000000,-0.001925231,0.386094805,9.901056000,-38.803209,-4.260550,348.124825,23.774679,14.271810,40.887345,SIMULATOR-ONLY REFERENCE - NOT A HARDWARE COMMAND,"PRELIMINARY - SIMULATOR-ONLY KINEMATIC SEQUENCE - NOT APPROVED FOR CONNECTION, POWERED TESTING, MOTION, WALKING, OR ENERGIZATION"
WS-L01,456,9.120,4,P07_LEFT_CAPTURE_STEP,P09_LEFT_TOUCHDOWN,R SINGLE,-0.050000000,-0.002119904,0.386093567,9.901056000,-38.797833,-4.403946,348.086987,23.769118,13.994444,40.902070,SIMULATOR-ONLY REFERENCE - NOT A HARDWARE COMMAND,"PRELIMINARY - SIMULATOR-ONLY KINEMATIC SEQUENCE - NOT APPROVED FOR CONNECTION, POWERED TESTING, MOTION, WALKING, OR ENERGIZATION"
WS-L01,457,9.140,4,P07_LEFT_CAPTURE_STEP,P09_LEFT_TOUCHDOWN,R SINGLE,-0.050000000,-0.002324369,0.386092139,9.901056000,-38.792244,-4.554460,348.047675,23.763316,13.705944,40.916792,SIMULATOR-ONLY REFERENCE - NOT A HARDWARE COMMAND,"PRELIMINARY - SIMULATOR-ONLY KINEMATIC SEQUENCE - NOT APPROVED FOR CONNECTION, POWERED TESTING, MOTION, WALKING, OR ENERGIZATION"
WS-L01,458,9.160,4,P07_LEFT_CAPTURE_STEP,P09_LEFT_TOUCHDOWN,R SINGLE,-0.050000000,-0.002538484,0.386090502,9.901056000,-38.786456,-4.711974,348.006979,23.757283,13.406926,40.931399,SIMULATOR-ONLY REFERENCE - NOT A HARDWARE COMMAND,"PRELIMINARY - SIMULATOR-ONLY KINEMATIC SEQUENCE - NOT APPROVED FOR CONNECTION, POWERED TESTING, MOTION, WALKING, OR ENERGIZATION"
WS-L01,459,9.180,4,P07_LEFT_CAPTURE_STEP,P09_LEFT_TOUCHDOWN,R SINGLE,-0.050000000,-0.002762080,0.386088639,9.901056000,-38.780481,-4.876350,347.964997,23.751030,13.098054,40.945776,SIMULATOR-ONLY REFERENCE - NOT A HARDWARE COMMAND,"PRELIMINARY - SIMULATOR-ONLY KINEMATIC SEQUENCE - NOT APPROVED FOR CONNECTION, POWERED TESTING, MOTION, WALKING, OR ENERGIZATION"
WS-L01,460,9.200,4,P07_LEFT_CAPTURE_STEP,P09_LEFT_TOUCHDOWN,R SINGLE,-0.050000000,-0.002994963,0.386086531,9.901056000,-38.774334,-5.047433,347.921834,23.744567,12.780038,40.959806,SIMULATOR-ONLY REFERENCE - NOT A HARDWARE COMMAND,"PRELIMINARY - SIMULATOR-ONLY KINEMATIC SEQUENCE - NOT APPROVED FOR CONNECTION, POWERED TESTING, MOTION, WALKING, OR ENERGIZATION"
WS-L01,461,9.220,4,P07_LEFT_CAPTURE_STEP,P09_LEFT_TOUCHDOWN,R SINGLE,-0.050000000,-0.003236915,0.386084161,9.901056000,-38.768029,-5.225049,347.877597,23.737909,12.453626,40.973370,SIMULATOR-ONLY REFERENCE - NOT A HARDWARE COMMAND,"PRELIMINARY - SIMULATOR-ONLY KINEMATIC SEQUENCE - NOT APPROVED FOR CONNECTION, POWERED TESTING, MOTION, WALKING, OR ENERGIZATION"
WS-L01,462,9.240,4,P07_LEFT_CAPTURE_STEP,P09_LEFT_TOUCHDOWN,R SINGLE,-0.050000000,-0.003487695,0.386081510,9.901056000,-38.761583,-5.409008,347.832401,23.731066,12.119599,40.986353,SIMULATOR-ONLY REFERENCE - NOT A HARDWARE COMMAND,"PRELIMINARY - SIMULATOR-ONLY KINEMATIC SEQUENCE - NOT APPROVED FOR CONNECTION, POWERED TESTING, MOTION, WALKING, OR ENERGIZATION"
WS-L01,463,9.260,4,P07_LEFT_CAPTURE_STEP,P09_LEFT_TOUCHDOWN,R SINGLE,-0.050000000,-0.003747039,0.386078561,9.901056000,-38.755012,-5.599103,347.786364,23.724054,11.778770,40.998638,SIMULATOR-ONLY REFERENCE - NOT A HARDWARE COMMAND,"PRELIMINARY - SIMULATOR-ONLY KINEMATIC SEQUENCE - NOT APPROVED FOR CONNECTION, POWERED TESTING, MOTION, WALKING, OR ENERGIZATION"
WS-L01,464,9.280,4,P07_LEFT_CAPTURE_STEP,P09_LEFT_TOUCHDOWN,R SINGLE,-0.050000000,-0.004014664,0.386075296,9.901056000,-38.748332,-5.795115,347.739606,23.716886,11.431975,41.010110,SIMULATOR-ONLY REFERENCE - NOT A HARDWARE COMMAND,"PRELIMINARY - SIMULATOR-ONLY KINEMATIC SEQUENCE - NOT APPROVED FOR CONNECTION, POWERED TESTING, MOTION, WALKING, OR ENERGIZATION"
WS-L01,465,9.300,4,P07_LEFT_CAPTURE_STEP,P09_LEFT_TOUCHDOWN,R SINGLE,-0.050000000,-0.004290264,0.386071698,9.901056000,-38.741560,-5.996807,347.692253,23.709577,11.080072,41.020661,SIMULATOR-ONLY REFERENCE - NOT A HARDWARE COMMAND,"PRELIMINARY - SIMULATOR-ONLY KINEMATIC SEQUENCE - NOT APPROVED FOR CONNECTION, POWERED TESTING, MOTION, WALKING, OR ENERGIZATION"
WS-L01,466,9.320,4,P07_LEFT_CAPTURE_STEP,P09_LEFT_TOUCHDOWN,R SINGLE,-0.050000000,-0.004573517,0.386067751,9.901056000,-38.734715,-6.203932,347.644429,23.702142,10.723934,41.030184,SIMULATOR-ONLY REFERENCE - NOT A HARDWARE COMMAND,"PRELIMINARY - SIMULATOR-ONLY KINEMATIC SEQUENCE - NOT APPROVED FOR CONNECTION, POWERED TESTING, MOTION, WALKING, OR ENERGIZATION"
WS-L01,467,9.340,4,P07_LEFT_CAPTURE_STEP,P09_LEFT_TOUCHDOWN,R SINGLE,-0.050000000,-0.004864082,0.386063441,9.901056000,-38.727813,-6.416228,347.596261,23.694595,10.364442,41.038579,SIMULATOR-ONLY REFERENCE - NOT A HARDWARE COMMAND,"PRELIMINARY - SIMULATOR-ONLY KINEMATIC SEQUENCE - NOT APPROVED FOR CONNECTION, POWERED TESTING, MOTION, WALKING, OR ENERGIZATION"
WS-L01,468,9.360,4,P07_LEFT_CAPTURE_STEP,P09_LEFT_TOUCHDOWN,R SINGLE,-0.050000000,-0.005161599,0.386058752,9.901056000,-38.720872,-6.633424,347.547878,23.686954,10.002485,41.045751,SIMULATOR-ONLY REFERENCE - NOT A HARDWARE COMMAND,"PRELIMINARY - SIMULATOR-ONLY KINEMATIC SEQUENCE - NOT APPROVED FOR CONNECTION, POWERED TESTING, MOTION, WALKING, OR ENERGIZATION"
WS-L01,469,9.380,4,P07_LEFT_CAPTURE_STEP,P09_LEFT_TOUCHDOWN,R SINGLE,-0.050000000,-0.005465695,0.386053672,9.901056000,-38.713910,-6.855237,347.499405,23.679233,9.638953,41.051611,SIMULATOR-ONLY REFERENCE - NOT A HARDWARE COMMAND,"PRELIMINARY - SIMULATOR-ONLY KINEMATIC SEQUENCE - NOT APPROVED FOR CONNECTION, POWERED TESTING, MOTION, WALKING, OR ENERGIZATION"
WS-L01,470,9.400,4,P07_LEFT_CAPTURE_STEP,P09_LEFT_TOUCHDOWN,R SINGLE,-0.050000000,-0.005775981,0.386048189,9.901056000,-38.706945,-7.081374,347.450970,23.671448,9.274729,41.056081,SIMULATOR-ONLY REFERENCE - NOT A HARDWARE COMMAND,"PRELIMINARY - SIMULATOR-ONLY KINEMATIC SEQUENCE - NOT APPROVED FOR CONNECTION, POWERED TESTING, MOTION, WALKING, OR ENERGIZATION"
WS-L01,471,9.420,4,P07_LEFT_CAPTURE_STEP,P09_LEFT_TOUCHDOWN,R SINGLE,-0.050000000,-0.006092054,0.386042293,9.901056000,-38.699993,-7.311533,347.402697,23.663615,8.910690,41.059087,SIMULATOR-ONLY REFERENCE - NOT A HARDWARE COMMAND,"PRELIMINARY - SIMULATOR-ONLY KINEMATIC SEQUENCE - NOT APPROVED FOR CONNECTION, POWERED TESTING, MOTION, WALKING, OR ENERGIZATION"
WS-L01,472,9.440,4,P07_LEFT_CAPTURE_STEP,P09_LEFT_TOUCHDOWN,R SINGLE,-0.050000000,-0.006413498,0.386035974,9.901056000,-38.693072,-7.545405,347.354708,23.655750,8.547699,41.060567,SIMULATOR-ONLY REFERENCE - NOT A HARDWARE COMMAND,"PRELIMINARY - SIMULATOR-ONLY KINEMATIC SEQUENCE - NOT APPROVED FOR CONNECTION, POWERED TESTING, MOTION, WALKING, OR ENERGIZATION"
WS-L01,473,9.460,4,P07_LEFT_CAPTURE_STEP,P09_LEFT_TOUCHDOWN,R SINGLE,-0.050000000,-0.006739886,0.386029226,9.901056000,-38.686199,-7.782672,347.307122,23.647868,8.186602,41.060466,SIMULATOR-ONLY REFERENCE - NOT A HARDWARE COMMAND,"PRELIMINARY - SIMULATOR-ONLY KINEMATIC SEQUENCE - NOT APPROVED FOR CONNECTION, POWERED TESTING, MOTION, WALKING, OR ENERGIZATION"
WS-L01,474,9.480,4,P07_LEFT_CAPTURE_STEP,P09_LEFT_TOUCHDOWN,R SINGLE,-0.050000000,-0.007070779,0.386022043,9.901056000,-38.679389,-8.023010,347.260056,23.639985,7.828223,41.058741,SIMULATOR-ONLY REFERENCE - NOT A HARDWARE COMMAND,"PRELIMINARY - SIMULATOR-ONLY KINEMATIC SEQUENCE - NOT APPROVED FOR CONNECTION, POWERED TESTING, MOTION, WALKING, OR ENERGIZATION"
WS-L01,475,9.500,4,P07_LEFT_CAPTURE_STEP,P09_LEFT_TOUCHDOWN,R SINGLE,-0.050000000,-0.007405730,0.386014421,9.901056000,-38.672659,-8.266090,347.213620,23.632115,7.473359,41.055357,SIMULATOR-ONLY REFERENCE - NOT A HARDWARE COMMAND,"PRELIMINARY - SIMULATOR-ONLY KINEMATIC SEQUENCE - NOT APPROVED FOR CONNECTION, POWERED TESTING, MOTION, WALKING, OR ENERGIZATION"
WS-L01,476,9.520,4,P07_LEFT_CAPTURE_STEP,P09_LEFT_TOUCHDOWN,R SINGLE,-0.050000000,-0.007744281,0.386006359,9.901056000,-38.666023,-8.511577,347.167923,23.624275,7.122781,41.050291,SIMULATOR-ONLY REFERENCE - NOT A HARDWARE COMMAND,"PRELIMINARY - SIMULATOR-ONLY KINEMATIC SEQUENCE - NOT APPROVED FOR CONNECTION, POWERED TESTING, MOTION, WALKING, OR ENERGIZATION"
WS-L01,477,9.540,4,P07_LEFT_CAPTURE_STEP,P09_LEFT_TOUCHDOWN,R SINGLE,-0.050000000,-0.008085968,0.385997857,9.901056000,-38.659496,-8.759132,347.123064,23.616477,6.777225,41.043527,SIMULATOR-ONLY REFERENCE - NOT A HARDWARE COMMAND,"PRELIMINARY - SIMULATOR-ONLY KINEMATIC SEQUENCE - NOT APPROVED FOR CONNECTION, POWERED TESTING, MOTION, WALKING, OR ENERGIZATION"
WS-L01,478,9.560,4,P07_LEFT_CAPTURE_STEP,P09_LEFT_TOUCHDOWN,R SINGLE,-0.050000000,-0.008430320,0.385988917,9.901056000,-38.653091,-9.008413,347.079142,23.608736,6.437392,41.035064,SIMULATOR-ONLY REFERENCE - NOT A HARDWARE COMMAND,"PRELIMINARY - SIMULATOR-ONLY KINEMATIC SEQUENCE - NOT APPROVED FOR CONNECTION, POWERED TESTING, MOTION, WALKING, OR ENERGIZATION"
WS-L01,479,9.580,4,P07_LEFT_CAPTURE_STEP,P09_LEFT_TOUCHDOWN,R SINGLE,-0.050000000,-0.008776860,0.385979545,9.901056000,-38.646822,-9.259074,347.036245,23.601066,6.103943,41.024909,SIMULATOR-ONLY REFERENCE - NOT A HARDWARE COMMAND,"PRELIMINARY - SIMULATOR-ONLY KINEMATIC SEQUENCE - NOT APPROVED FOR CONNECTION, POWERED TESTING, MOTION, WALKING, OR ENERGIZATION"
WS-L01,480,9.600,4,P07_LEFT_CAPTURE_STEP,P09_LEFT_TOUCHDOWN,R SINGLE,-0.050000000,-0.009125106,0.385969746,9.901056000,-38.640700,-9.510769,346.994458,23.593480,5.777498,41.013077,SIMULATOR-ONLY REFERENCE - NOT A HARDWARE COMMAND,"PRELIMINARY - SIMULATOR-ONLY KINEMATIC SEQUENCE - NOT APPROVED FOR CONNECTION, POWERED TESTING, MOTION, WALKING, OR ENERGIZATION"
WS-L01,481,9.620,4,P07_LEFT_CAPTURE_STEP,P09_LEFT_TOUCHDOWN,R SINGLE,-0.050000000,-0.009474575,0.385959530,9.901056000,-38.634736,-9.763147,346.953857,23.585989,5.458634,40.999598,SIMULATOR-ONLY REFERENCE - NOT A HARDWARE COMMAND,"PRELIMINARY - SIMULATOR-ONLY KINEMATIC SEQUENCE - NOT APPROVED FOR CONNECTION, POWERED TESTING, MOTION, WALKING, OR ENERGIZATION"
WS-L01,482,9.640,4,P07_LEFT_CAPTURE_STEP,P09_LEFT_TOUCHDOWN,R SINGLE,-0.050000000,-0.009824777,0.385948907,9.901056000,-38.628940,-10.015860,346.914511,23.578606,5.147881,40.984507,SIMULATOR-ONLY REFERENCE - NOT A HARDWARE COMMAND,"PRELIMINARY - SIMULATOR-ONLY KINEMATIC SEQUENCE - NOT APPROVED FOR CONNECTION, POWERED TESTING, MOTION, WALKING, OR ENERGIZATION"
WS-L01,483,9.660,4,P07_LEFT_CAPTURE_STEP,P09_LEFT_TOUCHDOWN,R SINGLE,-0.050000000,-0.010175223,0.385937891,9.901056000,-38.623322,-10.268559,346.876483,23.571341,4.845722,40.967851,SIMULATOR-ONLY REFERENCE - NOT A HARDWARE COMMAND,"PRELIMINARY - SIMULATOR-ONLY KINEMATIC SEQUENCE - NOT APPROVED FOR CONNECTION, POWERED TESTING, MOTION, WALKING, OR ENERGIZATION"
WS-L01,484,9.680,4,P07_LEFT_CAPTURE_STEP,P09_LEFT_TOUCHDOWN,R SINGLE,-0.050000000,-0.010525425,0.385926497,9.901056000,-38.617889,-10.520895,346.839829,23.564205,4.552590,40.949685,SIMULATOR-ONLY REFERENCE - NOT A HARDWARE COMMAND,"PRELIMINARY - SIMULATOR-ONLY KINEMATIC SEQUENCE - NOT APPROVED FOR CONNECTION, POWERED TESTING, MOTION, WALKING, OR ENERGIZATION"
WS-L01,485,9.700,4,P07_LEFT_CAPTURE_STEP,P09_LEFT_TOUCHDOWN,R SINGLE,-0.050000000,-0.010874894,0.385914743,9.901056000,-38.612649,-10.772520,346.804594,23.557208,4.268869,40.930074,SIMULATOR-ONLY REFERENCE - NOT A HARDWARE COMMAND,"PRELIMINARY - SIMULATOR-ONLY KINEMATIC SEQUENCE - NOT APPROVED FOR CONNECTION, POWERED TESTING, MOTION, WALKING, OR ENERGIZATION"
WS-L01,486,9.720,4,P07_LEFT_CAPTURE_STEP,P09_LEFT_TOUCHDOWN,R SINGLE,-0.050000000,-0.011223140,0.385902648,9.901056000,-38.607607,-11.023090,346.770818,23.550359,3.994892,40.909087,SIMULATOR-ONLY REFERENCE - NOT A HARDWARE COMMAND,"PRELIMINARY - SIMULATOR-ONLY KINEMATIC SEQUENCE - NOT APPROVED FOR CONNECTION, POWERED TESTING, MOTION, WALKING, OR ENERGIZATION"
WS-L01,487,9.740,4,P07_LEFT_CAPTURE_STEP,P09_LEFT_TOUCHDOWN,R SINGLE,-0.050000000,-0.011569680,0.385890234,9.901056000,-38.602769,-11.272263,346.738534,23.543665,3.730941,40.886804,SIMULATOR-ONLY REFERENCE - NOT A HARDWARE COMMAND,"PRELIMINARY - SIMULATOR-ONLY KINEMATIC SEQUENCE - NOT APPROVED FOR CONNECTION, POWERED TESTING, MOTION, WALKING, OR ENERGIZATION"
WS-L01,488,9.760,4,P07_LEFT_CAPTURE_STEP,P09_LEFT_TOUCHDOWN,R SINGLE,-0.050000000,-0.011914032,0.385877525,9.901056000,-38.598138,-11.519698,346.707765,23.537135,3.477246,40.863311,SIMULATOR-ONLY REFERENCE - NOT A HARDWARE COMMAND,"PRELIMINARY - SIMULATOR-ONLY KINEMATIC SEQUENCE - NOT APPROVED FOR CONNECTION, POWERED TESTING, MOTION, WALKING, OR ENERGIZATION"
WS-L01,489,9.780,4,P07_LEFT_CAPTURE_STEP,P09_LEFT_TOUCHDOWN,R SINGLE,-0.050000000,-0.012255719,0.385864546,9.901056000,-38.593717,-11.765062,346.678526,23.530775,3.233987,40.838699,SIMULATOR-ONLY REFERENCE - NOT A HARDWARE COMMAND,"PRELIMINARY - SIMULATOR-ONLY KINEMATIC SEQUENCE - NOT APPROVED FOR CONNECTION, POWERED TESTING, MOTION, WALKING, OR ENERGIZATION"
WS-L01,490,9.800,4,P07_LEFT_CAPTURE_STEP,P09_LEFT_TOUCHDOWN,R SINGLE,-0.050000000,-0.012594270,0.385851324,9.901056000,-38.589509,-12.008024,346.650828,23.524591,3.001293,40.813063,SIMULATOR-ONLY REFERENCE - NOT A HARDWARE COMMAND,"PRELIMINARY - SIMULATOR-ONLY KINEMATIC SEQUENCE - NOT APPROVED FOR CONNECTION, POWERED TESTING, MOTION, WALKING, OR ENERGIZATION"
WS-L01,491,9.820,4,P07_LEFT_CAPTURE_STEP,P09_LEFT_TOUCHDOWN,R SINGLE,-0.050000000,-0.012929221,0.385837889,9.901056000,-38.585514,-12.248259,346.624671,23.518587,2.779245,40.786506,SIMULATOR-ONLY REFERENCE - NOT A HARDWARE COMMAND,"PRELIMINARY - SIMULATOR-ONLY KINEMATIC SEQUENCE - NOT APPROVED FOR CONNECTION, POWERED TESTING, MOTION, WALKING, OR ENERGIZATION"
WS-L01,492,9.840,4,P07_LEFT_CAPTURE_STEP,P09_LEFT_TOUCHDOWN,R SINGLE,-0.050000000,-0.013260114,0.385824270,9.901056000,-38.581731,-12.485448,346.600049,23.512770,2.567874,40.759131,SIMULATOR-ONLY REFERENCE - NOT A HARDWARE COMMAND,"PRELIMINARY - SIMULATOR-ONLY KINEMATIC SEQUENCE - NOT APPROVED FOR CONNECTION, POWERED TESTING, MOTION, WALKING, OR ENERGIZATION"
WS-L01,493,9.860,4,P07_LEFT_CAPTURE_STEP,P09_LEFT_TOUCHDOWN,R SINGLE,-0.050000000,-0.013586502,0.385810500,9.901056000,-38.578161,-12.719280,346.576949,23.507141,2.367166,40.731047,SIMULATOR-ONLY REFERENCE - NOT A HARDWARE COMMAND,"PRELIMINARY - SIMULATOR-ONLY KINEMATIC SEQUENCE - NOT APPROVED FOR CONNECTION, POWERED TESTING, MOTION, WALKING, OR ENERGIZATION"
WS-L01,494,9.880,4,P07_LEFT_CAPTURE_STEP,P09_LEFT_TOUCHDOWN,R SINGLE,-0.050000000,-0.013907946,0.385796611,9.901056000,-38.574800,-12.949448,346.555353,23.501705,2.177060,40.702364,SIMULATOR-ONLY REFERENCE - NOT A HARDWARE COMMAND,"PRELIMINARY - SIMULATOR-ONLY KINEMATIC SEQUENCE - NOT APPROVED FOR CONNECTION, POWERED TESTING, MOTION, WALKING, OR ENERGIZATION"
WS-L01,495,9.900,4,P07_LEFT_CAPTURE_STEP,P09_LEFT_TOUCHDOWN,R SINGLE,-0.050000000,-0.014224019,0.385782638,9.901056000,-38.571646,-13.175657,346.535234,23.496462,1.997456,40.673193,SIMULATOR-ONLY REFERENCE - NOT A HARDWARE COMMAND,"PRELIMINARY - SIMULATOR-ONLY KINEMATIC SEQUENCE - NOT APPROVED FOR CONNECTION, POWERED TESTING, MOTION, WALKING, OR ENERGIZATION"
WS-L01,496,9.920,4,P07_LEFT_CAPTURE_STEP,P09_LEFT_TOUCHDOWN,R SINGLE,-0.050000000,-0.014534305,0.385768616,9.901056000,-38.568696,-13.397618,346.516561,23.491416,1.828210,40.643647,SIMULATOR-ONLY REFERENCE - NOT A HARDWARE COMMAND,"PRELIMINARY - SIMULATOR-ONLY KINEMATIC SEQUENCE - NOT APPROVED FOR CONNECTION, POWERED TESTING, MOTION, WALKING, OR ENERGIZATION"
WS-L01,497,9.940,4,P07_LEFT_CAPTURE_STEP,P09_LEFT_TOUCHDOWN,R SINGLE,-0.050000000,-0.014838401,0.385754580,9.901056000,-38.565944,-13.615052,346.499297,23.486567,1.669142,40.613838,SIMULATOR-ONLY REFERENCE - NOT A HARDWARE COMMAND,"PRELIMINARY - SIMULATOR-ONLY KINEMATIC SEQUENCE - NOT APPROVED FOR CONNECTION, POWERED TESTING, MOTION, WALKING, OR ENERGIZATION"
WS-L01,498,9.960,4,P07_LEFT_CAPTURE_STEP,P09_LEFT_TOUCHDOWN,R SINGLE,-0.050000000,-0.015135918,0.385740567,9.901056000,-38.563386,-13.827689,346.483400,23.481915,1.520035,40.583879,SIMULATOR-ONLY REFERENCE - NOT A HARDWARE COMMAND,"PRELIMINARY - SIMULATOR-ONLY KINEMATIC SEQUENCE - NOT APPROVED FOR CONNECTION, POWERED TESTING, MOTION, WALKING, OR ENERGIZATION"
WS-L01,499,9.980,4,P07_LEFT_CAPTURE_STEP,P09_LEFT_TOUCHDOWN,R SINGLE,-0.050000000,-0.015426483,0.385726612,9.901056000,-38.561017,-14.035272,346.468823,23.477460,1.380642,40.553879,SIMULATOR-ONLY REFERENCE - NOT A HARDWARE COMMAND,"PRELIMINARY - SIMULATOR-ONLY KINEMATIC SEQUENCE - NOT APPROVED FOR CONNECTION, POWERED TESTING, MOTION, WALKING, OR ENERGIZATION"
WS-L01,500,10.000,4,P07_LEFT_CAPTURE_STEP,P09_LEFT_TOUCHDOWN,R SINGLE,-0.050000000,-0.015709736,0.385712754,9.901056000,-38.558829,-14.237554,346.455516,23.473201,1.250685,40.523949,SIMULATOR-ONLY REFERENCE - NOT A HARDWARE COMMAND,"PRELIMINARY - SIMULATOR-ONLY KINEMATIC SEQUENCE - NOT APPROVED FOR CONNECTION, POWERED TESTING, MOTION, WALKING, OR ENERGIZATION"
WS-L01,501,10.020,4,P07_LEFT_CAPTURE_STEP,P09_LEFT_TOUCHDOWN,R SINGLE,-0.050000000,-0.015985336,0.385699028,9.901056000,-38.556816,-14.434298,346.443424,23.469137,1.129861,40.494193,SIMULATOR-ONLY REFERENCE - NOT A HARDWARE COMMAND,"PRELIMINARY - SIMULATOR-ONLY KINEMATIC SEQUENCE - NOT APPROVED FOR CONNECTION, POWERED TESTING, MOTION, WALKING, OR ENERGIZATION"
WS-L01,502,10.040,4,P07_LEFT_CAPTURE_STEP,P09_LEFT_TOUCHDOWN,R SINGLE,-0.050000000,-0.016252961,0.385685471,9.901056000,-38.554970,-14.625282,346.432490,23.465265,1.017841,40.464716,SIMULATOR-ONLY REFERENCE - NOT A HARDWARE COMMAND,"PRELIMINARY - SIMULATOR-ONLY KINEMATIC SEQUENCE - NOT APPROVED FOR CONNECTION, POWERED TESTING, MOTION, WALKING, OR ENERGIZATION"
WS-L01,503,10.060,4,P07_LEFT_CAPTURE_STEP,P09_LEFT_TOUCHDOWN,R SINGLE,-0.050000000,-0.016512305,0.385672120,9.901056000,-38.553285,-14.810297,346.422654,23.461584,0.914281,40.435617,SIMULATOR-ONLY REFERENCE - NOT A HARDWARE COMMAND,"PRELIMINARY - SIMULATOR-ONLY KINEMATIC SEQUENCE - NOT APPROVED FOR CONNECTION, POWERED TESTING, MOTION, WALKING, OR ENERGIZATION"
WS-L01,504,10.080,4,P07_LEFT_CAPTURE_STEP,P09_LEFT_TOUCHDOWN,R SINGLE,-0.050000000,-0.016763085,0.385659008,9.901056000,-38.551751,-14.989148,346.413854,23.458091,0.818816,40.406992,SIMULATOR-ONLY REFERENCE - NOT A HARDWARE COMMAND,"PRELIMINARY - SIMULATOR-ONLY KINEMATIC SEQUENCE - NOT APPROVED FOR CONNECTION, POWERED TESTING, MOTION, WALKING, OR ENERGIZATION"
WS-L01,505,10.100,4,P07_LEFT_CAPTURE_STEP,P09_LEFT_TOUCHDOWN,R SINGLE,-0.050000000,-0.017005037,0.385646170,9.901056000,-38.550362,-15.161654,346.406026,23.454783,0.731070,40.378933,SIMULATOR-ONLY REFERENCE - NOT A HARDWARE COMMAND,"PRELIMINARY - SIMULATOR-ONLY KINEMATIC SEQUENCE - NOT APPROVED FOR CONNECTION, POWERED TESTING, MOTION, WALKING, OR ENERGIZATION"
WS-L01,506,10.120,4,P07_LEFT_CAPTURE_STEP,P09_LEFT_TOUCHDOWN,R SINGLE,-0.050000000,-0.017237920,0.385633641,9.901056000,-38.549107,-15.327650,346.399108,23.451656,0.650659,40.351525,SIMULATOR-ONLY REFERENCE - NOT A HARDWARE COMMAND,"PRELIMINARY - SIMULATOR-ONLY KINEMATIC SEQUENCE - NOT APPROVED FOR CONNECTION, POWERED TESTING, MOTION, WALKING, OR ENERGIZATION"
WS-L01,507,10.140,4,P07_LEFT_CAPTURE_STEP,P09_LEFT_TOUCHDOWN,R SINGLE,-0.050000000,-0.017461516,0.385621450,9.901056000,-38.547980,-15.486986,346.393033,23.448707,0.577190,40.324851,SIMULATOR-ONLY REFERENCE - NOT A HARDWARE COMMAND,"PRELIMINARY - SIMULATOR-ONLY KINEMATIC SEQUENCE - NOT APPROVED FOR CONNECTION, POWERED TESTING, MOTION, WALKING, OR ENERGIZATION"
WS-L01,508,10.160,4,P07_LEFT_CAPTURE_STEP,P09_LEFT_TOUCHDOWN,R SINGLE,-0.050000000,-0.017675631,0.385609630,9.901056000,-38.546971,-15.639532,346.387736,23.445931,0.510266,40.298984,SIMULATOR-ONLY REFERENCE - NOT A HARDWARE COMMAND,"PRELIMINARY - SIMULATOR-ONLY KINEMATIC SEQUENCE - NOT APPROVED FOR CONNECTION, POWERED TESTING, MOTION, WALKING, OR ENERGIZATION"
WS-L01,509,10.180,4,P07_LEFT_CAPTURE_STEP,P09_LEFT_TOUCHDOWN,R SINGLE,-0.050000000,-0.017880096,0.385598208,9.901056000,-38.546072,-15.785171,346.383155,23.443325,0.449493,40.273996,SIMULATOR-ONLY REFERENCE - NOT A HARDWARE COMMAND,"PRELIMINARY - SIMULATOR-ONLY KINEMATIC SEQUENCE - NOT APPROVED FOR CONNECTION, POWERED TESTING, MOTION, WALKING, OR ENERGIZATION"
WS-L01,510,10.200,4,P07_LEFT_CAPTURE_STEP,P09_LEFT_TOUCHDOWN,R SINGLE,-0.050000000,-0.018074769,0.385587211,9.901056000,-38.545275,-15.923808,346.379225,23.440884,0.394476,40.249950,SIMULATOR-ONLY REFERENCE - NOT A HARDWARE COMMAND,"PRELIMINARY - SIMULATOR-ONLY KINEMATIC SEQUENCE - NOT APPROVED FOR CONNECTION, POWERED TESTING, MOTION, WALKING, OR ENERGIZATION"
WS-L01,511,10.220,4,P07_LEFT_CAPTURE_STEP,P09_LEFT_TOUCHDOWN,R SINGLE,-0.050000000,-0.018259534,0.385576663,9.901056000,-38.544571,-16.055364,346.375886,23.438604,0.344827,40.226903,SIMULATOR-ONLY REFERENCE - NOT A HARDWARE COMMAND,"PRELIMINARY - SIMULATOR-ONLY KINEMATIC SEQUENCE - NOT APPROVED FOR CONNECTION, POWERED TESTING, MOTION, WALKING, OR ENERGIZATION"
WS-L01,512,10.240,4,P07_LEFT_CAPTURE_STEP,P09_LEFT_TOUCHDOWN,R SINGLE,-0.050000000,-0.018434304,0.385566588,9.901056000,-38.543953,-16.179784,346.373077,23.436480,0.300167,40.204906,SIMULATOR-ONLY REFERENCE - NOT A HARDWARE COMMAND,"PRELIMINARY - SIMULATOR-ONLY KINEMATIC SEQUENCE - NOT APPROVED FOR CONNECTION, POWERED TESTING, MOTION, WALKING, OR ENERGIZATION"
WS-L01,513,10.260,4,P07_LEFT_CAPTURE_STEP,P09_LEFT_TOUCHDOWN,R SINGLE,-0.050000000,-0.018599021,0.385557004,9.901056000,-38.543412,-16.297028,346.370740,23.434507,0.260125,40.184002,SIMULATOR-ONLY REFERENCE - NOT A HARDWARE COMMAND,"PRELIMINARY - SIMULATOR-ONLY KINEMATIC SEQUENCE - NOT APPROVED FOR CONNECTION, POWERED TESTING, MOTION, WALKING, OR ENERGIZATION"
WS-L01,514,10.280,4,P07_LEFT_CAPTURE_STEP,P09_LEFT_TOUCHDOWN,R SINGLE,-0.050000000,-0.018753657,0.385547930,9.901056000,-38.542942,-16.407082,346.368821,23.432681,0.224344,40.164229,SIMULATOR-ONLY REFERENCE - NOT A HARDWARE COMMAND,"PRELIMINARY - SIMULATOR-ONLY KINEMATIC SEQUENCE - NOT APPROVED FOR CONNECTION, POWERED TESTING, MOTION, WALKING, OR ENERGIZATION"
WS-L01,515,10.300,4,P07_LEFT_CAPTURE_STEP,P09_LEFT_TOUCHDOWN,R SINGLE,-0.050000000,-0.018898216,0.385539379,9.901056000,-38.542535,-16.509950,346.367268,23.430996,0.192481,40.145618,SIMULATOR-ONLY REFERENCE - NOT A HARDWARE COMMAND,"PRELIMINARY - SIMULATOR-ONLY KINEMATIC SEQUENCE - NOT APPROVED FOR CONNECTION, POWERED TESTING, MOTION, WALKING, OR ENERGIZATION"
WS-L01,516,10.320,4,P07_LEFT_CAPTURE_STEP,P09_LEFT_TOUCHDOWN,R SINGLE,-0.050000000,-0.019032734,0.385531363,9.901056000,-38.542185,-16.605663,346.366032,23.429448,0.164207,40.128191,SIMULATOR-ONLY REFERENCE - NOT A HARDWARE COMMAND,"PRELIMINARY - SIMULATOR-ONLY KINEMATIC SEQUENCE - NOT APPROVED FOR CONNECTION, POWERED TESTING, MOTION, WALKING, OR ENERGIZATION"
WS-L01,517,10.340,4,P07_LEFT_CAPTURE_STEP,P09_LEFT_TOUCHDOWN,R SINGLE,-0.050000000,-0.019157281,0.385523890,9.901056000,-38.541885,-16.694271,346.365066,23.428031,0.139213,40.111964,SIMULATOR-ONLY REFERENCE - NOT A HARDWARE COMMAND,"PRELIMINARY - SIMULATOR-ONLY KINEMATIC SEQUENCE - NOT APPROVED FOR CONNECTION, POWERED TESTING, MOTION, WALKING, OR ENERGIZATION"
WS-L01,518,10.360,4,P07_LEFT_CAPTURE_STEP,P09_LEFT_TOUCHDOWN,R SINGLE,-0.050000000,-0.019271960,0.385516967,9.901056000,-38.541630,-16.775851,346.364330,23.426741,0.117205,40.096946,SIMULATOR-ONLY REFERENCE - NOT A HARDWARE COMMAND,"PRELIMINARY - SIMULATOR-ONLY KINEMATIC SEQUENCE - NOT APPROVED FOR CONNECTION, POWERED TESTING, MOTION, WALKING, OR ENERGIZATION"
WS-L01,519,10.380,4,P07_LEFT_CAPTURE_STEP,P09_LEFT_TOUCHDOWN,R SINGLE,-0.050000000,-0.019376911,0.385510595,9.901056000,-38.541413,-16.850503,346.363784,23.425573,0.097910,40.083139,SIMULATOR-ONLY REFERENCE - NOT A HARDWARE COMMAND,"PRELIMINARY - SIMULATOR-ONLY KINEMATIC SEQUENCE - NOT APPROVED FOR CONNECTION, POWERED TESTING, MOTION, WALKING, OR ENERGIZATION"
WS-L01,520,10.400,4,P07_LEFT_CAPTURE_STEP,P09_LEFT_TOUCHDOWN,R SINGLE,-0.050000000,-0.019472309,0.385504772,9.901056000,-38.541231,-16.918356,346.363395,23.424520,0.081072,40.070537,SIMULATOR-ONLY REFERENCE - NOT A HARDWARE COMMAND,"PRELIMINARY - SIMULATOR-ONLY KINEMATIC SEQUENCE - NOT APPROVED FOR CONNECTION, POWERED TESTING, MOTION, WALKING, OR ENERGIZATION"
WS-L01,521,10.420,4,P07_LEFT_CAPTURE_STEP,P09_LEFT_TOUCHDOWN,R SINGLE,-0.050000000,-0.019558367,0.385499495,9.901056000,-38.541079,-16.979561,346.363130,23.423579,0.066455,40.059127,SIMULATOR-ONLY REFERENCE - NOT A HARDWARE COMMAND,"PRELIMINARY - SIMULATOR-ONLY KINEMATIC SEQUENCE - NOT APPROVED FOR CONNECTION, POWERED TESTING, MOTION, WALKING, OR ENERGIZATION"
WS-L01,522,10.440,4,P07_LEFT_CAPTURE_STEP,P09_LEFT_TOUCHDOWN,R SINGLE,-0.050000000,-0.019635336,0.385494756,9.901056000,-38.540952,-17.034300,346.362964,23.422744,0.053843,40.048889,SIMULATOR-ONLY REFERENCE - NOT A HARDWARE COMMAND,"PRELIMINARY - SIMULATOR-ONLY KINEMATIC SEQUENCE - NOT APPROVED FOR CONNECTION, POWERED TESTING, MOTION, WALKING, OR ENERGIZATION"
WS-L01,523,10.460,4,P07_LEFT_CAPTURE_STEP,P09_LEFT_TOUCHDOWN,R SINGLE,-0.050000000,-0.019703509,0.385490543,9.901056000,-38.540847,-17.082780,346.362871,23.422009,0.043035,40.039795,SIMULATOR-ONLY REFERENCE - NOT A HARDWARE COMMAND,"PRELIMINARY - SIMULATOR-ONLY KINEMATIC SEQUENCE - NOT APPROVED FOR CONNECTION, POWERED TESTING, MOTION, WALKING, OR ENERGIZATION"
WS-L01,524,10.480,4,P07_LEFT_CAPTURE_STEP,P09_LEFT_TOUCHDOWN,R SINGLE,-0.050000000,-0.019763217,0.385486841,9.901056000,-38.540761,-17.125238,346.362832,23.421370,0.033849,40.031811,SIMULATOR-ONLY REFERENCE - NOT A HARDWARE COMMAND,"PRELIMINARY - SIMULATOR-ONLY KINEMATIC SEQUENCE - NOT APPROVED FOR CONNECTION, POWERED TESTING, MOTION, WALKING, OR ENERGIZATION"
WS-L01,525,10.500,4,P07_LEFT_CAPTURE_STEP,P09_LEFT_TOUCHDOWN,R SINGLE,-0.050000000,-0.019814832,0.385483632,9.901056000,-38.540691,-17.161940,346.362830,23.420820,0.026119,40.024895,SIMULATOR-ONLY REFERENCE - NOT A HARDWARE COMMAND,"PRELIMINARY - SIMULATOR-ONLY KINEMATIC SEQUENCE - NOT APPROVED FOR CONNECTION, POWERED TESTING, MOTION, WALKING, OR ENERGIZATION"
WS-L01,526,10.520,4,P07_LEFT_CAPTURE_STEP,P09_LEFT_TOUCHDOWN,R SINGLE,-0.050000000,-0.019858772,0.385480894,9.901056000,-38.540634,-17.193183,346.362852,23.420354,0.019693,40.018996,SIMULATOR-ONLY REFERENCE - NOT A HARDWARE COMMAND,"PRELIMINARY - SIMULATOR-ONLY KINEMATIC SEQUENCE - NOT APPROVED FOR CONNECTION, POWERED TESTING, MOTION, WALKING, OR ENERGIZATION"
WS-L01,527,10.540,4,P07_LEFT_CAPTURE_STEP,P09_LEFT_TOUCHDOWN,R SINGLE,-0.050000000,-0.019895495,0.385478600,9.901056000,-38.540589,-17.219294,346.362887,23.419967,0.014431,40.014058,SIMULATOR-ONLY REFERENCE - NOT A HARDWARE COMMAND,"PRELIMINARY - SIMULATOR-ONLY KINEMATIC SEQUENCE - NOT APPROVED FOR CONNECTION, POWERED TESTING, MOTION, WALKING, OR ENERGIZATION"
WS-L01,528,10.560,4,P07_LEFT_CAPTURE_STEP,P09_LEFT_TOUCHDOWN,R SINGLE,-0.050000000,-0.019925505,0.385476723,9.901056000,-38.540554,-17.240632,346.362927,23.419651,0.010204,40.010019,SIMULATOR-ONLY REFERENCE - NOT A HARDWARE COMMAND,"PRELIMINARY - SIMULATOR-ONLY KINEMATIC SEQUENCE - NOT APPROVED FOR CONNECTION, POWERED TESTING, MOTION, WALKING, OR ENERGIZATION"
WS-L01,529,10.580,4,P07_LEFT_CAPTURE_STEP,P09_LEFT_TOUCHDOWN,R SINGLE,-0.050000000,-0.019949353,0.385475229,9.901056000,-38.540527,-17.257588,346.362966,23.419400,0.006893,40.006805,SIMULATOR-ONLY REFERENCE - NOT A HARDWARE COMMAND,"PRELIMINARY - SIMULATOR-ONLY KINEMATIC SEQUENCE - NOT APPROVED FOR CONNECTION, POWERED TESTING, MOTION, WALKING, OR ENERGIZATION"
WS-L01,530,10.600,4,P07_LEFT_CAPTURE_STEP,P09_LEFT_TOUCHDOWN,R SINGLE,-0.050000000,-0.019967636,0.385474083,9.901056000,-38.540507,-17.270586,346.363000,23.419209,0.004382,40.004339,SIMULATOR-ONLY REFERENCE - NOT A HARDWARE COMMAND,"PRELIMINARY - SIMULATOR-ONLY KINEMATIC SEQUENCE - NOT APPROVED FOR CONNECTION, POWERED TESTING, MOTION, WALKING, OR ENERGIZATION"
WS-L01,531,10.620,4,P07_LEFT_CAPTURE_STEP,P09_LEFT_TOUCHDOWN,R SINGLE,-0.050000000,-0.019980996,0.385473244,9.901056000,-38.540492,-17.280086,346.363027,23.419069,0.002563,40.002537,SIMULATOR-ONLY REFERENCE - NOT A HARDWARE COMMAND,"PRELIMINARY - SIMULATOR-ONLY KINEMATIC SEQUENCE - NOT APPROVED FOR CONNECTION, POWERED TESTING, MOTION, WALKING, OR ENERGIZATION"
WS-L01,532,10.640,4,P07_LEFT_CAPTURE_STEP,P09_LEFT_TOUCHDOWN,R SINGLE,-0.050000000,-0.019990129,0.385472671,9.901056000,-38.540482,-17.286578,346.363046,23.418974,0.001327,40.001304,SIMULATOR-ONLY REFERENCE - NOT A HARDWARE COMMAND,"PRELIMINARY - SIMULATOR-ONLY KINEMATIC SEQUENCE - NOT APPROVED FOR CONNECTION, POWERED TESTING, MOTION, WALKING, OR ENERGIZATION"
WS-L01,533,10.660,4,P07_LEFT_CAPTURE_STEP,P09_LEFT_TOUCHDOWN,R SINGLE,-0.050000000,-0.019995775,0.385472316,9.901056000,-38.540477,-17.290593,346.363059,23.418915,0.000566,40.000541,SIMULATOR-ONLY REFERENCE - NOT A HARDWARE COMMAND,"PRELIMINARY - SIMULATOR-ONLY KINEMATIC SEQUENCE - NOT APPROVED FOR CONNECTION, POWERED TESTING, MOTION, WALKING, OR ENERGIZATION"
WS-L01,534,10.680,4,P07_LEFT_CAPTURE_STEP,P09_LEFT_TOUCHDOWN,R SINGLE,-0.050000000,-0.019998730,0.385472130,9.901056000,-38.540473,-17.292694,346.363066,23.418884,0.000168,40.000142,SIMULATOR-ONLY REFERENCE - NOT A HARDWARE COMMAND,"PRELIMINARY - SIMULATOR-ONLY KINEMATIC SEQUENCE - NOT APPROVED FOR CONNECTION, POWERED TESTING, MOTION, WALKING, OR ENERGIZATION"
WS-L01,535,10.700,4,P07_LEFT_CAPTURE_STEP,P09_LEFT_TOUCHDOWN,R SINGLE,-0.050000000,-0.019999839,0.385472061,9.901056000,-38.540472,-17.293482,346.363068,23.418872,0.000020,39.999993,SIMULATOR-ONLY REFERENCE - NOT A HARDWARE COMMAND,"PRELIMINARY - SIMULATOR-ONLY KINEMATIC SEQUENCE - NOT APPROVED FOR CONNECTION, POWERED TESTING, MOTION, WALKING, OR ENERGIZATION"
WS-L01,536,10.720,4,P07_LEFT_CAPTURE_STEP,P09_LEFT_TOUCHDOWN,DOUBLE,-0.050000000,-0.020000000,0.385472053,9.901056000,-38.540472,-17.293597,346.363071,64.793628,-0.000000,39.999971,SIMULATOR-ONLY REFERENCE - NOT A HARDWARE COMMAND,"PRELIMINARY - SIMULATOR-ONLY KINEMATIC SEQUENCE - NOT APPROVED FOR CONNECTION, POWERED TESTING, MOTION, WALKING, OR ENERGIZATION"
