j1_deg,j2_internal_deg,positive_intersection_mm3,colliding_pairs,result,scope
-20.0,15.0,0.000000000,,PASS_NOMINAL_SAMPLE,new XC330 wrist components versus controlled P0.7 fixed/upper bodies; exact booleans after per-component conservative AABB broadphase; 5 degree samples only; cables guards tolerances deformation and between-sample proof excluded
-15.0,15.0,0.000000000,,PASS_NOMINAL_SAMPLE,new XC330 wrist components versus controlled P0.7 fixed/upper bodies; exact booleans after per-component conservative AABB broadphase; 5 degree samples only; cables guards tolerances deformation and between-sample proof excluded
-10.0,15.0,0.000000000,,PASS_NOMINAL_SAMPLE,new XC330 wrist components versus controlled P0.7 fixed/upper bodies; exact booleans after per-component conservative AABB broadphase; 5 degree samples only; cables guards tolerances deformation and between-sample proof excluded
-5.0,15.0,0.000000000,,PASS_NOMINAL_SAMPLE,new XC330 wrist components versus controlled P0.7 fixed/upper bodies; exact booleans after per-component conservative AABB broadphase; 5 degree samples only; cables guards tolerances deformation and between-sample proof excluded
0.0,15.0,0.000000000,,PASS_NOMINAL_SAMPLE,new XC330 wrist components versus controlled P0.7 fixed/upper bodies; exact booleans after per-component conservative AABB broadphase; 5 degree samples only; cables guards tolerances deformation and between-sample proof excluded
5.0,15.0,0.000000000,,PASS_NOMINAL_SAMPLE,new XC330 wrist components versus controlled P0.7 fixed/upper bodies; exact booleans after per-component conservative AABB broadphase; 5 degree samples only; cables guards tolerances deformation and between-sample proof excluded
10.0,15.0,0.000000000,,PASS_NOMINAL_SAMPLE,new XC330 wrist components versus controlled P0.7 fixed/upper bodies; exact booleans after per-component conservative AABB broadphase; 5 degree samples only; cables guards tolerances deformation and between-sample proof excluded
15.0,15.0,0.000000000,,PASS_NOMINAL_SAMPLE,new XC330 wrist components versus controlled P0.7 fixed/upper bodies; exact booleans after per-component conservative AABB broadphase; 5 degree samples only; cables guards tolerances deformation and between-sample proof excluded
20.0,15.0,0.000000000,,PASS_NOMINAL_SAMPLE,new XC330 wrist components versus controlled P0.7 fixed/upper bodies; exact booleans after per-component conservative AABB broadphase; 5 degree samples only; cables guards tolerances deformation and between-sample proof excluded
25.0,15.0,0.000000000,,PASS_NOMINAL_SAMPLE,new XC330 wrist components versus controlled P0.7 fixed/upper bodies; exact booleans after per-component conservative AABB broadphase; 5 degree samples only; cables guards tolerances deformation and between-sample proof excluded
30.0,15.0,0.000000000,,PASS_NOMINAL_SAMPLE,new XC330 wrist components versus controlled P0.7 fixed/upper bodies; exact booleans after per-component conservative AABB broadphase; 5 degree samples only; cables guards tolerances deformation and between-sample proof excluded
35.0,15.0,0.000000000,,PASS_NOMINAL_SAMPLE,new XC330 wrist components versus controlled P0.7 fixed/upper bodies; exact booleans after per-component conservative AABB broadphase; 5 degree samples only; cables guards tolerances deformation and between-sample proof excluded
40.0,15.0,0.000000000,,PASS_NOMINAL_SAMPLE,new XC330 wrist components versus controlled P0.7 fixed/upper bodies; exact booleans after per-component conservative AABB broadphase; 5 degree samples only; cables guards tolerances deformation and between-sample proof excluded
45.0,15.0,0.000000000,,PASS_NOMINAL_SAMPLE,new XC330 wrist components versus controlled P0.7 fixed/upper bodies; exact booleans after per-component conservative AABB broadphase; 5 degree samples only; cables guards tolerances deformation and between-sample proof excluded
50.0,15.0,0.000000000,,PASS_NOMINAL_SAMPLE,new XC330 wrist components versus controlled P0.7 fixed/upper bodies; exact booleans after per-component conservative AABB broadphase; 5 degree samples only; cables guards tolerances deformation and between-sample proof excluded
55.0,15.0,0.000000000,,PASS_NOMINAL_SAMPLE,new XC330 wrist components versus controlled P0.7 fixed/upper bodies; exact booleans after per-component conservative AABB broadphase; 5 degree samples only; cables guards tolerances deformation and between-sample proof excluded
60.0,15.0,0.000000000,,PASS_NOMINAL_SAMPLE,new XC330 wrist components versus controlled P0.7 fixed/upper bodies; exact booleans after per-component conservative AABB broadphase; 5 degree samples only; cables guards tolerances deformation and between-sample proof excluded
65.0,15.0,0.000000000,,PASS_NOMINAL_SAMPLE,new XC330 wrist components versus controlled P0.7 fixed/upper bodies; exact booleans after per-component conservative AABB broadphase; 5 degree samples only; cables guards tolerances deformation and between-sample proof excluded
70.0,15.0,0.000000000,,PASS_NOMINAL_SAMPLE,new XC330 wrist components versus controlled P0.7 fixed/upper bodies; exact booleans after per-component conservative AABB broadphase; 5 degree samples only; cables guards tolerances deformation and between-sample proof excluded
-20.0,20.0,0.000000000,,PASS_NOMINAL_SAMPLE,new XC330 wrist components versus controlled P0.7 fixed/upper bodies; exact booleans after per-component conservative AABB broadphase; 5 degree samples only; cables guards tolerances deformation and between-sample proof excluded
-15.0,20.0,0.000000000,,PASS_NOMINAL_SAMPLE,new XC330 wrist components versus controlled P0.7 fixed/upper bodies; exact booleans after per-component conservative AABB broadphase; 5 degree samples only; cables guards tolerances deformation and between-sample proof excluded
-10.0,20.0,0.000000000,,PASS_NOMINAL_SAMPLE,new XC330 wrist components versus controlled P0.7 fixed/upper bodies; exact booleans after per-component conservative AABB broadphase; 5 degree samples only; cables guards tolerances deformation and between-sample proof excluded
-5.0,20.0,0.000000000,,PASS_NOMINAL_SAMPLE,new XC330 wrist components versus controlled P0.7 fixed/upper bodies; exact booleans after per-component conservative AABB broadphase; 5 degree samples only; cables guards tolerances deformation and between-sample proof excluded
0.0,20.0,0.000000000,,PASS_NOMINAL_SAMPLE,new XC330 wrist components versus controlled P0.7 fixed/upper bodies; exact booleans after per-component conservative AABB broadphase; 5 degree samples only; cables guards tolerances deformation and between-sample proof excluded
5.0,20.0,0.000000000,,PASS_NOMINAL_SAMPLE,new XC330 wrist components versus controlled P0.7 fixed/upper bodies; exact booleans after per-component conservative AABB broadphase; 5 degree samples only; cables guards tolerances deformation and between-sample proof excluded
10.0,20.0,0.000000000,,PASS_NOMINAL_SAMPLE,new XC330 wrist components versus controlled P0.7 fixed/upper bodies; exact booleans after per-component conservative AABB broadphase; 5 degree samples only; cables guards tolerances deformation and between-sample proof excluded
15.0,20.0,0.000000000,,PASS_NOMINAL_SAMPLE,new XC330 wrist components versus controlled P0.7 fixed/upper bodies; exact booleans after per-component conservative AABB broadphase; 5 degree samples only; cables guards tolerances deformation and between-sample proof excluded
20.0,20.0,0.000000000,,PASS_NOMINAL_SAMPLE,new XC330 wrist components versus controlled P0.7 fixed/upper bodies; exact booleans after per-component conservative AABB broadphase; 5 degree samples only; cables guards tolerances deformation and between-sample proof excluded
25.0,20.0,0.000000000,,PASS_NOMINAL_SAMPLE,new XC330 wrist components versus controlled P0.7 fixed/upper bodies; exact booleans after per-component conservative AABB broadphase; 5 degree samples only; cables guards tolerances deformation and between-sample proof excluded
30.0,20.0,0.000000000,,PASS_NOMINAL_SAMPLE,new XC330 wrist components versus controlled P0.7 fixed/upper bodies; exact booleans after per-component conservative AABB broadphase; 5 degree samples only; cables guards tolerances deformation and between-sample proof excluded
35.0,20.0,0.000000000,,PASS_NOMINAL_SAMPLE,new XC330 wrist components versus controlled P0.7 fixed/upper bodies; exact booleans after per-component conservative AABB broadphase; 5 degree samples only; cables guards tolerances deformation and between-sample proof excluded
40.0,20.0,0.000000000,,PASS_NOMINAL_SAMPLE,new XC330 wrist components versus controlled P0.7 fixed/upper bodies; exact booleans after per-component conservative AABB broadphase; 5 degree samples only; cables guards tolerances deformation and between-sample proof excluded
45.0,20.0,0.000000000,,PASS_NOMINAL_SAMPLE,new XC330 wrist components versus controlled P0.7 fixed/upper bodies; exact booleans after per-component conservative AABB broadphase; 5 degree samples only; cables guards tolerances deformation and between-sample proof excluded
50.0,20.0,0.000000000,,PASS_NOMINAL_SAMPLE,new XC330 wrist components versus controlled P0.7 fixed/upper bodies; exact booleans after per-component conservative AABB broadphase; 5 degree samples only; cables guards tolerances deformation and between-sample proof excluded
55.0,20.0,0.000000000,,PASS_NOMINAL_SAMPLE,new XC330 wrist components versus controlled P0.7 fixed/upper bodies; exact booleans after per-component conservative AABB broadphase; 5 degree samples only; cables guards tolerances deformation and between-sample proof excluded
60.0,20.0,0.000000000,,PASS_NOMINAL_SAMPLE,new XC330 wrist components versus controlled P0.7 fixed/upper bodies; exact booleans after per-component conservative AABB broadphase; 5 degree samples only; cables guards tolerances deformation and between-sample proof excluded
65.0,20.0,0.000000000,,PASS_NOMINAL_SAMPLE,new XC330 wrist components versus controlled P0.7 fixed/upper bodies; exact booleans after per-component conservative AABB broadphase; 5 degree samples only; cables guards tolerances deformation and between-sample proof excluded
70.0,20.0,0.000000000,,PASS_NOMINAL_SAMPLE,new XC330 wrist components versus controlled P0.7 fixed/upper bodies; exact booleans after per-component conservative AABB broadphase; 5 degree samples only; cables guards tolerances deformation and between-sample proof excluded
-20.0,25.0,0.000000000,,PASS_NOMINAL_SAMPLE,new XC330 wrist components versus controlled P0.7 fixed/upper bodies; exact booleans after per-component conservative AABB broadphase; 5 degree samples only; cables guards tolerances deformation and between-sample proof excluded
-15.0,25.0,0.000000000,,PASS_NOMINAL_SAMPLE,new XC330 wrist components versus controlled P0.7 fixed/upper bodies; exact booleans after per-component conservative AABB broadphase; 5 degree samples only; cables guards tolerances deformation and between-sample proof excluded
-10.0,25.0,0.000000000,,PASS_NOMINAL_SAMPLE,new XC330 wrist components versus controlled P0.7 fixed/upper bodies; exact booleans after per-component conservative AABB broadphase; 5 degree samples only; cables guards tolerances deformation and between-sample proof excluded
-5.0,25.0,0.000000000,,PASS_NOMINAL_SAMPLE,new XC330 wrist components versus controlled P0.7 fixed/upper bodies; exact booleans after per-component conservative AABB broadphase; 5 degree samples only; cables guards tolerances deformation and between-sample proof excluded
0.0,25.0,0.000000000,,PASS_NOMINAL_SAMPLE,new XC330 wrist components versus controlled P0.7 fixed/upper bodies; exact booleans after per-component conservative AABB broadphase; 5 degree samples only; cables guards tolerances deformation and between-sample proof excluded
5.0,25.0,0.000000000,,PASS_NOMINAL_SAMPLE,new XC330 wrist components versus controlled P0.7 fixed/upper bodies; exact booleans after per-component conservative AABB broadphase; 5 degree samples only; cables guards tolerances deformation and between-sample proof excluded
10.0,25.0,0.000000000,,PASS_NOMINAL_SAMPLE,new XC330 wrist components versus controlled P0.7 fixed/upper bodies; exact booleans after per-component conservative AABB broadphase; 5 degree samples only; cables guards tolerances deformation and between-sample proof excluded
15.0,25.0,0.000000000,,PASS_NOMINAL_SAMPLE,new XC330 wrist components versus controlled P0.7 fixed/upper bodies; exact booleans after per-component conservative AABB broadphase; 5 degree samples only; cables guards tolerances deformation and between-sample proof excluded
20.0,25.0,0.000000000,,PASS_NOMINAL_SAMPLE,new XC330 wrist components versus controlled P0.7 fixed/upper bodies; exact booleans after per-component conservative AABB broadphase; 5 degree samples only; cables guards tolerances deformation and between-sample proof excluded
25.0,25.0,0.000000000,,PASS_NOMINAL_SAMPLE,new XC330 wrist components versus controlled P0.7 fixed/upper bodies; exact booleans after per-component conservative AABB broadphase; 5 degree samples only; cables guards tolerances deformation and between-sample proof excluded
30.0,25.0,0.000000000,,PASS_NOMINAL_SAMPLE,new XC330 wrist components versus controlled P0.7 fixed/upper bodies; exact booleans after per-component conservative AABB broadphase; 5 degree samples only; cables guards tolerances deformation and between-sample proof excluded
35.0,25.0,0.000000000,,PASS_NOMINAL_SAMPLE,new XC330 wrist components versus controlled P0.7 fixed/upper bodies; exact booleans after per-component conservative AABB broadphase; 5 degree samples only; cables guards tolerances deformation and between-sample proof excluded
40.0,25.0,0.000000000,,PASS_NOMINAL_SAMPLE,new XC330 wrist components versus controlled P0.7 fixed/upper bodies; exact booleans after per-component conservative AABB broadphase; 5 degree samples only; cables guards tolerances deformation and between-sample proof excluded
45.0,25.0,0.000000000,,PASS_NOMINAL_SAMPLE,new XC330 wrist components versus controlled P0.7 fixed/upper bodies; exact booleans after per-component conservative AABB broadphase; 5 degree samples only; cables guards tolerances deformation and between-sample proof excluded
50.0,25.0,0.000000000,,PASS_NOMINAL_SAMPLE,new XC330 wrist components versus controlled P0.7 fixed/upper bodies; exact booleans after per-component conservative AABB broadphase; 5 degree samples only; cables guards tolerances deformation and between-sample proof excluded
55.0,25.0,0.000000000,,PASS_NOMINAL_SAMPLE,new XC330 wrist components versus controlled P0.7 fixed/upper bodies; exact booleans after per-component conservative AABB broadphase; 5 degree samples only; cables guards tolerances deformation and between-sample proof excluded
60.0,25.0,0.000000000,,PASS_NOMINAL_SAMPLE,new XC330 wrist components versus controlled P0.7 fixed/upper bodies; exact booleans after per-component conservative AABB broadphase; 5 degree samples only; cables guards tolerances deformation and between-sample proof excluded
65.0,25.0,0.000000000,,PASS_NOMINAL_SAMPLE,new XC330 wrist components versus controlled P0.7 fixed/upper bodies; exact booleans after per-component conservative AABB broadphase; 5 degree samples only; cables guards tolerances deformation and between-sample proof excluded
70.0,25.0,0.000000000,,PASS_NOMINAL_SAMPLE,new XC330 wrist components versus controlled P0.7 fixed/upper bodies; exact booleans after per-component conservative AABB broadphase; 5 degree samples only; cables guards tolerances deformation and between-sample proof excluded
-20.0,30.0,0.000000000,,PASS_NOMINAL_SAMPLE,new XC330 wrist components versus controlled P0.7 fixed/upper bodies; exact booleans after per-component conservative AABB broadphase; 5 degree samples only; cables guards tolerances deformation and between-sample proof excluded
-15.0,30.0,0.000000000,,PASS_NOMINAL_SAMPLE,new XC330 wrist components versus controlled P0.7 fixed/upper bodies; exact booleans after per-component conservative AABB broadphase; 5 degree samples only; cables guards tolerances deformation and between-sample proof excluded
-10.0,30.0,0.000000000,,PASS_NOMINAL_SAMPLE,new XC330 wrist components versus controlled P0.7 fixed/upper bodies; exact booleans after per-component conservative AABB broadphase; 5 degree samples only; cables guards tolerances deformation and between-sample proof excluded
-5.0,30.0,0.000000000,,PASS_NOMINAL_SAMPLE,new XC330 wrist components versus controlled P0.7 fixed/upper bodies; exact booleans after per-component conservative AABB broadphase; 5 degree samples only; cables guards tolerances deformation and between-sample proof excluded
0.0,30.0,0.000000000,,PASS_NOMINAL_SAMPLE,new XC330 wrist components versus controlled P0.7 fixed/upper bodies; exact booleans after per-component conservative AABB broadphase; 5 degree samples only; cables guards tolerances deformation and between-sample proof excluded
5.0,30.0,0.000000000,,PASS_NOMINAL_SAMPLE,new XC330 wrist components versus controlled P0.7 fixed/upper bodies; exact booleans after per-component conservative AABB broadphase; 5 degree samples only; cables guards tolerances deformation and between-sample proof excluded
10.0,30.0,0.000000000,,PASS_NOMINAL_SAMPLE,new XC330 wrist components versus controlled P0.7 fixed/upper bodies; exact booleans after per-component conservative AABB broadphase; 5 degree samples only; cables guards tolerances deformation and between-sample proof excluded
15.0,30.0,0.000000000,,PASS_NOMINAL_SAMPLE,new XC330 wrist components versus controlled P0.7 fixed/upper bodies; exact booleans after per-component conservative AABB broadphase; 5 degree samples only; cables guards tolerances deformation and between-sample proof excluded
20.0,30.0,0.000000000,,PASS_NOMINAL_SAMPLE,new XC330 wrist components versus controlled P0.7 fixed/upper bodies; exact booleans after per-component conservative AABB broadphase; 5 degree samples only; cables guards tolerances deformation and between-sample proof excluded
25.0,30.0,0.000000000,,PASS_NOMINAL_SAMPLE,new XC330 wrist components versus controlled P0.7 fixed/upper bodies; exact booleans after per-component conservative AABB broadphase; 5 degree samples only; cables guards tolerances deformation and between-sample proof excluded
30.0,30.0,0.000000000,,PASS_NOMINAL_SAMPLE,new XC330 wrist components versus controlled P0.7 fixed/upper bodies; exact booleans after per-component conservative AABB broadphase; 5 degree samples only; cables guards tolerances deformation and between-sample proof excluded
35.0,30.0,0.000000000,,PASS_NOMINAL_SAMPLE,new XC330 wrist components versus controlled P0.7 fixed/upper bodies; exact booleans after per-component conservative AABB broadphase; 5 degree samples only; cables guards tolerances deformation and between-sample proof excluded
40.0,30.0,0.000000000,,PASS_NOMINAL_SAMPLE,new XC330 wrist components versus controlled P0.7 fixed/upper bodies; exact booleans after per-component conservative AABB broadphase; 5 degree samples only; cables guards tolerances deformation and between-sample proof excluded
45.0,30.0,0.000000000,,PASS_NOMINAL_SAMPLE,new XC330 wrist components versus controlled P0.7 fixed/upper bodies; exact booleans after per-component conservative AABB broadphase; 5 degree samples only; cables guards tolerances deformation and between-sample proof excluded
50.0,30.0,0.000000000,,PASS_NOMINAL_SAMPLE,new XC330 wrist components versus controlled P0.7 fixed/upper bodies; exact booleans after per-component conservative AABB broadphase; 5 degree samples only; cables guards tolerances deformation and between-sample proof excluded
55.0,30.0,0.000000000,,PASS_NOMINAL_SAMPLE,new XC330 wrist components versus controlled P0.7 fixed/upper bodies; exact booleans after per-component conservative AABB broadphase; 5 degree samples only; cables guards tolerances deformation and between-sample proof excluded
60.0,30.0,0.000000000,,PASS_NOMINAL_SAMPLE,new XC330 wrist components versus controlled P0.7 fixed/upper bodies; exact booleans after per-component conservative AABB broadphase; 5 degree samples only; cables guards tolerances deformation and between-sample proof excluded
65.0,30.0,0.000000000,,PASS_NOMINAL_SAMPLE,new XC330 wrist components versus controlled P0.7 fixed/upper bodies; exact booleans after per-component conservative AABB broadphase; 5 degree samples only; cables guards tolerances deformation and between-sample proof excluded
70.0,30.0,0.000000000,,PASS_NOMINAL_SAMPLE,new XC330 wrist components versus controlled P0.7 fixed/upper bodies; exact booleans after per-component conservative AABB broadphase; 5 degree samples only; cables guards tolerances deformation and between-sample proof excluded
-20.0,35.0,0.000000000,,PASS_NOMINAL_SAMPLE,new XC330 wrist components versus controlled P0.7 fixed/upper bodies; exact booleans after per-component conservative AABB broadphase; 5 degree samples only; cables guards tolerances deformation and between-sample proof excluded
-15.0,35.0,0.000000000,,PASS_NOMINAL_SAMPLE,new XC330 wrist components versus controlled P0.7 fixed/upper bodies; exact booleans after per-component conservative AABB broadphase; 5 degree samples only; cables guards tolerances deformation and between-sample proof excluded
-10.0,35.0,0.000000000,,PASS_NOMINAL_SAMPLE,new XC330 wrist components versus controlled P0.7 fixed/upper bodies; exact booleans after per-component conservative AABB broadphase; 5 degree samples only; cables guards tolerances deformation and between-sample proof excluded
-5.0,35.0,0.000000000,,PASS_NOMINAL_SAMPLE,new XC330 wrist components versus controlled P0.7 fixed/upper bodies; exact booleans after per-component conservative AABB broadphase; 5 degree samples only; cables guards tolerances deformation and between-sample proof excluded
0.0,35.0,0.000000000,,PASS_NOMINAL_SAMPLE,new XC330 wrist components versus controlled P0.7 fixed/upper bodies; exact booleans after per-component conservative AABB broadphase; 5 degree samples only; cables guards tolerances deformation and between-sample proof excluded
5.0,35.0,0.000000000,,PASS_NOMINAL_SAMPLE,new XC330 wrist components versus controlled P0.7 fixed/upper bodies; exact booleans after per-component conservative AABB broadphase; 5 degree samples only; cables guards tolerances deformation and between-sample proof excluded
10.0,35.0,0.000000000,,PASS_NOMINAL_SAMPLE,new XC330 wrist components versus controlled P0.7 fixed/upper bodies; exact booleans after per-component conservative AABB broadphase; 5 degree samples only; cables guards tolerances deformation and between-sample proof excluded
15.0,35.0,0.000000000,,PASS_NOMINAL_SAMPLE,new XC330 wrist components versus controlled P0.7 fixed/upper bodies; exact booleans after per-component conservative AABB broadphase; 5 degree samples only; cables guards tolerances deformation and between-sample proof excluded
20.0,35.0,0.000000000,,PASS_NOMINAL_SAMPLE,new XC330 wrist components versus controlled P0.7 fixed/upper bodies; exact booleans after per-component conservative AABB broadphase; 5 degree samples only; cables guards tolerances deformation and between-sample proof excluded
25.0,35.0,0.000000000,,PASS_NOMINAL_SAMPLE,new XC330 wrist components versus controlled P0.7 fixed/upper bodies; exact booleans after per-component conservative AABB broadphase; 5 degree samples only; cables guards tolerances deformation and between-sample proof excluded
30.0,35.0,0.000000000,,PASS_NOMINAL_SAMPLE,new XC330 wrist components versus controlled P0.7 fixed/upper bodies; exact booleans after per-component conservative AABB broadphase; 5 degree samples only; cables guards tolerances deformation and between-sample proof excluded
35.0,35.0,0.000000000,,PASS_NOMINAL_SAMPLE,new XC330 wrist components versus controlled P0.7 fixed/upper bodies; exact booleans after per-component conservative AABB broadphase; 5 degree samples only; cables guards tolerances deformation and between-sample proof excluded
40.0,35.0,0.000000000,,PASS_NOMINAL_SAMPLE,new XC330 wrist components versus controlled P0.7 fixed/upper bodies; exact booleans after per-component conservative AABB broadphase; 5 degree samples only; cables guards tolerances deformation and between-sample proof excluded
45.0,35.0,0.000000000,,PASS_NOMINAL_SAMPLE,new XC330 wrist components versus controlled P0.7 fixed/upper bodies; exact booleans after per-component conservative AABB broadphase; 5 degree samples only; cables guards tolerances deformation and between-sample proof excluded
50.0,35.0,0.000000000,,PASS_NOMINAL_SAMPLE,new XC330 wrist components versus controlled P0.7 fixed/upper bodies; exact booleans after per-component conservative AABB broadphase; 5 degree samples only; cables guards tolerances deformation and between-sample proof excluded
55.0,35.0,0.000000000,,PASS_NOMINAL_SAMPLE,new XC330 wrist components versus controlled P0.7 fixed/upper bodies; exact booleans after per-component conservative AABB broadphase; 5 degree samples only; cables guards tolerances deformation and between-sample proof excluded
60.0,35.0,0.000000000,,PASS_NOMINAL_SAMPLE,new XC330 wrist components versus controlled P0.7 fixed/upper bodies; exact booleans after per-component conservative AABB broadphase; 5 degree samples only; cables guards tolerances deformation and between-sample proof excluded
65.0,35.0,0.000000000,,PASS_NOMINAL_SAMPLE,new XC330 wrist components versus controlled P0.7 fixed/upper bodies; exact booleans after per-component conservative AABB broadphase; 5 degree samples only; cables guards tolerances deformation and between-sample proof excluded
70.0,35.0,0.000000000,,PASS_NOMINAL_SAMPLE,new XC330 wrist components versus controlled P0.7 fixed/upper bodies; exact booleans after per-component conservative AABB broadphase; 5 degree samples only; cables guards tolerances deformation and between-sample proof excluded
-20.0,40.0,0.000000000,,PASS_NOMINAL_SAMPLE,new XC330 wrist components versus controlled P0.7 fixed/upper bodies; exact booleans after per-component conservative AABB broadphase; 5 degree samples only; cables guards tolerances deformation and between-sample proof excluded
-15.0,40.0,0.000000000,,PASS_NOMINAL_SAMPLE,new XC330 wrist components versus controlled P0.7 fixed/upper bodies; exact booleans after per-component conservative AABB broadphase; 5 degree samples only; cables guards tolerances deformation and between-sample proof excluded
-10.0,40.0,0.000000000,,PASS_NOMINAL_SAMPLE,new XC330 wrist components versus controlled P0.7 fixed/upper bodies; exact booleans after per-component conservative AABB broadphase; 5 degree samples only; cables guards tolerances deformation and between-sample proof excluded
-5.0,40.0,0.000000000,,PASS_NOMINAL_SAMPLE,new XC330 wrist components versus controlled P0.7 fixed/upper bodies; exact booleans after per-component conservative AABB broadphase; 5 degree samples only; cables guards tolerances deformation and between-sample proof excluded
0.0,40.0,0.000000000,,PASS_NOMINAL_SAMPLE,new XC330 wrist components versus controlled P0.7 fixed/upper bodies; exact booleans after per-component conservative AABB broadphase; 5 degree samples only; cables guards tolerances deformation and between-sample proof excluded
5.0,40.0,0.000000000,,PASS_NOMINAL_SAMPLE,new XC330 wrist components versus controlled P0.7 fixed/upper bodies; exact booleans after per-component conservative AABB broadphase; 5 degree samples only; cables guards tolerances deformation and between-sample proof excluded
10.0,40.0,0.000000000,,PASS_NOMINAL_SAMPLE,new XC330 wrist components versus controlled P0.7 fixed/upper bodies; exact booleans after per-component conservative AABB broadphase; 5 degree samples only; cables guards tolerances deformation and between-sample proof excluded
15.0,40.0,0.000000000,,PASS_NOMINAL_SAMPLE,new XC330 wrist components versus controlled P0.7 fixed/upper bodies; exact booleans after per-component conservative AABB broadphase; 5 degree samples only; cables guards tolerances deformation and between-sample proof excluded
20.0,40.0,0.000000000,,PASS_NOMINAL_SAMPLE,new XC330 wrist components versus controlled P0.7 fixed/upper bodies; exact booleans after per-component conservative AABB broadphase; 5 degree samples only; cables guards tolerances deformation and between-sample proof excluded
25.0,40.0,0.000000000,,PASS_NOMINAL_SAMPLE,new XC330 wrist components versus controlled P0.7 fixed/upper bodies; exact booleans after per-component conservative AABB broadphase; 5 degree samples only; cables guards tolerances deformation and between-sample proof excluded
30.0,40.0,0.000000000,,PASS_NOMINAL_SAMPLE,new XC330 wrist components versus controlled P0.7 fixed/upper bodies; exact booleans after per-component conservative AABB broadphase; 5 degree samples only; cables guards tolerances deformation and between-sample proof excluded
35.0,40.0,0.000000000,,PASS_NOMINAL_SAMPLE,new XC330 wrist components versus controlled P0.7 fixed/upper bodies; exact booleans after per-component conservative AABB broadphase; 5 degree samples only; cables guards tolerances deformation and between-sample proof excluded
40.0,40.0,0.000000000,,PASS_NOMINAL_SAMPLE,new XC330 wrist components versus controlled P0.7 fixed/upper bodies; exact booleans after per-component conservative AABB broadphase; 5 degree samples only; cables guards tolerances deformation and between-sample proof excluded
45.0,40.0,0.000000000,,PASS_NOMINAL_SAMPLE,new XC330 wrist components versus controlled P0.7 fixed/upper bodies; exact booleans after per-component conservative AABB broadphase; 5 degree samples only; cables guards tolerances deformation and between-sample proof excluded
50.0,40.0,0.000000000,,PASS_NOMINAL_SAMPLE,new XC330 wrist components versus controlled P0.7 fixed/upper bodies; exact booleans after per-component conservative AABB broadphase; 5 degree samples only; cables guards tolerances deformation and between-sample proof excluded
55.0,40.0,0.000000000,,PASS_NOMINAL_SAMPLE,new XC330 wrist components versus controlled P0.7 fixed/upper bodies; exact booleans after per-component conservative AABB broadphase; 5 degree samples only; cables guards tolerances deformation and between-sample proof excluded
60.0,40.0,0.000000000,,PASS_NOMINAL_SAMPLE,new XC330 wrist components versus controlled P0.7 fixed/upper bodies; exact booleans after per-component conservative AABB broadphase; 5 degree samples only; cables guards tolerances deformation and between-sample proof excluded
65.0,40.0,0.000000000,,PASS_NOMINAL_SAMPLE,new XC330 wrist components versus controlled P0.7 fixed/upper bodies; exact booleans after per-component conservative AABB broadphase; 5 degree samples only; cables guards tolerances deformation and between-sample proof excluded
70.0,40.0,0.000000000,,PASS_NOMINAL_SAMPLE,new XC330 wrist components versus controlled P0.7 fixed/upper bodies; exact booleans after per-component conservative AABB broadphase; 5 degree samples only; cables guards tolerances deformation and between-sample proof excluded
-20.0,45.0,0.000000000,,PASS_NOMINAL_SAMPLE,new XC330 wrist components versus controlled P0.7 fixed/upper bodies; exact booleans after per-component conservative AABB broadphase; 5 degree samples only; cables guards tolerances deformation and between-sample proof excluded
-15.0,45.0,0.000000000,,PASS_NOMINAL_SAMPLE,new XC330 wrist components versus controlled P0.7 fixed/upper bodies; exact booleans after per-component conservative AABB broadphase; 5 degree samples only; cables guards tolerances deformation and between-sample proof excluded
-10.0,45.0,0.000000000,,PASS_NOMINAL_SAMPLE,new XC330 wrist components versus controlled P0.7 fixed/upper bodies; exact booleans after per-component conservative AABB broadphase; 5 degree samples only; cables guards tolerances deformation and between-sample proof excluded
-5.0,45.0,0.000000000,,PASS_NOMINAL_SAMPLE,new XC330 wrist components versus controlled P0.7 fixed/upper bodies; exact booleans after per-component conservative AABB broadphase; 5 degree samples only; cables guards tolerances deformation and between-sample proof excluded
0.0,45.0,0.000000000,,PASS_NOMINAL_SAMPLE,new XC330 wrist components versus controlled P0.7 fixed/upper bodies; exact booleans after per-component conservative AABB broadphase; 5 degree samples only; cables guards tolerances deformation and between-sample proof excluded
5.0,45.0,0.000000000,,PASS_NOMINAL_SAMPLE,new XC330 wrist components versus controlled P0.7 fixed/upper bodies; exact booleans after per-component conservative AABB broadphase; 5 degree samples only; cables guards tolerances deformation and between-sample proof excluded
10.0,45.0,0.000000000,,PASS_NOMINAL_SAMPLE,new XC330 wrist components versus controlled P0.7 fixed/upper bodies; exact booleans after per-component conservative AABB broadphase; 5 degree samples only; cables guards tolerances deformation and between-sample proof excluded
15.0,45.0,0.000000000,,PASS_NOMINAL_SAMPLE,new XC330 wrist components versus controlled P0.7 fixed/upper bodies; exact booleans after per-component conservative AABB broadphase; 5 degree samples only; cables guards tolerances deformation and between-sample proof excluded
20.0,45.0,0.000000000,,PASS_NOMINAL_SAMPLE,new XC330 wrist components versus controlled P0.7 fixed/upper bodies; exact booleans after per-component conservative AABB broadphase; 5 degree samples only; cables guards tolerances deformation and between-sample proof excluded
25.0,45.0,0.000000000,,PASS_NOMINAL_SAMPLE,new XC330 wrist components versus controlled P0.7 fixed/upper bodies; exact booleans after per-component conservative AABB broadphase; 5 degree samples only; cables guards tolerances deformation and between-sample proof excluded
30.0,45.0,0.000000000,,PASS_NOMINAL_SAMPLE,new XC330 wrist components versus controlled P0.7 fixed/upper bodies; exact booleans after per-component conservative AABB broadphase; 5 degree samples only; cables guards tolerances deformation and between-sample proof excluded
35.0,45.0,0.000000000,,PASS_NOMINAL_SAMPLE,new XC330 wrist components versus controlled P0.7 fixed/upper bodies; exact booleans after per-component conservative AABB broadphase; 5 degree samples only; cables guards tolerances deformation and between-sample proof excluded
40.0,45.0,0.000000000,,PASS_NOMINAL_SAMPLE,new XC330 wrist components versus controlled P0.7 fixed/upper bodies; exact booleans after per-component conservative AABB broadphase; 5 degree samples only; cables guards tolerances deformation and between-sample proof excluded
45.0,45.0,0.000000000,,PASS_NOMINAL_SAMPLE,new XC330 wrist components versus controlled P0.7 fixed/upper bodies; exact booleans after per-component conservative AABB broadphase; 5 degree samples only; cables guards tolerances deformation and between-sample proof excluded
50.0,45.0,0.000000000,,PASS_NOMINAL_SAMPLE,new XC330 wrist components versus controlled P0.7 fixed/upper bodies; exact booleans after per-component conservative AABB broadphase; 5 degree samples only; cables guards tolerances deformation and between-sample proof excluded
55.0,45.0,0.000000000,,PASS_NOMINAL_SAMPLE,new XC330 wrist components versus controlled P0.7 fixed/upper bodies; exact booleans after per-component conservative AABB broadphase; 5 degree samples only; cables guards tolerances deformation and between-sample proof excluded
60.0,45.0,0.000000000,,PASS_NOMINAL_SAMPLE,new XC330 wrist components versus controlled P0.7 fixed/upper bodies; exact booleans after per-component conservative AABB broadphase; 5 degree samples only; cables guards tolerances deformation and between-sample proof excluded
65.0,45.0,0.000000000,,PASS_NOMINAL_SAMPLE,new XC330 wrist components versus controlled P0.7 fixed/upper bodies; exact booleans after per-component conservative AABB broadphase; 5 degree samples only; cables guards tolerances deformation and between-sample proof excluded
70.0,45.0,0.000000000,,PASS_NOMINAL_SAMPLE,new XC330 wrist components versus controlled P0.7 fixed/upper bodies; exact booleans after per-component conservative AABB broadphase; 5 degree samples only; cables guards tolerances deformation and between-sample proof excluded
-20.0,50.0,0.000000000,,PASS_NOMINAL_SAMPLE,new XC330 wrist components versus controlled P0.7 fixed/upper bodies; exact booleans after per-component conservative AABB broadphase; 5 degree samples only; cables guards tolerances deformation and between-sample proof excluded
-15.0,50.0,0.000000000,,PASS_NOMINAL_SAMPLE,new XC330 wrist components versus controlled P0.7 fixed/upper bodies; exact booleans after per-component conservative AABB broadphase; 5 degree samples only; cables guards tolerances deformation and between-sample proof excluded
-10.0,50.0,0.000000000,,PASS_NOMINAL_SAMPLE,new XC330 wrist components versus controlled P0.7 fixed/upper bodies; exact booleans after per-component conservative AABB broadphase; 5 degree samples only; cables guards tolerances deformation and between-sample proof excluded
-5.0,50.0,0.000000000,,PASS_NOMINAL_SAMPLE,new XC330 wrist components versus controlled P0.7 fixed/upper bodies; exact booleans after per-component conservative AABB broadphase; 5 degree samples only; cables guards tolerances deformation and between-sample proof excluded
0.0,50.0,0.000000000,,PASS_NOMINAL_SAMPLE,new XC330 wrist components versus controlled P0.7 fixed/upper bodies; exact booleans after per-component conservative AABB broadphase; 5 degree samples only; cables guards tolerances deformation and between-sample proof excluded
5.0,50.0,0.000000000,,PASS_NOMINAL_SAMPLE,new XC330 wrist components versus controlled P0.7 fixed/upper bodies; exact booleans after per-component conservative AABB broadphase; 5 degree samples only; cables guards tolerances deformation and between-sample proof excluded
10.0,50.0,0.000000000,,PASS_NOMINAL_SAMPLE,new XC330 wrist components versus controlled P0.7 fixed/upper bodies; exact booleans after per-component conservative AABB broadphase; 5 degree samples only; cables guards tolerances deformation and between-sample proof excluded
15.0,50.0,0.000000000,,PASS_NOMINAL_SAMPLE,new XC330 wrist components versus controlled P0.7 fixed/upper bodies; exact booleans after per-component conservative AABB broadphase; 5 degree samples only; cables guards tolerances deformation and between-sample proof excluded
20.0,50.0,0.000000000,,PASS_NOMINAL_SAMPLE,new XC330 wrist components versus controlled P0.7 fixed/upper bodies; exact booleans after per-component conservative AABB broadphase; 5 degree samples only; cables guards tolerances deformation and between-sample proof excluded
25.0,50.0,0.000000000,,PASS_NOMINAL_SAMPLE,new XC330 wrist components versus controlled P0.7 fixed/upper bodies; exact booleans after per-component conservative AABB broadphase; 5 degree samples only; cables guards tolerances deformation and between-sample proof excluded
30.0,50.0,0.000000000,,PASS_NOMINAL_SAMPLE,new XC330 wrist components versus controlled P0.7 fixed/upper bodies; exact booleans after per-component conservative AABB broadphase; 5 degree samples only; cables guards tolerances deformation and between-sample proof excluded
35.0,50.0,0.000000000,,PASS_NOMINAL_SAMPLE,new XC330 wrist components versus controlled P0.7 fixed/upper bodies; exact booleans after per-component conservative AABB broadphase; 5 degree samples only; cables guards tolerances deformation and between-sample proof excluded
40.0,50.0,0.000000000,,PASS_NOMINAL_SAMPLE,new XC330 wrist components versus controlled P0.7 fixed/upper bodies; exact booleans after per-component conservative AABB broadphase; 5 degree samples only; cables guards tolerances deformation and between-sample proof excluded
45.0,50.0,0.000000000,,PASS_NOMINAL_SAMPLE,new XC330 wrist components versus controlled P0.7 fixed/upper bodies; exact booleans after per-component conservative AABB broadphase; 5 degree samples only; cables guards tolerances deformation and between-sample proof excluded
50.0,50.0,0.000000000,,PASS_NOMINAL_SAMPLE,new XC330 wrist components versus controlled P0.7 fixed/upper bodies; exact booleans after per-component conservative AABB broadphase; 5 degree samples only; cables guards tolerances deformation and between-sample proof excluded
55.0,50.0,0.000000000,,PASS_NOMINAL_SAMPLE,new XC330 wrist components versus controlled P0.7 fixed/upper bodies; exact booleans after per-component conservative AABB broadphase; 5 degree samples only; cables guards tolerances deformation and between-sample proof excluded
60.0,50.0,0.000000000,,PASS_NOMINAL_SAMPLE,new XC330 wrist components versus controlled P0.7 fixed/upper bodies; exact booleans after per-component conservative AABB broadphase; 5 degree samples only; cables guards tolerances deformation and between-sample proof excluded
65.0,50.0,0.000000000,,PASS_NOMINAL_SAMPLE,new XC330 wrist components versus controlled P0.7 fixed/upper bodies; exact booleans after per-component conservative AABB broadphase; 5 degree samples only; cables guards tolerances deformation and between-sample proof excluded
70.0,50.0,0.000000000,,PASS_NOMINAL_SAMPLE,new XC330 wrist components versus controlled P0.7 fixed/upper bodies; exact booleans after per-component conservative AABB broadphase; 5 degree samples only; cables guards tolerances deformation and between-sample proof excluded
-20.0,55.0,0.000000000,,PASS_NOMINAL_SAMPLE,new XC330 wrist components versus controlled P0.7 fixed/upper bodies; exact booleans after per-component conservative AABB broadphase; 5 degree samples only; cables guards tolerances deformation and between-sample proof excluded
-15.0,55.0,0.000000000,,PASS_NOMINAL_SAMPLE,new XC330 wrist components versus controlled P0.7 fixed/upper bodies; exact booleans after per-component conservative AABB broadphase; 5 degree samples only; cables guards tolerances deformation and between-sample proof excluded
-10.0,55.0,0.000000000,,PASS_NOMINAL_SAMPLE,new XC330 wrist components versus controlled P0.7 fixed/upper bodies; exact booleans after per-component conservative AABB broadphase; 5 degree samples only; cables guards tolerances deformation and between-sample proof excluded
-5.0,55.0,0.000000000,,PASS_NOMINAL_SAMPLE,new XC330 wrist components versus controlled P0.7 fixed/upper bodies; exact booleans after per-component conservative AABB broadphase; 5 degree samples only; cables guards tolerances deformation and between-sample proof excluded
0.0,55.0,0.000000000,,PASS_NOMINAL_SAMPLE,new XC330 wrist components versus controlled P0.7 fixed/upper bodies; exact booleans after per-component conservative AABB broadphase; 5 degree samples only; cables guards tolerances deformation and between-sample proof excluded
5.0,55.0,0.000000000,,PASS_NOMINAL_SAMPLE,new XC330 wrist components versus controlled P0.7 fixed/upper bodies; exact booleans after per-component conservative AABB broadphase; 5 degree samples only; cables guards tolerances deformation and between-sample proof excluded
10.0,55.0,0.000000000,,PASS_NOMINAL_SAMPLE,new XC330 wrist components versus controlled P0.7 fixed/upper bodies; exact booleans after per-component conservative AABB broadphase; 5 degree samples only; cables guards tolerances deformation and between-sample proof excluded
15.0,55.0,0.000000000,,PASS_NOMINAL_SAMPLE,new XC330 wrist components versus controlled P0.7 fixed/upper bodies; exact booleans after per-component conservative AABB broadphase; 5 degree samples only; cables guards tolerances deformation and between-sample proof excluded
20.0,55.0,0.000000000,,PASS_NOMINAL_SAMPLE,new XC330 wrist components versus controlled P0.7 fixed/upper bodies; exact booleans after per-component conservative AABB broadphase; 5 degree samples only; cables guards tolerances deformation and between-sample proof excluded
25.0,55.0,0.000000000,,PASS_NOMINAL_SAMPLE,new XC330 wrist components versus controlled P0.7 fixed/upper bodies; exact booleans after per-component conservative AABB broadphase; 5 degree samples only; cables guards tolerances deformation and between-sample proof excluded
30.0,55.0,0.000000000,,PASS_NOMINAL_SAMPLE,new XC330 wrist components versus controlled P0.7 fixed/upper bodies; exact booleans after per-component conservative AABB broadphase; 5 degree samples only; cables guards tolerances deformation and between-sample proof excluded
35.0,55.0,0.000000000,,PASS_NOMINAL_SAMPLE,new XC330 wrist components versus controlled P0.7 fixed/upper bodies; exact booleans after per-component conservative AABB broadphase; 5 degree samples only; cables guards tolerances deformation and between-sample proof excluded
40.0,55.0,0.000000000,,PASS_NOMINAL_SAMPLE,new XC330 wrist components versus controlled P0.7 fixed/upper bodies; exact booleans after per-component conservative AABB broadphase; 5 degree samples only; cables guards tolerances deformation and between-sample proof excluded
45.0,55.0,0.000000000,,PASS_NOMINAL_SAMPLE,new XC330 wrist components versus controlled P0.7 fixed/upper bodies; exact booleans after per-component conservative AABB broadphase; 5 degree samples only; cables guards tolerances deformation and between-sample proof excluded
50.0,55.0,0.000000000,,PASS_NOMINAL_SAMPLE,new XC330 wrist components versus controlled P0.7 fixed/upper bodies; exact booleans after per-component conservative AABB broadphase; 5 degree samples only; cables guards tolerances deformation and between-sample proof excluded
55.0,55.0,0.000000000,,PASS_NOMINAL_SAMPLE,new XC330 wrist components versus controlled P0.7 fixed/upper bodies; exact booleans after per-component conservative AABB broadphase; 5 degree samples only; cables guards tolerances deformation and between-sample proof excluded
60.0,55.0,0.000000000,,PASS_NOMINAL_SAMPLE,new XC330 wrist components versus controlled P0.7 fixed/upper bodies; exact booleans after per-component conservative AABB broadphase; 5 degree samples only; cables guards tolerances deformation and between-sample proof excluded
65.0,55.0,0.000000000,,PASS_NOMINAL_SAMPLE,new XC330 wrist components versus controlled P0.7 fixed/upper bodies; exact booleans after per-component conservative AABB broadphase; 5 degree samples only; cables guards tolerances deformation and between-sample proof excluded
70.0,55.0,0.000000000,,PASS_NOMINAL_SAMPLE,new XC330 wrist components versus controlled P0.7 fixed/upper bodies; exact booleans after per-component conservative AABB broadphase; 5 degree samples only; cables guards tolerances deformation and between-sample proof excluded
-20.0,60.0,0.000000000,,PASS_NOMINAL_SAMPLE,new XC330 wrist components versus controlled P0.7 fixed/upper bodies; exact booleans after per-component conservative AABB broadphase; 5 degree samples only; cables guards tolerances deformation and between-sample proof excluded
-15.0,60.0,0.000000000,,PASS_NOMINAL_SAMPLE,new XC330 wrist components versus controlled P0.7 fixed/upper bodies; exact booleans after per-component conservative AABB broadphase; 5 degree samples only; cables guards tolerances deformation and between-sample proof excluded
-10.0,60.0,0.000000000,,PASS_NOMINAL_SAMPLE,new XC330 wrist components versus controlled P0.7 fixed/upper bodies; exact booleans after per-component conservative AABB broadphase; 5 degree samples only; cables guards tolerances deformation and between-sample proof excluded
-5.0,60.0,0.000000000,,PASS_NOMINAL_SAMPLE,new XC330 wrist components versus controlled P0.7 fixed/upper bodies; exact booleans after per-component conservative AABB broadphase; 5 degree samples only; cables guards tolerances deformation and between-sample proof excluded
0.0,60.0,0.000000000,,PASS_NOMINAL_SAMPLE,new XC330 wrist components versus controlled P0.7 fixed/upper bodies; exact booleans after per-component conservative AABB broadphase; 5 degree samples only; cables guards tolerances deformation and between-sample proof excluded
5.0,60.0,0.000000000,,PASS_NOMINAL_SAMPLE,new XC330 wrist components versus controlled P0.7 fixed/upper bodies; exact booleans after per-component conservative AABB broadphase; 5 degree samples only; cables guards tolerances deformation and between-sample proof excluded
10.0,60.0,0.000000000,,PASS_NOMINAL_SAMPLE,new XC330 wrist components versus controlled P0.7 fixed/upper bodies; exact booleans after per-component conservative AABB broadphase; 5 degree samples only; cables guards tolerances deformation and between-sample proof excluded
15.0,60.0,0.000000000,,PASS_NOMINAL_SAMPLE,new XC330 wrist components versus controlled P0.7 fixed/upper bodies; exact booleans after per-component conservative AABB broadphase; 5 degree samples only; cables guards tolerances deformation and between-sample proof excluded
20.0,60.0,0.000000000,,PASS_NOMINAL_SAMPLE,new XC330 wrist components versus controlled P0.7 fixed/upper bodies; exact booleans after per-component conservative AABB broadphase; 5 degree samples only; cables guards tolerances deformation and between-sample proof excluded
25.0,60.0,0.000000000,,PASS_NOMINAL_SAMPLE,new XC330 wrist components versus controlled P0.7 fixed/upper bodies; exact booleans after per-component conservative AABB broadphase; 5 degree samples only; cables guards tolerances deformation and between-sample proof excluded
30.0,60.0,0.000000000,,PASS_NOMINAL_SAMPLE,new XC330 wrist components versus controlled P0.7 fixed/upper bodies; exact booleans after per-component conservative AABB broadphase; 5 degree samples only; cables guards tolerances deformation and between-sample proof excluded
35.0,60.0,0.000000000,,PASS_NOMINAL_SAMPLE,new XC330 wrist components versus controlled P0.7 fixed/upper bodies; exact booleans after per-component conservative AABB broadphase; 5 degree samples only; cables guards tolerances deformation and between-sample proof excluded
40.0,60.0,0.000000000,,PASS_NOMINAL_SAMPLE,new XC330 wrist components versus controlled P0.7 fixed/upper bodies; exact booleans after per-component conservative AABB broadphase; 5 degree samples only; cables guards tolerances deformation and between-sample proof excluded
45.0,60.0,0.000000000,,PASS_NOMINAL_SAMPLE,new XC330 wrist components versus controlled P0.7 fixed/upper bodies; exact booleans after per-component conservative AABB broadphase; 5 degree samples only; cables guards tolerances deformation and between-sample proof excluded
50.0,60.0,0.000000000,,PASS_NOMINAL_SAMPLE,new XC330 wrist components versus controlled P0.7 fixed/upper bodies; exact booleans after per-component conservative AABB broadphase; 5 degree samples only; cables guards tolerances deformation and between-sample proof excluded
55.0,60.0,0.000000000,,PASS_NOMINAL_SAMPLE,new XC330 wrist components versus controlled P0.7 fixed/upper bodies; exact booleans after per-component conservative AABB broadphase; 5 degree samples only; cables guards tolerances deformation and between-sample proof excluded
60.0,60.0,0.000000000,,PASS_NOMINAL_SAMPLE,new XC330 wrist components versus controlled P0.7 fixed/upper bodies; exact booleans after per-component conservative AABB broadphase; 5 degree samples only; cables guards tolerances deformation and between-sample proof excluded
65.0,60.0,0.000000000,,PASS_NOMINAL_SAMPLE,new XC330 wrist components versus controlled P0.7 fixed/upper bodies; exact booleans after per-component conservative AABB broadphase; 5 degree samples only; cables guards tolerances deformation and between-sample proof excluded
70.0,60.0,0.000000000,,PASS_NOMINAL_SAMPLE,new XC330 wrist components versus controlled P0.7 fixed/upper bodies; exact booleans after per-component conservative AABB broadphase; 5 degree samples only; cables guards tolerances deformation and between-sample proof excluded
-20.0,65.0,0.000000000,,PASS_NOMINAL_SAMPLE,new XC330 wrist components versus controlled P0.7 fixed/upper bodies; exact booleans after per-component conservative AABB broadphase; 5 degree samples only; cables guards tolerances deformation and between-sample proof excluded
-15.0,65.0,0.000000000,,PASS_NOMINAL_SAMPLE,new XC330 wrist components versus controlled P0.7 fixed/upper bodies; exact booleans after per-component conservative AABB broadphase; 5 degree samples only; cables guards tolerances deformation and between-sample proof excluded
-10.0,65.0,0.000000000,,PASS_NOMINAL_SAMPLE,new XC330 wrist components versus controlled P0.7 fixed/upper bodies; exact booleans after per-component conservative AABB broadphase; 5 degree samples only; cables guards tolerances deformation and between-sample proof excluded
-5.0,65.0,0.000000000,,PASS_NOMINAL_SAMPLE,new XC330 wrist components versus controlled P0.7 fixed/upper bodies; exact booleans after per-component conservative AABB broadphase; 5 degree samples only; cables guards tolerances deformation and between-sample proof excluded
0.0,65.0,0.000000000,,PASS_NOMINAL_SAMPLE,new XC330 wrist components versus controlled P0.7 fixed/upper bodies; exact booleans after per-component conservative AABB broadphase; 5 degree samples only; cables guards tolerances deformation and between-sample proof excluded
5.0,65.0,0.000000000,,PASS_NOMINAL_SAMPLE,new XC330 wrist components versus controlled P0.7 fixed/upper bodies; exact booleans after per-component conservative AABB broadphase; 5 degree samples only; cables guards tolerances deformation and between-sample proof excluded
10.0,65.0,0.000000000,,PASS_NOMINAL_SAMPLE,new XC330 wrist components versus controlled P0.7 fixed/upper bodies; exact booleans after per-component conservative AABB broadphase; 5 degree samples only; cables guards tolerances deformation and between-sample proof excluded
15.0,65.0,0.000000000,,PASS_NOMINAL_SAMPLE,new XC330 wrist components versus controlled P0.7 fixed/upper bodies; exact booleans after per-component conservative AABB broadphase; 5 degree samples only; cables guards tolerances deformation and between-sample proof excluded
20.0,65.0,0.000000000,,PASS_NOMINAL_SAMPLE,new XC330 wrist components versus controlled P0.7 fixed/upper bodies; exact booleans after per-component conservative AABB broadphase; 5 degree samples only; cables guards tolerances deformation and between-sample proof excluded
25.0,65.0,0.000000000,,PASS_NOMINAL_SAMPLE,new XC330 wrist components versus controlled P0.7 fixed/upper bodies; exact booleans after per-component conservative AABB broadphase; 5 degree samples only; cables guards tolerances deformation and between-sample proof excluded
30.0,65.0,0.000000000,,PASS_NOMINAL_SAMPLE,new XC330 wrist components versus controlled P0.7 fixed/upper bodies; exact booleans after per-component conservative AABB broadphase; 5 degree samples only; cables guards tolerances deformation and between-sample proof excluded
35.0,65.0,0.000000000,,PASS_NOMINAL_SAMPLE,new XC330 wrist components versus controlled P0.7 fixed/upper bodies; exact booleans after per-component conservative AABB broadphase; 5 degree samples only; cables guards tolerances deformation and between-sample proof excluded
40.0,65.0,0.000000000,,PASS_NOMINAL_SAMPLE,new XC330 wrist components versus controlled P0.7 fixed/upper bodies; exact booleans after per-component conservative AABB broadphase; 5 degree samples only; cables guards tolerances deformation and between-sample proof excluded
45.0,65.0,0.000000000,,PASS_NOMINAL_SAMPLE,new XC330 wrist components versus controlled P0.7 fixed/upper bodies; exact booleans after per-component conservative AABB broadphase; 5 degree samples only; cables guards tolerances deformation and between-sample proof excluded
50.0,65.0,0.000000000,,PASS_NOMINAL_SAMPLE,new XC330 wrist components versus controlled P0.7 fixed/upper bodies; exact booleans after per-component conservative AABB broadphase; 5 degree samples only; cables guards tolerances deformation and between-sample proof excluded
55.0,65.0,0.000000000,,PASS_NOMINAL_SAMPLE,new XC330 wrist components versus controlled P0.7 fixed/upper bodies; exact booleans after per-component conservative AABB broadphase; 5 degree samples only; cables guards tolerances deformation and between-sample proof excluded
60.0,65.0,0.000000000,,PASS_NOMINAL_SAMPLE,new XC330 wrist components versus controlled P0.7 fixed/upper bodies; exact booleans after per-component conservative AABB broadphase; 5 degree samples only; cables guards tolerances deformation and between-sample proof excluded
65.0,65.0,0.000000000,,PASS_NOMINAL_SAMPLE,new XC330 wrist components versus controlled P0.7 fixed/upper bodies; exact booleans after per-component conservative AABB broadphase; 5 degree samples only; cables guards tolerances deformation and between-sample proof excluded
70.0,65.0,0.000000000,,PASS_NOMINAL_SAMPLE,new XC330 wrist components versus controlled P0.7 fixed/upper bodies; exact booleans after per-component conservative AABB broadphase; 5 degree samples only; cables guards tolerances deformation and between-sample proof excluded
-20.0,70.0,0.000000000,,PASS_NOMINAL_SAMPLE,new XC330 wrist components versus controlled P0.7 fixed/upper bodies; exact booleans after per-component conservative AABB broadphase; 5 degree samples only; cables guards tolerances deformation and between-sample proof excluded
-15.0,70.0,0.000000000,,PASS_NOMINAL_SAMPLE,new XC330 wrist components versus controlled P0.7 fixed/upper bodies; exact booleans after per-component conservative AABB broadphase; 5 degree samples only; cables guards tolerances deformation and between-sample proof excluded
-10.0,70.0,0.000000000,,PASS_NOMINAL_SAMPLE,new XC330 wrist components versus controlled P0.7 fixed/upper bodies; exact booleans after per-component conservative AABB broadphase; 5 degree samples only; cables guards tolerances deformation and between-sample proof excluded
-5.0,70.0,0.000000000,,PASS_NOMINAL_SAMPLE,new XC330 wrist components versus controlled P0.7 fixed/upper bodies; exact booleans after per-component conservative AABB broadphase; 5 degree samples only; cables guards tolerances deformation and between-sample proof excluded
0.0,70.0,0.000000000,,PASS_NOMINAL_SAMPLE,new XC330 wrist components versus controlled P0.7 fixed/upper bodies; exact booleans after per-component conservative AABB broadphase; 5 degree samples only; cables guards tolerances deformation and between-sample proof excluded
5.0,70.0,0.000000000,,PASS_NOMINAL_SAMPLE,new XC330 wrist components versus controlled P0.7 fixed/upper bodies; exact booleans after per-component conservative AABB broadphase; 5 degree samples only; cables guards tolerances deformation and between-sample proof excluded
10.0,70.0,0.000000000,,PASS_NOMINAL_SAMPLE,new XC330 wrist components versus controlled P0.7 fixed/upper bodies; exact booleans after per-component conservative AABB broadphase; 5 degree samples only; cables guards tolerances deformation and between-sample proof excluded
15.0,70.0,0.000000000,,PASS_NOMINAL_SAMPLE,new XC330 wrist components versus controlled P0.7 fixed/upper bodies; exact booleans after per-component conservative AABB broadphase; 5 degree samples only; cables guards tolerances deformation and between-sample proof excluded
20.0,70.0,0.000000000,,PASS_NOMINAL_SAMPLE,new XC330 wrist components versus controlled P0.7 fixed/upper bodies; exact booleans after per-component conservative AABB broadphase; 5 degree samples only; cables guards tolerances deformation and between-sample proof excluded
25.0,70.0,0.000000000,,PASS_NOMINAL_SAMPLE,new XC330 wrist components versus controlled P0.7 fixed/upper bodies; exact booleans after per-component conservative AABB broadphase; 5 degree samples only; cables guards tolerances deformation and between-sample proof excluded
30.0,70.0,0.000000000,,PASS_NOMINAL_SAMPLE,new XC330 wrist components versus controlled P0.7 fixed/upper bodies; exact booleans after per-component conservative AABB broadphase; 5 degree samples only; cables guards tolerances deformation and between-sample proof excluded
35.0,70.0,0.000000000,,PASS_NOMINAL_SAMPLE,new XC330 wrist components versus controlled P0.7 fixed/upper bodies; exact booleans after per-component conservative AABB broadphase; 5 degree samples only; cables guards tolerances deformation and between-sample proof excluded
40.0,70.0,0.000000000,,PASS_NOMINAL_SAMPLE,new XC330 wrist components versus controlled P0.7 fixed/upper bodies; exact booleans after per-component conservative AABB broadphase; 5 degree samples only; cables guards tolerances deformation and between-sample proof excluded
45.0,70.0,0.000000000,,PASS_NOMINAL_SAMPLE,new XC330 wrist components versus controlled P0.7 fixed/upper bodies; exact booleans after per-component conservative AABB broadphase; 5 degree samples only; cables guards tolerances deformation and between-sample proof excluded
50.0,70.0,0.000000000,,PASS_NOMINAL_SAMPLE,new XC330 wrist components versus controlled P0.7 fixed/upper bodies; exact booleans after per-component conservative AABB broadphase; 5 degree samples only; cables guards tolerances deformation and between-sample proof excluded
55.0,70.0,0.000000000,,PASS_NOMINAL_SAMPLE,new XC330 wrist components versus controlled P0.7 fixed/upper bodies; exact booleans after per-component conservative AABB broadphase; 5 degree samples only; cables guards tolerances deformation and between-sample proof excluded
60.0,70.0,0.000000000,,PASS_NOMINAL_SAMPLE,new XC330 wrist components versus controlled P0.7 fixed/upper bodies; exact booleans after per-component conservative AABB broadphase; 5 degree samples only; cables guards tolerances deformation and between-sample proof excluded
65.0,70.0,0.000000000,,PASS_NOMINAL_SAMPLE,new XC330 wrist components versus controlled P0.7 fixed/upper bodies; exact booleans after per-component conservative AABB broadphase; 5 degree samples only; cables guards tolerances deformation and between-sample proof excluded
70.0,70.0,0.000000000,,PASS_NOMINAL_SAMPLE,new XC330 wrist components versus controlled P0.7 fixed/upper bodies; exact booleans after per-component conservative AABB broadphase; 5 degree samples only; cables guards tolerances deformation and between-sample proof excluded
-20.0,75.0,0.000000000,,PASS_NOMINAL_SAMPLE,new XC330 wrist components versus controlled P0.7 fixed/upper bodies; exact booleans after per-component conservative AABB broadphase; 5 degree samples only; cables guards tolerances deformation and between-sample proof excluded
-15.0,75.0,0.000000000,,PASS_NOMINAL_SAMPLE,new XC330 wrist components versus controlled P0.7 fixed/upper bodies; exact booleans after per-component conservative AABB broadphase; 5 degree samples only; cables guards tolerances deformation and between-sample proof excluded
-10.0,75.0,0.000000000,,PASS_NOMINAL_SAMPLE,new XC330 wrist components versus controlled P0.7 fixed/upper bodies; exact booleans after per-component conservative AABB broadphase; 5 degree samples only; cables guards tolerances deformation and between-sample proof excluded
-5.0,75.0,0.000000000,,PASS_NOMINAL_SAMPLE,new XC330 wrist components versus controlled P0.7 fixed/upper bodies; exact booleans after per-component conservative AABB broadphase; 5 degree samples only; cables guards tolerances deformation and between-sample proof excluded
0.0,75.0,0.000000000,,PASS_NOMINAL_SAMPLE,new XC330 wrist components versus controlled P0.7 fixed/upper bodies; exact booleans after per-component conservative AABB broadphase; 5 degree samples only; cables guards tolerances deformation and between-sample proof excluded
5.0,75.0,0.000000000,,PASS_NOMINAL_SAMPLE,new XC330 wrist components versus controlled P0.7 fixed/upper bodies; exact booleans after per-component conservative AABB broadphase; 5 degree samples only; cables guards tolerances deformation and between-sample proof excluded
10.0,75.0,0.000000000,,PASS_NOMINAL_SAMPLE,new XC330 wrist components versus controlled P0.7 fixed/upper bodies; exact booleans after per-component conservative AABB broadphase; 5 degree samples only; cables guards tolerances deformation and between-sample proof excluded
15.0,75.0,0.000000000,,PASS_NOMINAL_SAMPLE,new XC330 wrist components versus controlled P0.7 fixed/upper bodies; exact booleans after per-component conservative AABB broadphase; 5 degree samples only; cables guards tolerances deformation and between-sample proof excluded
20.0,75.0,0.000000000,,PASS_NOMINAL_SAMPLE,new XC330 wrist components versus controlled P0.7 fixed/upper bodies; exact booleans after per-component conservative AABB broadphase; 5 degree samples only; cables guards tolerances deformation and between-sample proof excluded
25.0,75.0,0.000000000,,PASS_NOMINAL_SAMPLE,new XC330 wrist components versus controlled P0.7 fixed/upper bodies; exact booleans after per-component conservative AABB broadphase; 5 degree samples only; cables guards tolerances deformation and between-sample proof excluded
30.0,75.0,0.000000000,,PASS_NOMINAL_SAMPLE,new XC330 wrist components versus controlled P0.7 fixed/upper bodies; exact booleans after per-component conservative AABB broadphase; 5 degree samples only; cables guards tolerances deformation and between-sample proof excluded
35.0,75.0,0.000000000,,PASS_NOMINAL_SAMPLE,new XC330 wrist components versus controlled P0.7 fixed/upper bodies; exact booleans after per-component conservative AABB broadphase; 5 degree samples only; cables guards tolerances deformation and between-sample proof excluded
40.0,75.0,0.000000000,,PASS_NOMINAL_SAMPLE,new XC330 wrist components versus controlled P0.7 fixed/upper bodies; exact booleans after per-component conservative AABB broadphase; 5 degree samples only; cables guards tolerances deformation and between-sample proof excluded
45.0,75.0,0.000000000,,PASS_NOMINAL_SAMPLE,new XC330 wrist components versus controlled P0.7 fixed/upper bodies; exact booleans after per-component conservative AABB broadphase; 5 degree samples only; cables guards tolerances deformation and between-sample proof excluded
50.0,75.0,0.000000000,,PASS_NOMINAL_SAMPLE,new XC330 wrist components versus controlled P0.7 fixed/upper bodies; exact booleans after per-component conservative AABB broadphase; 5 degree samples only; cables guards tolerances deformation and between-sample proof excluded
55.0,75.0,0.000000000,,PASS_NOMINAL_SAMPLE,new XC330 wrist components versus controlled P0.7 fixed/upper bodies; exact booleans after per-component conservative AABB broadphase; 5 degree samples only; cables guards tolerances deformation and between-sample proof excluded
60.0,75.0,0.000000000,,PASS_NOMINAL_SAMPLE,new XC330 wrist components versus controlled P0.7 fixed/upper bodies; exact booleans after per-component conservative AABB broadphase; 5 degree samples only; cables guards tolerances deformation and between-sample proof excluded
65.0,75.0,0.000000000,,PASS_NOMINAL_SAMPLE,new XC330 wrist components versus controlled P0.7 fixed/upper bodies; exact booleans after per-component conservative AABB broadphase; 5 degree samples only; cables guards tolerances deformation and between-sample proof excluded
70.0,75.0,0.000000000,,PASS_NOMINAL_SAMPLE,new XC330 wrist components versus controlled P0.7 fixed/upper bodies; exact booleans after per-component conservative AABB broadphase; 5 degree samples only; cables guards tolerances deformation and between-sample proof excluded
-20.0,80.0,0.000000000,,PASS_NOMINAL_SAMPLE,new XC330 wrist components versus controlled P0.7 fixed/upper bodies; exact booleans after per-component conservative AABB broadphase; 5 degree samples only; cables guards tolerances deformation and between-sample proof excluded
-15.0,80.0,0.000000000,,PASS_NOMINAL_SAMPLE,new XC330 wrist components versus controlled P0.7 fixed/upper bodies; exact booleans after per-component conservative AABB broadphase; 5 degree samples only; cables guards tolerances deformation and between-sample proof excluded
-10.0,80.0,0.000000000,,PASS_NOMINAL_SAMPLE,new XC330 wrist components versus controlled P0.7 fixed/upper bodies; exact booleans after per-component conservative AABB broadphase; 5 degree samples only; cables guards tolerances deformation and between-sample proof excluded
-5.0,80.0,0.000000000,,PASS_NOMINAL_SAMPLE,new XC330 wrist components versus controlled P0.7 fixed/upper bodies; exact booleans after per-component conservative AABB broadphase; 5 degree samples only; cables guards tolerances deformation and between-sample proof excluded
0.0,80.0,0.000000000,,PASS_NOMINAL_SAMPLE,new XC330 wrist components versus controlled P0.7 fixed/upper bodies; exact booleans after per-component conservative AABB broadphase; 5 degree samples only; cables guards tolerances deformation and between-sample proof excluded
5.0,80.0,0.000000000,,PASS_NOMINAL_SAMPLE,new XC330 wrist components versus controlled P0.7 fixed/upper bodies; exact booleans after per-component conservative AABB broadphase; 5 degree samples only; cables guards tolerances deformation and between-sample proof excluded
10.0,80.0,0.000000000,,PASS_NOMINAL_SAMPLE,new XC330 wrist components versus controlled P0.7 fixed/upper bodies; exact booleans after per-component conservative AABB broadphase; 5 degree samples only; cables guards tolerances deformation and between-sample proof excluded
15.0,80.0,0.000000000,,PASS_NOMINAL_SAMPLE,new XC330 wrist components versus controlled P0.7 fixed/upper bodies; exact booleans after per-component conservative AABB broadphase; 5 degree samples only; cables guards tolerances deformation and between-sample proof excluded
20.0,80.0,0.000000000,,PASS_NOMINAL_SAMPLE,new XC330 wrist components versus controlled P0.7 fixed/upper bodies; exact booleans after per-component conservative AABB broadphase; 5 degree samples only; cables guards tolerances deformation and between-sample proof excluded
25.0,80.0,0.000000000,,PASS_NOMINAL_SAMPLE,new XC330 wrist components versus controlled P0.7 fixed/upper bodies; exact booleans after per-component conservative AABB broadphase; 5 degree samples only; cables guards tolerances deformation and between-sample proof excluded
30.0,80.0,0.000000000,,PASS_NOMINAL_SAMPLE,new XC330 wrist components versus controlled P0.7 fixed/upper bodies; exact booleans after per-component conservative AABB broadphase; 5 degree samples only; cables guards tolerances deformation and between-sample proof excluded
35.0,80.0,0.000000000,,PASS_NOMINAL_SAMPLE,new XC330 wrist components versus controlled P0.7 fixed/upper bodies; exact booleans after per-component conservative AABB broadphase; 5 degree samples only; cables guards tolerances deformation and between-sample proof excluded
40.0,80.0,0.000000000,,PASS_NOMINAL_SAMPLE,new XC330 wrist components versus controlled P0.7 fixed/upper bodies; exact booleans after per-component conservative AABB broadphase; 5 degree samples only; cables guards tolerances deformation and between-sample proof excluded
45.0,80.0,0.000000000,,PASS_NOMINAL_SAMPLE,new XC330 wrist components versus controlled P0.7 fixed/upper bodies; exact booleans after per-component conservative AABB broadphase; 5 degree samples only; cables guards tolerances deformation and between-sample proof excluded
50.0,80.0,0.000000000,,PASS_NOMINAL_SAMPLE,new XC330 wrist components versus controlled P0.7 fixed/upper bodies; exact booleans after per-component conservative AABB broadphase; 5 degree samples only; cables guards tolerances deformation and between-sample proof excluded
55.0,80.0,0.000000000,,PASS_NOMINAL_SAMPLE,new XC330 wrist components versus controlled P0.7 fixed/upper bodies; exact booleans after per-component conservative AABB broadphase; 5 degree samples only; cables guards tolerances deformation and between-sample proof excluded
60.0,80.0,0.000000000,,PASS_NOMINAL_SAMPLE,new XC330 wrist components versus controlled P0.7 fixed/upper bodies; exact booleans after per-component conservative AABB broadphase; 5 degree samples only; cables guards tolerances deformation and between-sample proof excluded
65.0,80.0,0.000000000,,PASS_NOMINAL_SAMPLE,new XC330 wrist components versus controlled P0.7 fixed/upper bodies; exact booleans after per-component conservative AABB broadphase; 5 degree samples only; cables guards tolerances deformation and between-sample proof excluded
70.0,80.0,0.000000000,,PASS_NOMINAL_SAMPLE,new XC330 wrist components versus controlled P0.7 fixed/upper bodies; exact booleans after per-component conservative AABB broadphase; 5 degree samples only; cables guards tolerances deformation and between-sample proof excluded
-20.0,85.0,0.000000000,,PASS_NOMINAL_SAMPLE,new XC330 wrist components versus controlled P0.7 fixed/upper bodies; exact booleans after per-component conservative AABB broadphase; 5 degree samples only; cables guards tolerances deformation and between-sample proof excluded
-15.0,85.0,0.000000000,,PASS_NOMINAL_SAMPLE,new XC330 wrist components versus controlled P0.7 fixed/upper bodies; exact booleans after per-component conservative AABB broadphase; 5 degree samples only; cables guards tolerances deformation and between-sample proof excluded
-10.0,85.0,0.000000000,,PASS_NOMINAL_SAMPLE,new XC330 wrist components versus controlled P0.7 fixed/upper bodies; exact booleans after per-component conservative AABB broadphase; 5 degree samples only; cables guards tolerances deformation and between-sample proof excluded
-5.0,85.0,0.000000000,,PASS_NOMINAL_SAMPLE,new XC330 wrist components versus controlled P0.7 fixed/upper bodies; exact booleans after per-component conservative AABB broadphase; 5 degree samples only; cables guards tolerances deformation and between-sample proof excluded
0.0,85.0,0.000000000,,PASS_NOMINAL_SAMPLE,new XC330 wrist components versus controlled P0.7 fixed/upper bodies; exact booleans after per-component conservative AABB broadphase; 5 degree samples only; cables guards tolerances deformation and between-sample proof excluded
5.0,85.0,0.000000000,,PASS_NOMINAL_SAMPLE,new XC330 wrist components versus controlled P0.7 fixed/upper bodies; exact booleans after per-component conservative AABB broadphase; 5 degree samples only; cables guards tolerances deformation and between-sample proof excluded
10.0,85.0,0.000000000,,PASS_NOMINAL_SAMPLE,new XC330 wrist components versus controlled P0.7 fixed/upper bodies; exact booleans after per-component conservative AABB broadphase; 5 degree samples only; cables guards tolerances deformation and between-sample proof excluded
15.0,85.0,0.000000000,,PASS_NOMINAL_SAMPLE,new XC330 wrist components versus controlled P0.7 fixed/upper bodies; exact booleans after per-component conservative AABB broadphase; 5 degree samples only; cables guards tolerances deformation and between-sample proof excluded
20.0,85.0,0.000000000,,PASS_NOMINAL_SAMPLE,new XC330 wrist components versus controlled P0.7 fixed/upper bodies; exact booleans after per-component conservative AABB broadphase; 5 degree samples only; cables guards tolerances deformation and between-sample proof excluded
25.0,85.0,0.000000000,,PASS_NOMINAL_SAMPLE,new XC330 wrist components versus controlled P0.7 fixed/upper bodies; exact booleans after per-component conservative AABB broadphase; 5 degree samples only; cables guards tolerances deformation and between-sample proof excluded
30.0,85.0,0.000000000,,PASS_NOMINAL_SAMPLE,new XC330 wrist components versus controlled P0.7 fixed/upper bodies; exact booleans after per-component conservative AABB broadphase; 5 degree samples only; cables guards tolerances deformation and between-sample proof excluded
35.0,85.0,0.000000000,,PASS_NOMINAL_SAMPLE,new XC330 wrist components versus controlled P0.7 fixed/upper bodies; exact booleans after per-component conservative AABB broadphase; 5 degree samples only; cables guards tolerances deformation and between-sample proof excluded
40.0,85.0,0.000000000,,PASS_NOMINAL_SAMPLE,new XC330 wrist components versus controlled P0.7 fixed/upper bodies; exact booleans after per-component conservative AABB broadphase; 5 degree samples only; cables guards tolerances deformation and between-sample proof excluded
45.0,85.0,0.000000000,,PASS_NOMINAL_SAMPLE,new XC330 wrist components versus controlled P0.7 fixed/upper bodies; exact booleans after per-component conservative AABB broadphase; 5 degree samples only; cables guards tolerances deformation and between-sample proof excluded
50.0,85.0,0.000000000,,PASS_NOMINAL_SAMPLE,new XC330 wrist components versus controlled P0.7 fixed/upper bodies; exact booleans after per-component conservative AABB broadphase; 5 degree samples only; cables guards tolerances deformation and between-sample proof excluded
55.0,85.0,0.000000000,,PASS_NOMINAL_SAMPLE,new XC330 wrist components versus controlled P0.7 fixed/upper bodies; exact booleans after per-component conservative AABB broadphase; 5 degree samples only; cables guards tolerances deformation and between-sample proof excluded
60.0,85.0,0.000000000,,PASS_NOMINAL_SAMPLE,new XC330 wrist components versus controlled P0.7 fixed/upper bodies; exact booleans after per-component conservative AABB broadphase; 5 degree samples only; cables guards tolerances deformation and between-sample proof excluded
65.0,85.0,0.000000000,,PASS_NOMINAL_SAMPLE,new XC330 wrist components versus controlled P0.7 fixed/upper bodies; exact booleans after per-component conservative AABB broadphase; 5 degree samples only; cables guards tolerances deformation and between-sample proof excluded
70.0,85.0,0.000000000,,PASS_NOMINAL_SAMPLE,new XC330 wrist components versus controlled P0.7 fixed/upper bodies; exact booleans after per-component conservative AABB broadphase; 5 degree samples only; cables guards tolerances deformation and between-sample proof excluded
-20.0,90.0,0.000000000,,PASS_NOMINAL_SAMPLE,new XC330 wrist components versus controlled P0.7 fixed/upper bodies; exact booleans after per-component conservative AABB broadphase; 5 degree samples only; cables guards tolerances deformation and between-sample proof excluded
-15.0,90.0,0.000000000,,PASS_NOMINAL_SAMPLE,new XC330 wrist components versus controlled P0.7 fixed/upper bodies; exact booleans after per-component conservative AABB broadphase; 5 degree samples only; cables guards tolerances deformation and between-sample proof excluded
-10.0,90.0,0.000000000,,PASS_NOMINAL_SAMPLE,new XC330 wrist components versus controlled P0.7 fixed/upper bodies; exact booleans after per-component conservative AABB broadphase; 5 degree samples only; cables guards tolerances deformation and between-sample proof excluded
-5.0,90.0,0.000000000,,PASS_NOMINAL_SAMPLE,new XC330 wrist components versus controlled P0.7 fixed/upper bodies; exact booleans after per-component conservative AABB broadphase; 5 degree samples only; cables guards tolerances deformation and between-sample proof excluded
0.0,90.0,0.000000000,,PASS_NOMINAL_SAMPLE,new XC330 wrist components versus controlled P0.7 fixed/upper bodies; exact booleans after per-component conservative AABB broadphase; 5 degree samples only; cables guards tolerances deformation and between-sample proof excluded
5.0,90.0,0.000000000,,PASS_NOMINAL_SAMPLE,new XC330 wrist components versus controlled P0.7 fixed/upper bodies; exact booleans after per-component conservative AABB broadphase; 5 degree samples only; cables guards tolerances deformation and between-sample proof excluded
10.0,90.0,0.000000000,,PASS_NOMINAL_SAMPLE,new XC330 wrist components versus controlled P0.7 fixed/upper bodies; exact booleans after per-component conservative AABB broadphase; 5 degree samples only; cables guards tolerances deformation and between-sample proof excluded
15.0,90.0,0.000000000,,PASS_NOMINAL_SAMPLE,new XC330 wrist components versus controlled P0.7 fixed/upper bodies; exact booleans after per-component conservative AABB broadphase; 5 degree samples only; cables guards tolerances deformation and between-sample proof excluded
20.0,90.0,0.000000000,,PASS_NOMINAL_SAMPLE,new XC330 wrist components versus controlled P0.7 fixed/upper bodies; exact booleans after per-component conservative AABB broadphase; 5 degree samples only; cables guards tolerances deformation and between-sample proof excluded
25.0,90.0,0.000000000,,PASS_NOMINAL_SAMPLE,new XC330 wrist components versus controlled P0.7 fixed/upper bodies; exact booleans after per-component conservative AABB broadphase; 5 degree samples only; cables guards tolerances deformation and between-sample proof excluded
30.0,90.0,0.000000000,,PASS_NOMINAL_SAMPLE,new XC330 wrist components versus controlled P0.7 fixed/upper bodies; exact booleans after per-component conservative AABB broadphase; 5 degree samples only; cables guards tolerances deformation and between-sample proof excluded
35.0,90.0,0.000000000,,PASS_NOMINAL_SAMPLE,new XC330 wrist components versus controlled P0.7 fixed/upper bodies; exact booleans after per-component conservative AABB broadphase; 5 degree samples only; cables guards tolerances deformation and between-sample proof excluded
40.0,90.0,0.000000000,,PASS_NOMINAL_SAMPLE,new XC330 wrist components versus controlled P0.7 fixed/upper bodies; exact booleans after per-component conservative AABB broadphase; 5 degree samples only; cables guards tolerances deformation and between-sample proof excluded
45.0,90.0,0.000000000,,PASS_NOMINAL_SAMPLE,new XC330 wrist components versus controlled P0.7 fixed/upper bodies; exact booleans after per-component conservative AABB broadphase; 5 degree samples only; cables guards tolerances deformation and between-sample proof excluded
50.0,90.0,0.000000000,,PASS_NOMINAL_SAMPLE,new XC330 wrist components versus controlled P0.7 fixed/upper bodies; exact booleans after per-component conservative AABB broadphase; 5 degree samples only; cables guards tolerances deformation and between-sample proof excluded
55.0,90.0,0.000000000,,PASS_NOMINAL_SAMPLE,new XC330 wrist components versus controlled P0.7 fixed/upper bodies; exact booleans after per-component conservative AABB broadphase; 5 degree samples only; cables guards tolerances deformation and between-sample proof excluded
60.0,90.0,0.000000000,,PASS_NOMINAL_SAMPLE,new XC330 wrist components versus controlled P0.7 fixed/upper bodies; exact booleans after per-component conservative AABB broadphase; 5 degree samples only; cables guards tolerances deformation and between-sample proof excluded
65.0,90.0,0.000000000,,PASS_NOMINAL_SAMPLE,new XC330 wrist components versus controlled P0.7 fixed/upper bodies; exact booleans after per-component conservative AABB broadphase; 5 degree samples only; cables guards tolerances deformation and between-sample proof excluded
70.0,90.0,0.000000000,,PASS_NOMINAL_SAMPLE,new XC330 wrist components versus controlled P0.7 fixed/upper bodies; exact booleans after per-component conservative AABB broadphase; 5 degree samples only; cables guards tolerances deformation and between-sample proof excluded
-20.0,95.0,0.000000000,,PASS_NOMINAL_SAMPLE,new XC330 wrist components versus controlled P0.7 fixed/upper bodies; exact booleans after per-component conservative AABB broadphase; 5 degree samples only; cables guards tolerances deformation and between-sample proof excluded
-15.0,95.0,0.000000000,,PASS_NOMINAL_SAMPLE,new XC330 wrist components versus controlled P0.7 fixed/upper bodies; exact booleans after per-component conservative AABB broadphase; 5 degree samples only; cables guards tolerances deformation and between-sample proof excluded
-10.0,95.0,0.000000000,,PASS_NOMINAL_SAMPLE,new XC330 wrist components versus controlled P0.7 fixed/upper bodies; exact booleans after per-component conservative AABB broadphase; 5 degree samples only; cables guards tolerances deformation and between-sample proof excluded
-5.0,95.0,0.000000000,,PASS_NOMINAL_SAMPLE,new XC330 wrist components versus controlled P0.7 fixed/upper bodies; exact booleans after per-component conservative AABB broadphase; 5 degree samples only; cables guards tolerances deformation and between-sample proof excluded
0.0,95.0,0.000000000,,PASS_NOMINAL_SAMPLE,new XC330 wrist components versus controlled P0.7 fixed/upper bodies; exact booleans after per-component conservative AABB broadphase; 5 degree samples only; cables guards tolerances deformation and between-sample proof excluded
5.0,95.0,0.000000000,,PASS_NOMINAL_SAMPLE,new XC330 wrist components versus controlled P0.7 fixed/upper bodies; exact booleans after per-component conservative AABB broadphase; 5 degree samples only; cables guards tolerances deformation and between-sample proof excluded
10.0,95.0,0.000000000,,PASS_NOMINAL_SAMPLE,new XC330 wrist components versus controlled P0.7 fixed/upper bodies; exact booleans after per-component conservative AABB broadphase; 5 degree samples only; cables guards tolerances deformation and between-sample proof excluded
15.0,95.0,0.000000000,,PASS_NOMINAL_SAMPLE,new XC330 wrist components versus controlled P0.7 fixed/upper bodies; exact booleans after per-component conservative AABB broadphase; 5 degree samples only; cables guards tolerances deformation and between-sample proof excluded
20.0,95.0,0.000000000,,PASS_NOMINAL_SAMPLE,new XC330 wrist components versus controlled P0.7 fixed/upper bodies; exact booleans after per-component conservative AABB broadphase; 5 degree samples only; cables guards tolerances deformation and between-sample proof excluded
25.0,95.0,0.000000000,,PASS_NOMINAL_SAMPLE,new XC330 wrist components versus controlled P0.7 fixed/upper bodies; exact booleans after per-component conservative AABB broadphase; 5 degree samples only; cables guards tolerances deformation and between-sample proof excluded
30.0,95.0,0.000000000,,PASS_NOMINAL_SAMPLE,new XC330 wrist components versus controlled P0.7 fixed/upper bodies; exact booleans after per-component conservative AABB broadphase; 5 degree samples only; cables guards tolerances deformation and between-sample proof excluded
35.0,95.0,0.000000000,,PASS_NOMINAL_SAMPLE,new XC330 wrist components versus controlled P0.7 fixed/upper bodies; exact booleans after per-component conservative AABB broadphase; 5 degree samples only; cables guards tolerances deformation and between-sample proof excluded
40.0,95.0,0.000000000,,PASS_NOMINAL_SAMPLE,new XC330 wrist components versus controlled P0.7 fixed/upper bodies; exact booleans after per-component conservative AABB broadphase; 5 degree samples only; cables guards tolerances deformation and between-sample proof excluded
45.0,95.0,0.000000000,,PASS_NOMINAL_SAMPLE,new XC330 wrist components versus controlled P0.7 fixed/upper bodies; exact booleans after per-component conservative AABB broadphase; 5 degree samples only; cables guards tolerances deformation and between-sample proof excluded
50.0,95.0,0.000000000,,PASS_NOMINAL_SAMPLE,new XC330 wrist components versus controlled P0.7 fixed/upper bodies; exact booleans after per-component conservative AABB broadphase; 5 degree samples only; cables guards tolerances deformation and between-sample proof excluded
55.0,95.0,0.000000000,,PASS_NOMINAL_SAMPLE,new XC330 wrist components versus controlled P0.7 fixed/upper bodies; exact booleans after per-component conservative AABB broadphase; 5 degree samples only; cables guards tolerances deformation and between-sample proof excluded
60.0,95.0,0.000000000,,PASS_NOMINAL_SAMPLE,new XC330 wrist components versus controlled P0.7 fixed/upper bodies; exact booleans after per-component conservative AABB broadphase; 5 degree samples only; cables guards tolerances deformation and between-sample proof excluded
65.0,95.0,0.000000000,,PASS_NOMINAL_SAMPLE,new XC330 wrist components versus controlled P0.7 fixed/upper bodies; exact booleans after per-component conservative AABB broadphase; 5 degree samples only; cables guards tolerances deformation and between-sample proof excluded
70.0,95.0,0.000000000,,PASS_NOMINAL_SAMPLE,new XC330 wrist components versus controlled P0.7 fixed/upper bodies; exact booleans after per-component conservative AABB broadphase; 5 degree samples only; cables guards tolerances deformation and between-sample proof excluded
-20.0,100.0,0.000000000,,PASS_NOMINAL_SAMPLE,new XC330 wrist components versus controlled P0.7 fixed/upper bodies; exact booleans after per-component conservative AABB broadphase; 5 degree samples only; cables guards tolerances deformation and between-sample proof excluded
-15.0,100.0,0.000000000,,PASS_NOMINAL_SAMPLE,new XC330 wrist components versus controlled P0.7 fixed/upper bodies; exact booleans after per-component conservative AABB broadphase; 5 degree samples only; cables guards tolerances deformation and between-sample proof excluded
-10.0,100.0,0.000000000,,PASS_NOMINAL_SAMPLE,new XC330 wrist components versus controlled P0.7 fixed/upper bodies; exact booleans after per-component conservative AABB broadphase; 5 degree samples only; cables guards tolerances deformation and between-sample proof excluded
-5.0,100.0,0.000000000,,PASS_NOMINAL_SAMPLE,new XC330 wrist components versus controlled P0.7 fixed/upper bodies; exact booleans after per-component conservative AABB broadphase; 5 degree samples only; cables guards tolerances deformation and between-sample proof excluded
0.0,100.0,0.000000000,,PASS_NOMINAL_SAMPLE,new XC330 wrist components versus controlled P0.7 fixed/upper bodies; exact booleans after per-component conservative AABB broadphase; 5 degree samples only; cables guards tolerances deformation and between-sample proof excluded
5.0,100.0,0.000000000,,PASS_NOMINAL_SAMPLE,new XC330 wrist components versus controlled P0.7 fixed/upper bodies; exact booleans after per-component conservative AABB broadphase; 5 degree samples only; cables guards tolerances deformation and between-sample proof excluded
10.0,100.0,0.000000000,,PASS_NOMINAL_SAMPLE,new XC330 wrist components versus controlled P0.7 fixed/upper bodies; exact booleans after per-component conservative AABB broadphase; 5 degree samples only; cables guards tolerances deformation and between-sample proof excluded
15.0,100.0,0.000000000,,PASS_NOMINAL_SAMPLE,new XC330 wrist components versus controlled P0.7 fixed/upper bodies; exact booleans after per-component conservative AABB broadphase; 5 degree samples only; cables guards tolerances deformation and between-sample proof excluded
20.0,100.0,0.000000000,,PASS_NOMINAL_SAMPLE,new XC330 wrist components versus controlled P0.7 fixed/upper bodies; exact booleans after per-component conservative AABB broadphase; 5 degree samples only; cables guards tolerances deformation and between-sample proof excluded
25.0,100.0,0.000000000,,PASS_NOMINAL_SAMPLE,new XC330 wrist components versus controlled P0.7 fixed/upper bodies; exact booleans after per-component conservative AABB broadphase; 5 degree samples only; cables guards tolerances deformation and between-sample proof excluded
30.0,100.0,0.000000000,,PASS_NOMINAL_SAMPLE,new XC330 wrist components versus controlled P0.7 fixed/upper bodies; exact booleans after per-component conservative AABB broadphase; 5 degree samples only; cables guards tolerances deformation and between-sample proof excluded
35.0,100.0,0.000000000,,PASS_NOMINAL_SAMPLE,new XC330 wrist components versus controlled P0.7 fixed/upper bodies; exact booleans after per-component conservative AABB broadphase; 5 degree samples only; cables guards tolerances deformation and between-sample proof excluded
40.0,100.0,0.000000000,,PASS_NOMINAL_SAMPLE,new XC330 wrist components versus controlled P0.7 fixed/upper bodies; exact booleans after per-component conservative AABB broadphase; 5 degree samples only; cables guards tolerances deformation and between-sample proof excluded
45.0,100.0,0.000000000,,PASS_NOMINAL_SAMPLE,new XC330 wrist components versus controlled P0.7 fixed/upper bodies; exact booleans after per-component conservative AABB broadphase; 5 degree samples only; cables guards tolerances deformation and between-sample proof excluded
50.0,100.0,0.000000000,,PASS_NOMINAL_SAMPLE,new XC330 wrist components versus controlled P0.7 fixed/upper bodies; exact booleans after per-component conservative AABB broadphase; 5 degree samples only; cables guards tolerances deformation and between-sample proof excluded
55.0,100.0,0.000000000,,PASS_NOMINAL_SAMPLE,new XC330 wrist components versus controlled P0.7 fixed/upper bodies; exact booleans after per-component conservative AABB broadphase; 5 degree samples only; cables guards tolerances deformation and between-sample proof excluded
60.0,100.0,0.000000000,,PASS_NOMINAL_SAMPLE,new XC330 wrist components versus controlled P0.7 fixed/upper bodies; exact booleans after per-component conservative AABB broadphase; 5 degree samples only; cables guards tolerances deformation and between-sample proof excluded
65.0,100.0,0.000000000,,PASS_NOMINAL_SAMPLE,new XC330 wrist components versus controlled P0.7 fixed/upper bodies; exact booleans after per-component conservative AABB broadphase; 5 degree samples only; cables guards tolerances deformation and between-sample proof excluded
70.0,100.0,0.000000000,,PASS_NOMINAL_SAMPLE,new XC330 wrist components versus controlled P0.7 fixed/upper bodies; exact booleans after per-component conservative AABB broadphase; 5 degree samples only; cables guards tolerances deformation and between-sample proof excluded
-20.0,105.0,0.000000000,,PASS_NOMINAL_SAMPLE,new XC330 wrist components versus controlled P0.7 fixed/upper bodies; exact booleans after per-component conservative AABB broadphase; 5 degree samples only; cables guards tolerances deformation and between-sample proof excluded
-15.0,105.0,0.000000000,,PASS_NOMINAL_SAMPLE,new XC330 wrist components versus controlled P0.7 fixed/upper bodies; exact booleans after per-component conservative AABB broadphase; 5 degree samples only; cables guards tolerances deformation and between-sample proof excluded
-10.0,105.0,0.000000000,,PASS_NOMINAL_SAMPLE,new XC330 wrist components versus controlled P0.7 fixed/upper bodies; exact booleans after per-component conservative AABB broadphase; 5 degree samples only; cables guards tolerances deformation and between-sample proof excluded
-5.0,105.0,0.000000000,,PASS_NOMINAL_SAMPLE,new XC330 wrist components versus controlled P0.7 fixed/upper bodies; exact booleans after per-component conservative AABB broadphase; 5 degree samples only; cables guards tolerances deformation and between-sample proof excluded
0.0,105.0,0.000000000,,PASS_NOMINAL_SAMPLE,new XC330 wrist components versus controlled P0.7 fixed/upper bodies; exact booleans after per-component conservative AABB broadphase; 5 degree samples only; cables guards tolerances deformation and between-sample proof excluded
5.0,105.0,0.000000000,,PASS_NOMINAL_SAMPLE,new XC330 wrist components versus controlled P0.7 fixed/upper bodies; exact booleans after per-component conservative AABB broadphase; 5 degree samples only; cables guards tolerances deformation and between-sample proof excluded
10.0,105.0,0.000000000,,PASS_NOMINAL_SAMPLE,new XC330 wrist components versus controlled P0.7 fixed/upper bodies; exact booleans after per-component conservative AABB broadphase; 5 degree samples only; cables guards tolerances deformation and between-sample proof excluded
15.0,105.0,0.000000000,,PASS_NOMINAL_SAMPLE,new XC330 wrist components versus controlled P0.7 fixed/upper bodies; exact booleans after per-component conservative AABB broadphase; 5 degree samples only; cables guards tolerances deformation and between-sample proof excluded
20.0,105.0,0.000000000,,PASS_NOMINAL_SAMPLE,new XC330 wrist components versus controlled P0.7 fixed/upper bodies; exact booleans after per-component conservative AABB broadphase; 5 degree samples only; cables guards tolerances deformation and between-sample proof excluded
25.0,105.0,0.000000000,,PASS_NOMINAL_SAMPLE,new XC330 wrist components versus controlled P0.7 fixed/upper bodies; exact booleans after per-component conservative AABB broadphase; 5 degree samples only; cables guards tolerances deformation and between-sample proof excluded
30.0,105.0,0.000000000,,PASS_NOMINAL_SAMPLE,new XC330 wrist components versus controlled P0.7 fixed/upper bodies; exact booleans after per-component conservative AABB broadphase; 5 degree samples only; cables guards tolerances deformation and between-sample proof excluded
35.0,105.0,0.000000000,,PASS_NOMINAL_SAMPLE,new XC330 wrist components versus controlled P0.7 fixed/upper bodies; exact booleans after per-component conservative AABB broadphase; 5 degree samples only; cables guards tolerances deformation and between-sample proof excluded
40.0,105.0,0.000000000,,PASS_NOMINAL_SAMPLE,new XC330 wrist components versus controlled P0.7 fixed/upper bodies; exact booleans after per-component conservative AABB broadphase; 5 degree samples only; cables guards tolerances deformation and between-sample proof excluded
45.0,105.0,0.000000000,,PASS_NOMINAL_SAMPLE,new XC330 wrist components versus controlled P0.7 fixed/upper bodies; exact booleans after per-component conservative AABB broadphase; 5 degree samples only; cables guards tolerances deformation and between-sample proof excluded
50.0,105.0,0.000000000,,PASS_NOMINAL_SAMPLE,new XC330 wrist components versus controlled P0.7 fixed/upper bodies; exact booleans after per-component conservative AABB broadphase; 5 degree samples only; cables guards tolerances deformation and between-sample proof excluded
55.0,105.0,0.000000000,,PASS_NOMINAL_SAMPLE,new XC330 wrist components versus controlled P0.7 fixed/upper bodies; exact booleans after per-component conservative AABB broadphase; 5 degree samples only; cables guards tolerances deformation and between-sample proof excluded
60.0,105.0,0.000000000,,PASS_NOMINAL_SAMPLE,new XC330 wrist components versus controlled P0.7 fixed/upper bodies; exact booleans after per-component conservative AABB broadphase; 5 degree samples only; cables guards tolerances deformation and between-sample proof excluded
65.0,105.0,0.000000000,,PASS_NOMINAL_SAMPLE,new XC330 wrist components versus controlled P0.7 fixed/upper bodies; exact booleans after per-component conservative AABB broadphase; 5 degree samples only; cables guards tolerances deformation and between-sample proof excluded
70.0,105.0,0.000000000,,PASS_NOMINAL_SAMPLE,new XC330 wrist components versus controlled P0.7 fixed/upper bodies; exact booleans after per-component conservative AABB broadphase; 5 degree samples only; cables guards tolerances deformation and between-sample proof excluded
-20.0,110.0,0.000000000,,PASS_NOMINAL_SAMPLE,new XC330 wrist components versus controlled P0.7 fixed/upper bodies; exact booleans after per-component conservative AABB broadphase; 5 degree samples only; cables guards tolerances deformation and between-sample proof excluded
-15.0,110.0,0.000000000,,PASS_NOMINAL_SAMPLE,new XC330 wrist components versus controlled P0.7 fixed/upper bodies; exact booleans after per-component conservative AABB broadphase; 5 degree samples only; cables guards tolerances deformation and between-sample proof excluded
-10.0,110.0,0.000000000,,PASS_NOMINAL_SAMPLE,new XC330 wrist components versus controlled P0.7 fixed/upper bodies; exact booleans after per-component conservative AABB broadphase; 5 degree samples only; cables guards tolerances deformation and between-sample proof excluded
-5.0,110.0,0.000000000,,PASS_NOMINAL_SAMPLE,new XC330 wrist components versus controlled P0.7 fixed/upper bodies; exact booleans after per-component conservative AABB broadphase; 5 degree samples only; cables guards tolerances deformation and between-sample proof excluded
0.0,110.0,0.000000000,,PASS_NOMINAL_SAMPLE,new XC330 wrist components versus controlled P0.7 fixed/upper bodies; exact booleans after per-component conservative AABB broadphase; 5 degree samples only; cables guards tolerances deformation and between-sample proof excluded
5.0,110.0,0.000000000,,PASS_NOMINAL_SAMPLE,new XC330 wrist components versus controlled P0.7 fixed/upper bodies; exact booleans after per-component conservative AABB broadphase; 5 degree samples only; cables guards tolerances deformation and between-sample proof excluded
10.0,110.0,0.000000000,,PASS_NOMINAL_SAMPLE,new XC330 wrist components versus controlled P0.7 fixed/upper bodies; exact booleans after per-component conservative AABB broadphase; 5 degree samples only; cables guards tolerances deformation and between-sample proof excluded
15.0,110.0,0.000000000,,PASS_NOMINAL_SAMPLE,new XC330 wrist components versus controlled P0.7 fixed/upper bodies; exact booleans after per-component conservative AABB broadphase; 5 degree samples only; cables guards tolerances deformation and between-sample proof excluded
20.0,110.0,0.000000000,,PASS_NOMINAL_SAMPLE,new XC330 wrist components versus controlled P0.7 fixed/upper bodies; exact booleans after per-component conservative AABB broadphase; 5 degree samples only; cables guards tolerances deformation and between-sample proof excluded
25.0,110.0,0.000000000,,PASS_NOMINAL_SAMPLE,new XC330 wrist components versus controlled P0.7 fixed/upper bodies; exact booleans after per-component conservative AABB broadphase; 5 degree samples only; cables guards tolerances deformation and between-sample proof excluded
30.0,110.0,0.000000000,,PASS_NOMINAL_SAMPLE,new XC330 wrist components versus controlled P0.7 fixed/upper bodies; exact booleans after per-component conservative AABB broadphase; 5 degree samples only; cables guards tolerances deformation and between-sample proof excluded
35.0,110.0,0.000000000,,PASS_NOMINAL_SAMPLE,new XC330 wrist components versus controlled P0.7 fixed/upper bodies; exact booleans after per-component conservative AABB broadphase; 5 degree samples only; cables guards tolerances deformation and between-sample proof excluded
40.0,110.0,0.000000000,,PASS_NOMINAL_SAMPLE,new XC330 wrist components versus controlled P0.7 fixed/upper bodies; exact booleans after per-component conservative AABB broadphase; 5 degree samples only; cables guards tolerances deformation and between-sample proof excluded
45.0,110.0,0.000000000,,PASS_NOMINAL_SAMPLE,new XC330 wrist components versus controlled P0.7 fixed/upper bodies; exact booleans after per-component conservative AABB broadphase; 5 degree samples only; cables guards tolerances deformation and between-sample proof excluded
50.0,110.0,0.000000000,,PASS_NOMINAL_SAMPLE,new XC330 wrist components versus controlled P0.7 fixed/upper bodies; exact booleans after per-component conservative AABB broadphase; 5 degree samples only; cables guards tolerances deformation and between-sample proof excluded
55.0,110.0,0.000000000,,PASS_NOMINAL_SAMPLE,new XC330 wrist components versus controlled P0.7 fixed/upper bodies; exact booleans after per-component conservative AABB broadphase; 5 degree samples only; cables guards tolerances deformation and between-sample proof excluded
60.0,110.0,0.000000000,,PASS_NOMINAL_SAMPLE,new XC330 wrist components versus controlled P0.7 fixed/upper bodies; exact booleans after per-component conservative AABB broadphase; 5 degree samples only; cables guards tolerances deformation and between-sample proof excluded
65.0,110.0,0.000000000,,PASS_NOMINAL_SAMPLE,new XC330 wrist components versus controlled P0.7 fixed/upper bodies; exact booleans after per-component conservative AABB broadphase; 5 degree samples only; cables guards tolerances deformation and between-sample proof excluded
70.0,110.0,0.000000000,,PASS_NOMINAL_SAMPLE,new XC330 wrist components versus controlled P0.7 fixed/upper bodies; exact booleans after per-component conservative AABB broadphase; 5 degree samples only; cables guards tolerances deformation and between-sample proof excluded
-20.0,115.0,0.000000000,,PASS_NOMINAL_SAMPLE,new XC330 wrist components versus controlled P0.7 fixed/upper bodies; exact booleans after per-component conservative AABB broadphase; 5 degree samples only; cables guards tolerances deformation and between-sample proof excluded
-15.0,115.0,0.000000000,,PASS_NOMINAL_SAMPLE,new XC330 wrist components versus controlled P0.7 fixed/upper bodies; exact booleans after per-component conservative AABB broadphase; 5 degree samples only; cables guards tolerances deformation and between-sample proof excluded
-10.0,115.0,0.000000000,,PASS_NOMINAL_SAMPLE,new XC330 wrist components versus controlled P0.7 fixed/upper bodies; exact booleans after per-component conservative AABB broadphase; 5 degree samples only; cables guards tolerances deformation and between-sample proof excluded
-5.0,115.0,0.000000000,,PASS_NOMINAL_SAMPLE,new XC330 wrist components versus controlled P0.7 fixed/upper bodies; exact booleans after per-component conservative AABB broadphase; 5 degree samples only; cables guards tolerances deformation and between-sample proof excluded
0.0,115.0,0.000000000,,PASS_NOMINAL_SAMPLE,new XC330 wrist components versus controlled P0.7 fixed/upper bodies; exact booleans after per-component conservative AABB broadphase; 5 degree samples only; cables guards tolerances deformation and between-sample proof excluded
5.0,115.0,0.000000000,,PASS_NOMINAL_SAMPLE,new XC330 wrist components versus controlled P0.7 fixed/upper bodies; exact booleans after per-component conservative AABB broadphase; 5 degree samples only; cables guards tolerances deformation and between-sample proof excluded
10.0,115.0,0.000000000,,PASS_NOMINAL_SAMPLE,new XC330 wrist components versus controlled P0.7 fixed/upper bodies; exact booleans after per-component conservative AABB broadphase; 5 degree samples only; cables guards tolerances deformation and between-sample proof excluded
15.0,115.0,0.000000000,,PASS_NOMINAL_SAMPLE,new XC330 wrist components versus controlled P0.7 fixed/upper bodies; exact booleans after per-component conservative AABB broadphase; 5 degree samples only; cables guards tolerances deformation and between-sample proof excluded
20.0,115.0,0.000000000,,PASS_NOMINAL_SAMPLE,new XC330 wrist components versus controlled P0.7 fixed/upper bodies; exact booleans after per-component conservative AABB broadphase; 5 degree samples only; cables guards tolerances deformation and between-sample proof excluded
25.0,115.0,0.000000000,,PASS_NOMINAL_SAMPLE,new XC330 wrist components versus controlled P0.7 fixed/upper bodies; exact booleans after per-component conservative AABB broadphase; 5 degree samples only; cables guards tolerances deformation and between-sample proof excluded
30.0,115.0,0.000000000,,PASS_NOMINAL_SAMPLE,new XC330 wrist components versus controlled P0.7 fixed/upper bodies; exact booleans after per-component conservative AABB broadphase; 5 degree samples only; cables guards tolerances deformation and between-sample proof excluded
35.0,115.0,0.000000000,,PASS_NOMINAL_SAMPLE,new XC330 wrist components versus controlled P0.7 fixed/upper bodies; exact booleans after per-component conservative AABB broadphase; 5 degree samples only; cables guards tolerances deformation and between-sample proof excluded
40.0,115.0,0.000000000,,PASS_NOMINAL_SAMPLE,new XC330 wrist components versus controlled P0.7 fixed/upper bodies; exact booleans after per-component conservative AABB broadphase; 5 degree samples only; cables guards tolerances deformation and between-sample proof excluded
45.0,115.0,0.000000000,,PASS_NOMINAL_SAMPLE,new XC330 wrist components versus controlled P0.7 fixed/upper bodies; exact booleans after per-component conservative AABB broadphase; 5 degree samples only; cables guards tolerances deformation and between-sample proof excluded
50.0,115.0,0.000000000,,PASS_NOMINAL_SAMPLE,new XC330 wrist components versus controlled P0.7 fixed/upper bodies; exact booleans after per-component conservative AABB broadphase; 5 degree samples only; cables guards tolerances deformation and between-sample proof excluded
55.0,115.0,0.000000000,,PASS_NOMINAL_SAMPLE,new XC330 wrist components versus controlled P0.7 fixed/upper bodies; exact booleans after per-component conservative AABB broadphase; 5 degree samples only; cables guards tolerances deformation and between-sample proof excluded
60.0,115.0,0.000000000,,PASS_NOMINAL_SAMPLE,new XC330 wrist components versus controlled P0.7 fixed/upper bodies; exact booleans after per-component conservative AABB broadphase; 5 degree samples only; cables guards tolerances deformation and between-sample proof excluded
65.0,115.0,0.000000000,,PASS_NOMINAL_SAMPLE,new XC330 wrist components versus controlled P0.7 fixed/upper bodies; exact booleans after per-component conservative AABB broadphase; 5 degree samples only; cables guards tolerances deformation and between-sample proof excluded
70.0,115.0,0.000000000,,PASS_NOMINAL_SAMPLE,new XC330 wrist components versus controlled P0.7 fixed/upper bodies; exact booleans after per-component conservative AABB broadphase; 5 degree samples only; cables guards tolerances deformation and between-sample proof excluded
