facet_id,source_tet10_element_tag,source_local_face,classification,node_tags_json,node_xyz_json,per_node_exact_trimmed_face_tags_json,union_exact_trimmed_face_tags_json,common_exact_trimmed_face_tags_json,warning
6,1215192,0,UNMAPPED,"[384045,381981,9,391460,389747,390296]","[[39.742998825435286,8.005,20.33862513722085],[39.90265684269619,8.005,20.400636917236877],[39.8,8.005,20.2],[39.822827834065734,8.005,20.369631027228866],[39.85132842134809,8.005,20.300318458618438],[39.771499412717645,8.005,20.26931256861042]]","[[76],[121],[76,121],[121],[121],[76]]","[76,121]",[],"PRELIMINARY - CORRECTED EXACT TRIMMED-FACE OWNERSHIP AUDIT ONLY - NOT APPROVED FOR PROCUREMENT, QUOTATION, FABRICATION, ASSEMBLY, CONNECTION, POWERED TESTING, MOTION, OR ENERGIZATION"
12,1176220,0,UNMAPPED,"[383563,10,382006,389686,389968,390221]","[[41.62683585133754,8.005,20.34626270786754],[41.5320508075688,8.005,20.2],[41.42762711086239,8.005,20.336734038921836],[41.57944332945319,8.005,20.273131353933767],[41.47983895921562,8.005,20.268367019460914],[41.52723148109996,8.005,20.34149837339469]]","[[77],[77,121],[121],[77],[121],[77]]","[77,121]",[],"PRELIMINARY - CORRECTED EXACT TRIMMED-FACE OWNERSHIP AUDIT ONLY - NOT APPROVED FOR PROCUREMENT, QUOTATION, FABRICATION, ASSEMBLY, CONNECTION, POWERED TESTING, MOTION, OR ENERGIZATION"
16,1115271,2,UNMAPPED,"[11,382008,1218,389965,389966,1226]","[[46.4679491924312,8.005,20.2],[46.55432158550599,8.005,20.356502197726183],[46.66039913011189,8.004999999999999,20.2],[46.51113538896857,8.005,20.27825109886309],[46.60736035780894,8.005,20.27825109886309],[46.564174161271524,8.004999999999999,20.2]]","[[77,122],[77],[122],[77],[122],[122]]","[77,122]",[],"PRELIMINARY - CORRECTED EXACT TRIMMED-FACE OWNERSHIP AUDIT ONLY - NOT APPROVED FOR PROCUREMENT, QUOTATION, FABRICATION, ASSEMBLY, CONNECTION, POWERED TESTING, MOTION, OR ENERGIZATION"
24,1239683,0,UNMAPPED,"[382452,12,381979,384587,384588,384586]","[[48.34182379623866,8.005,20.376778025842658],[48.2,8.005,20.2],[48.11997181372571,8.005,20.370646691639383],[48.27091189811932,8.005,20.288389012921332],[48.15998590686286,8.005,20.285323345819695],[48.23089780498218,8.005,20.37371235874102]]","[[78],[78,122],[122],[78],[122],[78]]","[78,122]",[],"PRELIMINARY - CORRECTED EXACT TRIMMED-FACE OWNERSHIP AUDIT ONLY - NOT APPROVED FOR PROCUREMENT, QUOTATION, FABRICATION, ASSEMBLY, CONNECTION, POWERED TESTING, MOTION, OR ENERGIZATION"
30,1150546,0,UNMAPPED,"[382002,13,383236,386940,386939,386855]","[[38.64089607642949,8.005,19.30991180215405],[38.8,8.005,19.2],[38.59609095693783,8.005,19.093986008061965],[38.72044803821474,8.005,19.25495590107703],[38.69804547846891,8.005,19.14699300403098],[38.61849351668366,8.005,19.201948905108008]]","[[76],[76,120],[120],[76],[120],[76]]","[76,120]",[],"PRELIMINARY - CORRECTED EXACT TRIMMED-FACE OWNERSHIP AUDIT ONLY - NOT APPROVED FOR PROCUREMENT, QUOTATION, FABRICATION, ASSEMBLY, CONNECTION, POWERED TESTING, MOTION, OR ENERGIZATION"
32,1220832,1,UNMAPPED,"[1268,14,382092,1275,389758,387717]","[[38.8,8.004999999999999,17.67955001586972],[38.8,8.005,17.4679491924312],[38.61674831144053,8.005,17.573749604150468],[38.8,8.004999999999999,17.57374960415046],[38.708374155720264,8.005,17.52084939829084],[38.708374155720264,8.005,17.626649810010097]]","[[120],[75,120],[75],[120],[75],[120]]","[75,120]",[],"PRELIMINARY - CORRECTED EXACT TRIMMED-FACE OWNERSHIP AUDIT ONLY - NOT APPROVED FOR PROCUREMENT, QUOTATION, FABRICATION, ASSEMBLY, CONNECTION, POWERED TESTING, MOTION, OR ENERGIZATION"
40,1160143,2,UNMAPPED,"[383284,15,1574,388093,1582,387993]","[[38.60609235462661,8.005,-15.577778403915225],[38.8,8.005,-15.4679491924312],[38.8,8.004999999999999,-15.691530584407602],[38.703046177313304,8.005,-15.522863798173193],[38.8,8.004999999999999,-15.57973988841938],[38.703046177313304,8.005,-15.634654494161413]]","[[75],[75,118],[118],[75],[118],[118]]","[75,118]",[],"PRELIMINARY - CORRECTED EXACT TRIMMED-FACE OWNERSHIP AUDIT ONLY - NOT APPROVED FOR PROCUREMENT, QUOTATION, FABRICATION, ASSEMBLY, CONNECTION, POWERED TESTING, MOTION, OR ENERGIZATION"
48,1137427,0,UNMAPPED,"[382033,16,382445,384523,384521,384522]","[[38.61721923120617,8.005,-17.10665349056732],[38.8,8.005,-17.2],[38.612024646608894,8.005,-17.331514203624888],[38.70860961560308,8.005,-17.15332674528366],[38.70601232330445,8.005,-17.265757101812444],[38.61462193890753,8.005,-17.219083847096105]]","[[118],[74,118],[74],[118],[74],[74]]","[74,118]",[],"PRELIMINARY - CORRECTED EXACT TRIMMED-FACE OWNERSHIP AUDIT ONLY - NOT APPROVED FOR PROCUREMENT, QUOTATION, FABRICATION, ASSEMBLY, CONNECTION, POWERED TESTING, MOTION, OR ENERGIZATION"
54,1109870,0,UNMAPPED,"[383671,17,381982,387974,389746,390632]","[[39.68971675540505,8.005,-18.345575656721024],[39.8,8.005,-18.2],[39.90957952051629,8.005,-18.39037064771872],[39.74485837770253,8.005,-18.272787828360514],[39.85478976025814,8.005,-18.295185323859357],[39.79964813796067,8.005,-18.36797315221987]]","[[74],[74,117],[117],[74],[117],[74]]","[74,117]",[],"PRELIMINARY - CORRECTED EXACT TRIMMED-FACE OWNERSHIP AUDIT ONLY - NOT APPROVED FOR PROCUREMENT, QUOTATION, FABRICATION, ASSEMBLY, CONNECTION, POWERED TESTING, MOTION, OR ENERGIZATION"
56,1207677,3,UNMAPPED,"[1623,18,382005,1632,389969,389970]","[[41.33960086993777,8.004999999999999,-18.2],[41.5320508075688,8.005,-18.2],[41.4645868007642,8.005,-18.353319146085717],[41.43582583875331,8.004999999999999,-18.2],[41.49831880416652,8.005,-18.276659573042856],[41.40209383535099,8.005,-18.276659573042856]]","[[117],[81,117],[81],[117],[81],[117]]","[81,117]",[],"PRELIMINARY - CORRECTED EXACT TRIMMED-FACE OWNERSHIP AUDIT ONLY - NOT APPROVED FOR PROCUREMENT, QUOTATION, FABRICATION, ASSEMBLY, CONNECTION, POWERED TESTING, MOTION, OR ENERGIZATION"
64,1169758,2,UNMAPPED,"[382007,19,1682,389964,1690,389963]","[[46.55419440223213,8.005,-18.356601103667646],[46.4679491924312,8.005,-18.2],[46.66039913011189,8.004999999999999,-18.2],[46.51107179733164,8.005,-18.278300551833823],[46.564174161271524,8.004999999999999,-18.2],[46.60729676617201,8.005,-18.278300551833823]]","[[81],[81,125],[125],[81],[125],[125]]","[81,125]",[],"PRELIMINARY - CORRECTED EXACT TRIMMED-FACE OWNERSHIP AUDIT ONLY - NOT APPROVED FOR PROCUREMENT, QUOTATION, FABRICATION, ASSEMBLY, CONNECTION, POWERED TESTING, MOTION, OR ENERGIZATION"
72,1110540,0,UNMAPPED,"[381980,20,382460,384591,384589,384590]","[[48.11997181372571,8.005,-18.370646691639354],[48.2,8.005,-18.2],[48.34171918268319,8.005,-18.37589329679811],[48.15998590686286,8.005,-18.285323345819677],[48.27085959134159,8.005,-18.287946648399057],[48.23084549820445,8.005,-18.373269994218735]]","[[125],[80,125],[80],[125],[80],[80]]","[80,125]",[],"PRELIMINARY - CORRECTED EXACT TRIMMED-FACE OWNERSHIP AUDIT ONLY - NOT APPROVED FOR PROCUREMENT, QUOTATION, FABRICATION, ASSEMBLY, CONNECTION, POWERED TESTING, MOTION, OR ENERGIZATION"
78,1219641,1,UNMAPPED,"[382004,21,382472,386412,386410,386411]","[[49.34414601247886,8.005,-17.31090806158648],[49.2,8.005,-17.2],[49.36499600702599,8.005,-17.09207217486444],[49.272073006239424,8.005,-17.255454030793242],[49.28249800351299,8.005,-17.146036087432222],[49.35457100975242,8.005,-17.20149011822546]]","[[80],[80,124],[124],[80],[124],[80]]","[80,124]",[],"PRELIMINARY - CORRECTED EXACT TRIMMED-FACE OWNERSHIP AUDIT ONLY - NOT APPROVED FOR PROCUREMENT, QUOTATION, FABRICATION, ASSEMBLY, CONNECTION, POWERED TESTING, MOTION, OR ENERGIZATION"
84,1110026,0,UNMAPPED,"[383954,22,381997,389930,389607,389929]","[[49.33638525332176,8.005,19.091046206507517],[49.2,8.005,19.2],[49.35934581510006,8.005,19.314185596305474],[49.26819262666088,8.005,19.145523103253755],[49.27967290755003,8.005,19.257092798152737],[49.34786553421091,8.005,19.202615901406492]]","[[123],[78,123],[78],[123],[78],[78]]","[78,123]",[],"PRELIMINARY - CORRECTED EXACT TRIMMED-FACE OWNERSHIP AUDIT ONLY - NOT APPROVED FOR PROCUREMENT, QUOTATION, FABRICATION, ASSEMBLY, CONNECTION, POWERED TESTING, MOTION, OR ENERGIZATION"
86,1141213,3,UNMAPPED,"[23,1741,382093,1748,386379,389759]","[[49.2,8.005,17.4679491924312],[49.199999999999996,8.004999999999999,17.67955001586972],[49.38325168855946,8.005,17.573749604150468],[49.199999999999996,8.004999999999999,17.57374960415046],[49.29162584427973,8.005,17.626649810010097],[49.29162584427973,8.005,17.52084939829084]]","[[79,123],[123],[79],[123],[123],[79]]","[79,123]",[],"PRELIMINARY - CORRECTED EXACT TRIMMED-FACE OWNERSHIP AUDIT ONLY - NOT APPROVED FOR PROCUREMENT, QUOTATION, FABRICATION, ASSEMBLY, CONNECTION, POWERED TESTING, MOTION, OR ENERGIZATION"
94,1176722,3,UNMAPPED,"[24,383291,2047,387841,387221,2055]","[[49.2,8.005,-15.4679491924312],[49.39862420012375,8.005,-15.575328532764217],[49.199999999999996,8.004999999999999,-15.691530584407598],[49.29931210006187,8.005,-15.521638862597683],[49.29931210006187,8.005,-15.633429558585908],[49.199999999999996,8.004999999999999,-15.579739888419374]]","[[79,124],[79],[124],[79],[124],[124]]","[79,124]",[],"PRELIMINARY - CORRECTED EXACT TRIMMED-FACE OWNERSHIP AUDIT ONLY - NOT APPROVED FOR PROCUREMENT, QUOTATION, FABRICATION, ASSEMBLY, CONNECTION, POWERED TESTING, MOTION, OR ENERGIZATION"
1768,1117396,1,UNMAPPED,"[17306,295,383639,17346,388313,388364]","[[40.00386450979057,8.005,-19.2],[39.8,8.005,-19.2],[39.9072871225718,8.005,-19.033292528088037],[39.901932254895286,8.005,-19.2],[39.8536435612859,8.005,-19.116646264044018],[39.95557581618119,8.005,-19.116646264044018]]","[[35,81],[28,35,74,81,117],[117],[35,81],[117],[117]]","[28,35,74,81,117]",[],"PRELIMINARY - CORRECTED EXACT TRIMMED-FACE OWNERSHIP AUDIT ONLY - NOT APPROVED FOR PROCUREMENT, QUOTATION, FABRICATION, ASSEMBLY, CONNECTION, POWERED TESTING, MOTION, OR ENERGIZATION"
1771,1175789,1,UNMAPPED,"[295,382286,383639,388314,388312,388313]","[[39.8,8.005,-19.2],[39.71032315772653,8.005,-19.025414059608796],[39.9072871225718,8.005,-19.033292528088037],[39.75516157886326,8.005,-19.112707029804398],[39.80880514014917,8.005,-19.029353293848416],[39.8536435612859,8.005,-19.116646264044018]]","[[28,35,74,81,117],[74],[117],[74],[117],[117]]","[28,35,74,81,117]",[],"PRELIMINARY - CORRECTED EXACT TRIMMED-FACE OWNERSHIP AUDIT ONLY - NOT APPROVED FOR PROCUREMENT, QUOTATION, FABRICATION, ASSEMBLY, CONNECTION, POWERED TESTING, MOTION, OR ENERGIZATION"
1773,1227295,1,UNMAPPED,"[296,17345,383848,17386,390616,391268]","[[48.2,8.005,-19.2],[47.996135490209426,8.005,-19.2],[48.09076403665209,8.005,-19.077255604218067],[48.098067745104714,8.005,-19.2],[48.04344976343076,8.005,-19.13862780210903],[48.145382018326046,8.005,-19.13862780210903]]","[[34,35,80,81,125],[35,81],[125],[35,81],[125],[125]]","[34,35,80,81,125]",[],"PRELIMINARY - CORRECTED EXACT TRIMMED-FACE OWNERSHIP AUDIT ONLY - NOT APPROVED FOR PROCUREMENT, QUOTATION, FABRICATION, ASSEMBLY, CONNECTION, POWERED TESTING, MOTION, OR ENERGIZATION"
1778,1194578,2,UNMAPPED,"[383747,296,383848,391039,391268,384809]","[[48.26332780123862,8.005,-19.040695986338463],[48.2,8.005,-19.2],[48.09076403665209,8.005,-19.077255604218067],[48.23166390061931,8.005,-19.120347993169233],[48.145382018326046,8.005,-19.13862780210903],[48.17704591894535,8.005,-19.058975795278265]]","[[80],[34,35,80,81,125],[125],[80],[125],[125]]","[34,35,80,81,125]",[],"PRELIMINARY - CORRECTED EXACT TRIMMED-FACE OWNERSHIP AUDIT ONLY - NOT APPROVED FOR PROCUREMENT, QUOTATION, FABRICATION, ASSEMBLY, CONNECTION, POWERED TESTING, MOTION, OR ENERGIZATION"
1783,1118214,2,UNMAPPED,"[297,382205,17932,386924,386925,18094]","[[50.2,8.005,-17.2],[50.011720565951286,8.005,-17.06901568243072],[50.2,8.005,-16.965392638606684],[50.10586028297564,8.005,-17.134507841215363],[50.10586028297564,8.005,-17.017204160518702],[50.2,8.005,-17.08269631930334]]","[[33,34,79,80,124],[124],[33,79],[124],[124],[33,79]]","[33,34,79,80,124]",[],"PRELIMINARY - CORRECTED EXACT TRIMMED-FACE OWNERSHIP AUDIT ONLY - NOT APPROVED FOR PROCUREMENT, QUOTATION, FABRICATION, ASSEMBLY, CONNECTION, POWERED TESTING, MOTION, OR ENERGIZATION"
1785,1174238,2,UNMAPPED,"[383688,382205,297,386764,386924,390288]","[[50.00958590595833,8.005,-17.27929462071635],[50.011720565951286,8.005,-17.06901568243072],[50.2,8.005,-17.2],[50.01065323595481,8.005,-17.174155151573533],[50.10586028297564,8.005,-17.134507841215363],[50.10479295297917,8.005,-17.239647310358176]]","[[80],[124],[33,34,79,80,124],[124],[124],[80]]","[33,34,79,80,124]",[],"PRELIMINARY - CORRECTED EXACT TRIMMED-FACE OWNERSHIP AUDIT ONLY - NOT APPROVED FOR PROCUREMENT, QUOTATION, FABRICATION, ASSEMBLY, CONNECTION, POWERED TESTING, MOTION, OR ENERGIZATION"
1790,1182404,1,UNMAPPED,"[383278,298,17464,387237,17626,387236]","[[37.96692278343314,8.005,-17.100461575545708],[37.8,8.005,-17.2],[37.8,8.005,-16.965392638606684],[37.88346139171657,8.005,-17.150230787772855],[37.8,8.005,-17.08269631930334],[37.88346139171657,8.005,-17.032927107076194]]","[[118],[28,29,74,75,118],[29,75],[118],[29,75],[118]]","[28,29,74,75,118]",[],"PRELIMINARY - CORRECTED EXACT TRIMMED-FACE OWNERSHIP AUDIT ONLY - NOT APPROVED FOR PROCUREMENT, QUOTATION, FABRICATION, ASSEMBLY, CONNECTION, POWERED TESTING, MOTION, OR ENERGIZATION"
1792,1178399,1,UNMAPPED,"[383278,383897,298,390349,390350,387237]","[[37.96692278343314,8.005,-17.100461575545708],[37.96608193617775,8.005,-17.300380664763825],[37.8,8.005,-17.2],[37.966502359805446,8.005,-17.200421120154765],[37.88304096808887,8.005,-17.250190332381912],[37.88346139171657,8.005,-17.150230787772855]]","[[118],[74],[28,29,74,75,118],[74],[74],[118]]","[28,29,74,75,118]",[],"PRELIMINARY - CORRECTED EXACT TRIMMED-FACE OWNERSHIP AUDIT ONLY - NOT APPROVED FOR PROCUREMENT, QUOTATION, FABRICATION, ASSEMBLY, CONNECTION, POWERED TESTING, MOTION, OR ENERGIZATION"
1793,1204986,1,UNMAPPED,"[17625,299,382204,17788,385920,386921]","[[37.8,8.005,18.965392638591222],[37.8,8.005,19.2],[37.998637712210815,8.005,19.06263973980894],[37.8,8.005,19.08269631929561],[37.8993188561054,8.005,19.13131986990447],[37.8993188561054,8.005,19.01401618920008]]","[[29,75],[29,30,75,76,120],[120],[29,75],[120],[120]]","[29,30,75,76,120]",[],"PRELIMINARY - CORRECTED EXACT TRIMMED-FACE OWNERSHIP AUDIT ONLY - NOT APPROVED FOR PROCUREMENT, QUOTATION, FABRICATION, ASSEMBLY, CONNECTION, POWERED TESTING, MOTION, OR ENERGIZATION"
1799,1203300,0,UNMAPPED,"[383686,382204,299,385919,385920,384554]","[[38.033549983595876,8.005,19.294157477390417],[37.998637712210815,8.005,19.06263973980894],[37.8,8.005,19.2],[38.01609384790335,8.005,19.178398608599682],[37.8993188561054,8.005,19.13131986990447],[37.916774991797936,8.005,19.247078738695212]]","[[76],[120],[29,30,75,76,120],[120],[120],[76]]","[29,30,75,76,120]",[],"PRELIMINARY - CORRECTED EXACT TRIMMED-FACE OWNERSHIP AUDIT ONLY - NOT APPROVED FOR PROCUREMENT, QUOTATION, FABRICATION, ASSEMBLY, CONNECTION, POWERED TESTING, MOTION, OR ENERGIZATION"
1802,1207221,1,UNMAPPED,"[17820,383638,300,388363,388309,17860]","[[40.00386450979057,8.005,21.2],[39.906340010289526,8.005,21.03881327402505],[39.8,8.005,21.2],[39.95510226004005,8.005,21.11940663701252],[39.85317000514477,8.005,21.11940663701252],[39.901932254895286,8.005,21.2]]","[[31,77],[121],[30,31,76,77,121],[121],[121],[31,77]]","[30,31,76,77,121]",[],"PRELIMINARY - CORRECTED EXACT TRIMMED-FACE OWNERSHIP AUDIT ONLY - NOT APPROVED FOR PROCUREMENT, QUOTATION, FABRICATION, ASSEMBLY, CONNECTION, POWERED TESTING, MOTION, OR ENERGIZATION"
1806,1107905,2,UNMAPPED,"[383638,382285,300,388310,388311,388309]","[[39.906340010289526,8.005,21.03881327402505],[39.71016108594557,8.005,21.020550001569024],[39.8,8.005,21.2],[39.80825054811755,8.005,21.029681637797037],[39.75508054297279,8.005,21.110275000784515],[39.85317000514477,8.005,21.11940663701252]]","[[121],[76],[30,31,76,77,121],[121],[76],[121]]","[30,31,76,77,121]",[],"PRELIMINARY - CORRECTED EXACT TRIMMED-FACE OWNERSHIP AUDIT ONLY - NOT APPROVED FOR PROCUREMENT, QUOTATION, FABRICATION, ASSEMBLY, CONNECTION, POWERED TESTING, MOTION, OR ENERGIZATION"
1807,1197524,1,UNMAPPED,"[301,383328,17859,388295,388296,17900]","[[48.2,8.005,21.2],[48.117581833687034,8.005,21.03666562181365],[47.996135490209426,8.005,21.2],[48.15879091684352,8.005,21.118332810906825],[48.05685866194823,8.005,21.118332810906825],[48.098067745104714,8.005,21.2]]","[[31,32,77,78,122],[122],[31,77],[122],[122],[31,77]]","[31,32,77,78,122]",[],"PRELIMINARY - CORRECTED EXACT TRIMMED-FACE OWNERSHIP AUDIT ONLY - NOT APPROVED FOR PROCUREMENT, QUOTATION, FABRICATION, ASSEMBLY, CONNECTION, POWERED TESTING, MOTION, OR ENERGIZATION"
1813,1185580,0,UNMAPPED,"[383745,383328,301,390331,388295,390549]","[[48.288269849264815,8.005,21.06366645985739],[48.117581833687034,8.005,21.03666562181365],[48.2,8.005,21.2],[48.202925841475924,8.005,21.050166040835524],[48.15879091684352,8.005,21.118332810906825],[48.244134924632405,8.005,21.13183322992869]]","[[78],[122],[31,32,77,78,122],[78],[122],[78]]","[31,32,77,78,122]",[],"PRELIMINARY - CORRECTED EXACT TRIMMED-FACE OWNERSHIP AUDIT ONLY - NOT APPROVED FOR PROCUREMENT, QUOTATION, FABRICATION, ASSEMBLY, CONNECTION, POWERED TESTING, MOTION, OR ENERGIZATION"
1816,1198653,3,UNMAPPED,"[382203,302,18093,386923,18256,386922]","[[50.02599075815154,8.005,19.076781059061172],[50.2,8.005,19.2],[50.2,8.005,18.965392638591222],[50.11299537907577,8.005,19.138390529530586],[50.2,8.005,19.08269631929561],[50.11299537907577,8.005,19.021086848826197]]","[[123],[32,33,78,79,123],[33,79],[123],[33,79],[123]]","[32,33,78,79,123]",[],"PRELIMINARY - CORRECTED EXACT TRIMMED-FACE OWNERSHIP AUDIT ONLY - NOT APPROVED FOR PROCUREMENT, QUOTATION, FABRICATION, ASSEMBLY, CONNECTION, POWERED TESTING, MOTION, OR ENERGIZATION"
1820,1206378,1,UNMAPPED,"[382203,383687,302,390500,390285,386923]","[[50.02599075815154,8.005,19.076781059061172],[50.01412342994836,8.005,19.273144906319704],[50.2,8.005,19.2],[50.02005709404995,8.005,19.174962982690435],[50.10706171497418,8.005,19.236572453159848],[50.11299537907577,8.005,19.138390529530586]]","[[123],[78],[32,33,78,79,123],[123],[78],[123]]","[32,33,78,79,123]",[],"PRELIMINARY - CORRECTED EXACT TRIMMED-FACE OWNERSHIP AUDIT ONLY - NOT APPROVED FOR PROCUREMENT, QUOTATION, FABRICATION, ASSEMBLY, CONNECTION, POWERED TESTING, MOTION, OR ENERGIZATION"
1950,1140524,1,UNMAPPED,"[382008,384005,1218,390863,390966,389966]","[[46.55432158550599,8.005,20.356502197726183],[46.77838750219324,8.005,20.33276080313939],[46.66039913011189,8.004999999999999,20.2],[46.666354543849614,8.005,20.344631500432786],[46.71939331615257,8.005,20.266380401569695],[46.60736035780894,8.005,20.27825109886309]]","[[77],[122],[122],[122],[122],[122]]","[77,122]",[],"PRELIMINARY - CORRECTED EXACT TRIMMED-FACE OWNERSHIP AUDIT ONLY - NOT APPROVED FOR PROCUREMENT, QUOTATION, FABRICATION, ASSEMBLY, CONNECTION, POWERED TESTING, MOTION, OR ENERGIZATION"
2009,1220813,0,UNMAPPED,"[382948,1268,382092,386226,387717,387469]","[[38.622302061160056,8.005,17.794990963210008],[38.8,8.004999999999999,17.67955001586972],[38.61674831144053,8.005,17.573749604150468],[38.71115103058003,8.005,17.737270489539863],[38.708374155720264,8.005,17.626649810010097],[38.619525186300294,8.005,17.68437028368024]]","[[120],[120],[75],[120],[120],[120]]","[75,120]",[],"PRELIMINARY - CORRECTED EXACT TRIMMED-FACE OWNERSHIP AUDIT ONLY - NOT APPROVED FOR PROCUREMENT, QUOTATION, FABRICATION, ASSEMBLY, CONNECTION, POWERED TESTING, MOTION, OR ENERGIZATION"
2627,1148233,0,UNMAPPED,"[383290,383284,1574,387992,387993,386032]","[[38.60909210956131,8.005,-15.7954134056856],[38.60609235462661,8.005,-15.577778403915225],[38.8,8.004999999999999,-15.691530584407602],[38.607592232093964,8.005,-15.686595904800413],[38.703046177313304,8.005,-15.634654494161413],[38.70454605478065,8.005,-15.743471995046601]]","[[118],[75],[118],[118],[118],[118]]","[75,118]",[],"PRELIMINARY - CORRECTED EXACT TRIMMED-FACE OWNERSHIP AUDIT ONLY - NOT APPROVED FOR PROCUREMENT, QUOTATION, FABRICATION, ASSEMBLY, CONNECTION, POWERED TESTING, MOTION, OR ENERGIZATION"
2684,1207641,3,UNMAPPED,"[382005,383786,1623,384527,390705,389970]","[[41.4645868007642,8.005,-18.353319146085717],[41.265163415497156,8.005,-18.35628037081509],[41.33960086993777,8.004999999999999,-18.2],[41.36487510813068,8.005,-18.3547997584504],[41.30238214271746,8.005,-18.278140185407544],[41.40209383535099,8.005,-18.276659573042856]]","[[81],[117],[117],[117],[117],[117]]","[81,117]",[],"PRELIMINARY - CORRECTED EXACT TRIMMED-FACE OWNERSHIP AUDIT ONLY - NOT APPROVED FOR PROCUREMENT, QUOTATION, FABRICATION, ASSEMBLY, CONNECTION, POWERED TESTING, MOTION, OR ENERGIZATION"
2782,1166790,1,UNMAPPED,"[382007,1682,384006,389963,390967,390864]","[[46.55419440223213,8.005,-18.356601103667646],[46.66039913011189,8.004999999999999,-18.2],[46.77835450147897,8.005,-18.33278105745986],[46.60729676617201,8.005,-18.278300551833823],[46.719376815795435,8.005,-18.266390528729932],[46.66627445185555,8.005,-18.344691080563756]]","[[81],[125],[125],[125],[125],[125]]","[81,125]",[],"PRELIMINARY - CORRECTED EXACT TRIMMED-FACE OWNERSHIP AUDIT ONLY - NOT APPROVED FOR PROCUREMENT, QUOTATION, FABRICATION, ASSEMBLY, CONNECTION, POWERED TESTING, MOTION, OR ENERGIZATION"
2838,1206537,1,UNMAPPED,"[382093,1741,382934,386379,386378,386000]","[[49.38325168855946,8.005,17.573749604150468],[49.199999999999996,8.004999999999999,17.67955001586972],[49.37683862115965,8.005,17.796897263142686],[49.29162584427973,8.005,17.626649810010097],[49.288419310579826,8.005,17.738223639506206],[49.38004515485956,8.005,17.685323433646577]]","[[79],[123],[123],[123],[123],[123]]","[79,123]",[],"PRELIMINARY - CORRECTED EXACT TRIMMED-FACE OWNERSHIP AUDIT ONLY - NOT APPROVED FOR PROCUREMENT, QUOTATION, FABRICATION, ASSEMBLY, CONNECTION, POWERED TESTING, MOTION, OR ENERGIZATION"
3458,1176433,3,UNMAPPED,"[2047,383291,383303,387221,387220,385828]","[[49.199999999999996,8.004999999999999,-15.691530584407598],[49.39862420012375,8.005,-15.575328532764217],[49.3869528667518,8.005,-15.782239468266404],[49.29931210006187,8.005,-15.633429558585908],[49.39278853343777,8.005,-15.67878400051531],[49.29347643337589,8.005,-15.736885026337003]]","[[124],[79],[124],[124],[124],[124]]","[79,124]",[],"PRELIMINARY - CORRECTED EXACT TRIMMED-FACE OWNERSHIP AUDIT ONLY - NOT APPROVED FOR PROCUREMENT, QUOTATION, FABRICATION, ASSEMBLY, CONNECTION, POWERED TESTING, MOTION, OR ENERGIZATION"
22946,1206978,0,UNMAPPED,"[17307,17306,382208,17347,388941,388842]","[[40.20762024413595,8.005,-19.2],[40.00386450979057,8.005,-19.2],[40.10652352640351,8.005,-19.034547870017192],[40.10574237696326,8.005,-19.2],[40.05519401809704,8.005,-19.117273935008594],[40.15707188526973,8.005,-19.117273935008594]]","[[35,81],[35,81],[117],[35,81],[117],[117]]","[35,81,117]",[],"PRELIMINARY - CORRECTED EXACT TRIMMED-FACE OWNERSHIP AUDIT ONLY - NOT APPROVED FOR PROCUREMENT, QUOTATION, FABRICATION, ASSEMBLY, CONNECTION, POWERED TESTING, MOTION, OR ENERGIZATION"
22948,1213525,1,UNMAPPED,"[382208,17306,383639,388941,388364,390254]","[[40.10652352640351,8.005,-19.034547870017192],[40.00386450979057,8.005,-19.2],[39.9072871225718,8.005,-19.033292528088037],[40.05519401809704,8.005,-19.117273935008594],[39.95557581618119,8.005,-19.116646264044018],[40.006905324487654,8.005,-19.033920199052613]]","[[117],[35,81],[117],[117],[117],[117]]","[35,81,117]",[],"PRELIMINARY - CORRECTED EXACT TRIMMED-FACE OWNERSHIP AUDIT ONLY - NOT APPROVED FOR PROCUREMENT, QUOTATION, FABRICATION, ASSEMBLY, CONNECTION, POWERED TESTING, MOTION, OR ENERGIZATION"
22950,1193172,3,UNMAPPED,"[383508,17308,17307,388521,17348,388841]","[[40.30648076783318,8.005,-19.024961181439092],[40.40946462925684,8.005,-19.2],[40.20762024413595,8.005,-19.2],[40.35797269854501,8.005,-19.112480590719546],[40.3085424366964,8.005,-19.2],[40.257050505984566,8.005,-19.112480590719546]]","[[117],[35,81],[35,81],[117],[35,81],[117]]","[35,81,117]",[],"PRELIMINARY - CORRECTED EXACT TRIMMED-FACE OWNERSHIP AUDIT ONLY - NOT APPROVED FOR PROCUREMENT, QUOTATION, FABRICATION, ASSEMBLY, CONNECTION, POWERED TESTING, MOTION, OR ENERGIZATION"
22952,1201285,2,UNMAPPED,"[383508,17307,382208,388841,388842,388840]","[[40.30648076783318,8.005,-19.024961181439092],[40.20762024413595,8.005,-19.2],[40.10652352640351,8.005,-19.034547870017192],[40.257050505984566,8.005,-19.112480590719546],[40.15707188526973,8.005,-19.117273935008594],[40.20650214711834,8.005,-19.02975452572814]]","[[117],[35,81],[117],[117],[117],[117]]","[35,81,117]",[],"PRELIMINARY - CORRECTED EXACT TRIMMED-FACE OWNERSHIP AUDIT ONLY - NOT APPROVED FOR PROCUREMENT, QUOTATION, FABRICATION, ASSEMBLY, CONNECTION, POWERED TESTING, MOTION, OR ENERGIZATION"
22954,1175677,0,UNMAPPED,"[17308,382186,17309,388522,388988,17349]","[[40.40946462925684,8.005,-19.2],[40.511280611497,8.005,-19.024969197565607],[40.612922650042584,8.005,-19.2],[40.460372620376916,8.005,-19.112484598782803],[40.56210163076979,8.005,-19.112484598782803],[40.51119363964971,8.005,-19.2]]","[[35,81],[117],[35,81],[81],[81],[35,81]]","[35,81,117]",[],"PRELIMINARY - CORRECTED EXACT TRIMMED-FACE OWNERSHIP AUDIT ONLY - NOT APPROVED FOR PROCUREMENT, QUOTATION, FABRICATION, ASSEMBLY, CONNECTION, POWERED TESTING, MOTION, OR ENERGIZATION"
22956,1157193,2,UNMAPPED,"[383508,382186,17308,388438,388522,388521]","[[40.30648076783318,8.005,-19.024961181439092],[40.511280611497,8.005,-19.024969197565607],[40.40946462925684,8.005,-19.2],[40.40888068966509,8.005,-19.02496518950235],[40.460372620376916,8.005,-19.112484598782803],[40.35797269854501,8.005,-19.112480590719546]]","[[117],[117],[35,81],[117],[81],[117]]","[35,81,117]",[],"PRELIMINARY - CORRECTED EXACT TRIMMED-FACE OWNERSHIP AUDIT ONLY - NOT APPROVED FOR PROCUREMENT, QUOTATION, FABRICATION, ASSEMBLY, CONNECTION, POWERED TESTING, MOTION, OR ENERGIZATION"
22960,1209293,3,UNMAPPED,"[382186,383483,17309,388769,388766,388988]","[[40.511280611497,8.005,-19.024969197565607],[40.713684156390286,8.005,-19.025269830516716],[40.612922650042584,8.005,-19.2],[40.61248238394364,8.005,-19.02511951404116],[40.66330340321643,8.005,-19.112634915258358],[40.56210163076979,8.005,-19.112484598782803]]","[[117],[81],[35,81],[117],[81],[81]]","[35,81,117]",[],"PRELIMINARY - CORRECTED EXACT TRIMMED-FACE OWNERSHIP AUDIT ONLY - NOT APPROVED FOR PROCUREMENT, QUOTATION, FABRICATION, ASSEMBLY, CONNECTION, POWERED TESTING, MOTION, OR ENERGIZATION"
23090,1133513,0,UNMAPPED,"[382183,17343,17342,388623,17383,388986]","[[47.475350709694666,8.005,-19.027787986396007],[47.59053537074315,8.005,-19.2],[47.387077349957416,8.005,-19.2],[47.53294304021891,8.005,-19.113893993198],[47.48880636035028,8.005,-19.2],[47.43121402982604,8.005,-19.113893993198]]","[[125],[35,81],[35,81],[81],[35,81],[81]]","[35,81,125]",[],"PRELIMINARY - CORRECTED EXACT TRIMMED-FACE OWNERSHIP AUDIT ONLY - NOT APPROVED FOR PROCUREMENT, QUOTATION, FABRICATION, ASSEMBLY, CONNECTION, POWERED TESTING, MOTION, OR ENERGIZATION"
23092,1140837,1,UNMAPPED,"[382183,17342,384038,388986,390785,386532]","[[47.475350709694666,8.005,-19.027787986396007],[47.387077349957416,8.005,-19.2],[47.28541803549017,8.005,-19.088281373838303],[47.43121402982604,8.005,-19.113893993198],[47.336247692723795,8.005,-19.14414068691915],[47.38038437259242,8.005,-19.058034680117153]]","[[125],[35,81],[81],[81],[81],[81]]","[35,81,125]",[],"PRELIMINARY - CORRECTED EXACT TRIMMED-FACE OWNERSHIP AUDIT ONLY - NOT APPROVED FOR PROCUREMENT, QUOTATION, FABRICATION, ASSEMBLY, CONNECTION, POWERED TESTING, MOTION, OR ENERGIZATION"
23094,1173975,3,UNMAPPED,"[17344,17343,383510,17384,388622,389031]","[[47.79237975586403,8.005,-19.2],[47.59053537074315,8.005,-19.2],[47.71320248630116,8.005,-19.033926951637444],[47.691457563303594,8.005,-19.2],[47.65186892852215,8.005,-19.11696347581872],[47.752791121082595,8.005,-19.11696347581872]]","[[35,81],[35,81],[125],[35,81],[125],[125]]","[35,81,125]",[],"PRELIMINARY - CORRECTED EXACT TRIMMED-FACE OWNERSHIP AUDIT ONLY - NOT APPROVED FOR PROCUREMENT, QUOTATION, FABRICATION, ASSEMBLY, CONNECTION, POWERED TESTING, MOTION, OR ENERGIZATION"
23096,1193639,3,UNMAPPED,"[383510,17343,382183,388622,388623,388621]","[[47.71320248630116,8.005,-19.033926951637444],[47.59053537074315,8.005,-19.2],[47.475350709694666,8.005,-19.027787986396007],[47.65186892852215,8.005,-19.11696347581872],[47.53294304021891,8.005,-19.113893993198],[47.594276597997904,8.005,-19.030857469016723]]","[[125],[35,81],[125],[125],[81],[125]]","[35,81,125]",[],"PRELIMINARY - CORRECTED EXACT TRIMMED-FACE OWNERSHIP AUDIT ONLY - NOT APPROVED FOR PROCUREMENT, QUOTATION, FABRICATION, ASSEMBLY, CONNECTION, POWERED TESTING, MOTION, OR ENERGIZATION"
23098,1225517,0,UNMAPPED,"[17344,382206,17345,388938,388939,17385]","[[47.79237975586403,8.005,-19.2],[47.91734650250223,8.005,-19.042866548420854],[47.996135490209426,8.005,-19.2],[47.85486312918313,8.005,-19.12143327421043],[47.956740996355826,8.005,-19.12143327421043],[47.89425762303673,8.005,-19.2]]","[[35,81],[125],[35,81],[125],[125],[35,81]]","[35,81,125]",[],"PRELIMINARY - CORRECTED EXACT TRIMMED-FACE OWNERSHIP AUDIT ONLY - NOT APPROVED FOR PROCUREMENT, QUOTATION, FABRICATION, ASSEMBLY, CONNECTION, POWERED TESTING, MOTION, OR ENERGIZATION"
23100,1126245,1,UNMAPPED,"[17344,383510,382206,389031,388607,388938]","[[47.79237975586403,8.005,-19.2],[47.71320248630116,8.005,-19.033926951637444],[47.91734650250223,8.005,-19.042866548420854],[47.752791121082595,8.005,-19.11696347581872],[47.81527449440169,8.005,-19.03839675002915],[47.85486312918313,8.005,-19.12143327421043]]","[[35,81],[125],[125],[125],[125],[125]]","[35,81,125]",[],"PRELIMINARY - CORRECTED EXACT TRIMMED-FACE OWNERSHIP AUDIT ONLY - NOT APPROVED FOR PROCUREMENT, QUOTATION, FABRICATION, ASSEMBLY, CONNECTION, POWERED TESTING, MOTION, OR ENERGIZATION"
23102,1227302,0,UNMAPPED,"[382206,383848,17345,388653,390616,388939]","[[47.91734650250223,8.005,-19.042866548420854],[48.09076403665209,8.005,-19.077255604218067],[47.996135490209426,8.005,-19.2],[48.00405526957716,8.005,-19.06006107631946],[48.04344976343076,8.005,-19.13862780210903],[47.956740996355826,8.005,-19.12143327421043]]","[[125],[125],[35,81],[125],[125],[125]]","[35,81,125]",[],"PRELIMINARY - CORRECTED EXACT TRIMMED-FACE OWNERSHIP AUDIT ONLY - NOT APPROVED FOR PROCUREMENT, QUOTATION, FABRICATION, ASSEMBLY, CONNECTION, POWERED TESTING, MOTION, OR ENERGIZATION"
23239,1178034,0,UNMAPPED,"[382302,17464,17465,387874,17627,387211]","[[38.02012172069324,8.005,-16.873485422744764],[37.8,8.005,-16.965392638606684],[37.8,8.005,-16.733116711471013],[37.91006086034662,8.005,-16.919439030675726],[37.8,8.005,-16.849254675038846],[37.91006086034662,8.005,-16.80330106710789]]","[[118],[29,75],[29,75],[118],[29,75],[118]]","[29,75,118]",[],"PRELIMINARY - CORRECTED EXACT TRIMMED-FACE OWNERSHIP AUDIT ONLY - NOT APPROVED FOR PROCUREMENT, QUOTATION, FABRICATION, ASSEMBLY, CONNECTION, POWERED TESTING, MOTION, OR ENERGIZATION"
23241,1168941,1,UNMAPPED,"[382302,383278,17464,388563,387236,387874]","[[38.02012172069324,8.005,-16.873485422744764],[37.96692278343314,8.005,-17.100461575545708],[37.8,8.005,-16.965392638606684],[37.993522252063194,8.005,-16.986973499145236],[37.88346139171657,8.005,-17.032927107076194],[37.91006086034662,8.005,-16.919439030675726]]","[[118],[118],[29,75],[118],[118],[118]]","[29,75,118]",[],"PRELIMINARY - CORRECTED EXACT TRIMMED-FACE OWNERSHIP AUDIT ONLY - NOT APPROVED FOR PROCUREMENT, QUOTATION, FABRICATION, ASSEMBLY, CONNECTION, POWERED TESTING, MOTION, OR ENERGIZATION"
23243,1155987,1,UNMAPPED,"[17466,383149,17465,386859,387210,17628]","[[37.8,8.005,-16.517845190568117],[37.99897984079995,8.005,-16.624841525707858],[37.8,8.005,-16.733116711471013],[37.89948992039997,8.005,-16.571343358137987],[37.89948992039997,8.005,-16.678979118589435],[37.8,8.005,-16.625480951019565]]","[[29,75],[118],[29,75],[75],[118],[29,75]]","[29,75,118]",[],"PRELIMINARY - CORRECTED EXACT TRIMMED-FACE OWNERSHIP AUDIT ONLY - NOT APPROVED FOR PROCUREMENT, QUOTATION, FABRICATION, ASSEMBLY, CONNECTION, POWERED TESTING, MOTION, OR ENERGIZATION"
23245,1207063,3,UNMAPPED,"[382302,17465,383149,387211,387210,386256]","[[38.02012172069324,8.005,-16.873485422744764],[37.8,8.005,-16.733116711471013],[37.99897984079995,8.005,-16.624841525707858],[37.91006086034662,8.005,-16.80330106710789],[37.89948992039997,8.005,-16.678979118589435],[38.00955078074659,8.005,-16.74916347422631]]","[[118],[29,75],[118],[118],[118],[118]]","[29,75,118]",[],"PRELIMINARY - CORRECTED EXACT TRIMMED-FACE OWNERSHIP AUDIT ONLY - NOT APPROVED FOR PROCUREMENT, QUOTATION, FABRICATION, ASSEMBLY, CONNECTION, POWERED TESTING, MOTION, OR ENERGIZATION"
23248,1148176,2,UNMAPPED,"[382210,17466,17467,386394,17629,386393]","[[37.987144503966206,8.005,-16.40758108370243],[37.8,8.005,-16.517845190568117],[37.8,8.005,-16.283972364383136],[37.8935722519831,8.005,-16.462713137135275],[37.8,8.005,-16.400908777475628],[37.8935722519831,8.005,-16.345776724042782]]","[[118],[29,75],[29,75],[75],[29,75],[75]]","[29,75,118]",[],"PRELIMINARY - CORRECTED EXACT TRIMMED-FACE OWNERSHIP AUDIT ONLY - NOT APPROVED FOR PROCUREMENT, QUOTATION, FABRICATION, ASSEMBLY, CONNECTION, POWERED TESTING, MOTION, OR ENERGIZATION"
23250,1172028,0,UNMAPPED,"[382210,383149,17466,386858,386859,386394]","[[37.987144503966206,8.005,-16.40758108370243],[37.99897984079995,8.005,-16.624841525707858],[37.8,8.005,-16.517845190568117],[37.99306217238308,8.005,-16.516211304705145],[37.89948992039997,8.005,-16.571343358137987],[37.8935722519831,8.005,-16.462713137135275]]","[[118],[118],[29,75],[118],[75],[75]]","[29,75,118]",[],"PRELIMINARY - CORRECTED EXACT TRIMMED-FACE OWNERSHIP AUDIT ONLY - NOT APPROVED FOR PROCUREMENT, QUOTATION, FABRICATION, ASSEMBLY, CONNECTION, POWERED TESTING, MOTION, OR ENERGIZATION"
23254,1148182,1,UNMAPPED,"[382210,17467,383027,386393,387768,387909]","[[37.987144503966206,8.005,-16.40758108370243],[37.8,8.005,-16.283972364383136],[37.98236483874698,8.005,-16.201325735974827],[37.8935722519831,8.005,-16.345776724042782],[37.89118241937349,8.005,-16.242649050178983],[37.98475467135659,8.005,-16.30445340983863]]","[[118],[29,75],[75],[75],[75],[75]]","[29,75,118]",[],"PRELIMINARY - CORRECTED EXACT TRIMMED-FACE OWNERSHIP AUDIT ONLY - NOT APPROVED FOR PROCUREMENT, QUOTATION, FABRICATION, ASSEMBLY, CONNECTION, POWERED TESTING, MOTION, OR ENERGIZATION"
23878,1134990,3,UNMAPPED,"[17622,17623,382201,17785,386330,386331]","[[37.8,8.005,18.283972367254567],[37.8,8.005,18.517845193125336],[37.98329700470762,8.005,18.403308366375104],[37.8,8.005,18.400908780189955],[37.89164850235381,8.005,18.460576779750216],[37.89164850235381,8.005,18.343640366814835]]","[[29,75],[29,75],[120],[29,75],[75],[75]]","[29,75,120]",[],"PRELIMINARY - CORRECTED EXACT TRIMMED-FACE OWNERSHIP AUDIT ONLY - NOT APPROVED FOR PROCUREMENT, QUOTATION, FABRICATION, ASSEMBLY, CONNECTION, POWERED TESTING, MOTION, OR ENERGIZATION"
23880,1156809,2,UNMAPPED,"[17622,382201,383590,386331,386651,387125]","[[37.8,8.005,18.283972367254567],[37.98329700470762,8.005,18.403308366375104],[37.978860720872845,8.005,18.18792669638668],[37.89164850235381,8.005,18.343640366814835],[37.981078862790234,8.005,18.295617531380888],[37.88943036043642,8.005,18.235949531820626]]","[[29,75],[120],[75],[75],[75],[75]]","[29,75,120]",[],"PRELIMINARY - CORRECTED EXACT TRIMMED-FACE OWNERSHIP AUDIT ONLY - NOT APPROVED FOR PROCUREMENT, QUOTATION, FABRICATION, ASSEMBLY, CONNECTION, POWERED TESTING, MOTION, OR ENERGIZATION"
23882,1140618,1,UNMAPPED,"[17624,382920,17623,388763,387139,17786]","[[37.8,8.005,18.73311671145918],[37.9848076136892,8.005,18.62081832147444],[37.8,8.005,18.517845193125336],[37.8924038068446,8.005,18.676967516466807],[37.8924038068446,8.005,18.56933175729989],[37.8,8.005,18.62548095229226]]","[[29,75],[120],[29,75],[120],[75],[29,75]]","[29,75,120]",[],"PRELIMINARY - CORRECTED EXACT TRIMMED-FACE OWNERSHIP AUDIT ONLY - NOT APPROVED FOR PROCUREMENT, QUOTATION, FABRICATION, ASSEMBLY, CONNECTION, POWERED TESTING, MOTION, OR ENERGIZATION"
23884,1182616,3,UNMAPPED,"[382201,17623,382920,386330,387139,386984]","[[37.98329700470762,8.005,18.403308366375104],[37.8,8.005,18.517845193125336],[37.9848076136892,8.005,18.62081832147444],[37.89164850235381,8.005,18.460576779750216],[37.8924038068446,8.005,18.56933175729989],[37.98405230919841,8.005,18.51206334392477]]","[[120],[29,75],[120],[75],[75],[120]]","[29,75,120]",[],"PRELIMINARY - CORRECTED EXACT TRIMMED-FACE OWNERSHIP AUDIT ONLY - NOT APPROVED FOR PROCUREMENT, QUOTATION, FABRICATION, ASSEMBLY, CONNECTION, POWERED TESTING, MOTION, OR ENERGIZATION"
23886,1237429,3,UNMAPPED,"[17624,17625,383031,17787,387527,388929]","[[37.8,8.005,18.73311671145918],[37.8,8.005,18.965392638591222],[37.98625082289844,8.005,18.84156605555383],[37.8,8.005,18.849254675025197],[37.89312541144922,8.005,18.903479347072523],[37.89312541144922,8.005,18.787341383506504]]","[[29,75],[29,75],[120],[29,75],[120],[120]]","[29,75,120]",[],"PRELIMINARY - CORRECTED EXACT TRIMMED-FACE OWNERSHIP AUDIT ONLY - NOT APPROVED FOR PROCUREMENT, QUOTATION, FABRICATION, ASSEMBLY, CONNECTION, POWERED TESTING, MOTION, OR ENERGIZATION"
23888,1146172,1,UNMAPPED,"[17624,383031,382920,388929,388634,388763]","[[37.8,8.005,18.73311671145918],[37.98625082289844,8.005,18.84156605555383],[37.9848076136892,8.005,18.62081832147444],[37.89312541144922,8.005,18.787341383506504],[37.98552921829382,8.005,18.731192188514132],[37.8924038068446,8.005,18.676967516466807]]","[[29,75],[120],[120],[120],[120],[120]]","[29,75,120]",[],"PRELIMINARY - CORRECTED EXACT TRIMMED-FACE OWNERSHIP AUDIT ONLY - NOT APPROVED FOR PROCUREMENT, QUOTATION, FABRICATION, ASSEMBLY, CONNECTION, POWERED TESTING, MOTION, OR ENERGIZATION"
23891,1125973,2,UNMAPPED,"[383031,17625,382204,387527,386921,385646]","[[37.98625082289844,8.005,18.84156605555383],[37.8,8.005,18.965392638591222],[37.998637712210815,8.005,19.06263973980894],[37.89312541144922,8.005,18.903479347072523],[37.8993188561054,8.005,19.01401618920008],[37.992444267554625,8.005,18.95210289768139]]","[[120],[29,75],[120],[120],[120],[120]]","[29,75,120]",[],"PRELIMINARY - CORRECTED EXACT TRIMMED-FACE OWNERSHIP AUDIT ONLY - NOT APPROVED FOR PROCUREMENT, QUOTATION, FABRICATION, ASSEMBLY, CONNECTION, POWERED TESTING, MOTION, OR ENERGIZATION"
23952,1196080,1,UNMAPPED,"[17820,17821,382209,17861,388942,388943]","[[40.00386450979057,8.005,21.2],[40.20762024413596,8.005,21.2],[40.10840810367703,8.005,21.035670284629784],[40.10574237696326,8.005,21.2],[40.158014173906494,8.005,21.117835142314892],[40.0561363067338,8.005,21.117835142314892]]","[[31,77],[31,77],[121],[31,77],[121],[121]]","[31,77,121]",[],"PRELIMINARY - CORRECTED EXACT TRIMMED-FACE OWNERSHIP AUDIT ONLY - NOT APPROVED FOR PROCUREMENT, QUOTATION, FABRICATION, ASSEMBLY, CONNECTION, POWERED TESTING, MOTION, OR ENERGIZATION"
23954,1196073,1,UNMAPPED,"[383638,17820,382209,388363,388943,390255]","[[39.906340010289526,8.005,21.03881327402505],[40.00386450979057,8.005,21.2],[40.10840810367703,8.005,21.035670284629784],[39.95510226004005,8.005,21.11940663701252],[40.0561363067338,8.005,21.117835142314892],[40.00737405698328,8.005,21.03724177932742]]","[[121],[31,77],[121],[121],[121],[121]]","[31,77,121]",[],"PRELIMINARY - CORRECTED EXACT TRIMMED-FACE OWNERSHIP AUDIT ONLY - NOT APPROVED FOR PROCUREMENT, QUOTATION, FABRICATION, ASSEMBLY, CONNECTION, POWERED TESTING, MOTION, OR ENERGIZATION"
23956,1114691,2,UNMAPPED,"[383512,17821,17822,389033,17862,388625]","[[40.3151780407504,8.005,21.04511766407123],[40.20762024413596,8.005,21.2],[40.40946462925684,8.005,21.2],[40.26139914244318,8.005,21.12255883203561],[40.3085424366964,8.005,21.2],[40.36232133500362,8.005,21.12255883203561]]","[[121],[31,77],[31,77],[121],[31,77],[77]]","[31,77,121]",[],"PRELIMINARY - CORRECTED EXACT TRIMMED-FACE OWNERSHIP AUDIT ONLY - NOT APPROVED FOR PROCUREMENT, QUOTATION, FABRICATION, ASSEMBLY, CONNECTION, POWERED TESTING, MOTION, OR ENERGIZATION"
23958,1225355,3,UNMAPPED,"[383512,382209,17821,389034,388942,389033]","[[40.3151780407504,8.005,21.04511766407123],[40.10840810367703,8.005,21.035670284629784],[40.20762024413596,8.005,21.2],[40.211793072213716,8.005,21.04039397435051],[40.158014173906494,8.005,21.117835142314892],[40.26139914244318,8.005,21.12255883203561]]","[[121],[121],[31,77],[121],[121],[121]]","[31,77,121]",[],"PRELIMINARY - CORRECTED EXACT TRIMMED-FACE OWNERSHIP AUDIT ONLY - NOT APPROVED FOR PROCUREMENT, QUOTATION, FABRICATION, ASSEMBLY, CONNECTION, POWERED TESTING, MOTION, OR ENERGIZATION"
23960,1206163,3,UNMAPPED,"[17823,382185,17822,388989,388626,17863]","[[40.612922650042584,8.005,21.2],[40.519264201000475,8.005,21.052705456106185],[40.40946462925684,8.005,21.2],[40.56609342552153,8.005,21.126352728053096],[40.46436441512866,8.005,21.126352728053096],[40.51119363964971,8.005,21.2]]","[[31,77],[121],[31,77],[77],[77],[31,77]]","[31,77,121]",[],"PRELIMINARY - CORRECTED EXACT TRIMMED-FACE OWNERSHIP AUDIT ONLY - NOT APPROVED FOR PROCUREMENT, QUOTATION, FABRICATION, ASSEMBLY, CONNECTION, POWERED TESTING, MOTION, OR ENERGIZATION"
23962,1206184,3,UNMAPPED,"[17822,382185,383512,388626,388624,388625]","[[40.40946462925684,8.005,21.2],[40.519264201000475,8.005,21.052705456106185],[40.3151780407504,8.005,21.04511766407123],[40.46436441512866,8.005,21.126352728053096],[40.41722112087544,8.005,21.04891156008871],[40.36232133500362,8.005,21.12255883203561]]","[[31,77],[121],[121],[77],[121],[77]]","[31,77,121]",[],"PRELIMINARY - CORRECTED EXACT TRIMMED-FACE OWNERSHIP AUDIT ONLY - NOT APPROVED FOR PROCUREMENT, QUOTATION, FABRICATION, ASSEMBLY, CONNECTION, POWERED TESTING, MOTION, OR ENERGIZATION"
23966,1232525,3,UNMAPPED,"[383917,382185,17823,390669,388989,390668]","[[40.719965493317495,8.005,21.055507547575775],[40.519264201000475,8.005,21.052705456106185],[40.612922650042584,8.005,21.2],[40.619614847158985,8.005,21.05410650184098],[40.56609342552153,8.005,21.126352728053096],[40.66644407168004,8.005,21.12775377378789]]","[[77],[121],[31,77],[77],[77],[77]]","[31,77,121]",[],"PRELIMINARY - CORRECTED EXACT TRIMMED-FACE OWNERSHIP AUDIT ONLY - NOT APPROVED FOR PROCUREMENT, QUOTATION, FABRICATION, ASSEMBLY, CONNECTION, POWERED TESTING, MOTION, OR ENERGIZATION"
24097,1244348,2,UNMAPPED,"[382184,17856,17857,388987,17897,388620]","[[47.475350709695164,8.005,21.027787986396778],[47.387077349957416,8.005,21.2],[47.59053537074315,8.005,21.2],[47.43121402982629,8.005,21.113893993198392],[47.48880636035028,8.005,21.2],[47.53294304021916,8.005,21.113893993198392]]","[[122],[31,77],[31,77],[77],[31,77],[77]]","[31,77,122]",[],"PRELIMINARY - CORRECTED EXACT TRIMMED-FACE OWNERSHIP AUDIT ONLY - NOT APPROVED FOR PROCUREMENT, QUOTATION, FABRICATION, ASSEMBLY, CONNECTION, POWERED TESTING, MOTION, OR ENERGIZATION"
24099,1186612,2,UNMAPPED,"[17856,382184,384039,388987,386536,390786]","[[47.387077349957416,8.005,21.2],[47.475350709695164,8.005,21.027787986396778],[47.28541803549015,8.005,21.08828137383991],[47.43121402982629,8.005,21.113893993198392],[47.38038437259266,8.005,21.058034680118343],[47.33624769272379,8.005,21.144140686919958]]","[[31,77],[122],[77],[77],[77],[77]]","[31,77,122]",[],"PRELIMINARY - CORRECTED EXACT TRIMMED-FACE OWNERSHIP AUDIT ONLY - NOT APPROVED FOR PROCUREMENT, QUOTATION, FABRICATION, ASSEMBLY, CONNECTION, POWERED TESTING, MOTION, OR ENERGIZATION"
24101,1225623,1,UNMAPPED,"[17858,383511,17857,389032,388618,17898]","[[47.79237975586403,8.005,21.2],[47.71241346224864,8.005,21.031671916819807],[47.59053537074315,8.005,21.2],[47.75239660905633,8.005,21.115835958409907],[47.651474416495894,8.005,21.115835958409907],[47.69145756330359,8.005,21.2]]","[[31,77],[122],[31,77],[122],[122],[31,77]]","[31,77,122]",[],"PRELIMINARY - CORRECTED EXACT TRIMMED-FACE OWNERSHIP AUDIT ONLY - NOT APPROVED FOR PROCUREMENT, QUOTATION, FABRICATION, ASSEMBLY, CONNECTION, POWERED TESTING, MOTION, OR ENERGIZATION"
24103,1111928,1,UNMAPPED,"[382184,17857,383511,388620,388618,388619]","[[47.475350709695164,8.005,21.027787986396778],[47.59053537074315,8.005,21.2],[47.71241346224864,8.005,21.031671916819807],[47.53294304021916,8.005,21.113893993198392],[47.651474416495894,8.005,21.115835958409907],[47.593882085971906,8.005,21.029729951608292]]","[[122],[31,77],[122],[77],[122],[122]]","[31,77,122]",[],"PRELIMINARY - CORRECTED EXACT TRIMMED-FACE OWNERSHIP AUDIT ONLY - NOT APPROVED FOR PROCUREMENT, QUOTATION, FABRICATION, ASSEMBLY, CONNECTION, POWERED TESTING, MOTION, OR ENERGIZATION"
24105,1116972,3,UNMAPPED,"[17859,382207,17858,388655,388940,17899]","[[47.996135490209426,8.005,21.2],[47.91261235818537,8.005,21.029336339513744],[47.79237975586403,8.005,21.2],[47.9543739241974,8.005,21.11466816975687],[47.852496057024695,8.005,21.11466816975687],[47.89425762303673,8.005,21.2]]","[[31,77],[122],[31,77],[122],[122],[31,77]]","[31,77,122]",[],"PRELIMINARY - CORRECTED EXACT TRIMMED-FACE OWNERSHIP AUDIT ONLY - NOT APPROVED FOR PROCUREMENT, QUOTATION, FABRICATION, ASSEMBLY, CONNECTION, POWERED TESTING, MOTION, OR ENERGIZATION"
24107,1116944,0,UNMAPPED,"[17858,382207,383511,388940,388610,389032]","[[47.79237975586403,8.005,21.2],[47.91261235818537,8.005,21.029336339513744],[47.71241346224864,8.005,21.031671916819807],[47.852496057024695,8.005,21.11466816975687],[47.81251291021701,8.005,21.030504128166772],[47.75239660905633,8.005,21.115835958409907]]","[[31,77],[122],[122],[122],[122],[122]]","[31,77,122]",[],"PRELIMINARY - CORRECTED EXACT TRIMMED-FACE OWNERSHIP AUDIT ONLY - NOT APPROVED FOR PROCUREMENT, QUOTATION, FABRICATION, ASSEMBLY, CONNECTION, POWERED TESTING, MOTION, OR ENERGIZATION"
24109,1227322,1,UNMAPPED,"[383328,382207,17859,387814,388655,388296]","[[48.117581833687034,8.005,21.03666562181365],[47.91261235818537,8.005,21.029336339513744],[47.996135490209426,8.005,21.2],[48.0150970959362,8.005,21.033000980663697],[47.9543739241974,8.005,21.11466816975687],[48.05685866194823,8.005,21.118332810906825]]","[[122],[122],[31,77],[122],[122],[122]]","[31,77,122]",[],"PRELIMINARY - CORRECTED EXACT TRIMMED-FACE OWNERSHIP AUDIT ONLY - NOT APPROVED FOR PROCUREMENT, QUOTATION, FABRICATION, ASSEMBLY, CONNECTION, POWERED TESTING, MOTION, OR ENERGIZATION"
24169,1221691,3,UNMAPPED,"[17933,17932,383101,18095,387598,389040]","[[50.2,8.005,-16.733116711471013],[50.2,8.005,-16.965392638606684],[50.01337249438256,8.005,-16.840975276196154],[50.2,8.005,-16.849254675038846],[50.10668624719128,8.005,-16.90318395740142],[50.10668624719128,8.005,-16.787045993833583]]","[[33,79],[33,79],[124],[33,79],[124],[124]]","[33,79,124]",[],"PRELIMINARY - CORRECTED EXACT TRIMMED-FACE OWNERSHIP AUDIT ONLY - NOT APPROVED FOR PROCUREMENT, QUOTATION, FABRICATION, ASSEMBLY, CONNECTION, POWERED TESTING, MOTION, OR ENERGIZATION"
24171,1159701,0,UNMAPPED,"[383101,17932,382205,387598,386925,385815]","[[50.01337249438256,8.005,-16.840975276196154],[50.2,8.005,-16.965392638606684],[50.011720565951286,8.005,-17.06901568243072],[50.10668624719128,8.005,-16.90318395740142],[50.10586028297564,8.005,-17.017204160518702],[50.01254653016692,8.005,-16.95499547931344]]","[[124],[33,79],[124],[124],[124],[124]]","[33,79,124]",[],"PRELIMINARY - CORRECTED EXACT TRIMMED-FACE OWNERSHIP AUDIT ONLY - NOT APPROVED FOR PROCUREMENT, QUOTATION, FABRICATION, ASSEMBLY, CONNECTION, POWERED TESTING, MOTION, OR ENERGIZATION"
24173,1142377,3,UNMAPPED,"[382958,17934,17933,387256,18096,388861]","[[50.01454840462732,8.005,-16.62200948699502],[50.2,8.005,-16.517845190568117],[50.2,8.005,-16.733116711471013],[50.10727420231366,8.005,-16.569927338781568],[50.2,8.005,-16.625480951019565],[50.10727420231366,8.005,-16.677563099233016]]","[[124],[33,79],[33,79],[79],[33,79],[124]]","[33,79,124]",[],"PRELIMINARY - CORRECTED EXACT TRIMMED-FACE OWNERSHIP AUDIT ONLY - NOT APPROVED FOR PROCUREMENT, QUOTATION, FABRICATION, ASSEMBLY, CONNECTION, POWERED TESTING, MOTION, OR ENERGIZATION"
24175,1182635,2,UNMAPPED,"[382958,17933,383101,388861,389040,388832]","[[50.01454840462732,8.005,-16.62200948699502],[50.2,8.005,-16.733116711471013],[50.01337249438256,8.005,-16.840975276196154],[50.10727420231366,8.005,-16.677563099233016],[50.10668624719128,8.005,-16.787045993833583],[50.013960449504935,8.005,-16.731492381595586]]","[[124],[33,79],[124],[124],[124],[124]]","[33,79,124]",[],"PRELIMINARY - CORRECTED EXACT TRIMMED-FACE OWNERSHIP AUDIT ONLY - NOT APPROVED FOR PROCUREMENT, QUOTATION, FABRICATION, ASSEMBLY, CONNECTION, POWERED TESTING, MOTION, OR ENERGIZATION"
24178,1193208,3,UNMAPPED,"[17934,382211,17935,386391,386392,18097]","[[50.2,8.005,-16.517845190568117],[50.01658555704761,8.005,-16.400908777475628],[50.2,8.005,-16.283972364383136],[50.108292778523804,8.005,-16.459376984021873],[50.108292778523804,8.005,-16.34244057092938],[50.2,8.005,-16.400908777475628]]","[[33,79],[124],[33,79],[79],[79],[33,79]]","[33,79,124]",[],"PRELIMINARY - CORRECTED EXACT TRIMMED-FACE OWNERSHIP AUDIT ONLY - NOT APPROVED FOR PROCUREMENT, QUOTATION, FABRICATION, ASSEMBLY, CONNECTION, POWERED TESTING, MOTION, OR ENERGIZATION"
24180,1193220,3,UNMAPPED,"[382958,382211,17934,387077,386391,387256]","[[50.01454840462732,8.005,-16.62200948699502],[50.01658555704761,8.005,-16.400908777475628],[50.2,8.005,-16.517845190568117],[50.01556698083746,8.005,-16.511459132235323],[50.108292778523804,8.005,-16.459376984021873],[50.10727420231366,8.005,-16.569927338781568]]","[[124],[124],[33,79],[124],[79],[79]]","[33,79,124]",[],"PRELIMINARY - CORRECTED EXACT TRIMMED-FACE OWNERSHIP AUDIT ONLY - NOT APPROVED FOR PROCUREMENT, QUOTATION, FABRICATION, ASSEMBLY, CONNECTION, POWERED TESTING, MOTION, OR ENERGIZATION"
24184,1208447,1,UNMAPPED,"[17935,382211,383582,386392,386794,387231]","[[50.2,8.005,-16.283972364383136],[50.01658555704761,8.005,-16.400908777475628],[50.01665561388728,8.005,-16.188510067662406],[50.108292778523804,8.005,-16.34244057092938],[50.01662058546745,8.005,-16.294709422569017],[50.10832780694364,8.005,-16.236241216022773]]","[[33,79],[124],[79],[79],[79],[79]]","[33,79,124]",[],"PRELIMINARY - CORRECTED EXACT TRIMMED-FACE OWNERSHIP AUDIT ONLY - NOT APPROVED FOR PROCUREMENT, QUOTATION, FABRICATION, ASSEMBLY, CONNECTION, POWERED TESTING, MOTION, OR ENERGIZATION"
24808,1244423,1,UNMAPPED,"[18091,18090,382202,18253,386332,386333]","[[50.2,8.005,18.517845193125336],[50.2,8.005,18.283972367254567],[50.019751202732195,8.005,18.394744334040585],[50.2,8.005,18.400908780189955],[50.1098756013661,8.005,18.339358350647576],[50.1098756013661,8.005,18.456294763582964]]","[[33,79],[33,79],[123],[33,79],[79],[79]]","[33,79,123]",[],"PRELIMINARY - CORRECTED EXACT TRIMMED-FACE OWNERSHIP AUDIT ONLY - NOT APPROVED FOR PROCUREMENT, QUOTATION, FABRICATION, ASSEMBLY, CONNECTION, POWERED TESTING, MOTION, OR ENERGIZATION"
24810,1200796,3,UNMAPPED,"[382975,382202,18090,387815,386332,387720]","[[50.01428207070144,8.005,18.18383995817476],[50.019751202732195,8.005,18.394744334040585],[50.2,8.005,18.283972367254567],[50.01701663671682,8.005,18.289292146107673],[50.1098756013661,8.005,18.339358350647576],[50.10714103535072,8.005,18.233906162714664]]","[[79],[123],[33,79],[79],[79],[79]]","[33,79,123]",[],"PRELIMINARY - CORRECTED EXACT TRIMMED-FACE OWNERSHIP AUDIT ONLY - NOT APPROVED FOR PROCUREMENT, QUOTATION, FABRICATION, ASSEMBLY, CONNECTION, POWERED TESTING, MOTION, OR ENERGIZATION"
24812,1194614,3,UNMAPPED,"[383470,18092,18091,388014,18254,388022]","[[50.0044409272482,8.005,18.61867022508645],[50.2,8.005,18.73311671145918],[50.2,8.005,18.517845193125336],[50.1022204636241,8.005,18.675893468272815],[50.2,8.005,18.62548095229226],[50.1022204636241,8.005,18.568257709105897]]","[[123],[33,79],[33,79],[123],[33,79],[79]]","[33,79,123]",[],"PRELIMINARY - CORRECTED EXACT TRIMMED-FACE OWNERSHIP AUDIT ONLY - NOT APPROVED FOR PROCUREMENT, QUOTATION, FABRICATION, ASSEMBLY, CONNECTION, POWERED TESTING, MOTION, OR ENERGIZATION"
24814,1110184,2,UNMAPPED,"[383470,18091,382202,388022,386333,388201]","[[50.0044409272482,8.005,18.61867022508645],[50.2,8.005,18.517845193125336],[50.019751202732195,8.005,18.394744334040585],[50.1022204636241,8.005,18.568257709105897],[50.1098756013661,8.005,18.456294763582964],[50.01209606499019,8.005,18.506707279563518]]","[[123],[33,79],[123],[79],[79],[123]]","[33,79,123]",[],"PRELIMINARY - CORRECTED EXACT TRIMMED-FACE OWNERSHIP AUDIT ONLY - NOT APPROVED FOR PROCUREMENT, QUOTATION, FABRICATION, ASSEMBLY, CONNECTION, POWERED TESTING, MOTION, OR ENERGIZATION"
24816,1174891,1,UNMAPPED,"[18093,18092,383883,18255,388013,390609]","[[50.2,8.005,18.965392638591222],[50.2,8.005,18.73311671145918],[50.06140563015053,8.005,18.849254675025097],[50.2,8.005,18.849254675025197],[50.13070281507527,8.005,18.791185693242138],[50.13070281507527,8.005,18.907323656808163]]","[[33,79],[33,79],[123],[33,79],[123],[123]]","[33,79,123]",[],"PRELIMINARY - CORRECTED EXACT TRIMMED-FACE OWNERSHIP AUDIT ONLY - NOT APPROVED FOR PROCUREMENT, QUOTATION, FABRICATION, ASSEMBLY, CONNECTION, POWERED TESTING, MOTION, OR ENERGIZATION"
24818,1169677,1,UNMAPPED,"[383470,383883,18092,388012,388013,388014]","[[50.0044409272482,8.005,18.61867022508645],[50.06140563015053,8.005,18.849254675025097],[50.2,8.005,18.73311671145918],[50.03292327869936,8.005,18.733962450055774],[50.13070281507527,8.005,18.791185693242138],[50.1022204636241,8.005,18.675893468272815]]","[[123],[123],[33,79],[123],[123],[123]]","[33,79,123]",[],"PRELIMINARY - CORRECTED EXACT TRIMMED-FACE OWNERSHIP AUDIT ONLY - NOT APPROVED FOR PROCUREMENT, QUOTATION, FABRICATION, ASSEMBLY, CONNECTION, POWERED TESTING, MOTION, OR ENERGIZATION"
24821,1225698,1,UNMAPPED,"[18093,383883,382203,390609,390610,386922]","[[50.2,8.005,18.965392638591222],[50.06140563015053,8.005,18.849254675025097],[50.02599075815154,8.005,19.076781059061172],[50.13070281507527,8.005,18.907323656808163],[50.043698194151034,8.005,18.96301786704314],[50.11299537907577,8.005,19.021086848826197]]","[[33,79],[123],[123],[123],[123],[123]]","[33,79,123]",[],"PRELIMINARY - CORRECTED EXACT TRIMMED-FACE OWNERSHIP AUDIT ONLY - NOT APPROVED FOR PROCUREMENT, QUOTATION, FABRICATION, ASSEMBLY, CONNECTION, POWERED TESTING, MOTION, OR ENERGIZATION"
107643,1156211,3,UNMAPPED,"[381979,382453,382452,384664,384665,384586]","[[48.11997181372571,8.005,20.370646691639383],[48.223736681670516,8.005,20.537120660456413],[48.34182379623866,8.005,20.376778025842658],[48.17185424769811,8.005,20.453883676047898],[48.28278023895459,8.005,20.456949343149535],[48.23089780498218,8.005,20.37371235874102]]","[[122],[78],[78],[122],[78],[78]]","[78,122]",[],"PRELIMINARY - CORRECTED EXACT TRIMMED-FACE OWNERSHIP AUDIT ONLY - NOT APPROVED FOR PROCUREMENT, QUOTATION, FABRICATION, ASSEMBLY, CONNECTION, POWERED TESTING, MOTION, OR ENERGIZATION"
107644,1167863,3,UNMAPPED,"[382454,382453,381979,387115,384664,386887]","[[48.026733900506066,8.005,20.54487878598687],[48.223736681670516,8.005,20.537120660456413],[48.11997181372571,8.005,20.370646691639383],[48.12523529108829,8.005,20.540999723221642],[48.17185424769811,8.005,20.453883676047898],[48.073352857115886,8.005,20.457762738813127]]","[[122],[78],[122],[122],[122],[122]]","[78,122]",[],"PRELIMINARY - CORRECTED EXACT TRIMMED-FACE OWNERSHIP AUDIT ONLY - NOT APPROVED FOR PROCUREMENT, QUOTATION, FABRICATION, ASSEMBLY, CONNECTION, POWERED TESTING, MOTION, OR ENERGIZATION"
107646,1143912,1,UNMAPPED,"[382461,381980,382460,384667,384590,384666]","[[48.227288483385564,8.005,-18.54092578587252],[48.11997181372571,8.005,-18.370646691639354],[48.34171918268319,8.005,-18.37589329679811],[48.17363014855564,8.005,-18.455786238755937],[48.23084549820445,8.005,-18.373269994218735],[48.28450383303438,8.005,-18.458409541335318]]","[[80],[125],[80],[125],[80],[80]]","[80,125]",[],"PRELIMINARY - CORRECTED EXACT TRIMMED-FACE OWNERSHIP AUDIT ONLY - NOT APPROVED FOR PROCUREMENT, QUOTATION, FABRICATION, ASSEMBLY, CONNECTION, POWERED TESTING, MOTION, OR ENERGIZATION"
107647,1146941,0,UNMAPPED,"[382463,381980,382461,386885,384667,387114]","[[48.02732586745862,8.005,-18.545512973556107],[48.11997181372571,8.005,-18.370646691639354],[48.227288483385564,8.005,-18.54092578587252],[48.07364884059217,8.005,-18.458079832597733],[48.17363014855564,8.005,-18.455786238755937],[48.1273071754221,8.005,-18.543219379714316]]","[[125],[125],[80],[125],[125],[125]]","[80,125]",[],"PRELIMINARY - CORRECTED EXACT TRIMMED-FACE OWNERSHIP AUDIT ONLY - NOT APPROVED FOR PROCUREMENT, QUOTATION, FABRICATION, ASSEMBLY, CONNECTION, POWERED TESTING, MOTION, OR ENERGIZATION"
107651,1155515,1,UNMAPPED,"[384016,381981,383640,384540,386846,386845]","[[39.88110646356997,8.005,20.58330434076402],[39.90265684269619,8.005,20.400636917236877],[39.75357381249855,8.005,20.507868538185956],[39.89188165313308,8.005,20.491970629000452],[39.82811532759737,8.005,20.454252727711417],[39.81734013803426,8.005,20.54558643947499]]","[[121],[121],[76],[121],[121],[121]]","[76,121]",[],"PRELIMINARY - CORRECTED EXACT TRIMMED-FACE OWNERSHIP AUDIT ONLY - NOT APPROVED FOR PROCUREMENT, QUOTATION, FABRICATION, ASSEMBLY, CONNECTION, POWERED TESTING, MOTION, OR ENERGIZATION"
107652,1155405,1,UNMAPPED,"[381981,384045,383640,391460,391433,386846]","[[39.90265684269619,8.005,20.400636917236877],[39.742998825435286,8.005,20.33862513722085],[39.75357381249855,8.005,20.507868538185956],[39.822827834065734,8.005,20.369631027228866],[39.74828631896692,8.005,20.423246837703406],[39.82811532759737,8.005,20.454252727711417]]","[[121],[76],[76],[121],[76],[121]]","[76,121]",[],"PRELIMINARY - CORRECTED EXACT TRIMMED-FACE OWNERSHIP AUDIT ONLY - NOT APPROVED FOR PROCUREMENT, QUOTATION, FABRICATION, ASSEMBLY, CONNECTION, POWERED TESTING, MOTION, OR ENERGIZATION"
107654,1111455,0,UNMAPPED,"[383985,381982,383126,390545,384458,390544]","[[39.769377109257064,8.005,-18.493016673974147],[39.90957952051629,8.005,-18.39037064771872],[39.90167517007774,8.005,-18.5834811513912],[39.83947831488668,8.005,-18.441693660846433],[39.90562734529701,8.005,-18.48692589955496],[39.8355261396674,8.005,-18.538248912682675]]","[[74],[117],[117],[117],[117],[117]]","[74,117]",[],"PRELIMINARY - CORRECTED EXACT TRIMMED-FACE OWNERSHIP AUDIT ONLY - NOT APPROVED FOR PROCUREMENT, QUOTATION, FABRICATION, ASSEMBLY, CONNECTION, POWERED TESTING, MOTION, OR ENERGIZATION"
107656,1109879,1,UNMAPPED,"[383985,383671,381982,391083,390632,390545]","[[39.769377109257064,8.005,-18.493016673974147],[39.68971675540505,8.005,-18.345575656721024],[39.90957952051629,8.005,-18.39037064771872],[39.72954693233106,8.005,-18.419296165347586],[39.79964813796067,8.005,-18.36797315221987],[39.83947831488668,8.005,-18.441693660846433]]","[[74],[74],[117],[74],[74],[117]]","[74,117]",[],"PRELIMINARY - CORRECTED EXACT TRIMMED-FACE OWNERSHIP AUDIT ONLY - NOT APPROVED FOR PROCUREMENT, QUOTATION, FABRICATION, ASSEMBLY, CONNECTION, POWERED TESTING, MOTION, OR ENERGIZATION"
107701,1181220,2,UNMAPPED,"[381997,382436,382437,384397,387215,387216]","[[49.35934581510006,8.005,19.314185596305474],[49.5748974668747,8.005,19.322857256367936],[49.501902102313444,8.005,19.169389344295947],[49.46712164098738,8.005,19.318521426336705],[49.53839978459407,8.005,19.24612330033194],[49.430623958706754,8.005,19.24178747030071]]","[[78],[78],[123],[78],[78],[78]]","[78,123]",[],"PRELIMINARY - CORRECTED EXACT TRIMMED-FACE OWNERSHIP AUDIT ONLY - NOT APPROVED FOR PROCUREMENT, QUOTATION, FABRICATION, ASSEMBLY, CONNECTION, POWERED TESTING, MOTION, OR ENERGIZATION"
107702,1182053,0,UNMAPPED,"[383954,381997,382437,389929,387216,384180]","[[49.33638525332176,8.005,19.091046206507517],[49.35934581510006,8.005,19.314185596305474],[49.501902102313444,8.005,19.169389344295947],[49.34786553421091,8.005,19.202615901406492],[49.430623958706754,8.005,19.24178747030071],[49.4191436778176,8.005,19.130217775401736]]","[[123],[78],[123],[78],[78],[123]]","[78,123]",[],"PRELIMINARY - CORRECTED EXACT TRIMMED-FACE OWNERSHIP AUDIT ONLY - NOT APPROVED FOR PROCUREMENT, QUOTATION, FABRICATION, ASSEMBLY, CONNECTION, POWERED TESTING, MOTION, OR ENERGIZATION"
107719,1204968,2,UNMAPPED,"[383236,382426,382002,384808,386856,386855]","[[38.59609095693783,8.005,19.093986008061965],[38.480419041420504,8.005,19.25616034787696],[38.64089607642949,8.005,19.30991180215405],[38.538254999179166,8.005,19.175073177969463],[38.560657558924994,8.005,19.283036075015506],[38.61849351668366,8.005,19.201948905108008]]","[[120],[76],[76],[120],[76],[76]]","[76,120]",[],"PRELIMINARY - CORRECTED EXACT TRIMMED-FACE OWNERSHIP AUDIT ONLY - NOT APPROVED FOR PROCUREMENT, QUOTATION, FABRICATION, ASSEMBLY, CONNECTION, POWERED TESTING, MOTION, OR ENERGIZATION"
107723,1137315,3,UNMAPPED,"[383662,382004,382472,388024,386411,388023]","[[49.516946501063835,8.005,-17.22014482712608],[49.34414601247886,8.005,-17.31090806158648],[49.36499600702599,8.005,-17.09207217486444],[49.43054625677135,8.005,-17.26552644435628],[49.35457100975242,8.005,-17.20149011822546],[49.44097125404491,8.005,-17.156108500995263]]","[[80],[80],[124],[80],[80],[124]]","[80,124]",[],"PRELIMINARY - CORRECTED EXACT TRIMMED-FACE OWNERSHIP AUDIT ONLY - NOT APPROVED FOR PROCUREMENT, QUOTATION, FABRICATION, ASSEMBLY, CONNECTION, POWERED TESTING, MOTION, OR ENERGIZATION"
107728,1148644,1,UNMAPPED,"[382005,383773,383786,384528,384526,384527]","[[41.4645868007642,8.005,-18.353319146085717],[41.38632656244184,8.005,-18.51546742646354],[41.265163415497156,8.005,-18.35628037081509],[41.42545668160302,8.005,-18.434393286274627],[41.3257449889695,8.005,-18.435873898639315],[41.36487510813068,8.005,-18.3547997584504]]","[[81],[81],[117],[81],[117],[117]]","[81,117]",[],"PRELIMINARY - CORRECTED EXACT TRIMMED-FACE OWNERSHIP AUDIT ONLY - NOT APPROVED FOR PROCUREMENT, QUOTATION, FABRICATION, ASSEMBLY, CONNECTION, POWERED TESTING, MOTION, OR ENERGIZATION"
107729,1183302,0,UNMAPPED,"[383974,383563,382006,391584,390221,385436]","[[41.521912201026,8.005,20.482804745783515],[41.62683585133754,8.005,20.34626270786754],[41.42762711086239,8.005,20.336734038921836],[41.574374026181765,8.005,20.41453372682553],[41.52723148109996,8.005,20.34149837339469],[41.47476965594419,8.005,20.409769392352676]]","[[77],[77],[121],[77],[77],[77]]","[77,121]",[],"PRELIMINARY - CORRECTED EXACT TRIMMED-FACE OWNERSHIP AUDIT ONLY - NOT APPROVED FOR PROCUREMENT, QUOTATION, FABRICATION, ASSEMBLY, CONNECTION, POWERED TESTING, MOTION, OR ENERGIZATION"
107730,1232840,2,UNMAPPED,"[383974,382006,383791,385436,385437,385435]","[[41.521912201026,8.005,20.482804745783515],[41.42762711086239,8.005,20.336734038921836],[41.325338101978204,8.005,20.467080297501685],[41.47476965594419,8.005,20.409769392352676],[41.376482606420296,8.005,20.40190716821176],[41.4236251515021,8.005,20.4749425216426]]","[[77],[121],[121],[77],[121],[77]]","[77,121]",[],"PRELIMINARY - CORRECTED EXACT TRIMMED-FACE OWNERSHIP AUDIT ONLY - NOT APPROVED FOR PROCUREMENT, QUOTATION, FABRICATION, ASSEMBLY, CONNECTION, POWERED TESTING, MOTION, OR ENERGIZATION"
107734,1166785,2,UNMAPPED,"[383949,382007,383496,385255,390576,390575]","[[46.54487096148794,8.005,-18.52413717822634],[46.55419440223213,8.005,-18.356601103667646],[46.71512731918337,8.005,-18.48460242349026],[46.54953268186003,8.005,-18.440369140946995],[46.63466086070775,8.005,-18.42060176357895],[46.62999914033565,8.005,-18.5043698008583]]","[[81],[81],[125],[81],[125],[81]]","[81,125]",[],"PRELIMINARY - CORRECTED EXACT TRIMMED-FACE OWNERSHIP AUDIT ONLY - NOT APPROVED FOR PROCUREMENT, QUOTATION, FABRICATION, ASSEMBLY, CONNECTION, POWERED TESTING, MOTION, OR ENERGIZATION"
107735,1227087,1,UNMAPPED,"[383496,382007,384006,390576,390864,388468]","[[46.71512731918337,8.005,-18.48460242349026],[46.55419440223213,8.005,-18.356601103667646],[46.77835450147897,8.005,-18.33278105745986],[46.63466086070775,8.005,-18.42060176357895],[46.66627445185555,8.005,-18.344691080563756],[46.74674091033117,8.005,-18.40869174047506]]","[[125],[81],[125],[125],[125],[125]]","[81,125]",[],"PRELIMINARY - CORRECTED EXACT TRIMMED-FACE OWNERSHIP AUDIT ONLY - NOT APPROVED FOR PROCUREMENT, QUOTATION, FABRICATION, ASSEMBLY, CONNECTION, POWERED TESTING, MOTION, OR ENERGIZATION"
107738,1109103,1,UNMAPPED,"[383950,383495,382008,390586,390587,385322]","[[46.54378229711955,8.005,20.524830514076452],[46.71520361626353,8.005,20.484584148398813],[46.55432158550599,8.005,20.356502197726183],[46.62949295669154,8.005,20.50470733123763],[46.634762600884756,8.005,20.4205431730625],[46.54905194131277,8.005,20.440666355901318]]","[[77],[122],[77],[77],[122],[77]]","[77,122]",[],"PRELIMINARY - CORRECTED EXACT TRIMMED-FACE OWNERSHIP AUDIT ONLY - NOT APPROVED FOR PROCUREMENT, QUOTATION, FABRICATION, ASSEMBLY, CONNECTION, POWERED TESTING, MOTION, OR ENERGIZATION"
107739,1140530,3,UNMAPPED,"[384005,382008,383495,390863,390587,388466]","[[46.77838750219324,8.005,20.33276080313939],[46.55432158550599,8.005,20.356502197726183],[46.71520361626353,8.005,20.484584148398813],[46.666354543849614,8.005,20.344631500432786],[46.634762600884756,8.005,20.4205431730625],[46.74679555922839,8.005,20.408672475769098]]","[[122],[77],[122],[122],[122],[122]]","[77,122]",[],"PRELIMINARY - CORRECTED EXACT TRIMMED-FACE OWNERSHIP AUDIT ONLY - NOT APPROVED FOR PROCUREMENT, QUOTATION, FABRICATION, ASSEMBLY, CONNECTION, POWERED TESTING, MOTION, OR ENERGIZATION"
107816,1212846,0,UNMAPPED,"[382446,382033,382445,384621,384522,384620]","[[38.44647634711838,8.005,-17.225300907514505],[38.61721923120617,8.005,-17.10665349056732],[38.612024646608894,8.005,-17.331514203624888],[38.53184778916227,8.005,-17.165977199040913],[38.61462193890753,8.005,-17.219083847096105],[38.52925049686364,8.005,-17.278407555569697]]","[[74],[118],[74],[118],[74],[74]]","[74,118]",[],"PRELIMINARY - CORRECTED EXACT TRIMMED-FACE OWNERSHIP AUDIT ONLY - NOT APPROVED FOR PROCUREMENT, QUOTATION, FABRICATION, ASSEMBLY, CONNECTION, POWERED TESTING, MOTION, OR ENERGIZATION"
107817,1214009,2,UNMAPPED,"[382446,382447,382033,387640,386453,384621]","[[38.44647634711838,8.005,-17.225300907514505],[38.42206818612127,8.005,-17.01669917523861],[38.61721923120617,8.005,-17.10665349056732],[38.43427226661982,8.005,-17.121000041376558],[38.51964370866372,8.005,-17.061676332902966],[38.53184778916227,8.005,-17.165977199040913]]","[[74],[118],[118],[118],[118],[118]]","[74,118]",[],"PRELIMINARY - CORRECTED EXACT TRIMMED-FACE OWNERSHIP AUDIT ONLY - NOT APPROVED FOR PROCUREMENT, QUOTATION, FABRICATION, ASSEMBLY, CONNECTION, POWERED TESTING, MOTION, OR ENERGIZATION"
107998,1243285,1,UNMAPPED,"[382949,382948,382092,387468,387469,387467]","[[38.43785175265678,8.005,17.691390245354558],[38.622302061160056,8.005,17.794990963210008],[38.61674831144053,8.005,17.573749604150468],[38.53007690690842,8.005,17.74319060428228],[38.619525186300294,8.005,17.68437028368024],[38.52730003204866,8.005,17.632569924752513]]","[[75],[120],[75],[120],[120],[75]]","[75,120]",[],"PRELIMINARY - CORRECTED EXACT TRIMMED-FACE OWNERSHIP AUDIT ONLY - NOT APPROVED FOR PROCUREMENT, QUOTATION, FABRICATION, ASSEMBLY, CONNECTION, POWERED TESTING, MOTION, OR ENERGIZATION"
108001,1221310,2,UNMAPPED,"[382093,382934,382935,386000,385998,385999]","[[49.38325168855946,8.005,17.573749604150468],[49.37683862115965,8.005,17.796897263142686],[49.56147429880661,8.005,17.70036396388507],[49.38004515485956,8.005,17.685323433646577],[49.46915645998313,8.005,17.74863061351388],[49.472362993683035,8.005,17.63705678401777]]","[[79],[123],[79],[123],[123],[79]]","[79,123]",[],"PRELIMINARY - CORRECTED EXACT TRIMMED-FACE OWNERSHIP AUDIT ONLY - NOT APPROVED FOR PROCUREMENT, QUOTATION, FABRICATION, ASSEMBLY, CONNECTION, POWERED TESTING, MOTION, OR ENERGIZATION"
108288,1174104,1,UNMAPPED,"[382183,384038,382697,386532,386533,386534]","[[47.475350709694666,8.005,-19.027787986396007],[47.28541803549017,8.005,-19.088281373838303],[47.2635550037593,8.005,-18.933057610914734],[47.38038437259242,8.005,-19.058034680117153],[47.27448651962473,8.005,-19.01066949237652],[47.36945285672698,8.005,-18.980422798655372]]","[[125],[81],[125],[81],[81],[125]]","[81,125]",[],"PRELIMINARY - CORRECTED EXACT TRIMMED-FACE OWNERSHIP AUDIT ONLY - NOT APPROVED FOR PROCUREMENT, QUOTATION, FABRICATION, ASSEMBLY, CONNECTION, POWERED TESTING, MOTION, OR ENERGIZATION"
108292,1240338,2,UNMAPPED,"[382184,382678,384039,386537,386535,386536]","[[47.475350709695164,8.005,21.027787986396778],[47.26355389065723,8.005,20.933054515897457],[47.28541803549015,8.005,21.08828137383991],[47.3694523001762,8.005,20.980421251147117],[47.274485963073694,8.005,21.010667944868683],[47.38038437259266,8.005,21.058034680118343]]","[[122],[122],[77],[122],[77],[77]]","[77,122]",[],"PRELIMINARY - CORRECTED EXACT TRIMMED-FACE OWNERSHIP AUDIT ONLY - NOT APPROVED FOR PROCUREMENT, QUOTATION, FABRICATION, ASSEMBLY, CONNECTION, POWERED TESTING, MOTION, OR ENERGIZATION"
108296,1109913,3,UNMAPPED,"[383834,382185,383917,390307,390669,391196]","[[40.62337663397183,8.005,20.910968441675205],[40.519264201000475,8.005,21.052705456106185],[40.719965493317495,8.005,21.055507547575775],[40.571320417486156,8.005,20.98183694889069],[40.619614847158985,8.005,21.05410650184098],[40.67167106364466,8.005,20.983237994625487]]","[[121],[121],[77],[121],[77],[121]]","[77,121]",[],"PRELIMINARY - CORRECTED EXACT TRIMMED-FACE OWNERSHIP AUDIT ONLY - NOT APPROVED FOR PROCUREMENT, QUOTATION, FABRICATION, ASSEMBLY, CONNECTION, POWERED TESTING, MOTION, OR ENERGIZATION"
108298,1209298,1,UNMAPPED,"[382186,383484,383483,388767,388768,388769]","[[40.511280611497,8.005,-19.024969197565607],[40.61262045501082,8.005,-18.851095762280327],[40.713684156390286,8.005,-19.025269830516716],[40.56195053325391,8.005,-18.938032479922967],[40.66315230570055,8.005,-18.93818279639852],[40.61248238394364,8.005,-19.02511951404116]]","[[117],[117],[81],[117],[117],[117]]","[81,117]",[],"PRELIMINARY - CORRECTED EXACT TRIMMED-FACE OWNERSHIP AUDIT ONLY - NOT APPROVED FOR PROCUREMENT, QUOTATION, FABRICATION, ASSEMBLY, CONNECTION, POWERED TESTING, MOTION, OR ENERGIZATION"
108348,1202720,2,UNMAPPED,"[382201,382923,383590,386652,386650,386651]","[[37.98329700470762,8.005,18.403308366375104],[38.1641825390909,8.005,18.29958701305519],[37.978860720872845,8.005,18.18792669638668],[38.07373977189926,8.005,18.351447689715148],[38.07152162998187,8.005,18.24375685472093],[37.981078862790234,8.005,18.295617531380888]]","[[120],[120],[75],[120],[120],[75]]","[75,120]",[],"PRELIMINARY - CORRECTED EXACT TRIMMED-FACE OWNERSHIP AUDIT ONLY - NOT APPROVED FOR PROCUREMENT, QUOTATION, FABRICATION, ASSEMBLY, CONNECTION, POWERED TESTING, MOTION, OR ENERGIZATION"
108349,1244425,3,UNMAPPED,"[382976,382202,382975,388656,387815,386770]","[[49.838766627277195,8.005,18.28221918732422],[50.019751202732195,8.005,18.394744334040585],[50.01428207070144,8.005,18.18383995817476],[49.929258915004695,8.005,18.338481760682402],[50.01701663671682,8.005,18.289292146107673],[49.92652434898932,8.005,18.23302957274949]]","[[123],[123],[79],[123],[79],[123]]","[79,123]",[],"PRELIMINARY - CORRECTED EXACT TRIMMED-FACE OWNERSHIP AUDIT ONLY - NOT APPROVED FOR PROCUREMENT, QUOTATION, FABRICATION, ASSEMBLY, CONNECTION, POWERED TESTING, MOTION, OR ENERGIZATION"
108352,1237135,0,UNMAPPED,"[383687,382203,383832,390500,391102,386910]","[[50.01412342994836,8.005,19.273144906319704],[50.02599075815154,8.005,19.076781059061172],[49.867274848433745,8.005,19.136292943953737],[50.02005709404995,8.005,19.174962982690435],[49.946632803292644,8.005,19.10653700150745],[49.940699139191054,8.005,19.20471892513672]]","[[78],[123],[123],[123],[123],[78]]","[78,123]",[],"PRELIMINARY - CORRECTED EXACT TRIMMED-FACE OWNERSHIP AUDIT ONLY - NOT APPROVED FOR PROCUREMENT, QUOTATION, FABRICATION, ASSEMBLY, CONNECTION, POWERED TESTING, MOTION, OR ENERGIZATION"
108357,1231894,1,UNMAPPED,"[383686,383033,382204,384601,385934,385919]","[[38.033549983595876,8.005,19.294157477390417],[38.18569418231946,8.005,19.155285367546586],[37.998637712210815,8.005,19.06263973980894],[38.10962208295767,8.005,19.2247214224685],[38.09216594726514,8.005,19.10896255367776],[38.01609384790335,8.005,19.178398608599682]]","[[76],[120],[120],[76],[120],[120]]","[76,120]",[],"PRELIMINARY - CORRECTED EXACT TRIMMED-FACE OWNERSHIP AUDIT ONLY - NOT APPROVED FOR PROCUREMENT, QUOTATION, FABRICATION, ASSEMBLY, CONNECTION, POWERED TESTING, MOTION, OR ENERGIZATION"
108360,1167416,3,UNMAPPED,"[383688,383104,382205,384764,386005,386764]","[[50.00958590595833,8.005,-17.27929462071635],[49.82957872438916,8.005,-17.161696369727714],[50.011720565951286,8.005,-17.06901568243072],[49.91958231517375,8.005,-17.220495495222032],[49.92064964517022,8.005,-17.115356026079215],[50.01065323595481,8.005,-17.174155151573533]]","[[80],[124],[124],[80],[124],[124]]","[80,124]",[],"PRELIMINARY - CORRECTED EXACT TRIMMED-FACE OWNERSHIP AUDIT ONLY - NOT APPROVED FOR PROCUREMENT, QUOTATION, FABRICATION, ASSEMBLY, CONNECTION, POWERED TESTING, MOTION, OR ENERGIZATION"
108373,1111286,0,UNMAPPED,"[382210,383027,383698,387909,390485,389802]","[[37.987144503966206,8.005,-16.40758108370243],[37.98236483874698,8.005,-16.201325735974827],[38.15654616444656,8.005,-16.31262318795086],[37.98475467135659,8.005,-16.30445340983863],[38.06945550159677,8.005,-16.256974461962844],[38.07184533420638,8.005,-16.360102135826644]]","[[118],[75],[118],[75],[118],[118]]","[75,118]",[],"PRELIMINARY - CORRECTED EXACT TRIMMED-FACE OWNERSHIP AUDIT ONLY - NOT APPROVED FOR PROCUREMENT, QUOTATION, FABRICATION, ASSEMBLY, CONNECTION, POWERED TESTING, MOTION, OR ENERGIZATION"
108378,1222595,0,UNMAPPED,"[382961,383582,382211,386793,386794,386795]","[[49.833644747243895,8.005,-16.298178920436264],[50.01665561388728,8.005,-16.188510067662406],[50.01658555704761,8.005,-16.400908777475628],[49.92515018056559,8.005,-16.243344494049335],[50.01662058546745,8.005,-16.294709422569017],[49.92511515214575,8.005,-16.349543848955946]]","[[124],[79],[124],[124],[79],[124]]","[79,124]",[],"PRELIMINARY - CORRECTED EXACT TRIMMED-FACE OWNERSHIP AUDIT ONLY - NOT APPROVED FOR PROCUREMENT, QUOTATION, FABRICATION, ASSEMBLY, CONNECTION, POWERED TESTING, MOTION, OR ENERGIZATION"
108609,1244430,1,UNMAPPED,"[382285,383736,382477,385202,385203,384752]","[[39.71016108594557,8.005,21.020550001569024],[39.82192411151309,8.005,20.872459833511005],[39.61988624895279,8.005,20.827328948853495],[39.76604259872933,8.005,20.946504917540015],[39.72090518023294,8.005,20.84989439118225],[39.66502366744918,8.005,20.92393947521126]]","[[76],[121],[76],[76],[76],[76]]","[76,121]",[],"PRELIMINARY - CORRECTED EXACT TRIMMED-FACE OWNERSHIP AUDIT ONLY - NOT APPROVED FOR PROCUREMENT, QUOTATION, FABRICATION, ASSEMBLY, CONNECTION, POWERED TESTING, MOTION, OR ENERGIZATION"
108610,1244428,1,UNMAPPED,"[382285,383638,383736,388310,391019,385202]","[[39.71016108594557,8.005,21.020550001569024],[39.906340010289526,8.005,21.03881327402505],[39.82192411151309,8.005,20.872459833511005],[39.80825054811755,8.005,21.029681637797037],[39.86413206090131,8.005,20.955636553768027],[39.76604259872933,8.005,20.946504917540015]]","[[76],[121],[121],[121],[121],[76]]","[76,121]",[],"PRELIMINARY - CORRECTED EXACT TRIMMED-FACE OWNERSHIP AUDIT ONLY - NOT APPROVED FOR PROCUREMENT, QUOTATION, FABRICATION, ASSEMBLY, CONNECTION, POWERED TESTING, MOTION, OR ENERGIZATION"
108612,1193531,3,UNMAPPED,"[383124,384024,382286,390741,390742,385120]","[[39.65889411068727,8.005,-18.836001861128523],[39.81010023461956,8.005,-18.91517445351982],[39.71032315772653,8.005,-19.025414059608796],[39.73449717265341,8.005,-18.87558815732417],[39.760211696173045,8.005,-18.97029425656431],[39.684608634206896,8.005,-18.93070796036866]]","[[74],[117],[74],[74],[74],[74]]","[74,117]",[],"PRELIMINARY - CORRECTED EXACT TRIMMED-FACE OWNERSHIP AUDIT ONLY - NOT APPROVED FOR PROCUREMENT, QUOTATION, FABRICATION, ASSEMBLY, CONNECTION, POWERED TESTING, MOTION, OR ENERGIZATION"
108613,1154627,1,UNMAPPED,"[384024,383639,382286,391518,388312,390742]","[[39.81010023461956,8.005,-18.91517445351982],[39.9072871225718,8.005,-19.033292528088037],[39.71032315772653,8.005,-19.025414059608796],[39.858693678595685,8.005,-18.97423349080393],[39.80880514014917,8.005,-19.029353293848416],[39.760211696173045,8.005,-18.97029425656431]]","[[117],[117],[74],[117],[117],[74]]","[74,117]",[],"PRELIMINARY - CORRECTED EXACT TRIMMED-FACE OWNERSHIP AUDIT ONLY - NOT APPROVED FOR PROCUREMENT, QUOTATION, FABRICATION, ASSEMBLY, CONNECTION, POWERED TESTING, MOTION, OR ENERGIZATION"
108655,1207754,0,UNMAPPED,"[382975,382299,382977,386192,386604,386605]","[[50.01428207070144,8.005,18.18383995817476],[50.01605946449487,8.005,17.938397052317352],[49.8367983622513,8.005,18.07706432851386],[50.01517076759816,8.005,18.06111850524606],[49.92642891337309,8.005,18.007730690415602],[49.925540216476364,8.005,18.13045214334431]]","[[79],[79],[123],[79],[79],[79]]","[79,123]",[],"PRELIMINARY - CORRECTED EXACT TRIMMED-FACE OWNERSHIP AUDIT ONLY - NOT APPROVED FOR PROCUREMENT, QUOTATION, FABRICATION, ASSEMBLY, CONNECTION, POWERED TESTING, MOTION, OR ENERGIZATION"
108656,1170152,1,UNMAPPED,"[383998,382977,382299,391440,386604,388119]","[[49.85531035735332,8.005,17.91540723196262],[49.8367983622513,8.005,18.07706432851386],[50.01605946449487,8.005,17.938397052317352],[49.84605435980231,8.005,17.99623578023824],[49.92642891337309,8.005,18.007730690415602],[49.935684910924095,8.005,17.926902142139983]]","[[79],[123],[79],[79],[79],[79]]","[79,123]",[],"PRELIMINARY - CORRECTED EXACT TRIMMED-FACE OWNERSHIP AUDIT ONLY - NOT APPROVED FOR PROCUREMENT, QUOTATION, FABRICATION, ASSEMBLY, CONNECTION, POWERED TESTING, MOTION, OR ENERGIZATION"
108657,1178271,2,UNMAPPED,"[383030,382300,383590,386574,386572,386573]","[[38.14603045335186,8.005,18.088989843146326],[37.979654328086674,8.005,17.976036206702464],[37.978860720872845,8.005,18.18792669638668],[38.06284239071927,8.005,18.032513024924395],[37.97925752447976,8.005,18.081981451544568],[38.06244558711235,8.005,18.138458269766506]]","[[120],[75],[75],[75],[75],[75]]","[75,120]",[],"PRELIMINARY - CORRECTED EXACT TRIMMED-FACE OWNERSHIP AUDIT ONLY - NOT APPROVED FOR PROCUREMENT, QUOTATION, FABRICATION, ASSEMBLY, CONNECTION, POWERED TESTING, MOTION, OR ENERGIZATION"
108658,1210500,2,UNMAPPED,"[382300,383030,383967,386574,390680,390642]","[[37.979654328086674,8.005,17.976036206702464],[38.14603045335186,8.005,18.088989843146326],[38.13589228940383,8.005,17.89478460675308],[38.06284239071927,8.005,18.032513024924395],[38.14096137137784,8.005,17.991887224949703],[38.057773308745254,8.005,17.935410406727772]]","[[75],[120],[75],[75],[75],[75]]","[75,120]",[],"PRELIMINARY - CORRECTED EXACT TRIMMED-FACE OWNERSHIP AUDIT ONLY - NOT APPROVED FOR PROCUREMENT, QUOTATION, FABRICATION, ASSEMBLY, CONNECTION, POWERED TESTING, MOTION, OR ENERGIZATION"
108701,1209505,0,UNMAPPED,"[382314,383582,383142,386788,386789,386790]","[[50.01967781902827,8.005,-15.979409083492941],[50.01665561388728,8.005,-16.188510067662406],[49.830025560003904,8.005,-16.09292488694775],[50.01816671645777,8.005,-16.083959575577673],[49.92334058694559,8.005,-16.140717477305078],[49.92485168951609,8.005,-16.036166985220344]]","[[79],[79],[124],[79],[79],[79]]","[79,124]",[],"PRELIMINARY - CORRECTED EXACT TRIMMED-FACE OWNERSHIP AUDIT ONLY - NOT APPROVED FOR PROCUREMENT, QUOTATION, FABRICATION, ASSEMBLY, CONNECTION, POWERED TESTING, MOTION, OR ENERGIZATION"
108702,1221511,1,UNMAPPED,"[382314,383142,384011,386790,390981,388700]","[[50.01967781902827,8.005,-15.979409083492941],[49.830025560003904,8.005,-16.09292488694775],[49.856848639922276,8.005,-15.929094615722935],[49.92485168951609,8.005,-16.036166985220344],[49.84343709996308,8.005,-16.01100975133534],[49.93826322947527,8.005,-15.954251849607937]]","[[79],[124],[79],[79],[79],[79]]","[79,124]",[],"PRELIMINARY - CORRECTED EXACT TRIMMED-FACE OWNERSHIP AUDIT ONLY - NOT APPROVED FOR PROCUREMENT, QUOTATION, FABRICATION, ASSEMBLY, CONNECTION, POWERED TESTING, MOTION, OR ENERGIZATION"
108704,1243614,0,UNMAPPED,"[382315,384046,383027,386468,386469,386327]","[[38.0090572450912,8.005,-15.970938772901306],[38.134726461341906,8.005,-16.143192048578452],[37.98236483874698,8.005,-16.201325735974827],[38.071891853216556,8.005,-16.05706541073988],[38.058545650044444,8.005,-16.172258892276638],[37.995711041919094,8.005,-16.086132254438066]]","[[75],[118],[75],[75],[75],[75]]","[75,118]",[],"PRELIMINARY - CORRECTED EXACT TRIMMED-FACE OWNERSHIP AUDIT ONLY - NOT APPROVED FOR PROCUREMENT, QUOTATION, FABRICATION, ASSEMBLY, CONNECTION, POWERED TESTING, MOTION, OR ENERGIZATION"
108706,1165081,3,UNMAPPED,"[382315,383288,383655,384234,384383,384384]","[[38.0090572450912,8.005,-15.970938772901306],[38.20429786345403,8.005,-15.818492772705625],[38.22003795583212,8.005,-16.01169304323508],[38.106677554272615,8.005,-15.894715772803465],[38.21216790964307,8.005,-15.915092907970351],[38.11454760046166,8.005,-15.991315908068193]]","[[75],[75],[118],[75],[75],[75]]","[75,118]",[],"PRELIMINARY - CORRECTED EXACT TRIMMED-FACE OWNERSHIP AUDIT ONLY - NOT APPROVED FOR PROCUREMENT, QUOTATION, FABRICATION, ASSEMBLY, CONNECTION, POWERED TESTING, MOTION, OR ENERGIZATION"
108707,1194628,3,UNMAPPED,"[383655,384046,382315,387086,386468,384384]","[[38.22003795583212,8.005,-16.01169304323508],[38.134726461341906,8.005,-16.143192048578452],[38.0090572450912,8.005,-15.970938772901306],[38.17738220858701,8.005,-16.077442545906766],[38.071891853216556,8.005,-16.05706541073988],[38.11454760046166,8.005,-15.991315908068193]]","[[118],[118],[75],[118],[75],[75]]","[75,118]",[],"PRELIMINARY - CORRECTED EXACT TRIMMED-FACE OWNERSHIP AUDIT ONLY - NOT APPROVED FOR PROCUREMENT, QUOTATION, FABRICATION, ASSEMBLY, CONNECTION, POWERED TESTING, MOTION, OR ENERGIZATION"
109053,1213666,3,UNMAPPED,"[382426,383236,383876,384808,384806,384807]","[[38.480419041420504,8.005,19.25616034787696],[38.59609095693783,8.005,19.093986008061965],[38.35917687647332,8.005,19.083061473968716],[38.538254999179166,8.005,19.175073177969463],[38.47763391670558,8.005,19.08852374101534],[38.41979795894691,8.005,19.169610910922838]]","[[76],[120],[120],[120],[120],[120]]","[76,120]",[],"PRELIMINARY - CORRECTED EXACT TRIMMED-FACE OWNERSHIP AUDIT ONLY - NOT APPROVED FOR PROCUREMENT, QUOTATION, FABRICATION, ASSEMBLY, CONNECTION, POWERED TESTING, MOTION, OR ENERGIZATION"
109054,1192423,0,UNMAPPED,"[382426,383876,383649,384807,386009,386010]","[[38.480419041420504,8.005,19.25616034787696],[38.35917687647332,8.005,19.083061473968716],[38.289745668733474,8.005,19.316377713286055],[38.41979795894691,8.005,19.169610910922838],[38.3244612726034,8.005,19.199719593627382],[38.38508235507699,8.005,19.28626903058151]]","[[76],[120],[76],[120],[120],[76]]","[76,120]",[],"PRELIMINARY - CORRECTED EXACT TRIMMED-FACE OWNERSHIP AUDIT ONLY - NOT APPROVED FOR PROCUREMENT, QUOTATION, FABRICATION, ASSEMBLY, CONNECTION, POWERED TESTING, MOTION, OR ENERGIZATION"
109080,1200032,1,UNMAPPED,"[382438,382437,382436,390238,387215,390245]","[[49.677103559391036,8.005,19.147401823233277],[49.501902102313444,8.005,19.169389344295947],[49.5748974668747,8.005,19.322857256367936],[49.58950283085224,8.005,19.158395583764612],[49.53839978459407,8.005,19.24612330033194],[49.626000513132865,8.005,19.235129539800607]]","[[123],[123],[78],[123],[78],[78]]","[78,123]",[],"PRELIMINARY - CORRECTED EXACT TRIMMED-FACE OWNERSHIP AUDIT ONLY - NOT APPROVED FOR PROCUREMENT, QUOTATION, FABRICATION, ASSEMBLY, CONNECTION, POWERED TESTING, MOTION, OR ENERGIZATION"
109081,1150758,2,UNMAPPED,"[383622,382438,382436,390347,390245,386386]","[[49.81252683884151,8.005,19.34355056070395],[49.677103559391036,8.005,19.147401823233277],[49.5748974668747,8.005,19.322857256367936],[49.744815199116275,8.005,19.24547619196861],[49.626000513132865,8.005,19.235129539800607],[49.693712152858105,8.005,19.33320390853594]]","[[78],[123],[78],[78],[78],[78]]","[78,123]",[],"PRELIMINARY - CORRECTED EXACT TRIMMED-FACE OWNERSHIP AUDIT ONLY - NOT APPROVED FOR PROCUREMENT, QUOTATION, FABRICATION, ASSEMBLY, CONNECTION, POWERED TESTING, MOTION, OR ENERGIZATION"
109087,1205999,2,UNMAPPED,"[383622,383832,382438,386911,391055,390347]","[[49.81252683884151,8.005,19.34355056070395],[49.867274848433745,8.005,19.136292943953737],[49.677103559391036,8.005,19.147401823233277],[49.83990084363762,8.005,19.239921752328843],[49.77218920391239,8.005,19.141847383593504],[49.744815199116275,8.005,19.24547619196861]]","[[78],[123],[123],[78],[123],[78]]","[78,123]",[],"PRELIMINARY - CORRECTED EXACT TRIMMED-FACE OWNERSHIP AUDIT ONLY - NOT APPROVED FOR PROCUREMENT, QUOTATION, FABRICATION, ASSEMBLY, CONNECTION, POWERED TESTING, MOTION, OR ENERGIZATION"
109107,1140519,1,UNMAPPED,"[382447,382446,382448,387640,388061,388538]","[[38.42206818612127,8.005,-17.01669917523861],[38.44647634711838,8.005,-17.225300907514505],[38.2670136055431,8.005,-17.139992374977922],[38.43427226661982,8.005,-17.121000041376558],[38.35674497633074,8.005,-17.18264664124621],[38.34454089583218,8.005,-17.078345775108268]]","[[118],[74],[118],[118],[118],[118]]","[74,118]",[],"PRELIMINARY - CORRECTED EXACT TRIMMED-FACE OWNERSHIP AUDIT ONLY - NOT APPROVED FOR PROCUREMENT, QUOTATION, FABRICATION, ASSEMBLY, CONNECTION, POWERED TESTING, MOTION, OR ENERGIZATION"
109108,1192645,2,UNMAPPED,"[382448,382446,382449,388061,388059,388060]","[[38.2670136055431,8.005,-17.139992374977922],[38.44647634711838,8.005,-17.225300907514505],[38.27233226582381,8.005,-17.350374787335],[38.35674497633074,8.005,-17.18264664124621],[38.3594043064711,8.005,-17.28783784742475],[38.26967293568345,8.005,-17.24518358115646]]","[[118],[74],[74],[118],[74],[74]]","[74,118]",[],"PRELIMINARY - CORRECTED EXACT TRIMMED-FACE OWNERSHIP AUDIT ONLY - NOT APPROVED FOR PROCUREMENT, QUOTATION, FABRICATION, ASSEMBLY, CONNECTION, POWERED TESTING, MOTION, OR ENERGIZATION"
109113,1181927,1,UNMAPPED,"[382448,382449,382603,388060,388423,388424]","[[38.2670136055431,8.005,-17.139992374977922],[38.27233226582381,8.005,-17.350374787335],[38.117525323801736,8.005,-17.22046326058105],[38.26967293568345,8.005,-17.24518358115646],[38.194928794812775,8.005,-17.285419023958024],[38.192269464672414,8.005,-17.180227817779485]]","[[118],[74],[74],[74],[74],[118]]","[74,118]",[],"PRELIMINARY - CORRECTED EXACT TRIMMED-FACE OWNERSHIP AUDIT ONLY - NOT APPROVED FOR PROCUREMENT, QUOTATION, FABRICATION, ASSEMBLY, CONNECTION, POWERED TESTING, MOTION, OR ENERGIZATION"
109114,1144731,1,UNMAPPED,"[382448,382603,384125,388424,390869,390918]","[[38.2670136055431,8.005,-17.139992374977922],[38.117525323801736,8.005,-17.22046326058105],[38.126361337455165,8.005,-17.052796785334184],[38.192269464672414,8.005,-17.180227817779485],[38.12194333062845,8.005,-17.136630022957615],[38.19668747149913,8.005,-17.096394580156055]]","[[118],[74],[118],[118],[118],[118]]","[74,118]",[],"PRELIMINARY - CORRECTED EXACT TRIMMED-FACE OWNERSHIP AUDIT ONLY - NOT APPROVED FOR PROCUREMENT, QUOTATION, FABRICATION, ASSEMBLY, CONNECTION, POWERED TESTING, MOTION, OR ENERGIZATION"
109122,1110511,2,UNMAPPED,"[382453,382454,382455,387115,389037,389038]","[[48.223736681670516,8.005,20.537120660456413],[48.026733900506066,8.005,20.54487878598687],[48.13454431208805,8.005,20.70709205242837],[48.12523529108829,8.005,20.540999723221642],[48.080639106297056,8.005,20.62598541920762],[48.179140496879285,8.005,20.62210635644239]]","[[78],[122],[122],[122],[122],[122]]","[78,122]",[],"PRELIMINARY - CORRECTED EXACT TRIMMED-FACE OWNERSHIP AUDIT ONLY - NOT APPROVED FOR PROCUREMENT, QUOTATION, FABRICATION, ASSEMBLY, CONNECTION, POWERED TESTING, MOTION, OR ENERGIZATION"
109123,1156235,1,UNMAPPED,"[382456,382453,382455,389483,389038,389482]","[[48.33046512461116,8.005,20.70324438354149],[48.223736681670516,8.005,20.537120660456413],[48.13454431208805,8.005,20.70709205242837],[48.277100903140834,8.005,20.620182521998952],[48.179140496879285,8.005,20.62210635644239],[48.2325047183496,8.005,20.70516821798493]]","[[78],[78],[122],[78],[122],[78]]","[78,122]",[],"PRELIMINARY - CORRECTED EXACT TRIMMED-FACE OWNERSHIP AUDIT ONLY - NOT APPROVED FOR PROCUREMENT, QUOTATION, FABRICATION, ASSEMBLY, CONNECTION, POWERED TESTING, MOTION, OR ENERGIZATION"
109128,1173969,0,UNMAPPED,"[382458,382456,382455,389054,389482,389872]","[[48.259566242171026,8.005,20.88346289978696],[48.33046512461116,8.005,20.70324438354149],[48.13454431208805,8.005,20.70709205242837],[48.29501568339109,8.005,20.79335364166423],[48.2325047183496,8.005,20.70516821798493],[48.197055277129536,8.005,20.79527747610766]]","[[78],[78],[122],[78],[78],[122]]","[78,122]",[],"PRELIMINARY - CORRECTED EXACT TRIMMED-FACE OWNERSHIP AUDIT ONLY - NOT APPROVED FOR PROCUREMENT, QUOTATION, FABRICATION, ASSEMBLY, CONNECTION, POWERED TESTING, MOTION, OR ENERGIZATION"
109130,1232026,0,UNMAPPED,"[382455,383778,382458,390769,390432,389872]","[[48.13454431208805,8.005,20.70709205242837],[48.038752425533126,8.005,20.869858791558887],[48.259566242171026,8.005,20.88346289978696],[48.086648368810586,8.005,20.788475421993628],[48.149159333852076,8.005,20.87666084567292],[48.197055277129536,8.005,20.79527747610766]]","[[122],[122],[78],[122],[122],[122]]","[78,122]",[],"PRELIMINARY - CORRECTED EXACT TRIMMED-FACE OWNERSHIP AUDIT ONLY - NOT APPROVED FOR PROCUREMENT, QUOTATION, FABRICATION, ASSEMBLY, CONNECTION, POWERED TESTING, MOTION, OR ENERGIZATION"
109137,1144028,3,UNMAPPED,"[382458,383328,383745,390332,390331,384604]","[[48.259566242171026,8.005,20.88346289978696],[48.117581833687034,8.005,21.03666562181365],[48.288269849264815,8.005,21.06366645985739],[48.18857403792903,8.005,20.960064260800305],[48.202925841475924,8.005,21.050166040835524],[48.27391804571792,8.005,20.97356467982218]]","[[78],[122],[78],[122],[78],[78]]","[78,122]",[],"PRELIMINARY - CORRECTED EXACT TRIMMED-FACE OWNERSHIP AUDIT ONLY - NOT APPROVED FOR PROCUREMENT, QUOTATION, FABRICATION, ASSEMBLY, CONNECTION, POWERED TESTING, MOTION, OR ENERGIZATION"
109138,1156841,3,UNMAPPED,"[383778,383328,382458,387812,390332,390432]","[[48.038752425533126,8.005,20.869858791558887],[48.117581833687034,8.005,21.03666562181365],[48.259566242171026,8.005,20.88346289978696],[48.07816712961008,8.005,20.953262206686265],[48.18857403792903,8.005,20.960064260800305],[48.149159333852076,8.005,20.87666084567292]]","[[122],[122],[78],[122],[122],[122]]","[78,122]",[],"PRELIMINARY - CORRECTED EXACT TRIMMED-FACE OWNERSHIP AUDIT ONLY - NOT APPROVED FOR PROCUREMENT, QUOTATION, FABRICATION, ASSEMBLY, CONNECTION, POWERED TESTING, MOTION, OR ENERGIZATION"
109142,1117339,3,UNMAPPED,"[382461,382464,382463,384866,389039,387114]","[[48.227288483385564,8.005,-18.54092578587252],[48.153253200794644,8.005,-18.71159135246811],[48.02732586745862,8.005,-18.545512973556107],[48.19027084209011,8.005,-18.626258569170314],[48.09028953412663,8.005,-18.628552163012106],[48.1273071754221,8.005,-18.543219379714316]]","[[80],[125],[125],[125],[125],[125]]","[80,125]",[],"PRELIMINARY - CORRECTED EXACT TRIMMED-FACE OWNERSHIP AUDIT ONLY - NOT APPROVED FOR PROCUREMENT, QUOTATION, FABRICATION, ASSEMBLY, CONNECTION, POWERED TESTING, MOTION, OR ENERGIZATION"
109143,1167873,0,UNMAPPED,"[382461,382466,382464,384865,384813,384866]","[[48.227288483385564,8.005,-18.54092578587252],[48.39266822591436,8.005,-18.67226375251448],[48.153253200794644,8.005,-18.71159135246811],[48.30997835464997,8.005,-18.6065947691935],[48.27296071335451,8.005,-18.691927552491293],[48.19027084209011,8.005,-18.626258569170314]]","[[80],[80],[125],[80],[80],[125]]","[80,125]",[],"PRELIMINARY - CORRECTED EXACT TRIMMED-FACE OWNERSHIP AUDIT ONLY - NOT APPROVED FOR PROCUREMENT, QUOTATION, FABRICATION, ASSEMBLY, CONNECTION, POWERED TESTING, MOTION, OR ENERGIZATION"
109152,1167874,1,UNMAPPED,"[382467,382464,382466,384812,384813,384811]","[[48.28268535796162,8.005,-18.86703381460546],[48.153253200794644,8.005,-18.71159135246811],[48.39266822591436,8.005,-18.67226375251448],[48.21796927937813,8.005,-18.789312583536784],[48.27296071335451,8.005,-18.691927552491293],[48.337676791937994,8.005,-18.76964878355997]]","[[80],[125],[80],[80],[80],[80]]","[80,125]",[],"PRELIMINARY - CORRECTED EXACT TRIMMED-FACE OWNERSHIP AUDIT ONLY - NOT APPROVED FOR PROCUREMENT, QUOTATION, FABRICATION, ASSEMBLY, CONNECTION, POWERED TESTING, MOTION, OR ENERGIZATION"
109153,1209963,0,UNMAPPED,"[382467,383029,382464,384757,386684,384812]","[[48.28268535796162,8.005,-18.86703381460546],[48.077010389310175,8.005,-18.90271548633101],[48.153253200794644,8.005,-18.71159135246811],[48.17984787363589,8.005,-18.884874650468234],[48.115131795052406,8.005,-18.807153419399558],[48.21796927937813,8.005,-18.789312583536784]]","[[80],[125],[125],[125],[125],[80]]","[80,125]",[],"PRELIMINARY - CORRECTED EXACT TRIMMED-FACE OWNERSHIP AUDIT ONLY - NOT APPROVED FOR PROCUREMENT, QUOTATION, FABRICATION, ASSEMBLY, CONNECTION, POWERED TESTING, MOTION, OR ENERGIZATION"
109160,1199458,0,UNMAPPED,"[382467,383747,383029,384755,384756,384757]","[[48.28268535796162,8.005,-18.86703381460546],[48.26332780123862,8.005,-19.040695986338463],[48.077010389310175,8.005,-18.90271548633101],[48.27300657960012,8.005,-18.953864900471963],[48.170169095274396,8.005,-18.971705736334737],[48.17984787363589,8.005,-18.884874650468234]]","[[80],[80],[125],[80],[125],[125]]","[80,125]",[],"PRELIMINARY - CORRECTED EXACT TRIMMED-FACE OWNERSHIP AUDIT ONLY - NOT APPROVED FOR PROCUREMENT, QUOTATION, FABRICATION, ASSEMBLY, CONNECTION, POWERED TESTING, MOTION, OR ENERGIZATION"
109174,1205267,3,UNMAPPED,"[383662,382472,384130,388023,390508,390388]","[[49.516946501063835,8.005,-17.22014482712608],[49.36499600702599,8.005,-17.09207217486444],[49.498537108916366,8.005,-16.996685986456388],[49.44097125404491,8.005,-17.156108500995263],[49.43176655797117,8.005,-17.044379080660413],[49.507741804990104,8.005,-17.108415406791234]]","[[80],[124],[124],[124],[124],[124]]","[80,124]",[],"PRELIMINARY - CORRECTED EXACT TRIMMED-FACE OWNERSHIP AUDIT ONLY - NOT APPROVED FOR PROCUREMENT, QUOTATION, FABRICATION, ASSEMBLY, CONNECTION, POWERED TESTING, MOTION, OR ENERGIZATION"
109182,1209950,0,UNMAPPED,"[382478,382477,383736,388536,385203,388535]","[[39.774058529833205,8.005,20.697425622695025],[39.61988624895279,8.005,20.827328948853495],[39.82192411151309,8.005,20.872459833511005],[39.696972389393,8.005,20.76237728577426],[39.72090518023294,8.005,20.84989439118225],[39.79799132067315,8.005,20.784942728103015]]","[[76],[76],[121],[76],[76],[76]]","[76,121]",[],"PRELIMINARY - CORRECTED EXACT TRIMMED-FACE OWNERSHIP AUDIT ONLY - NOT APPROVED FOR PROCUREMENT, QUOTATION, FABRICATION, ASSEMBLY, CONNECTION, POWERED TESTING, MOTION, OR ENERGIZATION"
109184,1133852,3,UNMAPPED,"[384016,383640,382478,386845,390289,391634]","[[39.88110646356997,8.005,20.58330434076402],[39.75357381249855,8.005,20.507868538185956],[39.774058529833205,8.005,20.697425622695025],[39.81734013803426,8.005,20.54558643947499],[39.76381617116588,8.005,20.602647080440494],[39.82758249670159,8.005,20.640364981729522]]","[[121],[76],[76],[121],[76],[121]]","[76,121]",[],"PRELIMINARY - CORRECTED EXACT TRIMMED-FACE OWNERSHIP AUDIT ONLY - NOT APPROVED FOR PROCUREMENT, QUOTATION, FABRICATION, ASSEMBLY, CONNECTION, POWERED TESTING, MOTION, OR ENERGIZATION"
109185,1233587,3,UNMAPPED,"[382478,383736,383730,388535,391170,391171]","[[39.774058529833205,8.005,20.697425622695025],[39.82192411151309,8.005,20.872459833511005],[39.943522772955205,8.005,20.74065871002421],[39.79799132067315,8.005,20.784942728103015],[39.88272344223415,8.005,20.806559271767608],[39.85879065139421,8.005,20.719042166359618]]","[[76],[121],[121],[76],[121],[121]]","[76,121]",[],"PRELIMINARY - CORRECTED EXACT TRIMMED-FACE OWNERSHIP AUDIT ONLY - NOT APPROVED FOR PROCUREMENT, QUOTATION, FABRICATION, ASSEMBLY, CONNECTION, POWERED TESTING, MOTION, OR ENERGIZATION"
109186,1160553,3,UNMAPPED,"[383730,384016,382478,391650,391634,391171]","[[39.943522772955205,8.005,20.74065871002421],[39.88110646356997,8.005,20.58330434076402],[39.774058529833205,8.005,20.697425622695025],[39.91231461826259,8.005,20.661981525394115],[39.82758249670159,8.005,20.640364981729522],[39.85879065139421,8.005,20.719042166359618]]","[[121],[121],[76],[121],[121],[121]]","[76,121]",[],"PRELIMINARY - CORRECTED EXACT TRIMMED-FACE OWNERSHIP AUDIT ONLY - NOT APPROVED FOR PROCUREMENT, QUOTATION, FABRICATION, ASSEMBLY, CONNECTION, POWERED TESTING, MOTION, OR ENERGIZATION"
109247,1135423,0,UNMAPPED,"[383125,383124,382506,389982,389350,389755]","[[39.854618214676684,8.005,-18.764849474724112],[39.65889411068727,8.005,-18.836001861128523],[39.71493073112754,8.005,-18.639465425603664],[39.756756162681974,8.005,-18.800425667926316],[39.686912420907404,8.005,-18.737733643366095],[39.78477447290211,8.005,-18.702157450163888]]","[[117],[74],[74],[74],[74],[74]]","[74,117]",[],"PRELIMINARY - CORRECTED EXACT TRIMMED-FACE OWNERSHIP AUDIT ONLY - NOT APPROVED FOR PROCUREMENT, QUOTATION, FABRICATION, ASSEMBLY, CONNECTION, POWERED TESTING, MOTION, OR ENERGIZATION"
109248,1140809,1,UNMAPPED,"[383125,382506,383126,389755,389753,389754]","[[39.854618214676684,8.005,-18.764849474724112],[39.71493073112754,8.005,-18.639465425603664],[39.90167517007774,8.005,-18.5834811513912],[39.78477447290211,8.005,-18.702157450163888],[39.80830295060264,8.005,-18.611473288497432],[39.87814669237721,8.005,-18.674165313057657]]","[[117],[74],[117],[74],[117],[117]]","[74,117]",[],"PRELIMINARY - CORRECTED EXACT TRIMMED-FACE OWNERSHIP AUDIT ONLY - NOT APPROVED FOR PROCUREMENT, QUOTATION, FABRICATION, ASSEMBLY, CONNECTION, POWERED TESTING, MOTION, OR ENERGIZATION"
109249,1207653,1,UNMAPPED,"[383985,383126,382506,390544,389753,390852]","[[39.769377109257064,8.005,-18.493016673974147],[39.90167517007774,8.005,-18.5834811513912],[39.71493073112754,8.005,-18.639465425603664],[39.8355261396674,8.005,-18.538248912682675],[39.80830295060264,8.005,-18.611473288497432],[39.7421539201923,8.005,-18.566241049788907]]","[[74],[117],[74],[117],[117],[74]]","[74,117]",[],"PRELIMINARY - CORRECTED EXACT TRIMMED-FACE OWNERSHIP AUDIT ONLY - NOT APPROVED FOR PROCUREMENT, QUOTATION, FABRICATION, ASSEMBLY, CONNECTION, POWERED TESTING, MOTION, OR ENERGIZATION"
109457,1206745,0,UNMAPPED,"[382603,383897,383278,390458,390349,390459]","[[38.117525323801736,8.005,-17.22046326058105],[37.96608193617775,8.005,-17.300380664763825],[37.96692278343314,8.005,-17.100461575545708],[38.041803629989744,8.005,-17.260421962672435],[37.966502359805446,8.005,-17.200421120154765],[38.04222405361744,8.005,-17.16046241806338]]","[[74],[74],[118],[74],[74],[118]]","[74,118]",[],"PRELIMINARY - CORRECTED EXACT TRIMMED-FACE OWNERSHIP AUDIT ONLY - NOT APPROVED FOR PROCUREMENT, QUOTATION, FABRICATION, ASSEMBLY, CONNECTION, POWERED TESTING, MOTION, OR ENERGIZATION"
109458,1206739,0,UNMAPPED,"[383278,384125,382603,388562,390869,390459]","[[37.96692278343314,8.005,-17.100461575545708],[38.126361337455165,8.005,-17.052796785334184],[38.117525323801736,8.005,-17.22046326058105],[38.04664206044416,8.005,-17.076629180439944],[38.12194333062845,8.005,-17.136630022957615],[38.04222405361744,8.005,-17.16046241806338]]","[[118],[118],[74],[118],[118],[118]]","[74,118]",[],"PRELIMINARY - CORRECTED EXACT TRIMMED-FACE OWNERSHIP AUDIT ONLY - NOT APPROVED FOR PROCUREMENT, QUOTATION, FABRICATION, ASSEMBLY, CONNECTION, POWERED TESTING, MOTION, OR ENERGIZATION"
109636,1199593,3,UNMAPPED,"[382676,382677,382679,389414,389430,389854]","[[47.15269931711472,8.005,20.763022536310377],[47.044901858093475,8.005,20.6217074635876],[46.956366620894244,8.005,20.786349036484193],[47.098800587604096,8.005,20.69236499994899],[47.00063423949386,8.005,20.704028250035893],[47.054532969004484,8.005,20.77468578639729]]","[[122],[122],[77],[122],[122],[122]]","[77,122]",[],"PRELIMINARY - CORRECTED EXACT TRIMMED-FACE OWNERSHIP AUDIT ONLY - NOT APPROVED FOR PROCUREMENT, QUOTATION, FABRICATION, ASSEMBLY, CONNECTION, POWERED TESTING, MOTION, OR ENERGIZATION"
109637,1137833,1,UNMAPPED,"[382678,382676,384139,390115,391001,390985]","[[47.26355389065723,8.005,20.933054515897457],[47.15269931711472,8.005,20.763022536310377],[47.06941809857494,8.005,20.893437890634818],[47.20812660388597,8.005,20.848038526103917],[47.11105870784483,8.005,20.828230213472597],[47.16648599461609,8.005,20.913246203266137]]","[[122],[122],[77],[122],[122],[77]]","[77,122]",[],"PRELIMINARY - CORRECTED EXACT TRIMMED-FACE OWNERSHIP AUDIT ONLY - NOT APPROVED FOR PROCUREMENT, QUOTATION, FABRICATION, ASSEMBLY, CONNECTION, POWERED TESTING, MOTION, OR ENERGIZATION"
109638,1216970,1,UNMAPPED,"[382676,382679,384139,389854,385362,391001]","[[47.15269931711472,8.005,20.763022536310377],[46.956366620894244,8.005,20.786349036484193],[47.06941809857494,8.005,20.893437890634818],[47.054532969004484,8.005,20.77468578639729],[47.01289235973459,8.005,20.83989346355951],[47.11105870784483,8.005,20.828230213472597]]","[[122],[77],[77],[122],[77],[122]]","[77,122]",[],"PRELIMINARY - CORRECTED EXACT TRIMMED-FACE OWNERSHIP AUDIT ONLY - NOT APPROVED FOR PROCUREMENT, QUOTATION, FABRICATION, ASSEMBLY, CONNECTION, POWERED TESTING, MOTION, OR ENERGIZATION"
109639,1174098,2,UNMAPPED,"[382679,382677,382680,389430,388885,389429]","[[46.956366620894244,8.005,20.786349036484193],[47.044901858093475,8.005,20.6217074635876],[46.84741455783317,8.005,20.62418460680951],[47.00063423949386,8.005,20.704028250035893],[46.94615820796332,8.005,20.622946035198556],[46.90189058936371,8.005,20.70526682164685]]","[[77],[122],[122],[122],[122],[122]]","[77,122]",[],"PRELIMINARY - CORRECTED EXACT TRIMMED-FACE OWNERSHIP AUDIT ONLY - NOT APPROVED FOR PROCUREMENT, QUOTATION, FABRICATION, ASSEMBLY, CONNECTION, POWERED TESTING, MOTION, OR ENERGIZATION"
109642,1119476,3,UNMAPPED,"[383577,384039,382678,390712,386535,390729]","[[47.11283594179558,8.005,21.048060636779756],[47.28541803549015,8.005,21.08828137383991],[47.26355389065723,8.005,20.933054515897457],[47.19912698864287,8.005,21.068171005309832],[47.274485963073694,8.005,21.010667944868683],[47.1881949162264,8.005,20.990557576338606]]","[[77],[77],[122],[77],[77],[77]]","[77,122]",[],"PRELIMINARY - CORRECTED EXACT TRIMMED-FACE OWNERSHIP AUDIT ONLY - NOT APPROVED FOR PROCUREMENT, QUOTATION, FABRICATION, ASSEMBLY, CONNECTION, POWERED TESTING, MOTION, OR ENERGIZATION"
109643,1232133,2,UNMAPPED,"[382678,384139,383577,390985,389443,390729]","[[47.26355389065723,8.005,20.933054515897457],[47.06941809857494,8.005,20.893437890634818],[47.11283594179558,8.005,21.048060636779756],[47.16648599461609,8.005,20.913246203266137],[47.09112702018526,8.005,20.970749263707287],[47.1881949162264,8.005,20.990557576338606]]","[[122],[77],[77],[77],[77],[77]]","[77,122]",[],"PRELIMINARY - CORRECTED EXACT TRIMMED-FACE OWNERSHIP AUDIT ONLY - NOT APPROVED FOR PROCUREMENT, QUOTATION, FABRICATION, ASSEMBLY, CONNECTION, POWERED TESTING, MOTION, OR ENERGIZATION"
109644,1148697,3,UNMAPPED,"[382679,382680,382681,389429,389382,384353]","[[46.956366620894244,8.005,20.786349036484193],[46.84741455783317,8.005,20.62418460680951],[46.75920443540743,8.005,20.7988587393688],[46.90189058936371,8.005,20.70526682164685],[46.8033094966203,8.005,20.711521673089155],[46.85778552815084,8.005,20.792603887926493]]","[[77],[122],[77],[122],[77],[77]]","[77,122]",[],"PRELIMINARY - CORRECTED EXACT TRIMMED-FACE OWNERSHIP AUDIT ONLY - NOT APPROVED FOR PROCUREMENT, QUOTATION, FABRICATION, ASSEMBLY, CONNECTION, POWERED TESTING, MOTION, OR ENERGIZATION"
109645,1172188,3,UNMAPPED,"[382681,382680,382682,389382,388985,389381]","[[46.75920443540743,8.005,20.7988587393688],[46.84741455783317,8.005,20.62418460680951],[46.650693097099634,8.005,20.643322524958446],[46.8033094966203,8.005,20.711521673089155],[46.7490538274664,8.005,20.633753565883982],[46.70494876625354,8.005,20.721090632163627]]","[[77],[122],[77],[77],[77],[77]]","[77,122]",[],"PRELIMINARY - CORRECTED EXACT TRIMMED-FACE OWNERSHIP AUDIT ONLY - NOT APPROVED FOR PROCUREMENT, QUOTATION, FABRICATION, ASSEMBLY, CONNECTION, POWERED TESTING, MOTION, OR ENERGIZATION"
109646,1206831,1,UNMAPPED,"[383495,382682,382680,388984,388985,388983]","[[46.71520361626353,8.005,20.484584148398813],[46.650693097099634,8.005,20.643322524958446],[46.84741455783317,8.005,20.62418460680951],[46.682948356681585,8.005,20.563953336678626],[46.7490538274664,8.005,20.633753565883982],[46.78130908704835,8.005,20.554384377604162]]","[[122],[77],[122],[77],[77],[122]]","[77,122]",[],"PRELIMINARY - CORRECTED EXACT TRIMMED-FACE OWNERSHIP AUDIT ONLY - NOT APPROVED FOR PROCUREMENT, QUOTATION, FABRICATION, ASSEMBLY, CONNECTION, POWERED TESTING, MOTION, OR ENERGIZATION"
109652,1219017,0,UNMAPPED,"[383950,382682,383495,390658,388984,390586]","[[46.54378229711955,8.005,20.524830514076452],[46.650693097099634,8.005,20.643322524958446],[46.71520361626353,8.005,20.484584148398813],[46.59723769710959,8.005,20.58407651951745],[46.682948356681585,8.005,20.563953336678626],[46.62949295669154,8.005,20.50470733123763]]","[[77],[77],[122],[77],[77],[77]]","[77,122]",[],"PRELIMINARY - CORRECTED EXACT TRIMMED-FACE OWNERSHIP AUDIT ONLY - NOT APPROVED FOR PROCUREMENT, QUOTATION, FABRICATION, ASSEMBLY, CONNECTION, POWERED TESTING, MOTION, OR ENERGIZATION"
109682,1226522,0,UNMAPPED,"[382698,382696,382695,389428,389416,389855]","[[46.95636662089373,8.005,-18.786349036479727],[47.044915578574894,8.005,-18.62172708787594],[47.15271334906082,8.005,-18.7630476581258],[47.00064109973432,8.005,-18.704038062177833],[47.09881446381786,8.005,-18.69238737300087],[47.054539984977275,8.005,-18.774698347302763]]","[[81],[125],[125],[125],[125],[125]]","[81,125]",[],"PRELIMINARY - CORRECTED EXACT TRIMMED-FACE OWNERSHIP AUDIT ONLY - NOT APPROVED FOR PROCUREMENT, QUOTATION, FABRICATION, ASSEMBLY, CONNECTION, POWERED TESTING, MOTION, OR ENERGIZATION"
109683,1168131,0,UNMAPPED,"[382697,384138,382695,390986,391002,390114]","[[47.2635550037593,8.005,-18.933057610914734],[47.06706950263076,8.005,-18.890704474420826],[47.15271334906082,8.005,-18.7630476581258],[47.165312253195026,8.005,-18.91188104266778],[47.10989142584579,8.005,-18.82687606627331],[47.208134176410056,8.005,-18.848052634520265]]","[[125],[81],[125],[81],[125],[125]]","[81,125]",[],"PRELIMINARY - CORRECTED EXACT TRIMMED-FACE OWNERSHIP AUDIT ONLY - NOT APPROVED FOR PROCUREMENT, QUOTATION, FABRICATION, ASSEMBLY, CONNECTION, POWERED TESTING, MOTION, OR ENERGIZATION"
109684,1117432,0,UNMAPPED,"[382698,382695,384138,389855,391002,385359]","[[46.95636662089373,8.005,-18.786349036479727],[47.15271334906082,8.005,-18.7630476581258],[47.06706950263076,8.005,-18.890704474420826],[47.054539984977275,8.005,-18.774698347302763],[47.10989142584579,8.005,-18.82687606627331],[47.011718061762245,8.005,-18.838526755450275]]","[[81],[125],[81],[125],[125],[81]]","[81,125]",[],"PRELIMINARY - CORRECTED EXACT TRIMMED-FACE OWNERSHIP AUDIT ONLY - NOT APPROVED FOR PROCUREMENT, QUOTATION, FABRICATION, ASSEMBLY, CONNECTION, POWERED TESTING, MOTION, OR ENERGIZATION"
109685,1140682,3,UNMAPPED,"[382698,382699,382696,389427,388888,389428]","[[46.95636662089373,8.005,-18.786349036479727],[46.847401817133296,8.005,-18.62418041842201],[47.044915578574894,8.005,-18.62172708787594],[46.90188421901351,8.005,-18.705264727450867],[46.946158697854095,8.005,-18.622953753148977],[47.00064109973432,8.005,-18.704038062177833]]","[[81],[125],[125],[125],[125],[125]]","[81,125]",[],"PRELIMINARY - CORRECTED EXACT TRIMMED-FACE OWNERSHIP AUDIT ONLY - NOT APPROVED FOR PROCUREMENT, QUOTATION, FABRICATION, ASSEMBLY, CONNECTION, POWERED TESTING, MOTION, OR ENERGIZATION"
109688,1199304,3,UNMAPPED,"[383578,382697,384038,390728,386533,390713]","[[47.11269823845251,8.005,-19.048135577186944],[47.2635550037593,8.005,-18.933057610914734],[47.28541803549017,8.005,-19.088281373838303],[47.1881266211059,8.005,-18.99059659405084],[47.27448651962473,8.005,-19.01066949237652],[47.19905813697134,8.005,-19.068208475512623]]","[[81],[125],[81],[81],[81],[81]]","[81,125]",[],"PRELIMINARY - CORRECTED EXACT TRIMMED-FACE OWNERSHIP AUDIT ONLY - NOT APPROVED FOR PROCUREMENT, QUOTATION, FABRICATION, ASSEMBLY, CONNECTION, POWERED TESTING, MOTION, OR ENERGIZATION"
109689,1110855,0,UNMAPPED,"[383578,384138,382697,389442,390986,390728]","[[47.11269823845251,8.005,-19.048135577186944],[47.06706950263076,8.005,-18.890704474420826],[47.2635550037593,8.005,-18.933057610914734],[47.089883870541634,8.005,-18.969420025803885],[47.165312253195026,8.005,-18.91188104266778],[47.1881266211059,8.005,-18.99059659405084]]","[[81],[81],[125],[81],[81],[81]]","[81,125]",[],"PRELIMINARY - CORRECTED EXACT TRIMMED-FACE OWNERSHIP AUDIT ONLY - NOT APPROVED FOR PROCUREMENT, QUOTATION, FABRICATION, ASSEMBLY, CONNECTION, POWERED TESTING, MOTION, OR ENERGIZATION"
109690,1174102,2,UNMAPPED,"[382698,382700,382699,384363,389454,389427]","[[46.95636662089373,8.005,-18.786349036479727],[46.75920443540672,8.005,-18.79885873936293],[46.847401817133296,8.005,-18.62418041842201],[46.85778552815023,8.005,-18.792603887921327],[46.80330312627001,8.005,-18.71151957889247],[46.90188421901351,8.005,-18.705264727450867]]","[[81],[81],[125],[81],[81],[125]]","[81,125]",[],"PRELIMINARY - CORRECTED EXACT TRIMMED-FACE OWNERSHIP AUDIT ONLY - NOT APPROVED FOR PROCUREMENT, QUOTATION, FABRICATION, ASSEMBLY, CONNECTION, POWERED TESTING, MOTION, OR ENERGIZATION"
109691,1205259,0,UNMAPPED,"[382700,382701,382699,389453,389015,389454]","[[46.75920443540672,8.005,-18.79885873936293],[46.65056329938513,8.005,-18.643325957075135],[46.847401817133296,8.005,-18.62418041842201],[46.70488386739593,8.005,-18.721092348219035],[46.748982558259215,8.005,-18.633753187748574],[46.80330312627001,8.005,-18.71151957889247]]","[[81],[81],[125],[81],[81],[81]]","[81,125]",[],"PRELIMINARY - CORRECTED EXACT TRIMMED-FACE OWNERSHIP AUDIT ONLY - NOT APPROVED FOR PROCUREMENT, QUOTATION, FABRICATION, ASSEMBLY, CONNECTION, POWERED TESTING, MOTION, OR ENERGIZATION"
109692,1156499,1,UNMAPPED,"[382701,383496,382699,389013,389014,389015]","[[46.65056329938513,8.005,-18.643325957075135],[46.71512731918337,8.005,-18.48460242349026],[46.847401817133296,8.005,-18.62418041842201],[46.68284530928425,8.005,-18.563964190282697],[46.78126456815833,8.005,-18.554391420956133],[46.748982558259215,8.005,-18.633753187748574]]","[[81],[125],[125],[81],[125],[81]]","[81,125]",[],"PRELIMINARY - CORRECTED EXACT TRIMMED-FACE OWNERSHIP AUDIT ONLY - NOT APPROVED FOR PROCUREMENT, QUOTATION, FABRICATION, ASSEMBLY, CONNECTION, POWERED TESTING, MOTION, OR ENERGIZATION"
109698,1232141,1,UNMAPPED,"[382701,383949,383496,390657,390575,389013]","[[46.65056329938513,8.005,-18.643325957075135],[46.54487096148794,8.005,-18.52413717822634],[46.71512731918337,8.005,-18.48460242349026],[46.597717130436536,8.005,-18.583731567650737],[46.62999914033565,8.005,-18.5043698008583],[46.68284530928425,8.005,-18.563964190282697]]","[[81],[81],[125],[81],[81],[81]]","[81,125]",[],"PRELIMINARY - CORRECTED EXACT TRIMMED-FACE OWNERSHIP AUDIT ONLY - NOT APPROVED FOR PROCUREMENT, QUOTATION, FABRICATION, ASSEMBLY, CONNECTION, POWERED TESTING, MOTION, OR ENERGIZATION"
110137,1239952,2,UNMAPPED,"[382923,383030,383590,387515,386573,386650]","[[38.1641825390909,8.005,18.29958701305519],[38.14603045335186,8.005,18.088989843146326],[37.978860720872845,8.005,18.18792669638668],[38.155106496221386,8.005,18.19428842810076],[38.06244558711235,8.005,18.138458269766506],[38.07152162998187,8.005,18.24375685472093]]","[[120],[120],[75],[120],[75],[120]]","[75,120]",[],"PRELIMINARY - CORRECTED EXACT TRIMMED-FACE OWNERSHIP AUDIT ONLY - NOT APPROVED FOR PROCUREMENT, QUOTATION, FABRICATION, ASSEMBLY, CONNECTION, POWERED TESTING, MOTION, OR ENERGIZATION"
110162,1226228,2,UNMAPPED,"[382934,383633,382935,388154,388155,385998]","[[49.37683862115965,8.005,17.796897263142686],[49.539765417249654,8.005,17.901588944907605],[49.56147429880661,8.005,17.70036396388507],[49.45830201920465,8.005,17.849243104025145],[49.55061985802813,8.005,17.800976454396338],[49.46915645998313,8.005,17.74863061351388]]","[[123],[123],[79],[123],[123],[123]]","[79,123]",[],"PRELIMINARY - CORRECTED EXACT TRIMMED-FACE OWNERSHIP AUDIT ONLY - NOT APPROVED FOR PROCUREMENT, QUOTATION, FABRICATION, ASSEMBLY, CONNECTION, POWERED TESTING, MOTION, OR ENERGIZATION"
110165,1193762,1,UNMAPPED,"[383633,382938,382935,389082,388924,388155]","[[49.539765417249654,8.005,17.901588944907605],[49.72505022923826,8.005,17.815870046873048],[49.56147429880661,8.005,17.70036396388507],[49.63240782324396,8.005,17.858729495890326],[49.64326226402244,8.005,17.75811700537906],[49.55061985802813,8.005,17.800976454396338]]","[[123],[79],[79],[123],[79],[123]]","[79,123]",[],"PRELIMINARY - CORRECTED EXACT TRIMMED-FACE OWNERSHIP AUDIT ONLY - NOT APPROVED FOR PROCUREMENT, QUOTATION, FABRICATION, ASSEMBLY, CONNECTION, POWERED TESTING, MOTION, OR ENERGIZATION"
110171,1147296,1,UNMAPPED,"[383633,383925,382938,391191,391192,389082]","[[49.539765417249654,8.005,17.901588944907605],[49.6847287330553,8.005,18.005619660719322],[49.72505022923826,8.005,17.815870046873048],[49.612247075152474,8.005,17.953604302813464],[49.70488948114678,8.005,17.910744853796185],[49.63240782324396,8.005,17.858729495890326]]","[[123],[123],[79],[123],[123],[123]]","[79,123]",[],"PRELIMINARY - CORRECTED EXACT TRIMMED-FACE OWNERSHIP AUDIT ONLY - NOT APPROVED FOR PROCUREMENT, QUOTATION, FABRICATION, ASSEMBLY, CONNECTION, POWERED TESTING, MOTION, OR ENERGIZATION"
110172,1227412,2,UNMAPPED,"[383998,382938,383925,391210,391192,391209]","[[49.85531035735332,8.005,17.91540723196262],[49.72505022923826,8.005,17.815870046873048],[49.6847287330553,8.005,18.005619660719322],[49.79018029329579,8.005,17.865638639417835],[49.70488948114678,8.005,17.910744853796185],[49.770019545204306,8.005,17.960513446340972]]","[[79],[79],[123],[79],[123],[79]]","[79,123]",[],"PRELIMINARY - CORRECTED EXACT TRIMMED-FACE OWNERSHIP AUDIT ONLY - NOT APPROVED FOR PROCUREMENT, QUOTATION, FABRICATION, ASSEMBLY, CONNECTION, POWERED TESTING, MOTION, OR ENERGIZATION"
110187,1108393,3,UNMAPPED,"[383262,382948,382949,387581,387468,387295]","[[38.449023171847614,8.005,17.906956581439108],[38.622302061160056,8.005,17.794990963210008],[38.43785175265678,8.005,17.691390245354558],[38.535662616503835,8.005,17.850973772324554],[38.53007690690842,8.005,17.74319060428228],[38.4434374622522,8.005,17.799173413396833]]","[[120],[120],[75],[120],[120],[120]]","[75,120]",[],"PRELIMINARY - CORRECTED EXACT TRIMMED-FACE OWNERSHIP AUDIT ONLY - NOT APPROVED FOR PROCUREMENT, QUOTATION, FABRICATION, ASSEMBLY, CONNECTION, POWERED TESTING, MOTION, OR ENERGIZATION"
110190,1201927,3,UNMAPPED,"[382954,383262,382949,387294,387295,387296]","[[38.27258481406203,8.005,17.79951761924811],[38.449023171847614,8.005,17.906956581439108],[38.43785175265678,8.005,17.691390245354558],[38.36080399295482,8.005,17.85323710034361],[38.4434374622522,8.005,17.799173413396833],[38.355218283359406,8.005,17.745453932301334]]","[[75],[120],[75],[120],[120],[75]]","[75,120]",[],"PRELIMINARY - CORRECTED EXACT TRIMMED-FACE OWNERSHIP AUDIT ONLY - NOT APPROVED FOR PROCUREMENT, QUOTATION, FABRICATION, ASSEMBLY, CONNECTION, POWERED TESTING, MOTION, OR ENERGIZATION"
110203,1201843,3,UNMAPPED,"[383866,383262,382954,391219,387294,391218]","[[38.29786576972062,8.005,17.992013937631835],[38.449023171847614,8.005,17.906956581439108],[38.27258481406203,8.005,17.79951761924811],[38.373444470784115,8.005,17.949485259535468],[38.36080399295482,8.005,17.85323710034361],[38.28522529189132,8.005,17.89576577843997]]","[[120],[120],[75],[120],[120],[120]]","[75,120]",[],"PRELIMINARY - CORRECTED EXACT TRIMMED-FACE OWNERSHIP AUDIT ONLY - NOT APPROVED FOR PROCUREMENT, QUOTATION, FABRICATION, ASSEMBLY, CONNECTION, POWERED TESTING, MOTION, OR ENERGIZATION"
110204,1175255,0,UNMAPPED,"[383866,382954,383967,391218,391610,391651]","[[38.29786576972062,8.005,17.992013937631835],[38.27258481406203,8.005,17.79951761924811],[38.13589228940383,8.005,17.89478460675308],[38.28522529189132,8.005,17.89576577843997],[38.20423855173293,8.005,17.847151113000596],[38.21687902956222,8.005,17.943399272192455]]","[[120],[75],[75],[120],[75],[75]]","[75,120]",[],"PRELIMINARY - CORRECTED EXACT TRIMMED-FACE OWNERSHIP AUDIT ONLY - NOT APPROVED FOR PROCUREMENT, QUOTATION, FABRICATION, ASSEMBLY, CONNECTION, POWERED TESTING, MOTION, OR ENERGIZATION"
110220,1167627,1,UNMAPPED,"[382961,383142,383582,387703,386789,386793]","[[49.833644747243895,8.005,-16.298178920436264],[49.830025560003904,8.005,-16.09292488694775],[50.01665561388728,8.005,-16.188510067662406],[49.8318351536239,8.005,-16.195551903692007],[49.92334058694559,8.005,-16.140717477305078],[49.92515018056559,8.005,-16.243344494049335]]","[[124],[124],[79],[124],[79],[124]]","[79,124]",[],"PRELIMINARY - CORRECTED EXACT TRIMMED-FACE OWNERSHIP AUDIT ONLY - NOT APPROVED FOR PROCUREMENT, QUOTATION, FABRICATION, ASSEMBLY, CONNECTION, POWERED TESTING, MOTION, OR ENERGIZATION"
110250,1207738,3,UNMAPPED,"[382975,382977,382976,386605,386450,386770]","[[50.01428207070144,8.005,18.18383995817476],[49.8367983622513,8.005,18.07706432851386],[49.838766627277195,8.005,18.28221918732422],[49.925540216476364,8.005,18.13045214334431],[49.83778249476424,8.005,18.17964175791904],[49.92652434898932,8.005,18.23302957274949]]","[[79],[123],[123],[79],[123],[123]]","[79,123]",[],"PRELIMINARY - CORRECTED EXACT TRIMMED-FACE OWNERSHIP AUDIT ONLY - NOT APPROVED FOR PROCUREMENT, QUOTATION, FABRICATION, ASSEMBLY, CONNECTION, POWERED TESTING, MOTION, OR ENERGIZATION"
110255,1170150,1,UNMAPPED,"[383998,383925,382977,391209,391264,391440]","[[49.85531035735332,8.005,17.91540723196262],[49.6847287330553,8.005,18.005619660719322],[49.8367983622513,8.005,18.07706432851386],[49.770019545204306,8.005,17.960513446340972],[49.7607635476533,8.005,18.04134199461659],[49.84605435980231,8.005,17.99623578023824]]","[[79],[123],[123],[79],[123],[79]]","[79,123]",[],"PRELIMINARY - CORRECTED EXACT TRIMMED-FACE OWNERSHIP AUDIT ONLY - NOT APPROVED FOR PROCUREMENT, QUOTATION, FABRICATION, ASSEMBLY, CONNECTION, POWERED TESTING, MOTION, OR ENERGIZATION"
110350,1206951,1,UNMAPPED,"[383027,384046,383698,386469,391625,390485]","[[37.98236483874698,8.005,-16.201325735974827],[38.134726461341906,8.005,-16.143192048578452],[38.15654616444656,8.005,-16.31262318795086],[38.058545650044444,8.005,-16.172258892276638],[38.14563631289423,8.005,-16.227907618264656],[38.06945550159677,8.005,-16.256974461962844]]","[[75],[118],[118],[75],[118],[118]]","[75,118]",[],"PRELIMINARY - CORRECTED EXACT TRIMMED-FACE OWNERSHIP AUDIT ONLY - NOT APPROVED FOR PROCUREMENT, QUOTATION, FABRICATION, ASSEMBLY, CONNECTION, POWERED TESTING, MOTION, OR ENERGIZATION"
110351,1206256,2,UNMAPPED,"[383029,383747,383848,384756,384809,384810]","[[48.077010389310175,8.005,-18.90271548633101],[48.26332780123862,8.005,-19.040695986338463],[48.09076403665209,8.005,-19.077255604218067],[48.170169095274396,8.005,-18.971705736334737],[48.17704591894535,8.005,-19.058975795278265],[48.08388721298113,8.005,-18.98998554527454]]","[[125],[80],[125],[125],[125],[125]]","[80,125]",[],"PRELIMINARY - CORRECTED EXACT TRIMMED-FACE OWNERSHIP AUDIT ONLY - NOT APPROVED FOR PROCUREMENT, QUOTATION, FABRICATION, ASSEMBLY, CONNECTION, POWERED TESTING, MOTION, OR ENERGIZATION"
110352,1210496,2,UNMAPPED,"[383030,383866,383967,388083,391651,390680]","[[38.14603045335186,8.005,18.088989843146326],[38.29786576972062,8.005,17.992013937631835],[38.13589228940383,8.005,17.89478460675308],[38.22194811153624,8.005,18.040501890389084],[38.21687902956222,8.005,17.943399272192455],[38.14096137137784,8.005,17.991887224949703]]","[[120],[120],[75],[120],[75],[75]]","[75,120]",[],"PRELIMINARY - CORRECTED EXACT TRIMMED-FACE OWNERSHIP AUDIT ONLY - NOT APPROVED FOR PROCUREMENT, QUOTATION, FABRICATION, ASSEMBLY, CONNECTION, POWERED TESTING, MOTION, OR ENERGIZATION"
110355,1201573,1,UNMAPPED,"[383649,383033,383686,384602,384601,384520]","[[38.289745668733474,8.005,19.316377713286055],[38.18569418231946,8.005,19.155285367546586],[38.033549983595876,8.005,19.294157477390417],[38.23771992552647,8.005,19.235831540416317],[38.10962208295767,8.005,19.2247214224685],[38.161647826164675,8.005,19.30526759533824]]","[[76],[120],[76],[76],[76],[76]]","[76,120]",[],"PRELIMINARY - CORRECTED EXACT TRIMMED-FACE OWNERSHIP AUDIT ONLY - NOT APPROVED FOR PROCUREMENT, QUOTATION, FABRICATION, ASSEMBLY, CONNECTION, POWERED TESTING, MOTION, OR ENERGIZATION"
110356,1130234,1,UNMAPPED,"[383033,383649,383876,384602,386009,386013]","[[38.18569418231946,8.005,19.155285367546586],[38.289745668733474,8.005,19.316377713286055],[38.35917687647332,8.005,19.083061473968716],[38.23771992552647,8.005,19.235831540416317],[38.3244612726034,8.005,19.199719593627382],[38.27243552939639,8.005,19.11917342075765]]","[[120],[76],[120],[76],[120],[120]]","[76,120]",[],"PRELIMINARY - CORRECTED EXACT TRIMMED-FACE OWNERSHIP AUDIT ONLY - NOT APPROVED FOR PROCUREMENT, QUOTATION, FABRICATION, ASSEMBLY, CONNECTION, POWERED TESTING, MOTION, OR ENERGIZATION"
110478,1220911,0,UNMAPPED,"[383171,383104,383688,384766,384764,384765]","[[49.81801236772324,8.005,-17.38085450167353],[49.82957872438916,8.005,-17.161696369727714],[50.00958590595833,8.005,-17.27929462071635],[49.8237955460562,8.005,-17.27127543570062],[49.91958231517375,8.005,-17.220495495222032],[49.913799136840794,8.005,-17.330074561194937]]","[[80],[124],[80],[80],[80],[80]]","[80,124]",[],"PRELIMINARY - CORRECTED EXACT TRIMMED-FACE OWNERSHIP AUDIT ONLY - NOT APPROVED FOR PROCUREMENT, QUOTATION, FABRICATION, ASSEMBLY, CONNECTION, POWERED TESTING, MOTION, OR ENERGIZATION"
110479,1142919,1,UNMAPPED,"[383171,384004,383104,390846,390651,384766]","[[49.81801236772324,8.005,-17.38085450167353],[49.68265067126727,8.005,-17.253091343993642],[49.82957872438916,8.005,-17.161696369727714],[49.750331519495255,8.005,-17.316972922833585],[49.75611469782821,8.005,-17.207393856860676],[49.8237955460562,8.005,-17.27127543570062]]","[[80],[80],[124],[80],[80],[80]]","[80,124]",[],"PRELIMINARY - CORRECTED EXACT TRIMMED-FACE OWNERSHIP AUDIT ONLY - NOT APPROVED FOR PROCUREMENT, QUOTATION, FABRICATION, ASSEMBLY, CONNECTION, POWERED TESTING, MOTION, OR ENERGIZATION"
110480,1169807,0,UNMAPPED,"[383551,383104,384004,387905,390651,390652]","[[49.6617614701305,8.005,-17.067468463650478],[49.82957872438916,8.005,-17.161696369727714],[49.68265067126727,8.005,-17.253091343993642],[49.74567009725983,8.005,-17.114582416689096],[49.75611469782821,8.005,-17.207393856860676],[49.672206070698884,8.005,-17.16027990382206]]","[[124],[124],[80],[124],[80],[124]]","[80,124]",[],"PRELIMINARY - CORRECTED EXACT TRIMMED-FACE OWNERSHIP AUDIT ONLY - NOT APPROVED FOR PROCUREMENT, QUOTATION, FABRICATION, ASSEMBLY, CONNECTION, POWERED TESTING, MOTION, OR ENERGIZATION"
110510,1225713,3,UNMAPPED,"[383125,384024,383124,391104,390741,389982]","[[39.854618214676684,8.005,-18.764849474724112],[39.81010023461956,8.005,-18.91517445351982],[39.65889411068727,8.005,-18.836001861128523],[39.83235922464812,8.005,-18.840011964121967],[39.73449717265341,8.005,-18.87558815732417],[39.756756162681974,8.005,-18.800425667926316]]","[[117],[117],[74],[117],[74],[74]]","[74,117]",[],"PRELIMINARY - CORRECTED EXACT TRIMMED-FACE OWNERSHIP AUDIT ONLY - NOT APPROVED FOR PROCUREMENT, QUOTATION, FABRICATION, ASSEMBLY, CONNECTION, POWERED TESTING, MOTION, OR ENERGIZATION"
110547,1210600,0,UNMAPPED,"[383143,384011,383142,388772,390981,389526]","[[49.70258859364863,8.005,-15.993807296336488],[49.856848639922276,8.005,-15.929094615722935],[49.830025560003904,8.005,-16.09292488694775],[49.77971861678545,8.005,-15.961450956029712],[49.84343709996308,8.005,-16.01100975133534],[49.766307076826266,8.005,-16.04336609164212]]","[[124],[79],[124],[79],[79],[124]]","[79,124]",[],"PRELIMINARY - CORRECTED EXACT TRIMMED-FACE OWNERSHIP AUDIT ONLY - NOT APPROVED FOR PROCUREMENT, QUOTATION, FABRICATION, ASSEMBLY, CONNECTION, POWERED TESTING, MOTION, OR ENERGIZATION"
110548,1243532,1,UNMAPPED,"[383143,383965,383295,386908,387505,387506]","[[49.70258859364863,8.005,-15.993807296336488],[49.553715000766495,8.005,-15.888628974779555],[49.750697725353774,8.005,-15.795635680590072],[49.628151797207565,8.005,-15.941218135558021],[49.65220636306013,8.005,-15.842132327684814],[49.7266431595012,8.005,-15.89472148846328]]","[[124],[124],[79],[124],[124],[79]]","[79,124]",[],"PRELIMINARY - CORRECTED EXACT TRIMMED-FACE OWNERSHIP AUDIT ONLY - NOT APPROVED FOR PROCUREMENT, QUOTATION, FABRICATION, ASSEMBLY, CONNECTION, POWERED TESTING, MOTION, OR ENERGIZATION"
110549,1210620,1,UNMAPPED,"[384011,383143,383295,388772,387506,387626]","[[49.856848639922276,8.005,-15.929094615722935],[49.70258859364863,8.005,-15.993807296336488],[49.750697725353774,8.005,-15.795635680590072],[49.77971861678545,8.005,-15.961450956029712],[49.7266431595012,8.005,-15.89472148846328],[49.803773182638025,8.005,-15.862365148156503]]","[[79],[124],[79],[79],[79],[79]]","[79,124]",[],"PRELIMINARY - CORRECTED EXACT TRIMMED-FACE OWNERSHIP AUDIT ONLY - NOT APPROVED FOR PROCUREMENT, QUOTATION, FABRICATION, ASSEMBLY, CONNECTION, POWERED TESTING, MOTION, OR ENERGIZATION"
110690,1124981,0,UNMAPPED,"[383290,383286,383284,388673,387960,387992]","[[38.60909210956131,8.005,-15.7954134056856],[38.408881106836326,8.005,-15.687541256940573],[38.60609235462661,8.005,-15.577778403915225],[38.50898660819882,8.005,-15.741477331313087],[38.50748673073147,8.005,-15.632659830427901],[38.607592232093964,8.005,-15.686595904800413]]","[[118],[75],[75],[118],[75],[118]]","[75,118]",[],"PRELIMINARY - CORRECTED EXACT TRIMMED-FACE OWNERSHIP AUDIT ONLY - NOT APPROVED FOR PROCUREMENT, QUOTATION, FABRICATION, ASSEMBLY, CONNECTION, POWERED TESTING, MOTION, OR ENERGIZATION"
110694,1218324,1,UNMAPPED,"[383289,383288,383286,385721,388203,388202]","[[38.414545688392565,8.005,-15.89799749029364],[38.20429786345403,8.005,-15.818492772705625],[38.408881106836326,8.005,-15.687541256940573],[38.3094217759233,8.005,-15.858245131499633],[38.30658948514518,8.005,-15.753017014823099],[38.41171339761445,8.005,-15.792769373617109]]","[[118],[75],[75],[75],[75],[118]]","[75,118]",[],"PRELIMINARY - CORRECTED EXACT TRIMMED-FACE OWNERSHIP AUDIT ONLY - NOT APPROVED FOR PROCUREMENT, QUOTATION, FABRICATION, ASSEMBLY, CONNECTION, POWERED TESTING, MOTION, OR ENERGIZATION"
110695,1167856,0,UNMAPPED,"[383290,383289,383286,386434,388202,388673]","[[38.60909210956131,8.005,-15.7954134056856],[38.414545688392565,8.005,-15.89799749029364],[38.408881106836326,8.005,-15.687541256940573],[38.51181889897694,8.005,-15.84670544798962],[38.41171339761445,8.005,-15.792769373617109],[38.50898660819882,8.005,-15.741477331313087]]","[[118],[118],[75],[118],[118],[118]]","[75,118]",[],"PRELIMINARY - CORRECTED EXACT TRIMMED-FACE OWNERSHIP AUDIT ONLY - NOT APPROVED FOR PROCUREMENT, QUOTATION, FABRICATION, ASSEMBLY, CONNECTION, POWERED TESTING, MOTION, OR ENERGIZATION"
110697,1187429,0,UNMAPPED,"[383655,383288,383289,384383,385721,384372]","[[38.22003795583212,8.005,-16.01169304323508],[38.20429786345403,8.005,-15.818492772705625],[38.414545688392565,8.005,-15.89799749029364],[38.21216790964307,8.005,-15.915092907970351],[38.3094217759233,8.005,-15.858245131499633],[38.317291822112345,8.005,-15.95484526676436]]","[[118],[75],[118],[75],[75],[118]]","[75,118]",[],"PRELIMINARY - CORRECTED EXACT TRIMMED-FACE OWNERSHIP AUDIT ONLY - NOT APPROVED FOR PROCUREMENT, QUOTATION, FABRICATION, ASSEMBLY, CONNECTION, POWERED TESTING, MOTION, OR ENERGIZATION"
110700,1192470,3,UNMAPPED,"[383303,383291,383293,387220,388009,388177]","[[49.3869528667518,8.005,-15.782239468266404],[49.39862420012375,8.005,-15.575328532764217],[49.587417423875635,8.005,-15.673472555218787],[49.39278853343777,8.005,-15.67878400051531],[49.49302081199969,8.005,-15.624400543991502],[49.48718514531372,8.005,-15.727856011742595]]","[[124],[79],[79],[124],[79],[124]]","[79,124]",[],"PRELIMINARY - CORRECTED EXACT TRIMMED-FACE OWNERSHIP AUDIT ONLY - NOT APPROVED FOR PROCUREMENT, QUOTATION, FABRICATION, ASSEMBLY, CONNECTION, POWERED TESTING, MOTION, OR ENERGIZATION"
110703,1200242,1,UNMAPPED,"[383293,383295,383965,388279,387505,390501]","[[49.587417423875635,8.005,-15.673472555218787],[49.750697725353774,8.005,-15.795635680590072],[49.553715000766495,8.005,-15.888628974779555],[49.669057574614705,8.005,-15.73455411790443],[49.65220636306013,8.005,-15.842132327684814],[49.57056621232107,8.005,-15.781050764999172]]","[[79],[79],[124],[79],[124],[124]]","[79,124]",[],"PRELIMINARY - CORRECTED EXACT TRIMMED-FACE OWNERSHIP AUDIT ONLY - NOT APPROVED FOR PROCUREMENT, QUOTATION, FABRICATION, ASSEMBLY, CONNECTION, POWERED TESTING, MOTION, OR ENERGIZATION"
110704,1192467,2,UNMAPPED,"[383965,383303,383293,386872,388177,390501]","[[49.553715000766495,8.005,-15.888628974779555],[49.3869528667518,8.005,-15.782239468266404],[49.587417423875635,8.005,-15.673472555218787],[49.47033393375914,8.005,-15.83543422152298],[49.48718514531372,8.005,-15.727856011742595],[49.57056621232107,8.005,-15.781050764999172]]","[[124],[124],[79],[124],[124],[124]]","[79,124]",[],"PRELIMINARY - CORRECTED EXACT TRIMMED-FACE OWNERSHIP AUDIT ONLY - NOT APPROVED FOR PROCUREMENT, QUOTATION, FABRICATION, ASSEMBLY, CONNECTION, POWERED TESTING, MOTION, OR ENERGIZATION"
110827,1226704,1,UNMAPPED,"[383385,383384,383383,389219,389220,389218]","[[41.21131322776252,8.005,20.61315379679318],[41.31234287080453,8.005,20.777587537363306],[41.412692882319234,8.005,20.623968981472185],[41.26182804928352,8.005,20.69537066707824],[41.36251787656188,8.005,20.70077825941775],[41.312003055040876,8.005,20.618561389132683]]","[[121],[77],[77],[77],[77],[77]]","[77,121]",[],"PRELIMINARY - CORRECTED EXACT TRIMMED-FACE OWNERSHIP AUDIT ONLY - NOT APPROVED FOR PROCUREMENT, QUOTATION, FABRICATION, ASSEMBLY, CONNECTION, POWERED TESTING, MOTION, OR ENERGIZATION"
110828,1125784,2,UNMAPPED,"[383385,383383,383791,389218,385485,390558]","[[41.21131322776252,8.005,20.61315379679318],[41.412692882319234,8.005,20.623968981472185],[41.325338101978204,8.005,20.467080297501685],[41.312003055040876,8.005,20.618561389132683],[41.36901549214872,8.005,20.54552463948693],[41.26832566487036,8.005,20.540117047147437]]","[[121],[77],[121],[77],[77],[121]]","[77,121]",[],"PRELIMINARY - CORRECTED EXACT TRIMMED-FACE OWNERSHIP AUDIT ONLY - NOT APPROVED FOR PROCUREMENT, QUOTATION, FABRICATION, ASSEMBLY, CONNECTION, POWERED TESTING, MOTION, OR ENERGIZATION"
110829,1213368,2,UNMAPPED,"[383383,383974,383791,385484,385435,385485]","[[41.412692882319234,8.005,20.623968981472185],[41.521912201026,8.005,20.482804745783515],[41.325338101978204,8.005,20.467080297501685],[41.467302541672616,8.005,20.553386863627853],[41.4236251515021,8.005,20.4749425216426],[41.36901549214872,8.005,20.54552463948693]]","[[77],[77],[121],[77],[77],[77]]","[77,121]",[],"PRELIMINARY - CORRECTED EXACT TRIMMED-FACE OWNERSHIP AUDIT ONLY - NOT APPROVED FOR PROCUREMENT, QUOTATION, FABRICATION, ASSEMBLY, CONNECTION, POWERED TESTING, MOTION, OR ENERGIZATION"
110830,1209062,0,UNMAPPED,"[383386,383384,383385,389729,389219,389278]","[[41.114565548708036,8.005,20.774427712544803],[41.31234287080453,8.005,20.777587537363306],[41.21131322776252,8.005,20.61315379679318],[41.21345420975628,8.005,20.77600762495405],[41.26182804928352,8.005,20.69537066707824],[41.16293938823528,8.005,20.693790754668992]]","[[77],[77],[121],[77],[77],[77]]","[77,121]",[],"PRELIMINARY - CORRECTED EXACT TRIMMED-FACE OWNERSHIP AUDIT ONLY - NOT APPROVED FOR PROCUREMENT, QUOTATION, FABRICATION, ASSEMBLY, CONNECTION, POWERED TESTING, MOTION, OR ENERGIZATION"
110833,1127067,2,UNMAPPED,"[383385,383387,383386,388857,389277,389278]","[[41.21131322776252,8.005,20.61315379679318],[41.02299395414207,8.005,20.613341629992934],[41.114565548708036,8.005,20.774427712544803],[41.11715359095229,8.005,20.613247713393054],[41.068779751425055,8.005,20.693884671268865],[41.16293938823528,8.005,20.693790754668992]]","[[121],[121],[77],[121],[121],[77]]","[77,121]",[],"PRELIMINARY - CORRECTED EXACT TRIMMED-FACE OWNERSHIP AUDIT ONLY - NOT APPROVED FOR PROCUREMENT, QUOTATION, FABRICATION, ASSEMBLY, CONNECTION, POWERED TESTING, MOTION, OR ENERGIZATION"
110836,1111767,3,UNMAPPED,"[383388,383386,383387,389767,389277,389332]","[[40.91809214936242,8.005,20.76827836199516],[41.114565548708036,8.005,20.774427712544803],[41.02299395414207,8.005,20.613341629992934],[41.01632884903523,8.005,20.77135303726998],[41.068779751425055,8.005,20.693884671268865],[40.970543051752244,8.005,20.690809995994048]]","[[121],[77],[121],[121],[121],[121]]","[77,121]",[],"PRELIMINARY - CORRECTED EXACT TRIMMED-FACE OWNERSHIP AUDIT ONLY - NOT APPROVED FOR PROCUREMENT, QUOTATION, FABRICATION, ASSEMBLY, CONNECTION, POWERED TESTING, MOTION, OR ENERGIZATION"
110837,1213600,3,UNMAPPED,"[383946,383386,383388,391532,389767,390957]","[[41.01915018072772,8.005,20.909566379296468],[41.114565548708036,8.005,20.774427712544803],[40.91809214936242,8.005,20.76827836199516],[41.066857864717875,8.005,20.84199704592064],[41.01632884903523,8.005,20.77135303726998],[40.96862116504507,8.005,20.838922370645815]]","[[77],[77],[121],[77],[121],[77]]","[77,121]",[],"PRELIMINARY - CORRECTED EXACT TRIMMED-FACE OWNERSHIP AUDIT ONLY - NOT APPROVED FOR PROCUREMENT, QUOTATION, FABRICATION, ASSEMBLY, CONNECTION, POWERED TESTING, MOTION, OR ENERGIZATION"
110844,1116004,2,UNMAPPED,"[383398,383946,383388,390956,390957,390066]","[[40.82891768097602,8.005,20.91399757694015],[41.01915018072772,8.005,20.909566379296468],[40.91809214936242,8.005,20.76827836199516],[40.92403393085187,8.005,20.91178197811831],[40.96862116504507,8.005,20.838922370645815],[40.87350491516922,8.005,20.841137969467656]]","[[121],[77],[121],[77],[77],[121]]","[77,121]",[],"PRELIMINARY - CORRECTED EXACT TRIMMED-FACE OWNERSHIP AUDIT ONLY - NOT APPROVED FOR PROCUREMENT, QUOTATION, FABRICATION, ASSEMBLY, CONNECTION, POWERED TESTING, MOTION, OR ENERGIZATION"
110869,1232524,3,UNMAPPED,"[383398,383834,383917,391329,391196,387419]","[[40.82891768097602,8.005,20.91399757694015],[40.62337663397183,8.005,20.910968441675205],[40.719965493317495,8.005,21.055507547575775],[40.726147157473925,8.005,20.91248300930768],[40.67167106364466,8.005,20.983237994625487],[40.77444158714676,8.005,20.984752562257963]]","[[121],[121],[77],[121],[121],[77]]","[77,121]",[],"PRELIMINARY - CORRECTED EXACT TRIMMED-FACE OWNERSHIP AUDIT ONLY - NOT APPROVED FOR PROCUREMENT, QUOTATION, FABRICATION, ASSEMBLY, CONNECTION, POWERED TESTING, MOTION, OR ENERGIZATION"
110870,1194005,3,UNMAPPED,"[383917,383847,383398,386866,387420,387419]","[[40.719965493317495,8.005,21.055507547575775],[40.91907051493696,8.005,21.055373810733105],[40.82891768097602,8.005,20.91399757694015],[40.819518004127225,8.005,21.05544067915444],[40.87399409795649,8.005,20.984685693836628],[40.77444158714676,8.005,20.984752562257963]]","[[77],[77],[121],[77],[77],[77]]","[77,121]",[],"PRELIMINARY - CORRECTED EXACT TRIMMED-FACE OWNERSHIP AUDIT ONLY - NOT APPROVED FOR PROCUREMENT, QUOTATION, FABRICATION, ASSEMBLY, CONNECTION, POWERED TESTING, MOTION, OR ENERGIZATION"
110871,1116007,3,UNMAPPED,"[383847,383946,383398,391340,390956,387420]","[[40.91907051493696,8.005,21.055373810733105],[41.01915018072772,8.005,20.909566379296468],[40.82891768097602,8.005,20.91399757694015],[40.96911034783234,8.005,20.982470095014786],[40.92403393085187,8.005,20.91178197811831],[40.87399409795649,8.005,20.984685693836628]]","[[77],[77],[121],[77],[77],[77]]","[77,121]",[],"PRELIMINARY - CORRECTED EXACT TRIMMED-FACE OWNERSHIP AUDIT ONLY - NOT APPROVED FOR PROCUREMENT, QUOTATION, FABRICATION, ASSEMBLY, CONNECTION, POWERED TESTING, MOTION, OR ENERGIZATION"
110977,1167249,0,UNMAPPED,"[383484,383485,383483,388760,388291,388768]","[[40.61262045501082,8.005,-18.851095762280327],[40.81288714528229,8.005,-18.85112630832759],[40.713684156390286,8.005,-19.025269830516716],[40.71275380014655,8.005,-18.85111103530396],[40.76328565083629,8.005,-18.938198069422153],[40.66315230570055,8.005,-18.93818279639852]]","[[117],[117],[81],[117],[117],[117]]","[81,117]",[],"PRELIMINARY - CORRECTED EXACT TRIMMED-FACE OWNERSHIP AUDIT ONLY - NOT APPROVED FOR PROCUREMENT, QUOTATION, FABRICATION, ASSEMBLY, CONNECTION, POWERED TESTING, MOTION, OR ENERGIZATION"
110978,1174533,0,UNMAPPED,"[383557,383483,383485,388290,388291,388289]","[[40.91621439944762,8.005,-19.025828392145183],[40.713684156390286,8.005,-19.025269830516716],[40.81288714528229,8.005,-18.85112630832759],[40.81494927791895,8.005,-19.02554911133095],[40.76328565083629,8.005,-18.938198069422153],[40.86455077236495,8.005,-18.938477350236386]]","[[81],[81],[117],[81],[117],[81]]","[81,117]",[],"PRELIMINARY - CORRECTED EXACT TRIMMED-FACE OWNERSHIP AUDIT ONLY - NOT APPROVED FOR PROCUREMENT, QUOTATION, FABRICATION, ASSEMBLY, CONNECTION, POWERED TESTING, MOTION, OR ENERGIZATION"
110983,1226858,0,UNMAPPED,"[383490,383485,383487,388564,388935,389312]","[[41.01101435898506,8.005,-18.848845685853348],[40.81288714528229,8.005,-18.85112630832759],[40.9110461561348,8.005,-18.68343963315749],[40.91195075213367,8.005,-18.84998599709047],[40.861966650708546,8.005,-18.767282970742542],[40.961030257559926,8.005,-18.76614265950542]]","[[81],[117],[117],[117],[117],[117]]","[81,117]",[],"PRELIMINARY - CORRECTED EXACT TRIMMED-FACE OWNERSHIP AUDIT ONLY - NOT APPROVED FOR PROCUREMENT, QUOTATION, FABRICATION, ASSEMBLY, CONNECTION, POWERED TESTING, MOTION, OR ENERGIZATION"
110984,1193057,1,UNMAPPED,"[383490,383557,383485,388131,388289,388564]","[[41.01101435898506,8.005,-18.848845685853348],[40.91621439944762,8.005,-19.025828392145183],[40.81288714528229,8.005,-18.85112630832759],[40.96361437921634,8.005,-18.937337038999264],[40.86455077236495,8.005,-18.938477350236386],[40.91195075213367,8.005,-18.84998599709047]]","[[81],[81],[117],[81],[81],[117]]","[81,117]",[],"PRELIMINARY - CORRECTED EXACT TRIMMED-FACE OWNERSHIP AUDIT ONLY - NOT APPROVED FOR PROCUREMENT, QUOTATION, FABRICATION, ASSEMBLY, CONNECTION, POWERED TESTING, MOTION, OR ENERGIZATION"
110988,1220098,0,UNMAPPED,"[383491,383490,383487,389311,389312,388839]","[[41.10862356939995,8.005,-18.67752166717637],[41.01101435898506,8.005,-18.848845685853348],[40.9110461561348,8.005,-18.68343963315749],[41.0598189641925,8.005,-18.76318367651486],[40.961030257559926,8.005,-18.76614265950542],[41.00983486276738,8.005,-18.68048065016693]]","[[117],[81],[117],[81],[117],[117]]","[81,117]",[],"PRELIMINARY - CORRECTED EXACT TRIMMED-FACE OWNERSHIP AUDIT ONLY - NOT APPROVED FOR PROCUREMENT, QUOTATION, FABRICATION, ASSEMBLY, CONNECTION, POWERED TESTING, MOTION, OR ENERGIZATION"
110997,1117470,2,UNMAPPED,"[383574,383490,383491,388516,389311,390034]","[[41.2129575466474,8.005,-18.850338701799966],[41.01101435898506,8.005,-18.848845685853348],[41.10862356939995,8.005,-18.67752166717637],[41.11198595281623,8.005,-18.849592193826656],[41.0598189641925,8.005,-18.76318367651486],[41.16079055802368,8.005,-18.763930184488167]]","[[81],[81],[117],[81],[81],[81]]","[81,117]",[],"PRELIMINARY - CORRECTED EXACT TRIMMED-FACE OWNERSHIP AUDIT ONLY - NOT APPROVED FOR PROCUREMENT, QUOTATION, FABRICATION, ASSEMBLY, CONNECTION, POWERED TESTING, MOTION, OR ENERGIZATION"
110999,1209325,3,UNMAPPED,"[383493,383494,383491,389449,389742,389016]","[[41.18641876564255,8.005,-18.514776635275457],[41.31078656792816,8.005,-18.68438702549321],[41.10862356939995,8.005,-18.67752166717637],[41.24860266678535,8.005,-18.599581830384334],[41.20970506866406,8.005,-18.68095434633479],[41.14752116752125,8.005,-18.596149151225912]]","[[117],[81],[117],[81],[81],[117]]","[81,117]",[],"PRELIMINARY - CORRECTED EXACT TRIMMED-FACE OWNERSHIP AUDIT ONLY - NOT APPROVED FOR PROCUREMENT, QUOTATION, FABRICATION, ASSEMBLY, CONNECTION, POWERED TESTING, MOTION, OR ENERGIZATION"
111000,1209319,3,UNMAPPED,"[383491,383494,383574,389742,386981,390034]","[[41.10862356939995,8.005,-18.67752166717637],[41.31078656792816,8.005,-18.68438702549321],[41.2129575466474,8.005,-18.850338701799966],[41.20970506866406,8.005,-18.68095434633479],[41.26187205728778,8.005,-18.76736286364659],[41.16079055802368,8.005,-18.763930184488167]]","[[117],[81],[81],[81],[81],[81]]","[81,117]",[],"PRELIMINARY - CORRECTED EXACT TRIMMED-FACE OWNERSHIP AUDIT ONLY - NOT APPROVED FOR PROCUREMENT, QUOTATION, FABRICATION, ASSEMBLY, CONNECTION, POWERED TESTING, MOTION, OR ENERGIZATION"
111002,1209313,1,UNMAPPED,"[383493,383773,383494,384530,389448,389449]","[[41.18641876564255,8.005,-18.514776635275457],[41.38632656244184,8.005,-18.51546742646354],[41.31078656792816,8.005,-18.68438702549321],[41.28637266404219,8.005,-18.5151220308695],[41.348556565185,8.005,-18.599927225978377],[41.24860266678535,8.005,-18.599581830384334]]","[[117],[81],[81],[117],[81],[81]]","[81,117]",[],"PRELIMINARY - CORRECTED EXACT TRIMMED-FACE OWNERSHIP AUDIT ONLY - NOT APPROVED FOR PROCUREMENT, QUOTATION, FABRICATION, ASSEMBLY, CONNECTION, POWERED TESTING, MOTION, OR ENERGIZATION"
111003,1149424,0,UNMAPPED,"[383493,383786,383773,384529,384526,384530]","[[41.18641876564255,8.005,-18.514776635275457],[41.265163415497156,8.005,-18.35628037081509],[41.38632656244184,8.005,-18.51546742646354],[41.22579109056985,8.005,-18.435528503045273],[41.3257449889695,8.005,-18.435873898639315],[41.28637266404219,8.005,-18.5151220308695]]","[[117],[117],[81],[117],[117],[117]]","[81,117]",[],"PRELIMINARY - CORRECTED EXACT TRIMMED-FACE OWNERSHIP AUDIT ONLY - NOT APPROVED FOR PROCUREMENT, QUOTATION, FABRICATION, ASSEMBLY, CONNECTION, POWERED TESTING, MOTION, OR ENERGIZATION"
111039,1133660,3,UNMAPPED,"[383551,384004,383662,390652,390718,390390]","[[49.6617614701305,8.005,-17.067468463650478],[49.68265067126727,8.005,-17.253091343993642],[49.516946501063835,8.005,-17.22014482712608],[49.672206070698884,8.005,-17.16027990382206],[49.59979858616555,8.005,-17.23661808555986],[49.58935398559717,8.005,-17.14380664538828]]","[[124],[80],[80],[124],[80],[124]]","[80,124]",[],"PRELIMINARY - CORRECTED EXACT TRIMMED-FACE OWNERSHIP AUDIT ONLY - NOT APPROVED FOR PROCUREMENT, QUOTATION, FABRICATION, ASSEMBLY, CONNECTION, POWERED TESTING, MOTION, OR ENERGIZATION"
111040,1160965,3,UNMAPPED,"[384130,383551,383662,390389,390390,390388]","[[49.498537108916366,8.005,-16.996685986456388],[49.6617614701305,8.005,-17.067468463650478],[49.516946501063835,8.005,-17.22014482712608],[49.58014928952343,8.005,-17.03207722505343],[49.58935398559717,8.005,-17.14380664538828],[49.507741804990104,8.005,-17.108415406791234]]","[[124],[124],[80],[124],[124],[124]]","[80,124]",[],"PRELIMINARY - CORRECTED EXACT TRIMMED-FACE OWNERSHIP AUDIT ONLY - NOT APPROVED FOR PROCUREMENT, QUOTATION, FABRICATION, ASSEMBLY, CONNECTION, POWERED TESTING, MOTION, OR ENERGIZATION"
111069,1112174,2,UNMAPPED,"[383832,383622,383687,386911,384449,386910]","[[49.867274848433745,8.005,19.136292943953737],[49.81252683884151,8.005,19.34355056070395],[50.01412342994836,8.005,19.273144906319704],[49.83990084363762,8.005,19.239921752328843],[49.91332513439494,8.005,19.308347733511827],[49.940699139191054,8.005,19.20471892513672]]","[[123],[78],[78],[78],[78],[78]]","[78,123]",[],"PRELIMINARY - CORRECTED EXACT TRIMMED-FACE OWNERSHIP AUDIT ONLY - NOT APPROVED FOR PROCUREMENT, QUOTATION, FABRICATION, ASSEMBLY, CONNECTION, POWERED TESTING, MOTION, OR ENERGIZATION"
