ISO-10303-21;
HEADER;
FILE_DESCRIPTION(('Open CASCADE Model'),'2;1');
FILE_NAME('Open CASCADE Shape Model','1980-01-01T00:00:00',('Author'),(
    'Open CASCADE'),'Open CASCADE STEP processor 7.9','Open CASCADE 7.9'
  ,'Unknown');
FILE_SCHEMA(('AUTOMOTIVE_DESIGN { 1 0 10303 214 1 1 1 1 }'));
ENDSEC;
DATA;
#1 = APPLICATION_PROTOCOL_DEFINITION('international standard',
  'automotive_design',2000,#2);
#2 = APPLICATION_CONTEXT(
  'core data for automotive mechanical design processes');
#3 = SHAPE_DEFINITION_REPRESENTATION(#4,#10);
#4 = PRODUCT_DEFINITION_SHAPE('','',#5);
#5 = PRODUCT_DEFINITION('design','',#6,#9);
#6 = PRODUCT_DEFINITION_FORMATION('','',#7);
#7 = PRODUCT('Open CASCADE STEP translator 7.9 7',
  'Open CASCADE STEP translator 7.9 7','',(#8));
#8 = PRODUCT_CONTEXT('',#2,'mechanical');
#9 = PRODUCT_DEFINITION_CONTEXT('part definition',#2,'design');
#10 = ADVANCED_BREP_SHAPE_REPRESENTATION('',(#11,#15),#4429);
#11 = AXIS2_PLACEMENT_3D('',#12,#13,#14);
#12 = CARTESIAN_POINT('',(0.,0.,0.));
#13 = DIRECTION('',(0.,0.,1.));
#14 = DIRECTION('',(1.,0.,-0.));
#15 = MANIFOLD_SOLID_BREP('',#16);
#16 = CLOSED_SHELL('',(#17,#193,#1071,#1125,#1179,#1260,#1846,#1922,
    #1976,#2030,#2084,#2138,#2192,#2246,#2300,#2354,#2436,#2518,#2572,
    #2626,#2674,#2722,#2749,#2776,#2803,#2830,#2857,#2884,#2891,#2918,
    #2945,#2995,#3022,#3072,#3099,#3149,#3199,#3249,#3482,#3509,#3564,
    #3665,#3714,#3746,#3773,#3800,#3979,#4006,#4033,#4060,#4087,#4114,
    #4141,#4168,#4195,#4251,#4278,#4305,#4361,#4388,#4395,#4422));
#17 = ADVANCED_FACE('',(#18),#32,.F.);
#18 = FACE_BOUND('',#19,.F.);
#19 = EDGE_LOOP('',(#20,#55,#83,#111,#139,#167));
#20 = ORIENTED_EDGE('',*,*,#21,.F.);
#21 = EDGE_CURVE('',#22,#24,#26,.T.);
#22 = VERTEX_POINT('',#23);
#23 = CARTESIAN_POINT('',(-49.,9.525,-20.));
#24 = VERTEX_POINT('',#25);
#25 = CARTESIAN_POINT('',(49.,9.525,-20.));
#26 = SURFACE_CURVE('',#27,(#31,#43),.PCURVE_S1.);
#27 = LINE('',#28,#29);
#28 = CARTESIAN_POINT('',(-51.,9.525,-20.));
#29 = VECTOR('',#30,1.);
#30 = DIRECTION('',(1.,0.,0.));
#31 = PCURVE('',#32,#37);
#32 = PLANE('',#33);
#33 = AXIS2_PLACEMENT_3D('',#34,#35,#36);
#34 = CARTESIAN_POINT('',(-51.,9.525,-20.));
#35 = DIRECTION('',(-0.,0.,1.));
#36 = DIRECTION('',(1.,0.,0.));
#37 = DEFINITIONAL_REPRESENTATION('',(#38),#42);
#38 = LINE('',#39,#40);
#39 = CARTESIAN_POINT('',(0.,0.));
#40 = VECTOR('',#41,1.);
#41 = DIRECTION('',(1.,0.));
#42 = ( GEOMETRIC_REPRESENTATION_CONTEXT(2)
PARAMETRIC_REPRESENTATION_CONTEXT() REPRESENTATION_CONTEXT('2D SPACE',''
  ) );
#43 = PCURVE('',#44,#49);
#44 = PLANE('',#45);
#45 = AXIS2_PLACEMENT_3D('',#46,#47,#48);
#46 = CARTESIAN_POINT('',(9.603494377206E-16,9.525,5.260181145444));
#47 = DIRECTION('',(-0.,-1.,-0.));
#48 = DIRECTION('',(0.,0.,-1.));
#49 = DEFINITIONAL_REPRESENTATION('',(#50),#54);
#50 = LINE('',#51,#52);
#51 = CARTESIAN_POINT('',(25.260181145444,-51.));
#52 = VECTOR('',#53,1.);
#53 = DIRECTION('',(0.,1.));
#54 = ( GEOMETRIC_REPRESENTATION_CONTEXT(2)
PARAMETRIC_REPRESENTATION_CONTEXT() REPRESENTATION_CONTEXT('2D SPACE',''
  ) );
#55 = ORIENTED_EDGE('',*,*,#56,.T.);
#56 = EDGE_CURVE('',#22,#57,#59,.T.);
#57 = VERTEX_POINT('',#58);
#58 = CARTESIAN_POINT('',(-49.,0.,-20.));
#59 = SURFACE_CURVE('',#60,(#64,#71),.PCURVE_S1.);
#60 = LINE('',#61,#62);
#61 = CARTESIAN_POINT('',(-49.,9.525,-20.));
#62 = VECTOR('',#63,1.);
#63 = DIRECTION('',(0.,-1.,0.));
#64 = PCURVE('',#32,#65);
#65 = DEFINITIONAL_REPRESENTATION('',(#66),#70);
#66 = LINE('',#67,#68);
#67 = CARTESIAN_POINT('',(2.,0.));
#68 = VECTOR('',#69,1.);
#69 = DIRECTION('',(0.,-1.));
#70 = ( GEOMETRIC_REPRESENTATION_CONTEXT(2)
PARAMETRIC_REPRESENTATION_CONTEXT() REPRESENTATION_CONTEXT('2D SPACE',''
  ) );
#71 = PCURVE('',#72,#77);
#72 = CYLINDRICAL_SURFACE('',#73,2.);
#73 = AXIS2_PLACEMENT_3D('',#74,#75,#76);
#74 = CARTESIAN_POINT('',(-49.,9.525,-18.));
#75 = DIRECTION('',(0.,-1.,0.));
#76 = DIRECTION('',(0.,-0.,-1.));
#77 = DEFINITIONAL_REPRESENTATION('',(#78),#82);
#78 = LINE('',#79,#80);
#79 = CARTESIAN_POINT('',(-0.,0.));
#80 = VECTOR('',#81,1.);
#81 = DIRECTION('',(-0.,1.));
#82 = ( GEOMETRIC_REPRESENTATION_CONTEXT(2)
PARAMETRIC_REPRESENTATION_CONTEXT() REPRESENTATION_CONTEXT('2D SPACE',''
  ) );
#83 = ORIENTED_EDGE('',*,*,#84,.T.);
#84 = EDGE_CURVE('',#57,#85,#87,.T.);
#85 = VERTEX_POINT('',#86);
#86 = CARTESIAN_POINT('',(-34.,0.,-20.));
#87 = SURFACE_CURVE('',#88,(#92,#99),.PCURVE_S1.);
#88 = LINE('',#89,#90);
#89 = CARTESIAN_POINT('',(-51.,0.,-20.));
#90 = VECTOR('',#91,1.);
#91 = DIRECTION('',(1.,0.,0.));
#92 = PCURVE('',#32,#93);
#93 = DEFINITIONAL_REPRESENTATION('',(#94),#98);
#94 = LINE('',#95,#96);
#95 = CARTESIAN_POINT('',(0.,-9.525));
#96 = VECTOR('',#97,1.);
#97 = DIRECTION('',(1.,0.));
#98 = ( GEOMETRIC_REPRESENTATION_CONTEXT(2)
PARAMETRIC_REPRESENTATION_CONTEXT() REPRESENTATION_CONTEXT('2D SPACE',''
  ) );
#99 = PCURVE('',#100,#105);
#100 = PLANE('',#101);
#101 = AXIS2_PLACEMENT_3D('',#102,#103,#104);
#102 = CARTESIAN_POINT('',(-51.,0.,-20.));
#103 = DIRECTION('',(-0.,0.,1.));
#104 = DIRECTION('',(1.,0.,0.));
#105 = DEFINITIONAL_REPRESENTATION('',(#106),#110);
#106 = LINE('',#107,#108);
#107 = CARTESIAN_POINT('',(0.,0.));
#108 = VECTOR('',#109,1.);
#109 = DIRECTION('',(1.,0.));
#110 = ( GEOMETRIC_REPRESENTATION_CONTEXT(2)
PARAMETRIC_REPRESENTATION_CONTEXT() REPRESENTATION_CONTEXT('2D SPACE',''
  ) );
#111 = ORIENTED_EDGE('',*,*,#112,.T.);
#112 = EDGE_CURVE('',#85,#113,#115,.T.);
#113 = VERTEX_POINT('',#114);
#114 = CARTESIAN_POINT('',(34.,0.,-20.));
#115 = SURFACE_CURVE('',#116,(#120,#127),.PCURVE_S1.);
#116 = LINE('',#117,#118);
#117 = CARTESIAN_POINT('',(-51.,0.,-20.));
#118 = VECTOR('',#119,1.);
#119 = DIRECTION('',(1.,0.,0.));
#120 = PCURVE('',#32,#121);
#121 = DEFINITIONAL_REPRESENTATION('',(#122),#126);
#122 = LINE('',#123,#124);
#123 = CARTESIAN_POINT('',(0.,-9.525));
#124 = VECTOR('',#125,1.);
#125 = DIRECTION('',(1.,0.));
#126 = ( GEOMETRIC_REPRESENTATION_CONTEXT(2)
PARAMETRIC_REPRESENTATION_CONTEXT() REPRESENTATION_CONTEXT('2D SPACE',''
  ) );
#127 = PCURVE('',#128,#133);
#128 = PLANE('',#129);
#129 = AXIS2_PLACEMENT_3D('',#130,#131,#132);
#130 = CARTESIAN_POINT('',(9.603494377206E-16,0.,5.260181145444));
#131 = DIRECTION('',(-0.,-1.,-0.));
#132 = DIRECTION('',(0.,0.,-1.));
#133 = DEFINITIONAL_REPRESENTATION('',(#134),#138);
#134 = LINE('',#135,#136);
#135 = CARTESIAN_POINT('',(25.260181145444,-51.));
#136 = VECTOR('',#137,1.);
#137 = DIRECTION('',(0.,1.));
#138 = ( GEOMETRIC_REPRESENTATION_CONTEXT(2)
PARAMETRIC_REPRESENTATION_CONTEXT() REPRESENTATION_CONTEXT('2D SPACE',''
  ) );
#139 = ORIENTED_EDGE('',*,*,#140,.T.);
#140 = EDGE_CURVE('',#113,#141,#143,.T.);
#141 = VERTEX_POINT('',#142);
#142 = CARTESIAN_POINT('',(49.,0.,-20.));
#143 = SURFACE_CURVE('',#144,(#148,#155),.PCURVE_S1.);
#144 = LINE('',#145,#146);
#145 = CARTESIAN_POINT('',(-51.,0.,-20.));
#146 = VECTOR('',#147,1.);
#147 = DIRECTION('',(1.,0.,0.));
#148 = PCURVE('',#32,#149);
#149 = DEFINITIONAL_REPRESENTATION('',(#150),#154);
#150 = LINE('',#151,#152);
#151 = CARTESIAN_POINT('',(0.,-9.525));
#152 = VECTOR('',#153,1.);
#153 = DIRECTION('',(1.,0.));
#154 = ( GEOMETRIC_REPRESENTATION_CONTEXT(2)
PARAMETRIC_REPRESENTATION_CONTEXT() REPRESENTATION_CONTEXT('2D SPACE',''
  ) );
#155 = PCURVE('',#156,#161);
#156 = PLANE('',#157);
#157 = AXIS2_PLACEMENT_3D('',#158,#159,#160);
#158 = CARTESIAN_POINT('',(32.,0.,-20.));
#159 = DIRECTION('',(-0.,0.,1.));
#160 = DIRECTION('',(1.,0.,0.));
#161 = DEFINITIONAL_REPRESENTATION('',(#162),#166);
#162 = LINE('',#163,#164);
#163 = CARTESIAN_POINT('',(-83.,0.));
#164 = VECTOR('',#165,1.);
#165 = DIRECTION('',(1.,0.));
#166 = ( GEOMETRIC_REPRESENTATION_CONTEXT(2)
PARAMETRIC_REPRESENTATION_CONTEXT() REPRESENTATION_CONTEXT('2D SPACE',''
  ) );
#167 = ORIENTED_EDGE('',*,*,#168,.F.);
#168 = EDGE_CURVE('',#24,#141,#169,.T.);
#169 = SURFACE_CURVE('',#170,(#174,#181),.PCURVE_S1.);
#170 = LINE('',#171,#172);
#171 = CARTESIAN_POINT('',(49.,9.525,-20.));
#172 = VECTOR('',#173,1.);
#173 = DIRECTION('',(0.,-1.,0.));
#174 = PCURVE('',#32,#175);
#175 = DEFINITIONAL_REPRESENTATION('',(#176),#180);
#176 = LINE('',#177,#178);
#177 = CARTESIAN_POINT('',(100.,0.));
#178 = VECTOR('',#179,1.);
#179 = DIRECTION('',(0.,-1.));
#180 = ( GEOMETRIC_REPRESENTATION_CONTEXT(2)
PARAMETRIC_REPRESENTATION_CONTEXT() REPRESENTATION_CONTEXT('2D SPACE',''
  ) );
#181 = PCURVE('',#182,#187);
#182 = CYLINDRICAL_SURFACE('',#183,2.);
#183 = AXIS2_PLACEMENT_3D('',#184,#185,#186);
#184 = CARTESIAN_POINT('',(49.,9.525,-18.));
#185 = DIRECTION('',(0.,-1.,0.));
#186 = DIRECTION('',(0.,-0.,-1.));
#187 = DEFINITIONAL_REPRESENTATION('',(#188),#192);
#188 = LINE('',#189,#190);
#189 = CARTESIAN_POINT('',(0.,0.));
#190 = VECTOR('',#191,1.);
#191 = DIRECTION('',(0.,1.));
#192 = ( GEOMETRIC_REPRESENTATION_CONTEXT(2)
PARAMETRIC_REPRESENTATION_CONTEXT() REPRESENTATION_CONTEXT('2D SPACE',''
  ) );
#193 = ADVANCED_FACE('',(#194,#861,#896,#931,#966,#1001,#1036),#44,.F.);
#194 = FACE_BOUND('',#195,.F.);
#195 = EDGE_LOOP('',(#196,#197,#221,#249,#278,#306,#335,#363,#396,#424,
    #457,#485,#514,#542,#571,#599,#632,#660,#693,#721,#750,#778,#807,
    #835));
#196 = ORIENTED_EDGE('',*,*,#21,.T.);
#197 = ORIENTED_EDGE('',*,*,#198,.T.);
#198 = EDGE_CURVE('',#24,#199,#201,.T.);
#199 = VERTEX_POINT('',#200);
#200 = CARTESIAN_POINT('',(51.,9.525,-18.));
#201 = SURFACE_CURVE('',#202,(#207,#214),.PCURVE_S1.);
#202 = CIRCLE('',#203,2.);
#203 = AXIS2_PLACEMENT_3D('',#204,#205,#206);
#204 = CARTESIAN_POINT('',(49.,9.525,-18.));
#205 = DIRECTION('',(0.,-1.,0.));
#206 = DIRECTION('',(0.,-0.,-1.));
#207 = PCURVE('',#44,#208);
#208 = DEFINITIONAL_REPRESENTATION('',(#209),#213);
#209 = CIRCLE('',#210,2.);
#210 = AXIS2_PLACEMENT_2D('',#211,#212);
#211 = CARTESIAN_POINT('',(23.260181145444,49.));
#212 = DIRECTION('',(1.,0.));
#213 = ( GEOMETRIC_REPRESENTATION_CONTEXT(2)
PARAMETRIC_REPRESENTATION_CONTEXT() REPRESENTATION_CONTEXT('2D SPACE',''
  ) );
#214 = PCURVE('',#182,#215);
#215 = DEFINITIONAL_REPRESENTATION('',(#216),#220);
#216 = LINE('',#217,#218);
#217 = CARTESIAN_POINT('',(0.,0.));
#218 = VECTOR('',#219,1.);
#219 = DIRECTION('',(1.,0.));
#220 = ( GEOMETRIC_REPRESENTATION_CONTEXT(2)
PARAMETRIC_REPRESENTATION_CONTEXT() REPRESENTATION_CONTEXT('2D SPACE',''
  ) );
#221 = ORIENTED_EDGE('',*,*,#222,.T.);
#222 = EDGE_CURVE('',#199,#223,#225,.T.);
#223 = VERTEX_POINT('',#224);
#224 = CARTESIAN_POINT('',(51.,9.525,35.380699));
#225 = SURFACE_CURVE('',#226,(#230,#237),.PCURVE_S1.);
#226 = LINE('',#227,#228);
#227 = CARTESIAN_POINT('',(51.,9.525,-20.));
#228 = VECTOR('',#229,1.);
#229 = DIRECTION('',(0.,0.,1.));
#230 = PCURVE('',#44,#231);
#231 = DEFINITIONAL_REPRESENTATION('',(#232),#236);
#232 = LINE('',#233,#234);
#233 = CARTESIAN_POINT('',(25.260181145444,51.));
#234 = VECTOR('',#235,1.);
#235 = DIRECTION('',(-1.,0.));
#236 = ( GEOMETRIC_REPRESENTATION_CONTEXT(2)
PARAMETRIC_REPRESENTATION_CONTEXT() REPRESENTATION_CONTEXT('2D SPACE',''
  ) );
#237 = PCURVE('',#238,#243);
#238 = PLANE('',#239);
#239 = AXIS2_PLACEMENT_3D('',#240,#241,#242);
#240 = CARTESIAN_POINT('',(51.,9.525,-20.));
#241 = DIRECTION('',(-1.,0.,0.));
#242 = DIRECTION('',(0.,0.,1.));
#243 = DEFINITIONAL_REPRESENTATION('',(#244),#248);
#244 = LINE('',#245,#246);
#245 = CARTESIAN_POINT('',(0.,0.));
#246 = VECTOR('',#247,1.);
#247 = DIRECTION('',(1.,0.));
#248 = ( GEOMETRIC_REPRESENTATION_CONTEXT(2)
PARAMETRIC_REPRESENTATION_CONTEXT() REPRESENTATION_CONTEXT('2D SPACE',''
  ) );
#249 = ORIENTED_EDGE('',*,*,#250,.T.);
#250 = EDGE_CURVE('',#223,#251,#253,.T.);
#251 = VERTEX_POINT('',#252);
#252 = CARTESIAN_POINT('',(49.,9.525,37.380699));
#253 = SURFACE_CURVE('',#254,(#259,#266),.PCURVE_S1.);
#254 = CIRCLE('',#255,2.);
#255 = AXIS2_PLACEMENT_3D('',#256,#257,#258);
#256 = CARTESIAN_POINT('',(49.,9.525,35.380699));
#257 = DIRECTION('',(0.,-1.,0.));
#258 = DIRECTION('',(0.,-0.,-1.));
#259 = PCURVE('',#44,#260);
#260 = DEFINITIONAL_REPRESENTATION('',(#261),#265);
#261 = CIRCLE('',#262,2.);
#262 = AXIS2_PLACEMENT_2D('',#263,#264);
#263 = CARTESIAN_POINT('',(-30.12051785455,49.));
#264 = DIRECTION('',(1.,0.));
#265 = ( GEOMETRIC_REPRESENTATION_CONTEXT(2)
PARAMETRIC_REPRESENTATION_CONTEXT() REPRESENTATION_CONTEXT('2D SPACE',''
  ) );
#266 = PCURVE('',#267,#272);
#267 = CYLINDRICAL_SURFACE('',#268,2.);
#268 = AXIS2_PLACEMENT_3D('',#269,#270,#271);
#269 = CARTESIAN_POINT('',(49.,9.525,35.380699));
#270 = DIRECTION('',(0.,-1.,0.));
#271 = DIRECTION('',(1.,0.,-0.));
#272 = DEFINITIONAL_REPRESENTATION('',(#273),#277);
#273 = LINE('',#274,#275);
#274 = CARTESIAN_POINT('',(-1.570796326795,0.));
#275 = VECTOR('',#276,1.);
#276 = DIRECTION('',(1.,0.));
#277 = ( GEOMETRIC_REPRESENTATION_CONTEXT(2)
PARAMETRIC_REPRESENTATION_CONTEXT() REPRESENTATION_CONTEXT('2D SPACE',''
  ) );
#278 = ORIENTED_EDGE('',*,*,#279,.T.);
#279 = EDGE_CURVE('',#251,#280,#282,.T.);
#280 = VERTEX_POINT('',#281);
#281 = CARTESIAN_POINT('',(37.,9.525,37.380699));
#282 = SURFACE_CURVE('',#283,(#287,#294),.PCURVE_S1.);
#283 = LINE('',#284,#285);
#284 = CARTESIAN_POINT('',(51.,9.525,37.380699));
#285 = VECTOR('',#286,1.);
#286 = DIRECTION('',(-1.,0.,0.));
#287 = PCURVE('',#44,#288);
#288 = DEFINITIONAL_REPRESENTATION('',(#289),#293);
#289 = LINE('',#290,#291);
#290 = CARTESIAN_POINT('',(-32.12051785455,51.));
#291 = VECTOR('',#292,1.);
#292 = DIRECTION('',(0.,-1.));
#293 = ( GEOMETRIC_REPRESENTATION_CONTEXT(2)
PARAMETRIC_REPRESENTATION_CONTEXT() REPRESENTATION_CONTEXT('2D SPACE',''
  ) );
#294 = PCURVE('',#295,#300);
#295 = PLANE('',#296);
#296 = AXIS2_PLACEMENT_3D('',#297,#298,#299);
#297 = CARTESIAN_POINT('',(51.,9.525,37.380699));
#298 = DIRECTION('',(-0.,-0.,-1.));
#299 = DIRECTION('',(-1.,0.,0.));
#300 = DEFINITIONAL_REPRESENTATION('',(#301),#305);
#301 = LINE('',#302,#303);
#302 = CARTESIAN_POINT('',(0.,0.));
#303 = VECTOR('',#304,1.);
#304 = DIRECTION('',(1.,0.));
#305 = ( GEOMETRIC_REPRESENTATION_CONTEXT(2)
PARAMETRIC_REPRESENTATION_CONTEXT() REPRESENTATION_CONTEXT('2D SPACE',''
  ) );
#306 = ORIENTED_EDGE('',*,*,#307,.T.);
#307 = EDGE_CURVE('',#280,#308,#310,.T.);
#308 = VERTEX_POINT('',#309);
#309 = CARTESIAN_POINT('',(35.,9.525,35.380699));
#310 = SURFACE_CURVE('',#311,(#316,#323),.PCURVE_S1.);
#311 = CIRCLE('',#312,2.);
#312 = AXIS2_PLACEMENT_3D('',#313,#314,#315);
#313 = CARTESIAN_POINT('',(37.,9.525,35.380699));
#314 = DIRECTION('',(0.,-1.,0.));
#315 = DIRECTION('',(0.,-0.,-1.));
#316 = PCURVE('',#44,#317);
#317 = DEFINITIONAL_REPRESENTATION('',(#318),#322);
#318 = CIRCLE('',#319,2.);
#319 = AXIS2_PLACEMENT_2D('',#320,#321);
#320 = CARTESIAN_POINT('',(-30.12051785455,37.));
#321 = DIRECTION('',(1.,0.));
#322 = ( GEOMETRIC_REPRESENTATION_CONTEXT(2)
PARAMETRIC_REPRESENTATION_CONTEXT() REPRESENTATION_CONTEXT('2D SPACE',''
  ) );
#323 = PCURVE('',#324,#329);
#324 = CYLINDRICAL_SURFACE('',#325,2.);
#325 = AXIS2_PLACEMENT_3D('',#326,#327,#328);
#326 = CARTESIAN_POINT('',(37.,9.525,35.380699));
#327 = DIRECTION('',(0.,-1.,0.));
#328 = DIRECTION('',(-0.,0.,1.));
#329 = DEFINITIONAL_REPRESENTATION('',(#330),#334);
#330 = LINE('',#331,#332);
#331 = CARTESIAN_POINT('',(-3.14159265359,0.));
#332 = VECTOR('',#333,1.);
#333 = DIRECTION('',(1.,0.));
#334 = ( GEOMETRIC_REPRESENTATION_CONTEXT(2)
PARAMETRIC_REPRESENTATION_CONTEXT() REPRESENTATION_CONTEXT('2D SPACE',''
  ) );
#335 = ORIENTED_EDGE('',*,*,#336,.T.);
#336 = EDGE_CURVE('',#308,#337,#339,.T.);
#337 = VERTEX_POINT('',#338);
#338 = CARTESIAN_POINT('',(35.,9.525,-8.));
#339 = SURFACE_CURVE('',#340,(#344,#351),.PCURVE_S1.);
#340 = LINE('',#341,#342);
#341 = CARTESIAN_POINT('',(35.,9.525,37.380699));
#342 = VECTOR('',#343,1.);
#343 = DIRECTION('',(0.,0.,-1.));
#344 = PCURVE('',#44,#345);
#345 = DEFINITIONAL_REPRESENTATION('',(#346),#350);
#346 = LINE('',#347,#348);
#347 = CARTESIAN_POINT('',(-32.12051785455,35.));
#348 = VECTOR('',#349,1.);
#349 = DIRECTION('',(1.,0.));
#350 = ( GEOMETRIC_REPRESENTATION_CONTEXT(2)
PARAMETRIC_REPRESENTATION_CONTEXT() REPRESENTATION_CONTEXT('2D SPACE',''
  ) );
#351 = PCURVE('',#352,#357);
#352 = PLANE('',#353);
#353 = AXIS2_PLACEMENT_3D('',#354,#355,#356);
#354 = CARTESIAN_POINT('',(35.,9.525,37.380699));
#355 = DIRECTION('',(1.,0.,0.));
#356 = DIRECTION('',(0.,0.,-1.));
#357 = DEFINITIONAL_REPRESENTATION('',(#358),#362);
#358 = LINE('',#359,#360);
#359 = CARTESIAN_POINT('',(0.,0.));
#360 = VECTOR('',#361,1.);
#361 = DIRECTION('',(1.,0.));
#362 = ( GEOMETRIC_REPRESENTATION_CONTEXT(2)
PARAMETRIC_REPRESENTATION_CONTEXT() REPRESENTATION_CONTEXT('2D SPACE',''
  ) );
#363 = ORIENTED_EDGE('',*,*,#364,.T.);
#364 = EDGE_CURVE('',#337,#365,#367,.T.);
#365 = VERTEX_POINT('',#366);
#366 = CARTESIAN_POINT('',(33.,9.525,-10.));
#367 = SURFACE_CURVE('',#368,(#373,#384),.PCURVE_S1.);
#368 = CIRCLE('',#369,2.);
#369 = AXIS2_PLACEMENT_3D('',#370,#371,#372);
#370 = CARTESIAN_POINT('',(33.,9.525,-8.));
#371 = DIRECTION('',(-0.,1.,0.));
#372 = DIRECTION('',(0.,0.,-1.));
#373 = PCURVE('',#44,#374);
#374 = DEFINITIONAL_REPRESENTATION('',(#375),#383);
#375 = ( BOUNDED_CURVE() B_SPLINE_CURVE(2,(#376,#377,#378,#379,#380,#381
,#382),.UNSPECIFIED.,.T.,.F.) B_SPLINE_CURVE_WITH_KNOTS((1,2,2,2,2,1),(
    -2.094395102393,0.,2.094395102393,4.188790204786,6.28318530718,
8.377580409573),.UNSPECIFIED.) CURVE() GEOMETRIC_REPRESENTATION_ITEM()
RATIONAL_B_SPLINE_CURVE((1.,0.5,1.,0.5,1.,0.5,1.)) REPRESENTATION_ITEM(
  '') );
#376 = CARTESIAN_POINT('',(15.260181145444,33.));
#377 = CARTESIAN_POINT('',(15.260181145444,29.535898384862));
#378 = CARTESIAN_POINT('',(12.260181145444,31.267949192431));
#379 = CARTESIAN_POINT('',(9.260181145444,33.));
#380 = CARTESIAN_POINT('',(12.260181145444,34.732050807569));
#381 = CARTESIAN_POINT('',(15.260181145444,36.464101615138));
#382 = CARTESIAN_POINT('',(15.260181145444,33.));
#383 = ( GEOMETRIC_REPRESENTATION_CONTEXT(2)
PARAMETRIC_REPRESENTATION_CONTEXT() REPRESENTATION_CONTEXT('2D SPACE',''
  ) );
#384 = PCURVE('',#385,#390);
#385 = CYLINDRICAL_SURFACE('',#386,2.);
#386 = AXIS2_PLACEMENT_3D('',#387,#388,#389);
#387 = CARTESIAN_POINT('',(33.,9.525,-8.));
#388 = DIRECTION('',(0.,-1.,0.));
#389 = DIRECTION('',(1.,0.,0.));
#390 = DEFINITIONAL_REPRESENTATION('',(#391),#395);
#391 = LINE('',#392,#393);
#392 = CARTESIAN_POINT('',(4.712388980385,-0.));
#393 = VECTOR('',#394,1.);
#394 = DIRECTION('',(-1.,0.));
#395 = ( GEOMETRIC_REPRESENTATION_CONTEXT(2)
PARAMETRIC_REPRESENTATION_CONTEXT() REPRESENTATION_CONTEXT('2D SPACE',''
  ) );
#396 = ORIENTED_EDGE('',*,*,#397,.T.);
#397 = EDGE_CURVE('',#365,#398,#400,.T.);
#398 = VERTEX_POINT('',#399);
#399 = CARTESIAN_POINT('',(26.,9.525,-10.));
#400 = SURFACE_CURVE('',#401,(#405,#412),.PCURVE_S1.);
#401 = LINE('',#402,#403);
#402 = CARTESIAN_POINT('',(35.,9.525,-10.));
#403 = VECTOR('',#404,1.);
#404 = DIRECTION('',(-1.,0.,0.));
#405 = PCURVE('',#44,#406);
#406 = DEFINITIONAL_REPRESENTATION('',(#407),#411);
#407 = LINE('',#408,#409);
#408 = CARTESIAN_POINT('',(15.260181145444,35.));
#409 = VECTOR('',#410,1.);
#410 = DIRECTION('',(0.,-1.));
#411 = ( GEOMETRIC_REPRESENTATION_CONTEXT(2)
PARAMETRIC_REPRESENTATION_CONTEXT() REPRESENTATION_CONTEXT('2D SPACE',''
  ) );
#412 = PCURVE('',#413,#418);
#413 = PLANE('',#414);
#414 = AXIS2_PLACEMENT_3D('',#415,#416,#417);
#415 = CARTESIAN_POINT('',(35.,9.525,-10.));
#416 = DIRECTION('',(-0.,-0.,-1.));
#417 = DIRECTION('',(-1.,0.,0.));
#418 = DEFINITIONAL_REPRESENTATION('',(#419),#423);
#419 = LINE('',#420,#421);
#420 = CARTESIAN_POINT('',(0.,0.));
#421 = VECTOR('',#422,1.);
#422 = DIRECTION('',(1.,0.));
#423 = ( GEOMETRIC_REPRESENTATION_CONTEXT(2)
PARAMETRIC_REPRESENTATION_CONTEXT() REPRESENTATION_CONTEXT('2D SPACE',''
  ) );
#424 = ORIENTED_EDGE('',*,*,#425,.T.);
#425 = EDGE_CURVE('',#398,#426,#428,.T.);
#426 = VERTEX_POINT('',#427);
#427 = CARTESIAN_POINT('',(24.,9.525,-8.));
#428 = SURFACE_CURVE('',#429,(#434,#445),.PCURVE_S1.);
#429 = CIRCLE('',#430,2.);
#430 = AXIS2_PLACEMENT_3D('',#431,#432,#433);
#431 = CARTESIAN_POINT('',(26.,9.525,-8.));
#432 = DIRECTION('',(-0.,1.,0.));
#433 = DIRECTION('',(0.,0.,-1.));
#434 = PCURVE('',#44,#435);
#435 = DEFINITIONAL_REPRESENTATION('',(#436),#444);
#436 = ( BOUNDED_CURVE() B_SPLINE_CURVE(2,(#437,#438,#439,#440,#441,#442
,#443),.UNSPECIFIED.,.T.,.F.) B_SPLINE_CURVE_WITH_KNOTS((1,2,2,2,2,1),(
    -2.094395102393,0.,2.094395102393,4.188790204786,6.28318530718,
8.377580409573),.UNSPECIFIED.) CURVE() GEOMETRIC_REPRESENTATION_ITEM()
RATIONAL_B_SPLINE_CURVE((1.,0.5,1.,0.5,1.,0.5,1.)) REPRESENTATION_ITEM(
  '') );
#437 = CARTESIAN_POINT('',(15.260181145444,26.));
#438 = CARTESIAN_POINT('',(15.260181145444,22.535898384862));
#439 = CARTESIAN_POINT('',(12.260181145444,24.267949192431));
#440 = CARTESIAN_POINT('',(9.260181145444,26.));
#441 = CARTESIAN_POINT('',(12.260181145444,27.732050807569));
#442 = CARTESIAN_POINT('',(15.260181145444,29.464101615138));
#443 = CARTESIAN_POINT('',(15.260181145444,26.));
#444 = ( GEOMETRIC_REPRESENTATION_CONTEXT(2)
PARAMETRIC_REPRESENTATION_CONTEXT() REPRESENTATION_CONTEXT('2D SPACE',''
  ) );
#445 = PCURVE('',#446,#451);
#446 = CYLINDRICAL_SURFACE('',#447,2.);
#447 = AXIS2_PLACEMENT_3D('',#448,#449,#450);
#448 = CARTESIAN_POINT('',(26.,9.525,-8.));
#449 = DIRECTION('',(0.,-1.,0.));
#450 = DIRECTION('',(-0.,-0.,-1.));
#451 = DEFINITIONAL_REPRESENTATION('',(#452),#456);
#452 = LINE('',#453,#454);
#453 = CARTESIAN_POINT('',(-0.,0.));
#454 = VECTOR('',#455,1.);
#455 = DIRECTION('',(-1.,0.));
#456 = ( GEOMETRIC_REPRESENTATION_CONTEXT(2)
PARAMETRIC_REPRESENTATION_CONTEXT() REPRESENTATION_CONTEXT('2D SPACE',''
  ) );
#457 = ORIENTED_EDGE('',*,*,#458,.T.);
#458 = EDGE_CURVE('',#426,#459,#461,.T.);
#459 = VERTEX_POINT('',#460);
#460 = CARTESIAN_POINT('',(24.,9.525,18.));
#461 = SURFACE_CURVE('',#462,(#466,#473),.PCURVE_S1.);
#462 = LINE('',#463,#464);
#463 = CARTESIAN_POINT('',(24.,9.525,-10.));
#464 = VECTOR('',#465,1.);
#465 = DIRECTION('',(0.,0.,1.));
#466 = PCURVE('',#44,#467);
#467 = DEFINITIONAL_REPRESENTATION('',(#468),#472);
#468 = LINE('',#469,#470);
#469 = CARTESIAN_POINT('',(15.260181145444,24.));
#470 = VECTOR('',#471,1.);
#471 = DIRECTION('',(-1.,0.));
#472 = ( GEOMETRIC_REPRESENTATION_CONTEXT(2)
PARAMETRIC_REPRESENTATION_CONTEXT() REPRESENTATION_CONTEXT('2D SPACE',''
  ) );
#473 = PCURVE('',#474,#479);
#474 = PLANE('',#475);
#475 = AXIS2_PLACEMENT_3D('',#476,#477,#478);
#476 = CARTESIAN_POINT('',(24.,9.525,-10.));
#477 = DIRECTION('',(-1.,0.,0.));
#478 = DIRECTION('',(0.,0.,1.));
#479 = DEFINITIONAL_REPRESENTATION('',(#480),#484);
#480 = LINE('',#481,#482);
#481 = CARTESIAN_POINT('',(0.,0.));
#482 = VECTOR('',#483,1.);
#483 = DIRECTION('',(1.,0.));
#484 = ( GEOMETRIC_REPRESENTATION_CONTEXT(2)
PARAMETRIC_REPRESENTATION_CONTEXT() REPRESENTATION_CONTEXT('2D SPACE',''
  ) );
#485 = ORIENTED_EDGE('',*,*,#486,.T.);
#486 = EDGE_CURVE('',#459,#487,#489,.T.);
#487 = VERTEX_POINT('',#488);
#488 = CARTESIAN_POINT('',(22.,9.525,20.));
#489 = SURFACE_CURVE('',#490,(#495,#502),.PCURVE_S1.);
#490 = CIRCLE('',#491,2.);
#491 = AXIS2_PLACEMENT_3D('',#492,#493,#494);
#492 = CARTESIAN_POINT('',(22.,9.525,18.));
#493 = DIRECTION('',(0.,-1.,0.));
#494 = DIRECTION('',(0.,-0.,-1.));
#495 = PCURVE('',#44,#496);
#496 = DEFINITIONAL_REPRESENTATION('',(#497),#501);
#497 = CIRCLE('',#498,2.);
#498 = AXIS2_PLACEMENT_2D('',#499,#500);
#499 = CARTESIAN_POINT('',(-12.73981885455,22.));
#500 = DIRECTION('',(1.,0.));
#501 = ( GEOMETRIC_REPRESENTATION_CONTEXT(2)
PARAMETRIC_REPRESENTATION_CONTEXT() REPRESENTATION_CONTEXT('2D SPACE',''
  ) );
#502 = PCURVE('',#503,#508);
#503 = CYLINDRICAL_SURFACE('',#504,2.);
#504 = AXIS2_PLACEMENT_3D('',#505,#506,#507);
#505 = CARTESIAN_POINT('',(22.,9.525,18.));
#506 = DIRECTION('',(0.,-1.,0.));
#507 = DIRECTION('',(1.,0.,-0.));
#508 = DEFINITIONAL_REPRESENTATION('',(#509),#513);
#509 = LINE('',#510,#511);
#510 = CARTESIAN_POINT('',(-1.570796326795,0.));
#511 = VECTOR('',#512,1.);
#512 = DIRECTION('',(1.,0.));
#513 = ( GEOMETRIC_REPRESENTATION_CONTEXT(2)
PARAMETRIC_REPRESENTATION_CONTEXT() REPRESENTATION_CONTEXT('2D SPACE',''
  ) );
#514 = ORIENTED_EDGE('',*,*,#515,.T.);
#515 = EDGE_CURVE('',#487,#516,#518,.T.);
#516 = VERTEX_POINT('',#517);
#517 = CARTESIAN_POINT('',(-22.,9.525,20.));
#518 = SURFACE_CURVE('',#519,(#523,#530),.PCURVE_S1.);
#519 = LINE('',#520,#521);
#520 = CARTESIAN_POINT('',(24.,9.525,20.));
#521 = VECTOR('',#522,1.);
#522 = DIRECTION('',(-1.,0.,0.));
#523 = PCURVE('',#44,#524);
#524 = DEFINITIONAL_REPRESENTATION('',(#525),#529);
#525 = LINE('',#526,#527);
#526 = CARTESIAN_POINT('',(-14.73981885455,24.));
#527 = VECTOR('',#528,1.);
#528 = DIRECTION('',(0.,-1.));
#529 = ( GEOMETRIC_REPRESENTATION_CONTEXT(2)
PARAMETRIC_REPRESENTATION_CONTEXT() REPRESENTATION_CONTEXT('2D SPACE',''
  ) );
#530 = PCURVE('',#531,#536);
#531 = PLANE('',#532);
#532 = AXIS2_PLACEMENT_3D('',#533,#534,#535);
#533 = CARTESIAN_POINT('',(24.,9.525,20.));
#534 = DIRECTION('',(-0.,-0.,-1.));
#535 = DIRECTION('',(-1.,0.,0.));
#536 = DEFINITIONAL_REPRESENTATION('',(#537),#541);
#537 = LINE('',#538,#539);
#538 = CARTESIAN_POINT('',(0.,0.));
#539 = VECTOR('',#540,1.);
#540 = DIRECTION('',(1.,0.));
#541 = ( GEOMETRIC_REPRESENTATION_CONTEXT(2)
PARAMETRIC_REPRESENTATION_CONTEXT() REPRESENTATION_CONTEXT('2D SPACE',''
  ) );
#542 = ORIENTED_EDGE('',*,*,#543,.T.);
#543 = EDGE_CURVE('',#516,#544,#546,.T.);
#544 = VERTEX_POINT('',#545);
#545 = CARTESIAN_POINT('',(-24.,9.525,18.));
#546 = SURFACE_CURVE('',#547,(#552,#559),.PCURVE_S1.);
#547 = CIRCLE('',#548,2.);
#548 = AXIS2_PLACEMENT_3D('',#549,#550,#551);
#549 = CARTESIAN_POINT('',(-22.,9.525,18.));
#550 = DIRECTION('',(0.,-1.,0.));
#551 = DIRECTION('',(0.,-0.,-1.));
#552 = PCURVE('',#44,#553);
#553 = DEFINITIONAL_REPRESENTATION('',(#554),#558);
#554 = CIRCLE('',#555,2.);
#555 = AXIS2_PLACEMENT_2D('',#556,#557);
#556 = CARTESIAN_POINT('',(-12.73981885455,-22.));
#557 = DIRECTION('',(1.,0.));
#558 = ( GEOMETRIC_REPRESENTATION_CONTEXT(2)
PARAMETRIC_REPRESENTATION_CONTEXT() REPRESENTATION_CONTEXT('2D SPACE',''
  ) );
#559 = PCURVE('',#560,#565);
#560 = CYLINDRICAL_SURFACE('',#561,2.);
#561 = AXIS2_PLACEMENT_3D('',#562,#563,#564);
#562 = CARTESIAN_POINT('',(-22.,9.525,18.));
#563 = DIRECTION('',(0.,-1.,0.));
#564 = DIRECTION('',(-0.,0.,1.));
#565 = DEFINITIONAL_REPRESENTATION('',(#566),#570);
#566 = LINE('',#567,#568);
#567 = CARTESIAN_POINT('',(-3.14159265359,0.));
#568 = VECTOR('',#569,1.);
#569 = DIRECTION('',(1.,0.));
#570 = ( GEOMETRIC_REPRESENTATION_CONTEXT(2)
PARAMETRIC_REPRESENTATION_CONTEXT() REPRESENTATION_CONTEXT('2D SPACE',''
  ) );
#571 = ORIENTED_EDGE('',*,*,#572,.T.);
#572 = EDGE_CURVE('',#544,#573,#575,.T.);
#573 = VERTEX_POINT('',#574);
#574 = CARTESIAN_POINT('',(-24.,9.525,-8.));
#575 = SURFACE_CURVE('',#576,(#580,#587),.PCURVE_S1.);
#576 = LINE('',#577,#578);
#577 = CARTESIAN_POINT('',(-24.,9.525,20.));
#578 = VECTOR('',#579,1.);
#579 = DIRECTION('',(0.,0.,-1.));
#580 = PCURVE('',#44,#581);
#581 = DEFINITIONAL_REPRESENTATION('',(#582),#586);
#582 = LINE('',#583,#584);
#583 = CARTESIAN_POINT('',(-14.73981885455,-24.));
#584 = VECTOR('',#585,1.);
#585 = DIRECTION('',(1.,0.));
#586 = ( GEOMETRIC_REPRESENTATION_CONTEXT(2)
PARAMETRIC_REPRESENTATION_CONTEXT() REPRESENTATION_CONTEXT('2D SPACE',''
  ) );
#587 = PCURVE('',#588,#593);
#588 = PLANE('',#589);
#589 = AXIS2_PLACEMENT_3D('',#590,#591,#592);
#590 = CARTESIAN_POINT('',(-24.,9.525,20.));
#591 = DIRECTION('',(1.,0.,0.));
#592 = DIRECTION('',(0.,0.,-1.));
#593 = DEFINITIONAL_REPRESENTATION('',(#594),#598);
#594 = LINE('',#595,#596);
#595 = CARTESIAN_POINT('',(0.,0.));
#596 = VECTOR('',#597,1.);
#597 = DIRECTION('',(1.,0.));
#598 = ( GEOMETRIC_REPRESENTATION_CONTEXT(2)
PARAMETRIC_REPRESENTATION_CONTEXT() REPRESENTATION_CONTEXT('2D SPACE',''
  ) );
#599 = ORIENTED_EDGE('',*,*,#600,.T.);
#600 = EDGE_CURVE('',#573,#601,#603,.T.);
#601 = VERTEX_POINT('',#602);
#602 = CARTESIAN_POINT('',(-26.,9.525,-10.));
#603 = SURFACE_CURVE('',#604,(#609,#620),.PCURVE_S1.);
#604 = CIRCLE('',#605,2.);
#605 = AXIS2_PLACEMENT_3D('',#606,#607,#608);
#606 = CARTESIAN_POINT('',(-26.,9.525,-8.));
#607 = DIRECTION('',(-0.,1.,0.));
#608 = DIRECTION('',(0.,0.,-1.));
#609 = PCURVE('',#44,#610);
#610 = DEFINITIONAL_REPRESENTATION('',(#611),#619);
#611 = ( BOUNDED_CURVE() B_SPLINE_CURVE(2,(#612,#613,#614,#615,#616,#617
,#618),.UNSPECIFIED.,.T.,.F.) B_SPLINE_CURVE_WITH_KNOTS((1,2,2,2,2,1),(
    -2.094395102393,0.,2.094395102393,4.188790204786,6.28318530718,
8.377580409573),.UNSPECIFIED.) CURVE() GEOMETRIC_REPRESENTATION_ITEM()
RATIONAL_B_SPLINE_CURVE((1.,0.5,1.,0.5,1.,0.5,1.)) REPRESENTATION_ITEM(
  '') );
#612 = CARTESIAN_POINT('',(15.260181145444,-26.));
#613 = CARTESIAN_POINT('',(15.260181145444,-29.46410161513));
#614 = CARTESIAN_POINT('',(12.260181145444,-27.73205080756));
#615 = CARTESIAN_POINT('',(9.260181145444,-26.));
#616 = CARTESIAN_POINT('',(12.260181145444,-24.26794919243));
#617 = CARTESIAN_POINT('',(15.260181145444,-22.53589838486));
#618 = CARTESIAN_POINT('',(15.260181145444,-26.));
#619 = ( GEOMETRIC_REPRESENTATION_CONTEXT(2)
PARAMETRIC_REPRESENTATION_CONTEXT() REPRESENTATION_CONTEXT('2D SPACE',''
  ) );
#620 = PCURVE('',#621,#626);
#621 = CYLINDRICAL_SURFACE('',#622,2.);
#622 = AXIS2_PLACEMENT_3D('',#623,#624,#625);
#623 = CARTESIAN_POINT('',(-26.,9.525,-8.));
#624 = DIRECTION('',(0.,-1.,0.));
#625 = DIRECTION('',(1.,0.,0.));
#626 = DEFINITIONAL_REPRESENTATION('',(#627),#631);
#627 = LINE('',#628,#629);
#628 = CARTESIAN_POINT('',(4.712388980385,-0.));
#629 = VECTOR('',#630,1.);
#630 = DIRECTION('',(-1.,0.));
#631 = ( GEOMETRIC_REPRESENTATION_CONTEXT(2)
PARAMETRIC_REPRESENTATION_CONTEXT() REPRESENTATION_CONTEXT('2D SPACE',''
  ) );
#632 = ORIENTED_EDGE('',*,*,#633,.T.);
#633 = EDGE_CURVE('',#601,#634,#636,.T.);
#634 = VERTEX_POINT('',#635);
#635 = CARTESIAN_POINT('',(-33.,9.525,-10.));
#636 = SURFACE_CURVE('',#637,(#641,#648),.PCURVE_S1.);
#637 = LINE('',#638,#639);
#638 = CARTESIAN_POINT('',(-24.,9.525,-10.));
#639 = VECTOR('',#640,1.);
#640 = DIRECTION('',(-1.,0.,0.));
#641 = PCURVE('',#44,#642);
#642 = DEFINITIONAL_REPRESENTATION('',(#643),#647);
#643 = LINE('',#644,#645);
#644 = CARTESIAN_POINT('',(15.260181145444,-24.));
#645 = VECTOR('',#646,1.);
#646 = DIRECTION('',(0.,-1.));
#647 = ( GEOMETRIC_REPRESENTATION_CONTEXT(2)
PARAMETRIC_REPRESENTATION_CONTEXT() REPRESENTATION_CONTEXT('2D SPACE',''
  ) );
#648 = PCURVE('',#649,#654);
#649 = PLANE('',#650);
#650 = AXIS2_PLACEMENT_3D('',#651,#652,#653);
#651 = CARTESIAN_POINT('',(-24.,9.525,-10.));
#652 = DIRECTION('',(-0.,-0.,-1.));
#653 = DIRECTION('',(-1.,0.,0.));
#654 = DEFINITIONAL_REPRESENTATION('',(#655),#659);
#655 = LINE('',#656,#657);
#656 = CARTESIAN_POINT('',(0.,0.));
#657 = VECTOR('',#658,1.);
#658 = DIRECTION('',(1.,0.));
#659 = ( GEOMETRIC_REPRESENTATION_CONTEXT(2)
PARAMETRIC_REPRESENTATION_CONTEXT() REPRESENTATION_CONTEXT('2D SPACE',''
  ) );
#660 = ORIENTED_EDGE('',*,*,#661,.T.);
#661 = EDGE_CURVE('',#634,#662,#664,.T.);
#662 = VERTEX_POINT('',#663);
#663 = CARTESIAN_POINT('',(-35.,9.525,-8.));
#664 = SURFACE_CURVE('',#665,(#670,#681),.PCURVE_S1.);
#665 = CIRCLE('',#666,2.);
#666 = AXIS2_PLACEMENT_3D('',#667,#668,#669);
#667 = CARTESIAN_POINT('',(-33.,9.525,-8.));
#668 = DIRECTION('',(-0.,1.,0.));
#669 = DIRECTION('',(0.,0.,-1.));
#670 = PCURVE('',#44,#671);
#671 = DEFINITIONAL_REPRESENTATION('',(#672),#680);
#672 = ( BOUNDED_CURVE() B_SPLINE_CURVE(2,(#673,#674,#675,#676,#677,#678
,#679),.UNSPECIFIED.,.T.,.F.) B_SPLINE_CURVE_WITH_KNOTS((1,2,2,2,2,1),(
    -2.094395102393,0.,2.094395102393,4.188790204786,6.28318530718,
8.377580409573),.UNSPECIFIED.) CURVE() GEOMETRIC_REPRESENTATION_ITEM()
RATIONAL_B_SPLINE_CURVE((1.,0.5,1.,0.5,1.,0.5,1.)) REPRESENTATION_ITEM(
  '') );
#673 = CARTESIAN_POINT('',(15.260181145444,-33.));
#674 = CARTESIAN_POINT('',(15.260181145444,-36.46410161513));
#675 = CARTESIAN_POINT('',(12.260181145444,-34.73205080756));
#676 = CARTESIAN_POINT('',(9.260181145444,-33.));
#677 = CARTESIAN_POINT('',(12.260181145444,-31.26794919243));
#678 = CARTESIAN_POINT('',(15.260181145444,-29.53589838486));
#679 = CARTESIAN_POINT('',(15.260181145444,-33.));
#680 = ( GEOMETRIC_REPRESENTATION_CONTEXT(2)
PARAMETRIC_REPRESENTATION_CONTEXT() REPRESENTATION_CONTEXT('2D SPACE',''
  ) );
#681 = PCURVE('',#682,#687);
#682 = CYLINDRICAL_SURFACE('',#683,2.);
#683 = AXIS2_PLACEMENT_3D('',#684,#685,#686);
#684 = CARTESIAN_POINT('',(-33.,9.525,-8.));
#685 = DIRECTION('',(0.,-1.,0.));
#686 = DIRECTION('',(-0.,-0.,-1.));
#687 = DEFINITIONAL_REPRESENTATION('',(#688),#692);
#688 = LINE('',#689,#690);
#689 = CARTESIAN_POINT('',(-0.,0.));
#690 = VECTOR('',#691,1.);
#691 = DIRECTION('',(-1.,0.));
#692 = ( GEOMETRIC_REPRESENTATION_CONTEXT(2)
PARAMETRIC_REPRESENTATION_CONTEXT() REPRESENTATION_CONTEXT('2D SPACE',''
  ) );
#693 = ORIENTED_EDGE('',*,*,#694,.T.);
#694 = EDGE_CURVE('',#662,#695,#697,.T.);
#695 = VERTEX_POINT('',#696);
#696 = CARTESIAN_POINT('',(-35.,9.525,35.380699));
#697 = SURFACE_CURVE('',#698,(#702,#709),.PCURVE_S1.);
#698 = LINE('',#699,#700);
#699 = CARTESIAN_POINT('',(-35.,9.525,-10.));
#700 = VECTOR('',#701,1.);
#701 = DIRECTION('',(0.,0.,1.));
#702 = PCURVE('',#44,#703);
#703 = DEFINITIONAL_REPRESENTATION('',(#704),#708);
#704 = LINE('',#705,#706);
#705 = CARTESIAN_POINT('',(15.260181145444,-35.));
#706 = VECTOR('',#707,1.);
#707 = DIRECTION('',(-1.,0.));
#708 = ( GEOMETRIC_REPRESENTATION_CONTEXT(2)
PARAMETRIC_REPRESENTATION_CONTEXT() REPRESENTATION_CONTEXT('2D SPACE',''
  ) );
#709 = PCURVE('',#710,#715);
#710 = PLANE('',#711);
#711 = AXIS2_PLACEMENT_3D('',#712,#713,#714);
#712 = CARTESIAN_POINT('',(-35.,9.525,-10.));
#713 = DIRECTION('',(-1.,0.,0.));
#714 = DIRECTION('',(0.,0.,1.));
#715 = DEFINITIONAL_REPRESENTATION('',(#716),#720);
#716 = LINE('',#717,#718);
#717 = CARTESIAN_POINT('',(0.,0.));
#718 = VECTOR('',#719,1.);
#719 = DIRECTION('',(1.,0.));
#720 = ( GEOMETRIC_REPRESENTATION_CONTEXT(2)
PARAMETRIC_REPRESENTATION_CONTEXT() REPRESENTATION_CONTEXT('2D SPACE',''
  ) );
#721 = ORIENTED_EDGE('',*,*,#722,.T.);
#722 = EDGE_CURVE('',#695,#723,#725,.T.);
#723 = VERTEX_POINT('',#724);
#724 = CARTESIAN_POINT('',(-37.,9.525,37.380699));
#725 = SURFACE_CURVE('',#726,(#731,#738),.PCURVE_S1.);
#726 = CIRCLE('',#727,2.);
#727 = AXIS2_PLACEMENT_3D('',#728,#729,#730);
#728 = CARTESIAN_POINT('',(-37.,9.525,35.380699));
#729 = DIRECTION('',(0.,-1.,0.));
#730 = DIRECTION('',(0.,-0.,-1.));
#731 = PCURVE('',#44,#732);
#732 = DEFINITIONAL_REPRESENTATION('',(#733),#737);
#733 = CIRCLE('',#734,2.);
#734 = AXIS2_PLACEMENT_2D('',#735,#736);
#735 = CARTESIAN_POINT('',(-30.12051785455,-37.));
#736 = DIRECTION('',(1.,0.));
#737 = ( GEOMETRIC_REPRESENTATION_CONTEXT(2)
PARAMETRIC_REPRESENTATION_CONTEXT() REPRESENTATION_CONTEXT('2D SPACE',''
  ) );
#738 = PCURVE('',#739,#744);
#739 = CYLINDRICAL_SURFACE('',#740,2.);
#740 = AXIS2_PLACEMENT_3D('',#741,#742,#743);
#741 = CARTESIAN_POINT('',(-37.,9.525,35.380699));
#742 = DIRECTION('',(0.,-1.,0.));
#743 = DIRECTION('',(1.,0.,-0.));
#744 = DEFINITIONAL_REPRESENTATION('',(#745),#749);
#745 = LINE('',#746,#747);
#746 = CARTESIAN_POINT('',(-1.570796326795,0.));
#747 = VECTOR('',#748,1.);
#748 = DIRECTION('',(1.,0.));
#749 = ( GEOMETRIC_REPRESENTATION_CONTEXT(2)
PARAMETRIC_REPRESENTATION_CONTEXT() REPRESENTATION_CONTEXT('2D SPACE',''
  ) );
#750 = ORIENTED_EDGE('',*,*,#751,.T.);
#751 = EDGE_CURVE('',#723,#752,#754,.T.);
#752 = VERTEX_POINT('',#753);
#753 = CARTESIAN_POINT('',(-49.,9.525,37.380699));
#754 = SURFACE_CURVE('',#755,(#759,#766),.PCURVE_S1.);
#755 = LINE('',#756,#757);
#756 = CARTESIAN_POINT('',(-35.,9.525,37.380699));
#757 = VECTOR('',#758,1.);
#758 = DIRECTION('',(-1.,0.,0.));
#759 = PCURVE('',#44,#760);
#760 = DEFINITIONAL_REPRESENTATION('',(#761),#765);
#761 = LINE('',#762,#763);
#762 = CARTESIAN_POINT('',(-32.12051785455,-35.));
#763 = VECTOR('',#764,1.);
#764 = DIRECTION('',(0.,-1.));
#765 = ( GEOMETRIC_REPRESENTATION_CONTEXT(2)
PARAMETRIC_REPRESENTATION_CONTEXT() REPRESENTATION_CONTEXT('2D SPACE',''
  ) );
#766 = PCURVE('',#767,#772);
#767 = PLANE('',#768);
#768 = AXIS2_PLACEMENT_3D('',#769,#770,#771);
#769 = CARTESIAN_POINT('',(-35.,9.525,37.380699));
#770 = DIRECTION('',(-0.,-0.,-1.));
#771 = DIRECTION('',(-1.,0.,0.));
#772 = DEFINITIONAL_REPRESENTATION('',(#773),#777);
#773 = LINE('',#774,#775);
#774 = CARTESIAN_POINT('',(0.,0.));
#775 = VECTOR('',#776,1.);
#776 = DIRECTION('',(1.,0.));
#777 = ( GEOMETRIC_REPRESENTATION_CONTEXT(2)
PARAMETRIC_REPRESENTATION_CONTEXT() REPRESENTATION_CONTEXT('2D SPACE',''
  ) );
#778 = ORIENTED_EDGE('',*,*,#779,.T.);
#779 = EDGE_CURVE('',#752,#780,#782,.T.);
#780 = VERTEX_POINT('',#781);
#781 = CARTESIAN_POINT('',(-51.,9.525,35.380699));
#782 = SURFACE_CURVE('',#783,(#788,#795),.PCURVE_S1.);
#783 = CIRCLE('',#784,2.);
#784 = AXIS2_PLACEMENT_3D('',#785,#786,#787);
#785 = CARTESIAN_POINT('',(-49.,9.525,35.380699));
#786 = DIRECTION('',(0.,-1.,0.));
#787 = DIRECTION('',(0.,-0.,-1.));
#788 = PCURVE('',#44,#789);
#789 = DEFINITIONAL_REPRESENTATION('',(#790),#794);
#790 = CIRCLE('',#791,2.);
#791 = AXIS2_PLACEMENT_2D('',#792,#793);
#792 = CARTESIAN_POINT('',(-30.12051785455,-49.));
#793 = DIRECTION('',(1.,0.));
#794 = ( GEOMETRIC_REPRESENTATION_CONTEXT(2)
PARAMETRIC_REPRESENTATION_CONTEXT() REPRESENTATION_CONTEXT('2D SPACE',''
  ) );
#795 = PCURVE('',#796,#801);
#796 = CYLINDRICAL_SURFACE('',#797,2.);
#797 = AXIS2_PLACEMENT_3D('',#798,#799,#800);
#798 = CARTESIAN_POINT('',(-49.,9.525,35.380699));
#799 = DIRECTION('',(0.,-1.,0.));
#800 = DIRECTION('',(-0.,0.,1.));
#801 = DEFINITIONAL_REPRESENTATION('',(#802),#806);
#802 = LINE('',#803,#804);
#803 = CARTESIAN_POINT('',(-3.14159265359,0.));
#804 = VECTOR('',#805,1.);
#805 = DIRECTION('',(1.,0.));
#806 = ( GEOMETRIC_REPRESENTATION_CONTEXT(2)
PARAMETRIC_REPRESENTATION_CONTEXT() REPRESENTATION_CONTEXT('2D SPACE',''
  ) );
#807 = ORIENTED_EDGE('',*,*,#808,.T.);
#808 = EDGE_CURVE('',#780,#809,#811,.T.);
#809 = VERTEX_POINT('',#810);
#810 = CARTESIAN_POINT('',(-51.,9.525,-18.));
#811 = SURFACE_CURVE('',#812,(#816,#823),.PCURVE_S1.);
#812 = LINE('',#813,#814);
#813 = CARTESIAN_POINT('',(-51.,9.525,37.380699));
#814 = VECTOR('',#815,1.);
#815 = DIRECTION('',(0.,0.,-1.));
#816 = PCURVE('',#44,#817);
#817 = DEFINITIONAL_REPRESENTATION('',(#818),#822);
#818 = LINE('',#819,#820);
#819 = CARTESIAN_POINT('',(-32.12051785455,-51.));
#820 = VECTOR('',#821,1.);
#821 = DIRECTION('',(1.,0.));
#822 = ( GEOMETRIC_REPRESENTATION_CONTEXT(2)
PARAMETRIC_REPRESENTATION_CONTEXT() REPRESENTATION_CONTEXT('2D SPACE',''
  ) );
#823 = PCURVE('',#824,#829);
#824 = PLANE('',#825);
#825 = AXIS2_PLACEMENT_3D('',#826,#827,#828);
#826 = CARTESIAN_POINT('',(-51.,9.525,37.380699));
#827 = DIRECTION('',(1.,0.,0.));
#828 = DIRECTION('',(0.,0.,-1.));
#829 = DEFINITIONAL_REPRESENTATION('',(#830),#834);
#830 = LINE('',#831,#832);
#831 = CARTESIAN_POINT('',(0.,0.));
#832 = VECTOR('',#833,1.);
#833 = DIRECTION('',(1.,0.));
#834 = ( GEOMETRIC_REPRESENTATION_CONTEXT(2)
PARAMETRIC_REPRESENTATION_CONTEXT() REPRESENTATION_CONTEXT('2D SPACE',''
  ) );
#835 = ORIENTED_EDGE('',*,*,#836,.F.);
#836 = EDGE_CURVE('',#22,#809,#837,.T.);
#837 = SURFACE_CURVE('',#838,(#843,#854),.PCURVE_S1.);
#838 = CIRCLE('',#839,2.);
#839 = AXIS2_PLACEMENT_3D('',#840,#841,#842);
#840 = CARTESIAN_POINT('',(-49.,9.525,-18.));
#841 = DIRECTION('',(-0.,1.,0.));
#842 = DIRECTION('',(0.,0.,-1.));
#843 = PCURVE('',#44,#844);
#844 = DEFINITIONAL_REPRESENTATION('',(#845),#853);
#845 = ( BOUNDED_CURVE() B_SPLINE_CURVE(2,(#846,#847,#848,#849,#850,#851
,#852),.UNSPECIFIED.,.T.,.F.) B_SPLINE_CURVE_WITH_KNOTS((1,2,2,2,2,1),(
    -2.094395102393,0.,2.094395102393,4.188790204786,6.28318530718,
8.377580409573),.UNSPECIFIED.) CURVE() GEOMETRIC_REPRESENTATION_ITEM()
RATIONAL_B_SPLINE_CURVE((1.,0.5,1.,0.5,1.,0.5,1.)) REPRESENTATION_ITEM(
  '') );
#846 = CARTESIAN_POINT('',(25.260181145444,-49.));
#847 = CARTESIAN_POINT('',(25.260181145444,-52.46410161513));
#848 = CARTESIAN_POINT('',(22.260181145444,-50.73205080756));
#849 = CARTESIAN_POINT('',(19.260181145444,-49.));
#850 = CARTESIAN_POINT('',(22.260181145444,-47.26794919243));
#851 = CARTESIAN_POINT('',(25.260181145444,-45.53589838486));
#852 = CARTESIAN_POINT('',(25.260181145444,-49.));
#853 = ( GEOMETRIC_REPRESENTATION_CONTEXT(2)
PARAMETRIC_REPRESENTATION_CONTEXT() REPRESENTATION_CONTEXT('2D SPACE',''
  ) );
#854 = PCURVE('',#72,#855);
#855 = DEFINITIONAL_REPRESENTATION('',(#856),#860);
#856 = LINE('',#857,#858);
#857 = CARTESIAN_POINT('',(-0.,0.));
#858 = VECTOR('',#859,1.);
#859 = DIRECTION('',(-1.,0.));
#860 = ( GEOMETRIC_REPRESENTATION_CONTEXT(2)
PARAMETRIC_REPRESENTATION_CONTEXT() REPRESENTATION_CONTEXT('2D SPACE',''
  ) );
#861 = FACE_BOUND('',#862,.F.);
#862 = EDGE_LOOP('',(#863));
#863 = ORIENTED_EDGE('',*,*,#864,.T.);
#864 = EDGE_CURVE('',#865,#865,#867,.T.);
#865 = VERTEX_POINT('',#866);
#866 = CARTESIAN_POINT('',(-16.,9.525,9.35));
#867 = SURFACE_CURVE('',#868,(#873,#884),.PCURVE_S1.);
#868 = CIRCLE('',#869,1.35);
#869 = AXIS2_PLACEMENT_3D('',#870,#871,#872);
#870 = CARTESIAN_POINT('',(-16.,9.525,8.));
#871 = DIRECTION('',(0.,1.,0.));
#872 = DIRECTION('',(0.,-0.,1.));
#873 = PCURVE('',#44,#874);
#874 = DEFINITIONAL_REPRESENTATION('',(#875),#883);
#875 = ( BOUNDED_CURVE() B_SPLINE_CURVE(2,(#876,#877,#878,#879,#880,#881
,#882),.UNSPECIFIED.,.T.,.F.) B_SPLINE_CURVE_WITH_KNOTS((1,2,2,2,2,1),(
    -2.094395102393,0.,2.094395102393,4.188790204786,6.28318530718,
8.377580409573),.UNSPECIFIED.) CURVE() GEOMETRIC_REPRESENTATION_ITEM()
RATIONAL_B_SPLINE_CURVE((1.,0.5,1.,0.5,1.,0.5,1.)) REPRESENTATION_ITEM(
  '') );
#876 = CARTESIAN_POINT('',(-4.089818854556,-16.));
#877 = CARTESIAN_POINT('',(-4.089818854556,-13.66173140978));
#878 = CARTESIAN_POINT('',(-2.064818854556,-14.83086570489));
#879 = CARTESIAN_POINT('',(-3.981885455584E-02,-16.));
#880 = CARTESIAN_POINT('',(-2.064818854556,-17.1691342951));
#881 = CARTESIAN_POINT('',(-4.089818854556,-18.33826859021));
#882 = CARTESIAN_POINT('',(-4.089818854556,-16.));
#883 = ( GEOMETRIC_REPRESENTATION_CONTEXT(2)
PARAMETRIC_REPRESENTATION_CONTEXT() REPRESENTATION_CONTEXT('2D SPACE',''
  ) );
#884 = PCURVE('',#885,#890);
#885 = CYLINDRICAL_SURFACE('',#886,1.35);
#886 = AXIS2_PLACEMENT_3D('',#887,#888,#889);
#887 = CARTESIAN_POINT('',(-16.,0.,8.));
#888 = DIRECTION('',(0.,1.,0.));
#889 = DIRECTION('',(0.,-0.,1.));
#890 = DEFINITIONAL_REPRESENTATION('',(#891),#895);
#891 = LINE('',#892,#893);
#892 = CARTESIAN_POINT('',(0.,9.525));
#893 = VECTOR('',#894,1.);
#894 = DIRECTION('',(1.,0.));
#895 = ( GEOMETRIC_REPRESENTATION_CONTEXT(2)
PARAMETRIC_REPRESENTATION_CONTEXT() REPRESENTATION_CONTEXT('2D SPACE',''
  ) );
#896 = FACE_BOUND('',#897,.F.);
#897 = EDGE_LOOP('',(#898));
#898 = ORIENTED_EDGE('',*,*,#899,.T.);
#899 = EDGE_CURVE('',#900,#900,#902,.T.);
#900 = VERTEX_POINT('',#901);
#901 = CARTESIAN_POINT('',(-16.,9.525,-6.65));
#902 = SURFACE_CURVE('',#903,(#908,#919),.PCURVE_S1.);
#903 = CIRCLE('',#904,1.35);
#904 = AXIS2_PLACEMENT_3D('',#905,#906,#907);
#905 = CARTESIAN_POINT('',(-16.,9.525,-8.));
#906 = DIRECTION('',(0.,1.,0.));
#907 = DIRECTION('',(0.,-0.,1.));
#908 = PCURVE('',#44,#909);
#909 = DEFINITIONAL_REPRESENTATION('',(#910),#918);
#910 = ( BOUNDED_CURVE() B_SPLINE_CURVE(2,(#911,#912,#913,#914,#915,#916
,#917),.UNSPECIFIED.,.T.,.F.) B_SPLINE_CURVE_WITH_KNOTS((1,2,2,2,2,1),(
    -2.094395102393,0.,2.094395102393,4.188790204786,6.28318530718,
8.377580409573),.UNSPECIFIED.) CURVE() GEOMETRIC_REPRESENTATION_ITEM()
RATIONAL_B_SPLINE_CURVE((1.,0.5,1.,0.5,1.,0.5,1.)) REPRESENTATION_ITEM(
  '') );
#911 = CARTESIAN_POINT('',(11.910181145444,-16.));
#912 = CARTESIAN_POINT('',(11.910181145444,-13.66173140978));
#913 = CARTESIAN_POINT('',(13.935181145444,-14.83086570489));
#914 = CARTESIAN_POINT('',(15.960181145444,-16.));
#915 = CARTESIAN_POINT('',(13.935181145444,-17.1691342951));
#916 = CARTESIAN_POINT('',(11.910181145444,-18.33826859021));
#917 = CARTESIAN_POINT('',(11.910181145444,-16.));
#918 = ( GEOMETRIC_REPRESENTATION_CONTEXT(2)
PARAMETRIC_REPRESENTATION_CONTEXT() REPRESENTATION_CONTEXT('2D SPACE',''
  ) );
#919 = PCURVE('',#920,#925);
#920 = CYLINDRICAL_SURFACE('',#921,1.35);
#921 = AXIS2_PLACEMENT_3D('',#922,#923,#924);
#922 = CARTESIAN_POINT('',(-16.,0.,-8.));
#923 = DIRECTION('',(0.,1.,0.));
#924 = DIRECTION('',(0.,-0.,1.));
#925 = DEFINITIONAL_REPRESENTATION('',(#926),#930);
#926 = LINE('',#927,#928);
#927 = CARTESIAN_POINT('',(0.,9.525));
#928 = VECTOR('',#929,1.);
#929 = DIRECTION('',(1.,0.));
#930 = ( GEOMETRIC_REPRESENTATION_CONTEXT(2)
PARAMETRIC_REPRESENTATION_CONTEXT() REPRESENTATION_CONTEXT('2D SPACE',''
  ) );
#931 = FACE_BOUND('',#932,.F.);
#932 = EDGE_LOOP('',(#933));
#933 = ORIENTED_EDGE('',*,*,#934,.T.);
#934 = EDGE_CURVE('',#935,#935,#937,.T.);
#935 = VERTEX_POINT('',#936);
#936 = CARTESIAN_POINT('',(-6.73555739531E-16,9.525,12.75));
#937 = SURFACE_CURVE('',#938,(#943,#954),.PCURVE_S1.);
#938 = CIRCLE('',#939,2.75);
#939 = AXIS2_PLACEMENT_3D('',#940,#941,#942);
#940 = CARTESIAN_POINT('',(0.,9.525,10.));
#941 = DIRECTION('',(0.,1.,0.));
#942 = DIRECTION('',(0.,-0.,1.));
#943 = PCURVE('',#44,#944);
#944 = DEFINITIONAL_REPRESENTATION('',(#945),#953);
#945 = ( BOUNDED_CURVE() B_SPLINE_CURVE(2,(#946,#947,#948,#949,#950,#951
,#952),.UNSPECIFIED.,.T.,.F.) B_SPLINE_CURVE_WITH_KNOTS((1,2,2,2,2,1),(
    -2.094395102393,0.,2.094395102393,4.188790204786,6.28318530718,
8.377580409573),.UNSPECIFIED.) CURVE() GEOMETRIC_REPRESENTATION_ITEM()
RATIONAL_B_SPLINE_CURVE((1.,0.5,1.,0.5,1.,0.5,1.)) REPRESENTATION_ITEM(
  '') );
#946 = CARTESIAN_POINT('',(-7.489818854556,-9.603494377206E-16));
#947 = CARTESIAN_POINT('',(-7.489818854556,4.763139720814));
#948 = CARTESIAN_POINT('',(-3.364818854556,2.381569860407));
#949 = CARTESIAN_POINT('',(0.760181145444,-2.867936981895E-16));
#950 = CARTESIAN_POINT('',(-3.364818854556,-2.381569860407));
#951 = CARTESIAN_POINT('',(-7.489818854556,-4.763139720814));
#952 = CARTESIAN_POINT('',(-7.489818854556,-9.603494377206E-16));
#953 = ( GEOMETRIC_REPRESENTATION_CONTEXT(2)
PARAMETRIC_REPRESENTATION_CONTEXT() REPRESENTATION_CONTEXT('2D SPACE',''
  ) );
#954 = PCURVE('',#955,#960);
#955 = CYLINDRICAL_SURFACE('',#956,2.75);
#956 = AXIS2_PLACEMENT_3D('',#957,#958,#959);
#957 = CARTESIAN_POINT('',(0.,0.,10.));
#958 = DIRECTION('',(0.,1.,0.));
#959 = DIRECTION('',(0.,-0.,1.));
#960 = DEFINITIONAL_REPRESENTATION('',(#961),#965);
#961 = LINE('',#962,#963);
#962 = CARTESIAN_POINT('',(0.,9.525));
#963 = VECTOR('',#964,1.);
#964 = DIRECTION('',(1.,0.));
#965 = ( GEOMETRIC_REPRESENTATION_CONTEXT(2)
PARAMETRIC_REPRESENTATION_CONTEXT() REPRESENTATION_CONTEXT('2D SPACE',''
  ) );
#966 = FACE_BOUND('',#967,.F.);
#967 = EDGE_LOOP('',(#968));
#968 = ORIENTED_EDGE('',*,*,#969,.T.);
#969 = EDGE_CURVE('',#970,#970,#972,.T.);
#970 = VERTEX_POINT('',#971);
#971 = CARTESIAN_POINT('',(16.,9.525,9.35));
#972 = SURFACE_CURVE('',#973,(#978,#989),.PCURVE_S1.);
#973 = CIRCLE('',#974,1.35);
#974 = AXIS2_PLACEMENT_3D('',#975,#976,#977);
#975 = CARTESIAN_POINT('',(16.,9.525,8.));
#976 = DIRECTION('',(0.,1.,0.));
#977 = DIRECTION('',(0.,-0.,1.));
#978 = PCURVE('',#44,#979);
#979 = DEFINITIONAL_REPRESENTATION('',(#980),#988);
#980 = ( BOUNDED_CURVE() B_SPLINE_CURVE(2,(#981,#982,#983,#984,#985,#986
,#987),.UNSPECIFIED.,.T.,.F.) B_SPLINE_CURVE_WITH_KNOTS((1,2,2,2,2,1),(
    -2.094395102393,0.,2.094395102393,4.188790204786,6.28318530718,
8.377580409573),.UNSPECIFIED.) CURVE() GEOMETRIC_REPRESENTATION_ITEM()
RATIONAL_B_SPLINE_CURVE((1.,0.5,1.,0.5,1.,0.5,1.)) REPRESENTATION_ITEM(
  '') );
#981 = CARTESIAN_POINT('',(-4.089818854556,16.));
#982 = CARTESIAN_POINT('',(-4.089818854556,18.338268590218));
#983 = CARTESIAN_POINT('',(-2.064818854556,17.169134295109));
#984 = CARTESIAN_POINT('',(-3.981885455584E-02,16.));
#985 = CARTESIAN_POINT('',(-2.064818854556,14.830865704891));
#986 = CARTESIAN_POINT('',(-4.089818854556,13.661731409782));
#987 = CARTESIAN_POINT('',(-4.089818854556,16.));
#988 = ( GEOMETRIC_REPRESENTATION_CONTEXT(2)
PARAMETRIC_REPRESENTATION_CONTEXT() REPRESENTATION_CONTEXT('2D SPACE',''
  ) );
#989 = PCURVE('',#990,#995);
#990 = CYLINDRICAL_SURFACE('',#991,1.35);
#991 = AXIS2_PLACEMENT_3D('',#992,#993,#994);
#992 = CARTESIAN_POINT('',(16.,0.,8.));
#993 = DIRECTION('',(0.,1.,0.));
#994 = DIRECTION('',(0.,-0.,1.));
#995 = DEFINITIONAL_REPRESENTATION('',(#996),#1000);
#996 = LINE('',#997,#998);
#997 = CARTESIAN_POINT('',(0.,9.525));
#998 = VECTOR('',#999,1.);
#999 = DIRECTION('',(1.,0.));
#1000 = ( GEOMETRIC_REPRESENTATION_CONTEXT(2)
PARAMETRIC_REPRESENTATION_CONTEXT() REPRESENTATION_CONTEXT('2D SPACE',''
  ) );
#1001 = FACE_BOUND('',#1002,.F.);
#1002 = EDGE_LOOP('',(#1003));
#1003 = ORIENTED_EDGE('',*,*,#1004,.T.);
#1004 = EDGE_CURVE('',#1005,#1005,#1007,.T.);
#1005 = VERTEX_POINT('',#1006);
#1006 = CARTESIAN_POINT('',(-6.73555739531E-16,9.525,-7.25));
#1007 = SURFACE_CURVE('',#1008,(#1013,#1024),.PCURVE_S1.);
#1008 = CIRCLE('',#1009,2.75);
#1009 = AXIS2_PLACEMENT_3D('',#1010,#1011,#1012);
#1010 = CARTESIAN_POINT('',(0.,9.525,-10.));
#1011 = DIRECTION('',(0.,1.,0.));
#1012 = DIRECTION('',(0.,-0.,1.));
#1013 = PCURVE('',#44,#1014);
#1014 = DEFINITIONAL_REPRESENTATION('',(#1015),#1023);
#1015 = ( BOUNDED_CURVE() B_SPLINE_CURVE(2,(#1016,#1017,#1018,#1019,
#1020,#1021,#1022),.UNSPECIFIED.,.T.,.F.) B_SPLINE_CURVE_WITH_KNOTS((1,2
    ,2,2,2,1),(-2.094395102393,0.,2.094395102393,4.188790204786,
6.28318530718,8.377580409573),.UNSPECIFIED.) CURVE()
GEOMETRIC_REPRESENTATION_ITEM() RATIONAL_B_SPLINE_CURVE((1.,0.5,1.,0.5,
1.,0.5,1.)) REPRESENTATION_ITEM('') );
#1016 = CARTESIAN_POINT('',(12.510181145444,-9.603494377206E-16));
#1017 = CARTESIAN_POINT('',(12.510181145444,4.763139720814));
#1018 = CARTESIAN_POINT('',(16.635181145444,2.381569860407));
#1019 = CARTESIAN_POINT('',(20.760181145444,-2.867936981895E-16));
#1020 = CARTESIAN_POINT('',(16.635181145444,-2.381569860407));
#1021 = CARTESIAN_POINT('',(12.510181145444,-4.763139720814));
#1022 = CARTESIAN_POINT('',(12.510181145444,-9.603494377206E-16));
#1023 = ( GEOMETRIC_REPRESENTATION_CONTEXT(2)
PARAMETRIC_REPRESENTATION_CONTEXT() REPRESENTATION_CONTEXT('2D SPACE',''
  ) );
#1024 = PCURVE('',#1025,#1030);
#1025 = CYLINDRICAL_SURFACE('',#1026,2.75);
#1026 = AXIS2_PLACEMENT_3D('',#1027,#1028,#1029);
#1027 = CARTESIAN_POINT('',(0.,0.,-10.));
#1028 = DIRECTION('',(0.,1.,0.));
#1029 = DIRECTION('',(0.,-0.,1.));
#1030 = DEFINITIONAL_REPRESENTATION('',(#1031),#1035);
#1031 = LINE('',#1032,#1033);
#1032 = CARTESIAN_POINT('',(0.,9.525));
#1033 = VECTOR('',#1034,1.);
#1034 = DIRECTION('',(1.,0.));
#1035 = ( GEOMETRIC_REPRESENTATION_CONTEXT(2)
PARAMETRIC_REPRESENTATION_CONTEXT() REPRESENTATION_CONTEXT('2D SPACE',''
  ) );
#1036 = FACE_BOUND('',#1037,.F.);
#1037 = EDGE_LOOP('',(#1038));
#1038 = ORIENTED_EDGE('',*,*,#1039,.T.);
#1039 = EDGE_CURVE('',#1040,#1040,#1042,.T.);
#1040 = VERTEX_POINT('',#1041);
#1041 = CARTESIAN_POINT('',(16.,9.525,-6.65));
#1042 = SURFACE_CURVE('',#1043,(#1048,#1059),.PCURVE_S1.);
#1043 = CIRCLE('',#1044,1.35);
#1044 = AXIS2_PLACEMENT_3D('',#1045,#1046,#1047);
#1045 = CARTESIAN_POINT('',(16.,9.525,-8.));
#1046 = DIRECTION('',(0.,1.,0.));
#1047 = DIRECTION('',(0.,-0.,1.));
#1048 = PCURVE('',#44,#1049);
#1049 = DEFINITIONAL_REPRESENTATION('',(#1050),#1058);
#1050 = ( BOUNDED_CURVE() B_SPLINE_CURVE(2,(#1051,#1052,#1053,#1054,
#1055,#1056,#1057),.UNSPECIFIED.,.T.,.F.) B_SPLINE_CURVE_WITH_KNOTS((1,2
    ,2,2,2,1),(-2.094395102393,0.,2.094395102393,4.188790204786,
6.28318530718,8.377580409573),.UNSPECIFIED.) CURVE()
GEOMETRIC_REPRESENTATION_ITEM() RATIONAL_B_SPLINE_CURVE((1.,0.5,1.,0.5,
1.,0.5,1.)) REPRESENTATION_ITEM('') );
#1051 = CARTESIAN_POINT('',(11.910181145444,16.));
#1052 = CARTESIAN_POINT('',(11.910181145444,18.338268590218));
#1053 = CARTESIAN_POINT('',(13.935181145444,17.169134295109));
#1054 = CARTESIAN_POINT('',(15.960181145444,16.));
#1055 = CARTESIAN_POINT('',(13.935181145444,14.830865704891));
#1056 = CARTESIAN_POINT('',(11.910181145444,13.661731409782));
#1057 = CARTESIAN_POINT('',(11.910181145444,16.));
#1058 = ( GEOMETRIC_REPRESENTATION_CONTEXT(2)
PARAMETRIC_REPRESENTATION_CONTEXT() REPRESENTATION_CONTEXT('2D SPACE',''
  ) );
#1059 = PCURVE('',#1060,#1065);
#1060 = CYLINDRICAL_SURFACE('',#1061,1.35);
#1061 = AXIS2_PLACEMENT_3D('',#1062,#1063,#1064);
#1062 = CARTESIAN_POINT('',(16.,0.,-8.));
#1063 = DIRECTION('',(0.,1.,0.));
#1064 = DIRECTION('',(0.,-0.,1.));
#1065 = DEFINITIONAL_REPRESENTATION('',(#1066),#1070);
#1066 = LINE('',#1067,#1068);
#1067 = CARTESIAN_POINT('',(0.,9.525));
#1068 = VECTOR('',#1069,1.);
#1069 = DIRECTION('',(1.,0.));
#1070 = ( GEOMETRIC_REPRESENTATION_CONTEXT(2)
PARAMETRIC_REPRESENTATION_CONTEXT() REPRESENTATION_CONTEXT('2D SPACE',''
  ) );
#1071 = ADVANCED_FACE('',(#1072),#72,.T.);
#1072 = FACE_BOUND('',#1073,.F.);
#1073 = EDGE_LOOP('',(#1074,#1075,#1098,#1124));
#1074 = ORIENTED_EDGE('',*,*,#836,.T.);
#1075 = ORIENTED_EDGE('',*,*,#1076,.T.);
#1076 = EDGE_CURVE('',#809,#1077,#1079,.T.);
#1077 = VERTEX_POINT('',#1078);
#1078 = CARTESIAN_POINT('',(-51.,0.,-18.));
#1079 = SURFACE_CURVE('',#1080,(#1084,#1091),.PCURVE_S1.);
#1080 = LINE('',#1081,#1082);
#1081 = CARTESIAN_POINT('',(-51.,9.525,-18.));
#1082 = VECTOR('',#1083,1.);
#1083 = DIRECTION('',(0.,-1.,0.));
#1084 = PCURVE('',#72,#1085);
#1085 = DEFINITIONAL_REPRESENTATION('',(#1086),#1090);
#1086 = LINE('',#1087,#1088);
#1087 = CARTESIAN_POINT('',(-1.570796326795,0.));
#1088 = VECTOR('',#1089,1.);
#1089 = DIRECTION('',(-0.,1.));
#1090 = ( GEOMETRIC_REPRESENTATION_CONTEXT(2)
PARAMETRIC_REPRESENTATION_CONTEXT() REPRESENTATION_CONTEXT('2D SPACE',''
  ) );
#1091 = PCURVE('',#824,#1092);
#1092 = DEFINITIONAL_REPRESENTATION('',(#1093),#1097);
#1093 = LINE('',#1094,#1095);
#1094 = CARTESIAN_POINT('',(55.380699,0.));
#1095 = VECTOR('',#1096,1.);
#1096 = DIRECTION('',(0.,-1.));
#1097 = ( GEOMETRIC_REPRESENTATION_CONTEXT(2)
PARAMETRIC_REPRESENTATION_CONTEXT() REPRESENTATION_CONTEXT('2D SPACE',''
  ) );
#1098 = ORIENTED_EDGE('',*,*,#1099,.F.);
#1099 = EDGE_CURVE('',#57,#1077,#1100,.T.);
#1100 = SURFACE_CURVE('',#1101,(#1106,#1113),.PCURVE_S1.);
#1101 = CIRCLE('',#1102,2.);
#1102 = AXIS2_PLACEMENT_3D('',#1103,#1104,#1105);
#1103 = CARTESIAN_POINT('',(-49.,0.,-18.));
#1104 = DIRECTION('',(-0.,1.,0.));
#1105 = DIRECTION('',(0.,0.,-1.));
#1106 = PCURVE('',#72,#1107);
#1107 = DEFINITIONAL_REPRESENTATION('',(#1108),#1112);
#1108 = LINE('',#1109,#1110);
#1109 = CARTESIAN_POINT('',(-0.,9.525));
#1110 = VECTOR('',#1111,1.);
#1111 = DIRECTION('',(-1.,0.));
#1112 = ( GEOMETRIC_REPRESENTATION_CONTEXT(2)
PARAMETRIC_REPRESENTATION_CONTEXT() REPRESENTATION_CONTEXT('2D SPACE',''
  ) );
#1113 = PCURVE('',#1114,#1119);
#1114 = CYLINDRICAL_SURFACE('',#1115,2.);
#1115 = AXIS2_PLACEMENT_3D('',#1116,#1117,#1118);
#1116 = CARTESIAN_POINT('',(-49.,0.,-18.));
#1117 = DIRECTION('',(0.,-1.,0.));
#1118 = DIRECTION('',(-1.,-0.,0.));
#1119 = DEFINITIONAL_REPRESENTATION('',(#1120),#1123);
#1120 = B_SPLINE_CURVE_WITH_KNOTS('',1,(#1121,#1122),.UNSPECIFIED.,.F.,
  .F.,(2,2),(0.,1.570796326795),.PIECEWISE_BEZIER_KNOTS.);
#1121 = CARTESIAN_POINT('',(1.570796326795,0.));
#1122 = CARTESIAN_POINT('',(0.,0.));
#1123 = ( GEOMETRIC_REPRESENTATION_CONTEXT(2)
PARAMETRIC_REPRESENTATION_CONTEXT() REPRESENTATION_CONTEXT('2D SPACE',''
  ) );
#1124 = ORIENTED_EDGE('',*,*,#56,.F.);
#1125 = ADVANCED_FACE('',(#1126),#182,.T.);
#1126 = FACE_BOUND('',#1127,.T.);
#1127 = EDGE_LOOP('',(#1128,#1129,#1152,#1178));
#1128 = ORIENTED_EDGE('',*,*,#198,.T.);
#1129 = ORIENTED_EDGE('',*,*,#1130,.T.);
#1130 = EDGE_CURVE('',#199,#1131,#1133,.T.);
#1131 = VERTEX_POINT('',#1132);
#1132 = CARTESIAN_POINT('',(51.,0.,-18.));
#1133 = SURFACE_CURVE('',#1134,(#1138,#1145),.PCURVE_S1.);
#1134 = LINE('',#1135,#1136);
#1135 = CARTESIAN_POINT('',(51.,9.525,-18.));
#1136 = VECTOR('',#1137,1.);
#1137 = DIRECTION('',(0.,-1.,0.));
#1138 = PCURVE('',#182,#1139);
#1139 = DEFINITIONAL_REPRESENTATION('',(#1140),#1144);
#1140 = LINE('',#1141,#1142);
#1141 = CARTESIAN_POINT('',(1.570796326795,0.));
#1142 = VECTOR('',#1143,1.);
#1143 = DIRECTION('',(0.,1.));
#1144 = ( GEOMETRIC_REPRESENTATION_CONTEXT(2)
PARAMETRIC_REPRESENTATION_CONTEXT() REPRESENTATION_CONTEXT('2D SPACE',''
  ) );
#1145 = PCURVE('',#238,#1146);
#1146 = DEFINITIONAL_REPRESENTATION('',(#1147),#1151);
#1147 = LINE('',#1148,#1149);
#1148 = CARTESIAN_POINT('',(2.,0.));
#1149 = VECTOR('',#1150,1.);
#1150 = DIRECTION('',(0.,-1.));
#1151 = ( GEOMETRIC_REPRESENTATION_CONTEXT(2)
PARAMETRIC_REPRESENTATION_CONTEXT() REPRESENTATION_CONTEXT('2D SPACE',''
  ) );
#1152 = ORIENTED_EDGE('',*,*,#1153,.F.);
#1153 = EDGE_CURVE('',#141,#1131,#1154,.T.);
#1154 = SURFACE_CURVE('',#1155,(#1160,#1167),.PCURVE_S1.);
#1155 = CIRCLE('',#1156,2.);
#1156 = AXIS2_PLACEMENT_3D('',#1157,#1158,#1159);
#1157 = CARTESIAN_POINT('',(49.,0.,-18.));
#1158 = DIRECTION('',(0.,-1.,0.));
#1159 = DIRECTION('',(0.,-0.,-1.));
#1160 = PCURVE('',#182,#1161);
#1161 = DEFINITIONAL_REPRESENTATION('',(#1162),#1166);
#1162 = LINE('',#1163,#1164);
#1163 = CARTESIAN_POINT('',(0.,9.525));
#1164 = VECTOR('',#1165,1.);
#1165 = DIRECTION('',(1.,0.));
#1166 = ( GEOMETRIC_REPRESENTATION_CONTEXT(2)
PARAMETRIC_REPRESENTATION_CONTEXT() REPRESENTATION_CONTEXT('2D SPACE',''
  ) );
#1167 = PCURVE('',#1168,#1173);
#1168 = CYLINDRICAL_SURFACE('',#1169,2.);
#1169 = AXIS2_PLACEMENT_3D('',#1170,#1171,#1172);
#1170 = CARTESIAN_POINT('',(49.,0.,-18.));
#1171 = DIRECTION('',(0.,-1.,0.));
#1172 = DIRECTION('',(0.,-0.,-1.));
#1173 = DEFINITIONAL_REPRESENTATION('',(#1174),#1177);
#1174 = B_SPLINE_CURVE_WITH_KNOTS('',1,(#1175,#1176),.UNSPECIFIED.,.F.,
  .F.,(2,2),(0.,1.570796326795),.PIECEWISE_BEZIER_KNOTS.);
#1175 = CARTESIAN_POINT('',(0.,0.));
#1176 = CARTESIAN_POINT('',(1.570796326795,0.));
#1177 = ( GEOMETRIC_REPRESENTATION_CONTEXT(2)
PARAMETRIC_REPRESENTATION_CONTEXT() REPRESENTATION_CONTEXT('2D SPACE',''
  ) );
#1178 = ORIENTED_EDGE('',*,*,#168,.F.);
#1179 = ADVANCED_FACE('',(#1180),#100,.F.);
#1180 = FACE_BOUND('',#1181,.F.);
#1181 = EDGE_LOOP('',(#1182,#1183,#1206,#1234));
#1182 = ORIENTED_EDGE('',*,*,#84,.F.);
#1183 = ORIENTED_EDGE('',*,*,#1184,.T.);
#1184 = EDGE_CURVE('',#57,#1185,#1187,.T.);
#1185 = VERTEX_POINT('',#1186);
#1186 = CARTESIAN_POINT('',(-49.,-6.35,-20.));
#1187 = SURFACE_CURVE('',#1188,(#1192,#1199),.PCURVE_S1.);
#1188 = LINE('',#1189,#1190);
#1189 = CARTESIAN_POINT('',(-49.,0.,-20.));
#1190 = VECTOR('',#1191,1.);
#1191 = DIRECTION('',(0.,-1.,0.));
#1192 = PCURVE('',#100,#1193);
#1193 = DEFINITIONAL_REPRESENTATION('',(#1194),#1198);
#1194 = LINE('',#1195,#1196);
#1195 = CARTESIAN_POINT('',(2.,0.));
#1196 = VECTOR('',#1197,1.);
#1197 = DIRECTION('',(0.,-1.));
#1198 = ( GEOMETRIC_REPRESENTATION_CONTEXT(2)
PARAMETRIC_REPRESENTATION_CONTEXT() REPRESENTATION_CONTEXT('2D SPACE',''
  ) );
#1199 = PCURVE('',#1114,#1200);
#1200 = DEFINITIONAL_REPRESENTATION('',(#1201),#1205);
#1201 = LINE('',#1202,#1203);
#1202 = CARTESIAN_POINT('',(1.570796326795,0.));
#1203 = VECTOR('',#1204,1.);
#1204 = DIRECTION('',(0.,1.));
#1205 = ( GEOMETRIC_REPRESENTATION_CONTEXT(2)
PARAMETRIC_REPRESENTATION_CONTEXT() REPRESENTATION_CONTEXT('2D SPACE',''
  ) );
#1206 = ORIENTED_EDGE('',*,*,#1207,.T.);
#1207 = EDGE_CURVE('',#1185,#1208,#1210,.T.);
#1208 = VERTEX_POINT('',#1209);
#1209 = CARTESIAN_POINT('',(-34.,-6.35,-20.));
#1210 = SURFACE_CURVE('',#1211,(#1215,#1222),.PCURVE_S1.);
#1211 = LINE('',#1212,#1213);
#1212 = CARTESIAN_POINT('',(-51.,-6.35,-20.));
#1213 = VECTOR('',#1214,1.);
#1214 = DIRECTION('',(1.,0.,0.));
#1215 = PCURVE('',#100,#1216);
#1216 = DEFINITIONAL_REPRESENTATION('',(#1217),#1221);
#1217 = LINE('',#1218,#1219);
#1218 = CARTESIAN_POINT('',(0.,-6.35));
#1219 = VECTOR('',#1220,1.);
#1220 = DIRECTION('',(1.,0.));
#1221 = ( GEOMETRIC_REPRESENTATION_CONTEXT(2)
PARAMETRIC_REPRESENTATION_CONTEXT() REPRESENTATION_CONTEXT('2D SPACE',''
  ) );
#1222 = PCURVE('',#1223,#1228);
#1223 = PLANE('',#1224);
#1224 = AXIS2_PLACEMENT_3D('',#1225,#1226,#1227);
#1225 = CARTESIAN_POINT('',(-42.50461532566,-6.35,7.978895176337));
#1226 = DIRECTION('',(-0.,-1.,-0.));
#1227 = DIRECTION('',(0.,0.,-1.));
#1228 = DEFINITIONAL_REPRESENTATION('',(#1229),#1233);
#1229 = LINE('',#1230,#1231);
#1230 = CARTESIAN_POINT('',(27.978895176337,-8.495384674331));
#1231 = VECTOR('',#1232,1.);
#1232 = DIRECTION('',(0.,1.));
#1233 = ( GEOMETRIC_REPRESENTATION_CONTEXT(2)
PARAMETRIC_REPRESENTATION_CONTEXT() REPRESENTATION_CONTEXT('2D SPACE',''
  ) );
#1234 = ORIENTED_EDGE('',*,*,#1235,.F.);
#1235 = EDGE_CURVE('',#85,#1208,#1236,.T.);
#1236 = SURFACE_CURVE('',#1237,(#1241,#1248),.PCURVE_S1.);
#1237 = LINE('',#1238,#1239);
#1238 = CARTESIAN_POINT('',(-34.,0.,-20.));
#1239 = VECTOR('',#1240,1.);
#1240 = DIRECTION('',(0.,-1.,0.));
#1241 = PCURVE('',#100,#1242);
#1242 = DEFINITIONAL_REPRESENTATION('',(#1243),#1247);
#1243 = LINE('',#1244,#1245);
#1244 = CARTESIAN_POINT('',(17.,0.));
#1245 = VECTOR('',#1246,1.);
#1246 = DIRECTION('',(0.,-1.));
#1247 = ( GEOMETRIC_REPRESENTATION_CONTEXT(2)
PARAMETRIC_REPRESENTATION_CONTEXT() REPRESENTATION_CONTEXT('2D SPACE',''
  ) );
#1248 = PCURVE('',#1249,#1254);
#1249 = CYLINDRICAL_SURFACE('',#1250,2.);
#1250 = AXIS2_PLACEMENT_3D('',#1251,#1252,#1253);
#1251 = CARTESIAN_POINT('',(-34.,0.,-18.));
#1252 = DIRECTION('',(0.,-1.,0.));
#1253 = DIRECTION('',(0.,-0.,-1.));
#1254 = DEFINITIONAL_REPRESENTATION('',(#1255),#1259);
#1255 = LINE('',#1256,#1257);
#1256 = CARTESIAN_POINT('',(0.,0.));
#1257 = VECTOR('',#1258,1.);
#1258 = DIRECTION('',(0.,1.));
#1259 = ( GEOMETRIC_REPRESENTATION_CONTEXT(2)
PARAMETRIC_REPRESENTATION_CONTEXT() REPRESENTATION_CONTEXT('2D SPACE',''
  ) );
#1260 = ADVANCED_FACE('',(#1261,#1656,#1686,#1716,#1751,#1781,#1816),
  #128,.T.);
#1261 = FACE_BOUND('',#1262,.T.);
#1262 = EDGE_LOOP('',(#1263,#1287,#1288,#1321,#1349,#1378,#1401,#1429,
    #1452,#1476,#1499,#1523,#1546,#1574,#1597,#1630));
#1263 = ORIENTED_EDGE('',*,*,#1264,.F.);
#1264 = EDGE_CURVE('',#85,#1265,#1267,.T.);
#1265 = VERTEX_POINT('',#1266);
#1266 = CARTESIAN_POINT('',(-32.,0.,-18.));
#1267 = SURFACE_CURVE('',#1268,(#1273,#1280),.PCURVE_S1.);
#1268 = CIRCLE('',#1269,2.);
#1269 = AXIS2_PLACEMENT_3D('',#1270,#1271,#1272);
#1270 = CARTESIAN_POINT('',(-34.,0.,-18.));
#1271 = DIRECTION('',(0.,-1.,0.));
#1272 = DIRECTION('',(0.,-0.,-1.));
#1273 = PCURVE('',#128,#1274);
#1274 = DEFINITIONAL_REPRESENTATION('',(#1275),#1279);
#1275 = CIRCLE('',#1276,2.);
#1276 = AXIS2_PLACEMENT_2D('',#1277,#1278);
#1277 = CARTESIAN_POINT('',(23.260181145444,-34.));
#1278 = DIRECTION('',(1.,0.));
#1279 = ( GEOMETRIC_REPRESENTATION_CONTEXT(2)
PARAMETRIC_REPRESENTATION_CONTEXT() REPRESENTATION_CONTEXT('2D SPACE',''
  ) );
#1280 = PCURVE('',#1249,#1281);
#1281 = DEFINITIONAL_REPRESENTATION('',(#1282),#1286);
#1282 = LINE('',#1283,#1284);
#1283 = CARTESIAN_POINT('',(0.,0.));
#1284 = VECTOR('',#1285,1.);
#1285 = DIRECTION('',(1.,0.));
#1286 = ( GEOMETRIC_REPRESENTATION_CONTEXT(2)
PARAMETRIC_REPRESENTATION_CONTEXT() REPRESENTATION_CONTEXT('2D SPACE',''
  ) );
#1287 = ORIENTED_EDGE('',*,*,#112,.T.);
#1288 = ORIENTED_EDGE('',*,*,#1289,.T.);
#1289 = EDGE_CURVE('',#113,#1290,#1292,.T.);
#1290 = VERTEX_POINT('',#1291);
#1291 = CARTESIAN_POINT('',(32.,0.,-18.));
#1292 = SURFACE_CURVE('',#1293,(#1298,#1309),.PCURVE_S1.);
#1293 = CIRCLE('',#1294,2.);
#1294 = AXIS2_PLACEMENT_3D('',#1295,#1296,#1297);
#1295 = CARTESIAN_POINT('',(34.,0.,-18.));
#1296 = DIRECTION('',(-0.,1.,0.));
#1297 = DIRECTION('',(0.,0.,-1.));
#1298 = PCURVE('',#128,#1299);
#1299 = DEFINITIONAL_REPRESENTATION('',(#1300),#1308);
#1300 = ( BOUNDED_CURVE() B_SPLINE_CURVE(2,(#1301,#1302,#1303,#1304,
#1305,#1306,#1307),.UNSPECIFIED.,.T.,.F.) B_SPLINE_CURVE_WITH_KNOTS((1,2
    ,2,2,2,1),(-2.094395102393,0.,2.094395102393,4.188790204786,
6.28318530718,8.377580409573),.UNSPECIFIED.) CURVE()
GEOMETRIC_REPRESENTATION_ITEM() RATIONAL_B_SPLINE_CURVE((1.,0.5,1.,0.5,
1.,0.5,1.)) REPRESENTATION_ITEM('') );
#1301 = CARTESIAN_POINT('',(25.260181145444,34.));
#1302 = CARTESIAN_POINT('',(25.260181145444,30.535898384862));
#1303 = CARTESIAN_POINT('',(22.260181145444,32.267949192431));
#1304 = CARTESIAN_POINT('',(19.260181145444,34.));
#1305 = CARTESIAN_POINT('',(22.260181145444,35.732050807569));
#1306 = CARTESIAN_POINT('',(25.260181145444,37.464101615138));
#1307 = CARTESIAN_POINT('',(25.260181145444,34.));
#1308 = ( GEOMETRIC_REPRESENTATION_CONTEXT(2)
PARAMETRIC_REPRESENTATION_CONTEXT() REPRESENTATION_CONTEXT('2D SPACE',''
  ) );
#1309 = PCURVE('',#1310,#1315);
#1310 = CYLINDRICAL_SURFACE('',#1311,2.);
#1311 = AXIS2_PLACEMENT_3D('',#1312,#1313,#1314);
#1312 = CARTESIAN_POINT('',(34.,0.,-18.));
#1313 = DIRECTION('',(0.,-1.,0.));
#1314 = DIRECTION('',(0.,-0.,-1.));
#1315 = DEFINITIONAL_REPRESENTATION('',(#1316),#1320);
#1316 = LINE('',#1317,#1318);
#1317 = CARTESIAN_POINT('',(-0.,0.));
#1318 = VECTOR('',#1319,1.);
#1319 = DIRECTION('',(-1.,0.));
#1320 = ( GEOMETRIC_REPRESENTATION_CONTEXT(2)
PARAMETRIC_REPRESENTATION_CONTEXT() REPRESENTATION_CONTEXT('2D SPACE',''
  ) );
#1321 = ORIENTED_EDGE('',*,*,#1322,.F.);
#1322 = EDGE_CURVE('',#1323,#1290,#1325,.T.);
#1323 = VERTEX_POINT('',#1324);
#1324 = CARTESIAN_POINT('',(32.,0.,-10.82842712474));
#1325 = SURFACE_CURVE('',#1326,(#1330,#1337),.PCURVE_S1.);
#1326 = LINE('',#1327,#1328);
#1327 = CARTESIAN_POINT('',(32.,0.,-10.));
#1328 = VECTOR('',#1329,1.);
#1329 = DIRECTION('',(0.,0.,-1.));
#1330 = PCURVE('',#128,#1331);
#1331 = DEFINITIONAL_REPRESENTATION('',(#1332),#1336);
#1332 = LINE('',#1333,#1334);
#1333 = CARTESIAN_POINT('',(15.260181145444,32.));
#1334 = VECTOR('',#1335,1.);
#1335 = DIRECTION('',(1.,0.));
#1336 = ( GEOMETRIC_REPRESENTATION_CONTEXT(2)
PARAMETRIC_REPRESENTATION_CONTEXT() REPRESENTATION_CONTEXT('2D SPACE',''
  ) );
#1337 = PCURVE('',#1338,#1343);
#1338 = PLANE('',#1339);
#1339 = AXIS2_PLACEMENT_3D('',#1340,#1341,#1342);
#1340 = CARTESIAN_POINT('',(32.,0.,-10.));
#1341 = DIRECTION('',(1.,0.,0.));
#1342 = DIRECTION('',(0.,0.,-1.));
#1343 = DEFINITIONAL_REPRESENTATION('',(#1344),#1348);
#1344 = LINE('',#1345,#1346);
#1345 = CARTESIAN_POINT('',(0.,0.));
#1346 = VECTOR('',#1347,1.);
#1347 = DIRECTION('',(1.,0.));
#1348 = ( GEOMETRIC_REPRESENTATION_CONTEXT(2)
PARAMETRIC_REPRESENTATION_CONTEXT() REPRESENTATION_CONTEXT('2D SPACE',''
  ) );
#1349 = ORIENTED_EDGE('',*,*,#1350,.F.);
#1350 = EDGE_CURVE('',#1351,#1323,#1353,.T.);
#1351 = VERTEX_POINT('',#1352);
#1352 = CARTESIAN_POINT('',(32.179640557751,0.,-10.));
#1353 = SURFACE_CURVE('',#1354,(#1359,#1366),.PCURVE_S1.);
#1354 = CIRCLE('',#1355,2.);
#1355 = AXIS2_PLACEMENT_3D('',#1356,#1357,#1358);
#1356 = CARTESIAN_POINT('',(34.,0.,-10.82842712474));
#1357 = DIRECTION('',(0.,-1.,0.));
#1358 = DIRECTION('',(0.,-0.,-1.));
#1359 = PCURVE('',#128,#1360);
#1360 = DEFINITIONAL_REPRESENTATION('',(#1361),#1365);
#1361 = CIRCLE('',#1362,2.);
#1362 = AXIS2_PLACEMENT_2D('',#1363,#1364);
#1363 = CARTESIAN_POINT('',(16.08860827019,34.));
#1364 = DIRECTION('',(1.,0.));
#1365 = ( GEOMETRIC_REPRESENTATION_CONTEXT(2)
PARAMETRIC_REPRESENTATION_CONTEXT() REPRESENTATION_CONTEXT('2D SPACE',''
  ) );
#1366 = PCURVE('',#1367,#1372);
#1367 = CYLINDRICAL_SURFACE('',#1368,2.);
#1368 = AXIS2_PLACEMENT_3D('',#1369,#1370,#1371);
#1369 = CARTESIAN_POINT('',(34.,0.,-10.82842712474));
#1370 = DIRECTION('',(0.,-1.,0.));
#1371 = DIRECTION('',(-0.707106781187,0.,0.707106781187));
#1372 = DEFINITIONAL_REPRESENTATION('',(#1373),#1377);
#1373 = LINE('',#1374,#1375);
#1374 = CARTESIAN_POINT('',(-3.926990816987,0.));
#1375 = VECTOR('',#1376,1.);
#1376 = DIRECTION('',(1.,0.));
#1377 = ( GEOMETRIC_REPRESENTATION_CONTEXT(2)
PARAMETRIC_REPRESENTATION_CONTEXT() REPRESENTATION_CONTEXT('2D SPACE',''
  ) );
#1378 = ORIENTED_EDGE('',*,*,#1379,.T.);
#1379 = EDGE_CURVE('',#1351,#1380,#1382,.T.);
#1380 = VERTEX_POINT('',#1381);
#1381 = CARTESIAN_POINT('',(26.,0.,-10.));
#1382 = SURFACE_CURVE('',#1383,(#1387,#1394),.PCURVE_S1.);
#1383 = LINE('',#1384,#1385);
#1384 = CARTESIAN_POINT('',(35.,0.,-10.));
#1385 = VECTOR('',#1386,1.);
#1386 = DIRECTION('',(-1.,0.,0.));
#1387 = PCURVE('',#128,#1388);
#1388 = DEFINITIONAL_REPRESENTATION('',(#1389),#1393);
#1389 = LINE('',#1390,#1391);
#1390 = CARTESIAN_POINT('',(15.260181145444,35.));
#1391 = VECTOR('',#1392,1.);
#1392 = DIRECTION('',(0.,-1.));
#1393 = ( GEOMETRIC_REPRESENTATION_CONTEXT(2)
PARAMETRIC_REPRESENTATION_CONTEXT() REPRESENTATION_CONTEXT('2D SPACE',''
  ) );
#1394 = PCURVE('',#413,#1395);
#1395 = DEFINITIONAL_REPRESENTATION('',(#1396),#1400);
#1396 = LINE('',#1397,#1398);
#1397 = CARTESIAN_POINT('',(0.,-9.525));
#1398 = VECTOR('',#1399,1.);
#1399 = DIRECTION('',(1.,0.));
#1400 = ( GEOMETRIC_REPRESENTATION_CONTEXT(2)
PARAMETRIC_REPRESENTATION_CONTEXT() REPRESENTATION_CONTEXT('2D SPACE',''
  ) );
#1401 = ORIENTED_EDGE('',*,*,#1402,.T.);
#1402 = EDGE_CURVE('',#1380,#1403,#1405,.T.);
#1403 = VERTEX_POINT('',#1404);
#1404 = CARTESIAN_POINT('',(24.,0.,-8.));
#1405 = SURFACE_CURVE('',#1406,(#1411,#1422),.PCURVE_S1.);
#1406 = CIRCLE('',#1407,2.);
#1407 = AXIS2_PLACEMENT_3D('',#1408,#1409,#1410);
#1408 = CARTESIAN_POINT('',(26.,0.,-8.));
#1409 = DIRECTION('',(-0.,1.,0.));
#1410 = DIRECTION('',(0.,0.,-1.));
#1411 = PCURVE('',#128,#1412);
#1412 = DEFINITIONAL_REPRESENTATION('',(#1413),#1421);
#1413 = ( BOUNDED_CURVE() B_SPLINE_CURVE(2,(#1414,#1415,#1416,#1417,
#1418,#1419,#1420),.UNSPECIFIED.,.T.,.F.) B_SPLINE_CURVE_WITH_KNOTS((1,2
    ,2,2,2,1),(-2.094395102393,0.,2.094395102393,4.188790204786,
6.28318530718,8.377580409573),.UNSPECIFIED.) CURVE()
GEOMETRIC_REPRESENTATION_ITEM() RATIONAL_B_SPLINE_CURVE((1.,0.5,1.,0.5,
1.,0.5,1.)) REPRESENTATION_ITEM('') );
#1414 = CARTESIAN_POINT('',(15.260181145444,26.));
#1415 = CARTESIAN_POINT('',(15.260181145444,22.535898384862));
#1416 = CARTESIAN_POINT('',(12.260181145444,24.267949192431));
#1417 = CARTESIAN_POINT('',(9.260181145444,26.));
#1418 = CARTESIAN_POINT('',(12.260181145444,27.732050807569));
#1419 = CARTESIAN_POINT('',(15.260181145444,29.464101615138));
#1420 = CARTESIAN_POINT('',(15.260181145444,26.));
#1421 = ( GEOMETRIC_REPRESENTATION_CONTEXT(2)
PARAMETRIC_REPRESENTATION_CONTEXT() REPRESENTATION_CONTEXT('2D SPACE',''
  ) );
#1422 = PCURVE('',#446,#1423);
#1423 = DEFINITIONAL_REPRESENTATION('',(#1424),#1428);
#1424 = LINE('',#1425,#1426);
#1425 = CARTESIAN_POINT('',(-0.,9.525));
#1426 = VECTOR('',#1427,1.);
#1427 = DIRECTION('',(-1.,0.));
#1428 = ( GEOMETRIC_REPRESENTATION_CONTEXT(2)
PARAMETRIC_REPRESENTATION_CONTEXT() REPRESENTATION_CONTEXT('2D SPACE',''
  ) );
#1429 = ORIENTED_EDGE('',*,*,#1430,.T.);
#1430 = EDGE_CURVE('',#1403,#1431,#1433,.T.);
#1431 = VERTEX_POINT('',#1432);
#1432 = CARTESIAN_POINT('',(24.,0.,18.));
#1433 = SURFACE_CURVE('',#1434,(#1438,#1445),.PCURVE_S1.);
#1434 = LINE('',#1435,#1436);
#1435 = CARTESIAN_POINT('',(24.,0.,-10.));
#1436 = VECTOR('',#1437,1.);
#1437 = DIRECTION('',(0.,0.,1.));
#1438 = PCURVE('',#128,#1439);
#1439 = DEFINITIONAL_REPRESENTATION('',(#1440),#1444);
#1440 = LINE('',#1441,#1442);
#1441 = CARTESIAN_POINT('',(15.260181145444,24.));
#1442 = VECTOR('',#1443,1.);
#1443 = DIRECTION('',(-1.,0.));
#1444 = ( GEOMETRIC_REPRESENTATION_CONTEXT(2)
PARAMETRIC_REPRESENTATION_CONTEXT() REPRESENTATION_CONTEXT('2D SPACE',''
  ) );
#1445 = PCURVE('',#474,#1446);
#1446 = DEFINITIONAL_REPRESENTATION('',(#1447),#1451);
#1447 = LINE('',#1448,#1449);
#1448 = CARTESIAN_POINT('',(0.,-9.525));
#1449 = VECTOR('',#1450,1.);
#1450 = DIRECTION('',(1.,0.));
#1451 = ( GEOMETRIC_REPRESENTATION_CONTEXT(2)
PARAMETRIC_REPRESENTATION_CONTEXT() REPRESENTATION_CONTEXT('2D SPACE',''
  ) );
#1452 = ORIENTED_EDGE('',*,*,#1453,.T.);
#1453 = EDGE_CURVE('',#1431,#1454,#1456,.T.);
#1454 = VERTEX_POINT('',#1455);
#1455 = CARTESIAN_POINT('',(22.,0.,20.));
#1456 = SURFACE_CURVE('',#1457,(#1462,#1469),.PCURVE_S1.);
#1457 = CIRCLE('',#1458,2.);
#1458 = AXIS2_PLACEMENT_3D('',#1459,#1460,#1461);
#1459 = CARTESIAN_POINT('',(22.,0.,18.));
#1460 = DIRECTION('',(0.,-1.,0.));
#1461 = DIRECTION('',(0.,-0.,-1.));
#1462 = PCURVE('',#128,#1463);
#1463 = DEFINITIONAL_REPRESENTATION('',(#1464),#1468);
#1464 = CIRCLE('',#1465,2.);
#1465 = AXIS2_PLACEMENT_2D('',#1466,#1467);
#1466 = CARTESIAN_POINT('',(-12.73981885455,22.));
#1467 = DIRECTION('',(1.,0.));
#1468 = ( GEOMETRIC_REPRESENTATION_CONTEXT(2)
PARAMETRIC_REPRESENTATION_CONTEXT() REPRESENTATION_CONTEXT('2D SPACE',''
  ) );
#1469 = PCURVE('',#503,#1470);
#1470 = DEFINITIONAL_REPRESENTATION('',(#1471),#1475);
#1471 = LINE('',#1472,#1473);
#1472 = CARTESIAN_POINT('',(-1.570796326795,9.525));
#1473 = VECTOR('',#1474,1.);
#1474 = DIRECTION('',(1.,0.));
#1475 = ( GEOMETRIC_REPRESENTATION_CONTEXT(2)
PARAMETRIC_REPRESENTATION_CONTEXT() REPRESENTATION_CONTEXT('2D SPACE',''
  ) );
#1476 = ORIENTED_EDGE('',*,*,#1477,.T.);
#1477 = EDGE_CURVE('',#1454,#1478,#1480,.T.);
#1478 = VERTEX_POINT('',#1479);
#1479 = CARTESIAN_POINT('',(-22.,0.,20.));
#1480 = SURFACE_CURVE('',#1481,(#1485,#1492),.PCURVE_S1.);
#1481 = LINE('',#1482,#1483);
#1482 = CARTESIAN_POINT('',(24.,0.,20.));
#1483 = VECTOR('',#1484,1.);
#1484 = DIRECTION('',(-1.,0.,0.));
#1485 = PCURVE('',#128,#1486);
#1486 = DEFINITIONAL_REPRESENTATION('',(#1487),#1491);
#1487 = LINE('',#1488,#1489);
#1488 = CARTESIAN_POINT('',(-14.73981885455,24.));
#1489 = VECTOR('',#1490,1.);
#1490 = DIRECTION('',(0.,-1.));
#1491 = ( GEOMETRIC_REPRESENTATION_CONTEXT(2)
PARAMETRIC_REPRESENTATION_CONTEXT() REPRESENTATION_CONTEXT('2D SPACE',''
  ) );
#1492 = PCURVE('',#531,#1493);
#1493 = DEFINITIONAL_REPRESENTATION('',(#1494),#1498);
#1494 = LINE('',#1495,#1496);
#1495 = CARTESIAN_POINT('',(0.,-9.525));
#1496 = VECTOR('',#1497,1.);
#1497 = DIRECTION('',(1.,0.));
#1498 = ( GEOMETRIC_REPRESENTATION_CONTEXT(2)
PARAMETRIC_REPRESENTATION_CONTEXT() REPRESENTATION_CONTEXT('2D SPACE',''
  ) );
#1499 = ORIENTED_EDGE('',*,*,#1500,.T.);
#1500 = EDGE_CURVE('',#1478,#1501,#1503,.T.);
#1501 = VERTEX_POINT('',#1502);
#1502 = CARTESIAN_POINT('',(-24.,0.,18.));
#1503 = SURFACE_CURVE('',#1504,(#1509,#1516),.PCURVE_S1.);
#1504 = CIRCLE('',#1505,2.);
#1505 = AXIS2_PLACEMENT_3D('',#1506,#1507,#1508);
#1506 = CARTESIAN_POINT('',(-22.,0.,18.));
#1507 = DIRECTION('',(0.,-1.,0.));
#1508 = DIRECTION('',(0.,-0.,-1.));
#1509 = PCURVE('',#128,#1510);
#1510 = DEFINITIONAL_REPRESENTATION('',(#1511),#1515);
#1511 = CIRCLE('',#1512,2.);
#1512 = AXIS2_PLACEMENT_2D('',#1513,#1514);
#1513 = CARTESIAN_POINT('',(-12.73981885455,-22.));
#1514 = DIRECTION('',(1.,0.));
#1515 = ( GEOMETRIC_REPRESENTATION_CONTEXT(2)
PARAMETRIC_REPRESENTATION_CONTEXT() REPRESENTATION_CONTEXT('2D SPACE',''
  ) );
#1516 = PCURVE('',#560,#1517);
#1517 = DEFINITIONAL_REPRESENTATION('',(#1518),#1522);
#1518 = LINE('',#1519,#1520);
#1519 = CARTESIAN_POINT('',(-3.14159265359,9.525));
#1520 = VECTOR('',#1521,1.);
#1521 = DIRECTION('',(1.,0.));
#1522 = ( GEOMETRIC_REPRESENTATION_CONTEXT(2)
PARAMETRIC_REPRESENTATION_CONTEXT() REPRESENTATION_CONTEXT('2D SPACE',''
  ) );
#1523 = ORIENTED_EDGE('',*,*,#1524,.T.);
#1524 = EDGE_CURVE('',#1501,#1525,#1527,.T.);
#1525 = VERTEX_POINT('',#1526);
#1526 = CARTESIAN_POINT('',(-24.,0.,-8.));
#1527 = SURFACE_CURVE('',#1528,(#1532,#1539),.PCURVE_S1.);
#1528 = LINE('',#1529,#1530);
#1529 = CARTESIAN_POINT('',(-24.,0.,20.));
#1530 = VECTOR('',#1531,1.);
#1531 = DIRECTION('',(0.,0.,-1.));
#1532 = PCURVE('',#128,#1533);
#1533 = DEFINITIONAL_REPRESENTATION('',(#1534),#1538);
#1534 = LINE('',#1535,#1536);
#1535 = CARTESIAN_POINT('',(-14.73981885455,-24.));
#1536 = VECTOR('',#1537,1.);
#1537 = DIRECTION('',(1.,0.));
#1538 = ( GEOMETRIC_REPRESENTATION_CONTEXT(2)
PARAMETRIC_REPRESENTATION_CONTEXT() REPRESENTATION_CONTEXT('2D SPACE',''
  ) );
#1539 = PCURVE('',#588,#1540);
#1540 = DEFINITIONAL_REPRESENTATION('',(#1541),#1545);
#1541 = LINE('',#1542,#1543);
#1542 = CARTESIAN_POINT('',(0.,-9.525));
#1543 = VECTOR('',#1544,1.);
#1544 = DIRECTION('',(1.,0.));
#1545 = ( GEOMETRIC_REPRESENTATION_CONTEXT(2)
PARAMETRIC_REPRESENTATION_CONTEXT() REPRESENTATION_CONTEXT('2D SPACE',''
  ) );
#1546 = ORIENTED_EDGE('',*,*,#1547,.T.);
#1547 = EDGE_CURVE('',#1525,#1548,#1550,.T.);
#1548 = VERTEX_POINT('',#1549);
#1549 = CARTESIAN_POINT('',(-26.,0.,-10.));
#1550 = SURFACE_CURVE('',#1551,(#1556,#1567),.PCURVE_S1.);
#1551 = CIRCLE('',#1552,2.);
#1552 = AXIS2_PLACEMENT_3D('',#1553,#1554,#1555);
#1553 = CARTESIAN_POINT('',(-26.,0.,-8.));
#1554 = DIRECTION('',(-0.,1.,0.));
#1555 = DIRECTION('',(0.,0.,-1.));
#1556 = PCURVE('',#128,#1557);
#1557 = DEFINITIONAL_REPRESENTATION('',(#1558),#1566);
#1558 = ( BOUNDED_CURVE() B_SPLINE_CURVE(2,(#1559,#1560,#1561,#1562,
#1563,#1564,#1565),.UNSPECIFIED.,.T.,.F.) B_SPLINE_CURVE_WITH_KNOTS((1,2
    ,2,2,2,1),(-2.094395102393,0.,2.094395102393,4.188790204786,
6.28318530718,8.377580409573),.UNSPECIFIED.) CURVE()
GEOMETRIC_REPRESENTATION_ITEM() RATIONAL_B_SPLINE_CURVE((1.,0.5,1.,0.5,
1.,0.5,1.)) REPRESENTATION_ITEM('') );
#1559 = CARTESIAN_POINT('',(15.260181145444,-26.));
#1560 = CARTESIAN_POINT('',(15.260181145444,-29.46410161513));
#1561 = CARTESIAN_POINT('',(12.260181145444,-27.73205080756));
#1562 = CARTESIAN_POINT('',(9.260181145444,-26.));
#1563 = CARTESIAN_POINT('',(12.260181145444,-24.26794919243));
#1564 = CARTESIAN_POINT('',(15.260181145444,-22.53589838486));
#1565 = CARTESIAN_POINT('',(15.260181145444,-26.));
#1566 = ( GEOMETRIC_REPRESENTATION_CONTEXT(2)
PARAMETRIC_REPRESENTATION_CONTEXT() REPRESENTATION_CONTEXT('2D SPACE',''
  ) );
#1567 = PCURVE('',#621,#1568);
#1568 = DEFINITIONAL_REPRESENTATION('',(#1569),#1573);
#1569 = LINE('',#1570,#1571);
#1570 = CARTESIAN_POINT('',(4.712388980385,9.525));
#1571 = VECTOR('',#1572,1.);
#1572 = DIRECTION('',(-1.,0.));
#1573 = ( GEOMETRIC_REPRESENTATION_CONTEXT(2)
PARAMETRIC_REPRESENTATION_CONTEXT() REPRESENTATION_CONTEXT('2D SPACE',''
  ) );
#1574 = ORIENTED_EDGE('',*,*,#1575,.T.);
#1575 = EDGE_CURVE('',#1548,#1576,#1578,.T.);
#1576 = VERTEX_POINT('',#1577);
#1577 = CARTESIAN_POINT('',(-32.17964055775,0.,-10.));
#1578 = SURFACE_CURVE('',#1579,(#1583,#1590),.PCURVE_S1.);
#1579 = LINE('',#1580,#1581);
#1580 = CARTESIAN_POINT('',(-24.,0.,-10.));
#1581 = VECTOR('',#1582,1.);
#1582 = DIRECTION('',(-1.,0.,0.));
#1583 = PCURVE('',#128,#1584);
#1584 = DEFINITIONAL_REPRESENTATION('',(#1585),#1589);
#1585 = LINE('',#1586,#1587);
#1586 = CARTESIAN_POINT('',(15.260181145444,-24.));
#1587 = VECTOR('',#1588,1.);
#1588 = DIRECTION('',(0.,-1.));
#1589 = ( GEOMETRIC_REPRESENTATION_CONTEXT(2)
PARAMETRIC_REPRESENTATION_CONTEXT() REPRESENTATION_CONTEXT('2D SPACE',''
  ) );
#1590 = PCURVE('',#649,#1591);
#1591 = DEFINITIONAL_REPRESENTATION('',(#1592),#1596);
#1592 = LINE('',#1593,#1594);
#1593 = CARTESIAN_POINT('',(0.,-9.525));
#1594 = VECTOR('',#1595,1.);
#1595 = DIRECTION('',(1.,0.));
#1596 = ( GEOMETRIC_REPRESENTATION_CONTEXT(2)
PARAMETRIC_REPRESENTATION_CONTEXT() REPRESENTATION_CONTEXT('2D SPACE',''
  ) );
#1597 = ORIENTED_EDGE('',*,*,#1598,.T.);
#1598 = EDGE_CURVE('',#1576,#1599,#1601,.T.);
#1599 = VERTEX_POINT('',#1600);
#1600 = CARTESIAN_POINT('',(-32.,0.,-10.82842712474));
#1601 = SURFACE_CURVE('',#1602,(#1607,#1618),.PCURVE_S1.);
#1602 = CIRCLE('',#1603,2.);
#1603 = AXIS2_PLACEMENT_3D('',#1604,#1605,#1606);
#1604 = CARTESIAN_POINT('',(-34.,0.,-10.82842712474));
#1605 = DIRECTION('',(-0.,1.,0.));
#1606 = DIRECTION('',(0.,0.,-1.));
#1607 = PCURVE('',#128,#1608);
#1608 = DEFINITIONAL_REPRESENTATION('',(#1609),#1617);
#1609 = ( BOUNDED_CURVE() B_SPLINE_CURVE(2,(#1610,#1611,#1612,#1613,
#1614,#1615,#1616),.UNSPECIFIED.,.T.,.F.) B_SPLINE_CURVE_WITH_KNOTS((1,2
    ,2,2,2,1),(-2.094395102393,0.,2.094395102393,4.188790204786,
6.28318530718,8.377580409573),.UNSPECIFIED.) CURVE()
GEOMETRIC_REPRESENTATION_ITEM() RATIONAL_B_SPLINE_CURVE((1.,0.5,1.,0.5,
1.,0.5,1.)) REPRESENTATION_ITEM('') );
#1610 = CARTESIAN_POINT('',(18.08860827019,-34.));
#1611 = CARTESIAN_POINT('',(18.08860827019,-37.46410161513));
#1612 = CARTESIAN_POINT('',(15.08860827019,-35.73205080756));
#1613 = CARTESIAN_POINT('',(12.08860827019,-34.));
#1614 = CARTESIAN_POINT('',(15.08860827019,-32.26794919243));
#1615 = CARTESIAN_POINT('',(18.08860827019,-30.53589838486));
#1616 = CARTESIAN_POINT('',(18.08860827019,-34.));
#1617 = ( GEOMETRIC_REPRESENTATION_CONTEXT(2)
PARAMETRIC_REPRESENTATION_CONTEXT() REPRESENTATION_CONTEXT('2D SPACE',''
  ) );
#1618 = PCURVE('',#1619,#1624);
#1619 = CYLINDRICAL_SURFACE('',#1620,2.);
#1620 = AXIS2_PLACEMENT_3D('',#1621,#1622,#1623);
#1621 = CARTESIAN_POINT('',(-34.,0.,-10.82842712474));
#1622 = DIRECTION('',(0.,-1.,0.));
#1623 = DIRECTION('',(0.707106781187,0.,0.707106781187));
#1624 = DEFINITIONAL_REPRESENTATION('',(#1625),#1629);
#1625 = LINE('',#1626,#1627);
#1626 = CARTESIAN_POINT('',(3.926990816987,-0.));
#1627 = VECTOR('',#1628,1.);
#1628 = DIRECTION('',(-1.,0.));
#1629 = ( GEOMETRIC_REPRESENTATION_CONTEXT(2)
PARAMETRIC_REPRESENTATION_CONTEXT() REPRESENTATION_CONTEXT('2D SPACE',''
  ) );
#1630 = ORIENTED_EDGE('',*,*,#1631,.F.);
#1631 = EDGE_CURVE('',#1265,#1599,#1632,.T.);
#1632 = SURFACE_CURVE('',#1633,(#1637,#1644),.PCURVE_S1.);
#1633 = LINE('',#1634,#1635);
#1634 = CARTESIAN_POINT('',(-32.,0.,-20.));
#1635 = VECTOR('',#1636,1.);
#1636 = DIRECTION('',(0.,0.,1.));
#1637 = PCURVE('',#128,#1638);
#1638 = DEFINITIONAL_REPRESENTATION('',(#1639),#1643);
#1639 = LINE('',#1640,#1641);
#1640 = CARTESIAN_POINT('',(25.260181145444,-32.));
#1641 = VECTOR('',#1642,1.);
#1642 = DIRECTION('',(-1.,0.));
#1643 = ( GEOMETRIC_REPRESENTATION_CONTEXT(2)
PARAMETRIC_REPRESENTATION_CONTEXT() REPRESENTATION_CONTEXT('2D SPACE',''
  ) );
#1644 = PCURVE('',#1645,#1650);
#1645 = PLANE('',#1646);
#1646 = AXIS2_PLACEMENT_3D('',#1647,#1648,#1649);
#1647 = CARTESIAN_POINT('',(-32.,0.,-20.));
#1648 = DIRECTION('',(-1.,0.,0.));
#1649 = DIRECTION('',(0.,0.,1.));
#1650 = DEFINITIONAL_REPRESENTATION('',(#1651),#1655);
#1651 = LINE('',#1652,#1653);
#1652 = CARTESIAN_POINT('',(0.,0.));
#1653 = VECTOR('',#1654,1.);
#1654 = DIRECTION('',(1.,0.));
#1655 = ( GEOMETRIC_REPRESENTATION_CONTEXT(2)
PARAMETRIC_REPRESENTATION_CONTEXT() REPRESENTATION_CONTEXT('2D SPACE',''
  ) );
#1656 = FACE_BOUND('',#1657,.T.);
#1657 = EDGE_LOOP('',(#1658));
#1658 = ORIENTED_EDGE('',*,*,#1659,.T.);
#1659 = EDGE_CURVE('',#1660,#1660,#1662,.T.);
#1660 = VERTEX_POINT('',#1661);
#1661 = CARTESIAN_POINT('',(-16.,0.,9.35));
#1662 = SURFACE_CURVE('',#1663,(#1668,#1679),.PCURVE_S1.);
#1663 = CIRCLE('',#1664,1.35);
#1664 = AXIS2_PLACEMENT_3D('',#1665,#1666,#1667);
#1665 = CARTESIAN_POINT('',(-16.,0.,8.));
#1666 = DIRECTION('',(0.,1.,0.));
#1667 = DIRECTION('',(0.,-0.,1.));
#1668 = PCURVE('',#128,#1669);
#1669 = DEFINITIONAL_REPRESENTATION('',(#1670),#1678);
#1670 = ( BOUNDED_CURVE() B_SPLINE_CURVE(2,(#1671,#1672,#1673,#1674,
#1675,#1676,#1677),.UNSPECIFIED.,.T.,.F.) B_SPLINE_CURVE_WITH_KNOTS((1,2
    ,2,2,2,1),(-2.094395102393,0.,2.094395102393,4.188790204786,
6.28318530718,8.377580409573),.UNSPECIFIED.) CURVE()
GEOMETRIC_REPRESENTATION_ITEM() RATIONAL_B_SPLINE_CURVE((1.,0.5,1.,0.5,
1.,0.5,1.)) REPRESENTATION_ITEM('') );
#1671 = CARTESIAN_POINT('',(-4.089818854556,-16.));
#1672 = CARTESIAN_POINT('',(-4.089818854556,-13.66173140978));
#1673 = CARTESIAN_POINT('',(-2.064818854556,-14.83086570489));
#1674 = CARTESIAN_POINT('',(-3.981885455584E-02,-16.));
#1675 = CARTESIAN_POINT('',(-2.064818854556,-17.1691342951));
#1676 = CARTESIAN_POINT('',(-4.089818854556,-18.33826859021));
#1677 = CARTESIAN_POINT('',(-4.089818854556,-16.));
#1678 = ( GEOMETRIC_REPRESENTATION_CONTEXT(2)
PARAMETRIC_REPRESENTATION_CONTEXT() REPRESENTATION_CONTEXT('2D SPACE',''
  ) );
#1679 = PCURVE('',#885,#1680);
#1680 = DEFINITIONAL_REPRESENTATION('',(#1681),#1685);
#1681 = LINE('',#1682,#1683);
#1682 = CARTESIAN_POINT('',(0.,0.));
#1683 = VECTOR('',#1684,1.);
#1684 = DIRECTION('',(1.,0.));
#1685 = ( GEOMETRIC_REPRESENTATION_CONTEXT(2)
PARAMETRIC_REPRESENTATION_CONTEXT() REPRESENTATION_CONTEXT('2D SPACE',''
  ) );
#1686 = FACE_BOUND('',#1687,.T.);
#1687 = EDGE_LOOP('',(#1688));
#1688 = ORIENTED_EDGE('',*,*,#1689,.T.);
#1689 = EDGE_CURVE('',#1690,#1690,#1692,.T.);
#1690 = VERTEX_POINT('',#1691);
#1691 = CARTESIAN_POINT('',(-16.,0.,-6.65));
#1692 = SURFACE_CURVE('',#1693,(#1698,#1709),.PCURVE_S1.);
#1693 = CIRCLE('',#1694,1.35);
#1694 = AXIS2_PLACEMENT_3D('',#1695,#1696,#1697);
#1695 = CARTESIAN_POINT('',(-16.,0.,-8.));
#1696 = DIRECTION('',(0.,1.,0.));
#1697 = DIRECTION('',(0.,-0.,1.));
#1698 = PCURVE('',#128,#1699);
#1699 = DEFINITIONAL_REPRESENTATION('',(#1700),#1708);
#1700 = ( BOUNDED_CURVE() B_SPLINE_CURVE(2,(#1701,#1702,#1703,#1704,
#1705,#1706,#1707),.UNSPECIFIED.,.T.,.F.) B_SPLINE_CURVE_WITH_KNOTS((1,2
    ,2,2,2,1),(-2.094395102393,0.,2.094395102393,4.188790204786,
6.28318530718,8.377580409573),.UNSPECIFIED.) CURVE()
GEOMETRIC_REPRESENTATION_ITEM() RATIONAL_B_SPLINE_CURVE((1.,0.5,1.,0.5,
1.,0.5,1.)) REPRESENTATION_ITEM('') );
#1701 = CARTESIAN_POINT('',(11.910181145444,-16.));
#1702 = CARTESIAN_POINT('',(11.910181145444,-13.66173140978));
#1703 = CARTESIAN_POINT('',(13.935181145444,-14.83086570489));
#1704 = CARTESIAN_POINT('',(15.960181145444,-16.));
#1705 = CARTESIAN_POINT('',(13.935181145444,-17.1691342951));
#1706 = CARTESIAN_POINT('',(11.910181145444,-18.33826859021));
#1707 = CARTESIAN_POINT('',(11.910181145444,-16.));
#1708 = ( GEOMETRIC_REPRESENTATION_CONTEXT(2)
PARAMETRIC_REPRESENTATION_CONTEXT() REPRESENTATION_CONTEXT('2D SPACE',''
  ) );
#1709 = PCURVE('',#920,#1710);
#1710 = DEFINITIONAL_REPRESENTATION('',(#1711),#1715);
#1711 = LINE('',#1712,#1713);
#1712 = CARTESIAN_POINT('',(0.,0.));
#1713 = VECTOR('',#1714,1.);
#1714 = DIRECTION('',(1.,0.));
#1715 = ( GEOMETRIC_REPRESENTATION_CONTEXT(2)
PARAMETRIC_REPRESENTATION_CONTEXT() REPRESENTATION_CONTEXT('2D SPACE',''
  ) );
#1716 = FACE_BOUND('',#1717,.T.);
#1717 = EDGE_LOOP('',(#1718));
#1718 = ORIENTED_EDGE('',*,*,#1719,.T.);
#1719 = EDGE_CURVE('',#1720,#1720,#1722,.T.);
#1720 = VERTEX_POINT('',#1721);
#1721 = CARTESIAN_POINT('',(-1.383850883037E-15,0.,15.65));
#1722 = SURFACE_CURVE('',#1723,(#1728,#1739),.PCURVE_S1.);
#1723 = CIRCLE('',#1724,5.65);
#1724 = AXIS2_PLACEMENT_3D('',#1725,#1726,#1727);
#1725 = CARTESIAN_POINT('',(0.,0.,10.));
#1726 = DIRECTION('',(0.,1.,0.));
#1727 = DIRECTION('',(0.,-0.,1.));
#1728 = PCURVE('',#128,#1729);
#1729 = DEFINITIONAL_REPRESENTATION('',(#1730),#1738);
#1730 = ( BOUNDED_CURVE() B_SPLINE_CURVE(2,(#1731,#1732,#1733,#1734,
#1735,#1736,#1737),.UNSPECIFIED.,.T.,.F.) B_SPLINE_CURVE_WITH_KNOTS((1,2
    ,2,2,2,1),(-2.094395102393,0.,2.094395102393,4.188790204786,
6.28318530718,8.377580409573),.UNSPECIFIED.) CURVE()
GEOMETRIC_REPRESENTATION_ITEM() RATIONAL_B_SPLINE_CURVE((1.,0.5,1.,0.5,
1.,0.5,1.)) REPRESENTATION_ITEM('') );
#1731 = CARTESIAN_POINT('',(-10.38981885455,-9.603494377206E-16));
#1732 = CARTESIAN_POINT('',(-10.38981885455,9.786087062764));
#1733 = CARTESIAN_POINT('',(-1.914818854556,4.893043531382));
#1734 = CARTESIAN_POINT('',(6.560181145444,4.23501445316E-16));
#1735 = CARTESIAN_POINT('',(-1.914818854556,-4.893043531382));
#1736 = CARTESIAN_POINT('',(-10.38981885455,-9.786087062764));
#1737 = CARTESIAN_POINT('',(-10.38981885455,-9.603494377206E-16));
#1738 = ( GEOMETRIC_REPRESENTATION_CONTEXT(2)
PARAMETRIC_REPRESENTATION_CONTEXT() REPRESENTATION_CONTEXT('2D SPACE',''
  ) );
#1739 = PCURVE('',#1740,#1745);
#1740 = CONICAL_SURFACE('',#1741,5.65,0.785398163397);
#1741 = AXIS2_PLACEMENT_3D('',#1742,#1743,#1744);
#1742 = CARTESIAN_POINT('',(0.,0.,10.));
#1743 = DIRECTION('',(-0.,-1.,-0.));
#1744 = DIRECTION('',(0.,-0.,1.));
#1745 = DEFINITIONAL_REPRESENTATION('',(#1746),#1750);
#1746 = LINE('',#1747,#1748);
#1747 = CARTESIAN_POINT('',(-0.,-0.));
#1748 = VECTOR('',#1749,1.);
#1749 = DIRECTION('',(-1.,-0.));
#1750 = ( GEOMETRIC_REPRESENTATION_CONTEXT(2)
PARAMETRIC_REPRESENTATION_CONTEXT() REPRESENTATION_CONTEXT('2D SPACE',''
  ) );
#1751 = FACE_BOUND('',#1752,.T.);
#1752 = EDGE_LOOP('',(#1753));
#1753 = ORIENTED_EDGE('',*,*,#1754,.T.);
#1754 = EDGE_CURVE('',#1755,#1755,#1757,.T.);
#1755 = VERTEX_POINT('',#1756);
#1756 = CARTESIAN_POINT('',(16.,0.,9.35));
#1757 = SURFACE_CURVE('',#1758,(#1763,#1774),.PCURVE_S1.);
#1758 = CIRCLE('',#1759,1.35);
#1759 = AXIS2_PLACEMENT_3D('',#1760,#1761,#1762);
#1760 = CARTESIAN_POINT('',(16.,0.,8.));
#1761 = DIRECTION('',(0.,1.,0.));
#1762 = DIRECTION('',(0.,-0.,1.));
#1763 = PCURVE('',#128,#1764);
#1764 = DEFINITIONAL_REPRESENTATION('',(#1765),#1773);
#1765 = ( BOUNDED_CURVE() B_SPLINE_CURVE(2,(#1766,#1767,#1768,#1769,
#1770,#1771,#1772),.UNSPECIFIED.,.T.,.F.) B_SPLINE_CURVE_WITH_KNOTS((1,2
    ,2,2,2,1),(-2.094395102393,0.,2.094395102393,4.188790204786,
6.28318530718,8.377580409573),.UNSPECIFIED.) CURVE()
GEOMETRIC_REPRESENTATION_ITEM() RATIONAL_B_SPLINE_CURVE((1.,0.5,1.,0.5,
1.,0.5,1.)) REPRESENTATION_ITEM('') );
#1766 = CARTESIAN_POINT('',(-4.089818854556,16.));
#1767 = CARTESIAN_POINT('',(-4.089818854556,18.338268590218));
#1768 = CARTESIAN_POINT('',(-2.064818854556,17.169134295109));
#1769 = CARTESIAN_POINT('',(-3.981885455584E-02,16.));
#1770 = CARTESIAN_POINT('',(-2.064818854556,14.830865704891));
#1771 = CARTESIAN_POINT('',(-4.089818854556,13.661731409782));
#1772 = CARTESIAN_POINT('',(-4.089818854556,16.));
#1773 = ( GEOMETRIC_REPRESENTATION_CONTEXT(2)
PARAMETRIC_REPRESENTATION_CONTEXT() REPRESENTATION_CONTEXT('2D SPACE',''
  ) );
#1774 = PCURVE('',#990,#1775);
#1775 = DEFINITIONAL_REPRESENTATION('',(#1776),#1780);
#1776 = LINE('',#1777,#1778);
#1777 = CARTESIAN_POINT('',(0.,0.));
#1778 = VECTOR('',#1779,1.);
#1779 = DIRECTION('',(1.,0.));
#1780 = ( GEOMETRIC_REPRESENTATION_CONTEXT(2)
PARAMETRIC_REPRESENTATION_CONTEXT() REPRESENTATION_CONTEXT('2D SPACE',''
  ) );
#1781 = FACE_BOUND('',#1782,.T.);
#1782 = EDGE_LOOP('',(#1783));
#1783 = ORIENTED_EDGE('',*,*,#1784,.T.);
#1784 = EDGE_CURVE('',#1785,#1785,#1787,.T.);
#1785 = VERTEX_POINT('',#1786);
#1786 = CARTESIAN_POINT('',(-1.383850883037E-15,0.,-4.35));
#1787 = SURFACE_CURVE('',#1788,(#1793,#1804),.PCURVE_S1.);
#1788 = CIRCLE('',#1789,5.65);
#1789 = AXIS2_PLACEMENT_3D('',#1790,#1791,#1792);
#1790 = CARTESIAN_POINT('',(0.,0.,-10.));
#1791 = DIRECTION('',(0.,1.,0.));
#1792 = DIRECTION('',(0.,-0.,1.));
#1793 = PCURVE('',#128,#1794);
#1794 = DEFINITIONAL_REPRESENTATION('',(#1795),#1803);
#1795 = ( BOUNDED_CURVE() B_SPLINE_CURVE(2,(#1796,#1797,#1798,#1799,
#1800,#1801,#1802),.UNSPECIFIED.,.T.,.F.) B_SPLINE_CURVE_WITH_KNOTS((1,2
    ,2,2,2,1),(-2.094395102393,0.,2.094395102393,4.188790204786,
6.28318530718,8.377580409573),.UNSPECIFIED.) CURVE()
GEOMETRIC_REPRESENTATION_ITEM() RATIONAL_B_SPLINE_CURVE((1.,0.5,1.,0.5,
1.,0.5,1.)) REPRESENTATION_ITEM('') );
#1796 = CARTESIAN_POINT('',(9.610181145444,-9.603494377206E-16));
#1797 = CARTESIAN_POINT('',(9.610181145444,9.786087062764));
#1798 = CARTESIAN_POINT('',(18.085181145444,4.893043531382));
#1799 = CARTESIAN_POINT('',(26.560181145444,4.23501445316E-16));
#1800 = CARTESIAN_POINT('',(18.085181145444,-4.893043531382));
#1801 = CARTESIAN_POINT('',(9.610181145444,-9.786087062764));
#1802 = CARTESIAN_POINT('',(9.610181145444,-9.603494377206E-16));
#1803 = ( GEOMETRIC_REPRESENTATION_CONTEXT(2)
PARAMETRIC_REPRESENTATION_CONTEXT() REPRESENTATION_CONTEXT('2D SPACE',''
  ) );
#1804 = PCURVE('',#1805,#1810);
#1805 = CONICAL_SURFACE('',#1806,5.65,0.785398163397);
#1806 = AXIS2_PLACEMENT_3D('',#1807,#1808,#1809);
#1807 = CARTESIAN_POINT('',(0.,0.,-10.));
#1808 = DIRECTION('',(-0.,-1.,-0.));
#1809 = DIRECTION('',(0.,-0.,1.));
#1810 = DEFINITIONAL_REPRESENTATION('',(#1811),#1815);
#1811 = LINE('',#1812,#1813);
#1812 = CARTESIAN_POINT('',(-0.,-0.));
#1813 = VECTOR('',#1814,1.);
#1814 = DIRECTION('',(-1.,-0.));
#1815 = ( GEOMETRIC_REPRESENTATION_CONTEXT(2)
PARAMETRIC_REPRESENTATION_CONTEXT() REPRESENTATION_CONTEXT('2D SPACE',''
  ) );
#1816 = FACE_BOUND('',#1817,.T.);
#1817 = EDGE_LOOP('',(#1818));
#1818 = ORIENTED_EDGE('',*,*,#1819,.T.);
#1819 = EDGE_CURVE('',#1820,#1820,#1822,.T.);
#1820 = VERTEX_POINT('',#1821);
#1821 = CARTESIAN_POINT('',(16.,0.,-6.65));
#1822 = SURFACE_CURVE('',#1823,(#1828,#1839),.PCURVE_S1.);
#1823 = CIRCLE('',#1824,1.35);
#1824 = AXIS2_PLACEMENT_3D('',#1825,#1826,#1827);
#1825 = CARTESIAN_POINT('',(16.,0.,-8.));
#1826 = DIRECTION('',(0.,1.,0.));
#1827 = DIRECTION('',(0.,-0.,1.));
#1828 = PCURVE('',#128,#1829);
#1829 = DEFINITIONAL_REPRESENTATION('',(#1830),#1838);
#1830 = ( BOUNDED_CURVE() B_SPLINE_CURVE(2,(#1831,#1832,#1833,#1834,
#1835,#1836,#1837),.UNSPECIFIED.,.T.,.F.) B_SPLINE_CURVE_WITH_KNOTS((1,2
    ,2,2,2,1),(-2.094395102393,0.,2.094395102393,4.188790204786,
6.28318530718,8.377580409573),.UNSPECIFIED.) CURVE()
GEOMETRIC_REPRESENTATION_ITEM() RATIONAL_B_SPLINE_CURVE((1.,0.5,1.,0.5,
1.,0.5,1.)) REPRESENTATION_ITEM('') );
#1831 = CARTESIAN_POINT('',(11.910181145444,16.));
#1832 = CARTESIAN_POINT('',(11.910181145444,18.338268590218));
#1833 = CARTESIAN_POINT('',(13.935181145444,17.169134295109));
#1834 = CARTESIAN_POINT('',(15.960181145444,16.));
#1835 = CARTESIAN_POINT('',(13.935181145444,14.830865704891));
#1836 = CARTESIAN_POINT('',(11.910181145444,13.661731409782));
#1837 = CARTESIAN_POINT('',(11.910181145444,16.));
#1838 = ( GEOMETRIC_REPRESENTATION_CONTEXT(2)
PARAMETRIC_REPRESENTATION_CONTEXT() REPRESENTATION_CONTEXT('2D SPACE',''
  ) );
#1839 = PCURVE('',#1060,#1840);
#1840 = DEFINITIONAL_REPRESENTATION('',(#1841),#1845);
#1841 = LINE('',#1842,#1843);
#1842 = CARTESIAN_POINT('',(0.,0.));
#1843 = VECTOR('',#1844,1.);
#1844 = DIRECTION('',(1.,0.));
#1845 = ( GEOMETRIC_REPRESENTATION_CONTEXT(2)
PARAMETRIC_REPRESENTATION_CONTEXT() REPRESENTATION_CONTEXT('2D SPACE',''
  ) );
#1846 = ADVANCED_FACE('',(#1847),#156,.F.);
#1847 = FACE_BOUND('',#1848,.F.);
#1848 = EDGE_LOOP('',(#1849,#1850,#1873,#1901));
#1849 = ORIENTED_EDGE('',*,*,#140,.F.);
#1850 = ORIENTED_EDGE('',*,*,#1851,.T.);
#1851 = EDGE_CURVE('',#113,#1852,#1854,.T.);
#1852 = VERTEX_POINT('',#1853);
#1853 = CARTESIAN_POINT('',(34.,-6.35,-20.));
#1854 = SURFACE_CURVE('',#1855,(#1859,#1866),.PCURVE_S1.);
#1855 = LINE('',#1856,#1857);
#1856 = CARTESIAN_POINT('',(34.,0.,-20.));
#1857 = VECTOR('',#1858,1.);
#1858 = DIRECTION('',(0.,-1.,0.));
#1859 = PCURVE('',#156,#1860);
#1860 = DEFINITIONAL_REPRESENTATION('',(#1861),#1865);
#1861 = LINE('',#1862,#1863);
#1862 = CARTESIAN_POINT('',(2.,0.));
#1863 = VECTOR('',#1864,1.);
#1864 = DIRECTION('',(0.,-1.));
#1865 = ( GEOMETRIC_REPRESENTATION_CONTEXT(2)
PARAMETRIC_REPRESENTATION_CONTEXT() REPRESENTATION_CONTEXT('2D SPACE',''
  ) );
#1866 = PCURVE('',#1310,#1867);
#1867 = DEFINITIONAL_REPRESENTATION('',(#1868),#1872);
#1868 = LINE('',#1869,#1870);
#1869 = CARTESIAN_POINT('',(-0.,0.));
#1870 = VECTOR('',#1871,1.);
#1871 = DIRECTION('',(-0.,1.));
#1872 = ( GEOMETRIC_REPRESENTATION_CONTEXT(2)
PARAMETRIC_REPRESENTATION_CONTEXT() REPRESENTATION_CONTEXT('2D SPACE',''
  ) );
#1873 = ORIENTED_EDGE('',*,*,#1874,.T.);
#1874 = EDGE_CURVE('',#1852,#1875,#1877,.T.);
#1875 = VERTEX_POINT('',#1876);
#1876 = CARTESIAN_POINT('',(49.,-6.35,-20.));
#1877 = SURFACE_CURVE('',#1878,(#1882,#1889),.PCURVE_S1.);
#1878 = LINE('',#1879,#1880);
#1879 = CARTESIAN_POINT('',(32.,-6.35,-20.));
#1880 = VECTOR('',#1881,1.);
#1881 = DIRECTION('',(1.,0.,0.));
#1882 = PCURVE('',#156,#1883);
#1883 = DEFINITIONAL_REPRESENTATION('',(#1884),#1888);
#1884 = LINE('',#1885,#1886);
#1885 = CARTESIAN_POINT('',(0.,-6.35));
#1886 = VECTOR('',#1887,1.);
#1887 = DIRECTION('',(1.,0.));
#1888 = ( GEOMETRIC_REPRESENTATION_CONTEXT(2)
PARAMETRIC_REPRESENTATION_CONTEXT() REPRESENTATION_CONTEXT('2D SPACE',''
  ) );
#1889 = PCURVE('',#1890,#1895);
#1890 = PLANE('',#1891);
#1891 = AXIS2_PLACEMENT_3D('',#1892,#1893,#1894);
#1892 = CARTESIAN_POINT('',(42.504615325669,-6.35,7.978895176337));
#1893 = DIRECTION('',(-0.,-1.,-0.));
#1894 = DIRECTION('',(0.,0.,-1.));
#1895 = DEFINITIONAL_REPRESENTATION('',(#1896),#1900);
#1896 = LINE('',#1897,#1898);
#1897 = CARTESIAN_POINT('',(27.978895176337,-10.50461532566));
#1898 = VECTOR('',#1899,1.);
#1899 = DIRECTION('',(0.,1.));
#1900 = ( GEOMETRIC_REPRESENTATION_CONTEXT(2)
PARAMETRIC_REPRESENTATION_CONTEXT() REPRESENTATION_CONTEXT('2D SPACE',''
  ) );
#1901 = ORIENTED_EDGE('',*,*,#1902,.F.);
#1902 = EDGE_CURVE('',#141,#1875,#1903,.T.);
#1903 = SURFACE_CURVE('',#1904,(#1908,#1915),.PCURVE_S1.);
#1904 = LINE('',#1905,#1906);
#1905 = CARTESIAN_POINT('',(49.,0.,-20.));
#1906 = VECTOR('',#1907,1.);
#1907 = DIRECTION('',(0.,-1.,0.));
#1908 = PCURVE('',#156,#1909);
#1909 = DEFINITIONAL_REPRESENTATION('',(#1910),#1914);
#1910 = LINE('',#1911,#1912);
#1911 = CARTESIAN_POINT('',(17.,0.));
#1912 = VECTOR('',#1913,1.);
#1913 = DIRECTION('',(0.,-1.));
#1914 = ( GEOMETRIC_REPRESENTATION_CONTEXT(2)
PARAMETRIC_REPRESENTATION_CONTEXT() REPRESENTATION_CONTEXT('2D SPACE',''
  ) );
#1915 = PCURVE('',#1168,#1916);
#1916 = DEFINITIONAL_REPRESENTATION('',(#1917),#1921);
#1917 = LINE('',#1918,#1919);
#1918 = CARTESIAN_POINT('',(0.,0.));
#1919 = VECTOR('',#1920,1.);
#1920 = DIRECTION('',(0.,1.));
#1921 = ( GEOMETRIC_REPRESENTATION_CONTEXT(2)
PARAMETRIC_REPRESENTATION_CONTEXT() REPRESENTATION_CONTEXT('2D SPACE',''
  ) );
#1922 = ADVANCED_FACE('',(#1923),#824,.F.);
#1923 = FACE_BOUND('',#1924,.F.);
#1924 = EDGE_LOOP('',(#1925,#1926,#1949,#1975));
#1925 = ORIENTED_EDGE('',*,*,#808,.F.);
#1926 = ORIENTED_EDGE('',*,*,#1927,.T.);
#1927 = EDGE_CURVE('',#780,#1928,#1930,.T.);
#1928 = VERTEX_POINT('',#1929);
#1929 = CARTESIAN_POINT('',(-51.,0.,35.380699));
#1930 = SURFACE_CURVE('',#1931,(#1935,#1942),.PCURVE_S1.);
#1931 = LINE('',#1932,#1933);
#1932 = CARTESIAN_POINT('',(-51.,9.525,35.380699));
#1933 = VECTOR('',#1934,1.);
#1934 = DIRECTION('',(0.,-1.,0.));
#1935 = PCURVE('',#824,#1936);
#1936 = DEFINITIONAL_REPRESENTATION('',(#1937),#1941);
#1937 = LINE('',#1938,#1939);
#1938 = CARTESIAN_POINT('',(2.,0.));
#1939 = VECTOR('',#1940,1.);
#1940 = DIRECTION('',(0.,-1.));
#1941 = ( GEOMETRIC_REPRESENTATION_CONTEXT(2)
PARAMETRIC_REPRESENTATION_CONTEXT() REPRESENTATION_CONTEXT('2D SPACE',''
  ) );
#1942 = PCURVE('',#796,#1943);
#1943 = DEFINITIONAL_REPRESENTATION('',(#1944),#1948);
#1944 = LINE('',#1945,#1946);
#1945 = CARTESIAN_POINT('',(1.570796326795,0.));
#1946 = VECTOR('',#1947,1.);
#1947 = DIRECTION('',(0.,1.));
#1948 = ( GEOMETRIC_REPRESENTATION_CONTEXT(2)
PARAMETRIC_REPRESENTATION_CONTEXT() REPRESENTATION_CONTEXT('2D SPACE',''
  ) );
#1949 = ORIENTED_EDGE('',*,*,#1950,.T.);
#1950 = EDGE_CURVE('',#1928,#1077,#1951,.T.);
#1951 = SURFACE_CURVE('',#1952,(#1956,#1963),.PCURVE_S1.);
#1952 = LINE('',#1953,#1954);
#1953 = CARTESIAN_POINT('',(-51.,0.,37.380699));
#1954 = VECTOR('',#1955,1.);
#1955 = DIRECTION('',(0.,0.,-1.));
#1956 = PCURVE('',#824,#1957);
#1957 = DEFINITIONAL_REPRESENTATION('',(#1958),#1962);
#1958 = LINE('',#1959,#1960);
#1959 = CARTESIAN_POINT('',(0.,-9.525));
#1960 = VECTOR('',#1961,1.);
#1961 = DIRECTION('',(1.,0.));
#1962 = ( GEOMETRIC_REPRESENTATION_CONTEXT(2)
PARAMETRIC_REPRESENTATION_CONTEXT() REPRESENTATION_CONTEXT('2D SPACE',''
  ) );
#1963 = PCURVE('',#1964,#1969);
#1964 = PLANE('',#1965);
#1965 = AXIS2_PLACEMENT_3D('',#1966,#1967,#1968);
#1966 = CARTESIAN_POINT('',(-51.,0.,37.380699));
#1967 = DIRECTION('',(1.,0.,0.));
#1968 = DIRECTION('',(0.,0.,-1.));
#1969 = DEFINITIONAL_REPRESENTATION('',(#1970),#1974);
#1970 = LINE('',#1971,#1972);
#1971 = CARTESIAN_POINT('',(0.,0.));
#1972 = VECTOR('',#1973,1.);
#1973 = DIRECTION('',(1.,0.));
#1974 = ( GEOMETRIC_REPRESENTATION_CONTEXT(2)
PARAMETRIC_REPRESENTATION_CONTEXT() REPRESENTATION_CONTEXT('2D SPACE',''
  ) );
#1975 = ORIENTED_EDGE('',*,*,#1076,.F.);
#1976 = ADVANCED_FACE('',(#1977),#238,.F.);
#1977 = FACE_BOUND('',#1978,.F.);
#1978 = EDGE_LOOP('',(#1979,#1980,#1981,#2009));
#1979 = ORIENTED_EDGE('',*,*,#222,.F.);
#1980 = ORIENTED_EDGE('',*,*,#1130,.T.);
#1981 = ORIENTED_EDGE('',*,*,#1982,.T.);
#1982 = EDGE_CURVE('',#1131,#1983,#1985,.T.);
#1983 = VERTEX_POINT('',#1984);
#1984 = CARTESIAN_POINT('',(51.,0.,35.380699));
#1985 = SURFACE_CURVE('',#1986,(#1990,#1997),.PCURVE_S1.);
#1986 = LINE('',#1987,#1988);
#1987 = CARTESIAN_POINT('',(51.,0.,-20.));
#1988 = VECTOR('',#1989,1.);
#1989 = DIRECTION('',(0.,0.,1.));
#1990 = PCURVE('',#238,#1991);
#1991 = DEFINITIONAL_REPRESENTATION('',(#1992),#1996);
#1992 = LINE('',#1993,#1994);
#1993 = CARTESIAN_POINT('',(0.,-9.525));
#1994 = VECTOR('',#1995,1.);
#1995 = DIRECTION('',(1.,0.));
#1996 = ( GEOMETRIC_REPRESENTATION_CONTEXT(2)
PARAMETRIC_REPRESENTATION_CONTEXT() REPRESENTATION_CONTEXT('2D SPACE',''
  ) );
#1997 = PCURVE('',#1998,#2003);
#1998 = PLANE('',#1999);
#1999 = AXIS2_PLACEMENT_3D('',#2000,#2001,#2002);
#2000 = CARTESIAN_POINT('',(51.,0.,-20.));
#2001 = DIRECTION('',(-1.,0.,0.));
#2002 = DIRECTION('',(0.,0.,1.));
#2003 = DEFINITIONAL_REPRESENTATION('',(#2004),#2008);
#2004 = LINE('',#2005,#2006);
#2005 = CARTESIAN_POINT('',(0.,0.));
#2006 = VECTOR('',#2007,1.);
#2007 = DIRECTION('',(1.,0.));
#2008 = ( GEOMETRIC_REPRESENTATION_CONTEXT(2)
PARAMETRIC_REPRESENTATION_CONTEXT() REPRESENTATION_CONTEXT('2D SPACE',''
  ) );
#2009 = ORIENTED_EDGE('',*,*,#2010,.F.);
#2010 = EDGE_CURVE('',#223,#1983,#2011,.T.);
#2011 = SURFACE_CURVE('',#2012,(#2016,#2023),.PCURVE_S1.);
#2012 = LINE('',#2013,#2014);
#2013 = CARTESIAN_POINT('',(51.,9.525,35.380699));
#2014 = VECTOR('',#2015,1.);
#2015 = DIRECTION('',(0.,-1.,0.));
#2016 = PCURVE('',#238,#2017);
#2017 = DEFINITIONAL_REPRESENTATION('',(#2018),#2022);
#2018 = LINE('',#2019,#2020);
#2019 = CARTESIAN_POINT('',(55.380699,0.));
#2020 = VECTOR('',#2021,1.);
#2021 = DIRECTION('',(0.,-1.));
#2022 = ( GEOMETRIC_REPRESENTATION_CONTEXT(2)
PARAMETRIC_REPRESENTATION_CONTEXT() REPRESENTATION_CONTEXT('2D SPACE',''
  ) );
#2023 = PCURVE('',#267,#2024);
#2024 = DEFINITIONAL_REPRESENTATION('',(#2025),#2029);
#2025 = LINE('',#2026,#2027);
#2026 = CARTESIAN_POINT('',(0.,0.));
#2027 = VECTOR('',#2028,1.);
#2028 = DIRECTION('',(0.,1.));
#2029 = ( GEOMETRIC_REPRESENTATION_CONTEXT(2)
PARAMETRIC_REPRESENTATION_CONTEXT() REPRESENTATION_CONTEXT('2D SPACE',''
  ) );
#2030 = ADVANCED_FACE('',(#2031),#796,.T.);
#2031 = FACE_BOUND('',#2032,.T.);
#2032 = EDGE_LOOP('',(#2033,#2034,#2035,#2063));
#2033 = ORIENTED_EDGE('',*,*,#779,.T.);
#2034 = ORIENTED_EDGE('',*,*,#1927,.T.);
#2035 = ORIENTED_EDGE('',*,*,#2036,.F.);
#2036 = EDGE_CURVE('',#2037,#1928,#2039,.T.);
#2037 = VERTEX_POINT('',#2038);
#2038 = CARTESIAN_POINT('',(-49.,0.,37.380699));
#2039 = SURFACE_CURVE('',#2040,(#2045,#2052),.PCURVE_S1.);
#2040 = CIRCLE('',#2041,2.);
#2041 = AXIS2_PLACEMENT_3D('',#2042,#2043,#2044);
#2042 = CARTESIAN_POINT('',(-49.,0.,35.380699));
#2043 = DIRECTION('',(0.,-1.,0.));
#2044 = DIRECTION('',(0.,-0.,-1.));
#2045 = PCURVE('',#796,#2046);
#2046 = DEFINITIONAL_REPRESENTATION('',(#2047),#2051);
#2047 = LINE('',#2048,#2049);
#2048 = CARTESIAN_POINT('',(-3.14159265359,9.525));
#2049 = VECTOR('',#2050,1.);
#2050 = DIRECTION('',(1.,0.));
#2051 = ( GEOMETRIC_REPRESENTATION_CONTEXT(2)
PARAMETRIC_REPRESENTATION_CONTEXT() REPRESENTATION_CONTEXT('2D SPACE',''
  ) );
#2052 = PCURVE('',#2053,#2058);
#2053 = CYLINDRICAL_SURFACE('',#2054,2.);
#2054 = AXIS2_PLACEMENT_3D('',#2055,#2056,#2057);
#2055 = CARTESIAN_POINT('',(-49.,0.,35.380699));
#2056 = DIRECTION('',(0.,-1.,0.));
#2057 = DIRECTION('',(-0.,0.,1.));
#2058 = DEFINITIONAL_REPRESENTATION('',(#2059),#2062);
#2059 = B_SPLINE_CURVE_WITH_KNOTS('',1,(#2060,#2061),.UNSPECIFIED.,.F.,
  .F.,(2,2),(3.14159265359,4.712388980385),.PIECEWISE_BEZIER_KNOTS.);
#2060 = CARTESIAN_POINT('',(0.,0.));
#2061 = CARTESIAN_POINT('',(1.570796326795,0.));
#2062 = ( GEOMETRIC_REPRESENTATION_CONTEXT(2)
PARAMETRIC_REPRESENTATION_CONTEXT() REPRESENTATION_CONTEXT('2D SPACE',''
  ) );
#2063 = ORIENTED_EDGE('',*,*,#2064,.F.);
#2064 = EDGE_CURVE('',#752,#2037,#2065,.T.);
#2065 = SURFACE_CURVE('',#2066,(#2070,#2077),.PCURVE_S1.);
#2066 = LINE('',#2067,#2068);
#2067 = CARTESIAN_POINT('',(-49.,9.525,37.380699));
#2068 = VECTOR('',#2069,1.);
#2069 = DIRECTION('',(0.,-1.,0.));
#2070 = PCURVE('',#796,#2071);
#2071 = DEFINITIONAL_REPRESENTATION('',(#2072),#2076);
#2072 = LINE('',#2073,#2074);
#2073 = CARTESIAN_POINT('',(0.,0.));
#2074 = VECTOR('',#2075,1.);
#2075 = DIRECTION('',(0.,1.));
#2076 = ( GEOMETRIC_REPRESENTATION_CONTEXT(2)
PARAMETRIC_REPRESENTATION_CONTEXT() REPRESENTATION_CONTEXT('2D SPACE',''
  ) );
#2077 = PCURVE('',#767,#2078);
#2078 = DEFINITIONAL_REPRESENTATION('',(#2079),#2083);
#2079 = LINE('',#2080,#2081);
#2080 = CARTESIAN_POINT('',(14.,0.));
#2081 = VECTOR('',#2082,1.);
#2082 = DIRECTION('',(0.,-1.));
#2083 = ( GEOMETRIC_REPRESENTATION_CONTEXT(2)
PARAMETRIC_REPRESENTATION_CONTEXT() REPRESENTATION_CONTEXT('2D SPACE',''
  ) );
#2084 = ADVANCED_FACE('',(#2085),#267,.T.);
#2085 = FACE_BOUND('',#2086,.T.);
#2086 = EDGE_LOOP('',(#2087,#2088,#2111,#2137));
#2087 = ORIENTED_EDGE('',*,*,#250,.T.);
#2088 = ORIENTED_EDGE('',*,*,#2089,.T.);
#2089 = EDGE_CURVE('',#251,#2090,#2092,.T.);
#2090 = VERTEX_POINT('',#2091);
#2091 = CARTESIAN_POINT('',(49.,0.,37.380699));
#2092 = SURFACE_CURVE('',#2093,(#2097,#2104),.PCURVE_S1.);
#2093 = LINE('',#2094,#2095);
#2094 = CARTESIAN_POINT('',(49.,9.525,37.380699));
#2095 = VECTOR('',#2096,1.);
#2096 = DIRECTION('',(0.,-1.,0.));
#2097 = PCURVE('',#267,#2098);
#2098 = DEFINITIONAL_REPRESENTATION('',(#2099),#2103);
#2099 = LINE('',#2100,#2101);
#2100 = CARTESIAN_POINT('',(1.570796326795,0.));
#2101 = VECTOR('',#2102,1.);
#2102 = DIRECTION('',(0.,1.));
#2103 = ( GEOMETRIC_REPRESENTATION_CONTEXT(2)
PARAMETRIC_REPRESENTATION_CONTEXT() REPRESENTATION_CONTEXT('2D SPACE',''
  ) );
#2104 = PCURVE('',#295,#2105);
#2105 = DEFINITIONAL_REPRESENTATION('',(#2106),#2110);
#2106 = LINE('',#2107,#2108);
#2107 = CARTESIAN_POINT('',(2.,0.));
#2108 = VECTOR('',#2109,1.);
#2109 = DIRECTION('',(0.,-1.));
#2110 = ( GEOMETRIC_REPRESENTATION_CONTEXT(2)
PARAMETRIC_REPRESENTATION_CONTEXT() REPRESENTATION_CONTEXT('2D SPACE',''
  ) );
#2111 = ORIENTED_EDGE('',*,*,#2112,.F.);
#2112 = EDGE_CURVE('',#1983,#2090,#2113,.T.);
#2113 = SURFACE_CURVE('',#2114,(#2119,#2126),.PCURVE_S1.);
#2114 = CIRCLE('',#2115,2.);
#2115 = AXIS2_PLACEMENT_3D('',#2116,#2117,#2118);
#2116 = CARTESIAN_POINT('',(49.,0.,35.380699));
#2117 = DIRECTION('',(0.,-1.,0.));
#2118 = DIRECTION('',(0.,-0.,-1.));
#2119 = PCURVE('',#267,#2120);
#2120 = DEFINITIONAL_REPRESENTATION('',(#2121),#2125);
#2121 = LINE('',#2122,#2123);
#2122 = CARTESIAN_POINT('',(-1.570796326795,9.525));
#2123 = VECTOR('',#2124,1.);
#2124 = DIRECTION('',(1.,0.));
#2125 = ( GEOMETRIC_REPRESENTATION_CONTEXT(2)
PARAMETRIC_REPRESENTATION_CONTEXT() REPRESENTATION_CONTEXT('2D SPACE',''
  ) );
#2126 = PCURVE('',#2127,#2132);
#2127 = CYLINDRICAL_SURFACE('',#2128,2.);
#2128 = AXIS2_PLACEMENT_3D('',#2129,#2130,#2131);
#2129 = CARTESIAN_POINT('',(49.,0.,35.380699));
#2130 = DIRECTION('',(0.,-1.,0.));
#2131 = DIRECTION('',(1.,0.,-0.));
#2132 = DEFINITIONAL_REPRESENTATION('',(#2133),#2136);
#2133 = B_SPLINE_CURVE_WITH_KNOTS('',1,(#2134,#2135),.UNSPECIFIED.,.F.,
  .F.,(2,2),(1.570796326795,3.14159265359),.PIECEWISE_BEZIER_KNOTS.);
#2134 = CARTESIAN_POINT('',(0.,0.));
#2135 = CARTESIAN_POINT('',(1.570796326795,0.));
#2136 = ( GEOMETRIC_REPRESENTATION_CONTEXT(2)
PARAMETRIC_REPRESENTATION_CONTEXT() REPRESENTATION_CONTEXT('2D SPACE',''
  ) );
#2137 = ORIENTED_EDGE('',*,*,#2010,.F.);
#2138 = ADVANCED_FACE('',(#2139),#767,.F.);
#2139 = FACE_BOUND('',#2140,.F.);
#2140 = EDGE_LOOP('',(#2141,#2142,#2165,#2191));
#2141 = ORIENTED_EDGE('',*,*,#751,.F.);
#2142 = ORIENTED_EDGE('',*,*,#2143,.T.);
#2143 = EDGE_CURVE('',#723,#2144,#2146,.T.);
#2144 = VERTEX_POINT('',#2145);
#2145 = CARTESIAN_POINT('',(-37.,0.,37.380699));
#2146 = SURFACE_CURVE('',#2147,(#2151,#2158),.PCURVE_S1.);
#2147 = LINE('',#2148,#2149);
#2148 = CARTESIAN_POINT('',(-37.,9.525,37.380699));
#2149 = VECTOR('',#2150,1.);
#2150 = DIRECTION('',(0.,-1.,0.));
#2151 = PCURVE('',#767,#2152);
#2152 = DEFINITIONAL_REPRESENTATION('',(#2153),#2157);
#2153 = LINE('',#2154,#2155);
#2154 = CARTESIAN_POINT('',(2.,0.));
#2155 = VECTOR('',#2156,1.);
#2156 = DIRECTION('',(0.,-1.));
#2157 = ( GEOMETRIC_REPRESENTATION_CONTEXT(2)
PARAMETRIC_REPRESENTATION_CONTEXT() REPRESENTATION_CONTEXT('2D SPACE',''
  ) );
#2158 = PCURVE('',#739,#2159);
#2159 = DEFINITIONAL_REPRESENTATION('',(#2160),#2164);
#2160 = LINE('',#2161,#2162);
#2161 = CARTESIAN_POINT('',(1.570796326795,0.));
#2162 = VECTOR('',#2163,1.);
#2163 = DIRECTION('',(0.,1.));
#2164 = ( GEOMETRIC_REPRESENTATION_CONTEXT(2)
PARAMETRIC_REPRESENTATION_CONTEXT() REPRESENTATION_CONTEXT('2D SPACE',''
  ) );
#2165 = ORIENTED_EDGE('',*,*,#2166,.T.);
#2166 = EDGE_CURVE('',#2144,#2037,#2167,.T.);
#2167 = SURFACE_CURVE('',#2168,(#2172,#2179),.PCURVE_S1.);
#2168 = LINE('',#2169,#2170);
#2169 = CARTESIAN_POINT('',(-35.,0.,37.380699));
#2170 = VECTOR('',#2171,1.);
#2171 = DIRECTION('',(-1.,0.,0.));
#2172 = PCURVE('',#767,#2173);
#2173 = DEFINITIONAL_REPRESENTATION('',(#2174),#2178);
#2174 = LINE('',#2175,#2176);
#2175 = CARTESIAN_POINT('',(0.,-9.525));
#2176 = VECTOR('',#2177,1.);
#2177 = DIRECTION('',(1.,0.));
#2178 = ( GEOMETRIC_REPRESENTATION_CONTEXT(2)
PARAMETRIC_REPRESENTATION_CONTEXT() REPRESENTATION_CONTEXT('2D SPACE',''
  ) );
#2179 = PCURVE('',#2180,#2185);
#2180 = PLANE('',#2181);
#2181 = AXIS2_PLACEMENT_3D('',#2182,#2183,#2184);
#2182 = CARTESIAN_POINT('',(-35.,0.,37.380699));
#2183 = DIRECTION('',(-0.,-0.,-1.));
#2184 = DIRECTION('',(-1.,0.,0.));
#2185 = DEFINITIONAL_REPRESENTATION('',(#2186),#2190);
#2186 = LINE('',#2187,#2188);
#2187 = CARTESIAN_POINT('',(0.,0.));
#2188 = VECTOR('',#2189,1.);
#2189 = DIRECTION('',(1.,0.));
#2190 = ( GEOMETRIC_REPRESENTATION_CONTEXT(2)
PARAMETRIC_REPRESENTATION_CONTEXT() REPRESENTATION_CONTEXT('2D SPACE',''
  ) );
#2191 = ORIENTED_EDGE('',*,*,#2064,.F.);
#2192 = ADVANCED_FACE('',(#2193),#295,.F.);
#2193 = FACE_BOUND('',#2194,.F.);
#2194 = EDGE_LOOP('',(#2195,#2196,#2197,#2225));
#2195 = ORIENTED_EDGE('',*,*,#279,.F.);
#2196 = ORIENTED_EDGE('',*,*,#2089,.T.);
#2197 = ORIENTED_EDGE('',*,*,#2198,.T.);
#2198 = EDGE_CURVE('',#2090,#2199,#2201,.T.);
#2199 = VERTEX_POINT('',#2200);
#2200 = CARTESIAN_POINT('',(37.,0.,37.380699));
#2201 = SURFACE_CURVE('',#2202,(#2206,#2213),.PCURVE_S1.);
#2202 = LINE('',#2203,#2204);
#2203 = CARTESIAN_POINT('',(51.,0.,37.380699));
#2204 = VECTOR('',#2205,1.);
#2205 = DIRECTION('',(-1.,0.,0.));
#2206 = PCURVE('',#295,#2207);
#2207 = DEFINITIONAL_REPRESENTATION('',(#2208),#2212);
#2208 = LINE('',#2209,#2210);
#2209 = CARTESIAN_POINT('',(0.,-9.525));
#2210 = VECTOR('',#2211,1.);
#2211 = DIRECTION('',(1.,0.));
#2212 = ( GEOMETRIC_REPRESENTATION_CONTEXT(2)
PARAMETRIC_REPRESENTATION_CONTEXT() REPRESENTATION_CONTEXT('2D SPACE',''
  ) );
#2213 = PCURVE('',#2214,#2219);
#2214 = PLANE('',#2215);
#2215 = AXIS2_PLACEMENT_3D('',#2216,#2217,#2218);
#2216 = CARTESIAN_POINT('',(51.,0.,37.380699));
#2217 = DIRECTION('',(-0.,-0.,-1.));
#2218 = DIRECTION('',(-1.,0.,0.));
#2219 = DEFINITIONAL_REPRESENTATION('',(#2220),#2224);
#2220 = LINE('',#2221,#2222);
#2221 = CARTESIAN_POINT('',(0.,0.));
#2222 = VECTOR('',#2223,1.);
#2223 = DIRECTION('',(1.,0.));
#2224 = ( GEOMETRIC_REPRESENTATION_CONTEXT(2)
PARAMETRIC_REPRESENTATION_CONTEXT() REPRESENTATION_CONTEXT('2D SPACE',''
  ) );
#2225 = ORIENTED_EDGE('',*,*,#2226,.F.);
#2226 = EDGE_CURVE('',#280,#2199,#2227,.T.);
#2227 = SURFACE_CURVE('',#2228,(#2232,#2239),.PCURVE_S1.);
#2228 = LINE('',#2229,#2230);
#2229 = CARTESIAN_POINT('',(37.,9.525,37.380699));
#2230 = VECTOR('',#2231,1.);
#2231 = DIRECTION('',(0.,-1.,0.));
#2232 = PCURVE('',#295,#2233);
#2233 = DEFINITIONAL_REPRESENTATION('',(#2234),#2238);
#2234 = LINE('',#2235,#2236);
#2235 = CARTESIAN_POINT('',(14.,0.));
#2236 = VECTOR('',#2237,1.);
#2237 = DIRECTION('',(0.,-1.));
#2238 = ( GEOMETRIC_REPRESENTATION_CONTEXT(2)
PARAMETRIC_REPRESENTATION_CONTEXT() REPRESENTATION_CONTEXT('2D SPACE',''
  ) );
#2239 = PCURVE('',#324,#2240);
#2240 = DEFINITIONAL_REPRESENTATION('',(#2241),#2245);
#2241 = LINE('',#2242,#2243);
#2242 = CARTESIAN_POINT('',(0.,0.));
#2243 = VECTOR('',#2244,1.);
#2244 = DIRECTION('',(0.,1.));
#2245 = ( GEOMETRIC_REPRESENTATION_CONTEXT(2)
PARAMETRIC_REPRESENTATION_CONTEXT() REPRESENTATION_CONTEXT('2D SPACE',''
  ) );
#2246 = ADVANCED_FACE('',(#2247),#739,.T.);
#2247 = FACE_BOUND('',#2248,.T.);
#2248 = EDGE_LOOP('',(#2249,#2250,#2251,#2279));
#2249 = ORIENTED_EDGE('',*,*,#722,.T.);
#2250 = ORIENTED_EDGE('',*,*,#2143,.T.);
#2251 = ORIENTED_EDGE('',*,*,#2252,.F.);
#2252 = EDGE_CURVE('',#2253,#2144,#2255,.T.);
#2253 = VERTEX_POINT('',#2254);
#2254 = CARTESIAN_POINT('',(-35.,0.,35.380699));
#2255 = SURFACE_CURVE('',#2256,(#2261,#2268),.PCURVE_S1.);
#2256 = CIRCLE('',#2257,2.);
#2257 = AXIS2_PLACEMENT_3D('',#2258,#2259,#2260);
#2258 = CARTESIAN_POINT('',(-37.,0.,35.380699));
#2259 = DIRECTION('',(0.,-1.,0.));
#2260 = DIRECTION('',(0.,-0.,-1.));
#2261 = PCURVE('',#739,#2262);
#2262 = DEFINITIONAL_REPRESENTATION('',(#2263),#2267);
#2263 = LINE('',#2264,#2265);
#2264 = CARTESIAN_POINT('',(-1.570796326795,9.525));
#2265 = VECTOR('',#2266,1.);
#2266 = DIRECTION('',(1.,0.));
#2267 = ( GEOMETRIC_REPRESENTATION_CONTEXT(2)
PARAMETRIC_REPRESENTATION_CONTEXT() REPRESENTATION_CONTEXT('2D SPACE',''
  ) );
#2268 = PCURVE('',#2269,#2274);
#2269 = CYLINDRICAL_SURFACE('',#2270,2.);
#2270 = AXIS2_PLACEMENT_3D('',#2271,#2272,#2273);
#2271 = CARTESIAN_POINT('',(-37.,0.,35.380699));
#2272 = DIRECTION('',(0.,-1.,0.));
#2273 = DIRECTION('',(1.,0.,-0.));
#2274 = DEFINITIONAL_REPRESENTATION('',(#2275),#2278);
#2275 = B_SPLINE_CURVE_WITH_KNOTS('',1,(#2276,#2277),.UNSPECIFIED.,.F.,
  .F.,(2,2),(1.570796326795,3.14159265359),.PIECEWISE_BEZIER_KNOTS.);
#2276 = CARTESIAN_POINT('',(0.,0.));
#2277 = CARTESIAN_POINT('',(1.570796326795,0.));
#2278 = ( GEOMETRIC_REPRESENTATION_CONTEXT(2)
PARAMETRIC_REPRESENTATION_CONTEXT() REPRESENTATION_CONTEXT('2D SPACE',''
  ) );
#2279 = ORIENTED_EDGE('',*,*,#2280,.F.);
#2280 = EDGE_CURVE('',#695,#2253,#2281,.T.);
#2281 = SURFACE_CURVE('',#2282,(#2286,#2293),.PCURVE_S1.);
#2282 = LINE('',#2283,#2284);
#2283 = CARTESIAN_POINT('',(-35.,9.525,35.380699));
#2284 = VECTOR('',#2285,1.);
#2285 = DIRECTION('',(0.,-1.,0.));
#2286 = PCURVE('',#739,#2287);
#2287 = DEFINITIONAL_REPRESENTATION('',(#2288),#2292);
#2288 = LINE('',#2289,#2290);
#2289 = CARTESIAN_POINT('',(0.,0.));
#2290 = VECTOR('',#2291,1.);
#2291 = DIRECTION('',(0.,1.));
#2292 = ( GEOMETRIC_REPRESENTATION_CONTEXT(2)
PARAMETRIC_REPRESENTATION_CONTEXT() REPRESENTATION_CONTEXT('2D SPACE',''
  ) );
#2293 = PCURVE('',#710,#2294);
#2294 = DEFINITIONAL_REPRESENTATION('',(#2295),#2299);
#2295 = LINE('',#2296,#2297);
#2296 = CARTESIAN_POINT('',(45.380699,0.));
#2297 = VECTOR('',#2298,1.);
#2298 = DIRECTION('',(0.,-1.));
#2299 = ( GEOMETRIC_REPRESENTATION_CONTEXT(2)
PARAMETRIC_REPRESENTATION_CONTEXT() REPRESENTATION_CONTEXT('2D SPACE',''
  ) );
#2300 = ADVANCED_FACE('',(#2301),#324,.T.);
#2301 = FACE_BOUND('',#2302,.T.);
#2302 = EDGE_LOOP('',(#2303,#2304,#2327,#2353));
#2303 = ORIENTED_EDGE('',*,*,#307,.T.);
#2304 = ORIENTED_EDGE('',*,*,#2305,.T.);
#2305 = EDGE_CURVE('',#308,#2306,#2308,.T.);
#2306 = VERTEX_POINT('',#2307);
#2307 = CARTESIAN_POINT('',(35.,0.,35.380699));
#2308 = SURFACE_CURVE('',#2309,(#2313,#2320),.PCURVE_S1.);
#2309 = LINE('',#2310,#2311);
#2310 = CARTESIAN_POINT('',(35.,9.525,35.380699));
#2311 = VECTOR('',#2312,1.);
#2312 = DIRECTION('',(0.,-1.,0.));
#2313 = PCURVE('',#324,#2314);
#2314 = DEFINITIONAL_REPRESENTATION('',(#2315),#2319);
#2315 = LINE('',#2316,#2317);
#2316 = CARTESIAN_POINT('',(1.570796326795,0.));
#2317 = VECTOR('',#2318,1.);
#2318 = DIRECTION('',(0.,1.));
#2319 = ( GEOMETRIC_REPRESENTATION_CONTEXT(2)
PARAMETRIC_REPRESENTATION_CONTEXT() REPRESENTATION_CONTEXT('2D SPACE',''
  ) );
#2320 = PCURVE('',#352,#2321);
#2321 = DEFINITIONAL_REPRESENTATION('',(#2322),#2326);
#2322 = LINE('',#2323,#2324);
#2323 = CARTESIAN_POINT('',(2.,0.));
#2324 = VECTOR('',#2325,1.);
#2325 = DIRECTION('',(0.,-1.));
#2326 = ( GEOMETRIC_REPRESENTATION_CONTEXT(2)
PARAMETRIC_REPRESENTATION_CONTEXT() REPRESENTATION_CONTEXT('2D SPACE',''
  ) );
#2327 = ORIENTED_EDGE('',*,*,#2328,.F.);
#2328 = EDGE_CURVE('',#2199,#2306,#2329,.T.);
#2329 = SURFACE_CURVE('',#2330,(#2335,#2342),.PCURVE_S1.);
#2330 = CIRCLE('',#2331,2.);
#2331 = AXIS2_PLACEMENT_3D('',#2332,#2333,#2334);
#2332 = CARTESIAN_POINT('',(37.,0.,35.380699));
#2333 = DIRECTION('',(0.,-1.,0.));
#2334 = DIRECTION('',(0.,-0.,-1.));
#2335 = PCURVE('',#324,#2336);
#2336 = DEFINITIONAL_REPRESENTATION('',(#2337),#2341);
#2337 = LINE('',#2338,#2339);
#2338 = CARTESIAN_POINT('',(-3.14159265359,9.525));
#2339 = VECTOR('',#2340,1.);
#2340 = DIRECTION('',(1.,0.));
#2341 = ( GEOMETRIC_REPRESENTATION_CONTEXT(2)
PARAMETRIC_REPRESENTATION_CONTEXT() REPRESENTATION_CONTEXT('2D SPACE',''
  ) );
#2342 = PCURVE('',#2343,#2348);
#2343 = CYLINDRICAL_SURFACE('',#2344,2.);
#2344 = AXIS2_PLACEMENT_3D('',#2345,#2346,#2347);
#2345 = CARTESIAN_POINT('',(37.,0.,35.380699));
#2346 = DIRECTION('',(0.,-1.,0.));
#2347 = DIRECTION('',(-0.,0.,1.));
#2348 = DEFINITIONAL_REPRESENTATION('',(#2349),#2352);
#2349 = B_SPLINE_CURVE_WITH_KNOTS('',1,(#2350,#2351),.UNSPECIFIED.,.F.,
  .F.,(2,2),(3.14159265359,4.712388980385),.PIECEWISE_BEZIER_KNOTS.);
#2350 = CARTESIAN_POINT('',(0.,0.));
#2351 = CARTESIAN_POINT('',(1.570796326795,0.));
#2352 = ( GEOMETRIC_REPRESENTATION_CONTEXT(2)
PARAMETRIC_REPRESENTATION_CONTEXT() REPRESENTATION_CONTEXT('2D SPACE',''
  ) );
#2353 = ORIENTED_EDGE('',*,*,#2226,.F.);
#2354 = ADVANCED_FACE('',(#2355),#710,.F.);
#2355 = FACE_BOUND('',#2356,.F.);
#2356 = EDGE_LOOP('',(#2357,#2358,#2381,#2409,#2435));
#2357 = ORIENTED_EDGE('',*,*,#694,.F.);
#2358 = ORIENTED_EDGE('',*,*,#2359,.T.);
#2359 = EDGE_CURVE('',#662,#2360,#2362,.T.);
#2360 = VERTEX_POINT('',#2361);
#2361 = CARTESIAN_POINT('',(-35.,0.,-8.));
#2362 = SURFACE_CURVE('',#2363,(#2367,#2374),.PCURVE_S1.);
#2363 = LINE('',#2364,#2365);
#2364 = CARTESIAN_POINT('',(-35.,9.525,-8.));
#2365 = VECTOR('',#2366,1.);
#2366 = DIRECTION('',(0.,-1.,0.));
#2367 = PCURVE('',#710,#2368);
#2368 = DEFINITIONAL_REPRESENTATION('',(#2369),#2373);
#2369 = LINE('',#2370,#2371);
#2370 = CARTESIAN_POINT('',(2.,0.));
#2371 = VECTOR('',#2372,1.);
#2372 = DIRECTION('',(0.,-1.));
#2373 = ( GEOMETRIC_REPRESENTATION_CONTEXT(2)
PARAMETRIC_REPRESENTATION_CONTEXT() REPRESENTATION_CONTEXT('2D SPACE',''
  ) );
#2374 = PCURVE('',#682,#2375);
#2375 = DEFINITIONAL_REPRESENTATION('',(#2376),#2380);
#2376 = LINE('',#2377,#2378);
#2377 = CARTESIAN_POINT('',(-1.570796326795,0.));
#2378 = VECTOR('',#2379,1.);
#2379 = DIRECTION('',(-0.,1.));
#2380 = ( GEOMETRIC_REPRESENTATION_CONTEXT(2)
PARAMETRIC_REPRESENTATION_CONTEXT() REPRESENTATION_CONTEXT('2D SPACE',''
  ) );
#2381 = ORIENTED_EDGE('',*,*,#2382,.T.);
#2382 = EDGE_CURVE('',#2360,#2383,#2385,.T.);
#2383 = VERTEX_POINT('',#2384);
#2384 = CARTESIAN_POINT('',(-35.,0.,-6.171572875254));
#2385 = SURFACE_CURVE('',#2386,(#2390,#2397),.PCURVE_S1.);
#2386 = LINE('',#2387,#2388);
#2387 = CARTESIAN_POINT('',(-35.,0.,-10.));
#2388 = VECTOR('',#2389,1.);
#2389 = DIRECTION('',(0.,0.,1.));
#2390 = PCURVE('',#710,#2391);
#2391 = DEFINITIONAL_REPRESENTATION('',(#2392),#2396);
#2392 = LINE('',#2393,#2394);
#2393 = CARTESIAN_POINT('',(0.,-9.525));
#2394 = VECTOR('',#2395,1.);
#2395 = DIRECTION('',(1.,0.));
#2396 = ( GEOMETRIC_REPRESENTATION_CONTEXT(2)
PARAMETRIC_REPRESENTATION_CONTEXT() REPRESENTATION_CONTEXT('2D SPACE',''
  ) );
#2397 = PCURVE('',#2398,#2403);
#2398 = PLANE('',#2399);
#2399 = AXIS2_PLACEMENT_3D('',#2400,#2401,#2402);
#2400 = CARTESIAN_POINT('',(-42.50461532566,0.,7.978895176337));
#2401 = DIRECTION('',(-0.,-1.,-0.));
#2402 = DIRECTION('',(0.,0.,-1.));
#2403 = DEFINITIONAL_REPRESENTATION('',(#2404),#2408);
#2404 = LINE('',#2405,#2406);
#2405 = CARTESIAN_POINT('',(17.978895176337,7.504615325669));
#2406 = VECTOR('',#2407,1.);
#2407 = DIRECTION('',(-1.,0.));
#2408 = ( GEOMETRIC_REPRESENTATION_CONTEXT(2)
PARAMETRIC_REPRESENTATION_CONTEXT() REPRESENTATION_CONTEXT('2D SPACE',''
  ) );
#2409 = ORIENTED_EDGE('',*,*,#2410,.T.);
#2410 = EDGE_CURVE('',#2383,#2253,#2411,.T.);
#2411 = SURFACE_CURVE('',#2412,(#2416,#2423),.PCURVE_S1.);
#2412 = LINE('',#2413,#2414);
#2413 = CARTESIAN_POINT('',(-35.,0.,-10.));
#2414 = VECTOR('',#2415,1.);
#2415 = DIRECTION('',(0.,0.,1.));
#2416 = PCURVE('',#710,#2417);
#2417 = DEFINITIONAL_REPRESENTATION('',(#2418),#2422);
#2418 = LINE('',#2419,#2420);
#2419 = CARTESIAN_POINT('',(0.,-9.525));
#2420 = VECTOR('',#2421,1.);
#2421 = DIRECTION('',(1.,0.));
#2422 = ( GEOMETRIC_REPRESENTATION_CONTEXT(2)
PARAMETRIC_REPRESENTATION_CONTEXT() REPRESENTATION_CONTEXT('2D SPACE',''
  ) );
#2423 = PCURVE('',#2424,#2429);
#2424 = PLANE('',#2425);
#2425 = AXIS2_PLACEMENT_3D('',#2426,#2427,#2428);
#2426 = CARTESIAN_POINT('',(-35.,0.,-7.));
#2427 = DIRECTION('',(-1.,0.,0.));
#2428 = DIRECTION('',(0.,0.,1.));
#2429 = DEFINITIONAL_REPRESENTATION('',(#2430),#2434);
#2430 = LINE('',#2431,#2432);
#2431 = CARTESIAN_POINT('',(-3.,0.));
#2432 = VECTOR('',#2433,1.);
#2433 = DIRECTION('',(1.,0.));
#2434 = ( GEOMETRIC_REPRESENTATION_CONTEXT(2)
PARAMETRIC_REPRESENTATION_CONTEXT() REPRESENTATION_CONTEXT('2D SPACE',''
  ) );
#2435 = ORIENTED_EDGE('',*,*,#2280,.F.);
#2436 = ADVANCED_FACE('',(#2437),#352,.F.);
#2437 = FACE_BOUND('',#2438,.F.);
#2438 = EDGE_LOOP('',(#2439,#2440,#2441,#2469,#2497));
#2439 = ORIENTED_EDGE('',*,*,#336,.F.);
#2440 = ORIENTED_EDGE('',*,*,#2305,.T.);
#2441 = ORIENTED_EDGE('',*,*,#2442,.T.);
#2442 = EDGE_CURVE('',#2306,#2443,#2445,.T.);
#2443 = VERTEX_POINT('',#2444);
#2444 = CARTESIAN_POINT('',(35.,0.,-6.171572875254));
#2445 = SURFACE_CURVE('',#2446,(#2450,#2457),.PCURVE_S1.);
#2446 = LINE('',#2447,#2448);
#2447 = CARTESIAN_POINT('',(35.,0.,37.380699));
#2448 = VECTOR('',#2449,1.);
#2449 = DIRECTION('',(0.,0.,-1.));
#2450 = PCURVE('',#352,#2451);
#2451 = DEFINITIONAL_REPRESENTATION('',(#2452),#2456);
#2452 = LINE('',#2453,#2454);
#2453 = CARTESIAN_POINT('',(0.,-9.525));
#2454 = VECTOR('',#2455,1.);
#2455 = DIRECTION('',(1.,0.));
#2456 = ( GEOMETRIC_REPRESENTATION_CONTEXT(2)
PARAMETRIC_REPRESENTATION_CONTEXT() REPRESENTATION_CONTEXT('2D SPACE',''
  ) );
#2457 = PCURVE('',#2458,#2463);
#2458 = PLANE('',#2459);
#2459 = AXIS2_PLACEMENT_3D('',#2460,#2461,#2462);
#2460 = CARTESIAN_POINT('',(35.,0.,37.380699));
#2461 = DIRECTION('',(1.,0.,0.));
#2462 = DIRECTION('',(0.,0.,-1.));
#2463 = DEFINITIONAL_REPRESENTATION('',(#2464),#2468);
#2464 = LINE('',#2465,#2466);
#2465 = CARTESIAN_POINT('',(0.,0.));
#2466 = VECTOR('',#2467,1.);
#2467 = DIRECTION('',(1.,0.));
#2468 = ( GEOMETRIC_REPRESENTATION_CONTEXT(2)
PARAMETRIC_REPRESENTATION_CONTEXT() REPRESENTATION_CONTEXT('2D SPACE',''
  ) );
#2469 = ORIENTED_EDGE('',*,*,#2470,.T.);
#2470 = EDGE_CURVE('',#2443,#2471,#2473,.T.);
#2471 = VERTEX_POINT('',#2472);
#2472 = CARTESIAN_POINT('',(35.,0.,-8.));
#2473 = SURFACE_CURVE('',#2474,(#2478,#2485),.PCURVE_S1.);
#2474 = LINE('',#2475,#2476);
#2475 = CARTESIAN_POINT('',(35.,0.,37.380699));
#2476 = VECTOR('',#2477,1.);
#2477 = DIRECTION('',(0.,0.,-1.));
#2478 = PCURVE('',#352,#2479);
#2479 = DEFINITIONAL_REPRESENTATION('',(#2480),#2484);
#2480 = LINE('',#2481,#2482);
#2481 = CARTESIAN_POINT('',(0.,-9.525));
#2482 = VECTOR('',#2483,1.);
#2483 = DIRECTION('',(1.,0.));
#2484 = ( GEOMETRIC_REPRESENTATION_CONTEXT(2)
PARAMETRIC_REPRESENTATION_CONTEXT() REPRESENTATION_CONTEXT('2D SPACE',''
  ) );
#2485 = PCURVE('',#2486,#2491);
#2486 = PLANE('',#2487);
#2487 = AXIS2_PLACEMENT_3D('',#2488,#2489,#2490);
#2488 = CARTESIAN_POINT('',(42.504615325669,0.,7.978895176337));
#2489 = DIRECTION('',(-0.,-1.,-0.));
#2490 = DIRECTION('',(0.,0.,-1.));
#2491 = DEFINITIONAL_REPRESENTATION('',(#2492),#2496);
#2492 = LINE('',#2493,#2494);
#2493 = CARTESIAN_POINT('',(-29.40180382366,-7.504615325669));
#2494 = VECTOR('',#2495,1.);
#2495 = DIRECTION('',(1.,0.));
#2496 = ( GEOMETRIC_REPRESENTATION_CONTEXT(2)
PARAMETRIC_REPRESENTATION_CONTEXT() REPRESENTATION_CONTEXT('2D SPACE',''
  ) );
#2497 = ORIENTED_EDGE('',*,*,#2498,.F.);
#2498 = EDGE_CURVE('',#337,#2471,#2499,.T.);
#2499 = SURFACE_CURVE('',#2500,(#2504,#2511),.PCURVE_S1.);
#2500 = LINE('',#2501,#2502);
#2501 = CARTESIAN_POINT('',(35.,9.525,-8.));
#2502 = VECTOR('',#2503,1.);
#2503 = DIRECTION('',(0.,-1.,0.));
#2504 = PCURVE('',#352,#2505);
#2505 = DEFINITIONAL_REPRESENTATION('',(#2506),#2510);
#2506 = LINE('',#2507,#2508);
#2507 = CARTESIAN_POINT('',(45.380699,0.));
#2508 = VECTOR('',#2509,1.);
#2509 = DIRECTION('',(0.,-1.));
#2510 = ( GEOMETRIC_REPRESENTATION_CONTEXT(2)
PARAMETRIC_REPRESENTATION_CONTEXT() REPRESENTATION_CONTEXT('2D SPACE',''
  ) );
#2511 = PCURVE('',#385,#2512);
#2512 = DEFINITIONAL_REPRESENTATION('',(#2513),#2517);
#2513 = LINE('',#2514,#2515);
#2514 = CARTESIAN_POINT('',(-0.,0.));
#2515 = VECTOR('',#2516,1.);
#2516 = DIRECTION('',(-0.,1.));
#2517 = ( GEOMETRIC_REPRESENTATION_CONTEXT(2)
PARAMETRIC_REPRESENTATION_CONTEXT() REPRESENTATION_CONTEXT('2D SPACE',''
  ) );
#2518 = ADVANCED_FACE('',(#2519),#682,.F.);
#2519 = FACE_BOUND('',#2520,.T.);
#2520 = EDGE_LOOP('',(#2521,#2522,#2523,#2551));
#2521 = ORIENTED_EDGE('',*,*,#661,.T.);
#2522 = ORIENTED_EDGE('',*,*,#2359,.T.);
#2523 = ORIENTED_EDGE('',*,*,#2524,.F.);
#2524 = EDGE_CURVE('',#2525,#2360,#2527,.T.);
#2525 = VERTEX_POINT('',#2526);
#2526 = CARTESIAN_POINT('',(-33.,0.,-10.));
#2527 = SURFACE_CURVE('',#2528,(#2533,#2540),.PCURVE_S1.);
#2528 = CIRCLE('',#2529,2.);
#2529 = AXIS2_PLACEMENT_3D('',#2530,#2531,#2532);
#2530 = CARTESIAN_POINT('',(-33.,0.,-8.));
#2531 = DIRECTION('',(-0.,1.,0.));
#2532 = DIRECTION('',(0.,0.,-1.));
#2533 = PCURVE('',#682,#2534);
#2534 = DEFINITIONAL_REPRESENTATION('',(#2535),#2539);
#2535 = LINE('',#2536,#2537);
#2536 = CARTESIAN_POINT('',(-0.,9.525));
#2537 = VECTOR('',#2538,1.);
#2538 = DIRECTION('',(-1.,0.));
#2539 = ( GEOMETRIC_REPRESENTATION_CONTEXT(2)
PARAMETRIC_REPRESENTATION_CONTEXT() REPRESENTATION_CONTEXT('2D SPACE',''
  ) );
#2540 = PCURVE('',#2398,#2541);
#2541 = DEFINITIONAL_REPRESENTATION('',(#2542),#2550);
#2542 = ( BOUNDED_CURVE() B_SPLINE_CURVE(2,(#2543,#2544,#2545,#2546,
#2547,#2548,#2549),.UNSPECIFIED.,.T.,.F.) B_SPLINE_CURVE_WITH_KNOTS((1,2
    ,2,2,2,1),(-2.094395102393,0.,2.094395102393,4.188790204786,
6.28318530718,8.377580409573),.UNSPECIFIED.) CURVE()
GEOMETRIC_REPRESENTATION_ITEM() RATIONAL_B_SPLINE_CURVE((1.,0.5,1.,0.5,
1.,0.5,1.)) REPRESENTATION_ITEM('') );
#2543 = CARTESIAN_POINT('',(17.978895176337,9.504615325669));
#2544 = CARTESIAN_POINT('',(17.978895176337,6.040513710532));
#2545 = CARTESIAN_POINT('',(14.978895176337,7.7725645181));
#2546 = CARTESIAN_POINT('',(11.978895176337,9.504615325669));
#2547 = CARTESIAN_POINT('',(14.978895176337,11.236666133238));
#2548 = CARTESIAN_POINT('',(17.978895176337,12.968716940807));
#2549 = CARTESIAN_POINT('',(17.978895176337,9.504615325669));
#2550 = ( GEOMETRIC_REPRESENTATION_CONTEXT(2)
PARAMETRIC_REPRESENTATION_CONTEXT() REPRESENTATION_CONTEXT('2D SPACE',''
  ) );
#2551 = ORIENTED_EDGE('',*,*,#2552,.F.);
#2552 = EDGE_CURVE('',#634,#2525,#2553,.T.);
#2553 = SURFACE_CURVE('',#2554,(#2558,#2565),.PCURVE_S1.);
#2554 = LINE('',#2555,#2556);
#2555 = CARTESIAN_POINT('',(-33.,9.525,-10.));
#2556 = VECTOR('',#2557,1.);
#2557 = DIRECTION('',(0.,-1.,0.));
#2558 = PCURVE('',#682,#2559);
#2559 = DEFINITIONAL_REPRESENTATION('',(#2560),#2564);
#2560 = LINE('',#2561,#2562);
#2561 = CARTESIAN_POINT('',(-0.,0.));
#2562 = VECTOR('',#2563,1.);
#2563 = DIRECTION('',(-0.,1.));
#2564 = ( GEOMETRIC_REPRESENTATION_CONTEXT(2)
PARAMETRIC_REPRESENTATION_CONTEXT() REPRESENTATION_CONTEXT('2D SPACE',''
  ) );
#2565 = PCURVE('',#649,#2566);
#2566 = DEFINITIONAL_REPRESENTATION('',(#2567),#2571);
#2567 = LINE('',#2568,#2569);
#2568 = CARTESIAN_POINT('',(9.,0.));
#2569 = VECTOR('',#2570,1.);
#2570 = DIRECTION('',(0.,-1.));
#2571 = ( GEOMETRIC_REPRESENTATION_CONTEXT(2)
PARAMETRIC_REPRESENTATION_CONTEXT() REPRESENTATION_CONTEXT('2D SPACE',''
  ) );
#2572 = ADVANCED_FACE('',(#2573),#385,.F.);
#2573 = FACE_BOUND('',#2574,.T.);
#2574 = EDGE_LOOP('',(#2575,#2576,#2599,#2625));
#2575 = ORIENTED_EDGE('',*,*,#364,.T.);
#2576 = ORIENTED_EDGE('',*,*,#2577,.T.);
#2577 = EDGE_CURVE('',#365,#2578,#2580,.T.);
#2578 = VERTEX_POINT('',#2579);
#2579 = CARTESIAN_POINT('',(33.,0.,-10.));
#2580 = SURFACE_CURVE('',#2581,(#2585,#2592),.PCURVE_S1.);
#2581 = LINE('',#2582,#2583);
#2582 = CARTESIAN_POINT('',(33.,9.525,-10.));
#2583 = VECTOR('',#2584,1.);
#2584 = DIRECTION('',(0.,-1.,0.));
#2585 = PCURVE('',#385,#2586);
#2586 = DEFINITIONAL_REPRESENTATION('',(#2587),#2591);
#2587 = LINE('',#2588,#2589);
#2588 = CARTESIAN_POINT('',(-1.570796326795,0.));
#2589 = VECTOR('',#2590,1.);
#2590 = DIRECTION('',(-0.,1.));
#2591 = ( GEOMETRIC_REPRESENTATION_CONTEXT(2)
PARAMETRIC_REPRESENTATION_CONTEXT() REPRESENTATION_CONTEXT('2D SPACE',''
  ) );
#2592 = PCURVE('',#413,#2593);
#2593 = DEFINITIONAL_REPRESENTATION('',(#2594),#2598);
#2594 = LINE('',#2595,#2596);
#2595 = CARTESIAN_POINT('',(2.,0.));
#2596 = VECTOR('',#2597,1.);
#2597 = DIRECTION('',(0.,-1.));
#2598 = ( GEOMETRIC_REPRESENTATION_CONTEXT(2)
PARAMETRIC_REPRESENTATION_CONTEXT() REPRESENTATION_CONTEXT('2D SPACE',''
  ) );
#2599 = ORIENTED_EDGE('',*,*,#2600,.F.);
#2600 = EDGE_CURVE('',#2471,#2578,#2601,.T.);
#2601 = SURFACE_CURVE('',#2602,(#2607,#2614),.PCURVE_S1.);
#2602 = CIRCLE('',#2603,2.);
#2603 = AXIS2_PLACEMENT_3D('',#2604,#2605,#2606);
#2604 = CARTESIAN_POINT('',(33.,0.,-8.));
#2605 = DIRECTION('',(-0.,1.,0.));
#2606 = DIRECTION('',(0.,0.,-1.));
#2607 = PCURVE('',#385,#2608);
#2608 = DEFINITIONAL_REPRESENTATION('',(#2609),#2613);
#2609 = LINE('',#2610,#2611);
#2610 = CARTESIAN_POINT('',(4.712388980385,9.525));
#2611 = VECTOR('',#2612,1.);
#2612 = DIRECTION('',(-1.,0.));
#2613 = ( GEOMETRIC_REPRESENTATION_CONTEXT(2)
PARAMETRIC_REPRESENTATION_CONTEXT() REPRESENTATION_CONTEXT('2D SPACE',''
  ) );
#2614 = PCURVE('',#2486,#2615);
#2615 = DEFINITIONAL_REPRESENTATION('',(#2616),#2624);
#2616 = ( BOUNDED_CURVE() B_SPLINE_CURVE(2,(#2617,#2618,#2619,#2620,
#2621,#2622,#2623),.UNSPECIFIED.,.T.,.F.) B_SPLINE_CURVE_WITH_KNOTS((1,2
    ,2,2,2,1),(-2.094395102393,0.,2.094395102393,4.188790204786,
6.28318530718,8.377580409573),.UNSPECIFIED.) CURVE()
GEOMETRIC_REPRESENTATION_ITEM() RATIONAL_B_SPLINE_CURVE((1.,0.5,1.,0.5,
1.,0.5,1.)) REPRESENTATION_ITEM('') );
#2617 = CARTESIAN_POINT('',(17.978895176337,-9.504615325669));
#2618 = CARTESIAN_POINT('',(17.978895176337,-12.9687169408));
#2619 = CARTESIAN_POINT('',(14.978895176337,-11.23666613323));
#2620 = CARTESIAN_POINT('',(11.978895176337,-9.504615325669));
#2621 = CARTESIAN_POINT('',(14.978895176337,-7.7725645181));
#2622 = CARTESIAN_POINT('',(17.978895176337,-6.040513710532));
#2623 = CARTESIAN_POINT('',(17.978895176337,-9.504615325669));
#2624 = ( GEOMETRIC_REPRESENTATION_CONTEXT(2)
PARAMETRIC_REPRESENTATION_CONTEXT() REPRESENTATION_CONTEXT('2D SPACE',''
  ) );
#2625 = ORIENTED_EDGE('',*,*,#2498,.F.);
#2626 = ADVANCED_FACE('',(#2627),#649,.F.);
#2627 = FACE_BOUND('',#2628,.F.);
#2628 = EDGE_LOOP('',(#2629,#2630,#2651,#2652,#2673));
#2629 = ORIENTED_EDGE('',*,*,#633,.F.);
#2630 = ORIENTED_EDGE('',*,*,#2631,.T.);
#2631 = EDGE_CURVE('',#601,#1548,#2632,.T.);
#2632 = SURFACE_CURVE('',#2633,(#2637,#2644),.PCURVE_S1.);
#2633 = LINE('',#2634,#2635);
#2634 = CARTESIAN_POINT('',(-26.,9.525,-10.));
#2635 = VECTOR('',#2636,1.);
#2636 = DIRECTION('',(0.,-1.,0.));
#2637 = PCURVE('',#649,#2638);
#2638 = DEFINITIONAL_REPRESENTATION('',(#2639),#2643);
#2639 = LINE('',#2640,#2641);
#2640 = CARTESIAN_POINT('',(2.,0.));
#2641 = VECTOR('',#2642,1.);
#2642 = DIRECTION('',(0.,-1.));
#2643 = ( GEOMETRIC_REPRESENTATION_CONTEXT(2)
PARAMETRIC_REPRESENTATION_CONTEXT() REPRESENTATION_CONTEXT('2D SPACE',''
  ) );
#2644 = PCURVE('',#621,#2645);
#2645 = DEFINITIONAL_REPRESENTATION('',(#2646),#2650);
#2646 = LINE('',#2647,#2648);
#2647 = CARTESIAN_POINT('',(-1.570796326795,0.));
#2648 = VECTOR('',#2649,1.);
#2649 = DIRECTION('',(-0.,1.));
#2650 = ( GEOMETRIC_REPRESENTATION_CONTEXT(2)
PARAMETRIC_REPRESENTATION_CONTEXT() REPRESENTATION_CONTEXT('2D SPACE',''
  ) );
#2651 = ORIENTED_EDGE('',*,*,#1575,.T.);
#2652 = ORIENTED_EDGE('',*,*,#2653,.T.);
#2653 = EDGE_CURVE('',#1576,#2525,#2654,.T.);
#2654 = SURFACE_CURVE('',#2655,(#2659,#2666),.PCURVE_S1.);
#2655 = LINE('',#2656,#2657);
#2656 = CARTESIAN_POINT('',(-24.,0.,-10.));
#2657 = VECTOR('',#2658,1.);
#2658 = DIRECTION('',(-1.,0.,0.));
#2659 = PCURVE('',#649,#2660);
#2660 = DEFINITIONAL_REPRESENTATION('',(#2661),#2665);
#2661 = LINE('',#2662,#2663);
#2662 = CARTESIAN_POINT('',(0.,-9.525));
#2663 = VECTOR('',#2664,1.);
#2664 = DIRECTION('',(1.,0.));
#2665 = ( GEOMETRIC_REPRESENTATION_CONTEXT(2)
PARAMETRIC_REPRESENTATION_CONTEXT() REPRESENTATION_CONTEXT('2D SPACE',''
  ) );
#2666 = PCURVE('',#2398,#2667);
#2667 = DEFINITIONAL_REPRESENTATION('',(#2668),#2672);
#2668 = LINE('',#2669,#2670);
#2669 = CARTESIAN_POINT('',(17.978895176337,18.504615325669));
#2670 = VECTOR('',#2671,1.);
#2671 = DIRECTION('',(0.,-1.));
#2672 = ( GEOMETRIC_REPRESENTATION_CONTEXT(2)
PARAMETRIC_REPRESENTATION_CONTEXT() REPRESENTATION_CONTEXT('2D SPACE',''
  ) );
#2673 = ORIENTED_EDGE('',*,*,#2552,.F.);
#2674 = ADVANCED_FACE('',(#2675),#413,.F.);
#2675 = FACE_BOUND('',#2676,.F.);
#2676 = EDGE_LOOP('',(#2677,#2678,#2679,#2700,#2701));
#2677 = ORIENTED_EDGE('',*,*,#397,.F.);
#2678 = ORIENTED_EDGE('',*,*,#2577,.T.);
#2679 = ORIENTED_EDGE('',*,*,#2680,.T.);
#2680 = EDGE_CURVE('',#2578,#1351,#2681,.T.);
#2681 = SURFACE_CURVE('',#2682,(#2686,#2693),.PCURVE_S1.);
#2682 = LINE('',#2683,#2684);
#2683 = CARTESIAN_POINT('',(35.,0.,-10.));
#2684 = VECTOR('',#2685,1.);
#2685 = DIRECTION('',(-1.,0.,0.));
#2686 = PCURVE('',#413,#2687);
#2687 = DEFINITIONAL_REPRESENTATION('',(#2688),#2692);
#2688 = LINE('',#2689,#2690);
#2689 = CARTESIAN_POINT('',(0.,-9.525));
#2690 = VECTOR('',#2691,1.);
#2691 = DIRECTION('',(1.,0.));
#2692 = ( GEOMETRIC_REPRESENTATION_CONTEXT(2)
PARAMETRIC_REPRESENTATION_CONTEXT() REPRESENTATION_CONTEXT('2D SPACE',''
  ) );
#2693 = PCURVE('',#2486,#2694);
#2694 = DEFINITIONAL_REPRESENTATION('',(#2695),#2699);
#2695 = LINE('',#2696,#2697);
#2696 = CARTESIAN_POINT('',(17.978895176337,-7.504615325669));
#2697 = VECTOR('',#2698,1.);
#2698 = DIRECTION('',(0.,-1.));
#2699 = ( GEOMETRIC_REPRESENTATION_CONTEXT(2)
PARAMETRIC_REPRESENTATION_CONTEXT() REPRESENTATION_CONTEXT('2D SPACE',''
  ) );
#2700 = ORIENTED_EDGE('',*,*,#1379,.T.);
#2701 = ORIENTED_EDGE('',*,*,#2702,.F.);
#2702 = EDGE_CURVE('',#398,#1380,#2703,.T.);
#2703 = SURFACE_CURVE('',#2704,(#2708,#2715),.PCURVE_S1.);
#2704 = LINE('',#2705,#2706);
#2705 = CARTESIAN_POINT('',(26.,9.525,-10.));
#2706 = VECTOR('',#2707,1.);
#2707 = DIRECTION('',(0.,-1.,0.));
#2708 = PCURVE('',#413,#2709);
#2709 = DEFINITIONAL_REPRESENTATION('',(#2710),#2714);
#2710 = LINE('',#2711,#2712);
#2711 = CARTESIAN_POINT('',(9.,0.));
#2712 = VECTOR('',#2713,1.);
#2713 = DIRECTION('',(0.,-1.));
#2714 = ( GEOMETRIC_REPRESENTATION_CONTEXT(2)
PARAMETRIC_REPRESENTATION_CONTEXT() REPRESENTATION_CONTEXT('2D SPACE',''
  ) );
#2715 = PCURVE('',#446,#2716);
#2716 = DEFINITIONAL_REPRESENTATION('',(#2717),#2721);
#2717 = LINE('',#2718,#2719);
#2718 = CARTESIAN_POINT('',(-0.,0.));
#2719 = VECTOR('',#2720,1.);
#2720 = DIRECTION('',(-0.,1.));
#2721 = ( GEOMETRIC_REPRESENTATION_CONTEXT(2)
PARAMETRIC_REPRESENTATION_CONTEXT() REPRESENTATION_CONTEXT('2D SPACE',''
  ) );
#2722 = ADVANCED_FACE('',(#2723),#621,.F.);
#2723 = FACE_BOUND('',#2724,.T.);
#2724 = EDGE_LOOP('',(#2725,#2726,#2727,#2728));
#2725 = ORIENTED_EDGE('',*,*,#600,.T.);
#2726 = ORIENTED_EDGE('',*,*,#2631,.T.);
#2727 = ORIENTED_EDGE('',*,*,#1547,.F.);
#2728 = ORIENTED_EDGE('',*,*,#2729,.F.);
#2729 = EDGE_CURVE('',#573,#1525,#2730,.T.);
#2730 = SURFACE_CURVE('',#2731,(#2735,#2742),.PCURVE_S1.);
#2731 = LINE('',#2732,#2733);
#2732 = CARTESIAN_POINT('',(-24.,9.525,-8.));
#2733 = VECTOR('',#2734,1.);
#2734 = DIRECTION('',(0.,-1.,0.));
#2735 = PCURVE('',#621,#2736);
#2736 = DEFINITIONAL_REPRESENTATION('',(#2737),#2741);
#2737 = LINE('',#2738,#2739);
#2738 = CARTESIAN_POINT('',(-0.,0.));
#2739 = VECTOR('',#2740,1.);
#2740 = DIRECTION('',(-0.,1.));
#2741 = ( GEOMETRIC_REPRESENTATION_CONTEXT(2)
PARAMETRIC_REPRESENTATION_CONTEXT() REPRESENTATION_CONTEXT('2D SPACE',''
  ) );
#2742 = PCURVE('',#588,#2743);
#2743 = DEFINITIONAL_REPRESENTATION('',(#2744),#2748);
#2744 = LINE('',#2745,#2746);
#2745 = CARTESIAN_POINT('',(28.,0.));
#2746 = VECTOR('',#2747,1.);
#2747 = DIRECTION('',(0.,-1.));
#2748 = ( GEOMETRIC_REPRESENTATION_CONTEXT(2)
PARAMETRIC_REPRESENTATION_CONTEXT() REPRESENTATION_CONTEXT('2D SPACE',''
  ) );
#2749 = ADVANCED_FACE('',(#2750),#446,.F.);
#2750 = FACE_BOUND('',#2751,.T.);
#2751 = EDGE_LOOP('',(#2752,#2753,#2774,#2775));
#2752 = ORIENTED_EDGE('',*,*,#425,.T.);
#2753 = ORIENTED_EDGE('',*,*,#2754,.T.);
#2754 = EDGE_CURVE('',#426,#1403,#2755,.T.);
#2755 = SURFACE_CURVE('',#2756,(#2760,#2767),.PCURVE_S1.);
#2756 = LINE('',#2757,#2758);
#2757 = CARTESIAN_POINT('',(24.,9.525,-8.));
#2758 = VECTOR('',#2759,1.);
#2759 = DIRECTION('',(0.,-1.,0.));
#2760 = PCURVE('',#446,#2761);
#2761 = DEFINITIONAL_REPRESENTATION('',(#2762),#2766);
#2762 = LINE('',#2763,#2764);
#2763 = CARTESIAN_POINT('',(-1.570796326795,0.));
#2764 = VECTOR('',#2765,1.);
#2765 = DIRECTION('',(-0.,1.));
#2766 = ( GEOMETRIC_REPRESENTATION_CONTEXT(2)
PARAMETRIC_REPRESENTATION_CONTEXT() REPRESENTATION_CONTEXT('2D SPACE',''
  ) );
#2767 = PCURVE('',#474,#2768);
#2768 = DEFINITIONAL_REPRESENTATION('',(#2769),#2773);
#2769 = LINE('',#2770,#2771);
#2770 = CARTESIAN_POINT('',(2.,0.));
#2771 = VECTOR('',#2772,1.);
#2772 = DIRECTION('',(0.,-1.));
#2773 = ( GEOMETRIC_REPRESENTATION_CONTEXT(2)
PARAMETRIC_REPRESENTATION_CONTEXT() REPRESENTATION_CONTEXT('2D SPACE',''
  ) );
#2774 = ORIENTED_EDGE('',*,*,#1402,.F.);
#2775 = ORIENTED_EDGE('',*,*,#2702,.F.);
#2776 = ADVANCED_FACE('',(#2777),#588,.F.);
#2777 = FACE_BOUND('',#2778,.F.);
#2778 = EDGE_LOOP('',(#2779,#2780,#2801,#2802));
#2779 = ORIENTED_EDGE('',*,*,#572,.F.);
#2780 = ORIENTED_EDGE('',*,*,#2781,.T.);
#2781 = EDGE_CURVE('',#544,#1501,#2782,.T.);
#2782 = SURFACE_CURVE('',#2783,(#2787,#2794),.PCURVE_S1.);
#2783 = LINE('',#2784,#2785);
#2784 = CARTESIAN_POINT('',(-24.,9.525,18.));
#2785 = VECTOR('',#2786,1.);
#2786 = DIRECTION('',(0.,-1.,0.));
#2787 = PCURVE('',#588,#2788);
#2788 = DEFINITIONAL_REPRESENTATION('',(#2789),#2793);
#2789 = LINE('',#2790,#2791);
#2790 = CARTESIAN_POINT('',(2.,0.));
#2791 = VECTOR('',#2792,1.);
#2792 = DIRECTION('',(0.,-1.));
#2793 = ( GEOMETRIC_REPRESENTATION_CONTEXT(2)
PARAMETRIC_REPRESENTATION_CONTEXT() REPRESENTATION_CONTEXT('2D SPACE',''
  ) );
#2794 = PCURVE('',#560,#2795);
#2795 = DEFINITIONAL_REPRESENTATION('',(#2796),#2800);
#2796 = LINE('',#2797,#2798);
#2797 = CARTESIAN_POINT('',(1.570796326795,0.));
#2798 = VECTOR('',#2799,1.);
#2799 = DIRECTION('',(0.,1.));
#2800 = ( GEOMETRIC_REPRESENTATION_CONTEXT(2)
PARAMETRIC_REPRESENTATION_CONTEXT() REPRESENTATION_CONTEXT('2D SPACE',''
  ) );
#2801 = ORIENTED_EDGE('',*,*,#1524,.T.);
#2802 = ORIENTED_EDGE('',*,*,#2729,.F.);
#2803 = ADVANCED_FACE('',(#2804),#474,.F.);
#2804 = FACE_BOUND('',#2805,.F.);
#2805 = EDGE_LOOP('',(#2806,#2807,#2808,#2809));
#2806 = ORIENTED_EDGE('',*,*,#458,.F.);
#2807 = ORIENTED_EDGE('',*,*,#2754,.T.);
#2808 = ORIENTED_EDGE('',*,*,#1430,.T.);
#2809 = ORIENTED_EDGE('',*,*,#2810,.F.);
#2810 = EDGE_CURVE('',#459,#1431,#2811,.T.);
#2811 = SURFACE_CURVE('',#2812,(#2816,#2823),.PCURVE_S1.);
#2812 = LINE('',#2813,#2814);
#2813 = CARTESIAN_POINT('',(24.,9.525,18.));
#2814 = VECTOR('',#2815,1.);
#2815 = DIRECTION('',(0.,-1.,0.));
#2816 = PCURVE('',#474,#2817);
#2817 = DEFINITIONAL_REPRESENTATION('',(#2818),#2822);
#2818 = LINE('',#2819,#2820);
#2819 = CARTESIAN_POINT('',(28.,0.));
#2820 = VECTOR('',#2821,1.);
#2821 = DIRECTION('',(0.,-1.));
#2822 = ( GEOMETRIC_REPRESENTATION_CONTEXT(2)
PARAMETRIC_REPRESENTATION_CONTEXT() REPRESENTATION_CONTEXT('2D SPACE',''
  ) );
#2823 = PCURVE('',#503,#2824);
#2824 = DEFINITIONAL_REPRESENTATION('',(#2825),#2829);
#2825 = LINE('',#2826,#2827);
#2826 = CARTESIAN_POINT('',(0.,0.));
#2827 = VECTOR('',#2828,1.);
#2828 = DIRECTION('',(0.,1.));
#2829 = ( GEOMETRIC_REPRESENTATION_CONTEXT(2)
PARAMETRIC_REPRESENTATION_CONTEXT() REPRESENTATION_CONTEXT('2D SPACE',''
  ) );
#2830 = ADVANCED_FACE('',(#2831),#560,.T.);
#2831 = FACE_BOUND('',#2832,.T.);
#2832 = EDGE_LOOP('',(#2833,#2834,#2835,#2836));
#2833 = ORIENTED_EDGE('',*,*,#543,.T.);
#2834 = ORIENTED_EDGE('',*,*,#2781,.T.);
#2835 = ORIENTED_EDGE('',*,*,#1500,.F.);
#2836 = ORIENTED_EDGE('',*,*,#2837,.F.);
#2837 = EDGE_CURVE('',#516,#1478,#2838,.T.);
#2838 = SURFACE_CURVE('',#2839,(#2843,#2850),.PCURVE_S1.);
#2839 = LINE('',#2840,#2841);
#2840 = CARTESIAN_POINT('',(-22.,9.525,20.));
#2841 = VECTOR('',#2842,1.);
#2842 = DIRECTION('',(0.,-1.,0.));
#2843 = PCURVE('',#560,#2844);
#2844 = DEFINITIONAL_REPRESENTATION('',(#2845),#2849);
#2845 = LINE('',#2846,#2847);
#2846 = CARTESIAN_POINT('',(0.,0.));
#2847 = VECTOR('',#2848,1.);
#2848 = DIRECTION('',(0.,1.));
#2849 = ( GEOMETRIC_REPRESENTATION_CONTEXT(2)
PARAMETRIC_REPRESENTATION_CONTEXT() REPRESENTATION_CONTEXT('2D SPACE',''
  ) );
#2850 = PCURVE('',#531,#2851);
#2851 = DEFINITIONAL_REPRESENTATION('',(#2852),#2856);
#2852 = LINE('',#2853,#2854);
#2853 = CARTESIAN_POINT('',(46.,0.));
#2854 = VECTOR('',#2855,1.);
#2855 = DIRECTION('',(0.,-1.));
#2856 = ( GEOMETRIC_REPRESENTATION_CONTEXT(2)
PARAMETRIC_REPRESENTATION_CONTEXT() REPRESENTATION_CONTEXT('2D SPACE',''
  ) );
#2857 = ADVANCED_FACE('',(#2858),#503,.T.);
#2858 = FACE_BOUND('',#2859,.T.);
#2859 = EDGE_LOOP('',(#2860,#2861,#2882,#2883));
#2860 = ORIENTED_EDGE('',*,*,#486,.T.);
#2861 = ORIENTED_EDGE('',*,*,#2862,.T.);
#2862 = EDGE_CURVE('',#487,#1454,#2863,.T.);
#2863 = SURFACE_CURVE('',#2864,(#2868,#2875),.PCURVE_S1.);
#2864 = LINE('',#2865,#2866);
#2865 = CARTESIAN_POINT('',(22.,9.525,20.));
#2866 = VECTOR('',#2867,1.);
#2867 = DIRECTION('',(0.,-1.,0.));
#2868 = PCURVE('',#503,#2869);
#2869 = DEFINITIONAL_REPRESENTATION('',(#2870),#2874);
#2870 = LINE('',#2871,#2872);
#2871 = CARTESIAN_POINT('',(1.570796326795,0.));
#2872 = VECTOR('',#2873,1.);
#2873 = DIRECTION('',(0.,1.));
#2874 = ( GEOMETRIC_REPRESENTATION_CONTEXT(2)
PARAMETRIC_REPRESENTATION_CONTEXT() REPRESENTATION_CONTEXT('2D SPACE',''
  ) );
#2875 = PCURVE('',#531,#2876);
#2876 = DEFINITIONAL_REPRESENTATION('',(#2877),#2881);
#2877 = LINE('',#2878,#2879);
#2878 = CARTESIAN_POINT('',(2.,0.));
#2879 = VECTOR('',#2880,1.);
#2880 = DIRECTION('',(0.,-1.));
#2881 = ( GEOMETRIC_REPRESENTATION_CONTEXT(2)
PARAMETRIC_REPRESENTATION_CONTEXT() REPRESENTATION_CONTEXT('2D SPACE',''
  ) );
#2882 = ORIENTED_EDGE('',*,*,#1453,.F.);
#2883 = ORIENTED_EDGE('',*,*,#2810,.F.);
#2884 = ADVANCED_FACE('',(#2885),#531,.F.);
#2885 = FACE_BOUND('',#2886,.F.);
#2886 = EDGE_LOOP('',(#2887,#2888,#2889,#2890));
#2887 = ORIENTED_EDGE('',*,*,#515,.F.);
#2888 = ORIENTED_EDGE('',*,*,#2862,.T.);
#2889 = ORIENTED_EDGE('',*,*,#1477,.T.);
#2890 = ORIENTED_EDGE('',*,*,#2837,.F.);
#2891 = ADVANCED_FACE('',(#2892),#885,.F.);
#2892 = FACE_BOUND('',#2893,.F.);
#2893 = EDGE_LOOP('',(#2894,#2895,#2916,#2917));
#2894 = ORIENTED_EDGE('',*,*,#864,.F.);
#2895 = ORIENTED_EDGE('',*,*,#2896,.F.);
#2896 = EDGE_CURVE('',#1660,#865,#2897,.T.);
#2897 = SEAM_CURVE('',#2898,(#2902,#2909),.PCURVE_S1.);
#2898 = LINE('',#2899,#2900);
#2899 = CARTESIAN_POINT('',(-16.,0.,9.35));
#2900 = VECTOR('',#2901,1.);
#2901 = DIRECTION('',(0.,1.,0.));
#2902 = PCURVE('',#885,#2903);
#2903 = DEFINITIONAL_REPRESENTATION('',(#2904),#2908);
#2904 = LINE('',#2905,#2906);
#2905 = CARTESIAN_POINT('',(6.28318530718,-0.));
#2906 = VECTOR('',#2907,1.);
#2907 = DIRECTION('',(0.,1.));
#2908 = ( GEOMETRIC_REPRESENTATION_CONTEXT(2)
PARAMETRIC_REPRESENTATION_CONTEXT() REPRESENTATION_CONTEXT('2D SPACE',''
  ) );
#2909 = PCURVE('',#885,#2910);
#2910 = DEFINITIONAL_REPRESENTATION('',(#2911),#2915);
#2911 = LINE('',#2912,#2913);
#2912 = CARTESIAN_POINT('',(0.,-0.));
#2913 = VECTOR('',#2914,1.);
#2914 = DIRECTION('',(0.,1.));
#2915 = ( GEOMETRIC_REPRESENTATION_CONTEXT(2)
PARAMETRIC_REPRESENTATION_CONTEXT() REPRESENTATION_CONTEXT('2D SPACE',''
  ) );
#2916 = ORIENTED_EDGE('',*,*,#1659,.T.);
#2917 = ORIENTED_EDGE('',*,*,#2896,.T.);
#2918 = ADVANCED_FACE('',(#2919),#920,.F.);
#2919 = FACE_BOUND('',#2920,.F.);
#2920 = EDGE_LOOP('',(#2921,#2922,#2943,#2944));
#2921 = ORIENTED_EDGE('',*,*,#899,.F.);
#2922 = ORIENTED_EDGE('',*,*,#2923,.F.);
#2923 = EDGE_CURVE('',#1690,#900,#2924,.T.);
#2924 = SEAM_CURVE('',#2925,(#2929,#2936),.PCURVE_S1.);
#2925 = LINE('',#2926,#2927);
#2926 = CARTESIAN_POINT('',(-16.,0.,-6.65));
#2927 = VECTOR('',#2928,1.);
#2928 = DIRECTION('',(0.,1.,0.));
#2929 = PCURVE('',#920,#2930);
#2930 = DEFINITIONAL_REPRESENTATION('',(#2931),#2935);
#2931 = LINE('',#2932,#2933);
#2932 = CARTESIAN_POINT('',(6.28318530718,-0.));
#2933 = VECTOR('',#2934,1.);
#2934 = DIRECTION('',(0.,1.));
#2935 = ( GEOMETRIC_REPRESENTATION_CONTEXT(2)
PARAMETRIC_REPRESENTATION_CONTEXT() REPRESENTATION_CONTEXT('2D SPACE',''
  ) );
#2936 = PCURVE('',#920,#2937);
#2937 = DEFINITIONAL_REPRESENTATION('',(#2938),#2942);
#2938 = LINE('',#2939,#2940);
#2939 = CARTESIAN_POINT('',(0.,-0.));
#2940 = VECTOR('',#2941,1.);
#2941 = DIRECTION('',(0.,1.));
#2942 = ( GEOMETRIC_REPRESENTATION_CONTEXT(2)
PARAMETRIC_REPRESENTATION_CONTEXT() REPRESENTATION_CONTEXT('2D SPACE',''
  ) );
#2943 = ORIENTED_EDGE('',*,*,#1689,.T.);
#2944 = ORIENTED_EDGE('',*,*,#2923,.T.);
#2945 = ADVANCED_FACE('',(#2946),#955,.F.);
#2946 = FACE_BOUND('',#2947,.F.);
#2947 = EDGE_LOOP('',(#2948,#2971,#2972,#2973));
#2948 = ORIENTED_EDGE('',*,*,#2949,.T.);
#2949 = EDGE_CURVE('',#2950,#935,#2952,.T.);
#2950 = VERTEX_POINT('',#2951);
#2951 = CARTESIAN_POINT('',(-6.73555739531E-16,2.9,12.75));
#2952 = SEAM_CURVE('',#2953,(#2957,#2964),.PCURVE_S1.);
#2953 = LINE('',#2954,#2955);
#2954 = CARTESIAN_POINT('',(-6.73555739531E-16,0.,12.75));
#2955 = VECTOR('',#2956,1.);
#2956 = DIRECTION('',(0.,1.,0.));
#2957 = PCURVE('',#955,#2958);
#2958 = DEFINITIONAL_REPRESENTATION('',(#2959),#2963);
#2959 = LINE('',#2960,#2961);
#2960 = CARTESIAN_POINT('',(6.28318530718,-0.));
#2961 = VECTOR('',#2962,1.);
#2962 = DIRECTION('',(0.,1.));
#2963 = ( GEOMETRIC_REPRESENTATION_CONTEXT(2)
PARAMETRIC_REPRESENTATION_CONTEXT() REPRESENTATION_CONTEXT('2D SPACE',''
  ) );
#2964 = PCURVE('',#955,#2965);
#2965 = DEFINITIONAL_REPRESENTATION('',(#2966),#2970);
#2966 = LINE('',#2967,#2968);
#2967 = CARTESIAN_POINT('',(0.,-0.));
#2968 = VECTOR('',#2969,1.);
#2969 = DIRECTION('',(0.,1.));
#2970 = ( GEOMETRIC_REPRESENTATION_CONTEXT(2)
PARAMETRIC_REPRESENTATION_CONTEXT() REPRESENTATION_CONTEXT('2D SPACE',''
  ) );
#2971 = ORIENTED_EDGE('',*,*,#934,.F.);
#2972 = ORIENTED_EDGE('',*,*,#2949,.F.);
#2973 = ORIENTED_EDGE('',*,*,#2974,.T.);
#2974 = EDGE_CURVE('',#2950,#2950,#2975,.T.);
#2975 = SURFACE_CURVE('',#2976,(#2981,#2988),.PCURVE_S1.);
#2976 = CIRCLE('',#2977,2.75);
#2977 = AXIS2_PLACEMENT_3D('',#2978,#2979,#2980);
#2978 = CARTESIAN_POINT('',(0.,2.9,10.));
#2979 = DIRECTION('',(0.,1.,0.));
#2980 = DIRECTION('',(0.,-0.,1.));
#2981 = PCURVE('',#955,#2982);
#2982 = DEFINITIONAL_REPRESENTATION('',(#2983),#2987);
#2983 = LINE('',#2984,#2985);
#2984 = CARTESIAN_POINT('',(0.,2.9));
#2985 = VECTOR('',#2986,1.);
#2986 = DIRECTION('',(1.,0.));
#2987 = ( GEOMETRIC_REPRESENTATION_CONTEXT(2)
PARAMETRIC_REPRESENTATION_CONTEXT() REPRESENTATION_CONTEXT('2D SPACE',''
  ) );
#2988 = PCURVE('',#1740,#2989);
#2989 = DEFINITIONAL_REPRESENTATION('',(#2990),#2994);
#2990 = LINE('',#2991,#2992);
#2991 = CARTESIAN_POINT('',(-0.,-2.9));
#2992 = VECTOR('',#2993,1.);
#2993 = DIRECTION('',(-1.,-0.));
#2994 = ( GEOMETRIC_REPRESENTATION_CONTEXT(2)
PARAMETRIC_REPRESENTATION_CONTEXT() REPRESENTATION_CONTEXT('2D SPACE',''
  ) );
#2995 = ADVANCED_FACE('',(#2996),#990,.F.);
#2996 = FACE_BOUND('',#2997,.F.);
#2997 = EDGE_LOOP('',(#2998,#2999,#3020,#3021));
#2998 = ORIENTED_EDGE('',*,*,#969,.F.);
#2999 = ORIENTED_EDGE('',*,*,#3000,.F.);
#3000 = EDGE_CURVE('',#1755,#970,#3001,.T.);
#3001 = SEAM_CURVE('',#3002,(#3006,#3013),.PCURVE_S1.);
#3002 = LINE('',#3003,#3004);
#3003 = CARTESIAN_POINT('',(16.,0.,9.35));
#3004 = VECTOR('',#3005,1.);
#3005 = DIRECTION('',(0.,1.,0.));
#3006 = PCURVE('',#990,#3007);
#3007 = DEFINITIONAL_REPRESENTATION('',(#3008),#3012);
#3008 = LINE('',#3009,#3010);
#3009 = CARTESIAN_POINT('',(6.28318530718,-0.));
#3010 = VECTOR('',#3011,1.);
#3011 = DIRECTION('',(0.,1.));
#3012 = ( GEOMETRIC_REPRESENTATION_CONTEXT(2)
PARAMETRIC_REPRESENTATION_CONTEXT() REPRESENTATION_CONTEXT('2D SPACE',''
  ) );
#3013 = PCURVE('',#990,#3014);
#3014 = DEFINITIONAL_REPRESENTATION('',(#3015),#3019);
#3015 = LINE('',#3016,#3017);
#3016 = CARTESIAN_POINT('',(0.,-0.));
#3017 = VECTOR('',#3018,1.);
#3018 = DIRECTION('',(0.,1.));
#3019 = ( GEOMETRIC_REPRESENTATION_CONTEXT(2)
PARAMETRIC_REPRESENTATION_CONTEXT() REPRESENTATION_CONTEXT('2D SPACE',''
  ) );
#3020 = ORIENTED_EDGE('',*,*,#1754,.T.);
#3021 = ORIENTED_EDGE('',*,*,#3000,.T.);
#3022 = ADVANCED_FACE('',(#3023),#1025,.F.);
#3023 = FACE_BOUND('',#3024,.F.);
#3024 = EDGE_LOOP('',(#3025,#3048,#3049,#3050));
#3025 = ORIENTED_EDGE('',*,*,#3026,.T.);
#3026 = EDGE_CURVE('',#3027,#1005,#3029,.T.);
#3027 = VERTEX_POINT('',#3028);
#3028 = CARTESIAN_POINT('',(-6.73555739531E-16,2.9,-7.25));
#3029 = SEAM_CURVE('',#3030,(#3034,#3041),.PCURVE_S1.);
#3030 = LINE('',#3031,#3032);
#3031 = CARTESIAN_POINT('',(-6.73555739531E-16,0.,-7.25));
#3032 = VECTOR('',#3033,1.);
#3033 = DIRECTION('',(0.,1.,0.));
#3034 = PCURVE('',#1025,#3035);
#3035 = DEFINITIONAL_REPRESENTATION('',(#3036),#3040);
#3036 = LINE('',#3037,#3038);
#3037 = CARTESIAN_POINT('',(6.28318530718,-0.));
#3038 = VECTOR('',#3039,1.);
#3039 = DIRECTION('',(0.,1.));
#3040 = ( GEOMETRIC_REPRESENTATION_CONTEXT(2)
PARAMETRIC_REPRESENTATION_CONTEXT() REPRESENTATION_CONTEXT('2D SPACE',''
  ) );
#3041 = PCURVE('',#1025,#3042);
#3042 = DEFINITIONAL_REPRESENTATION('',(#3043),#3047);
#3043 = LINE('',#3044,#3045);
#3044 = CARTESIAN_POINT('',(0.,-0.));
#3045 = VECTOR('',#3046,1.);
#3046 = DIRECTION('',(0.,1.));
#3047 = ( GEOMETRIC_REPRESENTATION_CONTEXT(2)
PARAMETRIC_REPRESENTATION_CONTEXT() REPRESENTATION_CONTEXT('2D SPACE',''
  ) );
#3048 = ORIENTED_EDGE('',*,*,#1004,.F.);
#3049 = ORIENTED_EDGE('',*,*,#3026,.F.);
#3050 = ORIENTED_EDGE('',*,*,#3051,.T.);
#3051 = EDGE_CURVE('',#3027,#3027,#3052,.T.);
#3052 = SURFACE_CURVE('',#3053,(#3058,#3065),.PCURVE_S1.);
#3053 = CIRCLE('',#3054,2.75);
#3054 = AXIS2_PLACEMENT_3D('',#3055,#3056,#3057);
#3055 = CARTESIAN_POINT('',(0.,2.9,-10.));
#3056 = DIRECTION('',(0.,1.,0.));
#3057 = DIRECTION('',(0.,-0.,1.));
#3058 = PCURVE('',#1025,#3059);
#3059 = DEFINITIONAL_REPRESENTATION('',(#3060),#3064);
#3060 = LINE('',#3061,#3062);
#3061 = CARTESIAN_POINT('',(0.,2.9));
#3062 = VECTOR('',#3063,1.);
#3063 = DIRECTION('',(1.,0.));
#3064 = ( GEOMETRIC_REPRESENTATION_CONTEXT(2)
PARAMETRIC_REPRESENTATION_CONTEXT() REPRESENTATION_CONTEXT('2D SPACE',''
  ) );
#3065 = PCURVE('',#1805,#3066);
#3066 = DEFINITIONAL_REPRESENTATION('',(#3067),#3071);
#3067 = LINE('',#3068,#3069);
#3068 = CARTESIAN_POINT('',(-0.,-2.9));
#3069 = VECTOR('',#3070,1.);
#3070 = DIRECTION('',(-1.,-0.));
#3071 = ( GEOMETRIC_REPRESENTATION_CONTEXT(2)
PARAMETRIC_REPRESENTATION_CONTEXT() REPRESENTATION_CONTEXT('2D SPACE',''
  ) );
#3072 = ADVANCED_FACE('',(#3073),#1060,.F.);
#3073 = FACE_BOUND('',#3074,.F.);
#3074 = EDGE_LOOP('',(#3075,#3076,#3097,#3098));
#3075 = ORIENTED_EDGE('',*,*,#1039,.F.);
#3076 = ORIENTED_EDGE('',*,*,#3077,.F.);
#3077 = EDGE_CURVE('',#1820,#1040,#3078,.T.);
#3078 = SEAM_CURVE('',#3079,(#3083,#3090),.PCURVE_S1.);
#3079 = LINE('',#3080,#3081);
#3080 = CARTESIAN_POINT('',(16.,0.,-6.65));
#3081 = VECTOR('',#3082,1.);
#3082 = DIRECTION('',(0.,1.,0.));
#3083 = PCURVE('',#1060,#3084);
#3084 = DEFINITIONAL_REPRESENTATION('',(#3085),#3089);
#3085 = LINE('',#3086,#3087);
#3086 = CARTESIAN_POINT('',(6.28318530718,-0.));
#3087 = VECTOR('',#3088,1.);
#3088 = DIRECTION('',(0.,1.));
#3089 = ( GEOMETRIC_REPRESENTATION_CONTEXT(2)
PARAMETRIC_REPRESENTATION_CONTEXT() REPRESENTATION_CONTEXT('2D SPACE',''
  ) );
#3090 = PCURVE('',#1060,#3091);
#3091 = DEFINITIONAL_REPRESENTATION('',(#3092),#3096);
#3092 = LINE('',#3093,#3094);
#3093 = CARTESIAN_POINT('',(0.,-0.));
#3094 = VECTOR('',#3095,1.);
#3095 = DIRECTION('',(0.,1.));
#3096 = ( GEOMETRIC_REPRESENTATION_CONTEXT(2)
PARAMETRIC_REPRESENTATION_CONTEXT() REPRESENTATION_CONTEXT('2D SPACE',''
  ) );
#3097 = ORIENTED_EDGE('',*,*,#1819,.T.);
#3098 = ORIENTED_EDGE('',*,*,#3077,.T.);
#3099 = ADVANCED_FACE('',(#3100),#1114,.T.);
#3100 = FACE_BOUND('',#3101,.T.);
#3101 = EDGE_LOOP('',(#3102,#3103,#3104,#3128));
#3102 = ORIENTED_EDGE('',*,*,#1099,.F.);
#3103 = ORIENTED_EDGE('',*,*,#1184,.T.);
#3104 = ORIENTED_EDGE('',*,*,#3105,.F.);
#3105 = EDGE_CURVE('',#3106,#1185,#3108,.T.);
#3106 = VERTEX_POINT('',#3107);
#3107 = CARTESIAN_POINT('',(-51.,-6.35,-18.));
#3108 = SURFACE_CURVE('',#3109,(#3114,#3121),.PCURVE_S1.);
#3109 = CIRCLE('',#3110,2.);
#3110 = AXIS2_PLACEMENT_3D('',#3111,#3112,#3113);
#3111 = CARTESIAN_POINT('',(-49.,-6.35,-18.));
#3112 = DIRECTION('',(0.,-1.,0.));
#3113 = DIRECTION('',(0.,-0.,-1.));
#3114 = PCURVE('',#1114,#3115);
#3115 = DEFINITIONAL_REPRESENTATION('',(#3116),#3120);
#3116 = LINE('',#3117,#3118);
#3117 = CARTESIAN_POINT('',(-4.712388980385,6.35));
#3118 = VECTOR('',#3119,1.);
#3119 = DIRECTION('',(1.,0.));
#3120 = ( GEOMETRIC_REPRESENTATION_CONTEXT(2)
PARAMETRIC_REPRESENTATION_CONTEXT() REPRESENTATION_CONTEXT('2D SPACE',''
  ) );
#3121 = PCURVE('',#1223,#3122);
#3122 = DEFINITIONAL_REPRESENTATION('',(#3123),#3127);
#3123 = CIRCLE('',#3124,2.);
#3124 = AXIS2_PLACEMENT_2D('',#3125,#3126);
#3125 = CARTESIAN_POINT('',(25.978895176337,-6.495384674331));
#3126 = DIRECTION('',(1.,0.));
#3127 = ( GEOMETRIC_REPRESENTATION_CONTEXT(2)
PARAMETRIC_REPRESENTATION_CONTEXT() REPRESENTATION_CONTEXT('2D SPACE',''
  ) );
#3128 = ORIENTED_EDGE('',*,*,#3129,.F.);
#3129 = EDGE_CURVE('',#1077,#3106,#3130,.T.);
#3130 = SURFACE_CURVE('',#3131,(#3135,#3142),.PCURVE_S1.);
#3131 = LINE('',#3132,#3133);
#3132 = CARTESIAN_POINT('',(-51.,0.,-18.));
#3133 = VECTOR('',#3134,1.);
#3134 = DIRECTION('',(0.,-1.,0.));
#3135 = PCURVE('',#1114,#3136);
#3136 = DEFINITIONAL_REPRESENTATION('',(#3137),#3141);
#3137 = LINE('',#3138,#3139);
#3138 = CARTESIAN_POINT('',(0.,0.));
#3139 = VECTOR('',#3140,1.);
#3140 = DIRECTION('',(0.,1.));
#3141 = ( GEOMETRIC_REPRESENTATION_CONTEXT(2)
PARAMETRIC_REPRESENTATION_CONTEXT() REPRESENTATION_CONTEXT('2D SPACE',''
  ) );
#3142 = PCURVE('',#1964,#3143);
#3143 = DEFINITIONAL_REPRESENTATION('',(#3144),#3148);
#3144 = LINE('',#3145,#3146);
#3145 = CARTESIAN_POINT('',(55.380699,0.));
#3146 = VECTOR('',#3147,1.);
#3147 = DIRECTION('',(0.,-1.));
#3148 = ( GEOMETRIC_REPRESENTATION_CONTEXT(2)
PARAMETRIC_REPRESENTATION_CONTEXT() REPRESENTATION_CONTEXT('2D SPACE',''
  ) );
#3149 = ADVANCED_FACE('',(#3150),#1168,.T.);
#3150 = FACE_BOUND('',#3151,.T.);
#3151 = EDGE_LOOP('',(#3152,#3153,#3176,#3198));
#3152 = ORIENTED_EDGE('',*,*,#1153,.T.);
#3153 = ORIENTED_EDGE('',*,*,#3154,.T.);
#3154 = EDGE_CURVE('',#1131,#3155,#3157,.T.);
#3155 = VERTEX_POINT('',#3156);
#3156 = CARTESIAN_POINT('',(51.,-6.35,-18.));
#3157 = SURFACE_CURVE('',#3158,(#3162,#3169),.PCURVE_S1.);
#3158 = LINE('',#3159,#3160);
#3159 = CARTESIAN_POINT('',(51.,0.,-18.));
#3160 = VECTOR('',#3161,1.);
#3161 = DIRECTION('',(0.,-1.,0.));
#3162 = PCURVE('',#1168,#3163);
#3163 = DEFINITIONAL_REPRESENTATION('',(#3164),#3168);
#3164 = LINE('',#3165,#3166);
#3165 = CARTESIAN_POINT('',(1.570796326795,0.));
#3166 = VECTOR('',#3167,1.);
#3167 = DIRECTION('',(0.,1.));
#3168 = ( GEOMETRIC_REPRESENTATION_CONTEXT(2)
PARAMETRIC_REPRESENTATION_CONTEXT() REPRESENTATION_CONTEXT('2D SPACE',''
  ) );
#3169 = PCURVE('',#1998,#3170);
#3170 = DEFINITIONAL_REPRESENTATION('',(#3171),#3175);
#3171 = LINE('',#3172,#3173);
#3172 = CARTESIAN_POINT('',(2.,0.));
#3173 = VECTOR('',#3174,1.);
#3174 = DIRECTION('',(0.,-1.));
#3175 = ( GEOMETRIC_REPRESENTATION_CONTEXT(2)
PARAMETRIC_REPRESENTATION_CONTEXT() REPRESENTATION_CONTEXT('2D SPACE',''
  ) );
#3176 = ORIENTED_EDGE('',*,*,#3177,.F.);
#3177 = EDGE_CURVE('',#1875,#3155,#3178,.T.);
#3178 = SURFACE_CURVE('',#3179,(#3184,#3191),.PCURVE_S1.);
#3179 = CIRCLE('',#3180,2.);
#3180 = AXIS2_PLACEMENT_3D('',#3181,#3182,#3183);
#3181 = CARTESIAN_POINT('',(49.,-6.35,-18.));
#3182 = DIRECTION('',(0.,-1.,0.));
#3183 = DIRECTION('',(0.,-0.,-1.));
#3184 = PCURVE('',#1168,#3185);
#3185 = DEFINITIONAL_REPRESENTATION('',(#3186),#3190);
#3186 = LINE('',#3187,#3188);
#3187 = CARTESIAN_POINT('',(0.,6.35));
#3188 = VECTOR('',#3189,1.);
#3189 = DIRECTION('',(1.,0.));
#3190 = ( GEOMETRIC_REPRESENTATION_CONTEXT(2)
PARAMETRIC_REPRESENTATION_CONTEXT() REPRESENTATION_CONTEXT('2D SPACE',''
  ) );
#3191 = PCURVE('',#1890,#3192);
#3192 = DEFINITIONAL_REPRESENTATION('',(#3193),#3197);
#3193 = CIRCLE('',#3194,2.);
#3194 = AXIS2_PLACEMENT_2D('',#3195,#3196);
#3195 = CARTESIAN_POINT('',(25.978895176337,6.495384674331));
#3196 = DIRECTION('',(1.,0.));
#3197 = ( GEOMETRIC_REPRESENTATION_CONTEXT(2)
PARAMETRIC_REPRESENTATION_CONTEXT() REPRESENTATION_CONTEXT('2D SPACE',''
  ) );
#3198 = ORIENTED_EDGE('',*,*,#1902,.F.);
#3199 = ADVANCED_FACE('',(#3200),#1249,.T.);
#3200 = FACE_BOUND('',#3201,.T.);
#3201 = EDGE_LOOP('',(#3202,#3203,#3226,#3248));
#3202 = ORIENTED_EDGE('',*,*,#1264,.T.);
#3203 = ORIENTED_EDGE('',*,*,#3204,.T.);
#3204 = EDGE_CURVE('',#1265,#3205,#3207,.T.);
#3205 = VERTEX_POINT('',#3206);
#3206 = CARTESIAN_POINT('',(-32.,-6.35,-18.));
#3207 = SURFACE_CURVE('',#3208,(#3212,#3219),.PCURVE_S1.);
#3208 = LINE('',#3209,#3210);
#3209 = CARTESIAN_POINT('',(-32.,0.,-18.));
#3210 = VECTOR('',#3211,1.);
#3211 = DIRECTION('',(0.,-1.,0.));
#3212 = PCURVE('',#1249,#3213);
#3213 = DEFINITIONAL_REPRESENTATION('',(#3214),#3218);
#3214 = LINE('',#3215,#3216);
#3215 = CARTESIAN_POINT('',(1.570796326795,0.));
#3216 = VECTOR('',#3217,1.);
#3217 = DIRECTION('',(0.,1.));
#3218 = ( GEOMETRIC_REPRESENTATION_CONTEXT(2)
PARAMETRIC_REPRESENTATION_CONTEXT() REPRESENTATION_CONTEXT('2D SPACE',''
  ) );
#3219 = PCURVE('',#1645,#3220);
#3220 = DEFINITIONAL_REPRESENTATION('',(#3221),#3225);
#3221 = LINE('',#3222,#3223);
#3222 = CARTESIAN_POINT('',(2.,0.));
#3223 = VECTOR('',#3224,1.);
#3224 = DIRECTION('',(0.,-1.));
#3225 = ( GEOMETRIC_REPRESENTATION_CONTEXT(2)
PARAMETRIC_REPRESENTATION_CONTEXT() REPRESENTATION_CONTEXT('2D SPACE',''
  ) );
#3226 = ORIENTED_EDGE('',*,*,#3227,.F.);
#3227 = EDGE_CURVE('',#1208,#3205,#3228,.T.);
#3228 = SURFACE_CURVE('',#3229,(#3234,#3241),.PCURVE_S1.);
#3229 = CIRCLE('',#3230,2.);
#3230 = AXIS2_PLACEMENT_3D('',#3231,#3232,#3233);
#3231 = CARTESIAN_POINT('',(-34.,-6.35,-18.));
#3232 = DIRECTION('',(0.,-1.,0.));
#3233 = DIRECTION('',(0.,-0.,-1.));
#3234 = PCURVE('',#1249,#3235);
#3235 = DEFINITIONAL_REPRESENTATION('',(#3236),#3240);
#3236 = LINE('',#3237,#3238);
#3237 = CARTESIAN_POINT('',(0.,6.35));
#3238 = VECTOR('',#3239,1.);
#3239 = DIRECTION('',(1.,0.));
#3240 = ( GEOMETRIC_REPRESENTATION_CONTEXT(2)
PARAMETRIC_REPRESENTATION_CONTEXT() REPRESENTATION_CONTEXT('2D SPACE',''
  ) );
#3241 = PCURVE('',#1223,#3242);
#3242 = DEFINITIONAL_REPRESENTATION('',(#3243),#3247);
#3243 = CIRCLE('',#3244,2.);
#3244 = AXIS2_PLACEMENT_2D('',#3245,#3246);
#3245 = CARTESIAN_POINT('',(25.978895176337,8.504615325669));
#3246 = DIRECTION('',(1.,0.));
#3247 = ( GEOMETRIC_REPRESENTATION_CONTEXT(2)
PARAMETRIC_REPRESENTATION_CONTEXT() REPRESENTATION_CONTEXT('2D SPACE',''
  ) );
#3248 = ORIENTED_EDGE('',*,*,#1235,.F.);
#3249 = ADVANCED_FACE('',(#3250),#1223,.T.);
#3250 = FACE_BOUND('',#3251,.T.);
#3251 = EDGE_LOOP('',(#3252,#3282,#3315,#3338,#3362,#3385,#3409,#3430,
    #3431,#3432,#3433,#3456));
#3252 = ORIENTED_EDGE('',*,*,#3253,.T.);
#3253 = EDGE_CURVE('',#3254,#3256,#3258,.T.);
#3254 = VERTEX_POINT('',#3255);
#3255 = CARTESIAN_POINT('',(-32.58578643762,-6.35,-9.414213562373));
#3256 = VERTEX_POINT('',#3257);
#3257 = CARTESIAN_POINT('',(-34.41421356237,-6.35,-7.585786437627));
#3258 = SURFACE_CURVE('',#3259,(#3263,#3270),.PCURVE_S1.);
#3259 = LINE('',#3260,#3261);
#3260 = CARTESIAN_POINT('',(-32.,-6.35,-10.));
#3261 = VECTOR('',#3262,1.);
#3262 = DIRECTION('',(-0.707106781187,0.,0.707106781187));
#3263 = PCURVE('',#1223,#3264);
#3264 = DEFINITIONAL_REPRESENTATION('',(#3265),#3269);
#3265 = LINE('',#3266,#3267);
#3266 = CARTESIAN_POINT('',(17.978895176337,10.504615325669));
#3267 = VECTOR('',#3268,1.);
#3268 = DIRECTION('',(-0.707106781187,-0.707106781187));
#3269 = ( GEOMETRIC_REPRESENTATION_CONTEXT(2)
PARAMETRIC_REPRESENTATION_CONTEXT() REPRESENTATION_CONTEXT('2D SPACE',''
  ) );
#3270 = PCURVE('',#3271,#3276);
#3271 = PLANE('',#3272);
#3272 = AXIS2_PLACEMENT_3D('',#3273,#3274,#3275);
#3273 = CARTESIAN_POINT('',(-32.,0.,-10.));
#3274 = DIRECTION('',(-0.707106781187,-0.,-0.707106781187));
#3275 = DIRECTION('',(-0.707106781187,0.,0.707106781187));
#3276 = DEFINITIONAL_REPRESENTATION('',(#3277),#3281);
#3277 = LINE('',#3278,#3279);
#3278 = CARTESIAN_POINT('',(0.,-6.35));
#3279 = VECTOR('',#3280,1.);
#3280 = DIRECTION('',(1.,0.));
#3281 = ( GEOMETRIC_REPRESENTATION_CONTEXT(2)
PARAMETRIC_REPRESENTATION_CONTEXT() REPRESENTATION_CONTEXT('2D SPACE',''
  ) );
#3282 = ORIENTED_EDGE('',*,*,#3283,.T.);
#3283 = EDGE_CURVE('',#3256,#3284,#3286,.T.);
#3284 = VERTEX_POINT('',#3285);
#3285 = CARTESIAN_POINT('',(-35.,-6.35,-6.171572875254));
#3286 = SURFACE_CURVE('',#3287,(#3292,#3303),.PCURVE_S1.);
#3287 = CIRCLE('',#3288,2.);
#3288 = AXIS2_PLACEMENT_3D('',#3289,#3290,#3291);
#3289 = CARTESIAN_POINT('',(-33.,-6.35,-6.171572875254));
#3290 = DIRECTION('',(-0.,1.,0.));
#3291 = DIRECTION('',(0.,0.,-1.));
#3292 = PCURVE('',#1223,#3293);
#3293 = DEFINITIONAL_REPRESENTATION('',(#3294),#3302);
#3294 = ( BOUNDED_CURVE() B_SPLINE_CURVE(2,(#3295,#3296,#3297,#3298,
#3299,#3300,#3301),.UNSPECIFIED.,.T.,.F.) B_SPLINE_CURVE_WITH_KNOTS((1,2
    ,2,2,2,1),(-2.094395102393,0.,2.094395102393,4.188790204786,
6.28318530718,8.377580409573),.UNSPECIFIED.) CURVE()
GEOMETRIC_REPRESENTATION_ITEM() RATIONAL_B_SPLINE_CURVE((1.,0.5,1.,0.5,
1.,0.5,1.)) REPRESENTATION_ITEM('') );
#3295 = CARTESIAN_POINT('',(16.150468051591,9.504615325669));
#3296 = CARTESIAN_POINT('',(16.150468051591,6.040513710532));
#3297 = CARTESIAN_POINT('',(13.150468051591,7.7725645181));
#3298 = CARTESIAN_POINT('',(10.150468051591,9.504615325669));
#3299 = CARTESIAN_POINT('',(13.150468051591,11.236666133238));
#3300 = CARTESIAN_POINT('',(16.150468051591,12.968716940807));
#3301 = CARTESIAN_POINT('',(16.150468051591,9.504615325669));
#3302 = ( GEOMETRIC_REPRESENTATION_CONTEXT(2)
PARAMETRIC_REPRESENTATION_CONTEXT() REPRESENTATION_CONTEXT('2D SPACE',''
  ) );
#3303 = PCURVE('',#3304,#3309);
#3304 = CYLINDRICAL_SURFACE('',#3305,2.);
#3305 = AXIS2_PLACEMENT_3D('',#3306,#3307,#3308);
#3306 = CARTESIAN_POINT('',(-33.,0.,-6.171572875254));
#3307 = DIRECTION('',(0.,-1.,0.));
#3308 = DIRECTION('',(-0.707106781187,-0.,-0.707106781187));
#3309 = DEFINITIONAL_REPRESENTATION('',(#3310),#3314);
#3310 = LINE('',#3311,#3312);
#3311 = CARTESIAN_POINT('',(0.785398163397,6.35));
#3312 = VECTOR('',#3313,1.);
#3313 = DIRECTION('',(-1.,0.));
#3314 = ( GEOMETRIC_REPRESENTATION_CONTEXT(2)
PARAMETRIC_REPRESENTATION_CONTEXT() REPRESENTATION_CONTEXT('2D SPACE',''
  ) );
#3315 = ORIENTED_EDGE('',*,*,#3316,.T.);
#3316 = EDGE_CURVE('',#3284,#3317,#3319,.T.);
#3317 = VERTEX_POINT('',#3318);
#3318 = CARTESIAN_POINT('',(-35.,-6.35,35.380699));
#3319 = SURFACE_CURVE('',#3320,(#3324,#3331),.PCURVE_S1.);
#3320 = LINE('',#3321,#3322);
#3321 = CARTESIAN_POINT('',(-35.,-6.35,-7.));
#3322 = VECTOR('',#3323,1.);
#3323 = DIRECTION('',(0.,0.,1.));
#3324 = PCURVE('',#1223,#3325);
#3325 = DEFINITIONAL_REPRESENTATION('',(#3326),#3330);
#3326 = LINE('',#3327,#3328);
#3327 = CARTESIAN_POINT('',(14.978895176337,7.504615325669));
#3328 = VECTOR('',#3329,1.);
#3329 = DIRECTION('',(-1.,0.));
#3330 = ( GEOMETRIC_REPRESENTATION_CONTEXT(2)
PARAMETRIC_REPRESENTATION_CONTEXT() REPRESENTATION_CONTEXT('2D SPACE',''
  ) );
#3331 = PCURVE('',#2424,#3332);
#3332 = DEFINITIONAL_REPRESENTATION('',(#3333),#3337);
#3333 = LINE('',#3334,#3335);
#3334 = CARTESIAN_POINT('',(0.,-6.35));
#3335 = VECTOR('',#3336,1.);
#3336 = DIRECTION('',(1.,0.));
#3337 = ( GEOMETRIC_REPRESENTATION_CONTEXT(2)
PARAMETRIC_REPRESENTATION_CONTEXT() REPRESENTATION_CONTEXT('2D SPACE',''
  ) );
#3338 = ORIENTED_EDGE('',*,*,#3339,.T.);
#3339 = EDGE_CURVE('',#3317,#3340,#3342,.T.);
#3340 = VERTEX_POINT('',#3341);
#3341 = CARTESIAN_POINT('',(-37.,-6.35,37.380699));
#3342 = SURFACE_CURVE('',#3343,(#3348,#3355),.PCURVE_S1.);
#3343 = CIRCLE('',#3344,2.);
#3344 = AXIS2_PLACEMENT_3D('',#3345,#3346,#3347);
#3345 = CARTESIAN_POINT('',(-37.,-6.35,35.380699));
#3346 = DIRECTION('',(0.,-1.,0.));
#3347 = DIRECTION('',(0.,-0.,-1.));
#3348 = PCURVE('',#1223,#3349);
#3349 = DEFINITIONAL_REPRESENTATION('',(#3350),#3354);
#3350 = CIRCLE('',#3351,2.);
#3351 = AXIS2_PLACEMENT_2D('',#3352,#3353);
#3352 = CARTESIAN_POINT('',(-27.40180382366,5.504615325669));
#3353 = DIRECTION('',(1.,0.));
#3354 = ( GEOMETRIC_REPRESENTATION_CONTEXT(2)
PARAMETRIC_REPRESENTATION_CONTEXT() REPRESENTATION_CONTEXT('2D SPACE',''
  ) );
#3355 = PCURVE('',#2269,#3356);
#3356 = DEFINITIONAL_REPRESENTATION('',(#3357),#3361);
#3357 = LINE('',#3358,#3359);
#3358 = CARTESIAN_POINT('',(-1.570796326795,6.35));
#3359 = VECTOR('',#3360,1.);
#3360 = DIRECTION('',(1.,0.));
#3361 = ( GEOMETRIC_REPRESENTATION_CONTEXT(2)
PARAMETRIC_REPRESENTATION_CONTEXT() REPRESENTATION_CONTEXT('2D SPACE',''
  ) );
#3362 = ORIENTED_EDGE('',*,*,#3363,.T.);
#3363 = EDGE_CURVE('',#3340,#3364,#3366,.T.);
#3364 = VERTEX_POINT('',#3365);
#3365 = CARTESIAN_POINT('',(-49.,-6.35,37.380699));
#3366 = SURFACE_CURVE('',#3367,(#3371,#3378),.PCURVE_S1.);
#3367 = LINE('',#3368,#3369);
#3368 = CARTESIAN_POINT('',(-35.,-6.35,37.380699));
#3369 = VECTOR('',#3370,1.);
#3370 = DIRECTION('',(-1.,0.,0.));
#3371 = PCURVE('',#1223,#3372);
#3372 = DEFINITIONAL_REPRESENTATION('',(#3373),#3377);
#3373 = LINE('',#3374,#3375);
#3374 = CARTESIAN_POINT('',(-29.40180382366,7.504615325669));
#3375 = VECTOR('',#3376,1.);
#3376 = DIRECTION('',(0.,-1.));
#3377 = ( GEOMETRIC_REPRESENTATION_CONTEXT(2)
PARAMETRIC_REPRESENTATION_CONTEXT() REPRESENTATION_CONTEXT('2D SPACE',''
  ) );
#3378 = PCURVE('',#2180,#3379);
#3379 = DEFINITIONAL_REPRESENTATION('',(#3380),#3384);
#3380 = LINE('',#3381,#3382);
#3381 = CARTESIAN_POINT('',(0.,-6.35));
#3382 = VECTOR('',#3383,1.);
#3383 = DIRECTION('',(1.,0.));
#3384 = ( GEOMETRIC_REPRESENTATION_CONTEXT(2)
PARAMETRIC_REPRESENTATION_CONTEXT() REPRESENTATION_CONTEXT('2D SPACE',''
  ) );
#3385 = ORIENTED_EDGE('',*,*,#3386,.T.);
#3386 = EDGE_CURVE('',#3364,#3387,#3389,.T.);
#3387 = VERTEX_POINT('',#3388);
#3388 = CARTESIAN_POINT('',(-51.,-6.35,35.380699));
#3389 = SURFACE_CURVE('',#3390,(#3395,#3402),.PCURVE_S1.);
#3390 = CIRCLE('',#3391,2.);
#3391 = AXIS2_PLACEMENT_3D('',#3392,#3393,#3394);
#3392 = CARTESIAN_POINT('',(-49.,-6.35,35.380699));
#3393 = DIRECTION('',(0.,-1.,0.));
#3394 = DIRECTION('',(0.,-0.,-1.));
#3395 = PCURVE('',#1223,#3396);
#3396 = DEFINITIONAL_REPRESENTATION('',(#3397),#3401);
#3397 = CIRCLE('',#3398,2.);
#3398 = AXIS2_PLACEMENT_2D('',#3399,#3400);
#3399 = CARTESIAN_POINT('',(-27.40180382366,-6.495384674331));
#3400 = DIRECTION('',(1.,0.));
#3401 = ( GEOMETRIC_REPRESENTATION_CONTEXT(2)
PARAMETRIC_REPRESENTATION_CONTEXT() REPRESENTATION_CONTEXT('2D SPACE',''
  ) );
#3402 = PCURVE('',#2053,#3403);
#3403 = DEFINITIONAL_REPRESENTATION('',(#3404),#3408);
#3404 = LINE('',#3405,#3406);
#3405 = CARTESIAN_POINT('',(-3.14159265359,6.35));
#3406 = VECTOR('',#3407,1.);
#3407 = DIRECTION('',(1.,0.));
#3408 = ( GEOMETRIC_REPRESENTATION_CONTEXT(2)
PARAMETRIC_REPRESENTATION_CONTEXT() REPRESENTATION_CONTEXT('2D SPACE',''
  ) );
#3409 = ORIENTED_EDGE('',*,*,#3410,.T.);
#3410 = EDGE_CURVE('',#3387,#3106,#3411,.T.);
#3411 = SURFACE_CURVE('',#3412,(#3416,#3423),.PCURVE_S1.);
#3412 = LINE('',#3413,#3414);
#3413 = CARTESIAN_POINT('',(-51.,-6.35,37.380699));
#3414 = VECTOR('',#3415,1.);
#3415 = DIRECTION('',(0.,0.,-1.));
#3416 = PCURVE('',#1223,#3417);
#3417 = DEFINITIONAL_REPRESENTATION('',(#3418),#3422);
#3418 = LINE('',#3419,#3420);
#3419 = CARTESIAN_POINT('',(-29.40180382366,-8.495384674331));
#3420 = VECTOR('',#3421,1.);
#3421 = DIRECTION('',(1.,0.));
#3422 = ( GEOMETRIC_REPRESENTATION_CONTEXT(2)
PARAMETRIC_REPRESENTATION_CONTEXT() REPRESENTATION_CONTEXT('2D SPACE',''
  ) );
#3423 = PCURVE('',#1964,#3424);
#3424 = DEFINITIONAL_REPRESENTATION('',(#3425),#3429);
#3425 = LINE('',#3426,#3427);
#3426 = CARTESIAN_POINT('',(0.,-6.35));
#3427 = VECTOR('',#3428,1.);
#3428 = DIRECTION('',(1.,0.));
#3429 = ( GEOMETRIC_REPRESENTATION_CONTEXT(2)
PARAMETRIC_REPRESENTATION_CONTEXT() REPRESENTATION_CONTEXT('2D SPACE',''
  ) );
#3430 = ORIENTED_EDGE('',*,*,#3105,.T.);
#3431 = ORIENTED_EDGE('',*,*,#1207,.T.);
#3432 = ORIENTED_EDGE('',*,*,#3227,.T.);
#3433 = ORIENTED_EDGE('',*,*,#3434,.T.);
#3434 = EDGE_CURVE('',#3205,#3435,#3437,.T.);
#3435 = VERTEX_POINT('',#3436);
#3436 = CARTESIAN_POINT('',(-32.,-6.35,-10.82842712474));
#3437 = SURFACE_CURVE('',#3438,(#3442,#3449),.PCURVE_S1.);
#3438 = LINE('',#3439,#3440);
#3439 = CARTESIAN_POINT('',(-32.,-6.35,-20.));
#3440 = VECTOR('',#3441,1.);
#3441 = DIRECTION('',(0.,0.,1.));
#3442 = PCURVE('',#1223,#3443);
#3443 = DEFINITIONAL_REPRESENTATION('',(#3444),#3448);
#3444 = LINE('',#3445,#3446);
#3445 = CARTESIAN_POINT('',(27.978895176337,10.504615325669));
#3446 = VECTOR('',#3447,1.);
#3447 = DIRECTION('',(-1.,0.));
#3448 = ( GEOMETRIC_REPRESENTATION_CONTEXT(2)
PARAMETRIC_REPRESENTATION_CONTEXT() REPRESENTATION_CONTEXT('2D SPACE',''
  ) );
#3449 = PCURVE('',#1645,#3450);
#3450 = DEFINITIONAL_REPRESENTATION('',(#3451),#3455);
#3451 = LINE('',#3452,#3453);
#3452 = CARTESIAN_POINT('',(0.,-6.35));
#3453 = VECTOR('',#3454,1.);
#3454 = DIRECTION('',(1.,0.));
#3455 = ( GEOMETRIC_REPRESENTATION_CONTEXT(2)
PARAMETRIC_REPRESENTATION_CONTEXT() REPRESENTATION_CONTEXT('2D SPACE',''
  ) );
#3456 = ORIENTED_EDGE('',*,*,#3457,.F.);
#3457 = EDGE_CURVE('',#3254,#3435,#3458,.T.);
#3458 = SURFACE_CURVE('',#3459,(#3464,#3475),.PCURVE_S1.);
#3459 = CIRCLE('',#3460,2.);
#3460 = AXIS2_PLACEMENT_3D('',#3461,#3462,#3463);
#3461 = CARTESIAN_POINT('',(-34.,-6.35,-10.82842712474));
#3462 = DIRECTION('',(-0.,1.,0.));
#3463 = DIRECTION('',(0.,0.,-1.));
#3464 = PCURVE('',#1223,#3465);
#3465 = DEFINITIONAL_REPRESENTATION('',(#3466),#3474);
#3466 = ( BOUNDED_CURVE() B_SPLINE_CURVE(2,(#3467,#3468,#3469,#3470,
#3471,#3472,#3473),.UNSPECIFIED.,.T.,.F.) B_SPLINE_CURVE_WITH_KNOTS((1,2
    ,2,2,2,1),(-2.094395102393,0.,2.094395102393,4.188790204786,
6.28318530718,8.377580409573),.UNSPECIFIED.) CURVE()
GEOMETRIC_REPRESENTATION_ITEM() RATIONAL_B_SPLINE_CURVE((1.,0.5,1.,0.5,
1.,0.5,1.)) REPRESENTATION_ITEM('') );
#3467 = CARTESIAN_POINT('',(20.807322301083,8.504615325669));
#3468 = CARTESIAN_POINT('',(20.807322301083,5.040513710532));
#3469 = CARTESIAN_POINT('',(17.807322301083,6.7725645181));
#3470 = CARTESIAN_POINT('',(14.807322301083,8.504615325669));
#3471 = CARTESIAN_POINT('',(17.807322301083,10.236666133238));
#3472 = CARTESIAN_POINT('',(20.807322301083,11.968716940807));
#3473 = CARTESIAN_POINT('',(20.807322301083,8.504615325669));
#3474 = ( GEOMETRIC_REPRESENTATION_CONTEXT(2)
PARAMETRIC_REPRESENTATION_CONTEXT() REPRESENTATION_CONTEXT('2D SPACE',''
  ) );
#3475 = PCURVE('',#1619,#3476);
#3476 = DEFINITIONAL_REPRESENTATION('',(#3477),#3481);
#3477 = LINE('',#3478,#3479);
#3478 = CARTESIAN_POINT('',(3.926990816987,6.35));
#3479 = VECTOR('',#3480,1.);
#3480 = DIRECTION('',(-1.,0.));
#3481 = ( GEOMETRIC_REPRESENTATION_CONTEXT(2)
PARAMETRIC_REPRESENTATION_CONTEXT() REPRESENTATION_CONTEXT('2D SPACE',''
  ) );
#3482 = ADVANCED_FACE('',(#3483),#1645,.F.);
#3483 = FACE_BOUND('',#3484,.F.);
#3484 = EDGE_LOOP('',(#3485,#3486,#3487,#3488));
#3485 = ORIENTED_EDGE('',*,*,#1631,.F.);
#3486 = ORIENTED_EDGE('',*,*,#3204,.T.);
#3487 = ORIENTED_EDGE('',*,*,#3434,.T.);
#3488 = ORIENTED_EDGE('',*,*,#3489,.F.);
#3489 = EDGE_CURVE('',#1599,#3435,#3490,.T.);
#3490 = SURFACE_CURVE('',#3491,(#3495,#3502),.PCURVE_S1.);
#3491 = LINE('',#3492,#3493);
#3492 = CARTESIAN_POINT('',(-32.,0.,-10.82842712474));
#3493 = VECTOR('',#3494,1.);
#3494 = DIRECTION('',(0.,-1.,0.));
#3495 = PCURVE('',#1645,#3496);
#3496 = DEFINITIONAL_REPRESENTATION('',(#3497),#3501);
#3497 = LINE('',#3498,#3499);
#3498 = CARTESIAN_POINT('',(9.171572875254,0.));
#3499 = VECTOR('',#3500,1.);
#3500 = DIRECTION('',(0.,-1.));
#3501 = ( GEOMETRIC_REPRESENTATION_CONTEXT(2)
PARAMETRIC_REPRESENTATION_CONTEXT() REPRESENTATION_CONTEXT('2D SPACE',''
  ) );
#3502 = PCURVE('',#1619,#3503);
#3503 = DEFINITIONAL_REPRESENTATION('',(#3504),#3508);
#3504 = LINE('',#3505,#3506);
#3505 = CARTESIAN_POINT('',(-0.785398163397,0.));
#3506 = VECTOR('',#3507,1.);
#3507 = DIRECTION('',(-0.,1.));
#3508 = ( GEOMETRIC_REPRESENTATION_CONTEXT(2)
PARAMETRIC_REPRESENTATION_CONTEXT() REPRESENTATION_CONTEXT('2D SPACE',''
  ) );
#3509 = ADVANCED_FACE('',(#3510),#1619,.T.);
#3510 = FACE_BOUND('',#3511,.F.);
#3511 = EDGE_LOOP('',(#3512,#3540,#3541,#3542,#3543));
#3512 = ORIENTED_EDGE('',*,*,#3513,.T.);
#3513 = EDGE_CURVE('',#3514,#1576,#3516,.T.);
#3514 = VERTEX_POINT('',#3515);
#3515 = CARTESIAN_POINT('',(-32.58578643762,0.,-9.414213562373));
#3516 = SURFACE_CURVE('',#3517,(#3522,#3529),.PCURVE_S1.);
#3517 = CIRCLE('',#3518,2.);
#3518 = AXIS2_PLACEMENT_3D('',#3519,#3520,#3521);
#3519 = CARTESIAN_POINT('',(-34.,0.,-10.82842712474));
#3520 = DIRECTION('',(-0.,1.,0.));
#3521 = DIRECTION('',(0.,0.,-1.));
#3522 = PCURVE('',#1619,#3523);
#3523 = DEFINITIONAL_REPRESENTATION('',(#3524),#3528);
#3524 = LINE('',#3525,#3526);
#3525 = CARTESIAN_POINT('',(3.926990816987,-0.));
#3526 = VECTOR('',#3527,1.);
#3527 = DIRECTION('',(-1.,0.));
#3528 = ( GEOMETRIC_REPRESENTATION_CONTEXT(2)
PARAMETRIC_REPRESENTATION_CONTEXT() REPRESENTATION_CONTEXT('2D SPACE',''
  ) );
#3529 = PCURVE('',#2398,#3530);
#3530 = DEFINITIONAL_REPRESENTATION('',(#3531),#3539);
#3531 = ( BOUNDED_CURVE() B_SPLINE_CURVE(2,(#3532,#3533,#3534,#3535,
#3536,#3537,#3538),.UNSPECIFIED.,.T.,.F.) B_SPLINE_CURVE_WITH_KNOTS((1,2
    ,2,2,2,1),(-2.094395102393,0.,2.094395102393,4.188790204786,
6.28318530718,8.377580409573),.UNSPECIFIED.) CURVE()
GEOMETRIC_REPRESENTATION_ITEM() RATIONAL_B_SPLINE_CURVE((1.,0.5,1.,0.5,
1.,0.5,1.)) REPRESENTATION_ITEM('') );
#3532 = CARTESIAN_POINT('',(20.807322301083,8.504615325669));
#3533 = CARTESIAN_POINT('',(20.807322301083,5.040513710532));
#3534 = CARTESIAN_POINT('',(17.807322301083,6.7725645181));
#3535 = CARTESIAN_POINT('',(14.807322301083,8.504615325669));
#3536 = CARTESIAN_POINT('',(17.807322301083,10.236666133238));
#3537 = CARTESIAN_POINT('',(20.807322301083,11.968716940807));
#3538 = CARTESIAN_POINT('',(20.807322301083,8.504615325669));
#3539 = ( GEOMETRIC_REPRESENTATION_CONTEXT(2)
PARAMETRIC_REPRESENTATION_CONTEXT() REPRESENTATION_CONTEXT('2D SPACE',''
  ) );
#3540 = ORIENTED_EDGE('',*,*,#1598,.T.);
#3541 = ORIENTED_EDGE('',*,*,#3489,.T.);
#3542 = ORIENTED_EDGE('',*,*,#3457,.F.);
#3543 = ORIENTED_EDGE('',*,*,#3544,.F.);
#3544 = EDGE_CURVE('',#3514,#3254,#3545,.T.);
#3545 = SURFACE_CURVE('',#3546,(#3550,#3557),.PCURVE_S1.);
#3546 = LINE('',#3547,#3548);
#3547 = CARTESIAN_POINT('',(-32.58578643762,0.,-9.414213562373));
#3548 = VECTOR('',#3549,1.);
#3549 = DIRECTION('',(0.,-1.,0.));
#3550 = PCURVE('',#1619,#3551);
#3551 = DEFINITIONAL_REPRESENTATION('',(#3552),#3556);
#3552 = LINE('',#3553,#3554);
#3553 = CARTESIAN_POINT('',(-0.,0.));
#3554 = VECTOR('',#3555,1.);
#3555 = DIRECTION('',(-0.,1.));
#3556 = ( GEOMETRIC_REPRESENTATION_CONTEXT(2)
PARAMETRIC_REPRESENTATION_CONTEXT() REPRESENTATION_CONTEXT('2D SPACE',''
  ) );
#3557 = PCURVE('',#3271,#3558);
#3558 = DEFINITIONAL_REPRESENTATION('',(#3559),#3563);
#3559 = LINE('',#3560,#3561);
#3560 = CARTESIAN_POINT('',(0.828427124746,0.));
#3561 = VECTOR('',#3562,1.);
#3562 = DIRECTION('',(0.,-1.));
#3563 = ( GEOMETRIC_REPRESENTATION_CONTEXT(2)
PARAMETRIC_REPRESENTATION_CONTEXT() REPRESENTATION_CONTEXT('2D SPACE',''
  ) );
#3564 = ADVANCED_FACE('',(#3565),#1367,.T.);
#3565 = FACE_BOUND('',#3566,.T.);
#3566 = EDGE_LOOP('',(#3567,#3591,#3592,#3615,#3639));
#3567 = ORIENTED_EDGE('',*,*,#3568,.T.);
#3568 = EDGE_CURVE('',#3569,#1351,#3571,.T.);
#3569 = VERTEX_POINT('',#3570);
#3570 = CARTESIAN_POINT('',(32.585786437627,0.,-9.414213562373));
#3571 = SURFACE_CURVE('',#3572,(#3577,#3584),.PCURVE_S1.);
#3572 = CIRCLE('',#3573,2.);
#3573 = AXIS2_PLACEMENT_3D('',#3574,#3575,#3576);
#3574 = CARTESIAN_POINT('',(34.,0.,-10.82842712474));
#3575 = DIRECTION('',(0.,-1.,0.));
#3576 = DIRECTION('',(0.,-0.,-1.));
#3577 = PCURVE('',#1367,#3578);
#3578 = DEFINITIONAL_REPRESENTATION('',(#3579),#3583);
#3579 = LINE('',#3580,#3581);
#3580 = CARTESIAN_POINT('',(-3.926990816987,0.));
#3581 = VECTOR('',#3582,1.);
#3582 = DIRECTION('',(1.,0.));
#3583 = ( GEOMETRIC_REPRESENTATION_CONTEXT(2)
PARAMETRIC_REPRESENTATION_CONTEXT() REPRESENTATION_CONTEXT('2D SPACE',''
  ) );
#3584 = PCURVE('',#2486,#3585);
#3585 = DEFINITIONAL_REPRESENTATION('',(#3586),#3590);
#3586 = CIRCLE('',#3587,2.);
#3587 = AXIS2_PLACEMENT_2D('',#3588,#3589);
#3588 = CARTESIAN_POINT('',(18.807322301083,-8.504615325669));
#3589 = DIRECTION('',(1.,0.));
#3590 = ( GEOMETRIC_REPRESENTATION_CONTEXT(2)
PARAMETRIC_REPRESENTATION_CONTEXT() REPRESENTATION_CONTEXT('2D SPACE',''
  ) );
#3591 = ORIENTED_EDGE('',*,*,#1350,.T.);
#3592 = ORIENTED_EDGE('',*,*,#3593,.T.);
#3593 = EDGE_CURVE('',#1323,#3594,#3596,.T.);
#3594 = VERTEX_POINT('',#3595);
#3595 = CARTESIAN_POINT('',(32.,-6.35,-10.82842712474));
#3596 = SURFACE_CURVE('',#3597,(#3601,#3608),.PCURVE_S1.);
#3597 = LINE('',#3598,#3599);
#3598 = CARTESIAN_POINT('',(32.,0.,-10.82842712474));
#3599 = VECTOR('',#3600,1.);
#3600 = DIRECTION('',(0.,-1.,0.));
#3601 = PCURVE('',#1367,#3602);
#3602 = DEFINITIONAL_REPRESENTATION('',(#3603),#3607);
#3603 = LINE('',#3604,#3605);
#3604 = CARTESIAN_POINT('',(0.785398163397,0.));
#3605 = VECTOR('',#3606,1.);
#3606 = DIRECTION('',(0.,1.));
#3607 = ( GEOMETRIC_REPRESENTATION_CONTEXT(2)
PARAMETRIC_REPRESENTATION_CONTEXT() REPRESENTATION_CONTEXT('2D SPACE',''
  ) );
#3608 = PCURVE('',#1338,#3609);
#3609 = DEFINITIONAL_REPRESENTATION('',(#3610),#3614);
#3610 = LINE('',#3611,#3612);
#3611 = CARTESIAN_POINT('',(0.828427124746,0.));
#3612 = VECTOR('',#3613,1.);
#3613 = DIRECTION('',(0.,-1.));
#3614 = ( GEOMETRIC_REPRESENTATION_CONTEXT(2)
PARAMETRIC_REPRESENTATION_CONTEXT() REPRESENTATION_CONTEXT('2D SPACE',''
  ) );
#3615 = ORIENTED_EDGE('',*,*,#3616,.F.);
#3616 = EDGE_CURVE('',#3617,#3594,#3619,.T.);
#3617 = VERTEX_POINT('',#3618);
#3618 = CARTESIAN_POINT('',(32.585786437627,-6.35,-9.414213562373));
#3619 = SURFACE_CURVE('',#3620,(#3625,#3632),.PCURVE_S1.);
#3620 = CIRCLE('',#3621,2.);
#3621 = AXIS2_PLACEMENT_3D('',#3622,#3623,#3624);
#3622 = CARTESIAN_POINT('',(34.,-6.35,-10.82842712474));
#3623 = DIRECTION('',(0.,-1.,0.));
#3624 = DIRECTION('',(0.,-0.,-1.));
#3625 = PCURVE('',#1367,#3626);
#3626 = DEFINITIONAL_REPRESENTATION('',(#3627),#3631);
#3627 = LINE('',#3628,#3629);
#3628 = CARTESIAN_POINT('',(-3.926990816987,6.35));
#3629 = VECTOR('',#3630,1.);
#3630 = DIRECTION('',(1.,0.));
#3631 = ( GEOMETRIC_REPRESENTATION_CONTEXT(2)
PARAMETRIC_REPRESENTATION_CONTEXT() REPRESENTATION_CONTEXT('2D SPACE',''
  ) );
#3632 = PCURVE('',#1890,#3633);
#3633 = DEFINITIONAL_REPRESENTATION('',(#3634),#3638);
#3634 = CIRCLE('',#3635,2.);
#3635 = AXIS2_PLACEMENT_2D('',#3636,#3637);
#3636 = CARTESIAN_POINT('',(18.807322301083,-8.504615325669));
#3637 = DIRECTION('',(1.,0.));
#3638 = ( GEOMETRIC_REPRESENTATION_CONTEXT(2)
PARAMETRIC_REPRESENTATION_CONTEXT() REPRESENTATION_CONTEXT('2D SPACE',''
  ) );
#3639 = ORIENTED_EDGE('',*,*,#3640,.F.);
#3640 = EDGE_CURVE('',#3569,#3617,#3641,.T.);
#3641 = SURFACE_CURVE('',#3642,(#3646,#3653),.PCURVE_S1.);
#3642 = LINE('',#3643,#3644);
#3643 = CARTESIAN_POINT('',(32.585786437627,0.,-9.414213562373));
#3644 = VECTOR('',#3645,1.);
#3645 = DIRECTION('',(0.,-1.,0.));
#3646 = PCURVE('',#1367,#3647);
#3647 = DEFINITIONAL_REPRESENTATION('',(#3648),#3652);
#3648 = LINE('',#3649,#3650);
#3649 = CARTESIAN_POINT('',(0.,0.));
#3650 = VECTOR('',#3651,1.);
#3651 = DIRECTION('',(0.,1.));
#3652 = ( GEOMETRIC_REPRESENTATION_CONTEXT(2)
PARAMETRIC_REPRESENTATION_CONTEXT() REPRESENTATION_CONTEXT('2D SPACE',''
  ) );
#3653 = PCURVE('',#3654,#3659);
#3654 = PLANE('',#3655);
#3655 = AXIS2_PLACEMENT_3D('',#3656,#3657,#3658);
#3656 = CARTESIAN_POINT('',(35.,0.,-7.));
#3657 = DIRECTION('',(0.707106781187,0.,-0.707106781187));
#3658 = DIRECTION('',(-0.707106781187,0.,-0.707106781187));
#3659 = DEFINITIONAL_REPRESENTATION('',(#3660),#3664);
#3660 = LINE('',#3661,#3662);
#3661 = CARTESIAN_POINT('',(3.414213562373,0.));
#3662 = VECTOR('',#3663,1.);
#3663 = DIRECTION('',(-0.,-1.));
#3664 = ( GEOMETRIC_REPRESENTATION_CONTEXT(2)
PARAMETRIC_REPRESENTATION_CONTEXT() REPRESENTATION_CONTEXT('2D SPACE',''
  ) );
#3665 = ADVANCED_FACE('',(#3666),#1338,.F.);
#3666 = FACE_BOUND('',#3667,.F.);
#3667 = EDGE_LOOP('',(#3668,#3669,#3670,#3693));
#3668 = ORIENTED_EDGE('',*,*,#1322,.F.);
#3669 = ORIENTED_EDGE('',*,*,#3593,.T.);
#3670 = ORIENTED_EDGE('',*,*,#3671,.T.);
#3671 = EDGE_CURVE('',#3594,#3672,#3674,.T.);
#3672 = VERTEX_POINT('',#3673);
#3673 = CARTESIAN_POINT('',(32.,-6.35,-18.));
#3674 = SURFACE_CURVE('',#3675,(#3679,#3686),.PCURVE_S1.);
#3675 = LINE('',#3676,#3677);
#3676 = CARTESIAN_POINT('',(32.,-6.35,-10.));
#3677 = VECTOR('',#3678,1.);
#3678 = DIRECTION('',(0.,0.,-1.));
#3679 = PCURVE('',#1338,#3680);
#3680 = DEFINITIONAL_REPRESENTATION('',(#3681),#3685);
#3681 = LINE('',#3682,#3683);
#3682 = CARTESIAN_POINT('',(0.,-6.35));
#3683 = VECTOR('',#3684,1.);
#3684 = DIRECTION('',(1.,0.));
#3685 = ( GEOMETRIC_REPRESENTATION_CONTEXT(2)
PARAMETRIC_REPRESENTATION_CONTEXT() REPRESENTATION_CONTEXT('2D SPACE',''
  ) );
#3686 = PCURVE('',#1890,#3687);
#3687 = DEFINITIONAL_REPRESENTATION('',(#3688),#3692);
#3688 = LINE('',#3689,#3690);
#3689 = CARTESIAN_POINT('',(17.978895176337,-10.50461532566));
#3690 = VECTOR('',#3691,1.);
#3691 = DIRECTION('',(1.,0.));
#3692 = ( GEOMETRIC_REPRESENTATION_CONTEXT(2)
PARAMETRIC_REPRESENTATION_CONTEXT() REPRESENTATION_CONTEXT('2D SPACE',''
  ) );
#3693 = ORIENTED_EDGE('',*,*,#3694,.F.);
#3694 = EDGE_CURVE('',#1290,#3672,#3695,.T.);
#3695 = SURFACE_CURVE('',#3696,(#3700,#3707),.PCURVE_S1.);
#3696 = LINE('',#3697,#3698);
#3697 = CARTESIAN_POINT('',(32.,0.,-18.));
#3698 = VECTOR('',#3699,1.);
#3699 = DIRECTION('',(0.,-1.,0.));
#3700 = PCURVE('',#1338,#3701);
#3701 = DEFINITIONAL_REPRESENTATION('',(#3702),#3706);
#3702 = LINE('',#3703,#3704);
#3703 = CARTESIAN_POINT('',(8.,0.));
#3704 = VECTOR('',#3705,1.);
#3705 = DIRECTION('',(0.,-1.));
#3706 = ( GEOMETRIC_REPRESENTATION_CONTEXT(2)
PARAMETRIC_REPRESENTATION_CONTEXT() REPRESENTATION_CONTEXT('2D SPACE',''
  ) );
#3707 = PCURVE('',#1310,#3708);
#3708 = DEFINITIONAL_REPRESENTATION('',(#3709),#3713);
#3709 = LINE('',#3710,#3711);
#3710 = CARTESIAN_POINT('',(-1.570796326795,0.));
#3711 = VECTOR('',#3712,1.);
#3712 = DIRECTION('',(-0.,1.));
#3713 = ( GEOMETRIC_REPRESENTATION_CONTEXT(2)
PARAMETRIC_REPRESENTATION_CONTEXT() REPRESENTATION_CONTEXT('2D SPACE',''
  ) );
#3714 = ADVANCED_FACE('',(#3715),#1310,.T.);
#3715 = FACE_BOUND('',#3716,.F.);
#3716 = EDGE_LOOP('',(#3717,#3718,#3719,#3745));
#3717 = ORIENTED_EDGE('',*,*,#1289,.T.);
#3718 = ORIENTED_EDGE('',*,*,#3694,.T.);
#3719 = ORIENTED_EDGE('',*,*,#3720,.F.);
#3720 = EDGE_CURVE('',#1852,#3672,#3721,.T.);
#3721 = SURFACE_CURVE('',#3722,(#3727,#3734),.PCURVE_S1.);
#3722 = CIRCLE('',#3723,2.);
#3723 = AXIS2_PLACEMENT_3D('',#3724,#3725,#3726);
#3724 = CARTESIAN_POINT('',(34.,-6.35,-18.));
#3725 = DIRECTION('',(-0.,1.,0.));
#3726 = DIRECTION('',(0.,0.,-1.));
#3727 = PCURVE('',#1310,#3728);
#3728 = DEFINITIONAL_REPRESENTATION('',(#3729),#3733);
#3729 = LINE('',#3730,#3731);
#3730 = CARTESIAN_POINT('',(-0.,6.35));
#3731 = VECTOR('',#3732,1.);
#3732 = DIRECTION('',(-1.,0.));
#3733 = ( GEOMETRIC_REPRESENTATION_CONTEXT(2)
PARAMETRIC_REPRESENTATION_CONTEXT() REPRESENTATION_CONTEXT('2D SPACE',''
  ) );
#3734 = PCURVE('',#1890,#3735);
#3735 = DEFINITIONAL_REPRESENTATION('',(#3736),#3744);
#3736 = ( BOUNDED_CURVE() B_SPLINE_CURVE(2,(#3737,#3738,#3739,#3740,
#3741,#3742,#3743),.UNSPECIFIED.,.T.,.F.) B_SPLINE_CURVE_WITH_KNOTS((1,2
    ,2,2,2,1),(-2.094395102393,0.,2.094395102393,4.188790204786,
6.28318530718,8.377580409573),.UNSPECIFIED.) CURVE()
GEOMETRIC_REPRESENTATION_ITEM() RATIONAL_B_SPLINE_CURVE((1.,0.5,1.,0.5,
1.,0.5,1.)) REPRESENTATION_ITEM('') );
#3737 = CARTESIAN_POINT('',(27.978895176337,-8.504615325669));
#3738 = CARTESIAN_POINT('',(27.978895176337,-11.9687169408));
#3739 = CARTESIAN_POINT('',(24.978895176337,-10.23666613323));
#3740 = CARTESIAN_POINT('',(21.978895176337,-8.504615325669));
#3741 = CARTESIAN_POINT('',(24.978895176337,-6.7725645181));
#3742 = CARTESIAN_POINT('',(27.978895176337,-5.040513710532));
#3743 = CARTESIAN_POINT('',(27.978895176337,-8.504615325669));
#3744 = ( GEOMETRIC_REPRESENTATION_CONTEXT(2)
PARAMETRIC_REPRESENTATION_CONTEXT() REPRESENTATION_CONTEXT('2D SPACE',''
  ) );
#3745 = ORIENTED_EDGE('',*,*,#1851,.F.);
#3746 = ADVANCED_FACE('',(#3747),#1740,.F.);
#3747 = FACE_BOUND('',#3748,.F.);
#3748 = EDGE_LOOP('',(#3749,#3750,#3771,#3772));
#3749 = ORIENTED_EDGE('',*,*,#2974,.F.);
#3750 = ORIENTED_EDGE('',*,*,#3751,.F.);
#3751 = EDGE_CURVE('',#1720,#2950,#3752,.T.);
#3752 = SEAM_CURVE('',#3753,(#3757,#3764),.PCURVE_S1.);
#3753 = LINE('',#3754,#3755);
#3754 = CARTESIAN_POINT('',(-1.383850883037E-15,0.,15.65));
#3755 = VECTOR('',#3756,1.);
#3756 = DIRECTION('',(1.731912112471E-16,0.707106781187,-0.707106781187)
  );
#3757 = PCURVE('',#1740,#3758);
#3758 = DEFINITIONAL_REPRESENTATION('',(#3759),#3763);
#3759 = LINE('',#3760,#3761);
#3760 = CARTESIAN_POINT('',(-6.28318530718,0.));
#3761 = VECTOR('',#3762,1.);
#3762 = DIRECTION('',(-0.,-1.));
#3763 = ( GEOMETRIC_REPRESENTATION_CONTEXT(2)
PARAMETRIC_REPRESENTATION_CONTEXT() REPRESENTATION_CONTEXT('2D SPACE',''
  ) );
#3764 = PCURVE('',#1740,#3765);
#3765 = DEFINITIONAL_REPRESENTATION('',(#3766),#3770);
#3766 = LINE('',#3767,#3768);
#3767 = CARTESIAN_POINT('',(0.,-0.));
#3768 = VECTOR('',#3769,1.);
#3769 = DIRECTION('',(-0.,-1.));
#3770 = ( GEOMETRIC_REPRESENTATION_CONTEXT(2)
PARAMETRIC_REPRESENTATION_CONTEXT() REPRESENTATION_CONTEXT('2D SPACE',''
  ) );
#3771 = ORIENTED_EDGE('',*,*,#1719,.T.);
#3772 = ORIENTED_EDGE('',*,*,#3751,.T.);
#3773 = ADVANCED_FACE('',(#3774),#1805,.F.);
#3774 = FACE_BOUND('',#3775,.F.);
#3775 = EDGE_LOOP('',(#3776,#3777,#3798,#3799));
#3776 = ORIENTED_EDGE('',*,*,#3051,.F.);
#3777 = ORIENTED_EDGE('',*,*,#3778,.F.);
#3778 = EDGE_CURVE('',#1785,#3027,#3779,.T.);
#3779 = SEAM_CURVE('',#3780,(#3784,#3791),.PCURVE_S1.);
#3780 = LINE('',#3781,#3782);
#3781 = CARTESIAN_POINT('',(-1.383850883037E-15,0.,-4.35));
#3782 = VECTOR('',#3783,1.);
#3783 = DIRECTION('',(1.731912112471E-16,0.707106781187,-0.707106781187)
  );
#3784 = PCURVE('',#1805,#3785);
#3785 = DEFINITIONAL_REPRESENTATION('',(#3786),#3790);
#3786 = LINE('',#3787,#3788);
#3787 = CARTESIAN_POINT('',(-6.28318530718,0.));
#3788 = VECTOR('',#3789,1.);
#3789 = DIRECTION('',(-0.,-1.));
#3790 = ( GEOMETRIC_REPRESENTATION_CONTEXT(2)
PARAMETRIC_REPRESENTATION_CONTEXT() REPRESENTATION_CONTEXT('2D SPACE',''
  ) );
#3791 = PCURVE('',#1805,#3792);
#3792 = DEFINITIONAL_REPRESENTATION('',(#3793),#3797);
#3793 = LINE('',#3794,#3795);
#3794 = CARTESIAN_POINT('',(0.,-0.));
#3795 = VECTOR('',#3796,1.);
#3796 = DIRECTION('',(-0.,-1.));
#3797 = ( GEOMETRIC_REPRESENTATION_CONTEXT(2)
PARAMETRIC_REPRESENTATION_CONTEXT() REPRESENTATION_CONTEXT('2D SPACE',''
  ) );
#3798 = ORIENTED_EDGE('',*,*,#1784,.T.);
#3799 = ORIENTED_EDGE('',*,*,#3778,.T.);
#3800 = ADVANCED_FACE('',(#3801),#1890,.T.);
#3801 = FACE_BOUND('',#3802,.T.);
#3802 = EDGE_LOOP('',(#3803,#3804,#3805,#3828,#3852,#3875,#3899,#3922,
    #3955,#3976,#3977,#3978));
#3803 = ORIENTED_EDGE('',*,*,#1874,.T.);
#3804 = ORIENTED_EDGE('',*,*,#3177,.T.);
#3805 = ORIENTED_EDGE('',*,*,#3806,.T.);
#3806 = EDGE_CURVE('',#3155,#3807,#3809,.T.);
#3807 = VERTEX_POINT('',#3808);
#3808 = CARTESIAN_POINT('',(51.,-6.35,35.380699));
#3809 = SURFACE_CURVE('',#3810,(#3814,#3821),.PCURVE_S1.);
#3810 = LINE('',#3811,#3812);
#3811 = CARTESIAN_POINT('',(51.,-6.35,-20.));
#3812 = VECTOR('',#3813,1.);
#3813 = DIRECTION('',(0.,0.,1.));
#3814 = PCURVE('',#1890,#3815);
#3815 = DEFINITIONAL_REPRESENTATION('',(#3816),#3820);
#3816 = LINE('',#3817,#3818);
#3817 = CARTESIAN_POINT('',(27.978895176337,8.495384674331));
#3818 = VECTOR('',#3819,1.);
#3819 = DIRECTION('',(-1.,0.));
#3820 = ( GEOMETRIC_REPRESENTATION_CONTEXT(2)
PARAMETRIC_REPRESENTATION_CONTEXT() REPRESENTATION_CONTEXT('2D SPACE',''
  ) );
#3821 = PCURVE('',#1998,#3822);
#3822 = DEFINITIONAL_REPRESENTATION('',(#3823),#3827);
#3823 = LINE('',#3824,#3825);
#3824 = CARTESIAN_POINT('',(0.,-6.35));
#3825 = VECTOR('',#3826,1.);
#3826 = DIRECTION('',(1.,0.));
#3827 = ( GEOMETRIC_REPRESENTATION_CONTEXT(2)
PARAMETRIC_REPRESENTATION_CONTEXT() REPRESENTATION_CONTEXT('2D SPACE',''
  ) );
#3828 = ORIENTED_EDGE('',*,*,#3829,.T.);
#3829 = EDGE_CURVE('',#3807,#3830,#3832,.T.);
#3830 = VERTEX_POINT('',#3831);
#3831 = CARTESIAN_POINT('',(49.,-6.35,37.380699));
#3832 = SURFACE_CURVE('',#3833,(#3838,#3845),.PCURVE_S1.);
#3833 = CIRCLE('',#3834,2.);
#3834 = AXIS2_PLACEMENT_3D('',#3835,#3836,#3837);
#3835 = CARTESIAN_POINT('',(49.,-6.35,35.380699));
#3836 = DIRECTION('',(0.,-1.,0.));
#3837 = DIRECTION('',(0.,-0.,-1.));
#3838 = PCURVE('',#1890,#3839);
#3839 = DEFINITIONAL_REPRESENTATION('',(#3840),#3844);
#3840 = CIRCLE('',#3841,2.);
#3841 = AXIS2_PLACEMENT_2D('',#3842,#3843);
#3842 = CARTESIAN_POINT('',(-27.40180382366,6.495384674331));
#3843 = DIRECTION('',(1.,0.));
#3844 = ( GEOMETRIC_REPRESENTATION_CONTEXT(2)
PARAMETRIC_REPRESENTATION_CONTEXT() REPRESENTATION_CONTEXT('2D SPACE',''
  ) );
#3845 = PCURVE('',#2127,#3846);
#3846 = DEFINITIONAL_REPRESENTATION('',(#3847),#3851);
#3847 = LINE('',#3848,#3849);
#3848 = CARTESIAN_POINT('',(-1.570796326795,6.35));
#3849 = VECTOR('',#3850,1.);
#3850 = DIRECTION('',(1.,0.));
#3851 = ( GEOMETRIC_REPRESENTATION_CONTEXT(2)
PARAMETRIC_REPRESENTATION_CONTEXT() REPRESENTATION_CONTEXT('2D SPACE',''
  ) );
#3852 = ORIENTED_EDGE('',*,*,#3853,.T.);
#3853 = EDGE_CURVE('',#3830,#3854,#3856,.T.);
#3854 = VERTEX_POINT('',#3855);
#3855 = CARTESIAN_POINT('',(37.,-6.35,37.380699));
#3856 = SURFACE_CURVE('',#3857,(#3861,#3868),.PCURVE_S1.);
#3857 = LINE('',#3858,#3859);
#3858 = CARTESIAN_POINT('',(51.,-6.35,37.380699));
#3859 = VECTOR('',#3860,1.);
#3860 = DIRECTION('',(-1.,0.,0.));
#3861 = PCURVE('',#1890,#3862);
#3862 = DEFINITIONAL_REPRESENTATION('',(#3863),#3867);
#3863 = LINE('',#3864,#3865);
#3864 = CARTESIAN_POINT('',(-29.40180382366,8.495384674331));
#3865 = VECTOR('',#3866,1.);
#3866 = DIRECTION('',(0.,-1.));
#3867 = ( GEOMETRIC_REPRESENTATION_CONTEXT(2)
PARAMETRIC_REPRESENTATION_CONTEXT() REPRESENTATION_CONTEXT('2D SPACE',''
  ) );
#3868 = PCURVE('',#2214,#3869);
#3869 = DEFINITIONAL_REPRESENTATION('',(#3870),#3874);
#3870 = LINE('',#3871,#3872);
#3871 = CARTESIAN_POINT('',(0.,-6.35));
#3872 = VECTOR('',#3873,1.);
#3873 = DIRECTION('',(1.,0.));
#3874 = ( GEOMETRIC_REPRESENTATION_CONTEXT(2)
PARAMETRIC_REPRESENTATION_CONTEXT() REPRESENTATION_CONTEXT('2D SPACE',''
  ) );
#3875 = ORIENTED_EDGE('',*,*,#3876,.T.);
#3876 = EDGE_CURVE('',#3854,#3877,#3879,.T.);
#3877 = VERTEX_POINT('',#3878);
#3878 = CARTESIAN_POINT('',(35.,-6.35,35.380699));
#3879 = SURFACE_CURVE('',#3880,(#3885,#3892),.PCURVE_S1.);
#3880 = CIRCLE('',#3881,2.);
#3881 = AXIS2_PLACEMENT_3D('',#3882,#3883,#3884);
#3882 = CARTESIAN_POINT('',(37.,-6.35,35.380699));
#3883 = DIRECTION('',(0.,-1.,0.));
#3884 = DIRECTION('',(0.,-0.,-1.));
#3885 = PCURVE('',#1890,#3886);
#3886 = DEFINITIONAL_REPRESENTATION('',(#3887),#3891);
#3887 = CIRCLE('',#3888,2.);
#3888 = AXIS2_PLACEMENT_2D('',#3889,#3890);
#3889 = CARTESIAN_POINT('',(-27.40180382366,-5.504615325669));
#3890 = DIRECTION('',(1.,0.));
#3891 = ( GEOMETRIC_REPRESENTATION_CONTEXT(2)
PARAMETRIC_REPRESENTATION_CONTEXT() REPRESENTATION_CONTEXT('2D SPACE',''
  ) );
#3892 = PCURVE('',#2343,#3893);
#3893 = DEFINITIONAL_REPRESENTATION('',(#3894),#3898);
#3894 = LINE('',#3895,#3896);
#3895 = CARTESIAN_POINT('',(-3.14159265359,6.35));
#3896 = VECTOR('',#3897,1.);
#3897 = DIRECTION('',(1.,0.));
#3898 = ( GEOMETRIC_REPRESENTATION_CONTEXT(2)
PARAMETRIC_REPRESENTATION_CONTEXT() REPRESENTATION_CONTEXT('2D SPACE',''
  ) );
#3899 = ORIENTED_EDGE('',*,*,#3900,.T.);
#3900 = EDGE_CURVE('',#3877,#3901,#3903,.T.);
#3901 = VERTEX_POINT('',#3902);
#3902 = CARTESIAN_POINT('',(35.,-6.35,-6.171572875254));
#3903 = SURFACE_CURVE('',#3904,(#3908,#3915),.PCURVE_S1.);
#3904 = LINE('',#3905,#3906);
#3905 = CARTESIAN_POINT('',(35.,-6.35,37.380699));
#3906 = VECTOR('',#3907,1.);
#3907 = DIRECTION('',(0.,0.,-1.));
#3908 = PCURVE('',#1890,#3909);
#3909 = DEFINITIONAL_REPRESENTATION('',(#3910),#3914);
#3910 = LINE('',#3911,#3912);
#3911 = CARTESIAN_POINT('',(-29.40180382366,-7.504615325669));
#3912 = VECTOR('',#3913,1.);
#3913 = DIRECTION('',(1.,0.));
#3914 = ( GEOMETRIC_REPRESENTATION_CONTEXT(2)
PARAMETRIC_REPRESENTATION_CONTEXT() REPRESENTATION_CONTEXT('2D SPACE',''
  ) );
#3915 = PCURVE('',#2458,#3916);
#3916 = DEFINITIONAL_REPRESENTATION('',(#3917),#3921);
#3917 = LINE('',#3918,#3919);
#3918 = CARTESIAN_POINT('',(0.,-6.35));
#3919 = VECTOR('',#3920,1.);
#3920 = DIRECTION('',(1.,0.));
#3921 = ( GEOMETRIC_REPRESENTATION_CONTEXT(2)
PARAMETRIC_REPRESENTATION_CONTEXT() REPRESENTATION_CONTEXT('2D SPACE',''
  ) );
#3922 = ORIENTED_EDGE('',*,*,#3923,.T.);
#3923 = EDGE_CURVE('',#3901,#3924,#3926,.T.);
#3924 = VERTEX_POINT('',#3925);
#3925 = CARTESIAN_POINT('',(34.414213562373,-6.35,-7.585786437627));
#3926 = SURFACE_CURVE('',#3927,(#3932,#3943),.PCURVE_S1.);
#3927 = CIRCLE('',#3928,2.);
#3928 = AXIS2_PLACEMENT_3D('',#3929,#3930,#3931);
#3929 = CARTESIAN_POINT('',(33.,-6.35,-6.171572875254));
#3930 = DIRECTION('',(-0.,1.,0.));
#3931 = DIRECTION('',(0.,0.,-1.));
#3932 = PCURVE('',#1890,#3933);
#3933 = DEFINITIONAL_REPRESENTATION('',(#3934),#3942);
#3934 = ( BOUNDED_CURVE() B_SPLINE_CURVE(2,(#3935,#3936,#3937,#3938,
#3939,#3940,#3941),.UNSPECIFIED.,.T.,.F.) B_SPLINE_CURVE_WITH_KNOTS((1,2
    ,2,2,2,1),(-2.094395102393,0.,2.094395102393,4.188790204786,
6.28318530718,8.377580409573),.UNSPECIFIED.) CURVE()
GEOMETRIC_REPRESENTATION_ITEM() RATIONAL_B_SPLINE_CURVE((1.,0.5,1.,0.5,
1.,0.5,1.)) REPRESENTATION_ITEM('') );
#3935 = CARTESIAN_POINT('',(16.150468051591,-9.504615325669));
#3936 = CARTESIAN_POINT('',(16.150468051591,-12.9687169408));
#3937 = CARTESIAN_POINT('',(13.150468051591,-11.23666613323));
#3938 = CARTESIAN_POINT('',(10.150468051591,-9.504615325669));
#3939 = CARTESIAN_POINT('',(13.150468051591,-7.7725645181));
#3940 = CARTESIAN_POINT('',(16.150468051591,-6.040513710532));
#3941 = CARTESIAN_POINT('',(16.150468051591,-9.504615325669));
#3942 = ( GEOMETRIC_REPRESENTATION_CONTEXT(2)
PARAMETRIC_REPRESENTATION_CONTEXT() REPRESENTATION_CONTEXT('2D SPACE',''
  ) );
#3943 = PCURVE('',#3944,#3949);
#3944 = CYLINDRICAL_SURFACE('',#3945,2.);
#3945 = AXIS2_PLACEMENT_3D('',#3946,#3947,#3948);
#3946 = CARTESIAN_POINT('',(33.,0.,-6.171572875254));
#3947 = DIRECTION('',(0.,-1.,0.));
#3948 = DIRECTION('',(1.,0.,0.));
#3949 = DEFINITIONAL_REPRESENTATION('',(#3950),#3954);
#3950 = LINE('',#3951,#3952);
#3951 = CARTESIAN_POINT('',(4.712388980385,6.35));
#3952 = VECTOR('',#3953,1.);
#3953 = DIRECTION('',(-1.,0.));
#3954 = ( GEOMETRIC_REPRESENTATION_CONTEXT(2)
PARAMETRIC_REPRESENTATION_CONTEXT() REPRESENTATION_CONTEXT('2D SPACE',''
  ) );
#3955 = ORIENTED_EDGE('',*,*,#3956,.T.);
#3956 = EDGE_CURVE('',#3924,#3617,#3957,.T.);
#3957 = SURFACE_CURVE('',#3958,(#3962,#3969),.PCURVE_S1.);
#3958 = LINE('',#3959,#3960);
#3959 = CARTESIAN_POINT('',(35.,-6.35,-7.));
#3960 = VECTOR('',#3961,1.);
#3961 = DIRECTION('',(-0.707106781187,0.,-0.707106781187));
#3962 = PCURVE('',#1890,#3963);
#3963 = DEFINITIONAL_REPRESENTATION('',(#3964),#3968);
#3964 = LINE('',#3965,#3966);
#3965 = CARTESIAN_POINT('',(14.978895176337,-7.504615325669));
#3966 = VECTOR('',#3967,1.);
#3967 = DIRECTION('',(0.707106781187,-0.707106781187));
#3968 = ( GEOMETRIC_REPRESENTATION_CONTEXT(2)
PARAMETRIC_REPRESENTATION_CONTEXT() REPRESENTATION_CONTEXT('2D SPACE',''
  ) );
#3969 = PCURVE('',#3654,#3970);
#3970 = DEFINITIONAL_REPRESENTATION('',(#3971),#3975);
#3971 = LINE('',#3972,#3973);
#3972 = CARTESIAN_POINT('',(-0.,-6.35));
#3973 = VECTOR('',#3974,1.);
#3974 = DIRECTION('',(1.,0.));
#3975 = ( GEOMETRIC_REPRESENTATION_CONTEXT(2)
PARAMETRIC_REPRESENTATION_CONTEXT() REPRESENTATION_CONTEXT('2D SPACE',''
  ) );
#3976 = ORIENTED_EDGE('',*,*,#3616,.T.);
#3977 = ORIENTED_EDGE('',*,*,#3671,.T.);
#3978 = ORIENTED_EDGE('',*,*,#3720,.F.);
#3979 = ADVANCED_FACE('',(#3980),#1964,.F.);
#3980 = FACE_BOUND('',#3981,.F.);
#3981 = EDGE_LOOP('',(#3982,#3983,#4004,#4005));
#3982 = ORIENTED_EDGE('',*,*,#1950,.F.);
#3983 = ORIENTED_EDGE('',*,*,#3984,.T.);
#3984 = EDGE_CURVE('',#1928,#3387,#3985,.T.);
#3985 = SURFACE_CURVE('',#3986,(#3990,#3997),.PCURVE_S1.);
#3986 = LINE('',#3987,#3988);
#3987 = CARTESIAN_POINT('',(-51.,0.,35.380699));
#3988 = VECTOR('',#3989,1.);
#3989 = DIRECTION('',(0.,-1.,0.));
#3990 = PCURVE('',#1964,#3991);
#3991 = DEFINITIONAL_REPRESENTATION('',(#3992),#3996);
#3992 = LINE('',#3993,#3994);
#3993 = CARTESIAN_POINT('',(2.,0.));
#3994 = VECTOR('',#3995,1.);
#3995 = DIRECTION('',(0.,-1.));
#3996 = ( GEOMETRIC_REPRESENTATION_CONTEXT(2)
PARAMETRIC_REPRESENTATION_CONTEXT() REPRESENTATION_CONTEXT('2D SPACE',''
  ) );
#3997 = PCURVE('',#2053,#3998);
#3998 = DEFINITIONAL_REPRESENTATION('',(#3999),#4003);
#3999 = LINE('',#4000,#4001);
#4000 = CARTESIAN_POINT('',(1.570796326795,0.));
#4001 = VECTOR('',#4002,1.);
#4002 = DIRECTION('',(0.,1.));
#4003 = ( GEOMETRIC_REPRESENTATION_CONTEXT(2)
PARAMETRIC_REPRESENTATION_CONTEXT() REPRESENTATION_CONTEXT('2D SPACE',''
  ) );
#4004 = ORIENTED_EDGE('',*,*,#3410,.T.);
#4005 = ORIENTED_EDGE('',*,*,#3129,.F.);
#4006 = ADVANCED_FACE('',(#4007),#1998,.F.);
#4007 = FACE_BOUND('',#4008,.F.);
#4008 = EDGE_LOOP('',(#4009,#4010,#4011,#4012));
#4009 = ORIENTED_EDGE('',*,*,#1982,.F.);
#4010 = ORIENTED_EDGE('',*,*,#3154,.T.);
#4011 = ORIENTED_EDGE('',*,*,#3806,.T.);
#4012 = ORIENTED_EDGE('',*,*,#4013,.F.);
#4013 = EDGE_CURVE('',#1983,#3807,#4014,.T.);
#4014 = SURFACE_CURVE('',#4015,(#4019,#4026),.PCURVE_S1.);
#4015 = LINE('',#4016,#4017);
#4016 = CARTESIAN_POINT('',(51.,0.,35.380699));
#4017 = VECTOR('',#4018,1.);
#4018 = DIRECTION('',(0.,-1.,0.));
#4019 = PCURVE('',#1998,#4020);
#4020 = DEFINITIONAL_REPRESENTATION('',(#4021),#4025);
#4021 = LINE('',#4022,#4023);
#4022 = CARTESIAN_POINT('',(55.380699,0.));
#4023 = VECTOR('',#4024,1.);
#4024 = DIRECTION('',(0.,-1.));
#4025 = ( GEOMETRIC_REPRESENTATION_CONTEXT(2)
PARAMETRIC_REPRESENTATION_CONTEXT() REPRESENTATION_CONTEXT('2D SPACE',''
  ) );
#4026 = PCURVE('',#2127,#4027);
#4027 = DEFINITIONAL_REPRESENTATION('',(#4028),#4032);
#4028 = LINE('',#4029,#4030);
#4029 = CARTESIAN_POINT('',(0.,0.));
#4030 = VECTOR('',#4031,1.);
#4031 = DIRECTION('',(0.,1.));
#4032 = ( GEOMETRIC_REPRESENTATION_CONTEXT(2)
PARAMETRIC_REPRESENTATION_CONTEXT() REPRESENTATION_CONTEXT('2D SPACE',''
  ) );
#4033 = ADVANCED_FACE('',(#4034),#2053,.T.);
#4034 = FACE_BOUND('',#4035,.T.);
#4035 = EDGE_LOOP('',(#4036,#4037,#4038,#4039));
#4036 = ORIENTED_EDGE('',*,*,#2036,.T.);
#4037 = ORIENTED_EDGE('',*,*,#3984,.T.);
#4038 = ORIENTED_EDGE('',*,*,#3386,.F.);
#4039 = ORIENTED_EDGE('',*,*,#4040,.F.);
#4040 = EDGE_CURVE('',#2037,#3364,#4041,.T.);
#4041 = SURFACE_CURVE('',#4042,(#4046,#4053),.PCURVE_S1.);
#4042 = LINE('',#4043,#4044);
#4043 = CARTESIAN_POINT('',(-49.,0.,37.380699));
#4044 = VECTOR('',#4045,1.);
#4045 = DIRECTION('',(0.,-1.,0.));
#4046 = PCURVE('',#2053,#4047);
#4047 = DEFINITIONAL_REPRESENTATION('',(#4048),#4052);
#4048 = LINE('',#4049,#4050);
#4049 = CARTESIAN_POINT('',(0.,0.));
#4050 = VECTOR('',#4051,1.);
#4051 = DIRECTION('',(0.,1.));
#4052 = ( GEOMETRIC_REPRESENTATION_CONTEXT(2)
PARAMETRIC_REPRESENTATION_CONTEXT() REPRESENTATION_CONTEXT('2D SPACE',''
  ) );
#4053 = PCURVE('',#2180,#4054);
#4054 = DEFINITIONAL_REPRESENTATION('',(#4055),#4059);
#4055 = LINE('',#4056,#4057);
#4056 = CARTESIAN_POINT('',(14.,0.));
#4057 = VECTOR('',#4058,1.);
#4058 = DIRECTION('',(0.,-1.));
#4059 = ( GEOMETRIC_REPRESENTATION_CONTEXT(2)
PARAMETRIC_REPRESENTATION_CONTEXT() REPRESENTATION_CONTEXT('2D SPACE',''
  ) );
#4060 = ADVANCED_FACE('',(#4061),#2127,.T.);
#4061 = FACE_BOUND('',#4062,.T.);
#4062 = EDGE_LOOP('',(#4063,#4064,#4085,#4086));
#4063 = ORIENTED_EDGE('',*,*,#2112,.T.);
#4064 = ORIENTED_EDGE('',*,*,#4065,.T.);
#4065 = EDGE_CURVE('',#2090,#3830,#4066,.T.);
#4066 = SURFACE_CURVE('',#4067,(#4071,#4078),.PCURVE_S1.);
#4067 = LINE('',#4068,#4069);
#4068 = CARTESIAN_POINT('',(49.,0.,37.380699));
#4069 = VECTOR('',#4070,1.);
#4070 = DIRECTION('',(0.,-1.,0.));
#4071 = PCURVE('',#2127,#4072);
#4072 = DEFINITIONAL_REPRESENTATION('',(#4073),#4077);
#4073 = LINE('',#4074,#4075);
#4074 = CARTESIAN_POINT('',(1.570796326795,0.));
#4075 = VECTOR('',#4076,1.);
#4076 = DIRECTION('',(0.,1.));
#4077 = ( GEOMETRIC_REPRESENTATION_CONTEXT(2)
PARAMETRIC_REPRESENTATION_CONTEXT() REPRESENTATION_CONTEXT('2D SPACE',''
  ) );
#4078 = PCURVE('',#2214,#4079);
#4079 = DEFINITIONAL_REPRESENTATION('',(#4080),#4084);
#4080 = LINE('',#4081,#4082);
#4081 = CARTESIAN_POINT('',(2.,0.));
#4082 = VECTOR('',#4083,1.);
#4083 = DIRECTION('',(0.,-1.));
#4084 = ( GEOMETRIC_REPRESENTATION_CONTEXT(2)
PARAMETRIC_REPRESENTATION_CONTEXT() REPRESENTATION_CONTEXT('2D SPACE',''
  ) );
#4085 = ORIENTED_EDGE('',*,*,#3829,.F.);
#4086 = ORIENTED_EDGE('',*,*,#4013,.F.);
#4087 = ADVANCED_FACE('',(#4088),#2180,.F.);
#4088 = FACE_BOUND('',#4089,.F.);
#4089 = EDGE_LOOP('',(#4090,#4091,#4112,#4113));
#4090 = ORIENTED_EDGE('',*,*,#2166,.F.);
#4091 = ORIENTED_EDGE('',*,*,#4092,.T.);
#4092 = EDGE_CURVE('',#2144,#3340,#4093,.T.);
#4093 = SURFACE_CURVE('',#4094,(#4098,#4105),.PCURVE_S1.);
#4094 = LINE('',#4095,#4096);
#4095 = CARTESIAN_POINT('',(-37.,0.,37.380699));
#4096 = VECTOR('',#4097,1.);
#4097 = DIRECTION('',(0.,-1.,0.));
#4098 = PCURVE('',#2180,#4099);
#4099 = DEFINITIONAL_REPRESENTATION('',(#4100),#4104);
#4100 = LINE('',#4101,#4102);
#4101 = CARTESIAN_POINT('',(2.,0.));
#4102 = VECTOR('',#4103,1.);
#4103 = DIRECTION('',(0.,-1.));
#4104 = ( GEOMETRIC_REPRESENTATION_CONTEXT(2)
PARAMETRIC_REPRESENTATION_CONTEXT() REPRESENTATION_CONTEXT('2D SPACE',''
  ) );
#4105 = PCURVE('',#2269,#4106);
#4106 = DEFINITIONAL_REPRESENTATION('',(#4107),#4111);
#4107 = LINE('',#4108,#4109);
#4108 = CARTESIAN_POINT('',(1.570796326795,0.));
#4109 = VECTOR('',#4110,1.);
#4110 = DIRECTION('',(0.,1.));
#4111 = ( GEOMETRIC_REPRESENTATION_CONTEXT(2)
PARAMETRIC_REPRESENTATION_CONTEXT() REPRESENTATION_CONTEXT('2D SPACE',''
  ) );
#4112 = ORIENTED_EDGE('',*,*,#3363,.T.);
#4113 = ORIENTED_EDGE('',*,*,#4040,.F.);
#4114 = ADVANCED_FACE('',(#4115),#2214,.F.);
#4115 = FACE_BOUND('',#4116,.F.);
#4116 = EDGE_LOOP('',(#4117,#4118,#4119,#4120));
#4117 = ORIENTED_EDGE('',*,*,#2198,.F.);
#4118 = ORIENTED_EDGE('',*,*,#4065,.T.);
#4119 = ORIENTED_EDGE('',*,*,#3853,.T.);
#4120 = ORIENTED_EDGE('',*,*,#4121,.F.);
#4121 = EDGE_CURVE('',#2199,#3854,#4122,.T.);
#4122 = SURFACE_CURVE('',#4123,(#4127,#4134),.PCURVE_S1.);
#4123 = LINE('',#4124,#4125);
#4124 = CARTESIAN_POINT('',(37.,0.,37.380699));
#4125 = VECTOR('',#4126,1.);
#4126 = DIRECTION('',(0.,-1.,0.));
#4127 = PCURVE('',#2214,#4128);
#4128 = DEFINITIONAL_REPRESENTATION('',(#4129),#4133);
#4129 = LINE('',#4130,#4131);
#4130 = CARTESIAN_POINT('',(14.,0.));
#4131 = VECTOR('',#4132,1.);
#4132 = DIRECTION('',(0.,-1.));
#4133 = ( GEOMETRIC_REPRESENTATION_CONTEXT(2)
PARAMETRIC_REPRESENTATION_CONTEXT() REPRESENTATION_CONTEXT('2D SPACE',''
  ) );
#4134 = PCURVE('',#2343,#4135);
#4135 = DEFINITIONAL_REPRESENTATION('',(#4136),#4140);
#4136 = LINE('',#4137,#4138);
#4137 = CARTESIAN_POINT('',(0.,0.));
#4138 = VECTOR('',#4139,1.);
#4139 = DIRECTION('',(0.,1.));
#4140 = ( GEOMETRIC_REPRESENTATION_CONTEXT(2)
PARAMETRIC_REPRESENTATION_CONTEXT() REPRESENTATION_CONTEXT('2D SPACE',''
  ) );
#4141 = ADVANCED_FACE('',(#4142),#2269,.T.);
#4142 = FACE_BOUND('',#4143,.T.);
#4143 = EDGE_LOOP('',(#4144,#4145,#4146,#4147));
#4144 = ORIENTED_EDGE('',*,*,#2252,.T.);
#4145 = ORIENTED_EDGE('',*,*,#4092,.T.);
#4146 = ORIENTED_EDGE('',*,*,#3339,.F.);
#4147 = ORIENTED_EDGE('',*,*,#4148,.F.);
#4148 = EDGE_CURVE('',#2253,#3317,#4149,.T.);
#4149 = SURFACE_CURVE('',#4150,(#4154,#4161),.PCURVE_S1.);
#4150 = LINE('',#4151,#4152);
#4151 = CARTESIAN_POINT('',(-35.,0.,35.380699));
#4152 = VECTOR('',#4153,1.);
#4153 = DIRECTION('',(0.,-1.,0.));
#4154 = PCURVE('',#2269,#4155);
#4155 = DEFINITIONAL_REPRESENTATION('',(#4156),#4160);
#4156 = LINE('',#4157,#4158);
#4157 = CARTESIAN_POINT('',(0.,0.));
#4158 = VECTOR('',#4159,1.);
#4159 = DIRECTION('',(0.,1.));
#4160 = ( GEOMETRIC_REPRESENTATION_CONTEXT(2)
PARAMETRIC_REPRESENTATION_CONTEXT() REPRESENTATION_CONTEXT('2D SPACE',''
  ) );
#4161 = PCURVE('',#2424,#4162);
#4162 = DEFINITIONAL_REPRESENTATION('',(#4163),#4167);
#4163 = LINE('',#4164,#4165);
#4164 = CARTESIAN_POINT('',(42.380699,0.));
#4165 = VECTOR('',#4166,1.);
#4166 = DIRECTION('',(0.,-1.));
#4167 = ( GEOMETRIC_REPRESENTATION_CONTEXT(2)
PARAMETRIC_REPRESENTATION_CONTEXT() REPRESENTATION_CONTEXT('2D SPACE',''
  ) );
#4168 = ADVANCED_FACE('',(#4169),#2343,.T.);
#4169 = FACE_BOUND('',#4170,.T.);
#4170 = EDGE_LOOP('',(#4171,#4172,#4193,#4194));
#4171 = ORIENTED_EDGE('',*,*,#2328,.T.);
#4172 = ORIENTED_EDGE('',*,*,#4173,.T.);
#4173 = EDGE_CURVE('',#2306,#3877,#4174,.T.);
#4174 = SURFACE_CURVE('',#4175,(#4179,#4186),.PCURVE_S1.);
#4175 = LINE('',#4176,#4177);
#4176 = CARTESIAN_POINT('',(35.,0.,35.380699));
#4177 = VECTOR('',#4178,1.);
#4178 = DIRECTION('',(0.,-1.,0.));
#4179 = PCURVE('',#2343,#4180);
#4180 = DEFINITIONAL_REPRESENTATION('',(#4181),#4185);
#4181 = LINE('',#4182,#4183);
#4182 = CARTESIAN_POINT('',(1.570796326795,0.));
#4183 = VECTOR('',#4184,1.);
#4184 = DIRECTION('',(0.,1.));
#4185 = ( GEOMETRIC_REPRESENTATION_CONTEXT(2)
PARAMETRIC_REPRESENTATION_CONTEXT() REPRESENTATION_CONTEXT('2D SPACE',''
  ) );
#4186 = PCURVE('',#2458,#4187);
#4187 = DEFINITIONAL_REPRESENTATION('',(#4188),#4192);
#4188 = LINE('',#4189,#4190);
#4189 = CARTESIAN_POINT('',(2.,0.));
#4190 = VECTOR('',#4191,1.);
#4191 = DIRECTION('',(0.,-1.));
#4192 = ( GEOMETRIC_REPRESENTATION_CONTEXT(2)
PARAMETRIC_REPRESENTATION_CONTEXT() REPRESENTATION_CONTEXT('2D SPACE',''
  ) );
#4193 = ORIENTED_EDGE('',*,*,#3876,.F.);
#4194 = ORIENTED_EDGE('',*,*,#4121,.F.);
#4195 = ADVANCED_FACE('',(#4196),#2398,.F.);
#4196 = FACE_BOUND('',#4197,.F.);
#4197 = EDGE_LOOP('',(#4198,#4199,#4222,#4248,#4249,#4250));
#4198 = ORIENTED_EDGE('',*,*,#3513,.F.);
#4199 = ORIENTED_EDGE('',*,*,#4200,.T.);
#4200 = EDGE_CURVE('',#3514,#4201,#4203,.T.);
#4201 = VERTEX_POINT('',#4202);
#4202 = CARTESIAN_POINT('',(-34.41421356237,0.,-7.585786437627));
#4203 = SURFACE_CURVE('',#4204,(#4208,#4215),.PCURVE_S1.);
#4204 = LINE('',#4205,#4206);
#4205 = CARTESIAN_POINT('',(-32.,0.,-10.));
#4206 = VECTOR('',#4207,1.);
#4207 = DIRECTION('',(-0.707106781187,0.,0.707106781187));
#4208 = PCURVE('',#2398,#4209);
#4209 = DEFINITIONAL_REPRESENTATION('',(#4210),#4214);
#4210 = LINE('',#4211,#4212);
#4211 = CARTESIAN_POINT('',(17.978895176337,10.504615325669));
#4212 = VECTOR('',#4213,1.);
#4213 = DIRECTION('',(-0.707106781187,-0.707106781187));
#4214 = ( GEOMETRIC_REPRESENTATION_CONTEXT(2)
PARAMETRIC_REPRESENTATION_CONTEXT() REPRESENTATION_CONTEXT('2D SPACE',''
  ) );
#4215 = PCURVE('',#3271,#4216);
#4216 = DEFINITIONAL_REPRESENTATION('',(#4217),#4221);
#4217 = LINE('',#4218,#4219);
#4218 = CARTESIAN_POINT('',(0.,0.));
#4219 = VECTOR('',#4220,1.);
#4220 = DIRECTION('',(1.,0.));
#4221 = ( GEOMETRIC_REPRESENTATION_CONTEXT(2)
PARAMETRIC_REPRESENTATION_CONTEXT() REPRESENTATION_CONTEXT('2D SPACE',''
  ) );
#4222 = ORIENTED_EDGE('',*,*,#4223,.T.);
#4223 = EDGE_CURVE('',#4201,#2383,#4224,.T.);
#4224 = SURFACE_CURVE('',#4225,(#4230,#4241),.PCURVE_S1.);
#4225 = CIRCLE('',#4226,2.);
#4226 = AXIS2_PLACEMENT_3D('',#4227,#4228,#4229);
#4227 = CARTESIAN_POINT('',(-33.,0.,-6.171572875254));
#4228 = DIRECTION('',(-0.,1.,0.));
#4229 = DIRECTION('',(0.,0.,-1.));
#4230 = PCURVE('',#2398,#4231);
#4231 = DEFINITIONAL_REPRESENTATION('',(#4232),#4240);
#4232 = ( BOUNDED_CURVE() B_SPLINE_CURVE(2,(#4233,#4234,#4235,#4236,
#4237,#4238,#4239),.UNSPECIFIED.,.T.,.F.) B_SPLINE_CURVE_WITH_KNOTS((1,2
    ,2,2,2,1),(-2.094395102393,0.,2.094395102393,4.188790204786,
6.28318530718,8.377580409573),.UNSPECIFIED.) CURVE()
GEOMETRIC_REPRESENTATION_ITEM() RATIONAL_B_SPLINE_CURVE((1.,0.5,1.,0.5,
1.,0.5,1.)) REPRESENTATION_ITEM('') );
#4233 = CARTESIAN_POINT('',(16.150468051591,9.504615325669));
#4234 = CARTESIAN_POINT('',(16.150468051591,6.040513710532));
#4235 = CARTESIAN_POINT('',(13.150468051591,7.7725645181));
#4236 = CARTESIAN_POINT('',(10.150468051591,9.504615325669));
#4237 = CARTESIAN_POINT('',(13.150468051591,11.236666133238));
#4238 = CARTESIAN_POINT('',(16.150468051591,12.968716940807));
#4239 = CARTESIAN_POINT('',(16.150468051591,9.504615325669));
#4240 = ( GEOMETRIC_REPRESENTATION_CONTEXT(2)
PARAMETRIC_REPRESENTATION_CONTEXT() REPRESENTATION_CONTEXT('2D SPACE',''
  ) );
#4241 = PCURVE('',#3304,#4242);
#4242 = DEFINITIONAL_REPRESENTATION('',(#4243),#4247);
#4243 = LINE('',#4244,#4245);
#4244 = CARTESIAN_POINT('',(0.785398163397,-0.));
#4245 = VECTOR('',#4246,1.);
#4246 = DIRECTION('',(-1.,0.));
#4247 = ( GEOMETRIC_REPRESENTATION_CONTEXT(2)
PARAMETRIC_REPRESENTATION_CONTEXT() REPRESENTATION_CONTEXT('2D SPACE',''
  ) );
#4248 = ORIENTED_EDGE('',*,*,#2382,.F.);
#4249 = ORIENTED_EDGE('',*,*,#2524,.F.);
#4250 = ORIENTED_EDGE('',*,*,#2653,.F.);
#4251 = ADVANCED_FACE('',(#4252),#2424,.F.);
#4252 = FACE_BOUND('',#4253,.F.);
#4253 = EDGE_LOOP('',(#4254,#4255,#4276,#4277));
#4254 = ORIENTED_EDGE('',*,*,#2410,.F.);
#4255 = ORIENTED_EDGE('',*,*,#4256,.T.);
#4256 = EDGE_CURVE('',#2383,#3284,#4257,.T.);
#4257 = SURFACE_CURVE('',#4258,(#4262,#4269),.PCURVE_S1.);
#4258 = LINE('',#4259,#4260);
#4259 = CARTESIAN_POINT('',(-35.,0.,-6.171572875254));
#4260 = VECTOR('',#4261,1.);
#4261 = DIRECTION('',(0.,-1.,0.));
#4262 = PCURVE('',#2424,#4263);
#4263 = DEFINITIONAL_REPRESENTATION('',(#4264),#4268);
#4264 = LINE('',#4265,#4266);
#4265 = CARTESIAN_POINT('',(0.828427124746,0.));
#4266 = VECTOR('',#4267,1.);
#4267 = DIRECTION('',(0.,-1.));
#4268 = ( GEOMETRIC_REPRESENTATION_CONTEXT(2)
PARAMETRIC_REPRESENTATION_CONTEXT() REPRESENTATION_CONTEXT('2D SPACE',''
  ) );
#4269 = PCURVE('',#3304,#4270);
#4270 = DEFINITIONAL_REPRESENTATION('',(#4271),#4275);
#4271 = LINE('',#4272,#4273);
#4272 = CARTESIAN_POINT('',(-0.785398163397,0.));
#4273 = VECTOR('',#4274,1.);
#4274 = DIRECTION('',(-0.,1.));
#4275 = ( GEOMETRIC_REPRESENTATION_CONTEXT(2)
PARAMETRIC_REPRESENTATION_CONTEXT() REPRESENTATION_CONTEXT('2D SPACE',''
  ) );
#4276 = ORIENTED_EDGE('',*,*,#3316,.T.);
#4277 = ORIENTED_EDGE('',*,*,#4148,.F.);
#4278 = ADVANCED_FACE('',(#4279),#2458,.F.);
#4279 = FACE_BOUND('',#4280,.F.);
#4280 = EDGE_LOOP('',(#4281,#4282,#4283,#4284));
#4281 = ORIENTED_EDGE('',*,*,#2442,.F.);
#4282 = ORIENTED_EDGE('',*,*,#4173,.T.);
#4283 = ORIENTED_EDGE('',*,*,#3900,.T.);
#4284 = ORIENTED_EDGE('',*,*,#4285,.F.);
#4285 = EDGE_CURVE('',#2443,#3901,#4286,.T.);
#4286 = SURFACE_CURVE('',#4287,(#4291,#4298),.PCURVE_S1.);
#4287 = LINE('',#4288,#4289);
#4288 = CARTESIAN_POINT('',(35.,0.,-6.171572875254));
#4289 = VECTOR('',#4290,1.);
#4290 = DIRECTION('',(0.,-1.,0.));
#4291 = PCURVE('',#2458,#4292);
#4292 = DEFINITIONAL_REPRESENTATION('',(#4293),#4297);
#4293 = LINE('',#4294,#4295);
#4294 = CARTESIAN_POINT('',(43.552271875254,0.));
#4295 = VECTOR('',#4296,1.);
#4296 = DIRECTION('',(0.,-1.));
#4297 = ( GEOMETRIC_REPRESENTATION_CONTEXT(2)
PARAMETRIC_REPRESENTATION_CONTEXT() REPRESENTATION_CONTEXT('2D SPACE',''
  ) );
#4298 = PCURVE('',#3944,#4299);
#4299 = DEFINITIONAL_REPRESENTATION('',(#4300),#4304);
#4300 = LINE('',#4301,#4302);
#4301 = CARTESIAN_POINT('',(-0.,0.));
#4302 = VECTOR('',#4303,1.);
#4303 = DIRECTION('',(-0.,1.));
#4304 = ( GEOMETRIC_REPRESENTATION_CONTEXT(2)
PARAMETRIC_REPRESENTATION_CONTEXT() REPRESENTATION_CONTEXT('2D SPACE',''
  ) );
#4305 = ADVANCED_FACE('',(#4306),#2486,.F.);
#4306 = FACE_BOUND('',#4307,.F.);
#4307 = EDGE_LOOP('',(#4308,#4309,#4310,#4311,#4312,#4340));
#4308 = ORIENTED_EDGE('',*,*,#3568,.T.);
#4309 = ORIENTED_EDGE('',*,*,#2680,.F.);
#4310 = ORIENTED_EDGE('',*,*,#2600,.F.);
#4311 = ORIENTED_EDGE('',*,*,#2470,.F.);
#4312 = ORIENTED_EDGE('',*,*,#4313,.T.);
#4313 = EDGE_CURVE('',#2443,#4314,#4316,.T.);
#4314 = VERTEX_POINT('',#4315);
#4315 = CARTESIAN_POINT('',(34.414213562373,0.,-7.585786437627));
#4316 = SURFACE_CURVE('',#4317,(#4322,#4333),.PCURVE_S1.);
#4317 = CIRCLE('',#4318,2.);
#4318 = AXIS2_PLACEMENT_3D('',#4319,#4320,#4321);
#4319 = CARTESIAN_POINT('',(33.,0.,-6.171572875254));
#4320 = DIRECTION('',(-0.,1.,0.));
#4321 = DIRECTION('',(0.,0.,-1.));
#4322 = PCURVE('',#2486,#4323);
#4323 = DEFINITIONAL_REPRESENTATION('',(#4324),#4332);
#4324 = ( BOUNDED_CURVE() B_SPLINE_CURVE(2,(#4325,#4326,#4327,#4328,
#4329,#4330,#4331),.UNSPECIFIED.,.T.,.F.) B_SPLINE_CURVE_WITH_KNOTS((1,2
    ,2,2,2,1),(-2.094395102393,0.,2.094395102393,4.188790204786,
6.28318530718,8.377580409573),.UNSPECIFIED.) CURVE()
GEOMETRIC_REPRESENTATION_ITEM() RATIONAL_B_SPLINE_CURVE((1.,0.5,1.,0.5,
1.,0.5,1.)) REPRESENTATION_ITEM('') );
#4325 = CARTESIAN_POINT('',(16.150468051591,-9.504615325669));
#4326 = CARTESIAN_POINT('',(16.150468051591,-12.9687169408));
#4327 = CARTESIAN_POINT('',(13.150468051591,-11.23666613323));
#4328 = CARTESIAN_POINT('',(10.150468051591,-9.504615325669));
#4329 = CARTESIAN_POINT('',(13.150468051591,-7.7725645181));
#4330 = CARTESIAN_POINT('',(16.150468051591,-6.040513710532));
#4331 = CARTESIAN_POINT('',(16.150468051591,-9.504615325669));
#4332 = ( GEOMETRIC_REPRESENTATION_CONTEXT(2)
PARAMETRIC_REPRESENTATION_CONTEXT() REPRESENTATION_CONTEXT('2D SPACE',''
  ) );
#4333 = PCURVE('',#3944,#4334);
#4334 = DEFINITIONAL_REPRESENTATION('',(#4335),#4339);
#4335 = LINE('',#4336,#4337);
#4336 = CARTESIAN_POINT('',(4.712388980385,-0.));
#4337 = VECTOR('',#4338,1.);
#4338 = DIRECTION('',(-1.,0.));
#4339 = ( GEOMETRIC_REPRESENTATION_CONTEXT(2)
PARAMETRIC_REPRESENTATION_CONTEXT() REPRESENTATION_CONTEXT('2D SPACE',''
  ) );
#4340 = ORIENTED_EDGE('',*,*,#4341,.T.);
#4341 = EDGE_CURVE('',#4314,#3569,#4342,.T.);
#4342 = SURFACE_CURVE('',#4343,(#4347,#4354),.PCURVE_S1.);
#4343 = LINE('',#4344,#4345);
#4344 = CARTESIAN_POINT('',(35.,0.,-7.));
#4345 = VECTOR('',#4346,1.);
#4346 = DIRECTION('',(-0.707106781187,0.,-0.707106781187));
#4347 = PCURVE('',#2486,#4348);
#4348 = DEFINITIONAL_REPRESENTATION('',(#4349),#4353);
#4349 = LINE('',#4350,#4351);
#4350 = CARTESIAN_POINT('',(14.978895176337,-7.504615325669));
#4351 = VECTOR('',#4352,1.);
#4352 = DIRECTION('',(0.707106781187,-0.707106781187));
#4353 = ( GEOMETRIC_REPRESENTATION_CONTEXT(2)
PARAMETRIC_REPRESENTATION_CONTEXT() REPRESENTATION_CONTEXT('2D SPACE',''
  ) );
#4354 = PCURVE('',#3654,#4355);
#4355 = DEFINITIONAL_REPRESENTATION('',(#4356),#4360);
#4356 = LINE('',#4357,#4358);
#4357 = CARTESIAN_POINT('',(0.,0.));
#4358 = VECTOR('',#4359,1.);
#4359 = DIRECTION('',(1.,0.));
#4360 = ( GEOMETRIC_REPRESENTATION_CONTEXT(2)
PARAMETRIC_REPRESENTATION_CONTEXT() REPRESENTATION_CONTEXT('2D SPACE',''
  ) );
#4361 = ADVANCED_FACE('',(#4362),#3271,.F.);
#4362 = FACE_BOUND('',#4363,.F.);
#4363 = EDGE_LOOP('',(#4364,#4365,#4366,#4367));
#4364 = ORIENTED_EDGE('',*,*,#4200,.F.);
#4365 = ORIENTED_EDGE('',*,*,#3544,.T.);
#4366 = ORIENTED_EDGE('',*,*,#3253,.T.);
#4367 = ORIENTED_EDGE('',*,*,#4368,.F.);
#4368 = EDGE_CURVE('',#4201,#3256,#4369,.T.);
#4369 = SURFACE_CURVE('',#4370,(#4374,#4381),.PCURVE_S1.);
#4370 = LINE('',#4371,#4372);
#4371 = CARTESIAN_POINT('',(-34.41421356237,0.,-7.585786437627));
#4372 = VECTOR('',#4373,1.);
#4373 = DIRECTION('',(0.,-1.,0.));
#4374 = PCURVE('',#3271,#4375);
#4375 = DEFINITIONAL_REPRESENTATION('',(#4376),#4380);
#4376 = LINE('',#4377,#4378);
#4377 = CARTESIAN_POINT('',(3.414213562373,0.));
#4378 = VECTOR('',#4379,1.);
#4379 = DIRECTION('',(0.,-1.));
#4380 = ( GEOMETRIC_REPRESENTATION_CONTEXT(2)
PARAMETRIC_REPRESENTATION_CONTEXT() REPRESENTATION_CONTEXT('2D SPACE',''
  ) );
#4381 = PCURVE('',#3304,#4382);
#4382 = DEFINITIONAL_REPRESENTATION('',(#4383),#4387);
#4383 = LINE('',#4384,#4385);
#4384 = CARTESIAN_POINT('',(-0.,0.));
#4385 = VECTOR('',#4386,1.);
#4386 = DIRECTION('',(-0.,1.));
#4387 = ( GEOMETRIC_REPRESENTATION_CONTEXT(2)
PARAMETRIC_REPRESENTATION_CONTEXT() REPRESENTATION_CONTEXT('2D SPACE',''
  ) );
#4388 = ADVANCED_FACE('',(#4389),#3304,.F.);
#4389 = FACE_BOUND('',#4390,.T.);
#4390 = EDGE_LOOP('',(#4391,#4392,#4393,#4394));
#4391 = ORIENTED_EDGE('',*,*,#4223,.T.);
#4392 = ORIENTED_EDGE('',*,*,#4256,.T.);
#4393 = ORIENTED_EDGE('',*,*,#3283,.F.);
#4394 = ORIENTED_EDGE('',*,*,#4368,.F.);
#4395 = ADVANCED_FACE('',(#4396),#3654,.F.);
#4396 = FACE_BOUND('',#4397,.F.);
#4397 = EDGE_LOOP('',(#4398,#4399,#4420,#4421));
#4398 = ORIENTED_EDGE('',*,*,#4341,.F.);
#4399 = ORIENTED_EDGE('',*,*,#4400,.T.);
#4400 = EDGE_CURVE('',#4314,#3924,#4401,.T.);
#4401 = SURFACE_CURVE('',#4402,(#4406,#4413),.PCURVE_S1.);
#4402 = LINE('',#4403,#4404);
#4403 = CARTESIAN_POINT('',(34.414213562373,0.,-7.585786437627));
#4404 = VECTOR('',#4405,1.);
#4405 = DIRECTION('',(0.,-1.,0.));
#4406 = PCURVE('',#3654,#4407);
#4407 = DEFINITIONAL_REPRESENTATION('',(#4408),#4412);
#4408 = LINE('',#4409,#4410);
#4409 = CARTESIAN_POINT('',(0.828427124746,0.));
#4410 = VECTOR('',#4411,1.);
#4411 = DIRECTION('',(-0.,-1.));
#4412 = ( GEOMETRIC_REPRESENTATION_CONTEXT(2)
PARAMETRIC_REPRESENTATION_CONTEXT() REPRESENTATION_CONTEXT('2D SPACE',''
  ) );
#4413 = PCURVE('',#3944,#4414);
#4414 = DEFINITIONAL_REPRESENTATION('',(#4415),#4419);
#4415 = LINE('',#4416,#4417);
#4416 = CARTESIAN_POINT('',(-0.785398163397,0.));
#4417 = VECTOR('',#4418,1.);
#4418 = DIRECTION('',(-0.,1.));
#4419 = ( GEOMETRIC_REPRESENTATION_CONTEXT(2)
PARAMETRIC_REPRESENTATION_CONTEXT() REPRESENTATION_CONTEXT('2D SPACE',''
  ) );
#4420 = ORIENTED_EDGE('',*,*,#3956,.T.);
#4421 = ORIENTED_EDGE('',*,*,#3640,.F.);
#4422 = ADVANCED_FACE('',(#4423),#3944,.F.);
#4423 = FACE_BOUND('',#4424,.T.);
#4424 = EDGE_LOOP('',(#4425,#4426,#4427,#4428));
#4425 = ORIENTED_EDGE('',*,*,#4313,.T.);
#4426 = ORIENTED_EDGE('',*,*,#4400,.T.);
#4427 = ORIENTED_EDGE('',*,*,#3923,.F.);
#4428 = ORIENTED_EDGE('',*,*,#4285,.F.);
#4429 = ( GEOMETRIC_REPRESENTATION_CONTEXT(3)
GLOBAL_UNCERTAINTY_ASSIGNED_CONTEXT((#4433))
GLOBAL_UNIT_ASSIGNED_CONTEXT((#4430,#4431,#4432)) REPRESENTATION_CONTEXT
('Context #1','3D Context with UNIT and UNCERTAINTY') );
#4430 = ( LENGTH_UNIT() NAMED_UNIT(*) SI_UNIT(.MILLI.,.METRE.) );
#4431 = ( NAMED_UNIT(*) PLANE_ANGLE_UNIT() SI_UNIT($,.RADIAN.) );
#4432 = ( NAMED_UNIT(*) SI_UNIT($,.STERADIAN.) SOLID_ANGLE_UNIT() );
#4433 = UNCERTAINTY_MEASURE_WITH_UNIT(LENGTH_MEASURE(1.E-07),#4430,
  'distance_accuracy_value','confusion accuracy');
#4434 = PRODUCT_RELATED_PRODUCT_CATEGORY('part',$,(#7));
ENDSEC;
END-ISO-10303-21;
