sequence_id,time_s,support_mode,active_floor_contacts,maximum_rotary_tracking_error_deg,maximum_gripper_tracking_error_mm,left_normal_force_n,right_normal_force_n,unexpected_contact_pairs,minimum_contact_distance_m,fixture_generalized_force_norm_n,fixture_generalized_moment_norm_nm,controller,warning
WS-L01,0.000,DOUBLE,L+R,0.252502,0.000044,183.161253,184.001291,NONE,0.000167607,113.960557,7.562587,50 HZ CONTACT-ENABLED INVERSE FEEDFORWARD + FROZEN BASELINE PD GAINS,"PRELIMINARY - NUMERICAL HIP-REDUCTION SUCCESSOR ONLY - NOT APPROVED FOR CONNECTION, POWERED TESTING, MOTION, WALKING, OR ENERGIZATION"
WS-L01,0.020,DOUBLE,L+R,0.261620,0.000034,182.733178,183.468285,NONE,0.000170358,115.454574,7.922511,50 HZ CONTACT-ENABLED INVERSE FEEDFORWARD + FROZEN BASELINE PD GAINS,"PRELIMINARY - NUMERICAL HIP-REDUCTION SUCCESSOR ONLY - NOT APPROVED FOR CONNECTION, POWERED TESTING, MOTION, WALKING, OR ENERGIZATION"
WS-L01,0.040,DOUBLE,L+R,0.226956,0.000040,191.727571,192.469072,NONE,0.000172421,98.766746,0.560010,50 HZ CONTACT-ENABLED INVERSE FEEDFORWARD + FROZEN BASELINE PD GAINS,"PRELIMINARY - NUMERICAL HIP-REDUCTION SUCCESSOR ONLY - NOT APPROVED FOR CONNECTION, POWERED TESTING, MOTION, WALKING, OR ENERGIZATION"
WS-L01,0.060,DOUBLE,L+R,0.219985,0.000042,187.631321,188.391344,NONE,0.000171652,117.303633,10.923977,50 HZ CONTACT-ENABLED INVERSE FEEDFORWARD + FROZEN BASELINE PD GAINS,"PRELIMINARY - NUMERICAL HIP-REDUCTION SUCCESSOR ONLY - NOT APPROVED FOR CONNECTION, POWERED TESTING, MOTION, WALKING, OR ENERGIZATION"
WS-L01,0.080,DOUBLE,L+R,0.238763,0.000077,190.459832,191.203668,NONE,0.000172729,99.469437,0.106669,50 HZ CONTACT-ENABLED INVERSE FEEDFORWARD + FROZEN BASELINE PD GAINS,"PRELIMINARY - NUMERICAL HIP-REDUCTION SUCCESSOR ONLY - NOT APPROVED FOR CONNECTION, POWERED TESTING, MOTION, WALKING, OR ENERGIZATION"
WS-L01,0.100,DOUBLE,L+R,0.243883,0.000056,190.493003,191.236455,NONE,0.000177203,99.430317,0.110978,50 HZ CONTACT-ENABLED INVERSE FEEDFORWARD + FROZEN BASELINE PD GAINS,"PRELIMINARY - NUMERICAL HIP-REDUCTION SUCCESSOR ONLY - NOT APPROVED FOR CONNECTION, POWERED TESTING, MOTION, WALKING, OR ENERGIZATION"
WS-L01,0.120,DOUBLE,L+R,0.246683,0.000060,187.979810,188.737658,NONE,0.000179583,110.371205,7.626745,50 HZ CONTACT-ENABLED INVERSE FEEDFORWARD + FROZEN BASELINE PD GAINS,"PRELIMINARY - NUMERICAL HIP-REDUCTION SUCCESSOR ONLY - NOT APPROVED FOR CONNECTION, POWERED TESTING, MOTION, WALKING, OR ENERGIZATION"
WS-L01,0.140,DOUBLE,L+R,0.292012,0.000040,183.887737,184.643394,NONE,0.000188459,111.985586,7.873609,50 HZ CONTACT-ENABLED INVERSE FEEDFORWARD + FROZEN BASELINE PD GAINS,"PRELIMINARY - NUMERICAL HIP-REDUCTION SUCCESSOR ONLY - NOT APPROVED FOR CONNECTION, POWERED TESTING, MOTION, WALKING, OR ENERGIZATION"
WS-L01,0.160,DOUBLE,L+R,0.277270,0.000048,187.549588,188.308659,NONE,0.000195497,112.378772,8.216123,50 HZ CONTACT-ENABLED INVERSE FEEDFORWARD + FROZEN BASELINE PD GAINS,"PRELIMINARY - NUMERICAL HIP-REDUCTION SUCCESSOR ONLY - NOT APPROVED FOR CONNECTION, POWERED TESTING, MOTION, WALKING, OR ENERGIZATION"
WS-L01,0.180,DOUBLE,L+R,0.314669,0.000065,180.871558,181.622171,NONE,0.000199238,117.446730,8.323864,50 HZ CONTACT-ENABLED INVERSE FEEDFORWARD + FROZEN BASELINE PD GAINS,"PRELIMINARY - NUMERICAL HIP-REDUCTION SUCCESSOR ONLY - NOT APPROVED FOR CONNECTION, POWERED TESTING, MOTION, WALKING, OR ENERGIZATION"
WS-L01,0.200,DOUBLE,L+R,0.340778,0.000035,182.835129,183.584583,NONE,0.000202765,112.053012,8.041134,50 HZ CONTACT-ENABLED INVERSE FEEDFORWARD + FROZEN BASELINE PD GAINS,"PRELIMINARY - NUMERICAL HIP-REDUCTION SUCCESSOR ONLY - NOT APPROVED FOR CONNECTION, POWERED TESTING, MOTION, WALKING, OR ENERGIZATION"
WS-L01,0.220,DOUBLE,L+R,0.360650,0.000041,181.980369,182.726459,NONE,0.000197748,112.347351,8.132964,50 HZ CONTACT-ENABLED INVERSE FEEDFORWARD + FROZEN BASELINE PD GAINS,"PRELIMINARY - NUMERICAL HIP-REDUCTION SUCCESSOR ONLY - NOT APPROVED FOR CONNECTION, POWERED TESTING, MOTION, WALKING, OR ENERGIZATION"
WS-L01,0.240,DOUBLE,L+R,0.394158,0.000042,180.465767,181.208108,NONE,0.000195086,112.535029,8.228922,50 HZ CONTACT-ENABLED INVERSE FEEDFORWARD + FROZEN BASELINE PD GAINS,"PRELIMINARY - NUMERICAL HIP-REDUCTION SUCCESSOR ONLY - NOT APPROVED FOR CONNECTION, POWERED TESTING, MOTION, WALKING, OR ENERGIZATION"
WS-L01,0.260,DOUBLE,L+R,0.422548,0.000047,178.382249,179.119854,NONE,0.000193316,112.654325,8.329300,50 HZ CONTACT-ENABLED INVERSE FEEDFORWARD + FROZEN BASELINE PD GAINS,"PRELIMINARY - NUMERICAL HIP-REDUCTION SUCCESSOR ONLY - NOT APPROVED FOR CONNECTION, POWERED TESTING, MOTION, WALKING, OR ENERGIZATION"
WS-L01,0.280,DOUBLE,L+R,0.444350,0.000055,175.756048,176.487814,NONE,0.000191775,112.729601,8.435570,50 HZ CONTACT-ENABLED INVERSE FEEDFORWARD + FROZEN BASELINE PD GAINS,"PRELIMINARY - NUMERICAL HIP-REDUCTION SUCCESSOR ONLY - NOT APPROVED FOR CONNECTION, POWERED TESTING, MOTION, WALKING, OR ENERGIZATION"
WS-L01,0.300,DOUBLE,L+R,0.461742,0.000065,172.597462,173.322207,NONE,0.000190241,112.769789,8.547602,50 HZ CONTACT-ENABLED INVERSE FEEDFORWARD + FROZEN BASELINE PD GAINS,"PRELIMINARY - NUMERICAL HIP-REDUCTION SUCCESSOR ONLY - NOT APPROVED FOR CONNECTION, POWERED TESTING, MOTION, WALKING, OR ENERGIZATION"
WS-L01,0.320,DOUBLE,L+R,0.476177,0.000076,168.911001,169.627472,NONE,0.000188656,112.775136,8.664150,50 HZ CONTACT-ENABLED INVERSE FEEDFORWARD + FROZEN BASELINE PD GAINS,"PRELIMINARY - NUMERICAL HIP-REDUCTION SUCCESSOR ONLY - NOT APPROVED FOR CONNECTION, POWERED TESTING, MOTION, WALKING, OR ENERGIZATION"
WS-L01,0.340,DOUBLE,L+R,0.488595,0.000089,164.698524,165.405402,NONE,0.000187019,112.742188,8.783541,50 HZ CONTACT-ENABLED INVERSE FEEDFORWARD + FROZEN BASELINE PD GAINS,"PRELIMINARY - NUMERICAL HIP-REDUCTION SUCCESSOR ONLY - NOT APPROVED FOR CONNECTION, POWERED TESTING, MOTION, WALKING, OR ENERGIZATION"
WS-L01,0.360,DOUBLE,L+R,0.499577,0.000103,159.959223,160.655139,NONE,0.000185347,112.665891,8.903898,50 HZ CONTACT-ENABLED INVERSE FEEDFORWARD + FROZEN BASELINE PD GAINS,"PRELIMINARY - NUMERICAL HIP-REDUCTION SUCCESSOR ONLY - NOT APPROVED FOR CONNECTION, POWERED TESTING, MOTION, WALKING, OR ENERGIZATION"
WS-L01,0.380,DOUBLE,L+R,0.509456,0.000118,154.695731,155.379283,NONE,0.000183665,112.540166,9.023192,50 HZ CONTACT-ENABLED INVERSE FEEDFORWARD + FROZEN BASELINE PD GAINS,"PRELIMINARY - NUMERICAL HIP-REDUCTION SUCCESSOR ONLY - NOT APPROVED FOR CONNECTION, POWERED TESTING, MOTION, WALKING, OR ENERGIZATION"
WS-L01,0.400,DOUBLE,L+R,0.518388,0.000135,148.912393,149.582165,NONE,0.000182000,112.358965,9.139369,50 HZ CONTACT-ENABLED INVERSE FEEDFORWARD + FROZEN BASELINE PD GAINS,"PRELIMINARY - NUMERICAL HIP-REDUCTION SUCCESSOR ONLY - NOT APPROVED FOR CONNECTION, POWERED TESTING, MOTION, WALKING, OR ENERGIZATION"
WS-L01,0.420,DOUBLE,L+R,0.526410,0.000153,142.619525,143.274118,NONE,0.000180381,112.115852,9.250253,50 HZ CONTACT-ENABLED INVERSE FEEDFORWARD + FROZEN BASELINE PD GAINS,"PRELIMINARY - NUMERICAL HIP-REDUCTION SUCCESSOR ONLY - NOT APPROVED FOR CONNECTION, POWERED TESTING, MOTION, WALKING, OR ENERGIZATION"
WS-L01,0.440,DOUBLE,L+R,0.533472,0.000172,135.834547,136.472612,NONE,0.000178843,111.804587,9.353616,50 HZ CONTACT-ENABLED INVERSE FEEDFORWARD + FROZEN BASELINE PD GAINS,"PRELIMINARY - NUMERICAL HIP-REDUCTION SUCCESSOR ONLY - NOT APPROVED FOR CONNECTION, POWERED TESTING, MOTION, WALKING, OR ENERGIZATION"
WS-L01,0.460,DOUBLE,L+R,0.539468,0.000193,128.583001,129.203271,NONE,0.000177423,111.419410,9.447235,50 HZ CONTACT-ENABLED INVERSE FEEDFORWARD + FROZEN BASELINE PD GAINS,"PRELIMINARY - NUMERICAL HIP-REDUCTION SUCCESSOR ONLY - NOT APPROVED FOR CONNECTION, POWERED TESTING, MOTION, WALKING, OR ENERGIZATION"
WS-L01,0.480,DOUBLE,L+R,0.544251,0.000215,120.899070,121.500402,NONE,0.000176160,110.955318,9.528948,50 HZ CONTACT-ENABLED INVERSE FEEDFORWARD + FROZEN BASELINE PD GAINS,"PRELIMINARY - NUMERICAL HIP-REDUCTION SUCCESSOR ONLY - NOT APPROVED FOR CONNECTION, POWERED TESTING, MOTION, WALKING, OR ENERGIZATION"
WS-L01,0.500,DOUBLE,L+R,0.547656,0.000238,112.825535,113.406945,NONE,0.000175099,110.408359,9.596708,50 HZ CONTACT-ENABLED INVERSE FEEDFORWARD + FROZEN BASELINE PD GAINS,"PRELIMINARY - NUMERICAL HIP-REDUCTION SUCCESSOR ONLY - NOT APPROVED FOR CONNECTION, POWERED TESTING, MOTION, WALKING, OR ENERGIZATION"
WS-L01,0.520,DOUBLE,L+R,0.549510,0.000262,104.415401,104.976102,NONE,0.000174286,109.775735,9.648607,50 HZ CONTACT-ENABLED INVERSE FEEDFORWARD + FROZEN BASELINE PD GAINS,"PRELIMINARY - NUMERICAL HIP-REDUCTION SUCCESSOR ONLY - NOT APPROVED FOR CONNECTION, POWERED TESTING, MOTION, WALKING, OR ENERGIZATION"
WS-L01,0.540,DOUBLE,L+R,0.549644,0.000286,95.729540,96.268974,NONE,0.000173770,109.056467,9.683022,50 HZ CONTACT-ENABLED INVERSE FEEDFORWARD + FROZEN BASELINE PD GAINS,"PRELIMINARY - NUMERICAL HIP-REDUCTION SUCCESSOR ONLY - NOT APPROVED FOR CONNECTION, POWERED TESTING, MOTION, WALKING, OR ENERGIZATION"
WS-L01,0.560,DOUBLE,L+R,0.547906,0.000311,86.836636,87.354495,NONE,0.000173598,108.251320,9.698627,50 HZ CONTACT-ENABLED INVERSE FEEDFORWARD + FROZEN BASELINE PD GAINS,"PRELIMINARY - NUMERICAL HIP-REDUCTION SUCCESSOR ONLY - NOT APPROVED FOR CONNECTION, POWERED TESTING, MOTION, WALKING, OR ENERGIZATION"
WS-L01,0.580,DOUBLE,L+R,0.544167,0.000336,77.811483,78.307729,NONE,0.000173818,107.363152,9.694478,50 HZ CONTACT-ENABLED INVERSE FEEDFORWARD + FROZEN BASELINE PD GAINS,"PRELIMINARY - NUMERICAL HIP-REDUCTION SUCCESSOR ONLY - NOT APPROVED FOR CONNECTION, POWERED TESTING, MOTION, WALKING, OR ENERGIZATION"
WS-L01,0.600,DOUBLE,L+R,0.538336,0.000361,68.733090,69.207955,NONE,0.000174474,106.396919,9.670042,50 HZ CONTACT-ENABLED INVERSE FEEDFORWARD + FROZEN BASELINE PD GAINS,"PRELIMINARY - NUMERICAL HIP-REDUCTION SUCCESSOR ONLY - NOT APPROVED FOR CONNECTION, POWERED TESTING, MOTION, WALKING, OR ENERGIZATION"
WS-L01,0.620,DOUBLE,L+R,0.530360,0.000386,59.682475,60.136456,NONE,0.000175604,105.359752,9.625253,50 HZ CONTACT-ENABLED INVERSE FEEDFORWARD + FROZEN BASELINE PD GAINS,"PRELIMINARY - NUMERICAL HIP-REDUCTION SUCCESSOR ONLY - NOT APPROVED FOR CONNECTION, POWERED TESTING, MOTION, WALKING, OR ENERGIZATION"
WS-L01,0.640,DOUBLE,L+R,0.520233,0.000410,50.740255,51.174095,NONE,0.000177238,104.260729,9.560491,50 HZ CONTACT-ENABLED INVERSE FEEDFORWARD + FROZEN BASELINE PD GAINS,"PRELIMINARY - NUMERICAL HIP-REDUCTION SUCCESSOR ONLY - NOT APPROVED FOR CONNECTION, POWERED TESTING, MOTION, WALKING, OR ENERGIZATION"
WS-L01,0.660,DOUBLE,L+R,0.508010,0.000440,42.538918,42.913335,NONE,0.000179446,103.170227,9.472649,50 HZ CONTACT-ENABLED INVERSE FEEDFORWARD + FROZEN BASELINE PD GAINS,"PRELIMINARY - NUMERICAL HIP-REDUCTION SUCCESSOR ONLY - NOT APPROVED FOR CONNECTION, POWERED TESTING, MOTION, WALKING, OR ENERGIZATION"
WS-L01,0.680,DOUBLE,L+R,0.493860,0.000461,35.711980,35.946813,NONE,0.000183404,102.151111,9.381008,50 HZ CONTACT-ENABLED INVERSE FEEDFORWARD + FROZEN BASELINE PD GAINS,"PRELIMINARY - NUMERICAL HIP-REDUCTION SUCCESSOR ONLY - NOT APPROVED FOR CONNECTION, POWERED TESTING, MOTION, WALKING, OR ENERGIZATION"
WS-L01,0.700,DOUBLE,L+R,0.478153,0.000491,32.676892,32.906843,NONE,0.000191274,101.607727,9.347955,50 HZ CONTACT-ENABLED INVERSE FEEDFORWARD + FROZEN BASELINE PD GAINS,"PRELIMINARY - NUMERICAL HIP-REDUCTION SUCCESSOR ONLY - NOT APPROVED FOR CONNECTION, POWERED TESTING, MOTION, WALKING, OR ENERGIZATION"
WS-L01,0.720,DOUBLE,L+R,0.461101,0.000491,31.226047,31.394010,NONE,0.000204394,101.280149,9.363124,50 HZ CONTACT-ENABLED INVERSE FEEDFORWARD + FROZEN BASELINE PD GAINS,"PRELIMINARY - NUMERICAL HIP-REDUCTION SUCCESSOR ONLY - NOT APPROVED FOR CONNECTION, POWERED TESTING, MOTION, WALKING, OR ENERGIZATION"
WS-L01,0.740,DOUBLE,L+R,0.442992,0.000495,31.105963,31.268341,NONE,0.000202123,101.138570,9.416516,50 HZ CONTACT-ENABLED INVERSE FEEDFORWARD + FROZEN BASELINE PD GAINS,"PRELIMINARY - NUMERICAL HIP-REDUCTION SUCCESSOR ONLY - NOT APPROVED FOR CONNECTION, POWERED TESTING, MOTION, WALKING, OR ENERGIZATION"
WS-L01,0.760,DOUBLE,L+R,0.423853,0.000502,31.208442,31.366131,NONE,0.000193427,101.028731,9.456190,50 HZ CONTACT-ENABLED INVERSE FEEDFORWARD + FROZEN BASELINE PD GAINS,"PRELIMINARY - NUMERICAL HIP-REDUCTION SUCCESSOR ONLY - NOT APPROVED FOR CONNECTION, POWERED TESTING, MOTION, WALKING, OR ENERGIZATION"
WS-L01,0.780,DOUBLE,L+R,0.403686,0.000520,31.451664,31.607166,NONE,0.000184433,100.950157,9.488459,50 HZ CONTACT-ENABLED INVERSE FEEDFORWARD + FROZEN BASELINE PD GAINS,"PRELIMINARY - NUMERICAL HIP-REDUCTION SUCCESSOR ONLY - NOT APPROVED FOR CONNECTION, POWERED TESTING, MOTION, WALKING, OR ENERGIZATION"
WS-L01,0.800,DOUBLE,L+R,0.382581,0.000537,31.776549,31.931008,NONE,0.000175555,100.895332,9.515271,50 HZ CONTACT-ENABLED INVERSE FEEDFORWARD + FROZEN BASELINE PD GAINS,"PRELIMINARY - NUMERICAL HIP-REDUCTION SUCCESSOR ONLY - NOT APPROVED FOR CONNECTION, POWERED TESTING, MOTION, WALKING, OR ENERGIZATION"
WS-L01,0.820,DOUBLE,L+R,0.360678,0.000552,32.158901,32.312838,NONE,0.000166952,100.862166,9.537395,50 HZ CONTACT-ENABLED INVERSE FEEDFORWARD + FROZEN BASELINE PD GAINS,"PRELIMINARY - NUMERICAL HIP-REDUCTION SUCCESSOR ONLY - NOT APPROVED FOR CONNECTION, POWERED TESTING, MOTION, WALKING, OR ENERGIZATION"
WS-L01,0.840,DOUBLE,L+R,0.349062,0.000564,32.587797,32.741472,NONE,0.000158687,100.849213,9.555213,50 HZ CONTACT-ENABLED INVERSE FEEDFORWARD + FROZEN BASELINE PD GAINS,"PRELIMINARY - NUMERICAL HIP-REDUCTION SUCCESSOR ONLY - NOT APPROVED FOR CONNECTION, POWERED TESTING, MOTION, WALKING, OR ENERGIZATION"
WS-L01,0.860,DOUBLE,L+R,0.342694,0.000573,33.056107,33.209671,NONE,0.000150785,100.854789,9.568998,50 HZ CONTACT-ENABLED INVERSE FEEDFORWARD + FROZEN BASELINE PD GAINS,"PRELIMINARY - NUMERICAL HIP-REDUCTION SUCCESSOR ONLY - NOT APPROVED FOR CONNECTION, POWERED TESTING, MOTION, WALKING, OR ENERGIZATION"
WS-L01,0.880,DOUBLE,L+R,0.336331,0.000580,33.558491,33.712036,NONE,0.000143254,100.876450,9.578934,50 HZ CONTACT-ENABLED INVERSE FEEDFORWARD + FROZEN BASELINE PD GAINS,"PRELIMINARY - NUMERICAL HIP-REDUCTION SUCCESSOR ONLY - NOT APPROVED FOR CONNECTION, POWERED TESTING, MOTION, WALKING, OR ENERGIZATION"
WS-L01,0.900,DOUBLE,L+R,0.330037,0.000587,34.090151,34.243740,NONE,0.000136096,100.911373,9.585165,50 HZ CONTACT-ENABLED INVERSE FEEDFORWARD + FROZEN BASELINE PD GAINS,"PRELIMINARY - NUMERICAL HIP-REDUCTION SUCCESSOR ONLY - NOT APPROVED FOR CONNECTION, POWERED TESTING, MOTION, WALKING, OR ENERGIZATION"
WS-L01,0.920,DOUBLE,L+R,0.323873,0.000592,34.647083,34.800759,NONE,0.000129305,100.956211,9.587782,50 HZ CONTACT-ENABLED INVERSE FEEDFORWARD + FROZEN BASELINE PD GAINS,"PRELIMINARY - NUMERICAL HIP-REDUCTION SUCCESSOR ONLY - NOT APPROVED FOR CONNECTION, POWERED TESTING, MOTION, WALKING, OR ENERGIZATION"
WS-L01,0.940,DOUBLE,L+R,0.317890,0.000597,35.225086,35.378879,NONE,0.000122868,101.007724,9.586887,50 HZ CONTACT-ENABLED INVERSE FEEDFORWARD + FROZEN BASELINE PD GAINS,"PRELIMINARY - NUMERICAL HIP-REDUCTION SUCCESSOR ONLY - NOT APPROVED FOR CONNECTION, POWERED TESTING, MOTION, WALKING, OR ENERGIZATION"
WS-L01,0.960,DOUBLE,L+R,0.312134,0.000601,35.821153,35.975081,NONE,0.000116772,101.062295,9.582520,50 HZ CONTACT-ENABLED INVERSE FEEDFORWARD + FROZEN BASELINE PD GAINS,"PRELIMINARY - NUMERICAL HIP-REDUCTION SUCCESSOR ONLY - NOT APPROVED FOR CONNECTION, POWERED TESTING, MOTION, WALKING, OR ENERGIZATION"
WS-L01,0.980,DOUBLE,L+R,0.306643,0.000604,36.432254,36.586329,NONE,0.000110998,101.116567,9.574728,50 HZ CONTACT-ENABLED INVERSE FEEDFORWARD + FROZEN BASELINE PD GAINS,"PRELIMINARY - NUMERICAL HIP-REDUCTION SUCCESSOR ONLY - NOT APPROVED FOR CONNECTION, POWERED TESTING, MOTION, WALKING, OR ENERGIZATION"
WS-L01,1.000,DOUBLE,L+R,0.301450,0.000607,37.055438,37.209666,NONE,0.000105528,101.167386,9.563576,50 HZ CONTACT-ENABLED INVERSE FEEDFORWARD + FROZEN BASELINE PD GAINS,"PRELIMINARY - NUMERICAL HIP-REDUCTION SUCCESSOR ONLY - NOT APPROVED FOR CONNECTION, POWERED TESTING, MOTION, WALKING, OR ENERGIZATION"
WS-L01,1.020,DOUBLE,L+R,0.296576,0.000609,37.688521,37.842907,NONE,0.000100343,101.211730,9.549104,50 HZ CONTACT-ENABLED INVERSE FEEDFORWARD + FROZEN BASELINE PD GAINS,"PRELIMINARY - NUMERICAL HIP-REDUCTION SUCCESSOR ONLY - NOT APPROVED FOR CONNECTION, POWERED TESTING, MOTION, WALKING, OR ENERGIZATION"
WS-L01,1.040,DOUBLE,L+R,0.292040,0.000611,38.329169,38.483715,NONE,0.000095422,101.247006,9.531384,50 HZ CONTACT-ENABLED INVERSE FEEDFORWARD + FROZEN BASELINE PD GAINS,"PRELIMINARY - NUMERICAL HIP-REDUCTION SUCCESSOR ONLY - NOT APPROVED FOR CONNECTION, POWERED TESTING, MOTION, WALKING, OR ENERGIZATION"
WS-L01,1.060,DOUBLE,L+R,0.287853,0.000613,38.974764,39.129815,NONE,0.000090746,101.269865,9.510447,50 HZ CONTACT-ENABLED INVERSE FEEDFORWARD + FROZEN BASELINE PD GAINS,"PRELIMINARY - NUMERICAL HIP-REDUCTION SUCCESSOR ONLY - NOT APPROVED FOR CONNECTION, POWERED TESTING, MOTION, WALKING, OR ENERGIZATION"
WS-L01,1.080,DOUBLE,L+R,0.284002,0.000616,39.618528,39.774604,NONE,0.000086284,101.272039,9.486068,50 HZ CONTACT-ENABLED INVERSE FEEDFORWARD + FROZEN BASELINE PD GAINS,"PRELIMINARY - NUMERICAL HIP-REDUCTION SUCCESSOR ONLY - NOT APPROVED FOR CONNECTION, POWERED TESTING, MOTION, WALKING, OR ENERGIZATION"
WS-L01,1.100,DOUBLE,L+R,0.280475,0.000617,40.261201,40.417774,NONE,0.000081997,101.254293,9.458456,50 HZ CONTACT-ENABLED INVERSE FEEDFORWARD + FROZEN BASELINE PD GAINS,"PRELIMINARY - NUMERICAL HIP-REDUCTION SUCCESSOR ONLY - NOT APPROVED FOR CONNECTION, POWERED TESTING, MOTION, WALKING, OR ENERGIZATION"
WS-L01,1.120,DOUBLE,L+R,0.277272,0.000618,40.903817,41.060674,NONE,0.000077870,101.218623,9.427924,50 HZ CONTACT-ENABLED INVERSE FEEDFORWARD + FROZEN BASELINE PD GAINS,"PRELIMINARY - NUMERICAL HIP-REDUCTION SUCCESSOR ONLY - NOT APPROVED FOR CONNECTION, POWERED TESTING, MOTION, WALKING, OR ENERGIZATION"
WS-L01,1.140,DOUBLE,L+R,0.274393,0.000618,41.544879,41.701944,NONE,0.000073898,101.166291,9.394793,50 HZ CONTACT-ENABLED INVERSE FEEDFORWARD + FROZEN BASELINE PD GAINS,"PRELIMINARY - NUMERICAL HIP-REDUCTION SUCCESSOR ONLY - NOT APPROVED FOR CONNECTION, POWERED TESTING, MOTION, WALKING, OR ENERGIZATION"
WS-L01,1.160,DOUBLE,L+R,0.271843,0.000619,42.182772,42.340009,NONE,0.000070084,101.098257,9.359370,50 HZ CONTACT-ENABLED INVERSE FEEDFORWARD + FROZEN BASELINE PD GAINS,"PRELIMINARY - NUMERICAL HIP-REDUCTION SUCCESSOR ONLY - NOT APPROVED FOR CONNECTION, POWERED TESTING, MOTION, WALKING, OR ENERGIZATION"
WS-L01,1.180,DOUBLE,L+R,0.269471,0.000622,42.912292,43.084242,NONE,0.000066454,101.006035,9.316238,50 HZ CONTACT-ENABLED INVERSE FEEDFORWARD + FROZEN BASELINE PD GAINS,"PRELIMINARY - NUMERICAL HIP-REDUCTION SUCCESSOR ONLY - NOT APPROVED FOR CONNECTION, POWERED TESTING, MOTION, WALKING, OR ENERGIZATION"
WS-L01,1.200,DOUBLE,L+R,0.266365,0.000621,43.784524,43.956385,NONE,0.000063103,100.913063,9.258193,50 HZ CONTACT-ENABLED INVERSE FEEDFORWARD + FROZEN BASELINE PD GAINS,"PRELIMINARY - NUMERICAL HIP-REDUCTION SUCCESSOR ONLY - NOT APPROVED FOR CONNECTION, POWERED TESTING, MOTION, WALKING, OR ENERGIZATION"
WS-L01,1.220,DOUBLE,L+R,0.262963,0.000619,44.564945,44.736635,NONE,0.000060016,100.827504,9.205423,50 HZ CONTACT-ENABLED INVERSE FEEDFORWARD + FROZEN BASELINE PD GAINS,"PRELIMINARY - NUMERICAL HIP-REDUCTION SUCCESSOR ONLY - NOT APPROVED FOR CONNECTION, POWERED TESTING, MOTION, WALKING, OR ENERGIZATION"
WS-L01,1.240,DOUBLE,L+R,0.259787,0.000618,45.260635,45.378938,NONE,0.000057194,100.646722,9.134609,50 HZ CONTACT-ENABLED INVERSE FEEDFORWARD + FROZEN BASELINE PD GAINS,"PRELIMINARY - NUMERICAL HIP-REDUCTION SUCCESSOR ONLY - NOT APPROVED FOR CONNECTION, POWERED TESTING, MOTION, WALKING, OR ENERGIZATION"
WS-L01,1.260,DOUBLE,L+R,0.258847,0.000617,45.696006,45.872286,NONE,0.000054691,100.079458,8.997170,50 HZ CONTACT-ENABLED INVERSE FEEDFORWARD + FROZEN BASELINE PD GAINS,"PRELIMINARY - NUMERICAL HIP-REDUCTION SUCCESSOR ONLY - NOT APPROVED FOR CONNECTION, POWERED TESTING, MOTION, WALKING, OR ENERGIZATION"
WS-L01,1.280,DOUBLE,L+R,0.260668,0.001604,46.915620,49.816855,NONE,0.000053548,96.887149,8.084277,50 HZ CONTACT-ENABLED INVERSE FEEDFORWARD + FROZEN BASELINE PD GAINS,"PRELIMINARY - NUMERICAL HIP-REDUCTION SUCCESSOR ONLY - NOT APPROVED FOR CONNECTION, POWERED TESTING, MOTION, WALKING, OR ENERGIZATION"
WS-L01,1.300,DOUBLE,L+R,0.278942,0.008443,55.195564,141.959914,NONE,0.000059249,91.813432,4.791976,50 HZ CONTACT-ENABLED INVERSE FEEDFORWARD + FROZEN BASELINE PD GAINS,"PRELIMINARY - NUMERICAL HIP-REDUCTION SUCCESSOR ONLY - NOT APPROVED FOR CONNECTION, POWERED TESTING, MOTION, WALKING, OR ENERGIZATION"
WS-L01,1.320,DOUBLE,L+R,0.300724,0.005722,140.487144,204.072063,NONE,0.000086008,97.806487,1.764292,50 HZ CONTACT-ENABLED INVERSE FEEDFORWARD + FROZEN BASELINE PD GAINS,"PRELIMINARY - NUMERICAL HIP-REDUCTION SUCCESSOR ONLY - NOT APPROVED FOR CONNECTION, POWERED TESTING, MOTION, WALKING, OR ENERGIZATION"
WS-L01,1.340,DOUBLE,L+R,0.315452,0.003311,177.702854,199.704224,NONE,0.000104578,98.301705,0.583876,50 HZ CONTACT-ENABLED INVERSE FEEDFORWARD + FROZEN BASELINE PD GAINS,"PRELIMINARY - NUMERICAL HIP-REDUCTION SUCCESSOR ONLY - NOT APPROVED FOR CONNECTION, POWERED TESTING, MOTION, WALKING, OR ENERGIZATION"
WS-L01,1.360,DOUBLE,L+R,0.325190,0.000100,189.036323,196.046970,NONE,0.000112835,98.103116,0.224674,50 HZ CONTACT-ENABLED INVERSE FEEDFORWARD + FROZEN BASELINE PD GAINS,"PRELIMINARY - NUMERICAL HIP-REDUCTION SUCCESSOR ONLY - NOT APPROVED FOR CONNECTION, POWERED TESTING, MOTION, WALKING, OR ENERGIZATION"
WS-L01,1.380,DOUBLE,L+R,0.331851,0.000926,192.972087,195.527646,NONE,0.000115203,98.037070,0.124963,50 HZ CONTACT-ENABLED INVERSE FEEDFORWARD + FROZEN BASELINE PD GAINS,"PRELIMINARY - NUMERICAL HIP-REDUCTION SUCCESSOR ONLY - NOT APPROVED FOR CONNECTION, POWERED TESTING, MOTION, WALKING, OR ENERGIZATION"
WS-L01,1.400,DOUBLE,L+R,0.335899,0.000828,194.729616,196.030477,NONE,0.000114970,98.021098,0.098833,50 HZ CONTACT-ENABLED INVERSE FEEDFORWARD + FROZEN BASELINE PD GAINS,"PRELIMINARY - NUMERICAL HIP-REDUCTION SUCCESSOR ONLY - NOT APPROVED FOR CONNECTION, POWERED TESTING, MOTION, WALKING, OR ENERGIZATION"
WS-L01,1.420,DOUBLE,L+R,0.337579,0.000576,195.728191,196.669816,NONE,0.000113887,98.013919,0.092211,50 HZ CONTACT-ENABLED INVERSE FEEDFORWARD + FROZEN BASELINE PD GAINS,"PRELIMINARY - NUMERICAL HIP-REDUCTION SUCCESSOR ONLY - NOT APPROVED FOR CONNECTION, POWERED TESTING, MOTION, WALKING, OR ENERGIZATION"
WS-L01,1.440,DOUBLE,L+R,0.337731,0.000371,196.365778,197.193129,NONE,0.000112941,98.006877,0.090567,50 HZ CONTACT-ENABLED INVERSE FEEDFORWARD + FROZEN BASELINE PD GAINS,"PRELIMINARY - NUMERICAL HIP-REDUCTION SUCCESSOR ONLY - NOT APPROVED FOR CONNECTION, POWERED TESTING, MOTION, WALKING, OR ENERGIZATION"
WS-L01,1.460,DOUBLE,L+R,0.336865,0.000238,196.759111,197.541854,NONE,0.000112323,97.998800,0.090174,50 HZ CONTACT-ENABLED INVERSE FEEDFORWARD + FROZEN BASELINE PD GAINS,"PRELIMINARY - NUMERICAL HIP-REDUCTION SUCCESSOR ONLY - NOT APPROVED FOR CONNECTION, POWERED TESTING, MOTION, WALKING, OR ENERGIZATION"
WS-L01,1.480,DOUBLE,L+R,0.335290,0.000158,196.938793,197.708957,NONE,0.000112088,97.989629,0.090073,50 HZ CONTACT-ENABLED INVERSE FEEDFORWARD + FROZEN BASELINE PD GAINS,"PRELIMINARY - NUMERICAL HIP-REDUCTION SUCCESSOR ONLY - NOT APPROVED FOR CONNECTION, POWERED TESTING, MOTION, WALKING, OR ENERGIZATION"
WS-L01,1.500,DOUBLE,L+R,0.333168,0.000126,196.862302,197.723604,NONE,0.000112254,97.979300,0.089790,50 HZ CONTACT-ENABLED INVERSE FEEDFORWARD + FROZEN BASELINE PD GAINS,"PRELIMINARY - NUMERICAL HIP-REDUCTION SUCCESSOR ONLY - NOT APPROVED FOR CONNECTION, POWERED TESTING, MOTION, WALKING, OR ENERGIZATION"
WS-L01,1.520,DOUBLE,L+R,0.330820,0.000107,196.842267,197.626384,NONE,0.000112767,97.969988,0.090748,50 HZ CONTACT-ENABLED INVERSE FEEDFORWARD + FROZEN BASELINE PD GAINS,"PRELIMINARY - NUMERICAL HIP-REDUCTION SUCCESSOR ONLY - NOT APPROVED FOR CONNECTION, POWERED TESTING, MOTION, WALKING, OR ENERGIZATION"
WS-L01,1.540,DOUBLE,L+R,0.328416,0.000147,196.847950,197.570972,NONE,0.000113475,97.966297,0.090406,50 HZ CONTACT-ENABLED INVERSE FEEDFORWARD + FROZEN BASELINE PD GAINS,"PRELIMINARY - NUMERICAL HIP-REDUCTION SUCCESSOR ONLY - NOT APPROVED FOR CONNECTION, POWERED TESTING, MOTION, WALKING, OR ENERGIZATION"
WS-L01,1.560,DOUBLE,L+R,0.326007,0.000383,196.865114,197.513719,NONE,0.000114241,97.965837,0.090153,50 HZ CONTACT-ENABLED INVERSE FEEDFORWARD + FROZEN BASELINE PD GAINS,"PRELIMINARY - NUMERICAL HIP-REDUCTION SUCCESSOR ONLY - NOT APPROVED FOR CONNECTION, POWERED TESTING, MOTION, WALKING, OR ENERGIZATION"
WS-L01,1.580,DOUBLE,L+R,0.323612,0.000670,196.898016,197.454166,NONE,0.000115020,97.966261,0.089978,50 HZ CONTACT-ENABLED INVERSE FEEDFORWARD + FROZEN BASELINE PD GAINS,"PRELIMINARY - NUMERICAL HIP-REDUCTION SUCCESSOR ONLY - NOT APPROVED FOR CONNECTION, POWERED TESTING, MOTION, WALKING, OR ENERGIZATION"
WS-L01,1.600,DOUBLE,L+R,0.321245,0.000999,196.945741,197.394058,NONE,0.000115714,97.966852,0.089784,50 HZ CONTACT-ENABLED INVERSE FEEDFORWARD + FROZEN BASELINE PD GAINS,"PRELIMINARY - NUMERICAL HIP-REDUCTION SUCCESSOR ONLY - NOT APPROVED FOR CONNECTION, POWERED TESTING, MOTION, WALKING, OR ENERGIZATION"
WS-L01,1.620,DOUBLE,L+R,0.318909,0.001357,197.006930,197.333725,NONE,0.000116284,97.967476,0.089556,50 HZ CONTACT-ENABLED INVERSE FEEDFORWARD + FROZEN BASELINE PD GAINS,"PRELIMINARY - NUMERICAL HIP-REDUCTION SUCCESSOR ONLY - NOT APPROVED FOR CONNECTION, POWERED TESTING, MOTION, WALKING, OR ENERGIZATION"
WS-L01,1.640,DOUBLE,L+R,0.316607,0.001733,197.080990,197.274041,NONE,0.000116821,97.968068,0.089287,50 HZ CONTACT-ENABLED INVERSE FEEDFORWARD + FROZEN BASELINE PD GAINS,"PRELIMINARY - NUMERICAL HIP-REDUCTION SUCCESSOR ONLY - NOT APPROVED FOR CONNECTION, POWERED TESTING, MOTION, WALKING, OR ENERGIZATION"
WS-L01,1.660,DOUBLE,L+R,0.314339,0.002124,197.165892,197.215646,NONE,0.000117326,97.968654,0.088970,50 HZ CONTACT-ENABLED INVERSE FEEDFORWARD + FROZEN BASELINE PD GAINS,"PRELIMINARY - NUMERICAL HIP-REDUCTION SUCCESSOR ONLY - NOT APPROVED FOR CONNECTION, POWERED TESTING, MOTION, WALKING, OR ENERGIZATION"
WS-L01,1.680,DOUBLE,L+R,0.312106,0.002526,197.260719,197.158907,NONE,0.000117715,97.969218,0.088603,50 HZ CONTACT-ENABLED INVERSE FEEDFORWARD + FROZEN BASELINE PD GAINS,"PRELIMINARY - NUMERICAL HIP-REDUCTION SUCCESSOR ONLY - NOT APPROVED FOR CONNECTION, POWERED TESTING, MOTION, WALKING, OR ENERGIZATION"
WS-L01,1.700,DOUBLE,L+R,0.309906,0.002941,197.366170,197.103231,NONE,0.000117975,97.969747,0.088189,50 HZ CONTACT-ENABLED INVERSE FEEDFORWARD + FROZEN BASELINE PD GAINS,"PRELIMINARY - NUMERICAL HIP-REDUCTION SUCCESSOR ONLY - NOT APPROVED FOR CONNECTION, POWERED TESTING, MOTION, WALKING, OR ENERGIZATION"
WS-L01,1.720,DOUBLE,L+R,0.307740,0.003368,197.480104,197.049799,NONE,0.000118196,97.970259,0.087698,50 HZ CONTACT-ENABLED INVERSE FEEDFORWARD + FROZEN BASELINE PD GAINS,"PRELIMINARY - NUMERICAL HIP-REDUCTION SUCCESSOR ONLY - NOT APPROVED FOR CONNECTION, POWERED TESTING, MOTION, WALKING, OR ENERGIZATION"
WS-L01,1.740,DOUBLE,L+R,0.305608,0.003808,197.600535,196.999279,NONE,0.000118381,97.970765,0.087130,50 HZ CONTACT-ENABLED INVERSE FEEDFORWARD + FROZEN BASELINE PD GAINS,"PRELIMINARY - NUMERICAL HIP-REDUCTION SUCCESSOR ONLY - NOT APPROVED FOR CONNECTION, POWERED TESTING, MOTION, WALKING, OR ENERGIZATION"
WS-L01,1.760,DOUBLE,L+R,0.303509,0.004262,197.727350,196.951592,NONE,0.000118534,97.971240,0.086494,50 HZ CONTACT-ENABLED INVERSE FEEDFORWARD + FROZEN BASELINE PD GAINS,"PRELIMINARY - NUMERICAL HIP-REDUCTION SUCCESSOR ONLY - NOT APPROVED FOR CONNECTION, POWERED TESTING, MOTION, WALKING, OR ENERGIZATION"
WS-L01,1.780,DOUBLE,L+R,0.301443,0.004733,197.860516,196.906889,NONE,0.000118657,97.971675,0.085778,50 HZ CONTACT-ENABLED INVERSE FEEDFORWARD + FROZEN BASELINE PD GAINS,"PRELIMINARY - NUMERICAL HIP-REDUCTION SUCCESSOR ONLY - NOT APPROVED FOR CONNECTION, POWERED TESTING, MOTION, WALKING, OR ENERGIZATION"
WS-L01,1.800,DOUBLE,L+R,0.299408,0.005222,197.998371,196.865093,NONE,0.000118752,97.972112,0.084969,50 HZ CONTACT-ENABLED INVERSE FEEDFORWARD + FROZEN BASELINE PD GAINS,"PRELIMINARY - NUMERICAL HIP-REDUCTION SUCCESSOR ONLY - NOT APPROVED FOR CONNECTION, POWERED TESTING, MOTION, WALKING, OR ENERGIZATION"
WS-L01,1.820,DOUBLE,L+R,0.297406,0.005731,198.139244,196.827994,NONE,0.000118822,97.972513,0.084057,50 HZ CONTACT-ENABLED INVERSE FEEDFORWARD + FROZEN BASELINE PD GAINS,"PRELIMINARY - NUMERICAL HIP-REDUCTION SUCCESSOR ONLY - NOT APPROVED FOR CONNECTION, POWERED TESTING, MOTION, WALKING, OR ENERGIZATION"
WS-L01,1.840,DOUBLE,L+R,0.295436,0.006262,198.283609,196.794465,NONE,0.000118869,97.972889,0.083057,50 HZ CONTACT-ENABLED INVERSE FEEDFORWARD + FROZEN BASELINE PD GAINS,"PRELIMINARY - NUMERICAL HIP-REDUCTION SUCCESSOR ONLY - NOT APPROVED FOR CONNECTION, POWERED TESTING, MOTION, WALKING, OR ENERGIZATION"
WS-L01,1.860,DOUBLE,L+R,0.293496,0.006816,198.430362,196.764809,NONE,0.000118895,97.973247,0.081951,50 HZ CONTACT-ENABLED INVERSE FEEDFORWARD + FROZEN BASELINE PD GAINS,"PRELIMINARY - NUMERICAL HIP-REDUCTION SUCCESSOR ONLY - NOT APPROVED FOR CONNECTION, POWERED TESTING, MOTION, WALKING, OR ENERGIZATION"
WS-L01,1.880,DOUBLE,L+R,0.291588,0.007396,198.577439,196.740604,NONE,0.000118903,97.973578,0.080723,50 HZ CONTACT-ENABLED INVERSE FEEDFORWARD + FROZEN BASELINE PD GAINS,"PRELIMINARY - NUMERICAL HIP-REDUCTION SUCCESSOR ONLY - NOT APPROVED FOR CONNECTION, POWERED TESTING, MOTION, WALKING, OR ENERGIZATION"
WS-L01,1.900,DOUBLE,L+R,0.289710,0.008003,198.725417,196.720400,NONE,0.000118896,97.973889,0.079397,50 HZ CONTACT-ENABLED INVERSE FEEDFORWARD + FROZEN BASELINE PD GAINS,"PRELIMINARY - NUMERICAL HIP-REDUCTION SUCCESSOR ONLY - NOT APPROVED FOR CONNECTION, POWERED TESTING, MOTION, WALKING, OR ENERGIZATION"
WS-L01,1.920,DOUBLE,L+R,0.287862,0.008638,198.873197,196.705188,NONE,0.000118874,97.974165,0.077946,50 HZ CONTACT-ENABLED INVERSE FEEDFORWARD + FROZEN BASELINE PD GAINS,"PRELIMINARY - NUMERICAL HIP-REDUCTION SUCCESSOR ONLY - NOT APPROVED FOR CONNECTION, POWERED TESTING, MOTION, WALKING, OR ENERGIZATION"
WS-L01,1.940,DOUBLE,L+R,0.286044,0.009304,199.018989,196.695234,NONE,0.000118841,97.974435,0.076367,50 HZ CONTACT-ENABLED INVERSE FEEDFORWARD + FROZEN BASELINE PD GAINS,"PRELIMINARY - NUMERICAL HIP-REDUCTION SUCCESSOR ONLY - NOT APPROVED FOR CONNECTION, POWERED TESTING, MOTION, WALKING, OR ENERGIZATION"
WS-L01,1.960,DOUBLE,L+R,0.284255,0.010001,199.164158,196.690147,NONE,0.000118798,97.974648,0.074674,50 HZ CONTACT-ENABLED INVERSE FEEDFORWARD + FROZEN BASELINE PD GAINS,"PRELIMINARY - NUMERICAL HIP-REDUCTION SUCCESSOR ONLY - NOT APPROVED FOR CONNECTION, POWERED TESTING, MOTION, WALKING, OR ENERGIZATION"
WS-L01,1.980,DOUBLE,L+R,0.282496,0.010732,199.306268,196.690723,NONE,0.000118747,97.974856,0.072840,50 HZ CONTACT-ENABLED INVERSE FEEDFORWARD + FROZEN BASELINE PD GAINS,"PRELIMINARY - NUMERICAL HIP-REDUCTION SUCCESSOR ONLY - NOT APPROVED FOR CONNECTION, POWERED TESTING, MOTION, WALKING, OR ENERGIZATION"
WS-L01,2.000,DOUBLE,L+R,0.280829,0.011497,199.444954,196.696618,NONE,0.000118690,97.975045,0.070875,50 HZ CONTACT-ENABLED INVERSE FEEDFORWARD + FROZEN BASELINE PD GAINS,"PRELIMINARY - NUMERICAL HIP-REDUCTION SUCCESSOR ONLY - NOT APPROVED FOR CONNECTION, POWERED TESTING, MOTION, WALKING, OR ENERGIZATION"
WS-L01,2.020,DOUBLE,L+R,0.279300,0.012298,199.580090,196.708179,NONE,0.000118630,97.975187,0.068775,50 HZ CONTACT-ENABLED INVERSE FEEDFORWARD + FROZEN BASELINE PD GAINS,"PRELIMINARY - NUMERICAL HIP-REDUCTION SUCCESSOR ONLY - NOT APPROVED FOR CONNECTION, POWERED TESTING, MOTION, WALKING, OR ENERGIZATION"
WS-L01,2.040,DOUBLE,L+R,0.277789,0.013136,199.709877,196.725794,NONE,0.000118567,97.975321,0.066529,50 HZ CONTACT-ENABLED INVERSE FEEDFORWARD + FROZEN BASELINE PD GAINS,"PRELIMINARY - NUMERICAL HIP-REDUCTION SUCCESSOR ONLY - NOT APPROVED FOR CONNECTION, POWERED TESTING, MOTION, WALKING, OR ENERGIZATION"
WS-L01,2.060,DOUBLE,L+R,0.276297,0.014013,199.835392,196.748595,NONE,0.000118504,97.975416,0.064152,50 HZ CONTACT-ENABLED INVERSE FEEDFORWARD + FROZEN BASELINE PD GAINS,"PRELIMINARY - NUMERICAL HIP-REDUCTION SUCCESSOR ONLY - NOT APPROVED FOR CONNECTION, POWERED TESTING, MOTION, WALKING, OR ENERGIZATION"
WS-L01,2.080,DOUBLE,L+R,0.274822,0.014929,199.954676,196.777853,NONE,0.000118442,97.975483,0.061617,50 HZ CONTACT-ENABLED INVERSE FEEDFORWARD + FROZEN BASELINE PD GAINS,"PRELIMINARY - NUMERICAL HIP-REDUCTION SUCCESSOR ONLY - NOT APPROVED FOR CONNECTION, POWERED TESTING, MOTION, WALKING, OR ENERGIZATION"
WS-L01,2.100,DOUBLE,L+R,0.273362,0.015886,200.067210,196.813242,NONE,0.000118383,97.975532,0.058936,50 HZ CONTACT-ENABLED INVERSE FEEDFORWARD + FROZEN BASELINE PD GAINS,"PRELIMINARY - NUMERICAL HIP-REDUCTION SUCCESSOR ONLY - NOT APPROVED FOR CONNECTION, POWERED TESTING, MOTION, WALKING, OR ENERGIZATION"
WS-L01,2.120,DOUBLE,L+R,0.271918,0.016884,200.173035,196.853709,NONE,0.000118329,97.975564,0.056112,50 HZ CONTACT-ENABLED INVERSE FEEDFORWARD + FROZEN BASELINE PD GAINS,"PRELIMINARY - NUMERICAL HIP-REDUCTION SUCCESSOR ONLY - NOT APPROVED FOR CONNECTION, POWERED TESTING, MOTION, WALKING, OR ENERGIZATION"
WS-L01,2.140,DOUBLE,L+R,0.270487,0.017925,200.271025,196.901524,NONE,0.000118281,97.975533,0.053123,50 HZ CONTACT-ENABLED INVERSE FEEDFORWARD + FROZEN BASELINE PD GAINS,"PRELIMINARY - NUMERICAL HIP-REDUCTION SUCCESSOR ONLY - NOT APPROVED FOR CONNECTION, POWERED TESTING, MOTION, WALKING, OR ENERGIZATION"
WS-L01,2.160,DOUBLE,L+R,0.269069,0.019009,200.361023,196.954451,NONE,0.000118241,97.975514,0.049991,50 HZ CONTACT-ENABLED INVERSE FEEDFORWARD + FROZEN BASELINE PD GAINS,"PRELIMINARY - NUMERICAL HIP-REDUCTION SUCCESSOR ONLY - NOT APPROVED FOR CONNECTION, POWERED TESTING, MOTION, WALKING, OR ENERGIZATION"
WS-L01,2.180,DOUBLE,L+R,0.267664,0.020137,200.442685,197.014050,NONE,0.000118210,97.975435,0.046697,50 HZ CONTACT-ENABLED INVERSE FEEDFORWARD + FROZEN BASELINE PD GAINS,"PRELIMINARY - NUMERICAL HIP-REDUCTION SUCCESSOR ONLY - NOT APPROVED FOR CONNECTION, POWERED TESTING, MOTION, WALKING, OR ENERGIZATION"
WS-L01,2.200,DOUBLE,L+R,0.266269,0.021309,200.514035,197.080224,NONE,0.000118190,97.975358,0.043240,50 HZ CONTACT-ENABLED INVERSE FEEDFORWARD + FROZEN BASELINE PD GAINS,"PRELIMINARY - NUMERICAL HIP-REDUCTION SUCCESSOR ONLY - NOT APPROVED FOR CONNECTION, POWERED TESTING, MOTION, WALKING, OR ENERGIZATION"
WS-L01,2.220,DOUBLE,L+R,0.264885,0.022528,200.576441,197.152089,NONE,0.000118182,97.975237,0.039638,50 HZ CONTACT-ENABLED INVERSE FEEDFORWARD + FROZEN BASELINE PD GAINS,"PRELIMINARY - NUMERICAL HIP-REDUCTION SUCCESSOR ONLY - NOT APPROVED FOR CONNECTION, POWERED TESTING, MOTION, WALKING, OR ENERGIZATION"
WS-L01,2.240,DOUBLE,L+R,0.263510,0.023793,200.628625,197.230383,NONE,0.000118188,97.975087,0.035869,50 HZ CONTACT-ENABLED INVERSE FEEDFORWARD + FROZEN BASELINE PD GAINS,"PRELIMINARY - NUMERICAL HIP-REDUCTION SUCCESSOR ONLY - NOT APPROVED FOR CONNECTION, POWERED TESTING, MOTION, WALKING, OR ENERGIZATION"
WS-L01,2.260,DOUBLE,L+R,0.262145,0.025105,200.669538,197.315062,NONE,0.000118209,97.974925,0.031940,50 HZ CONTACT-ENABLED INVERSE FEEDFORWARD + FROZEN BASELINE PD GAINS,"PRELIMINARY - NUMERICAL HIP-REDUCTION SUCCESSOR ONLY - NOT APPROVED FOR CONNECTION, POWERED TESTING, MOTION, WALKING, OR ENERGIZATION"
WS-L01,2.280,DOUBLE,L+R,0.260787,0.026464,200.699847,197.406220,NONE,0.000118245,97.974711,0.027859,50 HZ CONTACT-ENABLED INVERSE FEEDFORWARD + FROZEN BASELINE PD GAINS,"PRELIMINARY - NUMERICAL HIP-REDUCTION SUCCESSOR ONLY - NOT APPROVED FOR CONNECTION, POWERED TESTING, MOTION, WALKING, OR ENERGIZATION"
WS-L01,2.300,DOUBLE,L+R,0.259436,0.027871,200.718533,197.503254,NONE,0.000118299,97.974493,0.023627,50 HZ CONTACT-ENABLED INVERSE FEEDFORWARD + FROZEN BASELINE PD GAINS,"PRELIMINARY - NUMERICAL HIP-REDUCTION SUCCESSOR ONLY - NOT APPROVED FOR CONNECTION, POWERED TESTING, MOTION, WALKING, OR ENERGIZATION"
WS-L01,2.320,DOUBLE,L+R,0.258092,0.029326,200.724458,197.607158,NONE,0.000118372,97.974245,0.019246,50 HZ CONTACT-ENABLED INVERSE FEEDFORWARD + FROZEN BASELINE PD GAINS,"PRELIMINARY - NUMERICAL HIP-REDUCTION SUCCESSOR ONLY - NOT APPROVED FOR CONNECTION, POWERED TESTING, MOTION, WALKING, OR ENERGIZATION"
WS-L01,2.340,DOUBLE,L+R,0.256755,0.030829,200.718680,197.717110,NONE,0.000118464,97.973954,0.014760,50 HZ CONTACT-ENABLED INVERSE FEEDFORWARD + FROZEN BASELINE PD GAINS,"PRELIMINARY - NUMERICAL HIP-REDUCTION SUCCESSOR ONLY - NOT APPROVED FOR CONNECTION, POWERED TESTING, MOTION, WALKING, OR ENERGIZATION"
WS-L01,2.360,DOUBLE,L+R,0.255422,0.032382,200.700083,197.833431,NONE,0.000118577,97.973645,0.010233,50 HZ CONTACT-ENABLED INVERSE FEEDFORWARD + FROZEN BASELINE PD GAINS,"PRELIMINARY - NUMERICAL HIP-REDUCTION SUCCESSOR ONLY - NOT APPROVED FOR CONNECTION, POWERED TESTING, MOTION, WALKING, OR ENERGIZATION"
WS-L01,2.380,DOUBLE,L+R,0.254094,0.033984,200.667673,197.955950,NONE,0.000118712,97.973324,0.006003,50 HZ CONTACT-ENABLED INVERSE FEEDFORWARD + FROZEN BASELINE PD GAINS,"PRELIMINARY - NUMERICAL HIP-REDUCTION SUCCESSOR ONLY - NOT APPROVED FOR CONNECTION, POWERED TESTING, MOTION, WALKING, OR ENERGIZATION"
WS-L01,2.400,DOUBLE,L+R,0.252771,0.035635,200.622081,198.084907,NONE,0.000118870,97.972950,0.004138,50 HZ CONTACT-ENABLED INVERSE FEEDFORWARD + FROZEN BASELINE PD GAINS,"PRELIMINARY - NUMERICAL HIP-REDUCTION SUCCESSOR ONLY - NOT APPROVED FOR CONNECTION, POWERED TESTING, MOTION, WALKING, OR ENERGIZATION"
WS-L01,2.420,DOUBLE,L+R,0.251450,0.037335,200.562175,198.220480,NONE,0.000119053,97.972558,0.007309,50 HZ CONTACT-ENABLED INVERSE FEEDFORWARD + FROZEN BASELINE PD GAINS,"PRELIMINARY - NUMERICAL HIP-REDUCTION SUCCESSOR ONLY - NOT APPROVED FOR CONNECTION, POWERED TESTING, MOTION, WALKING, OR ENERGIZATION"
WS-L01,2.440,DOUBLE,L+R,0.250134,0.039086,200.488788,198.361596,NONE,0.000119260,97.972137,0.012273,50 HZ CONTACT-ENABLED INVERSE FEEDFORWARD + FROZEN BASELINE PD GAINS,"PRELIMINARY - NUMERICAL HIP-REDUCTION SUCCESSOR ONLY - NOT APPROVED FOR CONNECTION, POWERED TESTING, MOTION, WALKING, OR ENERGIZATION"
WS-L01,2.460,DOUBLE,L+R,0.248819,0.040886,200.400711,198.508578,NONE,0.000119493,97.971697,0.017756,50 HZ CONTACT-ENABLED INVERSE FEEDFORWARD + FROZEN BASELINE PD GAINS,"PRELIMINARY - NUMERICAL HIP-REDUCTION SUCCESSOR ONLY - NOT APPROVED FOR CONNECTION, POWERED TESTING, MOTION, WALKING, OR ENERGIZATION"
WS-L01,2.480,DOUBLE,L+R,0.247507,0.042735,200.297604,198.662458,NONE,0.000119752,97.971203,0.023548,50 HZ CONTACT-ENABLED INVERSE FEEDFORWARD + FROZEN BASELINE PD GAINS,"PRELIMINARY - NUMERICAL HIP-REDUCTION SUCCESSOR ONLY - NOT APPROVED FOR CONNECTION, POWERED TESTING, MOTION, WALKING, OR ENERGIZATION"
WS-L01,2.500,DOUBLE,L+R,0.246196,0.044634,200.180581,198.821229,NONE,0.000120040,97.970688,0.029592,50 HZ CONTACT-ENABLED INVERSE FEEDFORWARD + FROZEN BASELINE PD GAINS,"PRELIMINARY - NUMERICAL HIP-REDUCTION SUCCESSOR ONLY - NOT APPROVED FOR CONNECTION, POWERED TESTING, MOTION, WALKING, OR ENERGIZATION"
WS-L01,2.520,DOUBLE,L+R,0.244934,0.046583,200.049280,198.985198,NONE,0.000120355,97.970131,0.035911,50 HZ CONTACT-ENABLED INVERSE FEEDFORWARD + FROZEN BASELINE PD GAINS,"PRELIMINARY - NUMERICAL HIP-REDUCTION SUCCESSOR ONLY - NOT APPROVED FOR CONNECTION, POWERED TESTING, MOTION, WALKING, OR ENERGIZATION"
WS-L01,2.540,DOUBLE,L+R,0.243869,0.048582,199.904132,199.153161,NONE,0.000120700,97.969538,0.042539,50 HZ CONTACT-ENABLED INVERSE FEEDFORWARD + FROZEN BASELINE PD GAINS,"PRELIMINARY - NUMERICAL HIP-REDUCTION SUCCESSOR ONLY - NOT APPROVED FOR CONNECTION, POWERED TESTING, MOTION, WALKING, OR ENERGIZATION"
WS-L01,2.560,DOUBLE,L+R,0.242823,0.050629,199.746902,199.323357,NONE,0.000121075,97.968887,0.049551,50 HZ CONTACT-ENABLED INVERSE FEEDFORWARD + FROZEN BASELINE PD GAINS,"PRELIMINARY - NUMERICAL HIP-REDUCTION SUCCESSOR ONLY - NOT APPROVED FOR CONNECTION, POWERED TESTING, MOTION, WALKING, OR ENERGIZATION"
WS-L01,2.580,DOUBLE,L+R,0.241797,0.052726,199.580190,199.493005,NONE,0.000121480,97.968164,0.057110,50 HZ CONTACT-ENABLED INVERSE FEEDFORWARD + FROZEN BASELINE PD GAINS,"PRELIMINARY - NUMERICAL HIP-REDUCTION SUCCESSOR ONLY - NOT APPROVED FOR CONNECTION, POWERED TESTING, MOTION, WALKING, OR ENERGIZATION"
WS-L01,2.600,DOUBLE,L+R,0.240788,0.054872,199.410602,199.655369,NONE,0.000121916,97.967344,0.065517,50 HZ CONTACT-ENABLED INVERSE FEEDFORWARD + FROZEN BASELINE PD GAINS,"PRELIMINARY - NUMERICAL HIP-REDUCTION SUCCESSOR ONLY - NOT APPROVED FOR CONNECTION, POWERED TESTING, MOTION, WALKING, OR ENERGIZATION"
WS-L01,2.620,DOUBLE,L+R,0.239797,0.057067,199.248891,199.798700,NONE,0.000122331,97.966395,0.075428,50 HZ CONTACT-ENABLED INVERSE FEEDFORWARD + FROZEN BASELINE PD GAINS,"PRELIMINARY - NUMERICAL HIP-REDUCTION SUCCESSOR ONLY - NOT APPROVED FOR CONNECTION, POWERED TESTING, MOTION, WALKING, OR ENERGIZATION"
WS-L01,2.640,DOUBLE,L+R,0.238820,0.059310,199.123282,199.895798,NONE,0.000121942,97.965185,0.088224,50 HZ CONTACT-ENABLED INVERSE FEEDFORWARD + FROZEN BASELINE PD GAINS,"PRELIMINARY - NUMERICAL HIP-REDUCTION SUCCESSOR ONLY - NOT APPROVED FOR CONNECTION, POWERED TESTING, MOTION, WALKING, OR ENERGIZATION"
WS-L01,2.660,DOUBLE,L+R,0.237855,0.061604,199.095882,199.883514,NONE,0.000121535,97.963567,0.107154,50 HZ CONTACT-ENABLED INVERSE FEEDFORWARD + FROZEN BASELINE PD GAINS,"PRELIMINARY - NUMERICAL HIP-REDUCTION SUCCESSOR ONLY - NOT APPROVED FOR CONNECTION, POWERED TESTING, MOTION, WALKING, OR ENERGIZATION"
WS-L01,2.680,DOUBLE,L+R,0.236891,0.063948,199.319047,199.611564,NONE,0.000121108,97.961102,0.140250,50 HZ CONTACT-ENABLED INVERSE FEEDFORWARD + FROZEN BASELINE PD GAINS,"PRELIMINARY - NUMERICAL HIP-REDUCTION SUCCESSOR ONLY - NOT APPROVED FOR CONNECTION, POWERED TESTING, MOTION, WALKING, OR ENERGIZATION"
WS-L01,2.700,DOUBLE,L+R,0.235905,0.066350,200.190830,198.687290,NONE,0.000120658,97.957004,0.208677,50 HZ CONTACT-ENABLED INVERSE FEEDFORWARD + FROZEN BASELINE PD GAINS,"PRELIMINARY - NUMERICAL HIP-REDUCTION SUCCESSOR ONLY - NOT APPROVED FOR CONNECTION, POWERED TESTING, MOTION, WALKING, OR ENERGIZATION"
WS-L01,2.720,DOUBLE,L+R,0.234831,0.068824,202.828840,196.012565,NONE,0.000120175,97.950423,0.371891,50 HZ CONTACT-ENABLED INVERSE FEEDFORWARD + FROZEN BASELINE PD GAINS,"PRELIMINARY - NUMERICAL HIP-REDUCTION SUCCESSOR ONLY - NOT APPROVED FOR CONNECTION, POWERED TESTING, MOTION, WALKING, OR ENERGIZATION"
WS-L01,2.740,DOUBLE,L+R,0.233472,0.071423,210.600575,188.288803,NONE,0.000119630,97.948630,0.808512,50 HZ CONTACT-ENABLED INVERSE FEEDFORWARD + FROZEN BASELINE PD GAINS,"PRELIMINARY - NUMERICAL HIP-REDUCTION SUCCESSOR ONLY - NOT APPROVED FOR CONNECTION, POWERED TESTING, MOTION, WALKING, OR ENERGIZATION"
WS-L01,2.760,DOUBLE,L+R,0.231264,0.074310,234.453522,164.836035,NONE,0.000118941,98.061629,2.097266,50 HZ CONTACT-ENABLED INVERSE FEEDFORWARD + FROZEN BASELINE PD GAINS,"PRELIMINARY - NUMERICAL HIP-REDUCTION SUCCESSOR ONLY - NOT APPROVED FOR CONNECTION, POWERED TESTING, MOTION, WALKING, OR ENERGIZATION"
WS-L01,2.780,DOUBLE,L+R,0.234446,0.078058,311.983908,88.200326,NONE,0.000117848,99.524574,6.249296,50 HZ CONTACT-ENABLED INVERSE FEEDFORWARD + FROZEN BASELINE PD GAINS,"PRELIMINARY - NUMERICAL HIP-REDUCTION SUCCESSOR ONLY - NOT APPROVED FOR CONNECTION, POWERED TESTING, MOTION, WALKING, OR ENERGIZATION"
WS-L01,2.800,DOUBLE,L+R,0.237080,0.080911,429.625896,38.617403,NONE,0.000116650,102.547704,10.755434,50 HZ CONTACT-ENABLED INVERSE FEEDFORWARD + FROZEN BASELINE PD GAINS,"PRELIMINARY - NUMERICAL HIP-REDUCTION SUCCESSOR ONLY - NOT APPROVED FOR CONNECTION, POWERED TESTING, MOTION, WALKING, OR ENERGIZATION"
WS-L01,2.820,DOUBLE,L+R,0.237811,0.085098,421.992080,40.062589,NONE,0.000108322,102.084620,10.613475,50 HZ CONTACT-ENABLED INVERSE FEEDFORWARD + FROZEN BASELINE PD GAINS,"PRELIMINARY - NUMERICAL HIP-REDUCTION SUCCESSOR ONLY - NOT APPROVED FOR CONNECTION, POWERED TESTING, MOTION, WALKING, OR ENERGIZATION"
WS-L01,2.840,DOUBLE,L+R,0.241056,0.087206,417.355194,41.521906,NONE,0.000102624,102.267140,10.486362,50 HZ CONTACT-ENABLED INVERSE FEEDFORWARD + FROZEN BASELINE PD GAINS,"PRELIMINARY - NUMERICAL HIP-REDUCTION SUCCESSOR ONLY - NOT APPROVED FOR CONNECTION, POWERED TESTING, MOTION, WALKING, OR ENERGIZATION"
WS-L01,2.860,DOUBLE,L+R,0.245613,0.089654,414.809220,42.213503,NONE,0.000099769,102.242619,10.431439,50 HZ CONTACT-ENABLED INVERSE FEEDFORWARD + FROZEN BASELINE PD GAINS,"PRELIMINARY - NUMERICAL HIP-REDUCTION SUCCESSOR ONLY - NOT APPROVED FOR CONNECTION, POWERED TESTING, MOTION, WALKING, OR ENERGIZATION"
WS-L01,2.880,DOUBLE,L+R,0.250844,0.092365,412.707336,42.677270,NONE,0.000098377,102.163045,10.394768,50 HZ CONTACT-ENABLED INVERSE FEEDFORWARD + FROZEN BASELINE PD GAINS,"PRELIMINARY - NUMERICAL HIP-REDUCTION SUCCESSOR ONLY - NOT APPROVED FOR CONNECTION, POWERED TESTING, MOTION, WALKING, OR ENERGIZATION"
WS-L01,2.900,DOUBLE,L+R,0.256421,0.095169,410.652385,43.075050,NONE,0.000097610,102.075298,10.361302,50 HZ CONTACT-ENABLED INVERSE FEEDFORWARD + FROZEN BASELINE PD GAINS,"PRELIMINARY - NUMERICAL HIP-REDUCTION SUCCESSOR ONLY - NOT APPROVED FOR CONNECTION, POWERED TESTING, MOTION, WALKING, OR ENERGIZATION"
WS-L01,2.920,DOUBLE,L+R,0.262172,0.098015,408.568113,43.449457,NONE,0.000097110,101.986618,10.327673,50 HZ CONTACT-ENABLED INVERSE FEEDFORWARD + FROZEN BASELINE PD GAINS,"PRELIMINARY - NUMERICAL HIP-REDUCTION SUCCESSOR ONLY - NOT APPROVED FOR CONNECTION, POWERED TESTING, MOTION, WALKING, OR ENERGIZATION"
WS-L01,2.940,DOUBLE,L+R,0.268007,0.100894,406.437807,43.812726,NONE,0.000096739,101.897547,10.293049,50 HZ CONTACT-ENABLED INVERSE FEEDFORWARD + FROZEN BASELINE PD GAINS,"PRELIMINARY - NUMERICAL HIP-REDUCTION SUCCESSOR ONLY - NOT APPROVED FOR CONNECTION, POWERED TESTING, MOTION, WALKING, OR ENERGIZATION"
WS-L01,2.960,DOUBLE,L+R,0.273875,0.103807,404.255885,44.169295,NONE,0.000096447,101.807882,10.257237,50 HZ CONTACT-ENABLED INVERSE FEEDFORWARD + FROZEN BASELINE PD GAINS,"PRELIMINARY - NUMERICAL HIP-REDUCTION SUCCESSOR ONLY - NOT APPROVED FOR CONNECTION, POWERED TESTING, MOTION, WALKING, OR ENERGIZATION"
WS-L01,2.980,DOUBLE,L+R,0.279746,0.106752,402.019665,44.520711,NONE,0.000096216,101.717554,10.220165,50 HZ CONTACT-ENABLED INVERSE FEEDFORWARD + FROZEN BASELINE PD GAINS,"PRELIMINARY - NUMERICAL HIP-REDUCTION SUCCESSOR ONLY - NOT APPROVED FOR CONNECTION, POWERED TESTING, MOTION, WALKING, OR ENERGIZATION"
WS-L01,3.000,DOUBLE,L+R,0.285601,0.109732,399.728094,44.867677,NONE,0.000096038,101.626471,10.181807,50 HZ CONTACT-ENABLED INVERSE FEEDFORWARD + FROZEN BASELINE PD GAINS,"PRELIMINARY - NUMERICAL HIP-REDUCTION SUCCESSOR ONLY - NOT APPROVED FOR CONNECTION, POWERED TESTING, MOTION, WALKING, OR ENERGIZATION"
WS-L01,3.020,DOUBLE,L+R,0.291427,0.112744,397.380647,45.210544,NONE,0.000095910,101.534645,10.142178,50 HZ CONTACT-ENABLED INVERSE FEEDFORWARD + FROZEN BASELINE PD GAINS,"PRELIMINARY - NUMERICAL HIP-REDUCTION SUCCESSOR ONLY - NOT APPROVED FOR CONNECTION, POWERED TESTING, MOTION, WALKING, OR ENERGIZATION"
WS-L01,3.040,DOUBLE,L+R,0.297217,0.115789,394.977291,45.549454,NONE,0.000095827,101.442124,10.101248,50 HZ CONTACT-ENABLED INVERSE FEEDFORWARD + FROZEN BASELINE PD GAINS,"PRELIMINARY - NUMERICAL HIP-REDUCTION SUCCESSOR ONLY - NOT APPROVED FOR CONNECTION, POWERED TESTING, MOTION, WALKING, OR ENERGIZATION"
WS-L01,3.060,DOUBLE,L+R,0.302963,0.118865,392.517652,45.885131,NONE,0.000095790,101.348873,10.059026,50 HZ CONTACT-ENABLED INVERSE FEEDFORWARD + FROZEN BASELINE PD GAINS,"PRELIMINARY - NUMERICAL HIP-REDUCTION SUCCESSOR ONLY - NOT APPROVED FOR CONNECTION, POWERED TESTING, MOTION, WALKING, OR ENERGIZATION"
WS-L01,3.080,DOUBLE,L+R,0.308662,0.121972,390.002197,46.217633,NONE,0.000095794,101.255001,10.015516,50 HZ CONTACT-ENABLED INVERSE FEEDFORWARD + FROZEN BASELINE PD GAINS,"PRELIMINARY - NUMERICAL HIP-REDUCTION SUCCESSOR ONLY - NOT APPROVED FOR CONNECTION, POWERED TESTING, MOTION, WALKING, OR ENERGIZATION"
WS-L01,3.100,DOUBLE,L+R,0.314309,0.125109,387.432067,46.546745,NONE,0.000095840,101.160610,9.970682,50 HZ CONTACT-ENABLED INVERSE FEEDFORWARD + FROZEN BASELINE PD GAINS,"PRELIMINARY - NUMERICAL HIP-REDUCTION SUCCESSOR ONLY - NOT APPROVED FOR CONNECTION, POWERED TESTING, MOTION, WALKING, OR ENERGIZATION"
WS-L01,3.120,DOUBLE,L+R,0.319901,0.128275,384.807242,46.873164,NONE,0.000095925,101.065736,9.924534,50 HZ CONTACT-ENABLED INVERSE FEEDFORWARD + FROZEN BASELINE PD GAINS,"PRELIMINARY - NUMERICAL HIP-REDUCTION SUCCESSOR ONLY - NOT APPROVED FOR CONNECTION, POWERED TESTING, MOTION, WALKING, OR ENERGIZATION"
WS-L01,3.140,DOUBLE,L+R,0.325437,0.131468,382.130093,47.236350,NONE,0.000096049,100.972774,9.876778,50 HZ CONTACT-ENABLED INVERSE FEEDFORWARD + FROZEN BASELINE PD GAINS,"PRELIMINARY - NUMERICAL HIP-REDUCTION SUCCESSOR ONLY - NOT APPROVED FOR CONNECTION, POWERED TESTING, MOTION, WALKING, OR ENERGIZATION"
WS-L01,3.160,DOUBLE,L+R,0.330848,0.134742,379.410413,47.921695,NONE,0.000096265,100.885647,9.830637,50 HZ CONTACT-ENABLED INVERSE FEEDFORWARD + FROZEN BASELINE PD GAINS,"PRELIMINARY - NUMERICAL HIP-REDUCTION SUCCESSOR ONLY - NOT APPROVED FOR CONNECTION, POWERED TESTING, MOTION, WALKING, OR ENERGIZATION"
WS-L01,3.180,DOUBLE,L+R,0.336033,0.138026,376.642850,48.646870,NONE,0.000096649,100.795940,9.785845,50 HZ CONTACT-ENABLED INVERSE FEEDFORWARD + FROZEN BASELINE PD GAINS,"PRELIMINARY - NUMERICAL HIP-REDUCTION SUCCESSOR ONLY - NOT APPROVED FOR CONNECTION, POWERED TESTING, MOTION, WALKING, OR ENERGIZATION"
WS-L01,3.200,DOUBLE,L+R,0.341013,0.141298,373.818553,49.617977,NONE,0.000097151,100.713168,9.740660,50 HZ CONTACT-ENABLED INVERSE FEEDFORWARD + FROZEN BASELINE PD GAINS,"PRELIMINARY - NUMERICAL HIP-REDUCTION SUCCESSOR ONLY - NOT APPROVED FOR CONNECTION, POWERED TESTING, MOTION, WALKING, OR ENERGIZATION"
WS-L01,3.220,DOUBLE,L+R,0.345752,0.144633,370.951124,50.821289,NONE,0.000097519,100.633435,9.694509,50 HZ CONTACT-ENABLED INVERSE FEEDFORWARD + FROZEN BASELINE PD GAINS,"PRELIMINARY - NUMERICAL HIP-REDUCTION SUCCESSOR ONLY - NOT APPROVED FOR CONNECTION, POWERED TESTING, MOTION, WALKING, OR ENERGIZATION"
WS-L01,3.240,DOUBLE,L+R,0.351477,0.147952,368.035252,52.051183,NONE,0.000097721,100.556132,9.646585,50 HZ CONTACT-ENABLED INVERSE FEEDFORWARD + FROZEN BASELINE PD GAINS,"PRELIMINARY - NUMERICAL HIP-REDUCTION SUCCESSOR ONLY - NOT APPROVED FOR CONNECTION, POWERED TESTING, MOTION, WALKING, OR ENERGIZATION"
WS-L01,3.260,DOUBLE,L+R,0.357507,0.151260,365.070156,53.300810,NONE,0.000097941,100.481594,9.596146,50 HZ CONTACT-ENABLED INVERSE FEEDFORWARD + FROZEN BASELINE PD GAINS,"PRELIMINARY - NUMERICAL HIP-REDUCTION SUCCESSOR ONLY - NOT APPROVED FOR CONNECTION, POWERED TESTING, MOTION, WALKING, OR ENERGIZATION"
WS-L01,3.280,DOUBLE,L+R,0.363468,0.154588,362.054794,54.561327,NONE,0.000095025,100.408221,9.543729,50 HZ CONTACT-ENABLED INVERSE FEEDFORWARD + FROZEN BASELINE PD GAINS,"PRELIMINARY - NUMERICAL HIP-REDUCTION SUCCESSOR ONLY - NOT APPROVED FOR CONNECTION, POWERED TESTING, MOTION, WALKING, OR ENERGIZATION"
WS-L01,3.300,DOUBLE,L+R,0.369358,0.157946,358.988843,55.828098,NONE,0.000089085,100.335581,9.489579,50 HZ CONTACT-ENABLED INVERSE FEEDFORWARD + FROZEN BASELINE PD GAINS,"PRELIMINARY - NUMERICAL HIP-REDUCTION SUCCESSOR ONLY - NOT APPROVED FOR CONNECTION, POWERED TESTING, MOTION, WALKING, OR ENERGIZATION"
WS-L01,3.320,DOUBLE,L+R,0.375175,0.161331,355.874761,57.112154,NONE,0.000083237,100.264733,9.433305,50 HZ CONTACT-ENABLED INVERSE FEEDFORWARD + FROZEN BASELINE PD GAINS,"PRELIMINARY - NUMERICAL HIP-REDUCTION SUCCESSOR ONLY - NOT APPROVED FOR CONNECTION, POWERED TESTING, MOTION, WALKING, OR ENERGIZATION"
WS-L01,3.340,DOUBLE,L+R,0.380881,0.164785,352.901465,58.926929,NONE,0.000077745,100.214822,9.367451,50 HZ CONTACT-ENABLED INVERSE FEEDFORWARD + FROZEN BASELINE PD GAINS,"PRELIMINARY - NUMERICAL HIP-REDUCTION SUCCESSOR ONLY - NOT APPROVED FOR CONNECTION, POWERED TESTING, MOTION, WALKING, OR ENERGIZATION"
WS-L01,3.360,DOUBLE,L+R,0.386412,0.168286,349.961807,60.867092,NONE,0.000073080,100.152434,9.303460,50 HZ CONTACT-ENABLED INVERSE FEEDFORWARD + FROZEN BASELINE PD GAINS,"PRELIMINARY - NUMERICAL HIP-REDUCTION SUCCESSOR ONLY - NOT APPROVED FOR CONNECTION, POWERED TESTING, MOTION, WALKING, OR ENERGIZATION"
WS-L01,3.380,DOUBLE,L+R,0.391748,0.171771,346.966016,63.028306,NONE,0.000068906,100.099152,9.237132,50 HZ CONTACT-ENABLED INVERSE FEEDFORWARD + FROZEN BASELINE PD GAINS,"PRELIMINARY - NUMERICAL HIP-REDUCTION SUCCESSOR ONLY - NOT APPROVED FOR CONNECTION, POWERED TESTING, MOTION, WALKING, OR ENERGIZATION"
WS-L01,3.400,DOUBLE,L+R,0.396879,0.175235,343.957751,65.277047,NONE,0.000065017,100.047553,9.167797,50 HZ CONTACT-ENABLED INVERSE FEEDFORWARD + FROZEN BASELINE PD GAINS,"PRELIMINARY - NUMERICAL HIP-REDUCTION SUCCESSOR ONLY - NOT APPROVED FOR CONNECTION, POWERED TESTING, MOTION, WALKING, OR ENERGIZATION"
WS-L01,3.420,DOUBLE,L+R,0.401827,0.178660,341.070043,67.689453,NONE,0.000061333,99.993383,9.093014,50 HZ CONTACT-ENABLED INVERSE FEEDFORWARD + FROZEN BASELINE PD GAINS,"PRELIMINARY - NUMERICAL HIP-REDUCTION SUCCESSOR ONLY - NOT APPROVED FOR CONNECTION, POWERED TESTING, MOTION, WALKING, OR ENERGIZATION"
WS-L01,3.440,DOUBLE,L+R,0.406563,0.182097,338.155609,70.165312,NONE,0.000057860,99.932189,9.015358,50 HZ CONTACT-ENABLED INVERSE FEEDFORWARD + FROZEN BASELINE PD GAINS,"PRELIMINARY - NUMERICAL HIP-REDUCTION SUCCESSOR ONLY - NOT APPROVED FOR CONNECTION, POWERED TESTING, MOTION, WALKING, OR ENERGIZATION"
WS-L01,3.460,DOUBLE,L+R,0.411090,0.185578,335.142744,72.694260,NONE,0.000054478,99.871204,8.935480,50 HZ CONTACT-ENABLED INVERSE FEEDFORWARD + FROZEN BASELINE PD GAINS,"PRELIMINARY - NUMERICAL HIP-REDUCTION SUCCESSOR ONLY - NOT APPROVED FOR CONNECTION, POWERED TESTING, MOTION, WALKING, OR ENERGIZATION"
WS-L01,3.480,DOUBLE,L+R,0.415411,0.189080,332.049696,75.270286,NONE,0.000051133,99.810237,8.853683,50 HZ CONTACT-ENABLED INVERSE FEEDFORWARD + FROZEN BASELINE PD GAINS,"PRELIMINARY - NUMERICAL HIP-REDUCTION SUCCESSOR ONLY - NOT APPROVED FOR CONNECTION, POWERED TESTING, MOTION, WALKING, OR ENERGIZATION"
WS-L01,3.500,DOUBLE,L+R,0.419526,0.192590,328.886006,77.890765,NONE,0.000047807,99.749244,8.770092,50 HZ CONTACT-ENABLED INVERSE FEEDFORWARD + FROZEN BASELINE PD GAINS,"PRELIMINARY - NUMERICAL HIP-REDUCTION SUCCESSOR ONLY - NOT APPROVED FOR CONNECTION, POWERED TESTING, MOTION, WALKING, OR ENERGIZATION"
WS-L01,3.520,DOUBLE,L+R,0.423432,0.196104,325.655311,80.553387,NONE,0.000044497,99.688446,8.684779,50 HZ CONTACT-ENABLED INVERSE FEEDFORWARD + FROZEN BASELINE PD GAINS,"PRELIMINARY - NUMERICAL HIP-REDUCTION SUCCESSOR ONLY - NOT APPROVED FOR CONNECTION, POWERED TESTING, MOTION, WALKING, OR ENERGIZATION"
WS-L01,3.540,DOUBLE,L+R,0.427128,0.199719,322.359767,83.257921,NONE,0.000041204,99.627992,8.597786,50 HZ CONTACT-ENABLED INVERSE FEEDFORWARD + FROZEN BASELINE PD GAINS,"PRELIMINARY - NUMERICAL HIP-REDUCTION SUCCESSOR ONLY - NOT APPROVED FOR CONNECTION, POWERED TESTING, MOTION, WALKING, OR ENERGIZATION"
WS-L01,3.560,DOUBLE,L+R,0.430612,0.203610,319.002016,86.002462,NONE,0.000037928,99.568101,8.509169,50 HZ CONTACT-ENABLED INVERSE FEEDFORWARD + FROZEN BASELINE PD GAINS,"PRELIMINARY - NUMERICAL HIP-REDUCTION SUCCESSOR ONLY - NOT APPROVED FOR CONNECTION, POWERED TESTING, MOTION, WALKING, OR ENERGIZATION"
WS-L01,3.580,DOUBLE,L+R,0.433880,0.207504,315.584557,88.784697,NONE,0.000034672,99.508971,8.418970,50 HZ CONTACT-ENABLED INVERSE FEEDFORWARD + FROZEN BASELINE PD GAINS,"PRELIMINARY - NUMERICAL HIP-REDUCTION SUCCESSOR ONLY - NOT APPROVED FOR CONNECTION, POWERED TESTING, MOTION, WALKING, OR ENERGIZATION"
WS-L01,3.600,DOUBLE,L+R,0.436932,0.211401,312.110203,91.603157,NONE,0.000031442,99.450770,8.327250,50 HZ CONTACT-ENABLED INVERSE FEEDFORWARD + FROZEN BASELINE PD GAINS,"PRELIMINARY - NUMERICAL HIP-REDUCTION SUCCESSOR ONLY - NOT APPROVED FOR CONNECTION, POWERED TESTING, MOTION, WALKING, OR ENERGIZATION"
WS-L01,3.620,DOUBLE,L+R,0.439736,0.215344,308.839091,94.456036,NONE,0.000028236,99.379535,8.235474,50 HZ CONTACT-ENABLED INVERSE FEEDFORWARD + FROZEN BASELINE PD GAINS,"PRELIMINARY - NUMERICAL HIP-REDUCTION SUCCESSOR ONLY - NOT APPROVED FOR CONNECTION, POWERED TESTING, MOTION, WALKING, OR ENERGIZATION"
WS-L01,3.640,DOUBLE,L+R,0.442324,0.219277,305.544485,97.343242,NONE,0.000025053,99.304106,8.141651,50 HZ CONTACT-ENABLED INVERSE FEEDFORWARD + FROZEN BASELINE PD GAINS,"PRELIMINARY - NUMERICAL HIP-REDUCTION SUCCESSOR ONLY - NOT APPROVED FOR CONNECTION, POWERED TESTING, MOTION, WALKING, OR ENERGIZATION"
WS-L01,3.660,DOUBLE,L+R,0.444705,0.223167,302.208165,100.260172,NONE,0.000021900,99.230778,8.046353,50 HZ CONTACT-ENABLED INVERSE FEEDFORWARD + FROZEN BASELINE PD GAINS,"PRELIMINARY - NUMERICAL HIP-REDUCTION SUCCESSOR ONLY - NOT APPROVED FOR CONNECTION, POWERED TESTING, MOTION, WALKING, OR ENERGIZATION"
WS-L01,3.680,DOUBLE,L+R,0.446910,0.227061,298.897044,103.208149,NONE,0.000018782,99.155074,7.948695,50 HZ CONTACT-ENABLED INVERSE FEEDFORWARD + FROZEN BASELINE PD GAINS,"PRELIMINARY - NUMERICAL HIP-REDUCTION SUCCESSOR ONLY - NOT APPROVED FOR CONNECTION, POWERED TESTING, MOTION, WALKING, OR ENERGIZATION"
WS-L01,3.700,DOUBLE,L+R,0.448985,0.230946,295.560280,106.182332,NONE,0.000015698,99.079958,7.849382,50 HZ CONTACT-ENABLED INVERSE FEEDFORWARD + FROZEN BASELINE PD GAINS,"PRELIMINARY - NUMERICAL HIP-REDUCTION SUCCESSOR ONLY - NOT APPROVED FOR CONNECTION, POWERED TESTING, MOTION, WALKING, OR ENERGIZATION"
WS-L01,3.720,DOUBLE,L+R,0.450955,0.234829,292.228846,109.181721,NONE,0.000012656,99.003101,7.748556,50 HZ CONTACT-ENABLED INVERSE FEEDFORWARD + FROZEN BASELINE PD GAINS,"PRELIMINARY - NUMERICAL HIP-REDUCTION SUCCESSOR ONLY - NOT APPROVED FOR CONNECTION, POWERED TESTING, MOTION, WALKING, OR ENERGIZATION"
WS-L01,3.740,DOUBLE,L+R,0.452844,0.238699,288.869169,112.201187,NONE,0.000009659,98.927657,7.646345,50 HZ CONTACT-ENABLED INVERSE FEEDFORWARD + FROZEN BASELINE PD GAINS,"PRELIMINARY - NUMERICAL HIP-REDUCTION SUCCESSOR ONLY - NOT APPROVED FOR CONNECTION, POWERED TESTING, MOTION, WALKING, OR ENERGIZATION"
WS-L01,3.760,DOUBLE,L+R,0.454655,0.242556,285.484046,115.239006,NONE,0.000006717,98.854268,7.543041,50 HZ CONTACT-ENABLED INVERSE FEEDFORWARD + FROZEN BASELINE PD GAINS,"PRELIMINARY - NUMERICAL HIP-REDUCTION SUCCESSOR ONLY - NOT APPROVED FOR CONNECTION, POWERED TESTING, MOTION, WALKING, OR ENERGIZATION"
WS-L01,3.780,DOUBLE,L+R,0.456385,0.246405,282.079557,118.291994,NONE,0.000003834,98.783052,7.438777,50 HZ CONTACT-ENABLED INVERSE FEEDFORWARD + FROZEN BASELINE PD GAINS,"PRELIMINARY - NUMERICAL HIP-REDUCTION SUCCESSOR ONLY - NOT APPROVED FOR CONNECTION, POWERED TESTING, MOTION, WALKING, OR ENERGIZATION"
WS-L01,3.800,DOUBLE,L+R,0.458031,0.250243,278.661594,121.357844,NONE,0.000001014,98.714059,7.333678,50 HZ CONTACT-ENABLED INVERSE FEEDFORWARD + FROZEN BASELINE PD GAINS,"PRELIMINARY - NUMERICAL HIP-REDUCTION SUCCESSOR ONLY - NOT APPROVED FOR CONNECTION, POWERED TESTING, MOTION, WALKING, OR ENERGIZATION"
WS-L01,3.820,DOUBLE,L+R,0.459591,0.254071,275.233089,124.434288,NONE,-0.000001739,98.647462,7.227905,50 HZ CONTACT-ENABLED INVERSE FEEDFORWARD + FROZEN BASELINE PD GAINS,"PRELIMINARY - NUMERICAL HIP-REDUCTION SUCCESSOR ONLY - NOT APPROVED FOR CONNECTION, POWERED TESTING, MOTION, WALKING, OR ENERGIZATION"
WS-L01,3.840,DOUBLE,L+R,0.461064,0.257884,271.798814,127.518849,NONE,-0.000004423,98.583318,7.121569,50 HZ CONTACT-ENABLED INVERSE FEEDFORWARD + FROZEN BASELINE PD GAINS,"PRELIMINARY - NUMERICAL HIP-REDUCTION SUCCESSOR ONLY - NOT APPROVED FOR CONNECTION, POWERED TESTING, MOTION, WALKING, OR ENERGIZATION"
WS-L01,3.860,DOUBLE,L+R,0.462446,0.261681,268.362268,130.609230,NONE,-0.000007034,98.521681,7.014850,50 HZ CONTACT-ENABLED INVERSE FEEDFORWARD + FROZEN BASELINE PD GAINS,"PRELIMINARY - NUMERICAL HIP-REDUCTION SUCCESSOR ONLY - NOT APPROVED FOR CONNECTION, POWERED TESTING, MOTION, WALKING, OR ENERGIZATION"
WS-L01,3.880,DOUBLE,L+R,0.463737,0.265460,264.927895,133.702764,NONE,-0.000009567,98.462587,6.907897,50 HZ CONTACT-ENABLED INVERSE FEEDFORWARD + FROZEN BASELINE PD GAINS,"PRELIMINARY - NUMERICAL HIP-REDUCTION SUCCESSOR ONLY - NOT APPROVED FOR CONNECTION, POWERED TESTING, MOTION, WALKING, OR ENERGIZATION"
WS-L01,3.900,DOUBLE,L+R,0.464935,0.269218,261.499523,136.796009,NONE,-0.000012020,98.406130,6.800850,50 HZ CONTACT-ENABLED INVERSE FEEDFORWARD + FROZEN BASELINE PD GAINS,"PRELIMINARY - NUMERICAL HIP-REDUCTION SUCCESSOR ONLY - NOT APPROVED FOR CONNECTION, POWERED TESTING, MOTION, WALKING, OR ENERGIZATION"
WS-L01,3.920,DOUBLE,L+R,0.466040,0.272955,258.080571,139.887748,NONE,-0.000014389,98.352337,6.693862,50 HZ CONTACT-ENABLED INVERSE FEEDFORWARD + FROZEN BASELINE PD GAINS,"PRELIMINARY - NUMERICAL HIP-REDUCTION SUCCESSOR ONLY - NOT APPROVED FOR CONNECTION, POWERED TESTING, MOTION, WALKING, OR ENERGIZATION"
WS-L01,3.940,DOUBLE,L+R,0.467051,0.276670,254.675235,142.973499,NONE,-0.000016676,98.301291,6.587056,50 HZ CONTACT-ENABLED INVERSE FEEDFORWARD + FROZEN BASELINE PD GAINS,"PRELIMINARY - NUMERICAL HIP-REDUCTION SUCCESSOR ONLY - NOT APPROVED FOR CONNECTION, POWERED TESTING, MOTION, WALKING, OR ENERGIZATION"
WS-L01,3.960,DOUBLE,L+R,0.467968,0.280359,251.287648,146.052115,NONE,-0.000018879,98.252965,6.480583,50 HZ CONTACT-ENABLED INVERSE FEEDFORWARD + FROZEN BASELINE PD GAINS,"PRELIMINARY - NUMERICAL HIP-REDUCTION SUCCESSOR ONLY - NOT APPROVED FOR CONNECTION, POWERED TESTING, MOTION, WALKING, OR ENERGIZATION"
WS-L01,3.980,DOUBLE,L+R,0.468791,0.284023,247.920972,149.119584,NONE,-0.000021000,98.207467,6.374607,50 HZ CONTACT-ENABLED INVERSE FEEDFORWARD + FROZEN BASELINE PD GAINS,"PRELIMINARY - NUMERICAL HIP-REDUCTION SUCCESSOR ONLY - NOT APPROVED FOR CONNECTION, POWERED TESTING, MOTION, WALKING, OR ENERGIZATION"
WS-L01,4.000,DOUBLE,L+R,0.469521,0.287659,244.579781,152.173124,NONE,-0.000023039,98.164738,6.269240,50 HZ CONTACT-ENABLED INVERSE FEEDFORWARD + FROZEN BASELINE PD GAINS,"PRELIMINARY - NUMERICAL HIP-REDUCTION SUCCESSOR ONLY - NOT APPROVED FOR CONNECTION, POWERED TESTING, MOTION, WALKING, OR ENERGIZATION"
WS-L01,4.020,DOUBLE,L+R,0.470156,0.291266,241.267342,155.210033,NONE,-0.000024995,98.124811,6.164640,50 HZ CONTACT-ENABLED INVERSE FEEDFORWARD + FROZEN BASELINE PD GAINS,"PRELIMINARY - NUMERICAL HIP-REDUCTION SUCCESSOR ONLY - NOT APPROVED FOR CONNECTION, POWERED TESTING, MOTION, WALKING, OR ENERGIZATION"
WS-L01,4.040,DOUBLE,L+R,0.470700,0.294844,237.986314,158.229263,NONE,-0.000026871,98.087655,6.060953,50 HZ CONTACT-ENABLED INVERSE FEEDFORWARD + FROZEN BASELINE PD GAINS,"PRELIMINARY - NUMERICAL HIP-REDUCTION SUCCESSOR ONLY - NOT APPROVED FOR CONNECTION, POWERED TESTING, MOTION, WALKING, OR ENERGIZATION"
WS-L01,4.060,DOUBLE,L+R,0.471152,0.298390,234.741300,161.225436,NONE,-0.000028668,98.053276,5.958292,50 HZ CONTACT-ENABLED INVERSE FEEDFORWARD + FROZEN BASELINE PD GAINS,"PRELIMINARY - NUMERICAL HIP-REDUCTION SUCCESSOR ONLY - NOT APPROVED FOR CONNECTION, POWERED TESTING, MOTION, WALKING, OR ENERGIZATION"
WS-L01,4.080,DOUBLE,L+R,0.471513,0.301902,231.535367,164.197124,NONE,-0.000030386,98.021602,5.856796,50 HZ CONTACT-ENABLED INVERSE FEEDFORWARD + FROZEN BASELINE PD GAINS,"PRELIMINARY - NUMERICAL HIP-REDUCTION SUCCESSOR ONLY - NOT APPROVED FOR CONNECTION, POWERED TESTING, MOTION, WALKING, OR ENERGIZATION"
WS-L01,4.100,DOUBLE,L+R,0.471786,0.305381,228.370903,167.142343,NONE,-0.000032027,97.992618,5.756600,50 HZ CONTACT-ENABLED INVERSE FEEDFORWARD + FROZEN BASELINE PD GAINS,"PRELIMINARY - NUMERICAL HIP-REDUCTION SUCCESSOR ONLY - NOT APPROVED FOR CONNECTION, POWERED TESTING, MOTION, WALKING, OR ENERGIZATION"
WS-L01,4.120,DOUBLE,L+R,0.471972,0.308825,225.251707,170.058035,NONE,-0.000033592,97.966260,5.657808,50 HZ CONTACT-ENABLED INVERSE FEEDFORWARD + FROZEN BASELINE PD GAINS,"PRELIMINARY - NUMERICAL HIP-REDUCTION SUCCESSOR ONLY - NOT APPROVED FOR CONNECTION, POWERED TESTING, MOTION, WALKING, OR ENERGIZATION"
WS-L01,4.140,DOUBLE,L+R,0.472072,0.312233,222.180370,172.942526,NONE,-0.000035083,97.942474,5.560560,50 HZ CONTACT-ENABLED INVERSE FEEDFORWARD + FROZEN BASELINE PD GAINS,"PRELIMINARY - NUMERICAL HIP-REDUCTION SUCCESSOR ONLY - NOT APPROVED FOR CONNECTION, POWERED TESTING, MOTION, WALKING, OR ENERGIZATION"
WS-L01,4.160,DOUBLE,L+R,0.472089,0.315602,219.159480,175.792883,NONE,-0.000036501,97.921166,5.464957,50 HZ CONTACT-ENABLED INVERSE FEEDFORWARD + FROZEN BASELINE PD GAINS,"PRELIMINARY - NUMERICAL HIP-REDUCTION SUCCESSOR ONLY - NOT APPROVED FOR CONNECTION, POWERED TESTING, MOTION, WALKING, OR ENERGIZATION"
WS-L01,4.180,DOUBLE,L+R,0.472026,0.318933,216.191491,178.607911,NONE,-0.000037846,97.902227,5.371105,50 HZ CONTACT-ENABLED INVERSE FEEDFORWARD + FROZEN BASELINE PD GAINS,"PRELIMINARY - NUMERICAL HIP-REDUCTION SUCCESSOR ONLY - NOT APPROVED FOR CONNECTION, POWERED TESTING, MOTION, WALKING, OR ENERGIZATION"
WS-L01,4.200,DOUBLE,L+R,0.471884,0.322224,213.278262,181.386026,NONE,-0.000039121,97.885600,5.279104,50 HZ CONTACT-ENABLED INVERSE FEEDFORWARD + FROZEN BASELINE PD GAINS,"PRELIMINARY - NUMERICAL HIP-REDUCTION SUCCESSOR ONLY - NOT APPROVED FOR CONNECTION, POWERED TESTING, MOTION, WALKING, OR ENERGIZATION"
WS-L01,4.220,DOUBLE,L+R,0.471666,0.325474,210.423039,184.123574,NONE,-0.000040329,97.871200,5.189028,50 HZ CONTACT-ENABLED INVERSE FEEDFORWARD + FROZEN BASELINE PD GAINS,"PRELIMINARY - NUMERICAL HIP-REDUCTION SUCCESSOR ONLY - NOT APPROVED FOR CONNECTION, POWERED TESTING, MOTION, WALKING, OR ENERGIZATION"
WS-L01,4.240,DOUBLE,L+R,0.471375,0.328681,207.627542,186.819033,NONE,-0.000041469,97.858934,5.100972,50 HZ CONTACT-ENABLED INVERSE FEEDFORWARD + FROZEN BASELINE PD GAINS,"PRELIMINARY - NUMERICAL HIP-REDUCTION SUCCESSOR ONLY - NOT APPROVED FOR CONNECTION, POWERED TESTING, MOTION, WALKING, OR ENERGIZATION"
WS-L01,4.260,DOUBLE,L+R,0.471014,0.331845,204.892923,189.471355,NONE,-0.000042543,97.848706,5.015018,50 HZ CONTACT-ENABLED INVERSE FEEDFORWARD + FROZEN BASELINE PD GAINS,"PRELIMINARY - NUMERICAL HIP-REDUCTION SUCCESSOR ONLY - NOT APPROVED FOR CONNECTION, POWERED TESTING, MOTION, WALKING, OR ENERGIZATION"
WS-L01,4.280,DOUBLE,L+R,0.470586,0.334966,202.220927,192.078588,NONE,-0.000043554,97.840410,4.931217,50 HZ CONTACT-ENABLED INVERSE FEEDFORWARD + FROZEN BASELINE PD GAINS,"PRELIMINARY - NUMERICAL HIP-REDUCTION SUCCESSOR ONLY - NOT APPROVED FOR CONNECTION, POWERED TESTING, MOTION, WALKING, OR ENERGIZATION"
WS-L01,4.300,DOUBLE,L+R,0.470093,0.338041,199.613253,194.639351,NONE,-0.000044505,97.833933,4.849635,50 HZ CONTACT-ENABLED INVERSE FEEDFORWARD + FROZEN BASELINE PD GAINS,"PRELIMINARY - NUMERICAL HIP-REDUCTION SUCCESSOR ONLY - NOT APPROVED FOR CONNECTION, POWERED TESTING, MOTION, WALKING, OR ENERGIZATION"
WS-L01,4.320,DOUBLE,L+R,0.469540,0.341070,197.071129,197.150768,NONE,-0.000045397,97.829207,4.770326,50 HZ CONTACT-ENABLED INVERSE FEEDFORWARD + FROZEN BASELINE PD GAINS,"PRELIMINARY - NUMERICAL HIP-REDUCTION SUCCESSOR ONLY - NOT APPROVED FOR CONNECTION, POWERED TESTING, MOTION, WALKING, OR ENERGIZATION"
WS-L01,4.340,DOUBLE,L+R,0.468928,0.344052,194.595394,199.613167,NONE,-0.000046231,97.826070,4.693335,50 HZ CONTACT-ENABLED INVERSE FEEDFORWARD + FROZEN BASELINE PD GAINS,"PRELIMINARY - NUMERICAL HIP-REDUCTION SUCCESSOR ONLY - NOT APPROVED FOR CONNECTION, POWERED TESTING, MOTION, WALKING, OR ENERGIZATION"
WS-L01,4.360,DOUBLE,L+R,0.468263,0.346986,192.186922,202.024038,NONE,-0.000047008,97.824462,4.618695,50 HZ CONTACT-ENABLED INVERSE FEEDFORWARD + FROZEN BASELINE PD GAINS,"PRELIMINARY - NUMERICAL HIP-REDUCTION SUCCESSOR ONLY - NOT APPROVED FOR CONNECTION, POWERED TESTING, MOTION, WALKING, OR ENERGIZATION"
WS-L01,4.380,DOUBLE,L+R,0.467546,0.349870,189.847295,204.382781,NONE,-0.000047731,97.824225,4.546425,50 HZ CONTACT-ENABLED INVERSE FEEDFORWARD + FROZEN BASELINE PD GAINS,"PRELIMINARY - NUMERICAL HIP-REDUCTION SUCCESSOR ONLY - NOT APPROVED FOR CONNECTION, POWERED TESTING, MOTION, WALKING, OR ENERGIZATION"
WS-L01,4.400,DOUBLE,L+R,0.466782,0.352706,187.575811,206.688871,NONE,-0.000048400,97.825306,4.476581,50 HZ CONTACT-ENABLED INVERSE FEEDFORWARD + FROZEN BASELINE PD GAINS,"PRELIMINARY - NUMERICAL HIP-REDUCTION SUCCESSOR ONLY - NOT APPROVED FOR CONNECTION, POWERED TESTING, MOTION, WALKING, OR ENERGIZATION"
WS-L01,4.420,DOUBLE,L+R,0.465973,0.355491,185.372954,208.940840,NONE,-0.000049019,97.827575,4.409137,50 HZ CONTACT-ENABLED INVERSE FEEDFORWARD + FROZEN BASELINE PD GAINS,"PRELIMINARY - NUMERICAL HIP-REDUCTION SUCCESSOR ONLY - NOT APPROVED FOR CONNECTION, POWERED TESTING, MOTION, WALKING, OR ENERGIZATION"
WS-L01,4.440,DOUBLE,L+R,0.465124,0.358224,183.240247,211.138036,NONE,-0.000049589,97.830891,4.344109,50 HZ CONTACT-ENABLED INVERSE FEEDFORWARD + FROZEN BASELINE PD GAINS,"PRELIMINARY - NUMERICAL HIP-REDUCTION SUCCESSOR ONLY - NOT APPROVED FOR CONNECTION, POWERED TESTING, MOTION, WALKING, OR ENERGIZATION"
WS-L01,4.460,DOUBLE,L+R,0.464237,0.360905,181.177165,213.279077,NONE,-0.000050110,97.835219,4.281511,50 HZ CONTACT-ENABLED INVERSE FEEDFORWARD + FROZEN BASELINE PD GAINS,"PRELIMINARY - NUMERICAL HIP-REDUCTION SUCCESSOR ONLY - NOT APPROVED FOR CONNECTION, POWERED TESTING, MOTION, WALKING, OR ENERGIZATION"
WS-L01,4.480,DOUBLE,L+R,0.463317,0.363534,179.183277,215.364926,NONE,-0.000050583,97.840411,4.221331,50 HZ CONTACT-ENABLED INVERSE FEEDFORWARD + FROZEN BASELINE PD GAINS,"PRELIMINARY - NUMERICAL HIP-REDUCTION SUCCESSOR ONLY - NOT APPROVED FOR CONNECTION, POWERED TESTING, MOTION, WALKING, OR ENERGIZATION"
WS-L01,4.500,DOUBLE,L+R,0.462366,0.366110,177.258602,217.394223,NONE,-0.000051012,97.846395,4.163552,50 HZ CONTACT-ENABLED INVERSE FEEDFORWARD + FROZEN BASELINE PD GAINS,"PRELIMINARY - NUMERICAL HIP-REDUCTION SUCCESSOR ONLY - NOT APPROVED FOR CONNECTION, POWERED TESTING, MOTION, WALKING, OR ENERGIZATION"
WS-L01,4.520,DOUBLE,L+R,0.461387,0.368631,175.403595,219.366107,NONE,-0.000051397,97.853063,4.108146,50 HZ CONTACT-ENABLED INVERSE FEEDFORWARD + FROZEN BASELINE PD GAINS,"PRELIMINARY - NUMERICAL HIP-REDUCTION SUCCESSOR ONLY - NOT APPROVED FOR CONNECTION, POWERED TESTING, MOTION, WALKING, OR ENERGIZATION"
WS-L01,4.540,DOUBLE,L+R,0.460385,0.371098,173.617030,221.281148,NONE,-0.000051739,97.860341,4.055106,50 HZ CONTACT-ENABLED INVERSE FEEDFORWARD + FROZEN BASELINE PD GAINS,"PRELIMINARY - NUMERICAL HIP-REDUCTION SUCCESSOR ONLY - NOT APPROVED FOR CONNECTION, POWERED TESTING, MOTION, WALKING, OR ENERGIZATION"
WS-L01,4.560,DOUBLE,L+R,0.459362,0.373510,171.898911,223.138754,NONE,-0.000052039,97.868130,4.004385,50 HZ CONTACT-ENABLED INVERSE FEEDFORWARD + FROZEN BASELINE PD GAINS,"PRELIMINARY - NUMERICAL HIP-REDUCTION SUCCESSOR ONLY - NOT APPROVED FOR CONNECTION, POWERED TESTING, MOTION, WALKING, OR ENERGIZATION"
WS-L01,4.580,DOUBLE,L+R,0.458322,0.375866,170.248560,224.939319,NONE,-0.000052298,97.876354,3.955952,50 HZ CONTACT-ENABLED INVERSE FEEDFORWARD + FROZEN BASELINE PD GAINS,"PRELIMINARY - NUMERICAL HIP-REDUCTION SUCCESSOR ONLY - NOT APPROVED FOR CONNECTION, POWERED TESTING, MOTION, WALKING, OR ENERGIZATION"
WS-L01,4.600,DOUBLE,L+R,0.457268,0.378167,168.665617,226.682280,NONE,-0.000052518,97.884940,3.909767,50 HZ CONTACT-ENABLED INVERSE FEEDFORWARD + FROZEN BASELINE PD GAINS,"PRELIMINARY - NUMERICAL HIP-REDUCTION SUCCESSOR ONLY - NOT APPROVED FOR CONNECTION, POWERED TESTING, MOTION, WALKING, OR ENERGIZATION"
WS-L01,4.620,DOUBLE,L+R,0.456202,0.380410,167.149049,228.367701,NONE,-0.000052700,97.893827,3.865787,50 HZ CONTACT-ENABLED INVERSE FEEDFORWARD + FROZEN BASELINE PD GAINS,"PRELIMINARY - NUMERICAL HIP-REDUCTION SUCCESSOR ONLY - NOT APPROVED FOR CONNECTION, POWERED TESTING, MOTION, WALKING, OR ENERGIZATION"
WS-L01,4.640,DOUBLE,L+R,0.455128,0.382598,165.697581,229.997233,NONE,-0.000052844,97.902917,3.823963,50 HZ CONTACT-ENABLED INVERSE FEEDFORWARD + FROZEN BASELINE PD GAINS,"PRELIMINARY - NUMERICAL HIP-REDUCTION SUCCESSOR ONLY - NOT APPROVED FOR CONNECTION, POWERED TESTING, MOTION, WALKING, OR ENERGIZATION"
WS-L01,4.660,DOUBLE,L+R,0.454048,0.384728,164.311284,231.568632,NONE,-0.000052952,97.912186,3.784236,50 HZ CONTACT-ENABLED INVERSE FEEDFORWARD + FROZEN BASELINE PD GAINS,"PRELIMINARY - NUMERICAL HIP-REDUCTION SUCCESSOR ONLY - NOT APPROVED FOR CONNECTION, POWERED TESTING, MOTION, WALKING, OR ENERGIZATION"
WS-L01,4.680,DOUBLE,L+R,0.459262,0.386801,162.989140,233.083749,NONE,-0.000053025,97.921533,3.746559,50 HZ CONTACT-ENABLED INVERSE FEEDFORWARD + FROZEN BASELINE PD GAINS,"PRELIMINARY - NUMERICAL HIP-REDUCTION SUCCESSOR ONLY - NOT APPROVED FOR CONNECTION, POWERED TESTING, MOTION, WALKING, OR ENERGIZATION"
WS-L01,4.700,DOUBLE,L+R,0.464744,0.388816,161.729196,234.542947,NONE,-0.000053062,97.930950,3.710877,50 HZ CONTACT-ENABLED INVERSE FEEDFORWARD + FROZEN BASELINE PD GAINS,"PRELIMINARY - NUMERICAL HIP-REDUCTION SUCCESSOR ONLY - NOT APPROVED FOR CONNECTION, POWERED TESTING, MOTION, WALKING, OR ENERGIZATION"
WS-L01,4.720,DOUBLE,L+R,0.470170,0.390773,160.531410,235.946534,NONE,-0.000053166,97.940338,3.677117,50 HZ CONTACT-ENABLED INVERSE FEEDFORWARD + FROZEN BASELINE PD GAINS,"PRELIMINARY - NUMERICAL HIP-REDUCTION SUCCESSOR ONLY - NOT APPROVED FOR CONNECTION, POWERED TESTING, MOTION, WALKING, OR ENERGIZATION"
WS-L01,4.740,DOUBLE,L+R,0.475537,0.392673,159.394315,237.294882,NONE,-0.000054375,97.949692,3.645235,50 HZ CONTACT-ENABLED INVERSE FEEDFORWARD + FROZEN BASELINE PD GAINS,"PRELIMINARY - NUMERICAL HIP-REDUCTION SUCCESSOR ONLY - NOT APPROVED FOR CONNECTION, POWERED TESTING, MOTION, WALKING, OR ENERGIZATION"
WS-L01,4.760,DOUBLE,L+R,0.480841,0.394514,158.316994,238.587904,NONE,-0.000055558,97.958957,3.615163,50 HZ CONTACT-ENABLED INVERSE FEEDFORWARD + FROZEN BASELINE PD GAINS,"PRELIMINARY - NUMERICAL HIP-REDUCTION SUCCESSOR ONLY - NOT APPROVED FOR CONNECTION, POWERED TESTING, MOTION, WALKING, OR ENERGIZATION"
WS-L01,4.780,DOUBLE,L+R,0.486078,0.396298,157.298104,239.826747,NONE,-0.000056713,97.968090,3.586832,50 HZ CONTACT-ENABLED INVERSE FEEDFORWARD + FROZEN BASELINE PD GAINS,"PRELIMINARY - NUMERICAL HIP-REDUCTION SUCCESSOR ONLY - NOT APPROVED FOR CONNECTION, POWERED TESTING, MOTION, WALKING, OR ENERGIZATION"
WS-L01,4.800,DOUBLE,L+R,0.491247,0.398024,156.336176,241.012832,NONE,-0.000057841,97.977047,3.560191,50 HZ CONTACT-ENABLED INVERSE FEEDFORWARD + FROZEN BASELINE PD GAINS,"PRELIMINARY - NUMERICAL HIP-REDUCTION SUCCESSOR ONLY - NOT APPROVED FOR CONNECTION, POWERED TESTING, MOTION, WALKING, OR ENERGIZATION"
WS-L01,4.820,DOUBLE,L+R,0.496345,0.399691,155.430606,242.145016,NONE,-0.000058943,97.985830,3.535160,50 HZ CONTACT-ENABLED INVERSE FEEDFORWARD + FROZEN BASELINE PD GAINS,"PRELIMINARY - NUMERICAL HIP-REDUCTION SUCCESSOR ONLY - NOT APPROVED FOR CONNECTION, POWERED TESTING, MOTION, WALKING, OR ENERGIZATION"
WS-L01,4.840,DOUBLE,L+R,0.501368,0.401301,154.580133,243.225846,NONE,-0.000060018,97.994362,3.511688,50 HZ CONTACT-ENABLED INVERSE FEEDFORWARD + FROZEN BASELINE PD GAINS,"PRELIMINARY - NUMERICAL HIP-REDUCTION SUCCESSOR ONLY - NOT APPROVED FOR CONNECTION, POWERED TESTING, MOTION, WALKING, OR ENERGIZATION"
WS-L01,4.860,DOUBLE,L+R,0.506314,0.402853,153.782760,244.254661,NONE,-0.000061066,98.002690,3.489713,50 HZ CONTACT-ENABLED INVERSE FEEDFORWARD + FROZEN BASELINE PD GAINS,"PRELIMINARY - NUMERICAL HIP-REDUCTION SUCCESSOR ONLY - NOT APPROVED FOR CONNECTION, POWERED TESTING, MOTION, WALKING, OR ENERGIZATION"
WS-L01,4.880,DOUBLE,L+R,0.511182,0.404348,153.038313,245.233017,NONE,-0.000062087,98.010710,3.469159,50 HZ CONTACT-ENABLED INVERSE FEEDFORWARD + FROZEN BASELINE PD GAINS,"PRELIMINARY - NUMERICAL HIP-REDUCTION SUCCESSOR ONLY - NOT APPROVED FOR CONNECTION, POWERED TESTING, MOTION, WALKING, OR ENERGIZATION"
WS-L01,4.900,DOUBLE,L+R,0.515968,0.405785,152.345044,246.160775,NONE,-0.000063080,98.018474,3.449982,50 HZ CONTACT-ENABLED INVERSE FEEDFORWARD + FROZEN BASELINE PD GAINS,"PRELIMINARY - NUMERICAL HIP-REDUCTION SUCCESSOR ONLY - NOT APPROVED FOR CONNECTION, POWERED TESTING, MOTION, WALKING, OR ENERGIZATION"
WS-L01,4.920,DOUBLE,L+R,0.520672,0.407166,151.701016,247.040520,NONE,-0.000064046,98.025922,3.432115,50 HZ CONTACT-ENABLED INVERSE FEEDFORWARD + FROZEN BASELINE PD GAINS,"PRELIMINARY - NUMERICAL HIP-REDUCTION SUCCESSOR ONLY - NOT APPROVED FOR CONNECTION, POWERED TESTING, MOTION, WALKING, OR ENERGIZATION"
WS-L01,4.940,DOUBLE,L+R,0.525291,0.408491,151.106010,247.870839,NONE,-0.000064984,98.033066,3.415495,50 HZ CONTACT-ENABLED INVERSE FEEDFORWARD + FROZEN BASELINE PD GAINS,"PRELIMINARY - NUMERICAL HIP-REDUCTION SUCCESSOR ONLY - NOT APPROVED FOR CONNECTION, POWERED TESTING, MOTION, WALKING, OR ENERGIZATION"
WS-L01,4.960,DOUBLE,L+R,0.529824,0.409759,150.558296,248.653789,NONE,-0.000065892,98.039882,3.400062,50 HZ CONTACT-ENABLED INVERSE FEEDFORWARD + FROZEN BASELINE PD GAINS,"PRELIMINARY - NUMERICAL HIP-REDUCTION SUCCESSOR ONLY - NOT APPROVED FOR CONNECTION, POWERED TESTING, MOTION, WALKING, OR ENERGIZATION"
WS-L01,4.980,DOUBLE,L+R,0.534269,0.410972,150.056390,249.390882,NONE,-0.000066772,98.046353,3.385771,50 HZ CONTACT-ENABLED INVERSE FEEDFORWARD + FROZEN BASELINE PD GAINS,"PRELIMINARY - NUMERICAL HIP-REDUCTION SUCCESSOR ONLY - NOT APPROVED FOR CONNECTION, POWERED TESTING, MOTION, WALKING, OR ENERGIZATION"
WS-L01,5.000,DOUBLE,L+R,0.538947,0.412410,150.070759,250.225283,NONE,-0.000067628,108.045507,6.920790,50 HZ CONTACT-ENABLED INVERSE FEEDFORWARD + FROZEN BASELINE PD GAINS,"PRELIMINARY - NUMERICAL HIP-REDUCTION SUCCESSOR ONLY - NOT APPROVED FOR CONNECTION, POWERED TESTING, MOTION, WALKING, OR ENERGIZATION"
WS-L01,5.020,DOUBLE,L+R,0.542746,0.412983,146.714281,252.403886,NONE,-0.000062595,97.909603,3.284830,50 HZ CONTACT-ENABLED INVERSE FEEDFORWARD + FROZEN BASELINE PD GAINS,"PRELIMINARY - NUMERICAL HIP-REDUCTION SUCCESSOR ONLY - NOT APPROVED FOR CONNECTION, POWERED TESTING, MOTION, WALKING, OR ENERGIZATION"
WS-L01,5.040,DOUBLE,L+R,0.546740,0.413986,153.408720,250.793091,NONE,-0.000059732,99.521910,3.986215,50 HZ CONTACT-ENABLED INVERSE FEEDFORWARD + FROZEN BASELINE PD GAINS,"PRELIMINARY - NUMERICAL HIP-REDUCTION SUCCESSOR ONLY - NOT APPROVED FOR CONNECTION, POWERED TESTING, MOTION, WALKING, OR ENERGIZATION"
WS-L01,5.060,DOUBLE,L+R,0.550724,0.414896,153.933318,253.433728,NONE,-0.000058578,105.083771,5.993050,50 HZ CONTACT-ENABLED INVERSE FEEDFORWARD + FROZEN BASELINE PD GAINS,"PRELIMINARY - NUMERICAL HIP-REDUCTION SUCCESSOR ONLY - NOT APPROVED FOR CONNECTION, POWERED TESTING, MOTION, WALKING, OR ENERGIZATION"
WS-L01,5.080,DOUBLE,L+R,0.554648,0.416053,150.997766,251.234079,NONE,-0.000057577,107.624388,6.850172,50 HZ CONTACT-ENABLED INVERSE FEEDFORWARD + FROZEN BASELINE PD GAINS,"PRELIMINARY - NUMERICAL HIP-REDUCTION SUCCESSOR ONLY - NOT APPROVED FOR CONNECTION, POWERED TESTING, MOTION, WALKING, OR ENERGIZATION"
WS-L01,5.100,DOUBLE,L+R,0.558403,0.417128,151.711203,253.763618,NONE,-0.000055548,98.298507,3.131912,50 HZ CONTACT-ENABLED INVERSE FEEDFORWARD + FROZEN BASELINE PD GAINS,"PRELIMINARY - NUMERICAL HIP-REDUCTION SUCCESSOR ONLY - NOT APPROVED FOR CONNECTION, POWERED TESTING, MOTION, WALKING, OR ENERGIZATION"
WS-L01,5.120,DOUBLE,L+R,0.561980,0.418015,154.754375,253.856980,NONE,-0.000055321,107.447801,7.501818,50 HZ CONTACT-ENABLED INVERSE FEEDFORWARD + FROZEN BASELINE PD GAINS,"PRELIMINARY - NUMERICAL HIP-REDUCTION SUCCESSOR ONLY - NOT APPROVED FOR CONNECTION, POWERED TESTING, MOTION, WALKING, OR ENERGIZATION"
WS-L01,5.140,DOUBLE,L+R,0.565770,0.418974,145.999022,255.220457,NONE,-0.000054655,99.474136,3.478340,50 HZ CONTACT-ENABLED INVERSE FEEDFORWARD + FROZEN BASELINE PD GAINS,"PRELIMINARY - NUMERICAL HIP-REDUCTION SUCCESSOR ONLY - NOT APPROVED FOR CONNECTION, POWERED TESTING, MOTION, WALKING, OR ENERGIZATION"
WS-L01,5.160,DOUBLE,L+R,0.569059,0.419597,152.061218,251.722404,NONE,-0.000052845,107.397630,6.817836,50 HZ CONTACT-ENABLED INVERSE FEEDFORWARD + FROZEN BASELINE PD GAINS,"PRELIMINARY - NUMERICAL HIP-REDUCTION SUCCESSOR ONLY - NOT APPROVED FOR CONNECTION, POWERED TESTING, MOTION, WALKING, OR ENERGIZATION"
WS-L01,5.180,DOUBLE,L+R,0.572414,0.420060,152.295468,249.589469,NONE,-0.000051188,109.775908,7.031628,50 HZ CONTACT-ENABLED INVERSE FEEDFORWARD + FROZEN BASELINE PD GAINS,"PRELIMINARY - NUMERICAL HIP-REDUCTION SUCCESSOR ONLY - NOT APPROVED FOR CONNECTION, POWERED TESTING, MOTION, WALKING, OR ENERGIZATION"
WS-L01,5.200,DOUBLE,L+R,0.575328,0.420647,155.357518,249.545155,NONE,-0.000049770,100.730518,4.313958,50 HZ CONTACT-ENABLED INVERSE FEEDFORWARD + FROZEN BASELINE PD GAINS,"PRELIMINARY - NUMERICAL HIP-REDUCTION SUCCESSOR ONLY - NOT APPROVED FOR CONNECTION, POWERED TESTING, MOTION, WALKING, OR ENERGIZATION"
WS-L01,5.220,DOUBLE,L+R,0.578584,0.421390,155.611293,249.670652,NONE,-0.000049429,100.748532,4.324682,50 HZ CONTACT-ENABLED INVERSE FEEDFORWARD + FROZEN BASELINE PD GAINS,"PRELIMINARY - NUMERICAL HIP-REDUCTION SUCCESSOR ONLY - NOT APPROVED FOR CONNECTION, POWERED TESTING, MOTION, WALKING, OR ENERGIZATION"
WS-L01,5.240,DOUBLE,L+R,0.581709,0.421914,155.851564,249.840784,NONE,-0.000049690,100.764085,4.339323,50 HZ CONTACT-ENABLED INVERSE FEEDFORWARD + FROZEN BASELINE PD GAINS,"PRELIMINARY - NUMERICAL HIP-REDUCTION SUCCESSOR ONLY - NOT APPROVED FOR CONNECTION, POWERED TESTING, MOTION, WALKING, OR ENERGIZATION"
WS-L01,5.260,DOUBLE,L+R,0.584501,0.422219,156.347265,255.224727,NONE,-0.000047870,103.322759,4.530604,50 HZ CONTACT-ENABLED INVERSE FEEDFORWARD + FROZEN BASELINE PD GAINS,"PRELIMINARY - NUMERICAL HIP-REDUCTION SUCCESSOR ONLY - NOT APPROVED FOR CONNECTION, POWERED TESTING, MOTION, WALKING, OR ENERGIZATION"
WS-L01,5.280,DOUBLE,L+R,0.587892,0.422995,153.352392,256.625528,NONE,-0.000049314,99.659749,3.596824,50 HZ CONTACT-ENABLED INVERSE FEEDFORWARD + FROZEN BASELINE PD GAINS,"PRELIMINARY - NUMERICAL HIP-REDUCTION SUCCESSOR ONLY - NOT APPROVED FOR CONNECTION, POWERED TESTING, MOTION, WALKING, OR ENERGIZATION"
WS-L01,5.300,DOUBLE,L+R,0.590405,0.423401,156.616121,253.486183,NONE,-0.000047009,105.089529,6.719394,50 HZ CONTACT-ENABLED INVERSE FEEDFORWARD + FROZEN BASELINE PD GAINS,"PRELIMINARY - NUMERICAL HIP-REDUCTION SUCCESSOR ONLY - NOT APPROVED FOR CONNECTION, POWERED TESTING, MOTION, WALKING, OR ENERGIZATION"
WS-L01,5.320,DOUBLE,L+R,0.593051,0.423637,148.446940,253.428665,NONE,-0.000045051,110.093801,7.219068,50 HZ CONTACT-ENABLED INVERSE FEEDFORWARD + FROZEN BASELINE PD GAINS,"PRELIMINARY - NUMERICAL HIP-REDUCTION SUCCESSOR ONLY - NOT APPROVED FOR CONNECTION, POWERED TESTING, MOTION, WALKING, OR ENERGIZATION"
WS-L01,5.340,DOUBLE,L+R,0.595824,0.424089,158.465766,256.137322,NONE,-0.000047321,98.866446,1.869895,50 HZ CONTACT-ENABLED INVERSE FEEDFORWARD + FROZEN BASELINE PD GAINS,"PRELIMINARY - NUMERICAL HIP-REDUCTION SUCCESSOR ONLY - NOT APPROVED FOR CONNECTION, POWERED TESTING, MOTION, WALKING, OR ENERGIZATION"
WS-L01,5.360,DOUBLE,L+R,0.598213,0.424220,153.958871,254.502587,NONE,-0.000044089,115.027138,10.499910,50 HZ CONTACT-ENABLED INVERSE FEEDFORWARD + FROZEN BASELINE PD GAINS,"PRELIMINARY - NUMERICAL HIP-REDUCTION SUCCESSOR ONLY - NOT APPROVED FOR CONNECTION, POWERED TESTING, MOTION, WALKING, OR ENERGIZATION"
WS-L01,5.380,DOUBLE,L+R,0.600972,0.424923,154.326167,255.508681,NONE,-0.000044072,98.789722,3.673269,50 HZ CONTACT-ENABLED INVERSE FEEDFORWARD + FROZEN BASELINE PD GAINS,"PRELIMINARY - NUMERICAL HIP-REDUCTION SUCCESSOR ONLY - NOT APPROVED FOR CONNECTION, POWERED TESTING, MOTION, WALKING, OR ENERGIZATION"
WS-L01,5.400,DOUBLE,L+R,0.603395,0.425119,157.687402,255.317894,NONE,-0.000046985,99.054024,1.633141,50 HZ CONTACT-ENABLED INVERSE FEEDFORWARD + FROZEN BASELINE PD GAINS,"PRELIMINARY - NUMERICAL HIP-REDUCTION SUCCESSOR ONLY - NOT APPROVED FOR CONNECTION, POWERED TESTING, MOTION, WALKING, OR ENERGIZATION"
WS-L01,5.420,DOUBLE,L+R,0.605743,0.425444,155.952019,249.004350,NONE,-0.000043834,97.689607,4.009402,50 HZ CONTACT-ENABLED INVERSE FEEDFORWARD + FROZEN BASELINE PD GAINS,"PRELIMINARY - NUMERICAL HIP-REDUCTION SUCCESSOR ONLY - NOT APPROVED FOR CONNECTION, POWERED TESTING, MOTION, WALKING, OR ENERGIZATION"
WS-L01,5.440,DOUBLE,L+R,0.608004,0.425593,158.424029,254.029983,NONE,-0.000045041,104.514880,5.261733,50 HZ CONTACT-ENABLED INVERSE FEEDFORWARD + FROZEN BASELINE PD GAINS,"PRELIMINARY - NUMERICAL HIP-REDUCTION SUCCESSOR ONLY - NOT APPROVED FOR CONNECTION, POWERED TESTING, MOTION, WALKING, OR ENERGIZATION"
WS-L01,5.460,DOUBLE,L+R,0.609992,0.425611,158.389094,252.629941,NONE,-0.000045670,105.585579,5.469145,50 HZ CONTACT-ENABLED INVERSE FEEDFORWARD + FROZEN BASELINE PD GAINS,"PRELIMINARY - NUMERICAL HIP-REDUCTION SUCCESSOR ONLY - NOT APPROVED FOR CONNECTION, POWERED TESTING, MOTION, WALKING, OR ENERGIZATION"
WS-L01,5.480,DOUBLE,L+R,0.612152,0.425695,158.601257,253.105095,NONE,-0.000044664,98.947344,2.363452,50 HZ CONTACT-ENABLED INVERSE FEEDFORWARD + FROZEN BASELINE PD GAINS,"PRELIMINARY - NUMERICAL HIP-REDUCTION SUCCESSOR ONLY - NOT APPROVED FOR CONNECTION, POWERED TESTING, MOTION, WALKING, OR ENERGIZATION"
WS-L01,5.500,DOUBLE,L+R,0.614222,0.425860,158.481365,249.917719,NONE,-0.000043730,99.140565,2.809939,50 HZ CONTACT-ENABLED INVERSE FEEDFORWARD + FROZEN BASELINE PD GAINS,"PRELIMINARY - NUMERICAL HIP-REDUCTION SUCCESSOR ONLY - NOT APPROVED FOR CONNECTION, POWERED TESTING, MOTION, WALKING, OR ENERGIZATION"
WS-L01,5.520,DOUBLE,L+R,0.616314,0.426436,155.989727,252.489865,NONE,-0.000042541,115.206514,10.070889,50 HZ CONTACT-ENABLED INVERSE FEEDFORWARD + FROZEN BASELINE PD GAINS,"PRELIMINARY - NUMERICAL HIP-REDUCTION SUCCESSOR ONLY - NOT APPROVED FOR CONNECTION, POWERED TESTING, MOTION, WALKING, OR ENERGIZATION"
WS-L01,5.540,DOUBLE,L+R,0.618514,0.426454,156.157555,253.602119,NONE,-0.000045141,103.867861,5.611464,50 HZ CONTACT-ENABLED INVERSE FEEDFORWARD + FROZEN BASELINE PD GAINS,"PRELIMINARY - NUMERICAL HIP-REDUCTION SUCCESSOR ONLY - NOT APPROVED FOR CONNECTION, POWERED TESTING, MOTION, WALKING, OR ENERGIZATION"
WS-L01,5.560,DOUBLE,L+R,0.620061,0.426347,159.520661,254.429022,NONE,-0.000044253,98.915218,2.697746,50 HZ CONTACT-ENABLED INVERSE FEEDFORWARD + FROZEN BASELINE PD GAINS,"PRELIMINARY - NUMERICAL HIP-REDUCTION SUCCESSOR ONLY - NOT APPROVED FOR CONNECTION, POWERED TESTING, MOTION, WALKING, OR ENERGIZATION"
WS-L01,5.580,DOUBLE,L+R,0.621972,0.426623,158.116875,252.808946,NONE,-0.000041439,113.258349,10.108299,50 HZ CONTACT-ENABLED INVERSE FEEDFORWARD + FROZEN BASELINE PD GAINS,"PRELIMINARY - NUMERICAL HIP-REDUCTION SUCCESSOR ONLY - NOT APPROVED FOR CONNECTION, POWERED TESTING, MOTION, WALKING, OR ENERGIZATION"
WS-L01,5.600,R SINGLE,L+R,0.623739,0.426886,156.881027,251.371100,NONE,-0.000042235,114.590158,9.774710,50 HZ CONTACT-ENABLED INVERSE FEEDFORWARD + FROZEN BASELINE PD GAINS,"PRELIMINARY - NUMERICAL HIP-REDUCTION SUCCESSOR ONLY - NOT APPROVED FOR CONNECTION, POWERED TESTING, MOTION, WALKING, OR ENERGIZATION"
WS-L01,5.620,R SINGLE,L+R,0.625058,0.426413,160.062394,251.393346,NONE,-0.000040957,98.900145,3.472928,50 HZ CONTACT-ENABLED INVERSE FEEDFORWARD + FROZEN BASELINE PD GAINS,"PRELIMINARY - NUMERICAL HIP-REDUCTION SUCCESSOR ONLY - NOT APPROVED FOR CONNECTION, POWERED TESTING, MOTION, WALKING, OR ENERGIZATION"
WS-L01,5.640,R SINGLE,L+R,0.627267,0.427186,153.052325,253.250087,NONE,-0.000043527,100.196894,3.581465,50 HZ CONTACT-ENABLED INVERSE FEEDFORWARD + FROZEN BASELINE PD GAINS,"PRELIMINARY - NUMERICAL HIP-REDUCTION SUCCESSOR ONLY - NOT APPROVED FOR CONNECTION, POWERED TESTING, MOTION, WALKING, OR ENERGIZATION"
WS-L01,5.660,R SINGLE,L+R,0.628434,0.426687,157.738830,254.029628,NONE,-0.000042288,99.575539,3.603470,50 HZ CONTACT-ENABLED INVERSE FEEDFORWARD + FROZEN BASELINE PD GAINS,"PRELIMINARY - NUMERICAL HIP-REDUCTION SUCCESSOR ONLY - NOT APPROVED FOR CONNECTION, POWERED TESTING, MOTION, WALKING, OR ENERGIZATION"
WS-L01,5.680,R SINGLE,L+R,0.629459,0.426427,160.529175,252.258302,NONE,-0.000040063,98.347846,2.755185,50 HZ CONTACT-ENABLED INVERSE FEEDFORWARD + FROZEN BASELINE PD GAINS,"PRELIMINARY - NUMERICAL HIP-REDUCTION SUCCESSOR ONLY - NOT APPROVED FOR CONNECTION, POWERED TESTING, MOTION, WALKING, OR ENERGIZATION"
WS-L01,5.700,R SINGLE,L+R,0.630655,0.426470,160.876310,253.065791,NONE,-0.000040141,100.073526,3.638629,50 HZ CONTACT-ENABLED INVERSE FEEDFORWARD + FROZEN BASELINE PD GAINS,"PRELIMINARY - NUMERICAL HIP-REDUCTION SUCCESSOR ONLY - NOT APPROVED FOR CONNECTION, POWERED TESTING, MOTION, WALKING, OR ENERGIZATION"
WS-L01,5.720,R SINGLE,L+R,0.631603,0.426304,157.658082,251.318206,NONE,-0.000037729,113.822800,9.502350,50 HZ CONTACT-ENABLED INVERSE FEEDFORWARD + FROZEN BASELINE PD GAINS,"PRELIMINARY - NUMERICAL HIP-REDUCTION SUCCESSOR ONLY - NOT APPROVED FOR CONNECTION, POWERED TESTING, MOTION, WALKING, OR ENERGIZATION"
WS-L01,5.740,R SINGLE,L+R,0.633316,0.426920,152.598485,249.646896,NONE,-0.000039179,97.689229,3.866661,50 HZ CONTACT-ENABLED INVERSE FEEDFORWARD + FROZEN BASELINE PD GAINS,"PRELIMINARY - NUMERICAL HIP-REDUCTION SUCCESSOR ONLY - NOT APPROVED FOR CONNECTION, POWERED TESTING, MOTION, WALKING, OR ENERGIZATION"
WS-L01,5.760,R SINGLE,L+R,0.634048,0.426497,152.775281,249.776898,NONE,-0.000038563,109.099607,7.402450,50 HZ CONTACT-ENABLED INVERSE FEEDFORWARD + FROZEN BASELINE PD GAINS,"PRELIMINARY - NUMERICAL HIP-REDUCTION SUCCESSOR ONLY - NOT APPROVED FOR CONNECTION, POWERED TESTING, MOTION, WALKING, OR ENERGIZATION"
WS-L01,5.780,R SINGLE,L+R,0.635035,0.426678,151.399531,251.588129,NONE,-0.000037259,99.196085,3.557800,50 HZ CONTACT-ENABLED INVERSE FEEDFORWARD + FROZEN BASELINE PD GAINS,"PRELIMINARY - NUMERICAL HIP-REDUCTION SUCCESSOR ONLY - NOT APPROVED FOR CONNECTION, POWERED TESTING, MOTION, WALKING, OR ENERGIZATION"
WS-L01,5.800,R SINGLE,L+R,0.635909,0.426645,148.919452,248.815222,NONE,-0.000035457,97.520978,3.539144,50 HZ CONTACT-ENABLED INVERSE FEEDFORWARD + FROZEN BASELINE PD GAINS,"PRELIMINARY - NUMERICAL HIP-REDUCTION SUCCESSOR ONLY - NOT APPROVED FOR CONNECTION, POWERED TESTING, MOTION, WALKING, OR ENERGIZATION"
WS-L01,5.820,R SINGLE,L+R,0.636642,0.426645,145.949848,248.532694,NONE,-0.000035009,109.442606,7.635548,50 HZ CONTACT-ENABLED INVERSE FEEDFORWARD + FROZEN BASELINE PD GAINS,"PRELIMINARY - NUMERICAL HIP-REDUCTION SUCCESSOR ONLY - NOT APPROVED FOR CONNECTION, POWERED TESTING, MOTION, WALKING, OR ENERGIZATION"
WS-L01,5.840,R SINGLE,L+R,0.636923,0.426488,141.752640,250.096085,NONE,-0.000033830,98.996180,3.764299,50 HZ CONTACT-ENABLED INVERSE FEEDFORWARD + FROZEN BASELINE PD GAINS,"PRELIMINARY - NUMERICAL HIP-REDUCTION SUCCESSOR ONLY - NOT APPROVED FOR CONNECTION, POWERED TESTING, MOTION, WALKING, OR ENERGIZATION"
WS-L01,5.860,R SINGLE,L+R,0.637001,0.426625,136.538133,249.985326,NONE,-0.000036372,101.171387,5.203675,50 HZ CONTACT-ENABLED INVERSE FEEDFORWARD + FROZEN BASELINE PD GAINS,"PRELIMINARY - NUMERICAL HIP-REDUCTION SUCCESSOR ONLY - NOT APPROVED FOR CONNECTION, POWERED TESTING, MOTION, WALKING, OR ENERGIZATION"
WS-L01,5.880,R SINGLE,L+R,0.635952,0.426324,130.007552,248.150397,NONE,-0.000033923,100.236817,5.654512,50 HZ CONTACT-ENABLED INVERSE FEEDFORWARD + FROZEN BASELINE PD GAINS,"PRELIMINARY - NUMERICAL HIP-REDUCTION SUCCESSOR ONLY - NOT APPROVED FOR CONNECTION, POWERED TESTING, MOTION, WALKING, OR ENERGIZATION"
WS-L01,5.900,R SINGLE,L+R,0.633865,0.425994,121.878723,240.793444,NONE,-0.000029383,115.611577,8.898012,50 HZ CONTACT-ENABLED INVERSE FEEDFORWARD + FROZEN BASELINE PD GAINS,"PRELIMINARY - NUMERICAL HIP-REDUCTION SUCCESSOR ONLY - NOT APPROVED FOR CONNECTION, POWERED TESTING, MOTION, WALKING, OR ENERGIZATION"
WS-L01,5.920,R SINGLE,L+R,0.630801,0.425736,112.713413,243.744429,NONE,-0.000025761,95.784786,4.050612,50 HZ CONTACT-ENABLED INVERSE FEEDFORWARD + FROZEN BASELINE PD GAINS,"PRELIMINARY - NUMERICAL HIP-REDUCTION SUCCESSOR ONLY - NOT APPROVED FOR CONNECTION, POWERED TESTING, MOTION, WALKING, OR ENERGIZATION"
WS-L01,5.940,R SINGLE,L+R,0.626672,0.425689,102.122261,243.864485,NONE,-0.000024702,99.874413,6.216417,50 HZ CONTACT-ENABLED INVERSE FEEDFORWARD + FROZEN BASELINE PD GAINS,"PRELIMINARY - NUMERICAL HIP-REDUCTION SUCCESSOR ONLY - NOT APPROVED FOR CONNECTION, POWERED TESTING, MOTION, WALKING, OR ENERGIZATION"
WS-L01,5.960,R SINGLE,L+R,0.620488,0.425179,88.768264,235.664245,NONE,-0.000019346,116.542559,9.506050,50 HZ CONTACT-ENABLED INVERSE FEEDFORWARD + FROZEN BASELINE PD GAINS,"PRELIMINARY - NUMERICAL HIP-REDUCTION SUCCESSOR ONLY - NOT APPROVED FOR CONNECTION, POWERED TESTING, MOTION, WALKING, OR ENERGIZATION"
WS-L01,5.980,R SINGLE,L+R,0.645680,0.424721,73.956675,237.315901,NONE,-0.000013822,94.457253,4.459985,50 HZ CONTACT-ENABLED INVERSE FEEDFORWARD + FROZEN BASELINE PD GAINS,"PRELIMINARY - NUMERICAL HIP-REDUCTION SUCCESSOR ONLY - NOT APPROVED FOR CONNECTION, POWERED TESTING, MOTION, WALKING, OR ENERGIZATION"
WS-L01,6.000,R SINGLE,L+R,0.677040,0.424250,57.238786,234.140203,NONE,-0.000007144,111.534749,9.361138,50 HZ CONTACT-ENABLED INVERSE FEEDFORWARD + FROZEN BASELINE PD GAINS,"PRELIMINARY - NUMERICAL HIP-REDUCTION SUCCESSOR ONLY - NOT APPROVED FOR CONNECTION, POWERED TESTING, MOTION, WALKING, OR ENERGIZATION"
WS-L01,6.020,R SINGLE,L+R,0.711308,0.423811,38.910809,233.176192,NONE,0.000000547,97.751968,5.725871,50 HZ CONTACT-ENABLED INVERSE FEEDFORWARD + FROZEN BASELINE PD GAINS,"PRELIMINARY - NUMERICAL HIP-REDUCTION SUCCESSOR ONLY - NOT APPROVED FOR CONNECTION, POWERED TESTING, MOTION, WALKING, OR ENERGIZATION"
WS-L01,6.040,R SINGLE,L+R,0.745085,0.424151,29.932826,229.857607,NONE,0.000010075,99.759127,7.466758,50 HZ CONTACT-ENABLED INVERSE FEEDFORWARD + FROZEN BASELINE PD GAINS,"PRELIMINARY - NUMERICAL HIP-REDUCTION SUCCESSOR ONLY - NOT APPROVED FOR CONNECTION, POWERED TESTING, MOTION, WALKING, OR ENERGIZATION"
WS-L01,6.060,R SINGLE,L+R,0.769929,0.424578,22.345719,220.357903,NONE,0.000021783,117.251707,10.492445,50 HZ CONTACT-ENABLED INVERSE FEEDFORWARD + FROZEN BASELINE PD GAINS,"PRELIMINARY - NUMERICAL HIP-REDUCTION SUCCESSOR ONLY - NOT APPROVED FOR CONNECTION, POWERED TESTING, MOTION, WALKING, OR ENERGIZATION"
WS-L01,6.080,R SINGLE,L+R,0.721952,0.423694,18.258191,220.839006,NONE,0.000033528,94.062385,5.296709,50 HZ CONTACT-ENABLED INVERSE FEEDFORWARD + FROZEN BASELINE PD GAINS,"PRELIMINARY - NUMERICAL HIP-REDUCTION SUCCESSOR ONLY - NOT APPROVED FOR CONNECTION, POWERED TESTING, MOTION, WALKING, OR ENERGIZATION"
WS-L01,6.100,R SINGLE,L+R,0.578453,0.422986,14.302963,216.835625,NONE,0.000046500,108.689128,9.054454,50 HZ CONTACT-ENABLED INVERSE FEEDFORWARD + FROZEN BASELINE PD GAINS,"PRELIMINARY - NUMERICAL HIP-REDUCTION SUCCESSOR ONLY - NOT APPROVED FOR CONNECTION, POWERED TESTING, MOTION, WALKING, OR ENERGIZATION"
WS-L01,6.120,R SINGLE,L+R,0.520910,0.422338,10.966537,213.451868,NONE,0.000060526,100.192092,6.386211,50 HZ CONTACT-ENABLED INVERSE FEEDFORWARD + FROZEN BASELINE PD GAINS,"PRELIMINARY - NUMERICAL HIP-REDUCTION SUCCESSOR ONLY - NOT APPROVED FOR CONNECTION, POWERED TESTING, MOTION, WALKING, OR ENERGIZATION"
WS-L01,6.140,R SINGLE,L+R,0.503209,0.422170,8.747067,211.328498,NONE,0.000075269,101.965599,6.762552,50 HZ CONTACT-ENABLED INVERSE FEEDFORWARD + FROZEN BASELINE PD GAINS,"PRELIMINARY - NUMERICAL HIP-REDUCTION SUCCESSOR ONLY - NOT APPROVED FOR CONNECTION, POWERED TESTING, MOTION, WALKING, OR ENERGIZATION"
WS-L01,6.160,R SINGLE,L+R,0.463465,0.423171,8.207421,209.232711,NONE,0.000083091,101.879281,6.757977,50 HZ CONTACT-ENABLED INVERSE FEEDFORWARD + FROZEN BASELINE PD GAINS,"PRELIMINARY - NUMERICAL HIP-REDUCTION SUCCESSOR ONLY - NOT APPROVED FOR CONNECTION, POWERED TESTING, MOTION, WALKING, OR ENERGIZATION"
WS-L01,6.180,R SINGLE,L+R,0.397263,0.415831,7.839626,200.359947,NONE,0.000086345,124.294607,10.200514,50 HZ CONTACT-ENABLED INVERSE FEEDFORWARD + FROZEN BASELINE PD GAINS,"PRELIMINARY - NUMERICAL HIP-REDUCTION SUCCESSOR ONLY - NOT APPROVED FOR CONNECTION, POWERED TESTING, MOTION, WALKING, OR ENERGIZATION"
WS-L01,6.200,R SINGLE,L+R,0.443883,0.417946,8.623839,204.195416,NONE,0.000089943,108.024703,6.899145,50 HZ CONTACT-ENABLED INVERSE FEEDFORWARD + FROZEN BASELINE PD GAINS,"PRELIMINARY - NUMERICAL HIP-REDUCTION SUCCESSOR ONLY - NOT APPROVED FOR CONNECTION, POWERED TESTING, MOTION, WALKING, OR ENERGIZATION"
WS-L01,6.220,R SINGLE,L+R,0.459576,0.419776,4.486447,197.187734,NONE,0.000094678,126.310617,8.271377,50 HZ CONTACT-ENABLED INVERSE FEEDFORWARD + FROZEN BASELINE PD GAINS,"PRELIMINARY - NUMERICAL HIP-REDUCTION SUCCESSOR ONLY - NOT APPROVED FOR CONNECTION, POWERED TESTING, MOTION, WALKING, OR ENERGIZATION"
WS-L01,6.240,R SINGLE,R,0.383160,0.416540,0.000000,206.882204,NONE,0.000105776,111.927254,2.601703,50 HZ CONTACT-ENABLED INVERSE FEEDFORWARD + FROZEN BASELINE PD GAINS,"PRELIMINARY - NUMERICAL HIP-REDUCTION SUCCESSOR ONLY - NOT APPROVED FOR CONNECTION, POWERED TESTING, MOTION, WALKING, OR ENERGIZATION"
WS-L01,6.260,R SINGLE,R,0.182487,0.431731,0.000000,208.820290,NONE,0.000109526,110.326742,2.098590,50 HZ CONTACT-ENABLED INVERSE FEEDFORWARD + FROZEN BASELINE PD GAINS,"PRELIMINARY - NUMERICAL HIP-REDUCTION SUCCESSOR ONLY - NOT APPROVED FOR CONNECTION, POWERED TESTING, MOTION, WALKING, OR ENERGIZATION"
WS-L01,6.280,R SINGLE,R,0.265267,0.427451,0.000000,200.770919,NONE,0.000107485,121.567933,5.035315,50 HZ CONTACT-ENABLED INVERSE FEEDFORWARD + FROZEN BASELINE PD GAINS,"PRELIMINARY - NUMERICAL HIP-REDUCTION SUCCESSOR ONLY - NOT APPROVED FOR CONNECTION, POWERED TESTING, MOTION, WALKING, OR ENERGIZATION"
WS-L01,6.300,R SINGLE,R,0.550347,0.423663,0.000000,206.057858,NONE,0.000107677,110.263469,5.322076,50 HZ CONTACT-ENABLED INVERSE FEEDFORWARD + FROZEN BASELINE PD GAINS,"PRELIMINARY - NUMERICAL HIP-REDUCTION SUCCESSOR ONLY - NOT APPROVED FOR CONNECTION, POWERED TESTING, MOTION, WALKING, OR ENERGIZATION"
WS-L01,6.320,R SINGLE,R,0.742565,0.421740,0.000000,206.509613,NONE,0.000107901,118.899371,4.450637,50 HZ CONTACT-ENABLED INVERSE FEEDFORWARD + FROZEN BASELINE PD GAINS,"PRELIMINARY - NUMERICAL HIP-REDUCTION SUCCESSOR ONLY - NOT APPROVED FOR CONNECTION, POWERED TESTING, MOTION, WALKING, OR ENERGIZATION"
WS-L01,6.340,R SINGLE,R,0.860516,0.420073,0.000000,210.072436,NONE,0.000108255,111.475465,2.749647,50 HZ CONTACT-ENABLED INVERSE FEEDFORWARD + FROZEN BASELINE PD GAINS,"PRELIMINARY - NUMERICAL HIP-REDUCTION SUCCESSOR ONLY - NOT APPROVED FOR CONNECTION, POWERED TESTING, MOTION, WALKING, OR ENERGIZATION"
WS-L01,6.360,R SINGLE,R,0.944600,0.418594,0.000000,210.963938,NONE,0.000107772,113.077928,2.470849,50 HZ CONTACT-ENABLED INVERSE FEEDFORWARD + FROZEN BASELINE PD GAINS,"PRELIMINARY - NUMERICAL HIP-REDUCTION SUCCESSOR ONLY - NOT APPROVED FOR CONNECTION, POWERED TESTING, MOTION, WALKING, OR ENERGIZATION"
WS-L01,6.380,R SINGLE,R,0.995033,0.417467,0.000000,205.502833,NONE,0.000106108,122.533930,4.883787,50 HZ CONTACT-ENABLED INVERSE FEEDFORWARD + FROZEN BASELINE PD GAINS,"PRELIMINARY - NUMERICAL HIP-REDUCTION SUCCESSOR ONLY - NOT APPROVED FOR CONNECTION, POWERED TESTING, MOTION, WALKING, OR ENERGIZATION"
WS-L01,6.400,R SINGLE,R,1.027286,0.416810,0.000000,211.121484,NONE,0.000106170,113.001446,4.411291,50 HZ CONTACT-ENABLED INVERSE FEEDFORWARD + FROZEN BASELINE PD GAINS,"PRELIMINARY - NUMERICAL HIP-REDUCTION SUCCESSOR ONLY - NOT APPROVED FOR CONNECTION, POWERED TESTING, MOTION, WALKING, OR ENERGIZATION"
WS-L01,6.420,R SINGLE,R,1.056372,0.416470,0.000000,211.846015,NONE,0.000106653,119.173223,3.792140,50 HZ CONTACT-ENABLED INVERSE FEEDFORWARD + FROZEN BASELINE PD GAINS,"PRELIMINARY - NUMERICAL HIP-REDUCTION SUCCESSOR ONLY - NOT APPROVED FOR CONNECTION, POWERED TESTING, MOTION, WALKING, OR ENERGIZATION"
WS-L01,6.440,R SINGLE,R,1.070902,0.416274,0.000000,213.488892,NONE,0.000107046,114.946611,2.249415,50 HZ CONTACT-ENABLED INVERSE FEEDFORWARD + FROZEN BASELINE PD GAINS,"PRELIMINARY - NUMERICAL HIP-REDUCTION SUCCESSOR ONLY - NOT APPROVED FOR CONNECTION, POWERED TESTING, MOTION, WALKING, OR ENERGIZATION"
WS-L01,6.460,R SINGLE,R,1.075222,0.416139,0.000000,215.467386,NONE,0.000106847,116.199470,2.290945,50 HZ CONTACT-ENABLED INVERSE FEEDFORWARD + FROZEN BASELINE PD GAINS,"PRELIMINARY - NUMERICAL HIP-REDUCTION SUCCESSOR ONLY - NOT APPROVED FOR CONNECTION, POWERED TESTING, MOTION, WALKING, OR ENERGIZATION"
WS-L01,6.480,R SINGLE,R,1.080692,0.416015,0.000000,213.853577,NONE,0.000106308,121.885593,4.257848,50 HZ CONTACT-ENABLED INVERSE FEEDFORWARD + FROZEN BASELINE PD GAINS,"PRELIMINARY - NUMERICAL HIP-REDUCTION SUCCESSOR ONLY - NOT APPROVED FOR CONNECTION, POWERED TESTING, MOTION, WALKING, OR ENERGIZATION"
WS-L01,6.500,R SINGLE,R,1.078840,0.416066,0.000000,216.161222,NONE,0.000108661,117.591972,2.345248,50 HZ CONTACT-ENABLED INVERSE FEEDFORWARD + FROZEN BASELINE PD GAINS,"PRELIMINARY - NUMERICAL HIP-REDUCTION SUCCESSOR ONLY - NOT APPROVED FOR CONNECTION, POWERED TESTING, MOTION, WALKING, OR ENERGIZATION"
WS-L01,6.520,R SINGLE,R,1.080273,0.416310,0.000000,215.093489,NONE,0.000101392,121.987019,3.878631,50 HZ CONTACT-ENABLED INVERSE FEEDFORWARD + FROZEN BASELINE PD GAINS,"PRELIMINARY - NUMERICAL HIP-REDUCTION SUCCESSOR ONLY - NOT APPROVED FOR CONNECTION, POWERED TESTING, MOTION, WALKING, OR ENERGIZATION"
WS-L01,6.540,R SINGLE,R,1.075773,0.416096,0.000000,216.684045,NONE,0.000103043,117.834482,2.330475,50 HZ CONTACT-ENABLED INVERSE FEEDFORWARD + FROZEN BASELINE PD GAINS,"PRELIMINARY - NUMERICAL HIP-REDUCTION SUCCESSOR ONLY - NOT APPROVED FOR CONNECTION, POWERED TESTING, MOTION, WALKING, OR ENERGIZATION"
WS-L01,6.560,R SINGLE,R,1.075609,0.416428,0.000000,215.825248,NONE,0.000103012,117.811518,5.010752,50 HZ CONTACT-ENABLED INVERSE FEEDFORWARD + FROZEN BASELINE PD GAINS,"PRELIMINARY - NUMERICAL HIP-REDUCTION SUCCESSOR ONLY - NOT APPROVED FOR CONNECTION, POWERED TESTING, MOTION, WALKING, OR ENERGIZATION"
WS-L01,6.580,R SINGLE,R,1.070737,0.416462,0.000000,217.674734,NONE,0.000105607,119.317349,2.342774,50 HZ CONTACT-ENABLED INVERSE FEEDFORWARD + FROZEN BASELINE PD GAINS,"PRELIMINARY - NUMERICAL HIP-REDUCTION SUCCESSOR ONLY - NOT APPROVED FOR CONNECTION, POWERED TESTING, MOTION, WALKING, OR ENERGIZATION"
WS-L01,6.600,R SINGLE,R,1.060822,0.416635,0.000000,217.569391,NONE,0.000098882,118.617457,4.268286,50 HZ CONTACT-ENABLED INVERSE FEEDFORWARD + FROZEN BASELINE PD GAINS,"PRELIMINARY - NUMERICAL HIP-REDUCTION SUCCESSOR ONLY - NOT APPROVED FOR CONNECTION, POWERED TESTING, MOTION, WALKING, OR ENERGIZATION"
WS-L01,6.620,R SINGLE,R,1.063976,0.416524,0.000000,219.163609,NONE,0.000102393,119.947020,2.618299,50 HZ CONTACT-ENABLED INVERSE FEEDFORWARD + FROZEN BASELINE PD GAINS,"PRELIMINARY - NUMERICAL HIP-REDUCTION SUCCESSOR ONLY - NOT APPROVED FOR CONNECTION, POWERED TESTING, MOTION, WALKING, OR ENERGIZATION"
WS-L01,6.640,R SINGLE,R,1.058010,0.416868,0.000000,219.808699,NONE,0.000101297,119.663904,2.888414,50 HZ CONTACT-ENABLED INVERSE FEEDFORWARD + FROZEN BASELINE PD GAINS,"PRELIMINARY - NUMERICAL HIP-REDUCTION SUCCESSOR ONLY - NOT APPROVED FOR CONNECTION, POWERED TESTING, MOTION, WALKING, OR ENERGIZATION"
WS-L01,6.660,R SINGLE,R,1.059150,0.416699,0.000000,217.611482,NONE,0.000098339,119.952654,4.299441,50 HZ CONTACT-ENABLED INVERSE FEEDFORWARD + FROZEN BASELINE PD GAINS,"PRELIMINARY - NUMERICAL HIP-REDUCTION SUCCESSOR ONLY - NOT APPROVED FOR CONNECTION, POWERED TESTING, MOTION, WALKING, OR ENERGIZATION"
WS-L01,6.680,R SINGLE,R,1.051225,0.416584,0.000000,218.275689,NONE,0.000102012,126.230818,4.458350,50 HZ CONTACT-ENABLED INVERSE FEEDFORWARD + FROZEN BASELINE PD GAINS,"PRELIMINARY - NUMERICAL HIP-REDUCTION SUCCESSOR ONLY - NOT APPROVED FOR CONNECTION, POWERED TESTING, MOTION, WALKING, OR ENERGIZATION"
WS-L01,6.700,R SINGLE,R,1.048287,0.417107,0.000000,219.059967,NONE,0.000098000,120.946307,5.159206,50 HZ CONTACT-ENABLED INVERSE FEEDFORWARD + FROZEN BASELINE PD GAINS,"PRELIMINARY - NUMERICAL HIP-REDUCTION SUCCESSOR ONLY - NOT APPROVED FOR CONNECTION, POWERED TESTING, MOTION, WALKING, OR ENERGIZATION"
WS-L01,6.720,R SINGLE,R,1.041656,0.416754,0.000000,218.873854,NONE,0.000097230,126.803058,4.430529,50 HZ CONTACT-ENABLED INVERSE FEEDFORWARD + FROZEN BASELINE PD GAINS,"PRELIMINARY - NUMERICAL HIP-REDUCTION SUCCESSOR ONLY - NOT APPROVED FOR CONNECTION, POWERED TESTING, MOTION, WALKING, OR ENERGIZATION"
WS-L01,6.740,R SINGLE,R,1.037994,0.416679,0.000000,216.611435,NONE,0.000100379,130.677655,5.339967,50 HZ CONTACT-ENABLED INVERSE FEEDFORWARD + FROZEN BASELINE PD GAINS,"PRELIMINARY - NUMERICAL HIP-REDUCTION SUCCESSOR ONLY - NOT APPROVED FOR CONNECTION, POWERED TESTING, MOTION, WALKING, OR ENERGIZATION"
WS-L01,6.760,R SINGLE,R,1.033170,0.416790,0.000000,220.037734,NONE,0.000102323,121.673120,5.186482,50 HZ CONTACT-ENABLED INVERSE FEEDFORWARD + FROZEN BASELINE PD GAINS,"PRELIMINARY - NUMERICAL HIP-REDUCTION SUCCESSOR ONLY - NOT APPROVED FOR CONNECTION, POWERED TESTING, MOTION, WALKING, OR ENERGIZATION"
WS-L01,6.780,R SINGLE,R,1.029472,0.417205,0.000000,216.023212,NONE,0.000097566,131.983487,5.414513,50 HZ CONTACT-ENABLED INVERSE FEEDFORWARD + FROZEN BASELINE PD GAINS,"PRELIMINARY - NUMERICAL HIP-REDUCTION SUCCESSOR ONLY - NOT APPROVED FOR CONNECTION, POWERED TESTING, MOTION, WALKING, OR ENERGIZATION"
WS-L01,6.800,R SINGLE,R,1.027180,0.416877,0.000000,221.297609,NONE,0.000096707,122.106905,5.260942,50 HZ CONTACT-ENABLED INVERSE FEEDFORWARD + FROZEN BASELINE PD GAINS,"PRELIMINARY - NUMERICAL HIP-REDUCTION SUCCESSOR ONLY - NOT APPROVED FOR CONNECTION, POWERED TESTING, MOTION, WALKING, OR ENERGIZATION"
WS-L01,6.820,R SINGLE,R,1.023411,0.416622,0.000000,223.629549,NONE,0.000101938,123.123687,2.775312,50 HZ CONTACT-ENABLED INVERSE FEEDFORWARD + FROZEN BASELINE PD GAINS,"PRELIMINARY - NUMERICAL HIP-REDUCTION SUCCESSOR ONLY - NOT APPROVED FOR CONNECTION, POWERED TESTING, MOTION, WALKING, OR ENERGIZATION"
WS-L01,6.840,R SINGLE,R,1.021294,0.416913,0.000000,217.718731,NONE,0.000102020,131.580067,5.209183,50 HZ CONTACT-ENABLED INVERSE FEEDFORWARD + FROZEN BASELINE PD GAINS,"PRELIMINARY - NUMERICAL HIP-REDUCTION SUCCESSOR ONLY - NOT APPROVED FOR CONNECTION, POWERED TESTING, MOTION, WALKING, OR ENERGIZATION"
WS-L01,6.860,R SINGLE,R,1.021304,0.417098,0.000000,224.456347,NONE,0.000098579,123.619816,2.803244,50 HZ CONTACT-ENABLED INVERSE FEEDFORWARD + FROZEN BASELINE PD GAINS,"PRELIMINARY - NUMERICAL HIP-REDUCTION SUCCESSOR ONLY - NOT APPROVED FOR CONNECTION, POWERED TESTING, MOTION, WALKING, OR ENERGIZATION"
WS-L01,6.880,R SINGLE,R,1.015763,0.416940,0.000000,218.185589,NONE,0.000096220,132.505459,5.370699,50 HZ CONTACT-ENABLED INVERSE FEEDFORWARD + FROZEN BASELINE PD GAINS,"PRELIMINARY - NUMERICAL HIP-REDUCTION SUCCESSOR ONLY - NOT APPROVED FOR CONNECTION, POWERED TESTING, MOTION, WALKING, OR ENERGIZATION"
WS-L01,6.900,R SINGLE,R,1.017653,0.416670,0.000000,226.155551,NONE,0.000100684,123.985713,2.555745,50 HZ CONTACT-ENABLED INVERSE FEEDFORWARD + FROZEN BASELINE PD GAINS,"PRELIMINARY - NUMERICAL HIP-REDUCTION SUCCESSOR ONLY - NOT APPROVED FOR CONNECTION, POWERED TESTING, MOTION, WALKING, OR ENERGIZATION"
WS-L01,6.920,R SINGLE,R,1.016167,0.416881,0.000000,225.563453,NONE,0.000099723,124.074813,2.852521,50 HZ CONTACT-ENABLED INVERSE FEEDFORWARD + FROZEN BASELINE PD GAINS,"PRELIMINARY - NUMERICAL HIP-REDUCTION SUCCESSOR ONLY - NOT APPROVED FOR CONNECTION, POWERED TESTING, MOTION, WALKING, OR ENERGIZATION"
WS-L01,6.940,R SINGLE,R,1.011006,0.417053,0.000000,227.006598,NONE,0.000094557,124.209655,2.566975,50 HZ CONTACT-ENABLED INVERSE FEEDFORWARD + FROZEN BASELINE PD GAINS,"PRELIMINARY - NUMERICAL HIP-REDUCTION SUCCESSOR ONLY - NOT APPROVED FOR CONNECTION, POWERED TESTING, MOTION, WALKING, OR ENERGIZATION"
WS-L01,6.960,R SINGLE,R,1.012625,0.416879,0.000000,226.226628,NONE,0.000093017,124.176637,2.826937,50 HZ CONTACT-ENABLED INVERSE FEEDFORWARD + FROZEN BASELINE PD GAINS,"PRELIMINARY - NUMERICAL HIP-REDUCTION SUCCESSOR ONLY - NOT APPROVED FOR CONNECTION, POWERED TESTING, MOTION, WALKING, OR ENERGIZATION"
WS-L01,6.980,R SINGLE,R,1.006525,0.416826,0.000000,226.594692,NONE,0.000094579,123.996024,2.585016,50 HZ CONTACT-ENABLED INVERSE FEEDFORWARD + FROZEN BASELINE PD GAINS,"PRELIMINARY - NUMERICAL HIP-REDUCTION SUCCESSOR ONLY - NOT APPROVED FOR CONNECTION, POWERED TESTING, MOTION, WALKING, OR ENERGIZATION"
WS-L01,7.000,R SINGLE,R,1.011803,0.416905,0.000000,227.845323,NONE,0.000091380,124.895606,2.725198,50 HZ CONTACT-ENABLED INVERSE FEEDFORWARD + FROZEN BASELINE PD GAINS,"PRELIMINARY - NUMERICAL HIP-REDUCTION SUCCESSOR ONLY - NOT APPROVED FOR CONNECTION, POWERED TESTING, MOTION, WALKING, OR ENERGIZATION"
WS-L01,7.020,R SINGLE,R,1.006821,0.417145,0.000000,227.239031,NONE,0.000088339,123.546852,2.482932,50 HZ CONTACT-ENABLED INVERSE FEEDFORWARD + FROZEN BASELINE PD GAINS,"PRELIMINARY - NUMERICAL HIP-REDUCTION SUCCESSOR ONLY - NOT APPROVED FOR CONNECTION, POWERED TESTING, MOTION, WALKING, OR ENERGIZATION"
WS-L01,7.040,R SINGLE,R,1.006316,0.416871,0.000000,228.609173,NONE,0.000088437,124.640928,2.634615,50 HZ CONTACT-ENABLED INVERSE FEEDFORWARD + FROZEN BASELINE PD GAINS,"PRELIMINARY - NUMERICAL HIP-REDUCTION SUCCESSOR ONLY - NOT APPROVED FOR CONNECTION, POWERED TESTING, MOTION, WALKING, OR ENERGIZATION"
WS-L01,7.060,R SINGLE,R,1.009503,0.417064,0.000000,226.919897,NONE,0.000088433,128.933451,4.425933,50 HZ CONTACT-ENABLED INVERSE FEEDFORWARD + FROZEN BASELINE PD GAINS,"PRELIMINARY - NUMERICAL HIP-REDUCTION SUCCESSOR ONLY - NOT APPROVED FOR CONNECTION, POWERED TESTING, MOTION, WALKING, OR ENERGIZATION"
WS-L01,7.080,R SINGLE,R,1.003730,0.417070,0.000000,228.874935,NONE,0.000084544,124.406430,2.527359,50 HZ CONTACT-ENABLED INVERSE FEEDFORWARD + FROZEN BASELINE PD GAINS,"PRELIMINARY - NUMERICAL HIP-REDUCTION SUCCESSOR ONLY - NOT APPROVED FOR CONNECTION, POWERED TESTING, MOTION, WALKING, OR ENERGIZATION"
WS-L01,7.100,R SINGLE,R,1.001746,0.416541,0.000000,227.511759,NONE,0.000082462,128.069707,4.029492,50 HZ CONTACT-ENABLED INVERSE FEEDFORWARD + FROZEN BASELINE PD GAINS,"PRELIMINARY - NUMERICAL HIP-REDUCTION SUCCESSOR ONLY - NOT APPROVED FOR CONNECTION, POWERED TESTING, MOTION, WALKING, OR ENERGIZATION"
WS-L01,7.120,R SINGLE,R,1.000685,0.414373,0.000000,228.789195,NONE,0.000083451,123.650782,2.481816,50 HZ CONTACT-ENABLED INVERSE FEEDFORWARD + FROZEN BASELINE PD GAINS,"PRELIMINARY - NUMERICAL HIP-REDUCTION SUCCESSOR ONLY - NOT APPROVED FOR CONNECTION, POWERED TESTING, MOTION, WALKING, OR ENERGIZATION"
WS-L01,7.140,R SINGLE,R,1.001980,0.411649,0.000000,230.063783,NONE,0.000081454,124.742055,2.658191,50 HZ CONTACT-ENABLED INVERSE FEEDFORWARD + FROZEN BASELINE PD GAINS,"PRELIMINARY - NUMERICAL HIP-REDUCTION SUCCESSOR ONLY - NOT APPROVED FOR CONNECTION, POWERED TESTING, MOTION, WALKING, OR ENERGIZATION"
WS-L01,7.160,R SINGLE,R,1.005504,0.408621,0.000000,228.408953,NONE,0.000079703,128.331124,4.276640,50 HZ CONTACT-ENABLED INVERSE FEEDFORWARD + FROZEN BASELINE PD GAINS,"PRELIMINARY - NUMERICAL HIP-REDUCTION SUCCESSOR ONLY - NOT APPROVED FOR CONNECTION, POWERED TESTING, MOTION, WALKING, OR ENERGIZATION"
WS-L01,7.180,R SINGLE,R,1.006704,0.405139,0.000000,230.183868,NONE,0.000076211,125.274713,2.728023,50 HZ CONTACT-ENABLED INVERSE FEEDFORWARD + FROZEN BASELINE PD GAINS,"PRELIMINARY - NUMERICAL HIP-REDUCTION SUCCESSOR ONLY - NOT APPROVED FOR CONNECTION, POWERED TESTING, MOTION, WALKING, OR ENERGIZATION"
WS-L01,7.200,R SINGLE,R,1.003257,0.401804,0.000000,228.963367,NONE,0.000076968,127.257350,3.829119,50 HZ CONTACT-ENABLED INVERSE FEEDFORWARD + FROZEN BASELINE PD GAINS,"PRELIMINARY - NUMERICAL HIP-REDUCTION SUCCESSOR ONLY - NOT APPROVED FOR CONNECTION, POWERED TESTING, MOTION, WALKING, OR ENERGIZATION"
WS-L01,7.220,R SINGLE,R,1.003616,0.397914,0.000000,230.024207,NONE,0.000076166,124.625248,2.604873,50 HZ CONTACT-ENABLED INVERSE FEEDFORWARD + FROZEN BASELINE PD GAINS,"PRELIMINARY - NUMERICAL HIP-REDUCTION SUCCESSOR ONLY - NOT APPROVED FOR CONNECTION, POWERED TESTING, MOTION, WALKING, OR ENERGIZATION"
WS-L01,7.240,R SINGLE,R,0.998739,0.394384,0.000000,231.380836,NONE,0.000073691,124.481914,2.571223,50 HZ CONTACT-ENABLED INVERSE FEEDFORWARD + FROZEN BASELINE PD GAINS,"PRELIMINARY - NUMERICAL HIP-REDUCTION SUCCESSOR ONLY - NOT APPROVED FOR CONNECTION, POWERED TESTING, MOTION, WALKING, OR ENERGIZATION"
WS-L01,7.260,R SINGLE,R,1.000272,0.390936,0.000000,230.521464,NONE,0.000072533,124.444347,2.834195,50 HZ CONTACT-ENABLED INVERSE FEEDFORWARD + FROZEN BASELINE PD GAINS,"PRELIMINARY - NUMERICAL HIP-REDUCTION SUCCESSOR ONLY - NOT APPROVED FOR CONNECTION, POWERED TESTING, MOTION, WALKING, OR ENERGIZATION"
WS-L01,7.280,R SINGLE,R,0.996358,0.387235,0.000000,230.847832,NONE,0.000070018,124.160230,2.566509,50 HZ CONTACT-ENABLED INVERSE FEEDFORWARD + FROZEN BASELINE PD GAINS,"PRELIMINARY - NUMERICAL HIP-REDUCTION SUCCESSOR ONLY - NOT APPROVED FOR CONNECTION, POWERED TESTING, MOTION, WALKING, OR ENERGIZATION"
WS-L01,7.300,R SINGLE,R,0.999633,0.383620,0.000000,231.902648,NONE,0.000067228,125.377129,2.778401,50 HZ CONTACT-ENABLED INVERSE FEEDFORWARD + FROZEN BASELINE PD GAINS,"PRELIMINARY - NUMERICAL HIP-REDUCTION SUCCESSOR ONLY - NOT APPROVED FOR CONNECTION, POWERED TESTING, MOTION, WALKING, OR ENERGIZATION"
WS-L01,7.320,R SINGLE,R,0.996241,0.380059,0.000000,231.336307,NONE,0.000066089,123.866494,2.639198,50 HZ CONTACT-ENABLED INVERSE FEEDFORWARD + FROZEN BASELINE PD GAINS,"PRELIMINARY - NUMERICAL HIP-REDUCTION SUCCESSOR ONLY - NOT APPROVED FOR CONNECTION, POWERED TESTING, MOTION, WALKING, OR ENERGIZATION"
WS-L01,7.340,R SINGLE,R,0.996509,0.376372,0.000000,232.452777,NONE,0.000068311,125.539798,2.763066,50 HZ CONTACT-ENABLED INVERSE FEEDFORWARD + FROZEN BASELINE PD GAINS,"PRELIMINARY - NUMERICAL HIP-REDUCTION SUCCESSOR ONLY - NOT APPROVED FOR CONNECTION, POWERED TESTING, MOTION, WALKING, OR ENERGIZATION"
WS-L01,7.360,R SINGLE,R,0.993221,0.372305,0.000000,231.714494,NONE,0.000066936,124.195597,2.662357,50 HZ CONTACT-ENABLED INVERSE FEEDFORWARD + FROZEN BASELINE PD GAINS,"PRELIMINARY - NUMERICAL HIP-REDUCTION SUCCESSOR ONLY - NOT APPROVED FOR CONNECTION, POWERED TESTING, MOTION, WALKING, OR ENERGIZATION"
WS-L01,7.380,R SINGLE,R,0.992030,0.368507,0.000000,225.408257,NONE,0.000066557,133.986171,5.516978,50 HZ CONTACT-ENABLED INVERSE FEEDFORWARD + FROZEN BASELINE PD GAINS,"PRELIMINARY - NUMERICAL HIP-REDUCTION SUCCESSOR ONLY - NOT APPROVED FOR CONNECTION, POWERED TESTING, MOTION, WALKING, OR ENERGIZATION"
WS-L01,7.400,R SINGLE,R,0.990949,0.364075,0.000000,233.028871,NONE,0.000061790,124.787809,2.518781,50 HZ CONTACT-ENABLED INVERSE FEEDFORWARD + FROZEN BASELINE PD GAINS,"PRELIMINARY - NUMERICAL HIP-REDUCTION SUCCESSOR ONLY - NOT APPROVED FOR CONNECTION, POWERED TESTING, MOTION, WALKING, OR ENERGIZATION"
WS-L01,7.420,R SINGLE,R,0.991567,0.359909,0.000000,232.283034,NONE,0.000059827,124.972913,2.812968,50 HZ CONTACT-ENABLED INVERSE FEEDFORWARD + FROZEN BASELINE PD GAINS,"PRELIMINARY - NUMERICAL HIP-REDUCTION SUCCESSOR ONLY - NOT APPROVED FOR CONNECTION, POWERED TESTING, MOTION, WALKING, OR ENERGIZATION"
WS-L01,7.440,R SINGLE,R,0.989829,0.355577,0.000000,233.525369,NONE,0.000062060,125.250194,2.557949,50 HZ CONTACT-ENABLED INVERSE FEEDFORWARD + FROZEN BASELINE PD GAINS,"PRELIMINARY - NUMERICAL HIP-REDUCTION SUCCESSOR ONLY - NOT APPROVED FOR CONNECTION, POWERED TESTING, MOTION, WALKING, OR ENERGIZATION"
WS-L01,7.460,R SINGLE,R,0.990059,0.350676,0.000000,232.574758,NONE,0.000060832,125.552684,2.865851,50 HZ CONTACT-ENABLED INVERSE FEEDFORWARD + FROZEN BASELINE PD GAINS,"PRELIMINARY - NUMERICAL HIP-REDUCTION SUCCESSOR ONLY - NOT APPROVED FOR CONNECTION, POWERED TESTING, MOTION, WALKING, OR ENERGIZATION"
WS-L01,7.480,R SINGLE,R,0.985657,0.345973,0.000000,226.398089,NONE,0.000060579,133.694982,5.372200,50 HZ CONTACT-ENABLED INVERSE FEEDFORWARD + FROZEN BASELINE PD GAINS,"PRELIMINARY - NUMERICAL HIP-REDUCTION SUCCESSOR ONLY - NOT APPROVED FOR CONNECTION, POWERED TESTING, MOTION, WALKING, OR ENERGIZATION"
WS-L01,7.500,R SINGLE,R,0.984983,0.340943,0.000000,231.010358,NONE,0.000059307,125.378280,5.078666,50 HZ CONTACT-ENABLED INVERSE FEEDFORWARD + FROZEN BASELINE PD GAINS,"PRELIMINARY - NUMERICAL HIP-REDUCTION SUCCESSOR ONLY - NOT APPROVED FOR CONNECTION, POWERED TESTING, MOTION, WALKING, OR ENERGIZATION"
WS-L01,7.520,R SINGLE,R,0.984570,0.335408,0.000000,233.185585,NONE,0.000055264,125.119904,2.641024,50 HZ CONTACT-ENABLED INVERSE FEEDFORWARD + FROZEN BASELINE PD GAINS,"PRELIMINARY - NUMERICAL HIP-REDUCTION SUCCESSOR ONLY - NOT APPROVED FOR CONNECTION, POWERED TESTING, MOTION, WALKING, OR ENERGIZATION"
WS-L01,7.540,R SINGLE,R,0.981891,0.330025,0.000000,227.049974,NONE,0.000054776,135.075188,5.573249,50 HZ CONTACT-ENABLED INVERSE FEEDFORWARD + FROZEN BASELINE PD GAINS,"PRELIMINARY - NUMERICAL HIP-REDUCTION SUCCESSOR ONLY - NOT APPROVED FOR CONNECTION, POWERED TESTING, MOTION, WALKING, OR ENERGIZATION"
WS-L01,7.560,R SINGLE,R,0.979148,0.324350,0.000000,231.193602,NONE,0.000053577,125.664137,5.178037,50 HZ CONTACT-ENABLED INVERSE FEEDFORWARD + FROZEN BASELINE PD GAINS,"PRELIMINARY - NUMERICAL HIP-REDUCTION SUCCESSOR ONLY - NOT APPROVED FOR CONNECTION, POWERED TESTING, MOTION, WALKING, OR ENERGIZATION"
WS-L01,7.580,R SINGLE,R,0.975702,0.318345,0.000000,231.349416,NONE,0.000052369,131.932560,4.855667,50 HZ CONTACT-ENABLED INVERSE FEEDFORWARD + FROZEN BASELINE PD GAINS,"PRELIMINARY - NUMERICAL HIP-REDUCTION SUCCESSOR ONLY - NOT APPROVED FOR CONNECTION, POWERED TESTING, MOTION, WALKING, OR ENERGIZATION"
WS-L01,7.600,R SINGLE,R,0.975832,0.312571,0.000000,231.961930,NONE,0.000055043,126.127848,5.280099,50 HZ CONTACT-ENABLED INVERSE FEEDFORWARD + FROZEN BASELINE PD GAINS,"PRELIMINARY - NUMERICAL HIP-REDUCTION SUCCESSOR ONLY - NOT APPROVED FOR CONNECTION, POWERED TESTING, MOTION, WALKING, OR ENERGIZATION"
WS-L01,7.620,R SINGLE,R,0.971090,0.305726,0.000000,231.410707,NONE,0.000054477,132.336234,4.853025,50 HZ CONTACT-ENABLED INVERSE FEEDFORWARD + FROZEN BASELINE PD GAINS,"PRELIMINARY - NUMERICAL HIP-REDUCTION SUCCESSOR ONLY - NOT APPROVED FOR CONNECTION, POWERED TESTING, MOTION, WALKING, OR ENERGIZATION"
WS-L01,7.640,R SINGLE,R,0.971485,0.299139,0.000000,234.175420,NONE,0.000052089,126.466448,2.959531,50 HZ CONTACT-ENABLED INVERSE FEEDFORWARD + FROZEN BASELINE PD GAINS,"PRELIMINARY - NUMERICAL HIP-REDUCTION SUCCESSOR ONLY - NOT APPROVED FOR CONNECTION, POWERED TESTING, MOTION, WALKING, OR ENERGIZATION"
WS-L01,7.660,R SINGLE,R,0.969828,0.292479,0.000000,231.747660,NONE,0.000050571,127.078248,4.264802,50 HZ CONTACT-ENABLED INVERSE FEEDFORWARD + FROZEN BASELINE PD GAINS,"PRELIMINARY - NUMERICAL HIP-REDUCTION SUCCESSOR ONLY - NOT APPROVED FOR CONNECTION, POWERED TESTING, MOTION, WALKING, OR ENERGIZATION"
WS-L01,7.680,R SINGLE,R,0.964331,0.285450,0.000000,232.237946,NONE,0.000048014,131.654173,4.584117,50 HZ CONTACT-ENABLED INVERSE FEEDFORWARD + FROZEN BASELINE PD GAINS,"PRELIMINARY - NUMERICAL HIP-REDUCTION SUCCESSOR ONLY - NOT APPROVED FOR CONNECTION, POWERED TESTING, MOTION, WALKING, OR ENERGIZATION"
WS-L01,7.700,R SINGLE,R,0.961901,0.278753,0.000000,232.454765,NONE,0.000050332,127.997198,5.092480,50 HZ CONTACT-ENABLED INVERSE FEEDFORWARD + FROZEN BASELINE PD GAINS,"PRELIMINARY - NUMERICAL HIP-REDUCTION SUCCESSOR ONLY - NOT APPROVED FOR CONNECTION, POWERED TESTING, MOTION, WALKING, OR ENERGIZATION"
WS-L01,7.720,R SINGLE,R,0.957002,0.271093,0.000000,232.166951,NONE,0.000049781,132.201711,4.607721,50 HZ CONTACT-ENABLED INVERSE FEEDFORWARD + FROZEN BASELINE PD GAINS,"PRELIMINARY - NUMERICAL HIP-REDUCTION SUCCESSOR ONLY - NOT APPROVED FOR CONNECTION, POWERED TESTING, MOTION, WALKING, OR ENERGIZATION"
WS-L01,7.740,R SINGLE,R,0.954205,0.263610,0.000000,234.619563,NONE,0.000047472,128.570854,2.962133,50 HZ CONTACT-ENABLED INVERSE FEEDFORWARD + FROZEN BASELINE PD GAINS,"PRELIMINARY - NUMERICAL HIP-REDUCTION SUCCESSOR ONLY - NOT APPROVED FOR CONNECTION, POWERED TESTING, MOTION, WALKING, OR ENERGIZATION"
WS-L01,7.760,R SINGLE,R,0.946796,0.256228,0.000000,232.419094,NONE,0.000046058,128.268728,4.301789,50 HZ CONTACT-ENABLED INVERSE FEEDFORWARD + FROZEN BASELINE PD GAINS,"PRELIMINARY - NUMERICAL HIP-REDUCTION SUCCESSOR ONLY - NOT APPROVED FOR CONNECTION, POWERED TESTING, MOTION, WALKING, OR ENERGIZATION"
WS-L01,7.780,R SINGLE,R,0.950300,0.248456,0.000000,232.641790,NONE,0.000043556,134.289177,4.980302,50 HZ CONTACT-ENABLED INVERSE FEEDFORWARD + FROZEN BASELINE PD GAINS,"PRELIMINARY - NUMERICAL HIP-REDUCTION SUCCESSOR ONLY - NOT APPROVED FOR CONNECTION, POWERED TESTING, MOTION, WALKING, OR ENERGIZATION"
WS-L01,7.800,R SINGLE,R,0.943908,0.241217,0.000000,233.157595,NONE,0.000045986,129.036651,5.228345,50 HZ CONTACT-ENABLED INVERSE FEEDFORWARD + FROZEN BASELINE PD GAINS,"PRELIMINARY - NUMERICAL HIP-REDUCTION SUCCESSOR ONLY - NOT APPROVED FOR CONNECTION, POWERED TESTING, MOTION, WALKING, OR ENERGIZATION"
WS-L01,7.820,R SINGLE,R,0.939595,0.232959,0.000000,232.583527,NONE,0.000045508,134.447161,4.914119,50 HZ CONTACT-ENABLED INVERSE FEEDFORWARD + FROZEN BASELINE PD GAINS,"PRELIMINARY - NUMERICAL HIP-REDUCTION SUCCESSOR ONLY - NOT APPROVED FOR CONNECTION, POWERED TESTING, MOTION, WALKING, OR ENERGIZATION"
WS-L01,7.840,R SINGLE,R,0.939542,0.225084,0.000000,235.289750,NONE,0.000043275,129.131530,2.982529,50 HZ CONTACT-ENABLED INVERSE FEEDFORWARD + FROZEN BASELINE PD GAINS,"PRELIMINARY - NUMERICAL HIP-REDUCTION SUCCESSOR ONLY - NOT APPROVED FOR CONNECTION, POWERED TESTING, MOTION, WALKING, OR ENERGIZATION"
WS-L01,7.860,R SINGLE,R,0.937874,0.217311,0.000000,232.822493,NONE,0.000041914,129.986989,4.251323,50 HZ CONTACT-ENABLED INVERSE FEEDFORWARD + FROZEN BASELINE PD GAINS,"PRELIMINARY - NUMERICAL HIP-REDUCTION SUCCESSOR ONLY - NOT APPROVED FOR CONNECTION, POWERED TESTING, MOTION, WALKING, OR ENERGIZATION"
WS-L01,7.880,R SINGLE,R,0.931745,0.209312,0.000000,233.318549,NONE,0.000039483,133.857759,4.677481,50 HZ CONTACT-ENABLED INVERSE FEEDFORWARD + FROZEN BASELINE PD GAINS,"PRELIMINARY - NUMERICAL HIP-REDUCTION SUCCESSOR ONLY - NOT APPROVED FOR CONNECTION, POWERED TESTING, MOTION, WALKING, OR ENERGIZATION"
WS-L01,7.900,R SINGLE,R,0.929440,0.201809,0.000000,233.450304,NONE,0.000041975,130.981996,5.068355,50 HZ CONTACT-ENABLED INVERSE FEEDFORWARD + FROZEN BASELINE PD GAINS,"PRELIMINARY - NUMERICAL HIP-REDUCTION SUCCESSOR ONLY - NOT APPROVED FOR CONNECTION, POWERED TESTING, MOTION, WALKING, OR ENERGIZATION"
WS-L01,7.920,R SINGLE,R,0.924119,0.193542,0.000000,233.214143,NONE,0.000041584,134.230724,4.669502,50 HZ CONTACT-ENABLED INVERSE FEEDFORWARD + FROZEN BASELINE PD GAINS,"PRELIMINARY - NUMERICAL HIP-REDUCTION SUCCESSOR ONLY - NOT APPROVED FOR CONNECTION, POWERED TESTING, MOTION, WALKING, OR ENERGIZATION"
WS-L01,7.940,R SINGLE,R,0.921099,0.185592,0.000000,235.532359,NONE,0.000039434,131.253948,2.986794,50 HZ CONTACT-ENABLED INVERSE FEEDFORWARD + FROZEN BASELINE PD GAINS,"PRELIMINARY - NUMERICAL HIP-REDUCTION SUCCESSOR ONLY - NOT APPROVED FOR CONNECTION, POWERED TESTING, MOTION, WALKING, OR ENERGIZATION"
WS-L01,7.960,R SINGLE,R,0.913683,0.177971,0.000000,235.932978,NONE,0.000038177,130.987049,2.824117,50 HZ CONTACT-ENABLED INVERSE FEEDFORWARD + FROZEN BASELINE PD GAINS,"PRELIMINARY - NUMERICAL HIP-REDUCTION SUCCESSOR ONLY - NOT APPROVED FOR CONNECTION, POWERED TESTING, MOTION, WALKING, OR ENERGIZATION"
WS-L01,7.980,R SINGLE,R,0.915815,0.170269,0.000000,230.502633,NONE,0.000037977,137.621500,5.376946,50 HZ CONTACT-ENABLED INVERSE FEEDFORWARD + FROZEN BASELINE PD GAINS,"PRELIMINARY - NUMERICAL HIP-REDUCTION SUCCESSOR ONLY - NOT APPROVED FOR CONNECTION, POWERED TESTING, MOTION, WALKING, OR ENERGIZATION"
WS-L01,8.000,R SINGLE,R,0.916251,0.162474,0.000000,235.595705,NONE,0.000034698,131.530297,2.933525,50 HZ CONTACT-ENABLED INVERSE FEEDFORWARD + FROZEN BASELINE PD GAINS,"PRELIMINARY - NUMERICAL HIP-REDUCTION SUCCESSOR ONLY - NOT APPROVED FOR CONNECTION, POWERED TESTING, MOTION, WALKING, OR ENERGIZATION"
WS-L01,8.020,R SINGLE,R,0.914083,0.155405,0.000000,233.397013,NONE,0.000036953,135.586350,4.843881,50 HZ CONTACT-ENABLED INVERSE FEEDFORWARD + FROZEN BASELINE PD GAINS,"PRELIMINARY - NUMERICAL HIP-REDUCTION SUCCESSOR ONLY - NOT APPROVED FOR CONNECTION, POWERED TESTING, MOTION, WALKING, OR ENERGIZATION"
WS-L01,8.040,R SINGLE,R,0.909016,0.147561,0.000000,235.954573,NONE,0.000036871,132.160939,2.990516,50 HZ CONTACT-ENABLED INVERSE FEEDFORWARD + FROZEN BASELINE PD GAINS,"PRELIMINARY - NUMERICAL HIP-REDUCTION SUCCESSOR ONLY - NOT APPROVED FOR CONNECTION, POWERED TESTING, MOTION, WALKING, OR ENERGIZATION"
WS-L01,8.060,R SINGLE,R,0.904687,0.140403,0.000000,236.384315,NONE,0.000035253,131.756733,2.785772,50 HZ CONTACT-ENABLED INVERSE FEEDFORWARD + FROZEN BASELINE PD GAINS,"PRELIMINARY - NUMERICAL HIP-REDUCTION SUCCESSOR ONLY - NOT APPROVED FOR CONNECTION, POWERED TESTING, MOTION, WALKING, OR ENERGIZATION"
WS-L01,8.080,R SINGLE,R,0.901203,0.133334,0.000000,230.707792,NONE,0.000034798,138.959577,5.510319,50 HZ CONTACT-ENABLED INVERSE FEEDFORWARD + FROZEN BASELINE PD GAINS,"PRELIMINARY - NUMERICAL HIP-REDUCTION SUCCESSOR ONLY - NOT APPROVED FOR CONNECTION, POWERED TESTING, MOTION, WALKING, OR ENERGIZATION"
WS-L01,8.100,R SINGLE,R,0.897272,0.126360,0.000000,235.286047,NONE,0.000033471,132.409999,4.391379,50 HZ CONTACT-ENABLED INVERSE FEEDFORWARD + FROZEN BASELINE PD GAINS,"PRELIMINARY - NUMERICAL HIP-REDUCTION SUCCESSOR ONLY - NOT APPROVED FOR CONNECTION, POWERED TESTING, MOTION, WALKING, OR ENERGIZATION"
WS-L01,8.120,R SINGLE,R,0.892255,0.119460,0.000000,235.292244,NONE,0.000032097,135.795612,4.267780,50 HZ CONTACT-ENABLED INVERSE FEEDFORWARD + FROZEN BASELINE PD GAINS,"PRELIMINARY - NUMERICAL HIP-REDUCTION SUCCESSOR ONLY - NOT APPROVED FOR CONNECTION, POWERED TESTING, MOTION, WALKING, OR ENERGIZATION"
WS-L01,8.140,R SINGLE,R,0.888742,0.112817,0.000000,236.380372,NONE,0.000030846,132.595138,2.665050,50 HZ CONTACT-ENABLED INVERSE FEEDFORWARD + FROZEN BASELINE PD GAINS,"PRELIMINARY - NUMERICAL HIP-REDUCTION SUCCESSOR ONLY - NOT APPROVED FOR CONNECTION, POWERED TESTING, MOTION, WALKING, OR ENERGIZATION"
WS-L01,8.160,R SINGLE,R,0.886451,0.106641,0.000000,234.707893,NONE,0.000030927,134.022024,5.007751,50 HZ CONTACT-ENABLED INVERSE FEEDFORWARD + FROZEN BASELINE PD GAINS,"PRELIMINARY - NUMERICAL HIP-REDUCTION SUCCESSOR ONLY - NOT APPROVED FOR CONNECTION, POWERED TESTING, MOTION, WALKING, OR ENERGIZATION"
WS-L01,8.180,R SINGLE,R,0.884044,0.100446,0.000000,236.396925,NONE,0.000028806,133.119898,2.689450,50 HZ CONTACT-ENABLED INVERSE FEEDFORWARD + FROZEN BASELINE PD GAINS,"PRELIMINARY - NUMERICAL HIP-REDUCTION SUCCESSOR ONLY - NOT APPROVED FOR CONNECTION, POWERED TESTING, MOTION, WALKING, OR ENERGIZATION"
WS-L01,8.200,R SINGLE,R,0.877943,0.094603,0.000000,235.406996,NONE,0.000032746,133.833890,4.358083,50 HZ CONTACT-ENABLED INVERSE FEEDFORWARD + FROZEN BASELINE PD GAINS,"PRELIMINARY - NUMERICAL HIP-REDUCTION SUCCESSOR ONLY - NOT APPROVED FOR CONNECTION, POWERED TESTING, MOTION, WALKING, OR ENERGIZATION"
WS-L01,8.220,R SINGLE,R,0.880139,0.088616,0.000000,235.753858,NONE,0.000030515,135.896323,4.196282,50 HZ CONTACT-ENABLED INVERSE FEEDFORWARD + FROZEN BASELINE PD GAINS,"PRELIMINARY - NUMERICAL HIP-REDUCTION SUCCESSOR ONLY - NOT APPROVED FOR CONNECTION, POWERED TESTING, MOTION, WALKING, OR ENERGIZATION"
WS-L01,8.240,R SINGLE,R,0.882076,0.083035,0.000000,236.516522,NONE,0.000028550,134.125723,2.774783,50 HZ CONTACT-ENABLED INVERSE FEEDFORWARD + FROZEN BASELINE PD GAINS,"PRELIMINARY - NUMERICAL HIP-REDUCTION SUCCESSOR ONLY - NOT APPROVED FOR CONNECTION, POWERED TESTING, MOTION, WALKING, OR ENERGIZATION"
WS-L01,8.260,R SINGLE,R,0.876815,0.077773,0.000000,237.711819,NONE,0.000027423,133.881303,2.813988,50 HZ CONTACT-ENABLED INVERSE FEEDFORWARD + FROZEN BASELINE PD GAINS,"PRELIMINARY - NUMERICAL HIP-REDUCTION SUCCESSOR ONLY - NOT APPROVED FOR CONNECTION, POWERED TESTING, MOTION, WALKING, OR ENERGIZATION"
WS-L01,8.280,R SINGLE,R,0.875877,0.072839,0.000000,236.744487,NONE,0.000027331,134.100846,3.025571,50 HZ CONTACT-ENABLED INVERSE FEEDFORWARD + FROZEN BASELINE PD GAINS,"PRELIMINARY - NUMERICAL HIP-REDUCTION SUCCESSOR ONLY - NOT APPROVED FOR CONNECTION, POWERED TESTING, MOTION, WALKING, OR ENERGIZATION"
WS-L01,8.300,R SINGLE,R,0.871085,0.067846,0.000000,236.879266,NONE,0.000025743,133.787065,2.735927,50 HZ CONTACT-ENABLED INVERSE FEEDFORWARD + FROZEN BASELINE PD GAINS,"PRELIMINARY - NUMERICAL HIP-REDUCTION SUCCESSOR ONLY - NOT APPROVED FOR CONNECTION, POWERED TESTING, MOTION, WALKING, OR ENERGIZATION"
WS-L01,8.320,R SINGLE,R,0.873099,0.063131,0.000000,237.631082,NONE,0.000023805,134.889344,2.980376,50 HZ CONTACT-ENABLED INVERSE FEEDFORWARD + FROZEN BASELINE PD GAINS,"PRELIMINARY - NUMERICAL HIP-REDUCTION SUCCESSOR ONLY - NOT APPROVED FOR CONNECTION, POWERED TESTING, MOTION, WALKING, OR ENERGIZATION"
WS-L01,8.340,R SINGLE,R,0.868491,0.058924,0.000000,237.023685,NONE,0.000027769,133.644252,2.694277,50 HZ CONTACT-ENABLED INVERSE FEEDFORWARD + FROZEN BASELINE PD GAINS,"PRELIMINARY - NUMERICAL HIP-REDUCTION SUCCESSOR ONLY - NOT APPROVED FOR CONNECTION, POWERED TESTING, MOTION, WALKING, OR ENERGIZATION"
WS-L01,8.360,R SINGLE,R,0.867696,0.054310,0.000000,237.950232,NONE,0.000026211,134.615875,2.893579,50 HZ CONTACT-ENABLED INVERSE FEEDFORWARD + FROZEN BASELINE PD GAINS,"PRELIMINARY - NUMERICAL HIP-REDUCTION SUCCESSOR ONLY - NOT APPROVED FOR CONNECTION, POWERED TESTING, MOTION, WALKING, OR ENERGIZATION"
WS-L01,8.380,R SINGLE,R,0.870060,0.050416,0.000000,237.175026,NONE,0.000025451,134.019036,2.943249,50 HZ CONTACT-ENABLED INVERSE FEEDFORWARD + FROZEN BASELINE PD GAINS,"PRELIMINARY - NUMERICAL HIP-REDUCTION SUCCESSOR ONLY - NOT APPROVED FOR CONNECTION, POWERED TESTING, MOTION, WALKING, OR ENERGIZATION"
WS-L01,8.400,R SINGLE,R,0.869864,0.046598,0.000000,230.777316,NONE,0.000026280,139.992738,5.580988,50 HZ CONTACT-ENABLED INVERSE FEEDFORWARD + FROZEN BASELINE PD GAINS,"PRELIMINARY - NUMERICAL HIP-REDUCTION SUCCESSOR ONLY - NOT APPROVED FOR CONNECTION, POWERED TESTING, MOTION, WALKING, OR ENERGIZATION"
WS-L01,8.420,R SINGLE,R,0.868375,0.042739,0.000000,235.184092,NONE,0.000025894,135.451503,5.008134,50 HZ CONTACT-ENABLED INVERSE FEEDFORWARD + FROZEN BASELINE PD GAINS,"PRELIMINARY - NUMERICAL HIP-REDUCTION SUCCESSOR ONLY - NOT APPROVED FOR CONNECTION, POWERED TESTING, MOTION, WALKING, OR ENERGIZATION"
WS-L01,8.440,R SINGLE,R,0.865922,0.038832,0.000000,237.420618,NONE,0.000022634,133.680991,2.888135,50 HZ CONTACT-ENABLED INVERSE FEEDFORWARD + FROZEN BASELINE PD GAINS,"PRELIMINARY - NUMERICAL HIP-REDUCTION SUCCESSOR ONLY - NOT APPROVED FOR CONNECTION, POWERED TESTING, MOTION, WALKING, OR ENERGIZATION"
WS-L01,8.460,R SINGLE,R,0.863608,0.035213,0.000000,231.041438,NONE,0.000022718,141.119783,5.778441,50 HZ CONTACT-ENABLED INVERSE FEEDFORWARD + FROZEN BASELINE PD GAINS,"PRELIMINARY - NUMERICAL HIP-REDUCTION SUCCESSOR ONLY - NOT APPROVED FOR CONNECTION, POWERED TESTING, MOTION, WALKING, OR ENERGIZATION"
WS-L01,8.480,R SINGLE,R,0.862885,0.031838,0.000000,237.638944,NONE,0.000024621,133.706312,2.858363,50 HZ CONTACT-ENABLED INVERSE FEEDFORWARD + FROZEN BASELINE PD GAINS,"PRELIMINARY - NUMERICAL HIP-REDUCTION SUCCESSOR ONLY - NOT APPROVED FOR CONNECTION, POWERED TESTING, MOTION, WALKING, OR ENERGIZATION"
WS-L01,8.500,R SINGLE,R,0.860387,0.027890,0.000000,230.944167,NONE,0.000025517,141.096938,5.762241,50 HZ CONTACT-ENABLED INVERSE FEEDFORWARD + FROZEN BASELINE PD GAINS,"PRELIMINARY - NUMERICAL HIP-REDUCTION SUCCESSOR ONLY - NOT APPROVED FOR CONNECTION, POWERED TESTING, MOTION, WALKING, OR ENERGIZATION"
WS-L01,8.520,R SINGLE,R,0.860828,0.024279,0.000000,235.649473,NONE,0.000024441,135.035796,5.117283,50 HZ CONTACT-ENABLED INVERSE FEEDFORWARD + FROZEN BASELINE PD GAINS,"PRELIMINARY - NUMERICAL HIP-REDUCTION SUCCESSOR ONLY - NOT APPROVED FOR CONNECTION, POWERED TESTING, MOTION, WALKING, OR ENERGIZATION"
WS-L01,8.540,R SINGLE,R,0.859263,0.020522,0.000000,235.055625,NONE,0.000023513,138.476822,5.072902,50 HZ CONTACT-ENABLED INVERSE FEEDFORWARD + FROZEN BASELINE PD GAINS,"PRELIMINARY - NUMERICAL HIP-REDUCTION SUCCESSOR ONLY - NOT APPROVED FOR CONNECTION, POWERED TESTING, MOTION, WALKING, OR ENERGIZATION"
WS-L01,8.560,R SINGLE,R,0.860967,0.016610,0.000000,237.705204,NONE,0.000022523,134.051811,3.020304,50 HZ CONTACT-ENABLED INVERSE FEEDFORWARD + FROZEN BASELINE PD GAINS,"PRELIMINARY - NUMERICAL HIP-REDUCTION SUCCESSOR ONLY - NOT APPROVED FOR CONNECTION, POWERED TESTING, MOTION, WALKING, OR ENERGIZATION"
WS-L01,8.580,R SINGLE,R,0.863348,0.012598,0.000000,235.219642,NONE,0.000022041,135.089855,4.221481,50 HZ CONTACT-ENABLED INVERSE FEEDFORWARD + FROZEN BASELINE PD GAINS,"PRELIMINARY - NUMERICAL HIP-REDUCTION SUCCESSOR ONLY - NOT APPROVED FOR CONNECTION, POWERED TESTING, MOTION, WALKING, OR ENERGIZATION"
WS-L01,8.600,R SINGLE,R,0.860249,0.009184,0.000000,235.665399,NONE,0.000020166,137.583205,4.905018,50 HZ CONTACT-ENABLED INVERSE FEEDFORWARD + FROZEN BASELINE PD GAINS,"PRELIMINARY - NUMERICAL HIP-REDUCTION SUCCESSOR ONLY - NOT APPROVED FOR CONNECTION, POWERED TESTING, MOTION, WALKING, OR ENERGIZATION"
WS-L01,8.620,R SINGLE,R,0.861185,0.007741,0.000000,235.775494,NONE,0.000023123,135.544799,5.040321,50 HZ CONTACT-ENABLED INVERSE FEEDFORWARD + FROZEN BASELINE PD GAINS,"PRELIMINARY - NUMERICAL HIP-REDUCTION SUCCESSOR ONLY - NOT APPROVED FOR CONNECTION, POWERED TESTING, MOTION, WALKING, OR ENERGIZATION"
WS-L01,8.640,R SINGLE,R,0.860781,0.006722,0.000000,235.516965,NONE,0.000023090,137.458824,4.860433,50 HZ CONTACT-ENABLED INVERSE FEEDFORWARD + FROZEN BASELINE PD GAINS,"PRELIMINARY - NUMERICAL HIP-REDUCTION SUCCESSOR ONLY - NOT APPROVED FOR CONNECTION, POWERED TESTING, MOTION, WALKING, OR ENERGIZATION"
WS-L01,8.660,R SINGLE,R,0.861611,0.006728,0.000000,237.710281,NONE,0.000021267,134.893973,3.012961,50 HZ CONTACT-ENABLED INVERSE FEEDFORWARD + FROZEN BASELINE PD GAINS,"PRELIMINARY - NUMERICAL HIP-REDUCTION SUCCESSOR ONLY - NOT APPROVED FOR CONNECTION, POWERED TESTING, MOTION, WALKING, OR ENERGIZATION"
WS-L01,8.680,R SINGLE,R,0.858079,0.007520,0.000000,238.137111,NONE,0.000020290,134.292095,2.918099,50 HZ CONTACT-ENABLED INVERSE FEEDFORWARD + FROZEN BASELINE PD GAINS,"PRELIMINARY - NUMERICAL HIP-REDUCTION SUCCESSOR ONLY - NOT APPROVED FOR CONNECTION, POWERED TESTING, MOTION, WALKING, OR ENERGIZATION"
WS-L01,8.700,R SINGLE,R,0.861970,0.008458,0.000000,232.635225,NONE,0.000020369,139.598652,5.438739,50 HZ CONTACT-ENABLED INVERSE FEEDFORWARD + FROZEN BASELINE PD GAINS,"PRELIMINARY - NUMERICAL HIP-REDUCTION SUCCESSOR ONLY - NOT APPROVED FOR CONNECTION, POWERED TESTING, MOTION, WALKING, OR ENERGIZATION"
WS-L01,8.720,R SINGLE,R,0.859971,0.009464,0.000000,236.833425,NONE,0.000019403,134.935385,4.308929,50 HZ CONTACT-ENABLED INVERSE FEEDFORWARD + FROZEN BASELINE PD GAINS,"PRELIMINARY - NUMERICAL HIP-REDUCTION SUCCESSOR ONLY - NOT APPROVED FOR CONNECTION, POWERED TESTING, MOTION, WALKING, OR ENERGIZATION"
WS-L01,8.740,R SINGLE,R,0.864762,0.010568,0.000000,237.028385,NONE,0.000018236,136.984259,4.302195,50 HZ CONTACT-ENABLED INVERSE FEEDFORWARD + FROZEN BASELINE PD GAINS,"PRELIMINARY - NUMERICAL HIP-REDUCTION SUCCESSOR ONLY - NOT APPROVED FOR CONNECTION, POWERED TESTING, MOTION, WALKING, OR ENERGIZATION"
WS-L01,8.760,R SINGLE,R,0.865423,0.011835,0.000000,238.051401,NONE,0.000017125,133.930440,2.692875,50 HZ CONTACT-ENABLED INVERSE FEEDFORWARD + FROZEN BASELINE PD GAINS,"PRELIMINARY - NUMERICAL HIP-REDUCTION SUCCESSOR ONLY - NOT APPROVED FOR CONNECTION, POWERED TESTING, MOTION, WALKING, OR ENERGIZATION"
WS-L01,8.780,R SINGLE,R,0.865533,0.013447,0.000000,236.369579,NONE,0.000017311,135.334548,5.081999,50 HZ CONTACT-ENABLED INVERSE FEEDFORWARD + FROZEN BASELINE PD GAINS,"PRELIMINARY - NUMERICAL HIP-REDUCTION SUCCESSOR ONLY - NOT APPROVED FOR CONNECTION, POWERED TESTING, MOTION, WALKING, OR ENERGIZATION"
WS-L01,8.800,R SINGLE,R,0.869247,0.014866,0.000000,237.831599,NONE,0.000015201,134.789977,2.816483,50 HZ CONTACT-ENABLED INVERSE FEEDFORWARD + FROZEN BASELINE PD GAINS,"PRELIMINARY - NUMERICAL HIP-REDUCTION SUCCESSOR ONLY - NOT APPROVED FOR CONNECTION, POWERED TESTING, MOTION, WALKING, OR ENERGIZATION"
WS-L01,8.820,R SINGLE,R,0.871847,0.016588,0.000000,237.065811,NONE,0.000019231,134.524399,4.461091,50 HZ CONTACT-ENABLED INVERSE FEEDFORWARD + FROZEN BASELINE PD GAINS,"PRELIMINARY - NUMERICAL HIP-REDUCTION SUCCESSOR ONLY - NOT APPROVED FOR CONNECTION, POWERED TESTING, MOTION, WALKING, OR ENERGIZATION"
WS-L01,8.840,R SINGLE,R,0.870780,0.017971,0.000000,237.177994,NONE,0.000017058,136.945443,4.356269,50 HZ CONTACT-ENABLED INVERSE FEEDFORWARD + FROZEN BASELINE PD GAINS,"PRELIMINARY - NUMERICAL HIP-REDUCTION SUCCESSOR ONLY - NOT APPROVED FOR CONNECTION, POWERED TESTING, MOTION, WALKING, OR ENERGIZATION"
WS-L01,8.860,R SINGLE,R,0.872944,0.019662,0.000000,238.157438,NONE,0.000015124,133.860080,2.708676,50 HZ CONTACT-ENABLED INVERSE FEEDFORWARD + FROZEN BASELINE PD GAINS,"PRELIMINARY - NUMERICAL HIP-REDUCTION SUCCESSOR ONLY - NOT APPROVED FOR CONNECTION, POWERED TESTING, MOTION, WALKING, OR ENERGIZATION"
WS-L01,8.880,R SINGLE,R,0.875012,0.021458,0.000000,239.130567,NONE,0.000013906,134.586553,2.918176,50 HZ CONTACT-ENABLED INVERSE FEEDFORWARD + FROZEN BASELINE PD GAINS,"PRELIMINARY - NUMERICAL HIP-REDUCTION SUCCESSOR ONLY - NOT APPROVED FOR CONNECTION, POWERED TESTING, MOTION, WALKING, OR ENERGIZATION"
WS-L01,8.900,R SINGLE,R,0.877150,0.023608,0.000000,238.452930,NONE,0.000013717,133.367671,2.877376,50 HZ CONTACT-ENABLED INVERSE FEEDFORWARD + FROZEN BASELINE PD GAINS,"PRELIMINARY - NUMERICAL HIP-REDUCTION SUCCESSOR ONLY - NOT APPROVED FOR CONNECTION, POWERED TESTING, MOTION, WALKING, OR ENERGIZATION"
WS-L01,8.920,R SINGLE,R,0.876217,0.025721,0.000000,231.659037,NONE,0.000014768,140.703660,5.790539,50 HZ CONTACT-ENABLED INVERSE FEEDFORWARD + FROZEN BASELINE PD GAINS,"PRELIMINARY - NUMERICAL HIP-REDUCTION SUCCESSOR ONLY - NOT APPROVED FOR CONNECTION, POWERED TESTING, MOTION, WALKING, OR ENERGIZATION"
WS-L01,8.940,R SINGLE,R,0.879791,0.027911,0.000000,236.365321,NONE,0.000014368,134.360367,5.176367,50 HZ CONTACT-ENABLED INVERSE FEEDFORWARD + FROZEN BASELINE PD GAINS,"PRELIMINARY - NUMERICAL HIP-REDUCTION SUCCESSOR ONLY - NOT APPROVED FOR CONNECTION, POWERED TESTING, MOTION, WALKING, OR ENERGIZATION"
WS-L01,8.960,R SINGLE,R,0.880212,0.030175,0.000000,235.836640,NONE,0.000013680,137.572977,5.060631,50 HZ CONTACT-ENABLED INVERSE FEEDFORWARD + FROZEN BASELINE PD GAINS,"PRELIMINARY - NUMERICAL HIP-REDUCTION SUCCESSOR ONLY - NOT APPROVED FOR CONNECTION, POWERED TESTING, MOTION, WALKING, OR ENERGIZATION"
WS-L01,8.980,R SINGLE,R,0.886947,0.032515,0.000000,238.309364,NONE,0.000012603,133.615722,3.001950,50 HZ CONTACT-ENABLED INVERSE FEEDFORWARD + FROZEN BASELINE PD GAINS,"PRELIMINARY - NUMERICAL HIP-REDUCTION SUCCESSOR ONLY - NOT APPROVED FOR CONNECTION, POWERED TESTING, MOTION, WALKING, OR ENERGIZATION"
WS-L01,9.000,R SINGLE,R,0.886939,0.035211,0.000000,238.651049,NONE,0.000011972,133.173585,2.910361,50 HZ CONTACT-ENABLED INVERSE FEEDFORWARD + FROZEN BASELINE PD GAINS,"PRELIMINARY - NUMERICAL HIP-REDUCTION SUCCESSOR ONLY - NOT APPROVED FOR CONNECTION, POWERED TESTING, MOTION, WALKING, OR ENERGIZATION"
WS-L01,9.020,R SINGLE,R,0.889650,0.037910,0.000000,232.541178,NONE,0.000012195,139.161584,5.589325,50 HZ CONTACT-ENABLED INVERSE FEEDFORWARD + FROZEN BASELINE PD GAINS,"PRELIMINARY - NUMERICAL HIP-REDUCTION SUCCESSOR ONLY - NOT APPROVED FOR CONNECTION, POWERED TESTING, MOTION, WALKING, OR ENERGIZATION"
WS-L01,9.040,R SINGLE,R,0.893548,0.040637,0.000000,237.071392,NONE,0.000011062,133.594418,4.754538,50 HZ CONTACT-ENABLED INVERSE FEEDFORWARD + FROZEN BASELINE PD GAINS,"PRELIMINARY - NUMERICAL HIP-REDUCTION SUCCESSOR ONLY - NOT APPROVED FOR CONNECTION, POWERED TESTING, MOTION, WALKING, OR ENERGIZATION"
WS-L01,9.060,R SINGLE,R,0.900006,0.043497,0.000000,237.522390,NONE,0.000009516,135.616021,4.497895,50 HZ CONTACT-ENABLED INVERSE FEEDFORWARD + FROZEN BASELINE PD GAINS,"PRELIMINARY - NUMERICAL HIP-REDUCTION SUCCESSOR ONLY - NOT APPROVED FOR CONNECTION, POWERED TESTING, MOTION, WALKING, OR ENERGIZATION"
WS-L01,9.080,R SINGLE,R,0.906190,0.046486,0.000000,239.097555,NONE,0.000007832,133.171149,2.867553,50 HZ CONTACT-ENABLED INVERSE FEEDFORWARD + FROZEN BASELINE PD GAINS,"PRELIMINARY - NUMERICAL HIP-REDUCTION SUCCESSOR ONLY - NOT APPROVED FOR CONNECTION, POWERED TESTING, MOTION, WALKING, OR ENERGIZATION"
WS-L01,9.100,R SINGLE,R,0.912188,0.049955,0.000000,237.566528,NONE,0.000011902,135.067672,4.357504,50 HZ CONTACT-ENABLED INVERSE FEEDFORWARD + FROZEN BASELINE PD GAINS,"PRELIMINARY - NUMERICAL HIP-REDUCTION SUCCESSOR ONLY - NOT APPROVED FOR CONNECTION, POWERED TESTING, MOTION, WALKING, OR ENERGIZATION"
WS-L01,9.120,R SINGLE,R,0.916807,0.053081,0.000000,238.571934,NONE,0.000009497,132.073976,2.688089,50 HZ CONTACT-ENABLED INVERSE FEEDFORWARD + FROZEN BASELINE PD GAINS,"PRELIMINARY - NUMERICAL HIP-REDUCTION SUCCESSOR ONLY - NOT APPROVED FOR CONNECTION, POWERED TESTING, MOTION, WALKING, OR ENERGIZATION"
WS-L01,9.140,R SINGLE,R,0.922846,0.056655,0.000000,239.591607,NONE,0.000007505,132.555926,2.901691,50 HZ CONTACT-ENABLED INVERSE FEEDFORWARD + FROZEN BASELINE PD GAINS,"PRELIMINARY - NUMERICAL HIP-REDUCTION SUCCESSOR ONLY - NOT APPROVED FOR CONNECTION, POWERED TESTING, MOTION, WALKING, OR ENERGIZATION"
WS-L01,9.160,R SINGLE,R,0.924649,0.060638,0.000000,238.902780,NONE,0.000006658,131.063991,2.867531,50 HZ CONTACT-ENABLED INVERSE FEEDFORWARD + FROZEN BASELINE PD GAINS,"PRELIMINARY - NUMERICAL HIP-REDUCTION SUCCESSOR ONLY - NOT APPROVED FOR CONNECTION, POWERED TESTING, MOTION, WALKING, OR ENERGIZATION"
WS-L01,9.180,R SINGLE,R,0.926959,0.064603,0.000000,231.943034,NONE,0.000007146,138.842088,5.887179,50 HZ CONTACT-ENABLED INVERSE FEEDFORWARD + FROZEN BASELINE PD GAINS,"PRELIMINARY - NUMERICAL HIP-REDUCTION SUCCESSOR ONLY - NOT APPROVED FOR CONNECTION, POWERED TESTING, MOTION, WALKING, OR ENERGIZATION"
WS-L01,9.200,R SINGLE,R,0.934216,0.068660,0.000000,236.341344,NONE,0.000006053,131.697945,5.319965,50 HZ CONTACT-ENABLED INVERSE FEEDFORWARD + FROZEN BASELINE PD GAINS,"PRELIMINARY - NUMERICAL HIP-REDUCTION SUCCESSOR ONLY - NOT APPROVED FOR CONNECTION, POWERED TESTING, MOTION, WALKING, OR ENERGIZATION"
WS-L01,9.220,R SINGLE,R,0.935521,0.073239,0.000000,231.950719,NONE,0.000009089,137.665953,5.802732,50 HZ CONTACT-ENABLED INVERSE FEEDFORWARD + FROZEN BASELINE PD GAINS,"PRELIMINARY - NUMERICAL HIP-REDUCTION SUCCESSOR ONLY - NOT APPROVED FOR CONNECTION, POWERED TESTING, MOTION, WALKING, OR ENERGIZATION"
WS-L01,9.240,R SINGLE,R,0.943335,0.077109,0.000000,236.614708,NONE,0.000008226,131.301568,5.340823,50 HZ CONTACT-ENABLED INVERSE FEEDFORWARD + FROZEN BASELINE PD GAINS,"PRELIMINARY - NUMERICAL HIP-REDUCTION SUCCESSOR ONLY - NOT APPROVED FOR CONNECTION, POWERED TESTING, MOTION, WALKING, OR ENERGIZATION"
WS-L01,9.260,R SINGLE,R,0.948981,0.081635,0.000000,236.427318,NONE,0.000006048,133.928835,5.019395,50 HZ CONTACT-ENABLED INVERSE FEEDFORWARD + FROZEN BASELINE PD GAINS,"PRELIMINARY - NUMERICAL HIP-REDUCTION SUCCESSOR ONLY - NOT APPROVED FOR CONNECTION, POWERED TESTING, MOTION, WALKING, OR ENERGIZATION"
WS-L01,9.280,R SINGLE,R,0.955668,0.086737,0.000000,237.011065,NONE,0.000008484,130.523919,5.424472,50 HZ CONTACT-ENABLED INVERSE FEEDFORWARD + FROZEN BASELINE PD GAINS,"PRELIMINARY - NUMERICAL HIP-REDUCTION SUCCESSOR ONLY - NOT APPROVED FOR CONNECTION, POWERED TESTING, MOTION, WALKING, OR ENERGIZATION"
WS-L01,9.300,R SINGLE,R,0.961739,0.091056,0.000000,236.396135,NONE,0.000007592,133.370005,5.038544,50 HZ CONTACT-ENABLED INVERSE FEEDFORWARD + FROZEN BASELINE PD GAINS,"PRELIMINARY - NUMERICAL HIP-REDUCTION SUCCESSOR ONLY - NOT APPROVED FOR CONNECTION, POWERED TESTING, MOTION, WALKING, OR ENERGIZATION"
WS-L01,9.320,R SINGLE,R,0.968924,0.095894,0.000000,238.998588,NONE,0.000004886,128.831997,2.980843,50 HZ CONTACT-ENABLED INVERSE FEEDFORWARD + FROZEN BASELINE PD GAINS,"PRELIMINARY - NUMERICAL HIP-REDUCTION SUCCESSOR ONLY - NOT APPROVED FOR CONNECTION, POWERED TESTING, MOTION, WALKING, OR ENERGIZATION"
WS-L01,9.340,R SINGLE,R,0.971915,0.101185,0.000000,239.200537,NONE,0.000003139,128.293331,2.848008,50 HZ CONTACT-ENABLED INVERSE FEEDFORWARD + FROZEN BASELINE PD GAINS,"PRELIMINARY - NUMERICAL HIP-REDUCTION SUCCESSOR ONLY - NOT APPROVED FOR CONNECTION, POWERED TESTING, MOTION, WALKING, OR ENERGIZATION"
WS-L01,9.360,R SINGLE,R,0.978388,0.106536,0.000000,239.511636,NONE,0.000004244,127.631484,3.194031,50 HZ CONTACT-ENABLED INVERSE FEEDFORWARD + FROZEN BASELINE PD GAINS,"PRELIMINARY - NUMERICAL HIP-REDUCTION SUCCESSOR ONLY - NOT APPROVED FOR CONNECTION, POWERED TESTING, MOTION, WALKING, OR ENERGIZATION"
WS-L01,9.380,R SINGLE,R,0.987251,0.111658,0.000000,239.368905,NONE,0.000005133,127.197466,2.754725,50 HZ CONTACT-ENABLED INVERSE FEEDFORWARD + FROZEN BASELINE PD GAINS,"PRELIMINARY - NUMERICAL HIP-REDUCTION SUCCESSOR ONLY - NOT APPROVED FOR CONNECTION, POWERED TESTING, MOTION, WALKING, OR ENERGIZATION"
WS-L01,9.400,R SINGLE,R,0.993899,0.117027,0.000000,232.102624,NONE,0.000003957,135.545378,5.940986,50 HZ CONTACT-ENABLED INVERSE FEEDFORWARD + FROZEN BASELINE PD GAINS,"PRELIMINARY - NUMERICAL HIP-REDUCTION SUCCESSOR ONLY - NOT APPROVED FOR CONNECTION, POWERED TESTING, MOTION, WALKING, OR ENERGIZATION"
WS-L01,9.420,R SINGLE,R,1.003594,0.122584,0.000000,238.386459,NONE,0.000002185,128.473319,3.463399,50 HZ CONTACT-ENABLED INVERSE FEEDFORWARD + FROZEN BASELINE PD GAINS,"PRELIMINARY - NUMERICAL HIP-REDUCTION SUCCESSOR ONLY - NOT APPROVED FOR CONNECTION, POWERED TESTING, MOTION, WALKING, OR ENERGIZATION"
WS-L01,9.440,R SINGLE,R,1.010286,0.128276,0.000000,232.255539,NONE,0.000005176,134.714597,5.944673,50 HZ CONTACT-ENABLED INVERSE FEEDFORWARD + FROZEN BASELINE PD GAINS,"PRELIMINARY - NUMERICAL HIP-REDUCTION SUCCESSOR ONLY - NOT APPROVED FOR CONNECTION, POWERED TESTING, MOTION, WALKING, OR ENERGIZATION"
WS-L01,9.460,R SINGLE,R,1.015142,0.133808,0.000000,237.691833,NONE,0.000002355,126.363237,5.607121,50 HZ CONTACT-ENABLED INVERSE FEEDFORWARD + FROZEN BASELINE PD GAINS,"PRELIMINARY - NUMERICAL HIP-REDUCTION SUCCESSOR ONLY - NOT APPROVED FOR CONNECTION, POWERED TESTING, MOTION, WALKING, OR ENERGIZATION"
WS-L01,9.480,R SINGLE,R,1.021973,0.139555,0.000000,239.314666,NONE,-0.000000458,125.464477,2.535459,50 HZ CONTACT-ENABLED INVERSE FEEDFORWARD + FROZEN BASELINE PD GAINS,"PRELIMINARY - NUMERICAL HIP-REDUCTION SUCCESSOR ONLY - NOT APPROVED FOR CONNECTION, POWERED TESTING, MOTION, WALKING, OR ENERGIZATION"
WS-L01,9.500,R SINGLE,R,1.030193,0.145697,0.000000,238.020948,NONE,0.000003706,125.133923,5.489237,50 HZ CONTACT-ENABLED INVERSE FEEDFORWARD + FROZEN BASELINE PD GAINS,"PRELIMINARY - NUMERICAL HIP-REDUCTION SUCCESSOR ONLY - NOT APPROVED FOR CONNECTION, POWERED TESTING, MOTION, WALKING, OR ENERGIZATION"
WS-L01,9.520,R SINGLE,R,1.036681,0.151364,0.000000,238.333119,NONE,0.000000312,128.400509,4.821475,50 HZ CONTACT-ENABLED INVERSE FEEDFORWARD + FROZEN BASELINE PD GAINS,"PRELIMINARY - NUMERICAL HIP-REDUCTION SUCCESSOR ONLY - NOT APPROVED FOR CONNECTION, POWERED TESTING, MOTION, WALKING, OR ENERGIZATION"
WS-L01,9.540,R SINGLE,R,1.045290,0.157688,0.000000,239.668488,NONE,0.000001272,123.056579,2.996961,50 HZ CONTACT-ENABLED INVERSE FEEDFORWARD + FROZEN BASELINE PD GAINS,"PRELIMINARY - NUMERICAL HIP-REDUCTION SUCCESSOR ONLY - NOT APPROVED FOR CONNECTION, POWERED TESTING, MOTION, WALKING, OR ENERGIZATION"
WS-L01,9.560,R SINGLE,R,1.048322,0.163916,0.000000,239.517804,NONE,-0.000000192,122.447972,2.660975,50 HZ CONTACT-ENABLED INVERSE FEEDFORWARD + FROZEN BASELINE PD GAINS,"PRELIMINARY - NUMERICAL HIP-REDUCTION SUCCESSOR ONLY - NOT APPROVED FOR CONNECTION, POWERED TESTING, MOTION, WALKING, OR ENERGIZATION"
WS-L01,9.580,R SINGLE,R,1.054426,0.170124,0.000000,231.650171,NONE,-0.000000511,132.436785,6.134377,50 HZ CONTACT-ENABLED INVERSE FEEDFORWARD + FROZEN BASELINE PD GAINS,"PRELIMINARY - NUMERICAL HIP-REDUCTION SUCCESSOR ONLY - NOT APPROVED FOR CONNECTION, POWERED TESTING, MOTION, WALKING, OR ENERGIZATION"
WS-L01,9.600,R SINGLE,R,1.058504,0.176368,0.000000,238.702769,NONE,-0.000001722,123.753744,3.401087,50 HZ CONTACT-ENABLED INVERSE FEEDFORWARD + FROZEN BASELINE PD GAINS,"PRELIMINARY - NUMERICAL HIP-REDUCTION SUCCESSOR ONLY - NOT APPROVED FOR CONNECTION, POWERED TESTING, MOTION, WALKING, OR ENERGIZATION"
WS-L01,9.620,R SINGLE,R,1.063846,0.182662,0.000000,231.674300,NONE,0.000002065,131.446082,6.142793,50 HZ CONTACT-ENABLED INVERSE FEEDFORWARD + FROZEN BASELINE PD GAINS,"PRELIMINARY - NUMERICAL HIP-REDUCTION SUCCESSOR ONLY - NOT APPROVED FOR CONNECTION, POWERED TESTING, MOTION, WALKING, OR ENERGIZATION"
WS-L01,9.640,R SINGLE,R,1.069230,0.188747,0.000000,237.520718,NONE,-0.000000740,121.670176,6.397994,50 HZ CONTACT-ENABLED INVERSE FEEDFORWARD + FROZEN BASELINE PD GAINS,"PRELIMINARY - NUMERICAL HIP-REDUCTION SUCCESSOR ONLY - NOT APPROVED FOR CONNECTION, POWERED TESTING, MOTION, WALKING, OR ENERGIZATION"
WS-L01,9.660,R SINGLE,R,1.072491,0.195143,0.000000,236.598457,NONE,-0.000000417,126.271821,5.365809,50 HZ CONTACT-ENABLED INVERSE FEEDFORWARD + FROZEN BASELINE PD GAINS,"PRELIMINARY - NUMERICAL HIP-REDUCTION SUCCESSOR ONLY - NOT APPROVED FOR CONNECTION, POWERED TESTING, MOTION, WALKING, OR ENERGIZATION"
WS-L01,9.680,R SINGLE,R,1.079841,0.201383,0.000000,240.528122,NONE,-0.000002351,119.622584,2.503331,50 HZ CONTACT-ENABLED INVERSE FEEDFORWARD + FROZEN BASELINE PD GAINS,"PRELIMINARY - NUMERICAL HIP-REDUCTION SUCCESSOR ONLY - NOT APPROVED FOR CONNECTION, POWERED TESTING, MOTION, WALKING, OR ENERGIZATION"
WS-L01,9.700,R SINGLE,R,1.087823,0.207715,0.000000,238.974931,NONE,-0.000001770,118.170396,2.650253,50 HZ CONTACT-ENABLED INVERSE FEEDFORWARD + FROZEN BASELINE PD GAINS,"PRELIMINARY - NUMERICAL HIP-REDUCTION SUCCESSOR ONLY - NOT APPROVED FOR CONNECTION, POWERED TESTING, MOTION, WALKING, OR ENERGIZATION"
WS-L01,9.720,R SINGLE,R,1.084758,0.214151,0.000000,231.304319,NONE,-0.000001060,129.279309,6.263828,50 HZ CONTACT-ENABLED INVERSE FEEDFORWARD + FROZEN BASELINE PD GAINS,"PRELIMINARY - NUMERICAL HIP-REDUCTION SUCCESSOR ONLY - NOT APPROVED FOR CONNECTION, POWERED TESTING, MOTION, WALKING, OR ENERGIZATION"
WS-L01,9.740,R SINGLE,R,1.080821,0.220642,0.000000,238.116623,NONE,-0.000000640,121.922677,4.581669,50 HZ CONTACT-ENABLED INVERSE FEEDFORWARD + FROZEN BASELINE PD GAINS,"PRELIMINARY - NUMERICAL HIP-REDUCTION SUCCESSOR ONLY - NOT APPROVED FOR CONNECTION, POWERED TESTING, MOTION, WALKING, OR ENERGIZATION"
WS-L01,9.760,R SINGLE,R,1.072949,0.226503,0.000000,239.639121,NONE,-0.000001801,116.588634,2.431141,50 HZ CONTACT-ENABLED INVERSE FEEDFORWARD + FROZEN BASELINE PD GAINS,"PRELIMINARY - NUMERICAL HIP-REDUCTION SUCCESSOR ONLY - NOT APPROVED FOR CONNECTION, POWERED TESTING, MOTION, WALKING, OR ENERGIZATION"
WS-L01,9.780,R SINGLE,R,1.057535,0.232784,0.000000,239.500736,NONE,-0.000003287,116.409602,2.446537,50 HZ CONTACT-ENABLED INVERSE FEEDFORWARD + FROZEN BASELINE PD GAINS,"PRELIMINARY - NUMERICAL HIP-REDUCTION SUCCESSOR ONLY - NOT APPROVED FOR CONNECTION, POWERED TESTING, MOTION, WALKING, OR ENERGIZATION"
WS-L01,9.800,R SINGLE,R,1.028941,0.239871,0.000000,230.943865,NONE,0.000001478,127.225021,6.198795,50 HZ CONTACT-ENABLED INVERSE FEEDFORWARD + FROZEN BASELINE PD GAINS,"PRELIMINARY - NUMERICAL HIP-REDUCTION SUCCESSOR ONLY - NOT APPROVED FOR CONNECTION, POWERED TESTING, MOTION, WALKING, OR ENERGIZATION"
WS-L01,9.820,R SINGLE,R,0.993715,0.245772,0.000000,236.686276,NONE,0.000000741,116.474259,6.960764,50 HZ CONTACT-ENABLED INVERSE FEEDFORWARD + FROZEN BASELINE PD GAINS,"PRELIMINARY - NUMERICAL HIP-REDUCTION SUCCESSOR ONLY - NOT APPROVED FOR CONNECTION, POWERED TESTING, MOTION, WALKING, OR ENERGIZATION"
WS-L01,9.840,R SINGLE,R,0.943385,0.251935,0.000000,235.760933,NONE,0.000001921,121.594820,5.408205,50 HZ CONTACT-ENABLED INVERSE FEEDFORWARD + FROZEN BASELINE PD GAINS,"PRELIMINARY - NUMERICAL HIP-REDUCTION SUCCESSOR ONLY - NOT APPROVED FOR CONNECTION, POWERED TESTING, MOTION, WALKING, OR ENERGIZATION"
WS-L01,9.860,R SINGLE,R,0.866789,0.256583,0.000000,242.313078,NONE,-0.000000119,111.288931,1.527793,50 HZ CONTACT-ENABLED INVERSE FEEDFORWARD + FROZEN BASELINE PD GAINS,"PRELIMINARY - NUMERICAL HIP-REDUCTION SUCCESSOR ONLY - NOT APPROVED FOR CONNECTION, POWERED TESTING, MOTION, WALKING, OR ENERGIZATION"
WS-L01,9.880,R SINGLE,R,0.856970,0.264371,0.000000,237.259743,NONE,-0.000002340,112.473491,2.451692,50 HZ CONTACT-ENABLED INVERSE FEEDFORWARD + FROZEN BASELINE PD GAINS,"PRELIMINARY - NUMERICAL HIP-REDUCTION SUCCESSOR ONLY - NOT APPROVED FOR CONNECTION, POWERED TESTING, MOTION, WALKING, OR ENERGIZATION"
WS-L01,9.900,R SINGLE,R,0.840203,0.271386,0.000000,229.803249,NONE,0.000000593,125.288429,6.341433,50 HZ CONTACT-ENABLED INVERSE FEEDFORWARD + FROZEN BASELINE PD GAINS,"PRELIMINARY - NUMERICAL HIP-REDUCTION SUCCESSOR ONLY - NOT APPROVED FOR CONNECTION, POWERED TESTING, MOTION, WALKING, OR ENERGIZATION"
WS-L01,9.920,R SINGLE,R,0.808493,0.275692,0.000000,237.540859,NONE,0.000002745,110.963112,2.256633,50 HZ CONTACT-ENABLED INVERSE FEEDFORWARD + FROZEN BASELINE PD GAINS,"PRELIMINARY - NUMERICAL HIP-REDUCTION SUCCESSOR ONLY - NOT APPROVED FOR CONNECTION, POWERED TESTING, MOTION, WALKING, OR ENERGIZATION"
WS-L01,9.940,R SINGLE,R,0.815973,0.283002,0.000000,229.276876,NONE,0.000004433,124.513210,6.352652,50 HZ CONTACT-ENABLED INVERSE FEEDFORWARD + FROZEN BASELINE PD GAINS,"PRELIMINARY - NUMERICAL HIP-REDUCTION SUCCESSOR ONLY - NOT APPROVED FOR CONNECTION, POWERED TESTING, MOTION, WALKING, OR ENERGIZATION"
WS-L01,9.960,R SINGLE,L+R,0.784289,0.288261,1.039854,236.822127,NONE,0.000006414,116.696324,4.920019,50 HZ CONTACT-ENABLED INVERSE FEEDFORWARD + FROZEN BASELINE PD GAINS,"PRELIMINARY - NUMERICAL HIP-REDUCTION SUCCESSOR ONLY - NOT APPROVED FOR CONNECTION, POWERED TESTING, MOTION, WALKING, OR ENERGIZATION"
WS-L01,9.980,R SINGLE,R,0.669221,0.292393,0.000000,238.080802,NONE,0.000006015,109.735552,2.572872,50 HZ CONTACT-ENABLED INVERSE FEEDFORWARD + FROZEN BASELINE PD GAINS,"PRELIMINARY - NUMERICAL HIP-REDUCTION SUCCESSOR ONLY - NOT APPROVED FOR CONNECTION, POWERED TESTING, MOTION, WALKING, OR ENERGIZATION"
WS-L01,10.000,R SINGLE,R,0.509221,0.297051,0.000000,239.680656,NONE,0.000008988,106.389080,1.522619,50 HZ CONTACT-ENABLED INVERSE FEEDFORWARD + FROZEN BASELINE PD GAINS,"PRELIMINARY - NUMERICAL HIP-REDUCTION SUCCESSOR ONLY - NOT APPROVED FOR CONNECTION, POWERED TESTING, MOTION, WALKING, OR ENERGIZATION"
WS-L01,10.020,R SINGLE,R,0.401933,0.302794,0.000000,230.943260,NONE,0.000005666,120.051729,5.388501,50 HZ CONTACT-ENABLED INVERSE FEEDFORWARD + FROZEN BASELINE PD GAINS,"PRELIMINARY - NUMERICAL HIP-REDUCTION SUCCESSOR ONLY - NOT APPROVED FOR CONNECTION, POWERED TESTING, MOTION, WALKING, OR ENERGIZATION"
WS-L01,10.040,R SINGLE,R,0.359112,0.309878,0.000000,229.430142,NONE,0.000005568,109.324879,7.372066,50 HZ CONTACT-ENABLED INVERSE FEEDFORWARD + FROZEN BASELINE PD GAINS,"PRELIMINARY - NUMERICAL HIP-REDUCTION SUCCESSOR ONLY - NOT APPROVED FOR CONNECTION, POWERED TESTING, MOTION, WALKING, OR ENERGIZATION"
WS-L01,10.060,R SINGLE,L+R,0.390147,0.315329,23.507719,241.386816,NONE,0.000005303,119.716037,7.291067,50 HZ CONTACT-ENABLED INVERSE FEEDFORWARD + FROZEN BASELINE PD GAINS,"PRELIMINARY - NUMERICAL HIP-REDUCTION SUCCESSOR ONLY - NOT APPROVED FOR CONNECTION, POWERED TESTING, MOTION, WALKING, OR ENERGIZATION"
WS-L01,10.080,R SINGLE,L+R,0.520171,0.329220,44.801405,244.186747,NONE,-0.000009601,110.134583,4.151406,50 HZ CONTACT-ENABLED INVERSE FEEDFORWARD + FROZEN BASELINE PD GAINS,"PRELIMINARY - NUMERICAL HIP-REDUCTION SUCCESSOR ONLY - NOT APPROVED FOR CONNECTION, POWERED TESTING, MOTION, WALKING, OR ENERGIZATION"
WS-L01,10.100,R SINGLE,L+R,0.639055,0.324226,55.109572,247.408179,NONE,-0.000023951,107.927991,5.921948,50 HZ CONTACT-ENABLED INVERSE FEEDFORWARD + FROZEN BASELINE PD GAINS,"PRELIMINARY - NUMERICAL HIP-REDUCTION SUCCESSOR ONLY - NOT APPROVED FOR CONNECTION, POWERED TESTING, MOTION, WALKING, OR ENERGIZATION"
WS-L01,10.120,R SINGLE,L+R,0.725398,0.327648,45.772880,242.312294,NONE,-0.000037415,129.072012,10.577057,50 HZ CONTACT-ENABLED INVERSE FEEDFORWARD + FROZEN BASELINE PD GAINS,"PRELIMINARY - NUMERICAL HIP-REDUCTION SUCCESSOR ONLY - NOT APPROVED FOR CONNECTION, POWERED TESTING, MOTION, WALKING, OR ENERGIZATION"
WS-L01,10.140,R SINGLE,L+R,0.748595,0.336433,25.881010,249.950367,NONE,-0.000055924,100.632685,5.142336,50 HZ CONTACT-ENABLED INVERSE FEEDFORWARD + FROZEN BASELINE PD GAINS,"PRELIMINARY - NUMERICAL HIP-REDUCTION SUCCESSOR ONLY - NOT APPROVED FOR CONNECTION, POWERED TESTING, MOTION, WALKING, OR ENERGIZATION"
WS-L01,10.160,R SINGLE,L+R,0.767670,0.340615,73.038131,252.754361,NONE,-0.000072709,120.095462,9.475310,50 HZ CONTACT-ENABLED INVERSE FEEDFORWARD + FROZEN BASELINE PD GAINS,"PRELIMINARY - NUMERICAL HIP-REDUCTION SUCCESSOR ONLY - NOT APPROVED FOR CONNECTION, POWERED TESTING, MOTION, WALKING, OR ENERGIZATION"
WS-L01,10.180,R SINGLE,L+R,0.764224,0.343322,33.077363,257.908622,NONE,-0.000089907,101.376765,4.289299,50 HZ CONTACT-ENABLED INVERSE FEEDFORWARD + FROZEN BASELINE PD GAINS,"PRELIMINARY - NUMERICAL HIP-REDUCTION SUCCESSOR ONLY - NOT APPROVED FOR CONNECTION, POWERED TESTING, MOTION, WALKING, OR ENERGIZATION"
WS-L01,10.200,R SINGLE,L+R,0.749525,0.345711,38.749256,259.871566,NONE,-0.000103247,101.787116,5.156875,50 HZ CONTACT-ENABLED INVERSE FEEDFORWARD + FROZEN BASELINE PD GAINS,"PRELIMINARY - NUMERICAL HIP-REDUCTION SUCCESSOR ONLY - NOT APPROVED FOR CONNECTION, POWERED TESTING, MOTION, WALKING, OR ENERGIZATION"
WS-L01,10.220,R SINGLE,L+R,0.717862,0.350628,44.783555,260.701110,NONE,-0.000113754,100.225054,5.262731,50 HZ CONTACT-ENABLED INVERSE FEEDFORWARD + FROZEN BASELINE PD GAINS,"PRELIMINARY - NUMERICAL HIP-REDUCTION SUCCESSOR ONLY - NOT APPROVED FOR CONNECTION, POWERED TESTING, MOTION, WALKING, OR ENERGIZATION"
WS-L01,10.240,R SINGLE,L+R,0.673233,0.355195,51.572810,255.171306,NONE,-0.000121308,118.885490,9.527529,50 HZ CONTACT-ENABLED INVERSE FEEDFORWARD + FROZEN BASELINE PD GAINS,"PRELIMINARY - NUMERICAL HIP-REDUCTION SUCCESSOR ONLY - NOT APPROVED FOR CONNECTION, POWERED TESTING, MOTION, WALKING, OR ENERGIZATION"
WS-L01,10.260,R SINGLE,L+R,0.624829,0.360161,61.381197,264.346170,NONE,-0.000133198,101.357423,5.167026,50 HZ CONTACT-ENABLED INVERSE FEEDFORWARD + FROZEN BASELINE PD GAINS,"PRELIMINARY - NUMERICAL HIP-REDUCTION SUCCESSOR ONLY - NOT APPROVED FOR CONNECTION, POWERED TESTING, MOTION, WALKING, OR ENERGIZATION"
WS-L01,10.280,R SINGLE,L+R,0.574880,0.364803,73.182375,264.478448,NONE,-0.000143755,102.823669,5.604406,50 HZ CONTACT-ENABLED INVERSE FEEDFORWARD + FROZEN BASELINE PD GAINS,"PRELIMINARY - NUMERICAL HIP-REDUCTION SUCCESSOR ONLY - NOT APPROVED FOR CONNECTION, POWERED TESTING, MOTION, WALKING, OR ENERGIZATION"
WS-L01,10.300,R SINGLE,L+R,0.524908,0.368273,84.828163,267.535624,NONE,-0.000151085,108.068147,7.386677,50 HZ CONTACT-ENABLED INVERSE FEEDFORWARD + FROZEN BASELINE PD GAINS,"PRELIMINARY - NUMERICAL HIP-REDUCTION SUCCESSOR ONLY - NOT APPROVED FOR CONNECTION, POWERED TESTING, MOTION, WALKING, OR ENERGIZATION"
WS-L01,10.320,R SINGLE,L+R,0.478711,0.371923,93.647012,271.974922,NONE,-0.000161508,99.380340,2.148403,50 HZ CONTACT-ENABLED INVERSE FEEDFORWARD + FROZEN BASELINE PD GAINS,"PRELIMINARY - NUMERICAL HIP-REDUCTION SUCCESSOR ONLY - NOT APPROVED FOR CONNECTION, POWERED TESTING, MOTION, WALKING, OR ENERGIZATION"
WS-L01,10.340,R SINGLE,L+R,0.450038,0.374945,101.099273,271.276413,NONE,-0.000165438,99.461723,2.315508,50 HZ CONTACT-ENABLED INVERSE FEEDFORWARD + FROZEN BASELINE PD GAINS,"PRELIMINARY - NUMERICAL HIP-REDUCTION SUCCESSOR ONLY - NOT APPROVED FOR CONNECTION, POWERED TESTING, MOTION, WALKING, OR ENERGIZATION"
WS-L01,10.360,R SINGLE,L+R,0.439066,0.378243,108.343913,272.788164,NONE,-0.000174287,99.289821,2.606248,50 HZ CONTACT-ENABLED INVERSE FEEDFORWARD + FROZEN BASELINE PD GAINS,"PRELIMINARY - NUMERICAL HIP-REDUCTION SUCCESSOR ONLY - NOT APPROVED FOR CONNECTION, POWERED TESTING, MOTION, WALKING, OR ENERGIZATION"
WS-L01,10.380,R SINGLE,L+R,0.432593,0.380956,114.258066,271.678755,NONE,-0.000174319,98.832074,2.901642,50 HZ CONTACT-ENABLED INVERSE FEEDFORWARD + FROZEN BASELINE PD GAINS,"PRELIMINARY - NUMERICAL HIP-REDUCTION SUCCESSOR ONLY - NOT APPROVED FOR CONNECTION, POWERED TESTING, MOTION, WALKING, OR ENERGIZATION"
WS-L01,10.400,R SINGLE,L+R,0.427642,0.383836,119.806522,265.219917,NONE,-0.000174289,111.698859,7.648838,50 HZ CONTACT-ENABLED INVERSE FEEDFORWARD + FROZEN BASELINE PD GAINS,"PRELIMINARY - NUMERICAL HIP-REDUCTION SUCCESSOR ONLY - NOT APPROVED FOR CONNECTION, POWERED TESTING, MOTION, WALKING, OR ENERGIZATION"
WS-L01,10.420,R SINGLE,L+R,0.419550,0.387200,124.647645,265.095053,NONE,-0.000176239,112.263151,7.775408,50 HZ CONTACT-ENABLED INVERSE FEEDFORWARD + FROZEN BASELINE PD GAINS,"PRELIMINARY - NUMERICAL HIP-REDUCTION SUCCESSOR ONLY - NOT APPROVED FOR CONNECTION, POWERED TESTING, MOTION, WALKING, OR ENERGIZATION"
WS-L01,10.440,R SINGLE,L+R,0.421533,0.389648,128.364356,271.319508,NONE,-0.000176816,105.154087,6.342544,50 HZ CONTACT-ENABLED INVERSE FEEDFORWARD + FROZEN BASELINE PD GAINS,"PRELIMINARY - NUMERICAL HIP-REDUCTION SUCCESSOR ONLY - NOT APPROVED FOR CONNECTION, POWERED TESTING, MOTION, WALKING, OR ENERGIZATION"
WS-L01,10.460,R SINGLE,L+R,0.434407,0.392621,132.357068,269.544140,NONE,-0.000176026,106.090473,6.466756,50 HZ CONTACT-ENABLED INVERSE FEEDFORWARD + FROZEN BASELINE PD GAINS,"PRELIMINARY - NUMERICAL HIP-REDUCTION SUCCESSOR ONLY - NOT APPROVED FOR CONNECTION, POWERED TESTING, MOTION, WALKING, OR ENERGIZATION"
WS-L01,10.480,R SINGLE,L+R,0.445944,0.394993,137.075438,271.137896,NONE,-0.000172425,105.523825,6.400184,50 HZ CONTACT-ENABLED INVERSE FEEDFORWARD + FROZEN BASELINE PD GAINS,"PRELIMINARY - NUMERICAL HIP-REDUCTION SUCCESSOR ONLY - NOT APPROVED FOR CONNECTION, POWERED TESTING, MOTION, WALKING, OR ENERGIZATION"
WS-L01,10.500,R SINGLE,L+R,0.456998,0.397791,140.176833,270.851877,NONE,-0.000173539,105.864405,6.495292,50 HZ CONTACT-ENABLED INVERSE FEEDFORWARD + FROZEN BASELINE PD GAINS,"PRELIMINARY - NUMERICAL HIP-REDUCTION SUCCESSOR ONLY - NOT APPROVED FOR CONNECTION, POWERED TESTING, MOTION, WALKING, OR ENERGIZATION"
WS-L01,10.520,R SINGLE,L+R,0.466564,0.399543,142.311040,272.269673,NONE,-0.000169385,100.055432,2.471138,50 HZ CONTACT-ENABLED INVERSE FEEDFORWARD + FROZEN BASELINE PD GAINS,"PRELIMINARY - NUMERICAL HIP-REDUCTION SUCCESSOR ONLY - NOT APPROVED FOR CONNECTION, POWERED TESTING, MOTION, WALKING, OR ENERGIZATION"
WS-L01,10.540,R SINGLE,L+R,0.475821,0.402181,147.991807,272.776113,NONE,-0.000168901,98.850889,1.745423,50 HZ CONTACT-ENABLED INVERSE FEEDFORWARD + FROZEN BASELINE PD GAINS,"PRELIMINARY - NUMERICAL HIP-REDUCTION SUCCESSOR ONLY - NOT APPROVED FOR CONNECTION, POWERED TESTING, MOTION, WALKING, OR ENERGIZATION"
WS-L01,10.560,R SINGLE,L+R,0.484092,0.403882,149.298626,270.676700,NONE,-0.000162105,99.416702,1.398900,50 HZ CONTACT-ENABLED INVERSE FEEDFORWARD + FROZEN BASELINE PD GAINS,"PRELIMINARY - NUMERICAL HIP-REDUCTION SUCCESSOR ONLY - NOT APPROVED FOR CONNECTION, POWERED TESTING, MOTION, WALKING, OR ENERGIZATION"
WS-L01,10.580,R SINGLE,L+R,0.492082,0.405861,150.721277,270.161556,NONE,-0.000162795,99.182094,1.251126,50 HZ CONTACT-ENABLED INVERSE FEEDFORWARD + FROZEN BASELINE PD GAINS,"PRELIMINARY - NUMERICAL HIP-REDUCTION SUCCESSOR ONLY - NOT APPROVED FOR CONNECTION, POWERED TESTING, MOTION, WALKING, OR ENERGIZATION"
WS-L01,10.600,R SINGLE,L+R,0.498761,0.407519,151.252137,262.415899,NONE,-0.000154561,98.809953,4.463416,50 HZ CONTACT-ENABLED INVERSE FEEDFORWARD + FROZEN BASELINE PD GAINS,"PRELIMINARY - NUMERICAL HIP-REDUCTION SUCCESSOR ONLY - NOT APPROVED FOR CONNECTION, POWERED TESTING, MOTION, WALKING, OR ENERGIZATION"
WS-L01,10.620,R SINGLE,L+R,0.504984,0.409054,153.725111,268.890198,NONE,-0.000151146,110.351725,7.482656,50 HZ CONTACT-ENABLED INVERSE FEEDFORWARD + FROZEN BASELINE PD GAINS,"PRELIMINARY - NUMERICAL HIP-REDUCTION SUCCESSOR ONLY - NOT APPROVED FOR CONNECTION, POWERED TESTING, MOTION, WALKING, OR ENERGIZATION"
WS-L01,10.640,R SINGLE,L+R,0.511415,0.411479,154.299327,270.241660,NONE,-0.000151931,98.720843,1.573963,50 HZ CONTACT-ENABLED INVERSE FEEDFORWARD + FROZEN BASELINE PD GAINS,"PRELIMINARY - NUMERICAL HIP-REDUCTION SUCCESSOR ONLY - NOT APPROVED FOR CONNECTION, POWERED TESTING, MOTION, WALKING, OR ENERGIZATION"
WS-L01,10.660,R SINGLE,L+R,0.516253,0.412492,154.790707,268.205184,NONE,-0.000145121,99.350068,1.360421,50 HZ CONTACT-ENABLED INVERSE FEEDFORWARD + FROZEN BASELINE PD GAINS,"PRELIMINARY - NUMERICAL HIP-REDUCTION SUCCESSOR ONLY - NOT APPROVED FOR CONNECTION, POWERED TESTING, MOTION, WALKING, OR ENERGIZATION"
WS-L01,10.680,R SINGLE,L+R,0.521096,0.414203,154.658997,261.069790,NONE,-0.000139216,97.890486,4.184803,50 HZ CONTACT-ENABLED INVERSE FEEDFORWARD + FROZEN BASELINE PD GAINS,"PRELIMINARY - NUMERICAL HIP-REDUCTION SUCCESSOR ONLY - NOT APPROVED FOR CONNECTION, POWERED TESTING, MOTION, WALKING, OR ENERGIZATION"
WS-L01,10.700,R SINGLE,L+R,0.525791,0.416236,156.028983,260.209064,NONE,-0.000136343,107.240443,6.590922,50 HZ CONTACT-ENABLED INVERSE FEEDFORWARD + FROZEN BASELINE PD GAINS,"PRELIMINARY - NUMERICAL HIP-REDUCTION SUCCESSOR ONLY - NOT APPROVED FOR CONNECTION, POWERED TESTING, MOTION, WALKING, OR ENERGIZATION"
WS-L01,10.720,DOUBLE,L+R,0.530107,0.417952,157.663926,266.527939,NONE,-0.000133531,103.129100,4.275090,50 HZ CONTACT-ENABLED INVERSE FEEDFORWARD + FROZEN BASELINE PD GAINS,"PRELIMINARY - NUMERICAL HIP-REDUCTION SUCCESSOR ONLY - NOT APPROVED FOR CONNECTION, POWERED TESTING, MOTION, WALKING, OR ENERGIZATION"
WS-R01,0.000,DOUBLE,L+R,0.252502,0.000044,183.161253,184.001291,NONE,0.000167607,113.960557,7.562587,50 HZ CONTACT-ENABLED INVERSE FEEDFORWARD + FROZEN BASELINE PD GAINS,"PRELIMINARY - NUMERICAL HIP-REDUCTION SUCCESSOR ONLY - NOT APPROVED FOR CONNECTION, POWERED TESTING, MOTION, WALKING, OR ENERGIZATION"
WS-R01,0.020,DOUBLE,L+R,0.261620,0.000034,182.733178,183.468285,NONE,0.000170358,115.454574,7.922511,50 HZ CONTACT-ENABLED INVERSE FEEDFORWARD + FROZEN BASELINE PD GAINS,"PRELIMINARY - NUMERICAL HIP-REDUCTION SUCCESSOR ONLY - NOT APPROVED FOR CONNECTION, POWERED TESTING, MOTION, WALKING, OR ENERGIZATION"
WS-R01,0.040,DOUBLE,L+R,0.226956,0.000040,191.727571,192.469072,NONE,0.000172421,98.766746,0.560010,50 HZ CONTACT-ENABLED INVERSE FEEDFORWARD + FROZEN BASELINE PD GAINS,"PRELIMINARY - NUMERICAL HIP-REDUCTION SUCCESSOR ONLY - NOT APPROVED FOR CONNECTION, POWERED TESTING, MOTION, WALKING, OR ENERGIZATION"
WS-R01,0.060,DOUBLE,L+R,0.219985,0.000042,187.631321,188.391344,NONE,0.000171652,117.303633,10.923977,50 HZ CONTACT-ENABLED INVERSE FEEDFORWARD + FROZEN BASELINE PD GAINS,"PRELIMINARY - NUMERICAL HIP-REDUCTION SUCCESSOR ONLY - NOT APPROVED FOR CONNECTION, POWERED TESTING, MOTION, WALKING, OR ENERGIZATION"
WS-R01,0.080,DOUBLE,L+R,0.238763,0.000077,190.459832,191.203668,NONE,0.000172729,99.469437,0.106669,50 HZ CONTACT-ENABLED INVERSE FEEDFORWARD + FROZEN BASELINE PD GAINS,"PRELIMINARY - NUMERICAL HIP-REDUCTION SUCCESSOR ONLY - NOT APPROVED FOR CONNECTION, POWERED TESTING, MOTION, WALKING, OR ENERGIZATION"
WS-R01,0.100,DOUBLE,L+R,0.243883,0.000056,190.493003,191.236455,NONE,0.000177203,99.430317,0.110978,50 HZ CONTACT-ENABLED INVERSE FEEDFORWARD + FROZEN BASELINE PD GAINS,"PRELIMINARY - NUMERICAL HIP-REDUCTION SUCCESSOR ONLY - NOT APPROVED FOR CONNECTION, POWERED TESTING, MOTION, WALKING, OR ENERGIZATION"
WS-R01,0.120,DOUBLE,L+R,0.246683,0.000060,187.979810,188.737658,NONE,0.000179583,110.371205,7.626745,50 HZ CONTACT-ENABLED INVERSE FEEDFORWARD + FROZEN BASELINE PD GAINS,"PRELIMINARY - NUMERICAL HIP-REDUCTION SUCCESSOR ONLY - NOT APPROVED FOR CONNECTION, POWERED TESTING, MOTION, WALKING, OR ENERGIZATION"
WS-R01,0.140,DOUBLE,L+R,0.292012,0.000040,183.887737,184.643394,NONE,0.000188459,111.985586,7.873609,50 HZ CONTACT-ENABLED INVERSE FEEDFORWARD + FROZEN BASELINE PD GAINS,"PRELIMINARY - NUMERICAL HIP-REDUCTION SUCCESSOR ONLY - NOT APPROVED FOR CONNECTION, POWERED TESTING, MOTION, WALKING, OR ENERGIZATION"
WS-R01,0.160,DOUBLE,L+R,0.277270,0.000048,187.549588,188.308659,NONE,0.000195497,112.378772,8.216123,50 HZ CONTACT-ENABLED INVERSE FEEDFORWARD + FROZEN BASELINE PD GAINS,"PRELIMINARY - NUMERICAL HIP-REDUCTION SUCCESSOR ONLY - NOT APPROVED FOR CONNECTION, POWERED TESTING, MOTION, WALKING, OR ENERGIZATION"
WS-R01,0.180,DOUBLE,L+R,0.314669,0.000065,180.871558,181.622171,NONE,0.000199238,117.446730,8.323864,50 HZ CONTACT-ENABLED INVERSE FEEDFORWARD + FROZEN BASELINE PD GAINS,"PRELIMINARY - NUMERICAL HIP-REDUCTION SUCCESSOR ONLY - NOT APPROVED FOR CONNECTION, POWERED TESTING, MOTION, WALKING, OR ENERGIZATION"
WS-R01,0.200,DOUBLE,L+R,0.340778,0.000035,182.835129,183.584583,NONE,0.000202765,112.053012,8.041134,50 HZ CONTACT-ENABLED INVERSE FEEDFORWARD + FROZEN BASELINE PD GAINS,"PRELIMINARY - NUMERICAL HIP-REDUCTION SUCCESSOR ONLY - NOT APPROVED FOR CONNECTION, POWERED TESTING, MOTION, WALKING, OR ENERGIZATION"
WS-R01,0.220,DOUBLE,L+R,0.360650,0.000041,181.980369,182.726459,NONE,0.000197748,112.347351,8.132964,50 HZ CONTACT-ENABLED INVERSE FEEDFORWARD + FROZEN BASELINE PD GAINS,"PRELIMINARY - NUMERICAL HIP-REDUCTION SUCCESSOR ONLY - NOT APPROVED FOR CONNECTION, POWERED TESTING, MOTION, WALKING, OR ENERGIZATION"
WS-R01,0.240,DOUBLE,L+R,0.394158,0.000042,180.465767,181.208108,NONE,0.000195086,112.535029,8.228922,50 HZ CONTACT-ENABLED INVERSE FEEDFORWARD + FROZEN BASELINE PD GAINS,"PRELIMINARY - NUMERICAL HIP-REDUCTION SUCCESSOR ONLY - NOT APPROVED FOR CONNECTION, POWERED TESTING, MOTION, WALKING, OR ENERGIZATION"
WS-R01,0.260,DOUBLE,L+R,0.422548,0.000047,178.382249,179.119854,NONE,0.000193316,112.654325,8.329300,50 HZ CONTACT-ENABLED INVERSE FEEDFORWARD + FROZEN BASELINE PD GAINS,"PRELIMINARY - NUMERICAL HIP-REDUCTION SUCCESSOR ONLY - NOT APPROVED FOR CONNECTION, POWERED TESTING, MOTION, WALKING, OR ENERGIZATION"
WS-R01,0.280,DOUBLE,L+R,0.444350,0.000055,175.756048,176.487814,NONE,0.000191775,112.729601,8.435570,50 HZ CONTACT-ENABLED INVERSE FEEDFORWARD + FROZEN BASELINE PD GAINS,"PRELIMINARY - NUMERICAL HIP-REDUCTION SUCCESSOR ONLY - NOT APPROVED FOR CONNECTION, POWERED TESTING, MOTION, WALKING, OR ENERGIZATION"
WS-R01,0.300,DOUBLE,L+R,0.461742,0.000065,172.597462,173.322207,NONE,0.000190241,112.769789,8.547602,50 HZ CONTACT-ENABLED INVERSE FEEDFORWARD + FROZEN BASELINE PD GAINS,"PRELIMINARY - NUMERICAL HIP-REDUCTION SUCCESSOR ONLY - NOT APPROVED FOR CONNECTION, POWERED TESTING, MOTION, WALKING, OR ENERGIZATION"
WS-R01,0.320,DOUBLE,L+R,0.476177,0.000076,168.911001,169.627472,NONE,0.000188656,112.775136,8.664150,50 HZ CONTACT-ENABLED INVERSE FEEDFORWARD + FROZEN BASELINE PD GAINS,"PRELIMINARY - NUMERICAL HIP-REDUCTION SUCCESSOR ONLY - NOT APPROVED FOR CONNECTION, POWERED TESTING, MOTION, WALKING, OR ENERGIZATION"
WS-R01,0.340,DOUBLE,L+R,0.488595,0.000089,164.698524,165.405402,NONE,0.000187019,112.742188,8.783541,50 HZ CONTACT-ENABLED INVERSE FEEDFORWARD + FROZEN BASELINE PD GAINS,"PRELIMINARY - NUMERICAL HIP-REDUCTION SUCCESSOR ONLY - NOT APPROVED FOR CONNECTION, POWERED TESTING, MOTION, WALKING, OR ENERGIZATION"
WS-R01,0.360,DOUBLE,L+R,0.499577,0.000103,159.959223,160.655139,NONE,0.000185347,112.665891,8.903898,50 HZ CONTACT-ENABLED INVERSE FEEDFORWARD + FROZEN BASELINE PD GAINS,"PRELIMINARY - NUMERICAL HIP-REDUCTION SUCCESSOR ONLY - NOT APPROVED FOR CONNECTION, POWERED TESTING, MOTION, WALKING, OR ENERGIZATION"
WS-R01,0.380,DOUBLE,L+R,0.509456,0.000118,154.695731,155.379283,NONE,0.000183665,112.540166,9.023192,50 HZ CONTACT-ENABLED INVERSE FEEDFORWARD + FROZEN BASELINE PD GAINS,"PRELIMINARY - NUMERICAL HIP-REDUCTION SUCCESSOR ONLY - NOT APPROVED FOR CONNECTION, POWERED TESTING, MOTION, WALKING, OR ENERGIZATION"
WS-R01,0.400,DOUBLE,L+R,0.518388,0.000135,148.912393,149.582165,NONE,0.000182000,112.358965,9.139369,50 HZ CONTACT-ENABLED INVERSE FEEDFORWARD + FROZEN BASELINE PD GAINS,"PRELIMINARY - NUMERICAL HIP-REDUCTION SUCCESSOR ONLY - NOT APPROVED FOR CONNECTION, POWERED TESTING, MOTION, WALKING, OR ENERGIZATION"
WS-R01,0.420,DOUBLE,L+R,0.526410,0.000153,142.619525,143.274118,NONE,0.000180381,112.115852,9.250253,50 HZ CONTACT-ENABLED INVERSE FEEDFORWARD + FROZEN BASELINE PD GAINS,"PRELIMINARY - NUMERICAL HIP-REDUCTION SUCCESSOR ONLY - NOT APPROVED FOR CONNECTION, POWERED TESTING, MOTION, WALKING, OR ENERGIZATION"
WS-R01,0.440,DOUBLE,L+R,0.533472,0.000172,135.834547,136.472612,NONE,0.000178843,111.804587,9.353616,50 HZ CONTACT-ENABLED INVERSE FEEDFORWARD + FROZEN BASELINE PD GAINS,"PRELIMINARY - NUMERICAL HIP-REDUCTION SUCCESSOR ONLY - NOT APPROVED FOR CONNECTION, POWERED TESTING, MOTION, WALKING, OR ENERGIZATION"
WS-R01,0.460,DOUBLE,L+R,0.539468,0.000193,128.583001,129.203271,NONE,0.000177423,111.419410,9.447235,50 HZ CONTACT-ENABLED INVERSE FEEDFORWARD + FROZEN BASELINE PD GAINS,"PRELIMINARY - NUMERICAL HIP-REDUCTION SUCCESSOR ONLY - NOT APPROVED FOR CONNECTION, POWERED TESTING, MOTION, WALKING, OR ENERGIZATION"
WS-R01,0.480,DOUBLE,L+R,0.544251,0.000215,120.899070,121.500402,NONE,0.000176160,110.955318,9.528948,50 HZ CONTACT-ENABLED INVERSE FEEDFORWARD + FROZEN BASELINE PD GAINS,"PRELIMINARY - NUMERICAL HIP-REDUCTION SUCCESSOR ONLY - NOT APPROVED FOR CONNECTION, POWERED TESTING, MOTION, WALKING, OR ENERGIZATION"
WS-R01,0.500,DOUBLE,L+R,0.547656,0.000238,112.825535,113.406945,NONE,0.000175099,110.408359,9.596708,50 HZ CONTACT-ENABLED INVERSE FEEDFORWARD + FROZEN BASELINE PD GAINS,"PRELIMINARY - NUMERICAL HIP-REDUCTION SUCCESSOR ONLY - NOT APPROVED FOR CONNECTION, POWERED TESTING, MOTION, WALKING, OR ENERGIZATION"
WS-R01,0.520,DOUBLE,L+R,0.549510,0.000262,104.415401,104.976102,NONE,0.000174286,109.775735,9.648607,50 HZ CONTACT-ENABLED INVERSE FEEDFORWARD + FROZEN BASELINE PD GAINS,"PRELIMINARY - NUMERICAL HIP-REDUCTION SUCCESSOR ONLY - NOT APPROVED FOR CONNECTION, POWERED TESTING, MOTION, WALKING, OR ENERGIZATION"
WS-R01,0.540,DOUBLE,L+R,0.549644,0.000286,95.729540,96.268974,NONE,0.000173770,109.056467,9.683022,50 HZ CONTACT-ENABLED INVERSE FEEDFORWARD + FROZEN BASELINE PD GAINS,"PRELIMINARY - NUMERICAL HIP-REDUCTION SUCCESSOR ONLY - NOT APPROVED FOR CONNECTION, POWERED TESTING, MOTION, WALKING, OR ENERGIZATION"
WS-R01,0.560,DOUBLE,L+R,0.547906,0.000311,86.836636,87.354495,NONE,0.000173598,108.251320,9.698627,50 HZ CONTACT-ENABLED INVERSE FEEDFORWARD + FROZEN BASELINE PD GAINS,"PRELIMINARY - NUMERICAL HIP-REDUCTION SUCCESSOR ONLY - NOT APPROVED FOR CONNECTION, POWERED TESTING, MOTION, WALKING, OR ENERGIZATION"
WS-R01,0.580,DOUBLE,L+R,0.544167,0.000336,77.811483,78.307729,NONE,0.000173818,107.363152,9.694478,50 HZ CONTACT-ENABLED INVERSE FEEDFORWARD + FROZEN BASELINE PD GAINS,"PRELIMINARY - NUMERICAL HIP-REDUCTION SUCCESSOR ONLY - NOT APPROVED FOR CONNECTION, POWERED TESTING, MOTION, WALKING, OR ENERGIZATION"
WS-R01,0.600,DOUBLE,L+R,0.538336,0.000361,68.733090,69.207955,NONE,0.000174474,106.396919,9.670042,50 HZ CONTACT-ENABLED INVERSE FEEDFORWARD + FROZEN BASELINE PD GAINS,"PRELIMINARY - NUMERICAL HIP-REDUCTION SUCCESSOR ONLY - NOT APPROVED FOR CONNECTION, POWERED TESTING, MOTION, WALKING, OR ENERGIZATION"
WS-R01,0.620,DOUBLE,L+R,0.530360,0.000386,59.682475,60.136456,NONE,0.000175604,105.359752,9.625253,50 HZ CONTACT-ENABLED INVERSE FEEDFORWARD + FROZEN BASELINE PD GAINS,"PRELIMINARY - NUMERICAL HIP-REDUCTION SUCCESSOR ONLY - NOT APPROVED FOR CONNECTION, POWERED TESTING, MOTION, WALKING, OR ENERGIZATION"
WS-R01,0.640,DOUBLE,L+R,0.520233,0.000410,50.740255,51.174095,NONE,0.000177238,104.260729,9.560491,50 HZ CONTACT-ENABLED INVERSE FEEDFORWARD + FROZEN BASELINE PD GAINS,"PRELIMINARY - NUMERICAL HIP-REDUCTION SUCCESSOR ONLY - NOT APPROVED FOR CONNECTION, POWERED TESTING, MOTION, WALKING, OR ENERGIZATION"
WS-R01,0.660,DOUBLE,L+R,0.508010,0.000440,42.538918,42.913335,NONE,0.000179446,103.170227,9.472649,50 HZ CONTACT-ENABLED INVERSE FEEDFORWARD + FROZEN BASELINE PD GAINS,"PRELIMINARY - NUMERICAL HIP-REDUCTION SUCCESSOR ONLY - NOT APPROVED FOR CONNECTION, POWERED TESTING, MOTION, WALKING, OR ENERGIZATION"
WS-R01,0.680,DOUBLE,L+R,0.493860,0.000461,35.711980,35.946813,NONE,0.000183404,102.151111,9.381008,50 HZ CONTACT-ENABLED INVERSE FEEDFORWARD + FROZEN BASELINE PD GAINS,"PRELIMINARY - NUMERICAL HIP-REDUCTION SUCCESSOR ONLY - NOT APPROVED FOR CONNECTION, POWERED TESTING, MOTION, WALKING, OR ENERGIZATION"
WS-R01,0.700,DOUBLE,L+R,0.478153,0.000491,32.676892,32.906843,NONE,0.000191274,101.607727,9.347955,50 HZ CONTACT-ENABLED INVERSE FEEDFORWARD + FROZEN BASELINE PD GAINS,"PRELIMINARY - NUMERICAL HIP-REDUCTION SUCCESSOR ONLY - NOT APPROVED FOR CONNECTION, POWERED TESTING, MOTION, WALKING, OR ENERGIZATION"
WS-R01,0.720,DOUBLE,L+R,0.461101,0.000491,31.226047,31.394010,NONE,0.000204394,101.280149,9.363124,50 HZ CONTACT-ENABLED INVERSE FEEDFORWARD + FROZEN BASELINE PD GAINS,"PRELIMINARY - NUMERICAL HIP-REDUCTION SUCCESSOR ONLY - NOT APPROVED FOR CONNECTION, POWERED TESTING, MOTION, WALKING, OR ENERGIZATION"
WS-R01,0.740,DOUBLE,L+R,0.442992,0.000495,31.105963,31.268341,NONE,0.000202123,101.138570,9.416516,50 HZ CONTACT-ENABLED INVERSE FEEDFORWARD + FROZEN BASELINE PD GAINS,"PRELIMINARY - NUMERICAL HIP-REDUCTION SUCCESSOR ONLY - NOT APPROVED FOR CONNECTION, POWERED TESTING, MOTION, WALKING, OR ENERGIZATION"
WS-R01,0.760,DOUBLE,L+R,0.423853,0.000502,31.208442,31.366131,NONE,0.000193427,101.028731,9.456190,50 HZ CONTACT-ENABLED INVERSE FEEDFORWARD + FROZEN BASELINE PD GAINS,"PRELIMINARY - NUMERICAL HIP-REDUCTION SUCCESSOR ONLY - NOT APPROVED FOR CONNECTION, POWERED TESTING, MOTION, WALKING, OR ENERGIZATION"
WS-R01,0.780,DOUBLE,L+R,0.403686,0.000520,31.451664,31.607166,NONE,0.000184433,100.950157,9.488459,50 HZ CONTACT-ENABLED INVERSE FEEDFORWARD + FROZEN BASELINE PD GAINS,"PRELIMINARY - NUMERICAL HIP-REDUCTION SUCCESSOR ONLY - NOT APPROVED FOR CONNECTION, POWERED TESTING, MOTION, WALKING, OR ENERGIZATION"
WS-R01,0.800,DOUBLE,L+R,0.382581,0.000537,31.776549,31.931008,NONE,0.000175555,100.895332,9.515271,50 HZ CONTACT-ENABLED INVERSE FEEDFORWARD + FROZEN BASELINE PD GAINS,"PRELIMINARY - NUMERICAL HIP-REDUCTION SUCCESSOR ONLY - NOT APPROVED FOR CONNECTION, POWERED TESTING, MOTION, WALKING, OR ENERGIZATION"
WS-R01,0.820,DOUBLE,L+R,0.360678,0.000552,32.158901,32.312838,NONE,0.000166952,100.862166,9.537395,50 HZ CONTACT-ENABLED INVERSE FEEDFORWARD + FROZEN BASELINE PD GAINS,"PRELIMINARY - NUMERICAL HIP-REDUCTION SUCCESSOR ONLY - NOT APPROVED FOR CONNECTION, POWERED TESTING, MOTION, WALKING, OR ENERGIZATION"
WS-R01,0.840,DOUBLE,L+R,0.349062,0.000564,32.587797,32.741472,NONE,0.000158687,100.849213,9.555213,50 HZ CONTACT-ENABLED INVERSE FEEDFORWARD + FROZEN BASELINE PD GAINS,"PRELIMINARY - NUMERICAL HIP-REDUCTION SUCCESSOR ONLY - NOT APPROVED FOR CONNECTION, POWERED TESTING, MOTION, WALKING, OR ENERGIZATION"
WS-R01,0.860,DOUBLE,L+R,0.342694,0.000573,33.056107,33.209671,NONE,0.000150785,100.854789,9.568998,50 HZ CONTACT-ENABLED INVERSE FEEDFORWARD + FROZEN BASELINE PD GAINS,"PRELIMINARY - NUMERICAL HIP-REDUCTION SUCCESSOR ONLY - NOT APPROVED FOR CONNECTION, POWERED TESTING, MOTION, WALKING, OR ENERGIZATION"
WS-R01,0.880,DOUBLE,L+R,0.336331,0.000580,33.558491,33.712036,NONE,0.000143254,100.876450,9.578934,50 HZ CONTACT-ENABLED INVERSE FEEDFORWARD + FROZEN BASELINE PD GAINS,"PRELIMINARY - NUMERICAL HIP-REDUCTION SUCCESSOR ONLY - NOT APPROVED FOR CONNECTION, POWERED TESTING, MOTION, WALKING, OR ENERGIZATION"
WS-R01,0.900,DOUBLE,L+R,0.330037,0.000587,34.090151,34.243740,NONE,0.000136096,100.911373,9.585165,50 HZ CONTACT-ENABLED INVERSE FEEDFORWARD + FROZEN BASELINE PD GAINS,"PRELIMINARY - NUMERICAL HIP-REDUCTION SUCCESSOR ONLY - NOT APPROVED FOR CONNECTION, POWERED TESTING, MOTION, WALKING, OR ENERGIZATION"
WS-R01,0.920,DOUBLE,L+R,0.323873,0.000592,34.647083,34.800759,NONE,0.000129305,100.956211,9.587782,50 HZ CONTACT-ENABLED INVERSE FEEDFORWARD + FROZEN BASELINE PD GAINS,"PRELIMINARY - NUMERICAL HIP-REDUCTION SUCCESSOR ONLY - NOT APPROVED FOR CONNECTION, POWERED TESTING, MOTION, WALKING, OR ENERGIZATION"
WS-R01,0.940,DOUBLE,L+R,0.317890,0.000597,35.225086,35.378879,NONE,0.000122868,101.007724,9.586887,50 HZ CONTACT-ENABLED INVERSE FEEDFORWARD + FROZEN BASELINE PD GAINS,"PRELIMINARY - NUMERICAL HIP-REDUCTION SUCCESSOR ONLY - NOT APPROVED FOR CONNECTION, POWERED TESTING, MOTION, WALKING, OR ENERGIZATION"
WS-R01,0.960,DOUBLE,L+R,0.312134,0.000601,35.821153,35.975081,NONE,0.000116772,101.062295,9.582520,50 HZ CONTACT-ENABLED INVERSE FEEDFORWARD + FROZEN BASELINE PD GAINS,"PRELIMINARY - NUMERICAL HIP-REDUCTION SUCCESSOR ONLY - NOT APPROVED FOR CONNECTION, POWERED TESTING, MOTION, WALKING, OR ENERGIZATION"
WS-R01,0.980,DOUBLE,L+R,0.306643,0.000604,36.432254,36.586329,NONE,0.000110998,101.116567,9.574728,50 HZ CONTACT-ENABLED INVERSE FEEDFORWARD + FROZEN BASELINE PD GAINS,"PRELIMINARY - NUMERICAL HIP-REDUCTION SUCCESSOR ONLY - NOT APPROVED FOR CONNECTION, POWERED TESTING, MOTION, WALKING, OR ENERGIZATION"
WS-R01,1.000,DOUBLE,L+R,0.301450,0.000607,37.055438,37.209666,NONE,0.000105528,101.167386,9.563576,50 HZ CONTACT-ENABLED INVERSE FEEDFORWARD + FROZEN BASELINE PD GAINS,"PRELIMINARY - NUMERICAL HIP-REDUCTION SUCCESSOR ONLY - NOT APPROVED FOR CONNECTION, POWERED TESTING, MOTION, WALKING, OR ENERGIZATION"
WS-R01,1.020,DOUBLE,L+R,0.296576,0.000609,37.688521,37.842907,NONE,0.000100343,101.211730,9.549104,50 HZ CONTACT-ENABLED INVERSE FEEDFORWARD + FROZEN BASELINE PD GAINS,"PRELIMINARY - NUMERICAL HIP-REDUCTION SUCCESSOR ONLY - NOT APPROVED FOR CONNECTION, POWERED TESTING, MOTION, WALKING, OR ENERGIZATION"
WS-R01,1.040,DOUBLE,L+R,0.292040,0.000611,38.329169,38.483715,NONE,0.000095422,101.247006,9.531384,50 HZ CONTACT-ENABLED INVERSE FEEDFORWARD + FROZEN BASELINE PD GAINS,"PRELIMINARY - NUMERICAL HIP-REDUCTION SUCCESSOR ONLY - NOT APPROVED FOR CONNECTION, POWERED TESTING, MOTION, WALKING, OR ENERGIZATION"
WS-R01,1.060,DOUBLE,L+R,0.287853,0.000613,38.974764,39.129815,NONE,0.000090746,101.269865,9.510447,50 HZ CONTACT-ENABLED INVERSE FEEDFORWARD + FROZEN BASELINE PD GAINS,"PRELIMINARY - NUMERICAL HIP-REDUCTION SUCCESSOR ONLY - NOT APPROVED FOR CONNECTION, POWERED TESTING, MOTION, WALKING, OR ENERGIZATION"
WS-R01,1.080,DOUBLE,L+R,0.284002,0.000616,39.618528,39.774604,NONE,0.000086284,101.272039,9.486068,50 HZ CONTACT-ENABLED INVERSE FEEDFORWARD + FROZEN BASELINE PD GAINS,"PRELIMINARY - NUMERICAL HIP-REDUCTION SUCCESSOR ONLY - NOT APPROVED FOR CONNECTION, POWERED TESTING, MOTION, WALKING, OR ENERGIZATION"
WS-R01,1.100,DOUBLE,L+R,0.280475,0.000617,40.261201,40.417774,NONE,0.000081997,101.254293,9.458456,50 HZ CONTACT-ENABLED INVERSE FEEDFORWARD + FROZEN BASELINE PD GAINS,"PRELIMINARY - NUMERICAL HIP-REDUCTION SUCCESSOR ONLY - NOT APPROVED FOR CONNECTION, POWERED TESTING, MOTION, WALKING, OR ENERGIZATION"
WS-R01,1.120,DOUBLE,L+R,0.277272,0.000618,40.903817,41.060674,NONE,0.000077870,101.218623,9.427924,50 HZ CONTACT-ENABLED INVERSE FEEDFORWARD + FROZEN BASELINE PD GAINS,"PRELIMINARY - NUMERICAL HIP-REDUCTION SUCCESSOR ONLY - NOT APPROVED FOR CONNECTION, POWERED TESTING, MOTION, WALKING, OR ENERGIZATION"
WS-R01,1.140,DOUBLE,L+R,0.274393,0.000618,41.544879,41.701944,NONE,0.000073898,101.166291,9.394793,50 HZ CONTACT-ENABLED INVERSE FEEDFORWARD + FROZEN BASELINE PD GAINS,"PRELIMINARY - NUMERICAL HIP-REDUCTION SUCCESSOR ONLY - NOT APPROVED FOR CONNECTION, POWERED TESTING, MOTION, WALKING, OR ENERGIZATION"
WS-R01,1.160,DOUBLE,L+R,0.271843,0.000619,42.182772,42.340009,NONE,0.000070084,101.098257,9.359370,50 HZ CONTACT-ENABLED INVERSE FEEDFORWARD + FROZEN BASELINE PD GAINS,"PRELIMINARY - NUMERICAL HIP-REDUCTION SUCCESSOR ONLY - NOT APPROVED FOR CONNECTION, POWERED TESTING, MOTION, WALKING, OR ENERGIZATION"
WS-R01,1.180,DOUBLE,L+R,0.269471,0.000622,42.912292,43.084242,NONE,0.000066454,101.006035,9.316238,50 HZ CONTACT-ENABLED INVERSE FEEDFORWARD + FROZEN BASELINE PD GAINS,"PRELIMINARY - NUMERICAL HIP-REDUCTION SUCCESSOR ONLY - NOT APPROVED FOR CONNECTION, POWERED TESTING, MOTION, WALKING, OR ENERGIZATION"
WS-R01,1.200,DOUBLE,L+R,0.266365,0.000621,43.784524,43.956385,NONE,0.000063103,100.913063,9.258193,50 HZ CONTACT-ENABLED INVERSE FEEDFORWARD + FROZEN BASELINE PD GAINS,"PRELIMINARY - NUMERICAL HIP-REDUCTION SUCCESSOR ONLY - NOT APPROVED FOR CONNECTION, POWERED TESTING, MOTION, WALKING, OR ENERGIZATION"
WS-R01,1.220,DOUBLE,L+R,0.262963,0.000619,44.564945,44.736635,NONE,0.000060016,100.827504,9.205423,50 HZ CONTACT-ENABLED INVERSE FEEDFORWARD + FROZEN BASELINE PD GAINS,"PRELIMINARY - NUMERICAL HIP-REDUCTION SUCCESSOR ONLY - NOT APPROVED FOR CONNECTION, POWERED TESTING, MOTION, WALKING, OR ENERGIZATION"
WS-R01,1.240,DOUBLE,L+R,0.259787,0.000618,45.260635,45.378938,NONE,0.000057194,100.646722,9.134609,50 HZ CONTACT-ENABLED INVERSE FEEDFORWARD + FROZEN BASELINE PD GAINS,"PRELIMINARY - NUMERICAL HIP-REDUCTION SUCCESSOR ONLY - NOT APPROVED FOR CONNECTION, POWERED TESTING, MOTION, WALKING, OR ENERGIZATION"
WS-R01,1.260,DOUBLE,L+R,0.258847,0.000617,45.696006,45.872286,NONE,0.000054691,100.079458,8.997170,50 HZ CONTACT-ENABLED INVERSE FEEDFORWARD + FROZEN BASELINE PD GAINS,"PRELIMINARY - NUMERICAL HIP-REDUCTION SUCCESSOR ONLY - NOT APPROVED FOR CONNECTION, POWERED TESTING, MOTION, WALKING, OR ENERGIZATION"
WS-R01,1.280,DOUBLE,L+R,0.260668,0.001604,46.915620,49.816855,NONE,0.000053548,96.887149,8.084277,50 HZ CONTACT-ENABLED INVERSE FEEDFORWARD + FROZEN BASELINE PD GAINS,"PRELIMINARY - NUMERICAL HIP-REDUCTION SUCCESSOR ONLY - NOT APPROVED FOR CONNECTION, POWERED TESTING, MOTION, WALKING, OR ENERGIZATION"
WS-R01,1.300,DOUBLE,L+R,0.278942,0.008443,55.195564,141.959914,NONE,0.000059249,91.813432,4.791976,50 HZ CONTACT-ENABLED INVERSE FEEDFORWARD + FROZEN BASELINE PD GAINS,"PRELIMINARY - NUMERICAL HIP-REDUCTION SUCCESSOR ONLY - NOT APPROVED FOR CONNECTION, POWERED TESTING, MOTION, WALKING, OR ENERGIZATION"
WS-R01,1.320,DOUBLE,L+R,0.300724,0.005722,140.487144,204.072063,NONE,0.000086008,97.806487,1.764292,50 HZ CONTACT-ENABLED INVERSE FEEDFORWARD + FROZEN BASELINE PD GAINS,"PRELIMINARY - NUMERICAL HIP-REDUCTION SUCCESSOR ONLY - NOT APPROVED FOR CONNECTION, POWERED TESTING, MOTION, WALKING, OR ENERGIZATION"
WS-R01,1.340,DOUBLE,L+R,0.315452,0.003311,177.702854,199.704224,NONE,0.000104578,98.301705,0.583876,50 HZ CONTACT-ENABLED INVERSE FEEDFORWARD + FROZEN BASELINE PD GAINS,"PRELIMINARY - NUMERICAL HIP-REDUCTION SUCCESSOR ONLY - NOT APPROVED FOR CONNECTION, POWERED TESTING, MOTION, WALKING, OR ENERGIZATION"
WS-R01,1.360,DOUBLE,L+R,0.325190,0.000100,189.036323,196.046970,NONE,0.000112835,98.103116,0.224674,50 HZ CONTACT-ENABLED INVERSE FEEDFORWARD + FROZEN BASELINE PD GAINS,"PRELIMINARY - NUMERICAL HIP-REDUCTION SUCCESSOR ONLY - NOT APPROVED FOR CONNECTION, POWERED TESTING, MOTION, WALKING, OR ENERGIZATION"
WS-R01,1.380,DOUBLE,L+R,0.331851,0.000926,192.972087,195.527646,NONE,0.000115203,98.037070,0.124963,50 HZ CONTACT-ENABLED INVERSE FEEDFORWARD + FROZEN BASELINE PD GAINS,"PRELIMINARY - NUMERICAL HIP-REDUCTION SUCCESSOR ONLY - NOT APPROVED FOR CONNECTION, POWERED TESTING, MOTION, WALKING, OR ENERGIZATION"
WS-R01,1.400,DOUBLE,L+R,0.335899,0.000828,194.729616,196.030477,NONE,0.000114970,98.021098,0.098833,50 HZ CONTACT-ENABLED INVERSE FEEDFORWARD + FROZEN BASELINE PD GAINS,"PRELIMINARY - NUMERICAL HIP-REDUCTION SUCCESSOR ONLY - NOT APPROVED FOR CONNECTION, POWERED TESTING, MOTION, WALKING, OR ENERGIZATION"
WS-R01,1.420,DOUBLE,L+R,0.337579,0.000576,195.728191,196.669816,NONE,0.000113887,98.013919,0.092211,50 HZ CONTACT-ENABLED INVERSE FEEDFORWARD + FROZEN BASELINE PD GAINS,"PRELIMINARY - NUMERICAL HIP-REDUCTION SUCCESSOR ONLY - NOT APPROVED FOR CONNECTION, POWERED TESTING, MOTION, WALKING, OR ENERGIZATION"
WS-R01,1.440,DOUBLE,L+R,0.337731,0.000371,196.365778,197.193129,NONE,0.000112941,98.006877,0.090567,50 HZ CONTACT-ENABLED INVERSE FEEDFORWARD + FROZEN BASELINE PD GAINS,"PRELIMINARY - NUMERICAL HIP-REDUCTION SUCCESSOR ONLY - NOT APPROVED FOR CONNECTION, POWERED TESTING, MOTION, WALKING, OR ENERGIZATION"
WS-R01,1.460,DOUBLE,L+R,0.336865,0.000238,196.759111,197.541854,NONE,0.000112323,97.998800,0.090174,50 HZ CONTACT-ENABLED INVERSE FEEDFORWARD + FROZEN BASELINE PD GAINS,"PRELIMINARY - NUMERICAL HIP-REDUCTION SUCCESSOR ONLY - NOT APPROVED FOR CONNECTION, POWERED TESTING, MOTION, WALKING, OR ENERGIZATION"
WS-R01,1.480,DOUBLE,L+R,0.335288,0.000155,196.948263,197.699478,NONE,0.000112091,97.989634,0.090139,50 HZ CONTACT-ENABLED INVERSE FEEDFORWARD + FROZEN BASELINE PD GAINS,"PRELIMINARY - NUMERICAL HIP-REDUCTION SUCCESSOR ONLY - NOT APPROVED FOR CONNECTION, POWERED TESTING, MOTION, WALKING, OR ENERGIZATION"
WS-R01,1.500,DOUBLE,L+R,0.333148,0.000086,196.975867,197.609945,NONE,0.000112301,97.979357,0.090473,50 HZ CONTACT-ENABLED INVERSE FEEDFORWARD + FROZEN BASELINE PD GAINS,"PRELIMINARY - NUMERICAL HIP-REDUCTION SUCCESSOR ONLY - NOT APPROVED FOR CONNECTION, POWERED TESTING, MOTION, WALKING, OR ENERGIZATION"
WS-R01,1.520,DOUBLE,L+R,0.330789,0.000112,196.886822,197.581789,NONE,0.000112881,97.969923,0.089822,50 HZ CONTACT-ENABLED INVERSE FEEDFORWARD + FROZEN BASELINE PD GAINS,"PRELIMINARY - NUMERICAL HIP-REDUCTION SUCCESSOR ONLY - NOT APPROVED FOR CONNECTION, POWERED TESTING, MOTION, WALKING, OR ENERGIZATION"
WS-R01,1.540,DOUBLE,L+R,0.328390,0.000260,196.836676,197.582308,NONE,0.000113533,97.966264,0.090234,50 HZ CONTACT-ENABLED INVERSE FEEDFORWARD + FROZEN BASELINE PD GAINS,"PRELIMINARY - NUMERICAL HIP-REDUCTION SUCCESSOR ONLY - NOT APPROVED FOR CONNECTION, POWERED TESTING, MOTION, WALKING, OR ENERGIZATION"
WS-R01,1.560,DOUBLE,L+R,0.326000,0.000477,196.782963,197.596002,NONE,0.000114145,97.965821,0.090549,50 HZ CONTACT-ENABLED INVERSE FEEDFORWARD + FROZEN BASELINE PD GAINS,"PRELIMINARY - NUMERICAL HIP-REDUCTION SUCCESSOR ONLY - NOT APPROVED FOR CONNECTION, POWERED TESTING, MOTION, WALKING, OR ENERGIZATION"
WS-R01,1.580,DOUBLE,L+R,0.323644,0.000754,196.725845,197.626554,NONE,0.000114700,97.966249,0.090785,50 HZ CONTACT-ENABLED INVERSE FEEDFORWARD + FROZEN BASELINE PD GAINS,"PRELIMINARY - NUMERICAL HIP-REDUCTION SUCCESSOR ONLY - NOT APPROVED FOR CONNECTION, POWERED TESTING, MOTION, WALKING, OR ENERGIZATION"
WS-R01,1.600,DOUBLE,L+R,0.321331,0.001077,196.667445,197.672684,NONE,0.000115195,97.966842,0.091036,50 HZ CONTACT-ENABLED INVERSE FEEDFORWARD + FROZEN BASELINE PD GAINS,"PRELIMINARY - NUMERICAL HIP-REDUCTION SUCCESSOR ONLY - NOT APPROVED FOR CONNECTION, POWERED TESTING, MOTION, WALKING, OR ENERGIZATION"
WS-R01,1.620,DOUBLE,L+R,0.319065,0.001431,196.608336,197.732791,NONE,0.000115635,97.967469,0.091319,50 HZ CONTACT-ENABLED INVERSE FEEDFORWARD + FROZEN BASELINE PD GAINS,"PRELIMINARY - NUMERICAL HIP-REDUCTION SUCCESSOR ONLY - NOT APPROVED FOR CONNECTION, POWERED TESTING, MOTION, WALKING, OR ENERGIZATION"
WS-R01,1.640,DOUBLE,L+R,0.316848,0.001805,196.549554,197.806126,NONE,0.000116022,97.968064,0.091640,50 HZ CONTACT-ENABLED INVERSE FEEDFORWARD + FROZEN BASELINE PD GAINS,"PRELIMINARY - NUMERICAL HIP-REDUCTION SUCCESSOR ONLY - NOT APPROVED FOR CONNECTION, POWERED TESTING, MOTION, WALKING, OR ENERGIZATION"
WS-R01,1.660,DOUBLE,L+R,0.314679,0.002195,196.491846,197.890556,NONE,0.000116361,97.968653,0.092007,50 HZ CONTACT-ENABLED INVERSE FEEDFORWARD + FROZEN BASELINE PD GAINS,"PRELIMINARY - NUMERICAL HIP-REDUCTION SUCCESSOR ONLY - NOT APPROVED FOR CONNECTION, POWERED TESTING, MOTION, WALKING, OR ENERGIZATION"
WS-R01,1.680,DOUBLE,L+R,0.312557,0.002597,196.435649,197.985095,NONE,0.000116656,97.969220,0.092420,50 HZ CONTACT-ENABLED INVERSE FEEDFORWARD + FROZEN BASELINE PD GAINS,"PRELIMINARY - NUMERICAL HIP-REDUCTION SUCCESSOR ONLY - NOT APPROVED FOR CONNECTION, POWERED TESTING, MOTION, WALKING, OR ENERGIZATION"
WS-R01,1.700,DOUBLE,L+R,0.310479,0.003012,196.380421,198.090399,NONE,0.000116909,97.969750,0.092876,50 HZ CONTACT-ENABLED INVERSE FEEDFORWARD + FROZEN BASELINE PD GAINS,"PRELIMINARY - NUMERICAL HIP-REDUCTION SUCCESSOR ONLY - NOT APPROVED FOR CONNECTION, POWERED TESTING, MOTION, WALKING, OR ENERGIZATION"
WS-R01,1.720,DOUBLE,L+R,0.308446,0.003438,196.327375,198.204296,NONE,0.000117124,97.970265,0.093404,50 HZ CONTACT-ENABLED INVERSE FEEDFORWARD + FROZEN BASELINE PD GAINS,"PRELIMINARY - NUMERICAL HIP-REDUCTION SUCCESSOR ONLY - NOT APPROVED FOR CONNECTION, POWERED TESTING, MOTION, WALKING, OR ENERGIZATION"
WS-R01,1.740,DOUBLE,L+R,0.306454,0.003878,196.277199,198.324780,NONE,0.000117302,97.970775,0.094004,50 HZ CONTACT-ENABLED INVERSE FEEDFORWARD + FROZEN BASELINE PD GAINS,"PRELIMINARY - NUMERICAL HIP-REDUCTION SUCCESSOR ONLY - NOT APPROVED FOR CONNECTION, POWERED TESTING, MOTION, WALKING, OR ENERGIZATION"
WS-R01,1.760,DOUBLE,L+R,0.304502,0.004332,196.229832,198.451727,NONE,0.000117448,97.971252,0.094667,50 HZ CONTACT-ENABLED INVERSE FEEDFORWARD + FROZEN BASELINE PD GAINS,"PRELIMINARY - NUMERICAL HIP-REDUCTION SUCCESSOR ONLY - NOT APPROVED FOR CONNECTION, POWERED TESTING, MOTION, WALKING, OR ENERGIZATION"
WS-R01,1.780,DOUBLE,L+R,0.302589,0.004803,196.185435,198.585095,NONE,0.000117564,97.971689,0.095403,50 HZ CONTACT-ENABLED INVERSE FEEDFORWARD + FROZEN BASELINE PD GAINS,"PRELIMINARY - NUMERICAL HIP-REDUCTION SUCCESSOR ONLY - NOT APPROVED FOR CONNECTION, POWERED TESTING, MOTION, WALKING, OR ENERGIZATION"
WS-R01,1.800,DOUBLE,L+R,0.300712,0.005292,196.143939,198.723218,NONE,0.000117652,97.972128,0.096225,50 HZ CONTACT-ENABLED INVERSE FEEDFORWARD + FROZEN BASELINE PD GAINS,"PRELIMINARY - NUMERICAL HIP-REDUCTION SUCCESSOR ONLY - NOT APPROVED FOR CONNECTION, POWERED TESTING, MOTION, WALKING, OR ENERGIZATION"
WS-R01,1.820,DOUBLE,L+R,0.298871,0.005801,196.107139,198.864418,NONE,0.000117715,97.972532,0.097145,50 HZ CONTACT-ENABLED INVERSE FEEDFORWARD + FROZEN BASELINE PD GAINS,"PRELIMINARY - NUMERICAL HIP-REDUCTION SUCCESSOR ONLY - NOT APPROVED FOR CONNECTION, POWERED TESTING, MOTION, WALKING, OR ENERGIZATION"
WS-R01,1.840,DOUBLE,L+R,0.297063,0.006332,196.073913,199.009171,NONE,0.000117754,97.972910,0.098145,50 HZ CONTACT-ENABLED INVERSE FEEDFORWARD + FROZEN BASELINE PD GAINS,"PRELIMINARY - NUMERICAL HIP-REDUCTION SUCCESSOR ONLY - NOT APPROVED FOR CONNECTION, POWERED TESTING, MOTION, WALKING, OR ENERGIZATION"
WS-R01,1.860,DOUBLE,L+R,0.295288,0.006886,196.044567,199.156370,NONE,0.000117773,97.973269,0.099244,50 HZ CONTACT-ENABLED INVERSE FEEDFORWARD + FROZEN BASELINE PD GAINS,"PRELIMINARY - NUMERICAL HIP-REDUCTION SUCCESSOR ONLY - NOT APPROVED FOR CONNECTION, POWERED TESTING, MOTION, WALKING, OR ENERGIZATION"
WS-R01,1.880,DOUBLE,L+R,0.293543,0.007466,196.020681,199.303950,NONE,0.000117774,97.973603,0.100457,50 HZ CONTACT-ENABLED INVERSE FEEDFORWARD + FROZEN BASELINE PD GAINS,"PRELIMINARY - NUMERICAL HIP-REDUCTION SUCCESSOR ONLY - NOT APPROVED FOR CONNECTION, POWERED TESTING, MOTION, WALKING, OR ENERGIZATION"
WS-R01,1.900,DOUBLE,L+R,0.291826,0.008072,196.000809,199.452488,NONE,0.000117759,97.973916,0.101762,50 HZ CONTACT-ENABLED INVERSE FEEDFORWARD + FROZEN BASELINE PD GAINS,"PRELIMINARY - NUMERICAL HIP-REDUCTION SUCCESSOR ONLY - NOT APPROVED FOR CONNECTION, POWERED TESTING, MOTION, WALKING, OR ENERGIZATION"
WS-R01,1.920,DOUBLE,L+R,0.290138,0.008708,195.985942,199.600886,NONE,0.000117730,97.974193,0.103184,50 HZ CONTACT-ENABLED INVERSE FEEDFORWARD + FROZEN BASELINE PD GAINS,"PRELIMINARY - NUMERICAL HIP-REDUCTION SUCCESSOR ONLY - NOT APPROVED FOR CONNECTION, POWERED TESTING, MOTION, WALKING, OR ENERGIZATION"
WS-R01,1.940,DOUBLE,L+R,0.288475,0.009373,195.976349,199.747352,NONE,0.000117689,97.974465,0.104726,50 HZ CONTACT-ENABLED INVERSE FEEDFORWARD + FROZEN BASELINE PD GAINS,"PRELIMINARY - NUMERICAL HIP-REDUCTION SUCCESSOR ONLY - NOT APPROVED FOR CONNECTION, POWERED TESTING, MOTION, WALKING, OR ENERGIZATION"
WS-R01,1.960,DOUBLE,L+R,0.286838,0.010070,195.971638,199.893253,NONE,0.000117639,97.974680,0.106377,50 HZ CONTACT-ENABLED INVERSE FEEDFORWARD + FROZEN BASELINE PD GAINS,"PRELIMINARY - NUMERICAL HIP-REDUCTION SUCCESSOR ONLY - NOT APPROVED FOR CONNECTION, POWERED TESTING, MOTION, WALKING, OR ENERGIZATION"
WS-R01,1.980,DOUBLE,L+R,0.285224,0.010801,195.972610,200.036155,NONE,0.000117580,97.974890,0.108162,50 HZ CONTACT-ENABLED INVERSE FEEDFORWARD + FROZEN BASELINE PD GAINS,"PRELIMINARY - NUMERICAL HIP-REDUCTION SUCCESSOR ONLY - NOT APPROVED FOR CONNECTION, POWERED TESTING, MOTION, WALKING, OR ENERGIZATION"
WS-R01,2.000,DOUBLE,L+R,0.283632,0.011566,195.978919,200.175689,NONE,0.000117516,97.975081,0.110072,50 HZ CONTACT-ENABLED INVERSE FEEDFORWARD + FROZEN BASELINE PD GAINS,"PRELIMINARY - NUMERICAL HIP-REDUCTION SUCCESSOR ONLY - NOT APPROVED FOR CONNECTION, POWERED TESTING, MOTION, WALKING, OR ENERGIZATION"
WS-R01,2.020,DOUBLE,L+R,0.282062,0.012367,195.990913,200.311732,NONE,0.000117447,97.975225,0.112109,50 HZ CONTACT-ENABLED INVERSE FEEDFORWARD + FROZEN BASELINE PD GAINS,"PRELIMINARY - NUMERICAL HIP-REDUCTION SUCCESSOR ONLY - NOT APPROVED FOR CONNECTION, POWERED TESTING, MOTION, WALKING, OR ENERGIZATION"
WS-R01,2.040,DOUBLE,L+R,0.280511,0.013205,196.008982,200.442485,NONE,0.000117377,97.975361,0.114289,50 HZ CONTACT-ENABLED INVERSE FEEDFORWARD + FROZEN BASELINE PD GAINS,"PRELIMINARY - NUMERICAL HIP-REDUCTION SUCCESSOR ONLY - NOT APPROVED FOR CONNECTION, POWERED TESTING, MOTION, WALKING, OR ENERGIZATION"
WS-R01,2.060,DOUBLE,L+R,0.278979,0.014082,196.032259,200.569026,NONE,0.000117306,97.975456,0.116595,50 HZ CONTACT-ENABLED INVERSE FEEDFORWARD + FROZEN BASELINE PD GAINS,"PRELIMINARY - NUMERICAL HIP-REDUCTION SUCCESSOR ONLY - NOT APPROVED FOR CONNECTION, POWERED TESTING, MOTION, WALKING, OR ENERGIZATION"
WS-R01,2.080,DOUBLE,L+R,0.277465,0.014998,196.062016,200.689394,NONE,0.000117237,97.975526,0.119054,50 HZ CONTACT-ENABLED INVERSE FEEDFORWARD + FROZEN BASELINE PD GAINS,"PRELIMINARY - NUMERICAL HIP-REDUCTION SUCCESSOR ONLY - NOT APPROVED FOR CONNECTION, POWERED TESTING, MOTION, WALKING, OR ENERGIZATION"
WS-R01,2.100,DOUBLE,L+R,0.275967,0.015954,196.097926,200.803074,NONE,0.000117170,97.975577,0.121656,50 HZ CONTACT-ENABLED INVERSE FEEDFORWARD + FROZEN BASELINE PD GAINS,"PRELIMINARY - NUMERICAL HIP-REDUCTION SUCCESSOR ONLY - NOT APPROVED FOR CONNECTION, POWERED TESTING, MOTION, WALKING, OR ENERGIZATION"
WS-R01,2.120,DOUBLE,L+R,0.274485,0.016952,196.138937,200.910104,NONE,0.000117108,97.975610,0.124397,50 HZ CONTACT-ENABLED INVERSE FEEDFORWARD + FROZEN BASELINE PD GAINS,"PRELIMINARY - NUMERICAL HIP-REDUCTION SUCCESSOR ONLY - NOT APPROVED FOR CONNECTION, POWERED TESTING, MOTION, WALKING, OR ENERGIZATION"
WS-R01,2.140,DOUBLE,L+R,0.273017,0.017993,196.187319,201.009361,NONE,0.000117053,97.975582,0.127301,50 HZ CONTACT-ENABLED INVERSE FEEDFORWARD + FROZEN BASELINE PD GAINS,"PRELIMINARY - NUMERICAL HIP-REDUCTION SUCCESSOR ONLY - NOT APPROVED FOR CONNECTION, POWERED TESTING, MOTION, WALKING, OR ENERGIZATION"
WS-R01,2.160,DOUBLE,L+R,0.271563,0.019077,196.240839,201.100686,NONE,0.000117005,97.975564,0.130347,50 HZ CONTACT-ENABLED INVERSE FEEDFORWARD + FROZEN BASELINE PD GAINS,"PRELIMINARY - NUMERICAL HIP-REDUCTION SUCCESSOR ONLY - NOT APPROVED FOR CONNECTION, POWERED TESTING, MOTION, WALKING, OR ENERGIZATION"
WS-R01,2.180,DOUBLE,L+R,0.270122,0.020205,196.301055,201.183737,NONE,0.000116966,97.975487,0.133553,50 HZ CONTACT-ENABLED INVERSE FEEDFORWARD + FROZEN BASELINE PD GAINS,"PRELIMINARY - NUMERICAL HIP-REDUCTION SUCCESSOR ONLY - NOT APPROVED FOR CONNECTION, POWERED TESTING, MOTION, WALKING, OR ENERGIZATION"
WS-R01,2.200,DOUBLE,L+R,0.268692,0.021377,196.367871,201.256537,NONE,0.000116938,97.975413,0.136924,50 HZ CONTACT-ENABLED INVERSE FEEDFORWARD + FROZEN BASELINE PD GAINS,"PRELIMINARY - NUMERICAL HIP-REDUCTION SUCCESSOR ONLY - NOT APPROVED FOR CONNECTION, POWERED TESTING, MOTION, WALKING, OR ENERGIZATION"
WS-R01,2.220,DOUBLE,L+R,0.267274,0.022596,196.440404,201.320455,NONE,0.000116923,97.975293,0.140441,50 HZ CONTACT-ENABLED INVERSE FEEDFORWARD + FROZEN BASELINE PD GAINS,"PRELIMINARY - NUMERICAL HIP-REDUCTION SUCCESSOR ONLY - NOT APPROVED FOR CONNECTION, POWERED TESTING, MOTION, WALKING, OR ENERGIZATION"
WS-R01,2.240,DOUBLE,L+R,0.265865,0.023861,196.519389,201.374212,NONE,0.000116921,97.975145,0.144129,50 HZ CONTACT-ENABLED INVERSE FEEDFORWARD + FROZEN BASELINE PD GAINS,"PRELIMINARY - NUMERICAL HIP-REDUCTION SUCCESSOR ONLY - NOT APPROVED FOR CONNECTION, POWERED TESTING, MOTION, WALKING, OR ENERGIZATION"
WS-R01,2.260,DOUBLE,L+R,0.264466,0.025172,196.604786,201.416760,NONE,0.000116933,97.974986,0.147983,50 HZ CONTACT-ENABLED INVERSE FEEDFORWARD + FROZEN BASELINE PD GAINS,"PRELIMINARY - NUMERICAL HIP-REDUCTION SUCCESSOR ONLY - NOT APPROVED FOR CONNECTION, POWERED TESTING, MOTION, WALKING, OR ENERGIZATION"
WS-R01,2.280,DOUBLE,L+R,0.263076,0.026531,196.696686,201.448767,NONE,0.000116962,97.974775,0.151998,50 HZ CONTACT-ENABLED INVERSE FEEDFORWARD + FROZEN BASELINE PD GAINS,"PRELIMINARY - NUMERICAL HIP-REDUCTION SUCCESSOR ONLY - NOT APPROVED FOR CONNECTION, POWERED TESTING, MOTION, WALKING, OR ENERGIZATION"
WS-R01,2.300,DOUBLE,L+R,0.261693,0.027938,196.794487,201.469214,NONE,0.000117009,97.974560,0.156180,50 HZ CONTACT-ENABLED INVERSE FEEDFORWARD + FROZEN BASELINE PD GAINS,"PRELIMINARY - NUMERICAL HIP-REDUCTION SUCCESSOR ONLY - NOT APPROVED FOR CONNECTION, POWERED TESTING, MOTION, WALKING, OR ENERGIZATION"
WS-R01,2.320,DOUBLE,L+R,0.260317,0.029393,196.899182,201.476961,NONE,0.000117073,97.974316,0.160540,50 HZ CONTACT-ENABLED INVERSE FEEDFORWARD + FROZEN BASELINE PD GAINS,"PRELIMINARY - NUMERICAL HIP-REDUCTION SUCCESSOR ONLY - NOT APPROVED FOR CONNECTION, POWERED TESTING, MOTION, WALKING, OR ENERGIZATION"
WS-R01,2.340,DOUBLE,L+R,0.258948,0.030896,197.009948,201.473070,NONE,0.000117158,97.974029,0.165061,50 HZ CONTACT-ENABLED INVERSE FEEDFORWARD + FROZEN BASELINE PD GAINS,"PRELIMINARY - NUMERICAL HIP-REDUCTION SUCCESSOR ONLY - NOT APPROVED FOR CONNECTION, POWERED TESTING, MOTION, WALKING, OR ENERGIZATION"
WS-R01,2.360,DOUBLE,L+R,0.257585,0.032449,197.127103,201.456424,NONE,0.000117264,97.973723,0.169760,50 HZ CONTACT-ENABLED INVERSE FEEDFORWARD + FROZEN BASELINE PD GAINS,"PRELIMINARY - NUMERICAL HIP-REDUCTION SUCCESSOR ONLY - NOT APPROVED FOR CONNECTION, POWERED TESTING, MOTION, WALKING, OR ENERGIZATION"
WS-R01,2.380,DOUBLE,L+R,0.256227,0.034051,197.250474,201.426029,NONE,0.000117391,97.973408,0.174638,50 HZ CONTACT-ENABLED INVERSE FEEDFORWARD + FROZEN BASELINE PD GAINS,"PRELIMINARY - NUMERICAL HIP-REDUCTION SUCCESSOR ONLY - NOT APPROVED FOR CONNECTION, POWERED TESTING, MOTION, WALKING, OR ENERGIZATION"
WS-R01,2.400,DOUBLE,L+R,0.254874,0.035702,197.380298,201.382521,NONE,0.000117541,97.973040,0.179689,50 HZ CONTACT-ENABLED INVERSE FEEDFORWARD + FROZEN BASELINE PD GAINS,"PRELIMINARY - NUMERICAL HIP-REDUCTION SUCCESSOR ONLY - NOT APPROVED FOR CONNECTION, POWERED TESTING, MOTION, WALKING, OR ENERGIZATION"
WS-R01,2.420,DOUBLE,L+R,0.253525,0.037402,197.516746,201.324768,NONE,0.000117716,97.972657,0.184928,50 HZ CONTACT-ENABLED INVERSE FEEDFORWARD + FROZEN BASELINE PD GAINS,"PRELIMINARY - NUMERICAL HIP-REDUCTION SUCCESSOR ONLY - NOT APPROVED FOR CONNECTION, POWERED TESTING, MOTION, WALKING, OR ENERGIZATION"
WS-R01,2.440,DOUBLE,L+R,0.252179,0.039152,197.658737,201.253609,NONE,0.000117916,97.972245,0.190346,50 HZ CONTACT-ENABLED INVERSE FEEDFORWARD + FROZEN BASELINE PD GAINS,"PRELIMINARY - NUMERICAL HIP-REDUCTION SUCCESSOR ONLY - NOT APPROVED FOR CONNECTION, POWERED TESTING, MOTION, WALKING, OR ENERGIZATION"
WS-R01,2.460,DOUBLE,L+R,0.250836,0.040952,197.806581,201.167842,NONE,0.000118141,97.971817,0.195967,50 HZ CONTACT-ENABLED INVERSE FEEDFORWARD + FROZEN BASELINE PD GAINS,"PRELIMINARY - NUMERICAL HIP-REDUCTION SUCCESSOR ONLY - NOT APPROVED FOR CONNECTION, POWERED TESTING, MOTION, WALKING, OR ENERGIZATION"
WS-R01,2.480,DOUBLE,L+R,0.249496,0.042802,197.961287,201.067137,NONE,0.000118393,97.971341,0.201800,50 HZ CONTACT-ENABLED INVERSE FEEDFORWARD + FROZEN BASELINE PD GAINS,"PRELIMINARY - NUMERICAL HIP-REDUCTION SUCCESSOR ONLY - NOT APPROVED FOR CONNECTION, POWERED TESTING, MOTION, WALKING, OR ENERGIZATION"
WS-R01,2.500,DOUBLE,L+R,0.248158,0.044701,198.120816,200.952630,NONE,0.000118673,97.970847,0.207847,50 HZ CONTACT-ENABLED INVERSE FEEDFORWARD + FROZEN BASELINE PD GAINS,"PRELIMINARY - NUMERICAL HIP-REDUCTION SUCCESSOR ONLY - NOT APPROVED FOR CONNECTION, POWERED TESTING, MOTION, WALKING, OR ENERGIZATION"
WS-R01,2.520,DOUBLE,L+R,0.246821,0.046650,198.285420,200.823989,NONE,0.000118981,97.970322,0.214157,50 HZ CONTACT-ENABLED INVERSE FEEDFORWARD + FROZEN BASELINE PD GAINS,"PRELIMINARY - NUMERICAL HIP-REDUCTION SUCCESSOR ONLY - NOT APPROVED FOR CONNECTION, POWERED TESTING, MOTION, WALKING, OR ENERGIZATION"
WS-R01,2.540,DOUBLE,L+R,0.245486,0.048648,198.453798,200.681701,NONE,0.000119319,97.969775,0.220780,50 HZ CONTACT-ENABLED INVERSE FEEDFORWARD + FROZEN BASELINE PD GAINS,"PRELIMINARY - NUMERICAL HIP-REDUCTION SUCCESSOR ONLY - NOT APPROVED FOR CONNECTION, POWERED TESTING, MOTION, WALKING, OR ENERGIZATION"
WS-R01,2.560,DOUBLE,L+R,0.244152,0.050696,198.624022,200.527629,NONE,0.000119686,97.969192,0.227805,50 HZ CONTACT-ENABLED INVERSE FEEDFORWARD + FROZEN BASELINE PD GAINS,"PRELIMINARY - NUMERICAL HIP-REDUCTION SUCCESSOR ONLY - NOT APPROVED FOR CONNECTION, POWERED TESTING, MOTION, WALKING, OR ENERGIZATION"
WS-R01,2.580,DOUBLE,L+R,0.242818,0.052792,198.792994,200.364561,NONE,0.000120084,97.968579,0.235415,50 HZ CONTACT-ENABLED INVERSE FEEDFORWARD + FROZEN BASELINE PD GAINS,"PRELIMINARY - NUMERICAL HIP-REDUCTION SUCCESSOR ONLY - NOT APPROVED FOR CONNECTION, POWERED TESTING, MOTION, WALKING, OR ENERGIZATION"
WS-R01,2.600,DOUBLE,L+R,0.241486,0.054938,198.953370,200.199464,NONE,0.000120513,97.967944,0.243945,50 HZ CONTACT-ENABLED INVERSE FEEDFORWARD + FROZEN BASELINE PD GAINS,"PRELIMINARY - NUMERICAL HIP-REDUCTION SUCCESSOR ONLY - NOT APPROVED FOR CONNECTION, POWERED TESTING, MOTION, WALKING, OR ENERGIZATION"
WS-R01,2.620,DOUBLE,L+R,0.240154,0.057133,199.092154,200.043830,NONE,0.000120974,97.967324,0.254111,50 HZ CONTACT-ENABLED INVERSE FEEDFORWARD + FROZEN BASELINE PD GAINS,"PRELIMINARY - NUMERICAL HIP-REDUCTION SUCCESSOR ONLY - NOT APPROVED FOR CONNECTION, POWERED TESTING, MOTION, WALKING, OR ENERGIZATION"
WS-R01,2.640,DOUBLE,L+R,0.238825,0.059376,199.179457,199.927488,NONE,0.000121467,97.966734,0.267420,50 HZ CONTACT-ENABLED INVERSE FEEDFORWARD + FROZEN BASELINE PD GAINS,"PRELIMINARY - NUMERICAL HIP-REDUCTION SUCCESSOR ONLY - NOT APPROVED FOR CONNECTION, POWERED TESTING, MOTION, WALKING, OR ENERGIZATION"
WS-R01,2.660,DOUBLE,L+R,0.237503,0.061669,199.145987,199.916211,NONE,0.000121969,97.966371,0.287375,50 HZ CONTACT-ENABLED INVERSE FEEDFORWARD + FROZEN BASELINE PD GAINS,"PRELIMINARY - NUMERICAL HIP-REDUCTION SUCCESSOR ONLY - NOT APPROVED FOR CONNECTION, POWERED TESTING, MOTION, WALKING, OR ENERGIZATION"
WS-R01,2.680,DOUBLE,L+R,0.236196,0.064014,198.826499,200.171278,NONE,0.000121544,97.966634,0.322578,50 HZ CONTACT-ENABLED INVERSE FEEDFORWARD + FROZEN BASELINE PD GAINS,"PRELIMINARY - NUMERICAL HIP-REDUCTION SUCCESSOR ONLY - NOT APPROVED FOR CONNECTION, POWERED TESTING, MOTION, WALKING, OR ENERGIZATION"
WS-R01,2.700,DOUBLE,L+R,0.234929,0.066416,197.789481,201.113936,NONE,0.000121095,97.968958,0.395621,50 HZ CONTACT-ENABLED INVERSE FEEDFORWARD + FROZEN BASELINE PD GAINS,"PRELIMINARY - NUMERICAL HIP-REDUCTION SUCCESSOR ONLY - NOT APPROVED FOR CONNECTION, POWERED TESTING, MOTION, WALKING, OR ENERGIZATION"
WS-R01,2.720,DOUBLE,L+R,0.233772,0.068892,194.828655,203.926367,NONE,0.000120611,97.978888,0.570257,50 HZ CONTACT-ENABLED INVERSE FEEDFORWARD + FROZEN BASELINE PD GAINS,"PRELIMINARY - NUMERICAL HIP-REDUCTION SUCCESSOR ONLY - NOT APPROVED FOR CONNECTION, POWERED TESTING, MOTION, WALKING, OR ENERGIZATION"
WS-R01,2.740,DOUBLE,L+R,0.232937,0.071495,186.321876,212.169288,NONE,0.000120062,98.024426,1.038999,50 HZ CONTACT-ENABLED INVERSE FEEDFORWARD + FROZEN BASELINE PD GAINS,"PRELIMINARY - NUMERICAL HIP-REDUCTION SUCCESSOR ONLY - NOT APPROVED FOR CONNECTION, POWERED TESTING, MOTION, WALKING, OR ENERGIZATION"
WS-R01,2.760,DOUBLE,L+R,0.233111,0.074394,160.546110,237.413692,NONE,0.000119355,98.296055,2.425624,50 HZ CONTACT-ENABLED INVERSE FEEDFORWARD + FROZEN BASELINE PD GAINS,"PRELIMINARY - NUMERICAL HIP-REDUCTION SUCCESSOR ONLY - NOT APPROVED FOR CONNECTION, POWERED TESTING, MOTION, WALKING, OR ENERGIZATION"
WS-R01,2.780,DOUBLE,L+R,0.236649,0.078171,77.056447,318.266488,NONE,0.000118252,100.388299,6.853522,50 HZ CONTACT-ENABLED INVERSE FEEDFORWARD + FROZEN BASELINE PD GAINS,"PRELIMINARY - NUMERICAL HIP-REDUCTION SUCCESSOR ONLY - NOT APPROVED FOR CONNECTION, POWERED TESTING, MOTION, WALKING, OR ENERGIZATION"
WS-R01,2.800,DOUBLE,L+R,0.238841,0.081288,38.260523,431.154452,NONE,0.000116557,103.930424,10.974423,50 HZ CONTACT-ENABLED INVERSE FEEDFORWARD + FROZEN BASELINE PD GAINS,"PRELIMINARY - NUMERICAL HIP-REDUCTION SUCCESSOR ONLY - NOT APPROVED FOR CONNECTION, POWERED TESTING, MOTION, WALKING, OR ENERGIZATION"
WS-R01,2.820,DOUBLE,L+R,0.239942,0.084797,40.104855,422.886426,NONE,0.000108142,103.556526,10.775738,50 HZ CONTACT-ENABLED INVERSE FEEDFORWARD + FROZEN BASELINE PD GAINS,"PRELIMINARY - NUMERICAL HIP-REDUCTION SUCCESSOR ONLY - NOT APPROVED FOR CONNECTION, POWERED TESTING, MOTION, WALKING, OR ENERGIZATION"
WS-R01,2.840,DOUBLE,L+R,0.243377,0.087053,41.489187,418.345211,NONE,0.000102636,103.702439,10.655303,50 HZ CONTACT-ENABLED INVERSE FEEDFORWARD + FROZEN BASELINE PD GAINS,"PRELIMINARY - NUMERICAL HIP-REDUCTION SUCCESSOR ONLY - NOT APPROVED FOR CONNECTION, POWERED TESTING, MOTION, WALKING, OR ENERGIZATION"
WS-R01,2.860,DOUBLE,L+R,0.248025,0.089602,42.153328,415.806258,NONE,0.000099914,103.660222,10.602815,50 HZ CONTACT-ENABLED INVERSE FEEDFORWARD + FROZEN BASELINE PD GAINS,"PRELIMINARY - NUMERICAL HIP-REDUCTION SUCCESSOR ONLY - NOT APPROVED FOR CONNECTION, POWERED TESTING, MOTION, WALKING, OR ENERGIZATION"
WS-R01,2.880,DOUBLE,L+R,0.253300,0.092338,42.608746,413.696363,NONE,0.000098591,103.571066,10.566633,50 HZ CONTACT-ENABLED INVERSE FEEDFORWARD + FROZEN BASELINE PD GAINS,"PRELIMINARY - NUMERICAL HIP-REDUCTION SUCCESSOR ONLY - NOT APPROVED FOR CONNECTION, POWERED TESTING, MOTION, WALKING, OR ENERGIZATION"
WS-R01,2.900,DOUBLE,L+R,0.258893,0.095143,43.003375,411.633764,NONE,0.000097863,103.475559,10.533177,50 HZ CONTACT-ENABLED INVERSE FEEDFORWARD + FROZEN BASELINE PD GAINS,"PRELIMINARY - NUMERICAL HIP-REDUCTION SUCCESSOR ONLY - NOT APPROVED FOR CONNECTION, POWERED TESTING, MOTION, WALKING, OR ENERGIZATION"
WS-R01,2.920,DOUBLE,L+R,0.264646,0.097986,43.376066,409.543233,NONE,0.000097388,103.379456,10.499459,50 HZ CONTACT-ENABLED INVERSE FEEDFORWARD + FROZEN BASELINE PD GAINS,"PRELIMINARY - NUMERICAL HIP-REDUCTION SUCCESSOR ONLY - NOT APPROVED FOR CONNECTION, POWERED TESTING, MOTION, WALKING, OR ENERGIZATION"
WS-R01,2.940,DOUBLE,L+R,0.270473,0.100863,43.738059,407.407670,NONE,0.000097036,103.282973,10.464731,50 HZ CONTACT-ENABLED INVERSE FEEDFORWARD + FROZEN BASELINE PD GAINS,"PRELIMINARY - NUMERICAL HIP-REDUCTION SUCCESSOR ONLY - NOT APPROVED FOR CONNECTION, POWERED TESTING, MOTION, WALKING, OR ENERGIZATION"
WS-R01,2.960,DOUBLE,L+R,0.276327,0.103775,44.093504,405.221174,NONE,0.000096762,103.185820,10.428816,50 HZ CONTACT-ENABLED INVERSE FEEDFORWARD + FROZEN BASELINE PD GAINS,"PRELIMINARY - NUMERICAL HIP-REDUCTION SUCCESSOR ONLY - NOT APPROVED FOR CONNECTION, POWERED TESTING, MOTION, WALKING, OR ENERGIZATION"
WS-R01,2.980,DOUBLE,L+R,0.282180,0.106719,44.443855,402.980839,NONE,0.000096547,103.087889,10.391644,50 HZ CONTACT-ENABLED INVERSE FEEDFORWARD + FROZEN BASELINE PD GAINS,"PRELIMINARY - NUMERICAL HIP-REDUCTION SUCCESSOR ONLY - NOT APPROVED FOR CONNECTION, POWERED TESTING, MOTION, WALKING, OR ENERGIZATION"
WS-R01,3.000,DOUBLE,L+R,0.288015,0.109698,44.789783,400.685453,NONE,0.000096383,102.989062,10.353188,50 HZ CONTACT-ENABLED INVERSE FEEDFORWARD + FROZEN BASELINE PD GAINS,"PRELIMINARY - NUMERICAL HIP-REDUCTION SUCCESSOR ONLY - NOT APPROVED FOR CONNECTION, POWERED TESTING, MOTION, WALKING, OR ENERGIZATION"
WS-R01,3.020,DOUBLE,L+R,0.293819,0.112710,45.131628,398.334376,NONE,0.000096268,102.889339,10.313466,50 HZ CONTACT-ENABLED INVERSE FEEDFORWARD + FROZEN BASELINE PD GAINS,"PRELIMINARY - NUMERICAL HIP-REDUCTION SUCCESSOR ONLY - NOT APPROVED FOR CONNECTION, POWERED TESTING, MOTION, WALKING, OR ENERGIZATION"
WS-R01,3.040,DOUBLE,L+R,0.299585,0.115755,45.469527,395.927493,NONE,0.000096199,102.788751,10.272443,50 HZ CONTACT-ENABLED INVERSE FEEDFORWARD + FROZEN BASELINE PD GAINS,"PRELIMINARY - NUMERICAL HIP-REDUCTION SUCCESSOR ONLY - NOT APPROVED FOR CONNECTION, POWERED TESTING, MOTION, WALKING, OR ENERGIZATION"
WS-R01,3.060,DOUBLE,L+R,0.305307,0.118832,45.804203,393.464368,NONE,0.000096173,102.687260,10.230131,50 HZ CONTACT-ENABLED INVERSE FEEDFORWARD + FROZEN BASELINE PD GAINS,"PRELIMINARY - NUMERICAL HIP-REDUCTION SUCCESSOR ONLY - NOT APPROVED FOR CONNECTION, POWERED TESTING, MOTION, WALKING, OR ENERGIZATION"
WS-R01,3.080,DOUBLE,L+R,0.310981,0.121939,46.135711,390.945426,NONE,0.000096190,102.584966,10.186533,50 HZ CONTACT-ENABLED INVERSE FEEDFORWARD + FROZEN BASELINE PD GAINS,"PRELIMINARY - NUMERICAL HIP-REDUCTION SUCCESSOR ONLY - NOT APPROVED FOR CONNECTION, POWERED TESTING, MOTION, WALKING, OR ENERGIZATION"
WS-R01,3.100,DOUBLE,L+R,0.316603,0.125076,46.463834,388.371779,NONE,0.000096246,102.481964,10.141611,50 HZ CONTACT-ENABLED INVERSE FEEDFORWARD + FROZEN BASELINE PD GAINS,"PRELIMINARY - NUMERICAL HIP-REDUCTION SUCCESSOR ONLY - NOT APPROVED FOR CONNECTION, POWERED TESTING, MOTION, WALKING, OR ENERGIZATION"
WS-R01,3.120,DOUBLE,L+R,0.322171,0.128243,46.789271,385.743378,NONE,0.000096342,102.378286,10.095378,50 HZ CONTACT-ENABLED INVERSE FEEDFORWARD + FROZEN BASELINE PD GAINS,"PRELIMINARY - NUMERICAL HIP-REDUCTION SUCCESSOR ONLY - NOT APPROVED FOR CONNECTION, POWERED TESTING, MOTION, WALKING, OR ENERGIZATION"
WS-R01,3.140,DOUBLE,L+R,0.327681,0.131436,47.112393,383.060996,NONE,0.000096476,102.274038,10.047817,50 HZ CONTACT-ENABLED INVERSE FEEDFORWARD + FROZEN BASELINE PD GAINS,"PRELIMINARY - NUMERICAL HIP-REDUCTION SUCCESSOR ONLY - NOT APPROVED FOR CONNECTION, POWERED TESTING, MOTION, WALKING, OR ENERGIZATION"
WS-R01,3.160,DOUBLE,L+R,0.333086,0.134700,47.786106,380.337294,NONE,0.000096686,102.179404,10.000808,50 HZ CONTACT-ENABLED INVERSE FEEDFORWARD + FROZEN BASELINE PD GAINS,"PRELIMINARY - NUMERICAL HIP-REDUCTION SUCCESSOR ONLY - NOT APPROVED FOR CONNECTION, POWERED TESTING, MOTION, WALKING, OR ENERGIZATION"
WS-R01,3.180,DOUBLE,L+R,0.338268,0.137992,48.483033,377.565978,NONE,0.000097061,102.080452,9.954630,50 HZ CONTACT-ENABLED INVERSE FEEDFORWARD + FROZEN BASELINE PD GAINS,"PRELIMINARY - NUMERICAL HIP-REDUCTION SUCCESSOR ONLY - NOT APPROVED FOR CONNECTION, POWERED TESTING, MOTION, WALKING, OR ENERGIZATION"
WS-R01,3.200,DOUBLE,L+R,0.343241,0.141266,49.412084,374.738086,NONE,0.000097575,101.986647,9.910256,50 HZ CONTACT-ENABLED INVERSE FEEDFORWARD + FROZEN BASELINE PD GAINS,"PRELIMINARY - NUMERICAL HIP-REDUCTION SUCCESSOR ONLY - NOT APPROVED FOR CONNECTION, POWERED TESTING, MOTION, WALKING, OR ENERGIZATION"
WS-R01,3.220,DOUBLE,L+R,0.347978,0.144600,50.611563,371.867901,NONE,0.000097980,101.897929,9.863878,50 HZ CONTACT-ENABLED INVERSE FEEDFORWARD + FROZEN BASELINE PD GAINS,"PRELIMINARY - NUMERICAL HIP-REDUCTION SUCCESSOR ONLY - NOT APPROVED FOR CONNECTION, POWERED TESTING, MOTION, WALKING, OR ENERGIZATION"
WS-R01,3.240,DOUBLE,L+R,0.352439,0.147925,51.837640,368.948730,NONE,0.000098195,101.810499,9.816103,50 HZ CONTACT-ENABLED INVERSE FEEDFORWARD + FROZEN BASELINE PD GAINS,"PRELIMINARY - NUMERICAL HIP-REDUCTION SUCCESSOR ONLY - NOT APPROVED FOR CONNECTION, POWERED TESTING, MOTION, WALKING, OR ENERGIZATION"
WS-R01,3.260,DOUBLE,L+R,0.356643,0.151234,53.084893,365.980481,NONE,0.000098409,101.725793,9.765732,50 HZ CONTACT-ENABLED INVERSE FEEDFORWARD + FROZEN BASELINE PD GAINS,"PRELIMINARY - NUMERICAL HIP-REDUCTION SUCCESSOR ONLY - NOT APPROVED FOR CONNECTION, POWERED TESTING, MOTION, WALKING, OR ENERGIZATION"
WS-R01,3.280,DOUBLE,L+R,0.361714,0.154562,54.343829,362.962051,NONE,0.000096765,101.642105,9.713333,50 HZ CONTACT-ENABLED INVERSE FEEDFORWARD + FROZEN BASELINE PD GAINS,"PRELIMINARY - NUMERICAL HIP-REDUCTION SUCCESSOR ONLY - NOT APPROVED FOR CONNECTION, POWERED TESTING, MOTION, WALKING, OR ENERGIZATION"
WS-R01,3.300,DOUBLE,L+R,0.367620,0.157919,55.609446,359.892969,NONE,0.000090810,101.558946,9.659178,50 HZ CONTACT-ENABLED INVERSE FEEDFORWARD + FROZEN BASELINE PD GAINS,"PRELIMINARY - NUMERICAL HIP-REDUCTION SUCCESSOR ONLY - NOT APPROVED FOR CONNECTION, POWERED TESTING, MOTION, WALKING, OR ENERGIZATION"
WS-R01,3.320,DOUBLE,L+R,0.373452,0.161303,56.878509,356.774894,NONE,0.000084947,101.476227,9.603338,50 HZ CONTACT-ENABLED INVERSE FEEDFORWARD + FROZEN BASELINE PD GAINS,"PRELIMINARY - NUMERICAL HIP-REDUCTION SUCCESSOR ONLY - NOT APPROVED FOR CONNECTION, POWERED TESTING, MOTION, WALKING, OR ENERGIZATION"
WS-R01,3.340,DOUBLE,L+R,0.379165,0.164742,58.671163,353.824795,NONE,0.000079399,101.413815,9.537007,50 HZ CONTACT-ENABLED INVERSE FEEDFORWARD + FROZEN BASELINE PD GAINS,"PRELIMINARY - NUMERICAL HIP-REDUCTION SUCCESSOR ONLY - NOT APPROVED FOR CONNECTION, POWERED TESTING, MOTION, WALKING, OR ENERGIZATION"
WS-R01,3.360,DOUBLE,L+R,0.384704,0.168252,60.609287,350.875480,NONE,0.000074683,101.339995,9.472819,50 HZ CONTACT-ENABLED INVERSE FEEDFORWARD + FROZEN BASELINE PD GAINS,"PRELIMINARY - NUMERICAL HIP-REDUCTION SUCCESSOR ONLY - NOT APPROVED FOR CONNECTION, POWERED TESTING, MOTION, WALKING, OR ENERGIZATION"
WS-R01,3.380,DOUBLE,L+R,0.390048,0.171741,62.747304,347.871184,NONE,0.000070470,101.274609,9.406370,50 HZ CONTACT-ENABLED INVERSE FEEDFORWARD + FROZEN BASELINE PD GAINS,"PRELIMINARY - NUMERICAL HIP-REDUCTION SUCCESSOR ONLY - NOT APPROVED FOR CONNECTION, POWERED TESTING, MOTION, WALKING, OR ENERGIZATION"
WS-R01,3.400,DOUBLE,L+R,0.395188,0.175209,64.991827,344.860678,NONE,0.000066554,101.210805,9.336858,50 HZ CONTACT-ENABLED INVERSE FEEDFORWARD + FROZEN BASELINE PD GAINS,"PRELIMINARY - NUMERICAL HIP-REDUCTION SUCCESSOR ONLY - NOT APPROVED FOR CONNECTION, POWERED TESTING, MOTION, WALKING, OR ENERGIZATION"
WS-R01,3.420,DOUBLE,L+R,0.400129,0.178626,67.403885,342.009746,NONE,0.000062844,101.142244,9.261801,50 HZ CONTACT-ENABLED INVERSE FEEDFORWARD + FROZEN BASELINE PD GAINS,"PRELIMINARY - NUMERICAL HIP-REDUCTION SUCCESSOR ONLY - NOT APPROVED FOR CONNECTION, POWERED TESTING, MOTION, WALKING, OR ENERGIZATION"
WS-R01,3.440,DOUBLE,L+R,0.404857,0.182072,69.878493,339.084569,NONE,0.000059352,101.068272,9.183926,50 HZ CONTACT-ENABLED INVERSE FEEDFORWARD + FROZEN BASELINE PD GAINS,"PRELIMINARY - NUMERICAL HIP-REDUCTION SUCCESSOR ONLY - NOT APPROVED FOR CONNECTION, POWERED TESTING, MOTION, WALKING, OR ENERGIZATION"
WS-R01,3.460,DOUBLE,L+R,0.409375,0.185557,72.406315,336.063933,NONE,0.000055958,100.994273,9.103858,50 HZ CONTACT-ENABLED INVERSE FEEDFORWARD + FROZEN BASELINE PD GAINS,"PRELIMINARY - NUMERICAL HIP-REDUCTION SUCCESSOR ONLY - NOT APPROVED FOR CONNECTION, POWERED TESTING, MOTION, WALKING, OR ENERGIZATION"
WS-R01,3.480,DOUBLE,L+R,0.413687,0.189059,74.981370,332.964945,NONE,0.000052603,100.919940,9.021862,50 HZ CONTACT-ENABLED INVERSE FEEDFORWARD + FROZEN BASELINE PD GAINS,"PRELIMINARY - NUMERICAL HIP-REDUCTION SUCCESSOR ONLY - NOT APPROVED FOR CONNECTION, POWERED TESTING, MOTION, WALKING, OR ENERGIZATION"
WS-R01,3.500,DOUBLE,L+R,0.417792,0.192568,77.600956,329.795738,NONE,0.000049269,100.845260,8.938059,50 HZ CONTACT-ENABLED INVERSE FEEDFORWARD + FROZEN BASELINE PD GAINS,"PRELIMINARY - NUMERICAL HIP-REDUCTION SUCCESSOR ONLY - NOT APPROVED FOR CONNECTION, POWERED TESTING, MOTION, WALKING, OR ENERGIZATION"
WS-R01,3.520,DOUBLE,L+R,0.421689,0.196082,80.262718,326.559474,NONE,0.000045951,100.770460,8.852521,50 HZ CONTACT-ENABLED INVERSE FEEDFORWARD + FROZEN BASELINE PD GAINS,"PRELIMINARY - NUMERICAL HIP-REDUCTION SUCCESSOR ONLY - NOT APPROVED FOR CONNECTION, POWERED TESTING, MOTION, WALKING, OR ENERGIZATION"
WS-R01,3.540,DOUBLE,L+R,0.425376,0.199597,82.966401,323.258165,NONE,0.000042650,100.695687,8.765290,50 HZ CONTACT-ENABLED INVERSE FEEDFORWARD + FROZEN BASELINE PD GAINS,"PRELIMINARY - NUMERICAL HIP-REDUCTION SUCCESSOR ONLY - NOT APPROVED FOR CONNECTION, POWERED TESTING, MOTION, WALKING, OR ENERGIZATION"
WS-R01,3.560,DOUBLE,L+R,0.428851,0.203450,85.710093,319.894415,NONE,0.000039365,100.621168,8.676419,50 HZ CONTACT-ENABLED INVERSE FEEDFORWARD + FROZEN BASELINE PD GAINS,"PRELIMINARY - NUMERICAL HIP-REDUCTION SUCCESSOR ONLY - NOT APPROVED FOR CONNECTION, POWERED TESTING, MOTION, WALKING, OR ENERGIZATION"
WS-R01,3.580,DOUBLE,L+R,0.432112,0.207346,88.491474,316.470709,NONE,0.000036101,100.547104,8.585952,50 HZ CONTACT-ENABLED INVERSE FEEDFORWARD + FROZEN BASELINE PD GAINS,"PRELIMINARY - NUMERICAL HIP-REDUCTION SUCCESSOR ONLY - NOT APPROVED FOR CONNECTION, POWERED TESTING, MOTION, WALKING, OR ENERGIZATION"
WS-R01,3.600,DOUBLE,L+R,0.435148,0.211248,91.309197,313.045274,NONE,0.000032862,100.472212,8.494528,50 HZ CONTACT-ENABLED INVERSE FEEDFORWARD + FROZEN BASELINE PD GAINS,"PRELIMINARY - NUMERICAL HIP-REDUCTION SUCCESSOR ONLY - NOT APPROVED FOR CONNECTION, POWERED TESTING, MOTION, WALKING, OR ENERGIZATION"
WS-R01,3.620,DOUBLE,L+R,0.437943,0.215204,94.161459,309.792224,NONE,0.000029645,100.381399,8.402069,50 HZ CONTACT-ENABLED INVERSE FEEDFORWARD + FROZEN BASELINE PD GAINS,"PRELIMINARY - NUMERICAL HIP-REDUCTION SUCCESSOR ONLY - NOT APPROVED FOR CONNECTION, POWERED TESTING, MOTION, WALKING, OR ENERGIZATION"
WS-R01,3.640,DOUBLE,L+R,0.440528,0.219125,97.047580,306.491490,NONE,0.000026450,100.289987,8.307840,50 HZ CONTACT-ENABLED INVERSE FEEDFORWARD + FROZEN BASELINE PD GAINS,"PRELIMINARY - NUMERICAL HIP-REDUCTION SUCCESSOR ONLY - NOT APPROVED FOR CONNECTION, POWERED TESTING, MOTION, WALKING, OR ENERGIZATION"
WS-R01,3.660,DOUBLE,L+R,0.442907,0.223012,99.963682,303.162083,NONE,0.000023287,100.199971,8.212068,50 HZ CONTACT-ENABLED INVERSE FEEDFORWARD + FROZEN BASELINE PD GAINS,"PRELIMINARY - NUMERICAL HIP-REDUCTION SUCCESSOR ONLY - NOT APPROVED FOR CONNECTION, POWERED TESTING, MOTION, WALKING, OR ENERGIZATION"
WS-R01,3.680,DOUBLE,L+R,0.445120,0.226909,102.910834,299.851137,NONE,0.000020157,100.107103,8.113826,50 HZ CONTACT-ENABLED INVERSE FEEDFORWARD + FROZEN BASELINE PD GAINS,"PRELIMINARY - NUMERICAL HIP-REDUCTION SUCCESSOR ONLY - NOT APPROVED FOR CONNECTION, POWERED TESTING, MOTION, WALKING, OR ENERGIZATION"
WS-R01,3.700,DOUBLE,L+R,0.447208,0.230797,105.883932,296.521952,NONE,0.000017064,100.014215,8.014031,50 HZ CONTACT-ENABLED INVERSE FEEDFORWARD + FROZEN BASELINE PD GAINS,"PRELIMINARY - NUMERICAL HIP-REDUCTION SUCCESSOR ONLY - NOT APPROVED FOR CONNECTION, POWERED TESTING, MOTION, WALKING, OR ENERGIZATION"
WS-R01,3.720,DOUBLE,L+R,0.449199,0.234682,108.882510,293.189218,NONE,0.000014011,99.919662,7.912626,50 HZ CONTACT-ENABLED INVERSE FEEDFORWARD + FROZEN BASELINE PD GAINS,"PRELIMINARY - NUMERICAL HIP-REDUCTION SUCCESSOR ONLY - NOT APPROVED FOR CONNECTION, POWERED TESTING, MOTION, WALKING, OR ENERGIZATION"
WS-R01,3.740,DOUBLE,L+R,0.451111,0.238552,111.900732,289.826175,NONE,0.000011004,99.826539,7.809858,50 HZ CONTACT-ENABLED INVERSE FEEDFORWARD + FROZEN BASELINE PD GAINS,"PRELIMINARY - NUMERICAL HIP-REDUCTION SUCCESSOR ONLY - NOT APPROVED FOR CONNECTION, POWERED TESTING, MOTION, WALKING, OR ENERGIZATION"
WS-R01,3.760,DOUBLE,L+R,0.452945,0.242411,114.937286,286.438045,NONE,0.000008052,99.735224,7.705979,50 HZ CONTACT-ENABLED INVERSE FEEDFORWARD + FROZEN BASELINE PD GAINS,"PRELIMINARY - NUMERICAL HIP-REDUCTION SUCCESSOR ONLY - NOT APPROVED FOR CONNECTION, POWERED TESTING, MOTION, WALKING, OR ENERGIZATION"
WS-R01,3.780,DOUBLE,L+R,0.454698,0.246261,117.989030,283.030497,NONE,0.000005159,99.645852,7.601110,50 HZ CONTACT-ENABLED INVERSE FEEDFORWARD + FROZEN BASELINE PD GAINS,"PRELIMINARY - NUMERICAL HIP-REDUCTION SUCCESSOR ONLY - NOT APPROVED FOR CONNECTION, POWERED TESTING, MOTION, WALKING, OR ENERGIZATION"
WS-R01,3.800,DOUBLE,L+R,0.456368,0.250102,121.053650,279.609205,NONE,0.000002330,99.558492,7.495376,50 HZ CONTACT-ENABLED INVERSE FEEDFORWARD + FROZEN BASELINE PD GAINS,"PRELIMINARY - NUMERICAL HIP-REDUCTION SUCCESSOR ONLY - NOT APPROVED FOR CONNECTION, POWERED TESTING, MOTION, WALKING, OR ENERGIZATION"
WS-R01,3.820,DOUBLE,L+R,0.457952,0.253932,124.128793,276.177030,NONE,-0.000000433,99.473336,7.388935,50 HZ CONTACT-ENABLED INVERSE FEEDFORWARD + FROZEN BASELINE PD GAINS,"PRELIMINARY - NUMERICAL HIP-REDUCTION SUCCESSOR ONLY - NOT APPROVED FOR CONNECTION, POWERED TESTING, MOTION, WALKING, OR ENERGIZATION"
WS-R01,3.840,DOUBLE,L+R,0.459448,0.257747,127.211913,272.738728,NONE,-0.000003128,99.390458,7.281897,50 HZ CONTACT-ENABLED INVERSE FEEDFORWARD + FROZEN BASELINE PD GAINS,"PRELIMINARY - NUMERICAL HIP-REDUCTION SUCCESSOR ONLY - NOT APPROVED FOR CONNECTION, POWERED TESTING, MOTION, WALKING, OR ENERGIZATION"
WS-R01,3.860,DOUBLE,L+R,0.460854,0.261545,130.300760,269.297800,NONE,-0.000005751,99.309969,7.174430,50 HZ CONTACT-ENABLED INVERSE FEEDFORWARD + FROZEN BASELINE PD GAINS,"PRELIMINARY - NUMERICAL HIP-REDUCTION SUCCESSOR ONLY - NOT APPROVED FOR CONNECTION, POWERED TESTING, MOTION, WALKING, OR ENERGIZATION"
WS-R01,3.880,DOUBLE,L+R,0.462168,0.265326,133.392701,265.858706,NONE,-0.000008299,99.231898,7.066690,50 HZ CONTACT-ENABLED INVERSE FEEDFORWARD + FROZEN BASELINE PD GAINS,"PRELIMINARY - NUMERICAL HIP-REDUCTION SUCCESSOR ONLY - NOT APPROVED FOR CONNECTION, POWERED TESTING, MOTION, WALKING, OR ENERGIZATION"
WS-R01,3.900,DOUBLE,L+R,0.463390,0.269086,136.484330,262.425294,NONE,-0.000010767,99.156352,6.958820,50 HZ CONTACT-ENABLED INVERSE FEEDFORWARD + FROZEN BASELINE PD GAINS,"PRELIMINARY - NUMERICAL HIP-REDUCTION SUCCESSOR ONLY - NOT APPROVED FOR CONNECTION, POWERED TESTING, MOTION, WALKING, OR ENERGIZATION"
WS-R01,3.920,DOUBLE,L+R,0.464518,0.272825,139.574450,259.001006,NONE,-0.000013153,99.083381,6.850969,50 HZ CONTACT-ENABLED INVERSE FEEDFORWARD + FROZEN BASELINE PD GAINS,"PRELIMINARY - NUMERICAL HIP-REDUCTION SUCCESSOR ONLY - NOT APPROVED FOR CONNECTION, POWERED TESTING, MOTION, WALKING, OR ENERGIZATION"
WS-R01,3.940,DOUBLE,L+R,0.465552,0.276540,142.658593,255.590059,NONE,-0.000015456,99.013088,6.743261,50 HZ CONTACT-ENABLED INVERSE FEEDFORWARD + FROZEN BASELINE PD GAINS,"PRELIMINARY - NUMERICAL HIP-REDUCTION SUCCESSOR ONLY - NOT APPROVED FOR CONNECTION, POWERED TESTING, MOTION, WALKING, OR ENERGIZATION"
WS-R01,3.960,DOUBLE,L+R,0.466492,0.280231,145.735619,252.196603,NONE,-0.000017677,98.945472,6.635845,50 HZ CONTACT-ENABLED INVERSE FEEDFORWARD + FROZEN BASELINE PD GAINS,"PRELIMINARY - NUMERICAL HIP-REDUCTION SUCCESSOR ONLY - NOT APPROVED FOR CONNECTION, POWERED TESTING, MOTION, WALKING, OR ENERGIZATION"
WS-R01,3.980,DOUBLE,L+R,0.467338,0.283897,148.801524,248.823823,NONE,-0.000019815,98.880662,6.528882,50 HZ CONTACT-ENABLED INVERSE FEEDFORWARD + FROZEN BASELINE PD GAINS,"PRELIMINARY - NUMERICAL HIP-REDUCTION SUCCESSOR ONLY - NOT APPROVED FOR CONNECTION, POWERED TESTING, MOTION, WALKING, OR ENERGIZATION"
WS-R01,4.000,DOUBLE,L+R,0.468090,0.287534,151.853531,245.476308,NONE,-0.000021872,98.818618,6.422484,50 HZ CONTACT-ENABLED INVERSE FEEDFORWARD + FROZEN BASELINE PD GAINS,"PRELIMINARY - NUMERICAL HIP-REDUCTION SUCCESSOR ONLY - NOT APPROVED FOR CONNECTION, POWERED TESTING, MOTION, WALKING, OR ENERGIZATION"
WS-R01,4.020,DOUBLE,L+R,0.468748,0.291143,154.888941,242.157348,NONE,-0.000023846,98.759399,6.316809,50 HZ CONTACT-ENABLED INVERSE FEEDFORWARD + FROZEN BASELINE PD GAINS,"PRELIMINARY - NUMERICAL HIP-REDUCTION SUCCESSOR ONLY - NOT APPROVED FOR CONNECTION, POWERED TESTING, MOTION, WALKING, OR ENERGIZATION"
WS-R01,4.040,DOUBLE,L+R,0.469314,0.294722,157.906710,238.869618,NONE,-0.000025739,98.702996,6.211998,50 HZ CONTACT-ENABLED INVERSE FEEDFORWARD + FROZEN BASELINE PD GAINS,"PRELIMINARY - NUMERICAL HIP-REDUCTION SUCCESSOR ONLY - NOT APPROVED FOR CONNECTION, POWERED TESTING, MOTION, WALKING, OR ENERGIZATION"
WS-R01,4.060,DOUBLE,L+R,0.469787,0.298269,160.901466,235.617743,NONE,-0.000027555,98.649435,6.108167,50 HZ CONTACT-ENABLED INVERSE FEEDFORWARD + FROZEN BASELINE PD GAINS,"PRELIMINARY - NUMERICAL HIP-REDUCTION SUCCESSOR ONLY - NOT APPROVED FOR CONNECTION, POWERED TESTING, MOTION, WALKING, OR ENERGIZATION"
WS-R01,4.080,DOUBLE,L+R,0.470170,0.301783,163.871785,232.404810,NONE,-0.000029291,98.598665,6.005450,50 HZ CONTACT-ENABLED INVERSE FEEDFORWARD + FROZEN BASELINE PD GAINS,"PRELIMINARY - NUMERICAL HIP-REDUCTION SUCCESSOR ONLY - NOT APPROVED FOR CONNECTION, POWERED TESTING, MOTION, WALKING, OR ENERGIZATION"
WS-R01,4.100,DOUBLE,L+R,0.470464,0.305264,166.815686,229.233224,NONE,-0.000030950,98.550694,5.903984,50 HZ CONTACT-ENABLED INVERSE FEEDFORWARD + FROZEN BASELINE PD GAINS,"PRELIMINARY - NUMERICAL HIP-REDUCTION SUCCESSOR ONLY - NOT APPROVED FOR CONNECTION, POWERED TESTING, MOTION, WALKING, OR ENERGIZATION"
WS-R01,4.120,DOUBLE,L+R,0.470670,0.308709,169.729965,226.106800,NONE,-0.000032534,98.505468,5.803873,50 HZ CONTACT-ENABLED INVERSE FEEDFORWARD + FROZEN BASELINE PD GAINS,"PRELIMINARY - NUMERICAL HIP-REDUCTION SUCCESSOR ONLY - NOT APPROVED FOR CONNECTION, POWERED TESTING, MOTION, WALKING, OR ENERGIZATION"
WS-R01,4.140,DOUBLE,L+R,0.470791,0.312118,172.612784,223.028139,NONE,-0.000034043,98.462974,5.705250,50 HZ CONTACT-ENABLED INVERSE FEEDFORWARD + FROZEN BASELINE PD GAINS,"PRELIMINARY - NUMERICAL HIP-REDUCTION SUCCESSOR ONLY - NOT APPROVED FOR CONNECTION, POWERED TESTING, MOTION, WALKING, OR ENERGIZATION"
WS-R01,4.160,DOUBLE,L+R,0.470828,0.315489,175.461394,219.999845,NONE,-0.000035480,98.423149,5.608216,50 HZ CONTACT-ENABLED INVERSE FEEDFORWARD + FROZEN BASELINE PD GAINS,"PRELIMINARY - NUMERICAL HIP-REDUCTION SUCCESSOR ONLY - NOT APPROVED FOR CONNECTION, POWERED TESTING, MOTION, WALKING, OR ENERGIZATION"
WS-R01,4.180,DOUBLE,L+R,0.470784,0.318821,178.274683,217.024393,NONE,-0.000036845,98.385876,5.512882,50 HZ CONTACT-ENABLED INVERSE FEEDFORWARD + FROZEN BASELINE PD GAINS,"PRELIMINARY - NUMERICAL HIP-REDUCTION SUCCESSOR ONLY - NOT APPROVED FOR CONNECTION, POWERED TESTING, MOTION, WALKING, OR ENERGIZATION"
WS-R01,4.200,DOUBLE,L+R,0.470661,0.322114,181.051101,214.103668,NONE,-0.000038140,98.351116,5.419346,50 HZ CONTACT-ENABLED INVERSE FEEDFORWARD + FROZEN BASELINE PD GAINS,"PRELIMINARY - NUMERICAL HIP-REDUCTION SUCCESSOR ONLY - NOT APPROVED FOR CONNECTION, POWERED TESTING, MOTION, WALKING, OR ENERGIZATION"
WS-R01,4.220,DOUBLE,L+R,0.470461,0.325365,183.787010,211.240936,NONE,-0.000039367,98.318802,5.327683,50 HZ CONTACT-ENABLED INVERSE FEEDFORWARD + FROZEN BASELINE PD GAINS,"PRELIMINARY - NUMERICAL HIP-REDUCTION SUCCESSOR ONLY - NOT APPROVED FOR CONNECTION, POWERED TESTING, MOTION, WALKING, OR ENERGIZATION"
WS-R01,4.240,DOUBLE,L+R,0.470188,0.328574,186.480898,208.437940,NONE,-0.000040527,98.288858,5.237989,50 HZ CONTACT-ENABLED INVERSE FEEDFORWARD + FROZEN BASELINE PD GAINS,"PRELIMINARY - NUMERICAL HIP-REDUCTION SUCCESSOR ONLY - NOT APPROVED FOR CONNECTION, POWERED TESTING, MOTION, WALKING, OR ENERGIZATION"
WS-R01,4.260,DOUBLE,L+R,0.469845,0.331739,189.131723,205.695847,NONE,-0.000041620,98.261205,5.150345,50 HZ CONTACT-ENABLED INVERSE FEEDFORWARD + FROZEN BASELINE PD GAINS,"PRELIMINARY - NUMERICAL HIP-REDUCTION SUCCESSOR ONLY - NOT APPROVED FOR CONNECTION, POWERED TESTING, MOTION, WALKING, OR ENERGIZATION"
WS-R01,4.280,DOUBLE,L+R,0.469434,0.334861,191.737534,203.016419,NONE,-0.000042651,98.235748,5.064803,50 HZ CONTACT-ENABLED INVERSE FEEDFORWARD + FROZEN BASELINE PD GAINS,"PRELIMINARY - NUMERICAL HIP-REDUCTION SUCCESSOR ONLY - NOT APPROVED FOR CONNECTION, POWERED TESTING, MOTION, WALKING, OR ENERGIZATION"
WS-R01,4.300,DOUBLE,L+R,0.468958,0.337938,194.296957,200.401368,NONE,-0.000043622,98.212391,4.981429,50 HZ CONTACT-ENABLED INVERSE FEEDFORWARD + FROZEN BASELINE PD GAINS,"PRELIMINARY - NUMERICAL HIP-REDUCTION SUCCESSOR ONLY - NOT APPROVED FOR CONNECTION, POWERED TESTING, MOTION, WALKING, OR ENERGIZATION"
WS-R01,4.320,DOUBLE,L+R,0.468421,0.340968,196.807116,197.851938,NONE,-0.000044533,98.191073,4.900280,50 HZ CONTACT-ENABLED INVERSE FEEDFORWARD + FROZEN BASELINE PD GAINS,"PRELIMINARY - NUMERICAL HIP-REDUCTION SUCCESSOR ONLY - NOT APPROVED FOR CONNECTION, POWERED TESTING, MOTION, WALKING, OR ENERGIZATION"
WS-R01,4.340,DOUBLE,L+R,0.467825,0.343951,199.268340,195.368980,NONE,-0.000045386,98.171650,4.821401,50 HZ CONTACT-ENABLED INVERSE FEEDFORWARD + FROZEN BASELINE PD GAINS,"PRELIMINARY - NUMERICAL HIP-REDUCTION SUCCESSOR ONLY - NOT APPROVED FOR CONNECTION, POWERED TESTING, MOTION, WALKING, OR ENERGIZATION"
WS-R01,4.360,DOUBLE,L+R,0.467175,0.346886,201.678122,192.953381,NONE,-0.000046182,98.154067,4.744828,50 HZ CONTACT-ENABLED INVERSE FEEDFORWARD + FROZEN BASELINE PD GAINS,"PRELIMINARY - NUMERICAL HIP-REDUCTION SUCCESSOR ONLY - NOT APPROVED FOR CONNECTION, POWERED TESTING, MOTION, WALKING, OR ENERGIZATION"
WS-R01,4.380,DOUBLE,L+R,0.466473,0.349772,204.035861,190.606733,NONE,-0.000046924,98.138176,4.670581,50 HZ CONTACT-ENABLED INVERSE FEEDFORWARD + FROZEN BASELINE PD GAINS,"PRELIMINARY - NUMERICAL HIP-REDUCTION SUCCESSOR ONLY - NOT APPROVED FOR CONNECTION, POWERED TESTING, MOTION, WALKING, OR ENERGIZATION"
WS-R01,4.400,DOUBLE,L+R,0.465723,0.352609,206.341034,188.328347,NONE,-0.000047613,98.123937,4.598718,50 HZ CONTACT-ENABLED INVERSE FEEDFORWARD + FROZEN BASELINE PD GAINS,"PRELIMINARY - NUMERICAL HIP-REDUCTION SUCCESSOR ONLY - NOT APPROVED FOR CONNECTION, POWERED TESTING, MOTION, WALKING, OR ENERGIZATION"
WS-R01,4.420,DOUBLE,L+R,0.464929,0.355395,208.592170,186.118712,NONE,-0.000048250,98.111223,4.529217,50 HZ CONTACT-ENABLED INVERSE FEEDFORWARD + FROZEN BASELINE PD GAINS,"PRELIMINARY - NUMERICAL HIP-REDUCTION SUCCESSOR ONLY - NOT APPROVED FOR CONNECTION, POWERED TESTING, MOTION, WALKING, OR ENERGIZATION"
WS-R01,4.440,DOUBLE,L+R,0.464093,0.358129,210.788618,183.979361,NONE,-0.000048839,98.099900,4.462095,50 HZ CONTACT-ENABLED INVERSE FEEDFORWARD + FROZEN BASELINE PD GAINS,"PRELIMINARY - NUMERICAL HIP-REDUCTION SUCCESSOR ONLY - NOT APPROVED FOR CONNECTION, POWERED TESTING, MOTION, WALKING, OR ENERGIZATION"
WS-R01,4.460,DOUBLE,L+R,0.463219,0.360812,212.928996,181.909779,NONE,-0.000049378,98.089941,4.397371,50 HZ CONTACT-ENABLED INVERSE FEEDFORWARD + FROZEN BASELINE PD GAINS,"PRELIMINARY - NUMERICAL HIP-REDUCTION SUCCESSOR ONLY - NOT APPROVED FOR CONNECTION, POWERED TESTING, MOTION, WALKING, OR ENERGIZATION"
WS-R01,4.480,DOUBLE,L+R,0.462312,0.363441,215.014266,179.909538,NONE,-0.000049870,98.081203,4.335036,50 HZ CONTACT-ENABLED INVERSE FEEDFORWARD + FROZEN BASELINE PD GAINS,"PRELIMINARY - NUMERICAL HIP-REDUCTION SUCCESSOR ONLY - NOT APPROVED FOR CONNECTION, POWERED TESTING, MOTION, WALKING, OR ENERGIZATION"
WS-R01,4.500,DOUBLE,L+R,0.461373,0.366018,217.043064,177.978665,NONE,-0.000050317,98.073616,4.275076,50 HZ CONTACT-ENABLED INVERSE FEEDFORWARD + FROZEN BASELINE PD GAINS,"PRELIMINARY - NUMERICAL HIP-REDUCTION SUCCESSOR ONLY - NOT APPROVED FOR CONNECTION, POWERED TESTING, MOTION, WALKING, OR ENERGIZATION"
WS-R01,4.520,DOUBLE,L+R,0.460406,0.368541,219.014529,176.117621,NONE,-0.000050720,98.067075,4.217467,50 HZ CONTACT-ENABLED INVERSE FEEDFORWARD + FROZEN BASELINE PD GAINS,"PRELIMINARY - NUMERICAL HIP-REDUCTION SUCCESSOR ONLY - NOT APPROVED FOR CONNECTION, POWERED TESTING, MOTION, WALKING, OR ENERGIZATION"
WS-R01,4.540,DOUBLE,L+R,0.459416,0.371009,220.929229,174.325181,NONE,-0.000051080,98.061511,4.162207,50 HZ CONTACT-ENABLED INVERSE FEEDFORWARD + FROZEN BASELINE PD GAINS,"PRELIMINARY - NUMERICAL HIP-REDUCTION SUCCESSOR ONLY - NOT APPROVED FOR CONNECTION, POWERED TESTING, MOTION, WALKING, OR ENERGIZATION"
WS-R01,4.560,DOUBLE,L+R,0.458404,0.373421,222.786568,172.601354,NONE,-0.000051397,98.056825,4.109252,50 HZ CONTACT-ENABLED INVERSE FEEDFORWARD + FROZEN BASELINE PD GAINS,"PRELIMINARY - NUMERICAL HIP-REDUCTION SUCCESSOR ONLY - NOT APPROVED FOR CONNECTION, POWERED TESTING, MOTION, WALKING, OR ENERGIZATION"
WS-R01,4.580,DOUBLE,L+R,0.457375,0.375779,224.586938,170.945465,NONE,-0.000051674,98.052943,4.058577,50 HZ CONTACT-ENABLED INVERSE FEEDFORWARD + FROZEN BASELINE PD GAINS,"PRELIMINARY - NUMERICAL HIP-REDUCTION SUCCESSOR ONLY - NOT APPROVED FOR CONNECTION, POWERED TESTING, MOTION, WALKING, OR ENERGIZATION"
WS-R01,4.600,DOUBLE,L+R,0.456331,0.378080,226.329775,169.357156,NONE,-0.000051911,98.049791,4.010147,50 HZ CONTACT-ENABLED INVERSE FEEDFORWARD + FROZEN BASELINE PD GAINS,"PRELIMINARY - NUMERICAL HIP-REDUCTION SUCCESSOR ONLY - NOT APPROVED FOR CONNECTION, POWERED TESTING, MOTION, WALKING, OR ENERGIZATION"
WS-R01,4.620,DOUBLE,L+R,0.455275,0.380325,228.015139,167.835396,NONE,-0.000052109,98.047310,3.963921,50 HZ CONTACT-ENABLED INVERSE FEEDFORWARD + FROZEN BASELINE PD GAINS,"PRELIMINARY - NUMERICAL HIP-REDUCTION SUCCESSOR ONLY - NOT APPROVED FOR CONNECTION, POWERED TESTING, MOTION, WALKING, OR ENERGIZATION"
WS-R01,4.640,DOUBLE,L+R,0.454211,0.382513,229.644677,166.378909,NONE,-0.000052270,98.045401,3.919858,50 HZ CONTACT-ENABLED INVERSE FEEDFORWARD + FROZEN BASELINE PD GAINS,"PRELIMINARY - NUMERICAL HIP-REDUCTION SUCCESSOR ONLY - NOT APPROVED FOR CONNECTION, POWERED TESTING, MOTION, WALKING, OR ENERGIZATION"
WS-R01,4.660,DOUBLE,L+R,0.453141,0.384644,231.216143,164.987768,NONE,-0.000052395,98.044036,3.877901,50 HZ CONTACT-ENABLED INVERSE FEEDFORWARD + FROZEN BASELINE PD GAINS,"PRELIMINARY - NUMERICAL HIP-REDUCTION SUCCESSOR ONLY - NOT APPROVED FOR CONNECTION, POWERED TESTING, MOTION, WALKING, OR ENERGIZATION"
WS-R01,4.680,DOUBLE,L+R,0.456474,0.386717,232.731385,163.660955,NONE,-0.000052483,98.043114,3.838008,50 HZ CONTACT-ENABLED INVERSE FEEDFORWARD + FROZEN BASELINE PD GAINS,"PRELIMINARY - NUMERICAL HIP-REDUCTION SUCCESSOR ONLY - NOT APPROVED FOR CONNECTION, POWERED TESTING, MOTION, WALKING, OR ENERGIZATION"
WS-R01,4.700,DOUBLE,L+R,0.461942,0.388733,234.190762,162.396515,NONE,-0.000052536,98.042626,3.800131,50 HZ CONTACT-ENABLED INVERSE FEEDFORWARD + FROZEN BASELINE PD GAINS,"PRELIMINARY - NUMERICAL HIP-REDUCTION SUCCESSOR ONLY - NOT APPROVED FOR CONNECTION, POWERED TESTING, MOTION, WALKING, OR ENERGIZATION"
WS-R01,4.720,DOUBLE,L+R,0.467354,0.390692,235.594578,161.194405,NONE,-0.000052556,98.042468,3.764199,50 HZ CONTACT-ENABLED INVERSE FEEDFORWARD + FROZEN BASELINE PD GAINS,"PRELIMINARY - NUMERICAL HIP-REDUCTION SUCCESSOR ONLY - NOT APPROVED FOR CONNECTION, POWERED TESTING, MOTION, WALKING, OR ENERGIZATION"
WS-R01,4.740,DOUBLE,L+R,0.472707,0.392592,236.943204,160.053159,NONE,-0.000053009,98.042634,3.730174,50 HZ CONTACT-ENABLED INVERSE FEEDFORWARD + FROZEN BASELINE PD GAINS,"PRELIMINARY - NUMERICAL HIP-REDUCTION SUCCESSOR ONLY - NOT APPROVED FOR CONNECTION, POWERED TESTING, MOTION, WALKING, OR ENERGIZATION"
WS-R01,4.760,DOUBLE,L+R,0.477998,0.394434,238.236548,158.971856,NONE,-0.000054202,98.043063,3.697992,50 HZ CONTACT-ENABLED INVERSE FEEDFORWARD + FROZEN BASELINE PD GAINS,"PRELIMINARY - NUMERICAL HIP-REDUCTION SUCCESSOR ONLY - NOT APPROVED FOR CONNECTION, POWERED TESTING, MOTION, WALKING, OR ENERGIZATION"
WS-R01,4.780,DOUBLE,L+R,0.483223,0.396218,239.475754,157.949151,NONE,-0.000055367,98.043712,3.667589,50 HZ CONTACT-ENABLED INVERSE FEEDFORWARD + FROZEN BASELINE PD GAINS,"PRELIMINARY - NUMERICAL HIP-REDUCTION SUCCESSOR ONLY - NOT APPROVED FOR CONNECTION, POWERED TESTING, MOTION, WALKING, OR ENERGIZATION"
WS-R01,4.800,DOUBLE,L+R,0.488379,0.397945,240.662239,156.983573,NONE,-0.000056506,98.044530,3.638916,50 HZ CONTACT-ENABLED INVERSE FEEDFORWARD + FROZEN BASELINE PD GAINS,"PRELIMINARY - NUMERICAL HIP-REDUCTION SUCCESSOR ONLY - NOT APPROVED FOR CONNECTION, POWERED TESTING, MOTION, WALKING, OR ENERGIZATION"
WS-R01,4.820,DOUBLE,L+R,0.493464,0.399613,241.794859,156.074516,NONE,-0.000057617,98.045514,3.611899,50 HZ CONTACT-ENABLED INVERSE FEEDFORWARD + FROZEN BASELINE PD GAINS,"PRELIMINARY - NUMERICAL HIP-REDUCTION SUCCESSOR ONLY - NOT APPROVED FOR CONNECTION, POWERED TESTING, MOTION, WALKING, OR ENERGIZATION"
WS-R01,4.840,DOUBLE,L+R,0.498475,0.401223,242.876156,155.220716,NONE,-0.000058702,98.046584,3.586488,50 HZ CONTACT-ENABLED INVERSE FEEDFORWARD + FROZEN BASELINE PD GAINS,"PRELIMINARY - NUMERICAL HIP-REDUCTION SUCCESSOR ONLY - NOT APPROVED FOR CONNECTION, POWERED TESTING, MOTION, WALKING, OR ENERGIZATION"
WS-R01,4.860,DOUBLE,L+R,0.503410,0.402776,243.905467,154.420172,NONE,-0.000059759,98.047782,3.562627,50 HZ CONTACT-ENABLED INVERSE FEEDFORWARD + FROZEN BASELINE PD GAINS,"PRELIMINARY - NUMERICAL HIP-REDUCTION SUCCESSOR ONLY - NOT APPROVED FOR CONNECTION, POWERED TESTING, MOTION, WALKING, OR ENERGIZATION"
WS-R01,4.880,DOUBLE,L+R,0.508267,0.404271,244.884345,153.672709,NONE,-0.000060789,98.048998,3.540241,50 HZ CONTACT-ENABLED INVERSE FEEDFORWARD + FROZEN BASELINE PD GAINS,"PRELIMINARY - NUMERICAL HIP-REDUCTION SUCCESSOR ONLY - NOT APPROVED FOR CONNECTION, POWERED TESTING, MOTION, WALKING, OR ENERGIZATION"
WS-R01,4.900,DOUBLE,L+R,0.513042,0.405709,245.812648,152.976575,NONE,-0.000061791,98.050279,3.519290,50 HZ CONTACT-ENABLED INVERSE FEEDFORWARD + FROZEN BASELINE PD GAINS,"PRELIMINARY - NUMERICAL HIP-REDUCTION SUCCESSOR ONLY - NOT APPROVED FOR CONNECTION, POWERED TESTING, MOTION, WALKING, OR ENERGIZATION"
WS-R01,4.920,DOUBLE,L+R,0.517735,0.407090,246.692958,152.329829,NONE,-0.000062765,98.051562,3.499709,50 HZ CONTACT-ENABLED INVERSE FEEDFORWARD + FROZEN BASELINE PD GAINS,"PRELIMINARY - NUMERICAL HIP-REDUCTION SUCCESSOR ONLY - NOT APPROVED FOR CONNECTION, POWERED TESTING, MOTION, WALKING, OR ENERGIZATION"
WS-R01,4.940,DOUBLE,L+R,0.522343,0.408415,247.523861,151.732249,NONE,-0.000063711,98.052849,3.481437,50 HZ CONTACT-ENABLED INVERSE FEEDFORWARD + FROZEN BASELINE PD GAINS,"PRELIMINARY - NUMERICAL HIP-REDUCTION SUCCESSOR ONLY - NOT APPROVED FOR CONNECTION, POWERED TESTING, MOTION, WALKING, OR ENERGIZATION"
WS-R01,4.960,DOUBLE,L+R,0.526866,0.409684,248.307410,151.182102,NONE,-0.000064628,98.054113,3.464417,50 HZ CONTACT-ENABLED INVERSE FEEDFORWARD + FROZEN BASELINE PD GAINS,"PRELIMINARY - NUMERICAL HIP-REDUCTION SUCCESSOR ONLY - NOT APPROVED FOR CONNECTION, POWERED TESTING, MOTION, WALKING, OR ENERGIZATION"
WS-R01,4.980,DOUBLE,L+R,0.531301,0.410897,249.045115,150.677900,NONE,-0.000065515,98.055331,3.448604,50 HZ CONTACT-ENABLED INVERSE FEEDFORWARD + FROZEN BASELINE PD GAINS,"PRELIMINARY - NUMERICAL HIP-REDUCTION SUCCESSOR ONLY - NOT APPROVED FOR CONNECTION, POWERED TESTING, MOTION, WALKING, OR ENERGIZATION"
WS-R01,5.000,DOUBLE,L+R,0.535968,0.412342,249.880494,150.675435,NONE,-0.000066378,108.045042,6.950222,50 HZ CONTACT-ENABLED INVERSE FEEDFORWARD + FROZEN BASELINE PD GAINS,"PRELIMINARY - NUMERICAL HIP-REDUCTION SUCCESSOR ONLY - NOT APPROVED FOR CONNECTION, POWERED TESTING, MOTION, WALKING, OR ENERGIZATION"
WS-R01,5.020,DOUBLE,L+R,0.539759,0.412912,252.045760,147.325843,NONE,-0.000061343,97.900311,3.340411,50 HZ CONTACT-ENABLED INVERSE FEEDFORWARD + FROZEN BASELINE PD GAINS,"PRELIMINARY - NUMERICAL HIP-REDUCTION SUCCESSOR ONLY - NOT APPROVED FOR CONNECTION, POWERED TESTING, MOTION, WALKING, OR ENERGIZATION"
WS-R01,5.040,DOUBLE,L+R,0.543741,0.413910,250.447792,154.007729,NONE,-0.000058481,99.555494,4.053120,50 HZ CONTACT-ENABLED INVERSE FEEDFORWARD + FROZEN BASELINE PD GAINS,"PRELIMINARY - NUMERICAL HIP-REDUCTION SUCCESSOR ONLY - NOT APPROVED FOR CONNECTION, POWERED TESTING, MOTION, WALKING, OR ENERGIZATION"
WS-R01,5.060,DOUBLE,L+R,0.547716,0.414825,253.079142,154.530632,NONE,-0.000057332,105.097961,6.032370,50 HZ CONTACT-ENABLED INVERSE FEEDFORWARD + FROZEN BASELINE PD GAINS,"PRELIMINARY - NUMERICAL HIP-REDUCTION SUCCESSOR ONLY - NOT APPROVED FOR CONNECTION, POWERED TESTING, MOTION, WALKING, OR ENERGIZATION"
WS-R01,5.080,DOUBLE,L+R,0.551631,0.415986,250.892999,151.603036,NONE,-0.000056335,107.623424,6.880028,50 HZ CONTACT-ENABLED INVERSE FEEDFORWARD + FROZEN BASELINE PD GAINS,"PRELIMINARY - NUMERICAL HIP-REDUCTION SUCCESSOR ONLY - NOT APPROVED FOR CONNECTION, POWERED TESTING, MOTION, WALKING, OR ENERGIZATION"
WS-R01,5.100,DOUBLE,L+R,0.555627,0.417388,254.853280,152.352057,NONE,-0.000056521,103.631028,4.413727,50 HZ CONTACT-ENABLED INVERSE FEEDFORWARD + FROZEN BASELINE PD GAINS,"PRELIMINARY - NUMERICAL HIP-REDUCTION SUCCESSOR ONLY - NOT APPROVED FOR CONNECTION, POWERED TESTING, MOTION, WALKING, OR ENERGIZATION"
WS-R01,5.120,DOUBLE,L+R,0.558823,0.417830,253.386363,155.312628,NONE,-0.000052601,104.800249,5.898013,50 HZ CONTACT-ENABLED INVERSE FEEDFORWARD + FROZEN BASELINE PD GAINS,"PRELIMINARY - NUMERICAL HIP-REDUCTION SUCCESSOR ONLY - NOT APPROVED FOR CONNECTION, POWERED TESTING, MOTION, WALKING, OR ENERGIZATION"
WS-R01,5.140,DOUBLE,L+R,0.562737,0.418934,254.897184,146.613987,NONE,-0.000053486,99.454493,3.519803,50 HZ CONTACT-ENABLED INVERSE FEEDFORWARD + FROZEN BASELINE PD GAINS,"PRELIMINARY - NUMERICAL HIP-REDUCTION SUCCESSOR ONLY - NOT APPROVED FOR CONNECTION, POWERED TESTING, MOTION, WALKING, OR ENERGIZATION"
WS-R01,5.160,DOUBLE,L+R,0.566018,0.419521,251.362425,152.662498,NONE,-0.000051694,107.398841,6.848762,50 HZ CONTACT-ENABLED INVERSE FEEDFORWARD + FROZEN BASELINE PD GAINS,"PRELIMINARY - NUMERICAL HIP-REDUCTION SUCCESSOR ONLY - NOT APPROVED FOR CONNECTION, POWERED TESTING, MOTION, WALKING, OR ENERGIZATION"
WS-R01,5.180,DOUBLE,L+R,0.569363,0.419981,249.235444,152.893631,NONE,-0.000049980,109.794165,7.065066,50 HZ CONTACT-ENABLED INVERSE FEEDFORWARD + FROZEN BASELINE PD GAINS,"PRELIMINARY - NUMERICAL HIP-REDUCTION SUCCESSOR ONLY - NOT APPROVED FOR CONNECTION, POWERED TESTING, MOTION, WALKING, OR ENERGIZATION"
WS-R01,5.200,DOUBLE,L+R,0.572272,0.420566,249.196635,155.947793,NONE,-0.000048536,100.777912,4.380415,50 HZ CONTACT-ENABLED INVERSE FEEDFORWARD + FROZEN BASELINE PD GAINS,"PRELIMINARY - NUMERICAL HIP-REDUCTION SUCCESSOR ONLY - NOT APPROVED FOR CONNECTION, POWERED TESTING, MOTION, WALKING, OR ENERGIZATION"
WS-R01,5.220,DOUBLE,L+R,0.575521,0.421309,249.326891,156.201491,NONE,-0.000048184,100.795031,4.390577,50 HZ CONTACT-ENABLED INVERSE FEEDFORWARD + FROZEN BASELINE PD GAINS,"PRELIMINARY - NUMERICAL HIP-REDUCTION SUCCESSOR ONLY - NOT APPROVED FOR CONNECTION, POWERED TESTING, MOTION, WALKING, OR ENERGIZATION"
WS-R01,5.240,DOUBLE,L+R,0.578640,0.421833,249.500701,156.441130,NONE,-0.000048444,100.808821,4.404224,50 HZ CONTACT-ENABLED INVERSE FEEDFORWARD + FROZEN BASELINE PD GAINS,"PRELIMINARY - NUMERICAL HIP-REDUCTION SUCCESSOR ONLY - NOT APPROVED FOR CONNECTION, POWERED TESTING, MOTION, WALKING, OR ENERGIZATION"
WS-R01,5.260,DOUBLE,L+R,0.581427,0.422137,254.894319,156.936736,NONE,-0.000046623,103.355240,4.595443,50 HZ CONTACT-ENABLED INVERSE FEEDFORWARD + FROZEN BASELINE PD GAINS,"PRELIMINARY - NUMERICAL HIP-REDUCTION SUCCESSOR ONLY - NOT APPROVED FOR CONNECTION, POWERED TESTING, MOTION, WALKING, OR ENERGIZATION"
WS-R01,5.280,DOUBLE,L+R,0.584815,0.422923,256.297683,153.961412,NONE,-0.000048079,99.636562,3.640297,50 HZ CONTACT-ENABLED INVERSE FEEDFORWARD + FROZEN BASELINE PD GAINS,"PRELIMINARY - NUMERICAL HIP-REDUCTION SUCCESSOR ONLY - NOT APPROVED FOR CONNECTION, POWERED TESTING, MOTION, WALKING, OR ENERGIZATION"
WS-R01,5.300,DOUBLE,L+R,0.587323,0.423330,253.156887,157.207500,NONE,-0.000045779,105.112050,6.754403,50 HZ CONTACT-ENABLED INVERSE FEEDFORWARD + FROZEN BASELINE PD GAINS,"PRELIMINARY - NUMERICAL HIP-REDUCTION SUCCESSOR ONLY - NOT APPROVED FOR CONNECTION, POWERED TESTING, MOTION, WALKING, OR ENERGIZATION"
WS-R01,5.320,DOUBLE,L+R,0.589967,0.423563,253.103321,149.056028,NONE,-0.000043827,110.063718,7.240435,50 HZ CONTACT-ENABLED INVERSE FEEDFORWARD + FROZEN BASELINE PD GAINS,"PRELIMINARY - NUMERICAL HIP-REDUCTION SUCCESSOR ONLY - NOT APPROVED FOR CONNECTION, POWERED TESTING, MOTION, WALKING, OR ENERGIZATION"
WS-R01,5.340,DOUBLE,L+R,0.592735,0.424011,255.807721,159.050106,NONE,-0.000046100,98.873959,1.988696,50 HZ CONTACT-ENABLED INVERSE FEEDFORWARD + FROZEN BASELINE PD GAINS,"PRELIMINARY - NUMERICAL HIP-REDUCTION SUCCESSOR ONLY - NOT APPROVED FOR CONNECTION, POWERED TESTING, MOTION, WALKING, OR ENERGIZATION"
WS-R01,5.360,DOUBLE,L+R,0.595120,0.424145,254.173077,154.559882,NONE,-0.000042872,115.061413,10.531908,50 HZ CONTACT-ENABLED INVERSE FEEDFORWARD + FROZEN BASELINE PD GAINS,"PRELIMINARY - NUMERICAL HIP-REDUCTION SUCCESSOR ONLY - NOT APPROVED FOR CONNECTION, POWERED TESTING, MOTION, WALKING, OR ENERGIZATION"
WS-R01,5.380,DOUBLE,L+R,0.597876,0.424851,255.179883,154.920249,NONE,-0.000042874,98.770863,3.719886,50 HZ CONTACT-ENABLED INVERSE FEEDFORWARD + FROZEN BASELINE PD GAINS,"PRELIMINARY - NUMERICAL HIP-REDUCTION SUCCESSOR ONLY - NOT APPROVED FOR CONNECTION, POWERED TESTING, MOTION, WALKING, OR ENERGIZATION"
WS-R01,5.400,DOUBLE,L+R,0.600296,0.425050,254.991843,158.280395,NONE,-0.000045793,99.042464,1.746270,50 HZ CONTACT-ENABLED INVERSE FEEDFORWARD + FROZEN BASELINE PD GAINS,"PRELIMINARY - NUMERICAL HIP-REDUCTION SUCCESSOR ONLY - NOT APPROVED FOR CONNECTION, POWERED TESTING, MOTION, WALKING, OR ENERGIZATION"
WS-R01,5.420,DOUBLE,L+R,0.602639,0.425374,248.681124,156.559101,NONE,-0.000042650,97.702898,4.047073,50 HZ CONTACT-ENABLED INVERSE FEEDFORWARD + FROZEN BASELINE PD GAINS,"PRELIMINARY - NUMERICAL HIP-REDUCTION SUCCESSOR ONLY - NOT APPROVED FOR CONNECTION, POWERED TESTING, MOTION, WALKING, OR ENERGIZATION"
WS-R01,5.440,DOUBLE,L+R,0.604468,0.425080,253.695371,160.003289,NONE,-0.000043880,103.540577,5.538798,50 HZ CONTACT-ENABLED INVERSE FEEDFORWARD + FROZEN BASELINE PD GAINS,"PRELIMINARY - NUMERICAL HIP-REDUCTION SUCCESSOR ONLY - NOT APPROVED FOR CONNECTION, POWERED TESTING, MOTION, WALKING, OR ENERGIZATION"
WS-R01,5.460,DOUBLE,L+R,0.607019,0.425715,252.309971,158.980800,NONE,-0.000044583,105.682962,5.563536,50 HZ CONTACT-ENABLED INVERSE FEEDFORWARD + FROZEN BASELINE PD GAINS,"PRELIMINARY - NUMERICAL HIP-REDUCTION SUCCESSOR ONLY - NOT APPROVED FOR CONNECTION, POWERED TESTING, MOTION, WALKING, OR ENERGIZATION"
WS-R01,5.480,DOUBLE,L+R,0.609317,0.426113,252.228801,151.167137,NONE,-0.000043642,109.516365,7.077637,50 HZ CONTACT-ENABLED INVERSE FEEDFORWARD + FROZEN BASELINE PD GAINS,"PRELIMINARY - NUMERICAL HIP-REDUCTION SUCCESSOR ONLY - NOT APPROVED FOR CONNECTION, POWERED TESTING, MOTION, WALKING, OR ENERGIZATION"
WS-R01,5.500,DOUBLE,L+R,0.611180,0.425909,249.174561,150.319442,NONE,-0.000042903,113.718096,7.923322,50 HZ CONTACT-ENABLED INVERSE FEEDFORWARD + FROZEN BASELINE PD GAINS,"PRELIMINARY - NUMERICAL HIP-REDUCTION SUCCESSOR ONLY - NOT APPROVED FOR CONNECTION, POWERED TESTING, MOTION, WALKING, OR ENERGIZATION"
WS-R01,5.520,DOUBLE,L+R,0.612945,0.425893,252.436502,160.857338,NONE,-0.000041384,104.545037,5.906077,50 HZ CONTACT-ENABLED INVERSE FEEDFORWARD + FROZEN BASELINE PD GAINS,"PRELIMINARY - NUMERICAL HIP-REDUCTION SUCCESSOR ONLY - NOT APPROVED FOR CONNECTION, POWERED TESTING, MOTION, WALKING, OR ENERGIZATION"
WS-R01,5.540,DOUBLE,L+R,0.615207,0.426157,253.381454,159.911031,NONE,-0.000043792,98.443327,2.838260,50 HZ CONTACT-ENABLED INVERSE FEEDFORWARD + FROZEN BASELINE PD GAINS,"PRELIMINARY - NUMERICAL HIP-REDUCTION SUCCESSOR ONLY - NOT APPROVED FOR CONNECTION, POWERED TESTING, MOTION, WALKING, OR ENERGIZATION"
WS-R01,5.560,DOUBLE,L+R,0.617334,0.426798,251.626246,152.602124,NONE,-0.000043406,108.965815,7.012367,50 HZ CONTACT-ENABLED INVERSE FEEDFORWARD + FROZEN BASELINE PD GAINS,"PRELIMINARY - NUMERICAL HIP-REDUCTION SUCCESSOR ONLY - NOT APPROVED FOR CONNECTION, POWERED TESTING, MOTION, WALKING, OR ENERGIZATION"
WS-R01,5.580,DOUBLE,L+R,0.618875,0.426419,253.356815,153.562186,NONE,-0.000042337,98.965680,3.275374,50 HZ CONTACT-ENABLED INVERSE FEEDFORWARD + FROZEN BASELINE PD GAINS,"PRELIMINARY - NUMERICAL HIP-REDUCTION SUCCESSOR ONLY - NOT APPROVED FOR CONNECTION, POWERED TESTING, MOTION, WALKING, OR ENERGIZATION"
WS-R01,5.600,L SINGLE,L+R,0.620601,0.426439,254.370774,161.886230,NONE,-0.000044580,98.767058,1.398662,50 HZ CONTACT-ENABLED INVERSE FEEDFORWARD + FROZEN BASELINE PD GAINS,"PRELIMINARY - NUMERICAL HIP-REDUCTION SUCCESSOR ONLY - NOT APPROVED FOR CONNECTION, POWERED TESTING, MOTION, WALKING, OR ENERGIZATION"
WS-R01,5.620,L SINGLE,L+R,0.622189,0.426513,253.009606,157.475846,NONE,-0.000041925,105.725560,6.094384,50 HZ CONTACT-ENABLED INVERSE FEEDFORWARD + FROZEN BASELINE PD GAINS,"PRELIMINARY - NUMERICAL HIP-REDUCTION SUCCESSOR ONLY - NOT APPROVED FOR CONNECTION, POWERED TESTING, MOTION, WALKING, OR ENERGIZATION"
WS-R01,5.640,L SINGLE,L+R,0.623620,0.426355,247.258662,160.699478,NONE,-0.000040399,100.412357,4.277645,50 HZ CONTACT-ENABLED INVERSE FEEDFORWARD + FROZEN BASELINE PD GAINS,"PRELIMINARY - NUMERICAL HIP-REDUCTION SUCCESSOR ONLY - NOT APPROVED FOR CONNECTION, POWERED TESTING, MOTION, WALKING, OR ENERGIZATION"
WS-R01,5.660,L SINGLE,L+R,0.624993,0.426406,252.005357,161.171781,NONE,-0.000039315,103.792150,4.810635,50 HZ CONTACT-ENABLED INVERSE FEEDFORWARD + FROZEN BASELINE PD GAINS,"PRELIMINARY - NUMERICAL HIP-REDUCTION SUCCESSOR ONLY - NOT APPROVED FOR CONNECTION, POWERED TESTING, MOTION, WALKING, OR ENERGIZATION"
WS-R01,5.680,L SINGLE,L+R,0.626596,0.426604,252.705633,158.502153,NONE,-0.000038948,103.585846,4.539815,50 HZ CONTACT-ENABLED INVERSE FEEDFORWARD + FROZEN BASELINE PD GAINS,"PRELIMINARY - NUMERICAL HIP-REDUCTION SUCCESSOR ONLY - NOT APPROVED FOR CONNECTION, POWERED TESTING, MOTION, WALKING, OR ENERGIZATION"
WS-R01,5.700,L SINGLE,L+R,0.627471,0.426169,246.909654,154.061084,NONE,-0.000036979,112.705548,7.836267,50 HZ CONTACT-ENABLED INVERSE FEEDFORWARD + FROZEN BASELINE PD GAINS,"PRELIMINARY - NUMERICAL HIP-REDUCTION SUCCESSOR ONLY - NOT APPROVED FOR CONNECTION, POWERED TESTING, MOTION, WALKING, OR ENERGIZATION"
WS-R01,5.720,L SINGLE,L+R,0.628792,0.426410,252.250550,158.767437,NONE,-0.000037864,106.302530,6.754771,50 HZ CONTACT-ENABLED INVERSE FEEDFORWARD + FROZEN BASELINE PD GAINS,"PRELIMINARY - NUMERICAL HIP-REDUCTION SUCCESSOR ONLY - NOT APPROVED FOR CONNECTION, POWERED TESTING, MOTION, WALKING, OR ENERGIZATION"
WS-R01,5.740,L SINGLE,L+R,0.629533,0.426378,252.177953,158.803761,NONE,-0.000036656,104.724157,5.115905,50 HZ CONTACT-ENABLED INVERSE FEEDFORWARD + FROZEN BASELINE PD GAINS,"PRELIMINARY - NUMERICAL HIP-REDUCTION SUCCESSOR ONLY - NOT APPROVED FOR CONNECTION, POWERED TESTING, MOTION, WALKING, OR ENERGIZATION"
WS-R01,5.760,L SINGLE,L+R,0.630948,0.426899,251.756522,159.763003,NONE,-0.000038950,104.569532,4.923993,50 HZ CONTACT-ENABLED INVERSE FEEDFORWARD + FROZEN BASELINE PD GAINS,"PRELIMINARY - NUMERICAL HIP-REDUCTION SUCCESSOR ONLY - NOT APPROVED FOR CONNECTION, POWERED TESTING, MOTION, WALKING, OR ENERGIZATION"
WS-R01,5.780,L SINGLE,L+R,0.631841,0.426642,245.549571,161.245320,NONE,-0.000036049,98.072871,3.842647,50 HZ CONTACT-ENABLED INVERSE FEEDFORWARD + FROZEN BASELINE PD GAINS,"PRELIMINARY - NUMERICAL HIP-REDUCTION SUCCESSOR ONLY - NOT APPROVED FOR CONNECTION, POWERED TESTING, MOTION, WALKING, OR ENERGIZATION"
WS-R01,5.800,L SINGLE,L+R,0.632687,0.426528,249.784077,163.849750,NONE,-0.000033835,116.668329,10.207179,50 HZ CONTACT-ENABLED INVERSE FEEDFORWARD + FROZEN BASELINE PD GAINS,"PRELIMINARY - NUMERICAL HIP-REDUCTION SUCCESSOR ONLY - NOT APPROVED FOR CONNECTION, POWERED TESTING, MOTION, WALKING, OR ENERGIZATION"
WS-R01,5.820,L SINGLE,L+R,0.633561,0.426493,250.749443,166.923074,NONE,-0.000036052,100.058066,4.220073,50 HZ CONTACT-ENABLED INVERSE FEEDFORWARD + FROZEN BASELINE PD GAINS,"PRELIMINARY - NUMERICAL HIP-REDUCTION SUCCESSOR ONLY - NOT APPROVED FOR CONNECTION, POWERED TESTING, MOTION, WALKING, OR ENERGIZATION"
WS-R01,5.840,L SINGLE,L+R,0.633809,0.426432,251.433356,170.405892,NONE,-0.000035099,106.038110,6.694100,50 HZ CONTACT-ENABLED INVERSE FEEDFORWARD + FROZEN BASELINE PD GAINS,"PRELIMINARY - NUMERICAL HIP-REDUCTION SUCCESSOR ONLY - NOT APPROVED FOR CONNECTION, POWERED TESTING, MOTION, WALKING, OR ENERGIZATION"
WS-R01,5.860,L SINGLE,L+R,0.633459,0.426336,252.157010,174.256756,NONE,-0.000033325,105.489899,5.846311,50 HZ CONTACT-ENABLED INVERSE FEEDFORWARD + FROZEN BASELINE PD GAINS,"PRELIMINARY - NUMERICAL HIP-REDUCTION SUCCESSOR ONLY - NOT APPROVED FOR CONNECTION, POWERED TESTING, MOTION, WALKING, OR ENERGIZATION"
WS-R01,5.880,L SINGLE,L+R,0.632248,0.425994,250.175501,179.348476,NONE,-0.000030601,101.256305,4.683292,50 HZ CONTACT-ENABLED INVERSE FEEDFORWARD + FROZEN BASELINE PD GAINS,"PRELIMINARY - NUMERICAL HIP-REDUCTION SUCCESSOR ONLY - NOT APPROVED FOR CONNECTION, POWERED TESTING, MOTION, WALKING, OR ENERGIZATION"
WS-R01,5.900,L SINGLE,L+R,0.630340,0.425854,250.718560,184.329179,NONE,-0.000029608,108.001587,7.238508,50 HZ CONTACT-ENABLED INVERSE FEEDFORWARD + FROZEN BASELINE PD GAINS,"PRELIMINARY - NUMERICAL HIP-REDUCTION SUCCESSOR ONLY - NOT APPROVED FOR CONNECTION, POWERED TESTING, MOTION, WALKING, OR ENERGIZATION"
WS-R01,5.920,L SINGLE,L+R,0.627216,0.425624,251.208639,189.598655,NONE,-0.000026924,107.700042,6.493585,50 HZ CONTACT-ENABLED INVERSE FEEDFORWARD + FROZEN BASELINE PD GAINS,"PRELIMINARY - NUMERICAL HIP-REDUCTION SUCCESSOR ONLY - NOT APPROVED FOR CONNECTION, POWERED TESTING, MOTION, WALKING, OR ENERGIZATION"
WS-R01,5.940,L SINGLE,L+R,0.622543,0.425124,248.885629,197.076841,NONE,-0.000022767,103.302216,5.411902,50 HZ CONTACT-ENABLED INVERSE FEEDFORWARD + FROZEN BASELINE PD GAINS,"PRELIMINARY - NUMERICAL HIP-REDUCTION SUCCESSOR ONLY - NOT APPROVED FOR CONNECTION, POWERED TESTING, MOTION, WALKING, OR ENERGIZATION"
WS-R01,5.960,L SINGLE,L+R,0.616410,0.424817,248.952258,203.771343,NONE,-0.000019963,111.167907,8.109580,50 HZ CONTACT-ENABLED INVERSE FEEDFORWARD + FROZEN BASELINE PD GAINS,"PRELIMINARY - NUMERICAL HIP-REDUCTION SUCCESSOR ONLY - NOT APPROVED FOR CONNECTION, POWERED TESTING, MOTION, WALKING, OR ENERGIZATION"
WS-R01,5.980,L SINGLE,L+R,0.608152,0.424398,248.885021,210.748826,NONE,-0.000015053,111.105029,7.442916,50 HZ CONTACT-ENABLED INVERSE FEEDFORWARD + FROZEN BASELINE PD GAINS,"PRELIMINARY - NUMERICAL HIP-REDUCTION SUCCESSOR ONLY - NOT APPROVED FOR CONNECTION, POWERED TESTING, MOTION, WALKING, OR ENERGIZATION"
WS-R01,6.000,L SINGLE,L+R,0.597314,0.423788,246.751999,220.026176,NONE,-0.000007749,113.809791,7.596876,50 HZ CONTACT-ENABLED INVERSE FEEDFORWARD + FROZEN BASELINE PD GAINS,"PRELIMINARY - NUMERICAL HIP-REDUCTION SUCCESSOR ONLY - NOT APPROVED FOR CONNECTION, POWERED TESTING, MOTION, WALKING, OR ENERGIZATION"
WS-R01,6.020,L SINGLE,L+R,0.619049,0.423090,238.937381,229.786005,NONE,0.000002025,104.737644,6.557438,50 HZ CONTACT-ENABLED INVERSE FEEDFORWARD + FROZEN BASELINE PD GAINS,"PRELIMINARY - NUMERICAL HIP-REDUCTION SUCCESSOR ONLY - NOT APPROVED FOR CONNECTION, POWERED TESTING, MOTION, WALKING, OR ENERGIZATION"
WS-R01,6.040,L SINGLE,L+R,0.648046,0.423365,241.126398,241.519251,NONE,0.000011837,129.495893,12.852948,50 HZ CONTACT-ENABLED INVERSE FEEDFORWARD + FROZEN BASELINE PD GAINS,"PRELIMINARY - NUMERICAL HIP-REDUCTION SUCCESSOR ONLY - NOT APPROVED FOR CONNECTION, POWERED TESTING, MOTION, WALKING, OR ENERGIZATION"
WS-R01,6.060,L SINGLE,L+R,0.673293,0.423873,238.126758,250.857611,NONE,0.000022447,107.851230,7.128973,50 HZ CONTACT-ENABLED INVERSE FEEDFORWARD + FROZEN BASELINE PD GAINS,"PRELIMINARY - NUMERICAL HIP-REDUCTION SUCCESSOR ONLY - NOT APPROVED FOR CONNECTION, POWERED TESTING, MOTION, WALKING, OR ENERGIZATION"
WS-R01,6.080,L SINGLE,L+R,0.626234,0.422844,237.219362,255.104850,NONE,0.000034125,119.686921,10.281160,50 HZ CONTACT-ENABLED INVERSE FEEDFORWARD + FROZEN BASELINE PD GAINS,"PRELIMINARY - NUMERICAL HIP-REDUCTION SUCCESSOR ONLY - NOT APPROVED FOR CONNECTION, POWERED TESTING, MOTION, WALKING, OR ENERGIZATION"
WS-R01,6.100,L SINGLE,L+R,0.529127,0.421695,230.975358,258.507006,NONE,0.000051099,107.073220,7.051065,50 HZ CONTACT-ENABLED INVERSE FEEDFORWARD + FROZEN BASELINE PD GAINS,"PRELIMINARY - NUMERICAL HIP-REDUCTION SUCCESSOR ONLY - NOT APPROVED FOR CONNECTION, POWERED TESTING, MOTION, WALKING, OR ENERGIZATION"
WS-R01,6.120,L SINGLE,L+R,0.514866,0.421297,229.868331,258.610981,NONE,0.000061996,118.240963,10.118233,50 HZ CONTACT-ENABLED INVERSE FEEDFORWARD + FROZEN BASELINE PD GAINS,"PRELIMINARY - NUMERICAL HIP-REDUCTION SUCCESSOR ONLY - NOT APPROVED FOR CONNECTION, POWERED TESTING, MOTION, WALKING, OR ENERGIZATION"
WS-R01,6.140,L SINGLE,L+R,0.497473,0.420982,226.710714,256.247518,NONE,0.000071483,114.580915,8.197981,50 HZ CONTACT-ENABLED INVERSE FEEDFORWARD + FROZEN BASELINE PD GAINS,"PRELIMINARY - NUMERICAL HIP-REDUCTION SUCCESSOR ONLY - NOT APPROVED FOR CONNECTION, POWERED TESTING, MOTION, WALKING, OR ENERGIZATION"
WS-R01,6.160,L SINGLE,L+R,0.458412,0.421960,219.520512,245.415503,NONE,0.000078352,102.820181,6.374929,50 HZ CONTACT-ENABLED INVERSE FEEDFORWARD + FROZEN BASELINE PD GAINS,"PRELIMINARY - NUMERICAL HIP-REDUCTION SUCCESSOR ONLY - NOT APPROVED FOR CONNECTION, POWERED TESTING, MOTION, WALKING, OR ENERGIZATION"
WS-R01,6.180,L SINGLE,L+R,0.428897,0.416395,218.147342,165.352981,NONE,0.000087594,112.159806,9.413695,50 HZ CONTACT-ENABLED INVERSE FEEDFORWARD + FROZEN BASELINE PD GAINS,"PRELIMINARY - NUMERICAL HIP-REDUCTION SUCCESSOR ONLY - NOT APPROVED FOR CONNECTION, POWERED TESTING, MOTION, WALKING, OR ENERGIZATION"
WS-R01,6.200,L SINGLE,L+R,0.529930,0.416107,212.595608,161.837936,NONE,0.000090589,98.472393,5.746418,50 HZ CONTACT-ENABLED INVERSE FEEDFORWARD + FROZEN BASELINE PD GAINS,"PRELIMINARY - NUMERICAL HIP-REDUCTION SUCCESSOR ONLY - NOT APPROVED FOR CONNECTION, POWERED TESTING, MOTION, WALKING, OR ENERGIZATION"
WS-R01,6.220,L SINGLE,L+R,0.535433,0.422188,208.700172,0.000000,NONE,0.000096191,94.470737,3.014780,50 HZ CONTACT-ENABLED INVERSE FEEDFORWARD + FROZEN BASELINE PD GAINS,"PRELIMINARY - NUMERICAL HIP-REDUCTION SUCCESSOR ONLY - NOT APPROVED FOR CONNECTION, POWERED TESTING, MOTION, WALKING, OR ENERGIZATION"
WS-R01,6.240,L SINGLE,L,0.426626,0.418123,207.466252,0.000000,NONE,0.000102570,93.160603,1.935837,50 HZ CONTACT-ENABLED INVERSE FEEDFORWARD + FROZEN BASELINE PD GAINS,"PRELIMINARY - NUMERICAL HIP-REDUCTION SUCCESSOR ONLY - NOT APPROVED FOR CONNECTION, POWERED TESTING, MOTION, WALKING, OR ENERGIZATION"
WS-R01,6.260,L SINGLE,L,0.219390,0.428908,201.479771,0.000000,NONE,0.000105684,86.294296,3.495130,50 HZ CONTACT-ENABLED INVERSE FEEDFORWARD + FROZEN BASELINE PD GAINS,"PRELIMINARY - NUMERICAL HIP-REDUCTION SUCCESSOR ONLY - NOT APPROVED FOR CONNECTION, POWERED TESTING, MOTION, WALKING, OR ENERGIZATION"
WS-R01,6.280,L SINGLE,L,0.170234,0.427809,209.031246,0.000000,NONE,0.000110643,94.119629,3.525473,50 HZ CONTACT-ENABLED INVERSE FEEDFORWARD + FROZEN BASELINE PD GAINS,"PRELIMINARY - NUMERICAL HIP-REDUCTION SUCCESSOR ONLY - NOT APPROVED FOR CONNECTION, POWERED TESTING, MOTION, WALKING, OR ENERGIZATION"
WS-R01,6.300,L SINGLE,L,0.417063,0.426794,207.413948,0.000000,NONE,0.000111017,91.503478,2.728758,50 HZ CONTACT-ENABLED INVERSE FEEDFORWARD + FROZEN BASELINE PD GAINS,"PRELIMINARY - NUMERICAL HIP-REDUCTION SUCCESSOR ONLY - NOT APPROVED FOR CONNECTION, POWERED TESTING, MOTION, WALKING, OR ENERGIZATION"
WS-R01,6.320,L SINGLE,L+R,0.538829,0.422661,204.369052,3.344647,NONE,0.000110129,84.663632,3.329478,50 HZ CONTACT-ENABLED INVERSE FEEDFORWARD + FROZEN BASELINE PD GAINS,"PRELIMINARY - NUMERICAL HIP-REDUCTION SUCCESSOR ONLY - NOT APPROVED FOR CONNECTION, POWERED TESTING, MOTION, WALKING, OR ENERGIZATION"
WS-R01,6.340,L SINGLE,L,0.693920,0.418869,210.478817,0.000000,NONE,0.000109814,99.377793,6.002624,50 HZ CONTACT-ENABLED INVERSE FEEDFORWARD + FROZEN BASELINE PD GAINS,"PRELIMINARY - NUMERICAL HIP-REDUCTION SUCCESSOR ONLY - NOT APPROVED FOR CONNECTION, POWERED TESTING, MOTION, WALKING, OR ENERGIZATION"
WS-R01,6.360,L SINGLE,L,0.791146,0.418253,211.554516,0.000000,NONE,0.000109756,84.507393,2.190957,50 HZ CONTACT-ENABLED INVERSE FEEDFORWARD + FROZEN BASELINE PD GAINS,"PRELIMINARY - NUMERICAL HIP-REDUCTION SUCCESSOR ONLY - NOT APPROVED FOR CONNECTION, POWERED TESTING, MOTION, WALKING, OR ENERGIZATION"
WS-R01,6.380,L SINGLE,L,0.865686,0.417381,213.248664,0.000000,NONE,0.000109845,88.584838,2.643204,50 HZ CONTACT-ENABLED INVERSE FEEDFORWARD + FROZEN BASELINE PD GAINS,"PRELIMINARY - NUMERICAL HIP-REDUCTION SUCCESSOR ONLY - NOT APPROVED FOR CONNECTION, POWERED TESTING, MOTION, WALKING, OR ENERGIZATION"
WS-R01,6.400,L SINGLE,L,0.919637,0.416723,215.285105,0.000000,NONE,0.000109800,88.180514,1.845397,50 HZ CONTACT-ENABLED INVERSE FEEDFORWARD + FROZEN BASELINE PD GAINS,"PRELIMINARY - NUMERICAL HIP-REDUCTION SUCCESSOR ONLY - NOT APPROVED FOR CONNECTION, POWERED TESTING, MOTION, WALKING, OR ENERGIZATION"
WS-R01,6.420,L SINGLE,L,0.945063,0.416227,215.040220,0.000000,NONE,0.000108301,88.336171,1.701513,50 HZ CONTACT-ENABLED INVERSE FEEDFORWARD + FROZEN BASELINE PD GAINS,"PRELIMINARY - NUMERICAL HIP-REDUCTION SUCCESSOR ONLY - NOT APPROVED FOR CONNECTION, POWERED TESTING, MOTION, WALKING, OR ENERGIZATION"
WS-R01,6.440,L SINGLE,L,0.958203,0.416281,208.921707,0.000000,NONE,0.000105490,81.232065,3.633532,50 HZ CONTACT-ENABLED INVERSE FEEDFORWARD + FROZEN BASELINE PD GAINS,"PRELIMINARY - NUMERICAL HIP-REDUCTION SUCCESSOR ONLY - NOT APPROVED FOR CONNECTION, POWERED TESTING, MOTION, WALKING, OR ENERGIZATION"
WS-R01,6.460,L SINGLE,L,0.971401,0.416457,214.547016,0.000000,NONE,0.000104314,98.110643,6.450586,50 HZ CONTACT-ENABLED INVERSE FEEDFORWARD + FROZEN BASELINE PD GAINS,"PRELIMINARY - NUMERICAL HIP-REDUCTION SUCCESSOR ONLY - NOT APPROVED FOR CONNECTION, POWERED TESTING, MOTION, WALKING, OR ENERGIZATION"
WS-R01,6.480,L SINGLE,L,0.983423,0.416286,217.290157,0.000000,NONE,0.000108154,86.346499,1.599236,50 HZ CONTACT-ENABLED INVERSE FEEDFORWARD + FROZEN BASELINE PD GAINS,"PRELIMINARY - NUMERICAL HIP-REDUCTION SUCCESSOR ONLY - NOT APPROVED FOR CONNECTION, POWERED TESTING, MOTION, WALKING, OR ENERGIZATION"
WS-R01,6.500,L SINGLE,L,0.982143,0.416613,211.465613,0.000000,NONE,0.000107388,79.394373,3.621356,50 HZ CONTACT-ENABLED INVERSE FEEDFORWARD + FROZEN BASELINE PD GAINS,"PRELIMINARY - NUMERICAL HIP-REDUCTION SUCCESSOR ONLY - NOT APPROVED FOR CONNECTION, POWERED TESTING, MOTION, WALKING, OR ENERGIZATION"
WS-R01,6.520,L SINGLE,L,0.987532,0.416813,218.701888,0.000000,NONE,0.000103570,85.672751,1.627078,50 HZ CONTACT-ENABLED INVERSE FEEDFORWARD + FROZEN BASELINE PD GAINS,"PRELIMINARY - NUMERICAL HIP-REDUCTION SUCCESSOR ONLY - NOT APPROVED FOR CONNECTION, POWERED TESTING, MOTION, WALKING, OR ENERGIZATION"
WS-R01,6.540,L SINGLE,L,0.978092,0.416732,212.565672,0.000000,NONE,0.000101152,78.240613,3.618714,50 HZ CONTACT-ENABLED INVERSE FEEDFORWARD + FROZEN BASELINE PD GAINS,"PRELIMINARY - NUMERICAL HIP-REDUCTION SUCCESSOR ONLY - NOT APPROVED FOR CONNECTION, POWERED TESTING, MOTION, WALKING, OR ENERGIZATION"
WS-R01,6.560,L SINGLE,L,0.979823,0.416453,220.987022,0.000000,NONE,0.000106514,83.381319,1.690051,50 HZ CONTACT-ENABLED INVERSE FEEDFORWARD + FROZEN BASELINE PD GAINS,"PRELIMINARY - NUMERICAL HIP-REDUCTION SUCCESSOR ONLY - NOT APPROVED FOR CONNECTION, POWERED TESTING, MOTION, WALKING, OR ENERGIZATION"
WS-R01,6.580,L SINGLE,L,0.971270,0.416738,220.790753,0.000000,NONE,0.000107766,82.820917,1.582348,50 HZ CONTACT-ENABLED INVERSE FEEDFORWARD + FROZEN BASELINE PD GAINS,"PRELIMINARY - NUMERICAL HIP-REDUCTION SUCCESSOR ONLY - NOT APPROVED FOR CONNECTION, POWERED TESTING, MOTION, WALKING, OR ENERGIZATION"
WS-R01,6.600,L SINGLE,L,0.977770,0.416885,222.300420,0.000000,NONE,0.000102677,83.003433,1.684885,50 HZ CONTACT-ENABLED INVERSE FEEDFORWARD + FROZEN BASELINE PD GAINS,"PRELIMINARY - NUMERICAL HIP-REDUCTION SUCCESSOR ONLY - NOT APPROVED FOR CONNECTION, POWERED TESTING, MOTION, WALKING, OR ENERGIZATION"
WS-R01,6.620,L SINGLE,L,0.965146,0.416780,220.845747,0.000000,NONE,0.000102946,77.246608,2.358219,50 HZ CONTACT-ENABLED INVERSE FEEDFORWARD + FROZEN BASELINE PD GAINS,"PRELIMINARY - NUMERICAL HIP-REDUCTION SUCCESSOR ONLY - NOT APPROVED FOR CONNECTION, POWERED TESTING, MOTION, WALKING, OR ENERGIZATION"
WS-R01,6.640,L SINGLE,L,0.962716,0.416817,223.085534,0.000000,NONE,0.000106732,79.704460,1.735292,50 HZ CONTACT-ENABLED INVERSE FEEDFORWARD + FROZEN BASELINE PD GAINS,"PRELIMINARY - NUMERICAL HIP-REDUCTION SUCCESSOR ONLY - NOT APPROVED FOR CONNECTION, POWERED TESTING, MOTION, WALKING, OR ENERGIZATION"
WS-R01,6.660,L SINGLE,L,0.964954,0.417060,221.922950,0.000000,NONE,0.000100146,77.562449,1.955090,50 HZ CONTACT-ENABLED INVERSE FEEDFORWARD + FROZEN BASELINE PD GAINS,"PRELIMINARY - NUMERICAL HIP-REDUCTION SUCCESSOR ONLY - NOT APPROVED FOR CONNECTION, POWERED TESTING, MOTION, WALKING, OR ENERGIZATION"
WS-R01,6.680,L SINGLE,L,0.951283,0.416827,223.492779,0.000000,NONE,0.000102074,80.201506,2.361025,50 HZ CONTACT-ENABLED INVERSE FEEDFORWARD + FROZEN BASELINE PD GAINS,"PRELIMINARY - NUMERICAL HIP-REDUCTION SUCCESSOR ONLY - NOT APPROVED FOR CONNECTION, POWERED TESTING, MOTION, WALKING, OR ENERGIZATION"
WS-R01,6.700,L SINGLE,L,0.947611,0.417156,222.517205,0.000000,NONE,0.000102432,92.002398,6.278331,50 HZ CONTACT-ENABLED INVERSE FEEDFORWARD + FROZEN BASELINE PD GAINS,"PRELIMINARY - NUMERICAL HIP-REDUCTION SUCCESSOR ONLY - NOT APPROVED FOR CONNECTION, POWERED TESTING, MOTION, WALKING, OR ENERGIZATION"
WS-R01,6.720,L SINGLE,L,0.944006,0.417189,224.412303,0.000000,NONE,0.000105296,78.464331,2.048638,50 HZ CONTACT-ENABLED INVERSE FEEDFORWARD + FROZEN BASELINE PD GAINS,"PRELIMINARY - NUMERICAL HIP-REDUCTION SUCCESSOR ONLY - NOT APPROVED FOR CONNECTION, POWERED TESTING, MOTION, WALKING, OR ENERGIZATION"
WS-R01,6.740,L SINGLE,L,0.942545,0.417325,224.117561,0.000000,NONE,0.000098556,88.706892,5.408263,50 HZ CONTACT-ENABLED INVERSE FEEDFORWARD + FROZEN BASELINE PD GAINS,"PRELIMINARY - NUMERICAL HIP-REDUCTION SUCCESSOR ONLY - NOT APPROVED FOR CONNECTION, POWERED TESTING, MOTION, WALKING, OR ENERGIZATION"
WS-R01,6.760,L SINGLE,L,0.933814,0.417136,224.694044,0.000000,NONE,0.000100742,74.231488,1.980345,50 HZ CONTACT-ENABLED INVERSE FEEDFORWARD + FROZEN BASELINE PD GAINS,"PRELIMINARY - NUMERICAL HIP-REDUCTION SUCCESSOR ONLY - NOT APPROVED FOR CONNECTION, POWERED TESTING, MOTION, WALKING, OR ENERGIZATION"
WS-R01,6.780,L SINGLE,L,0.939486,0.417389,219.537549,0.000000,NONE,0.000101394,74.952809,3.539753,50 HZ CONTACT-ENABLED INVERSE FEEDFORWARD + FROZEN BASELINE PD GAINS,"PRELIMINARY - NUMERICAL HIP-REDUCTION SUCCESSOR ONLY - NOT APPROVED FOR CONNECTION, POWERED TESTING, MOTION, WALKING, OR ENERGIZATION"
WS-R01,6.800,L SINGLE,L,0.935221,0.417497,225.812346,0.000000,NONE,0.000102933,74.814105,1.490405,50 HZ CONTACT-ENABLED INVERSE FEEDFORWARD + FROZEN BASELINE PD GAINS,"PRELIMINARY - NUMERICAL HIP-REDUCTION SUCCESSOR ONLY - NOT APPROVED FOR CONNECTION, POWERED TESTING, MOTION, WALKING, OR ENERGIZATION"
WS-R01,6.820,L SINGLE,L,0.931302,0.417509,221.523082,0.000000,NONE,0.000097093,74.216094,3.324195,50 HZ CONTACT-ENABLED INVERSE FEEDFORWARD + FROZEN BASELINE PD GAINS,"PRELIMINARY - NUMERICAL HIP-REDUCTION SUCCESSOR ONLY - NOT APPROVED FOR CONNECTION, POWERED TESTING, MOTION, WALKING, OR ENERGIZATION"
WS-R01,6.840,L SINGLE,L,0.928099,0.417368,226.553793,0.000000,NONE,0.000098930,86.767463,5.331960,50 HZ CONTACT-ENABLED INVERSE FEEDFORWARD + FROZEN BASELINE PD GAINS,"PRELIMINARY - NUMERICAL HIP-REDUCTION SUCCESSOR ONLY - NOT APPROVED FOR CONNECTION, POWERED TESTING, MOTION, WALKING, OR ENERGIZATION"
WS-R01,6.860,L SINGLE,L,0.931121,0.417428,227.852495,0.000000,NONE,0.000102462,79.752274,1.481505,50 HZ CONTACT-ENABLED INVERSE FEEDFORWARD + FROZEN BASELINE PD GAINS,"PRELIMINARY - NUMERICAL HIP-REDUCTION SUCCESSOR ONLY - NOT APPROVED FOR CONNECTION, POWERED TESTING, MOTION, WALKING, OR ENERGIZATION"
WS-R01,6.880,L SINGLE,L,0.921398,0.417764,228.642674,0.000000,NONE,0.000099432,80.924604,3.549877,50 HZ CONTACT-ENABLED INVERSE FEEDFORWARD + FROZEN BASELINE PD GAINS,"PRELIMINARY - NUMERICAL HIP-REDUCTION SUCCESSOR ONLY - NOT APPROVED FOR CONNECTION, POWERED TESTING, MOTION, WALKING, OR ENERGIZATION"
WS-R01,6.900,L SINGLE,L,0.924960,0.417539,228.738304,0.000000,NONE,0.000094954,79.645263,1.545650,50 HZ CONTACT-ENABLED INVERSE FEEDFORWARD + FROZEN BASELINE PD GAINS,"PRELIMINARY - NUMERICAL HIP-REDUCTION SUCCESSOR ONLY - NOT APPROVED FOR CONNECTION, POWERED TESTING, MOTION, WALKING, OR ENERGIZATION"
WS-R01,6.920,L SINGLE,L,0.915764,0.417600,223.736319,0.000000,NONE,0.000094068,71.955171,3.344619,50 HZ CONTACT-ENABLED INVERSE FEEDFORWARD + FROZEN BASELINE PD GAINS,"PRELIMINARY - NUMERICAL HIP-REDUCTION SUCCESSOR ONLY - NOT APPROVED FOR CONNECTION, POWERED TESTING, MOTION, WALKING, OR ENERGIZATION"
WS-R01,6.940,L SINGLE,L,0.918134,0.417548,228.389314,0.000000,NONE,0.000094060,87.155040,5.322085,50 HZ CONTACT-ENABLED INVERSE FEEDFORWARD + FROZEN BASELINE PD GAINS,"PRELIMINARY - NUMERICAL HIP-REDUCTION SUCCESSOR ONLY - NOT APPROVED FOR CONNECTION, POWERED TESTING, MOTION, WALKING, OR ENERGIZATION"
WS-R01,6.960,L SINGLE,L,0.912113,0.417606,229.818091,0.000000,NONE,0.000095653,78.528146,1.467790,50 HZ CONTACT-ENABLED INVERSE FEEDFORWARD + FROZEN BASELINE PD GAINS,"PRELIMINARY - NUMERICAL HIP-REDUCTION SUCCESSOR ONLY - NOT APPROVED FOR CONNECTION, POWERED TESTING, MOTION, WALKING, OR ENERGIZATION"
WS-R01,6.980,L SINGLE,L,0.917507,0.417886,230.411210,0.000000,NONE,0.000092400,81.414007,3.513868,50 HZ CONTACT-ENABLED INVERSE FEEDFORWARD + FROZEN BASELINE PD GAINS,"PRELIMINARY - NUMERICAL HIP-REDUCTION SUCCESSOR ONLY - NOT APPROVED FOR CONNECTION, POWERED TESTING, MOTION, WALKING, OR ENERGIZATION"
WS-R01,7.000,L SINGLE,L,0.912998,0.417711,230.683594,0.000000,NONE,0.000087872,77.832643,1.608651,50 HZ CONTACT-ENABLED INVERSE FEEDFORWARD + FROZEN BASELINE PD GAINS,"PRELIMINARY - NUMERICAL HIP-REDUCTION SUCCESSOR ONLY - NOT APPROVED FOR CONNECTION, POWERED TESTING, MOTION, WALKING, OR ENERGIZATION"
WS-R01,7.020,L SINGLE,L,0.912192,0.417699,225.399347,0.000000,NONE,0.000087030,73.324225,3.327045,50 HZ CONTACT-ENABLED INVERSE FEEDFORWARD + FROZEN BASELINE PD GAINS,"PRELIMINARY - NUMERICAL HIP-REDUCTION SUCCESSOR ONLY - NOT APPROVED FOR CONNECTION, POWERED TESTING, MOTION, WALKING, OR ENERGIZATION"
WS-R01,7.040,L SINGLE,L,0.910399,0.417697,230.212795,0.000000,NONE,0.000087231,86.066564,5.329070,50 HZ CONTACT-ENABLED INVERSE FEEDFORWARD + FROZEN BASELINE PD GAINS,"PRELIMINARY - NUMERICAL HIP-REDUCTION SUCCESSOR ONLY - NOT APPROVED FOR CONNECTION, POWERED TESTING, MOTION, WALKING, OR ENERGIZATION"
WS-R01,7.060,L SINGLE,L,0.914623,0.417721,231.399442,0.000000,NONE,0.000087948,79.064829,1.455084,50 HZ CONTACT-ENABLED INVERSE FEEDFORWARD + FROZEN BASELINE PD GAINS,"PRELIMINARY - NUMERICAL HIP-REDUCTION SUCCESSOR ONLY - NOT APPROVED FOR CONNECTION, POWERED TESTING, MOTION, WALKING, OR ENERGIZATION"
WS-R01,7.080,L SINGLE,L,0.907353,0.418024,232.122887,0.000000,NONE,0.000086041,80.459844,3.529621,50 HZ CONTACT-ENABLED INVERSE FEEDFORWARD + FROZEN BASELINE PD GAINS,"PRELIMINARY - NUMERICAL HIP-REDUCTION SUCCESSOR ONLY - NOT APPROVED FOR CONNECTION, POWERED TESTING, MOTION, WALKING, OR ENERGIZATION"
WS-R01,7.100,L SINGLE,L,0.912655,0.417040,232.083468,0.000000,NONE,0.000081663,79.351014,1.525209,50 HZ CONTACT-ENABLED INVERSE FEEDFORWARD + FROZEN BASELINE PD GAINS,"PRELIMINARY - NUMERICAL HIP-REDUCTION SUCCESSOR ONLY - NOT APPROVED FOR CONNECTION, POWERED TESTING, MOTION, WALKING, OR ENERGIZATION"
WS-R01,7.120,L SINGLE,L,0.904542,0.415196,227.058249,0.000000,NONE,0.000081041,71.723476,3.354875,50 HZ CONTACT-ENABLED INVERSE FEEDFORWARD + FROZEN BASELINE PD GAINS,"PRELIMINARY - NUMERICAL HIP-REDUCTION SUCCESSOR ONLY - NOT APPROVED FOR CONNECTION, POWERED TESTING, MOTION, WALKING, OR ENERGIZATION"
WS-R01,7.140,L SINGLE,L,0.908165,0.412396,231.550545,0.000000,NONE,0.000081320,87.031067,5.319883,50 HZ CONTACT-ENABLED INVERSE FEEDFORWARD + FROZEN BASELINE PD GAINS,"PRELIMINARY - NUMERICAL HIP-REDUCTION SUCCESSOR ONLY - NOT APPROVED FOR CONNECTION, POWERED TESTING, MOTION, WALKING, OR ENERGIZATION"
WS-R01,7.160,L SINGLE,L,0.899753,0.409144,231.974799,0.000000,NONE,0.000080644,72.492662,1.980021,50 HZ CONTACT-ENABLED INVERSE FEEDFORWARD + FROZEN BASELINE PD GAINS,"PRELIMINARY - NUMERICAL HIP-REDUCTION SUCCESSOR ONLY - NOT APPROVED FOR CONNECTION, POWERED TESTING, MOTION, WALKING, OR ENERGIZATION"
WS-R01,7.180,L SINGLE,L,0.906165,0.405904,226.732637,0.000000,NONE,0.000079296,73.824067,3.542673,50 HZ CONTACT-ENABLED INVERSE FEEDFORWARD + FROZEN BASELINE PD GAINS,"PRELIMINARY - NUMERICAL HIP-REDUCTION SUCCESSOR ONLY - NOT APPROVED FOR CONNECTION, POWERED TESTING, MOTION, WALKING, OR ENERGIZATION"
WS-R01,7.200,L SINGLE,L,0.901015,0.402430,232.731989,0.000000,NONE,0.000077032,73.521904,1.498013,50 HZ CONTACT-ENABLED INVERSE FEEDFORWARD + FROZEN BASELINE PD GAINS,"PRELIMINARY - NUMERICAL HIP-REDUCTION SUCCESSOR ONLY - NOT APPROVED FOR CONNECTION, POWERED TESTING, MOTION, WALKING, OR ENERGIZATION"
WS-R01,7.220,L SINGLE,L,0.905766,0.398827,228.315091,0.000000,NONE,0.000073466,73.448549,3.332646,50 HZ CONTACT-ENABLED INVERSE FEEDFORWARD + FROZEN BASELINE PD GAINS,"PRELIMINARY - NUMERICAL HIP-REDUCTION SUCCESSOR ONLY - NOT APPROVED FOR CONNECTION, POWERED TESTING, MOTION, WALKING, OR ENERGIZATION"
WS-R01,7.240,L SINGLE,L,0.901792,0.395101,233.022417,0.000000,NONE,0.000074394,85.966767,5.354768,50 HZ CONTACT-ENABLED INVERSE FEEDFORWARD + FROZEN BASELINE PD GAINS,"PRELIMINARY - NUMERICAL HIP-REDUCTION SUCCESSOR ONLY - NOT APPROVED FOR CONNECTION, POWERED TESTING, MOTION, WALKING, OR ENERGIZATION"
WS-R01,7.260,L SINGLE,L,0.907297,0.391546,234.131579,0.000000,NONE,0.000072409,78.716986,1.430392,50 HZ CONTACT-ENABLED INVERSE FEEDFORWARD + FROZEN BASELINE PD GAINS,"PRELIMINARY - NUMERICAL HIP-REDUCTION SUCCESSOR ONLY - NOT APPROVED FOR CONNECTION, POWERED TESTING, MOTION, WALKING, OR ENERGIZATION"
WS-R01,7.280,L SINGLE,L,0.901876,0.388254,234.781431,0.000000,NONE,0.000072232,80.134918,3.487747,50 HZ CONTACT-ENABLED INVERSE FEEDFORWARD + FROZEN BASELINE PD GAINS,"PRELIMINARY - NUMERICAL HIP-REDUCTION SUCCESSOR ONLY - NOT APPROVED FOR CONNECTION, POWERED TESTING, MOTION, WALKING, OR ENERGIZATION"
WS-R01,7.300,L SINGLE,L,0.906317,0.384386,234.697971,0.000000,NONE,0.000070803,78.814628,1.489164,50 HZ CONTACT-ENABLED INVERSE FEEDFORWARD + FROZEN BASELINE PD GAINS,"PRELIMINARY - NUMERICAL HIP-REDUCTION SUCCESSOR ONLY - NOT APPROVED FOR CONNECTION, POWERED TESTING, MOTION, WALKING, OR ENERGIZATION"
WS-R01,7.320,L SINGLE,L,0.900111,0.380724,229.647060,0.000000,NONE,0.000070475,71.364510,3.384821,50 HZ CONTACT-ENABLED INVERSE FEEDFORWARD + FROZEN BASELINE PD GAINS,"PRELIMINARY - NUMERICAL HIP-REDUCTION SUCCESSOR ONLY - NOT APPROVED FOR CONNECTION, POWERED TESTING, MOTION, WALKING, OR ENERGIZATION"
WS-R01,7.340,L SINGLE,L,0.905003,0.376879,234.012846,0.000000,NONE,0.000068549,86.739710,5.307979,50 HZ CONTACT-ENABLED INVERSE FEEDFORWARD + FROZEN BASELINE PD GAINS,"PRELIMINARY - NUMERICAL HIP-REDUCTION SUCCESSOR ONLY - NOT APPROVED FOR CONNECTION, POWERED TESTING, MOTION, WALKING, OR ENERGIZATION"
WS-R01,7.360,L SINGLE,L,0.894201,0.372955,234.455465,0.000000,NONE,0.000066302,71.828108,1.991498,50 HZ CONTACT-ENABLED INVERSE FEEDFORWARD + FROZEN BASELINE PD GAINS,"PRELIMINARY - NUMERICAL HIP-REDUCTION SUCCESSOR ONLY - NOT APPROVED FOR CONNECTION, POWERED TESTING, MOTION, WALKING, OR ENERGIZATION"
WS-R01,7.380,L SINGLE,L,0.900351,0.369137,229.135778,0.000000,NONE,0.000065243,73.269613,3.563275,50 HZ CONTACT-ENABLED INVERSE FEEDFORWARD + FROZEN BASELINE PD GAINS,"PRELIMINARY - NUMERICAL HIP-REDUCTION SUCCESSOR ONLY - NOT APPROVED FOR CONNECTION, POWERED TESTING, MOTION, WALKING, OR ENERGIZATION"
WS-R01,7.400,L SINGLE,L,0.894093,0.365046,235.109279,0.000000,NONE,0.000063244,72.601327,1.472385,50 HZ CONTACT-ENABLED INVERSE FEEDFORWARD + FROZEN BASELINE PD GAINS,"PRELIMINARY - NUMERICAL HIP-REDUCTION SUCCESSOR ONLY - NOT APPROVED FOR CONNECTION, POWERED TESTING, MOTION, WALKING, OR ENERGIZATION"
WS-R01,7.420,L SINGLE,L,0.897748,0.360702,230.620633,0.000000,NONE,0.000064031,72.621062,3.350519,50 HZ CONTACT-ENABLED INVERSE FEEDFORWARD + FROZEN BASELINE PD GAINS,"PRELIMINARY - NUMERICAL HIP-REDUCTION SUCCESSOR ONLY - NOT APPROVED FOR CONNECTION, POWERED TESTING, MOTION, WALKING, OR ENERGIZATION"
WS-R01,7.440,L SINGLE,L,0.892177,0.356053,235.265004,0.000000,NONE,0.000063181,84.880462,5.345747,50 HZ CONTACT-ENABLED INVERSE FEEDFORWARD + FROZEN BASELINE PD GAINS,"PRELIMINARY - NUMERICAL HIP-REDUCTION SUCCESSOR ONLY - NOT APPROVED FOR CONNECTION, POWERED TESTING, MOTION, WALKING, OR ENERGIZATION"
WS-R01,7.460,L SINGLE,L,0.898606,0.351249,235.378767,0.000000,NONE,0.000060556,73.018355,1.927778,50 HZ CONTACT-ENABLED INVERSE FEEDFORWARD + FROZEN BASELINE PD GAINS,"PRELIMINARY - NUMERICAL HIP-REDUCTION SUCCESSOR ONLY - NOT APPROVED FOR CONNECTION, POWERED TESTING, MOTION, WALKING, OR ENERGIZATION"
WS-R01,7.480,L SINGLE,L,0.890930,0.346634,230.336627,0.000000,NONE,0.000059435,70.690672,3.606102,50 HZ CONTACT-ENABLED INVERSE FEEDFORWARD + FROZEN BASELINE PD GAINS,"PRELIMINARY - NUMERICAL HIP-REDUCTION SUCCESSOR ONLY - NOT APPROVED FOR CONNECTION, POWERED TESTING, MOTION, WALKING, OR ENERGIZATION"
WS-R01,7.500,L SINGLE,L,0.894994,0.341522,235.966060,0.000000,NONE,0.000057452,73.718051,1.341930,50 HZ CONTACT-ENABLED INVERSE FEEDFORWARD + FROZEN BASELINE PD GAINS,"PRELIMINARY - NUMERICAL HIP-REDUCTION SUCCESSOR ONLY - NOT APPROVED FOR CONNECTION, POWERED TESTING, MOTION, WALKING, OR ENERGIZATION"
WS-R01,7.520,L SINGLE,L,0.886453,0.336267,231.783168,0.000000,NONE,0.000059948,69.854728,3.381707,50 HZ CONTACT-ENABLED INVERSE FEEDFORWARD + FROZEN BASELINE PD GAINS,"PRELIMINARY - NUMERICAL HIP-REDUCTION SUCCESSOR ONLY - NOT APPROVED FOR CONNECTION, POWERED TESTING, MOTION, WALKING, OR ENERGIZATION"
WS-R01,7.540,L SINGLE,L,0.891089,0.330500,236.084203,0.000000,NONE,0.000057551,85.060571,5.232642,50 HZ CONTACT-ENABLED INVERSE FEEDFORWARD + FROZEN BASELINE PD GAINS,"PRELIMINARY - NUMERICAL HIP-REDUCTION SUCCESSOR ONLY - NOT APPROVED FOR CONNECTION, POWERED TESTING, MOTION, WALKING, OR ENERGIZATION"
WS-R01,7.560,L SINGLE,L,0.878079,0.324738,236.530890,0.000000,NONE,0.000055090,69.910084,1.965713,50 HZ CONTACT-ENABLED INVERSE FEEDFORWARD + FROZEN BASELINE PD GAINS,"PRELIMINARY - NUMERICAL HIP-REDUCTION SUCCESSOR ONLY - NOT APPROVED FOR CONNECTION, POWERED TESTING, MOTION, WALKING, OR ENERGIZATION"
WS-R01,7.580,L SINGLE,L,0.886506,0.318969,231.137569,0.000000,NONE,0.000054033,72.103060,3.549934,50 HZ CONTACT-ENABLED INVERSE FEEDFORWARD + FROZEN BASELINE PD GAINS,"PRELIMINARY - NUMERICAL HIP-REDUCTION SUCCESSOR ONLY - NOT APPROVED FOR CONNECTION, POWERED TESTING, MOTION, WALKING, OR ENERGIZATION"
WS-R01,7.600,L SINGLE,L,0.876658,0.312853,237.092822,0.000000,NONE,0.000052166,70.407003,1.383440,50 HZ CONTACT-ENABLED INVERSE FEEDFORWARD + FROZEN BASELINE PD GAINS,"PRELIMINARY - NUMERICAL HIP-REDUCTION SUCCESSOR ONLY - NOT APPROVED FOR CONNECTION, POWERED TESTING, MOTION, WALKING, OR ENERGIZATION"
WS-R01,7.620,L SINGLE,L,0.875192,0.306469,232.573725,0.000000,NONE,0.000054903,70.360419,3.368609,50 HZ CONTACT-ENABLED INVERSE FEEDFORWARD + FROZEN BASELINE PD GAINS,"PRELIMINARY - NUMERICAL HIP-REDUCTION SUCCESSOR ONLY - NOT APPROVED FOR CONNECTION, POWERED TESTING, MOTION, WALKING, OR ENERGIZATION"
WS-R01,7.640,L SINGLE,L,0.877045,0.299692,237.098750,0.000000,NONE,0.000052469,82.759402,5.186873,50 HZ CONTACT-ENABLED INVERSE FEEDFORWARD + FROZEN BASELINE PD GAINS,"PRELIMINARY - NUMERICAL HIP-REDUCTION SUCCESSOR ONLY - NOT APPROVED FOR CONNECTION, POWERED TESTING, MOTION, WALKING, OR ENERGIZATION"
WS-R01,7.660,L SINGLE,L,0.883322,0.292844,237.242512,0.000000,NONE,0.000050062,71.116382,1.898316,50 HZ CONTACT-ENABLED INVERSE FEEDFORWARD + FROZEN BASELINE PD GAINS,"PRELIMINARY - NUMERICAL HIP-REDUCTION SUCCESSOR ONLY - NOT APPROVED FOR CONNECTION, POWERED TESTING, MOTION, WALKING, OR ENERGIZATION"
WS-R01,7.680,L SINGLE,L,0.870944,0.286179,232.187769,0.000000,NONE,0.000049127,68.330380,3.605244,50 HZ CONTACT-ENABLED INVERSE FEEDFORWARD + FROZEN BASELINE PD GAINS,"PRELIMINARY - NUMERICAL HIP-REDUCTION SUCCESSOR ONLY - NOT APPROVED FOR CONNECTION, POWERED TESTING, MOTION, WALKING, OR ENERGIZATION"
WS-R01,7.700,L SINGLE,L,0.873114,0.279040,237.789010,0.000000,NONE,0.000047313,71.209536,1.257128,50 HZ CONTACT-ENABLED INVERSE FEEDFORWARD + FROZEN BASELINE PD GAINS,"PRELIMINARY - NUMERICAL HIP-REDUCTION SUCCESSOR ONLY - NOT APPROVED FOR CONNECTION, POWERED TESTING, MOTION, WALKING, OR ENERGIZATION"
WS-R01,7.720,L SINGLE,L,0.863282,0.271841,233.571604,0.000000,NONE,0.000050139,67.453060,3.388532,50 HZ CONTACT-ENABLED INVERSE FEEDFORWARD + FROZEN BASELINE PD GAINS,"PRELIMINARY - NUMERICAL HIP-REDUCTION SUCCESSOR ONLY - NOT APPROVED FOR CONNECTION, POWERED TESTING, MOTION, WALKING, OR ENERGIZATION"
WS-R01,7.740,L SINGLE,L,0.866978,0.264201,237.808810,0.000000,NONE,0.000047820,82.403855,5.165440,50 HZ CONTACT-ENABLED INVERSE FEEDFORWARD + FROZEN BASELINE PD GAINS,"PRELIMINARY - NUMERICAL HIP-REDUCTION SUCCESSOR ONLY - NOT APPROVED FOR CONNECTION, POWERED TESTING, MOTION, WALKING, OR ENERGIZATION"
WS-R01,7.760,L SINGLE,L,0.852321,0.256664,238.304663,0.000000,NONE,0.000045535,67.017399,1.940768,50 HZ CONTACT-ENABLED INVERSE FEEDFORWARD + FROZEN BASELINE PD GAINS,"PRELIMINARY - NUMERICAL HIP-REDUCTION SUCCESSOR ONLY - NOT APPROVED FOR CONNECTION, POWERED TESTING, MOTION, WALKING, OR ENERGIZATION"
WS-R01,7.780,L SINGLE,L,0.859374,0.249227,232.825007,0.000000,NONE,0.000044653,69.434060,3.569437,50 HZ CONTACT-ENABLED INVERSE FEEDFORWARD + FROZEN BASELINE PD GAINS,"PRELIMINARY - NUMERICAL HIP-REDUCTION SUCCESSOR ONLY - NOT APPROVED FOR CONNECTION, POWERED TESTING, MOTION, WALKING, OR ENERGIZATION"
WS-R01,7.800,L SINGLE,L,0.850360,0.241569,238.818433,0.000000,NONE,0.000042937,67.290252,1.305134,50 HZ CONTACT-ENABLED INVERSE FEEDFORWARD + FROZEN BASELINE PD GAINS,"PRELIMINARY - NUMERICAL HIP-REDUCTION SUCCESSOR ONLY - NOT APPROVED FOR CONNECTION, POWERED TESTING, MOTION, WALKING, OR ENERGIZATION"
WS-R01,7.820,L SINGLE,L,0.850580,0.233753,234.180983,0.000000,NONE,0.000045870,68.264390,3.367071,50 HZ CONTACT-ENABLED INVERSE FEEDFORWARD + FROZEN BASELINE PD GAINS,"PRELIMINARY - NUMERICAL HIP-REDUCTION SUCCESSOR ONLY - NOT APPROVED FOR CONNECTION, POWERED TESTING, MOTION, WALKING, OR ENERGIZATION"
WS-R01,7.840,L SINGLE,L,0.844902,0.225731,238.778343,0.000000,NONE,0.000043634,79.053911,5.169123,50 HZ CONTACT-ENABLED INVERSE FEEDFORWARD + FROZEN BASELINE PD GAINS,"PRELIMINARY - NUMERICAL HIP-REDUCTION SUCCESSOR ONLY - NOT APPROVED FOR CONNECTION, POWERED TESTING, MOTION, WALKING, OR ENERGIZATION"
WS-R01,7.860,L SINGLE,L,0.849887,0.217737,238.860596,0.000000,NONE,0.000041359,68.249481,1.898898,50 HZ CONTACT-ENABLED INVERSE FEEDFORWARD + FROZEN BASELINE PD GAINS,"PRELIMINARY - NUMERICAL HIP-REDUCTION SUCCESSOR ONLY - NOT APPROVED FOR CONNECTION, POWERED TESTING, MOTION, WALKING, OR ENERGIZATION"
WS-R01,7.880,L SINGLE,L,0.836113,0.209791,240.019926,0.000000,NONE,0.000039711,69.338853,1.977026,50 HZ CONTACT-ENABLED INVERSE FEEDFORWARD + FROZEN BASELINE PD GAINS,"PRELIMINARY - NUMERICAL HIP-REDUCTION SUCCESSOR ONLY - NOT APPROVED FOR CONNECTION, POWERED TESTING, MOTION, WALKING, OR ENERGIZATION"
WS-R01,7.900,L SINGLE,L,0.833863,0.202098,238.472733,0.000000,NONE,0.000039420,81.767213,5.971763,50 HZ CONTACT-ENABLED INVERSE FEEDFORWARD + FROZEN BASELINE PD GAINS,"PRELIMINARY - NUMERICAL HIP-REDUCTION SUCCESSOR ONLY - NOT APPROVED FOR CONNECTION, POWERED TESTING, MOTION, WALKING, OR ENERGIZATION"
WS-R01,7.920,L SINGLE,L,0.830986,0.194164,240.191346,0.000000,NONE,0.000037008,67.716265,1.602722,50 HZ CONTACT-ENABLED INVERSE FEEDFORWARD + FROZEN BASELINE PD GAINS,"PRELIMINARY - NUMERICAL HIP-REDUCTION SUCCESSOR ONLY - NOT APPROVED FOR CONNECTION, POWERED TESTING, MOTION, WALKING, OR ENERGIZATION"
WS-R01,7.940,L SINGLE,L,0.831050,0.186436,239.277231,0.000000,NONE,0.000040733,78.828467,5.150411,50 HZ CONTACT-ENABLED INVERSE FEEDFORWARD + FROZEN BASELINE PD GAINS,"PRELIMINARY - NUMERICAL HIP-REDUCTION SUCCESSOR ONLY - NOT APPROVED FOR CONNECTION, POWERED TESTING, MOTION, WALKING, OR ENERGIZATION"
WS-R01,7.960,L SINGLE,L,0.821675,0.178426,239.827476,0.000000,NONE,0.000038313,63.987913,1.952281,50 HZ CONTACT-ENABLED INVERSE FEEDFORWARD + FROZEN BASELINE PD GAINS,"PRELIMINARY - NUMERICAL HIP-REDUCTION SUCCESSOR ONLY - NOT APPROVED FOR CONNECTION, POWERED TESTING, MOTION, WALKING, OR ENERGIZATION"
WS-R01,7.980,L SINGLE,L,0.825497,0.170601,240.607712,0.000000,NONE,0.000036267,68.970408,1.893204,50 HZ CONTACT-ENABLED INVERSE FEEDFORWARD + FROZEN BASELINE PD GAINS,"PRELIMINARY - NUMERICAL HIP-REDUCTION SUCCESSOR ONLY - NOT APPROVED FOR CONNECTION, POWERED TESTING, MOTION, WALKING, OR ENERGIZATION"
WS-R01,8.000,L SINGLE,L,0.824005,0.163009,241.812935,0.000000,NONE,0.000034887,67.222329,1.161372,50 HZ CONTACT-ENABLED INVERSE FEEDFORWARD + FROZEN BASELINE PD GAINS,"PRELIMINARY - NUMERICAL HIP-REDUCTION SUCCESSOR ONLY - NOT APPROVED FOR CONNECTION, POWERED TESTING, MOTION, WALKING, OR ENERGIZATION"
WS-R01,8.020,L SINGLE,L,0.823543,0.155663,240.880579,0.000000,NONE,0.000034743,69.615320,0.978975,50 HZ CONTACT-ENABLED INVERSE FEEDFORWARD + FROZEN BASELINE PD GAINS,"PRELIMINARY - NUMERICAL HIP-REDUCTION SUCCESSOR ONLY - NOT APPROVED FOR CONNECTION, POWERED TESTING, MOTION, WALKING, OR ENERGIZATION"
WS-R01,8.040,L SINGLE,L,0.811582,0.148106,241.155450,0.000000,NONE,0.000032933,67.342996,2.158138,50 HZ CONTACT-ENABLED INVERSE FEEDFORWARD + FROZEN BASELINE PD GAINS,"PRELIMINARY - NUMERICAL HIP-REDUCTION SUCCESSOR ONLY - NOT APPROVED FOR CONNECTION, POWERED TESTING, MOTION, WALKING, OR ENERGIZATION"
WS-R01,8.060,L SINGLE,L,0.817112,0.140818,241.949889,0.000000,NONE,0.000030720,68.158753,1.063367,50 HZ CONTACT-ENABLED INVERSE FEEDFORWARD + FROZEN BASELINE PD GAINS,"PRELIMINARY - NUMERICAL HIP-REDUCTION SUCCESSOR ONLY - NOT APPROVED FOR CONNECTION, POWERED TESTING, MOTION, WALKING, OR ENERGIZATION"
WS-R01,8.080,L SINGLE,L,0.806025,0.133965,241.340086,0.000000,NONE,0.000034551,66.410215,1.946908,50 HZ CONTACT-ENABLED INVERSE FEEDFORWARD + FROZEN BASELINE PD GAINS,"PRELIMINARY - NUMERICAL HIP-REDUCTION SUCCESSOR ONLY - NOT APPROVED FOR CONNECTION, POWERED TESTING, MOTION, WALKING, OR ENERGIZATION"
WS-R01,8.100,L SINGLE,L,0.815118,0.126700,242.183172,0.000000,NONE,0.000032764,68.842011,1.043953,50 HZ CONTACT-ENABLED INVERSE FEEDFORWARD + FROZEN BASELINE PD GAINS,"PRELIMINARY - NUMERICAL HIP-REDUCTION SUCCESSOR ONLY - NOT APPROVED FOR CONNECTION, POWERED TESTING, MOTION, WALKING, OR ENERGIZATION"
WS-R01,8.120,L SINGLE,L,0.805266,0.120200,241.541458,0.000000,NONE,0.000031986,68.087326,0.927390,50 HZ CONTACT-ENABLED INVERSE FEEDFORWARD + FROZEN BASELINE PD GAINS,"PRELIMINARY - NUMERICAL HIP-REDUCTION SUCCESSOR ONLY - NOT APPROVED FOR CONNECTION, POWERED TESTING, MOTION, WALKING, OR ENERGIZATION"
WS-R01,8.140,L SINGLE,L,0.798419,0.113795,235.348459,0.000000,NONE,0.000032614,63.156857,3.641224,50 HZ CONTACT-ENABLED INVERSE FEEDFORWARD + FROZEN BASELINE PD GAINS,"PRELIMINARY - NUMERICAL HIP-REDUCTION SUCCESSOR ONLY - NOT APPROVED FOR CONNECTION, POWERED TESTING, MOTION, WALKING, OR ENERGIZATION"
WS-R01,8.160,L SINGLE,L,0.799337,0.107443,239.769623,0.000000,NONE,0.000032218,78.831453,5.830297,50 HZ CONTACT-ENABLED INVERSE FEEDFORWARD + FROZEN BASELINE PD GAINS,"PRELIMINARY - NUMERICAL HIP-REDUCTION SUCCESSOR ONLY - NOT APPROVED FOR CONNECTION, POWERED TESTING, MOTION, WALKING, OR ENERGIZATION"
WS-R01,8.180,L SINGLE,L,0.793159,0.101315,239.534935,0.000000,NONE,0.000031455,61.579326,2.828369,50 HZ CONTACT-ENABLED INVERSE FEEDFORWARD + FROZEN BASELINE PD GAINS,"PRELIMINARY - NUMERICAL HIP-REDUCTION SUCCESSOR ONLY - NOT APPROVED FOR CONNECTION, POWERED TESTING, MOTION, WALKING, OR ENERGIZATION"
WS-R01,8.200,L SINGLE,L,0.801569,0.095269,236.749616,0.000000,NONE,0.000029774,65.836193,3.447473,50 HZ CONTACT-ENABLED INVERSE FEEDFORWARD + FROZEN BASELINE PD GAINS,"PRELIMINARY - NUMERICAL HIP-REDUCTION SUCCESSOR ONLY - NOT APPROVED FOR CONNECTION, POWERED TESTING, MOTION, WALKING, OR ENERGIZATION"
WS-R01,8.220,L SINGLE,L,0.788922,0.089576,239.815184,0.000000,NONE,0.000028509,76.857560,5.804728,50 HZ CONTACT-ENABLED INVERSE FEEDFORWARD + FROZEN BASELINE PD GAINS,"PRELIMINARY - NUMERICAL HIP-REDUCTION SUCCESSOR ONLY - NOT APPROVED FOR CONNECTION, POWERED TESTING, MOTION, WALKING, OR ENERGIZATION"
WS-R01,8.240,L SINGLE,L,0.795270,0.084400,235.520750,0.000000,NONE,0.000031383,66.028087,3.634160,50 HZ CONTACT-ENABLED INVERSE FEEDFORWARD + FROZEN BASELINE PD GAINS,"PRELIMINARY - NUMERICAL HIP-REDUCTION SUCCESSOR ONLY - NOT APPROVED FOR CONNECTION, POWERED TESTING, MOTION, WALKING, OR ENERGIZATION"
WS-R01,8.260,L SINGLE,L,0.783054,0.078790,240.412481,0.000000,NONE,0.000031157,76.556274,5.855857,50 HZ CONTACT-ENABLED INVERSE FEEDFORWARD + FROZEN BASELINE PD GAINS,"PRELIMINARY - NUMERICAL HIP-REDUCTION SUCCESSOR ONLY - NOT APPROVED FOR CONNECTION, POWERED TESTING, MOTION, WALKING, OR ENERGIZATION"
WS-R01,8.280,L SINGLE,L,0.789661,0.073663,239.798236,0.000000,NONE,0.000029512,64.170582,2.817839,50 HZ CONTACT-ENABLED INVERSE FEEDFORWARD + FROZEN BASELINE PD GAINS,"PRELIMINARY - NUMERICAL HIP-REDUCTION SUCCESSOR ONLY - NOT APPROVED FOR CONNECTION, POWERED TESTING, MOTION, WALKING, OR ENERGIZATION"
WS-R01,8.300,L SINGLE,L,0.779920,0.068844,242.477143,0.000000,NONE,0.000028170,67.512020,2.879530,50 HZ CONTACT-ENABLED INVERSE FEEDFORWARD + FROZEN BASELINE PD GAINS,"PRELIMINARY - NUMERICAL HIP-REDUCTION SUCCESSOR ONLY - NOT APPROVED FOR CONNECTION, POWERED TESTING, MOTION, WALKING, OR ENERGIZATION"
WS-R01,8.320,L SINGLE,L,0.787612,0.064292,242.609759,0.000000,NONE,0.000027379,67.471571,0.947937,50 HZ CONTACT-ENABLED INVERSE FEEDFORWARD + FROZEN BASELINE PD GAINS,"PRELIMINARY - NUMERICAL HIP-REDUCTION SUCCESSOR ONLY - NOT APPROVED FOR CONNECTION, POWERED TESTING, MOTION, WALKING, OR ENERGIZATION"
WS-R01,8.340,L SINGLE,L,0.779736,0.059874,237.452752,0.000000,NONE,0.000027548,62.079341,3.404311,50 HZ CONTACT-ENABLED INVERSE FEEDFORWARD + FROZEN BASELINE PD GAINS,"PRELIMINARY - NUMERICAL HIP-REDUCTION SUCCESSOR ONLY - NOT APPROVED FOR CONNECTION, POWERED TESTING, MOTION, WALKING, OR ENERGIZATION"
WS-R01,8.360,L SINGLE,L,0.786727,0.055363,242.236867,0.000000,NONE,0.000024676,69.585653,2.757696,50 HZ CONTACT-ENABLED INVERSE FEEDFORWARD + FROZEN BASELINE PD GAINS,"PRELIMINARY - NUMERICAL HIP-REDUCTION SUCCESSOR ONLY - NOT APPROVED FOR CONNECTION, POWERED TESTING, MOTION, WALKING, OR ENERGIZATION"
WS-R01,8.380,L SINGLE,L,0.775012,0.051718,240.304293,0.000000,NONE,0.000027170,60.652656,2.920791,50 HZ CONTACT-ENABLED INVERSE FEEDFORWARD + FROZEN BASELINE PD GAINS,"PRELIMINARY - NUMERICAL HIP-REDUCTION SUCCESSOR ONLY - NOT APPROVED FOR CONNECTION, POWERED TESTING, MOTION, WALKING, OR ENERGIZATION"
WS-R01,8.400,L SINGLE,L,0.782468,0.047279,242.646155,0.000000,NONE,0.000027376,69.359028,2.871808,50 HZ CONTACT-ENABLED INVERSE FEEDFORWARD + FROZEN BASELINE PD GAINS,"PRELIMINARY - NUMERICAL HIP-REDUCTION SUCCESSOR ONLY - NOT APPROVED FOR CONNECTION, POWERED TESTING, MOTION, WALKING, OR ENERGIZATION"
WS-R01,8.420,L SINGLE,L,0.772173,0.043570,243.226932,0.000000,NONE,0.000025900,64.264297,0.993708,50 HZ CONTACT-ENABLED INVERSE FEEDFORWARD + FROZEN BASELINE PD GAINS,"PRELIMINARY - NUMERICAL HIP-REDUCTION SUCCESSOR ONLY - NOT APPROVED FOR CONNECTION, POWERED TESTING, MOTION, WALKING, OR ENERGIZATION"
WS-R01,8.440,L SINGLE,L,0.772992,0.039841,237.600488,0.000000,NONE,0.000025618,63.522561,3.414598,50 HZ CONTACT-ENABLED INVERSE FEEDFORWARD + FROZEN BASELINE PD GAINS,"PRELIMINARY - NUMERICAL HIP-REDUCTION SUCCESSOR ONLY - NOT APPROVED FOR CONNECTION, POWERED TESTING, MOTION, WALKING, OR ENERGIZATION"
WS-R01,8.460,L SINGLE,L,0.772908,0.036096,242.021310,0.000000,NONE,0.000024535,72.574826,4.904595,50 HZ CONTACT-ENABLED INVERSE FEEDFORWARD + FROZEN BASELINE PD GAINS,"PRELIMINARY - NUMERICAL HIP-REDUCTION SUCCESSOR ONLY - NOT APPROVED FOR CONNECTION, POWERED TESTING, MOTION, WALKING, OR ENERGIZATION"
WS-R01,8.480,L SINGLE,L,0.778680,0.032317,242.068778,0.000000,NONE,0.000023240,63.149284,1.924551,50 HZ CONTACT-ENABLED INVERSE FEEDFORWARD + FROZEN BASELINE PD GAINS,"PRELIMINARY - NUMERICAL HIP-REDUCTION SUCCESSOR ONLY - NOT APPROVED FOR CONNECTION, POWERED TESTING, MOTION, WALKING, OR ENERGIZATION"
WS-R01,8.500,L SINGLE,L,0.769650,0.028580,243.109918,0.000000,NONE,0.000022227,63.820078,1.726567,50 HZ CONTACT-ENABLED INVERSE FEEDFORWARD + FROZEN BASELINE PD GAINS,"PRELIMINARY - NUMERICAL HIP-REDUCTION SUCCESSOR ONLY - NOT APPROVED FOR CONNECTION, POWERED TESTING, MOTION, WALKING, OR ENERGIZATION"
WS-R01,8.520,L SINGLE,L,0.776282,0.024804,243.943063,0.000000,NONE,0.000021468,65.819232,0.928646,50 HZ CONTACT-ENABLED INVERSE FEEDFORWARD + FROZEN BASELINE PD GAINS,"PRELIMINARY - NUMERICAL HIP-REDUCTION SUCCESSOR ONLY - NOT APPROVED FOR CONNECTION, POWERED TESTING, MOTION, WALKING, OR ENERGIZATION"
WS-R01,8.540,L SINGLE,L,0.767702,0.021221,242.436866,0.000000,NONE,0.000021335,60.496024,2.414794,50 HZ CONTACT-ENABLED INVERSE FEEDFORWARD + FROZEN BASELINE PD GAINS,"PRELIMINARY - NUMERICAL HIP-REDUCTION SUCCESSOR ONLY - NOT APPROVED FOR CONNECTION, POWERED TESTING, MOTION, WALKING, OR ENERGIZATION"
WS-R01,8.560,L SINGLE,L,0.776390,0.017176,243.771362,0.000000,NONE,0.000019183,65.036021,0.962329,50 HZ CONTACT-ENABLED INVERSE FEEDFORWARD + FROZEN BASELINE PD GAINS,"PRELIMINARY - NUMERICAL HIP-REDUCTION SUCCESSOR ONLY - NOT APPROVED FOR CONNECTION, POWERED TESTING, MOTION, WALKING, OR ENERGIZATION"
WS-R01,8.580,L SINGLE,L,0.766241,0.013357,242.599438,0.000000,NONE,0.000023574,60.354109,1.982970,50 HZ CONTACT-ENABLED INVERSE FEEDFORWARD + FROZEN BASELINE PD GAINS,"PRELIMINARY - NUMERICAL HIP-REDUCTION SUCCESSOR ONLY - NOT APPROVED FOR CONNECTION, POWERED TESTING, MOTION, WALKING, OR ENERGIZATION"
WS-R01,8.600,L SINGLE,L,0.769108,0.009704,243.389236,0.000000,NONE,0.000021637,63.935933,1.713051,50 HZ CONTACT-ENABLED INVERSE FEEDFORWARD + FROZEN BASELINE PD GAINS,"PRELIMINARY - NUMERICAL HIP-REDUCTION SUCCESSOR ONLY - NOT APPROVED FOR CONNECTION, POWERED TESTING, MOTION, WALKING, OR ENERGIZATION"
WS-R01,8.620,L SINGLE,L,0.776669,0.007856,244.193775,0.000000,NONE,0.000020066,66.015242,0.924890,50 HZ CONTACT-ENABLED INVERSE FEEDFORWARD + FROZEN BASELINE PD GAINS,"PRELIMINARY - NUMERICAL HIP-REDUCTION SUCCESSOR ONLY - NOT APPROVED FOR CONNECTION, POWERED TESTING, MOTION, WALKING, OR ENERGIZATION"
WS-R01,8.640,L SINGLE,L,0.771658,0.007461,243.538153,0.000000,NONE,0.000019918,65.205906,0.856322,50 HZ CONTACT-ENABLED INVERSE FEEDFORWARD + FROZEN BASELINE PD GAINS,"PRELIMINARY - NUMERICAL HIP-REDUCTION SUCCESSOR ONLY - NOT APPROVED FOR CONNECTION, POWERED TESTING, MOTION, WALKING, OR ENERGIZATION"
WS-R01,8.660,L SINGLE,L,0.775924,0.007666,237.059787,0.000000,NONE,0.000020926,63.683089,3.678982,50 HZ CONTACT-ENABLED INVERSE FEEDFORWARD + FROZEN BASELINE PD GAINS,"PRELIMINARY - NUMERICAL HIP-REDUCTION SUCCESSOR ONLY - NOT APPROVED FOR CONNECTION, POWERED TESTING, MOTION, WALKING, OR ENERGIZATION"
WS-R01,8.680,L SINGLE,L,0.780301,0.008286,241.549996,0.000000,NONE,0.000020787,77.294930,5.773302,50 HZ CONTACT-ENABLED INVERSE FEEDFORWARD + FROZEN BASELINE PD GAINS,"PRELIMINARY - NUMERICAL HIP-REDUCTION SUCCESSOR ONLY - NOT APPROVED FOR CONNECTION, POWERED TESTING, MOTION, WALKING, OR ENERGIZATION"
WS-R01,8.700,L SINGLE,L,0.773663,0.009200,241.202328,0.000000,NONE,0.000020184,60.778648,2.907538,50 HZ CONTACT-ENABLED INVERSE FEEDFORWARD + FROZEN BASELINE PD GAINS,"PRELIMINARY - NUMERICAL HIP-REDUCTION SUCCESSOR ONLY - NOT APPROVED FOR CONNECTION, POWERED TESTING, MOTION, WALKING, OR ENERGIZATION"
WS-R01,8.720,L SINGLE,L,0.781170,0.010198,238.421242,0.000000,NONE,0.000018624,64.628956,3.507870,50 HZ CONTACT-ENABLED INVERSE FEEDFORWARD + FROZEN BASELINE PD GAINS,"PRELIMINARY - NUMERICAL HIP-REDUCTION SUCCESSOR ONLY - NOT APPROVED FOR CONNECTION, POWERED TESTING, MOTION, WALKING, OR ENERGIZATION"
WS-R01,8.740,L SINGLE,L,0.772406,0.011469,241.407167,0.000000,NONE,0.000017415,75.766950,5.773294,50 HZ CONTACT-ENABLED INVERSE FEEDFORWARD + FROZEN BASELINE PD GAINS,"PRELIMINARY - NUMERICAL HIP-REDUCTION SUCCESSOR ONLY - NOT APPROVED FOR CONNECTION, POWERED TESTING, MOTION, WALKING, OR ENERGIZATION"
WS-R01,8.760,L SINGLE,L,0.781030,0.013131,237.066740,0.000000,NONE,0.000020341,65.282182,3.678565,50 HZ CONTACT-ENABLED INVERSE FEEDFORWARD + FROZEN BASELINE PD GAINS,"PRELIMINARY - NUMERICAL HIP-REDUCTION SUCCESSOR ONLY - NOT APPROVED FOR CONNECTION, POWERED TESTING, MOTION, WALKING, OR ENERGIZATION"
WS-R01,8.780,L SINGLE,L,0.773042,0.014228,241.856332,0.000000,NONE,0.000020158,75.919113,5.828918,50 HZ CONTACT-ENABLED INVERSE FEEDFORWARD + FROZEN BASELINE PD GAINS,"PRELIMINARY - NUMERICAL HIP-REDUCTION SUCCESSOR ONLY - NOT APPROVED FOR CONNECTION, POWERED TESTING, MOTION, WALKING, OR ENERGIZATION"
WS-R01,8.800,L SINGLE,L,0.780672,0.015675,241.213079,0.000000,NONE,0.000018544,63.397023,2.870246,50 HZ CONTACT-ENABLED INVERSE FEEDFORWARD + FROZEN BASELINE PD GAINS,"PRELIMINARY - NUMERICAL HIP-REDUCTION SUCCESSOR ONLY - NOT APPROVED FOR CONNECTION, POWERED TESTING, MOTION, WALKING, OR ENERGIZATION"
WS-R01,8.820,L SINGLE,L,0.776384,0.017271,243.751515,0.000000,NONE,0.000017182,67.929185,2.854063,50 HZ CONTACT-ENABLED INVERSE FEEDFORWARD + FROZEN BASELINE PD GAINS,"PRELIMINARY - NUMERICAL HIP-REDUCTION SUCCESSOR ONLY - NOT APPROVED FOR CONNECTION, POWERED TESTING, MOTION, WALKING, OR ENERGIZATION"
WS-R01,8.840,L SINGLE,L,0.777310,0.019084,244.134937,0.000000,NONE,0.000016401,64.628336,1.000508,50 HZ CONTACT-ENABLED INVERSE FEEDFORWARD + FROZEN BASELINE PD GAINS,"PRELIMINARY - NUMERICAL HIP-REDUCTION SUCCESSOR ONLY - NOT APPROVED FOR CONNECTION, POWERED TESTING, MOTION, WALKING, OR ENERGIZATION"
WS-R01,8.860,L SINGLE,L,0.777840,0.020815,238.332214,0.000000,NONE,0.000016580,63.306967,3.478298,50 HZ CONTACT-ENABLED INVERSE FEEDFORWARD + FROZEN BASELINE PD GAINS,"PRELIMINARY - NUMERICAL HIP-REDUCTION SUCCESSOR ONLY - NOT APPROVED FOR CONNECTION, POWERED TESTING, MOTION, WALKING, OR ENERGIZATION"
WS-R01,8.880,L SINGLE,L,0.785655,0.022529,242.642000,0.000000,NONE,0.000015614,74.898069,5.040322,50 HZ CONTACT-ENABLED INVERSE FEEDFORWARD + FROZEN BASELINE PD GAINS,"PRELIMINARY - NUMERICAL HIP-REDUCTION SUCCESSOR ONLY - NOT APPROVED FOR CONNECTION, POWERED TESTING, MOTION, WALKING, OR ENERGIZATION"
WS-R01,8.900,L SINGLE,L,0.780565,0.024394,242.968077,0.000000,NONE,0.000014321,61.143284,2.021390,50 HZ CONTACT-ENABLED INVERSE FEEDFORWARD + FROZEN BASELINE PD GAINS,"PRELIMINARY - NUMERICAL HIP-REDUCTION SUCCESSOR ONLY - NOT APPROVED FOR CONNECTION, POWERED TESTING, MOTION, WALKING, OR ENERGIZATION"
WS-R01,8.920,L SINGLE,L,0.785429,0.026280,243.730880,0.000000,NONE,0.000013117,64.919099,1.780025,50 HZ CONTACT-ENABLED INVERSE FEEDFORWARD + FROZEN BASELINE PD GAINS,"PRELIMINARY - NUMERICAL HIP-REDUCTION SUCCESSOR ONLY - NOT APPROVED FOR CONNECTION, POWERED TESTING, MOTION, WALKING, OR ENERGIZATION"
WS-R01,8.940,L SINGLE,L,0.795131,0.028374,244.645364,0.000000,NONE,0.000012123,66.847382,0.973913,50 HZ CONTACT-ENABLED INVERSE FEEDFORWARD + FROZEN BASELINE PD GAINS,"PRELIMINARY - NUMERICAL HIP-REDUCTION SUCCESSOR ONLY - NOT APPROVED FOR CONNECTION, POWERED TESTING, MOTION, WALKING, OR ENERGIZATION"
WS-R01,8.960,L SINGLE,L,0.793638,0.030852,243.850736,0.000000,NONE,0.000012131,67.268110,0.850179,50 HZ CONTACT-ENABLED INVERSE FEEDFORWARD + FROZEN BASELINE PD GAINS,"PRELIMINARY - NUMERICAL HIP-REDUCTION SUCCESSOR ONLY - NOT APPROVED FOR CONNECTION, POWERED TESTING, MOTION, WALKING, OR ENERGIZATION"
WS-R01,8.980,L SINGLE,L,0.793312,0.033355,237.304235,0.000000,NONE,0.000013123,63.575673,3.762257,50 HZ CONTACT-ENABLED INVERSE FEEDFORWARD + FROZEN BASELINE PD GAINS,"PRELIMINARY - NUMERICAL HIP-REDUCTION SUCCESSOR ONLY - NOT APPROVED FOR CONNECTION, POWERED TESTING, MOTION, WALKING, OR ENERGIZATION"
WS-R01,9.000,L SINGLE,L,0.795435,0.035920,241.790547,0.000000,NONE,0.000012767,78.272407,5.929386,50 HZ CONTACT-ENABLED INVERSE FEEDFORWARD + FROZEN BASELINE PD GAINS,"PRELIMINARY - NUMERICAL HIP-REDUCTION SUCCESSOR ONLY - NOT APPROVED FOR CONNECTION, POWERED TESTING, MOTION, WALKING, OR ENERGIZATION"
WS-R01,9.020,L SINGLE,L,0.805426,0.038551,241.228185,0.000000,NONE,0.000011892,64.535298,2.918632,50 HZ CONTACT-ENABLED INVERSE FEEDFORWARD + FROZEN BASELINE PD GAINS,"PRELIMINARY - NUMERICAL HIP-REDUCTION SUCCESSOR ONLY - NOT APPROVED FOR CONNECTION, POWERED TESTING, MOTION, WALKING, OR ENERGIZATION"
WS-R01,9.040,L SINGLE,L,0.802925,0.041353,243.774280,0.000000,NONE,0.000010787,69.647811,2.939128,50 HZ CONTACT-ENABLED INVERSE FEEDFORWARD + FROZEN BASELINE PD GAINS,"PRELIMINARY - NUMERICAL HIP-REDUCTION SUCCESSOR ONLY - NOT APPROVED FOR CONNECTION, POWERED TESTING, MOTION, WALKING, OR ENERGIZATION"
WS-R01,9.060,L SINGLE,L,0.807883,0.044470,244.086458,0.000000,NONE,0.000009995,66.928820,1.006232,50 HZ CONTACT-ENABLED INVERSE FEEDFORWARD + FROZEN BASELINE PD GAINS,"PRELIMINARY - NUMERICAL HIP-REDUCTION SUCCESSOR ONLY - NOT APPROVED FOR CONNECTION, POWERED TESTING, MOTION, WALKING, OR ENERGIZATION"
WS-R01,9.080,L SINGLE,L,0.809463,0.047603,237.529624,0.000000,NONE,0.000010155,64.906618,3.694090,50 HZ CONTACT-ENABLED INVERSE FEEDFORWARD + FROZEN BASELINE PD GAINS,"PRELIMINARY - NUMERICAL HIP-REDUCTION SUCCESSOR ONLY - NOT APPROVED FOR CONNECTION, POWERED TESTING, MOTION, WALKING, OR ENERGIZATION"
WS-R01,9.100,L SINGLE,L,0.814208,0.050822,242.943600,0.000000,NONE,0.000009407,64.662445,1.152850,50 HZ CONTACT-ENABLED INVERSE FEEDFORWARD + FROZEN BASELINE PD GAINS,"PRELIMINARY - NUMERICAL HIP-REDUCTION SUCCESSOR ONLY - NOT APPROVED FOR CONNECTION, POWERED TESTING, MOTION, WALKING, OR ENERGIZATION"
WS-R01,9.120,L SINGLE,L,0.822603,0.054264,237.932067,0.000000,NONE,0.000012564,65.615342,3.587951,50 HZ CONTACT-ENABLED INVERSE FEEDFORWARD + FROZEN BASELINE PD GAINS,"PRELIMINARY - NUMERICAL HIP-REDUCTION SUCCESSOR ONLY - NOT APPROVED FOR CONNECTION, POWERED TESTING, MOTION, WALKING, OR ENERGIZATION"
WS-R01,9.140,L SINGLE,L,0.826925,0.057665,242.621765,0.000000,NONE,0.000010393,77.999355,5.498132,50 HZ CONTACT-ENABLED INVERSE FEEDFORWARD + FROZEN BASELINE PD GAINS,"PRELIMINARY - NUMERICAL HIP-REDUCTION SUCCESSOR ONLY - NOT APPROVED FOR CONNECTION, POWERED TESTING, MOTION, WALKING, OR ENERGIZATION"
WS-R01,9.160,L SINGLE,L,0.834123,0.061320,242.681980,0.000000,NONE,0.000008023,65.134990,2.236405,50 HZ CONTACT-ENABLED INVERSE FEEDFORWARD + FROZEN BASELINE PD GAINS,"PRELIMINARY - NUMERICAL HIP-REDUCTION SUCCESSOR ONLY - NOT APPROVED FOR CONNECTION, POWERED TESTING, MOTION, WALKING, OR ENERGIZATION"
WS-R01,9.180,L SINGLE,L,0.834691,0.065112,243.643299,0.000000,NONE,0.000006045,68.774623,2.048208,50 HZ CONTACT-ENABLED INVERSE FEEDFORWARD + FROZEN BASELINE PD GAINS,"PRELIMINARY - NUMERICAL HIP-REDUCTION SUCCESSOR ONLY - NOT APPROVED FOR CONNECTION, POWERED TESTING, MOTION, WALKING, OR ENERGIZATION"
WS-R01,9.200,L SINGLE,L,0.845120,0.069091,244.538127,0.000000,NONE,0.000004320,69.758571,1.086807,50 HZ CONTACT-ENABLED INVERSE FEEDFORWARD + FROZEN BASELINE PD GAINS,"PRELIMINARY - NUMERICAL HIP-REDUCTION SUCCESSOR ONLY - NOT APPROVED FOR CONNECTION, POWERED TESTING, MOTION, WALKING, OR ENERGIZATION"
WS-R01,9.220,L SINGLE,L,0.846581,0.073467,243.542904,0.000000,NONE,0.000008128,70.329018,2.018640,50 HZ CONTACT-ENABLED INVERSE FEEDFORWARD + FROZEN BASELINE PD GAINS,"PRELIMINARY - NUMERICAL HIP-REDUCTION SUCCESSOR ONLY - NOT APPROVED FOR CONNECTION, POWERED TESTING, MOTION, WALKING, OR ENERGIZATION"
WS-R01,9.240,L SINGLE,L,0.850782,0.077526,244.687112,0.000000,NONE,0.000005894,69.273351,1.141680,50 HZ CONTACT-ENABLED INVERSE FEEDFORWARD + FROZEN BASELINE PD GAINS,"PRELIMINARY - NUMERICAL HIP-REDUCTION SUCCESSOR ONLY - NOT APPROVED FOR CONNECTION, POWERED TESTING, MOTION, WALKING, OR ENERGIZATION"
WS-R01,9.260,L SINGLE,L,0.858369,0.082264,243.648733,0.000000,NONE,0.000004550,71.288882,0.961611,50 HZ CONTACT-ENABLED INVERSE FEEDFORWARD + FROZEN BASELINE PD GAINS,"PRELIMINARY - NUMERICAL HIP-REDUCTION SUCCESSOR ONLY - NOT APPROVED FOR CONNECTION, POWERED TESTING, MOTION, WALKING, OR ENERGIZATION"
WS-R01,9.280,L SINGLE,L,0.863208,0.086992,236.686076,0.000000,NONE,0.000004538,67.816623,3.980752,50 HZ CONTACT-ENABLED INVERSE FEEDFORWARD + FROZEN BASELINE PD GAINS,"PRELIMINARY - NUMERICAL HIP-REDUCTION SUCCESSOR ONLY - NOT APPROVED FOR CONNECTION, POWERED TESTING, MOTION, WALKING, OR ENERGIZATION"
WS-R01,9.300,L SINGLE,L,0.866110,0.092044,243.696677,0.000000,NONE,0.000006062,71.461590,1.044079,50 HZ CONTACT-ENABLED INVERSE FEEDFORWARD + FROZEN BASELINE PD GAINS,"PRELIMINARY - NUMERICAL HIP-REDUCTION SUCCESSOR ONLY - NOT APPROVED FOR CONNECTION, POWERED TESTING, MOTION, WALKING, OR ENERGIZATION"
WS-R01,9.320,L SINGLE,L,0.876601,0.096584,236.327610,0.000000,NONE,0.000006177,69.543248,4.005601,50 HZ CONTACT-ENABLED INVERSE FEEDFORWARD + FROZEN BASELINE PD GAINS,"PRELIMINARY - NUMERICAL HIP-REDUCTION SUCCESSOR ONLY - NOT APPROVED FOR CONNECTION, POWERED TESTING, MOTION, WALKING, OR ENERGIZATION"
WS-R01,9.340,L SINGLE,L,0.878674,0.101697,241.091558,0.000000,NONE,0.000004230,86.297966,6.570534,50 HZ CONTACT-ENABLED INVERSE FEEDFORWARD + FROZEN BASELINE PD GAINS,"PRELIMINARY - NUMERICAL HIP-REDUCTION SUCCESSOR ONLY - NOT APPROVED FOR CONNECTION, POWERED TESTING, MOTION, WALKING, OR ENERGIZATION"
WS-R01,9.360,L SINGLE,L,0.886513,0.106857,243.446627,0.000000,NONE,0.000002548,72.970480,2.198034,50 HZ CONTACT-ENABLED INVERSE FEEDFORWARD + FROZEN BASELINE PD GAINS,"PRELIMINARY - NUMERICAL HIP-REDUCTION SUCCESSOR ONLY - NOT APPROVED FOR CONNECTION, POWERED TESTING, MOTION, WALKING, OR ENERGIZATION"
WS-R01,9.380,L SINGLE,L,0.897057,0.111887,244.378610,0.000000,NONE,0.000001688,73.156021,1.267278,50 HZ CONTACT-ENABLED INVERSE FEEDFORWARD + FROZEN BASELINE PD GAINS,"PRELIMINARY - NUMERICAL HIP-REDUCTION SUCCESSOR ONLY - NOT APPROVED FOR CONNECTION, POWERED TESTING, MOTION, WALKING, OR ENERGIZATION"
WS-R01,9.400,L SINGLE,L,0.904414,0.117500,243.277591,0.000000,NONE,0.000001029,74.880228,1.080569,50 HZ CONTACT-ENABLED INVERSE FEEDFORWARD + FROZEN BASELINE PD GAINS,"PRELIMINARY - NUMERICAL HIP-REDUCTION SUCCESSOR ONLY - NOT APPROVED FOR CONNECTION, POWERED TESTING, MOTION, WALKING, OR ENERGIZATION"
WS-R01,9.420,L SINGLE,L,0.911126,0.123080,235.958153,0.000000,NONE,0.000001297,71.514859,4.125938,50 HZ CONTACT-ENABLED INVERSE FEEDFORWARD + FROZEN BASELINE PD GAINS,"PRELIMINARY - NUMERICAL HIP-REDUCTION SUCCESSOR ONLY - NOT APPROVED FOR CONNECTION, POWERED TESTING, MOTION, WALKING, OR ENERGIZATION"
WS-R01,9.440,L SINGLE,L,0.913622,0.128846,242.056343,0.000000,NONE,0.000001407,70.228992,2.310519,50 HZ CONTACT-ENABLED INVERSE FEEDFORWARD + FROZEN BASELINE PD GAINS,"PRELIMINARY - NUMERICAL HIP-REDUCTION SUCCESSOR ONLY - NOT APPROVED FOR CONNECTION, POWERED TESTING, MOTION, WALKING, OR ENERGIZATION"
WS-R01,9.460,L SINGLE,L,0.917986,0.134163,243.246887,0.000000,NONE,0.000000224,76.225815,2.342196,50 HZ CONTACT-ENABLED INVERSE FEEDFORWARD + FROZEN BASELINE PD GAINS,"PRELIMINARY - NUMERICAL HIP-REDUCTION SUCCESSOR ONLY - NOT APPROVED FOR CONNECTION, POWERED TESTING, MOTION, WALKING, OR ENERGIZATION"
WS-R01,9.480,L SINGLE,L,0.929050,0.139924,244.019617,0.000000,NONE,-0.000001563,76.140712,1.356693,50 HZ CONTACT-ENABLED INVERSE FEEDFORWARD + FROZEN BASELINE PD GAINS,"PRELIMINARY - NUMERICAL HIP-REDUCTION SUCCESSOR ONLY - NOT APPROVED FOR CONNECTION, POWERED TESTING, MOTION, WALKING, OR ENERGIZATION"
WS-R01,9.500,L SINGLE,L,0.930693,0.146075,242.931745,0.000000,NONE,-0.000002521,77.311445,1.135952,50 HZ CONTACT-ENABLED INVERSE FEEDFORWARD + FROZEN BASELINE PD GAINS,"PRELIMINARY - NUMERICAL HIP-REDUCTION SUCCESSOR ONLY - NOT APPROVED FOR CONNECTION, POWERED TESTING, MOTION, WALKING, OR ENERGIZATION"
WS-R01,9.520,L SINGLE,L,0.941910,0.152119,244.000273,0.000000,NONE,0.000000900,77.595584,1.422282,50 HZ CONTACT-ENABLED INVERSE FEEDFORWARD + FROZEN BASELINE PD GAINS,"PRELIMINARY - NUMERICAL HIP-REDUCTION SUCCESSOR ONLY - NOT APPROVED FOR CONNECTION, POWERED TESTING, MOTION, WALKING, OR ENERGIZATION"
WS-R01,9.540,L SINGLE,L,0.942981,0.157993,242.811203,0.000000,NONE,-0.000000492,78.867667,1.192918,50 HZ CONTACT-ENABLED INVERSE FEEDFORWARD + FROZEN BASELINE PD GAINS,"PRELIMINARY - NUMERICAL HIP-REDUCTION SUCCESSOR ONLY - NOT APPROVED FOR CONNECTION, POWERED TESTING, MOTION, WALKING, OR ENERGIZATION"
WS-R01,9.560,L SINGLE,L,0.949573,0.164481,241.703790,0.000000,NONE,0.000001458,91.725316,6.481810,50 HZ CONTACT-ENABLED INVERSE FEEDFORWARD + FROZEN BASELINE PD GAINS,"PRELIMINARY - NUMERICAL HIP-REDUCTION SUCCESSOR ONLY - NOT APPROVED FOR CONNECTION, POWERED TESTING, MOTION, WALKING, OR ENERGIZATION"
WS-R01,9.580,L SINGLE,L,0.957067,0.170313,241.579816,0.000000,NONE,-0.000000641,74.378660,2.626809,50 HZ CONTACT-ENABLED INVERSE FEEDFORWARD + FROZEN BASELINE PD GAINS,"PRELIMINARY - NUMERICAL HIP-REDUCTION SUCCESSOR ONLY - NOT APPROVED FOR CONNECTION, POWERED TESTING, MOTION, WALKING, OR ENERGIZATION"
WS-R01,9.600,L SINGLE,L,0.962581,0.176387,242.941139,0.000000,NONE,-0.000003044,81.366376,2.675702,50 HZ CONTACT-ENABLED INVERSE FEEDFORWARD + FROZEN BASELINE PD GAINS,"PRELIMINARY - NUMERICAL HIP-REDUCTION SUCCESSOR ONLY - NOT APPROVED FOR CONNECTION, POWERED TESTING, MOTION, WALKING, OR ENERGIZATION"
WS-R01,9.620,L SINGLE,L,0.971947,0.183296,242.512098,0.000000,NONE,-0.000000438,82.187304,1.497716,50 HZ CONTACT-ENABLED INVERSE FEEDFORWARD + FROZEN BASELINE PD GAINS,"PRELIMINARY - NUMERICAL HIP-REDUCTION SUCCESSOR ONLY - NOT APPROVED FOR CONNECTION, POWERED TESTING, MOTION, WALKING, OR ENERGIZATION"
WS-R01,9.640,L SINGLE,L,0.971370,0.189445,234.857895,0.000000,NONE,-0.000000323,76.745137,4.294593,50 HZ CONTACT-ENABLED INVERSE FEEDFORWARD + FROZEN BASELINE PD GAINS,"PRELIMINARY - NUMERICAL HIP-REDUCTION SUCCESSOR ONLY - NOT APPROVED FOR CONNECTION, POWERED TESTING, MOTION, WALKING, OR ENERGIZATION"
WS-R01,9.660,L SINGLE,L,0.977182,0.195640,240.426602,0.000000,NONE,-0.000001893,99.007049,7.598180,50 HZ CONTACT-ENABLED INVERSE FEEDFORWARD + FROZEN BASELINE PD GAINS,"PRELIMINARY - NUMERICAL HIP-REDUCTION SUCCESSOR ONLY - NOT APPROVED FOR CONNECTION, POWERED TESTING, MOTION, WALKING, OR ENERGIZATION"
WS-R01,9.680,L SINGLE,L,0.986553,0.202016,239.207842,0.000000,NONE,-0.000000646,77.425791,3.486048,50 HZ CONTACT-ENABLED INVERSE FEEDFORWARD + FROZEN BASELINE PD GAINS,"PRELIMINARY - NUMERICAL HIP-REDUCTION SUCCESSOR ONLY - NOT APPROVED FOR CONNECTION, POWERED TESTING, MOTION, WALKING, OR ENERGIZATION"
WS-R01,9.700,L SINGLE,L,0.984316,0.208278,241.855383,0.000000,NONE,-0.000002098,88.192071,3.879534,50 HZ CONTACT-ENABLED INVERSE FEEDFORWARD + FROZEN BASELINE PD GAINS,"PRELIMINARY - NUMERICAL HIP-REDUCTION SUCCESSOR ONLY - NOT APPROVED FOR CONNECTION, POWERED TESTING, MOTION, WALKING, OR ENERGIZATION"
WS-R01,9.720,L SINGLE,L,0.980268,0.214840,241.536961,0.000000,NONE,-0.000003258,85.192048,1.467624,50 HZ CONTACT-ENABLED INVERSE FEEDFORWARD + FROZEN BASELINE PD GAINS,"PRELIMINARY - NUMERICAL HIP-REDUCTION SUCCESSOR ONLY - NOT APPROVED FOR CONNECTION, POWERED TESTING, MOTION, WALKING, OR ENERGIZATION"
WS-R01,9.740,L SINGLE,L,0.973283,0.220984,233.566392,0.000000,NONE,-0.000001156,80.146591,4.583145,50 HZ CONTACT-ENABLED INVERSE FEEDFORWARD + FROZEN BASELINE PD GAINS,"PRELIMINARY - NUMERICAL HIP-REDUCTION SUCCESSOR ONLY - NOT APPROVED FOR CONNECTION, POWERED TESTING, MOTION, WALKING, OR ENERGIZATION"
WS-R01,9.760,L SINGLE,L,0.962506,0.227394,240.343961,0.000000,NONE,-0.000000561,80.301550,2.713808,50 HZ CONTACT-ENABLED INVERSE FEEDFORWARD + FROZEN BASELINE PD GAINS,"PRELIMINARY - NUMERICAL HIP-REDUCTION SUCCESSOR ONLY - NOT APPROVED FOR CONNECTION, POWERED TESTING, MOTION, WALKING, OR ENERGIZATION"
WS-R01,9.780,L SINGLE,L,0.945301,0.233197,241.816924,0.000000,NONE,-0.000001663,87.864102,2.911743,50 HZ CONTACT-ENABLED INVERSE FEEDFORWARD + FROZEN BASELINE PD GAINS,"PRELIMINARY - NUMERICAL HIP-REDUCTION SUCCESSOR ONLY - NOT APPROVED FOR CONNECTION, POWERED TESTING, MOTION, WALKING, OR ENERGIZATION"
WS-R01,9.800,L SINGLE,L,0.919305,0.239468,241.557349,0.000000,NONE,-0.000003208,87.015900,1.706946,50 HZ CONTACT-ENABLED INVERSE FEEDFORWARD + FROZEN BASELINE PD GAINS,"PRELIMINARY - NUMERICAL HIP-REDUCTION SUCCESSOR ONLY - NOT APPROVED FOR CONNECTION, POWERED TESTING, MOTION, WALKING, OR ENERGIZATION"
WS-R01,9.820,L SINGLE,L,0.878319,0.246528,233.065316,0.000000,NONE,0.000001767,82.318782,4.534003,50 HZ CONTACT-ENABLED INVERSE FEEDFORWARD + FROZEN BASELINE PD GAINS,"PRELIMINARY - NUMERICAL HIP-REDUCTION SUCCESSOR ONLY - NOT APPROVED FOR CONNECTION, POWERED TESTING, MOTION, WALKING, OR ENERGIZATION"
WS-R01,9.840,L SINGLE,L+R,0.829685,0.252318,238.780663,0.000000,NONE,0.000001062,106.712587,8.205714,50 HZ CONTACT-ENABLED INVERSE FEEDFORWARD + FROZEN BASELINE PD GAINS,"PRELIMINARY - NUMERICAL HIP-REDUCTION SUCCESSOR ONLY - NOT APPROVED FOR CONNECTION, POWERED TESTING, MOTION, WALKING, OR ENERGIZATION"
WS-R01,9.860,L SINGLE,L,0.774559,0.256983,238.032028,0.000000,NONE,-0.000000635,82.648603,3.537255,50 HZ CONTACT-ENABLED INVERSE FEEDFORWARD + FROZEN BASELINE PD GAINS,"PRELIMINARY - NUMERICAL HIP-REDUCTION SUCCESSOR ONLY - NOT APPROVED FOR CONNECTION, POWERED TESTING, MOTION, WALKING, OR ENERGIZATION"
WS-R01,9.880,L SINGLE,L,0.773945,0.265813,239.524360,0.000000,NONE,-0.000001471,94.760108,4.159974,50 HZ CONTACT-ENABLED INVERSE FEEDFORWARD + FROZEN BASELINE PD GAINS,"PRELIMINARY - NUMERICAL HIP-REDUCTION SUCCESSOR ONLY - NOT APPROVED FOR CONNECTION, POWERED TESTING, MOTION, WALKING, OR ENERGIZATION"
WS-R01,9.900,L SINGLE,L,0.743214,0.271701,239.079445,0.000000,NONE,0.000000107,91.472363,1.674931,50 HZ CONTACT-ENABLED INVERSE FEEDFORWARD + FROZEN BASELINE PD GAINS,"PRELIMINARY - NUMERICAL HIP-REDUCTION SUCCESSOR ONLY - NOT APPROVED FOR CONNECTION, POWERED TESTING, MOTION, WALKING, OR ENERGIZATION"
WS-R01,9.920,L SINGLE,L,0.637513,0.276922,231.441999,0.000000,NONE,0.000004590,85.402973,4.786048,50 HZ CONTACT-ENABLED INVERSE FEEDFORWARD + FROZEN BASELINE PD GAINS,"PRELIMINARY - NUMERICAL HIP-REDUCTION SUCCESSOR ONLY - NOT APPROVED FOR CONNECTION, POWERED TESTING, MOTION, WALKING, OR ENERGIZATION"
WS-R01,9.940,L SINGLE,L,0.538090,0.282332,238.616284,0.000000,NONE,0.000005356,85.669656,3.012879,50 HZ CONTACT-ENABLED INVERSE FEEDFORWARD + FROZEN BASELINE PD GAINS,"PRELIMINARY - NUMERICAL HIP-REDUCTION SUCCESSOR ONLY - NOT APPROVED FOR CONNECTION, POWERED TESTING, MOTION, WALKING, OR ENERGIZATION"
WS-R01,9.960,L SINGLE,L+R,0.414064,0.286872,240.028968,0.000000,NONE,0.000003590,93.903876,3.237942,50 HZ CONTACT-ENABLED INVERSE FEEDFORWARD + FROZEN BASELINE PD GAINS,"PRELIMINARY - NUMERICAL HIP-REDUCTION SUCCESSOR ONLY - NOT APPROVED FOR CONNECTION, POWERED TESTING, MOTION, WALKING, OR ENERGIZATION"
WS-R01,9.980,L SINGLE,L,0.278615,0.292901,239.350492,0.000000,NONE,-0.000000966,92.219199,1.911662,50 HZ CONTACT-ENABLED INVERSE FEEDFORWARD + FROZEN BASELINE PD GAINS,"PRELIMINARY - NUMERICAL HIP-REDUCTION SUCCESSOR ONLY - NOT APPROVED FOR CONNECTION, POWERED TESTING, MOTION, WALKING, OR ENERGIZATION"
WS-R01,10.000,L SINGLE,L,0.195901,0.301017,229.988912,0.000000,NONE,0.000005222,87.309973,4.832072,50 HZ CONTACT-ENABLED INVERSE FEEDFORWARD + FROZEN BASELINE PD GAINS,"PRELIMINARY - NUMERICAL HIP-REDUCTION SUCCESSOR ONLY - NOT APPROVED FOR CONNECTION, POWERED TESTING, MOTION, WALKING, OR ENERGIZATION"
WS-R01,10.020,L SINGLE,L,0.114578,0.303977,240.887883,0.000000,NONE,0.000006504,117.037874,10.042825,50 HZ CONTACT-ENABLED INVERSE FEEDFORWARD + FROZEN BASELINE PD GAINS,"PRELIMINARY - NUMERICAL HIP-REDUCTION SUCCESSOR ONLY - NOT APPROVED FOR CONNECTION, POWERED TESTING, MOTION, WALKING, OR ENERGIZATION"
WS-R01,10.040,L SINGLE,L+R,0.181385,0.310062,236.864588,18.097532,NONE,0.000005261,87.780173,3.053081,50 HZ CONTACT-ENABLED INVERSE FEEDFORWARD + FROZEN BASELINE PD GAINS,"PRELIMINARY - NUMERICAL HIP-REDUCTION SUCCESSOR ONLY - NOT APPROVED FOR CONNECTION, POWERED TESTING, MOTION, WALKING, OR ENERGIZATION"
WS-R01,10.060,L SINGLE,L+R,0.139096,0.316235,248.192503,102.629783,NONE,0.000001151,108.473002,8.604349,50 HZ CONTACT-ENABLED INVERSE FEEDFORWARD + FROZEN BASELINE PD GAINS,"PRELIMINARY - NUMERICAL HIP-REDUCTION SUCCESSOR ONLY - NOT APPROVED FOR CONNECTION, POWERED TESTING, MOTION, WALKING, OR ENERGIZATION"
WS-R01,10.080,L SINGLE,L+R,0.242654,0.332619,245.818076,159.918763,NONE,-0.000006421,112.718454,7.441879,50 HZ CONTACT-ENABLED INVERSE FEEDFORWARD + FROZEN BASELINE PD GAINS,"PRELIMINARY - NUMERICAL HIP-REDUCTION SUCCESSOR ONLY - NOT APPROVED FOR CONNECTION, POWERED TESTING, MOTION, WALKING, OR ENERGIZATION"
WS-R01,10.100,L SINGLE,L+R,0.385273,0.329132,246.183326,131.562804,NONE,-0.000018755,91.884113,4.723541,50 HZ CONTACT-ENABLED INVERSE FEEDFORWARD + FROZEN BASELINE PD GAINS,"PRELIMINARY - NUMERICAL HIP-REDUCTION SUCCESSOR ONLY - NOT APPROVED FOR CONNECTION, POWERED TESTING, MOTION, WALKING, OR ENERGIZATION"
WS-R01,10.120,L SINGLE,L+R,0.503618,0.328469,253.809556,127.784085,NONE,-0.000040128,125.934548,12.315999,50 HZ CONTACT-ENABLED INVERSE FEEDFORWARD + FROZEN BASELINE PD GAINS,"PRELIMINARY - NUMERICAL HIP-REDUCTION SUCCESSOR ONLY - NOT APPROVED FOR CONNECTION, POWERED TESTING, MOTION, WALKING, OR ENERGIZATION"
WS-R01,10.140,L SINGLE,L+R,0.591743,0.335084,262.481636,155.426157,NONE,-0.000059613,107.728382,7.525076,50 HZ CONTACT-ENABLED INVERSE FEEDFORWARD + FROZEN BASELINE PD GAINS,"PRELIMINARY - NUMERICAL HIP-REDUCTION SUCCESSOR ONLY - NOT APPROVED FOR CONNECTION, POWERED TESTING, MOTION, WALKING, OR ENERGIZATION"
WS-R01,10.160,L SINGLE,L+R,0.627541,0.337188,264.212781,154.538361,NONE,-0.000077130,107.243776,6.649505,50 HZ CONTACT-ENABLED INVERSE FEEDFORWARD + FROZEN BASELINE PD GAINS,"PRELIMINARY - NUMERICAL HIP-REDUCTION SUCCESSOR ONLY - NOT APPROVED FOR CONNECTION, POWERED TESTING, MOTION, WALKING, OR ENERGIZATION"
WS-R01,10.180,L SINGLE,L+R,0.644139,0.341832,264.197135,149.598655,NONE,-0.000091147,108.440219,6.063612,50 HZ CONTACT-ENABLED INVERSE FEEDFORWARD + FROZEN BASELINE PD GAINS,"PRELIMINARY - NUMERICAL HIP-REDUCTION SUCCESSOR ONLY - NOT APPROVED FOR CONNECTION, POWERED TESTING, MOTION, WALKING, OR ENERGIZATION"
WS-R01,10.200,L SINGLE,L+R,0.641899,0.345791,257.964806,143.927707,NONE,-0.000103871,96.807118,5.205888,50 HZ CONTACT-ENABLED INVERSE FEEDFORWARD + FROZEN BASELINE PD GAINS,"PRELIMINARY - NUMERICAL HIP-REDUCTION SUCCESSOR ONLY - NOT APPROVED FOR CONNECTION, POWERED TESTING, MOTION, WALKING, OR ENERGIZATION"
WS-R01,10.220,L SINGLE,L+R,0.624014,0.350391,266.448008,137.782771,NONE,-0.000115191,125.660357,12.318048,50 HZ CONTACT-ENABLED INVERSE FEEDFORWARD + FROZEN BASELINE PD GAINS,"PRELIMINARY - NUMERICAL HIP-REDUCTION SUCCESSOR ONLY - NOT APPROVED FOR CONNECTION, POWERED TESTING, MOTION, WALKING, OR ENERGIZATION"
WS-R01,10.240,L SINGLE,L+R,0.593182,0.355832,265.945090,134.992243,NONE,-0.000127813,124.741477,11.858851,50 HZ CONTACT-ENABLED INVERSE FEEDFORWARD + FROZEN BASELINE PD GAINS,"PRELIMINARY - NUMERICAL HIP-REDUCTION SUCCESSOR ONLY - NOT APPROVED FOR CONNECTION, POWERED TESTING, MOTION, WALKING, OR ENERGIZATION"
WS-R01,10.260,L SINGLE,L+R,0.560320,0.360735,269.044982,134.059718,NONE,-0.000137636,96.954356,3.870884,50 HZ CONTACT-ENABLED INVERSE FEEDFORWARD + FROZEN BASELINE PD GAINS,"PRELIMINARY - NUMERICAL HIP-REDUCTION SUCCESSOR ONLY - NOT APPROVED FOR CONNECTION, POWERED TESTING, MOTION, WALKING, OR ENERGIZATION"
WS-R01,10.280,L SINGLE,L+R,0.554339,0.364702,272.164267,132.113253,NONE,-0.000145462,107.514783,6.973118,50 HZ CONTACT-ENABLED INVERSE FEEDFORWARD + FROZEN BASELINE PD GAINS,"PRELIMINARY - NUMERICAL HIP-REDUCTION SUCCESSOR ONLY - NOT APPROVED FOR CONNECTION, POWERED TESTING, MOTION, WALKING, OR ENERGIZATION"
WS-R01,10.300,L SINGLE,L+R,0.542575,0.368499,273.440177,132.035236,NONE,-0.000157594,101.842407,4.051681,50 HZ CONTACT-ENABLED INVERSE FEEDFORWARD + FROZEN BASELINE PD GAINS,"PRELIMINARY - NUMERICAL HIP-REDUCTION SUCCESSOR ONLY - NOT APPROVED FOR CONNECTION, POWERED TESTING, MOTION, WALKING, OR ENERGIZATION"
WS-R01,10.320,L SINGLE,L+R,0.531987,0.371356,272.446252,132.900607,NONE,-0.000162119,102.575450,3.464985,50 HZ CONTACT-ENABLED INVERSE FEEDFORWARD + FROZEN BASELINE PD GAINS,"PRELIMINARY - NUMERICAL HIP-REDUCTION SUCCESSOR ONLY - NOT APPROVED FOR CONNECTION, POWERED TESTING, MOTION, WALKING, OR ENERGIZATION"
WS-R01,10.340,L SINGLE,L+R,0.518658,0.374801,272.838679,133.865485,NONE,-0.000172515,101.688112,3.017591,50 HZ CONTACT-ENABLED INVERSE FEEDFORWARD + FROZEN BASELINE PD GAINS,"PRELIMINARY - NUMERICAL HIP-REDUCTION SUCCESSOR ONLY - NOT APPROVED FOR CONNECTION, POWERED TESTING, MOTION, WALKING, OR ENERGIZATION"
WS-R01,10.360,L SINGLE,L+R,0.511658,0.377780,265.916765,135.384253,NONE,-0.000172745,98.923471,4.626891,50 HZ CONTACT-ENABLED INVERSE FEEDFORWARD + FROZEN BASELINE PD GAINS,"PRELIMINARY - NUMERICAL HIP-REDUCTION SUCCESSOR ONLY - NOT APPROVED FOR CONNECTION, POWERED TESTING, MOTION, WALKING, OR ENERGIZATION"
WS-R01,10.380,L SINGLE,L+R,0.501381,0.380858,272.721772,136.413977,NONE,-0.000176093,116.237607,9.981756,50 HZ CONTACT-ENABLED INVERSE FEEDFORWARD + FROZEN BASELINE PD GAINS,"PRELIMINARY - NUMERICAL HIP-REDUCTION SUCCESSOR ONLY - NOT APPROVED FOR CONNECTION, POWERED TESTING, MOTION, WALKING, OR ENERGIZATION"
WS-R01,10.400,L SINGLE,L+R,0.490471,0.384231,271.025305,137.988731,NONE,-0.000178091,117.510772,10.135731,50 HZ CONTACT-ENABLED INVERSE FEEDFORWARD + FROZEN BASELINE PD GAINS,"PRELIMINARY - NUMERICAL HIP-REDUCTION SUCCESSOR ONLY - NOT APPROVED FOR CONNECTION, POWERED TESTING, MOTION, WALKING, OR ENERGIZATION"
WS-R01,10.420,L SINGLE,L+R,0.484115,0.387023,272.505420,140.548229,NONE,-0.000176986,96.845546,3.452645,50 HZ CONTACT-ENABLED INVERSE FEEDFORWARD + FROZEN BASELINE PD GAINS,"PRELIMINARY - NUMERICAL HIP-REDUCTION SUCCESSOR ONLY - NOT APPROVED FOR CONNECTION, POWERED TESTING, MOTION, WALKING, OR ENERGIZATION"
WS-R01,10.440,L SINGLE,L+R,0.474595,0.390243,272.340631,142.156693,NONE,-0.000180173,97.014867,3.546761,50 HZ CONTACT-ENABLED INVERSE FEEDFORWARD + FROZEN BASELINE PD GAINS,"PRELIMINARY - NUMERICAL HIP-REDUCTION SUCCESSOR ONLY - NOT APPROVED FOR CONNECTION, POWERED TESTING, MOTION, WALKING, OR ENERGIZATION"
WS-R01,10.460,L SINGLE,L+R,0.470507,0.392412,273.823351,143.339140,NONE,-0.000177648,103.714236,5.451123,50 HZ CONTACT-ENABLED INVERSE FEEDFORWARD + FROZEN BASELINE PD GAINS,"PRELIMINARY - NUMERICAL HIP-REDUCTION SUCCESSOR ONLY - NOT APPROVED FOR CONNECTION, POWERED TESTING, MOTION, WALKING, OR ENERGIZATION"
WS-R01,10.480,L SINGLE,L+R,0.463516,0.395380,274.043709,145.066994,NONE,-0.000178511,99.639306,2.757252,50 HZ CONTACT-ENABLED INVERSE FEEDFORWARD + FROZEN BASELINE PD GAINS,"PRELIMINARY - NUMERICAL HIP-REDUCTION SUCCESSOR ONLY - NOT APPROVED FOR CONNECTION, POWERED TESTING, MOTION, WALKING, OR ENERGIZATION"
WS-R01,10.500,L SINGLE,L+R,0.459744,0.397421,271.994948,146.266279,NONE,-0.000172870,100.538493,2.422544,50 HZ CONTACT-ENABLED INVERSE FEEDFORWARD + FROZEN BASELINE PD GAINS,"PRELIMINARY - NUMERICAL HIP-REDUCTION SUCCESSOR ONLY - NOT APPROVED FOR CONNECTION, POWERED TESTING, MOTION, WALKING, OR ENERGIZATION"
WS-R01,10.520,L SINGLE,L+R,0.454346,0.399901,271.513798,147.534831,NONE,-0.000174300,100.157005,2.213591,50 HZ CONTACT-ENABLED INVERSE FEEDFORWARD + FROZEN BASELINE PD GAINS,"PRELIMINARY - NUMERICAL HIP-REDUCTION SUCCESSOR ONLY - NOT APPROVED FOR CONNECTION, POWERED TESTING, MOTION, WALKING, OR ENERGIZATION"
WS-R01,10.540,L SINGLE,L+R,0.455942,0.401783,263.885623,148.664232,NONE,-0.000166804,99.476369,4.733058,50 HZ CONTACT-ENABLED INVERSE FEEDFORWARD + FROZEN BASELINE PD GAINS,"PRELIMINARY - NUMERICAL HIP-REDUCTION SUCCESSOR ONLY - NOT APPROVED FOR CONNECTION, POWERED TESTING, MOTION, WALKING, OR ENERGIZATION"
WS-R01,10.560,L SINGLE,L+R,0.456762,0.403901,269.920394,148.127320,NONE,-0.000163696,105.367799,6.303622,50 HZ CONTACT-ENABLED INVERSE FEEDFORWARD + FROZEN BASELINE PD GAINS,"PRELIMINARY - NUMERICAL HIP-REDUCTION SUCCESSOR ONLY - NOT APPROVED FOR CONNECTION, POWERED TESTING, MOTION, WALKING, OR ENERGIZATION"
WS-R01,10.580,L SINGLE,L+R,0.464596,0.406087,267.698506,148.132701,NONE,-0.000160187,106.002316,6.713184,50 HZ CONTACT-ENABLED INVERSE FEEDFORWARD + FROZEN BASELINE PD GAINS,"PRELIMINARY - NUMERICAL HIP-REDUCTION SUCCESSOR ONLY - NOT APPROVED FOR CONNECTION, POWERED TESTING, MOTION, WALKING, OR ENERGIZATION"
WS-R01,10.600,L SINGLE,L+R,0.472026,0.407856,271.017729,154.097191,NONE,-0.000159178,96.838410,2.798548,50 HZ CONTACT-ENABLED INVERSE FEEDFORWARD + FROZEN BASELINE PD GAINS,"PRELIMINARY - NUMERICAL HIP-REDUCTION SUCCESSOR ONLY - NOT APPROVED FOR CONNECTION, POWERED TESTING, MOTION, WALKING, OR ENERGIZATION"
WS-R01,10.620,L SINGLE,L+R,0.478246,0.409485,268.637101,156.251286,NONE,-0.000154097,100.273113,4.729970,50 HZ CONTACT-ENABLED INVERSE FEEDFORWARD + FROZEN BASELINE PD GAINS,"PRELIMINARY - NUMERICAL HIP-REDUCTION SUCCESSOR ONLY - NOT APPROVED FOR CONNECTION, POWERED TESTING, MOTION, WALKING, OR ENERGIZATION"
WS-R01,10.640,L SINGLE,L+R,0.484065,0.410917,269.952555,154.256885,NONE,-0.000148324,104.194504,6.201505,50 HZ CONTACT-ENABLED INVERSE FEEDFORWARD + FROZEN BASELINE PD GAINS,"PRELIMINARY - NUMERICAL HIP-REDUCTION SUCCESSOR ONLY - NOT APPROVED FOR CONNECTION, POWERED TESTING, MOTION, WALKING, OR ENERGIZATION"
WS-R01,10.660,L SINGLE,L+R,0.489710,0.413068,268.283781,154.879381,NONE,-0.000146969,105.212456,6.498407,50 HZ CONTACT-ENABLED INVERSE FEEDFORWARD + FROZEN BASELINE PD GAINS,"PRELIMINARY - NUMERICAL HIP-REDUCTION SUCCESSOR ONLY - NOT APPROVED FOR CONNECTION, POWERED TESTING, MOTION, WALKING, OR ENERGIZATION"
WS-R01,10.680,L SINGLE,L+R,0.494550,0.414107,267.775046,155.583371,NONE,-0.000141565,101.123268,3.380442,50 HZ CONTACT-ENABLED INVERSE FEEDFORWARD + FROZEN BASELINE PD GAINS,"PRELIMINARY - NUMERICAL HIP-REDUCTION SUCCESSOR ONLY - NOT APPROVED FOR CONNECTION, POWERED TESTING, MOTION, WALKING, OR ENERGIZATION"
WS-R01,10.700,L SINGLE,L+R,0.499596,0.416288,266.858981,157.668631,NONE,-0.000139420,98.694158,1.768795,50 HZ CONTACT-ENABLED INVERSE FEEDFORWARD + FROZEN BASELINE PD GAINS,"PRELIMINARY - NUMERICAL HIP-REDUCTION SUCCESSOR ONLY - NOT APPROVED FOR CONNECTION, POWERED TESTING, MOTION, WALKING, OR ENERGIZATION"
WS-R01,10.720,DOUBLE,L+R,0.503625,0.417583,258.968176,158.771169,NONE,-0.000130759,103.552341,6.087059,50 HZ CONTACT-ENABLED INVERSE FEEDFORWARD + FROZEN BASELINE PD GAINS,"PRELIMINARY - NUMERICAL HIP-REDUCTION SUCCESSOR ONLY - NOT APPROVED FOR CONNECTION, POWERED TESTING, MOTION, WALKING, OR ENERGIZATION"
