acceptance_id,criterion,execution_state,result,evidence_uri,approver,warning
ACC-01,"Current product identifiers match release metadata, P0.2 reconciliation and handoff",NOT EXECUTED,OPEN,,,"PRELIMINARY - NOT APPROVED FOR PROCUREMENT, FABRICATION, ASSEMBLY, CONNECTION, POWERED TESTING, MOTION, OR ENERGIZATION"
ACC-02,P1.15 system schematic reproduces native ERC 0 errors and 0 warnings,NOT EXECUTED,OPEN,,,"PRELIMINARY - NOT APPROVED FOR PROCUREMENT, FABRICATION, ASSEMBLY, CONNECTION, POWERED TESTING, MOTION, OR ENERGIZATION"
ACC-03,P0.2 star board reproduces native ERC/DRC 0 errors and 0 warnings,NOT EXECUTED,OPEN,,,"PRELIMINARY - NOT APPROVED FOR PROCUREMENT, FABRICATION, ASSEMBLY, CONNECTION, POWERED TESTING, MOTION, OR ENERGIZATION"
ACC-04,P0.3 carrier reproduces native ERC/DRC 0 errors and 0 warnings,NOT EXECUTED,OPEN,,,"PRELIMINARY - NOT APPROVED FOR PROCUREMENT, FABRICATION, ASSEMBLY, CONNECTION, POWERED TESTING, MOTION, OR ENERGIZATION"
ACC-05,P0.1 star CAM is demonstrably excluded from P0.2 fabrication use,NOT EXECUTED,OPEN,,,"PRELIMINARY - NOT APPROVED FOR PROCUREMENT, FABRICATION, ASSEMBLY, CONNECTION, POWERED TESTING, MOTION, OR ENERGIZATION"
ACC-06,All 91 BOM groups have reviewed closure classes and evidence,NOT EXECUTED,OPEN,,,"PRELIMINARY - NOT APPROVED FOR PROCUREMENT, FABRICATION, ASSEMBLY, CONNECTION, POWERED TESTING, MOTION, OR ENERGIZATION"
ACC-07,"EG-002, EG-003, EG-004, EG-014 and EG-015 remain fail-closed until their evidence is accepted",NOT EXECUTED,OPEN,,,"PRELIMINARY - NOT APPROVED FOR PROCUREMENT, FABRICATION, ASSEMBLY, CONNECTION, POWERED TESTING, MOTION, OR ENERGIZATION"
ACC-08,Qualified reviewers accept the exact configuration and a distinct authority releases only the named next stage,NOT EXECUTED,OPEN,,,"PRELIMINARY - NOT APPROVED FOR PROCUREMENT, FABRICATION, ASSEMBLY, CONNECTION, POWERED TESTING, MOTION, OR ENERGIZATION"
ACC-09,P1.17 reproduces all P1.15 core components and terminal mappings and adds only OBS1/PIOBS1,NOT EXECUTED,OPEN,,,"PRELIMINARY - NOT APPROVED FOR PROCUREMENT, FABRICATION, ASSEMBLY, CONNECTION, POWERED TESTING, MOTION, OR ENERGIZATION"
ACC-10,P1.17 OBS1 terminal map and source hashes match current P0.5,NOT EXECUTED,OPEN,,,"PRELIMINARY - NOT APPROVED FOR PROCUREMENT, FABRICATION, ASSEMBLY, CONNECTION, POWERED TESTING, MOTION, OR ENERGIZATION"
ACC-11,P1.17 PIOBS1 selected terminals match the passive Pi carrier and omitted Pi positions remain no-copper,NOT EXECUTED,OPEN,,,"PRELIMINARY - NOT APPROVED FOR PROCUREMENT, FABRICATION, ASSEMBLY, CONNECTION, POWERED TESTING, MOTION, OR ENERGIZATION"
ACC-12,"Observation assemblies and harnesses receive independent electrical, DFM and physical acceptance before any work release",NOT EXECUTED,OPEN,,,"PRELIMINARY - NOT APPROVED FOR PROCUREMENT, FABRICATION, ASSEMBLY, CONNECTION, POWERED TESTING, MOTION, OR ENERGIZATION"
ACC-13,All five integrated custom-part files are byte-identical to the R213 P0.2 binding,NOT EXECUTED,OPEN,,,"PRELIMINARY - NOT APPROVED FOR PROCUREMENT, FABRICATION, ASSEMBLY, CONNECTION, POWERED TESTING, MOTION, OR ENERGIZATION"
ACC-14,P0.8 hole axes and complete transform/interface schedules match the controlled definition,NOT EXECUTED,OPEN,,,"PRELIMINARY - NOT APPROVED FOR PROCUREMENT, FABRICATION, ASSEMBLY, CONNECTION, POWERED TESTING, MOTION, OR ENERGIZATION"
ACC-15,"P0.8 collision, continuous-clearance and J2 stop evidence reproduce under the dedicated checker",NOT EXECUTED,OPEN,,,"PRELIMINARY - NOT APPROVED FOR PROCUREMENT, FABRICATION, ASSEMBLY, CONNECTION, POWERED TESTING, MOTION, OR ENERGIZATION"
ACC-16,Physical DFM/FAI/fit/proof evidence and qualified mechanical acceptance are complete before any work release,NOT EXECUTED,OPEN,,,"PRELIMINARY - NOT APPROVED FOR PROCUREMENT, FABRICATION, ASSEMBLY, CONNECTION, POWERED TESTING, MOTION, OR ENERGIZATION"
ACC-17,All 66 R221 endpoints map exactly once into 55 R222 two-ended conductors,NOT EXECUTED,OPEN,,,"PRELIMINARY - NOT APPROVED FOR PROCUREMENT, FABRICATION, ASSEMBLY, CONNECTION, POWERED TESTING, MOTION, OR ENERGIZATION"
ACC-18,P1.18 adds only five topology nodes while P1.15 logic remains unchanged,NOT EXECUTED,OPEN,,,"PRELIMINARY - NOT APPROVED FOR PROCUREMENT, FABRICATION, ASSEMBLY, CONNECTION, POWERED TESTING, MOTION, OR ENERGIZATION"
ACC-19,XD24/XD0/XN1/XN2/XN3 identities and terminal allocations match native ECAD,NOT EXECUTED,OPEN,,,"PRELIMINARY - NOT APPROVED FOR PROCUREMENT, FABRICATION, ASSEMBLY, CONNECTION, POWERED TESTING, MOTION, OR ENERGIZATION"
ACC-20,Five node envelopes and DR5/WD4 lie inside the controlled backplate planning boundary,NOT EXECUTED,OPEN,,,"PRELIMINARY - NOT APPROVED FOR PROCUREMENT, FABRICATION, ASSEMBLY, CONNECTION, POWERED TESTING, MOTION, OR ENERGIZATION"
ACC-21,RAIL-B and DUCT-A arithmetic retains positive pre-kerf residual without increasing stock quantity,NOT EXECUTED,OPEN,,,"PRELIMINARY - NOT APPROVED FOR PROCUREMENT, FABRICATION, ASSEMBLY, CONNECTION, POWERED TESTING, MOTION, OR ENERGIZATION"
ACC-22,BOM-092 through BOM-095 and revised BOM-083/084/085 are fully covered and held,NOT EXECUTED,OPEN,,,"PRELIMINARY - NOT APPROVED FOR PROCUREMENT, FABRICATION, ASSEMBLY, CONNECTION, POWERED TESTING, MOTION, OR ENERGIZATION"
ACC-23,"Every cut length, terminal entry, hole, termination and physical result remains unreleased",NOT EXECUTED,OPEN,,,"PRELIMINARY - NOT APPROVED FOR PROCUREMENT, FABRICATION, ASSEMBLY, CONNECTION, POWERED TESTING, MOTION, OR ENERGIZATION"
ACC-24,Independent qualified review and every affected gate remain open,NOT EXECUTED,OPEN,,,"PRELIMINARY - NOT APPROVED FOR PROCUREMENT, FABRICATION, ASSEMBLY, CONNECTION, POWERED TESTING, MOTION, OR ENERGIZATION"
ACC-25,BOM-096 exact item and hold classification match the current Phoenix Contact source,NOT EXECUTED,OPEN,,,"PRELIMINARY - NOT APPROVED FOR PROCUREMENT, FABRICATION, ASSEMBLY, CONNECTION, POWERED TESTING, MOTION, OR ENERGIZATION"
ACC-26,WD5 envelope fits the controlled backplate with declared nominal gaps,NOT EXECUTED,OPEN,,,"PRELIMINARY - NOT APPROVED FOR PROCUREMENT, FABRICATION, ASSEMBLY, CONNECTION, POWERED TESTING, MOTION, OR ENERGIZATION"
ACC-27,Existing DUCT-A residual is not reused for WD5,NOT EXECUTED,OPEN,,,"PRELIMINARY - NOT APPROVED FOR PROCUREMENT, FABRICATION, ASSEMBLY, CONNECTION, POWERED TESTING, MOTION, OR ENERGIZATION"
ACC-28,"Junction, fill, conductor and physical evidence remain unresolved",NOT EXECUTED,OPEN,,,"PRELIMINARY - NOT APPROVED FOR PROCUREMENT, FABRICATION, ASSEMBLY, CONNECTION, POWERED TESTING, MOTION, OR ENERGIZATION"
ACC-29,P1.15 remains current and P1.21 remains unaccepted,NOT EXECUTED,OPEN,,,"PRELIMINARY - NOT APPROVED FOR PROCUREMENT, FABRICATION, ASSEMBLY, CONNECTION, POWERED TESTING, MOTION, OR ENERGIZATION"
ACC-30,Belden 3057 BL005 current exact identity and held status are independently confirmed,NOT EXECUTED,OPEN,,,"PRELIMINARY - NOT APPROVED FOR PROCUREMENT, FABRICATION, ASSEMBLY, CONNECTION, POWERED TESTING, MOTION, OR ENERGIZATION"
ACC-31,Seven P1.21 endpoints and route lengths match P1.21/R240 sources,NOT EXECUTED,OPEN,,,"PRELIMINARY - NOT APPROVED FOR PROCUREMENT, FABRICATION, ASSEMBLY, CONNECTION, POWERED TESTING, MOTION, OR ENERGIZATION"
ACC-32,WD5 and segment-specific WD2 arithmetic is independently reproduced,NOT EXECUTED,OPEN,,,"PRELIMINARY - NOT APPROVED FOR PROCUREMENT, FABRICATION, ASSEMBLY, CONNECTION, POWERED TESTING, MOTION, OR ENERGIZATION"
ACC-33,Blue wire and XD24/XD0 component-color convention is qualified and frozen,NOT EXECUTED,OPEN,,,"PRELIMINARY - NOT APPROVED FOR PROCUREMENT, FABRICATION, ASSEMBLY, CONNECTION, POWERED TESTING, MOTION, OR ENERGIZATION"
ACC-34,DCR/cut/voltage/protection/thermal and full occupancy evidence is accepted,NOT EXECUTED,OPEN,,,"PRELIMINARY - NOT APPROVED FOR PROCUREMENT, FABRICATION, ASSEMBLY, CONNECTION, POWERED TESTING, MOTION, OR ENERGIZATION"
ACC-35,P1.15 remains current and P1.21/R242 remain unaccepted until formal disposition,NOT EXECUTED,OPEN,,,"PRELIMINARY - NOT APPROVED FOR PROCUREMENT, FABRICATION, ASSEMBLY, CONNECTION, POWERED TESTING, MOTION, OR ENERGIZATION"
ACC-36,"Both ferrule identities, order quantities and endpoint counts are independently confirmed",NOT EXECUTED,OPEN,,,"PRELIMINARY - NOT APPROVED FOR PROCUREMENT, FABRICATION, ASSEMBLY, CONNECTION, POWERED TESTING, MOTION, OR ENERGIZATION"
ACC-37,All fourteen P1.21 endpoints match the P1.21/R242 source schedule,NOT EXECUTED,OPEN,,,"PRELIMINARY - NOT APPROVED FOR PROCUREMENT, FABRICATION, ASSEMBLY, CONNECTION, POWERED TESTING, MOTION, OR ENERGIZATION"
ACC-38,CRIMPFOX 6 and the exact ferrules are confirmed as the current Phoenix UL combination,NOT EXECUTED,OPEN,,,"PRELIMINARY - NOT APPROVED FOR PROCUREMENT, FABRICATION, ASSEMBLY, CONNECTION, POWERED TESTING, MOTION, OR ENERGIZATION"
ACC-39,Both ferrule formats pass the accepted received-lot strip/crimp and 40 N / 60 s coupon plan,NOT EXECUTED,OPEN,,,"PRELIMINARY - NOT APPROVED FOR PROCUREMENT, FABRICATION, ASSEMBLY, CONNECTION, POWERED TESTING, MOTION, OR ENERGIZATION"
ACC-40,"All terminal fits, torque settings, bits, calibration and installed retention evidence are accepted",NOT EXECUTED,OPEN,,,"PRELIMINARY - NOT APPROVED FOR PROCUREMENT, FABRICATION, ASSEMBLY, CONNECTION, POWERED TESTING, MOTION, OR ENERGIZATION"
ACC-41,P1.15 remains current and P1.21/R243 remain unaccepted until formal disposition,NOT EXECUTED,OPEN,,,"PRELIMINARY - NOT APPROVED FOR PROCUREMENT, FABRICATION, ASSEMBLY, CONNECTION, POWERED TESTING, MOTION, OR ENERGIZATION"
ACC-42,The 4.4 ohm/1000 ft at 20 C nominal source and SI conversion are independently reproduced,NOT EXECUTED,OPEN,,,"PRELIMINARY - NOT APPROVED FOR PROCUREMENT, FABRICATION, ASSEMBLY, CONNECTION, POWERED TESTING, MOTION, OR ENERGIZATION"
ACC-43,All planning lengths and four numeric calculations match controlled R242 routes,NOT EXECUTED,OPEN,,,"PRELIMINARY - NOT APPROVED FOR PROCUREMENT, FABRICATION, ASSEMBLY, CONNECTION, POWERED TESTING, MOTION, OR ENERGIZATION"
ACC-44,Every calculation is labeled one-way centerline conductor-only and not accepted,NOT EXECUTED,OPEN,,,"PRELIMINARY - NOT APPROVED FOR PROCUREMENT, FABRICATION, ASSEMBLY, CONNECTION, POWERED TESTING, MOTION, OR ENERGIZATION"
ACC-45,Pilz and Phoenix exact driver bits remain selection required absent explicit current pairing,NOT EXECUTED,OPEN,,,"PRELIMINARY - NOT APPROVED FOR PROCUREMENT, FABRICATION, ASSEMBLY, CONNECTION, POWERED TESTING, MOTION, OR ENERGIZATION"
ACC-46,"Received DCR, cuts, return/contact/source/load/temperature/protection inputs are accepted",NOT EXECUTED,OPEN,,,"PRELIMINARY - NOT APPROVED FOR PROCUREMENT, FABRICATION, ASSEMBLY, CONNECTION, POWERED TESTING, MOTION, OR ENERGIZATION"
ACC-47,P1.15 remains current and P1.21/R244 remain unaccepted until formal disposition,NOT EXECUTED,OPEN,,,"PRELIMINARY - NOT APPROVED FOR PROCUREMENT, FABRICATION, ASSEMBLY, CONNECTION, POWERED TESTING, MOTION, OR ENERGIZATION"
ACC-48,All five P0.3 custom-part rows name the integrated P0.8 architecture and retain the fifteen prior artifact hashes,NOT EXECUTED,OPEN,,,"PRELIMINARY - NOT APPROVED FOR PROCUREMENT, FABRICATION, ASSEMBLY, CONNECTION, POWERED TESTING, MOTION, OR ENERGIZATION"
ACC-49,Both firmware configurations bind the exact eight-record source manifest SHA-256,NOT EXECUTED,OPEN,,,"PRELIMINARY - NOT APPROVED FOR PROCUREMENT, FABRICATION, ASSEMBLY, CONNECTION, POWERED TESTING, MOTION, OR ENERGIZATION"
ACC-50,Physical/HIL acceptance remains a separate immutable evidence hash and is not inferred from source identity,NOT EXECUTED,OPEN,,,"PRELIMINARY - NOT APPROVED FOR PROCUREMENT, FABRICATION, ASSEMBLY, CONNECTION, POWERED TESTING, MOTION, OR ENERGIZATION"
ACC-51,"Successor shop drawings, datum/GD&T, RFQ and part-specific assembly definition receive qualified acceptance",NOT EXECUTED,OPEN,,,"PRELIMINARY - NOT APPROVED FOR PROCUREMENT, FABRICATION, ASSEMBLY, CONNECTION, POWERED TESTING, MOTION, OR ENERGIZATION"
ACC-52,R246 exact terminal/net loop trace independently reproduced,NOT EXECUTED,OPEN,,,"PRELIMINARY - NOT APPROVED FOR PROCUREMENT, FABRICATION, ASSEMBLY, CONNECTION, POWERED TESTING, MOTION, OR ENERGIZATION"
ACC-53,R246 every series-element maximum drop accepted,NOT EXECUTED,OPEN,,,"PRELIMINARY - NOT APPROVED FOR PROCUREMENT, FABRICATION, ASSEMBLY, CONNECTION, POWERED TESTING, MOTION, OR ENERGIZATION"
ACC-54,R246 state-aware maximum current and steady voltage budget accepted,NOT EXECUTED,OPEN,,,"PRELIMINARY - NOT APPROVED FOR PROCUREMENT, FABRICATION, ASSEMBLY, CONNECTION, POWERED TESTING, MOTION, OR ENERGIZATION"
ACC-55,R246 transient pickup/brownout/recovery tests passed,NOT EXECUTED,OPEN,,,"PRELIMINARY - NOT APPROVED FOR PROCUREMENT, FABRICATION, ASSEMBLY, CONNECTION, POWERED TESTING, MOTION, OR ENERGIZATION"
ACC-56,R246 received voltage evidence and uncertainty accepted,NOT EXECUTED,OPEN,,,"PRELIMINARY - NOT APPROVED FOR PROCUREMENT, FABRICATION, ASSEMBLY, CONNECTION, POWERED TESTING, MOTION, OR ENERGIZATION"
ACC-57,R246 qualified electrical and functional-safety review signed,NOT EXECUTED,OPEN,,,"PRELIMINARY - NOT APPROVED FOR PROCUREMENT, FABRICATION, ASSEMBLY, CONNECTION, POWERED TESTING, MOTION, OR ENERGIZATION"
ACC-58,R247 successor drawing/admin parity reproduced,NOT EXECUTED,OPEN,,,"PRELIMINARY - NOT APPROVED FOR PROCUREMENT, FABRICATION, ASSEMBLY, CONNECTION, POWERED TESTING, MOTION, OR ENERGIZATION"
ACC-59,R247 formal datum/GD&T accepted,NOT EXECUTED,OPEN,,,"PRELIMINARY - NOT APPROVED FOR PROCUREMENT, FABRICATION, ASSEMBLY, CONNECTION, POWERED TESTING, MOTION, OR ENERGIZATION"
ACC-60,R247 RFQ payload independently hash-verified,NOT EXECUTED,OPEN,,,"PRELIMINARY - NOT APPROVED FOR PROCUREMENT, FABRICATION, ASSEMBLY, CONNECTION, POWERED TESTING, MOTION, OR ENERGIZATION"
ACC-61,R247 provider DFM response accepted,NOT EXECUTED,OPEN,,,"PRELIMINARY - NOT APPROVED FOR PROCUREMENT, FABRICATION, ASSEMBLY, CONNECTION, POWERED TESTING, MOTION, OR ENERGIZATION"
ACC-62,R247 five-part FAI passed,NOT EXECUTED,OPEN,,,"PRELIMINARY - NOT APPROVED FOR PROCUREMENT, FABRICATION, ASSEMBLY, CONNECTION, POWERED TESTING, MOTION, OR ENERGIZATION"
ACC-63,R247 fastener/joint controls accepted,NOT EXECUTED,OPEN,,,"PRELIMINARY - NOT APPROVED FOR PROCUREMENT, FABRICATION, ASSEMBLY, CONNECTION, POWERED TESTING, MOTION, OR ENERGIZATION"
ACC-64,R247 unpowered assembly traveler passed,NOT EXECUTED,OPEN,,,"PRELIMINARY - NOT APPROVED FOR PROCUREMENT, FABRICATION, ASSEMBLY, CONNECTION, POWERED TESTING, MOTION, OR ENERGIZATION"
ACC-65,R247 qualified configuration release signed,NOT EXECUTED,OPEN,,,"PRELIMINARY - NOT APPROVED FOR PROCUREMENT, FABRICATION, ASSEMBLY, CONNECTION, POWERED TESTING, MOTION, OR ENERGIZATION"
ACC-66,R248 17-row coverage and itemization accepted,NOT EXECUTED,OPEN,,,"PRELIMINARY - NOT APPROVED FOR PROCUREMENT, FABRICATION, ASSEMBLY, CONNECTION, POWERED TESTING, MOTION, OR ENERGIZATION"
ACC-67,R248 received-mass evidence accepted,NOT EXECUTED,OPEN,,,"PRELIMINARY - NOT APPROVED FOR PROCUREMENT, FABRICATION, ASSEMBLY, CONNECTION, POWERED TESTING, MOTION, OR ENERGIZATION"
ACC-68,R248 assembly mass closure accepted,NOT EXECUTED,OPEN,,,"PRELIMINARY - NOT APPROVED FOR PROCUREMENT, FABRICATION, ASSEMBLY, CONNECTION, POWERED TESTING, MOTION, OR ENERGIZATION"
ACC-69,R248 two-axis COM evidence accepted,NOT EXECUTED,OPEN,,,"PRELIMINARY - NOT APPROVED FOR PROCUREMENT, FABRICATION, ASSEMBLY, CONNECTION, POWERED TESTING, MOTION, OR ENERGIZATION"
ACC-70,R248 bifilar calibration accepted,NOT EXECUTED,OPEN,,,"PRELIMINARY - NOT APPROVED FOR PROCUREMENT, FABRICATION, ASSEMBLY, CONNECTION, POWERED TESTING, MOTION, OR ENERGIZATION"
ACC-71,R248 J1/J2 inertia evidence accepted,NOT EXECUTED,OPEN,,,"PRELIMINARY - NOT APPROVED FOR PROCUREMENT, FABRICATION, ASSEMBLY, CONNECTION, POWERED TESTING, MOTION, OR ENERGIZATION"
ACC-72,R248 uncertainty budgets accepted,NOT EXECUTED,OPEN,,,"PRELIMINARY - NOT APPROVED FOR PROCUREMENT, FABRICATION, ASSEMBLY, CONNECTION, POWERED TESTING, MOTION, OR ENERGIZATION"
ACC-73,R248 downstream analyses reconciled,NOT EXECUTED,OPEN,,,"PRELIMINARY - NOT APPROVED FOR PROCUREMENT, FABRICATION, ASSEMBLY, CONNECTION, POWERED TESTING, MOTION, OR ENERGIZATION"
ACC-74,R249 accepted-property compiler input accepted,NOT EXECUTED,OPEN,,,"PRELIMINARY - NOT APPROVED FOR PROCUREMENT, FABRICATION, ASSEMBLY, CONNECTION, POWERED TESTING, MOTION, OR ENERGIZATION"
ACC-75,R249 coordinate-frame handoff accepted,NOT EXECUTED,OPEN,,,"PRELIMINARY - NOT APPROVED FOR PROCUREMENT, FABRICATION, ASSEMBLY, CONNECTION, POWERED TESTING, MOTION, OR ENERGIZATION"
ACC-76,R249 gravity/dynamic torque rebuild accepted,NOT EXECUTED,OPEN,,,"PRELIMINARY - NOT APPROVED FOR PROCUREMENT, FABRICATION, ASSEMBLY, CONNECTION, POWERED TESTING, MOTION, OR ENERGIZATION"
ACC-77,R249 stopping/impact rebuild accepted,NOT EXECUTED,OPEN,,,"PRELIMINARY - NOT APPROVED FOR PROCUREMENT, FABRICATION, ASSEMBLY, CONNECTION, POWERED TESTING, MOTION, OR ENERGIZATION"
ACC-78,R249 structure/containment rebuild accepted,NOT EXECUTED,OPEN,,,"PRELIMINARY - NOT APPROVED FOR PROCUREMENT, FABRICATION, ASSEMBLY, CONNECTION, POWERED TESTING, MOTION, OR ENERGIZATION"
ACC-79,R249 firmware limit/HIL rebuild accepted,NOT EXECUTED,OPEN,,,"PRELIMINARY - NOT APPROVED FOR PROCUREMENT, FABRICATION, ASSEMBLY, CONNECTION, POWERED TESTING, MOTION, OR ENERGIZATION"
ACC-80,R249 hash-bound downstream records accepted,NOT EXECUTED,OPEN,,,"PRELIMINARY - NOT APPROVED FOR PROCUREMENT, FABRICATION, ASSEMBLY, CONNECTION, POWERED TESTING, MOTION, OR ENERGIZATION"
ACC-81,R249 qualified integrated release signed,NOT EXECUTED,OPEN,,,"PRELIMINARY - NOT APPROVED FOR PROCUREMENT, FABRICATION, ASSEMBLY, CONNECTION, POWERED TESTING, MOTION, OR ENERGIZATION"
ACC-82,R250 datum schemes accepted,NOT EXECUTED,OPEN,,,"PRELIMINARY - NOT APPROVED FOR PROCUREMENT, FABRICATION, ASSEMBLY, CONNECTION, POWERED TESTING, MOTION, OR ENERGIZATION"
ACC-83,R250 FCFs/modifiers accepted,NOT EXECUTED,OPEN,,,"PRELIMINARY - NOT APPROVED FOR PROCUREMENT, FABRICATION, ASSEMBLY, CONNECTION, POWERED TESTING, MOTION, OR ENERGIZATION"
ACC-84,R250 contact/countersink controls accepted,NOT EXECUTED,OPEN,,,"PRELIMINARY - NOT APPROVED FOR PROCUREMENT, FABRICATION, ASSEMBLY, CONNECTION, POWERED TESTING, MOTION, OR ENERGIZATION"
ACC-85,R250 inspection method accepted,NOT EXECUTED,OPEN,,,"PRELIMINARY - NOT APPROVED FOR PROCUREMENT, FABRICATION, ASSEMBLY, CONNECTION, POWERED TESTING, MOTION, OR ENERGIZATION"
ACC-86,R250 uncertainty/decision rules accepted,NOT EXECUTED,OPEN,,,"PRELIMINARY - NOT APPROVED FOR PROCUREMENT, FABRICATION, ASSEMBLY, CONNECTION, POWERED TESTING, MOTION, OR ENERGIZATION"
ACC-87,R250 successor drawings accepted,NOT EXECUTED,OPEN,,,"PRELIMINARY - NOT APPROVED FOR PROCUREMENT, FABRICATION, ASSEMBLY, CONNECTION, POWERED TESTING, MOTION, OR ENERGIZATION"
ACC-88,R250 DFM/FAI/fit accepted,NOT EXECUTED,OPEN,,,"PRELIMINARY - NOT APPROVED FOR PROCUREMENT, FABRICATION, ASSEMBLY, CONNECTION, POWERED TESTING, MOTION, OR ENERGIZATION"
ACC-89,R250 qualified release signed,NOT EXECUTED,OPEN,,,"PRELIMINARY - NOT APPROVED FOR PROCUREMENT, FABRICATION, ASSEMBLY, CONNECTION, POWERED TESTING, MOTION, OR ENERGIZATION"
ACC-90,R251 purchase gates accepted,NOT EXECUTED,OPEN,,,"PRELIMINARY - NOT APPROVED FOR PROCUREMENT, FABRICATION, ASSEMBLY, CONNECTION, POWERED TESTING, MOTION, OR ENERGIZATION"
ACC-91,R251 supplier responses accepted,NOT EXECUTED,OPEN,,,"PRELIMINARY - NOT APPROVED FOR PROCUREMENT, FABRICATION, ASSEMBLY, CONNECTION, POWERED TESTING, MOTION, OR ENERGIZATION"
ACC-92,R251 articles received/quarantined,NOT EXECUTED,OPEN,,,"PRELIMINARY - NOT APPROVED FOR PROCUREMENT, FABRICATION, ASSEMBLY, CONNECTION, POWERED TESTING, MOTION, OR ENERGIZATION"
ACC-93,R251 roles/instruments accepted,NOT EXECUTED,OPEN,,,"PRELIMINARY - NOT APPROVED FOR PROCUREMENT, FABRICATION, ASSEMBLY, CONNECTION, POWERED TESTING, MOTION, OR ENERGIZATION"
ACC-94,R251 hold points signed,NOT EXECUTED,OPEN,,,"PRELIMINARY - NOT APPROVED FOR PROCUREMENT, FABRICATION, ASSEMBLY, CONNECTION, POWERED TESTING, MOTION, OR ENERGIZATION"
ACC-95,R251 operations completed,NOT EXECUTED,OPEN,,,"PRELIMINARY - NOT APPROVED FOR PROCUREMENT, FABRICATION, ASSEMBLY, CONNECTION, POWERED TESTING, MOTION, OR ENERGIZATION"
ACC-96,R251 HSI evidence accepted,NOT EXECUTED,OPEN,,,"PRELIMINARY - NOT APPROVED FOR PROCUREMENT, FABRICATION, ASSEMBLY, CONNECTION, POWERED TESTING, MOTION, OR ENERGIZATION"
ACC-97,R251 teardown/disposition accepted,NOT EXECUTED,OPEN,,,"PRELIMINARY - NOT APPROVED FOR PROCUREMENT, FABRICATION, ASSEMBLY, CONNECTION, POWERED TESTING, MOTION, OR ENERGIZATION"
ACC-98,"R253 source geometry, supersession and rank-6 contact screen accepted",NOT EXECUTED,OPEN,,,"PRELIMINARY - NOT APPROVED FOR PROCUREMENT, FABRICATION, ASSEMBLY, CONNECTION, POWERED TESTING, MOTION, OR ENERGIZATION"
ACC-99,R253 manufacturer contradiction and supplier confirmation disposition accepted,NOT EXECUTED,OPEN,,,"PRELIMINARY - NOT APPROVED FOR PROCUREMENT, FABRICATION, ASSEMBLY, CONNECTION, POWERED TESTING, MOTION, OR ENERGIZATION"
ACC-100,R253 fixture selections/constraint/load/stability review accepted,NOT EXECUTED,OPEN,,,"PRELIMINARY - NOT APPROVED FOR PROCUREMENT, FABRICATION, ASSEMBLY, CONNECTION, POWERED TESTING, MOTION, OR ENERGIZATION"
ACC-101,R253 fixture FAI and received A/B/C fit accepted,NOT EXECUTED,OPEN,,,"PRELIMINARY - NOT APPROVED FOR PROCUREMENT, FABRICATION, ASSEMBLY, CONNECTION, POWERED TESTING, MOTION, OR ENERGIZATION"
ACC-102,"R253 temporary instruction, measurement system and unpowered authorization accepted",NOT EXECUTED,OPEN,,,"PRELIMINARY - NOT APPROVED FOR PROCUREMENT, FABRICATION, ASSEMBLY, CONNECTION, POWERED TESTING, MOTION, OR ENERGIZATION"
ACC-103,"R253 execution, teardown and qualified disposition completed",NOT EXECUTED,OPEN,,,"PRELIMINARY - NOT APPROVED FOR PROCUREMENT, FABRICATION, ASSEMBLY, CONNECTION, POWERED TESTING, MOTION, OR ENERGIZATION"
ACC-104,HR-V0-JOINT-MET-P0.2: Written campaign and purchase authorization,NOT EXECUTED,OPEN,,,"PRELIMINARY - NOT APPROVED FOR PROCUREMENT, FABRICATION, ASSEMBLY, CONNECTION, POWERED TESTING, MOTION, OR ENERGIZATION"
ACC-105,"HR-V0-JOINT-MET-P0.2: Received identities, quarantine and source reconciliation",NOT EXECUTED,OPEN,,,"PRELIMINARY - NOT APPROVED FOR PROCUREMENT, FABRICATION, ASSEMBLY, CONNECTION, POWERED TESTING, MOTION, OR ENERGIZATION"
ACC-106,"HR-V0-JOINT-MET-P0.2: Instrument calibration, capability and uncertainty method accepted",NOT EXECUTED,OPEN,,,"PRELIMINARY - NOT APPROVED FOR PROCUREMENT, FABRICATION, ASSEMBLY, CONNECTION, POWERED TESTING, MOTION, OR ENERGIZATION"
ACC-107,"HR-V0-JOINT-MET-P0.2: Loose-part support, datum and no-damage method accepted",NOT EXECUTED,OPEN,,,"PRELIMINARY - NOT APPROVED FOR PROCUREMENT, FABRICATION, ASSEMBLY, CONNECTION, POWERED TESTING, MOTION, OR ENERGIZATION"
ACC-108,"HR-V0-JOINT-MET-P0.2: Balance, tare, stability and article-identity method accepted",NOT EXECUTED,OPEN,,,"PRELIMINARY - NOT APPROVED FOR PROCUREMENT, FABRICATION, ASSEMBLY, CONNECTION, POWERED TESTING, MOTION, OR ENERGIZATION"
ACC-109,"HR-V0-JOINT-MET-P0.2: Exact temporary-assembly hardware, torque, reuse, locking and stop-work instruction signed",NOT EXECUTED,OPEN,,,"PRELIMINARY - NOT APPROVED FOR PROCUREMENT, FABRICATION, ASSEMBLY, CONNECTION, POWERED TESTING, MOTION, OR ENERGIZATION"
ACC-110,HR-V0-JOINT-MET-P0.2: Axial support/access and external axis-realization method accepted,NOT EXECUTED,OPEN,,,"PRELIMINARY - NOT APPROVED FOR PROCUREMENT, FABRICATION, ASSEMBLY, CONNECTION, POWERED TESTING, MOTION, OR ENERGIZATION"
ACC-111,"HR-V0-JOINT-MET-P0.2: Angle reference, restraint/counterbalance and contact-load method accepted",NOT EXECUTED,OPEN,,,"PRELIMINARY - NOT APPROVED FOR PROCUREMENT, FABRICATION, ASSEMBLY, CONNECTION, POWERED TESTING, MOTION, OR ENERGIZATION"
ACC-112,"HR-V0-JOINT-MET-P0.2: Low-occlusion supports, pose set, fiducials and registration validation accepted",NOT EXECUTED,OPEN,,,"PRELIMINARY - NOT APPROVED FOR PROCUREMENT, FABRICATION, ASSEMBLY, CONNECTION, POWERED TESTING, MOTION, OR ENERGIZATION"
ACC-113,"HR-V0-JOINT-MET-P0.2: Zero electrical source, actuator connection and power equipment verified",NOT EXECUTED,OPEN,,,"PRELIMINARY - NOT APPROVED FOR PROCUREMENT, FABRICATION, ASSEMBLY, CONNECTION, POWERED TESTING, MOTION, OR ENERGIZATION"
ACC-114,HR-V0-JOINT-MET-P0.2: Frozen article/configuration/fixture/transform manifest,NOT EXECUTED,OPEN,,,"PRELIMINARY - NOT APPROVED FOR PROCUREMENT, FABRICATION, ASSEMBLY, CONNECTION, POWERED TESTING, MOTION, OR ENERGIZATION"
ACC-115,HR-V0-JOINT-MET-P0.2: Raw evidence complete; teardown and qualified disposition accepted,NOT EXECUTED,OPEN,,,"PRELIMINARY - NOT APPROVED FOR PROCUREMENT, FABRICATION, ASSEMBLY, CONNECTION, POWERED TESTING, MOTION, OR ENERGIZATION"
ACC-116,HR-V0-LOT-A-INQUIRY-P0.2: Authorize each external inquiry transmission,NOT EXECUTED,OPEN,,,"PRELIMINARY - NOT APPROVED FOR PROCUREMENT, FABRICATION, ASSEMBLY, CONNECTION, POWERED TESTING, MOTION, OR ENERGIZATION"
ACC-117,HR-V0-LOT-A-INQUIRY-P0.2: Resolve XM540 -T/-R identity,NOT EXECUTED,OPEN,,,"PRELIMINARY - NOT APPROVED FOR PROCUREMENT, FABRICATION, ASSEMBLY, CONNECTION, POWERED TESTING, MOTION, OR ENERGIZATION"
ACC-118,HR-V0-LOT-A-INQUIRY-P0.2: Accept no-substitution and contents,NOT EXECUTED,OPEN,,,"PRELIMINARY - NOT APPROVED FOR PROCUREMENT, FABRICATION, ASSEMBLY, CONNECTION, POWERED TESTING, MOTION, OR ENERGIZATION"
ACC-119,HR-V0-LOT-A-INQUIRY-P0.2: Accept current allocation and quote,NOT EXECUTED,OPEN,,,"PRELIMINARY - NOT APPROVED FOR PROCUREMENT, FABRICATION, ASSEMBLY, CONNECTION, POWERED TESTING, MOTION, OR ENERGIZATION"
ACC-120,HR-V0-LOT-A-INQUIRY-P0.2: Set maximum purchase spend,NOT EXECUTED,OPEN,,,"PRELIMINARY - NOT APPROVED FOR PROCUREMENT, FABRICATION, ASSEMBLY, CONNECTION, POWERED TESTING, MOTION, OR ENERGIZATION"
ACC-121,HR-V0-LOT-A-INQUIRY-P0.2: Freeze ship-to/receiver/quarantine,NOT EXECUTED,OPEN,,,"PRELIMINARY - NOT APPROVED FOR PROCUREMENT, FABRICATION, ASSEMBLY, CONNECTION, POWERED TESTING, MOTION, OR ENERGIZATION"
ACC-122,HR-V0-LOT-A-INQUIRY-P0.2: Authorize receipt-only purchase,NOT EXECUTED,OPEN,,,"PRELIMINARY - NOT APPROVED FOR PROCUREMENT, FABRICATION, ASSEMBLY, CONNECTION, POWERED TESTING, MOTION, OR ENERGIZATION"
ACC-123,HR-V0-LOT-A-INQUIRY-P0.2: Receive and reconcile six articles,NOT EXECUTED,OPEN,,,"PRELIMINARY - NOT APPROVED FOR PROCUREMENT, FABRICATION, ASSEMBLY, CONNECTION, POWERED TESTING, MOTION, OR ENERGIZATION"
ACC-124,HR-V0-LOT-A-INQUIRY-P0.2: Accept provider identity/scope,NOT EXECUTED,OPEN,,,"PRELIMINARY - NOT APPROVED FOR PROCUREMENT, FABRICATION, ASSEMBLY, CONNECTION, POWERED TESTING, MOTION, OR ENERGIZATION"
ACC-125,HR-V0-LOT-A-INQUIRY-P0.2: Accept equipment/calibration/accreditation,NOT EXECUTED,OPEN,,,"PRELIMINARY - NOT APPROVED FOR PROCUREMENT, FABRICATION, ASSEMBLY, CONNECTION, POWERED TESTING, MOTION, OR ENERGIZATION"
ACC-126,HR-V0-LOT-A-INQUIRY-P0.2: Accept method-specific supports/datums,NOT EXECUTED,OPEN,,,"PRELIMINARY - NOT APPROVED FOR PROCUREMENT, FABRICATION, ASSEMBLY, CONNECTION, POWERED TESTING, MOTION, OR ENERGIZATION"
ACC-127,HR-V0-LOT-A-INQUIRY-P0.2: Accept method-specific uncertainty budgets,NOT EXECUTED,OPEN,,,"PRELIMINARY - NOT APPROVED FOR PROCUREMENT, FABRICATION, ASSEMBLY, CONNECTION, POWERED TESTING, MOTION, OR ENERGIZATION"
ACC-128,HR-V0-LOT-A-INQUIRY-P0.2: Select provider and commercial scope,NOT EXECUTED,OPEN,,,"PRELIMINARY - NOT APPROVED FOR PROCUREMENT, FABRICATION, ASSEMBLY, CONNECTION, POWERED TESTING, MOTION, OR ENERGIZATION"
ACC-129,HR-V0-LOT-A-INQUIRY-P0.2: Authorize shipment/work,NOT EXECUTED,OPEN,,,"PRELIMINARY - NOT APPROVED FOR PROCUREMENT, FABRICATION, ASSEMBLY, CONNECTION, POWERED TESTING, MOTION, OR ENERGIZATION"
ACC-130,HR-V0-LOT-A-INQUIRY-P0.2: Authorize temporary threaded assembly,NOT EXECUTED,OPEN,,,"PRELIMINARY - NOT APPROVED FOR PROCUREMENT, FABRICATION, ASSEMBLY, CONNECTION, POWERED TESTING, MOTION, OR ENERGIZATION"
ACC-131,HR-V0-JOINT-MEAS-DEF-P0.1: received-to-source feature-match rule,NOT EXECUTED,OPEN,,,"PRELIMINARY - NOT APPROVED FOR PROCUREMENT, FABRICATION, ASSEMBLY, CONNECTION, POWERED TESTING, MOTION, OR ENERGIZATION"
ACC-132,HR-V0-JOINT-MEAS-DEF-P0.1: accepted joint-axis construction,NOT EXECUTED,OPEN,,,"PRELIMINARY - NOT APPROVED FOR PROCUREMENT, FABRICATION, ASSEMBLY, CONNECTION, POWERED TESTING, MOTION, OR ENERGIZATION"
ACC-133,HR-V0-JOINT-MEAS-DEF-P0.1: accepted plane-fit and outlier rule,NOT EXECUTED,OPEN,,,"PRELIMINARY - NOT APPROVED FOR PROCUREMENT, FABRICATION, ASSEMBLY, CONNECTION, POWERED TESTING, MOTION, OR ENERGIZATION"
ACC-134,HR-V0-JOINT-MEAS-DEF-P0.1: manufacturer function allocation for cylindrical patterns,NOT EXECUTED,OPEN,,,"PRELIMINARY - NOT APPROVED FOR PROCUREMENT, FABRICATION, ASSEMBLY, CONNECTION, POWERED TESTING, MOTION, OR ENERGIZATION"
ACC-135,HR-V0-JOINT-MEAS-DEF-P0.1: received article instance allocation to J1 and J2,NOT EXECUTED,OPEN,,,"PRELIMINARY - NOT APPROVED FOR PROCUREMENT, FABRICATION, ASSEMBLY, CONNECTION, POWERED TESTING, MOTION, OR ENERGIZATION"
ACC-136,HR-V0-JOINT-MEAS-DEF-P0.1: measurement support and probe/scan accessibility,NOT EXECUTED,OPEN,,,"PRELIMINARY - NOT APPROVED FOR PROCUREMENT, FABRICATION, ASSEMBLY, CONNECTION, POWERED TESTING, MOTION, OR ENERGIZATION"
ACC-137,HR-V0-JOINT-MEAS-DEF-P0.1: M01/M02/M03/M04/M05 uncertainty budgets,NOT EXECUTED,OPEN,,,"PRELIMINARY - NOT APPROVED FOR PROCUREMENT, FABRICATION, ASSEMBLY, CONNECTION, POWERED TESTING, MOTION, OR ENERGIZATION"
ACC-138,HR-V0-JOINT-MEAS-DEF-P0.1: acceptance limits for every characteristic,NOT EXECUTED,OPEN,,,"PRELIMINARY - NOT APPROVED FOR PROCUREMENT, FABRICATION, ASSEMBLY, CONNECTION, POWERED TESTING, MOTION, OR ENERGIZATION"
ACC-139,HR-V0-JOINT-MEAS-DEF-P0.1: external zero-angle convention,NOT EXECUTED,OPEN,,,"PRELIMINARY - NOT APPROVED FOR PROCUREMENT, FABRICATION, ASSEMBLY, CONNECTION, POWERED TESTING, MOTION, OR ENERGIZATION"
ACC-140,HR-V0-JOINT-MEAS-DEF-P0.1: temporary assembly hardware/torque/reuse,NOT EXECUTED,OPEN,,,"PRELIMINARY - NOT APPROVED FOR PROCUREMENT, FABRICATION, ASSEMBLY, CONNECTION, POWERED TESTING, MOTION, OR ENERGIZATION"
ACC-141,HR-V0-JOINT-MEAS-DEF-P0.1: provider and performing facility,NOT EXECUTED,OPEN,,,"PRELIMINARY - NOT APPROVED FOR PROCUREMENT, FABRICATION, ASSEMBLY, CONNECTION, POWERED TESTING, MOTION, OR ENERGIZATION"
ACC-142,HR-V0-JOINT-MEAS-DEF-P0.1: physical work authorization,NOT EXECUTED,OPEN,,,"PRELIMINARY - NOT APPROVED FOR PROCUREMENT, FABRICATION, ASSEMBLY, CONNECTION, POWERED TESTING, MOTION, OR ENERGIZATION"
ACC-143,HR-V0-LOT-A-INQUIRY-P0.3: Authorize each external inquiry transmission,NOT EXECUTED,OPEN,,,"PRELIMINARY - NOT APPROVED FOR PROCUREMENT, FABRICATION, ASSEMBLY, CONNECTION, POWERED TESTING, MOTION, OR ENERGIZATION"
ACC-144,HR-V0-LOT-A-INQUIRY-P0.3: Resolve XM540 -T/-R identity,NOT EXECUTED,OPEN,,,"PRELIMINARY - NOT APPROVED FOR PROCUREMENT, FABRICATION, ASSEMBLY, CONNECTION, POWERED TESTING, MOTION, OR ENERGIZATION"
ACC-145,HR-V0-LOT-A-INQUIRY-P0.3: Accept no-substitution and contents,NOT EXECUTED,OPEN,,,"PRELIMINARY - NOT APPROVED FOR PROCUREMENT, FABRICATION, ASSEMBLY, CONNECTION, POWERED TESTING, MOTION, OR ENERGIZATION"
ACC-146,HR-V0-LOT-A-INQUIRY-P0.3: Accept current allocation and quote,NOT EXECUTED,OPEN,,,"PRELIMINARY - NOT APPROVED FOR PROCUREMENT, FABRICATION, ASSEMBLY, CONNECTION, POWERED TESTING, MOTION, OR ENERGIZATION"
ACC-147,HR-V0-LOT-A-INQUIRY-P0.3: Set maximum purchase spend,NOT EXECUTED,OPEN,,,"PRELIMINARY - NOT APPROVED FOR PROCUREMENT, FABRICATION, ASSEMBLY, CONNECTION, POWERED TESTING, MOTION, OR ENERGIZATION"
ACC-148,HR-V0-LOT-A-INQUIRY-P0.3: Freeze ship-to/receiver/quarantine,NOT EXECUTED,OPEN,,,"PRELIMINARY - NOT APPROVED FOR PROCUREMENT, FABRICATION, ASSEMBLY, CONNECTION, POWERED TESTING, MOTION, OR ENERGIZATION"
ACC-149,HR-V0-LOT-A-INQUIRY-P0.3: Authorize receipt-only purchase,NOT EXECUTED,OPEN,,,"PRELIMINARY - NOT APPROVED FOR PROCUREMENT, FABRICATION, ASSEMBLY, CONNECTION, POWERED TESTING, MOTION, OR ENERGIZATION"
ACC-150,HR-V0-LOT-A-INQUIRY-P0.3: Receive and reconcile six articles,NOT EXECUTED,OPEN,,,"PRELIMINARY - NOT APPROVED FOR PROCUREMENT, FABRICATION, ASSEMBLY, CONNECTION, POWERED TESTING, MOTION, OR ENERGIZATION"
ACC-151,HR-V0-LOT-A-INQUIRY-P0.3: Accept provider identity/scope,NOT EXECUTED,OPEN,,,"PRELIMINARY - NOT APPROVED FOR PROCUREMENT, FABRICATION, ASSEMBLY, CONNECTION, POWERED TESTING, MOTION, OR ENERGIZATION"
ACC-152,HR-V0-LOT-A-INQUIRY-P0.3: Accept equipment/calibration/accreditation,NOT EXECUTED,OPEN,,,"PRELIMINARY - NOT APPROVED FOR PROCUREMENT, FABRICATION, ASSEMBLY, CONNECTION, POWERED TESTING, MOTION, OR ENERGIZATION"
ACC-153,HR-V0-LOT-A-INQUIRY-P0.3: Accept method-specific supports/datums,NOT EXECUTED,OPEN,,,"PRELIMINARY - NOT APPROVED FOR PROCUREMENT, FABRICATION, ASSEMBLY, CONNECTION, POWERED TESTING, MOTION, OR ENERGIZATION"
ACC-154,HR-V0-LOT-A-INQUIRY-P0.3: Accept method-specific uncertainty budgets,NOT EXECUTED,OPEN,,,"PRELIMINARY - NOT APPROVED FOR PROCUREMENT, FABRICATION, ASSEMBLY, CONNECTION, POWERED TESTING, MOTION, OR ENERGIZATION"
ACC-155,HR-V0-LOT-A-INQUIRY-P0.3: Select provider and commercial scope,NOT EXECUTED,OPEN,,,"PRELIMINARY - NOT APPROVED FOR PROCUREMENT, FABRICATION, ASSEMBLY, CONNECTION, POWERED TESTING, MOTION, OR ENERGIZATION"
ACC-156,HR-V0-LOT-A-INQUIRY-P0.3: Authorize shipment/work,NOT EXECUTED,OPEN,,,"PRELIMINARY - NOT APPROVED FOR PROCUREMENT, FABRICATION, ASSEMBLY, CONNECTION, POWERED TESTING, MOTION, OR ENERGIZATION"
ACC-157,HR-V0-LOT-A-INQUIRY-P0.3: Authorize temporary threaded assembly,NOT EXECUTED,OPEN,,,"PRELIMINARY - NOT APPROVED FOR PROCUREMENT, FABRICATION, ASSEMBLY, CONNECTION, POWERED TESTING, MOTION, OR ENERGIZATION"
ACC-158,HR-V0-LOT-A-INQUIRY-P0.3: Accept exact feature-match and per-characteristic bid,NOT EXECUTED,OPEN,,,"PRELIMINARY - NOT APPROVED FOR PROCUREMENT, FABRICATION, ASSEMBLY, CONNECTION, POWERED TESTING, MOTION, OR ENERGIZATION"
ACC-159,HR-V0-LOT-A-TX-BUNDLE-P0.1: Verify exact archive SHA-256 and deterministic reproduction,NOT EXECUTED,OPEN,,,"PRELIMINARY - NOT APPROVED FOR PROCUREMENT, FABRICATION, ASSEMBLY, CONNECTION, POWERED TESTING, MOTION, OR ENERGIZATION"
ACC-160,HR-V0-LOT-A-TX-BUNDLE-P0.1: Confirm intended organization and current public route,NOT EXECUTED,OPEN,,,"PRELIMINARY - NOT APPROVED FOR PROCUREMENT, FABRICATION, ASSEMBLY, CONNECTION, POWERED TESTING, MOTION, OR ENERGIZATION"
ACC-161,HR-V0-LOT-A-TX-BUNDLE-P0.1: Select sender identity and monitored reply address,NOT EXECUTED,OPEN,,,"PRELIMINARY - NOT APPROVED FOR PROCUREMENT, FABRICATION, ASSEMBLY, CONNECTION, POWERED TESTING, MOTION, OR ENERGIZATION"
ACC-162,HR-V0-LOT-A-TX-BUNDLE-P0.1: Review route-specific message and attachments,NOT EXECUTED,OPEN,,,"PRELIMINARY - NOT APPROVED FOR PROCUREMENT, FABRICATION, ASSEMBLY, CONNECTION, POWERED TESTING, MOTION, OR ENERGIZATION"
ACC-163,HR-V0-LOT-A-TX-BUNDLE-P0.1: Scan exact archive before transmission,NOT EXECUTED,OPEN,,,"PRELIMINARY - NOT APPROVED FOR PROCUREMENT, FABRICATION, ASSEMBLY, CONNECTION, POWERED TESTING, MOTION, OR ENERGIZATION"
ACC-164,HR-V0-LOT-A-TX-BUNDLE-P0.1: Authorize one exact transmission,NOT EXECUTED,OPEN,,,"PRELIMINARY - NOT APPROVED FOR PROCUREMENT, FABRICATION, ASSEMBLY, CONNECTION, POWERED TESTING, MOTION, OR ENERGIZATION"
ACC-165,HR-V0-LOT-A-TX-BUNDLE-P0.1: Record actual transmission event,NOT EXECUTED,OPEN,,,"PRELIMINARY - NOT APPROVED FOR PROCUREMENT, FABRICATION, ASSEMBLY, CONNECTION, POWERED TESTING, MOTION, OR ENERGIZATION"
ACC-166,HR-V0-LOT-A-TX-BUNDLE-P0.1: Verify provider receipt without authorizing work,NOT EXECUTED,OPEN,,,"PRELIMINARY - NOT APPROVED FOR PROCUREMENT, FABRICATION, ASSEMBLY, CONNECTION, POWERED TESTING, MOTION, OR ENERGIZATION"
ACC-167,HR-V0-LOT-A-TX-BUNDLE-P0.1: Ingest and hash returned evidence,NOT EXECUTED,OPEN,,,"PRELIMINARY - NOT APPROVED FOR PROCUREMENT, FABRICATION, ASSEMBLY, CONNECTION, POWERED TESTING, MOTION, OR ENERGIZATION"
ACC-168,HR-V0-LOT-A-TX-BUNDLE-P0.1: Prohibit stale/superseded bundle use,NOT EXECUTED,OPEN,,,"PRELIMINARY - NOT APPROVED FOR PROCUREMENT, FABRICATION, ASSEMBLY, CONNECTION, POWERED TESTING, MOTION, OR ENERGIZATION"
ACC-169,HR-V0-LOT-A-TX-BUNDLE-P0.1: Accept redistribution authority for the three vendor STEP files,NOT EXECUTED,OPEN,,,"PRELIMINARY - NOT APPROVED FOR PROCUREMENT, FABRICATION, ASSEMBLY, CONNECTION, POWERED TESTING, MOTION, OR ENERGIZATION"
ACC-170,HR-V0-OBS-BOM-INTEGRATION-P0.1: BOM-099 through BOM-108 exist exactly once in the hierarchical BOM and closure register,NOT EXECUTED,OPEN,,,"PRELIMINARY - NOT APPROVED FOR PROCUREMENT, FABRICATION, ASSEMBLY, CONNECTION, POWERED TESTING, MOTION, OR ENERGIZATION"
ACC-171,HR-V0-OBS-BOM-INTEGRATION-P0.1: Runtime PCBA quantity and 49-component/four-hole source scope agree,NOT EXECUTED,OPEN,,,"PRELIMINARY - NOT APPROVED FOR PROCUREMENT, FABRICATION, ASSEMBLY, CONNECTION, POWERED TESTING, MOTION, OR ENERGIZATION"
ACC-172,HR-V0-OBS-BOM-INTEGRATION-P0.1: Pi PCBA quantity and two-component/four-hole source scope agree,NOT EXECUTED,OPEN,,,"PRELIMINARY - NOT APPROVED FOR PROCUREMENT, FABRICATION, ASSEMBLY, CONNECTION, POWERED TESTING, MOTION, OR ENERGIZATION"
ACC-173,HR-V0-OBS-BOM-INTEGRATION-P0.1: Runtime and Pi terminal allocations total three item 1751280 candidates without duplication,NOT EXECUTED,OPEN,,,"PRELIMINARY - NOT APPROVED FOR PROCUREMENT, FABRICATION, ASSEMBLY, CONNECTION, POWERED TESTING, MOTION, OR ENERGIZATION"
ACC-174,HR-V0-OBS-BOM-INTEGRATION-P0.1: One Samtec ESQ-120-33-G-D candidate is allocated only to JPI1,NOT EXECUTED,OPEN,,,"PRELIMINARY - NOT APPROVED FOR PROCUREMENT, FABRICATION, ASSEMBLY, CONNECTION, POWERED TESTING, MOTION, OR ENERGIZATION"
ACC-175,HR-V0-OBS-BOM-INTEGRATION-P0.1: Field harness has one assembly and five conductor identities,NOT EXECUTED,OPEN,,,"PRELIMINARY - NOT APPROVED FOR PROCUREMENT, FABRICATION, ASSEMBLY, CONNECTION, POWERED TESTING, MOTION, OR ENERGIZATION"
ACC-176,HR-V0-OBS-BOM-INTEGRATION-P0.1: Compute harness has one assembly and six conductor identities,NOT EXECUTED,OPEN,,,"PRELIMINARY - NOT APPROVED FOR PROCUREMENT, FABRICATION, ASSEMBLY, CONNECTION, POWERED TESTING, MOTION, OR ENERGIZATION"
ACC-177,HR-V0-OBS-BOM-INTEGRATION-P0.1: Eleven distinct Belden color/order-code candidates cover all eleven conductor rows,NOT EXECUTED,OPEN,,,"PRELIMINARY - NOT APPROVED FOR PROCUREMENT, FABRICATION, ASSEMBLY, CONNECTION, POWERED TESTING, MOTION, OR ENERGIZATION"
ACC-178,HR-V0-OBS-BOM-INTEGRATION-P0.1: Both four-site mounting interfaces remain unresolved and unreleased,NOT EXECUTED,OPEN,,,"PRELIMINARY - NOT APPROVED FOR PROCUREMENT, FABRICATION, ASSEMBLY, CONNECTION, POWERED TESTING, MOTION, OR ENERGIZATION"
ACC-179,"HR-V0-OBS-BOM-INTEGRATION-P0.1: No procurement, fabrication, assembly, connection, powered testing, motion, energization or safety credit is authorized",NOT EXECUTED,OPEN,,,"PRELIMINARY - NOT APPROVED FOR PROCUREMENT, FABRICATION, ASSEMBLY, CONNECTION, POWERED TESTING, MOTION, OR ENERGIZATION"
ACC-180,HR-V0-OBS-MOUNT-STACK-P0.1: BOM-107 identifies four TNM3-6.5-10-1 candidates and eight current-equivalent M3 x 6 screw candidates,NOT EXECUTED,OPEN,,,"PRELIMINARY - NOT APPROVED FOR PROCUREMENT, FABRICATION, ASSEMBLY, CONNECTION, POWERED TESTING, MOTION, OR ENERGIZATION"
ACC-181,HR-V0-OBS-MOUNT-STACK-P0.1: BOM-108 identifies four 300251659935 and eight 50M025045P006 candidates,NOT EXECUTED,OPEN,,,"PRELIMINARY - NOT APPROVED FOR PROCUREMENT, FABRICATION, ASSEMBLY, CONNECTION, POWERED TESTING, MOTION, OR ENERGIZATION"
ACC-182,HR-V0-OBS-MOUNT-STACK-P0.1: BOM-104 records the Samtec existing-customer restriction and alternate inquiry requirement,NOT EXECUTED,OPEN,,,"PRELIMINARY - NOT APPROVED FOR PROCUREMENT, FABRICATION, ASSEMBLY, CONNECTION, POWERED TESTING, MOTION, OR ENERGIZATION"
ACC-183,HR-V0-OBS-MOUNT-STACK-P0.1: Runtime board four-hole geometry and candidate panel centers agree with controlled sources,NOT EXECUTED,OPEN,,,"PRELIMINARY - NOT APPROVED FOR PROCUREMENT, FABRICATION, ASSEMBLY, CONNECTION, POWERED TESTING, MOTION, OR ENERGIZATION"
ACC-184,HR-V0-OBS-MOUNT-STACK-P0.1: Pi carrier and Pi reference patterns agree nominally at 58 x 49 mm,NOT EXECUTED,OPEN,,,"PRELIMINARY - NOT APPROVED FOR PROCUREMENT, FABRICATION, ASSEMBLY, CONNECTION, POWERED TESTING, MOTION, OR ENERGIZATION"
ACC-185,HR-V0-OBS-MOUNT-STACK-P0.1: Runtime nominal thread-engagement and edge-margin arithmetic is reproduced,NOT EXECUTED,OPEN,,,"PRELIMINARY - NOT APPROVED FOR PROCUREMENT, FABRICATION, ASSEMBLY, CONNECTION, POWERED TESTING, MOTION, OR ENERGIZATION"
ACC-186,"HR-V0-OBS-MOUNT-STACK-P0.1: Pi nominal thread-engagement, edge-margin and 0.13 mm stack mismatch arithmetic is reproduced",NOT EXECUTED,OPEN,,,"PRELIMINARY - NOT APPROVED FOR PROCUREMENT, FABRICATION, ASSEMBLY, CONNECTION, POWERED TESTING, MOTION, OR ENERGIZATION"
ACC-187,HR-V0-OBS-MOUNT-STACK-P0.1: All panel coordinates remain DO NOT DRILL and all Pi assembly remains unperformed,NOT EXECUTED,OPEN,,,"PRELIMINARY - NOT APPROVED FOR PROCUREMENT, FABRICATION, ASSEMBLY, CONNECTION, POWERED TESTING, MOTION, OR ENERGIZATION"
ACC-188,"HR-V0-OBS-MOUNT-STACK-P0.1: All physical fit, torque, load, thermal, creep, route and cut results remain open",NOT EXECUTED,OPEN,,,"PRELIMINARY - NOT APPROVED FOR PROCUREMENT, FABRICATION, ASSEMBLY, CONNECTION, POWERED TESTING, MOTION, OR ENERGIZATION"
ACC-189,"HR-V0-OBS-MOUNT-STACK-P0.1: No procurement, fabrication, assembly, connection, powered test, motion, energization or safety credit is authorized",NOT EXECUTED,OPEN,,,"PRELIMINARY - NOT APPROVED FOR PROCUREMENT, FABRICATION, ASSEMBLY, CONNECTION, POWERED TESTING, MOTION, OR ENERGIZATION"
ACC-190,HR-V0-OBS-MOUNT-STACK-P0.1: Independent qualified review records dispositions without upgrading unsupported evidence,NOT EXECUTED,OPEN,,,"PRELIMINARY - NOT APPROVED FOR PROCUREMENT, FABRICATION, ASSEMBLY, CONNECTION, POWERED TESTING, MOTION, OR ENERGIZATION"
ACC-191,HR-V0-OBS-MOUNT-STACK-P0.1: A separate signed stage authorization is required after every applicable acceptance closes,NOT EXECUTED,OPEN,,,"PRELIMINARY - NOT APPROVED FOR PROCUREMENT, FABRICATION, ASSEMBLY, CONNECTION, POWERED TESTING, MOTION, OR ENERGIZATION"
ACC-192,"HR-V0-U2D2-JC1-HARNESS-P0.1: U2D2 and JC1 cavity mapping is 1 GND, 2 empty, 3 DATA at both ends",NOT EXECUTED,OPEN,,,"PRELIMINARY - NOT APPROVED FOR PROCUREMENT, FABRICATION, ASSEMBLY, CONNECTION, POWERED TESTING, MOTION, OR ENERGIZATION"
ACC-193,"HR-V0-U2D2-JC1-HARNESS-P0.1: No contact, conductor or electrical path exists at cavity 2",NOT EXECUTED,OPEN,,,"PRELIMINARY - NOT APPROVED FOR PROCUREMENT, FABRICATION, ASSEMBLY, CONNECTION, POWERED TESTING, MOTION, OR ENERGIZATION"
ACC-194,HR-V0-U2D2-JC1-HARNESS-P0.1: Two EHR-3 housings and four SEH-001T-P0.6 contacts match BOM-054/055,NOT EXECUTED,OPEN,,,"PRELIMINARY - NOT APPROVED FOR PROCUREMENT, FABRICATION, ASSEMBLY, CONNECTION, POWERED TESTING, MOTION, OR ENERGIZATION"
ACC-195,HR-V0-U2D2-JC1-HARNESS-P0.1: Black 3051 BK005 GND and white 3051 WH005 DATA fit the published contact AWG/OD range,NOT EXECUTED,OPEN,,,"PRELIMINARY - NOT APPROVED FOR PROCUREMENT, FABRICATION, ASSEMBLY, CONNECTION, POWERED TESTING, MOTION, OR ENERGIZATION"
ACC-196,HR-V0-U2D2-JC1-HARNESS-P0.1: YRS-260 is the exact current candidate for SEH-001T-P0.6 and no loose-form-contact substitution occurred,NOT EXECUTED,OPEN,,,"PRELIMINARY - NOT APPROVED FOR PROCUREMENT, FABRICATION, ASSEMBLY, CONNECTION, POWERED TESTING, MOTION, OR ENERGIZATION"
ACC-197,HR-V0-U2D2-JC1-HARNESS-P0.1: Finished 500 +/- 5 mm candidate passes received route; raw cut remains process-derived,NOT EXECUTED,OPEN,,,"PRELIMINARY - NOT APPROVED FOR PROCUREMENT, FABRICATION, ASSEMBLY, CONNECTION, POWERED TESTING, MOTION, OR ENERGIZATION"
ACC-198,HR-V0-U2D2-JC1-HARNESS-P0.1: The 25 +/- 5 mm pair-lay candidate and 15 mm minimum bend radius are physically verified,NOT EXECUTED,OPEN,,,"PRELIMINARY - NOT APPROVED FOR PROCUREMENT, FABRICATION, ASSEMBLY, CONNECTION, POWERED TESTING, MOTION, OR ENERGIZATION"
ACC-199,"HR-V0-U2D2-JC1-HARNESS-P0.1: Continuity, isolation, contact retention and pin-2 absence pass accepted limits",NOT EXECUTED,OPEN,,,"PRELIMINARY - NOT APPROVED FOR PROCUREMENT, FABRICATION, ASSEMBLY, CONNECTION, POWERED TESTING, MOTION, OR ENERGIZATION"
ACC-200,HR-V0-U2D2-JC1-HARNESS-P0.1: No-backfeed testing covers all accepted source sequencing combinations,NOT EXECUTED,OPEN,,,"PRELIMINARY - NOT APPROVED FOR PROCUREMENT, FABRICATION, ASSEMBLY, CONNECTION, POWERED TESTING, MOTION, OR ENERGIZATION"
ACC-201,HR-V0-U2D2-JC1-HARNESS-P0.1: Waveform/error-rate characterization passes selected rates and worst actuator-current transients,NOT EXECUTED,OPEN,,,"PRELIMINARY - NOT APPROVED FOR PROCUREMENT, FABRICATION, ASSEMBLY, CONNECTION, POWERED TESTING, MOTION, OR ENERGIZATION"
ACC-202,HR-V0-U2D2-JC1-HARNESS-P0.1: As-built routing is supported and segregated from actuator-current conductors,NOT EXECUTED,OPEN,,,"PRELIMINARY - NOT APPROVED FOR PROCUREMENT, FABRICATION, ASSEMBLY, CONNECTION, POWERED TESTING, MOTION, OR ENERGIZATION"
ACC-203,HR-V0-U2D2-JC1-HARNESS-P0.1: BOM-061 is exact_candidate_hold and BOM-107/108 canonical status drift is corrected,NOT EXECUTED,OPEN,,,"PRELIMINARY - NOT APPROVED FOR PROCUREMENT, FABRICATION, ASSEMBLY, CONNECTION, POWERED TESTING, MOTION, OR ENERGIZATION"
ACC-204,"HR-V0-U2D2-JC1-HARNESS-P0.1: No procurement, fabrication, assembly, connection, powered testing, motion, energization or safety credit is authorized",NOT EXECUTED,OPEN,,,"PRELIMINARY - NOT APPROVED FOR PROCUREMENT, FABRICATION, ASSEMBLY, CONNECTION, POWERED TESTING, MOTION, OR ENERGIZATION"
ACC-205,HR-V0-U2D2-JC1-HARNESS-RFQ-P0.1: The controlled RFQ payload exactly matches the R261 cavity map and warning,NOT EXECUTED,OPEN,,,"PRELIMINARY - NOT APPROVED FOR PROCUREMENT, FABRICATION, ASSEMBLY, CONNECTION, POWERED TESTING, MOTION, OR ENERGIZATION"
ACC-206,HR-V0-U2D2-JC1-HARNESS-RFQ-P0.1: The primary route is JST/GAM custom assembly and remains UNSENT,NOT EXECUTED,OPEN,,,"PRELIMINARY - NOT APPROVED FOR PROCUREMENT, FABRICATION, ASSEMBLY, CONNECTION, POWERED TESTING, MOTION, OR ENERGIZATION"
ACC-207,HR-V0-U2D2-JC1-HARNESS-RFQ-P0.1: Catalog 304.8 mm single leads are rejected as the complete 500 mm two-conductor harness,NOT EXECUTED,OPEN,,,"PRELIMINARY - NOT APPROVED FOR PROCUREMENT, FABRICATION, ASSEMBLY, CONNECTION, POWERED TESTING, MOTION, OR ENERGIZATION"
ACC-208,HR-V0-U2D2-JC1-HARNESS-RFQ-P0.1: No splice or cavity-2 contact/conductor is permitted,NOT EXECUTED,OPEN,,,"PRELIMINARY - NOT APPROVED FOR PROCUREMENT, FABRICATION, ASSEMBLY, CONNECTION, POWERED TESTING, MOTION, OR ENERGIZATION"
ACC-209,HR-V0-U2D2-JC1-HARNESS-RFQ-P0.1: Provider drawing reconciles project finished length with provider inside/overall datums,NOT EXECUTED,OPEN,,,"PRELIMINARY - NOT APPROVED FOR PROCUREMENT, FABRICATION, ASSEMBLY, CONNECTION, POWERED TESTING, MOTION, OR ENERGIZATION"
ACC-210,HR-V0-U2D2-JC1-HARNESS-RFQ-P0.1: Exact accepted wire and SEH-001T-P0.6 process compatibility are documented,NOT EXECUTED,OPEN,,,"PRELIMINARY - NOT APPROVED FOR PROCUREMENT, FABRICATION, ASSEMBLY, CONNECTION, POWERED TESTING, MOTION, OR ENERGIZATION"
ACC-211,"HR-V0-U2D2-JC1-HARNESS-RFQ-P0.1: Provider process evidence is attributable, configuration-bound and qualified-reviewed",NOT EXECUTED,OPEN,,,"PRELIMINARY - NOT APPROVED FOR PROCUREMENT, FABRICATION, ASSEMBLY, CONNECTION, POWERED TESTING, MOTION, OR ENERGIZATION"
ACC-212,"HR-V0-U2D2-JC1-HARNESS-RFQ-P0.1: First-article population, length, lay, workmanship, continuity and isolation evidence passes",NOT EXECUTED,OPEN,,,"PRELIMINARY - NOT APPROVED FOR PROCUREMENT, FABRICATION, ASSEMBLY, CONNECTION, POWERED TESTING, MOTION, OR ENERGIZATION"
ACC-213,"HR-V0-U2D2-JC1-HARNESS-RFQ-P0.1: Received system route, no-backfeed and waveform/error-rate evidence passes",NOT EXECUTED,OPEN,,,"PRELIMINARY - NOT APPROVED FOR PROCUREMENT, FABRICATION, ASSEMBLY, CONNECTION, POWERED TESTING, MOTION, OR ENERGIZATION"
ACC-214,HR-V0-U2D2-JC1-HARNESS-RFQ-P0.1: Commercial response is accepted through a separate purchase decision,NOT EXECUTED,OPEN,,,"PRELIMINARY - NOT APPROVED FOR PROCUREMENT, FABRICATION, ASSEMBLY, CONNECTION, POWERED TESTING, MOTION, OR ENERGIZATION"
ACC-215,HR-V0-U2D2-JC1-HARNESS-RFQ-P0.1: No external transmission or purchase has occurred in R262,NOT EXECUTED,OPEN,,,"PRELIMINARY - NOT APPROVED FOR PROCUREMENT, FABRICATION, ASSEMBLY, CONNECTION, POWERED TESTING, MOTION, OR ENERGIZATION"
ACC-216,"HR-V0-U2D2-JC1-HARNESS-RFQ-P0.1: No fabrication, assembly, connection, powered test, motion, energization or safety credit is authorized",NOT EXECUTED,OPEN,,,"PRELIMINARY - NOT APPROVED FOR PROCUREMENT, FABRICATION, ASSEMBLY, CONNECTION, POWERED TESTING, MOTION, OR ENERGIZATION"
ACC-217,HR-V0-DXL-PROT-CARRIER-HARNESS-P0.2: All six harness identities and 24 end/interface rows match current ECAD terminals,NOT EXECUTED,OPEN,,,"PRELIMINARY - NOT APPROVED FOR PROCUREMENT, FABRICATION, ASSEMBLY, CONNECTION, POWERED TESTING, MOTION, OR ENERGIZATION"
ACC-218,HR-V0-DXL-PROT-CARRIER-HARNESS-P0.2: Nine VHR-2N housings and eighteen SVH-21T-P1.1 production contacts are the minimum populated count before process scrap,NOT EXECUTED,OPEN,,,"PRELIMINARY - NOT APPROVED FOR PROCUREMENT, FABRICATION, ASSEMBLY, CONNECTION, POWERED TESTING, MOTION, OR ENERGIZATION"
ACC-219,HR-V0-DXL-PROT-CARRIER-HARNESS-P0.2: Six PN18-8R-E terminals are candidate source-side branch terminations and no main-bus-stud stacking is inferred,NOT EXECUTED,OPEN,,,"PRELIMINARY - NOT APPROVED FOR PROCUREMENT, FABRICATION, ASSEMBLY, CONNECTION, POWERED TESTING, MOTION, OR ENERGIZATION"
ACC-220,HR-V0-DXL-PROT-CARRIER-HARNESS-P0.2: The obsolete R161 lower-zone placements are rejected by all thirteen P0.7 collision rows,NOT EXECUTED,OPEN,,,"PRELIMINARY - NOT APPROVED FOR PROCUREMENT, FABRICATION, ASSEMBLY, CONNECTION, POWERED TESTING, MOTION, OR ENERGIZATION"
ACC-221,HR-V0-DXL-PROT-CARRIER-HARNESS-P0.2: The three rotated right-side planning candidates remain inside the nominal backplate and have zero nominal planar intersections,NOT EXECUTED,OPEN,,,"PRELIMINARY - NOT APPROVED FOR PROCUREMENT, FABRICATION, ASSEMBLY, CONNECTION, POWERED TESTING, MOTION, OR ENERGIZATION"
ACC-222,"HR-V0-DXL-PROT-CARRIER-HARNESS-P0.2: Received depth, connector sweep, bend, service, thermal and enclosure evidence accepts the P0.2 placement",NOT EXECUTED,OPEN,,,"PRELIMINARY - NOT APPROVED FOR PROCUREMENT, FABRICATION, ASSEMBLY, CONNECTION, POWERED TESTING, MOTION, OR ENERGIZATION"
ACC-223,HR-V0-DXL-PROT-CARRIER-HARNESS-P0.2: Physical 5025 circuit and return screw positions are frozen from received orientation evidence,NOT EXECUTED,OPEN,,,"PRELIMINARY - NOT APPROVED FOR PROCUREMENT, FABRICATION, ASSEMBLY, CONNECTION, POWERED TESTING, MOTION, OR ENERGIZATION"
ACC-224,HR-V0-DXL-PROT-CARRIER-HARNESS-P0.2: All twelve conductor cut lengths are measured and accepted from installed routes,NOT EXECUTED,OPEN,,,"PRELIMINARY - NOT APPROVED FOR PROCUREMENT, FABRICATION, ASSEMBLY, CONNECTION, POWERED TESTING, MOTION, OR ENERGIZATION"
ACC-225,HR-V0-DXL-PROT-CARRIER-HARNESS-P0.2: JST and Panduit terminations use accepted controlled processes and process-coupon evidence,NOT EXECUTED,OPEN,,,"PRELIMINARY - NOT APPROVED FOR PROCUREMENT, FABRICATION, ASSEMBLY, CONNECTION, POWERED TESTING, MOTION, OR ENERGIZATION"
ACC-226,"HR-V0-DXL-PROT-CARRIER-HARNESS-P0.2: One hundred percent continuity, polarity and isolation inspection passes before any mating",NOT EXECUTED,OPEN,,,"PRELIMINARY - NOT APPROVED FOR PROCUREMENT, FABRICATION, ASSEMBLY, CONNECTION, POWERED TESTING, MOTION, OR ENERGIZATION"
ACC-227,HR-V0-DXL-PROT-CARRIER-HARNESS-P0.2: Every screw termination has received torque/retention evidence without stacked-ring inference,NOT EXECUTED,OPEN,,,"PRELIMINARY - NOT APPROVED FOR PROCUREMENT, FABRICATION, ASSEMBLY, CONNECTION, POWERED TESTING, MOTION, OR ENERGIZATION"
ACC-228,HR-V0-DXL-PROT-CARRIER-HARNESS-P0.2: Installed voltage drop and temperature rise pass at accepted duty and ambient,NOT EXECUTED,OPEN,,,"PRELIMINARY - NOT APPROVED FOR PROCUREMENT, FABRICATION, ASSEMBLY, CONNECTION, POWERED TESTING, MOTION, OR ENERGIZATION"
ACC-229,HR-V0-DXL-PROT-CARRIER-HARNESS-P0.2: Protection/fault/reverse-energy evidence passes with selected fuses and source behavior,NOT EXECUTED,OPEN,,,"PRELIMINARY - NOT APPROVED FOR PROCUREMENT, FABRICATION, ASSEMBLY, CONNECTION, POWERED TESTING, MOTION, OR ENERGIZATION"
ACC-230,HR-V0-DXL-PROT-CARRIER-HARNESS-P0.2: Cable support and abrasion control prevent connector and terminal mechanical loading,NOT EXECUTED,OPEN,,,"PRELIMINARY - NOT APPROVED FOR PROCUREMENT, FABRICATION, ASSEMBLY, CONNECTION, POWERED TESTING, MOTION, OR ENERGIZATION"
ACC-231,"HR-V0-DXL-PROT-CARRIER-HARNESS-P0.2: Qualified electrical review accepts conductor, terminal, protection and grounding application",NOT EXECUTED,OPEN,,,"PRELIMINARY - NOT APPROVED FOR PROCUREMENT, FABRICATION, ASSEMBLY, CONNECTION, POWERED TESTING, MOTION, OR ENERGIZATION"
ACC-232,"HR-V0-DXL-PROT-CARRIER-HARNESS-P0.2: Qualified mechanical/enclosure review accepts all placement, access, retention and heat evidence",NOT EXECUTED,OPEN,,,"PRELIMINARY - NOT APPROVED FOR PROCUREMENT, FABRICATION, ASSEMBLY, CONNECTION, POWERED TESTING, MOTION, OR ENERGIZATION"
ACC-233,"HR-V0-DXL-PROT-CARRIER-HARNESS-P0.2: No procurement, fabrication, assembly, connection or powered test occurs without separate written authority",NOT EXECUTED,OPEN,,,"PRELIMINARY - NOT APPROVED FOR PROCUREMENT, FABRICATION, ASSEMBLY, CONNECTION, POWERED TESTING, MOTION, OR ENERGIZATION"
ACC-234,HR-V0-DXL-PROT-CARRIER-HARNESS-P0.2: No safety credit or energization authority is inferred from this package,NOT EXECUTED,OPEN,,,"PRELIMINARY - NOT APPROVED FOR PROCUREMENT, FABRICATION, ASSEMBLY, CONNECTION, POWERED TESTING, MOTION, OR ENERGIZATION"
ACC-235,HR-V0-DXL-CARRIER-MOUNT-IF-P0.2: Coordinate transform is independently reproduced from the exact P0.3 PCB and R263 placement sources,NOT EXECUTED,OPEN,,,"PRELIMINARY - NOT APPROVED FOR PROCUREMENT, FABRICATION, DRILLING, ASSEMBLY, CONNECTION, POWERED TESTING, MOTION, OR ENERGIZATION"
ACC-236,HR-V0-DXL-CARRIER-MOUNT-IF-P0.2: All twelve derived panel hole centers match the transformed four-hole PCB pattern,NOT EXECUTED,OPEN,,,"PRELIMINARY - NOT APPROVED FOR PROCUREMENT, FABRICATION, DRILLING, ASSEMBLY, CONNECTION, POWERED TESTING, MOTION, OR ENERGIZATION"
ACC-237,HR-V0-DXL-CARRIER-MOUNT-IF-P0.2: All six connector anchors match transformed JIN1/JOUT1 PCB datums,NOT EXECUTED,OPEN,,,"PRELIMINARY - NOT APPROVED FOR PROCUREMENT, FABRICATION, DRILLING, ASSEMBLY, CONNECTION, POWERED TESTING, MOTION, OR ENERGIZATION"
ACC-238,HR-V0-DXL-CARRIER-MOUNT-IF-P0.2: No coordinate or SVG is used as a drilling template or work instruction,NOT EXECUTED,OPEN,,,"PRELIMINARY - NOT APPROVED FOR PROCUREMENT, FABRICATION, DRILLING, ASSEMBLY, CONNECTION, POWERED TESTING, MOTION, OR ENERGIZATION"
ACC-239,HR-V0-DXL-CARRIER-MOUNT-IF-P0.2: Received panel and all three received boards match controlled identities and dimensions,NOT EXECUTED,OPEN,,,"PRELIMINARY - NOT APPROVED FOR PROCUREMENT, FABRICATION, DRILLING, ASSEMBLY, CONNECTION, POWERED TESTING, MOTION, OR ENERGIZATION"
ACC-240,HR-V0-DXL-CARRIER-MOUNT-IF-P0.2: Received screw identity resolves the manufacturer replacement without assumed equivalence,NOT EXECUTED,OPEN,,,"PRELIMINARY - NOT APPROVED FOR PROCUREMENT, FABRICATION, DRILLING, ASSEMBLY, CONNECTION, POWERED TESTING, MOTION, OR ENERGIZATION"
ACC-241,HR-V0-DXL-CARRIER-MOUNT-IF-P0.2: Every thread has positive engagement and bottom-out reserve under accepted tolerances,NOT EXECUTED,OPEN,,,"PRELIMINARY - NOT APPROVED FOR PROCUREMENT, FABRICATION, DRILLING, ASSEMBLY, CONNECTION, POWERED TESTING, MOTION, OR ENERGIZATION"
ACC-242,"HR-V0-DXL-CARRIER-MOUNT-IF-P0.2: Every hole diameter, position, coating and deburr requirement is qualified before drilling",NOT EXECUTED,OPEN,,,"PRELIMINARY - NOT APPROVED FOR PROCUREMENT, FABRICATION, DRILLING, ASSEMBLY, CONNECTION, POWERED TESTING, MOTION, OR ENERGIZATION"
ACC-243,"HR-V0-DXL-CARRIER-MOUNT-IF-P0.2: All front, rear and closed-cover clearances are measured and positive to accepted limits",NOT EXECUTED,OPEN,,,"PRELIMINARY - NOT APPROVED FOR PROCUREMENT, FABRICATION, DRILLING, ASSEMBLY, CONNECTION, POWERED TESTING, MOTION, OR ENERGIZATION"
ACC-244,"HR-V0-DXL-CARRIER-MOUNT-IF-P0.2: Exact mated JST/contact/wire envelopes clear boards, duct, cover and service tools",NOT EXECUTED,OPEN,,,"PRELIMINARY - NOT APPROVED FOR PROCUREMENT, FABRICATION, DRILLING, ASSEMBLY, CONNECTION, POWERED TESTING, MOTION, OR ENERGIZATION"
ACC-245,HR-V0-DXL-CARRIER-MOUNT-IF-P0.2: All six wire paths preserve the 20 mm minimum bend radius and accepted strain relief,NOT EXECUTED,OPEN,,,"PRELIMINARY - NOT APPROVED FOR PROCUREMENT, FABRICATION, DRILLING, ASSEMBLY, CONNECTION, POWERED TESTING, MOTION, OR ENERGIZATION"
ACC-246,HR-V0-DXL-CARRIER-MOUNT-IF-P0.2: All twelve cut lengths derive from accepted installed paths rather than anchor distances,NOT EXECUTED,OPEN,,,"PRELIMINARY - NOT APPROVED FOR PROCUREMENT, FABRICATION, DRILLING, ASSEMBLY, CONNECTION, POWERED TESTING, MOTION, OR ENERGIZATION"
ACC-247,"HR-V0-DXL-CARRIER-MOUNT-IF-P0.2: Mounting stack passes accepted pull, shear, creep, vibration and transport tests",NOT EXECUTED,OPEN,,,"PRELIMINARY - NOT APPROVED FOR PROCUREMENT, FABRICATION, DRILLING, ASSEMBLY, CONNECTION, POWERED TESTING, MOTION, OR ENERGIZATION"
ACC-248,HR-V0-DXL-CARRIER-MOUNT-IF-P0.2: Populated carriers pass accepted thermal and airflow tests at accepted duty and ambient,NOT EXECUTED,OPEN,,,"PRELIMINARY - NOT APPROVED FOR PROCUREMENT, FABRICATION, DRILLING, ASSEMBLY, CONNECTION, POWERED TESTING, MOTION, OR ENERGIZATION"
ACC-249,"HR-V0-DXL-CARRIER-MOUNT-IF-P0.2: Qualified mechanical review accepts mounting, access, tolerance and load evidence",NOT EXECUTED,OPEN,,,"PRELIMINARY - NOT APPROVED FOR PROCUREMENT, FABRICATION, DRILLING, ASSEMBLY, CONNECTION, POWERED TESTING, MOTION, OR ENERGIZATION"
ACC-250,"HR-V0-DXL-CARRIER-MOUNT-IF-P0.2: Qualified electrical/enclosure review accepts separation, insulation, heat and bonding interfaces",NOT EXECUTED,OPEN,,,"PRELIMINARY - NOT APPROVED FOR PROCUREMENT, FABRICATION, DRILLING, ASSEMBLY, CONNECTION, POWERED TESTING, MOTION, OR ENERGIZATION"
ACC-251,HR-V0-DXL-CARRIER-MOUNT-IF-P0.2: A distinct written authorization releases only the next named physical operation,NOT EXECUTED,OPEN,,,"PRELIMINARY - NOT APPROVED FOR PROCUREMENT, FABRICATION, DRILLING, ASSEMBLY, CONNECTION, POWERED TESTING, MOTION, OR ENERGIZATION"
ACC-252,"HR-V0-DXL-CARRIER-MOUNT-IF-P0.2: No safety credit, powered-test authority or energization authority is inferred",NOT EXECUTED,OPEN,,,"PRELIMINARY - NOT APPROVED FOR PROCUREMENT, FABRICATION, DRILLING, ASSEMBLY, CONNECTION, POWERED TESTING, MOTION, OR ENERGIZATION"
ACC-253,"HR-V0-CARRIER-FIT-EVID-CAP-P0.1: Session authority names exact articles, people, place, date and zero-energy/no-modification scope",NOT EXECUTED,OPEN,,,"PRELIMINARY - NOT APPROVED FOR PROCUREMENT, FABRICATION, MARKING, DRILLING, ASSEMBLY, CONNECTION, POWERED TESTING, MOTION, OR ENERGIZATION"
ACC-254,HR-V0-CARRIER-FIT-EVID-CAP-P0.1: All nine article identities and surrogate limitations are recorded and photographed,NOT EXECUTED,OPEN,,,"PRELIMINARY - NOT APPROVED FOR PROCUREMENT, FABRICATION, MARKING, DRILLING, ASSEMBLY, CONNECTION, POWERED TESTING, MOTION, OR ENERGIZATION"
ACC-255,"HR-V0-CARRIER-FIT-EVID-CAP-P0.1: All used instruments have accepted method, calibration and uncertainty records",NOT EXECUTED,OPEN,,,"PRELIMINARY - NOT APPROVED FOR PROCUREMENT, FABRICATION, MARKING, DRILLING, ASSEMBLY, CONNECTION, POWERED TESTING, MOTION, OR ENERGIZATION"
ACC-256,HR-V0-CARRIER-FIT-EVID-CAP-P0.1: Both 100 mm print scale bars are measured and accepted before mockup use,NOT EXECUTED,OPEN,,,"PRELIMINARY - NOT APPROVED FOR PROCUREMENT, FABRICATION, MARKING, DRILLING, ASSEMBLY, CONNECTION, POWERED TESTING, MOTION, OR ENERGIZATION"
ACC-257,HR-V0-CARRIER-FIT-EVID-CAP-P0.1: All 80 measurement rows retain raw evidence and immutable evidence paths,NOT EXECUTED,OPEN,,,"PRELIMINARY - NOT APPROVED FOR PROCUREMENT, FABRICATION, MARKING, DRILLING, ASSEMBLY, CONNECTION, POWERED TESTING, MOTION, OR ENERGIZATION"
ACC-258,"HR-V0-CARRIER-FIT-EVID-CAP-P0.1: All twelve required photo groups show configuration, scale and orientation",NOT EXECUTED,OPEN,,,"PRELIMINARY - NOT APPROVED FOR PROCUREMENT, FABRICATION, MARKING, DRILLING, ASSEMBLY, CONNECTION, POWERED TESTING, MOTION, OR ENERGIZATION"
ACC-259,"HR-V0-CARRIER-FIT-EVID-CAP-P0.1: No article is forced, loaded, marked, drilled, cut, bonded or permanently installed",NOT EXECUTED,OPEN,,,"PRELIMINARY - NOT APPROVED FOR PROCUREMENT, FABRICATION, MARKING, DRILLING, ASSEMBLY, CONNECTION, POWERED TESTING, MOTION, OR ENERGIZATION"
ACC-260,HR-V0-CARRIER-FIT-EVID-CAP-P0.1: All six connector sweeps preserve accepted clearance and 20 mm minimum bend radius,NOT EXECUTED,OPEN,,,"PRELIMINARY - NOT APPROVED FOR PROCUREMENT, FABRICATION, MARKING, DRILLING, ASSEMBLY, CONNECTION, POWERED TESTING, MOTION, OR ENERGIZATION"
ACC-261,"HR-V0-CARRIER-FIT-EVID-CAP-P0.1: All rear, cover and service clearances are positive to separately approved limits",NOT EXECUTED,OPEN,,,"PRELIMINARY - NOT APPROVED FOR PROCUREMENT, FABRICATION, MARKING, DRILLING, ASSEMBLY, CONNECTION, POWERED TESTING, MOTION, OR ENERGIZATION"
ACC-262,HR-V0-CARRIER-FIT-EVID-CAP-P0.1: Every deviation is contained and receives qualified written disposition,NOT EXECUTED,OPEN,,,"PRELIMINARY - NOT APPROVED FOR PROCUREMENT, FABRICATION, MARKING, DRILLING, ASSEMBLY, CONNECTION, POWERED TESTING, MOTION, OR ENERGIZATION"
ACC-263,HR-V0-CARRIER-FIT-EVID-CAP-P0.1: Qualified reviewers accept only the exact evidence configuration and limitations,NOT EXECUTED,OPEN,,,"PRELIMINARY - NOT APPROVED FOR PROCUREMENT, FABRICATION, MARKING, DRILLING, ASSEMBLY, CONNECTION, POWERED TESTING, MOTION, OR ENERGIZATION"
ACC-264,"HR-V0-CARRIER-FIT-EVID-CAP-P0.1: A separate successor release is required before any marking, drilling, assembly or powered work",NOT EXECUTED,OPEN,,,"PRELIMINARY - NOT APPROVED FOR PROCUREMENT, FABRICATION, MARKING, DRILLING, ASSEMBLY, CONNECTION, POWERED TESTING, MOTION, OR ENERGIZATION"
ACC-265,HR-V0-LOT-A-DECISION-CAP-P0.1: Resolve exact XM540 -T/-R shipment identity,NOT EXECUTED,OPEN,,,"PRELIMINARY - NOT APPROVED FOR PROCUREMENT, FABRICATION, ASSEMBLY, CONNECTION, POWERED TESTING, MOTION, OR ENERGIZATION"
ACC-266,HR-V0-LOT-A-DECISION-CAP-P0.1: Confirm allocation of all six exact articles,NOT EXECUTED,OPEN,,,"PRELIMINARY - NOT APPROVED FOR PROCUREMENT, FABRICATION, ASSEMBLY, CONNECTION, POWERED TESTING, MOTION, OR ENERGIZATION"
ACC-267,HR-V0-LOT-A-DECISION-CAP-P0.1: Freeze seller and cart/quote identity,NOT EXECUTED,OPEN,,,"PRELIMINARY - NOT APPROVED FOR PROCUREMENT, FABRICATION, ASSEMBLY, CONNECTION, POWERED TESTING, MOTION, OR ENERGIZATION"
ACC-268,"HR-V0-LOT-A-DECISION-CAP-P0.1: Close shipping, tax/exemption, fees and expiration",NOT EXECUTED,OPEN,,,"PRELIMINARY - NOT APPROVED FOR PROCUREMENT, FABRICATION, ASSEMBLY, CONNECTION, POWERED TESTING, MOTION, OR ENERGIZATION"
ACC-269,HR-V0-LOT-A-DECISION-CAP-P0.1: Set numerical maximum spend,NOT EXECUTED,OPEN,,,"PRELIMINARY - NOT APPROVED FOR PROCUREMENT, FABRICATION, ASSEMBLY, CONNECTION, POWERED TESTING, MOTION, OR ENERGIZATION"
ACC-270,HR-V0-LOT-A-DECISION-CAP-P0.1: Freeze exact Boston-area ship-to,NOT EXECUTED,OPEN,,,"PRELIMINARY - NOT APPROVED FOR PROCUREMENT, FABRICATION, ASSEMBLY, CONNECTION, POWERED TESTING, MOTION, OR ENERGIZATION"
ACC-271,HR-V0-LOT-A-DECISION-CAP-P0.1: Name adult receiving owner and quarantine location,NOT EXECUTED,OPEN,,,"PRELIMINARY - NOT APPROVED FOR PROCUREMENT, FABRICATION, ASSEMBLY, CONNECTION, POWERED TESTING, MOTION, OR ENERGIZATION"
ACC-272,HR-V0-LOT-A-DECISION-CAP-P0.1: Bind design baseline and exact line identities,NOT EXECUTED,OPEN,,,"PRELIMINARY - NOT APPROVED FOR PROCUREMENT, FABRICATION, ASSEMBLY, CONNECTION, POWERED TESTING, MOTION, OR ENERGIZATION"
ACC-273,HR-V0-LOT-A-DECISION-CAP-P0.1: Accept no-substitution rule,NOT EXECUTED,OPEN,,,"PRELIMINARY - NOT APPROVED FOR PROCUREMENT, FABRICATION, ASSEMBLY, CONNECTION, POWERED TESTING, MOTION, OR ENERGIZATION"
ACC-274,HR-V0-LOT-A-DECISION-CAP-P0.1: Limit scope to receipt and quarantine,NOT EXECUTED,OPEN,,,"PRELIMINARY - NOT APPROVED FOR PROCUREMENT, FABRICATION, ASSEMBLY, CONNECTION, POWERED TESTING, MOTION, OR ENERGIZATION"
ACC-275,HR-V0-LOT-A-DECISION-CAP-P0.1: Prepare serialized evidence storage,NOT EXECUTED,OPEN,,,"PRELIMINARY - NOT APPROVED FOR PROCUREMENT, FABRICATION, ASSEMBLY, CONNECTION, POWERED TESTING, MOTION, OR ENERGIZATION"
ACC-276,HR-V0-LOT-A-DECISION-CAP-P0.1: Name purchaser and payment authority,NOT EXECUTED,OPEN,,,"PRELIMINARY - NOT APPROVED FOR PROCUREMENT, FABRICATION, ASSEMBLY, CONNECTION, POWERED TESTING, MOTION, OR ENERGIZATION"
ACC-277,HR-V0-LOT-A-ALT-ROUTE-P0.1: Accept DigiKey marketplace actuator route,NOT EXECUTED,OPEN,,,"PRELIMINARY - NOT APPROVED FOR PROCUREMENT, FABRICATION, ASSEMBLY, CONNECTION, POWERED TESTING, MOTION, OR ENERGIZATION"
ACC-278,HR-V0-LOT-A-ALT-ROUTE-P0.1: Confirm two exact 902-0137-000 units allocated,NOT EXECUTED,OPEN,,,"PRELIMINARY - NOT APPROVED FOR PROCUREMENT, FABRICATION, ASSEMBLY, CONNECTION, POWERED TESTING, MOTION, OR ENERGIZATION"
ACC-279,HR-V0-LOT-A-ALT-ROUTE-P0.1: Confirm four exact frame-set articles allocated,NOT EXECUTED,OPEN,,,"PRELIMINARY - NOT APPROVED FOR PROCUREMENT, FABRICATION, ASSEMBLY, CONNECTION, POWERED TESTING, MOTION, OR ENERGIZATION"
ACC-280,"HR-V0-LOT-A-ALT-ROUTE-P0.1: Close both sellers, shipping, tax, fees and expiration",NOT EXECUTED,OPEN,,,"PRELIMINARY - NOT APPROVED FOR PROCUREMENT, FABRICATION, ASSEMBLY, CONNECTION, POWERED TESTING, MOTION, OR ENERGIZATION"
ACC-281,HR-V0-LOT-A-ALT-ROUTE-P0.1: Set numerical maximum spend,NOT EXECUTED,OPEN,,,"PRELIMINARY - NOT APPROVED FOR PROCUREMENT, FABRICATION, ASSEMBLY, CONNECTION, POWERED TESTING, MOTION, OR ENERGIZATION"
ACC-282,HR-V0-LOT-A-ALT-ROUTE-P0.1: Freeze exact Boston-area ship-to,NOT EXECUTED,OPEN,,,"PRELIMINARY - NOT APPROVED FOR PROCUREMENT, FABRICATION, ASSEMBLY, CONNECTION, POWERED TESTING, MOTION, OR ENERGIZATION"
ACC-283,"HR-V0-LOT-A-ALT-ROUTE-P0.1: Name adult purchaser, payment authority and receiver",NOT EXECUTED,OPEN,,,"PRELIMINARY - NOT APPROVED FOR PROCUREMENT, FABRICATION, ASSEMBLY, CONNECTION, POWERED TESTING, MOTION, OR ENERGIZATION"
ACC-284,HR-V0-LOT-A-ALT-ROUTE-P0.1: Bind design baseline and exact line identities,NOT EXECUTED,OPEN,,,"PRELIMINARY - NOT APPROVED FOR PROCUREMENT, FABRICATION, ASSEMBLY, CONNECTION, POWERED TESTING, MOTION, OR ENERGIZATION"
ACC-285,HR-V0-LOT-A-ALT-ROUTE-P0.1: Accept no-substitution and no-backorder rules,NOT EXECUTED,OPEN,,,"PRELIMINARY - NOT APPROVED FOR PROCUREMENT, FABRICATION, ASSEMBLY, CONNECTION, POWERED TESTING, MOTION, OR ENERGIZATION"
ACC-286,HR-V0-LOT-A-ALT-ROUTE-P0.1: Limit authority to receipt and quarantine,NOT EXECUTED,OPEN,,,"PRELIMINARY - NOT APPROVED FOR PROCUREMENT, FABRICATION, ASSEMBLY, CONNECTION, POWERED TESTING, MOTION, OR ENERGIZATION"
ACC-287,HR-V0-LOT-A-ALT-ROUTE-P0.1: Prepare serialized receiving evidence,NOT EXECUTED,OPEN,,,"PRELIMINARY - NOT APPROVED FOR PROCUREMENT, FABRICATION, ASSEMBLY, CONNECTION, POWERED TESTING, MOTION, OR ENERGIZATION"
ACC-288,HR-V0-LOT-A-ALT-ROUTE-P0.1: Qualify received actuator identity,NOT EXECUTED,OPEN,,,"PRELIMINARY - NOT APPROVED FOR PROCUREMENT, FABRICATION, ASSEMBLY, CONNECTION, POWERED TESTING, MOTION, OR ENERGIZATION"
ACC-289,HR-V0-GDT-REVIEW-P0.2: Licensed/current ASME Y14.5 access available to the qualified reviewer,NOT EXECUTED,OPEN,,,"PRELIMINARY - NOT APPROVED FOR PROCUREMENT, FABRICATION, ASSEMBLY, CONNECTION, POWERED TESTING, MOTION, OR ENERGIZATION"
ACC-290,HR-V0-GDT-REVIEW-P0.2: Qualified reviewer accepts or revises each A/B scheme and modifier,NOT EXECUTED,OPEN,,,"PRELIMINARY - NOT APPROVED FOR PROCUREMENT, FABRICATION, ASSEMBLY, CONNECTION, POWERED TESTING, MOTION, OR ENERGIZATION"
ACC-291,HR-V0-GDT-REVIEW-P0.2: Functional fit/tolerance stack establishes acceptable zones for every mating pattern,NOT EXECUTED,OPEN,,,"PRELIMINARY - NOT APPROVED FOR PROCUREMENT, FABRICATION, ASSEMBLY, CONNECTION, POWERED TESTING, MOTION, OR ENERGIZATION"
ACC-292,"HR-V0-GDT-REVIEW-P0.2: All exact FCF symbols, datum-feature symbols and basic dimensions are placed on successor drawings",NOT EXECUTED,OPEN,,,"PRELIMINARY - NOT APPROVED FOR PROCUREMENT, FABRICATION, ASSEMBLY, CONNECTION, POWERED TESTING, MOTION, OR ENERGIZATION"
ACC-293,HR-V0-GDT-REVIEW-P0.2: C06/C07 rail surface/contact profile scheme is accepted,NOT EXECUTED,OPEN,,,"PRELIMINARY - NOT APPROVED FOR PROCUREMENT, FABRICATION, ASSEMBLY, CONNECTION, POWERED TESTING, MOTION, OR ENERGIZATION"
ACC-294,"HR-V0-GDT-REVIEW-P0.2: Countersink axis, head-seat and received-fastener acceptance are defined",NOT EXECUTED,OPEN,,,"PRELIMINARY - NOT APPROVED FOR PROCUREMENT, FABRICATION, ASSEMBLY, CONNECTION, POWERED TESTING, MOTION, OR ENERGIZATION"
ACC-295,"HR-V0-GDT-REVIEW-P0.2: Inspection simulators, restraint, probing, temperature and alignment are validated",NOT EXECUTED,OPEN,,,"PRELIMINARY - NOT APPROVED FOR PROCUREMENT, FABRICATION, ASSEMBLY, CONNECTION, POWERED TESTING, MOTION, OR ENERGIZATION"
ACC-296,HR-V0-GDT-REVIEW-P0.2: Measurement uncertainty and conformity decision rules are accepted,NOT EXECUTED,OPEN,,,"PRELIMINARY - NOT APPROVED FOR PROCUREMENT, FABRICATION, ASSEMBLY, CONNECTION, POWERED TESTING, MOTION, OR ENERGIZATION"
ACC-297,HR-V0-GDT-REVIEW-P0.2: Provider DFM and metrology capability response is accepted,NOT EXECUTED,OPEN,,,"PRELIMINARY - NOT APPROVED FOR PROCUREMENT, FABRICATION, ASSEMBLY, CONNECTION, POWERED TESTING, MOTION, OR ENERGIZATION"
ACC-298,HR-V0-GDT-REVIEW-P0.2: Five first articles and raw inspection records are accepted,NOT EXECUTED,OPEN,,,"PRELIMINARY - NOT APPROVED FOR PROCUREMENT, FABRICATION, ASSEMBLY, CONNECTION, POWERED TESTING, MOTION, OR ENERGIZATION"
ACC-299,HR-V0-GDT-REVIEW-P0.2: Received mating-part dry fits are accepted,NOT EXECUTED,OPEN,,,"PRELIMINARY - NOT APPROVED FOR PROCUREMENT, FABRICATION, ASSEMBLY, CONNECTION, POWERED TESTING, MOTION, OR ENERGIZATION"
ACC-300,HR-V0-GDT-REVIEW-P0.2: Configuration-bound qualified release and separate fabrication authority are signed,NOT EXECUTED,OPEN,,,"PRELIMINARY - NOT APPROVED FOR PROCUREMENT, FABRICATION, ASSEMBLY, CONNECTION, POWERED TESTING, MOTION, OR ENERGIZATION"
ACC-301,HR-V0-J2-STOP-STRENGTH-P0.1: Qualified reviewer accepts the widened outward envelope and load-case allocation,NOT EXECUTED,OPEN,,,"PRELIMINARY - NOT APPROVED FOR PROCUREMENT, QUOTATION, FABRICATION, ASSEMBLY, CONNECTION, POWERED TESTING, MOTION, OR ENERGIZATION"
ACC-302,"HR-V0-J2-STOP-STRENGTH-P0.1: Guard, receiver, cable and operator-clearance envelopes are regenerated and accepted",NOT EXECUTED,OPEN,,,"PRELIMINARY - NOT APPROVED FOR PROCUREMENT, QUOTATION, FABRICATION, ASSEMBLY, CONNECTION, POWERED TESTING, MOTION, OR ENERGIZATION"
ACC-303,HR-V0-J2-STOP-STRENGTH-P0.1: Exact dynamic amplification and stress-concentration factors are established,NOT EXECUTED,OPEN,,,"PRELIMINARY - NOT APPROVED FOR PROCUREMENT, QUOTATION, FABRICATION, ASSEMBLY, CONNECTION, POWERED TESTING, MOTION, OR ENERGIZATION"
ACC-304,HR-V0-J2-STOP-STRENGTH-P0.1: Nonlinear contact/prying/local deformation analysis is accepted,NOT EXECUTED,OPEN,,,"PRELIMINARY - NOT APPROVED FOR PROCUREMENT, QUOTATION, FABRICATION, ASSEMBLY, CONNECTION, POWERED TESTING, MOTION, OR ENERGIZATION"
ACC-305,HR-V0-J2-STOP-STRENGTH-P0.1: Material certificate proves the configuration-bound yield threshold and other required properties,NOT EXECUTED,OPEN,,,"PRELIMINARY - NOT APPROVED FOR PROCUREMENT, QUOTATION, FABRICATION, ASSEMBLY, CONNECTION, POWERED TESTING, MOTION, OR ENERGIZATION"
ACC-306,"HR-V0-J2-STOP-STRENGTH-P0.1: C06/C07 successor drawings, datum controls and FAI plan are accepted",NOT EXECUTED,OPEN,,,"PRELIMINARY - NOT APPROVED FOR PROCUREMENT, QUOTATION, FABRICATION, ASSEMBLY, CONNECTION, POWERED TESTING, MOTION, OR ENERGIZATION"
ACC-307,"HR-V0-J2-STOP-STRENGTH-P0.1: Bumper material, retention, force-stroke, temperature and life are selected and validated",NOT EXECUTED,OPEN,,,"PRELIMINARY - NOT APPROVED FOR PROCUREMENT, QUOTATION, FABRICATION, ASSEMBLY, CONNECTION, POWERED TESTING, MOTION, OR ENERGIZATION"
ACC-308,HR-V0-J2-STOP-STRENGTH-P0.1: Single-rail and two-rail proof fixtures and acceptance limits are qualified,NOT EXECUTED,OPEN,,,"PRELIMINARY - NOT APPROVED FOR PROCUREMENT, QUOTATION, FABRICATION, ASSEMBLY, CONNECTION, POWERED TESTING, MOTION, OR ENERGIZATION"
ACC-309,HR-V0-J2-STOP-STRENGTH-P0.1: Five-part provider DFM and first articles are accepted,NOT EXECUTED,OPEN,,,"PRELIMINARY - NOT APPROVED FOR PROCUREMENT, QUOTATION, FABRICATION, ASSEMBLY, CONNECTION, POWERED TESTING, MOTION, OR ENERGIZATION"
ACC-310,"HR-V0-J2-STOP-STRENGTH-P0.1: Received arm stack passes unpowered fit, contact-mark and deformation inspection",NOT EXECUTED,OPEN,,,"PRELIMINARY - NOT APPROVED FOR PROCUREMENT, QUOTATION, FABRICATION, ASSEMBLY, CONNECTION, POWERED TESTING, MOTION, OR ENERGIZATION"
ACC-311,"HR-V0-J2-STOP-STRENGTH-P0.1: Physical stopping tests establish overtravel, rebound, peak load and no-damage behavior",NOT EXECUTED,OPEN,,,"PRELIMINARY - NOT APPROVED FOR PROCUREMENT, QUOTATION, FABRICATION, ASSEMBLY, CONNECTION, POWERED TESTING, MOTION, OR ENERGIZATION"
ACC-312,HR-V0-J2-STOP-STRENGTH-P0.1: Configuration-bound qualified release and separate work authority are signed,NOT EXECUTED,OPEN,,,"PRELIMINARY - NOT APPROVED FOR PROCUREMENT, QUOTATION, FABRICATION, ASSEMBLY, CONNECTION, POWERED TESTING, MOTION, OR ENERGIZATION"
ACC-313,HR-V0-J2-STOP-BOSSED-P0.1: Qualified reviewer accepts the exact contact-normal and J2 effective-arm extraction,NOT EXECUTED,OPEN,,,"PRELIMINARY - NOT APPROVED FOR PROCUREMENT, QUOTATION, FABRICATION, ASSEMBLY, CONNECTION, POWERED TESTING, MOTION, OR ENERGIZATION"
ACC-314,HR-V0-J2-STOP-BOSSED-P0.1: Converged nonlinear one-rail and two-rail C06/C07 contact/root/interface analysis is accepted,NOT EXECUTED,OPEN,,,"PRELIMINARY - NOT APPROVED FOR PROCUREMENT, QUOTATION, FABRICATION, ASSEMBLY, CONNECTION, POWERED TESTING, MOTION, OR ENERGIZATION"
ACC-315,"HR-V0-J2-STOP-BOSSED-P0.1: Worst-tolerance first-contact, rail sharing, edge contact and single-rail fault cases are accepted",NOT EXECUTED,OPEN,,,"PRELIMINARY - NOT APPROVED FOR PROCUREMENT, QUOTATION, FABRICATION, ASSEMBLY, CONNECTION, POWERED TESTING, MOTION, OR ENERGIZATION"
ACC-316,HR-V0-J2-STOP-BOSSED-P0.1: As-built moving inertia including reflected rotor inertia is measured and accepted,NOT EXECUTED,OPEN,,,"PRELIMINARY - NOT APPROVED FOR PROCUREMENT, QUOTATION, FABRICATION, ASSEMBLY, CONNECTION, POWERED TESTING, MOTION, OR ENERGIZATION"
ACC-317,HR-V0-J2-STOP-BOSSED-P0.1: Maximum approach and fault-overspeed values are configuration-bound and physically verified,NOT EXECUTED,OPEN,,,"PRELIMINARY - NOT APPROVED FOR PROCUREMENT, QUOTATION, FABRICATION, ASSEMBLY, CONNECTION, POWERED TESTING, MOTION, OR ENERGIZATION"
ACC-318,HR-V0-J2-STOP-BOSSED-P0.1: Motor current and torque decay after contact are measured and included in the energy balance,NOT EXECUTED,OPEN,,,"PRELIMINARY - NOT APPROVED FOR PROCUREMENT, QUOTATION, FABRICATION, ASSEMBLY, CONNECTION, POWERED TESTING, MOTION, OR ENERGIZATION"
ACC-319,"HR-V0-J2-STOP-BOSSED-P0.1: Bumper force-stroke, hysteresis, bottom-out, rebound, temperature, aging and retention are validated",NOT EXECUTED,OPEN,,,"PRELIMINARY - NOT APPROVED FOR PROCUREMENT, QUOTATION, FABRICATION, ASSEMBLY, CONNECTION, POWERED TESTING, MOTION, OR ENERGIZATION"
ACC-320,"HR-V0-J2-STOP-BOSSED-P0.1: C06/C07 drawings, tolerance controls, DFM and first articles are accepted",NOT EXECUTED,OPEN,,,"PRELIMINARY - NOT APPROVED FOR PROCUREMENT, QUOTATION, FABRICATION, ASSEMBLY, CONNECTION, POWERED TESTING, MOTION, OR ENERGIZATION"
ACC-321,HR-V0-J2-STOP-BOSSED-P0.1: Material lot MTR and finished minimum thickness are verified,NOT EXECUTED,OPEN,,,"PRELIMINARY - NOT APPROVED FOR PROCUREMENT, QUOTATION, FABRICATION, ASSEMBLY, CONNECTION, POWERED TESTING, MOTION, OR ENERGIZATION"
ACC-322,"HR-V0-J2-STOP-BOSSED-P0.1: Fastener, frame, extrusion, prying, deflection, overtravel and fatigue load paths are accepted",NOT EXECUTED,OPEN,,,"PRELIMINARY - NOT APPROVED FOR PROCUREMENT, QUOTATION, FABRICATION, ASSEMBLY, CONNECTION, POWERED TESTING, MOTION, OR ENERGIZATION"
ACC-323,HR-V0-J2-STOP-BOSSED-P0.1: Single-rail and twin-rail physical proof and stopping tests pass qualified limits,NOT EXECUTED,OPEN,,,"PRELIMINARY - NOT APPROVED FOR PROCUREMENT, QUOTATION, FABRICATION, ASSEMBLY, CONNECTION, POWERED TESTING, MOTION, OR ENERGIZATION"
ACC-324,HR-V0-J2-STOP-BOSSED-P0.1: Configuration-bound qualified release and separate work authority are signed,NOT EXECUTED,OPEN,,,"PRELIMINARY - NOT APPROVED FOR PROCUREMENT, QUOTATION, FABRICATION, ASSEMBLY, CONNECTION, POWERED TESTING, MOTION, OR ENERGIZATION"
ACC-325,"HR-V0-J2-STOP-FEA-P0.1: Qualified reviewer accepts modeling scope, boundary conditions and singularity treatment",NOT EXECUTED,OPEN,,,"PRELIMINARY - NOT APPROVED FOR PROCUREMENT, QUOTATION, FABRICATION, ASSEMBLY, CONNECTION, POWERED TESTING, MOTION, OR ENERGIZATION"
ACC-326,HR-V0-J2-STOP-FEA-P0.1: Nonlinear C06/C07 one-rail/twin-rail contact including tolerances is converged,NOT EXECUTED,OPEN,,,"PRELIMINARY - NOT APPROVED FOR PROCUREMENT, QUOTATION, FABRICATION, ASSEMBLY, CONNECTION, POWERED TESTING, MOTION, OR ENERGIZATION"
ACC-327,"HR-V0-J2-STOP-FEA-P0.1: Bolt/frame/extrusion contact, preload, clearance, slip and prying are modeled and physically calibrated",NOT EXECUTED,OPEN,,,"PRELIMINARY - NOT APPROVED FOR PROCUREMENT, QUOTATION, FABRICATION, ASSEMBLY, CONNECTION, POWERED TESTING, MOTION, OR ENERGIZATION"
ACC-328,"HR-V0-J2-STOP-FEA-P0.1: Material lot, orientation, machining effects and qualified allowables/factors are accepted",NOT EXECUTED,OPEN,,,"PRELIMINARY - NOT APPROVED FOR PROCUREMENT, QUOTATION, FABRICATION, ASSEMBLY, CONNECTION, POWERED TESTING, MOTION, OR ENERGIZATION"
ACC-329,"HR-V0-J2-STOP-FEA-P0.1: Accepted inertia, speed, current-decay, bumper force-stroke and event-spectrum inputs drive dynamic analysis",NOT EXECUTED,OPEN,,,"PRELIMINARY - NOT APPROVED FOR PROCUREMENT, QUOTATION, FABRICATION, ASSEMBLY, CONNECTION, POWERED TESTING, MOTION, OR ENERGIZATION"
ACC-330,"HR-V0-J2-STOP-FEA-P0.1: Deflection, overtravel, rebound, fatigue and damage acceptance limits are qualified",NOT EXECUTED,OPEN,,,"PRELIMINARY - NOT APPROVED FOR PROCUREMENT, QUOTATION, FABRICATION, ASSEMBLY, CONNECTION, POWERED TESTING, MOTION, OR ENERGIZATION"
ACC-331,"HR-V0-J2-STOP-FEA-P0.1: Provider DFM, drawings, FAI and received geometry/material evidence are accepted",NOT EXECUTED,OPEN,,,"PRELIMINARY - NOT APPROVED FOR PROCUREMENT, QUOTATION, FABRICATION, ASSEMBLY, CONNECTION, POWERED TESTING, MOTION, OR ENERGIZATION"
ACC-332,HR-V0-J2-STOP-FEA-P0.1: Single-rail and twin-rail strain/force/angle proof tests correlate to the model,NOT EXECUTED,OPEN,,,"PRELIMINARY - NOT APPROVED FOR PROCUREMENT, QUOTATION, FABRICATION, ASSEMBLY, CONNECTION, POWERED TESTING, MOTION, OR ENERGIZATION"
ACC-333,HR-V0-J2-STOP-FEA-P0.1: Configuration-bound qualified release and separate work authority are signed,NOT EXECUTED,OPEN,,,"PRELIMINARY - NOT APPROVED FOR PROCUREMENT, QUOTATION, FABRICATION, ASSEMBLY, CONNECTION, POWERED TESTING, MOTION, OR ENERGIZATION"
ACC-334,"HR-V0-J2-STOP-SIDEWEB-FEA-P0.1: Qualified reviewer accepts P0.11 CAD, contact-normal extraction, 118 degree retuned striker datum and analysis scope",NOT EXECUTED,OPEN,,,"PRELIMINARY - NOT APPROVED FOR PROCUREMENT, QUOTATION, FABRICATION, ASSEMBLY, CONNECTION, POWERED TESTING, MOTION, OR ENERGIZATION"
ACC-335,"HR-V0-J2-STOP-SIDEWEB-FEA-P0.1: C07 M2.5 length, grip, head/nut/washer stack, torque, locking, reuse and tool access are selected and accepted",NOT EXECUTED,OPEN,,,"PRELIMINARY - NOT APPROVED FOR PROCUREMENT, QUOTATION, FABRICATION, ASSEMBLY, CONNECTION, POWERED TESTING, MOTION, OR ENERGIZATION"
ACC-336,"HR-V0-J2-STOP-SIDEWEB-FEA-P0.1: C06 and C07 bolt/frame/extrusion contact, preload, clearance, slip, bearing and prying are modeled and physically calibrated",NOT EXECUTED,OPEN,,,"PRELIMINARY - NOT APPROVED FOR PROCUREMENT, QUOTATION, FABRICATION, ASSEMBLY, CONNECTION, POWERED TESTING, MOTION, OR ENERGIZATION"
ACC-337,"HR-V0-J2-STOP-SIDEWEB-FEA-P0.1: Nonlinear C06/C07 one-rail and twin-rail contact including tolerance, edge contact and first-contact mismatch is converged",NOT EXECUTED,OPEN,,,"PRELIMINARY - NOT APPROVED FOR PROCUREMENT, QUOTATION, FABRICATION, ASSEMBLY, CONNECTION, POWERED TESTING, MOTION, OR ENERGIZATION"
ACC-338,"HR-V0-J2-STOP-SIDEWEB-FEA-P0.1: Received 6061-T651 material identity, MTR, orientation, machining effects and qualified allowables/factors are accepted",NOT EXECUTED,OPEN,,,"PRELIMINARY - NOT APPROVED FOR PROCUREMENT, QUOTATION, FABRICATION, ASSEMBLY, CONNECTION, POWERED TESTING, MOTION, OR ENERGIZATION"
ACC-339,"HR-V0-J2-STOP-SIDEWEB-FEA-P0.1: Accepted inertia, approach/overspeed, motor-current decay, bumper force-stroke and event spectrum drive dynamic analysis",NOT EXECUTED,OPEN,,,"PRELIMINARY - NOT APPROVED FOR PROCUREMENT, QUOTATION, FABRICATION, ASSEMBLY, CONNECTION, POWERED TESTING, MOTION, OR ENERGIZATION"
ACC-340,"HR-V0-J2-STOP-SIDEWEB-FEA-P0.1: Deflection, stopping travel, overtravel, rebound, fatigue and damage acceptance limits are qualified",NOT EXECUTED,OPEN,,,"PRELIMINARY - NOT APPROVED FOR PROCUREMENT, QUOTATION, FABRICATION, ASSEMBLY, CONNECTION, POWERED TESTING, MOTION, OR ENERGIZATION"
ACC-341,"HR-V0-J2-STOP-SIDEWEB-FEA-P0.1: Guard, receiver and cable envelopes are regenerated for the 108 mm contact envelope and accepted",NOT EXECUTED,OPEN,,,"PRELIMINARY - NOT APPROVED FOR PROCUREMENT, QUOTATION, FABRICATION, ASSEMBLY, CONNECTION, POWERED TESTING, MOTION, OR ENERGIZATION"
ACC-342,"HR-V0-J2-STOP-SIDEWEB-FEA-P0.1: Provider DFM, conventional drawings, datum/GD&T scheme and first-article plan are accepted",NOT EXECUTED,OPEN,,,"PRELIMINARY - NOT APPROVED FOR PROCUREMENT, QUOTATION, FABRICATION, ASSEMBLY, CONNECTION, POWERED TESTING, MOTION, OR ENERGIZATION"
ACC-343,"HR-V0-J2-STOP-SIDEWEB-FEA-P0.1: Received C06/C07 geometry, material, fastener stacks, mass and unpowered fit/contact marks pass inspection",NOT EXECUTED,OPEN,,,"PRELIMINARY - NOT APPROVED FOR PROCUREMENT, QUOTATION, FABRICATION, ASSEMBLY, CONNECTION, POWERED TESTING, MOTION, OR ENERGIZATION"
ACC-344,HR-V0-J2-STOP-SIDEWEB-FEA-P0.1: Single-rail and twin-rail strain/force/angle proof and stopping tests correlate to accepted models,NOT EXECUTED,OPEN,,,"PRELIMINARY - NOT APPROVED FOR PROCUREMENT, QUOTATION, FABRICATION, ASSEMBLY, CONNECTION, POWERED TESTING, MOTION, OR ENERGIZATION"
ACC-345,HR-V0-J2-STOP-SIDEWEB-FEA-P0.1: Configuration-bound qualified release and separate work authority are signed,NOT EXECUTED,OPEN,,,"PRELIMINARY - NOT APPROVED FOR PROCUREMENT, QUOTATION, FABRICATION, ASSEMBLY, CONNECTION, POWERED TESTING, MOTION, OR ENERGIZATION"
ACC-346,"HR-V0-J2-STOP-ACCESS-WELL-FEA-P0.1: Qualified reviewer accepts P0.12 CAD, contact-normal extraction, 118 degree retuned striker datum and analysis scope",NOT EXECUTED,OPEN,,,"PRELIMINARY - NOT APPROVED FOR PROCUREMENT, QUOTATION, FABRICATION, ASSEMBLY, CONNECTION, POWERED TESTING, MOTION, OR ENERGIZATION"
ACC-347,"HR-V0-J2-STOP-ACCESS-WELL-FEA-P0.1: C07 M2.5 length, grip, head/nut/washer stack, torque, locking, reuse and tool access are selected and accepted",NOT EXECUTED,OPEN,,,"PRELIMINARY - NOT APPROVED FOR PROCUREMENT, QUOTATION, FABRICATION, ASSEMBLY, CONNECTION, POWERED TESTING, MOTION, OR ENERGIZATION"
ACC-348,"HR-V0-J2-STOP-ACCESS-WELL-FEA-P0.1: C06 and C07 bolt/frame/extrusion contact, preload, clearance, slip, bearing and prying are modeled and physically calibrated",NOT EXECUTED,OPEN,,,"PRELIMINARY - NOT APPROVED FOR PROCUREMENT, QUOTATION, FABRICATION, ASSEMBLY, CONNECTION, POWERED TESTING, MOTION, OR ENERGIZATION"
ACC-349,"HR-V0-J2-STOP-ACCESS-WELL-FEA-P0.1: Nonlinear C06/C07 one-rail and twin-rail contact including tolerance, edge contact and first-contact mismatch is converged",NOT EXECUTED,OPEN,,,"PRELIMINARY - NOT APPROVED FOR PROCUREMENT, QUOTATION, FABRICATION, ASSEMBLY, CONNECTION, POWERED TESTING, MOTION, OR ENERGIZATION"
ACC-350,"HR-V0-J2-STOP-ACCESS-WELL-FEA-P0.1: Received 6061-T651 material identity, MTR, orientation, machining effects and qualified allowables/factors are accepted",NOT EXECUTED,OPEN,,,"PRELIMINARY - NOT APPROVED FOR PROCUREMENT, QUOTATION, FABRICATION, ASSEMBLY, CONNECTION, POWERED TESTING, MOTION, OR ENERGIZATION"
ACC-351,"HR-V0-J2-STOP-ACCESS-WELL-FEA-P0.1: Accepted inertia, approach/overspeed, motor-current decay, bumper force-stroke and event spectrum drive dynamic analysis",NOT EXECUTED,OPEN,,,"PRELIMINARY - NOT APPROVED FOR PROCUREMENT, QUOTATION, FABRICATION, ASSEMBLY, CONNECTION, POWERED TESTING, MOTION, OR ENERGIZATION"
ACC-352,"HR-V0-J2-STOP-ACCESS-WELL-FEA-P0.1: Deflection, stopping travel, overtravel, rebound, fatigue and damage acceptance limits are qualified",NOT EXECUTED,OPEN,,,"PRELIMINARY - NOT APPROVED FOR PROCUREMENT, QUOTATION, FABRICATION, ASSEMBLY, CONNECTION, POWERED TESTING, MOTION, OR ENERGIZATION"
ACC-353,"HR-V0-J2-STOP-ACCESS-WELL-FEA-P0.1: Guard, receiver and cable envelopes are regenerated for the 108 mm contact envelope and accepted",NOT EXECUTED,OPEN,,,"PRELIMINARY - NOT APPROVED FOR PROCUREMENT, QUOTATION, FABRICATION, ASSEMBLY, CONNECTION, POWERED TESTING, MOTION, OR ENERGIZATION"
ACC-354,"HR-V0-J2-STOP-ACCESS-WELL-FEA-P0.1: Provider DFM, conventional drawings, datum/GD&T scheme and first-article plan are accepted",NOT EXECUTED,OPEN,,,"PRELIMINARY - NOT APPROVED FOR PROCUREMENT, QUOTATION, FABRICATION, ASSEMBLY, CONNECTION, POWERED TESTING, MOTION, OR ENERGIZATION"
ACC-355,"HR-V0-J2-STOP-ACCESS-WELL-FEA-P0.1: Received C06/C07 geometry, material, fastener stacks, mass and unpowered fit/contact marks pass inspection",NOT EXECUTED,OPEN,,,"PRELIMINARY - NOT APPROVED FOR PROCUREMENT, QUOTATION, FABRICATION, ASSEMBLY, CONNECTION, POWERED TESTING, MOTION, OR ENERGIZATION"
ACC-356,HR-V0-J2-STOP-ACCESS-WELL-FEA-P0.1: Single-rail and twin-rail strain/force/angle proof and stopping tests correlate to accepted models,NOT EXECUTED,OPEN,,,"PRELIMINARY - NOT APPROVED FOR PROCUREMENT, QUOTATION, FABRICATION, ASSEMBLY, CONNECTION, POWERED TESTING, MOTION, OR ENERGIZATION"
ACC-357,HR-V0-J2-STOP-ACCESS-WELL-FEA-P0.1: Configuration-bound qualified release and separate work authority are signed,NOT EXECUTED,OPEN,,,"PRELIMINARY - NOT APPROVED FOR PROCUREMENT, QUOTATION, FABRICATION, ASSEMBLY, CONNECTION, POWERED TESTING, MOTION, OR ENERGIZATION"
ACC-358,"HR-V0-J2-STOP-ACCESS-WELL-FEA-P0.1: Exact currently purchasable A04 hardware and installation tool are selected, received and inspected",NOT EXECUTED,OPEN,,,"PRELIMINARY - NOT APPROVED FOR PROCUREMENT, QUOTATION, FABRICATION, ASSEMBLY, CONNECTION, POWERED TESTING, MOTION, OR ENERGIZATION"
ACC-359,"HR-V0-J2-STOP-ACCESS-WELL-FEA-P0.1: A04 joined-load model includes preload, friction/slip, prying, S102 flexibility, bearing, thread/head/nut/washer behavior and tolerances",NOT EXECUTED,OPEN,,,"PRELIMINARY - NOT APPROVED FOR PROCUREMENT, QUOTATION, FABRICATION, ASSEMBLY, CONNECTION, POWERED TESTING, MOTION, OR ENERGIZATION"
ACC-360,"HR-V0-J2-STOP-ACCESS-WELL-FEA-P0.1: Access-well geometry and A04 installation pass FAI, tool-access, torque/locking and proof tests",NOT EXECUTED,OPEN,,,"PRELIMINARY - NOT APPROVED FOR PROCUREMENT, QUOTATION, FABRICATION, ASSEMBLY, CONNECTION, POWERED TESTING, MOTION, OR ENERGIZATION"
ACC-361,HR-V0-A04-JOINT-P0.1: Current same-session supplier quote/cart confirms every exact order code and quantity,NOT EXECUTED,OPEN,,,"PRELIMINARY - NOT APPROVED FOR PROCUREMENT, QUOTATION, FABRICATION, ASSEMBLY, CONNECTION, POWERED TESTING, MOTION, OR ENERGIZATION"
ACC-362,HR-V0-A04-JOINT-P0.1: Manufacturer/lot identity and required certificates are received and accepted,NOT EXECUTED,OPEN,,,"PRELIMINARY - NOT APPROVED FOR PROCUREMENT, QUOTATION, FABRICATION, ASSEMBLY, CONNECTION, POWERED TESTING, MOTION, OR ENERGIZATION"
ACC-363,HR-V0-A04-JOINT-P0.1: Screw length and nut-height tolerances plus received measurements close thread projection,NOT EXECUTED,OPEN,,,"PRELIMINARY - NOT APPROVED FOR PROCUREMENT, QUOTATION, FABRICATION, ASSEMBLY, CONNECTION, POWERED TESTING, MOTION, OR ENERGIZATION"
ACC-364,"HR-V0-A04-JOINT-P0.1: S102 thickness, material, thread condition and structural allowables are accepted",NOT EXECUTED,OPEN,,,"PRELIMINARY - NOT APPROVED FOR PROCUREMENT, QUOTATION, FABRICATION, ASSEMBLY, CONNECTION, POWERED TESTING, MOTION, OR ENERGIZATION"
ACC-365,"HR-V0-A04-JOINT-P0.1: Nut proof, prevailing-torque distribution and mixed Class 12.9/Class 8 compatibility are accepted",NOT EXECUTED,OPEN,,,"PRELIMINARY - NOT APPROVED FOR PROCUREMENT, QUOTATION, FABRICATION, ASSEMBLY, CONNECTION, POWERED TESTING, MOTION, OR ENERGIZATION"
ACC-366,HR-V0-A04-JOINT-P0.1: Torque-preload trials define an accepted dry installation torque and clamp-force window,NOT EXECUTED,OPEN,,,"PRELIMINARY - NOT APPROVED FOR PROCUREMENT, QUOTATION, FABRICATION, ASSEMBLY, CONNECTION, POWERED TESTING, MOTION, OR ENERGIZATION"
ACC-367,"HR-V0-A04-JOINT-P0.1: Joined analysis closes slip, separation, prying, sheet flexibility, bearing and thread/head/nut/washer modes",NOT EXECUTED,OPEN,,,"PRELIMINARY - NOT APPROVED FOR PROCUREMENT, QUOTATION, FABRICATION, ASSEMBLY, CONNECTION, POWERED TESTING, MOTION, OR ENERGIZATION"
ACC-368,"HR-V0-A04-JOINT-P0.1: Straight blade, access well, socket engagement, seating and XM540 clearance pass physical FAI",NOT EXECUTED,OPEN,,,"PRELIMINARY - NOT APPROVED FOR PROCUREMENT, QUOTATION, FABRICATION, ASSEMBLY, CONNECTION, POWERED TESTING, MOTION, OR ENERGIZATION"
ACC-369,"HR-V0-A04-JOINT-P0.1: Single-use nut, witness-mark, calibration, corrosion, temperature and inspection controls are released",NOT EXECUTED,OPEN,,,"PRELIMINARY - NOT APPROVED FOR PROCUREMENT, QUOTATION, FABRICATION, ASSEMBLY, CONNECTION, POWERED TESTING, MOTION, OR ENERGIZATION"
ACC-370,HR-V0-A04-JOINT-P0.1: Unpowered single-rail and twin-rail proof tests pass qualified limits,NOT EXECUTED,OPEN,,,"PRELIMINARY - NOT APPROVED FOR PROCUREMENT, QUOTATION, FABRICATION, ASSEMBLY, CONNECTION, POWERED TESTING, MOTION, OR ENERGIZATION"
ACC-371,HR-V0-A04-JOINT-P0.1: Configuration-bound qualified mechanical acceptance is signed,NOT EXECUTED,OPEN,,,"PRELIMINARY - NOT APPROVED FOR PROCUREMENT, QUOTATION, FABRICATION, ASSEMBLY, CONNECTION, POWERED TESTING, MOTION, OR ENERGIZATION"
ACC-372,"HR-V0-A04-JOINT-P0.1: Separate procurement, assembly and any later powered-work authorities are signed",NOT EXECUTED,OPEN,,,"PRELIMINARY - NOT APPROVED FOR PROCUREMENT, QUOTATION, FABRICATION, ASSEMBLY, CONNECTION, POWERED TESTING, MOTION, OR ENERGIZATION"
ACC-373,"HR-V0-J2-SOFT-CONTACT-PAD-P0.1: Current supplier quote, exact 2300327 identity, lot and CoC accepted",NOT EXECUTED,OPEN,,,"PRELIMINARY - NOT APPROVED FOR PROCUREMENT, QUOTATION, FABRICATION, ASSEMBLY, CONNECTION, POWERED TESTING, MOTION, OR ENERGIZATION"
ACC-374,"HR-V0-J2-SOFT-CONTACT-PAD-P0.1: Incoming thickness, coupon geometry and captive retention pass inspection",NOT EXECUTED,OPEN,,,"PRELIMINARY - NOT APPROVED FOR PROCUREMENT, QUOTATION, FABRICATION, ASSEMBLY, CONNECTION, POWERED TESTING, MOTION, OR ENERGIZATION"
ACC-375,HR-V0-J2-SOFT-CONTACT-PAD-P0.1: Exact contact point/normal and work path through tolerance are accepted,NOT EXECUTED,OPEN,,,"PRELIMINARY - NOT APPROVED FOR PROCUREMENT, QUOTATION, FABRICATION, ASSEMBLY, CONNECTION, POWERED TESTING, MOTION, OR ENERGIZATION"
ACC-376,HR-V0-J2-SOFT-CONTACT-PAD-P0.1: As-built inertia including reflected rotor is measured and accepted,NOT EXECUTED,OPEN,,,"PRELIMINARY - NOT APPROVED FOR PROCUREMENT, QUOTATION, FABRICATION, ASSEMBLY, CONNECTION, POWERED TESTING, MOTION, OR ENERGIZATION"
ACC-377,HR-V0-J2-SOFT-CONTACT-PAD-P0.1: Maximum approach/fault speed and current/torque decay are measured,NOT EXECUTED,OPEN,,,"PRELIMINARY - NOT APPROVED FOR PROCUREMENT, QUOTATION, FABRICATION, ASSEMBLY, CONNECTION, POWERED TESTING, MOTION, OR ENERGIZATION"
ACC-378,"HR-V0-J2-SOFT-CONTACT-PAD-P0.1: Dynamic force-stroke, hysteresis, bottom-out and rebound are characterized",NOT EXECUTED,OPEN,,,"PRELIMINARY - NOT APPROVED FOR PROCUREMENT, QUOTATION, FABRICATION, ASSEMBLY, CONNECTION, POWERED TESTING, MOTION, OR ENERGIZATION"
ACC-379,"HR-V0-J2-SOFT-CONTACT-PAD-P0.1: Temperature, aging, contamination, compression-set and life limits are qualified",NOT EXECUTED,OPEN,,,"PRELIMINARY - NOT APPROVED FOR PROCUREMENT, QUOTATION, FABRICATION, ASSEMBLY, CONNECTION, POWERED TESTING, MOTION, OR ENERGIZATION"
ACC-380,HR-V0-J2-SOFT-CONTACT-PAD-P0.1: Single-rail and twin-rail tests correlate with accepted nonlinear model,NOT EXECUTED,OPEN,,,"PRELIMINARY - NOT APPROVED FOR PROCUREMENT, QUOTATION, FABRICATION, ASSEMBLY, CONNECTION, POWERED TESTING, MOTION, OR ENERGIZATION"
ACC-381,HR-V0-J2-SOFT-CONTACT-PAD-P0.1: Metal backup C06/C07 and full joined load path are accepted independently,NOT EXECUTED,OPEN,,,"PRELIMINARY - NOT APPROVED FOR PROCUREMENT, QUOTATION, FABRICATION, ASSEMBLY, CONNECTION, POWERED TESTING, MOTION, OR ENERGIZATION"
ACC-382,HR-V0-J2-SOFT-CONTACT-PAD-P0.1: Guard/overtravel/pinch envelope includes pad tolerance and failure,NOT EXECUTED,OPEN,,,"PRELIMINARY - NOT APPROVED FOR PROCUREMENT, QUOTATION, FABRICATION, ASSEMBLY, CONNECTION, POWERED TESTING, MOTION, OR ENERGIZATION"
ACC-383,HR-V0-J2-SOFT-CONTACT-PAD-P0.1: Qualified release confirms pad has zero sole structural-stop and safety credit,NOT EXECUTED,OPEN,,,"PRELIMINARY - NOT APPROVED FOR PROCUREMENT, QUOTATION, FABRICATION, ASSEMBLY, CONNECTION, POWERED TESTING, MOTION, OR ENERGIZATION"
ACC-384,"HR-V0-J2-SOFT-CONTACT-PAD-P0.1: Separate procurement, assembly and powered-work authorities are signed",NOT EXECUTED,OPEN,,,"PRELIMINARY - NOT APPROVED FOR PROCUREMENT, QUOTATION, FABRICATION, ASSEMBLY, CONNECTION, POWERED TESTING, MOTION, OR ENERGIZATION"
ACC-385,"HR-V0-J2-SOFT-CONTACT-PAD-P0.2: Current supplier quote, exact 2300327 identity, lot and CoC accepted",NOT EXECUTED,OPEN,,,"PRELIMINARY - NOT APPROVED FOR PROCUREMENT, QUOTATION, FABRICATION, ASSEMBLY, CONNECTION, POWERED TESTING, MOTION, OR ENERGIZATION"
ACC-386,"HR-V0-J2-SOFT-CONTACT-PAD-P0.2: Incoming thickness, coupon geometry and captive retention pass inspection",NOT EXECUTED,OPEN,,,"PRELIMINARY - NOT APPROVED FOR PROCUREMENT, QUOTATION, FABRICATION, ASSEMBLY, CONNECTION, POWERED TESTING, MOTION, OR ENERGIZATION"
ACC-387,"HR-V0-J2-SOFT-CONTACT-PAD-P0.2: Installed protrusion and metal-backup gap are dimensioned, toleranced and accepted",NOT EXECUTED,OPEN,,,"PRELIMINARY - NOT APPROVED FOR PROCUREMENT, QUOTATION, FABRICATION, ASSEMBLY, CONNECTION, POWERED TESTING, MOTION, OR ENERGIZATION"
ACC-388,HR-V0-J2-SOFT-CONTACT-PAD-P0.2: Exact contact point/normal/work path through tolerance and deformation are accepted,NOT EXECUTED,OPEN,,,"PRELIMINARY - NOT APPROVED FOR PROCUREMENT, QUOTATION, FABRICATION, ASSEMBLY, CONNECTION, POWERED TESTING, MOTION, OR ENERGIZATION"
ACC-389,HR-V0-J2-SOFT-CONTACT-PAD-P0.2: As-built inertia including reflected rotor is measured and accepted,NOT EXECUTED,OPEN,,,"PRELIMINARY - NOT APPROVED FOR PROCUREMENT, QUOTATION, FABRICATION, ASSEMBLY, CONNECTION, POWERED TESTING, MOTION, OR ENERGIZATION"
ACC-390,HR-V0-J2-SOFT-CONTACT-PAD-P0.2: Maximum approach/fault speed and current/torque decay are measured,NOT EXECUTED,OPEN,,,"PRELIMINARY - NOT APPROVED FOR PROCUREMENT, QUOTATION, FABRICATION, ASSEMBLY, CONNECTION, POWERED TESTING, MOTION, OR ENERGIZATION"
ACC-391,"HR-V0-J2-SOFT-CONTACT-PAD-P0.2: Dynamic force-stroke, hysteresis, bottom-out and rebound are characterized",NOT EXECUTED,OPEN,,,"PRELIMINARY - NOT APPROVED FOR PROCUREMENT, QUOTATION, FABRICATION, ASSEMBLY, CONNECTION, POWERED TESTING, MOTION, OR ENERGIZATION"
ACC-392,"HR-V0-J2-SOFT-CONTACT-PAD-P0.2: Temperature, aging, contamination, compression-set and life limits are qualified",NOT EXECUTED,OPEN,,,"PRELIMINARY - NOT APPROVED FOR PROCUREMENT, QUOTATION, FABRICATION, ASSEMBLY, CONNECTION, POWERED TESTING, MOTION, OR ENERGIZATION"
ACC-393,HR-V0-J2-SOFT-CONTACT-PAD-P0.2: Single-rail and twin-rail tests correlate with accepted nonlinear model,NOT EXECUTED,OPEN,,,"PRELIMINARY - NOT APPROVED FOR PROCUREMENT, QUOTATION, FABRICATION, ASSEMBLY, CONNECTION, POWERED TESTING, MOTION, OR ENERGIZATION"
ACC-394,HR-V0-J2-SOFT-CONTACT-PAD-P0.2: Metal backup C06/C07 and full joined load path are accepted independently,NOT EXECUTED,OPEN,,,"PRELIMINARY - NOT APPROVED FOR PROCUREMENT, QUOTATION, FABRICATION, ASSEMBLY, CONNECTION, POWERED TESTING, MOTION, OR ENERGIZATION"
ACC-395,"HR-V0-J2-SOFT-CONTACT-PAD-P0.2: Guard/overtravel/pinch envelope includes pad tolerance, loss and failure",NOT EXECUTED,OPEN,,,"PRELIMINARY - NOT APPROVED FOR PROCUREMENT, QUOTATION, FABRICATION, ASSEMBLY, CONNECTION, POWERED TESTING, MOTION, OR ENERGIZATION"
ACC-396,"HR-V0-J2-SOFT-CONTACT-PAD-P0.2: Qualified release plus separate procurement, assembly and powered-work authorities are signed",NOT EXECUTED,OPEN,,,"PRELIMINARY - NOT APPROVED FOR PROCUREMENT, QUOTATION, FABRICATION, ASSEMBLY, CONNECTION, POWERED TESTING, MOTION, OR ENERGIZATION"
ACC-397,"HR-V0-J2-PAD-POCKET-P0.1: Current converter quote binds Rogers 2300327, 3M 467MP, PET-side lamination, 40 x 12 mm R1.5 coupons, tolerances, lot traceability and CoC",NOT EXECUTED,OPEN,,,"PRELIMINARY - NOT APPROVED FOR PROCUREMENT, QUOTATION, FABRICATION, ASSEMBLY, CONNECTION, POWERED TESTING, MOTION, OR ENERGIZATION"
ACC-398,HR-V0-J2-PAD-POCKET-P0.1: 3M/Rogers or qualified materials reviewer accepts the aluminum-467MP-PET/PORON application and surface-preparation process,NOT EXECUTED,OPEN,,,"PRELIMINARY - NOT APPROVED FOR PROCUREMENT, QUOTATION, FABRICATION, ASSEMBLY, CONNECTION, POWERED TESTING, MOTION, OR ENERGIZATION"
ACC-399,HR-V0-J2-PAD-POCKET-P0.1: Received laminated-stack thickness is mapped with a qualified low-force method and dependent pocket depth is released lot-by-lot,NOT EXECUTED,OPEN,,,"PRELIMINARY - NOT APPROVED FOR PROCUREMENT, QUOTATION, FABRICATION, ASSEMBLY, CONNECTION, POWERED TESTING, MOTION, OR ENERGIZATION"
ACC-400,HR-V0-J2-PAD-POCKET-P0.1: Machine supplier accepts R2 pocket DFM and reports as-built plan/depth/finish without using 0.520 mm as production depth,NOT EXECUTED,OPEN,,,"PRELIMINARY - NOT APPROVED FOR PROCUREMENT, QUOTATION, FABRICATION, ASSEMBLY, CONNECTION, POWERED TESTING, MOTION, OR ENERGIZATION"
ACC-401,"HR-V0-J2-PAD-POCKET-P0.1: Installed protrusion candidate band 0.100..0.200 mm is accepted against stopping, guard, pinch and contact requirements",NOT EXECUTED,OPEN,,,"PRELIMINARY - NOT APPROVED FOR PROCUREMENT, QUOTATION, FABRICATION, ASSEMBLY, CONNECTION, POWERED TESTING, MOTION, OR ENERGIZATION"
ACC-402,"HR-V0-J2-PAD-POCKET-P0.1: First article passes pocket, protrusion, retention and continuous metal-backup inspections",NOT EXECUTED,OPEN,,,"PRELIMINARY - NOT APPROVED FOR PROCUREMENT, QUOTATION, FABRICATION, ASSEMBLY, CONNECTION, POWERED TESTING, MOTION, OR ENERGIZATION"
ACC-403,"HR-V0-J2-PAD-POCKET-P0.1: Pad-absent, one-pad, bottom-out, rebound, migration and jam fault tests pass defined limits",NOT EXECUTED,OPEN,,,"PRELIMINARY - NOT APPROVED FOR PROCUREMENT, QUOTATION, FABRICATION, ASSEMBLY, CONNECTION, POWERED TESTING, MOTION, OR ENERGIZATION"
ACC-404,"HR-V0-J2-PAD-POCKET-P0.1: Dynamic force-stroke, current/torque decay, stopping time/angle and energy integration pass at accepted approach/fault speeds",NOT EXECUTED,OPEN,,,"PRELIMINARY - NOT APPROVED FOR PROCUREMENT, QUOTATION, FABRICATION, ASSEMBLY, CONNECTION, POWERED TESTING, MOTION, OR ENERGIZATION"
ACC-405,HR-V0-J2-PAD-POCKET-P0.1: P0.13 C06/C07 full joined load path and local pocket/contact stresses pass qualified nonlinear analysis and physical correlation,NOT EXECUTED,OPEN,,,"PRELIMINARY - NOT APPROVED FOR PROCUREMENT, QUOTATION, FABRICATION, ASSEMBLY, CONNECTION, POWERED TESTING, MOTION, OR ENERGIZATION"
ACC-406,"HR-V0-J2-PAD-POCKET-P0.1: Qualified release and separate procurement, machining, assembly and powered-work authorizations are signed",NOT EXECUTED,OPEN,,,"PRELIMINARY - NOT APPROVED FOR PROCUREMENT, QUOTATION, FABRICATION, ASSEMBLY, CONNECTION, POWERED TESTING, MOTION, OR ENERGIZATION"
ACC-407,HR-V0-J2-STOP-PAD-POCKET-FEA-P0.1: Qualified reviewer accepts the exact-normal coordinate transforms and sign conventions against the P0.13 assembly,NOT EXECUTED,OPEN,,,"PRELIMINARY - NOT APPROVED FOR PROCUREMENT, QUOTATION, FABRICATION, ASSEMBLY, CONNECTION, POWERED TESTING, MOTION, OR ENERGIZATION"
ACC-408,"HR-V0-J2-STOP-PAD-POCKET-FEA-P0.1: Mesh refinement/local stress convergence is demonstrated at the pocket edges, rail roots and restrained holes",NOT EXECUTED,OPEN,,,"PRELIMINARY - NOT APPROVED FOR PROCUREMENT, QUOTATION, FABRICATION, ASSEMBLY, CONNECTION, POWERED TESTING, MOTION, OR ENERGIZATION"
ACC-409,"HR-V0-J2-STOP-PAD-POCKET-FEA-P0.1: Nonlinear one-rail and two-rail C06/C07 contact includes edge contact, pad compression, metal backup, friction, tolerance and first-contact mismatch",NOT EXECUTED,OPEN,,,"PRELIMINARY - NOT APPROVED FOR PROCUREMENT, QUOTATION, FABRICATION, ASSEMBLY, CONNECTION, POWERED TESTING, MOTION, OR ENERGIZATION"
ACC-410,"HR-V0-J2-STOP-PAD-POCKET-FEA-P0.1: A04 and frame/extrusion joined-load model includes exact received hardware, preload, slip, bearing, prying, separation and flexibility",NOT EXECUTED,OPEN,,,"PRELIMINARY - NOT APPROVED FOR PROCUREMENT, QUOTATION, FABRICATION, ASSEMBLY, CONNECTION, POWERED TESTING, MOTION, OR ENERGIZATION"
ACC-411,"HR-V0-J2-STOP-PAD-POCKET-FEA-P0.1: Received 6061-T651 lot, MTR, orientation, machining effects, surface condition and qualified allowables/factors are accepted",NOT EXECUTED,OPEN,,,"PRELIMINARY - NOT APPROVED FOR PROCUREMENT, QUOTATION, FABRICATION, ASSEMBLY, CONNECTION, POWERED TESTING, MOTION, OR ENERGIZATION"
ACC-412,"HR-V0-J2-STOP-PAD-POCKET-FEA-P0.1: Accepted inertia, approach/fault speed, motor-current/torque decay, force-stroke and event spectrum drive an energy-based transient analysis",NOT EXECUTED,OPEN,,,"PRELIMINARY - NOT APPROVED FOR PROCUREMENT, QUOTATION, FABRICATION, ASSEMBLY, CONNECTION, POWERED TESTING, MOTION, OR ENERGIZATION"
ACC-413,"HR-V0-J2-STOP-PAD-POCKET-FEA-P0.1: Deflection, overtravel, rebound, fatigue, damage and stopping-time/angle acceptance limits are allocated and verified",NOT EXECUTED,OPEN,,,"PRELIMINARY - NOT APPROVED FOR PROCUREMENT, QUOTATION, FABRICATION, ASSEMBLY, CONNECTION, POWERED TESTING, MOTION, OR ENERGIZATION"
ACC-414,"HR-V0-J2-STOP-PAD-POCKET-FEA-P0.1: Pad-absent, one-pad, bottom-out and pad-migration fault cases correlate to guarded physical force/strain/angle/current tests",NOT EXECUTED,OPEN,,,"PRELIMINARY - NOT APPROVED FOR PROCUREMENT, QUOTATION, FABRICATION, ASSEMBLY, CONNECTION, POWERED TESTING, MOTION, OR ENERGIZATION"
ACC-415,"HR-V0-J2-STOP-PAD-POCKET-FEA-P0.1: P0.13 DFM, dependent pocket depth, inspection, mass/COM and guard/cable envelopes are accepted",NOT EXECUTED,OPEN,,,"PRELIMINARY - NOT APPROVED FOR PROCUREMENT, QUOTATION, FABRICATION, ASSEMBLY, CONNECTION, POWERED TESTING, MOTION, OR ENERGIZATION"
ACC-416,"HR-V0-J2-STOP-PAD-POCKET-FEA-P0.1: Configuration-bound qualified release and separate fabrication, assembly and powered-work authorities are signed",NOT EXECUTED,OPEN,,,"PRELIMINARY - NOT APPROVED FOR PROCUREMENT, QUOTATION, FABRICATION, ASSEMBLY, CONNECTION, POWERED TESTING, MOTION, OR ENERGIZATION"
