ISO-10303-21;
HEADER;
FILE_DESCRIPTION(('Open CASCADE Model'),'2;1');
FILE_NAME('Open CASCADE Shape Model','1980-01-01T00:00:00',('Author'),(
    'Open CASCADE'),'Open CASCADE STEP processor 7.9','Open CASCADE 7.9'
  ,'Unknown');
FILE_SCHEMA(('AUTOMOTIVE_DESIGN { 1 0 10303 214 1 1 1 1 }'));
ENDSEC;
DATA;
#1 = APPLICATION_PROTOCOL_DEFINITION('international standard',
  'automotive_design',2000,#2);
#2 = APPLICATION_CONTEXT(
  'core data for automotive mechanical design processes');
#3 = SHAPE_DEFINITION_REPRESENTATION(#4,#10);
#4 = PRODUCT_DEFINITION_SHAPE('','',#5);
#5 = PRODUCT_DEFINITION('design','',#6,#9);
#6 = PRODUCT_DEFINITION_FORMATION('','',#7);
#7 = PRODUCT('Open CASCADE STEP translator 7.9 1',
  'Open CASCADE STEP translator 7.9 1','',(#8));
#8 = PRODUCT_CONTEXT('',#2,'mechanical');
#9 = PRODUCT_DEFINITION_CONTEXT('part definition',#2,'design');
#10 = ADVANCED_BREP_SHAPE_REPRESENTATION('',(#11,#15),#3669);
#11 = AXIS2_PLACEMENT_3D('',#12,#13,#14);
#12 = CARTESIAN_POINT('',(0.,0.,0.));
#13 = DIRECTION('',(0.,0.,1.));
#14 = DIRECTION('',(1.,0.,-0.));
#15 = MANIFOLD_SOLID_BREP('',#16);
#16 = CLOSED_SHELL('',(#17,#137,#225,#410,#589,#667,#746,#825,#901,#980,
    #1103,#1158,#1258,#1320,#1462,#1512,#1607,#1683,#1798,#1913,#1991,
    #2106,#2158,#2208,#2235,#2267,#2317,#2522,#2572,#2622,#2695,#2774,
    #2874,#2953,#3048,#3095,#3169,#3282,#3309,#3336,#3393,#3495,#3522,
    #3554,#3581,#3608,#3635,#3662));
#17 = ADVANCED_FACE('',(#18),#32,.F.);
#18 = FACE_BOUND('',#19,.F.);
#19 = EDGE_LOOP('',(#20,#55,#83,#111));
#20 = ORIENTED_EDGE('',*,*,#21,.F.);
#21 = EDGE_CURVE('',#22,#24,#26,.T.);
#22 = VERTEX_POINT('',#23);
#23 = CARTESIAN_POINT('',(-75.,-1.,436.));
#24 = VERTEX_POINT('',#25);
#25 = CARTESIAN_POINT('',(-75.,-1.,578.));
#26 = SURFACE_CURVE('',#27,(#31,#43),.PCURVE_S1.);
#27 = LINE('',#28,#29);
#28 = CARTESIAN_POINT('',(-75.,-1.,434.));
#29 = VECTOR('',#30,1.);
#30 = DIRECTION('',(0.,0.,1.));
#31 = PCURVE('',#32,#37);
#32 = PLANE('',#33);
#33 = AXIS2_PLACEMENT_3D('',#34,#35,#36);
#34 = CARTESIAN_POINT('',(-75.,-3.,434.));
#35 = DIRECTION('',(1.,0.,0.));
#36 = DIRECTION('',(0.,0.,1.));
#37 = DEFINITIONAL_REPRESENTATION('',(#38),#42);
#38 = LINE('',#39,#40);
#39 = CARTESIAN_POINT('',(0.,-2.));
#40 = VECTOR('',#41,1.);
#41 = DIRECTION('',(1.,0.));
#42 = ( GEOMETRIC_REPRESENTATION_CONTEXT(2)
PARAMETRIC_REPRESENTATION_CONTEXT() REPRESENTATION_CONTEXT('2D SPACE',''
  ) );
#43 = PCURVE('',#44,#49);
#44 = CYLINDRICAL_SURFACE('',#45,2.);
#45 = AXIS2_PLACEMENT_3D('',#46,#47,#48);
#46 = CARTESIAN_POINT('',(-73.,-1.,434.));
#47 = DIRECTION('',(0.,0.,1.));
#48 = DIRECTION('',(-1.,-0.,0.));
#49 = DEFINITIONAL_REPRESENTATION('',(#50),#54);
#50 = LINE('',#51,#52);
#51 = CARTESIAN_POINT('',(0.,0.));
#52 = VECTOR('',#53,1.);
#53 = DIRECTION('',(0.,1.));
#54 = ( GEOMETRIC_REPRESENTATION_CONTEXT(2)
PARAMETRIC_REPRESENTATION_CONTEXT() REPRESENTATION_CONTEXT('2D SPACE',''
  ) );
#55 = ORIENTED_EDGE('',*,*,#56,.T.);
#56 = EDGE_CURVE('',#22,#57,#59,.T.);
#57 = VERTEX_POINT('',#58);
#58 = CARTESIAN_POINT('',(-75.,13.,436.));
#59 = SURFACE_CURVE('',#60,(#64,#71),.PCURVE_S1.);
#60 = LINE('',#61,#62);
#61 = CARTESIAN_POINT('',(-75.,-3.,436.));
#62 = VECTOR('',#63,1.);
#63 = DIRECTION('',(0.,1.,0.));
#64 = PCURVE('',#32,#65);
#65 = DEFINITIONAL_REPRESENTATION('',(#66),#70);
#66 = LINE('',#67,#68);
#67 = CARTESIAN_POINT('',(2.,0.));
#68 = VECTOR('',#69,1.);
#69 = DIRECTION('',(0.,-1.));
#70 = ( GEOMETRIC_REPRESENTATION_CONTEXT(2)
PARAMETRIC_REPRESENTATION_CONTEXT() REPRESENTATION_CONTEXT('2D SPACE',''
  ) );
#71 = PCURVE('',#72,#77);
#72 = CYLINDRICAL_SURFACE('',#73,2.);
#73 = AXIS2_PLACEMENT_3D('',#74,#75,#76);
#74 = CARTESIAN_POINT('',(-73.,-3.,436.));
#75 = DIRECTION('',(0.,1.,0.));
#76 = DIRECTION('',(-1.,0.,0.));
#77 = DEFINITIONAL_REPRESENTATION('',(#78),#82);
#78 = LINE('',#79,#80);
#79 = CARTESIAN_POINT('',(-0.,0.));
#80 = VECTOR('',#81,1.);
#81 = DIRECTION('',(-0.,1.));
#82 = ( GEOMETRIC_REPRESENTATION_CONTEXT(2)
PARAMETRIC_REPRESENTATION_CONTEXT() REPRESENTATION_CONTEXT('2D SPACE',''
  ) );
#83 = ORIENTED_EDGE('',*,*,#84,.T.);
#84 = EDGE_CURVE('',#57,#85,#87,.T.);
#85 = VERTEX_POINT('',#86);
#86 = CARTESIAN_POINT('',(-75.,13.,578.));
#87 = SURFACE_CURVE('',#88,(#92,#99),.PCURVE_S1.);
#88 = LINE('',#89,#90);
#89 = CARTESIAN_POINT('',(-75.,13.,434.));
#90 = VECTOR('',#91,1.);
#91 = DIRECTION('',(0.,0.,1.));
#92 = PCURVE('',#32,#93);
#93 = DEFINITIONAL_REPRESENTATION('',(#94),#98);
#94 = LINE('',#95,#96);
#95 = CARTESIAN_POINT('',(0.,-16.));
#96 = VECTOR('',#97,1.);
#97 = DIRECTION('',(1.,0.));
#98 = ( GEOMETRIC_REPRESENTATION_CONTEXT(2)
PARAMETRIC_REPRESENTATION_CONTEXT() REPRESENTATION_CONTEXT('2D SPACE',''
  ) );
#99 = PCURVE('',#100,#105);
#100 = CYLINDRICAL_SURFACE('',#101,2.);
#101 = AXIS2_PLACEMENT_3D('',#102,#103,#104);
#102 = CARTESIAN_POINT('',(-73.,13.,434.));
#103 = DIRECTION('',(0.,0.,1.));
#104 = DIRECTION('',(-1.,-0.,0.));
#105 = DEFINITIONAL_REPRESENTATION('',(#106),#110);
#106 = LINE('',#107,#108);
#107 = CARTESIAN_POINT('',(-0.,0.));
#108 = VECTOR('',#109,1.);
#109 = DIRECTION('',(-0.,1.));
#110 = ( GEOMETRIC_REPRESENTATION_CONTEXT(2)
PARAMETRIC_REPRESENTATION_CONTEXT() REPRESENTATION_CONTEXT('2D SPACE',''
  ) );
#111 = ORIENTED_EDGE('',*,*,#112,.F.);
#112 = EDGE_CURVE('',#24,#85,#113,.T.);
#113 = SURFACE_CURVE('',#114,(#118,#125),.PCURVE_S1.);
#114 = LINE('',#115,#116);
#115 = CARTESIAN_POINT('',(-75.,-3.,578.));
#116 = VECTOR('',#117,1.);
#117 = DIRECTION('',(0.,1.,0.));
#118 = PCURVE('',#32,#119);
#119 = DEFINITIONAL_REPRESENTATION('',(#120),#124);
#120 = LINE('',#121,#122);
#121 = CARTESIAN_POINT('',(144.,0.));
#122 = VECTOR('',#123,1.);
#123 = DIRECTION('',(0.,-1.));
#124 = ( GEOMETRIC_REPRESENTATION_CONTEXT(2)
PARAMETRIC_REPRESENTATION_CONTEXT() REPRESENTATION_CONTEXT('2D SPACE',''
  ) );
#125 = PCURVE('',#126,#131);
#126 = CYLINDRICAL_SURFACE('',#127,2.);
#127 = AXIS2_PLACEMENT_3D('',#128,#129,#130);
#128 = CARTESIAN_POINT('',(-73.,-3.,578.));
#129 = DIRECTION('',(0.,1.,0.));
#130 = DIRECTION('',(-1.,0.,0.));
#131 = DEFINITIONAL_REPRESENTATION('',(#132),#136);
#132 = LINE('',#133,#134);
#133 = CARTESIAN_POINT('',(0.,0.));
#134 = VECTOR('',#135,1.);
#135 = DIRECTION('',(0.,1.));
#136 = ( GEOMETRIC_REPRESENTATION_CONTEXT(2)
PARAMETRIC_REPRESENTATION_CONTEXT() REPRESENTATION_CONTEXT('2D SPACE',''
  ) );
#137 = ADVANCED_FACE('',(#138),#44,.T.);
#138 = FACE_BOUND('',#139,.T.);
#139 = EDGE_LOOP('',(#140,#141,#170,#198));
#140 = ORIENTED_EDGE('',*,*,#21,.F.);
#141 = ORIENTED_EDGE('',*,*,#142,.T.);
#142 = EDGE_CURVE('',#22,#143,#145,.T.);
#143 = VERTEX_POINT('',#144);
#144 = CARTESIAN_POINT('',(-73.,-3.,436.));
#145 = SURFACE_CURVE('',#146,(#151,#158),.PCURVE_S1.);
#146 = CIRCLE('',#147,2.);
#147 = AXIS2_PLACEMENT_3D('',#148,#149,#150);
#148 = CARTESIAN_POINT('',(-73.,-1.,436.));
#149 = DIRECTION('',(0.,0.,1.));
#150 = DIRECTION('',(-1.,0.,0.));
#151 = PCURVE('',#44,#152);
#152 = DEFINITIONAL_REPRESENTATION('',(#153),#157);
#153 = LINE('',#154,#155);
#154 = CARTESIAN_POINT('',(0.,2.));
#155 = VECTOR('',#156,1.);
#156 = DIRECTION('',(1.,0.));
#157 = ( GEOMETRIC_REPRESENTATION_CONTEXT(2)
PARAMETRIC_REPRESENTATION_CONTEXT() REPRESENTATION_CONTEXT('2D SPACE',''
  ) );
#158 = PCURVE('',#159,#164);
#159 = SPHERICAL_SURFACE('',#160,2.);
#160 = AXIS2_PLACEMENT_3D('',#161,#162,#163);
#161 = CARTESIAN_POINT('',(-73.,-1.,436.));
#162 = DIRECTION('',(0.,0.,1.));
#163 = DIRECTION('',(-1.,0.,0.));
#164 = DEFINITIONAL_REPRESENTATION('',(#165),#169);
#165 = LINE('',#166,#167);
#166 = CARTESIAN_POINT('',(0.,0.));
#167 = VECTOR('',#168,1.);
#168 = DIRECTION('',(1.,0.));
#169 = ( GEOMETRIC_REPRESENTATION_CONTEXT(2)
PARAMETRIC_REPRESENTATION_CONTEXT() REPRESENTATION_CONTEXT('2D SPACE',''
  ) );
#170 = ORIENTED_EDGE('',*,*,#171,.T.);
#171 = EDGE_CURVE('',#143,#172,#174,.T.);
#172 = VERTEX_POINT('',#173);
#173 = CARTESIAN_POINT('',(-73.,-3.,578.));
#174 = SURFACE_CURVE('',#175,(#179,#186),.PCURVE_S1.);
#175 = LINE('',#176,#177);
#176 = CARTESIAN_POINT('',(-73.,-3.,434.));
#177 = VECTOR('',#178,1.);
#178 = DIRECTION('',(0.,0.,1.));
#179 = PCURVE('',#44,#180);
#180 = DEFINITIONAL_REPRESENTATION('',(#181),#185);
#181 = LINE('',#182,#183);
#182 = CARTESIAN_POINT('',(1.570796326795,0.));
#183 = VECTOR('',#184,1.);
#184 = DIRECTION('',(0.,1.));
#185 = ( GEOMETRIC_REPRESENTATION_CONTEXT(2)
PARAMETRIC_REPRESENTATION_CONTEXT() REPRESENTATION_CONTEXT('2D SPACE',''
  ) );
#186 = PCURVE('',#187,#192);
#187 = PLANE('',#188);
#188 = AXIS2_PLACEMENT_3D('',#189,#190,#191);
#189 = CARTESIAN_POINT('',(-75.,-3.,434.));
#190 = DIRECTION('',(0.,1.,0.));
#191 = DIRECTION('',(0.,0.,1.));
#192 = DEFINITIONAL_REPRESENTATION('',(#193),#197);
#193 = LINE('',#194,#195);
#194 = CARTESIAN_POINT('',(0.,2.));
#195 = VECTOR('',#196,1.);
#196 = DIRECTION('',(1.,0.));
#197 = ( GEOMETRIC_REPRESENTATION_CONTEXT(2)
PARAMETRIC_REPRESENTATION_CONTEXT() REPRESENTATION_CONTEXT('2D SPACE',''
  ) );
#198 = ORIENTED_EDGE('',*,*,#199,.F.);
#199 = EDGE_CURVE('',#24,#172,#200,.T.);
#200 = SURFACE_CURVE('',#201,(#206,#213),.PCURVE_S1.);
#201 = CIRCLE('',#202,2.);
#202 = AXIS2_PLACEMENT_3D('',#203,#204,#205);
#203 = CARTESIAN_POINT('',(-73.,-1.,578.));
#204 = DIRECTION('',(0.,0.,1.));
#205 = DIRECTION('',(-1.,0.,0.));
#206 = PCURVE('',#44,#207);
#207 = DEFINITIONAL_REPRESENTATION('',(#208),#212);
#208 = LINE('',#209,#210);
#209 = CARTESIAN_POINT('',(0.,144.));
#210 = VECTOR('',#211,1.);
#211 = DIRECTION('',(1.,0.));
#212 = ( GEOMETRIC_REPRESENTATION_CONTEXT(2)
PARAMETRIC_REPRESENTATION_CONTEXT() REPRESENTATION_CONTEXT('2D SPACE',''
  ) );
#213 = PCURVE('',#214,#219);
#214 = SPHERICAL_SURFACE('',#215,2.);
#215 = AXIS2_PLACEMENT_3D('',#216,#217,#218);
#216 = CARTESIAN_POINT('',(-73.,-1.,578.));
#217 = DIRECTION('',(-0.,-0.,-1.));
#218 = DIRECTION('',(-1.,0.,0.));
#219 = DEFINITIONAL_REPRESENTATION('',(#220),#224);
#220 = LINE('',#221,#222);
#221 = CARTESIAN_POINT('',(-0.,0.));
#222 = VECTOR('',#223,1.);
#223 = DIRECTION('',(-1.,0.));
#224 = ( GEOMETRIC_REPRESENTATION_CONTEXT(2)
PARAMETRIC_REPRESENTATION_CONTEXT() REPRESENTATION_CONTEXT('2D SPACE',''
  ) );
#225 = ADVANCED_FACE('',(#226),#72,.T.);
#226 = FACE_BOUND('',#227,.F.);
#227 = EDGE_LOOP('',(#228,#252,#295,#321,#382,#409));
#228 = ORIENTED_EDGE('',*,*,#229,.F.);
#229 = EDGE_CURVE('',#230,#22,#232,.T.);
#230 = VERTEX_POINT('',#231);
#231 = CARTESIAN_POINT('',(-73.2213349518,-1.,434.01228502065));
#232 = SURFACE_CURVE('',#233,(#238,#245),.PCURVE_S1.);
#233 = CIRCLE('',#234,2.);
#234 = AXIS2_PLACEMENT_3D('',#235,#236,#237);
#235 = CARTESIAN_POINT('',(-73.,-1.,436.));
#236 = DIRECTION('',(0.,1.,-0.));
#237 = DIRECTION('',(-1.,0.,0.));
#238 = PCURVE('',#72,#239);
#239 = DEFINITIONAL_REPRESENTATION('',(#240),#244);
#240 = LINE('',#241,#242);
#241 = CARTESIAN_POINT('',(-6.28318530718,2.));
#242 = VECTOR('',#243,1.);
#243 = DIRECTION('',(1.,-0.));
#244 = ( GEOMETRIC_REPRESENTATION_CONTEXT(2)
PARAMETRIC_REPRESENTATION_CONTEXT() REPRESENTATION_CONTEXT('2D SPACE',''
  ) );
#245 = PCURVE('',#159,#246);
#246 = DEFINITIONAL_REPRESENTATION('',(#247),#251);
#247 = LINE('',#248,#249);
#248 = CARTESIAN_POINT('',(0.,-6.28318530718));
#249 = VECTOR('',#250,1.);
#250 = DIRECTION('',(0.,1.));
#251 = ( GEOMETRIC_REPRESENTATION_CONTEXT(2)
PARAMETRIC_REPRESENTATION_CONTEXT() REPRESENTATION_CONTEXT('2D SPACE',''
  ) );
#252 = ORIENTED_EDGE('',*,*,#253,.F.);
#253 = EDGE_CURVE('',#254,#230,#256,.T.);
#254 = VERTEX_POINT('',#255);
#255 = CARTESIAN_POINT('',(-73.48544619372,-0.25,434.05980877411));
#256 = SURFACE_CURVE('',#257,(#266,#278),.PCURVE_S1.);
#257 = B_SPLINE_CURVE_WITH_KNOTS('',7,(#258,#259,#260,#261,#262,#263,
    #264,#265),.UNSPECIFIED.,.F.,.F.,(8,8),(0.,1.),
  .PIECEWISE_BEZIER_KNOTS.);
#258 = CARTESIAN_POINT('',(-73.48544619372,-0.25,434.05980877411));
#259 = CARTESIAN_POINT('',(-73.48544619372,-0.36388872038,
    434.05980877411));
#260 = CARTESIAN_POINT('',(-73.4727072068,-0.477573068669,
    434.05662079214));
#261 = CARTESIAN_POINT('',(-73.44731018892,-0.589889218824,
    434.05026859487));
#262 = CARTESIAN_POINT('',(-73.40929686809,-0.699614979757,
    434.0413128057));
#263 = CARTESIAN_POINT('',(-73.35874309109,-0.805436950514,
    434.03089206362));
#264 = CARTESIAN_POINT('',(-73.2959309531,-0.906022578732,
    434.02059137571));
#265 = CARTESIAN_POINT('',(-73.22133447554,-1.0000006,434.01228496762));
#266 = PCURVE('',#72,#267);
#267 = DEFINITIONAL_REPRESENTATION('',(#268),#277);
#268 = B_SPLINE_CURVE_WITH_KNOTS('',7,(#269,#270,#271,#272,#273,#274,
    #275,#276),.UNSPECIFIED.,.F.,.F.,(8,8),(0.,1.),
  .PIECEWISE_BEZIER_KNOTS.);
#269 = CARTESIAN_POINT('',(-1.325624417462,2.75));
#270 = CARTESIAN_POINT('',(-1.325624417462,2.63611127962));
#271 = CARTESIAN_POINT('',(-1.332190361642,2.522426931331));
#272 = CARTESIAN_POINT('',(-1.345279906879,2.410110781176));
#273 = CARTESIAN_POINT('',(-1.364805471828,2.300385020243));
#274 = CARTESIAN_POINT('',(-1.390590052254,2.194563049486));
#275 = CARTESIAN_POINT('',(-1.422373181679,2.093977421268));
#276 = CARTESIAN_POINT('',(-1.459901940251,1.9999994));
#277 = ( GEOMETRIC_REPRESENTATION_CONTEXT(2)
PARAMETRIC_REPRESENTATION_CONTEXT() REPRESENTATION_CONTEXT('2D SPACE',''
  ) );
#278 = PCURVE('',#279,#284);
#279 = SPHERICAL_SURFACE('',#280,1.25);
#280 = AXIS2_PLACEMENT_3D('',#281,#282,#283);
#281 = CARTESIAN_POINT('',(-72.25,-0.25,434.25));
#282 = DIRECTION('',(0.,0.,1.));
#283 = DIRECTION('',(-1.,0.,0.));
#284 = DEFINITIONAL_REPRESENTATION('',(#285),#294);
#285 = B_SPLINE_CURVE_WITH_KNOTS('',7,(#286,#287,#288,#289,#290,#291,
    #292,#293),.UNSPECIFIED.,.F.,.F.,(8,8),(0.,1.),
  .PIECEWISE_BEZIER_KNOTS.);
#286 = CARTESIAN_POINT('',(0.,-0.152746252627));
#287 = CARTESIAN_POINT('',(9.218428204963E-02,-0.152746252627));
#288 = CARTESIAN_POINT('',(0.184202188192,-0.155326512784));
#289 = CARTESIAN_POINT('',(0.276550267332,-0.16046874542));
#290 = CARTESIAN_POINT('',(0.369635262886,-0.167723054623));
#291 = CARTESIAN_POINT('',(0.463895391311,-0.176185310893));
#292 = CARTESIAN_POINT('',(0.559753352817,-0.184568718134));
#293 = CARTESIAN_POINT('',(0.657517177336,-0.191337367154));
#294 = ( GEOMETRIC_REPRESENTATION_CONTEXT(2)
PARAMETRIC_REPRESENTATION_CONTEXT() REPRESENTATION_CONTEXT('2D SPACE',''
  ) );
#295 = ORIENTED_EDGE('',*,*,#296,.T.);
#296 = EDGE_CURVE('',#254,#297,#299,.T.);
#297 = VERTEX_POINT('',#298);
#298 = CARTESIAN_POINT('',(-73.48544619372,12.25,434.05980877411));
#299 = SURFACE_CURVE('',#300,(#304,#310),.PCURVE_S1.);
#300 = LINE('',#301,#302);
#301 = CARTESIAN_POINT('',(-73.48544619372,-3.,434.05980877411));
#302 = VECTOR('',#303,1.);
#303 = DIRECTION('',(0.,1.,0.));
#304 = PCURVE('',#72,#305);
#305 = DEFINITIONAL_REPRESENTATION('',(#306),#309);
#306 = B_SPLINE_CURVE_WITH_KNOTS('',1,(#307,#308),.UNSPECIFIED.,.F.,.F.,
  (2,2),(2.7499994,15.2500006),.PIECEWISE_BEZIER_KNOTS.);
#307 = CARTESIAN_POINT('',(-1.325624417462,2.7499994));
#308 = CARTESIAN_POINT('',(-1.325624417462,15.2500006));
#309 = ( GEOMETRIC_REPRESENTATION_CONTEXT(2)
PARAMETRIC_REPRESENTATION_CONTEXT() REPRESENTATION_CONTEXT('2D SPACE',''
  ) );
#310 = PCURVE('',#311,#316);
#311 = CYLINDRICAL_SURFACE('',#312,1.25);
#312 = AXIS2_PLACEMENT_3D('',#313,#314,#315);
#313 = CARTESIAN_POINT('',(-72.25,-1.5,434.25));
#314 = DIRECTION('',(0.,1.,0.));
#315 = DIRECTION('',(-1.,0.,0.));
#316 = DEFINITIONAL_REPRESENTATION('',(#317),#320);
#317 = B_SPLINE_CURVE_WITH_KNOTS('',1,(#318,#319),.UNSPECIFIED.,.F.,.F.,
  (2,2),(2.7499994,15.2500006),.PIECEWISE_BEZIER_KNOTS.);
#318 = CARTESIAN_POINT('',(-0.152746252627,1.2499994));
#319 = CARTESIAN_POINT('',(-0.152746252627,13.7500006));
#320 = ( GEOMETRIC_REPRESENTATION_CONTEXT(2)
PARAMETRIC_REPRESENTATION_CONTEXT() REPRESENTATION_CONTEXT('2D SPACE',''
  ) );
#321 = ORIENTED_EDGE('',*,*,#322,.F.);
#322 = EDGE_CURVE('',#323,#297,#325,.T.);
#323 = VERTEX_POINT('',#324);
#324 = CARTESIAN_POINT('',(-73.2213349518,13.,434.01228502065));
#325 = SURFACE_CURVE('',#326,(#341,#359),.PCURVE_S1.);
#326 = B_SPLINE_CURVE_WITH_KNOTS('',5,(#327,#328,#329,#330,#331,#332,
    #333,#334,#335,#336,#337,#338,#339,#340),.UNSPECIFIED.,.F.,.F.,(6,4,
    4,6),(0.,0.445367890718,0.879616482431,1.),.UNSPECIFIED.);
#327 = CARTESIAN_POINT('',(-73.22133447554,13.000000600004,
    434.01228496762));
#328 = CARTESIAN_POINT('',(-73.26785515679,12.94139298587,434.0174651018
    ));
#329 = CARTESIAN_POINT('',(-73.30947311693,12.880022498368,
    434.02347721591));
#330 = CARTESIAN_POINT('',(-73.34602908263,12.816321683354,
    434.02974032543));
#331 = CARTESIAN_POINT('',(-73.37743458015,12.750711303018,
    434.03575484415));
#332 = CARTESIAN_POINT('',(-73.42919158237,12.61813912285,
    434.04641990704));
#333 = CARTESIAN_POINT('',(-73.44979797684,12.551255300935,
    434.05110047795));
#334 = CARTESIAN_POINT('',(-73.465411275,12.48330936992,434.05485556272)
  );
#335 = CARTESIAN_POINT('',(-73.47600912155,12.414675308627,434.057463438
    ));
#336 = CARTESIAN_POINT('',(-73.48312800708,12.326614793011,
    434.05922956966));
#337 = CARTESIAN_POINT('',(-73.48428705563,12.307477121231,
    434.05951875175));
#338 = CARTESIAN_POINT('',(-73.48505981408,12.288323444716,
    434.05971209945));
#339 = CARTESIAN_POINT('',(-73.48544619372,12.269161754763,
    434.05980877411));
#340 = CARTESIAN_POINT('',(-73.48544619372,12.25,434.05980877411));
#341 = PCURVE('',#72,#342);
#342 = DEFINITIONAL_REPRESENTATION('',(#343),#358);
#343 = B_SPLINE_CURVE_WITH_KNOTS('',5,(#344,#345,#346,#347,#348,#349,
    #350,#351,#352,#353,#354,#355,#356,#357),.UNSPECIFIED.,.F.,.F.,(6,4,
    4,6),(0.,0.445367890718,0.879616482431,1.),.UNSPECIFIED.);
#344 = CARTESIAN_POINT('',(-1.459901940251,16.000000600004));
#345 = CARTESIAN_POINT('',(-1.436497840317,15.94139298587));
#346 = CARTESIAN_POINT('',(-1.415483996522,15.880022498368));
#347 = CARTESIAN_POINT('',(-1.396945055095,15.816321683354));
#348 = CARTESIAN_POINT('',(-1.380958517079,15.750711303018));
#349 = CARTESIAN_POINT('',(-1.354536315975,15.61813912285));
#350 = CARTESIAN_POINT('',(-1.343972764648,15.551255300935));
#351 = CARTESIAN_POINT('',(-1.33594342444,15.48330936992));
#352 = CARTESIAN_POINT('',(-1.330486489245,15.414675308627));
#353 = CARTESIAN_POINT('',(-1.326819141696,15.326614793011));
#354 = CARTESIAN_POINT('',(-1.326221852338,15.307477121231));
#355 = CARTESIAN_POINT('',(-1.325823562831,15.288323444716));
#356 = CARTESIAN_POINT('',(-1.325624417462,15.269161754763));
#357 = CARTESIAN_POINT('',(-1.325624417462,15.25));
#358 = ( GEOMETRIC_REPRESENTATION_CONTEXT(2)
PARAMETRIC_REPRESENTATION_CONTEXT() REPRESENTATION_CONTEXT('2D SPACE',''
  ) );
#359 = PCURVE('',#360,#365);
#360 = SPHERICAL_SURFACE('',#361,1.25);
#361 = AXIS2_PLACEMENT_3D('',#362,#363,#364);
#362 = CARTESIAN_POINT('',(-72.25,12.25,434.25));
#363 = DIRECTION('',(0.,0.,1.));
#364 = DIRECTION('',(-1.,0.,0.));
#365 = DEFINITIONAL_REPRESENTATION('',(#366),#381);
#366 = B_SPLINE_CURVE_WITH_KNOTS('',5,(#367,#368,#369,#370,#371,#372,
    #373,#374,#375,#376,#377,#378,#379,#380),.UNSPECIFIED.,.F.,.F.,(6,4,
    4,6),(0.,0.445367890718,0.879616482431,1.),.UNSPECIFIED.);
#367 = CARTESIAN_POINT('',(-0.657517177339,-0.191337367153));
#368 = CARTESIAN_POINT('',(-0.596548618665,-0.18711622731));
#369 = CARTESIAN_POINT('',(-0.53636441472,-0.182221406715));
#370 = CARTESIAN_POINT('',(-0.476879836156,-0.177129195526));
#371 = CARTESIAN_POINT('',(-0.41797288778,-0.17224494766));
#372 = CARTESIAN_POINT('',(-0.302505338105,-0.163591261047));
#373 = CARTESIAN_POINT('',(-0.245925816052,-0.159797299828));
#374 = CARTESIAN_POINT('',(-0.189650627083,-0.156756193142));
#375 = CARTESIAN_POINT('',(-0.1335677918,-0.154644805762));
#376 = CARTESIAN_POINT('',(-6.204869352545E-02,-0.153215084193));
#377 = CARTESIAN_POINT('',(-4.653207698635E-02,-0.15298100375));
#378 = CARTESIAN_POINT('',(-3.101992322198E-02,-0.15282450339));
#379 = CARTESIAN_POINT('',(-1.550998729103E-02,-0.152746252627));
#380 = CARTESIAN_POINT('',(0.,-0.152746252627));
#381 = ( GEOMETRIC_REPRESENTATION_CONTEXT(2)
PARAMETRIC_REPRESENTATION_CONTEXT() REPRESENTATION_CONTEXT('2D SPACE',''
  ) );
#382 = ORIENTED_EDGE('',*,*,#383,.T.);
#383 = EDGE_CURVE('',#323,#57,#384,.T.);
#384 = SURFACE_CURVE('',#385,(#390,#397),.PCURVE_S1.);
#385 = CIRCLE('',#386,2.);
#386 = AXIS2_PLACEMENT_3D('',#387,#388,#389);
#387 = CARTESIAN_POINT('',(-73.,13.,436.));
#388 = DIRECTION('',(0.,1.,-0.));
#389 = DIRECTION('',(-1.,0.,0.));
#390 = PCURVE('',#72,#391);
#391 = DEFINITIONAL_REPRESENTATION('',(#392),#396);
#392 = LINE('',#393,#394);
#393 = CARTESIAN_POINT('',(-6.28318530718,16.));
#394 = VECTOR('',#395,1.);
#395 = DIRECTION('',(1.,-0.));
#396 = ( GEOMETRIC_REPRESENTATION_CONTEXT(2)
PARAMETRIC_REPRESENTATION_CONTEXT() REPRESENTATION_CONTEXT('2D SPACE',''
  ) );
#397 = PCURVE('',#398,#403);
#398 = SPHERICAL_SURFACE('',#399,2.);
#399 = AXIS2_PLACEMENT_3D('',#400,#401,#402);
#400 = CARTESIAN_POINT('',(-73.,13.,436.));
#401 = DIRECTION('',(0.,0.,1.));
#402 = DIRECTION('',(-1.,0.,0.));
#403 = DEFINITIONAL_REPRESENTATION('',(#404),#408);
#404 = LINE('',#405,#406);
#405 = CARTESIAN_POINT('',(-0.,-6.28318530718));
#406 = VECTOR('',#407,1.);
#407 = DIRECTION('',(-0.,1.));
#408 = ( GEOMETRIC_REPRESENTATION_CONTEXT(2)
PARAMETRIC_REPRESENTATION_CONTEXT() REPRESENTATION_CONTEXT('2D SPACE',''
  ) );
#409 = ORIENTED_EDGE('',*,*,#56,.F.);
#410 = ADVANCED_FACE('',(#411),#126,.T.);
#411 = FACE_BOUND('',#412,.T.);
#412 = EDGE_LOOP('',(#413,#437,#480,#506,#561,#588));
#413 = ORIENTED_EDGE('',*,*,#414,.F.);
#414 = EDGE_CURVE('',#415,#24,#417,.T.);
#415 = VERTEX_POINT('',#416);
#416 = CARTESIAN_POINT('',(-73.2213349518,-1.,579.98771497934));
#417 = SURFACE_CURVE('',#418,(#423,#430),.PCURVE_S1.);
#418 = CIRCLE('',#419,2.);
#419 = AXIS2_PLACEMENT_3D('',#420,#421,#422);
#420 = CARTESIAN_POINT('',(-73.,-1.,578.));
#421 = DIRECTION('',(0.,-1.,0.));
#422 = DIRECTION('',(-1.,0.,0.));
#423 = PCURVE('',#126,#424);
#424 = DEFINITIONAL_REPRESENTATION('',(#425),#429);
#425 = LINE('',#426,#427);
#426 = CARTESIAN_POINT('',(6.28318530718,2.));
#427 = VECTOR('',#428,1.);
#428 = DIRECTION('',(-1.,-0.));
#429 = ( GEOMETRIC_REPRESENTATION_CONTEXT(2)
PARAMETRIC_REPRESENTATION_CONTEXT() REPRESENTATION_CONTEXT('2D SPACE',''
  ) );
#430 = PCURVE('',#214,#431);
#431 = DEFINITIONAL_REPRESENTATION('',(#432),#436);
#432 = LINE('',#433,#434);
#433 = CARTESIAN_POINT('',(-0.,-6.28318530718));
#434 = VECTOR('',#435,1.);
#435 = DIRECTION('',(-0.,1.));
#436 = ( GEOMETRIC_REPRESENTATION_CONTEXT(2)
PARAMETRIC_REPRESENTATION_CONTEXT() REPRESENTATION_CONTEXT('2D SPACE',''
  ) );
#437 = ORIENTED_EDGE('',*,*,#438,.F.);
#438 = EDGE_CURVE('',#439,#415,#441,.T.);
#439 = VERTEX_POINT('',#440);
#440 = CARTESIAN_POINT('',(-73.48544619372,-0.25,579.94019122588));
#441 = SURFACE_CURVE('',#442,(#451,#463),.PCURVE_S1.);
#442 = B_SPLINE_CURVE_WITH_KNOTS('',7,(#443,#444,#445,#446,#447,#448,
    #449,#450),.UNSPECIFIED.,.F.,.F.,(8,8),(0.,1.),
  .PIECEWISE_BEZIER_KNOTS.);
#443 = CARTESIAN_POINT('',(-73.48544619372,-0.25,579.94019122588));
#444 = CARTESIAN_POINT('',(-73.48544619372,-0.363888720381,
    579.94019122588));
#445 = CARTESIAN_POINT('',(-73.4727072068,-0.477573068668,
    579.94337920785));
#446 = CARTESIAN_POINT('',(-73.44731018892,-0.589889218825,
    579.94973140512));
#447 = CARTESIAN_POINT('',(-73.40929686809,-0.699614979756,
    579.95868719429));
#448 = CARTESIAN_POINT('',(-73.35874309109,-0.805436950514,
    579.96910793637));
#449 = CARTESIAN_POINT('',(-73.2959309531,-0.906022578732,
    579.97940862428));
#450 = CARTESIAN_POINT('',(-73.22133447554,-1.0000006,579.98771503237));
#451 = PCURVE('',#126,#452);
#452 = DEFINITIONAL_REPRESENTATION('',(#453),#462);
#453 = B_SPLINE_CURVE_WITH_KNOTS('',7,(#454,#455,#456,#457,#458,#459,
    #460,#461),.UNSPECIFIED.,.F.,.F.,(8,8),(0.,1.),
  .PIECEWISE_BEZIER_KNOTS.);
#454 = CARTESIAN_POINT('',(1.325624417462,2.75));
#455 = CARTESIAN_POINT('',(1.325624417462,2.636111279619));
#456 = CARTESIAN_POINT('',(1.332190361642,2.522426931332));
#457 = CARTESIAN_POINT('',(1.345279906879,2.410110781175));
#458 = CARTESIAN_POINT('',(1.364805471828,2.300385020244));
#459 = CARTESIAN_POINT('',(1.390590052254,2.194563049486));
#460 = CARTESIAN_POINT('',(1.422373181679,2.093977421268));
#461 = CARTESIAN_POINT('',(1.459901940251,1.9999994));
#462 = ( GEOMETRIC_REPRESENTATION_CONTEXT(2)
PARAMETRIC_REPRESENTATION_CONTEXT() REPRESENTATION_CONTEXT('2D SPACE',''
  ) );
#463 = PCURVE('',#464,#469);
#464 = SPHERICAL_SURFACE('',#465,1.25);
#465 = AXIS2_PLACEMENT_3D('',#466,#467,#468);
#466 = CARTESIAN_POINT('',(-72.25,-0.25,579.75));
#467 = DIRECTION('',(-0.,-0.,-1.));
#468 = DIRECTION('',(-1.,0.,0.));
#469 = DEFINITIONAL_REPRESENTATION('',(#470),#479);
#470 = B_SPLINE_CURVE_WITH_KNOTS('',7,(#471,#472,#473,#474,#475,#476,
    #477,#478),.UNSPECIFIED.,.F.,.F.,(8,8),(0.,1.),
  .PIECEWISE_BEZIER_KNOTS.);
#471 = CARTESIAN_POINT('',(0.,-0.152746252627));
#472 = CARTESIAN_POINT('',(-9.218428205069E-02,-0.152746252627));
#473 = CARTESIAN_POINT('',(-0.18420218819,-0.155326512785));
#474 = CARTESIAN_POINT('',(-0.276550267333,-0.16046874542));
#475 = CARTESIAN_POINT('',(-0.369635262886,-0.167723054623));
#476 = CARTESIAN_POINT('',(-0.463895391311,-0.176185310893));
#477 = CARTESIAN_POINT('',(-0.559753352817,-0.184568718134));
#478 = CARTESIAN_POINT('',(-0.657517177336,-0.191337367154));
#479 = ( GEOMETRIC_REPRESENTATION_CONTEXT(2)
PARAMETRIC_REPRESENTATION_CONTEXT() REPRESENTATION_CONTEXT('2D SPACE',''
  ) );
#480 = ORIENTED_EDGE('',*,*,#481,.T.);
#481 = EDGE_CURVE('',#439,#482,#484,.T.);
#482 = VERTEX_POINT('',#483);
#483 = CARTESIAN_POINT('',(-73.48544619372,12.25,579.94019122588));
#484 = SURFACE_CURVE('',#485,(#489,#495),.PCURVE_S1.);
#485 = LINE('',#486,#487);
#486 = CARTESIAN_POINT('',(-73.48544619372,-3.,579.94019122588));
#487 = VECTOR('',#488,1.);
#488 = DIRECTION('',(0.,1.,0.));
#489 = PCURVE('',#126,#490);
#490 = DEFINITIONAL_REPRESENTATION('',(#491),#494);
#491 = B_SPLINE_CURVE_WITH_KNOTS('',1,(#492,#493),.UNSPECIFIED.,.F.,.F.,
  (2,2),(2.7499994,15.2500006),.PIECEWISE_BEZIER_KNOTS.);
#492 = CARTESIAN_POINT('',(1.325624417462,2.7499994));
#493 = CARTESIAN_POINT('',(1.325624417462,15.2500006));
#494 = ( GEOMETRIC_REPRESENTATION_CONTEXT(2)
PARAMETRIC_REPRESENTATION_CONTEXT() REPRESENTATION_CONTEXT('2D SPACE',''
  ) );
#495 = PCURVE('',#496,#501);
#496 = CYLINDRICAL_SURFACE('',#497,1.25);
#497 = AXIS2_PLACEMENT_3D('',#498,#499,#500);
#498 = CARTESIAN_POINT('',(-72.25,-1.5,579.75));
#499 = DIRECTION('',(0.,1.,0.));
#500 = DIRECTION('',(-1.,0.,0.));
#501 = DEFINITIONAL_REPRESENTATION('',(#502),#505);
#502 = B_SPLINE_CURVE_WITH_KNOTS('',1,(#503,#504),.UNSPECIFIED.,.F.,.F.,
  (2,2),(2.7499994,15.2500006),.PIECEWISE_BEZIER_KNOTS.);
#503 = CARTESIAN_POINT('',(0.152746252627,1.2499994));
#504 = CARTESIAN_POINT('',(0.152746252627,13.7500006));
#505 = ( GEOMETRIC_REPRESENTATION_CONTEXT(2)
PARAMETRIC_REPRESENTATION_CONTEXT() REPRESENTATION_CONTEXT('2D SPACE',''
  ) );
#506 = ORIENTED_EDGE('',*,*,#507,.F.);
#507 = EDGE_CURVE('',#508,#482,#510,.T.);
#508 = VERTEX_POINT('',#509);
#509 = CARTESIAN_POINT('',(-73.2213349518,13.,579.98771497934));
#510 = SURFACE_CURVE('',#511,(#524,#540),.PCURVE_S1.);
#511 = B_SPLINE_CURVE_WITH_KNOTS('',6,(#512,#513,#514,#515,#516,#517,
    #518,#519,#520,#521,#522,#523),.UNSPECIFIED.,.F.,.F.,(7,5,7),(0.,
    0.446377039843,1.),.UNSPECIFIED.);
#512 = CARTESIAN_POINT('',(-73.22133447554,13.000000600004,
    579.98771503237));
#513 = CARTESIAN_POINT('',(-73.26013581676,12.951117953134,
    579.98339445605));
#514 = CARTESIAN_POINT('',(-73.29570041234,12.900342711006,
    579.97851411271));
#515 = CARTESIAN_POINT('',(-73.32791799407,12.847909394729,
    579.97336515453));
#516 = CARTESIAN_POINT('',(-73.35671943326,12.794043940075,
    579.9682156075));
#517 = CARTESIAN_POINT('',(-73.38206243686,12.738962598839,
    579.96329477186));
#518 = CARTESIAN_POINT('',(-73.43102896738,12.613300728476,
    579.95319742381));
#519 = CARTESIAN_POINT('',(-73.45277458909,12.542180291192,
    579.94824358719));
#520 = CARTESIAN_POINT('',(-73.469105913,12.46990302355,579.94428033558)
  );
#521 = CARTESIAN_POINT('',(-73.47999894832,12.396857863567,
    579.94155373523));
#522 = CARTESIAN_POINT('',(-73.48544619372,12.323429584108,
    579.94019122588));
#523 = CARTESIAN_POINT('',(-73.48544619372,12.25,579.94019122588));
#524 = PCURVE('',#126,#525);
#525 = DEFINITIONAL_REPRESENTATION('',(#526),#539);
#526 = B_SPLINE_CURVE_WITH_KNOTS('',6,(#527,#528,#529,#530,#531,#532,
    #533,#534,#535,#536,#537,#538),.UNSPECIFIED.,.F.,.F.,(7,5,7),(0.,
    0.446377039843,1.),.UNSPECIFIED.);
#527 = CARTESIAN_POINT('',(1.459901940251,16.000000600004));
#528 = CARTESIAN_POINT('',(1.440381364823,15.951117953134));
#529 = CARTESIAN_POINT('',(1.422438251514,15.900342711006));
#530 = CARTESIAN_POINT('',(1.406130088721,15.847909394729));
#531 = CARTESIAN_POINT('',(1.391503592059,15.794043940075));
#532 = CARTESIAN_POINT('',(1.378596300151,15.738962598839));
#533 = CARTESIAN_POINT('',(1.353597912459,15.613300728476));
#534 = CARTESIAN_POINT('',(1.342448764385,15.542180291192));
#535 = CARTESIAN_POINT('',(1.334046799369,15.46990302355));
#536 = CARTESIAN_POINT('',(1.328431765987,15.396857863567));
#537 = CARTESIAN_POINT('',(1.325624417462,15.323429584108));
#538 = CARTESIAN_POINT('',(1.325624417462,15.25));
#539 = ( GEOMETRIC_REPRESENTATION_CONTEXT(2)
PARAMETRIC_REPRESENTATION_CONTEXT() REPRESENTATION_CONTEXT('2D SPACE',''
  ) );
#540 = PCURVE('',#541,#546);
#541 = SPHERICAL_SURFACE('',#542,1.25);
#542 = AXIS2_PLACEMENT_3D('',#543,#544,#545);
#543 = CARTESIAN_POINT('',(-72.25,12.25,579.75));
#544 = DIRECTION('',(-0.,-1.,-0.));
#545 = DIRECTION('',(-1.,0.,0.));
#546 = DEFINITIONAL_REPRESENTATION('',(#547),#560);
#547 = B_SPLINE_CURVE_WITH_KNOTS('',6,(#548,#549,#550,#551,#552,#553,
    #554,#555,#556,#557,#558,#559),.UNSPECIFIED.,.F.,.F.,(7,5,7),(0.,
    0.446377039843,1.),.UNSPECIFIED.);
#548 = CARTESIAN_POINT('',(-0.240012882171,-0.643501708798));
#549 = CARTESIAN_POINT('',(-0.22659248327,-0.59461903993));
#550 = CARTESIAN_POINT('',(-0.214578562433,-0.545994349475));
#551 = CARTESIAN_POINT('',(-0.203859393971,-0.497609289394));
#552 = CARTESIAN_POINT('',(-0.194379966153,-0.449438632416));
#553 = CARTESIAN_POINT('',(-0.186101854135,-0.401453692218));
#554 = CARTESIAN_POINT('',(-0.170194095494,-0.294293703059));
#555 = CARTESIAN_POINT('',(-0.163198129488,-0.235203748709));
#556 = CARTESIAN_POINT('',(-0.157968679941,-0.176287307221));
#557 = CARTESIAN_POINT('',(-0.154486433111,-0.117486280159));
#558 = CARTESIAN_POINT('',(-0.152746252627,-5.874366728626E-02));
#559 = CARTESIAN_POINT('',(-0.152746252627,0.));
#560 = ( GEOMETRIC_REPRESENTATION_CONTEXT(2)
PARAMETRIC_REPRESENTATION_CONTEXT() REPRESENTATION_CONTEXT('2D SPACE',''
  ) );
#561 = ORIENTED_EDGE('',*,*,#562,.F.);
#562 = EDGE_CURVE('',#85,#508,#563,.T.);
#563 = SURFACE_CURVE('',#564,(#569,#576),.PCURVE_S1.);
#564 = CIRCLE('',#565,2.);
#565 = AXIS2_PLACEMENT_3D('',#566,#567,#568);
#566 = CARTESIAN_POINT('',(-73.,13.,578.));
#567 = DIRECTION('',(0.,1.,0.));
#568 = DIRECTION('',(-1.,0.,0.));
#569 = PCURVE('',#126,#570);
#570 = DEFINITIONAL_REPRESENTATION('',(#571),#575);
#571 = LINE('',#572,#573);
#572 = CARTESIAN_POINT('',(0.,16.));
#573 = VECTOR('',#574,1.);
#574 = DIRECTION('',(1.,0.));
#575 = ( GEOMETRIC_REPRESENTATION_CONTEXT(2)
PARAMETRIC_REPRESENTATION_CONTEXT() REPRESENTATION_CONTEXT('2D SPACE',''
  ) );
#576 = PCURVE('',#577,#582);
#577 = SPHERICAL_SURFACE('',#578,2.);
#578 = AXIS2_PLACEMENT_3D('',#579,#580,#581);
#579 = CARTESIAN_POINT('',(-73.,13.,578.));
#580 = DIRECTION('',(-0.,-1.,-0.));
#581 = DIRECTION('',(-1.,0.,0.));
#582 = DEFINITIONAL_REPRESENTATION('',(#583),#587);
#583 = LINE('',#584,#585);
#584 = CARTESIAN_POINT('',(-0.,0.));
#585 = VECTOR('',#586,1.);
#586 = DIRECTION('',(-1.,0.));
#587 = ( GEOMETRIC_REPRESENTATION_CONTEXT(2)
PARAMETRIC_REPRESENTATION_CONTEXT() REPRESENTATION_CONTEXT('2D SPACE',''
  ) );
#588 = ORIENTED_EDGE('',*,*,#112,.F.);
#589 = ADVANCED_FACE('',(#590),#100,.T.);
#590 = FACE_BOUND('',#591,.F.);
#591 = EDGE_LOOP('',(#592,#593,#617,#645));
#592 = ORIENTED_EDGE('',*,*,#84,.F.);
#593 = ORIENTED_EDGE('',*,*,#594,.T.);
#594 = EDGE_CURVE('',#57,#595,#597,.T.);
#595 = VERTEX_POINT('',#596);
#596 = CARTESIAN_POINT('',(-73.,15.,436.));
#597 = SURFACE_CURVE('',#598,(#603,#610),.PCURVE_S1.);
#598 = CIRCLE('',#599,2.);
#599 = AXIS2_PLACEMENT_3D('',#600,#601,#602);
#600 = CARTESIAN_POINT('',(-73.,13.,436.));
#601 = DIRECTION('',(-0.,0.,-1.));
#602 = DIRECTION('',(-1.,0.,0.));
#603 = PCURVE('',#100,#604);
#604 = DEFINITIONAL_REPRESENTATION('',(#605),#609);
#605 = LINE('',#606,#607);
#606 = CARTESIAN_POINT('',(-0.,2.));
#607 = VECTOR('',#608,1.);
#608 = DIRECTION('',(-1.,0.));
#609 = ( GEOMETRIC_REPRESENTATION_CONTEXT(2)
PARAMETRIC_REPRESENTATION_CONTEXT() REPRESENTATION_CONTEXT('2D SPACE',''
  ) );
#610 = PCURVE('',#398,#611);
#611 = DEFINITIONAL_REPRESENTATION('',(#612),#616);
#612 = LINE('',#613,#614);
#613 = CARTESIAN_POINT('',(-0.,0.));
#614 = VECTOR('',#615,1.);
#615 = DIRECTION('',(-1.,0.));
#616 = ( GEOMETRIC_REPRESENTATION_CONTEXT(2)
PARAMETRIC_REPRESENTATION_CONTEXT() REPRESENTATION_CONTEXT('2D SPACE',''
  ) );
#617 = ORIENTED_EDGE('',*,*,#618,.T.);
#618 = EDGE_CURVE('',#595,#619,#621,.T.);
#619 = VERTEX_POINT('',#620);
#620 = CARTESIAN_POINT('',(-73.,15.,578.));
#621 = SURFACE_CURVE('',#622,(#626,#633),.PCURVE_S1.);
#622 = LINE('',#623,#624);
#623 = CARTESIAN_POINT('',(-73.,15.,434.));
#624 = VECTOR('',#625,1.);
#625 = DIRECTION('',(0.,0.,1.));
#626 = PCURVE('',#100,#627);
#627 = DEFINITIONAL_REPRESENTATION('',(#628),#632);
#628 = LINE('',#629,#630);
#629 = CARTESIAN_POINT('',(-1.570796326795,0.));
#630 = VECTOR('',#631,1.);
#631 = DIRECTION('',(-0.,1.));
#632 = ( GEOMETRIC_REPRESENTATION_CONTEXT(2)
PARAMETRIC_REPRESENTATION_CONTEXT() REPRESENTATION_CONTEXT('2D SPACE',''
  ) );
#633 = PCURVE('',#634,#639);
#634 = PLANE('',#635);
#635 = AXIS2_PLACEMENT_3D('',#636,#637,#638);
#636 = CARTESIAN_POINT('',(-75.,15.,434.));
#637 = DIRECTION('',(0.,1.,0.));
#638 = DIRECTION('',(0.,0.,1.));
#639 = DEFINITIONAL_REPRESENTATION('',(#640),#644);
#640 = LINE('',#641,#642);
#641 = CARTESIAN_POINT('',(0.,2.));
#642 = VECTOR('',#643,1.);
#643 = DIRECTION('',(1.,0.));
#644 = ( GEOMETRIC_REPRESENTATION_CONTEXT(2)
PARAMETRIC_REPRESENTATION_CONTEXT() REPRESENTATION_CONTEXT('2D SPACE',''
  ) );
#645 = ORIENTED_EDGE('',*,*,#646,.T.);
#646 = EDGE_CURVE('',#619,#85,#647,.T.);
#647 = SURFACE_CURVE('',#648,(#653,#660),.PCURVE_S1.);
#648 = CIRCLE('',#649,2.);
#649 = AXIS2_PLACEMENT_3D('',#650,#651,#652);
#650 = CARTESIAN_POINT('',(-73.,13.,578.));
#651 = DIRECTION('',(0.,0.,1.));
#652 = DIRECTION('',(-1.,0.,0.));
#653 = PCURVE('',#100,#654);
#654 = DEFINITIONAL_REPRESENTATION('',(#655),#659);
#655 = LINE('',#656,#657);
#656 = CARTESIAN_POINT('',(-6.28318530718,144.));
#657 = VECTOR('',#658,1.);
#658 = DIRECTION('',(1.,-0.));
#659 = ( GEOMETRIC_REPRESENTATION_CONTEXT(2)
PARAMETRIC_REPRESENTATION_CONTEXT() REPRESENTATION_CONTEXT('2D SPACE',''
  ) );
#660 = PCURVE('',#577,#661);
#661 = DEFINITIONAL_REPRESENTATION('',(#662),#666);
#662 = LINE('',#663,#664);
#663 = CARTESIAN_POINT('',(-0.,-6.28318530718));
#664 = VECTOR('',#665,1.);
#665 = DIRECTION('',(-0.,1.));
#666 = ( GEOMETRIC_REPRESENTATION_CONTEXT(2)
PARAMETRIC_REPRESENTATION_CONTEXT() REPRESENTATION_CONTEXT('2D SPACE',''
  ) );
#667 = ADVANCED_FACE('',(#668),#159,.T.);
#668 = FACE_BOUND('',#669,.T.);
#669 = EDGE_LOOP('',(#670,#671,#718,#745));
#670 = ORIENTED_EDGE('',*,*,#229,.F.);
#671 = ORIENTED_EDGE('',*,*,#672,.F.);
#672 = EDGE_CURVE('',#673,#230,#675,.T.);
#673 = VERTEX_POINT('',#674);
#674 = CARTESIAN_POINT('',(-73.,-1.221334951804,434.01228502065));
#675 = SURFACE_CURVE('',#676,(#681,#708),.PCURVE_S1.);
#676 = CIRCLE('',#677,1.174591068885);
#677 = AXIS2_PLACEMENT_3D('',#678,#679,#680);
#678 = CARTESIAN_POINT('',(-72.40671641791,-0.40671641791,
    434.61567164179));
#679 = DIRECTION('',(0.366508333069,0.366508333069,-0.855186110494));
#680 = DIRECTION('',(-0.707106781187,0.707106781187,0.));
#681 = PCURVE('',#159,#682);
#682 = DEFINITIONAL_REPRESENTATION('',(#683),#707);
#683 = B_SPLINE_CURVE_WITH_KNOTS('',8,(#684,#685,#686,#687,#688,#689,
    #690,#691,#692,#693,#694,#695,#696,#697,#698,#699,#700,#701,#702,
    #703,#704,#705,#706),.UNSPECIFIED.,.F.,.F.,(9,7,7,9),(4.578747328473
    ,4.645568154429,4.745799393363,4.846030632297),.UNSPECIFIED.);
#684 = CARTESIAN_POINT('',(1.570796326795,-1.459901700648));
#685 = CARTESIAN_POINT('',(1.536161076164,-1.46296299934));
#686 = CARTESIAN_POINT('',(1.499562883943,-1.46590312977));
#687 = CARTESIAN_POINT('',(1.460876482522,-1.468708447255));
#688 = CARTESIAN_POINT('',(1.419984330957,-1.471363772232));
#689 = CARTESIAN_POINT('',(1.376792866428,-1.47385214269));
#690 = CARTESIAN_POINT('',(1.331253685504,-1.476155082332));
#691 = CARTESIAN_POINT('',(1.283389655215,-1.478253384472));
#692 = CARTESIAN_POINT('',(1.15823040201,-1.482940952453));
#693 = CARTESIAN_POINT('',(1.078184555623,-1.485251157087));
#694 = CARTESIAN_POINT('',(0.993608379335,-1.486996060854));
#695 = CARTESIAN_POINT('',(0.90540329304,-1.488116838944));
#696 = CARTESIAN_POINT('',(0.815139178048,-1.488565920929));
#697 = CARTESIAN_POINT('',(0.725009993202,-1.488333623964));
#698 = CARTESIAN_POINT('',(0.636794563721,-1.48744407805));
#699 = CARTESIAN_POINT('',(0.466819713546,-1.484437715365));
#700 = CARTESIAN_POINT('',(0.385059822589,-1.482320918877));
#701 = CARTESIAN_POINT('',(0.307834220634,-1.479634180518));
#702 = CARTESIAN_POINT('',(0.235961473272,-1.47644150369));
#703 = CARTESIAN_POINT('',(0.169533190351,-1.472813723629));
#704 = CARTESIAN_POINT('',(0.108321855019,-1.468812944371));
#705 = CARTESIAN_POINT('',(5.195287594701E-02,-1.464493648686));
#706 = CARTESIAN_POINT('',(-1.33226762955E-14,-1.459901700648));
#707 = ( GEOMETRIC_REPRESENTATION_CONTEXT(2)
PARAMETRIC_REPRESENTATION_CONTEXT() REPRESENTATION_CONTEXT('2D SPACE',''
  ) );
#708 = PCURVE('',#279,#709);
#709 = DEFINITIONAL_REPRESENTATION('',(#710),#717);
#710 = B_SPLINE_CURVE_WITH_KNOTS('',5,(#711,#712,#713,#714,#715,#716),
  .UNSPECIFIED.,.F.,.F.,(6,6),(4.578747328473,4.846030632297),
  .PIECEWISE_BEZIER_KNOTS.);
#711 = CARTESIAN_POINT('',(0.913279773631,-0.191337323939));
#712 = CARTESIAN_POINT('',(0.862241029232,-0.194870981064));
#713 = CARTESIAN_POINT('',(0.81103267664,-0.196651400115));
#714 = CARTESIAN_POINT('',(0.759763650155,-0.196651400115));
#715 = CARTESIAN_POINT('',(0.708555297563,-0.194870981064));
#716 = CARTESIAN_POINT('',(0.657516553164,-0.191337323939));
#717 = ( GEOMETRIC_REPRESENTATION_CONTEXT(2)
PARAMETRIC_REPRESENTATION_CONTEXT() REPRESENTATION_CONTEXT('2D SPACE',''
  ) );
#718 = ORIENTED_EDGE('',*,*,#719,.T.);
#719 = EDGE_CURVE('',#673,#143,#720,.T.);
#720 = SURFACE_CURVE('',#721,(#726,#733),.PCURVE_S1.);
#721 = CIRCLE('',#722,2.);
#722 = AXIS2_PLACEMENT_3D('',#723,#724,#725);
#723 = CARTESIAN_POINT('',(-73.,-1.,436.));
#724 = DIRECTION('',(-1.,6.123233995737E-17,0.));
#725 = DIRECTION('',(-6.123233995737E-17,-1.,0.));
#726 = PCURVE('',#159,#727);
#727 = DEFINITIONAL_REPRESENTATION('',(#728),#732);
#728 = LINE('',#729,#730);
#729 = CARTESIAN_POINT('',(1.570796326795,-6.28318530718));
#730 = VECTOR('',#731,1.);
#731 = DIRECTION('',(0.,1.));
#732 = ( GEOMETRIC_REPRESENTATION_CONTEXT(2)
PARAMETRIC_REPRESENTATION_CONTEXT() REPRESENTATION_CONTEXT('2D SPACE',''
  ) );
#733 = PCURVE('',#734,#739);
#734 = CYLINDRICAL_SURFACE('',#735,2.);
#735 = AXIS2_PLACEMENT_3D('',#736,#737,#738);
#736 = CARTESIAN_POINT('',(-75.,-1.,436.));
#737 = DIRECTION('',(1.,0.,0.));
#738 = DIRECTION('',(0.,-1.,0.));
#739 = DEFINITIONAL_REPRESENTATION('',(#740),#744);
#740 = LINE('',#741,#742);
#741 = CARTESIAN_POINT('',(6.28318530718,2.));
#742 = VECTOR('',#743,1.);
#743 = DIRECTION('',(-1.,-0.));
#744 = ( GEOMETRIC_REPRESENTATION_CONTEXT(2)
PARAMETRIC_REPRESENTATION_CONTEXT() REPRESENTATION_CONTEXT('2D SPACE',''
  ) );
#745 = ORIENTED_EDGE('',*,*,#142,.F.);
#746 = ADVANCED_FACE('',(#747),#214,.T.);
#747 = FACE_BOUND('',#748,.F.);
#748 = EDGE_LOOP('',(#749,#750,#797,#824));
#749 = ORIENTED_EDGE('',*,*,#414,.F.);
#750 = ORIENTED_EDGE('',*,*,#751,.T.);
#751 = EDGE_CURVE('',#415,#752,#754,.T.);
#752 = VERTEX_POINT('',#753);
#753 = CARTESIAN_POINT('',(-73.,-1.221334951804,579.98771497934));
#754 = SURFACE_CURVE('',#755,(#760,#787),.PCURVE_S1.);
#755 = CIRCLE('',#756,1.174591068885);
#756 = AXIS2_PLACEMENT_3D('',#757,#758,#759);
#757 = CARTESIAN_POINT('',(-72.40671641791,-0.40671641791,579.3843283582
    ));
#758 = DIRECTION('',(0.366508333069,0.366508333069,0.855186110494));
#759 = DIRECTION('',(-0.707106781187,0.707106781187,0.));
#760 = PCURVE('',#214,#761);
#761 = DEFINITIONAL_REPRESENTATION('',(#762),#786);
#762 = B_SPLINE_CURVE_WITH_KNOTS('',8,(#763,#764,#765,#766,#767,#768,
    #769,#770,#771,#772,#773,#774,#775,#776,#777,#778,#779,#780,#781,
    #782,#783,#784,#785),.UNSPECIFIED.,.F.,.F.,(9,7,7,9),(1.437154674883
    ,1.503975500839,1.604206739773,1.704437978707),.UNSPECIFIED.);
#763 = CARTESIAN_POINT('',(-1.203847488789E-14,-1.459901700648));
#764 = CARTESIAN_POINT('',(-3.463525063136E-02,-1.46296299934));
#765 = CARTESIAN_POINT('',(-7.123344285239E-02,-1.46590312977));
#766 = CARTESIAN_POINT('',(-0.109919844273,-1.468708447255));
#767 = CARTESIAN_POINT('',(-0.150811995838,-1.471363772232));
#768 = CARTESIAN_POINT('',(-0.194003460367,-1.47385214269));
#769 = CARTESIAN_POINT('',(-0.239542641291,-1.476155082332));
#770 = CARTESIAN_POINT('',(-0.28740667158,-1.478253384472));
#771 = CARTESIAN_POINT('',(-0.412565924785,-1.482940952453));
#772 = CARTESIAN_POINT('',(-0.492611771171,-1.485251157087));
#773 = CARTESIAN_POINT('',(-0.577187947461,-1.486996060849));
#774 = CARTESIAN_POINT('',(-0.665393033753,-1.488116838945));
#775 = CARTESIAN_POINT('',(-0.755657148749,-1.488565920929));
#776 = CARTESIAN_POINT('',(-0.845786333591,-1.488333623964));
#777 = CARTESIAN_POINT('',(-0.934001763073,-1.48744407805));
#778 = CARTESIAN_POINT('',(-1.103976613249,-1.484437715365));
#779 = CARTESIAN_POINT('',(-1.185736504208,-1.482320918876));
#780 = CARTESIAN_POINT('',(-1.262962106152,-1.479634180519));
#781 = CARTESIAN_POINT('',(-1.334834853535,-1.476441503693));
#782 = CARTESIAN_POINT('',(-1.401263136436,-1.472813723633));
#783 = CARTESIAN_POINT('',(-1.462474471777,-1.468812944372));
#784 = CARTESIAN_POINT('',(-1.518843450848,-1.464493648686));
#785 = CARTESIAN_POINT('',(-1.570796326795,-1.459901700648));
#786 = ( GEOMETRIC_REPRESENTATION_CONTEXT(2)
PARAMETRIC_REPRESENTATION_CONTEXT() REPRESENTATION_CONTEXT('2D SPACE',''
  ) );
#787 = PCURVE('',#464,#788);
#788 = DEFINITIONAL_REPRESENTATION('',(#789),#796);
#789 = B_SPLINE_CURVE_WITH_KNOTS('',5,(#790,#791,#792,#793,#794,#795),
  .UNSPECIFIED.,.F.,.F.,(6,6),(1.437154674883,1.704437978707),
  .PIECEWISE_BEZIER_KNOTS.);
#790 = CARTESIAN_POINT('',(-0.657516553164,-0.191337323939));
#791 = CARTESIAN_POINT('',(-0.708555297563,-0.194870981064));
#792 = CARTESIAN_POINT('',(-0.759763650155,-0.196651400115));
#793 = CARTESIAN_POINT('',(-0.81103267664,-0.196651400115));
#794 = CARTESIAN_POINT('',(-0.862241029232,-0.194870981064));
#795 = CARTESIAN_POINT('',(-0.913279773631,-0.191337323939));
#796 = ( GEOMETRIC_REPRESENTATION_CONTEXT(2)
PARAMETRIC_REPRESENTATION_CONTEXT() REPRESENTATION_CONTEXT('2D SPACE',''
  ) );
#797 = ORIENTED_EDGE('',*,*,#798,.T.);
#798 = EDGE_CURVE('',#752,#172,#799,.T.);
#799 = SURFACE_CURVE('',#800,(#805,#812),.PCURVE_S1.);
#800 = CIRCLE('',#801,2.);
#801 = AXIS2_PLACEMENT_3D('',#802,#803,#804);
#802 = CARTESIAN_POINT('',(-73.,-1.,578.));
#803 = DIRECTION('',(1.,-6.123233995737E-17,0.));
#804 = DIRECTION('',(-6.123233995737E-17,-1.,0.));
#805 = PCURVE('',#214,#806);
#806 = DEFINITIONAL_REPRESENTATION('',(#807),#811);
#807 = LINE('',#808,#809);
#808 = CARTESIAN_POINT('',(-1.570796326795,-6.28318530718));
#809 = VECTOR('',#810,1.);
#810 = DIRECTION('',(-0.,1.));
#811 = ( GEOMETRIC_REPRESENTATION_CONTEXT(2)
PARAMETRIC_REPRESENTATION_CONTEXT() REPRESENTATION_CONTEXT('2D SPACE',''
  ) );
#812 = PCURVE('',#813,#818);
#813 = CYLINDRICAL_SURFACE('',#814,2.);
#814 = AXIS2_PLACEMENT_3D('',#815,#816,#817);
#815 = CARTESIAN_POINT('',(-75.,-1.,578.));
#816 = DIRECTION('',(1.,0.,0.));
#817 = DIRECTION('',(0.,-1.,0.));
#818 = DEFINITIONAL_REPRESENTATION('',(#819),#823);
#819 = LINE('',#820,#821);
#820 = CARTESIAN_POINT('',(-6.28318530718,2.));
#821 = VECTOR('',#822,1.);
#822 = DIRECTION('',(1.,-0.));
#823 = ( GEOMETRIC_REPRESENTATION_CONTEXT(2)
PARAMETRIC_REPRESENTATION_CONTEXT() REPRESENTATION_CONTEXT('2D SPACE',''
  ) );
#824 = ORIENTED_EDGE('',*,*,#199,.F.);
#825 = ADVANCED_FACE('',(#826),#187,.F.);
#826 = FACE_BOUND('',#827,.F.);
#827 = EDGE_LOOP('',(#828,#829,#852,#880));
#828 = ORIENTED_EDGE('',*,*,#171,.T.);
#829 = ORIENTED_EDGE('',*,*,#830,.T.);
#830 = EDGE_CURVE('',#172,#831,#833,.T.);
#831 = VERTEX_POINT('',#832);
#832 = CARTESIAN_POINT('',(-59.,-3.,578.));
#833 = SURFACE_CURVE('',#834,(#838,#845),.PCURVE_S1.);
#834 = LINE('',#835,#836);
#835 = CARTESIAN_POINT('',(-75.,-3.,578.));
#836 = VECTOR('',#837,1.);
#837 = DIRECTION('',(1.,0.,0.));
#838 = PCURVE('',#187,#839);
#839 = DEFINITIONAL_REPRESENTATION('',(#840),#844);
#840 = LINE('',#841,#842);
#841 = CARTESIAN_POINT('',(144.,0.));
#842 = VECTOR('',#843,1.);
#843 = DIRECTION('',(0.,1.));
#844 = ( GEOMETRIC_REPRESENTATION_CONTEXT(2)
PARAMETRIC_REPRESENTATION_CONTEXT() REPRESENTATION_CONTEXT('2D SPACE',''
  ) );
#845 = PCURVE('',#813,#846);
#846 = DEFINITIONAL_REPRESENTATION('',(#847),#851);
#847 = LINE('',#848,#849);
#848 = CARTESIAN_POINT('',(-0.,0.));
#849 = VECTOR('',#850,1.);
#850 = DIRECTION('',(-0.,1.));
#851 = ( GEOMETRIC_REPRESENTATION_CONTEXT(2)
PARAMETRIC_REPRESENTATION_CONTEXT() REPRESENTATION_CONTEXT('2D SPACE',''
  ) );
#852 = ORIENTED_EDGE('',*,*,#853,.F.);
#853 = EDGE_CURVE('',#854,#831,#856,.T.);
#854 = VERTEX_POINT('',#855);
#855 = CARTESIAN_POINT('',(-59.,-3.,436.));
#856 = SURFACE_CURVE('',#857,(#861,#868),.PCURVE_S1.);
#857 = LINE('',#858,#859);
#858 = CARTESIAN_POINT('',(-59.,-3.,434.));
#859 = VECTOR('',#860,1.);
#860 = DIRECTION('',(0.,0.,1.));
#861 = PCURVE('',#187,#862);
#862 = DEFINITIONAL_REPRESENTATION('',(#863),#867);
#863 = LINE('',#864,#865);
#864 = CARTESIAN_POINT('',(0.,16.));
#865 = VECTOR('',#866,1.);
#866 = DIRECTION('',(1.,0.));
#867 = ( GEOMETRIC_REPRESENTATION_CONTEXT(2)
PARAMETRIC_REPRESENTATION_CONTEXT() REPRESENTATION_CONTEXT('2D SPACE',''
  ) );
#868 = PCURVE('',#869,#874);
#869 = CYLINDRICAL_SURFACE('',#870,2.);
#870 = AXIS2_PLACEMENT_3D('',#871,#872,#873);
#871 = CARTESIAN_POINT('',(-59.,-1.,434.));
#872 = DIRECTION('',(0.,0.,1.));
#873 = DIRECTION('',(1.,0.,-0.));
#874 = DEFINITIONAL_REPRESENTATION('',(#875),#879);
#875 = LINE('',#876,#877);
#876 = CARTESIAN_POINT('',(-1.570796326795,0.));
#877 = VECTOR('',#878,1.);
#878 = DIRECTION('',(-0.,1.));
#879 = ( GEOMETRIC_REPRESENTATION_CONTEXT(2)
PARAMETRIC_REPRESENTATION_CONTEXT() REPRESENTATION_CONTEXT('2D SPACE',''
  ) );
#880 = ORIENTED_EDGE('',*,*,#881,.F.);
#881 = EDGE_CURVE('',#143,#854,#882,.T.);
#882 = SURFACE_CURVE('',#883,(#887,#894),.PCURVE_S1.);
#883 = LINE('',#884,#885);
#884 = CARTESIAN_POINT('',(-75.,-3.,436.));
#885 = VECTOR('',#886,1.);
#886 = DIRECTION('',(1.,0.,0.));
#887 = PCURVE('',#187,#888);
#888 = DEFINITIONAL_REPRESENTATION('',(#889),#893);
#889 = LINE('',#890,#891);
#890 = CARTESIAN_POINT('',(2.,0.));
#891 = VECTOR('',#892,1.);
#892 = DIRECTION('',(0.,1.));
#893 = ( GEOMETRIC_REPRESENTATION_CONTEXT(2)
PARAMETRIC_REPRESENTATION_CONTEXT() REPRESENTATION_CONTEXT('2D SPACE',''
  ) );
#894 = PCURVE('',#734,#895);
#895 = DEFINITIONAL_REPRESENTATION('',(#896),#900);
#896 = LINE('',#897,#898);
#897 = CARTESIAN_POINT('',(0.,0.));
#898 = VECTOR('',#899,1.);
#899 = DIRECTION('',(0.,1.));
#900 = ( GEOMETRIC_REPRESENTATION_CONTEXT(2)
PARAMETRIC_REPRESENTATION_CONTEXT() REPRESENTATION_CONTEXT('2D SPACE',''
  ) );
#901 = ADVANCED_FACE('',(#902),#398,.T.);
#902 = FACE_BOUND('',#903,.F.);
#903 = EDGE_LOOP('',(#904,#905,#952,#979));
#904 = ORIENTED_EDGE('',*,*,#383,.F.);
#905 = ORIENTED_EDGE('',*,*,#906,.T.);
#906 = EDGE_CURVE('',#323,#907,#909,.T.);
#907 = VERTEX_POINT('',#908);
#908 = CARTESIAN_POINT('',(-73.,13.221334951804,434.01228502065));
#909 = SURFACE_CURVE('',#910,(#915,#942),.PCURVE_S1.);
#910 = CIRCLE('',#911,1.174591068885);
#911 = AXIS2_PLACEMENT_3D('',#912,#913,#914);
#912 = CARTESIAN_POINT('',(-72.40671641791,12.40671641791,
    434.61567164179));
#913 = DIRECTION('',(0.366508333069,-0.366508333069,-0.855186110494));
#914 = DIRECTION('',(0.707106781187,0.707106781187,0.));
#915 = PCURVE('',#398,#916);
#916 = DEFINITIONAL_REPRESENTATION('',(#917),#941);
#917 = B_SPLINE_CURVE_WITH_KNOTS('',8,(#918,#919,#920,#921,#922,#923,
    #924,#925,#926,#927,#928,#929,#930,#931,#932,#933,#934,#935,#936,
    #937,#938,#939,#940),.UNSPECIFIED.,.F.,.F.,(9,7,7,9),(4.578747328473
    ,4.645568154429,4.745799393363,4.846030632297),.UNSPECIFIED.);
#918 = CARTESIAN_POINT('',(1.50990331349E-14,-1.459901700648));
#919 = CARTESIAN_POINT('',(-3.463525063133E-02,-1.46296299934));
#920 = CARTESIAN_POINT('',(-7.123344285227E-02,-1.46590312977));
#921 = CARTESIAN_POINT('',(-0.109919844273,-1.468708447255));
#922 = CARTESIAN_POINT('',(-0.150811995838,-1.471363772232));
#923 = CARTESIAN_POINT('',(-0.194003460367,-1.47385214269));
#924 = CARTESIAN_POINT('',(-0.239542641291,-1.476155082332));
#925 = CARTESIAN_POINT('',(-0.28740667158,-1.478253384472));
#926 = CARTESIAN_POINT('',(-0.412565924785,-1.482940952453));
#927 = CARTESIAN_POINT('',(-0.492611771173,-1.485251157088));
#928 = CARTESIAN_POINT('',(-0.577187947438,-1.486996060848));
#929 = CARTESIAN_POINT('',(-0.665393033797,-1.488116838949));
#930 = CARTESIAN_POINT('',(-0.755657148715,-1.488565920925));
#931 = CARTESIAN_POINT('',(-0.845786333593,-1.488333623966));
#932 = CARTESIAN_POINT('',(-0.934001763073,-1.48744407805));
#933 = CARTESIAN_POINT('',(-1.103976613249,-1.484437715365));
#934 = CARTESIAN_POINT('',(-1.18573650419,-1.482320918875));
#935 = CARTESIAN_POINT('',(-1.262962106187,-1.479634180523));
#936 = CARTESIAN_POINT('',(-1.334834853439,-1.476441503686));
#937 = CARTESIAN_POINT('',(-1.401263136476,-1.472813723632));
#938 = CARTESIAN_POINT('',(-1.462474471758,-1.46881294437));
#939 = CARTESIAN_POINT('',(-1.518843450848,-1.464493648686));
#940 = CARTESIAN_POINT('',(-1.570796326795,-1.459901700648));
#941 = ( GEOMETRIC_REPRESENTATION_CONTEXT(2)
PARAMETRIC_REPRESENTATION_CONTEXT() REPRESENTATION_CONTEXT('2D SPACE',''
  ) );
#942 = PCURVE('',#360,#943);
#943 = DEFINITIONAL_REPRESENTATION('',(#944),#951);
#944 = B_SPLINE_CURVE_WITH_KNOTS('',5,(#945,#946,#947,#948,#949,#950),
  .UNSPECIFIED.,.F.,.F.,(6,6),(4.578747328473,4.846030632297),
  .PIECEWISE_BEZIER_KNOTS.);
#945 = CARTESIAN_POINT('',(-0.657516553164,-0.191337323939));
#946 = CARTESIAN_POINT('',(-0.708555297563,-0.194870981064));
#947 = CARTESIAN_POINT('',(-0.759763650155,-0.196651400115));
#948 = CARTESIAN_POINT('',(-0.81103267664,-0.196651400115));
#949 = CARTESIAN_POINT('',(-0.862241029232,-0.194870981064));
#950 = CARTESIAN_POINT('',(-0.913279773631,-0.191337323939));
#951 = ( GEOMETRIC_REPRESENTATION_CONTEXT(2)
PARAMETRIC_REPRESENTATION_CONTEXT() REPRESENTATION_CONTEXT('2D SPACE',''
  ) );
#952 = ORIENTED_EDGE('',*,*,#953,.T.);
#953 = EDGE_CURVE('',#907,#595,#954,.T.);
#954 = SURFACE_CURVE('',#955,(#960,#967),.PCURVE_S1.);
#955 = CIRCLE('',#956,2.);
#956 = AXIS2_PLACEMENT_3D('',#957,#958,#959);
#957 = CARTESIAN_POINT('',(-73.,13.,436.));
#958 = DIRECTION('',(1.,6.123233995737E-17,-0.));
#959 = DIRECTION('',(-6.123233995737E-17,1.,0.));
#960 = PCURVE('',#398,#961);
#961 = DEFINITIONAL_REPRESENTATION('',(#962),#966);
#962 = LINE('',#963,#964);
#963 = CARTESIAN_POINT('',(-1.570796326795,-6.28318530718));
#964 = VECTOR('',#965,1.);
#965 = DIRECTION('',(-0.,1.));
#966 = ( GEOMETRIC_REPRESENTATION_CONTEXT(2)
PARAMETRIC_REPRESENTATION_CONTEXT() REPRESENTATION_CONTEXT('2D SPACE',''
  ) );
#967 = PCURVE('',#968,#973);
#968 = CYLINDRICAL_SURFACE('',#969,2.);
#969 = AXIS2_PLACEMENT_3D('',#970,#971,#972);
#970 = CARTESIAN_POINT('',(-75.,13.,436.));
#971 = DIRECTION('',(1.,0.,0.));
#972 = DIRECTION('',(-0.,1.,0.));
#973 = DEFINITIONAL_REPRESENTATION('',(#974),#978);
#974 = LINE('',#975,#976);
#975 = CARTESIAN_POINT('',(-6.28318530718,2.));
#976 = VECTOR('',#977,1.);
#977 = DIRECTION('',(1.,-0.));
#978 = ( GEOMETRIC_REPRESENTATION_CONTEXT(2)
PARAMETRIC_REPRESENTATION_CONTEXT() REPRESENTATION_CONTEXT('2D SPACE',''
  ) );
#979 = ORIENTED_EDGE('',*,*,#594,.F.);
#980 = ADVANCED_FACE('',(#981),#360,.F.);
#981 = FACE_BOUND('',#982,.T.);
#982 = EDGE_LOOP('',(#983,#1007,#1008,#1009,#1047,#1076));
#983 = ORIENTED_EDGE('',*,*,#984,.F.);
#984 = EDGE_CURVE('',#297,#985,#987,.T.);
#985 = VERTEX_POINT('',#986);
#986 = CARTESIAN_POINT('',(-73.5,12.25,434.25));
#987 = SURFACE_CURVE('',#988,(#993,#1000),.PCURVE_S1.);
#988 = CIRCLE('',#989,1.25);
#989 = AXIS2_PLACEMENT_3D('',#990,#991,#992);
#990 = CARTESIAN_POINT('',(-72.25,12.25,434.25));
#991 = DIRECTION('',(0.,1.,-0.));
#992 = DIRECTION('',(-1.,0.,0.));
#993 = PCURVE('',#360,#994);
#994 = DEFINITIONAL_REPRESENTATION('',(#995),#999);
#995 = LINE('',#996,#997);
#996 = CARTESIAN_POINT('',(-0.,-6.28318530718));
#997 = VECTOR('',#998,1.);
#998 = DIRECTION('',(-0.,1.));
#999 = ( GEOMETRIC_REPRESENTATION_CONTEXT(2)
PARAMETRIC_REPRESENTATION_CONTEXT() REPRESENTATION_CONTEXT('2D SPACE',''
  ) );
#1000 = PCURVE('',#311,#1001);
#1001 = DEFINITIONAL_REPRESENTATION('',(#1002),#1006);
#1002 = LINE('',#1003,#1004);
#1003 = CARTESIAN_POINT('',(-6.28318530718,13.75));
#1004 = VECTOR('',#1005,1.);
#1005 = DIRECTION('',(1.,-0.));
#1006 = ( GEOMETRIC_REPRESENTATION_CONTEXT(2)
PARAMETRIC_REPRESENTATION_CONTEXT() REPRESENTATION_CONTEXT('2D SPACE',''
  ) );
#1007 = ORIENTED_EDGE('',*,*,#322,.F.);
#1008 = ORIENTED_EDGE('',*,*,#906,.T.);
#1009 = ORIENTED_EDGE('',*,*,#1010,.F.);
#1010 = EDGE_CURVE('',#1011,#907,#1013,.T.);
#1011 = VERTEX_POINT('',#1012);
#1012 = CARTESIAN_POINT('',(-72.25,13.485446193728,434.05980877411));
#1013 = SURFACE_CURVE('',#1014,(#1023,#1035),.PCURVE_S1.);
#1014 = B_SPLINE_CURVE_WITH_KNOTS('',7,(#1015,#1016,#1017,#1018,#1019,
    #1020,#1021,#1022),.UNSPECIFIED.,.F.,.F.,(8,8),(0.,1.),
  .PIECEWISE_BEZIER_KNOTS.);
#1015 = CARTESIAN_POINT('',(-72.25,13.485446193728,434.05980877411));
#1016 = CARTESIAN_POINT('',(-72.36388871963,13.485446193728,
    434.05980877411));
#1017 = CARTESIAN_POINT('',(-72.47757306982,13.472707206917,
    434.05662079216));
#1018 = CARTESIAN_POINT('',(-72.58988921774,13.447310188717,
    434.05026859484));
#1019 = CARTESIAN_POINT('',(-72.69961498043,13.40929686827,
    434.04131280573));
#1020 = CARTESIAN_POINT('',(-72.8054369502,13.358743091046,
    434.03089206362));
#1021 = CARTESIAN_POINT('',(-72.90602257878,13.295930953088,
    434.02059137571));
#1022 = CARTESIAN_POINT('',(-73.0000006,13.221334475572,434.01228496762)
  );
#1023 = PCURVE('',#360,#1024);
#1024 = DEFINITIONAL_REPRESENTATION('',(#1025),#1034);
#1025 = B_SPLINE_CURVE_WITH_KNOTS('',7,(#1026,#1027,#1028,#1029,#1030,
    #1031,#1032,#1033),.UNSPECIFIED.,.F.,.F.,(8,8),(0.,1.),
  .PIECEWISE_BEZIER_KNOTS.);
#1026 = CARTESIAN_POINT('',(-1.570796326795,-0.152746252627));
#1027 = CARTESIAN_POINT('',(-1.478612045347,-0.152746252627));
#1028 = CARTESIAN_POINT('',(-1.386594137766,-0.155326512736));
#1029 = CARTESIAN_POINT('',(-1.294246060165,-0.160468745511));
#1030 = CARTESIAN_POINT('',(-1.201161063511,-0.16772305454));
#1031 = CARTESIAN_POINT('',(-1.10690093567,-0.176185310929));
#1032 = CARTESIAN_POINT('',(-1.011042973937,-0.184568718131));
#1033 = CARTESIAN_POINT('',(-0.913279149474,-0.191337367147));
#1034 = ( GEOMETRIC_REPRESENTATION_CONTEXT(2)
PARAMETRIC_REPRESENTATION_CONTEXT() REPRESENTATION_CONTEXT('2D SPACE',''
  ) );
#1035 = PCURVE('',#968,#1036);
#1036 = DEFINITIONAL_REPRESENTATION('',(#1037),#1046);
#1037 = B_SPLINE_CURVE_WITH_KNOTS('',7,(#1038,#1039,#1040,#1041,#1042,
    #1043,#1044,#1045),.UNSPECIFIED.,.F.,.F.,(8,8),(0.,1.),
  .PIECEWISE_BEZIER_KNOTS.);
#1038 = CARTESIAN_POINT('',(-1.325624417462,2.75));
#1039 = CARTESIAN_POINT('',(-1.325624417462,2.636111280364));
#1040 = CARTESIAN_POINT('',(-1.332190361584,2.52242693018));
#1041 = CARTESIAN_POINT('',(-1.345279906985,2.410110782259));
#1042 = CARTESIAN_POINT('',(-1.36480547174,2.300385019562));
#1043 = CARTESIAN_POINT('',(-1.390590052277,2.194563049795));
#1044 = CARTESIAN_POINT('',(-1.422373181686,2.093977421215));
#1045 = CARTESIAN_POINT('',(-1.459901940235,1.9999994));
#1046 = ( GEOMETRIC_REPRESENTATION_CONTEXT(2)
PARAMETRIC_REPRESENTATION_CONTEXT() REPRESENTATION_CONTEXT('2D SPACE',''
  ) );
#1047 = ORIENTED_EDGE('',*,*,#1048,.T.);
#1048 = EDGE_CURVE('',#1011,#1049,#1051,.T.);
#1049 = VERTEX_POINT('',#1050);
#1050 = CARTESIAN_POINT('',(-72.25,13.5,434.25));
#1051 = SURFACE_CURVE('',#1052,(#1057,#1064),.PCURVE_S1.);
#1052 = CIRCLE('',#1053,1.25);
#1053 = AXIS2_PLACEMENT_3D('',#1054,#1055,#1056);
#1054 = CARTESIAN_POINT('',(-72.25,12.25,434.25));
#1055 = DIRECTION('',(1.,6.123233995737E-17,-0.));
#1056 = DIRECTION('',(-6.123233995737E-17,1.,0.));
#1057 = PCURVE('',#360,#1058);
#1058 = DEFINITIONAL_REPRESENTATION('',(#1059),#1063);
#1059 = LINE('',#1060,#1061);
#1060 = CARTESIAN_POINT('',(-1.570796326795,-6.28318530718));
#1061 = VECTOR('',#1062,1.);
#1062 = DIRECTION('',(-0.,1.));
#1063 = ( GEOMETRIC_REPRESENTATION_CONTEXT(2)
PARAMETRIC_REPRESENTATION_CONTEXT() REPRESENTATION_CONTEXT('2D SPACE',''
  ) );
#1064 = PCURVE('',#1065,#1070);
#1065 = CYLINDRICAL_SURFACE('',#1066,1.25);
#1066 = AXIS2_PLACEMENT_3D('',#1067,#1068,#1069);
#1067 = CARTESIAN_POINT('',(-73.5,12.25,434.25));
#1068 = DIRECTION('',(1.,0.,0.));
#1069 = DIRECTION('',(-0.,1.,0.));
#1070 = DEFINITIONAL_REPRESENTATION('',(#1071),#1075);
#1071 = LINE('',#1072,#1073);
#1072 = CARTESIAN_POINT('',(-6.28318530718,1.25));
#1073 = VECTOR('',#1074,1.);
#1074 = DIRECTION('',(1.,-0.));
#1075 = ( GEOMETRIC_REPRESENTATION_CONTEXT(2)
PARAMETRIC_REPRESENTATION_CONTEXT() REPRESENTATION_CONTEXT('2D SPACE',''
  ) );
#1076 = ORIENTED_EDGE('',*,*,#1077,.F.);
#1077 = EDGE_CURVE('',#985,#1049,#1078,.T.);
#1078 = SURFACE_CURVE('',#1079,(#1084,#1091),.PCURVE_S1.);
#1079 = CIRCLE('',#1080,1.25);
#1080 = AXIS2_PLACEMENT_3D('',#1081,#1082,#1083);
#1081 = CARTESIAN_POINT('',(-72.25,12.25,434.25));
#1082 = DIRECTION('',(-0.,0.,-1.));
#1083 = DIRECTION('',(-1.,0.,0.));
#1084 = PCURVE('',#360,#1085);
#1085 = DEFINITIONAL_REPRESENTATION('',(#1086),#1090);
#1086 = LINE('',#1087,#1088);
#1087 = CARTESIAN_POINT('',(-0.,0.));
#1088 = VECTOR('',#1089,1.);
#1089 = DIRECTION('',(-1.,0.));
#1090 = ( GEOMETRIC_REPRESENTATION_CONTEXT(2)
PARAMETRIC_REPRESENTATION_CONTEXT() REPRESENTATION_CONTEXT('2D SPACE',''
  ) );
#1091 = PCURVE('',#1092,#1097);
#1092 = CYLINDRICAL_SURFACE('',#1093,1.25);
#1093 = AXIS2_PLACEMENT_3D('',#1094,#1095,#1096);
#1094 = CARTESIAN_POINT('',(-72.25,12.25,433.));
#1095 = DIRECTION('',(0.,0.,1.));
#1096 = DIRECTION('',(-1.,-0.,0.));
#1097 = DEFINITIONAL_REPRESENTATION('',(#1098),#1102);
#1098 = LINE('',#1099,#1100);
#1099 = CARTESIAN_POINT('',(-0.,1.25));
#1100 = VECTOR('',#1101,1.);
#1101 = DIRECTION('',(-1.,0.));
#1102 = ( GEOMETRIC_REPRESENTATION_CONTEXT(2)
PARAMETRIC_REPRESENTATION_CONTEXT() REPRESENTATION_CONTEXT('2D SPACE',''
  ) );
#1103 = ADVANCED_FACE('',(#1104),#311,.F.);
#1104 = FACE_BOUND('',#1105,.T.);
#1105 = EDGE_LOOP('',(#1106,#1130,#1131,#1132));
#1106 = ORIENTED_EDGE('',*,*,#1107,.F.);
#1107 = EDGE_CURVE('',#254,#1108,#1110,.T.);
#1108 = VERTEX_POINT('',#1109);
#1109 = CARTESIAN_POINT('',(-73.5,-0.25,434.25));
#1110 = SURFACE_CURVE('',#1111,(#1116,#1123),.PCURVE_S1.);
#1111 = CIRCLE('',#1112,1.25);
#1112 = AXIS2_PLACEMENT_3D('',#1113,#1114,#1115);
#1113 = CARTESIAN_POINT('',(-72.25,-0.25,434.25));
#1114 = DIRECTION('',(0.,1.,-0.));
#1115 = DIRECTION('',(-1.,0.,0.));
#1116 = PCURVE('',#311,#1117);
#1117 = DEFINITIONAL_REPRESENTATION('',(#1118),#1122);
#1118 = LINE('',#1119,#1120);
#1119 = CARTESIAN_POINT('',(-6.28318530718,1.25));
#1120 = VECTOR('',#1121,1.);
#1121 = DIRECTION('',(1.,-0.));
#1122 = ( GEOMETRIC_REPRESENTATION_CONTEXT(2)
PARAMETRIC_REPRESENTATION_CONTEXT() REPRESENTATION_CONTEXT('2D SPACE',''
  ) );
#1123 = PCURVE('',#279,#1124);
#1124 = DEFINITIONAL_REPRESENTATION('',(#1125),#1129);
#1125 = LINE('',#1126,#1127);
#1126 = CARTESIAN_POINT('',(0.,-6.28318530718));
#1127 = VECTOR('',#1128,1.);
#1128 = DIRECTION('',(0.,1.));
#1129 = ( GEOMETRIC_REPRESENTATION_CONTEXT(2)
PARAMETRIC_REPRESENTATION_CONTEXT() REPRESENTATION_CONTEXT('2D SPACE',''
  ) );
#1130 = ORIENTED_EDGE('',*,*,#296,.T.);
#1131 = ORIENTED_EDGE('',*,*,#984,.T.);
#1132 = ORIENTED_EDGE('',*,*,#1133,.F.);
#1133 = EDGE_CURVE('',#1108,#985,#1134,.T.);
#1134 = SURFACE_CURVE('',#1135,(#1139,#1146),.PCURVE_S1.);
#1135 = LINE('',#1136,#1137);
#1136 = CARTESIAN_POINT('',(-73.5,-1.5,434.25));
#1137 = VECTOR('',#1138,1.);
#1138 = DIRECTION('',(0.,1.,0.));
#1139 = PCURVE('',#311,#1140);
#1140 = DEFINITIONAL_REPRESENTATION('',(#1141),#1145);
#1141 = LINE('',#1142,#1143);
#1142 = CARTESIAN_POINT('',(-0.,0.));
#1143 = VECTOR('',#1144,1.);
#1144 = DIRECTION('',(-0.,1.));
#1145 = ( GEOMETRIC_REPRESENTATION_CONTEXT(2)
PARAMETRIC_REPRESENTATION_CONTEXT() REPRESENTATION_CONTEXT('2D SPACE',''
  ) );
#1146 = PCURVE('',#1147,#1152);
#1147 = PLANE('',#1148);
#1148 = AXIS2_PLACEMENT_3D('',#1149,#1150,#1151);
#1149 = CARTESIAN_POINT('',(-73.5,-1.5,433.));
#1150 = DIRECTION('',(1.,0.,0.));
#1151 = DIRECTION('',(0.,0.,1.));
#1152 = DEFINITIONAL_REPRESENTATION('',(#1153),#1157);
#1153 = LINE('',#1154,#1155);
#1154 = CARTESIAN_POINT('',(1.25,0.));
#1155 = VECTOR('',#1156,1.);
#1156 = DIRECTION('',(0.,-1.));
#1157 = ( GEOMETRIC_REPRESENTATION_CONTEXT(2)
PARAMETRIC_REPRESENTATION_CONTEXT() REPRESENTATION_CONTEXT('2D SPACE',''
  ) );
#1158 = ADVANCED_FACE('',(#1159),#279,.F.);
#1159 = FACE_BOUND('',#1160,.F.);
#1160 = EDGE_LOOP('',(#1161,#1162,#1163,#1164,#1202,#1231));
#1161 = ORIENTED_EDGE('',*,*,#1107,.F.);
#1162 = ORIENTED_EDGE('',*,*,#253,.T.);
#1163 = ORIENTED_EDGE('',*,*,#672,.F.);
#1164 = ORIENTED_EDGE('',*,*,#1165,.F.);
#1165 = EDGE_CURVE('',#1166,#673,#1168,.T.);
#1166 = VERTEX_POINT('',#1167);
#1167 = CARTESIAN_POINT('',(-72.25,-1.485446193728,434.05980877411));
#1168 = SURFACE_CURVE('',#1169,(#1178,#1190),.PCURVE_S1.);
#1169 = B_SPLINE_CURVE_WITH_KNOTS('',7,(#1170,#1171,#1172,#1173,#1174,
    #1175,#1176,#1177),.UNSPECIFIED.,.F.,.F.,(8,8),(0.,1.),
  .PIECEWISE_BEZIER_KNOTS.);
#1170 = CARTESIAN_POINT('',(-72.25,-1.485446193728,434.05980877411));
#1171 = CARTESIAN_POINT('',(-72.36388871963,-1.485446193728,
    434.05980877411));
#1172 = CARTESIAN_POINT('',(-72.47757306981,-1.472707206917,
    434.05662079216));
#1173 = CARTESIAN_POINT('',(-72.58988921774,-1.447310188717,
    434.05026859484));
#1174 = CARTESIAN_POINT('',(-72.69961498043,-1.40929686827,
    434.04131280573));
#1175 = CARTESIAN_POINT('',(-72.8054369502,-1.358743091046,
    434.03089206362));
#1176 = CARTESIAN_POINT('',(-72.90602257878,-1.295930953088,
    434.02059137571));
#1177 = CARTESIAN_POINT('',(-73.0000006,-1.221334475572,434.01228496762)
  );
#1178 = PCURVE('',#279,#1179);
#1179 = DEFINITIONAL_REPRESENTATION('',(#1180),#1189);
#1180 = B_SPLINE_CURVE_WITH_KNOTS('',7,(#1181,#1182,#1183,#1184,#1185,
    #1186,#1187,#1188),.UNSPECIFIED.,.F.,.F.,(8,8),(0.,1.),
  .PIECEWISE_BEZIER_KNOTS.);
#1181 = CARTESIAN_POINT('',(1.570796326795,-0.152746252627));
#1182 = CARTESIAN_POINT('',(1.478612045346,-0.152746252627));
#1183 = CARTESIAN_POINT('',(1.386594137768,-0.155326512736));
#1184 = CARTESIAN_POINT('',(1.294246060163,-0.160468745511));
#1185 = CARTESIAN_POINT('',(1.201161063512,-0.16772305454));
#1186 = CARTESIAN_POINT('',(1.10690093567,-0.176185310929));
#1187 = CARTESIAN_POINT('',(1.011042973937,-0.184568718131));
#1188 = CARTESIAN_POINT('',(0.913279149474,-0.191337367147));
#1189 = ( GEOMETRIC_REPRESENTATION_CONTEXT(2)
PARAMETRIC_REPRESENTATION_CONTEXT() REPRESENTATION_CONTEXT('2D SPACE',''
  ) );
#1190 = PCURVE('',#734,#1191);
#1191 = DEFINITIONAL_REPRESENTATION('',(#1192),#1201);
#1192 = B_SPLINE_CURVE_WITH_KNOTS('',7,(#1193,#1194,#1195,#1196,#1197,
    #1198,#1199,#1200),.UNSPECIFIED.,.F.,.F.,(8,8),(0.,1.),
  .PIECEWISE_BEZIER_KNOTS.);
#1193 = CARTESIAN_POINT('',(1.325624417462,2.75));
#1194 = CARTESIAN_POINT('',(1.325624417462,2.636111280363));
#1195 = CARTESIAN_POINT('',(1.332190361583,2.522426930183));
#1196 = CARTESIAN_POINT('',(1.345279906985,2.410110782257));
#1197 = CARTESIAN_POINT('',(1.364805471739,2.300385019563));
#1198 = CARTESIAN_POINT('',(1.390590052277,2.194563049795));
#1199 = CARTESIAN_POINT('',(1.422373181686,2.093977421215));
#1200 = CARTESIAN_POINT('',(1.459901940235,1.9999994));
#1201 = ( GEOMETRIC_REPRESENTATION_CONTEXT(2)
PARAMETRIC_REPRESENTATION_CONTEXT() REPRESENTATION_CONTEXT('2D SPACE',''
  ) );
#1202 = ORIENTED_EDGE('',*,*,#1203,.T.);
#1203 = EDGE_CURVE('',#1166,#1204,#1206,.T.);
#1204 = VERTEX_POINT('',#1205);
#1205 = CARTESIAN_POINT('',(-72.25,-1.5,434.25));
#1206 = SURFACE_CURVE('',#1207,(#1212,#1219),.PCURVE_S1.);
#1207 = CIRCLE('',#1208,1.25);
#1208 = AXIS2_PLACEMENT_3D('',#1209,#1210,#1211);
#1209 = CARTESIAN_POINT('',(-72.25,-0.25,434.25));
#1210 = DIRECTION('',(-1.,6.123233995737E-17,0.));
#1211 = DIRECTION('',(-6.123233995737E-17,-1.,0.));
#1212 = PCURVE('',#279,#1213);
#1213 = DEFINITIONAL_REPRESENTATION('',(#1214),#1218);
#1214 = LINE('',#1215,#1216);
#1215 = CARTESIAN_POINT('',(1.570796326795,-6.28318530718));
#1216 = VECTOR('',#1217,1.);
#1217 = DIRECTION('',(0.,1.));
#1218 = ( GEOMETRIC_REPRESENTATION_CONTEXT(2)
PARAMETRIC_REPRESENTATION_CONTEXT() REPRESENTATION_CONTEXT('2D SPACE',''
  ) );
#1219 = PCURVE('',#1220,#1225);
#1220 = CYLINDRICAL_SURFACE('',#1221,1.25);
#1221 = AXIS2_PLACEMENT_3D('',#1222,#1223,#1224);
#1222 = CARTESIAN_POINT('',(-73.5,-0.25,434.25));
#1223 = DIRECTION('',(1.,0.,0.));
#1224 = DIRECTION('',(0.,-1.,0.));
#1225 = DEFINITIONAL_REPRESENTATION('',(#1226),#1230);
#1226 = LINE('',#1227,#1228);
#1227 = CARTESIAN_POINT('',(6.28318530718,1.25));
#1228 = VECTOR('',#1229,1.);
#1229 = DIRECTION('',(-1.,-0.));
#1230 = ( GEOMETRIC_REPRESENTATION_CONTEXT(2)
PARAMETRIC_REPRESENTATION_CONTEXT() REPRESENTATION_CONTEXT('2D SPACE',''
  ) );
#1231 = ORIENTED_EDGE('',*,*,#1232,.F.);
#1232 = EDGE_CURVE('',#1108,#1204,#1233,.T.);
#1233 = SURFACE_CURVE('',#1234,(#1239,#1246),.PCURVE_S1.);
#1234 = CIRCLE('',#1235,1.25);
#1235 = AXIS2_PLACEMENT_3D('',#1236,#1237,#1238);
#1236 = CARTESIAN_POINT('',(-72.25,-0.25,434.25));
#1237 = DIRECTION('',(0.,0.,1.));
#1238 = DIRECTION('',(-1.,0.,0.));
#1239 = PCURVE('',#279,#1240);
#1240 = DEFINITIONAL_REPRESENTATION('',(#1241),#1245);
#1241 = LINE('',#1242,#1243);
#1242 = CARTESIAN_POINT('',(0.,0.));
#1243 = VECTOR('',#1244,1.);
#1244 = DIRECTION('',(1.,0.));
#1245 = ( GEOMETRIC_REPRESENTATION_CONTEXT(2)
PARAMETRIC_REPRESENTATION_CONTEXT() REPRESENTATION_CONTEXT('2D SPACE',''
  ) );
#1246 = PCURVE('',#1247,#1252);
#1247 = CYLINDRICAL_SURFACE('',#1248,1.25);
#1248 = AXIS2_PLACEMENT_3D('',#1249,#1250,#1251);
#1249 = CARTESIAN_POINT('',(-72.25,-0.25,433.));
#1250 = DIRECTION('',(0.,0.,1.));
#1251 = DIRECTION('',(-1.,-0.,0.));
#1252 = DEFINITIONAL_REPRESENTATION('',(#1253),#1257);
#1253 = LINE('',#1254,#1255);
#1254 = CARTESIAN_POINT('',(0.,1.25));
#1255 = VECTOR('',#1256,1.);
#1256 = DIRECTION('',(1.,0.));
#1257 = ( GEOMETRIC_REPRESENTATION_CONTEXT(2)
PARAMETRIC_REPRESENTATION_CONTEXT() REPRESENTATION_CONTEXT('2D SPACE',''
  ) );
#1258 = ADVANCED_FACE('',(#1259),#577,.T.);
#1259 = FACE_BOUND('',#1260,.F.);
#1260 = EDGE_LOOP('',(#1261,#1262,#1291,#1319));
#1261 = ORIENTED_EDGE('',*,*,#646,.F.);
#1262 = ORIENTED_EDGE('',*,*,#1263,.T.);
#1263 = EDGE_CURVE('',#619,#1264,#1266,.T.);
#1264 = VERTEX_POINT('',#1265);
#1265 = CARTESIAN_POINT('',(-73.,13.221334951804,579.98771497934));
#1266 = SURFACE_CURVE('',#1267,(#1272,#1279),.PCURVE_S1.);
#1267 = CIRCLE('',#1268,2.);
#1268 = AXIS2_PLACEMENT_3D('',#1269,#1270,#1271);
#1269 = CARTESIAN_POINT('',(-73.,13.,578.));
#1270 = DIRECTION('',(1.,0.,6.123233995737E-17));
#1271 = DIRECTION('',(-6.123233995737E-17,0.,1.));
#1272 = PCURVE('',#577,#1273);
#1273 = DEFINITIONAL_REPRESENTATION('',(#1274),#1278);
#1274 = LINE('',#1275,#1276);
#1275 = CARTESIAN_POINT('',(-1.570796326795,-6.28318530718));
#1276 = VECTOR('',#1277,1.);
#1277 = DIRECTION('',(-0.,1.));
#1278 = ( GEOMETRIC_REPRESENTATION_CONTEXT(2)
PARAMETRIC_REPRESENTATION_CONTEXT() REPRESENTATION_CONTEXT('2D SPACE',''
  ) );
#1279 = PCURVE('',#1280,#1285);
#1280 = CYLINDRICAL_SURFACE('',#1281,2.);
#1281 = AXIS2_PLACEMENT_3D('',#1282,#1283,#1284);
#1282 = CARTESIAN_POINT('',(-75.,13.,578.));
#1283 = DIRECTION('',(1.,0.,0.));
#1284 = DIRECTION('',(-0.,1.,0.));
#1285 = DEFINITIONAL_REPRESENTATION('',(#1286),#1290);
#1286 = LINE('',#1287,#1288);
#1287 = CARTESIAN_POINT('',(-4.712388980385,2.));
#1288 = VECTOR('',#1289,1.);
#1289 = DIRECTION('',(1.,0.));
#1290 = ( GEOMETRIC_REPRESENTATION_CONTEXT(2)
PARAMETRIC_REPRESENTATION_CONTEXT() REPRESENTATION_CONTEXT('2D SPACE',''
  ) );
#1291 = ORIENTED_EDGE('',*,*,#1292,.T.);
#1292 = EDGE_CURVE('',#1264,#508,#1293,.T.);
#1293 = SURFACE_CURVE('',#1294,(#1299,#1309),.PCURVE_S1.);
#1294 = CIRCLE('',#1295,1.174591068885);
#1295 = AXIS2_PLACEMENT_3D('',#1296,#1297,#1298);
#1296 = CARTESIAN_POINT('',(-72.40671641791,12.40671641791,
    579.3843283582));
#1297 = DIRECTION('',(0.366508333069,-0.366508333069,0.855186110494));
#1298 = DIRECTION('',(0.707106781187,0.707106781187,0.));
#1299 = PCURVE('',#577,#1300);
#1300 = DEFINITIONAL_REPRESENTATION('',(#1301),#1308);
#1301 = B_SPLINE_CURVE_WITH_KNOTS('',5,(#1302,#1303,#1304,#1305,#1306,
    #1307),.UNSPECIFIED.,.F.,.F.,(6,6),(1.437154674883,1.704437978707),
  .PIECEWISE_BEZIER_KNOTS.);
#1302 = CARTESIAN_POINT('',(-1.570796326795,-0.110894626147));
#1303 = CARTESIAN_POINT('',(-1.546113539626,-9.130231451858E-02));
#1304 = CARTESIAN_POINT('',(-1.522631523011,-7.029949647378E-02));
#1305 = CARTESIAN_POINT('',(-1.500413035748,-4.800270892234E-02));
#1306 = CARTESIAN_POINT('',(-1.479494012276,-2.453117289342E-02));
#1307 = CARTESIAN_POINT('',(-1.459901700648,-8.881784197002E-16));
#1308 = ( GEOMETRIC_REPRESENTATION_CONTEXT(2)
PARAMETRIC_REPRESENTATION_CONTEXT() REPRESENTATION_CONTEXT('2D SPACE',''
  ) );
#1309 = PCURVE('',#541,#1310);
#1310 = DEFINITIONAL_REPRESENTATION('',(#1311),#1318);
#1311 = B_SPLINE_CURVE_WITH_KNOTS('',5,(#1312,#1313,#1314,#1315,#1316,
    #1317),.UNSPECIFIED.,.F.,.F.,(6,6),(1.437154674883,1.704437978707),
  .PIECEWISE_BEZIER_KNOTS.);
#1312 = CARTESIAN_POINT('',(-0.306936813143,-0.889993984751));
#1313 = CARTESIAN_POINT('',(-0.29334974898,-0.840495544368));
#1314 = CARTESIAN_POINT('',(-0.28004013786,-0.791079723225));
#1315 = CARTESIAN_POINT('',(-0.266788857168,-0.741763254119));
#1316 = CARTESIAN_POINT('',(-0.253482431689,-0.69256345458));
#1317 = CARTESIAN_POINT('',(-0.240012717444,-0.643501108793));
#1318 = ( GEOMETRIC_REPRESENTATION_CONTEXT(2)
PARAMETRIC_REPRESENTATION_CONTEXT() REPRESENTATION_CONTEXT('2D SPACE',''
  ) );
#1319 = ORIENTED_EDGE('',*,*,#562,.F.);
#1320 = ADVANCED_FACE('',(#1321),#541,.F.);
#1321 = FACE_BOUND('',#1322,.T.);
#1322 = EDGE_LOOP('',(#1323,#1349,#1378,#1438,#1439,#1440));
#1323 = ORIENTED_EDGE('',*,*,#1324,.F.);
#1324 = EDGE_CURVE('',#1325,#1327,#1329,.T.);
#1325 = VERTEX_POINT('',#1326);
#1326 = CARTESIAN_POINT('',(-72.25,13.5,579.75));
#1327 = VERTEX_POINT('',#1328);
#1328 = CARTESIAN_POINT('',(-73.5,12.25,579.75));
#1329 = SURFACE_CURVE('',#1330,(#1335,#1342),.PCURVE_S1.);
#1330 = CIRCLE('',#1331,1.25);
#1331 = AXIS2_PLACEMENT_3D('',#1332,#1333,#1334);
#1332 = CARTESIAN_POINT('',(-72.25,12.25,579.75));
#1333 = DIRECTION('',(0.,0.,1.));
#1334 = DIRECTION('',(-1.,0.,0.));
#1335 = PCURVE('',#541,#1336);
#1336 = DEFINITIONAL_REPRESENTATION('',(#1337),#1341);
#1337 = LINE('',#1338,#1339);
#1338 = CARTESIAN_POINT('',(-0.,-6.28318530718));
#1339 = VECTOR('',#1340,1.);
#1340 = DIRECTION('',(-0.,1.));
#1341 = ( GEOMETRIC_REPRESENTATION_CONTEXT(2)
PARAMETRIC_REPRESENTATION_CONTEXT() REPRESENTATION_CONTEXT('2D SPACE',''
  ) );
#1342 = PCURVE('',#1092,#1343);
#1343 = DEFINITIONAL_REPRESENTATION('',(#1344),#1348);
#1344 = LINE('',#1345,#1346);
#1345 = CARTESIAN_POINT('',(-6.28318530718,146.75));
#1346 = VECTOR('',#1347,1.);
#1347 = DIRECTION('',(1.,-0.));
#1348 = ( GEOMETRIC_REPRESENTATION_CONTEXT(2)
PARAMETRIC_REPRESENTATION_CONTEXT() REPRESENTATION_CONTEXT('2D SPACE',''
  ) );
#1349 = ORIENTED_EDGE('',*,*,#1350,.T.);
#1350 = EDGE_CURVE('',#1325,#1351,#1353,.T.);
#1351 = VERTEX_POINT('',#1352);
#1352 = CARTESIAN_POINT('',(-72.25,13.485446193728,579.94019122588));
#1353 = SURFACE_CURVE('',#1354,(#1359,#1366),.PCURVE_S1.);
#1354 = CIRCLE('',#1355,1.25);
#1355 = AXIS2_PLACEMENT_3D('',#1356,#1357,#1358);
#1356 = CARTESIAN_POINT('',(-72.25,12.25,579.75));
#1357 = DIRECTION('',(1.,0.,6.123233995737E-17));
#1358 = DIRECTION('',(-6.123233995737E-17,0.,1.));
#1359 = PCURVE('',#541,#1360);
#1360 = DEFINITIONAL_REPRESENTATION('',(#1361),#1365);
#1361 = LINE('',#1362,#1363);
#1362 = CARTESIAN_POINT('',(-1.570796326795,-6.28318530718));
#1363 = VECTOR('',#1364,1.);
#1364 = DIRECTION('',(-0.,1.));
#1365 = ( GEOMETRIC_REPRESENTATION_CONTEXT(2)
PARAMETRIC_REPRESENTATION_CONTEXT() REPRESENTATION_CONTEXT('2D SPACE',''
  ) );
#1366 = PCURVE('',#1367,#1372);
#1367 = CYLINDRICAL_SURFACE('',#1368,1.25);
#1368 = AXIS2_PLACEMENT_3D('',#1369,#1370,#1371);
#1369 = CARTESIAN_POINT('',(-73.5,12.25,579.75));
#1370 = DIRECTION('',(1.,0.,0.));
#1371 = DIRECTION('',(-0.,1.,0.));
#1372 = DEFINITIONAL_REPRESENTATION('',(#1373),#1377);
#1373 = LINE('',#1374,#1375);
#1374 = CARTESIAN_POINT('',(-4.712388980385,1.25));
#1375 = VECTOR('',#1376,1.);
#1376 = DIRECTION('',(1.,0.));
#1377 = ( GEOMETRIC_REPRESENTATION_CONTEXT(2)
PARAMETRIC_REPRESENTATION_CONTEXT() REPRESENTATION_CONTEXT('2D SPACE',''
  ) );
#1378 = ORIENTED_EDGE('',*,*,#1379,.T.);
#1379 = EDGE_CURVE('',#1351,#1264,#1380,.T.);
#1380 = SURFACE_CURVE('',#1381,(#1398,#1418),.PCURVE_S1.);
#1381 = B_SPLINE_CURVE_WITH_KNOTS('',8,(#1382,#1383,#1384,#1385,#1386,
    #1387,#1388,#1389,#1390,#1391,#1392,#1393,#1394,#1395,#1396,#1397),
  .UNSPECIFIED.,.F.,.F.,(9,7,9),(0.,0.727534812868,1.),.UNSPECIFIED.);
#1382 = CARTESIAN_POINT('',(-72.25,13.485446193728,579.94019122588));
#1383 = CARTESIAN_POINT('',(-72.27934650514,13.485446193728,
    579.94019122588));
#1384 = CARTESIAN_POINT('',(-72.29374559144,13.485449108852,
    579.94026684966));
#1385 = CARTESIAN_POINT('',(-72.33952322033,13.483598347326,
    579.94055369696));
#1386 = CARTESIAN_POINT('',(-72.38324291777,13.480094042484,
    579.94163234065));
#1387 = CARTESIAN_POINT('',(-72.44544087645,13.473973769505,
    579.94295277652));
#1388 = CARTESIAN_POINT('',(-72.5247921035,13.459783579768,
    579.94666875824));
#1389 = CARTESIAN_POINT('',(-72.61718281245,13.432200443644,
    579.95319174255));
#1390 = CARTESIAN_POINT('',(-72.75081962073,13.375727149177,
    579.96445292223));
#1391 = CARTESIAN_POINT('',(-72.78750855079,13.358615733252,
    579.96772161926));
#1392 = CARTESIAN_POINT('',(-72.82415811268,13.339788638618,
    579.97113363633));
#1393 = CARTESIAN_POINT('',(-72.86051330178,13.319284067686,
    579.97461836764));
#1394 = CARTESIAN_POINT('',(-72.89638501617,13.297151707703,
    579.97809830114));
#1395 = CARTESIAN_POINT('',(-72.93164151946,13.273437157337,
    579.98149423293));
#1396 = CARTESIAN_POINT('',(-72.96619621906,13.248167214829,
    579.98472717436));
#1397 = CARTESIAN_POINT('',(-73.0000006,13.221334475541,579.98771503237)
  );
#1398 = PCURVE('',#541,#1399);
#1399 = DEFINITIONAL_REPRESENTATION('',(#1400),#1417);
#1400 = B_SPLINE_CURVE_WITH_KNOTS('',8,(#1401,#1402,#1403,#1404,#1405,
    #1406,#1407,#1408,#1409,#1410,#1411,#1412,#1413,#1414,#1415,#1416),
  .UNSPECIFIED.,.F.,.F.,(9,7,9),(0.,0.727534812868,1.),.UNSPECIFIED.);
#1401 = CARTESIAN_POINT('',(-1.570796326795,-1.418050074168));
#1402 = CARTESIAN_POINT('',(-1.416496332079,-1.418050074168));
#1403 = CARTESIAN_POINT('',(-1.349307229432,-1.416415456869));
#1404 = CARTESIAN_POINT('',(-1.106341689311,-1.408320590152));
#1405 = CARTESIAN_POINT('',(-0.880351038012,-1.392068954666));
#1406 = CARTESIAN_POINT('',(-0.707112255712,-1.356068437733));
#1407 = CARTESIAN_POINT('',(-0.581317876817,-1.301463501359));
#1408 = CARTESIAN_POINT('',(-0.491468155513,-1.230833301029));
#1409 = CARTESIAN_POINT('',(-0.403055502174,-1.120156331923));
#1410 = CARTESIAN_POINT('',(-0.382812034231,-1.088945285202));
#1411 = CARTESIAN_POINT('',(-0.365635612481,-1.056939464917));
#1412 = CARTESIAN_POINT('',(-0.35085827709,-1.024339615073));
#1413 = CARTESIAN_POINT('',(-0.337963174235,-0.991284280219));
#1414 = CARTESIAN_POINT('',(-0.326552290313,-0.957857857614));
#1415 = CARTESIAN_POINT('',(-0.316298241171,-0.924098250417));
#1416 = CARTESIAN_POINT('',(-0.306936646983,-0.889993379416));
#1417 = ( GEOMETRIC_REPRESENTATION_CONTEXT(2)
PARAMETRIC_REPRESENTATION_CONTEXT() REPRESENTATION_CONTEXT('2D SPACE',''
  ) );
#1418 = PCURVE('',#1280,#1419);
#1419 = DEFINITIONAL_REPRESENTATION('',(#1420),#1437);
#1420 = B_SPLINE_CURVE_WITH_KNOTS('',8,(#1421,#1422,#1423,#1424,#1425,
    #1426,#1427,#1428,#1429,#1430,#1431,#1432,#1433,#1434,#1435,#1436),
  .UNSPECIFIED.,.F.,.F.,(9,7,9),(0.,0.727534812868,1.),.UNSPECIFIED.);
#1421 = CARTESIAN_POINT('',(1.325624417462,2.75));
#1422 = CARTESIAN_POINT('',(1.325624417462,2.720653494851));
#1423 = CARTESIAN_POINT('',(1.32562254668,2.706254408401));
#1424 = CARTESIAN_POINT('',(1.326572082268,2.66047677975));
#1425 = CARTESIAN_POINT('',(1.328392078672,2.616757082203));
#1426 = CARTESIAN_POINT('',(1.331524562924,2.554559123546));
#1427 = CARTESIAN_POINT('',(1.338860187429,2.475207896494));
#1428 = CARTESIAN_POINT('',(1.353023269907,2.38281718755));
#1429 = CARTESIAN_POINT('',(1.381815834728,2.249180379266));
#1430 = CARTESIAN_POINT('',(1.390525959032,2.212491449209));
#1431 = CARTESIAN_POINT('',(1.40009211528,2.175841887312));
#1432 = CARTESIAN_POINT('',(1.410490065004,2.139486698217));
#1433 = CARTESIAN_POINT('',(1.421690304055,2.103614983825));
#1434 = CARTESIAN_POINT('',(1.433666398772,2.068358480534));
#1435 = CARTESIAN_POINT('',(1.446402651444,2.033803780931));
#1436 = CARTESIAN_POINT('',(1.459901940251,1.9999994));
#1437 = ( GEOMETRIC_REPRESENTATION_CONTEXT(2)
PARAMETRIC_REPRESENTATION_CONTEXT() REPRESENTATION_CONTEXT('2D SPACE',''
  ) );
#1438 = ORIENTED_EDGE('',*,*,#1292,.T.);
#1439 = ORIENTED_EDGE('',*,*,#507,.T.);
#1440 = ORIENTED_EDGE('',*,*,#1441,.F.);
#1441 = EDGE_CURVE('',#1327,#482,#1442,.T.);
#1442 = SURFACE_CURVE('',#1443,(#1448,#1455),.PCURVE_S1.);
#1443 = CIRCLE('',#1444,1.25);
#1444 = AXIS2_PLACEMENT_3D('',#1445,#1446,#1447);
#1445 = CARTESIAN_POINT('',(-72.25,12.25,579.75));
#1446 = DIRECTION('',(0.,1.,0.));
#1447 = DIRECTION('',(-1.,0.,0.));
#1448 = PCURVE('',#541,#1449);
#1449 = DEFINITIONAL_REPRESENTATION('',(#1450),#1454);
#1450 = LINE('',#1451,#1452);
#1451 = CARTESIAN_POINT('',(-0.,0.));
#1452 = VECTOR('',#1453,1.);
#1453 = DIRECTION('',(-1.,0.));
#1454 = ( GEOMETRIC_REPRESENTATION_CONTEXT(2)
PARAMETRIC_REPRESENTATION_CONTEXT() REPRESENTATION_CONTEXT('2D SPACE',''
  ) );
#1455 = PCURVE('',#496,#1456);
#1456 = DEFINITIONAL_REPRESENTATION('',(#1457),#1461);
#1457 = LINE('',#1458,#1459);
#1458 = CARTESIAN_POINT('',(0.,13.75));
#1459 = VECTOR('',#1460,1.);
#1460 = DIRECTION('',(1.,0.));
#1461 = ( GEOMETRIC_REPRESENTATION_CONTEXT(2)
PARAMETRIC_REPRESENTATION_CONTEXT() REPRESENTATION_CONTEXT('2D SPACE',''
  ) );
#1462 = ADVANCED_FACE('',(#1463),#496,.F.);
#1463 = FACE_BOUND('',#1464,.F.);
#1464 = EDGE_LOOP('',(#1465,#1489,#1490,#1491));
#1465 = ORIENTED_EDGE('',*,*,#1466,.F.);
#1466 = EDGE_CURVE('',#439,#1467,#1469,.T.);
#1467 = VERTEX_POINT('',#1468);
#1468 = CARTESIAN_POINT('',(-73.5,-0.25,579.75));
#1469 = SURFACE_CURVE('',#1470,(#1475,#1482),.PCURVE_S1.);
#1470 = CIRCLE('',#1471,1.25);
#1471 = AXIS2_PLACEMENT_3D('',#1472,#1473,#1474);
#1472 = CARTESIAN_POINT('',(-72.25,-0.25,579.75));
#1473 = DIRECTION('',(0.,-1.,0.));
#1474 = DIRECTION('',(-1.,0.,0.));
#1475 = PCURVE('',#496,#1476);
#1476 = DEFINITIONAL_REPRESENTATION('',(#1477),#1481);
#1477 = LINE('',#1478,#1479);
#1478 = CARTESIAN_POINT('',(6.28318530718,1.25));
#1479 = VECTOR('',#1480,1.);
#1480 = DIRECTION('',(-1.,-0.));
#1481 = ( GEOMETRIC_REPRESENTATION_CONTEXT(2)
PARAMETRIC_REPRESENTATION_CONTEXT() REPRESENTATION_CONTEXT('2D SPACE',''
  ) );
#1482 = PCURVE('',#464,#1483);
#1483 = DEFINITIONAL_REPRESENTATION('',(#1484),#1488);
#1484 = LINE('',#1485,#1486);
#1485 = CARTESIAN_POINT('',(-0.,-6.28318530718));
#1486 = VECTOR('',#1487,1.);
#1487 = DIRECTION('',(-0.,1.));
#1488 = ( GEOMETRIC_REPRESENTATION_CONTEXT(2)
PARAMETRIC_REPRESENTATION_CONTEXT() REPRESENTATION_CONTEXT('2D SPACE',''
  ) );
#1489 = ORIENTED_EDGE('',*,*,#481,.T.);
#1490 = ORIENTED_EDGE('',*,*,#1441,.F.);
#1491 = ORIENTED_EDGE('',*,*,#1492,.F.);
#1492 = EDGE_CURVE('',#1467,#1327,#1493,.T.);
#1493 = SURFACE_CURVE('',#1494,(#1498,#1505),.PCURVE_S1.);
#1494 = LINE('',#1495,#1496);
#1495 = CARTESIAN_POINT('',(-73.5,-1.5,579.75));
#1496 = VECTOR('',#1497,1.);
#1497 = DIRECTION('',(0.,1.,0.));
#1498 = PCURVE('',#496,#1499);
#1499 = DEFINITIONAL_REPRESENTATION('',(#1500),#1504);
#1500 = LINE('',#1501,#1502);
#1501 = CARTESIAN_POINT('',(0.,0.));
#1502 = VECTOR('',#1503,1.);
#1503 = DIRECTION('',(0.,1.));
#1504 = ( GEOMETRIC_REPRESENTATION_CONTEXT(2)
PARAMETRIC_REPRESENTATION_CONTEXT() REPRESENTATION_CONTEXT('2D SPACE',''
  ) );
#1505 = PCURVE('',#1147,#1506);
#1506 = DEFINITIONAL_REPRESENTATION('',(#1507),#1511);
#1507 = LINE('',#1508,#1509);
#1508 = CARTESIAN_POINT('',(146.75,0.));
#1509 = VECTOR('',#1510,1.);
#1510 = DIRECTION('',(0.,-1.));
#1511 = ( GEOMETRIC_REPRESENTATION_CONTEXT(2)
PARAMETRIC_REPRESENTATION_CONTEXT() REPRESENTATION_CONTEXT('2D SPACE',''
  ) );
#1512 = ADVANCED_FACE('',(#1513),#464,.F.);
#1513 = FACE_BOUND('',#1514,.T.);
#1514 = EDGE_LOOP('',(#1515,#1516,#1517,#1518,#1556,#1585));
#1515 = ORIENTED_EDGE('',*,*,#1466,.F.);
#1516 = ORIENTED_EDGE('',*,*,#438,.T.);
#1517 = ORIENTED_EDGE('',*,*,#751,.T.);
#1518 = ORIENTED_EDGE('',*,*,#1519,.F.);
#1519 = EDGE_CURVE('',#1520,#752,#1522,.T.);
#1520 = VERTEX_POINT('',#1521);
#1521 = CARTESIAN_POINT('',(-72.25,-1.485446193728,579.94019122588));
#1522 = SURFACE_CURVE('',#1523,(#1532,#1544),.PCURVE_S1.);
#1523 = B_SPLINE_CURVE_WITH_KNOTS('',7,(#1524,#1525,#1526,#1527,#1528,
    #1529,#1530,#1531),.UNSPECIFIED.,.F.,.F.,(8,8),(0.,1.),
  .PIECEWISE_BEZIER_KNOTS.);
#1524 = CARTESIAN_POINT('',(-72.25,-1.485446193728,579.94019122588));
#1525 = CARTESIAN_POINT('',(-72.36388872038,-1.485446193728,
    579.94019122588));
#1526 = CARTESIAN_POINT('',(-72.47757306865,-1.472707206801,
    579.94337920785));
#1527 = CARTESIAN_POINT('',(-72.58988921883,-1.447310188927,
    579.94973140512));
#1528 = CARTESIAN_POINT('',(-72.69961497975,-1.409296868095,
    579.95868719429));
#1529 = CARTESIAN_POINT('',(-72.80543695051,-1.358743091092,
    579.96910793637));
#1530 = CARTESIAN_POINT('',(-72.90602257873,-1.295930953101,
    579.97940862428));
#1531 = CARTESIAN_POINT('',(-73.0000006,-1.221334475541,579.98771503237)
  );
#1532 = PCURVE('',#464,#1533);
#1533 = DEFINITIONAL_REPRESENTATION('',(#1534),#1543);
#1534 = B_SPLINE_CURVE_WITH_KNOTS('',7,(#1535,#1536,#1537,#1538,#1539,
    #1540,#1541,#1542),.UNSPECIFIED.,.F.,.F.,(8,8),(0.,1.),
  .PIECEWISE_BEZIER_KNOTS.);
#1535 = CARTESIAN_POINT('',(-1.570796326795,-0.152746252627));
#1536 = CARTESIAN_POINT('',(-1.478612044738,-0.152746252627));
#1537 = CARTESIAN_POINT('',(-1.386594138613,-0.155326512785));
#1538 = CARTESIAN_POINT('',(-1.294246059455,-0.16046874542));
#1539 = CARTESIAN_POINT('',(-1.201161063913,-0.167723054623));
#1540 = CARTESIAN_POINT('',(-1.106900935483,-0.176185310893));
#1541 = CARTESIAN_POINT('',(-1.011042973978,-0.184568718134));
#1542 = CARTESIAN_POINT('',(-0.913279149459,-0.191337367154));
#1543 = ( GEOMETRIC_REPRESENTATION_CONTEXT(2)
PARAMETRIC_REPRESENTATION_CONTEXT() REPRESENTATION_CONTEXT('2D SPACE',''
  ) );
#1544 = PCURVE('',#813,#1545);
#1545 = DEFINITIONAL_REPRESENTATION('',(#1546),#1555);
#1546 = B_SPLINE_CURVE_WITH_KNOTS('',7,(#1547,#1548,#1549,#1550,#1551,
    #1552,#1553,#1554),.UNSPECIFIED.,.F.,.F.,(8,8),(0.,1.),
  .PIECEWISE_BEZIER_KNOTS.);
#1547 = CARTESIAN_POINT('',(-1.325624417462,2.75));
#1548 = CARTESIAN_POINT('',(-1.325624417462,2.636111279611));
#1549 = CARTESIAN_POINT('',(-1.332190361642,2.522426931343));
#1550 = CARTESIAN_POINT('',(-1.345279906879,2.410110781167));
#1551 = CARTESIAN_POINT('',(-1.364805471828,2.300385020248));
#1552 = CARTESIAN_POINT('',(-1.390590052254,2.194563049485));
#1553 = CARTESIAN_POINT('',(-1.422373181679,2.093977421268));
#1554 = CARTESIAN_POINT('',(-1.459901940251,1.9999994));
#1555 = ( GEOMETRIC_REPRESENTATION_CONTEXT(2)
PARAMETRIC_REPRESENTATION_CONTEXT() REPRESENTATION_CONTEXT('2D SPACE',''
  ) );
#1556 = ORIENTED_EDGE('',*,*,#1557,.T.);
#1557 = EDGE_CURVE('',#1520,#1558,#1560,.T.);
#1558 = VERTEX_POINT('',#1559);
#1559 = CARTESIAN_POINT('',(-72.25,-1.5,579.75));
#1560 = SURFACE_CURVE('',#1561,(#1566,#1573),.PCURVE_S1.);
#1561 = CIRCLE('',#1562,1.25);
#1562 = AXIS2_PLACEMENT_3D('',#1563,#1564,#1565);
#1563 = CARTESIAN_POINT('',(-72.25,-0.25,579.75));
#1564 = DIRECTION('',(1.,-6.123233995737E-17,0.));
#1565 = DIRECTION('',(-6.123233995737E-17,-1.,0.));
#1566 = PCURVE('',#464,#1567);
#1567 = DEFINITIONAL_REPRESENTATION('',(#1568),#1572);
#1568 = LINE('',#1569,#1570);
#1569 = CARTESIAN_POINT('',(-1.570796326795,-6.28318530718));
#1570 = VECTOR('',#1571,1.);
#1571 = DIRECTION('',(-0.,1.));
#1572 = ( GEOMETRIC_REPRESENTATION_CONTEXT(2)
PARAMETRIC_REPRESENTATION_CONTEXT() REPRESENTATION_CONTEXT('2D SPACE',''
  ) );
#1573 = PCURVE('',#1574,#1579);
#1574 = CYLINDRICAL_SURFACE('',#1575,1.25);
#1575 = AXIS2_PLACEMENT_3D('',#1576,#1577,#1578);
#1576 = CARTESIAN_POINT('',(-73.5,-0.25,579.75));
#1577 = DIRECTION('',(1.,0.,0.));
#1578 = DIRECTION('',(0.,-1.,0.));
#1579 = DEFINITIONAL_REPRESENTATION('',(#1580),#1584);
#1580 = LINE('',#1581,#1582);
#1581 = CARTESIAN_POINT('',(-6.28318530718,1.25));
#1582 = VECTOR('',#1583,1.);
#1583 = DIRECTION('',(1.,-0.));
#1584 = ( GEOMETRIC_REPRESENTATION_CONTEXT(2)
PARAMETRIC_REPRESENTATION_CONTEXT() REPRESENTATION_CONTEXT('2D SPACE',''
  ) );
#1585 = ORIENTED_EDGE('',*,*,#1586,.F.);
#1586 = EDGE_CURVE('',#1467,#1558,#1587,.T.);
#1587 = SURFACE_CURVE('',#1588,(#1593,#1600),.PCURVE_S1.);
#1588 = CIRCLE('',#1589,1.25);
#1589 = AXIS2_PLACEMENT_3D('',#1590,#1591,#1592);
#1590 = CARTESIAN_POINT('',(-72.25,-0.25,579.75));
#1591 = DIRECTION('',(0.,0.,1.));
#1592 = DIRECTION('',(-1.,0.,0.));
#1593 = PCURVE('',#464,#1594);
#1594 = DEFINITIONAL_REPRESENTATION('',(#1595),#1599);
#1595 = LINE('',#1596,#1597);
#1596 = CARTESIAN_POINT('',(-0.,0.));
#1597 = VECTOR('',#1598,1.);
#1598 = DIRECTION('',(-1.,0.));
#1599 = ( GEOMETRIC_REPRESENTATION_CONTEXT(2)
PARAMETRIC_REPRESENTATION_CONTEXT() REPRESENTATION_CONTEXT('2D SPACE',''
  ) );
#1600 = PCURVE('',#1247,#1601);
#1601 = DEFINITIONAL_REPRESENTATION('',(#1602),#1606);
#1602 = LINE('',#1603,#1604);
#1603 = CARTESIAN_POINT('',(0.,146.75));
#1604 = VECTOR('',#1605,1.);
#1605 = DIRECTION('',(1.,0.));
#1606 = ( GEOMETRIC_REPRESENTATION_CONTEXT(2)
PARAMETRIC_REPRESENTATION_CONTEXT() REPRESENTATION_CONTEXT('2D SPACE',''
  ) );
#1607 = ADVANCED_FACE('',(#1608),#634,.T.);
#1608 = FACE_BOUND('',#1609,.T.);
#1609 = EDGE_LOOP('',(#1610,#1611,#1634,#1662));
#1610 = ORIENTED_EDGE('',*,*,#618,.T.);
#1611 = ORIENTED_EDGE('',*,*,#1612,.T.);
#1612 = EDGE_CURVE('',#619,#1613,#1615,.T.);
#1613 = VERTEX_POINT('',#1614);
#1614 = CARTESIAN_POINT('',(-59.,15.,578.));
#1615 = SURFACE_CURVE('',#1616,(#1620,#1627),.PCURVE_S1.);
#1616 = LINE('',#1617,#1618);
#1617 = CARTESIAN_POINT('',(-75.,15.,578.));
#1618 = VECTOR('',#1619,1.);
#1619 = DIRECTION('',(1.,0.,0.));
#1620 = PCURVE('',#634,#1621);
#1621 = DEFINITIONAL_REPRESENTATION('',(#1622),#1626);
#1622 = LINE('',#1623,#1624);
#1623 = CARTESIAN_POINT('',(144.,0.));
#1624 = VECTOR('',#1625,1.);
#1625 = DIRECTION('',(0.,1.));
#1626 = ( GEOMETRIC_REPRESENTATION_CONTEXT(2)
PARAMETRIC_REPRESENTATION_CONTEXT() REPRESENTATION_CONTEXT('2D SPACE',''
  ) );
#1627 = PCURVE('',#1280,#1628);
#1628 = DEFINITIONAL_REPRESENTATION('',(#1629),#1633);
#1629 = LINE('',#1630,#1631);
#1630 = CARTESIAN_POINT('',(0.,0.));
#1631 = VECTOR('',#1632,1.);
#1632 = DIRECTION('',(0.,1.));
#1633 = ( GEOMETRIC_REPRESENTATION_CONTEXT(2)
PARAMETRIC_REPRESENTATION_CONTEXT() REPRESENTATION_CONTEXT('2D SPACE',''
  ) );
#1634 = ORIENTED_EDGE('',*,*,#1635,.F.);
#1635 = EDGE_CURVE('',#1636,#1613,#1638,.T.);
#1636 = VERTEX_POINT('',#1637);
#1637 = CARTESIAN_POINT('',(-59.,15.,436.));
#1638 = SURFACE_CURVE('',#1639,(#1643,#1650),.PCURVE_S1.);
#1639 = LINE('',#1640,#1641);
#1640 = CARTESIAN_POINT('',(-59.,15.,434.));
#1641 = VECTOR('',#1642,1.);
#1642 = DIRECTION('',(0.,0.,1.));
#1643 = PCURVE('',#634,#1644);
#1644 = DEFINITIONAL_REPRESENTATION('',(#1645),#1649);
#1645 = LINE('',#1646,#1647);
#1646 = CARTESIAN_POINT('',(0.,16.));
#1647 = VECTOR('',#1648,1.);
#1648 = DIRECTION('',(1.,0.));
#1649 = ( GEOMETRIC_REPRESENTATION_CONTEXT(2)
PARAMETRIC_REPRESENTATION_CONTEXT() REPRESENTATION_CONTEXT('2D SPACE',''
  ) );
#1650 = PCURVE('',#1651,#1656);
#1651 = CYLINDRICAL_SURFACE('',#1652,2.);
#1652 = AXIS2_PLACEMENT_3D('',#1653,#1654,#1655);
#1653 = CARTESIAN_POINT('',(-59.,13.,434.));
#1654 = DIRECTION('',(0.,0.,1.));
#1655 = DIRECTION('',(1.,0.,-0.));
#1656 = DEFINITIONAL_REPRESENTATION('',(#1657),#1661);
#1657 = LINE('',#1658,#1659);
#1658 = CARTESIAN_POINT('',(1.570796326795,0.));
#1659 = VECTOR('',#1660,1.);
#1660 = DIRECTION('',(0.,1.));
#1661 = ( GEOMETRIC_REPRESENTATION_CONTEXT(2)
PARAMETRIC_REPRESENTATION_CONTEXT() REPRESENTATION_CONTEXT('2D SPACE',''
  ) );
#1662 = ORIENTED_EDGE('',*,*,#1663,.F.);
#1663 = EDGE_CURVE('',#595,#1636,#1664,.T.);
#1664 = SURFACE_CURVE('',#1665,(#1669,#1676),.PCURVE_S1.);
#1665 = LINE('',#1666,#1667);
#1666 = CARTESIAN_POINT('',(-75.,15.,436.));
#1667 = VECTOR('',#1668,1.);
#1668 = DIRECTION('',(1.,0.,0.));
#1669 = PCURVE('',#634,#1670);
#1670 = DEFINITIONAL_REPRESENTATION('',(#1671),#1675);
#1671 = LINE('',#1672,#1673);
#1672 = CARTESIAN_POINT('',(2.,0.));
#1673 = VECTOR('',#1674,1.);
#1674 = DIRECTION('',(0.,1.));
#1675 = ( GEOMETRIC_REPRESENTATION_CONTEXT(2)
PARAMETRIC_REPRESENTATION_CONTEXT() REPRESENTATION_CONTEXT('2D SPACE',''
  ) );
#1676 = PCURVE('',#968,#1677);
#1677 = DEFINITIONAL_REPRESENTATION('',(#1678),#1682);
#1678 = LINE('',#1679,#1680);
#1679 = CARTESIAN_POINT('',(-0.,0.));
#1680 = VECTOR('',#1681,1.);
#1681 = DIRECTION('',(-0.,1.));
#1682 = ( GEOMETRIC_REPRESENTATION_CONTEXT(2)
PARAMETRIC_REPRESENTATION_CONTEXT() REPRESENTATION_CONTEXT('2D SPACE',''
  ) );
#1683 = ADVANCED_FACE('',(#1684),#734,.T.);
#1684 = FACE_BOUND('',#1685,.T.);
#1685 = EDGE_LOOP('',(#1686,#1687,#1688,#1709,#1770,#1797));
#1686 = ORIENTED_EDGE('',*,*,#719,.F.);
#1687 = ORIENTED_EDGE('',*,*,#1165,.F.);
#1688 = ORIENTED_EDGE('',*,*,#1689,.T.);
#1689 = EDGE_CURVE('',#1166,#1690,#1692,.T.);
#1690 = VERTEX_POINT('',#1691);
#1691 = CARTESIAN_POINT('',(-59.75,-1.485446193728,434.05980877411));
#1692 = SURFACE_CURVE('',#1693,(#1697,#1703),.PCURVE_S1.);
#1693 = LINE('',#1694,#1695);
#1694 = CARTESIAN_POINT('',(-75.,-1.485446193728,434.05980877411));
#1695 = VECTOR('',#1696,1.);
#1696 = DIRECTION('',(1.,0.,0.));
#1697 = PCURVE('',#734,#1698);
#1698 = DEFINITIONAL_REPRESENTATION('',(#1699),#1702);
#1699 = B_SPLINE_CURVE_WITH_KNOTS('',1,(#1700,#1701),.UNSPECIFIED.,.F.,
  .F.,(2,2),(2.7499994,15.2500006),.PIECEWISE_BEZIER_KNOTS.);
#1700 = CARTESIAN_POINT('',(1.325624417462,2.7499994));
#1701 = CARTESIAN_POINT('',(1.325624417462,15.2500006));
#1702 = ( GEOMETRIC_REPRESENTATION_CONTEXT(2)
PARAMETRIC_REPRESENTATION_CONTEXT() REPRESENTATION_CONTEXT('2D SPACE',''
  ) );
#1703 = PCURVE('',#1220,#1704);
#1704 = DEFINITIONAL_REPRESENTATION('',(#1705),#1708);
#1705 = B_SPLINE_CURVE_WITH_KNOTS('',1,(#1706,#1707),.UNSPECIFIED.,.F.,
  .F.,(2,2),(2.7499994,15.2500006),.PIECEWISE_BEZIER_KNOTS.);
#1706 = CARTESIAN_POINT('',(0.152746252627,1.2499994));
#1707 = CARTESIAN_POINT('',(0.152746252627,13.7500006));
#1708 = ( GEOMETRIC_REPRESENTATION_CONTEXT(2)
PARAMETRIC_REPRESENTATION_CONTEXT() REPRESENTATION_CONTEXT('2D SPACE',''
  ) );
#1709 = ORIENTED_EDGE('',*,*,#1710,.F.);
#1710 = EDGE_CURVE('',#1711,#1690,#1713,.T.);
#1711 = VERTEX_POINT('',#1712);
#1712 = CARTESIAN_POINT('',(-59.,-1.221334951804,434.01228502065));
#1713 = SURFACE_CURVE('',#1714,(#1729,#1747),.PCURVE_S1.);
#1714 = B_SPLINE_CURVE_WITH_KNOTS('',5,(#1715,#1716,#1717,#1718,#1719,
    #1720,#1721,#1722,#1723,#1724,#1725,#1726,#1727,#1728),
  .UNSPECIFIED.,.F.,.F.,(6,4,4,6),(0.,0.445367890683,0.879616482276,1.),
  .UNSPECIFIED.);
#1715 = CARTESIAN_POINT('',(-58.99999939995,-1.221334475511,
    434.01228496762));
#1716 = CARTESIAN_POINT('',(-59.05860701408,-1.26785515677,
    434.0174651018));
#1717 = CARTESIAN_POINT('',(-59.11997750158,-1.309473116904,
    434.0234772159));
#1718 = CARTESIAN_POINT('',(-59.18367831659,-1.346029082606,
    434.02974032542));
#1719 = CARTESIAN_POINT('',(-59.24928869693,-1.377434580134,
    434.03575484414));
#1720 = CARTESIAN_POINT('',(-59.38186087708,-1.429191582349,
    434.04641990703));
#1721 = CARTESIAN_POINT('',(-59.44874469898,-1.449797976818,
    434.05110047794));
#1722 = CARTESIAN_POINT('',(-59.51669062998,-1.46541127498,
    434.05485556271));
#1723 = CARTESIAN_POINT('',(-59.58532469125,-1.476009121539,
    434.05746343799));
#1724 = CARTESIAN_POINT('',(-59.67338520688,-1.483128007075,
    434.05922956966));
#1725 = CARTESIAN_POINT('',(-59.69252287869,-1.484287055629,
    434.05951875175));
#1726 = CARTESIAN_POINT('',(-59.71167655523,-1.485059814086,
    434.05971209945));
#1727 = CARTESIAN_POINT('',(-59.73083824521,-1.485446193728,
    434.05980877411));
#1728 = CARTESIAN_POINT('',(-59.75,-1.485446193728,434.05980877411));
#1729 = PCURVE('',#734,#1730);
#1730 = DEFINITIONAL_REPRESENTATION('',(#1731),#1746);
#1731 = B_SPLINE_CURVE_WITH_KNOTS('',5,(#1732,#1733,#1734,#1735,#1736,
    #1737,#1738,#1739,#1740,#1741,#1742,#1743,#1744,#1745),
  .UNSPECIFIED.,.F.,.F.,(6,4,4,6),(0.,0.445367890683,0.879616482276,1.),
  .UNSPECIFIED.);
#1732 = CARTESIAN_POINT('',(1.459901940266,16.000000600043));
#1733 = CARTESIAN_POINT('',(1.436497840332,15.941392985911));
#1734 = CARTESIAN_POINT('',(1.415483996535,15.880022498412));
#1735 = CARTESIAN_POINT('',(1.396945055108,15.816321683401));
#1736 = CARTESIAN_POINT('',(1.38095851709,15.750711303066));
#1737 = CARTESIAN_POINT('',(1.354536315986,15.618139122917));
#1738 = CARTESIAN_POINT('',(1.34397276466,15.551255301017));
#1739 = CARTESIAN_POINT('',(1.335943424451,15.483309370018));
#1740 = CARTESIAN_POINT('',(1.330486489254,15.414675308741));
#1741 = CARTESIAN_POINT('',(1.3268191417,15.326614793115));
#1742 = CARTESIAN_POINT('',(1.326221852339,15.307477121309));
#1743 = CARTESIAN_POINT('',(1.325823562832,15.288323444768));
#1744 = CARTESIAN_POINT('',(1.325624417462,15.269161754789));
#1745 = CARTESIAN_POINT('',(1.325624417462,15.25));
#1746 = ( GEOMETRIC_REPRESENTATION_CONTEXT(2)
PARAMETRIC_REPRESENTATION_CONTEXT() REPRESENTATION_CONTEXT('2D SPACE',''
  ) );
#1747 = PCURVE('',#1748,#1753);
#1748 = SPHERICAL_SURFACE('',#1749,1.25);
#1749 = AXIS2_PLACEMENT_3D('',#1750,#1751,#1752);
#1750 = CARTESIAN_POINT('',(-59.75,-0.25,434.25));
#1751 = DIRECTION('',(0.,0.,1.));
#1752 = DIRECTION('',(1.,0.,-0.));
#1753 = DEFINITIONAL_REPRESENTATION('',(#1754),#1769);
#1754 = B_SPLINE_CURVE_WITH_KNOTS('',5,(#1755,#1756,#1757,#1758,#1759,
    #1760,#1761,#1762,#1763,#1764,#1765,#1766,#1767,#1768),
  .UNSPECIFIED.,.F.,.F.,(6,4,4,6),(0.,0.445367890683,0.879616482276,1.),
  .UNSPECIFIED.);
#1755 = CARTESIAN_POINT('',(-0.913279149416,-0.191337367156));
#1756 = CARTESIAN_POINT('',(-0.974247708088,-0.187116227313));
#1757 = CARTESIAN_POINT('',(-1.034431912033,-0.182221406718));
#1758 = CARTESIAN_POINT('',(-1.093916490597,-0.17712919553));
#1759 = CARTESIAN_POINT('',(-1.152823438971,-0.172244947664));
#1760 = CARTESIAN_POINT('',(-1.268290988633,-0.163591261051));
#1761 = CARTESIAN_POINT('',(-1.324870510674,-0.159797299832));
#1762 = CARTESIAN_POINT('',(-1.381145699632,-0.156756193146));
#1763 = CARTESIAN_POINT('',(-1.437228534902,-0.154644805765));
#1764 = CARTESIAN_POINT('',(-1.508747633186,-0.153215084194));
#1765 = CARTESIAN_POINT('',(-1.524264249746,-0.152981003751));
#1766 = CARTESIAN_POINT('',(-1.539776403531,-0.15282450339));
#1767 = CARTESIAN_POINT('',(-1.555286339483,-0.152746252627));
#1768 = CARTESIAN_POINT('',(-1.570796326795,-0.152746252627));
#1769 = ( GEOMETRIC_REPRESENTATION_CONTEXT(2)
PARAMETRIC_REPRESENTATION_CONTEXT() REPRESENTATION_CONTEXT('2D SPACE',''
  ) );
#1770 = ORIENTED_EDGE('',*,*,#1771,.T.);
#1771 = EDGE_CURVE('',#1711,#854,#1772,.T.);
#1772 = SURFACE_CURVE('',#1773,(#1778,#1785),.PCURVE_S1.);
#1773 = CIRCLE('',#1774,2.);
#1774 = AXIS2_PLACEMENT_3D('',#1775,#1776,#1777);
#1775 = CARTESIAN_POINT('',(-59.,-1.,436.));
#1776 = DIRECTION('',(-1.,-6.123233995737E-17,0.));
#1777 = DIRECTION('',(6.123233995737E-17,-1.,-0.));
#1778 = PCURVE('',#734,#1779);
#1779 = DEFINITIONAL_REPRESENTATION('',(#1780),#1784);
#1780 = LINE('',#1781,#1782);
#1781 = CARTESIAN_POINT('',(6.28318530718,16.));
#1782 = VECTOR('',#1783,1.);
#1783 = DIRECTION('',(-1.,-0.));
#1784 = ( GEOMETRIC_REPRESENTATION_CONTEXT(2)
PARAMETRIC_REPRESENTATION_CONTEXT() REPRESENTATION_CONTEXT('2D SPACE',''
  ) );
#1785 = PCURVE('',#1786,#1791);
#1786 = SPHERICAL_SURFACE('',#1787,2.);
#1787 = AXIS2_PLACEMENT_3D('',#1788,#1789,#1790);
#1788 = CARTESIAN_POINT('',(-59.,-1.,436.));
#1789 = DIRECTION('',(0.,0.,1.));
#1790 = DIRECTION('',(1.,0.,-0.));
#1791 = DEFINITIONAL_REPRESENTATION('',(#1792),#1796);
#1792 = LINE('',#1793,#1794);
#1793 = CARTESIAN_POINT('',(-1.570796326795,-6.28318530718));
#1794 = VECTOR('',#1795,1.);
#1795 = DIRECTION('',(-0.,1.));
#1796 = ( GEOMETRIC_REPRESENTATION_CONTEXT(2)
PARAMETRIC_REPRESENTATION_CONTEXT() REPRESENTATION_CONTEXT('2D SPACE',''
  ) );
#1797 = ORIENTED_EDGE('',*,*,#881,.F.);
#1798 = ADVANCED_FACE('',(#1799),#813,.T.);
#1799 = FACE_BOUND('',#1800,.F.);
#1800 = EDGE_LOOP('',(#1801,#1802,#1803,#1824,#1885,#1912));
#1801 = ORIENTED_EDGE('',*,*,#798,.F.);
#1802 = ORIENTED_EDGE('',*,*,#1519,.F.);
#1803 = ORIENTED_EDGE('',*,*,#1804,.T.);
#1804 = EDGE_CURVE('',#1520,#1805,#1807,.T.);
#1805 = VERTEX_POINT('',#1806);
#1806 = CARTESIAN_POINT('',(-59.75,-1.485446193728,579.94019122588));
#1807 = SURFACE_CURVE('',#1808,(#1812,#1818),.PCURVE_S1.);
#1808 = LINE('',#1809,#1810);
#1809 = CARTESIAN_POINT('',(-75.,-1.485446193728,579.94019122588));
#1810 = VECTOR('',#1811,1.);
#1811 = DIRECTION('',(1.,0.,0.));
#1812 = PCURVE('',#813,#1813);
#1813 = DEFINITIONAL_REPRESENTATION('',(#1814),#1817);
#1814 = B_SPLINE_CURVE_WITH_KNOTS('',1,(#1815,#1816),.UNSPECIFIED.,.F.,
  .F.,(2,2),(2.7499994,15.2500006),.PIECEWISE_BEZIER_KNOTS.);
#1815 = CARTESIAN_POINT('',(-1.325624417462,2.7499994));
#1816 = CARTESIAN_POINT('',(-1.325624417462,15.2500006));
#1817 = ( GEOMETRIC_REPRESENTATION_CONTEXT(2)
PARAMETRIC_REPRESENTATION_CONTEXT() REPRESENTATION_CONTEXT('2D SPACE',''
  ) );
#1818 = PCURVE('',#1574,#1819);
#1819 = DEFINITIONAL_REPRESENTATION('',(#1820),#1823);
#1820 = B_SPLINE_CURVE_WITH_KNOTS('',1,(#1821,#1822),.UNSPECIFIED.,.F.,
  .F.,(2,2),(2.7499994,15.2500006),.PIECEWISE_BEZIER_KNOTS.);
#1821 = CARTESIAN_POINT('',(-0.152746252627,1.2499994));
#1822 = CARTESIAN_POINT('',(-0.152746252627,13.7500006));
#1823 = ( GEOMETRIC_REPRESENTATION_CONTEXT(2)
PARAMETRIC_REPRESENTATION_CONTEXT() REPRESENTATION_CONTEXT('2D SPACE',''
  ) );
#1824 = ORIENTED_EDGE('',*,*,#1825,.F.);
#1825 = EDGE_CURVE('',#1826,#1805,#1828,.T.);
#1826 = VERTEX_POINT('',#1827);
#1827 = CARTESIAN_POINT('',(-59.,-1.221334951804,579.98771497934));
#1828 = SURFACE_CURVE('',#1829,(#1844,#1862),.PCURVE_S1.);
#1829 = B_SPLINE_CURVE_WITH_KNOTS('',5,(#1830,#1831,#1832,#1833,#1834,
    #1835,#1836,#1837,#1838,#1839,#1840,#1841,#1842,#1843),
  .UNSPECIFIED.,.F.,.F.,(6,4,4,6),(0.,0.445367890789,0.879616482629,1.),
  .UNSPECIFIED.);
#1830 = CARTESIAN_POINT('',(-58.99999940007,-1.221334475603,
    579.98771503237));
#1831 = CARTESIAN_POINT('',(-59.05860701421,-1.267855156857,
    579.98253489818));
#1832 = CARTESIAN_POINT('',(-59.11997750172,-1.309473116985,
    579.97652278408));
#1833 = CARTESIAN_POINT('',(-59.18367831673,-1.346029082681,
    579.97025967456));
#1834 = CARTESIAN_POINT('',(-59.24928869708,-1.377434580202,
    579.96424515583));
#1835 = CARTESIAN_POINT('',(-59.38186087726,-1.429191582409,
    579.95358009294));
#1836 = CARTESIAN_POINT('',(-59.44874469919,-1.449797976876,
    579.94889952203));
#1837 = CARTESIAN_POINT('',(-59.51669063022,-1.46541127503,
    579.94514443727));
#1838 = CARTESIAN_POINT('',(-59.58532469152,-1.476009121578,
    579.94253656199));
#1839 = CARTESIAN_POINT('',(-59.67338520712,-1.483128007089,
    579.94077043033));
#1840 = CARTESIAN_POINT('',(-59.69252287887,-1.484287055636,
    579.94048124824));
#1841 = CARTESIAN_POINT('',(-59.71167655535,-1.485059814088,
    579.94028790054));
#1842 = CARTESIAN_POINT('',(-59.73083824527,-1.485446193728,
    579.94019122588));
#1843 = CARTESIAN_POINT('',(-59.75,-1.485446193728,579.94019122588));
#1844 = PCURVE('',#813,#1845);
#1845 = DEFINITIONAL_REPRESENTATION('',(#1846),#1861);
#1846 = B_SPLINE_CURVE_WITH_KNOTS('',5,(#1847,#1848,#1849,#1850,#1851,
    #1852,#1853,#1854,#1855,#1856,#1857,#1858,#1859,#1860),
  .UNSPECIFIED.,.F.,.F.,(6,4,4,6),(0.,0.445367890789,0.879616482629,1.),
  .UNSPECIFIED.);
#1847 = CARTESIAN_POINT('',(-1.45990194022,16.000000599927));
#1848 = CARTESIAN_POINT('',(-1.436497840288,15.941392985787));
#1849 = CARTESIAN_POINT('',(-1.415483996494,15.88002249828));
#1850 = CARTESIAN_POINT('',(-1.39694505507,15.816321683261));
#1851 = CARTESIAN_POINT('',(-1.380958517056,15.75071130292));
#1852 = CARTESIAN_POINT('',(-1.354536315955,15.618139122735));
#1853 = CARTESIAN_POINT('',(-1.34397276463,15.551255300806));
#1854 = CARTESIAN_POINT('',(-1.335943424425,15.483309369778));
#1855 = CARTESIAN_POINT('',(-1.330486489234,15.414675308471));
#1856 = CARTESIAN_POINT('',(-1.326819141692,15.326614792876));
#1857 = CARTESIAN_POINT('',(-1.326221852336,15.30747712113));
#1858 = CARTESIAN_POINT('',(-1.325823562831,15.288323444648));
#1859 = CARTESIAN_POINT('',(-1.325624417462,15.26916175473));
#1860 = CARTESIAN_POINT('',(-1.325624417462,15.25));
#1861 = ( GEOMETRIC_REPRESENTATION_CONTEXT(2)
PARAMETRIC_REPRESENTATION_CONTEXT() REPRESENTATION_CONTEXT('2D SPACE',''
  ) );
#1862 = PCURVE('',#1863,#1868);
#1863 = SPHERICAL_SURFACE('',#1864,1.25);
#1864 = AXIS2_PLACEMENT_3D('',#1865,#1866,#1867);
#1865 = CARTESIAN_POINT('',(-59.75,-0.25,579.75));
#1866 = DIRECTION('',(-0.,-0.,-1.));
#1867 = DIRECTION('',(1.,0.,0.));
#1868 = DEFINITIONAL_REPRESENTATION('',(#1869),#1884);
#1869 = B_SPLINE_CURVE_WITH_KNOTS('',5,(#1870,#1871,#1872,#1873,#1874,
    #1875,#1876,#1877,#1878,#1879,#1880,#1881,#1882,#1883),
  .UNSPECIFIED.,.F.,.F.,(6,4,4,6),(0.,0.445367890789,0.879616482629,1.),
  .UNSPECIFIED.);
#1870 = CARTESIAN_POINT('',(0.913279149537,-0.191337367148));
#1871 = CARTESIAN_POINT('',(0.974247708212,-0.187116227304));
#1872 = CARTESIAN_POINT('',(1.034431912159,-0.182221406708));
#1873 = CARTESIAN_POINT('',(1.093916490725,-0.177129195519));
#1874 = CARTESIAN_POINT('',(1.152823439102,-0.172244947653));
#1875 = CARTESIAN_POINT('',(1.268290988788,-0.16359126104));
#1876 = CARTESIAN_POINT('',(1.324870510851,-0.159797299822));
#1877 = CARTESIAN_POINT('',(1.38114569983,-0.156756193136));
#1878 = CARTESIAN_POINT('',(1.437228535122,-0.154644805757));
#1879 = CARTESIAN_POINT('',(1.508747633379,-0.153215084191));
#1880 = CARTESIAN_POINT('',(1.524264249891,-0.15298100375));
#1881 = CARTESIAN_POINT('',(1.539776403628,-0.15282450339));
#1882 = CARTESIAN_POINT('',(1.555286339531,-0.152746252627));
#1883 = CARTESIAN_POINT('',(1.570796326795,-0.152746252627));
#1884 = ( GEOMETRIC_REPRESENTATION_CONTEXT(2)
PARAMETRIC_REPRESENTATION_CONTEXT() REPRESENTATION_CONTEXT('2D SPACE',''
  ) );
#1885 = ORIENTED_EDGE('',*,*,#1886,.T.);
#1886 = EDGE_CURVE('',#1826,#831,#1887,.T.);
#1887 = SURFACE_CURVE('',#1888,(#1893,#1900),.PCURVE_S1.);
#1888 = CIRCLE('',#1889,2.);
#1889 = AXIS2_PLACEMENT_3D('',#1890,#1891,#1892);
#1890 = CARTESIAN_POINT('',(-59.,-1.,578.));
#1891 = DIRECTION('',(1.,6.123233995737E-17,0.));
#1892 = DIRECTION('',(6.123233995737E-17,-1.,0.));
#1893 = PCURVE('',#813,#1894);
#1894 = DEFINITIONAL_REPRESENTATION('',(#1895),#1899);
#1895 = LINE('',#1896,#1897);
#1896 = CARTESIAN_POINT('',(-6.28318530718,16.));
#1897 = VECTOR('',#1898,1.);
#1898 = DIRECTION('',(1.,-0.));
#1899 = ( GEOMETRIC_REPRESENTATION_CONTEXT(2)
PARAMETRIC_REPRESENTATION_CONTEXT() REPRESENTATION_CONTEXT('2D SPACE',''
  ) );
#1900 = PCURVE('',#1901,#1906);
#1901 = SPHERICAL_SURFACE('',#1902,2.);
#1902 = AXIS2_PLACEMENT_3D('',#1903,#1904,#1905);
#1903 = CARTESIAN_POINT('',(-59.,-1.,578.));
#1904 = DIRECTION('',(-0.,-0.,-1.));
#1905 = DIRECTION('',(1.,0.,0.));
#1906 = DEFINITIONAL_REPRESENTATION('',(#1907),#1911);
#1907 = LINE('',#1908,#1909);
#1908 = CARTESIAN_POINT('',(1.570796326795,-6.28318530718));
#1909 = VECTOR('',#1910,1.);
#1910 = DIRECTION('',(0.,1.));
#1911 = ( GEOMETRIC_REPRESENTATION_CONTEXT(2)
PARAMETRIC_REPRESENTATION_CONTEXT() REPRESENTATION_CONTEXT('2D SPACE',''
  ) );
#1912 = ORIENTED_EDGE('',*,*,#830,.F.);
#1913 = ADVANCED_FACE('',(#1914),#869,.T.);
#1914 = FACE_BOUND('',#1915,.F.);
#1915 = EDGE_LOOP('',(#1916,#1946,#1968,#1969));
#1916 = ORIENTED_EDGE('',*,*,#1917,.F.);
#1917 = EDGE_CURVE('',#1918,#1920,#1922,.T.);
#1918 = VERTEX_POINT('',#1919);
#1919 = CARTESIAN_POINT('',(-57.,-1.,436.));
#1920 = VERTEX_POINT('',#1921);
#1921 = CARTESIAN_POINT('',(-57.,-1.,578.));
#1922 = SURFACE_CURVE('',#1923,(#1927,#1934),.PCURVE_S1.);
#1923 = LINE('',#1924,#1925);
#1924 = CARTESIAN_POINT('',(-57.,-1.,434.));
#1925 = VECTOR('',#1926,1.);
#1926 = DIRECTION('',(0.,0.,1.));
#1927 = PCURVE('',#869,#1928);
#1928 = DEFINITIONAL_REPRESENTATION('',(#1929),#1933);
#1929 = LINE('',#1930,#1931);
#1930 = CARTESIAN_POINT('',(-0.,0.));
#1931 = VECTOR('',#1932,1.);
#1932 = DIRECTION('',(-0.,1.));
#1933 = ( GEOMETRIC_REPRESENTATION_CONTEXT(2)
PARAMETRIC_REPRESENTATION_CONTEXT() REPRESENTATION_CONTEXT('2D SPACE',''
  ) );
#1934 = PCURVE('',#1935,#1940);
#1935 = PLANE('',#1936);
#1936 = AXIS2_PLACEMENT_3D('',#1937,#1938,#1939);
#1937 = CARTESIAN_POINT('',(-57.,-3.,434.));
#1938 = DIRECTION('',(1.,0.,0.));
#1939 = DIRECTION('',(0.,0.,1.));
#1940 = DEFINITIONAL_REPRESENTATION('',(#1941),#1945);
#1941 = LINE('',#1942,#1943);
#1942 = CARTESIAN_POINT('',(0.,-2.));
#1943 = VECTOR('',#1944,1.);
#1944 = DIRECTION('',(1.,0.));
#1945 = ( GEOMETRIC_REPRESENTATION_CONTEXT(2)
PARAMETRIC_REPRESENTATION_CONTEXT() REPRESENTATION_CONTEXT('2D SPACE',''
  ) );
#1946 = ORIENTED_EDGE('',*,*,#1947,.T.);
#1947 = EDGE_CURVE('',#1918,#854,#1948,.T.);
#1948 = SURFACE_CURVE('',#1949,(#1954,#1961),.PCURVE_S1.);
#1949 = CIRCLE('',#1950,2.);
#1950 = AXIS2_PLACEMENT_3D('',#1951,#1952,#1953);
#1951 = CARTESIAN_POINT('',(-59.,-1.,436.));
#1952 = DIRECTION('',(0.,-0.,-1.));
#1953 = DIRECTION('',(1.,0.,-0.));
#1954 = PCURVE('',#869,#1955);
#1955 = DEFINITIONAL_REPRESENTATION('',(#1956),#1960);
#1956 = LINE('',#1957,#1958);
#1957 = CARTESIAN_POINT('',(-0.,2.));
#1958 = VECTOR('',#1959,1.);
#1959 = DIRECTION('',(-1.,0.));
#1960 = ( GEOMETRIC_REPRESENTATION_CONTEXT(2)
PARAMETRIC_REPRESENTATION_CONTEXT() REPRESENTATION_CONTEXT('2D SPACE',''
  ) );
#1961 = PCURVE('',#1786,#1962);
#1962 = DEFINITIONAL_REPRESENTATION('',(#1963),#1967);
#1963 = LINE('',#1964,#1965);
#1964 = CARTESIAN_POINT('',(-0.,0.));
#1965 = VECTOR('',#1966,1.);
#1966 = DIRECTION('',(-1.,0.));
#1967 = ( GEOMETRIC_REPRESENTATION_CONTEXT(2)
PARAMETRIC_REPRESENTATION_CONTEXT() REPRESENTATION_CONTEXT('2D SPACE',''
  ) );
#1968 = ORIENTED_EDGE('',*,*,#853,.T.);
#1969 = ORIENTED_EDGE('',*,*,#1970,.F.);
#1970 = EDGE_CURVE('',#1920,#831,#1971,.T.);
#1971 = SURFACE_CURVE('',#1972,(#1977,#1984),.PCURVE_S1.);
#1972 = CIRCLE('',#1973,2.);
#1973 = AXIS2_PLACEMENT_3D('',#1974,#1975,#1976);
#1974 = CARTESIAN_POINT('',(-59.,-1.,578.));
#1975 = DIRECTION('',(0.,0.,-1.));
#1976 = DIRECTION('',(1.,0.,0.));
#1977 = PCURVE('',#869,#1978);
#1978 = DEFINITIONAL_REPRESENTATION('',(#1979),#1983);
#1979 = LINE('',#1980,#1981);
#1980 = CARTESIAN_POINT('',(-0.,144.));
#1981 = VECTOR('',#1982,1.);
#1982 = DIRECTION('',(-1.,0.));
#1983 = ( GEOMETRIC_REPRESENTATION_CONTEXT(2)
PARAMETRIC_REPRESENTATION_CONTEXT() REPRESENTATION_CONTEXT('2D SPACE',''
  ) );
#1984 = PCURVE('',#1901,#1985);
#1985 = DEFINITIONAL_REPRESENTATION('',(#1986),#1990);
#1986 = LINE('',#1987,#1988);
#1987 = CARTESIAN_POINT('',(0.,0.));
#1988 = VECTOR('',#1989,1.);
#1989 = DIRECTION('',(1.,0.));
#1990 = ( GEOMETRIC_REPRESENTATION_CONTEXT(2)
PARAMETRIC_REPRESENTATION_CONTEXT() REPRESENTATION_CONTEXT('2D SPACE',''
  ) );
#1991 = ADVANCED_FACE('',(#1992),#968,.T.);
#1992 = FACE_BOUND('',#1993,.F.);
#1993 = EDGE_LOOP('',(#1994,#1995,#1996,#2017,#2078,#2105));
#1994 = ORIENTED_EDGE('',*,*,#953,.F.);
#1995 = ORIENTED_EDGE('',*,*,#1010,.F.);
#1996 = ORIENTED_EDGE('',*,*,#1997,.T.);
#1997 = EDGE_CURVE('',#1011,#1998,#2000,.T.);
#1998 = VERTEX_POINT('',#1999);
#1999 = CARTESIAN_POINT('',(-59.75,13.485446193728,434.05980877411));
#2000 = SURFACE_CURVE('',#2001,(#2005,#2011),.PCURVE_S1.);
#2001 = LINE('',#2002,#2003);
#2002 = CARTESIAN_POINT('',(-75.,13.485446193728,434.05980877411));
#2003 = VECTOR('',#2004,1.);
#2004 = DIRECTION('',(1.,0.,0.));
#2005 = PCURVE('',#968,#2006);
#2006 = DEFINITIONAL_REPRESENTATION('',(#2007),#2010);
#2007 = B_SPLINE_CURVE_WITH_KNOTS('',1,(#2008,#2009),.UNSPECIFIED.,.F.,
  .F.,(2,2),(2.7499994,15.2500006),.PIECEWISE_BEZIER_KNOTS.);
#2008 = CARTESIAN_POINT('',(-1.325624417462,2.7499994));
#2009 = CARTESIAN_POINT('',(-1.325624417462,15.2500006));
#2010 = ( GEOMETRIC_REPRESENTATION_CONTEXT(2)
PARAMETRIC_REPRESENTATION_CONTEXT() REPRESENTATION_CONTEXT('2D SPACE',''
  ) );
#2011 = PCURVE('',#1065,#2012);
#2012 = DEFINITIONAL_REPRESENTATION('',(#2013),#2016);
#2013 = B_SPLINE_CURVE_WITH_KNOTS('',1,(#2014,#2015),.UNSPECIFIED.,.F.,
  .F.,(2,2),(2.7499994,15.2500006),.PIECEWISE_BEZIER_KNOTS.);
#2014 = CARTESIAN_POINT('',(-0.152746252627,1.2499994));
#2015 = CARTESIAN_POINT('',(-0.152746252627,13.7500006));
#2016 = ( GEOMETRIC_REPRESENTATION_CONTEXT(2)
PARAMETRIC_REPRESENTATION_CONTEXT() REPRESENTATION_CONTEXT('2D SPACE',''
  ) );
#2017 = ORIENTED_EDGE('',*,*,#2018,.F.);
#2018 = EDGE_CURVE('',#2019,#1998,#2021,.T.);
#2019 = VERTEX_POINT('',#2020);
#2020 = CARTESIAN_POINT('',(-59.,13.221334951804,434.01228502065));
#2021 = SURFACE_CURVE('',#2022,(#2037,#2055),.PCURVE_S1.);
#2022 = B_SPLINE_CURVE_WITH_KNOTS('',5,(#2023,#2024,#2025,#2026,#2027,
    #2028,#2029,#2030,#2031,#2032,#2033,#2034,#2035,#2036),
  .UNSPECIFIED.,.F.,.F.,(6,4,4,6),(0.,0.445367890722,0.879616482308,1.),
  .UNSPECIFIED.);
#2023 = CARTESIAN_POINT('',(-58.99999939995,13.221334475511,
    434.01228496762));
#2024 = CARTESIAN_POINT('',(-59.05860701409,13.267855156774,
    434.0174651018));
#2025 = CARTESIAN_POINT('',(-59.11997750159,13.309473116911,
    434.0234772159));
#2026 = CARTESIAN_POINT('',(-59.18367831661,13.346029082616,
    434.02974032542));
#2027 = CARTESIAN_POINT('',(-59.24928869695,13.377434580145,
    434.03575484415));
#2028 = CARTESIAN_POINT('',(-59.38186087711,13.429191582358,
    434.04641990704));
#2029 = CARTESIAN_POINT('',(-59.44874469901,13.449797976825,
    434.05110047795));
#2030 = CARTESIAN_POINT('',(-59.51669063001,13.465411274986,
    434.05485556271));
#2031 = CARTESIAN_POINT('',(-59.58532469128,13.476009121543,
    434.05746343799));
#2032 = CARTESIAN_POINT('',(-59.6733852069,13.483128007076,
    434.05922956966));
#2033 = CARTESIAN_POINT('',(-59.6925228787,13.484287055629,
    434.05951875175));
#2034 = CARTESIAN_POINT('',(-59.71167655524,13.485059814086,
    434.05971209945));
#2035 = CARTESIAN_POINT('',(-59.73083824521,13.485446193728,
    434.05980877411));
#2036 = CARTESIAN_POINT('',(-59.75,13.485446193728,434.05980877411));
#2037 = PCURVE('',#968,#2038);
#2038 = DEFINITIONAL_REPRESENTATION('',(#2039),#2054);
#2039 = B_SPLINE_CURVE_WITH_KNOTS('',5,(#2040,#2041,#2042,#2043,#2044,
    #2045,#2046,#2047,#2048,#2049,#2050,#2051,#2052,#2053),
  .UNSPECIFIED.,.F.,.F.,(6,4,4,6),(0.,0.445367890722,0.879616482308,1.),
  .UNSPECIFIED.);
#2040 = CARTESIAN_POINT('',(-1.459901940266,16.000000600043));
#2041 = CARTESIAN_POINT('',(-1.43649784033,15.941392985906));
#2042 = CARTESIAN_POINT('',(-1.415483996532,15.880022498401));
#2043 = CARTESIAN_POINT('',(-1.396945055103,15.816321683384));
#2044 = CARTESIAN_POINT('',(-1.380958517085,15.750711303043));
#2045 = CARTESIAN_POINT('',(-1.354536315982,15.618139122888));
#2046 = CARTESIAN_POINT('',(-1.343972764656,15.551255300989));
#2047 = CARTESIAN_POINT('',(-1.335943424448,15.48330936999));
#2048 = CARTESIAN_POINT('',(-1.330486489252,15.414675308714));
#2049 = CARTESIAN_POINT('',(-1.326819141699,15.326614793094));
#2050 = CARTESIAN_POINT('',(-1.326221852339,15.307477121293));
#2051 = CARTESIAN_POINT('',(-1.325823562832,15.288323444757));
#2052 = CARTESIAN_POINT('',(-1.325624417462,15.269161754784));
#2053 = CARTESIAN_POINT('',(-1.325624417462,15.25));
#2054 = ( GEOMETRIC_REPRESENTATION_CONTEXT(2)
PARAMETRIC_REPRESENTATION_CONTEXT() REPRESENTATION_CONTEXT('2D SPACE',''
  ) );
#2055 = PCURVE('',#2056,#2061);
#2056 = SPHERICAL_SURFACE('',#2057,1.25);
#2057 = AXIS2_PLACEMENT_3D('',#2058,#2059,#2060);
#2058 = CARTESIAN_POINT('',(-59.75,12.25,434.25));
#2059 = DIRECTION('',(0.,0.,1.));
#2060 = DIRECTION('',(1.,0.,-0.));
#2061 = DEFINITIONAL_REPRESENTATION('',(#2062),#2077);
#2062 = B_SPLINE_CURVE_WITH_KNOTS('',5,(#2063,#2064,#2065,#2066,#2067,
    #2068,#2069,#2070,#2071,#2072,#2073,#2074,#2075,#2076),
  .UNSPECIFIED.,.F.,.F.,(6,4,4,6),(0.,0.445367890722,0.879616482308,1.),
  .UNSPECIFIED.);
#2063 = CARTESIAN_POINT('',(0.913279149416,-0.191337367156));
#2064 = CARTESIAN_POINT('',(0.974247708094,-0.187116227313));
#2065 = CARTESIAN_POINT('',(1.034431912043,-0.182221406717));
#2066 = CARTESIAN_POINT('',(1.093916490612,-0.177129195529));
#2067 = CARTESIAN_POINT('',(1.152823438992,-0.172244947662));
#2068 = CARTESIAN_POINT('',(1.268290988658,-0.163591261049));
#2069 = CARTESIAN_POINT('',(1.324870510697,-0.159797299831));
#2070 = CARTESIAN_POINT('',(1.381145699654,-0.156756193145));
#2071 = CARTESIAN_POINT('',(1.437228534924,-0.154644805764));
#2072 = CARTESIAN_POINT('',(1.508747633202,-0.153215084194));
#2073 = CARTESIAN_POINT('',(1.524264249758,-0.152981003751));
#2074 = CARTESIAN_POINT('',(1.539776403539,-0.15282450339));
#2075 = CARTESIAN_POINT('',(1.555286339487,-0.152746252627));
#2076 = CARTESIAN_POINT('',(1.570796326795,-0.152746252627));
#2077 = ( GEOMETRIC_REPRESENTATION_CONTEXT(2)
PARAMETRIC_REPRESENTATION_CONTEXT() REPRESENTATION_CONTEXT('2D SPACE',''
  ) );
#2078 = ORIENTED_EDGE('',*,*,#2079,.T.);
#2079 = EDGE_CURVE('',#2019,#1636,#2080,.T.);
#2080 = SURFACE_CURVE('',#2081,(#2086,#2093),.PCURVE_S1.);
#2081 = CIRCLE('',#2082,2.);
#2082 = AXIS2_PLACEMENT_3D('',#2083,#2084,#2085);
#2083 = CARTESIAN_POINT('',(-59.,13.,436.));
#2084 = DIRECTION('',(1.,-6.123233995737E-17,0.));
#2085 = DIRECTION('',(6.123233995737E-17,1.,0.));
#2086 = PCURVE('',#968,#2087);
#2087 = DEFINITIONAL_REPRESENTATION('',(#2088),#2092);
#2088 = LINE('',#2089,#2090);
#2089 = CARTESIAN_POINT('',(-6.28318530718,16.));
#2090 = VECTOR('',#2091,1.);
#2091 = DIRECTION('',(1.,-0.));
#2092 = ( GEOMETRIC_REPRESENTATION_CONTEXT(2)
PARAMETRIC_REPRESENTATION_CONTEXT() REPRESENTATION_CONTEXT('2D SPACE',''
  ) );
#2093 = PCURVE('',#2094,#2099);
#2094 = SPHERICAL_SURFACE('',#2095,2.);
#2095 = AXIS2_PLACEMENT_3D('',#2096,#2097,#2098);
#2096 = CARTESIAN_POINT('',(-59.,13.,436.));
#2097 = DIRECTION('',(0.,0.,1.));
#2098 = DIRECTION('',(1.,0.,-0.));
#2099 = DEFINITIONAL_REPRESENTATION('',(#2100),#2104);
#2100 = LINE('',#2101,#2102);
#2101 = CARTESIAN_POINT('',(1.570796326795,-6.28318530718));
#2102 = VECTOR('',#2103,1.);
#2103 = DIRECTION('',(0.,1.));
#2104 = ( GEOMETRIC_REPRESENTATION_CONTEXT(2)
PARAMETRIC_REPRESENTATION_CONTEXT() REPRESENTATION_CONTEXT('2D SPACE',''
  ) );
#2105 = ORIENTED_EDGE('',*,*,#1663,.F.);
#2106 = ADVANCED_FACE('',(#2107),#1092,.F.);
#2107 = FACE_BOUND('',#2108,.T.);
#2108 = EDGE_LOOP('',(#2109,#2130,#2131,#2157));
#2109 = ORIENTED_EDGE('',*,*,#2110,.F.);
#2110 = EDGE_CURVE('',#985,#1327,#2111,.T.);
#2111 = SURFACE_CURVE('',#2112,(#2116,#2123),.PCURVE_S1.);
#2112 = LINE('',#2113,#2114);
#2113 = CARTESIAN_POINT('',(-73.5,12.25,433.));
#2114 = VECTOR('',#2115,1.);
#2115 = DIRECTION('',(0.,0.,1.));
#2116 = PCURVE('',#1092,#2117);
#2117 = DEFINITIONAL_REPRESENTATION('',(#2118),#2122);
#2118 = LINE('',#2119,#2120);
#2119 = CARTESIAN_POINT('',(-0.,0.));
#2120 = VECTOR('',#2121,1.);
#2121 = DIRECTION('',(-0.,1.));
#2122 = ( GEOMETRIC_REPRESENTATION_CONTEXT(2)
PARAMETRIC_REPRESENTATION_CONTEXT() REPRESENTATION_CONTEXT('2D SPACE',''
  ) );
#2123 = PCURVE('',#1147,#2124);
#2124 = DEFINITIONAL_REPRESENTATION('',(#2125),#2129);
#2125 = LINE('',#2126,#2127);
#2126 = CARTESIAN_POINT('',(0.,-13.75));
#2127 = VECTOR('',#2128,1.);
#2128 = DIRECTION('',(1.,0.));
#2129 = ( GEOMETRIC_REPRESENTATION_CONTEXT(2)
PARAMETRIC_REPRESENTATION_CONTEXT() REPRESENTATION_CONTEXT('2D SPACE',''
  ) );
#2130 = ORIENTED_EDGE('',*,*,#1077,.T.);
#2131 = ORIENTED_EDGE('',*,*,#2132,.T.);
#2132 = EDGE_CURVE('',#1049,#1325,#2133,.T.);
#2133 = SURFACE_CURVE('',#2134,(#2138,#2145),.PCURVE_S1.);
#2134 = LINE('',#2135,#2136);
#2135 = CARTESIAN_POINT('',(-72.25,13.5,433.));
#2136 = VECTOR('',#2137,1.);
#2137 = DIRECTION('',(0.,0.,1.));
#2138 = PCURVE('',#1092,#2139);
#2139 = DEFINITIONAL_REPRESENTATION('',(#2140),#2144);
#2140 = LINE('',#2141,#2142);
#2141 = CARTESIAN_POINT('',(-1.570796326795,0.));
#2142 = VECTOR('',#2143,1.);
#2143 = DIRECTION('',(-0.,1.));
#2144 = ( GEOMETRIC_REPRESENTATION_CONTEXT(2)
PARAMETRIC_REPRESENTATION_CONTEXT() REPRESENTATION_CONTEXT('2D SPACE',''
  ) );
#2145 = PCURVE('',#2146,#2151);
#2146 = PLANE('',#2147);
#2147 = AXIS2_PLACEMENT_3D('',#2148,#2149,#2150);
#2148 = CARTESIAN_POINT('',(-73.5,13.5,433.));
#2149 = DIRECTION('',(0.,1.,0.));
#2150 = DIRECTION('',(0.,0.,1.));
#2151 = DEFINITIONAL_REPRESENTATION('',(#2152),#2156);
#2152 = LINE('',#2153,#2154);
#2153 = CARTESIAN_POINT('',(0.,1.25));
#2154 = VECTOR('',#2155,1.);
#2155 = DIRECTION('',(1.,0.));
#2156 = ( GEOMETRIC_REPRESENTATION_CONTEXT(2)
PARAMETRIC_REPRESENTATION_CONTEXT() REPRESENTATION_CONTEXT('2D SPACE',''
  ) );
#2157 = ORIENTED_EDGE('',*,*,#1324,.T.);
#2158 = ADVANCED_FACE('',(#2159),#1065,.F.);
#2159 = FACE_BOUND('',#2160,.T.);
#2160 = EDGE_LOOP('',(#2161,#2162,#2163,#2187));
#2161 = ORIENTED_EDGE('',*,*,#1048,.F.);
#2162 = ORIENTED_EDGE('',*,*,#1997,.T.);
#2163 = ORIENTED_EDGE('',*,*,#2164,.T.);
#2164 = EDGE_CURVE('',#1998,#2165,#2167,.T.);
#2165 = VERTEX_POINT('',#2166);
#2166 = CARTESIAN_POINT('',(-59.75,13.5,434.25));
#2167 = SURFACE_CURVE('',#2168,(#2173,#2180),.PCURVE_S1.);
#2168 = CIRCLE('',#2169,1.25);
#2169 = AXIS2_PLACEMENT_3D('',#2170,#2171,#2172);
#2170 = CARTESIAN_POINT('',(-59.75,12.25,434.25));
#2171 = DIRECTION('',(1.,-6.123233995737E-17,0.));
#2172 = DIRECTION('',(6.123233995737E-17,1.,0.));
#2173 = PCURVE('',#1065,#2174);
#2174 = DEFINITIONAL_REPRESENTATION('',(#2175),#2179);
#2175 = LINE('',#2176,#2177);
#2176 = CARTESIAN_POINT('',(-6.28318530718,13.75));
#2177 = VECTOR('',#2178,1.);
#2178 = DIRECTION('',(1.,-0.));
#2179 = ( GEOMETRIC_REPRESENTATION_CONTEXT(2)
PARAMETRIC_REPRESENTATION_CONTEXT() REPRESENTATION_CONTEXT('2D SPACE',''
  ) );
#2180 = PCURVE('',#2056,#2181);
#2181 = DEFINITIONAL_REPRESENTATION('',(#2182),#2186);
#2182 = LINE('',#2183,#2184);
#2183 = CARTESIAN_POINT('',(1.570796326795,-6.28318530718));
#2184 = VECTOR('',#2185,1.);
#2185 = DIRECTION('',(0.,1.));
#2186 = ( GEOMETRIC_REPRESENTATION_CONTEXT(2)
PARAMETRIC_REPRESENTATION_CONTEXT() REPRESENTATION_CONTEXT('2D SPACE',''
  ) );
#2187 = ORIENTED_EDGE('',*,*,#2188,.F.);
#2188 = EDGE_CURVE('',#1049,#2165,#2189,.T.);
#2189 = SURFACE_CURVE('',#2190,(#2194,#2201),.PCURVE_S1.);
#2190 = LINE('',#2191,#2192);
#2191 = CARTESIAN_POINT('',(-73.5,13.5,434.25));
#2192 = VECTOR('',#2193,1.);
#2193 = DIRECTION('',(1.,0.,0.));
#2194 = PCURVE('',#1065,#2195);
#2195 = DEFINITIONAL_REPRESENTATION('',(#2196),#2200);
#2196 = LINE('',#2197,#2198);
#2197 = CARTESIAN_POINT('',(-0.,0.));
#2198 = VECTOR('',#2199,1.);
#2199 = DIRECTION('',(-0.,1.));
#2200 = ( GEOMETRIC_REPRESENTATION_CONTEXT(2)
PARAMETRIC_REPRESENTATION_CONTEXT() REPRESENTATION_CONTEXT('2D SPACE',''
  ) );
#2201 = PCURVE('',#2146,#2202);
#2202 = DEFINITIONAL_REPRESENTATION('',(#2203),#2207);
#2203 = LINE('',#2204,#2205);
#2204 = CARTESIAN_POINT('',(1.25,0.));
#2205 = VECTOR('',#2206,1.);
#2206 = DIRECTION('',(0.,1.));
#2207 = ( GEOMETRIC_REPRESENTATION_CONTEXT(2)
PARAMETRIC_REPRESENTATION_CONTEXT() REPRESENTATION_CONTEXT('2D SPACE',''
  ) );
#2208 = ADVANCED_FACE('',(#2209),#1147,.T.);
#2209 = FACE_BOUND('',#2210,.T.);
#2210 = EDGE_LOOP('',(#2211,#2232,#2233,#2234));
#2211 = ORIENTED_EDGE('',*,*,#2212,.F.);
#2212 = EDGE_CURVE('',#1108,#1467,#2213,.T.);
#2213 = SURFACE_CURVE('',#2214,(#2218,#2225),.PCURVE_S1.);
#2214 = LINE('',#2215,#2216);
#2215 = CARTESIAN_POINT('',(-73.5,-0.25,433.));
#2216 = VECTOR('',#2217,1.);
#2217 = DIRECTION('',(0.,0.,1.));
#2218 = PCURVE('',#1147,#2219);
#2219 = DEFINITIONAL_REPRESENTATION('',(#2220),#2224);
#2220 = LINE('',#2221,#2222);
#2221 = CARTESIAN_POINT('',(0.,-1.25));
#2222 = VECTOR('',#2223,1.);
#2223 = DIRECTION('',(1.,0.));
#2224 = ( GEOMETRIC_REPRESENTATION_CONTEXT(2)
PARAMETRIC_REPRESENTATION_CONTEXT() REPRESENTATION_CONTEXT('2D SPACE',''
  ) );
#2225 = PCURVE('',#1247,#2226);
#2226 = DEFINITIONAL_REPRESENTATION('',(#2227),#2231);
#2227 = LINE('',#2228,#2229);
#2228 = CARTESIAN_POINT('',(0.,0.));
#2229 = VECTOR('',#2230,1.);
#2230 = DIRECTION('',(0.,1.));
#2231 = ( GEOMETRIC_REPRESENTATION_CONTEXT(2)
PARAMETRIC_REPRESENTATION_CONTEXT() REPRESENTATION_CONTEXT('2D SPACE',''
  ) );
#2232 = ORIENTED_EDGE('',*,*,#1133,.T.);
#2233 = ORIENTED_EDGE('',*,*,#2110,.T.);
#2234 = ORIENTED_EDGE('',*,*,#1492,.F.);
#2235 = ADVANCED_FACE('',(#2236),#1247,.F.);
#2236 = FACE_BOUND('',#2237,.F.);
#2237 = EDGE_LOOP('',(#2238,#2239,#2240,#2266));
#2238 = ORIENTED_EDGE('',*,*,#2212,.F.);
#2239 = ORIENTED_EDGE('',*,*,#1232,.T.);
#2240 = ORIENTED_EDGE('',*,*,#2241,.T.);
#2241 = EDGE_CURVE('',#1204,#1558,#2242,.T.);
#2242 = SURFACE_CURVE('',#2243,(#2247,#2254),.PCURVE_S1.);
#2243 = LINE('',#2244,#2245);
#2244 = CARTESIAN_POINT('',(-72.25,-1.5,433.));
#2245 = VECTOR('',#2246,1.);
#2246 = DIRECTION('',(0.,0.,1.));
#2247 = PCURVE('',#1247,#2248);
#2248 = DEFINITIONAL_REPRESENTATION('',(#2249),#2253);
#2249 = LINE('',#2250,#2251);
#2250 = CARTESIAN_POINT('',(1.570796326795,0.));
#2251 = VECTOR('',#2252,1.);
#2252 = DIRECTION('',(0.,1.));
#2253 = ( GEOMETRIC_REPRESENTATION_CONTEXT(2)
PARAMETRIC_REPRESENTATION_CONTEXT() REPRESENTATION_CONTEXT('2D SPACE',''
  ) );
#2254 = PCURVE('',#2255,#2260);
#2255 = PLANE('',#2256);
#2256 = AXIS2_PLACEMENT_3D('',#2257,#2258,#2259);
#2257 = CARTESIAN_POINT('',(-73.5,-1.5,433.));
#2258 = DIRECTION('',(0.,1.,0.));
#2259 = DIRECTION('',(0.,0.,1.));
#2260 = DEFINITIONAL_REPRESENTATION('',(#2261),#2265);
#2261 = LINE('',#2262,#2263);
#2262 = CARTESIAN_POINT('',(0.,1.25));
#2263 = VECTOR('',#2264,1.);
#2264 = DIRECTION('',(1.,0.));
#2265 = ( GEOMETRIC_REPRESENTATION_CONTEXT(2)
PARAMETRIC_REPRESENTATION_CONTEXT() REPRESENTATION_CONTEXT('2D SPACE',''
  ) );
#2266 = ORIENTED_EDGE('',*,*,#1586,.F.);
#2267 = ADVANCED_FACE('',(#2268),#1220,.F.);
#2268 = FACE_BOUND('',#2269,.F.);
#2269 = EDGE_LOOP('',(#2270,#2271,#2272,#2296));
#2270 = ORIENTED_EDGE('',*,*,#1203,.F.);
#2271 = ORIENTED_EDGE('',*,*,#1689,.T.);
#2272 = ORIENTED_EDGE('',*,*,#2273,.T.);
#2273 = EDGE_CURVE('',#1690,#2274,#2276,.T.);
#2274 = VERTEX_POINT('',#2275);
#2275 = CARTESIAN_POINT('',(-59.75,-1.5,434.25));
#2276 = SURFACE_CURVE('',#2277,(#2282,#2289),.PCURVE_S1.);
#2277 = CIRCLE('',#2278,1.25);
#2278 = AXIS2_PLACEMENT_3D('',#2279,#2280,#2281);
#2279 = CARTESIAN_POINT('',(-59.75,-0.25,434.25));
#2280 = DIRECTION('',(-1.,-6.123233995737E-17,0.));
#2281 = DIRECTION('',(6.123233995737E-17,-1.,-0.));
#2282 = PCURVE('',#1220,#2283);
#2283 = DEFINITIONAL_REPRESENTATION('',(#2284),#2288);
#2284 = LINE('',#2285,#2286);
#2285 = CARTESIAN_POINT('',(6.28318530718,13.75));
#2286 = VECTOR('',#2287,1.);
#2287 = DIRECTION('',(-1.,-0.));
#2288 = ( GEOMETRIC_REPRESENTATION_CONTEXT(2)
PARAMETRIC_REPRESENTATION_CONTEXT() REPRESENTATION_CONTEXT('2D SPACE',''
  ) );
#2289 = PCURVE('',#1748,#2290);
#2290 = DEFINITIONAL_REPRESENTATION('',(#2291),#2295);
#2291 = LINE('',#2292,#2293);
#2292 = CARTESIAN_POINT('',(-1.570796326795,-6.28318530718));
#2293 = VECTOR('',#2294,1.);
#2294 = DIRECTION('',(-0.,1.));
#2295 = ( GEOMETRIC_REPRESENTATION_CONTEXT(2)
PARAMETRIC_REPRESENTATION_CONTEXT() REPRESENTATION_CONTEXT('2D SPACE',''
  ) );
#2296 = ORIENTED_EDGE('',*,*,#2297,.F.);
#2297 = EDGE_CURVE('',#1204,#2274,#2298,.T.);
#2298 = SURFACE_CURVE('',#2299,(#2303,#2310),.PCURVE_S1.);
#2299 = LINE('',#2300,#2301);
#2300 = CARTESIAN_POINT('',(-73.5,-1.5,434.25));
#2301 = VECTOR('',#2302,1.);
#2302 = DIRECTION('',(1.,0.,0.));
#2303 = PCURVE('',#1220,#2304);
#2304 = DEFINITIONAL_REPRESENTATION('',(#2305),#2309);
#2305 = LINE('',#2306,#2307);
#2306 = CARTESIAN_POINT('',(0.,0.));
#2307 = VECTOR('',#2308,1.);
#2308 = DIRECTION('',(0.,1.));
#2309 = ( GEOMETRIC_REPRESENTATION_CONTEXT(2)
PARAMETRIC_REPRESENTATION_CONTEXT() REPRESENTATION_CONTEXT('2D SPACE',''
  ) );
#2310 = PCURVE('',#2255,#2311);
#2311 = DEFINITIONAL_REPRESENTATION('',(#2312),#2316);
#2312 = LINE('',#2313,#2314);
#2313 = CARTESIAN_POINT('',(1.25,0.));
#2314 = VECTOR('',#2315,1.);
#2315 = DIRECTION('',(0.,1.));
#2316 = ( GEOMETRIC_REPRESENTATION_CONTEXT(2)
PARAMETRIC_REPRESENTATION_CONTEXT() REPRESENTATION_CONTEXT('2D SPACE',''
  ) );
#2317 = ADVANCED_FACE('',(#2318),#1280,.T.);
#2318 = FACE_BOUND('',#2319,.T.);
#2319 = EDGE_LOOP('',(#2320,#2321,#2322,#2323,#2344,#2495));
#2320 = ORIENTED_EDGE('',*,*,#1612,.F.);
#2321 = ORIENTED_EDGE('',*,*,#1263,.T.);
#2322 = ORIENTED_EDGE('',*,*,#1379,.F.);
#2323 = ORIENTED_EDGE('',*,*,#2324,.T.);
#2324 = EDGE_CURVE('',#1351,#2325,#2327,.T.);
#2325 = VERTEX_POINT('',#2326);
#2326 = CARTESIAN_POINT('',(-59.75,13.485446193728,579.94019122588));
#2327 = SURFACE_CURVE('',#2328,(#2332,#2338),.PCURVE_S1.);
#2328 = LINE('',#2329,#2330);
#2329 = CARTESIAN_POINT('',(-75.,13.485446193728,579.94019122588));
#2330 = VECTOR('',#2331,1.);
#2331 = DIRECTION('',(1.,0.,0.));
#2332 = PCURVE('',#1280,#2333);
#2333 = DEFINITIONAL_REPRESENTATION('',(#2334),#2337);
#2334 = B_SPLINE_CURVE_WITH_KNOTS('',1,(#2335,#2336),.UNSPECIFIED.,.F.,
  .F.,(2,2),(2.7499994,15.2500006),.PIECEWISE_BEZIER_KNOTS.);
#2335 = CARTESIAN_POINT('',(1.325624417462,2.7499994));
#2336 = CARTESIAN_POINT('',(1.325624417462,15.2500006));
#2337 = ( GEOMETRIC_REPRESENTATION_CONTEXT(2)
PARAMETRIC_REPRESENTATION_CONTEXT() REPRESENTATION_CONTEXT('2D SPACE',''
  ) );
#2338 = PCURVE('',#1367,#2339);
#2339 = DEFINITIONAL_REPRESENTATION('',(#2340),#2343);
#2340 = B_SPLINE_CURVE_WITH_KNOTS('',1,(#2341,#2342),.UNSPECIFIED.,.F.,
  .F.,(2,2),(2.7499994,15.2500006),.PIECEWISE_BEZIER_KNOTS.);
#2341 = CARTESIAN_POINT('',(0.152746252627,1.2499994));
#2342 = CARTESIAN_POINT('',(0.152746252627,13.7500006));
#2343 = ( GEOMETRIC_REPRESENTATION_CONTEXT(2)
PARAMETRIC_REPRESENTATION_CONTEXT() REPRESENTATION_CONTEXT('2D SPACE',''
  ) );
#2344 = ORIENTED_EDGE('',*,*,#2345,.F.);
#2345 = EDGE_CURVE('',#2346,#2325,#2348,.T.);
#2346 = VERTEX_POINT('',#2347);
#2347 = CARTESIAN_POINT('',(-59.,13.221334951804,579.98771497934));
#2348 = SURFACE_CURVE('',#2349,(#2394,#2442),.PCURVE_S1.);
#2349 = B_SPLINE_CURVE_WITH_KNOTS('',8,(#2350,#2351,#2352,#2353,#2354,
    #2355,#2356,#2357,#2358,#2359,#2360,#2361,#2362,#2363,#2364,#2365,
    #2366,#2367,#2368,#2369,#2370,#2371,#2372,#2373,#2374,#2375,#2376,
    #2377,#2378,#2379,#2380,#2381,#2382,#2383,#2384,#2385,#2386,#2387,
    #2388,#2389,#2390,#2391,#2392,#2393),.UNSPECIFIED.,.F.,.F.,(9,7,7,7,
    7,7,9),(0.,0.270617507638,0.332422653972,0.436421837411,
    0.555659532916,0.63166581221,1.),.UNSPECIFIED.);
#2350 = CARTESIAN_POINT('',(-58.99999940007,13.221334475603,
    579.98771503237));
#2351 = CARTESIAN_POINT('',(-59.03346087821,13.247895030607,
    579.98475748241));
#2352 = CARTESIAN_POINT('',(-59.06765786929,13.272924600169,
    579.98155976626));
#2353 = CARTESIAN_POINT('',(-59.10254285467,13.296429935031,
    579.97820153726));
#2354 = CARTESIAN_POINT('',(-59.13803204022,13.318385302984,
    579.97475946956));
#2355 = CARTESIAN_POINT('',(-59.17399857203,13.338746992829,
    579.97131036878));
#2356 = CARTESIAN_POINT('',(-59.21026106877,13.357467171111,
    579.96792941664));
#2357 = CARTESIAN_POINT('',(-59.2465754631,13.374508554829,
    579.96468530846));
#2358 = CARTESIAN_POINT('',(-59.29087434167,13.393367723949,
    579.96093717745));
#2359 = CARTESIAN_POINT('',(-59.29909478459,13.396784890838,
    579.96025059325));
#2360 = CARTESIAN_POINT('',(-59.30729497539,13.400112456145,
    579.95957502291));
#2361 = CARTESIAN_POINT('',(-59.31546997409,13.403350022075,
    579.9589111816));
#2362 = CARTESIAN_POINT('',(-59.32361443778,13.406497235777,
    579.95825975777));
#2363 = CARTESIAN_POINT('',(-59.3317226603,13.40955382423,
    579.95762140403));
#2364 = CARTESIAN_POINT('',(-59.33978861191,13.412519629141,
    579.95699672813));
#2365 = CARTESIAN_POINT('',(-59.3612967586,13.420232410043,
    579.95535909251));
#2366 = CARTESIAN_POINT('',(-59.37465189652,13.424813833855,
    579.95437203723));
#2367 = CARTESIAN_POINT('',(-59.3878387508,13.429137673052,
    579.95342801638));
#2368 = CARTESIAN_POINT('',(-59.40082391638,13.433204851601,
    579.95252927821));
#2369 = CARTESIAN_POINT('',(-59.41357433579,13.437018409674,
    579.95167740009));
#2370 = CARTESIAN_POINT('',(-59.42605840997,13.44058345568,
    579.95087326791));
#2371 = CARTESIAN_POINT('',(-59.4382471091,13.443907118292,
    579.95011705531));
#2372 = CARTESIAN_POINT('',(-59.46372201631,13.450542844078,
    579.94859548612));
#2373 = CARTESIAN_POINT('',(-59.47691131453,13.453782625067,
    579.9478448432));
#2374 = CARTESIAN_POINT('',(-59.48964300947,13.456731352735,
    579.94715553078));
#2375 = CARTESIAN_POINT('',(-59.5018942881,13.459407325473,
    579.94652519923));
#2376 = CARTESIAN_POINT('',(-59.51365666619,13.46183185422,
    579.94595036711));
#2377 = CARTESIAN_POINT('',(-59.52493316142,13.46402748791,
    579.94542689539));
#2378 = CARTESIAN_POINT('',(-59.53573546662,13.466016238922,
    579.94495046172));
#2379 = CARTESIAN_POINT('',(-59.55267580609,13.468966192032,
    579.94424075305));
#2380 = CARTESIAN_POINT('',(-59.55908585757,13.470038750739,
    579.94398189394));
#2381 = CARTESIAN_POINT('',(-59.56531659278,13.471040865644,
    579.94373935086));
#2382 = CARTESIAN_POINT('',(-59.57137421721,13.471977634466,
    579.94351204836));
#2383 = CARTESIAN_POINT('',(-59.57726560765,13.472853850918,
    579.9432989529));
#2384 = CARTESIAN_POINT('',(-59.58299809349,13.47367398397,
    579.9430990837));
#2385 = CARTESIAN_POINT('',(-59.58857923807,13.47444215712,
    579.94291152369));
#2386 = CARTESIAN_POINT('',(-59.62036672792,13.478651178372,
    579.94188206417));
#2387 = CARTESIAN_POINT('',(-59.6432874659,13.48100126297,
    579.94129968834));
#2388 = CARTESIAN_POINT('',(-59.66377303186,13.482663744944,
    579.94088649976));
#2389 = CARTESIAN_POINT('',(-59.68255994756,13.483843474747,
    579.94059193275));
#2390 = CARTESIAN_POINT('',(-59.70015837013,13.484660968354,
    579.94038773694));
#2391 = CARTESIAN_POINT('',(-59.71700527915,13.485183594105,
    579.94025691857));
#2392 = CARTESIAN_POINT('',(-59.73347870641,13.485446193728,
    579.94019122588));
#2393 = CARTESIAN_POINT('',(-59.75,13.485446193728,579.94019122588));
#2394 = PCURVE('',#1280,#2395);
#2395 = DEFINITIONAL_REPRESENTATION('',(#2396),#2441);
#2396 = B_SPLINE_CURVE_WITH_KNOTS('',8,(#2397,#2398,#2399,#2400,#2401,
    #2402,#2403,#2404,#2405,#2406,#2407,#2408,#2409,#2410,#2411,#2412,
    #2413,#2414,#2415,#2416,#2417,#2418,#2419,#2420,#2421,#2422,#2423,
    #2424,#2425,#2426,#2427,#2428,#2429,#2430,#2431,#2432,#2433,#2434,
    #2435,#2436,#2437,#2438,#2439,#2440),.UNSPECIFIED.,.F.,.F.,(9,7,7,7,
    7,7,9),(0.,0.270617507638,0.332422653972,0.436421837411,
    0.555659532916,0.63166581221,1.),.UNSPECIFIED.);
#2397 = CARTESIAN_POINT('',(1.45990194022,16.000000599927));
#2398 = CARTESIAN_POINT('',(1.446539584665,15.966539121783));
#2399 = CARTESIAN_POINT('',(1.433924729433,15.932342130701));
#2400 = CARTESIAN_POINT('',(1.422054798721,15.89745714533));
#2401 = CARTESIAN_POINT('',(1.410944875454,15.861967959775));
#2402 = CARTESIAN_POINT('',(1.400620313815,15.826001427966));
#2403 = CARTESIAN_POINT('',(1.39110951845,15.789738931224));
#2404 = CARTESIAN_POINT('',(1.382436091814,15.7534245369));
#2405 = CARTESIAN_POINT('',(1.372822081907,15.709125658328));
#2406 = CARTESIAN_POINT('',(1.37107935602,15.700905215405));
#2407 = CARTESIAN_POINT('',(1.369381636276,15.692705024604));
#2408 = CARTESIAN_POINT('',(1.367729180592,15.68453002591));
#2409 = CARTESIAN_POINT('',(1.366122223894,15.67638556222));
#2410 = CARTESIAN_POINT('',(1.364560959946,15.668277339692));
#2411 = CARTESIAN_POINT('',(1.363045523178,15.66021138809));
#2412 = CARTESIAN_POINT('',(1.359103162221,15.638703241392));
#2413 = CARTESIAN_POINT('',(1.356759899142,15.625348103474));
#2414 = CARTESIAN_POINT('',(1.354547065898,15.612161249196));
#2415 = CARTESIAN_POINT('',(1.352464431148,15.599176083615));
#2416 = CARTESIAN_POINT('',(1.350510666699,15.586425664203));
#2417 = CARTESIAN_POINT('',(1.348683366624,15.573941590022));
#2418 = CARTESIAN_POINT('',(1.346979066385,15.561752890893));
#2419 = CARTESIAN_POINT('',(1.34357509703,15.536277983684));
#2420 = CARTESIAN_POINT('',(1.341912298814,15.523088685463));
#2421 = CARTESIAN_POINT('',(1.340398191071,15.510356990529));
#2422 = CARTESIAN_POINT('',(1.339023590288,15.498105711898));
#2423 = CARTESIAN_POINT('',(1.337777721862,15.48634333381));
#2424 = CARTESIAN_POINT('',(1.336649136297,15.475066838571));
#2425 = CARTESIAN_POINT('',(1.3356266254,15.464264533379));
#2426 = CARTESIAN_POINT('',(1.334109563293,15.447324193901));
#2427 = CARTESIAN_POINT('',(1.333557886394,15.440914142426));
#2428 = CARTESIAN_POINT('',(1.333042362218,15.434683407217));
#2429 = CARTESIAN_POINT('',(1.332560386681,15.428625782784));
#2430 = CARTESIAN_POINT('',(1.332109508489,15.422734392348));
#2431 = CARTESIAN_POINT('',(1.331687440453,15.41700190651));
#2432 = CARTESIAN_POINT('',(1.331292070807,15.411420761929));
#2433 = CARTESIAN_POINT('',(1.329125527083,15.379633272076));
#2434 = CARTESIAN_POINT('',(1.32791494812,15.356712534098));
#2435 = CARTESIAN_POINT('',(1.32705841631,15.336226968138));
#2436 = CARTESIAN_POINT('',(1.32645044415,15.317440052431));
#2437 = CARTESIAN_POINT('',(1.326029137715,15.299841629868));
#2438 = CARTESIAN_POINT('',(1.325759763526,15.28299472085));
#2439 = CARTESIAN_POINT('',(1.325624417462,15.266521293587));
#2440 = CARTESIAN_POINT('',(1.325624417462,15.25));
#2441 = ( GEOMETRIC_REPRESENTATION_CONTEXT(2)
PARAMETRIC_REPRESENTATION_CONTEXT() REPRESENTATION_CONTEXT('2D SPACE',''
  ) );
#2442 = PCURVE('',#2443,#2448);
#2443 = SPHERICAL_SURFACE('',#2444,1.25);
#2444 = AXIS2_PLACEMENT_3D('',#2445,#2446,#2447);
#2445 = CARTESIAN_POINT('',(-59.75,12.25,579.75));
#2446 = DIRECTION('',(-0.,-1.,-0.));
#2447 = DIRECTION('',(1.,-0.,0.));
#2448 = DEFINITIONAL_REPRESENTATION('',(#2449),#2494);
#2449 = B_SPLINE_CURVE_WITH_KNOTS('',8,(#2450,#2451,#2452,#2453,#2454,
    #2455,#2456,#2457,#2458,#2459,#2460,#2461,#2462,#2463,#2464,#2465,
    #2466,#2467,#2468,#2469,#2470,#2471,#2472,#2473,#2474,#2475,#2476,
    #2477,#2478,#2479,#2480,#2481,#2482,#2483,#2484,#2485,#2486,#2487,
    #2488,#2489,#2490,#2491,#2492,#2493),.UNSPECIFIED.,.F.,.F.,(9,7,7,7,
    7,7,9),(0.,0.270617507638,0.332422653972,0.436421837411,
    0.555659532916,0.63166581221,1.),.UNSPECIFIED.);
#2450 = CARTESIAN_POINT('',(0.306936647002,-0.889993379492));
#2451 = CARTESIAN_POINT('',(0.316203279633,-0.923752299611));
#2452 = CARTESIAN_POINT('',(0.326344435025,-0.957173267284));
#2453 = CARTESIAN_POINT('',(0.337616493697,-0.990267489446));
#2454 = CARTESIAN_POINT('',(0.350336141473,-1.022998565733));
#2455 = CARTESIAN_POINT('',(0.364888116086,-1.055285622559));
#2456 = CARTESIAN_POINT('',(0.381770281077,-1.086996197311));
#2457 = CARTESIAN_POINT('',(0.401624568184,-1.117938592288));
#2458 = CARTESIAN_POINT('',(0.430587150991,-1.154697817821));
#2459 = CARTESIAN_POINT('',(0.436164463085,-1.161476963464));
#2460 = CARTESIAN_POINT('',(0.441942348508,-1.168197202586));
#2461 = CARTESIAN_POINT('',(0.447928885063,-1.174854519185));
#2462 = CARTESIAN_POINT('',(0.454131968561,-1.181444580914));
#2463 = CARTESIAN_POINT('',(0.460559135808,-1.187962786355));
#2464 = CARTESIAN_POINT('',(0.467217387588,-1.19440431229));
#2465 = CARTESIAN_POINT('',(0.485716240724,-1.21146584374));
#2466 = CARTESIAN_POINT('',(0.49799316185,-1.221937788118));
#2467 = CARTESIAN_POINT('',(0.510971815212,-1.232154096064));
#2468 = CARTESIAN_POINT('',(0.524674498306,-1.242088814708));
#2469 = CARTESIAN_POINT('',(0.539114946065,-1.25171697346));
#2470 = CARTESIAN_POINT('',(0.554295510988,-1.261015621122));
#2471 = CARTESIAN_POINT('',(0.570204343264,-1.269964863));
#2472 = CARTESIAN_POINT('',(0.605854324156,-1.288390711367));
#2473 = CARTESIAN_POINT('',(0.625820841252,-1.297755289752));
#2474 = CARTESIAN_POINT('',(0.646669533231,-1.306617420929));
#2475 = CARTESIAN_POINT('',(0.668342258363,-1.314966654137));
#2476 = CARTESIAN_POINT('',(0.690769596386,-1.322804567856));
#2477 = CARTESIAN_POINT('',(0.713875122749,-1.330142037559));
#2478 = CARTESIAN_POINT('',(0.737579682859,-1.336996503471));
#2479 = CARTESIAN_POINT('',(0.777248155856,-1.347464191207));
#2480 = CARTESIAN_POINT('',(0.792904779562,-1.35135210396));
#2481 = CARTESIAN_POINT('',(0.808757496077,-1.355058963169));
#2482 = CARTESIAN_POINT('',(0.824789109542,-1.35859129736));
#2483 = CARTESIAN_POINT('',(0.840983483439,-1.361955987522));
#2484 = CARTESIAN_POINT('',(0.857325754426,-1.365160077629));
#2485 = CARTESIAN_POINT('',(0.873802546174,-1.368210585162));
#2486 = CARTESIAN_POINT('',(0.970845718673,-1.385186066507));
#2487 = CARTESIAN_POINT('',(1.054010854221,-1.395782415474));
#2488 = CARTESIAN_POINT('',(1.138849914147,-1.403761637677));
#2489 = CARTESIAN_POINT('',(1.224617391006,-1.409693597156));
#2490 = CARTESIAN_POINT('',(1.310857256377,-1.41392103531));
#2491 = CARTESIAN_POINT('',(1.397313497023,-1.416669458195));
#2492 = CARTESIAN_POINT('',(1.483929577238,-1.418050074168));
#2493 = CARTESIAN_POINT('',(1.570796326795,-1.418050074168));
#2494 = ( GEOMETRIC_REPRESENTATION_CONTEXT(2)
PARAMETRIC_REPRESENTATION_CONTEXT() REPRESENTATION_CONTEXT('2D SPACE',''
  ) );
#2495 = ORIENTED_EDGE('',*,*,#2496,.F.);
#2496 = EDGE_CURVE('',#1613,#2346,#2497,.T.);
#2497 = SURFACE_CURVE('',#2498,(#2503,#2510),.PCURVE_S1.);
#2498 = CIRCLE('',#2499,2.);
#2499 = AXIS2_PLACEMENT_3D('',#2500,#2501,#2502);
#2500 = CARTESIAN_POINT('',(-59.,13.,578.));
#2501 = DIRECTION('',(1.,0.,-6.123233995737E-17));
#2502 = DIRECTION('',(6.123233995737E-17,0.,1.));
#2503 = PCURVE('',#1280,#2504);
#2504 = DEFINITIONAL_REPRESENTATION('',(#2505),#2509);
#2505 = LINE('',#2506,#2507);
#2506 = CARTESIAN_POINT('',(-4.712388980385,16.));
#2507 = VECTOR('',#2508,1.);
#2508 = DIRECTION('',(1.,0.));
#2509 = ( GEOMETRIC_REPRESENTATION_CONTEXT(2)
PARAMETRIC_REPRESENTATION_CONTEXT() REPRESENTATION_CONTEXT('2D SPACE',''
  ) );
#2510 = PCURVE('',#2511,#2516);
#2511 = SPHERICAL_SURFACE('',#2512,2.);
#2512 = AXIS2_PLACEMENT_3D('',#2513,#2514,#2515);
#2513 = CARTESIAN_POINT('',(-59.,13.,578.));
#2514 = DIRECTION('',(-0.,-1.,-0.));
#2515 = DIRECTION('',(1.,-0.,0.));
#2516 = DEFINITIONAL_REPRESENTATION('',(#2517),#2521);
#2517 = LINE('',#2518,#2519);
#2518 = CARTESIAN_POINT('',(1.570796326795,-6.28318530718));
#2519 = VECTOR('',#2520,1.);
#2520 = DIRECTION('',(0.,1.));
#2521 = ( GEOMETRIC_REPRESENTATION_CONTEXT(2)
PARAMETRIC_REPRESENTATION_CONTEXT() REPRESENTATION_CONTEXT('2D SPACE',''
  ) );
#2522 = ADVANCED_FACE('',(#2523),#1367,.F.);
#2523 = FACE_BOUND('',#2524,.F.);
#2524 = EDGE_LOOP('',(#2525,#2548,#2549,#2550));
#2525 = ORIENTED_EDGE('',*,*,#2526,.F.);
#2526 = EDGE_CURVE('',#1325,#2527,#2529,.T.);
#2527 = VERTEX_POINT('',#2528);
#2528 = CARTESIAN_POINT('',(-59.75,13.5,579.75));
#2529 = SURFACE_CURVE('',#2530,(#2534,#2541),.PCURVE_S1.);
#2530 = LINE('',#2531,#2532);
#2531 = CARTESIAN_POINT('',(-73.5,13.5,579.75));
#2532 = VECTOR('',#2533,1.);
#2533 = DIRECTION('',(1.,0.,0.));
#2534 = PCURVE('',#1367,#2535);
#2535 = DEFINITIONAL_REPRESENTATION('',(#2536),#2540);
#2536 = LINE('',#2537,#2538);
#2537 = CARTESIAN_POINT('',(0.,0.));
#2538 = VECTOR('',#2539,1.);
#2539 = DIRECTION('',(0.,1.));
#2540 = ( GEOMETRIC_REPRESENTATION_CONTEXT(2)
PARAMETRIC_REPRESENTATION_CONTEXT() REPRESENTATION_CONTEXT('2D SPACE',''
  ) );
#2541 = PCURVE('',#2146,#2542);
#2542 = DEFINITIONAL_REPRESENTATION('',(#2543),#2547);
#2543 = LINE('',#2544,#2545);
#2544 = CARTESIAN_POINT('',(146.75,0.));
#2545 = VECTOR('',#2546,1.);
#2546 = DIRECTION('',(0.,1.));
#2547 = ( GEOMETRIC_REPRESENTATION_CONTEXT(2)
PARAMETRIC_REPRESENTATION_CONTEXT() REPRESENTATION_CONTEXT('2D SPACE',''
  ) );
#2548 = ORIENTED_EDGE('',*,*,#1350,.T.);
#2549 = ORIENTED_EDGE('',*,*,#2324,.T.);
#2550 = ORIENTED_EDGE('',*,*,#2551,.F.);
#2551 = EDGE_CURVE('',#2527,#2325,#2552,.T.);
#2552 = SURFACE_CURVE('',#2553,(#2558,#2565),.PCURVE_S1.);
#2553 = CIRCLE('',#2554,1.25);
#2554 = AXIS2_PLACEMENT_3D('',#2555,#2556,#2557);
#2555 = CARTESIAN_POINT('',(-59.75,12.25,579.75));
#2556 = DIRECTION('',(1.,0.,-6.123233995737E-17));
#2557 = DIRECTION('',(6.123233995737E-17,0.,1.));
#2558 = PCURVE('',#1367,#2559);
#2559 = DEFINITIONAL_REPRESENTATION('',(#2560),#2564);
#2560 = LINE('',#2561,#2562);
#2561 = CARTESIAN_POINT('',(-4.712388980385,13.75));
#2562 = VECTOR('',#2563,1.);
#2563 = DIRECTION('',(1.,0.));
#2564 = ( GEOMETRIC_REPRESENTATION_CONTEXT(2)
PARAMETRIC_REPRESENTATION_CONTEXT() REPRESENTATION_CONTEXT('2D SPACE',''
  ) );
#2565 = PCURVE('',#2443,#2566);
#2566 = DEFINITIONAL_REPRESENTATION('',(#2567),#2571);
#2567 = LINE('',#2568,#2569);
#2568 = CARTESIAN_POINT('',(1.570796326795,-6.28318530718));
#2569 = VECTOR('',#2570,1.);
#2570 = DIRECTION('',(0.,1.));
#2571 = ( GEOMETRIC_REPRESENTATION_CONTEXT(2)
PARAMETRIC_REPRESENTATION_CONTEXT() REPRESENTATION_CONTEXT('2D SPACE',''
  ) );
#2572 = ADVANCED_FACE('',(#2573),#1574,.F.);
#2573 = FACE_BOUND('',#2574,.T.);
#2574 = EDGE_LOOP('',(#2575,#2576,#2577,#2601));
#2575 = ORIENTED_EDGE('',*,*,#1557,.F.);
#2576 = ORIENTED_EDGE('',*,*,#1804,.T.);
#2577 = ORIENTED_EDGE('',*,*,#2578,.T.);
#2578 = EDGE_CURVE('',#1805,#2579,#2581,.T.);
#2579 = VERTEX_POINT('',#2580);
#2580 = CARTESIAN_POINT('',(-59.75,-1.5,579.75));
#2581 = SURFACE_CURVE('',#2582,(#2587,#2594),.PCURVE_S1.);
#2582 = CIRCLE('',#2583,1.25);
#2583 = AXIS2_PLACEMENT_3D('',#2584,#2585,#2586);
#2584 = CARTESIAN_POINT('',(-59.75,-0.25,579.75));
#2585 = DIRECTION('',(1.,6.123233995737E-17,0.));
#2586 = DIRECTION('',(6.123233995737E-17,-1.,0.));
#2587 = PCURVE('',#1574,#2588);
#2588 = DEFINITIONAL_REPRESENTATION('',(#2589),#2593);
#2589 = LINE('',#2590,#2591);
#2590 = CARTESIAN_POINT('',(-6.28318530718,13.75));
#2591 = VECTOR('',#2592,1.);
#2592 = DIRECTION('',(1.,-0.));
#2593 = ( GEOMETRIC_REPRESENTATION_CONTEXT(2)
PARAMETRIC_REPRESENTATION_CONTEXT() REPRESENTATION_CONTEXT('2D SPACE',''
  ) );
#2594 = PCURVE('',#1863,#2595);
#2595 = DEFINITIONAL_REPRESENTATION('',(#2596),#2600);
#2596 = LINE('',#2597,#2598);
#2597 = CARTESIAN_POINT('',(1.570796326795,-6.28318530718));
#2598 = VECTOR('',#2599,1.);
#2599 = DIRECTION('',(0.,1.));
#2600 = ( GEOMETRIC_REPRESENTATION_CONTEXT(2)
PARAMETRIC_REPRESENTATION_CONTEXT() REPRESENTATION_CONTEXT('2D SPACE',''
  ) );
#2601 = ORIENTED_EDGE('',*,*,#2602,.F.);
#2602 = EDGE_CURVE('',#1558,#2579,#2603,.T.);
#2603 = SURFACE_CURVE('',#2604,(#2608,#2615),.PCURVE_S1.);
#2604 = LINE('',#2605,#2606);
#2605 = CARTESIAN_POINT('',(-73.5,-1.5,579.75));
#2606 = VECTOR('',#2607,1.);
#2607 = DIRECTION('',(1.,0.,0.));
#2608 = PCURVE('',#1574,#2609);
#2609 = DEFINITIONAL_REPRESENTATION('',(#2610),#2614);
#2610 = LINE('',#2611,#2612);
#2611 = CARTESIAN_POINT('',(-0.,0.));
#2612 = VECTOR('',#2613,1.);
#2613 = DIRECTION('',(-0.,1.));
#2614 = ( GEOMETRIC_REPRESENTATION_CONTEXT(2)
PARAMETRIC_REPRESENTATION_CONTEXT() REPRESENTATION_CONTEXT('2D SPACE',''
  ) );
#2615 = PCURVE('',#2255,#2616);
#2616 = DEFINITIONAL_REPRESENTATION('',(#2617),#2621);
#2617 = LINE('',#2618,#2619);
#2618 = CARTESIAN_POINT('',(146.75,0.));
#2619 = VECTOR('',#2620,1.);
#2620 = DIRECTION('',(0.,1.));
#2621 = ( GEOMETRIC_REPRESENTATION_CONTEXT(2)
PARAMETRIC_REPRESENTATION_CONTEXT() REPRESENTATION_CONTEXT('2D SPACE',''
  ) );
#2622 = ADVANCED_FACE('',(#2623),#1651,.T.);
#2623 = FACE_BOUND('',#2624,.T.);
#2624 = EDGE_LOOP('',(#2625,#2650,#2672,#2673));
#2625 = ORIENTED_EDGE('',*,*,#2626,.F.);
#2626 = EDGE_CURVE('',#2627,#2629,#2631,.T.);
#2627 = VERTEX_POINT('',#2628);
#2628 = CARTESIAN_POINT('',(-57.,13.,436.));
#2629 = VERTEX_POINT('',#2630);
#2630 = CARTESIAN_POINT('',(-57.,13.,578.));
#2631 = SURFACE_CURVE('',#2632,(#2636,#2643),.PCURVE_S1.);
#2632 = LINE('',#2633,#2634);
#2633 = CARTESIAN_POINT('',(-57.,13.,434.));
#2634 = VECTOR('',#2635,1.);
#2635 = DIRECTION('',(0.,0.,1.));
#2636 = PCURVE('',#1651,#2637);
#2637 = DEFINITIONAL_REPRESENTATION('',(#2638),#2642);
#2638 = LINE('',#2639,#2640);
#2639 = CARTESIAN_POINT('',(0.,0.));
#2640 = VECTOR('',#2641,1.);
#2641 = DIRECTION('',(0.,1.));
#2642 = ( GEOMETRIC_REPRESENTATION_CONTEXT(2)
PARAMETRIC_REPRESENTATION_CONTEXT() REPRESENTATION_CONTEXT('2D SPACE',''
  ) );
#2643 = PCURVE('',#1935,#2644);
#2644 = DEFINITIONAL_REPRESENTATION('',(#2645),#2649);
#2645 = LINE('',#2646,#2647);
#2646 = CARTESIAN_POINT('',(0.,-16.));
#2647 = VECTOR('',#2648,1.);
#2648 = DIRECTION('',(1.,0.));
#2649 = ( GEOMETRIC_REPRESENTATION_CONTEXT(2)
PARAMETRIC_REPRESENTATION_CONTEXT() REPRESENTATION_CONTEXT('2D SPACE',''
  ) );
#2650 = ORIENTED_EDGE('',*,*,#2651,.T.);
#2651 = EDGE_CURVE('',#2627,#1636,#2652,.T.);
#2652 = SURFACE_CURVE('',#2653,(#2658,#2665),.PCURVE_S1.);
#2653 = CIRCLE('',#2654,2.);
#2654 = AXIS2_PLACEMENT_3D('',#2655,#2656,#2657);
#2655 = CARTESIAN_POINT('',(-59.,13.,436.));
#2656 = DIRECTION('',(0.,0.,1.));
#2657 = DIRECTION('',(1.,0.,-0.));
#2658 = PCURVE('',#1651,#2659);
#2659 = DEFINITIONAL_REPRESENTATION('',(#2660),#2664);
#2660 = LINE('',#2661,#2662);
#2661 = CARTESIAN_POINT('',(0.,2.));
#2662 = VECTOR('',#2663,1.);
#2663 = DIRECTION('',(1.,0.));
#2664 = ( GEOMETRIC_REPRESENTATION_CONTEXT(2)
PARAMETRIC_REPRESENTATION_CONTEXT() REPRESENTATION_CONTEXT('2D SPACE',''
  ) );
#2665 = PCURVE('',#2094,#2666);
#2666 = DEFINITIONAL_REPRESENTATION('',(#2667),#2671);
#2667 = LINE('',#2668,#2669);
#2668 = CARTESIAN_POINT('',(0.,0.));
#2669 = VECTOR('',#2670,1.);
#2670 = DIRECTION('',(1.,0.));
#2671 = ( GEOMETRIC_REPRESENTATION_CONTEXT(2)
PARAMETRIC_REPRESENTATION_CONTEXT() REPRESENTATION_CONTEXT('2D SPACE',''
  ) );
#2672 = ORIENTED_EDGE('',*,*,#1635,.T.);
#2673 = ORIENTED_EDGE('',*,*,#2674,.T.);
#2674 = EDGE_CURVE('',#1613,#2629,#2675,.T.);
#2675 = SURFACE_CURVE('',#2676,(#2681,#2688),.PCURVE_S1.);
#2676 = CIRCLE('',#2677,2.);
#2677 = AXIS2_PLACEMENT_3D('',#2678,#2679,#2680);
#2678 = CARTESIAN_POINT('',(-59.,13.,578.));
#2679 = DIRECTION('',(0.,0.,-1.));
#2680 = DIRECTION('',(1.,0.,0.));
#2681 = PCURVE('',#1651,#2682);
#2682 = DEFINITIONAL_REPRESENTATION('',(#2683),#2687);
#2683 = LINE('',#2684,#2685);
#2684 = CARTESIAN_POINT('',(6.28318530718,144.));
#2685 = VECTOR('',#2686,1.);
#2686 = DIRECTION('',(-1.,-0.));
#2687 = ( GEOMETRIC_REPRESENTATION_CONTEXT(2)
PARAMETRIC_REPRESENTATION_CONTEXT() REPRESENTATION_CONTEXT('2D SPACE',''
  ) );
#2688 = PCURVE('',#2511,#2689);
#2689 = DEFINITIONAL_REPRESENTATION('',(#2690),#2694);
#2690 = LINE('',#2691,#2692);
#2691 = CARTESIAN_POINT('',(0.,-6.28318530718));
#2692 = VECTOR('',#2693,1.);
#2693 = DIRECTION('',(0.,1.));
#2694 = ( GEOMETRIC_REPRESENTATION_CONTEXT(2)
PARAMETRIC_REPRESENTATION_CONTEXT() REPRESENTATION_CONTEXT('2D SPACE',''
  ) );
#2695 = ADVANCED_FACE('',(#2696),#1786,.T.);
#2696 = FACE_BOUND('',#2697,.F.);
#2697 = EDGE_LOOP('',(#2698,#2727,#2772,#2773));
#2698 = ORIENTED_EDGE('',*,*,#2699,.F.);
#2699 = EDGE_CURVE('',#2700,#1918,#2702,.T.);
#2700 = VERTEX_POINT('',#2701);
#2701 = CARTESIAN_POINT('',(-58.77866504819,-1.,434.01228502065));
#2702 = SURFACE_CURVE('',#2703,(#2708,#2715),.PCURVE_S1.);
#2703 = CIRCLE('',#2704,2.);
#2704 = AXIS2_PLACEMENT_3D('',#2705,#2706,#2707);
#2705 = CARTESIAN_POINT('',(-59.,-1.,436.));
#2706 = DIRECTION('',(0.,-1.,0.));
#2707 = DIRECTION('',(1.,0.,0.));
#2708 = PCURVE('',#1786,#2709);
#2709 = DEFINITIONAL_REPRESENTATION('',(#2710),#2714);
#2710 = LINE('',#2711,#2712);
#2711 = CARTESIAN_POINT('',(-0.,-6.28318530718));
#2712 = VECTOR('',#2713,1.);
#2713 = DIRECTION('',(-0.,1.));
#2714 = ( GEOMETRIC_REPRESENTATION_CONTEXT(2)
PARAMETRIC_REPRESENTATION_CONTEXT() REPRESENTATION_CONTEXT('2D SPACE',''
  ) );
#2715 = PCURVE('',#2716,#2721);
#2716 = CYLINDRICAL_SURFACE('',#2717,2.);
#2717 = AXIS2_PLACEMENT_3D('',#2718,#2719,#2720);
#2718 = CARTESIAN_POINT('',(-59.,-3.,436.));
#2719 = DIRECTION('',(0.,1.,0.));
#2720 = DIRECTION('',(1.,0.,-0.));
#2721 = DEFINITIONAL_REPRESENTATION('',(#2722),#2726);
#2722 = LINE('',#2723,#2724);
#2723 = CARTESIAN_POINT('',(6.28318530718,2.));
#2724 = VECTOR('',#2725,1.);
#2725 = DIRECTION('',(-1.,-0.));
#2726 = ( GEOMETRIC_REPRESENTATION_CONTEXT(2)
PARAMETRIC_REPRESENTATION_CONTEXT() REPRESENTATION_CONTEXT('2D SPACE',''
  ) );
#2727 = ORIENTED_EDGE('',*,*,#2728,.T.);
#2728 = EDGE_CURVE('',#2700,#1711,#2729,.T.);
#2729 = SURFACE_CURVE('',#2730,(#2735,#2762),.PCURVE_S1.);
#2730 = CIRCLE('',#2731,1.174591068885);
#2731 = AXIS2_PLACEMENT_3D('',#2732,#2733,#2734);
#2732 = CARTESIAN_POINT('',(-59.59328358209,-0.40671641791,
    434.61567164179));
#2733 = DIRECTION('',(-0.366508333069,0.366508333069,-0.855186110494));
#2734 = DIRECTION('',(-0.707106781187,-0.707106781187,0.));
#2735 = PCURVE('',#1786,#2736);
#2736 = DEFINITIONAL_REPRESENTATION('',(#2737),#2761);
#2737 = B_SPLINE_CURVE_WITH_KNOTS('',8,(#2738,#2739,#2740,#2741,#2742,
    #2743,#2744,#2745,#2746,#2747,#2748,#2749,#2750,#2751,#2752,#2753,
    #2754,#2755,#2756,#2757,#2758,#2759,#2760),.UNSPECIFIED.,.F.,.F.,(9,
    7,7,9),(4.578747328473,4.645568154429,4.745799393363,4.846030632297)
  ,.UNSPECIFIED.);
#2738 = CARTESIAN_POINT('',(1.42108547152E-14,-1.459901700648));
#2739 = CARTESIAN_POINT('',(-3.463525063133E-02,-1.46296299934));
#2740 = CARTESIAN_POINT('',(-7.123344285242E-02,-1.46590312977));
#2741 = CARTESIAN_POINT('',(-0.109919844273,-1.468708447255));
#2742 = CARTESIAN_POINT('',(-0.150811995838,-1.471363772232));
#2743 = CARTESIAN_POINT('',(-0.194003460367,-1.47385214269));
#2744 = CARTESIAN_POINT('',(-0.239542641292,-1.476155082332));
#2745 = CARTESIAN_POINT('',(-0.28740667158,-1.478253384472));
#2746 = CARTESIAN_POINT('',(-0.412565924785,-1.482940952453));
#2747 = CARTESIAN_POINT('',(-0.492611771171,-1.48525115709));
#2748 = CARTESIAN_POINT('',(-0.577187947446,-1.486996060848));
#2749 = CARTESIAN_POINT('',(-0.665393033731,-1.488116838956));
#2750 = CARTESIAN_POINT('',(-0.755657148745,-1.488565920923));
#2751 = CARTESIAN_POINT('',(-0.845786333591,-1.488333623966));
#2752 = CARTESIAN_POINT('',(-0.934001763073,-1.48744407805));
#2753 = CARTESIAN_POINT('',(-1.103976613249,-1.484437715365));
#2754 = CARTESIAN_POINT('',(-1.185736504209,-1.482320918878));
#2755 = CARTESIAN_POINT('',(-1.262962106128,-1.479634180519));
#2756 = CARTESIAN_POINT('',(-1.334834853541,-1.476441503703));
#2757 = CARTESIAN_POINT('',(-1.401263136414,-1.472813723629));
#2758 = CARTESIAN_POINT('',(-1.462474471778,-1.468812944372));
#2759 = CARTESIAN_POINT('',(-1.518843450848,-1.464493648686));
#2760 = CARTESIAN_POINT('',(-1.570796326795,-1.459901700648));
#2761 = ( GEOMETRIC_REPRESENTATION_CONTEXT(2)
PARAMETRIC_REPRESENTATION_CONTEXT() REPRESENTATION_CONTEXT('2D SPACE',''
  ) );
#2762 = PCURVE('',#1748,#2763);
#2763 = DEFINITIONAL_REPRESENTATION('',(#2764),#2771);
#2764 = B_SPLINE_CURVE_WITH_KNOTS('',5,(#2765,#2766,#2767,#2768,#2769,
    #2770),.UNSPECIFIED.,.F.,.F.,(6,6),(4.578747328473,4.846030632297),
  .PIECEWISE_BEZIER_KNOTS.);
#2765 = CARTESIAN_POINT('',(-0.657516553164,-0.191337323939));
#2766 = CARTESIAN_POINT('',(-0.708555297563,-0.194870981064));
#2767 = CARTESIAN_POINT('',(-0.759763650155,-0.196651400115));
#2768 = CARTESIAN_POINT('',(-0.81103267664,-0.196651400115));
#2769 = CARTESIAN_POINT('',(-0.862241029232,-0.194870981064));
#2770 = CARTESIAN_POINT('',(-0.913279773631,-0.191337323939));
#2771 = ( GEOMETRIC_REPRESENTATION_CONTEXT(2)
PARAMETRIC_REPRESENTATION_CONTEXT() REPRESENTATION_CONTEXT('2D SPACE',''
  ) );
#2772 = ORIENTED_EDGE('',*,*,#1771,.T.);
#2773 = ORIENTED_EDGE('',*,*,#1947,.F.);
#2774 = ADVANCED_FACE('',(#2775),#1748,.F.);
#2775 = FACE_BOUND('',#2776,.T.);
#2776 = EDGE_LOOP('',(#2777,#2808,#2844,#2845,#2846,#2847));
#2777 = ORIENTED_EDGE('',*,*,#2778,.F.);
#2778 = EDGE_CURVE('',#2779,#2781,#2783,.T.);
#2779 = VERTEX_POINT('',#2780);
#2780 = CARTESIAN_POINT('',(-58.51455380627,-0.25,434.05980877411));
#2781 = VERTEX_POINT('',#2782);
#2782 = CARTESIAN_POINT('',(-58.5,-0.25,434.25));
#2783 = SURFACE_CURVE('',#2784,(#2789,#2796),.PCURVE_S1.);
#2784 = CIRCLE('',#2785,1.25);
#2785 = AXIS2_PLACEMENT_3D('',#2786,#2787,#2788);
#2786 = CARTESIAN_POINT('',(-59.75,-0.25,434.25));
#2787 = DIRECTION('',(0.,-1.,0.));
#2788 = DIRECTION('',(1.,0.,0.));
#2789 = PCURVE('',#1748,#2790);
#2790 = DEFINITIONAL_REPRESENTATION('',(#2791),#2795);
#2791 = LINE('',#2792,#2793);
#2792 = CARTESIAN_POINT('',(-0.,-6.28318530718));
#2793 = VECTOR('',#2794,1.);
#2794 = DIRECTION('',(-0.,1.));
#2795 = ( GEOMETRIC_REPRESENTATION_CONTEXT(2)
PARAMETRIC_REPRESENTATION_CONTEXT() REPRESENTATION_CONTEXT('2D SPACE',''
  ) );
#2796 = PCURVE('',#2797,#2802);
#2797 = CYLINDRICAL_SURFACE('',#2798,1.25);
#2798 = AXIS2_PLACEMENT_3D('',#2799,#2800,#2801);
#2799 = CARTESIAN_POINT('',(-59.75,-1.5,434.25));
#2800 = DIRECTION('',(0.,1.,0.));
#2801 = DIRECTION('',(1.,0.,-0.));
#2802 = DEFINITIONAL_REPRESENTATION('',(#2803),#2807);
#2803 = LINE('',#2804,#2805);
#2804 = CARTESIAN_POINT('',(6.28318530718,1.25));
#2805 = VECTOR('',#2806,1.);
#2806 = DIRECTION('',(-1.,-0.));
#2807 = ( GEOMETRIC_REPRESENTATION_CONTEXT(2)
PARAMETRIC_REPRESENTATION_CONTEXT() REPRESENTATION_CONTEXT('2D SPACE',''
  ) );
#2808 = ORIENTED_EDGE('',*,*,#2809,.T.);
#2809 = EDGE_CURVE('',#2779,#2700,#2810,.T.);
#2810 = SURFACE_CURVE('',#2811,(#2820,#2832),.PCURVE_S1.);
#2811 = B_SPLINE_CURVE_WITH_KNOTS('',7,(#2812,#2813,#2814,#2815,#2816,
    #2817,#2818,#2819),.UNSPECIFIED.,.F.,.F.,(8,8),(0.,1.),
  .PIECEWISE_BEZIER_KNOTS.);
#2812 = CARTESIAN_POINT('',(-58.51455380627,-0.25,434.05980877411));
#2813 = CARTESIAN_POINT('',(-58.51455380627,-0.36388872038,
    434.05980877411));
#2814 = CARTESIAN_POINT('',(-58.52729279319,-0.477573068669,
    434.05662079214));
#2815 = CARTESIAN_POINT('',(-58.55268981107,-0.589889218824,
    434.05026859487));
#2816 = CARTESIAN_POINT('',(-58.5907031319,-0.699614979757,
    434.0413128057));
#2817 = CARTESIAN_POINT('',(-58.6412569089,-0.805436950514,
    434.03089206362));
#2818 = CARTESIAN_POINT('',(-58.70406904689,-0.906022578732,
    434.02059137571));
#2819 = CARTESIAN_POINT('',(-58.77866552445,-1.0000006,434.01228496762)
  );
#2820 = PCURVE('',#1748,#2821);
#2821 = DEFINITIONAL_REPRESENTATION('',(#2822),#2831);
#2822 = B_SPLINE_CURVE_WITH_KNOTS('',7,(#2823,#2824,#2825,#2826,#2827,
    #2828,#2829,#2830),.UNSPECIFIED.,.F.,.F.,(8,8),(0.,1.),
  .PIECEWISE_BEZIER_KNOTS.);
#2823 = CARTESIAN_POINT('',(0.,-0.152746252627));
#2824 = CARTESIAN_POINT('',(-9.218428205009E-02,-0.152746252627));
#2825 = CARTESIAN_POINT('',(-0.184202188192,-0.155326512784));
#2826 = CARTESIAN_POINT('',(-0.276550267332,-0.16046874542));
#2827 = CARTESIAN_POINT('',(-0.369635262887,-0.167723054623));
#2828 = CARTESIAN_POINT('',(-0.463895391311,-0.176185310893));
#2829 = CARTESIAN_POINT('',(-0.559753352817,-0.184568718134));
#2830 = CARTESIAN_POINT('',(-0.657517177336,-0.191337367154));
#2831 = ( GEOMETRIC_REPRESENTATION_CONTEXT(2)
PARAMETRIC_REPRESENTATION_CONTEXT() REPRESENTATION_CONTEXT('2D SPACE',''
  ) );
#2832 = PCURVE('',#2716,#2833);
#2833 = DEFINITIONAL_REPRESENTATION('',(#2834),#2843);
#2834 = B_SPLINE_CURVE_WITH_KNOTS('',7,(#2835,#2836,#2837,#2838,#2839,
    #2840,#2841,#2842),.UNSPECIFIED.,.F.,.F.,(8,8),(0.,1.),
  .PIECEWISE_BEZIER_KNOTS.);
#2835 = CARTESIAN_POINT('',(1.325624417462,2.75));
#2836 = CARTESIAN_POINT('',(1.325624417462,2.63611127962));
#2837 = CARTESIAN_POINT('',(1.332190361642,2.522426931331));
#2838 = CARTESIAN_POINT('',(1.345279906879,2.410110781176));
#2839 = CARTESIAN_POINT('',(1.364805471828,2.300385020243));
#2840 = CARTESIAN_POINT('',(1.390590052254,2.194563049486));
#2841 = CARTESIAN_POINT('',(1.422373181679,2.093977421268));
#2842 = CARTESIAN_POINT('',(1.459901940251,1.9999994));
#2843 = ( GEOMETRIC_REPRESENTATION_CONTEXT(2)
PARAMETRIC_REPRESENTATION_CONTEXT() REPRESENTATION_CONTEXT('2D SPACE',''
  ) );
#2844 = ORIENTED_EDGE('',*,*,#2728,.T.);
#2845 = ORIENTED_EDGE('',*,*,#1710,.T.);
#2846 = ORIENTED_EDGE('',*,*,#2273,.T.);
#2847 = ORIENTED_EDGE('',*,*,#2848,.F.);
#2848 = EDGE_CURVE('',#2781,#2274,#2849,.T.);
#2849 = SURFACE_CURVE('',#2850,(#2855,#2862),.PCURVE_S1.);
#2850 = CIRCLE('',#2851,1.25);
#2851 = AXIS2_PLACEMENT_3D('',#2852,#2853,#2854);
#2852 = CARTESIAN_POINT('',(-59.75,-0.25,434.25));
#2853 = DIRECTION('',(0.,-0.,-1.));
#2854 = DIRECTION('',(1.,0.,-0.));
#2855 = PCURVE('',#1748,#2856);
#2856 = DEFINITIONAL_REPRESENTATION('',(#2857),#2861);
#2857 = LINE('',#2858,#2859);
#2858 = CARTESIAN_POINT('',(-0.,0.));
#2859 = VECTOR('',#2860,1.);
#2860 = DIRECTION('',(-1.,0.));
#2861 = ( GEOMETRIC_REPRESENTATION_CONTEXT(2)
PARAMETRIC_REPRESENTATION_CONTEXT() REPRESENTATION_CONTEXT('2D SPACE',''
  ) );
#2862 = PCURVE('',#2863,#2868);
#2863 = CYLINDRICAL_SURFACE('',#2864,1.25);
#2864 = AXIS2_PLACEMENT_3D('',#2865,#2866,#2867);
#2865 = CARTESIAN_POINT('',(-59.75,-0.25,433.));
#2866 = DIRECTION('',(0.,0.,1.));
#2867 = DIRECTION('',(1.,0.,-0.));
#2868 = DEFINITIONAL_REPRESENTATION('',(#2869),#2873);
#2869 = LINE('',#2870,#2871);
#2870 = CARTESIAN_POINT('',(-0.,1.25));
#2871 = VECTOR('',#2872,1.);
#2872 = DIRECTION('',(-1.,0.));
#2873 = ( GEOMETRIC_REPRESENTATION_CONTEXT(2)
PARAMETRIC_REPRESENTATION_CONTEXT() REPRESENTATION_CONTEXT('2D SPACE',''
  ) );
#2874 = ADVANCED_FACE('',(#2875),#1901,.T.);
#2875 = FACE_BOUND('',#2876,.T.);
#2876 = EDGE_LOOP('',(#2877,#2906,#2951,#2952));
#2877 = ORIENTED_EDGE('',*,*,#2878,.F.);
#2878 = EDGE_CURVE('',#2879,#1920,#2881,.T.);
#2879 = VERTEX_POINT('',#2880);
#2880 = CARTESIAN_POINT('',(-58.77866504819,-1.,579.98771497934));
#2881 = SURFACE_CURVE('',#2882,(#2887,#2894),.PCURVE_S1.);
#2882 = CIRCLE('',#2883,2.);
#2883 = AXIS2_PLACEMENT_3D('',#2884,#2885,#2886);
#2884 = CARTESIAN_POINT('',(-59.,-1.,578.));
#2885 = DIRECTION('',(-0.,1.,0.));
#2886 = DIRECTION('',(1.,0.,0.));
#2887 = PCURVE('',#1901,#2888);
#2888 = DEFINITIONAL_REPRESENTATION('',(#2889),#2893);
#2889 = LINE('',#2890,#2891);
#2890 = CARTESIAN_POINT('',(0.,-6.28318530718));
#2891 = VECTOR('',#2892,1.);
#2892 = DIRECTION('',(0.,1.));
#2893 = ( GEOMETRIC_REPRESENTATION_CONTEXT(2)
PARAMETRIC_REPRESENTATION_CONTEXT() REPRESENTATION_CONTEXT('2D SPACE',''
  ) );
#2894 = PCURVE('',#2895,#2900);
#2895 = CYLINDRICAL_SURFACE('',#2896,2.);
#2896 = AXIS2_PLACEMENT_3D('',#2897,#2898,#2899);
#2897 = CARTESIAN_POINT('',(-59.,-3.,578.));
#2898 = DIRECTION('',(0.,1.,0.));
#2899 = DIRECTION('',(1.,0.,-0.));
#2900 = DEFINITIONAL_REPRESENTATION('',(#2901),#2905);
#2901 = LINE('',#2902,#2903);
#2902 = CARTESIAN_POINT('',(-6.28318530718,2.));
#2903 = VECTOR('',#2904,1.);
#2904 = DIRECTION('',(1.,-0.));
#2905 = ( GEOMETRIC_REPRESENTATION_CONTEXT(2)
PARAMETRIC_REPRESENTATION_CONTEXT() REPRESENTATION_CONTEXT('2D SPACE',''
  ) );
#2906 = ORIENTED_EDGE('',*,*,#2907,.F.);
#2907 = EDGE_CURVE('',#1826,#2879,#2908,.T.);
#2908 = SURFACE_CURVE('',#2909,(#2914,#2941),.PCURVE_S1.);
#2909 = CIRCLE('',#2910,1.174591068885);
#2910 = AXIS2_PLACEMENT_3D('',#2911,#2912,#2913);
#2911 = CARTESIAN_POINT('',(-59.59328358209,-0.40671641791,
    579.3843283582));
#2912 = DIRECTION('',(-0.366508333069,0.366508333069,0.855186110494));
#2913 = DIRECTION('',(-0.707106781187,-0.707106781187,0.));
#2914 = PCURVE('',#1901,#2915);
#2915 = DEFINITIONAL_REPRESENTATION('',(#2916),#2940);
#2916 = B_SPLINE_CURVE_WITH_KNOTS('',8,(#2917,#2918,#2919,#2920,#2921,
    #2922,#2923,#2924,#2925,#2926,#2927,#2928,#2929,#2930,#2931,#2932,
    #2933,#2934,#2935,#2936,#2937,#2938,#2939),.UNSPECIFIED.,.F.,.F.,(9,
    7,7,9),(1.437154674883,1.503975500839,1.604206739773,1.704437978707)
  ,.UNSPECIFIED.);
#2917 = CARTESIAN_POINT('',(1.570796326795,-1.459901700648));
#2918 = CARTESIAN_POINT('',(1.536161076164,-1.46296299934));
#2919 = CARTESIAN_POINT('',(1.499562883943,-1.46590312977));
#2920 = CARTESIAN_POINT('',(1.460876482522,-1.468708447255));
#2921 = CARTESIAN_POINT('',(1.419984330957,-1.471363772232));
#2922 = CARTESIAN_POINT('',(1.376792866428,-1.47385214269));
#2923 = CARTESIAN_POINT('',(1.331253685503,-1.476155082332));
#2924 = CARTESIAN_POINT('',(1.283389655215,-1.478253384472));
#2925 = CARTESIAN_POINT('',(1.15823040201,-1.482940952453));
#2926 = CARTESIAN_POINT('',(1.078184555623,-1.485251157089));
#2927 = CARTESIAN_POINT('',(0.993608379335,-1.486996060845));
#2928 = CARTESIAN_POINT('',(0.905403293033,-1.48811683896));
#2929 = CARTESIAN_POINT('',(0.815139178049,-1.488565920919));
#2930 = CARTESIAN_POINT('',(0.725009993202,-1.488333623967));
#2931 = CARTESIAN_POINT('',(0.636794563721,-1.48744407805));
#2932 = CARTESIAN_POINT('',(0.466819713546,-1.484437715365));
#2933 = CARTESIAN_POINT('',(0.385059822589,-1.482320918877));
#2934 = CARTESIAN_POINT('',(0.307834220634,-1.479634180517));
#2935 = CARTESIAN_POINT('',(0.235961473272,-1.476441503693));
#2936 = CARTESIAN_POINT('',(0.169533190351,-1.472813723627));
#2937 = CARTESIAN_POINT('',(0.108321855019,-1.468812944372));
#2938 = CARTESIAN_POINT('',(5.195287594703E-02,-1.464493648686));
#2939 = CARTESIAN_POINT('',(1.203847488789E-14,-1.459901700648));
#2940 = ( GEOMETRIC_REPRESENTATION_CONTEXT(2)
PARAMETRIC_REPRESENTATION_CONTEXT() REPRESENTATION_CONTEXT('2D SPACE',''
  ) );
#2941 = PCURVE('',#1863,#2942);
#2942 = DEFINITIONAL_REPRESENTATION('',(#2943),#2950);
#2943 = B_SPLINE_CURVE_WITH_KNOTS('',5,(#2944,#2945,#2946,#2947,#2948,
    #2949),.UNSPECIFIED.,.F.,.F.,(6,6),(1.437154674883,1.704437978707),
  .PIECEWISE_BEZIER_KNOTS.);
#2944 = CARTESIAN_POINT('',(0.913279773631,-0.191337323939));
#2945 = CARTESIAN_POINT('',(0.862241029232,-0.194870981064));
#2946 = CARTESIAN_POINT('',(0.81103267664,-0.196651400115));
#2947 = CARTESIAN_POINT('',(0.759763650155,-0.196651400115));
#2948 = CARTESIAN_POINT('',(0.708555297563,-0.194870981064));
#2949 = CARTESIAN_POINT('',(0.657516553164,-0.191337323939));
#2950 = ( GEOMETRIC_REPRESENTATION_CONTEXT(2)
PARAMETRIC_REPRESENTATION_CONTEXT() REPRESENTATION_CONTEXT('2D SPACE',''
  ) );
#2951 = ORIENTED_EDGE('',*,*,#1886,.T.);
#2952 = ORIENTED_EDGE('',*,*,#1970,.F.);
#2953 = ADVANCED_FACE('',(#2954),#1863,.F.);
#2954 = FACE_BOUND('',#2955,.F.);
#2955 = EDGE_LOOP('',(#2956,#2987,#3023,#3024,#3025,#3026));
#2956 = ORIENTED_EDGE('',*,*,#2957,.F.);
#2957 = EDGE_CURVE('',#2958,#2960,#2962,.T.);
#2958 = VERTEX_POINT('',#2959);
#2959 = CARTESIAN_POINT('',(-58.51455380627,-0.25,579.94019122588));
#2960 = VERTEX_POINT('',#2961);
#2961 = CARTESIAN_POINT('',(-58.5,-0.25,579.75));
#2962 = SURFACE_CURVE('',#2963,(#2968,#2975),.PCURVE_S1.);
#2963 = CIRCLE('',#2964,1.25);
#2964 = AXIS2_PLACEMENT_3D('',#2965,#2966,#2967);
#2965 = CARTESIAN_POINT('',(-59.75,-0.25,579.75));
#2966 = DIRECTION('',(-0.,1.,0.));
#2967 = DIRECTION('',(1.,0.,0.));
#2968 = PCURVE('',#1863,#2969);
#2969 = DEFINITIONAL_REPRESENTATION('',(#2970),#2974);
#2970 = LINE('',#2971,#2972);
#2971 = CARTESIAN_POINT('',(0.,-6.28318530718));
#2972 = VECTOR('',#2973,1.);
#2973 = DIRECTION('',(0.,1.));
#2974 = ( GEOMETRIC_REPRESENTATION_CONTEXT(2)
PARAMETRIC_REPRESENTATION_CONTEXT() REPRESENTATION_CONTEXT('2D SPACE',''
  ) );
#2975 = PCURVE('',#2976,#2981);
#2976 = CYLINDRICAL_SURFACE('',#2977,1.25);
#2977 = AXIS2_PLACEMENT_3D('',#2978,#2979,#2980);
#2978 = CARTESIAN_POINT('',(-59.75,-1.5,579.75));
#2979 = DIRECTION('',(0.,1.,0.));
#2980 = DIRECTION('',(1.,0.,-0.));
#2981 = DEFINITIONAL_REPRESENTATION('',(#2982),#2986);
#2982 = LINE('',#2983,#2984);
#2983 = CARTESIAN_POINT('',(-6.28318530718,1.25));
#2984 = VECTOR('',#2985,1.);
#2985 = DIRECTION('',(1.,-0.));
#2986 = ( GEOMETRIC_REPRESENTATION_CONTEXT(2)
PARAMETRIC_REPRESENTATION_CONTEXT() REPRESENTATION_CONTEXT('2D SPACE',''
  ) );
#2987 = ORIENTED_EDGE('',*,*,#2988,.T.);
#2988 = EDGE_CURVE('',#2958,#2879,#2989,.T.);
#2989 = SURFACE_CURVE('',#2990,(#2999,#3011),.PCURVE_S1.);
#2990 = B_SPLINE_CURVE_WITH_KNOTS('',7,(#2991,#2992,#2993,#2994,#2995,
    #2996,#2997,#2998),.UNSPECIFIED.,.F.,.F.,(8,8),(0.,1.),
  .PIECEWISE_BEZIER_KNOTS.);
#2991 = CARTESIAN_POINT('',(-58.51455380627,-0.25,579.94019122588));
#2992 = CARTESIAN_POINT('',(-58.51455380627,-0.36388872038,
    579.94019122588));
#2993 = CARTESIAN_POINT('',(-58.52729279319,-0.477573068669,
    579.94337920785));
#2994 = CARTESIAN_POINT('',(-58.55268981107,-0.589889218824,
    579.94973140512));
#2995 = CARTESIAN_POINT('',(-58.5907031319,-0.699614979757,
    579.95868719429));
#2996 = CARTESIAN_POINT('',(-58.6412569089,-0.805436950514,
    579.96910793637));
#2997 = CARTESIAN_POINT('',(-58.70406904689,-0.906022578732,
    579.97940862428));
#2998 = CARTESIAN_POINT('',(-58.77866552445,-1.0000006,579.98771503237)
  );
#2999 = PCURVE('',#1863,#3000);
#3000 = DEFINITIONAL_REPRESENTATION('',(#3001),#3010);
#3001 = B_SPLINE_CURVE_WITH_KNOTS('',7,(#3002,#3003,#3004,#3005,#3006,
    #3007,#3008,#3009),.UNSPECIFIED.,.F.,.F.,(8,8),(0.,1.),
  .PIECEWISE_BEZIER_KNOTS.);
#3002 = CARTESIAN_POINT('',(0.,-0.152746252627));
#3003 = CARTESIAN_POINT('',(9.218428204995E-02,-0.152746252627));
#3004 = CARTESIAN_POINT('',(0.184202188192,-0.155326512785));
#3005 = CARTESIAN_POINT('',(0.276550267332,-0.16046874542));
#3006 = CARTESIAN_POINT('',(0.369635262887,-0.167723054623));
#3007 = CARTESIAN_POINT('',(0.463895391311,-0.176185310893));
#3008 = CARTESIAN_POINT('',(0.559753352817,-0.184568718134));
#3009 = CARTESIAN_POINT('',(0.657517177336,-0.191337367154));
#3010 = ( GEOMETRIC_REPRESENTATION_CONTEXT(2)
PARAMETRIC_REPRESENTATION_CONTEXT() REPRESENTATION_CONTEXT('2D SPACE',''
  ) );
#3011 = PCURVE('',#2895,#3012);
#3012 = DEFINITIONAL_REPRESENTATION('',(#3013),#3022);
#3013 = B_SPLINE_CURVE_WITH_KNOTS('',7,(#3014,#3015,#3016,#3017,#3018,
    #3019,#3020,#3021),.UNSPECIFIED.,.F.,.F.,(8,8),(0.,1.),
  .PIECEWISE_BEZIER_KNOTS.);
#3014 = CARTESIAN_POINT('',(-1.325624417462,2.75));
#3015 = CARTESIAN_POINT('',(-1.325624417462,2.63611127962));
#3016 = CARTESIAN_POINT('',(-1.332190361642,2.522426931331));
#3017 = CARTESIAN_POINT('',(-1.345279906879,2.410110781176));
#3018 = CARTESIAN_POINT('',(-1.364805471828,2.300385020243));
#3019 = CARTESIAN_POINT('',(-1.390590052254,2.194563049486));
#3020 = CARTESIAN_POINT('',(-1.422373181679,2.093977421268));
#3021 = CARTESIAN_POINT('',(-1.459901940251,1.9999994));
#3022 = ( GEOMETRIC_REPRESENTATION_CONTEXT(2)
PARAMETRIC_REPRESENTATION_CONTEXT() REPRESENTATION_CONTEXT('2D SPACE',''
  ) );
#3023 = ORIENTED_EDGE('',*,*,#2907,.F.);
#3024 = ORIENTED_EDGE('',*,*,#1825,.T.);
#3025 = ORIENTED_EDGE('',*,*,#2578,.T.);
#3026 = ORIENTED_EDGE('',*,*,#3027,.F.);
#3027 = EDGE_CURVE('',#2960,#2579,#3028,.T.);
#3028 = SURFACE_CURVE('',#3029,(#3034,#3041),.PCURVE_S1.);
#3029 = CIRCLE('',#3030,1.25);
#3030 = AXIS2_PLACEMENT_3D('',#3031,#3032,#3033);
#3031 = CARTESIAN_POINT('',(-59.75,-0.25,579.75));
#3032 = DIRECTION('',(0.,0.,-1.));
#3033 = DIRECTION('',(1.,0.,0.));
#3034 = PCURVE('',#1863,#3035);
#3035 = DEFINITIONAL_REPRESENTATION('',(#3036),#3040);
#3036 = LINE('',#3037,#3038);
#3037 = CARTESIAN_POINT('',(0.,0.));
#3038 = VECTOR('',#3039,1.);
#3039 = DIRECTION('',(1.,0.));
#3040 = ( GEOMETRIC_REPRESENTATION_CONTEXT(2)
PARAMETRIC_REPRESENTATION_CONTEXT() REPRESENTATION_CONTEXT('2D SPACE',''
  ) );
#3041 = PCURVE('',#2863,#3042);
#3042 = DEFINITIONAL_REPRESENTATION('',(#3043),#3047);
#3043 = LINE('',#3044,#3045);
#3044 = CARTESIAN_POINT('',(-0.,146.75));
#3045 = VECTOR('',#3046,1.);
#3046 = DIRECTION('',(-1.,0.));
#3047 = ( GEOMETRIC_REPRESENTATION_CONTEXT(2)
PARAMETRIC_REPRESENTATION_CONTEXT() REPRESENTATION_CONTEXT('2D SPACE',''
  ) );
#3048 = ADVANCED_FACE('',(#3049),#1935,.T.);
#3049 = FACE_BOUND('',#3050,.T.);
#3050 = EDGE_LOOP('',(#3051,#3052,#3073,#3074));
#3051 = ORIENTED_EDGE('',*,*,#1917,.F.);
#3052 = ORIENTED_EDGE('',*,*,#3053,.T.);
#3053 = EDGE_CURVE('',#1918,#2627,#3054,.T.);
#3054 = SURFACE_CURVE('',#3055,(#3059,#3066),.PCURVE_S1.);
#3055 = LINE('',#3056,#3057);
#3056 = CARTESIAN_POINT('',(-57.,-3.,436.));
#3057 = VECTOR('',#3058,1.);
#3058 = DIRECTION('',(0.,1.,0.));
#3059 = PCURVE('',#1935,#3060);
#3060 = DEFINITIONAL_REPRESENTATION('',(#3061),#3065);
#3061 = LINE('',#3062,#3063);
#3062 = CARTESIAN_POINT('',(2.,0.));
#3063 = VECTOR('',#3064,1.);
#3064 = DIRECTION('',(0.,-1.));
#3065 = ( GEOMETRIC_REPRESENTATION_CONTEXT(2)
PARAMETRIC_REPRESENTATION_CONTEXT() REPRESENTATION_CONTEXT('2D SPACE',''
  ) );
#3066 = PCURVE('',#2716,#3067);
#3067 = DEFINITIONAL_REPRESENTATION('',(#3068),#3072);
#3068 = LINE('',#3069,#3070);
#3069 = CARTESIAN_POINT('',(0.,0.));
#3070 = VECTOR('',#3071,1.);
#3071 = DIRECTION('',(0.,1.));
#3072 = ( GEOMETRIC_REPRESENTATION_CONTEXT(2)
PARAMETRIC_REPRESENTATION_CONTEXT() REPRESENTATION_CONTEXT('2D SPACE',''
  ) );
#3073 = ORIENTED_EDGE('',*,*,#2626,.T.);
#3074 = ORIENTED_EDGE('',*,*,#3075,.F.);
#3075 = EDGE_CURVE('',#1920,#2629,#3076,.T.);
#3076 = SURFACE_CURVE('',#3077,(#3081,#3088),.PCURVE_S1.);
#3077 = LINE('',#3078,#3079);
#3078 = CARTESIAN_POINT('',(-57.,-3.,578.));
#3079 = VECTOR('',#3080,1.);
#3080 = DIRECTION('',(0.,1.,0.));
#3081 = PCURVE('',#1935,#3082);
#3082 = DEFINITIONAL_REPRESENTATION('',(#3083),#3087);
#3083 = LINE('',#3084,#3085);
#3084 = CARTESIAN_POINT('',(144.,0.));
#3085 = VECTOR('',#3086,1.);
#3086 = DIRECTION('',(0.,-1.));
#3087 = ( GEOMETRIC_REPRESENTATION_CONTEXT(2)
PARAMETRIC_REPRESENTATION_CONTEXT() REPRESENTATION_CONTEXT('2D SPACE',''
  ) );
#3088 = PCURVE('',#2895,#3089);
#3089 = DEFINITIONAL_REPRESENTATION('',(#3090),#3094);
#3090 = LINE('',#3091,#3092);
#3091 = CARTESIAN_POINT('',(-0.,0.));
#3092 = VECTOR('',#3093,1.);
#3093 = DIRECTION('',(-0.,1.));
#3094 = ( GEOMETRIC_REPRESENTATION_CONTEXT(2)
PARAMETRIC_REPRESENTATION_CONTEXT() REPRESENTATION_CONTEXT('2D SPACE',''
  ) );
#3095 = ADVANCED_FACE('',(#3096),#2094,.T.);
#3096 = FACE_BOUND('',#3097,.T.);
#3097 = EDGE_LOOP('',(#3098,#3122,#3167,#3168));
#3098 = ORIENTED_EDGE('',*,*,#3099,.F.);
#3099 = EDGE_CURVE('',#3100,#2627,#3102,.T.);
#3100 = VERTEX_POINT('',#3101);
#3101 = CARTESIAN_POINT('',(-58.77866504819,13.,434.01228502065));
#3102 = SURFACE_CURVE('',#3103,(#3108,#3115),.PCURVE_S1.);
#3103 = CIRCLE('',#3104,2.);
#3104 = AXIS2_PLACEMENT_3D('',#3105,#3106,#3107);
#3105 = CARTESIAN_POINT('',(-59.,13.,436.));
#3106 = DIRECTION('',(0.,-1.,0.));
#3107 = DIRECTION('',(1.,0.,0.));
#3108 = PCURVE('',#2094,#3109);
#3109 = DEFINITIONAL_REPRESENTATION('',(#3110),#3114);
#3110 = LINE('',#3111,#3112);
#3111 = CARTESIAN_POINT('',(0.,-6.28318530718));
#3112 = VECTOR('',#3113,1.);
#3113 = DIRECTION('',(0.,1.));
#3114 = ( GEOMETRIC_REPRESENTATION_CONTEXT(2)
PARAMETRIC_REPRESENTATION_CONTEXT() REPRESENTATION_CONTEXT('2D SPACE',''
  ) );
#3115 = PCURVE('',#2716,#3116);
#3116 = DEFINITIONAL_REPRESENTATION('',(#3117),#3121);
#3117 = LINE('',#3118,#3119);
#3118 = CARTESIAN_POINT('',(6.28318530718,16.));
#3119 = VECTOR('',#3120,1.);
#3120 = DIRECTION('',(-1.,-0.));
#3121 = ( GEOMETRIC_REPRESENTATION_CONTEXT(2)
PARAMETRIC_REPRESENTATION_CONTEXT() REPRESENTATION_CONTEXT('2D SPACE',''
  ) );
#3122 = ORIENTED_EDGE('',*,*,#3123,.F.);
#3123 = EDGE_CURVE('',#2019,#3100,#3124,.T.);
#3124 = SURFACE_CURVE('',#3125,(#3130,#3157),.PCURVE_S1.);
#3125 = CIRCLE('',#3126,1.174591068885);
#3126 = AXIS2_PLACEMENT_3D('',#3127,#3128,#3129);
#3127 = CARTESIAN_POINT('',(-59.59328358209,12.40671641791,
    434.61567164179));
#3128 = DIRECTION('',(-0.366508333069,-0.366508333069,-0.855186110494));
#3129 = DIRECTION('',(0.707106781187,-0.707106781187,0.));
#3130 = PCURVE('',#2094,#3131);
#3131 = DEFINITIONAL_REPRESENTATION('',(#3132),#3156);
#3132 = B_SPLINE_CURVE_WITH_KNOTS('',8,(#3133,#3134,#3135,#3136,#3137,
    #3138,#3139,#3140,#3141,#3142,#3143,#3144,#3145,#3146,#3147,#3148,
    #3149,#3150,#3151,#3152,#3153,#3154,#3155),.UNSPECIFIED.,.F.,.F.,(9,
    7,7,9),(4.578747328473,4.645568154429,4.745799393363,4.846030632297)
  ,.UNSPECIFIED.);
#3133 = CARTESIAN_POINT('',(1.570796326795,-1.459901700648));
#3134 = CARTESIAN_POINT('',(1.536161076164,-1.46296299934));
#3135 = CARTESIAN_POINT('',(1.499562883943,-1.46590312977));
#3136 = CARTESIAN_POINT('',(1.460876482522,-1.468708447255));
#3137 = CARTESIAN_POINT('',(1.419984330957,-1.471363772232));
#3138 = CARTESIAN_POINT('',(1.376792866428,-1.47385214269));
#3139 = CARTESIAN_POINT('',(1.331253685503,-1.476155082332));
#3140 = CARTESIAN_POINT('',(1.283389655215,-1.478253384472));
#3141 = CARTESIAN_POINT('',(1.15823040201,-1.482940952453));
#3142 = CARTESIAN_POINT('',(1.078184555623,-1.485251157088));
#3143 = CARTESIAN_POINT('',(0.993608379336,-1.486996060848));
#3144 = CARTESIAN_POINT('',(0.905403293038,-1.488116838961));
#3145 = CARTESIAN_POINT('',(0.815139178047,-1.488565920925));
#3146 = CARTESIAN_POINT('',(0.725009993202,-1.488333623966));
#3147 = CARTESIAN_POINT('',(0.636794563721,-1.48744407805));
#3148 = CARTESIAN_POINT('',(0.466819713546,-1.484437715365));
#3149 = CARTESIAN_POINT('',(0.385059822588,-1.482320918878));
#3150 = CARTESIAN_POINT('',(0.307834220635,-1.479634180513));
#3151 = CARTESIAN_POINT('',(0.235961473271,-1.476441503698));
#3152 = CARTESIAN_POINT('',(0.169533190351,-1.472813723629));
#3153 = CARTESIAN_POINT('',(0.108321855019,-1.468812944373));
#3154 = CARTESIAN_POINT('',(5.195287594701E-02,-1.464493648686));
#3155 = CARTESIAN_POINT('',(-1.59872115546E-14,-1.459901700648));
#3156 = ( GEOMETRIC_REPRESENTATION_CONTEXT(2)
PARAMETRIC_REPRESENTATION_CONTEXT() REPRESENTATION_CONTEXT('2D SPACE',''
  ) );
#3157 = PCURVE('',#2056,#3158);
#3158 = DEFINITIONAL_REPRESENTATION('',(#3159),#3166);
#3159 = B_SPLINE_CURVE_WITH_KNOTS('',5,(#3160,#3161,#3162,#3163,#3164,
    #3165),.UNSPECIFIED.,.F.,.F.,(6,6),(4.578747328473,4.846030632297),
  .PIECEWISE_BEZIER_KNOTS.);
#3160 = CARTESIAN_POINT('',(0.913279773631,-0.191337323939));
#3161 = CARTESIAN_POINT('',(0.862241029232,-0.194870981064));
#3162 = CARTESIAN_POINT('',(0.81103267664,-0.196651400115));
#3163 = CARTESIAN_POINT('',(0.759763650155,-0.196651400115));
#3164 = CARTESIAN_POINT('',(0.708555297563,-0.194870981064));
#3165 = CARTESIAN_POINT('',(0.657516553164,-0.191337323939));
#3166 = ( GEOMETRIC_REPRESENTATION_CONTEXT(2)
PARAMETRIC_REPRESENTATION_CONTEXT() REPRESENTATION_CONTEXT('2D SPACE',''
  ) );
#3167 = ORIENTED_EDGE('',*,*,#2079,.T.);
#3168 = ORIENTED_EDGE('',*,*,#2651,.F.);
#3169 = ADVANCED_FACE('',(#3170),#2056,.F.);
#3170 = FACE_BOUND('',#3171,.F.);
#3171 = EDGE_LOOP('',(#3172,#3198,#3252,#3253,#3254,#3255));
#3172 = ORIENTED_EDGE('',*,*,#3173,.F.);
#3173 = EDGE_CURVE('',#3174,#3176,#3178,.T.);
#3174 = VERTEX_POINT('',#3175);
#3175 = CARTESIAN_POINT('',(-58.51455380627,12.25,434.05980877411));
#3176 = VERTEX_POINT('',#3177);
#3177 = CARTESIAN_POINT('',(-58.5,12.25,434.25));
#3178 = SURFACE_CURVE('',#3179,(#3184,#3191),.PCURVE_S1.);
#3179 = CIRCLE('',#3180,1.25);
#3180 = AXIS2_PLACEMENT_3D('',#3181,#3182,#3183);
#3181 = CARTESIAN_POINT('',(-59.75,12.25,434.25));
#3182 = DIRECTION('',(0.,-1.,0.));
#3183 = DIRECTION('',(1.,0.,0.));
#3184 = PCURVE('',#2056,#3185);
#3185 = DEFINITIONAL_REPRESENTATION('',(#3186),#3190);
#3186 = LINE('',#3187,#3188);
#3187 = CARTESIAN_POINT('',(0.,-6.28318530718));
#3188 = VECTOR('',#3189,1.);
#3189 = DIRECTION('',(0.,1.));
#3190 = ( GEOMETRIC_REPRESENTATION_CONTEXT(2)
PARAMETRIC_REPRESENTATION_CONTEXT() REPRESENTATION_CONTEXT('2D SPACE',''
  ) );
#3191 = PCURVE('',#2797,#3192);
#3192 = DEFINITIONAL_REPRESENTATION('',(#3193),#3197);
#3193 = LINE('',#3194,#3195);
#3194 = CARTESIAN_POINT('',(6.28318530718,13.75));
#3195 = VECTOR('',#3196,1.);
#3196 = DIRECTION('',(-1.,-0.));
#3197 = ( GEOMETRIC_REPRESENTATION_CONTEXT(2)
PARAMETRIC_REPRESENTATION_CONTEXT() REPRESENTATION_CONTEXT('2D SPACE',''
  ) );
#3198 = ORIENTED_EDGE('',*,*,#3199,.F.);
#3199 = EDGE_CURVE('',#3100,#3174,#3200,.T.);
#3200 = SURFACE_CURVE('',#3201,(#3216,#3234),.PCURVE_S1.);
#3201 = B_SPLINE_CURVE_WITH_KNOTS('',5,(#3202,#3203,#3204,#3205,#3206,
    #3207,#3208,#3209,#3210,#3211,#3212,#3213,#3214,#3215),
  .UNSPECIFIED.,.F.,.F.,(6,4,4,6),(0.,0.445367890717,0.879616482263,1.),
  .UNSPECIFIED.);
#3202 = CARTESIAN_POINT('',(-58.77866552445,13.000000600004,
    434.01228496762));
#3203 = CARTESIAN_POINT('',(-58.7321448432,12.94139298587,434.0174651018
    ));
#3204 = CARTESIAN_POINT('',(-58.69052688306,12.880022498368,
    434.02347721591));
#3205 = CARTESIAN_POINT('',(-58.65397091736,12.816321683355,
    434.02974032543));
#3206 = CARTESIAN_POINT('',(-58.62256541984,12.750711303018,
    434.03575484415));
#3207 = CARTESIAN_POINT('',(-58.57080841763,12.618139122876,
    434.04641990704));
#3208 = CARTESIAN_POINT('',(-58.55020202317,12.551255300988,
    434.05110047795));
#3209 = CARTESIAN_POINT('',(-58.53458872501,12.483309369999,
    434.05485556271));
#3210 = CARTESIAN_POINT('',(-58.52399087846,12.414675308733,
    434.05746343799));
#3211 = CARTESIAN_POINT('',(-58.51687199292,12.326614793118,
    434.05922956966));
#3212 = CARTESIAN_POINT('',(-58.51571294437,12.307477121311,
    434.05951875175));
#3213 = CARTESIAN_POINT('',(-58.51494018591,12.288323444769,
    434.05971209945));
#3214 = CARTESIAN_POINT('',(-58.51455380627,12.26916175479,
    434.05980877411));
#3215 = CARTESIAN_POINT('',(-58.51455380627,12.25,434.05980877411));
#3216 = PCURVE('',#2056,#3217);
#3217 = DEFINITIONAL_REPRESENTATION('',(#3218),#3233);
#3218 = B_SPLINE_CURVE_WITH_KNOTS('',5,(#3219,#3220,#3221,#3222,#3223,
    #3224,#3225,#3226,#3227,#3228,#3229,#3230,#3231,#3232),
  .UNSPECIFIED.,.F.,.F.,(6,4,4,6),(0.,0.445367890717,0.879616482263,1.),
  .UNSPECIFIED.);
#3219 = CARTESIAN_POINT('',(0.657517177339,-0.191337367153));
#3220 = CARTESIAN_POINT('',(0.596548618666,-0.18711622731));
#3221 = CARTESIAN_POINT('',(0.53636441472,-0.182221406715));
#3222 = CARTESIAN_POINT('',(0.476879836156,-0.177129195526));
#3223 = CARTESIAN_POINT('',(0.41797288778,-0.17224494766));
#3224 = CARTESIAN_POINT('',(0.302505338128,-0.163591261049));
#3225 = CARTESIAN_POINT('',(0.245925816096,-0.159797299831));
#3226 = CARTESIAN_POINT('',(0.189650627148,-0.156756193145));
#3227 = CARTESIAN_POINT('',(0.133567791887,-0.154644805765));
#3228 = CARTESIAN_POINT('',(6.204869361183E-02,-0.153215084194));
#3229 = CARTESIAN_POINT('',(4.653207705111E-02,-0.152981003751));
#3230 = CARTESIAN_POINT('',(3.101992326516E-02,-0.15282450339));
#3231 = CARTESIAN_POINT('',(1.550998731263E-02,-0.152746252627));
#3232 = CARTESIAN_POINT('',(0.,-0.152746252627));
#3233 = ( GEOMETRIC_REPRESENTATION_CONTEXT(2)
PARAMETRIC_REPRESENTATION_CONTEXT() REPRESENTATION_CONTEXT('2D SPACE',''
  ) );
#3234 = PCURVE('',#2716,#3235);
#3235 = DEFINITIONAL_REPRESENTATION('',(#3236),#3251);
#3236 = B_SPLINE_CURVE_WITH_KNOTS('',5,(#3237,#3238,#3239,#3240,#3241,
    #3242,#3243,#3244,#3245,#3246,#3247,#3248,#3249,#3250),
  .UNSPECIFIED.,.F.,.F.,(6,4,4,6),(0.,0.445367890717,0.879616482263,1.),
  .UNSPECIFIED.);
#3237 = CARTESIAN_POINT('',(1.459901940251,16.000000600004));
#3238 = CARTESIAN_POINT('',(1.436497840317,15.94139298587));
#3239 = CARTESIAN_POINT('',(1.415483996522,15.880022498368));
#3240 = CARTESIAN_POINT('',(1.396945055095,15.816321683355));
#3241 = CARTESIAN_POINT('',(1.380958517079,15.750711303018));
#3242 = CARTESIAN_POINT('',(1.35453631598,15.618139122876));
#3243 = CARTESIAN_POINT('',(1.343972764656,15.551255300988));
#3244 = CARTESIAN_POINT('',(1.335943424449,15.483309369999));
#3245 = CARTESIAN_POINT('',(1.330486489254,15.414675308733));
#3246 = CARTESIAN_POINT('',(1.3268191417,15.326614793118));
#3247 = CARTESIAN_POINT('',(1.326221852339,15.307477121311));
#3248 = CARTESIAN_POINT('',(1.325823562832,15.288323444769));
#3249 = CARTESIAN_POINT('',(1.325624417462,15.26916175479));
#3250 = CARTESIAN_POINT('',(1.325624417462,15.25));
#3251 = ( GEOMETRIC_REPRESENTATION_CONTEXT(2)
PARAMETRIC_REPRESENTATION_CONTEXT() REPRESENTATION_CONTEXT('2D SPACE',''
  ) );
#3252 = ORIENTED_EDGE('',*,*,#3123,.F.);
#3253 = ORIENTED_EDGE('',*,*,#2018,.T.);
#3254 = ORIENTED_EDGE('',*,*,#2164,.T.);
#3255 = ORIENTED_EDGE('',*,*,#3256,.F.);
#3256 = EDGE_CURVE('',#3176,#2165,#3257,.T.);
#3257 = SURFACE_CURVE('',#3258,(#3263,#3270),.PCURVE_S1.);
#3258 = CIRCLE('',#3259,1.25);
#3259 = AXIS2_PLACEMENT_3D('',#3260,#3261,#3262);
#3260 = CARTESIAN_POINT('',(-59.75,12.25,434.25));
#3261 = DIRECTION('',(0.,0.,1.));
#3262 = DIRECTION('',(1.,0.,-0.));
#3263 = PCURVE('',#2056,#3264);
#3264 = DEFINITIONAL_REPRESENTATION('',(#3265),#3269);
#3265 = LINE('',#3266,#3267);
#3266 = CARTESIAN_POINT('',(0.,0.));
#3267 = VECTOR('',#3268,1.);
#3268 = DIRECTION('',(1.,0.));
#3269 = ( GEOMETRIC_REPRESENTATION_CONTEXT(2)
PARAMETRIC_REPRESENTATION_CONTEXT() REPRESENTATION_CONTEXT('2D SPACE',''
  ) );
#3270 = PCURVE('',#3271,#3276);
#3271 = CYLINDRICAL_SURFACE('',#3272,1.25);
#3272 = AXIS2_PLACEMENT_3D('',#3273,#3274,#3275);
#3273 = CARTESIAN_POINT('',(-59.75,12.25,433.));
#3274 = DIRECTION('',(0.,0.,1.));
#3275 = DIRECTION('',(1.,0.,-0.));
#3276 = DEFINITIONAL_REPRESENTATION('',(#3277),#3281);
#3277 = LINE('',#3278,#3279);
#3278 = CARTESIAN_POINT('',(0.,1.25));
#3279 = VECTOR('',#3280,1.);
#3280 = DIRECTION('',(1.,0.));
#3281 = ( GEOMETRIC_REPRESENTATION_CONTEXT(2)
PARAMETRIC_REPRESENTATION_CONTEXT() REPRESENTATION_CONTEXT('2D SPACE',''
  ) );
#3282 = ADVANCED_FACE('',(#3283),#2146,.F.);
#3283 = FACE_BOUND('',#3284,.F.);
#3284 = EDGE_LOOP('',(#3285,#3286,#3287,#3308));
#3285 = ORIENTED_EDGE('',*,*,#2132,.T.);
#3286 = ORIENTED_EDGE('',*,*,#2526,.T.);
#3287 = ORIENTED_EDGE('',*,*,#3288,.F.);
#3288 = EDGE_CURVE('',#2165,#2527,#3289,.T.);
#3289 = SURFACE_CURVE('',#3290,(#3294,#3301),.PCURVE_S1.);
#3290 = LINE('',#3291,#3292);
#3291 = CARTESIAN_POINT('',(-59.75,13.5,433.));
#3292 = VECTOR('',#3293,1.);
#3293 = DIRECTION('',(0.,0.,1.));
#3294 = PCURVE('',#2146,#3295);
#3295 = DEFINITIONAL_REPRESENTATION('',(#3296),#3300);
#3296 = LINE('',#3297,#3298);
#3297 = CARTESIAN_POINT('',(0.,13.75));
#3298 = VECTOR('',#3299,1.);
#3299 = DIRECTION('',(1.,0.));
#3300 = ( GEOMETRIC_REPRESENTATION_CONTEXT(2)
PARAMETRIC_REPRESENTATION_CONTEXT() REPRESENTATION_CONTEXT('2D SPACE',''
  ) );
#3301 = PCURVE('',#3271,#3302);
#3302 = DEFINITIONAL_REPRESENTATION('',(#3303),#3307);
#3303 = LINE('',#3304,#3305);
#3304 = CARTESIAN_POINT('',(1.570796326795,0.));
#3305 = VECTOR('',#3306,1.);
#3306 = DIRECTION('',(0.,1.));
#3307 = ( GEOMETRIC_REPRESENTATION_CONTEXT(2)
PARAMETRIC_REPRESENTATION_CONTEXT() REPRESENTATION_CONTEXT('2D SPACE',''
  ) );
#3308 = ORIENTED_EDGE('',*,*,#2188,.F.);
#3309 = ADVANCED_FACE('',(#3310),#2255,.T.);
#3310 = FACE_BOUND('',#3311,.T.);
#3311 = EDGE_LOOP('',(#3312,#3313,#3314,#3335));
#3312 = ORIENTED_EDGE('',*,*,#2241,.T.);
#3313 = ORIENTED_EDGE('',*,*,#2602,.T.);
#3314 = ORIENTED_EDGE('',*,*,#3315,.F.);
#3315 = EDGE_CURVE('',#2274,#2579,#3316,.T.);
#3316 = SURFACE_CURVE('',#3317,(#3321,#3328),.PCURVE_S1.);
#3317 = LINE('',#3318,#3319);
#3318 = CARTESIAN_POINT('',(-59.75,-1.5,433.));
#3319 = VECTOR('',#3320,1.);
#3320 = DIRECTION('',(0.,0.,1.));
#3321 = PCURVE('',#2255,#3322);
#3322 = DEFINITIONAL_REPRESENTATION('',(#3323),#3327);
#3323 = LINE('',#3324,#3325);
#3324 = CARTESIAN_POINT('',(0.,13.75));
#3325 = VECTOR('',#3326,1.);
#3326 = DIRECTION('',(1.,0.));
#3327 = ( GEOMETRIC_REPRESENTATION_CONTEXT(2)
PARAMETRIC_REPRESENTATION_CONTEXT() REPRESENTATION_CONTEXT('2D SPACE',''
  ) );
#3328 = PCURVE('',#2863,#3329);
#3329 = DEFINITIONAL_REPRESENTATION('',(#3330),#3334);
#3330 = LINE('',#3331,#3332);
#3331 = CARTESIAN_POINT('',(-1.570796326795,0.));
#3332 = VECTOR('',#3333,1.);
#3333 = DIRECTION('',(-0.,1.));
#3334 = ( GEOMETRIC_REPRESENTATION_CONTEXT(2)
PARAMETRIC_REPRESENTATION_CONTEXT() REPRESENTATION_CONTEXT('2D SPACE',''
  ) );
#3335 = ORIENTED_EDGE('',*,*,#2297,.F.);
#3336 = ADVANCED_FACE('',(#3337),#2511,.T.);
#3337 = FACE_BOUND('',#3338,.T.);
#3338 = EDGE_LOOP('',(#3339,#3340,#3341,#3371));
#3339 = ORIENTED_EDGE('',*,*,#2674,.F.);
#3340 = ORIENTED_EDGE('',*,*,#2496,.T.);
#3341 = ORIENTED_EDGE('',*,*,#3342,.F.);
#3342 = EDGE_CURVE('',#3343,#2346,#3345,.T.);
#3343 = VERTEX_POINT('',#3344);
#3344 = CARTESIAN_POINT('',(-58.77866504819,13.,579.98771497934));
#3345 = SURFACE_CURVE('',#3346,(#3351,#3361),.PCURVE_S1.);
#3346 = CIRCLE('',#3347,1.174591068885);
#3347 = AXIS2_PLACEMENT_3D('',#3348,#3349,#3350);
#3348 = CARTESIAN_POINT('',(-59.59328358209,12.40671641791,
    579.3843283582));
#3349 = DIRECTION('',(-0.366508333069,-0.366508333069,0.855186110494));
#3350 = DIRECTION('',(0.707106781187,-0.707106781187,0.));
#3351 = PCURVE('',#2511,#3352);
#3352 = DEFINITIONAL_REPRESENTATION('',(#3353),#3360);
#3353 = B_SPLINE_CURVE_WITH_KNOTS('',5,(#3354,#3355,#3356,#3357,#3358,
    #3359),.UNSPECIFIED.,.F.,.F.,(6,6),(1.437154674883,1.704437978707),
  .PIECEWISE_BEZIER_KNOTS.);
#3354 = CARTESIAN_POINT('',(1.459901700648,-8.881784197002E-16));
#3355 = CARTESIAN_POINT('',(1.479494012276,-2.453117289342E-02));
#3356 = CARTESIAN_POINT('',(1.500413035748,-4.800270892234E-02));
#3357 = CARTESIAN_POINT('',(1.522631523011,-7.029949647378E-02));
#3358 = CARTESIAN_POINT('',(1.546113539626,-9.130231451858E-02));
#3359 = CARTESIAN_POINT('',(1.570796326795,-0.110894626147));
#3360 = ( GEOMETRIC_REPRESENTATION_CONTEXT(2)
PARAMETRIC_REPRESENTATION_CONTEXT() REPRESENTATION_CONTEXT('2D SPACE',''
  ) );
#3361 = PCURVE('',#2443,#3362);
#3362 = DEFINITIONAL_REPRESENTATION('',(#3363),#3370);
#3363 = B_SPLINE_CURVE_WITH_KNOTS('',5,(#3364,#3365,#3366,#3367,#3368,
    #3369),.UNSPECIFIED.,.F.,.F.,(6,6),(1.437154674883,1.704437978707),
  .PIECEWISE_BEZIER_KNOTS.);
#3364 = CARTESIAN_POINT('',(0.240012717444,-0.643501108793));
#3365 = CARTESIAN_POINT('',(0.253482431689,-0.69256345458));
#3366 = CARTESIAN_POINT('',(0.266788857168,-0.741763254119));
#3367 = CARTESIAN_POINT('',(0.28004013786,-0.791079723225));
#3368 = CARTESIAN_POINT('',(0.29334974898,-0.840495544368));
#3369 = CARTESIAN_POINT('',(0.306936813143,-0.889993984751));
#3370 = ( GEOMETRIC_REPRESENTATION_CONTEXT(2)
PARAMETRIC_REPRESENTATION_CONTEXT() REPRESENTATION_CONTEXT('2D SPACE',''
  ) );
#3371 = ORIENTED_EDGE('',*,*,#3372,.F.);
#3372 = EDGE_CURVE('',#2629,#3343,#3373,.T.);
#3373 = SURFACE_CURVE('',#3374,(#3379,#3386),.PCURVE_S1.);
#3374 = CIRCLE('',#3375,2.);
#3375 = AXIS2_PLACEMENT_3D('',#3376,#3377,#3378);
#3376 = CARTESIAN_POINT('',(-59.,13.,578.));
#3377 = DIRECTION('',(-0.,-1.,0.));
#3378 = DIRECTION('',(1.,-0.,0.));
#3379 = PCURVE('',#2511,#3380);
#3380 = DEFINITIONAL_REPRESENTATION('',(#3381),#3385);
#3381 = LINE('',#3382,#3383);
#3382 = CARTESIAN_POINT('',(0.,0.));
#3383 = VECTOR('',#3384,1.);
#3384 = DIRECTION('',(1.,0.));
#3385 = ( GEOMETRIC_REPRESENTATION_CONTEXT(2)
PARAMETRIC_REPRESENTATION_CONTEXT() REPRESENTATION_CONTEXT('2D SPACE',''
  ) );
#3386 = PCURVE('',#2895,#3387);
#3387 = DEFINITIONAL_REPRESENTATION('',(#3388),#3392);
#3388 = LINE('',#3389,#3390);
#3389 = CARTESIAN_POINT('',(-0.,16.));
#3390 = VECTOR('',#3391,1.);
#3391 = DIRECTION('',(-1.,0.));
#3392 = ( GEOMETRIC_REPRESENTATION_CONTEXT(2)
PARAMETRIC_REPRESENTATION_CONTEXT() REPRESENTATION_CONTEXT('2D SPACE',''
  ) );
#3393 = ADVANCED_FACE('',(#3394),#2443,.F.);
#3394 = FACE_BOUND('',#3395,.F.);
#3395 = EDGE_LOOP('',(#3396,#3420,#3421,#3422,#3423,#3473));
#3396 = ORIENTED_EDGE('',*,*,#3397,.F.);
#3397 = EDGE_CURVE('',#2527,#3398,#3400,.T.);
#3398 = VERTEX_POINT('',#3399);
#3399 = CARTESIAN_POINT('',(-58.5,12.25,579.75));
#3400 = SURFACE_CURVE('',#3401,(#3406,#3413),.PCURVE_S1.);
#3401 = CIRCLE('',#3402,1.25);
#3402 = AXIS2_PLACEMENT_3D('',#3403,#3404,#3405);
#3403 = CARTESIAN_POINT('',(-59.75,12.25,579.75));
#3404 = DIRECTION('',(0.,0.,-1.));
#3405 = DIRECTION('',(1.,0.,0.));
#3406 = PCURVE('',#2443,#3407);
#3407 = DEFINITIONAL_REPRESENTATION('',(#3408),#3412);
#3408 = LINE('',#3409,#3410);
#3409 = CARTESIAN_POINT('',(0.,-6.28318530718));
#3410 = VECTOR('',#3411,1.);
#3411 = DIRECTION('',(0.,1.));
#3412 = ( GEOMETRIC_REPRESENTATION_CONTEXT(2)
PARAMETRIC_REPRESENTATION_CONTEXT() REPRESENTATION_CONTEXT('2D SPACE',''
  ) );
#3413 = PCURVE('',#3271,#3414);
#3414 = DEFINITIONAL_REPRESENTATION('',(#3415),#3419);
#3415 = LINE('',#3416,#3417);
#3416 = CARTESIAN_POINT('',(6.28318530718,146.75));
#3417 = VECTOR('',#3418,1.);
#3418 = DIRECTION('',(-1.,-0.));
#3419 = ( GEOMETRIC_REPRESENTATION_CONTEXT(2)
PARAMETRIC_REPRESENTATION_CONTEXT() REPRESENTATION_CONTEXT('2D SPACE',''
  ) );
#3420 = ORIENTED_EDGE('',*,*,#2551,.T.);
#3421 = ORIENTED_EDGE('',*,*,#2345,.F.);
#3422 = ORIENTED_EDGE('',*,*,#3342,.F.);
#3423 = ORIENTED_EDGE('',*,*,#3424,.T.);
#3424 = EDGE_CURVE('',#3343,#3425,#3427,.T.);
#3425 = VERTEX_POINT('',#3426);
#3426 = CARTESIAN_POINT('',(-58.51455380627,12.25,579.94019122588));
#3427 = SURFACE_CURVE('',#3428,(#3441,#3457),.PCURVE_S1.);
#3428 = B_SPLINE_CURVE_WITH_KNOTS('',6,(#3429,#3430,#3431,#3432,#3433,
    #3434,#3435,#3436,#3437,#3438,#3439,#3440),.UNSPECIFIED.,.F.,.F.,(7,
    5,7),(0.,0.446377039945,1.),.UNSPECIFIED.);
#3429 = CARTESIAN_POINT('',(-58.77866552445,13.000000600004,
    579.98771503237));
#3430 = CARTESIAN_POINT('',(-58.73986418323,12.951117953122,
    579.98339445605));
#3431 = CARTESIAN_POINT('',(-58.70429958763,12.900342710982,
    579.9785141127));
#3432 = CARTESIAN_POINT('',(-58.6720820059,12.847909394693,
    579.97336515453));
#3433 = CARTESIAN_POINT('',(-58.64328056671,12.794043940026,
    579.96821560749));
#3434 = CARTESIAN_POINT('',(-58.6179375631,12.738962598776,
    579.96329477186));
#3435 = CARTESIAN_POINT('',(-58.56897103259,12.613300728411,
    579.95319742381));
#3436 = CARTESIAN_POINT('',(-58.54722541089,12.542180291138,
    579.94824358719));
#3437 = CARTESIAN_POINT('',(-58.53089408699,12.46990302351,
    579.94428033558));
#3438 = CARTESIAN_POINT('',(-58.52000105167,12.39685786354,
    579.94155373523));
#3439 = CARTESIAN_POINT('',(-58.51455380627,12.323429584094,
    579.94019122588));
#3440 = CARTESIAN_POINT('',(-58.51455380627,12.25,579.94019122588));
#3441 = PCURVE('',#2443,#3442);
#3442 = DEFINITIONAL_REPRESENTATION('',(#3443),#3456);
#3443 = B_SPLINE_CURVE_WITH_KNOTS('',6,(#3444,#3445,#3446,#3447,#3448,
    #3449,#3450,#3451,#3452,#3453,#3454,#3455),.UNSPECIFIED.,.F.,.F.,(7,
    5,7),(0.,0.446377039945,1.),.UNSPECIFIED.);
#3444 = CARTESIAN_POINT('',(0.240012882171,-0.643501708798));
#3445 = CARTESIAN_POINT('',(0.226592483267,-0.594619039918));
#3446 = CARTESIAN_POINT('',(0.214578562428,-0.545994349452));
#3447 = CARTESIAN_POINT('',(0.203859393963,-0.49760928936));
#3448 = CARTESIAN_POINT('',(0.194379966144,-0.449438632372));
#3449 = CARTESIAN_POINT('',(0.186101854126,-0.401453692163));
#3450 = CARTESIAN_POINT('',(0.170194095487,-0.294293703004));
#3451 = CARTESIAN_POINT('',(0.163198129484,-0.235203748666));
#3452 = CARTESIAN_POINT('',(0.157968679939,-0.176287307188));
#3453 = CARTESIAN_POINT('',(0.154486433111,-0.117486280137));
#3454 = CARTESIAN_POINT('',(0.152746252627,-5.87436672754E-02));
#3455 = CARTESIAN_POINT('',(0.152746252627,0.));
#3456 = ( GEOMETRIC_REPRESENTATION_CONTEXT(2)
PARAMETRIC_REPRESENTATION_CONTEXT() REPRESENTATION_CONTEXT('2D SPACE',''
  ) );
#3457 = PCURVE('',#2895,#3458);
#3458 = DEFINITIONAL_REPRESENTATION('',(#3459),#3472);
#3459 = B_SPLINE_CURVE_WITH_KNOTS('',6,(#3460,#3461,#3462,#3463,#3464,
    #3465,#3466,#3467,#3468,#3469,#3470,#3471),.UNSPECIFIED.,.F.,.F.,(7,
    5,7),(0.,0.446377039945,1.),.UNSPECIFIED.);
#3460 = CARTESIAN_POINT('',(-1.459901940251,16.000000600004));
#3461 = CARTESIAN_POINT('',(-1.440381364818,15.951117953122));
#3462 = CARTESIAN_POINT('',(-1.422438251506,15.900342710982));
#3463 = CARTESIAN_POINT('',(-1.40613008871,15.847909394693));
#3464 = CARTESIAN_POINT('',(-1.391503592045,15.794043940026));
#3465 = CARTESIAN_POINT('',(-1.378596300136,15.738962598776));
#3466 = CARTESIAN_POINT('',(-1.353597912448,15.613300728411));
#3467 = CARTESIAN_POINT('',(-1.342448764379,15.542180291138));
#3468 = CARTESIAN_POINT('',(-1.334046799366,15.46990302351));
#3469 = CARTESIAN_POINT('',(-1.328431765986,15.39685786354));
#3470 = CARTESIAN_POINT('',(-1.325624417462,15.323429584094));
#3471 = CARTESIAN_POINT('',(-1.325624417462,15.25));
#3472 = ( GEOMETRIC_REPRESENTATION_CONTEXT(2)
PARAMETRIC_REPRESENTATION_CONTEXT() REPRESENTATION_CONTEXT('2D SPACE',''
  ) );
#3473 = ORIENTED_EDGE('',*,*,#3474,.F.);
#3474 = EDGE_CURVE('',#3398,#3425,#3475,.T.);
#3475 = SURFACE_CURVE('',#3476,(#3481,#3488),.PCURVE_S1.);
#3476 = CIRCLE('',#3477,1.25);
#3477 = AXIS2_PLACEMENT_3D('',#3478,#3479,#3480);
#3478 = CARTESIAN_POINT('',(-59.75,12.25,579.75));
#3479 = DIRECTION('',(-0.,-1.,0.));
#3480 = DIRECTION('',(1.,-0.,0.));
#3481 = PCURVE('',#2443,#3482);
#3482 = DEFINITIONAL_REPRESENTATION('',(#3483),#3487);
#3483 = LINE('',#3484,#3485);
#3484 = CARTESIAN_POINT('',(0.,0.));
#3485 = VECTOR('',#3486,1.);
#3486 = DIRECTION('',(1.,0.));
#3487 = ( GEOMETRIC_REPRESENTATION_CONTEXT(2)
PARAMETRIC_REPRESENTATION_CONTEXT() REPRESENTATION_CONTEXT('2D SPACE',''
  ) );
#3488 = PCURVE('',#2976,#3489);
#3489 = DEFINITIONAL_REPRESENTATION('',(#3490),#3494);
#3490 = LINE('',#3491,#3492);
#3491 = CARTESIAN_POINT('',(-0.,13.75));
#3492 = VECTOR('',#3493,1.);
#3493 = DIRECTION('',(-1.,0.));
#3494 = ( GEOMETRIC_REPRESENTATION_CONTEXT(2)
PARAMETRIC_REPRESENTATION_CONTEXT() REPRESENTATION_CONTEXT('2D SPACE',''
  ) );
#3495 = ADVANCED_FACE('',(#3496),#2716,.T.);
#3496 = FACE_BOUND('',#3497,.T.);
#3497 = EDGE_LOOP('',(#3498,#3499,#3500,#3519,#3520,#3521));
#3498 = ORIENTED_EDGE('',*,*,#2699,.F.);
#3499 = ORIENTED_EDGE('',*,*,#2809,.F.);
#3500 = ORIENTED_EDGE('',*,*,#3501,.T.);
#3501 = EDGE_CURVE('',#2779,#3174,#3502,.T.);
#3502 = SURFACE_CURVE('',#3503,(#3507,#3513),.PCURVE_S1.);
#3503 = LINE('',#3504,#3505);
#3504 = CARTESIAN_POINT('',(-58.51455380627,-3.,434.05980877411));
#3505 = VECTOR('',#3506,1.);
#3506 = DIRECTION('',(0.,1.,0.));
#3507 = PCURVE('',#2716,#3508);
#3508 = DEFINITIONAL_REPRESENTATION('',(#3509),#3512);
#3509 = B_SPLINE_CURVE_WITH_KNOTS('',1,(#3510,#3511),.UNSPECIFIED.,.F.,
  .F.,(2,2),(2.7499994,15.2500006),.PIECEWISE_BEZIER_KNOTS.);
#3510 = CARTESIAN_POINT('',(1.325624417462,2.7499994));
#3511 = CARTESIAN_POINT('',(1.325624417462,15.2500006));
#3512 = ( GEOMETRIC_REPRESENTATION_CONTEXT(2)
PARAMETRIC_REPRESENTATION_CONTEXT() REPRESENTATION_CONTEXT('2D SPACE',''
  ) );
#3513 = PCURVE('',#2797,#3514);
#3514 = DEFINITIONAL_REPRESENTATION('',(#3515),#3518);
#3515 = B_SPLINE_CURVE_WITH_KNOTS('',1,(#3516,#3517),.UNSPECIFIED.,.F.,
  .F.,(2,2),(2.7499994,15.2500006),.PIECEWISE_BEZIER_KNOTS.);
#3516 = CARTESIAN_POINT('',(0.152746252627,1.2499994));
#3517 = CARTESIAN_POINT('',(0.152746252627,13.7500006));
#3518 = ( GEOMETRIC_REPRESENTATION_CONTEXT(2)
PARAMETRIC_REPRESENTATION_CONTEXT() REPRESENTATION_CONTEXT('2D SPACE',''
  ) );
#3519 = ORIENTED_EDGE('',*,*,#3199,.F.);
#3520 = ORIENTED_EDGE('',*,*,#3099,.T.);
#3521 = ORIENTED_EDGE('',*,*,#3053,.F.);
#3522 = ADVANCED_FACE('',(#3523),#2797,.F.);
#3523 = FACE_BOUND('',#3524,.F.);
#3524 = EDGE_LOOP('',(#3525,#3526,#3527,#3528));
#3525 = ORIENTED_EDGE('',*,*,#2778,.F.);
#3526 = ORIENTED_EDGE('',*,*,#3501,.T.);
#3527 = ORIENTED_EDGE('',*,*,#3173,.T.);
#3528 = ORIENTED_EDGE('',*,*,#3529,.F.);
#3529 = EDGE_CURVE('',#2781,#3176,#3530,.T.);
#3530 = SURFACE_CURVE('',#3531,(#3535,#3542),.PCURVE_S1.);
#3531 = LINE('',#3532,#3533);
#3532 = CARTESIAN_POINT('',(-58.5,-1.5,434.25));
#3533 = VECTOR('',#3534,1.);
#3534 = DIRECTION('',(0.,1.,0.));
#3535 = PCURVE('',#2797,#3536);
#3536 = DEFINITIONAL_REPRESENTATION('',(#3537),#3541);
#3537 = LINE('',#3538,#3539);
#3538 = CARTESIAN_POINT('',(0.,0.));
#3539 = VECTOR('',#3540,1.);
#3540 = DIRECTION('',(0.,1.));
#3541 = ( GEOMETRIC_REPRESENTATION_CONTEXT(2)
PARAMETRIC_REPRESENTATION_CONTEXT() REPRESENTATION_CONTEXT('2D SPACE',''
  ) );
#3542 = PCURVE('',#3543,#3548);
#3543 = PLANE('',#3544);
#3544 = AXIS2_PLACEMENT_3D('',#3545,#3546,#3547);
#3545 = CARTESIAN_POINT('',(-58.5,-1.5,433.));
#3546 = DIRECTION('',(1.,0.,0.));
#3547 = DIRECTION('',(0.,0.,1.));
#3548 = DEFINITIONAL_REPRESENTATION('',(#3549),#3553);
#3549 = LINE('',#3550,#3551);
#3550 = CARTESIAN_POINT('',(1.25,0.));
#3551 = VECTOR('',#3552,1.);
#3552 = DIRECTION('',(0.,-1.));
#3553 = ( GEOMETRIC_REPRESENTATION_CONTEXT(2)
PARAMETRIC_REPRESENTATION_CONTEXT() REPRESENTATION_CONTEXT('2D SPACE',''
  ) );
#3554 = ADVANCED_FACE('',(#3555),#2863,.F.);
#3555 = FACE_BOUND('',#3556,.T.);
#3556 = EDGE_LOOP('',(#3557,#3578,#3579,#3580));
#3557 = ORIENTED_EDGE('',*,*,#3558,.F.);
#3558 = EDGE_CURVE('',#2781,#2960,#3559,.T.);
#3559 = SURFACE_CURVE('',#3560,(#3564,#3571),.PCURVE_S1.);
#3560 = LINE('',#3561,#3562);
#3561 = CARTESIAN_POINT('',(-58.5,-0.25,433.));
#3562 = VECTOR('',#3563,1.);
#3563 = DIRECTION('',(0.,0.,1.));
#3564 = PCURVE('',#2863,#3565);
#3565 = DEFINITIONAL_REPRESENTATION('',(#3566),#3570);
#3566 = LINE('',#3567,#3568);
#3567 = CARTESIAN_POINT('',(-0.,0.));
#3568 = VECTOR('',#3569,1.);
#3569 = DIRECTION('',(-0.,1.));
#3570 = ( GEOMETRIC_REPRESENTATION_CONTEXT(2)
PARAMETRIC_REPRESENTATION_CONTEXT() REPRESENTATION_CONTEXT('2D SPACE',''
  ) );
#3571 = PCURVE('',#3543,#3572);
#3572 = DEFINITIONAL_REPRESENTATION('',(#3573),#3577);
#3573 = LINE('',#3574,#3575);
#3574 = CARTESIAN_POINT('',(0.,-1.25));
#3575 = VECTOR('',#3576,1.);
#3576 = DIRECTION('',(1.,0.));
#3577 = ( GEOMETRIC_REPRESENTATION_CONTEXT(2)
PARAMETRIC_REPRESENTATION_CONTEXT() REPRESENTATION_CONTEXT('2D SPACE',''
  ) );
#3578 = ORIENTED_EDGE('',*,*,#2848,.T.);
#3579 = ORIENTED_EDGE('',*,*,#3315,.T.);
#3580 = ORIENTED_EDGE('',*,*,#3027,.F.);
#3581 = ADVANCED_FACE('',(#3582),#2895,.T.);
#3582 = FACE_BOUND('',#3583,.F.);
#3583 = EDGE_LOOP('',(#3584,#3585,#3586,#3605,#3606,#3607));
#3584 = ORIENTED_EDGE('',*,*,#2878,.F.);
#3585 = ORIENTED_EDGE('',*,*,#2988,.F.);
#3586 = ORIENTED_EDGE('',*,*,#3587,.T.);
#3587 = EDGE_CURVE('',#2958,#3425,#3588,.T.);
#3588 = SURFACE_CURVE('',#3589,(#3593,#3599),.PCURVE_S1.);
#3589 = LINE('',#3590,#3591);
#3590 = CARTESIAN_POINT('',(-58.51455380627,-3.,579.94019122588));
#3591 = VECTOR('',#3592,1.);
#3592 = DIRECTION('',(0.,1.,0.));
#3593 = PCURVE('',#2895,#3594);
#3594 = DEFINITIONAL_REPRESENTATION('',(#3595),#3598);
#3595 = B_SPLINE_CURVE_WITH_KNOTS('',1,(#3596,#3597),.UNSPECIFIED.,.F.,
  .F.,(2,2),(2.7499994,15.2500006),.PIECEWISE_BEZIER_KNOTS.);
#3596 = CARTESIAN_POINT('',(-1.325624417462,2.7499994));
#3597 = CARTESIAN_POINT('',(-1.325624417462,15.2500006));
#3598 = ( GEOMETRIC_REPRESENTATION_CONTEXT(2)
PARAMETRIC_REPRESENTATION_CONTEXT() REPRESENTATION_CONTEXT('2D SPACE',''
  ) );
#3599 = PCURVE('',#2976,#3600);
#3600 = DEFINITIONAL_REPRESENTATION('',(#3601),#3604);
#3601 = B_SPLINE_CURVE_WITH_KNOTS('',1,(#3602,#3603),.UNSPECIFIED.,.F.,
  .F.,(2,2),(2.7499994,15.2500006),.PIECEWISE_BEZIER_KNOTS.);
#3602 = CARTESIAN_POINT('',(-0.152746252627,1.2499994));
#3603 = CARTESIAN_POINT('',(-0.152746252627,13.7500006));
#3604 = ( GEOMETRIC_REPRESENTATION_CONTEXT(2)
PARAMETRIC_REPRESENTATION_CONTEXT() REPRESENTATION_CONTEXT('2D SPACE',''
  ) );
#3605 = ORIENTED_EDGE('',*,*,#3424,.F.);
#3606 = ORIENTED_EDGE('',*,*,#3372,.F.);
#3607 = ORIENTED_EDGE('',*,*,#3075,.F.);
#3608 = ADVANCED_FACE('',(#3609),#2976,.F.);
#3609 = FACE_BOUND('',#3610,.T.);
#3610 = EDGE_LOOP('',(#3611,#3612,#3613,#3614));
#3611 = ORIENTED_EDGE('',*,*,#2957,.F.);
#3612 = ORIENTED_EDGE('',*,*,#3587,.T.);
#3613 = ORIENTED_EDGE('',*,*,#3474,.F.);
#3614 = ORIENTED_EDGE('',*,*,#3615,.F.);
#3615 = EDGE_CURVE('',#2960,#3398,#3616,.T.);
#3616 = SURFACE_CURVE('',#3617,(#3621,#3628),.PCURVE_S1.);
#3617 = LINE('',#3618,#3619);
#3618 = CARTESIAN_POINT('',(-58.5,-1.5,579.75));
#3619 = VECTOR('',#3620,1.);
#3620 = DIRECTION('',(0.,1.,0.));
#3621 = PCURVE('',#2976,#3622);
#3622 = DEFINITIONAL_REPRESENTATION('',(#3623),#3627);
#3623 = LINE('',#3624,#3625);
#3624 = CARTESIAN_POINT('',(-0.,0.));
#3625 = VECTOR('',#3626,1.);
#3626 = DIRECTION('',(-0.,1.));
#3627 = ( GEOMETRIC_REPRESENTATION_CONTEXT(2)
PARAMETRIC_REPRESENTATION_CONTEXT() REPRESENTATION_CONTEXT('2D SPACE',''
  ) );
#3628 = PCURVE('',#3543,#3629);
#3629 = DEFINITIONAL_REPRESENTATION('',(#3630),#3634);
#3630 = LINE('',#3631,#3632);
#3631 = CARTESIAN_POINT('',(146.75,0.));
#3632 = VECTOR('',#3633,1.);
#3633 = DIRECTION('',(0.,-1.));
#3634 = ( GEOMETRIC_REPRESENTATION_CONTEXT(2)
PARAMETRIC_REPRESENTATION_CONTEXT() REPRESENTATION_CONTEXT('2D SPACE',''
  ) );
#3635 = ADVANCED_FACE('',(#3636),#3271,.F.);
#3636 = FACE_BOUND('',#3637,.F.);
#3637 = EDGE_LOOP('',(#3638,#3659,#3660,#3661));
#3638 = ORIENTED_EDGE('',*,*,#3639,.F.);
#3639 = EDGE_CURVE('',#3176,#3398,#3640,.T.);
#3640 = SURFACE_CURVE('',#3641,(#3645,#3652),.PCURVE_S1.);
#3641 = LINE('',#3642,#3643);
#3642 = CARTESIAN_POINT('',(-58.5,12.25,433.));
#3643 = VECTOR('',#3644,1.);
#3644 = DIRECTION('',(0.,0.,1.));
#3645 = PCURVE('',#3271,#3646);
#3646 = DEFINITIONAL_REPRESENTATION('',(#3647),#3651);
#3647 = LINE('',#3648,#3649);
#3648 = CARTESIAN_POINT('',(0.,0.));
#3649 = VECTOR('',#3650,1.);
#3650 = DIRECTION('',(0.,1.));
#3651 = ( GEOMETRIC_REPRESENTATION_CONTEXT(2)
PARAMETRIC_REPRESENTATION_CONTEXT() REPRESENTATION_CONTEXT('2D SPACE',''
  ) );
#3652 = PCURVE('',#3543,#3653);
#3653 = DEFINITIONAL_REPRESENTATION('',(#3654),#3658);
#3654 = LINE('',#3655,#3656);
#3655 = CARTESIAN_POINT('',(0.,-13.75));
#3656 = VECTOR('',#3657,1.);
#3657 = DIRECTION('',(1.,0.));
#3658 = ( GEOMETRIC_REPRESENTATION_CONTEXT(2)
PARAMETRIC_REPRESENTATION_CONTEXT() REPRESENTATION_CONTEXT('2D SPACE',''
  ) );
#3659 = ORIENTED_EDGE('',*,*,#3256,.T.);
#3660 = ORIENTED_EDGE('',*,*,#3288,.T.);
#3661 = ORIENTED_EDGE('',*,*,#3397,.T.);
#3662 = ADVANCED_FACE('',(#3663),#3543,.F.);
#3663 = FACE_BOUND('',#3664,.F.);
#3664 = EDGE_LOOP('',(#3665,#3666,#3667,#3668));
#3665 = ORIENTED_EDGE('',*,*,#3558,.F.);
#3666 = ORIENTED_EDGE('',*,*,#3529,.T.);
#3667 = ORIENTED_EDGE('',*,*,#3639,.T.);
#3668 = ORIENTED_EDGE('',*,*,#3615,.F.);
#3669 = ( GEOMETRIC_REPRESENTATION_CONTEXT(3)
GLOBAL_UNCERTAINTY_ASSIGNED_CONTEXT((#3673))
GLOBAL_UNIT_ASSIGNED_CONTEXT((#3670,#3671,#3672)) REPRESENTATION_CONTEXT
('Context #1','3D Context with UNIT and UNCERTAINTY') );
#3670 = ( LENGTH_UNIT() NAMED_UNIT(*) SI_UNIT(.MILLI.,.METRE.) );
#3671 = ( NAMED_UNIT(*) PLANE_ANGLE_UNIT() SI_UNIT($,.RADIAN.) );
#3672 = ( NAMED_UNIT(*) SI_UNIT($,.STERADIAN.) SOLID_ANGLE_UNIT() );
#3673 = UNCERTAINTY_MEASURE_WITH_UNIT(LENGTH_MEASURE(1.E-05),#3670,
  'distance_accuracy_value','confusion accuracy');
#3674 = PRODUCT_RELATED_PRODUCT_CATEGORY('part',$,(#7));
ENDSEC;
END-ISO-10303-21;
