child_id,parent_id,sequence,level,child_statement,priority,verification_id,parent_procedure_evidence,parent_procedure_acceptance,child_acceptance_criterion_candidate,required_result_fields,child_acceptance_binding,internal_atomicity_screen,status,evidence_uri,accountable_person,approver_person,decision,warning
CFG-001-A01,CFG-001,1,configuration,Each test record shall identify the controlled CAD revision.,MUST,AUDIT-CFG-001,Completed audit checklist and configuration snapshot,All required revisions and hashes are present and match,PASS only if executed AUDIT-CFG-001 configuration-bound evidence demonstrates: Each test record shall identify the controlled CAD revision.,child_id|configuration_id|procedure_id|procedure_revision|observed_value_or_state|acceptance_limit|result_PASS_or_FAIL|evidence_uri|executor|timestamp|reviewer|decision,P0.2 TEMPLATE ISSUED - INTEGRATION AND EXECUTION REQUIRED,ONE NORMATIVE CLAUSE - INDEPENDENT ACCEPTANCE REQUIRED,draft,NOT EXECUTED,SELECTION REQUIRED,SELECTION REQUIRED,NOT APPROVED,"PRELIMINARY - NOT APPROVED FOR FABRICATION, CONNECTION, MOTION, OR ENERGIZATION"
CFG-001-A02,CFG-001,2,configuration,Each test record shall identify the controlled wiring revision.,MUST,AUDIT-CFG-001,Completed audit checklist and configuration snapshot,All required revisions and hashes are present and match,PASS only if executed AUDIT-CFG-001 configuration-bound evidence demonstrates: Each test record shall identify the controlled wiring revision.,child_id|configuration_id|procedure_id|procedure_revision|observed_value_or_state|acceptance_limit|result_PASS_or_FAIL|evidence_uri|executor|timestamp|reviewer|decision,P0.2 TEMPLATE ISSUED - INTEGRATION AND EXECUTION REQUIRED,ONE NORMATIVE CLAUSE - INDEPENDENT ACCEPTANCE REQUIRED,draft,NOT EXECUTED,SELECTION REQUIRED,SELECTION REQUIRED,NOT APPROVED,"PRELIMINARY - NOT APPROVED FOR FABRICATION, CONNECTION, MOTION, OR ENERGIZATION"
CFG-001-A03,CFG-001,3,configuration,Each test record shall identify the controlled firmware revision.,MUST,AUDIT-CFG-001,Completed audit checklist and configuration snapshot,All required revisions and hashes are present and match,PASS only if executed AUDIT-CFG-001 configuration-bound evidence demonstrates: Each test record shall identify the controlled firmware revision.,child_id|configuration_id|procedure_id|procedure_revision|observed_value_or_state|acceptance_limit|result_PASS_or_FAIL|evidence_uri|executor|timestamp|reviewer|decision,P0.2 TEMPLATE ISSUED - INTEGRATION AND EXECUTION REQUIRED,ONE NORMATIVE CLAUSE - INDEPENDENT ACCEPTANCE REQUIRED,draft,NOT EXECUTED,SELECTION REQUIRED,SELECTION REQUIRED,NOT APPROVED,"PRELIMINARY - NOT APPROVED FOR FABRICATION, CONNECTION, MOTION, OR ENERGIZATION"
CFG-001-A04,CFG-001,4,configuration,Each test record shall identify the controlled calibration revision.,MUST,AUDIT-CFG-001,Completed audit checklist and configuration snapshot,All required revisions and hashes are present and match,PASS only if executed AUDIT-CFG-001 configuration-bound evidence demonstrates: Each test record shall identify the controlled calibration revision.,child_id|configuration_id|procedure_id|procedure_revision|observed_value_or_state|acceptance_limit|result_PASS_or_FAIL|evidence_uri|executor|timestamp|reviewer|decision,P0.2 TEMPLATE ISSUED - INTEGRATION AND EXECUTION REQUIRED,ONE NORMATIVE CLAUSE - INDEPENDENT ACCEPTANCE REQUIRED,draft,NOT EXECUTED,SELECTION REQUIRED,SELECTION REQUIRED,NOT APPROVED,"PRELIMINARY - NOT APPROVED FOR FABRICATION, CONNECTION, MOTION, OR ENERGIZATION"
CFG-001-A05,CFG-001,5,configuration,Each test record shall identify the received actuator configuration revision.,MUST,AUDIT-CFG-001,Completed audit checklist and configuration snapshot,All required revisions and hashes are present and match,PASS only if executed AUDIT-CFG-001 configuration-bound evidence demonstrates: Each test record shall identify the received actuator configuration revision.,child_id|configuration_id|procedure_id|procedure_revision|observed_value_or_state|acceptance_limit|result_PASS_or_FAIL|evidence_uri|executor|timestamp|reviewer|decision,P0.2 TEMPLATE ISSUED - INTEGRATION AND EXECUTION REQUIRED,ONE NORMATIVE CLAUSE - INDEPENDENT ACCEPTANCE REQUIRED,draft,NOT EXECUTED,SELECTION REQUIRED,SELECTION REQUIRED,NOT APPROVED,"PRELIMINARY - NOT APPROVED FOR FABRICATION, CONNECTION, MOTION, OR ENERGIZATION"
CFG-001-A06,CFG-001,6,configuration,Each test record shall identify the controlled BOM revision.,MUST,AUDIT-CFG-001,Completed audit checklist and configuration snapshot,All required revisions and hashes are present and match,PASS only if executed AUDIT-CFG-001 configuration-bound evidence demonstrates: Each test record shall identify the controlled BOM revision.,child_id|configuration_id|procedure_id|procedure_revision|observed_value_or_state|acceptance_limit|result_PASS_or_FAIL|evidence_uri|executor|timestamp|reviewer|decision,P0.2 TEMPLATE ISSUED - INTEGRATION AND EXECUTION REQUIRED,ONE NORMATIVE CLAUSE - INDEPENDENT ACCEPTANCE REQUIRED,draft,NOT EXECUTED,SELECTION REQUIRED,SELECTION REQUIRED,NOT APPROVED,"PRELIMINARY - NOT APPROVED FOR FABRICATION, CONNECTION, MOTION, OR ENERGIZATION"
CFG-002-A01,CFG-002,1,configuration,A configuration mismatch shall inhibit drive enable.,MUST,TEST-CFG-002,Raw logs and signed report,Every mismatch inhibits drive and latches a recorded fault,PASS only if executed TEST-CFG-002 configuration-bound evidence demonstrates: A configuration mismatch shall inhibit drive enable.,child_id|configuration_id|procedure_id|procedure_revision|observed_value_or_state|acceptance_limit|result_PASS_or_FAIL|evidence_uri|executor|timestamp|reviewer|decision,P0.2 TEMPLATE ISSUED - INTEGRATION AND EXECUTION REQUIRED,ONE NORMATIVE CLAUSE - INDEPENDENT ACCEPTANCE REQUIRED,draft,NOT EXECUTED,SELECTION REQUIRED,SELECTION REQUIRED,NOT APPROVED,"PRELIMINARY - NOT APPROVED FOR FABRICATION, CONNECTION, MOTION, OR ENERGIZATION"
CFG-002-A02,CFG-002,2,configuration,A calibration mismatch shall inhibit drive enable.,MUST,TEST-CFG-002,Raw logs and signed report,Every mismatch inhibits drive and latches a recorded fault,PASS only if executed TEST-CFG-002 configuration-bound evidence demonstrates: A calibration mismatch shall inhibit drive enable.,child_id|configuration_id|procedure_id|procedure_revision|observed_value_or_state|acceptance_limit|result_PASS_or_FAIL|evidence_uri|executor|timestamp|reviewer|decision,P0.2 TEMPLATE ISSUED - INTEGRATION AND EXECUTION REQUIRED,ONE NORMATIVE CLAUSE - INDEPENDENT ACCEPTANCE REQUIRED,draft,NOT EXECUTED,SELECTION REQUIRED,SELECTION REQUIRED,NOT APPROVED,"PRELIMINARY - NOT APPROVED FOR FABRICATION, CONNECTION, MOTION, OR ENERGIZATION"
CFG-002-A03,CFG-002,3,configuration,A polarity mismatch shall inhibit drive enable.,MUST,TEST-CFG-002,Raw logs and signed report,Every mismatch inhibits drive and latches a recorded fault,PASS only if executed TEST-CFG-002 configuration-bound evidence demonstrates: A polarity mismatch shall inhibit drive enable.,child_id|configuration_id|procedure_id|procedure_revision|observed_value_or_state|acceptance_limit|result_PASS_or_FAIL|evidence_uri|executor|timestamp|reviewer|decision,P0.2 TEMPLATE ISSUED - INTEGRATION AND EXECUTION REQUIRED,ONE NORMATIVE CLAUSE - INDEPENDENT ACCEPTANCE REQUIRED,draft,NOT EXECUTED,SELECTION REQUIRED,SELECTION REQUIRED,NOT APPROVED,"PRELIMINARY - NOT APPROVED FOR FABRICATION, CONNECTION, MOTION, OR ENERGIZATION"
CFG-002-A04,CFG-002,4,configuration,A mirrored-joint mismatch shall inhibit drive enable.,MUST,TEST-CFG-002,Raw logs and signed report,Every mismatch inhibits drive and latches a recorded fault,PASS only if executed TEST-CFG-002 configuration-bound evidence demonstrates: A mirrored-joint mismatch shall inhibit drive enable.,child_id|configuration_id|procedure_id|procedure_revision|observed_value_or_state|acceptance_limit|result_PASS_or_FAIL|evidence_uri|executor|timestamp|reviewer|decision,P0.2 TEMPLATE ISSUED - INTEGRATION AND EXECUTION REQUIRED,ONE NORMATIVE CLAUSE - INDEPENDENT ACCEPTANCE REQUIRED,draft,NOT EXECUTED,SELECTION REQUIRED,SELECTION REQUIRED,NOT APPROVED,"PRELIMINARY - NOT APPROVED FOR FABRICATION, CONNECTION, MOTION, OR ENERGIZATION"
CFG-002-A05,CFG-002,5,configuration,Each CFG-002 mismatch shall latch a recorded fault.,MUST,TEST-CFG-002,Raw logs and signed report,Every mismatch inhibits drive and latches a recorded fault,PASS only if executed TEST-CFG-002 configuration-bound evidence demonstrates: Each CFG-002 mismatch shall latch a recorded fault.,child_id|configuration_id|procedure_id|procedure_revision|observed_value_or_state|acceptance_limit|result_PASS_or_FAIL|evidence_uri|executor|timestamp|reviewer|decision,P0.2 TEMPLATE ISSUED - INTEGRATION AND EXECUTION REQUIRED,ONE NORMATIVE CLAUSE - INDEPENDENT ACCEPTANCE REQUIRED,draft,NOT EXECUTED,SELECTION REQUIRED,SELECTION REQUIRED,NOT APPROVED,"PRELIMINARY - NOT APPROVED FOR FABRICATION, CONNECTION, MOTION, OR ENERGIZATION"
CFG-003-A01,CFG-003,1,configuration,The HR-V0 release BOM shall enumerate every purchased item.,MUST,AUDIT-BOM-001,Checker output reviewed closure register source register and configuration snapshot,Every system BOM item has exactly one closure row; every evaluation line maps to an exact candidate and current primary source; no unresolved or grouped line is procurement-released,PASS only if executed AUDIT-BOM-001 configuration-bound evidence demonstrates: The HR-V0 release BOM shall enumerate every purchased item.,child_id|configuration_id|procedure_id|procedure_revision|observed_value_or_state|acceptance_limit|result_PASS_or_FAIL|evidence_uri|executor|timestamp|reviewer|decision,P0.2 TEMPLATE ISSUED - INTEGRATION AND EXECUTION REQUIRED,ONE NORMATIVE CLAUSE - INDEPENDENT ACCEPTANCE REQUIRED,draft,NOT EXECUTED,SELECTION REQUIRED,SELECTION REQUIRED,NOT APPROVED,"PRELIMINARY - NOT APPROVED FOR FABRICATION, CONNECTION, MOTION, OR ENERGIZATION"
CFG-003-A02,CFG-003,2,configuration,The HR-V0 release BOM shall enumerate every fabricated item.,MUST,AUDIT-BOM-001,Checker output reviewed closure register source register and configuration snapshot,Every system BOM item has exactly one closure row; every evaluation line maps to an exact candidate and current primary source; no unresolved or grouped line is procurement-released,PASS only if executed AUDIT-BOM-001 configuration-bound evidence demonstrates: The HR-V0 release BOM shall enumerate every fabricated item.,child_id|configuration_id|procedure_id|procedure_revision|observed_value_or_state|acceptance_limit|result_PASS_or_FAIL|evidence_uri|executor|timestamp|reviewer|decision,P0.2 TEMPLATE ISSUED - INTEGRATION AND EXECUTION REQUIRED,ONE NORMATIVE CLAUSE - INDEPENDENT ACCEPTANCE REQUIRED,draft,NOT EXECUTED,SELECTION REQUIRED,SELECTION REQUIRED,NOT APPROVED,"PRELIMINARY - NOT APPROVED FOR FABRICATION, CONNECTION, MOTION, OR ENERGIZATION"
CFG-003-A03,CFG-003,3,configuration,The HR-V0 release BOM shall enumerate every included-kit item.,MUST,AUDIT-BOM-001,Checker output reviewed closure register source register and configuration snapshot,Every system BOM item has exactly one closure row; every evaluation line maps to an exact candidate and current primary source; no unresolved or grouped line is procurement-released,PASS only if executed AUDIT-BOM-001 configuration-bound evidence demonstrates: The HR-V0 release BOM shall enumerate every included-kit item.,child_id|configuration_id|procedure_id|procedure_revision|observed_value_or_state|acceptance_limit|result_PASS_or_FAIL|evidence_uri|executor|timestamp|reviewer|decision,P0.2 TEMPLATE ISSUED - INTEGRATION AND EXECUTION REQUIRED,ONE NORMATIVE CLAUSE - INDEPENDENT ACCEPTANCE REQUIRED,draft,NOT EXECUTED,SELECTION REQUIRED,SELECTION REQUIRED,NOT APPROVED,"PRELIMINARY - NOT APPROVED FOR FABRICATION, CONNECTION, MOTION, OR ENERGIZATION"
CFG-003-A04,CFG-003,4,configuration,The HR-V0 release BOM shall enumerate every harness item.,MUST,AUDIT-BOM-001,Checker output reviewed closure register source register and configuration snapshot,Every system BOM item has exactly one closure row; every evaluation line maps to an exact candidate and current primary source; no unresolved or grouped line is procurement-released,PASS only if executed AUDIT-BOM-001 configuration-bound evidence demonstrates: The HR-V0 release BOM shall enumerate every harness item.,child_id|configuration_id|procedure_id|procedure_revision|observed_value_or_state|acceptance_limit|result_PASS_or_FAIL|evidence_uri|executor|timestamp|reviewer|decision,P0.2 TEMPLATE ISSUED - INTEGRATION AND EXECUTION REQUIRED,ONE NORMATIVE CLAUSE - INDEPENDENT ACCEPTANCE REQUIRED,draft,NOT EXECUTED,SELECTION REQUIRED,SELECTION REQUIRED,NOT APPROVED,"PRELIMINARY - NOT APPROVED FOR FABRICATION, CONNECTION, MOTION, OR ENERGIZATION"
CFG-003-A05,CFG-003,5,configuration,The HR-V0 release BOM shall enumerate every software-image item.,MUST,AUDIT-BOM-001,Checker output reviewed closure register source register and configuration snapshot,Every system BOM item has exactly one closure row; every evaluation line maps to an exact candidate and current primary source; no unresolved or grouped line is procurement-released,PASS only if executed AUDIT-BOM-001 configuration-bound evidence demonstrates: The HR-V0 release BOM shall enumerate every software-image item.,child_id|configuration_id|procedure_id|procedure_revision|observed_value_or_state|acceptance_limit|result_PASS_or_FAIL|evidence_uri|executor|timestamp|reviewer|decision,P0.2 TEMPLATE ISSUED - INTEGRATION AND EXECUTION REQUIRED,ONE NORMATIVE CLAUSE - INDEPENDENT ACCEPTANCE REQUIRED,draft,NOT EXECUTED,SELECTION REQUIRED,SELECTION REQUIRED,NOT APPROVED,"PRELIMINARY - NOT APPROVED FOR FABRICATION, CONNECTION, MOTION, OR ENERGIZATION"
CFG-003-A06,CFG-003,6,configuration,The HR-V0 release BOM shall enumerate every configuration-critical item.,MUST,AUDIT-BOM-001,Checker output reviewed closure register source register and configuration snapshot,Every system BOM item has exactly one closure row; every evaluation line maps to an exact candidate and current primary source; no unresolved or grouped line is procurement-released,PASS only if executed AUDIT-BOM-001 configuration-bound evidence demonstrates: The HR-V0 release BOM shall enumerate every configuration-critical item.,child_id|configuration_id|procedure_id|procedure_revision|observed_value_or_state|acceptance_limit|result_PASS_or_FAIL|evidence_uri|executor|timestamp|reviewer|decision,P0.2 TEMPLATE ISSUED - INTEGRATION AND EXECUTION REQUIRED,ONE NORMATIVE CLAUSE - INDEPENDENT ACCEPTANCE REQUIRED,draft,NOT EXECUTED,SELECTION REQUIRED,SELECTION REQUIRED,NOT APPROVED,"PRELIMINARY - NOT APPROVED FOR FABRICATION, CONNECTION, MOTION, OR ENERGIZATION"
CFG-003-A07,CFG-003,7,configuration,Each HR-V0 release-BOM row shall state exact quantity.,MUST,AUDIT-BOM-001,Checker output reviewed closure register source register and configuration snapshot,Every system BOM item has exactly one closure row; every evaluation line maps to an exact candidate and current primary source; no unresolved or grouped line is procurement-released,PASS only if executed AUDIT-BOM-001 configuration-bound evidence demonstrates: Each HR-V0 release-BOM row shall state exact quantity.,child_id|configuration_id|procedure_id|procedure_revision|observed_value_or_state|acceptance_limit|result_PASS_or_FAIL|evidence_uri|executor|timestamp|reviewer|decision,P0.2 TEMPLATE ISSUED - INTEGRATION AND EXECUTION REQUIRED,ONE NORMATIVE CLAUSE - INDEPENDENT ACCEPTANCE REQUIRED,draft,NOT EXECUTED,SELECTION REQUIRED,SELECTION REQUIRED,NOT APPROVED,"PRELIMINARY - NOT APPROVED FOR FABRICATION, CONNECTION, MOTION, OR ENERGIZATION"
CFG-003-A08,CFG-003,8,configuration,Each HR-V0 release-BOM row shall state exact order-code status.,MUST,AUDIT-BOM-001,Checker output reviewed closure register source register and configuration snapshot,Every system BOM item has exactly one closure row; every evaluation line maps to an exact candidate and current primary source; no unresolved or grouped line is procurement-released,PASS only if executed AUDIT-BOM-001 configuration-bound evidence demonstrates: Each HR-V0 release-BOM row shall state exact order-code status.,child_id|configuration_id|procedure_id|procedure_revision|observed_value_or_state|acceptance_limit|result_PASS_or_FAIL|evidence_uri|executor|timestamp|reviewer|decision,P0.2 TEMPLATE ISSUED - INTEGRATION AND EXECUTION REQUIRED,ONE NORMATIVE CLAUSE - INDEPENDENT ACCEPTANCE REQUIRED,draft,NOT EXECUTED,SELECTION REQUIRED,SELECTION REQUIRED,NOT APPROVED,"PRELIMINARY - NOT APPROVED FOR FABRICATION, CONNECTION, MOTION, OR ENERGIZATION"
CFG-003-A09,CFG-003,9,configuration,Each HR-V0 release-BOM row shall state primary-source status.,MUST,AUDIT-BOM-001,Checker output reviewed closure register source register and configuration snapshot,Every system BOM item has exactly one closure row; every evaluation line maps to an exact candidate and current primary source; no unresolved or grouped line is procurement-released,PASS only if executed AUDIT-BOM-001 configuration-bound evidence demonstrates: Each HR-V0 release-BOM row shall state primary-source status.,child_id|configuration_id|procedure_id|procedure_revision|observed_value_or_state|acceptance_limit|result_PASS_or_FAIL|evidence_uri|executor|timestamp|reviewer|decision,P0.2 TEMPLATE ISSUED - INTEGRATION AND EXECUTION REQUIRED,ONE NORMATIVE CLAUSE - INDEPENDENT ACCEPTANCE REQUIRED,draft,NOT EXECUTED,SELECTION REQUIRED,SELECTION REQUIRED,NOT APPROVED,"PRELIMINARY - NOT APPROVED FOR FABRICATION, CONNECTION, MOTION, OR ENERGIZATION"
CFG-003-A10,CFG-003,10,configuration,Each HR-V0 release-BOM row shall state application-evidence status.,MUST,AUDIT-BOM-001,Checker output reviewed closure register source register and configuration snapshot,Every system BOM item has exactly one closure row; every evaluation line maps to an exact candidate and current primary source; no unresolved or grouped line is procurement-released,PASS only if executed AUDIT-BOM-001 configuration-bound evidence demonstrates: Each HR-V0 release-BOM row shall state application-evidence status.,child_id|configuration_id|procedure_id|procedure_revision|observed_value_or_state|acceptance_limit|result_PASS_or_FAIL|evidence_uri|executor|timestamp|reviewer|decision,P0.2 TEMPLATE ISSUED - INTEGRATION AND EXECUTION REQUIRED,ONE NORMATIVE CLAUSE - INDEPENDENT ACCEPTANCE REQUIRED,draft,NOT EXECUTED,SELECTION REQUIRED,SELECTION REQUIRED,NOT APPROVED,"PRELIMINARY - NOT APPROVED FOR FABRICATION, CONNECTION, MOTION, OR ENERGIZATION"
CFG-003-A11,CFG-003,11,configuration,Each HR-V0 release-BOM row shall state a receiving or closure route.,MUST,AUDIT-BOM-001,Checker output reviewed closure register source register and configuration snapshot,Every system BOM item has exactly one closure row; every evaluation line maps to an exact candidate and current primary source; no unresolved or grouped line is procurement-released,PASS only if executed AUDIT-BOM-001 configuration-bound evidence demonstrates: Each HR-V0 release-BOM row shall state a receiving or closure route.,child_id|configuration_id|procedure_id|procedure_revision|observed_value_or_state|acceptance_limit|result_PASS_or_FAIL|evidence_uri|executor|timestamp|reviewer|decision,P0.2 TEMPLATE ISSUED - INTEGRATION AND EXECUTION REQUIRED,ONE NORMATIVE CLAUSE - INDEPENDENT ACCEPTANCE REQUIRED,draft,NOT EXECUTED,SELECTION REQUIRED,SELECTION REQUIRED,NOT APPROVED,"PRELIMINARY - NOT APPROVED FOR FABRICATION, CONNECTION, MOTION, OR ENERGIZATION"
CFG-003-A12,CFG-003,12,configuration,Each unresolved HR-V0 release-BOM field shall remain SELECTION REQUIRED.,MUST,AUDIT-BOM-001,Checker output reviewed closure register source register and configuration snapshot,Every system BOM item has exactly one closure row; every evaluation line maps to an exact candidate and current primary source; no unresolved or grouped line is procurement-released,PASS only if executed AUDIT-BOM-001 configuration-bound evidence demonstrates: Each unresolved HR-V0 release-BOM field shall remain SELECTION REQUIRED.,child_id|configuration_id|procedure_id|procedure_revision|observed_value_or_state|acceptance_limit|result_PASS_or_FAIL|evidence_uri|executor|timestamp|reviewer|decision,P0.2 TEMPLATE ISSUED - INTEGRATION AND EXECUTION REQUIRED,ONE NORMATIVE CLAUSE - INDEPENDENT ACCEPTANCE REQUIRED,draft,NOT EXECUTED,SELECTION REQUIRED,SELECTION REQUIRED,NOT APPROVED,"PRELIMINARY - NOT APPROVED FOR FABRICATION, CONNECTION, MOTION, OR ENERGIZATION"
COMM-001-A01,COMM-001,1,commissioning,Before E2 control-only energization the complete unpowered HR-V0 article shall match one accepted commit.,MUST,INSPECT-E2-001,Completed unpowered-configuration form photographs firmware/hash captures torque and guard records deviation dispositions and signed quality review,Every installed item wire label fastener witness mark guard stop connector firmware image and deviation matches the accepted baseline; actuator source and branches are absent; all discrepancies are closed; required qualified signatures are present,PASS only if executed INSPECT-E2-001 configuration-bound evidence demonstrates: Before E2 control-only energization the complete unpowered HR-V0 article shall match one accepted commit.,child_id|configuration_id|procedure_id|procedure_revision|observed_value_or_state|acceptance_limit|result_PASS_or_FAIL|evidence_uri|executor|timestamp|reviewer|decision,P0.2 TEMPLATE ISSUED - INTEGRATION AND EXECUTION REQUIRED,ONE NORMATIVE CLAUSE - INDEPENDENT ACCEPTANCE REQUIRED,draft,NOT EXECUTED,SELECTION REQUIRED,SELECTION REQUIRED,NOT APPROVED,"PRELIMINARY - NOT APPROVED FOR FABRICATION, CONNECTION, MOTION, OR ENERGIZATION"
COMM-001-A02,COMM-001,2,commissioning,Before E2 control-only energization the complete unpowered HR-V0 article shall match one accepted file manifest.,MUST,INSPECT-E2-001,Completed unpowered-configuration form photographs firmware/hash captures torque and guard records deviation dispositions and signed quality review,Every installed item wire label fastener witness mark guard stop connector firmware image and deviation matches the accepted baseline; actuator source and branches are absent; all discrepancies are closed; required qualified signatures are present,PASS only if executed INSPECT-E2-001 configuration-bound evidence demonstrates: Before E2 control-only energization the complete unpowered HR-V0 article shall match one accepted file manifest.,child_id|configuration_id|procedure_id|procedure_revision|observed_value_or_state|acceptance_limit|result_PASS_or_FAIL|evidence_uri|executor|timestamp|reviewer|decision,P0.2 TEMPLATE ISSUED - INTEGRATION AND EXECUTION REQUIRED,ONE NORMATIVE CLAUSE - INDEPENDENT ACCEPTANCE REQUIRED,draft,NOT EXECUTED,SELECTION REQUIRED,SELECTION REQUIRED,NOT APPROVED,"PRELIMINARY - NOT APPROVED FOR FABRICATION, CONNECTION, MOTION, OR ENERGIZATION"
COMM-001-A03,COMM-001,3,commissioning,Before E2 control-only energization the complete unpowered HR-V0 article shall match one accepted BOM revision.,MUST,INSPECT-E2-001,Completed unpowered-configuration form photographs firmware/hash captures torque and guard records deviation dispositions and signed quality review,Every installed item wire label fastener witness mark guard stop connector firmware image and deviation matches the accepted baseline; actuator source and branches are absent; all discrepancies are closed; required qualified signatures are present,PASS only if executed INSPECT-E2-001 configuration-bound evidence demonstrates: Before E2 control-only energization the complete unpowered HR-V0 article shall match one accepted BOM revision.,child_id|configuration_id|procedure_id|procedure_revision|observed_value_or_state|acceptance_limit|result_PASS_or_FAIL|evidence_uri|executor|timestamp|reviewer|decision,P0.2 TEMPLATE ISSUED - INTEGRATION AND EXECUTION REQUIRED,ONE NORMATIVE CLAUSE - INDEPENDENT ACCEPTANCE REQUIRED,draft,NOT EXECUTED,SELECTION REQUIRED,SELECTION REQUIRED,NOT APPROVED,"PRELIMINARY - NOT APPROVED FOR FABRICATION, CONNECTION, MOTION, OR ENERGIZATION"
COMM-001-A04,COMM-001,4,commissioning,Before E2 control-only energization the complete unpowered HR-V0 article shall match one accepted ECAD revision.,MUST,INSPECT-E2-001,Completed unpowered-configuration form photographs firmware/hash captures torque and guard records deviation dispositions and signed quality review,Every installed item wire label fastener witness mark guard stop connector firmware image and deviation matches the accepted baseline; actuator source and branches are absent; all discrepancies are closed; required qualified signatures are present,PASS only if executed INSPECT-E2-001 configuration-bound evidence demonstrates: Before E2 control-only energization the complete unpowered HR-V0 article shall match one accepted ECAD revision.,child_id|configuration_id|procedure_id|procedure_revision|observed_value_or_state|acceptance_limit|result_PASS_or_FAIL|evidence_uri|executor|timestamp|reviewer|decision,P0.2 TEMPLATE ISSUED - INTEGRATION AND EXECUTION REQUIRED,ONE NORMATIVE CLAUSE - INDEPENDENT ACCEPTANCE REQUIRED,draft,NOT EXECUTED,SELECTION REQUIRED,SELECTION REQUIRED,NOT APPROVED,"PRELIMINARY - NOT APPROVED FOR FABRICATION, CONNECTION, MOTION, OR ENERGIZATION"
COMM-001-A05,COMM-001,5,commissioning,Before E2 control-only energization the complete unpowered HR-V0 article shall match one accepted CAD revision.,MUST,INSPECT-E2-001,Completed unpowered-configuration form photographs firmware/hash captures torque and guard records deviation dispositions and signed quality review,Every installed item wire label fastener witness mark guard stop connector firmware image and deviation matches the accepted baseline; actuator source and branches are absent; all discrepancies are closed; required qualified signatures are present,PASS only if executed INSPECT-E2-001 configuration-bound evidence demonstrates: Before E2 control-only energization the complete unpowered HR-V0 article shall match one accepted CAD revision.,child_id|configuration_id|procedure_id|procedure_revision|observed_value_or_state|acceptance_limit|result_PASS_or_FAIL|evidence_uri|executor|timestamp|reviewer|decision,P0.2 TEMPLATE ISSUED - INTEGRATION AND EXECUTION REQUIRED,ONE NORMATIVE CLAUSE - INDEPENDENT ACCEPTANCE REQUIRED,draft,NOT EXECUTED,SELECTION REQUIRED,SELECTION REQUIRED,NOT APPROVED,"PRELIMINARY - NOT APPROVED FOR FABRICATION, CONNECTION, MOTION, OR ENERGIZATION"
COMM-001-A06,COMM-001,6,commissioning,Before E2 control-only energization the complete unpowered HR-V0 article shall match one accepted firmware revision.,MUST,INSPECT-E2-001,Completed unpowered-configuration form photographs firmware/hash captures torque and guard records deviation dispositions and signed quality review,Every installed item wire label fastener witness mark guard stop connector firmware image and deviation matches the accepted baseline; actuator source and branches are absent; all discrepancies are closed; required qualified signatures are present,PASS only if executed INSPECT-E2-001 configuration-bound evidence demonstrates: Before E2 control-only energization the complete unpowered HR-V0 article shall match one accepted firmware revision.,child_id|configuration_id|procedure_id|procedure_revision|observed_value_or_state|acceptance_limit|result_PASS_or_FAIL|evidence_uri|executor|timestamp|reviewer|decision,P0.2 TEMPLATE ISSUED - INTEGRATION AND EXECUTION REQUIRED,ONE NORMATIVE CLAUSE - INDEPENDENT ACCEPTANCE REQUIRED,draft,NOT EXECUTED,SELECTION REQUIRED,SELECTION REQUIRED,NOT APPROVED,"PRELIMINARY - NOT APPROVED FOR FABRICATION, CONNECTION, MOTION, OR ENERGIZATION"
COMM-001-A07,COMM-001,7,commissioning,Before E2 control-only energization the complete unpowered HR-V0 article shall match one accepted procedure baseline.,MUST,INSPECT-E2-001,Completed unpowered-configuration form photographs firmware/hash captures torque and guard records deviation dispositions and signed quality review,Every installed item wire label fastener witness mark guard stop connector firmware image and deviation matches the accepted baseline; actuator source and branches are absent; all discrepancies are closed; required qualified signatures are present,PASS only if executed INSPECT-E2-001 configuration-bound evidence demonstrates: Before E2 control-only energization the complete unpowered HR-V0 article shall match one accepted procedure baseline.,child_id|configuration_id|procedure_id|procedure_revision|observed_value_or_state|acceptance_limit|result_PASS_or_FAIL|evidence_uri|executor|timestamp|reviewer|decision,P0.2 TEMPLATE ISSUED - INTEGRATION AND EXECUTION REQUIRED,ONE NORMATIVE CLAUSE - INDEPENDENT ACCEPTANCE REQUIRED,draft,NOT EXECUTED,SELECTION REQUIRED,SELECTION REQUIRED,NOT APPROVED,"PRELIMINARY - NOT APPROVED FOR FABRICATION, CONNECTION, MOTION, OR ENERGIZATION"
COMM-001-A08,COMM-001,8,commissioning,All required guards shall be installed before E2 control-only energization.,MUST,INSPECT-E2-001,Completed unpowered-configuration form photographs firmware/hash captures torque and guard records deviation dispositions and signed quality review,Every installed item wire label fastener witness mark guard stop connector firmware image and deviation matches the accepted baseline; actuator source and branches are absent; all discrepancies are closed; required qualified signatures are present,PASS only if executed INSPECT-E2-001 configuration-bound evidence demonstrates: All required guards shall be installed before E2 control-only energization.,child_id|configuration_id|procedure_id|procedure_revision|observed_value_or_state|acceptance_limit|result_PASS_or_FAIL|evidence_uri|executor|timestamp|reviewer|decision,P0.2 TEMPLATE ISSUED - INTEGRATION AND EXECUTION REQUIRED,ONE NORMATIVE CLAUSE - INDEPENDENT ACCEPTANCE REQUIRED,draft,NOT EXECUTED,SELECTION REQUIRED,SELECTION REQUIRED,NOT APPROVED,"PRELIMINARY - NOT APPROVED FOR FABRICATION, CONNECTION, MOTION, OR ENERGIZATION"
COMM-001-A09,COMM-001,9,commissioning,All required torque witness marks shall be intact before E2 control-only energization.,MUST,INSPECT-E2-001,Completed unpowered-configuration form photographs firmware/hash captures torque and guard records deviation dispositions and signed quality review,Every installed item wire label fastener witness mark guard stop connector firmware image and deviation matches the accepted baseline; actuator source and branches are absent; all discrepancies are closed; required qualified signatures are present,PASS only if executed INSPECT-E2-001 configuration-bound evidence demonstrates: All required torque witness marks shall be intact before E2 control-only energization.,child_id|configuration_id|procedure_id|procedure_revision|observed_value_or_state|acceptance_limit|result_PASS_or_FAIL|evidence_uri|executor|timestamp|reviewer|decision,P0.2 TEMPLATE ISSUED - INTEGRATION AND EXECUTION REQUIRED,ONE NORMATIVE CLAUSE - INDEPENDENT ACCEPTANCE REQUIRED,draft,NOT EXECUTED,SELECTION REQUIRED,SELECTION REQUIRED,NOT APPROVED,"PRELIMINARY - NOT APPROVED FOR FABRICATION, CONNECTION, MOTION, OR ENERGIZATION"
COMM-001-A10,COMM-001,10,commissioning,Every E2 deviation shall be closed or explicitly accepted by the accountable qualified reviewer before energization.,MUST,INSPECT-E2-001,Completed unpowered-configuration form photographs firmware/hash captures torque and guard records deviation dispositions and signed quality review,Every installed item wire label fastener witness mark guard stop connector firmware image and deviation matches the accepted baseline; actuator source and branches are absent; all discrepancies are closed; required qualified signatures are present,PASS only if executed INSPECT-E2-001 configuration-bound evidence demonstrates: Every E2 deviation shall be closed or explicitly accepted by the accountable qualified reviewer before energization.,child_id|configuration_id|procedure_id|procedure_revision|observed_value_or_state|acceptance_limit|result_PASS_or_FAIL|evidence_uri|executor|timestamp|reviewer|decision,P0.2 TEMPLATE ISSUED - INTEGRATION AND EXECUTION REQUIRED,ONE NORMATIVE CLAUSE - INDEPENDENT ACCEPTANCE REQUIRED,draft,NOT EXECUTED,SELECTION REQUIRED,SELECTION REQUIRED,NOT APPROVED,"PRELIMINARY - NOT APPROVED FOR FABRICATION, CONNECTION, MOTION, OR ENERGIZATION"
COMM-002-A01,COMM-002,1,commissioning,A qualified electrical reviewer shall accept the exact site supply before any E2 source connection.,MUST,INSPECT-E2-002,Completed mains-PE-insulation form raw readings certificates photographs code/site disposition calibration records and qualified electrical signature,Site identity receptacle polarity branch/GFCI basis factory adapter/cord identity enclosure class PE continuity insulation and disconnect accessibility meet separately approved numerical limits; project-built mains wiring is absent,PASS only if executed INSPECT-E2-002 configuration-bound evidence demonstrates: A qualified electrical reviewer shall accept the exact site supply before any E2 source connection.,child_id|configuration_id|procedure_id|procedure_revision|observed_value_or_state|acceptance_limit|result_PASS_or_FAIL|evidence_uri|executor|timestamp|reviewer|decision,P0.2 TEMPLATE ISSUED - INTEGRATION AND EXECUTION REQUIRED,ONE NORMATIVE CLAUSE - INDEPENDENT ACCEPTANCE REQUIRED,draft,NOT EXECUTED,SELECTION REQUIRED,SELECTION REQUIRED,NOT APPROVED,"PRELIMINARY - NOT APPROVED FOR FABRICATION, CONNECTION, MOTION, OR ENERGIZATION"
COMM-002-A02,COMM-002,2,commissioning,A qualified electrical reviewer shall accept each exact external factory adapter before any E2 source connection.,MUST,INSPECT-E2-002,Completed mains-PE-insulation form raw readings certificates photographs code/site disposition calibration records and qualified electrical signature,Site identity receptacle polarity branch/GFCI basis factory adapter/cord identity enclosure class PE continuity insulation and disconnect accessibility meet separately approved numerical limits; project-built mains wiring is absent,PASS only if executed INSPECT-E2-002 configuration-bound evidence demonstrates: A qualified electrical reviewer shall accept each exact external factory adapter before any E2 source connection.,child_id|configuration_id|procedure_id|procedure_revision|observed_value_or_state|acceptance_limit|result_PASS_or_FAIL|evidence_uri|executor|timestamp|reviewer|decision,P0.2 TEMPLATE ISSUED - INTEGRATION AND EXECUTION REQUIRED,ONE NORMATIVE CLAUSE - INDEPENDENT ACCEPTANCE REQUIRED,draft,NOT EXECUTED,SELECTION REQUIRED,SELECTION REQUIRED,NOT APPROVED,"PRELIMINARY - NOT APPROVED FOR FABRICATION, CONNECTION, MOTION, OR ENERGIZATION"
COMM-002-A03,COMM-002,3,commissioning,A qualified electrical reviewer shall accept the protective-earth treatment before any E2 source connection.,MUST,INSPECT-E2-002,Completed mains-PE-insulation form raw readings certificates photographs code/site disposition calibration records and qualified electrical signature,Site identity receptacle polarity branch/GFCI basis factory adapter/cord identity enclosure class PE continuity insulation and disconnect accessibility meet separately approved numerical limits; project-built mains wiring is absent,PASS only if executed INSPECT-E2-002 configuration-bound evidence demonstrates: A qualified electrical reviewer shall accept the protective-earth treatment before any E2 source connection.,child_id|configuration_id|procedure_id|procedure_revision|observed_value_or_state|acceptance_limit|result_PASS_or_FAIL|evidence_uri|executor|timestamp|reviewer|decision,P0.2 TEMPLATE ISSUED - INTEGRATION AND EXECUTION REQUIRED,ONE NORMATIVE CLAUSE - INDEPENDENT ACCEPTANCE REQUIRED,draft,NOT EXECUTED,SELECTION REQUIRED,SELECTION REQUIRED,NOT APPROVED,"PRELIMINARY - NOT APPROVED FOR FABRICATION, CONNECTION, MOTION, OR ENERGIZATION"
COMM-002-A04,COMM-002,4,commissioning,A qualified electrical reviewer shall accept the insulation obligations before any E2 source connection.,MUST,INSPECT-E2-002,Completed mains-PE-insulation form raw readings certificates photographs code/site disposition calibration records and qualified electrical signature,Site identity receptacle polarity branch/GFCI basis factory adapter/cord identity enclosure class PE continuity insulation and disconnect accessibility meet separately approved numerical limits; project-built mains wiring is absent,PASS only if executed INSPECT-E2-002 configuration-bound evidence demonstrates: A qualified electrical reviewer shall accept the insulation obligations before any E2 source connection.,child_id|configuration_id|procedure_id|procedure_revision|observed_value_or_state|acceptance_limit|result_PASS_or_FAIL|evidence_uri|executor|timestamp|reviewer|decision,P0.2 TEMPLATE ISSUED - INTEGRATION AND EXECUTION REQUIRED,ONE NORMATIVE CLAUSE - INDEPENDENT ACCEPTANCE REQUIRED,draft,NOT EXECUTED,SELECTION REQUIRED,SELECTION REQUIRED,NOT APPROVED,"PRELIMINARY - NOT APPROVED FOR FABRICATION, CONNECTION, MOTION, OR ENERGIZATION"
COMM-002-A05,COMM-002,5,commissioning,A qualified electrical reviewer shall accept the disconnect method before any E2 source connection.,MUST,INSPECT-E2-002,Completed mains-PE-insulation form raw readings certificates photographs code/site disposition calibration records and qualified electrical signature,Site identity receptacle polarity branch/GFCI basis factory adapter/cord identity enclosure class PE continuity insulation and disconnect accessibility meet separately approved numerical limits; project-built mains wiring is absent,PASS only if executed INSPECT-E2-002 configuration-bound evidence demonstrates: A qualified electrical reviewer shall accept the disconnect method before any E2 source connection.,child_id|configuration_id|procedure_id|procedure_revision|observed_value_or_state|acceptance_limit|result_PASS_or_FAIL|evidence_uri|executor|timestamp|reviewer|decision,P0.2 TEMPLATE ISSUED - INTEGRATION AND EXECUTION REQUIRED,ONE NORMATIVE CLAUSE - INDEPENDENT ACCEPTANCE REQUIRED,draft,NOT EXECUTED,SELECTION REQUIRED,SELECTION REQUIRED,NOT APPROVED,"PRELIMINARY - NOT APPROVED FOR FABRICATION, CONNECTION, MOTION, OR ENERGIZATION"
COMM-002-A06,COMM-002,6,commissioning,A qualified electrical reviewer shall accept the exact test instruments before any E2 source connection.,MUST,INSPECT-E2-002,Completed mains-PE-insulation form raw readings certificates photographs code/site disposition calibration records and qualified electrical signature,Site identity receptacle polarity branch/GFCI basis factory adapter/cord identity enclosure class PE continuity insulation and disconnect accessibility meet separately approved numerical limits; project-built mains wiring is absent,PASS only if executed INSPECT-E2-002 configuration-bound evidence demonstrates: A qualified electrical reviewer shall accept the exact test instruments before any E2 source connection.,child_id|configuration_id|procedure_id|procedure_revision|observed_value_or_state|acceptance_limit|result_PASS_or_FAIL|evidence_uri|executor|timestamp|reviewer|decision,P0.2 TEMPLATE ISSUED - INTEGRATION AND EXECUTION REQUIRED,ONE NORMATIVE CLAUSE - INDEPENDENT ACCEPTANCE REQUIRED,draft,NOT EXECUTED,SELECTION REQUIRED,SELECTION REQUIRED,NOT APPROVED,"PRELIMINARY - NOT APPROVED FOR FABRICATION, CONNECTION, MOTION, OR ENERGIZATION"
COMM-002-A07,COMM-002,7,commissioning,A qualified electrical reviewer shall accept numerical E2 test limits for the as-built configuration before any source connection.,MUST,INSPECT-E2-002,Completed mains-PE-insulation form raw readings certificates photographs code/site disposition calibration records and qualified electrical signature,Site identity receptacle polarity branch/GFCI basis factory adapter/cord identity enclosure class PE continuity insulation and disconnect accessibility meet separately approved numerical limits; project-built mains wiring is absent,PASS only if executed INSPECT-E2-002 configuration-bound evidence demonstrates: A qualified electrical reviewer shall accept numerical E2 test limits for the as-built configuration before any source connection.,child_id|configuration_id|procedure_id|procedure_revision|observed_value_or_state|acceptance_limit|result_PASS_or_FAIL|evidence_uri|executor|timestamp|reviewer|decision,P0.2 TEMPLATE ISSUED - INTEGRATION AND EXECUTION REQUIRED,ONE NORMATIVE CLAUSE - INDEPENDENT ACCEPTANCE REQUIRED,draft,NOT EXECUTED,SELECTION REQUIRED,SELECTION REQUIRED,NOT APPROVED,"PRELIMINARY - NOT APPROVED FOR FABRICATION, CONNECTION, MOTION, OR ENERGIZATION"
COMM-003-A01,COMM-003,1,commissioning,Each HR-V0 extra-low-voltage conductor shall pass point-to-point continuity inspection before E2 control power.,MUST,TEST-E2-001,Completed point-to-point form raw meter exports photographs calibration records no-backfeed matrix nonconformance dispositions and signed electrical review,Every wire lands on the accepted reference/terminal/net; required paths meet approved resistance limits; forbidden paths remain open; polarity and shielding agree; no protected branch backfeeds another; no electronics are exposed to an unapproved test voltage,PASS only if executed TEST-E2-001 configuration-bound evidence demonstrates: Each HR-V0 extra-low-voltage conductor shall pass point-to-point continuity inspection before E2 control power.,child_id|configuration_id|procedure_id|procedure_revision|observed_value_or_state|acceptance_limit|result_PASS_or_FAIL|evidence_uri|executor|timestamp|reviewer|decision,P0.2 TEMPLATE ISSUED - INTEGRATION AND EXECUTION REQUIRED,ONE NORMATIVE CLAUSE - INDEPENDENT ACCEPTANCE REQUIRED,draft,NOT EXECUTED,SELECTION REQUIRED,SELECTION REQUIRED,NOT APPROVED,"PRELIMINARY - NOT APPROVED FOR FABRICATION, CONNECTION, MOTION, OR ENERGIZATION"
COMM-003-A02,COMM-003,2,commissioning,Each HR-V0 extra-low-voltage terminal shall pass point-to-point continuity inspection before E2 control power.,MUST,TEST-E2-001,Completed point-to-point form raw meter exports photographs calibration records no-backfeed matrix nonconformance dispositions and signed electrical review,Every wire lands on the accepted reference/terminal/net; required paths meet approved resistance limits; forbidden paths remain open; polarity and shielding agree; no protected branch backfeeds another; no electronics are exposed to an unapproved test voltage,PASS only if executed TEST-E2-001 configuration-bound evidence demonstrates: Each HR-V0 extra-low-voltage terminal shall pass point-to-point continuity inspection before E2 control power.,child_id|configuration_id|procedure_id|procedure_revision|observed_value_or_state|acceptance_limit|result_PASS_or_FAIL|evidence_uri|executor|timestamp|reviewer|decision,P0.2 TEMPLATE ISSUED - INTEGRATION AND EXECUTION REQUIRED,ONE NORMATIVE CLAUSE - INDEPENDENT ACCEPTANCE REQUIRED,draft,NOT EXECUTED,SELECTION REQUIRED,SELECTION REQUIRED,NOT APPROVED,"PRELIMINARY - NOT APPROVED FOR FABRICATION, CONNECTION, MOTION, OR ENERGIZATION"
COMM-003-A03,COMM-003,3,commissioning,Each HR-V0 extra-low-voltage connector shall pass point-to-point continuity inspection before E2 control power.,MUST,TEST-E2-001,Completed point-to-point form raw meter exports photographs calibration records no-backfeed matrix nonconformance dispositions and signed electrical review,Every wire lands on the accepted reference/terminal/net; required paths meet approved resistance limits; forbidden paths remain open; polarity and shielding agree; no protected branch backfeeds another; no electronics are exposed to an unapproved test voltage,PASS only if executed TEST-E2-001 configuration-bound evidence demonstrates: Each HR-V0 extra-low-voltage connector shall pass point-to-point continuity inspection before E2 control power.,child_id|configuration_id|procedure_id|procedure_revision|observed_value_or_state|acceptance_limit|result_PASS_or_FAIL|evidence_uri|executor|timestamp|reviewer|decision,P0.2 TEMPLATE ISSUED - INTEGRATION AND EXECUTION REQUIRED,ONE NORMATIVE CLAUSE - INDEPENDENT ACCEPTANCE REQUIRED,draft,NOT EXECUTED,SELECTION REQUIRED,SELECTION REQUIRED,NOT APPROVED,"PRELIMINARY - NOT APPROVED FOR FABRICATION, CONNECTION, MOTION, OR ENERGIZATION"
COMM-003-A04,COMM-003,4,commissioning,Each HR-V0 extra-low-voltage conductor shall pass polarity inspection before E2 control power.,MUST,TEST-E2-001,Completed point-to-point form raw meter exports photographs calibration records no-backfeed matrix nonconformance dispositions and signed electrical review,Every wire lands on the accepted reference/terminal/net; required paths meet approved resistance limits; forbidden paths remain open; polarity and shielding agree; no protected branch backfeeds another; no electronics are exposed to an unapproved test voltage,PASS only if executed TEST-E2-001 configuration-bound evidence demonstrates: Each HR-V0 extra-low-voltage conductor shall pass polarity inspection before E2 control power.,child_id|configuration_id|procedure_id|procedure_revision|observed_value_or_state|acceptance_limit|result_PASS_or_FAIL|evidence_uri|executor|timestamp|reviewer|decision,P0.2 TEMPLATE ISSUED - INTEGRATION AND EXECUTION REQUIRED,ONE NORMATIVE CLAUSE - INDEPENDENT ACCEPTANCE REQUIRED,draft,NOT EXECUTED,SELECTION REQUIRED,SELECTION REQUIRED,NOT APPROVED,"PRELIMINARY - NOT APPROVED FOR FABRICATION, CONNECTION, MOTION, OR ENERGIZATION"
COMM-003-A05,COMM-003,5,commissioning,Each HR-V0 extra-low-voltage conductor shall pass the released isolation-resistance inspection before E2 control power.,MUST,TEST-E2-001,Completed point-to-point form raw meter exports photographs calibration records no-backfeed matrix nonconformance dispositions and signed electrical review,Every wire lands on the accepted reference/terminal/net; required paths meet approved resistance limits; forbidden paths remain open; polarity and shielding agree; no protected branch backfeeds another; no electronics are exposed to an unapproved test voltage,PASS only if executed TEST-E2-001 configuration-bound evidence demonstrates: Each HR-V0 extra-low-voltage conductor shall pass the released isolation-resistance inspection before E2 control power.,child_id|configuration_id|procedure_id|procedure_revision|observed_value_or_state|acceptance_limit|result_PASS_or_FAIL|evidence_uri|executor|timestamp|reviewer|decision,P0.2 TEMPLATE ISSUED - INTEGRATION AND EXECUTION REQUIRED,ONE NORMATIVE CLAUSE - INDEPENDENT ACCEPTANCE REQUIRED,draft,NOT EXECUTED,SELECTION REQUIRED,SELECTION REQUIRED,NOT APPROVED,"PRELIMINARY - NOT APPROVED FOR FABRICATION, CONNECTION, MOTION, OR ENERGIZATION"
COMM-003-A06,COMM-003,6,commissioning,Each HR-V0 extra-low-voltage conductor shall pass the released no-backfeed inspection before E2 control power.,MUST,TEST-E2-001,Completed point-to-point form raw meter exports photographs calibration records no-backfeed matrix nonconformance dispositions and signed electrical review,Every wire lands on the accepted reference/terminal/net; required paths meet approved resistance limits; forbidden paths remain open; polarity and shielding agree; no protected branch backfeeds another; no electronics are exposed to an unapproved test voltage,PASS only if executed TEST-E2-001 configuration-bound evidence demonstrates: Each HR-V0 extra-low-voltage conductor shall pass the released no-backfeed inspection before E2 control power.,child_id|configuration_id|procedure_id|procedure_revision|observed_value_or_state|acceptance_limit|result_PASS_or_FAIL|evidence_uri|executor|timestamp|reviewer|decision,P0.2 TEMPLATE ISSUED - INTEGRATION AND EXECUTION REQUIRED,ONE NORMATIVE CLAUSE - INDEPENDENT ACCEPTANCE REQUIRED,draft,NOT EXECUTED,SELECTION REQUIRED,SELECTION REQUIRED,NOT APPROVED,"PRELIMINARY - NOT APPROVED FOR FABRICATION, CONNECTION, MOTION, OR ENERGIZATION"
COMM-003-A07,COMM-003,7,commissioning,Each COMM-003 inspection shall use the accepted ECAD as a comparison baseline.,MUST,TEST-E2-001,Completed point-to-point form raw meter exports photographs calibration records no-backfeed matrix nonconformance dispositions and signed electrical review,Every wire lands on the accepted reference/terminal/net; required paths meet approved resistance limits; forbidden paths remain open; polarity and shielding agree; no protected branch backfeeds another; no electronics are exposed to an unapproved test voltage,PASS only if executed TEST-E2-001 configuration-bound evidence demonstrates: Each COMM-003 inspection shall use the accepted ECAD as a comparison baseline.,child_id|configuration_id|procedure_id|procedure_revision|observed_value_or_state|acceptance_limit|result_PASS_or_FAIL|evidence_uri|executor|timestamp|reviewer|decision,P0.2 TEMPLATE ISSUED - INTEGRATION AND EXECUTION REQUIRED,ONE NORMATIVE CLAUSE - INDEPENDENT ACCEPTANCE REQUIRED,draft,NOT EXECUTED,SELECTION REQUIRED,SELECTION REQUIRED,NOT APPROVED,"PRELIMINARY - NOT APPROVED FOR FABRICATION, CONNECTION, MOTION, OR ENERGIZATION"
COMM-003-A08,COMM-003,8,commissioning,Each HR-V0 extra-low-voltage terminal shall pass polarity inspection before E2 control power.,MUST,TEST-E2-001,Completed point-to-point form raw meter exports photographs calibration records no-backfeed matrix nonconformance dispositions and signed electrical review,Every wire lands on the accepted reference/terminal/net; required paths meet approved resistance limits; forbidden paths remain open; polarity and shielding agree; no protected branch backfeeds another; no electronics are exposed to an unapproved test voltage,PASS only if executed TEST-E2-001 configuration-bound evidence demonstrates: Each HR-V0 extra-low-voltage terminal shall pass polarity inspection before E2 control power.,child_id|configuration_id|procedure_id|procedure_revision|observed_value_or_state|acceptance_limit|result_PASS_or_FAIL|evidence_uri|executor|timestamp|reviewer|decision,P0.2 TEMPLATE ISSUED - INTEGRATION AND EXECUTION REQUIRED,ONE NORMATIVE CLAUSE - INDEPENDENT ACCEPTANCE REQUIRED,draft,NOT EXECUTED,SELECTION REQUIRED,SELECTION REQUIRED,NOT APPROVED,"PRELIMINARY - NOT APPROVED FOR FABRICATION, CONNECTION, MOTION, OR ENERGIZATION"
COMM-003-A09,COMM-003,9,commissioning,Each HR-V0 extra-low-voltage connector shall pass polarity inspection before E2 control power.,MUST,TEST-E2-001,Completed point-to-point form raw meter exports photographs calibration records no-backfeed matrix nonconformance dispositions and signed electrical review,Every wire lands on the accepted reference/terminal/net; required paths meet approved resistance limits; forbidden paths remain open; polarity and shielding agree; no protected branch backfeeds another; no electronics are exposed to an unapproved test voltage,PASS only if executed TEST-E2-001 configuration-bound evidence demonstrates: Each HR-V0 extra-low-voltage connector shall pass polarity inspection before E2 control power.,child_id|configuration_id|procedure_id|procedure_revision|observed_value_or_state|acceptance_limit|result_PASS_or_FAIL|evidence_uri|executor|timestamp|reviewer|decision,P0.2 TEMPLATE ISSUED - INTEGRATION AND EXECUTION REQUIRED,ONE NORMATIVE CLAUSE - INDEPENDENT ACCEPTANCE REQUIRED,draft,NOT EXECUTED,SELECTION REQUIRED,SELECTION REQUIRED,NOT APPROVED,"PRELIMINARY - NOT APPROVED FOR FABRICATION, CONNECTION, MOTION, OR ENERGIZATION"
COMM-003-A10,COMM-003,10,commissioning,Each HR-V0 extra-low-voltage terminal shall pass the released isolation-resistance inspection before E2 control power.,MUST,TEST-E2-001,Completed point-to-point form raw meter exports photographs calibration records no-backfeed matrix nonconformance dispositions and signed electrical review,Every wire lands on the accepted reference/terminal/net; required paths meet approved resistance limits; forbidden paths remain open; polarity and shielding agree; no protected branch backfeeds another; no electronics are exposed to an unapproved test voltage,PASS only if executed TEST-E2-001 configuration-bound evidence demonstrates: Each HR-V0 extra-low-voltage terminal shall pass the released isolation-resistance inspection before E2 control power.,child_id|configuration_id|procedure_id|procedure_revision|observed_value_or_state|acceptance_limit|result_PASS_or_FAIL|evidence_uri|executor|timestamp|reviewer|decision,P0.2 TEMPLATE ISSUED - INTEGRATION AND EXECUTION REQUIRED,ONE NORMATIVE CLAUSE - INDEPENDENT ACCEPTANCE REQUIRED,draft,NOT EXECUTED,SELECTION REQUIRED,SELECTION REQUIRED,NOT APPROVED,"PRELIMINARY - NOT APPROVED FOR FABRICATION, CONNECTION, MOTION, OR ENERGIZATION"
COMM-003-A11,COMM-003,11,commissioning,Each HR-V0 extra-low-voltage connector shall pass the released isolation-resistance inspection before E2 control power.,MUST,TEST-E2-001,Completed point-to-point form raw meter exports photographs calibration records no-backfeed matrix nonconformance dispositions and signed electrical review,Every wire lands on the accepted reference/terminal/net; required paths meet approved resistance limits; forbidden paths remain open; polarity and shielding agree; no protected branch backfeeds another; no electronics are exposed to an unapproved test voltage,PASS only if executed TEST-E2-001 configuration-bound evidence demonstrates: Each HR-V0 extra-low-voltage connector shall pass the released isolation-resistance inspection before E2 control power.,child_id|configuration_id|procedure_id|procedure_revision|observed_value_or_state|acceptance_limit|result_PASS_or_FAIL|evidence_uri|executor|timestamp|reviewer|decision,P0.2 TEMPLATE ISSUED - INTEGRATION AND EXECUTION REQUIRED,ONE NORMATIVE CLAUSE - INDEPENDENT ACCEPTANCE REQUIRED,draft,NOT EXECUTED,SELECTION REQUIRED,SELECTION REQUIRED,NOT APPROVED,"PRELIMINARY - NOT APPROVED FOR FABRICATION, CONNECTION, MOTION, OR ENERGIZATION"
COMM-003-A12,COMM-003,12,commissioning,Each HR-V0 extra-low-voltage terminal shall pass the released no-backfeed inspection before E2 control power.,MUST,TEST-E2-001,Completed point-to-point form raw meter exports photographs calibration records no-backfeed matrix nonconformance dispositions and signed electrical review,Every wire lands on the accepted reference/terminal/net; required paths meet approved resistance limits; forbidden paths remain open; polarity and shielding agree; no protected branch backfeeds another; no electronics are exposed to an unapproved test voltage,PASS only if executed TEST-E2-001 configuration-bound evidence demonstrates: Each HR-V0 extra-low-voltage terminal shall pass the released no-backfeed inspection before E2 control power.,child_id|configuration_id|procedure_id|procedure_revision|observed_value_or_state|acceptance_limit|result_PASS_or_FAIL|evidence_uri|executor|timestamp|reviewer|decision,P0.2 TEMPLATE ISSUED - INTEGRATION AND EXECUTION REQUIRED,ONE NORMATIVE CLAUSE - INDEPENDENT ACCEPTANCE REQUIRED,draft,NOT EXECUTED,SELECTION REQUIRED,SELECTION REQUIRED,NOT APPROVED,"PRELIMINARY - NOT APPROVED FOR FABRICATION, CONNECTION, MOTION, OR ENERGIZATION"
COMM-003-A13,COMM-003,13,commissioning,Each HR-V0 extra-low-voltage connector shall pass the released no-backfeed inspection before E2 control power.,MUST,TEST-E2-001,Completed point-to-point form raw meter exports photographs calibration records no-backfeed matrix nonconformance dispositions and signed electrical review,Every wire lands on the accepted reference/terminal/net; required paths meet approved resistance limits; forbidden paths remain open; polarity and shielding agree; no protected branch backfeeds another; no electronics are exposed to an unapproved test voltage,PASS only if executed TEST-E2-001 configuration-bound evidence demonstrates: Each HR-V0 extra-low-voltage connector shall pass the released no-backfeed inspection before E2 control power.,child_id|configuration_id|procedure_id|procedure_revision|observed_value_or_state|acceptance_limit|result_PASS_or_FAIL|evidence_uri|executor|timestamp|reviewer|decision,P0.2 TEMPLATE ISSUED - INTEGRATION AND EXECUTION REQUIRED,ONE NORMATIVE CLAUSE - INDEPENDENT ACCEPTANCE REQUIRED,draft,NOT EXECUTED,SELECTION REQUIRED,SELECTION REQUIRED,NOT APPROVED,"PRELIMINARY - NOT APPROVED FOR FABRICATION, CONNECTION, MOTION, OR ENERGIZATION"
COMM-003-A14,COMM-003,14,commissioning,Each COMM-003 inspection shall use the accepted as-built harness as a comparison baseline.,MUST,TEST-E2-001,Completed point-to-point form raw meter exports photographs calibration records no-backfeed matrix nonconformance dispositions and signed electrical review,Every wire lands on the accepted reference/terminal/net; required paths meet approved resistance limits; forbidden paths remain open; polarity and shielding agree; no protected branch backfeeds another; no electronics are exposed to an unapproved test voltage,PASS only if executed TEST-E2-001 configuration-bound evidence demonstrates: Each COMM-003 inspection shall use the accepted as-built harness as a comparison baseline.,child_id|configuration_id|procedure_id|procedure_revision|observed_value_or_state|acceptance_limit|result_PASS_or_FAIL|evidence_uri|executor|timestamp|reviewer|decision,P0.2 TEMPLATE ISSUED - INTEGRATION AND EXECUTION REQUIRED,ONE NORMATIVE CLAUSE - INDEPENDENT ACCEPTANCE REQUIRED,draft,NOT EXECUTED,SELECTION REQUIRED,SELECTION REQUIRED,NOT APPROVED,"PRELIMINARY - NOT APPROVED FOR FABRICATION, CONNECTION, MOTION, OR ENERGIZATION"
COMM-004-A01,COMM-004,1,commissioning,E2 shall energize only the accepted 24 V safety-control source.,MUST,TEST-E2-002,Completed E2 safety-logic form sequence log raw scope/logger files setup photographs calibration records fault matrix nonconformance dispositions and signed independent witness report,Actuator source remains physically absent and actuator buses remain at zero volts; initial power-up E-stop release RESET heartbeat restoration and software reboot never energize K1/K2 outside the accepted sequence; distinct ARM is required; each E-stop channel and approved fault forces the expected safe logic state; all raw timings are recorded without claiming stopping-distance or safety-integrity validation,PASS only if executed TEST-E2-002 configuration-bound evidence demonstrates: E2 shall energize only the accepted 24 V safety-control source.,child_id|configuration_id|procedure_id|procedure_revision|observed_value_or_state|acceptance_limit|result_PASS_or_FAIL|evidence_uri|executor|timestamp|reviewer|decision,P0.2 TEMPLATE ISSUED - INTEGRATION AND EXECUTION REQUIRED,ONE NORMATIVE CLAUSE - INDEPENDENT ACCEPTANCE REQUIRED,draft,NOT EXECUTED,SELECTION REQUIRED,SELECTION REQUIRED,NOT APPROVED,"PRELIMINARY - NOT APPROVED FOR FABRICATION, CONNECTION, MOTION, OR ENERGIZATION"
COMM-004-A02,COMM-004,2,commissioning,The 12 V actuator source shall be physically absent throughout E2.,MUST,TEST-E2-002,Completed E2 safety-logic form sequence log raw scope/logger files setup photographs calibration records fault matrix nonconformance dispositions and signed independent witness report,Actuator source remains physically absent and actuator buses remain at zero volts; initial power-up E-stop release RESET heartbeat restoration and software reboot never energize K1/K2 outside the accepted sequence; distinct ARM is required; each E-stop channel and approved fault forces the expected safe logic state; all raw timings are recorded without claiming stopping-distance or safety-integrity validation,PASS only if executed TEST-E2-002 configuration-bound evidence demonstrates: The 12 V actuator source shall be physically absent throughout E2.,child_id|configuration_id|procedure_id|procedure_revision|observed_value_or_state|acceptance_limit|result_PASS_or_FAIL|evidence_uri|executor|timestamp|reviewer|decision,P0.2 TEMPLATE ISSUED - INTEGRATION AND EXECUTION REQUIRED,ONE NORMATIVE CLAUSE - INDEPENDENT ACCEPTANCE REQUIRED,draft,NOT EXECUTED,SELECTION REQUIRED,SELECTION REQUIRED,NOT APPROVED,"PRELIMINARY - NOT APPROVED FOR FABRICATION, CONNECTION, MOTION, OR ENERGIZATION"
COMM-004-A03,COMM-004,3,commissioning,Every actuator branch shall be disconnected throughout E2.,MUST,TEST-E2-002,Completed E2 safety-logic form sequence log raw scope/logger files setup photographs calibration records fault matrix nonconformance dispositions and signed independent witness report,Actuator source remains physically absent and actuator buses remain at zero volts; initial power-up E-stop release RESET heartbeat restoration and software reboot never energize K1/K2 outside the accepted sequence; distinct ARM is required; each E-stop channel and approved fault forces the expected safe logic state; all raw timings are recorded without claiming stopping-distance or safety-integrity validation,PASS only if executed TEST-E2-002 configuration-bound evidence demonstrates: Every actuator branch shall be disconnected throughout E2.,child_id|configuration_id|procedure_id|procedure_revision|observed_value_or_state|acceptance_limit|result_PASS_or_FAIL|evidence_uri|executor|timestamp|reviewer|decision,P0.2 TEMPLATE ISSUED - INTEGRATION AND EXECUTION REQUIRED,ONE NORMATIVE CLAUSE - INDEPENDENT ACCEPTANCE REQUIRED,draft,NOT EXECUTED,SELECTION REQUIRED,SELECTION REQUIRED,NOT APPROVED,"PRELIMINARY - NOT APPROVED FOR FABRICATION, CONNECTION, MOTION, OR ENERGIZATION"
COMM-004-A04,COMM-004,4,commissioning,Every disconnected actuator branch shall be covered throughout E2.,MUST,TEST-E2-002,Completed E2 safety-logic form sequence log raw scope/logger files setup photographs calibration records fault matrix nonconformance dispositions and signed independent witness report,Actuator source remains physically absent and actuator buses remain at zero volts; initial power-up E-stop release RESET heartbeat restoration and software reboot never energize K1/K2 outside the accepted sequence; distinct ARM is required; each E-stop channel and approved fault forces the expected safe logic state; all raw timings are recorded without claiming stopping-distance or safety-integrity validation,PASS only if executed TEST-E2-002 configuration-bound evidence demonstrates: Every disconnected actuator branch shall be covered throughout E2.,child_id|configuration_id|procedure_id|procedure_revision|observed_value_or_state|acceptance_limit|result_PASS_or_FAIL|evidence_uri|executor|timestamp|reviewer|decision,P0.2 TEMPLATE ISSUED - INTEGRATION AND EXECUTION REQUIRED,ONE NORMATIVE CLAUSE - INDEPENDENT ACCEPTANCE REQUIRED,draft,NOT EXECUTED,SELECTION REQUIRED,SELECTION REQUIRED,NOT APPROVED,"PRELIMINARY - NOT APPROVED FOR FABRICATION, CONNECTION, MOTION, OR ENERGIZATION"
COMM-004-A05,COMM-004,5,commissioning,Every actuator branch shall be verified at zero volts before the released E2 checks.,MUST,TEST-E2-002,Completed E2 safety-logic form sequence log raw scope/logger files setup photographs calibration records fault matrix nonconformance dispositions and signed independent witness report,Actuator source remains physically absent and actuator buses remain at zero volts; initial power-up E-stop release RESET heartbeat restoration and software reboot never energize K1/K2 outside the accepted sequence; distinct ARM is required; each E-stop channel and approved fault forces the expected safe logic state; all raw timings are recorded without claiming stopping-distance or safety-integrity validation,PASS only if executed TEST-E2-002 configuration-bound evidence demonstrates: Every actuator branch shall be verified at zero volts before the released E2 checks.,child_id|configuration_id|procedure_id|procedure_revision|observed_value_or_state|acceptance_limit|result_PASS_or_FAIL|evidence_uri|executor|timestamp|reviewer|decision,P0.2 TEMPLATE ISSUED - INTEGRATION AND EXECUTION REQUIRED,ONE NORMATIVE CLAUSE - INDEPENDENT ACCEPTANCE REQUIRED,draft,NOT EXECUTED,SELECTION REQUIRED,SELECTION REQUIRED,NOT APPROVED,"PRELIMINARY - NOT APPROVED FOR FABRICATION, CONNECTION, MOTION, OR ENERGIZATION"
COMM-004-A06,COMM-004,6,commissioning,The staged E2 safety-logic tests shall prove that no tested recovery condition causes automatic restart.,MUST,TEST-E2-002,Completed E2 safety-logic form sequence log raw scope/logger files setup photographs calibration records fault matrix nonconformance dispositions and signed independent witness report,Actuator source remains physically absent and actuator buses remain at zero volts; initial power-up E-stop release RESET heartbeat restoration and software reboot never energize K1/K2 outside the accepted sequence; distinct ARM is required; each E-stop channel and approved fault forces the expected safe logic state; all raw timings are recorded without claiming stopping-distance or safety-integrity validation,PASS only if executed TEST-E2-002 configuration-bound evidence demonstrates: The staged E2 safety-logic tests shall prove that no tested recovery condition causes automatic restart.,child_id|configuration_id|procedure_id|procedure_revision|observed_value_or_state|acceptance_limit|result_PASS_or_FAIL|evidence_uri|executor|timestamp|reviewer|decision,P0.2 TEMPLATE ISSUED - INTEGRATION AND EXECUTION REQUIRED,ONE NORMATIVE CLAUSE - INDEPENDENT ACCEPTANCE REQUIRED,draft,NOT EXECUTED,SELECTION REQUIRED,SELECTION REQUIRED,NOT APPROVED,"PRELIMINARY - NOT APPROVED FOR FABRICATION, CONNECTION, MOTION, OR ENERGIZATION"
COMM-004-A07,COMM-004,7,commissioning,E2 evidence shall claim no motion-validation credit.,MUST,TEST-E2-002,Completed E2 safety-logic form sequence log raw scope/logger files setup photographs calibration records fault matrix nonconformance dispositions and signed independent witness report,Actuator source remains physically absent and actuator buses remain at zero volts; initial power-up E-stop release RESET heartbeat restoration and software reboot never energize K1/K2 outside the accepted sequence; distinct ARM is required; each E-stop channel and approved fault forces the expected safe logic state; all raw timings are recorded without claiming stopping-distance or safety-integrity validation,PASS only if executed TEST-E2-002 configuration-bound evidence demonstrates: E2 evidence shall claim no motion-validation credit.,child_id|configuration_id|procedure_id|procedure_revision|observed_value_or_state|acceptance_limit|result_PASS_or_FAIL|evidence_uri|executor|timestamp|reviewer|decision,P0.2 TEMPLATE ISSUED - INTEGRATION AND EXECUTION REQUIRED,ONE NORMATIVE CLAUSE - INDEPENDENT ACCEPTANCE REQUIRED,draft,NOT EXECUTED,SELECTION REQUIRED,SELECTION REQUIRED,NOT APPROVED,"PRELIMINARY - NOT APPROVED FOR FABRICATION, CONNECTION, MOTION, OR ENERGIZATION"
COMM-004-A08,COMM-004,8,commissioning,E2 evidence shall claim no stopping-distance-validation credit.,MUST,TEST-E2-002,Completed E2 safety-logic form sequence log raw scope/logger files setup photographs calibration records fault matrix nonconformance dispositions and signed independent witness report,Actuator source remains physically absent and actuator buses remain at zero volts; initial power-up E-stop release RESET heartbeat restoration and software reboot never energize K1/K2 outside the accepted sequence; distinct ARM is required; each E-stop channel and approved fault forces the expected safe logic state; all raw timings are recorded without claiming stopping-distance or safety-integrity validation,PASS only if executed TEST-E2-002 configuration-bound evidence demonstrates: E2 evidence shall claim no stopping-distance-validation credit.,child_id|configuration_id|procedure_id|procedure_revision|observed_value_or_state|acceptance_limit|result_PASS_or_FAIL|evidence_uri|executor|timestamp|reviewer|decision,P0.2 TEMPLATE ISSUED - INTEGRATION AND EXECUTION REQUIRED,ONE NORMATIVE CLAUSE - INDEPENDENT ACCEPTANCE REQUIRED,draft,NOT EXECUTED,SELECTION REQUIRED,SELECTION REQUIRED,NOT APPROVED,"PRELIMINARY - NOT APPROVED FOR FABRICATION, CONNECTION, MOTION, OR ENERGIZATION"
COMM-004-A09,COMM-004,9,commissioning,E2 shall energize only the accepted 5.1 V compute source.,MUST,TEST-E2-002,Completed E2 safety-logic form sequence log raw scope/logger files setup photographs calibration records fault matrix nonconformance dispositions and signed independent witness report,Actuator source remains physically absent and actuator buses remain at zero volts; initial power-up E-stop release RESET heartbeat restoration and software reboot never energize K1/K2 outside the accepted sequence; distinct ARM is required; each E-stop channel and approved fault forces the expected safe logic state; all raw timings are recorded without claiming stopping-distance or safety-integrity validation,PASS only if executed TEST-E2-002 configuration-bound evidence demonstrates: E2 shall energize only the accepted 5.1 V compute source.,child_id|configuration_id|procedure_id|procedure_revision|observed_value_or_state|acceptance_limit|result_PASS_or_FAIL|evidence_uri|executor|timestamp|reviewer|decision,P0.2 TEMPLATE ISSUED - INTEGRATION AND EXECUTION REQUIRED,ONE NORMATIVE CLAUSE - INDEPENDENT ACCEPTANCE REQUIRED,draft,NOT EXECUTED,SELECTION REQUIRED,SELECTION REQUIRED,NOT APPROVED,"PRELIMINARY - NOT APPROVED FOR FABRICATION, CONNECTION, MOTION, OR ENERGIZATION"
COMM-004-A10,COMM-004,10,commissioning,Every actuator branch shall be verified at zero volts during the released E2 checks.,MUST,TEST-E2-002,Completed E2 safety-logic form sequence log raw scope/logger files setup photographs calibration records fault matrix nonconformance dispositions and signed independent witness report,Actuator source remains physically absent and actuator buses remain at zero volts; initial power-up E-stop release RESET heartbeat restoration and software reboot never energize K1/K2 outside the accepted sequence; distinct ARM is required; each E-stop channel and approved fault forces the expected safe logic state; all raw timings are recorded without claiming stopping-distance or safety-integrity validation,PASS only if executed TEST-E2-002 configuration-bound evidence demonstrates: Every actuator branch shall be verified at zero volts during the released E2 checks.,child_id|configuration_id|procedure_id|procedure_revision|observed_value_or_state|acceptance_limit|result_PASS_or_FAIL|evidence_uri|executor|timestamp|reviewer|decision,P0.2 TEMPLATE ISSUED - INTEGRATION AND EXECUTION REQUIRED,ONE NORMATIVE CLAUSE - INDEPENDENT ACCEPTANCE REQUIRED,draft,NOT EXECUTED,SELECTION REQUIRED,SELECTION REQUIRED,NOT APPROVED,"PRELIMINARY - NOT APPROVED FOR FABRICATION, CONNECTION, MOTION, OR ENERGIZATION"
COMM-005-A01,COMM-005,1,commissioning,Each E2 run shall have written configuration-specific authorization from the test director.,MUST,AUDIT-E2-001,Signed authorization/revocation form gate report briefing attendance role/competence evidence deviation log shutdown record and qualified electrical plus functional-safety dispositions,All applicable EG-001 through EG-022 prerequisites are evidenced to the level accepted by qualified reviewers; four required roles sign before connection; no person signs incompatible roles where independence is required; every stop condition and change automatically revokes authorization,PASS only if executed AUDIT-E2-001 configuration-bound evidence demonstrates: Each E2 run shall have written configuration-specific authorization from the test director.,child_id|configuration_id|procedure_id|procedure_revision|observed_value_or_state|acceptance_limit|result_PASS_or_FAIL|evidence_uri|executor|timestamp|reviewer|decision,P0.2 TEMPLATE ISSUED - INTEGRATION AND EXECUTION REQUIRED,ONE NORMATIVE CLAUSE - INDEPENDENT ACCEPTANCE REQUIRED,draft,NOT EXECUTED,SELECTION REQUIRED,SELECTION REQUIRED,NOT APPROVED,"PRELIMINARY - NOT APPROVED FOR FABRICATION, CONNECTION, MOTION, OR ENERGIZATION"
COMM-005-A02,COMM-005,2,commissioning,Each E2 run shall have written configuration-specific authorization from a qualified electrical reviewer.,MUST,AUDIT-E2-001,Signed authorization/revocation form gate report briefing attendance role/competence evidence deviation log shutdown record and qualified electrical plus functional-safety dispositions,All applicable EG-001 through EG-022 prerequisites are evidenced to the level accepted by qualified reviewers; four required roles sign before connection; no person signs incompatible roles where independence is required; every stop condition and change automatically revokes authorization,PASS only if executed AUDIT-E2-001 configuration-bound evidence demonstrates: Each E2 run shall have written configuration-specific authorization from a qualified electrical reviewer.,child_id|configuration_id|procedure_id|procedure_revision|observed_value_or_state|acceptance_limit|result_PASS_or_FAIL|evidence_uri|executor|timestamp|reviewer|decision,P0.2 TEMPLATE ISSUED - INTEGRATION AND EXECUTION REQUIRED,ONE NORMATIVE CLAUSE - INDEPENDENT ACCEPTANCE REQUIRED,draft,NOT EXECUTED,SELECTION REQUIRED,SELECTION REQUIRED,NOT APPROVED,"PRELIMINARY - NOT APPROVED FOR FABRICATION, CONNECTION, MOTION, OR ENERGIZATION"
COMM-005-A03,COMM-005,3,commissioning,Each E2 run shall have written configuration-specific authorization from a qualified functional-safety reviewer.,MUST,AUDIT-E2-001,Signed authorization/revocation form gate report briefing attendance role/competence evidence deviation log shutdown record and qualified electrical plus functional-safety dispositions,All applicable EG-001 through EG-022 prerequisites are evidenced to the level accepted by qualified reviewers; four required roles sign before connection; no person signs incompatible roles where independence is required; every stop condition and change automatically revokes authorization,PASS only if executed AUDIT-E2-001 configuration-bound evidence demonstrates: Each E2 run shall have written configuration-specific authorization from a qualified functional-safety reviewer.,child_id|configuration_id|procedure_id|procedure_revision|observed_value_or_state|acceptance_limit|result_PASS_or_FAIL|evidence_uri|executor|timestamp|reviewer|decision,P0.2 TEMPLATE ISSUED - INTEGRATION AND EXECUTION REQUIRED,ONE NORMATIVE CLAUSE - INDEPENDENT ACCEPTANCE REQUIRED,draft,NOT EXECUTED,SELECTION REQUIRED,SELECTION REQUIRED,NOT APPROVED,"PRELIMINARY - NOT APPROVED FOR FABRICATION, CONNECTION, MOTION, OR ENERGIZATION"
COMM-005-A04,COMM-005,4,commissioning,Each E2 run shall have written configuration-specific authorization from an independent witness.,MUST,AUDIT-E2-001,Signed authorization/revocation form gate report briefing attendance role/competence evidence deviation log shutdown record and qualified electrical plus functional-safety dispositions,All applicable EG-001 through EG-022 prerequisites are evidenced to the level accepted by qualified reviewers; four required roles sign before connection; no person signs incompatible roles where independence is required; every stop condition and change automatically revokes authorization,PASS only if executed AUDIT-E2-001 configuration-bound evidence demonstrates: Each E2 run shall have written configuration-specific authorization from an independent witness.,child_id|configuration_id|procedure_id|procedure_revision|observed_value_or_state|acceptance_limit|result_PASS_or_FAIL|evidence_uri|executor|timestamp|reviewer|decision,P0.2 TEMPLATE ISSUED - INTEGRATION AND EXECUTION REQUIRED,ONE NORMATIVE CLAUSE - INDEPENDENT ACCEPTANCE REQUIRED,draft,NOT EXECUTED,SELECTION REQUIRED,SELECTION REQUIRED,NOT APPROVED,"PRELIMINARY - NOT APPROVED FOR FABRICATION, CONNECTION, MOTION, OR ENERGIZATION"
COMM-005-A05,COMM-005,5,commissioning,Any prerequisite change during E2 shall revoke authorization.,MUST,AUDIT-E2-001,Signed authorization/revocation form gate report briefing attendance role/competence evidence deviation log shutdown record and qualified electrical plus functional-safety dispositions,All applicable EG-001 through EG-022 prerequisites are evidenced to the level accepted by qualified reviewers; four required roles sign before connection; no person signs incompatible roles where independence is required; every stop condition and change automatically revokes authorization,PASS only if executed AUDIT-E2-001 configuration-bound evidence demonstrates: Any prerequisite change during E2 shall revoke authorization.,child_id|configuration_id|procedure_id|procedure_revision|observed_value_or_state|acceptance_limit|result_PASS_or_FAIL|evidence_uri|executor|timestamp|reviewer|decision,P0.2 TEMPLATE ISSUED - INTEGRATION AND EXECUTION REQUIRED,ONE NORMATIVE CLAUSE - INDEPENDENT ACCEPTANCE REQUIRED,draft,NOT EXECUTED,SELECTION REQUIRED,SELECTION REQUIRED,NOT APPROVED,"PRELIMINARY - NOT APPROVED FOR FABRICATION, CONNECTION, MOTION, OR ENERGIZATION"
COMM-005-A06,COMM-005,6,commissioning,Any unexpected voltage during E2 shall revoke authorization.,MUST,AUDIT-E2-001,Signed authorization/revocation form gate report briefing attendance role/competence evidence deviation log shutdown record and qualified electrical plus functional-safety dispositions,All applicable EG-001 through EG-022 prerequisites are evidenced to the level accepted by qualified reviewers; four required roles sign before connection; no person signs incompatible roles where independence is required; every stop condition and change automatically revokes authorization,PASS only if executed AUDIT-E2-001 configuration-bound evidence demonstrates: Any unexpected voltage during E2 shall revoke authorization.,child_id|configuration_id|procedure_id|procedure_revision|observed_value_or_state|acceptance_limit|result_PASS_or_FAIL|evidence_uri|executor|timestamp|reviewer|decision,P0.2 TEMPLATE ISSUED - INTEGRATION AND EXECUTION REQUIRED,ONE NORMATIVE CLAUSE - INDEPENDENT ACCEPTANCE REQUIRED,draft,NOT EXECUTED,SELECTION REQUIRED,SELECTION REQUIRED,NOT APPROVED,"PRELIMINARY - NOT APPROVED FOR FABRICATION, CONNECTION, MOTION, OR ENERGIZATION"
COMM-005-A07,COMM-005,7,commissioning,Any unauthorized state during E2 shall revoke authorization.,MUST,AUDIT-E2-001,Signed authorization/revocation form gate report briefing attendance role/competence evidence deviation log shutdown record and qualified electrical plus functional-safety dispositions,All applicable EG-001 through EG-022 prerequisites are evidenced to the level accepted by qualified reviewers; four required roles sign before connection; no person signs incompatible roles where independence is required; every stop condition and change automatically revokes authorization,PASS only if executed AUDIT-E2-001 configuration-bound evidence demonstrates: Any unauthorized state during E2 shall revoke authorization.,child_id|configuration_id|procedure_id|procedure_revision|observed_value_or_state|acceptance_limit|result_PASS_or_FAIL|evidence_uri|executor|timestamp|reviewer|decision,P0.2 TEMPLATE ISSUED - INTEGRATION AND EXECUTION REQUIRED,ONE NORMATIVE CLAUSE - INDEPENDENT ACCEPTANCE REQUIRED,draft,NOT EXECUTED,SELECTION REQUIRED,SELECTION REQUIRED,NOT APPROVED,"PRELIMINARY - NOT APPROVED FOR FABRICATION, CONNECTION, MOTION, OR ENERGIZATION"
COMM-005-A08,COMM-005,8,commissioning,Any expired calibration during E2 shall revoke authorization.,MUST,AUDIT-E2-001,Signed authorization/revocation form gate report briefing attendance role/competence evidence deviation log shutdown record and qualified electrical plus functional-safety dispositions,All applicable EG-001 through EG-022 prerequisites are evidenced to the level accepted by qualified reviewers; four required roles sign before connection; no person signs incompatible roles where independence is required; every stop condition and change automatically revokes authorization,PASS only if executed AUDIT-E2-001 configuration-bound evidence demonstrates: Any expired calibration during E2 shall revoke authorization.,child_id|configuration_id|procedure_id|procedure_revision|observed_value_or_state|acceptance_limit|result_PASS_or_FAIL|evidence_uri|executor|timestamp|reviewer|decision,P0.2 TEMPLATE ISSUED - INTEGRATION AND EXECUTION REQUIRED,ONE NORMATIVE CLAUSE - INDEPENDENT ACCEPTANCE REQUIRED,draft,NOT EXECUTED,SELECTION REQUIRED,SELECTION REQUIRED,NOT APPROVED,"PRELIMINARY - NOT APPROVED FOR FABRICATION, CONNECTION, MOTION, OR ENERGIZATION"
COMM-005-A09,COMM-005,9,commissioning,Any open deviation during E2 shall revoke authorization.,MUST,AUDIT-E2-001,Signed authorization/revocation form gate report briefing attendance role/competence evidence deviation log shutdown record and qualified electrical plus functional-safety dispositions,All applicable EG-001 through EG-022 prerequisites are evidenced to the level accepted by qualified reviewers; four required roles sign before connection; no person signs incompatible roles where independence is required; every stop condition and change automatically revokes authorization,PASS only if executed AUDIT-E2-001 configuration-bound evidence demonstrates: Any open deviation during E2 shall revoke authorization.,child_id|configuration_id|procedure_id|procedure_revision|observed_value_or_state|acceptance_limit|result_PASS_or_FAIL|evidence_uri|executor|timestamp|reviewer|decision,P0.2 TEMPLATE ISSUED - INTEGRATION AND EXECUTION REQUIRED,ONE NORMATIVE CLAUSE - INDEPENDENT ACCEPTANCE REQUIRED,draft,NOT EXECUTED,SELECTION REQUIRED,SELECTION REQUIRED,NOT APPROVED,"PRELIMINARY - NOT APPROVED FOR FABRICATION, CONNECTION, MOTION, OR ENERGIZATION"
COMM-005-A10,COMM-005,10,commissioning,Any exclusion-zone breach during E2 shall revoke authorization.,MUST,AUDIT-E2-001,Signed authorization/revocation form gate report briefing attendance role/competence evidence deviation log shutdown record and qualified electrical plus functional-safety dispositions,All applicable EG-001 through EG-022 prerequisites are evidenced to the level accepted by qualified reviewers; four required roles sign before connection; no person signs incompatible roles where independence is required; every stop condition and change automatically revokes authorization,PASS only if executed AUDIT-E2-001 configuration-bound evidence demonstrates: Any exclusion-zone breach during E2 shall revoke authorization.,child_id|configuration_id|procedure_id|procedure_revision|observed_value_or_state|acceptance_limit|result_PASS_or_FAIL|evidence_uri|executor|timestamp|reviewer|decision,P0.2 TEMPLATE ISSUED - INTEGRATION AND EXECUTION REQUIRED,ONE NORMATIVE CLAUSE - INDEPENDENT ACCEPTANCE REQUIRED,draft,NOT EXECUTED,SELECTION REQUIRED,SELECTION REQUIRED,NOT APPROVED,"PRELIMINARY - NOT APPROVED FOR FABRICATION, CONNECTION, MOTION, OR ENERGIZATION"
COMM-005-A11,COMM-005,11,commissioning,Any prerequisite change during E2 shall require controlled shutdown.,MUST,AUDIT-E2-001,Signed authorization/revocation form gate report briefing attendance role/competence evidence deviation log shutdown record and qualified electrical plus functional-safety dispositions,All applicable EG-001 through EG-022 prerequisites are evidenced to the level accepted by qualified reviewers; four required roles sign before connection; no person signs incompatible roles where independence is required; every stop condition and change automatically revokes authorization,PASS only if executed AUDIT-E2-001 configuration-bound evidence demonstrates: Any prerequisite change during E2 shall require controlled shutdown.,child_id|configuration_id|procedure_id|procedure_revision|observed_value_or_state|acceptance_limit|result_PASS_or_FAIL|evidence_uri|executor|timestamp|reviewer|decision,P0.2 TEMPLATE ISSUED - INTEGRATION AND EXECUTION REQUIRED,ONE NORMATIVE CLAUSE - INDEPENDENT ACCEPTANCE REQUIRED,draft,NOT EXECUTED,SELECTION REQUIRED,SELECTION REQUIRED,NOT APPROVED,"PRELIMINARY - NOT APPROVED FOR FABRICATION, CONNECTION, MOTION, OR ENERGIZATION"
COMM-005-A12,COMM-005,12,commissioning,Any unexpected voltage during E2 shall require controlled shutdown.,MUST,AUDIT-E2-001,Signed authorization/revocation form gate report briefing attendance role/competence evidence deviation log shutdown record and qualified electrical plus functional-safety dispositions,All applicable EG-001 through EG-022 prerequisites are evidenced to the level accepted by qualified reviewers; four required roles sign before connection; no person signs incompatible roles where independence is required; every stop condition and change automatically revokes authorization,PASS only if executed AUDIT-E2-001 configuration-bound evidence demonstrates: Any unexpected voltage during E2 shall require controlled shutdown.,child_id|configuration_id|procedure_id|procedure_revision|observed_value_or_state|acceptance_limit|result_PASS_or_FAIL|evidence_uri|executor|timestamp|reviewer|decision,P0.2 TEMPLATE ISSUED - INTEGRATION AND EXECUTION REQUIRED,ONE NORMATIVE CLAUSE - INDEPENDENT ACCEPTANCE REQUIRED,draft,NOT EXECUTED,SELECTION REQUIRED,SELECTION REQUIRED,NOT APPROVED,"PRELIMINARY - NOT APPROVED FOR FABRICATION, CONNECTION, MOTION, OR ENERGIZATION"
COMM-005-A13,COMM-005,13,commissioning,Any unauthorized state during E2 shall require controlled shutdown.,MUST,AUDIT-E2-001,Signed authorization/revocation form gate report briefing attendance role/competence evidence deviation log shutdown record and qualified electrical plus functional-safety dispositions,All applicable EG-001 through EG-022 prerequisites are evidenced to the level accepted by qualified reviewers; four required roles sign before connection; no person signs incompatible roles where independence is required; every stop condition and change automatically revokes authorization,PASS only if executed AUDIT-E2-001 configuration-bound evidence demonstrates: Any unauthorized state during E2 shall require controlled shutdown.,child_id|configuration_id|procedure_id|procedure_revision|observed_value_or_state|acceptance_limit|result_PASS_or_FAIL|evidence_uri|executor|timestamp|reviewer|decision,P0.2 TEMPLATE ISSUED - INTEGRATION AND EXECUTION REQUIRED,ONE NORMATIVE CLAUSE - INDEPENDENT ACCEPTANCE REQUIRED,draft,NOT EXECUTED,SELECTION REQUIRED,SELECTION REQUIRED,NOT APPROVED,"PRELIMINARY - NOT APPROVED FOR FABRICATION, CONNECTION, MOTION, OR ENERGIZATION"
COMM-005-A14,COMM-005,14,commissioning,Any expired calibration during E2 shall require controlled shutdown.,MUST,AUDIT-E2-001,Signed authorization/revocation form gate report briefing attendance role/competence evidence deviation log shutdown record and qualified electrical plus functional-safety dispositions,All applicable EG-001 through EG-022 prerequisites are evidenced to the level accepted by qualified reviewers; four required roles sign before connection; no person signs incompatible roles where independence is required; every stop condition and change automatically revokes authorization,PASS only if executed AUDIT-E2-001 configuration-bound evidence demonstrates: Any expired calibration during E2 shall require controlled shutdown.,child_id|configuration_id|procedure_id|procedure_revision|observed_value_or_state|acceptance_limit|result_PASS_or_FAIL|evidence_uri|executor|timestamp|reviewer|decision,P0.2 TEMPLATE ISSUED - INTEGRATION AND EXECUTION REQUIRED,ONE NORMATIVE CLAUSE - INDEPENDENT ACCEPTANCE REQUIRED,draft,NOT EXECUTED,SELECTION REQUIRED,SELECTION REQUIRED,NOT APPROVED,"PRELIMINARY - NOT APPROVED FOR FABRICATION, CONNECTION, MOTION, OR ENERGIZATION"
COMM-005-A15,COMM-005,15,commissioning,Any open deviation during E2 shall require controlled shutdown.,MUST,AUDIT-E2-001,Signed authorization/revocation form gate report briefing attendance role/competence evidence deviation log shutdown record and qualified electrical plus functional-safety dispositions,All applicable EG-001 through EG-022 prerequisites are evidenced to the level accepted by qualified reviewers; four required roles sign before connection; no person signs incompatible roles where independence is required; every stop condition and change automatically revokes authorization,PASS only if executed AUDIT-E2-001 configuration-bound evidence demonstrates: Any open deviation during E2 shall require controlled shutdown.,child_id|configuration_id|procedure_id|procedure_revision|observed_value_or_state|acceptance_limit|result_PASS_or_FAIL|evidence_uri|executor|timestamp|reviewer|decision,P0.2 TEMPLATE ISSUED - INTEGRATION AND EXECUTION REQUIRED,ONE NORMATIVE CLAUSE - INDEPENDENT ACCEPTANCE REQUIRED,draft,NOT EXECUTED,SELECTION REQUIRED,SELECTION REQUIRED,NOT APPROVED,"PRELIMINARY - NOT APPROVED FOR FABRICATION, CONNECTION, MOTION, OR ENERGIZATION"
COMM-005-A16,COMM-005,16,commissioning,Any exclusion-zone breach during E2 shall require controlled shutdown.,MUST,AUDIT-E2-001,Signed authorization/revocation form gate report briefing attendance role/competence evidence deviation log shutdown record and qualified electrical plus functional-safety dispositions,All applicable EG-001 through EG-022 prerequisites are evidenced to the level accepted by qualified reviewers; four required roles sign before connection; no person signs incompatible roles where independence is required; every stop condition and change automatically revokes authorization,PASS only if executed AUDIT-E2-001 configuration-bound evidence demonstrates: Any exclusion-zone breach during E2 shall require controlled shutdown.,child_id|configuration_id|procedure_id|procedure_revision|observed_value_or_state|acceptance_limit|result_PASS_or_FAIL|evidence_uri|executor|timestamp|reviewer|decision,P0.2 TEMPLATE ISSUED - INTEGRATION AND EXECUTION REQUIRED,ONE NORMATIVE CLAUSE - INDEPENDENT ACCEPTANCE REQUIRED,draft,NOT EXECUTED,SELECTION REQUIRED,SELECTION REQUIRED,NOT APPROVED,"PRELIMINARY - NOT APPROVED FOR FABRICATION, CONNECTION, MOTION, OR ENERGIZATION"
CTRL-003-A01,CTRL-003,1,control,Loss of required communication shall cause the released fault response.,MUST,TEST-FAULT-001,Raw logs and report,Each fault produces the released latched response without unexpected motion,PASS only if executed TEST-FAULT-001 configuration-bound evidence demonstrates: Loss of required communication shall cause the released fault response.,child_id|configuration_id|procedure_id|procedure_revision|observed_value_or_state|acceptance_limit|result_PASS_or_FAIL|evidence_uri|executor|timestamp|reviewer|decision,P0.2 TEMPLATE ISSUED - INTEGRATION AND EXECUTION REQUIRED,ONE NORMATIVE CLAUSE - INDEPENDENT ACCEPTANCE REQUIRED,draft,NOT EXECUTED,SELECTION REQUIRED,SELECTION REQUIRED,NOT APPROVED,"PRELIMINARY - NOT APPROVED FOR FABRICATION, CONNECTION, MOTION, OR ENERGIZATION"
CTRL-003-A02,CTRL-003,2,control,A released limit violation shall cause the released fault response.,MUST,TEST-FAULT-001,Raw logs and report,Each fault produces the released latched response without unexpected motion,PASS only if executed TEST-FAULT-001 configuration-bound evidence demonstrates: A released limit violation shall cause the released fault response.,child_id|configuration_id|procedure_id|procedure_revision|observed_value_or_state|acceptance_limit|result_PASS_or_FAIL|evidence_uri|executor|timestamp|reviewer|decision,P0.2 TEMPLATE ISSUED - INTEGRATION AND EXECUTION REQUIRED,ONE NORMATIVE CLAUSE - INDEPENDENT ACCEPTANCE REQUIRED,draft,NOT EXECUTED,SELECTION REQUIRED,SELECTION REQUIRED,NOT APPROVED,"PRELIMINARY - NOT APPROVED FOR FABRICATION, CONNECTION, MOTION, OR ENERGIZATION"
CTRL-003-A03,CTRL-003,3,control,A released overtemperature condition shall cause the released fault response.,MUST,TEST-FAULT-001,Raw logs and report,Each fault produces the released latched response without unexpected motion,PASS only if executed TEST-FAULT-001 configuration-bound evidence demonstrates: A released overtemperature condition shall cause the released fault response.,child_id|configuration_id|procedure_id|procedure_revision|observed_value_or_state|acceptance_limit|result_PASS_or_FAIL|evidence_uri|executor|timestamp|reviewer|decision,P0.2 TEMPLATE ISSUED - INTEGRATION AND EXECUTION REQUIRED,ONE NORMATIVE CLAUSE - INDEPENDENT ACCEPTANCE REQUIRED,draft,NOT EXECUTED,SELECTION REQUIRED,SELECTION REQUIRED,NOT APPROVED,"PRELIMINARY - NOT APPROVED FOR FABRICATION, CONNECTION, MOTION, OR ENERGIZATION"
CTRL-003-A04,CTRL-003,4,control,A released overcurrent condition shall cause the released fault response.,MUST,TEST-FAULT-001,Raw logs and report,Each fault produces the released latched response without unexpected motion,PASS only if executed TEST-FAULT-001 configuration-bound evidence demonstrates: A released overcurrent condition shall cause the released fault response.,child_id|configuration_id|procedure_id|procedure_revision|observed_value_or_state|acceptance_limit|result_PASS_or_FAIL|evidence_uri|executor|timestamp|reviewer|decision,P0.2 TEMPLATE ISSUED - INTEGRATION AND EXECUTION REQUIRED,ONE NORMATIVE CLAUSE - INDEPENDENT ACCEPTANCE REQUIRED,draft,NOT EXECUTED,SELECTION REQUIRED,SELECTION REQUIRED,NOT APPROVED,"PRELIMINARY - NOT APPROVED FOR FABRICATION, CONNECTION, MOTION, OR ENERGIZATION"
CTRL-003-A05,CTRL-003,5,control,Each CTRL-003 fault response shall latch until its released recovery sequence completes.,MUST,TEST-FAULT-001,Raw logs and report,Each fault produces the released latched response without unexpected motion,PASS only if executed TEST-FAULT-001 configuration-bound evidence demonstrates: Each CTRL-003 fault response shall latch until its released recovery sequence completes.,child_id|configuration_id|procedure_id|procedure_revision|observed_value_or_state|acceptance_limit|result_PASS_or_FAIL|evidence_uri|executor|timestamp|reviewer|decision,P0.2 TEMPLATE ISSUED - INTEGRATION AND EXECUTION REQUIRED,ONE NORMATIVE CLAUSE - INDEPENDENT ACCEPTANCE REQUIRED,draft,NOT EXECUTED,SELECTION REQUIRED,SELECTION REQUIRED,NOT APPROVED,"PRELIMINARY - NOT APPROVED FOR FABRICATION, CONNECTION, MOTION, OR ENERGIZATION"
CTRL-004-A01,CTRL-004,1,control,Command state shall be logged at 100 Hz or faster during released motion.,MUST,TEST-LOG-001,Raw JSONL log independent verification output timing trace calibration records and signed analysis,All required channels log at 100 Hz or faster with exact configuration context and valid SHA-256 chain,PASS only if executed TEST-LOG-001 configuration-bound evidence demonstrates: Command state shall be logged at 100 Hz or faster during released motion.,child_id|configuration_id|procedure_id|procedure_revision|observed_value_or_state|acceptance_limit|result_PASS_or_FAIL|evidence_uri|executor|timestamp|reviewer|decision,P0.2 TEMPLATE ISSUED - INTEGRATION AND EXECUTION REQUIRED,ONE NORMATIVE CLAUSE - INDEPENDENT ACCEPTANCE REQUIRED,draft,NOT EXECUTED,SELECTION REQUIRED,SELECTION REQUIRED,NOT APPROVED,"PRELIMINARY - NOT APPROVED FOR FABRICATION, CONNECTION, MOTION, OR ENERGIZATION"
CTRL-004-A02,CTRL-004,2,control,Feedback state shall be logged at 100 Hz or faster during released motion.,MUST,TEST-LOG-001,Raw JSONL log independent verification output timing trace calibration records and signed analysis,All required channels log at 100 Hz or faster with exact configuration context and valid SHA-256 chain,PASS only if executed TEST-LOG-001 configuration-bound evidence demonstrates: Feedback state shall be logged at 100 Hz or faster during released motion.,child_id|configuration_id|procedure_id|procedure_revision|observed_value_or_state|acceptance_limit|result_PASS_or_FAIL|evidence_uri|executor|timestamp|reviewer|decision,P0.2 TEMPLATE ISSUED - INTEGRATION AND EXECUTION REQUIRED,ONE NORMATIVE CLAUSE - INDEPENDENT ACCEPTANCE REQUIRED,draft,NOT EXECUTED,SELECTION REQUIRED,SELECTION REQUIRED,NOT APPROVED,"PRELIMINARY - NOT APPROVED FOR FABRICATION, CONNECTION, MOTION, OR ENERGIZATION"
CTRL-004-A03,CTRL-004,3,control,Each CTRL-004 log record shall bind the active configuration hash.,MUST,TEST-LOG-001,Raw JSONL log independent verification output timing trace calibration records and signed analysis,All required channels log at 100 Hz or faster with exact configuration context and valid SHA-256 chain,PASS only if executed TEST-LOG-001 configuration-bound evidence demonstrates: Each CTRL-004 log record shall bind the active configuration hash.,child_id|configuration_id|procedure_id|procedure_revision|observed_value_or_state|acceptance_limit|result_PASS_or_FAIL|evidence_uri|executor|timestamp|reviewer|decision,P0.2 TEMPLATE ISSUED - INTEGRATION AND EXECUTION REQUIRED,ONE NORMATIVE CLAUSE - INDEPENDENT ACCEPTANCE REQUIRED,draft,NOT EXECUTED,SELECTION REQUIRED,SELECTION REQUIRED,NOT APPROVED,"PRELIMINARY - NOT APPROVED FOR FABRICATION, CONNECTION, MOTION, OR ENERGIZATION"
CTRL-004-A04,CTRL-004,4,control,Each CTRL-004 log stream shall retain a released timebase record.,MUST,TEST-LOG-001,Raw JSONL log independent verification output timing trace calibration records and signed analysis,All required channels log at 100 Hz or faster with exact configuration context and valid SHA-256 chain,PASS only if executed TEST-LOG-001 configuration-bound evidence demonstrates: Each CTRL-004 log stream shall retain a released timebase record.,child_id|configuration_id|procedure_id|procedure_revision|observed_value_or_state|acceptance_limit|result_PASS_or_FAIL|evidence_uri|executor|timestamp|reviewer|decision,P0.2 TEMPLATE ISSUED - INTEGRATION AND EXECUTION REQUIRED,ONE NORMATIVE CLAUSE - INDEPENDENT ACCEPTANCE REQUIRED,draft,NOT EXECUTED,SELECTION REQUIRED,SELECTION REQUIRED,NOT APPROVED,"PRELIMINARY - NOT APPROVED FOR FABRICATION, CONNECTION, MOTION, OR ENERGIZATION"
CTRL-004-A05,CTRL-004,5,control,Each CTRL-004 log stream shall retain a released synchronization record.,MUST,TEST-LOG-001,Raw JSONL log independent verification output timing trace calibration records and signed analysis,All required channels log at 100 Hz or faster with exact configuration context and valid SHA-256 chain,PASS only if executed TEST-LOG-001 configuration-bound evidence demonstrates: Each CTRL-004 log stream shall retain a released synchronization record.,child_id|configuration_id|procedure_id|procedure_revision|observed_value_or_state|acceptance_limit|result_PASS_or_FAIL|evidence_uri|executor|timestamp|reviewer|decision,P0.2 TEMPLATE ISSUED - INTEGRATION AND EXECUTION REQUIRED,ONE NORMATIVE CLAUSE - INDEPENDENT ACCEPTANCE REQUIRED,draft,NOT EXECUTED,SELECTION REQUIRED,SELECTION REQUIRED,NOT APPROVED,"PRELIMINARY - NOT APPROVED FOR FABRICATION, CONNECTION, MOTION, OR ENERGIZATION"
CTRL-005-A01,CTRL-005,1,control,Each inter-controller message shall carry a monotonic sequence number.,MUST,TEST-CTRL-005,Raw captures and report,Every invalid message is rejected and recorded within released deadline,PASS only if executed TEST-CTRL-005 configuration-bound evidence demonstrates: Each inter-controller message shall carry a monotonic sequence number.,child_id|configuration_id|procedure_id|procedure_revision|observed_value_or_state|acceptance_limit|result_PASS_or_FAIL|evidence_uri|executor|timestamp|reviewer|decision,P0.2 TEMPLATE ISSUED - INTEGRATION AND EXECUTION REQUIRED,ONE NORMATIVE CLAUSE - INDEPENDENT ACCEPTANCE REQUIRED,draft,NOT EXECUTED,SELECTION REQUIRED,SELECTION REQUIRED,NOT APPROVED,"PRELIMINARY - NOT APPROVED FOR FABRICATION, CONNECTION, MOTION, OR ENERGIZATION"
CTRL-005-A02,CTRL-005,2,control,Each inter-controller message shall carry a source timestamp.,MUST,TEST-CTRL-005,Raw captures and report,Every invalid message is rejected and recorded within released deadline,PASS only if executed TEST-CTRL-005 configuration-bound evidence demonstrates: Each inter-controller message shall carry a source timestamp.,child_id|configuration_id|procedure_id|procedure_revision|observed_value_or_state|acceptance_limit|result_PASS_or_FAIL|evidence_uri|executor|timestamp|reviewer|decision,P0.2 TEMPLATE ISSUED - INTEGRATION AND EXECUTION REQUIRED,ONE NORMATIVE CLAUSE - INDEPENDENT ACCEPTANCE REQUIRED,draft,NOT EXECUTED,SELECTION REQUIRED,SELECTION REQUIRED,NOT APPROVED,"PRELIMINARY - NOT APPROVED FOR FABRICATION, CONNECTION, MOTION, OR ENERGIZATION"
CTRL-005-A03,CTRL-005,3,control,Each inter-controller message shall carry a validity deadline.,MUST,TEST-CTRL-005,Raw captures and report,Every invalid message is rejected and recorded within released deadline,PASS only if executed TEST-CTRL-005 configuration-bound evidence demonstrates: Each inter-controller message shall carry a validity deadline.,child_id|configuration_id|procedure_id|procedure_revision|observed_value_or_state|acceptance_limit|result_PASS_or_FAIL|evidence_uri|executor|timestamp|reviewer|decision,P0.2 TEMPLATE ISSUED - INTEGRATION AND EXECUTION REQUIRED,ONE NORMATIVE CLAUSE - INDEPENDENT ACCEPTANCE REQUIRED,draft,NOT EXECUTED,SELECTION REQUIRED,SELECTION REQUIRED,NOT APPROVED,"PRELIMINARY - NOT APPROVED FOR FABRICATION, CONNECTION, MOTION, OR ENERGIZATION"
CTRL-005-A04,CTRL-005,4,control,Each inter-controller message shall carry the sender state.,MUST,TEST-CTRL-005,Raw captures and report,Every invalid message is rejected and recorded within released deadline,PASS only if executed TEST-CTRL-005 configuration-bound evidence demonstrates: Each inter-controller message shall carry the sender state.,child_id|configuration_id|procedure_id|procedure_revision|observed_value_or_state|acceptance_limit|result_PASS_or_FAIL|evidence_uri|executor|timestamp|reviewer|decision,P0.2 TEMPLATE ISSUED - INTEGRATION AND EXECUTION REQUIRED,ONE NORMATIVE CLAUSE - INDEPENDENT ACCEPTANCE REQUIRED,draft,NOT EXECUTED,SELECTION REQUIRED,SELECTION REQUIRED,NOT APPROVED,"PRELIMINARY - NOT APPROVED FOR FABRICATION, CONNECTION, MOTION, OR ENERGIZATION"
CTRL-005-A05,CTRL-005,5,control,Each inter-controller message shall carry the active configuration hash.,MUST,TEST-CTRL-005,Raw captures and report,Every invalid message is rejected and recorded within released deadline,PASS only if executed TEST-CTRL-005 configuration-bound evidence demonstrates: Each inter-controller message shall carry the active configuration hash.,child_id|configuration_id|procedure_id|procedure_revision|observed_value_or_state|acceptance_limit|result_PASS_or_FAIL|evidence_uri|executor|timestamp|reviewer|decision,P0.2 TEMPLATE ISSUED - INTEGRATION AND EXECUTION REQUIRED,ONE NORMATIVE CLAUSE - INDEPENDENT ACCEPTANCE REQUIRED,draft,NOT EXECUTED,SELECTION REQUIRED,SELECTION REQUIRED,NOT APPROVED,"PRELIMINARY - NOT APPROVED FOR FABRICATION, CONNECTION, MOTION, OR ENERGIZATION"
CTRL-005-A06,CTRL-005,6,control,A receiver shall reject a stale inter-controller message.,MUST,TEST-CTRL-005,Raw captures and report,Every invalid message is rejected and recorded within released deadline,PASS only if executed TEST-CTRL-005 configuration-bound evidence demonstrates: A receiver shall reject a stale inter-controller message.,child_id|configuration_id|procedure_id|procedure_revision|observed_value_or_state|acceptance_limit|result_PASS_or_FAIL|evidence_uri|executor|timestamp|reviewer|decision,P0.2 TEMPLATE ISSUED - INTEGRATION AND EXECUTION REQUIRED,ONE NORMATIVE CLAUSE - INDEPENDENT ACCEPTANCE REQUIRED,draft,NOT EXECUTED,SELECTION REQUIRED,SELECTION REQUIRED,NOT APPROVED,"PRELIMINARY - NOT APPROVED FOR FABRICATION, CONNECTION, MOTION, OR ENERGIZATION"
CTRL-005-A07,CTRL-005,7,control,A receiver shall reject a duplicate inter-controller message.,MUST,TEST-CTRL-005,Raw captures and report,Every invalid message is rejected and recorded within released deadline,PASS only if executed TEST-CTRL-005 configuration-bound evidence demonstrates: A receiver shall reject a duplicate inter-controller message.,child_id|configuration_id|procedure_id|procedure_revision|observed_value_or_state|acceptance_limit|result_PASS_or_FAIL|evidence_uri|executor|timestamp|reviewer|decision,P0.2 TEMPLATE ISSUED - INTEGRATION AND EXECUTION REQUIRED,ONE NORMATIVE CLAUSE - INDEPENDENT ACCEPTANCE REQUIRED,draft,NOT EXECUTED,SELECTION REQUIRED,SELECTION REQUIRED,NOT APPROVED,"PRELIMINARY - NOT APPROVED FOR FABRICATION, CONNECTION, MOTION, OR ENERGIZATION"
CTRL-005-A08,CTRL-005,8,control,A receiver shall reject an out-of-order inter-controller message.,MUST,TEST-CTRL-005,Raw captures and report,Every invalid message is rejected and recorded within released deadline,PASS only if executed TEST-CTRL-005 configuration-bound evidence demonstrates: A receiver shall reject an out-of-order inter-controller message.,child_id|configuration_id|procedure_id|procedure_revision|observed_value_or_state|acceptance_limit|result_PASS_or_FAIL|evidence_uri|executor|timestamp|reviewer|decision,P0.2 TEMPLATE ISSUED - INTEGRATION AND EXECUTION REQUIRED,ONE NORMATIVE CLAUSE - INDEPENDENT ACCEPTANCE REQUIRED,draft,NOT EXECUTED,SELECTION REQUIRED,SELECTION REQUIRED,NOT APPROVED,"PRELIMINARY - NOT APPROVED FOR FABRICATION, CONNECTION, MOTION, OR ENERGIZATION"
CTRL-005-A09,CTRL-005,9,control,A receiver shall reject an inter-controller message with a mismatched configuration hash.,MUST,TEST-CTRL-005,Raw captures and report,Every invalid message is rejected and recorded within released deadline,PASS only if executed TEST-CTRL-005 configuration-bound evidence demonstrates: A receiver shall reject an inter-controller message with a mismatched configuration hash.,child_id|configuration_id|procedure_id|procedure_revision|observed_value_or_state|acceptance_limit|result_PASS_or_FAIL|evidence_uri|executor|timestamp|reviewer|decision,P0.2 TEMPLATE ISSUED - INTEGRATION AND EXECUTION REQUIRED,ONE NORMATIVE CLAUSE - INDEPENDENT ACCEPTANCE REQUIRED,draft,NOT EXECUTED,SELECTION REQUIRED,SELECTION REQUIRED,NOT APPROVED,"PRELIMINARY - NOT APPROVED FOR FABRICATION, CONNECTION, MOTION, OR ENERGIZATION"
CTRL-006-A01,CTRL-006,1,control,Before torque-enable request the supervisor shall verify received actuator identity against the released configuration.,MUST,TEST-CTRL-006,Completed CSV raw traces calibration records thermal images post-test inspection and signed controls electrical mechanical and safety dispositions,Every case provides sufficient released output without exceeding the signed external branch-current connector conductor voltage-drop thermal or fault-response limits and no mismatch enables or resumes torque,PASS only if executed TEST-CTRL-006 configuration-bound evidence demonstrates: Before torque-enable request the supervisor shall verify received actuator identity against the released configuration.,child_id|configuration_id|procedure_id|procedure_revision|observed_value_or_state|acceptance_limit|result_PASS_or_FAIL|evidence_uri|executor|timestamp|reviewer|decision,P0.2 TEMPLATE ISSUED - INTEGRATION AND EXECUTION REQUIRED,ONE NORMATIVE CLAUSE - INDEPENDENT ACCEPTANCE REQUIRED,draft,NOT EXECUTED,SELECTION REQUIRED,SELECTION REQUIRED,NOT APPROVED,"PRELIMINARY - NOT APPROVED FOR FABRICATION, CONNECTION, MOTION, OR ENERGIZATION"
CTRL-006-A02,CTRL-006,2,control,Before torque-enable request the supervisor shall verify actuator firmware identity against the released configuration.,MUST,TEST-CTRL-006,Completed CSV raw traces calibration records thermal images post-test inspection and signed controls electrical mechanical and safety dispositions,Every case provides sufficient released output without exceeding the signed external branch-current connector conductor voltage-drop thermal or fault-response limits and no mismatch enables or resumes torque,PASS only if executed TEST-CTRL-006 configuration-bound evidence demonstrates: Before torque-enable request the supervisor shall verify actuator firmware identity against the released configuration.,child_id|configuration_id|procedure_id|procedure_revision|observed_value_or_state|acceptance_limit|result_PASS_or_FAIL|evidence_uri|executor|timestamp|reviewer|decision,P0.2 TEMPLATE ISSUED - INTEGRATION AND EXECUTION REQUIRED,ONE NORMATIVE CLAUSE - INDEPENDENT ACCEPTANCE REQUIRED,draft,NOT EXECUTED,SELECTION REQUIRED,SELECTION REQUIRED,NOT APPROVED,"PRELIMINARY - NOT APPROVED FOR FABRICATION, CONNECTION, MOTION, OR ENERGIZATION"
CTRL-006-A03,CTRL-006,3,control,Before torque-enable request the supervisor shall verify actuator ID against the released configuration.,MUST,TEST-CTRL-006,Completed CSV raw traces calibration records thermal images post-test inspection and signed controls electrical mechanical and safety dispositions,Every case provides sufficient released output without exceeding the signed external branch-current connector conductor voltage-drop thermal or fault-response limits and no mismatch enables or resumes torque,PASS only if executed TEST-CTRL-006 configuration-bound evidence demonstrates: Before torque-enable request the supervisor shall verify actuator ID against the released configuration.,child_id|configuration_id|procedure_id|procedure_revision|observed_value_or_state|acceptance_limit|result_PASS_or_FAIL|evidence_uri|executor|timestamp|reviewer|decision,P0.2 TEMPLATE ISSUED - INTEGRATION AND EXECUTION REQUIRED,ONE NORMATIVE CLAUSE - INDEPENDENT ACCEPTANCE REQUIRED,draft,NOT EXECUTED,SELECTION REQUIRED,SELECTION REQUIRED,NOT APPROVED,"PRELIMINARY - NOT APPROVED FOR FABRICATION, CONNECTION, MOTION, OR ENERGIZATION"
CTRL-006-A04,CTRL-006,4,control,Before torque-enable request the supervisor shall verify actuator operating mode against the released configuration.,MUST,TEST-CTRL-006,Completed CSV raw traces calibration records thermal images post-test inspection and signed controls electrical mechanical and safety dispositions,Every case provides sufficient released output without exceeding the signed external branch-current connector conductor voltage-drop thermal or fault-response limits and no mismatch enables or resumes torque,PASS only if executed TEST-CTRL-006 configuration-bound evidence demonstrates: Before torque-enable request the supervisor shall verify actuator operating mode against the released configuration.,child_id|configuration_id|procedure_id|procedure_revision|observed_value_or_state|acceptance_limit|result_PASS_or_FAIL|evidence_uri|executor|timestamp|reviewer|decision,P0.2 TEMPLATE ISSUED - INTEGRATION AND EXECUTION REQUIRED,ONE NORMATIVE CLAUSE - INDEPENDENT ACCEPTANCE REQUIRED,draft,NOT EXECUTED,SELECTION REQUIRED,SELECTION REQUIRED,NOT APPROVED,"PRELIMINARY - NOT APPROVED FOR FABRICATION, CONNECTION, MOTION, OR ENERGIZATION"
CTRL-006-A05,CTRL-006,5,control,Before torque-enable request the supervisor shall verify startup-torque configuration against the released configuration.,MUST,TEST-CTRL-006,Completed CSV raw traces calibration records thermal images post-test inspection and signed controls electrical mechanical and safety dispositions,Every case provides sufficient released output without exceeding the signed external branch-current connector conductor voltage-drop thermal or fault-response limits and no mismatch enables or resumes torque,PASS only if executed TEST-CTRL-006 configuration-bound evidence demonstrates: Before torque-enable request the supervisor shall verify startup-torque configuration against the released configuration.,child_id|configuration_id|procedure_id|procedure_revision|observed_value_or_state|acceptance_limit|result_PASS_or_FAIL|evidence_uri|executor|timestamp|reviewer|decision,P0.2 TEMPLATE ISSUED - INTEGRATION AND EXECUTION REQUIRED,ONE NORMATIVE CLAUSE - INDEPENDENT ACCEPTANCE REQUIRED,draft,NOT EXECUTED,SELECTION REQUIRED,SELECTION REQUIRED,NOT APPROVED,"PRELIMINARY - NOT APPROVED FOR FABRICATION, CONNECTION, MOTION, OR ENERGIZATION"
CTRL-006-A06,CTRL-006,6,control,Before torque-enable request the supervisor shall verify torque-on-goal-update configuration against the released configuration.,MUST,TEST-CTRL-006,Completed CSV raw traces calibration records thermal images post-test inspection and signed controls electrical mechanical and safety dispositions,Every case provides sufficient released output without exceeding the signed external branch-current connector conductor voltage-drop thermal or fault-response limits and no mismatch enables or resumes torque,PASS only if executed TEST-CTRL-006 configuration-bound evidence demonstrates: Before torque-enable request the supervisor shall verify torque-on-goal-update configuration against the released configuration.,child_id|configuration_id|procedure_id|procedure_revision|observed_value_or_state|acceptance_limit|result_PASS_or_FAIL|evidence_uri|executor|timestamp|reviewer|decision,P0.2 TEMPLATE ISSUED - INTEGRATION AND EXECUTION REQUIRED,ONE NORMATIVE CLAUSE - INDEPENDENT ACCEPTANCE REQUIRED,draft,NOT EXECUTED,SELECTION REQUIRED,SELECTION REQUIRED,NOT APPROVED,"PRELIMINARY - NOT APPROVED FOR FABRICATION, CONNECTION, MOTION, OR ENERGIZATION"
CTRL-006-A07,CTRL-006,7,control,Before torque-enable request the supervisor shall verify actuator current limit against the released configuration.,MUST,TEST-CTRL-006,Completed CSV raw traces calibration records thermal images post-test inspection and signed controls electrical mechanical and safety dispositions,Every case provides sufficient released output without exceeding the signed external branch-current connector conductor voltage-drop thermal or fault-response limits and no mismatch enables or resumes torque,PASS only if executed TEST-CTRL-006 configuration-bound evidence demonstrates: Before torque-enable request the supervisor shall verify actuator current limit against the released configuration.,child_id|configuration_id|procedure_id|procedure_revision|observed_value_or_state|acceptance_limit|result_PASS_or_FAIL|evidence_uri|executor|timestamp|reviewer|decision,P0.2 TEMPLATE ISSUED - INTEGRATION AND EXECUTION REQUIRED,ONE NORMATIVE CLAUSE - INDEPENDENT ACCEPTANCE REQUIRED,draft,NOT EXECUTED,SELECTION REQUIRED,SELECTION REQUIRED,NOT APPROVED,"PRELIMINARY - NOT APPROVED FOR FABRICATION, CONNECTION, MOTION, OR ENERGIZATION"
CTRL-006-A08,CTRL-006,8,control,Before torque-enable request the supervisor shall verify goal-current bound against the released configuration.,MUST,TEST-CTRL-006,Completed CSV raw traces calibration records thermal images post-test inspection and signed controls electrical mechanical and safety dispositions,Every case provides sufficient released output without exceeding the signed external branch-current connector conductor voltage-drop thermal or fault-response limits and no mismatch enables or resumes torque,PASS only if executed TEST-CTRL-006 configuration-bound evidence demonstrates: Before torque-enable request the supervisor shall verify goal-current bound against the released configuration.,child_id|configuration_id|procedure_id|procedure_revision|observed_value_or_state|acceptance_limit|result_PASS_or_FAIL|evidence_uri|executor|timestamp|reviewer|decision,P0.2 TEMPLATE ISSUED - INTEGRATION AND EXECUTION REQUIRED,ONE NORMATIVE CLAUSE - INDEPENDENT ACCEPTANCE REQUIRED,draft,NOT EXECUTED,SELECTION REQUIRED,SELECTION REQUIRED,NOT APPROVED,"PRELIMINARY - NOT APPROVED FOR FABRICATION, CONNECTION, MOTION, OR ENERGIZATION"
CTRL-006-A09,CTRL-006,9,control,Before torque-enable request the supervisor shall verify the hardware-error state against the released acceptance state.,MUST,TEST-CTRL-006,Completed CSV raw traces calibration records thermal images post-test inspection and signed controls electrical mechanical and safety dispositions,Every case provides sufficient released output without exceeding the signed external branch-current connector conductor voltage-drop thermal or fault-response limits and no mismatch enables or resumes torque,PASS only if executed TEST-CTRL-006 configuration-bound evidence demonstrates: Before torque-enable request the supervisor shall verify the hardware-error state against the released acceptance state.,child_id|configuration_id|procedure_id|procedure_revision|observed_value_or_state|acceptance_limit|result_PASS_or_FAIL|evidence_uri|executor|timestamp|reviewer|decision,P0.2 TEMPLATE ISSUED - INTEGRATION AND EXECUTION REQUIRED,ONE NORMATIVE CLAUSE - INDEPENDENT ACCEPTANCE REQUIRED,draft,NOT EXECUTED,SELECTION REQUIRED,SELECTION REQUIRED,NOT APPROVED,"PRELIMINARY - NOT APPROVED FOR FABRICATION, CONNECTION, MOTION, OR ENERGIZATION"
CTRL-006-A10,CTRL-006,10,control,Before torque-enable request the supervisor shall verify that actuator torque is off.,MUST,TEST-CTRL-006,Completed CSV raw traces calibration records thermal images post-test inspection and signed controls electrical mechanical and safety dispositions,Every case provides sufficient released output without exceeding the signed external branch-current connector conductor voltage-drop thermal or fault-response limits and no mismatch enables or resumes torque,PASS only if executed TEST-CTRL-006 configuration-bound evidence demonstrates: Before torque-enable request the supervisor shall verify that actuator torque is off.,child_id|configuration_id|procedure_id|procedure_revision|observed_value_or_state|acceptance_limit|result_PASS_or_FAIL|evidence_uri|executor|timestamp|reviewer|decision,P0.2 TEMPLATE ISSUED - INTEGRATION AND EXECUTION REQUIRED,ONE NORMATIVE CLAUSE - INDEPENDENT ACCEPTANCE REQUIRED,draft,NOT EXECUTED,SELECTION REQUIRED,SELECTION REQUIRED,NOT APPROVED,"PRELIMINARY - NOT APPROVED FOR FABRICATION, CONNECTION, MOTION, OR ENERGIZATION"
CTRL-006-A11,CTRL-006,11,control,Any failed CTRL-006 verification shall inhibit torque enable.,MUST,TEST-CTRL-006,Completed CSV raw traces calibration records thermal images post-test inspection and signed controls electrical mechanical and safety dispositions,Every case provides sufficient released output without exceeding the signed external branch-current connector conductor voltage-drop thermal or fault-response limits and no mismatch enables or resumes torque,PASS only if executed TEST-CTRL-006 configuration-bound evidence demonstrates: Any failed CTRL-006 verification shall inhibit torque enable.,child_id|configuration_id|procedure_id|procedure_revision|observed_value_or_state|acceptance_limit|result_PASS_or_FAIL|evidence_uri|executor|timestamp|reviewer|decision,P0.2 TEMPLATE ISSUED - INTEGRATION AND EXECUTION REQUIRED,ONE NORMATIVE CLAUSE - INDEPENDENT ACCEPTANCE REQUIRED,draft,NOT EXECUTED,SELECTION REQUIRED,SELECTION REQUIRED,NOT APPROVED,"PRELIMINARY - NOT APPROVED FOR FABRICATION, CONNECTION, MOTION, OR ENERGIZATION"
CTRL-006-A12,CTRL-006,12,control,Any failed CTRL-006 verification shall latch a recorded fault.,MUST,TEST-CTRL-006,Completed CSV raw traces calibration records thermal images post-test inspection and signed controls electrical mechanical and safety dispositions,Every case provides sufficient released output without exceeding the signed external branch-current connector conductor voltage-drop thermal or fault-response limits and no mismatch enables or resumes torque,PASS only if executed TEST-CTRL-006 configuration-bound evidence demonstrates: Any failed CTRL-006 verification shall latch a recorded fault.,child_id|configuration_id|procedure_id|procedure_revision|observed_value_or_state|acceptance_limit|result_PASS_or_FAIL|evidence_uri|executor|timestamp|reviewer|decision,P0.2 TEMPLATE ISSUED - INTEGRATION AND EXECUTION REQUIRED,ONE NORMATIVE CLAUSE - INDEPENDENT ACCEPTANCE REQUIRED,draft,NOT EXECUTED,SELECTION REQUIRED,SELECTION REQUIRED,NOT APPROVED,"PRELIMINARY - NOT APPROVED FOR FABRICATION, CONNECTION, MOTION, OR ENERGIZATION"
CTRL-006-A13,CTRL-006,13,control,The internal actuator current limit shall not substitute for external branch-current evidence.,MUST,TEST-CTRL-006,Completed CSV raw traces calibration records thermal images post-test inspection and signed controls electrical mechanical and safety dispositions,Every case provides sufficient released output without exceeding the signed external branch-current connector conductor voltage-drop thermal or fault-response limits and no mismatch enables or resumes torque,PASS only if executed TEST-CTRL-006 configuration-bound evidence demonstrates: The internal actuator current limit shall not substitute for external branch-current evidence.,child_id|configuration_id|procedure_id|procedure_revision|observed_value_or_state|acceptance_limit|result_PASS_or_FAIL|evidence_uri|executor|timestamp|reviewer|decision,P0.2 TEMPLATE ISSUED - INTEGRATION AND EXECUTION REQUIRED,ONE NORMATIVE CLAUSE - INDEPENDENT ACCEPTANCE REQUIRED,draft,NOT EXECUTED,SELECTION REQUIRED,SELECTION REQUIRED,NOT APPROVED,"PRELIMINARY - NOT APPROVED FOR FABRICATION, CONNECTION, MOTION, OR ENERGIZATION"
CTRL-006-A14,CTRL-006,14,control,The internal actuator current limit shall not substitute for connector thermal evidence.,MUST,TEST-CTRL-006,Completed CSV raw traces calibration records thermal images post-test inspection and signed controls electrical mechanical and safety dispositions,Every case provides sufficient released output without exceeding the signed external branch-current connector conductor voltage-drop thermal or fault-response limits and no mismatch enables or resumes torque,PASS only if executed TEST-CTRL-006 configuration-bound evidence demonstrates: The internal actuator current limit shall not substitute for connector thermal evidence.,child_id|configuration_id|procedure_id|procedure_revision|observed_value_or_state|acceptance_limit|result_PASS_or_FAIL|evidence_uri|executor|timestamp|reviewer|decision,P0.2 TEMPLATE ISSUED - INTEGRATION AND EXECUTION REQUIRED,ONE NORMATIVE CLAUSE - INDEPENDENT ACCEPTANCE REQUIRED,draft,NOT EXECUTED,SELECTION REQUIRED,SELECTION REQUIRED,NOT APPROVED,"PRELIMINARY - NOT APPROVED FOR FABRICATION, CONNECTION, MOTION, OR ENERGIZATION"
CTRL-006-A15,CTRL-006,15,control,The internal actuator current limit shall not substitute for protection-coordination evidence.,MUST,TEST-CTRL-006,Completed CSV raw traces calibration records thermal images post-test inspection and signed controls electrical mechanical and safety dispositions,Every case provides sufficient released output without exceeding the signed external branch-current connector conductor voltage-drop thermal or fault-response limits and no mismatch enables or resumes torque,PASS only if executed TEST-CTRL-006 configuration-bound evidence demonstrates: The internal actuator current limit shall not substitute for protection-coordination evidence.,child_id|configuration_id|procedure_id|procedure_revision|observed_value_or_state|acceptance_limit|result_PASS_or_FAIL|evidence_uri|executor|timestamp|reviewer|decision,P0.2 TEMPLATE ISSUED - INTEGRATION AND EXECUTION REQUIRED,ONE NORMATIVE CLAUSE - INDEPENDENT ACCEPTANCE REQUIRED,draft,NOT EXECUTED,SELECTION REQUIRED,SELECTION REQUIRED,NOT APPROVED,"PRELIMINARY - NOT APPROVED FOR FABRICATION, CONNECTION, MOTION, OR ENERGIZATION"
CTRL-007-A01,CTRL-007,1,control,The ordinary HR-V0 heartbeat watchdog shall receive zero safety credit.,MUST,TEST-SAFE-002,Raw timing traces fault matrix guard-containment reference and signed report,Nominal loss issues a power-removal demand after no more than the 300 ms candidate detection time plus separately recorded relay safety-relay contactor and rail-decay delays; restoration alone never re-energizes either coil; every failed-to-trip case remains contained by the released guard and hard stops,PASS only if executed TEST-SAFE-002 configuration-bound evidence demonstrates: The ordinary HR-V0 heartbeat watchdog shall receive zero safety credit.,child_id|configuration_id|procedure_id|procedure_revision|observed_value_or_state|acceptance_limit|result_PASS_or_FAIL|evidence_uri|executor|timestamp|reviewer|decision,P0.2 TEMPLATE ISSUED - INTEGRATION AND EXECUTION REQUIRED,ONE NORMATIVE CLAUSE - INDEPENDENT ACCEPTANCE REQUIRED,draft,NOT EXECUTED,SELECTION REQUIRED,SELECTION REQUIRED,NOT APPROVED,"PRELIMINARY - NOT APPROVED FOR FABRICATION, CONNECTION, MOTION, OR ENERGIZATION"
CTRL-007-A02,CTRL-007,2,control,The ordinary HR-V0 heartbeat watchdog shall be treated only as a diagnostic power-removal demand.,MUST,TEST-SAFE-002,Raw timing traces fault matrix guard-containment reference and signed report,Nominal loss issues a power-removal demand after no more than the 300 ms candidate detection time plus separately recorded relay safety-relay contactor and rail-decay delays; restoration alone never re-energizes either coil; every failed-to-trip case remains contained by the released guard and hard stops,PASS only if executed TEST-SAFE-002 configuration-bound evidence demonstrates: The ordinary HR-V0 heartbeat watchdog shall be treated only as a diagnostic power-removal demand.,child_id|configuration_id|procedure_id|procedure_revision|observed_value_or_state|acceptance_limit|result_PASS_or_FAIL|evidence_uri|executor|timestamp|reviewer|decision,P0.2 TEMPLATE ISSUED - INTEGRATION AND EXECUTION REQUIRED,ONE NORMATIVE CLAUSE - INDEPENDENT ACCEPTANCE REQUIRED,draft,NOT EXECUTED,SELECTION REQUIRED,SELECTION REQUIRED,NOT APPROVED,"PRELIMINARY - NOT APPROVED FOR FABRICATION, CONNECTION, MOTION, OR ENERGIZATION"
CTRL-007-A03,CTRL-007,3,control,The candidate heartbeat-loss detection interval shall not exceed 300 ms before relay and contactor delays.,MUST,TEST-SAFE-002,Raw timing traces fault matrix guard-containment reference and signed report,Nominal loss issues a power-removal demand after no more than the 300 ms candidate detection time plus separately recorded relay safety-relay contactor and rail-decay delays; restoration alone never re-energizes either coil; every failed-to-trip case remains contained by the released guard and hard stops,PASS only if executed TEST-SAFE-002 configuration-bound evidence demonstrates: The candidate heartbeat-loss detection interval shall not exceed 300 ms before relay and contactor delays.,child_id|configuration_id|procedure_id|procedure_revision|observed_value_or_state|acceptance_limit|result_PASS_or_FAIL|evidence_uri|executor|timestamp|reviewer|decision,P0.2 TEMPLATE ISSUED - INTEGRATION AND EXECUTION REQUIRED,ONE NORMATIVE CLAUSE - INDEPENDENT ACCEPTANCE REQUIRED,draft,NOT EXECUTED,SELECTION REQUIRED,SELECTION REQUIRED,NOT APPROVED,"PRELIMINARY - NOT APPROVED FOR FABRICATION, CONNECTION, MOTION, OR ENERGIZATION"
CTRL-007-A04,CTRL-007,4,control,Heartbeat restoration shall not bypass monitored physical RESET.,MUST,TEST-SAFE-002,Raw timing traces fault matrix guard-containment reference and signed report,Nominal loss issues a power-removal demand after no more than the 300 ms candidate detection time plus separately recorded relay safety-relay contactor and rail-decay delays; restoration alone never re-energizes either coil; every failed-to-trip case remains contained by the released guard and hard stops,PASS only if executed TEST-SAFE-002 configuration-bound evidence demonstrates: Heartbeat restoration shall not bypass monitored physical RESET.,child_id|configuration_id|procedure_id|procedure_revision|observed_value_or_state|acceptance_limit|result_PASS_or_FAIL|evidence_uri|executor|timestamp|reviewer|decision,P0.2 TEMPLATE ISSUED - INTEGRATION AND EXECUTION REQUIRED,ONE NORMATIVE CLAUSE - INDEPENDENT ACCEPTANCE REQUIRED,draft,NOT EXECUTED,SELECTION REQUIRED,SELECTION REQUIRED,NOT APPROVED,"PRELIMINARY - NOT APPROVED FOR FABRICATION, CONNECTION, MOTION, OR ENERGIZATION"
CTRL-007-A05,CTRL-007,5,control,Heartbeat restoration shall not bypass the later distinct physical ARM action.,MUST,TEST-SAFE-002,Raw timing traces fault matrix guard-containment reference and signed report,Nominal loss issues a power-removal demand after no more than the 300 ms candidate detection time plus separately recorded relay safety-relay contactor and rail-decay delays; restoration alone never re-energizes either coil; every failed-to-trip case remains contained by the released guard and hard stops,PASS only if executed TEST-SAFE-002 configuration-bound evidence demonstrates: Heartbeat restoration shall not bypass the later distinct physical ARM action.,child_id|configuration_id|procedure_id|procedure_revision|observed_value_or_state|acceptance_limit|result_PASS_or_FAIL|evidence_uri|executor|timestamp|reviewer|decision,P0.2 TEMPLATE ISSUED - INTEGRATION AND EXECUTION REQUIRED,ONE NORMATIVE CLAUSE - INDEPENDENT ACCEPTANCE REQUIRED,draft,NOT EXECUTED,SELECTION REQUIRED,SELECTION REQUIRED,NOT APPROVED,"PRELIMINARY - NOT APPROVED FOR FABRICATION, CONNECTION, MOTION, OR ENERGIZATION"
CTRL-007-A06,CTRL-007,6,control,The safety risk assessment shall assume that the ordinary heartbeat diagnostic can fail to operate.,MUST,TEST-SAFE-002,Raw timing traces fault matrix guard-containment reference and signed report,Nominal loss issues a power-removal demand after no more than the 300 ms candidate detection time plus separately recorded relay safety-relay contactor and rail-decay delays; restoration alone never re-energizes either coil; every failed-to-trip case remains contained by the released guard and hard stops,PASS only if executed TEST-SAFE-002 configuration-bound evidence demonstrates: The safety risk assessment shall assume that the ordinary heartbeat diagnostic can fail to operate.,child_id|configuration_id|procedure_id|procedure_revision|observed_value_or_state|acceptance_limit|result_PASS_or_FAIL|evidence_uri|executor|timestamp|reviewer|decision,P0.2 TEMPLATE ISSUED - INTEGRATION AND EXECUTION REQUIRED,ONE NORMATIVE CLAUSE - INDEPENDENT ACCEPTANCE REQUIRED,draft,NOT EXECUTED,SELECTION REQUIRED,SELECTION REQUIRED,NOT APPROVED,"PRELIMINARY - NOT APPROVED FOR FABRICATION, CONNECTION, MOTION, OR ENERGIZATION"
CTRL-008-A01,CTRL-008,1,control,The HR-V0 DYNAMIXEL transport shall not open a device while any required received identity is unresolved.,MUST,TEST-CTRL-007,Completed HIL CSV raw packets serial/USB logs timing and oscilloscope traces calibration records fault matrix video nonconformance dispositions and signed controls electrical and independent-witness approval,Unresolved configuration cannot open the port; the exact released bus configures only with torque off; every unexpected ID packet error timeout unplug process failure watchdog expiry authority loss telemetry limit brownout reboot or partial-write case removes torque within the separately released limit and never resumes the prior target,PASS only if executed TEST-CTRL-007 configuration-bound evidence demonstrates: The HR-V0 DYNAMIXEL transport shall not open a device while any required received identity is unresolved.,child_id|configuration_id|procedure_id|procedure_revision|observed_value_or_state|acceptance_limit|result_PASS_or_FAIL|evidence_uri|executor|timestamp|reviewer|decision,P0.2 TEMPLATE ISSUED - INTEGRATION AND EXECUTION REQUIRED,ONE NORMATIVE CLAUSE - INDEPENDENT ACCEPTANCE REQUIRED,draft,NOT EXECUTED,SELECTION REQUIRED,SELECTION REQUIRED,NOT APPROVED,"PRELIMINARY - NOT APPROVED FOR FABRICATION, CONNECTION, MOTION, OR ENERGIZATION"
CTRL-008-A02,CTRL-008,2,control,The HR-V0 DYNAMIXEL transport shall not write a register while any required current selection is unresolved.,MUST,TEST-CTRL-007,Completed HIL CSV raw packets serial/USB logs timing and oscilloscope traces calibration records fault matrix video nonconformance dispositions and signed controls electrical and independent-witness approval,Unresolved configuration cannot open the port; the exact released bus configures only with torque off; every unexpected ID packet error timeout unplug process failure watchdog expiry authority loss telemetry limit brownout reboot or partial-write case removes torque within the separately released limit and never resumes the prior target,PASS only if executed TEST-CTRL-007 configuration-bound evidence demonstrates: The HR-V0 DYNAMIXEL transport shall not write a register while any required current selection is unresolved.,child_id|configuration_id|procedure_id|procedure_revision|observed_value_or_state|acceptance_limit|result_PASS_or_FAIL|evidence_uri|executor|timestamp|reviewer|decision,P0.2 TEMPLATE ISSUED - INTEGRATION AND EXECUTION REQUIRED,ONE NORMATIVE CLAUSE - INDEPENDENT ACCEPTANCE REQUIRED,draft,NOT EXECUTED,SELECTION REQUIRED,SELECTION REQUIRED,NOT APPROVED,"PRELIMINARY - NOT APPROVED FOR FABRICATION, CONNECTION, MOTION, OR ENERGIZATION"
CTRL-008-A03,CTRL-008,3,control,The HR-V0 DYNAMIXEL transport shall not open a device while calibration is unresolved.,MUST,TEST-CTRL-007,Completed HIL CSV raw packets serial/USB logs timing and oscilloscope traces calibration records fault matrix video nonconformance dispositions and signed controls electrical and independent-witness approval,Unresolved configuration cannot open the port; the exact released bus configures only with torque off; every unexpected ID packet error timeout unplug process failure watchdog expiry authority loss telemetry limit brownout reboot or partial-write case removes torque within the separately released limit and never resumes the prior target,PASS only if executed TEST-CTRL-007 configuration-bound evidence demonstrates: The HR-V0 DYNAMIXEL transport shall not open a device while calibration is unresolved.,child_id|configuration_id|procedure_id|procedure_revision|observed_value_or_state|acceptance_limit|result_PASS_or_FAIL|evidence_uri|executor|timestamp|reviewer|decision,P0.2 TEMPLATE ISSUED - INTEGRATION AND EXECUTION REQUIRED,ONE NORMATIVE CLAUSE - INDEPENDENT ACCEPTANCE REQUIRED,draft,NOT EXECUTED,SELECTION REQUIRED,SELECTION REQUIRED,NOT APPROVED,"PRELIMINARY - NOT APPROVED FOR FABRICATION, CONNECTION, MOTION, OR ENERGIZATION"
CTRL-008-A04,CTRL-008,4,control,The HR-V0 DYNAMIXEL transport shall not open a device while the motion profile is unresolved.,MUST,TEST-CTRL-007,Completed HIL CSV raw packets serial/USB logs timing and oscilloscope traces calibration records fault matrix video nonconformance dispositions and signed controls electrical and independent-witness approval,Unresolved configuration cannot open the port; the exact released bus configures only with torque off; every unexpected ID packet error timeout unplug process failure watchdog expiry authority loss telemetry limit brownout reboot or partial-write case removes torque within the separately released limit and never resumes the prior target,PASS only if executed TEST-CTRL-007 configuration-bound evidence demonstrates: The HR-V0 DYNAMIXEL transport shall not open a device while the motion profile is unresolved.,child_id|configuration_id|procedure_id|procedure_revision|observed_value_or_state|acceptance_limit|result_PASS_or_FAIL|evidence_uri|executor|timestamp|reviewer|decision,P0.2 TEMPLATE ISSUED - INTEGRATION AND EXECUTION REQUIRED,ONE NORMATIVE CLAUSE - INDEPENDENT ACCEPTANCE REQUIRED,draft,NOT EXECUTED,SELECTION REQUIRED,SELECTION REQUIRED,NOT APPROVED,"PRELIMINARY - NOT APPROVED FOR FABRICATION, CONNECTION, MOTION, OR ENERGIZATION"
CTRL-008-A05,CTRL-008,5,control,The HR-V0 DYNAMIXEL transport shall not open a device while voltage limits are unresolved.,MUST,TEST-CTRL-007,Completed HIL CSV raw packets serial/USB logs timing and oscilloscope traces calibration records fault matrix video nonconformance dispositions and signed controls electrical and independent-witness approval,Unresolved configuration cannot open the port; the exact released bus configures only with torque off; every unexpected ID packet error timeout unplug process failure watchdog expiry authority loss telemetry limit brownout reboot or partial-write case removes torque within the separately released limit and never resumes the prior target,PASS only if executed TEST-CTRL-007 configuration-bound evidence demonstrates: The HR-V0 DYNAMIXEL transport shall not open a device while voltage limits are unresolved.,child_id|configuration_id|procedure_id|procedure_revision|observed_value_or_state|acceptance_limit|result_PASS_or_FAIL|evidence_uri|executor|timestamp|reviewer|decision,P0.2 TEMPLATE ISSUED - INTEGRATION AND EXECUTION REQUIRED,ONE NORMATIVE CLAUSE - INDEPENDENT ACCEPTANCE REQUIRED,draft,NOT EXECUTED,SELECTION REQUIRED,SELECTION REQUIRED,NOT APPROVED,"PRELIMINARY - NOT APPROVED FOR FABRICATION, CONNECTION, MOTION, OR ENERGIZATION"
CTRL-008-A06,CTRL-008,6,control,The HR-V0 DYNAMIXEL transport shall not open a device while temperature limits are unresolved.,MUST,TEST-CTRL-007,Completed HIL CSV raw packets serial/USB logs timing and oscilloscope traces calibration records fault matrix video nonconformance dispositions and signed controls electrical and independent-witness approval,Unresolved configuration cannot open the port; the exact released bus configures only with torque off; every unexpected ID packet error timeout unplug process failure watchdog expiry authority loss telemetry limit brownout reboot or partial-write case removes torque within the separately released limit and never resumes the prior target,PASS only if executed TEST-CTRL-007 configuration-bound evidence demonstrates: The HR-V0 DYNAMIXEL transport shall not open a device while temperature limits are unresolved.,child_id|configuration_id|procedure_id|procedure_revision|observed_value_or_state|acceptance_limit|result_PASS_or_FAIL|evidence_uri|executor|timestamp|reviewer|decision,P0.2 TEMPLATE ISSUED - INTEGRATION AND EXECUTION REQUIRED,ONE NORMATIVE CLAUSE - INDEPENDENT ACCEPTANCE REQUIRED,draft,NOT EXECUTED,SELECTION REQUIRED,SELECTION REQUIRED,NOT APPROVED,"PRELIMINARY - NOT APPROVED FOR FABRICATION, CONNECTION, MOTION, OR ENERGIZATION"
CTRL-008-A07,CTRL-008,7,control,The HR-V0 DYNAMIXEL transport shall not open a device while operating-system selection is unresolved.,MUST,TEST-CTRL-007,Completed HIL CSV raw packets serial/USB logs timing and oscilloscope traces calibration records fault matrix video nonconformance dispositions and signed controls electrical and independent-witness approval,Unresolved configuration cannot open the port; the exact released bus configures only with torque off; every unexpected ID packet error timeout unplug process failure watchdog expiry authority loss telemetry limit brownout reboot or partial-write case removes torque within the separately released limit and never resumes the prior target,PASS only if executed TEST-CTRL-007 configuration-bound evidence demonstrates: The HR-V0 DYNAMIXEL transport shall not open a device while operating-system selection is unresolved.,child_id|configuration_id|procedure_id|procedure_revision|observed_value_or_state|acceptance_limit|result_PASS_or_FAIL|evidence_uri|executor|timestamp|reviewer|decision,P0.2 TEMPLATE ISSUED - INTEGRATION AND EXECUTION REQUIRED,ONE NORMATIVE CLAUSE - INDEPENDENT ACCEPTANCE REQUIRED,draft,NOT EXECUTED,SELECTION REQUIRED,SELECTION REQUIRED,NOT APPROVED,"PRELIMINARY - NOT APPROVED FOR FABRICATION, CONNECTION, MOTION, OR ENERGIZATION"
CTRL-008-A08,CTRL-008,8,control,The HR-V0 DYNAMIXEL transport shall not open a device while device-path selection is unresolved.,MUST,TEST-CTRL-007,Completed HIL CSV raw packets serial/USB logs timing and oscilloscope traces calibration records fault matrix video nonconformance dispositions and signed controls electrical and independent-witness approval,Unresolved configuration cannot open the port; the exact released bus configures only with torque off; every unexpected ID packet error timeout unplug process failure watchdog expiry authority loss telemetry limit brownout reboot or partial-write case removes torque within the separately released limit and never resumes the prior target,PASS only if executed TEST-CTRL-007 configuration-bound evidence demonstrates: The HR-V0 DYNAMIXEL transport shall not open a device while device-path selection is unresolved.,child_id|configuration_id|procedure_id|procedure_revision|observed_value_or_state|acceptance_limit|result_PASS_or_FAIL|evidence_uri|executor|timestamp|reviewer|decision,P0.2 TEMPLATE ISSUED - INTEGRATION AND EXECUTION REQUIRED,ONE NORMATIVE CLAUSE - INDEPENDENT ACCEPTANCE REQUIRED,draft,NOT EXECUTED,SELECTION REQUIRED,SELECTION REQUIRED,NOT APPROVED,"PRELIMINARY - NOT APPROVED FOR FABRICATION, CONNECTION, MOTION, OR ENERGIZATION"
CTRL-008-A09,CTRL-008,9,control,After release the transport shall command torque off before actuator discovery.,MUST,TEST-CTRL-007,Completed HIL CSV raw packets serial/USB logs timing and oscilloscope traces calibration records fault matrix video nonconformance dispositions and signed controls electrical and independent-witness approval,Unresolved configuration cannot open the port; the exact released bus configures only with torque off; every unexpected ID packet error timeout unplug process failure watchdog expiry authority loss telemetry limit brownout reboot or partial-write case removes torque within the separately released limit and never resumes the prior target,PASS only if executed TEST-CTRL-007 configuration-bound evidence demonstrates: After release the transport shall command torque off before actuator discovery.,child_id|configuration_id|procedure_id|procedure_revision|observed_value_or_state|acceptance_limit|result_PASS_or_FAIL|evidence_uri|executor|timestamp|reviewer|decision,P0.2 TEMPLATE ISSUED - INTEGRATION AND EXECUTION REQUIRED,ONE NORMATIVE CLAUSE - INDEPENDENT ACCEPTANCE REQUIRED,draft,NOT EXECUTED,SELECTION REQUIRED,SELECTION REQUIRED,NOT APPROVED,"PRELIMINARY - NOT APPROVED FOR FABRICATION, CONNECTION, MOTION, OR ENERGIZATION"
CTRL-008-A10,CTRL-008,10,control,After release the transport shall verify the exact received device set before configuration.,MUST,TEST-CTRL-007,Completed HIL CSV raw packets serial/USB logs timing and oscilloscope traces calibration records fault matrix video nonconformance dispositions and signed controls electrical and independent-witness approval,Unresolved configuration cannot open the port; the exact released bus configures only with torque off; every unexpected ID packet error timeout unplug process failure watchdog expiry authority loss telemetry limit brownout reboot or partial-write case removes torque within the separately released limit and never resumes the prior target,PASS only if executed TEST-CTRL-007 configuration-bound evidence demonstrates: After release the transport shall verify the exact received device set before configuration.,child_id|configuration_id|procedure_id|procedure_revision|observed_value_or_state|acceptance_limit|result_PASS_or_FAIL|evidence_uri|executor|timestamp|reviewer|decision,P0.2 TEMPLATE ISSUED - INTEGRATION AND EXECUTION REQUIRED,ONE NORMATIVE CLAUSE - INDEPENDENT ACCEPTANCE REQUIRED,draft,NOT EXECUTED,SELECTION REQUIRED,SELECTION REQUIRED,NOT APPROVED,"PRELIMINARY - NOT APPROVED FOR FABRICATION, CONNECTION, MOTION, OR ENERGIZATION"
CTRL-008-A11,CTRL-008,11,control,After release the transport shall configure actuators while torque remains off.,MUST,TEST-CTRL-007,Completed HIL CSV raw packets serial/USB logs timing and oscilloscope traces calibration records fault matrix video nonconformance dispositions and signed controls electrical and independent-witness approval,Unresolved configuration cannot open the port; the exact released bus configures only with torque off; every unexpected ID packet error timeout unplug process failure watchdog expiry authority loss telemetry limit brownout reboot or partial-write case removes torque within the separately released limit and never resumes the prior target,PASS only if executed TEST-CTRL-007 configuration-bound evidence demonstrates: After release the transport shall configure actuators while torque remains off.,child_id|configuration_id|procedure_id|procedure_revision|observed_value_or_state|acceptance_limit|result_PASS_or_FAIL|evidence_uri|executor|timestamp|reviewer|decision,P0.2 TEMPLATE ISSUED - INTEGRATION AND EXECUTION REQUIRED,ONE NORMATIVE CLAUSE - INDEPENDENT ACCEPTANCE REQUIRED,draft,NOT EXECUTED,SELECTION REQUIRED,SELECTION REQUIRED,NOT APPROVED,"PRELIMINARY - NOT APPROVED FOR FABRICATION, CONNECTION, MOTION, OR ENERGIZATION"
CTRL-008-A12,CTRL-008,12,control,After release the transport shall read back the released configuration while torque remains off.,MUST,TEST-CTRL-007,Completed HIL CSV raw packets serial/USB logs timing and oscilloscope traces calibration records fault matrix video nonconformance dispositions and signed controls electrical and independent-witness approval,Unresolved configuration cannot open the port; the exact released bus configures only with torque off; every unexpected ID packet error timeout unplug process failure watchdog expiry authority loss telemetry limit brownout reboot or partial-write case removes torque within the separately released limit and never resumes the prior target,PASS only if executed TEST-CTRL-007 configuration-bound evidence demonstrates: After release the transport shall read back the released configuration while torque remains off.,child_id|configuration_id|procedure_id|procedure_revision|observed_value_or_state|acceptance_limit|result_PASS_or_FAIL|evidence_uri|executor|timestamp|reviewer|decision,P0.2 TEMPLATE ISSUED - INTEGRATION AND EXECUTION REQUIRED,ONE NORMATIVE CLAUSE - INDEPENDENT ACCEPTANCE REQUIRED,draft,NOT EXECUTED,SELECTION REQUIRED,SELECTION REQUIRED,NOT APPROVED,"PRELIMINARY - NOT APPROVED FOR FABRICATION, CONNECTION, MOTION, OR ENERGIZATION"
CTRL-008-A13,CTRL-008,13,control,After release the transport shall enable torque only for one fresh supervisor trajectory whose configuration matches.,MUST,TEST-CTRL-007,Completed HIL CSV raw packets serial/USB logs timing and oscilloscope traces calibration records fault matrix video nonconformance dispositions and signed controls electrical and independent-witness approval,Unresolved configuration cannot open the port; the exact released bus configures only with torque off; every unexpected ID packet error timeout unplug process failure watchdog expiry authority loss telemetry limit brownout reboot or partial-write case removes torque within the separately released limit and never resumes the prior target,PASS only if executed TEST-CTRL-007 configuration-bound evidence demonstrates: After release the transport shall enable torque only for one fresh supervisor trajectory whose configuration matches.,child_id|configuration_id|procedure_id|procedure_revision|observed_value_or_state|acceptance_limit|result_PASS_or_FAIL|evidence_uri|executor|timestamp|reviewer|decision,P0.2 TEMPLATE ISSUED - INTEGRATION AND EXECUTION REQUIRED,ONE NORMATIVE CLAUSE - INDEPENDENT ACCEPTANCE REQUIRED,draft,NOT EXECUTED,SELECTION REQUIRED,SELECTION REQUIRED,NOT APPROVED,"PRELIMINARY - NOT APPROVED FOR FABRICATION, CONNECTION, MOTION, OR ENERGIZATION"
CTRL-008-A14,CTRL-008,14,control,After release the transport shall remove torque on any authority fault.,MUST,TEST-CTRL-007,Completed HIL CSV raw packets serial/USB logs timing and oscilloscope traces calibration records fault matrix video nonconformance dispositions and signed controls electrical and independent-witness approval,Unresolved configuration cannot open the port; the exact released bus configures only with torque off; every unexpected ID packet error timeout unplug process failure watchdog expiry authority loss telemetry limit brownout reboot or partial-write case removes torque within the separately released limit and never resumes the prior target,PASS only if executed TEST-CTRL-007 configuration-bound evidence demonstrates: After release the transport shall remove torque on any authority fault.,child_id|configuration_id|procedure_id|procedure_revision|observed_value_or_state|acceptance_limit|result_PASS_or_FAIL|evidence_uri|executor|timestamp|reviewer|decision,P0.2 TEMPLATE ISSUED - INTEGRATION AND EXECUTION REQUIRED,ONE NORMATIVE CLAUSE - INDEPENDENT ACCEPTANCE REQUIRED,draft,NOT EXECUTED,SELECTION REQUIRED,SELECTION REQUIRED,NOT APPROVED,"PRELIMINARY - NOT APPROVED FOR FABRICATION, CONNECTION, MOTION, OR ENERGIZATION"
CTRL-008-A15,CTRL-008,15,control,After release the transport shall remove torque on any communication fault.,MUST,TEST-CTRL-007,Completed HIL CSV raw packets serial/USB logs timing and oscilloscope traces calibration records fault matrix video nonconformance dispositions and signed controls electrical and independent-witness approval,Unresolved configuration cannot open the port; the exact released bus configures only with torque off; every unexpected ID packet error timeout unplug process failure watchdog expiry authority loss telemetry limit brownout reboot or partial-write case removes torque within the separately released limit and never resumes the prior target,PASS only if executed TEST-CTRL-007 configuration-bound evidence demonstrates: After release the transport shall remove torque on any communication fault.,child_id|configuration_id|procedure_id|procedure_revision|observed_value_or_state|acceptance_limit|result_PASS_or_FAIL|evidence_uri|executor|timestamp|reviewer|decision,P0.2 TEMPLATE ISSUED - INTEGRATION AND EXECUTION REQUIRED,ONE NORMATIVE CLAUSE - INDEPENDENT ACCEPTANCE REQUIRED,draft,NOT EXECUTED,SELECTION REQUIRED,SELECTION REQUIRED,NOT APPROVED,"PRELIMINARY - NOT APPROVED FOR FABRICATION, CONNECTION, MOTION, OR ENERGIZATION"
CTRL-008-A16,CTRL-008,16,control,After release the transport shall remove torque on any watchdog fault.,MUST,TEST-CTRL-007,Completed HIL CSV raw packets serial/USB logs timing and oscilloscope traces calibration records fault matrix video nonconformance dispositions and signed controls electrical and independent-witness approval,Unresolved configuration cannot open the port; the exact released bus configures only with torque off; every unexpected ID packet error timeout unplug process failure watchdog expiry authority loss telemetry limit brownout reboot or partial-write case removes torque within the separately released limit and never resumes the prior target,PASS only if executed TEST-CTRL-007 configuration-bound evidence demonstrates: After release the transport shall remove torque on any watchdog fault.,child_id|configuration_id|procedure_id|procedure_revision|observed_value_or_state|acceptance_limit|result_PASS_or_FAIL|evidence_uri|executor|timestamp|reviewer|decision,P0.2 TEMPLATE ISSUED - INTEGRATION AND EXECUTION REQUIRED,ONE NORMATIVE CLAUSE - INDEPENDENT ACCEPTANCE REQUIRED,draft,NOT EXECUTED,SELECTION REQUIRED,SELECTION REQUIRED,NOT APPROVED,"PRELIMINARY - NOT APPROVED FOR FABRICATION, CONNECTION, MOTION, OR ENERGIZATION"
CTRL-008-A17,CTRL-008,17,control,After release the transport shall remove torque on any telemetry fault.,MUST,TEST-CTRL-007,Completed HIL CSV raw packets serial/USB logs timing and oscilloscope traces calibration records fault matrix video nonconformance dispositions and signed controls electrical and independent-witness approval,Unresolved configuration cannot open the port; the exact released bus configures only with torque off; every unexpected ID packet error timeout unplug process failure watchdog expiry authority loss telemetry limit brownout reboot or partial-write case removes torque within the separately released limit and never resumes the prior target,PASS only if executed TEST-CTRL-007 configuration-bound evidence demonstrates: After release the transport shall remove torque on any telemetry fault.,child_id|configuration_id|procedure_id|procedure_revision|observed_value_or_state|acceptance_limit|result_PASS_or_FAIL|evidence_uri|executor|timestamp|reviewer|decision,P0.2 TEMPLATE ISSUED - INTEGRATION AND EXECUTION REQUIRED,ONE NORMATIVE CLAUSE - INDEPENDENT ACCEPTANCE REQUIRED,draft,NOT EXECUTED,SELECTION REQUIRED,SELECTION REQUIRED,NOT APPROVED,"PRELIMINARY - NOT APPROVED FOR FABRICATION, CONNECTION, MOTION, OR ENERGIZATION"
CTRL-008-A18,CTRL-008,18,control,After release the transport shall remove torque on any execution fault.,MUST,TEST-CTRL-007,Completed HIL CSV raw packets serial/USB logs timing and oscilloscope traces calibration records fault matrix video nonconformance dispositions and signed controls electrical and independent-witness approval,Unresolved configuration cannot open the port; the exact released bus configures only with torque off; every unexpected ID packet error timeout unplug process failure watchdog expiry authority loss telemetry limit brownout reboot or partial-write case removes torque within the separately released limit and never resumes the prior target,PASS only if executed TEST-CTRL-007 configuration-bound evidence demonstrates: After release the transport shall remove torque on any execution fault.,child_id|configuration_id|procedure_id|procedure_revision|observed_value_or_state|acceptance_limit|result_PASS_or_FAIL|evidence_uri|executor|timestamp|reviewer|decision,P0.2 TEMPLATE ISSUED - INTEGRATION AND EXECUTION REQUIRED,ONE NORMATIVE CLAUSE - INDEPENDENT ACCEPTANCE REQUIRED,draft,NOT EXECUTED,SELECTION REQUIRED,SELECTION REQUIRED,NOT APPROVED,"PRELIMINARY - NOT APPROVED FOR FABRICATION, CONNECTION, MOTION, OR ENERGIZATION"
CTRL-008-A19,CTRL-008,19,control,After any CTRL-008 fault the transport shall not resume the prior target.,MUST,TEST-CTRL-007,Completed HIL CSV raw packets serial/USB logs timing and oscilloscope traces calibration records fault matrix video nonconformance dispositions and signed controls electrical and independent-witness approval,Unresolved configuration cannot open the port; the exact released bus configures only with torque off; every unexpected ID packet error timeout unplug process failure watchdog expiry authority loss telemetry limit brownout reboot or partial-write case removes torque within the separately released limit and never resumes the prior target,PASS only if executed TEST-CTRL-007 configuration-bound evidence demonstrates: After any CTRL-008 fault the transport shall not resume the prior target.,child_id|configuration_id|procedure_id|procedure_revision|observed_value_or_state|acceptance_limit|result_PASS_or_FAIL|evidence_uri|executor|timestamp|reviewer|decision,P0.2 TEMPLATE ISSUED - INTEGRATION AND EXECUTION REQUIRED,ONE NORMATIVE CLAUSE - INDEPENDENT ACCEPTANCE REQUIRED,draft,NOT EXECUTED,SELECTION REQUIRED,SELECTION REQUIRED,NOT APPROVED,"PRELIMINARY - NOT APPROVED FOR FABRICATION, CONNECTION, MOTION, OR ENERGIZATION"
CTRL-008-A20,CTRL-008,20,control,The HR-V0 DYNAMIXEL transport shall not write a register while calibration is unresolved.,MUST,TEST-CTRL-007,Completed HIL CSV raw packets serial/USB logs timing and oscilloscope traces calibration records fault matrix video nonconformance dispositions and signed controls electrical and independent-witness approval,Unresolved configuration cannot open the port; the exact released bus configures only with torque off; every unexpected ID packet error timeout unplug process failure watchdog expiry authority loss telemetry limit brownout reboot or partial-write case removes torque within the separately released limit and never resumes the prior target,PASS only if executed TEST-CTRL-007 configuration-bound evidence demonstrates: The HR-V0 DYNAMIXEL transport shall not write a register while calibration is unresolved.,child_id|configuration_id|procedure_id|procedure_revision|observed_value_or_state|acceptance_limit|result_PASS_or_FAIL|evidence_uri|executor|timestamp|reviewer|decision,P0.2 TEMPLATE ISSUED - INTEGRATION AND EXECUTION REQUIRED,ONE NORMATIVE CLAUSE - INDEPENDENT ACCEPTANCE REQUIRED,draft,NOT EXECUTED,SELECTION REQUIRED,SELECTION REQUIRED,NOT APPROVED,"PRELIMINARY - NOT APPROVED FOR FABRICATION, CONNECTION, MOTION, OR ENERGIZATION"
CTRL-008-A21,CTRL-008,21,control,The HR-V0 DYNAMIXEL transport shall not write a register while the motion profile is unresolved.,MUST,TEST-CTRL-007,Completed HIL CSV raw packets serial/USB logs timing and oscilloscope traces calibration records fault matrix video nonconformance dispositions and signed controls electrical and independent-witness approval,Unresolved configuration cannot open the port; the exact released bus configures only with torque off; every unexpected ID packet error timeout unplug process failure watchdog expiry authority loss telemetry limit brownout reboot or partial-write case removes torque within the separately released limit and never resumes the prior target,PASS only if executed TEST-CTRL-007 configuration-bound evidence demonstrates: The HR-V0 DYNAMIXEL transport shall not write a register while the motion profile is unresolved.,child_id|configuration_id|procedure_id|procedure_revision|observed_value_or_state|acceptance_limit|result_PASS_or_FAIL|evidence_uri|executor|timestamp|reviewer|decision,P0.2 TEMPLATE ISSUED - INTEGRATION AND EXECUTION REQUIRED,ONE NORMATIVE CLAUSE - INDEPENDENT ACCEPTANCE REQUIRED,draft,NOT EXECUTED,SELECTION REQUIRED,SELECTION REQUIRED,NOT APPROVED,"PRELIMINARY - NOT APPROVED FOR FABRICATION, CONNECTION, MOTION, OR ENERGIZATION"
CTRL-008-A22,CTRL-008,22,control,The HR-V0 DYNAMIXEL transport shall not write a register while voltage limits are unresolved.,MUST,TEST-CTRL-007,Completed HIL CSV raw packets serial/USB logs timing and oscilloscope traces calibration records fault matrix video nonconformance dispositions and signed controls electrical and independent-witness approval,Unresolved configuration cannot open the port; the exact released bus configures only with torque off; every unexpected ID packet error timeout unplug process failure watchdog expiry authority loss telemetry limit brownout reboot or partial-write case removes torque within the separately released limit and never resumes the prior target,PASS only if executed TEST-CTRL-007 configuration-bound evidence demonstrates: The HR-V0 DYNAMIXEL transport shall not write a register while voltage limits are unresolved.,child_id|configuration_id|procedure_id|procedure_revision|observed_value_or_state|acceptance_limit|result_PASS_or_FAIL|evidence_uri|executor|timestamp|reviewer|decision,P0.2 TEMPLATE ISSUED - INTEGRATION AND EXECUTION REQUIRED,ONE NORMATIVE CLAUSE - INDEPENDENT ACCEPTANCE REQUIRED,draft,NOT EXECUTED,SELECTION REQUIRED,SELECTION REQUIRED,NOT APPROVED,"PRELIMINARY - NOT APPROVED FOR FABRICATION, CONNECTION, MOTION, OR ENERGIZATION"
CTRL-008-A23,CTRL-008,23,control,The HR-V0 DYNAMIXEL transport shall not write a register while temperature limits are unresolved.,MUST,TEST-CTRL-007,Completed HIL CSV raw packets serial/USB logs timing and oscilloscope traces calibration records fault matrix video nonconformance dispositions and signed controls electrical and independent-witness approval,Unresolved configuration cannot open the port; the exact released bus configures only with torque off; every unexpected ID packet error timeout unplug process failure watchdog expiry authority loss telemetry limit brownout reboot or partial-write case removes torque within the separately released limit and never resumes the prior target,PASS only if executed TEST-CTRL-007 configuration-bound evidence demonstrates: The HR-V0 DYNAMIXEL transport shall not write a register while temperature limits are unresolved.,child_id|configuration_id|procedure_id|procedure_revision|observed_value_or_state|acceptance_limit|result_PASS_or_FAIL|evidence_uri|executor|timestamp|reviewer|decision,P0.2 TEMPLATE ISSUED - INTEGRATION AND EXECUTION REQUIRED,ONE NORMATIVE CLAUSE - INDEPENDENT ACCEPTANCE REQUIRED,draft,NOT EXECUTED,SELECTION REQUIRED,SELECTION REQUIRED,NOT APPROVED,"PRELIMINARY - NOT APPROVED FOR FABRICATION, CONNECTION, MOTION, OR ENERGIZATION"
CTRL-008-A24,CTRL-008,24,control,The HR-V0 DYNAMIXEL transport shall not write a register while operating-system selection is unresolved.,MUST,TEST-CTRL-007,Completed HIL CSV raw packets serial/USB logs timing and oscilloscope traces calibration records fault matrix video nonconformance dispositions and signed controls electrical and independent-witness approval,Unresolved configuration cannot open the port; the exact released bus configures only with torque off; every unexpected ID packet error timeout unplug process failure watchdog expiry authority loss telemetry limit brownout reboot or partial-write case removes torque within the separately released limit and never resumes the prior target,PASS only if executed TEST-CTRL-007 configuration-bound evidence demonstrates: The HR-V0 DYNAMIXEL transport shall not write a register while operating-system selection is unresolved.,child_id|configuration_id|procedure_id|procedure_revision|observed_value_or_state|acceptance_limit|result_PASS_or_FAIL|evidence_uri|executor|timestamp|reviewer|decision,P0.2 TEMPLATE ISSUED - INTEGRATION AND EXECUTION REQUIRED,ONE NORMATIVE CLAUSE - INDEPENDENT ACCEPTANCE REQUIRED,draft,NOT EXECUTED,SELECTION REQUIRED,SELECTION REQUIRED,NOT APPROVED,"PRELIMINARY - NOT APPROVED FOR FABRICATION, CONNECTION, MOTION, OR ENERGIZATION"
CTRL-008-A25,CTRL-008,25,control,The HR-V0 DYNAMIXEL transport shall not open a device while SDK selection is unresolved.,MUST,TEST-CTRL-007,Completed HIL CSV raw packets serial/USB logs timing and oscilloscope traces calibration records fault matrix video nonconformance dispositions and signed controls electrical and independent-witness approval,Unresolved configuration cannot open the port; the exact released bus configures only with torque off; every unexpected ID packet error timeout unplug process failure watchdog expiry authority loss telemetry limit brownout reboot or partial-write case removes torque within the separately released limit and never resumes the prior target,PASS only if executed TEST-CTRL-007 configuration-bound evidence demonstrates: The HR-V0 DYNAMIXEL transport shall not open a device while SDK selection is unresolved.,child_id|configuration_id|procedure_id|procedure_revision|observed_value_or_state|acceptance_limit|result_PASS_or_FAIL|evidence_uri|executor|timestamp|reviewer|decision,P0.2 TEMPLATE ISSUED - INTEGRATION AND EXECUTION REQUIRED,ONE NORMATIVE CLAUSE - INDEPENDENT ACCEPTANCE REQUIRED,draft,NOT EXECUTED,SELECTION REQUIRED,SELECTION REQUIRED,NOT APPROVED,"PRELIMINARY - NOT APPROVED FOR FABRICATION, CONNECTION, MOTION, OR ENERGIZATION"
CTRL-008-A26,CTRL-008,26,control,The HR-V0 DYNAMIXEL transport shall not write a register while SDK selection is unresolved.,MUST,TEST-CTRL-007,Completed HIL CSV raw packets serial/USB logs timing and oscilloscope traces calibration records fault matrix video nonconformance dispositions and signed controls electrical and independent-witness approval,Unresolved configuration cannot open the port; the exact released bus configures only with torque off; every unexpected ID packet error timeout unplug process failure watchdog expiry authority loss telemetry limit brownout reboot or partial-write case removes torque within the separately released limit and never resumes the prior target,PASS only if executed TEST-CTRL-007 configuration-bound evidence demonstrates: The HR-V0 DYNAMIXEL transport shall not write a register while SDK selection is unresolved.,child_id|configuration_id|procedure_id|procedure_revision|observed_value_or_state|acceptance_limit|result_PASS_or_FAIL|evidence_uri|executor|timestamp|reviewer|decision,P0.2 TEMPLATE ISSUED - INTEGRATION AND EXECUTION REQUIRED,ONE NORMATIVE CLAUSE - INDEPENDENT ACCEPTANCE REQUIRED,draft,NOT EXECUTED,SELECTION REQUIRED,SELECTION REQUIRED,NOT APPROVED,"PRELIMINARY - NOT APPROVED FOR FABRICATION, CONNECTION, MOTION, OR ENERGIZATION"
CTRL-008-A27,CTRL-008,27,control,The HR-V0 DYNAMIXEL transport shall not write a register while device-path selection is unresolved.,MUST,TEST-CTRL-007,Completed HIL CSV raw packets serial/USB logs timing and oscilloscope traces calibration records fault matrix video nonconformance dispositions and signed controls electrical and independent-witness approval,Unresolved configuration cannot open the port; the exact released bus configures only with torque off; every unexpected ID packet error timeout unplug process failure watchdog expiry authority loss telemetry limit brownout reboot or partial-write case removes torque within the separately released limit and never resumes the prior target,PASS only if executed TEST-CTRL-007 configuration-bound evidence demonstrates: The HR-V0 DYNAMIXEL transport shall not write a register while device-path selection is unresolved.,child_id|configuration_id|procedure_id|procedure_revision|observed_value_or_state|acceptance_limit|result_PASS_or_FAIL|evidence_uri|executor|timestamp|reviewer|decision,P0.2 TEMPLATE ISSUED - INTEGRATION AND EXECUTION REQUIRED,ONE NORMATIVE CLAUSE - INDEPENDENT ACCEPTANCE REQUIRED,draft,NOT EXECUTED,SELECTION REQUIRED,SELECTION REQUIRED,NOT APPROVED,"PRELIMINARY - NOT APPROVED FOR FABRICATION, CONNECTION, MOTION, OR ENERGIZATION"
CTRL-008-A28,CTRL-008,28,control,After release the transport shall enable torque only for one fresh supervisor trajectory whose preconditions match.,MUST,TEST-CTRL-007,Completed HIL CSV raw packets serial/USB logs timing and oscilloscope traces calibration records fault matrix video nonconformance dispositions and signed controls electrical and independent-witness approval,Unresolved configuration cannot open the port; the exact released bus configures only with torque off; every unexpected ID packet error timeout unplug process failure watchdog expiry authority loss telemetry limit brownout reboot or partial-write case removes torque within the separately released limit and never resumes the prior target,PASS only if executed TEST-CTRL-007 configuration-bound evidence demonstrates: After release the transport shall enable torque only for one fresh supervisor trajectory whose preconditions match.,child_id|configuration_id|procedure_id|procedure_revision|observed_value_or_state|acceptance_limit|result_PASS_or_FAIL|evidence_uri|executor|timestamp|reviewer|decision,P0.2 TEMPLATE ISSUED - INTEGRATION AND EXECUTION REQUIRED,ONE NORMATIVE CLAUSE - INDEPENDENT ACCEPTANCE REQUIRED,draft,NOT EXECUTED,SELECTION REQUIRED,SELECTION REQUIRED,NOT APPROVED,"PRELIMINARY - NOT APPROVED FOR FABRICATION, CONNECTION, MOTION, OR ENERGIZATION"
ELEC-001-A01,ELEC-001,1,electrical,The actuator-power domain shall have protection independent of the safety-control-power domain.,MUST,INSPECT-ELEC-001,As-built inspection record,Compute safety and actuator domains are separately protected,PASS only if executed INSPECT-ELEC-001 configuration-bound evidence demonstrates: The actuator-power domain shall have protection independent of the safety-control-power domain.,child_id|configuration_id|procedure_id|procedure_revision|observed_value_or_state|acceptance_limit|result_PASS_or_FAIL|evidence_uri|executor|timestamp|reviewer|decision,P0.2 TEMPLATE ISSUED - INTEGRATION AND EXECUTION REQUIRED,ONE NORMATIVE CLAUSE - INDEPENDENT ACCEPTANCE REQUIRED,draft,NOT EXECUTED,SELECTION REQUIRED,SELECTION REQUIRED,NOT APPROVED,"PRELIMINARY - NOT APPROVED FOR FABRICATION, CONNECTION, MOTION, OR ENERGIZATION"
ELEC-001-A02,ELEC-001,2,electrical,The safety-control-power domain shall have protection independent of the compute-power domain.,MUST,INSPECT-ELEC-001,As-built inspection record,Compute safety and actuator domains are separately protected,PASS only if executed INSPECT-ELEC-001 configuration-bound evidence demonstrates: The safety-control-power domain shall have protection independent of the compute-power domain.,child_id|configuration_id|procedure_id|procedure_revision|observed_value_or_state|acceptance_limit|result_PASS_or_FAIL|evidence_uri|executor|timestamp|reviewer|decision,P0.2 TEMPLATE ISSUED - INTEGRATION AND EXECUTION REQUIRED,ONE NORMATIVE CLAUSE - INDEPENDENT ACCEPTANCE REQUIRED,draft,NOT EXECUTED,SELECTION REQUIRED,SELECTION REQUIRED,NOT APPROVED,"PRELIMINARY - NOT APPROVED FOR FABRICATION, CONNECTION, MOTION, OR ENERGIZATION"
ELEC-001-A03,ELEC-001,3,electrical,The compute-power domain shall have protection independent of the actuator-power domain.,MUST,INSPECT-ELEC-001,As-built inspection record,Compute safety and actuator domains are separately protected,PASS only if executed INSPECT-ELEC-001 configuration-bound evidence demonstrates: The compute-power domain shall have protection independent of the actuator-power domain.,child_id|configuration_id|procedure_id|procedure_revision|observed_value_or_state|acceptance_limit|result_PASS_or_FAIL|evidence_uri|executor|timestamp|reviewer|decision,P0.2 TEMPLATE ISSUED - INTEGRATION AND EXECUTION REQUIRED,ONE NORMATIVE CLAUSE - INDEPENDENT ACCEPTANCE REQUIRED,draft,NOT EXECUTED,SELECTION REQUIRED,SELECTION REQUIRED,NOT APPROVED,"PRELIMINARY - NOT APPROVED FOR FABRICATION, CONNECTION, MOTION, OR ENERGIZATION"
ELEC-003-A01,ELEC-003,1,electrical,Each actuator-power branch shall have separately selected branch protection.,MUST,INSPECT-ELEC-002,Inspection and load records,Every branch matches released ratings and derating,PASS only if executed INSPECT-ELEC-002 configuration-bound evidence demonstrates: Each actuator-power branch shall have separately selected branch protection.,child_id|configuration_id|procedure_id|procedure_revision|observed_value_or_state|acceptance_limit|result_PASS_or_FAIL|evidence_uri|executor|timestamp|reviewer|decision,P0.2 TEMPLATE ISSUED - INTEGRATION AND EXECUTION REQUIRED,ONE NORMATIVE CLAUSE - INDEPENDENT ACCEPTANCE REQUIRED,draft,NOT EXECUTED,SELECTION REQUIRED,SELECTION REQUIRED,NOT APPROVED,"PRELIMINARY - NOT APPROVED FOR FABRICATION, CONNECTION, MOTION, OR ENERGIZATION"
ELEC-003-A02,ELEC-003,2,electrical,Each actuator-power-branch conductor shall be rated for the verified application load.,MUST,INSPECT-ELEC-002,Inspection and load records,Every branch matches released ratings and derating,PASS only if executed INSPECT-ELEC-002 configuration-bound evidence demonstrates: Each actuator-power-branch conductor shall be rated for the verified application load.,child_id|configuration_id|procedure_id|procedure_revision|observed_value_or_state|acceptance_limit|result_PASS_or_FAIL|evidence_uri|executor|timestamp|reviewer|decision,P0.2 TEMPLATE ISSUED - INTEGRATION AND EXECUTION REQUIRED,ONE NORMATIVE CLAUSE - INDEPENDENT ACCEPTANCE REQUIRED,draft,NOT EXECUTED,SELECTION REQUIRED,SELECTION REQUIRED,NOT APPROVED,"PRELIMINARY - NOT APPROVED FOR FABRICATION, CONNECTION, MOTION, OR ENERGIZATION"
ELEC-003-A03,ELEC-003,3,electrical,Each actuator-power-branch connector shall be rated for the verified application load.,MUST,INSPECT-ELEC-002,Inspection and load records,Every branch matches released ratings and derating,PASS only if executed INSPECT-ELEC-002 configuration-bound evidence demonstrates: Each actuator-power-branch connector shall be rated for the verified application load.,child_id|configuration_id|procedure_id|procedure_revision|observed_value_or_state|acceptance_limit|result_PASS_or_FAIL|evidence_uri|executor|timestamp|reviewer|decision,P0.2 TEMPLATE ISSUED - INTEGRATION AND EXECUTION REQUIRED,ONE NORMATIVE CLAUSE - INDEPENDENT ACCEPTANCE REQUIRED,draft,NOT EXECUTED,SELECTION REQUIRED,SELECTION REQUIRED,NOT APPROVED,"PRELIMINARY - NOT APPROVED FOR FABRICATION, CONNECTION, MOTION, OR ENERGIZATION"
ELEC-003-A04,ELEC-003,4,electrical,Each actuator-power branch shall have coordinated branch protection.,MUST,INSPECT-ELEC-002,Inspection and load records,Every branch matches released ratings and derating,PASS only if executed INSPECT-ELEC-002 configuration-bound evidence demonstrates: Each actuator-power branch shall have coordinated branch protection.,child_id|configuration_id|procedure_id|procedure_revision|observed_value_or_state|acceptance_limit|result_PASS_or_FAIL|evidence_uri|executor|timestamp|reviewer|decision,P0.2 TEMPLATE ISSUED - INTEGRATION AND EXECUTION REQUIRED,ONE NORMATIVE CLAUSE - INDEPENDENT ACCEPTANCE REQUIRED,draft,NOT EXECUTED,SELECTION REQUIRED,SELECTION REQUIRED,NOT APPROVED,"PRELIMINARY - NOT APPROVED FOR FABRICATION, CONNECTION, MOTION, OR ENERGIZATION"
ELEC-003-A05,ELEC-003,5,electrical,Each actuator-power-branch conductor shall be rated for the verified installation conditions.,MUST,INSPECT-ELEC-002,Inspection and load records,Every branch matches released ratings and derating,PASS only if executed INSPECT-ELEC-002 configuration-bound evidence demonstrates: Each actuator-power-branch conductor shall be rated for the verified installation conditions.,child_id|configuration_id|procedure_id|procedure_revision|observed_value_or_state|acceptance_limit|result_PASS_or_FAIL|evidence_uri|executor|timestamp|reviewer|decision,P0.2 TEMPLATE ISSUED - INTEGRATION AND EXECUTION REQUIRED,ONE NORMATIVE CLAUSE - INDEPENDENT ACCEPTANCE REQUIRED,draft,NOT EXECUTED,SELECTION REQUIRED,SELECTION REQUIRED,NOT APPROVED,"PRELIMINARY - NOT APPROVED FOR FABRICATION, CONNECTION, MOTION, OR ENERGIZATION"
ELEC-003-A06,ELEC-003,6,electrical,Each actuator-power-branch connector shall be rated for the verified installation conditions.,MUST,INSPECT-ELEC-002,Inspection and load records,Every branch matches released ratings and derating,PASS only if executed INSPECT-ELEC-002 configuration-bound evidence demonstrates: Each actuator-power-branch connector shall be rated for the verified installation conditions.,child_id|configuration_id|procedure_id|procedure_revision|observed_value_or_state|acceptance_limit|result_PASS_or_FAIL|evidence_uri|executor|timestamp|reviewer|decision,P0.2 TEMPLATE ISSUED - INTEGRATION AND EXECUTION REQUIRED,ONE NORMATIVE CLAUSE - INDEPENDENT ACCEPTANCE REQUIRED,draft,NOT EXECUTED,SELECTION REQUIRED,SELECTION REQUIRED,NOT APPROVED,"PRELIMINARY - NOT APPROVED FOR FABRICATION, CONNECTION, MOTION, OR ENERGIZATION"
ELEC-004-A01,ELEC-004,1,electrical,Each exposed mains terminal shall be inaccessible without a tool.,MUST,TEST-ELEC-001,Calibration certificates and signed report,Tool access separation and released PE resistance withstand and leakage limits pass,PASS only if executed TEST-ELEC-001 configuration-bound evidence demonstrates: Each exposed mains terminal shall be inaccessible without a tool.,child_id|configuration_id|procedure_id|procedure_revision|observed_value_or_state|acceptance_limit|result_PASS_or_FAIL|evidence_uri|executor|timestamp|reviewer|decision,P0.2 TEMPLATE ISSUED - INTEGRATION AND EXECUTION REQUIRED,ONE NORMATIVE CLAUSE - INDEPENDENT ACCEPTANCE REQUIRED,draft,NOT EXECUTED,SELECTION REQUIRED,SELECTION REQUIRED,NOT APPROVED,"PRELIMINARY - NOT APPROVED FOR FABRICATION, CONNECTION, MOTION, OR ENERGIZATION"
ELEC-004-A02,ELEC-004,2,electrical,Each conductive enclosure requiring protective bonding shall be protectively earthed by the released implementation.,MUST,TEST-ELEC-001,Calibration certificates and signed report,Tool access separation and released PE resistance withstand and leakage limits pass,PASS only if executed TEST-ELEC-001 configuration-bound evidence demonstrates: Each conductive enclosure requiring protective bonding shall be protectively earthed by the released implementation.,child_id|configuration_id|procedure_id|procedure_revision|observed_value_or_state|acceptance_limit|result_PASS_or_FAIL|evidence_uri|executor|timestamp|reviewer|decision,P0.2 TEMPLATE ISSUED - INTEGRATION AND EXECUTION REQUIRED,ONE NORMATIVE CLAUSE - INDEPENDENT ACCEPTANCE REQUIRED,draft,NOT EXECUTED,SELECTION REQUIRED,SELECTION REQUIRED,NOT APPROVED,"PRELIMINARY - NOT APPROVED FOR FABRICATION, CONNECTION, MOTION, OR ENERGIZATION"
ELEC-004-A03,ELEC-004,3,electrical,Each conductive machine structure requiring protective bonding shall be protectively earthed by the released implementation.,MUST,TEST-ELEC-001,Calibration certificates and signed report,Tool access separation and released PE resistance withstand and leakage limits pass,PASS only if executed TEST-ELEC-001 configuration-bound evidence demonstrates: Each conductive machine structure requiring protective bonding shall be protectively earthed by the released implementation.,child_id|configuration_id|procedure_id|procedure_revision|observed_value_or_state|acceptance_limit|result_PASS_or_FAIL|evidence_uri|executor|timestamp|reviewer|decision,P0.2 TEMPLATE ISSUED - INTEGRATION AND EXECUTION REQUIRED,ONE NORMATIVE CLAUSE - INDEPENDENT ACCEPTANCE REQUIRED,draft,NOT EXECUTED,SELECTION REQUIRED,SELECTION REQUIRED,NOT APPROVED,"PRELIMINARY - NOT APPROVED FOR FABRICATION, CONNECTION, MOTION, OR ENERGIZATION"
GOV-001-A01,GOV-001,1,verification,Each requirement shall identify an accountable owner before design-review approval.,MUST,AUDIT-GOV-001,Approved audit record,Every requirement risk and gate has accountable fields,PASS only if executed AUDIT-GOV-001 configuration-bound evidence demonstrates: Each requirement shall identify an accountable owner before design-review approval.,child_id|configuration_id|procedure_id|procedure_revision|observed_value_or_state|acceptance_limit|result_PASS_or_FAIL|evidence_uri|executor|timestamp|reviewer|decision,P0.2 TEMPLATE ISSUED - INTEGRATION AND EXECUTION REQUIRED,ONE NORMATIVE CLAUSE - INDEPENDENT ACCEPTANCE REQUIRED,draft,NOT EXECUTED,SELECTION REQUIRED,SELECTION REQUIRED,NOT APPROVED,"PRELIMINARY - NOT APPROVED FOR FABRICATION, CONNECTION, MOTION, OR ENERGIZATION"
GOV-001-A02,GOV-001,2,verification,Each requirement shall identify its acceptance evidence before design-review approval.,MUST,AUDIT-GOV-001,Approved audit record,Every requirement risk and gate has accountable fields,PASS only if executed AUDIT-GOV-001 configuration-bound evidence demonstrates: Each requirement shall identify its acceptance evidence before design-review approval.,child_id|configuration_id|procedure_id|procedure_revision|observed_value_or_state|acceptance_limit|result_PASS_or_FAIL|evidence_uri|executor|timestamp|reviewer|decision,P0.2 TEMPLATE ISSUED - INTEGRATION AND EXECUTION REQUIRED,ONE NORMATIVE CLAUSE - INDEPENDENT ACCEPTANCE REQUIRED,draft,NOT EXECUTED,SELECTION REQUIRED,SELECTION REQUIRED,NOT APPROVED,"PRELIMINARY - NOT APPROVED FOR FABRICATION, CONNECTION, MOTION, OR ENERGIZATION"
GOV-001-A03,GOV-001,3,verification,Each requirement shall identify an approver before design-review approval.,MUST,AUDIT-GOV-001,Approved audit record,Every requirement risk and gate has accountable fields,PASS only if executed AUDIT-GOV-001 configuration-bound evidence demonstrates: Each requirement shall identify an approver before design-review approval.,child_id|configuration_id|procedure_id|procedure_revision|observed_value_or_state|acceptance_limit|result_PASS_or_FAIL|evidence_uri|executor|timestamp|reviewer|decision,P0.2 TEMPLATE ISSUED - INTEGRATION AND EXECUTION REQUIRED,ONE NORMATIVE CLAUSE - INDEPENDENT ACCEPTANCE REQUIRED,draft,NOT EXECUTED,SELECTION REQUIRED,SELECTION REQUIRED,NOT APPROVED,"PRELIMINARY - NOT APPROVED FOR FABRICATION, CONNECTION, MOTION, OR ENERGIZATION"
GOV-001-A04,GOV-001,4,verification,Each requirement shall have controlled change history before design-review approval.,MUST,AUDIT-GOV-001,Approved audit record,Every requirement risk and gate has accountable fields,PASS only if executed AUDIT-GOV-001 configuration-bound evidence demonstrates: Each requirement shall have controlled change history before design-review approval.,child_id|configuration_id|procedure_id|procedure_revision|observed_value_or_state|acceptance_limit|result_PASS_or_FAIL|evidence_uri|executor|timestamp|reviewer|decision,P0.2 TEMPLATE ISSUED - INTEGRATION AND EXECUTION REQUIRED,ONE NORMATIVE CLAUSE - INDEPENDENT ACCEPTANCE REQUIRED,draft,NOT EXECUTED,SELECTION REQUIRED,SELECTION REQUIRED,NOT APPROVED,"PRELIMINARY - NOT APPROVED FOR FABRICATION, CONNECTION, MOTION, OR ENERGIZATION"
GOV-001-A05,GOV-001,5,verification,Each risk shall identify an accountable owner before design-review approval.,MUST,AUDIT-GOV-001,Approved audit record,Every requirement risk and gate has accountable fields,PASS only if executed AUDIT-GOV-001 configuration-bound evidence demonstrates: Each risk shall identify an accountable owner before design-review approval.,child_id|configuration_id|procedure_id|procedure_revision|observed_value_or_state|acceptance_limit|result_PASS_or_FAIL|evidence_uri|executor|timestamp|reviewer|decision,P0.2 TEMPLATE ISSUED - INTEGRATION AND EXECUTION REQUIRED,ONE NORMATIVE CLAUSE - INDEPENDENT ACCEPTANCE REQUIRED,draft,NOT EXECUTED,SELECTION REQUIRED,SELECTION REQUIRED,NOT APPROVED,"PRELIMINARY - NOT APPROVED FOR FABRICATION, CONNECTION, MOTION, OR ENERGIZATION"
GOV-001-A06,GOV-001,6,verification,Each risk shall identify its acceptance evidence before design-review approval.,MUST,AUDIT-GOV-001,Approved audit record,Every requirement risk and gate has accountable fields,PASS only if executed AUDIT-GOV-001 configuration-bound evidence demonstrates: Each risk shall identify its acceptance evidence before design-review approval.,child_id|configuration_id|procedure_id|procedure_revision|observed_value_or_state|acceptance_limit|result_PASS_or_FAIL|evidence_uri|executor|timestamp|reviewer|decision,P0.2 TEMPLATE ISSUED - INTEGRATION AND EXECUTION REQUIRED,ONE NORMATIVE CLAUSE - INDEPENDENT ACCEPTANCE REQUIRED,draft,NOT EXECUTED,SELECTION REQUIRED,SELECTION REQUIRED,NOT APPROVED,"PRELIMINARY - NOT APPROVED FOR FABRICATION, CONNECTION, MOTION, OR ENERGIZATION"
GOV-001-A07,GOV-001,7,verification,Each risk shall identify an approver before design-review approval.,MUST,AUDIT-GOV-001,Approved audit record,Every requirement risk and gate has accountable fields,PASS only if executed AUDIT-GOV-001 configuration-bound evidence demonstrates: Each risk shall identify an approver before design-review approval.,child_id|configuration_id|procedure_id|procedure_revision|observed_value_or_state|acceptance_limit|result_PASS_or_FAIL|evidence_uri|executor|timestamp|reviewer|decision,P0.2 TEMPLATE ISSUED - INTEGRATION AND EXECUTION REQUIRED,ONE NORMATIVE CLAUSE - INDEPENDENT ACCEPTANCE REQUIRED,draft,NOT EXECUTED,SELECTION REQUIRED,SELECTION REQUIRED,NOT APPROVED,"PRELIMINARY - NOT APPROVED FOR FABRICATION, CONNECTION, MOTION, OR ENERGIZATION"
GOV-001-A08,GOV-001,8,verification,Each risk shall have controlled change history before design-review approval.,MUST,AUDIT-GOV-001,Approved audit record,Every requirement risk and gate has accountable fields,PASS only if executed AUDIT-GOV-001 configuration-bound evidence demonstrates: Each risk shall have controlled change history before design-review approval.,child_id|configuration_id|procedure_id|procedure_revision|observed_value_or_state|acceptance_limit|result_PASS_or_FAIL|evidence_uri|executor|timestamp|reviewer|decision,P0.2 TEMPLATE ISSUED - INTEGRATION AND EXECUTION REQUIRED,ONE NORMATIVE CLAUSE - INDEPENDENT ACCEPTANCE REQUIRED,draft,NOT EXECUTED,SELECTION REQUIRED,SELECTION REQUIRED,NOT APPROVED,"PRELIMINARY - NOT APPROVED FOR FABRICATION, CONNECTION, MOTION, OR ENERGIZATION"
GOV-001-A09,GOV-001,9,verification,Each release gate shall identify an accountable owner before design-review approval.,MUST,AUDIT-GOV-001,Approved audit record,Every requirement risk and gate has accountable fields,PASS only if executed AUDIT-GOV-001 configuration-bound evidence demonstrates: Each release gate shall identify an accountable owner before design-review approval.,child_id|configuration_id|procedure_id|procedure_revision|observed_value_or_state|acceptance_limit|result_PASS_or_FAIL|evidence_uri|executor|timestamp|reviewer|decision,P0.2 TEMPLATE ISSUED - INTEGRATION AND EXECUTION REQUIRED,ONE NORMATIVE CLAUSE - INDEPENDENT ACCEPTANCE REQUIRED,draft,NOT EXECUTED,SELECTION REQUIRED,SELECTION REQUIRED,NOT APPROVED,"PRELIMINARY - NOT APPROVED FOR FABRICATION, CONNECTION, MOTION, OR ENERGIZATION"
GOV-001-A10,GOV-001,10,verification,Each release gate shall identify its acceptance evidence before design-review approval.,MUST,AUDIT-GOV-001,Approved audit record,Every requirement risk and gate has accountable fields,PASS only if executed AUDIT-GOV-001 configuration-bound evidence demonstrates: Each release gate shall identify its acceptance evidence before design-review approval.,child_id|configuration_id|procedure_id|procedure_revision|observed_value_or_state|acceptance_limit|result_PASS_or_FAIL|evidence_uri|executor|timestamp|reviewer|decision,P0.2 TEMPLATE ISSUED - INTEGRATION AND EXECUTION REQUIRED,ONE NORMATIVE CLAUSE - INDEPENDENT ACCEPTANCE REQUIRED,draft,NOT EXECUTED,SELECTION REQUIRED,SELECTION REQUIRED,NOT APPROVED,"PRELIMINARY - NOT APPROVED FOR FABRICATION, CONNECTION, MOTION, OR ENERGIZATION"
GOV-001-A11,GOV-001,11,verification,Each release gate shall identify an approver before design-review approval.,MUST,AUDIT-GOV-001,Approved audit record,Every requirement risk and gate has accountable fields,PASS only if executed AUDIT-GOV-001 configuration-bound evidence demonstrates: Each release gate shall identify an approver before design-review approval.,child_id|configuration_id|procedure_id|procedure_revision|observed_value_or_state|acceptance_limit|result_PASS_or_FAIL|evidence_uri|executor|timestamp|reviewer|decision,P0.2 TEMPLATE ISSUED - INTEGRATION AND EXECUTION REQUIRED,ONE NORMATIVE CLAUSE - INDEPENDENT ACCEPTANCE REQUIRED,draft,NOT EXECUTED,SELECTION REQUIRED,SELECTION REQUIRED,NOT APPROVED,"PRELIMINARY - NOT APPROVED FOR FABRICATION, CONNECTION, MOTION, OR ENERGIZATION"
GOV-001-A12,GOV-001,12,verification,Each release gate shall have controlled change history before design-review approval.,MUST,AUDIT-GOV-001,Approved audit record,Every requirement risk and gate has accountable fields,PASS only if executed AUDIT-GOV-001 configuration-bound evidence demonstrates: Each release gate shall have controlled change history before design-review approval.,child_id|configuration_id|procedure_id|procedure_revision|observed_value_or_state|acceptance_limit|result_PASS_or_FAIL|evidence_uri|executor|timestamp|reviewer|decision,P0.2 TEMPLATE ISSUED - INTEGRATION AND EXECUTION REQUIRED,ONE NORMATIVE CLAUSE - INDEPENDENT ACCEPTANCE REQUIRED,draft,NOT EXECUTED,SELECTION REQUIRED,SELECTION REQUIRED,NOT APPROVED,"PRELIMINARY - NOT APPROVED FOR FABRICATION, CONNECTION, MOTION, OR ENERGIZATION"
GRIP-002-A01,GRIP-002,1,gripper,The HR-V0 gripper mechanism shall use the controlled ROBOTIS OpenMANIPULATOR-X mechanism subset.,MUST,INSPECT-GRIP-001,Completed receiving record assembly photographs dimensional record probe record and nonconformance disposition,Every allocated mechanism item is present and identified the assembled gripper covers the required object range and no selected probe can access the guarded crank linkage rail or actuator-frame pinch zones,PASS only if executed INSPECT-GRIP-001 configuration-bound evidence demonstrates: The HR-V0 gripper mechanism shall use the controlled ROBOTIS OpenMANIPULATOR-X mechanism subset.,child_id|configuration_id|procedure_id|procedure_revision|observed_value_or_state|acceptance_limit|result_PASS_or_FAIL|evidence_uri|executor|timestamp|reviewer|decision,P0.2 TEMPLATE ISSUED - INTEGRATION AND EXECUTION REQUIRED,ONE NORMATIVE CLAUSE - INDEPENDENT ACCEPTANCE REQUIRED,draft,NOT EXECUTED,SELECTION REQUIRED,SELECTION REQUIRED,NOT APPROVED,"PRELIMINARY - NOT APPROVED FOR FABRICATION, CONNECTION, MOTION, OR ENERGIZATION"
GRIP-002-A02,GRIP-002,2,gripper,The HR-V0 gripper shall use broad compliant object-contact pads.,MUST,INSPECT-GRIP-001,Completed receiving record assembly photographs dimensional record probe record and nonconformance disposition,Every allocated mechanism item is present and identified the assembled gripper covers the required object range and no selected probe can access the guarded crank linkage rail or actuator-frame pinch zones,PASS only if executed INSPECT-GRIP-001 configuration-bound evidence demonstrates: The HR-V0 gripper shall use broad compliant object-contact pads.,child_id|configuration_id|procedure_id|procedure_revision|observed_value_or_state|acceptance_limit|result_PASS_or_FAIL|evidence_uri|executor|timestamp|reviewer|decision,P0.2 TEMPLATE ISSUED - INTEGRATION AND EXECUTION REQUIRED,ONE NORMATIVE CLAUSE - INDEPENDENT ACCEPTANCE REQUIRED,draft,NOT EXECUTED,SELECTION REQUIRED,SELECTION REQUIRED,NOT APPROVED,"PRELIMINARY - NOT APPROVED FOR FABRICATION, CONNECTION, MOTION, OR ENERGIZATION"
GRIP-002-A03,GRIP-002,3,gripper,A fixed local gripper guard shall prevent access to the actuator-frame crank-linkage pinch zone.,MUST,INSPECT-GRIP-001,Completed receiving record assembly photographs dimensional record probe record and nonconformance disposition,Every allocated mechanism item is present and identified the assembled gripper covers the required object range and no selected probe can access the guarded crank linkage rail or actuator-frame pinch zones,PASS only if executed INSPECT-GRIP-001 configuration-bound evidence demonstrates: A fixed local gripper guard shall prevent access to the actuator-frame crank-linkage pinch zone.,child_id|configuration_id|procedure_id|procedure_revision|observed_value_or_state|acceptance_limit|result_PASS_or_FAIL|evidence_uri|executor|timestamp|reviewer|decision,P0.2 TEMPLATE ISSUED - INTEGRATION AND EXECUTION REQUIRED,ONE NORMATIVE CLAUSE - INDEPENDENT ACCEPTANCE REQUIRED,draft,NOT EXECUTED,SELECTION REQUIRED,SELECTION REQUIRED,NOT APPROVED,"PRELIMINARY - NOT APPROVED FOR FABRICATION, CONNECTION, MOTION, OR ENERGIZATION"
GRIP-002-A04,GRIP-002,4,gripper,A fixed local gripper guard shall prevent access to the rail pinch zones.,MUST,INSPECT-GRIP-001,Completed receiving record assembly photographs dimensional record probe record and nonconformance disposition,Every allocated mechanism item is present and identified the assembled gripper covers the required object range and no selected probe can access the guarded crank linkage rail or actuator-frame pinch zones,PASS only if executed INSPECT-GRIP-001 configuration-bound evidence demonstrates: A fixed local gripper guard shall prevent access to the rail pinch zones.,child_id|configuration_id|procedure_id|procedure_revision|observed_value_or_state|acceptance_limit|result_PASS_or_FAIL|evidence_uri|executor|timestamp|reviewer|decision,P0.2 TEMPLATE ISSUED - INTEGRATION AND EXECUTION REQUIRED,ONE NORMATIVE CLAUSE - INDEPENDENT ACCEPTANCE REQUIRED,draft,NOT EXECUTED,SELECTION REQUIRED,SELECTION REQUIRED,NOT APPROVED,"PRELIMINARY - NOT APPROVED FOR FABRICATION, CONNECTION, MOTION, OR ENERGIZATION"
GRIP-002-A05,GRIP-002,5,gripper,HR-V0 shall not perform a human handoff under this release.,MUST,INSPECT-GRIP-001,Completed receiving record assembly photographs dimensional record probe record and nonconformance disposition,Every allocated mechanism item is present and identified the assembled gripper covers the required object range and no selected probe can access the guarded crank linkage rail or actuator-frame pinch zones,PASS only if executed INSPECT-GRIP-001 configuration-bound evidence demonstrates: HR-V0 shall not perform a human handoff under this release.,child_id|configuration_id|procedure_id|procedure_revision|observed_value_or_state|acceptance_limit|result_PASS_or_FAIL|evidence_uri|executor|timestamp|reviewer|decision,P0.2 TEMPLATE ISSUED - INTEGRATION AND EXECUTION REQUIRED,ONE NORMATIVE CLAUSE - INDEPENDENT ACCEPTANCE REQUIRED,draft,NOT EXECUTED,SELECTION REQUIRED,SELECTION REQUIRED,NOT APPROVED,"PRELIMINARY - NOT APPROVED FOR FABRICATION, CONNECTION, MOTION, OR ENERGIZATION"
LEG-001-A01,LEG-001,1,legs,Each powered leg-joint actuator shall pass its released load test before the joint is enabled.,MUST,AUDIT-LEG-001,Axis-by-axis audit record,No axis enabled without complete evidence,PASS only if executed AUDIT-LEG-001 configuration-bound evidence demonstrates: Each powered leg-joint actuator shall pass its released load test before the joint is enabled.,child_id|configuration_id|procedure_id|procedure_revision|observed_value_or_state|acceptance_limit|result_PASS_or_FAIL|evidence_uri|executor|timestamp|reviewer|decision,P0.2 TEMPLATE ISSUED - INTEGRATION AND EXECUTION REQUIRED,ONE NORMATIVE CLAUSE - INDEPENDENT ACCEPTANCE REQUIRED,draft,NOT EXECUTED,SELECTION REQUIRED,SELECTION REQUIRED,NOT APPROVED,"PRELIMINARY - NOT APPROVED FOR FABRICATION, CONNECTION, MOTION, OR ENERGIZATION"
LEG-001-A02,LEG-001,2,legs,Each powered leg-joint actuator shall pass its released thermal test before the joint is enabled.,MUST,AUDIT-LEG-001,Axis-by-axis audit record,No axis enabled without complete evidence,PASS only if executed AUDIT-LEG-001 configuration-bound evidence demonstrates: Each powered leg-joint actuator shall pass its released thermal test before the joint is enabled.,child_id|configuration_id|procedure_id|procedure_revision|observed_value_or_state|acceptance_limit|result_PASS_or_FAIL|evidence_uri|executor|timestamp|reviewer|decision,P0.2 TEMPLATE ISSUED - INTEGRATION AND EXECUTION REQUIRED,ONE NORMATIVE CLAUSE - INDEPENDENT ACCEPTANCE REQUIRED,draft,NOT EXECUTED,SELECTION REQUIRED,SELECTION REQUIRED,NOT APPROVED,"PRELIMINARY - NOT APPROVED FOR FABRICATION, CONNECTION, MOTION, OR ENERGIZATION"
LEG-001-A03,LEG-001,3,legs,Each powered leg-joint brake or power-loss strategy shall pass its released test before the joint is enabled.,MUST,AUDIT-LEG-001,Axis-by-axis audit record,No axis enabled without complete evidence,PASS only if executed AUDIT-LEG-001 configuration-bound evidence demonstrates: Each powered leg-joint brake or power-loss strategy shall pass its released test before the joint is enabled.,child_id|configuration_id|procedure_id|procedure_revision|observed_value_or_state|acceptance_limit|result_PASS_or_FAIL|evidence_uri|executor|timestamp|reviewer|decision,P0.2 TEMPLATE ISSUED - INTEGRATION AND EXECUTION REQUIRED,ONE NORMATIVE CLAUSE - INDEPENDENT ACCEPTANCE REQUIRED,draft,NOT EXECUTED,SELECTION REQUIRED,SELECTION REQUIRED,NOT APPROVED,"PRELIMINARY - NOT APPROVED FOR FABRICATION, CONNECTION, MOTION, OR ENERGIZATION"
LEG-001-A04,LEG-001,4,legs,Each powered leg-joint structure shall pass its released proof before the joint is enabled.,MUST,AUDIT-LEG-001,Axis-by-axis audit record,No axis enabled without complete evidence,PASS only if executed AUDIT-LEG-001 configuration-bound evidence demonstrates: Each powered leg-joint structure shall pass its released proof before the joint is enabled.,child_id|configuration_id|procedure_id|procedure_revision|observed_value_or_state|acceptance_limit|result_PASS_or_FAIL|evidence_uri|executor|timestamp|reviewer|decision,P0.2 TEMPLATE ISSUED - INTEGRATION AND EXECUTION REQUIRED,ONE NORMATIVE CLAUSE - INDEPENDENT ACCEPTANCE REQUIRED,draft,NOT EXECUTED,SELECTION REQUIRED,SELECTION REQUIRED,NOT APPROVED,"PRELIMINARY - NOT APPROVED FOR FABRICATION, CONNECTION, MOTION, OR ENERGIZATION"
LEG-001-A05,LEG-001,5,legs,Each powered leg-joint restraint interface shall pass its released proof before the joint is enabled.,MUST,AUDIT-LEG-001,Axis-by-axis audit record,No axis enabled without complete evidence,PASS only if executed AUDIT-LEG-001 configuration-bound evidence demonstrates: Each powered leg-joint restraint interface shall pass its released proof before the joint is enabled.,child_id|configuration_id|procedure_id|procedure_revision|observed_value_or_state|acceptance_limit|result_PASS_or_FAIL|evidence_uri|executor|timestamp|reviewer|decision,P0.2 TEMPLATE ISSUED - INTEGRATION AND EXECUTION REQUIRED,ONE NORMATIVE CLAUSE - INDEPENDENT ACCEPTANCE REQUIRED,draft,NOT EXECUTED,SELECTION REQUIRED,SELECTION REQUIRED,NOT APPROVED,"PRELIMINARY - NOT APPROVED FOR FABRICATION, CONNECTION, MOTION, OR ENERGIZATION"
LEG-002-A01,LEG-002,1,legs,Untethered level-floor walking shall remain the required HR-30W end-state.,MUST,AUDIT-LEG-002,Signed gate audit,HR-30D acceptance precedes HR-30W untethered test,PASS only if executed AUDIT-LEG-002 configuration-bound evidence demonstrates: Untethered level-floor walking shall remain the required HR-30W end-state.,child_id|configuration_id|procedure_id|procedure_revision|observed_value_or_state|acceptance_limit|result_PASS_or_FAIL|evidence_uri|executor|timestamp|reviewer|decision,P0.2 TEMPLATE ISSUED - INTEGRATION AND EXECUTION REQUIRED,ONE NORMATIVE CLAUSE - INDEPENDENT ACCEPTANCE REQUIRED,draft,NOT EXECUTED,SELECTION REQUIRED,SELECTION REQUIRED,NOT APPROVED,"PRELIMINARY - NOT APPROVED FOR FABRICATION, CONNECTION, MOTION, OR ENERGIZATION"
LEG-002-A02,LEG-002,2,legs,Untethered level-floor walking shall not begin until HR-30D slack-tether acceptance passes.,MUST,AUDIT-LEG-002,Signed gate audit,HR-30D acceptance precedes HR-30W untethered test,PASS only if executed AUDIT-LEG-002 configuration-bound evidence demonstrates: Untethered level-floor walking shall not begin until HR-30D slack-tether acceptance passes.,child_id|configuration_id|procedure_id|procedure_revision|observed_value_or_state|acceptance_limit|result_PASS_or_FAIL|evidence_uri|executor|timestamp|reviewer|decision,P0.2 TEMPLATE ISSUED - INTEGRATION AND EXECUTION REQUIRED,ONE NORMATIVE CLAUSE - INDEPENDENT ACCEPTANCE REQUIRED,draft,NOT EXECUTED,SELECTION REQUIRED,SELECTION REQUIRED,NOT APPROVED,"PRELIMINARY - NOT APPROVED FOR FABRICATION, CONNECTION, MOTION, OR ENERGIZATION"
MASS-001-A01,MASS-001,1,mechanical,Each full-body configuration shall have a controlled part-level mass ledger.,MUST,REVIEW-MASS-001,Reviewed mass dossier,Every part and assembly reconciles within released uncertainty,PASS only if executed REVIEW-MASS-001 configuration-bound evidence demonstrates: Each full-body configuration shall have a controlled part-level mass ledger.,child_id|configuration_id|procedure_id|procedure_revision|observed_value_or_state|acceptance_limit|result_PASS_or_FAIL|evidence_uri|executor|timestamp|reviewer|decision,P0.2 TEMPLATE ISSUED - INTEGRATION AND EXECUTION REQUIRED,ONE NORMATIVE CLAUSE - INDEPENDENT ACCEPTANCE REQUIRED,draft,NOT EXECUTED,SELECTION REQUIRED,SELECTION REQUIRED,NOT APPROVED,"PRELIMINARY - NOT APPROVED FOR FABRICATION, CONNECTION, MOTION, OR ENERGIZATION"
MASS-001-A02,MASS-001,2,mechanical,Each full-body configuration shall have a controlled part-level inertia ledger.,MUST,REVIEW-MASS-001,Reviewed mass dossier,Every part and assembly reconciles within released uncertainty,PASS only if executed REVIEW-MASS-001 configuration-bound evidence demonstrates: Each full-body configuration shall have a controlled part-level inertia ledger.,child_id|configuration_id|procedure_id|procedure_revision|observed_value_or_state|acceptance_limit|result_PASS_or_FAIL|evidence_uri|executor|timestamp|reviewer|decision,P0.2 TEMPLATE ISSUED - INTEGRATION AND EXECUTION REQUIRED,ONE NORMATIVE CLAUSE - INDEPENDENT ACCEPTANCE REQUIRED,draft,NOT EXECUTED,SELECTION REQUIRED,SELECTION REQUIRED,NOT APPROVED,"PRELIMINARY - NOT APPROVED FOR FABRICATION, CONNECTION, MOTION, OR ENERGIZATION"
MASS-001-A03,MASS-001,3,mechanical,Each full-body mass ledger shall distinguish target values from estimated values.,MUST,REVIEW-MASS-001,Reviewed mass dossier,Every part and assembly reconciles within released uncertainty,PASS only if executed REVIEW-MASS-001 configuration-bound evidence demonstrates: Each full-body mass ledger shall distinguish target values from estimated values.,child_id|configuration_id|procedure_id|procedure_revision|observed_value_or_state|acceptance_limit|result_PASS_or_FAIL|evidence_uri|executor|timestamp|reviewer|decision,P0.2 TEMPLATE ISSUED - INTEGRATION AND EXECUTION REQUIRED,ONE NORMATIVE CLAUSE - INDEPENDENT ACCEPTANCE REQUIRED,draft,NOT EXECUTED,SELECTION REQUIRED,SELECTION REQUIRED,NOT APPROVED,"PRELIMINARY - NOT APPROVED FOR FABRICATION, CONNECTION, MOTION, OR ENERGIZATION"
MASS-001-A04,MASS-001,4,mechanical,Each full-body mass ledger shall distinguish estimated values from measured values.,MUST,REVIEW-MASS-001,Reviewed mass dossier,Every part and assembly reconciles within released uncertainty,PASS only if executed REVIEW-MASS-001 configuration-bound evidence demonstrates: Each full-body mass ledger shall distinguish estimated values from measured values.,child_id|configuration_id|procedure_id|procedure_revision|observed_value_or_state|acceptance_limit|result_PASS_or_FAIL|evidence_uri|executor|timestamp|reviewer|decision,P0.2 TEMPLATE ISSUED - INTEGRATION AND EXECUTION REQUIRED,ONE NORMATIVE CLAUSE - INDEPENDENT ACCEPTANCE REQUIRED,draft,NOT EXECUTED,SELECTION REQUIRED,SELECTION REQUIRED,NOT APPROVED,"PRELIMINARY - NOT APPROVED FOR FABRICATION, CONNECTION, MOTION, OR ENERGIZATION"
MASS-001-A05,MASS-001,5,mechanical,Each full-body configuration shall report assembly center of mass.,MUST,REVIEW-MASS-001,Reviewed mass dossier,Every part and assembly reconciles within released uncertainty,PASS only if executed REVIEW-MASS-001 configuration-bound evidence demonstrates: Each full-body configuration shall report assembly center of mass.,child_id|configuration_id|procedure_id|procedure_revision|observed_value_or_state|acceptance_limit|result_PASS_or_FAIL|evidence_uri|executor|timestamp|reviewer|decision,P0.2 TEMPLATE ISSUED - INTEGRATION AND EXECUTION REQUIRED,ONE NORMATIVE CLAUSE - INDEPENDENT ACCEPTANCE REQUIRED,draft,NOT EXECUTED,SELECTION REQUIRED,SELECTION REQUIRED,NOT APPROVED,"PRELIMINARY - NOT APPROVED FOR FABRICATION, CONNECTION, MOTION, OR ENERGIZATION"
MASS-001-A06,MASS-001,6,mechanical,Each full-body configuration shall report whole-body center of mass.,MUST,REVIEW-MASS-001,Reviewed mass dossier,Every part and assembly reconciles within released uncertainty,PASS only if executed REVIEW-MASS-001 configuration-bound evidence demonstrates: Each full-body configuration shall report whole-body center of mass.,child_id|configuration_id|procedure_id|procedure_revision|observed_value_or_state|acceptance_limit|result_PASS_or_FAIL|evidence_uri|executor|timestamp|reviewer|decision,P0.2 TEMPLATE ISSUED - INTEGRATION AND EXECUTION REQUIRED,ONE NORMATIVE CLAUSE - INDEPENDENT ACCEPTANCE REQUIRED,draft,NOT EXECUTED,SELECTION REQUIRED,SELECTION REQUIRED,NOT APPROVED,"PRELIMINARY - NOT APPROVED FOR FABRICATION, CONNECTION, MOTION, OR ENERGIZATION"
MASS-001-A07,MASS-001,7,mechanical,Each full-body configuration shall report assembly inertia in the released frame.,MUST,REVIEW-MASS-001,Reviewed mass dossier,Every part and assembly reconciles within released uncertainty,PASS only if executed REVIEW-MASS-001 configuration-bound evidence demonstrates: Each full-body configuration shall report assembly inertia in the released frame.,child_id|configuration_id|procedure_id|procedure_revision|observed_value_or_state|acceptance_limit|result_PASS_or_FAIL|evidence_uri|executor|timestamp|reviewer|decision,P0.2 TEMPLATE ISSUED - INTEGRATION AND EXECUTION REQUIRED,ONE NORMATIVE CLAUSE - INDEPENDENT ACCEPTANCE REQUIRED,draft,NOT EXECUTED,SELECTION REQUIRED,SELECTION REQUIRED,NOT APPROVED,"PRELIMINARY - NOT APPROVED FOR FABRICATION, CONNECTION, MOTION, OR ENERGIZATION"
MASS-001-A08,MASS-001,8,mechanical,Each full-body configuration shall report whole-body inertia in the released frame.,MUST,REVIEW-MASS-001,Reviewed mass dossier,Every part and assembly reconciles within released uncertainty,PASS only if executed REVIEW-MASS-001 configuration-bound evidence demonstrates: Each full-body configuration shall report whole-body inertia in the released frame.,child_id|configuration_id|procedure_id|procedure_revision|observed_value_or_state|acceptance_limit|result_PASS_or_FAIL|evidence_uri|executor|timestamp|reviewer|decision,P0.2 TEMPLATE ISSUED - INTEGRATION AND EXECUTION REQUIRED,ONE NORMATIVE CLAUSE - INDEPENDENT ACCEPTANCE REQUIRED,draft,NOT EXECUTED,SELECTION REQUIRED,SELECTION REQUIRED,NOT APPROVED,"PRELIMINARY - NOT APPROVED FOR FABRICATION, CONNECTION, MOTION, OR ENERGIZATION"
MASS-002-A01,MASS-002,1,mechanical,HR-V0 moving-assembly mass excluding the fixed shoulder actuator and base shall not exceed 0.75 kg.,MUST,REVIEW-MASS-002,Reviewed HR-V0 mass dossier ledger and calculation output,Every moving item is included once measured uncertainty is stated subtotal is no more than 750 g and torque/impact models use the same configuration,PASS only if executed REVIEW-MASS-002 configuration-bound evidence demonstrates: HR-V0 moving-assembly mass excluding the fixed shoulder actuator and base shall not exceed 0.75 kg.,child_id|configuration_id|procedure_id|procedure_revision|observed_value_or_state|acceptance_limit|result_PASS_or_FAIL|evidence_uri|executor|timestamp|reviewer|decision,P0.2 TEMPLATE ISSUED - INTEGRATION AND EXECUTION REQUIRED,ONE NORMATIVE CLAUSE - INDEPENDENT ACCEPTANCE REQUIRED,draft,NOT EXECUTED,SELECTION REQUIRED,SELECTION REQUIRED,NOT APPROVED,"PRELIMINARY - NOT APPROVED FOR FABRICATION, CONNECTION, MOTION, OR ENERGIZATION"
MASS-002-A02,MASS-002,2,mechanical,The exact HR-V0 moving assembly shall have a controlled part-level mass ledger.,MUST,REVIEW-MASS-002,Reviewed HR-V0 mass dossier ledger and calculation output,Every moving item is included once measured uncertainty is stated subtotal is no more than 750 g and torque/impact models use the same configuration,PASS only if executed REVIEW-MASS-002 configuration-bound evidence demonstrates: The exact HR-V0 moving assembly shall have a controlled part-level mass ledger.,child_id|configuration_id|procedure_id|procedure_revision|observed_value_or_state|acceptance_limit|result_PASS_or_FAIL|evidence_uri|executor|timestamp|reviewer|decision,P0.2 TEMPLATE ISSUED - INTEGRATION AND EXECUTION REQUIRED,ONE NORMATIVE CLAUSE - INDEPENDENT ACCEPTANCE REQUIRED,draft,NOT EXECUTED,SELECTION REQUIRED,SELECTION REQUIRED,NOT APPROVED,"PRELIMINARY - NOT APPROVED FOR FABRICATION, CONNECTION, MOTION, OR ENERGIZATION"
MASS-002-A03,MASS-002,3,mechanical,The HR-V0 moving-mass ledger shall distinguish CAD mass from supplier mass.,MUST,REVIEW-MASS-002,Reviewed HR-V0 mass dossier ledger and calculation output,Every moving item is included once measured uncertainty is stated subtotal is no more than 750 g and torque/impact models use the same configuration,PASS only if executed REVIEW-MASS-002 configuration-bound evidence demonstrates: The HR-V0 moving-mass ledger shall distinguish CAD mass from supplier mass.,child_id|configuration_id|procedure_id|procedure_revision|observed_value_or_state|acceptance_limit|result_PASS_or_FAIL|evidence_uri|executor|timestamp|reviewer|decision,P0.2 TEMPLATE ISSUED - INTEGRATION AND EXECUTION REQUIRED,ONE NORMATIVE CLAUSE - INDEPENDENT ACCEPTANCE REQUIRED,draft,NOT EXECUTED,SELECTION REQUIRED,SELECTION REQUIRED,NOT APPROVED,"PRELIMINARY - NOT APPROVED FOR FABRICATION, CONNECTION, MOTION, OR ENERGIZATION"
MASS-002-A04,MASS-002,4,mechanical,The HR-V0 moving-mass ledger shall distinguish supplier mass from measured mass.,MUST,REVIEW-MASS-002,Reviewed HR-V0 mass dossier ledger and calculation output,Every moving item is included once measured uncertainty is stated subtotal is no more than 750 g and torque/impact models use the same configuration,PASS only if executed REVIEW-MASS-002 configuration-bound evidence demonstrates: The HR-V0 moving-mass ledger shall distinguish supplier mass from measured mass.,child_id|configuration_id|procedure_id|procedure_revision|observed_value_or_state|acceptance_limit|result_PASS_or_FAIL|evidence_uri|executor|timestamp|reviewer|decision,P0.2 TEMPLATE ISSUED - INTEGRATION AND EXECUTION REQUIRED,ONE NORMATIVE CLAUSE - INDEPENDENT ACCEPTANCE REQUIRED,draft,NOT EXECUTED,SELECTION REQUIRED,SELECTION REQUIRED,NOT APPROVED,"PRELIMINARY - NOT APPROVED FOR FABRICATION, CONNECTION, MOTION, OR ENERGIZATION"
MASS-002-A05,MASS-002,5,mechanical,The HR-V0 moving-mass ledger shall report each part local center of mass.,MUST,REVIEW-MASS-002,Reviewed HR-V0 mass dossier ledger and calculation output,Every moving item is included once measured uncertainty is stated subtotal is no more than 750 g and torque/impact models use the same configuration,PASS only if executed REVIEW-MASS-002 configuration-bound evidence demonstrates: The HR-V0 moving-mass ledger shall report each part local center of mass.,child_id|configuration_id|procedure_id|procedure_revision|observed_value_or_state|acceptance_limit|result_PASS_or_FAIL|evidence_uri|executor|timestamp|reviewer|decision,P0.2 TEMPLATE ISSUED - INTEGRATION AND EXECUTION REQUIRED,ONE NORMATIVE CLAUSE - INDEPENDENT ACCEPTANCE REQUIRED,draft,NOT EXECUTED,SELECTION REQUIRED,SELECTION REQUIRED,NOT APPROVED,"PRELIMINARY - NOT APPROVED FOR FABRICATION, CONNECTION, MOTION, OR ENERGIZATION"
MASS-002-A06,MASS-002,6,mechanical,The HR-V0 moving-mass ledger shall report each part inertia in its controlled local frame.,MUST,REVIEW-MASS-002,Reviewed HR-V0 mass dossier ledger and calculation output,Every moving item is included once measured uncertainty is stated subtotal is no more than 750 g and torque/impact models use the same configuration,PASS only if executed REVIEW-MASS-002 configuration-bound evidence demonstrates: The HR-V0 moving-mass ledger shall report each part inertia in its controlled local frame.,child_id|configuration_id|procedure_id|procedure_revision|observed_value_or_state|acceptance_limit|result_PASS_or_FAIL|evidence_uri|executor|timestamp|reviewer|decision,P0.2 TEMPLATE ISSUED - INTEGRATION AND EXECUTION REQUIRED,ONE NORMATIVE CLAUSE - INDEPENDENT ACCEPTANCE REQUIRED,draft,NOT EXECUTED,SELECTION REQUIRED,SELECTION REQUIRED,NOT APPROVED,"PRELIMINARY - NOT APPROVED FOR FABRICATION, CONNECTION, MOTION, OR ENERGIZATION"
MECH-001-A01,MECH-001,1,mechanical,Each moving HR-V0 cable shall have a controlled route.,MUST,INSPECT-CABLE-001,Completed cable-route CSV photographs measurements and nonconformance disposition,No segment violates released bend twist tension abrasion clamp connector-load or clearance limits and no segment contacts a stop pinch guard payload or sharp edge,PASS only if executed INSPECT-CABLE-001 configuration-bound evidence demonstrates: Each moving HR-V0 cable shall have a controlled route.,child_id|configuration_id|procedure_id|procedure_revision|observed_value_or_state|acceptance_limit|result_PASS_or_FAIL|evidence_uri|executor|timestamp|reviewer|decision,P0.2 TEMPLATE ISSUED - INTEGRATION AND EXECUTION REQUIRED,ONE NORMATIVE CLAUSE - INDEPENDENT ACCEPTANCE REQUIRED,draft,NOT EXECUTED,SELECTION REQUIRED,SELECTION REQUIRED,NOT APPROVED,"PRELIMINARY - NOT APPROVED FOR FABRICATION, CONNECTION, MOTION, OR ENERGIZATION"
MECH-001-A02,MECH-001,2,mechanical,Each moving HR-V0 cable shall have controlled strain relief.,MUST,INSPECT-CABLE-001,Completed cable-route CSV photographs measurements and nonconformance disposition,No segment violates released bend twist tension abrasion clamp connector-load or clearance limits and no segment contacts a stop pinch guard payload or sharp edge,PASS only if executed INSPECT-CABLE-001 configuration-bound evidence demonstrates: Each moving HR-V0 cable shall have controlled strain relief.,child_id|configuration_id|procedure_id|procedure_revision|observed_value_or_state|acceptance_limit|result_PASS_or_FAIL|evidence_uri|executor|timestamp|reviewer|decision,P0.2 TEMPLATE ISSUED - INTEGRATION AND EXECUTION REQUIRED,ONE NORMATIVE CLAUSE - INDEPENDENT ACCEPTANCE REQUIRED,draft,NOT EXECUTED,SELECTION REQUIRED,SELECTION REQUIRED,NOT APPROVED,"PRELIMINARY - NOT APPROVED FOR FABRICATION, CONNECTION, MOTION, OR ENERGIZATION"
MECH-001-A03,MECH-001,3,mechanical,Each moving HR-V0 cable shall have a controlled service loop.,MUST,INSPECT-CABLE-001,Completed cable-route CSV photographs measurements and nonconformance disposition,No segment violates released bend twist tension abrasion clamp connector-load or clearance limits and no segment contacts a stop pinch guard payload or sharp edge,PASS only if executed INSPECT-CABLE-001 configuration-bound evidence demonstrates: Each moving HR-V0 cable shall have a controlled service loop.,child_id|configuration_id|procedure_id|procedure_revision|observed_value_or_state|acceptance_limit|result_PASS_or_FAIL|evidence_uri|executor|timestamp|reviewer|decision,P0.2 TEMPLATE ISSUED - INTEGRATION AND EXECUTION REQUIRED,ONE NORMATIVE CLAUSE - INDEPENDENT ACCEPTANCE REQUIRED,draft,NOT EXECUTED,SELECTION REQUIRED,SELECTION REQUIRED,NOT APPROVED,"PRELIMINARY - NOT APPROVED FOR FABRICATION, CONNECTION, MOTION, OR ENERGIZATION"
MECH-001-A04,MECH-001,4,mechanical,Each moving HR-V0 cable shall remain within released bend limits.,MUST,INSPECT-CABLE-001,Completed cable-route CSV photographs measurements and nonconformance disposition,No segment violates released bend twist tension abrasion clamp connector-load or clearance limits and no segment contacts a stop pinch guard payload or sharp edge,PASS only if executed INSPECT-CABLE-001 configuration-bound evidence demonstrates: Each moving HR-V0 cable shall remain within released bend limits.,child_id|configuration_id|procedure_id|procedure_revision|observed_value_or_state|acceptance_limit|result_PASS_or_FAIL|evidence_uri|executor|timestamp|reviewer|decision,P0.2 TEMPLATE ISSUED - INTEGRATION AND EXECUTION REQUIRED,ONE NORMATIVE CLAUSE - INDEPENDENT ACCEPTANCE REQUIRED,draft,NOT EXECUTED,SELECTION REQUIRED,SELECTION REQUIRED,NOT APPROVED,"PRELIMINARY - NOT APPROVED FOR FABRICATION, CONNECTION, MOTION, OR ENERGIZATION"
MECH-001-A05,MECH-001,5,mechanical,Each moving HR-V0 cable shall have released abrasion protection.,MUST,INSPECT-CABLE-001,Completed cable-route CSV photographs measurements and nonconformance disposition,No segment violates released bend twist tension abrasion clamp connector-load or clearance limits and no segment contacts a stop pinch guard payload or sharp edge,PASS only if executed INSPECT-CABLE-001 configuration-bound evidence demonstrates: Each moving HR-V0 cable shall have released abrasion protection.,child_id|configuration_id|procedure_id|procedure_revision|observed_value_or_state|acceptance_limit|result_PASS_or_FAIL|evidence_uri|executor|timestamp|reviewer|decision,P0.2 TEMPLATE ISSUED - INTEGRATION AND EXECUTION REQUIRED,ONE NORMATIVE CLAUSE - INDEPENDENT ACCEPTANCE REQUIRED,draft,NOT EXECUTED,SELECTION REQUIRED,SELECTION REQUIRED,NOT APPROVED,"PRELIMINARY - NOT APPROVED FOR FABRICATION, CONNECTION, MOTION, OR ENERGIZATION"
MECH-001-A06,MECH-001,6,mechanical,Each moving HR-V0 cable shall remain clear of hard stops throughout the complete mechanical range.,MUST,INSPECT-CABLE-001,Completed cable-route CSV photographs measurements and nonconformance disposition,No segment violates released bend twist tension abrasion clamp connector-load or clearance limits and no segment contacts a stop pinch guard payload or sharp edge,PASS only if executed INSPECT-CABLE-001 configuration-bound evidence demonstrates: Each moving HR-V0 cable shall remain clear of hard stops throughout the complete mechanical range.,child_id|configuration_id|procedure_id|procedure_revision|observed_value_or_state|acceptance_limit|result_PASS_or_FAIL|evidence_uri|executor|timestamp|reviewer|decision,P0.2 TEMPLATE ISSUED - INTEGRATION AND EXECUTION REQUIRED,ONE NORMATIVE CLAUSE - INDEPENDENT ACCEPTANCE REQUIRED,draft,NOT EXECUTED,SELECTION REQUIRED,SELECTION REQUIRED,NOT APPROVED,"PRELIMINARY - NOT APPROVED FOR FABRICATION, CONNECTION, MOTION, OR ENERGIZATION"
MECH-001-A07,MECH-001,7,mechanical,Each moving HR-V0 connector shall have a controlled route.,MUST,INSPECT-CABLE-001,Completed cable-route CSV photographs measurements and nonconformance disposition,No segment violates released bend twist tension abrasion clamp connector-load or clearance limits and no segment contacts a stop pinch guard payload or sharp edge,PASS only if executed INSPECT-CABLE-001 configuration-bound evidence demonstrates: Each moving HR-V0 connector shall have a controlled route.,child_id|configuration_id|procedure_id|procedure_revision|observed_value_or_state|acceptance_limit|result_PASS_or_FAIL|evidence_uri|executor|timestamp|reviewer|decision,P0.2 TEMPLATE ISSUED - INTEGRATION AND EXECUTION REQUIRED,ONE NORMATIVE CLAUSE - INDEPENDENT ACCEPTANCE REQUIRED,draft,NOT EXECUTED,SELECTION REQUIRED,SELECTION REQUIRED,NOT APPROVED,"PRELIMINARY - NOT APPROVED FOR FABRICATION, CONNECTION, MOTION, OR ENERGIZATION"
MECH-001-A08,MECH-001,8,mechanical,Each moving HR-V0 cable shall have controlled retention.,MUST,INSPECT-CABLE-001,Completed cable-route CSV photographs measurements and nonconformance disposition,No segment violates released bend twist tension abrasion clamp connector-load or clearance limits and no segment contacts a stop pinch guard payload or sharp edge,PASS only if executed INSPECT-CABLE-001 configuration-bound evidence demonstrates: Each moving HR-V0 cable shall have controlled retention.,child_id|configuration_id|procedure_id|procedure_revision|observed_value_or_state|acceptance_limit|result_PASS_or_FAIL|evidence_uri|executor|timestamp|reviewer|decision,P0.2 TEMPLATE ISSUED - INTEGRATION AND EXECUTION REQUIRED,ONE NORMATIVE CLAUSE - INDEPENDENT ACCEPTANCE REQUIRED,draft,NOT EXECUTED,SELECTION REQUIRED,SELECTION REQUIRED,NOT APPROVED,"PRELIMINARY - NOT APPROVED FOR FABRICATION, CONNECTION, MOTION, OR ENERGIZATION"
MECH-001-A09,MECH-001,9,mechanical,Each moving HR-V0 connector shall have controlled strain relief.,MUST,INSPECT-CABLE-001,Completed cable-route CSV photographs measurements and nonconformance disposition,No segment violates released bend twist tension abrasion clamp connector-load or clearance limits and no segment contacts a stop pinch guard payload or sharp edge,PASS only if executed INSPECT-CABLE-001 configuration-bound evidence demonstrates: Each moving HR-V0 connector shall have controlled strain relief.,child_id|configuration_id|procedure_id|procedure_revision|observed_value_or_state|acceptance_limit|result_PASS_or_FAIL|evidence_uri|executor|timestamp|reviewer|decision,P0.2 TEMPLATE ISSUED - INTEGRATION AND EXECUTION REQUIRED,ONE NORMATIVE CLAUSE - INDEPENDENT ACCEPTANCE REQUIRED,draft,NOT EXECUTED,SELECTION REQUIRED,SELECTION REQUIRED,NOT APPROVED,"PRELIMINARY - NOT APPROVED FOR FABRICATION, CONNECTION, MOTION, OR ENERGIZATION"
MECH-001-A10,MECH-001,10,mechanical,Each moving HR-V0 connector shall have controlled retention.,MUST,INSPECT-CABLE-001,Completed cable-route CSV photographs measurements and nonconformance disposition,No segment violates released bend twist tension abrasion clamp connector-load or clearance limits and no segment contacts a stop pinch guard payload or sharp edge,PASS only if executed INSPECT-CABLE-001 configuration-bound evidence demonstrates: Each moving HR-V0 connector shall have controlled retention.,child_id|configuration_id|procedure_id|procedure_revision|observed_value_or_state|acceptance_limit|result_PASS_or_FAIL|evidence_uri|executor|timestamp|reviewer|decision,P0.2 TEMPLATE ISSUED - INTEGRATION AND EXECUTION REQUIRED,ONE NORMATIVE CLAUSE - INDEPENDENT ACCEPTANCE REQUIRED,draft,NOT EXECUTED,SELECTION REQUIRED,SELECTION REQUIRED,NOT APPROVED,"PRELIMINARY - NOT APPROVED FOR FABRICATION, CONNECTION, MOTION, OR ENERGIZATION"
MECH-001-A11,MECH-001,11,mechanical,Each moving HR-V0 cable shall remain within released twist limits.,MUST,INSPECT-CABLE-001,Completed cable-route CSV photographs measurements and nonconformance disposition,No segment violates released bend twist tension abrasion clamp connector-load or clearance limits and no segment contacts a stop pinch guard payload or sharp edge,PASS only if executed INSPECT-CABLE-001 configuration-bound evidence demonstrates: Each moving HR-V0 cable shall remain within released twist limits.,child_id|configuration_id|procedure_id|procedure_revision|observed_value_or_state|acceptance_limit|result_PASS_or_FAIL|evidence_uri|executor|timestamp|reviewer|decision,P0.2 TEMPLATE ISSUED - INTEGRATION AND EXECUTION REQUIRED,ONE NORMATIVE CLAUSE - INDEPENDENT ACCEPTANCE REQUIRED,draft,NOT EXECUTED,SELECTION REQUIRED,SELECTION REQUIRED,NOT APPROVED,"PRELIMINARY - NOT APPROVED FOR FABRICATION, CONNECTION, MOTION, OR ENERGIZATION"
MECH-001-A12,MECH-001,12,mechanical,Each moving HR-V0 connector shall have released abrasion protection.,MUST,INSPECT-CABLE-001,Completed cable-route CSV photographs measurements and nonconformance disposition,No segment violates released bend twist tension abrasion clamp connector-load or clearance limits and no segment contacts a stop pinch guard payload or sharp edge,PASS only if executed INSPECT-CABLE-001 configuration-bound evidence demonstrates: Each moving HR-V0 connector shall have released abrasion protection.,child_id|configuration_id|procedure_id|procedure_revision|observed_value_or_state|acceptance_limit|result_PASS_or_FAIL|evidence_uri|executor|timestamp|reviewer|decision,P0.2 TEMPLATE ISSUED - INTEGRATION AND EXECUTION REQUIRED,ONE NORMATIVE CLAUSE - INDEPENDENT ACCEPTANCE REQUIRED,draft,NOT EXECUTED,SELECTION REQUIRED,SELECTION REQUIRED,NOT APPROVED,"PRELIMINARY - NOT APPROVED FOR FABRICATION, CONNECTION, MOTION, OR ENERGIZATION"
MECH-001-A13,MECH-001,13,mechanical,Each moving HR-V0 cable shall remain clear of pinch points throughout the complete mechanical range.,MUST,INSPECT-CABLE-001,Completed cable-route CSV photographs measurements and nonconformance disposition,No segment violates released bend twist tension abrasion clamp connector-load or clearance limits and no segment contacts a stop pinch guard payload or sharp edge,PASS only if executed INSPECT-CABLE-001 configuration-bound evidence demonstrates: Each moving HR-V0 cable shall remain clear of pinch points throughout the complete mechanical range.,child_id|configuration_id|procedure_id|procedure_revision|observed_value_or_state|acceptance_limit|result_PASS_or_FAIL|evidence_uri|executor|timestamp|reviewer|decision,P0.2 TEMPLATE ISSUED - INTEGRATION AND EXECUTION REQUIRED,ONE NORMATIVE CLAUSE - INDEPENDENT ACCEPTANCE REQUIRED,draft,NOT EXECUTED,SELECTION REQUIRED,SELECTION REQUIRED,NOT APPROVED,"PRELIMINARY - NOT APPROVED FOR FABRICATION, CONNECTION, MOTION, OR ENERGIZATION"
MECH-001-A14,MECH-001,14,mechanical,Each moving HR-V0 cable shall remain clear of guards throughout the complete mechanical range.,MUST,INSPECT-CABLE-001,Completed cable-route CSV photographs measurements and nonconformance disposition,No segment violates released bend twist tension abrasion clamp connector-load or clearance limits and no segment contacts a stop pinch guard payload or sharp edge,PASS only if executed INSPECT-CABLE-001 configuration-bound evidence demonstrates: Each moving HR-V0 cable shall remain clear of guards throughout the complete mechanical range.,child_id|configuration_id|procedure_id|procedure_revision|observed_value_or_state|acceptance_limit|result_PASS_or_FAIL|evidence_uri|executor|timestamp|reviewer|decision,P0.2 TEMPLATE ISSUED - INTEGRATION AND EXECUTION REQUIRED,ONE NORMATIVE CLAUSE - INDEPENDENT ACCEPTANCE REQUIRED,draft,NOT EXECUTED,SELECTION REQUIRED,SELECTION REQUIRED,NOT APPROVED,"PRELIMINARY - NOT APPROVED FOR FABRICATION, CONNECTION, MOTION, OR ENERGIZATION"
MECH-001-A15,MECH-001,15,mechanical,Each moving HR-V0 cable shall remain clear of payloads throughout the complete mechanical range.,MUST,INSPECT-CABLE-001,Completed cable-route CSV photographs measurements and nonconformance disposition,No segment violates released bend twist tension abrasion clamp connector-load or clearance limits and no segment contacts a stop pinch guard payload or sharp edge,PASS only if executed INSPECT-CABLE-001 configuration-bound evidence demonstrates: Each moving HR-V0 cable shall remain clear of payloads throughout the complete mechanical range.,child_id|configuration_id|procedure_id|procedure_revision|observed_value_or_state|acceptance_limit|result_PASS_or_FAIL|evidence_uri|executor|timestamp|reviewer|decision,P0.2 TEMPLATE ISSUED - INTEGRATION AND EXECUTION REQUIRED,ONE NORMATIVE CLAUSE - INDEPENDENT ACCEPTANCE REQUIRED,draft,NOT EXECUTED,SELECTION REQUIRED,SELECTION REQUIRED,NOT APPROVED,"PRELIMINARY - NOT APPROVED FOR FABRICATION, CONNECTION, MOTION, OR ENERGIZATION"
MECH-001-A16,MECH-001,16,mechanical,Each moving HR-V0 connector shall remain clear of hard stops throughout the complete mechanical range.,MUST,INSPECT-CABLE-001,Completed cable-route CSV photographs measurements and nonconformance disposition,No segment violates released bend twist tension abrasion clamp connector-load or clearance limits and no segment contacts a stop pinch guard payload or sharp edge,PASS only if executed INSPECT-CABLE-001 configuration-bound evidence demonstrates: Each moving HR-V0 connector shall remain clear of hard stops throughout the complete mechanical range.,child_id|configuration_id|procedure_id|procedure_revision|observed_value_or_state|acceptance_limit|result_PASS_or_FAIL|evidence_uri|executor|timestamp|reviewer|decision,P0.2 TEMPLATE ISSUED - INTEGRATION AND EXECUTION REQUIRED,ONE NORMATIVE CLAUSE - INDEPENDENT ACCEPTANCE REQUIRED,draft,NOT EXECUTED,SELECTION REQUIRED,SELECTION REQUIRED,NOT APPROVED,"PRELIMINARY - NOT APPROVED FOR FABRICATION, CONNECTION, MOTION, OR ENERGIZATION"
MECH-001-A17,MECH-001,17,mechanical,Each moving HR-V0 connector shall remain clear of pinch points throughout the complete mechanical range.,MUST,INSPECT-CABLE-001,Completed cable-route CSV photographs measurements and nonconformance disposition,No segment violates released bend twist tension abrasion clamp connector-load or clearance limits and no segment contacts a stop pinch guard payload or sharp edge,PASS only if executed INSPECT-CABLE-001 configuration-bound evidence demonstrates: Each moving HR-V0 connector shall remain clear of pinch points throughout the complete mechanical range.,child_id|configuration_id|procedure_id|procedure_revision|observed_value_or_state|acceptance_limit|result_PASS_or_FAIL|evidence_uri|executor|timestamp|reviewer|decision,P0.2 TEMPLATE ISSUED - INTEGRATION AND EXECUTION REQUIRED,ONE NORMATIVE CLAUSE - INDEPENDENT ACCEPTANCE REQUIRED,draft,NOT EXECUTED,SELECTION REQUIRED,SELECTION REQUIRED,NOT APPROVED,"PRELIMINARY - NOT APPROVED FOR FABRICATION, CONNECTION, MOTION, OR ENERGIZATION"
MECH-001-A18,MECH-001,18,mechanical,Each moving HR-V0 connector shall remain clear of guards throughout the complete mechanical range.,MUST,INSPECT-CABLE-001,Completed cable-route CSV photographs measurements and nonconformance disposition,No segment violates released bend twist tension abrasion clamp connector-load or clearance limits and no segment contacts a stop pinch guard payload or sharp edge,PASS only if executed INSPECT-CABLE-001 configuration-bound evidence demonstrates: Each moving HR-V0 connector shall remain clear of guards throughout the complete mechanical range.,child_id|configuration_id|procedure_id|procedure_revision|observed_value_or_state|acceptance_limit|result_PASS_or_FAIL|evidence_uri|executor|timestamp|reviewer|decision,P0.2 TEMPLATE ISSUED - INTEGRATION AND EXECUTION REQUIRED,ONE NORMATIVE CLAUSE - INDEPENDENT ACCEPTANCE REQUIRED,draft,NOT EXECUTED,SELECTION REQUIRED,SELECTION REQUIRED,NOT APPROVED,"PRELIMINARY - NOT APPROVED FOR FABRICATION, CONNECTION, MOTION, OR ENERGIZATION"
MECH-001-A19,MECH-001,19,mechanical,Each moving HR-V0 connector shall remain clear of payloads throughout the complete mechanical range.,MUST,INSPECT-CABLE-001,Completed cable-route CSV photographs measurements and nonconformance disposition,No segment violates released bend twist tension abrasion clamp connector-load or clearance limits and no segment contacts a stop pinch guard payload or sharp edge,PASS only if executed INSPECT-CABLE-001 configuration-bound evidence demonstrates: Each moving HR-V0 connector shall remain clear of payloads throughout the complete mechanical range.,child_id|configuration_id|procedure_id|procedure_revision|observed_value_or_state|acceptance_limit|result_PASS_or_FAIL|evidence_uri|executor|timestamp|reviewer|decision,P0.2 TEMPLATE ISSUED - INTEGRATION AND EXECUTION REQUIRED,ONE NORMATIVE CLAUSE - INDEPENDENT ACCEPTANCE REQUIRED,draft,NOT EXECUTED,SELECTION REQUIRED,SELECTION REQUIRED,NOT APPROVED,"PRELIMINARY - NOT APPROVED FOR FABRICATION, CONNECTION, MOTION, OR ENERGIZATION"
MECH-002-A01,MECH-002,1,mechanical,The HR-V0 mechanical release shall define one controlled bench-to-object datum chain.,MUST,AUDIT-MECH-001,Checker output reviewed registers generated SVG configuration snapshot and signed audit disposition,All identifiers counts values datums source hashes and cross-references agree; every unresolved physical boundary remains visibly held and structural STL is absent,PASS only if executed AUDIT-MECH-001 configuration-bound evidence demonstrates: The HR-V0 mechanical release shall define one controlled bench-to-object datum chain.,child_id|configuration_id|procedure_id|procedure_revision|observed_value_or_state|acceptance_limit|result_PASS_or_FAIL|evidence_uri|executor|timestamp|reviewer|decision,P0.2 TEMPLATE ISSUED - INTEGRATION AND EXECUTION REQUIRED,ONE NORMATIVE CLAUSE - INDEPENDENT ACCEPTANCE REQUIRED,draft,NOT EXECUTED,SELECTION REQUIRED,SELECTION REQUIRED,NOT APPROVED,"PRELIMINARY - NOT APPROVED FOR FABRICATION, CONNECTION, MOTION, OR ENERGIZATION"
MECH-002-A02,MECH-002,2,mechanical,The HR-V0 mechanical release shall enumerate every assembly component.,MUST,AUDIT-MECH-001,Checker output reviewed registers generated SVG configuration snapshot and signed audit disposition,All identifiers counts values datums source hashes and cross-references agree; every unresolved physical boundary remains visibly held and structural STL is absent,PASS only if executed AUDIT-MECH-001 configuration-bound evidence demonstrates: The HR-V0 mechanical release shall enumerate every assembly component.,child_id|configuration_id|procedure_id|procedure_revision|observed_value_or_state|acceptance_limit|result_PASS_or_FAIL|evidence_uri|executor|timestamp|reviewer|decision,P0.2 TEMPLATE ISSUED - INTEGRATION AND EXECUTION REQUIRED,ONE NORMATIVE CLAUSE - INDEPENDENT ACCEPTANCE REQUIRED,draft,NOT EXECUTED,SELECTION REQUIRED,SELECTION REQUIRED,NOT APPROVED,"PRELIMINARY - NOT APPROVED FOR FABRICATION, CONNECTION, MOTION, OR ENERGIZATION"
MECH-002-A03,MECH-002,3,mechanical,The HR-V0 mechanical release shall enumerate every mechanical interface.,MUST,AUDIT-MECH-001,Checker output reviewed registers generated SVG configuration snapshot and signed audit disposition,All identifiers counts values datums source hashes and cross-references agree; every unresolved physical boundary remains visibly held and structural STL is absent,PASS only if executed AUDIT-MECH-001 configuration-bound evidence demonstrates: The HR-V0 mechanical release shall enumerate every mechanical interface.,child_id|configuration_id|procedure_id|procedure_revision|observed_value_or_state|acceptance_limit|result_PASS_or_FAIL|evidence_uri|executor|timestamp|reviewer|decision,P0.2 TEMPLATE ISSUED - INTEGRATION AND EXECUTION REQUIRED,ONE NORMATIVE CLAUSE - INDEPENDENT ACCEPTANCE REQUIRED,draft,NOT EXECUTED,SELECTION REQUIRED,SELECTION REQUIRED,NOT APPROVED,"PRELIMINARY - NOT APPROVED FOR FABRICATION, CONNECTION, MOTION, OR ENERGIZATION"
MECH-002-A04,MECH-002,4,mechanical,The HR-V0 mechanical release shall define exact profile cut lengths.,MUST,AUDIT-MECH-001,Checker output reviewed registers generated SVG configuration snapshot and signed audit disposition,All identifiers counts values datums source hashes and cross-references agree; every unresolved physical boundary remains visibly held and structural STL is absent,PASS only if executed AUDIT-MECH-001 configuration-bound evidence demonstrates: The HR-V0 mechanical release shall define exact profile cut lengths.,child_id|configuration_id|procedure_id|procedure_revision|observed_value_or_state|acceptance_limit|result_PASS_or_FAIL|evidence_uri|executor|timestamp|reviewer|decision,P0.2 TEMPLATE ISSUED - INTEGRATION AND EXECUTION REQUIRED,ONE NORMATIVE CLAUSE - INDEPENDENT ACCEPTANCE REQUIRED,draft,NOT EXECUTED,SELECTION REQUIRED,SELECTION REQUIRED,NOT APPROVED,"PRELIMINARY - NOT APPROVED FOR FABRICATION, CONNECTION, MOTION, OR ENERGIZATION"
MECH-002-A05,MECH-002,5,mechanical,The HR-V0 mechanical release shall identify closure evidence for each unresolved dimension.,MUST,AUDIT-MECH-001,Checker output reviewed registers generated SVG configuration snapshot and signed audit disposition,All identifiers counts values datums source hashes and cross-references agree; every unresolved physical boundary remains visibly held and structural STL is absent,PASS only if executed AUDIT-MECH-001 configuration-bound evidence demonstrates: The HR-V0 mechanical release shall identify closure evidence for each unresolved dimension.,child_id|configuration_id|procedure_id|procedure_revision|observed_value_or_state|acceptance_limit|result_PASS_or_FAIL|evidence_uri|executor|timestamp|reviewer|decision,P0.2 TEMPLATE ISSUED - INTEGRATION AND EXECUTION REQUIRED,ONE NORMATIVE CLAUSE - INDEPENDENT ACCEPTANCE REQUIRED,draft,NOT EXECUTED,SELECTION REQUIRED,SELECTION REQUIRED,NOT APPROVED,"PRELIMINARY - NOT APPROVED FOR FABRICATION, CONNECTION, MOTION, OR ENERGIZATION"
MECH-002-A06,MECH-002,6,mechanical,The HR-V0 mechanical release shall identify closure evidence for each unresolved fastener.,MUST,AUDIT-MECH-001,Checker output reviewed registers generated SVG configuration snapshot and signed audit disposition,All identifiers counts values datums source hashes and cross-references agree; every unresolved physical boundary remains visibly held and structural STL is absent,PASS only if executed AUDIT-MECH-001 configuration-bound evidence demonstrates: The HR-V0 mechanical release shall identify closure evidence for each unresolved fastener.,child_id|configuration_id|procedure_id|procedure_revision|observed_value_or_state|acceptance_limit|result_PASS_or_FAIL|evidence_uri|executor|timestamp|reviewer|decision,P0.2 TEMPLATE ISSUED - INTEGRATION AND EXECUTION REQUIRED,ONE NORMATIVE CLAUSE - INDEPENDENT ACCEPTANCE REQUIRED,draft,NOT EXECUTED,SELECTION REQUIRED,SELECTION REQUIRED,NOT APPROVED,"PRELIMINARY - NOT APPROVED FOR FABRICATION, CONNECTION, MOTION, OR ENERGIZATION"
MECH-002-A07,MECH-002,7,mechanical,The HR-V0 mechanical release shall identify closure evidence for each unresolved fit.,MUST,AUDIT-MECH-001,Checker output reviewed registers generated SVG configuration snapshot and signed audit disposition,All identifiers counts values datums source hashes and cross-references agree; every unresolved physical boundary remains visibly held and structural STL is absent,PASS only if executed AUDIT-MECH-001 configuration-bound evidence demonstrates: The HR-V0 mechanical release shall identify closure evidence for each unresolved fit.,child_id|configuration_id|procedure_id|procedure_revision|observed_value_or_state|acceptance_limit|result_PASS_or_FAIL|evidence_uri|executor|timestamp|reviewer|decision,P0.2 TEMPLATE ISSUED - INTEGRATION AND EXECUTION REQUIRED,ONE NORMATIVE CLAUSE - INDEPENDENT ACCEPTANCE REQUIRED,draft,NOT EXECUTED,SELECTION REQUIRED,SELECTION REQUIRED,NOT APPROVED,"PRELIMINARY - NOT APPROVED FOR FABRICATION, CONNECTION, MOTION, OR ENERGIZATION"
MECH-002-A08,MECH-002,8,mechanical,The HR-V0 mechanical release shall identify closure evidence for each unresolved guard boundary.,MUST,AUDIT-MECH-001,Checker output reviewed registers generated SVG configuration snapshot and signed audit disposition,All identifiers counts values datums source hashes and cross-references agree; every unresolved physical boundary remains visibly held and structural STL is absent,PASS only if executed AUDIT-MECH-001 configuration-bound evidence demonstrates: The HR-V0 mechanical release shall identify closure evidence for each unresolved guard boundary.,child_id|configuration_id|procedure_id|procedure_revision|observed_value_or_state|acceptance_limit|result_PASS_or_FAIL|evidence_uri|executor|timestamp|reviewer|decision,P0.2 TEMPLATE ISSUED - INTEGRATION AND EXECUTION REQUIRED,ONE NORMATIVE CLAUSE - INDEPENDENT ACCEPTANCE REQUIRED,draft,NOT EXECUTED,SELECTION REQUIRED,SELECTION REQUIRED,NOT APPROVED,"PRELIMINARY - NOT APPROVED FOR FABRICATION, CONNECTION, MOTION, OR ENERGIZATION"
MECH-002-A09,MECH-002,9,mechanical,The HR-V0 mechanical release shall identify closure evidence for each unresolved stop boundary.,MUST,AUDIT-MECH-001,Checker output reviewed registers generated SVG configuration snapshot and signed audit disposition,All identifiers counts values datums source hashes and cross-references agree; every unresolved physical boundary remains visibly held and structural STL is absent,PASS only if executed AUDIT-MECH-001 configuration-bound evidence demonstrates: The HR-V0 mechanical release shall identify closure evidence for each unresolved stop boundary.,child_id|configuration_id|procedure_id|procedure_revision|observed_value_or_state|acceptance_limit|result_PASS_or_FAIL|evidence_uri|executor|timestamp|reviewer|decision,P0.2 TEMPLATE ISSUED - INTEGRATION AND EXECUTION REQUIRED,ONE NORMATIVE CLAUSE - INDEPENDENT ACCEPTANCE REQUIRED,draft,NOT EXECUTED,SELECTION REQUIRED,SELECTION REQUIRED,NOT APPROVED,"PRELIMINARY - NOT APPROVED FOR FABRICATION, CONNECTION, MOTION, OR ENERGIZATION"
MECH-002-A10,MECH-002,10,mechanical,The HR-V0 mechanical release shall identify closure evidence for each unresolved cable boundary.,MUST,AUDIT-MECH-001,Checker output reviewed registers generated SVG configuration snapshot and signed audit disposition,All identifiers counts values datums source hashes and cross-references agree; every unresolved physical boundary remains visibly held and structural STL is absent,PASS only if executed AUDIT-MECH-001 configuration-bound evidence demonstrates: The HR-V0 mechanical release shall identify closure evidence for each unresolved cable boundary.,child_id|configuration_id|procedure_id|procedure_revision|observed_value_or_state|acceptance_limit|result_PASS_or_FAIL|evidence_uri|executor|timestamp|reviewer|decision,P0.2 TEMPLATE ISSUED - INTEGRATION AND EXECUTION REQUIRED,ONE NORMATIVE CLAUSE - INDEPENDENT ACCEPTANCE REQUIRED,draft,NOT EXECUTED,SELECTION REQUIRED,SELECTION REQUIRED,NOT APPROVED,"PRELIMINARY - NOT APPROVED FOR FABRICATION, CONNECTION, MOTION, OR ENERGIZATION"
MECH-002-A11,MECH-002,11,mechanical,The HR-V0 mechanical release shall identify closure evidence for each unresolved anchor boundary.,MUST,AUDIT-MECH-001,Checker output reviewed registers generated SVG configuration snapshot and signed audit disposition,All identifiers counts values datums source hashes and cross-references agree; every unresolved physical boundary remains visibly held and structural STL is absent,PASS only if executed AUDIT-MECH-001 configuration-bound evidence demonstrates: The HR-V0 mechanical release shall identify closure evidence for each unresolved anchor boundary.,child_id|configuration_id|procedure_id|procedure_revision|observed_value_or_state|acceptance_limit|result_PASS_or_FAIL|evidence_uri|executor|timestamp|reviewer|decision,P0.2 TEMPLATE ISSUED - INTEGRATION AND EXECUTION REQUIRED,ONE NORMATIVE CLAUSE - INDEPENDENT ACCEPTANCE REQUIRED,draft,NOT EXECUTED,SELECTION REQUIRED,SELECTION REQUIRED,NOT APPROVED,"PRELIMINARY - NOT APPROVED FOR FABRICATION, CONNECTION, MOTION, OR ENERGIZATION"
MECH-002-A12,MECH-002,12,mechanical,Generated HR-V0 assembly views shall agree with the released native CAD.,MUST,AUDIT-MECH-001,Checker output reviewed registers generated SVG configuration snapshot and signed audit disposition,All identifiers counts values datums source hashes and cross-references agree; every unresolved physical boundary remains visibly held and structural STL is absent,PASS only if executed AUDIT-MECH-001 configuration-bound evidence demonstrates: Generated HR-V0 assembly views shall agree with the released native CAD.,child_id|configuration_id|procedure_id|procedure_revision|observed_value_or_state|acceptance_limit|result_PASS_or_FAIL|evidence_uri|executor|timestamp|reviewer|decision,P0.2 TEMPLATE ISSUED - INTEGRATION AND EXECUTION REQUIRED,ONE NORMATIVE CLAUSE - INDEPENDENT ACCEPTANCE REQUIRED,draft,NOT EXECUTED,SELECTION REQUIRED,SELECTION REQUIRED,NOT APPROVED,"PRELIMINARY - NOT APPROVED FOR FABRICATION, CONNECTION, MOTION, OR ENERGIZATION"
MECH-002-A13,MECH-002,13,mechanical,Generated HR-V0 assembly views shall agree with the released system BOM.,MUST,AUDIT-MECH-001,Checker output reviewed registers generated SVG configuration snapshot and signed audit disposition,All identifiers counts values datums source hashes and cross-references agree; every unresolved physical boundary remains visibly held and structural STL is absent,PASS only if executed AUDIT-MECH-001 configuration-bound evidence demonstrates: Generated HR-V0 assembly views shall agree with the released system BOM.,child_id|configuration_id|procedure_id|procedure_revision|observed_value_or_state|acceptance_limit|result_PASS_or_FAIL|evidence_uri|executor|timestamp|reviewer|decision,P0.2 TEMPLATE ISSUED - INTEGRATION AND EXECUTION REQUIRED,ONE NORMATIVE CLAUSE - INDEPENDENT ACCEPTANCE REQUIRED,draft,NOT EXECUTED,SELECTION REQUIRED,SELECTION REQUIRED,NOT APPROVED,"PRELIMINARY - NOT APPROVED FOR FABRICATION, CONNECTION, MOTION, OR ENERGIZATION"
MECH-003-A01,MECH-003,1,mechanical,Each HR-V0 T-slot frame joint shall identify the exact bracket order code.,MUST,INSPECT-MECH-010,Completed frame-joint CSV raw measurements photographs calibration records proof traces nonconformance dispositions and signed qualified mechanical review,Every joint identity quantity orientation bracket-body fit tool access seating torque sequence diagonal or perpendicularity slip post-proof condition witness mark and reuse disposition meets the separately released numeric acceptance limits without slot bracket screw T-nut or extrusion damage,PASS only if executed INSPECT-MECH-010 configuration-bound evidence demonstrates: Each HR-V0 T-slot frame joint shall identify the exact bracket order code.,child_id|configuration_id|procedure_id|procedure_revision|observed_value_or_state|acceptance_limit|result_PASS_or_FAIL|evidence_uri|executor|timestamp|reviewer|decision,P0.2 TEMPLATE ISSUED - INTEGRATION AND EXECUTION REQUIRED,ONE NORMATIVE CLAUSE - INDEPENDENT ACCEPTANCE REQUIRED,draft,NOT EXECUTED,SELECTION REQUIRED,SELECTION REQUIRED,NOT APPROVED,"PRELIMINARY - NOT APPROVED FOR FABRICATION, CONNECTION, MOTION, OR ENERGIZATION"
MECH-003-A02,MECH-003,2,mechanical,Each HR-V0 T-slot frame joint shall identify every mounting-hardware order code.,MUST,INSPECT-MECH-010,Completed frame-joint CSV raw measurements photographs calibration records proof traces nonconformance dispositions and signed qualified mechanical review,Every joint identity quantity orientation bracket-body fit tool access seating torque sequence diagonal or perpendicularity slip post-proof condition witness mark and reuse disposition meets the separately released numeric acceptance limits without slot bracket screw T-nut or extrusion damage,PASS only if executed INSPECT-MECH-010 configuration-bound evidence demonstrates: Each HR-V0 T-slot frame joint shall identify every mounting-hardware order code.,child_id|configuration_id|procedure_id|procedure_revision|observed_value_or_state|acceptance_limit|result_PASS_or_FAIL|evidence_uri|executor|timestamp|reviewer|decision,P0.2 TEMPLATE ISSUED - INTEGRATION AND EXECUTION REQUIRED,ONE NORMATIVE CLAUSE - INDEPENDENT ACCEPTANCE REQUIRED,draft,NOT EXECUTED,SELECTION REQUIRED,SELECTION REQUIRED,NOT APPROVED,"PRELIMINARY - NOT APPROVED FOR FABRICATION, CONNECTION, MOTION, OR ENERGIZATION"
MECH-003-A03,MECH-003,3,mechanical,Each HR-V0 T-slot frame joint shall identify installed quantity.,MUST,INSPECT-MECH-010,Completed frame-joint CSV raw measurements photographs calibration records proof traces nonconformance dispositions and signed qualified mechanical review,Every joint identity quantity orientation bracket-body fit tool access seating torque sequence diagonal or perpendicularity slip post-proof condition witness mark and reuse disposition meets the separately released numeric acceptance limits without slot bracket screw T-nut or extrusion damage,PASS only if executed INSPECT-MECH-010 configuration-bound evidence demonstrates: Each HR-V0 T-slot frame joint shall identify installed quantity.,child_id|configuration_id|procedure_id|procedure_revision|observed_value_or_state|acceptance_limit|result_PASS_or_FAIL|evidence_uri|executor|timestamp|reviewer|decision,P0.2 TEMPLATE ISSUED - INTEGRATION AND EXECUTION REQUIRED,ONE NORMATIVE CLAUSE - INDEPENDENT ACCEPTANCE REQUIRED,draft,NOT EXECUTED,SELECTION REQUIRED,SELECTION REQUIRED,NOT APPROVED,"PRELIMINARY - NOT APPROVED FOR FABRICATION, CONNECTION, MOTION, OR ENERGIZATION"
MECH-003-A04,MECH-003,4,mechanical,Each HR-V0 T-slot frame joint shall identify installed orientation.,MUST,INSPECT-MECH-010,Completed frame-joint CSV raw measurements photographs calibration records proof traces nonconformance dispositions and signed qualified mechanical review,Every joint identity quantity orientation bracket-body fit tool access seating torque sequence diagonal or perpendicularity slip post-proof condition witness mark and reuse disposition meets the separately released numeric acceptance limits without slot bracket screw T-nut or extrusion damage,PASS only if executed INSPECT-MECH-010 configuration-bound evidence demonstrates: Each HR-V0 T-slot frame joint shall identify installed orientation.,child_id|configuration_id|procedure_id|procedure_revision|observed_value_or_state|acceptance_limit|result_PASS_or_FAIL|evidence_uri|executor|timestamp|reviewer|decision,P0.2 TEMPLATE ISSUED - INTEGRATION AND EXECUTION REQUIRED,ONE NORMATIVE CLAUSE - INDEPENDENT ACCEPTANCE REQUIRED,draft,NOT EXECUTED,SELECTION REQUIRED,SELECTION REQUIRED,NOT APPROVED,"PRELIMINARY - NOT APPROVED FOR FABRICATION, CONNECTION, MOTION, OR ENERGIZATION"
MECH-003-A05,MECH-003,5,mechanical,Each HR-V0 T-slot frame joint shall have a controlled load-path screen.,MUST,INSPECT-MECH-010,Completed frame-joint CSV raw measurements photographs calibration records proof traces nonconformance dispositions and signed qualified mechanical review,Every joint identity quantity orientation bracket-body fit tool access seating torque sequence diagonal or perpendicularity slip post-proof condition witness mark and reuse disposition meets the separately released numeric acceptance limits without slot bracket screw T-nut or extrusion damage,PASS only if executed INSPECT-MECH-010 configuration-bound evidence demonstrates: Each HR-V0 T-slot frame joint shall have a controlled load-path screen.,child_id|configuration_id|procedure_id|procedure_revision|observed_value_or_state|acceptance_limit|result_PASS_or_FAIL|evidence_uri|executor|timestamp|reviewer|decision,P0.2 TEMPLATE ISSUED - INTEGRATION AND EXECUTION REQUIRED,ONE NORMATIVE CLAUSE - INDEPENDENT ACCEPTANCE REQUIRED,draft,NOT EXECUTED,SELECTION REQUIRED,SELECTION REQUIRED,NOT APPROVED,"PRELIMINARY - NOT APPROVED FOR FABRICATION, CONNECTION, MOTION, OR ENERGIZATION"
MECH-003-A06,MECH-003,6,mechanical,Each HR-V0 T-slot frame joint shall have a controlled torque-development method.,MUST,INSPECT-MECH-010,Completed frame-joint CSV raw measurements photographs calibration records proof traces nonconformance dispositions and signed qualified mechanical review,Every joint identity quantity orientation bracket-body fit tool access seating torque sequence diagonal or perpendicularity slip post-proof condition witness mark and reuse disposition meets the separately released numeric acceptance limits without slot bracket screw T-nut or extrusion damage,PASS only if executed INSPECT-MECH-010 configuration-bound evidence demonstrates: Each HR-V0 T-slot frame joint shall have a controlled torque-development method.,child_id|configuration_id|procedure_id|procedure_revision|observed_value_or_state|acceptance_limit|result_PASS_or_FAIL|evidence_uri|executor|timestamp|reviewer|decision,P0.2 TEMPLATE ISSUED - INTEGRATION AND EXECUTION REQUIRED,ONE NORMATIVE CLAUSE - INDEPENDENT ACCEPTANCE REQUIRED,draft,NOT EXECUTED,SELECTION REQUIRED,SELECTION REQUIRED,NOT APPROVED,"PRELIMINARY - NOT APPROVED FOR FABRICATION, CONNECTION, MOTION, OR ENERGIZATION"
MECH-003-A07,MECH-003,7,mechanical,Each HR-V0 T-slot frame joint shall have an accepted receiving record before assembly acceptance.,MUST,INSPECT-MECH-010,Completed frame-joint CSV raw measurements photographs calibration records proof traces nonconformance dispositions and signed qualified mechanical review,Every joint identity quantity orientation bracket-body fit tool access seating torque sequence diagonal or perpendicularity slip post-proof condition witness mark and reuse disposition meets the separately released numeric acceptance limits without slot bracket screw T-nut or extrusion damage,PASS only if executed INSPECT-MECH-010 configuration-bound evidence demonstrates: Each HR-V0 T-slot frame joint shall have an accepted receiving record before assembly acceptance.,child_id|configuration_id|procedure_id|procedure_revision|observed_value_or_state|acceptance_limit|result_PASS_or_FAIL|evidence_uri|executor|timestamp|reviewer|decision,P0.2 TEMPLATE ISSUED - INTEGRATION AND EXECUTION REQUIRED,ONE NORMATIVE CLAUSE - INDEPENDENT ACCEPTANCE REQUIRED,draft,NOT EXECUTED,SELECTION REQUIRED,SELECTION REQUIRED,NOT APPROVED,"PRELIMINARY - NOT APPROVED FOR FABRICATION, CONNECTION, MOTION, OR ENERGIZATION"
MECH-003-A08,MECH-003,8,mechanical,Each HR-V0 T-slot frame joint shall have an accepted proof record before assembly acceptance.,MUST,INSPECT-MECH-010,Completed frame-joint CSV raw measurements photographs calibration records proof traces nonconformance dispositions and signed qualified mechanical review,Every joint identity quantity orientation bracket-body fit tool access seating torque sequence diagonal or perpendicularity slip post-proof condition witness mark and reuse disposition meets the separately released numeric acceptance limits without slot bracket screw T-nut or extrusion damage,PASS only if executed INSPECT-MECH-010 configuration-bound evidence demonstrates: Each HR-V0 T-slot frame joint shall have an accepted proof record before assembly acceptance.,child_id|configuration_id|procedure_id|procedure_revision|observed_value_or_state|acceptance_limit|result_PASS_or_FAIL|evidence_uri|executor|timestamp|reviewer|decision,P0.2 TEMPLATE ISSUED - INTEGRATION AND EXECUTION REQUIRED,ONE NORMATIVE CLAUSE - INDEPENDENT ACCEPTANCE REQUIRED,draft,NOT EXECUTED,SELECTION REQUIRED,SELECTION REQUIRED,NOT APPROVED,"PRELIMINARY - NOT APPROVED FOR FABRICATION, CONNECTION, MOTION, OR ENERGIZATION"
MECH-003-A09,MECH-003,9,mechanical,Each HR-V0 T-slot frame joint shall have an inspection mark before assembly acceptance.,MUST,INSPECT-MECH-010,Completed frame-joint CSV raw measurements photographs calibration records proof traces nonconformance dispositions and signed qualified mechanical review,Every joint identity quantity orientation bracket-body fit tool access seating torque sequence diagonal or perpendicularity slip post-proof condition witness mark and reuse disposition meets the separately released numeric acceptance limits without slot bracket screw T-nut or extrusion damage,PASS only if executed INSPECT-MECH-010 configuration-bound evidence demonstrates: Each HR-V0 T-slot frame joint shall have an inspection mark before assembly acceptance.,child_id|configuration_id|procedure_id|procedure_revision|observed_value_or_state|acceptance_limit|result_PASS_or_FAIL|evidence_uri|executor|timestamp|reviewer|decision,P0.2 TEMPLATE ISSUED - INTEGRATION AND EXECUTION REQUIRED,ONE NORMATIVE CLAUSE - INDEPENDENT ACCEPTANCE REQUIRED,draft,NOT EXECUTED,SELECTION REQUIRED,SELECTION REQUIRED,NOT APPROVED,"PRELIMINARY - NOT APPROVED FOR FABRICATION, CONNECTION, MOTION, OR ENERGIZATION"
MECH-003-A10,MECH-003,10,mechanical,Each HR-V0 T-slot frame joint shall have a controlled fastener-reuse rule.,MUST,INSPECT-MECH-010,Completed frame-joint CSV raw measurements photographs calibration records proof traces nonconformance dispositions and signed qualified mechanical review,Every joint identity quantity orientation bracket-body fit tool access seating torque sequence diagonal or perpendicularity slip post-proof condition witness mark and reuse disposition meets the separately released numeric acceptance limits without slot bracket screw T-nut or extrusion damage,PASS only if executed INSPECT-MECH-010 configuration-bound evidence demonstrates: Each HR-V0 T-slot frame joint shall have a controlled fastener-reuse rule.,child_id|configuration_id|procedure_id|procedure_revision|observed_value_or_state|acceptance_limit|result_PASS_or_FAIL|evidence_uri|executor|timestamp|reviewer|decision,P0.2 TEMPLATE ISSUED - INTEGRATION AND EXECUTION REQUIRED,ONE NORMATIVE CLAUSE - INDEPENDENT ACCEPTANCE REQUIRED,draft,NOT EXECUTED,SELECTION REQUIRED,SELECTION REQUIRED,NOT APPROVED,"PRELIMINARY - NOT APPROVED FOR FABRICATION, CONNECTION, MOTION, OR ENERGIZATION"
MECH-003-A11,MECH-003,11,mechanical,Each HR-V0 T-slot frame joint shall have a qualified mechanical disposition before assembly acceptance.,MUST,INSPECT-MECH-010,Completed frame-joint CSV raw measurements photographs calibration records proof traces nonconformance dispositions and signed qualified mechanical review,Every joint identity quantity orientation bracket-body fit tool access seating torque sequence diagonal or perpendicularity slip post-proof condition witness mark and reuse disposition meets the separately released numeric acceptance limits without slot bracket screw T-nut or extrusion damage,PASS only if executed INSPECT-MECH-010 configuration-bound evidence demonstrates: Each HR-V0 T-slot frame joint shall have a qualified mechanical disposition before assembly acceptance.,child_id|configuration_id|procedure_id|procedure_revision|observed_value_or_state|acceptance_limit|result_PASS_or_FAIL|evidence_uri|executor|timestamp|reviewer|decision,P0.2 TEMPLATE ISSUED - INTEGRATION AND EXECUTION REQUIRED,ONE NORMATIVE CLAUSE - INDEPENDENT ACCEPTANCE REQUIRED,draft,NOT EXECUTED,SELECTION REQUIRED,SELECTION REQUIRED,NOT APPROVED,"PRELIMINARY - NOT APPROVED FOR FABRICATION, CONNECTION, MOTION, OR ENERGIZATION"
MECH-003-A12,MECH-003,12,mechanical,Absent MECH-003 physical evidence shall inhibit assembly acceptance.,MUST,INSPECT-MECH-010,Completed frame-joint CSV raw measurements photographs calibration records proof traces nonconformance dispositions and signed qualified mechanical review,Every joint identity quantity orientation bracket-body fit tool access seating torque sequence diagonal or perpendicularity slip post-proof condition witness mark and reuse disposition meets the separately released numeric acceptance limits without slot bracket screw T-nut or extrusion damage,PASS only if executed INSPECT-MECH-010 configuration-bound evidence demonstrates: Absent MECH-003 physical evidence shall inhibit assembly acceptance.,child_id|configuration_id|procedure_id|procedure_revision|observed_value_or_state|acceptance_limit|result_PASS_or_FAIL|evidence_uri|executor|timestamp|reviewer|decision,P0.2 TEMPLATE ISSUED - INTEGRATION AND EXECUTION REQUIRED,ONE NORMATIVE CLAUSE - INDEPENDENT ACCEPTANCE REQUIRED,draft,NOT EXECUTED,SELECTION REQUIRED,SELECTION REQUIRED,NOT APPROVED,"PRELIMINARY - NOT APPROVED FOR FABRICATION, CONNECTION, MOTION, OR ENERGIZATION"
MECH-004-A01,MECH-004,1,mechanical,The HR-V0 bench interface shall identify one exact surveyed bench before release.,MUST,INSPECT-MECH-011,Completed bench-survey CSV calculation package controlled anchor drawing installation record raw proof trace photographs calibration records facility acceptance nonconformance disposition and signed qualified mechanical review,Survey identity substrate construction thickness access edge distances permissions hardware calculations installation torque marks proof load duration slip deflection damage and post-proof condition all satisfy the separately released values for the same bench and repository configuration,PASS only if executed INSPECT-MECH-011 configuration-bound evidence demonstrates: The HR-V0 bench interface shall identify one exact surveyed bench before release.,child_id|configuration_id|procedure_id|procedure_revision|observed_value_or_state|acceptance_limit|result_PASS_or_FAIL|evidence_uri|executor|timestamp|reviewer|decision,P0.2 TEMPLATE ISSUED - INTEGRATION AND EXECUTION REQUIRED,ONE NORMATIVE CLAUSE - INDEPENDENT ACCEPTANCE REQUIRED,draft,NOT EXECUTED,SELECTION REQUIRED,SELECTION REQUIRED,NOT APPROVED,"PRELIMINARY - NOT APPROVED FOR FABRICATION, CONNECTION, MOTION, OR ENERGIZATION"
MECH-004-A02,MECH-004,2,mechanical,The HR-V0 bench interface shall have documented site-owner permission before release.,MUST,INSPECT-MECH-011,Completed bench-survey CSV calculation package controlled anchor drawing installation record raw proof trace photographs calibration records facility acceptance nonconformance disposition and signed qualified mechanical review,Survey identity substrate construction thickness access edge distances permissions hardware calculations installation torque marks proof load duration slip deflection damage and post-proof condition all satisfy the separately released values for the same bench and repository configuration,PASS only if executed INSPECT-MECH-011 configuration-bound evidence demonstrates: The HR-V0 bench interface shall have documented site-owner permission before release.,child_id|configuration_id|procedure_id|procedure_revision|observed_value_or_state|acceptance_limit|result_PASS_or_FAIL|evidence_uri|executor|timestamp|reviewer|decision,P0.2 TEMPLATE ISSUED - INTEGRATION AND EXECUTION REQUIRED,ONE NORMATIVE CLAUSE - INDEPENDENT ACCEPTANCE REQUIRED,draft,NOT EXECUTED,SELECTION REQUIRED,SELECTION REQUIRED,NOT APPROVED,"PRELIMINARY - NOT APPROVED FOR FABRICATION, CONNECTION, MOTION, OR ENERGIZATION"
MECH-004-A03,MECH-004,3,mechanical,The HR-V0 bench interface shall record substrate construction before release.,MUST,INSPECT-MECH-011,Completed bench-survey CSV calculation package controlled anchor drawing installation record raw proof trace photographs calibration records facility acceptance nonconformance disposition and signed qualified mechanical review,Survey identity substrate construction thickness access edge distances permissions hardware calculations installation torque marks proof load duration slip deflection damage and post-proof condition all satisfy the separately released values for the same bench and repository configuration,PASS only if executed INSPECT-MECH-011 configuration-bound evidence demonstrates: The HR-V0 bench interface shall record substrate construction before release.,child_id|configuration_id|procedure_id|procedure_revision|observed_value_or_state|acceptance_limit|result_PASS_or_FAIL|evidence_uri|executor|timestamp|reviewer|decision,P0.2 TEMPLATE ISSUED - INTEGRATION AND EXECUTION REQUIRED,ONE NORMATIVE CLAUSE - INDEPENDENT ACCEPTANCE REQUIRED,draft,NOT EXECUTED,SELECTION REQUIRED,SELECTION REQUIRED,NOT APPROVED,"PRELIMINARY - NOT APPROVED FOR FABRICATION, CONNECTION, MOTION, OR ENERGIZATION"
MECH-004-A04,MECH-004,4,mechanical,The HR-V0 bench interface shall record substrate thickness before release.,MUST,INSPECT-MECH-011,Completed bench-survey CSV calculation package controlled anchor drawing installation record raw proof trace photographs calibration records facility acceptance nonconformance disposition and signed qualified mechanical review,Survey identity substrate construction thickness access edge distances permissions hardware calculations installation torque marks proof load duration slip deflection damage and post-proof condition all satisfy the separately released values for the same bench and repository configuration,PASS only if executed INSPECT-MECH-011 configuration-bound evidence demonstrates: The HR-V0 bench interface shall record substrate thickness before release.,child_id|configuration_id|procedure_id|procedure_revision|observed_value_or_state|acceptance_limit|result_PASS_or_FAIL|evidence_uri|executor|timestamp|reviewer|decision,P0.2 TEMPLATE ISSUED - INTEGRATION AND EXECUTION REQUIRED,ONE NORMATIVE CLAUSE - INDEPENDENT ACCEPTANCE REQUIRED,draft,NOT EXECUTED,SELECTION REQUIRED,SELECTION REQUIRED,NOT APPROVED,"PRELIMINARY - NOT APPROVED FOR FABRICATION, CONNECTION, MOTION, OR ENERGIZATION"
MECH-004-A05,MECH-004,5,mechanical,The HR-V0 bench interface shall record all applicable edge distances before release.,MUST,INSPECT-MECH-011,Completed bench-survey CSV calculation package controlled anchor drawing installation record raw proof trace photographs calibration records facility acceptance nonconformance disposition and signed qualified mechanical review,Survey identity substrate construction thickness access edge distances permissions hardware calculations installation torque marks proof load duration slip deflection damage and post-proof condition all satisfy the separately released values for the same bench and repository configuration,PASS only if executed INSPECT-MECH-011 configuration-bound evidence demonstrates: The HR-V0 bench interface shall record all applicable edge distances before release.,child_id|configuration_id|procedure_id|procedure_revision|observed_value_or_state|acceptance_limit|result_PASS_or_FAIL|evidence_uri|executor|timestamp|reviewer|decision,P0.2 TEMPLATE ISSUED - INTEGRATION AND EXECUTION REQUIRED,ONE NORMATIVE CLAUSE - INDEPENDENT ACCEPTANCE REQUIRED,draft,NOT EXECUTED,SELECTION REQUIRED,SELECTION REQUIRED,NOT APPROVED,"PRELIMINARY - NOT APPROVED FOR FABRICATION, CONNECTION, MOTION, OR ENERGIZATION"
MECH-004-A06,MECH-004,6,mechanical,The HR-V0 bench interface shall record top-side access before release.,MUST,INSPECT-MECH-011,Completed bench-survey CSV calculation package controlled anchor drawing installation record raw proof trace photographs calibration records facility acceptance nonconformance disposition and signed qualified mechanical review,Survey identity substrate construction thickness access edge distances permissions hardware calculations installation torque marks proof load duration slip deflection damage and post-proof condition all satisfy the separately released values for the same bench and repository configuration,PASS only if executed INSPECT-MECH-011 configuration-bound evidence demonstrates: The HR-V0 bench interface shall record top-side access before release.,child_id|configuration_id|procedure_id|procedure_revision|observed_value_or_state|acceptance_limit|result_PASS_or_FAIL|evidence_uri|executor|timestamp|reviewer|decision,P0.2 TEMPLATE ISSUED - INTEGRATION AND EXECUTION REQUIRED,ONE NORMATIVE CLAUSE - INDEPENDENT ACCEPTANCE REQUIRED,draft,NOT EXECUTED,SELECTION REQUIRED,SELECTION REQUIRED,NOT APPROVED,"PRELIMINARY - NOT APPROVED FOR FABRICATION, CONNECTION, MOTION, OR ENERGIZATION"
MECH-004-A07,MECH-004,7,mechanical,The HR-V0 bench interface shall record underside access before release.,MUST,INSPECT-MECH-011,Completed bench-survey CSV calculation package controlled anchor drawing installation record raw proof trace photographs calibration records facility acceptance nonconformance disposition and signed qualified mechanical review,Survey identity substrate construction thickness access edge distances permissions hardware calculations installation torque marks proof load duration slip deflection damage and post-proof condition all satisfy the separately released values for the same bench and repository configuration,PASS only if executed INSPECT-MECH-011 configuration-bound evidence demonstrates: The HR-V0 bench interface shall record underside access before release.,child_id|configuration_id|procedure_id|procedure_revision|observed_value_or_state|acceptance_limit|result_PASS_or_FAIL|evidence_uri|executor|timestamp|reviewer|decision,P0.2 TEMPLATE ISSUED - INTEGRATION AND EXECUTION REQUIRED,ONE NORMATIVE CLAUSE - INDEPENDENT ACCEPTANCE REQUIRED,draft,NOT EXECUTED,SELECTION REQUIRED,SELECTION REQUIRED,NOT APPROVED,"PRELIMINARY - NOT APPROVED FOR FABRICATION, CONNECTION, MOTION, OR ENERGIZATION"
MECH-004-A08,MECH-004,8,mechanical,The HR-V0 bench interface shall identify exact anchor order codes before release.,MUST,INSPECT-MECH-011,Completed bench-survey CSV calculation package controlled anchor drawing installation record raw proof trace photographs calibration records facility acceptance nonconformance disposition and signed qualified mechanical review,Survey identity substrate construction thickness access edge distances permissions hardware calculations installation torque marks proof load duration slip deflection damage and post-proof condition all satisfy the separately released values for the same bench and repository configuration,PASS only if executed INSPECT-MECH-011 configuration-bound evidence demonstrates: The HR-V0 bench interface shall identify exact anchor order codes before release.,child_id|configuration_id|procedure_id|procedure_revision|observed_value_or_state|acceptance_limit|result_PASS_or_FAIL|evidence_uri|executor|timestamp|reviewer|decision,P0.2 TEMPLATE ISSUED - INTEGRATION AND EXECUTION REQUIRED,ONE NORMATIVE CLAUSE - INDEPENDENT ACCEPTANCE REQUIRED,draft,NOT EXECUTED,SELECTION REQUIRED,SELECTION REQUIRED,NOT APPROVED,"PRELIMINARY - NOT APPROVED FOR FABRICATION, CONNECTION, MOTION, OR ENERGIZATION"
MECH-004-A09,MECH-004,9,mechanical,The HR-V0 bench interface shall identify exact bolt order codes before release.,MUST,INSPECT-MECH-011,Completed bench-survey CSV calculation package controlled anchor drawing installation record raw proof trace photographs calibration records facility acceptance nonconformance disposition and signed qualified mechanical review,Survey identity substrate construction thickness access edge distances permissions hardware calculations installation torque marks proof load duration slip deflection damage and post-proof condition all satisfy the separately released values for the same bench and repository configuration,PASS only if executed INSPECT-MECH-011 configuration-bound evidence demonstrates: The HR-V0 bench interface shall identify exact bolt order codes before release.,child_id|configuration_id|procedure_id|procedure_revision|observed_value_or_state|acceptance_limit|result_PASS_or_FAIL|evidence_uri|executor|timestamp|reviewer|decision,P0.2 TEMPLATE ISSUED - INTEGRATION AND EXECUTION REQUIRED,ONE NORMATIVE CLAUSE - INDEPENDENT ACCEPTANCE REQUIRED,draft,NOT EXECUTED,SELECTION REQUIRED,SELECTION REQUIRED,NOT APPROVED,"PRELIMINARY - NOT APPROVED FOR FABRICATION, CONNECTION, MOTION, OR ENERGIZATION"
MECH-004-A10,MECH-004,10,mechanical,The HR-V0 bench interface shall identify exact washer order codes before release.,MUST,INSPECT-MECH-011,Completed bench-survey CSV calculation package controlled anchor drawing installation record raw proof trace photographs calibration records facility acceptance nonconformance disposition and signed qualified mechanical review,Survey identity substrate construction thickness access edge distances permissions hardware calculations installation torque marks proof load duration slip deflection damage and post-proof condition all satisfy the separately released values for the same bench and repository configuration,PASS only if executed INSPECT-MECH-011 configuration-bound evidence demonstrates: The HR-V0 bench interface shall identify exact washer order codes before release.,child_id|configuration_id|procedure_id|procedure_revision|observed_value_or_state|acceptance_limit|result_PASS_or_FAIL|evidence_uri|executor|timestamp|reviewer|decision,P0.2 TEMPLATE ISSUED - INTEGRATION AND EXECUTION REQUIRED,ONE NORMATIVE CLAUSE - INDEPENDENT ACCEPTANCE REQUIRED,draft,NOT EXECUTED,SELECTION REQUIRED,SELECTION REQUIRED,NOT APPROVED,"PRELIMINARY - NOT APPROVED FOR FABRICATION, CONNECTION, MOTION, OR ENERGIZATION"
MECH-004-A11,MECH-004,11,mechanical,The HR-V0 bench interface shall identify exact backing-part order codes before release.,MUST,INSPECT-MECH-011,Completed bench-survey CSV calculation package controlled anchor drawing installation record raw proof trace photographs calibration records facility acceptance nonconformance disposition and signed qualified mechanical review,Survey identity substrate construction thickness access edge distances permissions hardware calculations installation torque marks proof load duration slip deflection damage and post-proof condition all satisfy the separately released values for the same bench and repository configuration,PASS only if executed INSPECT-MECH-011 configuration-bound evidence demonstrates: The HR-V0 bench interface shall identify exact backing-part order codes before release.,child_id|configuration_id|procedure_id|procedure_revision|observed_value_or_state|acceptance_limit|result_PASS_or_FAIL|evidence_uri|executor|timestamp|reviewer|decision,P0.2 TEMPLATE ISSUED - INTEGRATION AND EXECUTION REQUIRED,ONE NORMATIVE CLAUSE - INDEPENDENT ACCEPTANCE REQUIRED,draft,NOT EXECUTED,SELECTION REQUIRED,SELECTION REQUIRED,NOT APPROVED,"PRELIMINARY - NOT APPROVED FOR FABRICATION, CONNECTION, MOTION, OR ENERGIZATION"
MECH-004-A12,MECH-004,12,mechanical,The HR-V0 bench-interface analysis shall calculate anchor shear load.,MUST,INSPECT-MECH-011,Completed bench-survey CSV calculation package controlled anchor drawing installation record raw proof trace photographs calibration records facility acceptance nonconformance disposition and signed qualified mechanical review,Survey identity substrate construction thickness access edge distances permissions hardware calculations installation torque marks proof load duration slip deflection damage and post-proof condition all satisfy the separately released values for the same bench and repository configuration,PASS only if executed INSPECT-MECH-011 configuration-bound evidence demonstrates: The HR-V0 bench-interface analysis shall calculate anchor shear load.,child_id|configuration_id|procedure_id|procedure_revision|observed_value_or_state|acceptance_limit|result_PASS_or_FAIL|evidence_uri|executor|timestamp|reviewer|decision,P0.2 TEMPLATE ISSUED - INTEGRATION AND EXECUTION REQUIRED,ONE NORMATIVE CLAUSE - INDEPENDENT ACCEPTANCE REQUIRED,draft,NOT EXECUTED,SELECTION REQUIRED,SELECTION REQUIRED,NOT APPROVED,"PRELIMINARY - NOT APPROVED FOR FABRICATION, CONNECTION, MOTION, OR ENERGIZATION"
MECH-004-A13,MECH-004,13,mechanical,The HR-V0 bench-interface analysis shall calculate anchor tension load.,MUST,INSPECT-MECH-011,Completed bench-survey CSV calculation package controlled anchor drawing installation record raw proof trace photographs calibration records facility acceptance nonconformance disposition and signed qualified mechanical review,Survey identity substrate construction thickness access edge distances permissions hardware calculations installation torque marks proof load duration slip deflection damage and post-proof condition all satisfy the separately released values for the same bench and repository configuration,PASS only if executed INSPECT-MECH-011 configuration-bound evidence demonstrates: The HR-V0 bench-interface analysis shall calculate anchor tension load.,child_id|configuration_id|procedure_id|procedure_revision|observed_value_or_state|acceptance_limit|result_PASS_or_FAIL|evidence_uri|executor|timestamp|reviewer|decision,P0.2 TEMPLATE ISSUED - INTEGRATION AND EXECUTION REQUIRED,ONE NORMATIVE CLAUSE - INDEPENDENT ACCEPTANCE REQUIRED,draft,NOT EXECUTED,SELECTION REQUIRED,SELECTION REQUIRED,NOT APPROVED,"PRELIMINARY - NOT APPROVED FOR FABRICATION, CONNECTION, MOTION, OR ENERGIZATION"
MECH-004-A14,MECH-004,14,mechanical,The HR-V0 bench-interface analysis shall calculate overturning load.,MUST,INSPECT-MECH-011,Completed bench-survey CSV calculation package controlled anchor drawing installation record raw proof trace photographs calibration records facility acceptance nonconformance disposition and signed qualified mechanical review,Survey identity substrate construction thickness access edge distances permissions hardware calculations installation torque marks proof load duration slip deflection damage and post-proof condition all satisfy the separately released values for the same bench and repository configuration,PASS only if executed INSPECT-MECH-011 configuration-bound evidence demonstrates: The HR-V0 bench-interface analysis shall calculate overturning load.,child_id|configuration_id|procedure_id|procedure_revision|observed_value_or_state|acceptance_limit|result_PASS_or_FAIL|evidence_uri|executor|timestamp|reviewer|decision,P0.2 TEMPLATE ISSUED - INTEGRATION AND EXECUTION REQUIRED,ONE NORMATIVE CLAUSE - INDEPENDENT ACCEPTANCE REQUIRED,draft,NOT EXECUTED,SELECTION REQUIRED,SELECTION REQUIRED,NOT APPROVED,"PRELIMINARY - NOT APPROVED FOR FABRICATION, CONNECTION, MOTION, OR ENERGIZATION"
MECH-004-A15,MECH-004,15,mechanical,The HR-V0 bench-interface analysis shall calculate substrate bearing load.,MUST,INSPECT-MECH-011,Completed bench-survey CSV calculation package controlled anchor drawing installation record raw proof trace photographs calibration records facility acceptance nonconformance disposition and signed qualified mechanical review,Survey identity substrate construction thickness access edge distances permissions hardware calculations installation torque marks proof load duration slip deflection damage and post-proof condition all satisfy the separately released values for the same bench and repository configuration,PASS only if executed INSPECT-MECH-011 configuration-bound evidence demonstrates: The HR-V0 bench-interface analysis shall calculate substrate bearing load.,child_id|configuration_id|procedure_id|procedure_revision|observed_value_or_state|acceptance_limit|result_PASS_or_FAIL|evidence_uri|executor|timestamp|reviewer|decision,P0.2 TEMPLATE ISSUED - INTEGRATION AND EXECUTION REQUIRED,ONE NORMATIVE CLAUSE - INDEPENDENT ACCEPTANCE REQUIRED,draft,NOT EXECUTED,SELECTION REQUIRED,SELECTION REQUIRED,NOT APPROVED,"PRELIMINARY - NOT APPROVED FOR FABRICATION, CONNECTION, MOTION, OR ENERGIZATION"
MECH-004-A16,MECH-004,16,mechanical,The HR-V0 bench-interface analysis shall calculate substrate pull-through load.,MUST,INSPECT-MECH-011,Completed bench-survey CSV calculation package controlled anchor drawing installation record raw proof trace photographs calibration records facility acceptance nonconformance disposition and signed qualified mechanical review,Survey identity substrate construction thickness access edge distances permissions hardware calculations installation torque marks proof load duration slip deflection damage and post-proof condition all satisfy the separately released values for the same bench and repository configuration,PASS only if executed INSPECT-MECH-011 configuration-bound evidence demonstrates: The HR-V0 bench-interface analysis shall calculate substrate pull-through load.,child_id|configuration_id|procedure_id|procedure_revision|observed_value_or_state|acceptance_limit|result_PASS_or_FAIL|evidence_uri|executor|timestamp|reviewer|decision,P0.2 TEMPLATE ISSUED - INTEGRATION AND EXECUTION REQUIRED,ONE NORMATIVE CLAUSE - INDEPENDENT ACCEPTANCE REQUIRED,draft,NOT EXECUTED,SELECTION REQUIRED,SELECTION REQUIRED,NOT APPROVED,"PRELIMINARY - NOT APPROVED FOR FABRICATION, CONNECTION, MOTION, OR ENERGIZATION"
MECH-004-A17,MECH-004,17,mechanical,The HR-V0 bench-interface analysis shall calculate bench-support loads.,MUST,INSPECT-MECH-011,Completed bench-survey CSV calculation package controlled anchor drawing installation record raw proof trace photographs calibration records facility acceptance nonconformance disposition and signed qualified mechanical review,Survey identity substrate construction thickness access edge distances permissions hardware calculations installation torque marks proof load duration slip deflection damage and post-proof condition all satisfy the separately released values for the same bench and repository configuration,PASS only if executed INSPECT-MECH-011 configuration-bound evidence demonstrates: The HR-V0 bench-interface analysis shall calculate bench-support loads.,child_id|configuration_id|procedure_id|procedure_revision|observed_value_or_state|acceptance_limit|result_PASS_or_FAIL|evidence_uri|executor|timestamp|reviewer|decision,P0.2 TEMPLATE ISSUED - INTEGRATION AND EXECUTION REQUIRED,ONE NORMATIVE CLAUSE - INDEPENDENT ACCEPTANCE REQUIRED,draft,NOT EXECUTED,SELECTION REQUIRED,SELECTION REQUIRED,NOT APPROVED,"PRELIMINARY - NOT APPROVED FOR FABRICATION, CONNECTION, MOTION, OR ENERGIZATION"
MECH-004-A18,MECH-004,18,mechanical,The HR-V0 bench-interface installation shall use a controlled installation-torque requirement.,MUST,INSPECT-MECH-011,Completed bench-survey CSV calculation package controlled anchor drawing installation record raw proof trace photographs calibration records facility acceptance nonconformance disposition and signed qualified mechanical review,Survey identity substrate construction thickness access edge distances permissions hardware calculations installation torque marks proof load duration slip deflection damage and post-proof condition all satisfy the separately released values for the same bench and repository configuration,PASS only if executed INSPECT-MECH-011 configuration-bound evidence demonstrates: The HR-V0 bench-interface installation shall use a controlled installation-torque requirement.,child_id|configuration_id|procedure_id|procedure_revision|observed_value_or_state|acceptance_limit|result_PASS_or_FAIL|evidence_uri|executor|timestamp|reviewer|decision,P0.2 TEMPLATE ISSUED - INTEGRATION AND EXECUTION REQUIRED,ONE NORMATIVE CLAUSE - INDEPENDENT ACCEPTANCE REQUIRED,draft,NOT EXECUTED,SELECTION REQUIRED,SELECTION REQUIRED,NOT APPROVED,"PRELIMINARY - NOT APPROVED FOR FABRICATION, CONNECTION, MOTION, OR ENERGIZATION"
MECH-004-A19,MECH-004,19,mechanical,The HR-V0 bench-interface release shall define numerical proof criteria.,MUST,INSPECT-MECH-011,Completed bench-survey CSV calculation package controlled anchor drawing installation record raw proof trace photographs calibration records facility acceptance nonconformance disposition and signed qualified mechanical review,Survey identity substrate construction thickness access edge distances permissions hardware calculations installation torque marks proof load duration slip deflection damage and post-proof condition all satisfy the separately released values for the same bench and repository configuration,PASS only if executed INSPECT-MECH-011 configuration-bound evidence demonstrates: The HR-V0 bench-interface release shall define numerical proof criteria.,child_id|configuration_id|procedure_id|procedure_revision|observed_value_or_state|acceptance_limit|result_PASS_or_FAIL|evidence_uri|executor|timestamp|reviewer|decision,P0.2 TEMPLATE ISSUED - INTEGRATION AND EXECUTION REQUIRED,ONE NORMATIVE CLAUSE - INDEPENDENT ACCEPTANCE REQUIRED,draft,NOT EXECUTED,SELECTION REQUIRED,SELECTION REQUIRED,NOT APPROVED,"PRELIMINARY - NOT APPROVED FOR FABRICATION, CONNECTION, MOTION, OR ENERGIZATION"
MECH-004-A20,MECH-004,20,mechanical,The HR-V0 bench-interface installation shall carry controlled inspection marks.,MUST,INSPECT-MECH-011,Completed bench-survey CSV calculation package controlled anchor drawing installation record raw proof trace photographs calibration records facility acceptance nonconformance disposition and signed qualified mechanical review,Survey identity substrate construction thickness access edge distances permissions hardware calculations installation torque marks proof load duration slip deflection damage and post-proof condition all satisfy the separately released values for the same bench and repository configuration,PASS only if executed INSPECT-MECH-011 configuration-bound evidence demonstrates: The HR-V0 bench-interface installation shall carry controlled inspection marks.,child_id|configuration_id|procedure_id|procedure_revision|observed_value_or_state|acceptance_limit|result_PASS_or_FAIL|evidence_uri|executor|timestamp|reviewer|decision,P0.2 TEMPLATE ISSUED - INTEGRATION AND EXECUTION REQUIRED,ONE NORMATIVE CLAUSE - INDEPENDENT ACCEPTANCE REQUIRED,draft,NOT EXECUTED,SELECTION REQUIRED,SELECTION REQUIRED,NOT APPROVED,"PRELIMINARY - NOT APPROVED FOR FABRICATION, CONNECTION, MOTION, OR ENERGIZATION"
MECH-004-A21,MECH-004,21,mechanical,The HR-V0 bench interface shall have a qualified mechanical disposition before release.,MUST,INSPECT-MECH-011,Completed bench-survey CSV calculation package controlled anchor drawing installation record raw proof trace photographs calibration records facility acceptance nonconformance disposition and signed qualified mechanical review,Survey identity substrate construction thickness access edge distances permissions hardware calculations installation torque marks proof load duration slip deflection damage and post-proof condition all satisfy the separately released values for the same bench and repository configuration,PASS only if executed INSPECT-MECH-011 configuration-bound evidence demonstrates: The HR-V0 bench interface shall have a qualified mechanical disposition before release.,child_id|configuration_id|procedure_id|procedure_revision|observed_value_or_state|acceptance_limit|result_PASS_or_FAIL|evidence_uri|executor|timestamp|reviewer|decision,P0.2 TEMPLATE ISSUED - INTEGRATION AND EXECUTION REQUIRED,ONE NORMATIVE CLAUSE - INDEPENDENT ACCEPTANCE REQUIRED,draft,NOT EXECUTED,SELECTION REQUIRED,SELECTION REQUIRED,NOT APPROVED,"PRELIMINARY - NOT APPROVED FOR FABRICATION, CONNECTION, MOTION, OR ENERGIZATION"
MECH-004-A22,MECH-004,22,mechanical,Absent or changed MECH-004 site evidence shall inhibit assembly acceptance.,MUST,INSPECT-MECH-011,Completed bench-survey CSV calculation package controlled anchor drawing installation record raw proof trace photographs calibration records facility acceptance nonconformance disposition and signed qualified mechanical review,Survey identity substrate construction thickness access edge distances permissions hardware calculations installation torque marks proof load duration slip deflection damage and post-proof condition all satisfy the separately released values for the same bench and repository configuration,PASS only if executed INSPECT-MECH-011 configuration-bound evidence demonstrates: Absent or changed MECH-004 site evidence shall inhibit assembly acceptance.,child_id|configuration_id|procedure_id|procedure_revision|observed_value_or_state|acceptance_limit|result_PASS_or_FAIL|evidence_uri|executor|timestamp|reviewer|decision,P0.2 TEMPLATE ISSUED - INTEGRATION AND EXECUTION REQUIRED,ONE NORMATIVE CLAUSE - INDEPENDENT ACCEPTANCE REQUIRED,draft,NOT EXECUTED,SELECTION REQUIRED,SELECTION REQUIRED,NOT APPROVED,"PRELIMINARY - NOT APPROVED FOR FABRICATION, CONNECTION, MOTION, OR ENERGIZATION"
MECH-004-A23,MECH-004,23,mechanical,Absent or changed MECH-004 site evidence shall inhibit energization acceptance.,MUST,INSPECT-MECH-011,Completed bench-survey CSV calculation package controlled anchor drawing installation record raw proof trace photographs calibration records facility acceptance nonconformance disposition and signed qualified mechanical review,Survey identity substrate construction thickness access edge distances permissions hardware calculations installation torque marks proof load duration slip deflection damage and post-proof condition all satisfy the separately released values for the same bench and repository configuration,PASS only if executed INSPECT-MECH-011 configuration-bound evidence demonstrates: Absent or changed MECH-004 site evidence shall inhibit energization acceptance.,child_id|configuration_id|procedure_id|procedure_revision|observed_value_or_state|acceptance_limit|result_PASS_or_FAIL|evidence_uri|executor|timestamp|reviewer|decision,P0.2 TEMPLATE ISSUED - INTEGRATION AND EXECUTION REQUIRED,ONE NORMATIVE CLAUSE - INDEPENDENT ACCEPTANCE REQUIRED,draft,NOT EXECUTED,SELECTION REQUIRED,SELECTION REQUIRED,NOT APPROVED,"PRELIMINARY - NOT APPROVED FOR FABRICATION, CONNECTION, MOTION, OR ENERGIZATION"
MECH-005-A01,MECH-005,1,mechanical,The HR-V0 arm architecture shall use exact manufacturer-coordinate actuator geometry.,MUST,AUDIT-MECH-012,Native CAD source generated STEP web-readable orientation views transform/interference report calculations tolerance and fastener schedules checker output completed closure CSV and signed qualified mechanical disposition,The independent rebuild reproduces every transform; J1 and J2 axes satisfy the separately released orientation/parallelism limits; link and gripper datums collision access cable load path fasteners and tolerances are explicit; no superseded geometry remains active,PASS only if executed AUDIT-MECH-012 configuration-bound evidence demonstrates: The HR-V0 arm architecture shall use exact manufacturer-coordinate actuator geometry.,child_id|configuration_id|procedure_id|procedure_revision|observed_value_or_state|acceptance_limit|result_PASS_or_FAIL|evidence_uri|executor|timestamp|reviewer|decision,P0.2 TEMPLATE ISSUED - INTEGRATION AND EXECUTION REQUIRED,ONE NORMATIVE CLAUSE - INDEPENDENT ACCEPTANCE REQUIRED,draft,NOT EXECUTED,SELECTION REQUIRED,SELECTION REQUIRED,NOT APPROVED,"PRELIMINARY - NOT APPROVED FOR FABRICATION, CONNECTION, MOTION, OR ENERGIZATION"
MECH-005-A02,MECH-005,2,mechanical,The HR-V0 arm architecture shall use exact manufacturer-coordinate frame geometry.,MUST,AUDIT-MECH-012,Native CAD source generated STEP web-readable orientation views transform/interference report calculations tolerance and fastener schedules checker output completed closure CSV and signed qualified mechanical disposition,The independent rebuild reproduces every transform; J1 and J2 axes satisfy the separately released orientation/parallelism limits; link and gripper datums collision access cable load path fasteners and tolerances are explicit; no superseded geometry remains active,PASS only if executed AUDIT-MECH-012 configuration-bound evidence demonstrates: The HR-V0 arm architecture shall use exact manufacturer-coordinate frame geometry.,child_id|configuration_id|procedure_id|procedure_revision|observed_value_or_state|acceptance_limit|result_PASS_or_FAIL|evidence_uri|executor|timestamp|reviewer|decision,P0.2 TEMPLATE ISSUED - INTEGRATION AND EXECUTION REQUIRED,ONE NORMATIVE CLAUSE - INDEPENDENT ACCEPTANCE REQUIRED,draft,NOT EXECUTED,SELECTION REQUIRED,SELECTION REQUIRED,NOT APPROVED,"PRELIMINARY - NOT APPROVED FOR FABRICATION, CONNECTION, MOTION, OR ENERGIZATION"
MECH-005-A03,MECH-005,3,mechanical,The HR-V0 arm architecture shall define every controlled body frame.,MUST,AUDIT-MECH-012,Native CAD source generated STEP web-readable orientation views transform/interference report calculations tolerance and fastener schedules checker output completed closure CSV and signed qualified mechanical disposition,The independent rebuild reproduces every transform; J1 and J2 axes satisfy the separately released orientation/parallelism limits; link and gripper datums collision access cable load path fasteners and tolerances are explicit; no superseded geometry remains active,PASS only if executed AUDIT-MECH-012 configuration-bound evidence demonstrates: The HR-V0 arm architecture shall define every controlled body frame.,child_id|configuration_id|procedure_id|procedure_revision|observed_value_or_state|acceptance_limit|result_PASS_or_FAIL|evidence_uri|executor|timestamp|reviewer|decision,P0.2 TEMPLATE ISSUED - INTEGRATION AND EXECUTION REQUIRED,ONE NORMATIVE CLAUSE - INDEPENDENT ACCEPTANCE REQUIRED,draft,NOT EXECUTED,SELECTION REQUIRED,SELECTION REQUIRED,NOT APPROVED,"PRELIMINARY - NOT APPROVED FOR FABRICATION, CONNECTION, MOTION, OR ENERGIZATION"
MECH-005-A04,MECH-005,4,mechanical,The HR-V0 arm architecture shall define every controlled output frame.,MUST,AUDIT-MECH-012,Native CAD source generated STEP web-readable orientation views transform/interference report calculations tolerance and fastener schedules checker output completed closure CSV and signed qualified mechanical disposition,The independent rebuild reproduces every transform; J1 and J2 axes satisfy the separately released orientation/parallelism limits; link and gripper datums collision access cable load path fasteners and tolerances are explicit; no superseded geometry remains active,PASS only if executed AUDIT-MECH-012 configuration-bound evidence demonstrates: The HR-V0 arm architecture shall define every controlled output frame.,child_id|configuration_id|procedure_id|procedure_revision|observed_value_or_state|acceptance_limit|result_PASS_or_FAIL|evidence_uri|executor|timestamp|reviewer|decision,P0.2 TEMPLATE ISSUED - INTEGRATION AND EXECUTION REQUIRED,ONE NORMATIVE CLAUSE - INDEPENDENT ACCEPTANCE REQUIRED,draft,NOT EXECUTED,SELECTION REQUIRED,SELECTION REQUIRED,NOT APPROVED,"PRELIMINARY - NOT APPROVED FOR FABRICATION, CONNECTION, MOTION, OR ENERGIZATION"
MECH-005-A05,MECH-005,5,mechanical,The HR-V0 arm architecture shall define every controlled link transform.,MUST,AUDIT-MECH-012,Native CAD source generated STEP web-readable orientation views transform/interference report calculations tolerance and fastener schedules checker output completed closure CSV and signed qualified mechanical disposition,The independent rebuild reproduces every transform; J1 and J2 axes satisfy the separately released orientation/parallelism limits; link and gripper datums collision access cable load path fasteners and tolerances are explicit; no superseded geometry remains active,PASS only if executed AUDIT-MECH-012 configuration-bound evidence demonstrates: The HR-V0 arm architecture shall define every controlled link transform.,child_id|configuration_id|procedure_id|procedure_revision|observed_value_or_state|acceptance_limit|result_PASS_or_FAIL|evidence_uri|executor|timestamp|reviewer|decision,P0.2 TEMPLATE ISSUED - INTEGRATION AND EXECUTION REQUIRED,ONE NORMATIVE CLAUSE - INDEPENDENT ACCEPTANCE REQUIRED,draft,NOT EXECUTED,SELECTION REQUIRED,SELECTION REQUIRED,NOT APPROVED,"PRELIMINARY - NOT APPROVED FOR FABRICATION, CONNECTION, MOTION, OR ENERGIZATION"
MECH-005-A06,MECH-005,6,mechanical,The HR-V0 arm architecture shall define every controlled gripper transform.,MUST,AUDIT-MECH-012,Native CAD source generated STEP web-readable orientation views transform/interference report calculations tolerance and fastener schedules checker output completed closure CSV and signed qualified mechanical disposition,The independent rebuild reproduces every transform; J1 and J2 axes satisfy the separately released orientation/parallelism limits; link and gripper datums collision access cable load path fasteners and tolerances are explicit; no superseded geometry remains active,PASS only if executed AUDIT-MECH-012 configuration-bound evidence demonstrates: The HR-V0 arm architecture shall define every controlled gripper transform.,child_id|configuration_id|procedure_id|procedure_revision|observed_value_or_state|acceptance_limit|result_PASS_or_FAIL|evidence_uri|executor|timestamp|reviewer|decision,P0.2 TEMPLATE ISSUED - INTEGRATION AND EXECUTION REQUIRED,ONE NORMATIVE CLAUSE - INDEPENDENT ACCEPTANCE REQUIRED,draft,NOT EXECUTED,SELECTION REQUIRED,SELECTION REQUIRED,NOT APPROVED,"PRELIMINARY - NOT APPROVED FOR FABRICATION, CONNECTION, MOTION, OR ENERGIZATION"
MECH-005-A07,MECH-005,7,mechanical,The released native arm assembly shall prove J1 axis orientation.,MUST,AUDIT-MECH-012,Native CAD source generated STEP web-readable orientation views transform/interference report calculations tolerance and fastener schedules checker output completed closure CSV and signed qualified mechanical disposition,The independent rebuild reproduces every transform; J1 and J2 axes satisfy the separately released orientation/parallelism limits; link and gripper datums collision access cable load path fasteners and tolerances are explicit; no superseded geometry remains active,PASS only if executed AUDIT-MECH-012 configuration-bound evidence demonstrates: The released native arm assembly shall prove J1 axis orientation.,child_id|configuration_id|procedure_id|procedure_revision|observed_value_or_state|acceptance_limit|result_PASS_or_FAIL|evidence_uri|executor|timestamp|reviewer|decision,P0.2 TEMPLATE ISSUED - INTEGRATION AND EXECUTION REQUIRED,ONE NORMATIVE CLAUSE - INDEPENDENT ACCEPTANCE REQUIRED,draft,NOT EXECUTED,SELECTION REQUIRED,SELECTION REQUIRED,NOT APPROVED,"PRELIMINARY - NOT APPROVED FOR FABRICATION, CONNECTION, MOTION, OR ENERGIZATION"
MECH-005-A08,MECH-005,8,mechanical,The released native arm assembly shall prove J2 axis orientation.,MUST,AUDIT-MECH-012,Native CAD source generated STEP web-readable orientation views transform/interference report calculations tolerance and fastener schedules checker output completed closure CSV and signed qualified mechanical disposition,The independent rebuild reproduces every transform; J1 and J2 axes satisfy the separately released orientation/parallelism limits; link and gripper datums collision access cable load path fasteners and tolerances are explicit; no superseded geometry remains active,PASS only if executed AUDIT-MECH-012 configuration-bound evidence demonstrates: The released native arm assembly shall prove J2 axis orientation.,child_id|configuration_id|procedure_id|procedure_revision|observed_value_or_state|acceptance_limit|result_PASS_or_FAIL|evidence_uri|executor|timestamp|reviewer|decision,P0.2 TEMPLATE ISSUED - INTEGRATION AND EXECUTION REQUIRED,ONE NORMATIVE CLAUSE - INDEPENDENT ACCEPTANCE REQUIRED,draft,NOT EXECUTED,SELECTION REQUIRED,SELECTION REQUIRED,NOT APPROVED,"PRELIMINARY - NOT APPROVED FOR FABRICATION, CONNECTION, MOTION, OR ENERGIZATION"
MECH-005-A09,MECH-005,9,mechanical,The released native arm assembly shall prove J1-to-J2 axis parallelism.,MUST,AUDIT-MECH-012,Native CAD source generated STEP web-readable orientation views transform/interference report calculations tolerance and fastener schedules checker output completed closure CSV and signed qualified mechanical disposition,The independent rebuild reproduces every transform; J1 and J2 axes satisfy the separately released orientation/parallelism limits; link and gripper datums collision access cable load path fasteners and tolerances are explicit; no superseded geometry remains active,PASS only if executed AUDIT-MECH-012 configuration-bound evidence demonstrates: The released native arm assembly shall prove J1-to-J2 axis parallelism.,child_id|configuration_id|procedure_id|procedure_revision|observed_value_or_state|acceptance_limit|result_PASS_or_FAIL|evidence_uri|executor|timestamp|reviewer|decision,P0.2 TEMPLATE ISSUED - INTEGRATION AND EXECUTION REQUIRED,ONE NORMATIVE CLAUSE - INDEPENDENT ACCEPTANCE REQUIRED,draft,NOT EXECUTED,SELECTION REQUIRED,SELECTION REQUIRED,NOT APPROVED,"PRELIMINARY - NOT APPROVED FOR FABRICATION, CONNECTION, MOTION, OR ENERGIZATION"
MECH-005-A10,MECH-005,10,mechanical,The released native arm assembly shall prove controlled link lengths.,MUST,AUDIT-MECH-012,Native CAD source generated STEP web-readable orientation views transform/interference report calculations tolerance and fastener schedules checker output completed closure CSV and signed qualified mechanical disposition,The independent rebuild reproduces every transform; J1 and J2 axes satisfy the separately released orientation/parallelism limits; link and gripper datums collision access cable load path fasteners and tolerances are explicit; no superseded geometry remains active,PASS only if executed AUDIT-MECH-012 configuration-bound evidence demonstrates: The released native arm assembly shall prove controlled link lengths.,child_id|configuration_id|procedure_id|procedure_revision|observed_value_or_state|acceptance_limit|result_PASS_or_FAIL|evidence_uri|executor|timestamp|reviewer|decision,P0.2 TEMPLATE ISSUED - INTEGRATION AND EXECUTION REQUIRED,ONE NORMATIVE CLAUSE - INDEPENDENT ACCEPTANCE REQUIRED,draft,NOT EXECUTED,SELECTION REQUIRED,SELECTION REQUIRED,NOT APPROVED,"PRELIMINARY - NOT APPROVED FOR FABRICATION, CONNECTION, MOTION, OR ENERGIZATION"
MECH-005-A11,MECH-005,11,mechanical,The released native arm assembly shall prove collision clearance over the released range.,MUST,AUDIT-MECH-012,Native CAD source generated STEP web-readable orientation views transform/interference report calculations tolerance and fastener schedules checker output completed closure CSV and signed qualified mechanical disposition,The independent rebuild reproduces every transform; J1 and J2 axes satisfy the separately released orientation/parallelism limits; link and gripper datums collision access cable load path fasteners and tolerances are explicit; no superseded geometry remains active,PASS only if executed AUDIT-MECH-012 configuration-bound evidence demonstrates: The released native arm assembly shall prove collision clearance over the released range.,child_id|configuration_id|procedure_id|procedure_revision|observed_value_or_state|acceptance_limit|result_PASS_or_FAIL|evidence_uri|executor|timestamp|reviewer|decision,P0.2 TEMPLATE ISSUED - INTEGRATION AND EXECUTION REQUIRED,ONE NORMATIVE CLAUSE - INDEPENDENT ACCEPTANCE REQUIRED,draft,NOT EXECUTED,SELECTION REQUIRED,SELECTION REQUIRED,NOT APPROVED,"PRELIMINARY - NOT APPROVED FOR FABRICATION, CONNECTION, MOTION, OR ENERGIZATION"
MECH-005-A12,MECH-005,12,mechanical,The released native arm assembly shall prove required tool access.,MUST,AUDIT-MECH-012,Native CAD source generated STEP web-readable orientation views transform/interference report calculations tolerance and fastener schedules checker output completed closure CSV and signed qualified mechanical disposition,The independent rebuild reproduces every transform; J1 and J2 axes satisfy the separately released orientation/parallelism limits; link and gripper datums collision access cable load path fasteners and tolerances are explicit; no superseded geometry remains active,PASS only if executed AUDIT-MECH-012 configuration-bound evidence demonstrates: The released native arm assembly shall prove required tool access.,child_id|configuration_id|procedure_id|procedure_revision|observed_value_or_state|acceptance_limit|result_PASS_or_FAIL|evidence_uri|executor|timestamp|reviewer|decision,P0.2 TEMPLATE ISSUED - INTEGRATION AND EXECUTION REQUIRED,ONE NORMATIVE CLAUSE - INDEPENDENT ACCEPTANCE REQUIRED,draft,NOT EXECUTED,SELECTION REQUIRED,SELECTION REQUIRED,NOT APPROVED,"PRELIMINARY - NOT APPROVED FOR FABRICATION, CONNECTION, MOTION, OR ENERGIZATION"
MECH-005-A13,MECH-005,13,mechanical,The released native arm assembly shall define every fastener stack.,MUST,AUDIT-MECH-012,Native CAD source generated STEP web-readable orientation views transform/interference report calculations tolerance and fastener schedules checker output completed closure CSV and signed qualified mechanical disposition,The independent rebuild reproduces every transform; J1 and J2 axes satisfy the separately released orientation/parallelism limits; link and gripper datums collision access cable load path fasteners and tolerances are explicit; no superseded geometry remains active,PASS only if executed AUDIT-MECH-012 configuration-bound evidence demonstrates: The released native arm assembly shall define every fastener stack.,child_id|configuration_id|procedure_id|procedure_revision|observed_value_or_state|acceptance_limit|result_PASS_or_FAIL|evidence_uri|executor|timestamp|reviewer|decision,P0.2 TEMPLATE ISSUED - INTEGRATION AND EXECUTION REQUIRED,ONE NORMATIVE CLAUSE - INDEPENDENT ACCEPTANCE REQUIRED,draft,NOT EXECUTED,SELECTION REQUIRED,SELECTION REQUIRED,NOT APPROVED,"PRELIMINARY - NOT APPROVED FOR FABRICATION, CONNECTION, MOTION, OR ENERGIZATION"
MECH-005-A14,MECH-005,14,mechanical,The released native arm assembly shall prove required cable space.,MUST,AUDIT-MECH-012,Native CAD source generated STEP web-readable orientation views transform/interference report calculations tolerance and fastener schedules checker output completed closure CSV and signed qualified mechanical disposition,The independent rebuild reproduces every transform; J1 and J2 axes satisfy the separately released orientation/parallelism limits; link and gripper datums collision access cable load path fasteners and tolerances are explicit; no superseded geometry remains active,PASS only if executed AUDIT-MECH-012 configuration-bound evidence demonstrates: The released native arm assembly shall prove required cable space.,child_id|configuration_id|procedure_id|procedure_revision|observed_value_or_state|acceptance_limit|result_PASS_or_FAIL|evidence_uri|executor|timestamp|reviewer|decision,P0.2 TEMPLATE ISSUED - INTEGRATION AND EXECUTION REQUIRED,ONE NORMATIVE CLAUSE - INDEPENDENT ACCEPTANCE REQUIRED,draft,NOT EXECUTED,SELECTION REQUIRED,SELECTION REQUIRED,NOT APPROVED,"PRELIMINARY - NOT APPROVED FOR FABRICATION, CONNECTION, MOTION, OR ENERGIZATION"
MECH-005-A15,MECH-005,15,mechanical,The released native arm assembly shall define the structural load path.,MUST,AUDIT-MECH-012,Native CAD source generated STEP web-readable orientation views transform/interference report calculations tolerance and fastener schedules checker output completed closure CSV and signed qualified mechanical disposition,The independent rebuild reproduces every transform; J1 and J2 axes satisfy the separately released orientation/parallelism limits; link and gripper datums collision access cable load path fasteners and tolerances are explicit; no superseded geometry remains active,PASS only if executed AUDIT-MECH-012 configuration-bound evidence demonstrates: The released native arm assembly shall define the structural load path.,child_id|configuration_id|procedure_id|procedure_revision|observed_value_or_state|acceptance_limit|result_PASS_or_FAIL|evidence_uri|executor|timestamp|reviewer|decision,P0.2 TEMPLATE ISSUED - INTEGRATION AND EXECUTION REQUIRED,ONE NORMATIVE CLAUSE - INDEPENDENT ACCEPTANCE REQUIRED,draft,NOT EXECUTED,SELECTION REQUIRED,SELECTION REQUIRED,NOT APPROVED,"PRELIMINARY - NOT APPROVED FOR FABRICATION, CONNECTION, MOTION, OR ENERGIZATION"
MECH-005-A16,MECH-005,16,mechanical,The released native arm assembly shall close the released tolerance stack.,MUST,AUDIT-MECH-012,Native CAD source generated STEP web-readable orientation views transform/interference report calculations tolerance and fastener schedules checker output completed closure CSV and signed qualified mechanical disposition,The independent rebuild reproduces every transform; J1 and J2 axes satisfy the separately released orientation/parallelism limits; link and gripper datums collision access cable load path fasteners and tolerances are explicit; no superseded geometry remains active,PASS only if executed AUDIT-MECH-012 configuration-bound evidence demonstrates: The released native arm assembly shall close the released tolerance stack.,child_id|configuration_id|procedure_id|procedure_revision|observed_value_or_state|acceptance_limit|result_PASS_or_FAIL|evidence_uri|executor|timestamp|reviewer|decision,P0.2 TEMPLATE ISSUED - INTEGRATION AND EXECUTION REQUIRED,ONE NORMATIVE CLAUSE - INDEPENDENT ACCEPTANCE REQUIRED,draft,NOT EXECUTED,SELECTION REQUIRED,SELECTION REQUIRED,NOT APPROVED,"PRELIMINARY - NOT APPROVED FOR FABRICATION, CONNECTION, MOTION, OR ENERGIZATION"
MECH-005-A17,MECH-005,17,mechanical,Any superseded MECH-005 transform shall inhibit quotation.,MUST,AUDIT-MECH-012,Native CAD source generated STEP web-readable orientation views transform/interference report calculations tolerance and fastener schedules checker output completed closure CSV and signed qualified mechanical disposition,The independent rebuild reproduces every transform; J1 and J2 axes satisfy the separately released orientation/parallelism limits; link and gripper datums collision access cable load path fasteners and tolerances are explicit; no superseded geometry remains active,PASS only if executed AUDIT-MECH-012 configuration-bound evidence demonstrates: Any superseded MECH-005 transform shall inhibit quotation.,child_id|configuration_id|procedure_id|procedure_revision|observed_value_or_state|acceptance_limit|result_PASS_or_FAIL|evidence_uri|executor|timestamp|reviewer|decision,P0.2 TEMPLATE ISSUED - INTEGRATION AND EXECUTION REQUIRED,ONE NORMATIVE CLAUSE - INDEPENDENT ACCEPTANCE REQUIRED,draft,NOT EXECUTED,SELECTION REQUIRED,SELECTION REQUIRED,NOT APPROVED,"PRELIMINARY - NOT APPROVED FOR FABRICATION, CONNECTION, MOTION, OR ENERGIZATION"
MECH-005-A18,MECH-005,18,mechanical,Any unresolved MECH-005 transform shall inhibit quotation.,MUST,AUDIT-MECH-012,Native CAD source generated STEP web-readable orientation views transform/interference report calculations tolerance and fastener schedules checker output completed closure CSV and signed qualified mechanical disposition,The independent rebuild reproduces every transform; J1 and J2 axes satisfy the separately released orientation/parallelism limits; link and gripper datums collision access cable load path fasteners and tolerances are explicit; no superseded geometry remains active,PASS only if executed AUDIT-MECH-012 configuration-bound evidence demonstrates: Any unresolved MECH-005 transform shall inhibit quotation.,child_id|configuration_id|procedure_id|procedure_revision|observed_value_or_state|acceptance_limit|result_PASS_or_FAIL|evidence_uri|executor|timestamp|reviewer|decision,P0.2 TEMPLATE ISSUED - INTEGRATION AND EXECUTION REQUIRED,ONE NORMATIVE CLAUSE - INDEPENDENT ACCEPTANCE REQUIRED,draft,NOT EXECUTED,SELECTION REQUIRED,SELECTION REQUIRED,NOT APPROVED,"PRELIMINARY - NOT APPROVED FOR FABRICATION, CONNECTION, MOTION, OR ENERGIZATION"
MECH-005-A19,MECH-005,19,mechanical,Any superseded MECH-005 transform shall inhibit fabrication.,MUST,AUDIT-MECH-012,Native CAD source generated STEP web-readable orientation views transform/interference report calculations tolerance and fastener schedules checker output completed closure CSV and signed qualified mechanical disposition,The independent rebuild reproduces every transform; J1 and J2 axes satisfy the separately released orientation/parallelism limits; link and gripper datums collision access cable load path fasteners and tolerances are explicit; no superseded geometry remains active,PASS only if executed AUDIT-MECH-012 configuration-bound evidence demonstrates: Any superseded MECH-005 transform shall inhibit fabrication.,child_id|configuration_id|procedure_id|procedure_revision|observed_value_or_state|acceptance_limit|result_PASS_or_FAIL|evidence_uri|executor|timestamp|reviewer|decision,P0.2 TEMPLATE ISSUED - INTEGRATION AND EXECUTION REQUIRED,ONE NORMATIVE CLAUSE - INDEPENDENT ACCEPTANCE REQUIRED,draft,NOT EXECUTED,SELECTION REQUIRED,SELECTION REQUIRED,NOT APPROVED,"PRELIMINARY - NOT APPROVED FOR FABRICATION, CONNECTION, MOTION, OR ENERGIZATION"
MECH-005-A20,MECH-005,20,mechanical,Any superseded MECH-005 transform shall inhibit assembly.,MUST,AUDIT-MECH-012,Native CAD source generated STEP web-readable orientation views transform/interference report calculations tolerance and fastener schedules checker output completed closure CSV and signed qualified mechanical disposition,The independent rebuild reproduces every transform; J1 and J2 axes satisfy the separately released orientation/parallelism limits; link and gripper datums collision access cable load path fasteners and tolerances are explicit; no superseded geometry remains active,PASS only if executed AUDIT-MECH-012 configuration-bound evidence demonstrates: Any superseded MECH-005 transform shall inhibit assembly.,child_id|configuration_id|procedure_id|procedure_revision|observed_value_or_state|acceptance_limit|result_PASS_or_FAIL|evidence_uri|executor|timestamp|reviewer|decision,P0.2 TEMPLATE ISSUED - INTEGRATION AND EXECUTION REQUIRED,ONE NORMATIVE CLAUSE - INDEPENDENT ACCEPTANCE REQUIRED,draft,NOT EXECUTED,SELECTION REQUIRED,SELECTION REQUIRED,NOT APPROVED,"PRELIMINARY - NOT APPROVED FOR FABRICATION, CONNECTION, MOTION, OR ENERGIZATION"
MECH-005-A21,MECH-005,21,mechanical,Any superseded MECH-005 transform shall inhibit energization.,MUST,AUDIT-MECH-012,Native CAD source generated STEP web-readable orientation views transform/interference report calculations tolerance and fastener schedules checker output completed closure CSV and signed qualified mechanical disposition,The independent rebuild reproduces every transform; J1 and J2 axes satisfy the separately released orientation/parallelism limits; link and gripper datums collision access cable load path fasteners and tolerances are explicit; no superseded geometry remains active,PASS only if executed AUDIT-MECH-012 configuration-bound evidence demonstrates: Any superseded MECH-005 transform shall inhibit energization.,child_id|configuration_id|procedure_id|procedure_revision|observed_value_or_state|acceptance_limit|result_PASS_or_FAIL|evidence_uri|executor|timestamp|reviewer|decision,P0.2 TEMPLATE ISSUED - INTEGRATION AND EXECUTION REQUIRED,ONE NORMATIVE CLAUSE - INDEPENDENT ACCEPTANCE REQUIRED,draft,NOT EXECUTED,SELECTION REQUIRED,SELECTION REQUIRED,NOT APPROVED,"PRELIMINARY - NOT APPROVED FOR FABRICATION, CONNECTION, MOTION, OR ENERGIZATION"
MECH-005-A22,MECH-005,22,mechanical,Any unresolved MECH-005 transform shall inhibit fabrication.,MUST,AUDIT-MECH-012,Native CAD source generated STEP web-readable orientation views transform/interference report calculations tolerance and fastener schedules checker output completed closure CSV and signed qualified mechanical disposition,The independent rebuild reproduces every transform; J1 and J2 axes satisfy the separately released orientation/parallelism limits; link and gripper datums collision access cable load path fasteners and tolerances are explicit; no superseded geometry remains active,PASS only if executed AUDIT-MECH-012 configuration-bound evidence demonstrates: Any unresolved MECH-005 transform shall inhibit fabrication.,child_id|configuration_id|procedure_id|procedure_revision|observed_value_or_state|acceptance_limit|result_PASS_or_FAIL|evidence_uri|executor|timestamp|reviewer|decision,P0.2 TEMPLATE ISSUED - INTEGRATION AND EXECUTION REQUIRED,ONE NORMATIVE CLAUSE - INDEPENDENT ACCEPTANCE REQUIRED,draft,NOT EXECUTED,SELECTION REQUIRED,SELECTION REQUIRED,NOT APPROVED,"PRELIMINARY - NOT APPROVED FOR FABRICATION, CONNECTION, MOTION, OR ENERGIZATION"
MECH-005-A23,MECH-005,23,mechanical,Any unresolved MECH-005 transform shall inhibit assembly.,MUST,AUDIT-MECH-012,Native CAD source generated STEP web-readable orientation views transform/interference report calculations tolerance and fastener schedules checker output completed closure CSV and signed qualified mechanical disposition,The independent rebuild reproduces every transform; J1 and J2 axes satisfy the separately released orientation/parallelism limits; link and gripper datums collision access cable load path fasteners and tolerances are explicit; no superseded geometry remains active,PASS only if executed AUDIT-MECH-012 configuration-bound evidence demonstrates: Any unresolved MECH-005 transform shall inhibit assembly.,child_id|configuration_id|procedure_id|procedure_revision|observed_value_or_state|acceptance_limit|result_PASS_or_FAIL|evidence_uri|executor|timestamp|reviewer|decision,P0.2 TEMPLATE ISSUED - INTEGRATION AND EXECUTION REQUIRED,ONE NORMATIVE CLAUSE - INDEPENDENT ACCEPTANCE REQUIRED,draft,NOT EXECUTED,SELECTION REQUIRED,SELECTION REQUIRED,NOT APPROVED,"PRELIMINARY - NOT APPROVED FOR FABRICATION, CONNECTION, MOTION, OR ENERGIZATION"
MECH-005-A24,MECH-005,24,mechanical,Any unresolved MECH-005 transform shall inhibit energization.,MUST,AUDIT-MECH-012,Native CAD source generated STEP web-readable orientation views transform/interference report calculations tolerance and fastener schedules checker output completed closure CSV and signed qualified mechanical disposition,The independent rebuild reproduces every transform; J1 and J2 axes satisfy the separately released orientation/parallelism limits; link and gripper datums collision access cable load path fasteners and tolerances are explicit; no superseded geometry remains active,PASS only if executed AUDIT-MECH-012 configuration-bound evidence demonstrates: Any unresolved MECH-005 transform shall inhibit energization.,child_id|configuration_id|procedure_id|procedure_revision|observed_value_or_state|acceptance_limit|result_PASS_or_FAIL|evidence_uri|executor|timestamp|reviewer|decision,P0.2 TEMPLATE ISSUED - INTEGRATION AND EXECUTION REQUIRED,ONE NORMATIVE CLAUSE - INDEPENDENT ACCEPTANCE REQUIRED,draft,NOT EXECUTED,SELECTION REQUIRED,SELECTION REQUIRED,NOT APPROVED,"PRELIMINARY - NOT APPROVED FOR FABRICATION, CONNECTION, MOTION, OR ENERGIZATION"
MECH-006-A01,MECH-006,1,mechanical,The released HR-V0 J2 commanded limit shall remain below the first validated self-collision angle.,MUST,INSPECT-MECH-013,Completed J2 limit-stop template raw logs video photographs uncertainty calculation collision-model reconciliation nonconformance dispositions and signed qualified mechanical and functional-safety review,For every permitted direction speed payload temperature supply and fault case the worst measured stopping overtravel is at most 3.000000 degrees and backlash plus compliance plus build tolerance plus calibration error plus measurement uncertainty plus every other accepted physical term is at most 2.643289 degrees; restoration reset or ARM cannot bypass the released limit or resume an old target,PASS only if executed INSPECT-MECH-013 configuration-bound evidence demonstrates: The released HR-V0 J2 commanded limit shall remain below the first validated self-collision angle.,child_id|configuration_id|procedure_id|procedure_revision|observed_value_or_state|acceptance_limit|result_PASS_or_FAIL|evidence_uri|executor|timestamp|reviewer|decision,P0.2 TEMPLATE ISSUED - INTEGRATION AND EXECUTION REQUIRED,ONE NORMATIVE CLAUSE - INDEPENDENT ACCEPTANCE REQUIRED,draft,NOT EXECUTED,SELECTION REQUIRED,SELECTION REQUIRED,NOT APPROVED,"PRELIMINARY - NOT APPROVED FOR FABRICATION, CONNECTION, MOTION, OR ENERGIZATION"
MECH-006-A02,MECH-006,2,mechanical,The independent J2 mechanical hard stop shall remain below the first validated self-collision angle.,MUST,INSPECT-MECH-013,Completed J2 limit-stop template raw logs video photographs uncertainty calculation collision-model reconciliation nonconformance dispositions and signed qualified mechanical and functional-safety review,For every permitted direction speed payload temperature supply and fault case the worst measured stopping overtravel is at most 3.000000 degrees and backlash plus compliance plus build tolerance plus calibration error plus measurement uncertainty plus every other accepted physical term is at most 2.643289 degrees; restoration reset or ARM cannot bypass the released limit or resume an old target,PASS only if executed INSPECT-MECH-013 configuration-bound evidence demonstrates: The independent J2 mechanical hard stop shall remain below the first validated self-collision angle.,child_id|configuration_id|procedure_id|procedure_revision|observed_value_or_state|acceptance_limit|result_PASS_or_FAIL|evidence_uri|executor|timestamp|reviewer|decision,P0.2 TEMPLATE ISSUED - INTEGRATION AND EXECUTION REQUIRED,ONE NORMATIVE CLAUSE - INDEPENDENT ACCEPTANCE REQUIRED,draft,NOT EXECUTED,SELECTION REQUIRED,SELECTION REQUIRED,NOT APPROVED,"PRELIMINARY - NOT APPROVED FOR FABRICATION, CONNECTION, MOTION, OR ENERGIZATION"
MECH-006-A03,MECH-006,3,mechanical,The documented J2 collision margin shall exceed worst-case control-delay travel.,MUST,INSPECT-MECH-013,Completed J2 limit-stop template raw logs video photographs uncertainty calculation collision-model reconciliation nonconformance dispositions and signed qualified mechanical and functional-safety review,For every permitted direction speed payload temperature supply and fault case the worst measured stopping overtravel is at most 3.000000 degrees and backlash plus compliance plus build tolerance plus calibration error plus measurement uncertainty plus every other accepted physical term is at most 2.643289 degrees; restoration reset or ARM cannot bypass the released limit or resume an old target,PASS only if executed INSPECT-MECH-013 configuration-bound evidence demonstrates: The documented J2 collision margin shall exceed worst-case control-delay travel.,child_id|configuration_id|procedure_id|procedure_revision|observed_value_or_state|acceptance_limit|result_PASS_or_FAIL|evidence_uri|executor|timestamp|reviewer|decision,P0.2 TEMPLATE ISSUED - INTEGRATION AND EXECUTION REQUIRED,ONE NORMATIVE CLAUSE - INDEPENDENT ACCEPTANCE REQUIRED,draft,NOT EXECUTED,SELECTION REQUIRED,SELECTION REQUIRED,NOT APPROVED,"PRELIMINARY - NOT APPROVED FOR FABRICATION, CONNECTION, MOTION, OR ENERGIZATION"
MECH-006-A04,MECH-006,4,mechanical,The documented J2 collision margin shall exceed worst-case stopping overtravel.,MUST,INSPECT-MECH-013,Completed J2 limit-stop template raw logs video photographs uncertainty calculation collision-model reconciliation nonconformance dispositions and signed qualified mechanical and functional-safety review,For every permitted direction speed payload temperature supply and fault case the worst measured stopping overtravel is at most 3.000000 degrees and backlash plus compliance plus build tolerance plus calibration error plus measurement uncertainty plus every other accepted physical term is at most 2.643289 degrees; restoration reset or ARM cannot bypass the released limit or resume an old target,PASS only if executed INSPECT-MECH-013 configuration-bound evidence demonstrates: The documented J2 collision margin shall exceed worst-case stopping overtravel.,child_id|configuration_id|procedure_id|procedure_revision|observed_value_or_state|acceptance_limit|result_PASS_or_FAIL|evidence_uri|executor|timestamp|reviewer|decision,P0.2 TEMPLATE ISSUED - INTEGRATION AND EXECUTION REQUIRED,ONE NORMATIVE CLAUSE - INDEPENDENT ACCEPTANCE REQUIRED,draft,NOT EXECUTED,SELECTION REQUIRED,SELECTION REQUIRED,NOT APPROVED,"PRELIMINARY - NOT APPROVED FOR FABRICATION, CONNECTION, MOTION, OR ENERGIZATION"
MECH-006-A05,MECH-006,5,mechanical,The documented J2 collision margin shall exceed worst-case backlash contribution.,MUST,INSPECT-MECH-013,Completed J2 limit-stop template raw logs video photographs uncertainty calculation collision-model reconciliation nonconformance dispositions and signed qualified mechanical and functional-safety review,For every permitted direction speed payload temperature supply and fault case the worst measured stopping overtravel is at most 3.000000 degrees and backlash plus compliance plus build tolerance plus calibration error plus measurement uncertainty plus every other accepted physical term is at most 2.643289 degrees; restoration reset or ARM cannot bypass the released limit or resume an old target,PASS only if executed INSPECT-MECH-013 configuration-bound evidence demonstrates: The documented J2 collision margin shall exceed worst-case backlash contribution.,child_id|configuration_id|procedure_id|procedure_revision|observed_value_or_state|acceptance_limit|result_PASS_or_FAIL|evidence_uri|executor|timestamp|reviewer|decision,P0.2 TEMPLATE ISSUED - INTEGRATION AND EXECUTION REQUIRED,ONE NORMATIVE CLAUSE - INDEPENDENT ACCEPTANCE REQUIRED,draft,NOT EXECUTED,SELECTION REQUIRED,SELECTION REQUIRED,NOT APPROVED,"PRELIMINARY - NOT APPROVED FOR FABRICATION, CONNECTION, MOTION, OR ENERGIZATION"
MECH-006-A06,MECH-006,6,mechanical,The documented J2 collision margin shall exceed worst-case compliance contribution.,MUST,INSPECT-MECH-013,Completed J2 limit-stop template raw logs video photographs uncertainty calculation collision-model reconciliation nonconformance dispositions and signed qualified mechanical and functional-safety review,For every permitted direction speed payload temperature supply and fault case the worst measured stopping overtravel is at most 3.000000 degrees and backlash plus compliance plus build tolerance plus calibration error plus measurement uncertainty plus every other accepted physical term is at most 2.643289 degrees; restoration reset or ARM cannot bypass the released limit or resume an old target,PASS only if executed INSPECT-MECH-013 configuration-bound evidence demonstrates: The documented J2 collision margin shall exceed worst-case compliance contribution.,child_id|configuration_id|procedure_id|procedure_revision|observed_value_or_state|acceptance_limit|result_PASS_or_FAIL|evidence_uri|executor|timestamp|reviewer|decision,P0.2 TEMPLATE ISSUED - INTEGRATION AND EXECUTION REQUIRED,ONE NORMATIVE CLAUSE - INDEPENDENT ACCEPTANCE REQUIRED,draft,NOT EXECUTED,SELECTION REQUIRED,SELECTION REQUIRED,NOT APPROVED,"PRELIMINARY - NOT APPROVED FOR FABRICATION, CONNECTION, MOTION, OR ENERGIZATION"
MECH-006-A07,MECH-006,7,mechanical,The documented J2 collision margin shall exceed worst-case build-tolerance contribution.,MUST,INSPECT-MECH-013,Completed J2 limit-stop template raw logs video photographs uncertainty calculation collision-model reconciliation nonconformance dispositions and signed qualified mechanical and functional-safety review,For every permitted direction speed payload temperature supply and fault case the worst measured stopping overtravel is at most 3.000000 degrees and backlash plus compliance plus build tolerance plus calibration error plus measurement uncertainty plus every other accepted physical term is at most 2.643289 degrees; restoration reset or ARM cannot bypass the released limit or resume an old target,PASS only if executed INSPECT-MECH-013 configuration-bound evidence demonstrates: The documented J2 collision margin shall exceed worst-case build-tolerance contribution.,child_id|configuration_id|procedure_id|procedure_revision|observed_value_or_state|acceptance_limit|result_PASS_or_FAIL|evidence_uri|executor|timestamp|reviewer|decision,P0.2 TEMPLATE ISSUED - INTEGRATION AND EXECUTION REQUIRED,ONE NORMATIVE CLAUSE - INDEPENDENT ACCEPTANCE REQUIRED,draft,NOT EXECUTED,SELECTION REQUIRED,SELECTION REQUIRED,NOT APPROVED,"PRELIMINARY - NOT APPROVED FOR FABRICATION, CONNECTION, MOTION, OR ENERGIZATION"
MECH-006-A08,MECH-006,8,mechanical,The documented J2 collision margin shall exceed worst-case measurement-uncertainty contribution.,MUST,INSPECT-MECH-013,Completed J2 limit-stop template raw logs video photographs uncertainty calculation collision-model reconciliation nonconformance dispositions and signed qualified mechanical and functional-safety review,For every permitted direction speed payload temperature supply and fault case the worst measured stopping overtravel is at most 3.000000 degrees and backlash plus compliance plus build tolerance plus calibration error plus measurement uncertainty plus every other accepted physical term is at most 2.643289 degrees; restoration reset or ARM cannot bypass the released limit or resume an old target,PASS only if executed INSPECT-MECH-013 configuration-bound evidence demonstrates: The documented J2 collision margin shall exceed worst-case measurement-uncertainty contribution.,child_id|configuration_id|procedure_id|procedure_revision|observed_value_or_state|acceptance_limit|result_PASS_or_FAIL|evidence_uri|executor|timestamp|reviewer|decision,P0.2 TEMPLATE ISSUED - INTEGRATION AND EXECUTION REQUIRED,ONE NORMATIVE CLAUSE - INDEPENDENT ACCEPTANCE REQUIRED,draft,NOT EXECUTED,SELECTION REQUIRED,SELECTION REQUIRED,NOT APPROVED,"PRELIMINARY - NOT APPROVED FOR FABRICATION, CONNECTION, MOTION, OR ENERGIZATION"
MECH-006-A09,MECH-006,9,mechanical,"The combined MECH-006 margin shall remain positive in every permitted payload, speed and fault case.",MUST,INSPECT-MECH-013,Completed J2 limit-stop template raw logs video photographs uncertainty calculation collision-model reconciliation nonconformance dispositions and signed qualified mechanical and functional-safety review,For every permitted direction speed payload temperature supply and fault case the worst measured stopping overtravel is at most 3.000000 degrees and backlash plus compliance plus build tolerance plus calibration error plus measurement uncertainty plus every other accepted physical term is at most 2.643289 degrees; restoration reset or ARM cannot bypass the released limit or resume an old target,"PASS only if executed INSPECT-MECH-013 configuration-bound evidence demonstrates: The combined MECH-006 margin shall remain positive in every permitted payload, speed and fault case.",child_id|configuration_id|procedure_id|procedure_revision|observed_value_or_state|acceptance_limit|result_PASS_or_FAIL|evidence_uri|executor|timestamp|reviewer|decision,P0.2 TEMPLATE ISSUED - INTEGRATION AND EXECUTION REQUIRED,ONE NORMATIVE CLAUSE - INDEPENDENT ACCEPTANCE REQUIRED,draft,NOT EXECUTED,SELECTION REQUIRED,SELECTION REQUIRED,NOT APPROVED,"PRELIMINARY - NOT APPROVED FOR FABRICATION, CONNECTION, MOTION, OR ENERGIZATION"
MECH-006-A10,MECH-006,10,mechanical,An unmeasured MECH-006 margin shall inhibit actuator connection.,MUST,INSPECT-MECH-013,Completed J2 limit-stop template raw logs video photographs uncertainty calculation collision-model reconciliation nonconformance dispositions and signed qualified mechanical and functional-safety review,For every permitted direction speed payload temperature supply and fault case the worst measured stopping overtravel is at most 3.000000 degrees and backlash plus compliance plus build tolerance plus calibration error plus measurement uncertainty plus every other accepted physical term is at most 2.643289 degrees; restoration reset or ARM cannot bypass the released limit or resume an old target,PASS only if executed INSPECT-MECH-013 configuration-bound evidence demonstrates: An unmeasured MECH-006 margin shall inhibit actuator connection.,child_id|configuration_id|procedure_id|procedure_revision|observed_value_or_state|acceptance_limit|result_PASS_or_FAIL|evidence_uri|executor|timestamp|reviewer|decision,P0.2 TEMPLATE ISSUED - INTEGRATION AND EXECUTION REQUIRED,ONE NORMATIVE CLAUSE - INDEPENDENT ACCEPTANCE REQUIRED,draft,NOT EXECUTED,SELECTION REQUIRED,SELECTION REQUIRED,NOT APPROVED,"PRELIMINARY - NOT APPROVED FOR FABRICATION, CONNECTION, MOTION, OR ENERGIZATION"
MECH-006-A11,MECH-006,11,mechanical,A nonpositive MECH-006 margin shall inhibit actuator connection.,MUST,INSPECT-MECH-013,Completed J2 limit-stop template raw logs video photographs uncertainty calculation collision-model reconciliation nonconformance dispositions and signed qualified mechanical and functional-safety review,For every permitted direction speed payload temperature supply and fault case the worst measured stopping overtravel is at most 3.000000 degrees and backlash plus compliance plus build tolerance plus calibration error plus measurement uncertainty plus every other accepted physical term is at most 2.643289 degrees; restoration reset or ARM cannot bypass the released limit or resume an old target,PASS only if executed INSPECT-MECH-013 configuration-bound evidence demonstrates: A nonpositive MECH-006 margin shall inhibit actuator connection.,child_id|configuration_id|procedure_id|procedure_revision|observed_value_or_state|acceptance_limit|result_PASS_or_FAIL|evidence_uri|executor|timestamp|reviewer|decision,P0.2 TEMPLATE ISSUED - INTEGRATION AND EXECUTION REQUIRED,ONE NORMATIVE CLAUSE - INDEPENDENT ACCEPTANCE REQUIRED,draft,NOT EXECUTED,SELECTION REQUIRED,SELECTION REQUIRED,NOT APPROVED,"PRELIMINARY - NOT APPROVED FOR FABRICATION, CONNECTION, MOTION, OR ENERGIZATION"
MECH-006-A12,MECH-006,12,mechanical,An unmeasured MECH-006 margin shall inhibit energization.,MUST,INSPECT-MECH-013,Completed J2 limit-stop template raw logs video photographs uncertainty calculation collision-model reconciliation nonconformance dispositions and signed qualified mechanical and functional-safety review,For every permitted direction speed payload temperature supply and fault case the worst measured stopping overtravel is at most 3.000000 degrees and backlash plus compliance plus build tolerance plus calibration error plus measurement uncertainty plus every other accepted physical term is at most 2.643289 degrees; restoration reset or ARM cannot bypass the released limit or resume an old target,PASS only if executed INSPECT-MECH-013 configuration-bound evidence demonstrates: An unmeasured MECH-006 margin shall inhibit energization.,child_id|configuration_id|procedure_id|procedure_revision|observed_value_or_state|acceptance_limit|result_PASS_or_FAIL|evidence_uri|executor|timestamp|reviewer|decision,P0.2 TEMPLATE ISSUED - INTEGRATION AND EXECUTION REQUIRED,ONE NORMATIVE CLAUSE - INDEPENDENT ACCEPTANCE REQUIRED,draft,NOT EXECUTED,SELECTION REQUIRED,SELECTION REQUIRED,NOT APPROVED,"PRELIMINARY - NOT APPROVED FOR FABRICATION, CONNECTION, MOTION, OR ENERGIZATION"
MECH-006-A13,MECH-006,13,mechanical,A nonpositive MECH-006 margin shall inhibit energization.,MUST,INSPECT-MECH-013,Completed J2 limit-stop template raw logs video photographs uncertainty calculation collision-model reconciliation nonconformance dispositions and signed qualified mechanical and functional-safety review,For every permitted direction speed payload temperature supply and fault case the worst measured stopping overtravel is at most 3.000000 degrees and backlash plus compliance plus build tolerance plus calibration error plus measurement uncertainty plus every other accepted physical term is at most 2.643289 degrees; restoration reset or ARM cannot bypass the released limit or resume an old target,PASS only if executed INSPECT-MECH-013 configuration-bound evidence demonstrates: A nonpositive MECH-006 margin shall inhibit energization.,child_id|configuration_id|procedure_id|procedure_revision|observed_value_or_state|acceptance_limit|result_PASS_or_FAIL|evidence_uri|executor|timestamp|reviewer|decision,P0.2 TEMPLATE ISSUED - INTEGRATION AND EXECUTION REQUIRED,ONE NORMATIVE CLAUSE - INDEPENDENT ACCEPTANCE REQUIRED,draft,NOT EXECUTED,SELECTION REQUIRED,SELECTION REQUIRED,NOT APPROVED,"PRELIMINARY - NOT APPROVED FOR FABRICATION, CONNECTION, MOTION, OR ENERGIZATION"
PROD-001-A01,PROD-001,1,product,The HR-30 neutral-pose drawing height shall be 762 mm nominal.,MUST,INSPECT-PROD-001,Dimension record,Overall height is 740 to 800 mm and nominal target is 762 mm,PASS only if executed INSPECT-PROD-001 configuration-bound evidence demonstrates: The HR-30 neutral-pose drawing height shall be 762 mm nominal.,child_id|configuration_id|procedure_id|procedure_revision|observed_value_or_state|acceptance_limit|result_PASS_or_FAIL|evidence_uri|executor|timestamp|reviewer|decision,P0.2 TEMPLATE ISSUED - INTEGRATION AND EXECUTION REQUIRED,ONE NORMATIVE CLAUSE - INDEPENDENT ACCEPTANCE REQUIRED,draft,NOT EXECUTED,SELECTION REQUIRED,SELECTION REQUIRED,NOT APPROVED,"PRELIMINARY - NOT APPROVED FOR FABRICATION, CONNECTION, MOTION, OR ENERGIZATION"
PROD-001-A02,PROD-001,2,product,The measured height of every released HR-30 shell configuration shall remain from 740 mm through 800 mm.,MUST,INSPECT-PROD-001,Dimension record,Overall height is 740 to 800 mm and nominal target is 762 mm,PASS only if executed INSPECT-PROD-001 configuration-bound evidence demonstrates: The measured height of every released HR-30 shell configuration shall remain from 740 mm through 800 mm.,child_id|configuration_id|procedure_id|procedure_revision|observed_value_or_state|acceptance_limit|result_PASS_or_FAIL|evidence_uri|executor|timestamp|reviewer|decision,P0.2 TEMPLATE ISSUED - INTEGRATION AND EXECUTION REQUIRED,ONE NORMATIVE CLAUSE - INDEPENDENT ACCEPTANCE REQUIRED,draft,NOT EXECUTED,SELECTION REQUIRED,SELECTION REQUIRED,NOT APPROVED,"PRELIMINARY - NOT APPROVED FOR FABRICATION, CONNECTION, MOTION, OR ENERGIZATION"
PROD-002-A01,PROD-002,1,product,The HR-30 tethered-mass design target shall be 8.0 kg.,MUST,TEST-MASS-001,Scale record configuration and report,Mass is no greater than 10.0 kg and above 8.0 kg opens margin review,PASS only if executed TEST-MASS-001 configuration-bound evidence demonstrates: The HR-30 tethered-mass design target shall be 8.0 kg.,child_id|configuration_id|procedure_id|procedure_revision|observed_value_or_state|acceptance_limit|result_PASS_or_FAIL|evidence_uri|executor|timestamp|reviewer|decision,P0.2 TEMPLATE ISSUED - INTEGRATION AND EXECUTION REQUIRED,ONE NORMATIVE CLAUSE - INDEPENDENT ACCEPTANCE REQUIRED,draft,NOT EXECUTED,SELECTION REQUIRED,SELECTION REQUIRED,NOT APPROVED,"PRELIMINARY - NOT APPROVED FOR FABRICATION, CONNECTION, MOTION, OR ENERGIZATION"
PROD-002-A02,PROD-002,2,product,The measured HR-30 tethered mass shall not exceed 10.0 kg.,MUST,TEST-MASS-001,Scale record configuration and report,Mass is no greater than 10.0 kg and above 8.0 kg opens margin review,PASS only if executed TEST-MASS-001 configuration-bound evidence demonstrates: The measured HR-30 tethered mass shall not exceed 10.0 kg.,child_id|configuration_id|procedure_id|procedure_revision|observed_value_or_state|acceptance_limit|result_PASS_or_FAIL|evidence_uri|executor|timestamp|reviewer|decision,P0.2 TEMPLATE ISSUED - INTEGRATION AND EXECUTION REQUIRED,ONE NORMATIVE CLAUSE - INDEPENDENT ACCEPTANCE REQUIRED,draft,NOT EXECUTED,SELECTION REQUIRED,SELECTION REQUIRED,NOT APPROVED,"PRELIMINARY - NOT APPROVED FOR FABRICATION, CONNECTION, MOTION, OR ENERGIZATION"
PROD-005-A01,PROD-005,1,product,"The full-height robot shall remain restrained throughout HR-30B, HR-30C and HR-30D testing.",MUST,AUDIT-PROD-001,Signed audit record,No untethered run before HR-30W release,"PASS only if executed AUDIT-PROD-001 configuration-bound evidence demonstrates: The full-height robot shall remain restrained throughout HR-30B, HR-30C and HR-30D testing.",child_id|configuration_id|procedure_id|procedure_revision|observed_value_or_state|acceptance_limit|result_PASS_or_FAIL|evidence_uri|executor|timestamp|reviewer|decision,P0.2 TEMPLATE ISSUED - INTEGRATION AND EXECUTION REQUIRED,ONE NORMATIVE CLAUSE - INDEPENDENT ACCEPTANCE REQUIRED,draft,NOT EXECUTED,SELECTION REQUIRED,SELECTION REQUIRED,NOT APPROVED,"PRELIMINARY - NOT APPROVED FOR FABRICATION, CONNECTION, MOTION, OR ENERGIZATION"
PROD-005-A02,PROD-005,2,product,The full-height robot shall operate untethered only after the HR-30W release gate is approved.,MUST,AUDIT-PROD-001,Signed audit record,No untethered run before HR-30W release,PASS only if executed AUDIT-PROD-001 configuration-bound evidence demonstrates: The full-height robot shall operate untethered only after the HR-30W release gate is approved.,child_id|configuration_id|procedure_id|procedure_revision|observed_value_or_state|acceptance_limit|result_PASS_or_FAIL|evidence_uri|executor|timestamp|reviewer|decision,P0.2 TEMPLATE ISSUED - INTEGRATION AND EXECUTION REQUIRED,ONE NORMATIVE CLAUSE - INDEPENDENT ACCEPTANCE REQUIRED,draft,NOT EXECUTED,SELECTION REQUIRED,SELECTION REQUIRED,NOT APPROVED,"PRELIMINARY - NOT APPROVED FOR FABRICATION, CONNECTION, MOTION, OR ENERGIZATION"
PROD-006-A01,PROD-006,1,product,Each external cover edge shall have a radius of at least 3 mm.,MUST,INSPECT-PROD-003,Inspection report,Minimum 3 mm edge radius and no normal access to powered pinch points,PASS only if executed INSPECT-PROD-003 configuration-bound evidence demonstrates: Each external cover edge shall have a radius of at least 3 mm.,child_id|configuration_id|procedure_id|procedure_revision|observed_value_or_state|acceptance_limit|result_PASS_or_FAIL|evidence_uri|executor|timestamp|reviewer|decision,P0.2 TEMPLATE ISSUED - INTEGRATION AND EXECUTION REQUIRED,ONE NORMATIVE CLAUSE - INDEPENDENT ACCEPTANCE REQUIRED,draft,NOT EXECUTED,SELECTION REQUIRED,SELECTION REQUIRED,NOT APPROVED,"PRELIMINARY - NOT APPROVED FOR FABRICATION, CONNECTION, MOTION, OR ENERGIZATION"
PROD-006-A02,PROD-006,2,product,External covers shall prevent normal access to powered pinch points.,MUST,INSPECT-PROD-003,Inspection report,Minimum 3 mm edge radius and no normal access to powered pinch points,PASS only if executed INSPECT-PROD-003 configuration-bound evidence demonstrates: External covers shall prevent normal access to powered pinch points.,child_id|configuration_id|procedure_id|procedure_revision|observed_value_or_state|acceptance_limit|result_PASS_or_FAIL|evidence_uri|executor|timestamp|reviewer|decision,P0.2 TEMPLATE ISSUED - INTEGRATION AND EXECUTION REQUIRED,ONE NORMATIVE CLAUSE - INDEPENDENT ACCEPTANCE REQUIRED,draft,NOT EXECUTED,SELECTION REQUIRED,SELECTION REQUIRED,NOT APPROVED,"PRELIMINARY - NOT APPROVED FOR FABRICATION, CONNECTION, MOTION, OR ENERGIZATION"
PROD-008-A01,PROD-008,1,product,HR-30A actuator power shall be supplied through a tether at extra-low voltage.,MUST,TEST-ELEC-030,Inspection and measurement record,Actuator power is tethered extra-low-voltage and no onboard battery is installed,PASS only if executed TEST-ELEC-030 configuration-bound evidence demonstrates: HR-30A actuator power shall be supplied through a tether at extra-low voltage.,child_id|configuration_id|procedure_id|procedure_revision|observed_value_or_state|acceptance_limit|result_PASS_or_FAIL|evidence_uri|executor|timestamp|reviewer|decision,P0.2 TEMPLATE ISSUED - INTEGRATION AND EXECUTION REQUIRED,ONE NORMATIVE CLAUSE - INDEPENDENT ACCEPTANCE REQUIRED,draft,NOT EXECUTED,SELECTION REQUIRED,SELECTION REQUIRED,NOT APPROVED,"PRELIMINARY - NOT APPROVED FOR FABRICATION, CONNECTION, MOTION, OR ENERGIZATION"
PROD-008-A02,PROD-008,2,product,HR-30A shall contain no onboard battery.,MUST,TEST-ELEC-030,Inspection and measurement record,Actuator power is tethered extra-low-voltage and no onboard battery is installed,PASS only if executed TEST-ELEC-030 configuration-bound evidence demonstrates: HR-30A shall contain no onboard battery.,child_id|configuration_id|procedure_id|procedure_revision|observed_value_or_state|acceptance_limit|result_PASS_or_FAIL|evidence_uri|executor|timestamp|reviewer|decision,P0.2 TEMPLATE ISSUED - INTEGRATION AND EXECUTION REQUIRED,ONE NORMATIVE CLAUSE - INDEPENDENT ACCEPTANCE REQUIRED,draft,NOT EXECUTED,SELECTION REQUIRED,SELECTION REQUIRED,NOT APPROVED,"PRELIMINARY - NOT APPROVED FOR FABRICATION, CONNECTION, MOTION, OR ENERGIZATION"
PROD-009-A01,PROD-009,1,product,The actuator-power state shall be visibly distinguishable from at least 3 m.,MUST,TEST-UI-001,Scored record and photos,Operators correctly distinguish every released state under released lighting criterion,PASS only if executed TEST-UI-001 configuration-bound evidence demonstrates: The actuator-power state shall be visibly distinguishable from at least 3 m.,child_id|configuration_id|procedure_id|procedure_revision|observed_value_or_state|acceptance_limit|result_PASS_or_FAIL|evidence_uri|executor|timestamp|reviewer|decision,P0.2 TEMPLATE ISSUED - INTEGRATION AND EXECUTION REQUIRED,ONE NORMATIVE CLAUSE - INDEPENDENT ACCEPTANCE REQUIRED,draft,NOT EXECUTED,SELECTION REQUIRED,SELECTION REQUIRED,NOT APPROVED,"PRELIMINARY - NOT APPROVED FOR FABRICATION, CONNECTION, MOTION, OR ENERGIZATION"
PROD-009-A02,PROD-009,2,product,The machine-fault state shall be visibly distinguishable from at least 3 m.,MUST,TEST-UI-001,Scored record and photos,Operators correctly distinguish every released state under released lighting criterion,PASS only if executed TEST-UI-001 configuration-bound evidence demonstrates: The machine-fault state shall be visibly distinguishable from at least 3 m.,child_id|configuration_id|procedure_id|procedure_revision|observed_value_or_state|acceptance_limit|result_PASS_or_FAIL|evidence_uri|executor|timestamp|reviewer|decision,P0.2 TEMPLATE ISSUED - INTEGRATION AND EXECUTION REQUIRED,ONE NORMATIVE CLAUSE - INDEPENDENT ACCEPTANCE REQUIRED,draft,NOT EXECUTED,SELECTION REQUIRED,SELECTION REQUIRED,NOT APPROVED,"PRELIMINARY - NOT APPROVED FOR FABRICATION, CONNECTION, MOTION, OR ENERGIZATION"
PROD-010-A01,PROD-010,1,product,Any enabled camera-recording capability shall have a visible privacy indication.,MUST,TEST-PRIV-001,State matrix raw logs and report,Visible hardware-driven indication is present whenever recording is possible,PASS only if executed TEST-PRIV-001 configuration-bound evidence demonstrates: Any enabled camera-recording capability shall have a visible privacy indication.,child_id|configuration_id|procedure_id|procedure_revision|observed_value_or_state|acceptance_limit|result_PASS_or_FAIL|evidence_uri|executor|timestamp|reviewer|decision,P0.2 TEMPLATE ISSUED - INTEGRATION AND EXECUTION REQUIRED,ONE NORMATIVE CLAUSE - INDEPENDENT ACCEPTANCE REQUIRED,draft,NOT EXECUTED,SELECTION REQUIRED,SELECTION REQUIRED,NOT APPROVED,"PRELIMINARY - NOT APPROVED FOR FABRICATION, CONNECTION, MOTION, OR ENERGIZATION"
PROD-010-A02,PROD-010,2,product,The privacy indication shall be driven by camera hardware power state rather than application software state.,MUST,TEST-PRIV-001,State matrix raw logs and report,Visible hardware-driven indication is present whenever recording is possible,PASS only if executed TEST-PRIV-001 configuration-bound evidence demonstrates: The privacy indication shall be driven by camera hardware power state rather than application software state.,child_id|configuration_id|procedure_id|procedure_revision|observed_value_or_state|acceptance_limit|result_PASS_or_FAIL|evidence_uri|executor|timestamp|reviewer|decision,P0.2 TEMPLATE ISSUED - INTEGRATION AND EXECUTION REQUIRED,ONE NORMATIVE CLAUSE - INDEPENDENT ACCEPTANCE REQUIRED,draft,NOT EXECUTED,SELECTION REQUIRED,SELECTION REQUIRED,NOT APPROVED,"PRELIMINARY - NOT APPROVED FOR FABRICATION, CONNECTION, MOTION, OR ENERGIZATION"
PROD-011-A01,PROD-011,1,product,The released operating boundary shall identify the system as adult-operated experimental robotic machinery.,MUST,AUDIT-PROD-002,Signed document audit,All artifacts state adult-operated experimental machinery boundary,PASS only if executed AUDIT-PROD-002 configuration-bound evidence demonstrates: The released operating boundary shall identify the system as adult-operated experimental robotic machinery.,child_id|configuration_id|procedure_id|procedure_revision|observed_value_or_state|acceptance_limit|result_PASS_or_FAIL|evidence_uri|executor|timestamp|reviewer|decision,P0.2 TEMPLATE ISSUED - INTEGRATION AND EXECUTION REQUIRED,ONE NORMATIVE CLAUSE - INDEPENDENT ACCEPTANCE REQUIRED,draft,NOT EXECUTED,SELECTION REQUIRED,SELECTION REQUIRED,NOT APPROVED,"PRELIMINARY - NOT APPROVED FOR FABRICATION, CONNECTION, MOTION, OR ENERGIZATION"
PROD-011-A02,PROD-011,2,product,The released operating boundary shall state that the system is not a toy.,MUST,AUDIT-PROD-002,Signed document audit,All artifacts state adult-operated experimental machinery boundary,PASS only if executed AUDIT-PROD-002 configuration-bound evidence demonstrates: The released operating boundary shall state that the system is not a toy.,child_id|configuration_id|procedure_id|procedure_revision|observed_value_or_state|acceptance_limit|result_PASS_or_FAIL|evidence_uri|executor|timestamp|reviewer|decision,P0.2 TEMPLATE ISSUED - INTEGRATION AND EXECUTION REQUIRED,ONE NORMATIVE CLAUSE - INDEPENDENT ACCEPTANCE REQUIRED,draft,NOT EXECUTED,SELECTION REQUIRED,SELECTION REQUIRED,NOT APPROVED,"PRELIMINARY - NOT APPROVED FOR FABRICATION, CONNECTION, MOTION, OR ENERGIZATION"
PROD-011-A03,PROD-011,3,product,The released operating boundary shall state that the system is not approved for unsupervised consumer use.,MUST,AUDIT-PROD-002,Signed document audit,All artifacts state adult-operated experimental machinery boundary,PASS only if executed AUDIT-PROD-002 configuration-bound evidence demonstrates: The released operating boundary shall state that the system is not approved for unsupervised consumer use.,child_id|configuration_id|procedure_id|procedure_revision|observed_value_or_state|acceptance_limit|result_PASS_or_FAIL|evidence_uri|executor|timestamp|reviewer|decision,P0.2 TEMPLATE ISSUED - INTEGRATION AND EXECUTION REQUIRED,ONE NORMATIVE CLAUSE - INDEPENDENT ACCEPTANCE REQUIRED,draft,NOT EXECUTED,SELECTION REQUIRED,SELECTION REQUIRED,NOT APPROVED,"PRELIMINARY - NOT APPROVED FOR FABRICATION, CONNECTION, MOTION, OR ENERGIZATION"
PROD-011-A04,PROD-011,4,product,The released operating boundary shall state that legal classification remains unresolved until accepted applicability evidence exists.,MUST,AUDIT-PROD-002,Signed document audit,All artifacts state adult-operated experimental machinery boundary,PASS only if executed AUDIT-PROD-002 configuration-bound evidence demonstrates: The released operating boundary shall state that legal classification remains unresolved until accepted applicability evidence exists.,child_id|configuration_id|procedure_id|procedure_revision|observed_value_or_state|acceptance_limit|result_PASS_or_FAIL|evidence_uri|executor|timestamp|reviewer|decision,P0.2 TEMPLATE ISSUED - INTEGRATION AND EXECUTION REQUIRED,ONE NORMATIVE CLAUSE - INDEPENDENT ACCEPTANCE REQUIRED,draft,NOT EXECUTED,SELECTION REQUIRED,SELECTION REQUIRED,NOT APPROVED,"PRELIMINARY - NOT APPROVED FOR FABRICATION, CONNECTION, MOTION, OR ENERGIZATION"
SAFE-003-A01,SAFE-003,1,safety,Each control-loss stop credited with reducing risk shall have a qualified ISO 12100 risk determination.,MUST,ANALYSIS-SAFE-001,Completed signed allocation template risk worksheets reviewer competence and independence record controlled standard revisions and residual-risk disposition,Every operating mode and lifecycle task has documented severity exposure avoidance risk-reduction measures credited function boundary safe state response budget demand assumptions integrity target and accountable qualified approval,PASS only if executed ANALYSIS-SAFE-001 configuration-bound evidence demonstrates: Each control-loss stop credited with reducing risk shall have a qualified ISO 12100 risk determination.,child_id|configuration_id|procedure_id|procedure_revision|observed_value_or_state|acceptance_limit|result_PASS_or_FAIL|evidence_uri|executor|timestamp|reviewer|decision,P0.2 TEMPLATE ISSUED - INTEGRATION AND EXECUTION REQUIRED,ONE NORMATIVE CLAUSE - INDEPENDENT ACCEPTANCE REQUIRED,draft,NOT EXECUTED,SELECTION REQUIRED,SELECTION REQUIRED,NOT APPROVED,"PRELIMINARY - NOT APPROVED FOR FABRICATION, CONNECTION, MOTION, OR ENERGIZATION"
SAFE-003-A02,SAFE-003,2,safety,Each control-loss stop credited with reducing risk shall have a separately validated ISO 13849-1:2023 or IEC 62061 integrity allocation.,MUST,ANALYSIS-SAFE-001,Completed signed allocation template risk worksheets reviewer competence and independence record controlled standard revisions and residual-risk disposition,Every operating mode and lifecycle task has documented severity exposure avoidance risk-reduction measures credited function boundary safe state response budget demand assumptions integrity target and accountable qualified approval,PASS only if executed ANALYSIS-SAFE-001 configuration-bound evidence demonstrates: Each control-loss stop credited with reducing risk shall have a separately validated ISO 13849-1:2023 or IEC 62061 integrity allocation.,child_id|configuration_id|procedure_id|procedure_revision|observed_value_or_state|acceptance_limit|result_PASS_or_FAIL|evidence_uri|executor|timestamp|reviewer|decision,P0.2 TEMPLATE ISSUED - INTEGRATION AND EXECUTION REQUIRED,ONE NORMATIVE CLAUSE - INDEPENDENT ACCEPTANCE REQUIRED,draft,NOT EXECUTED,SELECTION REQUIRED,SELECTION REQUIRED,NOT APPROVED,"PRELIMINARY - NOT APPROVED FOR FABRICATION, CONNECTION, MOTION, OR ENERGIZATION"
SAFE-003-A03,SAFE-003,3,safety,The ordinary HR-V0 heartbeat controller shall receive zero safety credit.,MUST,ANALYSIS-SAFE-001,Completed signed allocation template risk worksheets reviewer competence and independence record controlled standard revisions and residual-risk disposition,Every operating mode and lifecycle task has documented severity exposure avoidance risk-reduction measures credited function boundary safe state response budget demand assumptions integrity target and accountable qualified approval,PASS only if executed ANALYSIS-SAFE-001 configuration-bound evidence demonstrates: The ordinary HR-V0 heartbeat controller shall receive zero safety credit.,child_id|configuration_id|procedure_id|procedure_revision|observed_value_or_state|acceptance_limit|result_PASS_or_FAIL|evidence_uri|executor|timestamp|reviewer|decision,P0.2 TEMPLATE ISSUED - INTEGRATION AND EXECUTION REQUIRED,ONE NORMATIVE CLAUSE - INDEPENDENT ACCEPTANCE REQUIRED,draft,NOT EXECUTED,SELECTION REQUIRED,SELECTION REQUIRED,NOT APPROVED,"PRELIMINARY - NOT APPROVED FOR FABRICATION, CONNECTION, MOTION, OR ENERGIZATION"
SAFE-003-A04,SAFE-003,4,safety,HR-30 shall select a safety-rated control-loss architecture before motion release.,MUST,ANALYSIS-SAFE-001,Completed signed allocation template risk worksheets reviewer competence and independence record controlled standard revisions and residual-risk disposition,Every operating mode and lifecycle task has documented severity exposure avoidance risk-reduction measures credited function boundary safe state response budget demand assumptions integrity target and accountable qualified approval,PASS only if executed ANALYSIS-SAFE-001 configuration-bound evidence demonstrates: HR-30 shall select a safety-rated control-loss architecture before motion release.,child_id|configuration_id|procedure_id|procedure_revision|observed_value_or_state|acceptance_limit|result_PASS_or_FAIL|evidence_uri|executor|timestamp|reviewer|decision,P0.2 TEMPLATE ISSUED - INTEGRATION AND EXECUTION REQUIRED,ONE NORMATIVE CLAUSE - INDEPENDENT ACCEPTANCE REQUIRED,draft,NOT EXECUTED,SELECTION REQUIRED,SELECTION REQUIRED,NOT APPROVED,"PRELIMINARY - NOT APPROVED FOR FABRICATION, CONNECTION, MOTION, OR ENERGIZATION"
SAFE-003-A05,SAFE-003,5,safety,Any HR-V0 configuration whose fixed guard cannot contain assumed watchdog failure shall select a safety-rated control-loss architecture before motion release.,MUST,ANALYSIS-SAFE-001,Completed signed allocation template risk worksheets reviewer competence and independence record controlled standard revisions and residual-risk disposition,Every operating mode and lifecycle task has documented severity exposure avoidance risk-reduction measures credited function boundary safe state response budget demand assumptions integrity target and accountable qualified approval,PASS only if executed ANALYSIS-SAFE-001 configuration-bound evidence demonstrates: Any HR-V0 configuration whose fixed guard cannot contain assumed watchdog failure shall select a safety-rated control-loss architecture before motion release.,child_id|configuration_id|procedure_id|procedure_revision|observed_value_or_state|acceptance_limit|result_PASS_or_FAIL|evidence_uri|executor|timestamp|reviewer|decision,P0.2 TEMPLATE ISSUED - INTEGRATION AND EXECUTION REQUIRED,ONE NORMATIVE CLAUSE - INDEPENDENT ACCEPTANCE REQUIRED,draft,NOT EXECUTED,SELECTION REQUIRED,SELECTION REQUIRED,NOT APPROVED,"PRELIMINARY - NOT APPROVED FOR FABRICATION, CONNECTION, MOTION, OR ENERGIZATION"
SAFE-003-A06,SAFE-003,6,safety,The ordinary HR-V0 heartbeat relays shall receive zero safety credit.,MUST,ANALYSIS-SAFE-001,Completed signed allocation template risk worksheets reviewer competence and independence record controlled standard revisions and residual-risk disposition,Every operating mode and lifecycle task has documented severity exposure avoidance risk-reduction measures credited function boundary safe state response budget demand assumptions integrity target and accountable qualified approval,PASS only if executed ANALYSIS-SAFE-001 configuration-bound evidence demonstrates: The ordinary HR-V0 heartbeat relays shall receive zero safety credit.,child_id|configuration_id|procedure_id|procedure_revision|observed_value_or_state|acceptance_limit|result_PASS_or_FAIL|evidence_uri|executor|timestamp|reviewer|decision,P0.2 TEMPLATE ISSUED - INTEGRATION AND EXECUTION REQUIRED,ONE NORMATIVE CLAUSE - INDEPENDENT ACCEPTANCE REQUIRED,draft,NOT EXECUTED,SELECTION REQUIRED,SELECTION REQUIRED,NOT APPROVED,"PRELIMINARY - NOT APPROVED FOR FABRICATION, CONNECTION, MOTION, OR ENERGIZATION"
SAFE-003-A07,SAFE-003,7,safety,The ordinary HR-V0 heartbeat drivers shall receive zero safety credit.,MUST,ANALYSIS-SAFE-001,Completed signed allocation template risk worksheets reviewer competence and independence record controlled standard revisions and residual-risk disposition,Every operating mode and lifecycle task has documented severity exposure avoidance risk-reduction measures credited function boundary safe state response budget demand assumptions integrity target and accountable qualified approval,PASS only if executed ANALYSIS-SAFE-001 configuration-bound evidence demonstrates: The ordinary HR-V0 heartbeat drivers shall receive zero safety credit.,child_id|configuration_id|procedure_id|procedure_revision|observed_value_or_state|acceptance_limit|result_PASS_or_FAIL|evidence_uri|executor|timestamp|reviewer|decision,P0.2 TEMPLATE ISSUED - INTEGRATION AND EXECUTION REQUIRED,ONE NORMATIVE CLAUSE - INDEPENDENT ACCEPTANCE REQUIRED,draft,NOT EXECUTED,SELECTION REQUIRED,SELECTION REQUIRED,NOT APPROVED,"PRELIMINARY - NOT APPROVED FOR FABRICATION, CONNECTION, MOTION, OR ENERGIZATION"
SAFE-003-A08,SAFE-003,8,safety,The ordinary HR-V0 heartbeat firmware shall receive zero safety credit.,MUST,ANALYSIS-SAFE-001,Completed signed allocation template risk worksheets reviewer competence and independence record controlled standard revisions and residual-risk disposition,Every operating mode and lifecycle task has documented severity exposure avoidance risk-reduction measures credited function boundary safe state response budget demand assumptions integrity target and accountable qualified approval,PASS only if executed ANALYSIS-SAFE-001 configuration-bound evidence demonstrates: The ordinary HR-V0 heartbeat firmware shall receive zero safety credit.,child_id|configuration_id|procedure_id|procedure_revision|observed_value_or_state|acceptance_limit|result_PASS_or_FAIL|evidence_uri|executor|timestamp|reviewer|decision,P0.2 TEMPLATE ISSUED - INTEGRATION AND EXECUTION REQUIRED,ONE NORMATIVE CLAUSE - INDEPENDENT ACCEPTANCE REQUIRED,draft,NOT EXECUTED,SELECTION REQUIRED,SELECTION REQUIRED,NOT APPROVED,"PRELIMINARY - NOT APPROVED FOR FABRICATION, CONNECTION, MOTION, OR ENERGIZATION"
SAFE-003-A09,SAFE-003,9,safety,The ordinary HR-V0 bus watchdog shall receive zero safety credit.,MUST,ANALYSIS-SAFE-001,Completed signed allocation template risk worksheets reviewer competence and independence record controlled standard revisions and residual-risk disposition,Every operating mode and lifecycle task has documented severity exposure avoidance risk-reduction measures credited function boundary safe state response budget demand assumptions integrity target and accountable qualified approval,PASS only if executed ANALYSIS-SAFE-001 configuration-bound evidence demonstrates: The ordinary HR-V0 bus watchdog shall receive zero safety credit.,child_id|configuration_id|procedure_id|procedure_revision|observed_value_or_state|acceptance_limit|result_PASS_or_FAIL|evidence_uri|executor|timestamp|reviewer|decision,P0.2 TEMPLATE ISSUED - INTEGRATION AND EXECUTION REQUIRED,ONE NORMATIVE CLAUSE - INDEPENDENT ACCEPTANCE REQUIRED,draft,NOT EXECUTED,SELECTION REQUIRED,SELECTION REQUIRED,NOT APPROVED,"PRELIMINARY - NOT APPROVED FOR FABRICATION, CONNECTION, MOTION, OR ENERGIZATION"
SAFE-003-A10,SAFE-003,10,safety,HR-30 shall validate its selected safety-rated control-loss architecture before motion release.,MUST,ANALYSIS-SAFE-001,Completed signed allocation template risk worksheets reviewer competence and independence record controlled standard revisions and residual-risk disposition,Every operating mode and lifecycle task has documented severity exposure avoidance risk-reduction measures credited function boundary safe state response budget demand assumptions integrity target and accountable qualified approval,PASS only if executed ANALYSIS-SAFE-001 configuration-bound evidence demonstrates: HR-30 shall validate its selected safety-rated control-loss architecture before motion release.,child_id|configuration_id|procedure_id|procedure_revision|observed_value_or_state|acceptance_limit|result_PASS_or_FAIL|evidence_uri|executor|timestamp|reviewer|decision,P0.2 TEMPLATE ISSUED - INTEGRATION AND EXECUTION REQUIRED,ONE NORMATIVE CLAUSE - INDEPENDENT ACCEPTANCE REQUIRED,draft,NOT EXECUTED,SELECTION REQUIRED,SELECTION REQUIRED,NOT APPROVED,"PRELIMINARY - NOT APPROVED FOR FABRICATION, CONNECTION, MOTION, OR ENERGIZATION"
SAFE-003-A11,SAFE-003,11,safety,Any HR-V0 configuration whose fixed guard cannot contain assumed watchdog failure shall validate its selected safety-rated control-loss architecture before motion release.,MUST,ANALYSIS-SAFE-001,Completed signed allocation template risk worksheets reviewer competence and independence record controlled standard revisions and residual-risk disposition,Every operating mode and lifecycle task has documented severity exposure avoidance risk-reduction measures credited function boundary safe state response budget demand assumptions integrity target and accountable qualified approval,PASS only if executed ANALYSIS-SAFE-001 configuration-bound evidence demonstrates: Any HR-V0 configuration whose fixed guard cannot contain assumed watchdog failure shall validate its selected safety-rated control-loss architecture before motion release.,child_id|configuration_id|procedure_id|procedure_revision|observed_value_or_state|acceptance_limit|result_PASS_or_FAIL|evidence_uri|executor|timestamp|reviewer|decision,P0.2 TEMPLATE ISSUED - INTEGRATION AND EXECUTION REQUIRED,ONE NORMATIVE CLAUSE - INDEPENDENT ACCEPTANCE REQUIRED,draft,NOT EXECUTED,SELECTION REQUIRED,SELECTION REQUIRED,NOT APPROVED,"PRELIMINARY - NOT APPROVED FOR FABRICATION, CONNECTION, MOTION, OR ENERGIZATION"
SAFE-004-A01,SAFE-004,1,safety,Fixed shielding shall be installed before any powered HR-V0 fixture test.,MUST,INSPECT-SAFE-001,Pre-test inspection record,Shield installed and 600 mm controlled boundary maintained,PASS only if executed INSPECT-SAFE-001 configuration-bound evidence demonstrates: Fixed shielding shall be installed before any powered HR-V0 fixture test.,child_id|configuration_id|procedure_id|procedure_revision|observed_value_or_state|acceptance_limit|result_PASS_or_FAIL|evidence_uri|executor|timestamp|reviewer|decision,P0.2 TEMPLATE ISSUED - INTEGRATION AND EXECUTION REQUIRED,ONE NORMATIVE CLAUSE - INDEPENDENT ACCEPTANCE REQUIRED,draft,NOT EXECUTED,SELECTION REQUIRED,SELECTION REQUIRED,NOT APPROVED,"PRELIMINARY - NOT APPROVED FOR FABRICATION, CONNECTION, MOTION, OR ENERGIZATION"
SAFE-004-A02,SAFE-004,2,safety,A controlled 600 mm exclusion boundary shall be established before any powered HR-V0 fixture test.,MUST,INSPECT-SAFE-001,Pre-test inspection record,Shield installed and 600 mm controlled boundary maintained,PASS only if executed INSPECT-SAFE-001 configuration-bound evidence demonstrates: A controlled 600 mm exclusion boundary shall be established before any powered HR-V0 fixture test.,child_id|configuration_id|procedure_id|procedure_revision|observed_value_or_state|acceptance_limit|result_PASS_or_FAIL|evidence_uri|executor|timestamp|reviewer|decision,P0.2 TEMPLATE ISSUED - INTEGRATION AND EXECUTION REQUIRED,ONE NORMATIVE CLAUSE - INDEPENDENT ACCEPTANCE REQUIRED,draft,NOT EXECUTED,SELECTION REQUIRED,SELECTION REQUIRED,NOT APPROVED,"PRELIMINARY - NOT APPROVED FOR FABRICATION, CONNECTION, MOTION, OR ENERGIZATION"
SAFE-007-A01,SAFE-007,1,safety,Each powered joint shall have independently enforced software limits.,MUST,INSPECT-MECH-002,Inspection record with photos,Stops prevent cable shield and pinch contact with released clearance,PASS only if executed INSPECT-MECH-002 configuration-bound evidence demonstrates: Each powered joint shall have independently enforced software limits.,child_id|configuration_id|procedure_id|procedure_revision|observed_value_or_state|acceptance_limit|result_PASS_or_FAIL|evidence_uri|executor|timestamp|reviewer|decision,P0.2 TEMPLATE ISSUED - INTEGRATION AND EXECUTION REQUIRED,ONE NORMATIVE CLAUSE - INDEPENDENT ACCEPTANCE REQUIRED,draft,NOT EXECUTED,SELECTION REQUIRED,SELECTION REQUIRED,NOT APPROVED,"PRELIMINARY - NOT APPROVED FOR FABRICATION, CONNECTION, MOTION, OR ENERGIZATION"
SAFE-007-A02,SAFE-007,2,safety,Each powered joint shall have mechanical hard stops that engage before any cable contact.,MUST,INSPECT-MECH-002,Inspection record with photos,Stops prevent cable shield and pinch contact with released clearance,PASS only if executed INSPECT-MECH-002 configuration-bound evidence demonstrates: Each powered joint shall have mechanical hard stops that engage before any cable contact.,child_id|configuration_id|procedure_id|procedure_revision|observed_value_or_state|acceptance_limit|result_PASS_or_FAIL|evidence_uri|executor|timestamp|reviewer|decision,P0.2 TEMPLATE ISSUED - INTEGRATION AND EXECUTION REQUIRED,ONE NORMATIVE CLAUSE - INDEPENDENT ACCEPTANCE REQUIRED,draft,NOT EXECUTED,SELECTION REQUIRED,SELECTION REQUIRED,NOT APPROVED,"PRELIMINARY - NOT APPROVED FOR FABRICATION, CONNECTION, MOTION, OR ENERGIZATION"
SAFE-007-A03,SAFE-007,3,safety,Each powered joint shall have mechanical hard stops that engage before any shield contact.,MUST,INSPECT-MECH-002,Inspection record with photos,Stops prevent cable shield and pinch contact with released clearance,PASS only if executed INSPECT-MECH-002 configuration-bound evidence demonstrates: Each powered joint shall have mechanical hard stops that engage before any shield contact.,child_id|configuration_id|procedure_id|procedure_revision|observed_value_or_state|acceptance_limit|result_PASS_or_FAIL|evidence_uri|executor|timestamp|reviewer|decision,P0.2 TEMPLATE ISSUED - INTEGRATION AND EXECUTION REQUIRED,ONE NORMATIVE CLAUSE - INDEPENDENT ACCEPTANCE REQUIRED,draft,NOT EXECUTED,SELECTION REQUIRED,SELECTION REQUIRED,NOT APPROVED,"PRELIMINARY - NOT APPROVED FOR FABRICATION, CONNECTION, MOTION, OR ENERGIZATION"
SAFE-008-A01,SAFE-008,1,safety,Restart eligibility after a safety or diagnostic dropout shall require removal of the initiating cause.,MUST,TEST-SAFE-003,Raw traces and report,Only cause removal then physical reset then distinct ARM permits a fresh command,PASS only if executed TEST-SAFE-003 configuration-bound evidence demonstrates: Restart eligibility after a safety or diagnostic dropout shall require removal of the initiating cause.,child_id|configuration_id|procedure_id|procedure_revision|observed_value_or_state|acceptance_limit|result_PASS_or_FAIL|evidence_uri|executor|timestamp|reviewer|decision,P0.2 TEMPLATE ISSUED - INTEGRATION AND EXECUTION REQUIRED,ONE NORMATIVE CLAUSE - INDEPENDENT ACCEPTANCE REQUIRED,draft,NOT EXECUTED,SELECTION REQUIRED,SELECTION REQUIRED,NOT APPROVED,"PRELIMINARY - NOT APPROVED FOR FABRICATION, CONNECTION, MOTION, OR ENERGIZATION"
SAFE-008-A02,SAFE-008,2,safety,Restart eligibility after a safety or diagnostic dropout shall require a valid monitored physical RESET action.,MUST,TEST-SAFE-003,Raw traces and report,Only cause removal then physical reset then distinct ARM permits a fresh command,PASS only if executed TEST-SAFE-003 configuration-bound evidence demonstrates: Restart eligibility after a safety or diagnostic dropout shall require a valid monitored physical RESET action.,child_id|configuration_id|procedure_id|procedure_revision|observed_value_or_state|acceptance_limit|result_PASS_or_FAIL|evidence_uri|executor|timestamp|reviewer|decision,P0.2 TEMPLATE ISSUED - INTEGRATION AND EXECUTION REQUIRED,ONE NORMATIVE CLAUSE - INDEPENDENT ACCEPTANCE REQUIRED,draft,NOT EXECUTED,SELECTION REQUIRED,SELECTION REQUIRED,NOT APPROVED,"PRELIMINARY - NOT APPROVED FOR FABRICATION, CONNECTION, MOTION, OR ENERGIZATION"
SAFE-008-A03,SAFE-008,3,safety,Restart eligibility after RESET shall require a later distinct physical ARM action.,MUST,TEST-SAFE-003,Raw traces and report,Only cause removal then physical reset then distinct ARM permits a fresh command,PASS only if executed TEST-SAFE-003 configuration-bound evidence demonstrates: Restart eligibility after RESET shall require a later distinct physical ARM action.,child_id|configuration_id|procedure_id|procedure_revision|observed_value_or_state|acceptance_limit|result_PASS_or_FAIL|evidence_uri|executor|timestamp|reviewer|decision,P0.2 TEMPLATE ISSUED - INTEGRATION AND EXECUTION REQUIRED,ONE NORMATIVE CLAUSE - INDEPENDENT ACCEPTANCE REQUIRED,draft,NOT EXECUTED,SELECTION REQUIRED,SELECTION REQUIRED,NOT APPROVED,"PRELIMINARY - NOT APPROVED FOR FABRICATION, CONNECTION, MOTION, OR ENERGIZATION"
SAFE-008-A04,SAFE-008,4,safety,RESET shall not command torque.,MUST,TEST-SAFE-003,Raw traces and report,Only cause removal then physical reset then distinct ARM permits a fresh command,PASS only if executed TEST-SAFE-003 configuration-bound evidence demonstrates: RESET shall not command torque.,child_id|configuration_id|procedure_id|procedure_revision|observed_value_or_state|acceptance_limit|result_PASS_or_FAIL|evidence_uri|executor|timestamp|reviewer|decision,P0.2 TEMPLATE ISSUED - INTEGRATION AND EXECUTION REQUIRED,ONE NORMATIVE CLAUSE - INDEPENDENT ACCEPTANCE REQUIRED,draft,NOT EXECUTED,SELECTION REQUIRED,SELECTION REQUIRED,NOT APPROVED,"PRELIMINARY - NOT APPROVED FOR FABRICATION, CONNECTION, MOTION, OR ENERGIZATION"
SAFE-008-A05,SAFE-008,5,safety,Motion after a safety or diagnostic dropout shall require a fresh validated trajectory.,MUST,TEST-SAFE-003,Raw traces and report,Only cause removal then physical reset then distinct ARM permits a fresh command,PASS only if executed TEST-SAFE-003 configuration-bound evidence demonstrates: Motion after a safety or diagnostic dropout shall require a fresh validated trajectory.,child_id|configuration_id|procedure_id|procedure_revision|observed_value_or_state|acceptance_limit|result_PASS_or_FAIL|evidence_uri|executor|timestamp|reviewer|decision,P0.2 TEMPLATE ISSUED - INTEGRATION AND EXECUTION REQUIRED,ONE NORMATIVE CLAUSE - INDEPENDENT ACCEPTANCE REQUIRED,draft,NOT EXECUTED,SELECTION REQUIRED,SELECTION REQUIRED,NOT APPROVED,"PRELIMINARY - NOT APPROVED FOR FABRICATION, CONNECTION, MOTION, OR ENERGIZATION"
SAFE-008-A06,SAFE-008,6,safety,RESET shall not command motion.,MUST,TEST-SAFE-003,Raw traces and report,Only cause removal then physical reset then distinct ARM permits a fresh command,PASS only if executed TEST-SAFE-003 configuration-bound evidence demonstrates: RESET shall not command motion.,child_id|configuration_id|procedure_id|procedure_revision|observed_value_or_state|acceptance_limit|result_PASS_or_FAIL|evidence_uri|executor|timestamp|reviewer|decision,P0.2 TEMPLATE ISSUED - INTEGRATION AND EXECUTION REQUIRED,ONE NORMATIVE CLAUSE - INDEPENDENT ACCEPTANCE REQUIRED,draft,NOT EXECUTED,SELECTION REQUIRED,SELECTION REQUIRED,NOT APPROVED,"PRELIMINARY - NOT APPROVED FOR FABRICATION, CONNECTION, MOTION, OR ENERGIZATION"
SAFE-008-A07,SAFE-008,7,safety,ARM shall not command torque.,MUST,TEST-SAFE-003,Raw traces and report,Only cause removal then physical reset then distinct ARM permits a fresh command,PASS only if executed TEST-SAFE-003 configuration-bound evidence demonstrates: ARM shall not command torque.,child_id|configuration_id|procedure_id|procedure_revision|observed_value_or_state|acceptance_limit|result_PASS_or_FAIL|evidence_uri|executor|timestamp|reviewer|decision,P0.2 TEMPLATE ISSUED - INTEGRATION AND EXECUTION REQUIRED,ONE NORMATIVE CLAUSE - INDEPENDENT ACCEPTANCE REQUIRED,draft,NOT EXECUTED,SELECTION REQUIRED,SELECTION REQUIRED,NOT APPROVED,"PRELIMINARY - NOT APPROVED FOR FABRICATION, CONNECTION, MOTION, OR ENERGIZATION"
SAFE-008-A08,SAFE-008,8,safety,ARM shall not command motion.,MUST,TEST-SAFE-003,Raw traces and report,Only cause removal then physical reset then distinct ARM permits a fresh command,PASS only if executed TEST-SAFE-003 configuration-bound evidence demonstrates: ARM shall not command motion.,child_id|configuration_id|procedure_id|procedure_revision|observed_value_or_state|acceptance_limit|result_PASS_or_FAIL|evidence_uri|executor|timestamp|reviewer|decision,P0.2 TEMPLATE ISSUED - INTEGRATION AND EXECUTION REQUIRED,ONE NORMATIVE CLAUSE - INDEPENDENT ACCEPTANCE REQUIRED,draft,NOT EXECUTED,SELECTION REQUIRED,SELECTION REQUIRED,NOT APPROVED,"PRELIMINARY - NOT APPROVED FOR FABRICATION, CONNECTION, MOTION, OR ENERGIZATION"
SAFE-009-A01,SAFE-009,1,safety,Each powered full-body development phase shall define its response to sudden drive-energy loss.,MUST,TEST-POWERLOSS-001,Raw data video and report,Released protective response contains the robot within all pose-specific limits,PASS only if executed TEST-POWERLOSS-001 configuration-bound evidence demonstrates: Each powered full-body development phase shall define its response to sudden drive-energy loss.,child_id|configuration_id|procedure_id|procedure_revision|observed_value_or_state|acceptance_limit|result_PASS_or_FAIL|evidence_uri|executor|timestamp|reviewer|decision,P0.2 TEMPLATE ISSUED - INTEGRATION AND EXECUTION REQUIRED,ONE NORMATIVE CLAUSE - INDEPENDENT ACCEPTANCE REQUIRED,draft,NOT EXECUTED,SELECTION REQUIRED,SELECTION REQUIRED,NOT APPROVED,"PRELIMINARY - NOT APPROVED FOR FABRICATION, CONNECTION, MOTION, OR ENERGIZATION"
SAFE-009-A02,SAFE-009,2,safety,Each powered full-body development phase shall test sudden drive-energy loss in every released pose.,MUST,TEST-POWERLOSS-001,Raw data video and report,Released protective response contains the robot within all pose-specific limits,PASS only if executed TEST-POWERLOSS-001 configuration-bound evidence demonstrates: Each powered full-body development phase shall test sudden drive-energy loss in every released pose.,child_id|configuration_id|procedure_id|procedure_revision|observed_value_or_state|acceptance_limit|result_PASS_or_FAIL|evidence_uri|executor|timestamp|reviewer|decision,P0.2 TEMPLATE ISSUED - INTEGRATION AND EXECUTION REQUIRED,ONE NORMATIVE CLAUSE - INDEPENDENT ACCEPTANCE REQUIRED,draft,NOT EXECUTED,SELECTION REQUIRED,SELECTION REQUIRED,NOT APPROVED,"PRELIMINARY - NOT APPROVED FOR FABRICATION, CONNECTION, MOTION, OR ENERGIZATION"
SAFE-009-A03,SAFE-009,3,safety,Each powered full-body development phase shall test sudden drive-energy loss in every released mode.,MUST,TEST-POWERLOSS-001,Raw data video and report,Released protective response contains the robot within all pose-specific limits,PASS only if executed TEST-POWERLOSS-001 configuration-bound evidence demonstrates: Each powered full-body development phase shall test sudden drive-energy loss in every released mode.,child_id|configuration_id|procedure_id|procedure_revision|observed_value_or_state|acceptance_limit|result_PASS_or_FAIL|evidence_uri|executor|timestamp|reviewer|decision,P0.2 TEMPLATE ISSUED - INTEGRATION AND EXECUTION REQUIRED,ONE NORMATIVE CLAUSE - INDEPENDENT ACCEPTANCE REQUIRED,draft,NOT EXECUTED,SELECTION REQUIRED,SELECTION REQUIRED,NOT APPROVED,"PRELIMINARY - NOT APPROVED FOR FABRICATION, CONNECTION, MOTION, OR ENERGIZATION"
SAFE-009-A04,SAFE-009,4,safety,A full-body phase shall not reduce restraint dependence until its SAFE-009 response evidence is accepted.,MUST,TEST-POWERLOSS-001,Raw data video and report,Released protective response contains the robot within all pose-specific limits,PASS only if executed TEST-POWERLOSS-001 configuration-bound evidence demonstrates: A full-body phase shall not reduce restraint dependence until its SAFE-009 response evidence is accepted.,child_id|configuration_id|procedure_id|procedure_revision|observed_value_or_state|acceptance_limit|result_PASS_or_FAIL|evidence_uri|executor|timestamp|reviewer|decision,P0.2 TEMPLATE ISSUED - INTEGRATION AND EXECUTION REQUIRED,ONE NORMATIVE CLAUSE - INDEPENDENT ACCEPTANCE REQUIRED,draft,NOT EXECUTED,SELECTION REQUIRED,SELECTION REQUIRED,NOT APPROVED,"PRELIMINARY - NOT APPROVED FOR FABRICATION, CONNECTION, MOTION, OR ENERGIZATION"
SAFE-010-A01,SAFE-010,1,safety,A fixed tool-removable enclosure shall be installed before any actuator connection.,MUST,INSPECT-GUARD-001,Completed guard-clearance CSV CAD report photographs probe record and nonconformance disposition,Every guard inner surface remains beyond the released envelope by at least the released minimum clearance all panels require tools for removal and no selected probe reaches a hazardous zone,PASS only if executed INSPECT-GUARD-001 configuration-bound evidence demonstrates: A fixed tool-removable enclosure shall be installed before any actuator connection.,child_id|configuration_id|procedure_id|procedure_revision|observed_value_or_state|acceptance_limit|result_PASS_or_FAIL|evidence_uri|executor|timestamp|reviewer|decision,P0.2 TEMPLATE ISSUED - INTEGRATION AND EXECUTION REQUIRED,ONE NORMATIVE CLAUSE - INDEPENDENT ACCEPTANCE REQUIRED,draft,NOT EXECUTED,SELECTION REQUIRED,SELECTION REQUIRED,NOT APPROVED,"PRELIMINARY - NOT APPROVED FOR FABRICATION, CONNECTION, MOTION, OR ENERGIZATION"
SAFE-010-A02,SAFE-010,2,safety,The enclosure inner boundary shall remain outside the released three-dimensional swept volume in every permitted pose and fault case.,MUST,INSPECT-GUARD-001,Completed guard-clearance CSV CAD report photographs probe record and nonconformance disposition,Every guard inner surface remains beyond the released envelope by at least the released minimum clearance all panels require tools for removal and no selected probe reaches a hazardous zone,PASS only if executed INSPECT-GUARD-001 configuration-bound evidence demonstrates: The enclosure inner boundary shall remain outside the released three-dimensional swept volume in every permitted pose and fault case.,child_id|configuration_id|procedure_id|procedure_revision|observed_value_or_state|acceptance_limit|result_PASS_or_FAIL|evidence_uri|executor|timestamp|reviewer|decision,P0.2 TEMPLATE ISSUED - INTEGRATION AND EXECUTION REQUIRED,ONE NORMATIVE CLAUSE - INDEPENDENT ACCEPTANCE REQUIRED,draft,NOT EXECUTED,SELECTION REQUIRED,SELECTION REQUIRED,NOT APPROVED,"PRELIMINARY - NOT APPROVED FOR FABRICATION, CONNECTION, MOTION, OR ENERGIZATION"
SAFE-010-A03,SAFE-010,3,safety,The enclosure inner boundary shall remain outside the released worst-case stopping-travel volume in every permitted pose and fault case.,MUST,INSPECT-GUARD-001,Completed guard-clearance CSV CAD report photographs probe record and nonconformance disposition,Every guard inner surface remains beyond the released envelope by at least the released minimum clearance all panels require tools for removal and no selected probe reaches a hazardous zone,PASS only if executed INSPECT-GUARD-001 configuration-bound evidence demonstrates: The enclosure inner boundary shall remain outside the released worst-case stopping-travel volume in every permitted pose and fault case.,child_id|configuration_id|procedure_id|procedure_revision|observed_value_or_state|acceptance_limit|result_PASS_or_FAIL|evidence_uri|executor|timestamp|reviewer|decision,P0.2 TEMPLATE ISSUED - INTEGRATION AND EXECUTION REQUIRED,ONE NORMATIVE CLAUSE - INDEPENDENT ACCEPTANCE REQUIRED,draft,NOT EXECUTED,SELECTION REQUIRED,SELECTION REQUIRED,NOT APPROVED,"PRELIMINARY - NOT APPROVED FOR FABRICATION, CONNECTION, MOTION, OR ENERGIZATION"
SAFE-010-A04,SAFE-010,4,safety,The enclosure inner boundary shall remain outside the released maximum-payload extent in every permitted pose and fault case.,MUST,INSPECT-GUARD-001,Completed guard-clearance CSV CAD report photographs probe record and nonconformance disposition,Every guard inner surface remains beyond the released envelope by at least the released minimum clearance all panels require tools for removal and no selected probe reaches a hazardous zone,PASS only if executed INSPECT-GUARD-001 configuration-bound evidence demonstrates: The enclosure inner boundary shall remain outside the released maximum-payload extent in every permitted pose and fault case.,child_id|configuration_id|procedure_id|procedure_revision|observed_value_or_state|acceptance_limit|result_PASS_or_FAIL|evidence_uri|executor|timestamp|reviewer|decision,P0.2 TEMPLATE ISSUED - INTEGRATION AND EXECUTION REQUIRED,ONE NORMATIVE CLAUSE - INDEPENDENT ACCEPTANCE REQUIRED,draft,NOT EXECUTED,SELECTION REQUIRED,SELECTION REQUIRED,NOT APPROVED,"PRELIMINARY - NOT APPROVED FOR FABRICATION, CONNECTION, MOTION, OR ENERGIZATION"
SAFE-010-A05,SAFE-010,5,safety,The enclosure inner boundary shall remain outside the released build-and-calibration tolerance extent in every permitted pose and fault case.,MUST,INSPECT-GUARD-001,Completed guard-clearance CSV CAD report photographs probe record and nonconformance disposition,Every guard inner surface remains beyond the released envelope by at least the released minimum clearance all panels require tools for removal and no selected probe reaches a hazardous zone,PASS only if executed INSPECT-GUARD-001 configuration-bound evidence demonstrates: The enclosure inner boundary shall remain outside the released build-and-calibration tolerance extent in every permitted pose and fault case.,child_id|configuration_id|procedure_id|procedure_revision|observed_value_or_state|acceptance_limit|result_PASS_or_FAIL|evidence_uri|executor|timestamp|reviewer|decision,P0.2 TEMPLATE ISSUED - INTEGRATION AND EXECUTION REQUIRED,ONE NORMATIVE CLAUSE - INDEPENDENT ACCEPTANCE REQUIRED,draft,NOT EXECUTED,SELECTION REQUIRED,SELECTION REQUIRED,NOT APPROVED,"PRELIMINARY - NOT APPROVED FOR FABRICATION, CONNECTION, MOTION, OR ENERGIZATION"
SAFE-010-A06,SAFE-010,6,safety,The enclosure shall preserve the released minimum clearance from the union of all SAFE-010 extents.,MUST,INSPECT-GUARD-001,Completed guard-clearance CSV CAD report photographs probe record and nonconformance disposition,Every guard inner surface remains beyond the released envelope by at least the released minimum clearance all panels require tools for removal and no selected probe reaches a hazardous zone,PASS only if executed INSPECT-GUARD-001 configuration-bound evidence demonstrates: The enclosure shall preserve the released minimum clearance from the union of all SAFE-010 extents.,child_id|configuration_id|procedure_id|procedure_revision|observed_value_or_state|acceptance_limit|result_PASS_or_FAIL|evidence_uri|executor|timestamp|reviewer|decision,P0.2 TEMPLATE ISSUED - INTEGRATION AND EXECUTION REQUIRED,ONE NORMATIVE CLAUSE - INDEPENDENT ACCEPTANCE REQUIRED,draft,NOT EXECUTED,SELECTION REQUIRED,SELECTION REQUIRED,NOT APPROVED,"PRELIMINARY - NOT APPROVED FOR FABRICATION, CONNECTION, MOTION, OR ENERGIZATION"
SAFE-011-A01,SAFE-011,1,safety,A fixed receiver or catch shall contain the permitted foam object after commanded release from every released pose.,MUST,TEST-DROP-001,Completed drop-containment CSV synchronized video photographs and inspection report,Every trial remains inside the fixed catch and guard with no escape rebound access or damage beyond released limits,PASS only if executed TEST-DROP-001 configuration-bound evidence demonstrates: A fixed receiver or catch shall contain the permitted foam object after commanded release from every released pose.,child_id|configuration_id|procedure_id|procedure_revision|observed_value_or_state|acceptance_limit|result_PASS_or_FAIL|evidence_uri|executor|timestamp|reviewer|decision,P0.2 TEMPLATE ISSUED - INTEGRATION AND EXECUTION REQUIRED,ONE NORMATIVE CLAUSE - INDEPENDENT ACCEPTANCE REQUIRED,draft,NOT EXECUTED,SELECTION REQUIRED,SELECTION REQUIRED,NOT APPROVED,"PRELIMINARY - NOT APPROVED FOR FABRICATION, CONNECTION, MOTION, OR ENERGIZATION"
SAFE-011-A02,SAFE-011,2,safety,A fixed receiver or catch shall contain the permitted foam object after gripper fault from every released pose.,MUST,TEST-DROP-001,Completed drop-containment CSV synchronized video photographs and inspection report,Every trial remains inside the fixed catch and guard with no escape rebound access or damage beyond released limits,PASS only if executed TEST-DROP-001 configuration-bound evidence demonstrates: A fixed receiver or catch shall contain the permitted foam object after gripper fault from every released pose.,child_id|configuration_id|procedure_id|procedure_revision|observed_value_or_state|acceptance_limit|result_PASS_or_FAIL|evidence_uri|executor|timestamp|reviewer|decision,P0.2 TEMPLATE ISSUED - INTEGRATION AND EXECUTION REQUIRED,ONE NORMATIVE CLAUSE - INDEPENDENT ACCEPTANCE REQUIRED,draft,NOT EXECUTED,SELECTION REQUIRED,SELECTION REQUIRED,NOT APPROVED,"PRELIMINARY - NOT APPROVED FOR FABRICATION, CONNECTION, MOTION, OR ENERGIZATION"
SAFE-011-A03,SAFE-011,3,safety,A fixed receiver or catch shall contain the permitted foam object after actuator-power loss from every released pose.,MUST,TEST-DROP-001,Completed drop-containment CSV synchronized video photographs and inspection report,Every trial remains inside the fixed catch and guard with no escape rebound access or damage beyond released limits,PASS only if executed TEST-DROP-001 configuration-bound evidence demonstrates: A fixed receiver or catch shall contain the permitted foam object after actuator-power loss from every released pose.,child_id|configuration_id|procedure_id|procedure_revision|observed_value_or_state|acceptance_limit|result_PASS_or_FAIL|evidence_uri|executor|timestamp|reviewer|decision,P0.2 TEMPLATE ISSUED - INTEGRATION AND EXECUTION REQUIRED,ONE NORMATIVE CLAUSE - INDEPENDENT ACCEPTANCE REQUIRED,draft,NOT EXECUTED,SELECTION REQUIRED,SELECTION REQUIRED,NOT APPROVED,"PRELIMINARY - NOT APPROVED FOR FABRICATION, CONNECTION, MOTION, OR ENERGIZATION"
SAFE-011-A04,SAFE-011,4,safety,The contained object shall not escape into an accessible area during any released SAFE-011 case.,MUST,TEST-DROP-001,Completed drop-containment CSV synchronized video photographs and inspection report,Every trial remains inside the fixed catch and guard with no escape rebound access or damage beyond released limits,PASS only if executed TEST-DROP-001 configuration-bound evidence demonstrates: The contained object shall not escape into an accessible area during any released SAFE-011 case.,child_id|configuration_id|procedure_id|procedure_revision|observed_value_or_state|acceptance_limit|result_PASS_or_FAIL|evidence_uri|executor|timestamp|reviewer|decision,P0.2 TEMPLATE ISSUED - INTEGRATION AND EXECUTION REQUIRED,ONE NORMATIVE CLAUSE - INDEPENDENT ACCEPTANCE REQUIRED,draft,NOT EXECUTED,SELECTION REQUIRED,SELECTION REQUIRED,NOT APPROVED,"PRELIMINARY - NOT APPROVED FOR FABRICATION, CONNECTION, MOTION, OR ENERGIZATION"
STANCE-001-A01,STANCE-001,1,stance,Both HR-30C feet shall remain in contact with the released support surface during STANCE-001 acceptance.,MUST,TEST-STANCE-001,Raw force and pose data,Feet support measured weight for 120 s and restraint has no sustained support,PASS only if executed TEST-STANCE-001 configuration-bound evidence demonstrates: Both HR-30C feet shall remain in contact with the released support surface during STANCE-001 acceptance.,child_id|configuration_id|procedure_id|procedure_revision|observed_value_or_state|acceptance_limit|result_PASS_or_FAIL|evidence_uri|executor|timestamp|reviewer|decision,P0.2 TEMPLATE ISSUED - INTEGRATION AND EXECUTION REQUIRED,ONE NORMATIVE CLAUSE - INDEPENDENT ACCEPTANCE REQUIRED,draft,NOT EXECUTED,SELECTION REQUIRED,SELECTION REQUIRED,NOT APPROVED,"PRELIMINARY - NOT APPROVED FOR FABRICATION, CONNECTION, MOTION, OR ENERGIZATION"
STANCE-001-A02,STANCE-001,2,stance,The two feet shall support 100 percent of measured static robot weight during STANCE-001 acceptance.,MUST,TEST-STANCE-001,Raw force and pose data,Feet support measured weight for 120 s and restraint has no sustained support,PASS only if executed TEST-STANCE-001 configuration-bound evidence demonstrates: The two feet shall support 100 percent of measured static robot weight during STANCE-001 acceptance.,child_id|configuration_id|procedure_id|procedure_revision|observed_value_or_state|acceptance_limit|result_PASS_or_FAIL|evidence_uri|executor|timestamp|reviewer|decision,P0.2 TEMPLATE ISSUED - INTEGRATION AND EXECUTION REQUIRED,ONE NORMATIVE CLAUSE - INDEPENDENT ACCEPTANCE REQUIRED,draft,NOT EXECUTED,SELECTION REQUIRED,SELECTION REQUIRED,NOT APPROVED,"PRELIMINARY - NOT APPROVED FOR FABRICATION, CONNECTION, MOTION, OR ENERGIZATION"
STANCE-001-A03,STANCE-001,3,stance,The STANCE-001 load condition shall be maintained for 120 seconds.,MUST,TEST-STANCE-001,Raw force and pose data,Feet support measured weight for 120 s and restraint has no sustained support,PASS only if executed TEST-STANCE-001 configuration-bound evidence demonstrates: The STANCE-001 load condition shall be maintained for 120 seconds.,child_id|configuration_id|procedure_id|procedure_revision|observed_value_or_state|acceptance_limit|result_PASS_or_FAIL|evidence_uri|executor|timestamp|reviewer|decision,P0.2 TEMPLATE ISSUED - INTEGRATION AND EXECUTION REQUIRED,ONE NORMATIVE CLAUSE - INDEPENDENT ACCEPTANCE REQUIRED,draft,NOT EXECUTED,SELECTION REQUIRED,SELECTION REQUIRED,NOT APPROVED,"PRELIMINARY - NOT APPROVED FOR FABRICATION, CONNECTION, MOTION, OR ENERGIZATION"
STANCE-001-A04,STANCE-001,4,stance,The connected restraint shall supply no sustained support during STANCE-001 acceptance.,MUST,TEST-STANCE-001,Raw force and pose data,Feet support measured weight for 120 s and restraint has no sustained support,PASS only if executed TEST-STANCE-001 configuration-bound evidence demonstrates: The connected restraint shall supply no sustained support during STANCE-001 acceptance.,child_id|configuration_id|procedure_id|procedure_revision|observed_value_or_state|acceptance_limit|result_PASS_or_FAIL|evidence_uri|executor|timestamp|reviewer|decision,P0.2 TEMPLATE ISSUED - INTEGRATION AND EXECUTION REQUIRED,ONE NORMATIVE CLAUSE - INDEPENDENT ACCEPTANCE REQUIRED,draft,NOT EXECUTED,SELECTION REQUIRED,SELECTION REQUIRED,NOT APPROVED,"PRELIMINARY - NOT APPROVED FOR FABRICATION, CONNECTION, MOTION, OR ENERGIZATION"
STANCE-002-A01,STANCE-002,1,stance,HR-30C shall complete exactly 100 commanded bilateral weight shifts during STANCE-002 acceptance.,MUST,TEST-STANCE-002,Raw synchronized data and report,All 100 remain within every released limit,PASS only if executed TEST-STANCE-002 configuration-bound evidence demonstrates: HR-30C shall complete exactly 100 commanded bilateral weight shifts during STANCE-002 acceptance.,child_id|configuration_id|procedure_id|procedure_revision|observed_value_or_state|acceptance_limit|result_PASS_or_FAIL|evidence_uri|executor|timestamp|reviewer|decision,P0.2 TEMPLATE ISSUED - INTEGRATION AND EXECUTION REQUIRED,ONE NORMATIVE CLAUSE - INDEPENDENT ACCEPTANCE REQUIRED,draft,NOT EXECUTED,SELECTION REQUIRED,SELECTION REQUIRED,NOT APPROVED,"PRELIMINARY - NOT APPROVED FOR FABRICATION, CONNECTION, MOTION, OR ENERGIZATION"
STANCE-002-A02,STANCE-002,2,stance,Both feet shall remain in contact throughout each accepted STANCE-002 shift.,MUST,TEST-STANCE-002,Raw synchronized data and report,All 100 remain within every released limit,PASS only if executed TEST-STANCE-002 configuration-bound evidence demonstrates: Both feet shall remain in contact throughout each accepted STANCE-002 shift.,child_id|configuration_id|procedure_id|procedure_revision|observed_value_or_state|acceptance_limit|result_PASS_or_FAIL|evidence_uri|executor|timestamp|reviewer|decision,P0.2 TEMPLATE ISSUED - INTEGRATION AND EXECUTION REQUIRED,ONE NORMATIVE CLAUSE - INDEPENDENT ACCEPTANCE REQUIRED,draft,NOT EXECUTED,SELECTION REQUIRED,SELECTION REQUIRED,NOT APPROVED,"PRELIMINARY - NOT APPROVED FOR FABRICATION, CONNECTION, MOTION, OR ENERGIZATION"
STANCE-002-A03,STANCE-002,3,stance,Each STANCE-002 shift shall remain within released force limits.,MUST,TEST-STANCE-002,Raw synchronized data and report,All 100 remain within every released limit,PASS only if executed TEST-STANCE-002 configuration-bound evidence demonstrates: Each STANCE-002 shift shall remain within released force limits.,child_id|configuration_id|procedure_id|procedure_revision|observed_value_or_state|acceptance_limit|result_PASS_or_FAIL|evidence_uri|executor|timestamp|reviewer|decision,P0.2 TEMPLATE ISSUED - INTEGRATION AND EXECUTION REQUIRED,ONE NORMATIVE CLAUSE - INDEPENDENT ACCEPTANCE REQUIRED,draft,NOT EXECUTED,SELECTION REQUIRED,SELECTION REQUIRED,NOT APPROVED,"PRELIMINARY - NOT APPROVED FOR FABRICATION, CONNECTION, MOTION, OR ENERGIZATION"
STANCE-002-A04,STANCE-002,4,stance,Each STANCE-002 shift shall remain within released attitude limits.,MUST,TEST-STANCE-002,Raw synchronized data and report,All 100 remain within every released limit,PASS only if executed TEST-STANCE-002 configuration-bound evidence demonstrates: Each STANCE-002 shift shall remain within released attitude limits.,child_id|configuration_id|procedure_id|procedure_revision|observed_value_or_state|acceptance_limit|result_PASS_or_FAIL|evidence_uri|executor|timestamp|reviewer|decision,P0.2 TEMPLATE ISSUED - INTEGRATION AND EXECUTION REQUIRED,ONE NORMATIVE CLAUSE - INDEPENDENT ACCEPTANCE REQUIRED,draft,NOT EXECUTED,SELECTION REQUIRED,SELECTION REQUIRED,NOT APPROVED,"PRELIMINARY - NOT APPROVED FOR FABRICATION, CONNECTION, MOTION, OR ENERGIZATION"
STANCE-002-A05,STANCE-002,5,stance,Each STANCE-002 shift shall remain within released joint-tracking limits.,MUST,TEST-STANCE-002,Raw synchronized data and report,All 100 remain within every released limit,PASS only if executed TEST-STANCE-002 configuration-bound evidence demonstrates: Each STANCE-002 shift shall remain within released joint-tracking limits.,child_id|configuration_id|procedure_id|procedure_revision|observed_value_or_state|acceptance_limit|result_PASS_or_FAIL|evidence_uri|executor|timestamp|reviewer|decision,P0.2 TEMPLATE ISSUED - INTEGRATION AND EXECUTION REQUIRED,ONE NORMATIVE CLAUSE - INDEPENDENT ACCEPTANCE REQUIRED,draft,NOT EXECUTED,SELECTION REQUIRED,SELECTION REQUIRED,NOT APPROVED,"PRELIMINARY - NOT APPROVED FOR FABRICATION, CONNECTION, MOTION, OR ENERGIZATION"
STANCE-002-A06,STANCE-002,6,stance,Each STANCE-002 shift shall remain within released thermal limits.,MUST,TEST-STANCE-002,Raw synchronized data and report,All 100 remain within every released limit,PASS only if executed TEST-STANCE-002 configuration-bound evidence demonstrates: Each STANCE-002 shift shall remain within released thermal limits.,child_id|configuration_id|procedure_id|procedure_revision|observed_value_or_state|acceptance_limit|result_PASS_or_FAIL|evidence_uri|executor|timestamp|reviewer|decision,P0.2 TEMPLATE ISSUED - INTEGRATION AND EXECUTION REQUIRED,ONE NORMATIVE CLAUSE - INDEPENDENT ACCEPTANCE REQUIRED,draft,NOT EXECUTED,SELECTION REQUIRED,SELECTION REQUIRED,NOT APPROVED,"PRELIMINARY - NOT APPROVED FOR FABRICATION, CONNECTION, MOTION, OR ENERGIZATION"
STANCE-002-A07,STANCE-002,7,stance,Each STANCE-002 shift shall remain within released current limits.,MUST,TEST-STANCE-002,Raw synchronized data and report,All 100 remain within every released limit,PASS only if executed TEST-STANCE-002 configuration-bound evidence demonstrates: Each STANCE-002 shift shall remain within released current limits.,child_id|configuration_id|procedure_id|procedure_revision|observed_value_or_state|acceptance_limit|result_PASS_or_FAIL|evidence_uri|executor|timestamp|reviewer|decision,P0.2 TEMPLATE ISSUED - INTEGRATION AND EXECUTION REQUIRED,ONE NORMATIVE CLAUSE - INDEPENDENT ACCEPTANCE REQUIRED,draft,NOT EXECUTED,SELECTION REQUIRED,SELECTION REQUIRED,NOT APPROVED,"PRELIMINARY - NOT APPROVED FOR FABRICATION, CONNECTION, MOTION, OR ENERGIZATION"
STANCE-002-A08,STANCE-002,8,stance,Each STANCE-002 shift shall remain within released control-deadline limits.,MUST,TEST-STANCE-002,Raw synchronized data and report,All 100 remain within every released limit,PASS only if executed TEST-STANCE-002 configuration-bound evidence demonstrates: Each STANCE-002 shift shall remain within released control-deadline limits.,child_id|configuration_id|procedure_id|procedure_revision|observed_value_or_state|acceptance_limit|result_PASS_or_FAIL|evidence_uri|executor|timestamp|reviewer|decision,P0.2 TEMPLATE ISSUED - INTEGRATION AND EXECUTION REQUIRED,ONE NORMATIVE CLAUSE - INDEPENDENT ACCEPTANCE REQUIRED,draft,NOT EXECUTED,SELECTION REQUIRED,SELECTION REQUIRED,NOT APPROVED,"PRELIMINARY - NOT APPROVED FOR FABRICATION, CONNECTION, MOTION, OR ENERGIZATION"
STANCE-003-A01,STANCE-003,1,stance,Loss of valid planner state during HR-30C stance shall produce the released restrained response.,MUST,TEST-STANCE-003,Raw traces and report,Each fault produces released response and latched restart-required state,PASS only if executed TEST-STANCE-003 configuration-bound evidence demonstrates: Loss of valid planner state during HR-30C stance shall produce the released restrained response.,child_id|configuration_id|procedure_id|procedure_revision|observed_value_or_state|acceptance_limit|result_PASS_or_FAIL|evidence_uri|executor|timestamp|reviewer|decision,P0.2 TEMPLATE ISSUED - INTEGRATION AND EXECUTION REQUIRED,ONE NORMATIVE CLAUSE - INDEPENDENT ACCEPTANCE REQUIRED,draft,NOT EXECUTED,SELECTION REQUIRED,SELECTION REQUIRED,NOT APPROVED,"PRELIMINARY - NOT APPROVED FOR FABRICATION, CONNECTION, MOTION, OR ENERGIZATION"
STANCE-003-A02,STANCE-003,2,stance,Loss of sensor validity during HR-30C stance shall produce the released restrained response.,MUST,TEST-STANCE-003,Raw traces and report,Each fault produces released response and latched restart-required state,PASS only if executed TEST-STANCE-003 configuration-bound evidence demonstrates: Loss of sensor validity during HR-30C stance shall produce the released restrained response.,child_id|configuration_id|procedure_id|procedure_revision|observed_value_or_state|acceptance_limit|result_PASS_or_FAIL|evidence_uri|executor|timestamp|reviewer|decision,P0.2 TEMPLATE ISSUED - INTEGRATION AND EXECUTION REQUIRED,ONE NORMATIVE CLAUSE - INDEPENDENT ACCEPTANCE REQUIRED,draft,NOT EXECUTED,SELECTION REQUIRED,SELECTION REQUIRED,NOT APPROVED,"PRELIMINARY - NOT APPROVED FOR FABRICATION, CONNECTION, MOTION, OR ENERGIZATION"
STANCE-003-A03,STANCE-003,3,stance,Loss of a required control deadline during HR-30C stance shall produce the released restrained response.,MUST,TEST-STANCE-003,Raw traces and report,Each fault produces released response and latched restart-required state,PASS only if executed TEST-STANCE-003 configuration-bound evidence demonstrates: Loss of a required control deadline during HR-30C stance shall produce the released restrained response.,child_id|configuration_id|procedure_id|procedure_revision|observed_value_or_state|acceptance_limit|result_PASS_or_FAIL|evidence_uri|executor|timestamp|reviewer|decision,P0.2 TEMPLATE ISSUED - INTEGRATION AND EXECUTION REQUIRED,ONE NORMATIVE CLAUSE - INDEPENDENT ACCEPTANCE REQUIRED,draft,NOT EXECUTED,SELECTION REQUIRED,SELECTION REQUIRED,NOT APPROVED,"PRELIMINARY - NOT APPROVED FOR FABRICATION, CONNECTION, MOTION, OR ENERGIZATION"
STANCE-003-A04,STANCE-003,4,stance,Loss of supply health during HR-30C stance shall produce the released restrained response.,MUST,TEST-STANCE-003,Raw traces and report,Each fault produces released response and latched restart-required state,PASS only if executed TEST-STANCE-003 configuration-bound evidence demonstrates: Loss of supply health during HR-30C stance shall produce the released restrained response.,child_id|configuration_id|procedure_id|procedure_revision|observed_value_or_state|acceptance_limit|result_PASS_or_FAIL|evidence_uri|executor|timestamp|reviewer|decision,P0.2 TEMPLATE ISSUED - INTEGRATION AND EXECUTION REQUIRED,ONE NORMATIVE CLAUSE - INDEPENDENT ACCEPTANCE REQUIRED,draft,NOT EXECUTED,SELECTION REQUIRED,SELECTION REQUIRED,NOT APPROVED,"PRELIMINARY - NOT APPROVED FOR FABRICATION, CONNECTION, MOTION, OR ENERGIZATION"
STANCE-003-A05,STANCE-003,5,stance,Each STANCE-003 response shall latch a restart-required fault.,MUST,TEST-STANCE-003,Raw traces and report,Each fault produces released response and latched restart-required state,PASS only if executed TEST-STANCE-003 configuration-bound evidence demonstrates: Each STANCE-003 response shall latch a restart-required fault.,child_id|configuration_id|procedure_id|procedure_revision|observed_value_or_state|acceptance_limit|result_PASS_or_FAIL|evidence_uri|executor|timestamp|reviewer|decision,P0.2 TEMPLATE ISSUED - INTEGRATION AND EXECUTION REQUIRED,ONE NORMATIVE CLAUSE - INDEPENDENT ACCEPTANCE REQUIRED,draft,NOT EXECUTED,SELECTION REQUIRED,SELECTION REQUIRED,NOT APPROVED,"PRELIMINARY - NOT APPROVED FOR FABRICATION, CONNECTION, MOTION, OR ENERGIZATION"
STANCE-004-A01,STANCE-004,1,stance,HR-30C powered-stance testing shall not begin until HR-30B acceptance is approved.,MUST,AUDIT-STANCE-001,Signed gate audit,All prerequisites approved before powered stance,PASS only if executed AUDIT-STANCE-001 configuration-bound evidence demonstrates: HR-30C powered-stance testing shall not begin until HR-30B acceptance is approved.,child_id|configuration_id|procedure_id|procedure_revision|observed_value_or_state|acceptance_limit|result_PASS_or_FAIL|evidence_uri|executor|timestamp|reviewer|decision,P0.2 TEMPLATE ISSUED - INTEGRATION AND EXECUTION REQUIRED,ONE NORMATIVE CLAUSE - INDEPENDENT ACCEPTANCE REQUIRED,draft,NOT EXECUTED,SELECTION REQUIRED,SELECTION REQUIRED,NOT APPROVED,"PRELIMINARY - NOT APPROVED FOR FABRICATION, CONNECTION, MOTION, OR ENERGIZATION"
STANCE-004-A02,STANCE-004,2,stance,HR-30C powered-stance testing shall not begin until W0 actuator evidence is approved.,MUST,AUDIT-STANCE-001,Signed gate audit,All prerequisites approved before powered stance,PASS only if executed AUDIT-STANCE-001 configuration-bound evidence demonstrates: HR-30C powered-stance testing shall not begin until W0 actuator evidence is approved.,child_id|configuration_id|procedure_id|procedure_revision|observed_value_or_state|acceptance_limit|result_PASS_or_FAIL|evidence_uri|executor|timestamp|reviewer|decision,P0.2 TEMPLATE ISSUED - INTEGRATION AND EXECUTION REQUIRED,ONE NORMATIVE CLAUSE - INDEPENDENT ACCEPTANCE REQUIRED,draft,NOT EXECUTED,SELECTION REQUIRED,SELECTION REQUIRED,NOT APPROVED,"PRELIMINARY - NOT APPROVED FOR FABRICATION, CONNECTION, MOTION, OR ENERGIZATION"
STANCE-004-A03,STANCE-004,3,stance,HR-30C powered-stance testing shall not begin until W1 joint evidence is approved.,MUST,AUDIT-STANCE-001,Signed gate audit,All prerequisites approved before powered stance,PASS only if executed AUDIT-STANCE-001 configuration-bound evidence demonstrates: HR-30C powered-stance testing shall not begin until W1 joint evidence is approved.,child_id|configuration_id|procedure_id|procedure_revision|observed_value_or_state|acceptance_limit|result_PASS_or_FAIL|evidence_uri|executor|timestamp|reviewer|decision,P0.2 TEMPLATE ISSUED - INTEGRATION AND EXECUTION REQUIRED,ONE NORMATIVE CLAUSE - INDEPENDENT ACCEPTANCE REQUIRED,draft,NOT EXECUTED,SELECTION REQUIRED,SELECTION REQUIRED,NOT APPROVED,"PRELIMINARY - NOT APPROVED FOR FABRICATION, CONNECTION, MOTION, OR ENERGIZATION"
STANCE-004-A04,STANCE-004,4,stance,HR-30C powered-stance testing shall not begin until restraint proof is approved.,MUST,AUDIT-STANCE-001,Signed gate audit,All prerequisites approved before powered stance,PASS only if executed AUDIT-STANCE-001 configuration-bound evidence demonstrates: HR-30C powered-stance testing shall not begin until restraint proof is approved.,child_id|configuration_id|procedure_id|procedure_revision|observed_value_or_state|acceptance_limit|result_PASS_or_FAIL|evidence_uri|executor|timestamp|reviewer|decision,P0.2 TEMPLATE ISSUED - INTEGRATION AND EXECUTION REQUIRED,ONE NORMATIVE CLAUSE - INDEPENDENT ACCEPTANCE REQUIRED,draft,NOT EXECUTED,SELECTION REQUIRED,SELECTION REQUIRED,NOT APPROVED,"PRELIMINARY - NOT APPROVED FOR FABRICATION, CONNECTION, MOTION, OR ENERGIZATION"
STANCE-004-A05,STANCE-004,5,stance,HR-30C powered-stance testing shall not begin until sensor calibration is approved.,MUST,AUDIT-STANCE-001,Signed gate audit,All prerequisites approved before powered stance,PASS only if executed AUDIT-STANCE-001 configuration-bound evidence demonstrates: HR-30C powered-stance testing shall not begin until sensor calibration is approved.,child_id|configuration_id|procedure_id|procedure_revision|observed_value_or_state|acceptance_limit|result_PASS_or_FAIL|evidence_uri|executor|timestamp|reviewer|decision,P0.2 TEMPLATE ISSUED - INTEGRATION AND EXECUTION REQUIRED,ONE NORMATIVE CLAUSE - INDEPENDENT ACCEPTANCE REQUIRED,draft,NOT EXECUTED,SELECTION REQUIRED,SELECTION REQUIRED,NOT APPROVED,"PRELIMINARY - NOT APPROVED FOR FABRICATION, CONNECTION, MOTION, OR ENERGIZATION"
STANCE-004-A06,STANCE-004,6,stance,HR-30C powered-stance testing shall not begin until every enabled-axis qualification record is approved.,MUST,AUDIT-STANCE-001,Signed gate audit,All prerequisites approved before powered stance,PASS only if executed AUDIT-STANCE-001 configuration-bound evidence demonstrates: HR-30C powered-stance testing shall not begin until every enabled-axis qualification record is approved.,child_id|configuration_id|procedure_id|procedure_revision|observed_value_or_state|acceptance_limit|result_PASS_or_FAIL|evidence_uri|executor|timestamp|reviewer|decision,P0.2 TEMPLATE ISSUED - INTEGRATION AND EXECUTION REQUIRED,ONE NORMATIVE CLAUSE - INDEPENDENT ACCEPTANCE REQUIRED,draft,NOT EXECUTED,SELECTION REQUIRED,SELECTION REQUIRED,NOT APPROVED,"PRELIMINARY - NOT APPROVED FOR FABRICATION, CONNECTION, MOTION, OR ENERGIZATION"
SYS-001-A01,SYS-001,1,system,HR-V0 shall be fixed to the accepted bench interface.,MUST,INSPECT-SYS-001,Inspection record,Exactly two arm axes one gripper axis and fixed bench mount,PASS only if executed INSPECT-SYS-001 configuration-bound evidence demonstrates: HR-V0 shall be fixed to the accepted bench interface.,child_id|configuration_id|procedure_id|procedure_revision|observed_value_or_state|acceptance_limit|result_PASS_or_FAIL|evidence_uri|executor|timestamp|reviewer|decision,P0.2 TEMPLATE ISSUED - INTEGRATION AND EXECUTION REQUIRED,ONE NORMATIVE CLAUSE - INDEPENDENT ACCEPTANCE REQUIRED,draft,NOT EXECUTED,SELECTION REQUIRED,SELECTION REQUIRED,NOT APPROVED,"PRELIMINARY - NOT APPROVED FOR FABRICATION, CONNECTION, MOTION, OR ENERGIZATION"
SYS-001-A02,SYS-001,2,system,HR-V0 shall have exactly two powered arm rotation axes.,MUST,INSPECT-SYS-001,Inspection record,Exactly two arm axes one gripper axis and fixed bench mount,PASS only if executed INSPECT-SYS-001 configuration-bound evidence demonstrates: HR-V0 shall have exactly two powered arm rotation axes.,child_id|configuration_id|procedure_id|procedure_revision|observed_value_or_state|acceptance_limit|result_PASS_or_FAIL|evidence_uri|executor|timestamp|reviewer|decision,P0.2 TEMPLATE ISSUED - INTEGRATION AND EXECUTION REQUIRED,ONE NORMATIVE CLAUSE - INDEPENDENT ACCEPTANCE REQUIRED,draft,NOT EXECUTED,SELECTION REQUIRED,SELECTION REQUIRED,NOT APPROVED,"PRELIMINARY - NOT APPROVED FOR FABRICATION, CONNECTION, MOTION, OR ENERGIZATION"
SYS-001-A03,SYS-001,3,system,HR-V0 shall have exactly one powered gripper axis.,MUST,INSPECT-SYS-001,Inspection record,Exactly two arm axes one gripper axis and fixed bench mount,PASS only if executed INSPECT-SYS-001 configuration-bound evidence demonstrates: HR-V0 shall have exactly one powered gripper axis.,child_id|configuration_id|procedure_id|procedure_revision|observed_value_or_state|acceptance_limit|result_PASS_or_FAIL|evidence_uri|executor|timestamp|reviewer|decision,P0.2 TEMPLATE ISSUED - INTEGRATION AND EXECUTION REQUIRED,ONE NORMATIVE CLAUSE - INDEPENDENT ACCEPTANCE REQUIRED,draft,NOT EXECUTED,SELECTION REQUIRED,SELECTION REQUIRED,NOT APPROVED,"PRELIMINARY - NOT APPROVED FOR FABRICATION, CONNECTION, MOTION, OR ENERGIZATION"
SYS-002-A01,SYS-002,1,system,HR-V0 shall transfer exactly one controlled soft-foam object per accepted cycle.,MUST,TEST-HAND-001,Completed 100-row handoff CSV summary CSV object pre/post record raw controller/fault/telemetry logs synchronized video fixture photographs calibration records deviation/nonconformance dispositions teardown inspection and signed qualified test report,Exactly 100 cycles are attempted; at least 99 transfers succeed; zero unsafe faults occur; zero payloads escape the released catch/guard; every cycle has synchronized object/configuration/log/video identity; post-test object inspection meets separately released damage and permanent-set limits,PASS only if executed TEST-HAND-001 configuration-bound evidence demonstrates: HR-V0 shall transfer exactly one controlled soft-foam object per accepted cycle.,child_id|configuration_id|procedure_id|procedure_revision|observed_value_or_state|acceptance_limit|result_PASS_or_FAIL|evidence_uri|executor|timestamp|reviewer|decision,P0.2 TEMPLATE ISSUED - INTEGRATION AND EXECUTION REQUIRED,ONE NORMATIVE CLAUSE - INDEPENDENT ACCEPTANCE REQUIRED,draft,NOT EXECUTED,SELECTION REQUIRED,SELECTION REQUIRED,NOT APPROVED,"PRELIMINARY - NOT APPROVED FOR FABRICATION, CONNECTION, MOTION, OR ENERGIZATION"
SYS-002-A02,SYS-002,2,system,The accepted handoff object mass including measurement uncertainty shall not exceed 100 g.,MUST,TEST-HAND-001,Completed 100-row handoff CSV summary CSV object pre/post record raw controller/fault/telemetry logs synchronized video fixture photographs calibration records deviation/nonconformance dispositions teardown inspection and signed qualified test report,Exactly 100 cycles are attempted; at least 99 transfers succeed; zero unsafe faults occur; zero payloads escape the released catch/guard; every cycle has synchronized object/configuration/log/video identity; post-test object inspection meets separately released damage and permanent-set limits,PASS only if executed TEST-HAND-001 configuration-bound evidence demonstrates: The accepted handoff object mass including measurement uncertainty shall not exceed 100 g.,child_id|configuration_id|procedure_id|procedure_revision|observed_value_or_state|acceptance_limit|result_PASS_or_FAIL|evidence_uri|executor|timestamp|reviewer|decision,P0.2 TEMPLATE ISSUED - INTEGRATION AND EXECUTION REQUIRED,ONE NORMATIVE CLAUSE - INDEPENDENT ACCEPTANCE REQUIRED,draft,NOT EXECUTED,SELECTION REQUIRED,SELECTION REQUIRED,NOT APPROVED,"PRELIMINARY - NOT APPROVED FOR FABRICATION, CONNECTION, MOTION, OR ENERGIZATION"
SYS-002-A03,SYS-002,3,system,Each accepted principal handoff-object dimension including measurement uncertainty shall be from 40 mm through 70 mm.,MUST,TEST-HAND-001,Completed 100-row handoff CSV summary CSV object pre/post record raw controller/fault/telemetry logs synchronized video fixture photographs calibration records deviation/nonconformance dispositions teardown inspection and signed qualified test report,Exactly 100 cycles are attempted; at least 99 transfers succeed; zero unsafe faults occur; zero payloads escape the released catch/guard; every cycle has synchronized object/configuration/log/video identity; post-test object inspection meets separately released damage and permanent-set limits,PASS only if executed TEST-HAND-001 configuration-bound evidence demonstrates: Each accepted principal handoff-object dimension including measurement uncertainty shall be from 40 mm through 70 mm.,child_id|configuration_id|procedure_id|procedure_revision|observed_value_or_state|acceptance_limit|result_PASS_or_FAIL|evidence_uri|executor|timestamp|reviewer|decision,P0.2 TEMPLATE ISSUED - INTEGRATION AND EXECUTION REQUIRED,ONE NORMATIVE CLAUSE - INDEPENDENT ACCEPTANCE REQUIRED,draft,NOT EXECUTED,SELECTION REQUIRED,SELECTION REQUIRED,NOT APPROVED,"PRELIMINARY - NOT APPROVED FOR FABRICATION, CONNECTION, MOTION, OR ENERGIZATION"
SYS-004-A01,SYS-004,1,system,Automatic tool-center speed shall not exceed 0.15 m/s in any released pose.,MUST,TEST-CTRL-001,Raw trajectories calculations and report,Measured TCP speed never exceeds 0.15 m/s,PASS only if executed TEST-CTRL-001 configuration-bound evidence demonstrates: Automatic tool-center speed shall not exceed 0.15 m/s in any released pose.,child_id|configuration_id|procedure_id|procedure_revision|observed_value_or_state|acceptance_limit|result_PASS_or_FAIL|evidence_uri|executor|timestamp|reviewer|decision,P0.2 TEMPLATE ISSUED - INTEGRATION AND EXECUTION REQUIRED,ONE NORMATIVE CLAUSE - INDEPENDENT ACCEPTANCE REQUIRED,draft,NOT EXECUTED,SELECTION REQUIRED,SELECTION REQUIRED,NOT APPROVED,"PRELIMINARY - NOT APPROVED FOR FABRICATION, CONNECTION, MOTION, OR ENERGIZATION"
SYS-004-A02,SYS-004,2,system,The controller shall derive pose-dependent joint-rate limits from the commanded kinematics.,MUST,TEST-CTRL-001,Raw trajectories calculations and report,Measured TCP speed never exceeds 0.15 m/s,PASS only if executed TEST-CTRL-001 configuration-bound evidence demonstrates: The controller shall derive pose-dependent joint-rate limits from the commanded kinematics.,child_id|configuration_id|procedure_id|procedure_revision|observed_value_or_state|acceptance_limit|result_PASS_or_FAIL|evidence_uri|executor|timestamp|reviewer|decision,P0.2 TEMPLATE ISSUED - INTEGRATION AND EXECUTION REQUIRED,ONE NORMATIVE CLAUSE - INDEPENDENT ACCEPTANCE REQUIRED,draft,NOT EXECUTED,SELECTION REQUIRED,SELECTION REQUIRED,NOT APPROVED,"PRELIMINARY - NOT APPROVED FOR FABRICATION, CONNECTION, MOTION, OR ENERGIZATION"
SYS-004-A03,SYS-004,3,system,Every automatic joint-rate command shall also remain at or below 30 deg/s.,MUST,TEST-CTRL-001,Raw trajectories calculations and report,Measured TCP speed never exceeds 0.15 m/s,PASS only if executed TEST-CTRL-001 configuration-bound evidence demonstrates: Every automatic joint-rate command shall also remain at or below 30 deg/s.,child_id|configuration_id|procedure_id|procedure_revision|observed_value_or_state|acceptance_limit|result_PASS_or_FAIL|evidence_uri|executor|timestamp|reviewer|decision,P0.2 TEMPLATE ISSUED - INTEGRATION AND EXECUTION REQUIRED,ONE NORMATIVE CLAUSE - INDEPENDENT ACCEPTANCE REQUIRED,draft,NOT EXECUTED,SELECTION REQUIRED,SELECTION REQUIRED,NOT APPROVED,"PRELIMINARY - NOT APPROVED FOR FABRICATION, CONNECTION, MOTION, OR ENERGIZATION"
SYS-004-A04,SYS-004,4,system,Verification of the 30 deg/s joint-rate ceiling shall not substitute for verification of the 0.15 m/s tool-center limit.,MUST,TEST-CTRL-001,Raw trajectories calculations and report,Measured TCP speed never exceeds 0.15 m/s,PASS only if executed TEST-CTRL-001 configuration-bound evidence demonstrates: Verification of the 30 deg/s joint-rate ceiling shall not substitute for verification of the 0.15 m/s tool-center limit.,child_id|configuration_id|procedure_id|procedure_revision|observed_value_or_state|acceptance_limit|result_PASS_or_FAIL|evidence_uri|executor|timestamp|reviewer|decision,P0.2 TEMPLATE ISSUED - INTEGRATION AND EXECUTION REQUIRED,ONE NORMATIVE CLAUSE - INDEPENDENT ACCEPTANCE REQUIRED,draft,NOT EXECUTED,SELECTION REQUIRED,SELECTION REQUIRED,NOT APPROVED,"PRELIMINARY - NOT APPROVED FOR FABRICATION, CONNECTION, MOTION, OR ENERGIZATION"
SYS-005-A01,SYS-005,1,system,Setup motion shall require continuous hold-to-run actuation.,MUST,TEST-CTRL-002,Raw logs and report,Motion requires hold-to-run and never exceeds 10 deg/s,PASS only if executed TEST-CTRL-002 configuration-bound evidence demonstrates: Setup motion shall require continuous hold-to-run actuation.,child_id|configuration_id|procedure_id|procedure_revision|observed_value_or_state|acceptance_limit|result_PASS_or_FAIL|evidence_uri|executor|timestamp|reviewer|decision,P0.2 TEMPLATE ISSUED - INTEGRATION AND EXECUTION REQUIRED,ONE NORMATIVE CLAUSE - INDEPENDENT ACCEPTANCE REQUIRED,draft,NOT EXECUTED,SELECTION REQUIRED,SELECTION REQUIRED,NOT APPROVED,"PRELIMINARY - NOT APPROVED FOR FABRICATION, CONNECTION, MOTION, OR ENERGIZATION"
SYS-005-A02,SYS-005,2,system,Setup joint speed shall not exceed 10 deg/s.,MUST,TEST-CTRL-002,Raw logs and report,Motion requires hold-to-run and never exceeds 10 deg/s,PASS only if executed TEST-CTRL-002 configuration-bound evidence demonstrates: Setup joint speed shall not exceed 10 deg/s.,child_id|configuration_id|procedure_id|procedure_revision|observed_value_or_state|acceptance_limit|result_PASS_or_FAIL|evidence_uri|executor|timestamp|reviewer|decision,P0.2 TEMPLATE ISSUED - INTEGRATION AND EXECUTION REQUIRED,ONE NORMATIVE CLAUSE - INDEPENDENT ACCEPTANCE REQUIRED,draft,NOT EXECUTED,SELECTION REQUIRED,SELECTION REQUIRED,NOT APPROVED,"PRELIMINARY - NOT APPROVED FOR FABRICATION, CONNECTION, MOTION, OR ENERGIZATION"
SYS-006-A01,SYS-006,1,system,The released system operating location shall be indoors.,MUST,TEST-ENV-001,Raw environmental and system logs,Pass at 18 and 28 deg C in dry noncondensing conditions,PASS only if executed TEST-ENV-001 configuration-bound evidence demonstrates: The released system operating location shall be indoors.,child_id|configuration_id|procedure_id|procedure_revision|observed_value_or_state|acceptance_limit|result_PASS_or_FAIL|evidence_uri|executor|timestamp|reviewer|decision,P0.2 TEMPLATE ISSUED - INTEGRATION AND EXECUTION REQUIRED,ONE NORMATIVE CLAUSE - INDEPENDENT ACCEPTANCE REQUIRED,draft,NOT EXECUTED,SELECTION REQUIRED,SELECTION REQUIRED,NOT APPROVED,"PRELIMINARY - NOT APPROVED FOR FABRICATION, CONNECTION, MOTION, OR ENERGIZATION"
SYS-006-A02,SYS-006,2,system,The released system operating ambient shall remain from 18 deg C through 28 deg C.,MUST,TEST-ENV-001,Raw environmental and system logs,Pass at 18 and 28 deg C in dry noncondensing conditions,PASS only if executed TEST-ENV-001 configuration-bound evidence demonstrates: The released system operating ambient shall remain from 18 deg C through 28 deg C.,child_id|configuration_id|procedure_id|procedure_revision|observed_value_or_state|acceptance_limit|result_PASS_or_FAIL|evidence_uri|executor|timestamp|reviewer|decision,P0.2 TEMPLATE ISSUED - INTEGRATION AND EXECUTION REQUIRED,ONE NORMATIVE CLAUSE - INDEPENDENT ACCEPTANCE REQUIRED,draft,NOT EXECUTED,SELECTION REQUIRED,SELECTION REQUIRED,NOT APPROVED,"PRELIMINARY - NOT APPROVED FOR FABRICATION, CONNECTION, MOTION, OR ENERGIZATION"
SYS-006-A03,SYS-006,3,system,The released system operating environment shall remain dry and noncondensing.,MUST,TEST-ENV-001,Raw environmental and system logs,Pass at 18 and 28 deg C in dry noncondensing conditions,PASS only if executed TEST-ENV-001 configuration-bound evidence demonstrates: The released system operating environment shall remain dry and noncondensing.,child_id|configuration_id|procedure_id|procedure_revision|observed_value_or_state|acceptance_limit|result_PASS_or_FAIL|evidence_uri|executor|timestamp|reviewer|decision,P0.2 TEMPLATE ISSUED - INTEGRATION AND EXECUTION REQUIRED,ONE NORMATIVE CLAUSE - INDEPENDENT ACCEPTANCE REQUIRED,draft,NOT EXECUTED,SELECTION REQUIRED,SELECTION REQUIRED,NOT APPROVED,"PRELIMINARY - NOT APPROVED FOR FABRICATION, CONNECTION, MOTION, OR ENERGIZATION"
THERM-001-A01,THERM-001,1,thermal,Arm-actuator case temperature shall remain below the provisional 65 deg C limit during the validated duty cycle at the released ambient condition.,MUST,TEST-THERM-001,Raw temperature current and ambient data,Arm cases below 65 C gripper below 60 C and conductor rise below 20 C,PASS only if executed TEST-THERM-001 configuration-bound evidence demonstrates: Arm-actuator case temperature shall remain below the provisional 65 deg C limit during the validated duty cycle at the released ambient condition.,child_id|configuration_id|procedure_id|procedure_revision|observed_value_or_state|acceptance_limit|result_PASS_or_FAIL|evidence_uri|executor|timestamp|reviewer|decision,P0.2 TEMPLATE ISSUED - INTEGRATION AND EXECUTION REQUIRED,ONE NORMATIVE CLAUSE - INDEPENDENT ACCEPTANCE REQUIRED,draft,NOT EXECUTED,SELECTION REQUIRED,SELECTION REQUIRED,NOT APPROVED,"PRELIMINARY - NOT APPROVED FOR FABRICATION, CONNECTION, MOTION, OR ENERGIZATION"
THERM-001-A02,THERM-001,2,thermal,Gripper-actuator case temperature shall remain below the provisional 60 deg C limit during the validated duty cycle at the released ambient condition.,MUST,TEST-THERM-001,Raw temperature current and ambient data,Arm cases below 65 C gripper below 60 C and conductor rise below 20 C,PASS only if executed TEST-THERM-001 configuration-bound evidence demonstrates: Gripper-actuator case temperature shall remain below the provisional 60 deg C limit during the validated duty cycle at the released ambient condition.,child_id|configuration_id|procedure_id|procedure_revision|observed_value_or_state|acceptance_limit|result_PASS_or_FAIL|evidence_uri|executor|timestamp|reviewer|decision,P0.2 TEMPLATE ISSUED - INTEGRATION AND EXECUTION REQUIRED,ONE NORMATIVE CLAUSE - INDEPENDENT ACCEPTANCE REQUIRED,draft,NOT EXECUTED,SELECTION REQUIRED,SELECTION REQUIRED,NOT APPROVED,"PRELIMINARY - NOT APPROVED FOR FABRICATION, CONNECTION, MOTION, OR ENERGIZATION"
THERM-001-A03,THERM-001,3,thermal,Power-conductor temperature rise shall remain below 20 deg C during the validated duty cycle at the released ambient condition.,MUST,TEST-THERM-001,Raw temperature current and ambient data,Arm cases below 65 C gripper below 60 C and conductor rise below 20 C,PASS only if executed TEST-THERM-001 configuration-bound evidence demonstrates: Power-conductor temperature rise shall remain below 20 deg C during the validated duty cycle at the released ambient condition.,child_id|configuration_id|procedure_id|procedure_revision|observed_value_or_state|acceptance_limit|result_PASS_or_FAIL|evidence_uri|executor|timestamp|reviewer|decision,P0.2 TEMPLATE ISSUED - INTEGRATION AND EXECUTION REQUIRED,ONE NORMATIVE CLAUSE - INDEPENDENT ACCEPTANCE REQUIRED,draft,NOT EXECUTED,SELECTION REQUIRED,SELECTION REQUIRED,NOT APPROVED,"PRELIMINARY - NOT APPROVED FOR FABRICATION, CONNECTION, MOTION, OR ENERGIZATION"
VER-001-A01,VER-001,1,verification,The released HR-V0 endurance run shall attempt exactly 100 fixture handoffs.,MUST,TEST-HAND-001,Completed 100-row handoff CSV summary CSV object pre/post record raw controller/fault/telemetry logs synchronized video fixture photographs calibration records deviation/nonconformance dispositions teardown inspection and signed qualified test report,Exactly 100 cycles are attempted; at least 99 transfers succeed; zero unsafe faults occur; zero payloads escape the released catch/guard; every cycle has synchronized object/configuration/log/video identity; post-test object inspection meets separately released damage and permanent-set limits,PASS only if executed TEST-HAND-001 configuration-bound evidence demonstrates: The released HR-V0 endurance run shall attempt exactly 100 fixture handoffs.,child_id|configuration_id|procedure_id|procedure_revision|observed_value_or_state|acceptance_limit|result_PASS_or_FAIL|evidence_uri|executor|timestamp|reviewer|decision,P0.2 TEMPLATE ISSUED - INTEGRATION AND EXECUTION REQUIRED,ONE NORMATIVE CLAUSE - INDEPENDENT ACCEPTANCE REQUIRED,draft,NOT EXECUTED,SELECTION REQUIRED,SELECTION REQUIRED,NOT APPROVED,"PRELIMINARY - NOT APPROVED FOR FABRICATION, CONNECTION, MOTION, OR ENERGIZATION"
VER-001-A02,VER-001,2,verification,The released HR-V0 endurance run shall complete at least 99 successful fixture handoffs.,MUST,TEST-HAND-001,Completed 100-row handoff CSV summary CSV object pre/post record raw controller/fault/telemetry logs synchronized video fixture photographs calibration records deviation/nonconformance dispositions teardown inspection and signed qualified test report,Exactly 100 cycles are attempted; at least 99 transfers succeed; zero unsafe faults occur; zero payloads escape the released catch/guard; every cycle has synchronized object/configuration/log/video identity; post-test object inspection meets separately released damage and permanent-set limits,PASS only if executed TEST-HAND-001 configuration-bound evidence demonstrates: The released HR-V0 endurance run shall complete at least 99 successful fixture handoffs.,child_id|configuration_id|procedure_id|procedure_revision|observed_value_or_state|acceptance_limit|result_PASS_or_FAIL|evidence_uri|executor|timestamp|reviewer|decision,P0.2 TEMPLATE ISSUED - INTEGRATION AND EXECUTION REQUIRED,ONE NORMATIVE CLAUSE - INDEPENDENT ACCEPTANCE REQUIRED,draft,NOT EXECUTED,SELECTION REQUIRED,SELECTION REQUIRED,NOT APPROVED,"PRELIMINARY - NOT APPROVED FOR FABRICATION, CONNECTION, MOTION, OR ENERGIZATION"
VER-001-A03,VER-001,3,verification,The released HR-V0 endurance run shall contain zero unsafe faults.,MUST,TEST-HAND-001,Completed 100-row handoff CSV summary CSV object pre/post record raw controller/fault/telemetry logs synchronized video fixture photographs calibration records deviation/nonconformance dispositions teardown inspection and signed qualified test report,Exactly 100 cycles are attempted; at least 99 transfers succeed; zero unsafe faults occur; zero payloads escape the released catch/guard; every cycle has synchronized object/configuration/log/video identity; post-test object inspection meets separately released damage and permanent-set limits,PASS only if executed TEST-HAND-001 configuration-bound evidence demonstrates: The released HR-V0 endurance run shall contain zero unsafe faults.,child_id|configuration_id|procedure_id|procedure_revision|observed_value_or_state|acceptance_limit|result_PASS_or_FAIL|evidence_uri|executor|timestamp|reviewer|decision,P0.2 TEMPLATE ISSUED - INTEGRATION AND EXECUTION REQUIRED,ONE NORMATIVE CLAUSE - INDEPENDENT ACCEPTANCE REQUIRED,draft,NOT EXECUTED,SELECTION REQUIRED,SELECTION REQUIRED,NOT APPROVED,"PRELIMINARY - NOT APPROVED FOR FABRICATION, CONNECTION, MOTION, OR ENERGIZATION"
WALK-002-A01,WALK-002,1,walking,HR-30W shall start from the released standing state without external support.,MUST,TEST-WALK-002,Raw data video and report,Speed remains 0.10 to 0.14 m/s and stop completes within two steps,PASS only if executed TEST-WALK-002 configuration-bound evidence demonstrates: HR-30W shall start from the released standing state without external support.,child_id|configuration_id|procedure_id|procedure_revision|observed_value_or_state|acceptance_limit|result_PASS_or_FAIL|evidence_uri|executor|timestamp|reviewer|decision,P0.2 TEMPLATE ISSUED - INTEGRATION AND EXECUTION REQUIRED,ONE NORMATIVE CLAUSE - INDEPENDENT ACCEPTANCE REQUIRED,draft,NOT EXECUTED,SELECTION REQUIRED,SELECTION REQUIRED,NOT APPROVED,"PRELIMINARY - NOT APPROVED FOR FABRICATION, CONNECTION, MOTION, OR ENERGIZATION"
WALK-002-A02,WALK-002,2,walking,HR-30W shall walk 25 m at a speed from 0.10 m/s through 0.14 m/s.,MUST,TEST-WALK-002,Raw data video and report,Speed remains 0.10 to 0.14 m/s and stop completes within two steps,PASS only if executed TEST-WALK-002 configuration-bound evidence demonstrates: HR-30W shall walk 25 m at a speed from 0.10 m/s through 0.14 m/s.,child_id|configuration_id|procedure_id|procedure_revision|observed_value_or_state|acceptance_limit|result_PASS_or_FAIL|evidence_uri|executor|timestamp|reviewer|decision,P0.2 TEMPLATE ISSUED - INTEGRATION AND EXECUTION REQUIRED,ONE NORMATIVE CLAUSE - INDEPENDENT ACCEPTANCE REQUIRED,draft,NOT EXECUTED,SELECTION REQUIRED,SELECTION REQUIRED,NOT APPROVED,"PRELIMINARY - NOT APPROVED FOR FABRICATION, CONNECTION, MOTION, OR ENERGIZATION"
WALK-002-A03,WALK-002,3,walking,HR-30W shall stop within two steps after the released stop command.,MUST,TEST-WALK-002,Raw data video and report,Speed remains 0.10 to 0.14 m/s and stop completes within two steps,PASS only if executed TEST-WALK-002 configuration-bound evidence demonstrates: HR-30W shall stop within two steps after the released stop command.,child_id|configuration_id|procedure_id|procedure_revision|observed_value_or_state|acceptance_limit|result_PASS_or_FAIL|evidence_uri|executor|timestamp|reviewer|decision,P0.2 TEMPLATE ISSUED - INTEGRATION AND EXECUTION REQUIRED,ONE NORMATIVE CLAUSE - INDEPENDENT ACCEPTANCE REQUIRED,draft,NOT EXECUTED,SELECTION REQUIRED,SELECTION REQUIRED,NOT APPROVED,"PRELIMINARY - NOT APPROVED FOR FABRICATION, CONNECTION, MOTION, OR ENERGIZATION"
WALK-002-A04,WALK-002,4,walking,HR-30W shall remain standing after the WALK-002 stop.,MUST,TEST-WALK-002,Raw data video and report,Speed remains 0.10 to 0.14 m/s and stop completes within two steps,PASS only if executed TEST-WALK-002 configuration-bound evidence demonstrates: HR-30W shall remain standing after the WALK-002 stop.,child_id|configuration_id|procedure_id|procedure_revision|observed_value_or_state|acceptance_limit|result_PASS_or_FAIL|evidence_uri|executor|timestamp|reviewer|decision,P0.2 TEMPLATE ISSUED - INTEGRATION AND EXECUTION REQUIRED,ONE NORMATIVE CLAUSE - INDEPENDENT ACCEPTANCE REQUIRED,draft,NOT EXECUTED,SELECTION REQUIRED,SELECTION REQUIRED,NOT APPROVED,"PRELIMINARY - NOT APPROVED FOR FABRICATION, CONNECTION, MOTION, OR ENERGIZATION"
WALK-002-A05,WALK-002,5,walking,Any walking speed above 0.14 m/s shall require a later released torque-speed validation.,MUST,TEST-WALK-002,Raw data video and report,Speed remains 0.10 to 0.14 m/s and stop completes within two steps,PASS only if executed TEST-WALK-002 configuration-bound evidence demonstrates: Any walking speed above 0.14 m/s shall require a later released torque-speed validation.,child_id|configuration_id|procedure_id|procedure_revision|observed_value_or_state|acceptance_limit|result_PASS_or_FAIL|evidence_uri|executor|timestamp|reviewer|decision,P0.2 TEMPLATE ISSUED - INTEGRATION AND EXECUTION REQUIRED,ONE NORMATIVE CLAUSE - INDEPENDENT ACCEPTANCE REQUIRED,draft,NOT EXECUTED,SELECTION REQUIRED,SELECTION REQUIRED,NOT APPROVED,"PRELIMINARY - NOT APPROVED FOR FABRICATION, CONNECTION, MOTION, OR ENERGIZATION"
WALK-002-A06,WALK-002,6,walking,Any walking speed above 0.14 m/s shall require a later released gait validation.,MUST,TEST-WALK-002,Raw data video and report,Speed remains 0.10 to 0.14 m/s and stop completes within two steps,PASS only if executed TEST-WALK-002 configuration-bound evidence demonstrates: Any walking speed above 0.14 m/s shall require a later released gait validation.,child_id|configuration_id|procedure_id|procedure_revision|observed_value_or_state|acceptance_limit|result_PASS_or_FAIL|evidence_uri|executor|timestamp|reviewer|decision,P0.2 TEMPLATE ISSUED - INTEGRATION AND EXECUTION REQUIRED,ONE NORMATIVE CLAUSE - INDEPENDENT ACCEPTANCE REQUIRED,draft,NOT EXECUTED,SELECTION REQUIRED,SELECTION REQUIRED,NOT APPROVED,"PRELIMINARY - NOT APPROVED FOR FABRICATION, CONNECTION, MOTION, OR ENERGIZATION"
WALK-003-A01,WALK-003,1,walking,HR-30W shall turn 90 degrees left within five steps without external support.,MUST,TEST-WALK-003,Raw data video and report,Each 90 degree turn completes within five steps without support,PASS only if executed TEST-WALK-003 configuration-bound evidence demonstrates: HR-30W shall turn 90 degrees left within five steps without external support.,child_id|configuration_id|procedure_id|procedure_revision|observed_value_or_state|acceptance_limit|result_PASS_or_FAIL|evidence_uri|executor|timestamp|reviewer|decision,P0.2 TEMPLATE ISSUED - INTEGRATION AND EXECUTION REQUIRED,ONE NORMATIVE CLAUSE - INDEPENDENT ACCEPTANCE REQUIRED,draft,NOT EXECUTED,SELECTION REQUIRED,SELECTION REQUIRED,NOT APPROVED,"PRELIMINARY - NOT APPROVED FOR FABRICATION, CONNECTION, MOTION, OR ENERGIZATION"
WALK-003-A02,WALK-003,2,walking,HR-30W shall turn 90 degrees right within five steps without external support.,MUST,TEST-WALK-003,Raw data video and report,Each 90 degree turn completes within five steps without support,PASS only if executed TEST-WALK-003 configuration-bound evidence demonstrates: HR-30W shall turn 90 degrees right within five steps without external support.,child_id|configuration_id|procedure_id|procedure_revision|observed_value_or_state|acceptance_limit|result_PASS_or_FAIL|evidence_uri|executor|timestamp|reviewer|decision,P0.2 TEMPLATE ISSUED - INTEGRATION AND EXECUTION REQUIRED,ONE NORMATIVE CLAUSE - INDEPENDENT ACCEPTANCE REQUIRED,draft,NOT EXECUTED,SELECTION REQUIRED,SELECTION REQUIRED,NOT APPROVED,"PRELIMINARY - NOT APPROVED FOR FABRICATION, CONNECTION, MOTION, OR ENERGIZATION"
WALK-004-A01,WALK-004,1,walking,HR-30W shall complete 30 minutes of cumulative walking in the released test campaign.,MUST,TEST-WALK-004,Raw data and report,Complete 30 min without any released-limit violation,PASS only if executed TEST-WALK-004 configuration-bound evidence demonstrates: HR-30W shall complete 30 minutes of cumulative walking in the released test campaign.,child_id|configuration_id|procedure_id|procedure_revision|observed_value_or_state|acceptance_limit|result_PASS_or_FAIL|evidence_uri|executor|timestamp|reviewer|decision,P0.2 TEMPLATE ISSUED - INTEGRATION AND EXECUTION REQUIRED,ONE NORMATIVE CLAUSE - INDEPENDENT ACCEPTANCE REQUIRED,draft,NOT EXECUTED,SELECTION REQUIRED,SELECTION REQUIRED,NOT APPROVED,"PRELIMINARY - NOT APPROVED FOR FABRICATION, CONNECTION, MOTION, OR ENERGIZATION"
WALK-004-A02,WALK-004,2,walking,HR-30W shall remain within released thermal limits throughout the WALK-004 campaign.,MUST,TEST-WALK-004,Raw data and report,Complete 30 min without any released-limit violation,PASS only if executed TEST-WALK-004 configuration-bound evidence demonstrates: HR-30W shall remain within released thermal limits throughout the WALK-004 campaign.,child_id|configuration_id|procedure_id|procedure_revision|observed_value_or_state|acceptance_limit|result_PASS_or_FAIL|evidence_uri|executor|timestamp|reviewer|decision,P0.2 TEMPLATE ISSUED - INTEGRATION AND EXECUTION REQUIRED,ONE NORMATIVE CLAUSE - INDEPENDENT ACCEPTANCE REQUIRED,draft,NOT EXECUTED,SELECTION REQUIRED,SELECTION REQUIRED,NOT APPROVED,"PRELIMINARY - NOT APPROVED FOR FABRICATION, CONNECTION, MOTION, OR ENERGIZATION"
WALK-004-A03,WALK-004,3,walking,HR-30W shall remain within released current limits throughout the WALK-004 campaign.,MUST,TEST-WALK-004,Raw data and report,Complete 30 min without any released-limit violation,PASS only if executed TEST-WALK-004 configuration-bound evidence demonstrates: HR-30W shall remain within released current limits throughout the WALK-004 campaign.,child_id|configuration_id|procedure_id|procedure_revision|observed_value_or_state|acceptance_limit|result_PASS_or_FAIL|evidence_uri|executor|timestamp|reviewer|decision,P0.2 TEMPLATE ISSUED - INTEGRATION AND EXECUTION REQUIRED,ONE NORMATIVE CLAUSE - INDEPENDENT ACCEPTANCE REQUIRED,draft,NOT EXECUTED,SELECTION REQUIRED,SELECTION REQUIRED,NOT APPROVED,"PRELIMINARY - NOT APPROVED FOR FABRICATION, CONNECTION, MOTION, OR ENERGIZATION"
WALK-004-A04,WALK-004,4,walking,HR-30W shall remain within released voltage limits throughout the WALK-004 campaign.,MUST,TEST-WALK-004,Raw data and report,Complete 30 min without any released-limit violation,PASS only if executed TEST-WALK-004 configuration-bound evidence demonstrates: HR-30W shall remain within released voltage limits throughout the WALK-004 campaign.,child_id|configuration_id|procedure_id|procedure_revision|observed_value_or_state|acceptance_limit|result_PASS_or_FAIL|evidence_uri|executor|timestamp|reviewer|decision,P0.2 TEMPLATE ISSUED - INTEGRATION AND EXECUTION REQUIRED,ONE NORMATIVE CLAUSE - INDEPENDENT ACCEPTANCE REQUIRED,draft,NOT EXECUTED,SELECTION REQUIRED,SELECTION REQUIRED,NOT APPROVED,"PRELIMINARY - NOT APPROVED FOR FABRICATION, CONNECTION, MOTION, OR ENERGIZATION"
WALK-004-A05,WALK-004,5,walking,HR-30W shall remain within released energy limits throughout the WALK-004 campaign.,MUST,TEST-WALK-004,Raw data and report,Complete 30 min without any released-limit violation,PASS only if executed TEST-WALK-004 configuration-bound evidence demonstrates: HR-30W shall remain within released energy limits throughout the WALK-004 campaign.,child_id|configuration_id|procedure_id|procedure_revision|observed_value_or_state|acceptance_limit|result_PASS_or_FAIL|evidence_uri|executor|timestamp|reviewer|decision,P0.2 TEMPLATE ISSUED - INTEGRATION AND EXECUTION REQUIRED,ONE NORMATIVE CLAUSE - INDEPENDENT ACCEPTANCE REQUIRED,draft,NOT EXECUTED,SELECTION REQUIRED,SELECTION REQUIRED,NOT APPROVED,"PRELIMINARY - NOT APPROVED FOR FABRICATION, CONNECTION, MOTION, OR ENERGIZATION"
WALK-005-A01,WALK-005,1,walking,The HR-30D overhead tether shall remain slack during released walking when no fall arrest is occurring.,MUST,TEST-WALK-005,Raw force data and report,Tether carries less than 2 percent of robot weight except logged arrests,PASS only if executed TEST-WALK-005 configuration-bound evidence demonstrates: The HR-30D overhead tether shall remain slack during released walking when no fall arrest is occurring.,child_id|configuration_id|procedure_id|procedure_revision|observed_value_or_state|acceptance_limit|result_PASS_or_FAIL|evidence_uri|executor|timestamp|reviewer|decision,P0.2 TEMPLATE ISSUED - INTEGRATION AND EXECUTION REQUIRED,ONE NORMATIVE CLAUSE - INDEPENDENT ACCEPTANCE REQUIRED,draft,NOT EXECUTED,SELECTION REQUIRED,SELECTION REQUIRED,NOT APPROVED,"PRELIMINARY - NOT APPROVED FOR FABRICATION, CONNECTION, MOTION, OR ENERGIZATION"
WALK-005-A02,WALK-005,2,walking,The HR-30D overhead tether shall carry less than 2 percent of measured robot weight when no fall arrest is occurring.,MUST,TEST-WALK-005,Raw force data and report,Tether carries less than 2 percent of robot weight except logged arrests,PASS only if executed TEST-WALK-005 configuration-bound evidence demonstrates: The HR-30D overhead tether shall carry less than 2 percent of measured robot weight when no fall arrest is occurring.,child_id|configuration_id|procedure_id|procedure_revision|observed_value_or_state|acceptance_limit|result_PASS_or_FAIL|evidence_uri|executor|timestamp|reviewer|decision,P0.2 TEMPLATE ISSUED - INTEGRATION AND EXECUTION REQUIRED,ONE NORMATIVE CLAUSE - INDEPENDENT ACCEPTANCE REQUIRED,draft,NOT EXECUTED,SELECTION REQUIRED,SELECTION REQUIRED,NOT APPROVED,"PRELIMINARY - NOT APPROVED FOR FABRICATION, CONNECTION, MOTION, OR ENERGIZATION"
WALK-006-A01,WALK-006,1,walking,Each HR-30 leg shall provide one active hip-yaw axis.,MUST,INSPECT-WALK-001,Inspection record,Six specified active axes per leg,PASS only if executed INSPECT-WALK-001 configuration-bound evidence demonstrates: Each HR-30 leg shall provide one active hip-yaw axis.,child_id|configuration_id|procedure_id|procedure_revision|observed_value_or_state|acceptance_limit|result_PASS_or_FAIL|evidence_uri|executor|timestamp|reviewer|decision,P0.2 TEMPLATE ISSUED - INTEGRATION AND EXECUTION REQUIRED,ONE NORMATIVE CLAUSE - INDEPENDENT ACCEPTANCE REQUIRED,draft,NOT EXECUTED,SELECTION REQUIRED,SELECTION REQUIRED,NOT APPROVED,"PRELIMINARY - NOT APPROVED FOR FABRICATION, CONNECTION, MOTION, OR ENERGIZATION"
WALK-006-A02,WALK-006,2,walking,Each HR-30 leg shall provide one active hip-roll axis.,MUST,INSPECT-WALK-001,Inspection record,Six specified active axes per leg,PASS only if executed INSPECT-WALK-001 configuration-bound evidence demonstrates: Each HR-30 leg shall provide one active hip-roll axis.,child_id|configuration_id|procedure_id|procedure_revision|observed_value_or_state|acceptance_limit|result_PASS_or_FAIL|evidence_uri|executor|timestamp|reviewer|decision,P0.2 TEMPLATE ISSUED - INTEGRATION AND EXECUTION REQUIRED,ONE NORMATIVE CLAUSE - INDEPENDENT ACCEPTANCE REQUIRED,draft,NOT EXECUTED,SELECTION REQUIRED,SELECTION REQUIRED,NOT APPROVED,"PRELIMINARY - NOT APPROVED FOR FABRICATION, CONNECTION, MOTION, OR ENERGIZATION"
WALK-006-A03,WALK-006,3,walking,Each HR-30 leg shall provide one active hip-pitch axis.,MUST,INSPECT-WALK-001,Inspection record,Six specified active axes per leg,PASS only if executed INSPECT-WALK-001 configuration-bound evidence demonstrates: Each HR-30 leg shall provide one active hip-pitch axis.,child_id|configuration_id|procedure_id|procedure_revision|observed_value_or_state|acceptance_limit|result_PASS_or_FAIL|evidence_uri|executor|timestamp|reviewer|decision,P0.2 TEMPLATE ISSUED - INTEGRATION AND EXECUTION REQUIRED,ONE NORMATIVE CLAUSE - INDEPENDENT ACCEPTANCE REQUIRED,draft,NOT EXECUTED,SELECTION REQUIRED,SELECTION REQUIRED,NOT APPROVED,"PRELIMINARY - NOT APPROVED FOR FABRICATION, CONNECTION, MOTION, OR ENERGIZATION"
WALK-006-A04,WALK-006,4,walking,Each HR-30 leg shall provide one active knee-pitch axis.,MUST,INSPECT-WALK-001,Inspection record,Six specified active axes per leg,PASS only if executed INSPECT-WALK-001 configuration-bound evidence demonstrates: Each HR-30 leg shall provide one active knee-pitch axis.,child_id|configuration_id|procedure_id|procedure_revision|observed_value_or_state|acceptance_limit|result_PASS_or_FAIL|evidence_uri|executor|timestamp|reviewer|decision,P0.2 TEMPLATE ISSUED - INTEGRATION AND EXECUTION REQUIRED,ONE NORMATIVE CLAUSE - INDEPENDENT ACCEPTANCE REQUIRED,draft,NOT EXECUTED,SELECTION REQUIRED,SELECTION REQUIRED,NOT APPROVED,"PRELIMINARY - NOT APPROVED FOR FABRICATION, CONNECTION, MOTION, OR ENERGIZATION"
WALK-006-A05,WALK-006,5,walking,Each HR-30 leg shall provide one active ankle-pitch axis.,MUST,INSPECT-WALK-001,Inspection record,Six specified active axes per leg,PASS only if executed INSPECT-WALK-001 configuration-bound evidence demonstrates: Each HR-30 leg shall provide one active ankle-pitch axis.,child_id|configuration_id|procedure_id|procedure_revision|observed_value_or_state|acceptance_limit|result_PASS_or_FAIL|evidence_uri|executor|timestamp|reviewer|decision,P0.2 TEMPLATE ISSUED - INTEGRATION AND EXECUTION REQUIRED,ONE NORMATIVE CLAUSE - INDEPENDENT ACCEPTANCE REQUIRED,draft,NOT EXECUTED,SELECTION REQUIRED,SELECTION REQUIRED,NOT APPROVED,"PRELIMINARY - NOT APPROVED FOR FABRICATION, CONNECTION, MOTION, OR ENERGIZATION"
WALK-006-A06,WALK-006,6,walking,Each HR-30 leg shall provide one active ankle-roll axis.,MUST,INSPECT-WALK-001,Inspection record,Six specified active axes per leg,PASS only if executed INSPECT-WALK-001 configuration-bound evidence demonstrates: Each HR-30 leg shall provide one active ankle-roll axis.,child_id|configuration_id|procedure_id|procedure_revision|observed_value_or_state|acceptance_limit|result_PASS_or_FAIL|evidence_uri|executor|timestamp|reviewer|decision,P0.2 TEMPLATE ISSUED - INTEGRATION AND EXECUTION REQUIRED,ONE NORMATIVE CLAUSE - INDEPENDENT ACCEPTANCE REQUIRED,draft,NOT EXECUTED,SELECTION REQUIRED,SELECTION REQUIRED,NOT APPROVED,"PRELIMINARY - NOT APPROVED FOR FABRICATION, CONNECTION, MOTION, OR ENERGIZATION"
WALK-007-A01,WALK-007,1,walking,Pelvis-attitude estimation shall update at 800 Hz or faster during released operation.,MUST,TEST-WALK-006,Raw timing data and report,Pelvis updates at least 800 Hz and foot force at least 500 Hz,PASS only if executed TEST-WALK-006 configuration-bound evidence demonstrates: Pelvis-attitude estimation shall update at 800 Hz or faster during released operation.,child_id|configuration_id|procedure_id|procedure_revision|observed_value_or_state|acceptance_limit|result_PASS_or_FAIL|evidence_uri|executor|timestamp|reviewer|decision,P0.2 TEMPLATE ISSUED - INTEGRATION AND EXECUTION REQUIRED,ONE NORMATIVE CLAUSE - INDEPENDENT ACCEPTANCE REQUIRED,draft,NOT EXECUTED,SELECTION REQUIRED,SELECTION REQUIRED,NOT APPROVED,"PRELIMINARY - NOT APPROVED FOR FABRICATION, CONNECTION, MOTION, OR ENERGIZATION"
WALK-007-A02,WALK-007,2,walking,Foot-force estimation shall update at 500 Hz or faster during released operation.,MUST,TEST-WALK-006,Raw timing data and report,Pelvis updates at least 800 Hz and foot force at least 500 Hz,PASS only if executed TEST-WALK-006 configuration-bound evidence demonstrates: Foot-force estimation shall update at 500 Hz or faster during released operation.,child_id|configuration_id|procedure_id|procedure_revision|observed_value_or_state|acceptance_limit|result_PASS_or_FAIL|evidence_uri|executor|timestamp|reviewer|decision,P0.2 TEMPLATE ISSUED - INTEGRATION AND EXECUTION REQUIRED,ONE NORMATIVE CLAUSE - INDEPENDENT ACCEPTANCE REQUIRED,draft,NOT EXECUTED,SELECTION REQUIRED,SELECTION REQUIRED,NOT APPROVED,"PRELIMINARY - NOT APPROVED FOR FABRICATION, CONNECTION, MOTION, OR ENERGIZATION"
WALK-007-A03,WALK-007,3,walking,Foot center-of-pressure estimation shall update at 500 Hz or faster during released operation.,MUST,TEST-WALK-006,Raw timing data and report,Pelvis updates at least 800 Hz and foot force at least 500 Hz,PASS only if executed TEST-WALK-006 configuration-bound evidence demonstrates: Foot center-of-pressure estimation shall update at 500 Hz or faster during released operation.,child_id|configuration_id|procedure_id|procedure_revision|observed_value_or_state|acceptance_limit|result_PASS_or_FAIL|evidence_uri|executor|timestamp|reviewer|decision,P0.2 TEMPLATE ISSUED - INTEGRATION AND EXECUTION REQUIRED,ONE NORMATIVE CLAUSE - INDEPENDENT ACCEPTANCE REQUIRED,draft,NOT EXECUTED,SELECTION REQUIRED,SELECTION REQUIRED,NOT APPROVED,"PRELIMINARY - NOT APPROVED FOR FABRICATION, CONNECTION, MOTION, OR ENERGIZATION"
WALK-008-A01,WALK-008,1,walking,Failure of the Linux high-level process shall not prevent the real-time state estimator from reaching the released response.,MUST,TEST-WALK-007,Raw traces video and report,Real-time controller continues safe operation or executes released stop,PASS only if executed TEST-WALK-007 configuration-bound evidence demonstrates: Failure of the Linux high-level process shall not prevent the real-time state estimator from reaching the released response.,child_id|configuration_id|procedure_id|procedure_revision|observed_value_or_state|acceptance_limit|result_PASS_or_FAIL|evidence_uri|executor|timestamp|reviewer|decision,P0.2 TEMPLATE ISSUED - INTEGRATION AND EXECUTION REQUIRED,ONE NORMATIVE CLAUSE - INDEPENDENT ACCEPTANCE REQUIRED,draft,NOT EXECUTED,SELECTION REQUIRED,SELECTION REQUIRED,NOT APPROVED,"PRELIMINARY - NOT APPROVED FOR FABRICATION, CONNECTION, MOTION, OR ENERGIZATION"
WALK-008-A02,WALK-008,2,walking,Failure of the Linux high-level process shall not prevent the real-time stabilizer from reaching the released response.,MUST,TEST-WALK-007,Raw traces video and report,Real-time controller continues safe operation or executes released stop,PASS only if executed TEST-WALK-007 configuration-bound evidence demonstrates: Failure of the Linux high-level process shall not prevent the real-time stabilizer from reaching the released response.,child_id|configuration_id|procedure_id|procedure_revision|observed_value_or_state|acceptance_limit|result_PASS_or_FAIL|evidence_uri|executor|timestamp|reviewer|decision,P0.2 TEMPLATE ISSUED - INTEGRATION AND EXECUTION REQUIRED,ONE NORMATIVE CLAUSE - INDEPENDENT ACCEPTANCE REQUIRED,draft,NOT EXECUTED,SELECTION REQUIRED,SELECTION REQUIRED,NOT APPROVED,"PRELIMINARY - NOT APPROVED FOR FABRICATION, CONNECTION, MOTION, OR ENERGIZATION"
WALK-008-A03,WALK-008,3,walking,The released WALK-008 response shall be continued safe operation or the released stop.,MUST,TEST-WALK-007,Raw traces video and report,Real-time controller continues safe operation or executes released stop,PASS only if executed TEST-WALK-007 configuration-bound evidence demonstrates: The released WALK-008 response shall be continued safe operation or the released stop.,child_id|configuration_id|procedure_id|procedure_revision|observed_value_or_state|acceptance_limit|result_PASS_or_FAIL|evidence_uri|executor|timestamp|reviewer|decision,P0.2 TEMPLATE ISSUED - INTEGRATION AND EXECUTION REQUIRED,ONE NORMATIVE CLAUSE - INDEPENDENT ACCEPTANCE REQUIRED,draft,NOT EXECUTED,SELECTION REQUIRED,SELECTION REQUIRED,NOT APPROVED,"PRELIMINARY - NOT APPROVED FOR FABRICATION, CONNECTION, MOTION, OR ENERGIZATION"
WALK-009-A01,WALK-009,1,walking,The HR-30W onboard battery shall be professionally assembled for the released configuration.,MUST,INSPECT-BATT-001,Inspection report photographs and measurements,Pack fuse BMS precharge disconnect telemetry and voltage limits match release,PASS only if executed INSPECT-BATT-001 configuration-bound evidence demonstrates: The HR-30W onboard battery shall be professionally assembled for the released configuration.,child_id|configuration_id|procedure_id|procedure_revision|observed_value_or_state|acceptance_limit|result_PASS_or_FAIL|evidence_uri|executor|timestamp|reviewer|decision,P0.2 TEMPLATE ISSUED - INTEGRATION AND EXECUTION REQUIRED,ONE NORMATIVE CLAUSE - INDEPENDENT ACCEPTANCE REQUIRED,draft,NOT EXECUTED,SELECTION REQUIRED,SELECTION REQUIRED,NOT APPROVED,"PRELIMINARY - NOT APPROVED FOR FABRICATION, CONNECTION, MOTION, OR ENERGIZATION"
WALK-009-A02,WALK-009,2,walking,The HR-30W onboard battery shall include released pack-level protection.,MUST,INSPECT-BATT-001,Inspection report photographs and measurements,Pack fuse BMS precharge disconnect telemetry and voltage limits match release,PASS only if executed INSPECT-BATT-001 configuration-bound evidence demonstrates: The HR-30W onboard battery shall include released pack-level protection.,child_id|configuration_id|procedure_id|procedure_revision|observed_value_or_state|acceptance_limit|result_PASS_or_FAIL|evidence_uri|executor|timestamp|reviewer|decision,P0.2 TEMPLATE ISSUED - INTEGRATION AND EXECUTION REQUIRED,ONE NORMATIVE CLAUSE - INDEPENDENT ACCEPTANCE REQUIRED,draft,NOT EXECUTED,SELECTION REQUIRED,SELECTION REQUIRED,NOT APPROVED,"PRELIMINARY - NOT APPROVED FOR FABRICATION, CONNECTION, MOTION, OR ENERGIZATION"
WALK-009-A03,WALK-009,3,walking,The HR-30W onboard battery shall include a coordinated pack-level fuse.,MUST,INSPECT-BATT-001,Inspection report photographs and measurements,Pack fuse BMS precharge disconnect telemetry and voltage limits match release,PASS only if executed INSPECT-BATT-001 configuration-bound evidence demonstrates: The HR-30W onboard battery shall include a coordinated pack-level fuse.,child_id|configuration_id|procedure_id|procedure_revision|observed_value_or_state|acceptance_limit|result_PASS_or_FAIL|evidence_uri|executor|timestamp|reviewer|decision,P0.2 TEMPLATE ISSUED - INTEGRATION AND EXECUTION REQUIRED,ONE NORMATIVE CLAUSE - INDEPENDENT ACCEPTANCE REQUIRED,draft,NOT EXECUTED,SELECTION REQUIRED,SELECTION REQUIRED,NOT APPROVED,"PRELIMINARY - NOT APPROVED FOR FABRICATION, CONNECTION, MOTION, OR ENERGIZATION"
WALK-009-A04,WALK-009,4,walking,The HR-30W onboard battery shall include a service disconnect.,MUST,INSPECT-BATT-001,Inspection report photographs and measurements,Pack fuse BMS precharge disconnect telemetry and voltage limits match release,PASS only if executed INSPECT-BATT-001 configuration-bound evidence demonstrates: The HR-30W onboard battery shall include a service disconnect.,child_id|configuration_id|procedure_id|procedure_revision|observed_value_or_state|acceptance_limit|result_PASS_or_FAIL|evidence_uri|executor|timestamp|reviewer|decision,P0.2 TEMPLATE ISSUED - INTEGRATION AND EXECUTION REQUIRED,ONE NORMATIVE CLAUSE - INDEPENDENT ACCEPTANCE REQUIRED,draft,NOT EXECUTED,SELECTION REQUIRED,SELECTION REQUIRED,NOT APPROVED,"PRELIMINARY - NOT APPROVED FOR FABRICATION, CONNECTION, MOTION, OR ENERGIZATION"
WALK-009-A05,WALK-009,5,walking,The HR-30W onboard battery shall include a coordinated precharge function.,MUST,INSPECT-BATT-001,Inspection report photographs and measurements,Pack fuse BMS precharge disconnect telemetry and voltage limits match release,PASS only if executed INSPECT-BATT-001 configuration-bound evidence demonstrates: The HR-30W onboard battery shall include a coordinated precharge function.,child_id|configuration_id|procedure_id|procedure_revision|observed_value_or_state|acceptance_limit|result_PASS_or_FAIL|evidence_uri|executor|timestamp|reviewer|decision,P0.2 TEMPLATE ISSUED - INTEGRATION AND EXECUTION REQUIRED,ONE NORMATIVE CLAUSE - INDEPENDENT ACCEPTANCE REQUIRED,draft,NOT EXECUTED,SELECTION REQUIRED,SELECTION REQUIRED,NOT APPROVED,"PRELIMINARY - NOT APPROVED FOR FABRICATION, CONNECTION, MOTION, OR ENERGIZATION"
WALK-009-A06,WALK-009,6,walking,The HR-30W onboard battery shall provide independent pack telemetry.,MUST,INSPECT-BATT-001,Inspection report photographs and measurements,Pack fuse BMS precharge disconnect telemetry and voltage limits match release,PASS only if executed INSPECT-BATT-001 configuration-bound evidence demonstrates: The HR-30W onboard battery shall provide independent pack telemetry.,child_id|configuration_id|procedure_id|procedure_revision|observed_value_or_state|acceptance_limit|result_PASS_or_FAIL|evidence_uri|executor|timestamp|reviewer|decision,P0.2 TEMPLATE ISSUED - INTEGRATION AND EXECUTION REQUIRED,ONE NORMATIVE CLAUSE - INDEPENDENT ACCEPTANCE REQUIRED,draft,NOT EXECUTED,SELECTION REQUIRED,SELECTION REQUIRED,NOT APPROVED,"PRELIMINARY - NOT APPROVED FOR FABRICATION, CONNECTION, MOTION, OR ENERGIZATION"
WALK-011-A01,WALK-011,1,walking,The fall predictor shall evaluate released attitude input.,MUST,TEST-FALL-001,Raw data confusion matrix and report,Detection lead time rate and false-positive limits meet released values,PASS only if executed TEST-FALL-001 configuration-bound evidence demonstrates: The fall predictor shall evaluate released attitude input.,child_id|configuration_id|procedure_id|procedure_revision|observed_value_or_state|acceptance_limit|result_PASS_or_FAIL|evidence_uri|executor|timestamp|reviewer|decision,P0.2 TEMPLATE ISSUED - INTEGRATION AND EXECUTION REQUIRED,ONE NORMATIVE CLAUSE - INDEPENDENT ACCEPTANCE REQUIRED,draft,NOT EXECUTED,SELECTION REQUIRED,SELECTION REQUIRED,NOT APPROVED,"PRELIMINARY - NOT APPROVED FOR FABRICATION, CONNECTION, MOTION, OR ENERGIZATION"
WALK-011-A02,WALK-011,2,walking,The fall predictor shall evaluate released angular-rate input.,MUST,TEST-FALL-001,Raw data confusion matrix and report,Detection lead time rate and false-positive limits meet released values,PASS only if executed TEST-FALL-001 configuration-bound evidence demonstrates: The fall predictor shall evaluate released angular-rate input.,child_id|configuration_id|procedure_id|procedure_revision|observed_value_or_state|acceptance_limit|result_PASS_or_FAIL|evidence_uri|executor|timestamp|reviewer|decision,P0.2 TEMPLATE ISSUED - INTEGRATION AND EXECUTION REQUIRED,ONE NORMATIVE CLAUSE - INDEPENDENT ACCEPTANCE REQUIRED,draft,NOT EXECUTED,SELECTION REQUIRED,SELECTION REQUIRED,NOT APPROVED,"PRELIMINARY - NOT APPROVED FOR FABRICATION, CONNECTION, MOTION, OR ENERGIZATION"
WALK-011-A03,WALK-011,3,walking,The fall predictor shall evaluate released support-force input.,MUST,TEST-FALL-001,Raw data confusion matrix and report,Detection lead time rate and false-positive limits meet released values,PASS only if executed TEST-FALL-001 configuration-bound evidence demonstrates: The fall predictor shall evaluate released support-force input.,child_id|configuration_id|procedure_id|procedure_revision|observed_value_or_state|acceptance_limit|result_PASS_or_FAIL|evidence_uri|executor|timestamp|reviewer|decision,P0.2 TEMPLATE ISSUED - INTEGRATION AND EXECUTION REQUIRED,ONE NORMATIVE CLAUSE - INDEPENDENT ACCEPTANCE REQUIRED,draft,NOT EXECUTED,SELECTION REQUIRED,SELECTION REQUIRED,NOT APPROVED,"PRELIMINARY - NOT APPROVED FOR FABRICATION, CONNECTION, MOTION, OR ENERGIZATION"
WALK-011-A04,WALK-011,4,walking,The fall predictor shall evaluate released joint-tracking input.,MUST,TEST-FALL-001,Raw data confusion matrix and report,Detection lead time rate and false-positive limits meet released values,PASS only if executed TEST-FALL-001 configuration-bound evidence demonstrates: The fall predictor shall evaluate released joint-tracking input.,child_id|configuration_id|procedure_id|procedure_revision|observed_value_or_state|acceptance_limit|result_PASS_or_FAIL|evidence_uri|executor|timestamp|reviewer|decision,P0.2 TEMPLATE ISSUED - INTEGRATION AND EXECUTION REQUIRED,ONE NORMATIVE CLAUSE - INDEPENDENT ACCEPTANCE REQUIRED,draft,NOT EXECUTED,SELECTION REQUIRED,SELECTION REQUIRED,NOT APPROVED,"PRELIMINARY - NOT APPROVED FOR FABRICATION, CONNECTION, MOTION, OR ENERGIZATION"
WALK-011-A05,WALK-011,5,walking,The fall predictor shall evaluate released bus-health input.,MUST,TEST-FALL-001,Raw data confusion matrix and report,Detection lead time rate and false-positive limits meet released values,PASS only if executed TEST-FALL-001 configuration-bound evidence demonstrates: The fall predictor shall evaluate released bus-health input.,child_id|configuration_id|procedure_id|procedure_revision|observed_value_or_state|acceptance_limit|result_PASS_or_FAIL|evidence_uri|executor|timestamp|reviewer|decision,P0.2 TEMPLATE ISSUED - INTEGRATION AND EXECUTION REQUIRED,ONE NORMATIVE CLAUSE - INDEPENDENT ACCEPTANCE REQUIRED,draft,NOT EXECUTED,SELECTION REQUIRED,SELECTION REQUIRED,NOT APPROVED,"PRELIMINARY - NOT APPROVED FOR FABRICATION, CONNECTION, MOTION, OR ENERGIZATION"
WALK-011-A06,WALK-011,6,walking,The fall predictor shall evaluate released supply-state input.,MUST,TEST-FALL-001,Raw data confusion matrix and report,Detection lead time rate and false-positive limits meet released values,PASS only if executed TEST-FALL-001 configuration-bound evidence demonstrates: The fall predictor shall evaluate released supply-state input.,child_id|configuration_id|procedure_id|procedure_revision|observed_value_or_state|acceptance_limit|result_PASS_or_FAIL|evidence_uri|executor|timestamp|reviewer|decision,P0.2 TEMPLATE ISSUED - INTEGRATION AND EXECUTION REQUIRED,ONE NORMATIVE CLAUSE - INDEPENDENT ACCEPTANCE REQUIRED,draft,NOT EXECUTED,SELECTION REQUIRED,SELECTION REQUIRED,NOT APPROVED,"PRELIMINARY - NOT APPROVED FOR FABRICATION, CONNECTION, MOTION, OR ENERGIZATION"
WALK-011-A07,WALK-011,7,walking,The fall predictor shall command the released protective response within the released lead-time threshold.,MUST,TEST-FALL-001,Raw data confusion matrix and report,Detection lead time rate and false-positive limits meet released values,PASS only if executed TEST-FALL-001 configuration-bound evidence demonstrates: The fall predictor shall command the released protective response within the released lead-time threshold.,child_id|configuration_id|procedure_id|procedure_revision|observed_value_or_state|acceptance_limit|result_PASS_or_FAIL|evidence_uri|executor|timestamp|reviewer|decision,P0.2 TEMPLATE ISSUED - INTEGRATION AND EXECUTION REQUIRED,ONE NORMATIVE CLAUSE - INDEPENDENT ACCEPTANCE REQUIRED,draft,NOT EXECUTED,SELECTION REQUIRED,SELECTION REQUIRED,NOT APPROVED,"PRELIMINARY - NOT APPROVED FOR FABRICATION, CONNECTION, MOTION, OR ENERGIZATION"
WALK-011-A08,WALK-011,8,walking,The released fall-prediction lead-time threshold shall exceed measured protective-response latency by the released margin.,MUST,TEST-FALL-001,Raw data confusion matrix and report,Detection lead time rate and false-positive limits meet released values,PASS only if executed TEST-FALL-001 configuration-bound evidence demonstrates: The released fall-prediction lead-time threshold shall exceed measured protective-response latency by the released margin.,child_id|configuration_id|procedure_id|procedure_revision|observed_value_or_state|acceptance_limit|result_PASS_or_FAIL|evidence_uri|executor|timestamp|reviewer|decision,P0.2 TEMPLATE ISSUED - INTEGRATION AND EXECUTION REQUIRED,ONE NORMATIVE CLAUSE - INDEPENDENT ACCEPTANCE REQUIRED,draft,NOT EXECUTED,SELECTION REQUIRED,SELECTION REQUIRED,NOT APPROVED,"PRELIMINARY - NOT APPROVED FOR FABRICATION, CONNECTION, MOTION, OR ENERGIZATION"
WALK-011-A09,WALK-011,9,walking,The numeric fall-prediction lead time shall remain a release-blocking selection until validated.,MUST,TEST-FALL-001,Raw data confusion matrix and report,Detection lead time rate and false-positive limits meet released values,PASS only if executed TEST-FALL-001 configuration-bound evidence demonstrates: The numeric fall-prediction lead time shall remain a release-blocking selection until validated.,child_id|configuration_id|procedure_id|procedure_revision|observed_value_or_state|acceptance_limit|result_PASS_or_FAIL|evidence_uri|executor|timestamp|reviewer|decision,P0.2 TEMPLATE ISSUED - INTEGRATION AND EXECUTION REQUIRED,ONE NORMATIVE CLAUSE - INDEPENDENT ACCEPTANCE REQUIRED,draft,NOT EXECUTED,SELECTION REQUIRED,SELECTION REQUIRED,NOT APPROVED,"PRELIMINARY - NOT APPROVED FOR FABRICATION, CONNECTION, MOTION, OR ENERGIZATION"
WALK-011-A10,WALK-011,10,walking,The fall-prediction detection-rate acceptance value shall remain a release-blocking selection until validated.,MUST,TEST-FALL-001,Raw data confusion matrix and report,Detection lead time rate and false-positive limits meet released values,PASS only if executed TEST-FALL-001 configuration-bound evidence demonstrates: The fall-prediction detection-rate acceptance value shall remain a release-blocking selection until validated.,child_id|configuration_id|procedure_id|procedure_revision|observed_value_or_state|acceptance_limit|result_PASS_or_FAIL|evidence_uri|executor|timestamp|reviewer|decision,P0.2 TEMPLATE ISSUED - INTEGRATION AND EXECUTION REQUIRED,ONE NORMATIVE CLAUSE - INDEPENDENT ACCEPTANCE REQUIRED,draft,NOT EXECUTED,SELECTION REQUIRED,SELECTION REQUIRED,NOT APPROVED,"PRELIMINARY - NOT APPROVED FOR FABRICATION, CONNECTION, MOTION, OR ENERGIZATION"
WALK-011-A11,WALK-011,11,walking,The fall-prediction false-positive acceptance value shall remain a release-blocking selection until validated.,MUST,TEST-FALL-001,Raw data confusion matrix and report,Detection lead time rate and false-positive limits meet released values,PASS only if executed TEST-FALL-001 configuration-bound evidence demonstrates: The fall-prediction false-positive acceptance value shall remain a release-blocking selection until validated.,child_id|configuration_id|procedure_id|procedure_revision|observed_value_or_state|acceptance_limit|result_PASS_or_FAIL|evidence_uri|executor|timestamp|reviewer|decision,P0.2 TEMPLATE ISSUED - INTEGRATION AND EXECUTION REQUIRED,ONE NORMATIVE CLAUSE - INDEPENDENT ACCEPTANCE REQUIRED,draft,NOT EXECUTED,SELECTION REQUIRED,SELECTION REQUIRED,NOT APPROVED,"PRELIMINARY - NOT APPROVED FOR FABRICATION, CONNECTION, MOTION, OR ENERGIZATION"
WALK-013-A01,WALK-013,1,walking,Each externally reduced leg joint shall use output-side absolute position sensing or a reviewed equivalent.,MUST,TEST-JOINT-ENC-001,Raw encoder data and report,Every released fault is detected within released threshold and drive is inhibited,PASS only if executed TEST-JOINT-ENC-001 configuration-bound evidence demonstrates: Each externally reduced leg joint shall use output-side absolute position sensing or a reviewed equivalent.,child_id|configuration_id|procedure_id|procedure_revision|observed_value_or_state|acceptance_limit|result_PASS_or_FAIL|evidence_uri|executor|timestamp|reviewer|decision,P0.2 TEMPLATE ISSUED - INTEGRATION AND EXECUTION REQUIRED,ONE NORMATIVE CLAUSE - INDEPENDENT ACCEPTANCE REQUIRED,draft,NOT EXECUTED,SELECTION REQUIRED,SELECTION REQUIRED,NOT APPROVED,"PRELIMINARY - NOT APPROVED FOR FABRICATION, CONNECTION, MOTION, OR ENERGIZATION"
WALK-013-A02,WALK-013,2,walking,Each WALK-013 sensing implementation shall detect output slip beyond the released threshold.,MUST,TEST-JOINT-ENC-001,Raw encoder data and report,Every released fault is detected within released threshold and drive is inhibited,PASS only if executed TEST-JOINT-ENC-001 configuration-bound evidence demonstrates: Each WALK-013 sensing implementation shall detect output slip beyond the released threshold.,child_id|configuration_id|procedure_id|procedure_revision|observed_value_or_state|acceptance_limit|result_PASS_or_FAIL|evidence_uri|executor|timestamp|reviewer|decision,P0.2 TEMPLATE ISSUED - INTEGRATION AND EXECUTION REQUIRED,ONE NORMATIVE CLAUSE - INDEPENDENT ACCEPTANCE REQUIRED,draft,NOT EXECUTED,SELECTION REQUIRED,SELECTION REQUIRED,NOT APPROVED,"PRELIMINARY - NOT APPROVED FOR FABRICATION, CONNECTION, MOTION, OR ENERGIZATION"
WALK-013-A03,WALK-013,3,walking,Each WALK-013 sensing implementation shall detect backlash beyond the released threshold.,MUST,TEST-JOINT-ENC-001,Raw encoder data and report,Every released fault is detected within released threshold and drive is inhibited,PASS only if executed TEST-JOINT-ENC-001 configuration-bound evidence demonstrates: Each WALK-013 sensing implementation shall detect backlash beyond the released threshold.,child_id|configuration_id|procedure_id|procedure_revision|observed_value_or_state|acceptance_limit|result_PASS_or_FAIL|evidence_uri|executor|timestamp|reviewer|decision,P0.2 TEMPLATE ISSUED - INTEGRATION AND EXECUTION REQUIRED,ONE NORMATIVE CLAUSE - INDEPENDENT ACCEPTANCE REQUIRED,draft,NOT EXECUTED,SELECTION REQUIRED,SELECTION REQUIRED,NOT APPROVED,"PRELIMINARY - NOT APPROVED FOR FABRICATION, CONNECTION, MOTION, OR ENERGIZATION"
WALK-013-A04,WALK-013,4,walking,Each WALK-013 sensing implementation shall detect lost output calibration.,MUST,TEST-JOINT-ENC-001,Raw encoder data and report,Every released fault is detected within released threshold and drive is inhibited,PASS only if executed TEST-JOINT-ENC-001 configuration-bound evidence demonstrates: Each WALK-013 sensing implementation shall detect lost output calibration.,child_id|configuration_id|procedure_id|procedure_revision|observed_value_or_state|acceptance_limit|result_PASS_or_FAIL|evidence_uri|executor|timestamp|reviewer|decision,P0.2 TEMPLATE ISSUED - INTEGRATION AND EXECUTION REQUIRED,ONE NORMATIVE CLAUSE - INDEPENDENT ACCEPTANCE REQUIRED,draft,NOT EXECUTED,SELECTION REQUIRED,SELECTION REQUIRED,NOT APPROVED,"PRELIMINARY - NOT APPROVED FOR FABRICATION, CONNECTION, MOTION, OR ENERGIZATION"
WALK-013-A05,WALK-013,5,walking,Each WALK-013 sensing implementation shall detect motor-to-output disagreement beyond the released threshold.,MUST,TEST-JOINT-ENC-001,Raw encoder data and report,Every released fault is detected within released threshold and drive is inhibited,PASS only if executed TEST-JOINT-ENC-001 configuration-bound evidence demonstrates: Each WALK-013 sensing implementation shall detect motor-to-output disagreement beyond the released threshold.,child_id|configuration_id|procedure_id|procedure_revision|observed_value_or_state|acceptance_limit|result_PASS_or_FAIL|evidence_uri|executor|timestamp|reviewer|decision,P0.2 TEMPLATE ISSUED - INTEGRATION AND EXECUTION REQUIRED,ONE NORMATIVE CLAUSE - INDEPENDENT ACCEPTANCE REQUIRED,draft,NOT EXECUTED,SELECTION REQUIRED,SELECTION REQUIRED,NOT APPROVED,"PRELIMINARY - NOT APPROVED FOR FABRICATION, CONNECTION, MOTION, OR ENERGIZATION"
WALK-014-A01,WALK-014,1,walking,Each segmented joint bus shall demonstrate the released command schedule.,MUST,TEST-BUS-001,Raw captures analysis and report,Latency jitter utilization and recovery remain within released limits,PASS only if executed TEST-BUS-001 configuration-bound evidence demonstrates: Each segmented joint bus shall demonstrate the released command schedule.,child_id|configuration_id|procedure_id|procedure_revision|observed_value_or_state|acceptance_limit|result_PASS_or_FAIL|evidence_uri|executor|timestamp|reviewer|decision,P0.2 TEMPLATE ISSUED - INTEGRATION AND EXECUTION REQUIRED,ONE NORMATIVE CLAUSE - INDEPENDENT ACCEPTANCE REQUIRED,draft,NOT EXECUTED,SELECTION REQUIRED,SELECTION REQUIRED,NOT APPROVED,"PRELIMINARY - NOT APPROVED FOR FABRICATION, CONNECTION, MOTION, OR ENERGIZATION"
WALK-014-A02,WALK-014,2,walking,Each segmented joint bus shall demonstrate the released feedback schedule.,MUST,TEST-BUS-001,Raw captures analysis and report,Latency jitter utilization and recovery remain within released limits,PASS only if executed TEST-BUS-001 configuration-bound evidence demonstrates: Each segmented joint bus shall demonstrate the released feedback schedule.,child_id|configuration_id|procedure_id|procedure_revision|observed_value_or_state|acceptance_limit|result_PASS_or_FAIL|evidence_uri|executor|timestamp|reviewer|decision,P0.2 TEMPLATE ISSUED - INTEGRATION AND EXECUTION REQUIRED,ONE NORMATIVE CLAUSE - INDEPENDENT ACCEPTANCE REQUIRED,draft,NOT EXECUTED,SELECTION REQUIRED,SELECTION REQUIRED,NOT APPROVED,"PRELIMINARY - NOT APPROVED FOR FABRICATION, CONNECTION, MOTION, OR ENERGIZATION"
WALK-014-A03,WALK-014,3,walking,Each segmented joint bus shall have a byte-level packet budget for the released schedule.,MUST,TEST-BUS-001,Raw captures analysis and report,Latency jitter utilization and recovery remain within released limits,PASS only if executed TEST-BUS-001 configuration-bound evidence demonstrates: Each segmented joint bus shall have a byte-level packet budget for the released schedule.,child_id|configuration_id|procedure_id|procedure_revision|observed_value_or_state|acceptance_limit|result_PASS_or_FAIL|evidence_uri|executor|timestamp|reviewer|decision,P0.2 TEMPLATE ISSUED - INTEGRATION AND EXECUTION REQUIRED,ONE NORMATIVE CLAUSE - INDEPENDENT ACCEPTANCE REQUIRED,draft,NOT EXECUTED,SELECTION REQUIRED,SELECTION REQUIRED,NOT APPROVED,"PRELIMINARY - NOT APPROVED FOR FABRICATION, CONNECTION, MOTION, OR ENERGIZATION"
WALK-014-A04,WALK-014,4,walking,Each segmented joint bus shall have measured worst-case latency for the released traffic and fault cases.,MUST,TEST-BUS-001,Raw captures analysis and report,Latency jitter utilization and recovery remain within released limits,PASS only if executed TEST-BUS-001 configuration-bound evidence demonstrates: Each segmented joint bus shall have measured worst-case latency for the released traffic and fault cases.,child_id|configuration_id|procedure_id|procedure_revision|observed_value_or_state|acceptance_limit|result_PASS_or_FAIL|evidence_uri|executor|timestamp|reviewer|decision,P0.2 TEMPLATE ISSUED - INTEGRATION AND EXECUTION REQUIRED,ONE NORMATIVE CLAUSE - INDEPENDENT ACCEPTANCE REQUIRED,draft,NOT EXECUTED,SELECTION REQUIRED,SELECTION REQUIRED,NOT APPROVED,"PRELIMINARY - NOT APPROVED FOR FABRICATION, CONNECTION, MOTION, OR ENERGIZATION"
WALK-014-A05,WALK-014,5,walking,Each segmented joint bus shall have measured worst-case jitter for the released traffic and fault cases.,MUST,TEST-BUS-001,Raw captures analysis and report,Latency jitter utilization and recovery remain within released limits,PASS only if executed TEST-BUS-001 configuration-bound evidence demonstrates: Each segmented joint bus shall have measured worst-case jitter for the released traffic and fault cases.,child_id|configuration_id|procedure_id|procedure_revision|observed_value_or_state|acceptance_limit|result_PASS_or_FAIL|evidence_uri|executor|timestamp|reviewer|decision,P0.2 TEMPLATE ISSUED - INTEGRATION AND EXECUTION REQUIRED,ONE NORMATIVE CLAUSE - INDEPENDENT ACCEPTANCE REQUIRED,draft,NOT EXECUTED,SELECTION REQUIRED,SELECTION REQUIRED,NOT APPROVED,"PRELIMINARY - NOT APPROVED FOR FABRICATION, CONNECTION, MOTION, OR ENERGIZATION"
WALK-014-A06,WALK-014,6,walking,Each segmented joint bus shall have measured worst-case utilization for the released traffic and fault cases.,MUST,TEST-BUS-001,Raw captures analysis and report,Latency jitter utilization and recovery remain within released limits,PASS only if executed TEST-BUS-001 configuration-bound evidence demonstrates: Each segmented joint bus shall have measured worst-case utilization for the released traffic and fault cases.,child_id|configuration_id|procedure_id|procedure_revision|observed_value_or_state|acceptance_limit|result_PASS_or_FAIL|evidence_uri|executor|timestamp|reviewer|decision,P0.2 TEMPLATE ISSUED - INTEGRATION AND EXECUTION REQUIRED,ONE NORMATIVE CLAUSE - INDEPENDENT ACCEPTANCE REQUIRED,draft,NOT EXECUTED,SELECTION REQUIRED,SELECTION REQUIRED,NOT APPROVED,"PRELIMINARY - NOT APPROVED FOR FABRICATION, CONNECTION, MOTION, OR ENERGIZATION"
WALK-014-A07,WALK-014,7,walking,Each segmented joint bus shall demonstrate its released response to injected fault traffic.,MUST,TEST-BUS-001,Raw captures analysis and report,Latency jitter utilization and recovery remain within released limits,PASS only if executed TEST-BUS-001 configuration-bound evidence demonstrates: Each segmented joint bus shall demonstrate its released response to injected fault traffic.,child_id|configuration_id|procedure_id|procedure_revision|observed_value_or_state|acceptance_limit|result_PASS_or_FAIL|evidence_uri|executor|timestamp|reviewer|decision,P0.2 TEMPLATE ISSUED - INTEGRATION AND EXECUTION REQUIRED,ONE NORMATIVE CLAUSE - INDEPENDENT ACCEPTANCE REQUIRED,draft,NOT EXECUTED,SELECTION REQUIRED,SELECTION REQUIRED,NOT APPROVED,"PRELIMINARY - NOT APPROVED FOR FABRICATION, CONNECTION, MOTION, OR ENERGIZATION"
