child_id,parent_id,verification_id,procedure_revision,configuration_id,observed_value_or_state,acceptance_limit,result_PASS_or_FAIL,evidence_uri,executor,timestamp,reviewer,decision,warning
CFG-001-A01,CFG-001,AUDIT-CFG-001,SELECTION REQUIRED,SELECTION REQUIRED,NOT EXECUTED,PASS only if executed AUDIT-CFG-001 configuration-bound evidence demonstrates: Each test record shall identify the controlled CAD revision.,NOT EXECUTED,NOT EXECUTED,SELECTION REQUIRED,NOT EXECUTED,SELECTION REQUIRED,NOT APPROVED,"PRELIMINARY - NOT APPROVED FOR FABRICATION, CONNECTION, MOTION, OR ENERGIZATION"
CFG-001-A02,CFG-001,AUDIT-CFG-001,SELECTION REQUIRED,SELECTION REQUIRED,NOT EXECUTED,PASS only if executed AUDIT-CFG-001 configuration-bound evidence demonstrates: Each test record shall identify the controlled wiring revision.,NOT EXECUTED,NOT EXECUTED,SELECTION REQUIRED,NOT EXECUTED,SELECTION REQUIRED,NOT APPROVED,"PRELIMINARY - NOT APPROVED FOR FABRICATION, CONNECTION, MOTION, OR ENERGIZATION"
CFG-001-A03,CFG-001,AUDIT-CFG-001,SELECTION REQUIRED,SELECTION REQUIRED,NOT EXECUTED,PASS only if executed AUDIT-CFG-001 configuration-bound evidence demonstrates: Each test record shall identify the controlled firmware revision.,NOT EXECUTED,NOT EXECUTED,SELECTION REQUIRED,NOT EXECUTED,SELECTION REQUIRED,NOT APPROVED,"PRELIMINARY - NOT APPROVED FOR FABRICATION, CONNECTION, MOTION, OR ENERGIZATION"
CFG-001-A04,CFG-001,AUDIT-CFG-001,SELECTION REQUIRED,SELECTION REQUIRED,NOT EXECUTED,PASS only if executed AUDIT-CFG-001 configuration-bound evidence demonstrates: Each test record shall identify the controlled calibration revision.,NOT EXECUTED,NOT EXECUTED,SELECTION REQUIRED,NOT EXECUTED,SELECTION REQUIRED,NOT APPROVED,"PRELIMINARY - NOT APPROVED FOR FABRICATION, CONNECTION, MOTION, OR ENERGIZATION"
CFG-001-A05,CFG-001,AUDIT-CFG-001,SELECTION REQUIRED,SELECTION REQUIRED,NOT EXECUTED,PASS only if executed AUDIT-CFG-001 configuration-bound evidence demonstrates: Each test record shall identify the received actuator configuration revision.,NOT EXECUTED,NOT EXECUTED,SELECTION REQUIRED,NOT EXECUTED,SELECTION REQUIRED,NOT APPROVED,"PRELIMINARY - NOT APPROVED FOR FABRICATION, CONNECTION, MOTION, OR ENERGIZATION"
CFG-001-A06,CFG-001,AUDIT-CFG-001,SELECTION REQUIRED,SELECTION REQUIRED,NOT EXECUTED,PASS only if executed AUDIT-CFG-001 configuration-bound evidence demonstrates: Each test record shall identify the controlled BOM revision.,NOT EXECUTED,NOT EXECUTED,SELECTION REQUIRED,NOT EXECUTED,SELECTION REQUIRED,NOT APPROVED,"PRELIMINARY - NOT APPROVED FOR FABRICATION, CONNECTION, MOTION, OR ENERGIZATION"
CFG-002-A01,CFG-002,TEST-CFG-002,SELECTION REQUIRED,SELECTION REQUIRED,NOT EXECUTED,PASS only if executed TEST-CFG-002 configuration-bound evidence demonstrates: A configuration mismatch shall inhibit drive enable.,NOT EXECUTED,NOT EXECUTED,SELECTION REQUIRED,NOT EXECUTED,SELECTION REQUIRED,NOT APPROVED,"PRELIMINARY - NOT APPROVED FOR FABRICATION, CONNECTION, MOTION, OR ENERGIZATION"
CFG-002-A02,CFG-002,TEST-CFG-002,SELECTION REQUIRED,SELECTION REQUIRED,NOT EXECUTED,PASS only if executed TEST-CFG-002 configuration-bound evidence demonstrates: A calibration mismatch shall inhibit drive enable.,NOT EXECUTED,NOT EXECUTED,SELECTION REQUIRED,NOT EXECUTED,SELECTION REQUIRED,NOT APPROVED,"PRELIMINARY - NOT APPROVED FOR FABRICATION, CONNECTION, MOTION, OR ENERGIZATION"
CFG-002-A03,CFG-002,TEST-CFG-002,SELECTION REQUIRED,SELECTION REQUIRED,NOT EXECUTED,PASS only if executed TEST-CFG-002 configuration-bound evidence demonstrates: A polarity mismatch shall inhibit drive enable.,NOT EXECUTED,NOT EXECUTED,SELECTION REQUIRED,NOT EXECUTED,SELECTION REQUIRED,NOT APPROVED,"PRELIMINARY - NOT APPROVED FOR FABRICATION, CONNECTION, MOTION, OR ENERGIZATION"
CFG-002-A04,CFG-002,TEST-CFG-002,SELECTION REQUIRED,SELECTION REQUIRED,NOT EXECUTED,PASS only if executed TEST-CFG-002 configuration-bound evidence demonstrates: A mirrored-joint mismatch shall inhibit drive enable.,NOT EXECUTED,NOT EXECUTED,SELECTION REQUIRED,NOT EXECUTED,SELECTION REQUIRED,NOT APPROVED,"PRELIMINARY - NOT APPROVED FOR FABRICATION, CONNECTION, MOTION, OR ENERGIZATION"
CFG-002-A05,CFG-002,TEST-CFG-002,SELECTION REQUIRED,SELECTION REQUIRED,NOT EXECUTED,PASS only if executed TEST-CFG-002 configuration-bound evidence demonstrates: Each CFG-002 mismatch shall latch a recorded fault.,NOT EXECUTED,NOT EXECUTED,SELECTION REQUIRED,NOT EXECUTED,SELECTION REQUIRED,NOT APPROVED,"PRELIMINARY - NOT APPROVED FOR FABRICATION, CONNECTION, MOTION, OR ENERGIZATION"
CFG-003-A01,CFG-003,AUDIT-BOM-001,SELECTION REQUIRED,SELECTION REQUIRED,NOT EXECUTED,PASS only if executed AUDIT-BOM-001 configuration-bound evidence demonstrates: The HR-V0 release BOM shall enumerate every purchased item.,NOT EXECUTED,NOT EXECUTED,SELECTION REQUIRED,NOT EXECUTED,SELECTION REQUIRED,NOT APPROVED,"PRELIMINARY - NOT APPROVED FOR FABRICATION, CONNECTION, MOTION, OR ENERGIZATION"
CFG-003-A02,CFG-003,AUDIT-BOM-001,SELECTION REQUIRED,SELECTION REQUIRED,NOT EXECUTED,PASS only if executed AUDIT-BOM-001 configuration-bound evidence demonstrates: The HR-V0 release BOM shall enumerate every fabricated item.,NOT EXECUTED,NOT EXECUTED,SELECTION REQUIRED,NOT EXECUTED,SELECTION REQUIRED,NOT APPROVED,"PRELIMINARY - NOT APPROVED FOR FABRICATION, CONNECTION, MOTION, OR ENERGIZATION"
CFG-003-A03,CFG-003,AUDIT-BOM-001,SELECTION REQUIRED,SELECTION REQUIRED,NOT EXECUTED,PASS only if executed AUDIT-BOM-001 configuration-bound evidence demonstrates: The HR-V0 release BOM shall enumerate every included-kit item.,NOT EXECUTED,NOT EXECUTED,SELECTION REQUIRED,NOT EXECUTED,SELECTION REQUIRED,NOT APPROVED,"PRELIMINARY - NOT APPROVED FOR FABRICATION, CONNECTION, MOTION, OR ENERGIZATION"
CFG-003-A04,CFG-003,AUDIT-BOM-001,SELECTION REQUIRED,SELECTION REQUIRED,NOT EXECUTED,PASS only if executed AUDIT-BOM-001 configuration-bound evidence demonstrates: The HR-V0 release BOM shall enumerate every harness item.,NOT EXECUTED,NOT EXECUTED,SELECTION REQUIRED,NOT EXECUTED,SELECTION REQUIRED,NOT APPROVED,"PRELIMINARY - NOT APPROVED FOR FABRICATION, CONNECTION, MOTION, OR ENERGIZATION"
CFG-003-A05,CFG-003,AUDIT-BOM-001,SELECTION REQUIRED,SELECTION REQUIRED,NOT EXECUTED,PASS only if executed AUDIT-BOM-001 configuration-bound evidence demonstrates: The HR-V0 release BOM shall enumerate every software-image item.,NOT EXECUTED,NOT EXECUTED,SELECTION REQUIRED,NOT EXECUTED,SELECTION REQUIRED,NOT APPROVED,"PRELIMINARY - NOT APPROVED FOR FABRICATION, CONNECTION, MOTION, OR ENERGIZATION"
CFG-003-A06,CFG-003,AUDIT-BOM-001,SELECTION REQUIRED,SELECTION REQUIRED,NOT EXECUTED,PASS only if executed AUDIT-BOM-001 configuration-bound evidence demonstrates: The HR-V0 release BOM shall enumerate every configuration-critical item.,NOT EXECUTED,NOT EXECUTED,SELECTION REQUIRED,NOT EXECUTED,SELECTION REQUIRED,NOT APPROVED,"PRELIMINARY - NOT APPROVED FOR FABRICATION, CONNECTION, MOTION, OR ENERGIZATION"
CFG-003-A07,CFG-003,AUDIT-BOM-001,SELECTION REQUIRED,SELECTION REQUIRED,NOT EXECUTED,PASS only if executed AUDIT-BOM-001 configuration-bound evidence demonstrates: Each HR-V0 release-BOM row shall state exact quantity.,NOT EXECUTED,NOT EXECUTED,SELECTION REQUIRED,NOT EXECUTED,SELECTION REQUIRED,NOT APPROVED,"PRELIMINARY - NOT APPROVED FOR FABRICATION, CONNECTION, MOTION, OR ENERGIZATION"
CFG-003-A08,CFG-003,AUDIT-BOM-001,SELECTION REQUIRED,SELECTION REQUIRED,NOT EXECUTED,PASS only if executed AUDIT-BOM-001 configuration-bound evidence demonstrates: Each HR-V0 release-BOM row shall state exact order-code status.,NOT EXECUTED,NOT EXECUTED,SELECTION REQUIRED,NOT EXECUTED,SELECTION REQUIRED,NOT APPROVED,"PRELIMINARY - NOT APPROVED FOR FABRICATION, CONNECTION, MOTION, OR ENERGIZATION"
CFG-003-A09,CFG-003,AUDIT-BOM-001,SELECTION REQUIRED,SELECTION REQUIRED,NOT EXECUTED,PASS only if executed AUDIT-BOM-001 configuration-bound evidence demonstrates: Each HR-V0 release-BOM row shall state primary-source status.,NOT EXECUTED,NOT EXECUTED,SELECTION REQUIRED,NOT EXECUTED,SELECTION REQUIRED,NOT APPROVED,"PRELIMINARY - NOT APPROVED FOR FABRICATION, CONNECTION, MOTION, OR ENERGIZATION"
CFG-003-A10,CFG-003,AUDIT-BOM-001,SELECTION REQUIRED,SELECTION REQUIRED,NOT EXECUTED,PASS only if executed AUDIT-BOM-001 configuration-bound evidence demonstrates: Each HR-V0 release-BOM row shall state application-evidence status.,NOT EXECUTED,NOT EXECUTED,SELECTION REQUIRED,NOT EXECUTED,SELECTION REQUIRED,NOT APPROVED,"PRELIMINARY - NOT APPROVED FOR FABRICATION, CONNECTION, MOTION, OR ENERGIZATION"
CFG-003-A11,CFG-003,AUDIT-BOM-001,SELECTION REQUIRED,SELECTION REQUIRED,NOT EXECUTED,PASS only if executed AUDIT-BOM-001 configuration-bound evidence demonstrates: Each HR-V0 release-BOM row shall state a receiving or closure route.,NOT EXECUTED,NOT EXECUTED,SELECTION REQUIRED,NOT EXECUTED,SELECTION REQUIRED,NOT APPROVED,"PRELIMINARY - NOT APPROVED FOR FABRICATION, CONNECTION, MOTION, OR ENERGIZATION"
CFG-003-A12,CFG-003,AUDIT-BOM-001,SELECTION REQUIRED,SELECTION REQUIRED,NOT EXECUTED,PASS only if executed AUDIT-BOM-001 configuration-bound evidence demonstrates: Each unresolved HR-V0 release-BOM field shall remain SELECTION REQUIRED.,NOT EXECUTED,NOT EXECUTED,SELECTION REQUIRED,NOT EXECUTED,SELECTION REQUIRED,NOT APPROVED,"PRELIMINARY - NOT APPROVED FOR FABRICATION, CONNECTION, MOTION, OR ENERGIZATION"
COMM-001-A01,COMM-001,INSPECT-E2-001,SELECTION REQUIRED,SELECTION REQUIRED,NOT EXECUTED,PASS only if executed INSPECT-E2-001 configuration-bound evidence demonstrates: Before E2 control-only energization the complete unpowered HR-V0 article shall match one accepted commit.,NOT EXECUTED,NOT EXECUTED,SELECTION REQUIRED,NOT EXECUTED,SELECTION REQUIRED,NOT APPROVED,"PRELIMINARY - NOT APPROVED FOR FABRICATION, CONNECTION, MOTION, OR ENERGIZATION"
COMM-001-A02,COMM-001,INSPECT-E2-001,SELECTION REQUIRED,SELECTION REQUIRED,NOT EXECUTED,PASS only if executed INSPECT-E2-001 configuration-bound evidence demonstrates: Before E2 control-only energization the complete unpowered HR-V0 article shall match one accepted file manifest.,NOT EXECUTED,NOT EXECUTED,SELECTION REQUIRED,NOT EXECUTED,SELECTION REQUIRED,NOT APPROVED,"PRELIMINARY - NOT APPROVED FOR FABRICATION, CONNECTION, MOTION, OR ENERGIZATION"
COMM-001-A03,COMM-001,INSPECT-E2-001,SELECTION REQUIRED,SELECTION REQUIRED,NOT EXECUTED,PASS only if executed INSPECT-E2-001 configuration-bound evidence demonstrates: Before E2 control-only energization the complete unpowered HR-V0 article shall match one accepted BOM revision.,NOT EXECUTED,NOT EXECUTED,SELECTION REQUIRED,NOT EXECUTED,SELECTION REQUIRED,NOT APPROVED,"PRELIMINARY - NOT APPROVED FOR FABRICATION, CONNECTION, MOTION, OR ENERGIZATION"
COMM-001-A04,COMM-001,INSPECT-E2-001,SELECTION REQUIRED,SELECTION REQUIRED,NOT EXECUTED,PASS only if executed INSPECT-E2-001 configuration-bound evidence demonstrates: Before E2 control-only energization the complete unpowered HR-V0 article shall match one accepted ECAD revision.,NOT EXECUTED,NOT EXECUTED,SELECTION REQUIRED,NOT EXECUTED,SELECTION REQUIRED,NOT APPROVED,"PRELIMINARY - NOT APPROVED FOR FABRICATION, CONNECTION, MOTION, OR ENERGIZATION"
COMM-001-A05,COMM-001,INSPECT-E2-001,SELECTION REQUIRED,SELECTION REQUIRED,NOT EXECUTED,PASS only if executed INSPECT-E2-001 configuration-bound evidence demonstrates: Before E2 control-only energization the complete unpowered HR-V0 article shall match one accepted CAD revision.,NOT EXECUTED,NOT EXECUTED,SELECTION REQUIRED,NOT EXECUTED,SELECTION REQUIRED,NOT APPROVED,"PRELIMINARY - NOT APPROVED FOR FABRICATION, CONNECTION, MOTION, OR ENERGIZATION"
COMM-001-A06,COMM-001,INSPECT-E2-001,SELECTION REQUIRED,SELECTION REQUIRED,NOT EXECUTED,PASS only if executed INSPECT-E2-001 configuration-bound evidence demonstrates: Before E2 control-only energization the complete unpowered HR-V0 article shall match one accepted firmware revision.,NOT EXECUTED,NOT EXECUTED,SELECTION REQUIRED,NOT EXECUTED,SELECTION REQUIRED,NOT APPROVED,"PRELIMINARY - NOT APPROVED FOR FABRICATION, CONNECTION, MOTION, OR ENERGIZATION"
COMM-001-A07,COMM-001,INSPECT-E2-001,SELECTION REQUIRED,SELECTION REQUIRED,NOT EXECUTED,PASS only if executed INSPECT-E2-001 configuration-bound evidence demonstrates: Before E2 control-only energization the complete unpowered HR-V0 article shall match one accepted procedure baseline.,NOT EXECUTED,NOT EXECUTED,SELECTION REQUIRED,NOT EXECUTED,SELECTION REQUIRED,NOT APPROVED,"PRELIMINARY - NOT APPROVED FOR FABRICATION, CONNECTION, MOTION, OR ENERGIZATION"
COMM-001-A08,COMM-001,INSPECT-E2-001,SELECTION REQUIRED,SELECTION REQUIRED,NOT EXECUTED,PASS only if executed INSPECT-E2-001 configuration-bound evidence demonstrates: All required guards shall be installed before E2 control-only energization.,NOT EXECUTED,NOT EXECUTED,SELECTION REQUIRED,NOT EXECUTED,SELECTION REQUIRED,NOT APPROVED,"PRELIMINARY - NOT APPROVED FOR FABRICATION, CONNECTION, MOTION, OR ENERGIZATION"
COMM-001-A09,COMM-001,INSPECT-E2-001,SELECTION REQUIRED,SELECTION REQUIRED,NOT EXECUTED,PASS only if executed INSPECT-E2-001 configuration-bound evidence demonstrates: All required torque witness marks shall be intact before E2 control-only energization.,NOT EXECUTED,NOT EXECUTED,SELECTION REQUIRED,NOT EXECUTED,SELECTION REQUIRED,NOT APPROVED,"PRELIMINARY - NOT APPROVED FOR FABRICATION, CONNECTION, MOTION, OR ENERGIZATION"
COMM-001-A10,COMM-001,INSPECT-E2-001,SELECTION REQUIRED,SELECTION REQUIRED,NOT EXECUTED,PASS only if executed INSPECT-E2-001 configuration-bound evidence demonstrates: Every E2 deviation shall be closed or explicitly accepted by the accountable qualified reviewer before energization.,NOT EXECUTED,NOT EXECUTED,SELECTION REQUIRED,NOT EXECUTED,SELECTION REQUIRED,NOT APPROVED,"PRELIMINARY - NOT APPROVED FOR FABRICATION, CONNECTION, MOTION, OR ENERGIZATION"
COMM-002-A01,COMM-002,INSPECT-E2-002,SELECTION REQUIRED,SELECTION REQUIRED,NOT EXECUTED,PASS only if executed INSPECT-E2-002 configuration-bound evidence demonstrates: A qualified electrical reviewer shall accept the exact site supply before any E2 source connection.,NOT EXECUTED,NOT EXECUTED,SELECTION REQUIRED,NOT EXECUTED,SELECTION REQUIRED,NOT APPROVED,"PRELIMINARY - NOT APPROVED FOR FABRICATION, CONNECTION, MOTION, OR ENERGIZATION"
COMM-002-A02,COMM-002,INSPECT-E2-002,SELECTION REQUIRED,SELECTION REQUIRED,NOT EXECUTED,PASS only if executed INSPECT-E2-002 configuration-bound evidence demonstrates: A qualified electrical reviewer shall accept each exact external factory adapter before any E2 source connection.,NOT EXECUTED,NOT EXECUTED,SELECTION REQUIRED,NOT EXECUTED,SELECTION REQUIRED,NOT APPROVED,"PRELIMINARY - NOT APPROVED FOR FABRICATION, CONNECTION, MOTION, OR ENERGIZATION"
COMM-002-A03,COMM-002,INSPECT-E2-002,SELECTION REQUIRED,SELECTION REQUIRED,NOT EXECUTED,PASS only if executed INSPECT-E2-002 configuration-bound evidence demonstrates: A qualified electrical reviewer shall accept the protective-earth treatment before any E2 source connection.,NOT EXECUTED,NOT EXECUTED,SELECTION REQUIRED,NOT EXECUTED,SELECTION REQUIRED,NOT APPROVED,"PRELIMINARY - NOT APPROVED FOR FABRICATION, CONNECTION, MOTION, OR ENERGIZATION"
COMM-002-A04,COMM-002,INSPECT-E2-002,SELECTION REQUIRED,SELECTION REQUIRED,NOT EXECUTED,PASS only if executed INSPECT-E2-002 configuration-bound evidence demonstrates: A qualified electrical reviewer shall accept the insulation obligations before any E2 source connection.,NOT EXECUTED,NOT EXECUTED,SELECTION REQUIRED,NOT EXECUTED,SELECTION REQUIRED,NOT APPROVED,"PRELIMINARY - NOT APPROVED FOR FABRICATION, CONNECTION, MOTION, OR ENERGIZATION"
COMM-002-A05,COMM-002,INSPECT-E2-002,SELECTION REQUIRED,SELECTION REQUIRED,NOT EXECUTED,PASS only if executed INSPECT-E2-002 configuration-bound evidence demonstrates: A qualified electrical reviewer shall accept the disconnect method before any E2 source connection.,NOT EXECUTED,NOT EXECUTED,SELECTION REQUIRED,NOT EXECUTED,SELECTION REQUIRED,NOT APPROVED,"PRELIMINARY - NOT APPROVED FOR FABRICATION, CONNECTION, MOTION, OR ENERGIZATION"
COMM-002-A06,COMM-002,INSPECT-E2-002,SELECTION REQUIRED,SELECTION REQUIRED,NOT EXECUTED,PASS only if executed INSPECT-E2-002 configuration-bound evidence demonstrates: A qualified electrical reviewer shall accept the exact test instruments before any E2 source connection.,NOT EXECUTED,NOT EXECUTED,SELECTION REQUIRED,NOT EXECUTED,SELECTION REQUIRED,NOT APPROVED,"PRELIMINARY - NOT APPROVED FOR FABRICATION, CONNECTION, MOTION, OR ENERGIZATION"
COMM-002-A07,COMM-002,INSPECT-E2-002,SELECTION REQUIRED,SELECTION REQUIRED,NOT EXECUTED,PASS only if executed INSPECT-E2-002 configuration-bound evidence demonstrates: A qualified electrical reviewer shall accept numerical E2 test limits for the as-built configuration before any source connection.,NOT EXECUTED,NOT EXECUTED,SELECTION REQUIRED,NOT EXECUTED,SELECTION REQUIRED,NOT APPROVED,"PRELIMINARY - NOT APPROVED FOR FABRICATION, CONNECTION, MOTION, OR ENERGIZATION"
COMM-003-A01,COMM-003,TEST-E2-001,SELECTION REQUIRED,SELECTION REQUIRED,NOT EXECUTED,PASS only if executed TEST-E2-001 configuration-bound evidence demonstrates: Each HR-V0 extra-low-voltage conductor shall pass point-to-point continuity inspection before E2 control power.,NOT EXECUTED,NOT EXECUTED,SELECTION REQUIRED,NOT EXECUTED,SELECTION REQUIRED,NOT APPROVED,"PRELIMINARY - NOT APPROVED FOR FABRICATION, CONNECTION, MOTION, OR ENERGIZATION"
COMM-003-A02,COMM-003,TEST-E2-001,SELECTION REQUIRED,SELECTION REQUIRED,NOT EXECUTED,PASS only if executed TEST-E2-001 configuration-bound evidence demonstrates: Each HR-V0 extra-low-voltage terminal shall pass point-to-point continuity inspection before E2 control power.,NOT EXECUTED,NOT EXECUTED,SELECTION REQUIRED,NOT EXECUTED,SELECTION REQUIRED,NOT APPROVED,"PRELIMINARY - NOT APPROVED FOR FABRICATION, CONNECTION, MOTION, OR ENERGIZATION"
COMM-003-A03,COMM-003,TEST-E2-001,SELECTION REQUIRED,SELECTION REQUIRED,NOT EXECUTED,PASS only if executed TEST-E2-001 configuration-bound evidence demonstrates: Each HR-V0 extra-low-voltage connector shall pass point-to-point continuity inspection before E2 control power.,NOT EXECUTED,NOT EXECUTED,SELECTION REQUIRED,NOT EXECUTED,SELECTION REQUIRED,NOT APPROVED,"PRELIMINARY - NOT APPROVED FOR FABRICATION, CONNECTION, MOTION, OR ENERGIZATION"
COMM-003-A04,COMM-003,TEST-E2-001,SELECTION REQUIRED,SELECTION REQUIRED,NOT EXECUTED,PASS only if executed TEST-E2-001 configuration-bound evidence demonstrates: Each HR-V0 extra-low-voltage conductor shall pass polarity inspection before E2 control power.,NOT EXECUTED,NOT EXECUTED,SELECTION REQUIRED,NOT EXECUTED,SELECTION REQUIRED,NOT APPROVED,"PRELIMINARY - NOT APPROVED FOR FABRICATION, CONNECTION, MOTION, OR ENERGIZATION"
COMM-003-A05,COMM-003,TEST-E2-001,SELECTION REQUIRED,SELECTION REQUIRED,NOT EXECUTED,PASS only if executed TEST-E2-001 configuration-bound evidence demonstrates: Each HR-V0 extra-low-voltage conductor shall pass the released isolation-resistance inspection before E2 control power.,NOT EXECUTED,NOT EXECUTED,SELECTION REQUIRED,NOT EXECUTED,SELECTION REQUIRED,NOT APPROVED,"PRELIMINARY - NOT APPROVED FOR FABRICATION, CONNECTION, MOTION, OR ENERGIZATION"
COMM-003-A06,COMM-003,TEST-E2-001,SELECTION REQUIRED,SELECTION REQUIRED,NOT EXECUTED,PASS only if executed TEST-E2-001 configuration-bound evidence demonstrates: Each HR-V0 extra-low-voltage conductor shall pass the released no-backfeed inspection before E2 control power.,NOT EXECUTED,NOT EXECUTED,SELECTION REQUIRED,NOT EXECUTED,SELECTION REQUIRED,NOT APPROVED,"PRELIMINARY - NOT APPROVED FOR FABRICATION, CONNECTION, MOTION, OR ENERGIZATION"
COMM-003-A07,COMM-003,TEST-E2-001,SELECTION REQUIRED,SELECTION REQUIRED,NOT EXECUTED,PASS only if executed TEST-E2-001 configuration-bound evidence demonstrates: Each COMM-003 inspection shall use the accepted ECAD as a comparison baseline.,NOT EXECUTED,NOT EXECUTED,SELECTION REQUIRED,NOT EXECUTED,SELECTION REQUIRED,NOT APPROVED,"PRELIMINARY - NOT APPROVED FOR FABRICATION, CONNECTION, MOTION, OR ENERGIZATION"
COMM-003-A08,COMM-003,TEST-E2-001,SELECTION REQUIRED,SELECTION REQUIRED,NOT EXECUTED,PASS only if executed TEST-E2-001 configuration-bound evidence demonstrates: Each HR-V0 extra-low-voltage terminal shall pass polarity inspection before E2 control power.,NOT EXECUTED,NOT EXECUTED,SELECTION REQUIRED,NOT EXECUTED,SELECTION REQUIRED,NOT APPROVED,"PRELIMINARY - NOT APPROVED FOR FABRICATION, CONNECTION, MOTION, OR ENERGIZATION"
COMM-003-A09,COMM-003,TEST-E2-001,SELECTION REQUIRED,SELECTION REQUIRED,NOT EXECUTED,PASS only if executed TEST-E2-001 configuration-bound evidence demonstrates: Each HR-V0 extra-low-voltage connector shall pass polarity inspection before E2 control power.,NOT EXECUTED,NOT EXECUTED,SELECTION REQUIRED,NOT EXECUTED,SELECTION REQUIRED,NOT APPROVED,"PRELIMINARY - NOT APPROVED FOR FABRICATION, CONNECTION, MOTION, OR ENERGIZATION"
COMM-003-A10,COMM-003,TEST-E2-001,SELECTION REQUIRED,SELECTION REQUIRED,NOT EXECUTED,PASS only if executed TEST-E2-001 configuration-bound evidence demonstrates: Each HR-V0 extra-low-voltage terminal shall pass the released isolation-resistance inspection before E2 control power.,NOT EXECUTED,NOT EXECUTED,SELECTION REQUIRED,NOT EXECUTED,SELECTION REQUIRED,NOT APPROVED,"PRELIMINARY - NOT APPROVED FOR FABRICATION, CONNECTION, MOTION, OR ENERGIZATION"
COMM-003-A11,COMM-003,TEST-E2-001,SELECTION REQUIRED,SELECTION REQUIRED,NOT EXECUTED,PASS only if executed TEST-E2-001 configuration-bound evidence demonstrates: Each HR-V0 extra-low-voltage connector shall pass the released isolation-resistance inspection before E2 control power.,NOT EXECUTED,NOT EXECUTED,SELECTION REQUIRED,NOT EXECUTED,SELECTION REQUIRED,NOT APPROVED,"PRELIMINARY - NOT APPROVED FOR FABRICATION, CONNECTION, MOTION, OR ENERGIZATION"
COMM-003-A12,COMM-003,TEST-E2-001,SELECTION REQUIRED,SELECTION REQUIRED,NOT EXECUTED,PASS only if executed TEST-E2-001 configuration-bound evidence demonstrates: Each HR-V0 extra-low-voltage terminal shall pass the released no-backfeed inspection before E2 control power.,NOT EXECUTED,NOT EXECUTED,SELECTION REQUIRED,NOT EXECUTED,SELECTION REQUIRED,NOT APPROVED,"PRELIMINARY - NOT APPROVED FOR FABRICATION, CONNECTION, MOTION, OR ENERGIZATION"
COMM-003-A13,COMM-003,TEST-E2-001,SELECTION REQUIRED,SELECTION REQUIRED,NOT EXECUTED,PASS only if executed TEST-E2-001 configuration-bound evidence demonstrates: Each HR-V0 extra-low-voltage connector shall pass the released no-backfeed inspection before E2 control power.,NOT EXECUTED,NOT EXECUTED,SELECTION REQUIRED,NOT EXECUTED,SELECTION REQUIRED,NOT APPROVED,"PRELIMINARY - NOT APPROVED FOR FABRICATION, CONNECTION, MOTION, OR ENERGIZATION"
COMM-003-A14,COMM-003,TEST-E2-001,SELECTION REQUIRED,SELECTION REQUIRED,NOT EXECUTED,PASS only if executed TEST-E2-001 configuration-bound evidence demonstrates: Each COMM-003 inspection shall use the accepted as-built harness as a comparison baseline.,NOT EXECUTED,NOT EXECUTED,SELECTION REQUIRED,NOT EXECUTED,SELECTION REQUIRED,NOT APPROVED,"PRELIMINARY - NOT APPROVED FOR FABRICATION, CONNECTION, MOTION, OR ENERGIZATION"
COMM-004-A01,COMM-004,TEST-E2-002,SELECTION REQUIRED,SELECTION REQUIRED,NOT EXECUTED,PASS only if executed TEST-E2-002 configuration-bound evidence demonstrates: E2 shall energize only the accepted 24 V safety-control source.,NOT EXECUTED,NOT EXECUTED,SELECTION REQUIRED,NOT EXECUTED,SELECTION REQUIRED,NOT APPROVED,"PRELIMINARY - NOT APPROVED FOR FABRICATION, CONNECTION, MOTION, OR ENERGIZATION"
COMM-004-A02,COMM-004,TEST-E2-002,SELECTION REQUIRED,SELECTION REQUIRED,NOT EXECUTED,PASS only if executed TEST-E2-002 configuration-bound evidence demonstrates: The 12 V actuator source shall be physically absent throughout E2.,NOT EXECUTED,NOT EXECUTED,SELECTION REQUIRED,NOT EXECUTED,SELECTION REQUIRED,NOT APPROVED,"PRELIMINARY - NOT APPROVED FOR FABRICATION, CONNECTION, MOTION, OR ENERGIZATION"
COMM-004-A03,COMM-004,TEST-E2-002,SELECTION REQUIRED,SELECTION REQUIRED,NOT EXECUTED,PASS only if executed TEST-E2-002 configuration-bound evidence demonstrates: Every actuator branch shall be disconnected throughout E2.,NOT EXECUTED,NOT EXECUTED,SELECTION REQUIRED,NOT EXECUTED,SELECTION REQUIRED,NOT APPROVED,"PRELIMINARY - NOT APPROVED FOR FABRICATION, CONNECTION, MOTION, OR ENERGIZATION"
COMM-004-A04,COMM-004,TEST-E2-002,SELECTION REQUIRED,SELECTION REQUIRED,NOT EXECUTED,PASS only if executed TEST-E2-002 configuration-bound evidence demonstrates: Every disconnected actuator branch shall be covered throughout E2.,NOT EXECUTED,NOT EXECUTED,SELECTION REQUIRED,NOT EXECUTED,SELECTION REQUIRED,NOT APPROVED,"PRELIMINARY - NOT APPROVED FOR FABRICATION, CONNECTION, MOTION, OR ENERGIZATION"
COMM-004-A05,COMM-004,TEST-E2-002,SELECTION REQUIRED,SELECTION REQUIRED,NOT EXECUTED,PASS only if executed TEST-E2-002 configuration-bound evidence demonstrates: Every actuator branch shall be verified at zero volts before the released E2 checks.,NOT EXECUTED,NOT EXECUTED,SELECTION REQUIRED,NOT EXECUTED,SELECTION REQUIRED,NOT APPROVED,"PRELIMINARY - NOT APPROVED FOR FABRICATION, CONNECTION, MOTION, OR ENERGIZATION"
COMM-004-A06,COMM-004,TEST-E2-002,SELECTION REQUIRED,SELECTION REQUIRED,NOT EXECUTED,PASS only if executed TEST-E2-002 configuration-bound evidence demonstrates: The staged E2 safety-logic tests shall prove that no tested recovery condition causes automatic restart.,NOT EXECUTED,NOT EXECUTED,SELECTION REQUIRED,NOT EXECUTED,SELECTION REQUIRED,NOT APPROVED,"PRELIMINARY - NOT APPROVED FOR FABRICATION, CONNECTION, MOTION, OR ENERGIZATION"
COMM-004-A07,COMM-004,TEST-E2-002,SELECTION REQUIRED,SELECTION REQUIRED,NOT EXECUTED,PASS only if executed TEST-E2-002 configuration-bound evidence demonstrates: E2 evidence shall claim no motion-validation credit.,NOT EXECUTED,NOT EXECUTED,SELECTION REQUIRED,NOT EXECUTED,SELECTION REQUIRED,NOT APPROVED,"PRELIMINARY - NOT APPROVED FOR FABRICATION, CONNECTION, MOTION, OR ENERGIZATION"
COMM-004-A08,COMM-004,TEST-E2-002,SELECTION REQUIRED,SELECTION REQUIRED,NOT EXECUTED,PASS only if executed TEST-E2-002 configuration-bound evidence demonstrates: E2 evidence shall claim no stopping-distance-validation credit.,NOT EXECUTED,NOT EXECUTED,SELECTION REQUIRED,NOT EXECUTED,SELECTION REQUIRED,NOT APPROVED,"PRELIMINARY - NOT APPROVED FOR FABRICATION, CONNECTION, MOTION, OR ENERGIZATION"
COMM-004-A09,COMM-004,TEST-E2-002,SELECTION REQUIRED,SELECTION REQUIRED,NOT EXECUTED,PASS only if executed TEST-E2-002 configuration-bound evidence demonstrates: E2 shall energize only the accepted 5.1 V compute source.,NOT EXECUTED,NOT EXECUTED,SELECTION REQUIRED,NOT EXECUTED,SELECTION REQUIRED,NOT APPROVED,"PRELIMINARY - NOT APPROVED FOR FABRICATION, CONNECTION, MOTION, OR ENERGIZATION"
COMM-004-A10,COMM-004,TEST-E2-002,SELECTION REQUIRED,SELECTION REQUIRED,NOT EXECUTED,PASS only if executed TEST-E2-002 configuration-bound evidence demonstrates: Every actuator branch shall be verified at zero volts during the released E2 checks.,NOT EXECUTED,NOT EXECUTED,SELECTION REQUIRED,NOT EXECUTED,SELECTION REQUIRED,NOT APPROVED,"PRELIMINARY - NOT APPROVED FOR FABRICATION, CONNECTION, MOTION, OR ENERGIZATION"
COMM-005-A01,COMM-005,AUDIT-E2-001,SELECTION REQUIRED,SELECTION REQUIRED,NOT EXECUTED,PASS only if executed AUDIT-E2-001 configuration-bound evidence demonstrates: Each E2 run shall have written configuration-specific authorization from the test director.,NOT EXECUTED,NOT EXECUTED,SELECTION REQUIRED,NOT EXECUTED,SELECTION REQUIRED,NOT APPROVED,"PRELIMINARY - NOT APPROVED FOR FABRICATION, CONNECTION, MOTION, OR ENERGIZATION"
COMM-005-A02,COMM-005,AUDIT-E2-001,SELECTION REQUIRED,SELECTION REQUIRED,NOT EXECUTED,PASS only if executed AUDIT-E2-001 configuration-bound evidence demonstrates: Each E2 run shall have written configuration-specific authorization from a qualified electrical reviewer.,NOT EXECUTED,NOT EXECUTED,SELECTION REQUIRED,NOT EXECUTED,SELECTION REQUIRED,NOT APPROVED,"PRELIMINARY - NOT APPROVED FOR FABRICATION, CONNECTION, MOTION, OR ENERGIZATION"
COMM-005-A03,COMM-005,AUDIT-E2-001,SELECTION REQUIRED,SELECTION REQUIRED,NOT EXECUTED,PASS only if executed AUDIT-E2-001 configuration-bound evidence demonstrates: Each E2 run shall have written configuration-specific authorization from a qualified functional-safety reviewer.,NOT EXECUTED,NOT EXECUTED,SELECTION REQUIRED,NOT EXECUTED,SELECTION REQUIRED,NOT APPROVED,"PRELIMINARY - NOT APPROVED FOR FABRICATION, CONNECTION, MOTION, OR ENERGIZATION"
COMM-005-A04,COMM-005,AUDIT-E2-001,SELECTION REQUIRED,SELECTION REQUIRED,NOT EXECUTED,PASS only if executed AUDIT-E2-001 configuration-bound evidence demonstrates: Each E2 run shall have written configuration-specific authorization from an independent witness.,NOT EXECUTED,NOT EXECUTED,SELECTION REQUIRED,NOT EXECUTED,SELECTION REQUIRED,NOT APPROVED,"PRELIMINARY - NOT APPROVED FOR FABRICATION, CONNECTION, MOTION, OR ENERGIZATION"
COMM-005-A05,COMM-005,AUDIT-E2-001,SELECTION REQUIRED,SELECTION REQUIRED,NOT EXECUTED,PASS only if executed AUDIT-E2-001 configuration-bound evidence demonstrates: Any prerequisite change during E2 shall revoke authorization.,NOT EXECUTED,NOT EXECUTED,SELECTION REQUIRED,NOT EXECUTED,SELECTION REQUIRED,NOT APPROVED,"PRELIMINARY - NOT APPROVED FOR FABRICATION, CONNECTION, MOTION, OR ENERGIZATION"
COMM-005-A06,COMM-005,AUDIT-E2-001,SELECTION REQUIRED,SELECTION REQUIRED,NOT EXECUTED,PASS only if executed AUDIT-E2-001 configuration-bound evidence demonstrates: Any unexpected voltage during E2 shall revoke authorization.,NOT EXECUTED,NOT EXECUTED,SELECTION REQUIRED,NOT EXECUTED,SELECTION REQUIRED,NOT APPROVED,"PRELIMINARY - NOT APPROVED FOR FABRICATION, CONNECTION, MOTION, OR ENERGIZATION"
COMM-005-A07,COMM-005,AUDIT-E2-001,SELECTION REQUIRED,SELECTION REQUIRED,NOT EXECUTED,PASS only if executed AUDIT-E2-001 configuration-bound evidence demonstrates: Any unauthorized state during E2 shall revoke authorization.,NOT EXECUTED,NOT EXECUTED,SELECTION REQUIRED,NOT EXECUTED,SELECTION REQUIRED,NOT APPROVED,"PRELIMINARY - NOT APPROVED FOR FABRICATION, CONNECTION, MOTION, OR ENERGIZATION"
COMM-005-A08,COMM-005,AUDIT-E2-001,SELECTION REQUIRED,SELECTION REQUIRED,NOT EXECUTED,PASS only if executed AUDIT-E2-001 configuration-bound evidence demonstrates: Any expired calibration during E2 shall revoke authorization.,NOT EXECUTED,NOT EXECUTED,SELECTION REQUIRED,NOT EXECUTED,SELECTION REQUIRED,NOT APPROVED,"PRELIMINARY - NOT APPROVED FOR FABRICATION, CONNECTION, MOTION, OR ENERGIZATION"
COMM-005-A09,COMM-005,AUDIT-E2-001,SELECTION REQUIRED,SELECTION REQUIRED,NOT EXECUTED,PASS only if executed AUDIT-E2-001 configuration-bound evidence demonstrates: Any open deviation during E2 shall revoke authorization.,NOT EXECUTED,NOT EXECUTED,SELECTION REQUIRED,NOT EXECUTED,SELECTION REQUIRED,NOT APPROVED,"PRELIMINARY - NOT APPROVED FOR FABRICATION, CONNECTION, MOTION, OR ENERGIZATION"
COMM-005-A10,COMM-005,AUDIT-E2-001,SELECTION REQUIRED,SELECTION REQUIRED,NOT EXECUTED,PASS only if executed AUDIT-E2-001 configuration-bound evidence demonstrates: Any exclusion-zone breach during E2 shall revoke authorization.,NOT EXECUTED,NOT EXECUTED,SELECTION REQUIRED,NOT EXECUTED,SELECTION REQUIRED,NOT APPROVED,"PRELIMINARY - NOT APPROVED FOR FABRICATION, CONNECTION, MOTION, OR ENERGIZATION"
COMM-005-A11,COMM-005,AUDIT-E2-001,SELECTION REQUIRED,SELECTION REQUIRED,NOT EXECUTED,PASS only if executed AUDIT-E2-001 configuration-bound evidence demonstrates: Any prerequisite change during E2 shall require controlled shutdown.,NOT EXECUTED,NOT EXECUTED,SELECTION REQUIRED,NOT EXECUTED,SELECTION REQUIRED,NOT APPROVED,"PRELIMINARY - NOT APPROVED FOR FABRICATION, CONNECTION, MOTION, OR ENERGIZATION"
COMM-005-A12,COMM-005,AUDIT-E2-001,SELECTION REQUIRED,SELECTION REQUIRED,NOT EXECUTED,PASS only if executed AUDIT-E2-001 configuration-bound evidence demonstrates: Any unexpected voltage during E2 shall require controlled shutdown.,NOT EXECUTED,NOT EXECUTED,SELECTION REQUIRED,NOT EXECUTED,SELECTION REQUIRED,NOT APPROVED,"PRELIMINARY - NOT APPROVED FOR FABRICATION, CONNECTION, MOTION, OR ENERGIZATION"
COMM-005-A13,COMM-005,AUDIT-E2-001,SELECTION REQUIRED,SELECTION REQUIRED,NOT EXECUTED,PASS only if executed AUDIT-E2-001 configuration-bound evidence demonstrates: Any unauthorized state during E2 shall require controlled shutdown.,NOT EXECUTED,NOT EXECUTED,SELECTION REQUIRED,NOT EXECUTED,SELECTION REQUIRED,NOT APPROVED,"PRELIMINARY - NOT APPROVED FOR FABRICATION, CONNECTION, MOTION, OR ENERGIZATION"
COMM-005-A14,COMM-005,AUDIT-E2-001,SELECTION REQUIRED,SELECTION REQUIRED,NOT EXECUTED,PASS only if executed AUDIT-E2-001 configuration-bound evidence demonstrates: Any expired calibration during E2 shall require controlled shutdown.,NOT EXECUTED,NOT EXECUTED,SELECTION REQUIRED,NOT EXECUTED,SELECTION REQUIRED,NOT APPROVED,"PRELIMINARY - NOT APPROVED FOR FABRICATION, CONNECTION, MOTION, OR ENERGIZATION"
COMM-005-A15,COMM-005,AUDIT-E2-001,SELECTION REQUIRED,SELECTION REQUIRED,NOT EXECUTED,PASS only if executed AUDIT-E2-001 configuration-bound evidence demonstrates: Any open deviation during E2 shall require controlled shutdown.,NOT EXECUTED,NOT EXECUTED,SELECTION REQUIRED,NOT EXECUTED,SELECTION REQUIRED,NOT APPROVED,"PRELIMINARY - NOT APPROVED FOR FABRICATION, CONNECTION, MOTION, OR ENERGIZATION"
COMM-005-A16,COMM-005,AUDIT-E2-001,SELECTION REQUIRED,SELECTION REQUIRED,NOT EXECUTED,PASS only if executed AUDIT-E2-001 configuration-bound evidence demonstrates: Any exclusion-zone breach during E2 shall require controlled shutdown.,NOT EXECUTED,NOT EXECUTED,SELECTION REQUIRED,NOT EXECUTED,SELECTION REQUIRED,NOT APPROVED,"PRELIMINARY - NOT APPROVED FOR FABRICATION, CONNECTION, MOTION, OR ENERGIZATION"
CTRL-003-A01,CTRL-003,TEST-FAULT-001,SELECTION REQUIRED,SELECTION REQUIRED,NOT EXECUTED,PASS only if executed TEST-FAULT-001 configuration-bound evidence demonstrates: Loss of required communication shall cause the released fault response.,NOT EXECUTED,NOT EXECUTED,SELECTION REQUIRED,NOT EXECUTED,SELECTION REQUIRED,NOT APPROVED,"PRELIMINARY - NOT APPROVED FOR FABRICATION, CONNECTION, MOTION, OR ENERGIZATION"
CTRL-003-A02,CTRL-003,TEST-FAULT-001,SELECTION REQUIRED,SELECTION REQUIRED,NOT EXECUTED,PASS only if executed TEST-FAULT-001 configuration-bound evidence demonstrates: A released limit violation shall cause the released fault response.,NOT EXECUTED,NOT EXECUTED,SELECTION REQUIRED,NOT EXECUTED,SELECTION REQUIRED,NOT APPROVED,"PRELIMINARY - NOT APPROVED FOR FABRICATION, CONNECTION, MOTION, OR ENERGIZATION"
CTRL-003-A03,CTRL-003,TEST-FAULT-001,SELECTION REQUIRED,SELECTION REQUIRED,NOT EXECUTED,PASS only if executed TEST-FAULT-001 configuration-bound evidence demonstrates: A released overtemperature condition shall cause the released fault response.,NOT EXECUTED,NOT EXECUTED,SELECTION REQUIRED,NOT EXECUTED,SELECTION REQUIRED,NOT APPROVED,"PRELIMINARY - NOT APPROVED FOR FABRICATION, CONNECTION, MOTION, OR ENERGIZATION"
CTRL-003-A04,CTRL-003,TEST-FAULT-001,SELECTION REQUIRED,SELECTION REQUIRED,NOT EXECUTED,PASS only if executed TEST-FAULT-001 configuration-bound evidence demonstrates: A released overcurrent condition shall cause the released fault response.,NOT EXECUTED,NOT EXECUTED,SELECTION REQUIRED,NOT EXECUTED,SELECTION REQUIRED,NOT APPROVED,"PRELIMINARY - NOT APPROVED FOR FABRICATION, CONNECTION, MOTION, OR ENERGIZATION"
CTRL-003-A05,CTRL-003,TEST-FAULT-001,SELECTION REQUIRED,SELECTION REQUIRED,NOT EXECUTED,PASS only if executed TEST-FAULT-001 configuration-bound evidence demonstrates: Each CTRL-003 fault response shall latch until its released recovery sequence completes.,NOT EXECUTED,NOT EXECUTED,SELECTION REQUIRED,NOT EXECUTED,SELECTION REQUIRED,NOT APPROVED,"PRELIMINARY - NOT APPROVED FOR FABRICATION, CONNECTION, MOTION, OR ENERGIZATION"
CTRL-004-A01,CTRL-004,TEST-LOG-001,SELECTION REQUIRED,SELECTION REQUIRED,NOT EXECUTED,PASS only if executed TEST-LOG-001 configuration-bound evidence demonstrates: Command state shall be logged at 100 Hz or faster during released motion.,NOT EXECUTED,NOT EXECUTED,SELECTION REQUIRED,NOT EXECUTED,SELECTION REQUIRED,NOT APPROVED,"PRELIMINARY - NOT APPROVED FOR FABRICATION, CONNECTION, MOTION, OR ENERGIZATION"
CTRL-004-A02,CTRL-004,TEST-LOG-001,SELECTION REQUIRED,SELECTION REQUIRED,NOT EXECUTED,PASS only if executed TEST-LOG-001 configuration-bound evidence demonstrates: Feedback state shall be logged at 100 Hz or faster during released motion.,NOT EXECUTED,NOT EXECUTED,SELECTION REQUIRED,NOT EXECUTED,SELECTION REQUIRED,NOT APPROVED,"PRELIMINARY - NOT APPROVED FOR FABRICATION, CONNECTION, MOTION, OR ENERGIZATION"
CTRL-004-A03,CTRL-004,TEST-LOG-001,SELECTION REQUIRED,SELECTION REQUIRED,NOT EXECUTED,PASS only if executed TEST-LOG-001 configuration-bound evidence demonstrates: Each CTRL-004 log record shall bind the active configuration hash.,NOT EXECUTED,NOT EXECUTED,SELECTION REQUIRED,NOT EXECUTED,SELECTION REQUIRED,NOT APPROVED,"PRELIMINARY - NOT APPROVED FOR FABRICATION, CONNECTION, MOTION, OR ENERGIZATION"
CTRL-004-A04,CTRL-004,TEST-LOG-001,SELECTION REQUIRED,SELECTION REQUIRED,NOT EXECUTED,PASS only if executed TEST-LOG-001 configuration-bound evidence demonstrates: Each CTRL-004 log stream shall retain a released timebase record.,NOT EXECUTED,NOT EXECUTED,SELECTION REQUIRED,NOT EXECUTED,SELECTION REQUIRED,NOT APPROVED,"PRELIMINARY - NOT APPROVED FOR FABRICATION, CONNECTION, MOTION, OR ENERGIZATION"
CTRL-004-A05,CTRL-004,TEST-LOG-001,SELECTION REQUIRED,SELECTION REQUIRED,NOT EXECUTED,PASS only if executed TEST-LOG-001 configuration-bound evidence demonstrates: Each CTRL-004 log stream shall retain a released synchronization record.,NOT EXECUTED,NOT EXECUTED,SELECTION REQUIRED,NOT EXECUTED,SELECTION REQUIRED,NOT APPROVED,"PRELIMINARY - NOT APPROVED FOR FABRICATION, CONNECTION, MOTION, OR ENERGIZATION"
CTRL-005-A01,CTRL-005,TEST-CTRL-005,SELECTION REQUIRED,SELECTION REQUIRED,NOT EXECUTED,PASS only if executed TEST-CTRL-005 configuration-bound evidence demonstrates: Each inter-controller message shall carry a monotonic sequence number.,NOT EXECUTED,NOT EXECUTED,SELECTION REQUIRED,NOT EXECUTED,SELECTION REQUIRED,NOT APPROVED,"PRELIMINARY - NOT APPROVED FOR FABRICATION, CONNECTION, MOTION, OR ENERGIZATION"
CTRL-005-A02,CTRL-005,TEST-CTRL-005,SELECTION REQUIRED,SELECTION REQUIRED,NOT EXECUTED,PASS only if executed TEST-CTRL-005 configuration-bound evidence demonstrates: Each inter-controller message shall carry a source timestamp.,NOT EXECUTED,NOT EXECUTED,SELECTION REQUIRED,NOT EXECUTED,SELECTION REQUIRED,NOT APPROVED,"PRELIMINARY - NOT APPROVED FOR FABRICATION, CONNECTION, MOTION, OR ENERGIZATION"
CTRL-005-A03,CTRL-005,TEST-CTRL-005,SELECTION REQUIRED,SELECTION REQUIRED,NOT EXECUTED,PASS only if executed TEST-CTRL-005 configuration-bound evidence demonstrates: Each inter-controller message shall carry a validity deadline.,NOT EXECUTED,NOT EXECUTED,SELECTION REQUIRED,NOT EXECUTED,SELECTION REQUIRED,NOT APPROVED,"PRELIMINARY - NOT APPROVED FOR FABRICATION, CONNECTION, MOTION, OR ENERGIZATION"
CTRL-005-A04,CTRL-005,TEST-CTRL-005,SELECTION REQUIRED,SELECTION REQUIRED,NOT EXECUTED,PASS only if executed TEST-CTRL-005 configuration-bound evidence demonstrates: Each inter-controller message shall carry the sender state.,NOT EXECUTED,NOT EXECUTED,SELECTION REQUIRED,NOT EXECUTED,SELECTION REQUIRED,NOT APPROVED,"PRELIMINARY - NOT APPROVED FOR FABRICATION, CONNECTION, MOTION, OR ENERGIZATION"
CTRL-005-A05,CTRL-005,TEST-CTRL-005,SELECTION REQUIRED,SELECTION REQUIRED,NOT EXECUTED,PASS only if executed TEST-CTRL-005 configuration-bound evidence demonstrates: Each inter-controller message shall carry the active configuration hash.,NOT EXECUTED,NOT EXECUTED,SELECTION REQUIRED,NOT EXECUTED,SELECTION REQUIRED,NOT APPROVED,"PRELIMINARY - NOT APPROVED FOR FABRICATION, CONNECTION, MOTION, OR ENERGIZATION"
CTRL-005-A06,CTRL-005,TEST-CTRL-005,SELECTION REQUIRED,SELECTION REQUIRED,NOT EXECUTED,PASS only if executed TEST-CTRL-005 configuration-bound evidence demonstrates: A receiver shall reject a stale inter-controller message.,NOT EXECUTED,NOT EXECUTED,SELECTION REQUIRED,NOT EXECUTED,SELECTION REQUIRED,NOT APPROVED,"PRELIMINARY - NOT APPROVED FOR FABRICATION, CONNECTION, MOTION, OR ENERGIZATION"
CTRL-005-A07,CTRL-005,TEST-CTRL-005,SELECTION REQUIRED,SELECTION REQUIRED,NOT EXECUTED,PASS only if executed TEST-CTRL-005 configuration-bound evidence demonstrates: A receiver shall reject a duplicate inter-controller message.,NOT EXECUTED,NOT EXECUTED,SELECTION REQUIRED,NOT EXECUTED,SELECTION REQUIRED,NOT APPROVED,"PRELIMINARY - NOT APPROVED FOR FABRICATION, CONNECTION, MOTION, OR ENERGIZATION"
CTRL-005-A08,CTRL-005,TEST-CTRL-005,SELECTION REQUIRED,SELECTION REQUIRED,NOT EXECUTED,PASS only if executed TEST-CTRL-005 configuration-bound evidence demonstrates: A receiver shall reject an out-of-order inter-controller message.,NOT EXECUTED,NOT EXECUTED,SELECTION REQUIRED,NOT EXECUTED,SELECTION REQUIRED,NOT APPROVED,"PRELIMINARY - NOT APPROVED FOR FABRICATION, CONNECTION, MOTION, OR ENERGIZATION"
CTRL-005-A09,CTRL-005,TEST-CTRL-005,SELECTION REQUIRED,SELECTION REQUIRED,NOT EXECUTED,PASS only if executed TEST-CTRL-005 configuration-bound evidence demonstrates: A receiver shall reject an inter-controller message with a mismatched configuration hash.,NOT EXECUTED,NOT EXECUTED,SELECTION REQUIRED,NOT EXECUTED,SELECTION REQUIRED,NOT APPROVED,"PRELIMINARY - NOT APPROVED FOR FABRICATION, CONNECTION, MOTION, OR ENERGIZATION"
CTRL-006-A01,CTRL-006,TEST-CTRL-006,SELECTION REQUIRED,SELECTION REQUIRED,NOT EXECUTED,PASS only if executed TEST-CTRL-006 configuration-bound evidence demonstrates: Before torque-enable request the supervisor shall verify received actuator identity against the released configuration.,NOT EXECUTED,NOT EXECUTED,SELECTION REQUIRED,NOT EXECUTED,SELECTION REQUIRED,NOT APPROVED,"PRELIMINARY - NOT APPROVED FOR FABRICATION, CONNECTION, MOTION, OR ENERGIZATION"
CTRL-006-A02,CTRL-006,TEST-CTRL-006,SELECTION REQUIRED,SELECTION REQUIRED,NOT EXECUTED,PASS only if executed TEST-CTRL-006 configuration-bound evidence demonstrates: Before torque-enable request the supervisor shall verify actuator firmware identity against the released configuration.,NOT EXECUTED,NOT EXECUTED,SELECTION REQUIRED,NOT EXECUTED,SELECTION REQUIRED,NOT APPROVED,"PRELIMINARY - NOT APPROVED FOR FABRICATION, CONNECTION, MOTION, OR ENERGIZATION"
CTRL-006-A03,CTRL-006,TEST-CTRL-006,SELECTION REQUIRED,SELECTION REQUIRED,NOT EXECUTED,PASS only if executed TEST-CTRL-006 configuration-bound evidence demonstrates: Before torque-enable request the supervisor shall verify actuator ID against the released configuration.,NOT EXECUTED,NOT EXECUTED,SELECTION REQUIRED,NOT EXECUTED,SELECTION REQUIRED,NOT APPROVED,"PRELIMINARY - NOT APPROVED FOR FABRICATION, CONNECTION, MOTION, OR ENERGIZATION"
CTRL-006-A04,CTRL-006,TEST-CTRL-006,SELECTION REQUIRED,SELECTION REQUIRED,NOT EXECUTED,PASS only if executed TEST-CTRL-006 configuration-bound evidence demonstrates: Before torque-enable request the supervisor shall verify actuator operating mode against the released configuration.,NOT EXECUTED,NOT EXECUTED,SELECTION REQUIRED,NOT EXECUTED,SELECTION REQUIRED,NOT APPROVED,"PRELIMINARY - NOT APPROVED FOR FABRICATION, CONNECTION, MOTION, OR ENERGIZATION"
CTRL-006-A05,CTRL-006,TEST-CTRL-006,SELECTION REQUIRED,SELECTION REQUIRED,NOT EXECUTED,PASS only if executed TEST-CTRL-006 configuration-bound evidence demonstrates: Before torque-enable request the supervisor shall verify startup-torque configuration against the released configuration.,NOT EXECUTED,NOT EXECUTED,SELECTION REQUIRED,NOT EXECUTED,SELECTION REQUIRED,NOT APPROVED,"PRELIMINARY - NOT APPROVED FOR FABRICATION, CONNECTION, MOTION, OR ENERGIZATION"
CTRL-006-A06,CTRL-006,TEST-CTRL-006,SELECTION REQUIRED,SELECTION REQUIRED,NOT EXECUTED,PASS only if executed TEST-CTRL-006 configuration-bound evidence demonstrates: Before torque-enable request the supervisor shall verify torque-on-goal-update configuration against the released configuration.,NOT EXECUTED,NOT EXECUTED,SELECTION REQUIRED,NOT EXECUTED,SELECTION REQUIRED,NOT APPROVED,"PRELIMINARY - NOT APPROVED FOR FABRICATION, CONNECTION, MOTION, OR ENERGIZATION"
CTRL-006-A07,CTRL-006,TEST-CTRL-006,SELECTION REQUIRED,SELECTION REQUIRED,NOT EXECUTED,PASS only if executed TEST-CTRL-006 configuration-bound evidence demonstrates: Before torque-enable request the supervisor shall verify actuator current limit against the released configuration.,NOT EXECUTED,NOT EXECUTED,SELECTION REQUIRED,NOT EXECUTED,SELECTION REQUIRED,NOT APPROVED,"PRELIMINARY - NOT APPROVED FOR FABRICATION, CONNECTION, MOTION, OR ENERGIZATION"
CTRL-006-A08,CTRL-006,TEST-CTRL-006,SELECTION REQUIRED,SELECTION REQUIRED,NOT EXECUTED,PASS only if executed TEST-CTRL-006 configuration-bound evidence demonstrates: Before torque-enable request the supervisor shall verify goal-current bound against the released configuration.,NOT EXECUTED,NOT EXECUTED,SELECTION REQUIRED,NOT EXECUTED,SELECTION REQUIRED,NOT APPROVED,"PRELIMINARY - NOT APPROVED FOR FABRICATION, CONNECTION, MOTION, OR ENERGIZATION"
CTRL-006-A09,CTRL-006,TEST-CTRL-006,SELECTION REQUIRED,SELECTION REQUIRED,NOT EXECUTED,PASS only if executed TEST-CTRL-006 configuration-bound evidence demonstrates: Before torque-enable request the supervisor shall verify the hardware-error state against the released acceptance state.,NOT EXECUTED,NOT EXECUTED,SELECTION REQUIRED,NOT EXECUTED,SELECTION REQUIRED,NOT APPROVED,"PRELIMINARY - NOT APPROVED FOR FABRICATION, CONNECTION, MOTION, OR ENERGIZATION"
CTRL-006-A10,CTRL-006,TEST-CTRL-006,SELECTION REQUIRED,SELECTION REQUIRED,NOT EXECUTED,PASS only if executed TEST-CTRL-006 configuration-bound evidence demonstrates: Before torque-enable request the supervisor shall verify that actuator torque is off.,NOT EXECUTED,NOT EXECUTED,SELECTION REQUIRED,NOT EXECUTED,SELECTION REQUIRED,NOT APPROVED,"PRELIMINARY - NOT APPROVED FOR FABRICATION, CONNECTION, MOTION, OR ENERGIZATION"
CTRL-006-A11,CTRL-006,TEST-CTRL-006,SELECTION REQUIRED,SELECTION REQUIRED,NOT EXECUTED,PASS only if executed TEST-CTRL-006 configuration-bound evidence demonstrates: Any failed CTRL-006 verification shall inhibit torque enable.,NOT EXECUTED,NOT EXECUTED,SELECTION REQUIRED,NOT EXECUTED,SELECTION REQUIRED,NOT APPROVED,"PRELIMINARY - NOT APPROVED FOR FABRICATION, CONNECTION, MOTION, OR ENERGIZATION"
CTRL-006-A12,CTRL-006,TEST-CTRL-006,SELECTION REQUIRED,SELECTION REQUIRED,NOT EXECUTED,PASS only if executed TEST-CTRL-006 configuration-bound evidence demonstrates: Any failed CTRL-006 verification shall latch a recorded fault.,NOT EXECUTED,NOT EXECUTED,SELECTION REQUIRED,NOT EXECUTED,SELECTION REQUIRED,NOT APPROVED,"PRELIMINARY - NOT APPROVED FOR FABRICATION, CONNECTION, MOTION, OR ENERGIZATION"
CTRL-006-A13,CTRL-006,TEST-CTRL-006,SELECTION REQUIRED,SELECTION REQUIRED,NOT EXECUTED,PASS only if executed TEST-CTRL-006 configuration-bound evidence demonstrates: The internal actuator current limit shall not substitute for external branch-current evidence.,NOT EXECUTED,NOT EXECUTED,SELECTION REQUIRED,NOT EXECUTED,SELECTION REQUIRED,NOT APPROVED,"PRELIMINARY - NOT APPROVED FOR FABRICATION, CONNECTION, MOTION, OR ENERGIZATION"
CTRL-006-A14,CTRL-006,TEST-CTRL-006,SELECTION REQUIRED,SELECTION REQUIRED,NOT EXECUTED,PASS only if executed TEST-CTRL-006 configuration-bound evidence demonstrates: The internal actuator current limit shall not substitute for connector thermal evidence.,NOT EXECUTED,NOT EXECUTED,SELECTION REQUIRED,NOT EXECUTED,SELECTION REQUIRED,NOT APPROVED,"PRELIMINARY - NOT APPROVED FOR FABRICATION, CONNECTION, MOTION, OR ENERGIZATION"
CTRL-006-A15,CTRL-006,TEST-CTRL-006,SELECTION REQUIRED,SELECTION REQUIRED,NOT EXECUTED,PASS only if executed TEST-CTRL-006 configuration-bound evidence demonstrates: The internal actuator current limit shall not substitute for protection-coordination evidence.,NOT EXECUTED,NOT EXECUTED,SELECTION REQUIRED,NOT EXECUTED,SELECTION REQUIRED,NOT APPROVED,"PRELIMINARY - NOT APPROVED FOR FABRICATION, CONNECTION, MOTION, OR ENERGIZATION"
CTRL-007-A01,CTRL-007,TEST-SAFE-002,SELECTION REQUIRED,SELECTION REQUIRED,NOT EXECUTED,PASS only if executed TEST-SAFE-002 configuration-bound evidence demonstrates: The ordinary HR-V0 heartbeat watchdog shall receive zero safety credit.,NOT EXECUTED,NOT EXECUTED,SELECTION REQUIRED,NOT EXECUTED,SELECTION REQUIRED,NOT APPROVED,"PRELIMINARY - NOT APPROVED FOR FABRICATION, CONNECTION, MOTION, OR ENERGIZATION"
CTRL-007-A02,CTRL-007,TEST-SAFE-002,SELECTION REQUIRED,SELECTION REQUIRED,NOT EXECUTED,PASS only if executed TEST-SAFE-002 configuration-bound evidence demonstrates: The ordinary HR-V0 heartbeat watchdog shall be treated only as a diagnostic power-removal demand.,NOT EXECUTED,NOT EXECUTED,SELECTION REQUIRED,NOT EXECUTED,SELECTION REQUIRED,NOT APPROVED,"PRELIMINARY - NOT APPROVED FOR FABRICATION, CONNECTION, MOTION, OR ENERGIZATION"
CTRL-007-A03,CTRL-007,TEST-SAFE-002,SELECTION REQUIRED,SELECTION REQUIRED,NOT EXECUTED,PASS only if executed TEST-SAFE-002 configuration-bound evidence demonstrates: The candidate heartbeat-loss detection interval shall not exceed 300 ms before relay and contactor delays.,NOT EXECUTED,NOT EXECUTED,SELECTION REQUIRED,NOT EXECUTED,SELECTION REQUIRED,NOT APPROVED,"PRELIMINARY - NOT APPROVED FOR FABRICATION, CONNECTION, MOTION, OR ENERGIZATION"
CTRL-007-A04,CTRL-007,TEST-SAFE-002,SELECTION REQUIRED,SELECTION REQUIRED,NOT EXECUTED,PASS only if executed TEST-SAFE-002 configuration-bound evidence demonstrates: Heartbeat restoration shall not bypass monitored physical RESET.,NOT EXECUTED,NOT EXECUTED,SELECTION REQUIRED,NOT EXECUTED,SELECTION REQUIRED,NOT APPROVED,"PRELIMINARY - NOT APPROVED FOR FABRICATION, CONNECTION, MOTION, OR ENERGIZATION"
CTRL-007-A05,CTRL-007,TEST-SAFE-002,SELECTION REQUIRED,SELECTION REQUIRED,NOT EXECUTED,PASS only if executed TEST-SAFE-002 configuration-bound evidence demonstrates: Heartbeat restoration shall not bypass the later distinct physical ARM action.,NOT EXECUTED,NOT EXECUTED,SELECTION REQUIRED,NOT EXECUTED,SELECTION REQUIRED,NOT APPROVED,"PRELIMINARY - NOT APPROVED FOR FABRICATION, CONNECTION, MOTION, OR ENERGIZATION"
CTRL-007-A06,CTRL-007,TEST-SAFE-002,SELECTION REQUIRED,SELECTION REQUIRED,NOT EXECUTED,PASS only if executed TEST-SAFE-002 configuration-bound evidence demonstrates: The safety risk assessment shall assume that the ordinary heartbeat diagnostic can fail to operate.,NOT EXECUTED,NOT EXECUTED,SELECTION REQUIRED,NOT EXECUTED,SELECTION REQUIRED,NOT APPROVED,"PRELIMINARY - NOT APPROVED FOR FABRICATION, CONNECTION, MOTION, OR ENERGIZATION"
CTRL-008-A01,CTRL-008,TEST-CTRL-007,SELECTION REQUIRED,SELECTION REQUIRED,NOT EXECUTED,PASS only if executed TEST-CTRL-007 configuration-bound evidence demonstrates: The HR-V0 DYNAMIXEL transport shall not open a device while any required received identity is unresolved.,NOT EXECUTED,NOT EXECUTED,SELECTION REQUIRED,NOT EXECUTED,SELECTION REQUIRED,NOT APPROVED,"PRELIMINARY - NOT APPROVED FOR FABRICATION, CONNECTION, MOTION, OR ENERGIZATION"
CTRL-008-A02,CTRL-008,TEST-CTRL-007,SELECTION REQUIRED,SELECTION REQUIRED,NOT EXECUTED,PASS only if executed TEST-CTRL-007 configuration-bound evidence demonstrates: The HR-V0 DYNAMIXEL transport shall not write a register while any required current selection is unresolved.,NOT EXECUTED,NOT EXECUTED,SELECTION REQUIRED,NOT EXECUTED,SELECTION REQUIRED,NOT APPROVED,"PRELIMINARY - NOT APPROVED FOR FABRICATION, CONNECTION, MOTION, OR ENERGIZATION"
CTRL-008-A03,CTRL-008,TEST-CTRL-007,SELECTION REQUIRED,SELECTION REQUIRED,NOT EXECUTED,PASS only if executed TEST-CTRL-007 configuration-bound evidence demonstrates: The HR-V0 DYNAMIXEL transport shall not open a device while calibration is unresolved.,NOT EXECUTED,NOT EXECUTED,SELECTION REQUIRED,NOT EXECUTED,SELECTION REQUIRED,NOT APPROVED,"PRELIMINARY - NOT APPROVED FOR FABRICATION, CONNECTION, MOTION, OR ENERGIZATION"
CTRL-008-A04,CTRL-008,TEST-CTRL-007,SELECTION REQUIRED,SELECTION REQUIRED,NOT EXECUTED,PASS only if executed TEST-CTRL-007 configuration-bound evidence demonstrates: The HR-V0 DYNAMIXEL transport shall not open a device while the motion profile is unresolved.,NOT EXECUTED,NOT EXECUTED,SELECTION REQUIRED,NOT EXECUTED,SELECTION REQUIRED,NOT APPROVED,"PRELIMINARY - NOT APPROVED FOR FABRICATION, CONNECTION, MOTION, OR ENERGIZATION"
CTRL-008-A05,CTRL-008,TEST-CTRL-007,SELECTION REQUIRED,SELECTION REQUIRED,NOT EXECUTED,PASS only if executed TEST-CTRL-007 configuration-bound evidence demonstrates: The HR-V0 DYNAMIXEL transport shall not open a device while voltage limits are unresolved.,NOT EXECUTED,NOT EXECUTED,SELECTION REQUIRED,NOT EXECUTED,SELECTION REQUIRED,NOT APPROVED,"PRELIMINARY - NOT APPROVED FOR FABRICATION, CONNECTION, MOTION, OR ENERGIZATION"
CTRL-008-A06,CTRL-008,TEST-CTRL-007,SELECTION REQUIRED,SELECTION REQUIRED,NOT EXECUTED,PASS only if executed TEST-CTRL-007 configuration-bound evidence demonstrates: The HR-V0 DYNAMIXEL transport shall not open a device while temperature limits are unresolved.,NOT EXECUTED,NOT EXECUTED,SELECTION REQUIRED,NOT EXECUTED,SELECTION REQUIRED,NOT APPROVED,"PRELIMINARY - NOT APPROVED FOR FABRICATION, CONNECTION, MOTION, OR ENERGIZATION"
CTRL-008-A07,CTRL-008,TEST-CTRL-007,SELECTION REQUIRED,SELECTION REQUIRED,NOT EXECUTED,PASS only if executed TEST-CTRL-007 configuration-bound evidence demonstrates: The HR-V0 DYNAMIXEL transport shall not open a device while operating-system selection is unresolved.,NOT EXECUTED,NOT EXECUTED,SELECTION REQUIRED,NOT EXECUTED,SELECTION REQUIRED,NOT APPROVED,"PRELIMINARY - NOT APPROVED FOR FABRICATION, CONNECTION, MOTION, OR ENERGIZATION"
CTRL-008-A08,CTRL-008,TEST-CTRL-007,SELECTION REQUIRED,SELECTION REQUIRED,NOT EXECUTED,PASS only if executed TEST-CTRL-007 configuration-bound evidence demonstrates: The HR-V0 DYNAMIXEL transport shall not open a device while device-path selection is unresolved.,NOT EXECUTED,NOT EXECUTED,SELECTION REQUIRED,NOT EXECUTED,SELECTION REQUIRED,NOT APPROVED,"PRELIMINARY - NOT APPROVED FOR FABRICATION, CONNECTION, MOTION, OR ENERGIZATION"
CTRL-008-A09,CTRL-008,TEST-CTRL-007,SELECTION REQUIRED,SELECTION REQUIRED,NOT EXECUTED,PASS only if executed TEST-CTRL-007 configuration-bound evidence demonstrates: After release the transport shall command torque off before actuator discovery.,NOT EXECUTED,NOT EXECUTED,SELECTION REQUIRED,NOT EXECUTED,SELECTION REQUIRED,NOT APPROVED,"PRELIMINARY - NOT APPROVED FOR FABRICATION, CONNECTION, MOTION, OR ENERGIZATION"
CTRL-008-A10,CTRL-008,TEST-CTRL-007,SELECTION REQUIRED,SELECTION REQUIRED,NOT EXECUTED,PASS only if executed TEST-CTRL-007 configuration-bound evidence demonstrates: After release the transport shall verify the exact received device set before configuration.,NOT EXECUTED,NOT EXECUTED,SELECTION REQUIRED,NOT EXECUTED,SELECTION REQUIRED,NOT APPROVED,"PRELIMINARY - NOT APPROVED FOR FABRICATION, CONNECTION, MOTION, OR ENERGIZATION"
CTRL-008-A11,CTRL-008,TEST-CTRL-007,SELECTION REQUIRED,SELECTION REQUIRED,NOT EXECUTED,PASS only if executed TEST-CTRL-007 configuration-bound evidence demonstrates: After release the transport shall configure actuators while torque remains off.,NOT EXECUTED,NOT EXECUTED,SELECTION REQUIRED,NOT EXECUTED,SELECTION REQUIRED,NOT APPROVED,"PRELIMINARY - NOT APPROVED FOR FABRICATION, CONNECTION, MOTION, OR ENERGIZATION"
CTRL-008-A12,CTRL-008,TEST-CTRL-007,SELECTION REQUIRED,SELECTION REQUIRED,NOT EXECUTED,PASS only if executed TEST-CTRL-007 configuration-bound evidence demonstrates: After release the transport shall read back the released configuration while torque remains off.,NOT EXECUTED,NOT EXECUTED,SELECTION REQUIRED,NOT EXECUTED,SELECTION REQUIRED,NOT APPROVED,"PRELIMINARY - NOT APPROVED FOR FABRICATION, CONNECTION, MOTION, OR ENERGIZATION"
CTRL-008-A13,CTRL-008,TEST-CTRL-007,SELECTION REQUIRED,SELECTION REQUIRED,NOT EXECUTED,PASS only if executed TEST-CTRL-007 configuration-bound evidence demonstrates: After release the transport shall enable torque only for one fresh supervisor trajectory whose configuration matches.,NOT EXECUTED,NOT EXECUTED,SELECTION REQUIRED,NOT EXECUTED,SELECTION REQUIRED,NOT APPROVED,"PRELIMINARY - NOT APPROVED FOR FABRICATION, CONNECTION, MOTION, OR ENERGIZATION"
CTRL-008-A14,CTRL-008,TEST-CTRL-007,SELECTION REQUIRED,SELECTION REQUIRED,NOT EXECUTED,PASS only if executed TEST-CTRL-007 configuration-bound evidence demonstrates: After release the transport shall remove torque on any authority fault.,NOT EXECUTED,NOT EXECUTED,SELECTION REQUIRED,NOT EXECUTED,SELECTION REQUIRED,NOT APPROVED,"PRELIMINARY - NOT APPROVED FOR FABRICATION, CONNECTION, MOTION, OR ENERGIZATION"
CTRL-008-A15,CTRL-008,TEST-CTRL-007,SELECTION REQUIRED,SELECTION REQUIRED,NOT EXECUTED,PASS only if executed TEST-CTRL-007 configuration-bound evidence demonstrates: After release the transport shall remove torque on any communication fault.,NOT EXECUTED,NOT EXECUTED,SELECTION REQUIRED,NOT EXECUTED,SELECTION REQUIRED,NOT APPROVED,"PRELIMINARY - NOT APPROVED FOR FABRICATION, CONNECTION, MOTION, OR ENERGIZATION"
CTRL-008-A16,CTRL-008,TEST-CTRL-007,SELECTION REQUIRED,SELECTION REQUIRED,NOT EXECUTED,PASS only if executed TEST-CTRL-007 configuration-bound evidence demonstrates: After release the transport shall remove torque on any watchdog fault.,NOT EXECUTED,NOT EXECUTED,SELECTION REQUIRED,NOT EXECUTED,SELECTION REQUIRED,NOT APPROVED,"PRELIMINARY - NOT APPROVED FOR FABRICATION, CONNECTION, MOTION, OR ENERGIZATION"
CTRL-008-A17,CTRL-008,TEST-CTRL-007,SELECTION REQUIRED,SELECTION REQUIRED,NOT EXECUTED,PASS only if executed TEST-CTRL-007 configuration-bound evidence demonstrates: After release the transport shall remove torque on any telemetry fault.,NOT EXECUTED,NOT EXECUTED,SELECTION REQUIRED,NOT EXECUTED,SELECTION REQUIRED,NOT APPROVED,"PRELIMINARY - NOT APPROVED FOR FABRICATION, CONNECTION, MOTION, OR ENERGIZATION"
CTRL-008-A18,CTRL-008,TEST-CTRL-007,SELECTION REQUIRED,SELECTION REQUIRED,NOT EXECUTED,PASS only if executed TEST-CTRL-007 configuration-bound evidence demonstrates: After release the transport shall remove torque on any execution fault.,NOT EXECUTED,NOT EXECUTED,SELECTION REQUIRED,NOT EXECUTED,SELECTION REQUIRED,NOT APPROVED,"PRELIMINARY - NOT APPROVED FOR FABRICATION, CONNECTION, MOTION, OR ENERGIZATION"
CTRL-008-A19,CTRL-008,TEST-CTRL-007,SELECTION REQUIRED,SELECTION REQUIRED,NOT EXECUTED,PASS only if executed TEST-CTRL-007 configuration-bound evidence demonstrates: After any CTRL-008 fault the transport shall not resume the prior target.,NOT EXECUTED,NOT EXECUTED,SELECTION REQUIRED,NOT EXECUTED,SELECTION REQUIRED,NOT APPROVED,"PRELIMINARY - NOT APPROVED FOR FABRICATION, CONNECTION, MOTION, OR ENERGIZATION"
CTRL-008-A20,CTRL-008,TEST-CTRL-007,SELECTION REQUIRED,SELECTION REQUIRED,NOT EXECUTED,PASS only if executed TEST-CTRL-007 configuration-bound evidence demonstrates: The HR-V0 DYNAMIXEL transport shall not write a register while calibration is unresolved.,NOT EXECUTED,NOT EXECUTED,SELECTION REQUIRED,NOT EXECUTED,SELECTION REQUIRED,NOT APPROVED,"PRELIMINARY - NOT APPROVED FOR FABRICATION, CONNECTION, MOTION, OR ENERGIZATION"
CTRL-008-A21,CTRL-008,TEST-CTRL-007,SELECTION REQUIRED,SELECTION REQUIRED,NOT EXECUTED,PASS only if executed TEST-CTRL-007 configuration-bound evidence demonstrates: The HR-V0 DYNAMIXEL transport shall not write a register while the motion profile is unresolved.,NOT EXECUTED,NOT EXECUTED,SELECTION REQUIRED,NOT EXECUTED,SELECTION REQUIRED,NOT APPROVED,"PRELIMINARY - NOT APPROVED FOR FABRICATION, CONNECTION, MOTION, OR ENERGIZATION"
CTRL-008-A22,CTRL-008,TEST-CTRL-007,SELECTION REQUIRED,SELECTION REQUIRED,NOT EXECUTED,PASS only if executed TEST-CTRL-007 configuration-bound evidence demonstrates: The HR-V0 DYNAMIXEL transport shall not write a register while voltage limits are unresolved.,NOT EXECUTED,NOT EXECUTED,SELECTION REQUIRED,NOT EXECUTED,SELECTION REQUIRED,NOT APPROVED,"PRELIMINARY - NOT APPROVED FOR FABRICATION, CONNECTION, MOTION, OR ENERGIZATION"
CTRL-008-A23,CTRL-008,TEST-CTRL-007,SELECTION REQUIRED,SELECTION REQUIRED,NOT EXECUTED,PASS only if executed TEST-CTRL-007 configuration-bound evidence demonstrates: The HR-V0 DYNAMIXEL transport shall not write a register while temperature limits are unresolved.,NOT EXECUTED,NOT EXECUTED,SELECTION REQUIRED,NOT EXECUTED,SELECTION REQUIRED,NOT APPROVED,"PRELIMINARY - NOT APPROVED FOR FABRICATION, CONNECTION, MOTION, OR ENERGIZATION"
CTRL-008-A24,CTRL-008,TEST-CTRL-007,SELECTION REQUIRED,SELECTION REQUIRED,NOT EXECUTED,PASS only if executed TEST-CTRL-007 configuration-bound evidence demonstrates: The HR-V0 DYNAMIXEL transport shall not write a register while operating-system selection is unresolved.,NOT EXECUTED,NOT EXECUTED,SELECTION REQUIRED,NOT EXECUTED,SELECTION REQUIRED,NOT APPROVED,"PRELIMINARY - NOT APPROVED FOR FABRICATION, CONNECTION, MOTION, OR ENERGIZATION"
CTRL-008-A25,CTRL-008,TEST-CTRL-007,SELECTION REQUIRED,SELECTION REQUIRED,NOT EXECUTED,PASS only if executed TEST-CTRL-007 configuration-bound evidence demonstrates: The HR-V0 DYNAMIXEL transport shall not open a device while SDK selection is unresolved.,NOT EXECUTED,NOT EXECUTED,SELECTION REQUIRED,NOT EXECUTED,SELECTION REQUIRED,NOT APPROVED,"PRELIMINARY - NOT APPROVED FOR FABRICATION, CONNECTION, MOTION, OR ENERGIZATION"
CTRL-008-A26,CTRL-008,TEST-CTRL-007,SELECTION REQUIRED,SELECTION REQUIRED,NOT EXECUTED,PASS only if executed TEST-CTRL-007 configuration-bound evidence demonstrates: The HR-V0 DYNAMIXEL transport shall not write a register while SDK selection is unresolved.,NOT EXECUTED,NOT EXECUTED,SELECTION REQUIRED,NOT EXECUTED,SELECTION REQUIRED,NOT APPROVED,"PRELIMINARY - NOT APPROVED FOR FABRICATION, CONNECTION, MOTION, OR ENERGIZATION"
CTRL-008-A27,CTRL-008,TEST-CTRL-007,SELECTION REQUIRED,SELECTION REQUIRED,NOT EXECUTED,PASS only if executed TEST-CTRL-007 configuration-bound evidence demonstrates: The HR-V0 DYNAMIXEL transport shall not write a register while device-path selection is unresolved.,NOT EXECUTED,NOT EXECUTED,SELECTION REQUIRED,NOT EXECUTED,SELECTION REQUIRED,NOT APPROVED,"PRELIMINARY - NOT APPROVED FOR FABRICATION, CONNECTION, MOTION, OR ENERGIZATION"
CTRL-008-A28,CTRL-008,TEST-CTRL-007,SELECTION REQUIRED,SELECTION REQUIRED,NOT EXECUTED,PASS only if executed TEST-CTRL-007 configuration-bound evidence demonstrates: After release the transport shall enable torque only for one fresh supervisor trajectory whose preconditions match.,NOT EXECUTED,NOT EXECUTED,SELECTION REQUIRED,NOT EXECUTED,SELECTION REQUIRED,NOT APPROVED,"PRELIMINARY - NOT APPROVED FOR FABRICATION, CONNECTION, MOTION, OR ENERGIZATION"
ELEC-001-A01,ELEC-001,INSPECT-ELEC-001,SELECTION REQUIRED,SELECTION REQUIRED,NOT EXECUTED,PASS only if executed INSPECT-ELEC-001 configuration-bound evidence demonstrates: The actuator-power domain shall have protection independent of the safety-control-power domain.,NOT EXECUTED,NOT EXECUTED,SELECTION REQUIRED,NOT EXECUTED,SELECTION REQUIRED,NOT APPROVED,"PRELIMINARY - NOT APPROVED FOR FABRICATION, CONNECTION, MOTION, OR ENERGIZATION"
ELEC-001-A02,ELEC-001,INSPECT-ELEC-001,SELECTION REQUIRED,SELECTION REQUIRED,NOT EXECUTED,PASS only if executed INSPECT-ELEC-001 configuration-bound evidence demonstrates: The safety-control-power domain shall have protection independent of the compute-power domain.,NOT EXECUTED,NOT EXECUTED,SELECTION REQUIRED,NOT EXECUTED,SELECTION REQUIRED,NOT APPROVED,"PRELIMINARY - NOT APPROVED FOR FABRICATION, CONNECTION, MOTION, OR ENERGIZATION"
ELEC-001-A03,ELEC-001,INSPECT-ELEC-001,SELECTION REQUIRED,SELECTION REQUIRED,NOT EXECUTED,PASS only if executed INSPECT-ELEC-001 configuration-bound evidence demonstrates: The compute-power domain shall have protection independent of the actuator-power domain.,NOT EXECUTED,NOT EXECUTED,SELECTION REQUIRED,NOT EXECUTED,SELECTION REQUIRED,NOT APPROVED,"PRELIMINARY - NOT APPROVED FOR FABRICATION, CONNECTION, MOTION, OR ENERGIZATION"
ELEC-003-A01,ELEC-003,INSPECT-ELEC-002,SELECTION REQUIRED,SELECTION REQUIRED,NOT EXECUTED,PASS only if executed INSPECT-ELEC-002 configuration-bound evidence demonstrates: Each actuator-power branch shall have separately selected branch protection.,NOT EXECUTED,NOT EXECUTED,SELECTION REQUIRED,NOT EXECUTED,SELECTION REQUIRED,NOT APPROVED,"PRELIMINARY - NOT APPROVED FOR FABRICATION, CONNECTION, MOTION, OR ENERGIZATION"
ELEC-003-A02,ELEC-003,INSPECT-ELEC-002,SELECTION REQUIRED,SELECTION REQUIRED,NOT EXECUTED,PASS only if executed INSPECT-ELEC-002 configuration-bound evidence demonstrates: Each actuator-power-branch conductor shall be rated for the verified application load.,NOT EXECUTED,NOT EXECUTED,SELECTION REQUIRED,NOT EXECUTED,SELECTION REQUIRED,NOT APPROVED,"PRELIMINARY - NOT APPROVED FOR FABRICATION, CONNECTION, MOTION, OR ENERGIZATION"
ELEC-003-A03,ELEC-003,INSPECT-ELEC-002,SELECTION REQUIRED,SELECTION REQUIRED,NOT EXECUTED,PASS only if executed INSPECT-ELEC-002 configuration-bound evidence demonstrates: Each actuator-power-branch connector shall be rated for the verified application load.,NOT EXECUTED,NOT EXECUTED,SELECTION REQUIRED,NOT EXECUTED,SELECTION REQUIRED,NOT APPROVED,"PRELIMINARY - NOT APPROVED FOR FABRICATION, CONNECTION, MOTION, OR ENERGIZATION"
ELEC-003-A04,ELEC-003,INSPECT-ELEC-002,SELECTION REQUIRED,SELECTION REQUIRED,NOT EXECUTED,PASS only if executed INSPECT-ELEC-002 configuration-bound evidence demonstrates: Each actuator-power branch shall have coordinated branch protection.,NOT EXECUTED,NOT EXECUTED,SELECTION REQUIRED,NOT EXECUTED,SELECTION REQUIRED,NOT APPROVED,"PRELIMINARY - NOT APPROVED FOR FABRICATION, CONNECTION, MOTION, OR ENERGIZATION"
ELEC-003-A05,ELEC-003,INSPECT-ELEC-002,SELECTION REQUIRED,SELECTION REQUIRED,NOT EXECUTED,PASS only if executed INSPECT-ELEC-002 configuration-bound evidence demonstrates: Each actuator-power-branch conductor shall be rated for the verified installation conditions.,NOT EXECUTED,NOT EXECUTED,SELECTION REQUIRED,NOT EXECUTED,SELECTION REQUIRED,NOT APPROVED,"PRELIMINARY - NOT APPROVED FOR FABRICATION, CONNECTION, MOTION, OR ENERGIZATION"
ELEC-003-A06,ELEC-003,INSPECT-ELEC-002,SELECTION REQUIRED,SELECTION REQUIRED,NOT EXECUTED,PASS only if executed INSPECT-ELEC-002 configuration-bound evidence demonstrates: Each actuator-power-branch connector shall be rated for the verified installation conditions.,NOT EXECUTED,NOT EXECUTED,SELECTION REQUIRED,NOT EXECUTED,SELECTION REQUIRED,NOT APPROVED,"PRELIMINARY - NOT APPROVED FOR FABRICATION, CONNECTION, MOTION, OR ENERGIZATION"
ELEC-004-A01,ELEC-004,TEST-ELEC-001,SELECTION REQUIRED,SELECTION REQUIRED,NOT EXECUTED,PASS only if executed TEST-ELEC-001 configuration-bound evidence demonstrates: Each exposed mains terminal shall be inaccessible without a tool.,NOT EXECUTED,NOT EXECUTED,SELECTION REQUIRED,NOT EXECUTED,SELECTION REQUIRED,NOT APPROVED,"PRELIMINARY - NOT APPROVED FOR FABRICATION, CONNECTION, MOTION, OR ENERGIZATION"
ELEC-004-A02,ELEC-004,TEST-ELEC-001,SELECTION REQUIRED,SELECTION REQUIRED,NOT EXECUTED,PASS only if executed TEST-ELEC-001 configuration-bound evidence demonstrates: Each conductive enclosure requiring protective bonding shall be protectively earthed by the released implementation.,NOT EXECUTED,NOT EXECUTED,SELECTION REQUIRED,NOT EXECUTED,SELECTION REQUIRED,NOT APPROVED,"PRELIMINARY - NOT APPROVED FOR FABRICATION, CONNECTION, MOTION, OR ENERGIZATION"
ELEC-004-A03,ELEC-004,TEST-ELEC-001,SELECTION REQUIRED,SELECTION REQUIRED,NOT EXECUTED,PASS only if executed TEST-ELEC-001 configuration-bound evidence demonstrates: Each conductive machine structure requiring protective bonding shall be protectively earthed by the released implementation.,NOT EXECUTED,NOT EXECUTED,SELECTION REQUIRED,NOT EXECUTED,SELECTION REQUIRED,NOT APPROVED,"PRELIMINARY - NOT APPROVED FOR FABRICATION, CONNECTION, MOTION, OR ENERGIZATION"
GOV-001-A01,GOV-001,AUDIT-GOV-001,SELECTION REQUIRED,SELECTION REQUIRED,NOT EXECUTED,PASS only if executed AUDIT-GOV-001 configuration-bound evidence demonstrates: Each requirement shall identify an accountable owner before design-review approval.,NOT EXECUTED,NOT EXECUTED,SELECTION REQUIRED,NOT EXECUTED,SELECTION REQUIRED,NOT APPROVED,"PRELIMINARY - NOT APPROVED FOR FABRICATION, CONNECTION, MOTION, OR ENERGIZATION"
GOV-001-A02,GOV-001,AUDIT-GOV-001,SELECTION REQUIRED,SELECTION REQUIRED,NOT EXECUTED,PASS only if executed AUDIT-GOV-001 configuration-bound evidence demonstrates: Each requirement shall identify its acceptance evidence before design-review approval.,NOT EXECUTED,NOT EXECUTED,SELECTION REQUIRED,NOT EXECUTED,SELECTION REQUIRED,NOT APPROVED,"PRELIMINARY - NOT APPROVED FOR FABRICATION, CONNECTION, MOTION, OR ENERGIZATION"
GOV-001-A03,GOV-001,AUDIT-GOV-001,SELECTION REQUIRED,SELECTION REQUIRED,NOT EXECUTED,PASS only if executed AUDIT-GOV-001 configuration-bound evidence demonstrates: Each requirement shall identify an approver before design-review approval.,NOT EXECUTED,NOT EXECUTED,SELECTION REQUIRED,NOT EXECUTED,SELECTION REQUIRED,NOT APPROVED,"PRELIMINARY - NOT APPROVED FOR FABRICATION, CONNECTION, MOTION, OR ENERGIZATION"
GOV-001-A04,GOV-001,AUDIT-GOV-001,SELECTION REQUIRED,SELECTION REQUIRED,NOT EXECUTED,PASS only if executed AUDIT-GOV-001 configuration-bound evidence demonstrates: Each requirement shall have controlled change history before design-review approval.,NOT EXECUTED,NOT EXECUTED,SELECTION REQUIRED,NOT EXECUTED,SELECTION REQUIRED,NOT APPROVED,"PRELIMINARY - NOT APPROVED FOR FABRICATION, CONNECTION, MOTION, OR ENERGIZATION"
GOV-001-A05,GOV-001,AUDIT-GOV-001,SELECTION REQUIRED,SELECTION REQUIRED,NOT EXECUTED,PASS only if executed AUDIT-GOV-001 configuration-bound evidence demonstrates: Each risk shall identify an accountable owner before design-review approval.,NOT EXECUTED,NOT EXECUTED,SELECTION REQUIRED,NOT EXECUTED,SELECTION REQUIRED,NOT APPROVED,"PRELIMINARY - NOT APPROVED FOR FABRICATION, CONNECTION, MOTION, OR ENERGIZATION"
GOV-001-A06,GOV-001,AUDIT-GOV-001,SELECTION REQUIRED,SELECTION REQUIRED,NOT EXECUTED,PASS only if executed AUDIT-GOV-001 configuration-bound evidence demonstrates: Each risk shall identify its acceptance evidence before design-review approval.,NOT EXECUTED,NOT EXECUTED,SELECTION REQUIRED,NOT EXECUTED,SELECTION REQUIRED,NOT APPROVED,"PRELIMINARY - NOT APPROVED FOR FABRICATION, CONNECTION, MOTION, OR ENERGIZATION"
GOV-001-A07,GOV-001,AUDIT-GOV-001,SELECTION REQUIRED,SELECTION REQUIRED,NOT EXECUTED,PASS only if executed AUDIT-GOV-001 configuration-bound evidence demonstrates: Each risk shall identify an approver before design-review approval.,NOT EXECUTED,NOT EXECUTED,SELECTION REQUIRED,NOT EXECUTED,SELECTION REQUIRED,NOT APPROVED,"PRELIMINARY - NOT APPROVED FOR FABRICATION, CONNECTION, MOTION, OR ENERGIZATION"
GOV-001-A08,GOV-001,AUDIT-GOV-001,SELECTION REQUIRED,SELECTION REQUIRED,NOT EXECUTED,PASS only if executed AUDIT-GOV-001 configuration-bound evidence demonstrates: Each risk shall have controlled change history before design-review approval.,NOT EXECUTED,NOT EXECUTED,SELECTION REQUIRED,NOT EXECUTED,SELECTION REQUIRED,NOT APPROVED,"PRELIMINARY - NOT APPROVED FOR FABRICATION, CONNECTION, MOTION, OR ENERGIZATION"
GOV-001-A09,GOV-001,AUDIT-GOV-001,SELECTION REQUIRED,SELECTION REQUIRED,NOT EXECUTED,PASS only if executed AUDIT-GOV-001 configuration-bound evidence demonstrates: Each release gate shall identify an accountable owner before design-review approval.,NOT EXECUTED,NOT EXECUTED,SELECTION REQUIRED,NOT EXECUTED,SELECTION REQUIRED,NOT APPROVED,"PRELIMINARY - NOT APPROVED FOR FABRICATION, CONNECTION, MOTION, OR ENERGIZATION"
GOV-001-A10,GOV-001,AUDIT-GOV-001,SELECTION REQUIRED,SELECTION REQUIRED,NOT EXECUTED,PASS only if executed AUDIT-GOV-001 configuration-bound evidence demonstrates: Each release gate shall identify its acceptance evidence before design-review approval.,NOT EXECUTED,NOT EXECUTED,SELECTION REQUIRED,NOT EXECUTED,SELECTION REQUIRED,NOT APPROVED,"PRELIMINARY - NOT APPROVED FOR FABRICATION, CONNECTION, MOTION, OR ENERGIZATION"
GOV-001-A11,GOV-001,AUDIT-GOV-001,SELECTION REQUIRED,SELECTION REQUIRED,NOT EXECUTED,PASS only if executed AUDIT-GOV-001 configuration-bound evidence demonstrates: Each release gate shall identify an approver before design-review approval.,NOT EXECUTED,NOT EXECUTED,SELECTION REQUIRED,NOT EXECUTED,SELECTION REQUIRED,NOT APPROVED,"PRELIMINARY - NOT APPROVED FOR FABRICATION, CONNECTION, MOTION, OR ENERGIZATION"
GOV-001-A12,GOV-001,AUDIT-GOV-001,SELECTION REQUIRED,SELECTION REQUIRED,NOT EXECUTED,PASS only if executed AUDIT-GOV-001 configuration-bound evidence demonstrates: Each release gate shall have controlled change history before design-review approval.,NOT EXECUTED,NOT EXECUTED,SELECTION REQUIRED,NOT EXECUTED,SELECTION REQUIRED,NOT APPROVED,"PRELIMINARY - NOT APPROVED FOR FABRICATION, CONNECTION, MOTION, OR ENERGIZATION"
GRIP-002-A01,GRIP-002,INSPECT-GRIP-001,SELECTION REQUIRED,SELECTION REQUIRED,NOT EXECUTED,PASS only if executed INSPECT-GRIP-001 configuration-bound evidence demonstrates: The HR-V0 gripper mechanism shall use the controlled ROBOTIS OpenMANIPULATOR-X mechanism subset.,NOT EXECUTED,NOT EXECUTED,SELECTION REQUIRED,NOT EXECUTED,SELECTION REQUIRED,NOT APPROVED,"PRELIMINARY - NOT APPROVED FOR FABRICATION, CONNECTION, MOTION, OR ENERGIZATION"
GRIP-002-A02,GRIP-002,INSPECT-GRIP-001,SELECTION REQUIRED,SELECTION REQUIRED,NOT EXECUTED,PASS only if executed INSPECT-GRIP-001 configuration-bound evidence demonstrates: The HR-V0 gripper shall use broad compliant object-contact pads.,NOT EXECUTED,NOT EXECUTED,SELECTION REQUIRED,NOT EXECUTED,SELECTION REQUIRED,NOT APPROVED,"PRELIMINARY - NOT APPROVED FOR FABRICATION, CONNECTION, MOTION, OR ENERGIZATION"
GRIP-002-A03,GRIP-002,INSPECT-GRIP-001,SELECTION REQUIRED,SELECTION REQUIRED,NOT EXECUTED,PASS only if executed INSPECT-GRIP-001 configuration-bound evidence demonstrates: A fixed local gripper guard shall prevent access to the actuator-frame crank-linkage pinch zone.,NOT EXECUTED,NOT EXECUTED,SELECTION REQUIRED,NOT EXECUTED,SELECTION REQUIRED,NOT APPROVED,"PRELIMINARY - NOT APPROVED FOR FABRICATION, CONNECTION, MOTION, OR ENERGIZATION"
GRIP-002-A04,GRIP-002,INSPECT-GRIP-001,SELECTION REQUIRED,SELECTION REQUIRED,NOT EXECUTED,PASS only if executed INSPECT-GRIP-001 configuration-bound evidence demonstrates: A fixed local gripper guard shall prevent access to the rail pinch zones.,NOT EXECUTED,NOT EXECUTED,SELECTION REQUIRED,NOT EXECUTED,SELECTION REQUIRED,NOT APPROVED,"PRELIMINARY - NOT APPROVED FOR FABRICATION, CONNECTION, MOTION, OR ENERGIZATION"
GRIP-002-A05,GRIP-002,INSPECT-GRIP-001,SELECTION REQUIRED,SELECTION REQUIRED,NOT EXECUTED,PASS only if executed INSPECT-GRIP-001 configuration-bound evidence demonstrates: HR-V0 shall not perform a human handoff under this release.,NOT EXECUTED,NOT EXECUTED,SELECTION REQUIRED,NOT EXECUTED,SELECTION REQUIRED,NOT APPROVED,"PRELIMINARY - NOT APPROVED FOR FABRICATION, CONNECTION, MOTION, OR ENERGIZATION"
LEG-001-A01,LEG-001,AUDIT-LEG-001,SELECTION REQUIRED,SELECTION REQUIRED,NOT EXECUTED,PASS only if executed AUDIT-LEG-001 configuration-bound evidence demonstrates: Each powered leg-joint actuator shall pass its released load test before the joint is enabled.,NOT EXECUTED,NOT EXECUTED,SELECTION REQUIRED,NOT EXECUTED,SELECTION REQUIRED,NOT APPROVED,"PRELIMINARY - NOT APPROVED FOR FABRICATION, CONNECTION, MOTION, OR ENERGIZATION"
LEG-001-A02,LEG-001,AUDIT-LEG-001,SELECTION REQUIRED,SELECTION REQUIRED,NOT EXECUTED,PASS only if executed AUDIT-LEG-001 configuration-bound evidence demonstrates: Each powered leg-joint actuator shall pass its released thermal test before the joint is enabled.,NOT EXECUTED,NOT EXECUTED,SELECTION REQUIRED,NOT EXECUTED,SELECTION REQUIRED,NOT APPROVED,"PRELIMINARY - NOT APPROVED FOR FABRICATION, CONNECTION, MOTION, OR ENERGIZATION"
LEG-001-A03,LEG-001,AUDIT-LEG-001,SELECTION REQUIRED,SELECTION REQUIRED,NOT EXECUTED,PASS only if executed AUDIT-LEG-001 configuration-bound evidence demonstrates: Each powered leg-joint brake or power-loss strategy shall pass its released test before the joint is enabled.,NOT EXECUTED,NOT EXECUTED,SELECTION REQUIRED,NOT EXECUTED,SELECTION REQUIRED,NOT APPROVED,"PRELIMINARY - NOT APPROVED FOR FABRICATION, CONNECTION, MOTION, OR ENERGIZATION"
LEG-001-A04,LEG-001,AUDIT-LEG-001,SELECTION REQUIRED,SELECTION REQUIRED,NOT EXECUTED,PASS only if executed AUDIT-LEG-001 configuration-bound evidence demonstrates: Each powered leg-joint structure shall pass its released proof before the joint is enabled.,NOT EXECUTED,NOT EXECUTED,SELECTION REQUIRED,NOT EXECUTED,SELECTION REQUIRED,NOT APPROVED,"PRELIMINARY - NOT APPROVED FOR FABRICATION, CONNECTION, MOTION, OR ENERGIZATION"
LEG-001-A05,LEG-001,AUDIT-LEG-001,SELECTION REQUIRED,SELECTION REQUIRED,NOT EXECUTED,PASS only if executed AUDIT-LEG-001 configuration-bound evidence demonstrates: Each powered leg-joint restraint interface shall pass its released proof before the joint is enabled.,NOT EXECUTED,NOT EXECUTED,SELECTION REQUIRED,NOT EXECUTED,SELECTION REQUIRED,NOT APPROVED,"PRELIMINARY - NOT APPROVED FOR FABRICATION, CONNECTION, MOTION, OR ENERGIZATION"
LEG-002-A01,LEG-002,AUDIT-LEG-002,SELECTION REQUIRED,SELECTION REQUIRED,NOT EXECUTED,PASS only if executed AUDIT-LEG-002 configuration-bound evidence demonstrates: Untethered level-floor walking shall remain the required HR-30W end-state.,NOT EXECUTED,NOT EXECUTED,SELECTION REQUIRED,NOT EXECUTED,SELECTION REQUIRED,NOT APPROVED,"PRELIMINARY - NOT APPROVED FOR FABRICATION, CONNECTION, MOTION, OR ENERGIZATION"
LEG-002-A02,LEG-002,AUDIT-LEG-002,SELECTION REQUIRED,SELECTION REQUIRED,NOT EXECUTED,PASS only if executed AUDIT-LEG-002 configuration-bound evidence demonstrates: Untethered level-floor walking shall not begin until HR-30D slack-tether acceptance passes.,NOT EXECUTED,NOT EXECUTED,SELECTION REQUIRED,NOT EXECUTED,SELECTION REQUIRED,NOT APPROVED,"PRELIMINARY - NOT APPROVED FOR FABRICATION, CONNECTION, MOTION, OR ENERGIZATION"
MASS-001-A01,MASS-001,REVIEW-MASS-001,SELECTION REQUIRED,SELECTION REQUIRED,NOT EXECUTED,PASS only if executed REVIEW-MASS-001 configuration-bound evidence demonstrates: Each full-body configuration shall have a controlled part-level mass ledger.,NOT EXECUTED,NOT EXECUTED,SELECTION REQUIRED,NOT EXECUTED,SELECTION REQUIRED,NOT APPROVED,"PRELIMINARY - NOT APPROVED FOR FABRICATION, CONNECTION, MOTION, OR ENERGIZATION"
MASS-001-A02,MASS-001,REVIEW-MASS-001,SELECTION REQUIRED,SELECTION REQUIRED,NOT EXECUTED,PASS only if executed REVIEW-MASS-001 configuration-bound evidence demonstrates: Each full-body configuration shall have a controlled part-level inertia ledger.,NOT EXECUTED,NOT EXECUTED,SELECTION REQUIRED,NOT EXECUTED,SELECTION REQUIRED,NOT APPROVED,"PRELIMINARY - NOT APPROVED FOR FABRICATION, CONNECTION, MOTION, OR ENERGIZATION"
MASS-001-A03,MASS-001,REVIEW-MASS-001,SELECTION REQUIRED,SELECTION REQUIRED,NOT EXECUTED,PASS only if executed REVIEW-MASS-001 configuration-bound evidence demonstrates: Each full-body mass ledger shall distinguish target values from estimated values.,NOT EXECUTED,NOT EXECUTED,SELECTION REQUIRED,NOT EXECUTED,SELECTION REQUIRED,NOT APPROVED,"PRELIMINARY - NOT APPROVED FOR FABRICATION, CONNECTION, MOTION, OR ENERGIZATION"
MASS-001-A04,MASS-001,REVIEW-MASS-001,SELECTION REQUIRED,SELECTION REQUIRED,NOT EXECUTED,PASS only if executed REVIEW-MASS-001 configuration-bound evidence demonstrates: Each full-body mass ledger shall distinguish estimated values from measured values.,NOT EXECUTED,NOT EXECUTED,SELECTION REQUIRED,NOT EXECUTED,SELECTION REQUIRED,NOT APPROVED,"PRELIMINARY - NOT APPROVED FOR FABRICATION, CONNECTION, MOTION, OR ENERGIZATION"
MASS-001-A05,MASS-001,REVIEW-MASS-001,SELECTION REQUIRED,SELECTION REQUIRED,NOT EXECUTED,PASS only if executed REVIEW-MASS-001 configuration-bound evidence demonstrates: Each full-body configuration shall report assembly center of mass.,NOT EXECUTED,NOT EXECUTED,SELECTION REQUIRED,NOT EXECUTED,SELECTION REQUIRED,NOT APPROVED,"PRELIMINARY - NOT APPROVED FOR FABRICATION, CONNECTION, MOTION, OR ENERGIZATION"
MASS-001-A06,MASS-001,REVIEW-MASS-001,SELECTION REQUIRED,SELECTION REQUIRED,NOT EXECUTED,PASS only if executed REVIEW-MASS-001 configuration-bound evidence demonstrates: Each full-body configuration shall report whole-body center of mass.,NOT EXECUTED,NOT EXECUTED,SELECTION REQUIRED,NOT EXECUTED,SELECTION REQUIRED,NOT APPROVED,"PRELIMINARY - NOT APPROVED FOR FABRICATION, CONNECTION, MOTION, OR ENERGIZATION"
MASS-001-A07,MASS-001,REVIEW-MASS-001,SELECTION REQUIRED,SELECTION REQUIRED,NOT EXECUTED,PASS only if executed REVIEW-MASS-001 configuration-bound evidence demonstrates: Each full-body configuration shall report assembly inertia in the released frame.,NOT EXECUTED,NOT EXECUTED,SELECTION REQUIRED,NOT EXECUTED,SELECTION REQUIRED,NOT APPROVED,"PRELIMINARY - NOT APPROVED FOR FABRICATION, CONNECTION, MOTION, OR ENERGIZATION"
MASS-001-A08,MASS-001,REVIEW-MASS-001,SELECTION REQUIRED,SELECTION REQUIRED,NOT EXECUTED,PASS only if executed REVIEW-MASS-001 configuration-bound evidence demonstrates: Each full-body configuration shall report whole-body inertia in the released frame.,NOT EXECUTED,NOT EXECUTED,SELECTION REQUIRED,NOT EXECUTED,SELECTION REQUIRED,NOT APPROVED,"PRELIMINARY - NOT APPROVED FOR FABRICATION, CONNECTION, MOTION, OR ENERGIZATION"
MASS-002-A01,MASS-002,REVIEW-MASS-002,SELECTION REQUIRED,SELECTION REQUIRED,NOT EXECUTED,PASS only if executed REVIEW-MASS-002 configuration-bound evidence demonstrates: HR-V0 moving-assembly mass excluding the fixed shoulder actuator and base shall not exceed 0.75 kg.,NOT EXECUTED,NOT EXECUTED,SELECTION REQUIRED,NOT EXECUTED,SELECTION REQUIRED,NOT APPROVED,"PRELIMINARY - NOT APPROVED FOR FABRICATION, CONNECTION, MOTION, OR ENERGIZATION"
MASS-002-A02,MASS-002,REVIEW-MASS-002,SELECTION REQUIRED,SELECTION REQUIRED,NOT EXECUTED,PASS only if executed REVIEW-MASS-002 configuration-bound evidence demonstrates: The exact HR-V0 moving assembly shall have a controlled part-level mass ledger.,NOT EXECUTED,NOT EXECUTED,SELECTION REQUIRED,NOT EXECUTED,SELECTION REQUIRED,NOT APPROVED,"PRELIMINARY - NOT APPROVED FOR FABRICATION, CONNECTION, MOTION, OR ENERGIZATION"
MASS-002-A03,MASS-002,REVIEW-MASS-002,SELECTION REQUIRED,SELECTION REQUIRED,NOT EXECUTED,PASS only if executed REVIEW-MASS-002 configuration-bound evidence demonstrates: The HR-V0 moving-mass ledger shall distinguish CAD mass from supplier mass.,NOT EXECUTED,NOT EXECUTED,SELECTION REQUIRED,NOT EXECUTED,SELECTION REQUIRED,NOT APPROVED,"PRELIMINARY - NOT APPROVED FOR FABRICATION, CONNECTION, MOTION, OR ENERGIZATION"
MASS-002-A04,MASS-002,REVIEW-MASS-002,SELECTION REQUIRED,SELECTION REQUIRED,NOT EXECUTED,PASS only if executed REVIEW-MASS-002 configuration-bound evidence demonstrates: The HR-V0 moving-mass ledger shall distinguish supplier mass from measured mass.,NOT EXECUTED,NOT EXECUTED,SELECTION REQUIRED,NOT EXECUTED,SELECTION REQUIRED,NOT APPROVED,"PRELIMINARY - NOT APPROVED FOR FABRICATION, CONNECTION, MOTION, OR ENERGIZATION"
MASS-002-A05,MASS-002,REVIEW-MASS-002,SELECTION REQUIRED,SELECTION REQUIRED,NOT EXECUTED,PASS only if executed REVIEW-MASS-002 configuration-bound evidence demonstrates: The HR-V0 moving-mass ledger shall report each part local center of mass.,NOT EXECUTED,NOT EXECUTED,SELECTION REQUIRED,NOT EXECUTED,SELECTION REQUIRED,NOT APPROVED,"PRELIMINARY - NOT APPROVED FOR FABRICATION, CONNECTION, MOTION, OR ENERGIZATION"
MASS-002-A06,MASS-002,REVIEW-MASS-002,SELECTION REQUIRED,SELECTION REQUIRED,NOT EXECUTED,PASS only if executed REVIEW-MASS-002 configuration-bound evidence demonstrates: The HR-V0 moving-mass ledger shall report each part inertia in its controlled local frame.,NOT EXECUTED,NOT EXECUTED,SELECTION REQUIRED,NOT EXECUTED,SELECTION REQUIRED,NOT APPROVED,"PRELIMINARY - NOT APPROVED FOR FABRICATION, CONNECTION, MOTION, OR ENERGIZATION"
MECH-001-A01,MECH-001,INSPECT-CABLE-001,SELECTION REQUIRED,SELECTION REQUIRED,NOT EXECUTED,PASS only if executed INSPECT-CABLE-001 configuration-bound evidence demonstrates: Each moving HR-V0 cable shall have a controlled route.,NOT EXECUTED,NOT EXECUTED,SELECTION REQUIRED,NOT EXECUTED,SELECTION REQUIRED,NOT APPROVED,"PRELIMINARY - NOT APPROVED FOR FABRICATION, CONNECTION, MOTION, OR ENERGIZATION"
MECH-001-A02,MECH-001,INSPECT-CABLE-001,SELECTION REQUIRED,SELECTION REQUIRED,NOT EXECUTED,PASS only if executed INSPECT-CABLE-001 configuration-bound evidence demonstrates: Each moving HR-V0 cable shall have controlled strain relief.,NOT EXECUTED,NOT EXECUTED,SELECTION REQUIRED,NOT EXECUTED,SELECTION REQUIRED,NOT APPROVED,"PRELIMINARY - NOT APPROVED FOR FABRICATION, CONNECTION, MOTION, OR ENERGIZATION"
MECH-001-A03,MECH-001,INSPECT-CABLE-001,SELECTION REQUIRED,SELECTION REQUIRED,NOT EXECUTED,PASS only if executed INSPECT-CABLE-001 configuration-bound evidence demonstrates: Each moving HR-V0 cable shall have a controlled service loop.,NOT EXECUTED,NOT EXECUTED,SELECTION REQUIRED,NOT EXECUTED,SELECTION REQUIRED,NOT APPROVED,"PRELIMINARY - NOT APPROVED FOR FABRICATION, CONNECTION, MOTION, OR ENERGIZATION"
MECH-001-A04,MECH-001,INSPECT-CABLE-001,SELECTION REQUIRED,SELECTION REQUIRED,NOT EXECUTED,PASS only if executed INSPECT-CABLE-001 configuration-bound evidence demonstrates: Each moving HR-V0 cable shall remain within released bend limits.,NOT EXECUTED,NOT EXECUTED,SELECTION REQUIRED,NOT EXECUTED,SELECTION REQUIRED,NOT APPROVED,"PRELIMINARY - NOT APPROVED FOR FABRICATION, CONNECTION, MOTION, OR ENERGIZATION"
MECH-001-A05,MECH-001,INSPECT-CABLE-001,SELECTION REQUIRED,SELECTION REQUIRED,NOT EXECUTED,PASS only if executed INSPECT-CABLE-001 configuration-bound evidence demonstrates: Each moving HR-V0 cable shall have released abrasion protection.,NOT EXECUTED,NOT EXECUTED,SELECTION REQUIRED,NOT EXECUTED,SELECTION REQUIRED,NOT APPROVED,"PRELIMINARY - NOT APPROVED FOR FABRICATION, CONNECTION, MOTION, OR ENERGIZATION"
MECH-001-A06,MECH-001,INSPECT-CABLE-001,SELECTION REQUIRED,SELECTION REQUIRED,NOT EXECUTED,PASS only if executed INSPECT-CABLE-001 configuration-bound evidence demonstrates: Each moving HR-V0 cable shall remain clear of hard stops throughout the complete mechanical range.,NOT EXECUTED,NOT EXECUTED,SELECTION REQUIRED,NOT EXECUTED,SELECTION REQUIRED,NOT APPROVED,"PRELIMINARY - NOT APPROVED FOR FABRICATION, CONNECTION, MOTION, OR ENERGIZATION"
MECH-001-A07,MECH-001,INSPECT-CABLE-001,SELECTION REQUIRED,SELECTION REQUIRED,NOT EXECUTED,PASS only if executed INSPECT-CABLE-001 configuration-bound evidence demonstrates: Each moving HR-V0 connector shall have a controlled route.,NOT EXECUTED,NOT EXECUTED,SELECTION REQUIRED,NOT EXECUTED,SELECTION REQUIRED,NOT APPROVED,"PRELIMINARY - NOT APPROVED FOR FABRICATION, CONNECTION, MOTION, OR ENERGIZATION"
MECH-001-A08,MECH-001,INSPECT-CABLE-001,SELECTION REQUIRED,SELECTION REQUIRED,NOT EXECUTED,PASS only if executed INSPECT-CABLE-001 configuration-bound evidence demonstrates: Each moving HR-V0 cable shall have controlled retention.,NOT EXECUTED,NOT EXECUTED,SELECTION REQUIRED,NOT EXECUTED,SELECTION REQUIRED,NOT APPROVED,"PRELIMINARY - NOT APPROVED FOR FABRICATION, CONNECTION, MOTION, OR ENERGIZATION"
MECH-001-A09,MECH-001,INSPECT-CABLE-001,SELECTION REQUIRED,SELECTION REQUIRED,NOT EXECUTED,PASS only if executed INSPECT-CABLE-001 configuration-bound evidence demonstrates: Each moving HR-V0 connector shall have controlled strain relief.,NOT EXECUTED,NOT EXECUTED,SELECTION REQUIRED,NOT EXECUTED,SELECTION REQUIRED,NOT APPROVED,"PRELIMINARY - NOT APPROVED FOR FABRICATION, CONNECTION, MOTION, OR ENERGIZATION"
MECH-001-A10,MECH-001,INSPECT-CABLE-001,SELECTION REQUIRED,SELECTION REQUIRED,NOT EXECUTED,PASS only if executed INSPECT-CABLE-001 configuration-bound evidence demonstrates: Each moving HR-V0 connector shall have controlled retention.,NOT EXECUTED,NOT EXECUTED,SELECTION REQUIRED,NOT EXECUTED,SELECTION REQUIRED,NOT APPROVED,"PRELIMINARY - NOT APPROVED FOR FABRICATION, CONNECTION, MOTION, OR ENERGIZATION"
MECH-001-A11,MECH-001,INSPECT-CABLE-001,SELECTION REQUIRED,SELECTION REQUIRED,NOT EXECUTED,PASS only if executed INSPECT-CABLE-001 configuration-bound evidence demonstrates: Each moving HR-V0 cable shall remain within released twist limits.,NOT EXECUTED,NOT EXECUTED,SELECTION REQUIRED,NOT EXECUTED,SELECTION REQUIRED,NOT APPROVED,"PRELIMINARY - NOT APPROVED FOR FABRICATION, CONNECTION, MOTION, OR ENERGIZATION"
MECH-001-A12,MECH-001,INSPECT-CABLE-001,SELECTION REQUIRED,SELECTION REQUIRED,NOT EXECUTED,PASS only if executed INSPECT-CABLE-001 configuration-bound evidence demonstrates: Each moving HR-V0 connector shall have released abrasion protection.,NOT EXECUTED,NOT EXECUTED,SELECTION REQUIRED,NOT EXECUTED,SELECTION REQUIRED,NOT APPROVED,"PRELIMINARY - NOT APPROVED FOR FABRICATION, CONNECTION, MOTION, OR ENERGIZATION"
MECH-001-A13,MECH-001,INSPECT-CABLE-001,SELECTION REQUIRED,SELECTION REQUIRED,NOT EXECUTED,PASS only if executed INSPECT-CABLE-001 configuration-bound evidence demonstrates: Each moving HR-V0 cable shall remain clear of pinch points throughout the complete mechanical range.,NOT EXECUTED,NOT EXECUTED,SELECTION REQUIRED,NOT EXECUTED,SELECTION REQUIRED,NOT APPROVED,"PRELIMINARY - NOT APPROVED FOR FABRICATION, CONNECTION, MOTION, OR ENERGIZATION"
MECH-001-A14,MECH-001,INSPECT-CABLE-001,SELECTION REQUIRED,SELECTION REQUIRED,NOT EXECUTED,PASS only if executed INSPECT-CABLE-001 configuration-bound evidence demonstrates: Each moving HR-V0 cable shall remain clear of guards throughout the complete mechanical range.,NOT EXECUTED,NOT EXECUTED,SELECTION REQUIRED,NOT EXECUTED,SELECTION REQUIRED,NOT APPROVED,"PRELIMINARY - NOT APPROVED FOR FABRICATION, CONNECTION, MOTION, OR ENERGIZATION"
MECH-001-A15,MECH-001,INSPECT-CABLE-001,SELECTION REQUIRED,SELECTION REQUIRED,NOT EXECUTED,PASS only if executed INSPECT-CABLE-001 configuration-bound evidence demonstrates: Each moving HR-V0 cable shall remain clear of payloads throughout the complete mechanical range.,NOT EXECUTED,NOT EXECUTED,SELECTION REQUIRED,NOT EXECUTED,SELECTION REQUIRED,NOT APPROVED,"PRELIMINARY - NOT APPROVED FOR FABRICATION, CONNECTION, MOTION, OR ENERGIZATION"
MECH-001-A16,MECH-001,INSPECT-CABLE-001,SELECTION REQUIRED,SELECTION REQUIRED,NOT EXECUTED,PASS only if executed INSPECT-CABLE-001 configuration-bound evidence demonstrates: Each moving HR-V0 connector shall remain clear of hard stops throughout the complete mechanical range.,NOT EXECUTED,NOT EXECUTED,SELECTION REQUIRED,NOT EXECUTED,SELECTION REQUIRED,NOT APPROVED,"PRELIMINARY - NOT APPROVED FOR FABRICATION, CONNECTION, MOTION, OR ENERGIZATION"
MECH-001-A17,MECH-001,INSPECT-CABLE-001,SELECTION REQUIRED,SELECTION REQUIRED,NOT EXECUTED,PASS only if executed INSPECT-CABLE-001 configuration-bound evidence demonstrates: Each moving HR-V0 connector shall remain clear of pinch points throughout the complete mechanical range.,NOT EXECUTED,NOT EXECUTED,SELECTION REQUIRED,NOT EXECUTED,SELECTION REQUIRED,NOT APPROVED,"PRELIMINARY - NOT APPROVED FOR FABRICATION, CONNECTION, MOTION, OR ENERGIZATION"
MECH-001-A18,MECH-001,INSPECT-CABLE-001,SELECTION REQUIRED,SELECTION REQUIRED,NOT EXECUTED,PASS only if executed INSPECT-CABLE-001 configuration-bound evidence demonstrates: Each moving HR-V0 connector shall remain clear of guards throughout the complete mechanical range.,NOT EXECUTED,NOT EXECUTED,SELECTION REQUIRED,NOT EXECUTED,SELECTION REQUIRED,NOT APPROVED,"PRELIMINARY - NOT APPROVED FOR FABRICATION, CONNECTION, MOTION, OR ENERGIZATION"
MECH-001-A19,MECH-001,INSPECT-CABLE-001,SELECTION REQUIRED,SELECTION REQUIRED,NOT EXECUTED,PASS only if executed INSPECT-CABLE-001 configuration-bound evidence demonstrates: Each moving HR-V0 connector shall remain clear of payloads throughout the complete mechanical range.,NOT EXECUTED,NOT EXECUTED,SELECTION REQUIRED,NOT EXECUTED,SELECTION REQUIRED,NOT APPROVED,"PRELIMINARY - NOT APPROVED FOR FABRICATION, CONNECTION, MOTION, OR ENERGIZATION"
MECH-002-A01,MECH-002,AUDIT-MECH-001,SELECTION REQUIRED,SELECTION REQUIRED,NOT EXECUTED,PASS only if executed AUDIT-MECH-001 configuration-bound evidence demonstrates: The HR-V0 mechanical release shall define one controlled bench-to-object datum chain.,NOT EXECUTED,NOT EXECUTED,SELECTION REQUIRED,NOT EXECUTED,SELECTION REQUIRED,NOT APPROVED,"PRELIMINARY - NOT APPROVED FOR FABRICATION, CONNECTION, MOTION, OR ENERGIZATION"
MECH-002-A02,MECH-002,AUDIT-MECH-001,SELECTION REQUIRED,SELECTION REQUIRED,NOT EXECUTED,PASS only if executed AUDIT-MECH-001 configuration-bound evidence demonstrates: The HR-V0 mechanical release shall enumerate every assembly component.,NOT EXECUTED,NOT EXECUTED,SELECTION REQUIRED,NOT EXECUTED,SELECTION REQUIRED,NOT APPROVED,"PRELIMINARY - NOT APPROVED FOR FABRICATION, CONNECTION, MOTION, OR ENERGIZATION"
MECH-002-A03,MECH-002,AUDIT-MECH-001,SELECTION REQUIRED,SELECTION REQUIRED,NOT EXECUTED,PASS only if executed AUDIT-MECH-001 configuration-bound evidence demonstrates: The HR-V0 mechanical release shall enumerate every mechanical interface.,NOT EXECUTED,NOT EXECUTED,SELECTION REQUIRED,NOT EXECUTED,SELECTION REQUIRED,NOT APPROVED,"PRELIMINARY - NOT APPROVED FOR FABRICATION, CONNECTION, MOTION, OR ENERGIZATION"
MECH-002-A04,MECH-002,AUDIT-MECH-001,SELECTION REQUIRED,SELECTION REQUIRED,NOT EXECUTED,PASS only if executed AUDIT-MECH-001 configuration-bound evidence demonstrates: The HR-V0 mechanical release shall define exact profile cut lengths.,NOT EXECUTED,NOT EXECUTED,SELECTION REQUIRED,NOT EXECUTED,SELECTION REQUIRED,NOT APPROVED,"PRELIMINARY - NOT APPROVED FOR FABRICATION, CONNECTION, MOTION, OR ENERGIZATION"
MECH-002-A05,MECH-002,AUDIT-MECH-001,SELECTION REQUIRED,SELECTION REQUIRED,NOT EXECUTED,PASS only if executed AUDIT-MECH-001 configuration-bound evidence demonstrates: The HR-V0 mechanical release shall identify closure evidence for each unresolved dimension.,NOT EXECUTED,NOT EXECUTED,SELECTION REQUIRED,NOT EXECUTED,SELECTION REQUIRED,NOT APPROVED,"PRELIMINARY - NOT APPROVED FOR FABRICATION, CONNECTION, MOTION, OR ENERGIZATION"
MECH-002-A06,MECH-002,AUDIT-MECH-001,SELECTION REQUIRED,SELECTION REQUIRED,NOT EXECUTED,PASS only if executed AUDIT-MECH-001 configuration-bound evidence demonstrates: The HR-V0 mechanical release shall identify closure evidence for each unresolved fastener.,NOT EXECUTED,NOT EXECUTED,SELECTION REQUIRED,NOT EXECUTED,SELECTION REQUIRED,NOT APPROVED,"PRELIMINARY - NOT APPROVED FOR FABRICATION, CONNECTION, MOTION, OR ENERGIZATION"
MECH-002-A07,MECH-002,AUDIT-MECH-001,SELECTION REQUIRED,SELECTION REQUIRED,NOT EXECUTED,PASS only if executed AUDIT-MECH-001 configuration-bound evidence demonstrates: The HR-V0 mechanical release shall identify closure evidence for each unresolved fit.,NOT EXECUTED,NOT EXECUTED,SELECTION REQUIRED,NOT EXECUTED,SELECTION REQUIRED,NOT APPROVED,"PRELIMINARY - NOT APPROVED FOR FABRICATION, CONNECTION, MOTION, OR ENERGIZATION"
MECH-002-A08,MECH-002,AUDIT-MECH-001,SELECTION REQUIRED,SELECTION REQUIRED,NOT EXECUTED,PASS only if executed AUDIT-MECH-001 configuration-bound evidence demonstrates: The HR-V0 mechanical release shall identify closure evidence for each unresolved guard boundary.,NOT EXECUTED,NOT EXECUTED,SELECTION REQUIRED,NOT EXECUTED,SELECTION REQUIRED,NOT APPROVED,"PRELIMINARY - NOT APPROVED FOR FABRICATION, CONNECTION, MOTION, OR ENERGIZATION"
MECH-002-A09,MECH-002,AUDIT-MECH-001,SELECTION REQUIRED,SELECTION REQUIRED,NOT EXECUTED,PASS only if executed AUDIT-MECH-001 configuration-bound evidence demonstrates: The HR-V0 mechanical release shall identify closure evidence for each unresolved stop boundary.,NOT EXECUTED,NOT EXECUTED,SELECTION REQUIRED,NOT EXECUTED,SELECTION REQUIRED,NOT APPROVED,"PRELIMINARY - NOT APPROVED FOR FABRICATION, CONNECTION, MOTION, OR ENERGIZATION"
MECH-002-A10,MECH-002,AUDIT-MECH-001,SELECTION REQUIRED,SELECTION REQUIRED,NOT EXECUTED,PASS only if executed AUDIT-MECH-001 configuration-bound evidence demonstrates: The HR-V0 mechanical release shall identify closure evidence for each unresolved cable boundary.,NOT EXECUTED,NOT EXECUTED,SELECTION REQUIRED,NOT EXECUTED,SELECTION REQUIRED,NOT APPROVED,"PRELIMINARY - NOT APPROVED FOR FABRICATION, CONNECTION, MOTION, OR ENERGIZATION"
MECH-002-A11,MECH-002,AUDIT-MECH-001,SELECTION REQUIRED,SELECTION REQUIRED,NOT EXECUTED,PASS only if executed AUDIT-MECH-001 configuration-bound evidence demonstrates: The HR-V0 mechanical release shall identify closure evidence for each unresolved anchor boundary.,NOT EXECUTED,NOT EXECUTED,SELECTION REQUIRED,NOT EXECUTED,SELECTION REQUIRED,NOT APPROVED,"PRELIMINARY - NOT APPROVED FOR FABRICATION, CONNECTION, MOTION, OR ENERGIZATION"
MECH-002-A12,MECH-002,AUDIT-MECH-001,SELECTION REQUIRED,SELECTION REQUIRED,NOT EXECUTED,PASS only if executed AUDIT-MECH-001 configuration-bound evidence demonstrates: Generated HR-V0 assembly views shall agree with the released native CAD.,NOT EXECUTED,NOT EXECUTED,SELECTION REQUIRED,NOT EXECUTED,SELECTION REQUIRED,NOT APPROVED,"PRELIMINARY - NOT APPROVED FOR FABRICATION, CONNECTION, MOTION, OR ENERGIZATION"
MECH-002-A13,MECH-002,AUDIT-MECH-001,SELECTION REQUIRED,SELECTION REQUIRED,NOT EXECUTED,PASS only if executed AUDIT-MECH-001 configuration-bound evidence demonstrates: Generated HR-V0 assembly views shall agree with the released system BOM.,NOT EXECUTED,NOT EXECUTED,SELECTION REQUIRED,NOT EXECUTED,SELECTION REQUIRED,NOT APPROVED,"PRELIMINARY - NOT APPROVED FOR FABRICATION, CONNECTION, MOTION, OR ENERGIZATION"
MECH-003-A01,MECH-003,INSPECT-MECH-010,SELECTION REQUIRED,SELECTION REQUIRED,NOT EXECUTED,PASS only if executed INSPECT-MECH-010 configuration-bound evidence demonstrates: Each HR-V0 T-slot frame joint shall identify the exact bracket order code.,NOT EXECUTED,NOT EXECUTED,SELECTION REQUIRED,NOT EXECUTED,SELECTION REQUIRED,NOT APPROVED,"PRELIMINARY - NOT APPROVED FOR FABRICATION, CONNECTION, MOTION, OR ENERGIZATION"
MECH-003-A02,MECH-003,INSPECT-MECH-010,SELECTION REQUIRED,SELECTION REQUIRED,NOT EXECUTED,PASS only if executed INSPECT-MECH-010 configuration-bound evidence demonstrates: Each HR-V0 T-slot frame joint shall identify every mounting-hardware order code.,NOT EXECUTED,NOT EXECUTED,SELECTION REQUIRED,NOT EXECUTED,SELECTION REQUIRED,NOT APPROVED,"PRELIMINARY - NOT APPROVED FOR FABRICATION, CONNECTION, MOTION, OR ENERGIZATION"
MECH-003-A03,MECH-003,INSPECT-MECH-010,SELECTION REQUIRED,SELECTION REQUIRED,NOT EXECUTED,PASS only if executed INSPECT-MECH-010 configuration-bound evidence demonstrates: Each HR-V0 T-slot frame joint shall identify installed quantity.,NOT EXECUTED,NOT EXECUTED,SELECTION REQUIRED,NOT EXECUTED,SELECTION REQUIRED,NOT APPROVED,"PRELIMINARY - NOT APPROVED FOR FABRICATION, CONNECTION, MOTION, OR ENERGIZATION"
MECH-003-A04,MECH-003,INSPECT-MECH-010,SELECTION REQUIRED,SELECTION REQUIRED,NOT EXECUTED,PASS only if executed INSPECT-MECH-010 configuration-bound evidence demonstrates: Each HR-V0 T-slot frame joint shall identify installed orientation.,NOT EXECUTED,NOT EXECUTED,SELECTION REQUIRED,NOT EXECUTED,SELECTION REQUIRED,NOT APPROVED,"PRELIMINARY - NOT APPROVED FOR FABRICATION, CONNECTION, MOTION, OR ENERGIZATION"
MECH-003-A05,MECH-003,INSPECT-MECH-010,SELECTION REQUIRED,SELECTION REQUIRED,NOT EXECUTED,PASS only if executed INSPECT-MECH-010 configuration-bound evidence demonstrates: Each HR-V0 T-slot frame joint shall have a controlled load-path screen.,NOT EXECUTED,NOT EXECUTED,SELECTION REQUIRED,NOT EXECUTED,SELECTION REQUIRED,NOT APPROVED,"PRELIMINARY - NOT APPROVED FOR FABRICATION, CONNECTION, MOTION, OR ENERGIZATION"
MECH-003-A06,MECH-003,INSPECT-MECH-010,SELECTION REQUIRED,SELECTION REQUIRED,NOT EXECUTED,PASS only if executed INSPECT-MECH-010 configuration-bound evidence demonstrates: Each HR-V0 T-slot frame joint shall have a controlled torque-development method.,NOT EXECUTED,NOT EXECUTED,SELECTION REQUIRED,NOT EXECUTED,SELECTION REQUIRED,NOT APPROVED,"PRELIMINARY - NOT APPROVED FOR FABRICATION, CONNECTION, MOTION, OR ENERGIZATION"
MECH-003-A07,MECH-003,INSPECT-MECH-010,SELECTION REQUIRED,SELECTION REQUIRED,NOT EXECUTED,PASS only if executed INSPECT-MECH-010 configuration-bound evidence demonstrates: Each HR-V0 T-slot frame joint shall have an accepted receiving record before assembly acceptance.,NOT EXECUTED,NOT EXECUTED,SELECTION REQUIRED,NOT EXECUTED,SELECTION REQUIRED,NOT APPROVED,"PRELIMINARY - NOT APPROVED FOR FABRICATION, CONNECTION, MOTION, OR ENERGIZATION"
MECH-003-A08,MECH-003,INSPECT-MECH-010,SELECTION REQUIRED,SELECTION REQUIRED,NOT EXECUTED,PASS only if executed INSPECT-MECH-010 configuration-bound evidence demonstrates: Each HR-V0 T-slot frame joint shall have an accepted proof record before assembly acceptance.,NOT EXECUTED,NOT EXECUTED,SELECTION REQUIRED,NOT EXECUTED,SELECTION REQUIRED,NOT APPROVED,"PRELIMINARY - NOT APPROVED FOR FABRICATION, CONNECTION, MOTION, OR ENERGIZATION"
MECH-003-A09,MECH-003,INSPECT-MECH-010,SELECTION REQUIRED,SELECTION REQUIRED,NOT EXECUTED,PASS only if executed INSPECT-MECH-010 configuration-bound evidence demonstrates: Each HR-V0 T-slot frame joint shall have an inspection mark before assembly acceptance.,NOT EXECUTED,NOT EXECUTED,SELECTION REQUIRED,NOT EXECUTED,SELECTION REQUIRED,NOT APPROVED,"PRELIMINARY - NOT APPROVED FOR FABRICATION, CONNECTION, MOTION, OR ENERGIZATION"
MECH-003-A10,MECH-003,INSPECT-MECH-010,SELECTION REQUIRED,SELECTION REQUIRED,NOT EXECUTED,PASS only if executed INSPECT-MECH-010 configuration-bound evidence demonstrates: Each HR-V0 T-slot frame joint shall have a controlled fastener-reuse rule.,NOT EXECUTED,NOT EXECUTED,SELECTION REQUIRED,NOT EXECUTED,SELECTION REQUIRED,NOT APPROVED,"PRELIMINARY - NOT APPROVED FOR FABRICATION, CONNECTION, MOTION, OR ENERGIZATION"
MECH-003-A11,MECH-003,INSPECT-MECH-010,SELECTION REQUIRED,SELECTION REQUIRED,NOT EXECUTED,PASS only if executed INSPECT-MECH-010 configuration-bound evidence demonstrates: Each HR-V0 T-slot frame joint shall have a qualified mechanical disposition before assembly acceptance.,NOT EXECUTED,NOT EXECUTED,SELECTION REQUIRED,NOT EXECUTED,SELECTION REQUIRED,NOT APPROVED,"PRELIMINARY - NOT APPROVED FOR FABRICATION, CONNECTION, MOTION, OR ENERGIZATION"
MECH-003-A12,MECH-003,INSPECT-MECH-010,SELECTION REQUIRED,SELECTION REQUIRED,NOT EXECUTED,PASS only if executed INSPECT-MECH-010 configuration-bound evidence demonstrates: Absent MECH-003 physical evidence shall inhibit assembly acceptance.,NOT EXECUTED,NOT EXECUTED,SELECTION REQUIRED,NOT EXECUTED,SELECTION REQUIRED,NOT APPROVED,"PRELIMINARY - NOT APPROVED FOR FABRICATION, CONNECTION, MOTION, OR ENERGIZATION"
MECH-004-A01,MECH-004,INSPECT-MECH-011,SELECTION REQUIRED,SELECTION REQUIRED,NOT EXECUTED,PASS only if executed INSPECT-MECH-011 configuration-bound evidence demonstrates: The HR-V0 bench interface shall identify one exact surveyed bench before release.,NOT EXECUTED,NOT EXECUTED,SELECTION REQUIRED,NOT EXECUTED,SELECTION REQUIRED,NOT APPROVED,"PRELIMINARY - NOT APPROVED FOR FABRICATION, CONNECTION, MOTION, OR ENERGIZATION"
MECH-004-A02,MECH-004,INSPECT-MECH-011,SELECTION REQUIRED,SELECTION REQUIRED,NOT EXECUTED,PASS only if executed INSPECT-MECH-011 configuration-bound evidence demonstrates: The HR-V0 bench interface shall have documented site-owner permission before release.,NOT EXECUTED,NOT EXECUTED,SELECTION REQUIRED,NOT EXECUTED,SELECTION REQUIRED,NOT APPROVED,"PRELIMINARY - NOT APPROVED FOR FABRICATION, CONNECTION, MOTION, OR ENERGIZATION"
MECH-004-A03,MECH-004,INSPECT-MECH-011,SELECTION REQUIRED,SELECTION REQUIRED,NOT EXECUTED,PASS only if executed INSPECT-MECH-011 configuration-bound evidence demonstrates: The HR-V0 bench interface shall record substrate construction before release.,NOT EXECUTED,NOT EXECUTED,SELECTION REQUIRED,NOT EXECUTED,SELECTION REQUIRED,NOT APPROVED,"PRELIMINARY - NOT APPROVED FOR FABRICATION, CONNECTION, MOTION, OR ENERGIZATION"
MECH-004-A04,MECH-004,INSPECT-MECH-011,SELECTION REQUIRED,SELECTION REQUIRED,NOT EXECUTED,PASS only if executed INSPECT-MECH-011 configuration-bound evidence demonstrates: The HR-V0 bench interface shall record substrate thickness before release.,NOT EXECUTED,NOT EXECUTED,SELECTION REQUIRED,NOT EXECUTED,SELECTION REQUIRED,NOT APPROVED,"PRELIMINARY - NOT APPROVED FOR FABRICATION, CONNECTION, MOTION, OR ENERGIZATION"
MECH-004-A05,MECH-004,INSPECT-MECH-011,SELECTION REQUIRED,SELECTION REQUIRED,NOT EXECUTED,PASS only if executed INSPECT-MECH-011 configuration-bound evidence demonstrates: The HR-V0 bench interface shall record all applicable edge distances before release.,NOT EXECUTED,NOT EXECUTED,SELECTION REQUIRED,NOT EXECUTED,SELECTION REQUIRED,NOT APPROVED,"PRELIMINARY - NOT APPROVED FOR FABRICATION, CONNECTION, MOTION, OR ENERGIZATION"
MECH-004-A06,MECH-004,INSPECT-MECH-011,SELECTION REQUIRED,SELECTION REQUIRED,NOT EXECUTED,PASS only if executed INSPECT-MECH-011 configuration-bound evidence demonstrates: The HR-V0 bench interface shall record top-side access before release.,NOT EXECUTED,NOT EXECUTED,SELECTION REQUIRED,NOT EXECUTED,SELECTION REQUIRED,NOT APPROVED,"PRELIMINARY - NOT APPROVED FOR FABRICATION, CONNECTION, MOTION, OR ENERGIZATION"
MECH-004-A07,MECH-004,INSPECT-MECH-011,SELECTION REQUIRED,SELECTION REQUIRED,NOT EXECUTED,PASS only if executed INSPECT-MECH-011 configuration-bound evidence demonstrates: The HR-V0 bench interface shall record underside access before release.,NOT EXECUTED,NOT EXECUTED,SELECTION REQUIRED,NOT EXECUTED,SELECTION REQUIRED,NOT APPROVED,"PRELIMINARY - NOT APPROVED FOR FABRICATION, CONNECTION, MOTION, OR ENERGIZATION"
MECH-004-A08,MECH-004,INSPECT-MECH-011,SELECTION REQUIRED,SELECTION REQUIRED,NOT EXECUTED,PASS only if executed INSPECT-MECH-011 configuration-bound evidence demonstrates: The HR-V0 bench interface shall identify exact anchor order codes before release.,NOT EXECUTED,NOT EXECUTED,SELECTION REQUIRED,NOT EXECUTED,SELECTION REQUIRED,NOT APPROVED,"PRELIMINARY - NOT APPROVED FOR FABRICATION, CONNECTION, MOTION, OR ENERGIZATION"
MECH-004-A09,MECH-004,INSPECT-MECH-011,SELECTION REQUIRED,SELECTION REQUIRED,NOT EXECUTED,PASS only if executed INSPECT-MECH-011 configuration-bound evidence demonstrates: The HR-V0 bench interface shall identify exact bolt order codes before release.,NOT EXECUTED,NOT EXECUTED,SELECTION REQUIRED,NOT EXECUTED,SELECTION REQUIRED,NOT APPROVED,"PRELIMINARY - NOT APPROVED FOR FABRICATION, CONNECTION, MOTION, OR ENERGIZATION"
MECH-004-A10,MECH-004,INSPECT-MECH-011,SELECTION REQUIRED,SELECTION REQUIRED,NOT EXECUTED,PASS only if executed INSPECT-MECH-011 configuration-bound evidence demonstrates: The HR-V0 bench interface shall identify exact washer order codes before release.,NOT EXECUTED,NOT EXECUTED,SELECTION REQUIRED,NOT EXECUTED,SELECTION REQUIRED,NOT APPROVED,"PRELIMINARY - NOT APPROVED FOR FABRICATION, CONNECTION, MOTION, OR ENERGIZATION"
MECH-004-A11,MECH-004,INSPECT-MECH-011,SELECTION REQUIRED,SELECTION REQUIRED,NOT EXECUTED,PASS only if executed INSPECT-MECH-011 configuration-bound evidence demonstrates: The HR-V0 bench interface shall identify exact backing-part order codes before release.,NOT EXECUTED,NOT EXECUTED,SELECTION REQUIRED,NOT EXECUTED,SELECTION REQUIRED,NOT APPROVED,"PRELIMINARY - NOT APPROVED FOR FABRICATION, CONNECTION, MOTION, OR ENERGIZATION"
MECH-004-A12,MECH-004,INSPECT-MECH-011,SELECTION REQUIRED,SELECTION REQUIRED,NOT EXECUTED,PASS only if executed INSPECT-MECH-011 configuration-bound evidence demonstrates: The HR-V0 bench-interface analysis shall calculate anchor shear load.,NOT EXECUTED,NOT EXECUTED,SELECTION REQUIRED,NOT EXECUTED,SELECTION REQUIRED,NOT APPROVED,"PRELIMINARY - NOT APPROVED FOR FABRICATION, CONNECTION, MOTION, OR ENERGIZATION"
MECH-004-A13,MECH-004,INSPECT-MECH-011,SELECTION REQUIRED,SELECTION REQUIRED,NOT EXECUTED,PASS only if executed INSPECT-MECH-011 configuration-bound evidence demonstrates: The HR-V0 bench-interface analysis shall calculate anchor tension load.,NOT EXECUTED,NOT EXECUTED,SELECTION REQUIRED,NOT EXECUTED,SELECTION REQUIRED,NOT APPROVED,"PRELIMINARY - NOT APPROVED FOR FABRICATION, CONNECTION, MOTION, OR ENERGIZATION"
MECH-004-A14,MECH-004,INSPECT-MECH-011,SELECTION REQUIRED,SELECTION REQUIRED,NOT EXECUTED,PASS only if executed INSPECT-MECH-011 configuration-bound evidence demonstrates: The HR-V0 bench-interface analysis shall calculate overturning load.,NOT EXECUTED,NOT EXECUTED,SELECTION REQUIRED,NOT EXECUTED,SELECTION REQUIRED,NOT APPROVED,"PRELIMINARY - NOT APPROVED FOR FABRICATION, CONNECTION, MOTION, OR ENERGIZATION"
MECH-004-A15,MECH-004,INSPECT-MECH-011,SELECTION REQUIRED,SELECTION REQUIRED,NOT EXECUTED,PASS only if executed INSPECT-MECH-011 configuration-bound evidence demonstrates: The HR-V0 bench-interface analysis shall calculate substrate bearing load.,NOT EXECUTED,NOT EXECUTED,SELECTION REQUIRED,NOT EXECUTED,SELECTION REQUIRED,NOT APPROVED,"PRELIMINARY - NOT APPROVED FOR FABRICATION, CONNECTION, MOTION, OR ENERGIZATION"
MECH-004-A16,MECH-004,INSPECT-MECH-011,SELECTION REQUIRED,SELECTION REQUIRED,NOT EXECUTED,PASS only if executed INSPECT-MECH-011 configuration-bound evidence demonstrates: The HR-V0 bench-interface analysis shall calculate substrate pull-through load.,NOT EXECUTED,NOT EXECUTED,SELECTION REQUIRED,NOT EXECUTED,SELECTION REQUIRED,NOT APPROVED,"PRELIMINARY - NOT APPROVED FOR FABRICATION, CONNECTION, MOTION, OR ENERGIZATION"
MECH-004-A17,MECH-004,INSPECT-MECH-011,SELECTION REQUIRED,SELECTION REQUIRED,NOT EXECUTED,PASS only if executed INSPECT-MECH-011 configuration-bound evidence demonstrates: The HR-V0 bench-interface analysis shall calculate bench-support loads.,NOT EXECUTED,NOT EXECUTED,SELECTION REQUIRED,NOT EXECUTED,SELECTION REQUIRED,NOT APPROVED,"PRELIMINARY - NOT APPROVED FOR FABRICATION, CONNECTION, MOTION, OR ENERGIZATION"
MECH-004-A18,MECH-004,INSPECT-MECH-011,SELECTION REQUIRED,SELECTION REQUIRED,NOT EXECUTED,PASS only if executed INSPECT-MECH-011 configuration-bound evidence demonstrates: The HR-V0 bench-interface installation shall use a controlled installation-torque requirement.,NOT EXECUTED,NOT EXECUTED,SELECTION REQUIRED,NOT EXECUTED,SELECTION REQUIRED,NOT APPROVED,"PRELIMINARY - NOT APPROVED FOR FABRICATION, CONNECTION, MOTION, OR ENERGIZATION"
MECH-004-A19,MECH-004,INSPECT-MECH-011,SELECTION REQUIRED,SELECTION REQUIRED,NOT EXECUTED,PASS only if executed INSPECT-MECH-011 configuration-bound evidence demonstrates: The HR-V0 bench-interface release shall define numerical proof criteria.,NOT EXECUTED,NOT EXECUTED,SELECTION REQUIRED,NOT EXECUTED,SELECTION REQUIRED,NOT APPROVED,"PRELIMINARY - NOT APPROVED FOR FABRICATION, CONNECTION, MOTION, OR ENERGIZATION"
MECH-004-A20,MECH-004,INSPECT-MECH-011,SELECTION REQUIRED,SELECTION REQUIRED,NOT EXECUTED,PASS only if executed INSPECT-MECH-011 configuration-bound evidence demonstrates: The HR-V0 bench-interface installation shall carry controlled inspection marks.,NOT EXECUTED,NOT EXECUTED,SELECTION REQUIRED,NOT EXECUTED,SELECTION REQUIRED,NOT APPROVED,"PRELIMINARY - NOT APPROVED FOR FABRICATION, CONNECTION, MOTION, OR ENERGIZATION"
MECH-004-A21,MECH-004,INSPECT-MECH-011,SELECTION REQUIRED,SELECTION REQUIRED,NOT EXECUTED,PASS only if executed INSPECT-MECH-011 configuration-bound evidence demonstrates: The HR-V0 bench interface shall have a qualified mechanical disposition before release.,NOT EXECUTED,NOT EXECUTED,SELECTION REQUIRED,NOT EXECUTED,SELECTION REQUIRED,NOT APPROVED,"PRELIMINARY - NOT APPROVED FOR FABRICATION, CONNECTION, MOTION, OR ENERGIZATION"
MECH-004-A22,MECH-004,INSPECT-MECH-011,SELECTION REQUIRED,SELECTION REQUIRED,NOT EXECUTED,PASS only if executed INSPECT-MECH-011 configuration-bound evidence demonstrates: Absent or changed MECH-004 site evidence shall inhibit assembly acceptance.,NOT EXECUTED,NOT EXECUTED,SELECTION REQUIRED,NOT EXECUTED,SELECTION REQUIRED,NOT APPROVED,"PRELIMINARY - NOT APPROVED FOR FABRICATION, CONNECTION, MOTION, OR ENERGIZATION"
MECH-004-A23,MECH-004,INSPECT-MECH-011,SELECTION REQUIRED,SELECTION REQUIRED,NOT EXECUTED,PASS only if executed INSPECT-MECH-011 configuration-bound evidence demonstrates: Absent or changed MECH-004 site evidence shall inhibit energization acceptance.,NOT EXECUTED,NOT EXECUTED,SELECTION REQUIRED,NOT EXECUTED,SELECTION REQUIRED,NOT APPROVED,"PRELIMINARY - NOT APPROVED FOR FABRICATION, CONNECTION, MOTION, OR ENERGIZATION"
MECH-005-A01,MECH-005,AUDIT-MECH-012,SELECTION REQUIRED,SELECTION REQUIRED,NOT EXECUTED,PASS only if executed AUDIT-MECH-012 configuration-bound evidence demonstrates: The HR-V0 arm architecture shall use exact manufacturer-coordinate actuator geometry.,NOT EXECUTED,NOT EXECUTED,SELECTION REQUIRED,NOT EXECUTED,SELECTION REQUIRED,NOT APPROVED,"PRELIMINARY - NOT APPROVED FOR FABRICATION, CONNECTION, MOTION, OR ENERGIZATION"
MECH-005-A02,MECH-005,AUDIT-MECH-012,SELECTION REQUIRED,SELECTION REQUIRED,NOT EXECUTED,PASS only if executed AUDIT-MECH-012 configuration-bound evidence demonstrates: The HR-V0 arm architecture shall use exact manufacturer-coordinate frame geometry.,NOT EXECUTED,NOT EXECUTED,SELECTION REQUIRED,NOT EXECUTED,SELECTION REQUIRED,NOT APPROVED,"PRELIMINARY - NOT APPROVED FOR FABRICATION, CONNECTION, MOTION, OR ENERGIZATION"
MECH-005-A03,MECH-005,AUDIT-MECH-012,SELECTION REQUIRED,SELECTION REQUIRED,NOT EXECUTED,PASS only if executed AUDIT-MECH-012 configuration-bound evidence demonstrates: The HR-V0 arm architecture shall define every controlled body frame.,NOT EXECUTED,NOT EXECUTED,SELECTION REQUIRED,NOT EXECUTED,SELECTION REQUIRED,NOT APPROVED,"PRELIMINARY - NOT APPROVED FOR FABRICATION, CONNECTION, MOTION, OR ENERGIZATION"
MECH-005-A04,MECH-005,AUDIT-MECH-012,SELECTION REQUIRED,SELECTION REQUIRED,NOT EXECUTED,PASS only if executed AUDIT-MECH-012 configuration-bound evidence demonstrates: The HR-V0 arm architecture shall define every controlled output frame.,NOT EXECUTED,NOT EXECUTED,SELECTION REQUIRED,NOT EXECUTED,SELECTION REQUIRED,NOT APPROVED,"PRELIMINARY - NOT APPROVED FOR FABRICATION, CONNECTION, MOTION, OR ENERGIZATION"
MECH-005-A05,MECH-005,AUDIT-MECH-012,SELECTION REQUIRED,SELECTION REQUIRED,NOT EXECUTED,PASS only if executed AUDIT-MECH-012 configuration-bound evidence demonstrates: The HR-V0 arm architecture shall define every controlled link transform.,NOT EXECUTED,NOT EXECUTED,SELECTION REQUIRED,NOT EXECUTED,SELECTION REQUIRED,NOT APPROVED,"PRELIMINARY - NOT APPROVED FOR FABRICATION, CONNECTION, MOTION, OR ENERGIZATION"
MECH-005-A06,MECH-005,AUDIT-MECH-012,SELECTION REQUIRED,SELECTION REQUIRED,NOT EXECUTED,PASS only if executed AUDIT-MECH-012 configuration-bound evidence demonstrates: The HR-V0 arm architecture shall define every controlled gripper transform.,NOT EXECUTED,NOT EXECUTED,SELECTION REQUIRED,NOT EXECUTED,SELECTION REQUIRED,NOT APPROVED,"PRELIMINARY - NOT APPROVED FOR FABRICATION, CONNECTION, MOTION, OR ENERGIZATION"
MECH-005-A07,MECH-005,AUDIT-MECH-012,SELECTION REQUIRED,SELECTION REQUIRED,NOT EXECUTED,PASS only if executed AUDIT-MECH-012 configuration-bound evidence demonstrates: The released native arm assembly shall prove J1 axis orientation.,NOT EXECUTED,NOT EXECUTED,SELECTION REQUIRED,NOT EXECUTED,SELECTION REQUIRED,NOT APPROVED,"PRELIMINARY - NOT APPROVED FOR FABRICATION, CONNECTION, MOTION, OR ENERGIZATION"
MECH-005-A08,MECH-005,AUDIT-MECH-012,SELECTION REQUIRED,SELECTION REQUIRED,NOT EXECUTED,PASS only if executed AUDIT-MECH-012 configuration-bound evidence demonstrates: The released native arm assembly shall prove J2 axis orientation.,NOT EXECUTED,NOT EXECUTED,SELECTION REQUIRED,NOT EXECUTED,SELECTION REQUIRED,NOT APPROVED,"PRELIMINARY - NOT APPROVED FOR FABRICATION, CONNECTION, MOTION, OR ENERGIZATION"
MECH-005-A09,MECH-005,AUDIT-MECH-012,SELECTION REQUIRED,SELECTION REQUIRED,NOT EXECUTED,PASS only if executed AUDIT-MECH-012 configuration-bound evidence demonstrates: The released native arm assembly shall prove J1-to-J2 axis parallelism.,NOT EXECUTED,NOT EXECUTED,SELECTION REQUIRED,NOT EXECUTED,SELECTION REQUIRED,NOT APPROVED,"PRELIMINARY - NOT APPROVED FOR FABRICATION, CONNECTION, MOTION, OR ENERGIZATION"
MECH-005-A10,MECH-005,AUDIT-MECH-012,SELECTION REQUIRED,SELECTION REQUIRED,NOT EXECUTED,PASS only if executed AUDIT-MECH-012 configuration-bound evidence demonstrates: The released native arm assembly shall prove controlled link lengths.,NOT EXECUTED,NOT EXECUTED,SELECTION REQUIRED,NOT EXECUTED,SELECTION REQUIRED,NOT APPROVED,"PRELIMINARY - NOT APPROVED FOR FABRICATION, CONNECTION, MOTION, OR ENERGIZATION"
MECH-005-A11,MECH-005,AUDIT-MECH-012,SELECTION REQUIRED,SELECTION REQUIRED,NOT EXECUTED,PASS only if executed AUDIT-MECH-012 configuration-bound evidence demonstrates: The released native arm assembly shall prove collision clearance over the released range.,NOT EXECUTED,NOT EXECUTED,SELECTION REQUIRED,NOT EXECUTED,SELECTION REQUIRED,NOT APPROVED,"PRELIMINARY - NOT APPROVED FOR FABRICATION, CONNECTION, MOTION, OR ENERGIZATION"
MECH-005-A12,MECH-005,AUDIT-MECH-012,SELECTION REQUIRED,SELECTION REQUIRED,NOT EXECUTED,PASS only if executed AUDIT-MECH-012 configuration-bound evidence demonstrates: The released native arm assembly shall prove required tool access.,NOT EXECUTED,NOT EXECUTED,SELECTION REQUIRED,NOT EXECUTED,SELECTION REQUIRED,NOT APPROVED,"PRELIMINARY - NOT APPROVED FOR FABRICATION, CONNECTION, MOTION, OR ENERGIZATION"
MECH-005-A13,MECH-005,AUDIT-MECH-012,SELECTION REQUIRED,SELECTION REQUIRED,NOT EXECUTED,PASS only if executed AUDIT-MECH-012 configuration-bound evidence demonstrates: The released native arm assembly shall define every fastener stack.,NOT EXECUTED,NOT EXECUTED,SELECTION REQUIRED,NOT EXECUTED,SELECTION REQUIRED,NOT APPROVED,"PRELIMINARY - NOT APPROVED FOR FABRICATION, CONNECTION, MOTION, OR ENERGIZATION"
MECH-005-A14,MECH-005,AUDIT-MECH-012,SELECTION REQUIRED,SELECTION REQUIRED,NOT EXECUTED,PASS only if executed AUDIT-MECH-012 configuration-bound evidence demonstrates: The released native arm assembly shall prove required cable space.,NOT EXECUTED,NOT EXECUTED,SELECTION REQUIRED,NOT EXECUTED,SELECTION REQUIRED,NOT APPROVED,"PRELIMINARY - NOT APPROVED FOR FABRICATION, CONNECTION, MOTION, OR ENERGIZATION"
MECH-005-A15,MECH-005,AUDIT-MECH-012,SELECTION REQUIRED,SELECTION REQUIRED,NOT EXECUTED,PASS only if executed AUDIT-MECH-012 configuration-bound evidence demonstrates: The released native arm assembly shall define the structural load path.,NOT EXECUTED,NOT EXECUTED,SELECTION REQUIRED,NOT EXECUTED,SELECTION REQUIRED,NOT APPROVED,"PRELIMINARY - NOT APPROVED FOR FABRICATION, CONNECTION, MOTION, OR ENERGIZATION"
MECH-005-A16,MECH-005,AUDIT-MECH-012,SELECTION REQUIRED,SELECTION REQUIRED,NOT EXECUTED,PASS only if executed AUDIT-MECH-012 configuration-bound evidence demonstrates: The released native arm assembly shall close the released tolerance stack.,NOT EXECUTED,NOT EXECUTED,SELECTION REQUIRED,NOT EXECUTED,SELECTION REQUIRED,NOT APPROVED,"PRELIMINARY - NOT APPROVED FOR FABRICATION, CONNECTION, MOTION, OR ENERGIZATION"
MECH-005-A17,MECH-005,AUDIT-MECH-012,SELECTION REQUIRED,SELECTION REQUIRED,NOT EXECUTED,PASS only if executed AUDIT-MECH-012 configuration-bound evidence demonstrates: Any superseded MECH-005 transform shall inhibit quotation.,NOT EXECUTED,NOT EXECUTED,SELECTION REQUIRED,NOT EXECUTED,SELECTION REQUIRED,NOT APPROVED,"PRELIMINARY - NOT APPROVED FOR FABRICATION, CONNECTION, MOTION, OR ENERGIZATION"
MECH-005-A18,MECH-005,AUDIT-MECH-012,SELECTION REQUIRED,SELECTION REQUIRED,NOT EXECUTED,PASS only if executed AUDIT-MECH-012 configuration-bound evidence demonstrates: Any unresolved MECH-005 transform shall inhibit quotation.,NOT EXECUTED,NOT EXECUTED,SELECTION REQUIRED,NOT EXECUTED,SELECTION REQUIRED,NOT APPROVED,"PRELIMINARY - NOT APPROVED FOR FABRICATION, CONNECTION, MOTION, OR ENERGIZATION"
MECH-005-A19,MECH-005,AUDIT-MECH-012,SELECTION REQUIRED,SELECTION REQUIRED,NOT EXECUTED,PASS only if executed AUDIT-MECH-012 configuration-bound evidence demonstrates: Any superseded MECH-005 transform shall inhibit fabrication.,NOT EXECUTED,NOT EXECUTED,SELECTION REQUIRED,NOT EXECUTED,SELECTION REQUIRED,NOT APPROVED,"PRELIMINARY - NOT APPROVED FOR FABRICATION, CONNECTION, MOTION, OR ENERGIZATION"
MECH-005-A20,MECH-005,AUDIT-MECH-012,SELECTION REQUIRED,SELECTION REQUIRED,NOT EXECUTED,PASS only if executed AUDIT-MECH-012 configuration-bound evidence demonstrates: Any superseded MECH-005 transform shall inhibit assembly.,NOT EXECUTED,NOT EXECUTED,SELECTION REQUIRED,NOT EXECUTED,SELECTION REQUIRED,NOT APPROVED,"PRELIMINARY - NOT APPROVED FOR FABRICATION, CONNECTION, MOTION, OR ENERGIZATION"
MECH-005-A21,MECH-005,AUDIT-MECH-012,SELECTION REQUIRED,SELECTION REQUIRED,NOT EXECUTED,PASS only if executed AUDIT-MECH-012 configuration-bound evidence demonstrates: Any superseded MECH-005 transform shall inhibit energization.,NOT EXECUTED,NOT EXECUTED,SELECTION REQUIRED,NOT EXECUTED,SELECTION REQUIRED,NOT APPROVED,"PRELIMINARY - NOT APPROVED FOR FABRICATION, CONNECTION, MOTION, OR ENERGIZATION"
MECH-005-A22,MECH-005,AUDIT-MECH-012,SELECTION REQUIRED,SELECTION REQUIRED,NOT EXECUTED,PASS only if executed AUDIT-MECH-012 configuration-bound evidence demonstrates: Any unresolved MECH-005 transform shall inhibit fabrication.,NOT EXECUTED,NOT EXECUTED,SELECTION REQUIRED,NOT EXECUTED,SELECTION REQUIRED,NOT APPROVED,"PRELIMINARY - NOT APPROVED FOR FABRICATION, CONNECTION, MOTION, OR ENERGIZATION"
MECH-005-A23,MECH-005,AUDIT-MECH-012,SELECTION REQUIRED,SELECTION REQUIRED,NOT EXECUTED,PASS only if executed AUDIT-MECH-012 configuration-bound evidence demonstrates: Any unresolved MECH-005 transform shall inhibit assembly.,NOT EXECUTED,NOT EXECUTED,SELECTION REQUIRED,NOT EXECUTED,SELECTION REQUIRED,NOT APPROVED,"PRELIMINARY - NOT APPROVED FOR FABRICATION, CONNECTION, MOTION, OR ENERGIZATION"
MECH-005-A24,MECH-005,AUDIT-MECH-012,SELECTION REQUIRED,SELECTION REQUIRED,NOT EXECUTED,PASS only if executed AUDIT-MECH-012 configuration-bound evidence demonstrates: Any unresolved MECH-005 transform shall inhibit energization.,NOT EXECUTED,NOT EXECUTED,SELECTION REQUIRED,NOT EXECUTED,SELECTION REQUIRED,NOT APPROVED,"PRELIMINARY - NOT APPROVED FOR FABRICATION, CONNECTION, MOTION, OR ENERGIZATION"
MECH-006-A01,MECH-006,INSPECT-MECH-013,SELECTION REQUIRED,SELECTION REQUIRED,NOT EXECUTED,PASS only if executed INSPECT-MECH-013 configuration-bound evidence demonstrates: The released HR-V0 J2 commanded limit shall remain below the first validated self-collision angle.,NOT EXECUTED,NOT EXECUTED,SELECTION REQUIRED,NOT EXECUTED,SELECTION REQUIRED,NOT APPROVED,"PRELIMINARY - NOT APPROVED FOR FABRICATION, CONNECTION, MOTION, OR ENERGIZATION"
MECH-006-A02,MECH-006,INSPECT-MECH-013,SELECTION REQUIRED,SELECTION REQUIRED,NOT EXECUTED,PASS only if executed INSPECT-MECH-013 configuration-bound evidence demonstrates: The independent J2 mechanical hard stop shall remain below the first validated self-collision angle.,NOT EXECUTED,NOT EXECUTED,SELECTION REQUIRED,NOT EXECUTED,SELECTION REQUIRED,NOT APPROVED,"PRELIMINARY - NOT APPROVED FOR FABRICATION, CONNECTION, MOTION, OR ENERGIZATION"
MECH-006-A03,MECH-006,INSPECT-MECH-013,SELECTION REQUIRED,SELECTION REQUIRED,NOT EXECUTED,PASS only if executed INSPECT-MECH-013 configuration-bound evidence demonstrates: The documented J2 collision margin shall exceed worst-case control-delay travel.,NOT EXECUTED,NOT EXECUTED,SELECTION REQUIRED,NOT EXECUTED,SELECTION REQUIRED,NOT APPROVED,"PRELIMINARY - NOT APPROVED FOR FABRICATION, CONNECTION, MOTION, OR ENERGIZATION"
MECH-006-A04,MECH-006,INSPECT-MECH-013,SELECTION REQUIRED,SELECTION REQUIRED,NOT EXECUTED,PASS only if executed INSPECT-MECH-013 configuration-bound evidence demonstrates: The documented J2 collision margin shall exceed worst-case stopping overtravel.,NOT EXECUTED,NOT EXECUTED,SELECTION REQUIRED,NOT EXECUTED,SELECTION REQUIRED,NOT APPROVED,"PRELIMINARY - NOT APPROVED FOR FABRICATION, CONNECTION, MOTION, OR ENERGIZATION"
MECH-006-A05,MECH-006,INSPECT-MECH-013,SELECTION REQUIRED,SELECTION REQUIRED,NOT EXECUTED,PASS only if executed INSPECT-MECH-013 configuration-bound evidence demonstrates: The documented J2 collision margin shall exceed worst-case backlash contribution.,NOT EXECUTED,NOT EXECUTED,SELECTION REQUIRED,NOT EXECUTED,SELECTION REQUIRED,NOT APPROVED,"PRELIMINARY - NOT APPROVED FOR FABRICATION, CONNECTION, MOTION, OR ENERGIZATION"
MECH-006-A06,MECH-006,INSPECT-MECH-013,SELECTION REQUIRED,SELECTION REQUIRED,NOT EXECUTED,PASS only if executed INSPECT-MECH-013 configuration-bound evidence demonstrates: The documented J2 collision margin shall exceed worst-case compliance contribution.,NOT EXECUTED,NOT EXECUTED,SELECTION REQUIRED,NOT EXECUTED,SELECTION REQUIRED,NOT APPROVED,"PRELIMINARY - NOT APPROVED FOR FABRICATION, CONNECTION, MOTION, OR ENERGIZATION"
MECH-006-A07,MECH-006,INSPECT-MECH-013,SELECTION REQUIRED,SELECTION REQUIRED,NOT EXECUTED,PASS only if executed INSPECT-MECH-013 configuration-bound evidence demonstrates: The documented J2 collision margin shall exceed worst-case build-tolerance contribution.,NOT EXECUTED,NOT EXECUTED,SELECTION REQUIRED,NOT EXECUTED,SELECTION REQUIRED,NOT APPROVED,"PRELIMINARY - NOT APPROVED FOR FABRICATION, CONNECTION, MOTION, OR ENERGIZATION"
MECH-006-A08,MECH-006,INSPECT-MECH-013,SELECTION REQUIRED,SELECTION REQUIRED,NOT EXECUTED,PASS only if executed INSPECT-MECH-013 configuration-bound evidence demonstrates: The documented J2 collision margin shall exceed worst-case measurement-uncertainty contribution.,NOT EXECUTED,NOT EXECUTED,SELECTION REQUIRED,NOT EXECUTED,SELECTION REQUIRED,NOT APPROVED,"PRELIMINARY - NOT APPROVED FOR FABRICATION, CONNECTION, MOTION, OR ENERGIZATION"
MECH-006-A09,MECH-006,INSPECT-MECH-013,SELECTION REQUIRED,SELECTION REQUIRED,NOT EXECUTED,"PASS only if executed INSPECT-MECH-013 configuration-bound evidence demonstrates: The combined MECH-006 margin shall remain positive in every permitted payload, speed and fault case.",NOT EXECUTED,NOT EXECUTED,SELECTION REQUIRED,NOT EXECUTED,SELECTION REQUIRED,NOT APPROVED,"PRELIMINARY - NOT APPROVED FOR FABRICATION, CONNECTION, MOTION, OR ENERGIZATION"
MECH-006-A10,MECH-006,INSPECT-MECH-013,SELECTION REQUIRED,SELECTION REQUIRED,NOT EXECUTED,PASS only if executed INSPECT-MECH-013 configuration-bound evidence demonstrates: An unmeasured MECH-006 margin shall inhibit actuator connection.,NOT EXECUTED,NOT EXECUTED,SELECTION REQUIRED,NOT EXECUTED,SELECTION REQUIRED,NOT APPROVED,"PRELIMINARY - NOT APPROVED FOR FABRICATION, CONNECTION, MOTION, OR ENERGIZATION"
MECH-006-A11,MECH-006,INSPECT-MECH-013,SELECTION REQUIRED,SELECTION REQUIRED,NOT EXECUTED,PASS only if executed INSPECT-MECH-013 configuration-bound evidence demonstrates: A nonpositive MECH-006 margin shall inhibit actuator connection.,NOT EXECUTED,NOT EXECUTED,SELECTION REQUIRED,NOT EXECUTED,SELECTION REQUIRED,NOT APPROVED,"PRELIMINARY - NOT APPROVED FOR FABRICATION, CONNECTION, MOTION, OR ENERGIZATION"
MECH-006-A12,MECH-006,INSPECT-MECH-013,SELECTION REQUIRED,SELECTION REQUIRED,NOT EXECUTED,PASS only if executed INSPECT-MECH-013 configuration-bound evidence demonstrates: An unmeasured MECH-006 margin shall inhibit energization.,NOT EXECUTED,NOT EXECUTED,SELECTION REQUIRED,NOT EXECUTED,SELECTION REQUIRED,NOT APPROVED,"PRELIMINARY - NOT APPROVED FOR FABRICATION, CONNECTION, MOTION, OR ENERGIZATION"
MECH-006-A13,MECH-006,INSPECT-MECH-013,SELECTION REQUIRED,SELECTION REQUIRED,NOT EXECUTED,PASS only if executed INSPECT-MECH-013 configuration-bound evidence demonstrates: A nonpositive MECH-006 margin shall inhibit energization.,NOT EXECUTED,NOT EXECUTED,SELECTION REQUIRED,NOT EXECUTED,SELECTION REQUIRED,NOT APPROVED,"PRELIMINARY - NOT APPROVED FOR FABRICATION, CONNECTION, MOTION, OR ENERGIZATION"
PROD-001-A01,PROD-001,INSPECT-PROD-001,SELECTION REQUIRED,SELECTION REQUIRED,NOT EXECUTED,PASS only if executed INSPECT-PROD-001 configuration-bound evidence demonstrates: The HR-30 neutral-pose drawing height shall be 762 mm nominal.,NOT EXECUTED,NOT EXECUTED,SELECTION REQUIRED,NOT EXECUTED,SELECTION REQUIRED,NOT APPROVED,"PRELIMINARY - NOT APPROVED FOR FABRICATION, CONNECTION, MOTION, OR ENERGIZATION"
PROD-001-A02,PROD-001,INSPECT-PROD-001,SELECTION REQUIRED,SELECTION REQUIRED,NOT EXECUTED,PASS only if executed INSPECT-PROD-001 configuration-bound evidence demonstrates: The measured height of every released HR-30 shell configuration shall remain from 740 mm through 800 mm.,NOT EXECUTED,NOT EXECUTED,SELECTION REQUIRED,NOT EXECUTED,SELECTION REQUIRED,NOT APPROVED,"PRELIMINARY - NOT APPROVED FOR FABRICATION, CONNECTION, MOTION, OR ENERGIZATION"
PROD-002-A01,PROD-002,TEST-MASS-001,SELECTION REQUIRED,SELECTION REQUIRED,NOT EXECUTED,PASS only if executed TEST-MASS-001 configuration-bound evidence demonstrates: The HR-30 tethered-mass design target shall be 8.0 kg.,NOT EXECUTED,NOT EXECUTED,SELECTION REQUIRED,NOT EXECUTED,SELECTION REQUIRED,NOT APPROVED,"PRELIMINARY - NOT APPROVED FOR FABRICATION, CONNECTION, MOTION, OR ENERGIZATION"
PROD-002-A02,PROD-002,TEST-MASS-001,SELECTION REQUIRED,SELECTION REQUIRED,NOT EXECUTED,PASS only if executed TEST-MASS-001 configuration-bound evidence demonstrates: The measured HR-30 tethered mass shall not exceed 10.0 kg.,NOT EXECUTED,NOT EXECUTED,SELECTION REQUIRED,NOT EXECUTED,SELECTION REQUIRED,NOT APPROVED,"PRELIMINARY - NOT APPROVED FOR FABRICATION, CONNECTION, MOTION, OR ENERGIZATION"
PROD-005-A01,PROD-005,AUDIT-PROD-001,SELECTION REQUIRED,SELECTION REQUIRED,NOT EXECUTED,"PASS only if executed AUDIT-PROD-001 configuration-bound evidence demonstrates: The full-height robot shall remain restrained throughout HR-30B, HR-30C and HR-30D testing.",NOT EXECUTED,NOT EXECUTED,SELECTION REQUIRED,NOT EXECUTED,SELECTION REQUIRED,NOT APPROVED,"PRELIMINARY - NOT APPROVED FOR FABRICATION, CONNECTION, MOTION, OR ENERGIZATION"
PROD-005-A02,PROD-005,AUDIT-PROD-001,SELECTION REQUIRED,SELECTION REQUIRED,NOT EXECUTED,PASS only if executed AUDIT-PROD-001 configuration-bound evidence demonstrates: The full-height robot shall operate untethered only after the HR-30W release gate is approved.,NOT EXECUTED,NOT EXECUTED,SELECTION REQUIRED,NOT EXECUTED,SELECTION REQUIRED,NOT APPROVED,"PRELIMINARY - NOT APPROVED FOR FABRICATION, CONNECTION, MOTION, OR ENERGIZATION"
PROD-006-A01,PROD-006,INSPECT-PROD-003,SELECTION REQUIRED,SELECTION REQUIRED,NOT EXECUTED,PASS only if executed INSPECT-PROD-003 configuration-bound evidence demonstrates: Each external cover edge shall have a radius of at least 3 mm.,NOT EXECUTED,NOT EXECUTED,SELECTION REQUIRED,NOT EXECUTED,SELECTION REQUIRED,NOT APPROVED,"PRELIMINARY - NOT APPROVED FOR FABRICATION, CONNECTION, MOTION, OR ENERGIZATION"
PROD-006-A02,PROD-006,INSPECT-PROD-003,SELECTION REQUIRED,SELECTION REQUIRED,NOT EXECUTED,PASS only if executed INSPECT-PROD-003 configuration-bound evidence demonstrates: External covers shall prevent normal access to powered pinch points.,NOT EXECUTED,NOT EXECUTED,SELECTION REQUIRED,NOT EXECUTED,SELECTION REQUIRED,NOT APPROVED,"PRELIMINARY - NOT APPROVED FOR FABRICATION, CONNECTION, MOTION, OR ENERGIZATION"
PROD-008-A01,PROD-008,TEST-ELEC-030,SELECTION REQUIRED,SELECTION REQUIRED,NOT EXECUTED,PASS only if executed TEST-ELEC-030 configuration-bound evidence demonstrates: HR-30A actuator power shall be supplied through a tether at extra-low voltage.,NOT EXECUTED,NOT EXECUTED,SELECTION REQUIRED,NOT EXECUTED,SELECTION REQUIRED,NOT APPROVED,"PRELIMINARY - NOT APPROVED FOR FABRICATION, CONNECTION, MOTION, OR ENERGIZATION"
PROD-008-A02,PROD-008,TEST-ELEC-030,SELECTION REQUIRED,SELECTION REQUIRED,NOT EXECUTED,PASS only if executed TEST-ELEC-030 configuration-bound evidence demonstrates: HR-30A shall contain no onboard battery.,NOT EXECUTED,NOT EXECUTED,SELECTION REQUIRED,NOT EXECUTED,SELECTION REQUIRED,NOT APPROVED,"PRELIMINARY - NOT APPROVED FOR FABRICATION, CONNECTION, MOTION, OR ENERGIZATION"
PROD-009-A01,PROD-009,TEST-UI-001,SELECTION REQUIRED,SELECTION REQUIRED,NOT EXECUTED,PASS only if executed TEST-UI-001 configuration-bound evidence demonstrates: The actuator-power state shall be visibly distinguishable from at least 3 m.,NOT EXECUTED,NOT EXECUTED,SELECTION REQUIRED,NOT EXECUTED,SELECTION REQUIRED,NOT APPROVED,"PRELIMINARY - NOT APPROVED FOR FABRICATION, CONNECTION, MOTION, OR ENERGIZATION"
PROD-009-A02,PROD-009,TEST-UI-001,SELECTION REQUIRED,SELECTION REQUIRED,NOT EXECUTED,PASS only if executed TEST-UI-001 configuration-bound evidence demonstrates: The machine-fault state shall be visibly distinguishable from at least 3 m.,NOT EXECUTED,NOT EXECUTED,SELECTION REQUIRED,NOT EXECUTED,SELECTION REQUIRED,NOT APPROVED,"PRELIMINARY - NOT APPROVED FOR FABRICATION, CONNECTION, MOTION, OR ENERGIZATION"
PROD-010-A01,PROD-010,TEST-PRIV-001,SELECTION REQUIRED,SELECTION REQUIRED,NOT EXECUTED,PASS only if executed TEST-PRIV-001 configuration-bound evidence demonstrates: Any enabled camera-recording capability shall have a visible privacy indication.,NOT EXECUTED,NOT EXECUTED,SELECTION REQUIRED,NOT EXECUTED,SELECTION REQUIRED,NOT APPROVED,"PRELIMINARY - NOT APPROVED FOR FABRICATION, CONNECTION, MOTION, OR ENERGIZATION"
PROD-010-A02,PROD-010,TEST-PRIV-001,SELECTION REQUIRED,SELECTION REQUIRED,NOT EXECUTED,PASS only if executed TEST-PRIV-001 configuration-bound evidence demonstrates: The privacy indication shall be driven by camera hardware power state rather than application software state.,NOT EXECUTED,NOT EXECUTED,SELECTION REQUIRED,NOT EXECUTED,SELECTION REQUIRED,NOT APPROVED,"PRELIMINARY - NOT APPROVED FOR FABRICATION, CONNECTION, MOTION, OR ENERGIZATION"
PROD-011-A01,PROD-011,AUDIT-PROD-002,SELECTION REQUIRED,SELECTION REQUIRED,NOT EXECUTED,PASS only if executed AUDIT-PROD-002 configuration-bound evidence demonstrates: The released operating boundary shall identify the system as adult-operated experimental robotic machinery.,NOT EXECUTED,NOT EXECUTED,SELECTION REQUIRED,NOT EXECUTED,SELECTION REQUIRED,NOT APPROVED,"PRELIMINARY - NOT APPROVED FOR FABRICATION, CONNECTION, MOTION, OR ENERGIZATION"
PROD-011-A02,PROD-011,AUDIT-PROD-002,SELECTION REQUIRED,SELECTION REQUIRED,NOT EXECUTED,PASS only if executed AUDIT-PROD-002 configuration-bound evidence demonstrates: The released operating boundary shall state that the system is not a toy.,NOT EXECUTED,NOT EXECUTED,SELECTION REQUIRED,NOT EXECUTED,SELECTION REQUIRED,NOT APPROVED,"PRELIMINARY - NOT APPROVED FOR FABRICATION, CONNECTION, MOTION, OR ENERGIZATION"
PROD-011-A03,PROD-011,AUDIT-PROD-002,SELECTION REQUIRED,SELECTION REQUIRED,NOT EXECUTED,PASS only if executed AUDIT-PROD-002 configuration-bound evidence demonstrates: The released operating boundary shall state that the system is not approved for unsupervised consumer use.,NOT EXECUTED,NOT EXECUTED,SELECTION REQUIRED,NOT EXECUTED,SELECTION REQUIRED,NOT APPROVED,"PRELIMINARY - NOT APPROVED FOR FABRICATION, CONNECTION, MOTION, OR ENERGIZATION"
PROD-011-A04,PROD-011,AUDIT-PROD-002,SELECTION REQUIRED,SELECTION REQUIRED,NOT EXECUTED,PASS only if executed AUDIT-PROD-002 configuration-bound evidence demonstrates: The released operating boundary shall state that legal classification remains unresolved until accepted applicability evidence exists.,NOT EXECUTED,NOT EXECUTED,SELECTION REQUIRED,NOT EXECUTED,SELECTION REQUIRED,NOT APPROVED,"PRELIMINARY - NOT APPROVED FOR FABRICATION, CONNECTION, MOTION, OR ENERGIZATION"
SAFE-003-A01,SAFE-003,ANALYSIS-SAFE-001,SELECTION REQUIRED,SELECTION REQUIRED,NOT EXECUTED,PASS only if executed ANALYSIS-SAFE-001 configuration-bound evidence demonstrates: Each control-loss stop credited with reducing risk shall have a qualified ISO 12100 risk determination.,NOT EXECUTED,NOT EXECUTED,SELECTION REQUIRED,NOT EXECUTED,SELECTION REQUIRED,NOT APPROVED,"PRELIMINARY - NOT APPROVED FOR FABRICATION, CONNECTION, MOTION, OR ENERGIZATION"
SAFE-003-A02,SAFE-003,ANALYSIS-SAFE-001,SELECTION REQUIRED,SELECTION REQUIRED,NOT EXECUTED,PASS only if executed ANALYSIS-SAFE-001 configuration-bound evidence demonstrates: Each control-loss stop credited with reducing risk shall have a separately validated ISO 13849-1:2023 or IEC 62061 integrity allocation.,NOT EXECUTED,NOT EXECUTED,SELECTION REQUIRED,NOT EXECUTED,SELECTION REQUIRED,NOT APPROVED,"PRELIMINARY - NOT APPROVED FOR FABRICATION, CONNECTION, MOTION, OR ENERGIZATION"
SAFE-003-A03,SAFE-003,ANALYSIS-SAFE-001,SELECTION REQUIRED,SELECTION REQUIRED,NOT EXECUTED,PASS only if executed ANALYSIS-SAFE-001 configuration-bound evidence demonstrates: The ordinary HR-V0 heartbeat controller shall receive zero safety credit.,NOT EXECUTED,NOT EXECUTED,SELECTION REQUIRED,NOT EXECUTED,SELECTION REQUIRED,NOT APPROVED,"PRELIMINARY - NOT APPROVED FOR FABRICATION, CONNECTION, MOTION, OR ENERGIZATION"
SAFE-003-A04,SAFE-003,ANALYSIS-SAFE-001,SELECTION REQUIRED,SELECTION REQUIRED,NOT EXECUTED,PASS only if executed ANALYSIS-SAFE-001 configuration-bound evidence demonstrates: HR-30 shall select a safety-rated control-loss architecture before motion release.,NOT EXECUTED,NOT EXECUTED,SELECTION REQUIRED,NOT EXECUTED,SELECTION REQUIRED,NOT APPROVED,"PRELIMINARY - NOT APPROVED FOR FABRICATION, CONNECTION, MOTION, OR ENERGIZATION"
SAFE-003-A05,SAFE-003,ANALYSIS-SAFE-001,SELECTION REQUIRED,SELECTION REQUIRED,NOT EXECUTED,PASS only if executed ANALYSIS-SAFE-001 configuration-bound evidence demonstrates: Any HR-V0 configuration whose fixed guard cannot contain assumed watchdog failure shall select a safety-rated control-loss architecture before motion release.,NOT EXECUTED,NOT EXECUTED,SELECTION REQUIRED,NOT EXECUTED,SELECTION REQUIRED,NOT APPROVED,"PRELIMINARY - NOT APPROVED FOR FABRICATION, CONNECTION, MOTION, OR ENERGIZATION"
SAFE-003-A06,SAFE-003,ANALYSIS-SAFE-001,SELECTION REQUIRED,SELECTION REQUIRED,NOT EXECUTED,PASS only if executed ANALYSIS-SAFE-001 configuration-bound evidence demonstrates: The ordinary HR-V0 heartbeat relays shall receive zero safety credit.,NOT EXECUTED,NOT EXECUTED,SELECTION REQUIRED,NOT EXECUTED,SELECTION REQUIRED,NOT APPROVED,"PRELIMINARY - NOT APPROVED FOR FABRICATION, CONNECTION, MOTION, OR ENERGIZATION"
SAFE-003-A07,SAFE-003,ANALYSIS-SAFE-001,SELECTION REQUIRED,SELECTION REQUIRED,NOT EXECUTED,PASS only if executed ANALYSIS-SAFE-001 configuration-bound evidence demonstrates: The ordinary HR-V0 heartbeat drivers shall receive zero safety credit.,NOT EXECUTED,NOT EXECUTED,SELECTION REQUIRED,NOT EXECUTED,SELECTION REQUIRED,NOT APPROVED,"PRELIMINARY - NOT APPROVED FOR FABRICATION, CONNECTION, MOTION, OR ENERGIZATION"
SAFE-003-A08,SAFE-003,ANALYSIS-SAFE-001,SELECTION REQUIRED,SELECTION REQUIRED,NOT EXECUTED,PASS only if executed ANALYSIS-SAFE-001 configuration-bound evidence demonstrates: The ordinary HR-V0 heartbeat firmware shall receive zero safety credit.,NOT EXECUTED,NOT EXECUTED,SELECTION REQUIRED,NOT EXECUTED,SELECTION REQUIRED,NOT APPROVED,"PRELIMINARY - NOT APPROVED FOR FABRICATION, CONNECTION, MOTION, OR ENERGIZATION"
SAFE-003-A09,SAFE-003,ANALYSIS-SAFE-001,SELECTION REQUIRED,SELECTION REQUIRED,NOT EXECUTED,PASS only if executed ANALYSIS-SAFE-001 configuration-bound evidence demonstrates: The ordinary HR-V0 bus watchdog shall receive zero safety credit.,NOT EXECUTED,NOT EXECUTED,SELECTION REQUIRED,NOT EXECUTED,SELECTION REQUIRED,NOT APPROVED,"PRELIMINARY - NOT APPROVED FOR FABRICATION, CONNECTION, MOTION, OR ENERGIZATION"
SAFE-003-A10,SAFE-003,ANALYSIS-SAFE-001,SELECTION REQUIRED,SELECTION REQUIRED,NOT EXECUTED,PASS only if executed ANALYSIS-SAFE-001 configuration-bound evidence demonstrates: HR-30 shall validate its selected safety-rated control-loss architecture before motion release.,NOT EXECUTED,NOT EXECUTED,SELECTION REQUIRED,NOT EXECUTED,SELECTION REQUIRED,NOT APPROVED,"PRELIMINARY - NOT APPROVED FOR FABRICATION, CONNECTION, MOTION, OR ENERGIZATION"
SAFE-003-A11,SAFE-003,ANALYSIS-SAFE-001,SELECTION REQUIRED,SELECTION REQUIRED,NOT EXECUTED,PASS only if executed ANALYSIS-SAFE-001 configuration-bound evidence demonstrates: Any HR-V0 configuration whose fixed guard cannot contain assumed watchdog failure shall validate its selected safety-rated control-loss architecture before motion release.,NOT EXECUTED,NOT EXECUTED,SELECTION REQUIRED,NOT EXECUTED,SELECTION REQUIRED,NOT APPROVED,"PRELIMINARY - NOT APPROVED FOR FABRICATION, CONNECTION, MOTION, OR ENERGIZATION"
SAFE-004-A01,SAFE-004,INSPECT-SAFE-001,SELECTION REQUIRED,SELECTION REQUIRED,NOT EXECUTED,PASS only if executed INSPECT-SAFE-001 configuration-bound evidence demonstrates: Fixed shielding shall be installed before any powered HR-V0 fixture test.,NOT EXECUTED,NOT EXECUTED,SELECTION REQUIRED,NOT EXECUTED,SELECTION REQUIRED,NOT APPROVED,"PRELIMINARY - NOT APPROVED FOR FABRICATION, CONNECTION, MOTION, OR ENERGIZATION"
SAFE-004-A02,SAFE-004,INSPECT-SAFE-001,SELECTION REQUIRED,SELECTION REQUIRED,NOT EXECUTED,PASS only if executed INSPECT-SAFE-001 configuration-bound evidence demonstrates: A controlled 600 mm exclusion boundary shall be established before any powered HR-V0 fixture test.,NOT EXECUTED,NOT EXECUTED,SELECTION REQUIRED,NOT EXECUTED,SELECTION REQUIRED,NOT APPROVED,"PRELIMINARY - NOT APPROVED FOR FABRICATION, CONNECTION, MOTION, OR ENERGIZATION"
SAFE-007-A01,SAFE-007,INSPECT-MECH-002,SELECTION REQUIRED,SELECTION REQUIRED,NOT EXECUTED,PASS only if executed INSPECT-MECH-002 configuration-bound evidence demonstrates: Each powered joint shall have independently enforced software limits.,NOT EXECUTED,NOT EXECUTED,SELECTION REQUIRED,NOT EXECUTED,SELECTION REQUIRED,NOT APPROVED,"PRELIMINARY - NOT APPROVED FOR FABRICATION, CONNECTION, MOTION, OR ENERGIZATION"
SAFE-007-A02,SAFE-007,INSPECT-MECH-002,SELECTION REQUIRED,SELECTION REQUIRED,NOT EXECUTED,PASS only if executed INSPECT-MECH-002 configuration-bound evidence demonstrates: Each powered joint shall have mechanical hard stops that engage before any cable contact.,NOT EXECUTED,NOT EXECUTED,SELECTION REQUIRED,NOT EXECUTED,SELECTION REQUIRED,NOT APPROVED,"PRELIMINARY - NOT APPROVED FOR FABRICATION, CONNECTION, MOTION, OR ENERGIZATION"
SAFE-007-A03,SAFE-007,INSPECT-MECH-002,SELECTION REQUIRED,SELECTION REQUIRED,NOT EXECUTED,PASS only if executed INSPECT-MECH-002 configuration-bound evidence demonstrates: Each powered joint shall have mechanical hard stops that engage before any shield contact.,NOT EXECUTED,NOT EXECUTED,SELECTION REQUIRED,NOT EXECUTED,SELECTION REQUIRED,NOT APPROVED,"PRELIMINARY - NOT APPROVED FOR FABRICATION, CONNECTION, MOTION, OR ENERGIZATION"
SAFE-008-A01,SAFE-008,TEST-SAFE-003,SELECTION REQUIRED,SELECTION REQUIRED,NOT EXECUTED,PASS only if executed TEST-SAFE-003 configuration-bound evidence demonstrates: Restart eligibility after a safety or diagnostic dropout shall require removal of the initiating cause.,NOT EXECUTED,NOT EXECUTED,SELECTION REQUIRED,NOT EXECUTED,SELECTION REQUIRED,NOT APPROVED,"PRELIMINARY - NOT APPROVED FOR FABRICATION, CONNECTION, MOTION, OR ENERGIZATION"
SAFE-008-A02,SAFE-008,TEST-SAFE-003,SELECTION REQUIRED,SELECTION REQUIRED,NOT EXECUTED,PASS only if executed TEST-SAFE-003 configuration-bound evidence demonstrates: Restart eligibility after a safety or diagnostic dropout shall require a valid monitored physical RESET action.,NOT EXECUTED,NOT EXECUTED,SELECTION REQUIRED,NOT EXECUTED,SELECTION REQUIRED,NOT APPROVED,"PRELIMINARY - NOT APPROVED FOR FABRICATION, CONNECTION, MOTION, OR ENERGIZATION"
SAFE-008-A03,SAFE-008,TEST-SAFE-003,SELECTION REQUIRED,SELECTION REQUIRED,NOT EXECUTED,PASS only if executed TEST-SAFE-003 configuration-bound evidence demonstrates: Restart eligibility after RESET shall require a later distinct physical ARM action.,NOT EXECUTED,NOT EXECUTED,SELECTION REQUIRED,NOT EXECUTED,SELECTION REQUIRED,NOT APPROVED,"PRELIMINARY - NOT APPROVED FOR FABRICATION, CONNECTION, MOTION, OR ENERGIZATION"
SAFE-008-A04,SAFE-008,TEST-SAFE-003,SELECTION REQUIRED,SELECTION REQUIRED,NOT EXECUTED,PASS only if executed TEST-SAFE-003 configuration-bound evidence demonstrates: RESET shall not command torque.,NOT EXECUTED,NOT EXECUTED,SELECTION REQUIRED,NOT EXECUTED,SELECTION REQUIRED,NOT APPROVED,"PRELIMINARY - NOT APPROVED FOR FABRICATION, CONNECTION, MOTION, OR ENERGIZATION"
SAFE-008-A05,SAFE-008,TEST-SAFE-003,SELECTION REQUIRED,SELECTION REQUIRED,NOT EXECUTED,PASS only if executed TEST-SAFE-003 configuration-bound evidence demonstrates: Motion after a safety or diagnostic dropout shall require a fresh validated trajectory.,NOT EXECUTED,NOT EXECUTED,SELECTION REQUIRED,NOT EXECUTED,SELECTION REQUIRED,NOT APPROVED,"PRELIMINARY - NOT APPROVED FOR FABRICATION, CONNECTION, MOTION, OR ENERGIZATION"
SAFE-008-A06,SAFE-008,TEST-SAFE-003,SELECTION REQUIRED,SELECTION REQUIRED,NOT EXECUTED,PASS only if executed TEST-SAFE-003 configuration-bound evidence demonstrates: RESET shall not command motion.,NOT EXECUTED,NOT EXECUTED,SELECTION REQUIRED,NOT EXECUTED,SELECTION REQUIRED,NOT APPROVED,"PRELIMINARY - NOT APPROVED FOR FABRICATION, CONNECTION, MOTION, OR ENERGIZATION"
SAFE-008-A07,SAFE-008,TEST-SAFE-003,SELECTION REQUIRED,SELECTION REQUIRED,NOT EXECUTED,PASS only if executed TEST-SAFE-003 configuration-bound evidence demonstrates: ARM shall not command torque.,NOT EXECUTED,NOT EXECUTED,SELECTION REQUIRED,NOT EXECUTED,SELECTION REQUIRED,NOT APPROVED,"PRELIMINARY - NOT APPROVED FOR FABRICATION, CONNECTION, MOTION, OR ENERGIZATION"
SAFE-008-A08,SAFE-008,TEST-SAFE-003,SELECTION REQUIRED,SELECTION REQUIRED,NOT EXECUTED,PASS only if executed TEST-SAFE-003 configuration-bound evidence demonstrates: ARM shall not command motion.,NOT EXECUTED,NOT EXECUTED,SELECTION REQUIRED,NOT EXECUTED,SELECTION REQUIRED,NOT APPROVED,"PRELIMINARY - NOT APPROVED FOR FABRICATION, CONNECTION, MOTION, OR ENERGIZATION"
SAFE-009-A01,SAFE-009,TEST-POWERLOSS-001,SELECTION REQUIRED,SELECTION REQUIRED,NOT EXECUTED,PASS only if executed TEST-POWERLOSS-001 configuration-bound evidence demonstrates: Each powered full-body development phase shall define its response to sudden drive-energy loss.,NOT EXECUTED,NOT EXECUTED,SELECTION REQUIRED,NOT EXECUTED,SELECTION REQUIRED,NOT APPROVED,"PRELIMINARY - NOT APPROVED FOR FABRICATION, CONNECTION, MOTION, OR ENERGIZATION"
SAFE-009-A02,SAFE-009,TEST-POWERLOSS-001,SELECTION REQUIRED,SELECTION REQUIRED,NOT EXECUTED,PASS only if executed TEST-POWERLOSS-001 configuration-bound evidence demonstrates: Each powered full-body development phase shall test sudden drive-energy loss in every released pose.,NOT EXECUTED,NOT EXECUTED,SELECTION REQUIRED,NOT EXECUTED,SELECTION REQUIRED,NOT APPROVED,"PRELIMINARY - NOT APPROVED FOR FABRICATION, CONNECTION, MOTION, OR ENERGIZATION"
SAFE-009-A03,SAFE-009,TEST-POWERLOSS-001,SELECTION REQUIRED,SELECTION REQUIRED,NOT EXECUTED,PASS only if executed TEST-POWERLOSS-001 configuration-bound evidence demonstrates: Each powered full-body development phase shall test sudden drive-energy loss in every released mode.,NOT EXECUTED,NOT EXECUTED,SELECTION REQUIRED,NOT EXECUTED,SELECTION REQUIRED,NOT APPROVED,"PRELIMINARY - NOT APPROVED FOR FABRICATION, CONNECTION, MOTION, OR ENERGIZATION"
SAFE-009-A04,SAFE-009,TEST-POWERLOSS-001,SELECTION REQUIRED,SELECTION REQUIRED,NOT EXECUTED,PASS only if executed TEST-POWERLOSS-001 configuration-bound evidence demonstrates: A full-body phase shall not reduce restraint dependence until its SAFE-009 response evidence is accepted.,NOT EXECUTED,NOT EXECUTED,SELECTION REQUIRED,NOT EXECUTED,SELECTION REQUIRED,NOT APPROVED,"PRELIMINARY - NOT APPROVED FOR FABRICATION, CONNECTION, MOTION, OR ENERGIZATION"
SAFE-010-A01,SAFE-010,INSPECT-GUARD-001,SELECTION REQUIRED,SELECTION REQUIRED,NOT EXECUTED,PASS only if executed INSPECT-GUARD-001 configuration-bound evidence demonstrates: A fixed tool-removable enclosure shall be installed before any actuator connection.,NOT EXECUTED,NOT EXECUTED,SELECTION REQUIRED,NOT EXECUTED,SELECTION REQUIRED,NOT APPROVED,"PRELIMINARY - NOT APPROVED FOR FABRICATION, CONNECTION, MOTION, OR ENERGIZATION"
SAFE-010-A02,SAFE-010,INSPECT-GUARD-001,SELECTION REQUIRED,SELECTION REQUIRED,NOT EXECUTED,PASS only if executed INSPECT-GUARD-001 configuration-bound evidence demonstrates: The enclosure inner boundary shall remain outside the released three-dimensional swept volume in every permitted pose and fault case.,NOT EXECUTED,NOT EXECUTED,SELECTION REQUIRED,NOT EXECUTED,SELECTION REQUIRED,NOT APPROVED,"PRELIMINARY - NOT APPROVED FOR FABRICATION, CONNECTION, MOTION, OR ENERGIZATION"
SAFE-010-A03,SAFE-010,INSPECT-GUARD-001,SELECTION REQUIRED,SELECTION REQUIRED,NOT EXECUTED,PASS only if executed INSPECT-GUARD-001 configuration-bound evidence demonstrates: The enclosure inner boundary shall remain outside the released worst-case stopping-travel volume in every permitted pose and fault case.,NOT EXECUTED,NOT EXECUTED,SELECTION REQUIRED,NOT EXECUTED,SELECTION REQUIRED,NOT APPROVED,"PRELIMINARY - NOT APPROVED FOR FABRICATION, CONNECTION, MOTION, OR ENERGIZATION"
SAFE-010-A04,SAFE-010,INSPECT-GUARD-001,SELECTION REQUIRED,SELECTION REQUIRED,NOT EXECUTED,PASS only if executed INSPECT-GUARD-001 configuration-bound evidence demonstrates: The enclosure inner boundary shall remain outside the released maximum-payload extent in every permitted pose and fault case.,NOT EXECUTED,NOT EXECUTED,SELECTION REQUIRED,NOT EXECUTED,SELECTION REQUIRED,NOT APPROVED,"PRELIMINARY - NOT APPROVED FOR FABRICATION, CONNECTION, MOTION, OR ENERGIZATION"
SAFE-010-A05,SAFE-010,INSPECT-GUARD-001,SELECTION REQUIRED,SELECTION REQUIRED,NOT EXECUTED,PASS only if executed INSPECT-GUARD-001 configuration-bound evidence demonstrates: The enclosure inner boundary shall remain outside the released build-and-calibration tolerance extent in every permitted pose and fault case.,NOT EXECUTED,NOT EXECUTED,SELECTION REQUIRED,NOT EXECUTED,SELECTION REQUIRED,NOT APPROVED,"PRELIMINARY - NOT APPROVED FOR FABRICATION, CONNECTION, MOTION, OR ENERGIZATION"
SAFE-010-A06,SAFE-010,INSPECT-GUARD-001,SELECTION REQUIRED,SELECTION REQUIRED,NOT EXECUTED,PASS only if executed INSPECT-GUARD-001 configuration-bound evidence demonstrates: The enclosure shall preserve the released minimum clearance from the union of all SAFE-010 extents.,NOT EXECUTED,NOT EXECUTED,SELECTION REQUIRED,NOT EXECUTED,SELECTION REQUIRED,NOT APPROVED,"PRELIMINARY - NOT APPROVED FOR FABRICATION, CONNECTION, MOTION, OR ENERGIZATION"
SAFE-011-A01,SAFE-011,TEST-DROP-001,SELECTION REQUIRED,SELECTION REQUIRED,NOT EXECUTED,PASS only if executed TEST-DROP-001 configuration-bound evidence demonstrates: A fixed receiver or catch shall contain the permitted foam object after commanded release from every released pose.,NOT EXECUTED,NOT EXECUTED,SELECTION REQUIRED,NOT EXECUTED,SELECTION REQUIRED,NOT APPROVED,"PRELIMINARY - NOT APPROVED FOR FABRICATION, CONNECTION, MOTION, OR ENERGIZATION"
SAFE-011-A02,SAFE-011,TEST-DROP-001,SELECTION REQUIRED,SELECTION REQUIRED,NOT EXECUTED,PASS only if executed TEST-DROP-001 configuration-bound evidence demonstrates: A fixed receiver or catch shall contain the permitted foam object after gripper fault from every released pose.,NOT EXECUTED,NOT EXECUTED,SELECTION REQUIRED,NOT EXECUTED,SELECTION REQUIRED,NOT APPROVED,"PRELIMINARY - NOT APPROVED FOR FABRICATION, CONNECTION, MOTION, OR ENERGIZATION"
SAFE-011-A03,SAFE-011,TEST-DROP-001,SELECTION REQUIRED,SELECTION REQUIRED,NOT EXECUTED,PASS only if executed TEST-DROP-001 configuration-bound evidence demonstrates: A fixed receiver or catch shall contain the permitted foam object after actuator-power loss from every released pose.,NOT EXECUTED,NOT EXECUTED,SELECTION REQUIRED,NOT EXECUTED,SELECTION REQUIRED,NOT APPROVED,"PRELIMINARY - NOT APPROVED FOR FABRICATION, CONNECTION, MOTION, OR ENERGIZATION"
SAFE-011-A04,SAFE-011,TEST-DROP-001,SELECTION REQUIRED,SELECTION REQUIRED,NOT EXECUTED,PASS only if executed TEST-DROP-001 configuration-bound evidence demonstrates: The contained object shall not escape into an accessible area during any released SAFE-011 case.,NOT EXECUTED,NOT EXECUTED,SELECTION REQUIRED,NOT EXECUTED,SELECTION REQUIRED,NOT APPROVED,"PRELIMINARY - NOT APPROVED FOR FABRICATION, CONNECTION, MOTION, OR ENERGIZATION"
STANCE-001-A01,STANCE-001,TEST-STANCE-001,SELECTION REQUIRED,SELECTION REQUIRED,NOT EXECUTED,PASS only if executed TEST-STANCE-001 configuration-bound evidence demonstrates: Both HR-30C feet shall remain in contact with the released support surface during STANCE-001 acceptance.,NOT EXECUTED,NOT EXECUTED,SELECTION REQUIRED,NOT EXECUTED,SELECTION REQUIRED,NOT APPROVED,"PRELIMINARY - NOT APPROVED FOR FABRICATION, CONNECTION, MOTION, OR ENERGIZATION"
STANCE-001-A02,STANCE-001,TEST-STANCE-001,SELECTION REQUIRED,SELECTION REQUIRED,NOT EXECUTED,PASS only if executed TEST-STANCE-001 configuration-bound evidence demonstrates: The two feet shall support 100 percent of measured static robot weight during STANCE-001 acceptance.,NOT EXECUTED,NOT EXECUTED,SELECTION REQUIRED,NOT EXECUTED,SELECTION REQUIRED,NOT APPROVED,"PRELIMINARY - NOT APPROVED FOR FABRICATION, CONNECTION, MOTION, OR ENERGIZATION"
STANCE-001-A03,STANCE-001,TEST-STANCE-001,SELECTION REQUIRED,SELECTION REQUIRED,NOT EXECUTED,PASS only if executed TEST-STANCE-001 configuration-bound evidence demonstrates: The STANCE-001 load condition shall be maintained for 120 seconds.,NOT EXECUTED,NOT EXECUTED,SELECTION REQUIRED,NOT EXECUTED,SELECTION REQUIRED,NOT APPROVED,"PRELIMINARY - NOT APPROVED FOR FABRICATION, CONNECTION, MOTION, OR ENERGIZATION"
STANCE-001-A04,STANCE-001,TEST-STANCE-001,SELECTION REQUIRED,SELECTION REQUIRED,NOT EXECUTED,PASS only if executed TEST-STANCE-001 configuration-bound evidence demonstrates: The connected restraint shall supply no sustained support during STANCE-001 acceptance.,NOT EXECUTED,NOT EXECUTED,SELECTION REQUIRED,NOT EXECUTED,SELECTION REQUIRED,NOT APPROVED,"PRELIMINARY - NOT APPROVED FOR FABRICATION, CONNECTION, MOTION, OR ENERGIZATION"
STANCE-002-A01,STANCE-002,TEST-STANCE-002,SELECTION REQUIRED,SELECTION REQUIRED,NOT EXECUTED,PASS only if executed TEST-STANCE-002 configuration-bound evidence demonstrates: HR-30C shall complete exactly 100 commanded bilateral weight shifts during STANCE-002 acceptance.,NOT EXECUTED,NOT EXECUTED,SELECTION REQUIRED,NOT EXECUTED,SELECTION REQUIRED,NOT APPROVED,"PRELIMINARY - NOT APPROVED FOR FABRICATION, CONNECTION, MOTION, OR ENERGIZATION"
STANCE-002-A02,STANCE-002,TEST-STANCE-002,SELECTION REQUIRED,SELECTION REQUIRED,NOT EXECUTED,PASS only if executed TEST-STANCE-002 configuration-bound evidence demonstrates: Both feet shall remain in contact throughout each accepted STANCE-002 shift.,NOT EXECUTED,NOT EXECUTED,SELECTION REQUIRED,NOT EXECUTED,SELECTION REQUIRED,NOT APPROVED,"PRELIMINARY - NOT APPROVED FOR FABRICATION, CONNECTION, MOTION, OR ENERGIZATION"
STANCE-002-A03,STANCE-002,TEST-STANCE-002,SELECTION REQUIRED,SELECTION REQUIRED,NOT EXECUTED,PASS only if executed TEST-STANCE-002 configuration-bound evidence demonstrates: Each STANCE-002 shift shall remain within released force limits.,NOT EXECUTED,NOT EXECUTED,SELECTION REQUIRED,NOT EXECUTED,SELECTION REQUIRED,NOT APPROVED,"PRELIMINARY - NOT APPROVED FOR FABRICATION, CONNECTION, MOTION, OR ENERGIZATION"
STANCE-002-A04,STANCE-002,TEST-STANCE-002,SELECTION REQUIRED,SELECTION REQUIRED,NOT EXECUTED,PASS only if executed TEST-STANCE-002 configuration-bound evidence demonstrates: Each STANCE-002 shift shall remain within released attitude limits.,NOT EXECUTED,NOT EXECUTED,SELECTION REQUIRED,NOT EXECUTED,SELECTION REQUIRED,NOT APPROVED,"PRELIMINARY - NOT APPROVED FOR FABRICATION, CONNECTION, MOTION, OR ENERGIZATION"
STANCE-002-A05,STANCE-002,TEST-STANCE-002,SELECTION REQUIRED,SELECTION REQUIRED,NOT EXECUTED,PASS only if executed TEST-STANCE-002 configuration-bound evidence demonstrates: Each STANCE-002 shift shall remain within released joint-tracking limits.,NOT EXECUTED,NOT EXECUTED,SELECTION REQUIRED,NOT EXECUTED,SELECTION REQUIRED,NOT APPROVED,"PRELIMINARY - NOT APPROVED FOR FABRICATION, CONNECTION, MOTION, OR ENERGIZATION"
STANCE-002-A06,STANCE-002,TEST-STANCE-002,SELECTION REQUIRED,SELECTION REQUIRED,NOT EXECUTED,PASS only if executed TEST-STANCE-002 configuration-bound evidence demonstrates: Each STANCE-002 shift shall remain within released thermal limits.,NOT EXECUTED,NOT EXECUTED,SELECTION REQUIRED,NOT EXECUTED,SELECTION REQUIRED,NOT APPROVED,"PRELIMINARY - NOT APPROVED FOR FABRICATION, CONNECTION, MOTION, OR ENERGIZATION"
STANCE-002-A07,STANCE-002,TEST-STANCE-002,SELECTION REQUIRED,SELECTION REQUIRED,NOT EXECUTED,PASS only if executed TEST-STANCE-002 configuration-bound evidence demonstrates: Each STANCE-002 shift shall remain within released current limits.,NOT EXECUTED,NOT EXECUTED,SELECTION REQUIRED,NOT EXECUTED,SELECTION REQUIRED,NOT APPROVED,"PRELIMINARY - NOT APPROVED FOR FABRICATION, CONNECTION, MOTION, OR ENERGIZATION"
STANCE-002-A08,STANCE-002,TEST-STANCE-002,SELECTION REQUIRED,SELECTION REQUIRED,NOT EXECUTED,PASS only if executed TEST-STANCE-002 configuration-bound evidence demonstrates: Each STANCE-002 shift shall remain within released control-deadline limits.,NOT EXECUTED,NOT EXECUTED,SELECTION REQUIRED,NOT EXECUTED,SELECTION REQUIRED,NOT APPROVED,"PRELIMINARY - NOT APPROVED FOR FABRICATION, CONNECTION, MOTION, OR ENERGIZATION"
STANCE-003-A01,STANCE-003,TEST-STANCE-003,SELECTION REQUIRED,SELECTION REQUIRED,NOT EXECUTED,PASS only if executed TEST-STANCE-003 configuration-bound evidence demonstrates: Loss of valid planner state during HR-30C stance shall produce the released restrained response.,NOT EXECUTED,NOT EXECUTED,SELECTION REQUIRED,NOT EXECUTED,SELECTION REQUIRED,NOT APPROVED,"PRELIMINARY - NOT APPROVED FOR FABRICATION, CONNECTION, MOTION, OR ENERGIZATION"
STANCE-003-A02,STANCE-003,TEST-STANCE-003,SELECTION REQUIRED,SELECTION REQUIRED,NOT EXECUTED,PASS only if executed TEST-STANCE-003 configuration-bound evidence demonstrates: Loss of sensor validity during HR-30C stance shall produce the released restrained response.,NOT EXECUTED,NOT EXECUTED,SELECTION REQUIRED,NOT EXECUTED,SELECTION REQUIRED,NOT APPROVED,"PRELIMINARY - NOT APPROVED FOR FABRICATION, CONNECTION, MOTION, OR ENERGIZATION"
STANCE-003-A03,STANCE-003,TEST-STANCE-003,SELECTION REQUIRED,SELECTION REQUIRED,NOT EXECUTED,PASS only if executed TEST-STANCE-003 configuration-bound evidence demonstrates: Loss of a required control deadline during HR-30C stance shall produce the released restrained response.,NOT EXECUTED,NOT EXECUTED,SELECTION REQUIRED,NOT EXECUTED,SELECTION REQUIRED,NOT APPROVED,"PRELIMINARY - NOT APPROVED FOR FABRICATION, CONNECTION, MOTION, OR ENERGIZATION"
STANCE-003-A04,STANCE-003,TEST-STANCE-003,SELECTION REQUIRED,SELECTION REQUIRED,NOT EXECUTED,PASS only if executed TEST-STANCE-003 configuration-bound evidence demonstrates: Loss of supply health during HR-30C stance shall produce the released restrained response.,NOT EXECUTED,NOT EXECUTED,SELECTION REQUIRED,NOT EXECUTED,SELECTION REQUIRED,NOT APPROVED,"PRELIMINARY - NOT APPROVED FOR FABRICATION, CONNECTION, MOTION, OR ENERGIZATION"
STANCE-003-A05,STANCE-003,TEST-STANCE-003,SELECTION REQUIRED,SELECTION REQUIRED,NOT EXECUTED,PASS only if executed TEST-STANCE-003 configuration-bound evidence demonstrates: Each STANCE-003 response shall latch a restart-required fault.,NOT EXECUTED,NOT EXECUTED,SELECTION REQUIRED,NOT EXECUTED,SELECTION REQUIRED,NOT APPROVED,"PRELIMINARY - NOT APPROVED FOR FABRICATION, CONNECTION, MOTION, OR ENERGIZATION"
STANCE-004-A01,STANCE-004,AUDIT-STANCE-001,SELECTION REQUIRED,SELECTION REQUIRED,NOT EXECUTED,PASS only if executed AUDIT-STANCE-001 configuration-bound evidence demonstrates: HR-30C powered-stance testing shall not begin until HR-30B acceptance is approved.,NOT EXECUTED,NOT EXECUTED,SELECTION REQUIRED,NOT EXECUTED,SELECTION REQUIRED,NOT APPROVED,"PRELIMINARY - NOT APPROVED FOR FABRICATION, CONNECTION, MOTION, OR ENERGIZATION"
STANCE-004-A02,STANCE-004,AUDIT-STANCE-001,SELECTION REQUIRED,SELECTION REQUIRED,NOT EXECUTED,PASS only if executed AUDIT-STANCE-001 configuration-bound evidence demonstrates: HR-30C powered-stance testing shall not begin until W0 actuator evidence is approved.,NOT EXECUTED,NOT EXECUTED,SELECTION REQUIRED,NOT EXECUTED,SELECTION REQUIRED,NOT APPROVED,"PRELIMINARY - NOT APPROVED FOR FABRICATION, CONNECTION, MOTION, OR ENERGIZATION"
STANCE-004-A03,STANCE-004,AUDIT-STANCE-001,SELECTION REQUIRED,SELECTION REQUIRED,NOT EXECUTED,PASS only if executed AUDIT-STANCE-001 configuration-bound evidence demonstrates: HR-30C powered-stance testing shall not begin until W1 joint evidence is approved.,NOT EXECUTED,NOT EXECUTED,SELECTION REQUIRED,NOT EXECUTED,SELECTION REQUIRED,NOT APPROVED,"PRELIMINARY - NOT APPROVED FOR FABRICATION, CONNECTION, MOTION, OR ENERGIZATION"
STANCE-004-A04,STANCE-004,AUDIT-STANCE-001,SELECTION REQUIRED,SELECTION REQUIRED,NOT EXECUTED,PASS only if executed AUDIT-STANCE-001 configuration-bound evidence demonstrates: HR-30C powered-stance testing shall not begin until restraint proof is approved.,NOT EXECUTED,NOT EXECUTED,SELECTION REQUIRED,NOT EXECUTED,SELECTION REQUIRED,NOT APPROVED,"PRELIMINARY - NOT APPROVED FOR FABRICATION, CONNECTION, MOTION, OR ENERGIZATION"
STANCE-004-A05,STANCE-004,AUDIT-STANCE-001,SELECTION REQUIRED,SELECTION REQUIRED,NOT EXECUTED,PASS only if executed AUDIT-STANCE-001 configuration-bound evidence demonstrates: HR-30C powered-stance testing shall not begin until sensor calibration is approved.,NOT EXECUTED,NOT EXECUTED,SELECTION REQUIRED,NOT EXECUTED,SELECTION REQUIRED,NOT APPROVED,"PRELIMINARY - NOT APPROVED FOR FABRICATION, CONNECTION, MOTION, OR ENERGIZATION"
STANCE-004-A06,STANCE-004,AUDIT-STANCE-001,SELECTION REQUIRED,SELECTION REQUIRED,NOT EXECUTED,PASS only if executed AUDIT-STANCE-001 configuration-bound evidence demonstrates: HR-30C powered-stance testing shall not begin until every enabled-axis qualification record is approved.,NOT EXECUTED,NOT EXECUTED,SELECTION REQUIRED,NOT EXECUTED,SELECTION REQUIRED,NOT APPROVED,"PRELIMINARY - NOT APPROVED FOR FABRICATION, CONNECTION, MOTION, OR ENERGIZATION"
SYS-001-A01,SYS-001,INSPECT-SYS-001,SELECTION REQUIRED,SELECTION REQUIRED,NOT EXECUTED,PASS only if executed INSPECT-SYS-001 configuration-bound evidence demonstrates: HR-V0 shall be fixed to the accepted bench interface.,NOT EXECUTED,NOT EXECUTED,SELECTION REQUIRED,NOT EXECUTED,SELECTION REQUIRED,NOT APPROVED,"PRELIMINARY - NOT APPROVED FOR FABRICATION, CONNECTION, MOTION, OR ENERGIZATION"
SYS-001-A02,SYS-001,INSPECT-SYS-001,SELECTION REQUIRED,SELECTION REQUIRED,NOT EXECUTED,PASS only if executed INSPECT-SYS-001 configuration-bound evidence demonstrates: HR-V0 shall have exactly two powered arm rotation axes.,NOT EXECUTED,NOT EXECUTED,SELECTION REQUIRED,NOT EXECUTED,SELECTION REQUIRED,NOT APPROVED,"PRELIMINARY - NOT APPROVED FOR FABRICATION, CONNECTION, MOTION, OR ENERGIZATION"
SYS-001-A03,SYS-001,INSPECT-SYS-001,SELECTION REQUIRED,SELECTION REQUIRED,NOT EXECUTED,PASS only if executed INSPECT-SYS-001 configuration-bound evidence demonstrates: HR-V0 shall have exactly one powered gripper axis.,NOT EXECUTED,NOT EXECUTED,SELECTION REQUIRED,NOT EXECUTED,SELECTION REQUIRED,NOT APPROVED,"PRELIMINARY - NOT APPROVED FOR FABRICATION, CONNECTION, MOTION, OR ENERGIZATION"
SYS-002-A01,SYS-002,TEST-HAND-001,SELECTION REQUIRED,SELECTION REQUIRED,NOT EXECUTED,PASS only if executed TEST-HAND-001 configuration-bound evidence demonstrates: HR-V0 shall transfer exactly one controlled soft-foam object per accepted cycle.,NOT EXECUTED,NOT EXECUTED,SELECTION REQUIRED,NOT EXECUTED,SELECTION REQUIRED,NOT APPROVED,"PRELIMINARY - NOT APPROVED FOR FABRICATION, CONNECTION, MOTION, OR ENERGIZATION"
SYS-002-A02,SYS-002,TEST-HAND-001,SELECTION REQUIRED,SELECTION REQUIRED,NOT EXECUTED,PASS only if executed TEST-HAND-001 configuration-bound evidence demonstrates: The accepted handoff object mass including measurement uncertainty shall not exceed 100 g.,NOT EXECUTED,NOT EXECUTED,SELECTION REQUIRED,NOT EXECUTED,SELECTION REQUIRED,NOT APPROVED,"PRELIMINARY - NOT APPROVED FOR FABRICATION, CONNECTION, MOTION, OR ENERGIZATION"
SYS-002-A03,SYS-002,TEST-HAND-001,SELECTION REQUIRED,SELECTION REQUIRED,NOT EXECUTED,PASS only if executed TEST-HAND-001 configuration-bound evidence demonstrates: Each accepted principal handoff-object dimension including measurement uncertainty shall be from 40 mm through 70 mm.,NOT EXECUTED,NOT EXECUTED,SELECTION REQUIRED,NOT EXECUTED,SELECTION REQUIRED,NOT APPROVED,"PRELIMINARY - NOT APPROVED FOR FABRICATION, CONNECTION, MOTION, OR ENERGIZATION"
SYS-004-A01,SYS-004,TEST-CTRL-001,SELECTION REQUIRED,SELECTION REQUIRED,NOT EXECUTED,PASS only if executed TEST-CTRL-001 configuration-bound evidence demonstrates: Automatic tool-center speed shall not exceed 0.15 m/s in any released pose.,NOT EXECUTED,NOT EXECUTED,SELECTION REQUIRED,NOT EXECUTED,SELECTION REQUIRED,NOT APPROVED,"PRELIMINARY - NOT APPROVED FOR FABRICATION, CONNECTION, MOTION, OR ENERGIZATION"
SYS-004-A02,SYS-004,TEST-CTRL-001,SELECTION REQUIRED,SELECTION REQUIRED,NOT EXECUTED,PASS only if executed TEST-CTRL-001 configuration-bound evidence demonstrates: The controller shall derive pose-dependent joint-rate limits from the commanded kinematics.,NOT EXECUTED,NOT EXECUTED,SELECTION REQUIRED,NOT EXECUTED,SELECTION REQUIRED,NOT APPROVED,"PRELIMINARY - NOT APPROVED FOR FABRICATION, CONNECTION, MOTION, OR ENERGIZATION"
SYS-004-A03,SYS-004,TEST-CTRL-001,SELECTION REQUIRED,SELECTION REQUIRED,NOT EXECUTED,PASS only if executed TEST-CTRL-001 configuration-bound evidence demonstrates: Every automatic joint-rate command shall also remain at or below 30 deg/s.,NOT EXECUTED,NOT EXECUTED,SELECTION REQUIRED,NOT EXECUTED,SELECTION REQUIRED,NOT APPROVED,"PRELIMINARY - NOT APPROVED FOR FABRICATION, CONNECTION, MOTION, OR ENERGIZATION"
SYS-004-A04,SYS-004,TEST-CTRL-001,SELECTION REQUIRED,SELECTION REQUIRED,NOT EXECUTED,PASS only if executed TEST-CTRL-001 configuration-bound evidence demonstrates: Verification of the 30 deg/s joint-rate ceiling shall not substitute for verification of the 0.15 m/s tool-center limit.,NOT EXECUTED,NOT EXECUTED,SELECTION REQUIRED,NOT EXECUTED,SELECTION REQUIRED,NOT APPROVED,"PRELIMINARY - NOT APPROVED FOR FABRICATION, CONNECTION, MOTION, OR ENERGIZATION"
SYS-005-A01,SYS-005,TEST-CTRL-002,SELECTION REQUIRED,SELECTION REQUIRED,NOT EXECUTED,PASS only if executed TEST-CTRL-002 configuration-bound evidence demonstrates: Setup motion shall require continuous hold-to-run actuation.,NOT EXECUTED,NOT EXECUTED,SELECTION REQUIRED,NOT EXECUTED,SELECTION REQUIRED,NOT APPROVED,"PRELIMINARY - NOT APPROVED FOR FABRICATION, CONNECTION, MOTION, OR ENERGIZATION"
SYS-005-A02,SYS-005,TEST-CTRL-002,SELECTION REQUIRED,SELECTION REQUIRED,NOT EXECUTED,PASS only if executed TEST-CTRL-002 configuration-bound evidence demonstrates: Setup joint speed shall not exceed 10 deg/s.,NOT EXECUTED,NOT EXECUTED,SELECTION REQUIRED,NOT EXECUTED,SELECTION REQUIRED,NOT APPROVED,"PRELIMINARY - NOT APPROVED FOR FABRICATION, CONNECTION, MOTION, OR ENERGIZATION"
SYS-006-A01,SYS-006,TEST-ENV-001,SELECTION REQUIRED,SELECTION REQUIRED,NOT EXECUTED,PASS only if executed TEST-ENV-001 configuration-bound evidence demonstrates: The released system operating location shall be indoors.,NOT EXECUTED,NOT EXECUTED,SELECTION REQUIRED,NOT EXECUTED,SELECTION REQUIRED,NOT APPROVED,"PRELIMINARY - NOT APPROVED FOR FABRICATION, CONNECTION, MOTION, OR ENERGIZATION"
SYS-006-A02,SYS-006,TEST-ENV-001,SELECTION REQUIRED,SELECTION REQUIRED,NOT EXECUTED,PASS only if executed TEST-ENV-001 configuration-bound evidence demonstrates: The released system operating ambient shall remain from 18 deg C through 28 deg C.,NOT EXECUTED,NOT EXECUTED,SELECTION REQUIRED,NOT EXECUTED,SELECTION REQUIRED,NOT APPROVED,"PRELIMINARY - NOT APPROVED FOR FABRICATION, CONNECTION, MOTION, OR ENERGIZATION"
SYS-006-A03,SYS-006,TEST-ENV-001,SELECTION REQUIRED,SELECTION REQUIRED,NOT EXECUTED,PASS only if executed TEST-ENV-001 configuration-bound evidence demonstrates: The released system operating environment shall remain dry and noncondensing.,NOT EXECUTED,NOT EXECUTED,SELECTION REQUIRED,NOT EXECUTED,SELECTION REQUIRED,NOT APPROVED,"PRELIMINARY - NOT APPROVED FOR FABRICATION, CONNECTION, MOTION, OR ENERGIZATION"
THERM-001-A01,THERM-001,TEST-THERM-001,SELECTION REQUIRED,SELECTION REQUIRED,NOT EXECUTED,PASS only if executed TEST-THERM-001 configuration-bound evidence demonstrates: Arm-actuator case temperature shall remain below the provisional 65 deg C limit during the validated duty cycle at the released ambient condition.,NOT EXECUTED,NOT EXECUTED,SELECTION REQUIRED,NOT EXECUTED,SELECTION REQUIRED,NOT APPROVED,"PRELIMINARY - NOT APPROVED FOR FABRICATION, CONNECTION, MOTION, OR ENERGIZATION"
THERM-001-A02,THERM-001,TEST-THERM-001,SELECTION REQUIRED,SELECTION REQUIRED,NOT EXECUTED,PASS only if executed TEST-THERM-001 configuration-bound evidence demonstrates: Gripper-actuator case temperature shall remain below the provisional 60 deg C limit during the validated duty cycle at the released ambient condition.,NOT EXECUTED,NOT EXECUTED,SELECTION REQUIRED,NOT EXECUTED,SELECTION REQUIRED,NOT APPROVED,"PRELIMINARY - NOT APPROVED FOR FABRICATION, CONNECTION, MOTION, OR ENERGIZATION"
THERM-001-A03,THERM-001,TEST-THERM-001,SELECTION REQUIRED,SELECTION REQUIRED,NOT EXECUTED,PASS only if executed TEST-THERM-001 configuration-bound evidence demonstrates: Power-conductor temperature rise shall remain below 20 deg C during the validated duty cycle at the released ambient condition.,NOT EXECUTED,NOT EXECUTED,SELECTION REQUIRED,NOT EXECUTED,SELECTION REQUIRED,NOT APPROVED,"PRELIMINARY - NOT APPROVED FOR FABRICATION, CONNECTION, MOTION, OR ENERGIZATION"
VER-001-A01,VER-001,TEST-HAND-001,SELECTION REQUIRED,SELECTION REQUIRED,NOT EXECUTED,PASS only if executed TEST-HAND-001 configuration-bound evidence demonstrates: The released HR-V0 endurance run shall attempt exactly 100 fixture handoffs.,NOT EXECUTED,NOT EXECUTED,SELECTION REQUIRED,NOT EXECUTED,SELECTION REQUIRED,NOT APPROVED,"PRELIMINARY - NOT APPROVED FOR FABRICATION, CONNECTION, MOTION, OR ENERGIZATION"
VER-001-A02,VER-001,TEST-HAND-001,SELECTION REQUIRED,SELECTION REQUIRED,NOT EXECUTED,PASS only if executed TEST-HAND-001 configuration-bound evidence demonstrates: The released HR-V0 endurance run shall complete at least 99 successful fixture handoffs.,NOT EXECUTED,NOT EXECUTED,SELECTION REQUIRED,NOT EXECUTED,SELECTION REQUIRED,NOT APPROVED,"PRELIMINARY - NOT APPROVED FOR FABRICATION, CONNECTION, MOTION, OR ENERGIZATION"
VER-001-A03,VER-001,TEST-HAND-001,SELECTION REQUIRED,SELECTION REQUIRED,NOT EXECUTED,PASS only if executed TEST-HAND-001 configuration-bound evidence demonstrates: The released HR-V0 endurance run shall contain zero unsafe faults.,NOT EXECUTED,NOT EXECUTED,SELECTION REQUIRED,NOT EXECUTED,SELECTION REQUIRED,NOT APPROVED,"PRELIMINARY - NOT APPROVED FOR FABRICATION, CONNECTION, MOTION, OR ENERGIZATION"
WALK-002-A01,WALK-002,TEST-WALK-002,SELECTION REQUIRED,SELECTION REQUIRED,NOT EXECUTED,PASS only if executed TEST-WALK-002 configuration-bound evidence demonstrates: HR-30W shall start from the released standing state without external support.,NOT EXECUTED,NOT EXECUTED,SELECTION REQUIRED,NOT EXECUTED,SELECTION REQUIRED,NOT APPROVED,"PRELIMINARY - NOT APPROVED FOR FABRICATION, CONNECTION, MOTION, OR ENERGIZATION"
WALK-002-A02,WALK-002,TEST-WALK-002,SELECTION REQUIRED,SELECTION REQUIRED,NOT EXECUTED,PASS only if executed TEST-WALK-002 configuration-bound evidence demonstrates: HR-30W shall walk 25 m at a speed from 0.10 m/s through 0.14 m/s.,NOT EXECUTED,NOT EXECUTED,SELECTION REQUIRED,NOT EXECUTED,SELECTION REQUIRED,NOT APPROVED,"PRELIMINARY - NOT APPROVED FOR FABRICATION, CONNECTION, MOTION, OR ENERGIZATION"
WALK-002-A03,WALK-002,TEST-WALK-002,SELECTION REQUIRED,SELECTION REQUIRED,NOT EXECUTED,PASS only if executed TEST-WALK-002 configuration-bound evidence demonstrates: HR-30W shall stop within two steps after the released stop command.,NOT EXECUTED,NOT EXECUTED,SELECTION REQUIRED,NOT EXECUTED,SELECTION REQUIRED,NOT APPROVED,"PRELIMINARY - NOT APPROVED FOR FABRICATION, CONNECTION, MOTION, OR ENERGIZATION"
WALK-002-A04,WALK-002,TEST-WALK-002,SELECTION REQUIRED,SELECTION REQUIRED,NOT EXECUTED,PASS only if executed TEST-WALK-002 configuration-bound evidence demonstrates: HR-30W shall remain standing after the WALK-002 stop.,NOT EXECUTED,NOT EXECUTED,SELECTION REQUIRED,NOT EXECUTED,SELECTION REQUIRED,NOT APPROVED,"PRELIMINARY - NOT APPROVED FOR FABRICATION, CONNECTION, MOTION, OR ENERGIZATION"
WALK-002-A05,WALK-002,TEST-WALK-002,SELECTION REQUIRED,SELECTION REQUIRED,NOT EXECUTED,PASS only if executed TEST-WALK-002 configuration-bound evidence demonstrates: Any walking speed above 0.14 m/s shall require a later released torque-speed validation.,NOT EXECUTED,NOT EXECUTED,SELECTION REQUIRED,NOT EXECUTED,SELECTION REQUIRED,NOT APPROVED,"PRELIMINARY - NOT APPROVED FOR FABRICATION, CONNECTION, MOTION, OR ENERGIZATION"
WALK-002-A06,WALK-002,TEST-WALK-002,SELECTION REQUIRED,SELECTION REQUIRED,NOT EXECUTED,PASS only if executed TEST-WALK-002 configuration-bound evidence demonstrates: Any walking speed above 0.14 m/s shall require a later released gait validation.,NOT EXECUTED,NOT EXECUTED,SELECTION REQUIRED,NOT EXECUTED,SELECTION REQUIRED,NOT APPROVED,"PRELIMINARY - NOT APPROVED FOR FABRICATION, CONNECTION, MOTION, OR ENERGIZATION"
WALK-003-A01,WALK-003,TEST-WALK-003,SELECTION REQUIRED,SELECTION REQUIRED,NOT EXECUTED,PASS only if executed TEST-WALK-003 configuration-bound evidence demonstrates: HR-30W shall turn 90 degrees left within five steps without external support.,NOT EXECUTED,NOT EXECUTED,SELECTION REQUIRED,NOT EXECUTED,SELECTION REQUIRED,NOT APPROVED,"PRELIMINARY - NOT APPROVED FOR FABRICATION, CONNECTION, MOTION, OR ENERGIZATION"
WALK-003-A02,WALK-003,TEST-WALK-003,SELECTION REQUIRED,SELECTION REQUIRED,NOT EXECUTED,PASS only if executed TEST-WALK-003 configuration-bound evidence demonstrates: HR-30W shall turn 90 degrees right within five steps without external support.,NOT EXECUTED,NOT EXECUTED,SELECTION REQUIRED,NOT EXECUTED,SELECTION REQUIRED,NOT APPROVED,"PRELIMINARY - NOT APPROVED FOR FABRICATION, CONNECTION, MOTION, OR ENERGIZATION"
WALK-004-A01,WALK-004,TEST-WALK-004,SELECTION REQUIRED,SELECTION REQUIRED,NOT EXECUTED,PASS only if executed TEST-WALK-004 configuration-bound evidence demonstrates: HR-30W shall complete 30 minutes of cumulative walking in the released test campaign.,NOT EXECUTED,NOT EXECUTED,SELECTION REQUIRED,NOT EXECUTED,SELECTION REQUIRED,NOT APPROVED,"PRELIMINARY - NOT APPROVED FOR FABRICATION, CONNECTION, MOTION, OR ENERGIZATION"
WALK-004-A02,WALK-004,TEST-WALK-004,SELECTION REQUIRED,SELECTION REQUIRED,NOT EXECUTED,PASS only if executed TEST-WALK-004 configuration-bound evidence demonstrates: HR-30W shall remain within released thermal limits throughout the WALK-004 campaign.,NOT EXECUTED,NOT EXECUTED,SELECTION REQUIRED,NOT EXECUTED,SELECTION REQUIRED,NOT APPROVED,"PRELIMINARY - NOT APPROVED FOR FABRICATION, CONNECTION, MOTION, OR ENERGIZATION"
WALK-004-A03,WALK-004,TEST-WALK-004,SELECTION REQUIRED,SELECTION REQUIRED,NOT EXECUTED,PASS only if executed TEST-WALK-004 configuration-bound evidence demonstrates: HR-30W shall remain within released current limits throughout the WALK-004 campaign.,NOT EXECUTED,NOT EXECUTED,SELECTION REQUIRED,NOT EXECUTED,SELECTION REQUIRED,NOT APPROVED,"PRELIMINARY - NOT APPROVED FOR FABRICATION, CONNECTION, MOTION, OR ENERGIZATION"
WALK-004-A04,WALK-004,TEST-WALK-004,SELECTION REQUIRED,SELECTION REQUIRED,NOT EXECUTED,PASS only if executed TEST-WALK-004 configuration-bound evidence demonstrates: HR-30W shall remain within released voltage limits throughout the WALK-004 campaign.,NOT EXECUTED,NOT EXECUTED,SELECTION REQUIRED,NOT EXECUTED,SELECTION REQUIRED,NOT APPROVED,"PRELIMINARY - NOT APPROVED FOR FABRICATION, CONNECTION, MOTION, OR ENERGIZATION"
WALK-004-A05,WALK-004,TEST-WALK-004,SELECTION REQUIRED,SELECTION REQUIRED,NOT EXECUTED,PASS only if executed TEST-WALK-004 configuration-bound evidence demonstrates: HR-30W shall remain within released energy limits throughout the WALK-004 campaign.,NOT EXECUTED,NOT EXECUTED,SELECTION REQUIRED,NOT EXECUTED,SELECTION REQUIRED,NOT APPROVED,"PRELIMINARY - NOT APPROVED FOR FABRICATION, CONNECTION, MOTION, OR ENERGIZATION"
WALK-005-A01,WALK-005,TEST-WALK-005,SELECTION REQUIRED,SELECTION REQUIRED,NOT EXECUTED,PASS only if executed TEST-WALK-005 configuration-bound evidence demonstrates: The HR-30D overhead tether shall remain slack during released walking when no fall arrest is occurring.,NOT EXECUTED,NOT EXECUTED,SELECTION REQUIRED,NOT EXECUTED,SELECTION REQUIRED,NOT APPROVED,"PRELIMINARY - NOT APPROVED FOR FABRICATION, CONNECTION, MOTION, OR ENERGIZATION"
WALK-005-A02,WALK-005,TEST-WALK-005,SELECTION REQUIRED,SELECTION REQUIRED,NOT EXECUTED,PASS only if executed TEST-WALK-005 configuration-bound evidence demonstrates: The HR-30D overhead tether shall carry less than 2 percent of measured robot weight when no fall arrest is occurring.,NOT EXECUTED,NOT EXECUTED,SELECTION REQUIRED,NOT EXECUTED,SELECTION REQUIRED,NOT APPROVED,"PRELIMINARY - NOT APPROVED FOR FABRICATION, CONNECTION, MOTION, OR ENERGIZATION"
WALK-006-A01,WALK-006,INSPECT-WALK-001,SELECTION REQUIRED,SELECTION REQUIRED,NOT EXECUTED,PASS only if executed INSPECT-WALK-001 configuration-bound evidence demonstrates: Each HR-30 leg shall provide one active hip-yaw axis.,NOT EXECUTED,NOT EXECUTED,SELECTION REQUIRED,NOT EXECUTED,SELECTION REQUIRED,NOT APPROVED,"PRELIMINARY - NOT APPROVED FOR FABRICATION, CONNECTION, MOTION, OR ENERGIZATION"
WALK-006-A02,WALK-006,INSPECT-WALK-001,SELECTION REQUIRED,SELECTION REQUIRED,NOT EXECUTED,PASS only if executed INSPECT-WALK-001 configuration-bound evidence demonstrates: Each HR-30 leg shall provide one active hip-roll axis.,NOT EXECUTED,NOT EXECUTED,SELECTION REQUIRED,NOT EXECUTED,SELECTION REQUIRED,NOT APPROVED,"PRELIMINARY - NOT APPROVED FOR FABRICATION, CONNECTION, MOTION, OR ENERGIZATION"
WALK-006-A03,WALK-006,INSPECT-WALK-001,SELECTION REQUIRED,SELECTION REQUIRED,NOT EXECUTED,PASS only if executed INSPECT-WALK-001 configuration-bound evidence demonstrates: Each HR-30 leg shall provide one active hip-pitch axis.,NOT EXECUTED,NOT EXECUTED,SELECTION REQUIRED,NOT EXECUTED,SELECTION REQUIRED,NOT APPROVED,"PRELIMINARY - NOT APPROVED FOR FABRICATION, CONNECTION, MOTION, OR ENERGIZATION"
WALK-006-A04,WALK-006,INSPECT-WALK-001,SELECTION REQUIRED,SELECTION REQUIRED,NOT EXECUTED,PASS only if executed INSPECT-WALK-001 configuration-bound evidence demonstrates: Each HR-30 leg shall provide one active knee-pitch axis.,NOT EXECUTED,NOT EXECUTED,SELECTION REQUIRED,NOT EXECUTED,SELECTION REQUIRED,NOT APPROVED,"PRELIMINARY - NOT APPROVED FOR FABRICATION, CONNECTION, MOTION, OR ENERGIZATION"
WALK-006-A05,WALK-006,INSPECT-WALK-001,SELECTION REQUIRED,SELECTION REQUIRED,NOT EXECUTED,PASS only if executed INSPECT-WALK-001 configuration-bound evidence demonstrates: Each HR-30 leg shall provide one active ankle-pitch axis.,NOT EXECUTED,NOT EXECUTED,SELECTION REQUIRED,NOT EXECUTED,SELECTION REQUIRED,NOT APPROVED,"PRELIMINARY - NOT APPROVED FOR FABRICATION, CONNECTION, MOTION, OR ENERGIZATION"
WALK-006-A06,WALK-006,INSPECT-WALK-001,SELECTION REQUIRED,SELECTION REQUIRED,NOT EXECUTED,PASS only if executed INSPECT-WALK-001 configuration-bound evidence demonstrates: Each HR-30 leg shall provide one active ankle-roll axis.,NOT EXECUTED,NOT EXECUTED,SELECTION REQUIRED,NOT EXECUTED,SELECTION REQUIRED,NOT APPROVED,"PRELIMINARY - NOT APPROVED FOR FABRICATION, CONNECTION, MOTION, OR ENERGIZATION"
WALK-007-A01,WALK-007,TEST-WALK-006,SELECTION REQUIRED,SELECTION REQUIRED,NOT EXECUTED,PASS only if executed TEST-WALK-006 configuration-bound evidence demonstrates: Pelvis-attitude estimation shall update at 800 Hz or faster during released operation.,NOT EXECUTED,NOT EXECUTED,SELECTION REQUIRED,NOT EXECUTED,SELECTION REQUIRED,NOT APPROVED,"PRELIMINARY - NOT APPROVED FOR FABRICATION, CONNECTION, MOTION, OR ENERGIZATION"
WALK-007-A02,WALK-007,TEST-WALK-006,SELECTION REQUIRED,SELECTION REQUIRED,NOT EXECUTED,PASS only if executed TEST-WALK-006 configuration-bound evidence demonstrates: Foot-force estimation shall update at 500 Hz or faster during released operation.,NOT EXECUTED,NOT EXECUTED,SELECTION REQUIRED,NOT EXECUTED,SELECTION REQUIRED,NOT APPROVED,"PRELIMINARY - NOT APPROVED FOR FABRICATION, CONNECTION, MOTION, OR ENERGIZATION"
WALK-007-A03,WALK-007,TEST-WALK-006,SELECTION REQUIRED,SELECTION REQUIRED,NOT EXECUTED,PASS only if executed TEST-WALK-006 configuration-bound evidence demonstrates: Foot center-of-pressure estimation shall update at 500 Hz or faster during released operation.,NOT EXECUTED,NOT EXECUTED,SELECTION REQUIRED,NOT EXECUTED,SELECTION REQUIRED,NOT APPROVED,"PRELIMINARY - NOT APPROVED FOR FABRICATION, CONNECTION, MOTION, OR ENERGIZATION"
WALK-008-A01,WALK-008,TEST-WALK-007,SELECTION REQUIRED,SELECTION REQUIRED,NOT EXECUTED,PASS only if executed TEST-WALK-007 configuration-bound evidence demonstrates: Failure of the Linux high-level process shall not prevent the real-time state estimator from reaching the released response.,NOT EXECUTED,NOT EXECUTED,SELECTION REQUIRED,NOT EXECUTED,SELECTION REQUIRED,NOT APPROVED,"PRELIMINARY - NOT APPROVED FOR FABRICATION, CONNECTION, MOTION, OR ENERGIZATION"
WALK-008-A02,WALK-008,TEST-WALK-007,SELECTION REQUIRED,SELECTION REQUIRED,NOT EXECUTED,PASS only if executed TEST-WALK-007 configuration-bound evidence demonstrates: Failure of the Linux high-level process shall not prevent the real-time stabilizer from reaching the released response.,NOT EXECUTED,NOT EXECUTED,SELECTION REQUIRED,NOT EXECUTED,SELECTION REQUIRED,NOT APPROVED,"PRELIMINARY - NOT APPROVED FOR FABRICATION, CONNECTION, MOTION, OR ENERGIZATION"
WALK-008-A03,WALK-008,TEST-WALK-007,SELECTION REQUIRED,SELECTION REQUIRED,NOT EXECUTED,PASS only if executed TEST-WALK-007 configuration-bound evidence demonstrates: The released WALK-008 response shall be continued safe operation or the released stop.,NOT EXECUTED,NOT EXECUTED,SELECTION REQUIRED,NOT EXECUTED,SELECTION REQUIRED,NOT APPROVED,"PRELIMINARY - NOT APPROVED FOR FABRICATION, CONNECTION, MOTION, OR ENERGIZATION"
WALK-009-A01,WALK-009,INSPECT-BATT-001,SELECTION REQUIRED,SELECTION REQUIRED,NOT EXECUTED,PASS only if executed INSPECT-BATT-001 configuration-bound evidence demonstrates: The HR-30W onboard battery shall be professionally assembled for the released configuration.,NOT EXECUTED,NOT EXECUTED,SELECTION REQUIRED,NOT EXECUTED,SELECTION REQUIRED,NOT APPROVED,"PRELIMINARY - NOT APPROVED FOR FABRICATION, CONNECTION, MOTION, OR ENERGIZATION"
WALK-009-A02,WALK-009,INSPECT-BATT-001,SELECTION REQUIRED,SELECTION REQUIRED,NOT EXECUTED,PASS only if executed INSPECT-BATT-001 configuration-bound evidence demonstrates: The HR-30W onboard battery shall include released pack-level protection.,NOT EXECUTED,NOT EXECUTED,SELECTION REQUIRED,NOT EXECUTED,SELECTION REQUIRED,NOT APPROVED,"PRELIMINARY - NOT APPROVED FOR FABRICATION, CONNECTION, MOTION, OR ENERGIZATION"
WALK-009-A03,WALK-009,INSPECT-BATT-001,SELECTION REQUIRED,SELECTION REQUIRED,NOT EXECUTED,PASS only if executed INSPECT-BATT-001 configuration-bound evidence demonstrates: The HR-30W onboard battery shall include a coordinated pack-level fuse.,NOT EXECUTED,NOT EXECUTED,SELECTION REQUIRED,NOT EXECUTED,SELECTION REQUIRED,NOT APPROVED,"PRELIMINARY - NOT APPROVED FOR FABRICATION, CONNECTION, MOTION, OR ENERGIZATION"
WALK-009-A04,WALK-009,INSPECT-BATT-001,SELECTION REQUIRED,SELECTION REQUIRED,NOT EXECUTED,PASS only if executed INSPECT-BATT-001 configuration-bound evidence demonstrates: The HR-30W onboard battery shall include a service disconnect.,NOT EXECUTED,NOT EXECUTED,SELECTION REQUIRED,NOT EXECUTED,SELECTION REQUIRED,NOT APPROVED,"PRELIMINARY - NOT APPROVED FOR FABRICATION, CONNECTION, MOTION, OR ENERGIZATION"
WALK-009-A05,WALK-009,INSPECT-BATT-001,SELECTION REQUIRED,SELECTION REQUIRED,NOT EXECUTED,PASS only if executed INSPECT-BATT-001 configuration-bound evidence demonstrates: The HR-30W onboard battery shall include a coordinated precharge function.,NOT EXECUTED,NOT EXECUTED,SELECTION REQUIRED,NOT EXECUTED,SELECTION REQUIRED,NOT APPROVED,"PRELIMINARY - NOT APPROVED FOR FABRICATION, CONNECTION, MOTION, OR ENERGIZATION"
WALK-009-A06,WALK-009,INSPECT-BATT-001,SELECTION REQUIRED,SELECTION REQUIRED,NOT EXECUTED,PASS only if executed INSPECT-BATT-001 configuration-bound evidence demonstrates: The HR-30W onboard battery shall provide independent pack telemetry.,NOT EXECUTED,NOT EXECUTED,SELECTION REQUIRED,NOT EXECUTED,SELECTION REQUIRED,NOT APPROVED,"PRELIMINARY - NOT APPROVED FOR FABRICATION, CONNECTION, MOTION, OR ENERGIZATION"
WALK-011-A01,WALK-011,TEST-FALL-001,SELECTION REQUIRED,SELECTION REQUIRED,NOT EXECUTED,PASS only if executed TEST-FALL-001 configuration-bound evidence demonstrates: The fall predictor shall evaluate released attitude input.,NOT EXECUTED,NOT EXECUTED,SELECTION REQUIRED,NOT EXECUTED,SELECTION REQUIRED,NOT APPROVED,"PRELIMINARY - NOT APPROVED FOR FABRICATION, CONNECTION, MOTION, OR ENERGIZATION"
WALK-011-A02,WALK-011,TEST-FALL-001,SELECTION REQUIRED,SELECTION REQUIRED,NOT EXECUTED,PASS only if executed TEST-FALL-001 configuration-bound evidence demonstrates: The fall predictor shall evaluate released angular-rate input.,NOT EXECUTED,NOT EXECUTED,SELECTION REQUIRED,NOT EXECUTED,SELECTION REQUIRED,NOT APPROVED,"PRELIMINARY - NOT APPROVED FOR FABRICATION, CONNECTION, MOTION, OR ENERGIZATION"
WALK-011-A03,WALK-011,TEST-FALL-001,SELECTION REQUIRED,SELECTION REQUIRED,NOT EXECUTED,PASS only if executed TEST-FALL-001 configuration-bound evidence demonstrates: The fall predictor shall evaluate released support-force input.,NOT EXECUTED,NOT EXECUTED,SELECTION REQUIRED,NOT EXECUTED,SELECTION REQUIRED,NOT APPROVED,"PRELIMINARY - NOT APPROVED FOR FABRICATION, CONNECTION, MOTION, OR ENERGIZATION"
WALK-011-A04,WALK-011,TEST-FALL-001,SELECTION REQUIRED,SELECTION REQUIRED,NOT EXECUTED,PASS only if executed TEST-FALL-001 configuration-bound evidence demonstrates: The fall predictor shall evaluate released joint-tracking input.,NOT EXECUTED,NOT EXECUTED,SELECTION REQUIRED,NOT EXECUTED,SELECTION REQUIRED,NOT APPROVED,"PRELIMINARY - NOT APPROVED FOR FABRICATION, CONNECTION, MOTION, OR ENERGIZATION"
WALK-011-A05,WALK-011,TEST-FALL-001,SELECTION REQUIRED,SELECTION REQUIRED,NOT EXECUTED,PASS only if executed TEST-FALL-001 configuration-bound evidence demonstrates: The fall predictor shall evaluate released bus-health input.,NOT EXECUTED,NOT EXECUTED,SELECTION REQUIRED,NOT EXECUTED,SELECTION REQUIRED,NOT APPROVED,"PRELIMINARY - NOT APPROVED FOR FABRICATION, CONNECTION, MOTION, OR ENERGIZATION"
WALK-011-A06,WALK-011,TEST-FALL-001,SELECTION REQUIRED,SELECTION REQUIRED,NOT EXECUTED,PASS only if executed TEST-FALL-001 configuration-bound evidence demonstrates: The fall predictor shall evaluate released supply-state input.,NOT EXECUTED,NOT EXECUTED,SELECTION REQUIRED,NOT EXECUTED,SELECTION REQUIRED,NOT APPROVED,"PRELIMINARY - NOT APPROVED FOR FABRICATION, CONNECTION, MOTION, OR ENERGIZATION"
WALK-011-A07,WALK-011,TEST-FALL-001,SELECTION REQUIRED,SELECTION REQUIRED,NOT EXECUTED,PASS only if executed TEST-FALL-001 configuration-bound evidence demonstrates: The fall predictor shall command the released protective response within the released lead-time threshold.,NOT EXECUTED,NOT EXECUTED,SELECTION REQUIRED,NOT EXECUTED,SELECTION REQUIRED,NOT APPROVED,"PRELIMINARY - NOT APPROVED FOR FABRICATION, CONNECTION, MOTION, OR ENERGIZATION"
WALK-011-A08,WALK-011,TEST-FALL-001,SELECTION REQUIRED,SELECTION REQUIRED,NOT EXECUTED,PASS only if executed TEST-FALL-001 configuration-bound evidence demonstrates: The released fall-prediction lead-time threshold shall exceed measured protective-response latency by the released margin.,NOT EXECUTED,NOT EXECUTED,SELECTION REQUIRED,NOT EXECUTED,SELECTION REQUIRED,NOT APPROVED,"PRELIMINARY - NOT APPROVED FOR FABRICATION, CONNECTION, MOTION, OR ENERGIZATION"
WALK-011-A09,WALK-011,TEST-FALL-001,SELECTION REQUIRED,SELECTION REQUIRED,NOT EXECUTED,PASS only if executed TEST-FALL-001 configuration-bound evidence demonstrates: The numeric fall-prediction lead time shall remain a release-blocking selection until validated.,NOT EXECUTED,NOT EXECUTED,SELECTION REQUIRED,NOT EXECUTED,SELECTION REQUIRED,NOT APPROVED,"PRELIMINARY - NOT APPROVED FOR FABRICATION, CONNECTION, MOTION, OR ENERGIZATION"
WALK-011-A10,WALK-011,TEST-FALL-001,SELECTION REQUIRED,SELECTION REQUIRED,NOT EXECUTED,PASS only if executed TEST-FALL-001 configuration-bound evidence demonstrates: The fall-prediction detection-rate acceptance value shall remain a release-blocking selection until validated.,NOT EXECUTED,NOT EXECUTED,SELECTION REQUIRED,NOT EXECUTED,SELECTION REQUIRED,NOT APPROVED,"PRELIMINARY - NOT APPROVED FOR FABRICATION, CONNECTION, MOTION, OR ENERGIZATION"
WALK-011-A11,WALK-011,TEST-FALL-001,SELECTION REQUIRED,SELECTION REQUIRED,NOT EXECUTED,PASS only if executed TEST-FALL-001 configuration-bound evidence demonstrates: The fall-prediction false-positive acceptance value shall remain a release-blocking selection until validated.,NOT EXECUTED,NOT EXECUTED,SELECTION REQUIRED,NOT EXECUTED,SELECTION REQUIRED,NOT APPROVED,"PRELIMINARY - NOT APPROVED FOR FABRICATION, CONNECTION, MOTION, OR ENERGIZATION"
WALK-013-A01,WALK-013,TEST-JOINT-ENC-001,SELECTION REQUIRED,SELECTION REQUIRED,NOT EXECUTED,PASS only if executed TEST-JOINT-ENC-001 configuration-bound evidence demonstrates: Each externally reduced leg joint shall use output-side absolute position sensing or a reviewed equivalent.,NOT EXECUTED,NOT EXECUTED,SELECTION REQUIRED,NOT EXECUTED,SELECTION REQUIRED,NOT APPROVED,"PRELIMINARY - NOT APPROVED FOR FABRICATION, CONNECTION, MOTION, OR ENERGIZATION"
WALK-013-A02,WALK-013,TEST-JOINT-ENC-001,SELECTION REQUIRED,SELECTION REQUIRED,NOT EXECUTED,PASS only if executed TEST-JOINT-ENC-001 configuration-bound evidence demonstrates: Each WALK-013 sensing implementation shall detect output slip beyond the released threshold.,NOT EXECUTED,NOT EXECUTED,SELECTION REQUIRED,NOT EXECUTED,SELECTION REQUIRED,NOT APPROVED,"PRELIMINARY - NOT APPROVED FOR FABRICATION, CONNECTION, MOTION, OR ENERGIZATION"
WALK-013-A03,WALK-013,TEST-JOINT-ENC-001,SELECTION REQUIRED,SELECTION REQUIRED,NOT EXECUTED,PASS only if executed TEST-JOINT-ENC-001 configuration-bound evidence demonstrates: Each WALK-013 sensing implementation shall detect backlash beyond the released threshold.,NOT EXECUTED,NOT EXECUTED,SELECTION REQUIRED,NOT EXECUTED,SELECTION REQUIRED,NOT APPROVED,"PRELIMINARY - NOT APPROVED FOR FABRICATION, CONNECTION, MOTION, OR ENERGIZATION"
WALK-013-A04,WALK-013,TEST-JOINT-ENC-001,SELECTION REQUIRED,SELECTION REQUIRED,NOT EXECUTED,PASS only if executed TEST-JOINT-ENC-001 configuration-bound evidence demonstrates: Each WALK-013 sensing implementation shall detect lost output calibration.,NOT EXECUTED,NOT EXECUTED,SELECTION REQUIRED,NOT EXECUTED,SELECTION REQUIRED,NOT APPROVED,"PRELIMINARY - NOT APPROVED FOR FABRICATION, CONNECTION, MOTION, OR ENERGIZATION"
WALK-013-A05,WALK-013,TEST-JOINT-ENC-001,SELECTION REQUIRED,SELECTION REQUIRED,NOT EXECUTED,PASS only if executed TEST-JOINT-ENC-001 configuration-bound evidence demonstrates: Each WALK-013 sensing implementation shall detect motor-to-output disagreement beyond the released threshold.,NOT EXECUTED,NOT EXECUTED,SELECTION REQUIRED,NOT EXECUTED,SELECTION REQUIRED,NOT APPROVED,"PRELIMINARY - NOT APPROVED FOR FABRICATION, CONNECTION, MOTION, OR ENERGIZATION"
WALK-014-A01,WALK-014,TEST-BUS-001,SELECTION REQUIRED,SELECTION REQUIRED,NOT EXECUTED,PASS only if executed TEST-BUS-001 configuration-bound evidence demonstrates: Each segmented joint bus shall demonstrate the released command schedule.,NOT EXECUTED,NOT EXECUTED,SELECTION REQUIRED,NOT EXECUTED,SELECTION REQUIRED,NOT APPROVED,"PRELIMINARY - NOT APPROVED FOR FABRICATION, CONNECTION, MOTION, OR ENERGIZATION"
WALK-014-A02,WALK-014,TEST-BUS-001,SELECTION REQUIRED,SELECTION REQUIRED,NOT EXECUTED,PASS only if executed TEST-BUS-001 configuration-bound evidence demonstrates: Each segmented joint bus shall demonstrate the released feedback schedule.,NOT EXECUTED,NOT EXECUTED,SELECTION REQUIRED,NOT EXECUTED,SELECTION REQUIRED,NOT APPROVED,"PRELIMINARY - NOT APPROVED FOR FABRICATION, CONNECTION, MOTION, OR ENERGIZATION"
WALK-014-A03,WALK-014,TEST-BUS-001,SELECTION REQUIRED,SELECTION REQUIRED,NOT EXECUTED,PASS only if executed TEST-BUS-001 configuration-bound evidence demonstrates: Each segmented joint bus shall have a byte-level packet budget for the released schedule.,NOT EXECUTED,NOT EXECUTED,SELECTION REQUIRED,NOT EXECUTED,SELECTION REQUIRED,NOT APPROVED,"PRELIMINARY - NOT APPROVED FOR FABRICATION, CONNECTION, MOTION, OR ENERGIZATION"
WALK-014-A04,WALK-014,TEST-BUS-001,SELECTION REQUIRED,SELECTION REQUIRED,NOT EXECUTED,PASS only if executed TEST-BUS-001 configuration-bound evidence demonstrates: Each segmented joint bus shall have measured worst-case latency for the released traffic and fault cases.,NOT EXECUTED,NOT EXECUTED,SELECTION REQUIRED,NOT EXECUTED,SELECTION REQUIRED,NOT APPROVED,"PRELIMINARY - NOT APPROVED FOR FABRICATION, CONNECTION, MOTION, OR ENERGIZATION"
WALK-014-A05,WALK-014,TEST-BUS-001,SELECTION REQUIRED,SELECTION REQUIRED,NOT EXECUTED,PASS only if executed TEST-BUS-001 configuration-bound evidence demonstrates: Each segmented joint bus shall have measured worst-case jitter for the released traffic and fault cases.,NOT EXECUTED,NOT EXECUTED,SELECTION REQUIRED,NOT EXECUTED,SELECTION REQUIRED,NOT APPROVED,"PRELIMINARY - NOT APPROVED FOR FABRICATION, CONNECTION, MOTION, OR ENERGIZATION"
WALK-014-A06,WALK-014,TEST-BUS-001,SELECTION REQUIRED,SELECTION REQUIRED,NOT EXECUTED,PASS only if executed TEST-BUS-001 configuration-bound evidence demonstrates: Each segmented joint bus shall have measured worst-case utilization for the released traffic and fault cases.,NOT EXECUTED,NOT EXECUTED,SELECTION REQUIRED,NOT EXECUTED,SELECTION REQUIRED,NOT APPROVED,"PRELIMINARY - NOT APPROVED FOR FABRICATION, CONNECTION, MOTION, OR ENERGIZATION"
WALK-014-A07,WALK-014,TEST-BUS-001,SELECTION REQUIRED,SELECTION REQUIRED,NOT EXECUTED,PASS only if executed TEST-BUS-001 configuration-bound evidence demonstrates: Each segmented joint bus shall demonstrate its released response to injected fault traffic.,NOT EXECUTED,NOT EXECUTED,SELECTION REQUIRED,NOT EXECUTED,SELECTION REQUIRED,NOT APPROVED,"PRELIMINARY - NOT APPROVED FOR FABRICATION, CONNECTION, MOTION, OR ENERGIZATION"
