child_id,parent_id,normative_clause_count,semicolon_count,acceptance_criterion_present,result_fields_present,internal_disposition,approval_effect,warning
CFG-001-A01,CFG-001,1,0,YES,YES,CANDIDATE SCREENED - INDEPENDENT COVERAGE AND ATOMICITY ACCEPTANCE REQUIRED,NONE - PARENT AND CHILD REMAIN DRAFT,"PRELIMINARY - NOT APPROVED FOR FABRICATION, CONNECTION, MOTION, OR ENERGIZATION"
CFG-001-A02,CFG-001,1,0,YES,YES,CANDIDATE SCREENED - INDEPENDENT COVERAGE AND ATOMICITY ACCEPTANCE REQUIRED,NONE - PARENT AND CHILD REMAIN DRAFT,"PRELIMINARY - NOT APPROVED FOR FABRICATION, CONNECTION, MOTION, OR ENERGIZATION"
CFG-001-A03,CFG-001,1,0,YES,YES,CANDIDATE SCREENED - INDEPENDENT COVERAGE AND ATOMICITY ACCEPTANCE REQUIRED,NONE - PARENT AND CHILD REMAIN DRAFT,"PRELIMINARY - NOT APPROVED FOR FABRICATION, CONNECTION, MOTION, OR ENERGIZATION"
CFG-001-A04,CFG-001,1,0,YES,YES,CANDIDATE SCREENED - INDEPENDENT COVERAGE AND ATOMICITY ACCEPTANCE REQUIRED,NONE - PARENT AND CHILD REMAIN DRAFT,"PRELIMINARY - NOT APPROVED FOR FABRICATION, CONNECTION, MOTION, OR ENERGIZATION"
CFG-001-A05,CFG-001,1,0,YES,YES,CANDIDATE SCREENED - INDEPENDENT COVERAGE AND ATOMICITY ACCEPTANCE REQUIRED,NONE - PARENT AND CHILD REMAIN DRAFT,"PRELIMINARY - NOT APPROVED FOR FABRICATION, CONNECTION, MOTION, OR ENERGIZATION"
CFG-001-A06,CFG-001,1,0,YES,YES,CANDIDATE SCREENED - INDEPENDENT COVERAGE AND ATOMICITY ACCEPTANCE REQUIRED,NONE - PARENT AND CHILD REMAIN DRAFT,"PRELIMINARY - NOT APPROVED FOR FABRICATION, CONNECTION, MOTION, OR ENERGIZATION"
CFG-002-A01,CFG-002,1,0,YES,YES,CANDIDATE SCREENED - INDEPENDENT COVERAGE AND ATOMICITY ACCEPTANCE REQUIRED,NONE - PARENT AND CHILD REMAIN DRAFT,"PRELIMINARY - NOT APPROVED FOR FABRICATION, CONNECTION, MOTION, OR ENERGIZATION"
CFG-002-A02,CFG-002,1,0,YES,YES,CANDIDATE SCREENED - INDEPENDENT COVERAGE AND ATOMICITY ACCEPTANCE REQUIRED,NONE - PARENT AND CHILD REMAIN DRAFT,"PRELIMINARY - NOT APPROVED FOR FABRICATION, CONNECTION, MOTION, OR ENERGIZATION"
CFG-002-A03,CFG-002,1,0,YES,YES,CANDIDATE SCREENED - INDEPENDENT COVERAGE AND ATOMICITY ACCEPTANCE REQUIRED,NONE - PARENT AND CHILD REMAIN DRAFT,"PRELIMINARY - NOT APPROVED FOR FABRICATION, CONNECTION, MOTION, OR ENERGIZATION"
CFG-002-A04,CFG-002,1,0,YES,YES,CANDIDATE SCREENED - INDEPENDENT COVERAGE AND ATOMICITY ACCEPTANCE REQUIRED,NONE - PARENT AND CHILD REMAIN DRAFT,"PRELIMINARY - NOT APPROVED FOR FABRICATION, CONNECTION, MOTION, OR ENERGIZATION"
CFG-002-A05,CFG-002,1,0,YES,YES,CANDIDATE SCREENED - INDEPENDENT COVERAGE AND ATOMICITY ACCEPTANCE REQUIRED,NONE - PARENT AND CHILD REMAIN DRAFT,"PRELIMINARY - NOT APPROVED FOR FABRICATION, CONNECTION, MOTION, OR ENERGIZATION"
CFG-003-A01,CFG-003,1,0,YES,YES,CANDIDATE SCREENED - INDEPENDENT COVERAGE AND ATOMICITY ACCEPTANCE REQUIRED,NONE - PARENT AND CHILD REMAIN DRAFT,"PRELIMINARY - NOT APPROVED FOR FABRICATION, CONNECTION, MOTION, OR ENERGIZATION"
CFG-003-A02,CFG-003,1,0,YES,YES,CANDIDATE SCREENED - INDEPENDENT COVERAGE AND ATOMICITY ACCEPTANCE REQUIRED,NONE - PARENT AND CHILD REMAIN DRAFT,"PRELIMINARY - NOT APPROVED FOR FABRICATION, CONNECTION, MOTION, OR ENERGIZATION"
CFG-003-A03,CFG-003,1,0,YES,YES,CANDIDATE SCREENED - INDEPENDENT COVERAGE AND ATOMICITY ACCEPTANCE REQUIRED,NONE - PARENT AND CHILD REMAIN DRAFT,"PRELIMINARY - NOT APPROVED FOR FABRICATION, CONNECTION, MOTION, OR ENERGIZATION"
CFG-003-A04,CFG-003,1,0,YES,YES,CANDIDATE SCREENED - INDEPENDENT COVERAGE AND ATOMICITY ACCEPTANCE REQUIRED,NONE - PARENT AND CHILD REMAIN DRAFT,"PRELIMINARY - NOT APPROVED FOR FABRICATION, CONNECTION, MOTION, OR ENERGIZATION"
CFG-003-A05,CFG-003,1,0,YES,YES,CANDIDATE SCREENED - INDEPENDENT COVERAGE AND ATOMICITY ACCEPTANCE REQUIRED,NONE - PARENT AND CHILD REMAIN DRAFT,"PRELIMINARY - NOT APPROVED FOR FABRICATION, CONNECTION, MOTION, OR ENERGIZATION"
CFG-003-A06,CFG-003,1,0,YES,YES,CANDIDATE SCREENED - INDEPENDENT COVERAGE AND ATOMICITY ACCEPTANCE REQUIRED,NONE - PARENT AND CHILD REMAIN DRAFT,"PRELIMINARY - NOT APPROVED FOR FABRICATION, CONNECTION, MOTION, OR ENERGIZATION"
CFG-003-A07,CFG-003,1,0,YES,YES,CANDIDATE SCREENED - INDEPENDENT COVERAGE AND ATOMICITY ACCEPTANCE REQUIRED,NONE - PARENT AND CHILD REMAIN DRAFT,"PRELIMINARY - NOT APPROVED FOR FABRICATION, CONNECTION, MOTION, OR ENERGIZATION"
CFG-003-A08,CFG-003,1,0,YES,YES,CANDIDATE SCREENED - INDEPENDENT COVERAGE AND ATOMICITY ACCEPTANCE REQUIRED,NONE - PARENT AND CHILD REMAIN DRAFT,"PRELIMINARY - NOT APPROVED FOR FABRICATION, CONNECTION, MOTION, OR ENERGIZATION"
CFG-003-A09,CFG-003,1,0,YES,YES,CANDIDATE SCREENED - INDEPENDENT COVERAGE AND ATOMICITY ACCEPTANCE REQUIRED,NONE - PARENT AND CHILD REMAIN DRAFT,"PRELIMINARY - NOT APPROVED FOR FABRICATION, CONNECTION, MOTION, OR ENERGIZATION"
CFG-003-A10,CFG-003,1,0,YES,YES,CANDIDATE SCREENED - INDEPENDENT COVERAGE AND ATOMICITY ACCEPTANCE REQUIRED,NONE - PARENT AND CHILD REMAIN DRAFT,"PRELIMINARY - NOT APPROVED FOR FABRICATION, CONNECTION, MOTION, OR ENERGIZATION"
CFG-003-A11,CFG-003,1,0,YES,YES,CANDIDATE SCREENED - INDEPENDENT COVERAGE AND ATOMICITY ACCEPTANCE REQUIRED,NONE - PARENT AND CHILD REMAIN DRAFT,"PRELIMINARY - NOT APPROVED FOR FABRICATION, CONNECTION, MOTION, OR ENERGIZATION"
CFG-003-A12,CFG-003,1,0,YES,YES,CANDIDATE SCREENED - INDEPENDENT COVERAGE AND ATOMICITY ACCEPTANCE REQUIRED,NONE - PARENT AND CHILD REMAIN DRAFT,"PRELIMINARY - NOT APPROVED FOR FABRICATION, CONNECTION, MOTION, OR ENERGIZATION"
COMM-001-A01,COMM-001,1,0,YES,YES,CANDIDATE SCREENED - INDEPENDENT COVERAGE AND ATOMICITY ACCEPTANCE REQUIRED,NONE - PARENT AND CHILD REMAIN DRAFT,"PRELIMINARY - NOT APPROVED FOR FABRICATION, CONNECTION, MOTION, OR ENERGIZATION"
COMM-001-A02,COMM-001,1,0,YES,YES,CANDIDATE SCREENED - INDEPENDENT COVERAGE AND ATOMICITY ACCEPTANCE REQUIRED,NONE - PARENT AND CHILD REMAIN DRAFT,"PRELIMINARY - NOT APPROVED FOR FABRICATION, CONNECTION, MOTION, OR ENERGIZATION"
COMM-001-A03,COMM-001,1,0,YES,YES,CANDIDATE SCREENED - INDEPENDENT COVERAGE AND ATOMICITY ACCEPTANCE REQUIRED,NONE - PARENT AND CHILD REMAIN DRAFT,"PRELIMINARY - NOT APPROVED FOR FABRICATION, CONNECTION, MOTION, OR ENERGIZATION"
COMM-001-A04,COMM-001,1,0,YES,YES,CANDIDATE SCREENED - INDEPENDENT COVERAGE AND ATOMICITY ACCEPTANCE REQUIRED,NONE - PARENT AND CHILD REMAIN DRAFT,"PRELIMINARY - NOT APPROVED FOR FABRICATION, CONNECTION, MOTION, OR ENERGIZATION"
COMM-001-A05,COMM-001,1,0,YES,YES,CANDIDATE SCREENED - INDEPENDENT COVERAGE AND ATOMICITY ACCEPTANCE REQUIRED,NONE - PARENT AND CHILD REMAIN DRAFT,"PRELIMINARY - NOT APPROVED FOR FABRICATION, CONNECTION, MOTION, OR ENERGIZATION"
COMM-001-A06,COMM-001,1,0,YES,YES,CANDIDATE SCREENED - INDEPENDENT COVERAGE AND ATOMICITY ACCEPTANCE REQUIRED,NONE - PARENT AND CHILD REMAIN DRAFT,"PRELIMINARY - NOT APPROVED FOR FABRICATION, CONNECTION, MOTION, OR ENERGIZATION"
COMM-001-A07,COMM-001,1,0,YES,YES,CANDIDATE SCREENED - INDEPENDENT COVERAGE AND ATOMICITY ACCEPTANCE REQUIRED,NONE - PARENT AND CHILD REMAIN DRAFT,"PRELIMINARY - NOT APPROVED FOR FABRICATION, CONNECTION, MOTION, OR ENERGIZATION"
COMM-001-A08,COMM-001,1,0,YES,YES,CANDIDATE SCREENED - INDEPENDENT COVERAGE AND ATOMICITY ACCEPTANCE REQUIRED,NONE - PARENT AND CHILD REMAIN DRAFT,"PRELIMINARY - NOT APPROVED FOR FABRICATION, CONNECTION, MOTION, OR ENERGIZATION"
COMM-001-A09,COMM-001,1,0,YES,YES,CANDIDATE SCREENED - INDEPENDENT COVERAGE AND ATOMICITY ACCEPTANCE REQUIRED,NONE - PARENT AND CHILD REMAIN DRAFT,"PRELIMINARY - NOT APPROVED FOR FABRICATION, CONNECTION, MOTION, OR ENERGIZATION"
COMM-001-A10,COMM-001,1,0,YES,YES,CANDIDATE SCREENED - INDEPENDENT COVERAGE AND ATOMICITY ACCEPTANCE REQUIRED,NONE - PARENT AND CHILD REMAIN DRAFT,"PRELIMINARY - NOT APPROVED FOR FABRICATION, CONNECTION, MOTION, OR ENERGIZATION"
COMM-002-A01,COMM-002,1,0,YES,YES,CANDIDATE SCREENED - INDEPENDENT COVERAGE AND ATOMICITY ACCEPTANCE REQUIRED,NONE - PARENT AND CHILD REMAIN DRAFT,"PRELIMINARY - NOT APPROVED FOR FABRICATION, CONNECTION, MOTION, OR ENERGIZATION"
COMM-002-A02,COMM-002,1,0,YES,YES,CANDIDATE SCREENED - INDEPENDENT COVERAGE AND ATOMICITY ACCEPTANCE REQUIRED,NONE - PARENT AND CHILD REMAIN DRAFT,"PRELIMINARY - NOT APPROVED FOR FABRICATION, CONNECTION, MOTION, OR ENERGIZATION"
COMM-002-A03,COMM-002,1,0,YES,YES,CANDIDATE SCREENED - INDEPENDENT COVERAGE AND ATOMICITY ACCEPTANCE REQUIRED,NONE - PARENT AND CHILD REMAIN DRAFT,"PRELIMINARY - NOT APPROVED FOR FABRICATION, CONNECTION, MOTION, OR ENERGIZATION"
COMM-002-A04,COMM-002,1,0,YES,YES,CANDIDATE SCREENED - INDEPENDENT COVERAGE AND ATOMICITY ACCEPTANCE REQUIRED,NONE - PARENT AND CHILD REMAIN DRAFT,"PRELIMINARY - NOT APPROVED FOR FABRICATION, CONNECTION, MOTION, OR ENERGIZATION"
COMM-002-A05,COMM-002,1,0,YES,YES,CANDIDATE SCREENED - INDEPENDENT COVERAGE AND ATOMICITY ACCEPTANCE REQUIRED,NONE - PARENT AND CHILD REMAIN DRAFT,"PRELIMINARY - NOT APPROVED FOR FABRICATION, CONNECTION, MOTION, OR ENERGIZATION"
COMM-002-A06,COMM-002,1,0,YES,YES,CANDIDATE SCREENED - INDEPENDENT COVERAGE AND ATOMICITY ACCEPTANCE REQUIRED,NONE - PARENT AND CHILD REMAIN DRAFT,"PRELIMINARY - NOT APPROVED FOR FABRICATION, CONNECTION, MOTION, OR ENERGIZATION"
COMM-002-A07,COMM-002,1,0,YES,YES,CANDIDATE SCREENED - INDEPENDENT COVERAGE AND ATOMICITY ACCEPTANCE REQUIRED,NONE - PARENT AND CHILD REMAIN DRAFT,"PRELIMINARY - NOT APPROVED FOR FABRICATION, CONNECTION, MOTION, OR ENERGIZATION"
COMM-003-A01,COMM-003,1,0,YES,YES,CANDIDATE SCREENED - INDEPENDENT COVERAGE AND ATOMICITY ACCEPTANCE REQUIRED,NONE - PARENT AND CHILD REMAIN DRAFT,"PRELIMINARY - NOT APPROVED FOR FABRICATION, CONNECTION, MOTION, OR ENERGIZATION"
COMM-003-A02,COMM-003,1,0,YES,YES,CANDIDATE SCREENED - INDEPENDENT COVERAGE AND ATOMICITY ACCEPTANCE REQUIRED,NONE - PARENT AND CHILD REMAIN DRAFT,"PRELIMINARY - NOT APPROVED FOR FABRICATION, CONNECTION, MOTION, OR ENERGIZATION"
COMM-003-A03,COMM-003,1,0,YES,YES,CANDIDATE SCREENED - INDEPENDENT COVERAGE AND ATOMICITY ACCEPTANCE REQUIRED,NONE - PARENT AND CHILD REMAIN DRAFT,"PRELIMINARY - NOT APPROVED FOR FABRICATION, CONNECTION, MOTION, OR ENERGIZATION"
COMM-003-A04,COMM-003,1,0,YES,YES,CANDIDATE SCREENED - INDEPENDENT COVERAGE AND ATOMICITY ACCEPTANCE REQUIRED,NONE - PARENT AND CHILD REMAIN DRAFT,"PRELIMINARY - NOT APPROVED FOR FABRICATION, CONNECTION, MOTION, OR ENERGIZATION"
COMM-003-A05,COMM-003,1,0,YES,YES,CANDIDATE SCREENED - INDEPENDENT COVERAGE AND ATOMICITY ACCEPTANCE REQUIRED,NONE - PARENT AND CHILD REMAIN DRAFT,"PRELIMINARY - NOT APPROVED FOR FABRICATION, CONNECTION, MOTION, OR ENERGIZATION"
COMM-003-A06,COMM-003,1,0,YES,YES,CANDIDATE SCREENED - INDEPENDENT COVERAGE AND ATOMICITY ACCEPTANCE REQUIRED,NONE - PARENT AND CHILD REMAIN DRAFT,"PRELIMINARY - NOT APPROVED FOR FABRICATION, CONNECTION, MOTION, OR ENERGIZATION"
COMM-003-A07,COMM-003,1,0,YES,YES,CANDIDATE SCREENED - INDEPENDENT COVERAGE AND ATOMICITY ACCEPTANCE REQUIRED,NONE - PARENT AND CHILD REMAIN DRAFT,"PRELIMINARY - NOT APPROVED FOR FABRICATION, CONNECTION, MOTION, OR ENERGIZATION"
COMM-003-A08,COMM-003,1,0,YES,YES,CANDIDATE SCREENED - INDEPENDENT COVERAGE AND ATOMICITY ACCEPTANCE REQUIRED,NONE - PARENT AND CHILD REMAIN DRAFT,"PRELIMINARY - NOT APPROVED FOR FABRICATION, CONNECTION, MOTION, OR ENERGIZATION"
COMM-003-A09,COMM-003,1,0,YES,YES,CANDIDATE SCREENED - INDEPENDENT COVERAGE AND ATOMICITY ACCEPTANCE REQUIRED,NONE - PARENT AND CHILD REMAIN DRAFT,"PRELIMINARY - NOT APPROVED FOR FABRICATION, CONNECTION, MOTION, OR ENERGIZATION"
COMM-003-A10,COMM-003,1,0,YES,YES,CANDIDATE SCREENED - INDEPENDENT COVERAGE AND ATOMICITY ACCEPTANCE REQUIRED,NONE - PARENT AND CHILD REMAIN DRAFT,"PRELIMINARY - NOT APPROVED FOR FABRICATION, CONNECTION, MOTION, OR ENERGIZATION"
COMM-003-A11,COMM-003,1,0,YES,YES,CANDIDATE SCREENED - INDEPENDENT COVERAGE AND ATOMICITY ACCEPTANCE REQUIRED,NONE - PARENT AND CHILD REMAIN DRAFT,"PRELIMINARY - NOT APPROVED FOR FABRICATION, CONNECTION, MOTION, OR ENERGIZATION"
COMM-003-A12,COMM-003,1,0,YES,YES,CANDIDATE SCREENED - INDEPENDENT COVERAGE AND ATOMICITY ACCEPTANCE REQUIRED,NONE - PARENT AND CHILD REMAIN DRAFT,"PRELIMINARY - NOT APPROVED FOR FABRICATION, CONNECTION, MOTION, OR ENERGIZATION"
COMM-003-A13,COMM-003,1,0,YES,YES,CANDIDATE SCREENED - INDEPENDENT COVERAGE AND ATOMICITY ACCEPTANCE REQUIRED,NONE - PARENT AND CHILD REMAIN DRAFT,"PRELIMINARY - NOT APPROVED FOR FABRICATION, CONNECTION, MOTION, OR ENERGIZATION"
COMM-003-A14,COMM-003,1,0,YES,YES,CANDIDATE SCREENED - INDEPENDENT COVERAGE AND ATOMICITY ACCEPTANCE REQUIRED,NONE - PARENT AND CHILD REMAIN DRAFT,"PRELIMINARY - NOT APPROVED FOR FABRICATION, CONNECTION, MOTION, OR ENERGIZATION"
COMM-004-A01,COMM-004,1,0,YES,YES,CANDIDATE SCREENED - INDEPENDENT COVERAGE AND ATOMICITY ACCEPTANCE REQUIRED,NONE - PARENT AND CHILD REMAIN DRAFT,"PRELIMINARY - NOT APPROVED FOR FABRICATION, CONNECTION, MOTION, OR ENERGIZATION"
COMM-004-A02,COMM-004,1,0,YES,YES,CANDIDATE SCREENED - INDEPENDENT COVERAGE AND ATOMICITY ACCEPTANCE REQUIRED,NONE - PARENT AND CHILD REMAIN DRAFT,"PRELIMINARY - NOT APPROVED FOR FABRICATION, CONNECTION, MOTION, OR ENERGIZATION"
COMM-004-A03,COMM-004,1,0,YES,YES,CANDIDATE SCREENED - INDEPENDENT COVERAGE AND ATOMICITY ACCEPTANCE REQUIRED,NONE - PARENT AND CHILD REMAIN DRAFT,"PRELIMINARY - NOT APPROVED FOR FABRICATION, CONNECTION, MOTION, OR ENERGIZATION"
COMM-004-A04,COMM-004,1,0,YES,YES,CANDIDATE SCREENED - INDEPENDENT COVERAGE AND ATOMICITY ACCEPTANCE REQUIRED,NONE - PARENT AND CHILD REMAIN DRAFT,"PRELIMINARY - NOT APPROVED FOR FABRICATION, CONNECTION, MOTION, OR ENERGIZATION"
COMM-004-A05,COMM-004,1,0,YES,YES,CANDIDATE SCREENED - INDEPENDENT COVERAGE AND ATOMICITY ACCEPTANCE REQUIRED,NONE - PARENT AND CHILD REMAIN DRAFT,"PRELIMINARY - NOT APPROVED FOR FABRICATION, CONNECTION, MOTION, OR ENERGIZATION"
COMM-004-A06,COMM-004,1,0,YES,YES,CANDIDATE SCREENED - INDEPENDENT COVERAGE AND ATOMICITY ACCEPTANCE REQUIRED,NONE - PARENT AND CHILD REMAIN DRAFT,"PRELIMINARY - NOT APPROVED FOR FABRICATION, CONNECTION, MOTION, OR ENERGIZATION"
COMM-004-A07,COMM-004,1,0,YES,YES,CANDIDATE SCREENED - INDEPENDENT COVERAGE AND ATOMICITY ACCEPTANCE REQUIRED,NONE - PARENT AND CHILD REMAIN DRAFT,"PRELIMINARY - NOT APPROVED FOR FABRICATION, CONNECTION, MOTION, OR ENERGIZATION"
COMM-004-A08,COMM-004,1,0,YES,YES,CANDIDATE SCREENED - INDEPENDENT COVERAGE AND ATOMICITY ACCEPTANCE REQUIRED,NONE - PARENT AND CHILD REMAIN DRAFT,"PRELIMINARY - NOT APPROVED FOR FABRICATION, CONNECTION, MOTION, OR ENERGIZATION"
COMM-004-A09,COMM-004,1,0,YES,YES,CANDIDATE SCREENED - INDEPENDENT COVERAGE AND ATOMICITY ACCEPTANCE REQUIRED,NONE - PARENT AND CHILD REMAIN DRAFT,"PRELIMINARY - NOT APPROVED FOR FABRICATION, CONNECTION, MOTION, OR ENERGIZATION"
COMM-004-A10,COMM-004,1,0,YES,YES,CANDIDATE SCREENED - INDEPENDENT COVERAGE AND ATOMICITY ACCEPTANCE REQUIRED,NONE - PARENT AND CHILD REMAIN DRAFT,"PRELIMINARY - NOT APPROVED FOR FABRICATION, CONNECTION, MOTION, OR ENERGIZATION"
COMM-005-A01,COMM-005,1,0,YES,YES,CANDIDATE SCREENED - INDEPENDENT COVERAGE AND ATOMICITY ACCEPTANCE REQUIRED,NONE - PARENT AND CHILD REMAIN DRAFT,"PRELIMINARY - NOT APPROVED FOR FABRICATION, CONNECTION, MOTION, OR ENERGIZATION"
COMM-005-A02,COMM-005,1,0,YES,YES,CANDIDATE SCREENED - INDEPENDENT COVERAGE AND ATOMICITY ACCEPTANCE REQUIRED,NONE - PARENT AND CHILD REMAIN DRAFT,"PRELIMINARY - NOT APPROVED FOR FABRICATION, CONNECTION, MOTION, OR ENERGIZATION"
COMM-005-A03,COMM-005,1,0,YES,YES,CANDIDATE SCREENED - INDEPENDENT COVERAGE AND ATOMICITY ACCEPTANCE REQUIRED,NONE - PARENT AND CHILD REMAIN DRAFT,"PRELIMINARY - NOT APPROVED FOR FABRICATION, CONNECTION, MOTION, OR ENERGIZATION"
COMM-005-A04,COMM-005,1,0,YES,YES,CANDIDATE SCREENED - INDEPENDENT COVERAGE AND ATOMICITY ACCEPTANCE REQUIRED,NONE - PARENT AND CHILD REMAIN DRAFT,"PRELIMINARY - NOT APPROVED FOR FABRICATION, CONNECTION, MOTION, OR ENERGIZATION"
COMM-005-A05,COMM-005,1,0,YES,YES,CANDIDATE SCREENED - INDEPENDENT COVERAGE AND ATOMICITY ACCEPTANCE REQUIRED,NONE - PARENT AND CHILD REMAIN DRAFT,"PRELIMINARY - NOT APPROVED FOR FABRICATION, CONNECTION, MOTION, OR ENERGIZATION"
COMM-005-A06,COMM-005,1,0,YES,YES,CANDIDATE SCREENED - INDEPENDENT COVERAGE AND ATOMICITY ACCEPTANCE REQUIRED,NONE - PARENT AND CHILD REMAIN DRAFT,"PRELIMINARY - NOT APPROVED FOR FABRICATION, CONNECTION, MOTION, OR ENERGIZATION"
COMM-005-A07,COMM-005,1,0,YES,YES,CANDIDATE SCREENED - INDEPENDENT COVERAGE AND ATOMICITY ACCEPTANCE REQUIRED,NONE - PARENT AND CHILD REMAIN DRAFT,"PRELIMINARY - NOT APPROVED FOR FABRICATION, CONNECTION, MOTION, OR ENERGIZATION"
COMM-005-A08,COMM-005,1,0,YES,YES,CANDIDATE SCREENED - INDEPENDENT COVERAGE AND ATOMICITY ACCEPTANCE REQUIRED,NONE - PARENT AND CHILD REMAIN DRAFT,"PRELIMINARY - NOT APPROVED FOR FABRICATION, CONNECTION, MOTION, OR ENERGIZATION"
COMM-005-A09,COMM-005,1,0,YES,YES,CANDIDATE SCREENED - INDEPENDENT COVERAGE AND ATOMICITY ACCEPTANCE REQUIRED,NONE - PARENT AND CHILD REMAIN DRAFT,"PRELIMINARY - NOT APPROVED FOR FABRICATION, CONNECTION, MOTION, OR ENERGIZATION"
COMM-005-A10,COMM-005,1,0,YES,YES,CANDIDATE SCREENED - INDEPENDENT COVERAGE AND ATOMICITY ACCEPTANCE REQUIRED,NONE - PARENT AND CHILD REMAIN DRAFT,"PRELIMINARY - NOT APPROVED FOR FABRICATION, CONNECTION, MOTION, OR ENERGIZATION"
COMM-005-A11,COMM-005,1,0,YES,YES,CANDIDATE SCREENED - INDEPENDENT COVERAGE AND ATOMICITY ACCEPTANCE REQUIRED,NONE - PARENT AND CHILD REMAIN DRAFT,"PRELIMINARY - NOT APPROVED FOR FABRICATION, CONNECTION, MOTION, OR ENERGIZATION"
COMM-005-A12,COMM-005,1,0,YES,YES,CANDIDATE SCREENED - INDEPENDENT COVERAGE AND ATOMICITY ACCEPTANCE REQUIRED,NONE - PARENT AND CHILD REMAIN DRAFT,"PRELIMINARY - NOT APPROVED FOR FABRICATION, CONNECTION, MOTION, OR ENERGIZATION"
COMM-005-A13,COMM-005,1,0,YES,YES,CANDIDATE SCREENED - INDEPENDENT COVERAGE AND ATOMICITY ACCEPTANCE REQUIRED,NONE - PARENT AND CHILD REMAIN DRAFT,"PRELIMINARY - NOT APPROVED FOR FABRICATION, CONNECTION, MOTION, OR ENERGIZATION"
COMM-005-A14,COMM-005,1,0,YES,YES,CANDIDATE SCREENED - INDEPENDENT COVERAGE AND ATOMICITY ACCEPTANCE REQUIRED,NONE - PARENT AND CHILD REMAIN DRAFT,"PRELIMINARY - NOT APPROVED FOR FABRICATION, CONNECTION, MOTION, OR ENERGIZATION"
COMM-005-A15,COMM-005,1,0,YES,YES,CANDIDATE SCREENED - INDEPENDENT COVERAGE AND ATOMICITY ACCEPTANCE REQUIRED,NONE - PARENT AND CHILD REMAIN DRAFT,"PRELIMINARY - NOT APPROVED FOR FABRICATION, CONNECTION, MOTION, OR ENERGIZATION"
COMM-005-A16,COMM-005,1,0,YES,YES,CANDIDATE SCREENED - INDEPENDENT COVERAGE AND ATOMICITY ACCEPTANCE REQUIRED,NONE - PARENT AND CHILD REMAIN DRAFT,"PRELIMINARY - NOT APPROVED FOR FABRICATION, CONNECTION, MOTION, OR ENERGIZATION"
CTRL-003-A01,CTRL-003,1,0,YES,YES,CANDIDATE SCREENED - INDEPENDENT COVERAGE AND ATOMICITY ACCEPTANCE REQUIRED,NONE - PARENT AND CHILD REMAIN DRAFT,"PRELIMINARY - NOT APPROVED FOR FABRICATION, CONNECTION, MOTION, OR ENERGIZATION"
CTRL-003-A02,CTRL-003,1,0,YES,YES,CANDIDATE SCREENED - INDEPENDENT COVERAGE AND ATOMICITY ACCEPTANCE REQUIRED,NONE - PARENT AND CHILD REMAIN DRAFT,"PRELIMINARY - NOT APPROVED FOR FABRICATION, CONNECTION, MOTION, OR ENERGIZATION"
CTRL-003-A03,CTRL-003,1,0,YES,YES,CANDIDATE SCREENED - INDEPENDENT COVERAGE AND ATOMICITY ACCEPTANCE REQUIRED,NONE - PARENT AND CHILD REMAIN DRAFT,"PRELIMINARY - NOT APPROVED FOR FABRICATION, CONNECTION, MOTION, OR ENERGIZATION"
CTRL-003-A04,CTRL-003,1,0,YES,YES,CANDIDATE SCREENED - INDEPENDENT COVERAGE AND ATOMICITY ACCEPTANCE REQUIRED,NONE - PARENT AND CHILD REMAIN DRAFT,"PRELIMINARY - NOT APPROVED FOR FABRICATION, CONNECTION, MOTION, OR ENERGIZATION"
CTRL-003-A05,CTRL-003,1,0,YES,YES,CANDIDATE SCREENED - INDEPENDENT COVERAGE AND ATOMICITY ACCEPTANCE REQUIRED,NONE - PARENT AND CHILD REMAIN DRAFT,"PRELIMINARY - NOT APPROVED FOR FABRICATION, CONNECTION, MOTION, OR ENERGIZATION"
CTRL-004-A01,CTRL-004,1,0,YES,YES,CANDIDATE SCREENED - INDEPENDENT COVERAGE AND ATOMICITY ACCEPTANCE REQUIRED,NONE - PARENT AND CHILD REMAIN DRAFT,"PRELIMINARY - NOT APPROVED FOR FABRICATION, CONNECTION, MOTION, OR ENERGIZATION"
CTRL-004-A02,CTRL-004,1,0,YES,YES,CANDIDATE SCREENED - INDEPENDENT COVERAGE AND ATOMICITY ACCEPTANCE REQUIRED,NONE - PARENT AND CHILD REMAIN DRAFT,"PRELIMINARY - NOT APPROVED FOR FABRICATION, CONNECTION, MOTION, OR ENERGIZATION"
CTRL-004-A03,CTRL-004,1,0,YES,YES,CANDIDATE SCREENED - INDEPENDENT COVERAGE AND ATOMICITY ACCEPTANCE REQUIRED,NONE - PARENT AND CHILD REMAIN DRAFT,"PRELIMINARY - NOT APPROVED FOR FABRICATION, CONNECTION, MOTION, OR ENERGIZATION"
CTRL-004-A04,CTRL-004,1,0,YES,YES,CANDIDATE SCREENED - INDEPENDENT COVERAGE AND ATOMICITY ACCEPTANCE REQUIRED,NONE - PARENT AND CHILD REMAIN DRAFT,"PRELIMINARY - NOT APPROVED FOR FABRICATION, CONNECTION, MOTION, OR ENERGIZATION"
CTRL-004-A05,CTRL-004,1,0,YES,YES,CANDIDATE SCREENED - INDEPENDENT COVERAGE AND ATOMICITY ACCEPTANCE REQUIRED,NONE - PARENT AND CHILD REMAIN DRAFT,"PRELIMINARY - NOT APPROVED FOR FABRICATION, CONNECTION, MOTION, OR ENERGIZATION"
CTRL-005-A01,CTRL-005,1,0,YES,YES,CANDIDATE SCREENED - INDEPENDENT COVERAGE AND ATOMICITY ACCEPTANCE REQUIRED,NONE - PARENT AND CHILD REMAIN DRAFT,"PRELIMINARY - NOT APPROVED FOR FABRICATION, CONNECTION, MOTION, OR ENERGIZATION"
CTRL-005-A02,CTRL-005,1,0,YES,YES,CANDIDATE SCREENED - INDEPENDENT COVERAGE AND ATOMICITY ACCEPTANCE REQUIRED,NONE - PARENT AND CHILD REMAIN DRAFT,"PRELIMINARY - NOT APPROVED FOR FABRICATION, CONNECTION, MOTION, OR ENERGIZATION"
CTRL-005-A03,CTRL-005,1,0,YES,YES,CANDIDATE SCREENED - INDEPENDENT COVERAGE AND ATOMICITY ACCEPTANCE REQUIRED,NONE - PARENT AND CHILD REMAIN DRAFT,"PRELIMINARY - NOT APPROVED FOR FABRICATION, CONNECTION, MOTION, OR ENERGIZATION"
CTRL-005-A04,CTRL-005,1,0,YES,YES,CANDIDATE SCREENED - INDEPENDENT COVERAGE AND ATOMICITY ACCEPTANCE REQUIRED,NONE - PARENT AND CHILD REMAIN DRAFT,"PRELIMINARY - NOT APPROVED FOR FABRICATION, CONNECTION, MOTION, OR ENERGIZATION"
CTRL-005-A05,CTRL-005,1,0,YES,YES,CANDIDATE SCREENED - INDEPENDENT COVERAGE AND ATOMICITY ACCEPTANCE REQUIRED,NONE - PARENT AND CHILD REMAIN DRAFT,"PRELIMINARY - NOT APPROVED FOR FABRICATION, CONNECTION, MOTION, OR ENERGIZATION"
CTRL-005-A06,CTRL-005,1,0,YES,YES,CANDIDATE SCREENED - INDEPENDENT COVERAGE AND ATOMICITY ACCEPTANCE REQUIRED,NONE - PARENT AND CHILD REMAIN DRAFT,"PRELIMINARY - NOT APPROVED FOR FABRICATION, CONNECTION, MOTION, OR ENERGIZATION"
CTRL-005-A07,CTRL-005,1,0,YES,YES,CANDIDATE SCREENED - INDEPENDENT COVERAGE AND ATOMICITY ACCEPTANCE REQUIRED,NONE - PARENT AND CHILD REMAIN DRAFT,"PRELIMINARY - NOT APPROVED FOR FABRICATION, CONNECTION, MOTION, OR ENERGIZATION"
CTRL-005-A08,CTRL-005,1,0,YES,YES,CANDIDATE SCREENED - INDEPENDENT COVERAGE AND ATOMICITY ACCEPTANCE REQUIRED,NONE - PARENT AND CHILD REMAIN DRAFT,"PRELIMINARY - NOT APPROVED FOR FABRICATION, CONNECTION, MOTION, OR ENERGIZATION"
CTRL-005-A09,CTRL-005,1,0,YES,YES,CANDIDATE SCREENED - INDEPENDENT COVERAGE AND ATOMICITY ACCEPTANCE REQUIRED,NONE - PARENT AND CHILD REMAIN DRAFT,"PRELIMINARY - NOT APPROVED FOR FABRICATION, CONNECTION, MOTION, OR ENERGIZATION"
CTRL-006-A01,CTRL-006,1,0,YES,YES,CANDIDATE SCREENED - INDEPENDENT COVERAGE AND ATOMICITY ACCEPTANCE REQUIRED,NONE - PARENT AND CHILD REMAIN DRAFT,"PRELIMINARY - NOT APPROVED FOR FABRICATION, CONNECTION, MOTION, OR ENERGIZATION"
CTRL-006-A02,CTRL-006,1,0,YES,YES,CANDIDATE SCREENED - INDEPENDENT COVERAGE AND ATOMICITY ACCEPTANCE REQUIRED,NONE - PARENT AND CHILD REMAIN DRAFT,"PRELIMINARY - NOT APPROVED FOR FABRICATION, CONNECTION, MOTION, OR ENERGIZATION"
CTRL-006-A03,CTRL-006,1,0,YES,YES,CANDIDATE SCREENED - INDEPENDENT COVERAGE AND ATOMICITY ACCEPTANCE REQUIRED,NONE - PARENT AND CHILD REMAIN DRAFT,"PRELIMINARY - NOT APPROVED FOR FABRICATION, CONNECTION, MOTION, OR ENERGIZATION"
CTRL-006-A04,CTRL-006,1,0,YES,YES,CANDIDATE SCREENED - INDEPENDENT COVERAGE AND ATOMICITY ACCEPTANCE REQUIRED,NONE - PARENT AND CHILD REMAIN DRAFT,"PRELIMINARY - NOT APPROVED FOR FABRICATION, CONNECTION, MOTION, OR ENERGIZATION"
CTRL-006-A05,CTRL-006,1,0,YES,YES,CANDIDATE SCREENED - INDEPENDENT COVERAGE AND ATOMICITY ACCEPTANCE REQUIRED,NONE - PARENT AND CHILD REMAIN DRAFT,"PRELIMINARY - NOT APPROVED FOR FABRICATION, CONNECTION, MOTION, OR ENERGIZATION"
CTRL-006-A06,CTRL-006,1,0,YES,YES,CANDIDATE SCREENED - INDEPENDENT COVERAGE AND ATOMICITY ACCEPTANCE REQUIRED,NONE - PARENT AND CHILD REMAIN DRAFT,"PRELIMINARY - NOT APPROVED FOR FABRICATION, CONNECTION, MOTION, OR ENERGIZATION"
CTRL-006-A07,CTRL-006,1,0,YES,YES,CANDIDATE SCREENED - INDEPENDENT COVERAGE AND ATOMICITY ACCEPTANCE REQUIRED,NONE - PARENT AND CHILD REMAIN DRAFT,"PRELIMINARY - NOT APPROVED FOR FABRICATION, CONNECTION, MOTION, OR ENERGIZATION"
CTRL-006-A08,CTRL-006,1,0,YES,YES,CANDIDATE SCREENED - INDEPENDENT COVERAGE AND ATOMICITY ACCEPTANCE REQUIRED,NONE - PARENT AND CHILD REMAIN DRAFT,"PRELIMINARY - NOT APPROVED FOR FABRICATION, CONNECTION, MOTION, OR ENERGIZATION"
CTRL-006-A09,CTRL-006,1,0,YES,YES,CANDIDATE SCREENED - INDEPENDENT COVERAGE AND ATOMICITY ACCEPTANCE REQUIRED,NONE - PARENT AND CHILD REMAIN DRAFT,"PRELIMINARY - NOT APPROVED FOR FABRICATION, CONNECTION, MOTION, OR ENERGIZATION"
CTRL-006-A10,CTRL-006,1,0,YES,YES,CANDIDATE SCREENED - INDEPENDENT COVERAGE AND ATOMICITY ACCEPTANCE REQUIRED,NONE - PARENT AND CHILD REMAIN DRAFT,"PRELIMINARY - NOT APPROVED FOR FABRICATION, CONNECTION, MOTION, OR ENERGIZATION"
CTRL-006-A11,CTRL-006,1,0,YES,YES,CANDIDATE SCREENED - INDEPENDENT COVERAGE AND ATOMICITY ACCEPTANCE REQUIRED,NONE - PARENT AND CHILD REMAIN DRAFT,"PRELIMINARY - NOT APPROVED FOR FABRICATION, CONNECTION, MOTION, OR ENERGIZATION"
CTRL-006-A12,CTRL-006,1,0,YES,YES,CANDIDATE SCREENED - INDEPENDENT COVERAGE AND ATOMICITY ACCEPTANCE REQUIRED,NONE - PARENT AND CHILD REMAIN DRAFT,"PRELIMINARY - NOT APPROVED FOR FABRICATION, CONNECTION, MOTION, OR ENERGIZATION"
CTRL-006-A13,CTRL-006,1,0,YES,YES,CANDIDATE SCREENED - INDEPENDENT COVERAGE AND ATOMICITY ACCEPTANCE REQUIRED,NONE - PARENT AND CHILD REMAIN DRAFT,"PRELIMINARY - NOT APPROVED FOR FABRICATION, CONNECTION, MOTION, OR ENERGIZATION"
CTRL-006-A14,CTRL-006,1,0,YES,YES,CANDIDATE SCREENED - INDEPENDENT COVERAGE AND ATOMICITY ACCEPTANCE REQUIRED,NONE - PARENT AND CHILD REMAIN DRAFT,"PRELIMINARY - NOT APPROVED FOR FABRICATION, CONNECTION, MOTION, OR ENERGIZATION"
CTRL-006-A15,CTRL-006,1,0,YES,YES,CANDIDATE SCREENED - INDEPENDENT COVERAGE AND ATOMICITY ACCEPTANCE REQUIRED,NONE - PARENT AND CHILD REMAIN DRAFT,"PRELIMINARY - NOT APPROVED FOR FABRICATION, CONNECTION, MOTION, OR ENERGIZATION"
CTRL-007-A01,CTRL-007,1,0,YES,YES,CANDIDATE SCREENED - INDEPENDENT COVERAGE AND ATOMICITY ACCEPTANCE REQUIRED,NONE - PARENT AND CHILD REMAIN DRAFT,"PRELIMINARY - NOT APPROVED FOR FABRICATION, CONNECTION, MOTION, OR ENERGIZATION"
CTRL-007-A02,CTRL-007,1,0,YES,YES,CANDIDATE SCREENED - INDEPENDENT COVERAGE AND ATOMICITY ACCEPTANCE REQUIRED,NONE - PARENT AND CHILD REMAIN DRAFT,"PRELIMINARY - NOT APPROVED FOR FABRICATION, CONNECTION, MOTION, OR ENERGIZATION"
CTRL-007-A03,CTRL-007,1,0,YES,YES,CANDIDATE SCREENED - INDEPENDENT COVERAGE AND ATOMICITY ACCEPTANCE REQUIRED,NONE - PARENT AND CHILD REMAIN DRAFT,"PRELIMINARY - NOT APPROVED FOR FABRICATION, CONNECTION, MOTION, OR ENERGIZATION"
CTRL-007-A04,CTRL-007,1,0,YES,YES,CANDIDATE SCREENED - INDEPENDENT COVERAGE AND ATOMICITY ACCEPTANCE REQUIRED,NONE - PARENT AND CHILD REMAIN DRAFT,"PRELIMINARY - NOT APPROVED FOR FABRICATION, CONNECTION, MOTION, OR ENERGIZATION"
CTRL-007-A05,CTRL-007,1,0,YES,YES,CANDIDATE SCREENED - INDEPENDENT COVERAGE AND ATOMICITY ACCEPTANCE REQUIRED,NONE - PARENT AND CHILD REMAIN DRAFT,"PRELIMINARY - NOT APPROVED FOR FABRICATION, CONNECTION, MOTION, OR ENERGIZATION"
CTRL-007-A06,CTRL-007,1,0,YES,YES,CANDIDATE SCREENED - INDEPENDENT COVERAGE AND ATOMICITY ACCEPTANCE REQUIRED,NONE - PARENT AND CHILD REMAIN DRAFT,"PRELIMINARY - NOT APPROVED FOR FABRICATION, CONNECTION, MOTION, OR ENERGIZATION"
CTRL-008-A01,CTRL-008,1,0,YES,YES,CANDIDATE SCREENED - INDEPENDENT COVERAGE AND ATOMICITY ACCEPTANCE REQUIRED,NONE - PARENT AND CHILD REMAIN DRAFT,"PRELIMINARY - NOT APPROVED FOR FABRICATION, CONNECTION, MOTION, OR ENERGIZATION"
CTRL-008-A02,CTRL-008,1,0,YES,YES,CANDIDATE SCREENED - INDEPENDENT COVERAGE AND ATOMICITY ACCEPTANCE REQUIRED,NONE - PARENT AND CHILD REMAIN DRAFT,"PRELIMINARY - NOT APPROVED FOR FABRICATION, CONNECTION, MOTION, OR ENERGIZATION"
CTRL-008-A03,CTRL-008,1,0,YES,YES,CANDIDATE SCREENED - INDEPENDENT COVERAGE AND ATOMICITY ACCEPTANCE REQUIRED,NONE - PARENT AND CHILD REMAIN DRAFT,"PRELIMINARY - NOT APPROVED FOR FABRICATION, CONNECTION, MOTION, OR ENERGIZATION"
CTRL-008-A04,CTRL-008,1,0,YES,YES,CANDIDATE SCREENED - INDEPENDENT COVERAGE AND ATOMICITY ACCEPTANCE REQUIRED,NONE - PARENT AND CHILD REMAIN DRAFT,"PRELIMINARY - NOT APPROVED FOR FABRICATION, CONNECTION, MOTION, OR ENERGIZATION"
CTRL-008-A05,CTRL-008,1,0,YES,YES,CANDIDATE SCREENED - INDEPENDENT COVERAGE AND ATOMICITY ACCEPTANCE REQUIRED,NONE - PARENT AND CHILD REMAIN DRAFT,"PRELIMINARY - NOT APPROVED FOR FABRICATION, CONNECTION, MOTION, OR ENERGIZATION"
CTRL-008-A06,CTRL-008,1,0,YES,YES,CANDIDATE SCREENED - INDEPENDENT COVERAGE AND ATOMICITY ACCEPTANCE REQUIRED,NONE - PARENT AND CHILD REMAIN DRAFT,"PRELIMINARY - NOT APPROVED FOR FABRICATION, CONNECTION, MOTION, OR ENERGIZATION"
CTRL-008-A07,CTRL-008,1,0,YES,YES,CANDIDATE SCREENED - INDEPENDENT COVERAGE AND ATOMICITY ACCEPTANCE REQUIRED,NONE - PARENT AND CHILD REMAIN DRAFT,"PRELIMINARY - NOT APPROVED FOR FABRICATION, CONNECTION, MOTION, OR ENERGIZATION"
CTRL-008-A08,CTRL-008,1,0,YES,YES,CANDIDATE SCREENED - INDEPENDENT COVERAGE AND ATOMICITY ACCEPTANCE REQUIRED,NONE - PARENT AND CHILD REMAIN DRAFT,"PRELIMINARY - NOT APPROVED FOR FABRICATION, CONNECTION, MOTION, OR ENERGIZATION"
CTRL-008-A09,CTRL-008,1,0,YES,YES,CANDIDATE SCREENED - INDEPENDENT COVERAGE AND ATOMICITY ACCEPTANCE REQUIRED,NONE - PARENT AND CHILD REMAIN DRAFT,"PRELIMINARY - NOT APPROVED FOR FABRICATION, CONNECTION, MOTION, OR ENERGIZATION"
CTRL-008-A10,CTRL-008,1,0,YES,YES,CANDIDATE SCREENED - INDEPENDENT COVERAGE AND ATOMICITY ACCEPTANCE REQUIRED,NONE - PARENT AND CHILD REMAIN DRAFT,"PRELIMINARY - NOT APPROVED FOR FABRICATION, CONNECTION, MOTION, OR ENERGIZATION"
CTRL-008-A11,CTRL-008,1,0,YES,YES,CANDIDATE SCREENED - INDEPENDENT COVERAGE AND ATOMICITY ACCEPTANCE REQUIRED,NONE - PARENT AND CHILD REMAIN DRAFT,"PRELIMINARY - NOT APPROVED FOR FABRICATION, CONNECTION, MOTION, OR ENERGIZATION"
CTRL-008-A12,CTRL-008,1,0,YES,YES,CANDIDATE SCREENED - INDEPENDENT COVERAGE AND ATOMICITY ACCEPTANCE REQUIRED,NONE - PARENT AND CHILD REMAIN DRAFT,"PRELIMINARY - NOT APPROVED FOR FABRICATION, CONNECTION, MOTION, OR ENERGIZATION"
CTRL-008-A13,CTRL-008,1,0,YES,YES,CANDIDATE SCREENED - INDEPENDENT COVERAGE AND ATOMICITY ACCEPTANCE REQUIRED,NONE - PARENT AND CHILD REMAIN DRAFT,"PRELIMINARY - NOT APPROVED FOR FABRICATION, CONNECTION, MOTION, OR ENERGIZATION"
CTRL-008-A14,CTRL-008,1,0,YES,YES,CANDIDATE SCREENED - INDEPENDENT COVERAGE AND ATOMICITY ACCEPTANCE REQUIRED,NONE - PARENT AND CHILD REMAIN DRAFT,"PRELIMINARY - NOT APPROVED FOR FABRICATION, CONNECTION, MOTION, OR ENERGIZATION"
CTRL-008-A15,CTRL-008,1,0,YES,YES,CANDIDATE SCREENED - INDEPENDENT COVERAGE AND ATOMICITY ACCEPTANCE REQUIRED,NONE - PARENT AND CHILD REMAIN DRAFT,"PRELIMINARY - NOT APPROVED FOR FABRICATION, CONNECTION, MOTION, OR ENERGIZATION"
CTRL-008-A16,CTRL-008,1,0,YES,YES,CANDIDATE SCREENED - INDEPENDENT COVERAGE AND ATOMICITY ACCEPTANCE REQUIRED,NONE - PARENT AND CHILD REMAIN DRAFT,"PRELIMINARY - NOT APPROVED FOR FABRICATION, CONNECTION, MOTION, OR ENERGIZATION"
CTRL-008-A17,CTRL-008,1,0,YES,YES,CANDIDATE SCREENED - INDEPENDENT COVERAGE AND ATOMICITY ACCEPTANCE REQUIRED,NONE - PARENT AND CHILD REMAIN DRAFT,"PRELIMINARY - NOT APPROVED FOR FABRICATION, CONNECTION, MOTION, OR ENERGIZATION"
CTRL-008-A18,CTRL-008,1,0,YES,YES,CANDIDATE SCREENED - INDEPENDENT COVERAGE AND ATOMICITY ACCEPTANCE REQUIRED,NONE - PARENT AND CHILD REMAIN DRAFT,"PRELIMINARY - NOT APPROVED FOR FABRICATION, CONNECTION, MOTION, OR ENERGIZATION"
CTRL-008-A19,CTRL-008,1,0,YES,YES,CANDIDATE SCREENED - INDEPENDENT COVERAGE AND ATOMICITY ACCEPTANCE REQUIRED,NONE - PARENT AND CHILD REMAIN DRAFT,"PRELIMINARY - NOT APPROVED FOR FABRICATION, CONNECTION, MOTION, OR ENERGIZATION"
CTRL-008-A20,CTRL-008,1,0,YES,YES,CANDIDATE SCREENED - INDEPENDENT COVERAGE AND ATOMICITY ACCEPTANCE REQUIRED,NONE - PARENT AND CHILD REMAIN DRAFT,"PRELIMINARY - NOT APPROVED FOR FABRICATION, CONNECTION, MOTION, OR ENERGIZATION"
CTRL-008-A21,CTRL-008,1,0,YES,YES,CANDIDATE SCREENED - INDEPENDENT COVERAGE AND ATOMICITY ACCEPTANCE REQUIRED,NONE - PARENT AND CHILD REMAIN DRAFT,"PRELIMINARY - NOT APPROVED FOR FABRICATION, CONNECTION, MOTION, OR ENERGIZATION"
CTRL-008-A22,CTRL-008,1,0,YES,YES,CANDIDATE SCREENED - INDEPENDENT COVERAGE AND ATOMICITY ACCEPTANCE REQUIRED,NONE - PARENT AND CHILD REMAIN DRAFT,"PRELIMINARY - NOT APPROVED FOR FABRICATION, CONNECTION, MOTION, OR ENERGIZATION"
CTRL-008-A23,CTRL-008,1,0,YES,YES,CANDIDATE SCREENED - INDEPENDENT COVERAGE AND ATOMICITY ACCEPTANCE REQUIRED,NONE - PARENT AND CHILD REMAIN DRAFT,"PRELIMINARY - NOT APPROVED FOR FABRICATION, CONNECTION, MOTION, OR ENERGIZATION"
CTRL-008-A24,CTRL-008,1,0,YES,YES,CANDIDATE SCREENED - INDEPENDENT COVERAGE AND ATOMICITY ACCEPTANCE REQUIRED,NONE - PARENT AND CHILD REMAIN DRAFT,"PRELIMINARY - NOT APPROVED FOR FABRICATION, CONNECTION, MOTION, OR ENERGIZATION"
CTRL-008-A25,CTRL-008,1,0,YES,YES,CANDIDATE SCREENED - INDEPENDENT COVERAGE AND ATOMICITY ACCEPTANCE REQUIRED,NONE - PARENT AND CHILD REMAIN DRAFT,"PRELIMINARY - NOT APPROVED FOR FABRICATION, CONNECTION, MOTION, OR ENERGIZATION"
CTRL-008-A26,CTRL-008,1,0,YES,YES,CANDIDATE SCREENED - INDEPENDENT COVERAGE AND ATOMICITY ACCEPTANCE REQUIRED,NONE - PARENT AND CHILD REMAIN DRAFT,"PRELIMINARY - NOT APPROVED FOR FABRICATION, CONNECTION, MOTION, OR ENERGIZATION"
CTRL-008-A27,CTRL-008,1,0,YES,YES,CANDIDATE SCREENED - INDEPENDENT COVERAGE AND ATOMICITY ACCEPTANCE REQUIRED,NONE - PARENT AND CHILD REMAIN DRAFT,"PRELIMINARY - NOT APPROVED FOR FABRICATION, CONNECTION, MOTION, OR ENERGIZATION"
CTRL-008-A28,CTRL-008,1,0,YES,YES,CANDIDATE SCREENED - INDEPENDENT COVERAGE AND ATOMICITY ACCEPTANCE REQUIRED,NONE - PARENT AND CHILD REMAIN DRAFT,"PRELIMINARY - NOT APPROVED FOR FABRICATION, CONNECTION, MOTION, OR ENERGIZATION"
ELEC-001-A01,ELEC-001,1,0,YES,YES,CANDIDATE SCREENED - INDEPENDENT COVERAGE AND ATOMICITY ACCEPTANCE REQUIRED,NONE - PARENT AND CHILD REMAIN DRAFT,"PRELIMINARY - NOT APPROVED FOR FABRICATION, CONNECTION, MOTION, OR ENERGIZATION"
ELEC-001-A02,ELEC-001,1,0,YES,YES,CANDIDATE SCREENED - INDEPENDENT COVERAGE AND ATOMICITY ACCEPTANCE REQUIRED,NONE - PARENT AND CHILD REMAIN DRAFT,"PRELIMINARY - NOT APPROVED FOR FABRICATION, CONNECTION, MOTION, OR ENERGIZATION"
ELEC-001-A03,ELEC-001,1,0,YES,YES,CANDIDATE SCREENED - INDEPENDENT COVERAGE AND ATOMICITY ACCEPTANCE REQUIRED,NONE - PARENT AND CHILD REMAIN DRAFT,"PRELIMINARY - NOT APPROVED FOR FABRICATION, CONNECTION, MOTION, OR ENERGIZATION"
ELEC-003-A01,ELEC-003,1,0,YES,YES,CANDIDATE SCREENED - INDEPENDENT COVERAGE AND ATOMICITY ACCEPTANCE REQUIRED,NONE - PARENT AND CHILD REMAIN DRAFT,"PRELIMINARY - NOT APPROVED FOR FABRICATION, CONNECTION, MOTION, OR ENERGIZATION"
ELEC-003-A02,ELEC-003,1,0,YES,YES,CANDIDATE SCREENED - INDEPENDENT COVERAGE AND ATOMICITY ACCEPTANCE REQUIRED,NONE - PARENT AND CHILD REMAIN DRAFT,"PRELIMINARY - NOT APPROVED FOR FABRICATION, CONNECTION, MOTION, OR ENERGIZATION"
ELEC-003-A03,ELEC-003,1,0,YES,YES,CANDIDATE SCREENED - INDEPENDENT COVERAGE AND ATOMICITY ACCEPTANCE REQUIRED,NONE - PARENT AND CHILD REMAIN DRAFT,"PRELIMINARY - NOT APPROVED FOR FABRICATION, CONNECTION, MOTION, OR ENERGIZATION"
ELEC-003-A04,ELEC-003,1,0,YES,YES,CANDIDATE SCREENED - INDEPENDENT COVERAGE AND ATOMICITY ACCEPTANCE REQUIRED,NONE - PARENT AND CHILD REMAIN DRAFT,"PRELIMINARY - NOT APPROVED FOR FABRICATION, CONNECTION, MOTION, OR ENERGIZATION"
ELEC-003-A05,ELEC-003,1,0,YES,YES,CANDIDATE SCREENED - INDEPENDENT COVERAGE AND ATOMICITY ACCEPTANCE REQUIRED,NONE - PARENT AND CHILD REMAIN DRAFT,"PRELIMINARY - NOT APPROVED FOR FABRICATION, CONNECTION, MOTION, OR ENERGIZATION"
ELEC-003-A06,ELEC-003,1,0,YES,YES,CANDIDATE SCREENED - INDEPENDENT COVERAGE AND ATOMICITY ACCEPTANCE REQUIRED,NONE - PARENT AND CHILD REMAIN DRAFT,"PRELIMINARY - NOT APPROVED FOR FABRICATION, CONNECTION, MOTION, OR ENERGIZATION"
ELEC-004-A01,ELEC-004,1,0,YES,YES,CANDIDATE SCREENED - INDEPENDENT COVERAGE AND ATOMICITY ACCEPTANCE REQUIRED,NONE - PARENT AND CHILD REMAIN DRAFT,"PRELIMINARY - NOT APPROVED FOR FABRICATION, CONNECTION, MOTION, OR ENERGIZATION"
ELEC-004-A02,ELEC-004,1,0,YES,YES,CANDIDATE SCREENED - INDEPENDENT COVERAGE AND ATOMICITY ACCEPTANCE REQUIRED,NONE - PARENT AND CHILD REMAIN DRAFT,"PRELIMINARY - NOT APPROVED FOR FABRICATION, CONNECTION, MOTION, OR ENERGIZATION"
ELEC-004-A03,ELEC-004,1,0,YES,YES,CANDIDATE SCREENED - INDEPENDENT COVERAGE AND ATOMICITY ACCEPTANCE REQUIRED,NONE - PARENT AND CHILD REMAIN DRAFT,"PRELIMINARY - NOT APPROVED FOR FABRICATION, CONNECTION, MOTION, OR ENERGIZATION"
GOV-001-A01,GOV-001,1,0,YES,YES,CANDIDATE SCREENED - INDEPENDENT COVERAGE AND ATOMICITY ACCEPTANCE REQUIRED,NONE - PARENT AND CHILD REMAIN DRAFT,"PRELIMINARY - NOT APPROVED FOR FABRICATION, CONNECTION, MOTION, OR ENERGIZATION"
GOV-001-A02,GOV-001,1,0,YES,YES,CANDIDATE SCREENED - INDEPENDENT COVERAGE AND ATOMICITY ACCEPTANCE REQUIRED,NONE - PARENT AND CHILD REMAIN DRAFT,"PRELIMINARY - NOT APPROVED FOR FABRICATION, CONNECTION, MOTION, OR ENERGIZATION"
GOV-001-A03,GOV-001,1,0,YES,YES,CANDIDATE SCREENED - INDEPENDENT COVERAGE AND ATOMICITY ACCEPTANCE REQUIRED,NONE - PARENT AND CHILD REMAIN DRAFT,"PRELIMINARY - NOT APPROVED FOR FABRICATION, CONNECTION, MOTION, OR ENERGIZATION"
GOV-001-A04,GOV-001,1,0,YES,YES,CANDIDATE SCREENED - INDEPENDENT COVERAGE AND ATOMICITY ACCEPTANCE REQUIRED,NONE - PARENT AND CHILD REMAIN DRAFT,"PRELIMINARY - NOT APPROVED FOR FABRICATION, CONNECTION, MOTION, OR ENERGIZATION"
GOV-001-A05,GOV-001,1,0,YES,YES,CANDIDATE SCREENED - INDEPENDENT COVERAGE AND ATOMICITY ACCEPTANCE REQUIRED,NONE - PARENT AND CHILD REMAIN DRAFT,"PRELIMINARY - NOT APPROVED FOR FABRICATION, CONNECTION, MOTION, OR ENERGIZATION"
GOV-001-A06,GOV-001,1,0,YES,YES,CANDIDATE SCREENED - INDEPENDENT COVERAGE AND ATOMICITY ACCEPTANCE REQUIRED,NONE - PARENT AND CHILD REMAIN DRAFT,"PRELIMINARY - NOT APPROVED FOR FABRICATION, CONNECTION, MOTION, OR ENERGIZATION"
GOV-001-A07,GOV-001,1,0,YES,YES,CANDIDATE SCREENED - INDEPENDENT COVERAGE AND ATOMICITY ACCEPTANCE REQUIRED,NONE - PARENT AND CHILD REMAIN DRAFT,"PRELIMINARY - NOT APPROVED FOR FABRICATION, CONNECTION, MOTION, OR ENERGIZATION"
GOV-001-A08,GOV-001,1,0,YES,YES,CANDIDATE SCREENED - INDEPENDENT COVERAGE AND ATOMICITY ACCEPTANCE REQUIRED,NONE - PARENT AND CHILD REMAIN DRAFT,"PRELIMINARY - NOT APPROVED FOR FABRICATION, CONNECTION, MOTION, OR ENERGIZATION"
GOV-001-A09,GOV-001,1,0,YES,YES,CANDIDATE SCREENED - INDEPENDENT COVERAGE AND ATOMICITY ACCEPTANCE REQUIRED,NONE - PARENT AND CHILD REMAIN DRAFT,"PRELIMINARY - NOT APPROVED FOR FABRICATION, CONNECTION, MOTION, OR ENERGIZATION"
GOV-001-A10,GOV-001,1,0,YES,YES,CANDIDATE SCREENED - INDEPENDENT COVERAGE AND ATOMICITY ACCEPTANCE REQUIRED,NONE - PARENT AND CHILD REMAIN DRAFT,"PRELIMINARY - NOT APPROVED FOR FABRICATION, CONNECTION, MOTION, OR ENERGIZATION"
GOV-001-A11,GOV-001,1,0,YES,YES,CANDIDATE SCREENED - INDEPENDENT COVERAGE AND ATOMICITY ACCEPTANCE REQUIRED,NONE - PARENT AND CHILD REMAIN DRAFT,"PRELIMINARY - NOT APPROVED FOR FABRICATION, CONNECTION, MOTION, OR ENERGIZATION"
GOV-001-A12,GOV-001,1,0,YES,YES,CANDIDATE SCREENED - INDEPENDENT COVERAGE AND ATOMICITY ACCEPTANCE REQUIRED,NONE - PARENT AND CHILD REMAIN DRAFT,"PRELIMINARY - NOT APPROVED FOR FABRICATION, CONNECTION, MOTION, OR ENERGIZATION"
GRIP-002-A01,GRIP-002,1,0,YES,YES,CANDIDATE SCREENED - INDEPENDENT COVERAGE AND ATOMICITY ACCEPTANCE REQUIRED,NONE - PARENT AND CHILD REMAIN DRAFT,"PRELIMINARY - NOT APPROVED FOR FABRICATION, CONNECTION, MOTION, OR ENERGIZATION"
GRIP-002-A02,GRIP-002,1,0,YES,YES,CANDIDATE SCREENED - INDEPENDENT COVERAGE AND ATOMICITY ACCEPTANCE REQUIRED,NONE - PARENT AND CHILD REMAIN DRAFT,"PRELIMINARY - NOT APPROVED FOR FABRICATION, CONNECTION, MOTION, OR ENERGIZATION"
GRIP-002-A03,GRIP-002,1,0,YES,YES,CANDIDATE SCREENED - INDEPENDENT COVERAGE AND ATOMICITY ACCEPTANCE REQUIRED,NONE - PARENT AND CHILD REMAIN DRAFT,"PRELIMINARY - NOT APPROVED FOR FABRICATION, CONNECTION, MOTION, OR ENERGIZATION"
GRIP-002-A04,GRIP-002,1,0,YES,YES,CANDIDATE SCREENED - INDEPENDENT COVERAGE AND ATOMICITY ACCEPTANCE REQUIRED,NONE - PARENT AND CHILD REMAIN DRAFT,"PRELIMINARY - NOT APPROVED FOR FABRICATION, CONNECTION, MOTION, OR ENERGIZATION"
GRIP-002-A05,GRIP-002,1,0,YES,YES,CANDIDATE SCREENED - INDEPENDENT COVERAGE AND ATOMICITY ACCEPTANCE REQUIRED,NONE - PARENT AND CHILD REMAIN DRAFT,"PRELIMINARY - NOT APPROVED FOR FABRICATION, CONNECTION, MOTION, OR ENERGIZATION"
LEG-001-A01,LEG-001,1,0,YES,YES,CANDIDATE SCREENED - INDEPENDENT COVERAGE AND ATOMICITY ACCEPTANCE REQUIRED,NONE - PARENT AND CHILD REMAIN DRAFT,"PRELIMINARY - NOT APPROVED FOR FABRICATION, CONNECTION, MOTION, OR ENERGIZATION"
LEG-001-A02,LEG-001,1,0,YES,YES,CANDIDATE SCREENED - INDEPENDENT COVERAGE AND ATOMICITY ACCEPTANCE REQUIRED,NONE - PARENT AND CHILD REMAIN DRAFT,"PRELIMINARY - NOT APPROVED FOR FABRICATION, CONNECTION, MOTION, OR ENERGIZATION"
LEG-001-A03,LEG-001,1,0,YES,YES,CANDIDATE SCREENED - INDEPENDENT COVERAGE AND ATOMICITY ACCEPTANCE REQUIRED,NONE - PARENT AND CHILD REMAIN DRAFT,"PRELIMINARY - NOT APPROVED FOR FABRICATION, CONNECTION, MOTION, OR ENERGIZATION"
LEG-001-A04,LEG-001,1,0,YES,YES,CANDIDATE SCREENED - INDEPENDENT COVERAGE AND ATOMICITY ACCEPTANCE REQUIRED,NONE - PARENT AND CHILD REMAIN DRAFT,"PRELIMINARY - NOT APPROVED FOR FABRICATION, CONNECTION, MOTION, OR ENERGIZATION"
LEG-001-A05,LEG-001,1,0,YES,YES,CANDIDATE SCREENED - INDEPENDENT COVERAGE AND ATOMICITY ACCEPTANCE REQUIRED,NONE - PARENT AND CHILD REMAIN DRAFT,"PRELIMINARY - NOT APPROVED FOR FABRICATION, CONNECTION, MOTION, OR ENERGIZATION"
LEG-002-A01,LEG-002,1,0,YES,YES,CANDIDATE SCREENED - INDEPENDENT COVERAGE AND ATOMICITY ACCEPTANCE REQUIRED,NONE - PARENT AND CHILD REMAIN DRAFT,"PRELIMINARY - NOT APPROVED FOR FABRICATION, CONNECTION, MOTION, OR ENERGIZATION"
LEG-002-A02,LEG-002,1,0,YES,YES,CANDIDATE SCREENED - INDEPENDENT COVERAGE AND ATOMICITY ACCEPTANCE REQUIRED,NONE - PARENT AND CHILD REMAIN DRAFT,"PRELIMINARY - NOT APPROVED FOR FABRICATION, CONNECTION, MOTION, OR ENERGIZATION"
MASS-001-A01,MASS-001,1,0,YES,YES,CANDIDATE SCREENED - INDEPENDENT COVERAGE AND ATOMICITY ACCEPTANCE REQUIRED,NONE - PARENT AND CHILD REMAIN DRAFT,"PRELIMINARY - NOT APPROVED FOR FABRICATION, CONNECTION, MOTION, OR ENERGIZATION"
MASS-001-A02,MASS-001,1,0,YES,YES,CANDIDATE SCREENED - INDEPENDENT COVERAGE AND ATOMICITY ACCEPTANCE REQUIRED,NONE - PARENT AND CHILD REMAIN DRAFT,"PRELIMINARY - NOT APPROVED FOR FABRICATION, CONNECTION, MOTION, OR ENERGIZATION"
MASS-001-A03,MASS-001,1,0,YES,YES,CANDIDATE SCREENED - INDEPENDENT COVERAGE AND ATOMICITY ACCEPTANCE REQUIRED,NONE - PARENT AND CHILD REMAIN DRAFT,"PRELIMINARY - NOT APPROVED FOR FABRICATION, CONNECTION, MOTION, OR ENERGIZATION"
MASS-001-A04,MASS-001,1,0,YES,YES,CANDIDATE SCREENED - INDEPENDENT COVERAGE AND ATOMICITY ACCEPTANCE REQUIRED,NONE - PARENT AND CHILD REMAIN DRAFT,"PRELIMINARY - NOT APPROVED FOR FABRICATION, CONNECTION, MOTION, OR ENERGIZATION"
MASS-001-A05,MASS-001,1,0,YES,YES,CANDIDATE SCREENED - INDEPENDENT COVERAGE AND ATOMICITY ACCEPTANCE REQUIRED,NONE - PARENT AND CHILD REMAIN DRAFT,"PRELIMINARY - NOT APPROVED FOR FABRICATION, CONNECTION, MOTION, OR ENERGIZATION"
MASS-001-A06,MASS-001,1,0,YES,YES,CANDIDATE SCREENED - INDEPENDENT COVERAGE AND ATOMICITY ACCEPTANCE REQUIRED,NONE - PARENT AND CHILD REMAIN DRAFT,"PRELIMINARY - NOT APPROVED FOR FABRICATION, CONNECTION, MOTION, OR ENERGIZATION"
MASS-001-A07,MASS-001,1,0,YES,YES,CANDIDATE SCREENED - INDEPENDENT COVERAGE AND ATOMICITY ACCEPTANCE REQUIRED,NONE - PARENT AND CHILD REMAIN DRAFT,"PRELIMINARY - NOT APPROVED FOR FABRICATION, CONNECTION, MOTION, OR ENERGIZATION"
MASS-001-A08,MASS-001,1,0,YES,YES,CANDIDATE SCREENED - INDEPENDENT COVERAGE AND ATOMICITY ACCEPTANCE REQUIRED,NONE - PARENT AND CHILD REMAIN DRAFT,"PRELIMINARY - NOT APPROVED FOR FABRICATION, CONNECTION, MOTION, OR ENERGIZATION"
MASS-002-A01,MASS-002,1,0,YES,YES,CANDIDATE SCREENED - INDEPENDENT COVERAGE AND ATOMICITY ACCEPTANCE REQUIRED,NONE - PARENT AND CHILD REMAIN DRAFT,"PRELIMINARY - NOT APPROVED FOR FABRICATION, CONNECTION, MOTION, OR ENERGIZATION"
MASS-002-A02,MASS-002,1,0,YES,YES,CANDIDATE SCREENED - INDEPENDENT COVERAGE AND ATOMICITY ACCEPTANCE REQUIRED,NONE - PARENT AND CHILD REMAIN DRAFT,"PRELIMINARY - NOT APPROVED FOR FABRICATION, CONNECTION, MOTION, OR ENERGIZATION"
MASS-002-A03,MASS-002,1,0,YES,YES,CANDIDATE SCREENED - INDEPENDENT COVERAGE AND ATOMICITY ACCEPTANCE REQUIRED,NONE - PARENT AND CHILD REMAIN DRAFT,"PRELIMINARY - NOT APPROVED FOR FABRICATION, CONNECTION, MOTION, OR ENERGIZATION"
MASS-002-A04,MASS-002,1,0,YES,YES,CANDIDATE SCREENED - INDEPENDENT COVERAGE AND ATOMICITY ACCEPTANCE REQUIRED,NONE - PARENT AND CHILD REMAIN DRAFT,"PRELIMINARY - NOT APPROVED FOR FABRICATION, CONNECTION, MOTION, OR ENERGIZATION"
MASS-002-A05,MASS-002,1,0,YES,YES,CANDIDATE SCREENED - INDEPENDENT COVERAGE AND ATOMICITY ACCEPTANCE REQUIRED,NONE - PARENT AND CHILD REMAIN DRAFT,"PRELIMINARY - NOT APPROVED FOR FABRICATION, CONNECTION, MOTION, OR ENERGIZATION"
MASS-002-A06,MASS-002,1,0,YES,YES,CANDIDATE SCREENED - INDEPENDENT COVERAGE AND ATOMICITY ACCEPTANCE REQUIRED,NONE - PARENT AND CHILD REMAIN DRAFT,"PRELIMINARY - NOT APPROVED FOR FABRICATION, CONNECTION, MOTION, OR ENERGIZATION"
MECH-001-A01,MECH-001,1,0,YES,YES,CANDIDATE SCREENED - INDEPENDENT COVERAGE AND ATOMICITY ACCEPTANCE REQUIRED,NONE - PARENT AND CHILD REMAIN DRAFT,"PRELIMINARY - NOT APPROVED FOR FABRICATION, CONNECTION, MOTION, OR ENERGIZATION"
MECH-001-A02,MECH-001,1,0,YES,YES,CANDIDATE SCREENED - INDEPENDENT COVERAGE AND ATOMICITY ACCEPTANCE REQUIRED,NONE - PARENT AND CHILD REMAIN DRAFT,"PRELIMINARY - NOT APPROVED FOR FABRICATION, CONNECTION, MOTION, OR ENERGIZATION"
MECH-001-A03,MECH-001,1,0,YES,YES,CANDIDATE SCREENED - INDEPENDENT COVERAGE AND ATOMICITY ACCEPTANCE REQUIRED,NONE - PARENT AND CHILD REMAIN DRAFT,"PRELIMINARY - NOT APPROVED FOR FABRICATION, CONNECTION, MOTION, OR ENERGIZATION"
MECH-001-A04,MECH-001,1,0,YES,YES,CANDIDATE SCREENED - INDEPENDENT COVERAGE AND ATOMICITY ACCEPTANCE REQUIRED,NONE - PARENT AND CHILD REMAIN DRAFT,"PRELIMINARY - NOT APPROVED FOR FABRICATION, CONNECTION, MOTION, OR ENERGIZATION"
MECH-001-A05,MECH-001,1,0,YES,YES,CANDIDATE SCREENED - INDEPENDENT COVERAGE AND ATOMICITY ACCEPTANCE REQUIRED,NONE - PARENT AND CHILD REMAIN DRAFT,"PRELIMINARY - NOT APPROVED FOR FABRICATION, CONNECTION, MOTION, OR ENERGIZATION"
MECH-001-A06,MECH-001,1,0,YES,YES,CANDIDATE SCREENED - INDEPENDENT COVERAGE AND ATOMICITY ACCEPTANCE REQUIRED,NONE - PARENT AND CHILD REMAIN DRAFT,"PRELIMINARY - NOT APPROVED FOR FABRICATION, CONNECTION, MOTION, OR ENERGIZATION"
MECH-001-A07,MECH-001,1,0,YES,YES,CANDIDATE SCREENED - INDEPENDENT COVERAGE AND ATOMICITY ACCEPTANCE REQUIRED,NONE - PARENT AND CHILD REMAIN DRAFT,"PRELIMINARY - NOT APPROVED FOR FABRICATION, CONNECTION, MOTION, OR ENERGIZATION"
MECH-001-A08,MECH-001,1,0,YES,YES,CANDIDATE SCREENED - INDEPENDENT COVERAGE AND ATOMICITY ACCEPTANCE REQUIRED,NONE - PARENT AND CHILD REMAIN DRAFT,"PRELIMINARY - NOT APPROVED FOR FABRICATION, CONNECTION, MOTION, OR ENERGIZATION"
MECH-001-A09,MECH-001,1,0,YES,YES,CANDIDATE SCREENED - INDEPENDENT COVERAGE AND ATOMICITY ACCEPTANCE REQUIRED,NONE - PARENT AND CHILD REMAIN DRAFT,"PRELIMINARY - NOT APPROVED FOR FABRICATION, CONNECTION, MOTION, OR ENERGIZATION"
MECH-001-A10,MECH-001,1,0,YES,YES,CANDIDATE SCREENED - INDEPENDENT COVERAGE AND ATOMICITY ACCEPTANCE REQUIRED,NONE - PARENT AND CHILD REMAIN DRAFT,"PRELIMINARY - NOT APPROVED FOR FABRICATION, CONNECTION, MOTION, OR ENERGIZATION"
MECH-001-A11,MECH-001,1,0,YES,YES,CANDIDATE SCREENED - INDEPENDENT COVERAGE AND ATOMICITY ACCEPTANCE REQUIRED,NONE - PARENT AND CHILD REMAIN DRAFT,"PRELIMINARY - NOT APPROVED FOR FABRICATION, CONNECTION, MOTION, OR ENERGIZATION"
MECH-001-A12,MECH-001,1,0,YES,YES,CANDIDATE SCREENED - INDEPENDENT COVERAGE AND ATOMICITY ACCEPTANCE REQUIRED,NONE - PARENT AND CHILD REMAIN DRAFT,"PRELIMINARY - NOT APPROVED FOR FABRICATION, CONNECTION, MOTION, OR ENERGIZATION"
MECH-001-A13,MECH-001,1,0,YES,YES,CANDIDATE SCREENED - INDEPENDENT COVERAGE AND ATOMICITY ACCEPTANCE REQUIRED,NONE - PARENT AND CHILD REMAIN DRAFT,"PRELIMINARY - NOT APPROVED FOR FABRICATION, CONNECTION, MOTION, OR ENERGIZATION"
MECH-001-A14,MECH-001,1,0,YES,YES,CANDIDATE SCREENED - INDEPENDENT COVERAGE AND ATOMICITY ACCEPTANCE REQUIRED,NONE - PARENT AND CHILD REMAIN DRAFT,"PRELIMINARY - NOT APPROVED FOR FABRICATION, CONNECTION, MOTION, OR ENERGIZATION"
MECH-001-A15,MECH-001,1,0,YES,YES,CANDIDATE SCREENED - INDEPENDENT COVERAGE AND ATOMICITY ACCEPTANCE REQUIRED,NONE - PARENT AND CHILD REMAIN DRAFT,"PRELIMINARY - NOT APPROVED FOR FABRICATION, CONNECTION, MOTION, OR ENERGIZATION"
MECH-001-A16,MECH-001,1,0,YES,YES,CANDIDATE SCREENED - INDEPENDENT COVERAGE AND ATOMICITY ACCEPTANCE REQUIRED,NONE - PARENT AND CHILD REMAIN DRAFT,"PRELIMINARY - NOT APPROVED FOR FABRICATION, CONNECTION, MOTION, OR ENERGIZATION"
MECH-001-A17,MECH-001,1,0,YES,YES,CANDIDATE SCREENED - INDEPENDENT COVERAGE AND ATOMICITY ACCEPTANCE REQUIRED,NONE - PARENT AND CHILD REMAIN DRAFT,"PRELIMINARY - NOT APPROVED FOR FABRICATION, CONNECTION, MOTION, OR ENERGIZATION"
MECH-001-A18,MECH-001,1,0,YES,YES,CANDIDATE SCREENED - INDEPENDENT COVERAGE AND ATOMICITY ACCEPTANCE REQUIRED,NONE - PARENT AND CHILD REMAIN DRAFT,"PRELIMINARY - NOT APPROVED FOR FABRICATION, CONNECTION, MOTION, OR ENERGIZATION"
MECH-001-A19,MECH-001,1,0,YES,YES,CANDIDATE SCREENED - INDEPENDENT COVERAGE AND ATOMICITY ACCEPTANCE REQUIRED,NONE - PARENT AND CHILD REMAIN DRAFT,"PRELIMINARY - NOT APPROVED FOR FABRICATION, CONNECTION, MOTION, OR ENERGIZATION"
MECH-002-A01,MECH-002,1,0,YES,YES,CANDIDATE SCREENED - INDEPENDENT COVERAGE AND ATOMICITY ACCEPTANCE REQUIRED,NONE - PARENT AND CHILD REMAIN DRAFT,"PRELIMINARY - NOT APPROVED FOR FABRICATION, CONNECTION, MOTION, OR ENERGIZATION"
MECH-002-A02,MECH-002,1,0,YES,YES,CANDIDATE SCREENED - INDEPENDENT COVERAGE AND ATOMICITY ACCEPTANCE REQUIRED,NONE - PARENT AND CHILD REMAIN DRAFT,"PRELIMINARY - NOT APPROVED FOR FABRICATION, CONNECTION, MOTION, OR ENERGIZATION"
MECH-002-A03,MECH-002,1,0,YES,YES,CANDIDATE SCREENED - INDEPENDENT COVERAGE AND ATOMICITY ACCEPTANCE REQUIRED,NONE - PARENT AND CHILD REMAIN DRAFT,"PRELIMINARY - NOT APPROVED FOR FABRICATION, CONNECTION, MOTION, OR ENERGIZATION"
MECH-002-A04,MECH-002,1,0,YES,YES,CANDIDATE SCREENED - INDEPENDENT COVERAGE AND ATOMICITY ACCEPTANCE REQUIRED,NONE - PARENT AND CHILD REMAIN DRAFT,"PRELIMINARY - NOT APPROVED FOR FABRICATION, CONNECTION, MOTION, OR ENERGIZATION"
MECH-002-A05,MECH-002,1,0,YES,YES,CANDIDATE SCREENED - INDEPENDENT COVERAGE AND ATOMICITY ACCEPTANCE REQUIRED,NONE - PARENT AND CHILD REMAIN DRAFT,"PRELIMINARY - NOT APPROVED FOR FABRICATION, CONNECTION, MOTION, OR ENERGIZATION"
MECH-002-A06,MECH-002,1,0,YES,YES,CANDIDATE SCREENED - INDEPENDENT COVERAGE AND ATOMICITY ACCEPTANCE REQUIRED,NONE - PARENT AND CHILD REMAIN DRAFT,"PRELIMINARY - NOT APPROVED FOR FABRICATION, CONNECTION, MOTION, OR ENERGIZATION"
MECH-002-A07,MECH-002,1,0,YES,YES,CANDIDATE SCREENED - INDEPENDENT COVERAGE AND ATOMICITY ACCEPTANCE REQUIRED,NONE - PARENT AND CHILD REMAIN DRAFT,"PRELIMINARY - NOT APPROVED FOR FABRICATION, CONNECTION, MOTION, OR ENERGIZATION"
MECH-002-A08,MECH-002,1,0,YES,YES,CANDIDATE SCREENED - INDEPENDENT COVERAGE AND ATOMICITY ACCEPTANCE REQUIRED,NONE - PARENT AND CHILD REMAIN DRAFT,"PRELIMINARY - NOT APPROVED FOR FABRICATION, CONNECTION, MOTION, OR ENERGIZATION"
MECH-002-A09,MECH-002,1,0,YES,YES,CANDIDATE SCREENED - INDEPENDENT COVERAGE AND ATOMICITY ACCEPTANCE REQUIRED,NONE - PARENT AND CHILD REMAIN DRAFT,"PRELIMINARY - NOT APPROVED FOR FABRICATION, CONNECTION, MOTION, OR ENERGIZATION"
MECH-002-A10,MECH-002,1,0,YES,YES,CANDIDATE SCREENED - INDEPENDENT COVERAGE AND ATOMICITY ACCEPTANCE REQUIRED,NONE - PARENT AND CHILD REMAIN DRAFT,"PRELIMINARY - NOT APPROVED FOR FABRICATION, CONNECTION, MOTION, OR ENERGIZATION"
MECH-002-A11,MECH-002,1,0,YES,YES,CANDIDATE SCREENED - INDEPENDENT COVERAGE AND ATOMICITY ACCEPTANCE REQUIRED,NONE - PARENT AND CHILD REMAIN DRAFT,"PRELIMINARY - NOT APPROVED FOR FABRICATION, CONNECTION, MOTION, OR ENERGIZATION"
MECH-002-A12,MECH-002,1,0,YES,YES,CANDIDATE SCREENED - INDEPENDENT COVERAGE AND ATOMICITY ACCEPTANCE REQUIRED,NONE - PARENT AND CHILD REMAIN DRAFT,"PRELIMINARY - NOT APPROVED FOR FABRICATION, CONNECTION, MOTION, OR ENERGIZATION"
MECH-002-A13,MECH-002,1,0,YES,YES,CANDIDATE SCREENED - INDEPENDENT COVERAGE AND ATOMICITY ACCEPTANCE REQUIRED,NONE - PARENT AND CHILD REMAIN DRAFT,"PRELIMINARY - NOT APPROVED FOR FABRICATION, CONNECTION, MOTION, OR ENERGIZATION"
MECH-003-A01,MECH-003,1,0,YES,YES,CANDIDATE SCREENED - INDEPENDENT COVERAGE AND ATOMICITY ACCEPTANCE REQUIRED,NONE - PARENT AND CHILD REMAIN DRAFT,"PRELIMINARY - NOT APPROVED FOR FABRICATION, CONNECTION, MOTION, OR ENERGIZATION"
MECH-003-A02,MECH-003,1,0,YES,YES,CANDIDATE SCREENED - INDEPENDENT COVERAGE AND ATOMICITY ACCEPTANCE REQUIRED,NONE - PARENT AND CHILD REMAIN DRAFT,"PRELIMINARY - NOT APPROVED FOR FABRICATION, CONNECTION, MOTION, OR ENERGIZATION"
MECH-003-A03,MECH-003,1,0,YES,YES,CANDIDATE SCREENED - INDEPENDENT COVERAGE AND ATOMICITY ACCEPTANCE REQUIRED,NONE - PARENT AND CHILD REMAIN DRAFT,"PRELIMINARY - NOT APPROVED FOR FABRICATION, CONNECTION, MOTION, OR ENERGIZATION"
MECH-003-A04,MECH-003,1,0,YES,YES,CANDIDATE SCREENED - INDEPENDENT COVERAGE AND ATOMICITY ACCEPTANCE REQUIRED,NONE - PARENT AND CHILD REMAIN DRAFT,"PRELIMINARY - NOT APPROVED FOR FABRICATION, CONNECTION, MOTION, OR ENERGIZATION"
MECH-003-A05,MECH-003,1,0,YES,YES,CANDIDATE SCREENED - INDEPENDENT COVERAGE AND ATOMICITY ACCEPTANCE REQUIRED,NONE - PARENT AND CHILD REMAIN DRAFT,"PRELIMINARY - NOT APPROVED FOR FABRICATION, CONNECTION, MOTION, OR ENERGIZATION"
MECH-003-A06,MECH-003,1,0,YES,YES,CANDIDATE SCREENED - INDEPENDENT COVERAGE AND ATOMICITY ACCEPTANCE REQUIRED,NONE - PARENT AND CHILD REMAIN DRAFT,"PRELIMINARY - NOT APPROVED FOR FABRICATION, CONNECTION, MOTION, OR ENERGIZATION"
MECH-003-A07,MECH-003,1,0,YES,YES,CANDIDATE SCREENED - INDEPENDENT COVERAGE AND ATOMICITY ACCEPTANCE REQUIRED,NONE - PARENT AND CHILD REMAIN DRAFT,"PRELIMINARY - NOT APPROVED FOR FABRICATION, CONNECTION, MOTION, OR ENERGIZATION"
MECH-003-A08,MECH-003,1,0,YES,YES,CANDIDATE SCREENED - INDEPENDENT COVERAGE AND ATOMICITY ACCEPTANCE REQUIRED,NONE - PARENT AND CHILD REMAIN DRAFT,"PRELIMINARY - NOT APPROVED FOR FABRICATION, CONNECTION, MOTION, OR ENERGIZATION"
MECH-003-A09,MECH-003,1,0,YES,YES,CANDIDATE SCREENED - INDEPENDENT COVERAGE AND ATOMICITY ACCEPTANCE REQUIRED,NONE - PARENT AND CHILD REMAIN DRAFT,"PRELIMINARY - NOT APPROVED FOR FABRICATION, CONNECTION, MOTION, OR ENERGIZATION"
MECH-003-A10,MECH-003,1,0,YES,YES,CANDIDATE SCREENED - INDEPENDENT COVERAGE AND ATOMICITY ACCEPTANCE REQUIRED,NONE - PARENT AND CHILD REMAIN DRAFT,"PRELIMINARY - NOT APPROVED FOR FABRICATION, CONNECTION, MOTION, OR ENERGIZATION"
MECH-003-A11,MECH-003,1,0,YES,YES,CANDIDATE SCREENED - INDEPENDENT COVERAGE AND ATOMICITY ACCEPTANCE REQUIRED,NONE - PARENT AND CHILD REMAIN DRAFT,"PRELIMINARY - NOT APPROVED FOR FABRICATION, CONNECTION, MOTION, OR ENERGIZATION"
MECH-003-A12,MECH-003,1,0,YES,YES,CANDIDATE SCREENED - INDEPENDENT COVERAGE AND ATOMICITY ACCEPTANCE REQUIRED,NONE - PARENT AND CHILD REMAIN DRAFT,"PRELIMINARY - NOT APPROVED FOR FABRICATION, CONNECTION, MOTION, OR ENERGIZATION"
MECH-004-A01,MECH-004,1,0,YES,YES,CANDIDATE SCREENED - INDEPENDENT COVERAGE AND ATOMICITY ACCEPTANCE REQUIRED,NONE - PARENT AND CHILD REMAIN DRAFT,"PRELIMINARY - NOT APPROVED FOR FABRICATION, CONNECTION, MOTION, OR ENERGIZATION"
MECH-004-A02,MECH-004,1,0,YES,YES,CANDIDATE SCREENED - INDEPENDENT COVERAGE AND ATOMICITY ACCEPTANCE REQUIRED,NONE - PARENT AND CHILD REMAIN DRAFT,"PRELIMINARY - NOT APPROVED FOR FABRICATION, CONNECTION, MOTION, OR ENERGIZATION"
MECH-004-A03,MECH-004,1,0,YES,YES,CANDIDATE SCREENED - INDEPENDENT COVERAGE AND ATOMICITY ACCEPTANCE REQUIRED,NONE - PARENT AND CHILD REMAIN DRAFT,"PRELIMINARY - NOT APPROVED FOR FABRICATION, CONNECTION, MOTION, OR ENERGIZATION"
MECH-004-A04,MECH-004,1,0,YES,YES,CANDIDATE SCREENED - INDEPENDENT COVERAGE AND ATOMICITY ACCEPTANCE REQUIRED,NONE - PARENT AND CHILD REMAIN DRAFT,"PRELIMINARY - NOT APPROVED FOR FABRICATION, CONNECTION, MOTION, OR ENERGIZATION"
MECH-004-A05,MECH-004,1,0,YES,YES,CANDIDATE SCREENED - INDEPENDENT COVERAGE AND ATOMICITY ACCEPTANCE REQUIRED,NONE - PARENT AND CHILD REMAIN DRAFT,"PRELIMINARY - NOT APPROVED FOR FABRICATION, CONNECTION, MOTION, OR ENERGIZATION"
MECH-004-A06,MECH-004,1,0,YES,YES,CANDIDATE SCREENED - INDEPENDENT COVERAGE AND ATOMICITY ACCEPTANCE REQUIRED,NONE - PARENT AND CHILD REMAIN DRAFT,"PRELIMINARY - NOT APPROVED FOR FABRICATION, CONNECTION, MOTION, OR ENERGIZATION"
MECH-004-A07,MECH-004,1,0,YES,YES,CANDIDATE SCREENED - INDEPENDENT COVERAGE AND ATOMICITY ACCEPTANCE REQUIRED,NONE - PARENT AND CHILD REMAIN DRAFT,"PRELIMINARY - NOT APPROVED FOR FABRICATION, CONNECTION, MOTION, OR ENERGIZATION"
MECH-004-A08,MECH-004,1,0,YES,YES,CANDIDATE SCREENED - INDEPENDENT COVERAGE AND ATOMICITY ACCEPTANCE REQUIRED,NONE - PARENT AND CHILD REMAIN DRAFT,"PRELIMINARY - NOT APPROVED FOR FABRICATION, CONNECTION, MOTION, OR ENERGIZATION"
MECH-004-A09,MECH-004,1,0,YES,YES,CANDIDATE SCREENED - INDEPENDENT COVERAGE AND ATOMICITY ACCEPTANCE REQUIRED,NONE - PARENT AND CHILD REMAIN DRAFT,"PRELIMINARY - NOT APPROVED FOR FABRICATION, CONNECTION, MOTION, OR ENERGIZATION"
MECH-004-A10,MECH-004,1,0,YES,YES,CANDIDATE SCREENED - INDEPENDENT COVERAGE AND ATOMICITY ACCEPTANCE REQUIRED,NONE - PARENT AND CHILD REMAIN DRAFT,"PRELIMINARY - NOT APPROVED FOR FABRICATION, CONNECTION, MOTION, OR ENERGIZATION"
MECH-004-A11,MECH-004,1,0,YES,YES,CANDIDATE SCREENED - INDEPENDENT COVERAGE AND ATOMICITY ACCEPTANCE REQUIRED,NONE - PARENT AND CHILD REMAIN DRAFT,"PRELIMINARY - NOT APPROVED FOR FABRICATION, CONNECTION, MOTION, OR ENERGIZATION"
MECH-004-A12,MECH-004,1,0,YES,YES,CANDIDATE SCREENED - INDEPENDENT COVERAGE AND ATOMICITY ACCEPTANCE REQUIRED,NONE - PARENT AND CHILD REMAIN DRAFT,"PRELIMINARY - NOT APPROVED FOR FABRICATION, CONNECTION, MOTION, OR ENERGIZATION"
MECH-004-A13,MECH-004,1,0,YES,YES,CANDIDATE SCREENED - INDEPENDENT COVERAGE AND ATOMICITY ACCEPTANCE REQUIRED,NONE - PARENT AND CHILD REMAIN DRAFT,"PRELIMINARY - NOT APPROVED FOR FABRICATION, CONNECTION, MOTION, OR ENERGIZATION"
MECH-004-A14,MECH-004,1,0,YES,YES,CANDIDATE SCREENED - INDEPENDENT COVERAGE AND ATOMICITY ACCEPTANCE REQUIRED,NONE - PARENT AND CHILD REMAIN DRAFT,"PRELIMINARY - NOT APPROVED FOR FABRICATION, CONNECTION, MOTION, OR ENERGIZATION"
MECH-004-A15,MECH-004,1,0,YES,YES,CANDIDATE SCREENED - INDEPENDENT COVERAGE AND ATOMICITY ACCEPTANCE REQUIRED,NONE - PARENT AND CHILD REMAIN DRAFT,"PRELIMINARY - NOT APPROVED FOR FABRICATION, CONNECTION, MOTION, OR ENERGIZATION"
MECH-004-A16,MECH-004,1,0,YES,YES,CANDIDATE SCREENED - INDEPENDENT COVERAGE AND ATOMICITY ACCEPTANCE REQUIRED,NONE - PARENT AND CHILD REMAIN DRAFT,"PRELIMINARY - NOT APPROVED FOR FABRICATION, CONNECTION, MOTION, OR ENERGIZATION"
MECH-004-A17,MECH-004,1,0,YES,YES,CANDIDATE SCREENED - INDEPENDENT COVERAGE AND ATOMICITY ACCEPTANCE REQUIRED,NONE - PARENT AND CHILD REMAIN DRAFT,"PRELIMINARY - NOT APPROVED FOR FABRICATION, CONNECTION, MOTION, OR ENERGIZATION"
MECH-004-A18,MECH-004,1,0,YES,YES,CANDIDATE SCREENED - INDEPENDENT COVERAGE AND ATOMICITY ACCEPTANCE REQUIRED,NONE - PARENT AND CHILD REMAIN DRAFT,"PRELIMINARY - NOT APPROVED FOR FABRICATION, CONNECTION, MOTION, OR ENERGIZATION"
MECH-004-A19,MECH-004,1,0,YES,YES,CANDIDATE SCREENED - INDEPENDENT COVERAGE AND ATOMICITY ACCEPTANCE REQUIRED,NONE - PARENT AND CHILD REMAIN DRAFT,"PRELIMINARY - NOT APPROVED FOR FABRICATION, CONNECTION, MOTION, OR ENERGIZATION"
MECH-004-A20,MECH-004,1,0,YES,YES,CANDIDATE SCREENED - INDEPENDENT COVERAGE AND ATOMICITY ACCEPTANCE REQUIRED,NONE - PARENT AND CHILD REMAIN DRAFT,"PRELIMINARY - NOT APPROVED FOR FABRICATION, CONNECTION, MOTION, OR ENERGIZATION"
MECH-004-A21,MECH-004,1,0,YES,YES,CANDIDATE SCREENED - INDEPENDENT COVERAGE AND ATOMICITY ACCEPTANCE REQUIRED,NONE - PARENT AND CHILD REMAIN DRAFT,"PRELIMINARY - NOT APPROVED FOR FABRICATION, CONNECTION, MOTION, OR ENERGIZATION"
MECH-004-A22,MECH-004,1,0,YES,YES,CANDIDATE SCREENED - INDEPENDENT COVERAGE AND ATOMICITY ACCEPTANCE REQUIRED,NONE - PARENT AND CHILD REMAIN DRAFT,"PRELIMINARY - NOT APPROVED FOR FABRICATION, CONNECTION, MOTION, OR ENERGIZATION"
MECH-004-A23,MECH-004,1,0,YES,YES,CANDIDATE SCREENED - INDEPENDENT COVERAGE AND ATOMICITY ACCEPTANCE REQUIRED,NONE - PARENT AND CHILD REMAIN DRAFT,"PRELIMINARY - NOT APPROVED FOR FABRICATION, CONNECTION, MOTION, OR ENERGIZATION"
MECH-005-A01,MECH-005,1,0,YES,YES,CANDIDATE SCREENED - INDEPENDENT COVERAGE AND ATOMICITY ACCEPTANCE REQUIRED,NONE - PARENT AND CHILD REMAIN DRAFT,"PRELIMINARY - NOT APPROVED FOR FABRICATION, CONNECTION, MOTION, OR ENERGIZATION"
MECH-005-A02,MECH-005,1,0,YES,YES,CANDIDATE SCREENED - INDEPENDENT COVERAGE AND ATOMICITY ACCEPTANCE REQUIRED,NONE - PARENT AND CHILD REMAIN DRAFT,"PRELIMINARY - NOT APPROVED FOR FABRICATION, CONNECTION, MOTION, OR ENERGIZATION"
MECH-005-A03,MECH-005,1,0,YES,YES,CANDIDATE SCREENED - INDEPENDENT COVERAGE AND ATOMICITY ACCEPTANCE REQUIRED,NONE - PARENT AND CHILD REMAIN DRAFT,"PRELIMINARY - NOT APPROVED FOR FABRICATION, CONNECTION, MOTION, OR ENERGIZATION"
MECH-005-A04,MECH-005,1,0,YES,YES,CANDIDATE SCREENED - INDEPENDENT COVERAGE AND ATOMICITY ACCEPTANCE REQUIRED,NONE - PARENT AND CHILD REMAIN DRAFT,"PRELIMINARY - NOT APPROVED FOR FABRICATION, CONNECTION, MOTION, OR ENERGIZATION"
MECH-005-A05,MECH-005,1,0,YES,YES,CANDIDATE SCREENED - INDEPENDENT COVERAGE AND ATOMICITY ACCEPTANCE REQUIRED,NONE - PARENT AND CHILD REMAIN DRAFT,"PRELIMINARY - NOT APPROVED FOR FABRICATION, CONNECTION, MOTION, OR ENERGIZATION"
MECH-005-A06,MECH-005,1,0,YES,YES,CANDIDATE SCREENED - INDEPENDENT COVERAGE AND ATOMICITY ACCEPTANCE REQUIRED,NONE - PARENT AND CHILD REMAIN DRAFT,"PRELIMINARY - NOT APPROVED FOR FABRICATION, CONNECTION, MOTION, OR ENERGIZATION"
MECH-005-A07,MECH-005,1,0,YES,YES,CANDIDATE SCREENED - INDEPENDENT COVERAGE AND ATOMICITY ACCEPTANCE REQUIRED,NONE - PARENT AND CHILD REMAIN DRAFT,"PRELIMINARY - NOT APPROVED FOR FABRICATION, CONNECTION, MOTION, OR ENERGIZATION"
MECH-005-A08,MECH-005,1,0,YES,YES,CANDIDATE SCREENED - INDEPENDENT COVERAGE AND ATOMICITY ACCEPTANCE REQUIRED,NONE - PARENT AND CHILD REMAIN DRAFT,"PRELIMINARY - NOT APPROVED FOR FABRICATION, CONNECTION, MOTION, OR ENERGIZATION"
MECH-005-A09,MECH-005,1,0,YES,YES,CANDIDATE SCREENED - INDEPENDENT COVERAGE AND ATOMICITY ACCEPTANCE REQUIRED,NONE - PARENT AND CHILD REMAIN DRAFT,"PRELIMINARY - NOT APPROVED FOR FABRICATION, CONNECTION, MOTION, OR ENERGIZATION"
MECH-005-A10,MECH-005,1,0,YES,YES,CANDIDATE SCREENED - INDEPENDENT COVERAGE AND ATOMICITY ACCEPTANCE REQUIRED,NONE - PARENT AND CHILD REMAIN DRAFT,"PRELIMINARY - NOT APPROVED FOR FABRICATION, CONNECTION, MOTION, OR ENERGIZATION"
MECH-005-A11,MECH-005,1,0,YES,YES,CANDIDATE SCREENED - INDEPENDENT COVERAGE AND ATOMICITY ACCEPTANCE REQUIRED,NONE - PARENT AND CHILD REMAIN DRAFT,"PRELIMINARY - NOT APPROVED FOR FABRICATION, CONNECTION, MOTION, OR ENERGIZATION"
MECH-005-A12,MECH-005,1,0,YES,YES,CANDIDATE SCREENED - INDEPENDENT COVERAGE AND ATOMICITY ACCEPTANCE REQUIRED,NONE - PARENT AND CHILD REMAIN DRAFT,"PRELIMINARY - NOT APPROVED FOR FABRICATION, CONNECTION, MOTION, OR ENERGIZATION"
MECH-005-A13,MECH-005,1,0,YES,YES,CANDIDATE SCREENED - INDEPENDENT COVERAGE AND ATOMICITY ACCEPTANCE REQUIRED,NONE - PARENT AND CHILD REMAIN DRAFT,"PRELIMINARY - NOT APPROVED FOR FABRICATION, CONNECTION, MOTION, OR ENERGIZATION"
MECH-005-A14,MECH-005,1,0,YES,YES,CANDIDATE SCREENED - INDEPENDENT COVERAGE AND ATOMICITY ACCEPTANCE REQUIRED,NONE - PARENT AND CHILD REMAIN DRAFT,"PRELIMINARY - NOT APPROVED FOR FABRICATION, CONNECTION, MOTION, OR ENERGIZATION"
MECH-005-A15,MECH-005,1,0,YES,YES,CANDIDATE SCREENED - INDEPENDENT COVERAGE AND ATOMICITY ACCEPTANCE REQUIRED,NONE - PARENT AND CHILD REMAIN DRAFT,"PRELIMINARY - NOT APPROVED FOR FABRICATION, CONNECTION, MOTION, OR ENERGIZATION"
MECH-005-A16,MECH-005,1,0,YES,YES,CANDIDATE SCREENED - INDEPENDENT COVERAGE AND ATOMICITY ACCEPTANCE REQUIRED,NONE - PARENT AND CHILD REMAIN DRAFT,"PRELIMINARY - NOT APPROVED FOR FABRICATION, CONNECTION, MOTION, OR ENERGIZATION"
MECH-005-A17,MECH-005,1,0,YES,YES,CANDIDATE SCREENED - INDEPENDENT COVERAGE AND ATOMICITY ACCEPTANCE REQUIRED,NONE - PARENT AND CHILD REMAIN DRAFT,"PRELIMINARY - NOT APPROVED FOR FABRICATION, CONNECTION, MOTION, OR ENERGIZATION"
MECH-005-A18,MECH-005,1,0,YES,YES,CANDIDATE SCREENED - INDEPENDENT COVERAGE AND ATOMICITY ACCEPTANCE REQUIRED,NONE - PARENT AND CHILD REMAIN DRAFT,"PRELIMINARY - NOT APPROVED FOR FABRICATION, CONNECTION, MOTION, OR ENERGIZATION"
MECH-005-A19,MECH-005,1,0,YES,YES,CANDIDATE SCREENED - INDEPENDENT COVERAGE AND ATOMICITY ACCEPTANCE REQUIRED,NONE - PARENT AND CHILD REMAIN DRAFT,"PRELIMINARY - NOT APPROVED FOR FABRICATION, CONNECTION, MOTION, OR ENERGIZATION"
MECH-005-A20,MECH-005,1,0,YES,YES,CANDIDATE SCREENED - INDEPENDENT COVERAGE AND ATOMICITY ACCEPTANCE REQUIRED,NONE - PARENT AND CHILD REMAIN DRAFT,"PRELIMINARY - NOT APPROVED FOR FABRICATION, CONNECTION, MOTION, OR ENERGIZATION"
MECH-005-A21,MECH-005,1,0,YES,YES,CANDIDATE SCREENED - INDEPENDENT COVERAGE AND ATOMICITY ACCEPTANCE REQUIRED,NONE - PARENT AND CHILD REMAIN DRAFT,"PRELIMINARY - NOT APPROVED FOR FABRICATION, CONNECTION, MOTION, OR ENERGIZATION"
MECH-005-A22,MECH-005,1,0,YES,YES,CANDIDATE SCREENED - INDEPENDENT COVERAGE AND ATOMICITY ACCEPTANCE REQUIRED,NONE - PARENT AND CHILD REMAIN DRAFT,"PRELIMINARY - NOT APPROVED FOR FABRICATION, CONNECTION, MOTION, OR ENERGIZATION"
MECH-005-A23,MECH-005,1,0,YES,YES,CANDIDATE SCREENED - INDEPENDENT COVERAGE AND ATOMICITY ACCEPTANCE REQUIRED,NONE - PARENT AND CHILD REMAIN DRAFT,"PRELIMINARY - NOT APPROVED FOR FABRICATION, CONNECTION, MOTION, OR ENERGIZATION"
MECH-005-A24,MECH-005,1,0,YES,YES,CANDIDATE SCREENED - INDEPENDENT COVERAGE AND ATOMICITY ACCEPTANCE REQUIRED,NONE - PARENT AND CHILD REMAIN DRAFT,"PRELIMINARY - NOT APPROVED FOR FABRICATION, CONNECTION, MOTION, OR ENERGIZATION"
MECH-006-A01,MECH-006,1,0,YES,YES,CANDIDATE SCREENED - INDEPENDENT COVERAGE AND ATOMICITY ACCEPTANCE REQUIRED,NONE - PARENT AND CHILD REMAIN DRAFT,"PRELIMINARY - NOT APPROVED FOR FABRICATION, CONNECTION, MOTION, OR ENERGIZATION"
MECH-006-A02,MECH-006,1,0,YES,YES,CANDIDATE SCREENED - INDEPENDENT COVERAGE AND ATOMICITY ACCEPTANCE REQUIRED,NONE - PARENT AND CHILD REMAIN DRAFT,"PRELIMINARY - NOT APPROVED FOR FABRICATION, CONNECTION, MOTION, OR ENERGIZATION"
MECH-006-A03,MECH-006,1,0,YES,YES,CANDIDATE SCREENED - INDEPENDENT COVERAGE AND ATOMICITY ACCEPTANCE REQUIRED,NONE - PARENT AND CHILD REMAIN DRAFT,"PRELIMINARY - NOT APPROVED FOR FABRICATION, CONNECTION, MOTION, OR ENERGIZATION"
MECH-006-A04,MECH-006,1,0,YES,YES,CANDIDATE SCREENED - INDEPENDENT COVERAGE AND ATOMICITY ACCEPTANCE REQUIRED,NONE - PARENT AND CHILD REMAIN DRAFT,"PRELIMINARY - NOT APPROVED FOR FABRICATION, CONNECTION, MOTION, OR ENERGIZATION"
MECH-006-A05,MECH-006,1,0,YES,YES,CANDIDATE SCREENED - INDEPENDENT COVERAGE AND ATOMICITY ACCEPTANCE REQUIRED,NONE - PARENT AND CHILD REMAIN DRAFT,"PRELIMINARY - NOT APPROVED FOR FABRICATION, CONNECTION, MOTION, OR ENERGIZATION"
MECH-006-A06,MECH-006,1,0,YES,YES,CANDIDATE SCREENED - INDEPENDENT COVERAGE AND ATOMICITY ACCEPTANCE REQUIRED,NONE - PARENT AND CHILD REMAIN DRAFT,"PRELIMINARY - NOT APPROVED FOR FABRICATION, CONNECTION, MOTION, OR ENERGIZATION"
MECH-006-A07,MECH-006,1,0,YES,YES,CANDIDATE SCREENED - INDEPENDENT COVERAGE AND ATOMICITY ACCEPTANCE REQUIRED,NONE - PARENT AND CHILD REMAIN DRAFT,"PRELIMINARY - NOT APPROVED FOR FABRICATION, CONNECTION, MOTION, OR ENERGIZATION"
MECH-006-A08,MECH-006,1,0,YES,YES,CANDIDATE SCREENED - INDEPENDENT COVERAGE AND ATOMICITY ACCEPTANCE REQUIRED,NONE - PARENT AND CHILD REMAIN DRAFT,"PRELIMINARY - NOT APPROVED FOR FABRICATION, CONNECTION, MOTION, OR ENERGIZATION"
MECH-006-A09,MECH-006,1,0,YES,YES,CANDIDATE SCREENED - INDEPENDENT COVERAGE AND ATOMICITY ACCEPTANCE REQUIRED,NONE - PARENT AND CHILD REMAIN DRAFT,"PRELIMINARY - NOT APPROVED FOR FABRICATION, CONNECTION, MOTION, OR ENERGIZATION"
MECH-006-A10,MECH-006,1,0,YES,YES,CANDIDATE SCREENED - INDEPENDENT COVERAGE AND ATOMICITY ACCEPTANCE REQUIRED,NONE - PARENT AND CHILD REMAIN DRAFT,"PRELIMINARY - NOT APPROVED FOR FABRICATION, CONNECTION, MOTION, OR ENERGIZATION"
MECH-006-A11,MECH-006,1,0,YES,YES,CANDIDATE SCREENED - INDEPENDENT COVERAGE AND ATOMICITY ACCEPTANCE REQUIRED,NONE - PARENT AND CHILD REMAIN DRAFT,"PRELIMINARY - NOT APPROVED FOR FABRICATION, CONNECTION, MOTION, OR ENERGIZATION"
MECH-006-A12,MECH-006,1,0,YES,YES,CANDIDATE SCREENED - INDEPENDENT COVERAGE AND ATOMICITY ACCEPTANCE REQUIRED,NONE - PARENT AND CHILD REMAIN DRAFT,"PRELIMINARY - NOT APPROVED FOR FABRICATION, CONNECTION, MOTION, OR ENERGIZATION"
MECH-006-A13,MECH-006,1,0,YES,YES,CANDIDATE SCREENED - INDEPENDENT COVERAGE AND ATOMICITY ACCEPTANCE REQUIRED,NONE - PARENT AND CHILD REMAIN DRAFT,"PRELIMINARY - NOT APPROVED FOR FABRICATION, CONNECTION, MOTION, OR ENERGIZATION"
PROD-001-A01,PROD-001,1,0,YES,YES,CANDIDATE SCREENED - INDEPENDENT COVERAGE AND ATOMICITY ACCEPTANCE REQUIRED,NONE - PARENT AND CHILD REMAIN DRAFT,"PRELIMINARY - NOT APPROVED FOR FABRICATION, CONNECTION, MOTION, OR ENERGIZATION"
PROD-001-A02,PROD-001,1,0,YES,YES,CANDIDATE SCREENED - INDEPENDENT COVERAGE AND ATOMICITY ACCEPTANCE REQUIRED,NONE - PARENT AND CHILD REMAIN DRAFT,"PRELIMINARY - NOT APPROVED FOR FABRICATION, CONNECTION, MOTION, OR ENERGIZATION"
PROD-002-A01,PROD-002,1,0,YES,YES,CANDIDATE SCREENED - INDEPENDENT COVERAGE AND ATOMICITY ACCEPTANCE REQUIRED,NONE - PARENT AND CHILD REMAIN DRAFT,"PRELIMINARY - NOT APPROVED FOR FABRICATION, CONNECTION, MOTION, OR ENERGIZATION"
PROD-002-A02,PROD-002,1,0,YES,YES,CANDIDATE SCREENED - INDEPENDENT COVERAGE AND ATOMICITY ACCEPTANCE REQUIRED,NONE - PARENT AND CHILD REMAIN DRAFT,"PRELIMINARY - NOT APPROVED FOR FABRICATION, CONNECTION, MOTION, OR ENERGIZATION"
PROD-005-A01,PROD-005,1,0,YES,YES,CANDIDATE SCREENED - INDEPENDENT COVERAGE AND ATOMICITY ACCEPTANCE REQUIRED,NONE - PARENT AND CHILD REMAIN DRAFT,"PRELIMINARY - NOT APPROVED FOR FABRICATION, CONNECTION, MOTION, OR ENERGIZATION"
PROD-005-A02,PROD-005,1,0,YES,YES,CANDIDATE SCREENED - INDEPENDENT COVERAGE AND ATOMICITY ACCEPTANCE REQUIRED,NONE - PARENT AND CHILD REMAIN DRAFT,"PRELIMINARY - NOT APPROVED FOR FABRICATION, CONNECTION, MOTION, OR ENERGIZATION"
PROD-006-A01,PROD-006,1,0,YES,YES,CANDIDATE SCREENED - INDEPENDENT COVERAGE AND ATOMICITY ACCEPTANCE REQUIRED,NONE - PARENT AND CHILD REMAIN DRAFT,"PRELIMINARY - NOT APPROVED FOR FABRICATION, CONNECTION, MOTION, OR ENERGIZATION"
PROD-006-A02,PROD-006,1,0,YES,YES,CANDIDATE SCREENED - INDEPENDENT COVERAGE AND ATOMICITY ACCEPTANCE REQUIRED,NONE - PARENT AND CHILD REMAIN DRAFT,"PRELIMINARY - NOT APPROVED FOR FABRICATION, CONNECTION, MOTION, OR ENERGIZATION"
PROD-008-A01,PROD-008,1,0,YES,YES,CANDIDATE SCREENED - INDEPENDENT COVERAGE AND ATOMICITY ACCEPTANCE REQUIRED,NONE - PARENT AND CHILD REMAIN DRAFT,"PRELIMINARY - NOT APPROVED FOR FABRICATION, CONNECTION, MOTION, OR ENERGIZATION"
PROD-008-A02,PROD-008,1,0,YES,YES,CANDIDATE SCREENED - INDEPENDENT COVERAGE AND ATOMICITY ACCEPTANCE REQUIRED,NONE - PARENT AND CHILD REMAIN DRAFT,"PRELIMINARY - NOT APPROVED FOR FABRICATION, CONNECTION, MOTION, OR ENERGIZATION"
PROD-009-A01,PROD-009,1,0,YES,YES,CANDIDATE SCREENED - INDEPENDENT COVERAGE AND ATOMICITY ACCEPTANCE REQUIRED,NONE - PARENT AND CHILD REMAIN DRAFT,"PRELIMINARY - NOT APPROVED FOR FABRICATION, CONNECTION, MOTION, OR ENERGIZATION"
PROD-009-A02,PROD-009,1,0,YES,YES,CANDIDATE SCREENED - INDEPENDENT COVERAGE AND ATOMICITY ACCEPTANCE REQUIRED,NONE - PARENT AND CHILD REMAIN DRAFT,"PRELIMINARY - NOT APPROVED FOR FABRICATION, CONNECTION, MOTION, OR ENERGIZATION"
PROD-010-A01,PROD-010,1,0,YES,YES,CANDIDATE SCREENED - INDEPENDENT COVERAGE AND ATOMICITY ACCEPTANCE REQUIRED,NONE - PARENT AND CHILD REMAIN DRAFT,"PRELIMINARY - NOT APPROVED FOR FABRICATION, CONNECTION, MOTION, OR ENERGIZATION"
PROD-010-A02,PROD-010,1,0,YES,YES,CANDIDATE SCREENED - INDEPENDENT COVERAGE AND ATOMICITY ACCEPTANCE REQUIRED,NONE - PARENT AND CHILD REMAIN DRAFT,"PRELIMINARY - NOT APPROVED FOR FABRICATION, CONNECTION, MOTION, OR ENERGIZATION"
PROD-011-A01,PROD-011,1,0,YES,YES,CANDIDATE SCREENED - INDEPENDENT COVERAGE AND ATOMICITY ACCEPTANCE REQUIRED,NONE - PARENT AND CHILD REMAIN DRAFT,"PRELIMINARY - NOT APPROVED FOR FABRICATION, CONNECTION, MOTION, OR ENERGIZATION"
PROD-011-A02,PROD-011,1,0,YES,YES,CANDIDATE SCREENED - INDEPENDENT COVERAGE AND ATOMICITY ACCEPTANCE REQUIRED,NONE - PARENT AND CHILD REMAIN DRAFT,"PRELIMINARY - NOT APPROVED FOR FABRICATION, CONNECTION, MOTION, OR ENERGIZATION"
PROD-011-A03,PROD-011,1,0,YES,YES,CANDIDATE SCREENED - INDEPENDENT COVERAGE AND ATOMICITY ACCEPTANCE REQUIRED,NONE - PARENT AND CHILD REMAIN DRAFT,"PRELIMINARY - NOT APPROVED FOR FABRICATION, CONNECTION, MOTION, OR ENERGIZATION"
PROD-011-A04,PROD-011,1,0,YES,YES,CANDIDATE SCREENED - INDEPENDENT COVERAGE AND ATOMICITY ACCEPTANCE REQUIRED,NONE - PARENT AND CHILD REMAIN DRAFT,"PRELIMINARY - NOT APPROVED FOR FABRICATION, CONNECTION, MOTION, OR ENERGIZATION"
SAFE-003-A01,SAFE-003,1,0,YES,YES,CANDIDATE SCREENED - INDEPENDENT COVERAGE AND ATOMICITY ACCEPTANCE REQUIRED,NONE - PARENT AND CHILD REMAIN DRAFT,"PRELIMINARY - NOT APPROVED FOR FABRICATION, CONNECTION, MOTION, OR ENERGIZATION"
SAFE-003-A02,SAFE-003,1,0,YES,YES,CANDIDATE SCREENED - INDEPENDENT COVERAGE AND ATOMICITY ACCEPTANCE REQUIRED,NONE - PARENT AND CHILD REMAIN DRAFT,"PRELIMINARY - NOT APPROVED FOR FABRICATION, CONNECTION, MOTION, OR ENERGIZATION"
SAFE-003-A03,SAFE-003,1,0,YES,YES,CANDIDATE SCREENED - INDEPENDENT COVERAGE AND ATOMICITY ACCEPTANCE REQUIRED,NONE - PARENT AND CHILD REMAIN DRAFT,"PRELIMINARY - NOT APPROVED FOR FABRICATION, CONNECTION, MOTION, OR ENERGIZATION"
SAFE-003-A04,SAFE-003,1,0,YES,YES,CANDIDATE SCREENED - INDEPENDENT COVERAGE AND ATOMICITY ACCEPTANCE REQUIRED,NONE - PARENT AND CHILD REMAIN DRAFT,"PRELIMINARY - NOT APPROVED FOR FABRICATION, CONNECTION, MOTION, OR ENERGIZATION"
SAFE-003-A05,SAFE-003,1,0,YES,YES,CANDIDATE SCREENED - INDEPENDENT COVERAGE AND ATOMICITY ACCEPTANCE REQUIRED,NONE - PARENT AND CHILD REMAIN DRAFT,"PRELIMINARY - NOT APPROVED FOR FABRICATION, CONNECTION, MOTION, OR ENERGIZATION"
SAFE-003-A06,SAFE-003,1,0,YES,YES,CANDIDATE SCREENED - INDEPENDENT COVERAGE AND ATOMICITY ACCEPTANCE REQUIRED,NONE - PARENT AND CHILD REMAIN DRAFT,"PRELIMINARY - NOT APPROVED FOR FABRICATION, CONNECTION, MOTION, OR ENERGIZATION"
SAFE-003-A07,SAFE-003,1,0,YES,YES,CANDIDATE SCREENED - INDEPENDENT COVERAGE AND ATOMICITY ACCEPTANCE REQUIRED,NONE - PARENT AND CHILD REMAIN DRAFT,"PRELIMINARY - NOT APPROVED FOR FABRICATION, CONNECTION, MOTION, OR ENERGIZATION"
SAFE-003-A08,SAFE-003,1,0,YES,YES,CANDIDATE SCREENED - INDEPENDENT COVERAGE AND ATOMICITY ACCEPTANCE REQUIRED,NONE - PARENT AND CHILD REMAIN DRAFT,"PRELIMINARY - NOT APPROVED FOR FABRICATION, CONNECTION, MOTION, OR ENERGIZATION"
SAFE-003-A09,SAFE-003,1,0,YES,YES,CANDIDATE SCREENED - INDEPENDENT COVERAGE AND ATOMICITY ACCEPTANCE REQUIRED,NONE - PARENT AND CHILD REMAIN DRAFT,"PRELIMINARY - NOT APPROVED FOR FABRICATION, CONNECTION, MOTION, OR ENERGIZATION"
SAFE-003-A10,SAFE-003,1,0,YES,YES,CANDIDATE SCREENED - INDEPENDENT COVERAGE AND ATOMICITY ACCEPTANCE REQUIRED,NONE - PARENT AND CHILD REMAIN DRAFT,"PRELIMINARY - NOT APPROVED FOR FABRICATION, CONNECTION, MOTION, OR ENERGIZATION"
SAFE-003-A11,SAFE-003,1,0,YES,YES,CANDIDATE SCREENED - INDEPENDENT COVERAGE AND ATOMICITY ACCEPTANCE REQUIRED,NONE - PARENT AND CHILD REMAIN DRAFT,"PRELIMINARY - NOT APPROVED FOR FABRICATION, CONNECTION, MOTION, OR ENERGIZATION"
SAFE-004-A01,SAFE-004,1,0,YES,YES,CANDIDATE SCREENED - INDEPENDENT COVERAGE AND ATOMICITY ACCEPTANCE REQUIRED,NONE - PARENT AND CHILD REMAIN DRAFT,"PRELIMINARY - NOT APPROVED FOR FABRICATION, CONNECTION, MOTION, OR ENERGIZATION"
SAFE-004-A02,SAFE-004,1,0,YES,YES,CANDIDATE SCREENED - INDEPENDENT COVERAGE AND ATOMICITY ACCEPTANCE REQUIRED,NONE - PARENT AND CHILD REMAIN DRAFT,"PRELIMINARY - NOT APPROVED FOR FABRICATION, CONNECTION, MOTION, OR ENERGIZATION"
SAFE-007-A01,SAFE-007,1,0,YES,YES,CANDIDATE SCREENED - INDEPENDENT COVERAGE AND ATOMICITY ACCEPTANCE REQUIRED,NONE - PARENT AND CHILD REMAIN DRAFT,"PRELIMINARY - NOT APPROVED FOR FABRICATION, CONNECTION, MOTION, OR ENERGIZATION"
SAFE-007-A02,SAFE-007,1,0,YES,YES,CANDIDATE SCREENED - INDEPENDENT COVERAGE AND ATOMICITY ACCEPTANCE REQUIRED,NONE - PARENT AND CHILD REMAIN DRAFT,"PRELIMINARY - NOT APPROVED FOR FABRICATION, CONNECTION, MOTION, OR ENERGIZATION"
SAFE-007-A03,SAFE-007,1,0,YES,YES,CANDIDATE SCREENED - INDEPENDENT COVERAGE AND ATOMICITY ACCEPTANCE REQUIRED,NONE - PARENT AND CHILD REMAIN DRAFT,"PRELIMINARY - NOT APPROVED FOR FABRICATION, CONNECTION, MOTION, OR ENERGIZATION"
SAFE-008-A01,SAFE-008,1,0,YES,YES,CANDIDATE SCREENED - INDEPENDENT COVERAGE AND ATOMICITY ACCEPTANCE REQUIRED,NONE - PARENT AND CHILD REMAIN DRAFT,"PRELIMINARY - NOT APPROVED FOR FABRICATION, CONNECTION, MOTION, OR ENERGIZATION"
SAFE-008-A02,SAFE-008,1,0,YES,YES,CANDIDATE SCREENED - INDEPENDENT COVERAGE AND ATOMICITY ACCEPTANCE REQUIRED,NONE - PARENT AND CHILD REMAIN DRAFT,"PRELIMINARY - NOT APPROVED FOR FABRICATION, CONNECTION, MOTION, OR ENERGIZATION"
SAFE-008-A03,SAFE-008,1,0,YES,YES,CANDIDATE SCREENED - INDEPENDENT COVERAGE AND ATOMICITY ACCEPTANCE REQUIRED,NONE - PARENT AND CHILD REMAIN DRAFT,"PRELIMINARY - NOT APPROVED FOR FABRICATION, CONNECTION, MOTION, OR ENERGIZATION"
SAFE-008-A04,SAFE-008,1,0,YES,YES,CANDIDATE SCREENED - INDEPENDENT COVERAGE AND ATOMICITY ACCEPTANCE REQUIRED,NONE - PARENT AND CHILD REMAIN DRAFT,"PRELIMINARY - NOT APPROVED FOR FABRICATION, CONNECTION, MOTION, OR ENERGIZATION"
SAFE-008-A05,SAFE-008,1,0,YES,YES,CANDIDATE SCREENED - INDEPENDENT COVERAGE AND ATOMICITY ACCEPTANCE REQUIRED,NONE - PARENT AND CHILD REMAIN DRAFT,"PRELIMINARY - NOT APPROVED FOR FABRICATION, CONNECTION, MOTION, OR ENERGIZATION"
SAFE-008-A06,SAFE-008,1,0,YES,YES,CANDIDATE SCREENED - INDEPENDENT COVERAGE AND ATOMICITY ACCEPTANCE REQUIRED,NONE - PARENT AND CHILD REMAIN DRAFT,"PRELIMINARY - NOT APPROVED FOR FABRICATION, CONNECTION, MOTION, OR ENERGIZATION"
SAFE-008-A07,SAFE-008,1,0,YES,YES,CANDIDATE SCREENED - INDEPENDENT COVERAGE AND ATOMICITY ACCEPTANCE REQUIRED,NONE - PARENT AND CHILD REMAIN DRAFT,"PRELIMINARY - NOT APPROVED FOR FABRICATION, CONNECTION, MOTION, OR ENERGIZATION"
SAFE-008-A08,SAFE-008,1,0,YES,YES,CANDIDATE SCREENED - INDEPENDENT COVERAGE AND ATOMICITY ACCEPTANCE REQUIRED,NONE - PARENT AND CHILD REMAIN DRAFT,"PRELIMINARY - NOT APPROVED FOR FABRICATION, CONNECTION, MOTION, OR ENERGIZATION"
SAFE-009-A01,SAFE-009,1,0,YES,YES,CANDIDATE SCREENED - INDEPENDENT COVERAGE AND ATOMICITY ACCEPTANCE REQUIRED,NONE - PARENT AND CHILD REMAIN DRAFT,"PRELIMINARY - NOT APPROVED FOR FABRICATION, CONNECTION, MOTION, OR ENERGIZATION"
SAFE-009-A02,SAFE-009,1,0,YES,YES,CANDIDATE SCREENED - INDEPENDENT COVERAGE AND ATOMICITY ACCEPTANCE REQUIRED,NONE - PARENT AND CHILD REMAIN DRAFT,"PRELIMINARY - NOT APPROVED FOR FABRICATION, CONNECTION, MOTION, OR ENERGIZATION"
SAFE-009-A03,SAFE-009,1,0,YES,YES,CANDIDATE SCREENED - INDEPENDENT COVERAGE AND ATOMICITY ACCEPTANCE REQUIRED,NONE - PARENT AND CHILD REMAIN DRAFT,"PRELIMINARY - NOT APPROVED FOR FABRICATION, CONNECTION, MOTION, OR ENERGIZATION"
SAFE-009-A04,SAFE-009,1,0,YES,YES,CANDIDATE SCREENED - INDEPENDENT COVERAGE AND ATOMICITY ACCEPTANCE REQUIRED,NONE - PARENT AND CHILD REMAIN DRAFT,"PRELIMINARY - NOT APPROVED FOR FABRICATION, CONNECTION, MOTION, OR ENERGIZATION"
SAFE-010-A01,SAFE-010,1,0,YES,YES,CANDIDATE SCREENED - INDEPENDENT COVERAGE AND ATOMICITY ACCEPTANCE REQUIRED,NONE - PARENT AND CHILD REMAIN DRAFT,"PRELIMINARY - NOT APPROVED FOR FABRICATION, CONNECTION, MOTION, OR ENERGIZATION"
SAFE-010-A02,SAFE-010,1,0,YES,YES,CANDIDATE SCREENED - INDEPENDENT COVERAGE AND ATOMICITY ACCEPTANCE REQUIRED,NONE - PARENT AND CHILD REMAIN DRAFT,"PRELIMINARY - NOT APPROVED FOR FABRICATION, CONNECTION, MOTION, OR ENERGIZATION"
SAFE-010-A03,SAFE-010,1,0,YES,YES,CANDIDATE SCREENED - INDEPENDENT COVERAGE AND ATOMICITY ACCEPTANCE REQUIRED,NONE - PARENT AND CHILD REMAIN DRAFT,"PRELIMINARY - NOT APPROVED FOR FABRICATION, CONNECTION, MOTION, OR ENERGIZATION"
SAFE-010-A04,SAFE-010,1,0,YES,YES,CANDIDATE SCREENED - INDEPENDENT COVERAGE AND ATOMICITY ACCEPTANCE REQUIRED,NONE - PARENT AND CHILD REMAIN DRAFT,"PRELIMINARY - NOT APPROVED FOR FABRICATION, CONNECTION, MOTION, OR ENERGIZATION"
SAFE-010-A05,SAFE-010,1,0,YES,YES,CANDIDATE SCREENED - INDEPENDENT COVERAGE AND ATOMICITY ACCEPTANCE REQUIRED,NONE - PARENT AND CHILD REMAIN DRAFT,"PRELIMINARY - NOT APPROVED FOR FABRICATION, CONNECTION, MOTION, OR ENERGIZATION"
SAFE-010-A06,SAFE-010,1,0,YES,YES,CANDIDATE SCREENED - INDEPENDENT COVERAGE AND ATOMICITY ACCEPTANCE REQUIRED,NONE - PARENT AND CHILD REMAIN DRAFT,"PRELIMINARY - NOT APPROVED FOR FABRICATION, CONNECTION, MOTION, OR ENERGIZATION"
SAFE-011-A01,SAFE-011,1,0,YES,YES,CANDIDATE SCREENED - INDEPENDENT COVERAGE AND ATOMICITY ACCEPTANCE REQUIRED,NONE - PARENT AND CHILD REMAIN DRAFT,"PRELIMINARY - NOT APPROVED FOR FABRICATION, CONNECTION, MOTION, OR ENERGIZATION"
SAFE-011-A02,SAFE-011,1,0,YES,YES,CANDIDATE SCREENED - INDEPENDENT COVERAGE AND ATOMICITY ACCEPTANCE REQUIRED,NONE - PARENT AND CHILD REMAIN DRAFT,"PRELIMINARY - NOT APPROVED FOR FABRICATION, CONNECTION, MOTION, OR ENERGIZATION"
SAFE-011-A03,SAFE-011,1,0,YES,YES,CANDIDATE SCREENED - INDEPENDENT COVERAGE AND ATOMICITY ACCEPTANCE REQUIRED,NONE - PARENT AND CHILD REMAIN DRAFT,"PRELIMINARY - NOT APPROVED FOR FABRICATION, CONNECTION, MOTION, OR ENERGIZATION"
SAFE-011-A04,SAFE-011,1,0,YES,YES,CANDIDATE SCREENED - INDEPENDENT COVERAGE AND ATOMICITY ACCEPTANCE REQUIRED,NONE - PARENT AND CHILD REMAIN DRAFT,"PRELIMINARY - NOT APPROVED FOR FABRICATION, CONNECTION, MOTION, OR ENERGIZATION"
STANCE-001-A01,STANCE-001,1,0,YES,YES,CANDIDATE SCREENED - INDEPENDENT COVERAGE AND ATOMICITY ACCEPTANCE REQUIRED,NONE - PARENT AND CHILD REMAIN DRAFT,"PRELIMINARY - NOT APPROVED FOR FABRICATION, CONNECTION, MOTION, OR ENERGIZATION"
STANCE-001-A02,STANCE-001,1,0,YES,YES,CANDIDATE SCREENED - INDEPENDENT COVERAGE AND ATOMICITY ACCEPTANCE REQUIRED,NONE - PARENT AND CHILD REMAIN DRAFT,"PRELIMINARY - NOT APPROVED FOR FABRICATION, CONNECTION, MOTION, OR ENERGIZATION"
STANCE-001-A03,STANCE-001,1,0,YES,YES,CANDIDATE SCREENED - INDEPENDENT COVERAGE AND ATOMICITY ACCEPTANCE REQUIRED,NONE - PARENT AND CHILD REMAIN DRAFT,"PRELIMINARY - NOT APPROVED FOR FABRICATION, CONNECTION, MOTION, OR ENERGIZATION"
STANCE-001-A04,STANCE-001,1,0,YES,YES,CANDIDATE SCREENED - INDEPENDENT COVERAGE AND ATOMICITY ACCEPTANCE REQUIRED,NONE - PARENT AND CHILD REMAIN DRAFT,"PRELIMINARY - NOT APPROVED FOR FABRICATION, CONNECTION, MOTION, OR ENERGIZATION"
STANCE-002-A01,STANCE-002,1,0,YES,YES,CANDIDATE SCREENED - INDEPENDENT COVERAGE AND ATOMICITY ACCEPTANCE REQUIRED,NONE - PARENT AND CHILD REMAIN DRAFT,"PRELIMINARY - NOT APPROVED FOR FABRICATION, CONNECTION, MOTION, OR ENERGIZATION"
STANCE-002-A02,STANCE-002,1,0,YES,YES,CANDIDATE SCREENED - INDEPENDENT COVERAGE AND ATOMICITY ACCEPTANCE REQUIRED,NONE - PARENT AND CHILD REMAIN DRAFT,"PRELIMINARY - NOT APPROVED FOR FABRICATION, CONNECTION, MOTION, OR ENERGIZATION"
STANCE-002-A03,STANCE-002,1,0,YES,YES,CANDIDATE SCREENED - INDEPENDENT COVERAGE AND ATOMICITY ACCEPTANCE REQUIRED,NONE - PARENT AND CHILD REMAIN DRAFT,"PRELIMINARY - NOT APPROVED FOR FABRICATION, CONNECTION, MOTION, OR ENERGIZATION"
STANCE-002-A04,STANCE-002,1,0,YES,YES,CANDIDATE SCREENED - INDEPENDENT COVERAGE AND ATOMICITY ACCEPTANCE REQUIRED,NONE - PARENT AND CHILD REMAIN DRAFT,"PRELIMINARY - NOT APPROVED FOR FABRICATION, CONNECTION, MOTION, OR ENERGIZATION"
STANCE-002-A05,STANCE-002,1,0,YES,YES,CANDIDATE SCREENED - INDEPENDENT COVERAGE AND ATOMICITY ACCEPTANCE REQUIRED,NONE - PARENT AND CHILD REMAIN DRAFT,"PRELIMINARY - NOT APPROVED FOR FABRICATION, CONNECTION, MOTION, OR ENERGIZATION"
STANCE-002-A06,STANCE-002,1,0,YES,YES,CANDIDATE SCREENED - INDEPENDENT COVERAGE AND ATOMICITY ACCEPTANCE REQUIRED,NONE - PARENT AND CHILD REMAIN DRAFT,"PRELIMINARY - NOT APPROVED FOR FABRICATION, CONNECTION, MOTION, OR ENERGIZATION"
STANCE-002-A07,STANCE-002,1,0,YES,YES,CANDIDATE SCREENED - INDEPENDENT COVERAGE AND ATOMICITY ACCEPTANCE REQUIRED,NONE - PARENT AND CHILD REMAIN DRAFT,"PRELIMINARY - NOT APPROVED FOR FABRICATION, CONNECTION, MOTION, OR ENERGIZATION"
STANCE-002-A08,STANCE-002,1,0,YES,YES,CANDIDATE SCREENED - INDEPENDENT COVERAGE AND ATOMICITY ACCEPTANCE REQUIRED,NONE - PARENT AND CHILD REMAIN DRAFT,"PRELIMINARY - NOT APPROVED FOR FABRICATION, CONNECTION, MOTION, OR ENERGIZATION"
STANCE-003-A01,STANCE-003,1,0,YES,YES,CANDIDATE SCREENED - INDEPENDENT COVERAGE AND ATOMICITY ACCEPTANCE REQUIRED,NONE - PARENT AND CHILD REMAIN DRAFT,"PRELIMINARY - NOT APPROVED FOR FABRICATION, CONNECTION, MOTION, OR ENERGIZATION"
STANCE-003-A02,STANCE-003,1,0,YES,YES,CANDIDATE SCREENED - INDEPENDENT COVERAGE AND ATOMICITY ACCEPTANCE REQUIRED,NONE - PARENT AND CHILD REMAIN DRAFT,"PRELIMINARY - NOT APPROVED FOR FABRICATION, CONNECTION, MOTION, OR ENERGIZATION"
STANCE-003-A03,STANCE-003,1,0,YES,YES,CANDIDATE SCREENED - INDEPENDENT COVERAGE AND ATOMICITY ACCEPTANCE REQUIRED,NONE - PARENT AND CHILD REMAIN DRAFT,"PRELIMINARY - NOT APPROVED FOR FABRICATION, CONNECTION, MOTION, OR ENERGIZATION"
STANCE-003-A04,STANCE-003,1,0,YES,YES,CANDIDATE SCREENED - INDEPENDENT COVERAGE AND ATOMICITY ACCEPTANCE REQUIRED,NONE - PARENT AND CHILD REMAIN DRAFT,"PRELIMINARY - NOT APPROVED FOR FABRICATION, CONNECTION, MOTION, OR ENERGIZATION"
STANCE-003-A05,STANCE-003,1,0,YES,YES,CANDIDATE SCREENED - INDEPENDENT COVERAGE AND ATOMICITY ACCEPTANCE REQUIRED,NONE - PARENT AND CHILD REMAIN DRAFT,"PRELIMINARY - NOT APPROVED FOR FABRICATION, CONNECTION, MOTION, OR ENERGIZATION"
STANCE-004-A01,STANCE-004,1,0,YES,YES,CANDIDATE SCREENED - INDEPENDENT COVERAGE AND ATOMICITY ACCEPTANCE REQUIRED,NONE - PARENT AND CHILD REMAIN DRAFT,"PRELIMINARY - NOT APPROVED FOR FABRICATION, CONNECTION, MOTION, OR ENERGIZATION"
STANCE-004-A02,STANCE-004,1,0,YES,YES,CANDIDATE SCREENED - INDEPENDENT COVERAGE AND ATOMICITY ACCEPTANCE REQUIRED,NONE - PARENT AND CHILD REMAIN DRAFT,"PRELIMINARY - NOT APPROVED FOR FABRICATION, CONNECTION, MOTION, OR ENERGIZATION"
STANCE-004-A03,STANCE-004,1,0,YES,YES,CANDIDATE SCREENED - INDEPENDENT COVERAGE AND ATOMICITY ACCEPTANCE REQUIRED,NONE - PARENT AND CHILD REMAIN DRAFT,"PRELIMINARY - NOT APPROVED FOR FABRICATION, CONNECTION, MOTION, OR ENERGIZATION"
STANCE-004-A04,STANCE-004,1,0,YES,YES,CANDIDATE SCREENED - INDEPENDENT COVERAGE AND ATOMICITY ACCEPTANCE REQUIRED,NONE - PARENT AND CHILD REMAIN DRAFT,"PRELIMINARY - NOT APPROVED FOR FABRICATION, CONNECTION, MOTION, OR ENERGIZATION"
STANCE-004-A05,STANCE-004,1,0,YES,YES,CANDIDATE SCREENED - INDEPENDENT COVERAGE AND ATOMICITY ACCEPTANCE REQUIRED,NONE - PARENT AND CHILD REMAIN DRAFT,"PRELIMINARY - NOT APPROVED FOR FABRICATION, CONNECTION, MOTION, OR ENERGIZATION"
STANCE-004-A06,STANCE-004,1,0,YES,YES,CANDIDATE SCREENED - INDEPENDENT COVERAGE AND ATOMICITY ACCEPTANCE REQUIRED,NONE - PARENT AND CHILD REMAIN DRAFT,"PRELIMINARY - NOT APPROVED FOR FABRICATION, CONNECTION, MOTION, OR ENERGIZATION"
SYS-001-A01,SYS-001,1,0,YES,YES,CANDIDATE SCREENED - INDEPENDENT COVERAGE AND ATOMICITY ACCEPTANCE REQUIRED,NONE - PARENT AND CHILD REMAIN DRAFT,"PRELIMINARY - NOT APPROVED FOR FABRICATION, CONNECTION, MOTION, OR ENERGIZATION"
SYS-001-A02,SYS-001,1,0,YES,YES,CANDIDATE SCREENED - INDEPENDENT COVERAGE AND ATOMICITY ACCEPTANCE REQUIRED,NONE - PARENT AND CHILD REMAIN DRAFT,"PRELIMINARY - NOT APPROVED FOR FABRICATION, CONNECTION, MOTION, OR ENERGIZATION"
SYS-001-A03,SYS-001,1,0,YES,YES,CANDIDATE SCREENED - INDEPENDENT COVERAGE AND ATOMICITY ACCEPTANCE REQUIRED,NONE - PARENT AND CHILD REMAIN DRAFT,"PRELIMINARY - NOT APPROVED FOR FABRICATION, CONNECTION, MOTION, OR ENERGIZATION"
SYS-002-A01,SYS-002,1,0,YES,YES,CANDIDATE SCREENED - INDEPENDENT COVERAGE AND ATOMICITY ACCEPTANCE REQUIRED,NONE - PARENT AND CHILD REMAIN DRAFT,"PRELIMINARY - NOT APPROVED FOR FABRICATION, CONNECTION, MOTION, OR ENERGIZATION"
SYS-002-A02,SYS-002,1,0,YES,YES,CANDIDATE SCREENED - INDEPENDENT COVERAGE AND ATOMICITY ACCEPTANCE REQUIRED,NONE - PARENT AND CHILD REMAIN DRAFT,"PRELIMINARY - NOT APPROVED FOR FABRICATION, CONNECTION, MOTION, OR ENERGIZATION"
SYS-002-A03,SYS-002,1,0,YES,YES,CANDIDATE SCREENED - INDEPENDENT COVERAGE AND ATOMICITY ACCEPTANCE REQUIRED,NONE - PARENT AND CHILD REMAIN DRAFT,"PRELIMINARY - NOT APPROVED FOR FABRICATION, CONNECTION, MOTION, OR ENERGIZATION"
SYS-004-A01,SYS-004,1,0,YES,YES,CANDIDATE SCREENED - INDEPENDENT COVERAGE AND ATOMICITY ACCEPTANCE REQUIRED,NONE - PARENT AND CHILD REMAIN DRAFT,"PRELIMINARY - NOT APPROVED FOR FABRICATION, CONNECTION, MOTION, OR ENERGIZATION"
SYS-004-A02,SYS-004,1,0,YES,YES,CANDIDATE SCREENED - INDEPENDENT COVERAGE AND ATOMICITY ACCEPTANCE REQUIRED,NONE - PARENT AND CHILD REMAIN DRAFT,"PRELIMINARY - NOT APPROVED FOR FABRICATION, CONNECTION, MOTION, OR ENERGIZATION"
SYS-004-A03,SYS-004,1,0,YES,YES,CANDIDATE SCREENED - INDEPENDENT COVERAGE AND ATOMICITY ACCEPTANCE REQUIRED,NONE - PARENT AND CHILD REMAIN DRAFT,"PRELIMINARY - NOT APPROVED FOR FABRICATION, CONNECTION, MOTION, OR ENERGIZATION"
SYS-004-A04,SYS-004,1,0,YES,YES,CANDIDATE SCREENED - INDEPENDENT COVERAGE AND ATOMICITY ACCEPTANCE REQUIRED,NONE - PARENT AND CHILD REMAIN DRAFT,"PRELIMINARY - NOT APPROVED FOR FABRICATION, CONNECTION, MOTION, OR ENERGIZATION"
SYS-005-A01,SYS-005,1,0,YES,YES,CANDIDATE SCREENED - INDEPENDENT COVERAGE AND ATOMICITY ACCEPTANCE REQUIRED,NONE - PARENT AND CHILD REMAIN DRAFT,"PRELIMINARY - NOT APPROVED FOR FABRICATION, CONNECTION, MOTION, OR ENERGIZATION"
SYS-005-A02,SYS-005,1,0,YES,YES,CANDIDATE SCREENED - INDEPENDENT COVERAGE AND ATOMICITY ACCEPTANCE REQUIRED,NONE - PARENT AND CHILD REMAIN DRAFT,"PRELIMINARY - NOT APPROVED FOR FABRICATION, CONNECTION, MOTION, OR ENERGIZATION"
SYS-006-A01,SYS-006,1,0,YES,YES,CANDIDATE SCREENED - INDEPENDENT COVERAGE AND ATOMICITY ACCEPTANCE REQUIRED,NONE - PARENT AND CHILD REMAIN DRAFT,"PRELIMINARY - NOT APPROVED FOR FABRICATION, CONNECTION, MOTION, OR ENERGIZATION"
SYS-006-A02,SYS-006,1,0,YES,YES,CANDIDATE SCREENED - INDEPENDENT COVERAGE AND ATOMICITY ACCEPTANCE REQUIRED,NONE - PARENT AND CHILD REMAIN DRAFT,"PRELIMINARY - NOT APPROVED FOR FABRICATION, CONNECTION, MOTION, OR ENERGIZATION"
SYS-006-A03,SYS-006,1,0,YES,YES,CANDIDATE SCREENED - INDEPENDENT COVERAGE AND ATOMICITY ACCEPTANCE REQUIRED,NONE - PARENT AND CHILD REMAIN DRAFT,"PRELIMINARY - NOT APPROVED FOR FABRICATION, CONNECTION, MOTION, OR ENERGIZATION"
THERM-001-A01,THERM-001,1,0,YES,YES,CANDIDATE SCREENED - INDEPENDENT COVERAGE AND ATOMICITY ACCEPTANCE REQUIRED,NONE - PARENT AND CHILD REMAIN DRAFT,"PRELIMINARY - NOT APPROVED FOR FABRICATION, CONNECTION, MOTION, OR ENERGIZATION"
THERM-001-A02,THERM-001,1,0,YES,YES,CANDIDATE SCREENED - INDEPENDENT COVERAGE AND ATOMICITY ACCEPTANCE REQUIRED,NONE - PARENT AND CHILD REMAIN DRAFT,"PRELIMINARY - NOT APPROVED FOR FABRICATION, CONNECTION, MOTION, OR ENERGIZATION"
THERM-001-A03,THERM-001,1,0,YES,YES,CANDIDATE SCREENED - INDEPENDENT COVERAGE AND ATOMICITY ACCEPTANCE REQUIRED,NONE - PARENT AND CHILD REMAIN DRAFT,"PRELIMINARY - NOT APPROVED FOR FABRICATION, CONNECTION, MOTION, OR ENERGIZATION"
VER-001-A01,VER-001,1,0,YES,YES,CANDIDATE SCREENED - INDEPENDENT COVERAGE AND ATOMICITY ACCEPTANCE REQUIRED,NONE - PARENT AND CHILD REMAIN DRAFT,"PRELIMINARY - NOT APPROVED FOR FABRICATION, CONNECTION, MOTION, OR ENERGIZATION"
VER-001-A02,VER-001,1,0,YES,YES,CANDIDATE SCREENED - INDEPENDENT COVERAGE AND ATOMICITY ACCEPTANCE REQUIRED,NONE - PARENT AND CHILD REMAIN DRAFT,"PRELIMINARY - NOT APPROVED FOR FABRICATION, CONNECTION, MOTION, OR ENERGIZATION"
VER-001-A03,VER-001,1,0,YES,YES,CANDIDATE SCREENED - INDEPENDENT COVERAGE AND ATOMICITY ACCEPTANCE REQUIRED,NONE - PARENT AND CHILD REMAIN DRAFT,"PRELIMINARY - NOT APPROVED FOR FABRICATION, CONNECTION, MOTION, OR ENERGIZATION"
WALK-002-A01,WALK-002,1,0,YES,YES,CANDIDATE SCREENED - INDEPENDENT COVERAGE AND ATOMICITY ACCEPTANCE REQUIRED,NONE - PARENT AND CHILD REMAIN DRAFT,"PRELIMINARY - NOT APPROVED FOR FABRICATION, CONNECTION, MOTION, OR ENERGIZATION"
WALK-002-A02,WALK-002,1,0,YES,YES,CANDIDATE SCREENED - INDEPENDENT COVERAGE AND ATOMICITY ACCEPTANCE REQUIRED,NONE - PARENT AND CHILD REMAIN DRAFT,"PRELIMINARY - NOT APPROVED FOR FABRICATION, CONNECTION, MOTION, OR ENERGIZATION"
WALK-002-A03,WALK-002,1,0,YES,YES,CANDIDATE SCREENED - INDEPENDENT COVERAGE AND ATOMICITY ACCEPTANCE REQUIRED,NONE - PARENT AND CHILD REMAIN DRAFT,"PRELIMINARY - NOT APPROVED FOR FABRICATION, CONNECTION, MOTION, OR ENERGIZATION"
WALK-002-A04,WALK-002,1,0,YES,YES,CANDIDATE SCREENED - INDEPENDENT COVERAGE AND ATOMICITY ACCEPTANCE REQUIRED,NONE - PARENT AND CHILD REMAIN DRAFT,"PRELIMINARY - NOT APPROVED FOR FABRICATION, CONNECTION, MOTION, OR ENERGIZATION"
WALK-002-A05,WALK-002,1,0,YES,YES,CANDIDATE SCREENED - INDEPENDENT COVERAGE AND ATOMICITY ACCEPTANCE REQUIRED,NONE - PARENT AND CHILD REMAIN DRAFT,"PRELIMINARY - NOT APPROVED FOR FABRICATION, CONNECTION, MOTION, OR ENERGIZATION"
WALK-002-A06,WALK-002,1,0,YES,YES,CANDIDATE SCREENED - INDEPENDENT COVERAGE AND ATOMICITY ACCEPTANCE REQUIRED,NONE - PARENT AND CHILD REMAIN DRAFT,"PRELIMINARY - NOT APPROVED FOR FABRICATION, CONNECTION, MOTION, OR ENERGIZATION"
WALK-003-A01,WALK-003,1,0,YES,YES,CANDIDATE SCREENED - INDEPENDENT COVERAGE AND ATOMICITY ACCEPTANCE REQUIRED,NONE - PARENT AND CHILD REMAIN DRAFT,"PRELIMINARY - NOT APPROVED FOR FABRICATION, CONNECTION, MOTION, OR ENERGIZATION"
WALK-003-A02,WALK-003,1,0,YES,YES,CANDIDATE SCREENED - INDEPENDENT COVERAGE AND ATOMICITY ACCEPTANCE REQUIRED,NONE - PARENT AND CHILD REMAIN DRAFT,"PRELIMINARY - NOT APPROVED FOR FABRICATION, CONNECTION, MOTION, OR ENERGIZATION"
WALK-004-A01,WALK-004,1,0,YES,YES,CANDIDATE SCREENED - INDEPENDENT COVERAGE AND ATOMICITY ACCEPTANCE REQUIRED,NONE - PARENT AND CHILD REMAIN DRAFT,"PRELIMINARY - NOT APPROVED FOR FABRICATION, CONNECTION, MOTION, OR ENERGIZATION"
WALK-004-A02,WALK-004,1,0,YES,YES,CANDIDATE SCREENED - INDEPENDENT COVERAGE AND ATOMICITY ACCEPTANCE REQUIRED,NONE - PARENT AND CHILD REMAIN DRAFT,"PRELIMINARY - NOT APPROVED FOR FABRICATION, CONNECTION, MOTION, OR ENERGIZATION"
WALK-004-A03,WALK-004,1,0,YES,YES,CANDIDATE SCREENED - INDEPENDENT COVERAGE AND ATOMICITY ACCEPTANCE REQUIRED,NONE - PARENT AND CHILD REMAIN DRAFT,"PRELIMINARY - NOT APPROVED FOR FABRICATION, CONNECTION, MOTION, OR ENERGIZATION"
WALK-004-A04,WALK-004,1,0,YES,YES,CANDIDATE SCREENED - INDEPENDENT COVERAGE AND ATOMICITY ACCEPTANCE REQUIRED,NONE - PARENT AND CHILD REMAIN DRAFT,"PRELIMINARY - NOT APPROVED FOR FABRICATION, CONNECTION, MOTION, OR ENERGIZATION"
WALK-004-A05,WALK-004,1,0,YES,YES,CANDIDATE SCREENED - INDEPENDENT COVERAGE AND ATOMICITY ACCEPTANCE REQUIRED,NONE - PARENT AND CHILD REMAIN DRAFT,"PRELIMINARY - NOT APPROVED FOR FABRICATION, CONNECTION, MOTION, OR ENERGIZATION"
WALK-005-A01,WALK-005,1,0,YES,YES,CANDIDATE SCREENED - INDEPENDENT COVERAGE AND ATOMICITY ACCEPTANCE REQUIRED,NONE - PARENT AND CHILD REMAIN DRAFT,"PRELIMINARY - NOT APPROVED FOR FABRICATION, CONNECTION, MOTION, OR ENERGIZATION"
WALK-005-A02,WALK-005,1,0,YES,YES,CANDIDATE SCREENED - INDEPENDENT COVERAGE AND ATOMICITY ACCEPTANCE REQUIRED,NONE - PARENT AND CHILD REMAIN DRAFT,"PRELIMINARY - NOT APPROVED FOR FABRICATION, CONNECTION, MOTION, OR ENERGIZATION"
WALK-006-A01,WALK-006,1,0,YES,YES,CANDIDATE SCREENED - INDEPENDENT COVERAGE AND ATOMICITY ACCEPTANCE REQUIRED,NONE - PARENT AND CHILD REMAIN DRAFT,"PRELIMINARY - NOT APPROVED FOR FABRICATION, CONNECTION, MOTION, OR ENERGIZATION"
WALK-006-A02,WALK-006,1,0,YES,YES,CANDIDATE SCREENED - INDEPENDENT COVERAGE AND ATOMICITY ACCEPTANCE REQUIRED,NONE - PARENT AND CHILD REMAIN DRAFT,"PRELIMINARY - NOT APPROVED FOR FABRICATION, CONNECTION, MOTION, OR ENERGIZATION"
WALK-006-A03,WALK-006,1,0,YES,YES,CANDIDATE SCREENED - INDEPENDENT COVERAGE AND ATOMICITY ACCEPTANCE REQUIRED,NONE - PARENT AND CHILD REMAIN DRAFT,"PRELIMINARY - NOT APPROVED FOR FABRICATION, CONNECTION, MOTION, OR ENERGIZATION"
WALK-006-A04,WALK-006,1,0,YES,YES,CANDIDATE SCREENED - INDEPENDENT COVERAGE AND ATOMICITY ACCEPTANCE REQUIRED,NONE - PARENT AND CHILD REMAIN DRAFT,"PRELIMINARY - NOT APPROVED FOR FABRICATION, CONNECTION, MOTION, OR ENERGIZATION"
WALK-006-A05,WALK-006,1,0,YES,YES,CANDIDATE SCREENED - INDEPENDENT COVERAGE AND ATOMICITY ACCEPTANCE REQUIRED,NONE - PARENT AND CHILD REMAIN DRAFT,"PRELIMINARY - NOT APPROVED FOR FABRICATION, CONNECTION, MOTION, OR ENERGIZATION"
WALK-006-A06,WALK-006,1,0,YES,YES,CANDIDATE SCREENED - INDEPENDENT COVERAGE AND ATOMICITY ACCEPTANCE REQUIRED,NONE - PARENT AND CHILD REMAIN DRAFT,"PRELIMINARY - NOT APPROVED FOR FABRICATION, CONNECTION, MOTION, OR ENERGIZATION"
WALK-007-A01,WALK-007,1,0,YES,YES,CANDIDATE SCREENED - INDEPENDENT COVERAGE AND ATOMICITY ACCEPTANCE REQUIRED,NONE - PARENT AND CHILD REMAIN DRAFT,"PRELIMINARY - NOT APPROVED FOR FABRICATION, CONNECTION, MOTION, OR ENERGIZATION"
WALK-007-A02,WALK-007,1,0,YES,YES,CANDIDATE SCREENED - INDEPENDENT COVERAGE AND ATOMICITY ACCEPTANCE REQUIRED,NONE - PARENT AND CHILD REMAIN DRAFT,"PRELIMINARY - NOT APPROVED FOR FABRICATION, CONNECTION, MOTION, OR ENERGIZATION"
WALK-007-A03,WALK-007,1,0,YES,YES,CANDIDATE SCREENED - INDEPENDENT COVERAGE AND ATOMICITY ACCEPTANCE REQUIRED,NONE - PARENT AND CHILD REMAIN DRAFT,"PRELIMINARY - NOT APPROVED FOR FABRICATION, CONNECTION, MOTION, OR ENERGIZATION"
WALK-008-A01,WALK-008,1,0,YES,YES,CANDIDATE SCREENED - INDEPENDENT COVERAGE AND ATOMICITY ACCEPTANCE REQUIRED,NONE - PARENT AND CHILD REMAIN DRAFT,"PRELIMINARY - NOT APPROVED FOR FABRICATION, CONNECTION, MOTION, OR ENERGIZATION"
WALK-008-A02,WALK-008,1,0,YES,YES,CANDIDATE SCREENED - INDEPENDENT COVERAGE AND ATOMICITY ACCEPTANCE REQUIRED,NONE - PARENT AND CHILD REMAIN DRAFT,"PRELIMINARY - NOT APPROVED FOR FABRICATION, CONNECTION, MOTION, OR ENERGIZATION"
WALK-008-A03,WALK-008,1,0,YES,YES,CANDIDATE SCREENED - INDEPENDENT COVERAGE AND ATOMICITY ACCEPTANCE REQUIRED,NONE - PARENT AND CHILD REMAIN DRAFT,"PRELIMINARY - NOT APPROVED FOR FABRICATION, CONNECTION, MOTION, OR ENERGIZATION"
WALK-009-A01,WALK-009,1,0,YES,YES,CANDIDATE SCREENED - INDEPENDENT COVERAGE AND ATOMICITY ACCEPTANCE REQUIRED,NONE - PARENT AND CHILD REMAIN DRAFT,"PRELIMINARY - NOT APPROVED FOR FABRICATION, CONNECTION, MOTION, OR ENERGIZATION"
WALK-009-A02,WALK-009,1,0,YES,YES,CANDIDATE SCREENED - INDEPENDENT COVERAGE AND ATOMICITY ACCEPTANCE REQUIRED,NONE - PARENT AND CHILD REMAIN DRAFT,"PRELIMINARY - NOT APPROVED FOR FABRICATION, CONNECTION, MOTION, OR ENERGIZATION"
WALK-009-A03,WALK-009,1,0,YES,YES,CANDIDATE SCREENED - INDEPENDENT COVERAGE AND ATOMICITY ACCEPTANCE REQUIRED,NONE - PARENT AND CHILD REMAIN DRAFT,"PRELIMINARY - NOT APPROVED FOR FABRICATION, CONNECTION, MOTION, OR ENERGIZATION"
WALK-009-A04,WALK-009,1,0,YES,YES,CANDIDATE SCREENED - INDEPENDENT COVERAGE AND ATOMICITY ACCEPTANCE REQUIRED,NONE - PARENT AND CHILD REMAIN DRAFT,"PRELIMINARY - NOT APPROVED FOR FABRICATION, CONNECTION, MOTION, OR ENERGIZATION"
WALK-009-A05,WALK-009,1,0,YES,YES,CANDIDATE SCREENED - INDEPENDENT COVERAGE AND ATOMICITY ACCEPTANCE REQUIRED,NONE - PARENT AND CHILD REMAIN DRAFT,"PRELIMINARY - NOT APPROVED FOR FABRICATION, CONNECTION, MOTION, OR ENERGIZATION"
WALK-009-A06,WALK-009,1,0,YES,YES,CANDIDATE SCREENED - INDEPENDENT COVERAGE AND ATOMICITY ACCEPTANCE REQUIRED,NONE - PARENT AND CHILD REMAIN DRAFT,"PRELIMINARY - NOT APPROVED FOR FABRICATION, CONNECTION, MOTION, OR ENERGIZATION"
WALK-011-A01,WALK-011,1,0,YES,YES,CANDIDATE SCREENED - INDEPENDENT COVERAGE AND ATOMICITY ACCEPTANCE REQUIRED,NONE - PARENT AND CHILD REMAIN DRAFT,"PRELIMINARY - NOT APPROVED FOR FABRICATION, CONNECTION, MOTION, OR ENERGIZATION"
WALK-011-A02,WALK-011,1,0,YES,YES,CANDIDATE SCREENED - INDEPENDENT COVERAGE AND ATOMICITY ACCEPTANCE REQUIRED,NONE - PARENT AND CHILD REMAIN DRAFT,"PRELIMINARY - NOT APPROVED FOR FABRICATION, CONNECTION, MOTION, OR ENERGIZATION"
WALK-011-A03,WALK-011,1,0,YES,YES,CANDIDATE SCREENED - INDEPENDENT COVERAGE AND ATOMICITY ACCEPTANCE REQUIRED,NONE - PARENT AND CHILD REMAIN DRAFT,"PRELIMINARY - NOT APPROVED FOR FABRICATION, CONNECTION, MOTION, OR ENERGIZATION"
WALK-011-A04,WALK-011,1,0,YES,YES,CANDIDATE SCREENED - INDEPENDENT COVERAGE AND ATOMICITY ACCEPTANCE REQUIRED,NONE - PARENT AND CHILD REMAIN DRAFT,"PRELIMINARY - NOT APPROVED FOR FABRICATION, CONNECTION, MOTION, OR ENERGIZATION"
WALK-011-A05,WALK-011,1,0,YES,YES,CANDIDATE SCREENED - INDEPENDENT COVERAGE AND ATOMICITY ACCEPTANCE REQUIRED,NONE - PARENT AND CHILD REMAIN DRAFT,"PRELIMINARY - NOT APPROVED FOR FABRICATION, CONNECTION, MOTION, OR ENERGIZATION"
WALK-011-A06,WALK-011,1,0,YES,YES,CANDIDATE SCREENED - INDEPENDENT COVERAGE AND ATOMICITY ACCEPTANCE REQUIRED,NONE - PARENT AND CHILD REMAIN DRAFT,"PRELIMINARY - NOT APPROVED FOR FABRICATION, CONNECTION, MOTION, OR ENERGIZATION"
WALK-011-A07,WALK-011,1,0,YES,YES,CANDIDATE SCREENED - INDEPENDENT COVERAGE AND ATOMICITY ACCEPTANCE REQUIRED,NONE - PARENT AND CHILD REMAIN DRAFT,"PRELIMINARY - NOT APPROVED FOR FABRICATION, CONNECTION, MOTION, OR ENERGIZATION"
WALK-011-A08,WALK-011,1,0,YES,YES,CANDIDATE SCREENED - INDEPENDENT COVERAGE AND ATOMICITY ACCEPTANCE REQUIRED,NONE - PARENT AND CHILD REMAIN DRAFT,"PRELIMINARY - NOT APPROVED FOR FABRICATION, CONNECTION, MOTION, OR ENERGIZATION"
WALK-011-A09,WALK-011,1,0,YES,YES,CANDIDATE SCREENED - INDEPENDENT COVERAGE AND ATOMICITY ACCEPTANCE REQUIRED,NONE - PARENT AND CHILD REMAIN DRAFT,"PRELIMINARY - NOT APPROVED FOR FABRICATION, CONNECTION, MOTION, OR ENERGIZATION"
WALK-011-A10,WALK-011,1,0,YES,YES,CANDIDATE SCREENED - INDEPENDENT COVERAGE AND ATOMICITY ACCEPTANCE REQUIRED,NONE - PARENT AND CHILD REMAIN DRAFT,"PRELIMINARY - NOT APPROVED FOR FABRICATION, CONNECTION, MOTION, OR ENERGIZATION"
WALK-011-A11,WALK-011,1,0,YES,YES,CANDIDATE SCREENED - INDEPENDENT COVERAGE AND ATOMICITY ACCEPTANCE REQUIRED,NONE - PARENT AND CHILD REMAIN DRAFT,"PRELIMINARY - NOT APPROVED FOR FABRICATION, CONNECTION, MOTION, OR ENERGIZATION"
WALK-013-A01,WALK-013,1,0,YES,YES,CANDIDATE SCREENED - INDEPENDENT COVERAGE AND ATOMICITY ACCEPTANCE REQUIRED,NONE - PARENT AND CHILD REMAIN DRAFT,"PRELIMINARY - NOT APPROVED FOR FABRICATION, CONNECTION, MOTION, OR ENERGIZATION"
WALK-013-A02,WALK-013,1,0,YES,YES,CANDIDATE SCREENED - INDEPENDENT COVERAGE AND ATOMICITY ACCEPTANCE REQUIRED,NONE - PARENT AND CHILD REMAIN DRAFT,"PRELIMINARY - NOT APPROVED FOR FABRICATION, CONNECTION, MOTION, OR ENERGIZATION"
WALK-013-A03,WALK-013,1,0,YES,YES,CANDIDATE SCREENED - INDEPENDENT COVERAGE AND ATOMICITY ACCEPTANCE REQUIRED,NONE - PARENT AND CHILD REMAIN DRAFT,"PRELIMINARY - NOT APPROVED FOR FABRICATION, CONNECTION, MOTION, OR ENERGIZATION"
WALK-013-A04,WALK-013,1,0,YES,YES,CANDIDATE SCREENED - INDEPENDENT COVERAGE AND ATOMICITY ACCEPTANCE REQUIRED,NONE - PARENT AND CHILD REMAIN DRAFT,"PRELIMINARY - NOT APPROVED FOR FABRICATION, CONNECTION, MOTION, OR ENERGIZATION"
WALK-013-A05,WALK-013,1,0,YES,YES,CANDIDATE SCREENED - INDEPENDENT COVERAGE AND ATOMICITY ACCEPTANCE REQUIRED,NONE - PARENT AND CHILD REMAIN DRAFT,"PRELIMINARY - NOT APPROVED FOR FABRICATION, CONNECTION, MOTION, OR ENERGIZATION"
WALK-014-A01,WALK-014,1,0,YES,YES,CANDIDATE SCREENED - INDEPENDENT COVERAGE AND ATOMICITY ACCEPTANCE REQUIRED,NONE - PARENT AND CHILD REMAIN DRAFT,"PRELIMINARY - NOT APPROVED FOR FABRICATION, CONNECTION, MOTION, OR ENERGIZATION"
WALK-014-A02,WALK-014,1,0,YES,YES,CANDIDATE SCREENED - INDEPENDENT COVERAGE AND ATOMICITY ACCEPTANCE REQUIRED,NONE - PARENT AND CHILD REMAIN DRAFT,"PRELIMINARY - NOT APPROVED FOR FABRICATION, CONNECTION, MOTION, OR ENERGIZATION"
WALK-014-A03,WALK-014,1,0,YES,YES,CANDIDATE SCREENED - INDEPENDENT COVERAGE AND ATOMICITY ACCEPTANCE REQUIRED,NONE - PARENT AND CHILD REMAIN DRAFT,"PRELIMINARY - NOT APPROVED FOR FABRICATION, CONNECTION, MOTION, OR ENERGIZATION"
WALK-014-A04,WALK-014,1,0,YES,YES,CANDIDATE SCREENED - INDEPENDENT COVERAGE AND ATOMICITY ACCEPTANCE REQUIRED,NONE - PARENT AND CHILD REMAIN DRAFT,"PRELIMINARY - NOT APPROVED FOR FABRICATION, CONNECTION, MOTION, OR ENERGIZATION"
WALK-014-A05,WALK-014,1,0,YES,YES,CANDIDATE SCREENED - INDEPENDENT COVERAGE AND ATOMICITY ACCEPTANCE REQUIRED,NONE - PARENT AND CHILD REMAIN DRAFT,"PRELIMINARY - NOT APPROVED FOR FABRICATION, CONNECTION, MOTION, OR ENERGIZATION"
WALK-014-A06,WALK-014,1,0,YES,YES,CANDIDATE SCREENED - INDEPENDENT COVERAGE AND ATOMICITY ACCEPTANCE REQUIRED,NONE - PARENT AND CHILD REMAIN DRAFT,"PRELIMINARY - NOT APPROVED FOR FABRICATION, CONNECTION, MOTION, OR ENERGIZATION"
WALK-014-A07,WALK-014,1,0,YES,YES,CANDIDATE SCREENED - INDEPENDENT COVERAGE AND ATOMICITY ACCEPTANCE REQUIRED,NONE - PARENT AND CHILD REMAIN DRAFT,"PRELIMINARY - NOT APPROVED FOR FABRICATION, CONNECTION, MOTION, OR ENERGIZATION"
