inspection_id,part_id,module,characteristic,source_nominal,method,acceptance_limit,measured_value,result,evidence,warning
FC-I0001,T01_TORSO_RAIL_R,T01,X/Y/Z printed envelope,18.000 x 18.000 x 145.986 mm,caliper/tape method and uncertainty SELECTION REQUIRED,"SELECTION REQUIRED - fit-check development result, not production tolerance",NONE,NOT EXECUTED,NONE,"PRELIMINARY - 1:1 NONSTRUCTURAL FIT ARTICLES ONLY - NOT APPROVED FOR LOAD BEARING, STANDING, WALKING, POWERED TESTING, MOTION, OR ENERGIZATION"
FC-I0002,T01_TORSO_RAIL_R,T01,mating/interface fit,native STEP geometry,controlled mating hardware or gauge SELECTION REQUIRED,"SELECTION REQUIRED - fit-check development result, not production tolerance",NONE,NOT EXECUTED,NONE,"PRELIMINARY - 1:1 NONSTRUCTURAL FIT ARTICLES ONLY - NOT APPROVED FOR LOAD BEARING, STANDING, WALKING, POWERED TESTING, MOTION, OR ENERGIZATION"
FC-I0003,T01_TORSO_RAIL_R,T01,holes/slots/inserts,native STEP geometry,go/no-go pins or received hardware SELECTION REQUIRED,"SELECTION REQUIRED - fit-check development result, not production tolerance",NONE,NOT EXECUTED,NONE,"PRELIMINARY - 1:1 NONSTRUCTURAL FIT ARTICLES ONLY - NOT APPROVED FOR LOAD BEARING, STANDING, WALKING, POWERED TESTING, MOTION, OR ENERGIZATION"
FC-I0004,T01_TORSO_RAIL_R,T01,surface/warp/support damage,native STEP geometry,visual plus flatness method SELECTION REQUIRED,"SELECTION REQUIRED - fit-check development result, not production tolerance",NONE,NOT EXECUTED,NONE,"PRELIMINARY - 1:1 NONSTRUCTURAL FIT ARTICLES ONLY - NOT APPROVED FOR LOAD BEARING, STANDING, WALKING, POWERED TESTING, MOTION, OR ENERGIZATION"
FC-I0005,T01_TORSO_RAIL_L,T01,X/Y/Z printed envelope,18.000 x 18.000 x 145.986 mm,caliper/tape method and uncertainty SELECTION REQUIRED,"SELECTION REQUIRED - fit-check development result, not production tolerance",NONE,NOT EXECUTED,NONE,"PRELIMINARY - 1:1 NONSTRUCTURAL FIT ARTICLES ONLY - NOT APPROVED FOR LOAD BEARING, STANDING, WALKING, POWERED TESTING, MOTION, OR ENERGIZATION"
FC-I0006,T01_TORSO_RAIL_L,T01,mating/interface fit,native STEP geometry,controlled mating hardware or gauge SELECTION REQUIRED,"SELECTION REQUIRED - fit-check development result, not production tolerance",NONE,NOT EXECUTED,NONE,"PRELIMINARY - 1:1 NONSTRUCTURAL FIT ARTICLES ONLY - NOT APPROVED FOR LOAD BEARING, STANDING, WALKING, POWERED TESTING, MOTION, OR ENERGIZATION"
FC-I0007,T01_TORSO_RAIL_L,T01,holes/slots/inserts,native STEP geometry,go/no-go pins or received hardware SELECTION REQUIRED,"SELECTION REQUIRED - fit-check development result, not production tolerance",NONE,NOT EXECUTED,NONE,"PRELIMINARY - 1:1 NONSTRUCTURAL FIT ARTICLES ONLY - NOT APPROVED FOR LOAD BEARING, STANDING, WALKING, POWERED TESTING, MOTION, OR ENERGIZATION"
FC-I0008,T01_TORSO_RAIL_L,T01,surface/warp/support damage,native STEP geometry,visual plus flatness method SELECTION REQUIRED,"SELECTION REQUIRED - fit-check development result, not production tolerance",NONE,NOT EXECUTED,NONE,"PRELIMINARY - 1:1 NONSTRUCTURAL FIT ARTICLES ONLY - NOT APPROVED FOR LOAD BEARING, STANDING, WALKING, POWERED TESTING, MOTION, OR ENERGIZATION"
FC-I0009,T01_SHOULDER_CROSS_TUBE,T01,X/Y/Z printed envelope,174.000 x 28.000 x 24.000 mm,caliper/tape method and uncertainty SELECTION REQUIRED,"SELECTION REQUIRED - fit-check development result, not production tolerance",NONE,NOT EXECUTED,NONE,"PRELIMINARY - 1:1 NONSTRUCTURAL FIT ARTICLES ONLY - NOT APPROVED FOR LOAD BEARING, STANDING, WALKING, POWERED TESTING, MOTION, OR ENERGIZATION"
FC-I0010,T01_SHOULDER_CROSS_TUBE,T01,mating/interface fit,native STEP geometry,controlled mating hardware or gauge SELECTION REQUIRED,"SELECTION REQUIRED - fit-check development result, not production tolerance",NONE,NOT EXECUTED,NONE,"PRELIMINARY - 1:1 NONSTRUCTURAL FIT ARTICLES ONLY - NOT APPROVED FOR LOAD BEARING, STANDING, WALKING, POWERED TESTING, MOTION, OR ENERGIZATION"
FC-I0011,T01_SHOULDER_CROSS_TUBE,T01,holes/slots/inserts,native STEP geometry,go/no-go pins or received hardware SELECTION REQUIRED,"SELECTION REQUIRED - fit-check development result, not production tolerance",NONE,NOT EXECUTED,NONE,"PRELIMINARY - 1:1 NONSTRUCTURAL FIT ARTICLES ONLY - NOT APPROVED FOR LOAD BEARING, STANDING, WALKING, POWERED TESTING, MOTION, OR ENERGIZATION"
FC-I0012,T01_SHOULDER_CROSS_TUBE,T01,surface/warp/support damage,native STEP geometry,visual plus flatness method SELECTION REQUIRED,"SELECTION REQUIRED - fit-check development result, not production tolerance",NONE,NOT EXECUTED,NONE,"PRELIMINARY - 1:1 NONSTRUCTURAL FIT ARTICLES ONLY - NOT APPROVED FOR LOAD BEARING, STANDING, WALKING, POWERED TESTING, MOTION, OR ENERGIZATION"
FC-I0013,P01_PELVIS_PLATE_FRONT,P01,X/Y/Z printed envelope,136.000 x 5.000 x 62.000 mm,caliper/tape method and uncertainty SELECTION REQUIRED,"SELECTION REQUIRED - fit-check development result, not production tolerance",NONE,NOT EXECUTED,NONE,"PRELIMINARY - 1:1 NONSTRUCTURAL FIT ARTICLES ONLY - NOT APPROVED FOR LOAD BEARING, STANDING, WALKING, POWERED TESTING, MOTION, OR ENERGIZATION"
FC-I0014,P01_PELVIS_PLATE_FRONT,P01,mating/interface fit,native STEP geometry,controlled mating hardware or gauge SELECTION REQUIRED,"SELECTION REQUIRED - fit-check development result, not production tolerance",NONE,NOT EXECUTED,NONE,"PRELIMINARY - 1:1 NONSTRUCTURAL FIT ARTICLES ONLY - NOT APPROVED FOR LOAD BEARING, STANDING, WALKING, POWERED TESTING, MOTION, OR ENERGIZATION"
FC-I0015,P01_PELVIS_PLATE_FRONT,P01,holes/slots/inserts,native STEP geometry,go/no-go pins or received hardware SELECTION REQUIRED,"SELECTION REQUIRED - fit-check development result, not production tolerance",NONE,NOT EXECUTED,NONE,"PRELIMINARY - 1:1 NONSTRUCTURAL FIT ARTICLES ONLY - NOT APPROVED FOR LOAD BEARING, STANDING, WALKING, POWERED TESTING, MOTION, OR ENERGIZATION"
FC-I0016,P01_PELVIS_PLATE_FRONT,P01,surface/warp/support damage,native STEP geometry,visual plus flatness method SELECTION REQUIRED,"SELECTION REQUIRED - fit-check development result, not production tolerance",NONE,NOT EXECUTED,NONE,"PRELIMINARY - 1:1 NONSTRUCTURAL FIT ARTICLES ONLY - NOT APPROVED FOR LOAD BEARING, STANDING, WALKING, POWERED TESTING, MOTION, OR ENERGIZATION"
FC-I0017,P01_PELVIS_PLATE_REAR,P01,X/Y/Z printed envelope,136.000 x 5.000 x 62.000 mm,caliper/tape method and uncertainty SELECTION REQUIRED,"SELECTION REQUIRED - fit-check development result, not production tolerance",NONE,NOT EXECUTED,NONE,"PRELIMINARY - 1:1 NONSTRUCTURAL FIT ARTICLES ONLY - NOT APPROVED FOR LOAD BEARING, STANDING, WALKING, POWERED TESTING, MOTION, OR ENERGIZATION"
FC-I0018,P01_PELVIS_PLATE_REAR,P01,mating/interface fit,native STEP geometry,controlled mating hardware or gauge SELECTION REQUIRED,"SELECTION REQUIRED - fit-check development result, not production tolerance",NONE,NOT EXECUTED,NONE,"PRELIMINARY - 1:1 NONSTRUCTURAL FIT ARTICLES ONLY - NOT APPROVED FOR LOAD BEARING, STANDING, WALKING, POWERED TESTING, MOTION, OR ENERGIZATION"
FC-I0019,P01_PELVIS_PLATE_REAR,P01,holes/slots/inserts,native STEP geometry,go/no-go pins or received hardware SELECTION REQUIRED,"SELECTION REQUIRED - fit-check development result, not production tolerance",NONE,NOT EXECUTED,NONE,"PRELIMINARY - 1:1 NONSTRUCTURAL FIT ARTICLES ONLY - NOT APPROVED FOR LOAD BEARING, STANDING, WALKING, POWERED TESTING, MOTION, OR ENERGIZATION"
FC-I0020,P01_PELVIS_PLATE_REAR,P01,surface/warp/support damage,native STEP geometry,visual plus flatness method SELECTION REQUIRED,"SELECTION REQUIRED - fit-check development result, not production tolerance",NONE,NOT EXECUTED,NONE,"PRELIMINARY - 1:1 NONSTRUCTURAL FIT ARTICLES ONLY - NOT APPROVED FOR LOAD BEARING, STANDING, WALKING, POWERED TESTING, MOTION, OR ENERGIZATION"
FC-I0021,P01_WAIST_BRIDGE,P01,X/Y/Z printed envelope,112.000 x 62.000 x 6.000 mm,caliper/tape method and uncertainty SELECTION REQUIRED,"SELECTION REQUIRED - fit-check development result, not production tolerance",NONE,NOT EXECUTED,NONE,"PRELIMINARY - 1:1 NONSTRUCTURAL FIT ARTICLES ONLY - NOT APPROVED FOR LOAD BEARING, STANDING, WALKING, POWERED TESTING, MOTION, OR ENERGIZATION"
FC-I0022,P01_WAIST_BRIDGE,P01,mating/interface fit,native STEP geometry,controlled mating hardware or gauge SELECTION REQUIRED,"SELECTION REQUIRED - fit-check development result, not production tolerance",NONE,NOT EXECUTED,NONE,"PRELIMINARY - 1:1 NONSTRUCTURAL FIT ARTICLES ONLY - NOT APPROVED FOR LOAD BEARING, STANDING, WALKING, POWERED TESTING, MOTION, OR ENERGIZATION"
FC-I0023,P01_WAIST_BRIDGE,P01,holes/slots/inserts,native STEP geometry,go/no-go pins or received hardware SELECTION REQUIRED,"SELECTION REQUIRED - fit-check development result, not production tolerance",NONE,NOT EXECUTED,NONE,"PRELIMINARY - 1:1 NONSTRUCTURAL FIT ARTICLES ONLY - NOT APPROVED FOR LOAD BEARING, STANDING, WALKING, POWERED TESTING, MOTION, OR ENERGIZATION"
FC-I0024,P01_WAIST_BRIDGE,P01,surface/warp/support damage,native STEP geometry,visual plus flatness method SELECTION REQUIRED,"SELECTION REQUIRED - fit-check development result, not production tolerance",NONE,NOT EXECUTED,NONE,"PRELIMINARY - 1:1 NONSTRUCTURAL FIT ARTICLES ONLY - NOT APPROVED FOR LOAD BEARING, STANDING, WALKING, POWERED TESTING, MOTION, OR ENERGIZATION"
FC-I0025,N01_NECK_TUBE,N01,X/Y/Z printed envelope,38.000 x 38.000 x 58.000 mm,caliper/tape method and uncertainty SELECTION REQUIRED,"SELECTION REQUIRED - fit-check development result, not production tolerance",NONE,NOT EXECUTED,NONE,"PRELIMINARY - 1:1 NONSTRUCTURAL FIT ARTICLES ONLY - NOT APPROVED FOR LOAD BEARING, STANDING, WALKING, POWERED TESTING, MOTION, OR ENERGIZATION"
FC-I0026,N01_NECK_TUBE,N01,mating/interface fit,native STEP geometry,controlled mating hardware or gauge SELECTION REQUIRED,"SELECTION REQUIRED - fit-check development result, not production tolerance",NONE,NOT EXECUTED,NONE,"PRELIMINARY - 1:1 NONSTRUCTURAL FIT ARTICLES ONLY - NOT APPROVED FOR LOAD BEARING, STANDING, WALKING, POWERED TESTING, MOTION, OR ENERGIZATION"
FC-I0027,N01_NECK_TUBE,N01,holes/slots/inserts,native STEP geometry,go/no-go pins or received hardware SELECTION REQUIRED,"SELECTION REQUIRED - fit-check development result, not production tolerance",NONE,NOT EXECUTED,NONE,"PRELIMINARY - 1:1 NONSTRUCTURAL FIT ARTICLES ONLY - NOT APPROVED FOR LOAD BEARING, STANDING, WALKING, POWERED TESTING, MOTION, OR ENERGIZATION"
FC-I0028,N01_NECK_TUBE,N01,surface/warp/support damage,native STEP geometry,visual plus flatness method SELECTION REQUIRED,"SELECTION REQUIRED - fit-check development result, not production tolerance",NONE,NOT EXECUTED,NONE,"PRELIMINARY - 1:1 NONSTRUCTURAL FIT ARTICLES ONLY - NOT APPROVED FOR LOAD BEARING, STANDING, WALKING, POWERED TESTING, MOTION, OR ENERGIZATION"
FC-I0029,P01_RESTRAINT_BRIDGE,P01,X/Y/Z printed envelope,84.000 x 14.000 x 12.000 mm,caliper/tape method and uncertainty SELECTION REQUIRED,"SELECTION REQUIRED - fit-check development result, not production tolerance",NONE,NOT EXECUTED,NONE,"PRELIMINARY - 1:1 NONSTRUCTURAL FIT ARTICLES ONLY - NOT APPROVED FOR LOAD BEARING, STANDING, WALKING, POWERED TESTING, MOTION, OR ENERGIZATION"
FC-I0030,P01_RESTRAINT_BRIDGE,P01,mating/interface fit,native STEP geometry,controlled mating hardware or gauge SELECTION REQUIRED,"SELECTION REQUIRED - fit-check development result, not production tolerance",NONE,NOT EXECUTED,NONE,"PRELIMINARY - 1:1 NONSTRUCTURAL FIT ARTICLES ONLY - NOT APPROVED FOR LOAD BEARING, STANDING, WALKING, POWERED TESTING, MOTION, OR ENERGIZATION"
FC-I0031,P01_RESTRAINT_BRIDGE,P01,holes/slots/inserts,native STEP geometry,go/no-go pins or received hardware SELECTION REQUIRED,"SELECTION REQUIRED - fit-check development result, not production tolerance",NONE,NOT EXECUTED,NONE,"PRELIMINARY - 1:1 NONSTRUCTURAL FIT ARTICLES ONLY - NOT APPROVED FOR LOAD BEARING, STANDING, WALKING, POWERED TESTING, MOTION, OR ENERGIZATION"
FC-I0032,P01_RESTRAINT_BRIDGE,P01,surface/warp/support damage,native STEP geometry,visual plus flatness method SELECTION REQUIRED,"SELECTION REQUIRED - fit-check development result, not production tolerance",NONE,NOT EXECUTED,NONE,"PRELIMINARY - 1:1 NONSTRUCTURAL FIT ARTICLES ONLY - NOT APPROVED FOR LOAD BEARING, STANDING, WALKING, POWERED TESTING, MOTION, OR ENERGIZATION"
FC-I0033,L01_SHIN_SIDE_FRONT,L01,X/Y/Z printed envelope,50.000 x 2.500 x 136.000 mm,caliper/tape method and uncertainty SELECTION REQUIRED,"SELECTION REQUIRED - fit-check development result, not production tolerance",NONE,NOT EXECUTED,NONE,"PRELIMINARY - 1:1 NONSTRUCTURAL FIT ARTICLES ONLY - NOT APPROVED FOR LOAD BEARING, STANDING, WALKING, POWERED TESTING, MOTION, OR ENERGIZATION"
FC-I0034,L01_SHIN_SIDE_FRONT,L01,mating/interface fit,native STEP geometry,controlled mating hardware or gauge SELECTION REQUIRED,"SELECTION REQUIRED - fit-check development result, not production tolerance",NONE,NOT EXECUTED,NONE,"PRELIMINARY - 1:1 NONSTRUCTURAL FIT ARTICLES ONLY - NOT APPROVED FOR LOAD BEARING, STANDING, WALKING, POWERED TESTING, MOTION, OR ENERGIZATION"
FC-I0035,L01_SHIN_SIDE_FRONT,L01,holes/slots/inserts,native STEP geometry,go/no-go pins or received hardware SELECTION REQUIRED,"SELECTION REQUIRED - fit-check development result, not production tolerance",NONE,NOT EXECUTED,NONE,"PRELIMINARY - 1:1 NONSTRUCTURAL FIT ARTICLES ONLY - NOT APPROVED FOR LOAD BEARING, STANDING, WALKING, POWERED TESTING, MOTION, OR ENERGIZATION"
FC-I0036,L01_SHIN_SIDE_FRONT,L01,surface/warp/support damage,native STEP geometry,visual plus flatness method SELECTION REQUIRED,"SELECTION REQUIRED - fit-check development result, not production tolerance",NONE,NOT EXECUTED,NONE,"PRELIMINARY - 1:1 NONSTRUCTURAL FIT ARTICLES ONLY - NOT APPROVED FOR LOAD BEARING, STANDING, WALKING, POWERED TESTING, MOTION, OR ENERGIZATION"
FC-I0037,L01_THIGH_SIDE_FRONT,L01,X/Y/Z printed envelope,56.000 x 2.500 x 142.000 mm,caliper/tape method and uncertainty SELECTION REQUIRED,"SELECTION REQUIRED - fit-check development result, not production tolerance",NONE,NOT EXECUTED,NONE,"PRELIMINARY - 1:1 NONSTRUCTURAL FIT ARTICLES ONLY - NOT APPROVED FOR LOAD BEARING, STANDING, WALKING, POWERED TESTING, MOTION, OR ENERGIZATION"
FC-I0038,L01_THIGH_SIDE_FRONT,L01,mating/interface fit,native STEP geometry,controlled mating hardware or gauge SELECTION REQUIRED,"SELECTION REQUIRED - fit-check development result, not production tolerance",NONE,NOT EXECUTED,NONE,"PRELIMINARY - 1:1 NONSTRUCTURAL FIT ARTICLES ONLY - NOT APPROVED FOR LOAD BEARING, STANDING, WALKING, POWERED TESTING, MOTION, OR ENERGIZATION"
FC-I0039,L01_THIGH_SIDE_FRONT,L01,holes/slots/inserts,native STEP geometry,go/no-go pins or received hardware SELECTION REQUIRED,"SELECTION REQUIRED - fit-check development result, not production tolerance",NONE,NOT EXECUTED,NONE,"PRELIMINARY - 1:1 NONSTRUCTURAL FIT ARTICLES ONLY - NOT APPROVED FOR LOAD BEARING, STANDING, WALKING, POWERED TESTING, MOTION, OR ENERGIZATION"
FC-I0040,L01_THIGH_SIDE_FRONT,L01,surface/warp/support damage,native STEP geometry,visual plus flatness method SELECTION REQUIRED,"SELECTION REQUIRED - fit-check development result, not production tolerance",NONE,NOT EXECUTED,NONE,"PRELIMINARY - 1:1 NONSTRUCTURAL FIT ARTICLES ONLY - NOT APPROVED FOR LOAD BEARING, STANDING, WALKING, POWERED TESTING, MOTION, OR ENERGIZATION"
FC-I0041,L01_SHIN_SIDE_REAR,L01,X/Y/Z printed envelope,50.000 x 2.500 x 136.000 mm,caliper/tape method and uncertainty SELECTION REQUIRED,"SELECTION REQUIRED - fit-check development result, not production tolerance",NONE,NOT EXECUTED,NONE,"PRELIMINARY - 1:1 NONSTRUCTURAL FIT ARTICLES ONLY - NOT APPROVED FOR LOAD BEARING, STANDING, WALKING, POWERED TESTING, MOTION, OR ENERGIZATION"
FC-I0042,L01_SHIN_SIDE_REAR,L01,mating/interface fit,native STEP geometry,controlled mating hardware or gauge SELECTION REQUIRED,"SELECTION REQUIRED - fit-check development result, not production tolerance",NONE,NOT EXECUTED,NONE,"PRELIMINARY - 1:1 NONSTRUCTURAL FIT ARTICLES ONLY - NOT APPROVED FOR LOAD BEARING, STANDING, WALKING, POWERED TESTING, MOTION, OR ENERGIZATION"
FC-I0043,L01_SHIN_SIDE_REAR,L01,holes/slots/inserts,native STEP geometry,go/no-go pins or received hardware SELECTION REQUIRED,"SELECTION REQUIRED - fit-check development result, not production tolerance",NONE,NOT EXECUTED,NONE,"PRELIMINARY - 1:1 NONSTRUCTURAL FIT ARTICLES ONLY - NOT APPROVED FOR LOAD BEARING, STANDING, WALKING, POWERED TESTING, MOTION, OR ENERGIZATION"
FC-I0044,L01_SHIN_SIDE_REAR,L01,surface/warp/support damage,native STEP geometry,visual plus flatness method SELECTION REQUIRED,"SELECTION REQUIRED - fit-check development result, not production tolerance",NONE,NOT EXECUTED,NONE,"PRELIMINARY - 1:1 NONSTRUCTURAL FIT ARTICLES ONLY - NOT APPROVED FOR LOAD BEARING, STANDING, WALKING, POWERED TESTING, MOTION, OR ENERGIZATION"
FC-I0045,L01_THIGH_SIDE_REAR,L01,X/Y/Z printed envelope,56.000 x 2.500 x 142.000 mm,caliper/tape method and uncertainty SELECTION REQUIRED,"SELECTION REQUIRED - fit-check development result, not production tolerance",NONE,NOT EXECUTED,NONE,"PRELIMINARY - 1:1 NONSTRUCTURAL FIT ARTICLES ONLY - NOT APPROVED FOR LOAD BEARING, STANDING, WALKING, POWERED TESTING, MOTION, OR ENERGIZATION"
FC-I0046,L01_THIGH_SIDE_REAR,L01,mating/interface fit,native STEP geometry,controlled mating hardware or gauge SELECTION REQUIRED,"SELECTION REQUIRED - fit-check development result, not production tolerance",NONE,NOT EXECUTED,NONE,"PRELIMINARY - 1:1 NONSTRUCTURAL FIT ARTICLES ONLY - NOT APPROVED FOR LOAD BEARING, STANDING, WALKING, POWERED TESTING, MOTION, OR ENERGIZATION"
FC-I0047,L01_THIGH_SIDE_REAR,L01,holes/slots/inserts,native STEP geometry,go/no-go pins or received hardware SELECTION REQUIRED,"SELECTION REQUIRED - fit-check development result, not production tolerance",NONE,NOT EXECUTED,NONE,"PRELIMINARY - 1:1 NONSTRUCTURAL FIT ARTICLES ONLY - NOT APPROVED FOR LOAD BEARING, STANDING, WALKING, POWERED TESTING, MOTION, OR ENERGIZATION"
FC-I0048,L01_THIGH_SIDE_REAR,L01,surface/warp/support damage,native STEP geometry,visual plus flatness method SELECTION REQUIRED,"SELECTION REQUIRED - fit-check development result, not production tolerance",NONE,NOT EXECUTED,NONE,"PRELIMINARY - 1:1 NONSTRUCTURAL FIT ARTICLES ONLY - NOT APPROVED FOR LOAD BEARING, STANDING, WALKING, POWERED TESTING, MOTION, OR ENERGIZATION"
FC-I0049,L01_SHIN_TIE_Z72,L01,X/Y/Z printed envelope,42.000 x 40.000 x 2.500 mm,caliper/tape method and uncertainty SELECTION REQUIRED,"SELECTION REQUIRED - fit-check development result, not production tolerance",NONE,NOT EXECUTED,NONE,"PRELIMINARY - 1:1 NONSTRUCTURAL FIT ARTICLES ONLY - NOT APPROVED FOR LOAD BEARING, STANDING, WALKING, POWERED TESTING, MOTION, OR ENERGIZATION"
FC-I0050,L01_SHIN_TIE_Z72,L01,mating/interface fit,native STEP geometry,controlled mating hardware or gauge SELECTION REQUIRED,"SELECTION REQUIRED - fit-check development result, not production tolerance",NONE,NOT EXECUTED,NONE,"PRELIMINARY - 1:1 NONSTRUCTURAL FIT ARTICLES ONLY - NOT APPROVED FOR LOAD BEARING, STANDING, WALKING, POWERED TESTING, MOTION, OR ENERGIZATION"
FC-I0051,L01_SHIN_TIE_Z72,L01,holes/slots/inserts,native STEP geometry,go/no-go pins or received hardware SELECTION REQUIRED,"SELECTION REQUIRED - fit-check development result, not production tolerance",NONE,NOT EXECUTED,NONE,"PRELIMINARY - 1:1 NONSTRUCTURAL FIT ARTICLES ONLY - NOT APPROVED FOR LOAD BEARING, STANDING, WALKING, POWERED TESTING, MOTION, OR ENERGIZATION"
FC-I0052,L01_SHIN_TIE_Z72,L01,surface/warp/support damage,native STEP geometry,visual plus flatness method SELECTION REQUIRED,"SELECTION REQUIRED - fit-check development result, not production tolerance",NONE,NOT EXECUTED,NONE,"PRELIMINARY - 1:1 NONSTRUCTURAL FIT ARTICLES ONLY - NOT APPROVED FOR LOAD BEARING, STANDING, WALKING, POWERED TESTING, MOTION, OR ENERGIZATION"
FC-I0053,L01_SHIN_TIE_Z135,L01,X/Y/Z printed envelope,42.000 x 40.000 x 2.500 mm,caliper/tape method and uncertainty SELECTION REQUIRED,"SELECTION REQUIRED - fit-check development result, not production tolerance",NONE,NOT EXECUTED,NONE,"PRELIMINARY - 1:1 NONSTRUCTURAL FIT ARTICLES ONLY - NOT APPROVED FOR LOAD BEARING, STANDING, WALKING, POWERED TESTING, MOTION, OR ENERGIZATION"
FC-I0054,L01_SHIN_TIE_Z135,L01,mating/interface fit,native STEP geometry,controlled mating hardware or gauge SELECTION REQUIRED,"SELECTION REQUIRED - fit-check development result, not production tolerance",NONE,NOT EXECUTED,NONE,"PRELIMINARY - 1:1 NONSTRUCTURAL FIT ARTICLES ONLY - NOT APPROVED FOR LOAD BEARING, STANDING, WALKING, POWERED TESTING, MOTION, OR ENERGIZATION"
FC-I0055,L01_SHIN_TIE_Z135,L01,holes/slots/inserts,native STEP geometry,go/no-go pins or received hardware SELECTION REQUIRED,"SELECTION REQUIRED - fit-check development result, not production tolerance",NONE,NOT EXECUTED,NONE,"PRELIMINARY - 1:1 NONSTRUCTURAL FIT ARTICLES ONLY - NOT APPROVED FOR LOAD BEARING, STANDING, WALKING, POWERED TESTING, MOTION, OR ENERGIZATION"
FC-I0056,L01_SHIN_TIE_Z135,L01,surface/warp/support damage,native STEP geometry,visual plus flatness method SELECTION REQUIRED,"SELECTION REQUIRED - fit-check development result, not production tolerance",NONE,NOT EXECUTED,NONE,"PRELIMINARY - 1:1 NONSTRUCTURAL FIT ARTICLES ONLY - NOT APPROVED FOR LOAD BEARING, STANDING, WALKING, POWERED TESTING, MOTION, OR ENERGIZATION"
FC-I0057,L01_SHIN_TIE_Z183,L01,X/Y/Z printed envelope,42.000 x 40.000 x 2.500 mm,caliper/tape method and uncertainty SELECTION REQUIRED,"SELECTION REQUIRED - fit-check development result, not production tolerance",NONE,NOT EXECUTED,NONE,"PRELIMINARY - 1:1 NONSTRUCTURAL FIT ARTICLES ONLY - NOT APPROVED FOR LOAD BEARING, STANDING, WALKING, POWERED TESTING, MOTION, OR ENERGIZATION"
FC-I0058,L01_SHIN_TIE_Z183,L01,mating/interface fit,native STEP geometry,controlled mating hardware or gauge SELECTION REQUIRED,"SELECTION REQUIRED - fit-check development result, not production tolerance",NONE,NOT EXECUTED,NONE,"PRELIMINARY - 1:1 NONSTRUCTURAL FIT ARTICLES ONLY - NOT APPROVED FOR LOAD BEARING, STANDING, WALKING, POWERED TESTING, MOTION, OR ENERGIZATION"
FC-I0059,L01_SHIN_TIE_Z183,L01,holes/slots/inserts,native STEP geometry,go/no-go pins or received hardware SELECTION REQUIRED,"SELECTION REQUIRED - fit-check development result, not production tolerance",NONE,NOT EXECUTED,NONE,"PRELIMINARY - 1:1 NONSTRUCTURAL FIT ARTICLES ONLY - NOT APPROVED FOR LOAD BEARING, STANDING, WALKING, POWERED TESTING, MOTION, OR ENERGIZATION"
FC-I0060,L01_SHIN_TIE_Z183,L01,surface/warp/support damage,native STEP geometry,visual plus flatness method SELECTION REQUIRED,"SELECTION REQUIRED - fit-check development result, not production tolerance",NONE,NOT EXECUTED,NONE,"PRELIMINARY - 1:1 NONSTRUCTURAL FIT ARTICLES ONLY - NOT APPROVED FOR LOAD BEARING, STANDING, WALKING, POWERED TESTING, MOTION, OR ENERGIZATION"
FC-I0061,L01_THIGH_TIE_Z235,L01,X/Y/Z printed envelope,46.000 x 40.000 x 2.500 mm,caliper/tape method and uncertainty SELECTION REQUIRED,"SELECTION REQUIRED - fit-check development result, not production tolerance",NONE,NOT EXECUTED,NONE,"PRELIMINARY - 1:1 NONSTRUCTURAL FIT ARTICLES ONLY - NOT APPROVED FOR LOAD BEARING, STANDING, WALKING, POWERED TESTING, MOTION, OR ENERGIZATION"
FC-I0062,L01_THIGH_TIE_Z235,L01,mating/interface fit,native STEP geometry,controlled mating hardware or gauge SELECTION REQUIRED,"SELECTION REQUIRED - fit-check development result, not production tolerance",NONE,NOT EXECUTED,NONE,"PRELIMINARY - 1:1 NONSTRUCTURAL FIT ARTICLES ONLY - NOT APPROVED FOR LOAD BEARING, STANDING, WALKING, POWERED TESTING, MOTION, OR ENERGIZATION"
FC-I0063,L01_THIGH_TIE_Z235,L01,holes/slots/inserts,native STEP geometry,go/no-go pins or received hardware SELECTION REQUIRED,"SELECTION REQUIRED - fit-check development result, not production tolerance",NONE,NOT EXECUTED,NONE,"PRELIMINARY - 1:1 NONSTRUCTURAL FIT ARTICLES ONLY - NOT APPROVED FOR LOAD BEARING, STANDING, WALKING, POWERED TESTING, MOTION, OR ENERGIZATION"
FC-I0064,L01_THIGH_TIE_Z235,L01,surface/warp/support damage,native STEP geometry,visual plus flatness method SELECTION REQUIRED,"SELECTION REQUIRED - fit-check development result, not production tolerance",NONE,NOT EXECUTED,NONE,"PRELIMINARY - 1:1 NONSTRUCTURAL FIT ARTICLES ONLY - NOT APPROVED FOR LOAD BEARING, STANDING, WALKING, POWERED TESTING, MOTION, OR ENERGIZATION"
FC-I0065,L01_THIGH_TIE_Z300,L01,X/Y/Z printed envelope,46.000 x 40.000 x 2.500 mm,caliper/tape method and uncertainty SELECTION REQUIRED,"SELECTION REQUIRED - fit-check development result, not production tolerance",NONE,NOT EXECUTED,NONE,"PRELIMINARY - 1:1 NONSTRUCTURAL FIT ARTICLES ONLY - NOT APPROVED FOR LOAD BEARING, STANDING, WALKING, POWERED TESTING, MOTION, OR ENERGIZATION"
FC-I0066,L01_THIGH_TIE_Z300,L01,mating/interface fit,native STEP geometry,controlled mating hardware or gauge SELECTION REQUIRED,"SELECTION REQUIRED - fit-check development result, not production tolerance",NONE,NOT EXECUTED,NONE,"PRELIMINARY - 1:1 NONSTRUCTURAL FIT ARTICLES ONLY - NOT APPROVED FOR LOAD BEARING, STANDING, WALKING, POWERED TESTING, MOTION, OR ENERGIZATION"
FC-I0067,L01_THIGH_TIE_Z300,L01,holes/slots/inserts,native STEP geometry,go/no-go pins or received hardware SELECTION REQUIRED,"SELECTION REQUIRED - fit-check development result, not production tolerance",NONE,NOT EXECUTED,NONE,"PRELIMINARY - 1:1 NONSTRUCTURAL FIT ARTICLES ONLY - NOT APPROVED FOR LOAD BEARING, STANDING, WALKING, POWERED TESTING, MOTION, OR ENERGIZATION"
FC-I0068,L01_THIGH_TIE_Z300,L01,surface/warp/support damage,native STEP geometry,visual plus flatness method SELECTION REQUIRED,"SELECTION REQUIRED - fit-check development result, not production tolerance",NONE,NOT EXECUTED,NONE,"PRELIMINARY - 1:1 NONSTRUCTURAL FIT ARTICLES ONLY - NOT APPROVED FOR LOAD BEARING, STANDING, WALKING, POWERED TESTING, MOTION, OR ENERGIZATION"
FC-I0069,L01_THIGH_TIE_Z355,L01,X/Y/Z printed envelope,46.000 x 40.000 x 2.500 mm,caliper/tape method and uncertainty SELECTION REQUIRED,"SELECTION REQUIRED - fit-check development result, not production tolerance",NONE,NOT EXECUTED,NONE,"PRELIMINARY - 1:1 NONSTRUCTURAL FIT ARTICLES ONLY - NOT APPROVED FOR LOAD BEARING, STANDING, WALKING, POWERED TESTING, MOTION, OR ENERGIZATION"
FC-I0070,L01_THIGH_TIE_Z355,L01,mating/interface fit,native STEP geometry,controlled mating hardware or gauge SELECTION REQUIRED,"SELECTION REQUIRED - fit-check development result, not production tolerance",NONE,NOT EXECUTED,NONE,"PRELIMINARY - 1:1 NONSTRUCTURAL FIT ARTICLES ONLY - NOT APPROVED FOR LOAD BEARING, STANDING, WALKING, POWERED TESTING, MOTION, OR ENERGIZATION"
FC-I0071,L01_THIGH_TIE_Z355,L01,holes/slots/inserts,native STEP geometry,go/no-go pins or received hardware SELECTION REQUIRED,"SELECTION REQUIRED - fit-check development result, not production tolerance",NONE,NOT EXECUTED,NONE,"PRELIMINARY - 1:1 NONSTRUCTURAL FIT ARTICLES ONLY - NOT APPROVED FOR LOAD BEARING, STANDING, WALKING, POWERED TESTING, MOTION, OR ENERGIZATION"
FC-I0072,L01_THIGH_TIE_Z355,L01,surface/warp/support damage,native STEP geometry,visual plus flatness method SELECTION REQUIRED,"SELECTION REQUIRED - fit-check development result, not production tolerance",NONE,NOT EXECUTED,NONE,"PRELIMINARY - 1:1 NONSTRUCTURAL FIT ARTICLES ONLY - NOT APPROVED FOR LOAD BEARING, STANDING, WALKING, POWERED TESTING, MOTION, OR ENERGIZATION"
FC-I0073,F01_SOLE_CARRIER,F01,X/Y/Z printed envelope,86.000 x 138.000 x 2.500 mm,caliper/tape method and uncertainty SELECTION REQUIRED,"SELECTION REQUIRED - fit-check development result, not production tolerance",NONE,NOT EXECUTED,NONE,"PRELIMINARY - 1:1 NONSTRUCTURAL FIT ARTICLES ONLY - NOT APPROVED FOR LOAD BEARING, STANDING, WALKING, POWERED TESTING, MOTION, OR ENERGIZATION"
FC-I0074,F01_SOLE_CARRIER,F01,mating/interface fit,native STEP geometry,controlled mating hardware or gauge SELECTION REQUIRED,"SELECTION REQUIRED - fit-check development result, not production tolerance",NONE,NOT EXECUTED,NONE,"PRELIMINARY - 1:1 NONSTRUCTURAL FIT ARTICLES ONLY - NOT APPROVED FOR LOAD BEARING, STANDING, WALKING, POWERED TESTING, MOTION, OR ENERGIZATION"
FC-I0075,F01_SOLE_CARRIER,F01,holes/slots/inserts,native STEP geometry,go/no-go pins or received hardware SELECTION REQUIRED,"SELECTION REQUIRED - fit-check development result, not production tolerance",NONE,NOT EXECUTED,NONE,"PRELIMINARY - 1:1 NONSTRUCTURAL FIT ARTICLES ONLY - NOT APPROVED FOR LOAD BEARING, STANDING, WALKING, POWERED TESTING, MOTION, OR ENERGIZATION"
FC-I0076,F01_SOLE_CARRIER,F01,surface/warp/support damage,native STEP geometry,visual plus flatness method SELECTION REQUIRED,"SELECTION REQUIRED - fit-check development result, not production tolerance",NONE,NOT EXECUTED,NONE,"PRELIMINARY - 1:1 NONSTRUCTURAL FIT ARTICLES ONLY - NOT APPROVED FOR LOAD BEARING, STANDING, WALKING, POWERED TESTING, MOTION, OR ENERGIZATION"
FC-I0077,F01_TOP_BRIDGE,F01,X/Y/Z printed envelope,68.000 x 86.000 x 2.500 mm,caliper/tape method and uncertainty SELECTION REQUIRED,"SELECTION REQUIRED - fit-check development result, not production tolerance",NONE,NOT EXECUTED,NONE,"PRELIMINARY - 1:1 NONSTRUCTURAL FIT ARTICLES ONLY - NOT APPROVED FOR LOAD BEARING, STANDING, WALKING, POWERED TESTING, MOTION, OR ENERGIZATION"
FC-I0078,F01_TOP_BRIDGE,F01,mating/interface fit,native STEP geometry,controlled mating hardware or gauge SELECTION REQUIRED,"SELECTION REQUIRED - fit-check development result, not production tolerance",NONE,NOT EXECUTED,NONE,"PRELIMINARY - 1:1 NONSTRUCTURAL FIT ARTICLES ONLY - NOT APPROVED FOR LOAD BEARING, STANDING, WALKING, POWERED TESTING, MOTION, OR ENERGIZATION"
FC-I0079,F01_TOP_BRIDGE,F01,holes/slots/inserts,native STEP geometry,go/no-go pins or received hardware SELECTION REQUIRED,"SELECTION REQUIRED - fit-check development result, not production tolerance",NONE,NOT EXECUTED,NONE,"PRELIMINARY - 1:1 NONSTRUCTURAL FIT ARTICLES ONLY - NOT APPROVED FOR LOAD BEARING, STANDING, WALKING, POWERED TESTING, MOTION, OR ENERGIZATION"
FC-I0080,F01_TOP_BRIDGE,F01,surface/warp/support damage,native STEP geometry,visual plus flatness method SELECTION REQUIRED,"SELECTION REQUIRED - fit-check development result, not production tolerance",NONE,NOT EXECUTED,NONE,"PRELIMINARY - 1:1 NONSTRUCTURAL FIT ARTICLES ONLY - NOT APPROVED FOR LOAD BEARING, STANDING, WALKING, POWERED TESTING, MOTION, OR ENERGIZATION"
FC-I0081,A01_UPPER_ARM_LINK_FRONT,A01,X/Y/Z printed envelope,41.386 x 28.000 x 145.994 mm,caliper/tape method and uncertainty SELECTION REQUIRED,"SELECTION REQUIRED - fit-check development result, not production tolerance",NONE,NOT EXECUTED,NONE,"PRELIMINARY - 1:1 NONSTRUCTURAL FIT ARTICLES ONLY - NOT APPROVED FOR LOAD BEARING, STANDING, WALKING, POWERED TESTING, MOTION, OR ENERGIZATION"
FC-I0082,A01_UPPER_ARM_LINK_FRONT,A01,mating/interface fit,native STEP geometry,controlled mating hardware or gauge SELECTION REQUIRED,"SELECTION REQUIRED - fit-check development result, not production tolerance",NONE,NOT EXECUTED,NONE,"PRELIMINARY - 1:1 NONSTRUCTURAL FIT ARTICLES ONLY - NOT APPROVED FOR LOAD BEARING, STANDING, WALKING, POWERED TESTING, MOTION, OR ENERGIZATION"
FC-I0083,A01_UPPER_ARM_LINK_FRONT,A01,holes/slots/inserts,native STEP geometry,go/no-go pins or received hardware SELECTION REQUIRED,"SELECTION REQUIRED - fit-check development result, not production tolerance",NONE,NOT EXECUTED,NONE,"PRELIMINARY - 1:1 NONSTRUCTURAL FIT ARTICLES ONLY - NOT APPROVED FOR LOAD BEARING, STANDING, WALKING, POWERED TESTING, MOTION, OR ENERGIZATION"
FC-I0084,A01_UPPER_ARM_LINK_FRONT,A01,surface/warp/support damage,native STEP geometry,visual plus flatness method SELECTION REQUIRED,"SELECTION REQUIRED - fit-check development result, not production tolerance",NONE,NOT EXECUTED,NONE,"PRELIMINARY - 1:1 NONSTRUCTURAL FIT ARTICLES ONLY - NOT APPROVED FOR LOAD BEARING, STANDING, WALKING, POWERED TESTING, MOTION, OR ENERGIZATION"
FC-I0085,A01_FOREARM_LINK_FRONT,A01,X/Y/Z printed envelope,8.498 x 26.000 x 145.034 mm,caliper/tape method and uncertainty SELECTION REQUIRED,"SELECTION REQUIRED - fit-check development result, not production tolerance",NONE,NOT EXECUTED,NONE,"PRELIMINARY - 1:1 NONSTRUCTURAL FIT ARTICLES ONLY - NOT APPROVED FOR LOAD BEARING, STANDING, WALKING, POWERED TESTING, MOTION, OR ENERGIZATION"
FC-I0086,A01_FOREARM_LINK_FRONT,A01,mating/interface fit,native STEP geometry,controlled mating hardware or gauge SELECTION REQUIRED,"SELECTION REQUIRED - fit-check development result, not production tolerance",NONE,NOT EXECUTED,NONE,"PRELIMINARY - 1:1 NONSTRUCTURAL FIT ARTICLES ONLY - NOT APPROVED FOR LOAD BEARING, STANDING, WALKING, POWERED TESTING, MOTION, OR ENERGIZATION"
FC-I0087,A01_FOREARM_LINK_FRONT,A01,holes/slots/inserts,native STEP geometry,go/no-go pins or received hardware SELECTION REQUIRED,"SELECTION REQUIRED - fit-check development result, not production tolerance",NONE,NOT EXECUTED,NONE,"PRELIMINARY - 1:1 NONSTRUCTURAL FIT ARTICLES ONLY - NOT APPROVED FOR LOAD BEARING, STANDING, WALKING, POWERED TESTING, MOTION, OR ENERGIZATION"
FC-I0088,A01_FOREARM_LINK_FRONT,A01,surface/warp/support damage,native STEP geometry,visual plus flatness method SELECTION REQUIRED,"SELECTION REQUIRED - fit-check development result, not production tolerance",NONE,NOT EXECUTED,NONE,"PRELIMINARY - 1:1 NONSTRUCTURAL FIT ARTICLES ONLY - NOT APPROVED FOR LOAD BEARING, STANDING, WALKING, POWERED TESTING, MOTION, OR ENERGIZATION"
FC-I0089,A01_UPPER_ARM_LINK_REAR,A01,X/Y/Z printed envelope,41.386 x 28.000 x 145.994 mm,caliper/tape method and uncertainty SELECTION REQUIRED,"SELECTION REQUIRED - fit-check development result, not production tolerance",NONE,NOT EXECUTED,NONE,"PRELIMINARY - 1:1 NONSTRUCTURAL FIT ARTICLES ONLY - NOT APPROVED FOR LOAD BEARING, STANDING, WALKING, POWERED TESTING, MOTION, OR ENERGIZATION"
FC-I0090,A01_UPPER_ARM_LINK_REAR,A01,mating/interface fit,native STEP geometry,controlled mating hardware or gauge SELECTION REQUIRED,"SELECTION REQUIRED - fit-check development result, not production tolerance",NONE,NOT EXECUTED,NONE,"PRELIMINARY - 1:1 NONSTRUCTURAL FIT ARTICLES ONLY - NOT APPROVED FOR LOAD BEARING, STANDING, WALKING, POWERED TESTING, MOTION, OR ENERGIZATION"
FC-I0091,A01_UPPER_ARM_LINK_REAR,A01,holes/slots/inserts,native STEP geometry,go/no-go pins or received hardware SELECTION REQUIRED,"SELECTION REQUIRED - fit-check development result, not production tolerance",NONE,NOT EXECUTED,NONE,"PRELIMINARY - 1:1 NONSTRUCTURAL FIT ARTICLES ONLY - NOT APPROVED FOR LOAD BEARING, STANDING, WALKING, POWERED TESTING, MOTION, OR ENERGIZATION"
FC-I0092,A01_UPPER_ARM_LINK_REAR,A01,surface/warp/support damage,native STEP geometry,visual plus flatness method SELECTION REQUIRED,"SELECTION REQUIRED - fit-check development result, not production tolerance",NONE,NOT EXECUTED,NONE,"PRELIMINARY - 1:1 NONSTRUCTURAL FIT ARTICLES ONLY - NOT APPROVED FOR LOAD BEARING, STANDING, WALKING, POWERED TESTING, MOTION, OR ENERGIZATION"
FC-I0093,A01_FOREARM_LINK_REAR,A01,X/Y/Z printed envelope,8.498 x 26.000 x 145.034 mm,caliper/tape method and uncertainty SELECTION REQUIRED,"SELECTION REQUIRED - fit-check development result, not production tolerance",NONE,NOT EXECUTED,NONE,"PRELIMINARY - 1:1 NONSTRUCTURAL FIT ARTICLES ONLY - NOT APPROVED FOR LOAD BEARING, STANDING, WALKING, POWERED TESTING, MOTION, OR ENERGIZATION"
FC-I0094,A01_FOREARM_LINK_REAR,A01,mating/interface fit,native STEP geometry,controlled mating hardware or gauge SELECTION REQUIRED,"SELECTION REQUIRED - fit-check development result, not production tolerance",NONE,NOT EXECUTED,NONE,"PRELIMINARY - 1:1 NONSTRUCTURAL FIT ARTICLES ONLY - NOT APPROVED FOR LOAD BEARING, STANDING, WALKING, POWERED TESTING, MOTION, OR ENERGIZATION"
FC-I0095,A01_FOREARM_LINK_REAR,A01,holes/slots/inserts,native STEP geometry,go/no-go pins or received hardware SELECTION REQUIRED,"SELECTION REQUIRED - fit-check development result, not production tolerance",NONE,NOT EXECUTED,NONE,"PRELIMINARY - 1:1 NONSTRUCTURAL FIT ARTICLES ONLY - NOT APPROVED FOR LOAD BEARING, STANDING, WALKING, POWERED TESTING, MOTION, OR ENERGIZATION"
FC-I0096,A01_FOREARM_LINK_REAR,A01,surface/warp/support damage,native STEP geometry,visual plus flatness method SELECTION REQUIRED,"SELECTION REQUIRED - fit-check development result, not production tolerance",NONE,NOT EXECUTED,NONE,"PRELIMINARY - 1:1 NONSTRUCTURAL FIT ARTICLES ONLY - NOT APPROVED FOR LOAD BEARING, STANDING, WALKING, POWERED TESTING, MOTION, OR ENERGIZATION"
FC-I0097,L01_SHIN_FRONT_COVER,L01,X/Y/Z printed envelope,60.001 x 0.801 x 132.001 mm,caliper/tape method and uncertainty SELECTION REQUIRED,"SELECTION REQUIRED - fit-check development result, not production tolerance",NONE,NOT EXECUTED,NONE,"PRELIMINARY - 1:1 NONSTRUCTURAL FIT ARTICLES ONLY - NOT APPROVED FOR LOAD BEARING, STANDING, WALKING, POWERED TESTING, MOTION, OR ENERGIZATION"
FC-I0098,L01_SHIN_FRONT_COVER,L01,mating/interface fit,native STEP geometry,controlled mating hardware or gauge SELECTION REQUIRED,"SELECTION REQUIRED - fit-check development result, not production tolerance",NONE,NOT EXECUTED,NONE,"PRELIMINARY - 1:1 NONSTRUCTURAL FIT ARTICLES ONLY - NOT APPROVED FOR LOAD BEARING, STANDING, WALKING, POWERED TESTING, MOTION, OR ENERGIZATION"
FC-I0099,L01_SHIN_FRONT_COVER,L01,holes/slots/inserts,native STEP geometry,go/no-go pins or received hardware SELECTION REQUIRED,"SELECTION REQUIRED - fit-check development result, not production tolerance",NONE,NOT EXECUTED,NONE,"PRELIMINARY - 1:1 NONSTRUCTURAL FIT ARTICLES ONLY - NOT APPROVED FOR LOAD BEARING, STANDING, WALKING, POWERED TESTING, MOTION, OR ENERGIZATION"
FC-I0100,L01_SHIN_FRONT_COVER,L01,surface/warp/support damage,native STEP geometry,visual plus flatness method SELECTION REQUIRED,"SELECTION REQUIRED - fit-check development result, not production tolerance",NONE,NOT EXECUTED,NONE,"PRELIMINARY - 1:1 NONSTRUCTURAL FIT ARTICLES ONLY - NOT APPROVED FOR LOAD BEARING, STANDING, WALKING, POWERED TESTING, MOTION, OR ENERGIZATION"
FC-I0101,L01_SHIN_REAR_COVER,L01,X/Y/Z printed envelope,60.001 x 0.801 x 132.001 mm,caliper/tape method and uncertainty SELECTION REQUIRED,"SELECTION REQUIRED - fit-check development result, not production tolerance",NONE,NOT EXECUTED,NONE,"PRELIMINARY - 1:1 NONSTRUCTURAL FIT ARTICLES ONLY - NOT APPROVED FOR LOAD BEARING, STANDING, WALKING, POWERED TESTING, MOTION, OR ENERGIZATION"
FC-I0102,L01_SHIN_REAR_COVER,L01,mating/interface fit,native STEP geometry,controlled mating hardware or gauge SELECTION REQUIRED,"SELECTION REQUIRED - fit-check development result, not production tolerance",NONE,NOT EXECUTED,NONE,"PRELIMINARY - 1:1 NONSTRUCTURAL FIT ARTICLES ONLY - NOT APPROVED FOR LOAD BEARING, STANDING, WALKING, POWERED TESTING, MOTION, OR ENERGIZATION"
FC-I0103,L01_SHIN_REAR_COVER,L01,holes/slots/inserts,native STEP geometry,go/no-go pins or received hardware SELECTION REQUIRED,"SELECTION REQUIRED - fit-check development result, not production tolerance",NONE,NOT EXECUTED,NONE,"PRELIMINARY - 1:1 NONSTRUCTURAL FIT ARTICLES ONLY - NOT APPROVED FOR LOAD BEARING, STANDING, WALKING, POWERED TESTING, MOTION, OR ENERGIZATION"
FC-I0104,L01_SHIN_REAR_COVER,L01,surface/warp/support damage,native STEP geometry,visual plus flatness method SELECTION REQUIRED,"SELECTION REQUIRED - fit-check development result, not production tolerance",NONE,NOT EXECUTED,NONE,"PRELIMINARY - 1:1 NONSTRUCTURAL FIT ARTICLES ONLY - NOT APPROVED FOR LOAD BEARING, STANDING, WALKING, POWERED TESTING, MOTION, OR ENERGIZATION"
FC-I0105,L01_THIGH_FRONT_COVER,L01,X/Y/Z printed envelope,66.001 x 0.801 x 138.001 mm,caliper/tape method and uncertainty SELECTION REQUIRED,"SELECTION REQUIRED - fit-check development result, not production tolerance",NONE,NOT EXECUTED,NONE,"PRELIMINARY - 1:1 NONSTRUCTURAL FIT ARTICLES ONLY - NOT APPROVED FOR LOAD BEARING, STANDING, WALKING, POWERED TESTING, MOTION, OR ENERGIZATION"
FC-I0106,L01_THIGH_FRONT_COVER,L01,mating/interface fit,native STEP geometry,controlled mating hardware or gauge SELECTION REQUIRED,"SELECTION REQUIRED - fit-check development result, not production tolerance",NONE,NOT EXECUTED,NONE,"PRELIMINARY - 1:1 NONSTRUCTURAL FIT ARTICLES ONLY - NOT APPROVED FOR LOAD BEARING, STANDING, WALKING, POWERED TESTING, MOTION, OR ENERGIZATION"
FC-I0107,L01_THIGH_FRONT_COVER,L01,holes/slots/inserts,native STEP geometry,go/no-go pins or received hardware SELECTION REQUIRED,"SELECTION REQUIRED - fit-check development result, not production tolerance",NONE,NOT EXECUTED,NONE,"PRELIMINARY - 1:1 NONSTRUCTURAL FIT ARTICLES ONLY - NOT APPROVED FOR LOAD BEARING, STANDING, WALKING, POWERED TESTING, MOTION, OR ENERGIZATION"
FC-I0108,L01_THIGH_FRONT_COVER,L01,surface/warp/support damage,native STEP geometry,visual plus flatness method SELECTION REQUIRED,"SELECTION REQUIRED - fit-check development result, not production tolerance",NONE,NOT EXECUTED,NONE,"PRELIMINARY - 1:1 NONSTRUCTURAL FIT ARTICLES ONLY - NOT APPROVED FOR LOAD BEARING, STANDING, WALKING, POWERED TESTING, MOTION, OR ENERGIZATION"
FC-I0109,L01_THIGH_REAR_COVER,L01,X/Y/Z printed envelope,66.001 x 0.801 x 138.001 mm,caliper/tape method and uncertainty SELECTION REQUIRED,"SELECTION REQUIRED - fit-check development result, not production tolerance",NONE,NOT EXECUTED,NONE,"PRELIMINARY - 1:1 NONSTRUCTURAL FIT ARTICLES ONLY - NOT APPROVED FOR LOAD BEARING, STANDING, WALKING, POWERED TESTING, MOTION, OR ENERGIZATION"
FC-I0110,L01_THIGH_REAR_COVER,L01,mating/interface fit,native STEP geometry,controlled mating hardware or gauge SELECTION REQUIRED,"SELECTION REQUIRED - fit-check development result, not production tolerance",NONE,NOT EXECUTED,NONE,"PRELIMINARY - 1:1 NONSTRUCTURAL FIT ARTICLES ONLY - NOT APPROVED FOR LOAD BEARING, STANDING, WALKING, POWERED TESTING, MOTION, OR ENERGIZATION"
FC-I0111,L01_THIGH_REAR_COVER,L01,holes/slots/inserts,native STEP geometry,go/no-go pins or received hardware SELECTION REQUIRED,"SELECTION REQUIRED - fit-check development result, not production tolerance",NONE,NOT EXECUTED,NONE,"PRELIMINARY - 1:1 NONSTRUCTURAL FIT ARTICLES ONLY - NOT APPROVED FOR LOAD BEARING, STANDING, WALKING, POWERED TESTING, MOTION, OR ENERGIZATION"
FC-I0112,L01_THIGH_REAR_COVER,L01,surface/warp/support damage,native STEP geometry,visual plus flatness method SELECTION REQUIRED,"SELECTION REQUIRED - fit-check development result, not production tolerance",NONE,NOT EXECUTED,NONE,"PRELIMINARY - 1:1 NONSTRUCTURAL FIT ARTICLES ONLY - NOT APPROVED FOR LOAD BEARING, STANDING, WALKING, POWERED TESTING, MOTION, OR ENERGIZATION"
FC-I0113,F01_TOP_COVER,F01,X/Y/Z printed envelope,82.001 x 118.001 x 0.801 mm,caliper/tape method and uncertainty SELECTION REQUIRED,"SELECTION REQUIRED - fit-check development result, not production tolerance",NONE,NOT EXECUTED,NONE,"PRELIMINARY - 1:1 NONSTRUCTURAL FIT ARTICLES ONLY - NOT APPROVED FOR LOAD BEARING, STANDING, WALKING, POWERED TESTING, MOTION, OR ENERGIZATION"
FC-I0114,F01_TOP_COVER,F01,mating/interface fit,native STEP geometry,controlled mating hardware or gauge SELECTION REQUIRED,"SELECTION REQUIRED - fit-check development result, not production tolerance",NONE,NOT EXECUTED,NONE,"PRELIMINARY - 1:1 NONSTRUCTURAL FIT ARTICLES ONLY - NOT APPROVED FOR LOAD BEARING, STANDING, WALKING, POWERED TESTING, MOTION, OR ENERGIZATION"
FC-I0115,F01_TOP_COVER,F01,holes/slots/inserts,native STEP geometry,go/no-go pins or received hardware SELECTION REQUIRED,"SELECTION REQUIRED - fit-check development result, not production tolerance",NONE,NOT EXECUTED,NONE,"PRELIMINARY - 1:1 NONSTRUCTURAL FIT ARTICLES ONLY - NOT APPROVED FOR LOAD BEARING, STANDING, WALKING, POWERED TESTING, MOTION, OR ENERGIZATION"
FC-I0116,F01_TOP_COVER,F01,surface/warp/support damage,native STEP geometry,visual plus flatness method SELECTION REQUIRED,"SELECTION REQUIRED - fit-check development result, not production tolerance",NONE,NOT EXECUTED,NONE,"PRELIMINARY - 1:1 NONSTRUCTURAL FIT ARTICLES ONLY - NOT APPROVED FOR LOAD BEARING, STANDING, WALKING, POWERED TESTING, MOTION, OR ENERGIZATION"
FC-I0117,A01_UPPER_ARM_FRONT_COVER,A01,X/Y/Z printed envelope,38.774 x 46.000 x 145.310 mm,caliper/tape method and uncertainty SELECTION REQUIRED,"SELECTION REQUIRED - fit-check development result, not production tolerance",NONE,NOT EXECUTED,NONE,"PRELIMINARY - 1:1 NONSTRUCTURAL FIT ARTICLES ONLY - NOT APPROVED FOR LOAD BEARING, STANDING, WALKING, POWERED TESTING, MOTION, OR ENERGIZATION"
FC-I0118,A01_UPPER_ARM_FRONT_COVER,A01,mating/interface fit,native STEP geometry,controlled mating hardware or gauge SELECTION REQUIRED,"SELECTION REQUIRED - fit-check development result, not production tolerance",NONE,NOT EXECUTED,NONE,"PRELIMINARY - 1:1 NONSTRUCTURAL FIT ARTICLES ONLY - NOT APPROVED FOR LOAD BEARING, STANDING, WALKING, POWERED TESTING, MOTION, OR ENERGIZATION"
FC-I0119,A01_UPPER_ARM_FRONT_COVER,A01,holes/slots/inserts,native STEP geometry,go/no-go pins or received hardware SELECTION REQUIRED,"SELECTION REQUIRED - fit-check development result, not production tolerance",NONE,NOT EXECUTED,NONE,"PRELIMINARY - 1:1 NONSTRUCTURAL FIT ARTICLES ONLY - NOT APPROVED FOR LOAD BEARING, STANDING, WALKING, POWERED TESTING, MOTION, OR ENERGIZATION"
FC-I0120,A01_UPPER_ARM_FRONT_COVER,A01,surface/warp/support damage,native STEP geometry,visual plus flatness method SELECTION REQUIRED,"SELECTION REQUIRED - fit-check development result, not production tolerance",NONE,NOT EXECUTED,NONE,"PRELIMINARY - 1:1 NONSTRUCTURAL FIT ARTICLES ONLY - NOT APPROVED FOR LOAD BEARING, STANDING, WALKING, POWERED TESTING, MOTION, OR ENERGIZATION"
FC-I0121,A01_UPPER_ARM_REAR_COVER,A01,X/Y/Z printed envelope,38.774 x 46.000 x 145.310 mm,caliper/tape method and uncertainty SELECTION REQUIRED,"SELECTION REQUIRED - fit-check development result, not production tolerance",NONE,NOT EXECUTED,NONE,"PRELIMINARY - 1:1 NONSTRUCTURAL FIT ARTICLES ONLY - NOT APPROVED FOR LOAD BEARING, STANDING, WALKING, POWERED TESTING, MOTION, OR ENERGIZATION"
FC-I0122,A01_UPPER_ARM_REAR_COVER,A01,mating/interface fit,native STEP geometry,controlled mating hardware or gauge SELECTION REQUIRED,"SELECTION REQUIRED - fit-check development result, not production tolerance",NONE,NOT EXECUTED,NONE,"PRELIMINARY - 1:1 NONSTRUCTURAL FIT ARTICLES ONLY - NOT APPROVED FOR LOAD BEARING, STANDING, WALKING, POWERED TESTING, MOTION, OR ENERGIZATION"
FC-I0123,A01_UPPER_ARM_REAR_COVER,A01,holes/slots/inserts,native STEP geometry,go/no-go pins or received hardware SELECTION REQUIRED,"SELECTION REQUIRED - fit-check development result, not production tolerance",NONE,NOT EXECUTED,NONE,"PRELIMINARY - 1:1 NONSTRUCTURAL FIT ARTICLES ONLY - NOT APPROVED FOR LOAD BEARING, STANDING, WALKING, POWERED TESTING, MOTION, OR ENERGIZATION"
FC-I0124,A01_UPPER_ARM_REAR_COVER,A01,surface/warp/support damage,native STEP geometry,visual plus flatness method SELECTION REQUIRED,"SELECTION REQUIRED - fit-check development result, not production tolerance",NONE,NOT EXECUTED,NONE,"PRELIMINARY - 1:1 NONSTRUCTURAL FIT ARTICLES ONLY - NOT APPROVED FOR LOAD BEARING, STANDING, WALKING, POWERED TESTING, MOTION, OR ENERGIZATION"
FC-I0125,A01_FOREARM_FRONT_COVER,A01,X/Y/Z printed envelope,5.800 x 44.000 x 144.941 mm,caliper/tape method and uncertainty SELECTION REQUIRED,"SELECTION REQUIRED - fit-check development result, not production tolerance",NONE,NOT EXECUTED,NONE,"PRELIMINARY - 1:1 NONSTRUCTURAL FIT ARTICLES ONLY - NOT APPROVED FOR LOAD BEARING, STANDING, WALKING, POWERED TESTING, MOTION, OR ENERGIZATION"
FC-I0126,A01_FOREARM_FRONT_COVER,A01,mating/interface fit,native STEP geometry,controlled mating hardware or gauge SELECTION REQUIRED,"SELECTION REQUIRED - fit-check development result, not production tolerance",NONE,NOT EXECUTED,NONE,"PRELIMINARY - 1:1 NONSTRUCTURAL FIT ARTICLES ONLY - NOT APPROVED FOR LOAD BEARING, STANDING, WALKING, POWERED TESTING, MOTION, OR ENERGIZATION"
FC-I0127,A01_FOREARM_FRONT_COVER,A01,holes/slots/inserts,native STEP geometry,go/no-go pins or received hardware SELECTION REQUIRED,"SELECTION REQUIRED - fit-check development result, not production tolerance",NONE,NOT EXECUTED,NONE,"PRELIMINARY - 1:1 NONSTRUCTURAL FIT ARTICLES ONLY - NOT APPROVED FOR LOAD BEARING, STANDING, WALKING, POWERED TESTING, MOTION, OR ENERGIZATION"
FC-I0128,A01_FOREARM_FRONT_COVER,A01,surface/warp/support damage,native STEP geometry,visual plus flatness method SELECTION REQUIRED,"SELECTION REQUIRED - fit-check development result, not production tolerance",NONE,NOT EXECUTED,NONE,"PRELIMINARY - 1:1 NONSTRUCTURAL FIT ARTICLES ONLY - NOT APPROVED FOR LOAD BEARING, STANDING, WALKING, POWERED TESTING, MOTION, OR ENERGIZATION"
FC-I0129,A01_FOREARM_REAR_COVER,A01,X/Y/Z printed envelope,5.800 x 44.000 x 144.941 mm,caliper/tape method and uncertainty SELECTION REQUIRED,"SELECTION REQUIRED - fit-check development result, not production tolerance",NONE,NOT EXECUTED,NONE,"PRELIMINARY - 1:1 NONSTRUCTURAL FIT ARTICLES ONLY - NOT APPROVED FOR LOAD BEARING, STANDING, WALKING, POWERED TESTING, MOTION, OR ENERGIZATION"
FC-I0130,A01_FOREARM_REAR_COVER,A01,mating/interface fit,native STEP geometry,controlled mating hardware or gauge SELECTION REQUIRED,"SELECTION REQUIRED - fit-check development result, not production tolerance",NONE,NOT EXECUTED,NONE,"PRELIMINARY - 1:1 NONSTRUCTURAL FIT ARTICLES ONLY - NOT APPROVED FOR LOAD BEARING, STANDING, WALKING, POWERED TESTING, MOTION, OR ENERGIZATION"
FC-I0131,A01_FOREARM_REAR_COVER,A01,holes/slots/inserts,native STEP geometry,go/no-go pins or received hardware SELECTION REQUIRED,"SELECTION REQUIRED - fit-check development result, not production tolerance",NONE,NOT EXECUTED,NONE,"PRELIMINARY - 1:1 NONSTRUCTURAL FIT ARTICLES ONLY - NOT APPROVED FOR LOAD BEARING, STANDING, WALKING, POWERED TESTING, MOTION, OR ENERGIZATION"
FC-I0132,A01_FOREARM_REAR_COVER,A01,surface/warp/support damage,native STEP geometry,visual plus flatness method SELECTION REQUIRED,"SELECTION REQUIRED - fit-check development result, not production tolerance",NONE,NOT EXECUTED,NONE,"PRELIMINARY - 1:1 NONSTRUCTURAL FIT ARTICLES ONLY - NOT APPROVED FOR LOAD BEARING, STANDING, WALKING, POWERED TESTING, MOTION, OR ENERGIZATION"
FC-I0133,G01_PALM_FRONT_PLATE,G01,X/Y/Z printed envelope,50.000 x 3.000 x 36.000 mm,caliper/tape method and uncertainty SELECTION REQUIRED,"SELECTION REQUIRED - fit-check development result, not production tolerance",NONE,NOT EXECUTED,NONE,"PRELIMINARY - 1:1 NONSTRUCTURAL FIT ARTICLES ONLY - NOT APPROVED FOR LOAD BEARING, STANDING, WALKING, POWERED TESTING, MOTION, OR ENERGIZATION"
FC-I0134,G01_PALM_FRONT_PLATE,G01,mating/interface fit,native STEP geometry,controlled mating hardware or gauge SELECTION REQUIRED,"SELECTION REQUIRED - fit-check development result, not production tolerance",NONE,NOT EXECUTED,NONE,"PRELIMINARY - 1:1 NONSTRUCTURAL FIT ARTICLES ONLY - NOT APPROVED FOR LOAD BEARING, STANDING, WALKING, POWERED TESTING, MOTION, OR ENERGIZATION"
FC-I0135,G01_PALM_FRONT_PLATE,G01,holes/slots/inserts,native STEP geometry,go/no-go pins or received hardware SELECTION REQUIRED,"SELECTION REQUIRED - fit-check development result, not production tolerance",NONE,NOT EXECUTED,NONE,"PRELIMINARY - 1:1 NONSTRUCTURAL FIT ARTICLES ONLY - NOT APPROVED FOR LOAD BEARING, STANDING, WALKING, POWERED TESTING, MOTION, OR ENERGIZATION"
FC-I0136,G01_PALM_FRONT_PLATE,G01,surface/warp/support damage,native STEP geometry,visual plus flatness method SELECTION REQUIRED,"SELECTION REQUIRED - fit-check development result, not production tolerance",NONE,NOT EXECUTED,NONE,"PRELIMINARY - 1:1 NONSTRUCTURAL FIT ARTICLES ONLY - NOT APPROVED FOR LOAD BEARING, STANDING, WALKING, POWERED TESTING, MOTION, OR ENERGIZATION"
FC-I0137,G01_PALM_REAR_PLATE,G01,X/Y/Z printed envelope,50.000 x 3.000 x 36.000 mm,caliper/tape method and uncertainty SELECTION REQUIRED,"SELECTION REQUIRED - fit-check development result, not production tolerance",NONE,NOT EXECUTED,NONE,"PRELIMINARY - 1:1 NONSTRUCTURAL FIT ARTICLES ONLY - NOT APPROVED FOR LOAD BEARING, STANDING, WALKING, POWERED TESTING, MOTION, OR ENERGIZATION"
FC-I0138,G01_PALM_REAR_PLATE,G01,mating/interface fit,native STEP geometry,controlled mating hardware or gauge SELECTION REQUIRED,"SELECTION REQUIRED - fit-check development result, not production tolerance",NONE,NOT EXECUTED,NONE,"PRELIMINARY - 1:1 NONSTRUCTURAL FIT ARTICLES ONLY - NOT APPROVED FOR LOAD BEARING, STANDING, WALKING, POWERED TESTING, MOTION, OR ENERGIZATION"
FC-I0139,G01_PALM_REAR_PLATE,G01,holes/slots/inserts,native STEP geometry,go/no-go pins or received hardware SELECTION REQUIRED,"SELECTION REQUIRED - fit-check development result, not production tolerance",NONE,NOT EXECUTED,NONE,"PRELIMINARY - 1:1 NONSTRUCTURAL FIT ARTICLES ONLY - NOT APPROVED FOR LOAD BEARING, STANDING, WALKING, POWERED TESTING, MOTION, OR ENERGIZATION"
FC-I0140,G01_PALM_REAR_PLATE,G01,surface/warp/support damage,native STEP geometry,visual plus flatness method SELECTION REQUIRED,"SELECTION REQUIRED - fit-check development result, not production tolerance",NONE,NOT EXECUTED,NONE,"PRELIMINARY - 1:1 NONSTRUCTURAL FIT ARTICLES ONLY - NOT APPROVED FOR LOAD BEARING, STANDING, WALKING, POWERED TESTING, MOTION, OR ENERGIZATION"
FC-I0141,G01_PALM_TOP_BRIDGE,G01,X/Y/Z printed envelope,46.000 x 50.000 x 4.000 mm,caliper/tape method and uncertainty SELECTION REQUIRED,"SELECTION REQUIRED - fit-check development result, not production tolerance",NONE,NOT EXECUTED,NONE,"PRELIMINARY - 1:1 NONSTRUCTURAL FIT ARTICLES ONLY - NOT APPROVED FOR LOAD BEARING, STANDING, WALKING, POWERED TESTING, MOTION, OR ENERGIZATION"
FC-I0142,G01_PALM_TOP_BRIDGE,G01,mating/interface fit,native STEP geometry,controlled mating hardware or gauge SELECTION REQUIRED,"SELECTION REQUIRED - fit-check development result, not production tolerance",NONE,NOT EXECUTED,NONE,"PRELIMINARY - 1:1 NONSTRUCTURAL FIT ARTICLES ONLY - NOT APPROVED FOR LOAD BEARING, STANDING, WALKING, POWERED TESTING, MOTION, OR ENERGIZATION"
FC-I0143,G01_PALM_TOP_BRIDGE,G01,holes/slots/inserts,native STEP geometry,go/no-go pins or received hardware SELECTION REQUIRED,"SELECTION REQUIRED - fit-check development result, not production tolerance",NONE,NOT EXECUTED,NONE,"PRELIMINARY - 1:1 NONSTRUCTURAL FIT ARTICLES ONLY - NOT APPROVED FOR LOAD BEARING, STANDING, WALKING, POWERED TESTING, MOTION, OR ENERGIZATION"
FC-I0144,G01_PALM_TOP_BRIDGE,G01,surface/warp/support damage,native STEP geometry,visual plus flatness method SELECTION REQUIRED,"SELECTION REQUIRED - fit-check development result, not production tolerance",NONE,NOT EXECUTED,NONE,"PRELIMINARY - 1:1 NONSTRUCTURAL FIT ARTICLES ONLY - NOT APPROVED FOR LOAD BEARING, STANDING, WALKING, POWERED TESTING, MOTION, OR ENERGIZATION"
FC-I0145,G01_PALM_BOTTOM_BRIDGE,G01,X/Y/Z printed envelope,46.000 x 50.000 x 4.000 mm,caliper/tape method and uncertainty SELECTION REQUIRED,"SELECTION REQUIRED - fit-check development result, not production tolerance",NONE,NOT EXECUTED,NONE,"PRELIMINARY - 1:1 NONSTRUCTURAL FIT ARTICLES ONLY - NOT APPROVED FOR LOAD BEARING, STANDING, WALKING, POWERED TESTING, MOTION, OR ENERGIZATION"
FC-I0146,G01_PALM_BOTTOM_BRIDGE,G01,mating/interface fit,native STEP geometry,controlled mating hardware or gauge SELECTION REQUIRED,"SELECTION REQUIRED - fit-check development result, not production tolerance",NONE,NOT EXECUTED,NONE,"PRELIMINARY - 1:1 NONSTRUCTURAL FIT ARTICLES ONLY - NOT APPROVED FOR LOAD BEARING, STANDING, WALKING, POWERED TESTING, MOTION, OR ENERGIZATION"
FC-I0147,G01_PALM_BOTTOM_BRIDGE,G01,holes/slots/inserts,native STEP geometry,go/no-go pins or received hardware SELECTION REQUIRED,"SELECTION REQUIRED - fit-check development result, not production tolerance",NONE,NOT EXECUTED,NONE,"PRELIMINARY - 1:1 NONSTRUCTURAL FIT ARTICLES ONLY - NOT APPROVED FOR LOAD BEARING, STANDING, WALKING, POWERED TESTING, MOTION, OR ENERGIZATION"
FC-I0148,G01_PALM_BOTTOM_BRIDGE,G01,surface/warp/support damage,native STEP geometry,visual plus flatness method SELECTION REQUIRED,"SELECTION REQUIRED - fit-check development result, not production tolerance",NONE,NOT EXECUTED,NONE,"PRELIMINARY - 1:1 NONSTRUCTURAL FIT ARTICLES ONLY - NOT APPROVED FOR LOAD BEARING, STANDING, WALKING, POWERED TESTING, MOTION, OR ENERGIZATION"
FC-I0149,G01_WRIST_MOUNT_PLATE,G01,X/Y/Z printed envelope,38.000 x 36.000 x 3.000 mm,caliper/tape method and uncertainty SELECTION REQUIRED,"SELECTION REQUIRED - fit-check development result, not production tolerance",NONE,NOT EXECUTED,NONE,"PRELIMINARY - 1:1 NONSTRUCTURAL FIT ARTICLES ONLY - NOT APPROVED FOR LOAD BEARING, STANDING, WALKING, POWERED TESTING, MOTION, OR ENERGIZATION"
FC-I0150,G01_WRIST_MOUNT_PLATE,G01,mating/interface fit,native STEP geometry,controlled mating hardware or gauge SELECTION REQUIRED,"SELECTION REQUIRED - fit-check development result, not production tolerance",NONE,NOT EXECUTED,NONE,"PRELIMINARY - 1:1 NONSTRUCTURAL FIT ARTICLES ONLY - NOT APPROVED FOR LOAD BEARING, STANDING, WALKING, POWERED TESTING, MOTION, OR ENERGIZATION"
FC-I0151,G01_WRIST_MOUNT_PLATE,G01,holes/slots/inserts,native STEP geometry,go/no-go pins or received hardware SELECTION REQUIRED,"SELECTION REQUIRED - fit-check development result, not production tolerance",NONE,NOT EXECUTED,NONE,"PRELIMINARY - 1:1 NONSTRUCTURAL FIT ARTICLES ONLY - NOT APPROVED FOR LOAD BEARING, STANDING, WALKING, POWERED TESTING, MOTION, OR ENERGIZATION"
FC-I0152,G01_WRIST_MOUNT_PLATE,G01,surface/warp/support damage,native STEP geometry,visual plus flatness method SELECTION REQUIRED,"SELECTION REQUIRED - fit-check development result, not production tolerance",NONE,NOT EXECUTED,NONE,"PRELIMINARY - 1:1 NONSTRUCTURAL FIT ARTICLES ONLY - NOT APPROVED FOR LOAD BEARING, STANDING, WALKING, POWERED TESTING, MOTION, OR ENERGIZATION"
FC-I0153,G01_GUIDE_ROD_FRONT,G01,X/Y/Z printed envelope,64.000 x 4.000 x 4.000 mm,caliper/tape method and uncertainty SELECTION REQUIRED,"SELECTION REQUIRED - fit-check development result, not production tolerance",NONE,NOT EXECUTED,NONE,"PRELIMINARY - 1:1 NONSTRUCTURAL FIT ARTICLES ONLY - NOT APPROVED FOR LOAD BEARING, STANDING, WALKING, POWERED TESTING, MOTION, OR ENERGIZATION"
FC-I0154,G01_GUIDE_ROD_FRONT,G01,mating/interface fit,native STEP geometry,controlled mating hardware or gauge SELECTION REQUIRED,"SELECTION REQUIRED - fit-check development result, not production tolerance",NONE,NOT EXECUTED,NONE,"PRELIMINARY - 1:1 NONSTRUCTURAL FIT ARTICLES ONLY - NOT APPROVED FOR LOAD BEARING, STANDING, WALKING, POWERED TESTING, MOTION, OR ENERGIZATION"
FC-I0155,G01_GUIDE_ROD_FRONT,G01,holes/slots/inserts,native STEP geometry,go/no-go pins or received hardware SELECTION REQUIRED,"SELECTION REQUIRED - fit-check development result, not production tolerance",NONE,NOT EXECUTED,NONE,"PRELIMINARY - 1:1 NONSTRUCTURAL FIT ARTICLES ONLY - NOT APPROVED FOR LOAD BEARING, STANDING, WALKING, POWERED TESTING, MOTION, OR ENERGIZATION"
FC-I0156,G01_GUIDE_ROD_FRONT,G01,surface/warp/support damage,native STEP geometry,visual plus flatness method SELECTION REQUIRED,"SELECTION REQUIRED - fit-check development result, not production tolerance",NONE,NOT EXECUTED,NONE,"PRELIMINARY - 1:1 NONSTRUCTURAL FIT ARTICLES ONLY - NOT APPROVED FOR LOAD BEARING, STANDING, WALKING, POWERED TESTING, MOTION, OR ENERGIZATION"
FC-I0157,G01_GUIDE_ROD_REAR,G01,X/Y/Z printed envelope,64.000 x 4.000 x 4.000 mm,caliper/tape method and uncertainty SELECTION REQUIRED,"SELECTION REQUIRED - fit-check development result, not production tolerance",NONE,NOT EXECUTED,NONE,"PRELIMINARY - 1:1 NONSTRUCTURAL FIT ARTICLES ONLY - NOT APPROVED FOR LOAD BEARING, STANDING, WALKING, POWERED TESTING, MOTION, OR ENERGIZATION"
FC-I0158,G01_GUIDE_ROD_REAR,G01,mating/interface fit,native STEP geometry,controlled mating hardware or gauge SELECTION REQUIRED,"SELECTION REQUIRED - fit-check development result, not production tolerance",NONE,NOT EXECUTED,NONE,"PRELIMINARY - 1:1 NONSTRUCTURAL FIT ARTICLES ONLY - NOT APPROVED FOR LOAD BEARING, STANDING, WALKING, POWERED TESTING, MOTION, OR ENERGIZATION"
FC-I0159,G01_GUIDE_ROD_REAR,G01,holes/slots/inserts,native STEP geometry,go/no-go pins or received hardware SELECTION REQUIRED,"SELECTION REQUIRED - fit-check development result, not production tolerance",NONE,NOT EXECUTED,NONE,"PRELIMINARY - 1:1 NONSTRUCTURAL FIT ARTICLES ONLY - NOT APPROVED FOR LOAD BEARING, STANDING, WALKING, POWERED TESTING, MOTION, OR ENERGIZATION"
FC-I0160,G01_GUIDE_ROD_REAR,G01,surface/warp/support damage,native STEP geometry,visual plus flatness method SELECTION REQUIRED,"SELECTION REQUIRED - fit-check development result, not production tolerance",NONE,NOT EXECUTED,NONE,"PRELIMINARY - 1:1 NONSTRUCTURAL FIT ARTICLES ONLY - NOT APPROVED FOR LOAD BEARING, STANDING, WALKING, POWERED TESTING, MOTION, OR ENERGIZATION"
FC-I0161,G01_PINION,G01,X/Y/Z printed envelope,10.996 x 6.000 x 10.996 mm,caliper/tape method and uncertainty SELECTION REQUIRED,"SELECTION REQUIRED - fit-check development result, not production tolerance",NONE,NOT EXECUTED,NONE,"PRELIMINARY - 1:1 NONSTRUCTURAL FIT ARTICLES ONLY - NOT APPROVED FOR LOAD BEARING, STANDING, WALKING, POWERED TESTING, MOTION, OR ENERGIZATION"
FC-I0162,G01_PINION,G01,mating/interface fit,native STEP geometry,controlled mating hardware or gauge SELECTION REQUIRED,"SELECTION REQUIRED - fit-check development result, not production tolerance",NONE,NOT EXECUTED,NONE,"PRELIMINARY - 1:1 NONSTRUCTURAL FIT ARTICLES ONLY - NOT APPROVED FOR LOAD BEARING, STANDING, WALKING, POWERED TESTING, MOTION, OR ENERGIZATION"
FC-I0163,G01_PINION,G01,holes/slots/inserts,native STEP geometry,go/no-go pins or received hardware SELECTION REQUIRED,"SELECTION REQUIRED - fit-check development result, not production tolerance",NONE,NOT EXECUTED,NONE,"PRELIMINARY - 1:1 NONSTRUCTURAL FIT ARTICLES ONLY - NOT APPROVED FOR LOAD BEARING, STANDING, WALKING, POWERED TESTING, MOTION, OR ENERGIZATION"
FC-I0164,G01_PINION,G01,surface/warp/support damage,native STEP geometry,visual plus flatness method SELECTION REQUIRED,"SELECTION REQUIRED - fit-check development result, not production tolerance",NONE,NOT EXECUTED,NONE,"PRELIMINARY - 1:1 NONSTRUCTURAL FIT ARTICLES ONLY - NOT APPROVED FOR LOAD BEARING, STANDING, WALKING, POWERED TESTING, MOTION, OR ENERGIZATION"
FC-I0165,G01_RACK_POSITIVE,G01,X/Y/Z printed envelope,32.952 x 6.000 x 3.250 mm,caliper/tape method and uncertainty SELECTION REQUIRED,"SELECTION REQUIRED - fit-check development result, not production tolerance",NONE,NOT EXECUTED,NONE,"PRELIMINARY - 1:1 NONSTRUCTURAL FIT ARTICLES ONLY - NOT APPROVED FOR LOAD BEARING, STANDING, WALKING, POWERED TESTING, MOTION, OR ENERGIZATION"
FC-I0166,G01_RACK_POSITIVE,G01,mating/interface fit,native STEP geometry,controlled mating hardware or gauge SELECTION REQUIRED,"SELECTION REQUIRED - fit-check development result, not production tolerance",NONE,NOT EXECUTED,NONE,"PRELIMINARY - 1:1 NONSTRUCTURAL FIT ARTICLES ONLY - NOT APPROVED FOR LOAD BEARING, STANDING, WALKING, POWERED TESTING, MOTION, OR ENERGIZATION"
FC-I0167,G01_RACK_POSITIVE,G01,holes/slots/inserts,native STEP geometry,go/no-go pins or received hardware SELECTION REQUIRED,"SELECTION REQUIRED - fit-check development result, not production tolerance",NONE,NOT EXECUTED,NONE,"PRELIMINARY - 1:1 NONSTRUCTURAL FIT ARTICLES ONLY - NOT APPROVED FOR LOAD BEARING, STANDING, WALKING, POWERED TESTING, MOTION, OR ENERGIZATION"
FC-I0168,G01_RACK_POSITIVE,G01,surface/warp/support damage,native STEP geometry,visual plus flatness method SELECTION REQUIRED,"SELECTION REQUIRED - fit-check development result, not production tolerance",NONE,NOT EXECUTED,NONE,"PRELIMINARY - 1:1 NONSTRUCTURAL FIT ARTICLES ONLY - NOT APPROVED FOR LOAD BEARING, STANDING, WALKING, POWERED TESTING, MOTION, OR ENERGIZATION"
FC-I0169,G01_RACK_NEGATIVE,G01,X/Y/Z printed envelope,32.952 x 6.000 x 3.250 mm,caliper/tape method and uncertainty SELECTION REQUIRED,"SELECTION REQUIRED - fit-check development result, not production tolerance",NONE,NOT EXECUTED,NONE,"PRELIMINARY - 1:1 NONSTRUCTURAL FIT ARTICLES ONLY - NOT APPROVED FOR LOAD BEARING, STANDING, WALKING, POWERED TESTING, MOTION, OR ENERGIZATION"
FC-I0170,G01_RACK_NEGATIVE,G01,mating/interface fit,native STEP geometry,controlled mating hardware or gauge SELECTION REQUIRED,"SELECTION REQUIRED - fit-check development result, not production tolerance",NONE,NOT EXECUTED,NONE,"PRELIMINARY - 1:1 NONSTRUCTURAL FIT ARTICLES ONLY - NOT APPROVED FOR LOAD BEARING, STANDING, WALKING, POWERED TESTING, MOTION, OR ENERGIZATION"
FC-I0171,G01_RACK_NEGATIVE,G01,holes/slots/inserts,native STEP geometry,go/no-go pins or received hardware SELECTION REQUIRED,"SELECTION REQUIRED - fit-check development result, not production tolerance",NONE,NOT EXECUTED,NONE,"PRELIMINARY - 1:1 NONSTRUCTURAL FIT ARTICLES ONLY - NOT APPROVED FOR LOAD BEARING, STANDING, WALKING, POWERED TESTING, MOTION, OR ENERGIZATION"
FC-I0172,G01_RACK_NEGATIVE,G01,surface/warp/support damage,native STEP geometry,visual plus flatness method SELECTION REQUIRED,"SELECTION REQUIRED - fit-check development result, not production tolerance",NONE,NOT EXECUTED,NONE,"PRELIMINARY - 1:1 NONSTRUCTURAL FIT ARTICLES ONLY - NOT APPROVED FOR LOAD BEARING, STANDING, WALKING, POWERED TESTING, MOTION, OR ENERGIZATION"
FC-I0173,G01_FINGER_POSITIVE,G01,X/Y/Z printed envelope,14.000 x 36.000 x 52.000 mm,caliper/tape method and uncertainty SELECTION REQUIRED,"SELECTION REQUIRED - fit-check development result, not production tolerance",NONE,NOT EXECUTED,NONE,"PRELIMINARY - 1:1 NONSTRUCTURAL FIT ARTICLES ONLY - NOT APPROVED FOR LOAD BEARING, STANDING, WALKING, POWERED TESTING, MOTION, OR ENERGIZATION"
FC-I0174,G01_FINGER_POSITIVE,G01,mating/interface fit,native STEP geometry,controlled mating hardware or gauge SELECTION REQUIRED,"SELECTION REQUIRED - fit-check development result, not production tolerance",NONE,NOT EXECUTED,NONE,"PRELIMINARY - 1:1 NONSTRUCTURAL FIT ARTICLES ONLY - NOT APPROVED FOR LOAD BEARING, STANDING, WALKING, POWERED TESTING, MOTION, OR ENERGIZATION"
FC-I0175,G01_FINGER_POSITIVE,G01,holes/slots/inserts,native STEP geometry,go/no-go pins or received hardware SELECTION REQUIRED,"SELECTION REQUIRED - fit-check development result, not production tolerance",NONE,NOT EXECUTED,NONE,"PRELIMINARY - 1:1 NONSTRUCTURAL FIT ARTICLES ONLY - NOT APPROVED FOR LOAD BEARING, STANDING, WALKING, POWERED TESTING, MOTION, OR ENERGIZATION"
FC-I0176,G01_FINGER_POSITIVE,G01,surface/warp/support damage,native STEP geometry,visual plus flatness method SELECTION REQUIRED,"SELECTION REQUIRED - fit-check development result, not production tolerance",NONE,NOT EXECUTED,NONE,"PRELIMINARY - 1:1 NONSTRUCTURAL FIT ARTICLES ONLY - NOT APPROVED FOR LOAD BEARING, STANDING, WALKING, POWERED TESTING, MOTION, OR ENERGIZATION"
FC-I0177,G01_FINGER_NEGATIVE,G01,X/Y/Z printed envelope,14.000 x 36.000 x 52.000 mm,caliper/tape method and uncertainty SELECTION REQUIRED,"SELECTION REQUIRED - fit-check development result, not production tolerance",NONE,NOT EXECUTED,NONE,"PRELIMINARY - 1:1 NONSTRUCTURAL FIT ARTICLES ONLY - NOT APPROVED FOR LOAD BEARING, STANDING, WALKING, POWERED TESTING, MOTION, OR ENERGIZATION"
FC-I0178,G01_FINGER_NEGATIVE,G01,mating/interface fit,native STEP geometry,controlled mating hardware or gauge SELECTION REQUIRED,"SELECTION REQUIRED - fit-check development result, not production tolerance",NONE,NOT EXECUTED,NONE,"PRELIMINARY - 1:1 NONSTRUCTURAL FIT ARTICLES ONLY - NOT APPROVED FOR LOAD BEARING, STANDING, WALKING, POWERED TESTING, MOTION, OR ENERGIZATION"
FC-I0179,G01_FINGER_NEGATIVE,G01,holes/slots/inserts,native STEP geometry,go/no-go pins or received hardware SELECTION REQUIRED,"SELECTION REQUIRED - fit-check development result, not production tolerance",NONE,NOT EXECUTED,NONE,"PRELIMINARY - 1:1 NONSTRUCTURAL FIT ARTICLES ONLY - NOT APPROVED FOR LOAD BEARING, STANDING, WALKING, POWERED TESTING, MOTION, OR ENERGIZATION"
FC-I0180,G01_FINGER_NEGATIVE,G01,surface/warp/support damage,native STEP geometry,visual plus flatness method SELECTION REQUIRED,"SELECTION REQUIRED - fit-check development result, not production tolerance",NONE,NOT EXECUTED,NONE,"PRELIMINARY - 1:1 NONSTRUCTURAL FIT ARTICLES ONLY - NOT APPROVED FOR LOAD BEARING, STANDING, WALKING, POWERED TESTING, MOTION, OR ENERGIZATION"
FC-I0181,G01_PAD_POSITIVE,G01,X/Y/Z printed envelope,3.000 x 30.000 x 30.000 mm,caliper/tape method and uncertainty SELECTION REQUIRED,"SELECTION REQUIRED - fit-check development result, not production tolerance",NONE,NOT EXECUTED,NONE,"PRELIMINARY - 1:1 NONSTRUCTURAL FIT ARTICLES ONLY - NOT APPROVED FOR LOAD BEARING, STANDING, WALKING, POWERED TESTING, MOTION, OR ENERGIZATION"
FC-I0182,G01_PAD_POSITIVE,G01,mating/interface fit,native STEP geometry,controlled mating hardware or gauge SELECTION REQUIRED,"SELECTION REQUIRED - fit-check development result, not production tolerance",NONE,NOT EXECUTED,NONE,"PRELIMINARY - 1:1 NONSTRUCTURAL FIT ARTICLES ONLY - NOT APPROVED FOR LOAD BEARING, STANDING, WALKING, POWERED TESTING, MOTION, OR ENERGIZATION"
FC-I0183,G01_PAD_POSITIVE,G01,holes/slots/inserts,native STEP geometry,go/no-go pins or received hardware SELECTION REQUIRED,"SELECTION REQUIRED - fit-check development result, not production tolerance",NONE,NOT EXECUTED,NONE,"PRELIMINARY - 1:1 NONSTRUCTURAL FIT ARTICLES ONLY - NOT APPROVED FOR LOAD BEARING, STANDING, WALKING, POWERED TESTING, MOTION, OR ENERGIZATION"
FC-I0184,G01_PAD_POSITIVE,G01,surface/warp/support damage,native STEP geometry,visual plus flatness method SELECTION REQUIRED,"SELECTION REQUIRED - fit-check development result, not production tolerance",NONE,NOT EXECUTED,NONE,"PRELIMINARY - 1:1 NONSTRUCTURAL FIT ARTICLES ONLY - NOT APPROVED FOR LOAD BEARING, STANDING, WALKING, POWERED TESTING, MOTION, OR ENERGIZATION"
FC-I0185,G01_PAD_NEGATIVE,G01,X/Y/Z printed envelope,3.000 x 30.000 x 30.000 mm,caliper/tape method and uncertainty SELECTION REQUIRED,"SELECTION REQUIRED - fit-check development result, not production tolerance",NONE,NOT EXECUTED,NONE,"PRELIMINARY - 1:1 NONSTRUCTURAL FIT ARTICLES ONLY - NOT APPROVED FOR LOAD BEARING, STANDING, WALKING, POWERED TESTING, MOTION, OR ENERGIZATION"
FC-I0186,G01_PAD_NEGATIVE,G01,mating/interface fit,native STEP geometry,controlled mating hardware or gauge SELECTION REQUIRED,"SELECTION REQUIRED - fit-check development result, not production tolerance",NONE,NOT EXECUTED,NONE,"PRELIMINARY - 1:1 NONSTRUCTURAL FIT ARTICLES ONLY - NOT APPROVED FOR LOAD BEARING, STANDING, WALKING, POWERED TESTING, MOTION, OR ENERGIZATION"
FC-I0187,G01_PAD_NEGATIVE,G01,holes/slots/inserts,native STEP geometry,go/no-go pins or received hardware SELECTION REQUIRED,"SELECTION REQUIRED - fit-check development result, not production tolerance",NONE,NOT EXECUTED,NONE,"PRELIMINARY - 1:1 NONSTRUCTURAL FIT ARTICLES ONLY - NOT APPROVED FOR LOAD BEARING, STANDING, WALKING, POWERED TESTING, MOTION, OR ENERGIZATION"
FC-I0188,G01_PAD_NEGATIVE,G01,surface/warp/support damage,native STEP geometry,visual plus flatness method SELECTION REQUIRED,"SELECTION REQUIRED - fit-check development result, not production tolerance",NONE,NOT EXECUTED,NONE,"PRELIMINARY - 1:1 NONSTRUCTURAL FIT ARTICLES ONLY - NOT APPROVED FOR LOAD BEARING, STANDING, WALKING, POWERED TESTING, MOTION, OR ENERGIZATION"
FC-I0189,G01_STOP_POSITIVE,G01,X/Y/Z printed envelope,4.000 x 24.000 x 9.000 mm,caliper/tape method and uncertainty SELECTION REQUIRED,"SELECTION REQUIRED - fit-check development result, not production tolerance",NONE,NOT EXECUTED,NONE,"PRELIMINARY - 1:1 NONSTRUCTURAL FIT ARTICLES ONLY - NOT APPROVED FOR LOAD BEARING, STANDING, WALKING, POWERED TESTING, MOTION, OR ENERGIZATION"
FC-I0190,G01_STOP_POSITIVE,G01,mating/interface fit,native STEP geometry,controlled mating hardware or gauge SELECTION REQUIRED,"SELECTION REQUIRED - fit-check development result, not production tolerance",NONE,NOT EXECUTED,NONE,"PRELIMINARY - 1:1 NONSTRUCTURAL FIT ARTICLES ONLY - NOT APPROVED FOR LOAD BEARING, STANDING, WALKING, POWERED TESTING, MOTION, OR ENERGIZATION"
FC-I0191,G01_STOP_POSITIVE,G01,holes/slots/inserts,native STEP geometry,go/no-go pins or received hardware SELECTION REQUIRED,"SELECTION REQUIRED - fit-check development result, not production tolerance",NONE,NOT EXECUTED,NONE,"PRELIMINARY - 1:1 NONSTRUCTURAL FIT ARTICLES ONLY - NOT APPROVED FOR LOAD BEARING, STANDING, WALKING, POWERED TESTING, MOTION, OR ENERGIZATION"
FC-I0192,G01_STOP_POSITIVE,G01,surface/warp/support damage,native STEP geometry,visual plus flatness method SELECTION REQUIRED,"SELECTION REQUIRED - fit-check development result, not production tolerance",NONE,NOT EXECUTED,NONE,"PRELIMINARY - 1:1 NONSTRUCTURAL FIT ARTICLES ONLY - NOT APPROVED FOR LOAD BEARING, STANDING, WALKING, POWERED TESTING, MOTION, OR ENERGIZATION"
FC-I0193,G01_STOP_NEGATIVE,G01,X/Y/Z printed envelope,4.000 x 24.000 x 9.000 mm,caliper/tape method and uncertainty SELECTION REQUIRED,"SELECTION REQUIRED - fit-check development result, not production tolerance",NONE,NOT EXECUTED,NONE,"PRELIMINARY - 1:1 NONSTRUCTURAL FIT ARTICLES ONLY - NOT APPROVED FOR LOAD BEARING, STANDING, WALKING, POWERED TESTING, MOTION, OR ENERGIZATION"
FC-I0194,G01_STOP_NEGATIVE,G01,mating/interface fit,native STEP geometry,controlled mating hardware or gauge SELECTION REQUIRED,"SELECTION REQUIRED - fit-check development result, not production tolerance",NONE,NOT EXECUTED,NONE,"PRELIMINARY - 1:1 NONSTRUCTURAL FIT ARTICLES ONLY - NOT APPROVED FOR LOAD BEARING, STANDING, WALKING, POWERED TESTING, MOTION, OR ENERGIZATION"
FC-I0195,G01_STOP_NEGATIVE,G01,holes/slots/inserts,native STEP geometry,go/no-go pins or received hardware SELECTION REQUIRED,"SELECTION REQUIRED - fit-check development result, not production tolerance",NONE,NOT EXECUTED,NONE,"PRELIMINARY - 1:1 NONSTRUCTURAL FIT ARTICLES ONLY - NOT APPROVED FOR LOAD BEARING, STANDING, WALKING, POWERED TESTING, MOTION, OR ENERGIZATION"
FC-I0196,G01_STOP_NEGATIVE,G01,surface/warp/support damage,native STEP geometry,visual plus flatness method SELECTION REQUIRED,"SELECTION REQUIRED - fit-check development result, not production tolerance",NONE,NOT EXECUTED,NONE,"PRELIMINARY - 1:1 NONSTRUCTURAL FIT ARTICLES ONLY - NOT APPROVED FOR LOAD BEARING, STANDING, WALKING, POWERED TESTING, MOTION, OR ENERGIZATION"
FC-I0197,G01_MANUAL_RELEASE_HUB,G01,X/Y/Z printed envelope,8.000 x 4.000 x 8.000 mm,caliper/tape method and uncertainty SELECTION REQUIRED,"SELECTION REQUIRED - fit-check development result, not production tolerance",NONE,NOT EXECUTED,NONE,"PRELIMINARY - 1:1 NONSTRUCTURAL FIT ARTICLES ONLY - NOT APPROVED FOR LOAD BEARING, STANDING, WALKING, POWERED TESTING, MOTION, OR ENERGIZATION"
FC-I0198,G01_MANUAL_RELEASE_HUB,G01,mating/interface fit,native STEP geometry,controlled mating hardware or gauge SELECTION REQUIRED,"SELECTION REQUIRED - fit-check development result, not production tolerance",NONE,NOT EXECUTED,NONE,"PRELIMINARY - 1:1 NONSTRUCTURAL FIT ARTICLES ONLY - NOT APPROVED FOR LOAD BEARING, STANDING, WALKING, POWERED TESTING, MOTION, OR ENERGIZATION"
FC-I0199,G01_MANUAL_RELEASE_HUB,G01,holes/slots/inserts,native STEP geometry,go/no-go pins or received hardware SELECTION REQUIRED,"SELECTION REQUIRED - fit-check development result, not production tolerance",NONE,NOT EXECUTED,NONE,"PRELIMINARY - 1:1 NONSTRUCTURAL FIT ARTICLES ONLY - NOT APPROVED FOR LOAD BEARING, STANDING, WALKING, POWERED TESTING, MOTION, OR ENERGIZATION"
FC-I0200,G01_MANUAL_RELEASE_HUB,G01,surface/warp/support damage,native STEP geometry,visual plus flatness method SELECTION REQUIRED,"SELECTION REQUIRED - fit-check development result, not production tolerance",NONE,NOT EXECUTED,NONE,"PRELIMINARY - 1:1 NONSTRUCTURAL FIT ARTICLES ONLY - NOT APPROVED FOR LOAD BEARING, STANDING, WALKING, POWERED TESTING, MOTION, OR ENERGIZATION"
FC-I0201,L02_SHIN_SIDE_FRONT,L02,X/Y/Z printed envelope,50.000 x 2.500 x 136.000 mm,caliper/tape method and uncertainty SELECTION REQUIRED,"SELECTION REQUIRED - fit-check development result, not production tolerance",NONE,NOT EXECUTED,NONE,"PRELIMINARY - 1:1 NONSTRUCTURAL FIT ARTICLES ONLY - NOT APPROVED FOR LOAD BEARING, STANDING, WALKING, POWERED TESTING, MOTION, OR ENERGIZATION"
FC-I0202,L02_SHIN_SIDE_FRONT,L02,mating/interface fit,native STEP geometry,controlled mating hardware or gauge SELECTION REQUIRED,"SELECTION REQUIRED - fit-check development result, not production tolerance",NONE,NOT EXECUTED,NONE,"PRELIMINARY - 1:1 NONSTRUCTURAL FIT ARTICLES ONLY - NOT APPROVED FOR LOAD BEARING, STANDING, WALKING, POWERED TESTING, MOTION, OR ENERGIZATION"
FC-I0203,L02_SHIN_SIDE_FRONT,L02,holes/slots/inserts,native STEP geometry,go/no-go pins or received hardware SELECTION REQUIRED,"SELECTION REQUIRED - fit-check development result, not production tolerance",NONE,NOT EXECUTED,NONE,"PRELIMINARY - 1:1 NONSTRUCTURAL FIT ARTICLES ONLY - NOT APPROVED FOR LOAD BEARING, STANDING, WALKING, POWERED TESTING, MOTION, OR ENERGIZATION"
FC-I0204,L02_SHIN_SIDE_FRONT,L02,surface/warp/support damage,native STEP geometry,visual plus flatness method SELECTION REQUIRED,"SELECTION REQUIRED - fit-check development result, not production tolerance",NONE,NOT EXECUTED,NONE,"PRELIMINARY - 1:1 NONSTRUCTURAL FIT ARTICLES ONLY - NOT APPROVED FOR LOAD BEARING, STANDING, WALKING, POWERED TESTING, MOTION, OR ENERGIZATION"
FC-I0205,L02_THIGH_SIDE_FRONT,L02,X/Y/Z printed envelope,56.000 x 2.500 x 142.000 mm,caliper/tape method and uncertainty SELECTION REQUIRED,"SELECTION REQUIRED - fit-check development result, not production tolerance",NONE,NOT EXECUTED,NONE,"PRELIMINARY - 1:1 NONSTRUCTURAL FIT ARTICLES ONLY - NOT APPROVED FOR LOAD BEARING, STANDING, WALKING, POWERED TESTING, MOTION, OR ENERGIZATION"
FC-I0206,L02_THIGH_SIDE_FRONT,L02,mating/interface fit,native STEP geometry,controlled mating hardware or gauge SELECTION REQUIRED,"SELECTION REQUIRED - fit-check development result, not production tolerance",NONE,NOT EXECUTED,NONE,"PRELIMINARY - 1:1 NONSTRUCTURAL FIT ARTICLES ONLY - NOT APPROVED FOR LOAD BEARING, STANDING, WALKING, POWERED TESTING, MOTION, OR ENERGIZATION"
FC-I0207,L02_THIGH_SIDE_FRONT,L02,holes/slots/inserts,native STEP geometry,go/no-go pins or received hardware SELECTION REQUIRED,"SELECTION REQUIRED - fit-check development result, not production tolerance",NONE,NOT EXECUTED,NONE,"PRELIMINARY - 1:1 NONSTRUCTURAL FIT ARTICLES ONLY - NOT APPROVED FOR LOAD BEARING, STANDING, WALKING, POWERED TESTING, MOTION, OR ENERGIZATION"
FC-I0208,L02_THIGH_SIDE_FRONT,L02,surface/warp/support damage,native STEP geometry,visual plus flatness method SELECTION REQUIRED,"SELECTION REQUIRED - fit-check development result, not production tolerance",NONE,NOT EXECUTED,NONE,"PRELIMINARY - 1:1 NONSTRUCTURAL FIT ARTICLES ONLY - NOT APPROVED FOR LOAD BEARING, STANDING, WALKING, POWERED TESTING, MOTION, OR ENERGIZATION"
FC-I0209,L02_SHIN_SIDE_REAR,L02,X/Y/Z printed envelope,50.000 x 2.500 x 136.000 mm,caliper/tape method and uncertainty SELECTION REQUIRED,"SELECTION REQUIRED - fit-check development result, not production tolerance",NONE,NOT EXECUTED,NONE,"PRELIMINARY - 1:1 NONSTRUCTURAL FIT ARTICLES ONLY - NOT APPROVED FOR LOAD BEARING, STANDING, WALKING, POWERED TESTING, MOTION, OR ENERGIZATION"
FC-I0210,L02_SHIN_SIDE_REAR,L02,mating/interface fit,native STEP geometry,controlled mating hardware or gauge SELECTION REQUIRED,"SELECTION REQUIRED - fit-check development result, not production tolerance",NONE,NOT EXECUTED,NONE,"PRELIMINARY - 1:1 NONSTRUCTURAL FIT ARTICLES ONLY - NOT APPROVED FOR LOAD BEARING, STANDING, WALKING, POWERED TESTING, MOTION, OR ENERGIZATION"
FC-I0211,L02_SHIN_SIDE_REAR,L02,holes/slots/inserts,native STEP geometry,go/no-go pins or received hardware SELECTION REQUIRED,"SELECTION REQUIRED - fit-check development result, not production tolerance",NONE,NOT EXECUTED,NONE,"PRELIMINARY - 1:1 NONSTRUCTURAL FIT ARTICLES ONLY - NOT APPROVED FOR LOAD BEARING, STANDING, WALKING, POWERED TESTING, MOTION, OR ENERGIZATION"
FC-I0212,L02_SHIN_SIDE_REAR,L02,surface/warp/support damage,native STEP geometry,visual plus flatness method SELECTION REQUIRED,"SELECTION REQUIRED - fit-check development result, not production tolerance",NONE,NOT EXECUTED,NONE,"PRELIMINARY - 1:1 NONSTRUCTURAL FIT ARTICLES ONLY - NOT APPROVED FOR LOAD BEARING, STANDING, WALKING, POWERED TESTING, MOTION, OR ENERGIZATION"
FC-I0213,L02_THIGH_SIDE_REAR,L02,X/Y/Z printed envelope,56.000 x 2.500 x 142.000 mm,caliper/tape method and uncertainty SELECTION REQUIRED,"SELECTION REQUIRED - fit-check development result, not production tolerance",NONE,NOT EXECUTED,NONE,"PRELIMINARY - 1:1 NONSTRUCTURAL FIT ARTICLES ONLY - NOT APPROVED FOR LOAD BEARING, STANDING, WALKING, POWERED TESTING, MOTION, OR ENERGIZATION"
FC-I0214,L02_THIGH_SIDE_REAR,L02,mating/interface fit,native STEP geometry,controlled mating hardware or gauge SELECTION REQUIRED,"SELECTION REQUIRED - fit-check development result, not production tolerance",NONE,NOT EXECUTED,NONE,"PRELIMINARY - 1:1 NONSTRUCTURAL FIT ARTICLES ONLY - NOT APPROVED FOR LOAD BEARING, STANDING, WALKING, POWERED TESTING, MOTION, OR ENERGIZATION"
FC-I0215,L02_THIGH_SIDE_REAR,L02,holes/slots/inserts,native STEP geometry,go/no-go pins or received hardware SELECTION REQUIRED,"SELECTION REQUIRED - fit-check development result, not production tolerance",NONE,NOT EXECUTED,NONE,"PRELIMINARY - 1:1 NONSTRUCTURAL FIT ARTICLES ONLY - NOT APPROVED FOR LOAD BEARING, STANDING, WALKING, POWERED TESTING, MOTION, OR ENERGIZATION"
FC-I0216,L02_THIGH_SIDE_REAR,L02,surface/warp/support damage,native STEP geometry,visual plus flatness method SELECTION REQUIRED,"SELECTION REQUIRED - fit-check development result, not production tolerance",NONE,NOT EXECUTED,NONE,"PRELIMINARY - 1:1 NONSTRUCTURAL FIT ARTICLES ONLY - NOT APPROVED FOR LOAD BEARING, STANDING, WALKING, POWERED TESTING, MOTION, OR ENERGIZATION"
FC-I0217,L02_SHIN_TIE_Z72,L02,X/Y/Z printed envelope,42.000 x 40.000 x 2.500 mm,caliper/tape method and uncertainty SELECTION REQUIRED,"SELECTION REQUIRED - fit-check development result, not production tolerance",NONE,NOT EXECUTED,NONE,"PRELIMINARY - 1:1 NONSTRUCTURAL FIT ARTICLES ONLY - NOT APPROVED FOR LOAD BEARING, STANDING, WALKING, POWERED TESTING, MOTION, OR ENERGIZATION"
FC-I0218,L02_SHIN_TIE_Z72,L02,mating/interface fit,native STEP geometry,controlled mating hardware or gauge SELECTION REQUIRED,"SELECTION REQUIRED - fit-check development result, not production tolerance",NONE,NOT EXECUTED,NONE,"PRELIMINARY - 1:1 NONSTRUCTURAL FIT ARTICLES ONLY - NOT APPROVED FOR LOAD BEARING, STANDING, WALKING, POWERED TESTING, MOTION, OR ENERGIZATION"
FC-I0219,L02_SHIN_TIE_Z72,L02,holes/slots/inserts,native STEP geometry,go/no-go pins or received hardware SELECTION REQUIRED,"SELECTION REQUIRED - fit-check development result, not production tolerance",NONE,NOT EXECUTED,NONE,"PRELIMINARY - 1:1 NONSTRUCTURAL FIT ARTICLES ONLY - NOT APPROVED FOR LOAD BEARING, STANDING, WALKING, POWERED TESTING, MOTION, OR ENERGIZATION"
FC-I0220,L02_SHIN_TIE_Z72,L02,surface/warp/support damage,native STEP geometry,visual plus flatness method SELECTION REQUIRED,"SELECTION REQUIRED - fit-check development result, not production tolerance",NONE,NOT EXECUTED,NONE,"PRELIMINARY - 1:1 NONSTRUCTURAL FIT ARTICLES ONLY - NOT APPROVED FOR LOAD BEARING, STANDING, WALKING, POWERED TESTING, MOTION, OR ENERGIZATION"
FC-I0221,L02_SHIN_TIE_Z135,L02,X/Y/Z printed envelope,42.000 x 40.000 x 2.500 mm,caliper/tape method and uncertainty SELECTION REQUIRED,"SELECTION REQUIRED - fit-check development result, not production tolerance",NONE,NOT EXECUTED,NONE,"PRELIMINARY - 1:1 NONSTRUCTURAL FIT ARTICLES ONLY - NOT APPROVED FOR LOAD BEARING, STANDING, WALKING, POWERED TESTING, MOTION, OR ENERGIZATION"
FC-I0222,L02_SHIN_TIE_Z135,L02,mating/interface fit,native STEP geometry,controlled mating hardware or gauge SELECTION REQUIRED,"SELECTION REQUIRED - fit-check development result, not production tolerance",NONE,NOT EXECUTED,NONE,"PRELIMINARY - 1:1 NONSTRUCTURAL FIT ARTICLES ONLY - NOT APPROVED FOR LOAD BEARING, STANDING, WALKING, POWERED TESTING, MOTION, OR ENERGIZATION"
FC-I0223,L02_SHIN_TIE_Z135,L02,holes/slots/inserts,native STEP geometry,go/no-go pins or received hardware SELECTION REQUIRED,"SELECTION REQUIRED - fit-check development result, not production tolerance",NONE,NOT EXECUTED,NONE,"PRELIMINARY - 1:1 NONSTRUCTURAL FIT ARTICLES ONLY - NOT APPROVED FOR LOAD BEARING, STANDING, WALKING, POWERED TESTING, MOTION, OR ENERGIZATION"
FC-I0224,L02_SHIN_TIE_Z135,L02,surface/warp/support damage,native STEP geometry,visual plus flatness method SELECTION REQUIRED,"SELECTION REQUIRED - fit-check development result, not production tolerance",NONE,NOT EXECUTED,NONE,"PRELIMINARY - 1:1 NONSTRUCTURAL FIT ARTICLES ONLY - NOT APPROVED FOR LOAD BEARING, STANDING, WALKING, POWERED TESTING, MOTION, OR ENERGIZATION"
FC-I0225,L02_SHIN_TIE_Z183,L02,X/Y/Z printed envelope,42.000 x 40.000 x 2.500 mm,caliper/tape method and uncertainty SELECTION REQUIRED,"SELECTION REQUIRED - fit-check development result, not production tolerance",NONE,NOT EXECUTED,NONE,"PRELIMINARY - 1:1 NONSTRUCTURAL FIT ARTICLES ONLY - NOT APPROVED FOR LOAD BEARING, STANDING, WALKING, POWERED TESTING, MOTION, OR ENERGIZATION"
FC-I0226,L02_SHIN_TIE_Z183,L02,mating/interface fit,native STEP geometry,controlled mating hardware or gauge SELECTION REQUIRED,"SELECTION REQUIRED - fit-check development result, not production tolerance",NONE,NOT EXECUTED,NONE,"PRELIMINARY - 1:1 NONSTRUCTURAL FIT ARTICLES ONLY - NOT APPROVED FOR LOAD BEARING, STANDING, WALKING, POWERED TESTING, MOTION, OR ENERGIZATION"
FC-I0227,L02_SHIN_TIE_Z183,L02,holes/slots/inserts,native STEP geometry,go/no-go pins or received hardware SELECTION REQUIRED,"SELECTION REQUIRED - fit-check development result, not production tolerance",NONE,NOT EXECUTED,NONE,"PRELIMINARY - 1:1 NONSTRUCTURAL FIT ARTICLES ONLY - NOT APPROVED FOR LOAD BEARING, STANDING, WALKING, POWERED TESTING, MOTION, OR ENERGIZATION"
FC-I0228,L02_SHIN_TIE_Z183,L02,surface/warp/support damage,native STEP geometry,visual plus flatness method SELECTION REQUIRED,"SELECTION REQUIRED - fit-check development result, not production tolerance",NONE,NOT EXECUTED,NONE,"PRELIMINARY - 1:1 NONSTRUCTURAL FIT ARTICLES ONLY - NOT APPROVED FOR LOAD BEARING, STANDING, WALKING, POWERED TESTING, MOTION, OR ENERGIZATION"
FC-I0229,L02_THIGH_TIE_Z235,L02,X/Y/Z printed envelope,46.000 x 40.000 x 2.500 mm,caliper/tape method and uncertainty SELECTION REQUIRED,"SELECTION REQUIRED - fit-check development result, not production tolerance",NONE,NOT EXECUTED,NONE,"PRELIMINARY - 1:1 NONSTRUCTURAL FIT ARTICLES ONLY - NOT APPROVED FOR LOAD BEARING, STANDING, WALKING, POWERED TESTING, MOTION, OR ENERGIZATION"
FC-I0230,L02_THIGH_TIE_Z235,L02,mating/interface fit,native STEP geometry,controlled mating hardware or gauge SELECTION REQUIRED,"SELECTION REQUIRED - fit-check development result, not production tolerance",NONE,NOT EXECUTED,NONE,"PRELIMINARY - 1:1 NONSTRUCTURAL FIT ARTICLES ONLY - NOT APPROVED FOR LOAD BEARING, STANDING, WALKING, POWERED TESTING, MOTION, OR ENERGIZATION"
FC-I0231,L02_THIGH_TIE_Z235,L02,holes/slots/inserts,native STEP geometry,go/no-go pins or received hardware SELECTION REQUIRED,"SELECTION REQUIRED - fit-check development result, not production tolerance",NONE,NOT EXECUTED,NONE,"PRELIMINARY - 1:1 NONSTRUCTURAL FIT ARTICLES ONLY - NOT APPROVED FOR LOAD BEARING, STANDING, WALKING, POWERED TESTING, MOTION, OR ENERGIZATION"
FC-I0232,L02_THIGH_TIE_Z235,L02,surface/warp/support damage,native STEP geometry,visual plus flatness method SELECTION REQUIRED,"SELECTION REQUIRED - fit-check development result, not production tolerance",NONE,NOT EXECUTED,NONE,"PRELIMINARY - 1:1 NONSTRUCTURAL FIT ARTICLES ONLY - NOT APPROVED FOR LOAD BEARING, STANDING, WALKING, POWERED TESTING, MOTION, OR ENERGIZATION"
FC-I0233,L02_THIGH_TIE_Z300,L02,X/Y/Z printed envelope,46.000 x 40.000 x 2.500 mm,caliper/tape method and uncertainty SELECTION REQUIRED,"SELECTION REQUIRED - fit-check development result, not production tolerance",NONE,NOT EXECUTED,NONE,"PRELIMINARY - 1:1 NONSTRUCTURAL FIT ARTICLES ONLY - NOT APPROVED FOR LOAD BEARING, STANDING, WALKING, POWERED TESTING, MOTION, OR ENERGIZATION"
FC-I0234,L02_THIGH_TIE_Z300,L02,mating/interface fit,native STEP geometry,controlled mating hardware or gauge SELECTION REQUIRED,"SELECTION REQUIRED - fit-check development result, not production tolerance",NONE,NOT EXECUTED,NONE,"PRELIMINARY - 1:1 NONSTRUCTURAL FIT ARTICLES ONLY - NOT APPROVED FOR LOAD BEARING, STANDING, WALKING, POWERED TESTING, MOTION, OR ENERGIZATION"
FC-I0235,L02_THIGH_TIE_Z300,L02,holes/slots/inserts,native STEP geometry,go/no-go pins or received hardware SELECTION REQUIRED,"SELECTION REQUIRED - fit-check development result, not production tolerance",NONE,NOT EXECUTED,NONE,"PRELIMINARY - 1:1 NONSTRUCTURAL FIT ARTICLES ONLY - NOT APPROVED FOR LOAD BEARING, STANDING, WALKING, POWERED TESTING, MOTION, OR ENERGIZATION"
FC-I0236,L02_THIGH_TIE_Z300,L02,surface/warp/support damage,native STEP geometry,visual plus flatness method SELECTION REQUIRED,"SELECTION REQUIRED - fit-check development result, not production tolerance",NONE,NOT EXECUTED,NONE,"PRELIMINARY - 1:1 NONSTRUCTURAL FIT ARTICLES ONLY - NOT APPROVED FOR LOAD BEARING, STANDING, WALKING, POWERED TESTING, MOTION, OR ENERGIZATION"
FC-I0237,L02_THIGH_TIE_Z355,L02,X/Y/Z printed envelope,46.000 x 40.000 x 2.500 mm,caliper/tape method and uncertainty SELECTION REQUIRED,"SELECTION REQUIRED - fit-check development result, not production tolerance",NONE,NOT EXECUTED,NONE,"PRELIMINARY - 1:1 NONSTRUCTURAL FIT ARTICLES ONLY - NOT APPROVED FOR LOAD BEARING, STANDING, WALKING, POWERED TESTING, MOTION, OR ENERGIZATION"
FC-I0238,L02_THIGH_TIE_Z355,L02,mating/interface fit,native STEP geometry,controlled mating hardware or gauge SELECTION REQUIRED,"SELECTION REQUIRED - fit-check development result, not production tolerance",NONE,NOT EXECUTED,NONE,"PRELIMINARY - 1:1 NONSTRUCTURAL FIT ARTICLES ONLY - NOT APPROVED FOR LOAD BEARING, STANDING, WALKING, POWERED TESTING, MOTION, OR ENERGIZATION"
FC-I0239,L02_THIGH_TIE_Z355,L02,holes/slots/inserts,native STEP geometry,go/no-go pins or received hardware SELECTION REQUIRED,"SELECTION REQUIRED - fit-check development result, not production tolerance",NONE,NOT EXECUTED,NONE,"PRELIMINARY - 1:1 NONSTRUCTURAL FIT ARTICLES ONLY - NOT APPROVED FOR LOAD BEARING, STANDING, WALKING, POWERED TESTING, MOTION, OR ENERGIZATION"
FC-I0240,L02_THIGH_TIE_Z355,L02,surface/warp/support damage,native STEP geometry,visual plus flatness method SELECTION REQUIRED,"SELECTION REQUIRED - fit-check development result, not production tolerance",NONE,NOT EXECUTED,NONE,"PRELIMINARY - 1:1 NONSTRUCTURAL FIT ARTICLES ONLY - NOT APPROVED FOR LOAD BEARING, STANDING, WALKING, POWERED TESTING, MOTION, OR ENERGIZATION"
FC-I0241,F02_SOLE_CARRIER,F02,X/Y/Z printed envelope,86.000 x 138.000 x 2.500 mm,caliper/tape method and uncertainty SELECTION REQUIRED,"SELECTION REQUIRED - fit-check development result, not production tolerance",NONE,NOT EXECUTED,NONE,"PRELIMINARY - 1:1 NONSTRUCTURAL FIT ARTICLES ONLY - NOT APPROVED FOR LOAD BEARING, STANDING, WALKING, POWERED TESTING, MOTION, OR ENERGIZATION"
FC-I0242,F02_SOLE_CARRIER,F02,mating/interface fit,native STEP geometry,controlled mating hardware or gauge SELECTION REQUIRED,"SELECTION REQUIRED - fit-check development result, not production tolerance",NONE,NOT EXECUTED,NONE,"PRELIMINARY - 1:1 NONSTRUCTURAL FIT ARTICLES ONLY - NOT APPROVED FOR LOAD BEARING, STANDING, WALKING, POWERED TESTING, MOTION, OR ENERGIZATION"
FC-I0243,F02_SOLE_CARRIER,F02,holes/slots/inserts,native STEP geometry,go/no-go pins or received hardware SELECTION REQUIRED,"SELECTION REQUIRED - fit-check development result, not production tolerance",NONE,NOT EXECUTED,NONE,"PRELIMINARY - 1:1 NONSTRUCTURAL FIT ARTICLES ONLY - NOT APPROVED FOR LOAD BEARING, STANDING, WALKING, POWERED TESTING, MOTION, OR ENERGIZATION"
FC-I0244,F02_SOLE_CARRIER,F02,surface/warp/support damage,native STEP geometry,visual plus flatness method SELECTION REQUIRED,"SELECTION REQUIRED - fit-check development result, not production tolerance",NONE,NOT EXECUTED,NONE,"PRELIMINARY - 1:1 NONSTRUCTURAL FIT ARTICLES ONLY - NOT APPROVED FOR LOAD BEARING, STANDING, WALKING, POWERED TESTING, MOTION, OR ENERGIZATION"
FC-I0245,F02_TOP_BRIDGE,F02,X/Y/Z printed envelope,68.000 x 86.000 x 2.500 mm,caliper/tape method and uncertainty SELECTION REQUIRED,"SELECTION REQUIRED - fit-check development result, not production tolerance",NONE,NOT EXECUTED,NONE,"PRELIMINARY - 1:1 NONSTRUCTURAL FIT ARTICLES ONLY - NOT APPROVED FOR LOAD BEARING, STANDING, WALKING, POWERED TESTING, MOTION, OR ENERGIZATION"
FC-I0246,F02_TOP_BRIDGE,F02,mating/interface fit,native STEP geometry,controlled mating hardware or gauge SELECTION REQUIRED,"SELECTION REQUIRED - fit-check development result, not production tolerance",NONE,NOT EXECUTED,NONE,"PRELIMINARY - 1:1 NONSTRUCTURAL FIT ARTICLES ONLY - NOT APPROVED FOR LOAD BEARING, STANDING, WALKING, POWERED TESTING, MOTION, OR ENERGIZATION"
FC-I0247,F02_TOP_BRIDGE,F02,holes/slots/inserts,native STEP geometry,go/no-go pins or received hardware SELECTION REQUIRED,"SELECTION REQUIRED - fit-check development result, not production tolerance",NONE,NOT EXECUTED,NONE,"PRELIMINARY - 1:1 NONSTRUCTURAL FIT ARTICLES ONLY - NOT APPROVED FOR LOAD BEARING, STANDING, WALKING, POWERED TESTING, MOTION, OR ENERGIZATION"
FC-I0248,F02_TOP_BRIDGE,F02,surface/warp/support damage,native STEP geometry,visual plus flatness method SELECTION REQUIRED,"SELECTION REQUIRED - fit-check development result, not production tolerance",NONE,NOT EXECUTED,NONE,"PRELIMINARY - 1:1 NONSTRUCTURAL FIT ARTICLES ONLY - NOT APPROVED FOR LOAD BEARING, STANDING, WALKING, POWERED TESTING, MOTION, OR ENERGIZATION"
FC-I0249,A02_UPPER_ARM_LINK_FRONT,A02,X/Y/Z printed envelope,41.386 x 28.000 x 145.994 mm,caliper/tape method and uncertainty SELECTION REQUIRED,"SELECTION REQUIRED - fit-check development result, not production tolerance",NONE,NOT EXECUTED,NONE,"PRELIMINARY - 1:1 NONSTRUCTURAL FIT ARTICLES ONLY - NOT APPROVED FOR LOAD BEARING, STANDING, WALKING, POWERED TESTING, MOTION, OR ENERGIZATION"
FC-I0250,A02_UPPER_ARM_LINK_FRONT,A02,mating/interface fit,native STEP geometry,controlled mating hardware or gauge SELECTION REQUIRED,"SELECTION REQUIRED - fit-check development result, not production tolerance",NONE,NOT EXECUTED,NONE,"PRELIMINARY - 1:1 NONSTRUCTURAL FIT ARTICLES ONLY - NOT APPROVED FOR LOAD BEARING, STANDING, WALKING, POWERED TESTING, MOTION, OR ENERGIZATION"
FC-I0251,A02_UPPER_ARM_LINK_FRONT,A02,holes/slots/inserts,native STEP geometry,go/no-go pins or received hardware SELECTION REQUIRED,"SELECTION REQUIRED - fit-check development result, not production tolerance",NONE,NOT EXECUTED,NONE,"PRELIMINARY - 1:1 NONSTRUCTURAL FIT ARTICLES ONLY - NOT APPROVED FOR LOAD BEARING, STANDING, WALKING, POWERED TESTING, MOTION, OR ENERGIZATION"
FC-I0252,A02_UPPER_ARM_LINK_FRONT,A02,surface/warp/support damage,native STEP geometry,visual plus flatness method SELECTION REQUIRED,"SELECTION REQUIRED - fit-check development result, not production tolerance",NONE,NOT EXECUTED,NONE,"PRELIMINARY - 1:1 NONSTRUCTURAL FIT ARTICLES ONLY - NOT APPROVED FOR LOAD BEARING, STANDING, WALKING, POWERED TESTING, MOTION, OR ENERGIZATION"
FC-I0253,A02_FOREARM_LINK_FRONT,A02,X/Y/Z printed envelope,8.498 x 26.000 x 145.034 mm,caliper/tape method and uncertainty SELECTION REQUIRED,"SELECTION REQUIRED - fit-check development result, not production tolerance",NONE,NOT EXECUTED,NONE,"PRELIMINARY - 1:1 NONSTRUCTURAL FIT ARTICLES ONLY - NOT APPROVED FOR LOAD BEARING, STANDING, WALKING, POWERED TESTING, MOTION, OR ENERGIZATION"
FC-I0254,A02_FOREARM_LINK_FRONT,A02,mating/interface fit,native STEP geometry,controlled mating hardware or gauge SELECTION REQUIRED,"SELECTION REQUIRED - fit-check development result, not production tolerance",NONE,NOT EXECUTED,NONE,"PRELIMINARY - 1:1 NONSTRUCTURAL FIT ARTICLES ONLY - NOT APPROVED FOR LOAD BEARING, STANDING, WALKING, POWERED TESTING, MOTION, OR ENERGIZATION"
FC-I0255,A02_FOREARM_LINK_FRONT,A02,holes/slots/inserts,native STEP geometry,go/no-go pins or received hardware SELECTION REQUIRED,"SELECTION REQUIRED - fit-check development result, not production tolerance",NONE,NOT EXECUTED,NONE,"PRELIMINARY - 1:1 NONSTRUCTURAL FIT ARTICLES ONLY - NOT APPROVED FOR LOAD BEARING, STANDING, WALKING, POWERED TESTING, MOTION, OR ENERGIZATION"
FC-I0256,A02_FOREARM_LINK_FRONT,A02,surface/warp/support damage,native STEP geometry,visual plus flatness method SELECTION REQUIRED,"SELECTION REQUIRED - fit-check development result, not production tolerance",NONE,NOT EXECUTED,NONE,"PRELIMINARY - 1:1 NONSTRUCTURAL FIT ARTICLES ONLY - NOT APPROVED FOR LOAD BEARING, STANDING, WALKING, POWERED TESTING, MOTION, OR ENERGIZATION"
FC-I0257,A02_UPPER_ARM_LINK_REAR,A02,X/Y/Z printed envelope,41.386 x 28.000 x 145.994 mm,caliper/tape method and uncertainty SELECTION REQUIRED,"SELECTION REQUIRED - fit-check development result, not production tolerance",NONE,NOT EXECUTED,NONE,"PRELIMINARY - 1:1 NONSTRUCTURAL FIT ARTICLES ONLY - NOT APPROVED FOR LOAD BEARING, STANDING, WALKING, POWERED TESTING, MOTION, OR ENERGIZATION"
FC-I0258,A02_UPPER_ARM_LINK_REAR,A02,mating/interface fit,native STEP geometry,controlled mating hardware or gauge SELECTION REQUIRED,"SELECTION REQUIRED - fit-check development result, not production tolerance",NONE,NOT EXECUTED,NONE,"PRELIMINARY - 1:1 NONSTRUCTURAL FIT ARTICLES ONLY - NOT APPROVED FOR LOAD BEARING, STANDING, WALKING, POWERED TESTING, MOTION, OR ENERGIZATION"
FC-I0259,A02_UPPER_ARM_LINK_REAR,A02,holes/slots/inserts,native STEP geometry,go/no-go pins or received hardware SELECTION REQUIRED,"SELECTION REQUIRED - fit-check development result, not production tolerance",NONE,NOT EXECUTED,NONE,"PRELIMINARY - 1:1 NONSTRUCTURAL FIT ARTICLES ONLY - NOT APPROVED FOR LOAD BEARING, STANDING, WALKING, POWERED TESTING, MOTION, OR ENERGIZATION"
FC-I0260,A02_UPPER_ARM_LINK_REAR,A02,surface/warp/support damage,native STEP geometry,visual plus flatness method SELECTION REQUIRED,"SELECTION REQUIRED - fit-check development result, not production tolerance",NONE,NOT EXECUTED,NONE,"PRELIMINARY - 1:1 NONSTRUCTURAL FIT ARTICLES ONLY - NOT APPROVED FOR LOAD BEARING, STANDING, WALKING, POWERED TESTING, MOTION, OR ENERGIZATION"
FC-I0261,A02_FOREARM_LINK_REAR,A02,X/Y/Z printed envelope,8.498 x 26.000 x 145.034 mm,caliper/tape method and uncertainty SELECTION REQUIRED,"SELECTION REQUIRED - fit-check development result, not production tolerance",NONE,NOT EXECUTED,NONE,"PRELIMINARY - 1:1 NONSTRUCTURAL FIT ARTICLES ONLY - NOT APPROVED FOR LOAD BEARING, STANDING, WALKING, POWERED TESTING, MOTION, OR ENERGIZATION"
FC-I0262,A02_FOREARM_LINK_REAR,A02,mating/interface fit,native STEP geometry,controlled mating hardware or gauge SELECTION REQUIRED,"SELECTION REQUIRED - fit-check development result, not production tolerance",NONE,NOT EXECUTED,NONE,"PRELIMINARY - 1:1 NONSTRUCTURAL FIT ARTICLES ONLY - NOT APPROVED FOR LOAD BEARING, STANDING, WALKING, POWERED TESTING, MOTION, OR ENERGIZATION"
FC-I0263,A02_FOREARM_LINK_REAR,A02,holes/slots/inserts,native STEP geometry,go/no-go pins or received hardware SELECTION REQUIRED,"SELECTION REQUIRED - fit-check development result, not production tolerance",NONE,NOT EXECUTED,NONE,"PRELIMINARY - 1:1 NONSTRUCTURAL FIT ARTICLES ONLY - NOT APPROVED FOR LOAD BEARING, STANDING, WALKING, POWERED TESTING, MOTION, OR ENERGIZATION"
FC-I0264,A02_FOREARM_LINK_REAR,A02,surface/warp/support damage,native STEP geometry,visual plus flatness method SELECTION REQUIRED,"SELECTION REQUIRED - fit-check development result, not production tolerance",NONE,NOT EXECUTED,NONE,"PRELIMINARY - 1:1 NONSTRUCTURAL FIT ARTICLES ONLY - NOT APPROVED FOR LOAD BEARING, STANDING, WALKING, POWERED TESTING, MOTION, OR ENERGIZATION"
FC-I0265,L02_SHIN_FRONT_COVER,L02,X/Y/Z printed envelope,60.001 x 0.801 x 132.001 mm,caliper/tape method and uncertainty SELECTION REQUIRED,"SELECTION REQUIRED - fit-check development result, not production tolerance",NONE,NOT EXECUTED,NONE,"PRELIMINARY - 1:1 NONSTRUCTURAL FIT ARTICLES ONLY - NOT APPROVED FOR LOAD BEARING, STANDING, WALKING, POWERED TESTING, MOTION, OR ENERGIZATION"
FC-I0266,L02_SHIN_FRONT_COVER,L02,mating/interface fit,native STEP geometry,controlled mating hardware or gauge SELECTION REQUIRED,"SELECTION REQUIRED - fit-check development result, not production tolerance",NONE,NOT EXECUTED,NONE,"PRELIMINARY - 1:1 NONSTRUCTURAL FIT ARTICLES ONLY - NOT APPROVED FOR LOAD BEARING, STANDING, WALKING, POWERED TESTING, MOTION, OR ENERGIZATION"
FC-I0267,L02_SHIN_FRONT_COVER,L02,holes/slots/inserts,native STEP geometry,go/no-go pins or received hardware SELECTION REQUIRED,"SELECTION REQUIRED - fit-check development result, not production tolerance",NONE,NOT EXECUTED,NONE,"PRELIMINARY - 1:1 NONSTRUCTURAL FIT ARTICLES ONLY - NOT APPROVED FOR LOAD BEARING, STANDING, WALKING, POWERED TESTING, MOTION, OR ENERGIZATION"
FC-I0268,L02_SHIN_FRONT_COVER,L02,surface/warp/support damage,native STEP geometry,visual plus flatness method SELECTION REQUIRED,"SELECTION REQUIRED - fit-check development result, not production tolerance",NONE,NOT EXECUTED,NONE,"PRELIMINARY - 1:1 NONSTRUCTURAL FIT ARTICLES ONLY - NOT APPROVED FOR LOAD BEARING, STANDING, WALKING, POWERED TESTING, MOTION, OR ENERGIZATION"
FC-I0269,L02_SHIN_REAR_COVER,L02,X/Y/Z printed envelope,60.001 x 0.801 x 132.001 mm,caliper/tape method and uncertainty SELECTION REQUIRED,"SELECTION REQUIRED - fit-check development result, not production tolerance",NONE,NOT EXECUTED,NONE,"PRELIMINARY - 1:1 NONSTRUCTURAL FIT ARTICLES ONLY - NOT APPROVED FOR LOAD BEARING, STANDING, WALKING, POWERED TESTING, MOTION, OR ENERGIZATION"
FC-I0270,L02_SHIN_REAR_COVER,L02,mating/interface fit,native STEP geometry,controlled mating hardware or gauge SELECTION REQUIRED,"SELECTION REQUIRED - fit-check development result, not production tolerance",NONE,NOT EXECUTED,NONE,"PRELIMINARY - 1:1 NONSTRUCTURAL FIT ARTICLES ONLY - NOT APPROVED FOR LOAD BEARING, STANDING, WALKING, POWERED TESTING, MOTION, OR ENERGIZATION"
FC-I0271,L02_SHIN_REAR_COVER,L02,holes/slots/inserts,native STEP geometry,go/no-go pins or received hardware SELECTION REQUIRED,"SELECTION REQUIRED - fit-check development result, not production tolerance",NONE,NOT EXECUTED,NONE,"PRELIMINARY - 1:1 NONSTRUCTURAL FIT ARTICLES ONLY - NOT APPROVED FOR LOAD BEARING, STANDING, WALKING, POWERED TESTING, MOTION, OR ENERGIZATION"
FC-I0272,L02_SHIN_REAR_COVER,L02,surface/warp/support damage,native STEP geometry,visual plus flatness method SELECTION REQUIRED,"SELECTION REQUIRED - fit-check development result, not production tolerance",NONE,NOT EXECUTED,NONE,"PRELIMINARY - 1:1 NONSTRUCTURAL FIT ARTICLES ONLY - NOT APPROVED FOR LOAD BEARING, STANDING, WALKING, POWERED TESTING, MOTION, OR ENERGIZATION"
FC-I0273,L02_THIGH_FRONT_COVER,L02,X/Y/Z printed envelope,66.001 x 0.801 x 138.001 mm,caliper/tape method and uncertainty SELECTION REQUIRED,"SELECTION REQUIRED - fit-check development result, not production tolerance",NONE,NOT EXECUTED,NONE,"PRELIMINARY - 1:1 NONSTRUCTURAL FIT ARTICLES ONLY - NOT APPROVED FOR LOAD BEARING, STANDING, WALKING, POWERED TESTING, MOTION, OR ENERGIZATION"
FC-I0274,L02_THIGH_FRONT_COVER,L02,mating/interface fit,native STEP geometry,controlled mating hardware or gauge SELECTION REQUIRED,"SELECTION REQUIRED - fit-check development result, not production tolerance",NONE,NOT EXECUTED,NONE,"PRELIMINARY - 1:1 NONSTRUCTURAL FIT ARTICLES ONLY - NOT APPROVED FOR LOAD BEARING, STANDING, WALKING, POWERED TESTING, MOTION, OR ENERGIZATION"
FC-I0275,L02_THIGH_FRONT_COVER,L02,holes/slots/inserts,native STEP geometry,go/no-go pins or received hardware SELECTION REQUIRED,"SELECTION REQUIRED - fit-check development result, not production tolerance",NONE,NOT EXECUTED,NONE,"PRELIMINARY - 1:1 NONSTRUCTURAL FIT ARTICLES ONLY - NOT APPROVED FOR LOAD BEARING, STANDING, WALKING, POWERED TESTING, MOTION, OR ENERGIZATION"
FC-I0276,L02_THIGH_FRONT_COVER,L02,surface/warp/support damage,native STEP geometry,visual plus flatness method SELECTION REQUIRED,"SELECTION REQUIRED - fit-check development result, not production tolerance",NONE,NOT EXECUTED,NONE,"PRELIMINARY - 1:1 NONSTRUCTURAL FIT ARTICLES ONLY - NOT APPROVED FOR LOAD BEARING, STANDING, WALKING, POWERED TESTING, MOTION, OR ENERGIZATION"
FC-I0277,L02_THIGH_REAR_COVER,L02,X/Y/Z printed envelope,66.001 x 0.801 x 138.001 mm,caliper/tape method and uncertainty SELECTION REQUIRED,"SELECTION REQUIRED - fit-check development result, not production tolerance",NONE,NOT EXECUTED,NONE,"PRELIMINARY - 1:1 NONSTRUCTURAL FIT ARTICLES ONLY - NOT APPROVED FOR LOAD BEARING, STANDING, WALKING, POWERED TESTING, MOTION, OR ENERGIZATION"
FC-I0278,L02_THIGH_REAR_COVER,L02,mating/interface fit,native STEP geometry,controlled mating hardware or gauge SELECTION REQUIRED,"SELECTION REQUIRED - fit-check development result, not production tolerance",NONE,NOT EXECUTED,NONE,"PRELIMINARY - 1:1 NONSTRUCTURAL FIT ARTICLES ONLY - NOT APPROVED FOR LOAD BEARING, STANDING, WALKING, POWERED TESTING, MOTION, OR ENERGIZATION"
FC-I0279,L02_THIGH_REAR_COVER,L02,holes/slots/inserts,native STEP geometry,go/no-go pins or received hardware SELECTION REQUIRED,"SELECTION REQUIRED - fit-check development result, not production tolerance",NONE,NOT EXECUTED,NONE,"PRELIMINARY - 1:1 NONSTRUCTURAL FIT ARTICLES ONLY - NOT APPROVED FOR LOAD BEARING, STANDING, WALKING, POWERED TESTING, MOTION, OR ENERGIZATION"
FC-I0280,L02_THIGH_REAR_COVER,L02,surface/warp/support damage,native STEP geometry,visual plus flatness method SELECTION REQUIRED,"SELECTION REQUIRED - fit-check development result, not production tolerance",NONE,NOT EXECUTED,NONE,"PRELIMINARY - 1:1 NONSTRUCTURAL FIT ARTICLES ONLY - NOT APPROVED FOR LOAD BEARING, STANDING, WALKING, POWERED TESTING, MOTION, OR ENERGIZATION"
FC-I0281,F02_TOP_COVER,F02,X/Y/Z printed envelope,82.001 x 118.001 x 0.801 mm,caliper/tape method and uncertainty SELECTION REQUIRED,"SELECTION REQUIRED - fit-check development result, not production tolerance",NONE,NOT EXECUTED,NONE,"PRELIMINARY - 1:1 NONSTRUCTURAL FIT ARTICLES ONLY - NOT APPROVED FOR LOAD BEARING, STANDING, WALKING, POWERED TESTING, MOTION, OR ENERGIZATION"
FC-I0282,F02_TOP_COVER,F02,mating/interface fit,native STEP geometry,controlled mating hardware or gauge SELECTION REQUIRED,"SELECTION REQUIRED - fit-check development result, not production tolerance",NONE,NOT EXECUTED,NONE,"PRELIMINARY - 1:1 NONSTRUCTURAL FIT ARTICLES ONLY - NOT APPROVED FOR LOAD BEARING, STANDING, WALKING, POWERED TESTING, MOTION, OR ENERGIZATION"
FC-I0283,F02_TOP_COVER,F02,holes/slots/inserts,native STEP geometry,go/no-go pins or received hardware SELECTION REQUIRED,"SELECTION REQUIRED - fit-check development result, not production tolerance",NONE,NOT EXECUTED,NONE,"PRELIMINARY - 1:1 NONSTRUCTURAL FIT ARTICLES ONLY - NOT APPROVED FOR LOAD BEARING, STANDING, WALKING, POWERED TESTING, MOTION, OR ENERGIZATION"
FC-I0284,F02_TOP_COVER,F02,surface/warp/support damage,native STEP geometry,visual plus flatness method SELECTION REQUIRED,"SELECTION REQUIRED - fit-check development result, not production tolerance",NONE,NOT EXECUTED,NONE,"PRELIMINARY - 1:1 NONSTRUCTURAL FIT ARTICLES ONLY - NOT APPROVED FOR LOAD BEARING, STANDING, WALKING, POWERED TESTING, MOTION, OR ENERGIZATION"
FC-I0285,A02_UPPER_ARM_FRONT_COVER,A02,X/Y/Z printed envelope,38.774 x 46.000 x 145.310 mm,caliper/tape method and uncertainty SELECTION REQUIRED,"SELECTION REQUIRED - fit-check development result, not production tolerance",NONE,NOT EXECUTED,NONE,"PRELIMINARY - 1:1 NONSTRUCTURAL FIT ARTICLES ONLY - NOT APPROVED FOR LOAD BEARING, STANDING, WALKING, POWERED TESTING, MOTION, OR ENERGIZATION"
FC-I0286,A02_UPPER_ARM_FRONT_COVER,A02,mating/interface fit,native STEP geometry,controlled mating hardware or gauge SELECTION REQUIRED,"SELECTION REQUIRED - fit-check development result, not production tolerance",NONE,NOT EXECUTED,NONE,"PRELIMINARY - 1:1 NONSTRUCTURAL FIT ARTICLES ONLY - NOT APPROVED FOR LOAD BEARING, STANDING, WALKING, POWERED TESTING, MOTION, OR ENERGIZATION"
FC-I0287,A02_UPPER_ARM_FRONT_COVER,A02,holes/slots/inserts,native STEP geometry,go/no-go pins or received hardware SELECTION REQUIRED,"SELECTION REQUIRED - fit-check development result, not production tolerance",NONE,NOT EXECUTED,NONE,"PRELIMINARY - 1:1 NONSTRUCTURAL FIT ARTICLES ONLY - NOT APPROVED FOR LOAD BEARING, STANDING, WALKING, POWERED TESTING, MOTION, OR ENERGIZATION"
FC-I0288,A02_UPPER_ARM_FRONT_COVER,A02,surface/warp/support damage,native STEP geometry,visual plus flatness method SELECTION REQUIRED,"SELECTION REQUIRED - fit-check development result, not production tolerance",NONE,NOT EXECUTED,NONE,"PRELIMINARY - 1:1 NONSTRUCTURAL FIT ARTICLES ONLY - NOT APPROVED FOR LOAD BEARING, STANDING, WALKING, POWERED TESTING, MOTION, OR ENERGIZATION"
FC-I0289,A02_UPPER_ARM_REAR_COVER,A02,X/Y/Z printed envelope,38.774 x 46.000 x 145.310 mm,caliper/tape method and uncertainty SELECTION REQUIRED,"SELECTION REQUIRED - fit-check development result, not production tolerance",NONE,NOT EXECUTED,NONE,"PRELIMINARY - 1:1 NONSTRUCTURAL FIT ARTICLES ONLY - NOT APPROVED FOR LOAD BEARING, STANDING, WALKING, POWERED TESTING, MOTION, OR ENERGIZATION"
FC-I0290,A02_UPPER_ARM_REAR_COVER,A02,mating/interface fit,native STEP geometry,controlled mating hardware or gauge SELECTION REQUIRED,"SELECTION REQUIRED - fit-check development result, not production tolerance",NONE,NOT EXECUTED,NONE,"PRELIMINARY - 1:1 NONSTRUCTURAL FIT ARTICLES ONLY - NOT APPROVED FOR LOAD BEARING, STANDING, WALKING, POWERED TESTING, MOTION, OR ENERGIZATION"
FC-I0291,A02_UPPER_ARM_REAR_COVER,A02,holes/slots/inserts,native STEP geometry,go/no-go pins or received hardware SELECTION REQUIRED,"SELECTION REQUIRED - fit-check development result, not production tolerance",NONE,NOT EXECUTED,NONE,"PRELIMINARY - 1:1 NONSTRUCTURAL FIT ARTICLES ONLY - NOT APPROVED FOR LOAD BEARING, STANDING, WALKING, POWERED TESTING, MOTION, OR ENERGIZATION"
FC-I0292,A02_UPPER_ARM_REAR_COVER,A02,surface/warp/support damage,native STEP geometry,visual plus flatness method SELECTION REQUIRED,"SELECTION REQUIRED - fit-check development result, not production tolerance",NONE,NOT EXECUTED,NONE,"PRELIMINARY - 1:1 NONSTRUCTURAL FIT ARTICLES ONLY - NOT APPROVED FOR LOAD BEARING, STANDING, WALKING, POWERED TESTING, MOTION, OR ENERGIZATION"
FC-I0293,A02_FOREARM_FRONT_COVER,A02,X/Y/Z printed envelope,5.800 x 44.000 x 144.941 mm,caliper/tape method and uncertainty SELECTION REQUIRED,"SELECTION REQUIRED - fit-check development result, not production tolerance",NONE,NOT EXECUTED,NONE,"PRELIMINARY - 1:1 NONSTRUCTURAL FIT ARTICLES ONLY - NOT APPROVED FOR LOAD BEARING, STANDING, WALKING, POWERED TESTING, MOTION, OR ENERGIZATION"
FC-I0294,A02_FOREARM_FRONT_COVER,A02,mating/interface fit,native STEP geometry,controlled mating hardware or gauge SELECTION REQUIRED,"SELECTION REQUIRED - fit-check development result, not production tolerance",NONE,NOT EXECUTED,NONE,"PRELIMINARY - 1:1 NONSTRUCTURAL FIT ARTICLES ONLY - NOT APPROVED FOR LOAD BEARING, STANDING, WALKING, POWERED TESTING, MOTION, OR ENERGIZATION"
FC-I0295,A02_FOREARM_FRONT_COVER,A02,holes/slots/inserts,native STEP geometry,go/no-go pins or received hardware SELECTION REQUIRED,"SELECTION REQUIRED - fit-check development result, not production tolerance",NONE,NOT EXECUTED,NONE,"PRELIMINARY - 1:1 NONSTRUCTURAL FIT ARTICLES ONLY - NOT APPROVED FOR LOAD BEARING, STANDING, WALKING, POWERED TESTING, MOTION, OR ENERGIZATION"
FC-I0296,A02_FOREARM_FRONT_COVER,A02,surface/warp/support damage,native STEP geometry,visual plus flatness method SELECTION REQUIRED,"SELECTION REQUIRED - fit-check development result, not production tolerance",NONE,NOT EXECUTED,NONE,"PRELIMINARY - 1:1 NONSTRUCTURAL FIT ARTICLES ONLY - NOT APPROVED FOR LOAD BEARING, STANDING, WALKING, POWERED TESTING, MOTION, OR ENERGIZATION"
FC-I0297,A02_FOREARM_REAR_COVER,A02,X/Y/Z printed envelope,5.800 x 44.000 x 144.941 mm,caliper/tape method and uncertainty SELECTION REQUIRED,"SELECTION REQUIRED - fit-check development result, not production tolerance",NONE,NOT EXECUTED,NONE,"PRELIMINARY - 1:1 NONSTRUCTURAL FIT ARTICLES ONLY - NOT APPROVED FOR LOAD BEARING, STANDING, WALKING, POWERED TESTING, MOTION, OR ENERGIZATION"
FC-I0298,A02_FOREARM_REAR_COVER,A02,mating/interface fit,native STEP geometry,controlled mating hardware or gauge SELECTION REQUIRED,"SELECTION REQUIRED - fit-check development result, not production tolerance",NONE,NOT EXECUTED,NONE,"PRELIMINARY - 1:1 NONSTRUCTURAL FIT ARTICLES ONLY - NOT APPROVED FOR LOAD BEARING, STANDING, WALKING, POWERED TESTING, MOTION, OR ENERGIZATION"
FC-I0299,A02_FOREARM_REAR_COVER,A02,holes/slots/inserts,native STEP geometry,go/no-go pins or received hardware SELECTION REQUIRED,"SELECTION REQUIRED - fit-check development result, not production tolerance",NONE,NOT EXECUTED,NONE,"PRELIMINARY - 1:1 NONSTRUCTURAL FIT ARTICLES ONLY - NOT APPROVED FOR LOAD BEARING, STANDING, WALKING, POWERED TESTING, MOTION, OR ENERGIZATION"
FC-I0300,A02_FOREARM_REAR_COVER,A02,surface/warp/support damage,native STEP geometry,visual plus flatness method SELECTION REQUIRED,"SELECTION REQUIRED - fit-check development result, not production tolerance",NONE,NOT EXECUTED,NONE,"PRELIMINARY - 1:1 NONSTRUCTURAL FIT ARTICLES ONLY - NOT APPROVED FOR LOAD BEARING, STANDING, WALKING, POWERED TESTING, MOTION, OR ENERGIZATION"
FC-I0301,G02_PALM_FRONT_PLATE,G02,X/Y/Z printed envelope,50.000 x 3.000 x 36.000 mm,caliper/tape method and uncertainty SELECTION REQUIRED,"SELECTION REQUIRED - fit-check development result, not production tolerance",NONE,NOT EXECUTED,NONE,"PRELIMINARY - 1:1 NONSTRUCTURAL FIT ARTICLES ONLY - NOT APPROVED FOR LOAD BEARING, STANDING, WALKING, POWERED TESTING, MOTION, OR ENERGIZATION"
FC-I0302,G02_PALM_FRONT_PLATE,G02,mating/interface fit,native STEP geometry,controlled mating hardware or gauge SELECTION REQUIRED,"SELECTION REQUIRED - fit-check development result, not production tolerance",NONE,NOT EXECUTED,NONE,"PRELIMINARY - 1:1 NONSTRUCTURAL FIT ARTICLES ONLY - NOT APPROVED FOR LOAD BEARING, STANDING, WALKING, POWERED TESTING, MOTION, OR ENERGIZATION"
FC-I0303,G02_PALM_FRONT_PLATE,G02,holes/slots/inserts,native STEP geometry,go/no-go pins or received hardware SELECTION REQUIRED,"SELECTION REQUIRED - fit-check development result, not production tolerance",NONE,NOT EXECUTED,NONE,"PRELIMINARY - 1:1 NONSTRUCTURAL FIT ARTICLES ONLY - NOT APPROVED FOR LOAD BEARING, STANDING, WALKING, POWERED TESTING, MOTION, OR ENERGIZATION"
FC-I0304,G02_PALM_FRONT_PLATE,G02,surface/warp/support damage,native STEP geometry,visual plus flatness method SELECTION REQUIRED,"SELECTION REQUIRED - fit-check development result, not production tolerance",NONE,NOT EXECUTED,NONE,"PRELIMINARY - 1:1 NONSTRUCTURAL FIT ARTICLES ONLY - NOT APPROVED FOR LOAD BEARING, STANDING, WALKING, POWERED TESTING, MOTION, OR ENERGIZATION"
FC-I0305,G02_PALM_REAR_PLATE,G02,X/Y/Z printed envelope,50.000 x 3.000 x 36.000 mm,caliper/tape method and uncertainty SELECTION REQUIRED,"SELECTION REQUIRED - fit-check development result, not production tolerance",NONE,NOT EXECUTED,NONE,"PRELIMINARY - 1:1 NONSTRUCTURAL FIT ARTICLES ONLY - NOT APPROVED FOR LOAD BEARING, STANDING, WALKING, POWERED TESTING, MOTION, OR ENERGIZATION"
FC-I0306,G02_PALM_REAR_PLATE,G02,mating/interface fit,native STEP geometry,controlled mating hardware or gauge SELECTION REQUIRED,"SELECTION REQUIRED - fit-check development result, not production tolerance",NONE,NOT EXECUTED,NONE,"PRELIMINARY - 1:1 NONSTRUCTURAL FIT ARTICLES ONLY - NOT APPROVED FOR LOAD BEARING, STANDING, WALKING, POWERED TESTING, MOTION, OR ENERGIZATION"
FC-I0307,G02_PALM_REAR_PLATE,G02,holes/slots/inserts,native STEP geometry,go/no-go pins or received hardware SELECTION REQUIRED,"SELECTION REQUIRED - fit-check development result, not production tolerance",NONE,NOT EXECUTED,NONE,"PRELIMINARY - 1:1 NONSTRUCTURAL FIT ARTICLES ONLY - NOT APPROVED FOR LOAD BEARING, STANDING, WALKING, POWERED TESTING, MOTION, OR ENERGIZATION"
FC-I0308,G02_PALM_REAR_PLATE,G02,surface/warp/support damage,native STEP geometry,visual plus flatness method SELECTION REQUIRED,"SELECTION REQUIRED - fit-check development result, not production tolerance",NONE,NOT EXECUTED,NONE,"PRELIMINARY - 1:1 NONSTRUCTURAL FIT ARTICLES ONLY - NOT APPROVED FOR LOAD BEARING, STANDING, WALKING, POWERED TESTING, MOTION, OR ENERGIZATION"
FC-I0309,G02_PALM_TOP_BRIDGE,G02,X/Y/Z printed envelope,46.000 x 50.000 x 4.000 mm,caliper/tape method and uncertainty SELECTION REQUIRED,"SELECTION REQUIRED - fit-check development result, not production tolerance",NONE,NOT EXECUTED,NONE,"PRELIMINARY - 1:1 NONSTRUCTURAL FIT ARTICLES ONLY - NOT APPROVED FOR LOAD BEARING, STANDING, WALKING, POWERED TESTING, MOTION, OR ENERGIZATION"
FC-I0310,G02_PALM_TOP_BRIDGE,G02,mating/interface fit,native STEP geometry,controlled mating hardware or gauge SELECTION REQUIRED,"SELECTION REQUIRED - fit-check development result, not production tolerance",NONE,NOT EXECUTED,NONE,"PRELIMINARY - 1:1 NONSTRUCTURAL FIT ARTICLES ONLY - NOT APPROVED FOR LOAD BEARING, STANDING, WALKING, POWERED TESTING, MOTION, OR ENERGIZATION"
FC-I0311,G02_PALM_TOP_BRIDGE,G02,holes/slots/inserts,native STEP geometry,go/no-go pins or received hardware SELECTION REQUIRED,"SELECTION REQUIRED - fit-check development result, not production tolerance",NONE,NOT EXECUTED,NONE,"PRELIMINARY - 1:1 NONSTRUCTURAL FIT ARTICLES ONLY - NOT APPROVED FOR LOAD BEARING, STANDING, WALKING, POWERED TESTING, MOTION, OR ENERGIZATION"
FC-I0312,G02_PALM_TOP_BRIDGE,G02,surface/warp/support damage,native STEP geometry,visual plus flatness method SELECTION REQUIRED,"SELECTION REQUIRED - fit-check development result, not production tolerance",NONE,NOT EXECUTED,NONE,"PRELIMINARY - 1:1 NONSTRUCTURAL FIT ARTICLES ONLY - NOT APPROVED FOR LOAD BEARING, STANDING, WALKING, POWERED TESTING, MOTION, OR ENERGIZATION"
FC-I0313,G02_PALM_BOTTOM_BRIDGE,G02,X/Y/Z printed envelope,46.000 x 50.000 x 4.000 mm,caliper/tape method and uncertainty SELECTION REQUIRED,"SELECTION REQUIRED - fit-check development result, not production tolerance",NONE,NOT EXECUTED,NONE,"PRELIMINARY - 1:1 NONSTRUCTURAL FIT ARTICLES ONLY - NOT APPROVED FOR LOAD BEARING, STANDING, WALKING, POWERED TESTING, MOTION, OR ENERGIZATION"
FC-I0314,G02_PALM_BOTTOM_BRIDGE,G02,mating/interface fit,native STEP geometry,controlled mating hardware or gauge SELECTION REQUIRED,"SELECTION REQUIRED - fit-check development result, not production tolerance",NONE,NOT EXECUTED,NONE,"PRELIMINARY - 1:1 NONSTRUCTURAL FIT ARTICLES ONLY - NOT APPROVED FOR LOAD BEARING, STANDING, WALKING, POWERED TESTING, MOTION, OR ENERGIZATION"
FC-I0315,G02_PALM_BOTTOM_BRIDGE,G02,holes/slots/inserts,native STEP geometry,go/no-go pins or received hardware SELECTION REQUIRED,"SELECTION REQUIRED - fit-check development result, not production tolerance",NONE,NOT EXECUTED,NONE,"PRELIMINARY - 1:1 NONSTRUCTURAL FIT ARTICLES ONLY - NOT APPROVED FOR LOAD BEARING, STANDING, WALKING, POWERED TESTING, MOTION, OR ENERGIZATION"
FC-I0316,G02_PALM_BOTTOM_BRIDGE,G02,surface/warp/support damage,native STEP geometry,visual plus flatness method SELECTION REQUIRED,"SELECTION REQUIRED - fit-check development result, not production tolerance",NONE,NOT EXECUTED,NONE,"PRELIMINARY - 1:1 NONSTRUCTURAL FIT ARTICLES ONLY - NOT APPROVED FOR LOAD BEARING, STANDING, WALKING, POWERED TESTING, MOTION, OR ENERGIZATION"
FC-I0317,G02_WRIST_MOUNT_PLATE,G02,X/Y/Z printed envelope,38.000 x 36.000 x 3.000 mm,caliper/tape method and uncertainty SELECTION REQUIRED,"SELECTION REQUIRED - fit-check development result, not production tolerance",NONE,NOT EXECUTED,NONE,"PRELIMINARY - 1:1 NONSTRUCTURAL FIT ARTICLES ONLY - NOT APPROVED FOR LOAD BEARING, STANDING, WALKING, POWERED TESTING, MOTION, OR ENERGIZATION"
FC-I0318,G02_WRIST_MOUNT_PLATE,G02,mating/interface fit,native STEP geometry,controlled mating hardware or gauge SELECTION REQUIRED,"SELECTION REQUIRED - fit-check development result, not production tolerance",NONE,NOT EXECUTED,NONE,"PRELIMINARY - 1:1 NONSTRUCTURAL FIT ARTICLES ONLY - NOT APPROVED FOR LOAD BEARING, STANDING, WALKING, POWERED TESTING, MOTION, OR ENERGIZATION"
FC-I0319,G02_WRIST_MOUNT_PLATE,G02,holes/slots/inserts,native STEP geometry,go/no-go pins or received hardware SELECTION REQUIRED,"SELECTION REQUIRED - fit-check development result, not production tolerance",NONE,NOT EXECUTED,NONE,"PRELIMINARY - 1:1 NONSTRUCTURAL FIT ARTICLES ONLY - NOT APPROVED FOR LOAD BEARING, STANDING, WALKING, POWERED TESTING, MOTION, OR ENERGIZATION"
FC-I0320,G02_WRIST_MOUNT_PLATE,G02,surface/warp/support damage,native STEP geometry,visual plus flatness method SELECTION REQUIRED,"SELECTION REQUIRED - fit-check development result, not production tolerance",NONE,NOT EXECUTED,NONE,"PRELIMINARY - 1:1 NONSTRUCTURAL FIT ARTICLES ONLY - NOT APPROVED FOR LOAD BEARING, STANDING, WALKING, POWERED TESTING, MOTION, OR ENERGIZATION"
FC-I0321,G02_GUIDE_ROD_FRONT,G02,X/Y/Z printed envelope,64.000 x 4.000 x 4.000 mm,caliper/tape method and uncertainty SELECTION REQUIRED,"SELECTION REQUIRED - fit-check development result, not production tolerance",NONE,NOT EXECUTED,NONE,"PRELIMINARY - 1:1 NONSTRUCTURAL FIT ARTICLES ONLY - NOT APPROVED FOR LOAD BEARING, STANDING, WALKING, POWERED TESTING, MOTION, OR ENERGIZATION"
FC-I0322,G02_GUIDE_ROD_FRONT,G02,mating/interface fit,native STEP geometry,controlled mating hardware or gauge SELECTION REQUIRED,"SELECTION REQUIRED - fit-check development result, not production tolerance",NONE,NOT EXECUTED,NONE,"PRELIMINARY - 1:1 NONSTRUCTURAL FIT ARTICLES ONLY - NOT APPROVED FOR LOAD BEARING, STANDING, WALKING, POWERED TESTING, MOTION, OR ENERGIZATION"
FC-I0323,G02_GUIDE_ROD_FRONT,G02,holes/slots/inserts,native STEP geometry,go/no-go pins or received hardware SELECTION REQUIRED,"SELECTION REQUIRED - fit-check development result, not production tolerance",NONE,NOT EXECUTED,NONE,"PRELIMINARY - 1:1 NONSTRUCTURAL FIT ARTICLES ONLY - NOT APPROVED FOR LOAD BEARING, STANDING, WALKING, POWERED TESTING, MOTION, OR ENERGIZATION"
FC-I0324,G02_GUIDE_ROD_FRONT,G02,surface/warp/support damage,native STEP geometry,visual plus flatness method SELECTION REQUIRED,"SELECTION REQUIRED - fit-check development result, not production tolerance",NONE,NOT EXECUTED,NONE,"PRELIMINARY - 1:1 NONSTRUCTURAL FIT ARTICLES ONLY - NOT APPROVED FOR LOAD BEARING, STANDING, WALKING, POWERED TESTING, MOTION, OR ENERGIZATION"
FC-I0325,G02_GUIDE_ROD_REAR,G02,X/Y/Z printed envelope,64.000 x 4.000 x 4.000 mm,caliper/tape method and uncertainty SELECTION REQUIRED,"SELECTION REQUIRED - fit-check development result, not production tolerance",NONE,NOT EXECUTED,NONE,"PRELIMINARY - 1:1 NONSTRUCTURAL FIT ARTICLES ONLY - NOT APPROVED FOR LOAD BEARING, STANDING, WALKING, POWERED TESTING, MOTION, OR ENERGIZATION"
FC-I0326,G02_GUIDE_ROD_REAR,G02,mating/interface fit,native STEP geometry,controlled mating hardware or gauge SELECTION REQUIRED,"SELECTION REQUIRED - fit-check development result, not production tolerance",NONE,NOT EXECUTED,NONE,"PRELIMINARY - 1:1 NONSTRUCTURAL FIT ARTICLES ONLY - NOT APPROVED FOR LOAD BEARING, STANDING, WALKING, POWERED TESTING, MOTION, OR ENERGIZATION"
FC-I0327,G02_GUIDE_ROD_REAR,G02,holes/slots/inserts,native STEP geometry,go/no-go pins or received hardware SELECTION REQUIRED,"SELECTION REQUIRED - fit-check development result, not production tolerance",NONE,NOT EXECUTED,NONE,"PRELIMINARY - 1:1 NONSTRUCTURAL FIT ARTICLES ONLY - NOT APPROVED FOR LOAD BEARING, STANDING, WALKING, POWERED TESTING, MOTION, OR ENERGIZATION"
FC-I0328,G02_GUIDE_ROD_REAR,G02,surface/warp/support damage,native STEP geometry,visual plus flatness method SELECTION REQUIRED,"SELECTION REQUIRED - fit-check development result, not production tolerance",NONE,NOT EXECUTED,NONE,"PRELIMINARY - 1:1 NONSTRUCTURAL FIT ARTICLES ONLY - NOT APPROVED FOR LOAD BEARING, STANDING, WALKING, POWERED TESTING, MOTION, OR ENERGIZATION"
FC-I0329,G02_PINION,G02,X/Y/Z printed envelope,10.996 x 6.000 x 10.996 mm,caliper/tape method and uncertainty SELECTION REQUIRED,"SELECTION REQUIRED - fit-check development result, not production tolerance",NONE,NOT EXECUTED,NONE,"PRELIMINARY - 1:1 NONSTRUCTURAL FIT ARTICLES ONLY - NOT APPROVED FOR LOAD BEARING, STANDING, WALKING, POWERED TESTING, MOTION, OR ENERGIZATION"
FC-I0330,G02_PINION,G02,mating/interface fit,native STEP geometry,controlled mating hardware or gauge SELECTION REQUIRED,"SELECTION REQUIRED - fit-check development result, not production tolerance",NONE,NOT EXECUTED,NONE,"PRELIMINARY - 1:1 NONSTRUCTURAL FIT ARTICLES ONLY - NOT APPROVED FOR LOAD BEARING, STANDING, WALKING, POWERED TESTING, MOTION, OR ENERGIZATION"
FC-I0331,G02_PINION,G02,holes/slots/inserts,native STEP geometry,go/no-go pins or received hardware SELECTION REQUIRED,"SELECTION REQUIRED - fit-check development result, not production tolerance",NONE,NOT EXECUTED,NONE,"PRELIMINARY - 1:1 NONSTRUCTURAL FIT ARTICLES ONLY - NOT APPROVED FOR LOAD BEARING, STANDING, WALKING, POWERED TESTING, MOTION, OR ENERGIZATION"
FC-I0332,G02_PINION,G02,surface/warp/support damage,native STEP geometry,visual plus flatness method SELECTION REQUIRED,"SELECTION REQUIRED - fit-check development result, not production tolerance",NONE,NOT EXECUTED,NONE,"PRELIMINARY - 1:1 NONSTRUCTURAL FIT ARTICLES ONLY - NOT APPROVED FOR LOAD BEARING, STANDING, WALKING, POWERED TESTING, MOTION, OR ENERGIZATION"
FC-I0333,G02_RACK_POSITIVE,G02,X/Y/Z printed envelope,32.952 x 6.000 x 3.250 mm,caliper/tape method and uncertainty SELECTION REQUIRED,"SELECTION REQUIRED - fit-check development result, not production tolerance",NONE,NOT EXECUTED,NONE,"PRELIMINARY - 1:1 NONSTRUCTURAL FIT ARTICLES ONLY - NOT APPROVED FOR LOAD BEARING, STANDING, WALKING, POWERED TESTING, MOTION, OR ENERGIZATION"
FC-I0334,G02_RACK_POSITIVE,G02,mating/interface fit,native STEP geometry,controlled mating hardware or gauge SELECTION REQUIRED,"SELECTION REQUIRED - fit-check development result, not production tolerance",NONE,NOT EXECUTED,NONE,"PRELIMINARY - 1:1 NONSTRUCTURAL FIT ARTICLES ONLY - NOT APPROVED FOR LOAD BEARING, STANDING, WALKING, POWERED TESTING, MOTION, OR ENERGIZATION"
FC-I0335,G02_RACK_POSITIVE,G02,holes/slots/inserts,native STEP geometry,go/no-go pins or received hardware SELECTION REQUIRED,"SELECTION REQUIRED - fit-check development result, not production tolerance",NONE,NOT EXECUTED,NONE,"PRELIMINARY - 1:1 NONSTRUCTURAL FIT ARTICLES ONLY - NOT APPROVED FOR LOAD BEARING, STANDING, WALKING, POWERED TESTING, MOTION, OR ENERGIZATION"
FC-I0336,G02_RACK_POSITIVE,G02,surface/warp/support damage,native STEP geometry,visual plus flatness method SELECTION REQUIRED,"SELECTION REQUIRED - fit-check development result, not production tolerance",NONE,NOT EXECUTED,NONE,"PRELIMINARY - 1:1 NONSTRUCTURAL FIT ARTICLES ONLY - NOT APPROVED FOR LOAD BEARING, STANDING, WALKING, POWERED TESTING, MOTION, OR ENERGIZATION"
FC-I0337,G02_RACK_NEGATIVE,G02,X/Y/Z printed envelope,32.952 x 6.000 x 3.250 mm,caliper/tape method and uncertainty SELECTION REQUIRED,"SELECTION REQUIRED - fit-check development result, not production tolerance",NONE,NOT EXECUTED,NONE,"PRELIMINARY - 1:1 NONSTRUCTURAL FIT ARTICLES ONLY - NOT APPROVED FOR LOAD BEARING, STANDING, WALKING, POWERED TESTING, MOTION, OR ENERGIZATION"
FC-I0338,G02_RACK_NEGATIVE,G02,mating/interface fit,native STEP geometry,controlled mating hardware or gauge SELECTION REQUIRED,"SELECTION REQUIRED - fit-check development result, not production tolerance",NONE,NOT EXECUTED,NONE,"PRELIMINARY - 1:1 NONSTRUCTURAL FIT ARTICLES ONLY - NOT APPROVED FOR LOAD BEARING, STANDING, WALKING, POWERED TESTING, MOTION, OR ENERGIZATION"
FC-I0339,G02_RACK_NEGATIVE,G02,holes/slots/inserts,native STEP geometry,go/no-go pins or received hardware SELECTION REQUIRED,"SELECTION REQUIRED - fit-check development result, not production tolerance",NONE,NOT EXECUTED,NONE,"PRELIMINARY - 1:1 NONSTRUCTURAL FIT ARTICLES ONLY - NOT APPROVED FOR LOAD BEARING, STANDING, WALKING, POWERED TESTING, MOTION, OR ENERGIZATION"
FC-I0340,G02_RACK_NEGATIVE,G02,surface/warp/support damage,native STEP geometry,visual plus flatness method SELECTION REQUIRED,"SELECTION REQUIRED - fit-check development result, not production tolerance",NONE,NOT EXECUTED,NONE,"PRELIMINARY - 1:1 NONSTRUCTURAL FIT ARTICLES ONLY - NOT APPROVED FOR LOAD BEARING, STANDING, WALKING, POWERED TESTING, MOTION, OR ENERGIZATION"
FC-I0341,G02_FINGER_POSITIVE,G02,X/Y/Z printed envelope,14.000 x 36.000 x 52.000 mm,caliper/tape method and uncertainty SELECTION REQUIRED,"SELECTION REQUIRED - fit-check development result, not production tolerance",NONE,NOT EXECUTED,NONE,"PRELIMINARY - 1:1 NONSTRUCTURAL FIT ARTICLES ONLY - NOT APPROVED FOR LOAD BEARING, STANDING, WALKING, POWERED TESTING, MOTION, OR ENERGIZATION"
FC-I0342,G02_FINGER_POSITIVE,G02,mating/interface fit,native STEP geometry,controlled mating hardware or gauge SELECTION REQUIRED,"SELECTION REQUIRED - fit-check development result, not production tolerance",NONE,NOT EXECUTED,NONE,"PRELIMINARY - 1:1 NONSTRUCTURAL FIT ARTICLES ONLY - NOT APPROVED FOR LOAD BEARING, STANDING, WALKING, POWERED TESTING, MOTION, OR ENERGIZATION"
FC-I0343,G02_FINGER_POSITIVE,G02,holes/slots/inserts,native STEP geometry,go/no-go pins or received hardware SELECTION REQUIRED,"SELECTION REQUIRED - fit-check development result, not production tolerance",NONE,NOT EXECUTED,NONE,"PRELIMINARY - 1:1 NONSTRUCTURAL FIT ARTICLES ONLY - NOT APPROVED FOR LOAD BEARING, STANDING, WALKING, POWERED TESTING, MOTION, OR ENERGIZATION"
FC-I0344,G02_FINGER_POSITIVE,G02,surface/warp/support damage,native STEP geometry,visual plus flatness method SELECTION REQUIRED,"SELECTION REQUIRED - fit-check development result, not production tolerance",NONE,NOT EXECUTED,NONE,"PRELIMINARY - 1:1 NONSTRUCTURAL FIT ARTICLES ONLY - NOT APPROVED FOR LOAD BEARING, STANDING, WALKING, POWERED TESTING, MOTION, OR ENERGIZATION"
FC-I0345,G02_FINGER_NEGATIVE,G02,X/Y/Z printed envelope,14.000 x 36.000 x 52.000 mm,caliper/tape method and uncertainty SELECTION REQUIRED,"SELECTION REQUIRED - fit-check development result, not production tolerance",NONE,NOT EXECUTED,NONE,"PRELIMINARY - 1:1 NONSTRUCTURAL FIT ARTICLES ONLY - NOT APPROVED FOR LOAD BEARING, STANDING, WALKING, POWERED TESTING, MOTION, OR ENERGIZATION"
FC-I0346,G02_FINGER_NEGATIVE,G02,mating/interface fit,native STEP geometry,controlled mating hardware or gauge SELECTION REQUIRED,"SELECTION REQUIRED - fit-check development result, not production tolerance",NONE,NOT EXECUTED,NONE,"PRELIMINARY - 1:1 NONSTRUCTURAL FIT ARTICLES ONLY - NOT APPROVED FOR LOAD BEARING, STANDING, WALKING, POWERED TESTING, MOTION, OR ENERGIZATION"
FC-I0347,G02_FINGER_NEGATIVE,G02,holes/slots/inserts,native STEP geometry,go/no-go pins or received hardware SELECTION REQUIRED,"SELECTION REQUIRED - fit-check development result, not production tolerance",NONE,NOT EXECUTED,NONE,"PRELIMINARY - 1:1 NONSTRUCTURAL FIT ARTICLES ONLY - NOT APPROVED FOR LOAD BEARING, STANDING, WALKING, POWERED TESTING, MOTION, OR ENERGIZATION"
FC-I0348,G02_FINGER_NEGATIVE,G02,surface/warp/support damage,native STEP geometry,visual plus flatness method SELECTION REQUIRED,"SELECTION REQUIRED - fit-check development result, not production tolerance",NONE,NOT EXECUTED,NONE,"PRELIMINARY - 1:1 NONSTRUCTURAL FIT ARTICLES ONLY - NOT APPROVED FOR LOAD BEARING, STANDING, WALKING, POWERED TESTING, MOTION, OR ENERGIZATION"
FC-I0349,G02_PAD_POSITIVE,G02,X/Y/Z printed envelope,3.000 x 30.000 x 30.000 mm,caliper/tape method and uncertainty SELECTION REQUIRED,"SELECTION REQUIRED - fit-check development result, not production tolerance",NONE,NOT EXECUTED,NONE,"PRELIMINARY - 1:1 NONSTRUCTURAL FIT ARTICLES ONLY - NOT APPROVED FOR LOAD BEARING, STANDING, WALKING, POWERED TESTING, MOTION, OR ENERGIZATION"
FC-I0350,G02_PAD_POSITIVE,G02,mating/interface fit,native STEP geometry,controlled mating hardware or gauge SELECTION REQUIRED,"SELECTION REQUIRED - fit-check development result, not production tolerance",NONE,NOT EXECUTED,NONE,"PRELIMINARY - 1:1 NONSTRUCTURAL FIT ARTICLES ONLY - NOT APPROVED FOR LOAD BEARING, STANDING, WALKING, POWERED TESTING, MOTION, OR ENERGIZATION"
FC-I0351,G02_PAD_POSITIVE,G02,holes/slots/inserts,native STEP geometry,go/no-go pins or received hardware SELECTION REQUIRED,"SELECTION REQUIRED - fit-check development result, not production tolerance",NONE,NOT EXECUTED,NONE,"PRELIMINARY - 1:1 NONSTRUCTURAL FIT ARTICLES ONLY - NOT APPROVED FOR LOAD BEARING, STANDING, WALKING, POWERED TESTING, MOTION, OR ENERGIZATION"
FC-I0352,G02_PAD_POSITIVE,G02,surface/warp/support damage,native STEP geometry,visual plus flatness method SELECTION REQUIRED,"SELECTION REQUIRED - fit-check development result, not production tolerance",NONE,NOT EXECUTED,NONE,"PRELIMINARY - 1:1 NONSTRUCTURAL FIT ARTICLES ONLY - NOT APPROVED FOR LOAD BEARING, STANDING, WALKING, POWERED TESTING, MOTION, OR ENERGIZATION"
FC-I0353,G02_PAD_NEGATIVE,G02,X/Y/Z printed envelope,3.000 x 30.000 x 30.000 mm,caliper/tape method and uncertainty SELECTION REQUIRED,"SELECTION REQUIRED - fit-check development result, not production tolerance",NONE,NOT EXECUTED,NONE,"PRELIMINARY - 1:1 NONSTRUCTURAL FIT ARTICLES ONLY - NOT APPROVED FOR LOAD BEARING, STANDING, WALKING, POWERED TESTING, MOTION, OR ENERGIZATION"
FC-I0354,G02_PAD_NEGATIVE,G02,mating/interface fit,native STEP geometry,controlled mating hardware or gauge SELECTION REQUIRED,"SELECTION REQUIRED - fit-check development result, not production tolerance",NONE,NOT EXECUTED,NONE,"PRELIMINARY - 1:1 NONSTRUCTURAL FIT ARTICLES ONLY - NOT APPROVED FOR LOAD BEARING, STANDING, WALKING, POWERED TESTING, MOTION, OR ENERGIZATION"
FC-I0355,G02_PAD_NEGATIVE,G02,holes/slots/inserts,native STEP geometry,go/no-go pins or received hardware SELECTION REQUIRED,"SELECTION REQUIRED - fit-check development result, not production tolerance",NONE,NOT EXECUTED,NONE,"PRELIMINARY - 1:1 NONSTRUCTURAL FIT ARTICLES ONLY - NOT APPROVED FOR LOAD BEARING, STANDING, WALKING, POWERED TESTING, MOTION, OR ENERGIZATION"
FC-I0356,G02_PAD_NEGATIVE,G02,surface/warp/support damage,native STEP geometry,visual plus flatness method SELECTION REQUIRED,"SELECTION REQUIRED - fit-check development result, not production tolerance",NONE,NOT EXECUTED,NONE,"PRELIMINARY - 1:1 NONSTRUCTURAL FIT ARTICLES ONLY - NOT APPROVED FOR LOAD BEARING, STANDING, WALKING, POWERED TESTING, MOTION, OR ENERGIZATION"
FC-I0357,G02_STOP_POSITIVE,G02,X/Y/Z printed envelope,4.000 x 24.000 x 9.000 mm,caliper/tape method and uncertainty SELECTION REQUIRED,"SELECTION REQUIRED - fit-check development result, not production tolerance",NONE,NOT EXECUTED,NONE,"PRELIMINARY - 1:1 NONSTRUCTURAL FIT ARTICLES ONLY - NOT APPROVED FOR LOAD BEARING, STANDING, WALKING, POWERED TESTING, MOTION, OR ENERGIZATION"
FC-I0358,G02_STOP_POSITIVE,G02,mating/interface fit,native STEP geometry,controlled mating hardware or gauge SELECTION REQUIRED,"SELECTION REQUIRED - fit-check development result, not production tolerance",NONE,NOT EXECUTED,NONE,"PRELIMINARY - 1:1 NONSTRUCTURAL FIT ARTICLES ONLY - NOT APPROVED FOR LOAD BEARING, STANDING, WALKING, POWERED TESTING, MOTION, OR ENERGIZATION"
FC-I0359,G02_STOP_POSITIVE,G02,holes/slots/inserts,native STEP geometry,go/no-go pins or received hardware SELECTION REQUIRED,"SELECTION REQUIRED - fit-check development result, not production tolerance",NONE,NOT EXECUTED,NONE,"PRELIMINARY - 1:1 NONSTRUCTURAL FIT ARTICLES ONLY - NOT APPROVED FOR LOAD BEARING, STANDING, WALKING, POWERED TESTING, MOTION, OR ENERGIZATION"
FC-I0360,G02_STOP_POSITIVE,G02,surface/warp/support damage,native STEP geometry,visual plus flatness method SELECTION REQUIRED,"SELECTION REQUIRED - fit-check development result, not production tolerance",NONE,NOT EXECUTED,NONE,"PRELIMINARY - 1:1 NONSTRUCTURAL FIT ARTICLES ONLY - NOT APPROVED FOR LOAD BEARING, STANDING, WALKING, POWERED TESTING, MOTION, OR ENERGIZATION"
FC-I0361,G02_STOP_NEGATIVE,G02,X/Y/Z printed envelope,4.000 x 24.000 x 9.000 mm,caliper/tape method and uncertainty SELECTION REQUIRED,"SELECTION REQUIRED - fit-check development result, not production tolerance",NONE,NOT EXECUTED,NONE,"PRELIMINARY - 1:1 NONSTRUCTURAL FIT ARTICLES ONLY - NOT APPROVED FOR LOAD BEARING, STANDING, WALKING, POWERED TESTING, MOTION, OR ENERGIZATION"
FC-I0362,G02_STOP_NEGATIVE,G02,mating/interface fit,native STEP geometry,controlled mating hardware or gauge SELECTION REQUIRED,"SELECTION REQUIRED - fit-check development result, not production tolerance",NONE,NOT EXECUTED,NONE,"PRELIMINARY - 1:1 NONSTRUCTURAL FIT ARTICLES ONLY - NOT APPROVED FOR LOAD BEARING, STANDING, WALKING, POWERED TESTING, MOTION, OR ENERGIZATION"
FC-I0363,G02_STOP_NEGATIVE,G02,holes/slots/inserts,native STEP geometry,go/no-go pins or received hardware SELECTION REQUIRED,"SELECTION REQUIRED - fit-check development result, not production tolerance",NONE,NOT EXECUTED,NONE,"PRELIMINARY - 1:1 NONSTRUCTURAL FIT ARTICLES ONLY - NOT APPROVED FOR LOAD BEARING, STANDING, WALKING, POWERED TESTING, MOTION, OR ENERGIZATION"
FC-I0364,G02_STOP_NEGATIVE,G02,surface/warp/support damage,native STEP geometry,visual plus flatness method SELECTION REQUIRED,"SELECTION REQUIRED - fit-check development result, not production tolerance",NONE,NOT EXECUTED,NONE,"PRELIMINARY - 1:1 NONSTRUCTURAL FIT ARTICLES ONLY - NOT APPROVED FOR LOAD BEARING, STANDING, WALKING, POWERED TESTING, MOTION, OR ENERGIZATION"
FC-I0365,G02_MANUAL_RELEASE_HUB,G02,X/Y/Z printed envelope,8.000 x 4.000 x 8.000 mm,caliper/tape method and uncertainty SELECTION REQUIRED,"SELECTION REQUIRED - fit-check development result, not production tolerance",NONE,NOT EXECUTED,NONE,"PRELIMINARY - 1:1 NONSTRUCTURAL FIT ARTICLES ONLY - NOT APPROVED FOR LOAD BEARING, STANDING, WALKING, POWERED TESTING, MOTION, OR ENERGIZATION"
FC-I0366,G02_MANUAL_RELEASE_HUB,G02,mating/interface fit,native STEP geometry,controlled mating hardware or gauge SELECTION REQUIRED,"SELECTION REQUIRED - fit-check development result, not production tolerance",NONE,NOT EXECUTED,NONE,"PRELIMINARY - 1:1 NONSTRUCTURAL FIT ARTICLES ONLY - NOT APPROVED FOR LOAD BEARING, STANDING, WALKING, POWERED TESTING, MOTION, OR ENERGIZATION"
FC-I0367,G02_MANUAL_RELEASE_HUB,G02,holes/slots/inserts,native STEP geometry,go/no-go pins or received hardware SELECTION REQUIRED,"SELECTION REQUIRED - fit-check development result, not production tolerance",NONE,NOT EXECUTED,NONE,"PRELIMINARY - 1:1 NONSTRUCTURAL FIT ARTICLES ONLY - NOT APPROVED FOR LOAD BEARING, STANDING, WALKING, POWERED TESTING, MOTION, OR ENERGIZATION"
FC-I0368,G02_MANUAL_RELEASE_HUB,G02,surface/warp/support damage,native STEP geometry,visual plus flatness method SELECTION REQUIRED,"SELECTION REQUIRED - fit-check development result, not production tolerance",NONE,NOT EXECUTED,NONE,"PRELIMINARY - 1:1 NONSTRUCTURAL FIT ARTICLES ONLY - NOT APPROVED FOR LOAD BEARING, STANDING, WALKING, POWERED TESTING, MOTION, OR ENERGIZATION"
FC-I0369,T01_TORSO_FRONT_COVER,T01,X/Y/Z printed envelope,209.000 x 66.500 x 164.000 mm,caliper/tape method and uncertainty SELECTION REQUIRED,"SELECTION REQUIRED - fit-check development result, not production tolerance",NONE,NOT EXECUTED,NONE,"PRELIMINARY - 1:1 NONSTRUCTURAL FIT ARTICLES ONLY - NOT APPROVED FOR LOAD BEARING, STANDING, WALKING, POWERED TESTING, MOTION, OR ENERGIZATION"
FC-I0370,T01_TORSO_FRONT_COVER,T01,mating/interface fit,native STEP geometry,controlled mating hardware or gauge SELECTION REQUIRED,"SELECTION REQUIRED - fit-check development result, not production tolerance",NONE,NOT EXECUTED,NONE,"PRELIMINARY - 1:1 NONSTRUCTURAL FIT ARTICLES ONLY - NOT APPROVED FOR LOAD BEARING, STANDING, WALKING, POWERED TESTING, MOTION, OR ENERGIZATION"
FC-I0371,T01_TORSO_FRONT_COVER,T01,holes/slots/inserts,native STEP geometry,go/no-go pins or received hardware SELECTION REQUIRED,"SELECTION REQUIRED - fit-check development result, not production tolerance",NONE,NOT EXECUTED,NONE,"PRELIMINARY - 1:1 NONSTRUCTURAL FIT ARTICLES ONLY - NOT APPROVED FOR LOAD BEARING, STANDING, WALKING, POWERED TESTING, MOTION, OR ENERGIZATION"
FC-I0372,T01_TORSO_FRONT_COVER,T01,surface/warp/support damage,native STEP geometry,visual plus flatness method SELECTION REQUIRED,"SELECTION REQUIRED - fit-check development result, not production tolerance",NONE,NOT EXECUTED,NONE,"PRELIMINARY - 1:1 NONSTRUCTURAL FIT ARTICLES ONLY - NOT APPROVED FOR LOAD BEARING, STANDING, WALKING, POWERED TESTING, MOTION, OR ENERGIZATION"
FC-I0373,T01_TORSO_REAR_COVER,T01,X/Y/Z printed envelope,209.000 x 66.500 x 164.000 mm,caliper/tape method and uncertainty SELECTION REQUIRED,"SELECTION REQUIRED - fit-check development result, not production tolerance",NONE,NOT EXECUTED,NONE,"PRELIMINARY - 1:1 NONSTRUCTURAL FIT ARTICLES ONLY - NOT APPROVED FOR LOAD BEARING, STANDING, WALKING, POWERED TESTING, MOTION, OR ENERGIZATION"
FC-I0374,T01_TORSO_REAR_COVER,T01,mating/interface fit,native STEP geometry,controlled mating hardware or gauge SELECTION REQUIRED,"SELECTION REQUIRED - fit-check development result, not production tolerance",NONE,NOT EXECUTED,NONE,"PRELIMINARY - 1:1 NONSTRUCTURAL FIT ARTICLES ONLY - NOT APPROVED FOR LOAD BEARING, STANDING, WALKING, POWERED TESTING, MOTION, OR ENERGIZATION"
FC-I0375,T01_TORSO_REAR_COVER,T01,holes/slots/inserts,native STEP geometry,go/no-go pins or received hardware SELECTION REQUIRED,"SELECTION REQUIRED - fit-check development result, not production tolerance",NONE,NOT EXECUTED,NONE,"PRELIMINARY - 1:1 NONSTRUCTURAL FIT ARTICLES ONLY - NOT APPROVED FOR LOAD BEARING, STANDING, WALKING, POWERED TESTING, MOTION, OR ENERGIZATION"
FC-I0376,T01_TORSO_REAR_COVER,T01,surface/warp/support damage,native STEP geometry,visual plus flatness method SELECTION REQUIRED,"SELECTION REQUIRED - fit-check development result, not production tolerance",NONE,NOT EXECUTED,NONE,"PRELIMINARY - 1:1 NONSTRUCTURAL FIT ARTICLES ONLY - NOT APPROVED FOR LOAD BEARING, STANDING, WALKING, POWERED TESTING, MOTION, OR ENERGIZATION"
FC-I0377,P01_PELVIS_FRONT_COVER,P01,X/Y/Z printed envelope,161.500 x 56.875 x 71.500 mm,caliper/tape method and uncertainty SELECTION REQUIRED,"SELECTION REQUIRED - fit-check development result, not production tolerance",NONE,NOT EXECUTED,NONE,"PRELIMINARY - 1:1 NONSTRUCTURAL FIT ARTICLES ONLY - NOT APPROVED FOR LOAD BEARING, STANDING, WALKING, POWERED TESTING, MOTION, OR ENERGIZATION"
FC-I0378,P01_PELVIS_FRONT_COVER,P01,mating/interface fit,native STEP geometry,controlled mating hardware or gauge SELECTION REQUIRED,"SELECTION REQUIRED - fit-check development result, not production tolerance",NONE,NOT EXECUTED,NONE,"PRELIMINARY - 1:1 NONSTRUCTURAL FIT ARTICLES ONLY - NOT APPROVED FOR LOAD BEARING, STANDING, WALKING, POWERED TESTING, MOTION, OR ENERGIZATION"
FC-I0379,P01_PELVIS_FRONT_COVER,P01,holes/slots/inserts,native STEP geometry,go/no-go pins or received hardware SELECTION REQUIRED,"SELECTION REQUIRED - fit-check development result, not production tolerance",NONE,NOT EXECUTED,NONE,"PRELIMINARY - 1:1 NONSTRUCTURAL FIT ARTICLES ONLY - NOT APPROVED FOR LOAD BEARING, STANDING, WALKING, POWERED TESTING, MOTION, OR ENERGIZATION"
FC-I0380,P01_PELVIS_FRONT_COVER,P01,surface/warp/support damage,native STEP geometry,visual plus flatness method SELECTION REQUIRED,"SELECTION REQUIRED - fit-check development result, not production tolerance",NONE,NOT EXECUTED,NONE,"PRELIMINARY - 1:1 NONSTRUCTURAL FIT ARTICLES ONLY - NOT APPROVED FOR LOAD BEARING, STANDING, WALKING, POWERED TESTING, MOTION, OR ENERGIZATION"
FC-I0381,P01_PELVIS_REAR_COVER,P01,X/Y/Z printed envelope,161.500 x 56.875 x 71.500 mm,caliper/tape method and uncertainty SELECTION REQUIRED,"SELECTION REQUIRED - fit-check development result, not production tolerance",NONE,NOT EXECUTED,NONE,"PRELIMINARY - 1:1 NONSTRUCTURAL FIT ARTICLES ONLY - NOT APPROVED FOR LOAD BEARING, STANDING, WALKING, POWERED TESTING, MOTION, OR ENERGIZATION"
FC-I0382,P01_PELVIS_REAR_COVER,P01,mating/interface fit,native STEP geometry,controlled mating hardware or gauge SELECTION REQUIRED,"SELECTION REQUIRED - fit-check development result, not production tolerance",NONE,NOT EXECUTED,NONE,"PRELIMINARY - 1:1 NONSTRUCTURAL FIT ARTICLES ONLY - NOT APPROVED FOR LOAD BEARING, STANDING, WALKING, POWERED TESTING, MOTION, OR ENERGIZATION"
FC-I0383,P01_PELVIS_REAR_COVER,P01,holes/slots/inserts,native STEP geometry,go/no-go pins or received hardware SELECTION REQUIRED,"SELECTION REQUIRED - fit-check development result, not production tolerance",NONE,NOT EXECUTED,NONE,"PRELIMINARY - 1:1 NONSTRUCTURAL FIT ARTICLES ONLY - NOT APPROVED FOR LOAD BEARING, STANDING, WALKING, POWERED TESTING, MOTION, OR ENERGIZATION"
FC-I0384,P01_PELVIS_REAR_COVER,P01,surface/warp/support damage,native STEP geometry,visual plus flatness method SELECTION REQUIRED,"SELECTION REQUIRED - fit-check development result, not production tolerance",NONE,NOT EXECUTED,NONE,"PRELIMINARY - 1:1 NONSTRUCTURAL FIT ARTICLES ONLY - NOT APPROVED FOR LOAD BEARING, STANDING, WALKING, POWERED TESTING, MOTION, OR ENERGIZATION"
FC-I0385,H01_HEAD_FRONT_BEZEL,H01,X/Y/Z printed envelope,150.052 x 55.033 x 97.480 mm,caliper/tape method and uncertainty SELECTION REQUIRED,"SELECTION REQUIRED - fit-check development result, not production tolerance",NONE,NOT EXECUTED,NONE,"PRELIMINARY - 1:1 NONSTRUCTURAL FIT ARTICLES ONLY - NOT APPROVED FOR LOAD BEARING, STANDING, WALKING, POWERED TESTING, MOTION, OR ENERGIZATION"
FC-I0386,H01_HEAD_FRONT_BEZEL,H01,mating/interface fit,native STEP geometry,controlled mating hardware or gauge SELECTION REQUIRED,"SELECTION REQUIRED - fit-check development result, not production tolerance",NONE,NOT EXECUTED,NONE,"PRELIMINARY - 1:1 NONSTRUCTURAL FIT ARTICLES ONLY - NOT APPROVED FOR LOAD BEARING, STANDING, WALKING, POWERED TESTING, MOTION, OR ENERGIZATION"
FC-I0387,H01_HEAD_FRONT_BEZEL,H01,holes/slots/inserts,native STEP geometry,go/no-go pins or received hardware SELECTION REQUIRED,"SELECTION REQUIRED - fit-check development result, not production tolerance",NONE,NOT EXECUTED,NONE,"PRELIMINARY - 1:1 NONSTRUCTURAL FIT ARTICLES ONLY - NOT APPROVED FOR LOAD BEARING, STANDING, WALKING, POWERED TESTING, MOTION, OR ENERGIZATION"
FC-I0388,H01_HEAD_FRONT_BEZEL,H01,surface/warp/support damage,native STEP geometry,visual plus flatness method SELECTION REQUIRED,"SELECTION REQUIRED - fit-check development result, not production tolerance",NONE,NOT EXECUTED,NONE,"PRELIMINARY - 1:1 NONSTRUCTURAL FIT ARTICLES ONLY - NOT APPROVED FOR LOAD BEARING, STANDING, WALKING, POWERED TESTING, MOTION, OR ENERGIZATION"
FC-I0389,H01_HEAD_REAR_COVER,H01,X/Y/Z printed envelope,150.074 x 55.044 x 97.514 mm,caliper/tape method and uncertainty SELECTION REQUIRED,"SELECTION REQUIRED - fit-check development result, not production tolerance",NONE,NOT EXECUTED,NONE,"PRELIMINARY - 1:1 NONSTRUCTURAL FIT ARTICLES ONLY - NOT APPROVED FOR LOAD BEARING, STANDING, WALKING, POWERED TESTING, MOTION, OR ENERGIZATION"
FC-I0390,H01_HEAD_REAR_COVER,H01,mating/interface fit,native STEP geometry,controlled mating hardware or gauge SELECTION REQUIRED,"SELECTION REQUIRED - fit-check development result, not production tolerance",NONE,NOT EXECUTED,NONE,"PRELIMINARY - 1:1 NONSTRUCTURAL FIT ARTICLES ONLY - NOT APPROVED FOR LOAD BEARING, STANDING, WALKING, POWERED TESTING, MOTION, OR ENERGIZATION"
FC-I0391,H01_HEAD_REAR_COVER,H01,holes/slots/inserts,native STEP geometry,go/no-go pins or received hardware SELECTION REQUIRED,"SELECTION REQUIRED - fit-check development result, not production tolerance",NONE,NOT EXECUTED,NONE,"PRELIMINARY - 1:1 NONSTRUCTURAL FIT ARTICLES ONLY - NOT APPROVED FOR LOAD BEARING, STANDING, WALKING, POWERED TESTING, MOTION, OR ENERGIZATION"
FC-I0392,H01_HEAD_REAR_COVER,H01,surface/warp/support damage,native STEP geometry,visual plus flatness method SELECTION REQUIRED,"SELECTION REQUIRED - fit-check development result, not production tolerance",NONE,NOT EXECUTED,NONE,"PRELIMINARY - 1:1 NONSTRUCTURAL FIT ARTICLES ONLY - NOT APPROVED FOR LOAD BEARING, STANDING, WALKING, POWERED TESTING, MOTION, OR ENERGIZATION"
